/**
 * generated by fontconvert.py
 * name: inter_12_regular
 * size: 12
 * mode: 1-bit
 * Command used: ../scripts/fontconvert.py inter_12_regular 12 source/Inter/Inter-Regular.ttf source/NotoSansHebrew/NotoSansHebrew-Regular.ttf source/NotoSansArabic/NotoSansArabic-Regular.ttf --additional-intervals 0x05D0,0x05EA --additional-intervals 0x060C,0x060C --additional-intervals 0x061B,0x061B --additional-intervals 0x061F,0x061F --additional-intervals 0x0621,0x0621 --additional-intervals 0x0640,0x0640 --additional-intervals 0x0660,0x0669 --additional-intervals 0x06BA,0x06BA --additional-intervals 0x06D4,0x06D4 --additional-intervals 0x06F0,0x06F9 --additional-intervals 0xFB56,0xFB59 --additional-intervals 0xFB66,0xFB69 --additional-intervals 0xFB7A,0xFB7D --additional-intervals 0xFB88,0xFB95 --additional-intervals 0xFB9E,0xFB9F --additional-intervals 0xFBA6,0xFBB1 --additional-intervals 0xFBFC,0xFBFF --additional-intervals 0xFE80,0xFEFC
 */
#pragma once
#include "EpdFontData.h"

static const uint8_t inter_12_regularBitmaps[40490] = {
    0x63, 0x9C, 0xE7, 0x39, 0xCE, 0x73, 0x9C, 0xE7, 0x38, 0x00, 0x77, 0x9C, 0x40, 0x67, 0xDF, 0xBF,
    0x7E, 0xFD, 0xFB, 0xF7, 0x06, 0x08, 0x06, 0x1C, 0x06, 0x1C, 0x0E, 0x18, 0x0E, 0x18, 0x3F, 0xFE,
    0x7F, 0xFF, 0x7F, 0xFE, 0x0C, 0x38, 0x1C, 0x30, 0x1C, 0x30, 0x1C, 0x70, 0xFF, 0xFE, 0xFF, 0xFC,
    0x18, 0x70, 0x38, 0x60, 0x38, 0x60, 0x38, 0xE0, 0x38, 0xE0, 0x03, 0x00, 0x0C, 0x00, 0x78, 0x07,
    0xF8, 0x3F, 0xF1, 0xED, 0xE7, 0x33, 0xB8, 0xC7, 0xF3, 0x01, 0xEC, 0x07, 0xF0, 0x0F, 0xF8, 0x07,
    0xF0, 0x0F, 0xE0, 0x33, 0xC0, 0xC7, 0xE3, 0x1F, 0xCC, 0xF7, 0xB7, 0x9F, 0xFE, 0x1F, 0xE0, 0x1E,
    0x00, 0x30, 0x00, 0xC0, 0x3C, 0x01, 0x87, 0xE0, 0x38, 0x7F, 0x07, 0x0E, 0x70, 0x70, 0xE3, 0x0E,
    0x0E, 0x71, 0xC0, 0xE7, 0x1C, 0x07, 0xE3, 0x80, 0x3E, 0x70, 0x00, 0x07, 0x00, 0x00, 0xE0, 0x00,
    0x1C, 0x7C, 0x01, 0xCF, 0xE0, 0x38, 0xE6, 0x07, 0x0C, 0x70, 0x60, 0xC7, 0x0E, 0x0C, 0x71, 0xC0,
    0xFE, 0x38, 0x07, 0xE0, 0x00, 0x38, 0x0F, 0x00, 0x3F, 0x80, 0xFF, 0x03, 0xC7, 0x07, 0x0E, 0x0E,
    0x1C, 0x0E, 0x70, 0x1F, 0xE0, 0x1F, 0x80, 0x3C, 0x00, 0xFC, 0x03, 0xFC, 0xEF, 0x3D, 0xDC, 0x3F,
    0xB8, 0x3E, 0x70, 0x3C, 0xF0, 0xF8, 0xFF, 0xF8, 0xFF, 0x78, 0x30, 0x00, 0x7F, 0xFF, 0xFF, 0x1C,
    0x73, 0x8E, 0x39, 0xC7, 0x1C, 0xE3, 0x8E, 0x38, 0xE3, 0x8E, 0x38, 0xE1, 0xC7, 0x1C, 0x38, 0xE1,
    0xC7, 0xC3, 0x8E, 0x1C, 0x70, 0xE3, 0x8E, 0x38, 0xE1, 0xC7, 0x1C, 0x71, 0xCE, 0x38, 0xE3, 0x9C,
    0x71, 0xCE, 0x38, 0x0C, 0x01, 0x81, 0x30, 0x76, 0xEF, 0xFC, 0x7E, 0x0F, 0xC7, 0xFE, 0xED, 0xC1,
    0x80, 0x30, 0x00, 0x00, 0x07, 0x00, 0x38, 0x01, 0xC0, 0x0E, 0x00, 0x70, 0x7F, 0xFB, 0xFF, 0xC0,
    0xE0, 0x07, 0x00, 0x38, 0x01, 0xC0, 0x0E, 0x00, 0x37, 0x77, 0xEE, 0xEC, 0xFF, 0xFF, 0xDF, 0xE0,
    0x03, 0xBC, 0xE2, 0x00, 0x00, 0x01, 0xC0, 0xC0, 0xE0, 0x70, 0x30, 0x38, 0x1C, 0x0E, 0x06, 0x07,
    0x03, 0x81, 0xC0, 0xC0, 0xE0, 0x70, 0x38, 0x38, 0x1C, 0x0E, 0x06, 0x07, 0x03, 0x80, 0x07, 0x80,
    0x7F, 0x83, 0xFF, 0x1E, 0x1C, 0x70, 0x39, 0xC0, 0xEE, 0x03, 0xB8, 0x06, 0xE0, 0x1F, 0x80, 0x7E,
    0x01, 0xF8, 0x07, 0xE0, 0x1B, 0x80, 0xE7, 0x03, 0x9C, 0x1E, 0x38, 0xF0, 0xFF, 0x81, 0xFC, 0x00,
    0xC0, 0x0E, 0x3D, 0xFF, 0xFE, 0xF9, 0xC3, 0x87, 0x0E, 0x1C, 0x38, 0x70, 0xE1, 0xC3, 0x87, 0x0E,
    0x1C, 0x38, 0x0F, 0x80, 0xFE, 0x0F, 0xF8, 0xE1, 0xE7, 0x07, 0x70, 0x19, 0x81, 0xC0, 0x0E, 0x00,
    0xF0, 0x07, 0x00, 0x70, 0x07, 0x80, 0x78, 0x07, 0x80, 0x78, 0x07, 0x80, 0x78, 0x07, 0xFF, 0xFF,
    0xFE, 0x07, 0x80, 0xFF, 0x0F, 0xFC, 0xF0, 0xE7, 0x07, 0xB0, 0x1C, 0x00, 0xE0, 0x0E, 0x07, 0xF0,
    0x3E, 0x01, 0xFC, 0x00, 0xF0, 0x03, 0x80, 0x1F, 0x80, 0xFE, 0x07, 0x78, 0x7B, 0xFF, 0x87, 0xF8,
    0x0E, 0x00, 0x00, 0x60, 0x03, 0xC0, 0x1F, 0x00, 0xFC, 0x03, 0xF0, 0x1D, 0xC0, 0xE7, 0x03, 0x9C,
    0x1C, 0x70, 0xE1, 0xC3, 0x87, 0x1C, 0x1C, 0xF0, 0x73, 0xFF, 0xFF, 0xFF, 0xDF, 0xFE, 0x00, 0x70,
    0x01, 0xC0, 0x07, 0x00, 0x3F, 0xE3, 0xFF, 0x9F, 0xFC, 0xE0, 0x07, 0x00, 0x38, 0x01, 0xC0, 0x0F,
    0xF8, 0xFF, 0xE7, 0xCF, 0x98, 0x1C, 0x00, 0xF0, 0x03, 0x80, 0x1F, 0x80, 0xFC, 0x0E, 0x78, 0xF3,
    0xFF, 0x0F, 0xF0, 0x0E, 0x00, 0x07, 0x80, 0xFF, 0x0F, 0xFC, 0x70, 0xF7, 0x03, 0xB8, 0x1F, 0x80,
    0x1D, 0xF8, 0xFF, 0xE7, 0xFF, 0xBC, 0x1F, 0xE0, 0x7E, 0x03, 0xF0, 0x1D, 0x80, 0xEE, 0x07, 0x78,
    0xF1, 0xFF, 0x87, 0xF8, 0x06, 0x00, 0xFF, 0xFF, 0xFF, 0xFF, 0xF0, 0x07, 0x00, 0xE0, 0x0E, 0x01,
    0xC0, 0x1C, 0x03, 0x80, 0x38, 0x07, 0x00, 0x70, 0x0E, 0x00, 0xE0, 0x1C, 0x01, 0xC0, 0x38, 0x03,
    0x80, 0x70, 0x00, 0x07, 0x80, 0xFF, 0x0F, 0xFC, 0xF0, 0xE7, 0x07, 0x38, 0x1D, 0xC1, 0xCE, 0x0E,
    0x3F, 0xE0, 0xFE, 0x0F, 0xFC, 0xE0, 0xEE, 0x03, 0xF0, 0x1F, 0x80, 0xFC, 0x07, 0x78, 0x7B, 0xFF,
    0x8F, 0xF8, 0x0E, 0x00, 0x0F, 0x01, 0xFE, 0x1F, 0xF8, 0xF1, 0xEF, 0x07, 0xF0, 0x1F, 0x80, 0xFC,
    0x07, 0xE0, 0x3B, 0x83, 0xDF, 0xFE, 0x7F, 0xF0, 0xFB, 0x80, 0x1F, 0x80, 0xFE, 0x0E, 0x78, 0xF3,
    0xFF, 0x07, 0xF0, 0x0C, 0x00, 0x03, 0xBC, 0xE2, 0x00, 0x00, 0x00, 0x00, 0xEF, 0x38, 0x80, 0x03,
    0x9E, 0xE2, 0x00, 0x00, 0x00, 0x00, 0x67, 0x39, 0xDC, 0xE7, 0x30, 0x00, 0x30, 0x0F, 0x03, 0xF0,
    0xFE, 0x3F, 0x87, 0xC0, 0xF0, 0x0F, 0x80, 0x7E, 0x01, 0xF8, 0x07, 0xE0, 0x1F, 0x00, 0x70, 0x01,
    0xFF, 0xFF, 0xFF, 0x7F, 0xF0, 0x00, 0x00, 0x0F, 0xFF, 0xFF, 0xFF, 0xFF, 0xC0, 0x07, 0x80, 0x3F,
    0x00, 0x7E, 0x00, 0xFC, 0x01, 0xF8, 0x03, 0xE0, 0x1F, 0x07, 0xE0, 0xFC, 0x1F, 0x81, 0xF0, 0x0E,
    0x00, 0x20, 0x00, 0x0F, 0x03, 0xFC, 0x3F, 0xE7, 0x8F, 0x70, 0x77, 0x07, 0x00, 0x70, 0x0F, 0x01,
    0xE0, 0x7C, 0x07, 0x80, 0x70, 0x0E, 0x00, 0xE0, 0x00, 0x00, 0x00, 0x0F, 0x00, 0xF0, 0x0F, 0x00,
    0x00, 0x00, 0xFE, 0x00, 0x1F, 0xFE, 0x00, 0xFF, 0xFE, 0x07, 0x80, 0x3C, 0x3C, 0x00, 0x71, 0xE0,
    0xC0, 0xE7, 0x0F, 0xF1, 0x9C, 0x7F, 0xC7, 0xE3, 0x87, 0x1F, 0x8C, 0x1C, 0x7E, 0x70, 0x31, 0xF9,
    0xC0, 0xC7, 0xE7, 0x03, 0x1F, 0x8C, 0x1C, 0x7E, 0x38, 0x71, 0xD8, 0xFF, 0xFE, 0x71, 0xFF, 0xF9,
    0xC1, 0xE7, 0xC3, 0x80, 0x00, 0x07, 0x80, 0x00, 0x0F, 0xC3, 0x80, 0x1F, 0xFE, 0x00, 0x1F, 0xF0,
    0x00, 0x01, 0xC0, 0x00, 0xE0, 0x00, 0xF8, 0x00, 0x7C, 0x00, 0x77, 0x00, 0x3B, 0x80, 0x1D, 0xC0,
    0x1C, 0x70, 0x0E, 0x38, 0x07, 0x1C, 0x07, 0x07, 0x03, 0x83, 0x81, 0xFF, 0xC1, 0xFF, 0xF0, 0xE0,
    0x38, 0xF0, 0x1E, 0x70, 0x07, 0x38, 0x03, 0xBC, 0x00, 0xE0, 0xFF, 0x07, 0xFE, 0x3F, 0xFD, 0xC1,
    0xEE, 0x07, 0x70, 0x1F, 0x80, 0xFC, 0x0E, 0xFF, 0xF7, 0xFE, 0x3F, 0xFD, 0xC0, 0xFE, 0x03, 0xF0,
    0x1F, 0x80, 0xFC, 0x07, 0xE0, 0xFF, 0xFF, 0xBF, 0xF8, 0x03, 0xE0, 0x0F, 0xF8, 0x1F, 0xFC, 0x3C,
    0x1E, 0x78, 0x0F, 0x70, 0x07, 0xF0, 0x07, 0xE0, 0x00, 0xE0, 0x00, 0xE0, 0x00, 0xE0, 0x00, 0xE0,
    0x00, 0xE0, 0x00, 0x70, 0x07, 0x70, 0x07, 0x78, 0x0F, 0x3E, 0x3E, 0x1F, 0xFC, 0x0F, 0xF8, 0x01,
    0xC0, 0xFE, 0x01, 0xFF, 0xC3, 0xFF, 0xC7, 0x07, 0xCE, 0x03, 0xDC, 0x03, 0xB8, 0x07, 0x70, 0x07,
    0xE0, 0x0F, 0xC0, 0x1F, 0x80, 0x3F, 0x00, 0x7E, 0x00, 0xFC, 0x03, 0xB8, 0x07, 0x70, 0x1C, 0xE1,
    0xF9, 0xFF, 0xE3, 0xFF, 0x00, 0xFF, 0xEF, 0xFF, 0xFF, 0xFE, 0x00, 0xE0, 0x0E, 0x00, 0xE0, 0x0E,
    0x00, 0xFF, 0xEF, 0xFE, 0xFF, 0xEE, 0x00, 0xE0, 0x0E, 0x00, 0xE0, 0x0E, 0x00, 0xE0, 0x0F, 0xFF,
    0xFF, 0xF0, 0xFF, 0xEF, 0xFF, 0xFF, 0xFE, 0x00, 0xE0, 0x0E, 0x00, 0xE0, 0x0E, 0x00, 0xE0, 0x0F,
    0xFE, 0xFF, 0xEE, 0x00, 0xE0, 0x0E, 0x00, 0xE0, 0x0E, 0x00, 0xE0, 0x0E, 0x00, 0xE0, 0x00, 0x03,
    0xE0, 0x07, 0xFC, 0x07, 0xFF, 0x07, 0x83, 0xC7, 0x80, 0xF3, 0x80, 0x3B, 0xC0, 0x1D, 0xC0, 0x00,
    0xE0, 0x00, 0x70, 0x1F, 0xB8, 0x1F, 0xDC, 0x0F, 0xEE, 0x00, 0x73, 0x80, 0x39, 0xC0, 0x1C, 0xF0,
    0x1E, 0x3E, 0x3E, 0x0F, 0xFE, 0x03, 0xFE, 0x00, 0x38, 0x00, 0xC0, 0x0D, 0xC0, 0x1F, 0x80, 0x3F,
    0x00, 0x7E, 0x00, 0xFC, 0x01, 0xF8, 0x03, 0xF0, 0x07, 0xFF, 0xFF, 0xFF, 0xFF, 0xFF, 0xFF, 0x00,
    0x7E, 0x00, 0xFC, 0x01, 0xF8, 0x03, 0xF0, 0x07, 0xE0, 0x0F, 0xC0, 0x1F, 0x80, 0x38, 0xDF, 0xFF,
    0xFF, 0xFF, 0xFF, 0xFF, 0xFF, 0x80, 0x00, 0x60, 0x1C, 0x03, 0x80, 0x70, 0x0E, 0x01, 0xC0, 0x38,
    0x07, 0x00, 0xE0, 0x1C, 0x03, 0x80, 0x7C, 0x0F, 0xC1, 0xF8, 0x3F, 0x07, 0xF1, 0xEF, 0xF8, 0xFE,
    0x07, 0x00, 0xC0, 0x1F, 0x80, 0xFE, 0x07, 0xB8, 0x3C, 0xE1, 0xE3, 0x8F, 0x0E, 0x78, 0x3B, 0xC0,
    0xFE, 0x03, 0xFC, 0x0F, 0xF0, 0x3D, 0xE0, 0xE3, 0xC3, 0x87, 0x0E, 0x0E, 0x38, 0x3C, 0xE0, 0x7B,
    0x80, 0xEE, 0x03, 0xC0, 0xC0, 0x1C, 0x03, 0x80, 0x70, 0x0E, 0x01, 0xC0, 0x38, 0x07, 0x00, 0xE0,
    0x1C, 0x03, 0x80, 0x70, 0x0E, 0x01, 0xC0, 0x38, 0x07, 0x00, 0xE0, 0x1F, 0xFF, 0xFF, 0x80, 0xE0,
    0x01, 0xDE, 0x00, 0x7F, 0xC0, 0x0F, 0xFC, 0x01, 0xFF, 0x80, 0x7F, 0xF8, 0x0F, 0xFF, 0x03, 0xBF,
    0xE0, 0x77, 0xEE, 0x0E, 0xFD, 0xC3, 0x9F, 0xBC, 0x73, 0xF3, 0x9C, 0x7E, 0x73, 0x8F, 0xC7, 0x71,
    0xF8, 0xFC, 0x3F, 0x1F, 0x87, 0xE1, 0xF0, 0xFC, 0x3C, 0x1F, 0x83, 0x83, 0x80, 0xE0, 0x0D, 0xE0,
    0x1F, 0xC0, 0x3F, 0xC0, 0x7F, 0xC0, 0xFF, 0x81, 0xFF, 0x83, 0xF7, 0x07, 0xE7, 0x0F, 0xCF, 0x1F,
    0x8E, 0x3F, 0x0E, 0x7E, 0x1E, 0xFC, 0x1D, 0xF8, 0x3F, 0xF0, 0x3F, 0xE0, 0x3F, 0xC0, 0x7F, 0x80,
    0x78, 0x03, 0xE0, 0x07, 0xFC, 0x07, 0xFF, 0x07, 0x83, 0xC7, 0x80, 0xF3, 0x80, 0x3B, 0xC0, 0x1F,
    0xC0, 0x07, 0xE0, 0x03, 0xF0, 0x01, 0xF8, 0x00, 0xFC, 0x00, 0x7E, 0x00, 0x3B, 0x80, 0x39, 0xC0,
    0x1C, 0xF0, 0x1E, 0x3E, 0x3E, 0x0F, 0xFE, 0x03, 0xFE, 0x00, 0x38, 0x00, 0xFE, 0x07, 0xFE, 0x3F,
    0xFD, 0xC1, 0xEE, 0x07, 0xF0, 0x1F, 0x80, 0xFC, 0x07, 0xE0, 0x7F, 0x07, 0xBF, 0xFD, 0xFF, 0xCF,
    0xF0, 0x70, 0x03, 0x80, 0x1C, 0x00, 0xE0, 0x07, 0x00, 0x38, 0x00, 0x03, 0xE0, 0x07, 0xFC, 0x07,
    0xFF, 0x07, 0x83, 0xC7, 0x80, 0xF3, 0x80, 0x3B, 0xC0, 0x1F, 0xC0, 0x07, 0xE0, 0x03, 0xF0, 0x01,
    0xF8, 0x00, 0xFC, 0x00, 0x7E, 0x00, 0x3B, 0x87, 0x39, 0xC3, 0x9C, 0xF0, 0xFE, 0x3E, 0x3E, 0x0F,
    0xFE, 0x03, 0xFF, 0x80, 0x39, 0xC0, 0x00, 0x70, 0xFE, 0x03, 0xFF, 0x8F, 0xFF, 0x38, 0x3C, 0xE0,
    0x3B, 0x80, 0xEE, 0x03, 0xB8, 0x0E, 0xE0, 0x7B, 0xFF, 0xCF, 0xFE, 0x3F, 0xF0, 0xE1, 0xC3, 0x87,
    0x8E, 0x0E, 0x38, 0x3C, 0xE0, 0x73, 0x81, 0xEE, 0x03, 0x80, 0x07, 0x80, 0x7F, 0x83, 0xFF, 0x1E,
    0x1E, 0x70, 0x3B, 0x80, 0x7F, 0x00, 0x1E, 0x00, 0x7F, 0x00, 0xFF, 0x80, 0x7F, 0x00, 0x3E, 0x00,
    0x3C, 0x00, 0x7E, 0x01, 0xFC, 0x0F, 0x78, 0x79, 0xFF, 0xE1, 0xFE, 0x01, 0xE0, 0xFF, 0xFF, 0xFF,
    0xFF, 0xFF, 0xC1, 0xE0, 0x07, 0x80, 0x1E, 0x00, 0x78, 0x01, 0xE0, 0x07, 0x80, 0x1E, 0x00, 0x78,
    0x01, 0xE0, 0x07, 0x80, 0x1E, 0x00, 0x78, 0x01, 0xE0, 0x07, 0x80, 0x1E, 0x00, 0x78, 0x00, 0xC0,
    0x0D, 0xC0, 0x1F, 0x80, 0x3F, 0x00, 0x7E, 0x00, 0xFC, 0x01, 0xF8, 0x03, 0xF0, 0x07, 0xE0, 0x0F,
    0xC0, 0x1F, 0x80, 0x3F, 0x00, 0x7E, 0x00, 0xFC, 0x01, 0xF8, 0x07, 0x78, 0x0E, 0x78, 0x7C, 0x7F,
    0xF0, 0x7F, 0xC0, 0x3C, 0x00, 0x60, 0x03, 0x78, 0x03, 0xDC, 0x01, 0xCE, 0x00, 0xE3, 0x80, 0xF1,
    0xC0, 0x70, 0xE0, 0x38, 0x38, 0x38, 0x1C, 0x1C, 0x0E, 0x0E, 0x03, 0x8E, 0x01, 0xC7, 0x00, 0xF3,
    0x80, 0x3B, 0x80, 0x1D, 0xC0, 0x06, 0xE0, 0x03, 0xE0, 0x01, 0xF0, 0x00, 0x70, 0x00, 0x60, 0x18,
    0x03, 0xE0, 0x3C, 0x07, 0x70, 0x3C, 0x07, 0x70, 0x3E, 0x0F, 0x70, 0x3E, 0x0E, 0x70, 0x7E, 0x0E,
    0x38, 0x7E, 0x0E, 0x38, 0x77, 0x1C, 0x38, 0x67, 0x1C, 0x1C, 0xE7, 0x1C, 0x1C, 0xE3, 0x1C, 0x1C,
    0xE3, 0xB8, 0x1D, 0xC3, 0xB8, 0x0F, 0xC3, 0xB8, 0x0F, 0xC1, 0xB8, 0x0F, 0xC1, 0xF0, 0x0F, 0x81,
    0xF0, 0x07, 0x81, 0xF0, 0x07, 0x80, 0xE0, 0x70, 0x07, 0x3C, 0x07, 0x8E, 0x03, 0x87, 0x83, 0x81,
    0xE3, 0xC0, 0x71, 0xC0, 0x3D, 0xC0, 0x0F, 0xE0, 0x03, 0xE0, 0x00, 0xE0, 0x00, 0xF8, 0x00, 0xFE,
    0x00, 0x77, 0x00, 0x73, 0xC0, 0x78, 0xF0, 0x38, 0x38, 0x38, 0x1E, 0x3C, 0x07, 0x9C, 0x01, 0xC0,
    0x60, 0x03, 0x38, 0x03, 0x9E, 0x03, 0xC7, 0x01, 0xC3, 0xC1, 0xC0, 0xE1, 0xE0, 0x38, 0xE0, 0x1E,
    0xE0, 0x07, 0x70, 0x01, 0xF0, 0x00, 0xF8, 0x00, 0x38, 0x00, 0x1C, 0x00, 0x0E, 0x00, 0x07, 0x00,
    0x03, 0x80, 0x01, 0xC0, 0x00, 0xE0, 0x00, 0x70, 0x00, 0x7F, 0xFB, 0xFF, 0xFF, 0xFF, 0xC0, 0x0E,
    0x00, 0x70, 0x03, 0xC0, 0x1E, 0x00, 0x70, 0x03, 0x80, 0x1E, 0x00, 0x70, 0x03, 0x80, 0x1E, 0x00,
    0x70, 0x03, 0x80, 0x1E, 0x00, 0x70, 0x03, 0xFF, 0xFF, 0xFF, 0xC0, 0x7B, 0xFF, 0xF8, 0xE3, 0x8E,
    0x38, 0xE3, 0x8E, 0x38, 0xE3, 0x8E, 0x38, 0xE3, 0x8E, 0x38, 0xE3, 0xFF, 0xFF, 0x00, 0x70, 0x18,
    0x0E, 0x07, 0x03, 0x80, 0xC0, 0x70, 0x38, 0x1C, 0x06, 0x03, 0x81, 0xC0, 0xE0, 0x38, 0x1C, 0x0E,
    0x03, 0x01, 0xC0, 0xE0, 0x70, 0x18, 0x0E, 0xFB, 0xFF, 0xC7, 0x1C, 0x71, 0xC7, 0x1C, 0x71, 0xC7,
    0x1C, 0x71, 0xC7, 0x1C, 0x71, 0xC7, 0x1F, 0xFF, 0xFE, 0x0E, 0x01, 0xE0, 0x7C, 0x0F, 0xC3, 0xB8,
    0x73, 0x9C, 0x73, 0x87, 0x00, 0x00, 0xFF, 0xFF, 0xFF, 0x00, 0x00, 0x73, 0x8E, 0x70, 0x1F, 0x8F,
    0xF9, 0xFF, 0xF0, 0x72, 0x0E, 0x01, 0xCF, 0xFB, 0xFF, 0xF8, 0xFC, 0x1F, 0x83, 0xF0, 0xFF, 0xFE,
    0xFF, 0xC7, 0x00, 0x60, 0x07, 0x00, 0x38, 0x01, 0xC0, 0x0E, 0x00, 0x73, 0xE3, 0xBF, 0x9F, 0xFE,
    0xF8, 0x77, 0x81, 0xFC, 0x0F, 0xC0, 0x7E, 0x03, 0xF0, 0x1F, 0xC0, 0xFE, 0x0F, 0xF8, 0x77, 0xFF,
    0xBB, 0xF8, 0x06, 0x00, 0x0F, 0x83, 0xFE, 0x7F, 0xE7, 0x07, 0xE0, 0x7E, 0x00, 0xE0, 0x0E, 0x00,
    0xE0, 0x0E, 0x00, 0xF0, 0x77, 0x8F, 0x3F, 0xE1, 0xFC, 0x07, 0x00, 0x00, 0x30, 0x01, 0xC0, 0x0E,
    0x00, 0x70, 0x03, 0x8F, 0x9C, 0xFE, 0xEF, 0xFF, 0x70, 0xFF, 0x03, 0xF8, 0x0F, 0xC0, 0x7E, 0x03,
    0xF0, 0x1F, 0x81, 0xFE, 0x0F, 0x78, 0xFB, 0xFF, 0xCF, 0xEE, 0x0C, 0x00, 0x0F, 0x81, 0xFE, 0x1F,
    0xF8, 0xE0, 0xEE, 0x07, 0x70, 0x1B, 0xFF, 0xFF, 0xFF, 0xE0, 0x07, 0x00, 0x38, 0x1C, 0xF1, 0xE3,
    0xFE, 0x0F, 0xE0, 0x1C, 0x00, 0x0F, 0x8F, 0xC7, 0xC7, 0x03, 0x87, 0xFB, 0xFD, 0xFE, 0x38, 0x1C,
    0x0E, 0x07, 0x03, 0x81, 0xC0, 0xE0, 0x70, 0x38, 0x1C, 0x0E, 0x00, 0x1F, 0x31, 0xFF, 0xDF, 0xFE,
    0xE0, 0xFE, 0x07, 0xF0, 0x1F, 0x80, 0xFC, 0x07, 0xE0, 0x3F, 0x03, 0xFC, 0x1E, 0xFB, 0xF3, 0xFF,
    0x8F, 0xDC, 0x00, 0xE4, 0x0E, 0x70, 0x73, 0xFF, 0x8F, 0xF8, 0x1E, 0x00, 0x60, 0x0E, 0x00, 0xE0,
    0x0E, 0x00, 0xE0, 0x0E, 0x78, 0xFF, 0xEF, 0xFE, 0xF0, 0xFF, 0x07, 0xE0, 0x7E, 0x07, 0xE0, 0x7E,
    0x07, 0xE0, 0x7E, 0x07, 0xE0, 0x7E, 0x07, 0xE0, 0x70, 0x6F, 0xF4, 0x06, 0xEE, 0xEE, 0xEE, 0xEE,
    0xEE, 0xEE, 0xE0, 0x18, 0xF3, 0xC4, 0x00, 0x63, 0x8E, 0x38, 0xE3, 0x8E, 0x38, 0xE3, 0x8E, 0x38,
    0xE3, 0x8E, 0x38, 0xEF, 0xBC, 0x00, 0x60, 0x07, 0x00, 0x38, 0x01, 0xC0, 0x0E, 0x00, 0x70, 0x3B,
    0x83, 0x9C, 0x38, 0xE3, 0x87, 0x38, 0x3B, 0x81, 0xFC, 0x0F, 0xF0, 0x7B, 0x83, 0x9E, 0x1C, 0x78,
    0xE1, 0xE7, 0x07, 0x38, 0x1C, 0x6E, 0xEE, 0xEE, 0xEE, 0xEE, 0xEE, 0xEE, 0xEE, 0xEE, 0xE0, 0x67,
    0x8F, 0x9F, 0xFB, 0xFB, 0xFF, 0xFF, 0xF8, 0x78, 0x7F, 0x0E, 0x0F, 0xC1, 0xC1, 0xF8, 0x38, 0x3F,
    0x07, 0x07, 0xE0, 0xE0, 0xFC, 0x1C, 0x1F, 0x83, 0x83, 0xF0, 0x70, 0x7E, 0x0E, 0x0F, 0xC1, 0xC1,
    0xC0, 0x67, 0x8F, 0xFE, 0xFF, 0xEF, 0x0F, 0xF0, 0x7E, 0x07, 0xE0, 0x7E, 0x07, 0xE0, 0x7E, 0x07,
    0xE0, 0x7E, 0x07, 0xE0, 0x7E, 0x07, 0x0F, 0x81, 0xFF, 0x1F, 0xF8, 0xE0, 0xEE, 0x07, 0x70, 0x1F,
    0x80, 0xFC, 0x07, 0xE0, 0x3F, 0x01, 0xFC, 0x1C, 0xF1, 0xE3, 0xFE, 0x0F, 0xE0, 0x1C, 0x00, 0x67,
    0xC7, 0x7F, 0x3F, 0xFD, 0xF0, 0xEF, 0x03, 0xF8, 0x1F, 0x80, 0xFC, 0x07, 0xE0, 0x3F, 0x81, 0xFC,
    0x1F, 0xF0, 0xEF, 0xFF, 0x77, 0xF3, 0x8C, 0x1C, 0x00, 0xE0, 0x07, 0x00, 0x38, 0x00, 0x00, 0x00,
    0x1F, 0x31, 0xFD, 0xDF, 0xFE, 0xE1, 0xFE, 0x07, 0xF0, 0x1F, 0x80, 0xFC, 0x07, 0xE0, 0x3F, 0x03,
    0xFC, 0x1E, 0xF1, 0xF7, 0xFF, 0x9F, 0xDC, 0x18, 0xE0, 0x07, 0x00, 0x38, 0x01, 0xC0, 0x0E, 0x00,
    0x00, 0x6F, 0xFF, 0xFF, 0xF0, 0xF0, 0xE0, 0xE0, 0xE0, 0xE0, 0xE0, 0xE0, 0xE0, 0xE0, 0xE0, 0x1F,
    0x0F, 0xF9, 0xFF, 0x70, 0x7E, 0x01, 0xE0, 0x1F, 0xC1, 0xFE, 0x07, 0xE0, 0x1F, 0x83, 0xF8, 0xF7,
    0xFC, 0x7F, 0x03, 0x80, 0x38, 0x38, 0x38, 0xFF, 0xFF, 0xFE, 0x38, 0x38, 0x38, 0x38, 0x38, 0x38,
    0x38, 0x38, 0x38, 0x3F, 0x1F, 0x00, 0x60, 0x7E, 0x07, 0xE0, 0x7E, 0x07, 0xE0, 0x7E, 0x07, 0xE0,
    0x7E, 0x07, 0xE0, 0x7E, 0x07, 0x70, 0x77, 0x8F, 0x7F, 0xF3, 0xFF, 0x04, 0x00, 0xE0, 0x39, 0xC0,
    0xE7, 0x03, 0x9C, 0x1C, 0x38, 0x70, 0xE1, 0xC3, 0xCE, 0x07, 0x38, 0x1C, 0xE0, 0x3F, 0x00, 0xFC,
    0x03, 0xE0, 0x07, 0x80, 0x1E, 0x00, 0x60, 0x70, 0x77, 0x0F, 0x0E, 0x70, 0xF0, 0xE7, 0x0F, 0x0E,
    0x39, 0xF8, 0xE3, 0x9F, 0x9C, 0x39, 0xD9, 0xC1, 0x99, 0x9C, 0x1F, 0x9F, 0x81, 0xF9, 0xF8, 0x1F,
    0x0F, 0x80, 0xF0, 0xF0, 0x0F, 0x0F, 0x00, 0xF0, 0x70, 0x70, 0x3B, 0xC3, 0x8E, 0x3C, 0x39, 0xC1,
    0xDC, 0x07, 0xE0, 0x1E, 0x00, 0xF0, 0x0F, 0x80, 0xFE, 0x07, 0x78, 0x71, 0xC7, 0x87, 0x38, 0x3C,
    0xE0, 0x39, 0xC0, 0xE7, 0x03, 0x9C, 0x1C, 0x38, 0x70, 0xE1, 0xC3, 0xCE, 0x07, 0x38, 0x1C, 0xC0,
    0x3F, 0x00, 0xFC, 0x03, 0xE0, 0x07, 0x80, 0x1E, 0x00, 0x70, 0x01, 0xC0, 0x0E, 0x00, 0xF8, 0x07,
    0xC0, 0x0C, 0x00, 0xFF, 0xFF, 0xFF, 0xFF, 0x80, 0xE0, 0x38, 0x0F, 0x01, 0xC0, 0x70, 0x1C, 0x07,
    0x81, 0xE0, 0x38, 0x0F, 0xFF, 0xFF, 0xC0, 0x03, 0x07, 0x83, 0xC3, 0x81, 0xC0, 0xE0, 0x70, 0x38,
    0x1C, 0x0E, 0x0E, 0x1F, 0x0F, 0x83, 0xC0, 0x70, 0x38, 0x1C, 0x0E, 0x07, 0x03, 0x81, 0xC0, 0xF8,
    0x3C, 0x06, 0x3F, 0xFF, 0xFF, 0xFF, 0xFF, 0xFF, 0xFF, 0xFC, 0xC0, 0xF0, 0xF8, 0x38, 0x18, 0x18,
    0x18, 0x18, 0x18, 0x1C, 0x1E, 0x0F, 0x0F, 0x1F, 0x1C, 0x18, 0x18, 0x18, 0x18, 0x18, 0x38, 0xF8,
    0xF0, 0xE0, 0x1C, 0x00, 0xFC, 0x77, 0xF9, 0xDC, 0xFE, 0x61, 0xF0, 0x00, 0x00, 0x77, 0x9C, 0xE0,
    0x01, 0xCE, 0x73, 0x9C, 0xE7, 0x39, 0xCE, 0x73, 0x9C, 0x02, 0x00, 0x60, 0x06, 0x01, 0xFC, 0x3F,
    0xE7, 0xEF, 0xF6, 0x7E, 0x62, 0xE6, 0x0E, 0x60, 0xE6, 0x0E, 0x60, 0xE6, 0x77, 0x67, 0x7F, 0xF3,
    0xFE, 0x1F, 0x80, 0x60, 0x06, 0x00, 0x03, 0x80, 0x7F, 0x07, 0xFC, 0x78, 0xF3, 0x83, 0x9C, 0x1C,
    0xE0, 0x07, 0x00, 0x38, 0x07, 0xFE, 0x3F, 0xF0, 0x70, 0x03, 0x80, 0x1C, 0x00, 0xE0, 0x07, 0x07,
    0x70, 0x3F, 0xFF, 0xFF, 0xFC, 0x00, 0x00, 0x6F, 0xE6, 0xFF, 0xFF, 0x7C, 0x7E, 0x78, 0x1E, 0x70,
    0x0E, 0x60, 0x0E, 0xE0, 0x07, 0xE0, 0x07, 0xE0, 0x07, 0x60, 0x0E, 0x70, 0x0E, 0x78, 0x1E, 0x7C,
    0x3E, 0xFF, 0xFF, 0x6F, 0xF6, 0x01, 0x80, 0xE0, 0x1B, 0xC0, 0xE7, 0x03, 0x9C, 0x1C, 0x38, 0x70,
    0xE3, 0x81, 0xCE, 0x07, 0x70, 0x0F, 0xC0, 0x3F, 0x07, 0xFF, 0x1F, 0xFC, 0x07, 0x01, 0xFF, 0xC7,
    0xFF, 0x01, 0xC0, 0x07, 0x00, 0x1C, 0x00, 0x70, 0x00, 0xDF, 0xFF, 0xFF, 0xE0, 0x00, 0x3F, 0xFF,
    0xFF, 0xF8, 0x0F, 0x03, 0xFC, 0x3F, 0xC7, 0x0E, 0x70, 0xE7, 0x00, 0x3C, 0x03, 0xE0, 0x7F, 0x8E,
    0x3C, 0xE1, 0xEE, 0x07, 0x70, 0x77, 0xC7, 0x1F, 0xE0, 0xFE, 0x03, 0xC0, 0x1E, 0x60, 0xE7, 0x0E,
    0x7F, 0xE3, 0xFC, 0x1F, 0x80, 0xE3, 0x73, 0xF9, 0xC8, 0x40, 0x00, 0xF8, 0x00, 0x7F, 0xE0, 0x0F,
    0xFF, 0x81, 0xF0, 0x7C, 0x3C, 0x71, 0xC3, 0x9F, 0xCE, 0x73, 0xFE, 0xE7, 0x78, 0xE7, 0x77, 0x07,
    0x76, 0x70, 0x07, 0x67, 0x00, 0x77, 0x70, 0x67, 0x77, 0x8E, 0x77, 0x3F, 0xEE, 0x39, 0xFC, 0xE3,
    0xC2, 0x3C, 0x1F, 0x0F, 0x80, 0xFF, 0xF0, 0x03, 0xFE, 0x00, 0x07, 0x00, 0x1F, 0x0F, 0xE7, 0xFD,
    0xC7, 0x03, 0xCF, 0xF7, 0xFF, 0x87, 0xE1, 0xDF, 0xF3, 0xFC, 0x00, 0x00, 0x00, 0x73, 0x87, 0xB8,
    0x7B, 0xC7, 0xBC, 0x3B, 0xC3, 0x9C, 0x1E, 0xF0, 0x7B, 0xC1, 0xEF, 0x07, 0x38, 0x1C, 0xE0, 0x63,
    0x00, 0x00, 0x1F, 0xFF, 0xFF, 0x80, 0x70, 0x0E, 0x01, 0xC0, 0x18, 0x07, 0x80, 0x3F, 0xC0, 0xFF,
    0xE3, 0x81, 0xCE, 0xF9, 0xDD, 0xF9, 0xB3, 0xB3, 0xE7, 0xE7, 0xCF, 0xCF, 0xDD, 0x9B, 0xBB, 0x73,
    0x81, 0xE3, 0xC7, 0x83, 0xFE, 0x03, 0xF0, 0x00, 0xFF, 0xFE, 0x1C, 0x1F, 0x9F, 0xDC, 0x7E, 0x3F,
    0x1D, 0xDE, 0xFE, 0x3E, 0x00, 0x07, 0x00, 0x70, 0x07, 0x00, 0x70, 0xFF, 0xFF, 0xFF, 0x07, 0x00,
    0x70, 0x07, 0x00, 0x60, 0x00, 0x0F, 0xFF, 0xFF, 0xF7, 0xFF, 0x7E, 0x7F, 0xB8, 0xF8, 0x70, 0x70,
    0x70, 0xF0, 0xF0, 0xFF, 0xFF, 0xC0, 0x00, 0x3E, 0x3F, 0xB8, 0xE0, 0x71, 0xF0, 0xF8, 0x0F, 0xC7,
    0xFF, 0xBF, 0x87, 0x00, 0x39, 0xDC, 0xC0, 0x60, 0x73, 0x81, 0xCE, 0x07, 0x38, 0x1C, 0xE0, 0x73,
    0x81, 0xCE, 0x07, 0x38, 0x1C, 0xE0, 0x73, 0x81, 0xCF, 0x07, 0x3E, 0x3C, 0xFF, 0xFF, 0xBE, 0xFE,
    0x20, 0x38, 0x00, 0xE0, 0x03, 0x80, 0x0E, 0x00, 0x00, 0x00, 0x07, 0xF3, 0xFF, 0x7F, 0xF7, 0xF7,
    0xFF, 0x7F, 0xF7, 0xFF, 0x7F, 0xF7, 0xFF, 0x77, 0xF7, 0x7F, 0x73, 0xF7, 0x06, 0x70, 0x07, 0x00,
    0x70, 0x07, 0x00, 0x70, 0x07, 0x00, 0x70, 0x03, 0xBC, 0xE2, 0x00, 0x61, 0x87, 0x9E, 0x7B, 0xE0,
    0x00, 0x7F, 0xFF, 0x73, 0x9C, 0xE7, 0x39, 0xC0, 0x0F, 0x07, 0xF9, 0xFF, 0x38, 0x77, 0x0E, 0xC1,
    0xD8, 0x3B, 0x87, 0x71, 0xE7, 0xF8, 0x7E, 0x00, 0x00, 0x00, 0x01, 0xCE, 0x03, 0x9C, 0x07, 0x38,
    0x1E, 0xF0, 0x3D, 0xE0, 0x73, 0x83, 0xDE, 0x0E, 0xF0, 0x73, 0x83, 0x9C, 0x1C, 0xE0, 0x63, 0x00,
    0x00, 0x01, 0x07, 0x80, 0x71, 0xF0, 0x1C, 0x7E, 0x07, 0x01, 0xC0, 0xE0, 0x38, 0x38, 0x07, 0x0E,
    0x00, 0xE3, 0x80, 0x1C, 0x70, 0x03, 0x9C, 0x78, 0x77, 0x0F, 0x00, 0xE3, 0xE0, 0x38, 0xFC, 0x0E,
    0x1F, 0x81, 0xC7, 0x70, 0x70, 0xFF, 0x1C, 0x1F, 0xE3, 0x83, 0xFC, 0xE0, 0x07, 0x00, 0x00, 0x01,
    0x03, 0xC0, 0x38, 0x7C, 0x07, 0x0F, 0xC0, 0xE0, 0x1C, 0x0E, 0x01, 0xC1, 0xC0, 0x1C, 0x38, 0x01,
    0xC7, 0x00, 0x1C, 0x70, 0x01, 0xCE, 0x7E, 0x1D, 0xC7, 0xE0, 0x1C, 0xE7, 0x03, 0x80, 0x70, 0x70,
    0x0E, 0x07, 0x01, 0xE0, 0xE0, 0x3C, 0x1C, 0x07, 0x81, 0xC0, 0x7F, 0x38, 0x0F, 0xF0, 0x00, 0x00,
    0x87, 0xC0, 0x1C, 0xFE, 0x03, 0x8E, 0x70, 0x70, 0x06, 0x07, 0x03, 0xE0, 0xE0, 0x3E, 0x1C, 0x00,
    0x71, 0x80, 0xC7, 0x38, 0x0F, 0xF7, 0x1E, 0x7E, 0xE1, 0xE0, 0x0E, 0x3E, 0x01, 0xC7, 0xE0, 0x38,
    0x7E, 0x03, 0x8E, 0xE0, 0x70, 0xFF, 0x0E, 0x0F, 0xF0, 0xE0, 0xFF, 0x1C, 0x00, 0xE0, 0x06, 0x01,
    0xE0, 0x3C, 0x03, 0x00, 0x00, 0x0C, 0x01, 0x80, 0x70, 0x0E, 0x03, 0xC1, 0xF0, 0x3C, 0x0E, 0x01,
    0xC0, 0x38, 0x3F, 0x07, 0xF3, 0xEF, 0xF8, 0xFE, 0x00, 0x07, 0x00, 0x01, 0xC0, 0x00, 0xE0, 0x00,
    0x38, 0x00, 0x00, 0x00, 0x0E, 0x00, 0x07, 0x00, 0x07, 0xC0, 0x03, 0xE0, 0x03, 0xB8, 0x01, 0xDC,
    0x00, 0xEE, 0x00, 0xE3, 0x80, 0x71, 0xC0, 0x38, 0xE0, 0x38, 0x38, 0x1C, 0x1C, 0x0F, 0xFE, 0x0F,
    0xFF, 0x87, 0x01, 0xC7, 0x80, 0xF3, 0x80, 0x39, 0xC0, 0x1D, 0xE0, 0x07, 0x00, 0x70, 0x00, 0x70,
    0x00, 0x38, 0x00, 0x38, 0x00, 0x00, 0x00, 0x0E, 0x00, 0x07, 0x00, 0x07, 0xC0, 0x03, 0xE0, 0x03,
    0xB8, 0x01, 0xDC, 0x00, 0xEE, 0x00, 0xE3, 0x80, 0x71, 0xC0, 0x38, 0xE0, 0x38, 0x38, 0x1C, 0x1C,
    0x0F, 0xFE, 0x0F, 0xFF, 0x87, 0x01, 0xC7, 0x80, 0xF3, 0x80, 0x39, 0xC0, 0x1D, 0xE0, 0x07, 0x01,
    0xC0, 0x01, 0xF0, 0x01, 0xDC, 0x00, 0xC7, 0x00, 0x00, 0x00, 0x0E, 0x00, 0x07, 0x00, 0x07, 0xC0,
    0x03, 0xE0, 0x03, 0xB8, 0x01, 0xDC, 0x00, 0xEE, 0x00, 0xE3, 0x80, 0x71, 0xC0, 0x38, 0xE0, 0x38,
    0x38, 0x1C, 0x1C, 0x0F, 0xFE, 0x0F, 0xFF, 0x87, 0x01, 0xC7, 0x80, 0xF3, 0x80, 0x39, 0xC0, 0x1D,
    0xE0, 0x07, 0x03, 0x30, 0x03, 0xF8, 0x01, 0xFC, 0x00, 0x00, 0x00, 0x00, 0x00, 0x0E, 0x00, 0x07,
    0x00, 0x07, 0xC0, 0x03, 0xE0, 0x03, 0xB8, 0x01, 0xDC, 0x00, 0xEE, 0x00, 0xE3, 0x80, 0x71, 0xC0,
    0x38, 0xE0, 0x38, 0x38, 0x1C, 0x1C, 0x0F, 0xFE, 0x0F, 0xFF, 0x87, 0x01, 0xC7, 0x80, 0xF3, 0x80,
    0x39, 0xC0, 0x1D, 0xE0, 0x07, 0x06, 0x30, 0x07, 0xBC, 0x03, 0xDE, 0x00, 0x82, 0x00, 0x00, 0x00,
    0x0E, 0x00, 0x07, 0x00, 0x07, 0xC0, 0x03, 0xE0, 0x03, 0xB8, 0x01, 0xDC, 0x00, 0xEE, 0x00, 0xE3,
    0x80, 0x71, 0xC0, 0x38, 0xE0, 0x38, 0x38, 0x1C, 0x1C, 0x0F, 0xFE, 0x0F, 0xFF, 0x87, 0x01, 0xC7,
    0x80, 0xF3, 0x80, 0x39, 0xC0, 0x1D, 0xE0, 0x07, 0x03, 0xE0, 0x03, 0xF8, 0x01, 0xDC, 0x00, 0xE6,
    0x00, 0x7F, 0x00, 0x1F, 0x00, 0x07, 0x00, 0x03, 0x80, 0x03, 0xE0, 0x01, 0xF0, 0x01, 0xDC, 0x00,
    0xEE, 0x00, 0x77, 0x00, 0x71, 0xC0, 0x38, 0xE0, 0x1C, 0x70, 0x1C, 0x1C, 0x0E, 0x0E, 0x07, 0xFF,
    0x07, 0xFF, 0xC3, 0x80, 0xE3, 0xC0, 0x79, 0xC0, 0x1C, 0xE0, 0x0E, 0xF0, 0x03, 0x80, 0x00, 0x7F,
    0xFE, 0x00, 0xFF, 0xFF, 0x00, 0xFF, 0xFE, 0x00, 0xEE, 0x00, 0x01, 0xCE, 0x00, 0x01, 0xCE, 0x00,
    0x03, 0x8E, 0x00, 0x03, 0x8E, 0x00, 0x07, 0x0F, 0xFC, 0x07, 0x0F, 0xFE, 0x0E, 0x0F, 0xFE, 0x0E,
    0x1E, 0x00, 0x1F, 0xFE, 0x00, 0x1F, 0xFE, 0x00, 0x3C, 0x0E, 0x00, 0x38, 0x0E, 0x00, 0x78, 0x0E,
    0x00, 0x70, 0x0F, 0xFF, 0xF0, 0x0F, 0xFF, 0x03, 0xE0, 0x0F, 0xF8, 0x1F, 0xFC, 0x3C, 0x1E, 0x78,
    0x0F, 0x70, 0x07, 0xF0, 0x07, 0xE0, 0x00, 0xE0, 0x00, 0xE0, 0x00, 0xE0, 0x00, 0xE0, 0x00, 0xE0,
    0x00, 0x70, 0x07, 0x70, 0x07, 0x78, 0x0F, 0x3E, 0x3E, 0x1F, 0xFC, 0x0F, 0xF8, 0x01, 0xC0, 0x01,
    0xE0, 0x00, 0xF0, 0x01, 0xF0, 0x01, 0xE0, 0x00, 0x00, 0x3C, 0x01, 0xC0, 0x0E, 0x00, 0xE0, 0x00,
    0x0F, 0xFE, 0xFF, 0xFF, 0xFF, 0xE0, 0x0E, 0x00, 0xE0, 0x0E, 0x00, 0xE0, 0x0F, 0xFE, 0xFF, 0xEF,
    0xFE, 0xE0, 0x0E, 0x00, 0xE0, 0x0E, 0x00, 0xE0, 0x0E, 0x00, 0xFF, 0xFF, 0xFF, 0x03, 0x80, 0x38,
    0x07, 0x00, 0x60, 0x00, 0x0F, 0xFE, 0xFF, 0xFF, 0xFF, 0xE0, 0x0E, 0x00, 0xE0, 0x0E, 0x00, 0xE0,
    0x0F, 0xFE, 0xFF, 0xEF, 0xFE, 0xE0, 0x0E, 0x00, 0xE0, 0x0E, 0x00, 0xE0, 0x0E, 0x00, 0xFF, 0xFF,
    0xFF, 0x0F, 0x01, 0xF0, 0x3B, 0x83, 0x9C, 0x00, 0x0F, 0xFE, 0xFF, 0xFF, 0xFF, 0xE0, 0x0E, 0x00,
    0xE0, 0x0E, 0x00, 0xE0, 0x0F, 0xFE, 0xFF, 0xEF, 0xFE, 0xE0, 0x0E, 0x00, 0xE0, 0x0E, 0x00, 0xE0,
    0x0E, 0x00, 0xFF, 0xFF, 0xFF, 0x31, 0xC7, 0x9C, 0x39, 0xC1, 0x08, 0x00, 0x0F, 0xFE, 0xFF, 0xFF,
    0xFF, 0xE0, 0x0E, 0x00, 0xE0, 0x0E, 0x00, 0xE0, 0x0F, 0xFE, 0xFF, 0xEF, 0xFE, 0xE0, 0x0E, 0x00,
    0xE0, 0x0E, 0x00, 0xE0, 0x0E, 0x00, 0xFF, 0xFF, 0xFF, 0xE7, 0x1C, 0x60, 0x18, 0xE7, 0x39, 0xCE,
    0x73, 0x9C, 0xE7, 0x39, 0xCE, 0x73, 0x9C, 0xE7, 0x7B, 0x99, 0xC0, 0x63, 0x9C, 0xE7, 0x39, 0xCE,
    0x73, 0x9C, 0xE7, 0x39, 0xCE, 0x73, 0x9C, 0x3C, 0x1F, 0x1D, 0xDC, 0x60, 0x00, 0xC0, 0x70, 0x38,
    0x1C, 0x0E, 0x07, 0x03, 0x81, 0xC0, 0xE0, 0x70, 0x38, 0x1C, 0x0E, 0x07, 0x03, 0x81, 0xC0, 0xE0,
    0x70, 0x38, 0xE3, 0x73, 0xF9, 0xC8, 0x40, 0x00, 0xC0, 0x70, 0x38, 0x1C, 0x0E, 0x07, 0x03, 0x81,
    0xC0, 0xE0, 0x70, 0x38, 0x1C, 0x0E, 0x07, 0x03, 0x81, 0xC0, 0xE0, 0x70, 0x38, 0x1F, 0xC0, 0x1F,
    0xFC, 0x0F, 0xFF, 0x07, 0x07, 0xC3, 0x80, 0xF1, 0xC0, 0x38, 0xE0, 0x0E, 0x70, 0x07, 0x38, 0x03,
    0xFF, 0xE1, 0xFF, 0xF0, 0xE7, 0x00, 0x73, 0x80, 0x39, 0xC0, 0x1C, 0xE0, 0x1C, 0x70, 0x1E, 0x38,
    0x7E, 0x1F, 0xFE, 0x0F, 0xFE, 0x00, 0x06, 0x60, 0x1F, 0xC0, 0x7F, 0x80, 0x00, 0x00, 0x00, 0x1C,
    0x01, 0xBC, 0x03, 0xF8, 0x07, 0xF8, 0x0F, 0xF8, 0x1F, 0xF0, 0x3F, 0xF0, 0x7E, 0xE0, 0xFC, 0xE1,
    0xF9, 0xE3, 0xF1, 0xC7, 0xE1, 0xCF, 0xC3, 0xDF, 0x83, 0xBF, 0x07, 0xFE, 0x07, 0xFC, 0x07, 0xF8,
    0x0F, 0xF0, 0x0F, 0x07, 0x00, 0x01, 0xC0, 0x00, 0xE0, 0x00, 0x38, 0x00, 0x00, 0x00, 0x1F, 0x00,
    0x3F, 0xE0, 0x3F, 0xF8, 0x3C, 0x1E, 0x3C, 0x07, 0x9C, 0x01, 0xDE, 0x00, 0xFE, 0x00, 0x3F, 0x00,
    0x1F, 0x80, 0x0F, 0xC0, 0x07, 0xE0, 0x03, 0xF0, 0x01, 0xDC, 0x01, 0xCE, 0x00, 0xE7, 0x80, 0xF1,
    0xF1, 0xF0, 0x7F, 0xF0, 0x1F, 0xF0, 0x01, 0xC0, 0x00, 0x00, 0x70, 0x00, 0x70, 0x00, 0x38, 0x00,
    0x38, 0x00, 0x00, 0x00, 0x1F, 0x00, 0x3F, 0xE0, 0x3F, 0xF8, 0x3C, 0x1E, 0x3C, 0x07, 0x9C, 0x01,
    0xDE, 0x00, 0xFE, 0x00, 0x3F, 0x00, 0x1F, 0x80, 0x0F, 0xC0, 0x07, 0xE0, 0x03, 0xF0, 0x01, 0xDC,
    0x01, 0xCE, 0x00, 0xE7, 0x80, 0xF1, 0xF1, 0xF0, 0x7F, 0xF0, 0x1F, 0xF0, 0x01, 0xC0, 0x00, 0x01,
    0xC0, 0x01, 0xF0, 0x01, 0xDC, 0x00, 0xC7, 0x00, 0x00, 0x00, 0x1F, 0x00, 0x3F, 0xE0, 0x3F, 0xF8,
    0x3C, 0x1E, 0x3C, 0x07, 0x9C, 0x01, 0xDE, 0x00, 0xFE, 0x00, 0x3F, 0x00, 0x1F, 0x80, 0x0F, 0xC0,
    0x07, 0xE0, 0x03, 0xF0, 0x01, 0xDC, 0x01, 0xCE, 0x00, 0xE7, 0x80, 0xF1, 0xF1, 0xF0, 0x7F, 0xF0,
    0x1F, 0xF0, 0x01, 0xC0, 0x00, 0x03, 0x30, 0x03, 0xF8, 0x01, 0xFC, 0x00, 0x00, 0x00, 0x00, 0x00,
    0x1F, 0x00, 0x3F, 0xE0, 0x3F, 0xF8, 0x3C, 0x1E, 0x3C, 0x07, 0x9C, 0x01, 0xDE, 0x00, 0xFE, 0x00,
    0x3F, 0x00, 0x1F, 0x80, 0x0F, 0xC0, 0x07, 0xE0, 0x03, 0xF0, 0x01, 0xDC, 0x01, 0xCE, 0x00, 0xE7,
    0x80, 0xF1, 0xF1, 0xF0, 0x7F, 0xF0, 0x1F, 0xF0, 0x01, 0xC0, 0x00, 0x06, 0x30, 0x07, 0xBC, 0x03,
    0xDE, 0x00, 0x82, 0x00, 0x00, 0x00, 0x1F, 0x00, 0x3F, 0xE0, 0x3F, 0xF8, 0x3C, 0x1E, 0x3C, 0x07,
    0x9C, 0x01, 0xDE, 0x00, 0xFE, 0x00, 0x3F, 0x00, 0x1F, 0x80, 0x0F, 0xC0, 0x07, 0xE0, 0x03, 0xF0,
    0x01, 0xDC, 0x01, 0xCE, 0x00, 0xE7, 0x80, 0xF1, 0xF1, 0xF0, 0x7F, 0xF0, 0x1F, 0xF0, 0x01, 0xC0,
    0x00, 0x60, 0x2F, 0x07, 0x78, 0xF3, 0xDE, 0x1F, 0xC0, 0xF8, 0x0F, 0x81, 0xFC, 0x3D, 0xE7, 0x8F,
    0xF0, 0x76, 0x02, 0x03, 0xE2, 0x07, 0xFF, 0x87, 0xFF, 0xC7, 0x83, 0xC7, 0x81, 0xF3, 0x81, 0xFB,
    0xC1, 0xFF, 0xC0, 0xE7, 0xE0, 0xE3, 0xF0, 0xE1, 0xF8, 0xF0, 0xFC, 0x70, 0x7E, 0x70, 0x3B, 0xF8,
    0x39, 0xF8, 0x1C, 0xF8, 0x1E, 0x3E, 0x3E, 0x3F, 0xFE, 0x1F, 0xFE, 0x04, 0x38, 0x00, 0x0E, 0x00,
    0x1C, 0x00, 0x1C, 0x00, 0x18, 0x00, 0x00, 0x18, 0x01, 0xB8, 0x03, 0xF0, 0x07, 0xE0, 0x0F, 0xC0,
    0x1F, 0x80, 0x3F, 0x00, 0x7E, 0x00, 0xFC, 0x01, 0xF8, 0x03, 0xF0, 0x07, 0xE0, 0x0F, 0xC0, 0x1F,
    0x80, 0x3F, 0x00, 0xEF, 0x01, 0xCF, 0x0F, 0x8F, 0xFE, 0x0F, 0xF8, 0x07, 0x80, 0x01, 0xC0, 0x03,
    0x80, 0x0E, 0x00, 0x1C, 0x00, 0x00, 0x18, 0x01, 0xB8, 0x03, 0xF0, 0x07, 0xE0, 0x0F, 0xC0, 0x1F,
    0x80, 0x3F, 0x00, 0x7E, 0x00, 0xFC, 0x01, 0xF8, 0x03, 0xF0, 0x07, 0xE0, 0x0F, 0xC0, 0x1F, 0x80,
    0x3F, 0x00, 0xEF, 0x01, 0xCF, 0x0F, 0x8F, 0xFE, 0x0F, 0xF8, 0x07, 0x80, 0x07, 0x80, 0x0F, 0x80,
    0x3B, 0x80, 0xE7, 0x00, 0x00, 0x18, 0x01, 0xB8, 0x03, 0xF0, 0x07, 0xE0, 0x0F, 0xC0, 0x1F, 0x80,
    0x3F, 0x00, 0x7E, 0x00, 0xFC, 0x01, 0xF8, 0x03, 0xF0, 0x07, 0xE0, 0x0F, 0xC0, 0x1F, 0x80, 0x3F,
    0x00, 0xEF, 0x01, 0xCF, 0x0F, 0x8F, 0xFE, 0x0F, 0xF8, 0x07, 0x80, 0x1C, 0x60, 0x39, 0xE0, 0x73,
    0x80, 0x42, 0x00, 0x00, 0x18, 0x01, 0xB8, 0x03, 0xF0, 0x07, 0xE0, 0x0F, 0xC0, 0x1F, 0x80, 0x3F,
    0x00, 0x7E, 0x00, 0xFC, 0x01, 0xF8, 0x03, 0xF0, 0x07, 0xE0, 0x0F, 0xC0, 0x1F, 0x80, 0x3F, 0x00,
    0xEF, 0x01, 0xCF, 0x0F, 0x8F, 0xFE, 0x0F, 0xF8, 0x07, 0x80, 0x00, 0x70, 0x00, 0x70, 0x00, 0x30,
    0x00, 0x38, 0x00, 0x00, 0x03, 0x00, 0x19, 0xC0, 0x1C, 0xF0, 0x1E, 0x38, 0x0E, 0x1E, 0x0E, 0x07,
    0x0F, 0x01, 0xC7, 0x00, 0xF7, 0x00, 0x3B, 0x80, 0x0F, 0x80, 0x07, 0xC0, 0x01, 0xC0, 0x00, 0xE0,
    0x00, 0x70, 0x00, 0x38, 0x00, 0x1C, 0x00, 0x0E, 0x00, 0x07, 0x00, 0x03, 0x80, 0x60, 0x03, 0x80,
    0x1C, 0x00, 0xE0, 0x07, 0xF8, 0x3F, 0xF1, 0xFF, 0xCE, 0x0F, 0x70, 0x3B, 0x81, 0xDC, 0x0E, 0xE0,
    0x77, 0x0F, 0x3F, 0xF9, 0xFF, 0x0E, 0x00, 0x70, 0x03, 0x80, 0x1C, 0x00, 0x1E, 0x03, 0xF8, 0x7F,
    0xCF, 0x1E, 0xE0, 0xEE, 0x0E, 0xE0, 0xEE, 0x0E, 0xE7, 0xCE, 0xF8, 0xEF, 0xEE, 0x0F, 0xE0, 0x7E,
    0x07, 0xE0, 0x7E, 0x07, 0xE1, 0xFE, 0xFE, 0xEF, 0xC0, 0x38, 0x03, 0x80, 0x30, 0x07, 0x00, 0x00,
    0x3F, 0x1F, 0xF3, 0xFF, 0xE0, 0xE4, 0x1C, 0x03, 0x9F, 0xF7, 0xFF, 0xF1, 0xF8, 0x3F, 0x07, 0xE1,
    0xFF, 0xFD, 0xFF, 0x8E, 0x00, 0x03, 0x80, 0xE0, 0x1C, 0x03, 0x00, 0x00, 0x3F, 0x1F, 0xF3, 0xFF,
    0xE0, 0xE4, 0x1C, 0x03, 0x9F, 0xF7, 0xFF, 0xF1, 0xF8, 0x3F, 0x07, 0xE1, 0xFF, 0xFD, 0xFF, 0x8E,
    0x00, 0x0F, 0x03, 0xE0, 0xEE, 0x18, 0xE0, 0x00, 0x3F, 0x1F, 0xF3, 0xFF, 0xE0, 0xE4, 0x1C, 0x03,
    0x9F, 0xF7, 0xFF, 0xF1, 0xF8, 0x3F, 0x07, 0xE1, 0xFF, 0xFD, 0xFF, 0x8E, 0x00, 0x18, 0x87, 0xF8,
    0xFE, 0x00, 0x00, 0x00, 0x3F, 0x1F, 0xF3, 0xFF, 0xE0, 0xE4, 0x1C, 0x03, 0x9F, 0xF7, 0xFF, 0xF1,
    0xF8, 0x3F, 0x07, 0xE1, 0xFF, 0xFD, 0xFF, 0x8E, 0x00, 0x31, 0xCF, 0x38, 0xE7, 0x08, 0x40, 0x00,
    0x3F, 0x1F, 0xF3, 0xFF, 0xE0, 0xE4, 0x1C, 0x03, 0x9F, 0xF7, 0xFF, 0xF1, 0xF8, 0x3F, 0x07, 0xE1,
    0xFF, 0xFD, 0xFF, 0x8E, 0x00, 0x0E, 0x03, 0xE0, 0xFE, 0x1C, 0xC3, 0xB8, 0x3F, 0x03, 0x80, 0xFC,
    0x7F, 0xCF, 0xFF, 0x83, 0x90, 0x70, 0x0E, 0x7F, 0xDF, 0xFF, 0xC7, 0xE0, 0xFC, 0x1F, 0x87, 0xFF,
    0xF7, 0xFE, 0x38, 0x00, 0x1F, 0x0F, 0x83, 0xFE, 0xFF, 0x1F, 0xFF, 0xFD, 0xC1, 0xE0, 0xE2, 0x0F,
    0x03, 0x80, 0x70, 0x1C, 0xFF, 0xFF, 0xEF, 0xFF, 0xFF, 0xF8, 0xE0, 0x07, 0x07, 0x00, 0x38, 0x3C,
    0x0D, 0xC3, 0xF0, 0xEF, 0xFF, 0xFF, 0x3F, 0xCF, 0xF0, 0x70, 0x1C, 0x00, 0x0F, 0x83, 0xFE, 0x7F,
    0xE7, 0x07, 0xE0, 0x7E, 0x00, 0xE0, 0x0E, 0x00, 0xE0, 0x0E, 0x00, 0xF0, 0x77, 0x8F, 0x3F, 0xE1,
    0xFC, 0x07, 0x00, 0x78, 0x07, 0xC0, 0x7C, 0x07, 0x80, 0x00, 0x1C, 0x00, 0xE0, 0x03, 0x80, 0x0C,
    0x00, 0x00, 0x07, 0xC0, 0xFF, 0x0F, 0xFC, 0x70, 0x77, 0x03, 0xB8, 0x0D, 0xFF, 0xFF, 0xFF, 0xF0,
    0x03, 0x80, 0x1C, 0x0E, 0x78, 0xF1, 0xFF, 0x07, 0xF0, 0x0E, 0x00, 0x03, 0xC0, 0x1C, 0x01, 0xC0,
    0x0E, 0x00, 0x00, 0x07, 0xC0, 0xFF, 0x0F, 0xFC, 0x70, 0x77, 0x03, 0xB8, 0x0D, 0xFF, 0xFF, 0xFF,
    0xF0, 0x03, 0x80, 0x1C, 0x0E, 0x78, 0xF1, 0xFF, 0x07, 0xF0, 0x0E, 0x00, 0x0F, 0x00, 0x7C, 0x07,
    0x70, 0x73, 0x80, 0x00, 0x07, 0xC0, 0xFF, 0x0F, 0xFC, 0x70, 0x77, 0x03, 0xB8, 0x0D, 0xFF, 0xFF,
    0xFF, 0xF0, 0x03, 0x80, 0x1C, 0x0E, 0x78, 0xF1, 0xFF, 0x07, 0xF0, 0x0E, 0x00, 0x38, 0xC1, 0xCF,
    0x0E, 0x70, 0x21, 0x00, 0x00, 0x07, 0xC0, 0xFF, 0x0F, 0xFC, 0x70, 0x77, 0x03, 0xB8, 0x0D, 0xFF,
    0xFF, 0xFF, 0xF0, 0x03, 0x80, 0x1C, 0x0E, 0x78, 0xF1, 0xFF, 0x07, 0xF0, 0x0E, 0x00, 0x71, 0xC3,
    0x8E, 0x00, 0x63, 0x8E, 0x38, 0xE3, 0x8E, 0x38, 0xE3, 0x8E, 0x38, 0xE3, 0x80, 0x38, 0xE7, 0x18,
    0x01, 0x8E, 0x38, 0xE3, 0x8E, 0x38, 0xE3, 0x8E, 0x38, 0xE3, 0x8E, 0x00, 0x3C, 0x7E, 0xEE, 0xE7,
    0x00, 0x18, 0x38, 0x38, 0x38, 0x38, 0x38, 0x38, 0x38, 0x38, 0x38, 0x38, 0x38, 0x38, 0x38, 0x73,
    0xB9, 0xDC, 0xE4, 0x20, 0x00, 0x60, 0x70, 0x38, 0x1C, 0x0E, 0x07, 0x03, 0x81, 0xC0, 0xE0, 0x70,
    0x38, 0x1C, 0x0E, 0x07, 0x00, 0x00, 0x00, 0xE3, 0x07, 0xF8, 0x1F, 0x81, 0xF8, 0x0E, 0xE0, 0x03,
    0x83, 0xFC, 0x3F, 0xF3, 0xCF, 0xBC, 0x1D, 0xC0, 0xEE, 0x03, 0xF0, 0x1F, 0x80, 0xDC, 0x0E, 0xE0,
    0x73, 0x87, 0x9F, 0xF8, 0x7F, 0x80, 0x70, 0x00, 0x0C, 0xC1, 0xFC, 0x3F, 0xC0, 0x00, 0x00, 0x06,
    0x78, 0xFF, 0xEF, 0xFE, 0xF0, 0xFF, 0x07, 0xE0, 0x7E, 0x07, 0xE0, 0x7E, 0x07, 0xE0, 0x7E, 0x07,
    0xE0, 0x7E, 0x07, 0xE0, 0x70, 0x1C, 0x00, 0x70, 0x03, 0x80, 0x0C, 0x00, 0x00, 0x07, 0xC0, 0xFF,
    0x8F, 0xFC, 0x70, 0x77, 0x03, 0xB8, 0x0F, 0xC0, 0x7E, 0x03, 0xF0, 0x1F, 0x80, 0xFE, 0x0E, 0x78,
    0xF1, 0xFF, 0x07, 0xF0, 0x0E, 0x00, 0x01, 0xC0, 0x1C, 0x00, 0xC0, 0x0E, 0x00, 0x00, 0x07, 0xC0,
    0xFF, 0x8F, 0xFC, 0x70, 0x77, 0x03, 0xB8, 0x0F, 0xC0, 0x7E, 0x03, 0xF0, 0x1F, 0x80, 0xFE, 0x0E,
    0x78, 0xF1, 0xFF, 0x07, 0xF0, 0x0E, 0x00, 0x07, 0x00, 0x7C, 0x07, 0x70, 0x71, 0x80, 0x00, 0x07,
    0xC0, 0xFF, 0x8F, 0xFC, 0x70, 0x77, 0x03, 0xB8, 0x0F, 0xC0, 0x7E, 0x03, 0xF0, 0x1F, 0x80, 0xFE,
    0x0E, 0x78, 0xF1, 0xFF, 0x07, 0xF0, 0x0E, 0x00, 0x0C, 0xC0, 0xFE, 0x07, 0xF0, 0x00, 0x00, 0x00,
    0x07, 0xC0, 0xFF, 0x8F, 0xFC, 0x70, 0x77, 0x03, 0xB8, 0x0F, 0xC0, 0x7E, 0x03, 0xF0, 0x1F, 0x80,
    0xFE, 0x0E, 0x78, 0xF1, 0xFF, 0x07, 0xF0, 0x0E, 0x00, 0x18, 0xC1, 0xEF, 0x0E, 0x78, 0x21, 0x00,
    0x00, 0x07, 0xC0, 0xFF, 0x8F, 0xFC, 0x70, 0x77, 0x03, 0xB8, 0x0F, 0xC0, 0x7E, 0x03, 0xF0, 0x1F,
    0x80, 0xFE, 0x0E, 0x78, 0xF1, 0xFF, 0x07, 0xF0, 0x0E, 0x00, 0x06, 0x00, 0xF0, 0x0F, 0x00, 0x70,
    0x00, 0x07, 0xFF, 0xFF, 0xFF, 0xFF, 0x00, 0x00, 0x00, 0x0F, 0x00, 0xF0, 0x0F, 0x00, 0x00, 0x00,
    0x00, 0x1F, 0x31, 0xFF, 0xCF, 0xFE, 0x38, 0x79, 0xC3, 0xE7, 0x1D, 0xDC, 0xF7, 0x73, 0x9D, 0xDC,
    0x77, 0xE1, 0xDF, 0x0E, 0x3C, 0x79, 0xFF, 0xC7, 0xFE, 0x08, 0xE0, 0x1C, 0x01, 0xE0, 0x0E, 0x00,
    0x60, 0x00, 0x06, 0x07, 0xE0, 0x7E, 0x07, 0xE0, 0x7E, 0x07, 0xE0, 0x7E, 0x07, 0xE0, 0x7E, 0x07,
    0xE0, 0x77, 0x07, 0x78, 0xF7, 0xFF, 0x3F, 0xF0, 0x40, 0x03, 0xC0, 0x38, 0x03, 0x00, 0x70, 0x00,
    0x06, 0x07, 0xE0, 0x7E, 0x07, 0xE0, 0x7E, 0x07, 0xE0, 0x7E, 0x07, 0xE0, 0x7E, 0x07, 0xE0, 0x77,
    0x07, 0x78, 0xF7, 0xFF, 0x3F, 0xF0, 0x40, 0x0F, 0x00, 0xF8, 0x1D, 0xC3, 0x8C, 0x00, 0x06, 0x07,
    0xE0, 0x7E, 0x07, 0xE0, 0x7E, 0x07, 0xE0, 0x7E, 0x07, 0xE0, 0x7E, 0x07, 0xE0, 0x77, 0x07, 0x78,
    0xF7, 0xFF, 0x3F, 0xF0, 0x40, 0x38, 0xC3, 0x9E, 0x39, 0xC1, 0x08, 0x00, 0x06, 0x07, 0xE0, 0x7E,
    0x07, 0xE0, 0x7E, 0x07, 0xE0, 0x7E, 0x07, 0xE0, 0x7E, 0x07, 0xE0, 0x77, 0x07, 0x78, 0xF7, 0xFF,
    0x3F, 0xF0, 0x40, 0x01, 0xC0, 0x07, 0x00, 0x38, 0x00, 0xC0, 0x00, 0x03, 0x80, 0xE7, 0x03, 0x9C,
    0x0E, 0x70, 0x70, 0xE1, 0xC3, 0x87, 0x0F, 0x38, 0x1C, 0xE0, 0x73, 0x00, 0xFC, 0x03, 0xF0, 0x0F,
    0x80, 0x1E, 0x00, 0x78, 0x01, 0xC0, 0x07, 0x00, 0x38, 0x03, 0xE0, 0x1F, 0x00, 0x30, 0x00, 0x60,
    0x07, 0x00, 0x38, 0x01, 0xC0, 0x0E, 0x00, 0x73, 0xE3, 0xBF, 0x9F, 0xFE, 0xF8, 0x77, 0x81, 0xFC,
    0x0F, 0xC0, 0x7E, 0x03, 0xF0, 0x1F, 0xC0, 0xFE, 0x0F, 0xF8, 0x77, 0xFF, 0xBB, 0xF9, 0xC6, 0x0E,
    0x00, 0x70, 0x03, 0x80, 0x1C, 0x00, 0x00, 0x00, 0x1C, 0xE0, 0x73, 0x81, 0xCE, 0x02, 0x10, 0x00,
    0x03, 0x80, 0xE7, 0x03, 0x9C, 0x0E, 0x70, 0x70, 0xE1, 0xC3, 0x87, 0x0F, 0x38, 0x1C, 0xE0, 0x73,
    0x00, 0xFC, 0x03, 0xF0, 0x0F, 0x80, 0x1E, 0x00, 0x78, 0x01, 0xC0, 0x07, 0x00, 0x38, 0x03, 0xE0,
    0x1F, 0x00, 0x30, 0x00, 0x07, 0xF0, 0x03, 0xF8, 0x00, 0x00, 0x00, 0x00, 0x00, 0x1C, 0x00, 0x0E,
    0x00, 0x0F, 0x80, 0x07, 0xC0, 0x07, 0x70, 0x03, 0xB8, 0x01, 0xDC, 0x01, 0xC7, 0x00, 0xE3, 0x80,
    0x71, 0xC0, 0x70, 0x70, 0x38, 0x38, 0x1F, 0xFC, 0x1F, 0xFF, 0x0E, 0x03, 0x8F, 0x01, 0xE7, 0x00,
    0x73, 0x80, 0x3B, 0xC0, 0x0E, 0x3F, 0x87, 0xF0, 0x00, 0x00, 0x01, 0xF8, 0xFF, 0x9F, 0xFF, 0x07,
    0x20, 0xE0, 0x1C, 0xFF, 0xBF, 0xFF, 0x8F, 0xC1, 0xF8, 0x3F, 0x0F, 0xFF, 0xEF, 0xFC, 0x70, 0x00,
    0x06, 0x30, 0x03, 0xB8, 0x01, 0xFC, 0x00, 0x38, 0x00, 0x00, 0x00, 0x0E, 0x00, 0x07, 0x00, 0x07,
    0xC0, 0x03, 0xE0, 0x03, 0xB8, 0x01, 0xDC, 0x00, 0xEE, 0x00, 0xE3, 0x80, 0x71, 0xC0, 0x38, 0xE0,
    0x38, 0x38, 0x1C, 0x1C, 0x0F, 0xFE, 0x0F, 0xFF, 0x87, 0x01, 0xC7, 0x80, 0xF3, 0x80, 0x39, 0xC0,
    0x1D, 0xE0, 0x07, 0x31, 0xC7, 0x30, 0x7E, 0x07, 0x80, 0x00, 0x3F, 0x1F, 0xF3, 0xFF, 0xE0, 0xE4,
    0x1C, 0x03, 0x9F, 0xF7, 0xFF, 0xF1, 0xF8, 0x3F, 0x07, 0xE1, 0xFF, 0xFD, 0xFF, 0x8E, 0x00, 0x01,
    0xC0, 0x00, 0x70, 0x00, 0x3E, 0x00, 0x0F, 0x80, 0x07, 0x70, 0x01, 0xDC, 0x00, 0x77, 0x00, 0x38,
    0xE0, 0x0E, 0x38, 0x03, 0x8E, 0x01, 0xC1, 0xC0, 0x70, 0x70, 0x1F, 0xFC, 0x0F, 0xFF, 0x83, 0x80,
    0xE1, 0xE0, 0x3C, 0x70, 0x07, 0x1C, 0x01, 0xCF, 0x00, 0x38, 0x00, 0x1C, 0x00, 0x0E, 0x00, 0x03,
    0x80, 0x00, 0xF8, 0x00, 0x3E, 0x00, 0x03, 0x00, 0x1F, 0x87, 0xFC, 0x7F, 0xEE, 0x0E, 0x20, 0xE0,
    0x0E, 0x3F, 0xE7, 0xFE, 0xF8, 0xEE, 0x0E, 0xE0, 0xEE, 0x1E, 0xFF, 0xE7, 0xFE, 0x1D, 0xE0, 0x1C,
    0x03, 0x80, 0x1F, 0x01, 0xF0, 0x04, 0x00, 0x70, 0x00, 0xE0, 0x00, 0xE0, 0x01, 0xC0, 0x00, 0x00,
    0x03, 0xE0, 0x0F, 0xF8, 0x1F, 0xFC, 0x3C, 0x1E, 0x78, 0x0F, 0x70, 0x07, 0xF0, 0x07, 0xE0, 0x00,
    0xE0, 0x00, 0xE0, 0x00, 0xE0, 0x00, 0xE0, 0x00, 0xE0, 0x00, 0x70, 0x07, 0x70, 0x07, 0x78, 0x0F,
    0x3E, 0x3E, 0x1F, 0xFC, 0x0F, 0xF8, 0x01, 0xC0, 0x01, 0xC0, 0x38, 0x03, 0x00, 0x70, 0x00, 0x00,
    0xF8, 0x3F, 0xE7, 0xFE, 0x70, 0x7E, 0x07, 0xE0, 0x0E, 0x00, 0xE0, 0x0E, 0x00, 0xE0, 0x0F, 0x07,
    0x78, 0xF3, 0xFE, 0x1F, 0xC0, 0x70, 0x01, 0xC0, 0x03, 0xE0, 0x07, 0x70, 0x0E, 0x30, 0x00, 0x00,
    0x03, 0xE0, 0x0F, 0xF8, 0x1F, 0xFC, 0x3C, 0x1E, 0x78, 0x0F, 0x70, 0x07, 0xF0, 0x07, 0xE0, 0x00,
    0xE0, 0x00, 0xE0, 0x00, 0xE0, 0x00, 0xE0, 0x00, 0xE0, 0x00, 0x70, 0x07, 0x70, 0x07, 0x78, 0x0F,
    0x3E, 0x3E, 0x1F, 0xFC, 0x0F, 0xF8, 0x01, 0xC0, 0x07, 0x00, 0xF8, 0x1D, 0xC3, 0x8C, 0x00, 0x00,
    0xF8, 0x3F, 0xE7, 0xFE, 0x70, 0x7E, 0x07, 0xE0, 0x0E, 0x00, 0xE0, 0x0E, 0x00, 0xE0, 0x0F, 0x07,
    0x78, 0xF3, 0xFE, 0x1F, 0xC0, 0x70, 0x01, 0xC0, 0x01, 0xC0, 0x01, 0xC0, 0x00, 0x80, 0x00, 0x00,
    0x03, 0xE0, 0x0F, 0xF8, 0x1F, 0xFC, 0x3C, 0x1E, 0x78, 0x0F, 0x70, 0x07, 0xF0, 0x07, 0xE0, 0x00,
    0xE0, 0x00, 0xE0, 0x00, 0xE0, 0x00, 0xE0, 0x00, 0xE0, 0x00, 0x70, 0x07, 0x70, 0x07, 0x78, 0x0F,
    0x3E, 0x3E, 0x1F, 0xFC, 0x0F, 0xF8, 0x01, 0xC0, 0x07, 0x00, 0x70, 0x07, 0x00, 0x20, 0x00, 0x00,
    0xF8, 0x3F, 0xE7, 0xFE, 0x70, 0x7E, 0x07, 0xE0, 0x0E, 0x00, 0xE0, 0x0E, 0x00, 0xE0, 0x0F, 0x07,
    0x78, 0xF3, 0xFE, 0x1F, 0xC0, 0x70, 0x0E, 0x30, 0x07, 0x70, 0x03, 0xE0, 0x01, 0xC0, 0x00, 0x00,
    0x03, 0xE0, 0x0F, 0xF8, 0x1F, 0xFC, 0x3C, 0x1E, 0x78, 0x0F, 0x70, 0x07, 0xF0, 0x07, 0xE0, 0x00,
    0xE0, 0x00, 0xE0, 0x00, 0xE0, 0x00, 0xE0, 0x00, 0xE0, 0x00, 0x70, 0x07, 0x70, 0x07, 0x78, 0x0F,
    0x3E, 0x3E, 0x1F, 0xFC, 0x0F, 0xF8, 0x01, 0xC0, 0x39, 0xC1, 0xDC, 0x0F, 0x80, 0x70, 0x00, 0x00,
    0xF8, 0x3F, 0xE7, 0xFE, 0x70, 0x7E, 0x07, 0xE0, 0x0E, 0x00, 0xE0, 0x0E, 0x00, 0xE0, 0x0F, 0x07,
    0x78, 0xF3, 0xFE, 0x1F, 0xC0, 0x70, 0x73, 0x80, 0x77, 0x00, 0x7C, 0x00, 0x70, 0x00, 0x00, 0x1F,
    0xC0, 0x3F, 0xF8, 0x7F, 0xF8, 0xE0, 0xF9, 0xC0, 0x7B, 0x80, 0x77, 0x00, 0xEE, 0x00, 0xFC, 0x01,
    0xF8, 0x03, 0xF0, 0x07, 0xE0, 0x0F, 0xC0, 0x1F, 0x80, 0x77, 0x00, 0xEE, 0x03, 0x9C, 0x3F, 0x3F,
    0xFC, 0x7F, 0xE0, 0x00, 0x00, 0x00, 0x19, 0x80, 0x0E, 0xC0, 0x07, 0x60, 0x03, 0xB0, 0x01, 0xD8,
    0x7C, 0xE0, 0x7F, 0x70, 0x7F, 0xF8, 0x38, 0x7C, 0x38, 0x1E, 0x1C, 0x07, 0x0E, 0x03, 0x87, 0x01,
    0xC3, 0x80, 0xE1, 0xC0, 0xF0, 0xF0, 0x78, 0x3C, 0x7C, 0x1F, 0xFE, 0x07, 0xF7, 0x00, 0x60, 0x00,
    0x1F, 0xC0, 0x1F, 0xFC, 0x0F, 0xFF, 0x07, 0x07, 0xC3, 0x80, 0xF1, 0xC0, 0x38, 0xE0, 0x0E, 0x70,
    0x07, 0x38, 0x03, 0xFF, 0xE1, 0xFF, 0xF0, 0xE7, 0x00, 0x73, 0x80, 0x39, 0xC0, 0x1C, 0xE0, 0x1C,
    0x70, 0x1E, 0x38, 0x7E, 0x1F, 0xFE, 0x0F, 0xFE, 0x00, 0x00, 0x30, 0x00, 0x70, 0x0F, 0xF0, 0x1F,
    0xE0, 0x03, 0x83, 0xE7, 0x0F, 0xEE, 0x3F, 0xFC, 0x70, 0xF9, 0xC0, 0xF3, 0x80, 0xE7, 0x01, 0xCE,
    0x03, 0x9C, 0x07, 0x38, 0x1E, 0x78, 0x3C, 0x78, 0xF8, 0xFF, 0xF0, 0xFE, 0xE0, 0x30, 0x00, 0x3F,
    0xC3, 0xFC, 0x00, 0x00, 0x00, 0xFF, 0xEF, 0xFF, 0xFF, 0xFE, 0x00, 0xE0, 0x0E, 0x00, 0xE0, 0x0E,
    0x00, 0xFF, 0xEF, 0xFE, 0xFF, 0xEE, 0x00, 0xE0, 0x0E, 0x00, 0xE0, 0x0E, 0x00, 0xE0, 0x0F, 0xFF,
    0xFF, 0xF0, 0x3F, 0xC1, 0xFE, 0x00, 0x00, 0x00, 0x00, 0xF8, 0x1F, 0xE1, 0xFF, 0x8E, 0x0E, 0xE0,
    0x77, 0x01, 0xBF, 0xFF, 0xFF, 0xFE, 0x00, 0x70, 0x03, 0x81, 0xCF, 0x1E, 0x3F, 0xE0, 0xFE, 0x01,
    0xC0, 0x31, 0xC3, 0x98, 0x1F, 0x80, 0xF0, 0x00, 0x0F, 0xFE, 0xFF, 0xFF, 0xFF, 0xE0, 0x0E, 0x00,
    0xE0, 0x0E, 0x00, 0xE0, 0x0F, 0xFE, 0xFF, 0xEF, 0xFE, 0xE0, 0x0E, 0x00, 0xE0, 0x0E, 0x00, 0xE0,
    0x0E, 0x00, 0xFF, 0xFF, 0xFF, 0x38, 0xC0, 0xCE, 0x07, 0xE0, 0x1E, 0x00, 0x00, 0x07, 0xC0, 0xFF,
    0x0F, 0xFC, 0x70, 0x77, 0x03, 0xB8, 0x0D, 0xFF, 0xFF, 0xFF, 0xF0, 0x03, 0x80, 0x1C, 0x0E, 0x78,
    0xF1, 0xFF, 0x07, 0xF0, 0x0E, 0x00, 0x0E, 0x00, 0xF0, 0x0E, 0x00, 0x40, 0x00, 0x0F, 0xFE, 0xFF,
    0xFF, 0xFF, 0xE0, 0x0E, 0x00, 0xE0, 0x0E, 0x00, 0xE0, 0x0F, 0xFE, 0xFF, 0xEF, 0xFE, 0xE0, 0x0E,
    0x00, 0xE0, 0x0E, 0x00, 0xE0, 0x0E, 0x00, 0xFF, 0xFF, 0xFF, 0x07, 0x00, 0x78, 0x01, 0xC0, 0x04,
    0x00, 0x00, 0x07, 0xC0, 0xFF, 0x0F, 0xFC, 0x70, 0x77, 0x03, 0xB8, 0x0D, 0xFF, 0xFF, 0xFF, 0xF0,
    0x03, 0x80, 0x1C, 0x0E, 0x78, 0xF1, 0xFF, 0x07, 0xF0, 0x0E, 0x00, 0xFF, 0xE7, 0xFF, 0xBF, 0xFD,
    0xC0, 0x0E, 0x00, 0x70, 0x03, 0x80, 0x1C, 0x00, 0xFF, 0xE7, 0xFF, 0x3F, 0xF9, 0xC0, 0x0E, 0x00,
    0x70, 0x03, 0x80, 0x1C, 0x00, 0xE0, 0x07, 0xFF, 0xBF, 0xFC, 0x01, 0xC0, 0x1C, 0x00, 0xE0, 0x07,
    0xC0, 0x3E, 0x00, 0x60, 0x0F, 0x81, 0xFE, 0x1F, 0xF8, 0xE0, 0xEE, 0x07, 0x70, 0x1B, 0xFF, 0xFF,
    0xFF, 0xE0, 0x07, 0x00, 0x38, 0x1C, 0xF1, 0xE3, 0xFF, 0x0F, 0xF0, 0x1F, 0x00, 0x38, 0x03, 0x80,
    0x1F, 0x80, 0x7C, 0x01, 0xC0, 0x39, 0xC3, 0xF8, 0x1F, 0x00, 0xE0, 0x00, 0x0F, 0xFE, 0xFF, 0xFF,
    0xFF, 0xE0, 0x0E, 0x00, 0xE0, 0x0E, 0x00, 0xE0, 0x0F, 0xFE, 0xFF, 0xEF, 0xFE, 0xE0, 0x0E, 0x00,
    0xE0, 0x0E, 0x00, 0xE0, 0x0E, 0x00, 0xFF, 0xFF, 0xFF, 0x39, 0xC0, 0xFC, 0x03, 0xE0, 0x0E, 0x00,
    0x00, 0x07, 0xC0, 0xFF, 0x0F, 0xFC, 0x70, 0x77, 0x03, 0xB8, 0x0D, 0xFF, 0xFF, 0xFF, 0xF0, 0x03,
    0x80, 0x1C, 0x0E, 0x78, 0xF1, 0xFF, 0x07, 0xF0, 0x0E, 0x00, 0x01, 0xC0, 0x01, 0xF0, 0x01, 0xDC,
    0x01, 0xC6, 0x00, 0x00, 0x00, 0x1F, 0x00, 0x3F, 0xE0, 0x3F, 0xF8, 0x3C, 0x1E, 0x3C, 0x07, 0x9C,
    0x01, 0xDE, 0x00, 0xEE, 0x00, 0x07, 0x00, 0x03, 0x80, 0xFD, 0xC0, 0xFE, 0xE0, 0x7F, 0x70, 0x03,
    0x9C, 0x01, 0xCE, 0x00, 0xE7, 0x80, 0xF1, 0xF1, 0xF0, 0x7F, 0xF0, 0x1F, 0xF0, 0x01, 0xC0, 0x00,
    0x0F, 0x00, 0x7C, 0x07, 0x70, 0x71, 0x80, 0x00, 0x0F, 0x98, 0xFF, 0xEF, 0xFF, 0x70, 0x7F, 0x03,
    0xF8, 0x0F, 0xC0, 0x7E, 0x03, 0xF0, 0x1F, 0x81, 0xFE, 0x0F, 0x7D, 0xF9, 0xFF, 0xC7, 0xEE, 0x00,
    0x72, 0x07, 0x38, 0x39, 0xFF, 0xC7, 0xFC, 0x0F, 0x00, 0x06, 0x30, 0x03, 0xB8, 0x01, 0xFC, 0x00,
    0x38, 0x00, 0x00, 0x00, 0x1F, 0x00, 0x3F, 0xE0, 0x3F, 0xF8, 0x3C, 0x1E, 0x3C, 0x07, 0x9C, 0x01,
    0xDE, 0x00, 0xEE, 0x00, 0x07, 0x00, 0x03, 0x80, 0xFD, 0xC0, 0xFE, 0xE0, 0x7F, 0x70, 0x03, 0x9C,
    0x01, 0xCE, 0x00, 0xE7, 0x80, 0xF1, 0xF1, 0xF0, 0x7F, 0xF0, 0x1F, 0xF0, 0x01, 0xC0, 0x00, 0x38,
    0xC0, 0xCE, 0x07, 0xE0, 0x1E, 0x00, 0x00, 0x0F, 0x98, 0xFF, 0xEF, 0xFF, 0x70, 0x7F, 0x03, 0xF8,
    0x0F, 0xC0, 0x7E, 0x03, 0xF0, 0x1F, 0x81, 0xFE, 0x0F, 0x7D, 0xF9, 0xFF, 0xC7, 0xEE, 0x00, 0x72,
    0x07, 0x38, 0x39, 0xFF, 0xC7, 0xFC, 0x0F, 0x00, 0x01, 0xC0, 0x00, 0xE0, 0x00, 0x70, 0x00, 0x10,
    0x00, 0x00, 0x00, 0x1F, 0x00, 0x3F, 0xE0, 0x3F, 0xF8, 0x3C, 0x1E, 0x3C, 0x07, 0x9C, 0x01, 0xDE,
    0x00, 0xEE, 0x00, 0x07, 0x00, 0x03, 0x80, 0xFD, 0xC0, 0xFE, 0xE0, 0x7F, 0x70, 0x03, 0x9C, 0x01,
    0xCE, 0x00, 0xE7, 0x80, 0xF1, 0xF1, 0xF0, 0x7F, 0xF0, 0x1F, 0xF0, 0x01, 0xC0, 0x00, 0x07, 0x00,
    0x78, 0x01, 0xC0, 0x04, 0x00, 0x00, 0x0F, 0x98, 0xFF, 0xEF, 0xFF, 0x70, 0x7F, 0x03, 0xF8, 0x0F,
    0xC0, 0x7E, 0x03, 0xF0, 0x1F, 0x81, 0xFE, 0x0F, 0x7D, 0xF9, 0xFF, 0xC7, 0xEE, 0x00, 0x72, 0x07,
    0x38, 0x39, 0xFF, 0xC7, 0xFC, 0x0F, 0x00, 0x03, 0xE0, 0x07, 0xFC, 0x07, 0xFF, 0x07, 0x83, 0xC7,
    0x80, 0xF3, 0x80, 0x3B, 0xC0, 0x1D, 0xC0, 0x00, 0xE0, 0x00, 0x70, 0x1F, 0xB8, 0x1F, 0xDC, 0x0F,
    0xEE, 0x00, 0x73, 0x80, 0x39, 0xC0, 0x1C, 0xF0, 0x1E, 0x3E, 0x3E, 0x0F, 0xFE, 0x03, 0xFE, 0x00,
    0x38, 0x00, 0x1C, 0x00, 0x0E, 0x00, 0x0E, 0x00, 0x07, 0x00, 0x03, 0x80, 0x00, 0x00, 0x00, 0x00,
    0x00, 0x18, 0x01, 0xC0, 0x0E, 0x00, 0x70, 0x03, 0x80, 0x00, 0x03, 0xE6, 0x3F, 0xFB, 0xFF, 0xDC,
    0x1F, 0xC0, 0xFE, 0x03, 0xF0, 0x1F, 0x80, 0xFC, 0x07, 0xE0, 0x7F, 0x83, 0xDF, 0x7E, 0x7F, 0xF1,
    0xFB, 0x80, 0x1C, 0x81, 0xCE, 0x0E, 0x7F, 0xF1, 0xFF, 0x03, 0xC0, 0x07, 0x80, 0x1F, 0x80, 0x3B,
    0x80, 0xE7, 0x00, 0x00, 0x18, 0x01, 0xB8, 0x03, 0xF0, 0x07, 0xE0, 0x0F, 0xC0, 0x1F, 0x80, 0x3F,
    0x00, 0x7E, 0x00, 0xFF, 0xFF, 0xFF, 0xFF, 0xFF, 0xFF, 0xE0, 0x0F, 0xC0, 0x1F, 0x80, 0x3F, 0x00,
    0x7E, 0x00, 0xFC, 0x01, 0xF8, 0x03, 0xF0, 0x07, 0x3C, 0x01, 0xF8, 0x0E, 0xE0, 0x39, 0xC0, 0x00,
    0x00, 0x60, 0x03, 0x80, 0x0E, 0x00, 0x38, 0x00, 0xE0, 0x03, 0x9E, 0x0F, 0xFE, 0x3F, 0xF8, 0xF0,
    0xF3, 0xC1, 0xCE, 0x07, 0x38, 0x1C, 0xE0, 0x73, 0x81, 0xCE, 0x07, 0x38, 0x1C, 0xE0, 0x73, 0x81,
    0xCE, 0x07, 0x30, 0x03, 0x1C, 0x01, 0xC7, 0x00, 0x71, 0xC0, 0x1C, 0xFF, 0xFF, 0xBF, 0xFF, 0xEF,
    0xFF, 0xF9, 0xC0, 0x1C, 0x7F, 0xFF, 0x1F, 0xFF, 0xC7, 0xFF, 0xF1, 0xC0, 0x1C, 0x70, 0x07, 0x1C,
    0x01, 0xC7, 0x00, 0x71, 0xC0, 0x1C, 0x70, 0x07, 0x1C, 0x01, 0xC7, 0x00, 0x70, 0x30, 0x03, 0x80,
    0x3F, 0xC1, 0xFE, 0x07, 0x00, 0x39, 0xE1, 0xFF, 0xCF, 0xFE, 0x78, 0x7B, 0xC1, 0xDC, 0x0E, 0xE0,
    0x77, 0x03, 0xB8, 0x1D, 0xC0, 0xEE, 0x07, 0x70, 0x3B, 0x81, 0xDC, 0x0E, 0x33, 0x7F, 0xFF, 0x00,
    0x00, 0x18, 0x1C, 0x1C, 0x1C, 0x1C, 0x1C, 0x1C, 0x1C, 0x1C, 0x1C, 0x1C, 0x1C, 0x1C, 0x1C, 0x1C,
    0x1C, 0x1C, 0x1C, 0x1C, 0x73, 0xFF, 0xFE, 0x00, 0x00, 0x18, 0x38, 0x38, 0x38, 0x38, 0x38, 0x38,
    0x38, 0x38, 0x38, 0x38, 0x38, 0x38, 0x38, 0xFF, 0x7F, 0x00, 0x00, 0x18, 0x1C, 0x1C, 0x1C, 0x1C,
    0x1C, 0x1C, 0x1C, 0x1C, 0x1C, 0x1C, 0x1C, 0x1C, 0x1C, 0x1C, 0x1C, 0x1C, 0x1C, 0x1C, 0xFF, 0xFF,
    0x00, 0x00, 0x18, 0x38, 0x38, 0x38, 0x38, 0x38, 0x38, 0x38, 0x38, 0x38, 0x38, 0x38, 0x38, 0x38,
    0xE3, 0x67, 0x7E, 0x3C, 0x00, 0x18, 0x1C, 0x1C, 0x1C, 0x1C, 0x1C, 0x1C, 0x1C, 0x1C, 0x1C, 0x1C,
    0x1C, 0x1C, 0x1C, 0x1C, 0x1C, 0x1C, 0x1C, 0x1C, 0xC7, 0xE7, 0x7E, 0x3C, 0x00, 0x18, 0x38, 0x38,
    0x38, 0x38, 0x38, 0x38, 0x38, 0x38, 0x38, 0x38, 0x38, 0x38, 0x38, 0x30, 0xE3, 0x8E, 0x38, 0xE3,
    0x8E, 0x38, 0xE3, 0x8E, 0x38, 0xE3, 0x8E, 0x38, 0xE3, 0x9C, 0xE3, 0x8F, 0xBE, 0x30, 0x18, 0xF3,
    0xC4, 0x00, 0x63, 0x8E, 0x38, 0xE3, 0x8E, 0x38, 0xE3, 0x8E, 0x38, 0xE3, 0x8E, 0x71, 0x87, 0xDF,
    0x18, 0x7F, 0x72, 0x06, 0x77, 0x77, 0x77, 0x77, 0x77, 0x77, 0x77, 0x77, 0x77, 0x6E, 0xEE, 0xEE,
    0xEE, 0xEE, 0xEE, 0xEE, 0xC0, 0x03, 0x70, 0x01, 0xF8, 0x00, 0xFC, 0x00, 0x7E, 0x00, 0x3F, 0x00,
    0x1F, 0x80, 0x0F, 0xC0, 0x07, 0xE0, 0x03, 0xF0, 0x01, 0xF8, 0x00, 0xFC, 0x00, 0x7E, 0x30, 0x3F,
    0x38, 0x1F, 0x9C, 0x0F, 0xCF, 0x0F, 0xE3, 0xC7, 0x71, 0xFF, 0xB8, 0x7F, 0x80, 0x06, 0x00, 0x63,
    0xBC, 0xFF, 0x39, 0x04, 0x00, 0x18, 0xEE, 0x3B, 0x8E, 0xE3, 0xB8, 0xEE, 0x3B, 0x8E, 0xE3, 0xB8,
    0xEE, 0x3B, 0x8E, 0xE3, 0xB8, 0xEE, 0x38, 0x0E, 0x03, 0x80, 0xE0, 0xF8, 0x3C, 0x00, 0x00, 0x00,
    0xF0, 0x07, 0xE0, 0x3B, 0x80, 0xE7, 0x00, 0x00, 0x01, 0x80, 0x0E, 0x00, 0x38, 0x00, 0xE0, 0x03,
    0x80, 0x0E, 0x00, 0x38, 0x00, 0xE0, 0x03, 0x80, 0x0E, 0x00, 0x38, 0x00, 0xE3, 0x03, 0x8E, 0x0E,
    0x38, 0x38, 0xE0, 0xE3, 0xC7, 0x87, 0xFC, 0x0F, 0xE0, 0x0E, 0x00, 0x3C, 0x7E, 0xEE, 0xE7, 0x00,
    0x18, 0x38, 0x38, 0x38, 0x38, 0x38, 0x38, 0x38, 0x38, 0x38, 0x38, 0x38, 0x38, 0x38, 0x38, 0x38,
    0x38, 0xF8, 0xF0, 0x00, 0xC0, 0x1F, 0x80, 0xFE, 0x07, 0xB8, 0x3C, 0xE1, 0xE3, 0x8F, 0x0E, 0x78,
    0x3B, 0xC0, 0xFE, 0x03, 0xFC, 0x0F, 0xF0, 0x3D, 0xE0, 0xE3, 0xC3, 0x87, 0x0E, 0x0E, 0x38, 0x3C,
    0xE0, 0x7B, 0x80, 0xEE, 0x03, 0xC0, 0x00, 0x07, 0x00, 0x1C, 0x00, 0x60, 0x03, 0x80, 0x0E, 0x00,
    0x00, 0x00, 0x60, 0x07, 0x00, 0x38, 0x01, 0xC0, 0x0E, 0x00, 0x70, 0x3B, 0x83, 0x9C, 0x38, 0xE3,
    0x87, 0x38, 0x3B, 0x81, 0xFC, 0x0F, 0xF0, 0x7B, 0x83, 0x9E, 0x1C, 0x78, 0xE1, 0xE7, 0x07, 0x38,
    0x1C, 0x00, 0x00, 0x60, 0x07, 0x00, 0x38, 0x01, 0x80, 0x0C, 0x00, 0x00, 0x00, 0x60, 0x7E, 0x0E,
    0xE1, 0xCE, 0x3C, 0xE7, 0x8E, 0xF0, 0xFE, 0x0F, 0xC0, 0xEE, 0x0E, 0x70, 0xE7, 0x8E, 0x3C, 0xE1,
    0xEE, 0x0F, 0x78, 0x0E, 0x01, 0x80, 0x70, 0x00, 0x01, 0x80, 0x38, 0x07, 0x00, 0xE0, 0x1C, 0x03,
    0x80, 0x70, 0x0E, 0x01, 0xC0, 0x38, 0x07, 0x00, 0xE0, 0x1C, 0x03, 0x80, 0x70, 0x0E, 0x01, 0xC0,
    0x3F, 0xFF, 0xFF, 0x38, 0xE7, 0x18, 0x01, 0x8E, 0x38, 0xE3, 0x8E, 0x38, 0xE3, 0x8E, 0x38, 0xE3,
    0x8E, 0x38, 0xE3, 0x8E, 0x38, 0xC0, 0x1C, 0x03, 0x80, 0x70, 0x0E, 0x01, 0xC0, 0x38, 0x07, 0x00,
    0xE0, 0x1C, 0x03, 0x80, 0x70, 0x0E, 0x01, 0xC0, 0x38, 0x07, 0x00, 0xE0, 0x1F, 0xFF, 0xFF, 0x80,
    0x00, 0xE0, 0x1C, 0x07, 0x00, 0xE0, 0x1C, 0x00, 0x00, 0x33, 0x9C, 0xE7, 0x39, 0xCE, 0x73, 0x9C,
    0xE7, 0x39, 0xCE, 0x73, 0x9C, 0x07, 0x39, 0xCC, 0x60, 0x00, 0x00, 0x18, 0xE3, 0x9C, 0x73, 0x8E,
    0x71, 0xCC, 0x38, 0x07, 0x00, 0xE0, 0x1C, 0x03, 0x80, 0x70, 0x0E, 0x01, 0xC0, 0x38, 0x07, 0x00,
    0xE0, 0x1C, 0x03, 0xFF, 0xFF, 0xF0, 0x00, 0xDF, 0xBF, 0x7E, 0xFD, 0xF8, 0x70, 0xE1, 0xC3, 0x87,
    0x0E, 0x1C, 0x38, 0x70, 0xE1, 0xC3, 0x87, 0x00, 0xC0, 0x1C, 0x03, 0x80, 0x70, 0x0E, 0x01, 0xC0,
    0x38, 0x07, 0x38, 0xE7, 0x1C, 0xE3, 0x88, 0x70, 0x0E, 0x01, 0xC0, 0x38, 0x07, 0x00, 0xE0, 0x1F,
    0xFF, 0xFF, 0x80, 0x60, 0xE0, 0xE0, 0xE0, 0xE0, 0xE0, 0xE0, 0xE0, 0xE7, 0xEF, 0xEF, 0xE0, 0xE0,
    0xE0, 0xE0, 0xE0, 0xE0, 0xE0, 0xE0, 0x18, 0x00, 0xF0, 0x03, 0xC0, 0x0F, 0x00, 0x3C, 0x00, 0xF3,
    0x03, 0xFC, 0x0F, 0xF0, 0x3F, 0x01, 0xF8, 0x0F, 0xC0, 0x3F, 0x00, 0xBC, 0x00, 0xF0, 0x03, 0xC0,
    0x0F, 0x00, 0x3C, 0x00, 0xFF, 0xF3, 0xFF, 0xC0, 0x18, 0x38, 0x38, 0x38, 0x38, 0x3A, 0x3E, 0x3E,
    0x7C, 0xF8, 0xF8, 0x38, 0x38, 0x38, 0x38, 0x38, 0x38, 0x38, 0x38, 0x01, 0xE0, 0x03, 0x80, 0x06,
    0x00, 0x1C, 0x00, 0x00, 0x1C, 0x01, 0xBC, 0x03, 0xF8, 0x07, 0xF8, 0x0F, 0xF8, 0x1F, 0xF0, 0x3F,
    0xF0, 0x7E, 0xE0, 0xFC, 0xE1, 0xF9, 0xE3, 0xF1, 0xC7, 0xE1, 0xCF, 0xC3, 0xDF, 0x83, 0xBF, 0x07,
    0xFE, 0x07, 0xFC, 0x07, 0xF8, 0x0F, 0xF0, 0x0F, 0x03, 0xC0, 0x38, 0x03, 0x00, 0x70, 0x00, 0x06,
    0x78, 0xFF, 0xEF, 0xFE, 0xF0, 0xFF, 0x07, 0xE0, 0x7E, 0x07, 0xE0, 0x7E, 0x07, 0xE0, 0x7E, 0x07,
    0xE0, 0x7E, 0x07, 0xE0, 0x70, 0xE0, 0x0D, 0xE0, 0x1F, 0xC0, 0x3F, 0xC0, 0x7F, 0xC0, 0xFF, 0x81,
    0xFF, 0x83, 0xF7, 0x07, 0xE7, 0x0F, 0xCF, 0x1F, 0x8E, 0x3F, 0x0E, 0x7E, 0x1E, 0xFC, 0x1D, 0xF8,
    0x3F, 0xF0, 0x3F, 0xE0, 0x3F, 0xC0, 0x7F, 0x80, 0x78, 0x00, 0x00, 0x38, 0x00, 0x60, 0x01, 0xC0,
    0x03, 0x80, 0x06, 0x00, 0x00, 0x00, 0x67, 0x8F, 0xFE, 0xFF, 0xEF, 0x0F, 0xF0, 0x7E, 0x07, 0xE0,
    0x7E, 0x07, 0xE0, 0x7E, 0x07, 0xE0, 0x7E, 0x07, 0xE0, 0x7E, 0x07, 0x00, 0x00, 0x70, 0x06, 0x00,
    0xE0, 0x0E, 0x00, 0xC0, 0x00, 0x00, 0x1C, 0xE0, 0x1F, 0xC0, 0x1F, 0x00, 0x1C, 0x00, 0x00, 0x1C,
    0x01, 0xBC, 0x03, 0xF8, 0x07, 0xF8, 0x0F, 0xF8, 0x1F, 0xF0, 0x3F, 0xF0, 0x7E, 0xE0, 0xFC, 0xE1,
    0xF9, 0xE3, 0xF1, 0xC7, 0xE1, 0xCF, 0xC3, 0xDF, 0x83, 0xBF, 0x07, 0xFE, 0x07, 0xFC, 0x07, 0xF8,
    0x0F, 0xF0, 0x0F, 0x39, 0xC1, 0xFC, 0x0F, 0x80, 0x70, 0x00, 0x06, 0x78, 0xFF, 0xEF, 0xFE, 0xF0,
    0xFF, 0x07, 0xE0, 0x7E, 0x07, 0xE0, 0x7E, 0x07, 0xE0, 0x7E, 0x07, 0xE0, 0x7E, 0x07, 0xE0, 0x70,
    0xE0, 0x0D, 0xE0, 0x1F, 0xC0, 0x3F, 0xC0, 0x7F, 0xC0, 0xFF, 0x81, 0xFF, 0x83, 0xF7, 0x07, 0xE7,
    0x0F, 0xCF, 0x1F, 0x8E, 0x3F, 0x0E, 0x7E, 0x1E, 0xFC, 0x1D, 0xF8, 0x3F, 0xF0, 0x3F, 0xE0, 0x3F,
    0xC0, 0x7F, 0x80, 0x78, 0x00, 0x70, 0x00, 0xE0, 0x01, 0xC0, 0x1F, 0x80, 0x3E, 0x00, 0x30, 0x67,
    0x8F, 0xFE, 0xFF, 0xEF, 0x0F, 0xF0, 0x7E, 0x07, 0xE0, 0x7E, 0x07, 0xE0, 0x7E, 0x07, 0xE0, 0x7E,
    0x07, 0xE0, 0x7E, 0x07, 0x00, 0x70, 0x07, 0x00, 0x70, 0x1F, 0x03, 0xE0, 0x18, 0x07, 0xF0, 0x03,
    0xF8, 0x00, 0x00, 0x00, 0x00, 0x00, 0x3E, 0x00, 0x7F, 0xC0, 0x7F, 0xF0, 0x78, 0x3C, 0x78, 0x0F,
    0x38, 0x03, 0xBC, 0x01, 0xFC, 0x00, 0x7E, 0x00, 0x3F, 0x00, 0x1F, 0x80, 0x0F, 0xC0, 0x07, 0xE0,
    0x03, 0xB8, 0x03, 0x9C, 0x01, 0xCF, 0x01, 0xE3, 0xE3, 0xE0, 0xFF, 0xE0, 0x3F, 0xE0, 0x03, 0x80,
    0x1F, 0xC0, 0xFE, 0x00, 0x00, 0x00, 0x00, 0xF8, 0x1F, 0xF1, 0xFF, 0x8E, 0x0E, 0xE0, 0x77, 0x01,
    0xF8, 0x0F, 0xC0, 0x7E, 0x03, 0xF0, 0x1F, 0xC1, 0xCF, 0x1E, 0x3F, 0xE0, 0xFE, 0x01, 0xC0, 0x06,
    0x30, 0x03, 0xB8, 0x01, 0xFC, 0x00, 0x38, 0x00, 0x00, 0x00, 0x1F, 0x00, 0x3F, 0xE0, 0x3F, 0xF8,
    0x3C, 0x1E, 0x3C, 0x07, 0x9C, 0x01, 0xDE, 0x00, 0xFE, 0x00, 0x3F, 0x00, 0x1F, 0x80, 0x0F, 0xC0,
    0x07, 0xE0, 0x03, 0xF0, 0x01, 0xDC, 0x01, 0xCE, 0x00, 0xE7, 0x80, 0xF1, 0xF1, 0xF0, 0x7F, 0xF0,
    0x1F, 0xF0, 0x01, 0xC0, 0x00, 0x38, 0xC0, 0xEE, 0x07, 0xE0, 0x1E, 0x00, 0x00, 0x07, 0xC0, 0xFF,
    0x8F, 0xFC, 0x70, 0x77, 0x03, 0xB8, 0x0F, 0xC0, 0x7E, 0x03, 0xF0, 0x1F, 0x80, 0xFE, 0x0E, 0x78,
    0xF1, 0xFF, 0x07, 0xF0, 0x0E, 0x00, 0x03, 0xB8, 0x03, 0x9C, 0x01, 0xDC, 0x00, 0xCC, 0x00, 0x00,
    0x00, 0x1F, 0x00, 0x3F, 0xE0, 0x3F, 0xF8, 0x3C, 0x1E, 0x3C, 0x07, 0x9C, 0x01, 0xDE, 0x00, 0xFE,
    0x00, 0x3F, 0x00, 0x1F, 0x80, 0x0F, 0xC0, 0x07, 0xE0, 0x03, 0xF0, 0x01, 0xDC, 0x01, 0xCE, 0x00,
    0xE7, 0x80, 0xF1, 0xF1, 0xF0, 0x7F, 0xF0, 0x1F, 0xF0, 0x01, 0xC0, 0x00, 0x1E, 0xE0, 0xEE, 0x07,
    0x70, 0x77, 0x00, 0x00, 0x07, 0xC0, 0xFF, 0x8F, 0xFC, 0x70, 0x77, 0x03, 0xB8, 0x0F, 0xC0, 0x7E,
    0x03, 0xF0, 0x1F, 0x80, 0xFE, 0x0E, 0x78, 0xF1, 0xFF, 0x07, 0xF0, 0x0E, 0x00, 0x00, 0xFF, 0xFC,
    0x1F, 0xFF, 0xFC, 0x7F, 0xFF, 0xF9, 0xF0, 0xE0, 0x07, 0x81, 0xC0, 0x0E, 0x03, 0x80, 0x1C, 0x07,
    0x00, 0x70, 0x0E, 0x00, 0xE0, 0x1F, 0xFD, 0xC0, 0x3F, 0xFB, 0x80, 0x7F, 0xF7, 0x00, 0xE0, 0x0E,
    0x01, 0xC0, 0x0E, 0x03, 0x80, 0x1C, 0x07, 0x00, 0x1C, 0x0E, 0x00, 0x3F, 0x1C, 0x00, 0x3F, 0xFF,
    0xFC, 0x1F, 0xFF, 0xF8, 0x0F, 0x83, 0xE0, 0x7F, 0xDF, 0xF1, 0xFF, 0xFF, 0xF3, 0x83, 0xE0, 0xEE,
    0x07, 0x81, 0xFC, 0x07, 0x01, 0xF8, 0x0F, 0xFF, 0xF0, 0x1F, 0xFF, 0xE0, 0x38, 0x01, 0xC0, 0x70,
    0x03, 0xC1, 0xF0, 0x33, 0xC7, 0xF0, 0xE3, 0xFE, 0xFF, 0xC3, 0xF8, 0xFF, 0x01, 0xC0, 0x70, 0x00,
    0x03, 0x80, 0x0E, 0x00, 0x70, 0x01, 0x80, 0x00, 0x03, 0xF8, 0x0F, 0xFE, 0x3F, 0xFC, 0xE0, 0xF3,
    0x80, 0xEE, 0x03, 0xB8, 0x0E, 0xE0, 0x3B, 0x81, 0xEF, 0xFF, 0x3F, 0xF8, 0xFF, 0xC3, 0x87, 0x0E,
    0x1E, 0x38, 0x38, 0xE0, 0xF3, 0x81, 0xCE, 0x07, 0xB8, 0x0E, 0x0E, 0x0E, 0x1C, 0x18, 0x00, 0x6F,
    0xFF, 0xFF, 0xF0, 0xF0, 0xE0, 0xE0, 0xE0, 0xE0, 0xE0, 0xE0, 0xE0, 0xE0, 0xE0, 0xFE, 0x03, 0xFF,
    0x8F, 0xFF, 0x38, 0x3C, 0xE0, 0x3B, 0x80, 0xEE, 0x03, 0xB8, 0x0E, 0xE0, 0x7B, 0xFF, 0xCF, 0xFE,
    0x3F, 0xF0, 0xE1, 0xC3, 0x87, 0x8E, 0x0E, 0x38, 0x3C, 0xE0, 0x73, 0x81, 0xEE, 0x03, 0x80, 0x00,
    0x06, 0x00, 0x38, 0x00, 0xE0, 0x03, 0x80, 0x0C, 0x00, 0x00, 0x00, 0x37, 0xBF, 0xDF, 0xEF, 0x07,
    0x83, 0x81, 0xC0, 0xE0, 0x70, 0x38, 0x1C, 0x0E, 0x07, 0x03, 0x80, 0x00, 0xE0, 0x70, 0x38, 0x18,
    0x0C, 0x00, 0x00, 0x39, 0xC0, 0x7E, 0x01, 0xF0, 0x03, 0x80, 0x00, 0x03, 0xF8, 0x0F, 0xFE, 0x3F,
    0xFC, 0xE0, 0xF3, 0x80, 0xEE, 0x03, 0xB8, 0x0E, 0xE0, 0x3B, 0x81, 0xEF, 0xFF, 0x3F, 0xF8, 0xFF,
    0xC3, 0x87, 0x0E, 0x1E, 0x38, 0x38, 0xE0, 0xF3, 0x81, 0xCE, 0x07, 0xB8, 0x0E, 0xE7, 0x7E, 0x3C,
    0x3C, 0x00, 0x6F, 0xFF, 0xFF, 0xF0, 0xF0, 0xE0, 0xE0, 0xE0, 0xE0, 0xE0, 0xE0, 0xE0, 0xE0, 0xE0,
    0x01, 0xC0, 0x07, 0x00, 0x38, 0x00, 0xC0, 0x00, 0x00, 0x1E, 0x01, 0xFE, 0x0F, 0xFC, 0x78, 0x79,
    0xC0, 0xEE, 0x01, 0xFC, 0x00, 0x78, 0x01, 0xFC, 0x03, 0xFE, 0x01, 0xFC, 0x00, 0xF8, 0x00, 0xF0,
    0x01, 0xF8, 0x07, 0xF0, 0x3D, 0xE1, 0xE7, 0xFF, 0x87, 0xF8, 0x07, 0x80, 0x03, 0x80, 0xE0, 0x1C,
    0x07, 0x00, 0x00, 0x3E, 0x1F, 0xF3, 0xFE, 0xE0, 0xFC, 0x03, 0xC0, 0x3F, 0x83, 0xFC, 0x0F, 0xC0,
    0x3F, 0x07, 0xF1, 0xEF, 0xF8, 0xFE, 0x07, 0x00, 0x07, 0x80, 0x3F, 0x01, 0xDC, 0x07, 0x38, 0x00,
    0x00, 0x1E, 0x01, 0xFE, 0x0F, 0xFC, 0x78, 0x79, 0xC0, 0xEE, 0x01, 0xFC, 0x00, 0x78, 0x01, 0xFC,
    0x03, 0xFE, 0x01, 0xFC, 0x00, 0xF8, 0x00, 0xF0, 0x01, 0xF8, 0x07, 0xF0, 0x3D, 0xE1, 0xE7, 0xFF,
    0x87, 0xF8, 0x07, 0x80, 0x0E, 0x03, 0xE0, 0xEE, 0x18, 0xE0, 0x00, 0x3E, 0x1F, 0xF3, 0xFE, 0xE0,
    0xFC, 0x03, 0xC0, 0x3F, 0x83, 0xFC, 0x0F, 0xC0, 0x3F, 0x07, 0xF1, 0xEF, 0xF8, 0xFE, 0x07, 0x00,
    0x07, 0x80, 0x7F, 0x83, 0xFF, 0x1E, 0x1E, 0x70, 0x3B, 0x80, 0x7F, 0x00, 0x1E, 0x00, 0x7F, 0x00,
    0xFF, 0x80, 0x7F, 0x00, 0x3E, 0x00, 0x3C, 0x00, 0x7E, 0x01, 0xFC, 0x0F, 0x78, 0x79, 0xFF, 0xE1,
    0xFE, 0x01, 0xE0, 0x03, 0xC0, 0x0F, 0x00, 0x3C, 0x01, 0xF0, 0x00, 0x00, 0x1F, 0x0F, 0xF9, 0xFF,
    0x70, 0x7E, 0x01, 0xE0, 0x1F, 0xC1, 0xFE, 0x07, 0xE0, 0x1F, 0x83, 0xF8, 0xF7, 0xFC, 0x7F, 0x03,
    0x80, 0x78, 0x07, 0x81, 0xF0, 0x3C, 0x00, 0x00, 0x1C, 0xE0, 0x3F, 0x00, 0xF8, 0x01, 0xC0, 0x00,
    0x00, 0x1E, 0x01, 0xFE, 0x0F, 0xFC, 0x78, 0x79, 0xC0, 0xEE, 0x01, 0xFC, 0x00, 0x78, 0x01, 0xFC,
    0x03, 0xFE, 0x01, 0xFC, 0x00, 0xF8, 0x00, 0xF0, 0x01, 0xF8, 0x07, 0xF0, 0x3D, 0xE1, 0xE7, 0xFF,
    0x87, 0xF8, 0x07, 0x80, 0x39, 0xC7, 0x70, 0x7C, 0x07, 0x00, 0x00, 0x3E, 0x1F, 0xF3, 0xFE, 0xE0,
    0xFC, 0x03, 0xC0, 0x3F, 0x83, 0xFC, 0x0F, 0xC0, 0x3F, 0x07, 0xF1, 0xEF, 0xF8, 0xFE, 0x07, 0x00,
    0xFF, 0xFF, 0xFF, 0xFF, 0xFF, 0xC1, 0xE0, 0x07, 0x80, 0x1E, 0x00, 0x78, 0x01, 0xE0, 0x07, 0x80,
    0x1E, 0x00, 0x78, 0x01, 0xE0, 0x07, 0x80, 0x1E, 0x00, 0x78, 0x01, 0xE0, 0x07, 0x80, 0x1E, 0x00,
    0x78, 0x00, 0xC0, 0x03, 0xC0, 0x0F, 0x00, 0x3C, 0x01, 0xF0, 0x00, 0x00, 0x38, 0x1C, 0x0E, 0x1F,
    0xEF, 0xF7, 0xF0, 0xE0, 0x70, 0x38, 0x1C, 0x0E, 0x07, 0x03, 0x81, 0xC0, 0xE0, 0x7E, 0x1F, 0x06,
    0x03, 0xC1, 0xE0, 0xF0, 0xF8, 0x00, 0x1C, 0xE0, 0x3F, 0x00, 0x78, 0x01, 0xE0, 0x00, 0x03, 0xFF,
    0xFF, 0xFF, 0xFF, 0xFF, 0x07, 0x80, 0x1E, 0x00, 0x78, 0x01, 0xE0, 0x07, 0x80, 0x1E, 0x00, 0x78,
    0x01, 0xE0, 0x07, 0x80, 0x1E, 0x00, 0x78, 0x01, 0xE0, 0x07, 0x80, 0x1E, 0x00, 0x78, 0x01, 0xE0,
    0x00, 0x01, 0x80, 0xC0, 0x63, 0xB1, 0xD8, 0xE1, 0xFE, 0xFF, 0x7F, 0x0E, 0x07, 0x03, 0x81, 0xC0,
    0xE0, 0x70, 0x38, 0x1C, 0x0E, 0x07, 0xE1, 0xF0, 0x00, 0xFF, 0xFF, 0xFF, 0xFF, 0xFF, 0xC1, 0xE0,
    0x07, 0x80, 0x1E, 0x00, 0x78, 0x01, 0xE0, 0x07, 0x80, 0xFF, 0xC3, 0xFF, 0x01, 0xE0, 0x07, 0x80,
    0x1E, 0x00, 0x78, 0x01, 0xE0, 0x07, 0x80, 0x1E, 0x00, 0x78, 0x00, 0x38, 0x38, 0x38, 0xFF, 0xFF,
    0xFE, 0x38, 0xFE, 0xFF, 0xFF, 0x38, 0x38, 0x38, 0x38, 0x38, 0x3F, 0x1F, 0x00, 0x0E, 0x60, 0x1F,
    0xC0, 0x7F, 0x80, 0x00, 0x00, 0x00, 0x18, 0x01, 0xB8, 0x03, 0xF0, 0x07, 0xE0, 0x0F, 0xC0, 0x1F,
    0x80, 0x3F, 0x00, 0x7E, 0x00, 0xFC, 0x01, 0xF8, 0x03, 0xF0, 0x07, 0xE0, 0x0F, 0xC0, 0x1F, 0x80,
    0x3F, 0x00, 0xEF, 0x01, 0xCF, 0x0F, 0x8F, 0xFE, 0x0F, 0xF8, 0x07, 0x80, 0x0C, 0xC1, 0xFC, 0x3F,
    0xC0, 0x00, 0x00, 0x06, 0x07, 0xE0, 0x7E, 0x07, 0xE0, 0x7E, 0x07, 0xE0, 0x7E, 0x07, 0xE0, 0x7E,
    0x07, 0xE0, 0x77, 0x07, 0x78, 0xF7, 0xFF, 0x3F, 0xF0, 0x40, 0x1F, 0xE0, 0x3F, 0xC0, 0x00, 0x00,
    0x00, 0x0C, 0x00, 0xDC, 0x01, 0xF8, 0x03, 0xF0, 0x07, 0xE0, 0x0F, 0xC0, 0x1F, 0x80, 0x3F, 0x00,
    0x7E, 0x00, 0xFC, 0x01, 0xF8, 0x03, 0xF0, 0x07, 0xE0, 0x0F, 0xC0, 0x1F, 0x80, 0x77, 0x80, 0xE7,
    0x87, 0xC7, 0xFF, 0x07, 0xFC, 0x03, 0xC0, 0x3F, 0xC1, 0xFC, 0x00, 0x00, 0x00, 0x60, 0x7E, 0x07,
    0xE0, 0x7E, 0x07, 0xE0, 0x7E, 0x07, 0xE0, 0x7E, 0x07, 0xE0, 0x7E, 0x07, 0x70, 0x77, 0x8F, 0x7F,
    0xF3, 0xFF, 0x04, 0x00, 0x1C, 0x60, 0x19, 0xC0, 0x3F, 0x00, 0x3C, 0x00, 0x00, 0x18, 0x01, 0xB8,
    0x03, 0xF0, 0x07, 0xE0, 0x0F, 0xC0, 0x1F, 0x80, 0x3F, 0x00, 0x7E, 0x00, 0xFC, 0x01, 0xF8, 0x03,
    0xF0, 0x07, 0xE0, 0x0F, 0xC0, 0x1F, 0x80, 0x3F, 0x00, 0xEF, 0x01, 0xCF, 0x0F, 0x8F, 0xFE, 0x0F,
    0xF8, 0x07, 0x80, 0x38, 0xC1, 0x9C, 0x1F, 0x80, 0xF0, 0x00, 0x06, 0x07, 0xE0, 0x7E, 0x07, 0xE0,
    0x7E, 0x07, 0xE0, 0x7E, 0x07, 0xE0, 0x7E, 0x07, 0xE0, 0x77, 0x07, 0x78, 0xF7, 0xFF, 0x3F, 0xF0,
    0x40, 0x07, 0x80, 0x1F, 0x80, 0x33, 0x80, 0x67, 0x00, 0xFC, 0x00, 0xF8, 0x30, 0x03, 0x70, 0x07,
    0xE0, 0x0F, 0xC0, 0x1F, 0x80, 0x3F, 0x00, 0x7E, 0x00, 0xFC, 0x01, 0xF8, 0x03, 0xF0, 0x07, 0xE0,
    0x0F, 0xC0, 0x1F, 0x80, 0x3F, 0x00, 0x7E, 0x01, 0xDE, 0x03, 0x9E, 0x1F, 0x1F, 0xFC, 0x1F, 0xF0,
    0x0F, 0x00, 0x07, 0x00, 0xF8, 0x1F, 0xC1, 0x9C, 0x1D, 0xC1, 0xF8, 0x07, 0x06, 0x07, 0xE0, 0x7E,
    0x07, 0xE0, 0x7E, 0x07, 0xE0, 0x7E, 0x07, 0xE0, 0x7E, 0x07, 0xE0, 0x77, 0x07, 0x78, 0xF7, 0xFF,
    0x3F, 0xF0, 0x40, 0x0E, 0x70, 0x1D, 0xC0, 0x33, 0x80, 0xEE, 0x00, 0x00, 0x18, 0x01, 0xB8, 0x03,
    0xF0, 0x07, 0xE0, 0x0F, 0xC0, 0x1F, 0x80, 0x3F, 0x00, 0x7E, 0x00, 0xFC, 0x01, 0xF8, 0x03, 0xF0,
    0x07, 0xE0, 0x0F, 0xC0, 0x1F, 0x80, 0x3F, 0x00, 0xEF, 0x01, 0xCF, 0x0F, 0x8F, 0xFE, 0x0F, 0xF8,
    0x07, 0x80, 0x1C, 0xE1, 0xDC, 0x19, 0xC3, 0xB8, 0x00, 0x06, 0x07, 0xE0, 0x7E, 0x07, 0xE0, 0x7E,
    0x07, 0xE0, 0x7E, 0x07, 0xE0, 0x7E, 0x07, 0xE0, 0x77, 0x07, 0x78, 0xF7, 0xFF, 0x3F, 0xF0, 0x40,
    0xC0, 0x0D, 0xC0, 0x1F, 0x80, 0x3F, 0x00, 0x7E, 0x00, 0xFC, 0x01, 0xF8, 0x03, 0xF0, 0x07, 0xE0,
    0x0F, 0xC0, 0x1F, 0x80, 0x3F, 0x00, 0x7E, 0x00, 0xFC, 0x01, 0xF8, 0x07, 0xF8, 0x0E, 0x78, 0x7C,
    0x7F, 0xF0, 0x7F, 0xC0, 0x3E, 0x00, 0x70, 0x00, 0xE0, 0x01, 0xF0, 0x03, 0xE0, 0x01, 0x80, 0x60,
    0x77, 0x03, 0xB8, 0x1D, 0xC0, 0xEE, 0x07, 0x70, 0x3B, 0x81, 0xDC, 0x0E, 0xE0, 0x77, 0x03, 0x9C,
    0x1C, 0xF1, 0xE7, 0xFF, 0x1F, 0xF8, 0x13, 0xC0, 0x1C, 0x01, 0xC0, 0x0F, 0x80, 0x3E, 0x00, 0xC0,
    0x00, 0x3C, 0x00, 0x00, 0x3E, 0x00, 0x00, 0x77, 0x00, 0x00, 0xE7, 0x00, 0x00, 0x00, 0x00, 0x60,
    0x18, 0x03, 0xE0, 0x3C, 0x07, 0x70, 0x3C, 0x07, 0x70, 0x3E, 0x0F, 0x70, 0x3E, 0x0E, 0x70, 0x7E,
    0x0E, 0x38, 0x7E, 0x0E, 0x38, 0x77, 0x1C, 0x38, 0x67, 0x1C, 0x1C, 0xE7, 0x1C, 0x1C, 0xE3, 0x1C,
    0x1C, 0xE3, 0xB8, 0x1D, 0xC3, 0xB8, 0x0F, 0xC3, 0xB8, 0x0F, 0xC1, 0xB8, 0x0F, 0xC1, 0xF0, 0x0F,
    0x81, 0xF0, 0x07, 0x81, 0xF0, 0x07, 0x80, 0xE0, 0x00, 0xF0, 0x00, 0x1F, 0x80, 0x03, 0xFC, 0x00,
    0x39, 0xC0, 0x00, 0x00, 0x06, 0x07, 0x07, 0x70, 0xF0, 0xE7, 0x0F, 0x0E, 0x70, 0xF0, 0xE3, 0x9F,
    0x8E, 0x39, 0xF9, 0xC3, 0x9D, 0x9C, 0x19, 0x99, 0xC1, 0xF9, 0xF8, 0x1F, 0x9F, 0x81, 0xF0, 0xF8,
    0x0F, 0x0F, 0x00, 0xF0, 0xF0, 0x0F, 0x07, 0x00, 0x01, 0xC0, 0x01, 0xF0, 0x01, 0xDC, 0x01, 0xC6,
    0x00, 0x00, 0x03, 0x00, 0x19, 0xC0, 0x1C, 0xF0, 0x1E, 0x38, 0x0E, 0x1E, 0x0E, 0x07, 0x0F, 0x01,
    0xC7, 0x00, 0xF7, 0x00, 0x3B, 0x80, 0x0F, 0x80, 0x07, 0xC0, 0x01, 0xC0, 0x00, 0xE0, 0x00, 0x70,
    0x00, 0x38, 0x00, 0x1C, 0x00, 0x0E, 0x00, 0x07, 0x00, 0x03, 0x80, 0x07, 0x80, 0x3F, 0x01, 0xDC,
    0x07, 0x38, 0x00, 0x03, 0x80, 0xE7, 0x03, 0x9C, 0x0E, 0x70, 0x70, 0xE1, 0xC3, 0x87, 0x0F, 0x38,
    0x1C, 0xE0, 0x73, 0x00, 0xFC, 0x03, 0xF0, 0x0F, 0x80, 0x1E, 0x00, 0x78, 0x01, 0xC0, 0x07, 0x00,
    0x38, 0x03, 0xE0, 0x1F, 0x00, 0x30, 0x00, 0x06, 0x30, 0x07, 0xBC, 0x03, 0x9E, 0x00, 0x84, 0x00,
    0x00, 0x03, 0x00, 0x19, 0xC0, 0x1C, 0xF0, 0x1E, 0x38, 0x0E, 0x1E, 0x0E, 0x07, 0x0F, 0x01, 0xC7,
    0x00, 0xF7, 0x00, 0x3B, 0x80, 0x0F, 0x80, 0x07, 0xC0, 0x01, 0xC0, 0x00, 0xE0, 0x00, 0x70, 0x00,
    0x38, 0x00, 0x1C, 0x00, 0x0E, 0x00, 0x07, 0x00, 0x03, 0x80, 0x01, 0xC0, 0x07, 0x00, 0x38, 0x00,
    0xC0, 0x00, 0x01, 0xFF, 0xEF, 0xFF, 0xFF, 0xFF, 0x00, 0x38, 0x01, 0xC0, 0x0F, 0x00, 0x78, 0x01,
    0xC0, 0x0E, 0x00, 0x78, 0x01, 0xC0, 0x0E, 0x00, 0x78, 0x01, 0xC0, 0x0E, 0x00, 0x78, 0x01, 0xC0,
    0x0F, 0xFF, 0xFF, 0xFF, 0x03, 0x80, 0xE0, 0x1C, 0x07, 0x00, 0x01, 0xFF, 0xFF, 0xFF, 0xFF, 0x01,
    0xC0, 0x70, 0x1E, 0x03, 0x80, 0xE0, 0x38, 0x0F, 0x03, 0xC0, 0x70, 0x1F, 0xFF, 0xFF, 0x80, 0x03,
    0x00, 0x1E, 0x00, 0x78, 0x00, 0x80, 0x00, 0x01, 0xFF, 0xEF, 0xFF, 0xFF, 0xFF, 0x00, 0x38, 0x01,
    0xC0, 0x0F, 0x00, 0x78, 0x01, 0xC0, 0x0E, 0x00, 0x78, 0x01, 0xC0, 0x0E, 0x00, 0x78, 0x01, 0xC0,
    0x0E, 0x00, 0x78, 0x01, 0xC0, 0x0F, 0xFF, 0xFF, 0xFF, 0x0E, 0x01, 0xC0, 0x38, 0x02, 0x00, 0x01,
    0xFF, 0xFF, 0xFF, 0xFF, 0x01, 0xC0, 0x70, 0x1E, 0x03, 0x80, 0xE0, 0x38, 0x0F, 0x03, 0xC0, 0x70,
    0x1F, 0xFF, 0xFF, 0x80, 0x1C, 0xE0, 0x3F, 0x00, 0xF8, 0x01, 0xC0, 0x00, 0x01, 0xFF, 0xEF, 0xFF,
    0xFF, 0xFF, 0x00, 0x38, 0x01, 0xC0, 0x0F, 0x00, 0x78, 0x01, 0xC0, 0x0E, 0x00, 0x78, 0x01, 0xC0,
    0x0E, 0x00, 0x78, 0x01, 0xC0, 0x0E, 0x00, 0x78, 0x01, 0xC0, 0x0F, 0xFF, 0xFF, 0xFF, 0x39, 0xC7,
    0x70, 0x7C, 0x07, 0x00, 0x01, 0xFF, 0xFF, 0xFF, 0xFF, 0x01, 0xC0, 0x70, 0x1E, 0x03, 0x80, 0xE0,
    0x38, 0x0F, 0x03, 0xC0, 0x70, 0x1F, 0xFF, 0xFF, 0x80, 0x3E, 0xFD, 0xF7, 0x0E, 0x1C, 0x38, 0x70,
    0xE1, 0xC3, 0x87, 0x0E, 0x1C, 0x38, 0x70, 0xE1, 0xC3, 0x80, 0x00, 0x03, 0x80, 0x01, 0xC0, 0xFF,
    0xE1, 0xFF, 0xF1, 0xFF, 0xF1, 0xE0, 0xF1, 0xE0, 0x3C, 0xE0, 0x0E, 0xF0, 0x07, 0xF0, 0x01, 0xF8,
    0x00, 0xFC, 0x00, 0x7E, 0x00, 0x3F, 0x00, 0x1F, 0x80, 0x0E, 0xE0, 0x0E, 0x70, 0x07, 0x3C, 0x07,
    0x8F, 0x8F, 0x83, 0xFF, 0x80, 0xFF, 0x80, 0x0E, 0x00, 0x00, 0x18, 0x01, 0xC0, 0x0E, 0x1F, 0xF3,
    0xFF, 0xBF, 0xF1, 0xC1, 0xDC, 0x0E, 0xE0, 0x3F, 0x01, 0xF8, 0x0F, 0xC0, 0x7E, 0x03, 0xF8, 0x39,
    0xE3, 0xC7, 0xFC, 0x1F, 0xC0, 0x38, 0x00, 0x00, 0x03, 0x80, 0x01, 0xF0, 0x03, 0xFC, 0x01, 0xFE,
    0x00, 0xF7, 0x00, 0x73, 0x80, 0x39, 0xC0, 0x1C, 0xE0, 0x0E, 0x70, 0x07, 0x38, 0x03, 0x9C, 0x01,
    0xCE, 0x00, 0xE7, 0x00, 0x73, 0x80, 0x39, 0xC0, 0x1C, 0xE0, 0x1C, 0x78, 0x0E, 0x1E, 0x1F, 0x07,
    0xFF, 0x01, 0xFF, 0x00, 0x3C, 0x00, 0x00, 0x0C, 0x00, 0x70, 0x01, 0xD8, 0x1F, 0xE0, 0x7F, 0x81,
    0xCE, 0x07, 0x38, 0x1C, 0xE0, 0x73, 0x81, 0xCE, 0x07, 0x38, 0x1C, 0xE0, 0x71, 0xC1, 0xC7, 0x8F,
    0x1F, 0xFC, 0x3F, 0xF0, 0x10, 0x00, 0xFE, 0x00, 0x39, 0xCF, 0xFE, 0x01, 0xDC, 0xFF, 0xF0, 0x0F,
    0x8E, 0x0F, 0x80, 0x70, 0xE0, 0x3C, 0x00, 0x0E, 0x01, 0xC7, 0xFF, 0xE0, 0x1C, 0x7F, 0xFE, 0x00,
    0xE7, 0xFF, 0xE0, 0x0E, 0x00, 0xEE, 0x00, 0xE0, 0x1C, 0xE0, 0x0E, 0x03, 0xCE, 0x00, 0xE0, 0x78,
    0xE0, 0x0E, 0x07, 0x0E, 0x01, 0xC0, 0xE0, 0xE0, 0x1C, 0x1E, 0x0E, 0x03, 0x83, 0xC0, 0xE1, 0xF8,
    0x38, 0x0F, 0xFF, 0x07, 0xFF, 0xFF, 0xC0, 0x7F, 0xF0, 0x00, 0x30, 0x73, 0x80, 0x0E, 0x1D, 0xC0,
    0x03, 0x83, 0xE0, 0x00, 0xE0, 0x70, 0x00, 0x38, 0x00, 0x07, 0xCE, 0x7F, 0xF3, 0xFB, 0x9F, 0xFD,
    0xFF, 0xE7, 0xFF, 0x70, 0xF8, 0x03, 0xB8, 0x1E, 0x01, 0xEE, 0x03, 0x80, 0xF3, 0x80, 0xE0, 0x38,
    0xE0, 0x38, 0x1C, 0x38, 0x0E, 0x0E, 0x0E, 0x07, 0x87, 0x83, 0xC1, 0xE3, 0xC0, 0x78, 0xF8, 0xE0,
    0x1F, 0xFE, 0x7F, 0xF3, 0xFB, 0x9F, 0xFC, 0x18, 0x00, 0x00, 0xC0, 0x00, 0x03, 0xE0, 0x00, 0x07,
    0xE0, 0x00, 0x07, 0xE0, 0x00, 0x07, 0xE0, 0x00, 0x07, 0xE0, 0x00, 0x07, 0xE0, 0x00, 0x07, 0xE0,
    0x00, 0x07, 0xE0, 0x00, 0x07, 0xE0, 0x00, 0x07, 0xE0, 0x00, 0x07, 0xE0, 0x00, 0x07, 0xE0, 0x06,
    0x07, 0xE0, 0x07, 0x07, 0xE0, 0x07, 0x07, 0xE0, 0x07, 0x07, 0xE0, 0x07, 0x8F, 0xFF, 0xE3, 0xFE,
    0xFF, 0xE1, 0xFC, 0x00, 0x00, 0x70, 0xC0, 0x03, 0x70, 0x03, 0xF8, 0x01, 0xFC, 0x00, 0x4E, 0x00,
    0x07, 0x00, 0x1B, 0x80, 0x1D, 0xC0, 0x0E, 0xE0, 0x07, 0x70, 0x03, 0xB8, 0x01, 0xDC, 0x00, 0xEE,
    0x00, 0x77, 0x00, 0x3B, 0x80, 0x1D, 0xC0, 0x0E, 0xE0, 0x07, 0x7F, 0xF3, 0xBF, 0xF9, 0xC0, 0x00,
    0xE0, 0x00, 0x70, 0x00, 0x38, 0x00, 0x7C, 0x00, 0x3C, 0x00, 0x00, 0x00, 0x63, 0xB8, 0xFE, 0x3B,
    0x84, 0xE0, 0x38, 0xEE, 0x3B, 0x8E, 0xE3, 0xB8, 0xEE, 0x3B, 0x8E, 0xE3, 0xB8, 0xEE, 0x3B, 0x8E,
    0xE3, 0xB8, 0xEE, 0x38, 0x0E, 0x03, 0x80, 0xE0, 0xF8, 0x3C, 0x00, 0x00, 0xE0, 0x0C, 0x00, 0x37,
    0x80, 0x70, 0x01, 0xFC, 0x03, 0x80, 0x0F, 0xF0, 0x1C, 0x00, 0x7F, 0xC0, 0xE0, 0x03, 0xFE, 0x07,
    0x00, 0x1F, 0xF8, 0x38, 0x00, 0xFD, 0xC1, 0xC0, 0x07, 0xE7, 0x0E, 0x00, 0x3F, 0x3C, 0x70, 0x01,
    0xF8, 0xE3, 0x80, 0x0F, 0xC3, 0x9C, 0x00, 0x7E, 0x1E, 0xE3, 0x03, 0xF0, 0x77, 0x38, 0x1F, 0x83,
    0xF9, 0xC0, 0xFC, 0x0F, 0xC7, 0x07, 0xE0, 0x3E, 0x3C, 0x77, 0x01, 0xF1, 0xFF, 0xB8, 0x07, 0x83,
    0xF8, 0x00, 0x00, 0x06, 0x00, 0xE0, 0x0C, 0x3B, 0xC0, 0x38, 0xEF, 0x00, 0xE3, 0xBE, 0x03, 0x84,
    0xFC, 0x0E, 0x03, 0xF0, 0x38, 0xEF, 0xE0, 0xE3, 0xBB, 0x83, 0x8E, 0xE7, 0x0E, 0x3B, 0x9E, 0x38,
    0xEE, 0x38, 0xE3, 0xB8, 0x73, 0x8E, 0xE1, 0xEE, 0x3B, 0x83, 0xB8, 0xEE, 0x0F, 0xE3, 0xB8, 0x1F,
    0x8E, 0xE0, 0x3E, 0x3B, 0x80, 0xF8, 0xEE, 0x01, 0xE3, 0x80, 0x00, 0x0E, 0x00, 0x00, 0x38, 0x00,
    0x00, 0xE0, 0x00, 0x0F, 0x00, 0x00, 0x3C, 0x00, 0x00, 0x00, 0x00, 0x01, 0xC0, 0x00, 0x70, 0x00,
    0x1C, 0x00, 0x02, 0x00, 0x00, 0x19, 0xE0, 0x7F, 0xFE, 0x1F, 0xFF, 0x87, 0xF0, 0xF1, 0xFC, 0x1C,
    0x7E, 0x07, 0x1F, 0x81, 0xC7, 0xE0, 0x71, 0xF8, 0x1C, 0x7E, 0x07, 0x1F, 0x81, 0xC7, 0xE0, 0x71,
    0xF8, 0x1C, 0x7E, 0x07, 0x1C, 0x00, 0x07, 0x00, 0x01, 0xC0, 0x00, 0x70, 0x00, 0x78, 0x00, 0x1E,
    0x00, 0x00, 0x00, 0x07, 0x38, 0x03, 0xB8, 0x00, 0xF8, 0x00, 0x38, 0x00, 0x00, 0x00, 0x0E, 0x00,
    0x07, 0x00, 0x07, 0xC0, 0x03, 0xE0, 0x03, 0xB8, 0x01, 0xDC, 0x00, 0xEE, 0x00, 0xE3, 0x80, 0x71,
    0xC0, 0x38, 0xE0, 0x38, 0x38, 0x1C, 0x1C, 0x0F, 0xFE, 0x0F, 0xFF, 0x87, 0x01, 0xC7, 0x80, 0xF3,
    0x80, 0x39, 0xC0, 0x1D, 0xE0, 0x07, 0x39, 0xC7, 0xF0, 0x7C, 0x07, 0x00, 0x00, 0x3F, 0x1F, 0xF3,
    0xFF, 0xE0, 0xE4, 0x1C, 0x03, 0x9F, 0xF7, 0xFF, 0xF1, 0xF8, 0x3F, 0x07, 0xE1, 0xFF, 0xFD, 0xFF,
    0x8E, 0x00, 0xE7, 0x3F, 0x8F, 0x83, 0x80, 0x00, 0xC0, 0x70, 0x38, 0x1C, 0x0E, 0x07, 0x03, 0x81,
    0xC0, 0xE0, 0x70, 0x38, 0x1C, 0x0E, 0x07, 0x03, 0x81, 0xC0, 0xE0, 0x70, 0x38, 0xE7, 0x7E, 0x3C,
    0x38, 0x00, 0x18, 0x38, 0x38, 0x38, 0x38, 0x38, 0x38, 0x38, 0x38, 0x38, 0x38, 0x38, 0x38, 0x38,
    0x06, 0x38, 0x03, 0xB8, 0x00, 0xF8, 0x00, 0x38, 0x00, 0x00, 0x00, 0x1F, 0x00, 0x3F, 0xE0, 0x3F,
    0xF8, 0x3C, 0x1E, 0x3C, 0x07, 0x9C, 0x01, 0xDE, 0x00, 0xFE, 0x00, 0x3F, 0x00, 0x1F, 0x80, 0x0F,
    0xC0, 0x07, 0xE0, 0x03, 0xF0, 0x01, 0xDC, 0x01, 0xCE, 0x00, 0xE7, 0x80, 0xF1, 0xF1, 0xF0, 0x7F,
    0xF0, 0x1F, 0xF0, 0x01, 0xC0, 0x00, 0x39, 0xC0, 0xEE, 0x03, 0xE0, 0x0E, 0x00, 0x00, 0x07, 0xC0,
    0xFF, 0x8F, 0xFC, 0x70, 0x77, 0x03, 0xB8, 0x0F, 0xC0, 0x7E, 0x03, 0xF0, 0x1F, 0x80, 0xFE, 0x0E,
    0x78, 0xF1, 0xFF, 0x07, 0xF0, 0x0E, 0x00, 0x1C, 0xE0, 0x1F, 0x80, 0x1F, 0x00, 0x1C, 0x00, 0x00,
    0x18, 0x01, 0xB8, 0x03, 0xF0, 0x07, 0xE0, 0x0F, 0xC0, 0x1F, 0x80, 0x3F, 0x00, 0x7E, 0x00, 0xFC,
    0x01, 0xF8, 0x03, 0xF0, 0x07, 0xE0, 0x0F, 0xC0, 0x1F, 0x80, 0x3F, 0x00, 0xEF, 0x01, 0xCF, 0x0F,
    0x8F, 0xFE, 0x0F, 0xF8, 0x07, 0x80, 0x39, 0xC1, 0xFC, 0x0F, 0x80, 0x70, 0x00, 0x06, 0x07, 0xE0,
    0x7E, 0x07, 0xE0, 0x7E, 0x07, 0xE0, 0x7E, 0x07, 0xE0, 0x7E, 0x07, 0xE0, 0x77, 0x07, 0x78, 0xF7,
    0xFF, 0x3F, 0xF0, 0x40, 0x0F, 0xE0, 0x3F, 0xC0, 0x00, 0x00, 0x42, 0x01, 0xCE, 0x03, 0x9E, 0x07,
    0x18, 0x00, 0x00, 0xC0, 0x0D, 0xC0, 0x1F, 0x80, 0x3F, 0x00, 0x7E, 0x00, 0xFC, 0x01, 0xF8, 0x03,
    0xF0, 0x07, 0xE0, 0x0F, 0xC0, 0x1F, 0x80, 0x3F, 0x00, 0x7E, 0x00, 0xFC, 0x01, 0xF8, 0x07, 0x78,
    0x0E, 0x78, 0x7C, 0x7F, 0xF0, 0x7F, 0xC0, 0x3C, 0x00, 0x1F, 0xC1, 0xFC, 0x00, 0x01, 0x08, 0x39,
    0xE3, 0x9E, 0x18, 0xC0, 0x00, 0x60, 0x7E, 0x07, 0xE0, 0x7E, 0x07, 0xE0, 0x7E, 0x07, 0xE0, 0x7E,
    0x07, 0xE0, 0x7E, 0x07, 0x70, 0x77, 0x8F, 0x7F, 0xF3, 0xFF, 0x04, 0x00, 0x01, 0xE0, 0x03, 0x80,
    0x0E, 0x00, 0x1C, 0x00, 0x84, 0x03, 0x9C, 0x07, 0x3C, 0x0E, 0x30, 0x00, 0x01, 0x80, 0x1B, 0x80,
    0x3F, 0x00, 0x7E, 0x00, 0xFC, 0x01, 0xF8, 0x03, 0xF0, 0x07, 0xE0, 0x0F, 0xC0, 0x1F, 0x80, 0x3F,
    0x00, 0x7E, 0x00, 0xFC, 0x01, 0xF8, 0x03, 0xF0, 0x0E, 0xF0, 0x1C, 0xF0, 0xF8, 0xFF, 0xE0, 0xFF,
    0x80, 0x78, 0x00, 0x01, 0xC0, 0x38, 0x07, 0x00, 0x70, 0x10, 0x83, 0x9E, 0x39, 0xE1, 0x8C, 0x00,
    0x06, 0x07, 0xE0, 0x7E, 0x07, 0xE0, 0x7E, 0x07, 0xE0, 0x7E, 0x07, 0xE0, 0x7E, 0x07, 0xE0, 0x77,
    0x07, 0x78, 0xF7, 0xFF, 0x3F, 0xF0, 0x40, 0x1C, 0xE0, 0x1D, 0xC0, 0x1F, 0x00, 0x1C, 0x00, 0x84,
    0x03, 0x9C, 0x07, 0x3C, 0x0E, 0x30, 0x00, 0x01, 0x80, 0x1B, 0x80, 0x3F, 0x00, 0x7E, 0x00, 0xFC,
    0x01, 0xF8, 0x03, 0xF0, 0x07, 0xE0, 0x0F, 0xC0, 0x1F, 0x80, 0x3F, 0x00, 0x7E, 0x00, 0xFC, 0x01,
    0xF8, 0x03, 0xF0, 0x0E, 0xF0, 0x1C, 0xF0, 0xF8, 0xFF, 0xE0, 0xFF, 0x80, 0x78, 0x00, 0x39, 0xC1,
    0xDC, 0x0F, 0x80, 0x70, 0x10, 0x83, 0x9E, 0x39, 0xE1, 0x8C, 0x00, 0x06, 0x07, 0xE0, 0x7E, 0x07,
    0xE0, 0x7E, 0x07, 0xE0, 0x7E, 0x07, 0xE0, 0x7E, 0x07, 0xE0, 0x77, 0x07, 0x78, 0xF7, 0xFF, 0x3F,
    0xF0, 0x40, 0x0E, 0x00, 0x1C, 0x00, 0x1C, 0x00, 0x18, 0x00, 0x84, 0x03, 0x9C, 0x07, 0x3C, 0x0E,
    0x30, 0x00, 0x01, 0x80, 0x1B, 0x80, 0x3F, 0x00, 0x7E, 0x00, 0xFC, 0x01, 0xF8, 0x03, 0xF0, 0x07,
    0xE0, 0x0F, 0xC0, 0x1F, 0x80, 0x3F, 0x00, 0x7E, 0x00, 0xFC, 0x01, 0xF8, 0x03, 0xF0, 0x0E, 0xF0,
    0x1C, 0xF0, 0xF8, 0xFF, 0xE0, 0xFF, 0x80, 0x78, 0x00, 0x1C, 0x01, 0xC0, 0x0E, 0x00, 0x60, 0x10,
    0x83, 0x9E, 0x39, 0xE1, 0x8C, 0x00, 0x06, 0x07, 0xE0, 0x7E, 0x07, 0xE0, 0x7E, 0x07, 0xE0, 0x7E,
    0x07, 0xE0, 0x7E, 0x07, 0xE0, 0x77, 0x07, 0x78, 0xF7, 0xFF, 0x3F, 0xF0, 0x40, 0x1F, 0x83, 0xFE,
    0x1F, 0xF9, 0xC1, 0xE2, 0x07, 0x00, 0x3B, 0xFF, 0xDF, 0xFF, 0xFF, 0xF7, 0x03, 0xB8, 0x1C, 0xE1,
    0xC7, 0xFE, 0x1F, 0xE0, 0x18, 0x00, 0x07, 0xF0, 0x03, 0xF8, 0x00, 0x00, 0x00, 0xC2, 0x00, 0xF7,
    0x80, 0x7B, 0xC0, 0x18, 0xC0, 0x00, 0x00, 0x01, 0xC0, 0x00, 0xE0, 0x00, 0xF8, 0x00, 0x7C, 0x00,
    0x77, 0x00, 0x3B, 0x80, 0x1D, 0xC0, 0x1C, 0x70, 0x0E, 0x38, 0x07, 0x1C, 0x07, 0x07, 0x03, 0x83,
    0x81, 0xFF, 0xC1, 0xFF, 0xF0, 0xE0, 0x38, 0xF0, 0x1E, 0x70, 0x07, 0x38, 0x03, 0xBC, 0x00, 0xE0,
    0x3F, 0x87, 0xF0, 0x00, 0x08, 0x43, 0x9C, 0xF3, 0x8C, 0x70, 0x00, 0x1F, 0x8F, 0xF9, 0xFF, 0xF0,
    0x72, 0x0E, 0x01, 0xCF, 0xFB, 0xFF, 0xF8, 0xFC, 0x1F, 0x83, 0xF0, 0xFF, 0xFE, 0xFF, 0xC7, 0x00,
    0x07, 0xF0, 0x03, 0xF8, 0x00, 0x00, 0x00, 0x10, 0x00, 0x1C, 0x00, 0x0E, 0x00, 0x07, 0x00, 0x00,
    0x00, 0x01, 0xC0, 0x00, 0xE0, 0x00, 0xF8, 0x00, 0x7C, 0x00, 0x77, 0x00, 0x3B, 0x80, 0x1D, 0xC0,
    0x1C, 0x70, 0x0E, 0x38, 0x07, 0x1C, 0x07, 0x07, 0x03, 0x83, 0x81, 0xFF, 0xC1, 0xFF, 0xF0, 0xE0,
    0x38, 0xF0, 0x1E, 0x70, 0x07, 0x38, 0x03, 0xBC, 0x00, 0xE0, 0x3F, 0x87, 0xF0, 0x00, 0x02, 0x00,
    0xE0, 0x1E, 0x01, 0x80, 0x00, 0x1F, 0x8F, 0xF9, 0xFF, 0xF0, 0x72, 0x0E, 0x01, 0xCF, 0xFB, 0xFF,
    0xF8, 0xFC, 0x1F, 0x83, 0xF0, 0xFF, 0xFE, 0xFF, 0xC7, 0x00, 0x00, 0x0F, 0xF0, 0x00, 0x0F, 0xF0,
    0x00, 0x00, 0x00, 0x00, 0x00, 0x00, 0x00, 0x7F, 0xFE, 0x00, 0xFF, 0xFF, 0x00, 0xFF, 0xFE, 0x00,
    0xEE, 0x00, 0x01, 0xCE, 0x00, 0x01, 0xCE, 0x00, 0x03, 0x8E, 0x00, 0x03, 0x8E, 0x00, 0x07, 0x0F,
    0xFC, 0x07, 0x0F, 0xFE, 0x0E, 0x0F, 0xFE, 0x0E, 0x1E, 0x00, 0x1F, 0xFE, 0x00, 0x1F, 0xFE, 0x00,
    0x3C, 0x0E, 0x00, 0x38, 0x0E, 0x00, 0x78, 0x0E, 0x00, 0x70, 0x0F, 0xFF, 0xF0, 0x0F, 0xFF, 0x03,
    0xFC, 0x00, 0x1F, 0xE0, 0x00, 0x00, 0x00, 0x00, 0x00, 0x01, 0xF0, 0xF8, 0x3F, 0xEF, 0xF1, 0xFF,
    0xFF, 0xDC, 0x1E, 0x0E, 0x20, 0xF0, 0x38, 0x07, 0x01, 0xCF, 0xFF, 0xFE, 0xFF, 0xFF, 0xFF, 0x8E,
    0x00, 0x70, 0x70, 0x03, 0x83, 0xC0, 0xDC, 0x3F, 0x0E, 0xFF, 0xFF, 0xF3, 0xFC, 0xFF, 0x07, 0x01,
    0xC0, 0x03, 0xE0, 0x07, 0xFC, 0x07, 0xFF, 0x07, 0x83, 0xC7, 0x80, 0xF3, 0x80, 0x3B, 0xC0, 0x1D,
    0xC0, 0x00, 0xE0, 0x00, 0x70, 0x1F, 0xB8, 0x1F, 0xDC, 0x0F, 0xEE, 0x00, 0x73, 0x83, 0xFD, 0xC1,
    0xFE, 0xF0, 0x1E, 0x3E, 0x3E, 0x0F, 0xFE, 0x03, 0xFE, 0x00, 0x38, 0x00, 0x1F, 0x30, 0x3F, 0xF8,
    0x7F, 0xF8, 0x70, 0x78, 0xE0, 0x78, 0xE0, 0x38, 0xE1, 0xFE, 0xE1, 0xFE, 0xE0, 0x38, 0xE0, 0x78,
    0xF0, 0x78, 0x7D, 0xF8, 0x3F, 0xF8, 0x1F, 0xB8, 0x00, 0x38, 0x20, 0x70, 0x70, 0x70, 0x7F, 0xF0,
    0x3F, 0xE0, 0x0F, 0x00, 0x0E, 0x70, 0x03, 0xB8, 0x00, 0xF8, 0x00, 0x38, 0x00, 0x00, 0x00, 0x1F,
    0x00, 0x3F, 0xE0, 0x3F, 0xF8, 0x3C, 0x1E, 0x3C, 0x07, 0x9C, 0x01, 0xDE, 0x00, 0xEE, 0x00, 0x07,
    0x00, 0x03, 0x80, 0xFD, 0xC0, 0xFE, 0xE0, 0x7F, 0x70, 0x03, 0x9C, 0x01, 0xCE, 0x00, 0xE7, 0x80,
    0xF1, 0xF1, 0xF0, 0x7F, 0xF0, 0x1F, 0xF0, 0x01, 0xC0, 0x00, 0x39, 0xC0, 0xFE, 0x03, 0xE0, 0x0E,
    0x00, 0x00, 0x0F, 0x98, 0xFF, 0xEF, 0xFF, 0x70, 0x7F, 0x03, 0xF8, 0x0F, 0xC0, 0x7E, 0x03, 0xF0,
    0x1F, 0x81, 0xFE, 0x0F, 0x7D, 0xF9, 0xFF, 0xC7, 0xEE, 0x00, 0x72, 0x07, 0x38, 0x39, 0xFF, 0xC7,
    0xFC, 0x0F, 0x00, 0x39, 0xC0, 0x77, 0x00, 0xF8, 0x01, 0xC0, 0x00, 0x03, 0x00, 0x7E, 0x03, 0xF8,
    0x1E, 0xE0, 0xF3, 0x87, 0x8E, 0x3C, 0x39, 0xE0, 0xEF, 0x03, 0xF8, 0x0F, 0xF0, 0x3F, 0xC0, 0xF7,
    0x83, 0x8F, 0x0E, 0x1C, 0x38, 0x38, 0xE0, 0xF3, 0x81, 0xEE, 0x03, 0xB8, 0x0F, 0xE7, 0x00, 0xFC,
    0x00, 0xF0, 0x01, 0xC0, 0x00, 0x00, 0x03, 0x00, 0x0E, 0x00, 0x1C, 0x00, 0x38, 0x00, 0x70, 0x00,
    0xE0, 0x71, 0xC1, 0xC3, 0x87, 0x07, 0x1C, 0x0E, 0x70, 0x1D, 0xC0, 0x3F, 0x80, 0x7F, 0x80, 0xF7,
    0x01, 0xCF, 0x03, 0x8F, 0x07, 0x0F, 0x0E, 0x0E, 0x1C, 0x0E, 0x03, 0xE0, 0x07, 0xFC, 0x07, 0xFF,
    0x07, 0x83, 0xC7, 0x80, 0xF3, 0x80, 0x3B, 0xC0, 0x1F, 0xC0, 0x07, 0xE0, 0x03, 0xF0, 0x01, 0xF8,
    0x00, 0xFC, 0x00, 0x7E, 0x00, 0x3B, 0x80, 0x3D, 0xC0, 0x1C, 0xF0, 0x1E, 0x3E, 0x3E, 0x0F, 0xFE,
    0x03, 0xFE, 0x00, 0x3C, 0x00, 0x3C, 0x00, 0x1C, 0x00, 0x0F, 0x80, 0x03, 0xC0, 0x00, 0xC0, 0x00,
    0x0F, 0x81, 0xFF, 0x1F, 0xF8, 0xE0, 0xEE, 0x07, 0x70, 0x1F, 0x80, 0xFC, 0x07, 0xE0, 0x3F, 0x01,
    0xFC, 0x1C, 0xF1, 0xE3, 0xFE, 0x0F, 0xE0, 0x1E, 0x01, 0xC0, 0x0E, 0x00, 0x7C, 0x03, 0xE0, 0x06,
    0x00, 0x07, 0xF0, 0x03, 0xF8, 0x00, 0x00, 0x00, 0x00, 0x00, 0x3E, 0x00, 0x7F, 0xC0, 0x7F, 0xF0,
    0x78, 0x3C, 0x78, 0x0F, 0x38, 0x03, 0xBC, 0x01, 0xFC, 0x00, 0x7E, 0x00, 0x3F, 0x00, 0x1F, 0x80,
    0x0F, 0xC0, 0x07, 0xE0, 0x03, 0xB8, 0x03, 0xDC, 0x01, 0xCF, 0x01, 0xE3, 0xE3, 0xE0, 0xFF, 0xE0,
    0x3F, 0xE0, 0x03, 0xC0, 0x03, 0xC0, 0x01, 0xC0, 0x00, 0xF8, 0x00, 0x3C, 0x00, 0x0C, 0x00, 0x1F,
    0xC0, 0xFE, 0x00, 0x00, 0x00, 0x00, 0xF8, 0x1F, 0xF1, 0xFF, 0x8E, 0x0E, 0xE0, 0x77, 0x01, 0xF8,
    0x0F, 0xC0, 0x7E, 0x03, 0xF0, 0x1F, 0xC1, 0xCF, 0x1E, 0x3F, 0xE0, 0xFE, 0x01, 0xE0, 0x1C, 0x00,
    0xE0, 0x07, 0xC0, 0x3E, 0x00, 0x60, 0x1C, 0xE0, 0x1D, 0xC0, 0x1F, 0x00, 0x1C, 0x00, 0x00, 0x0F,
    0xFF, 0x9F, 0xFF, 0x3F, 0xFE, 0x00, 0x3C, 0x00, 0xF0, 0x03, 0xC0, 0x0F, 0x00, 0x3C, 0x00, 0xF0,
    0x01, 0xF0, 0x03, 0xF8, 0x01, 0xF8, 0x00, 0x78, 0x00, 0x70, 0x00, 0xF0, 0x00, 0xE0, 0x01, 0xC0,
    0x03, 0xF0, 0x07, 0xE0, 0x1D, 0xE0, 0x39, 0xE1, 0xF1, 0xFF, 0xC1, 0xFF, 0x00, 0xF0, 0x00, 0x1C,
    0xE0, 0xEE, 0x03, 0xE0, 0x0E, 0x00, 0x00, 0x1F, 0xF9, 0xFF, 0xEF, 0xFF, 0x00, 0xF0, 0x0F, 0x00,
    0xF0, 0x07, 0x00, 0x70, 0x07, 0xC0, 0x3F, 0x80, 0x3E, 0x00, 0x78, 0x01, 0xC0, 0x0F, 0xC0, 0x7F,
    0x03, 0xBC, 0x3D, 0xFF, 0xC3, 0xFC, 0x07, 0x00, 0xE7, 0x7E, 0x3C, 0x38, 0x00, 0x18, 0x38, 0x38,
    0x38, 0x38, 0x38, 0x38, 0x38, 0x38, 0x38, 0x38, 0x38, 0x38, 0x38, 0x38, 0x38, 0x38, 0xF8, 0xF0,
    0x00, 0xFE, 0x00, 0x7F, 0xFD, 0xFF, 0xC0, 0xFF, 0xFB, 0xFF, 0xC1, 0xFF, 0xF7, 0x07, 0xC0, 0x01,
    0xEE, 0x03, 0xC0, 0x03, 0x9C, 0x03, 0x80, 0x0E, 0x38, 0x07, 0x00, 0x3C, 0x70, 0x07, 0x00, 0x70,
    0xE0, 0x0E, 0x01, 0xC1, 0xC0, 0x1C, 0x07, 0x83, 0x80, 0x38, 0x0E, 0x07, 0x00, 0x70, 0x38, 0x0E,
    0x00, 0xE0, 0xF0, 0x1C, 0x03, 0x83, 0xC0, 0x38, 0x07, 0x07, 0x00, 0x70, 0x1C, 0x1C, 0x00, 0xE1,
    0xF8, 0x78, 0x01, 0xFF, 0xE0, 0xFF, 0xFF, 0xFF, 0x01, 0xFF, 0xF8, 0xFE, 0x00, 0x00, 0x0F, 0xFE,
    0x00, 0x00, 0xFF, 0xF0, 0x00, 0x0E, 0x0F, 0x80, 0x00, 0xE0, 0x3C, 0x00, 0x0E, 0x01, 0xC7, 0xFF,
    0xE0, 0x1C, 0x7F, 0xFE, 0x00, 0xE7, 0xFF, 0xE0, 0x0E, 0x00, 0xEE, 0x00, 0xE0, 0x1C, 0xE0, 0x0E,
    0x03, 0xCE, 0x00, 0xE0, 0x78, 0xE0, 0x0E, 0x07, 0x0E, 0x01, 0xC0, 0xE0, 0xE0, 0x1C, 0x1E, 0x0E,
    0x03, 0x83, 0xC0, 0xE1, 0xF8, 0x38, 0x0F, 0xFF, 0x07, 0xFF, 0xFF, 0xC0, 0x7F, 0xF0, 0x00, 0x30,
    0x00, 0x00, 0x0E, 0x00, 0x00, 0x03, 0x80, 0x00, 0x00, 0xE0, 0x00, 0x00, 0x38, 0x00, 0x07, 0xCE,
    0x7F, 0xF3, 0xFB, 0x9F, 0xFD, 0xFF, 0xE7, 0xFF, 0x70, 0xF8, 0x03, 0xB8, 0x1E, 0x01, 0xEE, 0x03,
    0x80, 0xF3, 0x80, 0xE0, 0x38, 0xE0, 0x38, 0x1C, 0x38, 0x0E, 0x0E, 0x0E, 0x07, 0x87, 0x83, 0xC1,
    0xE3, 0xC0, 0x78, 0xF8, 0xE0, 0x1F, 0xFE, 0x7F, 0xF3, 0xFB, 0x9F, 0xFC, 0x18, 0x00, 0x00, 0x00,
    0x70, 0x00, 0x70, 0x00, 0x38, 0x00, 0x38, 0x00, 0x00, 0x00, 0x1F, 0x00, 0x3F, 0xE0, 0x3F, 0xF8,
    0x3C, 0x1E, 0x3C, 0x07, 0x9C, 0x01, 0xDE, 0x00, 0xEE, 0x00, 0x07, 0x00, 0x03, 0x80, 0xFD, 0xC0,
    0xFE, 0xE0, 0x7F, 0x70, 0x03, 0x9C, 0x01, 0xCE, 0x00, 0xE7, 0x80, 0xF1, 0xF1, 0xF0, 0x7F, 0xF0,
    0x1F, 0xF0, 0x01, 0xC0, 0x00, 0x03, 0xC0, 0x1C, 0x01, 0xC0, 0x0E, 0x00, 0x00, 0x0F, 0x98, 0xFF,
    0xEF, 0xFF, 0x70, 0x7F, 0x03, 0xF8, 0x0F, 0xC0, 0x7E, 0x03, 0xF0, 0x1F, 0x81, 0xFE, 0x0F, 0x7D,
    0xF9, 0xFF, 0xC7, 0xEE, 0x00, 0x72, 0x07, 0x38, 0x39, 0xFF, 0xC7, 0xFC, 0x0F, 0x00, 0xC0, 0x0C,
    0x00, 0xE0, 0x0E, 0x00, 0xE0, 0x0E, 0x00, 0xE0, 0x0E, 0x00, 0xE0, 0x0E, 0x00, 0xE0, 0x0E, 0x07,
    0xE0, 0x0E, 0x07, 0xE0, 0x0E, 0x07, 0xFF, 0xFE, 0x07, 0xFF, 0xFE, 0x07, 0xFF, 0xFE, 0x07, 0xE0,
    0x0E, 0x07, 0xE0, 0x0E, 0x07, 0xE0, 0x0E, 0x07, 0xE0, 0x0E, 0x07, 0xE0, 0x0E, 0x07, 0xE0, 0x0F,
    0x0E, 0xE0, 0x07, 0xFE, 0xE0, 0x03, 0xFC, 0x00, 0x00, 0xE0, 0xEF, 0x83, 0xFF, 0x8F, 0xFF, 0x3C,
    0x3E, 0xE0, 0x3B, 0x80, 0xEE, 0x03, 0xF8, 0x0F, 0xE0, 0x3F, 0x80, 0xFE, 0x03, 0xF8, 0x0E, 0xE0,
    0x3B, 0x81, 0xEE, 0x07, 0x38, 0x3C, 0xE1, 0xE3, 0x9F, 0x0F, 0xF8, 0x3F, 0xC0, 0xFC, 0x03, 0x80,
    0x0E, 0x00, 0x38, 0x00, 0x00, 0x00, 0x0E, 0x00, 0x0E, 0x00, 0x1C, 0x00, 0x18, 0x00, 0x00, 0x1C,
    0x01, 0xBC, 0x03, 0xF8, 0x07, 0xF8, 0x0F, 0xF8, 0x1F, 0xF0, 0x3F, 0xF0, 0x7E, 0xE0, 0xFC, 0xE1,
    0xF9, 0xE3, 0xF1, 0xC7, 0xE1, 0xCF, 0xC3, 0xDF, 0x83, 0xBF, 0x07, 0xFE, 0x07, 0xFC, 0x07, 0xF8,
    0x0F, 0xF0, 0x0F, 0x1C, 0x01, 0xE0, 0x0E, 0x00, 0x60, 0x00, 0x06, 0x78, 0xFF, 0xEF, 0xFE, 0xF0,
    0xFF, 0x07, 0xE0, 0x7E, 0x07, 0xE0, 0x7E, 0x07, 0xE0, 0x7E, 0x07, 0xE0, 0x7E, 0x07, 0xE0, 0x70,
    0x00, 0x70, 0x00, 0x70, 0x00, 0x30, 0x00, 0x7C, 0x00, 0x7F, 0x00, 0x3B, 0x80, 0x1C, 0xC0, 0x0F,
    0xE0, 0x03, 0xE0, 0x00, 0xE0, 0x00, 0x70, 0x00, 0x7C, 0x00, 0x3E, 0x00, 0x3B, 0x80, 0x1D, 0xC0,
    0x0E, 0xE0, 0x0E, 0x38, 0x07, 0x1C, 0x03, 0x8E, 0x03, 0x83, 0x81, 0xC1, 0xC0, 0xFF, 0xE0, 0xFF,
    0xF8, 0x70, 0x1C, 0x78, 0x0F, 0x38, 0x03, 0x9C, 0x01, 0xDE, 0x00, 0x70, 0x03, 0x80, 0x70, 0x18,
    0x07, 0x01, 0xF0, 0x7F, 0x0E, 0x61, 0xDC, 0x1F, 0x81, 0xC0, 0x7E, 0x3F, 0xE7, 0xFF, 0xC1, 0xC8,
    0x38, 0x07, 0x3F, 0xEF, 0xFF, 0xE3, 0xF0, 0x7E, 0x0F, 0xC3, 0xFF, 0xFB, 0xFF, 0x1C, 0x00, 0x00,
    0x00, 0xE0, 0x00, 0x00, 0xE0, 0x00, 0x01, 0xC0, 0x00, 0x01, 0xC0, 0x00, 0x00, 0x00, 0x00, 0x7F,
    0xFE, 0x00, 0xFF, 0xFF, 0x00, 0xFF, 0xFE, 0x00, 0xEE, 0x00, 0x01, 0xCE, 0x00, 0x01, 0xCE, 0x00,
    0x03, 0x8E, 0x00, 0x03, 0x8E, 0x00, 0x07, 0x0F, 0xFC, 0x07, 0x0F, 0xFE, 0x0E, 0x0F, 0xFE, 0x0E,
    0x1E, 0x00, 0x1F, 0xFE, 0x00, 0x1F, 0xFE, 0x00, 0x3C, 0x0E, 0x00, 0x38, 0x0E, 0x00, 0x78, 0x0E,
    0x00, 0x70, 0x0F, 0xFF, 0xF0, 0x0F, 0xFF, 0x00, 0x38, 0x00, 0x01, 0xC0, 0x00, 0x1C, 0x00, 0x00,
    0xE0, 0x00, 0x00, 0x00, 0x0F, 0x87, 0xC1, 0xFF, 0x7F, 0x8F, 0xFF, 0xFE, 0xE0, 0xF0, 0x71, 0x07,
    0x81, 0xC0, 0x38, 0x0E, 0x7F, 0xFF, 0xF7, 0xFF, 0xFF, 0xFC, 0x70, 0x03, 0x83, 0x80, 0x1C, 0x1E,
    0x06, 0xE1, 0xF8, 0x77, 0xFF, 0xFF, 0x9F, 0xE7, 0xF8, 0x38, 0x0E, 0x00, 0x00, 0x70, 0x00, 0x70,
    0x00, 0x38, 0x00, 0x38, 0x00, 0x00, 0x00, 0x1F, 0x10, 0x3F, 0xFC, 0x3F, 0xFE, 0x3C, 0x1E, 0x3C,
    0x0F, 0x9C, 0x0F, 0xDE, 0x0F, 0xFE, 0x07, 0x3F, 0x07, 0x1F, 0x87, 0x0F, 0xC7, 0x87, 0xE3, 0x83,
    0xF3, 0x81, 0xDF, 0xC1, 0xCF, 0xC0, 0xE7, 0xC0, 0xF1, 0xF1, 0xF1, 0xFF, 0xF0, 0xFF, 0xF0, 0x21,
    0xC0, 0x00, 0x00, 0xE0, 0x07, 0x00, 0x18, 0x00, 0xE0, 0x00, 0x00, 0x1F, 0x31, 0xFF, 0xCF, 0xFE,
    0x38, 0x79, 0xC3, 0xE7, 0x1D, 0xDC, 0xF7, 0x73, 0x9D, 0xDC, 0x77, 0xE1, 0xDF, 0x0E, 0x3C, 0x79,
    0xFF, 0xC7, 0xFE, 0x08, 0xE0, 0x1D, 0xC0, 0x07, 0x70, 0x03, 0xB8, 0x00, 0xEE, 0x00, 0x00, 0x00,
    0x0E, 0x00, 0x07, 0x00, 0x07, 0xC0, 0x03, 0xE0, 0x03, 0xB8, 0x01, 0xDC, 0x00, 0xEE, 0x00, 0xE3,
    0x80, 0x71, 0xC0, 0x38, 0xE0, 0x38, 0x38, 0x1C, 0x1C, 0x0F, 0xFE, 0x0F, 0xFF, 0x87, 0x01, 0xC7,
    0x80, 0xF3, 0x80, 0x39, 0xC0, 0x1D, 0xE0, 0x07, 0xE7, 0x0E, 0xE1, 0xCC, 0x1D, 0xC0, 0x00, 0x3F,
    0x1F, 0xF3, 0xFF, 0xE0, 0xE4, 0x1C, 0x03, 0x9F, 0xF7, 0xFF, 0xF1, 0xF8, 0x3F, 0x07, 0xE1, 0xFF,
    0xFD, 0xFF, 0x8E, 0x00, 0x00, 0x00, 0x01, 0xF0, 0x01, 0xFC, 0x00, 0xC6, 0x00, 0x63, 0x00, 0x00,
    0x00, 0x07, 0x00, 0x03, 0x80, 0x03, 0xE0, 0x01, 0xF0, 0x01, 0xDC, 0x00, 0xEE, 0x00, 0x77, 0x00,
    0x71, 0xC0, 0x38, 0xE0, 0x1C, 0x70, 0x1C, 0x1C, 0x0E, 0x0E, 0x07, 0xFF, 0x07, 0xFF, 0xC3, 0x80,
    0xE3, 0xC0, 0x79, 0xC0, 0x1C, 0xE0, 0x0E, 0xF0, 0x03, 0x80, 0x00, 0x03, 0xE0, 0xFE, 0x18, 0xE3,
    0x1C, 0x00, 0x07, 0xE3, 0xFE, 0x7F, 0xFC, 0x1C, 0x83, 0x80, 0x73, 0xFE, 0xFF, 0xFE, 0x3F, 0x07,
    0xE0, 0xFC, 0x3F, 0xFF, 0xBF, 0xF1, 0xC0, 0xE7, 0x07, 0x70, 0x33, 0x83, 0xB8, 0x00, 0x0F, 0xFE,
    0xFF, 0xFF, 0xFF, 0xE0, 0x0E, 0x00, 0xE0, 0x0E, 0x00, 0xE0, 0x0F, 0xFE, 0xFF, 0xEF, 0xFE, 0xE0,
    0x0E, 0x00, 0xE0, 0x0E, 0x00, 0xE0, 0x0E, 0x00, 0xFF, 0xFF, 0xFF, 0x77, 0x03, 0x9C, 0x0E, 0xE0,
    0x33, 0x00, 0x00, 0x07, 0xC0, 0xFF, 0x0F, 0xFC, 0x70, 0x77, 0x03, 0xB8, 0x0D, 0xFF, 0xFF, 0xFF,
    0xF0, 0x03, 0x80, 0x1C, 0x0E, 0x78, 0xF1, 0xFF, 0x07, 0xF0, 0x0E, 0x00, 0x00, 0x01, 0xF0, 0x3F,
    0x83, 0x1C, 0x30, 0xC0, 0x00, 0xFF, 0xEF, 0xFF, 0xFF, 0xFE, 0x00, 0xE0, 0x0E, 0x00, 0xE0, 0x0E,
    0x00, 0xFF, 0xEF, 0xFE, 0xFF, 0xEE, 0x00, 0xE0, 0x0E, 0x00, 0xE0, 0x0E, 0x00, 0xE0, 0x0F, 0xFF,
    0xFF, 0xF0, 0x00, 0x00, 0x7C, 0x07, 0xF0, 0x71, 0x83, 0x0C, 0x00, 0x00, 0x3E, 0x07, 0xF8, 0x7F,
    0xE3, 0x83, 0xB8, 0x1D, 0xC0, 0x6F, 0xFF, 0xFF, 0xFF, 0x80, 0x1C, 0x00, 0xE0, 0x73, 0xC7, 0x8F,
    0xF8, 0x3F, 0x80, 0x70, 0x00, 0x77, 0x1C, 0xE3, 0xB8, 0x66, 0x00, 0x01, 0x80, 0x70, 0x1C, 0x07,
    0x01, 0xC0, 0x70, 0x1C, 0x07, 0x01, 0xC0, 0x70, 0x1C, 0x07, 0x01, 0xC0, 0x70, 0x1C, 0x07, 0x01,
    0xC0, 0x70, 0x1C, 0xE7, 0x3B, 0x8E, 0xE7, 0x70, 0x00, 0x30, 0x38, 0x1C, 0x0E, 0x07, 0x03, 0x81,
    0xC0, 0xE0, 0x70, 0x38, 0x1C, 0x0E, 0x07, 0x03, 0x80, 0x00, 0x3E, 0x7F, 0xE3, 0xC3, 0x00, 0x18,
    0x1C, 0x1C, 0x1C, 0x1C, 0x1C, 0x1C, 0x1C, 0x1C, 0x1C, 0x1C, 0x1C, 0x1C, 0x1C, 0x1C, 0x1C, 0x1C,
    0x1C, 0x1C, 0x00, 0x7E, 0xFE, 0xE7, 0xC3, 0x00, 0x18, 0x38, 0x38, 0x38, 0x38, 0x38, 0x38, 0x38,
    0x38, 0x38, 0x38, 0x38, 0x38, 0x38, 0x1D, 0xC0, 0x07, 0x70, 0x03, 0xB8, 0x00, 0xEE, 0x00, 0x00,
    0x00, 0x1F, 0x00, 0x3F, 0xE0, 0x3F, 0xF8, 0x3C, 0x1E, 0x3C, 0x07, 0x9C, 0x01, 0xDE, 0x00, 0xFE,
    0x00, 0x3F, 0x00, 0x1F, 0x80, 0x0F, 0xC0, 0x07, 0xE0, 0x03, 0xF0, 0x01, 0xDC, 0x01, 0xCE, 0x00,
    0xE7, 0x80, 0xF1, 0xF1, 0xF0, 0x7F, 0xF0, 0x1F, 0xF0, 0x01, 0xC0, 0x00, 0x77, 0x03, 0x9C, 0x0E,
    0xE0, 0x33, 0x00, 0x00, 0x07, 0xC0, 0xFF, 0x8F, 0xFC, 0x70, 0x77, 0x03, 0xB8, 0x0F, 0xC0, 0x7E,
    0x03, 0xF0, 0x1F, 0x80, 0xFE, 0x0E, 0x78, 0xF1, 0xFF, 0x07, 0xF0, 0x0E, 0x00, 0x00, 0x00, 0x01,
    0xF0, 0x01, 0xFC, 0x00, 0xC6, 0x00, 0x63, 0x00, 0x00, 0x00, 0x0F, 0x80, 0x1F, 0xF0, 0x1F, 0xFC,
    0x1E, 0x0F, 0x1E, 0x03, 0xCE, 0x00, 0xEF, 0x00, 0x7F, 0x00, 0x1F, 0x80, 0x0F, 0xC0, 0x07, 0xE0,
    0x03, 0xF0, 0x01, 0xF8, 0x00, 0xEE, 0x00, 0xE7, 0x00, 0x73, 0xC0, 0x78, 0xF8, 0xF8, 0x3F, 0xF8,
    0x0F, 0xF8, 0x00, 0xE0, 0x00, 0x00, 0x00, 0x7C, 0x07, 0xF0, 0x71, 0x83, 0x8C, 0x00, 0x00, 0x3E,
    0x07, 0xFC, 0x7F, 0xE3, 0x83, 0xB8, 0x1D, 0xC0, 0x7E, 0x03, 0xF0, 0x1F, 0x80, 0xFC, 0x07, 0xF0,
    0x73, 0xC7, 0x8F, 0xF8, 0x3F, 0x80, 0x70, 0x00, 0xE7, 0x01, 0xDC, 0x03, 0xB8, 0x0E, 0xE0, 0x00,
    0x03, 0xF8, 0x0F, 0xFE, 0x3F, 0xFC, 0xE0, 0xF3, 0x80, 0xEE, 0x03, 0xB8, 0x0E, 0xE0, 0x3B, 0x81,
    0xEF, 0xFF, 0x3F, 0xF8, 0xFF, 0xC3, 0x87, 0x0E, 0x1E, 0x38, 0x38, 0xE0, 0xF3, 0x81, 0xCE, 0x07,
    0xB8, 0x0E, 0xF7, 0x1D, 0xC3, 0xB8, 0x66, 0x00, 0x06, 0xF3, 0xFC, 0xFF, 0x3C, 0x0F, 0x03, 0x80,
    0xE0, 0x38, 0x0E, 0x03, 0x80, 0xE0, 0x38, 0x0E, 0x03, 0x80, 0x00, 0x00, 0x7E, 0x03, 0xF8, 0x0E,
    0x70, 0x30, 0xC0, 0x00, 0x0F, 0xE0, 0x3F, 0xF8, 0xFF, 0xF3, 0x83, 0xCE, 0x03, 0xB8, 0x0E, 0xE0,
    0x3B, 0x80, 0xEE, 0x07, 0xBF, 0xFC, 0xFF, 0xE3, 0xFF, 0x0E, 0x1C, 0x38, 0x78, 0xE0, 0xE3, 0x83,
    0xCE, 0x07, 0x38, 0x1E, 0xE0, 0x38, 0x00, 0x7E, 0x7F, 0xE7, 0xC3, 0x00, 0x6F, 0xFF, 0xFF, 0xF0,
    0xF0, 0xE0, 0xE0, 0xE0, 0xE0, 0xE0, 0xE0, 0xE0, 0xE0, 0xE0, 0x3B, 0x80, 0x73, 0x80, 0x77, 0x00,
    0x66, 0x00, 0x00, 0x18, 0x01, 0xB8, 0x03, 0xF0, 0x07, 0xE0, 0x0F, 0xC0, 0x1F, 0x80, 0x3F, 0x00,
    0x7E, 0x00, 0xFC, 0x01, 0xF8, 0x03, 0xF0, 0x07, 0xE0, 0x0F, 0xC0, 0x1F, 0x80, 0x3F, 0x00, 0xEF,
    0x01, 0xCF, 0x0F, 0x8F, 0xFE, 0x0F, 0xF8, 0x07, 0x80, 0x77, 0x07, 0x38, 0x3B, 0x81, 0x98, 0x00,
    0x06, 0x07, 0xE0, 0x7E, 0x07, 0xE0, 0x7E, 0x07, 0xE0, 0x7E, 0x07, 0xE0, 0x7E, 0x07, 0xE0, 0x77,
    0x07, 0x78, 0xF7, 0xFF, 0x3F, 0xF0, 0x40, 0x00, 0x00, 0x0F, 0x80, 0x3F, 0x80, 0xE3, 0x01, 0x86,
    0x00, 0x00, 0x30, 0x03, 0x70, 0x07, 0xE0, 0x0F, 0xC0, 0x1F, 0x80, 0x3F, 0x00, 0x7E, 0x00, 0xFC,
    0x01, 0xF8, 0x03, 0xF0, 0x07, 0xE0, 0x0F, 0xC0, 0x1F, 0x80, 0x3F, 0x00, 0x7E, 0x01, 0xDE, 0x03,
    0x9E, 0x1F, 0x1F, 0xFC, 0x1F, 0xF0, 0x0F, 0x00, 0x00, 0x00, 0xF8, 0x1F, 0xC3, 0x8C, 0x30, 0xC0,
    0x00, 0x60, 0x7E, 0x07, 0xE0, 0x7E, 0x07, 0xE0, 0x7E, 0x07, 0xE0, 0x7E, 0x07, 0xE0, 0x7E, 0x07,
    0x70, 0x77, 0x8F, 0x7F, 0xF3, 0xFF, 0x04, 0x00, 0x07, 0x80, 0x7F, 0x83, 0xFF, 0x1E, 0x1E, 0x70,
    0x3B, 0x80, 0x7F, 0x00, 0x1E, 0x00, 0x7F, 0x00, 0xFF, 0x80, 0x7F, 0x00, 0x3E, 0x00, 0x3C, 0x00,
    0x7E, 0x01, 0xFC, 0x0F, 0x78, 0x79, 0xFF, 0xE1, 0xFE, 0x01, 0xE0, 0x07, 0x00, 0x1C, 0x00, 0x70,
    0x01, 0x80, 0x06, 0x00, 0x00, 0x00, 0x1F, 0x0F, 0xF9, 0xFF, 0x70, 0x7E, 0x01, 0xE0, 0x1F, 0xC1,
    0xFE, 0x07, 0xE0, 0x1F, 0x83, 0xF8, 0xF7, 0xFC, 0x7F, 0x03, 0x80, 0x70, 0x0E, 0x01, 0x80, 0x70,
    0x0E, 0x00, 0x00, 0xFF, 0xFF, 0xFF, 0xFF, 0xFF, 0xC1, 0xE0, 0x07, 0x80, 0x1E, 0x00, 0x78, 0x01,
    0xE0, 0x07, 0x80, 0x1E, 0x00, 0x78, 0x01, 0xE0, 0x07, 0x80, 0x1E, 0x00, 0x78, 0x01, 0xE0, 0x07,
    0x80, 0x1E, 0x00, 0x78, 0x00, 0x00, 0x03, 0x00, 0x1C, 0x00, 0x70, 0x01, 0x80, 0x06, 0x00, 0x00,
    0x00, 0x38, 0x38, 0x38, 0xFF, 0xFF, 0xFE, 0x38, 0x38, 0x38, 0x38, 0x38, 0x38, 0x38, 0x38, 0x38,
    0x3F, 0x1F, 0x00, 0x1C, 0x1C, 0x18, 0x38, 0x38, 0x00, 0x0F, 0x80, 0xFF, 0x87, 0xFF, 0x1E, 0x1E,
    0xF0, 0x3B, 0x80, 0xE0, 0x03, 0x80, 0x0E, 0x00, 0x78, 0x03, 0xC0, 0x1F, 0x01, 0xFE, 0x3F, 0xB9,
    0xF8, 0xE7, 0x03, 0xC0, 0x0F, 0x00, 0x38, 0x00, 0xE0, 0x07, 0x80, 0x3C, 0x03, 0xE0, 0x7F, 0x07,
    0xF8, 0x1F, 0x00, 0x20, 0x00, 0x1F, 0x8F, 0xF9, 0xFF, 0xF8, 0x7E, 0x0E, 0x01, 0xC0, 0x70, 0x1E,
    0x0F, 0xCF, 0xFD, 0xF3, 0xB0, 0x70, 0x0E, 0x01, 0xC0, 0x78, 0x1E, 0x1F, 0x8F, 0xE1, 0xF0, 0x10,
    0x00, 0x1C, 0xE0, 0x1F, 0x80, 0x1F, 0x00, 0x1C, 0x00, 0x00, 0x18, 0x01, 0xB8, 0x03, 0xF0, 0x07,
    0xE0, 0x0F, 0xC0, 0x1F, 0x80, 0x3F, 0x00, 0x7E, 0x00, 0xFF, 0xFF, 0xFF, 0xFF, 0xFF, 0xFF, 0xE0,
    0x0F, 0xC0, 0x1F, 0x80, 0x3F, 0x00, 0x7E, 0x00, 0xFC, 0x01, 0xF8, 0x03, 0xF0, 0x07, 0xE7, 0x01,
    0xF8, 0x03, 0xC0, 0x0E, 0x00, 0x00, 0x00, 0x60, 0x03, 0x80, 0x0E, 0x00, 0x38, 0x00, 0xE0, 0x03,
    0x9E, 0x0F, 0xFE, 0x3F, 0xF8, 0xF0, 0xF3, 0xC1, 0xCE, 0x07, 0x38, 0x1C, 0xE0, 0x73, 0x81, 0xCE,
    0x07, 0x38, 0x1C, 0xE0, 0x73, 0x81, 0xCE, 0x07, 0x73, 0x8E, 0x70, 0x39, 0xDC, 0xC0, 0x3C, 0x7E,
    0x77, 0xE7, 0x33, 0x7F, 0xFF, 0x00, 0xFF, 0xFE, 0xC7, 0xE6, 0x7E, 0x3C, 0x6F, 0xF4, 0xE3, 0x73,
    0xF9, 0xC8, 0x40, 0xF7, 0x8C, 0xE0, 0x38, 0xFB, 0xFF, 0x3E, 0xEF, 0xCE, 0x00, 0x1D, 0xC7, 0x39,
    0xCE, 0x33, 0x80, 0xE7, 0x7E, 0x3E, 0x1C, 0x77, 0x3B, 0x8E, 0xE3, 0x30, 0x37, 0x7E, 0xEE, 0xE0,
    0x31, 0xCE, 0x73, 0xB9, 0xCC, 0x31, 0xCE, 0x73, 0xB9, 0xCC, 0x77, 0x76, 0xEC, 0x6F, 0xF4, 0x37,
    0x77, 0xE6, 0x61, 0x87, 0x9E, 0x7B, 0xE0, 0x00, 0x33, 0xB9, 0xCF, 0xFC, 0xC0, 0xE7, 0x7E, 0x3E,
    0x1C, 0x00, 0xE0, 0x18, 0x07, 0x00, 0xC0, 0x38, 0x06, 0x01, 0xC0, 0x30, 0x0E, 0x01, 0x80, 0x70,
    0x0C, 0x03, 0x80, 0x60, 0x1C, 0x03, 0x00, 0x60, 0x00, 0x00, 0x06, 0x00, 0x18, 0x00, 0x70, 0x00,
    0xC0, 0x03, 0x00, 0x0E, 0x00, 0x18, 0x00, 0x70, 0x00, 0xC0, 0x03, 0x00, 0x0E, 0x00, 0x18, 0x00,
    0x60, 0x01, 0xC0, 0x03, 0x00, 0x0E, 0x00, 0x18, 0x00, 0x60, 0x01, 0xC0, 0x03, 0x00, 0x00, 0x73,
    0x7F, 0xFE, 0x00, 0x77, 0x6E, 0xE0, 0xFF, 0xFF, 0xF8, 0x7C, 0x3E, 0x18, 0x00, 0xFF, 0xFF, 0x00,
    0x7F, 0xFF, 0x00, 0x01, 0xDB, 0xB7, 0x6E, 0xDD, 0x80, 0xFF, 0xF7, 0xC7, 0x1C, 0x20, 0x00, 0x3F,
    0xFF, 0xFF, 0xFD, 0xF0, 0xC0, 0x0E, 0x07, 0x80, 0xE0, 0xE7, 0x7F, 0xDB, 0xE6, 0xF0, 0x78, 0x0E,
    0x00, 0x00, 0x10, 0x9F, 0xFF, 0xF9, 0xE7, 0x7F, 0xB9, 0xC0, 0x19, 0x86, 0x39, 0xFF, 0xBF, 0xF3,
    0x1C, 0x33, 0x00, 0x18, 0x79, 0xFE, 0xF1, 0x83, 0x00, 0x00, 0x38, 0x0F, 0xC1, 0xFC, 0x0F, 0xC1,
    0xF1, 0xFF, 0xF8, 0xF8, 0x30, 0x00, 0x7F, 0x6E, 0x40, 0x3C, 0xFE, 0xE7, 0xC7, 0x38, 0x3C, 0x38,
    0x00, 0xDD, 0xF1, 0xE7, 0xCD, 0xC1, 0x00, 0x00, 0x1C, 0xFF, 0xCF, 0xC3, 0xC1, 0x80, 0x01, 0xC3,
    0xF0, 0xF7, 0xFE, 0x30, 0x00, 0x00, 0x23, 0xC1, 0xC7, 0xC7, 0x07, 0xBC, 0x3E, 0xD9, 0xE7, 0x64,
    0x19, 0xC0, 0x4F, 0x73, 0x7F, 0x60, 0x6F, 0xF4, 0x00, 0xCF, 0xBF, 0x71, 0xE4, 0x00, 0x33, 0x3F,
    0xEC, 0xCF, 0x33, 0xFF, 0xDF, 0xE0, 0x31, 0xC6, 0x1F, 0x78, 0x63, 0x80, 0x40, 0x00, 0xBC, 0x00,
    0xE7, 0xF3, 0xF0, 0x7F, 0xF8, 0x03, 0xF0, 0x00, 0x40, 0x00, 0xBC, 0x00, 0xE7, 0xF3, 0xF0, 0x7F,
    0xF8, 0x03, 0xF0, 0x00, 0x7F, 0xFE, 0xFF, 0xFE, 0xFF, 0xFE, 0x7F, 0xFE, 0xFF, 0xFE, 0xFF, 0xFE,
    0x3F, 0x80, 0x03, 0x7F, 0xFF, 0xFF, 0xFF, 0xFF, 0xFE, 0xC0, 0x07, 0xFC, 0x00, 0xC0, 0x03, 0xFF,
    0x03, 0xFF, 0xF1, 0xE0, 0x1E, 0xE0, 0x01, 0xC0, 0x00, 0x03, 0x00, 0x00, 0x3C, 0xFF, 0xFF, 0xEF,
    0xFF, 0xFE, 0x00, 0x01, 0xC0, 0x00, 0x38, 0x39, 0xFB, 0x33, 0xEF, 0xD9, 0xBF, 0x3E, 0x39, 0xFB,
    0x37, 0xEF, 0xD9, 0xBF, 0x1C, 0xFF, 0xFF, 0xF0, 0x3C, 0x7E, 0x66, 0x67, 0x67, 0x66, 0x7E, 0x3C,
    0xCF, 0x3C, 0xF3, 0xCF, 0x3F, 0xDF, 0x3C, 0xFD, 0x9B, 0x06, 0x0C, 0xDF, 0x9E, 0x06, 0x0C, 0x19,
    0xF7, 0xEC, 0xF9, 0xF3, 0x66, 0xFC, 0xF8, 0xC3, 0x0C, 0x3E, 0xFF, 0x3C, 0xF3, 0xCF, 0x3C, 0xC0,
    0xFB, 0xBF, 0xFC, 0xCF, 0x33, 0xCC, 0xF3, 0x3C, 0xCF, 0x33, 0xF7, 0xB9, 0x8C, 0x63, 0x18, 0x23,
    0xBF, 0xF7, 0x39, 0xCE, 0x39, 0xC0, 0x66, 0x66, 0x7E, 0x3E, 0x3C, 0x3C, 0x18, 0x18, 0xE6, 0xDD,
    0xF1, 0xC3, 0x8F, 0x9B, 0xF3, 0x3C, 0x01, 0xC0, 0x0E, 0x00, 0xE0, 0x00, 0x0F, 0xFE, 0xFF, 0xFF,
    0xFF, 0xE0, 0x0E, 0x00, 0xE0, 0x0E, 0x00, 0xE0, 0x0F, 0xFE, 0xFF, 0xEF, 0xFE, 0xE0, 0x0E, 0x00,
    0xE0, 0x0E, 0x00, 0xE0, 0x0E, 0x00, 0xFF, 0xFF, 0xFF, 0x31, 0xC7, 0x9C, 0x39, 0xC1, 0x08, 0x00,
    0x0F, 0xFE, 0xFF, 0xFF, 0xFF, 0xE0, 0x0E, 0x00, 0xE0, 0x0E, 0x00, 0xE0, 0x0F, 0xFE, 0xFF, 0xEF,
    0xFE, 0xE0, 0x0E, 0x00, 0xE0, 0x0E, 0x00, 0xE0, 0x0E, 0x00, 0xFF, 0xFF, 0xFF, 0xFF, 0xFC, 0x1F,
    0xFF, 0x83, 0xFF, 0xF0, 0x03, 0xC0, 0x00, 0x78, 0x00, 0x0F, 0x00, 0x01, 0xE0, 0x00, 0x3C, 0xE0,
    0x07, 0xFF, 0x00, 0xFF, 0xF0, 0x1F, 0x8F, 0x03, 0xC0, 0xF0, 0x78, 0x0E, 0x0F, 0x01, 0xC1, 0xE0,
    0x38, 0x3C, 0x07, 0x07, 0x81, 0xE0, 0xF0, 0xF8, 0x1E, 0x7E, 0x00, 0x0F, 0x80, 0x00, 0x00, 0x03,
    0x80, 0x70, 0x07, 0x00, 0x60, 0x00, 0x0F, 0xFE, 0xFF, 0xFF, 0xFF, 0xE0, 0x0E, 0x00, 0xE0, 0x0E,
    0x00, 0xE0, 0x0E, 0x00, 0xE0, 0x0E, 0x00, 0xE0, 0x0E, 0x00, 0xE0, 0x0E, 0x00, 0xE0, 0x0E, 0x00,
    0xE0, 0x0E, 0x00, 0x03, 0xE0, 0x0F, 0xF8, 0x1F, 0xFC, 0x3C, 0x1E, 0x78, 0x0F, 0x70, 0x07, 0xF0,
    0x07, 0xE0, 0x00, 0xFF, 0xC0, 0xFF, 0xE0, 0xFF, 0xE0, 0xE0, 0x00, 0xE0, 0x00, 0x70, 0x07, 0x70,
    0x07, 0x78, 0x0F, 0x3E, 0x3E, 0x1F, 0xFC, 0x0F, 0xF8, 0x01, 0xC0, 0x07, 0x80, 0x7F, 0x83, 0xFF,
    0x1E, 0x1E, 0x70, 0x3B, 0x80, 0x7F, 0x00, 0x1E, 0x00, 0x7F, 0x00, 0xFF, 0x80, 0x7F, 0x00, 0x3E,
    0x00, 0x3C, 0x00, 0x7E, 0x01, 0xFC, 0x0F, 0x78, 0x79, 0xFF, 0xE1, 0xFE, 0x01, 0xE0, 0xDF, 0xFF,
    0xFF, 0xFF, 0xFF, 0xFF, 0xFF, 0x80, 0xE3, 0x73, 0xF9, 0xC8, 0x40, 0x00, 0xC0, 0x70, 0x38, 0x1C,
    0x0E, 0x07, 0x03, 0x81, 0xC0, 0xE0, 0x70, 0x38, 0x1C, 0x0E, 0x07, 0x03, 0x81, 0xC0, 0xE0, 0x70,
    0x38, 0x00, 0x60, 0x1C, 0x03, 0x80, 0x70, 0x0E, 0x01, 0xC0, 0x38, 0x07, 0x00, 0xE0, 0x1C, 0x03,
    0x80, 0x7C, 0x0F, 0xC1, 0xF8, 0x3F, 0x07, 0xF1, 0xEF, 0xF8, 0xFE, 0x07, 0x00, 0x0F, 0xFE, 0x00,
    0x03, 0xFF, 0x80, 0x00, 0xFF, 0xE0, 0x00, 0x30, 0x38, 0x00, 0x1C, 0x0E, 0x00, 0x07, 0x03, 0x80,
    0x01, 0xC0, 0xE0, 0x00, 0x70, 0x38, 0x00, 0x1C, 0x0F, 0xFE, 0x07, 0x03, 0xFF, 0xC1, 0xC0, 0xE0,
    0xF8, 0x70, 0x38, 0x0F, 0x1C, 0x0E, 0x01, 0xC7, 0x03, 0x80, 0x71, 0xC0, 0xE0, 0x1C, 0xE0, 0x38,
    0x0E, 0x38, 0x0E, 0x0F, 0xBE, 0x03, 0xFF, 0xCF, 0x00, 0xFF, 0xE0, 0xC0, 0x0C, 0x00, 0x70, 0x07,
    0x00, 0x38, 0x03, 0x80, 0x1C, 0x01, 0xC0, 0x0E, 0x00, 0xE0, 0x07, 0x00, 0x70, 0x03, 0x80, 0x38,
    0x01, 0xC0, 0x1C, 0x00, 0xFF, 0xFF, 0xFC, 0x7F, 0xFF, 0xFF, 0xB8, 0x03, 0x83, 0xDC, 0x01, 0xC0,
    0xFE, 0x00, 0xE0, 0x3F, 0x00, 0x70, 0x1F, 0x80, 0x38, 0x0F, 0xC0, 0x1C, 0x0F, 0xE0, 0x0E, 0x0F,
    0x70, 0x07, 0xFF, 0xB8, 0x03, 0xFF, 0x00, 0xFF, 0xFE, 0x0F, 0xFF, 0xE0, 0xFF, 0xFE, 0x00, 0x78,
    0x00, 0x07, 0x80, 0x00, 0x78, 0x00, 0x07, 0x80, 0x00, 0x78, 0x00, 0x07, 0xFF, 0x80, 0x7F, 0xFC,
    0x07, 0xE3, 0xE0, 0x78, 0x0E, 0x07, 0x80, 0xE0, 0x78, 0x0E, 0x07, 0x80, 0xE0, 0x78, 0x0E, 0x07,
    0x80, 0xE0, 0x78, 0x0E, 0x07, 0x80, 0xE0, 0x03, 0xC0, 0x0E, 0x00, 0x30, 0x01, 0xC0, 0x00, 0x03,
    0x00, 0x6E, 0x03, 0xF8, 0x1E, 0xE0, 0xF3, 0x83, 0x8E, 0x1E, 0x38, 0xF0, 0xE7, 0x83, 0xFC, 0x0F,
    0xE0, 0x3F, 0xC0, 0xE7, 0x83, 0x8F, 0x0E, 0x1C, 0x38, 0x78, 0xE0, 0xF3, 0x81, 0xEE, 0x03, 0xB8,
    0x0F, 0x0E, 0x00, 0x0E, 0x00, 0x1C, 0x00, 0x18, 0x00, 0x00, 0x18, 0x01, 0xB8, 0x07, 0xF0, 0x1F,
    0xE0, 0x3F, 0xC0, 0xFF, 0x83, 0xFF, 0x07, 0x7E, 0x1E, 0xFC, 0x79, 0xF8, 0xE3, 0xF3, 0xC7, 0xE7,
    0x0F, 0xDC, 0x1F, 0xF8, 0x3F, 0xE0, 0x7F, 0x80, 0xFF, 0x01, 0xFC, 0x03, 0xF8, 0x07, 0x0C, 0x70,
    0x1C, 0xC0, 0x1F, 0x80, 0x1E, 0x00, 0x00, 0x0C, 0x00, 0xFC, 0x03, 0xB8, 0x0F, 0x78, 0x1C, 0x70,
    0x38, 0xF0, 0xE0, 0xE1, 0xC1, 0xC7, 0x81, 0xCE, 0x03, 0x9C, 0x03, 0xF0, 0x07, 0xE0, 0x0F, 0xC0,
    0x0F, 0x00, 0x1E, 0x00, 0x38, 0x00, 0xF0, 0x07, 0xC0, 0x0F, 0x00, 0xC0, 0x0F, 0x80, 0x7E, 0x01,
    0xF8, 0x07, 0xE0, 0x1F, 0x80, 0x7E, 0x01, 0xF8, 0x07, 0xE0, 0x1F, 0x80, 0x7E, 0x01, 0xF8, 0x07,
    0xE0, 0x1F, 0x80, 0x7E, 0x01, 0xF8, 0x07, 0xE0, 0x1F, 0xFF, 0xFF, 0xFF, 0xC1, 0xC0, 0x07, 0x00,
    0x1C, 0x00, 0x70, 0x00, 0x01, 0xC0, 0x00, 0xE0, 0x00, 0xF8, 0x00, 0x7C, 0x00, 0x77, 0x00, 0x3B,
    0x80, 0x1D, 0xC0, 0x1C, 0x70, 0x0E, 0x38, 0x07, 0x1C, 0x07, 0x07, 0x03, 0x83, 0x81, 0xFF, 0xC1,
    0xFF, 0xF0, 0xE0, 0x38, 0xF0, 0x1E, 0x70, 0x07, 0x38, 0x03, 0xBC, 0x00, 0xE0, 0xFF, 0xE7, 0xFF,
    0x3F, 0xF9, 0xC0, 0x0E, 0x00, 0x70, 0x03, 0x80, 0x1C, 0x00, 0xFF, 0x87, 0xFF, 0x3F, 0xFD, 0xC0,
    0xFE, 0x03, 0xF0, 0x1F, 0x80, 0xFC, 0x0F, 0xE0, 0xF7, 0xFF, 0xBF, 0xF0, 0xFF, 0x07, 0xFE, 0x3F,
    0xFD, 0xC1, 0xEE, 0x07, 0x70, 0x1F, 0x80, 0xFC, 0x0E, 0xFF, 0xF7, 0xFE, 0x3F, 0xFD, 0xC0, 0xFE,
    0x03, 0xF0, 0x1F, 0x80, 0xFC, 0x07, 0xE0, 0xFF, 0xFF, 0xBF, 0xF8, 0xFF, 0xEF, 0xFF, 0xFF, 0xFE,
    0x00, 0xE0, 0x0E, 0x00, 0xE0, 0x0E, 0x00, 0xE0, 0x0E, 0x00, 0xE0, 0x0E, 0x00, 0xE0, 0x0E, 0x00,
    0xE0, 0x0E, 0x00, 0xE0, 0x0E, 0x00, 0xE0, 0x00, 0x07, 0xFF, 0x01, 0xFF, 0xE0, 0x3F, 0xFC, 0x07,
    0x03, 0x80, 0xE0, 0x70, 0x1C, 0x0E, 0x03, 0x81, 0xC0, 0x70, 0x38, 0x0E, 0x07, 0x01, 0xC0, 0xE0,
    0x38, 0x1C, 0x0E, 0x03, 0x81, 0xC0, 0x70, 0x38, 0x0E, 0x07, 0x01, 0xC1, 0xC0, 0x38, 0x78, 0x07,
    0x9F, 0xFF, 0xFB, 0xFF, 0xFF, 0x70, 0x00, 0x6E, 0x00, 0x0D, 0xC0, 0x01, 0xB8, 0x00, 0x30, 0xFF,
    0xEF, 0xFF, 0xFF, 0xFE, 0x00, 0xE0, 0x0E, 0x00, 0xE0, 0x0E, 0x00, 0xFF, 0xEF, 0xFE, 0xFF, 0xEE,
    0x00, 0xE0, 0x0E, 0x00, 0xE0, 0x0E, 0x00, 0xE0, 0x0F, 0xFF, 0xFF, 0xF0, 0x70, 0x18, 0x0C, 0x78,
    0x38, 0x1E, 0x38, 0x38, 0x1C, 0x3C, 0x38, 0x38, 0x1C, 0x38, 0x78, 0x0E, 0x38, 0x70, 0x0F, 0x38,
    0xF0, 0x07, 0x38, 0xE0, 0x07, 0xBD, 0xC0, 0x03, 0xFF, 0xC0, 0x07, 0xFF, 0xC0, 0x07, 0x38, 0xE0,
    0x0F, 0x38, 0xF0, 0x0E, 0x38, 0x70, 0x1C, 0x38, 0x78, 0x3C, 0x38, 0x38, 0x38, 0x38, 0x1C, 0x78,
    0x38, 0x1E, 0x70, 0x38, 0x0E, 0x07, 0x80, 0xFF, 0x0F, 0xFC, 0xF0, 0xE7, 0x07, 0xB0, 0x1C, 0x00,
    0xE0, 0x0E, 0x07, 0xF0, 0x3E, 0x01, 0xFC, 0x00, 0xF0, 0x03, 0x80, 0x1F, 0x80, 0xFE, 0x07, 0x78,
    0x7B, 0xFF, 0x87, 0xF8, 0x0E, 0x00, 0xC0, 0x0D, 0xC0, 0x3F, 0x80, 0xFF, 0x01, 0xFE, 0x07, 0xFC,
    0x1F, 0xF8, 0x3B, 0xF0, 0xF7, 0xE3, 0xCF, 0xC7, 0x1F, 0x9E, 0x3F, 0x38, 0x7E, 0xE0, 0xFF, 0xC1,
    0xFF, 0x03, 0xFC, 0x07, 0xF8, 0x0F, 0xE0, 0x1F, 0xC0, 0x38, 0x1C, 0x60, 0x1D, 0xC0, 0x3F, 0x00,
    0x3C, 0x00, 0x00, 0x18, 0x01, 0xB8, 0x07, 0xF0, 0x1F, 0xE0, 0x3F, 0xC0, 0xFF, 0x83, 0xFF, 0x07,
    0x7E, 0x1E, 0xFC, 0x79, 0xF8, 0xE3, 0xF3, 0xC7, 0xE7, 0x0F, 0xDC, 0x1F, 0xF8, 0x3F, 0xE0, 0x7F,
    0x80, 0xFF, 0x01, 0xFC, 0x03, 0xF8, 0x07, 0xC0, 0x1B, 0x80, 0xFE, 0x07, 0xB8, 0x3C, 0xE0, 0xE3,
    0x87, 0x8E, 0x3C, 0x39, 0xE0, 0xFF, 0x03, 0xF8, 0x0F, 0xF0, 0x39, 0xE0, 0xE3, 0xC3, 0x87, 0x0E,
    0x1E, 0x38, 0x3C, 0xE0, 0x7B, 0x80, 0xEE, 0x03, 0xC0, 0x0F, 0xFE, 0x0F, 0xFF, 0x0F, 0xFF, 0x0E,
    0x07, 0x1C, 0x07, 0x1C, 0x07, 0x1C, 0x07, 0x1C, 0x07, 0x1C, 0x07, 0x1C, 0x07, 0x1C, 0x07, 0x1C,
    0x07, 0x1C, 0x07, 0x1C, 0x07, 0x1C, 0x07, 0x38, 0x07, 0x78, 0x07, 0xF8, 0x07, 0xF0, 0x07, 0xE0,
    0x01, 0xDE, 0x00, 0x7F, 0xC0, 0x0F, 0xFC, 0x01, 0xFF, 0x80, 0x7F, 0xF8, 0x0F, 0xFF, 0x03, 0xBF,
    0xE0, 0x77, 0xEE, 0x0E, 0xFD, 0xC3, 0x9F, 0xBC, 0x73, 0xF3, 0x9C, 0x7E, 0x73, 0x8F, 0xC7, 0x71,
    0xF8, 0xFC, 0x3F, 0x1F, 0x87, 0xE1, 0xF0, 0xFC, 0x3C, 0x1F, 0x83, 0x83, 0x80, 0xC0, 0x0D, 0xC0,
    0x1F, 0x80, 0x3F, 0x00, 0x7E, 0x00, 0xFC, 0x01, 0xF8, 0x03, 0xF0, 0x07, 0xFF, 0xFF, 0xFF, 0xFF,
    0xFF, 0xFF, 0x00, 0x7E, 0x00, 0xFC, 0x01, 0xF8, 0x03, 0xF0, 0x07, 0xE0, 0x0F, 0xC0, 0x1F, 0x80,
    0x38, 0x03, 0xE0, 0x07, 0xFC, 0x07, 0xFF, 0x07, 0x83, 0xC7, 0x80, 0xF3, 0x80, 0x3B, 0xC0, 0x1F,
    0xC0, 0x07, 0xE0, 0x03, 0xF0, 0x01, 0xF8, 0x00, 0xFC, 0x00, 0x7E, 0x00, 0x3B, 0x80, 0x39, 0xC0,
    0x1C, 0xF0, 0x1E, 0x3E, 0x3E, 0x0F, 0xFE, 0x03, 0xFE, 0x00, 0x38, 0x00, 0xFF, 0xFD, 0xFF, 0xFF,
    0xFF, 0xFF, 0x00, 0x7E, 0x00, 0xFC, 0x01, 0xF8, 0x03, 0xF0, 0x07, 0xE0, 0x0F, 0xC0, 0x1F, 0x80,
    0x3F, 0x00, 0x7E, 0x00, 0xFC, 0x01, 0xF8, 0x03, 0xF0, 0x07, 0xE0, 0x0F, 0xC0, 0x1F, 0x80, 0x38,
    0xFE, 0x07, 0xFE, 0x3F, 0xFD, 0xC1, 0xEE, 0x07, 0xF0, 0x1F, 0x80, 0xFC, 0x07, 0xE0, 0x7F, 0x07,
    0xBF, 0xFD, 0xFF, 0xCF, 0xF0, 0x70, 0x03, 0x80, 0x1C, 0x00, 0xE0, 0x07, 0x00, 0x38, 0x00, 0x03,
    0xE0, 0x0F, 0xF8, 0x1F, 0xFC, 0x3C, 0x1E, 0x78, 0x0F, 0x70, 0x07, 0xF0, 0x07, 0xE0, 0x00, 0xE0,
    0x00, 0xE0, 0x00, 0xE0, 0x00, 0xE0, 0x00, 0xE0, 0x00, 0x70, 0x07, 0x70, 0x07, 0x78, 0x0F, 0x3E,
    0x3E, 0x1F, 0xFC, 0x0F, 0xF8, 0x01, 0xC0, 0xFF, 0xFF, 0xFF, 0xFF, 0xFF, 0xC1, 0xE0, 0x07, 0x80,
    0x1E, 0x00, 0x78, 0x01, 0xE0, 0x07, 0x80, 0x1E, 0x00, 0x78, 0x01, 0xE0, 0x07, 0x80, 0x1E, 0x00,
    0x78, 0x01, 0xE0, 0x07, 0x80, 0x1E, 0x00, 0x78, 0x00, 0x60, 0x07, 0xE0, 0x1D, 0xC0, 0x7B, 0xC0,
    0xE3, 0x81, 0xC7, 0x87, 0x07, 0x0E, 0x0E, 0x3C, 0x0E, 0x70, 0x1C, 0xE0, 0x1F, 0x80, 0x3F, 0x00,
    0x7E, 0x00, 0x78, 0x00, 0xF0, 0x01, 0xC0, 0x07, 0x80, 0x3E, 0x00, 0x78, 0x00, 0x00, 0xC0, 0x00,
    0x1C, 0x00, 0x03, 0x80, 0x03, 0xFE, 0x01, 0xFF, 0xF0, 0x7F, 0xFF, 0x1E, 0x38, 0xE3, 0x87, 0x0E,
    0xE0, 0xE1, 0xDC, 0x1C, 0x3B, 0x83, 0x83, 0xF0, 0x70, 0x7E, 0x0E, 0x1D, 0xC1, 0xC3, 0x9C, 0x38,
    0x73, 0xC7, 0x3C, 0x3F, 0xFF, 0x83, 0xFF, 0xC0, 0x1F, 0xF0, 0x00, 0x70, 0x00, 0x0E, 0x00, 0x00,
    0x00, 0x00, 0x70, 0x07, 0x3C, 0x07, 0x8E, 0x03, 0x87, 0x83, 0x81, 0xE3, 0xC0, 0x71, 0xC0, 0x3D,
    0xC0, 0x0F, 0xE0, 0x03, 0xE0, 0x00, 0xE0, 0x00, 0xF8, 0x00, 0xFE, 0x00, 0x77, 0x00, 0x73, 0xC0,
    0x78, 0xF0, 0x38, 0x38, 0x38, 0x1E, 0x3C, 0x07, 0x9C, 0x01, 0xC0, 0xC0, 0x0C, 0xE0, 0x1C, 0xE0,
    0x1C, 0xE0, 0x1C, 0xE0, 0x1C, 0xE0, 0x1C, 0xE0, 0x1C, 0xE0, 0x1C, 0xE0, 0x1C, 0xE0, 0x1C, 0xE0,
    0x1C, 0xE0, 0x1C, 0xE0, 0x1C, 0xE0, 0x1C, 0xE0, 0x1C, 0xE0, 0x1C, 0xE0, 0x1C, 0xFF, 0xFF, 0xFF,
    0xFF, 0x00, 0x07, 0x00, 0x07, 0x00, 0x07, 0x00, 0x07, 0x60, 0x0D, 0xE0, 0x1F, 0xC0, 0x3F, 0x80,
    0x7F, 0x00, 0xFE, 0x01, 0xFC, 0x03, 0xB8, 0x07, 0x70, 0x1E, 0xF0, 0xFC, 0xFF, 0xF8, 0xFF, 0xF0,
    0x30, 0xE0, 0x01, 0xC0, 0x03, 0x80, 0x07, 0x00, 0x0E, 0x00, 0x1C, 0x00, 0x38, 0xC0, 0x60, 0x6E,
    0x0E, 0x07, 0xE0, 0xE0, 0x7E, 0x0E, 0x07, 0xE0, 0xE0, 0x7E, 0x0E, 0x07, 0xE0, 0xE0, 0x7E, 0x0E,
    0x07, 0xE0, 0xE0, 0x7E, 0x0E, 0x07, 0xE0, 0xE0, 0x7E, 0x0E, 0x07, 0xE0, 0xE0, 0x7E, 0x0E, 0x07,
    0xE0, 0xE0, 0x7E, 0x0E, 0x07, 0xE0, 0xE0, 0x7F, 0xFF, 0xFF, 0xFF, 0xFF, 0xF0, 0xC0, 0x60, 0x63,
    0x83, 0x81, 0xCE, 0x0E, 0x07, 0x38, 0x38, 0x1C, 0xE0, 0xE0, 0x73, 0x83, 0x81, 0xCE, 0x0E, 0x07,
    0x38, 0x38, 0x1C, 0xE0, 0xE0, 0x73, 0x83, 0x81, 0xCE, 0x0E, 0x07, 0x38, 0x38, 0x1C, 0xE0, 0xE0,
    0x73, 0x83, 0x81, 0xCE, 0x0E, 0x07, 0x38, 0x38, 0x1C, 0xE0, 0xE0, 0x73, 0xFF, 0xFF, 0xFF, 0xFF,
    0xFF, 0xC0, 0x00, 0x07, 0x00, 0x00, 0x1C, 0x00, 0x00, 0x70, 0x00, 0x01, 0xC0, 0xFE, 0x00, 0x1F,
    0xE0, 0x03, 0xFC, 0x00, 0x03, 0x80, 0x00, 0x70, 0x00, 0x0E, 0x00, 0x01, 0xC0, 0x00, 0x38, 0x00,
    0x07, 0xFF, 0x00, 0xFF, 0xF0, 0x1C, 0x1F, 0x03, 0x80, 0xE0, 0x70, 0x1C, 0x0E, 0x03, 0x81, 0xC0,
    0x70, 0x38, 0x0E, 0x07, 0x07, 0xC0, 0xFF, 0xF0, 0x1F, 0xFC, 0x00, 0xC0, 0x01, 0xB8, 0x00, 0x7E,
    0x00, 0x1F, 0x80, 0x07, 0xE0, 0x01, 0xF8, 0x00, 0x7E, 0x00, 0x1F, 0x80, 0x07, 0xFF, 0xC1, 0xFF,
    0xFC, 0x7E, 0x0F, 0x9F, 0x80, 0xE7, 0xE0, 0x39, 0xF8, 0x0E, 0x7E, 0x03, 0x9F, 0x80, 0xE7, 0xE0,
    0xF1, 0xFF, 0xFC, 0x7F, 0xFC, 0x1C, 0xC0, 0x07, 0x00, 0x38, 0x01, 0xC0, 0x0E, 0x00, 0x70, 0x03,
    0x80, 0x1C, 0x00, 0xFF, 0xC7, 0xFF, 0xB8, 0x3F, 0xC0, 0x7E, 0x03, 0xF0, 0x1F, 0x80, 0xFC, 0x07,
    0xE0, 0xF7, 0xFF, 0xBF, 0xF0, 0x07, 0xC0, 0x1F, 0xF0, 0x3F, 0xF8, 0x78, 0x3C, 0x70, 0x1E, 0xE0,
    0x0E, 0xE0, 0x07, 0x00, 0x07, 0x03, 0xFF, 0x03, 0xFF, 0x03, 0xFF, 0x00, 0x07, 0x00, 0x07, 0xE0,
    0x07, 0xE0, 0x0E, 0x70, 0x1E, 0x7C, 0x7C, 0x3F, 0xF8, 0x1F, 0xF0, 0x03, 0x80, 0xC0, 0x1F, 0x03,
    0x81, 0xFF, 0x0E, 0x0F, 0xFE, 0x38, 0x7C, 0x3C, 0xE1, 0xC0, 0x7B, 0x8E, 0x00, 0xEE, 0x38, 0x01,
    0xF9, 0xE0, 0x07, 0xFF, 0x00, 0x1F, 0xFC, 0x00, 0x7F, 0xF0, 0x01, 0xF9, 0xC0, 0x07, 0xE3, 0x80,
    0x1F, 0x8E, 0x00, 0x7E, 0x38, 0x03, 0xB8, 0x70, 0x1E, 0xE1, 0xF1, 0xF3, 0x83, 0xFF, 0x8E, 0x03,
    0xFC, 0x00, 0x03, 0x80, 0x01, 0xFC, 0x7F, 0xF3, 0xFF, 0xCF, 0x07, 0x78, 0x1D, 0xC0, 0x77, 0x01,
    0xDC, 0x07, 0x78, 0x1C, 0xFF, 0xF1, 0xFF, 0xC3, 0xFF, 0x0E, 0x1C, 0x78, 0x71, 0xC1, 0xCF, 0x07,
    0x38, 0x1D, 0xE0, 0x77, 0x01, 0xC0, 0x1F, 0x8F, 0xF9, 0xFF, 0xF0, 0x72, 0x0E, 0x01, 0xCF, 0xFB,
    0xFF, 0xF8, 0xFC, 0x1F, 0x83, 0xF0, 0xFF, 0xFE, 0xFF, 0xC7, 0x00, 0x00, 0x20, 0x03, 0x83, 0xF8,
    0x7F, 0xC7, 0xE0, 0x38, 0x03, 0xBF, 0x1F, 0xFC, 0xF8, 0xF7, 0x83, 0xB8, 0x0F, 0xC0, 0x7E, 0x03,
    0xF0, 0x1F, 0x80, 0xFC, 0x0E, 0x70, 0xF1, 0xFF, 0x07, 0xF0, 0x0E, 0x00, 0x7F, 0x8F, 0xFC, 0xFF,
    0xEE, 0x0F, 0xE0, 0x7E, 0x0E, 0xFF, 0xCF, 0xFE, 0xE0, 0xFE, 0x07, 0xE0, 0x7E, 0x0F, 0xFF, 0xEF,
    0xFC, 0x7F, 0xFF, 0xFF, 0xFF, 0x80, 0xE0, 0x38, 0x0E, 0x03, 0x80, 0xE0, 0x38, 0x0E, 0x03, 0x80,
    0xE0, 0x38, 0x00, 0x0F, 0xF8, 0x3F, 0xF0, 0x7F, 0xE0, 0xE1, 0xC1, 0xC3, 0x83, 0x87, 0x07, 0x0E,
    0x0E, 0x1C, 0x1C, 0x38, 0x30, 0x70, 0xE0, 0xE3, 0xC1, 0xCF, 0xFF, 0xFF, 0xFF, 0xF8, 0x03, 0xF0,
    0x07, 0xE0, 0x0F, 0xC0, 0x1C, 0x0F, 0x81, 0xFE, 0x1F, 0xF8, 0xE0, 0xEE, 0x07, 0x70, 0x1B, 0xFF,
    0xFF, 0xFF, 0xE0, 0x07, 0x00, 0x38, 0x1C, 0xF1, 0xE3, 0xFE, 0x0F, 0xE0, 0x1C, 0x00, 0x70, 0x60,
    0xE7, 0x87, 0x1E, 0x38, 0x71, 0xC1, 0xC7, 0x38, 0x0E, 0x77, 0x00, 0xF7, 0xF0, 0x07, 0xFE, 0x00,
    0x7F, 0xE0, 0x07, 0xFE, 0x00, 0xE7, 0x70, 0x1E, 0x77, 0x83, 0xC7, 0x3C, 0x78, 0x71, 0xE7, 0x07,
    0x0E, 0x1F, 0x0F, 0xF3, 0xFF, 0x70, 0xE0, 0x1C, 0x07, 0x83, 0xE0, 0x7C, 0x03, 0xC0, 0x3B, 0x87,
    0x70, 0xEF, 0xFC, 0xFF, 0x03, 0x00, 0x60, 0x7E, 0x07, 0xE0, 0xFE, 0x1F, 0xE1, 0xFE, 0x3F, 0xE7,
    0x7E, 0x77, 0xEE, 0x7F, 0xC7, 0xFC, 0x7F, 0x87, 0xF0, 0x7F, 0x07, 0x38, 0xC1, 0x9C, 0x1F, 0x80,
    0xF0, 0x00, 0x06, 0x07, 0xE0, 0x7E, 0x0F, 0xE1, 0xFE, 0x1F, 0xE3, 0xFE, 0x77, 0xE7, 0x7E, 0xE7,
    0xFC, 0x7F, 0xC7, 0xF8, 0x7F, 0x07, 0xF0, 0x70, 0x60, 0x77, 0x07, 0xB8, 0x79, 0xC7, 0x8E, 0x78,
    0x73, 0x83, 0xF8, 0x1F, 0xC0, 0xFF, 0x07, 0x3C, 0x38, 0xF1, 0xC3, 0xCE, 0x0E, 0x70, 0x78, 0x1F,
    0xF8, 0xFF, 0xC7, 0xFE, 0x38, 0x71, 0xC3, 0x8E, 0x1C, 0x70, 0xE3, 0x07, 0x38, 0x39, 0xC1, 0xCE,
    0x0E, 0xF0, 0x7F, 0x03, 0xF8, 0x1C, 0x70, 0x07, 0x7C, 0x07, 0xFE, 0x03, 0xFF, 0x83, 0xFF, 0xC1,
    0xFF, 0x71, 0xDF, 0xB8, 0xEF, 0xDC, 0x77, 0xE7, 0x73, 0xF3, 0xB9, 0xF8, 0xF8, 0xFC, 0x7C, 0x7E,
    0x1C, 0x3F, 0x0E, 0x1C, 0x60, 0x7E, 0x07, 0xE0, 0x7E, 0x07, 0xE0, 0x7E, 0x07, 0xFF, 0xFF, 0xFF,
    0xE0, 0x7E, 0x07, 0xE0, 0x7E, 0x07, 0xE0, 0x7E, 0x07, 0x0F, 0x81, 0xFF, 0x1F, 0xF8, 0xE0, 0xEE,
    0x07, 0x70, 0x1F, 0x80, 0xFC, 0x07, 0xE0, 0x3F, 0x01, 0xFC, 0x1C, 0xF1, 0xE3, 0xFE, 0x0F, 0xE0,
    0x1C, 0x00, 0x7F, 0xFF, 0xFF, 0xFF, 0xFE, 0x07, 0xE0, 0x7E, 0x07, 0xE0, 0x7E, 0x07, 0xE0, 0x7E,
    0x07, 0xE0, 0x7E, 0x07, 0xE0, 0x7E, 0x07, 0x67, 0xC7, 0x7F, 0x3F, 0xFD, 0xF0, 0xEF, 0x03, 0xF8,
    0x1F, 0x80, 0xFC, 0x07, 0xE0, 0x3F, 0x81, 0xFC, 0x1F, 0xF0, 0xEF, 0xFF, 0x77, 0xF3, 0x8C, 0x1C,
    0x00, 0xE0, 0x07, 0x00, 0x38, 0x00, 0x00, 0x00, 0x0F, 0x83, 0xFE, 0x7F, 0xE7, 0x07, 0xE0, 0x7E,
    0x00, 0xE0, 0x0E, 0x00, 0xE0, 0x0E, 0x00, 0xF0, 0x77, 0x8F, 0x3F, 0xE1, 0xFC, 0x07, 0x00, 0xFF,
    0xFF, 0xFF, 0xFF, 0xF0, 0xE0, 0x0E, 0x00, 0xE0, 0x0E, 0x00, 0xE0, 0x0E, 0x00, 0xE0, 0x0E, 0x00,
    0xE0, 0x0E, 0x00, 0xE0, 0xE0, 0x39, 0xC0, 0xE7, 0x03, 0x9C, 0x1C, 0x38, 0x70, 0xE1, 0xC3, 0xCE,
    0x07, 0x38, 0x1C, 0xC0, 0x3F, 0x00, 0xFC, 0x03, 0xE0, 0x07, 0x80, 0x1E, 0x00, 0x70, 0x01, 0xC0,
    0x0E, 0x00, 0xF8, 0x07, 0xC0, 0x0C, 0x00, 0x01, 0x00, 0x07, 0x00, 0x0E, 0x00, 0x1C, 0x00, 0x38,
    0x01, 0xFC, 0x0F, 0xFE, 0x3F, 0xFE, 0x73, 0x9D, 0xC7, 0x1F, 0x8E, 0x3F, 0x1C, 0x7E, 0x38, 0xFC,
    0x71, 0xF8, 0xE3, 0xF9, 0xCF, 0x73, 0x9C, 0x7F, 0xF0, 0x7F, 0xC0, 0x3E, 0x00, 0x38, 0x00, 0x70,
    0x00, 0xE0, 0x01, 0xC0, 0x00, 0x00, 0x70, 0x3B, 0xC3, 0x8E, 0x3C, 0x39, 0xC1, 0xDC, 0x07, 0xE0,
    0x1E, 0x00, 0xF0, 0x0F, 0x80, 0xFE, 0x07, 0x78, 0x71, 0xC7, 0x87, 0x38, 0x3C, 0x60, 0x73, 0x81,
    0xCE, 0x07, 0x38, 0x1C, 0xE0, 0x73, 0x81, 0xCE, 0x07, 0x38, 0x1C, 0xE0, 0x73, 0x81, 0xCE, 0x07,
    0x38, 0x1C, 0xFF, 0xFF, 0xFF, 0xF0, 0x01, 0xC0, 0x07, 0x00, 0x1C, 0x00, 0x70, 0x60, 0x7E, 0x07,
    0xE0, 0x7E, 0x07, 0xE0, 0x76, 0x07, 0x70, 0x77, 0xFF, 0x3F, 0xF1, 0xFF, 0x00, 0x70, 0x07, 0x00,
    0x70, 0x07, 0x60, 0xC1, 0xF8, 0x38, 0x7E, 0x0E, 0x1F, 0x83, 0x87, 0xE0, 0xE1, 0xF8, 0x38, 0x7E,
    0x0E, 0x1F, 0x83, 0x87, 0xE0, 0xE1, 0xF8, 0x38, 0x7E, 0x0E, 0x1F, 0x83, 0x87, 0xFF, 0xFF, 0xFF,
    0xFF, 0xF0, 0x60, 0xC1, 0xCE, 0x0E, 0x1C, 0xE0, 0xE1, 0xCE, 0x0E, 0x1C, 0xE0, 0xE1, 0xCE, 0x0E,
    0x1C, 0xE0, 0xE1, 0xCE, 0x0E, 0x1C, 0xE0, 0xE1, 0xCE, 0x0E, 0x1C, 0xE0, 0xE1, 0xCE, 0x0E, 0x1C,
    0xFF, 0xFF, 0xFF, 0xFF, 0xFF, 0x00, 0x00, 0x70, 0x00, 0x07, 0x00, 0x00, 0x70, 0x00, 0x07, 0xFC,
    0x01, 0xFC, 0x03, 0xF8, 0x00, 0x70, 0x00, 0xE0, 0x01, 0xFF, 0x03, 0xFF, 0x07, 0xFF, 0x0E, 0x0E,
    0x1C, 0x1C, 0x38, 0x38, 0x70, 0xF0, 0xFF, 0xC1, 0xFF, 0x00, 0x60, 0x07, 0xE0, 0x07, 0xE0, 0x07,
    0xE0, 0x07, 0xE0, 0x07, 0xFF, 0x87, 0xFF, 0xE7, 0xFF, 0xE7, 0xE0, 0x77, 0xE0, 0x77, 0xE0, 0x77,
    0xE1, 0xF7, 0xFF, 0xE7, 0xFF, 0xC7, 0x60, 0x0E, 0x00, 0xE0, 0x0E, 0x00, 0xE0, 0x0F, 0xF8, 0xFF,
    0xEF, 0xFE, 0xE0, 0x7E, 0x07, 0xE0, 0x7E, 0x1F, 0xFF, 0xEF, 0xFC, 0x1F, 0x07, 0xFC, 0x7F, 0xEE,
    0x0E, 0xE0, 0x70, 0x07, 0x1F, 0xF1, 0xFF, 0x0F, 0xF0, 0x07, 0xE0, 0xFF, 0x1E, 0x7F, 0xC3, 0xF8,
    0x0E, 0x00, 0x60, 0x3E, 0x1C, 0x1F, 0xF3, 0x87, 0xFE, 0x70, 0xE0, 0xEE, 0x38, 0x1D, 0xC7, 0x01,
    0xFF, 0xE0, 0x3F, 0xFC, 0x07, 0xFF, 0x80, 0xFC, 0x70, 0x1F, 0x8F, 0x07, 0x70, 0xF1, 0xEE, 0x0F,
    0xF9, 0xC0, 0xFE, 0x00, 0x07, 0x00, 0x0F, 0xF3, 0xFF, 0x7F, 0xF7, 0x07, 0x70, 0x77, 0x07, 0x78,
    0x73, 0xFF, 0x1F, 0xF1, 0xC7, 0x3C, 0x73, 0x87, 0x70, 0x7F, 0x07, 0x1C, 0x00, 0xE0, 0x03, 0x80,
    0x0C, 0x00, 0x00, 0x07, 0xC0, 0xFF, 0x0F, 0xFC, 0x70, 0x77, 0x03, 0xB8, 0x0D, 0xFF, 0xFF, 0xFF,
    0xF0, 0x03, 0x80, 0x1C, 0x0E, 0x78, 0xF1, 0xFF, 0x07, 0xF0, 0x0E, 0x00, 0x38, 0xC1, 0xCF, 0x0E,
    0x70, 0x21, 0x00, 0x00, 0x07, 0xC0, 0xFF, 0x0F, 0xFC, 0x70, 0x77, 0x03, 0xB8, 0x0D, 0xFF, 0xFF,
    0xFF, 0xF0, 0x03, 0x80, 0x1C, 0x0E, 0x78, 0xF1, 0xFF, 0x07, 0xF0, 0x0E, 0x00, 0x30, 0x03, 0x80,
    0x3F, 0xC1, 0xFE, 0x07, 0x00, 0x39, 0xE1, 0xFF, 0xCF, 0xFE, 0x78, 0x7B, 0xC1, 0xDC, 0x0E, 0xE0,
    0x77, 0x03, 0xB8, 0x1D, 0xC0, 0xEE, 0x07, 0x70, 0x3B, 0x81, 0xDC, 0x0E, 0x00, 0x70, 0x03, 0x80,
    0x1C, 0x03, 0xE0, 0x1E, 0x00, 0xC0, 0x07, 0x01, 0xC0, 0xE0, 0x30, 0x00, 0x1F, 0xFF, 0xFF, 0xFF,
    0xE0, 0x38, 0x0E, 0x03, 0x80, 0xE0, 0x38, 0x0E, 0x03, 0x80, 0xE0, 0x38, 0x0E, 0x00, 0x0F, 0x83,
    0xFE, 0x7F, 0xE7, 0x07, 0xE0, 0x7E, 0x00, 0xFF, 0x8F, 0xF8, 0xFF, 0x0E, 0x00, 0xF0, 0x77, 0x8F,
    0x3F, 0xE1, 0xFC, 0x07, 0x00, 0x1F, 0x0F, 0xF9, 0xFF, 0x70, 0x7E, 0x01, 0xE0, 0x1F, 0xC1, 0xFE,
    0x07, 0xE0, 0x1F, 0x83, 0xF8, 0xF7, 0xFC, 0x7F, 0x03, 0x80, 0x6F, 0xF4, 0x06, 0xEE, 0xEE, 0xEE,
    0xEE, 0xEE, 0xEE, 0xE0, 0x73, 0xB9, 0xDC, 0xE4, 0x20, 0x00, 0x60, 0x70, 0x38, 0x1C, 0x0E, 0x07,
    0x03, 0x81, 0xC0, 0xE0, 0x70, 0x38, 0x1C, 0x0E, 0x07, 0x00, 0x18, 0xF3, 0xC4, 0x00, 0x63, 0x8E,
    0x38, 0xE3, 0x8E, 0x38, 0xE3, 0x8E, 0x38, 0xE3, 0x8E, 0x38, 0xEF, 0xBC, 0x00, 0x1F, 0xF8, 0x00,
    0x7F, 0xF0, 0x01, 0xFF, 0xC0, 0x07, 0x0F, 0x00, 0x1C, 0x3C, 0x00, 0x70, 0xFF, 0xC1, 0xC3, 0xFF,
    0x87, 0x0F, 0xFF, 0x1C, 0x3C, 0x1C, 0x70, 0xF0, 0x73, 0x83, 0xC1, 0xCE, 0x0F, 0x0F, 0xF8, 0x3F,
    0xFB, 0xC0, 0xFF, 0xC0, 0x60, 0x70, 0x07, 0x03, 0x80, 0x38, 0x1C, 0x01, 0xC0, 0xE0, 0x0E, 0x07,
    0x00, 0x70, 0x38, 0x03, 0xFF, 0xFF, 0x1F, 0xFF, 0xFE, 0xF0, 0x70, 0xF7, 0x03, 0x83, 0xB8, 0x1C,
    0x1D, 0xC0, 0xE1, 0xEE, 0x07, 0xFF, 0x70, 0x3F, 0xF0, 0x30, 0x03, 0x80, 0x3F, 0xC1, 0xFE, 0x07,
    0x00, 0x39, 0xE1, 0xFF, 0xCF, 0xFE, 0x78, 0x7B, 0xC1, 0xDC, 0x0E, 0xE0, 0x77, 0x03, 0xB8, 0x1D,
    0xC0, 0xEE, 0x07, 0x70, 0x3B, 0x81, 0xDC, 0x0E, 0x03, 0x80, 0x38, 0x01, 0xC0, 0x0C, 0x00, 0x00,
    0x30, 0x3B, 0x83, 0xDC, 0x3C, 0xE3, 0xC7, 0x3C, 0x39, 0xC1, 0xFC, 0x0F, 0xE0, 0x7F, 0x83, 0x9E,
    0x1C, 0x78, 0xE1, 0xE7, 0x07, 0x38, 0x3C, 0x1C, 0x00, 0xE0, 0x0E, 0x00, 0x60, 0x00, 0x06, 0x07,
    0xE0, 0x7E, 0x0F, 0xE1, 0xFE, 0x1F, 0xE3, 0xFE, 0x77, 0xE7, 0x7E, 0xE7, 0xFC, 0x7F, 0xC7, 0xF8,
    0x7F, 0x07, 0xF0, 0x70, 0x18, 0xE0, 0x73, 0x80, 0xFC, 0x01, 0xE0, 0x00, 0x03, 0x80, 0xE7, 0x03,
    0x9C, 0x0E, 0x70, 0x70, 0xE1, 0xC3, 0x87, 0x0F, 0x38, 0x1C, 0xE0, 0x73, 0x00, 0xFC, 0x03, 0xF0,
    0x0F, 0x80, 0x1E, 0x00, 0x78, 0x01, 0xC0, 0x07, 0x00, 0x38, 0x03, 0xE0, 0x1F, 0x00, 0x30, 0x00,
    0x60, 0x7E, 0x07, 0xE0, 0x7E, 0x07, 0xE0, 0x7E, 0x07, 0xE0, 0x7E, 0x07, 0xE0, 0x7E, 0x07, 0xE0,
    0x7E, 0x07, 0xFF, 0xFF, 0xFF, 0x07, 0x00, 0x70, 0x07, 0x00, 0x70, 0xC0, 0xC0, 0xDC, 0x1C, 0x3B,
    0x83, 0x87, 0x70, 0x70, 0xEE, 0x0E, 0x1D, 0xC1, 0xC3, 0xB8, 0x38, 0x77, 0x07, 0x0E, 0xE0, 0xE1,
    0xDC, 0x1C, 0x3B, 0x83, 0x87, 0x70, 0x70, 0xEE, 0x0E, 0x1D, 0xC1, 0xC3, 0xB8, 0x38, 0x77, 0x0F,
    0x0E, 0xF3, 0xF3, 0xCF, 0xFF, 0xF0, 0xFE, 0xFC, 0x06, 0x06, 0x00, 0x60, 0xC1, 0xB8, 0x30, 0x6E,
    0x0C, 0x1B, 0x83, 0x06, 0xE0, 0xC1, 0xB8, 0x30, 0x6E, 0x0C, 0x1B, 0x83, 0x06, 0xE0, 0xC1, 0xB8,
    0x30, 0x67, 0x1E, 0x39, 0xC7, 0x8E, 0x7F, 0xFF, 0x8F, 0xCF, 0xC0, 0xC0, 0xC0, 0x18, 0x00, 0x1C,
    0x00, 0x1C, 0x00, 0x1C, 0x00, 0xFF, 0xE0, 0xFF, 0xC0, 0x1C, 0x00, 0x1C, 0x00, 0x1F, 0xFC, 0x1F,
    0xFE, 0x1C, 0x1F, 0x1C, 0x07, 0x1C, 0x07, 0x1C, 0x07, 0x1C, 0x07, 0x1C, 0x07, 0x1C, 0x1F, 0x1F,
    0xFE, 0x1F, 0xF8, 0x18, 0x00, 0x38, 0x00, 0x70, 0x00, 0xE0, 0x01, 0xC0, 0x1F, 0xF8, 0x3F, 0xF0,
    0x7F, 0xE0, 0x1C, 0x00, 0x38, 0x00, 0x7F, 0xC0, 0xFF, 0xC1, 0xFF, 0xC3, 0x83, 0x87, 0x07, 0x0E,
    0x0E, 0x1C, 0x3C, 0x3F, 0xF0, 0x7F, 0xC0, 0xC0, 0x1E, 0x07, 0x03, 0xFE, 0x38, 0x7F, 0xF9, 0xC3,
    0xC3, 0xEE, 0x38, 0x07, 0x73, 0xC0, 0x3F, 0x9C, 0x00, 0xFC, 0xE0, 0x00, 0xFF, 0xFC, 0x07, 0xFF,
    0xF0, 0x3F, 0xFF, 0x81, 0xCE, 0x00, 0x0E, 0x70, 0x00, 0x73, 0x80, 0x1F, 0x8E, 0x01, 0xDC, 0x78,
    0x1E, 0xE1, 0xE1, 0xE7, 0x07, 0xFF, 0x38, 0x1F, 0xE0, 0x00, 0x1C, 0x00, 0x60, 0x7C, 0x38, 0x3F,
    0xCE, 0x1F, 0xFB, 0x8F, 0x0E, 0xE3, 0x81, 0xB9, 0xC0, 0x0F, 0xFF, 0xC3, 0xFF, 0xF0, 0xFF, 0xF8,
    0x39, 0xE0, 0x0E, 0x38, 0x3B, 0x8F, 0x0E, 0xE1, 0xFF, 0x38, 0x3F, 0x80, 0x03, 0x80, 0x01, 0xC0,
    0x00, 0xE0, 0x00, 0xF8, 0x00, 0x7C, 0x00, 0x77, 0x00, 0x3B, 0x80, 0x1D, 0xC0, 0x1C, 0x70, 0x0E,
    0x38, 0x07, 0x1C, 0x07, 0x07, 0x03, 0xFF, 0x81, 0xFF, 0xC1, 0xFF, 0xF0, 0xE7, 0x38, 0xF3, 0x9E,
    0x71, 0xC7, 0x38, 0xE3, 0xBC, 0x70, 0xE0, 0x03, 0x00, 0x1E, 0x00, 0x78, 0x03, 0xF0, 0x0F, 0xC0,
    0x3F, 0x81, 0xCE, 0x07, 0x38, 0x3F, 0xF0, 0xFF, 0xC3, 0xBF, 0x9C, 0xCE, 0x73, 0x3B, 0x8C, 0x70,
    0xC0, 0x0C, 0x07, 0x00, 0xF0, 0x38, 0x0F, 0x81, 0xC0, 0x7C, 0x0E, 0x03, 0xF0, 0x70, 0x3B, 0x83,
    0x81, 0xDC, 0x1C, 0x0E, 0x70, 0xE0, 0xE3, 0x87, 0x07, 0x0E, 0x38, 0x78, 0x71, 0xFF, 0xFF, 0x8F,
    0xFF, 0xFE, 0x7F, 0xFF, 0xF3, 0x8E, 0x73, 0x9C, 0x73, 0x8E, 0xE7, 0x1C, 0x77, 0x38, 0xE3, 0xF9,
    0xC7, 0x0E, 0x60, 0x38, 0x38, 0x1E, 0x0E, 0x07, 0x83, 0x81, 0xF0, 0xE0, 0xFC, 0x38, 0x3B, 0x8E,
    0x1C, 0xE3, 0xFF, 0x38, 0xFF, 0xFF, 0x3F, 0xFF, 0xCE, 0x3B, 0xBB, 0x9C, 0xEE, 0xE7, 0x3B, 0xB9,
    0xCE, 0x70, 0x3F, 0xFF, 0x87, 0xFF, 0xF0, 0x7F, 0xFC, 0x0F, 0x07, 0x80, 0xE0, 0xE0, 0x0E, 0x3C,
    0x01, 0xE7, 0x00, 0x1D, 0xC0, 0x03, 0xF8, 0x03, 0xFF, 0xE0, 0xFF, 0xFE, 0x3E, 0x73, 0xE7, 0x0E,
    0x1C, 0xE1, 0xC1, 0xFC, 0x38, 0x3F, 0x87, 0x07, 0xF0, 0xE0, 0xFE, 0x1C, 0x1F, 0xC3, 0x83, 0x80,
    0x7F, 0xFC, 0x3F, 0xFC, 0x3F, 0xF8, 0x1C, 0x78, 0x0E, 0x70, 0x0E, 0xE0, 0x0F, 0xF0, 0x3F, 0xFC,
    0x7F, 0xFE, 0xF3, 0x8E, 0xE3, 0x8E, 0xE3, 0x87, 0xE3, 0x87, 0xE3, 0x87, 0xC0, 0x7F, 0xFE, 0x70,
    0x7F, 0xFF, 0x38, 0x1F, 0xFF, 0x9C, 0x07, 0x03, 0x8E, 0x03, 0xC3, 0x87, 0x00, 0xE1, 0xC3, 0x80,
    0x39, 0xC1, 0xC0, 0x1D, 0xE0, 0xE0, 0x07, 0xE0, 0x7F, 0xFF, 0xFE, 0x3F, 0xFF, 0xFF, 0xDC, 0x3F,
    0x71, 0xEE, 0x1C, 0x38, 0x7F, 0x0E, 0x1C, 0x1F, 0x87, 0x0E, 0x0F, 0xC3, 0x87, 0x07, 0xE1, 0xC3,
    0x83, 0xF0, 0xE1, 0xC1, 0xF8, 0x70, 0xE0, 0xE0, 0x60, 0xFF, 0xFB, 0x83, 0xFF, 0xCE, 0x07, 0xFF,
    0x38, 0x1E, 0x38, 0xE0, 0x39, 0xC3, 0x80, 0x77, 0x0F, 0xFF, 0xFC, 0x3F, 0xFF, 0xFC, 0xFF, 0xFF,
    0xFB, 0x87, 0x1C, 0xFE, 0x18, 0x71, 0xF8, 0xE1, 0xC7, 0xE3, 0x87, 0x1F, 0x8E, 0x1C, 0x70, 0x30,
    0xC1, 0x9C, 0x0F, 0x80, 0xF0, 0x02, 0x07, 0xC0, 0x7F, 0x87, 0xFC, 0x01, 0xE0, 0x0E, 0x00, 0xE0,
    0x0E, 0x01, 0xE1, 0xFC, 0x3F, 0x83, 0xFC, 0x01, 0xE0, 0x0E, 0x00, 0xE0, 0x0E, 0x00, 0xE0, 0x1E,
    0x3F, 0xC7, 0xF8, 0xFE, 0x0E, 0x00, 0xE0, 0x07, 0x80, 0x38, 0x01, 0x00, 0x73, 0x8F, 0xC1, 0xF0,
    0x38, 0x00, 0x3F, 0x8F, 0xFB, 0xFF, 0x01, 0xC0, 0x70, 0x1C, 0xFE, 0x3F, 0x8F, 0xF0, 0x1C, 0x07,
    0x03, 0xDF, 0xFF, 0xFB, 0x80, 0xC0, 0x38, 0x0F, 0x81, 0xE0, 0x00, 0x00, 0xC0, 0xC0, 0xF8, 0x70,
    0x7E, 0x1C, 0x1F, 0x87, 0x07, 0xE1, 0xC1, 0xF8, 0x70, 0x7E, 0x1C, 0x1F, 0x87, 0x07, 0xE1, 0xC1,
    0xFC, 0x70, 0xE7, 0x1C, 0x78, 0xFF, 0xFC, 0x1F, 0xFE, 0x01, 0xFE, 0x00, 0x1C, 0x00, 0x07, 0x00,
    0x01, 0xC0, 0x00, 0x70, 0x00, 0x1C, 0x00, 0x01, 0xC0, 0x00, 0xE0, 0x00, 0x70, 0x0C, 0x38, 0x7E,
    0x1C, 0x3F, 0x0E, 0x1F, 0x87, 0x0F, 0xC3, 0x87, 0xE1, 0xC3, 0xF0, 0xE1, 0xF8, 0x70, 0xEE, 0x38,
    0x77, 0x1C, 0x73, 0x8E, 0x38, 0xE7, 0x3C, 0x7F, 0xFC, 0x1F, 0xFC, 0x01, 0xF0, 0x00, 0x70, 0x00,
    0x38, 0x00, 0x1C, 0x00, 0x0E, 0x00, 0x00, 0x00, 0x03, 0xE0, 0x07, 0xFC, 0x07, 0xFF, 0x07, 0x83,
    0xC7, 0x80, 0xF3, 0x80, 0x3B, 0xC0, 0x1F, 0xC0, 0x07, 0xE0, 0x03, 0xFF, 0xFF, 0xFF, 0xFF, 0xFC,
    0x00, 0x7E, 0x00, 0x3B, 0x80, 0x39, 0xC0, 0x1C, 0xF0, 0x1E, 0x3E, 0x3E, 0x0F, 0xFE, 0x03, 0xFE,
    0x00, 0x38, 0x00, 0x0F, 0x81, 0xFF, 0x1F, 0xF8, 0xE0, 0xEE, 0x07, 0x70, 0x1F, 0xFD, 0xFF, 0xFF,
    0xE3, 0xFF, 0x01, 0xFC, 0x1C, 0xF1, 0xE3, 0xFE, 0x0F, 0xE0, 0x1C, 0x00, 0x60, 0x01, 0xF8, 0x01,
    0xDC, 0x01, 0xEE, 0x00, 0xE3, 0x80, 0xE1, 0xC0, 0x70, 0xE0, 0x38, 0x38, 0x38, 0x1C, 0x1C, 0x0E,
    0x1E, 0x03, 0x8E, 0x01, 0xC7, 0x00, 0xE7, 0x00, 0x3B, 0x80, 0x1D, 0xC0, 0x07, 0xC0, 0x03, 0xE0,
    0x01, 0xF0, 0x00, 0x70, 0x00, 0xE0, 0x1C, 0xE0, 0x79, 0xC1, 0xF3, 0x83, 0x83, 0x87, 0x07, 0x1C,
    0x0E, 0x38, 0x0E, 0x70, 0x1D, 0xC0, 0x1B, 0x80, 0x3F, 0x00, 0x7C, 0x00, 0x78, 0x00, 0xE0, 0x00,
    0x1C, 0xE0, 0x07, 0x70, 0x03, 0x98, 0x00, 0xEE, 0x00, 0x00, 0x03, 0x00, 0x0F, 0xC0, 0x0E, 0xE0,
    0x0F, 0x70, 0x07, 0x1C, 0x07, 0x0E, 0x03, 0x87, 0x01, 0xC1, 0xC1, 0xC0, 0xE0, 0xE0, 0x70, 0xF0,
    0x1C, 0x70, 0x0E, 0x38, 0x07, 0x38, 0x01, 0xDC, 0x00, 0xEE, 0x00, 0x3E, 0x00, 0x1F, 0x00, 0x0F,
    0x80, 0x03, 0x80, 0x73, 0x80, 0x77, 0x00, 0xE6, 0x00, 0xEE, 0x00, 0x00, 0x1C, 0x03, 0x9C, 0x0F,
    0x38, 0x3E, 0x70, 0x70, 0x70, 0xE0, 0xE3, 0x81, 0xC7, 0x01, 0xCE, 0x03, 0xB8, 0x03, 0x70, 0x07,
    0xE0, 0x0F, 0x80, 0x0F, 0x00, 0x1C, 0x00, 0x03, 0xE0, 0x00, 0x00, 0x0F, 0xF8, 0x00, 0x00, 0x1F,
    0xFC, 0x00, 0x00, 0x3C, 0x1E, 0x00, 0x00, 0x78, 0x0F, 0x00, 0x00, 0x70, 0x07, 0x38, 0x06, 0xF0,
    0x07, 0x9C, 0x0E, 0xE0, 0x03, 0x9C, 0x0E, 0xE0, 0x03, 0x9C, 0x1C, 0xE0, 0x03, 0x8E, 0x1C, 0xE0,
    0x03, 0x8E, 0x1C, 0xE0, 0x03, 0x87, 0x38, 0xE0, 0x03, 0x87, 0x38, 0x70, 0x07, 0x07, 0x38, 0x70,
    0x07, 0x03, 0xF0, 0x78, 0x0F, 0x03, 0xF0, 0x3E, 0x3E, 0x03, 0xE0, 0x1F, 0xFC, 0x01, 0xE0, 0x0F,
    0xF8, 0x01, 0xE0, 0x01, 0xC0, 0x01, 0xC0, 0x00, 0x00, 0x01, 0xC0, 0x00, 0x00, 0x03, 0x80, 0x00,
    0x00, 0x0F, 0x80, 0x00, 0x00, 0x1F, 0x00, 0x00, 0x00, 0x04, 0x00, 0x0F, 0x83, 0x80, 0xE7, 0xFC,
    0x70, 0x39, 0xFF, 0x8E, 0x07, 0x38, 0x38, 0xE0, 0xEE, 0x07, 0x1C, 0x39, 0xC0, 0x73, 0x87, 0x38,
    0x0E, 0x39, 0xC7, 0x01, 0xC7, 0x38, 0xE0, 0x38, 0xE7, 0x1C, 0x07, 0x0F, 0xC3, 0xC1, 0xC1, 0xF8,
    0x3C, 0x78, 0x1F, 0x03, 0xFE, 0x03, 0xC0, 0x3F, 0x80, 0x78, 0x01, 0xC0, 0x0E, 0x00, 0x00, 0x01,
    0xC0, 0x00, 0x00, 0x78, 0x00, 0x00, 0x3E, 0x00, 0x00, 0x07, 0x80, 0x00, 0x00, 0x40, 0x00, 0x03,
    0xE0, 0x0F, 0xF8, 0x3F, 0xFC, 0x3C, 0x3E, 0x78, 0x0E, 0x70, 0x0E, 0xE0, 0x00, 0xE0, 0x00, 0xE0,
    0x00, 0xE0, 0x00, 0xE0, 0x00, 0xE0, 0x06, 0x70, 0x0F, 0x78, 0x0F, 0x3C, 0x3F, 0x3F, 0xFF, 0x0F,
    0xF7, 0x03, 0xC7, 0x00, 0x07, 0x0F, 0x83, 0xFE, 0x7F, 0xE7, 0x07, 0xE0, 0x7E, 0x00, 0xE0, 0x0E,
    0x00, 0xE0, 0x0E, 0x00, 0xF0, 0x07, 0x80, 0x3F, 0x01, 0xF0, 0x07, 0x00, 0x70, 0x07, 0x00, 0x70,
    0x07, 0x00, 0x00, 0x38, 0x00, 0xC0, 0x87, 0x03, 0xB8, 0x0F, 0xE0, 0x1F, 0x00, 0x1F, 0x00, 0xFE,
    0x43, 0xBB, 0xDC, 0x0F, 0xE0, 0x0F, 0x80, 0x1F, 0x80, 0x7F, 0x03, 0x9C, 0x0E, 0x00, 0x70, 0x00,
    0x01, 0xFF, 0xFF, 0xFF, 0x80, 0xE0, 0x00, 0x0F, 0xDF, 0xFB, 0xE3, 0x00, 0x00, 0xEE, 0x73, 0x00,
    0x77, 0x6C, 0x00, 0x7E, 0x1F, 0xFB, 0x1F, 0x00, 0x00, 0x00, 0x3C, 0x00, 0x00, 0x3F, 0x00, 0x00,
    0x19, 0x80, 0x01, 0x80, 0x07, 0x01, 0xF0, 0x07, 0xC1, 0x98, 0x03, 0x60, 0x00, 0x00, 0x00, 0x00,
    0x00, 0x00, 0x00, 0x00, 0x00, 0x18, 0x00, 0x03, 0x1E, 0x00, 0x07, 0xD9, 0x80, 0x03, 0x70, 0x00,
    0x00, 0x00, 0x00, 0x00, 0x00, 0x00, 0x00, 0x00, 0x00, 0x00, 0x00, 0x1E, 0x00, 0x78, 0x1F, 0x80,
    0x3E, 0x0C, 0xC0, 0x13, 0x00, 0x03, 0x80, 0x00, 0x03, 0xE0, 0x00, 0x03, 0xB0, 0x00, 0x00, 0x00,
    0x00, 0x00, 0x0C, 0x00, 0x00, 0x18, 0x00, 0x00, 0x18, 0x00, 0x0C, 0x18, 0x00, 0x0E, 0x18, 0x38,
    0x06, 0x00, 0xF0, 0x07, 0x00, 0xE0, 0x02, 0x00, 0x00, 0x00, 0x00, 0x00, 0x00, 0x00, 0x00, 0xF0,
    0x00, 0x18, 0x78, 0x00, 0x1F, 0x18, 0x00, 0x0F, 0x00, 0x00, 0x00, 0x00, 0x00, 0x00, 0x00, 0x00,
    0x00, 0x02, 0x00, 0x60, 0x07, 0x00, 0x60, 0x1E, 0x08, 0x70, 0x18, 0x1C, 0x30, 0x00, 0x18, 0x30,
    0x00, 0x18, 0x00, 0x00, 0x30, 0x00, 0x00, 0x00, 0x00, 0x1C, 0x60, 0x07, 0x70, 0x03, 0xF0, 0x00,
    0xF0, 0x00, 0x00, 0x06, 0x00, 0x63, 0x80, 0x79, 0xC0, 0x7C, 0xE0, 0x3E, 0x70, 0x3F, 0x38, 0x3F,
    0x9C, 0x1D, 0xCE, 0x1E, 0xE7, 0x1E, 0x73, 0x8E, 0x39, 0xCF, 0x1C, 0xE7, 0x0E, 0x77, 0x07, 0x3F,
    0x83, 0x9F, 0x81, 0xCF, 0x80, 0xE7, 0xC0, 0x73, 0xC0, 0x3F, 0xE0, 0x1F, 0x00, 0x03, 0x80, 0x03,
    0x80, 0x01, 0xC0, 0x00, 0xE0, 0x38, 0xC0, 0x33, 0x80, 0x7E, 0x00, 0x78, 0x00, 0x00, 0x0C, 0x0E,
    0x38, 0x1C, 0x70, 0x78, 0xE1, 0xF1, 0xC3, 0xE3, 0x8F, 0xC7, 0x3B, 0x8E, 0x77, 0x1D, 0xCE, 0x3F,
    0x1C, 0x7E, 0x38, 0xF8, 0x71, 0xE0, 0xFB, 0xC1, 0xF0, 0x00, 0xE0, 0x01, 0x80, 0x07, 0x00, 0x0E,
    0x00, 0x18, 0x00, 0x1C, 0x00, 0x1C, 0x00, 0x1C, 0x00, 0xFF, 0xE0, 0xFF, 0xC0, 0x1C, 0x00, 0x1C,
    0x00, 0x1F, 0xFC, 0x1F, 0xFE, 0x1C, 0x1F, 0x1C, 0x07, 0x1C, 0x07, 0x1C, 0x07, 0x1C, 0x07, 0x1C,
    0x07, 0x1C, 0x1F, 0x1F, 0xFE, 0x1F, 0xF8, 0x1C, 0x00, 0x38, 0x00, 0x70, 0x07, 0xFE, 0x0F, 0xFC,
    0x1F, 0xF8, 0x07, 0x00, 0x0E, 0x00, 0x1F, 0xF0, 0x3F, 0xF0, 0x7F, 0xF0, 0xE0, 0xE1, 0xC1, 0xC3,
    0x83, 0x87, 0x0F, 0x0F, 0xFC, 0x1F, 0xF0, 0xFE, 0x07, 0xFE, 0x3F, 0xFD, 0xC1, 0xEE, 0x07, 0xF0,
    0x1F, 0x80, 0xFC, 0x37, 0xE3, 0xFF, 0x0F, 0xBF, 0xFD, 0xFF, 0xCF, 0xF7, 0x70, 0x3B, 0x80, 0x1C,
    0x00, 0xE0, 0x07, 0x00, 0x38, 0x00, 0x67, 0xC7, 0x7F, 0x3F, 0xFD, 0xF0, 0xEF, 0x03, 0xF8, 0x1F,
    0x80, 0xFC, 0x07, 0xE0, 0x3F, 0x85, 0xFC, 0x7F, 0xF1, 0xEF, 0xFF, 0x77, 0xFF, 0x8C, 0xDC, 0x00,
    0xE0, 0x07, 0x00, 0x38, 0x00, 0x00, 0x00, 0x00, 0x60, 0x06, 0x00, 0x6F, 0xFF, 0xFF, 0xFF, 0xFF,
    0xE0, 0x0E, 0x00, 0xE0, 0x0E, 0x00, 0xE0, 0x0E, 0x00, 0xE0, 0x0E, 0x00, 0xE0, 0x0E, 0x00, 0xE0,
    0x0E, 0x00, 0xE0, 0x0E, 0x00, 0xE0, 0x0E, 0x00, 0x01, 0xC0, 0x70, 0x1D, 0xFF, 0xFF, 0xFF, 0xFE,
    0x03, 0x80, 0xE0, 0x38, 0x0E, 0x03, 0x80, 0xE0, 0x38, 0x0E, 0x03, 0x80, 0xE0, 0x00, 0x1F, 0xFC,
    0x3F, 0xFC, 0x7F, 0xF8, 0xE0, 0x01, 0xC0, 0x03, 0x80, 0x07, 0x00, 0x0E, 0x00, 0x1C, 0x01, 0xFF,
    0xC3, 0xFF, 0x80, 0xE0, 0x01, 0xC0, 0x03, 0x80, 0x07, 0x00, 0x0E, 0x00, 0x1C, 0x00, 0x38, 0x00,
    0x70, 0x00, 0x3F, 0xEF, 0xFD, 0xFF, 0xB8, 0x07, 0x00, 0xE0, 0x3F, 0xC7, 0xF8, 0x70, 0x0E, 0x01,
    0xC0, 0x38, 0x07, 0x00, 0xE0, 0x00, 0xFF, 0xE7, 0xFF, 0xBF, 0xFD, 0xC0, 0x0E, 0x00, 0x70, 0x03,
    0x80, 0x1C, 0xE0, 0xFF, 0xC7, 0xFF, 0xBE, 0x3D, 0xE0, 0xFE, 0x03, 0xF0, 0x1F, 0x80, 0xFC, 0x07,
    0xE0, 0x7F, 0x0F, 0xB9, 0xFC, 0x0F, 0x80, 0x00, 0x00, 0x7F, 0xCF, 0xFC, 0xFF, 0xCE, 0x00, 0xE0,
    0x0E, 0x00, 0xE7, 0x0F, 0xFC, 0xFF, 0xEF, 0x0E, 0xF0, 0x6E, 0x07, 0xE0, 0x7E, 0x06, 0x00, 0xE0,
    0x3E, 0x0F, 0xC0, 0xF8, 0x70, 0x18, 0x0C, 0x3C, 0x1C, 0x0F, 0x0E, 0x0E, 0x07, 0x07, 0x87, 0x07,
    0x01, 0xC3, 0x87, 0x80, 0x71, 0xC3, 0x80, 0x3C, 0xE3, 0xC0, 0x0E, 0x71, 0xC0, 0x07, 0xBD, 0xC0,
    0x01, 0xFF, 0xE0, 0x01, 0xFF, 0xF0, 0x00, 0xE7, 0x1C, 0x00, 0xF3, 0x8F, 0x00, 0x71, 0xC3, 0x80,
    0x70, 0xE1, 0xE0, 0x78, 0x70, 0x70, 0x38, 0x38, 0x1C, 0x3C, 0x1C, 0x0F, 0xDC, 0x0E, 0x03, 0xE0,
    0x00, 0x00, 0x70, 0x00, 0x00, 0x38, 0x00, 0x00, 0x1C, 0x00, 0x00, 0x0E, 0x70, 0x60, 0xE3, 0xC3,
    0x8F, 0x0E, 0x1C, 0x70, 0x38, 0xE7, 0x00, 0xE7, 0x70, 0x07, 0xBF, 0x80, 0x1F, 0xF8, 0x00, 0xFF,
    0xC0, 0x07, 0xFE, 0x00, 0x73, 0xB8, 0x07, 0x9D, 0xE0, 0x78, 0xE7, 0x87, 0x87, 0x1F, 0xB8, 0x38,
    0x7C, 0x00, 0x00, 0xE0, 0x00, 0x07, 0x00, 0x00, 0x38, 0x00, 0x01, 0xC0, 0x07, 0x80, 0xFF, 0x0F,
    0xFC, 0xF0, 0xE7, 0x07, 0xB0, 0x1C, 0x00, 0xE0, 0x0E, 0x07, 0xF0, 0x3E, 0x01, 0xFC, 0x00, 0xF0,
    0x03, 0x80, 0x1F, 0x80, 0xFE, 0x07, 0x78, 0x7B, 0xFF, 0x87, 0xF8, 0x0E, 0x00, 0x3C, 0x01, 0xE0,
    0x0F, 0x00, 0xF8, 0x00, 0x00, 0x1F, 0x0F, 0xF3, 0xFF, 0x70, 0xE0, 0x1C, 0x07, 0x83, 0xE0, 0x7C,
    0x03, 0xC0, 0x3B, 0x87, 0x70, 0xEF, 0xFC, 0xFF, 0x03, 0x00, 0x78, 0x0F, 0x01, 0xE0, 0x7C, 0x00,
    0x00, 0xC0, 0x18, 0xE0, 0x3C, 0xE0, 0x78, 0xE0, 0xF0, 0xE0, 0xE0, 0xE1, 0xE0, 0xE3, 0xC0, 0xE7,
    0x80, 0xFF, 0x00, 0xFE, 0x00, 0xFF, 0x00, 0xE7, 0x80, 0xE3, 0xC0, 0xE1, 0xC0, 0xE1, 0xE0, 0xE0,
    0xF0, 0xE0, 0x78, 0xE0, 0x3E, 0xE0, 0x3E, 0x00, 0x0E, 0x00, 0x0E, 0x00, 0x0E, 0x00, 0x0E, 0x60,
    0x77, 0x07, 0xB8, 0x79, 0xC7, 0x8E, 0x78, 0x73, 0x83, 0xF8, 0x1F, 0xC0, 0xFF, 0x07, 0x3C, 0x38,
    0xF1, 0xC3, 0xCE, 0x0F, 0xF0, 0x7C, 0x00, 0xE0, 0x07, 0x00, 0x38, 0x01, 0xC0, 0xC0, 0x1B, 0x80,
    0xFE, 0x03, 0xB8, 0x1E, 0xE0, 0x73, 0x83, 0x8F, 0xCE, 0x3F, 0x70, 0xFF, 0xC3, 0xFE, 0x0F, 0xF8,
    0x3F, 0xF0, 0xFD, 0xE3, 0xF3, 0x8E, 0x0F, 0x38, 0x1C, 0xE0, 0x7B, 0x80, 0xEE, 0x01, 0xC0, 0x60,
    0x3B, 0x81, 0xEE, 0x07, 0x38, 0x3C, 0xEE, 0xE3, 0xBF, 0x0F, 0xF8, 0x3F, 0xE0, 0xFF, 0xC3, 0xBF,
    0x8E, 0xEE, 0x38, 0x1C, 0xE0, 0x7B, 0x80, 0xE0, 0xFE, 0x00, 0xEF, 0xF0, 0x1E, 0xFF, 0x03, 0xC0,
    0x70, 0x38, 0x07, 0x07, 0x00, 0x70, 0xF0, 0x07, 0x1E, 0x00, 0x71, 0xC0, 0x07, 0xF8, 0x00, 0x7F,
    0x80, 0x07, 0xF8, 0x00, 0x73, 0xC0, 0x07, 0x1E, 0x00, 0x70, 0xE0, 0x07, 0x07, 0x00, 0x70, 0x78,
    0x07, 0x03, 0xC0, 0x70, 0x1C, 0x07, 0x00, 0xE0, 0xFC, 0x0E, 0xFE, 0x1E, 0xFE, 0x3C, 0x0E, 0x38,
    0x0E, 0x70, 0x0E, 0xF0, 0x0F, 0xE0, 0x0F, 0xE0, 0x0F, 0xE0, 0x0E, 0x70, 0x0E, 0x78, 0x0E, 0x3C,
    0x0E, 0x1E, 0x0E, 0x0E, 0xC0, 0x0C, 0x70, 0x07, 0x38, 0x03, 0x9C, 0x01, 0xCE, 0x00, 0xE7, 0x00,
    0x73, 0x80, 0x39, 0xC0, 0x1C, 0xFF, 0xFE, 0x7F, 0xFF, 0x3F, 0xFF, 0x9C, 0x01, 0xCE, 0x00, 0xE7,
    0x00, 0x73, 0x80, 0x39, 0xC0, 0x1C, 0xE0, 0x0E, 0x70, 0x07, 0xB8, 0x03, 0xC0, 0x00, 0xE0, 0x00,
    0x70, 0x00, 0x38, 0x00, 0x1C, 0x60, 0x73, 0x81, 0xCE, 0x07, 0x38, 0x1C, 0xE0, 0x73, 0x81, 0xCF,
    0xFF, 0x3F, 0xFC, 0xE0, 0x73, 0x81, 0xCE, 0x07, 0x38, 0x1C, 0xE0, 0x7F, 0x81, 0xF0, 0x01, 0xC0,
    0x07, 0x00, 0x1C, 0x00, 0x70, 0xC0, 0x0F, 0xFB, 0x80, 0x3F, 0xFE, 0x00, 0xFF, 0xF8, 0x03, 0x80,
    0xE0, 0x0E, 0x03, 0x80, 0x38, 0x0E, 0x00, 0xE0, 0x38, 0x03, 0x80, 0xFF, 0xFE, 0x03, 0xFF, 0xF8,
    0x0F, 0xFF, 0xE0, 0x38, 0x03, 0x80, 0xE0, 0x0E, 0x03, 0x80, 0x38, 0x0E, 0x00, 0xE0, 0x38, 0x03,
    0x80, 0xE0, 0x0E, 0x03, 0x80, 0x38, 0x0E, 0x00, 0xE0, 0x00, 0x60, 0x7F, 0xE0, 0x7F, 0xE0, 0x7F,
    0xE0, 0x70, 0xE0, 0x70, 0xE0, 0x70, 0xFF, 0xF0, 0xFF, 0xF0, 0xE0, 0x70, 0xE0, 0x70, 0xE0, 0x70,
    0xE0, 0x70, 0xE0, 0x70, 0xE0, 0x70, 0xFF, 0xFC, 0x00, 0x7F, 0xFF, 0x00, 0x3F, 0xFF, 0x80, 0x1C,
    0x01, 0xC0, 0x0E, 0x00, 0xE0, 0x07, 0x00, 0x70, 0x03, 0x80, 0x38, 0x01, 0xC0, 0x1C, 0xC0, 0xE0,
    0x0F, 0xFC, 0x70, 0x07, 0xFF, 0x38, 0x03, 0xC7, 0xDC, 0x01, 0xC0, 0xEE, 0x00, 0xE0, 0x7F, 0x00,
    0x70, 0x1F, 0x80, 0x38, 0x0F, 0xC0, 0x1C, 0x0F, 0xE0, 0x0E, 0x07, 0x70, 0x07, 0x0F, 0xB8, 0x03,
    0xBF, 0x80, 0x00, 0x1F, 0x80, 0x00, 0x00, 0x00, 0x7F, 0xF0, 0x07, 0xFF, 0x80, 0x3F, 0xFC, 0x01,
    0xC0, 0xE0, 0x0E, 0x07, 0x00, 0x70, 0x38, 0x03, 0x81, 0xFE, 0x1C, 0x0F, 0xFC, 0xE0, 0x7F, 0xF7,
    0x03, 0x83, 0xF8, 0x1C, 0x0F, 0xC0, 0xE0, 0x7E, 0x07, 0x03, 0xF0, 0x38, 0x1C, 0x00, 0x01, 0xC0,
    0x00, 0x3E, 0x00, 0x01, 0xE0, 0x00, 0x0C, 0x00, 0x03, 0x80, 0x00, 0x1F, 0x00, 0x00, 0x7E, 0x00,
    0x01, 0xE0, 0x7F, 0x07, 0x83, 0xFF, 0x0E, 0x07, 0x9E, 0x3C, 0x1E, 0x0E, 0x70, 0x38, 0x1C, 0xE0,
    0x70, 0x39, 0xC0, 0xE0, 0x73, 0x81, 0xC0, 0xE7, 0x03, 0x81, 0xCE, 0x07, 0x07, 0x8E, 0x07, 0x0E,
    0x1C, 0x0F, 0x3C, 0x3C, 0x0F, 0xF0, 0x3E, 0x1F, 0xC4, 0x3F, 0xFF, 0xF8, 0x1F, 0xFF, 0xF8, 0x07,
    0x03, 0x80, 0x0E, 0x00, 0x0F, 0x80, 0x07, 0xC7, 0xC1, 0xC7, 0xF8, 0xE1, 0xEF, 0x38, 0xE1, 0xEE,
    0x38, 0x3B, 0x8E, 0x0E, 0xE3, 0x83, 0xB8, 0xF1, 0xCF, 0x1C, 0xF1, 0xE3, 0xF8, 0x3F, 0xFF, 0xC7,
    0xFF, 0xF0, 0x38, 0x70, 0x03, 0xE0, 0x0F, 0xF8, 0x1F, 0xFC, 0x3C, 0x1E, 0x78, 0x0F, 0x70, 0x07,
    0xF0, 0x07, 0xE0, 0x00, 0xE0, 0x00, 0xE0, 0x00, 0xE0, 0x00, 0xE0, 0x00, 0xE0, 0x00, 0x70, 0x07,
    0x70, 0x07, 0x78, 0x0F, 0x3E, 0x3E, 0x1F, 0xFC, 0x0F, 0xF8, 0x01, 0xC0, 0x01, 0xE0, 0x00, 0xF0,
    0x01, 0xF0, 0x01, 0xE0, 0x00, 0x00, 0x0F, 0x83, 0xFE, 0x7F, 0xE7, 0x07, 0xE0, 0x7E, 0x00, 0xE0,
    0x0E, 0x00, 0xE0, 0x0E, 0x00, 0xF0, 0x77, 0x8F, 0x3F, 0xE1, 0xFC, 0x07, 0x00, 0x78, 0x07, 0xC0,
    0x7C, 0x07, 0x80, 0x00, 0xFF, 0xFF, 0xFF, 0xFF, 0xFF, 0xC1, 0xE0, 0x07, 0x80, 0x1E, 0x00, 0x78,
    0x01, 0xE0, 0x07, 0x80, 0x1E, 0x00, 0x78, 0x01, 0xE0, 0x07, 0x80, 0x1E, 0x00, 0x78, 0x01, 0xE0,
    0x07, 0x80, 0x1F, 0x00, 0x7C, 0x00, 0x70, 0x01, 0xC0, 0x07, 0x00, 0x1C, 0x00, 0xFF, 0xFF, 0xFF,
    0xFF, 0xF0, 0xE0, 0x0E, 0x00, 0xE0, 0x0E, 0x00, 0xE0, 0x0E, 0x00, 0xE0, 0x0E, 0x00, 0xE0, 0x0F,
    0x80, 0xF8, 0x03, 0x80, 0x38, 0x03, 0x80, 0x38, 0x60, 0x03, 0x38, 0x03, 0x9E, 0x03, 0xC7, 0x01,
    0xC3, 0xC1, 0xC0, 0xE1, 0xE0, 0x38, 0xE0, 0x1E, 0xE0, 0x07, 0x70, 0x01, 0xF0, 0x00, 0xF8, 0x00,
    0x38, 0x00, 0x1C, 0x00, 0x0E, 0x00, 0x07, 0x00, 0x03, 0x80, 0x01, 0xC0, 0x00, 0xE0, 0x00, 0x70,
    0x00, 0xE0, 0x39, 0xC0, 0xE7, 0x03, 0x9C, 0x1C, 0x38, 0x70, 0xE1, 0xC3, 0xCE, 0x07, 0x38, 0x1C,
    0xE0, 0x3F, 0x00, 0xFC, 0x03, 0xE0, 0x07, 0x80, 0x1E, 0x00, 0x70, 0x01, 0xC0, 0x07, 0x00, 0x1C,
    0x00, 0x70, 0x00, 0x00, 0x60, 0x03, 0x38, 0x03, 0x9E, 0x03, 0xC7, 0x01, 0xC3, 0xC1, 0xC0, 0xE1,
    0xE0, 0x38, 0xE0, 0x1E, 0xE0, 0x07, 0x70, 0x01, 0xF0, 0x00, 0xF8, 0x00, 0x38, 0x00, 0x1C, 0x00,
    0xFF, 0xE0, 0x7F, 0xF0, 0x03, 0x80, 0x01, 0xC0, 0x00, 0xE0, 0x00, 0x70, 0x00, 0xE0, 0x39, 0xC0,
    0xE7, 0x03, 0x9C, 0x1C, 0x38, 0x70, 0xE1, 0xC3, 0xCE, 0x07, 0x38, 0x1C, 0xE0, 0x3F, 0x00, 0xFC,
    0x03, 0xE0, 0x07, 0x80, 0x1E, 0x01, 0xFE, 0x07, 0xF8, 0x07, 0x00, 0x1C, 0x00, 0x70, 0x00, 0x00,
    0x70, 0x07, 0x1E, 0x03, 0xC3, 0x80, 0xE0, 0xF0, 0x70, 0x1E, 0x3C, 0x03, 0x8E, 0x00, 0xF7, 0x00,
    0x1F, 0xC0, 0x03, 0xE0, 0x00, 0x70, 0x00, 0x3E, 0x00, 0x1F, 0xC0, 0x07, 0x70, 0x03, 0x9E, 0x01,
    0xE3, 0xC0, 0x70, 0x70, 0x38, 0x1E, 0x1E, 0x03, 0xF7, 0x00, 0x7C, 0x00, 0x07, 0x00, 0x01, 0xC0,
    0x00, 0x70, 0x00, 0x1C, 0x70, 0x39, 0xE1, 0xC3, 0x8F, 0x07, 0x38, 0x1D, 0xC0, 0x3F, 0x00, 0x78,
    0x01, 0xE0, 0x0F, 0x80, 0x7F, 0x01, 0xDE, 0x0E, 0x38, 0x78, 0x7D, 0xC1, 0xF0, 0x01, 0xC0, 0x07,
    0x00, 0x1C, 0x00, 0x70, 0xFF, 0xFC, 0x63, 0xFF, 0xF1, 0xCF, 0xFF, 0xC7, 0x01, 0xC0, 0x1C, 0x07,
    0x00, 0x70, 0x1C, 0x01, 0xC0, 0x70, 0x07, 0x01, 0xC0, 0x1C, 0x07, 0x00, 0x70, 0x1C, 0x01, 0xC0,
    0x70, 0x07, 0x01, 0xC0, 0x1C, 0x07, 0x00, 0x70, 0x1C, 0x01, 0xC0, 0x70, 0x07, 0x01, 0xC0, 0x1C,
    0x07, 0x00, 0x70, 0x1F, 0xFF, 0xF0, 0x7F, 0xFF, 0xC0, 0x00, 0x07, 0x00, 0x00, 0x1C, 0x00, 0x00,
    0x70, 0x00, 0x01, 0xC0, 0xFF, 0x8E, 0x7F, 0xC7, 0x3F, 0xE3, 0x83, 0x81, 0xC1, 0xC0, 0xE0, 0xE0,
    0x70, 0x70, 0x38, 0x38, 0x1C, 0x1C, 0x0E, 0x0E, 0x07, 0x07, 0x03, 0x83, 0x81, 0xC1, 0xFF, 0xF0,
    0xFF, 0xF8, 0x00, 0x1C, 0x00, 0x0E, 0x00, 0x07, 0x00, 0x03, 0x80, 0x60, 0x0C, 0xF0, 0x0E, 0xF0,
    0x0E, 0xF0, 0x0E, 0xF0, 0x0E, 0xF0, 0x0E, 0xF0, 0x0E, 0x70, 0x0E, 0x70, 0x1E, 0x78, 0x7E, 0x3F,
    0xFE, 0x1F, 0xFE, 0x03, 0x0E, 0x00, 0x0E, 0x00, 0x0E, 0x00, 0x0E, 0x00, 0x0E, 0x00, 0x0F, 0x00,
    0x0F, 0x00, 0x07, 0x00, 0x07, 0x00, 0x07, 0x00, 0x07, 0x60, 0x73, 0x81, 0xCE, 0x07, 0x38, 0x1C,
    0xE0, 0x71, 0x81, 0xC7, 0x07, 0x1F, 0xFC, 0x3F, 0xF0, 0x7F, 0xC0, 0x07, 0x00, 0x1C, 0x00, 0x7C,
    0x01, 0xF0, 0x01, 0xC0, 0x07, 0x00, 0x1C, 0x00, 0x70, 0x60, 0x0D, 0xE0, 0x1F, 0xC0, 0x3F, 0x80,
    0x7F, 0x00, 0xFE, 0x01, 0xFC, 0x03, 0xB9, 0xC7, 0x73, 0x9E, 0xF7, 0xFC, 0xFF, 0xF8, 0xFF, 0xF0,
    0x38, 0xE0, 0x71, 0xC0, 0xE3, 0x80, 0x07, 0x00, 0x0E, 0x00, 0x1C, 0x00, 0x38, 0x60, 0x7E, 0x07,
    0xE0, 0x7E, 0x07, 0xE0, 0x76, 0x77, 0x77, 0x77, 0xFF, 0x3F, 0xF1, 0xFF, 0x07, 0x70, 0x77, 0x06,
    0x70, 0x07, 0xC0, 0x03, 0x80, 0x0E, 0x00, 0x38, 0x00, 0xE0, 0x03, 0x80, 0x0E, 0x00, 0x39, 0xF0,
    0xFF, 0xF3, 0xFF, 0xEF, 0x07, 0xB8, 0x0F, 0xE0, 0x1F, 0x80, 0x7E, 0x01, 0xF8, 0x07, 0xE0, 0x1F,
    0x80, 0x7E, 0x01, 0xC0, 0x60, 0x0E, 0x00, 0xE0, 0x0E, 0x00, 0xE0, 0x0E, 0x78, 0xFF, 0xEF, 0xFE,
    0xF0, 0xFF, 0x07, 0xE0, 0x7E, 0x07, 0xE0, 0x7E, 0x07, 0xE0, 0x7E, 0x07, 0xE0, 0x7E, 0x07, 0xE0,
    0x70, 0x00, 0x3C, 0x00, 0x1F, 0xF0, 0x03, 0xFF, 0xC0, 0x7C, 0x3C, 0x07, 0x01, 0xE0, 0xE0, 0x0E,
    0xEE, 0x00, 0xFE, 0xE0, 0x07, 0xFE, 0x00, 0x7F, 0xFF, 0xFF, 0x7F, 0xFF, 0xF1, 0xE0, 0x00, 0x0E,
    0x00, 0x00, 0xE0, 0x07, 0x0F, 0x00, 0xE0, 0x70, 0x1E, 0x07, 0xC3, 0xC0, 0x3F, 0xF8, 0x00, 0xFF,
    0x00, 0x03, 0x80, 0x00, 0xF8, 0x01, 0xFF, 0x00, 0xFF, 0xD8, 0xE0, 0xEE, 0x70, 0x3F, 0x70, 0x1D,
    0xFF, 0xFE, 0x7F, 0xFF, 0x0E, 0x00, 0x07, 0x00, 0x01, 0xC0, 0xC0, 0xF0, 0xE0, 0x3F, 0xF0, 0x0F,
    0xF0, 0x01, 0xC0, 0x00, 0x3C, 0x00, 0x1F, 0xF0, 0x03, 0xFF, 0xC0, 0x7C, 0x3C, 0x07, 0x01, 0xE0,
    0xE0, 0x0E, 0xEE, 0x00, 0xFE, 0xE0, 0x07, 0xFE, 0x00, 0x7F, 0xFF, 0xFF, 0x7F, 0xFF, 0xF1, 0xE0,
    0x00, 0x0E, 0x00, 0x00, 0xE0, 0x07, 0x0F, 0x00, 0xE0, 0x70, 0x1E, 0x07, 0xC3, 0xC0, 0x3F, 0xF8,
    0x00, 0xFF, 0x00, 0x03, 0x80, 0x00, 0x38, 0x00, 0x03, 0x80, 0x00, 0x38, 0x00, 0x00, 0xF8, 0x01,
    0xFF, 0x00, 0xFF, 0xD8, 0xE0, 0xEE, 0x70, 0x3F, 0x70, 0x1D, 0xFF, 0xFE, 0x7F, 0xFF, 0x0E, 0x00,
    0x07, 0x00, 0x01, 0xC0, 0xC0, 0xF0, 0xE0, 0x3F, 0xF0, 0x0F, 0xF0, 0x01, 0xC0, 0x00, 0xF0, 0x00,
    0x3C, 0x00, 0x3E, 0x00, 0x1E, 0x00, 0x00, 0x00, 0xDF, 0xFF, 0xFF, 0xFF, 0xFF, 0xFF, 0xFF, 0x80,
    0x00, 0xC7, 0x00, 0x00, 0xE7, 0x00, 0x00, 0x7E, 0x00, 0x00, 0x3C, 0x00, 0x00, 0x00, 0x00, 0x70,
    0x18, 0x0C, 0x78, 0x38, 0x1E, 0x38, 0x38, 0x1C, 0x3C, 0x38, 0x38, 0x1C, 0x38, 0x78, 0x0E, 0x38,
    0x70, 0x0F, 0x38, 0xF0, 0x07, 0x38, 0xE0, 0x07, 0xBD, 0xC0, 0x03, 0xFF, 0xC0, 0x07, 0xFF, 0xC0,
    0x07, 0x38, 0xE0, 0x0F, 0x38, 0xF0, 0x0E, 0x38, 0x70, 0x1C, 0x38, 0x78, 0x3C, 0x38, 0x38, 0x38,
    0x38, 0x1C, 0x78, 0x38, 0x1E, 0x70, 0x38, 0x0E, 0x03, 0x8C, 0x00, 0x39, 0xC0, 0x01, 0xF8, 0x00,
    0x0F, 0x00, 0x00, 0x00, 0x07, 0x06, 0x0E, 0x78, 0x71, 0xE3, 0x87, 0x1C, 0x1C, 0x73, 0x80, 0xE7,
    0x70, 0x0F, 0x7F, 0x00, 0x7F, 0xE0, 0x07, 0xFE, 0x00, 0x7F, 0xE0, 0x0E, 0x77, 0x01, 0xE7, 0x78,
    0x3C, 0x73, 0xC7, 0x87, 0x1E, 0x70, 0x70, 0xE0, 0xC0, 0x1B, 0x80, 0xEE, 0x07, 0xB8, 0x3C, 0xE1,
    0xE3, 0x87, 0x0E, 0x38, 0x39, 0xE0, 0xFF, 0x03, 0xFF, 0x0F, 0xFF, 0x38, 0x3C, 0xE0, 0x3B, 0x80,
    0xEE, 0x01, 0xF8, 0x07, 0xE0, 0x1F, 0x80, 0xFE, 0x03, 0x80, 0x1E, 0x01, 0xF0, 0x07, 0xC0, 0x1C,
    0x00, 0x60, 0x77, 0x07, 0xB8, 0x79, 0xC7, 0x8E, 0x78, 0x73, 0x83, 0xFE, 0x1F, 0xFC, 0xFF, 0xF7,
    0x03, 0xB8, 0x1D, 0xC0, 0x7E, 0x03, 0xF0, 0x38, 0x03, 0xC0, 0x3C, 0x01, 0xC0, 0x00, 0x00, 0x0F,
    0xFE, 0x03, 0xFF, 0xC0, 0xFF, 0xF0, 0x38, 0x1C, 0x1C, 0x07, 0x07, 0x01, 0xC1, 0xC0, 0x70, 0x70,
    0x1C, 0x1C, 0x07, 0x07, 0x01, 0xC1, 0xC0, 0x70, 0x70, 0x1C, 0x1C, 0x07, 0x07, 0x01, 0xC1, 0xC0,
    0x70, 0xE0, 0x1C, 0x78, 0x07, 0x3E, 0x01, 0xFF, 0x00, 0x7C, 0x00, 0x0E, 0x00, 0x03, 0x80, 0x00,
    0xE0, 0x00, 0x30, 0x1F, 0xF8, 0x3F, 0xF0, 0x7F, 0xE0, 0xE1, 0xC1, 0xC3, 0x83, 0x87, 0x07, 0x0E,
    0x0C, 0x1C, 0x38, 0x38, 0x70, 0x70, 0xE0, 0xE3, 0xC1, 0xCF, 0x03, 0xFE, 0x07, 0xC0, 0x03, 0x00,
    0x0E, 0x00, 0x1C, 0x00, 0x38, 0xC0, 0x0D, 0xC0, 0x1F, 0x80, 0x3F, 0x00, 0x7E, 0x00, 0xFC, 0x01,
    0xF8, 0x03, 0xF0, 0x07, 0xFF, 0xFF, 0xFF, 0xFF, 0xFF, 0xFF, 0x00, 0x7E, 0x00, 0xFC, 0x01, 0xF8,
    0x03, 0xF0, 0x07, 0xE0, 0x0F, 0xC0, 0x1F, 0x80, 0x38, 0x00, 0x70, 0x00, 0xE0, 0x03, 0xC0, 0x1F,
    0x00, 0x3E, 0x00, 0x30, 0x60, 0x7E, 0x07, 0xE0, 0x7E, 0x07, 0xE0, 0x7E, 0x07, 0xFF, 0xFF, 0xFF,
    0xE0, 0x7E, 0x07, 0xE0, 0x7E, 0x07, 0xE0, 0x7E, 0x07, 0x00, 0x70, 0x07, 0x00, 0x70, 0x1F, 0x03,
    0xE0, 0x18, 0xC0, 0x0C, 0x70, 0x07, 0x38, 0x03, 0x9C, 0x01, 0xCE, 0x00, 0xE7, 0x00, 0x73, 0x80,
    0x39, 0xC0, 0x1C, 0xFF, 0xFE, 0x7F, 0xFF, 0x3F, 0xFF, 0x9C, 0x01, 0xCE, 0x00, 0xE7, 0x00, 0x73,
    0x80, 0x39, 0xC0, 0x1C, 0xE0, 0x0E, 0x70, 0x07, 0xF8, 0x03, 0xE0, 0x00, 0xE0, 0x00, 0x70, 0x00,
    0x38, 0x00, 0x38, 0x60, 0x71, 0xC0, 0xE3, 0x81, 0xC7, 0x03, 0x8E, 0x07, 0x1C, 0x0E, 0x3F, 0xFC,
    0x7F, 0xF8, 0xE0, 0x71, 0xC0, 0xE3, 0x81, 0xC7, 0x03, 0x8E, 0x07, 0xDC, 0x0F, 0x80, 0x07, 0x00,
    0x1C, 0x00, 0x38, 0x00, 0x70, 0x60, 0x0C, 0xF0, 0x0E, 0xF0, 0x0E, 0xF0, 0x0E, 0xF0, 0x0E, 0xF0,
    0x0E, 0xF0, 0x0E, 0x70, 0x0E, 0x70, 0x1E, 0x78, 0x7E, 0x3F, 0xFE, 0x1F, 0xFE, 0x03, 0x0E, 0x00,
    0x0E, 0x00, 0x0E, 0x00, 0x0E, 0x00, 0x0E, 0x00, 0x0F, 0x00, 0x0F, 0x00, 0x07, 0x00, 0x07, 0x00,
    0x07, 0x00, 0x07, 0x60, 0x73, 0x81, 0xCE, 0x07, 0x38, 0x1C, 0xE0, 0x71, 0x81, 0xC7, 0x07, 0x1F,
    0xFC, 0x3F, 0xF0, 0x7F, 0xC0, 0x07, 0x00, 0x1C, 0x00, 0x7C, 0x01, 0xF0, 0x01, 0xC0, 0x07, 0x00,
    0x1C, 0x00, 0x70, 0xE0, 0x01, 0xC7, 0x80, 0x1F, 0x3C, 0x00, 0xF9, 0xF0, 0x07, 0xCF, 0x80, 0x7E,
    0x7E, 0x03, 0xF3, 0xF0, 0x3B, 0x9F, 0x81, 0xDC, 0xEE, 0x0E, 0xE7, 0x70, 0xE7, 0x3B, 0xC7, 0x39,
    0xCE, 0x71, 0xCE, 0x73, 0x8E, 0x71, 0xDC, 0x73, 0x8F, 0xC3, 0x9C, 0x7E, 0x1C, 0xE1, 0xF0, 0xE7,
    0x0F, 0x07, 0xF8, 0x38, 0x3C, 0x00, 0x00, 0xE0, 0x00, 0x07, 0x00, 0x00, 0x38, 0x00, 0x03, 0x80,
    0x70, 0x07, 0x1F, 0x01, 0xF3, 0xE0, 0x3E, 0x7E, 0x0F, 0xCF, 0xC1, 0xF9, 0xDC, 0x77, 0x3B, 0x8E,
    0xE7, 0x71, 0xDC, 0xE7, 0x73, 0x9C, 0xEE, 0x73, 0x8F, 0x8E, 0x71, 0xF1, 0xCE, 0x1C, 0x3F, 0xC3,
    0x87, 0x80, 0x00, 0x70, 0x00, 0x0E, 0x00, 0x01, 0xC0, 0x00, 0x70, 0x6E, 0xEE, 0xEE, 0xEE, 0xEE,
    0xEE, 0xEE, 0xEE, 0xEE, 0xE0, 0x06, 0x30, 0x03, 0xB8, 0x01, 0xFC, 0x00, 0x38, 0x00, 0x00, 0x00,
    0x0E, 0x00, 0x07, 0x00, 0x07, 0xC0, 0x03, 0xE0, 0x03, 0xB8, 0x01, 0xDC, 0x00, 0xEE, 0x00, 0xE3,
    0x80, 0x71, 0xC0, 0x38, 0xE0, 0x38, 0x38, 0x1C, 0x1C, 0x0F, 0xFE, 0x0F, 0xFF, 0x87, 0x01, 0xC7,
    0x80, 0xF3, 0x80, 0x39, 0xC0, 0x1D, 0xE0, 0x07, 0x31, 0xC7, 0x30, 0x7E, 0x07, 0x80, 0x00, 0x3F,
    0x1F, 0xF3, 0xFF, 0xE0, 0xE4, 0x1C, 0x03, 0x9F, 0xF7, 0xFF, 0xF1, 0xF8, 0x3F, 0x07, 0xE1, 0xFF,
    0xFD, 0xFF, 0x8E, 0x00, 0x06, 0x30, 0x07, 0xBC, 0x03, 0xDE, 0x00, 0x82, 0x00, 0x00, 0x00, 0x0E,
    0x00, 0x07, 0x00, 0x07, 0xC0, 0x03, 0xE0, 0x03, 0xB8, 0x01, 0xDC, 0x00, 0xEE, 0x00, 0xE3, 0x80,
    0x71, 0xC0, 0x38, 0xE0, 0x38, 0x38, 0x1C, 0x1C, 0x0F, 0xFE, 0x0F, 0xFF, 0x87, 0x01, 0xC7, 0x80,
    0xF3, 0x80, 0x39, 0xC0, 0x1D, 0xE0, 0x07, 0x31, 0xCF, 0x38, 0xE7, 0x08, 0x40, 0x00, 0x3F, 0x1F,
    0xF3, 0xFF, 0xE0, 0xE4, 0x1C, 0x03, 0x9F, 0xF7, 0xFF, 0xF1, 0xF8, 0x3F, 0x07, 0xE1, 0xFF, 0xFD,
    0xFF, 0x8E, 0x00, 0x00, 0x7F, 0xFE, 0x00, 0xFF, 0xFF, 0x00, 0xFF, 0xFE, 0x00, 0xEE, 0x00, 0x01,
    0xCE, 0x00, 0x01, 0xCE, 0x00, 0x03, 0x8E, 0x00, 0x03, 0x8E, 0x00, 0x07, 0x0F, 0xFC, 0x07, 0x0F,
    0xFE, 0x0E, 0x0F, 0xFE, 0x0E, 0x1E, 0x00, 0x1F, 0xFE, 0x00, 0x1F, 0xFE, 0x00, 0x3C, 0x0E, 0x00,
    0x38, 0x0E, 0x00, 0x78, 0x0E, 0x00, 0x70, 0x0F, 0xFF, 0xF0, 0x0F, 0xFF, 0x1F, 0x0F, 0x83, 0xFE,
    0xFF, 0x1F, 0xFF, 0xFD, 0xC1, 0xE0, 0xE2, 0x0F, 0x03, 0x80, 0x70, 0x1C, 0xFF, 0xFF, 0xEF, 0xFF,
    0xFF, 0xF8, 0xE0, 0x07, 0x07, 0x00, 0x38, 0x3C, 0x0D, 0xC3, 0xF0, 0xEF, 0xFF, 0xFF, 0x3F, 0xCF,
    0xF0, 0x70, 0x1C, 0x00, 0x31, 0xC3, 0x98, 0x1F, 0x80, 0xF0, 0x00, 0x0F, 0xFE, 0xFF, 0xFF, 0xFF,
    0xE0, 0x0E, 0x00, 0xE0, 0x0E, 0x00, 0xE0, 0x0F, 0xFE, 0xFF, 0xEF, 0xFE, 0xE0, 0x0E, 0x00, 0xE0,
    0x0E, 0x00, 0xE0, 0x0E, 0x00, 0xFF, 0xFF, 0xFF, 0x38, 0xC0, 0xCE, 0x07, 0xE0, 0x1E, 0x00, 0x00,
    0x07, 0xC0, 0xFF, 0x0F, 0xFC, 0x70, 0x77, 0x03, 0xB8, 0x0D, 0xFF, 0xFF, 0xFF, 0xF0, 0x03, 0x80,
    0x1C, 0x0E, 0x78, 0xF1, 0xFF, 0x07, 0xF0, 0x0E, 0x00, 0x03, 0xC0, 0x07, 0xFC, 0x0F, 0xFF, 0x0F,
    0x87, 0xC7, 0x80, 0xE7, 0x80, 0x7B, 0x80, 0x1C, 0x00, 0x0E, 0x00, 0x07, 0x7F, 0xFF, 0xFF, 0xFF,
    0xFC, 0x00, 0xEE, 0x00, 0x77, 0x80, 0x39, 0xC0, 0x3C, 0xF0, 0x3C, 0x3C, 0x3E, 0x0F, 0xFE, 0x03,
    0xFC, 0x00, 0x30, 0x00, 0x1F, 0x83, 0xFE, 0x1F, 0xF9, 0xC1, 0xE2, 0x07, 0x00, 0x3B, 0xFF, 0xDF,
    0xFF, 0xFF, 0xF7, 0x03, 0xB8, 0x1C, 0xE1, 0xC7, 0xFE, 0x1F, 0xE0, 0x18, 0x00, 0x0E, 0x70, 0x07,
    0x38, 0x03, 0x9C, 0x00, 0x84, 0x00, 0x00, 0x00, 0x1E, 0x00, 0x3F, 0xE0, 0x7F, 0xF8, 0x7C, 0x3E,
    0x3C, 0x07, 0x3C, 0x03, 0xDC, 0x00, 0xE0, 0x00, 0x70, 0x00, 0x3B, 0xFF, 0xFF, 0xFF, 0xFF, 0xE0,
    0x07, 0x70, 0x03, 0xBC, 0x01, 0xCE, 0x01, 0xE7, 0x81, 0xE1, 0xE1, 0xF0, 0x7F, 0xF0, 0x1F, 0xE0,
    0x01, 0x80, 0x00, 0x18, 0xC1, 0xEF, 0x0E, 0x78, 0x21, 0x00, 0x00, 0x0F, 0xC1, 0xFF, 0x0F, 0xFC,
    0xE0, 0xF1, 0x03, 0x80, 0x1D, 0xFF, 0xEF, 0xFF, 0xFF, 0xFB, 0x81, 0xDC, 0x0E, 0x70, 0xE3, 0xFF,
    0x0F, 0xF0, 0x0C, 0x00, 0x00, 0xE7, 0x00, 0x00, 0xE7, 0x00, 0x00, 0xE7, 0x00, 0x00, 0x42, 0x00,
    0x00, 0x00, 0x00, 0x70, 0x18, 0x0C, 0x78, 0x38, 0x1E, 0x38, 0x38, 0x1C, 0x3C, 0x38, 0x38, 0x1C,
    0x38, 0x78, 0x0E, 0x38, 0x70, 0x0F, 0x38, 0xF0, 0x07, 0x38, 0xE0, 0x07, 0xBD, 0xC0, 0x03, 0xFF,
    0xC0, 0x07, 0xFF, 0xC0, 0x07, 0x38, 0xE0, 0x0F, 0x38, 0xF0, 0x0E, 0x38, 0x70, 0x1C, 0x38, 0x78,
    0x3C, 0x38, 0x38, 0x38, 0x38, 0x1C, 0x78, 0x38, 0x1E, 0x70, 0x38, 0x0E, 0x03, 0x9C, 0x00, 0x39,
    0xC0, 0x03, 0x9C, 0x00, 0x10, 0x80, 0x00, 0x00, 0x07, 0x06, 0x0E, 0x78, 0x71, 0xE3, 0x87, 0x1C,
    0x1C, 0x73, 0x80, 0xE7, 0x70, 0x0F, 0x7F, 0x00, 0x7F, 0xE0, 0x07, 0xFE, 0x00, 0x7F, 0xE0, 0x0E,
    0x77, 0x01, 0xE7, 0x78, 0x3C, 0x73, 0xC7, 0x87, 0x1E, 0x70, 0x70, 0xE0, 0x18, 0xC1, 0xEF, 0x0F,
    0x38, 0x10, 0x80, 0x00, 0x03, 0xC0, 0x7F, 0x87, 0xFE, 0x78, 0x73, 0x83, 0xD8, 0x0E, 0x00, 0x70,
    0x07, 0x03, 0xF8, 0x1F, 0x00, 0xFE, 0x00, 0x78, 0x01, 0xC0, 0x0F, 0xC0, 0x7F, 0x03, 0xBC, 0x3D,
    0xFF, 0xC3, 0xFC, 0x07, 0x00, 0x73, 0x8E, 0x71, 0xCE, 0x10, 0x80, 0x00, 0x3E, 0x1F, 0xE7, 0xFE,
    0xE1, 0xC0, 0x38, 0x0F, 0x07, 0xC0, 0xF8, 0x07, 0x80, 0x77, 0x0E, 0xE1, 0xDF, 0xF9, 0xFE, 0x06,
    0x00, 0x3F, 0xF3, 0xFF, 0xDF, 0xFE, 0x01, 0xE0, 0x1E, 0x01, 0xE0, 0x0E, 0x00, 0xE0, 0x0F, 0x80,
    0x7F, 0x00, 0x7C, 0x00, 0xF0, 0x03, 0x80, 0x1F, 0x80, 0xFE, 0x07, 0x78, 0x7B, 0xFF, 0x87, 0xF8,
    0x0E, 0x00, 0x3F, 0xF3, 0xFF, 0xDF, 0xFE, 0x01, 0xE0, 0x1E, 0x01, 0xE0, 0x0E, 0x00, 0xE0, 0x0F,
    0x80, 0x7F, 0x00, 0x7C, 0x00, 0xF0, 0x03, 0x80, 0x1F, 0x80, 0xFE, 0x07, 0x78, 0x7B, 0xFF, 0x87,
    0xF8, 0x0E, 0x00, 0x0F, 0xE0, 0x1F, 0xC0, 0x00, 0x00, 0x00, 0x0C, 0x00, 0xDC, 0x03, 0xF8, 0x0F,
    0xF0, 0x1F, 0xE0, 0x7F, 0xC1, 0xFF, 0x83, 0xBF, 0x0F, 0x7E, 0x3C, 0xFC, 0x71, 0xF9, 0xE3, 0xF3,
    0x87, 0xEE, 0x0F, 0xFC, 0x1F, 0xF0, 0x3F, 0xC0, 0x7F, 0x80, 0xFE, 0x01, 0xFC, 0x03, 0x80, 0x1F,
    0xC1, 0xFC, 0x00, 0x00, 0x00, 0x60, 0x7E, 0x07, 0xE0, 0xFE, 0x1F, 0xE1, 0xFE, 0x3F, 0xE7, 0x7E,
    0x77, 0xEE, 0x7F, 0xC7, 0xFC, 0x7F, 0x87, 0xF0, 0x7F, 0x07, 0x0C, 0x60, 0x3D, 0xE0, 0x73, 0xC0,
    0x42, 0x00, 0x00, 0x18, 0x01, 0xB8, 0x07, 0xF0, 0x1F, 0xE0, 0x3F, 0xC0, 0xFF, 0x83, 0xFF, 0x07,
    0x7E, 0x1E, 0xFC, 0x79, 0xF8, 0xE3, 0xF3, 0xC7, 0xE7, 0x0F, 0xDC, 0x1F, 0xF8, 0x3F, 0xE0, 0x7F,
    0x80, 0xFF, 0x01, 0xFC, 0x03, 0xF8, 0x07, 0x18, 0xC3, 0x9E, 0x39, 0xC1, 0x08, 0x00, 0x06, 0x07,
    0xE0, 0x7E, 0x0F, 0xE1, 0xFE, 0x1F, 0xE3, 0xFE, 0x77, 0xE7, 0x7E, 0xE7, 0xFC, 0x7F, 0xC7, 0xF8,
    0x7F, 0x07, 0xF0, 0x70, 0x06, 0x30, 0x07, 0xBC, 0x03, 0xDE, 0x00, 0x82, 0x00, 0x00, 0x00, 0x1F,
    0x00, 0x3F, 0xE0, 0x3F, 0xF8, 0x3C, 0x1E, 0x3C, 0x07, 0x9C, 0x01, 0xDE, 0x00, 0xFE, 0x00, 0x3F,
    0x00, 0x1F, 0x80, 0x0F, 0xC0, 0x07, 0xE0, 0x03, 0xF0, 0x01, 0xDC, 0x01, 0xCE, 0x00, 0xE7, 0x80,
    0xF1, 0xF1, 0xF0, 0x7F, 0xF0, 0x1F, 0xF0, 0x01, 0xC0, 0x00, 0x18, 0xC1, 0xEF, 0x0E, 0x78, 0x21,
    0x00, 0x00, 0x07, 0xC0, 0xFF, 0x8F, 0xFC, 0x70, 0x77, 0x03, 0xB8, 0x0F, 0xC0, 0x7E, 0x03, 0xF0,
    0x1F, 0x80, 0xFE, 0x0E, 0x78, 0xF1, 0xFF, 0x07, 0xF0, 0x0E, 0x00, 0x03, 0xE0, 0x07, 0xFC, 0x07,
    0xFF, 0x07, 0x83, 0xC7, 0x80, 0xF3, 0x80, 0x3B, 0xC0, 0x1F, 0xC0, 0x07, 0xE0, 0x03, 0xFF, 0xFF,
    0xFF, 0xFF, 0xFC, 0x00, 0x7E, 0x00, 0x3B, 0x80, 0x39, 0xC0, 0x1C, 0xF0, 0x1E, 0x3E, 0x3E, 0x0F,
    0xFE, 0x03, 0xFE, 0x00, 0x38, 0x00, 0x0F, 0x81, 0xFF, 0x1F, 0xF8, 0xE0, 0xEE, 0x07, 0x70, 0x1F,
    0xFD, 0xFF, 0xFF, 0xE3, 0xFF, 0x01, 0xFC, 0x1C, 0xF1, 0xE3, 0xFE, 0x0F, 0xE0, 0x1C, 0x00, 0x06,
    0x30, 0x07, 0xBC, 0x03, 0xDE, 0x00, 0x82, 0x00, 0x00, 0x00, 0x1F, 0x00, 0x3F, 0xE0, 0x3F, 0xF8,
    0x3C, 0x1E, 0x3C, 0x07, 0x9C, 0x01, 0xDE, 0x00, 0xFE, 0x00, 0x3F, 0x00, 0x1F, 0xFF, 0xFF, 0xFF,
    0xFF, 0xE0, 0x03, 0xF0, 0x01, 0xDC, 0x01, 0xCE, 0x00, 0xE7, 0x80, 0xF1, 0xF1, 0xF0, 0x7F, 0xF0,
    0x1F, 0xF0, 0x01, 0xC0, 0x00, 0x18, 0xC1, 0xEF, 0x0E, 0x78, 0x21, 0x00, 0x00, 0x07, 0xC0, 0xFF,
    0x8F, 0xFC, 0x70, 0x77, 0x03, 0xB8, 0x0F, 0xFE, 0xFF, 0xFF, 0xF1, 0xFF, 0x80, 0xFE, 0x0E, 0x78,
    0xF1, 0xFF, 0x07, 0xF0, 0x0E, 0x00, 0x0C, 0x60, 0x1E, 0xF0, 0x1E, 0x70, 0x04, 0x20, 0x00, 0x00,
    0x07, 0xC0, 0x1F, 0xF0, 0x3F, 0xF8, 0x78, 0x3C, 0x70, 0x1E, 0xE0, 0x0E, 0xE0, 0x07, 0x00, 0x07,
    0x03, 0xFF, 0x03, 0xFF, 0x03, 0xFF, 0x00, 0x07, 0x00, 0x07, 0xE0, 0x07, 0xE0, 0x0E, 0x70, 0x1E,
    0x7C, 0x7C, 0x3F, 0xF8, 0x1F, 0xF0, 0x03, 0x80, 0x31, 0x87, 0xBC, 0x79, 0xC1, 0x08, 0x00, 0x01,
    0xF0, 0x7F, 0xC7, 0xFE, 0xE0, 0xEE, 0x07, 0x00, 0x71, 0xFF, 0x1F, 0xF0, 0xFF, 0x00, 0x7E, 0x0F,
    0xF1, 0xE7, 0xFC, 0x3F, 0x80, 0xE0, 0x0F, 0xF0, 0x1F, 0xC0, 0x00, 0x00, 0x00, 0x06, 0x00, 0x7E,
    0x01, 0xDC, 0x07, 0xBC, 0x0E, 0x38, 0x1C, 0x78, 0x70, 0x70, 0xE0, 0xE3, 0xC0, 0xE7, 0x01, 0xCE,
    0x01, 0xF8, 0x03, 0xF0, 0x07, 0xE0, 0x07, 0x80, 0x0F, 0x00, 0x1C, 0x00, 0x78, 0x03, 0xE0, 0x07,
    0x80, 0x00, 0x1F, 0xE0, 0x7F, 0x80, 0x00, 0x00, 0x00, 0xE0, 0x39, 0xC0, 0xE7, 0x03, 0x9C, 0x1C,
    0x38, 0x70, 0xE1, 0xC3, 0xCE, 0x07, 0x38, 0x1C, 0xC0, 0x3F, 0x00, 0xFC, 0x03, 0xE0, 0x07, 0x80,
    0x1E, 0x00, 0x70, 0x01, 0xC0, 0x0E, 0x00, 0xF8, 0x07, 0xC0, 0x0C, 0x00, 0x0C, 0x70, 0x3C, 0xE0,
    0x39, 0xC0, 0x21, 0x00, 0x00, 0x0C, 0x00, 0xFC, 0x03, 0xB8, 0x0F, 0x78, 0x1C, 0x70, 0x38, 0xF0,
    0xE0, 0xE1, 0xC1, 0xC7, 0x81, 0xCE, 0x03, 0x9C, 0x03, 0xF0, 0x07, 0xE0, 0x0F, 0xC0, 0x0F, 0x00,
    0x1E, 0x00, 0x38, 0x00, 0xF0, 0x07, 0xC0, 0x0F, 0x00, 0x1C, 0xE0, 0x73, 0x81, 0xCE, 0x02, 0x10,
    0x00, 0x03, 0x80, 0xE7, 0x03, 0x9C, 0x0E, 0x70, 0x70, 0xE1, 0xC3, 0x87, 0x0F, 0x38, 0x1C, 0xE0,
    0x73, 0x00, 0xFC, 0x03, 0xF0, 0x0F, 0x80, 0x1E, 0x00, 0x78, 0x01, 0xC0, 0x07, 0x00, 0x38, 0x03,
    0xE0, 0x1F, 0x00, 0x30, 0x00, 0x07, 0x70, 0x0C, 0xE0, 0x3B, 0x80, 0x66, 0x00, 0x00, 0x0C, 0x00,
    0xFC, 0x03, 0xB8, 0x0F, 0x78, 0x1C, 0x70, 0x38, 0xF0, 0xE0, 0xE1, 0xC1, 0xC7, 0x81, 0xCE, 0x03,
    0x9C, 0x03, 0xF0, 0x07, 0xE0, 0x0F, 0xC0, 0x0F, 0x00, 0x1E, 0x00, 0x38, 0x00, 0xF0, 0x07, 0xC0,
    0x0F, 0x00, 0x0E, 0xF0, 0x3B, 0x81, 0xDC, 0x06, 0x60, 0x00, 0x03, 0x80, 0xE7, 0x03, 0x9C, 0x0E,
    0x70, 0x70, 0xE1, 0xC3, 0x87, 0x0F, 0x38, 0x1C, 0xE0, 0x73, 0x00, 0xFC, 0x03, 0xF0, 0x0F, 0x80,
    0x1E, 0x00, 0x78, 0x01, 0xC0, 0x07, 0x00, 0x38, 0x03, 0xE0, 0x1F, 0x00, 0x30, 0x00, 0x0C, 0x60,
    0x3D, 0xE0, 0x7B, 0xC0, 0x41, 0x00, 0x00, 0x0C, 0x01, 0xBC, 0x03, 0xF8, 0x07, 0xF0, 0x0F, 0xE0,
    0x1F, 0xC0, 0x3F, 0x80, 0x77, 0x00, 0xEE, 0x03, 0xDE, 0x1F, 0x9F, 0xFF, 0x1F, 0xFE, 0x06, 0x1C,
    0x00, 0x38, 0x00, 0x70, 0x00, 0xE0, 0x01, 0xC0, 0x03, 0x80, 0x07, 0x39, 0xC3, 0x9C, 0x39, 0xC1,
    0x08, 0x00, 0x06, 0x07, 0xE0, 0x7E, 0x07, 0xE0, 0x7E, 0x07, 0x60, 0x77, 0x07, 0x7F, 0xF3, 0xFF,
    0x1F, 0xF0, 0x07, 0x00, 0x70, 0x07, 0x00, 0x70, 0xFF, 0xEF, 0xFF, 0xFF, 0xFE, 0x00, 0xE0, 0x0E,
    0x00, 0xE0, 0x0E, 0x00, 0xE0, 0x0E, 0x00, 0xE0, 0x0E, 0x00, 0xE0, 0x0E, 0x00, 0xE0, 0x0E, 0x00,
    0xE0, 0x0F, 0x80, 0xF8, 0x03, 0x80, 0x38, 0x03, 0x80, 0x38, 0x00, 0x7F, 0xFF, 0xFF, 0xFF, 0x80,
    0xE0, 0x38, 0x0E, 0x03, 0x80, 0xE0, 0x38, 0x0E, 0x03, 0x80, 0xF8, 0x3E, 0x03, 0x80, 0xE0, 0x38,
    0x0E, 0x00, 0x06, 0x30, 0x03, 0xDE, 0x00, 0xF7, 0x80, 0x10, 0x40, 0x00, 0x00, 0x30, 0x00, 0x6E,
    0x00, 0x1F, 0x80, 0x07, 0xE0, 0x01, 0xF8, 0x00, 0x7E, 0x00, 0x1F, 0x80, 0x07, 0xE0, 0x01, 0xFF,
    0xF0, 0x7F, 0xFF, 0x1F, 0x83, 0xE7, 0xE0, 0x39, 0xF8, 0x0E, 0x7E, 0x03, 0x9F, 0x80, 0xE7, 0xE0,
    0x39, 0xF8, 0x3C, 0x7F, 0xFF, 0x1F, 0xFF, 0x07, 0x0E, 0x70, 0x0E, 0x70, 0x0E, 0x70, 0x04, 0x20,
    0x00, 0x00, 0x60, 0x07, 0xE0, 0x07, 0xE0, 0x07, 0xE0, 0x07, 0xE0, 0x07, 0xFF, 0x87, 0xFF, 0xE7,
    0xFF, 0xE7, 0xE0, 0x77, 0xE0, 0x77, 0xE0, 0x77, 0xE1, 0xF7, 0xFF, 0xE7, 0xFF, 0xC7, 0x1F, 0xF8,
    0xFF, 0xF3, 0xFF, 0xCE, 0x00, 0x38, 0x00, 0xE0, 0x03, 0x80, 0x0E, 0x00, 0x38, 0x03, 0xFF, 0x0F,
    0xFC, 0x0E, 0x00, 0x38, 0x00, 0xE0, 0x03, 0x80, 0x0E, 0x00, 0x38, 0x00, 0xF8, 0x03, 0xE0, 0x03,
    0x80, 0x0E, 0x00, 0x38, 0x07, 0xE0, 0x1F, 0x00, 0x30, 0x00, 0x3F, 0xEF, 0xFD, 0xFF, 0xB8, 0x07,
    0x00, 0xE0, 0x3F, 0xC7, 0xF8, 0x70, 0x0E, 0x01, 0xC0, 0x38, 0x07, 0xC0, 0xF8, 0x03, 0x00, 0x60,
    0x1C, 0x0F, 0x81, 0xE0, 0x30, 0x00, 0x70, 0x07, 0x1E, 0x03, 0xC3, 0x80, 0xE0, 0xF0, 0x70, 0x1E,
    0x3C, 0x03, 0x8E, 0x00, 0xF7, 0x00, 0x1F, 0xC0, 0x03, 0xE0, 0x00, 0x70, 0x00, 0x3E, 0x00, 0x1F,
    0xC0, 0x07, 0x70, 0x03, 0x9E, 0x01, 0xE3, 0xC0, 0x70, 0x70, 0x38, 0x1E, 0x1E, 0x03, 0xF7, 0x00,
    0x7C, 0x00, 0x07, 0x00, 0x01, 0xC0, 0x00, 0x70, 0x00, 0xF8, 0x00, 0x3E, 0x00, 0x04, 0x00, 0x70,
    0x73, 0x83, 0x8E, 0x38, 0x73, 0xC1, 0xDC, 0x0F, 0xC0, 0x3E, 0x01, 0xE0, 0x0F, 0x80, 0xFE, 0x07,
    0x70, 0x71, 0xC7, 0x8E, 0x38, 0x38, 0x01, 0xC0, 0x0E, 0x00, 0x70, 0x1F, 0x80, 0xF8, 0x03, 0x00,
    0x70, 0x07, 0x3C, 0x07, 0x8E, 0x03, 0x87, 0x83, 0x81, 0xE3, 0xC0, 0x71, 0xC0, 0x3D, 0xC0, 0x0F,
    0xE0, 0x3F, 0xFE, 0x1F, 0xFF, 0x0F, 0xFF, 0x80, 0xFE, 0x00, 0x77, 0x00, 0x73, 0xC0, 0x78, 0xF0,
    0x38, 0x38, 0x38, 0x1E, 0x3C, 0x07, 0x9C, 0x01, 0xC0, 0x70, 0x3B, 0xC3, 0x8E, 0x3C, 0x39, 0xC1,
    0xDC, 0x07, 0xE1, 0xFF, 0xCF, 0xFE, 0x0F, 0x80, 0xFE, 0x07, 0x78, 0x71, 0xC7, 0x87, 0x38, 0x3C,
    0x78, 0x0E, 0x78, 0x1C, 0x78, 0x38, 0x70, 0x70, 0x71, 0xC1, 0xF3, 0x87, 0xFF, 0x1C, 0xFC, 0x38,
    0xE0, 0xE1, 0xE1, 0xC1, 0xC3, 0x81, 0xC7, 0x03, 0xCE, 0x03, 0x9C, 0x03, 0x80, 0x7F, 0x87, 0xFE,
    0x00, 0x78, 0x01, 0xC0, 0x0E, 0x00, 0x70, 0x03, 0x80, 0x1C, 0x00, 0xE0, 0x07, 0x00, 0x38, 0x01,
    0xC0, 0x0E, 0x7F, 0xFF, 0xFF, 0xE0, 0x3E, 0x1F, 0x83, 0xC0, 0xE0, 0x70, 0x38, 0x1C, 0x0E, 0x07,
    0x03, 0x81, 0xC1, 0xE3, 0xFF, 0xDF, 0xCE, 0x00, 0x7F, 0xFB, 0xFF, 0xC0, 0x38, 0x01, 0xC0, 0x0E,
    0x00, 0x70, 0x03, 0x80, 0x1C, 0x00, 0xE0, 0x07, 0x00, 0x38, 0x01, 0xC0, 0x0E, 0x00, 0x70, 0x03,
    0x80, 0xFF, 0xE7, 0xFF, 0x80, 0x1E, 0x00, 0x70, 0x03, 0x80, 0x1D, 0x80, 0xFC, 0x07, 0xE0, 0x3F,
    0x01, 0xF8, 0x0F, 0xC0, 0x7E, 0x03, 0xF0, 0x1F, 0x80, 0xE0, 0x7D, 0xF1, 0xC7, 0x1C, 0x71, 0xC7,
    0x1C, 0x71, 0xC7, 0x1C, 0x71, 0xC0, 0xFF, 0xFC, 0xF1, 0x87, 0x0E, 0x1C, 0x38, 0x70, 0xE1, 0xC3,
    0x87, 0x0F, 0x0E, 0x00, 0xFF, 0xF3, 0xFF, 0xE3, 0x03, 0xDC, 0x07, 0x70, 0x1D, 0xC0, 0x77, 0x01,
    0xDC, 0x07, 0x70, 0x1D, 0xC0, 0x77, 0x01, 0xDC, 0x07, 0x70, 0x1D, 0xC0, 0x77, 0x01, 0xC0, 0xE3,
    0xF3, 0x8F, 0xEE, 0x07, 0xB8, 0x0F, 0xE0, 0x1F, 0x80, 0x7E, 0x01, 0xF8, 0x07, 0xE0, 0x1F, 0x80,
    0x77, 0x03, 0x9C, 0x0E, 0x7C, 0xF8, 0xFF, 0xC1, 0xFC, 0x00, 0x7D, 0xF1, 0xC7, 0x1C, 0x71, 0xC7,
    0x1C, 0xFF, 0x9F, 0xF8, 0x07, 0x80, 0x70, 0x0E, 0x01, 0xC0, 0x38, 0x07, 0x00, 0xE0, 0x1C, 0x03,
    0x80, 0x70, 0x0E, 0x01, 0xC0, 0x38, 0x07, 0x00, 0xE0, 0x1C, 0x03, 0x80, 0x70, 0xFF, 0x1F, 0xF0,
    0x0F, 0x00, 0xE0, 0x0E, 0x01, 0xC0, 0x38, 0x07, 0x00, 0xE0, 0x1C, 0x03, 0x80, 0xE0, 0x3D, 0xFF,
    0x3F, 0xC0, 0x00, 0x07, 0x80, 0x3C, 0x01, 0xE0, 0x0F, 0x00, 0x7F, 0xFB, 0xFF, 0xC0, 0x0E, 0x00,
    0x70, 0x07, 0x00, 0x38, 0x01, 0xC0, 0x1C, 0x00, 0xE0, 0x07, 0x00, 0x70, 0x03, 0x80, 0x1C, 0x01,
    0xC0, 0x0E, 0x00, 0xFF, 0xF9, 0xFF, 0xF8, 0xE0, 0xF3, 0x80, 0xF7, 0x00, 0xEE, 0x01, 0xDC, 0x03,
    0xB8, 0x07, 0x70, 0x0E, 0xE0, 0x1D, 0xC0, 0x3B, 0x80, 0x77, 0x00, 0xEF, 0xFF, 0xDF, 0xFF, 0x80,
    0xE3, 0xF1, 0xCF, 0xF1, 0xF8, 0xF3, 0xE0, 0xE7, 0x81, 0xE7, 0x01, 0xCE, 0x03, 0x9C, 0x07, 0x70,
    0x0E, 0xE0, 0x1D, 0xC0, 0x73, 0x80, 0xE7, 0x07, 0xDE, 0xFF, 0x39, 0xFC, 0x00, 0xFF, 0xCE, 0x73,
    0x9C, 0xE7, 0x39, 0xCE, 0x73, 0x9C, 0xE7, 0x39, 0xCE, 0x70, 0x7C, 0xFC, 0x78, 0x70, 0xE1, 0xC3,
    0x87, 0x0E, 0x1C, 0x38, 0x70, 0xFF, 0xFF, 0x80, 0xFF, 0xF3, 0xFF, 0xE3, 0x87, 0x9C, 0x07, 0x70,
    0x1D, 0xC0, 0x77, 0x01, 0xDC, 0x07, 0x70, 0x1D, 0xC0, 0x77, 0x01, 0xDE, 0x0E, 0x3C, 0x78, 0xFF,
    0xC0, 0xFE, 0x00, 0x00, 0x01, 0xC0, 0x73, 0x81, 0xCE, 0x07, 0x38, 0x1C, 0xE0, 0x71, 0xC1, 0xC7,
    0x0F, 0x1C, 0x38, 0x70, 0xE1, 0xE3, 0x83, 0x9C, 0x0E, 0xF0, 0x3F, 0x87, 0xFC, 0x1F, 0xC0, 0x70,
    0x00, 0x3F, 0xC3, 0xFF, 0x1E, 0x7D, 0xC0, 0xEE, 0x07, 0xF0, 0x1F, 0x80, 0xFE, 0x07, 0x7C, 0x39,
    0xE1, 0xC0, 0x0E, 0x00, 0x70, 0x03, 0x80, 0x1C, 0x00, 0xE0, 0x07, 0x00, 0x38, 0x01, 0xC0, 0x0E,
    0x00, 0x70, 0x1F, 0xC3, 0xFF, 0x1E, 0x3D, 0xC0, 0xEE, 0x03, 0xF0, 0x1F, 0x80, 0xEF, 0x07, 0x7C,
    0x39, 0xE1, 0xC0, 0x1E, 0x00, 0xE0, 0x1F, 0x7F, 0xF3, 0xFE, 0x00, 0x70, 0x73, 0x83, 0x9E, 0x1C,
    0x70, 0xE3, 0x87, 0x0E, 0x70, 0x73, 0x83, 0xF8, 0x0F, 0xC0, 0x7C, 0x01, 0xC0, 0x0E, 0x00, 0x70,
    0x03, 0xC0, 0x0E, 0x00, 0x70, 0x03, 0x80, 0x1E, 0x00, 0x70, 0x03, 0x80, 0xF0, 0x77, 0x07, 0x78,
    0x73, 0x87, 0x3C, 0xE1, 0xCE, 0x0F, 0xE0, 0xFC, 0x07, 0x80, 0x38, 0x03, 0xC0, 0x1C, 0x00, 0xEF,
    0xFE, 0xFF, 0xE0, 0xFF, 0xFF, 0xFF, 0xF0, 0x01, 0xC0, 0x0E, 0x00, 0x39, 0xC0, 0xE7, 0x07, 0x1C,
    0x1C, 0x70, 0x71, 0xC1, 0xC7, 0x0E, 0x1C, 0x38, 0x70, 0xE1, 0xC7, 0x07, 0x1C, 0x1C, 0x00, 0x70,
    0x01, 0xC0, 0x07, 0x00, 0x1C, 0x00, 0xFF, 0x9F, 0xF8, 0x0F, 0x00, 0xE0, 0x1E, 0x01, 0xC0, 0x38,
    0x07, 0x00, 0xE0, 0x1C, 0x03, 0x80, 0x70, 0x0E, 0x01, 0xC0, 0x38, 0xE1, 0xC7, 0xE1, 0xC7, 0xE1,
    0xC7, 0xE3, 0xC7, 0xE3, 0x87, 0xE3, 0x87, 0xEF, 0x87, 0xFF, 0x07, 0xFE, 0x07, 0x70, 0x07, 0x70,
    0x0E, 0x78, 0x1E, 0x3C, 0x3C, 0x1F, 0xF8, 0x0F, 0xF0, 0x7F, 0xFC, 0x7F, 0xFE, 0x1C, 0x1E, 0x1C,
    0x0F, 0x1C, 0x07, 0x1C, 0x07, 0x1C, 0x07, 0x1C, 0x07, 0x1C, 0x07, 0x1C, 0x07, 0x1C, 0x07, 0x1C,
    0x07, 0x1C, 0x07, 0x7C, 0x07, 0x78, 0x07, 0x67, 0xEE, 0xFF, 0x00, 0x19, 0xCE, 0x77, 0x39, 0xC0,
    0x00, 0x1D, 0xE7, 0x30, 0x00, 0x07, 0xF9, 0xFF, 0x78, 0x6E, 0x01, 0xC0, 0x38, 0x07, 0x80, 0x78,
    0x07, 0x80, 0x78, 0x07, 0x00, 0x60, 0x0C, 0x00, 0x00, 0x00, 0x0F, 0x01, 0xE0, 0x3C, 0x03, 0x00,
    0x1F, 0x0F, 0xC7, 0xA1, 0xC0, 0x70, 0x1C, 0x03, 0xF8, 0x7F, 0xFF, 0x3F, 0x04, 0x00, 0xFF, 0xFF,
    0xFC, 0x03, 0x3C, 0xE2, 0x00, 0x07, 0x39, 0xCE, 0x31, 0xCE, 0x73, 0x9C, 0xE7, 0x18, 0xC7, 0x39,
    0xC0, 0x00, 0x1C, 0x1B, 0x83, 0x70, 0xEF, 0xFC, 0xFF, 0x1F, 0x03, 0x80, 0x70, 0x0E, 0x01, 0xC0,
    0x38, 0x07, 0x00, 0x60, 0x0E, 0x01, 0xC0, 0x38, 0x07, 0x00, 0x00, 0x00, 0x00, 0x01, 0x86, 0x67,
    0x19, 0xDC, 0x67, 0x73, 0x9D, 0xFF, 0xF3, 0xFF, 0x8F, 0x98, 0x38, 0x00, 0xE0, 0x03, 0x80, 0x0E,
    0x00, 0x38, 0x00, 0xE0, 0x03, 0x80, 0x06, 0x00, 0x18, 0x00, 0x60, 0x00, 0x00, 0x00, 0x00, 0x01,
    0xC0, 0xF8, 0x3E, 0x0F, 0x01, 0xC0, 0x30, 0x07, 0x00, 0xFE, 0x0F, 0xC1, 0xF0, 0x38, 0x0E, 0x01,
    0xC0, 0x38, 0x07, 0x86, 0xFF, 0xEF, 0xF8, 0x00, 0x00, 0x1F, 0x07, 0xF1, 0xFE, 0x70, 0xEE, 0x1D,
    0xC1, 0xB8, 0x3F, 0x07, 0xE0, 0xDC, 0x3B, 0xCF, 0x3F, 0xC3, 0xF8, 0x00, 0x00, 0x00, 0x07, 0xFC,
    0x7F, 0xC7, 0xFC, 0x00, 0xC0, 0x0C, 0x00, 0xC0, 0x0C, 0x00, 0xE0, 0x0E, 0x00, 0xE0, 0x0E, 0x00,
    0xE0, 0x0E, 0x00, 0x60, 0x06, 0x00, 0x70, 0x07, 0x00, 0x00, 0x00, 0x03, 0x80, 0x7F, 0x01, 0xDC,
    0x0E, 0x70, 0x38, 0xE0, 0xE3, 0x87, 0x0E, 0x1C, 0x1C, 0x60, 0x73, 0x81, 0xCE, 0x03, 0xB0, 0x0F,
    0xC0, 0x3F, 0x00, 0x78, 0x01, 0xE0, 0x07, 0x80, 0x0C, 0x00, 0x20, 0x00, 0x00, 0x00, 0x0E, 0x00,
    0x38, 0x01, 0xE0, 0x07, 0xC0, 0x1F, 0x00, 0xFC, 0x03, 0xF8, 0x0E, 0xE0, 0x73, 0x81, 0xCF, 0x06,
    0x1C, 0x38, 0x70, 0xE0, 0xE7, 0x03, 0x9C, 0x0E, 0xF0, 0x1F, 0x80, 0x70, 0x00, 0x80, 0x3E, 0x0F,
    0xE3, 0xDC, 0x71, 0xCC, 0x39, 0xC7, 0x3C, 0xE3, 0xFC, 0x3F, 0x80, 0x30, 0x07, 0x00, 0xE0, 0x1C,
    0x03, 0x80, 0x70, 0x06, 0x00, 0xC0, 0x00, 0x00, 0x0E, 0x00, 0x0E, 0x00, 0x0E, 0x20, 0x07, 0x70,
    0x07, 0x70, 0x07, 0x60, 0x07, 0xE0, 0x07, 0xE0, 0x07, 0x70, 0x07, 0x78, 0x1E, 0x7F, 0xFC, 0x3F,
    0xF8, 0x0F, 0xF0, 0xFF, 0xF0, 0x03, 0x3C, 0xE2, 0x00, 0x07, 0x39, 0xCE, 0x31, 0xCE, 0x73, 0x9C,
    0xE7, 0x18, 0xC7, 0x39, 0xC0, 0x00, 0x1C, 0x1B, 0x83, 0x70, 0xEF, 0xFC, 0xFF, 0x1F, 0x03, 0x80,
    0x70, 0x0E, 0x01, 0xC0, 0x38, 0x07, 0x00, 0x60, 0x0E, 0x01, 0xC0, 0x38, 0x07, 0x00, 0x00, 0x00,
    0x00, 0x01, 0x86, 0x67, 0x19, 0xDC, 0x67, 0x73, 0x9D, 0xFF, 0xF3, 0xFF, 0x8F, 0x98, 0x38, 0x00,
    0xE0, 0x03, 0x80, 0x0E, 0x00, 0x38, 0x00, 0xE0, 0x03, 0x80, 0x06, 0x00, 0x18, 0x00, 0x60, 0x00,
    0x00, 0x00, 0xE7, 0x9D, 0xF3, 0xB8, 0x77, 0x0F, 0xFC, 0xFF, 0xDF, 0xE3, 0x80, 0x70, 0x0E, 0x01,
    0xC0, 0x38, 0x03, 0x00, 0x60, 0x0C, 0x01, 0xC0, 0x38, 0x00, 0x06, 0x00, 0xF0, 0x07, 0x00, 0xF8,
    0x1F, 0x81, 0xDC, 0x39, 0xC3, 0x8E, 0x70, 0xE7, 0x06, 0x60, 0x76, 0x07, 0x60, 0x76, 0x67, 0x76,
    0x67, 0xFE, 0x3F, 0xC0, 0x1F, 0x8F, 0xE3, 0x91, 0xC0, 0x70, 0x1C, 0x03, 0x88, 0xFF, 0x1F, 0x83,
    0xC1, 0xE0, 0x70, 0x38, 0x0E, 0x07, 0x01, 0xC0, 0xE0, 0x00, 0x00, 0x00, 0x03, 0x80, 0x7F, 0x01,
    0xDC, 0x0E, 0x70, 0x38, 0xE0, 0xE3, 0x87, 0x0E, 0x1C, 0x1C, 0x60, 0x73, 0x81, 0xCE, 0x03, 0xB0,
    0x0F, 0xC0, 0x3F, 0x00, 0x78, 0x01, 0xE0, 0x07, 0x80, 0x0C, 0x00, 0x20, 0x00, 0x00, 0x00, 0x0E,
    0x00, 0x38, 0x01, 0xE0, 0x07, 0xC0, 0x1F, 0x00, 0xFC, 0x03, 0xF8, 0x0E, 0xE0, 0x73, 0x81, 0xCF,
    0x06, 0x1C, 0x38, 0x70, 0xE0, 0xE7, 0x03, 0x9C, 0x0E, 0xF0, 0x1F, 0x80, 0x70, 0x00, 0x80, 0x3E,
    0x0F, 0xE3, 0xDC, 0x71, 0xCC, 0x39, 0xC7, 0x3C, 0xE3, 0xFC, 0x3F, 0x80, 0x30, 0x07, 0x00, 0xE0,
    0x1C, 0x03, 0x80, 0x70, 0x06, 0x00, 0xC0, 0x00, 0x01, 0xC0, 0x00, 0xE0, 0x00, 0xF8, 0x00, 0x7C,
    0x00, 0x77, 0x00, 0x3B, 0x80, 0x1D, 0xC0, 0x1C, 0x70, 0x0E, 0x38, 0x07, 0x1C, 0x07, 0x07, 0x03,
    0x83, 0x81, 0xFF, 0xC1, 0xFF, 0xF0, 0xE0, 0x38, 0xF0, 0x1E, 0x70, 0x07, 0x38, 0x03, 0xBC, 0x00,
    0xE0, 0x00, 0x00, 0x00, 0x00, 0x0E, 0x00, 0x07, 0x00, 0x03, 0x80, 0x00, 0x80, 0x00, 0x1F, 0x8F,
    0xF9, 0xFF, 0xF0, 0x72, 0x0E, 0x01, 0xCF, 0xFB, 0xFF, 0xF8, 0xFC, 0x1F, 0x83, 0xF0, 0xFF, 0xFE,
    0xFF, 0xC7, 0x00, 0x00, 0x0E, 0x01, 0xE0, 0x38, 0x02, 0x00, 0x03, 0xC0, 0x01, 0xF0, 0x00, 0x30,
    0x00, 0x38, 0x00, 0x00, 0x00, 0x0E, 0x00, 0x07, 0x00, 0x07, 0xC0, 0x03, 0xE0, 0x03, 0xB8, 0x01,
    0xDC, 0x00, 0xEE, 0x00, 0xE3, 0x80, 0x71, 0xC0, 0x38, 0xE0, 0x38, 0x38, 0x1C, 0x1C, 0x0F, 0xFE,
    0x0F, 0xFF, 0x87, 0x01, 0xC7, 0x80, 0xF3, 0x80, 0x39, 0xC0, 0x1D, 0xE0, 0x07, 0x1E, 0x03, 0xE0,
    0x1C, 0x03, 0x00, 0x00, 0x3F, 0x1F, 0xF3, 0xFF, 0xE0, 0xE4, 0x1C, 0x03, 0x9F, 0xF7, 0xFF, 0xF1,
    0xF8, 0x3F, 0x07, 0xE1, 0xFF, 0xFD, 0xFF, 0x8E, 0x00, 0x00, 0x1C, 0x00, 0x0E, 0x00, 0x0E, 0x00,
    0x07, 0x00, 0x1C, 0x00, 0x1F, 0x00, 0x1D, 0xC0, 0x0E, 0x70, 0x00, 0x00, 0x00, 0xE0, 0x00, 0x70,
    0x00, 0x7C, 0x00, 0x3E, 0x00, 0x3B, 0x80, 0x1D, 0xC0, 0x0E, 0xE0, 0x0E, 0x38, 0x07, 0x1C, 0x03,
    0x8E, 0x03, 0x83, 0x81, 0xC1, 0xC0, 0xFF, 0xE0, 0xFF, 0xF8, 0x70, 0x1C, 0x78, 0x0F, 0x38, 0x03,
    0x9C, 0x01, 0xDE, 0x00, 0x70, 0x00, 0x70, 0x0E, 0x00, 0xC0, 0x1C, 0x0E, 0x01, 0xF0, 0x1F, 0x83,
    0x9C, 0x00, 0x01, 0xF8, 0x7F, 0xC7, 0xFE, 0xE0, 0xE2, 0x0E, 0x00, 0xE3, 0xFE, 0x7F, 0xEF, 0x8E,
    0xE0, 0xEE, 0x0E, 0xE1, 0xEF, 0xFE, 0x7F, 0xE1, 0xC0, 0x00, 0xE0, 0x00, 0x38, 0x00, 0x0C, 0x00,
    0x07, 0x00, 0x1C, 0x00, 0x1F, 0x00, 0x1D, 0xC0, 0x0E, 0x70, 0x00, 0x00, 0x00, 0xE0, 0x00, 0x70,
    0x00, 0x7C, 0x00, 0x3E, 0x00, 0x3B, 0x80, 0x1D, 0xC0, 0x0E, 0xE0, 0x0E, 0x38, 0x07, 0x1C, 0x03,
    0x8E, 0x03, 0x83, 0x81, 0xC1, 0xC0, 0xFF, 0xE0, 0xFF, 0xF8, 0x70, 0x1C, 0x78, 0x0F, 0x38, 0x03,
    0x9C, 0x01, 0xDE, 0x00, 0x70, 0x03, 0x80, 0x70, 0x07, 0x00, 0x60, 0xE0, 0x3E, 0x07, 0xE1, 0xCE,
    0x00, 0x03, 0xF1, 0xFF, 0x3F, 0xFE, 0x0E, 0x41, 0xC0, 0x39, 0xFF, 0x7F, 0xFF, 0x1F, 0x83, 0xF0,
    0x7E, 0x1F, 0xFF, 0xDF, 0xF8, 0xE0, 0x00, 0x78, 0x00, 0x3C, 0x00, 0x0E, 0x00, 0x06, 0x00, 0x1C,
    0x00, 0x1F, 0x00, 0x1D, 0xC0, 0x0E, 0x70, 0x00, 0x00, 0x00, 0xE0, 0x00, 0x70, 0x00, 0x7C, 0x00,
    0x3E, 0x00, 0x3B, 0x80, 0x1D, 0xC0, 0x0E, 0xE0, 0x0E, 0x38, 0x07, 0x1C, 0x03, 0x8E, 0x03, 0x83,
    0x81, 0xC1, 0xC0, 0xFF, 0xE0, 0xFF, 0xF8, 0x70, 0x1C, 0x78, 0x0F, 0x38, 0x03, 0x9C, 0x01, 0xDE,
    0x00, 0x70, 0x03, 0xC0, 0x78, 0x03, 0x00, 0xE0, 0xE0, 0x3E, 0x07, 0xE1, 0xCE, 0x00, 0x03, 0xF1,
    0xFF, 0x3F, 0xFE, 0x0E, 0x41, 0xC0, 0x39, 0xFF, 0x7F, 0xFF, 0x1F, 0x83, 0xF0, 0x7E, 0x1F, 0xFF,
    0xDF, 0xF8, 0xE0, 0x03, 0x10, 0x03, 0xF8, 0x01, 0xFC, 0x00, 0x8C, 0x00, 0x1C, 0x00, 0x1F, 0x00,
    0x1D, 0xC0, 0x0E, 0x70, 0x00, 0x00, 0x00, 0xE0, 0x00, 0x70, 0x00, 0x7C, 0x00, 0x3E, 0x00, 0x3B,
    0x80, 0x1D, 0xC0, 0x0E, 0xE0, 0x0E, 0x38, 0x07, 0x1C, 0x03, 0x8E, 0x03, 0x83, 0x81, 0xC1, 0xC0,
    0xFF, 0xE0, 0xFF, 0xF8, 0x70, 0x1C, 0x78, 0x0F, 0x38, 0x03, 0x9C, 0x01, 0xDE, 0x00, 0x70, 0x18,
    0x87, 0xF8, 0xFE, 0x18, 0x80, 0xE0, 0x3E, 0x07, 0xE1, 0xCE, 0x00, 0x03, 0xF1, 0xFF, 0x3F, 0xFE,
    0x0E, 0x41, 0xC0, 0x39, 0xFF, 0x7F, 0xFF, 0x1F, 0x83, 0xF0, 0x7E, 0x1F, 0xFF, 0xDF, 0xF8, 0xE0,
    0x01, 0xC0, 0x01, 0xF0, 0x01, 0xDC, 0x00, 0xC7, 0x00, 0x00, 0x00, 0x0E, 0x00, 0x07, 0x00, 0x07,
    0xC0, 0x03, 0xE0, 0x03, 0xB8, 0x01, 0xDC, 0x00, 0xEE, 0x00, 0xE3, 0x80, 0x71, 0xC0, 0x38, 0xE0,
    0x38, 0x38, 0x1C, 0x1C, 0x0F, 0xFE, 0x0F, 0xFF, 0x87, 0x01, 0xC7, 0x80, 0xF3, 0x80, 0x39, 0xC0,
    0x1D, 0xE0, 0x07, 0x00, 0x00, 0x00, 0x00, 0x00, 0x70, 0x00, 0x38, 0x00, 0x1C, 0x00, 0x04, 0x00,
    0x0F, 0x03, 0xE0, 0xEE, 0x18, 0xE0, 0x00, 0x3F, 0x1F, 0xF3, 0xFF, 0xE0, 0xE4, 0x1C, 0x03, 0x9F,
    0xF7, 0xFF, 0xF1, 0xF8, 0x3F, 0x07, 0xE1, 0xFF, 0xFD, 0xFF, 0x8E, 0x00, 0x00, 0x1C, 0x03, 0xC0,
    0x70, 0x04, 0x00, 0x00, 0x70, 0x00, 0x70, 0x00, 0x38, 0x00, 0x18, 0x00, 0x63, 0x00, 0x31, 0x80,
    0x1F, 0xC0, 0x07, 0xC0, 0x00, 0x00, 0x00, 0xE0, 0x00, 0x70, 0x00, 0x7C, 0x00, 0x3E, 0x00, 0x3B,
    0x80, 0x1D, 0xC0, 0x0E, 0xE0, 0x0E, 0x38, 0x07, 0x1C, 0x03, 0x8E, 0x03, 0x83, 0x81, 0xC1, 0xC0,
    0xFF, 0xE0, 0xFF, 0xF8, 0x70, 0x1C, 0x78, 0x0F, 0x38, 0x03, 0x9C, 0x01, 0xDE, 0x00, 0x70, 0x03,
    0x80, 0x70, 0x1C, 0x03, 0x03, 0x1C, 0x73, 0x8F, 0xE0, 0xF8, 0x00, 0x03, 0xF1, 0xFF, 0x3F, 0xFE,
    0x0E, 0x41, 0xC0, 0x39, 0xFF, 0x7F, 0xFF, 0x1F, 0x83, 0xF0, 0x7E, 0x1F, 0xFF, 0xDF, 0xF8, 0xE0,
    0x07, 0x00, 0x01, 0xC0, 0x00, 0xE0, 0x00, 0x38, 0x00, 0x63, 0x00, 0x31, 0x80, 0x1F, 0xC0, 0x07,
    0xC0, 0x00, 0x00, 0x00, 0xE0, 0x00, 0x70, 0x00, 0x7C, 0x00, 0x3E, 0x00, 0x3B, 0x80, 0x1D, 0xC0,
    0x0E, 0xE0, 0x0E, 0x38, 0x07, 0x1C, 0x03, 0x8E, 0x03, 0x83, 0x81, 0xC1, 0xC0, 0xFF, 0xE0, 0xFF,
    0xF8, 0x70, 0x1C, 0x78, 0x0F, 0x38, 0x03, 0x9C, 0x01, 0xDE, 0x00, 0x70, 0x38, 0x03, 0x80, 0x30,
    0x07, 0x03, 0x18, 0x63, 0x0F, 0xE0, 0xF8, 0x00, 0x03, 0xF1, 0xFF, 0x3F, 0xFE, 0x0E, 0x41, 0xC0,
    0x39, 0xFF, 0x7F, 0xFF, 0x1F, 0x83, 0xF0, 0x7E, 0x1F, 0xFF, 0xDF, 0xF8, 0xE0, 0x03, 0xC0, 0x01,
    0xF0, 0x00, 0x38, 0x00, 0x18, 0x00, 0x63, 0x00, 0x31, 0x80, 0x1F, 0xC0, 0x07, 0xC0, 0x00, 0x00,
    0x00, 0xE0, 0x00, 0x70, 0x00, 0x7C, 0x00, 0x3E, 0x00, 0x3B, 0x80, 0x1D, 0xC0, 0x0E, 0xE0, 0x0E,
    0x38, 0x07, 0x1C, 0x03, 0x8E, 0x03, 0x83, 0x81, 0xC1, 0xC0, 0xFF, 0xE0, 0xFF, 0xF8, 0x70, 0x1C,
    0x78, 0x0F, 0x38, 0x03, 0x9C, 0x01, 0xDE, 0x00, 0x70, 0x1E, 0x03, 0xE0, 0x1C, 0x03, 0x03, 0x1C,
    0x73, 0x8F, 0xE0, 0xF8, 0x00, 0x03, 0xF1, 0xFF, 0x3F, 0xFE, 0x0E, 0x41, 0xC0, 0x39, 0xFF, 0x7F,
    0xFF, 0x1F, 0x83, 0xF0, 0x7E, 0x1F, 0xFF, 0xDF, 0xF8, 0xE0, 0x03, 0x10, 0x03, 0xF8, 0x01, 0xFC,
    0x00, 0xCC, 0x00, 0x63, 0x00, 0x31, 0x80, 0x1F, 0xC0, 0x07, 0xC0, 0x00, 0x00, 0x00, 0xE0, 0x00,
    0x70, 0x00, 0x7C, 0x00, 0x3E, 0x00, 0x3B, 0x80, 0x1D, 0xC0, 0x0E, 0xE0, 0x0E, 0x38, 0x07, 0x1C,
    0x03, 0x8E, 0x03, 0x83, 0x81, 0xC1, 0xC0, 0xFF, 0xE0, 0xFF, 0xF8, 0x70, 0x1C, 0x78, 0x0F, 0x38,
    0x03, 0x9C, 0x01, 0xDE, 0x00, 0x70, 0x18, 0x87, 0xF8, 0xFE, 0x18, 0x83, 0x18, 0x73, 0x0F, 0xE0,
    0xF8, 0x00, 0x03, 0xF1, 0xFF, 0x3F, 0xFE, 0x0E, 0x41, 0xC0, 0x39, 0xFF, 0x7F, 0xFF, 0x1F, 0x83,
    0xF0, 0x7E, 0x1F, 0xFF, 0xDF, 0xF8, 0xE0, 0x06, 0x30, 0x03, 0xB8, 0x01, 0xFC, 0x00, 0x38, 0x00,
    0x00, 0x00, 0x0E, 0x00, 0x07, 0x00, 0x07, 0xC0, 0x03, 0xE0, 0x03, 0xB8, 0x01, 0xDC, 0x00, 0xEE,
    0x00, 0xE3, 0x80, 0x71, 0xC0, 0x38, 0xE0, 0x38, 0x38, 0x1C, 0x1C, 0x0F, 0xFE, 0x0F, 0xFF, 0x87,
    0x01, 0xC7, 0x80, 0xF3, 0x80, 0x39, 0xC0, 0x1D, 0xE0, 0x07, 0x00, 0x00, 0x00, 0x00, 0x00, 0x70,
    0x00, 0x38, 0x00, 0x1C, 0x00, 0x04, 0x00, 0x31, 0xC7, 0x30, 0x7E, 0x07, 0x80, 0x00, 0x3F, 0x1F,
    0xF3, 0xFF, 0xE0, 0xE4, 0x1C, 0x03, 0x9F, 0xF7, 0xFF, 0xF1, 0xF8, 0x3F, 0x07, 0xE1, 0xFF, 0xFD,
    0xFF, 0x8E, 0x00, 0x00, 0x1C, 0x03, 0xC0, 0x70, 0x04, 0x00, 0xFF, 0xEF, 0xFF, 0xFF, 0xFE, 0x00,
    0xE0, 0x0E, 0x00, 0xE0, 0x0E, 0x00, 0xFF, 0xEF, 0xFE, 0xFF, 0xEE, 0x00, 0xE0, 0x0E, 0x00, 0xE0,
    0x0E, 0x00, 0xE0, 0x0F, 0xFF, 0xFF, 0xF0, 0x00, 0x00, 0x00, 0x60, 0x0F, 0x00, 0xF0, 0x04, 0x00,
    0x0F, 0x81, 0xFE, 0x1F, 0xF8, 0xE0, 0xEE, 0x07, 0x70, 0x1B, 0xFF, 0xFF, 0xFF, 0xE0, 0x07, 0x00,
    0x38, 0x1C, 0xF1, 0xE3, 0xFE, 0x0F, 0xE0, 0x1C, 0x00, 0x00, 0x07, 0x00, 0x78, 0x01, 0xC0, 0x04,
    0x00, 0x1E, 0x01, 0xF0, 0x07, 0x00, 0x60, 0x00, 0x0F, 0xFE, 0xFF, 0xFF, 0xFF, 0xE0, 0x0E, 0x00,
    0xE0, 0x0E, 0x00, 0xE0, 0x0F, 0xFE, 0xFF, 0xEF, 0xFE, 0xE0, 0x0E, 0x00, 0xE0, 0x0E, 0x00, 0xE0,
    0x0E, 0x00, 0xFF, 0xFF, 0xFF, 0x0F, 0x00, 0x78, 0x00, 0xC0, 0x0E, 0x00, 0x00, 0x07, 0xC0, 0xFF,
    0x0F, 0xFC, 0x70, 0x77, 0x03, 0xB8, 0x0D, 0xFF, 0xFF, 0xFF, 0xF0, 0x03, 0x80, 0x1C, 0x0E, 0x78,
    0xF1, 0xFF, 0x07, 0xF0, 0x0E, 0x00, 0x18, 0xC3, 0xFC, 0x3F, 0x80, 0x00, 0x00, 0x0F, 0xFE, 0xFF,
    0xFF, 0xFF, 0xE0, 0x0E, 0x00, 0xE0, 0x0E, 0x00, 0xE0, 0x0F, 0xFE, 0xFF, 0xEF, 0xFE, 0xE0, 0x0E,
    0x00, 0xE0, 0x0E, 0x00, 0xE0, 0x0E, 0x00, 0xFF, 0xFF, 0xFF, 0x0C, 0xC0, 0xFE, 0x0F, 0xF0, 0x00,
    0x00, 0x00, 0x07, 0xC0, 0xFF, 0x0F, 0xFC, 0x70, 0x77, 0x03, 0xB8, 0x0D, 0xFF, 0xFF, 0xFF, 0xF0,
    0x03, 0x80, 0x1C, 0x0E, 0x78, 0xF1, 0xFF, 0x07, 0xF0, 0x0E, 0x00, 0x00, 0x70, 0x0E, 0x00, 0xC0,
    0x1C, 0x0E, 0x01, 0xF0, 0x1F, 0x83, 0x9C, 0x00, 0x0F, 0xFE, 0xFF, 0xFF, 0xFF, 0xE0, 0x0E, 0x00,
    0xE0, 0x0E, 0x00, 0xE0, 0x0F, 0xFE, 0xFF, 0xEF, 0xFE, 0xE0, 0x0E, 0x00, 0xE0, 0x0E, 0x00, 0xE0,
    0x0E, 0x00, 0xFF, 0xFF, 0xFF, 0x00, 0x70, 0x03, 0x80, 0x38, 0x01, 0x80, 0x70, 0x07, 0xC0, 0x7F,
    0x07, 0x38, 0x00, 0x00, 0x7C, 0x0F, 0xF0, 0xFF, 0xC7, 0x07, 0x70, 0x3B, 0x80, 0xDF, 0xFF, 0xFF,
    0xFF, 0x00, 0x38, 0x01, 0xC0, 0xE7, 0x8F, 0x1F, 0xF0, 0x7F, 0x00, 0xE0, 0x03, 0x80, 0x38, 0x01,
    0xC0, 0x0C, 0x0E, 0x01, 0xF0, 0x1F, 0x83, 0x9C, 0x00, 0x0F, 0xFE, 0xFF, 0xFF, 0xFF, 0xE0, 0x0E,
    0x00, 0xE0, 0x0E, 0x00, 0xE0, 0x0F, 0xFE, 0xFF, 0xEF, 0xFE, 0xE0, 0x0E, 0x00, 0xE0, 0x0E, 0x00,
    0xE0, 0x0E, 0x00, 0xFF, 0xFF, 0xFF, 0x03, 0x80, 0x0E, 0x00, 0x70, 0x01, 0x80, 0x70, 0x07, 0xC0,
    0x7F, 0x07, 0x38, 0x00, 0x00, 0x7C, 0x0F, 0xF0, 0xFF, 0xC7, 0x07, 0x70, 0x3B, 0x80, 0xDF, 0xFF,
    0xFF, 0xFF, 0x00, 0x38, 0x01, 0xC0, 0xE7, 0x8F, 0x1F, 0xF0, 0x7F, 0x00, 0xE0, 0x03, 0xC0, 0x3C,
    0x00, 0xC0, 0x1C, 0x0E, 0x01, 0xF0, 0x1F, 0x83, 0x9C, 0x00, 0x0F, 0xFE, 0xFF, 0xFF, 0xFF, 0xE0,
    0x0E, 0x00, 0xE0, 0x0E, 0x00, 0xE0, 0x0F, 0xFE, 0xFF, 0xEF, 0xFE, 0xE0, 0x0E, 0x00, 0xE0, 0x0E,
    0x00, 0xE0, 0x0E, 0x00, 0xFF, 0xFF, 0xFF, 0x03, 0xC0, 0x1F, 0x00, 0x38, 0x01, 0x80, 0x70, 0x07,
    0xC0, 0x7F, 0x07, 0x38, 0x00, 0x00, 0x7C, 0x0F, 0xF0, 0xFF, 0xC7, 0x07, 0x70, 0x3B, 0x80, 0xDF,
    0xFF, 0xFF, 0xFF, 0x00, 0x38, 0x01, 0xC0, 0xE7, 0x8F, 0x1F, 0xF0, 0x7F, 0x00, 0xE0, 0x18, 0x83,
    0xFC, 0x3F, 0x83, 0x10, 0x0E, 0x01, 0xF0, 0x1F, 0x83, 0x9C, 0x00, 0x0F, 0xFE, 0xFF, 0xFF, 0xFF,
    0xE0, 0x0E, 0x00, 0xE0, 0x0E, 0x00, 0xE0, 0x0F, 0xFE, 0xFF, 0xEF, 0xFE, 0xE0, 0x0E, 0x00, 0xE0,
    0x0E, 0x00, 0xE0, 0x0E, 0x00, 0xFF, 0xFF, 0xFF, 0x0C, 0xC0, 0xFE, 0x0F, 0xF0, 0x22, 0x00, 0x70,
    0x07, 0xC0, 0x7F, 0x07, 0x38, 0x00, 0x00, 0x7C, 0x0F, 0xF0, 0xFF, 0xC7, 0x07, 0x70, 0x3B, 0x80,
    0xDF, 0xFF, 0xFF, 0xFF, 0x00, 0x38, 0x01, 0xC0, 0xE7, 0x8F, 0x1F, 0xF0, 0x7F, 0x00, 0xE0, 0x0F,
    0x01, 0xF0, 0x3B, 0x83, 0x9C, 0x00, 0x0F, 0xFE, 0xFF, 0xFF, 0xFF, 0xE0, 0x0E, 0x00, 0xE0, 0x0E,
    0x00, 0xE0, 0x0F, 0xFE, 0xFF, 0xEF, 0xFE, 0xE0, 0x0E, 0x00, 0xE0, 0x0E, 0x00, 0xE0, 0x0E, 0x00,
    0xFF, 0xFF, 0xFF, 0x00, 0x00, 0x00, 0x06, 0x00, 0xF0, 0x0F, 0x00, 0x40, 0x0F, 0x00, 0x7C, 0x07,
    0x70, 0x73, 0x80, 0x00, 0x07, 0xC0, 0xFF, 0x0F, 0xFC, 0x70, 0x77, 0x03, 0xB8, 0x0D, 0xFF, 0xFF,
    0xFF, 0xF0, 0x03, 0x80, 0x1C, 0x0E, 0x78, 0xF1, 0xFF, 0x07, 0xF0, 0x0E, 0x00, 0x00, 0x03, 0x80,
    0x3C, 0x00, 0xE0, 0x02, 0x00, 0xF7, 0x8C, 0xE0, 0x31, 0xCE, 0x73, 0x9C, 0xE7, 0x39, 0xCE, 0x73,
    0x9C, 0xE7, 0x39, 0xCE, 0x7B, 0xCE, 0x60, 0x19, 0xCE, 0x73, 0x9C, 0xE7, 0x39, 0xCE, 0x73, 0x9C,
    0x67, 0x77, 0x77, 0x77, 0x77, 0x77, 0x77, 0x77, 0x77, 0x70, 0x07, 0xF7, 0x20, 0x6F, 0xF4, 0x06,
    0xEE, 0xEE, 0xEE, 0xEE, 0xEE, 0xEE, 0xE0, 0x06, 0xFF, 0x40, 0x03, 0xE0, 0x07, 0xFC, 0x07, 0xFF,
    0x07, 0x83, 0xC7, 0x80, 0xF3, 0x80, 0x3B, 0xC0, 0x1F, 0xC0, 0x07, 0xE0, 0x03, 0xF0, 0x01, 0xF8,
    0x00, 0xFC, 0x00, 0x7E, 0x00, 0x3B, 0x80, 0x39, 0xC0, 0x1C, 0xF0, 0x1E, 0x3E, 0x3E, 0x0F, 0xFE,
    0x03, 0xFE, 0x00, 0x38, 0x00, 0x00, 0x00, 0x0E, 0x00, 0x07, 0x00, 0x03, 0x80, 0x00, 0x80, 0x00,
    0x0F, 0x81, 0xFF, 0x1F, 0xF8, 0xE0, 0xEE, 0x07, 0x70, 0x1F, 0x80, 0xFC, 0x07, 0xE0, 0x3F, 0x01,
    0xFC, 0x1C, 0xF1, 0xE3, 0xFE, 0x0F, 0xE0, 0x1C, 0x00, 0x00, 0x07, 0x00, 0x38, 0x01, 0xC0, 0x04,
    0x00, 0x03, 0xC0, 0x01, 0xF0, 0x00, 0x30, 0x00, 0x38, 0x00, 0x00, 0x00, 0x1F, 0x00, 0x3F, 0xE0,
    0x3F, 0xF8, 0x3C, 0x1E, 0x3C, 0x07, 0x9C, 0x01, 0xDE, 0x00, 0xFE, 0x00, 0x3F, 0x00, 0x1F, 0x80,
    0x0F, 0xC0, 0x07, 0xE0, 0x03, 0xF0, 0x01, 0xDC, 0x01, 0xCE, 0x00, 0xE7, 0x80, 0xF1, 0xF1, 0xF0,
    0x7F, 0xF0, 0x1F, 0xF0, 0x01, 0xC0, 0x00, 0x0F, 0x00, 0x78, 0x00, 0xC0, 0x0E, 0x00, 0x00, 0x07,
    0xC0, 0xFF, 0x8F, 0xFC, 0x70, 0x77, 0x03, 0xB8, 0x0F, 0xC0, 0x7E, 0x03, 0xF0, 0x1F, 0x80, 0xFE,
    0x0E, 0x78, 0xF1, 0xFF, 0x07, 0xF0, 0x0E, 0x00, 0x00, 0x1C, 0x00, 0x0E, 0x00, 0x0E, 0x00, 0x07,
    0x00, 0x1C, 0x00, 0x1F, 0x00, 0x1D, 0xC0, 0x0E, 0x70, 0x00, 0x00, 0x01, 0xF0, 0x03, 0xFE, 0x03,
    0xFF, 0x83, 0xC1, 0xE3, 0xC0, 0x79, 0xC0, 0x1D, 0xE0, 0x0F, 0xE0, 0x03, 0xF0, 0x01, 0xF8, 0x00,
    0xFC, 0x00, 0x7E, 0x00, 0x3F, 0x00, 0x1D, 0xC0, 0x1C, 0xE0, 0x0E, 0x78, 0x0F, 0x1F, 0x1F, 0x07,
    0xFF, 0x01, 0xFF, 0x00, 0x1C, 0x00, 0x00, 0x70, 0x03, 0x80, 0x38, 0x01, 0x80, 0x70, 0x07, 0xC0,
    0x77, 0x07, 0x38, 0x00, 0x00, 0x7C, 0x0F, 0xF8, 0xFF, 0xC7, 0x07, 0x70, 0x3B, 0x80, 0xFC, 0x07,
    0xE0, 0x3F, 0x01, 0xF8, 0x0F, 0xE0, 0xE7, 0x8F, 0x1F, 0xF0, 0x7F, 0x00, 0xE0, 0x00, 0xE0, 0x00,
    0x38, 0x00, 0x0C, 0x00, 0x07, 0x00, 0x1C, 0x00, 0x1F, 0x00, 0x1D, 0xC0, 0x0E, 0x70, 0x00, 0x00,
    0x01, 0xF0, 0x03, 0xFE, 0x03, 0xFF, 0x83, 0xC1, 0xE3, 0xC0, 0x79, 0xC0, 0x1D, 0xE0, 0x0F, 0xE0,
    0x03, 0xF0, 0x01, 0xF8, 0x00, 0xFC, 0x00, 0x7E, 0x00, 0x3F, 0x00, 0x1D, 0xC0, 0x1C, 0xE0, 0x0E,
    0x78, 0x0F, 0x1F, 0x1F, 0x07, 0xFF, 0x01, 0xFF, 0x00, 0x1C, 0x00, 0x03, 0x80, 0x0E, 0x00, 0x70,
    0x01, 0xC0, 0x70, 0x07, 0xC0, 0x77, 0x07, 0x38, 0x00, 0x00, 0x7C, 0x0F, 0xF8, 0xFF, 0xC7, 0x07,
    0x70, 0x3B, 0x80, 0xFC, 0x07, 0xE0, 0x3F, 0x01, 0xF8, 0x0F, 0xE0, 0xE7, 0x8F, 0x1F, 0xF0, 0x7F,
    0x00, 0xE0, 0x00, 0x78, 0x00, 0x3C, 0x00, 0x0E, 0x00, 0x06, 0x00, 0x1C, 0x00, 0x1F, 0x00, 0x1D,
    0xC0, 0x0E, 0x70, 0x00, 0x00, 0x01, 0xF0, 0x03, 0xFE, 0x03, 0xFF, 0x83, 0xC1, 0xE3, 0xC0, 0x79,
    0xC0, 0x1D, 0xE0, 0x0F, 0xE0, 0x03, 0xF0, 0x01, 0xF8, 0x00, 0xFC, 0x00, 0x7E, 0x00, 0x3F, 0x00,
    0x1D, 0xC0, 0x1C, 0xE0, 0x0E, 0x78, 0x0F, 0x1F, 0x1F, 0x07, 0xFF, 0x01, 0xFF, 0x00, 0x1C, 0x00,
    0x03, 0xC0, 0x1F, 0x00, 0x38, 0x01, 0x80, 0x70, 0x07, 0xC0, 0x77, 0x07, 0x38, 0x00, 0x00, 0x7C,
    0x0F, 0xF8, 0xFF, 0xC7, 0x07, 0x70, 0x3B, 0x80, 0xFC, 0x07, 0xE0, 0x3F, 0x01, 0xF8, 0x0F, 0xE0,
    0xE7, 0x8F, 0x1F, 0xF0, 0x7F, 0x00, 0xE0, 0x03, 0x10, 0x03, 0xF8, 0x01, 0xFC, 0x00, 0x8C, 0x00,
    0x1C, 0x00, 0x1F, 0x00, 0x1D, 0xC0, 0x0E, 0x70, 0x00, 0x00, 0x01, 0xF0, 0x03, 0xFE, 0x03, 0xFF,
    0x83, 0xC1, 0xE3, 0xC0, 0x79, 0xC0, 0x1D, 0xE0, 0x0F, 0xE0, 0x03, 0xF0, 0x01, 0xF8, 0x00, 0xFC,
    0x00, 0x7E, 0x00, 0x3F, 0x00, 0x1D, 0xC0, 0x1C, 0xE0, 0x0E, 0x78, 0x0F, 0x1F, 0x1F, 0x07, 0xFF,
    0x01, 0xFF, 0x00, 0x1C, 0x00, 0x0C, 0xC0, 0xFE, 0x07, 0xF0, 0x23, 0x00, 0x70, 0x07, 0xC0, 0x77,
    0x07, 0x38, 0x00, 0x00, 0x7C, 0x0F, 0xF8, 0xFF, 0xC7, 0x07, 0x70, 0x3B, 0x80, 0xFC, 0x07, 0xE0,
    0x3F, 0x01, 0xF8, 0x0F, 0xE0, 0xE7, 0x8F, 0x1F, 0xF0, 0x7F, 0x00, 0xE0, 0x01, 0xC0, 0x01, 0xF0,
    0x01, 0xDC, 0x00, 0xC7, 0x00, 0x00, 0x00, 0x1F, 0x00, 0x3F, 0xE0, 0x3F, 0xF8, 0x3C, 0x1E, 0x3C,
    0x07, 0x9C, 0x01, 0xDE, 0x00, 0xFE, 0x00, 0x3F, 0x00, 0x1F, 0x80, 0x0F, 0xC0, 0x07, 0xE0, 0x03,
    0xF0, 0x01, 0xDC, 0x01, 0xCE, 0x00, 0xE7, 0x80, 0xF1, 0xF1, 0xF0, 0x7F, 0xF0, 0x1F, 0xF0, 0x01,
    0xC0, 0x00, 0x00, 0x00, 0x70, 0x00, 0x38, 0x00, 0x1C, 0x00, 0x04, 0x00, 0x07, 0x00, 0x7C, 0x07,
    0x70, 0x71, 0x80, 0x00, 0x07, 0xC0, 0xFF, 0x8F, 0xFC, 0x70, 0x77, 0x03, 0xB8, 0x0F, 0xC0, 0x7E,
    0x03, 0xF0, 0x1F, 0x80, 0xFE, 0x0E, 0x78, 0xF1, 0xFF, 0x07, 0xF0, 0x0E, 0x00, 0x00, 0x03, 0x80,
    0x1C, 0x00, 0xE0, 0x02, 0x00, 0x00, 0x70, 0x00, 0x70, 0x00, 0x38, 0x00, 0x38, 0x70, 0x00, 0x38,
    0x1F, 0xFC, 0x3F, 0xFE, 0x3F, 0xFE, 0x3C, 0x1E, 0x3C, 0x07, 0x9C, 0x01, 0xDE, 0x00, 0xFE, 0x00,
    0x3F, 0x00, 0x1F, 0x80, 0x0F, 0xC0, 0x07, 0xE0, 0x03, 0xF0, 0x01, 0xDC, 0x01, 0xCE, 0x00, 0xE7,
    0x80, 0xF1, 0xF1, 0xF0, 0x7F, 0xF0, 0x1F, 0xF0, 0x01, 0xC0, 0x00, 0x01, 0xC0, 0x1C, 0x00, 0xC6,
    0x0E, 0x70, 0x03, 0x87, 0xFC, 0xFF, 0xEF, 0xFC, 0x70, 0x77, 0x03, 0xB8, 0x0F, 0xC0, 0x7E, 0x03,
    0xF0, 0x1F, 0x80, 0xFE, 0x0E, 0x78, 0xF1, 0xFF, 0x07, 0xF0, 0x0E, 0x00, 0x07, 0x00, 0x01, 0xC0,
    0x00, 0xE0, 0x00, 0x38, 0x70, 0x00, 0x38, 0x1F, 0xFC, 0x3F, 0xFE, 0x3F, 0xFE, 0x3C, 0x1E, 0x3C,
    0x07, 0x9C, 0x01, 0xDE, 0x00, 0xFE, 0x00, 0x3F, 0x00, 0x1F, 0x80, 0x0F, 0xC0, 0x07, 0xE0, 0x03,
    0xF0, 0x01, 0xDC, 0x01, 0xCE, 0x00, 0xE7, 0x80, 0xF1, 0xF1, 0xF0, 0x7F, 0xF0, 0x1F, 0xF0, 0x01,
    0xC0, 0x00, 0x1C, 0x00, 0x70, 0x03, 0x86, 0x0C, 0x70, 0x03, 0x87, 0xFC, 0xFF, 0xEF, 0xFC, 0x70,
    0x77, 0x03, 0xB8, 0x0F, 0xC0, 0x7E, 0x03, 0xF0, 0x1F, 0x80, 0xFE, 0x0E, 0x78, 0xF1, 0xFF, 0x07,
    0xF0, 0x0E, 0x00, 0x03, 0xC0, 0x01, 0xF0, 0x00, 0x30, 0x00, 0x38, 0x70, 0x00, 0x38, 0x1F, 0xFC,
    0x3F, 0xFE, 0x3F, 0xFE, 0x3C, 0x1E, 0x3C, 0x07, 0x9C, 0x01, 0xDE, 0x00, 0xFE, 0x00, 0x3F, 0x00,
    0x1F, 0x80, 0x0F, 0xC0, 0x07, 0xE0, 0x03, 0xF0, 0x01, 0xDC, 0x01, 0xCE, 0x00, 0xE7, 0x80, 0xF1,
    0xF1, 0xF0, 0x7F, 0xF0, 0x1F, 0xF0, 0x01, 0xC0, 0x00, 0x0F, 0x00, 0x78, 0x00, 0xC6, 0x0E, 0x70,
    0x03, 0x87, 0xFC, 0xFF, 0xEF, 0xFC, 0x70, 0x77, 0x03, 0xB8, 0x0F, 0xC0, 0x7E, 0x03, 0xF0, 0x1F,
    0x80, 0xFE, 0x0E, 0x78, 0xF1, 0xFF, 0x07, 0xF0, 0x0E, 0x00, 0x03, 0x30, 0x03, 0xF8, 0x01, 0xFC,
    0x00, 0x00, 0x70, 0x00, 0x38, 0x1F, 0xFC, 0x3F, 0xFE, 0x3F, 0xFE, 0x3C, 0x1E, 0x3C, 0x07, 0x9C,
    0x01, 0xDE, 0x00, 0xFE, 0x00, 0x3F, 0x00, 0x1F, 0x80, 0x0F, 0xC0, 0x07, 0xE0, 0x03, 0xF0, 0x01,
    0xDC, 0x01, 0xCE, 0x00, 0xE7, 0x80, 0xF1, 0xF1, 0xF0, 0x7F, 0xF0, 0x1F, 0xF0, 0x01, 0xC0, 0x00,
    0x0C, 0xC0, 0xFE, 0x07, 0xF6, 0x00, 0x70, 0x03, 0x87, 0xFC, 0xFF, 0xEF, 0xFC, 0x70, 0x77, 0x03,
    0xB8, 0x0F, 0xC0, 0x7E, 0x03, 0xF0, 0x1F, 0x80, 0xFE, 0x0E, 0x78, 0xF1, 0xFF, 0x07, 0xF0, 0x0E,
    0x00, 0x00, 0x03, 0x80, 0x01, 0xC0, 0xFF, 0xE1, 0xFF, 0xF1, 0xFF, 0xF1, 0xE0, 0xF1, 0xE0, 0x3C,
    0xE0, 0x0E, 0xF0, 0x07, 0xF0, 0x01, 0xF8, 0x00, 0xFC, 0x00, 0x7E, 0x00, 0x3F, 0x00, 0x1F, 0x80,
    0x0E, 0xE0, 0x0E, 0x70, 0x07, 0x3C, 0x07, 0x8F, 0x8F, 0x83, 0xFF, 0x80, 0xFF, 0x80, 0x0E, 0x00,
    0x00, 0x00, 0x03, 0x80, 0x01, 0xC0, 0x00, 0xE0, 0x00, 0x20, 0x00, 0x00, 0x18, 0x01, 0xC0, 0x0E,
    0x1F, 0xF3, 0xFF, 0xBF, 0xF1, 0xC1, 0xDC, 0x0E, 0xE0, 0x3F, 0x01, 0xF8, 0x0F, 0xC0, 0x7E, 0x03,
    0xF8, 0x39, 0xE3, 0xC7, 0xFC, 0x1F, 0xC0, 0x38, 0x00, 0x00, 0x0E, 0x00, 0x70, 0x03, 0x80, 0x08,
    0x00, 0xC0, 0x0D, 0xC0, 0x1F, 0x80, 0x3F, 0x00, 0x7E, 0x00, 0xFC, 0x01, 0xF8, 0x03, 0xF0, 0x07,
    0xE0, 0x0F, 0xC0, 0x1F, 0x80, 0x3F, 0x00, 0x7E, 0x00, 0xFC, 0x01, 0xF8, 0x07, 0x78, 0x0E, 0x78,
    0x7C, 0x7F, 0xF0, 0x7F, 0xC0, 0x3C, 0x00, 0x00, 0x00, 0x70, 0x01, 0xE0, 0x01, 0xC0, 0x01, 0x00,
    0x60, 0x7E, 0x07, 0xE0, 0x7E, 0x07, 0xE0, 0x7E, 0x07, 0xE0, 0x7E, 0x07, 0xE0, 0x7E, 0x07, 0x70,
    0x77, 0x8F, 0x7F, 0xF3, 0xFF, 0x04, 0x00, 0x00, 0x07, 0x00, 0x70, 0x07, 0x00, 0x20, 0x07, 0x80,
    0x0F, 0x00, 0x06, 0x00, 0x1C, 0x00, 0x00, 0x18, 0x01, 0xB8, 0x03, 0xF0, 0x07, 0xE0, 0x0F, 0xC0,
    0x1F, 0x80, 0x3F, 0x00, 0x7E, 0x00, 0xFC, 0x01, 0xF8, 0x03, 0xF0, 0x07, 0xE0, 0x0F, 0xC0, 0x1F,
    0x80, 0x3F, 0x00, 0xEF, 0x01, 0xCF, 0x0F, 0x8F, 0xFE, 0x0F, 0xF8, 0x07, 0x80, 0x0F, 0x00, 0xF0,
    0x03, 0x00, 0x70, 0x00, 0x06, 0x07, 0xE0, 0x7E, 0x07, 0xE0, 0x7E, 0x07, 0xE0, 0x7E, 0x07, 0xE0,
    0x7E, 0x07, 0xE0, 0x77, 0x07, 0x78, 0xF7, 0xFF, 0x3F, 0xF0, 0x40, 0x01, 0xC0, 0x00, 0xE0, 0x00,
    0xE0, 0x00, 0x70, 0x70, 0x00, 0x3E, 0x00, 0x7F, 0x80, 0x3F, 0xC0, 0x1E, 0xE0, 0x0E, 0x70, 0x07,
    0x38, 0x03, 0x9C, 0x01, 0xCE, 0x00, 0xE7, 0x00, 0x73, 0x80, 0x39, 0xC0, 0x1C, 0xE0, 0x0E, 0x70,
    0x07, 0x38, 0x03, 0x9C, 0x03, 0x8F, 0x01, 0xC3, 0xC3, 0xE0, 0xFF, 0xE0, 0x3F, 0xE0, 0x07, 0x80,
    0x00, 0x03, 0xC0, 0x0E, 0x00, 0x30, 0xC1, 0xC7, 0x00, 0x1D, 0x81, 0xFE, 0x07, 0xF8, 0x1C, 0xE0,
    0x73, 0x81, 0xCE, 0x07, 0x38, 0x1C, 0xE0, 0x73, 0x81, 0xCE, 0x07, 0x1C, 0x1C, 0x78, 0xF1, 0xFF,
    0xC3, 0xFF, 0x01, 0x00, 0x0E, 0x00, 0x07, 0x00, 0x01, 0xC0, 0x00, 0x60, 0x70, 0x00, 0x3E, 0x00,
    0x7F, 0x80, 0x3F, 0xC0, 0x1E, 0xE0, 0x0E, 0x70, 0x07, 0x38, 0x03, 0x9C, 0x01, 0xCE, 0x00, 0xE7,
    0x00, 0x73, 0x80, 0x39, 0xC0, 0x1C, 0xE0, 0x0E, 0x70, 0x07, 0x38, 0x03, 0x9C, 0x03, 0x8F, 0x01,
    0xC3, 0xC3, 0xE0, 0xFF, 0xE0, 0x3F, 0xE0, 0x07, 0x80, 0x00, 0x1C, 0x00, 0x78, 0x00, 0xE0, 0xC1,
    0x87, 0x00, 0x1D, 0x81, 0xFE, 0x07, 0xF8, 0x1C, 0xE0, 0x73, 0x81, 0xCE, 0x07, 0x38, 0x1C, 0xE0,
    0x73, 0x81, 0xCE, 0x07, 0x1C, 0x1C, 0x78, 0xF1, 0xFF, 0xC3, 0xFF, 0x01, 0x00, 0x07, 0x80, 0x03,
    0xC0, 0x00, 0x60, 0x00, 0x70, 0x70, 0x00, 0x3E, 0x00, 0x7F, 0x80, 0x3F, 0xC0, 0x1E, 0xE0, 0x0E,
    0x70, 0x07, 0x38, 0x03, 0x9C, 0x01, 0xCE, 0x00, 0xE7, 0x00, 0x73, 0x80, 0x39, 0xC0, 0x1C, 0xE0,
    0x0E, 0x70, 0x07, 0x38, 0x03, 0x9C, 0x03, 0x8F, 0x01, 0xC3, 0xC3, 0xE0, 0xFF, 0xE0, 0x3F, 0xE0,
    0x07, 0x80, 0x00, 0x0F, 0x00, 0x3C, 0x00, 0x30, 0xC1, 0xC7, 0x00, 0x1D, 0x81, 0xFE, 0x07, 0xF8,
    0x1C, 0xE0, 0x73, 0x81, 0xCE, 0x07, 0x38, 0x1C, 0xE0, 0x73, 0x81, 0xCE, 0x07, 0x1C, 0x1C, 0x78,
    0xF1, 0xFF, 0xC3, 0xFF, 0x01, 0x00, 0x0E, 0x60, 0x07, 0xF0, 0x07, 0xF8, 0x00, 0x00, 0x70, 0x00,
    0x3E, 0x00, 0x7F, 0x80, 0x3F, 0xC0, 0x1E, 0xE0, 0x0E, 0x70, 0x07, 0x38, 0x03, 0x9C, 0x01, 0xCE,
    0x00, 0xE7, 0x00, 0x73, 0x80, 0x39, 0xC0, 0x1C, 0xE0, 0x0E, 0x70, 0x07, 0x38, 0x03, 0x9C, 0x03,
    0x8F, 0x01, 0xC3, 0xC3, 0xE0, 0xFF, 0xE0, 0x3F, 0xE0, 0x07, 0x80, 0x00, 0x0C, 0xC0, 0x7F, 0x03,
    0xFC, 0xC0, 0x07, 0x00, 0x1D, 0x81, 0xFE, 0x07, 0xF8, 0x1C, 0xE0, 0x73, 0x81, 0xCE, 0x07, 0x38,
    0x1C, 0xE0, 0x73, 0x81, 0xCE, 0x07, 0x1C, 0x1C, 0x78, 0xF1, 0xFF, 0xC3, 0xFF, 0x01, 0x00, 0x00,
    0x03, 0x80, 0x01, 0xF0, 0x03, 0xFC, 0x01, 0xFE, 0x00, 0xF7, 0x00, 0x73, 0x80, 0x39, 0xC0, 0x1C,
    0xE0, 0x0E, 0x70, 0x07, 0x38, 0x03, 0x9C, 0x01, 0xCE, 0x00, 0xE7, 0x00, 0x73, 0x80, 0x39, 0xC0,
    0x1C, 0xE0, 0x1C, 0x78, 0x0E, 0x1E, 0x1F, 0x07, 0xFF, 0x01, 0xFF, 0x00, 0x3C, 0x00, 0x00, 0x00,
    0x07, 0x00, 0x07, 0x80, 0x01, 0xC0, 0x00, 0x40, 0x00, 0x00, 0x0C, 0x00, 0x70, 0x01, 0xD8, 0x1F,
    0xE0, 0x7F, 0x81, 0xCE, 0x07, 0x38, 0x1C, 0xE0, 0x73, 0x81, 0xCE, 0x07, 0x38, 0x1C, 0xE0, 0x71,
    0xC1, 0xC7, 0x8F, 0x1F, 0xFC, 0x3F, 0xF0, 0x10, 0x00, 0x00, 0x01, 0xC0, 0x07, 0x00, 0x1C, 0x00,
    0x20, 0x00, 0x07, 0x00, 0x01, 0xC0, 0x00, 0xE0, 0x00, 0x30, 0x00, 0x00, 0x03, 0x00, 0x19, 0xC0,
    0x1C, 0xF0, 0x1E, 0x38, 0x0E, 0x1E, 0x0E, 0x07, 0x0F, 0x01, 0xC7, 0x00, 0xF7, 0x00, 0x3B, 0x80,
    0x0F, 0x80, 0x07, 0xC0, 0x01, 0xC0, 0x00, 0xE0, 0x00, 0x70, 0x00, 0x38, 0x00, 0x1C, 0x00, 0x0E,
    0x00, 0x07, 0x00, 0x03, 0x80, 0x0E, 0x00, 0x38, 0x00, 0x70, 0x01, 0xC0, 0x00, 0x03, 0x80, 0xE7,
    0x03, 0x9C, 0x0E, 0x70, 0x70, 0xE1, 0xC3, 0x87, 0x0F, 0x38, 0x1C, 0xE0, 0x73, 0x00, 0xFC, 0x03,
    0xF0, 0x0F, 0x80, 0x1E, 0x00, 0x78, 0x01, 0xC0, 0x07, 0x00, 0x38, 0x03, 0xE0, 0x1F, 0x00, 0x30,
    0x00, 0x60, 0x03, 0x38, 0x03, 0x9E, 0x03, 0xC7, 0x01, 0xC3, 0xC1, 0xC0, 0xE1, 0xE0, 0x38, 0xE0,
    0x1E, 0xE0, 0x07, 0x70, 0x01, 0xF0, 0x00, 0xF8, 0x00, 0x38, 0x00, 0x1C, 0x00, 0x0E, 0x00, 0x07,
    0x00, 0x03, 0x80, 0x01, 0xC0, 0x00, 0xE0, 0x00, 0x70, 0x00, 0x00, 0x00, 0x00, 0x00, 0x0E, 0x00,
    0x07, 0x00, 0x03, 0x80, 0x00, 0x80, 0x00, 0xE0, 0x39, 0xC0, 0xE7, 0x03, 0x9C, 0x1C, 0x38, 0x70,
    0xE1, 0xC3, 0xCE, 0x07, 0x38, 0x1C, 0xC0, 0x3F, 0x00, 0xFC, 0x03, 0xE0, 0x07, 0x80, 0x1E, 0x00,
    0x70, 0x01, 0xC0, 0x0E, 0x70, 0xFB, 0xC7, 0xC7, 0x0C, 0x08, 0x03, 0xC0, 0x01, 0xF0, 0x00, 0x30,
    0x00, 0x38, 0x00, 0x00, 0x03, 0x00, 0x19, 0xC0, 0x1C, 0xF0, 0x1E, 0x38, 0x0E, 0x1E, 0x0E, 0x07,
    0x0F, 0x01, 0xC7, 0x00, 0xF7, 0x00, 0x3B, 0x80, 0x0F, 0x80, 0x07, 0xC0, 0x01, 0xC0, 0x00, 0xE0,
    0x00, 0x70, 0x00, 0x38, 0x00, 0x1C, 0x00, 0x0E, 0x00, 0x07, 0x00, 0x03, 0x80, 0x07, 0x80, 0x1E,
    0x00, 0x38, 0x00, 0xC0, 0x00, 0x03, 0x80, 0xE7, 0x03, 0x9C, 0x0E, 0x70, 0x70, 0xE1, 0xC3, 0x87,
    0x0F, 0x38, 0x1C, 0xE0, 0x73, 0x00, 0xFC, 0x03, 0xF0, 0x0F, 0x80, 0x1E, 0x00, 0x78, 0x01, 0xC0,
    0x07, 0x00, 0x38, 0x03, 0xE0, 0x1F, 0x00, 0x30, 0x00, 0x03, 0x30, 0x03, 0xF8, 0x01, 0xFC, 0x00,
    0x00, 0x00, 0x00, 0x03, 0x00, 0x19, 0xC0, 0x1C, 0xF0, 0x1E, 0x38, 0x0E, 0x1E, 0x0E, 0x07, 0x0F,
    0x01, 0xC7, 0x00, 0xF7, 0x00, 0x3B, 0x80, 0x0F, 0x80, 0x07, 0xC0, 0x01, 0xC0, 0x00, 0xE0, 0x00,
    0x70, 0x00, 0x38, 0x00, 0x1C, 0x00, 0x0E, 0x00, 0x07, 0x00, 0x03, 0x80, 0x0E, 0x60, 0x7F, 0x81,
    0xFC, 0x00, 0x00, 0x00, 0x03, 0x80, 0xE7, 0x03, 0x9C, 0x0E, 0x70, 0x70, 0xE1, 0xC3, 0x87, 0x0F,
    0x38, 0x1C, 0xE0, 0x73, 0x00, 0xFC, 0x03, 0xF0, 0x0F, 0x80, 0x1E, 0x00, 0x78, 0x01, 0xC0, 0x07,
    0x00, 0x38, 0x03, 0xE0, 0x1F, 0x00, 0x30, 0x00, 0xFF, 0xFF, 0xFF, 0xFF, 0xFC, 0x87, 0x37, 0x8C,
    0x7B, 0xF3, 0x0C, 0x30, 0xC3, 0x0C, 0x30, 0xC3, 0x0C, 0x30, 0xC3, 0x00, 0x00, 0x30, 0x37, 0xEC,
    0xDB, 0x30, 0x60, 0xC1, 0x83, 0x06, 0x0C, 0x18, 0x30, 0x60, 0xC1, 0x83, 0x06, 0x00, 0x00, 0x61,
    0x83, 0xF6, 0x66, 0xC1, 0x83, 0x06, 0x0C, 0x18, 0x30, 0x60, 0xC1, 0x83, 0x06, 0x0C, 0x18, 0x30,
    0xFF, 0xFF, 0xFF, 0xE0, 0xFF, 0xFF, 0xFF, 0xE0, 0x7F, 0xFF, 0xFF, 0xFF, 0xFF, 0xC0, 0xFF, 0xFF,
    0xFF, 0xFF, 0xFE, 0xFF, 0xFF, 0xFF, 0xFF, 0xFF, 0xFF, 0xFF, 0xFF, 0xFF, 0xE0, 0xFF, 0xFF, 0xFF,
    0xFF, 0xFF, 0xFF, 0xFF, 0xFF, 0xFF, 0xE0, 0x03, 0x7D, 0xF7, 0xDF, 0x7D, 0xF7, 0xDF, 0x7D, 0xF7,
    0xDF, 0x7D, 0xF7, 0xDF, 0x7D, 0xF7, 0xDF, 0x7D, 0xF7, 0xDF, 0x7D, 0xF7, 0xDF, 0x7D, 0xC0, 0x7F,
    0xFB, 0xFF, 0xC0, 0x00, 0xFF, 0xF7, 0xFF, 0x80, 0x00, 0x11, 0xCC, 0xE7, 0x39, 0xCE, 0x33, 0x9C,
    0xE7, 0x31, 0x8C, 0x77, 0x76, 0xEE, 0xEC, 0x63, 0x9C, 0xE3, 0x18, 0xE7, 0x11, 0x1D, 0xCC, 0xEE,
    0x77, 0x33, 0xB9, 0xDC, 0xEE, 0x33, 0x39, 0xDD, 0xCE, 0xE7, 0x73, 0x39, 0x98, 0xCC, 0x73, 0x3B,
    0x9D, 0xCC, 0xEE, 0x67, 0x33, 0xB9, 0x9C, 0x67, 0x3B, 0x9D, 0xCE, 0x63, 0x39, 0x9C, 0xEE, 0x73,
    0x0C, 0x03, 0x00, 0xC0, 0x30, 0xFF, 0xFF, 0xFF, 0xFC, 0x30, 0x0C, 0x03, 0x00, 0xC0, 0x30, 0x0C,
    0x03, 0x00, 0xC0, 0x0C, 0x03, 0x00, 0xC0, 0x30, 0xFF, 0xFF, 0xFF, 0xFC, 0x30, 0x0C, 0x03, 0x8F,
    0xFF, 0xFF, 0x0C, 0x03, 0x00, 0xC0, 0x30, 0x0C, 0x03, 0x00, 0xC0, 0x00, 0x1F, 0x9F, 0xCF, 0xF7,
    0xFB, 0xFD, 0xFE, 0x7E, 0x1E, 0x00, 0x01, 0x83, 0xC7, 0xCF, 0xFF, 0xBE, 0x70, 0x80, 0x03, 0xBC,
    0xE2, 0x00, 0x00, 0x0E, 0x1F, 0xC7, 0xB8, 0x72, 0x00, 0x00, 0x00, 0x1C, 0x38, 0xFF, 0x1E, 0x3D,
    0xC3, 0x8F, 0x20, 0x00, 0x00, 0x03, 0xBC, 0xE2, 0x00, 0x3C, 0x01, 0x80, 0x07, 0xE0, 0x38, 0x00,
    0x7F, 0x07, 0x00, 0x0E, 0x70, 0x70, 0x00, 0xE3, 0x0E, 0x00, 0x0E, 0x71, 0xC0, 0x00, 0xE7, 0x1C,
    0x00, 0x07, 0xE3, 0x80, 0x00, 0x3E, 0x70, 0x00, 0x00, 0x07, 0x00, 0x00, 0x00, 0xE0, 0x00, 0x00,
    0x1C, 0x7C, 0x3E, 0x01, 0xCF, 0xE7, 0xF0, 0x38, 0xE6, 0x67, 0x07, 0x0C, 0x7E, 0x30, 0x60, 0xC7,
    0xE3, 0x0E, 0x0C, 0x7E, 0x31, 0xC0, 0xFE, 0x7F, 0x38, 0x07, 0xE7, 0xE0, 0x00, 0x38, 0x1C, 0x3C,
    0x01, 0x80, 0x00, 0x03, 0xF0, 0x1C, 0x00, 0x00, 0x1F, 0xC1, 0xC0, 0x00, 0x01, 0xCE, 0x0E, 0x00,
    0x00, 0x0E, 0x30, 0xE0, 0x00, 0x00, 0x73, 0x8E, 0x00, 0x00, 0x03, 0x9C, 0x70, 0x00, 0x00, 0x0F,
    0xC7, 0x00, 0x00, 0x00, 0x3E, 0x70, 0x00, 0x00, 0x00, 0x03, 0x80, 0x00, 0x00, 0x00, 0x38, 0x00,
    0x00, 0x00, 0x03, 0x8F, 0x87, 0xC7, 0xE0, 0x1C, 0xFE, 0x7F, 0x3F, 0x81, 0xC7, 0x33, 0x3B, 0x9C,
    0x1C, 0x31, 0xF8, 0xDC, 0xE0, 0xC1, 0x8F, 0xC6, 0xE7, 0x0E, 0x0C, 0x7E, 0x37, 0x38, 0xE0, 0x7F,
    0x3F, 0x9F, 0xCE, 0x01, 0xF9, 0xF8, 0xFC, 0x00, 0x07, 0x03, 0x81, 0x80, 0x6E, 0xEE, 0xEE, 0xCC,
    0x63, 0x71, 0xF8, 0xFC, 0xEE, 0x77, 0x3B, 0x1D, 0x8C, 0x63, 0x0F, 0x8E, 0x7E, 0x39, 0xF9, 0xC7,
    0xE7, 0x1B, 0x9C, 0x6C, 0x71, 0xB1, 0x86, 0xCE, 0xEE, 0x66, 0x76, 0xC3, 0x73, 0xB9, 0xDC, 0x76,
    0x3B, 0x1D, 0xCE, 0xC3, 0xC3, 0x1B, 0x9C, 0x7E, 0x71, 0xF8, 0xE7, 0x63, 0x9D, 0x8E, 0x77, 0x38,
    0xD8, 0x63, 0x1C, 0x0F, 0x83, 0xE1, 0xDC, 0xE3, 0xB8, 0xE0, 0x00, 0x0E, 0x1E, 0x3C, 0x78, 0x70,
    0xE0, 0xF0, 0x78, 0x3C, 0x1C, 0x0E, 0x06, 0x00, 0x38, 0x0E, 0x03, 0x81, 0xE0, 0x78, 0x1C, 0x1E,
    0x0E, 0x0E, 0x0E, 0x0E, 0x06, 0x00, 0x00, 0x00, 0x1C, 0x03, 0x7B, 0x1E, 0xDE, 0x3C, 0xF0, 0x7F,
    0x8E, 0xFD, 0xF9, 0xEF, 0xEF, 0xDC, 0x7F, 0x83, 0xCF, 0x1E, 0xDE, 0x37, 0xB0, 0x1E, 0x00, 0x30,
    0x00, 0x60, 0xCE, 0x1D, 0xC3, 0xB8, 0x77, 0x0E, 0xE1, 0xDC, 0x3B, 0x87, 0x70, 0xEE, 0x1D, 0xC3,
    0xB8, 0x77, 0x0E, 0xE1, 0x80, 0x00, 0x00, 0x70, 0xFE, 0x3D, 0xC3, 0x90, 0x00, 0x0F, 0x03, 0xFC,
    0x3F, 0xE7, 0x0E, 0x70, 0x76, 0x67, 0x0E, 0x70, 0xEE, 0x0F, 0xE0, 0xFC, 0x07, 0x80, 0x70, 0x06,
    0x00, 0x60, 0x00, 0x00, 0x00, 0x0E, 0x00, 0xF0, 0x0E, 0x00, 0x00, 0xFF, 0xFF, 0xFF, 0x00, 0x00,
    0x60, 0x00, 0x67, 0x80, 0x1F, 0x7F, 0xFF, 0xE1, 0xFF, 0xF8, 0x07, 0xFE, 0x00, 0x07, 0xFE, 0x01,
    0xFF, 0xF8, 0x7F, 0xFF, 0xE7, 0x80, 0x1F, 0x20, 0x00, 0x20, 0x00, 0x00, 0x18, 0x07, 0x00, 0xC0,
    0x38, 0x0E, 0x01, 0xC0, 0x70, 0x0E, 0x03, 0xC0, 0xFC, 0x19, 0xC7, 0x38, 0xC3, 0x00, 0x00, 0x00,
    0x00, 0x05, 0xC0, 0x07, 0xE0, 0x07, 0xE0, 0x0F, 0xF0, 0x03, 0xC0, 0x07, 0xE0, 0x01, 0x80, 0x18,
    0x18, 0x7E, 0x7E, 0x7E, 0x7E, 0xFF, 0xFF, 0xFF, 0xFF, 0x7E, 0x7E, 0x7E, 0x7E, 0x18, 0x18, 0x7E,
    0xFF, 0xFE, 0x00, 0x02, 0x00, 0x06, 0x00, 0x0E, 0x00, 0x1C, 0x00, 0x38, 0x00, 0x38, 0x00, 0x70,
    0x00, 0xE0, 0x00, 0xE0, 0x01, 0xC0, 0x03, 0x80, 0x03, 0x80, 0x07, 0x00, 0x0E, 0x00, 0x0E, 0x00,
    0x1C, 0x00, 0x38, 0x00, 0x30, 0x00, 0x70, 0x00, 0x7B, 0xFF, 0xF8, 0xE3, 0x8E, 0x38, 0xE3, 0x8E,
    0x3F, 0xFF, 0x8E, 0x38, 0xE3, 0x8E, 0x38, 0xE3, 0xFF, 0xFF, 0xFB, 0xFF, 0xC7, 0x1C, 0x71, 0xC7,
    0x1C, 0x71, 0xFF, 0xFC, 0x71, 0xC7, 0x1C, 0x71, 0xC7, 0x1F, 0xFF, 0xFE, 0x0F, 0x00, 0x78, 0x1F,
    0xE0, 0xFF, 0x0F, 0xF8, 0xFF, 0xCF, 0x1E, 0x70, 0xF7, 0x07, 0x38, 0x3B, 0x83, 0x98, 0x1C, 0x01,
    0xC0, 0x0E, 0x01, 0xE0, 0x0E, 0x01, 0xE0, 0x0F, 0x03, 0xE0, 0x1F, 0x01, 0xE0, 0x0E, 0x00, 0xE0,
    0x0F, 0x00, 0xE0, 0x07, 0x00, 0x70, 0x03, 0x80, 0x00, 0x00, 0x00, 0x00, 0x00, 0x00, 0x0F, 0x00,
    0x70, 0x07, 0x80, 0x3C, 0x03, 0xC0, 0x1C, 0x00, 0x00, 0x00, 0x00, 0x0F, 0x01, 0x8F, 0xF0, 0x73,
    0xFE, 0x1D, 0xE3, 0xC7, 0x70, 0x71, 0xDC, 0x1C, 0x70, 0x07, 0x1C, 0x03, 0xC7, 0x01, 0xE1, 0xC1,
    0xF0, 0x70, 0x78, 0x1C, 0x1C, 0x07, 0x0E, 0x01, 0xC3, 0x80, 0x70, 0x00, 0x00, 0x00, 0x00, 0x0F,
    0x01, 0xC3, 0xC0, 0xF0, 0xF0, 0x1C, 0x00, 0x00, 0x60, 0x3C, 0x1C, 0x3F, 0xC7, 0x1F, 0xF9, 0xC7,
    0x0E, 0x71, 0xC1, 0xDC, 0x60, 0x77, 0x00, 0x1D, 0xC0, 0x0E, 0x70, 0x0F, 0x9C, 0x07, 0xC7, 0x01,
    0xC1, 0xC0, 0xE0, 0x70, 0x38, 0x1C, 0x0E, 0x00, 0x00, 0x00, 0x00, 0x00, 0x70, 0x38, 0x3C, 0x0F,
    0x07, 0x03, 0x80, 0x80, 0x40, 0xFF, 0xFF, 0xFF, 0xE0, 0x70, 0x38, 0x1C, 0x0E, 0x06, 0x03, 0x01,
    0x81, 0xC0, 0xE0, 0x70, 0x38, 0x1C, 0x0E, 0x07, 0x03, 0x01, 0x80, 0x00, 0xFE, 0x0F, 0xF8, 0xFF,
    0xEE, 0xFE, 0xEF, 0xFE, 0xFF, 0xEF, 0xFE, 0xFF, 0xEF, 0xFE, 0xFE, 0xEF, 0xEE, 0xFC, 0xE6, 0x0E,
    0x00, 0xE0, 0x0E, 0x00, 0xE0, 0x0E, 0x00, 0xE0, 0x00, 0x0F, 0xF3, 0xFF, 0x7F, 0xF7, 0xF7, 0xFF,
    0x7F, 0xF7, 0xFF, 0x77, 0xF7, 0x7F, 0x73, 0xFF, 0x1F, 0xF0, 0x7F, 0x0F, 0xFC, 0xFF, 0xEE, 0x7F,
    0xE7, 0xFE, 0x7F, 0xE7, 0xFE, 0x7F, 0xE7, 0xFF, 0xFE, 0xFF, 0xC0, 0x0C, 0x01, 0x81, 0x30, 0x76,
    0xEF, 0xFC, 0x7E, 0x0F, 0xC7, 0xFE, 0xED, 0xC1, 0x80, 0x30, 0x00, 0x00, 0x77, 0x9C, 0x40, 0x00,
    0x00, 0x00, 0x1C, 0xE7, 0x1C, 0xE7, 0x18, 0xC0, 0x07, 0xFE, 0x01, 0xFF, 0xF8, 0x7F, 0xFF, 0xE7,
    0x80, 0x1E, 0x60, 0x00, 0x60, 0x00, 0x00, 0x00, 0x00, 0x00, 0x00, 0x00, 0x00, 0x00, 0x00, 0x00,
    0x00, 0x00, 0x00, 0x00, 0x00, 0x00, 0x00, 0x00, 0x00, 0x00, 0x00, 0x00, 0x00, 0x00, 0x00, 0x00,
    0x00, 0x00, 0x00, 0x00, 0x00, 0x00, 0x00, 0x00, 0x00, 0x00, 0x60, 0x00, 0x67, 0x80, 0x1E, 0x7F,
    0xFF, 0xE1, 0xFF, 0xF8, 0x07, 0xFE, 0x00, 0x04, 0x01, 0xC1, 0x39, 0x3F, 0xE7, 0xFC, 0x7E, 0x0F,
    0xE7, 0xFE, 0x6E, 0xC1, 0xC0, 0x38, 0x00, 0x00, 0x00, 0x08, 0x03, 0x82, 0x72, 0x7F, 0xCF, 0xF8,
    0xFC, 0x1F, 0xCF, 0xFC, 0xDD, 0x83, 0x80, 0x70, 0x00, 0x00, 0x00, 0x06, 0x00, 0x0E, 0x00, 0x0C,
    0x70, 0x1C, 0xF8, 0x38, 0xF8, 0x70, 0x70, 0x70, 0x00, 0xE0, 0x01, 0xC0, 0x01, 0xC0, 0x03, 0x80,
    0x07, 0x00, 0x07, 0x0E, 0x0E, 0x1F, 0x1C, 0x1F, 0x1C, 0x1F, 0x38, 0x0E, 0x70, 0x00, 0x60, 0x00,
    0x00, 0x00, 0x3F, 0x00, 0xFF, 0xC6, 0x67, 0xFF, 0x00, 0xFE, 0x00, 0x38, 0x03, 0xFC, 0x01, 0xFF,
    0xF8, 0x3F, 0xFF, 0xC7, 0xE0, 0x7F, 0x70, 0x00, 0x60, 0x06, 0x06, 0xD9, 0xFF, 0x1F, 0xCF, 0xFF,
    0xFF, 0xDF, 0xF9, 0xFE, 0x7F, 0xC5, 0xD8, 0x18, 0x00, 0x63, 0x0C, 0x6E, 0x39, 0xCE, 0xE3, 0x9C,
    0xEE, 0x71, 0xCE, 0xE7, 0x18, 0xEE, 0x71, 0x8C, 0xC7, 0x18, 0xCC, 0x61, 0x8C, 0x3E, 0x1F, 0xCF,
    0x3B, 0x8E, 0xE1, 0xF8, 0x7E, 0x3B, 0x8E, 0x7F, 0x9F, 0xC0, 0xC0, 0x5F, 0xFF, 0xFF, 0xFF, 0x80,
    0x0F, 0x03, 0xC1, 0xF0, 0xFC, 0x77, 0x1D, 0xCF, 0xFB, 0xFF, 0xFF, 0x81, 0xC0, 0x00, 0x7F, 0x3F,
    0x98, 0x1F, 0xCF, 0xF7, 0xBC, 0x0F, 0xC7, 0xFF, 0xBF, 0x86, 0x00, 0x3E, 0x3F, 0xBC, 0xFD, 0xCF,
    0xF7, 0xFF, 0x8F, 0xC7, 0xFF, 0xBF, 0x87, 0x00, 0x7F, 0xBF, 0xC0, 0xE0, 0xE0, 0x70, 0x70, 0x38,
    0x38, 0x38, 0x1C, 0x00, 0x00, 0x7E, 0x7F, 0xB8, 0xFC, 0x77, 0xF3, 0xFB, 0x8F, 0xC7, 0xFF, 0xBF,
    0x87, 0x00, 0x7E, 0x7F, 0xB8, 0xFC, 0x7E, 0x7F, 0xFC, 0xFF, 0xC7, 0xFF, 0x3F, 0x06, 0x00, 0x1C,
    0x0E, 0x1F, 0xDF, 0xEF, 0xF0, 0xE0, 0x70, 0x7F, 0x7F, 0xBF, 0xC0, 0xFF, 0xFF, 0x00, 0xFF, 0xFF,
    0x00, 0x39, 0x9C, 0xE6, 0x73, 0x9C, 0xE3, 0x9C, 0xE3, 0x80, 0x63, 0x9C, 0x73, 0x9C, 0xE7, 0x39,
    0xCC, 0xE6, 0x00, 0xCE, 0x7F, 0xBF, 0xDC, 0x7E, 0x3F, 0x1F, 0x8F, 0xC7, 0x00, 0x00, 0x3E, 0x1F,
    0xCF, 0x3B, 0x8E, 0xE1, 0xF8, 0x7E, 0x3B, 0x8E, 0x7F, 0x9F, 0xC0, 0xC0, 0x7F, 0xFF, 0x73, 0x9C,
    0xE7, 0x39, 0xC0, 0x7E, 0x7F, 0xB8, 0xF8, 0x70, 0x70, 0x70, 0xF0, 0xF0, 0xFF, 0xFF, 0xC0, 0x00,
    0x3E, 0x3F, 0xB8, 0xE0, 0x71, 0xF0, 0xF8, 0x0F, 0xC7, 0xFF, 0xBF, 0x87, 0x00, 0x0F, 0x03, 0xC1,
    0xF0, 0xFC, 0x77, 0x1D, 0xCF, 0xFB, 0xFF, 0xFF, 0x81, 0xC0, 0x00, 0x7F, 0x3F, 0x98, 0x1F, 0xCF,
    0xF7, 0xBC, 0x0F, 0xC7, 0xFF, 0xBF, 0x86, 0x00, 0x3E, 0x3F, 0xBC, 0xFD, 0xCF, 0xF7, 0xFF, 0x8F,
    0xC7, 0xFF, 0xBF, 0x87, 0x00, 0x7F, 0xBF, 0xC0, 0xE0, 0xE0, 0x70, 0x70, 0x38, 0x38, 0x38, 0x1C,
    0x00, 0x00, 0x7E, 0x7F, 0xB8, 0xFC, 0x77, 0xF3, 0xFB, 0x8F, 0xC7, 0xFF, 0xBF, 0x87, 0x00, 0x7E,
    0x7F, 0xB8, 0xFC, 0x7E, 0x7F, 0xFC, 0xFF, 0xC7, 0xFF, 0x3F, 0x06, 0x00, 0x1C, 0x0E, 0x1F, 0xDF,
    0xEF, 0xF0, 0xE0, 0x70, 0x7F, 0x7F, 0xBF, 0xC0, 0xFF, 0xFF, 0x00, 0xFF, 0xFF, 0x00, 0x39, 0x9C,
    0xE6, 0x73, 0x9C, 0xE3, 0x9C, 0xE3, 0x80, 0x63, 0x9C, 0x73, 0x9C, 0xE7, 0x39, 0xCC, 0xE6, 0x00,
    0x1E, 0x3F, 0x9D, 0xE3, 0xF7, 0xFB, 0x9D, 0xFE, 0xFF, 0x18, 0x00, 0x1E, 0x0F, 0xC7, 0xB9, 0xFE,
    0x7F, 0xDC, 0x07, 0xF8, 0xFE, 0x0C, 0x00, 0x1E, 0x0F, 0xE7, 0xF9, 0xC7, 0x61, 0xDC, 0x77, 0xF8,
    0xFC, 0x0C, 0x00, 0x61, 0x9C, 0xE3, 0xF0, 0xF8, 0x1E, 0x0F, 0xC7, 0xF1, 0xCE, 0x00, 0x00, 0x3E,
    0x3F, 0xCF, 0x78, 0x0E, 0xFF, 0xBF, 0xEF, 0xFB, 0x8E, 0x7F, 0x9F, 0xC1, 0xC0, 0xE0, 0x70, 0x3B,
    0x9F, 0xEF, 0xF7, 0x1F, 0x8F, 0xC7, 0xE3, 0xF1, 0xC0, 0x00, 0xE0, 0x70, 0x39, 0xDD, 0xEF, 0xE7,
    0xE3, 0xF1, 0xFC, 0xEE, 0x73, 0x80, 0x00, 0xFF, 0xFF, 0xFF, 0xFC, 0x00, 0xCC, 0x77, 0xFF, 0xFF,
    0xFF, 0xCE, 0x7E, 0x73, 0xF3, 0x9F, 0x9C, 0xFC, 0xE7, 0x00, 0x00, 0xCE, 0x7F, 0xBF, 0xDC, 0x7E,
    0x3F, 0x1F, 0x8F, 0xC7, 0x00, 0x00, 0xEE, 0x7F, 0xBF, 0xFC, 0x7E, 0x3F, 0x1F, 0xFF, 0xFE, 0xEC,
    0x70, 0x38, 0x00, 0x1E, 0x3F, 0x9D, 0xEF, 0x83, 0xF1, 0x7D, 0xFE, 0xFE, 0x1C, 0x00, 0x01, 0xCF,
    0xFF, 0xF9, 0xC7, 0x1C, 0x7C, 0xF1, 0x80, 0x0F, 0x80, 0x3F, 0xC0, 0x7D, 0xE0, 0x70, 0xE0, 0x70,
    0x70, 0x70, 0x00, 0x73, 0xFE, 0x73, 0xFF, 0x73, 0xFE, 0x73, 0x80, 0x7B, 0x80, 0x3F, 0xFC, 0x1F,
    0xFE, 0x07, 0xFC, 0x03, 0x80, 0x03, 0x80, 0x03, 0x80, 0x03, 0xFE, 0x03, 0xFF, 0x00, 0x00, 0x00,
    0x64, 0x00, 0x6C, 0x03, 0xEC, 0x0F, 0xF8, 0x1F, 0xFC, 0x3C, 0xDE, 0x79, 0x9F, 0x71, 0xB7, 0xF1,
    0xB7, 0xE3, 0x30, 0xE3, 0x60, 0xE3, 0x60, 0xE2, 0x60, 0xE6, 0xC0, 0xE6, 0xC0, 0x76, 0xC7, 0x7C,
    0x87, 0x7D, 0x8F, 0x3F, 0xBE, 0x1F, 0xFC, 0x1F, 0xF8, 0x1B, 0xC0, 0x33, 0x00, 0x12, 0x00, 0x03,
    0xE0, 0x0F, 0xF8, 0x1F, 0xFC, 0x3C, 0x1E, 0x78, 0x0F, 0x70, 0x07, 0xF0, 0x07, 0xE0, 0x00, 0xE1,
    0x9C, 0xE1, 0xFE, 0xE1, 0xFC, 0xE1, 0xE0, 0xE1, 0xC0, 0x71, 0xC7, 0x71, 0xC7, 0x79, 0xCE, 0x3F,
    0xFE, 0x1F, 0xFC, 0x0F, 0xF8, 0x01, 0xC0, 0x0F, 0xFC, 0x3F, 0xFC, 0x7F, 0xF8, 0xE0, 0x01, 0xC0,
    0x03, 0x80, 0x07, 0x00, 0x0E, 0x00, 0x1C, 0x00, 0x3F, 0xF8, 0x7F, 0xF0, 0xE0, 0x01, 0xC0, 0x03,
    0x80, 0x3F, 0xE0, 0x7F, 0xC0, 0x1C, 0x00, 0x38, 0x00, 0x70, 0x00, 0x03, 0x80, 0x7F, 0x07, 0xFC,
    0x78, 0xF3, 0x83, 0x9C, 0x1C, 0xE0, 0x1F, 0xF8, 0xFF, 0xC7, 0xFE, 0x0E, 0x01, 0xFF, 0x8F, 0xFC,
    0x1C, 0x00, 0xE0, 0x07, 0x07, 0x70, 0x3F, 0xFF, 0xFF, 0xFC, 0x00, 0x38, 0x00, 0x07, 0x01, 0x9E,
    0xFE, 0x7F, 0xFF, 0xEF, 0xFF, 0xFD, 0xE1, 0xE3, 0xFC, 0x38, 0x3F, 0x07, 0x07, 0xE1, 0xE0, 0xFC,
    0x3C, 0x1F, 0x8F, 0x83, 0xF1, 0xF0, 0x7E, 0x3E, 0x0F, 0xCF, 0xC1, 0xF9, 0xF8, 0x3F, 0x77, 0x07,
    0x0E, 0x00, 0x01, 0xC0, 0x00, 0x38, 0x01, 0x87, 0x80, 0x70, 0xF8, 0x0E, 0x1F, 0x01, 0xC3, 0xF0,
    0x38, 0x7E, 0x07, 0x0E, 0xE0, 0xE7, 0xFF, 0xFF, 0xFF, 0xFF, 0xFF, 0xFF, 0xFC, 0xE3, 0xCE, 0x7F,
    0xFF, 0xFF, 0xFF, 0xFE, 0x70, 0x7F, 0x0E, 0x07, 0xE1, 0xC0, 0xFC, 0x38, 0x0F, 0x87, 0x00, 0xF0,
    0xE0, 0x1E, 0x00, 0xFE, 0x00, 0x07, 0xFE, 0x00, 0x3F, 0xFC, 0x71, 0xC1, 0xE3, 0x8E, 0x07, 0x9C,
    0x70, 0x1F, 0xFF, 0x80, 0xFF, 0xFC, 0x07, 0xFF, 0xE0, 0x79, 0xC7, 0x07, 0x8E, 0x3F, 0xFC, 0x71,
    0xFF, 0xC3, 0x8F, 0xF0, 0x1C, 0x70, 0x00, 0xE3, 0x80, 0x07, 0x1C, 0x00, 0x38, 0xE0, 0x01, 0xE7,
    0x00, 0x07, 0xF8, 0x00, 0x3E, 0x00, 0x00, 0x20, 0xFE, 0x00, 0x00, 0x7F, 0xF0, 0x00, 0x3F, 0xFC,
    0x00, 0x1C, 0x1E, 0x00, 0x0E, 0x03, 0x80, 0x07, 0x01, 0xC3, 0xE3, 0x80, 0xE7, 0xF9, 0xC0, 0x73,
    0xFE, 0xE0, 0x7B, 0x83, 0xFF, 0xF9, 0xC0, 0x3F, 0xF8, 0xF0, 0x1F, 0xF8, 0x3F, 0x8E, 0x1C, 0x0F,
    0xF7, 0x0F, 0x00, 0xFB, 0x83, 0x80, 0x0F, 0xC1, 0xE7, 0x07, 0xE0, 0x73, 0x87, 0xF0, 0x3D, 0xFF,
    0xB8, 0x0E, 0x7F, 0x80, 0x00, 0x07, 0x00, 0x60, 0x18, 0x06, 0xE0, 0x3C, 0x0E, 0x70, 0x3C, 0x0E,
    0x70, 0x7C, 0x0E, 0x70, 0x7C, 0x0E, 0x70, 0x7E, 0x1C, 0x38, 0x7E, 0x1C, 0xFF, 0xFF, 0xFE, 0xFF,
    0xFF, 0xFE, 0x38, 0xE7, 0x38, 0x1C, 0xE7, 0x38, 0xFF, 0xFF, 0xFE, 0xFF, 0xFF, 0xFE, 0x1F, 0xC3,
    0xF0, 0x0F, 0x83, 0xF0, 0x0F, 0x81, 0xF0, 0x0F, 0x81, 0xE0, 0x07, 0x81, 0xE0, 0x07, 0x01, 0xE0,
    0xFF, 0xC3, 0x7F, 0xF3, 0xBF, 0xFD, 0xDC, 0x0E, 0xEE, 0x67, 0x77, 0x73, 0xBB, 0xB9, 0xDD, 0xDC,
    0xEE, 0xEE, 0x77, 0x77, 0x3B, 0xBB, 0x81, 0xDD, 0xC1, 0xEE, 0xFF, 0xF7, 0x7F, 0xF0, 0x00, 0x30,
    0x00, 0x70, 0x0F, 0xF0, 0x1F, 0xE0, 0x03, 0x83, 0xE7, 0x0F, 0xEE, 0x3F, 0xFC, 0x70, 0xF9, 0xC0,
    0xF3, 0x80, 0xE7, 0x01, 0xCE, 0x03, 0x9C, 0x07, 0x38, 0x1E, 0x78, 0x3C, 0x78, 0xF8, 0xFF, 0xF0,
    0xFE, 0xE0, 0x30, 0x00, 0x00, 0x00, 0x00, 0x3F, 0xFE, 0x7F, 0xFC, 0x00, 0x00, 0x00, 0xF0, 0x03,
    0xFC, 0x07, 0xFE, 0x0F, 0x0E, 0x0E, 0x00, 0x1C, 0x00, 0x1C, 0x00, 0x7F, 0xF8, 0xFF, 0xF8, 0x38,
    0x00, 0x7F, 0xE0, 0x7F, 0xE0, 0xFF, 0xE0, 0x1C, 0x00, 0x1C, 0x00, 0x0E, 0x00, 0x0F, 0x8E, 0x07,
    0xFE, 0x03, 0xFC, 0x00, 0x70, 0x18, 0x03, 0x87, 0x01, 0xE1, 0xC0, 0xF0, 0x70, 0x78, 0x1C, 0x3C,
    0x07, 0x1E, 0x01, 0xCF, 0x00, 0x77, 0x80, 0xFF, 0xFF, 0xBF, 0xFF, 0xEF, 0xFF, 0xF8, 0x7F, 0xC0,
    0x1E, 0x70, 0x07, 0x0E, 0x01, 0xC3, 0xC0, 0x70, 0x78, 0x1C, 0x0E, 0x07, 0x01, 0xC1, 0xC0, 0x78,
    0xFF, 0xFF, 0xFF, 0xFF, 0xFF, 0xC1, 0xE0, 0x07, 0x80, 0x1E, 0x00, 0x7F, 0x01, 0xFC, 0x1F, 0xC0,
    0xFE, 0x83, 0xFF, 0x01, 0xF8, 0x1F, 0x80, 0xFE, 0x03, 0x78, 0x01, 0xE0, 0x07, 0x80, 0x1E, 0x00,
    0x78, 0x00, 0x07, 0x00, 0x00, 0x00, 0x03, 0x80, 0x00, 0x00, 0x01, 0xFC, 0x00, 0x00, 0x07, 0xFF,
    0xC0, 0x00, 0x03, 0xFF, 0xF0, 0x00, 0x01, 0xF8, 0x7C, 0x00, 0x00, 0x1C, 0x0E, 0x00, 0x00, 0x0E,
    0x03, 0x81, 0xF0, 0x07, 0x01, 0xC3, 0xFC, 0x03, 0x80, 0xE3, 0xFF, 0x01, 0xC0, 0x39, 0xC3, 0xC0,
    0xE0, 0x1D, 0xC0, 0xE0, 0x70, 0x0E, 0xE0, 0x70, 0x38, 0x07, 0x70, 0x1C, 0xFC, 0x07, 0x38, 0x0E,
    0xFE, 0x03, 0x9C, 0x07, 0xFF, 0x01, 0xCE, 0x07, 0x73, 0xC1, 0xE7, 0x03, 0xB9, 0xF1, 0xE3, 0xC3,
    0xDF, 0xFF, 0xE1, 0xFF, 0xC7, 0xCF, 0xE0, 0xFF, 0xC0, 0xC1, 0xC0, 0x73, 0x80, 0x00, 0x00, 0x38,
    0x00, 0x00, 0x00, 0x1C, 0x00, 0x00, 0x00, 0x0E, 0x00, 0x00, 0x00, 0x07, 0x00, 0x00, 0x00, 0x00,
    0x00, 0x00, 0x1F, 0x80, 0x3F, 0xF0, 0x3F, 0xF8, 0x38, 0x3C, 0x7F, 0xFF, 0xFF, 0xFF, 0x7F, 0xFF,
    0x38, 0x0E, 0xFF, 0xFF, 0xFF, 0xFF, 0x38, 0x1C, 0x38, 0x7C, 0x3F, 0xF8, 0x3F, 0xF0, 0x38, 0x00,
    0x38, 0x00, 0x38, 0x00, 0x38, 0x00, 0x38, 0x00, 0x01, 0xC0, 0x00, 0xE0, 0x00, 0xF8, 0x01, 0xFF,
    0x01, 0xFF, 0xC1, 0xEE, 0xF1, 0xE7, 0x3C, 0xE3, 0x8E, 0xF1, 0xC7, 0x70, 0xE0, 0x38, 0x70, 0x1C,
    0x3F, 0xEE, 0x1F, 0xF7, 0x0F, 0xFB, 0x87, 0x1C, 0xE3, 0x8E, 0x71, 0xC7, 0x3C, 0xE7, 0x8F, 0xFF,
    0x83, 0xFF, 0x80, 0xFF, 0x80, 0x0E, 0x00, 0x07, 0x00, 0x03, 0x00, 0x01, 0xC0, 0x00, 0xE0, 0x00,
    0xF8, 0x00, 0x7C, 0x00, 0x77, 0x00, 0x3B, 0x80, 0x1D, 0xC0, 0x1C, 0x70, 0x7F, 0xFF, 0x3F, 0xFF,
    0x87, 0x07, 0x03, 0x83, 0x87, 0xFF, 0xF3, 0xFF, 0xF9, 0xFF, 0xFC, 0xF0, 0x1E, 0x70, 0x07, 0x38,
    0x03, 0xBC, 0x00, 0xE0, 0x07, 0x80, 0x7F, 0x83, 0xFF, 0x1E, 0x1C, 0x70, 0x70, 0xC1, 0xC0, 0x07,
    0x3F, 0xFF, 0xFF, 0xFC, 0x00, 0x0F, 0xFF, 0xFF, 0xFF, 0xFF, 0xFD, 0xC0, 0x07, 0x03, 0x9C, 0x0E,
    0x78, 0xF8, 0xFF, 0xC1, 0xFE, 0x01, 0xC0, 0x01, 0xC0, 0x01, 0xC0, 0x03, 0xE0, 0x0F, 0xF8, 0x1F,
    0xFC, 0x3D, 0xDE, 0x79, 0xCF, 0x71, 0xC7, 0xF1, 0xC7, 0xE1, 0xC0, 0xE1, 0xC0, 0xE1, 0xC0, 0xE1,
    0xC0, 0xE1, 0xC0, 0xE1, 0xC0, 0x71, 0xC7, 0x71, 0xC7, 0x79, 0xCF, 0x3F, 0xFE, 0x1F, 0xFC, 0x0F,
    0xF8, 0x01, 0xC0, 0x01, 0xC0, 0x01, 0xC0, 0xFF, 0xFF, 0xFF, 0xFF, 0xFF, 0xC0, 0x00, 0xFF, 0xFF,
    0xFF, 0xFF, 0xFF, 0xC1, 0xE0, 0x07, 0x80, 0x1E, 0x00, 0x78, 0x01, 0xE0, 0x07, 0x80, 0x1E, 0x00,
    0x78, 0x01, 0xE0, 0x07, 0x80, 0x1E, 0x00, 0x78, 0x00, 0x7F, 0xFB, 0xFF, 0xFF, 0xFE, 0x07, 0x80,
    0x1C, 0x3F, 0xFF, 0xFF, 0xEF, 0xFE, 0x01, 0xC3, 0xFE, 0x3F, 0xE0, 0xFC, 0x03, 0x80, 0x1E, 0x00,
    0x78, 0x01, 0xE0, 0x07, 0x80, 0x1E, 0x00, 0xF0, 0x18, 0x01, 0xC0, 0x0E, 0x60, 0x7F, 0x03, 0xF8,
    0x3F, 0x03, 0xE2, 0x1F, 0xF0, 0x3F, 0x83, 0xF8, 0x3F, 0x01, 0xF0, 0x7B, 0x87, 0x9C, 0x38, 0xE1,
    0xC7, 0x1E, 0x39, 0xE1, 0xFE, 0x0F, 0xE0, 0x38, 0x00, 0x01, 0x80, 0x03, 0xC0, 0x03, 0xC0, 0x07,
    0xE0, 0x1F, 0xF8, 0x3F, 0xFC, 0x3B, 0xDC, 0x73, 0xDE, 0x73, 0xCE, 0x73, 0xCE, 0xE3, 0xCF, 0xE3,
    0xC7, 0xE3, 0xC7, 0xE3, 0xC7, 0x0F, 0xE0, 0x0F, 0xFE, 0x07, 0xFF, 0x83, 0x81, 0xE1, 0xC0, 0x70,
    0xE0, 0x38, 0x70, 0x1C, 0x38, 0x0E, 0x1C, 0x07, 0x3F, 0xFF, 0xBF, 0xFF, 0x8F, 0xFF, 0x01, 0xC0,
    0x03, 0xFE, 0x03, 0xFF, 0x00, 0xFF, 0x80, 0x1C, 0x00, 0x0E, 0x00, 0x07, 0x00, 0x00, 0x06, 0x60,
    0x06, 0xE0, 0x07, 0xE0, 0x0F, 0xF0, 0x1F, 0xF8, 0x3E, 0xFC, 0x7E, 0xFE, 0x76, 0xEE, 0x76, 0xEE,
    0xE6, 0xEF, 0xE6, 0x67, 0xE0, 0x00, 0x70, 0x00, 0x70, 0x00, 0x70, 0x00, 0x38, 0x00, 0x1F, 0x00,
    0xFF, 0xFE, 0xFF, 0xFE, 0x3B, 0x01, 0xD8, 0x3F, 0xC1, 0xFF, 0x8F, 0xFF, 0x70, 0x7B, 0x81, 0xDC,
    0x07, 0xE0, 0x3F, 0x03, 0xBF, 0xFD, 0xFF, 0x8F, 0xFF, 0x70, 0x3F, 0x80, 0xFC, 0x07, 0xE0, 0x3F,
    0x01, 0xF8, 0x3F, 0xFF, 0xEF, 0xFE, 0x1D, 0x80, 0xEC, 0x02, 0x60, 0x01, 0x80, 0x00, 0x78, 0x00,
    0x1E, 0x00, 0x07, 0x80, 0x01, 0xE0, 0x00, 0x78, 0x00, 0x1E, 0x00, 0x07, 0xFF, 0xFF, 0xFF, 0xFF,
    0xEF, 0x00, 0x00, 0xF0, 0x00, 0x0F, 0x00, 0x00, 0xF0, 0x00, 0x0F, 0x00, 0x00, 0xF0, 0x00, 0x0C,
    0x00, 0x00, 0x80, 0x00, 0xE0, 0x00, 0xF8, 0x00, 0xFE, 0x00, 0xFF, 0x80, 0xEF, 0xE0, 0xF7, 0x78,
    0xF3, 0x9E, 0xF1, 0xC7, 0x30, 0xE1, 0x80, 0x70, 0x00, 0x38, 0x00, 0x1C, 0x00, 0x0E, 0x00, 0x07,
    0x00, 0x03, 0x80, 0x01, 0xC0, 0x00, 0xE0, 0x00, 0x70, 0x00, 0x00, 0x60, 0x00, 0x0E, 0x00, 0x01,
    0xE0, 0x00, 0x1E, 0x00, 0x01, 0xE0, 0x00, 0x0E, 0x00, 0x00, 0xE7, 0xFF, 0xFE, 0xFF, 0xFF, 0xC0,
    0x00, 0x70, 0x00, 0x1C, 0x00, 0x07, 0x00, 0x01, 0xC0, 0x00, 0x70, 0x00, 0x1C, 0x00, 0x03, 0x00,
    0x01, 0x80, 0x00, 0xE0, 0x00, 0x70, 0x00, 0x38, 0x00, 0x1C, 0x00, 0x0E, 0x00, 0x07, 0x00, 0x03,
    0x80, 0x01, 0xC0, 0x00, 0xE0, 0x18, 0x70, 0xDE, 0x38, 0xE7, 0x9C, 0xF1, 0xEE, 0xF0, 0x7F, 0xF0,
    0x1F, 0xF0, 0x07, 0xF0, 0x01, 0xF0, 0x00, 0x70, 0x00, 0x00, 0x00, 0x01, 0x80, 0x0C, 0x00, 0x1E,
    0x00, 0xF0, 0x01, 0xE0, 0x03, 0xC0, 0x1E, 0x00, 0x0F, 0x01, 0xE0, 0x00, 0x3C, 0x1E, 0x00, 0x00,
    0xF1, 0xE0, 0x00, 0x03, 0xDF, 0xFF, 0xFF, 0xFF, 0xFF, 0xFF, 0xFF, 0xFB, 0xC0, 0x00, 0x07, 0x8F,
    0x00, 0x00, 0x78, 0x3C, 0x00, 0x07, 0x80, 0xF0, 0x00, 0x78, 0x03, 0xC0, 0x07, 0x80, 0x0F, 0x00,
    0x78, 0x00, 0x30, 0x01, 0x80, 0x00, 0x00, 0x00, 0xE0, 0x00, 0xF8, 0x00, 0xFE, 0x00, 0xFF, 0x80,
    0xFF, 0xE0, 0xF7, 0x78, 0xF3, 0x9E, 0xF1, 0xC7, 0x30, 0xE1, 0x80, 0x70, 0x00, 0x38, 0x00, 0x1C,
    0x00, 0x0E, 0x00, 0x07, 0x00, 0x03, 0x80, 0x01, 0xC0, 0x00, 0xE0, 0x00, 0x70, 0x00, 0x38, 0x06,
    0x1C, 0x37, 0x8E, 0x39, 0xE7, 0x3C, 0x7B, 0xBC, 0x1F, 0xFC, 0x07, 0xFC, 0x01, 0xFC, 0x00, 0x7C,
    0x00, 0x1C, 0x00, 0x00, 0x00, 0x7F, 0xF0, 0xFF, 0xF1, 0xFF, 0xC3, 0xE0, 0x07, 0xE0, 0x0D, 0xE0,
    0x19, 0xE0, 0x31, 0xE0, 0x61, 0xE0, 0xC1, 0xE1, 0x81, 0xE3, 0x01, 0xE0, 0x01, 0xE0, 0x01, 0x80,
    0x00, 0x00, 0x1F, 0xFC, 0x3F, 0xFC, 0x7F, 0xF8, 0x03, 0xF0, 0x0F, 0xE0, 0x3D, 0xC0, 0xF3, 0x83,
    0xC7, 0x0F, 0x0E, 0x3C, 0x1C, 0xF0, 0x3B, 0xC0, 0x77, 0x00, 0x0C, 0x00, 0x00, 0x00, 0x00, 0x20,
    0x00, 0xE0, 0x01, 0xE0, 0x31, 0xE0, 0x71, 0xE0, 0xE1, 0xE1, 0xC1, 0xE3, 0x81, 0xE7, 0x01, 0xEE,
    0x01, 0xFC, 0x01, 0xF8, 0x01, 0xF1, 0xFF, 0xE3, 0xFF, 0xC0, 0x00, 0x0C, 0x00, 0x3D, 0x80, 0xF3,
    0x03, 0xC6, 0x0F, 0x0C, 0x3C, 0x18, 0xF0, 0x33, 0xC0, 0x6F, 0x00, 0xDC, 0x01, 0xF0, 0x03, 0xC0,
    0x07, 0xFF, 0x8F, 0xFF, 0x00, 0x00, 0x00, 0x78, 0x00, 0x00, 0x3E, 0x00, 0x00, 0x1F, 0x80, 0x30,
    0x00, 0xE0, 0x3C, 0x00, 0x70, 0x3C, 0x00, 0x1C, 0x3C, 0x00, 0x0E, 0x3C, 0x00, 0x0E, 0x3C, 0x00,
    0x07, 0x3C, 0x00, 0x0F, 0xBF, 0xFF, 0xFF, 0x9F, 0xFF, 0xFF, 0x87, 0x80, 0x00, 0x01, 0xE0, 0x00,
    0x00, 0x78, 0x00, 0x00, 0x1E, 0x00, 0x00, 0x07, 0x80, 0x00, 0x01, 0xE0, 0x00, 0x00, 0x60, 0x00,
    0x00, 0x1E, 0x00, 0x00, 0x1F, 0x80, 0x00, 0x1F, 0x80, 0x00, 0x1E, 0x00, 0x30, 0x0E, 0x00, 0x1C,
    0x07, 0x00, 0x0F, 0x03, 0x80, 0x03, 0xC1, 0xC0, 0x00, 0xF0, 0xF0, 0x00, 0x3C, 0x3C, 0x00, 0x0F,
    0x0F, 0xFF, 0xFF, 0xC3, 0xFF, 0xFF, 0xE0, 0x00, 0x00, 0xE0, 0x00, 0x01, 0xE0, 0x00, 0x01, 0xE0,
    0x00, 0x01, 0xE0, 0x00, 0x01, 0xE0, 0x00, 0x00, 0xE0, 0x00, 0x00, 0x60, 0x00, 0x04, 0x00, 0x00,
    0x60, 0x00, 0x07, 0x00, 0x00, 0x78, 0x00, 0x07, 0xFF, 0xFF, 0x7F, 0xFF, 0xFD, 0xFF, 0xFF, 0xC7,
    0x80, 0x06, 0x1C, 0x00, 0x30, 0x60, 0x01, 0x81, 0x00, 0x0C, 0x00, 0x00, 0x60, 0x00, 0x03, 0x00,
    0x00, 0x18, 0x00, 0x00, 0xC0, 0x00, 0x06, 0x00, 0x00, 0x30, 0x00, 0x01, 0x80, 0x00, 0x0C, 0x00,
    0x03, 0x00, 0x00, 0x1C, 0x00, 0x00, 0xF0, 0x00, 0x07, 0xCF, 0xFF, 0xFF, 0x7F, 0xFF, 0xFB, 0xFF,
    0xFF, 0xDC, 0x00, 0x7C, 0xE0, 0x03, 0xC7, 0x00, 0x1C, 0x38, 0x00, 0xC1, 0xC0, 0x00, 0x0E, 0x00,
    0x00, 0x70, 0x00, 0x03, 0x80, 0x00, 0x1C, 0x00, 0x00, 0xE0, 0x00, 0x07, 0x00, 0x00, 0x38, 0x00,
    0x00, 0x40, 0x00, 0x07, 0x00, 0x00, 0x38, 0x00, 0x01, 0xC0, 0x00, 0x0E, 0x00, 0x00, 0x70, 0x00,
    0x03, 0x80, 0x0C, 0x1C, 0x00, 0x70, 0xE0, 0x03, 0xC7, 0x00, 0x1F, 0x3F, 0xFF, 0xFD, 0xFF, 0xFF,
    0xE0, 0x00, 0x3E, 0x00, 0x01, 0xE0, 0x00, 0x0E, 0x00, 0x00, 0x60, 0x00, 0x00, 0x00, 0x7F, 0xF0,
    0x7F, 0xF8, 0x3F, 0xFC, 0x00, 0x06, 0x00, 0x03, 0x00, 0x01, 0x80, 0x00, 0xC0, 0x00, 0x60, 0x00,
    0x30, 0x00, 0x18, 0x00, 0x0C, 0x00, 0x06, 0x00, 0x03, 0x00, 0x01, 0x80, 0x0F, 0xFC, 0x03, 0xFC,
    0x00, 0xFC, 0x00, 0x3C, 0x00, 0x0C, 0x00, 0x00, 0x00, 0x00, 0x00, 0x30, 0x00, 0x01, 0x80, 0x00,
    0x0C, 0x00, 0x00, 0x60, 0x00, 0x03, 0x00, 0x00, 0x18, 0x30, 0x00, 0xC3, 0x80, 0x06, 0x3C, 0x00,
    0x33, 0xE0, 0x01, 0xBF, 0xFF, 0xFF, 0xFF, 0xFF, 0xF7, 0xC0, 0x00, 0x1E, 0x00, 0x00, 0x70, 0x00,
    0x01, 0x80, 0x00, 0x00, 0x00, 0x00, 0x00, 0x00, 0x00, 0x0C, 0x00, 0x03, 0x80, 0x00, 0xF0, 0x00,
    0x3E, 0x00, 0x0F, 0xF8, 0x01, 0xFF, 0xC0, 0x1F, 0x7C, 0x01, 0xE3, 0xC0, 0x1C, 0x38, 0x01, 0x83,
    0x80, 0x00, 0x70, 0x00, 0x0E, 0x00, 0x00, 0xF8, 0x00, 0x1B, 0x00, 0x07, 0x70, 0x00, 0xEE, 0x00,
    0x1C, 0xE0, 0x07, 0x1E, 0x01, 0xC1, 0xF9, 0xF8, 0x1F, 0xFC, 0x00, 0xFF, 0x00, 0x00, 0x00, 0x00,
    0x0C, 0x00, 0x01, 0xC0, 0x00, 0x3C, 0x00, 0x07, 0xC0, 0x07, 0xFC, 0x03, 0xFF, 0x80, 0xFB, 0xE0,
    0x3C, 0x78, 0x0F, 0x0E, 0x01, 0xC1, 0x80, 0x38, 0x00, 0x0E, 0x00, 0x01, 0xC0, 0x00, 0x38, 0x00,
    0x1B, 0x00, 0x07, 0x70, 0x00, 0xEE, 0x00, 0x1C, 0xE0, 0x07, 0x1E, 0x01, 0xC1, 0xF9, 0xF8, 0x1F,
    0xFC, 0x00, 0xFF, 0x00, 0x01, 0x80, 0x00, 0x78, 0x00, 0x1E, 0x00, 0x07, 0x80, 0x01, 0xE0, 0x00,
    0x7F, 0xFF, 0xDF, 0xFF, 0xFF, 0x80, 0x00, 0xF0, 0x00, 0x0F, 0xFF, 0xFC, 0xFF, 0xFF, 0x8F, 0xFF,
    0xE0, 0xF0, 0x00, 0x0F, 0x00, 0x00, 0xF0, 0x00, 0x0C, 0x00, 0x00, 0x00, 0x00, 0x00, 0x60, 0x00,
    0x0E, 0x00, 0x01, 0xE0, 0x00, 0x1E, 0x00, 0x01, 0xE1, 0xFF, 0xFE, 0x3F, 0xFF, 0xE0, 0x00, 0x1E,
    0x00, 0x01, 0xDF, 0xFF, 0xF3, 0xFF, 0xFC, 0x7F, 0xFF, 0x00, 0x01, 0xC0, 0x00, 0x70, 0x00, 0x1C,
    0x00, 0x03, 0x00, 0x00, 0x00, 0x00, 0x01, 0x80, 0x0C, 0x00, 0x1E, 0x00, 0xF0, 0x01, 0xE0, 0x03,
    0xC0, 0x1E, 0x00, 0x0F, 0x01, 0xE0, 0x00, 0x3C, 0x1F, 0xFF, 0xFF, 0xF1, 0xFF, 0xFF, 0xFF, 0xDE,
    0x00, 0x00, 0x0F, 0xF0, 0x00, 0x00, 0x7B, 0xFF, 0xFF, 0xFF, 0x8F, 0xFF, 0xFF, 0xF8, 0x3F, 0xFF,
    0xFF, 0x80, 0xF0, 0x00, 0x78, 0x03, 0xC0, 0x07, 0x80, 0x0F, 0x00, 0x78, 0x00, 0x30, 0x01, 0x80,
    0x00, 0x00, 0x00, 0x00, 0x04, 0x01, 0xC0, 0x7C, 0x1F, 0xC7, 0xFD, 0xFF, 0xC3, 0x80, 0x70, 0x7F,
    0xCF, 0xF9, 0xFF, 0x07, 0x07, 0xFC, 0xFF, 0x9F, 0xF0, 0x70, 0x0E, 0x01, 0xC0, 0x38, 0x00, 0x0E,
    0x01, 0xC0, 0x38, 0x07, 0x00, 0xE0, 0xFF, 0x9F, 0xF0, 0x70, 0x0E, 0x0F, 0xF9, 0xFF, 0x07, 0x00,
    0xE0, 0x1C, 0x3F, 0xFB, 0xFE, 0x3F, 0x83, 0xE0, 0x38, 0x02, 0x00, 0xC0, 0x00, 0x07, 0x06, 0x00,
    0x38, 0x70, 0x01, 0xC7, 0x80, 0x0E, 0x7C, 0x00, 0x77, 0xFF, 0xFF, 0xBF, 0xFF, 0xFC, 0xF8, 0x00,
    0xE3, 0xC0, 0x07, 0x0E, 0x00, 0x38, 0x30, 0x01, 0x80, 0x00, 0x00, 0x00, 0x00, 0x18, 0x00, 0x40,
    0xC0, 0x03, 0x06, 0x00, 0x1C, 0x30, 0x01, 0xF1, 0xFF, 0xFF, 0xCF, 0xFF, 0xFE, 0x60, 0x01, 0xE3,
    0x00, 0x0E, 0x18, 0x00, 0x60, 0xC0, 0x02, 0x06, 0x00, 0x00, 0x30, 0x00, 0x20, 0x00, 0x01, 0xC0,
    0x00, 0x0F, 0x80, 0x00, 0x7F, 0x00, 0x03, 0xCE, 0x00, 0x1E, 0x1C, 0x00, 0xF0, 0x38, 0x07, 0x80,
    0x70, 0x3C, 0x00, 0xE1, 0xFC, 0x0F, 0xCF, 0xF0, 0x3F, 0x81, 0xC0, 0xC0, 0x07, 0x03, 0x00, 0x1C,
    0x0C, 0x00, 0x70, 0x30, 0x01, 0xC0, 0xC0, 0x07, 0x03, 0x00, 0x1C, 0x0C, 0x00, 0x7F, 0xF0, 0x01,
    0xFF, 0xC0, 0x00, 0x20, 0x00, 0x01, 0xC0, 0x00, 0x0F, 0x80, 0x00, 0x7F, 0x00, 0x03, 0xCE, 0x00,
    0x1E, 0x1C, 0x00, 0xF0, 0x38, 0x07, 0x80, 0x70, 0x3C, 0x00, 0xE1, 0xFC, 0x0F, 0xCF, 0xF0, 0x3F,
    0x81, 0xC0, 0xC0, 0x07, 0x03, 0x00, 0x1C, 0x0C, 0x00, 0x7F, 0xF0, 0x01, 0xFF, 0xC0, 0x03, 0xFF,
    0x00, 0x00, 0x00, 0x00, 0x7F, 0xF0, 0x01, 0xFF, 0xC0, 0x07, 0x03, 0x00, 0x1C, 0x0C, 0x00, 0x7F,
    0xF0, 0x01, 0xFF, 0xC0, 0x1F, 0x01, 0xFE, 0x0F, 0xF8, 0x43, 0xE0, 0x07, 0x00, 0x38, 0x3C, 0xE3,
    0xFF, 0x3F, 0xFB, 0xC3, 0xDC, 0x0E, 0xE0, 0x77, 0x03, 0xB8, 0x1D, 0xC0, 0xEE, 0x0E, 0x78, 0xF1,
    0xFF, 0x07, 0xF0, 0x06, 0x00, 0x00, 0x00, 0x1F, 0xCC, 0x7F, 0xF9, 0xFF, 0xE7, 0x83, 0xCE, 0x0F,
    0xB8, 0x3B, 0xF0, 0xE7, 0xE3, 0x8F, 0xCE, 0x1D, 0xF8, 0x73, 0xE1, 0xE7, 0xC7, 0x8F, 0xFF, 0x3B,
    0xF8, 0x61, 0xC0, 0x01, 0xC0, 0x00, 0xE0, 0x00, 0xF8, 0x00, 0x7C, 0x00, 0x7E, 0x00, 0x3B, 0x80,
    0x1D, 0xC0, 0x1C, 0xE0, 0x0E, 0x38, 0x07, 0x1C, 0x07, 0x0F, 0x03, 0x83, 0x81, 0xC1, 0xC1, 0xC0,
    0x70, 0xE0, 0x38, 0xF0, 0x1C, 0x70, 0x07, 0x3F, 0xFF, 0xBF, 0xFF, 0xC0, 0xFF, 0xFF, 0xFF, 0xFF,
    0xFF, 0xF8, 0x07, 0xE0, 0x1F, 0x80, 0x7E, 0x01, 0xF8, 0x07, 0xE0, 0x1F, 0x80, 0x7E, 0x01, 0xF8,
    0x07, 0xE0, 0x1F, 0x80, 0x7E, 0x01, 0xF8, 0x07, 0xE0, 0x1F, 0x80, 0x7E, 0x01, 0xF8, 0x07, 0xE0,
    0x1F, 0x80, 0x70, 0x7F, 0xFC, 0xFF, 0xF9, 0xFF, 0xF3, 0xC0, 0x03, 0xC0, 0x03, 0xC0, 0x03, 0xC0,
    0x03, 0x80, 0x07, 0x80, 0x07, 0x80, 0x07, 0x80, 0x07, 0x00, 0x1E, 0x00, 0x78, 0x00, 0xE0, 0x03,
    0x80, 0x0F, 0x00, 0x3C, 0x00, 0xF0, 0x03, 0xC0, 0x07, 0xFF, 0xEF, 0xFF, 0xDF, 0xFF, 0x80, 0x7F,
    0xFF, 0xFF, 0xFF, 0xF0, 0x00, 0x0E, 0x00, 0x1C, 0x00, 0x78, 0x00, 0xE0, 0x01, 0xC0, 0x07, 0x80,
    0x0E, 0x00, 0x1C, 0x00, 0x70, 0xF0, 0xE3, 0xF3, 0xC3, 0xE7, 0x01, 0xCE, 0x01, 0xFC, 0x03, 0xF0,
    0x07, 0xE0, 0x07, 0x80, 0x0F, 0x00, 0x0E, 0x00, 0x1F, 0x03, 0xC3, 0xFC, 0x7F, 0x9F, 0xF7, 0xFF,
    0xC3, 0xF8, 0x7E, 0x0F, 0x83, 0xF0, 0x3C, 0x1F, 0x83, 0xE0, 0xFE, 0x7F, 0xCF, 0x7F, 0xDF, 0xF1,
    0xFC, 0x3F, 0x03, 0x00, 0x60, 0x01, 0x81, 0xF0, 0xFC, 0x38, 0x1C, 0x07, 0x01, 0xC0, 0x70, 0x1C,
    0x07, 0x01, 0xC0, 0x70, 0x1C, 0x07, 0x01, 0xC0, 0x70, 0x1C, 0x07, 0x01, 0xC0, 0x70, 0x1C, 0x07,
    0x01, 0xC1, 0xF0, 0xFC, 0x3E, 0x00, 0x03, 0xBC, 0xE2, 0x00, 0x00, 0x00, 0x00, 0xEF, 0x38, 0x80,
    0x00, 0x00, 0xF8, 0x77, 0xF1, 0xDD, 0xFE, 0x61, 0xF8, 0x03, 0xC3, 0xE1, 0x9F, 0xC7, 0x7F, 0xFD,
    0x8F, 0xE6, 0x1F, 0x00, 0x01, 0xC0, 0x1C, 0x01, 0x8F, 0xFF, 0xFF, 0xF7, 0xFF, 0x07, 0x00, 0x60,
    0xFF, 0xFF, 0xFF, 0xFF, 0xF1, 0xC0, 0x18, 0x03, 0x80, 0x00, 0x30, 0x1F, 0x0F, 0xF7, 0xF8, 0xFC,
    0x0F, 0xE0, 0x3F, 0xC0, 0x7F, 0x01, 0xF0, 0x03, 0x00, 0x0F, 0xFF, 0xFF, 0xF7, 0xFF, 0xE0, 0x0F,
    0xC0, 0xFF, 0x01, 0xFE, 0x03, 0xF0, 0x7F, 0x3F, 0xEF, 0xF0, 0xF8, 0x0C, 0x00, 0x00, 0x0F, 0xFF,
    0xFF, 0xF7, 0xFF, 0x00, 0x00, 0xE0, 0x00, 0x00, 0x03, 0xFF, 0xC0, 0x00, 0x01, 0xFF, 0xFF, 0x00,
    0x00, 0x7F, 0x07, 0xF0, 0x00, 0x3F, 0x00, 0x1F, 0x80, 0x0F, 0x80, 0x00, 0xF8, 0x03, 0xC0, 0x00,
    0x07, 0x80, 0xF0, 0x00, 0x00, 0x70, 0x1C, 0x00, 0x00, 0x07, 0x07, 0x00, 0x18, 0x00, 0xF0, 0xE0,
    0x03, 0x80, 0x0E, 0x38, 0x00, 0x70, 0x00, 0xE7, 0x00, 0x0E, 0x00, 0x1D, 0xC0, 0x01, 0xC0, 0x03,
    0xB8, 0x00, 0x38, 0x00, 0x37, 0x00, 0x07, 0x00, 0x07, 0xE0, 0x00, 0xE0, 0x00, 0xFC, 0x0F, 0xFF,
    0xF8, 0x1F, 0x81, 0xFF, 0xFF, 0x03, 0xF0, 0x00, 0x70, 0x00, 0x7E, 0x00, 0x0E, 0x00, 0x0F, 0xC0,
    0x01, 0xC0, 0x01, 0x98, 0x00, 0x38, 0x00, 0x73, 0x80, 0x07, 0x00, 0x0E, 0x70, 0x00, 0xE0, 0x03,
    0xC7, 0x00, 0x1C, 0x00, 0x70, 0xF0, 0x00, 0x00, 0x1E, 0x0E, 0x00, 0x00, 0x07, 0x80, 0xE0, 0x00,
    0x01, 0xE0, 0x1E, 0x00, 0x00, 0x78, 0x01, 0xF0, 0x00, 0x1E, 0x00, 0x1F, 0x80, 0x0F, 0x80, 0x00,
    0xFF, 0xBF, 0xE0, 0x00, 0x07, 0xFF, 0xF0, 0x00, 0x00, 0x3F, 0xF8, 0x00, 0x00, 0x00, 0x00, 0xE0,
    0x00, 0x00, 0x03, 0xFF, 0xC0, 0x00, 0x01, 0xFF, 0xFF, 0x00, 0x00, 0x7F, 0x07, 0xF0, 0x00, 0x3F,
    0x00, 0x1F, 0x80, 0x0F, 0x80, 0x00, 0xF8, 0x03, 0xC0, 0x00, 0x07, 0x80, 0xF0, 0x00, 0x00, 0x70,
    0x1C, 0x00, 0x00, 0x07, 0x07, 0x00, 0x00, 0x00, 0xF0, 0xE0, 0x00, 0x00, 0x0E, 0x38, 0x00, 0x00,
    0x00, 0xE7, 0x00, 0x00, 0x00, 0x1D, 0xC0, 0x00, 0x00, 0x03, 0xB8, 0x00, 0x00, 0x00, 0x37, 0x00,
    0x00, 0x00, 0x07, 0xE0, 0x0F, 0xFE, 0x00, 0xFC, 0x03, 0xFF, 0xC0, 0x1F, 0x80, 0x7F, 0xF8, 0x03,
    0xF0, 0x00, 0x00, 0x00, 0x7E, 0x00, 0x00, 0x00, 0x0F, 0xC0, 0x00, 0x00, 0x01, 0x98, 0x00, 0x00,
    0x00, 0x73, 0x80, 0x00, 0x00, 0x0E, 0x70, 0x00, 0x00, 0x03, 0xC7, 0x00, 0x00, 0x00, 0x70, 0xF0,
    0x00, 0x00, 0x1E, 0x0E, 0x00, 0x00, 0x07, 0x80, 0xE0, 0x00, 0x01, 0xE0, 0x1E, 0x00, 0x00, 0x78,
    0x01, 0xF0, 0x00, 0x1E, 0x00, 0x1F, 0x80, 0x0F, 0x80, 0x00, 0xFF, 0xBF, 0xE0, 0x00, 0x07, 0xFF,
    0xF0, 0x00, 0x00, 0x3F, 0xF8, 0x00, 0x00, 0x00, 0x00, 0xE0, 0x00, 0x00, 0x03, 0xFF, 0xC0, 0x00,
    0x01, 0xFF, 0xFF, 0x00, 0x00, 0x7F, 0x07, 0xF0, 0x00, 0x3F, 0x00, 0x1F, 0x80, 0x0F, 0x80, 0x00,
    0xF8, 0x03, 0xC0, 0x00, 0x07, 0x80, 0xF0, 0x00, 0x00, 0x70, 0x1C, 0x00, 0x00, 0x07, 0x07, 0x00,
    0x00, 0x00, 0xF0, 0xE0, 0x00, 0x00, 0x0E, 0x38, 0x00, 0x00, 0x00, 0xE7, 0x00, 0xC0, 0x60, 0x1D,
    0xC0, 0x1C, 0x1C, 0x03, 0xB8, 0x03, 0xC7, 0x80, 0x37, 0x00, 0x3D, 0xE0, 0x07, 0xE0, 0x03, 0xF8,
    0x00, 0xFC, 0x00, 0x3E, 0x00, 0x1F, 0x80, 0x07, 0xC0, 0x03, 0xF0, 0x01, 0xFC, 0x00, 0x7E, 0x00,
    0x7B, 0xC0, 0x0F, 0xC0, 0x1E, 0x3C, 0x01, 0x98, 0x03, 0x83, 0x80, 0x73, 0x80, 0x60, 0x20, 0x0E,
    0x70, 0x00, 0x00, 0x03, 0xC7, 0x00, 0x00, 0x00, 0x70, 0xF0, 0x00, 0x00, 0x1E, 0x0E, 0x00, 0x00,
    0x07, 0x80, 0xE0, 0x00, 0x01, 0xE0, 0x1E, 0x00, 0x00, 0x78, 0x01, 0xF0, 0x00, 0x1E, 0x00, 0x1F,
    0x80, 0x0F, 0x80, 0x00, 0xFF, 0xBF, 0xE0, 0x00, 0x07, 0xFF, 0xF0, 0x00, 0x00, 0x3F, 0xF8, 0x00,
    0x00, 0x00, 0x00, 0xE0, 0x00, 0x00, 0x03, 0xFF, 0xC0, 0x00, 0x01, 0xFF, 0xFF, 0x00, 0x00, 0x7F,
    0x07, 0xF0, 0x00, 0x3F, 0x00, 0x1F, 0x80, 0x0F, 0x80, 0x00, 0xF8, 0x03, 0xC0, 0x00, 0x07, 0x80,
    0xF0, 0x00, 0x00, 0x70, 0x1C, 0x00, 0x00, 0x07, 0x07, 0x00, 0x00, 0x00, 0xF0, 0xE0, 0x00, 0x08,
    0x0E, 0x38, 0x00, 0x03, 0x80, 0xE7, 0x00, 0x00, 0xF0, 0x1D, 0xC0, 0x00, 0x3C, 0x03, 0xB8, 0x00,
    0x0F, 0x00, 0x37, 0x00, 0x01, 0xC0, 0x07, 0xE0, 0x00, 0x70, 0x00, 0xFC, 0x00, 0x1E, 0x00, 0x1F,
    0x80, 0x07, 0x80, 0x03, 0xF0, 0x01, 0xE0, 0x00, 0x7E, 0x00, 0x78, 0x00, 0x0F, 0xC0, 0x0E, 0x00,
    0x01, 0x98, 0x03, 0x80, 0x00, 0x73, 0x80, 0xF0, 0x00, 0x0E, 0x70, 0x1C, 0x00, 0x03, 0xC7, 0x00,
    0x00, 0x00, 0x70, 0xF0, 0x00, 0x00, 0x1E, 0x0E, 0x00, 0x00, 0x07, 0x80, 0xE0, 0x00, 0x01, 0xE0,
    0x1E, 0x00, 0x00, 0x78, 0x01, 0xF0, 0x00, 0x1E, 0x00, 0x1F, 0x80, 0x0F, 0x80, 0x00, 0xFF, 0xBF,
    0xE0, 0x00, 0x07, 0xFF, 0xF0, 0x00, 0x00, 0x3F, 0xF8, 0x00, 0x00, 0x00, 0x00, 0x00, 0x00, 0x00,
    0x0E, 0x60, 0x00, 0x0E, 0x70, 0x00, 0x07, 0x60, 0x00, 0x07, 0xE0, 0x00, 0x07, 0xE0, 0x00, 0x07,
    0xF0, 0x00, 0x07, 0x78, 0x00, 0x1E, 0x7F, 0xFF, 0xFE, 0x1F, 0xFF, 0xF8, 0x07, 0xFF, 0x80, 0x00,
    0x00, 0x00, 0x00, 0x00, 0x00, 0x00, 0x76, 0x00, 0x00, 0x7E, 0x00, 0x00, 0x76, 0x00, 0x00, 0x1C,
    0x00, 0x00, 0x1C, 0x00, 0x00, 0x18, 0x00, 0x60, 0x00, 0x00, 0x03, 0x80, 0x00, 0x00, 0x18, 0x00,
    0x00, 0x01, 0xC0, 0x00, 0x06, 0x0E, 0x00, 0x00, 0x78, 0x78, 0x00, 0x0F, 0x81, 0xE0, 0x03, 0xFF,
    0x0F, 0xFF, 0xFF, 0x7F, 0x1F, 0xFF, 0xE1, 0xF8, 0x3F, 0xF0, 0x00, 0x00, 0x00, 0x00, 0x00, 0x00,
    0x00, 0x00, 0x00, 0x06, 0xE0, 0x00, 0x00, 0x77, 0x00, 0x00, 0x01, 0xB0, 0x00, 0x00, 0x07, 0x00,
    0x00, 0x00, 0x38, 0x00, 0x00, 0x00, 0x80, 0x00, 0x00, 0x00, 0x18, 0x38, 0x70, 0xE0, 0xC1, 0x83,
    0x0E, 0xFD, 0xF0, 0x00, 0x0D, 0xDF, 0xB7, 0x38, 0x70, 0x60, 0x00, 0x01, 0xC0, 0x30, 0x0E, 0x01,
    0xC0, 0x7C, 0x3F, 0xFF, 0xBF, 0x00, 0x00, 0x00, 0xD8, 0x3B, 0x83, 0x60, 0x38, 0x07, 0x00, 0x40,
    0x00, 0x30, 0x00, 0x00, 0x30, 0x00, 0x00, 0x3E, 0x00, 0x00, 0x3F, 0x00, 0x00, 0x3B, 0x00, 0x00,
    0x7F, 0x00, 0x00, 0x7E, 0x00, 0x00, 0x00, 0x00, 0x00, 0x00, 0x0E, 0x60, 0x00, 0x0E, 0x70, 0x00,
    0x07, 0x60, 0x00, 0x07, 0xE0, 0x00, 0x07, 0xE0, 0x00, 0x07, 0xF0, 0x00, 0x07, 0x78, 0x00, 0x1E,
    0x7F, 0xFF, 0xFE, 0x1F, 0xFF, 0xF8, 0x07, 0xFF, 0x80, 0x00, 0x30, 0x00, 0x00, 0x01, 0x80, 0x00,
    0x00, 0x0F, 0x80, 0x00, 0x00, 0x7E, 0x00, 0x00, 0x03, 0xB0, 0x00, 0x00, 0x3F, 0x80, 0x00, 0x01,
    0xF8, 0x00, 0x00, 0x00, 0x00, 0x00, 0x00, 0x00, 0x00, 0x03, 0x00, 0x00, 0x00, 0x1C, 0x00, 0x00,
    0x00, 0xC0, 0x00, 0x00, 0x0E, 0x00, 0x00, 0x30, 0x70, 0x00, 0x03, 0xC3, 0xC0, 0x00, 0x7C, 0x0F,
    0x00, 0x1F, 0xF8, 0x7F, 0xFF, 0xFB, 0xF8, 0xFF, 0xFF, 0x0F, 0xC1, 0xFF, 0x80, 0x00, 0x60, 0xC1,
    0xF3, 0xF7, 0x7F, 0xFF, 0x00, 0x00, 0x00, 0xE1, 0xC3, 0x83, 0x87, 0x0E, 0x1C, 0x7B, 0xE7, 0x80,
    0x00, 0x18, 0x03, 0x00, 0x7C, 0x0F, 0xC1, 0xD8, 0x7F, 0x0F, 0xC0, 0x00, 0x00, 0x00, 0x00, 0x38,
    0x06, 0x01, 0xC0, 0x38, 0x0F, 0x87, 0xFF, 0xF7, 0xE0, 0x00, 0x3C, 0x00, 0x7F, 0xC0, 0x7F, 0xFE,
    0x01, 0xFE, 0x01, 0xFE, 0x07, 0xF0, 0x0F, 0x80, 0x1E, 0x00, 0x38, 0x00, 0x70, 0x00, 0x73, 0x70,
    0xE7, 0xF0, 0xE3, 0x70, 0xE1, 0xC0, 0xE1, 0xC0, 0xE0, 0xC0, 0xF0, 0x00, 0x78, 0x00, 0x3F, 0xFE,
    0x1F, 0xFF, 0x07, 0xFC, 0x3C, 0x00, 0x07, 0xFC, 0x00, 0x7F, 0xFE, 0x00, 0x1F, 0xE0, 0x01, 0xFE,
    0x00, 0x7F, 0xC0, 0x0F, 0x9C, 0x01, 0xE0, 0xE0, 0x38, 0x0F, 0x07, 0x00, 0x7E, 0x73, 0x73, 0xEE,
    0x7F, 0x00, 0xE3, 0x70, 0x0E, 0x1C, 0x00, 0xE1, 0xC0, 0x0E, 0x0C, 0x00, 0xF0, 0x00, 0x07, 0x80,
    0x00, 0x3F, 0xFE, 0x01, 0xFF, 0xF0, 0x07, 0xFC, 0x00, 0x7F, 0x01, 0xFF, 0x03, 0xFE, 0x00, 0x3F,
    0x00, 0xFC, 0x0F, 0xE1, 0xFC, 0x3F, 0xC0, 0xFC, 0x00, 0x00, 0x00, 0x00, 0x03, 0xF0, 0x0F, 0xC0,
    0x37, 0x00, 0x30, 0x01, 0xC0, 0x03, 0x00, 0x7F, 0x00, 0x1F, 0xF0, 0x03, 0xFE, 0x00, 0x03, 0xF0,
    0x00, 0xFC, 0x00, 0xFE, 0x01, 0xFF, 0xC3, 0xFC, 0x7E, 0xFC, 0x0F, 0x80, 0x00, 0x00, 0x00, 0x00,
    0x36, 0x00, 0x1D, 0xC0, 0x03, 0x60, 0x00, 0x70, 0x00, 0x1C, 0x00, 0x02, 0x00, 0x00, 0x18, 0x03,
    0x00, 0x7C, 0x0F, 0xC1, 0xD8, 0x7F, 0x0F, 0xC0, 0x00, 0x00, 0x00, 0x00, 0x0C, 0x03, 0xC0, 0x38,
    0x07, 0x80, 0x70, 0x07, 0x00, 0xE0, 0x1C, 0x03, 0xB8, 0xF7, 0xFC, 0xFF, 0x01, 0x00, 0x18, 0x00,
    0x30, 0x00, 0x7C, 0x00, 0xFC, 0x01, 0xDC, 0x07, 0xF0, 0x0F, 0xE0, 0x00, 0x00, 0x00, 0x00, 0x00,
    0x00, 0x0C, 0x00, 0x38, 0x00, 0x38, 0x00, 0x78, 0x00, 0x70, 0x00, 0x70, 0x00, 0xE0, 0x01, 0xC0,
    0x03, 0xC3, 0x8F, 0xC7, 0xFF, 0xEF, 0xF3, 0xC1, 0x00, 0x00, 0x04, 0x07, 0x03, 0x83, 0x63, 0xB9,
    0xD8, 0x00, 0x00, 0x02, 0x03, 0x81, 0xC0, 0x60, 0x38, 0x1C, 0x0E, 0x07, 0x03, 0x83, 0x83, 0xC3,
    0xCF, 0xC7, 0xC1, 0x80, 0x0C, 0x00, 0x70, 0x03, 0x80, 0x76, 0x03, 0xF0, 0x1D, 0x80, 0x00, 0x00,
    0x00, 0x02, 0x00, 0x38, 0x01, 0xC0, 0x06, 0x00, 0x38, 0x01, 0xC0, 0x0F, 0x00, 0x7E, 0x03, 0xF0,
    0x38, 0x03, 0xC0, 0x3C, 0x0F, 0xC0, 0x7C, 0x01, 0x80, 0x00, 0x18, 0x06, 0x01, 0xF0, 0x7E, 0x1D,
    0x8F, 0xE3, 0xF0, 0x00, 0x00, 0x00, 0x00, 0x20, 0x1C, 0x07, 0x00, 0xC0, 0x38, 0x0E, 0x03, 0x80,
    0xE0, 0x38, 0x1C, 0x0F, 0x07, 0x8F, 0xC3, 0xE0, 0x60, 0x00, 0x18, 0x00, 0xC0, 0x07, 0xC0, 0x3F,
    0x01, 0xD8, 0x1F, 0xC0, 0xFC, 0x00, 0x00, 0x00, 0x00, 0x00, 0x00, 0x80, 0x0E, 0x00, 0x70, 0x01,
    0x80, 0x0E, 0x00, 0x70, 0x03, 0xC0, 0x1F, 0x80, 0xFC, 0x0E, 0x00, 0xF0, 0x0F, 0x03, 0xF0, 0x1F,
    0x00, 0x60, 0x00, 0x00, 0x00, 0x0C, 0x00, 0x00, 0x78, 0x00, 0x03, 0xF0, 0x00, 0x1F, 0x80, 0x00,
    0x7C, 0x00, 0x01, 0xE0, 0x00, 0x03, 0x80, 0x00, 0x07, 0x80, 0x00, 0x07, 0x80, 0xC0, 0x03, 0x81,
    0xC0, 0x03, 0x83, 0x00, 0x03, 0x8E, 0x00, 0x07, 0x1C, 0x00, 0x07, 0x3C, 0x00, 0x0E, 0x3C, 0x00,
    0x3C, 0x7F, 0xFF, 0xF0, 0x3F, 0xFF, 0xC0, 0x1F, 0xFC, 0x00, 0x00, 0x00, 0x0C, 0x00, 0x00, 0x0F,
    0x00, 0x00, 0x0F, 0xC0, 0x00, 0x0F, 0xC0, 0x00, 0x07, 0xC0, 0x00, 0x03, 0xC0, 0x00, 0x00, 0xE0,
    0x00, 0x00, 0x3C, 0x00, 0x00, 0x07, 0x80, 0x18, 0x00, 0xF0, 0x07, 0x00, 0x1E, 0x01, 0x80, 0x03,
    0xC0, 0xE0, 0x00, 0x70, 0x38, 0x00, 0x0E, 0x0F, 0x00, 0x03, 0xC1, 0xE0, 0x03, 0xF8, 0x7F, 0xFF,
    0xFF, 0xC7, 0xFF, 0xF9, 0xF0, 0x7F, 0xF0, 0x00, 0x00, 0x40, 0x3C, 0x1F, 0x8F, 0xC7, 0xE0, 0xF0,
    0x3C, 0x03, 0xC0, 0x3C, 0x03, 0xC0, 0x3C, 0x03, 0x80, 0x38, 0x07, 0x00, 0xE0, 0x3C, 0xFF, 0x1F,
    0xC3, 0x00, 0x00, 0x00, 0x40, 0x0F, 0x80, 0x7E, 0x07, 0xE0, 0x7E, 0x01, 0xE0, 0x0E, 0x00, 0x1C,
    0x00, 0x78, 0x00, 0x70, 0x00, 0xE0, 0x01, 0xC0, 0x03, 0x80, 0x0E, 0x00, 0x3C, 0x01, 0xFC, 0xFF,
    0xFF, 0xF9, 0xFC, 0x00, 0x00, 0x00, 0x00, 0x10, 0x00, 0x00, 0xF0, 0x00, 0x03, 0xE0, 0x00, 0x1F,
    0x60, 0x00, 0xFB, 0xC0, 0x01, 0xDF, 0x80, 0x02, 0xFC, 0x00, 0x03, 0xE0, 0x00, 0x0F, 0x00, 0x00,
    0x1C, 0x00, 0x00, 0x3C, 0x00, 0x00, 0x3C, 0x06, 0x00, 0x1C, 0x0E, 0x00, 0x1C, 0x18, 0x00, 0x1C,
    0x70, 0x00, 0x38, 0xE0, 0x00, 0x39, 0xE0, 0x00, 0x71, 0xE0, 0x01, 0xE3, 0xFF, 0xFF, 0x81, 0xFF,
    0xFE, 0x00, 0xFF, 0xE0, 0x00, 0x00, 0x00, 0x10, 0x00, 0x00, 0x1E, 0x00, 0x00, 0x0F, 0x80, 0x00,
    0x0F, 0xB0, 0x00, 0x0F, 0xBC, 0x00, 0x03, 0xBF, 0x00, 0x00, 0xBF, 0x00, 0x00, 0x1F, 0x00, 0x00,
    0x0F, 0x00, 0x00, 0x03, 0x80, 0x00, 0x00, 0xF0, 0x00, 0x00, 0x1E, 0x00, 0x60, 0x03, 0xC0, 0x1C,
    0x00, 0x78, 0x06, 0x00, 0x0F, 0x03, 0x80, 0x01, 0xC0, 0xE0, 0x00, 0x38, 0x3C, 0x00, 0x0F, 0x07,
    0x80, 0x0F, 0xE1, 0xFF, 0xFF, 0xFF, 0x1F, 0xFF, 0xE7, 0xC1, 0xFF, 0xC0, 0x00, 0x00, 0x80, 0x70,
    0x3E, 0x1F, 0x27, 0x9F, 0xEF, 0xF7, 0xE3, 0xF0, 0x78, 0x1E, 0x01, 0xE0, 0x1E, 0x01, 0xE0, 0x1E,
    0x01, 0xC0, 0x1C, 0x03, 0x80, 0x70, 0x1E, 0x7F, 0x8F, 0xE1, 0x80, 0x00, 0x00, 0x80, 0x0E, 0x00,
    0xF8, 0x0F, 0x90, 0x7B, 0xE3, 0xDF, 0x8D, 0xF8, 0x1F, 0x80, 0x78, 0x03, 0x80, 0x07, 0x00, 0x1E,
    0x00, 0x1C, 0x00, 0x38, 0x00, 0x70, 0x00, 0xE0, 0x03, 0x80, 0x0F, 0x00, 0x7F, 0x3F, 0xFF, 0xFE,
    0x7F, 0x00, 0x00, 0x00, 0x0E, 0x00, 0x0E, 0x00, 0x0E, 0x20, 0x07, 0x70, 0x07, 0x70, 0x07, 0x60,
    0x07, 0xE0, 0x07, 0xE0, 0x07, 0x70, 0x07, 0x78, 0x1E, 0x7F, 0xFC, 0x3F, 0xF8, 0x0F, 0xF0, 0x00,
    0x00, 0x00, 0x00, 0xE0, 0x00, 0x07, 0x02, 0x00, 0x70, 0x70, 0x07, 0x07, 0x00, 0x78, 0x60, 0x07,
    0xFE, 0x00, 0x7F, 0xE0, 0x07, 0x07, 0x00, 0x70, 0x70, 0x0E, 0x07, 0xFF, 0xE0, 0x3F, 0xFC, 0x00,
    0xFF, 0x00, 0x08, 0x07, 0x81, 0xE0, 0xFC, 0x3B, 0x9C, 0x66, 0x1F, 0x87, 0xE1, 0xDC, 0xE7, 0xF8,
    0xFC, 0x04, 0x00, 0xFC, 0x07, 0xF8, 0x3C, 0xE0, 0xE1, 0x83, 0x87, 0x0E, 0x1E, 0x18, 0x3E, 0x60,
    0x78, 0x00, 0x00, 0x00, 0xE3, 0x8E, 0x1C, 0x71, 0xC7, 0x3F, 0xEF, 0x04, 0x30, 0x87, 0x0C, 0x38,
    0x03, 0xC0, 0x3E, 0x3D, 0xF3, 0xE3, 0xBE, 0x0D, 0xC0, 0x7C, 0x03, 0xE0, 0x0F, 0x00, 0x38, 0x01,
    0x80, 0x01, 0x00, 0x03, 0x80, 0x03, 0xC0, 0x03, 0xF0, 0x07, 0xF8, 0x0E, 0x7C, 0x0E, 0x3E, 0x0E,
    0x7E, 0x0E, 0x77, 0x07, 0xF7, 0x07, 0xE7, 0xFF, 0xFF, 0xFF, 0xFE, 0x18, 0x18, 0x00, 0x60, 0x00,
    0xF8, 0x00, 0xFE, 0x00, 0x77, 0x00, 0x73, 0x80, 0x39, 0xC0, 0x1C, 0xE0, 0x0C, 0xF0, 0x4F, 0xF8,
    0x7F, 0xFF, 0xFF, 0xFF, 0xE1, 0xC1, 0x80, 0x70, 0xC0, 0x3C, 0x60, 0x0F, 0xF0, 0x03, 0xF8, 0x00,
    0xF0, 0x00, 0x08, 0x00, 0x38, 0x00, 0xF0, 0x07, 0xE0, 0x3F, 0xC0, 0xE7, 0x83, 0x1F, 0x0C, 0x7E,
    0x39, 0xF8, 0xFE, 0x71, 0xF1, 0xFF, 0xFE, 0xFF, 0xF8, 0x01, 0x80, 0x03, 0x80, 0x1F, 0x00, 0xFC,
    0x07, 0x38, 0x1C, 0xE0, 0xE3, 0x83, 0x8C, 0x0E, 0x70, 0x3F, 0xC3, 0xFF, 0xFF, 0xFF, 0xCE, 0x1C,
    0x38, 0x70, 0xF1, 0xC1, 0xFE, 0x03, 0xF8, 0x03, 0x80, 0x03, 0x00, 0x00, 0x0F, 0x00, 0x00, 0x1F,
    0x00, 0x00, 0x7F, 0x00, 0x01, 0xCE, 0x00, 0x07, 0x8C, 0x00, 0x1E, 0x10, 0x00, 0x38, 0x00, 0x00,
    0xE0, 0x00, 0x00, 0xF0, 0x00, 0x0D, 0xFF, 0xFF, 0xF8, 0xFF, 0xFF, 0xF0, 0x3F, 0xFE, 0x00, 0x07,
    0xFE, 0x7F, 0xFD, 0xFF, 0xF7, 0x80, 0x0C, 0x00, 0x1C, 0x00, 0x3F, 0x80, 0x1F, 0xFF, 0x0F, 0xFE,
    0x0C, 0x00, 0x00, 0x78, 0x00, 0x00, 0xC0, 0x00, 0x01, 0x80, 0x00, 0x01, 0xE0, 0x00, 0x07, 0xC0,
    0x00, 0x0C, 0xC0, 0x00, 0x03, 0xC0, 0x00, 0x07, 0xC0, 0x00, 0x1F, 0xC0, 0x00, 0x73, 0x80, 0x01,
    0xE3, 0x00, 0x07, 0x84, 0x00, 0x0E, 0x00, 0x00, 0x38, 0x00, 0x00, 0x3C, 0x00, 0x03, 0x7F, 0xFF,
    0xFE, 0x3F, 0xFF, 0xFC, 0x0F, 0xFF, 0x80, 0x0C, 0x00, 0x78, 0x00, 0xC0, 0x01, 0x80, 0x01, 0xE0,
    0x07, 0xC0, 0x0C, 0x00, 0x03, 0xFF, 0x3F, 0xFE, 0xFF, 0xFB, 0xC0, 0x06, 0x00, 0x0E, 0x00, 0x1F,
    0xC0, 0x0F, 0xFF, 0x87, 0xFF, 0x00, 0x03, 0xC0, 0x01, 0xFC, 0x00, 0x7F, 0x00, 0x1E, 0x00, 0x03,
    0x80, 0x00, 0xE0, 0x08, 0x1C, 0x03, 0x83, 0xE0, 0x70, 0x3F, 0x0C, 0x01, 0xFB, 0x80, 0x07, 0x70,
    0x00, 0xE7, 0x00, 0x3C, 0xF0, 0x0F, 0x1F, 0xFF, 0xC1, 0xFF, 0xF0, 0x0F, 0xF0, 0x00, 0x20, 0x00,
    0x07, 0x00, 0xC0, 0x70, 0x0F, 0x86, 0x00, 0xFF, 0xE0, 0x03, 0xFE, 0x00, 0x1C, 0x70, 0x01, 0xC7,
    0x80, 0x78, 0x3F, 0xFF, 0x81, 0xFF, 0xE0, 0x0F, 0xF8, 0x00, 0x00, 0x18, 0x38, 0x70, 0xE0, 0xC1,
    0x83, 0x0E, 0xFD, 0xF0, 0x00, 0x0D, 0xDF, 0xB7, 0x00, 0x01, 0xC0, 0x30, 0x0E, 0x01, 0xC0, 0x7C,
    0x3F, 0xFF, 0xBF, 0x00, 0x00, 0x00, 0xD8, 0x3B, 0x83, 0x60, 0x1F, 0x0F, 0xC7, 0xA1, 0xC0, 0x70,
    0x1C, 0x03, 0xF8, 0x7F, 0xFF, 0x3F, 0x04, 0x00, 0x38, 0x7F, 0xD3, 0xC0, 0x00, 0x00, 0xE0, 0x70,
    0x38, 0x0C, 0x06, 0x03, 0x01, 0x80, 0xC0, 0x60, 0x30, 0x18, 0x0E, 0x07, 0x03, 0x81, 0xC0, 0xE0,
    0x38, 0x1F, 0xF1, 0x3C, 0x00, 0x00, 0x00, 0x38, 0x07, 0x00, 0x60, 0x0C, 0x01, 0x80, 0x30, 0x06,
    0x00, 0xE0, 0x1C, 0x03, 0x80, 0x70, 0x0E, 0x01, 0xC0, 0x38, 0x07, 0x00, 0xF0, 0x1F, 0xC1, 0xF8,
    0x00, 0x33, 0xCC, 0x30, 0xFB, 0xEC, 0x00, 0x71, 0xC7, 0x0C, 0x30, 0xC3, 0x0C, 0x30, 0xC3, 0x0E,
    0x38, 0xE3, 0x8E, 0x30, 0x78, 0x30, 0x18, 0x0F, 0x87, 0xC3, 0x00, 0x00, 0x70, 0x38, 0x0C, 0x06,
    0x03, 0x01, 0x80, 0xC0, 0x70, 0x38, 0x1C, 0x0E, 0x07, 0x03, 0x81, 0xC0, 0xE0, 0x78, 0x3F, 0x8F,
    0xC0, 0x00, 0x0C, 0x1E, 0x0C, 0x06, 0x03, 0xE1, 0xF0, 0xC0, 0x38, 0x3F, 0x3F, 0x9C, 0xFC, 0x7E,
    0x3F, 0x1D, 0xFE, 0xFF, 0x0F, 0x83, 0x87, 0xDF, 0xCF, 0xC7, 0x00, 0x0C, 0x01, 0xE0, 0x0C, 0x00,
    0x60, 0x03, 0xE0, 0x1F, 0x00, 0xC0, 0x00, 0x00, 0x1C, 0x01, 0xF8, 0x1F, 0xC0, 0xE7, 0x0E, 0x38,
    0x71, 0xC3, 0xCE, 0x0F, 0xFE, 0x7F, 0xF0, 0x3F, 0x01, 0xC0, 0x3E, 0x0F, 0xE0, 0x7E, 0x03, 0x80,
    0x00, 0xE3, 0x8E, 0x18, 0x61, 0x86, 0x18, 0x61, 0x86, 0x1C, 0x71, 0xC7, 0x1C, 0x71, 0xC0, 0x0C,
    0xF3, 0x0C, 0x1E, 0xFB, 0x00, 0xE0, 0xE0, 0x60, 0x60, 0x60, 0x60, 0x60, 0x70, 0x70, 0x70, 0x70,
    0x70, 0x70, 0x70, 0x70, 0x78, 0x7F, 0x3F, 0x00, 0x30, 0xF0, 0xC0, 0xC0, 0x78, 0xF8, 0xC0, 0x0E,
    0x00, 0x03, 0xC0, 0x78, 0x60, 0x3F, 0x8C, 0x0F, 0xE1, 0xF3, 0xC0, 0x3E, 0x70, 0x06, 0x1C, 0x01,
    0x03, 0x80, 0x70, 0x7C, 0x0E, 0x07, 0xE1, 0x80, 0x3F, 0x70, 0x00, 0xEE, 0x00, 0x1C, 0xE0, 0x07,
    0x9E, 0x01, 0xE3, 0xFF, 0xF8, 0x3F, 0xFE, 0x01, 0xFE, 0x00, 0x0E, 0x00, 0x01, 0xE0, 0x00, 0x18,
    0x00, 0x01, 0x80, 0x00, 0x1F, 0x00, 0x01, 0xF0, 0x00, 0x18, 0x00, 0x02, 0x00, 0x00, 0x70, 0x0C,
    0x07, 0x00, 0xF8, 0x60, 0x0F, 0xFE, 0x00, 0x3F, 0xE0, 0x01, 0xC7, 0x00, 0x1C, 0x78, 0x07, 0x83,
    0xFF, 0xF8, 0x1F, 0xFE, 0x00, 0xFF, 0x80, 0x31, 0xEE, 0x38, 0x7F, 0xF6, 0x00, 0x38, 0xE3, 0x87,
    0x1C, 0x71, 0xCF, 0xFB, 0xC0, 0x00, 0x18, 0x1E, 0x06, 0x01, 0x80, 0x3C, 0x1F, 0x06, 0x00, 0x00,
    0x1C, 0x07, 0x01, 0xC0, 0x70, 0x3E, 0x3F, 0xFF, 0x7C, 0x00, 0xEE, 0xE6, 0x66, 0x66, 0x66, 0x67,
    0x77, 0x77, 0x77, 0xE0, 0xE0, 0x60, 0x60, 0x60, 0x60, 0x60, 0x70, 0x70, 0x70, 0x70, 0x70, 0x70,
    0x70, 0x70, 0x78, 0x7F, 0x3F, 0x00, 0x00, 0x00, 0x00, 0x00, 0x00, 0x0E, 0x60, 0x00, 0x0E, 0x70,
    0x00, 0x07, 0x60, 0x00, 0x07, 0xE0, 0x00, 0x07, 0xE0, 0x00, 0x07, 0xF0, 0x00, 0x07, 0x78, 0x00,
    0x1E, 0x7F, 0xFF, 0xFE, 0x1F, 0xFF, 0xF8, 0x07, 0xFF, 0x80, 0x00, 0x00, 0x00, 0x00, 0x00, 0x00,
    0x00, 0x18, 0x00, 0x00, 0x1C, 0x00, 0x00, 0x18, 0x00, 0x60, 0x00, 0x00, 0x03, 0x80, 0x00, 0x00,
    0x18, 0x00, 0x00, 0x01, 0xC0, 0x00, 0x06, 0x0E, 0x00, 0x00, 0x78, 0x78, 0x00, 0x0F, 0x81, 0xE0,
    0x03, 0xFF, 0x0F, 0xFF, 0xFF, 0x7F, 0x1F, 0xFF, 0xE1, 0xF8, 0x3F, 0xF0, 0x00, 0x00, 0x00, 0x00,
    0x00, 0x00, 0x00, 0x00, 0x00, 0x03, 0x80, 0x00, 0x00, 0x1C, 0x00, 0x00, 0x00, 0xE0, 0x00, 0x00,
    0x00, 0xE3, 0x8E, 0x1C, 0x71, 0xC7, 0x3F, 0xEF, 0x00, 0x01, 0xC7, 0x1C, 0x00, 0x07, 0x01, 0xC0,
    0x70, 0x1C, 0x0F, 0x8F, 0xFF, 0xDF, 0x00, 0x00, 0x01, 0x80, 0x70, 0x18, 0x00, 0x3B, 0x0F, 0xE3,
    0xB0, 0x00, 0x00, 0x02, 0x01, 0xE0, 0x78, 0x3F, 0x0E, 0xE7, 0x19, 0x87, 0xE1, 0xF8, 0x77, 0x39,
    0xFE, 0x3F, 0x00, 0x1D, 0x80, 0x7E, 0x01, 0xD8, 0x00, 0x00, 0x00, 0x00, 0x00, 0x00, 0x18, 0x00,
    0x60, 0x0F, 0xC0, 0x7F, 0x03, 0xFC, 0x1C, 0x70, 0x61, 0xC3, 0x87, 0x07, 0xFC, 0x1F, 0xF0, 0x3F,
    0xE0, 0x03, 0xF0, 0x07, 0xC0, 0x00, 0x00, 0x76, 0x00, 0x00, 0x7E, 0x00, 0x00, 0x76, 0x00, 0x00,
    0x00, 0x0E, 0x60, 0x00, 0x0E, 0x70, 0x00, 0x07, 0x60, 0x00, 0x07, 0xE0, 0x00, 0x07, 0xE0, 0x00,
    0x07, 0xF0, 0x00, 0x07, 0x78, 0x00, 0x1E, 0x7F, 0xFF, 0xFE, 0x1F, 0xFF, 0xF8, 0x07, 0xFF, 0x80,
    0x00, 0x76, 0x00, 0x00, 0x03, 0xF8, 0x00, 0x00, 0x1D, 0x80, 0x00, 0x00, 0x00, 0x00, 0x06, 0x00,
    0x00, 0x00, 0x38, 0x00, 0x00, 0x01, 0x80, 0x00, 0x00, 0x1C, 0x00, 0x00, 0x60, 0xE0, 0x00, 0x07,
    0x87, 0x80, 0x00, 0xF8, 0x1E, 0x00, 0x3F, 0xF0, 0xFF, 0xFF, 0xF7, 0xF1, 0xFF, 0xFE, 0x1F, 0x83,
    0xFF, 0x00, 0x00, 0xED, 0xFF, 0xB0, 0x00, 0x00, 0x0E, 0x1C, 0x38, 0x38, 0x70, 0xE1, 0xC7, 0xBE,
    0x78, 0x00, 0x33, 0x07, 0xE0, 0xFC, 0x00, 0x00, 0x00, 0x00, 0x03, 0x80, 0x60, 0x1C, 0x03, 0x80,
    0xF8, 0x7F, 0xFF, 0x7E, 0x00, 0x00, 0x00, 0x18, 0x00, 0x00, 0x1C, 0x00, 0x00, 0x1C, 0x00, 0x00,
    0x76, 0x00, 0x00, 0x7E, 0x00, 0x00, 0x76, 0x00, 0x00, 0x00, 0x0E, 0x60, 0x00, 0x0E, 0x70, 0x00,
    0x07, 0x60, 0x00, 0x07, 0xE0, 0x00, 0x07, 0xE0, 0x00, 0x07, 0xF0, 0x00, 0x07, 0x78, 0x00, 0x1E,
    0x7F, 0xFF, 0xFE, 0x1F, 0xFF, 0xF8, 0x07, 0xFF, 0x80, 0x00, 0x18, 0x00, 0x00, 0x00, 0xE0, 0x00,
    0x00, 0x07, 0x00, 0x00, 0x00, 0xEC, 0x00, 0x00, 0x07, 0xF0, 0x00, 0x00, 0x3B, 0x00, 0x00, 0x00,
    0x00, 0x00, 0x0C, 0x00, 0x00, 0x00, 0x70, 0x00, 0x00, 0x03, 0x00, 0x00, 0x00, 0x38, 0x00, 0x00,
    0xC1, 0xC0, 0x00, 0x0F, 0x0F, 0x00, 0x01, 0xF0, 0x3C, 0x00, 0x7F, 0xE1, 0xFF, 0xFF, 0xEF, 0xE3,
    0xFF, 0xFC, 0x3F, 0x07, 0xFE, 0x00, 0x00, 0x30, 0x70, 0xE7, 0x6F, 0xFD, 0x80, 0x00, 0x00, 0x70,
    0xE1, 0xC1, 0xC3, 0x87, 0x0E, 0x3D, 0xF3, 0xC0, 0x00, 0x0C, 0x03, 0x80, 0x30, 0x19, 0x83, 0xF0,
    0x7E, 0x00, 0x00, 0x00, 0x00, 0x01, 0xC0, 0x30, 0x0E, 0x01, 0xC0, 0x7C, 0x3F, 0xFF, 0xBF, 0x00,
    0x00, 0x3C, 0x00, 0xFF, 0x01, 0xFF, 0xF0, 0x0F, 0xF0, 0x1F, 0xE0, 0xFC, 0x03, 0xC0, 0x0F, 0x00,
    0x38, 0x00, 0xE0, 0x01, 0xC0, 0x07, 0x04, 0x0E, 0x1C, 0x1C, 0x38, 0x38, 0x20, 0x70, 0x00, 0xF0,
    0x00, 0xF0, 0x00, 0xFF, 0xF8, 0xFF, 0xF0, 0x7F, 0x80, 0x3C, 0x00, 0x1F, 0xE0, 0x07, 0xFF, 0xC0,
    0x07, 0xF8, 0x01, 0xFE, 0x01, 0xFC, 0x00, 0xF3, 0x00, 0x78, 0xE0, 0x38, 0x3C, 0x1C, 0x07, 0xF7,
    0x00, 0xFF, 0x82, 0x00, 0xE1, 0xC0, 0x38, 0x70, 0x0E, 0x08, 0x03, 0x80, 0x00, 0xF0, 0x00, 0x1E,
    0x00, 0x03, 0xFF, 0xE0, 0x7F, 0xF8, 0x07, 0xF8, 0x00, 0x7F, 0x01, 0xFF, 0x03, 0xFE, 0x00, 0x3F,
    0x00, 0xFC, 0x0F, 0xE1, 0xFC, 0x3F, 0xC0, 0xFC, 0x00, 0x00, 0x00, 0x00, 0x00, 0xC0, 0x07, 0x80,
    0x0C, 0x00, 0x7F, 0x00, 0x1F, 0xF0, 0x03, 0xFE, 0x00, 0x03, 0xF0, 0x00, 0xFC, 0x00, 0xFE, 0x01,
    0xFF, 0xC3, 0xFC, 0x7E, 0xFC, 0x0F, 0x80, 0x00, 0x00, 0x00, 0x00, 0x1C, 0x00, 0x07, 0x00, 0x01,
    0xC0, 0x00, 0x3C, 0x00, 0xFF, 0x01, 0xFF, 0xF0, 0x0F, 0xF0, 0x1F, 0xE0, 0xFC, 0x03, 0xC0, 0x0F,
    0x00, 0x38, 0x00, 0xE0, 0x01, 0xC0, 0x07, 0x00, 0x0E, 0x00, 0x1C, 0x00, 0x38, 0x00, 0x70, 0x00,
    0xF0, 0x00, 0xF0, 0x00, 0xFF, 0xF8, 0xFF, 0xF0, 0x7F, 0x80, 0x3C, 0x00, 0x1F, 0xE0, 0x07, 0xFF,
    0xC0, 0x07, 0xF8, 0x01, 0xFE, 0x01, 0xFC, 0x00, 0xF3, 0x00, 0x78, 0xE0, 0x38, 0x3C, 0x1C, 0x07,
    0xF7, 0x00, 0xFF, 0x80, 0x00, 0xE0, 0x00, 0x38, 0x00, 0x0E, 0x00, 0x03, 0x80, 0x00, 0xF0, 0x00,
    0x1E, 0x00, 0x03, 0xFF, 0xE0, 0x7F, 0xF8, 0x07, 0xF8, 0x00, 0x7F, 0x01, 0xFF, 0x03, 0xFE, 0x00,
    0x3F, 0x00, 0xFC, 0x0F, 0xE1, 0xFC, 0x3F, 0xC0, 0xFC, 0x00, 0x00, 0x00, 0x7F, 0x00, 0x1F, 0xF0,
    0x03, 0xFE, 0x00, 0x03, 0xF0, 0x00, 0xFC, 0x00, 0xFE, 0x01, 0xFF, 0xC3, 0xFC, 0x7E, 0xFC, 0x0F,
    0x80, 0x00, 0x00, 0x01, 0x80, 0x07, 0x00, 0x0E, 0x00, 0x00, 0x00, 0x00, 0x07, 0x80, 0x1F, 0xE0,
    0x3F, 0xFE, 0x01, 0xFE, 0x03, 0xFC, 0x1F, 0x80, 0x78, 0x01, 0xE0, 0x07, 0x00, 0x1C, 0x00, 0x38,
    0x00, 0xE0, 0x01, 0xC0, 0x03, 0x80, 0x07, 0x00, 0x0E, 0x00, 0x1E, 0x00, 0x1E, 0x00, 0x1F, 0xFF,
    0x1F, 0xFE, 0x0F, 0xF0, 0x01, 0x80, 0x00, 0xE0, 0x00, 0x38, 0x00, 0x00, 0x00, 0x00, 0x00, 0x0F,
    0x00, 0x07, 0xF8, 0x01, 0xFF, 0xF0, 0x01, 0xFE, 0x00, 0x7F, 0x80, 0x7F, 0x00, 0x3C, 0xC0, 0x1E,
    0x38, 0x0E, 0x0F, 0x07, 0x01, 0xFD, 0xC0, 0x3F, 0xE0, 0x00, 0x38, 0x00, 0x0E, 0x00, 0x03, 0x80,
    0x00, 0xE0, 0x00, 0x3C, 0x00, 0x07, 0x80, 0x00, 0xFF, 0xF8, 0x1F, 0xFE, 0x01, 0xFE, 0x00, 0x18,
    0x00, 0x70, 0x01, 0x80, 0x00, 0x00, 0x00, 0x01, 0xFC, 0x07, 0xFC, 0x0F, 0xF8, 0x00, 0xFC, 0x03,
    0xF0, 0x3F, 0x87, 0xF0, 0xFF, 0x03, 0xF0, 0x00, 0x00, 0x00, 0x18, 0x00, 0x0E, 0x00, 0x01, 0x80,
    0x00, 0x00, 0x00, 0x00, 0x00, 0x1F, 0xC0, 0x07, 0xFC, 0x00, 0xFF, 0x80, 0x00, 0xFC, 0x00, 0x3F,
    0x00, 0x3F, 0x80, 0x7F, 0xF0, 0xFF, 0x1F, 0xBF, 0x03, 0xE0, 0x00, 0x00, 0x03, 0x00, 0xF0, 0x0E,
    0x01, 0xE0, 0x1C, 0x01, 0xC0, 0x38, 0x07, 0x00, 0xEE, 0x3D, 0xFF, 0x3F, 0xC0, 0x40, 0x03, 0x00,
    0x0E, 0x00, 0x0E, 0x00, 0x1E, 0x00, 0x1C, 0x00, 0x1C, 0x00, 0x38, 0x00, 0x70, 0x00, 0xF0, 0xE3,
    0xF1, 0xFF, 0xFB, 0xFC, 0xF0, 0x40, 0x00, 0x0C, 0x01, 0xC0, 0x38, 0x00, 0x00, 0x00, 0x06, 0x01,
    0xE0, 0x1C, 0x03, 0xC0, 0x38, 0x03, 0x80, 0x70, 0x0E, 0x01, 0xDC, 0x7B, 0xFE, 0x7F, 0x80, 0x80,
    0x0E, 0x00, 0x1C, 0x00, 0x38, 0x00, 0x00, 0x00, 0x00, 0x00, 0x60, 0x01, 0xC0, 0x01, 0xC0, 0x03,
    0xC0, 0x03, 0x80, 0x03, 0x80, 0x07, 0x00, 0x0E, 0x00, 0x1E, 0x1C, 0x7E, 0x3F, 0xFF, 0x7F, 0x9E,
    0x08, 0x00, 0x02, 0x03, 0x81, 0xC0, 0x60, 0x38, 0x1C, 0x0E, 0x07, 0x03, 0x83, 0x83, 0xC3, 0xCF,
    0xC7, 0xC1, 0x80, 0x02, 0x00, 0x38, 0x01, 0xC0, 0x06, 0x00, 0x38, 0x01, 0xC0, 0x0F, 0x00, 0x7E,
    0x03, 0xF0, 0x38, 0x03, 0xC0, 0x3C, 0x0F, 0xC0, 0x7C, 0x01, 0x80, 0x00, 0x0E, 0x07, 0x03, 0x80,
    0x00, 0x00, 0x10, 0x1C, 0x0E, 0x03, 0x01, 0xC0, 0xE0, 0x70, 0x38, 0x1C, 0x1C, 0x1E, 0x1E, 0x7E,
    0x3E, 0x0C, 0x00, 0x0C, 0x00, 0xF0, 0x03, 0x00, 0x00, 0x00, 0x00, 0x01, 0x00, 0x1C, 0x00, 0xE0,
    0x03, 0x00, 0x1C, 0x00, 0xE0, 0x07, 0x80, 0x3F, 0x01, 0xF8, 0x1C, 0x01, 0xE0, 0x1E, 0x07, 0xE0,
    0x3E, 0x00, 0xC0, 0x00, 0x00, 0x00, 0x00, 0x00, 0x00, 0x00, 0x01, 0x80, 0x00, 0x00, 0x0E, 0x00,
    0x00, 0x00, 0x70, 0x00, 0xE0, 0xE3, 0x80, 0x03, 0x87, 0x0C, 0x80, 0x1C, 0x38, 0x6E, 0x00, 0xE1,
    0xC3, 0x70, 0x07, 0x9E, 0x3B, 0x00, 0x3F, 0xFF, 0xF8, 0x01, 0xFF, 0xFD, 0xC0, 0x0E, 0x00, 0x07,
    0x00, 0x70, 0x00, 0x3C, 0x07, 0x00, 0x00, 0xFF, 0xF8, 0x00, 0x03, 0xFF, 0x80, 0x00, 0x0F, 0xF0,
    0x00, 0x00, 0x00, 0x00, 0x00, 0x38, 0x00, 0x00, 0x00, 0x1C, 0x00, 0x03, 0x83, 0x8E, 0x00, 0x00,
    0xE1, 0xC3, 0x02, 0x00, 0x70, 0xE1, 0x83, 0x80, 0x38, 0x71, 0xE1, 0xC0, 0x1E, 0x78, 0xF8, 0xC0,
    0x0F, 0xFF, 0xFF, 0xE0, 0x07, 0xFF, 0xE7, 0xF0, 0x03, 0x80, 0x00, 0x1C, 0x01, 0xC0, 0x00, 0x0F,
    0x01, 0xC0, 0x00, 0x03, 0xFF, 0xE0, 0x00, 0x00, 0xFF, 0xE0, 0x00, 0x00, 0x3F, 0xC0, 0x00, 0x00,
    0x00, 0x00, 0x00, 0x00, 0x38, 0x00, 0x07, 0x00, 0x00, 0xE1, 0xC3, 0x8C, 0x38, 0x61, 0xC7, 0x0C,
    0x39, 0xC3, 0x87, 0x3C, 0x79, 0xDF, 0xFF, 0xFB, 0xFF, 0x7E, 0x00, 0x00, 0x00, 0x00, 0x00, 0xC0,
    0x00, 0x01, 0x80, 0x70, 0xE3, 0x80, 0xE1, 0x87, 0x01, 0xC3, 0x0E, 0x07, 0x0E, 0x1C, 0x0F, 0x1E,
    0x7C, 0x7F, 0xFF, 0xFF, 0xFF, 0xDF, 0xBE, 0x00, 0x00, 0x00, 0x00, 0x00, 0x08, 0x00, 0x00, 0x00,
    0xE0, 0x00, 0x00, 0x07, 0x00, 0x00, 0x00, 0x6C, 0x00, 0x00, 0x07, 0x70, 0x00, 0x00, 0x1B, 0x80,
    0x00, 0x00, 0x00, 0x00, 0x00, 0x00, 0x06, 0x00, 0x00, 0x00, 0x38, 0x00, 0x00, 0x01, 0xC0, 0x03,
    0x83, 0x8E, 0x00, 0x0E, 0x1C, 0x32, 0x00, 0x70, 0xE1, 0xB8, 0x03, 0x87, 0x0D, 0xC0, 0x1E, 0x78,
    0xEC, 0x00, 0xFF, 0xFF, 0xE0, 0x07, 0xFF, 0xF7, 0x00, 0x38, 0x00, 0x1C, 0x01, 0xC0, 0x00, 0xF0,
    0x1C, 0x00, 0x03, 0xFF, 0xE0, 0x00, 0x0F, 0xFE, 0x00, 0x00, 0x3F, 0xC0, 0x00, 0x00, 0x00, 0x00,
    0x08, 0x00, 0x00, 0x00, 0x0E, 0x00, 0x00, 0x00, 0x07, 0x00, 0x00, 0x00, 0x06, 0xC0, 0x00, 0x00,
    0x07, 0x70, 0x00, 0x00, 0x01, 0xB8, 0x00, 0x00, 0x00, 0x00, 0x00, 0x00, 0x00, 0x00, 0x00, 0x00,
    0x00, 0x00, 0x38, 0x00, 0x00, 0x00, 0x1C, 0x00, 0x03, 0x83, 0x8E, 0x00, 0x00, 0xE1, 0xC3, 0x02,
    0x00, 0x70, 0xE1, 0x83, 0x80, 0x38, 0x71, 0xE1, 0xC0, 0x1E, 0x78, 0xF8, 0xC0, 0x0F, 0xFF, 0xFF,
    0xE0, 0x07, 0xFF, 0xE7, 0xF0, 0x03, 0x80, 0x00, 0x1C, 0x01, 0xC0, 0x00, 0x0F, 0x01, 0xC0, 0x00,
    0x03, 0xFF, 0xE0, 0x00, 0x00, 0xFF, 0xE0, 0x00, 0x00, 0x3F, 0xC0, 0x00, 0x00, 0x00, 0x30, 0x00,
    0x0E, 0x00, 0x01, 0xC0, 0x00, 0x6E, 0x00, 0x1F, 0xC0, 0x01, 0xB8, 0x00, 0x00, 0x00, 0x00, 0x0E,
    0x00, 0x01, 0xC0, 0x00, 0x38, 0x70, 0xE3, 0x0E, 0x18, 0x71, 0xC3, 0x0E, 0x70, 0xE1, 0xCF, 0x1E,
    0x77, 0xFF, 0xFE, 0xFF, 0xDF, 0x80, 0x00, 0x00, 0x00, 0x30, 0x00, 0x00, 0xE0, 0x00, 0x01, 0xC0,
    0x00, 0x06, 0xE0, 0x00, 0x1F, 0xC0, 0x00, 0x1B, 0x80, 0x00, 0x00, 0x00, 0x00, 0x00, 0x00, 0x00,
    0x00, 0xC0, 0x00, 0x01, 0x80, 0x70, 0xE3, 0x80, 0xE1, 0x87, 0x01, 0xC3, 0x0E, 0x07, 0x0E, 0x1C,
    0x0F, 0x1E, 0x7C, 0x7F, 0xFF, 0xFF, 0xFF, 0xDF, 0xBE, 0x00, 0x00, 0x00, 0x00, 0x00, 0x00, 0x78,
    0x00, 0x00, 0x01, 0xFC, 0x00, 0x00, 0x03, 0xFE, 0x00, 0x0E, 0x0F, 0x8F, 0x00, 0x07, 0x1E, 0x07,
    0x20, 0x07, 0x1C, 0x07, 0x70, 0x07, 0x38, 0x07, 0x70, 0x07, 0xF0, 0x1E, 0x60, 0x07, 0xFF, 0xFC,
    0xE0, 0x07, 0xFF, 0xF8, 0xE0, 0x07, 0x1F, 0x80, 0x70, 0x07, 0x00, 0x00, 0x78, 0x0E, 0x00, 0x00,
    0x3F, 0xFE, 0x00, 0x00, 0x1F, 0xFC, 0x00, 0x00, 0x0F, 0xF0, 0x00, 0x00, 0x00, 0x00, 0x00, 0x78,
    0x00, 0x00, 0x00, 0x1F, 0xC0, 0x00, 0x00, 0x03, 0xFE, 0x00, 0x00, 0xE0, 0xF8, 0xF0, 0x00, 0x07,
    0x1E, 0x07, 0x02, 0x00, 0x71, 0xC0, 0x70, 0x70, 0x07, 0x38, 0x07, 0x07, 0x00, 0x7F, 0x01, 0xF0,
    0x60, 0x07, 0xFF, 0xFF, 0xEE, 0x00, 0x7F, 0xFF, 0xFE, 0xE0, 0x07, 0x1F, 0x80, 0x07, 0x00, 0x70,
    0x00, 0x00, 0x78, 0x0E, 0x00, 0x00, 0x03, 0xFF, 0xE0, 0x00, 0x00, 0x1F, 0xFC, 0x00, 0x00, 0x00,
    0xFF, 0x00, 0x00, 0x00, 0x00, 0x00, 0xC0, 0x00, 0x1F, 0xC0, 0x00, 0xFF, 0x87, 0x07, 0x8F, 0x1C,
    0x38, 0x1C, 0x71, 0xC0, 0x73, 0xCE, 0x01, 0xDF, 0x70, 0x1E, 0xFF, 0xFF, 0xF3, 0x9F, 0xFF, 0x80,
    0x1F, 0xF0, 0x00, 0x00, 0x00, 0xC0, 0x00, 0x03, 0xF8, 0x00, 0x03, 0xFE, 0x03, 0x83, 0xC7, 0x81,
    0xC3, 0x81, 0xC0, 0xE3, 0x80, 0xE0, 0xF3, 0x80, 0x70, 0xFB, 0x80, 0xF8, 0xFF, 0xFF, 0xFF, 0xF3,
    0xFF, 0xFF, 0xC0, 0x7F, 0xC0, 0x00, 0x00, 0x00, 0x00, 0x60, 0x00, 0x00, 0x00, 0x70, 0x00, 0x00,
    0x00, 0x70, 0x00, 0x00, 0x00, 0x00, 0x00, 0x00, 0x00, 0x00, 0x00, 0x00, 0x00, 0x78, 0x00, 0x00,
    0x01, 0xFC, 0x00, 0x00, 0x03, 0xFE, 0x00, 0x0E, 0x0F, 0x8F, 0x00, 0x07, 0x1E, 0x07, 0x20, 0x07,
    0x1C, 0x07, 0x70, 0x07, 0x38, 0x07, 0x70, 0x07, 0xF0, 0x1E, 0x60, 0x07, 0xFF, 0xFC, 0xE0, 0x07,
    0xFF, 0xF8, 0xE0, 0x07, 0x1F, 0x80, 0x70, 0x07, 0x00, 0x00, 0x78, 0x0E, 0x00, 0x00, 0x3F, 0xFE,
    0x00, 0x00, 0x1F, 0xFC, 0x00, 0x00, 0x0F, 0xF0, 0x00, 0x00, 0x00, 0x00, 0x00, 0x60, 0x00, 0x00,
    0x00, 0x07, 0x00, 0x00, 0x00, 0x00, 0x70, 0x00, 0x00, 0x00, 0x00, 0x00, 0x00, 0x00, 0x00, 0x00,
    0x00, 0x00, 0x00, 0x07, 0x80, 0x00, 0x00, 0x01, 0xFC, 0x00, 0x00, 0x00, 0x3F, 0xE0, 0x00, 0x0E,
    0x0F, 0x8F, 0x00, 0x00, 0x71, 0xE0, 0x70, 0x20, 0x07, 0x1C, 0x07, 0x07, 0x00, 0x73, 0x80, 0x70,
    0x70, 0x07, 0xF0, 0x1F, 0x06, 0x00, 0x7F, 0xFF, 0xFE, 0xE0, 0x07, 0xFF, 0xFF, 0xEE, 0x00, 0x71,
    0xF8, 0x00, 0x70, 0x07, 0x00, 0x00, 0x07, 0x80, 0xE0, 0x00, 0x00, 0x3F, 0xFE, 0x00, 0x00, 0x01,
    0xFF, 0xC0, 0x00, 0x00, 0x0F, 0xF0, 0x00, 0x00, 0x00, 0x00, 0x01, 0x80, 0x00, 0x07, 0x00, 0x00,
    0x1C, 0x00, 0x00, 0x00, 0x00, 0x00, 0x00, 0x00, 0x03, 0x00, 0x00, 0x7F, 0x00, 0x03, 0xFE, 0x1C,
    0x1E, 0x3C, 0x70, 0xE0, 0x71, 0xC7, 0x01, 0xCF, 0x38, 0x07, 0x7D, 0xC0, 0x7B, 0xFF, 0xFF, 0xCE,
    0x7F, 0xFE, 0x00, 0x7F, 0xC0, 0x00, 0x01, 0x80, 0x00, 0x00, 0xE0, 0x00, 0x00, 0x70, 0x00, 0x00,
    0x00, 0x00, 0x00, 0x00, 0x00, 0x00, 0x06, 0x00, 0x00, 0x1F, 0xC0, 0x00, 0x1F, 0xF0, 0x1C, 0x1E,
    0x3C, 0x0E, 0x1C, 0x0E, 0x07, 0x1C, 0x07, 0x07, 0x9C, 0x03, 0x87, 0xDC, 0x07, 0xC7, 0xFF, 0xFF,
    0xFF, 0x9F, 0xFF, 0xFE, 0x03, 0xFE, 0x00, 0x0E, 0x00, 0x01, 0xC0, 0x00, 0x18, 0x00, 0x03, 0x00,
    0x00, 0x60, 0x00, 0x0C, 0x00, 0x01, 0x80, 0x00, 0x30, 0x00, 0x07, 0x07, 0x00, 0xE7, 0xF0, 0x1D,
    0xFF, 0x03, 0xF8, 0xF0, 0x7C, 0x0E, 0x0F, 0x01, 0xC1, 0xC0, 0x38, 0x70, 0x1E, 0xFF, 0xFF, 0x9F,
    0xFF, 0xE0, 0x7F, 0xC0, 0x00, 0x0E, 0x00, 0x00, 0x1C, 0x00, 0x00, 0x18, 0x00, 0x00, 0x30, 0x00,
    0x00, 0x60, 0x00, 0x00, 0xC0, 0x00, 0x01, 0x80, 0x00, 0x03, 0x00, 0x00, 0x07, 0x07, 0x00, 0x0E,
    0x7F, 0x00, 0x1D, 0xFF, 0x00, 0x3F, 0x8F, 0x00, 0x7C, 0x0E, 0x00, 0xF0, 0x1C, 0x01, 0xC0, 0x38,
    0x07, 0x01, 0xF0, 0xFF, 0xFF, 0xFD, 0xFF, 0xFF, 0xF8, 0x7F, 0xC0, 0x00, 0x30, 0x00, 0x30, 0x00,
    0x30, 0x00, 0x30, 0x00, 0x30, 0x00, 0x30, 0x00, 0x38, 0x00, 0x38, 0x00, 0x38, 0x30, 0x38, 0xFE,
    0x3B, 0xFE, 0x3F, 0xC7, 0x3F, 0x07, 0x3E, 0x07, 0x3C, 0x07, 0x78, 0x7E, 0xFF, 0xFC, 0xFF, 0xF0,
    0xF0, 0x00, 0x30, 0x00, 0x06, 0x00, 0x00, 0xC0, 0x00, 0x18, 0x00, 0x03, 0x00, 0x00, 0x60, 0x00,
    0x0E, 0x00, 0x01, 0xC0, 0x00, 0x38, 0x30, 0x07, 0x1F, 0xC0, 0xEF, 0xF8, 0x1F, 0xE3, 0x83, 0xF0,
    0x70, 0x7C, 0x0E, 0x0F, 0x01, 0xC3, 0xC3, 0xF8, 0xFF, 0xFF, 0xFF, 0xFE, 0xFF, 0xC0, 0x00, 0x00,
    0x0E, 0x00, 0x01, 0xC0, 0x00, 0x18, 0x00, 0x03, 0x03, 0x00, 0x60, 0x70, 0x0C, 0x0C, 0x01, 0x80,
    0x00, 0x30, 0x00, 0x07, 0x07, 0x00, 0xE7, 0xF0, 0x1D, 0xFF, 0x03, 0xF8, 0xF0, 0x7C, 0x0E, 0x0F,
    0x01, 0xC1, 0xC0, 0x38, 0x70, 0x1E, 0xFF, 0xFF, 0x9F, 0xFF, 0xE0, 0x7F, 0xC0, 0x00, 0x0E, 0x00,
    0x00, 0x1C, 0x00, 0x00, 0x18, 0x00, 0x00, 0x30, 0x60, 0x00, 0x61, 0xC0, 0x00, 0xC1, 0x80, 0x01,
    0x80, 0x00, 0x03, 0x00, 0x00, 0x07, 0x07, 0x00, 0x0E, 0x7F, 0x00, 0x1D, 0xFF, 0x00, 0x3F, 0x8F,
    0x00, 0x7C, 0x0E, 0x00, 0xF0, 0x1C, 0x01, 0xC0, 0x38, 0x07, 0x01, 0xF0, 0xFF, 0xFF, 0xFD, 0xFF,
    0xFF, 0xF8, 0x7F, 0xC0, 0x00, 0x30, 0x00, 0x30, 0x00, 0x30, 0x00, 0x30, 0x60, 0x30, 0x70, 0x30,
    0x60, 0x38, 0x00, 0x38, 0x00, 0x38, 0x30, 0x38, 0xFE, 0x3B, 0xFE, 0x3F, 0xC7, 0x3F, 0x07, 0x3E,
    0x07, 0x3C, 0x07, 0x78, 0x7E, 0xFF, 0xFC, 0xFF, 0xF0, 0xF0, 0x00, 0x30, 0x00, 0x06, 0x00, 0x00,
    0xC0, 0x00, 0x18, 0x30, 0x03, 0x07, 0x00, 0x60, 0xC0, 0x0E, 0x00, 0x01, 0xC0, 0x00, 0x38, 0x30,
    0x07, 0x1F, 0xC0, 0xEF, 0xF8, 0x1F, 0xE3, 0x83, 0xF0, 0x70, 0x7C, 0x0E, 0x0F, 0x01, 0xC3, 0xC3,
    0xF8, 0xFF, 0xFF, 0xFF, 0xFE, 0xFF, 0xC0, 0x00, 0x00, 0x0F, 0x00, 0x7F, 0x01, 0xFE, 0x03, 0x80,
    0x06, 0x00, 0x0C, 0x00, 0x1C, 0x10, 0x3F, 0xF0, 0x3F, 0xE0, 0x3E, 0x00, 0xF0, 0x03, 0xC0, 0x07,
    0x00, 0x1C, 0x00, 0x38, 0x00, 0x70, 0x00, 0xE0, 0x01, 0xC0, 0x03, 0x80, 0x03, 0xC0, 0x07, 0xFF,
    0xC7, 0xFF, 0xC3, 0xFE, 0x00, 0x03, 0x80, 0x3F, 0x80, 0xFF, 0x83, 0xC7, 0x07, 0x86, 0x07, 0x9C,
    0x07, 0xF0, 0x07, 0xE0, 0x0F, 0xE0, 0x3F, 0xFC, 0xF3, 0xFB, 0xC0, 0x0F, 0x00, 0x1C, 0x00, 0x38,
    0x00, 0x70, 0x00, 0xE0, 0x01, 0xE0, 0x11, 0xFF, 0xF1, 0xFF, 0xE1, 0xFF, 0x00, 0x0F, 0xC1, 0xFC,
    0x3E, 0x83, 0x80, 0x30, 0x03, 0x00, 0x38, 0x03, 0xE7, 0x1F, 0xFF, 0xFE, 0xFF, 0x00, 0x00, 0x03,
    0x80, 0x3F, 0x80, 0xFF, 0x83, 0xC7, 0x07, 0x06, 0x07, 0x9C, 0x07, 0xF8, 0x07, 0xE0, 0x1F, 0xE1,
    0xFF, 0xFB, 0xE3, 0xF8, 0x00, 0x00, 0x06, 0x00, 0x1E, 0x00, 0x18, 0x00, 0x00, 0x00, 0x00, 0x01,
    0xE0, 0x0F, 0xE0, 0x3F, 0xC0, 0x70, 0x00, 0xC0, 0x01, 0x80, 0x03, 0x82, 0x07, 0xFE, 0x07, 0xFC,
    0x07, 0xC0, 0x1E, 0x00, 0x78, 0x00, 0xE0, 0x03, 0x80, 0x07, 0x00, 0x0E, 0x00, 0x1C, 0x00, 0x38,
    0x00, 0x70, 0x00, 0x78, 0x00, 0xFF, 0xF8, 0xFF, 0xF8, 0x7F, 0xC0, 0x03, 0x00, 0x07, 0x00, 0x0E,
    0x00, 0x00, 0x00, 0x00, 0x00, 0x70, 0x07, 0xF0, 0x1F, 0xF0, 0x78, 0xE0, 0xF0, 0xC0, 0xF3, 0x80,
    0xFE, 0x00, 0xFC, 0x01, 0xFC, 0x07, 0xFF, 0x9E, 0x7F, 0x78, 0x01, 0xE0, 0x03, 0x80, 0x07, 0x00,
    0x0E, 0x00, 0x1C, 0x00, 0x3C, 0x02, 0x3F, 0xFE, 0x3F, 0xFC, 0x3F, 0xE0, 0x03, 0x00, 0x70, 0x07,
    0x00, 0x00, 0x00, 0x00, 0xFC, 0x1F, 0xC3, 0xE8, 0x38, 0x03, 0x00, 0x30, 0x03, 0x80, 0x3E, 0x71,
    0xFF, 0xFF, 0xEF, 0xF0, 0x00, 0x00, 0x03, 0x00, 0x0E, 0x00, 0x0C, 0x00, 0x00, 0x00, 0x00, 0x00,
    0x70, 0x07, 0xF0, 0x1F, 0xF0, 0x78, 0xE0, 0xE0, 0xC0, 0xF3, 0x80, 0xFF, 0x00, 0xFC, 0x03, 0xFC,
    0x3F, 0xFF, 0x7C, 0x7F, 0x00, 0x00, 0x00, 0x00, 0x30, 0x00, 0x00, 0x78, 0x00, 0x00, 0x30, 0x00,
    0x00, 0x00, 0x00, 0x00, 0x00, 0x00, 0x00, 0x38, 0x00, 0x00, 0x7C, 0x00, 0x00, 0xFE, 0x00, 0x01,
    0xCE, 0x60, 0x01, 0xC7, 0x70, 0x01, 0xC7, 0x60, 0x01, 0xC7, 0xE0, 0x01, 0xFF, 0xE0, 0x00, 0xFF,
    0xF0, 0x00, 0x07, 0x78, 0x00, 0x0E, 0x7F, 0xFF, 0xFE, 0x1F, 0xFF, 0xFC, 0x07, 0xFF, 0xE0, 0x00,
    0x00, 0x0C, 0x00, 0x00, 0x00, 0x70, 0x00, 0x00, 0x03, 0x80, 0x00, 0x00, 0x00, 0x00, 0x00, 0x00,
    0x00, 0x00, 0x00, 0x07, 0x00, 0x00, 0x00, 0xFC, 0x0C, 0x00, 0x07, 0xF0, 0x70, 0x00, 0x73, 0xC3,
    0x00, 0x03, 0x8E, 0x38, 0x00, 0x1C, 0x71, 0xC0, 0x00, 0xE3, 0x8F, 0x00, 0x07, 0xB8, 0x3C, 0x00,
    0x1F, 0xC1, 0xFF, 0xFF, 0xFF, 0xE3, 0xFF, 0xFF, 0xFF, 0x07, 0xFF, 0x80, 0x00, 0x0E, 0x01, 0xC0,
    0x38, 0x00, 0x00, 0x00, 0x1E, 0x07, 0xE1, 0xFE, 0x39, 0xC6, 0x39, 0xC3, 0x1C, 0x63, 0xFC, 0x3F,
    0x80, 0x70, 0x3C, 0xFF, 0x9F, 0xC0, 0x00, 0x00, 0x06, 0x00, 0x1C, 0x00, 0x60, 0x00, 0x00, 0x00,
    0x00, 0x1C, 0x01, 0xF8, 0x07, 0xF0, 0x39, 0xE0, 0xE3, 0x83, 0x0E, 0x0E, 0x38, 0x3D, 0xC0, 0x7F,
    0x0F, 0xFF, 0xFF, 0xFF, 0x00, 0x00, 0x00, 0x1B, 0x80, 0x07, 0xF0, 0x00, 0x6E, 0x00, 0x00, 0x00,
    0x00, 0x00, 0x00, 0x0E, 0x00, 0x07, 0xE0, 0x00, 0xFE, 0x00, 0x39, 0xC0, 0x07, 0x19, 0xC0, 0xC3,
    0xB8, 0x1C, 0x77, 0x03, 0xFF, 0xC0, 0x3F, 0xB8, 0x01, 0xF7, 0x00, 0x0E, 0x70, 0x03, 0xCF, 0x00,
    0xF0, 0xFF, 0xFC, 0x0F, 0xFF, 0x00, 0x7F, 0x80, 0x00, 0x1D, 0x80, 0x00, 0x7F, 0x00, 0x01, 0xD8,
    0x00, 0x00, 0x00, 0x00, 0x00, 0x00, 0x00, 0x18, 0x00, 0x00, 0xF8, 0x00, 0x07, 0xF0, 0x00, 0x39,
    0xC0, 0x00, 0xE7, 0x03, 0x03, 0x0E, 0x1C, 0x0E, 0x38, 0x70, 0x3F, 0xFD, 0x80, 0x7F, 0xFE, 0x00,
    0x3F, 0x38, 0x00, 0x70, 0x70, 0x03, 0xC1, 0xE0, 0x1E, 0x03, 0xFF, 0xF0, 0x0F, 0xFF, 0x80, 0x0F,
    0xF8, 0x00, 0x1B, 0x07, 0x70, 0x6E, 0x00, 0x00, 0x00, 0x1E, 0x07, 0xE1, 0xFE, 0x39, 0xC6, 0x39,
    0xC3, 0x1C, 0x63, 0xFC, 0x3F, 0x80, 0x70, 0x3C, 0xFF, 0x9F, 0xC0, 0x00, 0x00, 0x1D, 0x80, 0x7E,
    0x01, 0xD8, 0x00, 0x00, 0x00, 0x00, 0x1C, 0x01, 0xF8, 0x07, 0xF0, 0x39, 0xE0, 0xE3, 0x83, 0x0E,
    0x0E, 0x38, 0x3D, 0xC0, 0x7F, 0x0F, 0xFF, 0xFF, 0xFF, 0x00, 0x00, 0x00, 0x00, 0x30, 0x00, 0x01,
    0x80, 0x00, 0x0E, 0x00, 0x00, 0x70, 0x00, 0x83, 0x80, 0x1E, 0x1C, 0x00, 0xE0, 0xE0, 0x0E, 0x07,
    0x00, 0x38, 0x3B, 0x00, 0xC1, 0xDC, 0x0F, 0x0E, 0xC1, 0xF0, 0x7E, 0x06, 0x03, 0xF0, 0x00, 0x1F,
    0xC0, 0x00, 0xEF, 0x00, 0x1E, 0x7F, 0xFF, 0xF0, 0xFF, 0xFF, 0x01, 0xFF, 0x80, 0x00, 0x00, 0x30,
    0x00, 0x00, 0x18, 0x00, 0x00, 0x0E, 0x00, 0x00, 0x07, 0x00, 0x00, 0x83, 0x80, 0x01, 0xE1, 0xC0,
    0x00, 0xE0, 0xE0, 0x00, 0xE0, 0x70, 0x00, 0x38, 0x38, 0x30, 0x0C, 0x1C, 0x1C, 0x0F, 0x0E, 0x0C,
    0x1F, 0x07, 0x0E, 0x06, 0x03, 0x87, 0x00, 0x01, 0xC3, 0xC0, 0x00, 0xE0, 0xF0, 0x01, 0xF8, 0x7F,
    0xFF, 0xFF, 0x8F, 0xFF, 0xF7, 0xC1, 0xFF, 0xC0, 0x00, 0x00, 0x40, 0x3C, 0x1F, 0x8F, 0xC7, 0xE0,
    0xF0, 0x3C, 0x03, 0xC0, 0x3C, 0x03, 0xC0, 0x3C, 0x03, 0x80, 0x38, 0x07, 0x00, 0xE0, 0x3C, 0xFF,
    0x1F, 0xC3, 0x00, 0x00, 0x00, 0x40, 0x0F, 0x80, 0x7E, 0x07, 0xE0, 0x7E, 0x01, 0xE0, 0x0E, 0x00,
    0x1C, 0x00, 0x78, 0x00, 0x70, 0x00, 0xE0, 0x01, 0xC0, 0x03, 0x80, 0x0E, 0x00, 0x3C, 0x01, 0xFC,
    0xFF, 0xFF, 0xF9, 0xFC, 0x00, 0x00, 0x00, 0x07, 0x00, 0x07, 0x00, 0x07, 0x00, 0x07, 0x00, 0x07,
    0x00, 0x07, 0x00, 0x07, 0x00, 0x07, 0x00, 0x07, 0x00, 0x07, 0x00, 0x07, 0x00, 0x07, 0x00, 0x07,
    0x20, 0x07, 0x70, 0x07, 0x70, 0x07, 0x60, 0x07, 0xE0, 0x07, 0xE0, 0x07, 0x70, 0x0E, 0x78, 0x1E,
    0x7F, 0xFC, 0x3F, 0xF8, 0x0F, 0xF0, 0x00, 0x07, 0x00, 0x00, 0x70, 0x00, 0x07, 0x00, 0x00, 0x70,
    0x00, 0x07, 0x00, 0x00, 0x70, 0x00, 0x07, 0x00, 0x00, 0x70, 0x00, 0x07, 0x00, 0x00, 0x70, 0x00,
    0x07, 0x00, 0x00, 0x70, 0x00, 0x07, 0x02, 0x00, 0x70, 0x70, 0x07, 0x07, 0x00, 0x78, 0x60, 0x07,
    0xFE, 0x00, 0x7F, 0xE0, 0x07, 0x07, 0x00, 0xF0, 0x78, 0x1E, 0x03, 0xFF, 0xC0, 0x1F, 0xF8, 0x00,
    0xFE, 0x00, 0x38, 0xE3, 0x8E, 0x38, 0xE3, 0x8E, 0x38, 0xE3, 0x8E, 0x18, 0x61, 0x8E, 0xFB, 0xC0,
    0x00, 0x38, 0x1C, 0x0E, 0x07, 0x03, 0x81, 0xC0, 0xE0, 0x70, 0x38, 0x1C, 0x0E, 0x07, 0x01, 0x80,
    0xC0, 0x70, 0x7C, 0xFF, 0xFB, 0xC0, 0x00, 0x07, 0x81, 0xFC, 0x3F, 0xE3, 0x8E, 0x30, 0x60, 0x06,
    0x0F, 0xE3, 0xFE, 0x7F, 0xEF, 0x00, 0xE0, 0x0E, 0x00, 0xE0, 0x0E, 0x00, 0xE0, 0x06, 0x00, 0x60,
    0x07, 0x00, 0x70, 0x07, 0x00, 0x00, 0x00, 0x07, 0xC0, 0x0F, 0xE0, 0x1F, 0xE0, 0x3C, 0x70, 0x78,
    0x70, 0x7C, 0x30, 0xFE, 0x38, 0xEF, 0xFF, 0xE7, 0xFF, 0xE1, 0xC0, 0xE0, 0x00, 0xE0, 0x00, 0xE0,
    0x00, 0xE0, 0x00, 0x60, 0x00, 0x70, 0x00, 0x70, 0x00, 0x70, 0x00, 0x70, 0x00, 0x07, 0xC0, 0xFE,
    0x0F, 0xE1, 0xC7, 0x18, 0x73, 0x87, 0x7E, 0x7F, 0xFE, 0xE7, 0xE0, 0x00, 0x00, 0x00, 0x07, 0xC0,
    0x0F, 0xE0, 0x0E, 0xE0, 0x1C, 0x70, 0x38, 0x70, 0x3C, 0x38, 0x7E, 0x3C, 0xFF, 0xFF, 0xE7, 0xFF,
    0x01, 0xC0, 0x01, 0x80, 0x01, 0xC0, 0x01, 0xC0, 0x00, 0x00, 0x00, 0x00, 0x00, 0x0E, 0x00, 0x0E,
    0x00, 0x0E, 0x20, 0x07, 0x70, 0x07, 0x70, 0x07, 0x60, 0x07, 0xE0, 0x07, 0xE0, 0x07, 0x70, 0x07,
    0x78, 0x1E, 0x7F, 0xFC, 0x3F, 0xF8, 0x0F, 0xF0, 0x01, 0x80, 0x00, 0x1C, 0x00, 0x01, 0xC0, 0x00,
    0x00, 0x00, 0x00, 0x00, 0x00, 0x00, 0x00, 0x00, 0x0E, 0x00, 0x00, 0x70, 0x20, 0x07, 0x07, 0x00,
    0x70, 0x70, 0x07, 0x86, 0x00, 0x7F, 0xE0, 0x07, 0xFE, 0x00, 0x70, 0x70, 0x07, 0x07, 0x00, 0xE0,
    0x7F, 0xFE, 0x03, 0xFF, 0xC0, 0x0F, 0xF0, 0x00, 0x30, 0xE3, 0x00, 0x00, 0x03, 0x8E, 0x38, 0x71,
    0xC7, 0x1C, 0xFF, 0xBC, 0x00, 0x18, 0x0E, 0x01, 0x80, 0x00, 0x00, 0x00, 0x01, 0xC0, 0x70, 0x1C,
    0x07, 0x03, 0xE3, 0xFF, 0xF7, 0xC0, 0x00, 0x08, 0x07, 0x81, 0xE0, 0xFC, 0x3B, 0x9C, 0x66, 0x1F,
    0x87, 0xE1, 0xDC, 0xE7, 0xF8, 0xFC, 0x01, 0x80, 0x06, 0x00, 0xFC, 0x07, 0xF0, 0x3F, 0xC1, 0xC7,
    0x06, 0x1C, 0x38, 0x70, 0x7F, 0xC1, 0xFF, 0x03, 0xFE, 0x00, 0x3F, 0x00, 0x7C, 0x00, 0x00, 0x08,
    0x00, 0x38, 0x00, 0xF0, 0x07, 0xE0, 0x3F, 0xC0, 0xE7, 0x83, 0x1F, 0x0C, 0x7E, 0x39, 0xF8, 0xFE,
    0x71, 0xF1, 0xFF, 0xFE, 0xFF, 0xF8, 0x01, 0x80, 0x03, 0x80, 0x1F, 0x00, 0xFC, 0x07, 0x38, 0x1C,
    0xE0, 0xE3, 0x83, 0x8C, 0x0E, 0x70, 0x3F, 0xC3, 0xFF, 0xFF, 0xFF, 0xCE, 0x1C, 0x38, 0x70, 0xF1,
    0xC1, 0xFE, 0x03, 0xF8, 0x03, 0x80, 0x1C, 0x1F, 0x9F, 0xCE, 0x7E, 0x3F, 0x1F, 0x8E, 0xFF, 0x7F,
    0x87, 0xC1, 0xC3, 0xEF, 0xE7, 0xE3, 0x80, 0x1C, 0x01, 0xF8, 0x1F, 0xC0, 0xE7, 0x0E, 0x38, 0x71,
    0xC3, 0xCE, 0x0F, 0xFE, 0x7F, 0xF0, 0x3F, 0x01, 0xC0, 0x3E, 0x0F, 0xE0, 0x7E, 0x03, 0x80, 0x00,
    0x00, 0x03, 0xC0, 0x01, 0xFC, 0x00, 0x7F, 0x00, 0x1E, 0x00, 0x03, 0x80, 0x00, 0xE0, 0x08, 0x1C,
    0x03, 0x83, 0xE0, 0x70, 0x3F, 0x0C, 0x01, 0xFB, 0x80, 0x07, 0x70, 0x00, 0xE7, 0x00, 0x3C, 0xF0,
    0x0F, 0x1F, 0xFF, 0xC1, 0xFF, 0xF0, 0x0F, 0xF0, 0x00, 0x20, 0x00, 0x07, 0x00, 0xC0, 0x70, 0x0F,
    0x86, 0x00, 0xFF, 0xE0, 0x03, 0xFE, 0x00, 0x1C, 0x70, 0x01, 0xC7, 0x80, 0x78, 0x3F, 0xFF, 0x81,
    0xFF, 0xE0, 0x0F, 0xF8, 0x00, 0x00, 0x03, 0xC0, 0x01, 0xFC, 0x00, 0x7F, 0x00, 0x1E, 0x00, 0x03,
    0x80, 0x00, 0xE0, 0x08, 0x1C, 0x03, 0x83, 0xE0, 0x70, 0x3F, 0x0C, 0x01, 0xFB, 0x80, 0x07, 0x70,
    0x00, 0xE7, 0x00, 0x3C, 0xF0, 0x0F, 0x1F, 0xFF, 0xC1, 0xFF, 0xF0, 0x0F, 0xF0, 0x00, 0x00, 0x00,
    0x00, 0x00, 0x01, 0xB8, 0x00, 0x3F, 0x00, 0x06, 0xE0, 0x00, 0x20, 0x00, 0x07, 0x00, 0xC0, 0x70,
    0x0F, 0x86, 0x00, 0xFF, 0xE0, 0x03, 0xFE, 0x00, 0x1C, 0x70, 0x01, 0xC7, 0x80, 0x78, 0x3F, 0xFF,
    0x81, 0xFF, 0xE0, 0x0F, 0xF8, 0x00, 0x00, 0x00, 0x00, 0x00, 0x00, 0x76, 0x00, 0x07, 0xF0, 0x00,
    0x76, 0x00, 0x00, 0x18, 0x38, 0x70, 0xE0, 0xC1, 0x83, 0x0E, 0xFD, 0xF0, 0x00, 0x0D, 0xDF, 0xB7,
    0x00, 0x01, 0xC0, 0x30, 0x0E, 0x01, 0xC0, 0x7C, 0x3F, 0xFF, 0xBF, 0x00, 0x00, 0x00, 0xD8, 0x3B,
    0x83, 0x60, 0x78, 0x01, 0xFF, 0x3B, 0x3C, 0x70, 0x00, 0xE0, 0x81, 0xC3, 0x83, 0x87, 0xC7, 0x07,
    0xCE, 0x03, 0xDC, 0x03, 0xF8, 0x03, 0xE0, 0x01, 0xC0, 0x07, 0xC0, 0x1F, 0xC0, 0x7B, 0x81, 0xE3,
    0x07, 0x8E, 0x1F, 0xFC, 0x3F, 0xF0, 0x38, 0x00, 0x0F, 0xF3, 0x81, 0x3E, 0x70, 0x00, 0x0E, 0x00,
    0x01, 0xC0, 0x30, 0x38, 0x07, 0x07, 0x00, 0x70, 0xE0, 0x07, 0x1C, 0x00, 0x73, 0x80, 0x07, 0x70,
    0x00, 0x7E, 0x00, 0x0F, 0xC0, 0x00, 0xF8, 0x00, 0x0F, 0x00, 0x01, 0xF0, 0x01, 0xFE, 0x03, 0xFD,
    0xF8, 0x7F, 0x1F, 0x00, 0x00, 0x00, 0x38, 0x01, 0xE0, 0x06, 0x00, 0x18, 0x00, 0x7C, 0x39, 0xF0,
    0xE6, 0x03, 0x84, 0x0E, 0x38, 0x38, 0xF8, 0xE1, 0xF3, 0x81, 0xEE, 0x03, 0xF8, 0x07, 0xC0, 0x07,
    0x00, 0x3E, 0x01, 0xFC, 0x0F, 0x70, 0x78, 0xC3, 0xC7, 0x1F, 0xFC, 0x7F, 0xE0, 0x30, 0x00, 0x78,
    0x00, 0x30, 0x00, 0x18, 0x00, 0x07, 0x87, 0x07, 0xC3, 0x83, 0x01, 0xC0, 0x00, 0xE0, 0x60, 0x70,
    0x38, 0x38, 0x0E, 0x1C, 0x03, 0x8E, 0x00, 0xE7, 0x00, 0x3B, 0x80, 0x0F, 0xC0, 0x07, 0xE0, 0x01,
    0xF0, 0x00, 0x78, 0x00, 0x3E, 0x00, 0xFF, 0x07, 0xFB, 0xF3, 0xF8, 0xF8, 0x00, 0x00, 0x00, 0xE0,
    0x0E, 0x00, 0xE4, 0x0E, 0xE0, 0xEF, 0x8E, 0x7C, 0xE1, 0xEE, 0x0F, 0xE0, 0x7C, 0x01, 0xC0, 0x3E,
    0x07, 0xF0, 0xF7, 0x1E, 0x33, 0xC7, 0x7F, 0xF7, 0xFE, 0x00, 0x03, 0x80, 0x78, 0x06, 0x00, 0x60,
    0x07, 0xC0, 0x7C, 0x06, 0x00, 0x00, 0xE0, 0x00, 0xE0, 0x00, 0xE0, 0x00, 0xE0, 0xC0, 0xE0, 0xE0,
    0xE0, 0x70, 0xE0, 0x38, 0xE0, 0x1C, 0xE0, 0x0E, 0xE0, 0x07, 0xE0, 0x07, 0xE0, 0x03, 0xE0, 0x01,
    0xE0, 0x01, 0xF0, 0x0F, 0xF0, 0xFF, 0x7E, 0xFE, 0x3E, 0x00, 0x00, 0x0C, 0x00, 0x1E, 0x00, 0x38,
    0x00, 0x38, 0x00, 0x1F, 0x00, 0x3F, 0x00, 0x18, 0x00, 0x00, 0xE0, 0x0E, 0x00, 0xE4, 0x0E, 0xE0,
    0xEF, 0x8E, 0x7C, 0xE1, 0xEE, 0x0F, 0xE0, 0x7C, 0x01, 0xC0, 0x3E, 0x07, 0xF0, 0xF7, 0x1E, 0x33,
    0xC7, 0x7F, 0xF7, 0xFE, 0x00, 0xE0, 0x00, 0xE0, 0x00, 0xE0, 0x00, 0xE0, 0xC0, 0xE0, 0xE0, 0xE0,
    0x70, 0xE0, 0x38, 0xE0, 0x1C, 0xE0, 0x0E, 0xE0, 0x07, 0xE0, 0x07, 0xE0, 0x03, 0xE0, 0x01, 0xE0,
    0x01, 0xF0, 0x0F, 0xF0, 0xFF, 0x7E, 0xFE, 0x3E, 0x00, 0x00,
};

static const EpdGlyph inter_12_regularGlyphs[] = {
    { 0, 0, 182, 0, 0, 0, 0 }, // U+0000
    { 0, 0, 104, 0, 0, 0, 0 }, // U+000D
    { 0, 0, 110, 0, 0, 0, 0 }, // U+0020
    { 5, 20, 109, 1, 19, 13, 0 }, // !
    { 7, 8, 181, 2, 19, 7, 13 }, // "
    { 16, 19, 250, 0, 19, 38, 20 }, // #
    { 14, 24, 254, 1, 21, 42, 58 }, // $
    { 20, 20, 380, 2, 19, 50, 100 }, // %
    { 15, 20, 254, 1, 19, 38, 150 }, // &
    { 3, 8, 116, 2, 19, 3, 188 }, // '
    { 6, 24, 140, 2, 20, 18, 191 }, // (
    { 6, 24, 140, 1, 20, 18, 209 }, // )
    { 11, 12, 197, 1, 19, 17, 227 }, // *
    { 13, 12, 262, 2, 13, 20, 244 }, // +
    { 4, 8, 109, 1, 3, 4, 264 }, // ,
    { 9, 3, 181, 1, 9, 4, 268 }, // -
    { 5, 5, 109, 1, 4, 4, 272 }, // .
    { 9, 23, 141, 0, 20, 26, 276 }, // /
    { 14, 20, 251, 1, 19, 35, 302 }, // 0
    { 7, 19, 159, 1, 19, 17, 337 }, // 1
    { 13, 19, 240, 1, 19, 31, 354 }, // 2
    { 13, 20, 245, 1, 19, 33, 385 }, // 3
    { 14, 19, 256, 1, 19, 34, 418 }, // 4
    { 13, 20, 236, 1, 19, 33, 452 }, // 5
    { 13, 20, 245, 1, 19, 33, 485 }, // 6
    { 12, 19, 222, 1, 19, 29, 518 }, // 7
    { 13, 20, 244, 1, 19, 33, 547 }, // 8
    { 13, 20, 245, 1, 19, 33, 580 }, // 9
    { 5, 15, 109, 1, 14, 10, 613 }, // :
    { 5, 19, 114, 1, 14, 12, 623 }, // ;
    { 12, 14, 262, 2, 14, 21, 635 }, // <
    { 12, 8, 262, 2, 11, 12, 656 }, // =
    { 13, 14, 262, 2, 14, 23, 668 }, // >
    { 12, 20, 206, 0, 19, 30, 691 }, // ?
    { 22, 23, 387, 1, 18, 64, 721 }, // @
    { 17, 19, 273, 0, 19, 41, 785 }, // A
    { 13, 19, 260, 2, 19, 31, 826 }, // B
    { 16, 20, 291, 1, 19, 40, 857 }, // C
    { 15, 19, 286, 2, 19, 36, 897 }, // D
    { 12, 19, 238, 2, 19, 29, 933 }, // E
    { 12, 19, 233, 2, 19, 29, 962 }, // F
    { 17, 20, 297, 1, 19, 43, 991 }, // G
    { 15, 19, 294, 2, 19, 36, 1034 }, // H
    { 3, 19, 104, 2, 19, 8, 1070 }, // I
    { 11, 20, 225, 1, 19, 28, 1078 }, // J
    { 14, 19, 265, 2, 19, 34, 1106 }, // K
    { 11, 19, 223, 2, 19, 27, 1140 }, // L
    { 19, 19, 357, 2, 19, 46, 1167 }, // M
    { 15, 19, 297, 2, 19, 36, 1213 }, // N
    { 17, 20, 304, 1, 19, 43, 1249 }, // O
    { 13, 19, 253, 2, 19, 31, 1292 }, // P
    { 17, 21, 304, 1, 19, 45, 1323 }, // Q
    { 14, 19, 256, 2, 19, 34, 1368 }, // R
    { 14, 20, 254, 1, 19, 35, 1402 }, // S
    { 14, 19, 255, 1, 19, 34, 1437 }, // T
    { 15, 20, 294, 2, 19, 38, 1471 }, // U
    { 17, 19, 273, 0, 19, 41, 1509 }, // V
    { 24, 19, 391, 0, 19, 57, 1550 }, // W
    { 17, 19, 270, 0, 19, 41, 1607 }, // X
    { 17, 19, 268, 0, 19, 41, 1648 }, // Y
    { 14, 19, 250, 1, 19, 34, 1689 }, // Z
    { 6, 24, 140, 2, 20, 18, 1723 }, // [
    { 9, 23, 141, 0, 20, 26, 1741 }, // <backslash>
    { 6, 24, 140, 1, 20, 18, 1767 }, // ]
    { 11, 9, 186, 0, 18, 13, 1785 }, // ^
    { 12, 3, 182, 0, 0, 5, 1798 }, // _
    { 5, 4, 122, 1, 19, 3, 1803 }, // `
    { 11, 15, 221, 1, 14, 21, 1806 }, // a
    { 13, 20, 241, 1, 19, 33, 1827 }, // b
    { 12, 15, 224, 1, 14, 23, 1860 }, // c
    { 13, 20, 241, 1, 19, 33, 1883 }, // d
    { 13, 15, 229, 1, 14, 25, 1916 }, // e
    { 9, 19, 142, 0, 19, 22, 1941 }, // f
    { 13, 20, 241, 1, 14, 33, 1963 }, // g
    { 12, 19, 233, 1, 19, 29, 1996 }, // h
    { 4, 19, 94, 1, 19, 10, 2025 }, // i
    { 6, 25, 94, -1, 19, 19, 2035 }, // j
    { 13, 19, 216, 1, 19, 31, 2054 }, // k
    { 4, 19, 94, 1, 19, 10, 2085 }, // l
    { 19, 14, 347, 1, 14, 34, 2095 }, // m
    { 12, 14, 232, 1, 14, 21, 2129 }, // n
    { 13, 15, 235, 1, 14, 25, 2150 }, // o
    { 13, 20, 241, 1, 14, 33, 2175 }, // p
    { 13, 20, 241, 1, 14, 33, 2208 }, // q
    { 8, 14, 146, 1, 14, 14, 2241 }, // r
    { 11, 15, 206, 1, 14, 21, 2255 }, // s
    { 8, 18, 129, 0, 17, 18, 2276 }, // t
    { 12, 15, 233, 1, 14, 23, 2294 }, // u
    { 14, 14, 220, 0, 14, 25, 2317 }, // v
    { 20, 14, 321, 0, 14, 35, 2342 }, // w
    { 13, 14, 215, 0, 14, 23, 2377 }, // x
    { 14, 20, 220, 0, 14, 35, 2400 }, // y
    { 11, 14, 214, 1, 14, 20, 2435 }, // z
    { 9, 24, 167, 1, 20, 27, 2455 }, // {
    { 2, 31, 130, 3, 25, 8, 2482 }, // |
    { 8, 24, 167, 1, 20, 24, 2490 }, // }
    { 14, 6, 262, 1, 10, 11, 2514 }, // ~
    { 0, 0, 110, 0, 0, 0, 2525 }, // U+00A0
    { 5, 19, 110, 1, 14, 12, 2525 }, // U+00A1
    { 12, 19, 224, 1, 19, 29, 2537 }, // U+00A2
    { 13, 19, 242, 1, 19, 31, 2566 }, // U+00A3
    { 16, 17, 287, 1, 16, 34, 2597 }, // U+00A4
    { 14, 19, 217, 0, 19, 34, 2631 }, // U+00A5
    { 3, 23, 105, 2, 19, 9, 2665 }, // U+00A6
    { 12, 23, 225, 1, 19, 35, 2674 }, // U+00A7
    { 9, 4, 232, 3, 19, 5, 2709 }, // U+00A8
    { 20, 20, 363, 1, 19, 50, 2714 }, // U+00A9
    { 10, 12, 179, 0, 19, 15, 2764 }, // U+00AA
    { 13, 13, 228, 1, 14, 22, 2779 }, // U+00AB
    { 11, 7, 262, 2, 10, 10, 2801 }, // U+00AC
    { 15, 15, 263, 1, 19, 29, 2811 }, // U+00AE
    { 8, 2, 185, 2, 18, 2, 2840 }, // U+00AF
    { 9, 9, 179, 1, 19, 11, 2842 }, // U+00B0
    { 12, 14, 262, 2, 14, 21, 2853 }, // U+00B1
    { 9, 11, 172, 1, 21, 13, 2874 }, // U+00B2
    { 9, 11, 174, 1, 21, 13, 2887 }, // U+00B3
    { 5, 4, 122, 1, 19, 3, 2900 }, // U+00B4
    { 14, 20, 231, 1, 14, 35, 2903 }, // U+00B5
    { 12, 19, 238, 1, 19, 29, 2938 }, // U+00B6
    { 5, 5, 109, 1, 11, 4, 2967 }, // U+00B7
    { 6, 7, 104, 1, 1, 6, 2971 }, // U+00B8
    { 5, 11, 118, 1, 21, 7, 2977 }, // U+00B9
    { 11, 12, 190, 0, 19, 17, 2984 }, // U+00BA
    { 14, 13, 228, 0, 14, 23, 3001 }, // U+00BB
    { 19, 19, 314, 0, 19, 46, 3024 }, // U+00BC
    { 20, 19, 331, 0, 19, 48, 3070 }, // U+00BD
    { 20, 19, 346, 1, 19, 48, 3118 }, // U+00BE
    { 11, 19, 206, 1, 14, 27, 3166 }, // U+00BF
    { 17, 24, 273, 0, 24, 51, 3193 }, // U+00C0
    { 17, 24, 273, 0, 24, 51, 3244 }, // U+00C1
    { 17, 24, 273, 0, 24, 51, 3295 }, // U+00C2
    { 17, 24, 273, 0, 24, 51, 3346 }, // U+00C3
    { 17, 24, 273, 0, 24, 51, 3397 }, // U+00C4
    { 17, 25, 273, 0, 25, 54, 3448 }, // U+00C5
    { 24, 19, 395, 0, 19, 57, 3502 }, // U+00C6
    { 16, 25, 291, 1, 19, 50, 3559 }, // U+00C7
    { 12, 24, 238, 2, 24, 36, 3609 }, // U+00C8
    { 12, 24, 238, 2, 24, 36, 3645 }, // U+00C9
    { 12, 24, 238, 2, 24, 36, 3681 }, // U+00CA
    { 12, 24, 238, 2, 24, 36, 3717 }, // U+00CB
    { 5, 24, 104, 0, 24, 15, 3753 }, // U+00CC
    { 5, 24, 104, 2, 24, 15, 3768 }, // U+00CD
    { 9, 24, 104, -1, 24, 27, 3783 }, // U+00CE
    { 9, 24, 104, -1, 24, 27, 3810 }, // U+00CF
    { 17, 19, 293, 0, 19, 41, 3837 }, // U+00D0
    { 15, 24, 297, 2, 24, 45, 3878 }, // U+00D1
    { 17, 25, 304, 1, 24, 54, 3923 }, // U+00D2
    { 17, 25, 304, 1, 24, 54, 3977 }, // U+00D3
    { 17, 25, 304, 1, 24, 54, 4031 }, // U+00D4
    { 17, 25, 304, 1, 24, 54, 4085 }, // U+00D5
    { 17, 25, 304, 1, 24, 54, 4139 }, // U+00D6
    { 12, 12, 262, 2, 13, 18, 4193 }, // U+00D7
    { 17, 20, 304, 1, 19, 43, 4211 }, // U+00D8
    { 15, 25, 294, 2, 24, 47, 4254 }, // U+00D9
    { 15, 25, 294, 2, 24, 47, 4301 }, // U+00DA
    { 15, 25, 294, 2, 24, 47, 4348 }, // U+00DB
    { 15, 25, 294, 2, 24, 47, 4395 }, // U+00DC
    { 17, 24, 268, 0, 24, 51, 4442 }, // U+00DD
    { 13, 19, 251, 1, 19, 31, 4493 }, // U+00DE
    { 12, 19, 243, 2, 19, 29, 4524 }, // U+00DF
    { 11, 20, 221, 1, 19, 28, 4553 }, // U+00E0
    { 11, 20, 221, 1, 19, 28, 4581 }, // U+00E1
    { 11, 20, 221, 1, 19, 28, 4609 }, // U+00E2
    { 11, 20, 221, 1, 19, 28, 4637 }, // U+00E3
    { 11, 20, 221, 1, 19, 28, 4665 }, // U+00E4
    { 11, 22, 221, 1, 21, 31, 4693 }, // U+00E5
    { 21, 15, 363, 1, 14, 40, 4724 }, // U+00E6
    { 12, 20, 224, 1, 14, 30, 4764 }, // U+00E7
    { 13, 20, 229, 1, 19, 33, 4794 }, // U+00E8
    { 13, 20, 229, 1, 19, 33, 4827 }, // U+00E9
    { 13, 20, 229, 1, 19, 33, 4860 }, // U+00EA
    { 13, 20, 229, 1, 19, 33, 4893 }, // U+00EB
    { 6, 19, 94, -1, 19, 15, 4926 }, // U+00EC
    { 6, 19, 94, 1, 19, 15, 4941 }, // U+00ED
    { 8, 19, 94, -1, 19, 19, 4956 }, // U+00EE
    { 9, 19, 94, -2, 19, 22, 4975 }, // U+00EF
    { 13, 21, 230, 1, 20, 35, 4997 }, // U+00F0
    { 12, 19, 232, 1, 19, 29, 5032 }, // U+00F1
    { 13, 20, 235, 1, 19, 33, 5061 }, // U+00F2
    { 13, 20, 235, 1, 19, 33, 5094 }, // U+00F3
    { 13, 20, 235, 1, 19, 33, 5127 }, // U+00F4
    { 13, 20, 235, 1, 19, 33, 5160 }, // U+00F5
    { 13, 20, 235, 1, 19, 33, 5193 }, // U+00F6
    { 12, 14, 262, 2, 14, 21, 5226 }, // U+00F7
    { 14, 16, 235, 0, 15, 28, 5247 }, // U+00F8
    { 12, 20, 233, 1, 19, 30, 5275 }, // U+00F9
    { 12, 20, 233, 1, 19, 30, 5305 }, // U+00FA
    { 12, 20, 233, 1, 19, 30, 5335 }, // U+00FB
    { 12, 20, 233, 1, 19, 30, 5365 }, // U+00FC
    { 14, 25, 220, 0, 19, 44, 5395 }, // U+00FD
    { 13, 25, 241, 1, 19, 41, 5439 }, // U+00FE
    { 14, 25, 220, 0, 19, 44, 5480 }, // U+00FF
    { 17, 23, 273, 0, 23, 49, 5524 }, // U+0100
    { 11, 19, 221, 1, 18, 27, 5573 }, // U+0101
    { 17, 24, 273, 0, 24, 51, 5600 }, // U+0102
    { 11, 20, 221, 1, 19, 28, 5651 }, // U+0103
    { 18, 25, 273, 0, 19, 57, 5679 }, // U+0104
    { 12, 20, 221, 1, 14, 30, 5736 }, // U+0105
    { 16, 25, 291, 1, 24, 50, 5766 }, // U+0106
    { 12, 20, 224, 1, 19, 30, 5816 }, // U+0107
    { 16, 25, 291, 1, 24, 50, 5846 }, // U+0108
    { 12, 20, 224, 1, 19, 30, 5896 }, // U+0109
    { 16, 25, 291, 1, 24, 50, 5926 }, // U+010A
    { 12, 20, 224, 1, 19, 30, 5976 }, // U+010B
    { 16, 25, 291, 1, 24, 50, 6006 }, // U+010C
    { 12, 20, 224, 1, 19, 30, 6056 }, // U+010D
    { 15, 24, 286, 2, 24, 45, 6086 }, // U+010E
    { 17, 21, 280, 1, 20, 45, 6131 }, // U+010F
    { 17, 19, 293, 0, 19, 41, 6176 }, // U+0110
    { 15, 20, 241, 1, 19, 38, 6217 }, // U+0111
    { 12, 23, 238, 2, 23, 35, 6255 }, // U+0112
    { 13, 19, 229, 1, 18, 31, 6290 }, // U+0113
    { 12, 24, 238, 2, 24, 36, 6321 }, // U+0114
    { 13, 20, 229, 1, 19, 33, 6357 }, // U+0115
    { 12, 24, 238, 2, 24, 36, 6390 }, // U+0116
    { 13, 20, 229, 1, 19, 33, 6426 }, // U+0117
    { 13, 25, 238, 2, 19, 41, 6459 }, // U+0118
    { 13, 20, 229, 1, 14, 33, 6500 }, // U+0119
    { 12, 24, 238, 2, 24, 36, 6533 }, // U+011A
    { 13, 20, 229, 1, 19, 33, 6569 }, // U+011B
    { 17, 25, 297, 1, 24, 54, 6602 }, // U+011C
    { 13, 25, 241, 1, 19, 41, 6656 }, // U+011D
    { 17, 25, 297, 1, 24, 54, 6697 }, // U+011E
    { 13, 25, 241, 1, 19, 41, 6751 }, // U+011F
    { 17, 25, 297, 1, 24, 54, 6792 }, // U+0120
    { 13, 25, 241, 1, 19, 41, 6846 }, // U+0121
    { 17, 26, 297, 1, 19, 56, 6887 }, // U+0122
    { 13, 27, 241, 1, 21, 44, 6943 }, // U+0123
    { 15, 24, 294, 2, 24, 45, 6987 }, // U+0124
    { 14, 24, 233, -1, 24, 42, 7032 }, // U+0125
    { 18, 19, 306, 1, 19, 43, 7074 }, // U+0126
    { 13, 19, 233, 0, 19, 31, 7117 }, // U+0127
    { 8, 24, 104, -1, 24, 24, 7148 }, // U+0128
    { 8, 19, 94, -1, 19, 19, 7172 }, // U+0129
    { 8, 23, 104, -1, 23, 23, 7191 }, // U+012A
    { 8, 18, 94, -1, 18, 18, 7214 }, // U+012B
    { 8, 24, 104, -1, 24, 24, 7232 }, // U+012C
    { 8, 19, 94, -1, 19, 19, 7256 }, // U+012D
    { 6, 25, 104, 0, 19, 19, 7275 }, // U+012E
    { 6, 25, 94, -1, 19, 19, 7294 }, // U+012F
    { 4, 24, 104, 1, 24, 12, 7313 }, // U+0130
    { 4, 14, 94, 1, 14, 7, 7325 }, // U+0131
    { 17, 20, 329, 2, 19, 43, 7332 }, // U+0132
    { 10, 25, 187, 1, 19, 32, 7375 }, // U+0133
    { 14, 25, 225, 1, 24, 44, 7407 }, // U+0134
    { 8, 25, 94, -1, 19, 25, 7451 }, // U+0135
    { 14, 26, 265, 2, 19, 46, 7476 }, // U+0136
    { 13, 26, 216, 1, 19, 43, 7522 }, // U+0137
    { 12, 14, 207, 1, 14, 21, 7565 }, // U+0138
    { 11, 24, 223, 2, 24, 33, 7586 }, // U+0139
    { 6, 24, 94, 1, 24, 18, 7619 }, // U+013A
    { 11, 26, 223, 2, 19, 36, 7637 }, // U+013B
    { 5, 26, 94, 0, 19, 17, 7673 }, // U+013C
    { 11, 20, 223, 2, 20, 28, 7690 }, // U+013D
    { 7, 20, 133, 1, 20, 18, 7718 }, // U+013E
    { 11, 19, 222, 2, 19, 27, 7736 }, // U+013F
    { 8, 19, 141, 1, 19, 19, 7763 }, // U+0140
    { 14, 19, 235, 0, 19, 34, 7782 }, // U+0141
    { 8, 19, 94, -1, 19, 19, 7816 }, // U+0142
    { 15, 24, 297, 2, 24, 45, 7835 }, // U+0143
    { 12, 19, 232, 1, 19, 29, 7880 }, // U+0144
    { 15, 26, 297, 2, 19, 49, 7909 }, // U+0145
    { 12, 21, 232, 1, 14, 32, 7958 }, // U+0146
    { 15, 24, 297, 2, 24, 45, 7990 }, // U+0147
    { 12, 19, 232, 1, 19, 29, 8035 }, // U+0148
    { 15, 25, 297, 2, 19, 47, 8064 }, // U+014A
    { 12, 20, 232, 1, 14, 30, 8111 }, // U+014B
    { 17, 24, 304, 1, 23, 51, 8141 }, // U+014C
    { 13, 19, 235, 1, 18, 31, 8192 }, // U+014D
    { 17, 25, 304, 1, 24, 54, 8223 }, // U+014E
    { 13, 20, 235, 1, 19, 33, 8277 }, // U+014F
    { 17, 25, 304, 1, 24, 54, 8310 }, // U+0150
    { 13, 20, 235, 1, 19, 33, 8364 }, // U+0151
    { 23, 19, 400, 1, 19, 55, 8397 }, // U+0152
    { 23, 15, 394, 1, 14, 44, 8452 }, // U+0153
    { 14, 24, 256, 2, 24, 42, 8496 }, // U+0154
    { 8, 19, 146, 1, 19, 19, 8538 }, // U+0155
    { 14, 26, 256, 2, 19, 46, 8557 }, // U+0156
    { 9, 21, 146, 0, 14, 24, 8603 }, // U+0157
    { 14, 24, 256, 2, 24, 42, 8627 }, // U+0158
    { 8, 19, 146, 1, 19, 19, 8669 }, // U+0159
    { 14, 25, 254, 1, 24, 44, 8688 }, // U+015A
    { 11, 20, 206, 1, 19, 28, 8732 }, // U+015B
    { 14, 25, 254, 1, 24, 44, 8760 }, // U+015C
    { 11, 20, 206, 1, 19, 28, 8804 }, // U+015D
    { 14, 25, 254, 1, 19, 44, 8832 }, // U+015E
    { 11, 20, 206, 1, 14, 28, 8876 }, // U+015F
    { 14, 25, 254, 1, 24, 44, 8904 }, // U+0160
    { 11, 20, 206, 1, 19, 28, 8948 }, // U+0161
    { 14, 25, 255, 1, 19, 44, 8976 }, // U+0162
    { 9, 23, 129, 0, 17, 26, 9020 }, // U+0163
    { 14, 24, 255, 1, 24, 42, 9046 }, // U+0164
    { 9, 22, 149, 0, 21, 25, 9088 }, // U+0165
    { 14, 19, 255, 1, 19, 34, 9113 }, // U+0166
    { 8, 18, 129, 0, 17, 18, 9147 }, // U+0167
    { 15, 25, 294, 2, 24, 47, 9165 }, // U+0168
    { 12, 20, 233, 1, 19, 30, 9212 }, // U+0169
    { 15, 24, 294, 2, 23, 45, 9242 }, // U+016A
    { 12, 19, 233, 1, 18, 29, 9287 }, // U+016B
    { 15, 25, 294, 2, 24, 47, 9316 }, // U+016C
    { 12, 20, 233, 1, 19, 30, 9363 }, // U+016D
    { 15, 26, 294, 2, 25, 49, 9393 }, // U+016E
    { 12, 22, 233, 1, 21, 33, 9442 }, // U+016F
    { 15, 25, 294, 2, 24, 47, 9475 }, // U+0170
    { 12, 20, 233, 1, 19, 30, 9522 }, // U+0171
    { 15, 25, 294, 2, 19, 47, 9552 }, // U+0172
    { 13, 20, 233, 1, 14, 33, 9599 }, // U+0173
    { 24, 24, 391, 0, 24, 72, 9632 }, // U+0174
    { 20, 19, 321, 0, 19, 48, 9704 }, // U+0175
    { 17, 24, 268, 0, 24, 51, 9752 }, // U+0176
    { 14, 25, 220, 0, 19, 44, 9803 }, // U+0177
    { 17, 24, 268, 0, 24, 51, 9847 }, // U+0178
    { 14, 24, 250, 1, 24, 42, 9898 }, // U+0179
    { 11, 19, 214, 1, 19, 27, 9940 }, // U+017A
    { 14, 24, 250, 1, 24, 42, 9967 }, // U+017B
    { 11, 19, 214, 1, 19, 27, 10009 }, // U+017C
    { 14, 24, 250, 1, 24, 42, 10036 }, // U+017D
    { 11, 19, 214, 1, 19, 27, 10078 }, // U+017E
    { 7, 19, 120, 1, 19, 17, 10105 }, // U+017F
    { 17, 22, 304, 1, 21, 47, 10122 }, // U+01A0
    { 13, 18, 234, 1, 17, 30, 10169 }, // U+01A1
    { 17, 22, 293, 2, 21, 47, 10199 }, // U+01AF
    { 14, 18, 246, 1, 17, 32, 10246 }, // U+01B0
    { 28, 19, 500, 2, 19, 67, 10278 }, // U+01C5
    { 26, 20, 455, 1, 19, 65, 10345 }, // U+01C6
    { 24, 20, 449, 2, 19, 60, 10410 }, // U+01C7
    { 17, 25, 317, 2, 19, 54, 10470 }, // U+01C8
    { 10, 25, 187, 1, 19, 32, 10524 }, // U+01C9
    { 29, 20, 523, 2, 19, 73, 10556 }, // U+01CA
    { 22, 25, 391, 2, 19, 69, 10629 }, // U+01CB
    { 18, 25, 326, 1, 19, 57, 10698 }, // U+01CC
    { 17, 24, 273, 0, 24, 51, 10755 }, // U+01CD
    { 11, 20, 221, 1, 19, 28, 10806 }, // U+01CE
    { 9, 24, 104, -1, 24, 27, 10834 }, // U+01CF
    { 8, 19, 94, -1, 19, 19, 10861 }, // U+01D0
    { 17, 25, 304, 1, 24, 54, 10880 }, // U+01D1
    { 13, 20, 235, 1, 19, 33, 10934 }, // U+01D2
    { 15, 25, 294, 2, 24, 47, 10967 }, // U+01D3
    { 12, 20, 233, 1, 19, 30, 11014 }, // U+01D4
    { 15, 28, 294, 2, 27, 53, 11044 }, // U+01D5
    { 12, 23, 233, 1, 22, 35, 11097 }, // U+01D6
    { 15, 29, 294, 2, 28, 55, 11132 }, // U+01D7
    { 12, 24, 233, 1, 23, 36, 11187 }, // U+01D8
    { 15, 29, 294, 2, 28, 55, 11223 }, // U+01D9
    { 12, 24, 233, 1, 23, 36, 11278 }, // U+01DA
    { 15, 29, 294, 2, 28, 55, 11314 }, // U+01DB
    { 12, 24, 233, 1, 23, 36, 11369 }, // U+01DC
    { 13, 15, 229, 1, 14, 25, 11405 }, // U+01DD
    { 17, 27, 273, 0, 27, 58, 11430 }, // U+01DE
    { 11, 23, 221, 1, 22, 32, 11488 }, // U+01DF
    { 17, 27, 273, 0, 27, 58, 11520 }, // U+01E0
    { 11, 23, 221, 1, 22, 32, 11578 }, // U+01E1
    { 24, 23, 395, 0, 23, 69, 11610 }, // U+01E2
    { 21, 19, 363, 1, 18, 50, 11679 }, // U+01E3
    { 17, 20, 297, 1, 19, 43, 11729 }, // U+01E4
    { 16, 20, 266, 1, 14, 40, 11772 }, // U+01E5
    { 17, 25, 297, 1, 24, 54, 11812 }, // U+01E6
    { 13, 25, 241, 1, 19, 41, 11866 }, // U+01E7
    { 14, 24, 265, 2, 24, 42, 11907 }, // U+01E8
    { 15, 24, 216, -1, 24, 45, 11949 }, // U+01E9
    { 17, 25, 304, 1, 19, 54, 11994 }, // U+01EA
    { 13, 20, 235, 1, 14, 33, 12048 }, // U+01EB
    { 17, 29, 304, 1, 23, 62, 12081 }, // U+01EC
    { 13, 24, 235, 1, 18, 39, 12143 }, // U+01ED
    { 15, 30, 270, 1, 24, 57, 12182 }, // U+01EE
    { 13, 25, 246, 1, 19, 41, 12239 }, // U+01EF
    { 8, 25, 94, -1, 19, 25, 12280 }, // U+01F0
    { 31, 19, 536, 2, 19, 74, 12305 }, // U+01F1
    { 28, 19, 500, 2, 19, 67, 12379 }, // U+01F2
    { 26, 20, 455, 1, 19, 65, 12446 }, // U+01F3
    { 17, 25, 297, 1, 24, 54, 12511 }, // U+01F4
    { 13, 25, 241, 1, 19, 41, 12565 }, // U+01F5
    { 24, 20, 440, 2, 19, 60, 12606 }, // U+01F6
    { 14, 25, 251, 1, 19, 44, 12666 }, // U+01F7
    { 15, 24, 297, 2, 24, 45, 12710 }, // U+01F8
    { 12, 19, 232, 1, 19, 29, 12755 }, // U+01F9
    { 17, 28, 273, 0, 28, 60, 12784 }, // U+01FA
    { 11, 25, 221, 1, 24, 35, 12844 }, // U+01FB
    { 24, 24, 395, 0, 24, 72, 12879 }, // U+01FC
    { 21, 20, 363, 1, 19, 53, 12951 }, // U+01FD
    { 17, 25, 304, 1, 24, 54, 13004 }, // U+01FE
    { 14, 20, 235, 0, 19, 35, 13058 }, // U+01FF
    { 17, 24, 273, 0, 24, 51, 13093 }, // U+0200
    { 11, 20, 221, 1, 19, 28, 13144 }, // U+0201
    { 17, 25, 273, 0, 25, 54, 13172 }, // U+0202
    { 11, 21, 221, 1, 20, 29, 13226 }, // U+0203
    { 12, 24, 238, 2, 24, 36, 13255 }, // U+0204
    { 13, 20, 229, 1, 19, 33, 13291 }, // U+0205
    { 12, 25, 238, 2, 25, 38, 13324 }, // U+0206
    { 13, 21, 229, 1, 20, 35, 13362 }, // U+0207
    { 10, 24, 104, -3, 24, 30, 13397 }, // U+0208
    { 9, 19, 94, -3, 19, 22, 13427 }, // U+0209
    { 8, 25, 104, -1, 25, 25, 13449 }, // U+020A
    { 8, 20, 94, -1, 20, 20, 13474 }, // U+020B
    { 17, 25, 304, 1, 24, 54, 13494 }, // U+020C
    { 13, 20, 235, 1, 19, 33, 13548 }, // U+020D
    { 17, 26, 304, 1, 25, 56, 13581 }, // U+020E
    { 13, 21, 235, 1, 20, 35, 13637 }, // U+020F
    { 14, 24, 256, 2, 24, 42, 13672 }, // U+0210
    { 10, 19, 146, -1, 19, 24, 13714 }, // U+0211
    { 14, 25, 256, 2, 25, 44, 13738 }, // U+0212
    { 8, 20, 146, 1, 20, 20, 13782 }, // U+0213
    { 15, 25, 294, 2, 24, 47, 13802 }, // U+0214
    { 12, 20, 233, 1, 19, 30, 13849 }, // U+0215
    { 15, 26, 294, 2, 25, 49, 13879 }, // U+0216
    { 12, 21, 233, 1, 20, 32, 13928 }, // U+0217
    { 14, 26, 254, 1, 19, 46, 13960 }, // U+0218
    { 11, 21, 206, 1, 14, 29, 14006 }, // U+0219
    { 14, 26, 255, 1, 19, 46, 14035 }, // U+021A
    { 8, 24, 129, 0, 17, 24, 14081 }, // U+021B
    { 14, 25, 250, 1, 19, 44, 14105 }, // U+021C
    { 11, 20, 214, 1, 14, 28, 14149 }, // U+021D
    { 15, 24, 294, 2, 24, 45, 14177 }, // U+021E
    { 14, 24, 233, -1, 24, 42, 14222 }, // U+021F
    { 5, 4, 0, 1, 19, 3, 14264 }, // U+0300
    { 5, 4, 0, 1, 19, 3, 14267 }, // U+0301
    { 8, 4, 0, 1, 19, 4, 14270 }, // U+0302
    { 8, 4, 0, 2, 19, 4, 14274 }, // U+0303
    { 8, 2, 0, 2, 18, 2, 14278 }, // U+0304
    { 8, 4, 0, 1, 19, 4, 14280 }, // U+0306
    { 4, 4, 0, 1, 19, 2, 14284 }, // U+0307
    { 9, 4, 0, 3, 19, 5, 14286 }, // U+0308
    { 5, 4, 0, 1, 19, 3, 14291 }, // U+0309
    { 7, 7, 0, 0, 21, 7, 14294 }, // U+030A
    { 11, 4, 0, -4, 20, 6, 14301 }, // U+030B
    { 8, 4, 0, 1, 19, 4, 14307 }, // U+030C
    { 9, 4, 0, 1, 19, 5, 14311 }, // U+030F
    { 4, 7, 0, -2, 18, 4, 14316 }, // U+0312
    { 5, 8, 0, 4, 13, 5, 14320 }, // U+0313
    { 5, 8, 0, 4, 13, 5, 14325 }, // U+0315
    { 4, 6, 0, -5, 18, 3, 14330 }, // U+031B
    { 4, 4, 94, 1, -2, 2, 14333 }, // U+0323
    { 4, 6, 0, -10, -1, 3, 14335 }, // U+0326
    { 6, 7, 0, 1, 1, 6, 14338 }, // U+0327
    { 5, 7, 0, 1, 1, 5, 14344 }, // U+0328
    { 8, 4, 0, 1, -2, 4, 14349 }, // U+032C
    { 11, 17, 0, -13, 15, 24, 14353 }, // U+0337
    { 15, 20, 0, -15, 19, 38, 14377 }, // U+0338
    { 8, 4, 0, -11, 19, 4, 14415 }, // U+0342
    { 4, 6, 0, 0, 16, 3, 14419 }, // U+0343
    { 9, 6, 0, -12, 20, 7, 14422 }, // U+0346
    { 8, 6, 0, -12, -3, 6, 14429 }, // U+0347
    { 7, 6, 0, -10, 0, 6, 14435 }, // U+0348
    { 6, 6, 0, -10, -1, 5, 14441 }, // U+0349
    { 9, 6, 0, -12, 20, 7, 14446 }, // U+034A
    { 10, 10, 0, -13, 23, 13, 14453 }, // U+034B
    { 10, 6, 0, -12, 21, 8, 14466 }, // U+034C
    { 11, 6, 0, -13, -1, 9, 14474 }, // U+034D
    { 7, 6, 0, -11, -1, 6, 14483 }, // U+034E
    { 0, 0, 0, 0, 0, 0, 14489 }, // U+034F
    { 10, 10, 0, -12, 25, 13, 14489 }, // U+0350
    { 3, 6, 0, -8, 19, 3, 14502 }, // U+0351
    { 8, 7, 0, -11, 21, 7, 14505 }, // U+0352
    { 7, 7, 0, -10, 0, 7, 14512 }, // U+0353
    { 7, 7, 0, -10, 0, 7, 14519 }, // U+0354
    { 7, 7, 0, -9, 0, 7, 14526 }, // U+0355
    { 14, 7, 0, -12, 0, 13, 14533 }, // U+0356
    { 4, 7, 0, 0, 21, 4, 14546 }, // U+0357
    { 4, 4, 0, 1, 19, 2, 14550 }, // U+0358
    { 6, 7, 0, -10, 0, 6, 14552 }, // U+0359
    { 10, 6, 0, -12, 0, 8, 14558 }, // U+035A
    { 6, 7, 0, -10, 21, 6, 14566 }, // U+035B
    { 18, 5, 0, -9, 0, 12, 14572 }, // U+035C
    { 18, 5, 0, -9, 19, 12, 14584 }, // U+035D
    { 16, 3, 0, -15, 19, 6, 14596 }, // U+035E
    { 16, 3, 0, -15, -2, 6, 14602 }, // U+035F
    { 24, 4, 0, -12, 19, 12, 14608 }, // U+0360
    { 18, 5, 0, -9, 19, 12, 14620 }, // U+0361
    { 20, 6, 0, -9, -1, 15, 14632 }, // U+0362
    { 7, 8, 0, -10, 22, 7, 14647 }, // U+0363
    { 7, 8, 0, -10, 22, 7, 14654 }, // U+0364
    { 2, 10, 0, -8, 24, 3, 14661 }, // U+0365
    { 8, 8, 0, -11, 22, 8, 14664 }, // U+0366
    { 6, 8, 0, -10, 22, 6, 14672 }, // U+0367
    { 7, 8, 0, -11, 22, 7, 14678 }, // U+0368
    { 7, 11, 0, -11, 25, 10, 14685 }, // U+0369
    { 6, 11, 0, -10, 25, 9, 14695 }, // U+036A
    { 10, 8, 0, -12, 22, 10, 14704 }, // U+036B
    { 5, 8, 0, -9, 22, 5, 14714 }, // U+036C
    { 5, 10, 0, 0, 24, 7, 14719 }, // U+036D
    { 8, 8, 0, -11, 22, 8, 14726 }, // U+036E
    { 7, 8, 0, -10, 22, 7, 14734 }, // U+036F
    { 12, 24, 238, 2, 24, 36, 14741 }, // U+0400
    { 12, 24, 238, 2, 24, 36, 14777 }, // U+0401
    { 19, 21, 334, 1, 19, 50, 14813 }, // U+0402
    { 12, 24, 228, 2, 24, 36, 14863 }, // U+0403
    { 16, 20, 291, 1, 19, 40, 14899 }, // U+0404
    { 14, 20, 254, 1, 19, 35, 14939 }, // U+0405
    { 3, 19, 104, 2, 19, 8, 14974 }, // U+0406
    { 9, 24, 104, -1, 24, 27, 14982 }, // U+0407
    { 11, 20, 225, 1, 19, 28, 15009 }, // U+0408
    { 26, 19, 442, 1, 19, 62, 15037 }, // U+0409
    { 25, 19, 447, 2, 19, 60, 15099 }, // U+040A
    { 20, 19, 351, 1, 19, 48, 15159 }, // U+040B
    { 14, 24, 265, 2, 24, 42, 15207 }, // U+040C
    { 15, 24, 297, 2, 24, 45, 15249 }, // U+040D
    { 15, 24, 248, 0, 24, 45, 15294 }, // U+040E
    { 14, 23, 286, 2, 19, 41, 15339 }, // U+040F
    { 17, 19, 273, 0, 19, 41, 15380 }, // U+0410
    { 13, 19, 255, 2, 19, 31, 15421 }, // U+0411
    { 13, 19, 260, 2, 19, 31, 15452 }, // U+0412
    { 12, 19, 228, 2, 19, 29, 15483 }, // U+0413
    { 19, 23, 323, 1, 19, 55, 15512 }, // U+0414
    { 12, 19, 238, 2, 19, 29, 15567 }, // U+0415
    { 24, 19, 380, 0, 19, 57, 15596 }, // U+0416
    { 13, 20, 245, 1, 19, 33, 15653 }, // U+0417
    { 15, 19, 297, 2, 19, 36, 15686 }, // U+0418
    { 15, 24, 297, 2, 24, 45, 15722 }, // U+0419
    { 14, 19, 265, 2, 19, 34, 15767 }, // U+041A
    { 16, 19, 296, 1, 19, 38, 15801 }, // U+041B
    { 19, 19, 357, 2, 19, 46, 15839 }, // U+041C
    { 15, 19, 294, 2, 19, 36, 15885 }, // U+041D
    { 17, 20, 304, 1, 19, 43, 15921 }, // U+041E
    { 15, 19, 294, 2, 19, 36, 15964 }, // U+041F
    { 13, 19, 253, 2, 19, 31, 16000 }, // U+0420
    { 16, 20, 291, 1, 19, 40, 16031 }, // U+0421
    { 14, 19, 255, 1, 19, 34, 16071 }, // U+0422
    { 15, 19, 248, 0, 19, 36, 16105 }, // U+0423
    { 19, 22, 330, 1, 20, 53, 16141 }, // U+0424
    { 17, 19, 270, 0, 19, 41, 16194 }, // U+0425
    { 16, 23, 286, 2, 19, 46, 16235 }, // U+0426
    { 15, 19, 277, 1, 19, 36, 16281 }, // U+0427
    { 20, 19, 380, 2, 19, 48, 16317 }, // U+0428
    { 22, 23, 385, 2, 19, 64, 16365 }, // U+0429
    { 19, 19, 323, 1, 19, 46, 16429 }, // U+042A
    { 18, 19, 347, 2, 19, 43, 16475 }, // U+042B
    { 13, 19, 257, 2, 19, 31, 16518 }, // U+042C
    { 16, 20, 291, 1, 19, 40, 16549 }, // U+042D
    { 22, 20, 404, 2, 19, 55, 16589 }, // U+042E
    { 14, 19, 256, 0, 19, 34, 16644 }, // U+042F
    { 11, 15, 221, 1, 14, 21, 16678 }, // U+0430
    { 13, 20, 233, 1, 19, 33, 16699 }, // U+0431
    { 12, 14, 222, 1, 14, 21, 16732 }, // U+0432
    { 10, 14, 173, 1, 14, 18, 16753 }, // U+0433
    { 15, 18, 244, 0, 14, 34, 16771 }, // U+0434
    { 13, 15, 229, 1, 14, 25, 16805 }, // U+0435
    { 20, 14, 321, 0, 14, 35, 16830 }, // U+0436
    { 11, 15, 195, 1, 14, 21, 16865 }, // U+0437
    { 12, 14, 233, 1, 14, 21, 16886 }, // U+0438
    { 12, 19, 233, 1, 19, 29, 16907 }, // U+0439
    { 13, 14, 213, 1, 14, 23, 16936 }, // U+043A
    { 13, 14, 228, 0, 14, 23, 16959 }, // U+043B
    { 17, 14, 304, 1, 14, 30, 16982 }, // U+043C
    { 12, 14, 232, 1, 14, 21, 17012 }, // U+043D
    { 13, 15, 235, 1, 14, 25, 17033 }, // U+043E
    { 12, 14, 232, 1, 14, 21, 17058 }, // U+043F
    { 13, 20, 241, 1, 14, 33, 17079 }, // U+0440
    { 12, 15, 224, 1, 14, 23, 17112 }, // U+0441
    { 12, 14, 186, 0, 14, 21, 17135 }, // U+0442
    { 14, 20, 220, 0, 14, 35, 17156 }, // U+0443
    { 15, 25, 271, 1, 19, 47, 17191 }, // U+0444
    { 13, 14, 215, 0, 14, 23, 17238 }, // U+0445
    { 14, 18, 236, 1, 14, 32, 17261 }, // U+0446
    { 12, 14, 228, 1, 14, 21, 17293 }, // U+0447
    { 18, 14, 326, 1, 14, 32, 17314 }, // U+0448
    { 20, 18, 331, 1, 14, 45, 17346 }, // U+0449
    { 15, 14, 255, 0, 14, 27, 17391 }, // U+044A
    { 16, 14, 290, 1, 14, 28, 17418 }, // U+044B
    { 12, 14, 220, 1, 14, 21, 17446 }, // U+044C
    { 12, 15, 224, 1, 14, 23, 17467 }, // U+044D
    { 19, 15, 332, 1, 14, 36, 17490 }, // U+044E
    { 12, 14, 219, 0, 14, 21, 17526 }, // U+044F
    { 13, 20, 229, 1, 19, 33, 17547 }, // U+0450
    { 13, 20, 229, 1, 19, 33, 17580 }, // U+0451
    { 13, 25, 233, 0, 19, 41, 17613 }, // U+0452
    { 10, 19, 173, 1, 19, 24, 17654 }, // U+0453
    { 12, 15, 224, 1, 14, 23, 17678 }, // U+0454
    { 11, 15, 206, 1, 14, 21, 17701 }, // U+0455
    { 4, 19, 94, 1, 19, 10, 17722 }, // U+0456
    { 9, 19, 94, -2, 19, 22, 17732 }, // U+0457
    { 6, 25, 94, -1, 19, 19, 17754 }, // U+0458
    { 22, 14, 367, 0, 14, 39, 17773 }, // U+0459
    { 21, 14, 356, 1, 14, 37, 17812 }, // U+045A
    { 13, 19, 233, 0, 19, 31, 17849 }, // U+045B
    { 13, 19, 213, 1, 19, 31, 17880 }, // U+045C
    { 12, 19, 233, 1, 19, 29, 17911 }, // U+045D
    { 14, 25, 220, 0, 19, 44, 17940 }, // U+045E
    { 12, 18, 232, 1, 14, 27, 17984 }, // U+045F
    { 19, 20, 355, 2, 19, 48, 18011 }, // U+0460
    { 18, 15, 319, 1, 14, 34, 18059 }, // U+0461
    { 16, 19, 274, 0, 19, 38, 18093 }, // U+0462
    { 15, 19, 243, 0, 19, 36, 18131 }, // U+0463
    { 21, 20, 379, 2, 19, 53, 18167 }, // U+0464
    { 18, 15, 309, 1, 14, 34, 18220 }, // U+0465
    { 17, 19, 273, 0, 19, 41, 18254 }, // U+0466
    { 14, 14, 226, 0, 14, 25, 18295 }, // U+0467
    { 21, 19, 372, 2, 19, 50, 18320 }, // U+0468
    { 18, 14, 308, 1, 14, 32, 18370 }, // U+0469
    { 19, 19, 338, 1, 19, 46, 18402 }, // U+046A
    { 16, 14, 277, 1, 14, 28, 18448 }, // U+046B
    { 25, 19, 455, 2, 19, 60, 18476 }, // U+046C
    { 22, 14, 381, 1, 14, 39, 18536 }, // U+046D
    { 12, 30, 215, 1, 24, 45, 18575 }, // U+046E
    { 10, 25, 205, 1, 19, 32, 18620 }, // U+046F
    { 18, 19, 349, 2, 19, 43, 18652 }, // U+0470
    { 17, 23, 308, 1, 17, 49, 18695 }, // U+0471
    { 17, 20, 304, 1, 19, 43, 18744 }, // U+0472
    { 13, 15, 235, 1, 14, 25, 18787 }, // U+0473
    { 17, 19, 279, 0, 19, 41, 18812 }, // U+0474
    { 15, 14, 234, 0, 14, 27, 18853 }, // U+0475
    { 17, 24, 279, 0, 24, 51, 18880 }, // U+0476
    { 15, 19, 234, 0, 19, 36, 18931 }, // U+0477
    { 32, 25, 525, 1, 19, 100, 18967 }, // U+0478
    { 27, 20, 448, 1, 14, 68, 19067 }, // U+0479
    { 16, 19, 283, 1, 19, 38, 19135 }, // U+0480
    { 12, 19, 222, 1, 14, 29, 19173 }, // U+0481
    { 14, 17, 250, 1, 17, 30, 19202 }, // U+0482
    { 10, 5, 0, -12, 19, 7, 19232 }, // U+0483
    { 11, 4, 0, -12, 19, 6, 19239 }, // U+0484
    { 4, 5, 0, -9, 20, 3, 19245 }, // U+0485
    { 4, 5, 0, -8, 20, 3, 19248 }, // U+0486
    { 11, 4, 0, -12, 19, 6, 19251 }, // U+0487
    { 25, 22, 0, -19, 18, 69, 19257 }, // U+0488
    { 24, 25, 0, -19, 19, 75, 19326 }, // U+0489
    { 17, 28, 297, 2, 24, 60, 19401 }, // U+048A
    { 15, 23, 233, 1, 19, 44, 19461 }, // U+048B
    { 16, 19, 274, 0, 19, 38, 19505 }, // U+048C
    { 15, 17, 243, 0, 17, 32, 19543 }, // U+048D
    { 13, 19, 251, 2, 19, 31, 19575 }, // U+048E
    { 13, 20, 241, 1, 14, 33, 19606 }, // U+048F
    { 12, 22, 228, 2, 22, 33, 19639 }, // U+0490
    { 10, 17, 173, 1, 17, 22, 19672 }, // U+0491
    { 15, 19, 228, -1, 19, 36, 19694 }, // U+0492
    { 11, 14, 173, 0, 14, 20, 19730 }, // U+0493
    { 13, 21, 258, 2, 19, 35, 19750 }, // U+0494
    { 12, 18, 214, 1, 14, 27, 19785 }, // U+0495
    { 25, 23, 388, 0, 19, 72, 19812 }, // U+0496
    { 21, 18, 328, 0, 14, 48, 19884 }, // U+0497
    { 13, 25, 245, 1, 19, 41, 19932 }, // U+0498
    { 11, 20, 195, 1, 14, 28, 19973 }, // U+0499
    { 16, 23, 280, 2, 19, 46, 20001 }, // U+049A
    { 13, 18, 222, 1, 14, 30, 20047 }, // U+049B
    { 14, 19, 263, 2, 19, 34, 20077 }, // U+049C
    { 14, 14, 231, 1, 14, 25, 20111 }, // U+049D
    { 20, 19, 332, 1, 19, 48, 20136 }, // U+04A0
    { 16, 14, 249, 0, 14, 28, 20184 }, // U+04A1
    { 17, 23, 300, 2, 19, 49, 20212 }, // U+04A2
    { 14, 18, 238, 1, 14, 32, 20261 }, // U+04A3
    { 22, 19, 391, 2, 19, 53, 20293 }, // U+04A4
    { 16, 14, 270, 1, 14, 28, 20346 }, // U+04A5
    { 25, 21, 440, 2, 19, 66, 20374 }, // U+04A6
    { 21, 18, 366, 1, 14, 48, 20440 }, // U+04A7
    { 23, 20, 391, 1, 19, 58, 20488 }, // U+04A8
    { 18, 15, 309, 1, 14, 34, 20546 }, // U+04A9
    { 16, 25, 291, 1, 19, 50, 20580 }, // U+04AA
    { 12, 20, 224, 1, 14, 30, 20630 }, // U+04AB
    { 14, 23, 255, 1, 19, 41, 20660 }, // U+04AC
    { 12, 18, 186, 0, 14, 27, 20701 }, // U+04AD
    { 17, 19, 268, 0, 19, 41, 20728 }, // U+04AE
    { 14, 20, 220, 0, 14, 35, 20769 }, // U+04AF
    { 17, 19, 268, 0, 19, 41, 20804 }, // U+04B0
    { 14, 20, 220, 0, 14, 35, 20845 }, // U+04B1
    { 18, 23, 277, 0, 19, 52, 20880 }, // U+04B2
    { 14, 18, 224, 0, 14, 32, 20932 }, // U+04B3
    { 22, 23, 364, 1, 19, 64, 20964 }, // U+04B4
    { 17, 18, 262, 0, 14, 39, 21028 }, // U+04B5
    { 16, 23, 282, 1, 19, 46, 21067 }, // U+04B6
    { 14, 18, 233, 1, 14, 32, 21113 }, // U+04B7
    { 15, 19, 277, 1, 19, 36, 21145 }, // U+04B8
    { 12, 14, 228, 1, 14, 21, 21181 }, // U+04B9
    { 14, 19, 277, 2, 19, 34, 21202 }, // U+04BA
    { 12, 19, 233, 1, 19, 29, 21236 }, // U+04BB
    { 20, 20, 335, 0, 19, 50, 21265 }, // U+04BC
    { 17, 15, 283, 0, 14, 32, 21315 }, // U+04BD
    { 20, 23, 335, 0, 19, 58, 21347 }, // U+04BE
    { 17, 20, 283, 0, 14, 43, 21405 }, // U+04BF
    { 3, 19, 104, 2, 19, 8, 21448 }, // U+04C0
    { 24, 24, 380, 0, 24, 72, 21456 }, // U+04C1
    { 20, 19, 321, 0, 19, 48, 21528 }, // U+04C2
    { 14, 23, 270, 2, 19, 41, 21576 }, // U+04C3
    { 13, 18, 232, 1, 14, 30, 21617 }, // U+04C4
    { 18, 23, 296, 1, 19, 52, 21647 }, // U+04C5
    { 15, 18, 228, 0, 14, 34, 21699 }, // U+04C6
    { 15, 25, 294, 2, 19, 47, 21733 }, // U+04C7
    { 12, 20, 232, 1, 14, 30, 21780 }, // U+04C8
    { 17, 23, 294, 2, 19, 49, 21810 }, // U+04C9
    { 15, 18, 232, 1, 14, 34, 21859 }, // U+04CA
    { 16, 23, 282, 1, 19, 46, 21893 }, // U+04CB
    { 14, 18, 233, 1, 14, 32, 21939 }, // U+04CC
    { 21, 23, 357, 2, 19, 61, 21971 }, // U+04CD
    { 19, 18, 304, 1, 14, 43, 22032 }, // U+04CE
    { 4, 19, 94, 1, 19, 10, 22075 }, // U+04CF
    { 17, 24, 273, 0, 24, 51, 22085 }, // U+04D0
    { 11, 20, 221, 1, 19, 28, 22136 }, // U+04D1
    { 17, 24, 273, 0, 24, 51, 22164 }, // U+04D2
    { 11, 20, 221, 1, 19, 28, 22215 }, // U+04D3
    { 24, 19, 395, 0, 19, 57, 22243 }, // U+04D4
    { 21, 15, 363, 1, 14, 40, 22300 }, // U+04D5
    { 12, 24, 238, 2, 24, 36, 22340 }, // U+04D6
    { 13, 20, 229, 1, 19, 33, 22376 }, // U+04D7
    { 17, 20, 297, 1, 19, 43, 22409 }, // U+04D8
    { 13, 15, 229, 1, 14, 25, 22452 }, // U+04D9
    { 17, 25, 297, 1, 24, 54, 22477 }, // U+04DA
    { 13, 20, 229, 1, 19, 33, 22531 }, // U+04DB
    { 24, 24, 380, 0, 24, 72, 22564 }, // U+04DC
    { 20, 19, 321, 0, 19, 48, 22636 }, // U+04DD
    { 13, 25, 245, 1, 24, 41, 22684 }, // U+04DE
    { 11, 20, 195, 1, 19, 28, 22725 }, // U+04DF
    { 13, 20, 246, 1, 19, 33, 22753 }, // U+04E0
    { 13, 20, 246, 1, 14, 33, 22786 }, // U+04E1
    { 15, 23, 297, 2, 23, 44, 22819 }, // U+04E2
    { 12, 18, 233, 1, 18, 27, 22863 }, // U+04E3
    { 15, 24, 297, 2, 24, 45, 22890 }, // U+04E4
    { 12, 19, 233, 1, 19, 29, 22935 }, // U+04E5
    { 17, 25, 304, 1, 24, 54, 22964 }, // U+04E6
    { 13, 20, 235, 1, 19, 33, 23018 }, // U+04E7
    { 17, 20, 304, 1, 19, 43, 23051 }, // U+04E8
    { 13, 15, 235, 1, 14, 25, 23094 }, // U+04E9
    { 17, 25, 304, 1, 24, 54, 23119 }, // U+04EA
    { 13, 20, 235, 1, 19, 33, 23173 }, // U+04EB
    { 16, 25, 291, 1, 24, 50, 23206 }, // U+04EC
    { 12, 20, 224, 1, 19, 30, 23256 }, // U+04ED
    { 15, 23, 248, 0, 23, 44, 23286 }, // U+04EE
    { 14, 24, 220, 0, 18, 42, 23330 }, // U+04EF
    { 15, 24, 248, 0, 24, 45, 23372 }, // U+04F0
    { 14, 25, 220, 0, 19, 44, 23417 }, // U+04F1
    { 15, 24, 248, 0, 24, 45, 23461 }, // U+04F2
    { 14, 25, 220, 0, 19, 44, 23506 }, // U+04F3
    { 15, 24, 277, 1, 24, 45, 23550 }, // U+04F4
    { 12, 19, 228, 1, 19, 29, 23595 }, // U+04F5
    { 12, 23, 228, 2, 19, 35, 23624 }, // U+04F6
    { 10, 18, 173, 1, 14, 23, 23659 }, // U+04F7
    { 18, 24, 347, 2, 24, 54, 23682 }, // U+04F8
    { 16, 19, 290, 1, 19, 38, 23736 }, // U+04F9
    { 14, 25, 235, 0, 19, 44, 23774 }, // U+04FA
    { 11, 20, 173, 0, 14, 28, 23818 }, // U+04FB
    { 18, 25, 279, 0, 19, 57, 23846 }, // U+04FC
    { 13, 20, 205, 0, 14, 33, 23903 }, // U+04FD
    { 17, 19, 270, 0, 19, 41, 23936 }, // U+04FE
    { 13, 14, 215, 0, 14, 23, 23977 }, // U+04FF
    { 15, 15, 253, 0, 15, 29, 24000 }, // U+05D0
    { 13, 15, 229, 1, 15, 25, 24029 }, // U+05D1
    { 9, 16, 150, 0, 15, 18, 24054 }, // U+05D2
    { 13, 15, 217, 0, 15, 25, 24072 }, // U+05D3
    { 13, 15, 251, 1, 15, 25, 24097 }, // U+05D4
    { 6, 15, 120, 0, 15, 12, 24122 }, // U+05D5
    { 7, 15, 132, 1, 15, 14, 24134 }, // U+05D6
    { 14, 15, 265, 1, 15, 27, 24148 }, // U+05D7
    { 14, 15, 254, 1, 15, 27, 24175 }, // U+05D8
    { 6, 9, 118, 0, 15, 7, 24202 }, // U+05D9
    { 11, 20, 218, 1, 15, 28, 24209 }, // U+05DA
    { 11, 15, 206, 1, 15, 21, 24237 }, // U+05DB
    { 13, 20, 209, 0, 20, 33, 24258 }, // U+05DC
    { 15, 15, 274, 1, 15, 29, 24291 }, // U+05DD
    { 15, 15, 264, 1, 15, 29, 24320 }, // U+05DE
    { 5, 20, 132, 1, 15, 13, 24349 }, // U+05DF
    { 7, 15, 152, 1, 15, 14, 24362 }, // U+05E0
    { 14, 15, 257, 1, 15, 27, 24376 }, // U+05E1
    { 14, 17, 237, 0, 16, 30, 24403 }, // U+05E2
    { 13, 20, 248, 1, 15, 33, 24433 }, // U+05E3
    { 13, 15, 240, 1, 15, 25, 24466 }, // U+05E4
    { 13, 20, 212, 0, 15, 33, 24491 }, // U+05E5
    { 12, 15, 222, 1, 15, 23, 24524 }, // U+05E6
    { 14, 20, 251, 1, 15, 35, 24547 }, // U+05E7
    { 11, 15, 209, 1, 15, 21, 24582 }, // U+05E8
    { 16, 15, 292, 1, 15, 30, 24603 }, // U+05E9
    { 16, 15, 274, 0, 15, 30, 24633 }, // U+05EA
    { 4, 7, 131, 2, 6, 4, 24663 }, // U+060C
    { 5, 14, 138, 1, 13, 9, 24667 }, // U+061B
    { 11, 20, 174, 0, 19, 28, 24676 }, // U+061F
    { 10, 11, 164, 0, 9, 14, 24704 }, // U+0621
    { 8, 3, 108, 0, 2, 3, 24718 }, // U+0640
    { 5, 5, 229, 5, 10, 4, 24721 }, // U+0660
    { 5, 19, 229, 5, 18, 12, 24725 }, // U+0661
    { 11, 19, 229, 2, 18, 27, 24737 }, // U+0662
    { 14, 19, 229, 0, 18, 34, 24764 }, // U+0663
    { 11, 19, 229, 2, 18, 27, 24798 }, // U+0664
    { 11, 14, 229, 2, 13, 20, 24825 }, // U+0665
    { 12, 19, 229, 1, 18, 29, 24845 }, // U+0666
    { 14, 19, 229, 0, 18, 34, 24874 }, // U+0667
    { 14, 19, 229, 0, 18, 34, 24908 }, // U+0668
    { 11, 18, 229, 2, 17, 25, 24942 }, // U+0669
    { 16, 14, 274, 0, 8, 28, 24967 }, // U+06BA
    { 6, 2, 120, 1, 2, 2, 24995 }, // U+06D4
    { 5, 5, 229, 5, 10, 4, 24997 }, // U+06F0
    { 5, 19, 229, 5, 18, 12, 25001 }, // U+06F1
    { 11, 19, 229, 2, 18, 27, 25013 }, // U+06F2
    { 14, 19, 229, 0, 18, 34, 25040 }, // U+06F3
    { 11, 17, 229, 2, 17, 24, 25074 }, // U+06F4
    { 12, 17, 229, 1, 17, 26, 25098 }, // U+06F5
    { 10, 18, 229, 2, 17, 23, 25124 }, // U+06F6
    { 14, 19, 229, 0, 18, 34, 25147 }, // U+06F7
    { 14, 19, 229, 0, 18, 34, 25181 }, // U+06F8
    { 11, 18, 229, 2, 17, 25, 25215 }, // U+06F9
    { 17, 25, 273, 0, 19, 54, 25240 }, // U+1EA0
    { 11, 20, 221, 1, 14, 28, 25294 }, // U+1EA1
    { 17, 24, 273, 0, 24, 51, 25322 }, // U+1EA2
    { 11, 20, 221, 1, 19, 28, 25373 }, // U+1EA3
    { 17, 28, 273, 0, 28, 60, 25401 }, // U+1EA4
    { 12, 24, 221, 1, 23, 36, 25461 }, // U+1EA5
    { 17, 28, 273, 0, 28, 60, 25497 }, // U+1EA6
    { 11, 24, 221, 1, 23, 33, 25557 }, // U+1EA7
    { 17, 28, 273, 0, 28, 60, 25590 }, // U+1EA8
    { 11, 24, 221, 1, 23, 33, 25650 }, // U+1EA9
    { 17, 28, 273, 0, 28, 60, 25683 }, // U+1EAA
    { 11, 24, 221, 1, 23, 33, 25743 }, // U+1EAB
    { 17, 30, 273, 0, 24, 64, 25776 }, // U+1EAC
    { 11, 25, 221, 1, 19, 35, 25840 }, // U+1EAD
    { 17, 28, 273, 0, 28, 60, 25875 }, // U+1EAE
    { 11, 24, 221, 1, 23, 33, 25935 }, // U+1EAF
    { 17, 28, 273, 0, 28, 60, 25968 }, // U+1EB0
    { 11, 24, 221, 1, 23, 33, 26028 }, // U+1EB1
    { 17, 28, 273, 0, 28, 60, 26061 }, // U+1EB2
    { 11, 24, 221, 1, 23, 33, 26121 }, // U+1EB3
    { 17, 28, 273, 0, 28, 60, 26154 }, // U+1EB4
    { 11, 24, 221, 1, 23, 33, 26214 }, // U+1EB5
    { 17, 30, 273, 0, 24, 64, 26247 }, // U+1EB6
    { 11, 25, 221, 1, 19, 35, 26311 }, // U+1EB7
    { 12, 25, 238, 2, 19, 38, 26346 }, // U+1EB8
    { 13, 20, 229, 1, 14, 33, 26384 }, // U+1EB9
    { 12, 24, 238, 2, 24, 36, 26417 }, // U+1EBA
    { 13, 20, 229, 1, 19, 33, 26453 }, // U+1EBB
    { 12, 24, 238, 2, 24, 36, 26486 }, // U+1EBC
    { 13, 20, 229, 1, 19, 33, 26522 }, // U+1EBD
    { 12, 28, 238, 2, 28, 42, 26555 }, // U+1EBE
    { 13, 24, 229, 1, 23, 39, 26597 }, // U+1EBF
    { 12, 28, 238, 2, 28, 42, 26636 }, // U+1EC0
    { 13, 24, 229, 1, 23, 39, 26678 }, // U+1EC1
    { 12, 28, 238, 2, 28, 42, 26717 }, // U+1EC2
    { 13, 24, 229, 1, 23, 39, 26759 }, // U+1EC3
    { 12, 28, 238, 2, 28, 42, 26798 }, // U+1EC4
    { 13, 24, 229, 1, 23, 39, 26840 }, // U+1EC5
    { 12, 30, 238, 2, 24, 45, 26879 }, // U+1EC6
    { 13, 25, 229, 1, 19, 41, 26924 }, // U+1EC7
    { 5, 24, 104, 1, 24, 15, 26965 }, // U+1EC8
    { 5, 19, 94, 0, 19, 12, 26980 }, // U+1EC9
    { 4, 25, 104, 1, 19, 13, 26992 }, // U+1ECA
    { 4, 25, 94, 1, 19, 13, 27005 }, // U+1ECB
    { 17, 25, 304, 1, 19, 54, 27018 }, // U+1ECC
    { 13, 20, 235, 1, 14, 33, 27072 }, // U+1ECD
    { 17, 25, 304, 1, 24, 54, 27105 }, // U+1ECE
    { 13, 20, 235, 1, 19, 33, 27159 }, // U+1ECF
    { 17, 29, 304, 1, 28, 62, 27192 }, // U+1ED0
    { 13, 24, 235, 1, 23, 39, 27254 }, // U+1ED1
    { 17, 29, 304, 1, 28, 62, 27293 }, // U+1ED2
    { 13, 24, 235, 1, 23, 39, 27355 }, // U+1ED3
    { 17, 29, 304, 1, 28, 62, 27394 }, // U+1ED4
    { 13, 24, 235, 1, 23, 39, 27456 }, // U+1ED5
    { 17, 29, 304, 1, 28, 62, 27495 }, // U+1ED6
    { 13, 24, 235, 1, 23, 39, 27557 }, // U+1ED7
    { 17, 30, 304, 1, 24, 64, 27596 }, // U+1ED8
    { 13, 25, 235, 1, 19, 41, 27660 }, // U+1ED9
    { 17, 25, 304, 1, 24, 54, 27701 }, // U+1EDA
    { 13, 20, 234, 1, 19, 33, 27755 }, // U+1EDB
    { 17, 25, 304, 1, 24, 54, 27788 }, // U+1EDC
    { 13, 20, 234, 1, 19, 33, 27842 }, // U+1EDD
    { 17, 25, 304, 1, 24, 54, 27875 }, // U+1EDE
    { 13, 20, 234, 1, 19, 33, 27929 }, // U+1EDF
    { 17, 25, 304, 1, 24, 54, 27962 }, // U+1EE0
    { 13, 20, 234, 1, 19, 33, 28016 }, // U+1EE1
    { 17, 27, 304, 1, 21, 58, 28049 }, // U+1EE2
    { 13, 23, 234, 1, 17, 38, 28107 }, // U+1EE3
    { 15, 25, 294, 2, 19, 47, 28145 }, // U+1EE4
    { 12, 20, 233, 1, 14, 30, 28192 }, // U+1EE5
    { 15, 25, 294, 2, 24, 47, 28222 }, // U+1EE6
    { 12, 20, 233, 1, 19, 30, 28269 }, // U+1EE7
    { 17, 25, 293, 2, 24, 54, 28299 }, // U+1EE8
    { 14, 20, 246, 1, 19, 35, 28353 }, // U+1EE9
    { 17, 25, 293, 2, 24, 54, 28388 }, // U+1EEA
    { 14, 20, 246, 1, 19, 35, 28442 }, // U+1EEB
    { 17, 25, 293, 2, 24, 54, 28477 }, // U+1EEC
    { 14, 20, 246, 1, 19, 35, 28531 }, // U+1EED
    { 17, 25, 293, 2, 24, 54, 28566 }, // U+1EEE
    { 14, 20, 246, 1, 19, 35, 28620 }, // U+1EEF
    { 17, 27, 293, 2, 21, 58, 28655 }, // U+1EF0
    { 14, 23, 246, 1, 17, 41, 28713 }, // U+1EF1
    { 17, 24, 268, 0, 24, 51, 28754 }, // U+1EF2
    { 14, 25, 220, 0, 19, 44, 28805 }, // U+1EF3
    { 17, 25, 268, 0, 19, 54, 28849 }, // U+1EF4
    { 14, 20, 220, 0, 14, 35, 28903 }, // U+1EF5
    { 17, 24, 268, 0, 24, 51, 28938 }, // U+1EF6
    { 14, 25, 220, 0, 19, 44, 28989 }, // U+1EF7
    { 17, 24, 268, 0, 24, 51, 29033 }, // U+1EF8
    { 14, 25, 220, 0, 19, 44, 29084 }, // U+1EF9
    { 0, 0, 218, 0, 0, 0, 29128 }, // U+2000
    { 0, 0, 436, 0, 0, 0, 29128 }, // U+2001
    { 0, 0, 200, 0, 0, 0, 29128 }, // U+2002
    { 0, 0, 400, 0, 0, 0, 29128 }, // U+2003
    { 0, 0, 134, 0, 0, 0, 29128 }, // U+2004
    { 0, 0, 100, 0, 0, 0, 29128 }, // U+2005
    { 0, 0, 66, 0, 0, 0, 29128 }, // U+2006
    { 0, 0, 259, 0, 0, 0, 29128 }, // U+2007
    { 0, 0, 109, 0, 0, 0, 29128 }, // U+2008
    { 0, 0, 70, 0, 0, 0, 29128 }, // U+2009
    { 0, 0, 34, 0, 0, 0, 29128 }, // U+200A
    { 0, 0, 0, 0, 0, 0, 29128 }, // U+200B
    { 2, 19, 0, -1, 18, 5, 29128 }, // U+200C
    { 6, 19, 0, -3, 18, 15, 29133 }, // U+200D
    { 7, 20, 0, -1, 18, 18, 29148 }, // U+200E
    { 7, 20, 0, -6, 18, 18, 29166 }, // U+200F
    { 9, 3, 141, 0, 9, 4, 29184 }, // U+2010
    { 9, 3, 141, 0, 9, 4, 29188 }, // U+2011
    { 14, 3, 259, 1, 10, 6, 29192 }, // U+2012
    { 13, 3, 200, 0, 9, 5, 29198 }, // U+2013
    { 25, 3, 400, 0, 9, 10, 29203 }, // U+2014
    { 25, 3, 400, 0, 9, 10, 29213 }, // U+2015
    { 6, 31, 188, 3, 25, 24, 29223 }, // U+2016
    { 13, 6, 178, -1, 0, 10, 29247 }, // U+2017
    { 5, 8, 98, 1, 19, 5, 29257 }, // U+2018
    { 5, 8, 98, 1, 19, 5, 29262 }, // U+2019
    { 4, 8, 91, 1, 3, 4, 29267 }, // U+201A
    { 5, 8, 98, 0, 19, 5, 29271 }, // U+201B
    { 9, 8, 167, 1, 19, 9, 29276 }, // U+201C
    { 9, 8, 167, 1, 19, 9, 29285 }, // U+201D
    { 9, 8, 160, 1, 3, 9, 29294 }, // U+201E
    { 9, 8, 167, 0, 19, 9, 29303 }, // U+201F
    { 10, 15, 193, 1, 19, 19, 29312 }, // U+2020
    { 10, 19, 193, 1, 19, 24, 29331 }, // U+2021
    { 9, 9, 220, 2, 12, 11, 29355 }, // U+2022
    { 7, 9, 220, 4, 12, 8, 29366 }, // U+2023
    { 5, 5, 109, 1, 4, 4, 29374 }, // U+2024
    { 11, 5, 218, 1, 4, 7, 29378 }, // U+2025
    { 18, 5, 328, 1, 4, 12, 29385 }, // U+2026
    { 5, 5, 109, 1, 11, 4, 29397 }, // U+2027
    { 0, 0, 70, 0, 0, 0, 29401 }, // U+202F
    { 28, 20, 520, 2, 19, 70, 29401 }, // U+2030
    { 37, 20, 660, 2, 19, 93, 29471 }, // U+2031
    { 4, 8, 86, 1, 19, 4, 29564 }, // U+2032
    { 9, 8, 171, 1, 19, 9, 29568 }, // U+2033
    { 14, 8, 256, 1, 19, 14, 29577 }, // U+2034
    { 4, 8, 86, 1, 19, 4, 29591 }, // U+2035
    { 9, 8, 171, 1, 19, 9, 29595 }, // U+2036
    { 14, 8, 256, 1, 19, 14, 29604 }, // U+2037
    { 10, 6, 179, 1, -1, 8, 29618 }, // U+2038
    { 8, 13, 148, 1, 14, 13, 29626 }, // U+2039
    { 9, 13, 148, 0, 14, 15, 29639 }, // U+203A
    { 14, 15, 252, 1, 16, 27, 29654 }, // U+203B
    { 11, 20, 218, 1, 19, 28, 29681 }, // U+203C
    { 12, 20, 201, 0, 19, 30, 29709 }, // U+203D
    { 12, 3, 213, 1, 21, 5, 29739 }, // U+203E
    { 20, 5, 324, 0, -1, 13, 29744 }, // U+203F
    { 20, 5, 324, 0, 19, 13, 29757 }, // U+2040
    { 11, 15, 178, 0, 8, 21, 29770 }, // U+2041
    { 16, 16, 286, 1, 17, 32, 29791 }, // U+2042
    { 8, 3, 220, 3, 9, 3, 29823 }, // U+2043
    { 16, 19, 71, -6, 19, 38, 29826 }, // U+2044
    { 6, 24, 140, 2, 20, 18, 29864 }, // U+2045
    { 6, 24, 140, 1, 20, 18, 29882 }, // U+2046
    { 25, 20, 411, 0, 19, 63, 29900 }, // U+2047
    { 18, 20, 315, 0, 19, 45, 29963 }, // U+2048
    { 18, 20, 315, 1, 19, 45, 30008 }, // U+2049
    { 9, 20, 173, 1, 14, 23, 30053 }, // U+204A
    { 12, 19, 238, 2, 19, 29, 30076 }, // U+204B
    { 12, 11, 234, 1, 13, 17, 30105 }, // U+204C
    { 12, 11, 234, 1, 13, 17, 30122 }, // U+204D
    { 11, 12, 197, 1, 9, 17, 30139 }, // U+204E
    { 5, 18, 114, 1, 13, 12, 30156 }, // U+204F
    { 20, 25, 322, 0, 19, 63, 30168 }, // U+2050
    { 11, 25, 213, 2, 19, 35, 30231 }, // U+2051
    { 16, 19, 285, 1, 19, 38, 30266 }, // U+2052
    { 16, 6, 287, 1, 12, 12, 30304 }, // U+2053
    { 20, 5, 324, 0, -1, 13, 30316 }, // U+2054
    { 11, 11, 216, 1, 12, 16, 30329 }, // U+2055
    { 20, 8, 341, 1, 19, 20, 30345 }, // U+2057
    { 0, 0, 110, 0, 0, 0, 30365 }, // U+205F
    { 10, 11, 180, 1, 21, 14, 30365 }, // U+2070
    { 3, 12, 77, 1, 22, 5, 30379 }, // U+2071
    { 10, 11, 179, 1, 21, 14, 30384 }, // U+2074
    { 9, 11, 171, 1, 21, 13, 30398 }, // U+2075
    { 9, 11, 173, 1, 21, 13, 30411 }, // U+2076
    { 9, 11, 158, 0, 21, 13, 30424 }, // U+2077
    { 9, 11, 175, 1, 21, 13, 30437 }, // U+2078
    { 9, 11, 173, 1, 21, 13, 30450 }, // U+2079
    { 9, 7, 171, 1, 19, 8, 30463 }, // U+207A
    { 9, 3, 171, 1, 17, 4, 30471 }, // U+207B
    { 8, 6, 171, 1, 18, 6, 30475 }, // U+207C
    { 5, 13, 104, 1, 22, 9, 30481 }, // U+207D
    { 5, 13, 104, 0, 22, 9, 30490 }, // U+207E
    { 9, 9, 169, 1, 19, 11, 30499 }, // U+207F
    { 10, 11, 180, 1, 6, 14, 30510 }, // U+2080
    { 5, 11, 118, 1, 6, 7, 30524 }, // U+2081
    { 9, 11, 172, 1, 6, 13, 30531 }, // U+2082
    { 9, 11, 174, 1, 6, 13, 30544 }, // U+2083
    { 10, 11, 179, 1, 6, 14, 30557 }, // U+2084
    { 9, 11, 171, 1, 6, 13, 30571 }, // U+2085
    { 9, 11, 173, 1, 6, 13, 30584 }, // U+2086
    { 9, 11, 158, 0, 6, 13, 30597 }, // U+2087
    { 9, 11, 175, 1, 6, 13, 30610 }, // U+2088
    { 9, 11, 173, 1, 6, 13, 30623 }, // U+2089
    { 9, 7, 171, 1, 4, 8, 30636 }, // U+208A
    { 9, 3, 171, 1, 2, 4, 30644 }, // U+208B
    { 8, 6, 171, 1, 3, 6, 30648 }, // U+208C
    { 5, 13, 104, 1, 7, 9, 30654 }, // U+208D
    { 5, 13, 104, 0, 7, 9, 30663 }, // U+208E
    { 9, 9, 157, 0, 4, 11, 30672 }, // U+2090
    { 10, 9, 162, 0, 4, 12, 30683 }, // U+2091
    { 10, 9, 166, 0, 4, 12, 30695 }, // U+2092
    { 10, 9, 156, 0, 4, 12, 30707 }, // U+2093
    { 10, 11, 177, 1, 5, 14, 30719 }, // U+2094
    { 9, 11, 169, 1, 6, 13, 30733 }, // U+2095
    { 9, 11, 155, 1, 6, 13, 30746 }, // U+2096
    { 3, 11, 77, 1, 6, 5, 30759 }, // U+2097
    { 13, 9, 244, 1, 4, 15, 30764 }, // U+2098
    { 9, 9, 169, 1, 4, 11, 30779 }, // U+2099
    { 9, 11, 170, 1, 4, 13, 30790 }, // U+209A
    { 9, 9, 151, 0, 4, 11, 30803 }, // U+209B
    { 6, 11, 98, 0, 6, 9, 30814 }, // U+209C
    { 16, 20, 288, 1, 19, 40, 30823 }, // U+20A0
    { 16, 24, 291, 1, 21, 48, 30863 }, // U+20A1
    { 16, 20, 289, 1, 19, 40, 30911 }, // U+20A2
    { 15, 19, 240, -1, 19, 36, 30951 }, // U+20A3
    { 13, 19, 242, 1, 19, 31, 30987 }, // U+20A4
    { 19, 18, 340, 1, 16, 43, 31018 }, // U+20A5
    { 19, 19, 305, 0, 19, 46, 31061 }, // U+20A6
    { 21, 20, 376, 2, 19, 53, 31107 }, // U+20A7
    { 25, 20, 444, 2, 19, 63, 31160 }, // U+20A8
    { 24, 19, 379, 0, 19, 57, 31223 }, // U+20A9
    { 17, 14, 323, 2, 14, 30, 31280 }, // U+20AA
    { 15, 25, 241, 1, 19, 47, 31310 }, // U+20AB
    { 16, 20, 264, 0, 19, 40, 31357 }, // U+20AC
    { 18, 19, 281, 0, 19, 43, 31397 }, // U+20AD
    { 14, 19, 255, 1, 19, 34, 31440 }, // U+20AE
    { 33, 27, 550, 1, 21, 112, 31474 }, // U+20AF
    { 16, 19, 263, 0, 19, 38, 31586 }, // U+20B1
    { 17, 24, 297, 1, 21, 51, 31624 }, // U+20B2
    { 17, 19, 273, 0, 19, 41, 31675 }, // U+20B3
    { 14, 20, 250, 1, 19, 35, 31716 }, // U+20B4
    { 16, 24, 291, 1, 21, 48, 31751 }, // U+20B5
    { 14, 19, 255, 1, 19, 34, 31799 }, // U+20B8
    { 13, 19, 214, 0, 19, 31, 31833 }, // U+20B9
    { 13, 20, 235, 1, 19, 33, 31864 }, // U+20BA
    { 16, 14, 288, 1, 14, 28, 31897 }, // U+20BC
    { 17, 19, 277, 0, 19, 41, 31925 }, // U+20BD
    { 16, 19, 287, 1, 19, 38, 31966 }, // U+20BE
    { 13, 24, 260, 2, 21, 39, 32004 }, // U+20BF
    { 19, 16, 379, 2, 16, 38, 32043 }, // U+2190
    { 17, 19, 331, 2, 19, 41, 32081 }, // U+2191
    { 19, 16, 379, 3, 16, 38, 32122 }, // U+2192
    { 17, 20, 331, 2, 19, 43, 32160 }, // U+2193
    { 29, 16, 534, 2, 16, 58, 32203 }, // U+2194
    { 17, 30, 331, 2, 23, 64, 32261 }, // U+2195
    { 15, 15, 306, 2, 14, 29, 32325 }, // U+2196
    { 15, 15, 306, 2, 14, 29, 32354 }, // U+2197
    { 15, 14, 306, 2, 14, 27, 32383 }, // U+2198
    { 15, 14, 306, 2, 14, 27, 32410 }, // U+2199
    { 25, 19, 455, 2, 19, 60, 32437 }, // U+21A9
    { 25, 19, 455, 2, 19, 60, 32497 }, // U+21AA
    { 21, 19, 392, 2, 19, 50, 32557 }, // U+21B0
    { 21, 19, 392, 2, 19, 50, 32607 }, // U+21B1
    { 21, 17, 392, 2, 19, 45, 32657 }, // U+21B3
    { 17, 20, 330, 2, 19, 43, 32702 }, // U+21B4
    { 21, 17, 392, 2, 19, 45, 32745 }, // U+21B5
    { 19, 23, 379, 2, 23, 55, 32790 }, // U+21BA
    { 19, 23, 379, 2, 23, 55, 32845 }, // U+21BB
    { 19, 17, 379, 2, 16, 41, 32900 }, // U+21D0
    { 19, 17, 379, 3, 16, 41, 32941 }, // U+21D2
    { 29, 17, 534, 2, 16, 62, 32982 }, // U+21D4
    { 11, 19, 240, 2, 19, 27, 33044 }, // U+21DE
    { 11, 20, 240, 2, 19, 28, 33071 }, // U+21DF
    { 21, 12, 403, 2, 15, 32, 33099 }, // U+21E4
    { 21, 12, 403, 2, 15, 32, 33131 }, // U+21E5
    { 22, 20, 409, 2, 20, 55, 33163 }, // U+21E7
    { 22, 24, 409, 2, 20, 66, 33218 }, // U+21EA
    { 13, 20, 250, 1, 19, 33, 33284 }, // U+2202
    { 15, 16, 271, 1, 15, 30, 33317 }, // U+2205
    { 17, 19, 269, 0, 19, 41, 33347 }, // U+2206
    { 14, 22, 286, 2, 19, 39, 33388 }, // U+220F
    { 15, 23, 251, 0, 19, 44, 33427 }, // U+2211
    { 12, 3, 262, 2, 9, 5, 33471 }, // U+2212
    { 15, 19, 249, 0, 19, 36, 33476 }, // U+221A
    { 21, 11, 371, 1, 13, 29, 33512 }, // U+221E
    { 10, 26, 144, -1, 20, 33, 33541 }, // U+222B
    { 5, 15, 109, 1, 17, 10, 33574 }, // U+2236
    { 14, 11, 262, 1, 13, 20, 33584 }, // U+2248
    { 12, 14, 262, 2, 14, 21, 33604 }, // U+2260
    { 12, 14, 262, 2, 14, 21, 33625 }, // U+2264
    { 12, 14, 262, 2, 14, 21, 33646 }, // U+2265
    { 35, 35, 556, 0, 27, 154, 33667 }, // U+2295
    { 35, 35, 556, 0, 27, 154, 33821 }, // U+2296
    { 35, 35, 556, 0, 27, 154, 33975 }, // U+2297
    { 35, 35, 556, 0, 27, 154, 34129 }, // U+2298
    { 24, 20, 397, 0, 11, 60, 34283 }, // U+FB56
    { 29, 18, 437, 0, 9, 66, 34343 }, // U+FB57
    { 7, 19, 120, -1, 11, 17, 34409 }, // U+FB58
    { 11, 16, 149, 0, 8, 22, 34426 }, // U+FB59
    { 24, 19, 397, 0, 18, 57, 34448 }, // U+FB66
    { 29, 19, 437, 0, 18, 69, 34505 }, // U+FB67
    { 7, 21, 108, 0, 20, 19, 34574 }, // U+FB68
    { 11, 18, 149, 0, 17, 25, 34593 }, // U+FB69
    { 16, 21, 264, 0, 11, 42, 34618 }, // U+FB7A
    { 20, 21, 288, 0, 11, 53, 34660 }, // U+FB7B
    { 14, 17, 236, 0, 9, 30, 34713 }, // U+FB7C
    { 18, 17, 255, 0, 9, 39, 34743 }, // U+FB7D
    { 11, 23, 191, 0, 22, 32, 34782 }, // U+FB88
    { 15, 23, 213, 0, 22, 44, 34814 }, // U+FB89
    { 9, 23, 147, -1, 17, 26, 34858 }, // U+FB8A
    { 13, 23, 158, -1, 17, 38, 34884 }, // U+FB8B
    { 10, 25, 147, -1, 19, 32, 34922 }, // U+FB8C
    { 13, 25, 158, -1, 19, 41, 34954 }, // U+FB8D
    { 23, 19, 351, 0, 18, 55, 34995 }, // U+FB8E
    { 26, 19, 390, 0, 18, 62, 35050 }, // U+FB8F
    { 11, 19, 165, 0, 18, 27, 35112 }, // U+FB90
    { 14, 19, 203, 0, 18, 34, 35139 }, // U+FB91
    { 23, 22, 351, 0, 21, 64, 35173 }, // U+FB92
    { 26, 22, 390, 0, 21, 72, 35237 }, // U+FB93
    { 11, 22, 165, 0, 21, 31, 35309 }, // U+FB94
    { 14, 22, 203, 0, 21, 39, 35340 }, // U+FB95
    { 16, 14, 274, 0, 8, 28, 35379 }, // U+FB9E
    { 20, 14, 292, 0, 8, 35, 35407 }, // U+FB9F
    { 10, 12, 162, 0, 12, 15, 35442 }, // U+FBA6
    { 14, 10, 192, 0, 9, 18, 35457 }, // U+FBA7
    { 6, 16, 108, 0, 11, 12, 35475 }, // U+FBA8
    { 13, 11, 175, 0, 4, 18, 35487 }, // U+FBA9
    { 16, 14, 269, 0, 13, 28, 35505 }, // U+FBAA
    { 17, 17, 246, 0, 11, 37, 35533 }, // U+FBAB
    { 14, 14, 230, 0, 13, 25, 35570 }, // U+FBAC
    { 14, 17, 203, 0, 11, 30, 35595 }, // U+FBAD
    { 23, 13, 377, 0, 12, 38, 35625 }, // U+FBAE
    { 15, 9, 220, 0, 2, 17, 35663 }, // U+FBAF
    { 23, 19, 377, 0, 18, 55, 35680 }, // U+FBB0
    { 15, 16, 220, 0, 9, 30, 35735 }, // U+FBB1
    { 19, 17, 304, 0, 11, 41, 35765 }, // U+FBFC
    { 20, 11, 294, 0, 5, 28, 35806 }, // U+FBFD
    { 7, 16, 120, -1, 11, 14, 35834 }, // U+FBFE
    { 11, 13, 149, 0, 8, 18, 35848 }, // U+FBFF
    { 10, 11, 164, 0, 9, 14, 35866 }, // U+FE80
    { 9, 21, 94, -2, 21, 24, 35880 }, // U+FE81
    { 11, 24, 116, -2, 23, 33, 35904 }, // U+FE82
    { 6, 24, 94, 0, 24, 18, 35937 }, // U+FE83
    { 9, 27, 116, 0, 26, 31, 35955 }, // U+FE84
    { 9, 22, 179, 1, 16, 25, 35986 }, // U+FE85
    { 13, 23, 189, 1, 17, 38, 36011 }, // U+FE86
    { 6, 26, 95, 1, 18, 20, 36049 }, // U+FE87
    { 8, 26, 116, 1, 18, 26, 36069 }, // U+FE88
    { 19, 18, 304, 0, 12, 43, 36095 }, // U+FE89
    { 20, 18, 294, 0, 12, 45, 36138 }, // U+FE8A
    { 6, 19, 108, 0, 18, 15, 36183 }, // U+FE8B
    { 10, 16, 137, 0, 15, 20, 36198 }, // U+FE8C
    { 4, 18, 95, 1, 18, 9, 36218 }, // U+FE8D
    { 8, 19, 116, 1, 18, 19, 36227 }, // U+FE8E
    { 24, 17, 397, 0, 11, 51, 36246 }, // U+FE8F
    { 29, 15, 437, 0, 9, 55, 36297 }, // U+FE90
    { 6, 16, 108, 0, 11, 12, 36352 }, // U+FE91
    { 10, 13, 137, 0, 8, 17, 36364 }, // U+FE92
    { 10, 17, 162, 0, 17, 22, 36381 }, // U+FE93
    { 14, 20, 194, 0, 19, 35, 36403 }, // U+FE94
    { 24, 14, 397, 0, 13, 42, 36438 }, // U+FE95
    { 29, 14, 437, 0, 13, 51, 36480 }, // U+FE96
    { 7, 17, 108, 0, 16, 15, 36531 }, // U+FE97
    { 11, 14, 149, 0, 13, 20, 36546 }, // U+FE98
    { 24, 17, 397, 0, 16, 51, 36566 }, // U+FE99
    { 29, 17, 437, 0, 16, 62, 36617 }, // U+FE9A
    { 7, 20, 108, 0, 19, 18, 36679 }, // U+FE9B
    { 11, 17, 149, 0, 16, 24, 36697 }, // U+FE9C
    { 15, 21, 256, 0, 11, 40, 36721 }, // U+FE9D
    { 18, 21, 260, 0, 11, 48, 36761 }, // U+FE9E
    { 14, 14, 236, 0, 9, 25, 36809 }, // U+FE9F
    { 18, 14, 255, 0, 9, 32, 36834 }, // U+FEA0
    { 15, 21, 256, 0, 11, 40, 36866 }, // U+FEA1
    { 18, 21, 260, 0, 11, 48, 36906 }, // U+FEA2
    { 14, 10, 236, 0, 9, 18, 36954 }, // U+FEA3
    { 18, 10, 255, 0, 9, 23, 36972 }, // U+FEA4
    { 15, 26, 256, 0, 16, 49, 36995 }, // U+FEA5
    { 18, 26, 260, 0, 16, 59, 37044 }, // U+FEA6
    { 14, 15, 236, 0, 14, 27, 37103 }, // U+FEA7
    { 18, 15, 255, 0, 14, 34, 37130 }, // U+FEA8
    { 11, 13, 191, 0, 12, 18, 37164 }, // U+FEA9
    { 15, 13, 213, 0, 12, 25, 37182 }, // U+FEAA
    { 11, 18, 191, 0, 17, 25, 37207 }, // U+FEAB
    { 15, 18, 213, 0, 17, 34, 37232 }, // U+FEAC
    { 9, 15, 147, -1, 9, 17, 37266 }, // U+FEAD
    { 13, 15, 158, -1, 9, 25, 37283 }, // U+FEAE
    { 9, 20, 147, -1, 14, 23, 37308 }, // U+FEAF
    { 13, 20, 158, -1, 14, 33, 37331 }, // U+FEB0
    { 29, 17, 484, 0, 11, 62, 37364 }, // U+FEB1
    { 33, 15, 508, 0, 9, 62, 37426 }, // U+FEB2
    { 19, 12, 314, 0, 11, 29, 37488 }, // U+FEB3
    { 23, 10, 340, 0, 9, 29, 37517 }, // U+FEB4
    { 29, 23, 484, 0, 17, 84, 37546 }, // U+FEB5
    { 33, 23, 508, 0, 17, 95, 37630 }, // U+FEB6
    { 19, 18, 314, 0, 17, 43, 37725 }, // U+FEB7
    { 23, 18, 340, 0, 17, 52, 37768 }, // U+FEB8
    { 32, 16, 522, 0, 10, 64, 37820 }, // U+FEB9
    { 36, 16, 541, 0, 10, 72, 37884 }, // U+FEBA
    { 22, 11, 361, 0, 10, 31, 37956 }, // U+FEBB
    { 25, 11, 380, 0, 10, 35, 37987 }, // U+FEBC
    { 32, 21, 522, 0, 15, 84, 38022 }, // U+FEBD
    { 36, 21, 541, 0, 15, 95, 38106 }, // U+FEBE
    { 22, 16, 361, 0, 15, 44, 38201 }, // U+FEBF
    { 25, 16, 380, 0, 15, 50, 38245 }, // U+FEC0
    { 19, 19, 315, 0, 18, 46, 38295 }, // U+FEC1
    { 23, 19, 332, 0, 18, 55, 38341 }, // U+FEC2
    { 16, 19, 271, 0, 18, 38, 38396 }, // U+FEC3
    { 19, 19, 284, 0, 18, 46, 38434 }, // U+FEC4
    { 19, 19, 315, 0, 18, 46, 38480 }, // U+FEC5
    { 23, 19, 332, 0, 18, 55, 38526 }, // U+FEC6
    { 16, 19, 271, 0, 18, 38, 38581 }, // U+FEC7
    { 19, 19, 284, 0, 18, 46, 38619 }, // U+FEC8
    { 15, 23, 203, 0, 13, 44, 38665 }, // U+FEC9
    { 15, 21, 212, 0, 11, 40, 38709 }, // U+FECA
    { 12, 12, 201, 0, 11, 18, 38749 }, // U+FECB
    { 15, 12, 208, 0, 11, 23, 38767 }, // U+FECC
    { 15, 28, 203, 0, 18, 53, 38790 }, // U+FECD
    { 15, 26, 212, 0, 16, 49, 38843 }, // U+FECE
    { 12, 17, 201, 0, 16, 26, 38892 }, // U+FECF
    { 15, 17, 208, 0, 16, 32, 38918 }, // U+FED0
    { 24, 19, 393, 0, 18, 57, 38950 }, // U+FED1
    { 29, 17, 439, 0, 16, 62, 39007 }, // U+FED2
    { 11, 19, 179, 0, 18, 27, 39069 }, // U+FED3
    { 14, 17, 198, 0, 16, 30, 39096 }, // U+FED4
    { 19, 21, 310, 0, 16, 50, 39126 }, // U+FED5
    { 22, 21, 323, 0, 14, 58, 39176 }, // U+FED6
    { 11, 19, 179, 0, 18, 27, 39234 }, // U+FED7
    { 14, 17, 198, 0, 16, 30, 39261 }, // U+FED8
    { 21, 19, 353, 0, 18, 50, 39291 }, // U+FED9
    { 25, 19, 369, 0, 18, 60, 39341 }, // U+FEDA
    { 11, 19, 165, 0, 18, 27, 39401 }, // U+FEDB
    { 14, 19, 203, 0, 18, 34, 39428 }, // U+FEDC
    { 16, 24, 278, 0, 18, 48, 39462 }, // U+FEDD
    { 20, 24, 292, 0, 18, 60, 39510 }, // U+FEDE
    { 6, 19, 104, 0, 18, 15, 39570 }, // U+FEDF
    { 9, 19, 120, 0, 18, 22, 39585 }, // U+FEE0
    { 12, 20, 194, 0, 10, 30, 39607 }, // U+FEE1
    { 16, 20, 225, 0, 10, 40, 39637 }, // U+FEE2
    { 12, 10, 210, 0, 9, 15, 39677 }, // U+FEE3
    { 16, 11, 231, 0, 10, 22, 39692 }, // U+FEE4
    { 16, 19, 274, 0, 13, 38, 39714 }, // U+FEE5
    { 20, 19, 292, 0, 13, 48, 39752 }, // U+FEE6
    { 6, 17, 108, 0, 16, 13, 39800 }, // U+FEE7
    { 10, 14, 137, 0, 13, 18, 39813 }, // U+FEE8
    { 10, 12, 162, 0, 12, 15, 39831 }, // U+FEE9
    { 14, 14, 194, 0, 13, 25, 39846 }, // U+FEEA
    { 14, 14, 230, 0, 13, 25, 39871 }, // U+FEEB
    { 14, 17, 203, 0, 11, 30, 39896 }, // U+FEEC
    { 9, 15, 179, 1, 9, 17, 39926 }, // U+FEED
    { 13, 15, 189, 1, 9, 25, 39943 }, // U+FEEE
    { 19, 17, 304, 0, 11, 41, 39968 }, // U+FEEF
    { 20, 11, 294, 0, 5, 28, 40009 }, // U+FEF0
    { 19, 22, 304, 0, 11, 53, 40037 }, // U+FEF1
    { 20, 16, 294, 0, 5, 40, 40090 }, // U+FEF2
    { 7, 16, 120, -1, 11, 14, 40130 }, // U+FEF3
    { 11, 13, 149, 0, 8, 18, 40144 }, // U+FEF4
    { 15, 19, 233, -2, 19, 36, 40162 }, // U+FEF5
    { 19, 20, 240, -2, 19, 48, 40198 }, // U+FEF6
    { 14, 22, 233, -1, 22, 39, 40246 }, // U+FEF7
    { 17, 23, 240, 0, 22, 49, 40285 }, // U+FEF8
    { 12, 26, 233, 1, 18, 39, 40334 }, // U+FEF9
    { 16, 26, 240, 1, 18, 52, 40373 }, // U+FEFA
    { 12, 18, 233, 1, 18, 27, 40425 }, // U+FEFB
    { 16, 19, 240, 1, 18, 38, 40452 }, // U+FEFC
};

static const EpdUnicodeInterval inter_12_regularIntervals[] = {
    { 0x0, 0x0, 0x0 },
    { 0xD, 0xD, 0x1 },
    { 0x20, 0x7E, 0x2 },
    { 0xA0, 0xAC, 0x61 },
    { 0xAE, 0x148, 0x6E },
    { 0x14A, 0x17F, 0x109 },
    { 0x1A0, 0x1A1, 0x13F },
    { 0x1AF, 0x1B0, 0x141 },
    { 0x1C5, 0x21F, 0x143 },
    { 0x300, 0x304, 0x19E },
    { 0x306, 0x30C, 0x1A3 },
    { 0x30F, 0x30F, 0x1AA },
    { 0x312, 0x313, 0x1AB },
    { 0x315, 0x315, 0x1AD },
    { 0x31B, 0x31B, 0x1AE },
    { 0x323, 0x323, 0x1AF },
    { 0x326, 0x328, 0x1B0 },
    { 0x32C, 0x32C, 0x1B3 },
    { 0x337, 0x338, 0x1B4 },
    { 0x342, 0x343, 0x1B6 },
    { 0x346, 0x36F, 0x1B8 },
    { 0x400, 0x479, 0x1E2 },
    { 0x480, 0x49D, 0x25C },
    { 0x4A0, 0x4FF, 0x27A },
    { 0x5D0, 0x5EA, 0x2DA },
    { 0x60C, 0x60C, 0x2F5 },
    { 0x61B, 0x61B, 0x2F6 },
    { 0x61F, 0x61F, 0x2F7 },
    { 0x621, 0x621, 0x2F8 },
    { 0x640, 0x640, 0x2F9 },
    { 0x660, 0x669, 0x2FA },
    { 0x6BA, 0x6BA, 0x304 },
    { 0x6D4, 0x6D4, 0x305 },
    { 0x6F0, 0x6F9, 0x306 },
    { 0x1EA0, 0x1EF9, 0x310 },
    { 0x2000, 0x2027, 0x36A },
    { 0x202F, 0x2055, 0x392 },
    { 0x2057, 0x2057, 0x3B9 },
    { 0x205F, 0x205F, 0x3BA },
    { 0x2070, 0x2071, 0x3BB },
    { 0x2074, 0x208E, 0x3BD },
    { 0x2090, 0x209C, 0x3D8 },
    { 0x20A0, 0x20AF, 0x3E5 },
    { 0x20B1, 0x20B5, 0x3F5 },
    { 0x20B8, 0x20BA, 0x3FA },
    { 0x20BC, 0x20BF, 0x3FD },
    { 0x2190, 0x2199, 0x401 },
    { 0x21A9, 0x21AA, 0x40B },
    { 0x21B0, 0x21B1, 0x40D },
    { 0x21B3, 0x21B5, 0x40F },
    { 0x21BA, 0x21BB, 0x412 },
    { 0x21D0, 0x21D0, 0x414 },
    { 0x21D2, 0x21D2, 0x415 },
    { 0x21D4, 0x21D4, 0x416 },
    { 0x21DE, 0x21DF, 0x417 },
    { 0x21E4, 0x21E5, 0x419 },
    { 0x21E7, 0x21E7, 0x41B },
    { 0x21EA, 0x21EA, 0x41C },
    { 0x2202, 0x2202, 0x41D },
    { 0x2205, 0x2206, 0x41E },
    { 0x220F, 0x220F, 0x420 },
    { 0x2211, 0x2212, 0x421 },
    { 0x221A, 0x221A, 0x423 },
    { 0x221E, 0x221E, 0x424 },
    { 0x222B, 0x222B, 0x425 },
    { 0x2236, 0x2236, 0x426 },
    { 0x2248, 0x2248, 0x427 },
    { 0x2260, 0x2260, 0x428 },
    { 0x2264, 0x2265, 0x429 },
    { 0x2295, 0x2298, 0x42B },
    { 0xFB56, 0xFB59, 0x42F },
    { 0xFB66, 0xFB69, 0x433 },
    { 0xFB7A, 0xFB7D, 0x437 },
    { 0xFB88, 0xFB95, 0x43B },
    { 0xFB9E, 0xFB9F, 0x449 },
    { 0xFBA6, 0xFBB1, 0x44B },
    { 0xFBFC, 0xFBFF, 0x457 },
    { 0xFE80, 0xFEFC, 0x45B },
};

static const uint16_t inter_12_regularKernLeftCodepoints[] = {
    0x0022, 0x0024, 0x0025, 0x0026, 0x0027, 0x0028, 0x0029, 0x002A, 0x002B, 0x002C, 0x002D, 0x002E,
    0x002F, 0x0030, 0x0031, 0x0032, 0x0033, 0x0034, 0x0035, 0x0036, 0x0037, 0x0038, 0x0039, 0x003A,
    0x003B, 0x003D, 0x003E, 0x003F, 0x0040, 0x0041, 0x0042, 0x0043, 0x0044, 0x0045, 0x0046, 0x0047,
    0x0048, 0x0049, 0x004A, 0x004B, 0x004C, 0x004D, 0x004E, 0x004F, 0x0050, 0x0051, 0x0052, 0x0053,
    0x0054, 0x0055, 0x0056, 0x0057, 0x0058, 0x0059, 0x005A, 0x005B, 0x005C, 0x005D, 0x005E, 0x005F,
    0x0061, 0x0062, 0x0063, 0x0064, 0x0065, 0x0066, 0x0067, 0x0068, 0x0069, 0x006A, 0x006B, 0x006C,
    0x006D, 0x006E, 0x006F, 0x0070, 0x0071, 0x0072, 0x0073, 0x0074, 0x0075, 0x0076, 0x0077, 0x0078,
    0x0079, 0x007A, 0x007B, 0x007C, 0x007D, 0x007E, 0x00A1, 0x00A2, 0x00A5, 0x00A9, 0x00AA, 0x00AB,
    0x00AC, 0x00AE, 0x00B0, 0x00B1, 0x00B2, 0x00B5, 0x00B6, 0x00B7, 0x00BA, 0x00BB, 0x00BF, 0x00C0,
    0x00C1, 0x00C2, 0x00C3, 0x00C4, 0x00C5, 0x00C6, 0x00C7, 0x00C8, 0x00C9, 0x00CA, 0x00CB, 0x00CC,
    0x00CD, 0x00CE, 0x00CF, 0x00D0, 0x00D1, 0x00D2, 0x00D3, 0x00D4, 0x00D5, 0x00D6, 0x00D7, 0x00D8,
    0x00D9, 0x00DA, 0x00DB, 0x00DC, 0x00DD, 0x00DE, 0x00DF, 0x00E0, 0x00E1, 0x00E2, 0x00E3, 0x00E4,
    0x00E5, 0x00E6, 0x00E7, 0x00E8, 0x00E9, 0x00EA, 0x00EB, 0x00EC, 0x00ED, 0x00EE, 0x00EF, 0x00F0,
    0x00F1, 0x00F2, 0x00F3, 0x00F4, 0x00F5, 0x00F6, 0x00F7, 0x00F8, 0x00F9, 0x00FA, 0x00FB, 0x00FC,
    0x00FD, 0x00FE, 0x00FF, 0x0100, 0x0101, 0x0102, 0x0103, 0x0104, 0x0105, 0x0106, 0x0107, 0x0108,
    0x0109, 0x010A, 0x010B, 0x010C, 0x010D, 0x010E, 0x010F, 0x0111, 0x0112, 0x0113, 0x0114, 0x0115,
    0x0116, 0x0117, 0x0118, 0x0119, 0x011A, 0x011B, 0x011C, 0x011D, 0x011E, 0x011F, 0x0120, 0x0121,
    0x0122, 0x0123, 0x0124, 0x0125, 0x0126, 0x0127, 0x0128, 0x0129, 0x012A, 0x012B, 0x012C, 0x012D,
    0x012E, 0x012F, 0x0130, 0x0131, 0x0133, 0x0134, 0x0135, 0x0136, 0x0137, 0x0138, 0x0139, 0x013A,
    0x013B, 0x013C, 0x013D, 0x013E, 0x013F, 0x0140, 0x0141, 0x0142, 0x0143, 0x0144, 0x0145, 0x0146,
    0x0147, 0x0148, 0x014A, 0x014C, 0x014D, 0x014E, 0x014F, 0x0150, 0x0151, 0x0152, 0x0153, 0x0154,
    0x0155, 0x0156, 0x0157, 0x0158, 0x0159, 0x015A, 0x015B, 0x015C, 0x015D, 0x015E, 0x015F, 0x0160,
    0x0161, 0x0162, 0x0163, 0x0164, 0x0165, 0x0166, 0x0167, 0x0168, 0x0169, 0x016A, 0x016B, 0x016C,
    0x016D, 0x016E, 0x016F, 0x0170, 0x0171, 0x0172, 0x0173, 0x0174, 0x0175, 0x0176, 0x0177, 0x0178,
    0x0179, 0x017A, 0x017B, 0x017C, 0x017D, 0x017E, 0x017F, 0x01A0, 0x01A1, 0x01AF, 0x01B0, 0x01C5,
    0x01C6, 0x01C8, 0x01C9, 0x01CB, 0x01CC, 0x01CD, 0x01CE, 0x01CF, 0x01D0, 0x01D1, 0x01D2, 0x01D3,
    0x01D4, 0x01D5, 0x01D6, 0x01D7, 0x01D8, 0x01D9, 0x01DA, 0x01DB, 0x01DC, 0x01DD, 0x01DE, 0x01DF,
    0x01E0, 0x01E1, 0x01E2, 0x01E3, 0x01E4, 0x01E5, 0x01E6, 0x01E7, 0x01E8, 0x01E9, 0x01EA, 0x01EB,
    0x01EC, 0x01ED, 0x01F0, 0x01F1, 0x01F2, 0x01F3, 0x01F4, 0x01F5, 0x01F6, 0x01F8, 0x01F9, 0x01FA,
    0x01FB, 0x01FC, 0x01FD, 0x01FE, 0x01FF, 0x0200, 0x0201, 0x0202, 0x0203, 0x0204, 0x0205, 0x0206,
    0x0207, 0x0208, 0x0209, 0x020A, 0x020B, 0x020C, 0x020D, 0x020E, 0x020F, 0x0210, 0x0211, 0x0212,
    0x0213, 0x0214, 0x0215, 0x0216, 0x0217, 0x0218, 0x0219, 0x021A, 0x021B, 0x021E, 0x021F, 0x0400,
    0x0401, 0x0402, 0x0403, 0x0404, 0x0405, 0x0406, 0x0407, 0x0408, 0x0409, 0x040A, 0x040B, 0x040C,
    0x040D, 0x040F, 0x0410, 0x0411, 0x0412, 0x0413, 0x0414, 0x0415, 0x0416, 0x0417, 0x0418, 0x0419,
    0x041A, 0x041B, 0x041C, 0x041D, 0x041E, 0x041F, 0x0420, 0x0421, 0x0422, 0x0423, 0x0424, 0x0425,
    0x0426, 0x0427, 0x0428, 0x0429, 0x042A, 0x042B, 0x042C, 0x042D, 0x042E, 0x0430, 0x0432, 0x0433,
    0x0434, 0x0435, 0x0436, 0x0437, 0x0438, 0x0439, 0x043A, 0x043B, 0x043C, 0x043D, 0x043E, 0x043F,
    0x0440, 0x0441, 0x0442, 0x0443, 0x0444, 0x0445, 0x0446, 0x0447, 0x0448, 0x0449, 0x044A, 0x044B,
    0x044C, 0x044D, 0x044E, 0x044F, 0x0450, 0x0451, 0x0452, 0x0453, 0x0454, 0x0455, 0x0456, 0x0457,
    0x0458, 0x0459, 0x045A, 0x045B, 0x045C, 0x045D, 0x045E, 0x045F, 0x0460, 0x0462, 0x0463, 0x0464,
    0x0465, 0x0466, 0x0467, 0x0468, 0x046E, 0x0472, 0x0473, 0x0474, 0x0475, 0x0476, 0x0477, 0x0479,
    0x0481, 0x048A, 0x048B, 0x048C, 0x048D, 0x048E, 0x048F, 0x0490, 0x0491, 0x0492, 0x0493, 0x0497,
    0x0498, 0x049A, 0x049B, 0x049C, 0x049D, 0x04A0, 0x04A1, 0x04A2, 0x04A3, 0x04A4, 0x04A5, 0x04A6,
    0x04A7, 0x04A9, 0x04AA, 0x04AB, 0x04AC, 0x04AD, 0x04AE, 0x04AF, 0x04B0, 0x04B1, 0x04B3, 0x04B5,
    0x04B7, 0x04B9, 0x04BA, 0x04BB, 0x04BD, 0x04BF, 0x04C0, 0x04C1, 0x04C3, 0x04C4, 0x04C6, 0x04C7,
    0x04C8, 0x04C9, 0x04CA, 0x04CC, 0x04CD, 0x04CE, 0x04CF, 0x04D0, 0x04D1, 0x04D2, 0x04D3, 0x04D4,
    0x04D5, 0x04D6, 0x04D7, 0x04D9, 0x04DA, 0x04DB, 0x04DC, 0x04E0, 0x04E2, 0x04E3, 0x04E4, 0x04E5,
    0x04E6, 0x04E7, 0x04E8, 0x04E9, 0x04EA, 0x04EB, 0x04ED, 0x04EF, 0x04F1, 0x04F3, 0x04F5, 0x04F6,
    0x04F7, 0x04F9, 0x04FA, 0x04FB, 0x04FC, 0x04FD, 0x04FE, 0x04FF, 0x05D0, 0x05D1, 0x05D2, 0x05D3,
    0x05D5, 0x05D6, 0x05D8, 0x05D9, 0x05DB, 0x05DC, 0x05DE, 0x05E0, 0x05E1, 0x05E2, 0x05E4, 0x05E6,
    0x05E8, 0x05E9, 0x05EA, 0x1EA0, 0x1EA1, 0x1EA2, 0x1EA3, 0x1EA4, 0x1EA5, 0x1EA6, 0x1EA7, 0x1EA8,
    0x1EA9, 0x1EAA, 0x1EAB, 0x1EAC, 0x1EAD, 0x1EAE, 0x1EAF, 0x1EB0, 0x1EB1, 0x1EB2, 0x1EB3, 0x1EB4,
    0x1EB5, 0x1EB6, 0x1EB7, 0x1EB8, 0x1EB9, 0x1EBA, 0x1EBB, 0x1EBC, 0x1EBD, 0x1EBE, 0x1EBF, 0x1EC0,
    0x1EC1, 0x1EC2, 0x1EC3, 0x1EC4, 0x1EC5, 0x1EC6, 0x1EC7, 0x1EC8, 0x1EC9, 0x1ECA, 0x1ECB, 0x1ECC,
    0x1ECD, 0x1ECE, 0x1ECF, 0x1ED0, 0x1ED1, 0x1ED2, 0x1ED3, 0x1ED4, 0x1ED5, 0x1ED6, 0x1ED7, 0x1ED8,
    0x1ED9, 0x1EDA, 0x1EDB, 0x1EDC, 0x1EDD, 0x1EDE, 0x1EDF, 0x1EE0, 0x1EE1, 0x1EE2, 0x1EE3, 0x1EE4,
    0x1EE5, 0x1EE6, 0x1EE7, 0x1EE8, 0x1EE9, 0x1EEA, 0x1EEB, 0x1EEC, 0x1EED, 0x1EEE, 0x1EEF, 0x1EF0,
    0x1EF1, 0x1EF2, 0x1EF3, 0x1EF4, 0x1EF5, 0x1EF6, 0x1EF7, 0x1EF8, 0x1EF9, 0x2018, 0x2019, 0x201A,
    0x201C, 0x201D, 0x201E, 0x2020, 0x2021, 0x2022, 0x2023, 0x2026, 0x2034, 0x2039, 0x203A, 0x203D,
    0x2043, 0x204B, 0x204C, 0x204D, 0x204F, 0x2071, 0x2074, 0x2077, 0x207A, 0x207B, 0x2080, 0x2081,
    0x2082, 0x2083, 0x2084, 0x2085, 0x2086, 0x2087, 0x2088, 0x2089, 0x208A, 0x208B, 0x208C, 0x208D,
    0x208E, 0x2090, 0x2091, 0x2092, 0x2093, 0x2095, 0x2096, 0x2097, 0x2098, 0x2099, 0x209A, 0x209B,
    0x209C, 0x20A1, 0x20A7, 0x20A8, 0x20A9, 0x20AC, 0x20AF, 0x20B2, 0x20B5, 0x20BD, 0x20BF, 0x2190,
    0x21D0, 0x2206, 0x2212, 0x221E, 0x2248, 0x2260, 0x2264, 0x2265, 0xFB8C, 0xFEAD, 0xFEAE, 0xFEAF,
};

static const uint8_t inter_12_regularKernLeftClassIds[] = {
      1,   2,   3,   4,   1,   5,   6,   7,   8,   9,   8,   9,  10,  11,  12,  13,
     14,  15,  16,  17,  18,  14,  11,  19,  19,  20,  21,  22,  23,  24,  25,  26,
     23,  27,  28,  29,  12,  12,  30,  31,  32,  12,  12,  23,  33,  23,  34,   2,
     35,  30,  36,  37,  38,  39,  40,  41,  42,   6,   7,  43,  44,  45,  45,  12,
     45,  46,  47,  44,  48,  48,  49,  12,  44,  44,  45,  45,  47,  50,  51,  52,
     53,  54,  55,  56,  54,  57,   5,  12,   6,  58,  59,  45,  60,  23,  61,  62,
     47,  63,   7,  20,  64,  65,  12,  66,  61,  67,  68,  24,  24,  24,  24,  24,
     24,  27,  26,  27,  27,  27,  27,  12,  12,  69,  69,  23,  12,  23,  23,  23,
     23,  23,  70,  23,  30,  30,  30,  30,  39,  71,  72,  44,  44,  44,  44,  44,
     44,  73,  45,  45,  45,  45,  45,  48,  48,  74,  75,  45,  76,  45,  45,  45,
     77,  77,   8,  45,  53,  53,  53,  53,  54,  45,  54,  24,  78,  24,  44,  24,
     44,  26,  45,  26,  45,  26,  45,  26,  45,  23,  79,  80,  27,  45,  27,  45,
     27,  45,  27,  45,  27,  45,  29,  47,  29,  47,  29,  47,  29,  47,  12,  44,
     12,  44,  69,  81,  69,  82,  69,  83,  12,  48,  12,  48,  48,  30,  84,  31,
     49,  49,  85,  86,  32,  12,  87,  12,  88,  89,  90,  91,  12,  44,  12,  44,
     12,  44,  12,  23,  45,  23,  45,  23,  45,  27,  45,  34,  50,  34,  50,  34,
     50,   2,  51,   2,  51,   2,  51,   2,  51,  92,  52,  93,  52,  94,  52,  30,
     53,  30,  53,  30,  53,  30,  53,  30,  53,  30,  53,  37,  55,  39,  54,  39,
     40,  57,  40,  57,  40,  57,  95,  96,  97,  98,  99, 100,  57,  48,  48,  48,
     48,  24,  44,  86, 101,  23,  45,  30,  53,  30,  53,  30,  53,  30,  53,  30,
     53, 102,  24,  44,  24,  44,  27,  73,  29,  47,  29,  47,  31,  49,  23,  45,
     23,  45,  48, 103,  57,  57,  29,  47, 104,  12,  44,  24,  44,  27,  73,  23,
     45,  24,  44,  24,  44,  27,  45,  27,  45, 105, 106,  69, 107,  23,  45,  23,
     45,  34,  50,  34,  50,  30,  53,  30,  53,   2,  51,  35,  52,  12,  44,  27,
     27,  45,  35,  97,   2,  12,  69,  30,  45,  45,  44,  31,  12,  12,  24,  25,
     25,  35, 108,  27, 109,  14,  12,  12,  31,  12,  12,  12,  23,  12,  33,  26,
     35,  39, 110,  38, 108,  12,  12, 108,  45,  12,  45,  23, 111,  44,  51,  50,
    112,  45,  56,  44,  44,  44,  49,  44,  44,  44,  45,  44,  45,  45, 113,  54,
     45,  56, 112,  44,  44, 112, 114,  48, 114,  45,  45,  44,  45,  45,  44,  50,
     45,  51,  48,  75,  48, 114, 114,  44,  49,  44,  54,  53,  12,  45,  45,  26,
     45,  24,  24,  24,  25,  23,  45,  36,  54,  36,  54,  46,  45,  12,  52,  45,
     45,  33,  45,  35,  50,  35,  50,  56,  14,  31,  49,  31,  49,  31,  49,  52,
     52,  35,  50,  45, 114,  73,  26,  45,  35,  50,  39,  54, 115,  54,  56, 112,
     52,  44,  44,  44,  45,  73,  12,  38,  25,  44,  52,  12,  44,  52,  52,  44,
     12,  52,  12,  24,  44,  24,  44,  27,  73,  27,  45,  45,  23,  45,  38,  14,
     12,  44,  12,  44,  23,  45,  23,  45,  23,  45,  45,  54,  54,  54,  44,  35,
     50,  44,  35,  50,  38,  56,  38,  56, 116, 117, 118, 119, 120, 121, 122, 123,
    124, 125, 126, 127, 128, 129, 130, 131, 132, 133, 134,  24,  44,  24,  44,  24,
     44,  24,  44,  24,  44,  24,  44,  24,  44,  24,  44,  24,  44,  24,  44,  24,
     44,  24,  44,  27,  45,  27,  45,  27,  45,  27,  45,  27,  45,  27,  45,  27,
     45,  27,  45,  12, 106,  12, 135,  23,  45,  23,  45,  23,  45,  23,  45,  23,
    136,  23,  45,  23,  45,  23,  45,  23,  45,  23,  45,  23,  45,  23,  45,  30,
     53,  30,  53, 137,  53, 137,  53, 137,  99, 137,  53, 137,  53,  39,  54, 138,
     54, 138,  54, 138,  54, 139, 140, 141, 139, 140, 141,  61,  61, 142, 142, 143,
    140,  62,  67,  22, 142,  33,  44, 142,  19, 144, 145, 146, 147, 147, 148, 148,
    148, 148, 148, 149, 148, 150, 148, 148, 148, 148, 148, 148, 148, 148, 148, 148,
    148, 148, 148, 148, 148, 148, 148, 148, 148,  26,  52,  51, 151, 152,  45,  29,
     26, 153,  25,   8,  20,  24,   8,  88,  20,  20,  20,  20, 154, 154, 154, 154,
};

static const uint16_t inter_12_regularKernRightCodepoints[] = {
    0x0022, 0x0023, 0x0024, 0x0025, 0x0026, 0x0027, 0x0029, 0x002A, 0x002B, 0x002C, 0x002D, 0x002E,
    0x002F, 0x0030, 0x0031, 0x0032, 0x0033, 0x0034, 0x0035, 0x0036, 0x0037, 0x0038, 0x0039, 0x003A,
    0x003B, 0x003C, 0x003D, 0x003F, 0x0040, 0x0041, 0x0042, 0x0043, 0x0044, 0x0045, 0x0046, 0x0047,
    0x0048, 0x0049, 0x004A, 0x004B, 0x004C, 0x004D, 0x004E, 0x004F, 0x0050, 0x0051, 0x0052, 0x0053,
    0x0054, 0x0055, 0x0056, 0x0057, 0x0058, 0x0059, 0x005A, 0x005C, 0x005D, 0x005E, 0x005F, 0x0061,
    0x0062, 0x0063, 0x0064, 0x0065, 0x0066, 0x0067, 0x0068, 0x0069, 0x006A, 0x006B, 0x006C, 0x006D,
    0x006E, 0x006F, 0x0070, 0x0071, 0x0072, 0x0073, 0x0074, 0x0075, 0x0076, 0x0077, 0x0078, 0x0079,
    0x007A, 0x007C, 0x007D, 0x007E, 0x00A2, 0x00A5, 0x00A9, 0x00AA, 0x00AB, 0x00AC, 0x00AE, 0x00B0,
    0x00B1, 0x00B2, 0x00B5, 0x00B6, 0x00B7, 0x00B9, 0x00BA, 0x00BB, 0x00BF, 0x00C0, 0x00C1, 0x00C2,
    0x00C3, 0x00C4, 0x00C5, 0x00C6, 0x00C7, 0x00C8, 0x00C9, 0x00CA, 0x00CB, 0x00CC, 0x00CD, 0x00CE,
    0x00CF, 0x00D0, 0x00D1, 0x00D2, 0x00D3, 0x00D4, 0x00D5, 0x00D6, 0x00D7, 0x00D8, 0x00D9, 0x00DA,
    0x00DB, 0x00DC, 0x00DD, 0x00DE, 0x00DF, 0x00E0, 0x00E1, 0x00E2, 0x00E3, 0x00E4, 0x00E5, 0x00E6,
    0x00E7, 0x00E8, 0x00E9, 0x00EA, 0x00EB, 0x00EC, 0x00ED, 0x00EE, 0x00EF, 0x00F0, 0x00F1, 0x00F2,
    0x00F3, 0x00F4, 0x00F5, 0x00F6, 0x00F7, 0x00F8, 0x00F9, 0x00FA, 0x00FB, 0x00FC, 0x00FD, 0x00FE,
    0x00FF, 0x0100, 0x0101, 0x0102, 0x0103, 0x0104, 0x0105, 0x0106, 0x0107, 0x0108, 0x0109, 0x010A,
    0x010B, 0x010C, 0x010D, 0x010E, 0x010F, 0x0110, 0x0111, 0x0112, 0x0113, 0x0114, 0x0115, 0x0116,
    0x0117, 0x0118, 0x0119, 0x011A, 0x011B, 0x011C, 0x011D, 0x011E, 0x011F, 0x0120, 0x0121, 0x0122,
    0x0123, 0x0124, 0x0125, 0x0126, 0x0127, 0x0128, 0x0129, 0x012A, 0x012B, 0x012C, 0x012D, 0x012E,
    0x012F, 0x0130, 0x0131, 0x0133, 0x0134, 0x0135, 0x0136, 0x0137, 0x0138, 0x0139, 0x013A, 0x013B,
    0x013C, 0x013D, 0x013E, 0x0140, 0x0141, 0x0142, 0x0143, 0x0144, 0x0145, 0x0146, 0x0147, 0x0148,
    0x014A, 0x014B, 0x014C, 0x014D, 0x014E, 0x014F, 0x0150, 0x0151, 0x0152, 0x0153, 0x0154, 0x0155,
    0x0156, 0x0157, 0x0158, 0x0159, 0x015A, 0x015B, 0x015C, 0x015D, 0x015E, 0x015F, 0x0160, 0x0161,
    0x0162, 0x0163, 0x0164, 0x0165, 0x0166, 0x0167, 0x0168, 0x0169, 0x016A, 0x016B, 0x016C, 0x016D,
    0x016E, 0x016F, 0x0170, 0x0171, 0x0172, 0x0173, 0x0174, 0x0175, 0x0176, 0x0177, 0x0178, 0x0179,
    0x017A, 0x017B, 0x017C, 0x017D, 0x017E, 0x017F, 0x01A0, 0x01A1, 0x01AF, 0x01B0, 0x01C5, 0x01C6,
    0x01C8, 0x01C9, 0x01CB, 0x01CC, 0x01CD, 0x01CE, 0x01CF, 0x01D0, 0x01D1, 0x01D2, 0x01D3, 0x01D4,
    0x01D5, 0x01D6, 0x01D7, 0x01D8, 0x01D9, 0x01DA, 0x01DB, 0x01DC, 0x01DD, 0x01DE, 0x01DF, 0x01E0,
    0x01E1, 0x01E2, 0x01E3, 0x01E4, 0x01E5, 0x01E6, 0x01E7, 0x01E8, 0x01E9, 0x01EA, 0x01EB, 0x01EC,
    0x01ED, 0x01EF, 0x01F0, 0x01F2, 0x01F3, 0x01F4, 0x01F5, 0x01F6, 0x01F8, 0x01F9, 0x01FA, 0x01FB,
    0x01FC, 0x01FD, 0x01FE, 0x01FF, 0x0200, 0x0201, 0x0202, 0x0203, 0x0204, 0x0205, 0x0206, 0x0207,
    0x0208, 0x0209, 0x020A, 0x020B, 0x020C, 0x020D, 0x020E, 0x020F, 0x0210, 0x0211, 0x0212, 0x0213,
    0x0214, 0x0215, 0x0216, 0x0217, 0x0218, 0x0219, 0x021A, 0x021B, 0x021E, 0x021F, 0x0400, 0x0401,
    0x0402, 0x0403, 0x0404, 0x0405, 0x0406, 0x0407, 0x0408, 0x0409, 0x040A, 0x040B, 0x040C, 0x040D,
    0x040F, 0x0410, 0x0411, 0x0412, 0x0413, 0x0414, 0x0415, 0x0416, 0x0417, 0x0418, 0x0419, 0x041A,
    0x041B, 0x041C, 0x041D, 0x041E, 0x041F, 0x0420, 0x0421, 0x0422, 0x0423, 0x0424, 0x0425, 0x0426,
    0x0427, 0x0428, 0x0429, 0x042A, 0x042B, 0x042C, 0x042D, 0x042E, 0x0430, 0x0431, 0x0432, 0x0433,
    0x0434, 0x0435, 0x0436, 0x0437, 0x0438, 0x0439, 0x043A, 0x043B, 0x043C, 0x043D, 0x043E, 0x043F,
    0x0440, 0x0441, 0x0442, 0x0443, 0x0444, 0x0445, 0x0446, 0x0447, 0x0448, 0x0449, 0x044A, 0x044B,
    0x044C, 0x044D, 0x044E, 0x044F, 0x0450, 0x0451, 0x0452, 0x0453, 0x0454, 0x0455, 0x0456, 0x0457,
    0x0458, 0x0459, 0x045A, 0x045B, 0x045C, 0x045D, 0x045E, 0x045F, 0x0460, 0x0463, 0x0464, 0x0465,
    0x0466, 0x0467, 0x0468, 0x046C, 0x046E, 0x0472, 0x0473, 0x0474, 0x0475, 0x0476, 0x0477, 0x0478,
    0x0479, 0x0481, 0x048A, 0x048B, 0x048D, 0x048E, 0x048F, 0x0490, 0x0491, 0x0493, 0x0494, 0x0495,
    0x0497, 0x049A, 0x049B, 0x049C, 0x049D, 0x04A0, 0x04A1, 0x04A2, 0x04A3, 0x04A4, 0x04A5, 0x04A6,
    0x04A7, 0x04A9, 0x04AA, 0x04AB, 0x04AC, 0x04AD, 0x04AE, 0x04AF, 0x04B0, 0x04B1, 0x04B2, 0x04B3,
    0x04B4, 0x04B5, 0x04B7, 0x04B9, 0x04BA, 0x04BB, 0x04BD, 0x04C0, 0x04C1, 0x04C3, 0x04C4, 0x04C6,
    0x04C7, 0x04C8, 0x04C9, 0x04CA, 0x04CD, 0x04CE, 0x04CF, 0x04D0, 0x04D1, 0x04D2, 0x04D3, 0x04D4,
    0x04D5, 0x04D6, 0x04D7, 0x04D9, 0x04DA, 0x04DB, 0x04DC, 0x04E1, 0x04E2, 0x04E3, 0x04E4, 0x04E5,
    0x04E6, 0x04E7, 0x04E8, 0x04E9, 0x04EA, 0x04EB, 0x04ED, 0x04EF, 0x04F1, 0x04F3, 0x04F7, 0x04F9,
    0x04FB, 0x04FC, 0x04FD, 0x04FE, 0x04FF, 0x05D0, 0x05D1, 0x05D2, 0x05D3, 0x05D4, 0x05D6, 0x05D7,
    0x05D8, 0x05D9, 0x05DA, 0x05DB, 0x05DC, 0x05DD, 0x05DE, 0x05E1, 0x05E2, 0x05E3, 0x05E4, 0x05E5,
    0x05E7, 0x05E8, 0x05E9, 0x05EA, 0x1EA0, 0x1EA1, 0x1EA2, 0x1EA3, 0x1EA4, 0x1EA5, 0x1EA6, 0x1EA7,
    0x1EA8, 0x1EA9, 0x1EAA, 0x1EAB, 0x1EAC, 0x1EAD, 0x1EAE, 0x1EAF, 0x1EB0, 0x1EB1, 0x1EB2, 0x1EB3,
    0x1EB4, 0x1EB5, 0x1EB6, 0x1EB7, 0x1EB8, 0x1EB9, 0x1EBA, 0x1EBB, 0x1EBC, 0x1EBD, 0x1EBE, 0x1EBF,
    0x1EC0, 0x1EC1, 0x1EC2, 0x1EC3, 0x1EC4, 0x1EC5, 0x1EC6, 0x1EC7, 0x1EC8, 0x1EC9, 0x1ECA, 0x1ECB,
    0x1ECC, 0x1ECD, 0x1ECE, 0x1ECF, 0x1ED0, 0x1ED1, 0x1ED2, 0x1ED3, 0x1ED4, 0x1ED5, 0x1ED6, 0x1ED7,
    0x1ED8, 0x1ED9, 0x1EDA, 0x1EDB, 0x1EDC, 0x1EDD, 0x1EDE, 0x1EDF, 0x1EE0, 0x1EE1, 0x1EE2, 0x1EE3,
    0x1EE4, 0x1EE5, 0x1EE6, 0x1EE7, 0x1EE8, 0x1EE9, 0x1EEA, 0x1EEB, 0x1EEC, 0x1EED, 0x1EEE, 0x1EEF,
    0x1EF0, 0x1EF1, 0x1EF2, 0x1EF3, 0x1EF4, 0x1EF5, 0x1EF6, 0x1EF7, 0x1EF8, 0x1EF9, 0x2018, 0x2019,
    0x201A, 0x201B, 0x201C, 0x201D, 0x201E, 0x201F, 0x2020, 0x2021, 0x2022, 0x2023, 0x2026, 0x2034,
    0x2039, 0x203A, 0x203D, 0x2043, 0x2044, 0x204A, 0x204B, 0x204C, 0x204D, 0x204F, 0x2074, 0x2077,
    0x2079, 0x207E, 0x207F, 0x2080, 0x2081, 0x2082, 0x2083, 0x2084, 0x2086, 0x2087, 0x2088, 0x2089,
    0x208A, 0x208B, 0x208C, 0x208D, 0x208E, 0x2091, 0x2092, 0x2093, 0x2095, 0x2096, 0x2097, 0x2098,
    0x2099, 0x209A, 0x209B, 0x209C, 0x20A1, 0x20A7, 0x20A8, 0x20A9, 0x20AB, 0x20B2, 0x20B4, 0x20B5,
    0x20B8, 0x20BF, 0x2192, 0x21D2, 0x2206, 0x2212, 0x221E, 0x222B, 0x2236, 0x2248, 0x2260, 0x2264,
    0x2265, 0xFB8E, 0xFBA6, 0xFBAA, 0xFE8D, 0xFEA3, 0xFEA9, 0xFEB1, 0xFEB3, 0xFEB9, 0xFEBB, 0xFEC1,
    0xFEC3, 0xFECB, 0xFEDB, 0xFEDF, 0xFEE1, 0xFEE3, 0xFEE9, 0xFEEB,
};

static const uint8_t inter_12_regularKernRightClassIds[] = {
      1,   2,   3,   4,   5,   1,   6,   7,   8,   9,  10,  11,  12,  13,  14,  15,
     16,  17,  18,  13,  19,  20,  21,  22,  22,  23,  24,  25,  26,  27,  28,  29,
     28,  28,  28,  29,  28,  28,  30,  28,  28,  28,  28,  29,  28,  29,  28,   3,
     31,  32,  33,  34,  35,  36,  37,  33,   6,  38,  39,  40,  28,  41,  41,  41,
     42,  41,  28,  43,  44,  28,  28,  45,  45,  41,  45,  41,  45,  46,  47,  48,
     49,  50,  51,  49,  52,  28,   6,  53,  41,  54,  29,  55,  56,  57,  58,  59,
     24,  60,  61,  62,  63,  64,  55,  65,  66,  27,  27,  27,  27,  27,  27,  27,
     29,  28,  28,  28,  28,  28,  28,  67,  67,  68,  28,  29,  29,  29,  29,  29,
     69,  29,  32,  32,  32,  32,  36,  28,  28,  40,  40,  40,  70,  71,  40,  40,
     41,  41,  41,  41,  72,  73,  74,  75,  76,  41,  45,  41,  41,  41,  77,  72,
      8,  41,  48,  48,  48,  78,  49,  28,  79,  27,  80,  27,  40,  27,  40,  29,
     41,  29,  41,  29,  41,  29,  41,  28,  41,  81,  41,  28,  41,  28,  41,  28,
     41,  28,  41,  28,  41,  29,  41,  29,  41,  29,  41,  29,  41,  28,  28,  28,
     82,  67,  83,  67,  84,  67,  76,  28,  43,  28,  43,  43,  30,  85,  28,  28,
     45,  28,  28,  28,  28,  28,  28,  28,  28,  28,  28,  45,  28,  45,  28,  45,
     28,  45,  29,  86,  29,  41,  29,  41,  29,  41,  28,  45,  28,  45,  28,  45,
      3,  46,   3,  46,   3,  46,   3,  46,  87,  47,  88,  47,  89,  47,  32,  90,
     32,  48,  32,  48,  32,  48,  32,  48,  32,  48,  34,  50,  36,  49,  36,  37,
     52,  37,  52,  37,  52,  28,  29,  41,  32,  48,  91,  41,  28,  28,  28,  45,
     27,  40,  28,  92,  29,  41,  32,  48,  32,  48,  32,  48,  32,  48,  32,  48,
     86,  27,  40,  27,  40,  27,  40,  29,  41,  29,  41,  28,  28,  29,  41,  29,
     41,  47,  44,  28,  86,  29,  41,  91,  28,  45,  27,  40,  27,  40,  29,  41,
     27,  40,  27,  40,  28,  41,  28,  41,  67,  93,  67,  94,  29,  41,  29,  41,
     28,  45,  28,  45,  32,  48,  32,  48,   3,  46,  31,  47,  28,  28,  28,  28,
     31,  28,  29,   3,  28,  67,  30,  95,  28,  31,  28,  28,  28,  27,  28,  28,
     28,  96,  28,  97,  98,  91,  28,  28,  95,  28,  28,  29,  28,  28,  29,  31,
     33,  99,  35,  28, 100,  28,  28, 101,  28,  28,  29,  28,  40,  13,  45,  45,
    102,  41,  51,  41,  45,  45,  45, 103,  45,  45,  41,  45,  45,  41, 104,  49,
     41,  51,  45, 105,  45,  45, 106,  43,  45,  41,  45, 107,  41,  41,  28,  45,
     41,  46,  43,  76,  44, 103,  45,  28,  45,  45,  49,  48,  28,  47,  28,  45,
     27,  27,  28,  28,  28,  29,  41,  33,  49,  33,  49,  29,  41,  41,  91,  45,
     47,  28,  45,  28,  45,  47,  28,  45,  51,  28,  45,  28,  45,  31,  47,  28,
     45,  28,  45,  28,  45,  41,  29,  41,  31,  47,  36,  49, 108,  49,  35,  51,
     31,  47,  40,  40,  28,  28,  47,  28,  35,  28,  45, 103,  91,  45,  28,  45,
     28,  45,  28,  27,  40,  27,  40,  27,  40,  28,  41,  41,  29,  41,  35,  47,
     28,  45,  28,  45,  29,  41,  29,  41,  29,  41,  41,  49,  49,  49,  45,  45,
     47,  35,  51,  35,  51, 109, 110, 111, 112, 113, 114, 115, 116, 117, 118, 119,
    120, 121, 122, 123, 124, 125, 126, 127, 128, 129, 130, 131,  27,  40,  27,  40,
     27,  40,  27,  40,  27,  40,  27,  40,  27,  40,  27,  40,  27,  40,  27,  40,
     27,  40,  27,  40,  28,  41,  28,  41,  28,  41,  28,  41,  28,  41,  28,  41,
     28,  41,  28,  41,  28,  43,  28,  43,  29,  41,  29,  41,  29,  41,  29,  41,
     29,  41,  29,  41,  29,  41,  29,  41,  29,  41,  29,  41,  29,  41,  29,  41,
     32,  48,  32,  48,  32,  48,  32,  48,  32,  48,  32,  48,  32,  48,  36,  49,
    132,  49, 132,  49, 132,  49, 133, 134, 135, 136, 133, 134, 135, 137,  55,  55,
    138, 138, 139, 140,  56,  65,  25, 138, 141,  47,  28, 138,  45,  22, 142, 143,
    144, 145, 146, 147, 147, 147, 147, 148, 147, 149, 147, 147, 147, 147, 147, 147,
    147, 147, 147, 147, 147, 147, 147, 147, 147, 147, 147, 147,  29,  28,  28,  54,
     41,  29, 150,  29, 151,  28,   8,  24,  27,   8, 152,  44,  22,  24,  24,  24,
     24, 153, 153, 153, 154, 153, 155, 155, 155, 155, 155, 155, 155, 154, 153, 154,
    153, 153, 153, 153,
};

static const uint16_t inter_12_regularKernRowOffsets[] = {
        0,    15,    27,    30,    47,    54,    56,    69,    92,   119,   125,   142,   154,   155,   165,   178,
      189,   194,   236,   243,   261,   279,   280,   303,   360,   370,   378,   383,   412,   429,   437,   475,
      515,   542,   563,   626,   673,   709,   747,   801,   817,   824,   881,   924,   942,   974,  1017,  1022,
     1032,  1049,  1105,  1125,  1168,  1189,  1236,  1256,  1280,  1289,  1312,  1322,  1328,  1335,  1344,  1366,
     1367,  1388,  1411,  1438,  1448,  1453,  1466,  1480,  1490,  1495,  1505,  1535,  1553,  1585,  1603,  1635,
     1655,  1685,  1715,  1745,  1755,  1795,  1807,  1847,  1850,  1862,  1902,  1914,  1977,  2040,  2103,  2127,
     2131,  2134,  2139,  2148,  2157,  2167,  2199,  2200,  2221,  2226,  2236,  2266,  2274,  2312,  2335,  2340,
     2370,  2426,  2447,  2501,  2507,  2512,  2519,  2530,  2536,  2537,  2546,  2557,  2563,  2573,  2578,  2581,
     2588,  2590,  2597,  2604,  2614,  2621,  2631,  2641,  2673,  2677,  2731,  2751,  2802,  2828,  2841,  2868,
     2869,  2871,  2875,  2877,  2898,  2899,  2900,  2901,  2902,  2907,  2910,
};

static const uint8_t inter_12_regularKernSparseCols[] = {
      4,   8,  10,  16,  26,  29,  40,  45,  71,  76,  85,  94,  95, 106, 138,  30,
     34,  75,  82,  83,  86,  87,  88,  93,  96, 100, 147, 132, 133, 139,   0,  30,
     32,  33,  35,  48,  49,  54,  57,  78,  86,  87,  88, 100, 107, 131, 132,  40,
     43,  71,  76,  84,  85,  92,  92, 132,   4,   8,  10,  16,  25,  26,  28,  29,
     38,  94,  95,  98, 138,  14,  15,  18,  26,  29,  30,  32,  33,  34,  35,  48,
     50,  61,  78,  86,  87,  88,  96,  97, 100, 107, 131, 132,   0,  12,  13,  15,
     17,  18,  19,  20,  24,  25,  28,  30,  35,  61,  86,  87,  88,  97,  98, 100,
    104, 107, 131, 133, 135, 136, 139,   8,  10,  26,  29,  92, 138,   8,  10,  18,
     26,  32,  34,  35,  38,  46,  96, 103, 105, 107, 131, 132, 134, 138,  46,  48,
     67,  75,  78,  80,  82,  83,  92,  93, 103, 105,  16,   6,   8,  10,  34,  37,
     55,  58,  96, 134, 138,   6,   8,  10,  13,  18,  37,  46,  57,  58,  61, 103,
    105, 138,   6,   8,  10,  13,  37,  46,  57,  58, 103, 105, 138,   8,  10,  38,
    134, 138,   1,   3,   4,   6,   8,  10,  12,  15,  16,  17,  18,  19,  20,  21,
     22,  26,  29,  37,  38,  39,  40,  44,  45,  55,  58,  69,  70,  71,  75,  76,
     79,  82,  83,  85,  93,  94,  95,  97, 106, 134, 138, 147,  30,  32,  86,  87,
     88, 100, 132,  26,  30,  32,  33,  34,  35,  48,  50,  78,  86,  87,  88,  96,
    100, 107, 131, 132, 150,  18,  30,  32,  33,  34,  35,  36,  86,  87,  88,  94,
     95,  96, 100, 107, 131, 132, 150,  26,   8,  10,  11,  26,  30,  32,  33,  34,
     35,  38,  57,  86,  87,  88,  96, 100, 107, 131, 132, 134, 138, 146, 147,   0,
      6,   7,   9,  11,  12,  13,  23,  24,  25,  26,  28,  30,  31,  32,  33,  35,
     37,  40,  42,  46,  48,  49,  52,  54,  55,  56,  57,  58,  61,  62,  64,  68,
     71,  72,  73,  74,  76,  78,  85,  86,  87,  88,  91,  98, 100, 103, 104, 105,
    107, 131, 132, 133, 137, 139, 140, 150,  30,  75,  82,  83,  86,  87,  88,  93,
    100, 132,  26,  34,  38,  75,  82,  83,  93,  96,  75,  82,  83,  92,  93,   8,
     10,  11,  25,  26,  28,  29,  38,  39,  40,  44,  47,  48,  51,  60,  69,  70,
     71,  76,  77,  78,  79,  85,  89,  92,  98, 134, 138, 147,  26,  30,  32,  34,
     35,  75,  82,  83,  86,  87,  88,  92,  93,  96, 100, 107, 131,   8,  10,  11,
     26,  38,  92, 134, 138,   2,   7,   9,  22,  23,  25,  28,  40,  42,  47,  48,
     49,  52,  55,  56,  57,  60,  62,  68,  71,  72,  73,  74,  75,  76,  77,  78,
     82,  83,  85,  89,  91,  92,  93,  98, 104, 137, 151,   0,   6,   7,   9,  13,
     24,  25,  28,  30,  32,  35,  37,  46,  48,  52,  54,  55,  56,  57,  58,  61,
     62,  68,  78,  86,  87,  88,  98, 100, 103, 104, 105, 107, 131, 132, 133, 135,
    136, 137, 139,   4,   7,   8,   9,  10,  26,  29,  30,  39,  40,  44,  52,  56,
     62,  69,  70,  71,  76,  79,  85,  86,  87,  88, 100, 134, 138, 147,  30,  32,
     35,  39,  40,  69,  70,  71,  75,  76,  79,  82,  83,  85,  86,  87,  88,  93,
    100, 107, 131,   4,   7,   8,   9,  10,  11,  12,  16,  18,  21,  22,  23,  25,
     26,  28,  29,  35,  38,  39,  40,  41,  44,  45,  46,  47,  48,  49,  50,  51,
     52,  55,  56,  60,  62,  64,  68,  69,  70,  71,  75,  76,  77,  78,  79,  82,
     83,  85,  89,  92,  93,  94,  95,  98, 103, 104, 105, 106, 107, 131, 134, 137,
    138, 147,   4,   7,   8,   9,  10,  11,  12,  16,  21,  22,  23,  25,  26,  28,
     29,  32,  38,  39,  40,  44,  45,  52,  55,  56,  62,  68,  69,  70,  71,  75,
     76,  79,  82,  83,  85,  92,  93,  94,  95,  98, 104, 106, 134, 137, 138, 146,
    147,   4,   7,   8,   9,  10,  16,  21,  22,  23,  25,  26,  28,  29,  33,  39,
     40,  44,  45,  52,  55,  56,  62,  69,  70,  71,  76,  79,  85,  92,  98, 104,
    106, 134, 138, 146, 147,   2,   7,   9,  12,  15,  16,  19,  22,  23,  25,  28,
     30,  39,  40,  52,  55,  56,  57,  62,  68,  69,  70,  71,  76,  79,  85,  86,
     87,  88,  92,  97,  98,  99, 100, 103, 104, 137, 149,   4,   7,   8,   9,  10,
     16,  21,  22,  23,  25,  26,  28,  29,  30,  39,  40,  42,  44,  45,  47,  52,
     55,  56,  57,  60,  62,  64,  68,  69,  70,  71,  72,  73,  74,  76,  77,  79,
     85,  86,  87,  88,  89,  91,  92,  98, 100, 104, 106, 134, 137, 138, 146, 147,
    151,   7,   9,  22,  25,  28,  52,  55,  56,  62,  75,  82,  83,  92,  93,  98,
    104,  40,  43,  71,  76,  84,  85,  92,   0,   6,   7,   9,  11,  12,  13,  23,
     24,  25,  26,  28,  30,  31,  32,  33,  35,  37,  40,  42,  46,  48,  49,  52,
     54,  55,  56,  57,  58,  61,  62,  64,  68,  71,  72,  73,  74,  76,  78,  85,
     86,  87,  88,  91,  98, 100, 103, 104, 105, 107, 131, 132, 133, 137, 139, 140,
    150,   6,  12,  13,  15,  16,  17,  19,  20,  25,  27,  28,  30,  31,  32,  37,
     42,  43,  44,  48,  58,  61,  72,  73,  74,  78,  81,  84,  86,  87,  88,  90,
     91,  94,  95,  97,  98,  99, 100, 101, 102, 104, 132, 150,   0,  13,  30,  32,
     33,  35,  48,  57,  78,  86,  87,  88, 100, 107, 131, 132, 133, 139,   0,   5,
     13,  26,  30,  32,  33,  34,  35,  39,  48,  49,  50,  51,  54,  57,  69,  70,
     78,  79,  86,  87,  88,  92,  96, 100, 104, 107, 131, 132, 133, 139,   7,   8,
      9,  10,  11,  16,  26,  29,  35,  38,  39,  40,  41,  45,  46,  49,  52,  55,
     56,  62,  68,  69,  70,  71,  75,  76,  79,  82,  83,  85,  92,  93,  94,  95,
    103, 105, 106, 107, 131, 134, 137, 138, 147,  30,  86,  87,  88, 100,   5,  46,
     53,  75,  82,  83,  92,  93, 103, 105,   7,   9,  16,  22,  30,  40,  52,  55,
     56,  62,  71,  76,  85,  86,  87,  88, 100,   7,   8,   9,  10,  11,  22,  26,
     27,  29,  30,  36,  39,  40,  41,  42,  43,  44,  46,  48,  49,  50,  52,  56,
     62,  69,  70,  71,  72,  73,  74,  75,  76,  78,  79,  81,  82,  83,  84,  85,
     86,  87,  88,  90,  91,  93, 100, 101, 102, 103, 105, 132, 133, 134, 138, 139,
    147,   0,  30,  32,  33,  35,  46,  48,  57,  78,  86,  87,  88, 100, 103, 104,
    105, 107, 131, 132, 134,   7,   9,  16,  22,  30,  32,  33,  35,  39,  40,  41,
     43,  45,  46,  48,  49,  52,  56,  62,  68,  69,  70,  71,  76,  78,  79,  84,
     85,  86,  87,  88,  92, 100, 103, 105, 106, 107, 131, 132, 133, 137, 139, 147,
      7,   9,  11,  22,  30,  35,  38,  52,  56,  62,  80,  86,  87,  88, 100, 107,
    131, 132, 133, 139, 147,   7,   8,   9,  10,  11,  22,  23,  26,  27,  29,  30,
     35,  38,  39,  40,  41,  45,  46,  52,  55,  56,  62,  69,  70,  71,  76,  79,
     81,  85,  86,  87,  88,  90,  92, 100, 101, 102, 103, 105, 106, 107, 131, 133,
    134, 138, 139, 147,   4,   8,  10,  26,  29,  30,  36,  40,  55,  71,  76,  85,
     86,  87,  88, 100, 133, 134, 138, 139,   7,   9,  23,  30,  39,  40,  41,  46,
     52,  55,  56,  62,  69,  70,  71,  76,  79,  85,  86,  87,  88, 100, 103, 105,
     30,  40,  71,  76,  85,  86,  87,  88, 100,  14,  15,  18,  26,  29,  30,  32,
     33,  34,  35,  48,  50,  61,  78,  86,  87,  88,  96,  97, 100, 107, 131, 132,
     30,  32,  35,  86,  87,  88, 100, 107, 131, 132,  42,  72,  73,  74,  91,  92,
      4,  26,  29,  40,  71,  76,  85,  26,  30,  35,  86,  87,  88, 100, 107, 131,
      4,  16,  25,  26,  28,  29,  34,  35,  39,  40,  45,  69,  70,  71,  76,  79,
     85,  96,  98, 106, 107, 131, 141,   7,   9,  11,  22,  30,  35,  38,  52,  56,
     62,  80,  86,  87,  88, 100, 107, 131, 132, 133, 139, 147,  14,  15,  18,  26,
     29,  30,  32,  33,  34,  35,  48,  50,  61,  78,  86,  87,  88,  96,  97, 100,
    107, 131, 132,  13,  14,  15,  18,  19,  26,  30,  32,  33,  34,  35,  36,  48,
     49,  50,  78,  86,  87,  88,  94,  95,  96,  97, 100, 107, 131, 132,  30,  32,
     33,  86,  87,  88, 100, 132, 133, 139,  75,  82,  83,  92,  93,  26,  30,  32,
     34,  35,  86,  87,  88,  96, 100, 107, 131, 150,   8,  10,  26,  29,  30,  32,
     36,  86,  87,  88, 100, 132, 134, 138,  30,  75,  82,  83,  86,  87,  88,  93,
    100, 132,  30,  86,  87,  88, 100,   5,  46,  53,  75,  82,  83,  92,  93, 103,
    105,  13,  18,  27,  30,  32,  36,  41,  42,  43,  44,  46,  66,  72,  73,  74,
     75,  81,  82,  83,  84,  86,  87,  88,  90,  91,  92,  93, 100, 103, 105,   0,
     13,  30,  32,  33,  35,  48,  57,  78,  86,  87,  88, 100, 107, 131, 132, 133,
    139,   0,   5,  13,  26,  30,  32,  33,  34,  35,  39,  48,  49,  50,  51,  54,
     57,  69,  70,  78,  79,  86,  87,  88,  92,  96, 100, 104, 107, 131, 132, 133,
    139,   0,  13,  30,  32,  33,  35,  48,  57,  78,  86,  87,  88, 100, 107, 131,
    132, 133, 139,   0,   5,   6,  13,  18,  27,  30,  37,  42,  43,  44,  54,  57,
     58,  72,  73,  74,  75,  81,  82,  83,  84,  86,  87,  88,  90,  91,  92,  93,
    100, 132, 147,  27,  30,  42,  43,  72,  73,  74,  75,  81,  82,  83,  84,  86,
     87,  88,  90,  91,  92,  93, 100,  13,  18,  27,  30,  32,  36,  41,  42,  43,
     44,  46,  66,  72,  73,  74,  75,  81,  82,  83,  84,  86,  87,  88,  90,  91,
     92,  93, 100, 103, 105,  13,  18,  27,  30,  32,  36,  41,  42,  43,  44,  46,
     66,  72,  73,  74,  75,  81,  82,  83,  84,  86,  87,  88,  90,  91,  92,  93,
    100, 103, 105,  13,  18,  27,  30,  32,  36,  41,  42,  43,  44,  46,  66,  72,
     73,  74,  75,  81,  82,  83,  84,  86,  87,  88,  90,  91,  92,  93, 100, 103,
    105,   5,  46,  53,  75,  82,  83,  92,  93, 103, 105,   0,   6,   7,   9,  13,
     24,  25,  28,  30,  32,  35,  37,  46,  48,  52,  54,  55,  56,  57,  58,  61,
     62,  68,  78,  86,  87,  88,  98, 100, 103, 104, 105, 107, 131, 132, 133, 135,
    136, 137, 139,  46,  48,  67,  75,  78,  80,  82,  83,  92,  93, 103, 105,   0,
      6,   7,   9,  13,  24,  25,  28,  30,  32,  35,  37,  46,  48,  52,  54,  55,
     56,  57,  58,  61,  62,  68,  78,  86,  87,  88,  98, 100, 103, 104, 105, 107,
    131, 132, 133, 135, 136, 137, 139,  35, 107, 131,  46,  48,  67,  75,  78,  80,
     82,  83,  92,  93, 103, 105,   0,   6,   7,   9,  13,  24,  25,  28,  30,  32,
     35,  37,  46,  48,  52,  54,  55,  56,  57,  58,  61,  62,  68,  78,  86,  87,
     88,  98, 100, 103, 104, 105, 107, 131, 132, 133, 135, 136, 137, 139,  46,  48,
     67,  75,  78,  80,  82,  83,  92,  93, 103, 105,   4,   7,   8,   9,  10,  11,
     12,  16,  18,  21,  22,  23,  25,  26,  28,  29,  35,  38,  39,  40,  41,  44,
     45,  46,  47,  48,  49,  50,  51,  52,  55,  56,  60,  62,  64,  68,  69,  70,
     71,  75,  76,  77,  78,  79,  82,  83,  85,  89,  92,  93,  94,  95,  98, 103,
    104, 105, 106, 107, 131, 134, 137, 138, 147,   4,   7,   8,   9,  10,  11,  12,
     16,  18,  21,  22,  23,  25,  26,  28,  29,  35,  38,  39,  40,  41,  44,  45,
     46,  47,  48,  49,  50,  51,  52,  55,  56,  60,  62,  64,  68,  69,  70,  71,
     75,  76,  77,  78,  79,  82,  83,  85,  89,  92,  93,  94,  95,  98, 103, 104,
    105, 106, 107, 131, 134, 137, 138, 147,   4,   7,   8,   9,  10,  11,  12,  16,
     18,  21,  22,  23,  25,  26,  28,  29,  35,  38,  39,  40,  41,  44,  45,  46,
     47,  48,  49,  50,  51,  52,  55,  56,  60,  62,  64,  68,  69,  70,  71,  75,
     76,  77,  78,  79,  82,  83,  85,  89,  92,  93,  94,  95,  98, 103, 104, 105,
    106, 107, 131, 134, 137, 138, 147,  39,  40,  41,  44,  45,  46,  47,  48,  49,
     50,  51,  60,  69,  70,  71,  76,  77,  78,  79,  85,  89, 103, 105, 106,   8,
     10,  26, 138,   8,  10, 138,  30,  86,  87,  88, 100,  40,  46,  48,  71,  76,
     78,  85, 103, 105,  30,  40,  71,  76,  85,  86,  87,  88, 100,   5,  46,  53,
     75,  82,  83,  92,  93, 103, 105,   0,   5,  13,  26,  30,  32,  33,  34,  35,
     39,  48,  49,  50,  51,  54,  57,  69,  70,  78,  79,  86,  87,  88,  92,  96,
    100, 104, 107, 131, 132, 133, 139,  92,   7,   9,  11,  22,  30,  35,  38,  52,
     56,  62,  80,  86,  87,  88, 100, 107, 131, 132, 133, 139, 147,  75,  82,  83,
     92,  93,   5,  46,  53,  75,  82,  83,  92,  93, 103, 105,  13,  18,  27,  30,
     32,  36,  41,  42,  43,  44,  46,  66,  72,  73,  74,  75,  81,  82,  83,  84,
     86,  87,  88,  90,  91,  92,  93, 100, 103, 105,  30,  38,  86,  87,  88,  94,
     95, 100,   2,   7,   9,  12,  15,  16,  19,  22,  23,  25,  28,  30,  39,  40,
     52,  55,  56,  57,  62,  68,  69,  70,  71,  76,  79,  85,  86,  87,  88,  92,
     97,  98,  99, 100, 103, 104, 137, 149,   8,  10,  11,  26,  30,  32,  33,  34,
     35,  38,  57,  86,  87,  88,  96, 100, 107, 131, 132, 134, 138, 146, 147,   8,
     10,  38, 134, 138,   0,   6,   7,   8,   9,  10,  12,  16,  19,  37,  40,  41,
     46,  48,  49,  52,  56,  58,  61,  62,  71,  76,  78,  85, 103, 104, 105, 133,
    138, 139,   7,   8,   9,  10,  11,  22,  26,  27,  29,  30,  36,  39,  40,  41,
     42,  43,  44,  46,  48,  49,  50,  52,  56,  62,  69,  70,  71,  72,  73,  74,
     75,  76,  78,  79,  81,  82,  83,  84,  85,  86,  87,  88,  90,  91,  93, 100,
    101, 102, 103, 105, 132, 133, 134, 138, 139, 147,   5,  30,  32,  34,  35,  46,
     48,  49,  50,  54,  78,  86,  87,  88,  96, 100, 103, 105, 107, 131, 132,   4,
      7,   8,   9,  10,  16,  21,  22,  23,  25,  26,  28,  29,  30,  39,  40,  42,
     44,  45,  47,  52,  55,  56,  57,  60,  62,  64,  68,  69,  70,  71,  72,  73,
     74,  76,  77,  79,  85,  86,  87,  88,  89,  91,  92,  98, 100, 104, 106, 134,
    137, 138, 146, 147, 151, 116, 118, 119, 125, 127, 129, 111, 117, 122, 125, 128,
    109, 115, 116, 118, 119, 121, 125, 109, 112, 115, 117, 118, 120, 121, 122, 124,
    125, 128, 109, 115, 120, 122, 125, 128, 109, 111, 115, 117, 118, 124, 125, 126,
    127, 128, 109, 112, 114, 115, 118, 120, 121, 122, 125, 128, 130, 115, 118, 121,
    122, 124, 125, 109, 110, 115, 117, 118, 122, 124, 125, 129, 130, 118, 120, 121,
    122, 125, 115, 116, 118, 115, 117, 119, 122, 124, 125, 128, 115, 122, 117, 118,
    119, 122, 124, 125, 129, 108, 109, 111, 116, 120, 122, 125, 109, 115, 117, 118,
    121, 122, 124, 125, 128, 130, 109, 115, 118, 120, 122, 125, 128, 111, 113, 116,
    118, 119, 121, 122, 123, 125, 129,   5,  46,  53,  75,  82,  83,  92,  93, 103,
    105,   0,   5,  13,  26,  30,  32,  33,  34,  35,  39,  48,  49,  50,  51,  54,
     57,  69,  70,  78,  79,  86,  87,  88,  92,  96, 100, 104, 107, 131, 132, 133,
    139,   8,  10,  92, 138,   4,   7,   8,   9,  10,  16,  21,  22,  23,  25,  26,
     28,  29,  30,  39,  40,  42,  44,  45,  47,  52,  55,  56,  57,  60,  62,  64,
     68,  69,  70,  71,  72,  73,  74,  76,  77,  79,  85,  86,  87,  88,  89,  91,
     92,  98, 100, 104, 106, 134, 137, 138, 146, 147, 151,   4,   8,  10,  11,  16,
     26,  29,  40,  45,  65,  71,  76,  85,  94,  95, 101, 102, 106, 134, 138,   1,
      4,   7,   8,   9,  10,  11,  12,  16,  18,  19,  21,  22,  23,  25,  26,  28,
     29,  38,  39,  40,  44,  45,  46,  47,  48,  52,  55,  56,  60,  61,  62,  65,
     69,  70,  71,  76,  77,  78,  79,  85,  89,  94,  95,  98, 101, 102, 103, 105,
    106, 138,  13,  30,  32,  33,  35,  39,  48,  69,  70,  78,  79,  86,  87,  88,
     94,  95,  99, 100, 101, 102, 103, 107, 131, 132, 133, 139,  26,  30,  32,  34,
     35,  86,  87,  88,  96, 100, 107, 131, 150,   0,  12,  13,  15,  17,  18,  19,
     20,  24,  25,  28,  30,  35,  61,  86,  87,  88,  97,  98, 100, 104, 107, 131,
    133, 135, 136, 139, 144,  63, 142, 141, 142, 143, 145,  59, 142,  13,  25,  28,
     30,  32,  33,  35,  43,  48,  78,  84,  86,  87,  88,  98,  99, 100, 107, 131,
    147, 148, 146, 147,  92,  12,   8,  10,  11,  38, 138, 152, 153, 154,
};

static const int8_t inter_12_regularKernSparseValues[] = {
     -13,  -33,  -33,  -25,  -32,  -66,   -9,   -3,   -9,   -9,   -9,  -18,  -18,   -3,  -33,   -3,
      -4,   18,   18,   18,   -3,   -3,   -3,   18,   -4,   -3,  -26,  -25,  -27,  -27,  -13,  -23,
     -25,  -16,  -29,  -13,  -13,  -16,   -9,  -13,  -23,  -23,  -23,  -23,  -29,  -29,  -36,   -4,
      11,   -4,   -4,   11,   -4,   57,    3,  -13,  -13,  -54,  -54,  -18,   -4,  -32,   -4,  -38,
     -27,  -13,  -13,   -4,  -54,  -13,   -4,   -9,  -13,  -18,  -29,  -20,  -20,  -15,  -32,   -1,
      -9,   -7,   -1,  -43,  -43,  -29,  -58,  -25,  -57,  -32,  -32,  -25,  -33,  -10,  -36,   -9,
      -6,   -6,   -8,   -3,  -40,  -18,  -18,  -13,  -13,  -21,  -13,  -13,  -13,   -9,  -18,  -13,
     -18,  -13,  -27,  -23,  -54,  -54,  -23,  -16,  -16,  -10,  -25,   27,  -16,  -10,  -10,   -8,
      -2,   -5,  -14,  -13,  -18,    6,  -14,    6,    6,  -13,  -13,  -18,  -20,  -10,    5,    2,
      13,   25,    2,   13,   25,   25,   19,   25,    5,    5,   -6,   -7,   -9,   -9,   -8,   -7,
     -13,   -7,   -8,  -20,   -9,  -10,  -13,  -13,  -10,   -4,  -10,   -2,   -2,  -10,  -16,   -2,
      -2,  -13,   -2,  -11,  -11,   -2,   -2,   -1,   -2,   -2,   -1,   -1,  -11,  -13,  -13,  -18,
     -18,  -13,  -23,    1,  -18,    2,  -50,  -50,   -6,   -7,  -23,   -4,    8,   -6,   -4,  -13,
     -36,  -43,  -38,    2,  -63,  -18,  -20,  -20,  -18,  -25,    2,  -18,  -18,  -20,   36,  -20,
     -18,   36,   36,  -20,   36,  -41,  -41,   -7,  -18,  -57,  -50,  -36,  -13,  -25,  -13,  -13,
     -13,  -34,  -18,  -20,  -18,  -27,  -25,  -20,  -38,  -16,  -13,  -16,  -18,  -18,  -18,  -20,
     -18,  -38,  -38,  -23,  -16,  -29,  -32,  -29,  -29,  -23,  -36,  -25,  -32,  -32,  -32,  -13,
     -13,  -20,  -29,  -36,  -36,  -38,  -29,  -25,  -18,  -18,  -16,  -13,  -13,  -13,   -2,  -16,
     -15,  -16,   -2,  -13,  -13,  -13,  -36,  -27,  -15,  -15,  -13,  -16,  -18,  -16,  -40,  -32,
     -32,  -13,  -13,    8,   -2,  -17,  -20,  -25,  -13,    5,  -13,  -35,  -10,  -30,  -23,  -32,
     -32,   -2,    2,   -9,  -27,  -27,  -13,  -29,  -13,  -13,  -28,  -32,  -20,  -13,  -13,  -13,
      -2,    2,    2,    2,   -2,  -27,   -2,  -35,  -35,  -58,    2,  -13,  -35,   -9,  -28,   -9,
     -32,  -32,  -52,  -41,  -13,  -41,   -3,  -20,  -21,   13,   13,   13,  -21,  -21,  -21,   13,
     -21,  -20,   -7,   -2,  -16,   13,   13,   13,   13,   -2,   29,   29,   29,   22,   29,  -16,
     -29,   -1,   -1,  -36,   -1,  -27,  -13,   -9,  -13,  -10,  -13,  -13,  -13,  -13,   -9,   -9,
     -13,  -13,  -13,  -13,   -9,  -13,  -13,   46,   -1,  -48,  -50,  -23,   -9,  -12,   -9,   -2,
      -9,   13,   13,   13,  -12,  -12,  -12,    9,   13,   -2,  -12,   -9,   -9,  -13,  -13,  -23,
     -10,  -20,   19,  -32,  -13,   -5,  -43,  -43,  -27,  -13,  -14,  -14,  -16,    5,  -13,  -16,
     -25,  -43,  -20,  -63,   -6,  -13,  -61,  -13,  -16,    5,    5,    5,   34,  -16,  -13,  -16,
      34,   34,  -16,  -13,    5,   34,   34,  -14,  -41,  -13,  -13,  -36,  -68,  -34,  -54,  -18,
      -7,  -11,  -11,  -39,  -27,  -23,  -52,   -9,  -27,  -50,  -38,  -25,  -86,  -32,  -70,  -35,
     -59,  -13,  -27,  -39,  -39,  -39,  -11,  -39,   -9,  -60,   -9,  -23,  -45,  -34,  -16,  -18,
     -18,  -13,  -43,  -13,  -18,  -16,  -18,  -29,  -29,  -38,   -1,   -2,   -4,   -1,  -18,  -18,
     -18,   -2,   -2,   -4,   -4,   -2,   -4,   -1,   -1,   -1,   -1,  -57,  -54,  -32,   -2,   -7,
     -10,   -2,   -6,   -2,   -2,   -6,   18,   -6,   -2,   18,   18,   -6,   -2,   -2,   -2,   18,
      -2,  -10,  -10,  -13,  -29,  -13,  -29,  -13,  -52,  -13,  -27,  -32,  -13,  -32,  -13,  -13,
     -35,  -13,  -36,    6,  -23,  -33,  -35,   -1,  -26,  -33,  -33,  -31,  -29,  -29,  -28,  -23,
     -29,  -52,  -29,  -72,  -61,  -20,  -13,  -49,  -49,  -55,   36,  -55,  -55,  -43,  -33,   36,
      36,  -35,  -47,   51,   36,  -53,  -53,  -13,  -33,  -25,  -33,  -33,    6,    6,  -48,  -13,
     -47,  -50,  -20,  -20,  -38,  -20,  -38,  -19,   -5,  -13,  -25,  -29,  -25,  -27,  -30,  -13,
     -38,    7,  -32,  -21,  -22,   -4,  -18,  -20,  -23,  -45,  -36,  -16,  -21,  -37,  -22,   34,
     -40,  -21,   34,   34,  -22,   16,   34,  -49,  -49,  -13,   -6,  -18,  -45,  -16,  -38,  -53,
     -61,  -20,  -20,  -38,  -20,  -38,  -13,  -20,  -29,  -25,   -2,  -23,   -2,  -25,    9,  -20,
     -20,  -12,  -13,  -20,  -23,  -20,  -34,  -20,  -20,  -20,  -20,  -20,  -20,   34,   -2,  -12,
     -13,  -43,  -38,  -35,  -43,   -4,  -15,  -15,  -14,   -8,  -16,   -8,  -23,  -20,  -16,  -16,
     -12,  -23,  -11,  -29,  -16,  -35,   -3,  -33,  -18,  -23,  -23,  -11,  -11,  -23,  -11,  -12,
     -12,  -12,   34,   -8,  -36,  -13,  -12,  -25,  -32,  -18,  -13,  -25,  -32,  -13,  -32,  -13,
     -27,  -25,  -41,  -38,  -15,  -32,  -15,  -13,    6,  -31,  -33,  -11,  -18,  -27,  -16,  -32,
     -36,  -52,   -3,  -16,  -52,  -25,  -34,  -58,  -49,  -33,  -11,  -23,  -11,  -33,  -16,  -51,
     -55,    6,    6,    6,  -16,  -11,   34,  -15,    6,  -23,  -27,  -43,  -16,  -52,  -60,  -71,
     -13,  -16,  -16,  -25,  -13,  -13,  -16,  -13,  -16,  -29,   34,   34,   34,   13,   34,  -13,
     -12,   -4,   11,   -4,   -4,   11,   -4,   34,  -32,  -32,  -13,  -13,    8,   -2,  -17,  -20,
     -25,  -13,    5,  -13,  -51,  -10,  -49,  -46,  -32,  -32,   -2,    2,   -9,  -47,  -27,  -13,
     -29,  -13,  -13,  -28,  -32,  -20,  -13,  -13,  -13,   -2,    2,    2,    2,   -2,  -47,   -2,
     -51,  -51,  -51,    2,  -13,  -51,   -9,  -28,   -9,  -32,  -32,  -69,  -63,  -13,  -63,   -3,
     -20,  -27,  -18,  -43,  -18,  -23,  -18,  -18,  -18,  -16,   11,  -16,  -23,  -16,  -32,  -27,
      11,   38,   11,  -32,  -27,  -18,   11,   11,   11,  -32,   11,   38,  -23,  -23,  -23,   11,
      11,   23,   23,  -18,  -16,  -43,  -20,   18,   18,   -4,  -16,  -20,   -4,  -16,  -30,  -20,
     -20,  -29,   -7,   -3,   -7,  -30,  -30,  -30,  -30,  -29,  -29,  -18,  -10,  -10,   -9,   -4,
     -13,  -12,  -36,  -22,  -20,  -11,  -35,    4,   -8,   -7,  -10,   -6,  -13,   -4,    4,    4,
      -8,    4,  -36,  -36,  -36,   14,  -11,  -36,   -5,  -69,  -35,  -25,   -9,   -9,  -11,  -23,
     -11,  -23,  -11,  -25,  -13,  -25,    4,   -6,   -6,  -10,  -15,   -9,  -14,    7,  -11,  -16,
     -11,  -11,   -9,   -6,   -6,  -10,   40,  -10,   -6,   40,   56,  -10,   18,   54,  -28,  -28,
     -14,  -14,   -9,    4,    4,  -36,   -9,  -23,  -16,  -20,  -20,  -20,  -20,  -20,    3,    1,
       3,   28,   41,   28,   34,   41,    1,    1,  -18,  -18,  -18,  -34,  -23,   -9,  -18,  -20,
     -45,  -18,   -9,   -9,   -9,  -23,  -23,  -23,  -23,  -16,  -25,  -16,  -25,  -13,  -16,  -16,
       4,  -23,  -23,  -13,   -1,   -6,    6,    3,    5,    5,    6,    6,    3,    5,  -16,  -29,
     -16,   -1,   -1,   -6,    3,    3,    3,   11,   -6,    6,   -1,    4,   11,   11,    5,   -6,
     -23,  -23,  -23,    4,    3,   11,  -23,   -9,   -9,    6,    6,  -16,    6,  -32,  -25,    6,
     -20,   -3,  -29,  -18,  -13,  -29,    1,   -1,   -3,   -1,  -29,  -29,  -29,  -29,    1,   -1,
       1,  -29,  -29,  -20,   -4,   -8,   -8,   -6,  -11,  -13,   -4,   -4,   -6,    3,   -4,   -8,
       4,   -4,   -3,    9,    7,   -8,   -8,   -8,   -4,    3,    3,   -4,   -4,    9,    3,    4,
      -4,  -13,  -13,  -13,   18,  -13,   -3,   -3,   -4,   -6,   -6,  -16,    3,   -4,    3,   13,
     -16,  -16,  -13,  -16,  -20,  -23,  -13,  -16,  -29,  -16,    3,  -20,  -50,  -20,  -20,  -23,
     -23,  -16,    6,    6,  -25,  -13,  -19,  -13,  -19,  -23,  -13,  -16,  -27,    2,  -25,  -13,
     -13,  -32,   -3,   -8,    6,   -1,    6,  -13,  -16,  -13,  -13,   -3,   -3,   -8,   -8,   -3,
       2,   -8,  -13,  -38,  -13,    2,    3,  -13,  -18,  -18,    6,    6,   -1,  -13,  -13,    3,
     -32,  -49,    3,  -20,  -13,  -29,  -29,  -27,  -23,  -20,  -13,   -7,  -13,   -7,   -7,   -7,
     -20,  -20,  -20,  -20,    4,  -32,  -29,    4,   -9,   -9,  -13,  -25,   -1,  -10,    7,    7,
      -9,  -13,   -9,   -9,   -1,   -1,  -10,  -10,   -1,  -10,  -25,  -25,  -25,  -25,    7,    7,
     -13,   -6,   -6,   -6,   -6,  -13,  -13,  -13,  -13,  -13,   -4,   -9,  -13,  -18,  -29,  -20,
     -20,  -29,  -32,   -1,   -9,   -7,   -1,  -43,  -43,  -29,  -29,  -25,  -57,  -32,  -32,  -25,
     -27,  -13,  -27,  -27,  -27,  -27,  -27,  -27,  -27,  -13,   13,   13,   13,   13,   13,   18,
     -16,  -29,  -29,  -13,  -13,  -13,  -13,  -13,  -20,  -25,  -20,  -20,  -20,  -47,  -25,  -25,
     -13,  -20,   -2,  -28,   -2,  -28,   -3,   -3,   -4,  -11,   -4,   -4,   -4,  -11,  -11,   -4,
     -11,   -3,   -2,   -4,   -3,   -3,   -4,  -16,  -16,  -13,  -16,  -20,  -23,  -13,  -16,  -29,
     -16,    3,  -20,  -50,  -20,  -20,  -23,  -23,  -36,    6,    6,  -25,  -13,   -4,   -9,  -13,
     -18,  -61,  -36,  -20,  -33,  -52,   -1,   -9,   -7,   -1,  -61,  -61,  -61,  -33,  -25,  -61,
     -52,  -52,  -25,  -16,  -20,  -18,  -20,  -13,  -13,  -52,  -25,  -23,  -16,  -36,  -13,  -13,
     -13,  -13,  -13,  -52,  -52,  -52,  -13,  -13,  -36,  -18,  -79,  -36,  -36,  -34,  -27,  -33,
     -29,  -27,  -27,  -27,  -27,  -25,  -13,  -13,    9,    9,    9,   16,    9,  -13,  -36,  -16,
     -18,  -18,  -36,  -36,  -36,  -18,  -36,  -18,  -18,  -13,  -41,  -41,  -16,  -16,  -23,  -20,
     -16,  -23,  -23,  -23,  -23,  -23,  -50,  -41,  -21,   13,   13,   13,  -21,  -21,  -21,   13,
     -21,  -47,  -32,  -32,  -32,  -32,  -32,    3,    1,    3,   41,   44,   41,   29,   41,    1,
       1,   18,   36,   25,   36,   34,   36,   16,   28,   28,   11,   20,    9,   41,   28,   41,
      69,   25,   69,   69,   41,   36,   36,   36,   55,   41,   20,   69,   36,   20,   20,   -4,
     -16,  -50,  -20,  -20,  -29,   -7,   -3,   -7,  -50,  -50,  -50,  -50,  -29,  -29,  -18,  -10,
     -10,   -9,   -4,  -13,  -12,  -56,  -22,  -20,  -11,  -35,    4,   -8,   -7,  -10,   -6,  -13,
      -4,    4,    4,   -8,    4,  -56,  -56,  -56,   14,  -11,  -56,   -5,  -69,  -35,  -25,   -9,
      -9,   -4,  -16,  -59,  -20,  -20,  -29,   -7,   -3,   -7,  -59,  -59,  -59,  -59,  -29,  -29,
     -18,  -10,  -10,   13,   39,   23,   18,   18,   13,   16,   23,   16,   11,   11,   17,    7,
      23,   16,   16,   35,   20,   13,   20,   20,   11,   16,   16,   16,   13,   36,   18,   20,
      16,   13,  -16,   13,   13,   13,   16,   13,   13,   16,   16,   16,   16,   16,   16,   13,
      13,   13,   13,   13,   16,   16,   13,   18,   36,   25,   36,   34,   36,   16,   44,   41,
      11,   20,    9,   44,   44,   44,   69,   25,   69,   69,   41,   36,   36,   36,   55,   44,
      43,   69,   36,   20,   20,   18,   36,   25,   36,   34,   36,   16,   44,   44,   11,   20,
       9,   44,   44,   44,   69,   25,   69,   69,   44,   36,   36,   36,   55,   44,   20,   69,
      36,   20,   20,   18,   36,   25,   36,   34,   36,   16,   44,   28,   11,   20,    9,   44,
      44,   44,   69,   25,   69,   69,   41,   36,   36,   36,   55,   44,   20,   69,   36,   20,
      20,    3,    1,    3,   41,   44,   41,   29,   44,    1,    1,  -36,  -70,  -54,  -54,  -18,
      -7,  -11,  -11,  -39,  -27,  -23,  -70,   -9,  -27,  -52,  -38,  -25,  -54,  -32,  -70,  -35,
     -54,  -13,  -27,  -39,  -39,  -39,  -11,  -39,   -9,  -60,   -9,  -23,  -45,  -34,  -16,  -18,
     -18,  -13,  -43,    5,    2,   13,   25,    2,   13,   25,   25,   35,   25,    5,    5,  -36,
     -68,  -50,  -50,  -18,   -7,  -11,  -11,  -39,  -27,  -23,  -52,   -9,  -27,  -47,  -38,  -25,
     -50,  -32,  -70,  -35,  -50,  -13,  -27,  -39,  -39,  -39,  -11,  -39,   -9,  -60,   -9,  -23,
     -45,  -34,  -16,  -18,  -18,  -13,  -43,  -13,  -13,  -13,    5,    2,   27,   25,    2,   13,
      25,   25,   19,   25,    5,    5,  -36,  -66,  -34,  -54,  -18,   -7,  -11,  -11,  -39,  -27,
     -45,  -66,   -9,  -27,  -50,  -38,  -25,  -86,  -32,  -66,  -35,  -59,  -13,  -27,  -39,  -39,
     -39,  -11,  -39,   -9,  -60,   -9,  -45,  -45,  -34,  -29,  -18,  -18,  -13,  -29,   13,    2,
      27,   25,    2,   13,   25,   25,   19,   25,   13,   13,  -13,  -43,  -13,  -43,  -13,  -52,
     -13,  -27,  -32,  -13,  -32,  -13,  -13,  -35,  -13,  -36,    6,  -23,  -33,  -35,   -1,  -26,
     -33,  -33,  -45,  -29,  -29,  -56,  -37,  -43,  -52,  -43,  -45,  -43,  -20,  -13,  -49,  -49,
     -55,   36,  -55,  -45,  -43,  -33,   36,   36,  -35,  -45,   51,   36,  -53,  -53,  -13,  -33,
     -25,  -33,  -33,    6,    6,  -48,  -13,  -47,  -50,  -13,  -43,  -13,  -43,  -13,  -52,  -13,
     -27,  -32,  -13,  -32,  -13,  -13,  -35,  -13,  -36,    6,  -23,  -33,  -35,   -1,  -26,  -33,
     -33,  -31,  -29,  -29,  -28,  -23,  -43,  -52,  -43,  -72,  -43,  -20,  -13,  -49,  -49,  -55,
      36,  -55,  -55,  -43,  -33,   36,   36,  -35,  -47,   51,   36,  -53,  -53,  -13,  -33,  -25,
     -33,  -33,    6,    6,  -48,  -13,  -47,  -50,  -13,  -29,  -13,  -29,  -13,  -52,  -13,  -27,
     -32,  -13,  -32,  -13,  -13,  -58,  -13,  -84,    6,  -23,  -33,  -35,   -1,  -26,  -33,  -33,
     -31,  -29,  -29,  -28,  -23,  -29,  -52,  -29,  -72,  -61,  -20,  -13,  -49,  -49,  -55,   36,
     -55,  -55,  -43,  -33,   36,   36,  -35,  -47,   51,   36,  -53,  -53,  -13,  -33,  -25,  -33,
     -33,    6,    6,  -48,  -13,  -47,  -79,  -21,  -25,  -12,  -21,  -21,  -11,  -21,  -21,  -21,
     -21,  -21,  -21,  -21,  -21,  -25,  -25,  -21,  -21,  -21,  -25,  -21,  -11,  -11,  -21,  -18,
     -18,  -14,  -18,  -18,  -18,  -18,   16,   16,   16,   16,   16,  -14,   12,    6,  -14,  -14,
       6,  -14,   12,   12,  -29,   -6,   -6,   -6,   -6,  -29,  -29,  -29,  -29,    3,    1,    3,
      41,   41,   41,   47,   41,    1,    1,   -9,   -4,  -13,  -12,  -67,  -22,  -20,  -11,  -35,
       4,   -8,   -7,  -10,   -6,  -13,   -4,    4,    4,   -8,    4,  -67,  -67,  -67,   14,  -11,
     -67,   -5,  -69,  -35,  -25,   -9,   -9,   13,  -16,  -16,  -13,  -16,  -38,  -23,  -13,  -16,
     -29,  -16,    3,  -38,  -38,  -38,  -38,  -23,  -23,  -16,    6,    6,  -25,    9,    9,    9,
      29,    9,    3,    1,    3,   41,   41,   41,   34,   41,    1,    1,   18,   36,   25,   36,
      34,   36,   16,   41,   44,   11,   20,    9,   41,   41,   41,   69,   25,   69,   69,   44,
      36,   36,   36,   55,   41,   38,   85,   36,   20,   20,  -14,   25,  -14,  -14,  -14,   11,
      11,  -14,   -4,  -58,  -58,  -14,   -8,  -16,   -8,  -20,  -20,  -16,  -16,  -12,  -23,  -11,
     -58,  -36,  -58,   -3,  -58,  -18,  -23,  -23,  -11,  -11,  -23,  -11,  -12,  -12,  -12,   34,
      -8,  -36,  -13,  -12,  -25,  -32,  -18,  -13,  -18,  -18,  -16,  -13,  -13,  -13,   -2,  -16,
     -15,  -16,   -2,  -13,  -13,  -13,  -36,  -27,  -15,  -15,  -13,  -36,  -18,  -16,  -40,  -18,
     -18,  -16,  -13,  -18,  -11,  -11,  -11,    6,  -11,    6,   -4,   -9,   -4,  -11,   -5,  -10,
     -10,   -8,  -10,  -11,  -11,  -11,  -10,  -11,   -5,   -5,   -8,   -5,  -10,   -6,  -10,  -11,
       6,  -11,  -16,  -50,  -16,  -50,  -13,  -16,  -16,    4,  -23,  -23,  -13,   -1,   -6,    6,
       3,    5,    5,    6,    6,    3,    5,  -16,  -29,  -16,   -1,   -1,   -6,    3,    3,    3,
      11,   -6,    6,   -1,    4,   11,   11,    5,   -6,  -23,  -23,  -23,    4,    3,   11,  -23,
      -9,   -9,    6,    6,  -16,    6,  -61,  -50,    6,  -20,  -11,  -40,  -40,  -11,  -68,  -10,
     -11,  -11,   -9,  -23,  -11,  -40,  -40,  -40,  -11,  -40,  -10,  -46,  -68,  -68,  -28,  -25,
     -32,  -13,  -32,  -13,  -27,  -25,  -41,  -38,  -15,  -32,  -15,  -13,    6,  -31,  -64,  -11,
     -18,  -27,  -16,  -32,  -36,  -52,   -3,  -16,  -52,  -25,  -34,  -58,  -49,  -64,  -11,  -23,
     -11,  -64,  -16,  -51,  -64,    6,    6,    6,  -16,  -11,   34,  -15,    6,  -23,  -27,  -43,
     -16,  -52,  -60,  -71,  -13,   -8,   -2,   -2,   -8,   -4,   -8,   -5,   -8,  -13,  -13,  -10,
       2,   -8,  -13,   -5,   -6,   -9,  -10,  -16,   -8,   -8,  -20,  -14,  -10,   -5,  -13,  -20,
     -14,  -14,   -2,   -6,   -4,   -3,   -8,   -4,   -8,   -5,   -8,   -8,   -2,   -4,   -9,   -8,
      -8,   -5,  -26,   -8,   -3,   -3,   -3,  -12,   -3,   -3,   -9,   -8,   -8,   -8,   -5,   -6,
      -6,  -10,  -10,  -16,   -2,   -8,  -12,  -10,   -8,  -15,   -6,    8,   -2,   -8,   -5,   -8,
      -9,  -11,   -6,   -6,  -10,   -2,  -12,   -2,   -2,  -12,   -5,   -4,   -3,  -10,   -3,   -8,
      -3,   -3,  -11,   -2,   -3,   -5,  -10,   -8,   -8,  -10,  -13,  -10,  -16,   -8,   -6,   -8,
      -3,   -4,  -12,   -4,   -8,   -9,  -10,   -2,  -10,   -3,   -4,   -3,   -3,  -18,  -20,   -6,
      -8,   -2,  -14,  -16,  -16,  -10,   -8,    3,    1,    3,   28,   41,   28,   29,   41,    1,
       1,   -9,   -4,  -13,  -12,  -36,  -22,  -20,  -11,  -35,    4,   -8,   -7,  -10,   -6,  -13,
      -4,    4,    4,   -8,    4,  -36,  -36,  -36,   28,  -11,  -36,   -5,  -69,  -35,  -25,   -9,
      -9,  -13,  -13,   16,  -13,  -25,  -32,  -27,  -32,  -27,  -27,  -25,  -41,  -38,  -15,  -32,
     -15,  -13,    6,  -31,  -33,  -11,  -18,  -27,  -16,  -32,  -36,  -52,   -3,  -16,  -52,  -25,
     -34,  -58,  -49,  -33,  -11,  -23,  -11,  -33,  -16,  -51,  -55,    6,    6,    6,  -16,  -11,
      34,  -15,    6,  -23,  -27,  -43,  -16,  -27,  -60,  -71,  -13,  -25,  -34,  -34,  -38,  -25,
     -38,  -59,  -16,  -10,  -25,  -16,  -16,  -16,  -25,  -45,  -57,  -34,  -10,  -25,  -34,  -50,
     -27,  -25,  -40,  -25,  -40,  -57,  -18,  -38,  -25,  -16,  -23,  -38,  -23,  -23,  -55,  -23,
     -50,  -16,  -23,  -25,   -8,  -31,    6,  -16,    6,  -43,  -34,  -25,  -34,   -4,  -25,  -27,
     -23,  -23,  -25,  -25,  -16,    6,  -23,  -25,  -16,  -20,  -36,  -23,  -48,  -25,    6,    6,
     -44,  -40,  -27,  -38,  -36,  -25,  -43,  -13,  -20,  -13,  -13,  -20,  -13,  -38,  -38,  -38,
      20,   20,  -25,  -59,   25,   25,  -20,  -43,  -43,  -50,  -38,  -38,  -13,  -13,  -16,  -18,
     -18,  -13,  -13,  -13,  -18,  -43,  -18,  -18,  -13,  -33,  -10,  -36,   -9,   -6,   -6,   -8,
      -3,  -40,  -18,  -18,  -13,  -13,  -21,  -13,  -13,  -13,   -9,  -18,  -13,  -18,  -13,  -27,
     -23,  -54,  -73,  -23,    9,   -3,   -6,  -21,    5,   -3,  -13,   -9,   -6,  -36,  -16,  -16,
     -50,  -53,  -35,  -60,    5,  -20,  -20,    5,  -50,  -50,  -79,  -16,  -16,  -63,  -60,  -60,
     -10,   -6,   -6,  -20,   16,   -2,  -27,  -27,  -16,  -20,  -27,  -16,  -10,  -12,
};

static const EpdFontData inter_12_regular = {
    inter_12_regularBitmaps,
    inter_12_regularGlyphs,
    inter_12_regularIntervals,
    78,
    30,
    25,
    -7,
    false,
    nullptr,
    0,
    nullptr,
    nullptr,  // kernLeftClasses: built-in fonts use the split arrays below
    nullptr,  // kernRightClasses
    inter_12_regularKernLeftCodepoints,
    inter_12_regularKernLeftClassIds,
    inter_12_regularKernRightCodepoints,
    inter_12_regularKernRightClassIds,
    nullptr,  // kernMatrix: built-in fonts use the sparse form below
    inter_12_regularKernRowOffsets,
    inter_12_regularKernSparseCols,
    inter_12_regularKernSparseValues,
    768,
    788,
    154,
    155,
    nullptr,
    0,
};
