/**
 * generated by fontconvert.py
 * name: notoserif_18_bold
 * size: 18
 * mode: 2-bit  compressed: true
 * Command used: ../scripts/fontconvert.py notoserif_18_bold 18 source/NotoSerif/NotoSerif-Bold.ttf --2bit --compress --pnum --zopfli --darken-aa
 */
#pragma once
#include "EpdFontData.h"

static const uint8_t notoserif_18_boldBitmaps[43740] = {
    0xCD, 0x9A, 0x3F, 0xB0, 0xE5, 0xC6, 0x75, 0xE6, 0x3F, 0x00, 0x22, 0x51, 0x4B, 0x04, 0xBD, 0x09,
    0xA5, 0x5A, 0x72, 0xB7, 0xB0, 0xC1, 0x06, 0x5B, 0xD4, 0xAE, 0x90, 0x07, 0x3B, 0x8D, 0x25, 0xAB,
    0x36, 0xDD, 0xD9, 0x2A, 0x3E, 0x25, 0x0C, 0xB8, 0x81, 0x03, 0x17, 0x1D, 0x30, 0xAF, 0x1A, 0x0E,
    0x20, 0x2B, 0x70, 0x95, 0x15, 0xF8, 0x05, 0x56, 0xE4, 0x40, 0x0C, 0x18, 0x8C, 0x86, 0xC1, 0x24,
    0x0E, 0x1C, 0x90, 0x6A, 0x94, 0x18, 0x28, 0x50, 0x40, 0x50, 0xB2, 0x9D, 0x28, 0x20, 0x2C, 0x89,
    0xA5, 0x2A, 0x2A, 0x60, 0xBB, 0x08, 0x9A, 0xCD, 0x51, 0x03, 0x9F, 0xFB, 0x9C, 0xBE, 0x78, 0x73,
    0x87, 0x7F, 0xC6, 0x23, 0x6A, 0x68, 0x1B, 0x17, 0xF8, 0x7D, 0xE7, 0x01, 0xFD, 0xE7, 0xA0, 0x71,
    0xBA, 0x71, 0xDE, 0xBB, 0xCF, 0x6E, 0xE9, 0x13, 0xE5, 0xD3, 0xA5, 0x4F, 0x1B, 0xDB, 0x60, 0x82,
    0x59, 0xD3, 0xC7, 0x1B, 0xDF, 0xA4, 0x4F, 0xED, 0xEB, 0xA5, 0xBC, 0x04, 0x80, 0x7A, 0xE9, 0x62,
    0x2E, 0xDD, 0x86, 0xA2, 0x1F, 0x56, 0x1B, 0x06, 0x6F, 0x57, 0xAB, 0x87, 0x7C, 0x3A, 0xDF, 0x2D,
    0xE9, 0x98, 0xDB, 0xA5, 0x9D, 0xCC, 0x62, 0x26, 0x33, 0xA7, 0x63, 0x7A, 0x62, 0x7C, 0x7C, 0x44,
    0xE9, 0xCD, 0x88, 0x4A, 0xB1, 0xB4, 0xA3, 0xB4, 0x04, 0x34, 0xB3, 0x05, 0xCC, 0xA4, 0xB8, 0x86,
    0xA7, 0xEE, 0xBC, 0xEF, 0x6E, 0x59, 0x92, 0x51, 0x01, 0xDB, 0x47, 0xC0, 0x42, 0x11, 0x80, 0x6B,
    0xC5, 0x0A, 0xBC, 0x52, 0x7A, 0xE0, 0x8D, 0x2A, 0x21, 0x26, 0x90, 0xA4, 0x57, 0xBC, 0xBE, 0xDF,
    0x79, 0xFF, 0xD5, 0xD4, 0xC5, 0x84, 0x4A, 0x71, 0xDE, 0x4F, 0x7F, 0xD6, 0x0F, 0xF0, 0xDF, 0x05,
    0x37, 0x0E, 0x94, 0xFB, 0x25, 0x30, 0x70, 0x47, 0x49, 0xC7, 0xA9, 0x8E, 0x37, 0xDC, 0x64, 0xD6,
    0x1B, 0x76, 0x32, 0x3E, 0xA1, 0x5D, 0x6F, 0x7C, 0x0B, 0x26, 0xA6, 0x72, 0x86, 0x6F, 0x08, 0x22,
    0x50, 0x91, 0x3D, 0x40, 0xAE, 0x80, 0x25, 0x81, 0x9A, 0x9C, 0x00, 0xC7, 0x05, 0xB8, 0x49, 0xDF,
    0x8C, 0x37, 0x06, 0xDF, 0x4D, 0x37, 0xBA, 0xD5, 0x4E, 0x37, 0x5A, 0x9F, 0xB1, 0xDC, 0xB0, 0x4B,
    0x1B, 0x52, 0xCB, 0x0D, 0x49, 0x14, 0x5A, 0xF7, 0xF1, 0x37, 0xB3, 0x07, 0x9F, 0x45, 0xDE, 0x0A,
    0x29, 0x74, 0x13, 0x68, 0xB8, 0x03, 0x1B, 0xD0, 0x79, 0xD7, 0xEB, 0x48, 0x4C, 0x76, 0xAA, 0x56,
    0x60, 0x98, 0xEC, 0x2C, 0xA3, 0xE0, 0x26, 0xBB, 0x34, 0x33, 0xC0, 0xB1, 0x93, 0xFB, 0x56, 0xED,
    0xFA, 0xAC, 0x16, 0x59, 0xA5, 0x2B, 0x37, 0x75, 0x4B, 0xC4, 0x75, 0xA9, 0xF7, 0xB3, 0xD0, 0x71,
    0x4C, 0xED, 0xBC, 0xE5, 0xC9, 0xA5, 0x9B, 0x87, 0xEF, 0xFD, 0x72, 0x6F, 0x82, 0xB9, 0x4B, 0xF3,
    0x56, 0xAC, 0x62, 0xC5, 0xD8, 0xFD, 0x59, 0xAC, 0x36, 0x3C, 0xD5, 0xDB, 0x26, 0x54, 0x3B, 0x80,
    0x1F, 0x99, 0x50, 0x8A, 0xC6, 0xA4, 0x04, 0xCA, 0x90, 0xB5, 0xF2, 0xF9, 0x7C, 0xBD, 0xE4, 0x72,
    0x66, 0xAA, 0xA5, 0x1E, 0xDA, 0x31, 0xB5, 0xA2, 0xCF, 0xAC, 0xDC, 0x9A, 0x00, 0x0C, 0x00, 0xEF,
    0x78, 0x88, 0xF3, 0x1D, 0xC7, 0x7C, 0x73, 0xCF, 0x9F, 0xDF, 0xE8, 0xAE, 0x6A, 0xC8, 0x45, 0xD4,
    0x86, 0x6E, 0x15, 0x1D, 0x7C, 0x13, 0x45, 0xDD, 0x52, 0xAB, 0x72, 0x3E, 0xE9, 0x72, 0x3A, 0x9F,
    0xBA, 0xCF, 0xE5, 0x5B, 0xAF, 0xBA, 0xB9, 0x29, 0xB7, 0x93, 0xDB, 0xAB, 0xE9, 0x4B, 0x31, 0xDB,
    0x93, 0x92, 0xB1, 0xE4, 0x88, 0x9A, 0x1D, 0x4B, 0xF1, 0x72, 0x33, 0x7C, 0x4B, 0xBC, 0x8C, 0x15,
    0x3F, 0x14, 0x0D, 0xF9, 0x99, 0x0E, 0x2B, 0x2C, 0x65, 0x5C, 0x57, 0x18, 0x2E, 0xFA, 0x73, 0x45,
    0x9F, 0x34, 0x00, 0xD4, 0xF2, 0x00, 0x09, 0x74, 0x44, 0x45, 0x8E, 0x30, 0x7C, 0xEF, 0xE5, 0x8F,
    0x29, 0x85, 0xC8, 0xEF, 0xC8, 0x89, 0x81, 0x01, 0x43, 0x52, 0x5C, 0x00, 0x90, 0xFA, 0x83, 0x3F,
    0x4D, 0x8D, 0x34, 0xD6, 0xED, 0x94, 0xA7, 0x03, 0xD0, 0x00, 0x03, 0xAA, 0x1D, 0x6D, 0x2A, 0xBD,
    0x14, 0x9C, 0x2A, 0xA2, 0x21, 0xCC, 0x86, 0x2E, 0xC2, 0x46, 0xE9, 0xCE, 0x05, 0x71, 0x82, 0x57,
    0xBB, 0xBF, 0x67, 0xBB, 0x20, 0x05, 0x6C, 0x94, 0xC2, 0xED, 0x06, 0xB3, 0xA3, 0x22, 0x52, 0x23,
    0x70, 0x33, 0xBA, 0x15, 0xF5, 0x0E, 0x38, 0xC0, 0x00, 0x58, 0x00, 0xF9, 0x61, 0x92, 0xD3, 0xCD,
    0x86, 0x8A, 0x3D, 0x38, 0x49, 0x5B, 0x83, 0x87, 0xCD, 0x4D, 0x6C, 0xE8, 0x76, 0xB4, 0xBC, 0xB7,
    0x9B, 0x33, 0xBB, 0xDB, 0xA5, 0x80, 0xCD, 0x3E, 0xAD, 0x70, 0x1E, 0xE2, 0xEA, 0x58, 0x8B, 0xE3,
    0xD2, 0x1B, 0x01, 0x0F, 0xDD, 0x1E, 0x7F, 0x2D, 0xA1, 0x59, 0x13, 0x6A, 0x0F, 0x7C, 0xAB, 0xF2,
    0xFF, 0x13, 0x12, 0x61, 0x18, 0x3E, 0xFE, 0x6D, 0x02, 0xC9, 0x1E, 0x8E, 0x23, 0x0A, 0xC7, 0xCB,
    0xFC, 0xE3, 0xF0, 0xE1, 0x6F, 0x08, 0xFB, 0x5D, 0x4F, 0xFC, 0x97, 0xCA, 0xFF, 0x67, 0xAD, 0x96,
    0x1B, 0xC8, 0x4D, 0x95, 0x0B, 0x24, 0xC6, 0x1E, 0x00, 0x47, 0x72, 0xA2, 0x40, 0x2D, 0x3D, 0xF7,
    0x60, 0xD4, 0x4B, 0x1B, 0x6C, 0xB4, 0x5B, 0xBB, 0x37, 0x1B, 0xA2, 0xAC, 0x20, 0x29, 0xFC, 0xF1,
    0xFF, 0xF1, 0xE4, 0xC5, 0x75, 0xCB, 0x78, 0xEC, 0xA1, 0x19, 0xAD, 0x77, 0x41, 0x3E, 0xD6, 0x17,
    0x00, 0x92, 0x3B, 0x01, 0xC5, 0x8A, 0xD2, 0x4B, 0x2B, 0xD5, 0x82, 0x7A, 0x46, 0x33, 0xC1, 0xA4,
    0x7D, 0x44, 0xDB, 0xA3, 0x03, 0x2C, 0x70, 0x0D, 0x78, 0x05, 0x78, 0x03, 0x88, 0xB2, 0x17, 0x41,
    0x8B, 0xEB, 0x5E, 0x2F, 0x5A, 0x5C, 0xF7, 0x76, 0x3C, 0x15, 0xB7, 0x3A, 0xBD, 0xDF, 0xD4, 0xE2,
    0xB7, 0x70, 0xDA, 0x1A, 0x0D, 0x39, 0x6E, 0x28, 0xF8, 0x1B, 0xF6, 0x15, 0xC1, 0xA9, 0xD9, 0x25,
    0xD4, 0x37, 0x58, 0xDF, 0x46, 0x99, 0x1C, 0x09, 0xD1, 0x7E, 0x06, 0x9D, 0x62, 0xFB, 0x2C, 0xCE,
    0xCB, 0x75, 0x02, 0x6D, 0x45, 0xDB, 0x33, 0xD2, 0xB2, 0xF6, 0x51, 0xF2, 0xC7, 0x1C, 0xE1, 0xF2,
    0x74, 0x59, 0x91, 0x63, 0x57, 0x1E, 0x2F, 0x2A, 0x26, 0xB4, 0x02, 0x97, 0xD0, 0xEE, 0x09, 0xC3,
    0x47, 0x09, 0xF6, 0x9D, 0x84, 0x27, 0x8A, 0x04, 0x3C, 0x52, 0x2C, 0xD0, 0xE9, 0x56, 0x91, 0x5C,
    0x6B, 0x01, 0x74, 0x93, 0xA0, 0x69, 0xF4, 0x95, 0xB0, 0xB5, 0xC4, 0xE0, 0x2B, 0x8E, 0x6E, 0xA9,
    0x38, 0xB9, 0x59, 0x30, 0x95, 0x9C, 0xBA, 0x29, 0x59, 0xC5, 0x98, 0x20, 0x2D, 0x8C, 0x40, 0x4D,
    0x40, 0xE6, 0x13, 0xD0, 0xC6, 0x04, 0xEB, 0x13, 0xE4, 0x62, 0x49, 0x00, 0xBA, 0x84, 0x74, 0x72,
    0x6A, 0x98, 0xA4, 0x5B, 0x14, 0xBE, 0x96, 0x07, 0x66, 0x16, 0x54, 0xDE, 0x4E, 0x68, 0x3D, 0x49,
    0x7E, 0x1A, 0x87, 0x2F, 0xF3, 0x7D, 0xBE, 0xD4, 0x9C, 0xDC, 0x72, 0x72, 0x63, 0xB6, 0x82, 0x26,
    0x41, 0xDD, 0x50, 0xF4, 0xD9, 0x0D, 0x99, 0x3E, 0x32, 0x03, 0x04, 0xC9, 0xFA, 0xBA, 0x53, 0x3F,
    0xB2, 0x47, 0x0B, 0x00, 0x7A, 0xC5, 0xD7, 0x00, 0xB7, 0xFE, 0x2F, 0xB1, 0x76, 0x01, 0x65, 0x4C,
    0x38, 0x4A, 0xF3, 0x9F, 0xBC, 0xCC, 0xDE, 0x92, 0x1B, 0x6A, 0x4A, 0x85, 0x27, 0xAF, 0x03, 0xDA,
    0xBC, 0x36, 0x33, 0x26, 0xB6, 0x4A, 0xAB, 0x74, 0xCA, 0x8F, 0x85, 0xD5, 0x87, 0xC2, 0xFA, 0xE7,
    0x42, 0xF3, 0x96, 0xB0, 0xAB, 0x84, 0xD7, 0x94, 0x51, 0x58, 0x04, 0x61, 0xE5, 0x85, 0xCD, 0x2C,
    0x34, 0x93, 0xD0, 0x42, 0x38, 0xDC, 0x7E, 0x9D, 0xEF, 0xEB, 0x6C, 0x63, 0x9F, 0x09, 0x3D, 0x7F,
    0x3F, 0x6B, 0x65, 0xCB, 0x59, 0x4C, 0xF2, 0xC4, 0x46, 0x8A, 0x2B, 0x0C, 0xC9, 0x31, 0xE3, 0xEF,
    0x2E, 0x86, 0xD1, 0x8C, 0x30, 0x27, 0xF4, 0x52, 0x4F, 0x01, 0x00, 0xDD, 0x63, 0xD7, 0x13, 0x28,
    0x31, 0x46, 0x46, 0xB4, 0xDF, 0xBF, 0x37, 0x50, 0x95, 0x40, 0x63, 0x04, 0xE7, 0x43, 0xF6, 0x3F,
    0xE4, 0xC7, 0x37, 0x51, 0x72, 0xA6, 0x14, 0x91, 0xFE, 0xC6, 0xE1, 0x3D, 0xB7, 0x4B, 0x2B, 0x41,
    0xDC, 0x18, 0xF3, 0x68, 0xE5, 0xAD, 0xE4, 0xA6, 0xED, 0x4F, 0x70, 0x0B, 0x97, 0x92, 0xBD, 0xF5,
    0x55, 0x2A, 0xEA, 0x9B, 0x0D, 0xED, 0x62, 0x22, 0xCC, 0x98, 0xE3, 0x25, 0x08, 0x56, 0xC5, 0x53,
    0x3D, 0xEC, 0xC7, 0xDC, 0x30, 0x88, 0xF7, 0x03, 0x9F, 0xE5, 0xA2, 0x4B, 0xA1, 0x2C, 0xA1, 0xAB,
    0x4D, 0x08, 0xA9, 0x9C, 0x8D, 0x09, 0x5D, 0xB4, 0x21, 0xA1, 0x0B, 0x32, 0xC5, 0x22, 0xEC, 0xAA,
    0xF3, 0xAC, 0x22, 0xDC, 0x52, 0xF2, 0x67, 0xD2, 0x25, 0x09, 0x18, 0x86, 0x3C, 0xC5, 0x2C, 0xC9,
    0xF5, 0x0A, 0x3E, 0xE3, 0xFB, 0x17, 0xC3, 0x72, 0x13, 0xB0, 0xD3, 0x2B, 0x80, 0x1B, 0x6F, 0x00,
    0xEC, 0x35, 0x42, 0x81, 0x6A, 0x17, 0xC4, 0x23, 0x7C, 0xCD, 0x7A, 0xC4, 0xB0, 0x5D, 0x4E, 0x81,
    0x0C, 0x2A, 0x7A, 0xA0, 0xCC, 0x15, 0xAE, 0xCA, 0x0A, 0xDA, 0x70, 0xCC, 0x83, 0x41, 0x2A, 0x70,
    0xCE, 0x15, 0xF2, 0x96, 0x27, 0x3E, 0x49, 0x54, 0xFC, 0x0E, 0x27, 0xB3, 0x63, 0xF0, 0x72, 0x0B,
    0xBE, 0x8B, 0xE8, 0xD6, 0x03, 0xD6, 0xB7, 0x7B, 0x82, 0x61, 0x3F, 0xCC, 0x35, 0xFF, 0x81, 0x7D,
    0x49, 0x46, 0x60, 0xA0, 0x97, 0x06, 0x36, 0x6D, 0x60, 0xAA, 0xF7, 0x96, 0xBE, 0x8D, 0x25, 0x83,
    0xF5, 0x70, 0x31, 0xC1, 0x6E, 0x83, 0x47, 0xBB, 0x39, 0x0F, 0x23, 0x96, 0x91, 0x73, 0xED, 0x69,
    0x98, 0x76, 0xD0, 0x57, 0x3C, 0xDE, 0x9C, 0x28, 0x2E, 0x70, 0xDA, 0x3A, 0x09, 0xCC, 0xFC, 0x04,
    0xEF, 0xEC, 0x30, 0xB1, 0x64, 0xDF, 0x05, 0x70, 0xB2, 0x2B, 0xDC, 0x32, 0xC8, 0x1B, 0xCC, 0x79,
    0x58, 0xC5, 0xAA, 0x18, 0xF2, 0xA3, 0x10, 0x44, 0xB8, 0xD0, 0xB2, 0x64, 0x68, 0x48, 0x86, 0x92,
    0xB4, 0x01, 0x4F, 0xFF, 0x3A, 0x3F, 0x4E, 0x7F, 0xDF, 0x28, 0xB8, 0xB9, 0x01, 0x38, 0xB5, 0x7D,
    0xC1, 0x5E, 0xD6, 0x10, 0xB4, 0x6B, 0x1B, 0x61, 0x48, 0x8F, 0x52, 0x23, 0x5D, 0xC2, 0xF1, 0xF1,
    0x3E, 0xB5, 0x1E, 0xE5, 0x63, 0xD7, 0xC7, 0x47, 0x7C, 0x6A, 0x6B, 0x2E, 0x4F, 0x57, 0x43, 0xE7,
    0x8B, 0xFE, 0xC1, 0x65, 0xE5, 0xD5, 0x32, 0x84, 0x74, 0x2D, 0x9A, 0x58, 0x85, 0xCA, 0x37, 0xCB,
    0x30, 0x6E, 0xB8, 0xC4, 0xB1, 0x95, 0x53, 0x42, 0xAB, 0x61, 0x9E, 0x60, 0x76, 0x4D, 0x80, 0x80,
    0x86, 0x62, 0xAC, 0x40, 0xCD, 0x3E, 0xE7, 0x22, 0xE0, 0x94, 0xD7, 0x94, 0x7C, 0x31, 0xCF, 0x88,
    0x5C, 0xA1, 0x50, 0xB3, 0x15, 0xB3, 0xD4, 0x52, 0x9D, 0xA0, 0x14, 0x00, 0xB7, 0xD3, 0x36, 0x92,
    0xE4, 0xA4, 0xC0, 0x17, 0x6D, 0xFC, 0xD4, 0xCB, 0x55, 0xB6, 0x45, 0xB0, 0xE3, 0x88, 0x9D, 0x6E,
    0xBB, 0xD7, 0x43, 0x3C, 0xD6, 0x01, 0x75, 0x2E, 0xBB, 0x89, 0x63, 0x2D, 0xD6, 0xCB, 0x25, 0xE7,
    0x5C, 0xA5, 0x10, 0xA3, 0xCD, 0x77, 0x76, 0xB4, 0xE7, 0x71, 0xDF, 0x56, 0x92, 0x23, 0x5A, 0x32,
    0xE4, 0x35, 0xD6, 0xAD, 0xB2, 0xFE, 0xF9, 0x92, 0x93, 0x4D, 0x58, 0x9A, 0x25, 0x01, 0x50, 0x54,
    0x9C, 0x05, 0xD3, 0x69, 0x0D, 0x6C, 0x29, 0x1E, 0x44, 0xA0, 0x96, 0xF3, 0x8D, 0xC6, 0xBF, 0x3F,
    0x50, 0x0B, 0xCA, 0x4B, 0x9C, 0x6F, 0xF5, 0x72, 0x78, 0x6F, 0x15, 0x9B, 0xE0, 0x6A, 0xB2, 0x14,
    0x3D, 0x64, 0x7B, 0x9A, 0xAF, 0x6A, 0x59, 0x32, 0xDF, 0xE1, 0xFE, 0x6D, 0xB7, 0x4A, 0xFF, 0x3D,
    0xCA, 0xED, 0x34, 0x0F, 0x87, 0x1E, 0xF6, 0xF4, 0xE8, 0x08, 0xE9, 0x70, 0xA9, 0x62, 0xEA, 0xFF,
    0x89, 0xCA, 0xD7, 0x2B, 0x1C, 0x59, 0xAE, 0xC6, 0x57, 0x7B, 0xB5, 0x23, 0xB4, 0xB3, 0x59, 0xAB,
    0x0D, 0xD1, 0x4E, 0xD6, 0x57, 0x31, 0xE9, 0x38, 0xCC, 0xA2, 0x03, 0x38, 0xD5, 0x49, 0x1D, 0x38,
    0x36, 0x01, 0x91, 0x05, 0x7B, 0x13, 0x10, 0x58, 0x12, 0x66, 0x2D, 0xC2, 0x2E, 0xEA, 0x4B, 0x2F,
    0xDA, 0xFA, 0xCA, 0xB3, 0x20, 0x3A, 0x5F, 0x2F, 0x04, 0x47, 0xEB, 0xCD, 0xE4, 0xE0, 0xDE, 0xF9,
    0x30, 0x58, 0x0C, 0xB0, 0x7C, 0x87, 0x1B, 0xEC, 0xD8, 0x10, 0xC3, 0x22, 0x6E, 0xE9, 0x66, 0x96,
    0xAC, 0xCD, 0x9A, 0xB5, 0xDA, 0x84, 0xFF, 0x15, 0xD0, 0xB7, 0xC3, 0xAA, 0xCF, 0xA6, 0x70, 0xA7,
    0xD5, 0x7B, 0xCF, 0x13, 0x90, 0x79, 0xB0, 0xF2, 0xE2, 0x99, 0x43, 0x12, 0x79, 0xCC, 0xB3, 0xFA,
    0xDC, 0xE2, 0x49, 0x0D, 0x83, 0x6A, 0xEB, 0xA2, 0x6A, 0xD7, 0x65, 0xB5, 0x66, 0x57, 0xBD, 0x69,
    0xA8, 0x1A, 0x1B, 0xF6, 0xAA, 0xF9, 0x95, 0x51, 0x86, 0x4A, 0x1B, 0xAE, 0x7C, 0xC9, 0x59, 0xB5,
    0xA0, 0xD7, 0x21, 0x84, 0xAA, 0x99, 0xC1, 0x55, 0x9A, 0x25, 0xA9, 0xCF, 0xE8, 0xD0, 0x8B, 0x8B,
    0x41, 0xA3, 0x48, 0x2E, 0xE5, 0x40, 0x32, 0xA2, 0x31, 0xC7, 0x42, 0xA9, 0x51, 0x30, 0xA1, 0x8A,
    0xD9, 0x63, 0xA3, 0xE7, 0x57, 0x90, 0x1E, 0x24, 0xFB, 0x7B, 0xCA, 0xBB, 0x10, 0x8B, 0x01, 0x2F,
    0xF0, 0x2E, 0x29, 0x81, 0x65, 0x38, 0x25, 0xA6, 0x6A, 0xCA, 0xA5, 0x94, 0xDD, 0x67, 0xE6, 0x33,
    0x57, 0x57, 0x1B, 0x2D, 0xF9, 0xF2, 0x8E, 0x92, 0xE4, 0xA2, 0x0C, 0xD2, 0x42, 0xCB, 0x31, 0x31,
    0xEF, 0xA0, 0x17, 0xBA, 0xA0, 0x8C, 0x9F, 0x26, 0x33, 0xD7, 0xDC, 0x7E, 0xC5, 0xF7, 0x5E, 0xCE,
    0x33, 0x6F, 0x87, 0xF0, 0x2A, 0x5E, 0x0B, 0xCD, 0x1B, 0x0C, 0x49, 0xC0, 0x6D, 0x2F, 0x48, 0xBF,
    0xE2, 0x80, 0x4C, 0x35, 0x71, 0x18, 0x70, 0xB3, 0x4C, 0xAF, 0x61, 0x94, 0xF8, 0xFD, 0x6F, 0x3A,
    0x0B, 0x00, 0xA7, 0x64, 0x78, 0x58, 0xE6, 0xF2, 0x83, 0xD2, 0x66, 0xEE, 0x42, 0x1D, 0xD9, 0xB9,
    0x91, 0xF1, 0x5C, 0x2A, 0xAE, 0xE8, 0x66, 0xE4, 0xF5, 0xA3, 0x53, 0x7F, 0xCA, 0x9C, 0xA9, 0x3D,
    0x76, 0x01, 0x88, 0xE3, 0xBD, 0x0A, 0x37, 0xC8, 0x88, 0x3A, 0x4E, 0xD0, 0x5B, 0x5B, 0x45, 0xA4,
    0x6D, 0x91, 0x8E, 0x2A, 0x86, 0xA3, 0x48, 0x1E, 0x45, 0x54, 0x87, 0xCC, 0x59, 0x96, 0x2C, 0xFE,
    0x01, 0xB2, 0x9C, 0x4B, 0xAE, 0x57, 0xE7, 0x56, 0x9A, 0xDC, 0xB4, 0x61, 0xEE, 0x6F, 0x3F, 0xEB,
    0xBD, 0xA4, 0x47, 0xCD, 0x8F, 0xEE, 0x70, 0x3A, 0xFC, 0xD4, 0x91, 0xCE, 0xC2, 0x29, 0x33, 0xB9,
    0x7E, 0x3B, 0xB7, 0xD4, 0x2A, 0xCD, 0x67, 0x08, 0x7C, 0x31, 0xC9, 0x90, 0x99, 0xCF, 0x3C, 0x04,
    0x8B, 0x55, 0x58, 0x2A, 0xAB, 0x13, 0x6B, 0xBE, 0x77, 0xF1, 0xB2, 0xA7, 0x6C, 0x07, 0x3F, 0xD7,
    0xC3, 0xEE, 0xF7, 0xF7, 0x30, 0xB5, 0x7C, 0xFD, 0x4B, 0xF9, 0x79, 0x3F, 0x6B, 0x7D, 0xF0, 0x24,
    0xFD, 0xC1, 0xAB, 0x6D, 0xA0, 0xAE, 0xBF, 0xF9, 0xAC, 0xDD, 0xBF, 0xCD, 0x88, 0x82, 0x92, 0x0C,
    0xE8, 0x82, 0x6D, 0x76, 0x18, 0x6A, 0x7A, 0xD2, 0xED, 0x49, 0x24, 0x83, 0xD2, 0x05, 0x37, 0xC7,
    0x1E, 0x5C, 0x16, 0x86, 0x07, 0xCA, 0x13, 0xB7, 0x6F, 0x5F, 0x26, 0x31, 0xE4, 0x22, 0x3F, 0x91,
    0x97, 0x2E, 0x6A, 0xC8, 0x0E, 0x22, 0x11, 0x36, 0x4B, 0xB7, 0xAB, 0x18, 0xAA, 0x34, 0x9C, 0x44,
    0x4A, 0x7A, 0x11, 0xB8, 0xFD, 0xFF, 0x49, 0xE9, 0x96, 0xD4, 0xFC, 0x83, 0x64, 0x8F, 0xA4, 0x17,
    0x39, 0x88, 0xC7, 0xE3, 0xC8, 0x03, 0xFE, 0x09, 0x5A, 0x7E, 0xA4, 0x55, 0x2B, 0xCE, 0x38, 0xC5,
    0xEC, 0x1F, 0xA0, 0x24, 0xCF, 0x55, 0xCE, 0x3F, 0x32, 0x9D, 0xF5, 0xE1, 0x34, 0xF4, 0x38, 0xFC,
    0x3F, 0xD3, 0xE9, 0x74, 0x3F, 0x7D, 0x49, 0x2F, 0xE5, 0x1F, 0xE9, 0x21, 0xFD, 0x1E, 0x7D, 0x18,
    0x32, 0xCA, 0xF1, 0x98, 0xE3, 0x5F, 0xA2, 0x23, 0xD0, 0xEE, 0x5F, 0xED, 0xD1, 0xC9, 0xB1, 0xE9,
    0x93, 0xD6, 0x30, 0xA0, 0xC7, 0xD3, 0x9C, 0x41, 0xE6, 0x1C, 0x89, 0xE4, 0x8F, 0xC9, 0x99, 0xE4,
    0x5B, 0xE4, 0x22, 0x23, 0x30, 0xB0, 0x17, 0xA7, 0xED, 0x0A, 0x95, 0x49, 0xC5, 0x41, 0xA4, 0xD8,
    0x54, 0xEA, 0x55, 0xC5, 0xCC, 0x2A, 0x76, 0x54, 0xD9, 0x21, 0xF2, 0xAB, 0x2C, 0x1F, 0x50, 0x85,
    0x9C, 0xB2, 0x2C, 0x22, 0x77, 0xE9, 0xB5, 0x24, 0xA3, 0x8A, 0xCB, 0x8D, 0x59, 0xAA, 0xB4, 0x1C,
    0x45, 0x1A, 0xCE, 0x22, 0x15, 0xBD, 0x48, 0xC9, 0x20, 0x02, 0x6E, 0x90, 0x33, 0x43, 0x7E, 0x5C,
    0x2D, 0x83, 0x48, 0x99, 0x05, 0xC8, 0x14, 0xD7, 0xA1, 0xA5, 0xBF, 0x42, 0x5E, 0x57, 0xAE, 0x9F,
    0xBF, 0x3E, 0xD5, 0xBE, 0xE6, 0x47, 0x9F, 0x59, 0x9F, 0xF4, 0x7D, 0xCB, 0x85, 0xDC, 0x74, 0xF2,
    0xFB, 0x17, 0x48, 0xC0, 0x70, 0xEB, 0xAB, 0x6C, 0xAC, 0x39, 0xB1, 0xEE, 0xC4, 0xF8, 0x9D, 0x4C,
    0x45, 0x97, 0x8C, 0x8F, 0x39, 0xE1, 0x9A, 0x18, 0xFF, 0xC4, 0x19, 0xAF, 0x88, 0xB1, 0xD2, 0x23,
    0x1E, 0x46, 0x50, 0xC3, 0x85, 0x62, 0x55, 0xC3, 0xC6, 0xCA, 0x1F, 0xC6, 0xA2, 0x46, 0xBB, 0xD7,
    0xB3, 0x1A, 0x86, 0x66, 0x3A, 0x8C, 0x51, 0x8D, 0x9A, 0x3F, 0xE8, 0xD5, 0x90, 0xFE, 0x4F, 0xC6,
    0x9E, 0x8D, 0x82, 0x5B, 0x36, 0xC0, 0x78, 0x18, 0xE1, 0x64, 0x0C, 0xAB, 0x1A, 0x01, 0xD6, 0x83,
    0x2B, 0xEA, 0x0D, 0x9D, 0x2F, 0x18, 0x41, 0x2E, 0xED, 0xDC, 0xEA, 0x9D, 0x2E, 0x66, 0xCA, 0xC6,
    0x08, 0x43, 0x92, 0xB3, 0xC8, 0x0B, 0xF4, 0x28, 0xDC, 0x7B, 0x25, 0x23, 0xD0, 0x8D, 0x25, 0xF7,
    0x2C, 0x3C, 0xC9, 0x24, 0xF2, 0x31, 0x17, 0x91, 0x95, 0xAB, 0x8A, 0x8B, 0x2A, 0x96, 0x2A, 0x86,
    0xA3, 0x48, 0xCD, 0x49, 0xA4, 0xA4, 0x17, 0x01, 0x83, 0xCA, 0xB0, 0xA9, 0x74, 0x54, 0x31, 0xBC,
    0x23, 0x52, 0x91, 0x22, 0x45, 0x16, 0x9C, 0xC4, 0x66, 0x69, 0x93, 0x04, 0x4D, 0x89, 0x6A, 0x7D,
    0x32, 0x63, 0x5E, 0xAA, 0xB3, 0xB8, 0x11, 0x79, 0x93, 0xCA, 0x0B, 0xA4, 0xB4, 0x38, 0x0C, 0xEE,
    0x2F, 0x70, 0xD6, 0x25, 0xC4, 0x79, 0x34, 0xEC, 0x8F, 0xD5, 0xD3, 0xEC, 0x3A, 0xB5, 0x0C, 0xE5,
    0x84, 0xB4, 0x99, 0x73, 0xED, 0xC9, 0x05, 0xCD, 0xC2, 0xA9, 0x32, 0xDF, 0x27, 0x0B, 0xD7, 0x2C,
    0x41, 0xE5, 0xFE, 0x22, 0xA7, 0x7A, 0xA7, 0x56, 0x4E, 0x6D, 0xDA, 0xDC, 0x43, 0xBB, 0xAB, 0x48,
    0xEF, 0x5D, 0x94, 0x52, 0xF2, 0x3C, 0xC0, 0x4F, 0x34, 0xB5, 0xEF, 0x48, 0xE2, 0x2A, 0xEF, 0xC0,
    0x63, 0xCF, 0x27, 0x90, 0xBC, 0xDB, 0xDF, 0xCB, 0xE4, 0x1C, 0x71, 0x95, 0x9F, 0xE5, 0x04, 0xA1,
    0xC8, 0x49, 0xC3, 0x89, 0xEB, 0x19, 0xBD, 0xF0, 0x3C, 0xC3, 0xD3, 0x5A, 0x92, 0x9C, 0xA4, 0x76,
    0x72, 0x6E, 0xE7, 0x85, 0x9F, 0x3C, 0x82, 0x57, 0xE3, 0xBF, 0xDF, 0xC1, 0xDE, 0x1F, 0x6E, 0xB0,
    0x0D, 0xC7, 0x33, 0x69, 0x38, 0x89, 0x54, 0x87, 0x2C, 0xE7, 0xAF, 0x68, 0xCB, 0x4B, 0x2D, 0x93,
    0x2B, 0x4A, 0x9B, 0x24, 0xF7, 0x11, 0xA0, 0xE8, 0x91, 0x1E, 0x9E, 0x2D, 0x80, 0xE0, 0x9A, 0x25,
    0x64, 0x89, 0x2A, 0xEE, 0x90, 0xF3, 0x6B, 0xB9, 0x42, 0xDA, 0x45, 0x34, 0xE3, 0x27, 0xB9, 0x7D,
    0xCE, 0xF2, 0xEB, 0xA2, 0x8A, 0xDD, 0x54, 0x3A, 0xAA, 0x18, 0x8E, 0x22, 0xF5, 0x7D, 0xBD, 0x17,
    0x57, 0xDD, 0xEA, 0xC3, 0xB3, 0xEC, 0x49, 0x8E, 0x2D, 0xBD, 0x48, 0x79, 0x3C, 0xC1, 0x96, 0x01,
    0x90, 0x33, 0x35, 0xFF, 0x0F, 0x17, 0x13, 0xE0, 0x7C, 0x77, 0xFA, 0x53, 0x50, 0xE7, 0x13, 0xDA,
    0xD9, 0xAE, 0xF8, 0x1A, 0xA4, 0x3F, 0x99, 0x84, 0x40, 0x27, 0x15, 0x0C, 0x93, 0x59, 0x91, 0x51,
    0xEB, 0xF6, 0x68, 0xC5, 0xCB, 0x82, 0xD4, 0x29, 0x1A, 0x91, 0xCC, 0x58, 0x20, 0x55, 0xEA, 0x7A,
    0x98, 0xCD, 0x8D, 0x09, 0x9C, 0x60, 0x22, 0xE7, 0x04, 0xA7, 0x2D, 0x6F, 0x70, 0xB3, 0x91, 0xBA,
    0xFA, 0x20, 0x34, 0xD9, 0x1E, 0x28, 0x1B, 0xDC, 0x49, 0xDE, 0x77, 0xFB, 0xEB, 0x49, 0xA4, 0xEB,
    0x01, 0x6F, 0x8A, 0x58, 0xBC, 0x21, 0xD2, 0x1D, 0xF2, 0xC7, 0x22, 0x4F, 0x01, 0x22, 0xF8, 0xD7,
    0x14, 0xC7, 0x1E, 0x1A, 0x49, 0xF1, 0x4A, 0x06, 0x72, 0x69, 0xB9, 0xB9, 0x24, 0x1D, 0xF7, 0x6F,
    0x70, 0xEF, 0x1F, 0xE3, 0xDF, 0x82, 0x2B, 0x60, 0x01, 0xFA, 0x7F, 0x13, 0x91, 0xA8, 0xBF, 0x99,
    0xF3, 0x86, 0x4D, 0x13, 0xC9, 0x2A, 0x42, 0xBF, 0xE3, 0xF1, 0x40, 0x45, 0x72, 0xBE, 0xCA, 0x6B,
    0x81, 0x53, 0x86, 0x88, 0x41, 0xE3, 0xA3, 0x4F, 0xF2, 0x22, 0x3F, 0xC2, 0xD7, 0x79, 0xBD, 0x92,
    0x62, 0x51, 0xE7, 0x42, 0x91, 0x73, 0xDE, 0x32, 0x68, 0x0F, 0x95, 0xD7, 0x1E, 0x6A, 0xAF, 0x3D,
    0x34, 0x73, 0xCE, 0x4A, 0x27, 0xCD, 0x57, 0xDA, 0x24, 0x2D, 0xD1, 0xF5, 0x79, 0xC6, 0x03, 0x32,
    0x19, 0x6F, 0xE6, 0x99, 0xF5, 0x66, 0x96, 0xA8, 0x93, 0xF0, 0x1D, 0x9D, 0x5A, 0xFC, 0x70, 0xCD,
    0xE2, 0x45, 0xDC, 0xC7, 0x8B, 0x88, 0xE5, 0x74, 0x26, 0xDD, 0x31, 0x4F, 0x71, 0x26, 0xF5, 0xAE,
    0x52, 0x45, 0xE4, 0x18, 0xC6, 0x2D, 0x34, 0xA4, 0x9A, 0x65, 0x84, 0x21, 0xF1, 0x22, 0x3F, 0x41,
    0xB5, 0xA3, 0x70, 0x1F, 0xE9, 0x1D, 0x54, 0x04, 0xBA, 0x49, 0xCD, 0x3A, 0x9B, 0x25, 0xBD, 0x4E,
    0x7E, 0xDB, 0x03, 0x6A, 0x4E, 0xEA, 0x2E, 0x57, 0xB4, 0x9C, 0x31, 0x88, 0x3B, 0x01, 0x1D, 0x17,
    0xFC, 0x08, 0x7A, 0x9F, 0x96, 0x1E, 0x3A, 0x17, 0xA2, 0xBE, 0xEB, 0x63, 0x0E, 0x8A, 0x1F, 0x0D,
    0xB1, 0x10, 0xB3, 0x25, 0xA2, 0x8D, 0x65, 0xC8, 0x2E, 0xC6, 0x6E, 0xAB, 0x56, 0x35, 0x9F, 0x0D,
    0x86, 0x95, 0xD7, 0x61, 0xF8, 0xEE, 0x7A, 0x32, 0x2B, 0xBE, 0xE5, 0x1B, 0x7E, 0x6F, 0x51, 0xF3,
    0x27, 0x4B, 0xC5, 0x9F, 0x4E, 0x3A, 0x24, 0xBF, 0x98, 0x2B, 0xBE, 0x2D, 0x66, 0xC1, 0x0F, 0xA6,
    0x82, 0xEF, 0x8A, 0x09, 0x72, 0x42, 0xCE, 0xE5, 0x55, 0x1C, 0x21, 0xDB, 0x40, 0x3D, 0xF2, 0x30,
    0xE9, 0x13, 0x06, 0xB2, 0x74, 0x9B, 0x9A, 0x9D, 0x3C, 0x70, 0x71, 0x4C, 0x25, 0x9B, 0x56, 0x43,
    0xD4, 0x9F, 0xE4, 0x1B, 0x64, 0x5F, 0xF3, 0x12, 0xDC, 0x50, 0x6E, 0xDA, 0x4C, 0x15, 0x80, 0x36,
    0x9D, 0xF4, 0x90, 0xD1, 0x30, 0x93, 0xAE, 0x83, 0x32, 0x3C, 0x05, 0x57, 0x19, 0x04, 0x70, 0x8B,
    0xB9, 0x47, 0x2F, 0xD2, 0x71, 0x16, 0x31, 0xF7, 0x2D, 0x99, 0x4D, 0xBE, 0xD6, 0x32, 0x97, 0x1C,
    0x36, 0x91, 0xAD, 0x63, 0x62, 0x19, 0xB4, 0x68, 0xED, 0x75, 0x35, 0x36, 0x53, 0xA9, 0xC1, 0x3A,
    0x82, 0x01, 0x70, 0x40, 0x2A, 0x5A, 0xEE, 0xEA, 0x47, 0xA3, 0x37, 0x37, 0x3B, 0xA6, 0x92, 0x8C,
    0x3C, 0x84, 0xA3, 0xA3, 0x17, 0x21, 0xBD, 0x3C, 0xDD, 0xA7, 0x79, 0x59, 0xD3, 0x4B, 0xA5, 0x4A,
    0x24, 0xE6, 0xD8, 0x5C, 0x21, 0x0D, 0xD6, 0x3E, 0x07, 0xE5, 0xAC, 0x89, 0x74, 0x3B, 0xE5, 0x68,
    0xEC, 0x75, 0x9D, 0x1F, 0xCE, 0xC3, 0xF0, 0x1F, 0xE3, 0x79, 0xFC, 0xFD, 0xEE, 0x3C, 0xFE, 0xDA,
    0xAB, 0xC0, 0x7B, 0x68, 0xE9, 0xEF, 0x55, 0x37, 0x24, 0xAF, 0xA4, 0x23, 0xC9, 0xE5, 0xC4, 0xBB,
    0xB7, 0xEF, 0x70, 0xEE, 0x26, 0x19, 0x38, 0x3B, 0xA2, 0x53, 0xBF, 0x86, 0x5D, 0x67, 0x6F, 0x4C,
    0x2C, 0xE9, 0xAF, 0x86, 0x33, 0x8F, 0x6D, 0xAB, 0xED, 0x5A, 0x5E, 0xFD, 0x42, 0x59, 0x30, 0x68,
    0x91, 0x1C, 0x57, 0xB9, 0xB7, 0xF1, 0xAA, 0x48, 0x1E, 0x73, 0x46, 0x4D, 0x75, 0xBD, 0xA6, 0x8E,
    0x92, 0xEA, 0x1A, 0x4E, 0x89, 0x1D, 0x7B, 0x34, 0xAB, 0xE5, 0xC5, 0xC5, 0xB0, 0x3A, 0x92, 0xCC,
    0xF4, 0xCF, 0xDC, 0xBE, 0x35, 0x30, 0x0E, 0xBC, 0x35, 0x44, 0x0C, 0xE1, 0x51, 0xEE, 0xD2, 0x20,
    0x9F, 0xD7, 0xC6, 0xE3, 0x6B, 0x40, 0x04, 0xDE, 0xD0, 0xC5, 0xC9, 0xEA, 0xDE, 0x01, 0xED, 0x08,
    0x33, 0xC9, 0xDE, 0x4C, 0xA8, 0x67, 0x54, 0x0B, 0x2A, 0x8F, 0xD2, 0xA3, 0x58, 0x81, 0x70, 0x54,
    0x78, 0x05, 0xB8, 0x76, 0x55, 0xA1, 0x87, 0xB9, 0xAA, 0x73, 0x54, 0x90, 0x3A, 0xB9, 0xC2, 0xAD,
    0x97, 0x6E, 0xDF, 0x72, 0x8C, 0x7F, 0xC2, 0xA8, 0xD3, 0xF6, 0x11, 0xEF, 0x5F, 0x67, 0x74, 0xBA,
    0x03, 0x7F, 0x0D, 0xA8, 0x7B, 0x3A, 0x7F, 0x50, 0xF1, 0xF8, 0x8B, 0xB1, 0x91, 0x49, 0xDC, 0x7E,
    0x6F, 0x06, 0xAC, 0xCC, 0xF7, 0x9B, 0x82, 0x58, 0xE8, 0xAD, 0x44, 0x09, 0xD0, 0x9B, 0xE2, 0xAC,
    0x15, 0xD7, 0xBB, 0x51, 0xEF, 0xA2, 0x1B, 0xD1, 0x2C, 0x16, 0x72, 0x3A, 0x07, 0x10, 0xB9, 0x0E,
    0x24, 0xC3, 0x93, 0x17, 0x17, 0x17, 0xD7, 0x87, 0x70, 0x4A, 0xA5, 0x4A, 0x8E, 0x18, 0x26, 0x18,
    0x8F, 0xE2, 0x3A, 0x1E, 0xBF, 0x7D, 0x09, 0x80, 0xDC, 0xA5, 0xD3, 0x9C, 0xBB, 0x97, 0x9C, 0x61,
    0x36, 0x70, 0x41, 0x1D, 0x41, 0x2F, 0xE3, 0x26, 0xC4, 0x19, 0xBF, 0xC9, 0xC4, 0x8A, 0x42, 0xC3,
    0xCB, 0x44, 0xBB, 0x41, 0x18, 0x85, 0x43, 0x38, 0x67, 0xA1, 0xE7, 0xAB, 0xC4, 0x8E, 0x77, 0x18,
    0x60, 0xB8, 0x59, 0xF6, 0x15, 0xD7, 0x44, 0x3C, 0x09, 0x00, 0xCF, 0xA8, 0x0B, 0x83, 0x46, 0x6A,
    0xA7, 0x2C, 0x95, 0xC5, 0x17, 0xF3, 0x99, 0xCB, 0xC4, 0x5F, 0x71, 0x4B, 0x7C, 0x97, 0xEC, 0x0B,
    0xF2, 0x05, 0x4E, 0x05, 0x43, 0x4E, 0x6B, 0x41, 0x2F, 0x74, 0x99, 0xAB, 0xD4, 0x1A, 0xC2, 0x83,
    0x99, 0x4B, 0x1E, 0x75, 0xD7, 0xC4, 0x92, 0x51, 0x33, 0x22, 0xDE, 0xE1, 0x34, 0xF0, 0xFF, 0x92,
    0x18, 0x58, 0xE6, 0x44, 0xEE, 0x49, 0x59, 0xCB, 0xC4, 0xE9, 0x81, 0x39, 0x1B, 0x9E, 0x6A, 0x3E,
    0xCB, 0xD9, 0xEC, 0xE0, 0xDC, 0x45, 0x68, 0x36, 0xE9, 0xC6, 0x84, 0x3F, 0x82, 0x0D, 0x40, 0xC6,
    0x70, 0x05, 0xAB, 0x88, 0xE7, 0xE8, 0xDB, 0x1D, 0xC5, 0x6C, 0xD8, 0x37, 0x73, 0xCD, 0xBB, 0x6E,
    0xCA, 0x7F, 0x77, 0xE9, 0x8E, 0xAF, 0xC6, 0x90, 0x1E, 0xD3, 0x0F, 0x75, 0x92, 0xEE, 0x62, 0x2B,
    0xD1, 0x29, 0xCD, 0xE7, 0xF2, 0xF1, 0xD7, 0x84, 0x8E, 0x89, 0x15, 0xF9, 0xEE, 0x0E, 0xC3, 0xBF,
    0xA7, 0x10, 0x4E, 0xD3, 0x68, 0xBB, 0x4B, 0xB7, 0xDD, 0x15, 0x03, 0xDA, 0x1D, 0xC3, 0x41, 0x73,
    0xC6, 0x36, 0x5F, 0x3D, 0x2F, 0x9F, 0x5B, 0xC8, 0xAD, 0x11, 0x0D, 0x7F, 0xFB, 0x3B, 0x8E, 0x15,
    0xF9, 0x13, 0x46, 0x38, 0x56, 0x8C, 0xFA, 0x25, 0x91, 0x8C, 0x50, 0x0F, 0x58, 0x46, 0xE8, 0xCD,
    0x54, 0xFC, 0x8E, 0x8E, 0x90, 0xF3, 0x6D, 0xC4, 0xB0, 0xCA, 0x1C, 0x08, 0x82, 0x98, 0x41, 0x32,
    0x0E, 0x8A, 0xED, 0xE2, 0xE2, 0xF9, 0xFB, 0x47, 0x48, 0xBA, 0xC3, 0x7F, 0x34, 0x04, 0xBC, 0xE1,
    0x58, 0xF9, 0x2A, 0x8D, 0x90, 0x07, 0xC9, 0x09, 0x2D, 0xF7, 0x53, 0xEA, 0x01, 0x97, 0x23, 0x78,
    0x46, 0xBB, 0xEB, 0xF7, 0x5F, 0x9D, 0xC7, 0xE0, 0xDB, 0x19, 0xCE, 0xFF, 0x07, 0x8D, 0xD9, 0x33,
    0x58, 0x32, 0x66, 0x3C, 0xC3, 0xBB, 0xB7, 0xF4, 0xDC, 0x1F, 0x8E, 0xF2, 0x94, 0xC4, 0xAD, 0x19,
    0xB2, 0xDD, 0x94, 0xE7, 0xF6, 0x2C, 0x47, 0x38, 0x71, 0xB6, 0x24, 0xF9, 0xE2, 0x54, 0xB3, 0xE4,
    0x9F, 0xCB, 0xF4, 0xD2, 0x7C, 0x16, 0x5C, 0xD0, 0x46, 0xB8, 0xFB, 0x29, 0xE7, 0x67, 0x34, 0xBB,
    0x94, 0xA9, 0xF8, 0x57, 0xEC, 0x01, 0xC7, 0xED, 0xF8, 0x05, 0x42, 0xF3, 0x04, 0xD4, 0xAB, 0xB0,
    0x09, 0x4A, 0x92, 0xA3, 0x4E, 0x5F, 0xAF, 0x83, 0x1D, 0x35, 0x28, 0x77, 0xB4, 0xCA, 0x61, 0x46,
    0xCD, 0xDC, 0x14, 0x38, 0xA2, 0xD2, 0x66, 0xEB, 0x08, 0x37, 0xA3, 0x0D, 0xB0, 0xFB, 0x6D, 0x2E,
    0xD0, 0x44, 0x1A, 0xB8, 0xC3, 0x57, 0xF3, 0x74, 0xBC, 0x9A, 0x8F, 0xE8, 0xB2, 0x94, 0x59, 0x8A,
    0x07, 0x8A, 0x4C, 0xCB, 0x3C, 0x2F, 0x45, 0x3E, 0x20, 0x45, 0x48, 0x4E, 0x49, 0x62, 0xAD, 0xE2,
    0x2B, 0xCE, 0x22, 0xA5, 0xCA, 0x52, 0x72, 0x11, 0x29, 0xFE, 0x00, 0x29, 0xB3, 0xD4, 0x5C, 0x8B,
    0x3C, 0xF6, 0xFF, 0x9B, 0x3C, 0x04, 0xAE, 0x87, 0xF4, 0xA4, 0x99, 0x9B, 0x56, 0x99, 0x80, 0x67,
    0x70, 0xBE, 0xE9, 0x7D, 0x0E, 0xC7, 0xF5, 0x2F, 0x71, 0x94, 0xDA, 0x79, 0x90, 0x2E, 0x47, 0x39,
    0xD0, 0xCD, 0x70, 0x2B, 0x18, 0x21, 0x27, 0x3D, 0x9E, 0x18, 0x71, 0x6C, 0x2D, 0x43, 0xDA, 0xF5,
    0xFC, 0x97, 0xDC, 0xA5, 0x65, 0xE7, 0xA1, 0xE3, 0xF7, 0x32, 0x47, 0xCA, 0x8A, 0xF3, 0x65, 0xD6,
    0xCF, 0x4C, 0xCB, 0x70, 0xC5, 0x8A, 0x7D, 0x62, 0x1D, 0x91, 0x68, 0xBC, 0xD0, 0x4E, 0x42, 0x22,
    0xF1, 0x97, 0x9B, 0xF0, 0x17, 0x14, 0x92, 0xA3, 0x52, 0xAE, 0xEE, 0xD4, 0x92, 0x0C, 0xC2, 0x21,
    0xE6, 0x36, 0x85, 0x86, 0x63, 0xFE, 0x6B, 0x5E, 0xCD, 0x50, 0x31, 0xC8, 0xB8, 0x90, 0xC2, 0xA7,
    0x29, 0xDE, 0x8A, 0xAF, 0xE2, 0x69, 0xF9, 0x10, 0xE3, 0xFB, 0x48, 0x9E, 0x09, 0x90, 0x42, 0xF3,
    0xA5, 0x4B, 0xC0, 0xF2, 0xC7, 0xDC, 0x2A, 0x46, 0xB1, 0xDE, 0x26, 0x5F, 0x24, 0x81, 0x8A, 0xB2,
    0xB9, 0x23, 0x4C, 0xAF, 0x22, 0xF5, 0x2C, 0x58, 0x8F, 0x78, 0x4D, 0xFB, 0x61, 0xE9, 0xFE, 0x15,
    0x5A, 0x15, 0xD7, 0xE2, 0x3C, 0xA6, 0x0B, 0xF2, 0xCC, 0xCA, 0x77, 0x94, 0x6F, 0xE7, 0x74, 0x2F,
    0x40, 0xF5, 0xE0, 0xC9, 0x56, 0x7C, 0xC5, 0x93, 0x4D, 0x5F, 0x89, 0xE8, 0xB8, 0xE3, 0x14, 0x20,
    0x35, 0x47, 0xE7, 0x61, 0xF4, 0xAD, 0xD1, 0x6E, 0xB2, 0x6B, 0x02, 0x72, 0x3F, 0x83, 0x70, 0x08,
    0x68, 0xD8, 0x67, 0xE6, 0x33, 0xE7, 0x65, 0xBA, 0xC4, 0x1D, 0x46, 0x5B, 0xC8, 0x27, 0x2B, 0x4E,
    0xF4, 0x80, 0xF6, 0xA2, 0x2F, 0x81, 0xE3, 0x2D, 0x00, 0xC8, 0xBF, 0xA7, 0xF0, 0x39, 0x86, 0xC4,
    0xBF, 0x20, 0x51, 0xE9, 0x0B, 0xBC, 0x64, 0xD4, 0xAF, 0xC3, 0xF2, 0xD4, 0xC9, 0x5C, 0xE0, 0x32,
    0x57, 0x19, 0x9F, 0xCC, 0x21, 0xDC, 0xA3, 0x0B, 0xF9, 0xAA, 0xD2, 0xDF, 0x5F, 0x57, 0x0A, 0x94,
    0xE4, 0x0F, 0xA4, 0xE5, 0x77, 0x49, 0x94, 0xFC, 0x39, 0x43, 0xE2, 0xFC, 0x54, 0x2F, 0x04, 0x3E,
    0x87, 0x39, 0xCF, 0x7E, 0x99, 0x7B, 0x0F, 0x38, 0x75, 0xFC, 0xA5, 0xDB, 0xB7, 0xC7, 0xE3, 0x1F,
    0xFC, 0xE0, 0xF8, 0x9C, 0x38, 0x99, 0x1A, 0x8A, 0xFA, 0x4A, 0xED, 0xF5, 0xF5, 0xFA, 0x48, 0x5F,
    0xD6, 0x3B, 0x52, 0xCB, 0xD4, 0x94, 0xE0, 0xED, 0x23, 0x3D, 0x48, 0x2F, 0x6B, 0x21, 0xF0, 0x45,
    0xEC, 0x98, 0xF0, 0x84, 0xE3, 0xAF, 0x81, 0x96, 0x8C, 0x90, 0x6F, 0x99, 0x6E, 0x49, 0xF8, 0x8D,
    0x96, 0x7F, 0xCA, 0xD5, 0xF2, 0xA7, 0xE2, 0xF6, 0xDB, 0x8C, 0x25, 0xF7, 0x36, 0x16, 0x0C, 0x46,
    0x92, 0x29, 0xB3, 0x24, 0x00, 0x27, 0x2C, 0x0F, 0x85, 0x52, 0x50, 0x73, 0x05, 0x06, 0x72, 0xCE,
    0xC0, 0x53, 0x3F, 0x44, 0x49, 0x2E, 0x86, 0x0C, 0x76, 0x31, 0x71, 0x98, 0xAA, 0xE8, 0xA6, 0x2A,
    0xB8, 0xA5, 0xB8, 0x74, 0x5B, 0x5E, 0xF5, 0x2C, 0x65, 0xB0, 0xE4, 0xB1, 0x30, 0xA2, 0x93, 0xA4,
    0xD0, 0xF1, 0x3F, 0xC1, 0xF0, 0x26, 0x2A, 0x12, 0xD5, 0xCE, 0xBE, 0xDA, 0x5C, 0xAA, 0x6B, 0x49,
    0xDF, 0x90, 0xA3, 0x7E, 0x83, 0x6F, 0xE6, 0x7C, 0x74, 0xE9, 0x18, 0x64, 0x7A, 0xCC, 0xE8, 0x48,
    0x3F, 0x90, 0xFE, 0x9B, 0x7C, 0xFF, 0x55, 0x79, 0x64, 0xBF, 0xCF, 0x91, 0xE7, 0x88, 0x07, 0xA8,
    0xCB, 0x4E, 0x40, 0xCB, 0x35, 0xA7, 0x6E, 0xBA, 0x59, 0xCE, 0x69, 0x3F, 0xA4, 0xE2, 0x5C, 0xE5,
    0x7A, 0xE5, 0xA3, 0x90, 0x63, 0x49, 0xAA, 0x54, 0xBC, 0x08, 0x18, 0x8C, 0x88, 0x23, 0x73, 0xC2,
    0x13, 0x49, 0xC0, 0x70, 0x71, 0xC4, 0x99, 0x5B, 0x00, 0xC9, 0x46, 0x2E, 0xEE, 0x89, 0x86, 0x13,
    0x86, 0xB1, 0x4A, 0xB4, 0x10, 0xDE, 0xD4, 0xBB, 0x7A, 0x13, 0xA0, 0x47, 0x84, 0xA4, 0xD3, 0x01,
    0x32, 0x37, 0xA4, 0xC1, 0x58, 0x25, 0x76, 0xB1, 0x5E, 0x24, 0x4C, 0x9A, 0x29, 0x91, 0x26, 0xB1,
    0xE1, 0x8B, 0x23, 0x50, 0xF1, 0x0E, 0x84, 0x4C, 0x2C, 0x78, 0xFC, 0x1A, 0x29, 0x0C, 0xC2, 0x61,
    0xC5, 0xBD, 0xCD, 0x92, 0xB8, 0x06, 0xC7, 0x49, 0x0C, 0x27, 0x46, 0xCD, 0x05, 0xEC, 0xEB, 0xA8,
    0xE3, 0xCA, 0xA9, 0x5A, 0x01, 0xB9, 0xC5, 0x49, 0x7A, 0xD4, 0x9B, 0x14, 0xC3, 0xF9, 0x9A, 0xBE,
    0x96, 0x67, 0xE7, 0x1B, 0x7A, 0x71, 0xC0, 0x06, 0xE3, 0x56, 0x23, 0x46, 0x6C, 0xBB, 0xD0, 0xF6,
    0x40, 0x1B, 0xAD, 0x89, 0x1D, 0x00, 0xB3, 0x5D, 0x33, 0x9B, 0x15, 0x63, 0xBF, 0xD1, 0xEC, 0xD7,
    0x20, 0x7E, 0xBE, 0x51, 0xF1, 0x0D, 0x75, 0x32, 0x54, 0x8C, 0x6A, 0xF8, 0x9C, 0xDD, 0x97, 0xF9,
    0x97, 0x87, 0x1C, 0x93, 0x6A, 0x80, 0x13, 0xDC, 0x72, 0x32, 0x86, 0xE9, 0x9E, 0xE7, 0x12, 0xF5,
    0x96, 0x32, 0x01, 0x4A, 0x46, 0x2D, 0x15, 0xB1, 0x03, 0x76, 0x2B, 0x22, 0x60, 0xF8, 0x9C, 0x07,
    0xF2, 0x5F, 0x62, 0x0A, 0xF2, 0x48, 0x51, 0xE5, 0xB2, 0x92, 0xC2, 0xFC, 0x0D, 0xD9, 0x47, 0xD2,
    0x4D, 0xB3, 0xB8, 0x00, 0xB4, 0x93, 0x5C, 0xB6, 0x30, 0x04, 0x76, 0x34, 0x32, 0x1A, 0x30, 0x5C,
    0x1D, 0x3D, 0xC9, 0x4C, 0xE8, 0x46, 0xC6, 0x8E, 0x3E, 0xB1, 0xA5, 0x6F, 0x39, 0x15, 0x44, 0xC3,
    0x11, 0xF9, 0xCB, 0xE4, 0x28, 0x2C, 0xF5, 0xA5, 0xAC, 0x83, 0xE6, 0xF3, 0x88, 0x35, 0xB3, 0x8E,
    0x92, 0x0E, 0x91, 0x19, 0x81, 0x76, 0xEB, 0x74, 0x4C, 0xAC, 0x0E, 0x88, 0x0C, 0x4B, 0x1E, 0x93,
    0x92, 0xF1, 0xF8, 0x97, 0x7B, 0xA9, 0x2C, 0xCC, 0xB7, 0x6F, 0x67, 0xE5, 0x24, 0x1C, 0x46, 0x21,
    0x05, 0xC5, 0x2E, 0xAC, 0xA3, 0xB0, 0x0B, 0x57, 0x49, 0x88, 0x65, 0x9F, 0xDF, 0x52, 0xC7, 0x66,
    0x48, 0xAE, 0x19, 0x77, 0x5F, 0xE7, 0x62, 0xA6, 0x8A, 0x53, 0xDB, 0x1B, 0xF6, 0x2D, 0xDA, 0xFD,
    0xC8, 0xF5, 0xE9, 0xAF, 0xFE, 0x97, 0x49, 0xA3, 0xEA, 0x94, 0xFE, 0x63, 0x38, 0x5D, 0xFC, 0x1B,
    0x89, 0x8A, 0x58, 0x73, 0x44, 0x34, 0x44, 0x19, 0x2D, 0x6F, 0xDF, 0x09, 0x03, 0xC9, 0x0C, 0xE0,
    0xA5, 0xD7, 0x50, 0x27, 0xED, 0xF8, 0x9A, 0x36, 0x38, 0x04, 0xC0, 0xAD, 0x0F, 0x3E, 0xB8, 0x9E,
    0xBE, 0x17, 0x9D, 0xC0, 0x1D, 0x7A, 0xBC, 0x90, 0x5F, 0xA0, 0x72, 0xFE, 0x5F, 0xAE, 0xEF, 0x42,
    0x76, 0xBE, 0xE3, 0x75, 0x34, 0xE2, 0xC3, 0x9D, 0xF5, 0x56, 0x7C, 0x98, 0x4D, 0x5E, 0x98, 0x24,
    0xF0, 0xBA, 0xF6, 0xB6, 0x48, 0x6F, 0x0F, 0x71, 0xAC, 0x79, 0x34, 0x3A, 0xF6, 0x7A, 0xA7, 0xA5,
    0xDE, 0xED, 0xA5, 0x9E, 0x73, 0xEB, 0x43, 0xB5, 0x51, 0xD0, 0xEB, 0x1D, 0x92, 0x3D, 0xDC, 0xAF,
    0x81, 0x72, 0x47, 0x21, 0x0B, 0x46, 0x19, 0x3A, 0x86, 0x72, 0xB5, 0xCF, 0xB1, 0xF2, 0x16, 0xEE,
    0x03, 0x7F, 0x13, 0x1D, 0xE7, 0x9B, 0xA8, 0xD9, 0x43, 0xB6, 0x7F, 0x06, 0xB4, 0x94, 0x01, 0xC4,
    0x1E, 0xC9, 0x19, 0xC7, 0x7F, 0xBB, 0x9B, 0x7C, 0x4B, 0x17, 0x5B, 0x34, 0x90, 0x72, 0x5B, 0x40,
    0x04, 0x59, 0x00, 0x68, 0xBE, 0x99, 0x3A, 0x04, 0xE0, 0xD0, 0x00, 0x28, 0x14, 0x04, 0x0E, 0x00,
    0xDE, 0x7C, 0xBB, 0x6D, 0x50, 0x80, 0x00, 0x00, 0x0E, 0x41, 0xFA, 0x42, 0xA0, 0x28, 0xFD, 0x92,
    0x1D, 0x77, 0x28, 0xC0, 0x16, 0x2D, 0x80, 0x45, 0x0A, 0x0A, 0xCB, 0x6D, 0x99, 0x4B, 0x66, 0xF7,
    0xDF, 0x7D, 0xBC, 0x6F, 0x22, 0xA9, 0x26, 0xA0, 0x37, 0xB3, 0xF3, 0xFB, 0x31, 0xB3, 0x33, 0x0F,
    0xCF, 0xC3, 0x93, 0xF9, 0x26, 0xBA, 0xE4, 0x56, 0x97, 0xDA, 0x74, 0x31, 0x01, 0xE4, 0x4F, 0xCB,
    0xA9, 0x9C, 0xAB, 0x7D, 0xD6, 0x36, 0x97, 0x7D, 0xC6, 0x26, 0x36, 0xA9, 0xDD, 0xA7, 0x3B, 0xCD,
    0xD5, 0xAD, 0x70, 0x80, 0x0F, 0xF0, 0x73, 0x45, 0x32, 0x49, 0xBE, 0xDC, 0x31, 0xD6, 0xDB, 0x41,
    0x93, 0x4B, 0x87, 0x6E, 0x72, 0xF1, 0xE0, 0xC6, 0x61, 0x39, 0x38, 0x3F, 0xCC, 0x07, 0xD0, 0xA7,
    0x30, 0x18, 0xF6, 0xFF, 0x60, 0xBF, 0x46, 0x70, 0xEB, 0xA1, 0x18, 0x6B, 0xA5, 0x36, 0xD8, 0x7B,
    0x21, 0x93, 0x36, 0x8B, 0x31, 0xF1, 0xDF, 0x71, 0x01, 0xC8, 0x25, 0x4F, 0x2B, 0xCD, 0x0C, 0xCB,
    0x10, 0x51, 0x68, 0x53, 0xAE, 0xBE, 0x4E, 0x85, 0x7C, 0x1D, 0x0B, 0x51, 0x4F, 0x85, 0x3C, 0x14,
    0xEA, 0x21, 0x37, 0xA0, 0x00, 0xB7, 0xF4, 0xCF, 0x87, 0x38, 0x49, 0x27, 0xD0, 0x2E, 0x40, 0x13,
    0x81, 0x3A, 0xBD, 0x47, 0x34, 0xCC, 0x40, 0x3B, 0x02, 0xCE, 0x53, 0x20, 0xF9, 0xBA, 0x94, 0xA4,
    0xF6, 0x1D, 0xB6, 0xD6, 0x57, 0x8A, 0x3F, 0x85, 0x9B, 0x1E, 0x80, 0x2F, 0xF0, 0x5F, 0xE0, 0x5E,
    0x6C, 0x9D, 0x6F, 0xA4, 0x8D, 0x6A, 0xFB, 0x4D, 0xA4, 0x9A, 0xF2, 0x44, 0x1D, 0xD8, 0xD1, 0xF3,
    0x98, 0xC6, 0x73, 0x69, 0xB8, 0xB2, 0xBD, 0x97, 0xD4, 0x63, 0x96, 0xA8, 0x62, 0x15, 0xB1, 0x1B,
    0x38, 0x69, 0xF0, 0xF7, 0xF2, 0x67, 0x0D, 0x37, 0xD8, 0xBF, 0x41, 0xB1, 0x55, 0x90, 0xD2, 0xCE,
    0x56, 0x63, 0x29, 0x5F, 0xAB, 0xCF, 0x13, 0xC5, 0xCE, 0x65, 0x67, 0x28, 0x66, 0x32, 0x8D, 0xC5,
    0x04, 0x9A, 0xAB, 0x00, 0xDD, 0x5C, 0xF7, 0xE0, 0x62, 0x03, 0xB4, 0xE9, 0x12, 0xA8, 0xD7, 0x03,
    0x50, 0x29, 0x01, 0x85, 0x16, 0x28, 0x25, 0xA5, 0x33, 0xF3, 0xA3, 0xDE, 0x3C, 0x03, 0x34, 0x41,
    0xF6, 0x50, 0xFF, 0xFE, 0xF5, 0x47, 0xA7, 0xA7, 0xFD, 0x33, 0x33, 0xCD, 0x40, 0xA1, 0x08, 0x0C,
    0x52, 0x38, 0xF3, 0x79, 0xFA, 0x68, 0x3C, 0x07, 0x00, 0xD2, 0xC7, 0x83, 0x0B, 0x3B, 0x18, 0x34,
    0x52, 0x68, 0x88, 0xD4, 0x73, 0x99, 0x68, 0xC7, 0x62, 0xC5, 0x85, 0xDC, 0x90, 0x45, 0xDC, 0xC8,
    0x53, 0xDA, 0x19, 0xA8, 0x37, 0xA0, 0xB2, 0xA0, 0xB5, 0x36, 0x70, 0x76, 0xAD, 0xAB, 0x14, 0x19,
    0x18, 0xC4, 0xE0, 0x2B, 0xF9, 0x2E, 0x64, 0x0A, 0x2E, 0xD2, 0x85, 0x56, 0xBD, 0x0B, 0xFB, 0xA1,
    0xDB, 0x77, 0xD4, 0x79, 0x5A, 0x09, 0x72, 0x25, 0xC0, 0x19, 0xCA, 0x8D, 0xDC, 0x23, 0x9A, 0x9E,
    0x01, 0x17, 0xE8, 0x0C, 0x03, 0x6E, 0x62, 0xA5, 0x89, 0x45, 0xA2, 0x92, 0x2C, 0x87, 0xF2, 0x90,
    0x79, 0xB8, 0xC9, 0x0D, 0x5C, 0xE8, 0xFA, 0x61, 0x54, 0xB0, 0xD5, 0x85, 0x21, 0xDC, 0xF6, 0xF7,
    0x78, 0x3F, 0xBE, 0x56, 0xE4, 0x94, 0xC4, 0x00, 0xEE, 0x87, 0xEC, 0xEB, 0x08, 0xF2, 0xE4, 0xA2,
    0x88, 0x80, 0xEB, 0xEB, 0xE9, 0x42, 0x4B, 0x3D, 0x36, 0x7D, 0xAB, 0xB5, 0x98, 0x1D, 0xF2, 0xCA,
    0xE2, 0x65, 0x9E, 0x70, 0xA4, 0xEB, 0x62, 0xE1, 0x0E, 0xD7, 0xA9, 0x9C, 0x81, 0xFB, 0xA9, 0x32,
    0x5D, 0xC6, 0xFA, 0x7F, 0x28, 0x9D, 0x75, 0xFA, 0xC5, 0xEE, 0xC1, 0xF5, 0x55, 0x91, 0x28, 0x49,
    0x0E, 0xD1, 0x66, 0xB1, 0xE9, 0x3B, 0x8B, 0x50, 0x8F, 0x95, 0x96, 0x6A, 0x2A, 0x16, 0x6E, 0xD1,
    0x86, 0x6C, 0x83, 0x4C, 0xE0, 0x16, 0xDA, 0x04, 0x95, 0xA4, 0x11, 0x18, 0xB4, 0x82, 0xD5, 0x18,
    0xB8, 0xD0, 0x42, 0xAB, 0x0D, 0x17, 0x44, 0x1B, 0xE4, 0x41, 0xFE, 0x42, 0xF2, 0xEE, 0x8D, 0xFC,
    0x10, 0xE4, 0xD5, 0xEF, 0xEB, 0x77, 0xFB, 0xFA, 0x97, 0x82, 0xDB, 0xDC, 0x5C, 0xBD, 0xBE, 0xFD,
    0x0D, 0x55, 0xDF, 0x80, 0xF3, 0x1D, 0x28, 0x5B, 0xC9, 0x57, 0xCB, 0x5C, 0xAA, 0x17, 0x9A, 0xC5,
    0xCD, 0x74, 0xB3, 0x46, 0x2C, 0x5B, 0x27, 0xB8, 0x79, 0x98, 0xA8, 0x97, 0x76, 0xA6, 0x4C, 0x75,
    0x24, 0xB3, 0x9F, 0x19, 0xD8, 0xA0, 0xF5, 0x0E, 0x2E, 0xFC, 0x4F, 0x90, 0xA4, 0xDE, 0x10, 0x06,
    0x03, 0x50, 0x7F, 0x1E, 0xFD, 0xAD, 0x87, 0x5F, 0x39, 0xA5, 0x77, 0x5F, 0xFC, 0x44, 0x3D, 0x22,
    0x56, 0x0F, 0x41, 0x26, 0x2C, 0x67, 0xB4, 0x7D, 0xFD, 0x8F, 0xE3, 0xD1, 0x57, 0x63, 0xF3, 0x07,
    0x29, 0x5A, 0x3D, 0x86, 0x8B, 0x95, 0x78, 0x1F, 0xC7, 0x40, 0xBA, 0xC6, 0xE1, 0x38, 0x24, 0x4C,
    0xF7, 0xE3, 0x8E, 0x8E, 0xCB, 0x5D, 0xD9, 0x8A, 0x49, 0xCB, 0x49, 0x01, 0x53, 0x3D, 0x71, 0x99,
    0x70, 0xE5, 0xBC, 0xD7, 0x03, 0x57, 0x24, 0x0E, 0x8F, 0x71, 0x6C, 0x5C, 0xDB, 0xAD, 0x81, 0xD8,
    0x3C, 0xD0, 0xE2, 0xBE, 0x9F, 0xEB, 0xBF, 0x6A, 0x69, 0xDE, 0x4E, 0xC5, 0x0C, 0xE7, 0x7A, 0x20,
    0x70, 0xAF, 0x69, 0x3E, 0x51, 0x0F, 0x27, 0x69, 0xE9, 0x76, 0xC4, 0xBB, 0xC7, 0xE3, 0xF1, 0x19,
    0x37, 0x20, 0xD7, 0x44, 0xAD, 0x84, 0x7B, 0x2B, 0x2C, 0xE9, 0x03, 0xAE, 0x7F, 0x45, 0xDB, 0xDB,
    0xEA, 0x70, 0xDE, 0xFD, 0x5D, 0x34, 0x5A, 0x29, 0xB5, 0xC0, 0x23, 0x0F, 0xF9, 0x04, 0x14, 0xF3,
    0x67, 0x60, 0x79, 0x0E, 0x1F, 0x64, 0xDC, 0xF6, 0x3E, 0x8B, 0x0F, 0xC6, 0xF0, 0xBE, 0x5A, 0x32,
    0x94, 0x1A, 0x69, 0x95, 0x70, 0xDF, 0x6E, 0x74, 0xBF, 0x12, 0x2E, 0x13, 0x17, 0xD9, 0x06, 0x79,
    0x82, 0x22, 0x42, 0x3D, 0x59, 0xE2, 0x61, 0xB5, 0x87, 0x0A, 0xDF, 0x84, 0xA2, 0xEF, 0x8E, 0x2F,
    0xFA, 0x41, 0xB2, 0xE5, 0x1F, 0x1D, 0x8F, 0xE4, 0xEF, 0xDE, 0xF8, 0xFD, 0x46, 0x97, 0x9D, 0xDE,
    0x20, 0xDF, 0xA0, 0x4C, 0x64, 0x9A, 0xC8, 0xB5, 0x40, 0x79, 0x4E, 0x1E, 0x43, 0xFF, 0x27, 0x06,
    0x9F, 0x10, 0x7A, 0xB0, 0x61, 0x75, 0xB9, 0xD8, 0x3C, 0x68, 0xCE, 0x35, 0x5A, 0xAF, 0x4F, 0xB4,
    0x33, 0x9D, 0xE7, 0x67, 0x9C, 0xC7, 0xB0, 0x30, 0xCC, 0xFF, 0x4F, 0x6A, 0x67, 0xC4, 0x98, 0x72,
    0x2D, 0x68, 0x2D, 0x15, 0x91, 0xD4, 0xAD, 0x3B, 0xB7, 0x46, 0x21, 0x0D, 0x31, 0xDF, 0x79, 0xD3,
    0x03, 0x2B, 0x00, 0x9B, 0x01, 0x9D, 0xD8, 0x63, 0x8C, 0x18, 0x93, 0xB1, 0x8B, 0xC6, 0x66, 0x32,
    0xB2, 0x67, 0xE4, 0xD8, 0x97, 0xB2, 0xE4, 0x36, 0x3B, 0xB6, 0xDE, 0x69, 0x2B, 0x67, 0x8C, 0x13,
    0xC3, 0x27, 0xD8, 0x19, 0x71, 0x1F, 0xB0, 0x36, 0x52, 0x1A, 0xE1, 0xD1, 0x2B, 0x23, 0x97, 0x3F,
    0x02, 0xAF, 0x8C, 0x6C, 0xE5, 0x02, 0xED, 0x56, 0x2A, 0xE0, 0x8C, 0x00, 0x90, 0xE1, 0xE6, 0x21,
    0xDA, 0x74, 0x73, 0xD5, 0xF3, 0x15, 0xF9, 0x4C, 0xF1, 0x03, 0x85, 0x7A, 0xBA, 0x91, 0x66, 0xA2,
    0x9D, 0xEE, 0x0E, 0xC1, 0xA9, 0x77, 0x2B, 0xB4, 0x3D, 0x0A, 0x95, 0x82, 0xEB, 0xC2, 0x7D, 0x17,
    0xF8, 0xCC, 0x37, 0x8C, 0x4E, 0xBA, 0x7D, 0x3C, 0x66, 0x8A, 0xD4, 0x92, 0xDF, 0x83, 0x84, 0x2E,
    0xB8, 0x69, 0x08, 0xED, 0xAC, 0xD0, 0xD8, 0xDA, 0x77, 0x6C, 0xB5, 0xB3, 0xDB, 0xF7, 0xDB, 0x65,
    0x08, 0x95, 0x04, 0x2F, 0x5E, 0xF3, 0x98, 0x3F, 0x83, 0x63, 0x80, 0x36, 0xB8, 0x9E, 0x7A, 0x6E,
    0xA7, 0x53, 0xF3, 0x2A, 0xB6, 0x6A, 0x25, 0xD7, 0x13, 0x81, 0xBE, 0x55, 0x6F, 0xF0, 0xB9, 0xBE,
    0x14, 0xC5, 0x5A, 0x25, 0x2A, 0x6B, 0xC5, 0xF5, 0xD4, 0x8E, 0x76, 0xCD, 0xE3, 0x78, 0x05, 0x77,
    0xF8, 0x2D, 0xE0, 0x80, 0x4B, 0xC8, 0x05, 0xBC, 0x84, 0xC6, 0x9C, 0x40, 0x82, 0x7C, 0x81, 0xEB,
    0x01, 0x8A, 0x19, 0xD8, 0x5D, 0x8D, 0x27, 0xD7, 0xE1, 0xE4, 0xD6, 0x9F, 0xEC, 0x38, 0xF9, 0xE5,
    0xD9, 0x09, 0xB3, 0x5D, 0x7F, 0x65, 0x2E, 0xE6, 0x5C, 0x20, 0xAA, 0xB1, 0x10, 0x99, 0x9E, 0xD6,
    0xA1, 0x16, 0x9D, 0xD6, 0xD6, 0xDF, 0x13, 0x77, 0x8F, 0xCF, 0x1D, 0x07, 0x61, 0xD1, 0x99, 0xCD,
    0xA4, 0x62, 0x12, 0x16, 0xBD, 0x0A, 0xC2, 0xA2, 0x37, 0x98, 0x2B, 0xCB, 0x5A, 0xB2, 0xE8, 0xE6,
    0x53, 0x74, 0x01, 0x0E, 0xCC, 0x16, 0x3D, 0x53, 0x0F, 0x76, 0xA4, 0x05, 0x80, 0xDB, 0xC7, 0x6F,
    0xB0, 0xDF, 0xAE, 0xED, 0x68, 0x77, 0x82, 0x6A, 0x77, 0xB1, 0xC0, 0x30, 0xEC, 0x9E, 0xE1, 0xB0,
    0xBB, 0x1E, 0x01, 0x73, 0x38, 0xD9, 0xF9, 0xB3, 0x39, 0x79, 0x3D, 0x3B, 0x9D, 0x5C, 0x2C, 0x67,
    0xCF, 0xED, 0x66, 0xAE, 0xFF, 0x26, 0x05, 0xF3, 0x77, 0xA9, 0x99, 0x33, 0x8D, 0xEE, 0xCB, 0x3D,
    0xD9, 0x4E, 0x9B, 0xCB, 0x97, 0x7A, 0xBE, 0x7B, 0xFC, 0xE3, 0xCA, 0x2F, 0xEA, 0x19, 0x48, 0xD0,
    0x4C, 0x58, 0x74, 0x5C, 0x38, 0x37, 0x32, 0xB0, 0xE8, 0x59, 0x34, 0x07, 0xAA, 0x09, 0x2C, 0x7A,
    0xEB, 0xEF, 0x80, 0x83, 0xC4, 0x2F, 0x61, 0xA5, 0x78, 0x73, 0x4C, 0x90, 0x28, 0xA5, 0x44, 0xB1,
    0x98, 0x23, 0x40, 0xBE, 0x77, 0xD8, 0x5C, 0x23, 0x3C, 0x86, 0x56, 0x09, 0x12, 0x58, 0x0F, 0xB2,
    0xE7, 0xBA, 0x4C, 0x58, 0x04, 0xB7, 0xBB, 0x9C, 0x80, 0x7C, 0xB3, 0x08, 0x50, 0x26, 0x9A, 0x1E,
    0x32, 0x4D, 0x38, 0x20, 0xD7, 0xC2, 0x15, 0xB6, 0xBF, 0x91, 0xCC, 0xC8, 0xAE, 0x03, 0xC3, 0x93,
    0x39, 0x8F, 0xEC, 0xBD, 0xEA, 0xC1, 0x54, 0x25, 0x12, 0xDA, 0xEB, 0x96, 0xAC, 0x67, 0x35, 0xBD,
    0x4B, 0x38, 0x2D, 0x8E, 0xBF, 0x24, 0xEB, 0x5D, 0x57, 0xD9, 0xF7, 0xE9, 0x54, 0xB7, 0xEF, 0xCC,
    0x59, 0xAC, 0x9F, 0x98, 0xF7, 0xF4, 0x14, 0xE6, 0x72, 0x3A, 0x98, 0xA9, 0x83, 0xA4, 0x19, 0x9A,
    0xFE, 0x64, 0x07, 0xB6, 0xCF, 0xD5, 0x7F, 0xCA, 0xB7, 0x62, 0x18, 0xCB, 0xAD, 0x2A, 0x7A, 0x6D,
    0x67, 0x62, 0x09, 0x4B, 0x38, 0xC5, 0x06, 0xA4, 0x04, 0xE1, 0x86, 0x2A, 0x90, 0xB8, 0x2F, 0x58,
    0x3B, 0xA4, 0x97, 0xB6, 0xD8, 0x81, 0x62, 0x8B, 0x34, 0x34, 0x50, 0x90, 0x96, 0x86, 0xD8, 0xA4,
    0x2F, 0x86, 0xBE, 0x48, 0x8A, 0x14, 0x61, 0x9A, 0xAD, 0x23, 0x2D, 0x3C, 0x43, 0x43, 0x41, 0x81,
    0x25, 0x10, 0x0D, 0x05, 0x26, 0xD1, 0x36, 0xA4, 0xC0, 0x28, 0x4E, 0xF0, 0x26, 0xCF, 0x3E, 0xFC,
    0x7B, 0xAE, 0xFD, 0xFF, 0x77, 0x46, 0x8B, 0x36, 0x49, 0xB2, 0xCC, 0x4C, 0xBC, 0xF2, 0x39, 0x6F,
    0x6C, 0x7F, 0xFB, 0xDC, 0xFB, 0xEC, 0xEB, 0x7B, 0x9F, 0xDF, 0x2E, 0xEC, 0xA9, 0x81, 0xE2, 0x1D,
    0xDA, 0x25, 0x94, 0xD4, 0x22, 0x4F, 0x31, 0x55, 0x13, 0x76, 0x9D, 0x42, 0xBD, 0x40, 0x0C, 0xBD,
    0xD8, 0xDB, 0xB2, 0x59, 0xDE, 0x54, 0xA0, 0x0A, 0x85, 0x50, 0x21, 0x99, 0xD4, 0x98, 0x51, 0x4F,
    0xD2, 0xD8, 0xFD, 0x6D, 0xD9, 0x94, 0x53, 0xC0, 0xA0, 0xD0, 0x1B, 0x3C, 0x50, 0x40, 0xE3, 0x06,
    0x26, 0x64, 0x11, 0x9A, 0x6C, 0x4E, 0xC0, 0xDC, 0x5D, 0xA4, 0xE2, 0x91, 0xA6, 0x45, 0xDD, 0x68,
    0x1E, 0xE4, 0x52, 0xF5, 0xC6, 0x99, 0x37, 0x8E, 0x66, 0x63, 0x71, 0xA5, 0xF1, 0xC9, 0x56, 0x63,
    0x80, 0x86, 0x1C, 0xA1, 0x5D, 0xB8, 0x27, 0x27, 0x0B, 0xA7, 0x18, 0xC9, 0x99, 0xF3, 0xE4, 0x3C,
    0x37, 0x2E, 0xD2, 0x99, 0xFC, 0x6A, 0x0A, 0xB2, 0x4F, 0x50, 0x92, 0x63, 0x46, 0xE4, 0x70, 0xA4,
    0x32, 0x3E, 0x6E, 0x2D, 0xD9, 0xD2, 0xDC, 0xA4, 0x13, 0x72, 0xDA, 0x9A, 0xB5, 0x19, 0x60, 0x29,
    0xE5, 0xCA, 0xA7, 0xA7, 0xD5, 0xAC, 0x6A, 0xE9, 0x1C, 0x86, 0xFA, 0x54, 0xD9, 0xD3, 0xCF, 0xF4,
    0xA1, 0x06, 0xC4, 0xC8, 0x9B, 0xE2, 0x94, 0xDB, 0x07, 0x81, 0xFA, 0x0A, 0x28, 0x57, 0x56, 0x05,
    0x8B, 0x61, 0xD4, 0x63, 0xC9, 0xAF, 0x19, 0x30, 0x18, 0x57, 0x8D, 0xF1, 0xEA, 0x9F, 0x5B, 0x5F,
    0x0D, 0xBF, 0x1C, 0xEC, 0xEA, 0xC8, 0x29, 0x06, 0x72, 0xFE, 0xAE, 0x27, 0x57, 0x35, 0xC8, 0x93,
    0xE4, 0x0D, 0xDD, 0xC2, 0x0A, 0xEC, 0xFA, 0xFB, 0xE5, 0xD9, 0x3A, 0xA0, 0x1E, 0x37, 0x46, 0x1D,
    0xCD, 0xC4, 0xEB, 0xD4, 0x01, 0x2C, 0xBA, 0x1C, 0xF5, 0xC6, 0x6D, 0x3A, 0x6D, 0x6E, 0x98, 0xEB,
    0xEE, 0x97, 0x27, 0x96, 0xD4, 0x0F, 0x02, 0xE3, 0xD7, 0x50, 0x6E, 0xF8, 0x45, 0xDB, 0xFE, 0xBC,
    0xFC, 0x5C, 0x6C, 0xF9, 0x8A, 0xC4, 0x17, 0x57, 0x5B, 0x78, 0x59, 0xED, 0xF8, 0xEB, 0x62, 0x87,
    0xF8, 0x85, 0xEF, 0x91, 0xD3, 0x7A, 0xDC, 0xD8, 0x1B, 0xA1, 0xFB, 0x5C, 0x7E, 0x98, 0x12, 0xF2,
    0xFF, 0xF2, 0x43, 0xF7, 0x88, 0x7E, 0x98, 0x3E, 0x85, 0x1F, 0xA6, 0x87, 0xF9, 0x41, 0x09, 0xD4,
    0x6E, 0x2D, 0xAA, 0x7E, 0x19, 0xF3, 0xF9, 0x5D, 0x6F, 0xE6, 0x4C, 0x12, 0xB1, 0x55, 0x14, 0x93,
    0x04, 0x6C, 0xFD, 0x62, 0xD7, 0x12, 0xB6, 0xFC, 0xDA, 0x0A, 0x07, 0x6D, 0x09, 0x0D, 0x58, 0x5B,
    0x49, 0xBB, 0xB6, 0xD2, 0x66, 0x6D, 0xE5, 0xE5, 0xDA, 0x2A, 0x68, 0x0A, 0x3D, 0xB2, 0x6F, 0x79,
    0x59, 0xF6, 0x46, 0xC3, 0xDA, 0x8A, 0x01, 0x58, 0x2B, 0xDD, 0xB7, 0xB2, 0x7F, 0x9E, 0x3B, 0x6B,
    0x15, 0xB2, 0x1E, 0xE7, 0xAC, 0x95, 0x53, 0x8E, 0xB6, 0x0A, 0x09, 0xF7, 0xAD, 0x68, 0xB4, 0x96,
    0xE3, 0x5B, 0xD5, 0xCD, 0xA7, 0x3F, 0x84, 0x00, 0xAD, 0xFA, 0x14, 0xDA, 0xEA, 0x96, 0xD6, 0xB2,
    0x04, 0x0E, 0x83, 0x5D, 0x4F, 0xC4, 0x4D, 0x77, 0xD0, 0x84, 0x68, 0x43, 0x74, 0x31, 0x4A, 0x41,
    0x97, 0xEA, 0xC6, 0x36, 0x9F, 0x34, 0xD2, 0xEA, 0x9B, 0xFF, 0x3B, 0x52, 0x79, 0x0A, 0x20, 0x62,
    0x7C, 0x54, 0xB4, 0xE3, 0x2B, 0x62, 0x61, 0x38, 0x2B, 0xB2, 0x17, 0xDB, 0x44, 0xFB, 0xAE, 0x8B,
    0x30, 0xE8, 0x20, 0x1B, 0x18, 0xC3, 0x72, 0xEA, 0x09, 0xC1, 0xDB, 0x21, 0xBE, 0x2F, 0x8A, 0x23,
    0xFD, 0x0C, 0xF3, 0x40, 0xC3, 0x93, 0x1C, 0xF0, 0xDC, 0x86, 0xF5, 0x60, 0x51, 0x71, 0x2D, 0xAC,
    0xE8, 0x88, 0xF5, 0x47, 0x21, 0x6A, 0xAA, 0x68, 0xB9, 0xA9, 0xDF, 0x86, 0x45, 0xF0, 0xBA, 0x86,
    0x77, 0xF0, 0xD1, 0xB9, 0xFA, 0xA1, 0x93, 0x8C, 0x98, 0x5E, 0x40, 0x91, 0x87, 0x23, 0x30, 0x1A,
    0xDA, 0x96, 0x47, 0xC0, 0x60, 0x50, 0x0C, 0x89, 0xD1, 0x82, 0x31, 0xEE, 0x9F, 0xBE, 0xD2, 0x53,
    0x8F, 0xA1, 0xEA, 0x25, 0x2C, 0x8F, 0x0E, 0x6F, 0x67, 0x0B, 0xEF, 0x79, 0x4F, 0xBB, 0x68, 0xDD,
    0x0D, 0xB9, 0x4A, 0x16, 0x39, 0x7B, 0x7B, 0x0D, 0x34, 0x88, 0x99, 0xEE, 0x87, 0x60, 0x8F, 0xAA,
    0x31, 0x8E, 0xD5, 0xC5, 0x6D, 0x09, 0xCA, 0xAB, 0x63, 0x51, 0x20, 0x01, 0xCB, 0xF9, 0xBC, 0xD5,
    0x6E, 0x29, 0x34, 0x57, 0x57, 0xD4, 0x76, 0x27, 0x12, 0xD7, 0x09, 0x3B, 0xE9, 0x0A, 0xF5, 0x51,
    0xE1, 0xB5, 0xB8, 0xB7, 0x92, 0x81, 0x6F, 0x47, 0xB5, 0x23, 0x19, 0xF6, 0x8F, 0x4E, 0x01, 0xF4,
    0xBA, 0x7E, 0x03, 0xF3, 0x2D, 0x3E, 0xE6, 0x6E, 0xFC, 0x42, 0xD7, 0x00, 0xD3, 0xFE, 0x1A, 0xAC,
    0x1F, 0x12, 0xD4, 0xBC, 0xED, 0x8B, 0xC1, 0xA2, 0xC0, 0xBC, 0x97, 0x22, 0xF4, 0x25, 0x3D, 0xF9,
    0xA0, 0x0C, 0xD1, 0xD3, 0xCA, 0x2F, 0x72, 0x8D, 0x31, 0xEC, 0xAF, 0x21, 0xDA, 0xAB, 0xF0, 0x12,
    0x62, 0x96, 0xD8, 0xA3, 0x4C, 0x3B, 0x1D, 0x54, 0x48, 0xFA, 0x1B, 0x54, 0xF3, 0x78, 0xFD, 0xF2,
    0x84, 0x3C, 0x21, 0x55, 0xED, 0x4A, 0x34, 0xF6, 0xCF, 0x35, 0xA8, 0x5F, 0x10, 0x0E, 0x56, 0x3F,
    0x66, 0xBF, 0x70, 0xE5, 0x90, 0x9C, 0xBD, 0xBF, 0x76, 0xF7, 0xB4, 0x43, 0xA3, 0x07, 0x85, 0x18,
    0x94, 0xA4, 0xF2, 0xA4, 0x1C, 0xA4, 0x14, 0xB5, 0x52, 0x82, 0x46, 0x29, 0x5A, 0xA9, 0x35, 0xEA,
    0x8C, 0x7A, 0x07, 0xF4, 0x07, 0xE2, 0xC6, 0x95, 0xBA, 0x0D, 0xB5, 0xA6, 0xA6, 0xB1, 0x73, 0xD6,
    0x76, 0x05, 0xBB, 0xDE, 0x7C, 0x74, 0x75, 0xF5, 0x41, 0x8C, 0x0F, 0xEE, 0xA2, 0x59, 0x74, 0x92,
    0xCE, 0xF8, 0x5A, 0x60, 0x62, 0xCD, 0xBC, 0x7A, 0x4D, 0xAB, 0xD7, 0xAC, 0x9A, 0x49, 0xF5, 0x9A,
    0x53, 0x6F, 0x53, 0x6A, 0xA0, 0xE6, 0x1B, 0x14, 0xAD, 0xD2, 0x1D, 0x8D, 0x03, 0xEE, 0x7E, 0xC8,
    0x91, 0x96, 0x3A, 0xC4, 0x6C, 0x84, 0x85, 0x1A, 0xA5, 0xFF, 0xA0, 0x53, 0x1A, 0x30, 0x90, 0x9C,
    0x27, 0x15, 0x20, 0xA5, 0xA8, 0x95, 0x62, 0x34, 0x4A, 0x21, 0x7A, 0x25, 0xC1, 0x48, 0xAA, 0x26,
    0x52, 0x0E, 0x52, 0x8A, 0xBB, 0x4A, 0x11, 0xA0, 0x14, 0x18, 0xC9, 0x42, 0x85, 0x51, 0xB6, 0xA3,
    0x91, 0x99, 0x52, 0xCC, 0x04, 0xA9, 0x66, 0xE8, 0x5D, 0xC8, 0xA9, 0xF2, 0xE3, 0xD2, 0x33, 0x40,
    0x73, 0x5C, 0x9A, 0xA7, 0x23, 0x29, 0x9C, 0x48, 0x47, 0xAF, 0x17, 0xBA, 0xA7, 0xB3, 0x64, 0x8D,
    0xE3, 0xB3, 0xF3, 0x1D, 0xB4, 0x4C, 0xBF, 0x5C, 0xCF, 0xF1, 0x86, 0xC2, 0xF3, 0xCC, 0xE9, 0x2C,
    0xF9, 0x24, 0xDA, 0x2C, 0x3C, 0x45, 0x54, 0x96, 0xAD, 0x2D, 0xC3, 0x0A, 0x20, 0xB5, 0x1B, 0xEA,
    0x30, 0x18, 0x8D, 0xA4, 0xED, 0x21, 0xCB, 0xEF, 0x96, 0xB3, 0x2C, 0xE7, 0x2C, 0xEC, 0x0A, 0xD9,
    0xAC, 0xC4, 0xAB, 0xE7, 0x9E, 0xD1, 0xC2, 0xA9, 0x37, 0x1E, 0xC4, 0x68, 0xC5, 0x52, 0x8A, 0x7D,
    0x4E, 0x21, 0x27, 0xB7, 0x85, 0x4B, 0x36, 0x93, 0x0A, 0x4F, 0x72, 0x3D, 0x09, 0xCD, 0xD1, 0x68,
    0x44, 0xD2, 0x93, 0x4E, 0xCA, 0xEB, 0x66, 0x7B, 0x3A, 0x91, 0x72, 0x90, 0x2A, 0x33, 0x1A, 0x79,
    0xA7, 0xA6, 0x7B, 0xC6, 0xF8, 0xB4, 0x0B, 0xBC, 0x99, 0x7E, 0xE3, 0x9A, 0xD9, 0xFE, 0x53, 0x39,
    0x11, 0x9E, 0x37, 0x67, 0x1A, 0x3A, 0xB9, 0x83, 0x45, 0xF9, 0x4B, 0xF0, 0x4A, 0xEB, 0x23, 0x70,
    0x72, 0xDD, 0xFA, 0xBD, 0x94, 0x92, 0xF9, 0xB4, 0x75, 0xB1, 0x4F, 0xFD, 0x81, 0x12, 0xCF, 0x07,
    0x3E, 0xEC, 0xC2, 0x4E, 0xB8, 0x5C, 0x2F, 0xDB, 0xB9, 0x7C, 0x5D, 0xE4, 0x5B, 0x52, 0xD4, 0x52,
    0x49, 0xDE, 0x05, 0xB3, 0x24, 0x63, 0x3C, 0x4A, 0x38, 0xEB, 0xF8, 0xB2, 0x73, 0xB5, 0x66, 0x3B,
    0xF4, 0xC3, 0x1A, 0x1A, 0x2A, 0xD4, 0x12, 0xCC, 0x79, 0x6B, 0xFE, 0xCA, 0xBA, 0x70, 0xD2, 0xDF,
    0x3A, 0x3D, 0xCB, 0xF7, 0x8E, 0x7C, 0x73, 0x8B, 0x14, 0xF5, 0x74, 0xD3, 0x7B, 0x0D, 0xDD, 0x84,
    0xDA, 0xDC, 0xD4, 0xD0, 0x4D, 0x30, 0x37, 0xC1, 0xDC, 0x04, 0xBA, 0x29, 0x02, 0xDD, 0x14, 0xFF,
    0x8D, 0x6E, 0x4A, 0xFF, 0x40, 0x37, 0x65, 0x2F, 0xD1, 0x4D, 0x85, 0xF9, 0xE0, 0x37, 0x46, 0x9E,
    0x6E, 0x0A, 0x7B, 0xA5, 0x31, 0xEA, 0x48, 0x49, 0xC3, 0x7D, 0x69, 0x4D, 0x37, 0x15, 0xE6, 0xA6,
    0x9B, 0xE6, 0x26, 0x4F, 0x37, 0xCD, 0x23, 0xDD, 0x84, 0xDE, 0xDC, 0xD4, 0x4A, 0x71, 0xC1, 0x4D,
    0x4B, 0x39, 0xFA, 0x5B, 0x73, 0x93, 0xA7, 0x9B, 0x82, 0x37, 0xC4, 0x16, 0xF4, 0xA4, 0x6A, 0x3C,
    0x1E, 0xA5, 0x8D, 0x41, 0x12, 0xD4, 0xA4, 0xBC, 0x25, 0x05, 0x25, 0x89, 0x87, 0xB3, 0xC8, 0x9C,
    0xDC, 0x8E, 0x72, 0xCC, 0xDF, 0xC4, 0x5C, 0x9E, 0xE0, 0x2F, 0xAC, 0xEC, 0x0B, 0x3B, 0xE5, 0xE3,
    0x27, 0x5A, 0xFC, 0xAA, 0x95, 0xA0, 0x9A, 0x3C, 0xCE, 0xAC, 0xF3, 0x53, 0xDC, 0x7F, 0xA5, 0xB7,
    0x17, 0x7C, 0x4B, 0xDD, 0x16, 0xF0, 0x4F, 0x4B, 0x52, 0x88, 0xE6, 0xE8, 0xBD, 0x98, 0xCE, 0xC7,
    0x03, 0xB2, 0x55, 0x43, 0x9A, 0xD7, 0x4C, 0xE0, 0xBA, 0xD9, 0xEE, 0x3A, 0x59, 0x2B, 0xB3, 0xB5,
    0x34, 0x93, 0xF4, 0x03, 0x58, 0x7F, 0xB3, 0xD2, 0x74, 0xFC, 0xBC, 0xCB, 0xF2, 0xEC, 0x7A, 0xD9,
    0x1E, 0xC8, 0x89, 0x99, 0xC9, 0x71, 0x85, 0xA2, 0x73, 0xAD, 0x52, 0x6F, 0xD4, 0xB1, 0xE3, 0x93,
    0xF2, 0x19, 0x33, 0xFA, 0xDA, 0xF5, 0x7B, 0x0C, 0x72, 0x8A, 0xE3, 0xA4, 0xA8, 0xEA, 0x48, 0xB6,
    0x2B, 0xF2, 0xC7, 0x01, 0x8F, 0x0B, 0xF8, 0x41, 0xBF, 0x57, 0x02, 0xFA, 0x97, 0xF1, 0x40, 0x9E,
    0xC5, 0x59, 0xAC, 0x85, 0xC6, 0x2C, 0x91, 0x92, 0xA7, 0xA4, 0x68, 0xE0, 0x70, 0x50, 0xDC, 0xF3,
    0xC4, 0x69, 0xCB, 0x50, 0x9B, 0x35, 0xF6, 0xAE, 0xE0, 0xF7, 0xA9, 0xA6, 0x12, 0x06, 0x7B, 0x0E,
    0xB2, 0xE1, 0xDF, 0x4A, 0x82, 0xF7, 0x7B, 0x25, 0xF7, 0x71, 0x47, 0x45, 0x68, 0x94, 0x32, 0xD4,
    0x8B, 0xCC, 0x47, 0xA6, 0xF2, 0xF0, 0xF3, 0x14, 0xC0, 0x9E, 0x00, 0x34, 0x2B, 0x6A, 0x81, 0xA4,
    0x57, 0xEE, 0x8F, 0x0B, 0xEB, 0xB9, 0x54, 0x64, 0xF9, 0xF2, 0xA1, 0x63, 0x19, 0x61, 0x55, 0x4B,
    0x84, 0x86, 0xD8, 0x59, 0x45, 0x71, 0x11, 0xF7, 0x7B, 0xED, 0xC8, 0x98, 0xBF, 0xCA, 0x20, 0x21,
    0x3E, 0x82, 0xE7, 0x39, 0x5B, 0xC5, 0x37, 0x37, 0xA5, 0x39, 0x8B, 0xA9, 0x8D, 0x2A, 0x4E, 0xAE,
    0x7B, 0x63, 0xD1, 0x42, 0xD9, 0x3F, 0xB2, 0x39, 0x2E, 0x7C, 0x48, 0x5D, 0x6F, 0x95, 0x68, 0x27,
    0xF9, 0x48, 0xCA, 0xBC, 0x04, 0x07, 0x7A, 0xC5, 0x4B, 0x85, 0x2E, 0x01, 0xA9, 0xC0, 0x5B, 0xF2,
    0x1C, 0x3A, 0xB4, 0xA2, 0xFB, 0xD0, 0x28, 0xFD, 0x63, 0x43, 0x1D, 0x3A, 0xA3, 0x89, 0x54, 0xA1,
    0x55, 0xCA, 0x31, 0x2A, 0xC5, 0x98, 0x95, 0xC4, 0xA1, 0x54, 0x4A, 0xD0, 0xEC, 0xE8, 0x56, 0xA8,
    0xF4, 0x4E, 0x2F, 0x4A, 0xEF, 0x2E, 0xE4, 0x77, 0x14, 0xE1, 0x9D, 0x39, 0x44, 0x09, 0x74, 0x2A,
    0x9B, 0x8F, 0xC5, 0xB0, 0xCE, 0x75, 0x09, 0xD1, 0x1E, 0xDE, 0x2E, 0xC5, 0x78, 0xC8, 0x45, 0x43,
    0x08, 0x37, 0xD5, 0x9F, 0x48, 0xB8, 0x9F, 0x3C, 0x3F, 0xA3, 0x53, 0x38, 0x10, 0x61, 0xD5, 0x56,
    0x68, 0x03, 0xBD, 0x5A, 0xF0, 0x79, 0x9E, 0xE9, 0x1E, 0x51, 0x8E, 0xF0, 0xBB, 0x36, 0x66, 0xA0,
    0x98, 0xE2, 0x6C, 0x87, 0xC5, 0x24, 0x8A, 0x3C, 0xBE, 0x1A, 0x8F, 0x31, 0xE0, 0xF6, 0x68, 0x87,
    0x39, 0xEE, 0x72, 0x6E, 0xC1, 0x54, 0xA0, 0x8C, 0x30, 0xEC, 0x50, 0x9E, 0x16, 0x2E, 0x11, 0xF8,
    0xEC, 0x1F, 0x0D, 0xBC, 0x15, 0xC3, 0x7E, 0x2C, 0x32, 0x98, 0x97, 0x37, 0xC1, 0xA5, 0xD2, 0x1C,
    0xA0, 0xD9, 0x8F, 0xE2, 0xA7, 0x18, 0xF6, 0x5F, 0xCE, 0xAA, 0x1A, 0xEB, 0x57, 0x33, 0x7E, 0x33,
    0xBB, 0x4C, 0x9A, 0x93, 0x33, 0x8D, 0x2D, 0x95, 0xE7, 0x6C, 0x46, 0xBC, 0xDE, 0x49, 0xB8, 0x4C,
    0x54, 0xD2, 0x4C, 0x2C, 0xEA, 0x92, 0xD5, 0xD1, 0x97, 0x49, 0xB3, 0x7D, 0x77, 0x72, 0x25, 0x76,
    0x88, 0xDF, 0xA1, 0x5C, 0x26, 0x92, 0x08, 0xE8, 0xE7, 0x17, 0xE4, 0x27, 0xC2, 0xE5, 0x12, 0x69,
    0x66, 0x09, 0x74, 0xB8, 0x37, 0x3E, 0x1E, 0x14, 0x6B, 0xAF, 0x28, 0xF7, 0x14, 0x4B, 0xB6, 0xDF,
    0x1B, 0xF7, 0xC7, 0xC8, 0xCF, 0x2E, 0xD1, 0xF3, 0x48, 0x0D, 0x65, 0x70, 0xAE, 0x9E, 0xC6, 0x58,
    0xE8, 0x6B, 0x05, 0x5C, 0xA8, 0x04, 0x11, 0x6A, 0xD5, 0xE2, 0x05, 0xAD, 0xAA, 0xD1, 0x93, 0x06,
    0x3B, 0x3D, 0x03, 0x65, 0x28, 0xB8, 0x95, 0x07, 0x55, 0x05, 0x60, 0x88, 0x60, 0xAC, 0xCA, 0x3E,
    0x38, 0x3D, 0xBD, 0x45, 0x6D, 0x7C, 0x07, 0x92, 0xA9, 0x6C, 0x58, 0xD8, 0x8B, 0x94, 0xAA, 0xD1,
    0x4B, 0xD8, 0xAA, 0x4A, 0x48, 0xD2, 0xED, 0x74, 0xBE, 0x87, 0x8F, 0x5C, 0x93, 0x02, 0xAF, 0x01,
    0x28, 0x43, 0x4C, 0xA2, 0x81, 0x53, 0x9E, 0x2E, 0x45, 0x4E, 0xF5, 0x59, 0x54, 0x9F, 0x55, 0x98,
    0xED, 0x7E, 0x8E, 0xF1, 0x03, 0xB4, 0xE9, 0x2C, 0x68, 0x73, 0x2F, 0xAC, 0x6B, 0x5C, 0xBD, 0x83,
    0x1F, 0x5B, 0x38, 0x24, 0x54, 0x7B, 0x28, 0x08, 0xFE, 0x18, 0xCA, 0x6C, 0x96, 0xA0, 0x4D, 0x51,
    0x26, 0x6D, 0xAC, 0x97, 0xE5, 0xDC, 0x6B, 0xBB, 0xA0, 0x30, 0x36, 0xCD, 0xDA, 0x5B, 0x56, 0xB0,
    0xA9, 0xFC, 0x64, 0x58, 0xE0, 0x6B, 0x77, 0x7B, 0x91, 0x0C, 0xAD, 0x65, 0xB4, 0x76, 0x84, 0x63,
    0x64, 0xF0, 0xFB, 0xDC, 0x9E, 0x21, 0x2E, 0x6F, 0x8E, 0xB3, 0x7A, 0xBA, 0xBA, 0x80, 0x17, 0x5E,
    0x28, 0xC2, 0x2F, 0xA9, 0xDE, 0xF5, 0x99, 0x97, 0x6A, 0x28, 0xBC, 0x14, 0xA3, 0x82, 0x37, 0x00,
    0xE0, 0x2B, 0xC2, 0x74, 0x7A, 0x7A, 0x7B, 0xAB, 0x9E, 0xD5, 0xE1, 0x53, 0x29, 0x44, 0xFA, 0x14,
    0x75, 0xD4, 0x47, 0x3B, 0xF5, 0xBD, 0xBD, 0xE9, 0x32, 0xCC, 0x6B, 0x26, 0xC2, 0x58, 0xCB, 0xCC,
    0x9B, 0x2A, 0x8B, 0x61, 0x8D, 0xB3, 0xB3, 0x3D, 0xFC, 0xFF, 0x17, 0x55, 0x8C, 0xA6, 0x11, 0x3A,
    0x8B, 0xA5, 0x0C, 0xA5, 0x8C, 0xA4, 0x0C, 0xA4, 0x8C, 0xA3, 0x8F, 0x5F, 0x15, 0x63, 0x0F, 0x43,
    0x0F, 0x23, 0x4F, 0xBD, 0x40, 0x8D, 0x6D, 0xD8, 0x79, 0xDC, 0xAA, 0x8A, 0xD1, 0x0E, 0x4B, 0xF6,
    0x9F, 0x0D, 0x5A, 0x0E, 0xA4, 0x1D, 0x07, 0xEE, 0x0C, 0x23, 0x57, 0xD1, 0xB5, 0xFA, 0x0C, 0x2B,
    0x87, 0xC1, 0x67, 0xC9, 0x80, 0x4E, 0x57, 0x16, 0x6C, 0x31, 0x6A, 0xDE, 0x32, 0xC5, 0x60, 0x45,
    0xDA, 0xFC, 0xC9, 0xF2, 0xAC, 0xD3, 0x95, 0xBD, 0x18, 0x7C, 0x86, 0xD5, 0x06, 0x98, 0x47, 0xA9,
    0x80, 0x5A, 0x57, 0xE6, 0x60, 0x18, 0x58, 0x22, 0xA5, 0x0F, 0xC0, 0xAA, 0xA1, 0x92, 0xB4, 0xBB,
    0xC1, 0x04, 0xF9, 0xCB, 0xB1, 0xF3, 0x44, 0x4E, 0xA4, 0x68, 0x8A, 0x46, 0x4B, 0x93, 0x6A, 0xB7,
    0x16, 0x6D, 0xD5, 0x24, 0xE5, 0xB7, 0x85, 0xCB, 0x97, 0x74, 0x4D, 0xF5, 0x61, 0x29, 0x82, 0xB3,
    0xA4, 0xDE, 0xE1, 0xE4, 0x76, 0x98, 0x68, 0x5F, 0xD3, 0x78, 0xB6, 0x99, 0x5B, 0xA0, 0xD4, 0xDB,
    0x4E, 0xFB, 0xFB, 0x29, 0xA6, 0xA5, 0xC1, 0xAF, 0x73, 0x8E, 0x43, 0x2F, 0xF9, 0xEE, 0xA4, 0xDD,
    0xE3, 0x66, 0x26, 0xFC, 0x90, 0xDC, 0xB3, 0xB1, 0xC5, 0x04, 0x65, 0x35, 0xEE, 0x51, 0x88, 0xDC,
    0x7B, 0x8C, 0x3B, 0x5D, 0x93, 0x64, 0xF6, 0xE7, 0x28, 0x11, 0x6A, 0xD7, 0xAF, 0xC9, 0x72, 0x8E,
    0xE9, 0x50, 0xCE, 0xBC, 0xCD, 0x57, 0x45, 0x8C, 0xE6, 0x26, 0xF3, 0x9F, 0x07, 0xB3, 0x98, 0x18,
    0x25, 0xCB, 0xB3, 0xBF, 0xCF, 0x0E, 0xBC, 0x30, 0xD1, 0xEC, 0xB9, 0x33, 0x3D, 0xF0, 0xF7, 0x98,
    0x94, 0xFE, 0x04, 0x88, 0x44, 0xE0, 0xF9, 0x03, 0xF8, 0x98, 0xD4, 0x47, 0x68, 0x95, 0x42, 0x52,
    0x17, 0xA0, 0xFB, 0xBC, 0x14, 0x1A, 0xC5, 0x18, 0xB4, 0xEC, 0xAE, 0x80, 0x17, 0x81, 0x85, 0x3E,
    0x7D, 0xC2, 0xCC, 0x97, 0x0D, 0xA7, 0xF7, 0xF3, 0x71, 0x6F, 0xE8, 0xF8, 0x5E, 0x3D, 0x57, 0x78,
    0x3A, 0x6F, 0x32, 0x77, 0x6E, 0x71, 0x54, 0x34, 0xF7, 0x1B, 0x72, 0xCB, 0xE6, 0x98, 0x9C, 0xEE,
    0x4F, 0x79, 0x06, 0x6E, 0xE4, 0xA0, 0xDE, 0xEA, 0x7E, 0x06, 0x80, 0x43, 0x25, 0x8D, 0xEE, 0x28,
    0x6D, 0xA6, 0x68, 0x4F, 0xB5, 0xDD, 0x61, 0x8A, 0xDF, 0x6D, 0xB9, 0x54, 0x9A, 0xD7, 0x84, 0xB9,
    0xA7, 0x64, 0x75, 0x74, 0xF6, 0xFE, 0x44, 0x07, 0xAB, 0xFE, 0x79, 0x9F, 0x30, 0x5F, 0x26, 0xCD,
    0xC9, 0x99, 0x58, 0xC2, 0xDC, 0x3F, 0x42, 0xC2, 0x7C, 0x49, 0x34, 0xEB, 0x27, 0x4B, 0xE1, 0x47,
    0x4B, 0x11, 0x34, 0xA8, 0x89, 0x8D, 0x88, 0x63, 0xFB, 0x05, 0x79, 0x5E, 0xB8, 0x5C, 0x2A, 0xCD,
    0x5C, 0x22, 0xDE, 0x19, 0x7E, 0x85, 0x78, 0x54, 0x71, 0x67, 0xB2, 0x5D, 0x2E, 0xFE, 0x37, 0x8B,
    0x4F, 0x2E, 0xCC, 0x71, 0x86, 0xCD, 0xA9, 0xF8, 0xA7, 0x2C, 0x17, 0x7A, 0x4B, 0x4D, 0xFE, 0xD5,
    0xA0, 0x26, 0xA3, 0xA7, 0xC9, 0xED, 0xD6, 0x64, 0x2F, 0x15, 0x4D, 0x86, 0xFE, 0x19, 0x42, 0x95,
    0xC7, 0xFF, 0x52, 0x93, 0xD3, 0x3F, 0xAA, 0xC9, 0x39, 0x4D, 0xBE, 0x49, 0x93, 0xBD, 0x46, 0xD0,
    0x69, 0x60, 0xD0, 0xED, 0xD5, 0x64, 0x34, 0x6A, 0x32, 0xEA, 0x6C, 0x92, 0x64, 0x31, 0xB9, 0xDE,
    0x9B, 0x1C, 0x59, 0x56, 0xDF, 0xA9, 0xC9, 0x4F, 0xD6, 0xC7, 0xC3, 0xBF, 0xC5, 0x44, 0x4A, 0x40,
    0x0A, 0xB1, 0xEC, 0x6C, 0x49, 0x49, 0x7F, 0x18, 0x0A, 0xDD, 0x2E, 0x05, 0xDA, 0x02, 0xED, 0x4A,
    0x11, 0xDA, 0x88, 0xE3, 0x1E, 0x6D, 0xF8, 0x45, 0x50, 0xB7, 0xC4, 0xDF, 0x88, 0xD4, 0x2B, 0x09,
    0xC6, 0x54, 0x49, 0x1D, 0xDF, 0x33, 0xE3, 0x01, 0x44, 0x52, 0x74, 0x0E, 0xC2, 0x4C, 0x7C, 0xF3,
    0xBD, 0x6F, 0x24, 0xA1, 0x53, 0x8C, 0x50, 0xD2, 0x14, 0xDB, 0x95, 0xAE, 0x2F, 0x86, 0xAB, 0x61,
    0x51, 0x3E, 0x92, 0xAA, 0x89, 0x04, 0xD0, 0xA0, 0xD9, 0x86, 0x2B, 0x07, 0x4E, 0xA2, 0xCF, 0x9A,
    0x68, 0x34, 0x83, 0x6E, 0x5F, 0x09, 0x8B, 0xCA, 0xA0, 0x3C, 0x88, 0x4F, 0x7D, 0x36, 0x90, 0x68,
    0x67, 0x3A, 0x72, 0x63, 0xD8, 0x3E, 0xB9, 0x3E, 0x7A, 0x57, 0xC1, 0xA2, 0xCD, 0x04, 0xAE, 0x18,
    0x25, 0xED, 0x39, 0x9A, 0xC0, 0x55, 0x6E, 0xBF, 0xB0, 0xDB, 0x02, 0xF8, 0x1C, 0xFD, 0x0E, 0x33,
    0xF4, 0x19, 0x9A, 0x00, 0x9C, 0x01, 0x33, 0xF1, 0xB5, 0xEA, 0x15, 0xC3, 0x91, 0x52, 0x7A, 0x3D,
    0xBB, 0xA2, 0xEB, 0x93, 0x56, 0x34, 0x10, 0x34, 0x3B, 0xF4, 0x69, 0x2D, 0x92, 0x4D, 0xFC, 0xC8,
    0x39, 0x17, 0x7C, 0x7A, 0x6F, 0xF2, 0x4E, 0xBF, 0x47, 0x21, 0xFE, 0x30, 0xC8, 0x8F, 0xFE, 0x30,
    0xEE, 0x5F, 0xB4, 0xC4, 0xE6, 0x30, 0xAD, 0x0C, 0xB2, 0x1F, 0xE3, 0x8A, 0x4D, 0xF2, 0xA8, 0x80,
    0x8E, 0xAE, 0x2E, 0x2D, 0x65, 0x52, 0x3C, 0xAF, 0xCD, 0xF9, 0xDC, 0xAB, 0x18, 0x11, 0xC3, 0x87,
    0xE3, 0x73, 0xE5, 0x0E, 0xFF, 0x8C, 0x71, 0x87, 0x7F, 0x67, 0xAA, 0x83, 0xBB, 0x68, 0x42, 0x78,
    0x4E, 0xE7, 0xE8, 0x05, 0xFD, 0x8A, 0x9D, 0x38, 0xC3, 0x41, 0x7F, 0x6B, 0x58, 0x8D, 0x07, 0x74,
    0xA3, 0xED, 0x25, 0xF6, 0xDB, 0xDF, 0x8E, 0xEC, 0x3B, 0xBC, 0x8E, 0x86, 0x57, 0xE1, 0x15, 0xBD,
    0x5E, 0xFD, 0x99, 0xF2, 0x61, 0xDA, 0x36, 0xE3, 0xB1, 0x0E, 0xA8, 0x57, 0xDC, 0x4C, 0xF2, 0x2A,
    0x2E, 0x4C, 0xF2, 0x4A, 0x96, 0x49, 0x5E, 0x57, 0xBA, 0x1F, 0xFF, 0x0B, 0xE5, 0x5C, 0x01, 0xA4,
    0x2F, 0xD9, 0x79, 0xFF, 0x66, 0x66, 0xEF, 0x1B, 0xF6, 0x8F, 0x93, 0x92, 0x97, 0xEA, 0x0B, 0x1D,
    0x28, 0x64, 0x83, 0x01, 0x80, 0xDA, 0x33, 0xD9, 0xD2, 0xA2, 0x70, 0xCB, 0xFB, 0x17, 0x16, 0x29,
    0x8A, 0xB4, 0xE8, 0x02, 0x40, 0xED, 0xCC, 0x36, 0x28, 0x2D, 0xFA, 0xD0, 0x82, 0xA2, 0x8B, 0x60,
    0xF3, 0x82, 0x85, 0xAA, 0x94, 0xB7, 0x7B, 0xC6, 0x06, 0x41, 0xB0, 0x53, 0xAA, 0x10, 0x64, 0x92,
    0x64, 0x1B, 0x12, 0xEC, 0x44, 0x66, 0xDB, 0x79, 0x9B, 0x33, 0xF3, 0xEB, 0xFD, 0x7E, 0xDF, 0x7F,
    0xEE, 0x9D, 0xFF, 0x4D, 0x76, 0xF3, 0x36, 0xFB, 0xEE, 0x7B, 0xEF, 0xDE, 0x1E, 0x6F, 0x7E, 0xBF,
    0x73, 0xE7, 0xCD, 0x9C, 0x39, 0xE7, 0xF7, 0x7D, 0x73, 0xE6, 0x9C, 0xEF, 0x9C, 0x7B, 0x45, 0x6A,
    0xCC, 0xA2, 0x29, 0x60, 0x39, 0xE2, 0xDB, 0xFB, 0xBB, 0xB2, 0x4D, 0x09, 0x5A, 0x72, 0x86, 0xEE,
    0xC0, 0x03, 0x79, 0x77, 0x60, 0x87, 0x89, 0x5C, 0x84, 0x48, 0x2E, 0x4B, 0x63, 0xEF, 0x16, 0xF2,
    0xAB, 0x0E, 0xE4, 0xB8, 0x43, 0x45, 0xCE, 0xD1, 0x88, 0x48, 0x3A, 0x65, 0x2C, 0x38, 0x1B, 0x52,
    0x74, 0xE4, 0x84, 0x05, 0xEE, 0x7A, 0x21, 0xBB, 0x4E, 0x30, 0x6A, 0xB1, 0x00, 0xB4, 0x40, 0xBF,
    0xF2, 0x7E, 0x5F, 0x6B, 0xC1, 0x41, 0xFF, 0x4B, 0x44, 0x16, 0x11, 0xA7, 0x1C, 0xB5, 0x46, 0x8D,
    0xA4, 0x67, 0x9C, 0xA3, 0x95, 0x2C, 0x5A, 0x8D, 0x1D, 0xCF, 0x8F, 0x02, 0x0C, 0x02, 0xA0, 0x5A,
    0x59, 0x3C, 0x9B, 0x5B, 0x03, 0x86, 0x97, 0x1A, 0x7E, 0xEB, 0xFE, 0x3D, 0x11, 0x01, 0x16, 0x2D,
    0x0D, 0x68, 0xC4, 0x41, 0xAB, 0xE9, 0x66, 0x41, 0x2F, 0x79, 0x64, 0x15, 0x1F, 0x10, 0x65, 0x83,
    0x5F, 0xD4, 0xD2, 0x33, 0x28, 0x3A, 0xDC, 0x3B, 0x43, 0x3F, 0x8B, 0x22, 0xAF, 0xAF, 0xA7, 0x2D,
    0x26, 0x3C, 0xAF, 0x5A, 0x96, 0x78, 0x13, 0x93, 0x38, 0xCC, 0x1E, 0x55, 0x86, 0xF1, 0x0C, 0xE5,
    0xB6, 0x30, 0xBD, 0x21, 0x77, 0xC8, 0x6F, 0x89, 0x27, 0xD7, 0xAF, 0x81, 0xEC, 0x31, 0x1F, 0x29,
    0x9F, 0xA1, 0x27, 0xCB, 0x67, 0xE5, 0xFF, 0x83, 0xE5, 0x5E, 0x97, 0x17, 0x44, 0x64, 0x92, 0x57,
    0xB5, 0x8C, 0x97, 0x54, 0x8A, 0x60, 0xE5, 0x5B, 0x2D, 0xD0, 0x9A, 0x14, 0xCF, 0x96, 0x2D, 0x6F,
    0xA8, 0x2D, 0x58, 0xC5, 0x86, 0x94, 0x44, 0x92, 0x64, 0xA3, 0xB1, 0x1B, 0x2E, 0xF1, 0x7A, 0x1E,
    0x91, 0x9C, 0x1D, 0x58, 0xC2, 0xF4, 0xD4, 0x6D, 0x94, 0xCC, 0xB4, 0x05, 0x0B, 0x2E, 0x5A, 0x45,
    0xFF, 0xCB, 0x88, 0x9E, 0x42, 0xEA, 0x45, 0x26, 0xB6, 0x14, 0x8B, 0xA2, 0x8F, 0x8A, 0x81, 0x37,
    0x9B, 0x31, 0x78, 0x7A, 0x37, 0x2A, 0x9E, 0x54, 0xB2, 0xA6, 0x24, 0xA8, 0x29, 0x1C, 0x00, 0x91,
    0x30, 0xBF, 0x8C, 0x36, 0x45, 0x97, 0xA2, 0xCF, 0x51, 0x09, 0x7A, 0xA7, 0x27, 0xBB, 0x72, 0x16,
    0xA9, 0x1B, 0x2D, 0xF0, 0xF7, 0xA4, 0xB6, 0x62, 0x89, 0x98, 0x1E, 0x15, 0xED, 0xFA, 0x9A, 0xE8,
    0x0D, 0x17, 0x45, 0x5A, 0xB7, 0xDB, 0xA9, 0x4D, 0xFB, 0x0C, 0xA3, 0x94, 0x9D, 0x00, 0x40, 0x2B,
    0x25, 0xEB, 0x93, 0x82, 0x6E, 0x72, 0xB2, 0xD7, 0x6B, 0xE9, 0x5A, 0xBC, 0x81, 0x4E, 0x58, 0x6B,
    0xCB, 0xD0, 0x08, 0xBD, 0x42, 0x92, 0xD3, 0xF3, 0xF6, 0xA8, 0xCD, 0x6A, 0x2C, 0x7A, 0x33, 0xDA,
    0x1C, 0x2F, 0xA1, 0x73, 0x8B, 0xA0, 0x2B, 0xA3, 0xA0, 0xF5, 0x51, 0x82, 0x36, 0xE4, 0xCF, 0xC5,
    0x4F, 0x22, 0x06, 0xF5, 0x39, 0x78, 0x42, 0xDC, 0x42, 0x55, 0x2C, 0x92, 0x74, 0x0E, 0xD5, 0xAE,
    0xCB, 0xF1, 0x61, 0x68, 0x13, 0xFA, 0x57, 0xC9, 0x56, 0xB1, 0x56, 0xC5, 0xA6, 0x35, 0x74, 0xBD,
    0x74, 0xA9, 0x5B, 0x91, 0x7C, 0x54, 0x07, 0x2B, 0x3A, 0x75, 0xD5, 0x13, 0x91, 0xBB, 0xD7, 0x4D,
    0xED, 0x4C, 0x95, 0xD5, 0x2B, 0xCD, 0xB5, 0xFC, 0x77, 0x27, 0x11, 0x24, 0x8B, 0x8A, 0x5D, 0x57,
    0xC9, 0xA9, 0x9C, 0x3C, 0x1D, 0xB5, 0xF3, 0xE9, 0xC2, 0xC1, 0x4B, 0x5C, 0xA0, 0x9B, 0x15, 0xD3,
    0xD7, 0xC5, 0xD2, 0x75, 0x53, 0x3B, 0x59, 0x28, 0xB9, 0xFA, 0xCD, 0x0A, 0x66, 0x01, 0xF9, 0x8A,
    0x30, 0x3D, 0x15, 0xB5, 0x8B, 0x46, 0x26, 0xED, 0x28, 0xF3, 0x51, 0x24, 0x8B, 0x65, 0x2F, 0x92,
    0x80, 0x3D, 0x49, 0x00, 0x5B, 0x49, 0xCD, 0x4F, 0xEE, 0x5E, 0x37, 0xB5, 0xD3, 0x51, 0xCA, 0x2A,
    0x99, 0x25, 0x88, 0xD4, 0x5F, 0x8D, 0x22, 0xA5, 0xD5, 0xBA, 0x3F, 0x58, 0x20, 0xD9, 0x3F, 0x1D,
    0xB5, 0x5D, 0x2B, 0x6F, 0x89, 0x76, 0x1C, 0x99, 0xDE, 0x91, 0x2E, 0xF6, 0x81, 0x42, 0xE8, 0x94,
    0x3C, 0x1A, 0xA5, 0x02, 0x72, 0x49, 0x73, 0x01, 0xB0, 0x54, 0x24, 0xCC, 0x22, 0x2F, 0x9F, 0x95,
    0x8C, 0x56, 0x52, 0xF4, 0x29, 0x46, 0x25, 0x55, 0x4A, 0xA9, 0x04, 0xC9, 0xA1, 0x51, 0xDA, 0xA1,
    0x55, 0xCA, 0x56, 0xEA, 0x8C, 0x7A, 0xA3, 0xE1, 0x63, 0xA8, 0x3F, 0xA2, 0x4E, 0x29, 0xB7, 0x52,
    0x76, 0x56, 0xB4, 0x83, 0x3D, 0x6F, 0xD9, 0x3C, 0x3D, 0xC5, 0x20, 0x39, 0x3E, 0x78, 0x13, 0xED,
    0x5A, 0x4F, 0xA5, 0x7B, 0x36, 0x0A, 0xFA, 0x7A, 0xFA, 0x75, 0x91, 0x1D, 0x16, 0x6D, 0xF6, 0x2D,
    0x2C, 0x3B, 0xD5, 0xA3, 0xB4, 0xD6, 0xBB, 0xC5, 0x75, 0xA4, 0xA2, 0x21, 0xDD, 0x11, 0x92, 0xDE,
    0xF6, 0x35, 0x52, 0x80, 0x52, 0x06, 0x7C, 0x8F, 0x23, 0x85, 0xFF, 0x02, 0x49, 0xC2, 0x19, 0x95,
    0xB3, 0xF8, 0x85, 0xCA, 0x97, 0x1B, 0x9A, 0xD8, 0x77, 0xD4, 0xE7, 0xE4, 0x8E, 0xA8, 0x58, 0x2F,
    0xB9, 0x7C, 0x9F, 0x15, 0xC6, 0xA2, 0xA1, 0x95, 0xFD, 0xE9, 0x2F, 0xD0, 0xE8, 0x63, 0xBF, 0x8D,
    0xA8, 0x95, 0xC8, 0x94, 0x4E, 0x4E, 0xAF, 0xCA, 0x1C, 0x01, 0x18, 0x56, 0xBA, 0x7A, 0x73, 0x08,
    0xAD, 0xA1, 0x79, 0xA2, 0xDE, 0xBA, 0xAA, 0x0E, 0x60, 0x22, 0x46, 0x91, 0xFD, 0x2B, 0xB8, 0x7B,
    0x38, 0x7F, 0x72, 0x4F, 0x91, 0xB6, 0xA0, 0x29, 0x54, 0x20, 0x2C, 0x66, 0x08, 0x93, 0x8E, 0x3A,
    0x12, 0x8B, 0xC5, 0x14, 0x36, 0xD5, 0x2F, 0x63, 0x61, 0xD7, 0x10, 0xCB, 0xF5, 0xDE, 0x82, 0xAA,
    0x3B, 0x8A, 0x7E, 0xD0, 0xDC, 0x24, 0x37, 0xC5, 0x1D, 0xD0, 0x10, 0xDB, 0x15, 0x4F, 0xF6, 0xFB,
    0x4A, 0x2C, 0x41, 0x53, 0x6B, 0x78, 0x66, 0x8C, 0xFB, 0xA6, 0x4D, 0x41, 0x74, 0xBF, 0x84, 0x22,
    0x1F, 0x8D, 0xC0, 0x64, 0x68, 0x67, 0x1E, 0x01, 0x93, 0x51, 0x31, 0x25, 0x66, 0x07, 0xCC, 0xF1,
    0xDE, 0xFE, 0x95, 0x01, 0x9A, 0x0E, 0x68, 0x33, 0x3E, 0x0F, 0x10, 0x74, 0xBA, 0xB7, 0x3F, 0xEF,
    0x7E, 0x2A, 0x3D, 0x17, 0x85, 0x3D, 0x45, 0x86, 0xD7, 0xD8, 0xFD, 0x84, 0xA1, 0x88, 0x52, 0x8F,
    0x3E, 0x8A, 0x9F, 0x14, 0xA2, 0x81, 0x1A, 0xA5, 0x26, 0xCC, 0xFB, 0xFD, 0xDD, 0xE3, 0xEE, 0x47,
    0x75, 0x94, 0xCF, 0x38, 0x88, 0x0C, 0x0E, 0x4D, 0x36, 0x64, 0xF8, 0x30, 0x0C, 0x02, 0xD5, 0xAA,
    0xA0, 0x8D, 0x55, 0xAE, 0x3B, 0x92, 0xDE, 0xD3, 0x2E, 0x7F, 0xD7, 0x8B, 0xB8, 0xBE, 0x6C, 0x45,
    0x76, 0x14, 0x36, 0x03, 0xD6, 0xD1, 0x30, 0x87, 0x8D, 0xD7, 0x47, 0x58, 0xCE, 0x53, 0xA3, 0x78,
    0x91, 0xF0, 0xA5, 0xC5, 0x94, 0x94, 0x42, 0x1D, 0x38, 0x47, 0xC7, 0xA9, 0xD8, 0x53, 0xD1, 0x59,
    0xCA, 0x8E, 0x7A, 0x8E, 0x97, 0x3F, 0x6C, 0xF5, 0xA0, 0xF8, 0x7C, 0x23, 0x4C, 0xD7, 0x48, 0x67,
    0x09, 0x36, 0x78, 0x51, 0xE8, 0x0E, 0x90, 0xEA, 0x8F, 0xF2, 0x17, 0xC2, 0xF4, 0x14, 0x74, 0xBE,
    0x16, 0xBA, 0xD9, 0xCC, 0x45, 0x5C, 0x7F, 0x31, 0x9B, 0xAB, 0x69, 0xFE, 0x50, 0x11, 0xED, 0x0C,
    0x9D, 0xB5, 0x24, 0xE6, 0x68, 0x1F, 0xB3, 0x8A, 0x42, 0x15, 0x77, 0xAB, 0x8A, 0xFD, 0x56, 0xC5,
    0x2F, 0x0F, 0xEB, 0x2C, 0x1A, 0x62, 0x73, 0x71, 0x49, 0x08, 0x38, 0x9F, 0xEB, 0x04, 0x85, 0x02,
    0x22, 0xAF, 0x4A, 0x36, 0x68, 0x1B, 0x0A, 0xED, 0x3D, 0x06, 0x6D, 0x45, 0xB6, 0x80, 0xD7, 0xC6,
    0x0B, 0x6F, 0xBF, 0x7D, 0x7A, 0x7D, 0xBC, 0x3A, 0x1D, 0x75, 0xF8, 0xBB, 0xD8, 0x20, 0x71, 0xFE,
    0xA8, 0x41, 0xE2, 0x93, 0xEF, 0x3D, 0x72, 0x88, 0x26, 0xA7, 0x95, 0x58, 0xDD, 0x42, 0xC2, 0xBB,
    0x03, 0x8D, 0x93, 0x45, 0x0B, 0x74, 0x04, 0xFD, 0xC9, 0x62, 0x3C, 0x6B, 0xAA, 0x59, 0xC4, 0xCE,
    0x1C, 0xCF, 0x2F, 0x7F, 0xCA, 0x0A, 0x6B, 0x64, 0x82, 0xED, 0x71, 0x0B, 0x1D, 0x61, 0x67, 0xA3,
    0x9D, 0xDD, 0x28, 0x3E, 0xB2, 0x04, 0x1B, 0x66, 0x4B, 0x30, 0xC2, 0xF4, 0xB1, 0xF4, 0xFC, 0xFD,
    0xFB, 0xF7, 0x18, 0xC2, 0x40, 0xAF, 0x3F, 0x01, 0xF7, 0xF4, 0x3E, 0xBF, 0xB0, 0x14, 0xB6, 0x7F,
    0x3B, 0xAC, 0x72, 0x20, 0xED, 0xD0, 0x2A, 0xA5, 0x18, 0x94, 0x24, 0x2C, 0x7F, 0xA2, 0x57, 0x17,
    0xB4, 0xA8, 0x49, 0x2A, 0xAA, 0xB6, 0x62, 0xA6, 0x79, 0xDE, 0xB0, 0xC6, 0x3B, 0xFC, 0x77, 0xF4,
    0xE1, 0x48, 0x67, 0x91, 0x6C, 0x92, 0x5A, 0xE4, 0x62, 0x62, 0xFA, 0xAA, 0x8E, 0x65, 0x5E, 0x42,
    0x23, 0x01, 0x50, 0xEF, 0x02, 0xBE, 0xDC, 0xE6, 0x48, 0xF1, 0x77, 0xE2, 0x66, 0xD1, 0x16, 0x47,
    0x51, 0x8F, 0x8B, 0x12, 0x8E, 0x90, 0xE7, 0x3B, 0xD9, 0x2D, 0x7A, 0x4D, 0x86, 0x7F, 0x36, 0x27,
    0x9F, 0x39, 0x02, 0xBF, 0xB7, 0x06, 0x93, 0xF2, 0x51, 0x71, 0x37, 0x11, 0x19, 0x16, 0xCA, 0x55,
    0x57, 0x56, 0x37, 0xD2, 0x1B, 0x17, 0x29, 0x88, 0x75, 0x27, 0x39, 0xAC, 0x28, 0xD1, 0x11, 0x23,
    0x8B, 0xCD, 0xA3, 0x84, 0x4E, 0x8A, 0x49, 0xFC, 0x72, 0x5F, 0x7D, 0xDC, 0x1A, 0xF9, 0x26, 0x5E,
    0xB7, 0x19, 0xEC, 0x17, 0x94, 0x46, 0x79, 0x8B, 0x16, 0xBD, 0xC5, 0x07, 0xC2, 0x44, 0xF6, 0x18,
    0xCC, 0xF6, 0x8D, 0x92, 0x9C, 0xCA, 0x8D, 0xB2, 0x6F, 0xC2, 0xA6, 0x27, 0x6B, 0x00, 0x35, 0x5E,
    0x0E, 0xA0, 0x5A, 0xAB, 0xEF, 0xCA, 0xB5, 0xB6, 0xAF, 0xA8, 0xAF, 0xB2, 0xD8, 0x6A, 0x63, 0x4A,
    0x23, 0x2D, 0x8A, 0xE9, 0x6B, 0x46, 0x72, 0x83, 0xEC, 0x4B, 0x5C, 0xCE, 0xA3, 0x78, 0xBC, 0x6D,
    0xC5, 0xCC, 0xB4, 0x78, 0x43, 0x98, 0xAE, 0xB9, 0x7D, 0x6F, 0x8E, 0xB9, 0xD6, 0x94, 0xCD, 0xA4,
    0x3C, 0x8A, 0xA9, 0x46, 0x72, 0x83, 0x51, 0x4B, 0x2A, 0x1A, 0xD2, 0xC9, 0xE1, 0x86, 0x9E, 0x17,
    0x76, 0x97, 0xA3, 0xD6, 0x81, 0x57, 0x99, 0xB1, 0xF7, 0xD7, 0xDC, 0xCC, 0x09, 0xDA, 0x4B, 0xEB,
    0x25, 0x13, 0xB9, 0xFC, 0xF9, 0x4C, 0xAE, 0x1B, 0x90, 0x67, 0x29, 0x79, 0xE1, 0xE9, 0x36, 0xE2,
    0x2E, 0x5A, 0x99, 0xF5, 0xB0, 0x21, 0xD0, 0x43, 0x29, 0xF0, 0x81, 0x9A, 0x85, 0xC3, 0xE7, 0x43,
    0x30, 0xE0, 0x53, 0xB0, 0xA6, 0x0D, 0xF3, 0xFC, 0xE3, 0x62, 0x15, 0x6B, 0xE4, 0x0A, 0xD1, 0x5A,
    0xFF, 0x95, 0xD5, 0x68, 0xB4, 0x37, 0x48, 0x01, 0x0D, 0xA5, 0xF2, 0x5C, 0x02, 0x8A, 0xBB, 0x91,
    0x83, 0x5D, 0x1A, 0xE7, 0xA4, 0xE2, 0xFC, 0xEB, 0x05, 0xAE, 0xAF, 0x48, 0x8D, 0x5E, 0xA9, 0x34,
    0x4A, 0x8D, 0x92, 0x8F, 0xA7, 0x17, 0xEE, 0x29, 0xFD, 0x10, 0xB3, 0xD2, 0xFB, 0x80, 0x12, 0xEB,
    0x90, 0x20, 0xE6, 0xA4, 0x21, 0x43, 0xA7, 0x94, 0x92, 0x34, 0x44, 0xA2, 0x94, 0x7C, 0x0A, 0x4A,
    0x49, 0xDA, 0xFC, 0x04, 0xA3, 0xD4, 0xC0, 0x97, 0x80, 0x95, 0x3C, 0xD0, 0x6F, 0x8E, 0xE1, 0x73,
    0x58, 0xAA, 0x1C, 0x73, 0xC5, 0xB7, 0x19, 0xA3, 0xCD, 0xA0, 0x31, 0x9C, 0x73, 0x0D, 0xA6, 0x61,
    0xE5, 0xDB, 0x61, 0xDE, 0xEF, 0xF1, 0xF0, 0xF4, 0xF8, 0xBA, 0x2D, 0x03, 0xD8, 0x30, 0xCF, 0x3F,
    0x36, 0x1E, 0x25, 0xC1, 0x2C, 0x29, 0xA2, 0xAC, 0xF5, 0x5F, 0xF9, 0x11, 0x4C, 0x54, 0x03, 0xF6,
    0xB5, 0x86, 0x9A, 0xFF, 0x73, 0xF8, 0xE0, 0xEE, 0x91, 0xA5, 0x3E, 0x57, 0x29, 0xFD, 0x00, 0x51,
    0xE9, 0xA7, 0xE7, 0x96, 0x6A, 0xD4, 0x52, 0x3B, 0x5A, 0x6A, 0xDC, 0x58, 0x8A, 0x74, 0x35, 0x26,
    0x4A, 0x7F, 0x24, 0x9F, 0x2D, 0x20, 0xD1, 0xE3, 0xBF, 0xA7, 0x00, 0x0C, 0xB1, 0x40, 0x3F, 0xA5,
    0x68, 0xD6, 0x58, 0x00, 0x9B, 0x6D, 0xA6, 0x3B, 0xA5, 0xD9, 0xC2, 0xF4, 0x38, 0x0F, 0x4A, 0xBC,
    0x3E, 0x43, 0xEB, 0xE2, 0x50, 0x7D, 0x54, 0x5D, 0x98, 0x0A, 0x4C, 0x3C, 0x44, 0x8F, 0xFA, 0x37,
    0x38, 0xF8, 0x4C, 0x76, 0x72, 0x7D, 0x61, 0xE6, 0x94, 0xF5, 0x58, 0xC3, 0x4C, 0xF6, 0xFA, 0xB2,
    0x0B, 0xAA, 0x52, 0x0C, 0xB4, 0xEC, 0xE3, 0x3B, 0x68, 0x88, 0xF3, 0x67, 0xD4, 0x98, 0x25, 0x60,
    0xE1, 0xB1, 0xDD, 0xD5, 0x50, 0xA3, 0xE7, 0x91, 0xD1, 0x8C, 0x9F, 0xFC, 0xB0, 0xE7, 0x4C, 0x6A,
    0xE6, 0x46, 0x8F, 0xAF, 0xC8, 0xF3, 0xD5, 0xDB, 0x52, 0x56, 0xBE, 0x09, 0x52, 0x32, 0x10, 0x19,
    0xCD, 0x63, 0x6F, 0xCB, 0x13, 0x6F, 0xF3, 0x1B, 0xF2, 0xBC, 0x6E, 0x94, 0xE0, 0x26, 0x09, 0xCF,
    0xBA, 0x4C, 0x6C, 0x27, 0xCD, 0x7C, 0x45, 0xED, 0x7F, 0x92, 0xED, 0x93, 0xA2, 0x13, 0x09, 0xF6,
    0xC9, 0xCD, 0xB6, 0x07, 0x16, 0x49, 0x00, 0x9B, 0xD5, 0x86, 0x8A, 0x4B, 0xD3, 0xD9, 0x79, 0x1B,
    0x5B, 0xE1, 0x66, 0x09, 0xB9, 0x3A, 0x0D, 0xD6, 0x7A, 0xA5, 0xAC, 0x8F, 0x2D, 0x1C, 0xE6, 0x87,
    0x7A, 0xA5, 0x58, 0x44, 0xEA, 0x5F, 0x5F, 0xAF, 0x27, 0xAA, 0xE3, 0xD5, 0xF8, 0xC1, 0x3B, 0x00,
    0x04, 0xC0, 0xB7, 0x94, 0xB5, 0x1D, 0xAF, 0xE0, 0x3D, 0x0E, 0x33, 0x76, 0x68, 0xED, 0xFA, 0x67,
    0x97, 0xA9, 0x8F, 0xB2, 0xEA, 0xB3, 0x65, 0x4D, 0x17, 0xDC, 0x90, 0x77, 0x07, 0x76, 0x20, 0x49,
    0x71, 0x60, 0x1F, 0x49, 0xB7, 0x30, 0x92, 0x3D, 0x5A, 0xE3, 0x87, 0x22, 0xB4, 0x7F, 0xD1, 0xAB,
    0x07, 0xD4, 0x93, 0x6A, 0x1E, 0xA2, 0xA1, 0xFA, 0x81, 0x1F, 0xD5, 0x13, 0x6E, 0x59, 0xA1, 0x97,
    0x3D, 0xD5, 0x21, 0x12, 0x79, 0x3D, 0xA2, 0x6A, 0xEF, 0x1F, 0x1B, 0xA6, 0x44, 0xB5, 0xA3, 0x8F,
    0x6A, 0xC5, 0x15, 0x59, 0x6D, 0xC3, 0x89, 0xF5, 0x98, 0x36, 0x71, 0xE4, 0xE1, 0xFC, 0xA3, 0x5C,
    0xB2, 0x85, 0x61, 0x11, 0xC5, 0xDE, 0x56, 0xC6, 0x3D, 0x38, 0x18, 0xD3, 0x91, 0x98, 0x0E, 0xC3,
    0x74, 0x0C, 0xC6, 0x01, 0x18, 0xF5, 0x42, 0xD4, 0xE3, 0x24, 0xE0, 0x1F, 0xB9, 0x96, 0x5E, 0x2C,
    0x57, 0x7B, 0xD8, 0x72, 0x9A, 0x35, 0xA5, 0x8E, 0xAC, 0xFA, 0xE7, 0xD1, 0x09, 0x20, 0x82, 0xDE,
    0xEA, 0x9C, 0x70, 0x18, 0x1C, 0xC5, 0xFD, 0x0F, 0xC4, 0xB7, 0x75, 0x13, 0xC4, 0x75, 0x77, 0x25,
    0xA9, 0x3E, 0xE2, 0xBB, 0xF8, 0xD8, 0x0E, 0x8A, 0x19, 0x06, 0xD6, 0x49, 0xBD, 0xE2, 0x15, 0x34,
    0x82, 0x45, 0x04, 0x9D, 0x88, 0xBD, 0x4B, 0x9D, 0xBD, 0x4A, 0xBD, 0xBE, 0x49, 0x35, 0x2A, 0x9A,
    0x6A, 0x14, 0x52, 0x4B, 0x0A, 0xA2, 0x94, 0xCC, 0xA4, 0x7C, 0x24, 0xB9, 0x8E, 0xE4, 0x1B, 0xD2,
    0x22, 0x4A, 0x3F, 0x34, 0x7A, 0x1F, 0x24, 0xA0, 0x35, 0xEA, 0x95, 0x3E, 0xC4, 0xC0, 0x2B, 0x11,
    0x49, 0x61, 0x26, 0x79, 0x90, 0x0A, 0x34, 0x4A, 0x3B, 0x74, 0x4A, 0x19, 0x06, 0xA5, 0x14, 0x93,
    0x92, 0x60, 0x16, 0x3D, 0x53, 0xDB, 0x27, 0xA0, 0xC0, 0xA4, 0xA4, 0xFF, 0x79, 0x39, 0xA1, 0x32,
    0x22, 0xA6, 0x0B, 0x29, 0x8B, 0x46, 0x23, 0x29, 0xEF, 0x49, 0x14, 0xDD, 0x86, 0x80, 0xB5, 0xB9,
    0x17, 0x31, 0x25, 0x26, 0xBF, 0x0E, 0x3D, 0xA6, 0x73, 0xCC, 0x50, 0x9D, 0x61, 0x1E, 0xF5, 0xBC,
    0x1B, 0x14, 0x7D, 0xAB, 0x08, 0x0E, 0x0E, 0x67, 0xC5, 0xEF, 0x32, 0x0F, 0x34, 0x44, 0xFD, 0xDF,
    0x05, 0xBC, 0x12, 0x93, 0x62, 0x1D, 0xAD, 0x4C, 0x96, 0x80, 0xC6, 0x54, 0xC8, 0x31, 0x65, 0x98,
    0xAC, 0xB7, 0x53, 0xFC, 0x3C, 0xDB, 0x74, 0x79, 0xF6, 0x9A, 0xC7, 0x8B, 0xA9, 0xA0, 0x1B, 0x88,
    0xED, 0xC5, 0xC4, 0xF5, 0x44, 0xD6, 0x54, 0xB3, 0xB6, 0x86, 0xD9, 0xAF, 0xAB, 0x73, 0x64, 0x9D,
    0x17, 0x45, 0xC0, 0xB0, 0x25, 0xAA, 0x07, 0xFF, 0xEC, 0x50, 0x73, 0xAB, 0xF3, 0xA2, 0x58, 0x82,
    0xDE, 0x80, 0x96, 0x75, 0x1E, 0x6B, 0xE0, 0x35, 0xAB, 0x73, 0x89, 0xF5, 0x9D, 0xC6, 0x70, 0x3E,
    0xB7, 0xCC, 0xC0, 0x6A, 0xF2, 0x74, 0xD9, 0x29, 0xDE, 0x3E, 0xFE, 0x32, 0xAD, 0xA8, 0xBE, 0x68,
    0x16, 0xB9, 0x42, 0x3C, 0x25, 0x8E, 0xBF, 0x3A, 0x7E, 0x9E, 0x0F, 0x39, 0x3E, 0xB8, 0xBC, 0xBA,
    0x91, 0x1C, 0xE6, 0x8C, 0x3B, 0x88, 0x14, 0x93, 0x88, 0xEF, 0xCD, 0xDF, 0xEE, 0xD2, 0x9F, 0x54,
    0x69, 0xFA, 0x12, 0x4B, 0xBC, 0x82, 0xE3, 0xF2, 0xB7, 0xF0, 0x1A, 0x28, 0x76, 0x94, 0x0A, 0xFE,
    0xEC, 0xB7, 0x4B, 0x43, 0x95, 0x62, 0x50, 0x90, 0x48, 0x3C, 0x95, 0xA7, 0xA3, 0xA5, 0x58, 0xB2,
    0x88, 0x0E, 0xF4, 0x10, 0x61, 0x97, 0x37, 0x89, 0x64, 0x03, 0x3B, 0x0D, 0x2A, 0x5D, 0xF6, 0x8A,
    0xBE, 0x53, 0xBD, 0x7D, 0x6B, 0xDD, 0xA3, 0xE2, 0x42, 0x8C, 0xC4, 0xD3, 0xA7, 0xA6, 0xF7, 0x99,
    0x72, 0x2F, 0x34, 0x35, 0xFA, 0xBA, 0x2D, 0xD1, 0x07, 0xED, 0x4E, 0xD8, 0xB3, 0xCC, 0x67, 0xF0,
    0xFD, 0x49, 0xE1, 0x75, 0x36, 0xFE, 0x4A, 0x80, 0x55, 0xA6, 0xA6, 0x14, 0xD5, 0xE0, 0xD3, 0xBA,
    0x68, 0xA8, 0xF8, 0x29, 0xE8, 0xEC, 0xBB, 0x40, 0xEC, 0xF5, 0x3C, 0x28, 0xFD, 0x0B, 0x8F, 0x47,
    0xB2, 0xC3, 0x77, 0xA0, 0x54, 0x48, 0x7F, 0x63, 0x01, 0xCA, 0xEE, 0x0C, 0x30, 0x28, 0x4C, 0x0A,
    0xE3, 0x19, 0x04, 0xFD, 0xF1, 0xF9, 0xEA, 0xEA, 0x24, 0x7B, 0x8E, 0xF8, 0xFB, 0x8A, 0x3F, 0x88,
    0x8A, 0x18, 0x89, 0x8D, 0x62, 0x3C, 0xBF, 0x32, 0x27, 0x7A, 0x62, 0x20, 0xFE, 0xDB, 0xA7, 0x94,
    0xEC, 0x93, 0xBD, 0x9F, 0x3F, 0x6E, 0x12, 0x40, 0x0F, 0x49, 0x60, 0x63, 0x8B, 0x02, 0x3D, 0xEB,
    0xF3, 0x22, 0x7A, 0xF9, 0xAD, 0x47, 0x7B, 0x3F, 0x13, 0x74, 0x62, 0xAB, 0xF2, 0x4A, 0x3B, 0x28,
    0x4A, 0x31, 0x91, 0x7C, 0x47, 0x02, 0x51, 0x8E, 0xB6, 0x92, 0x35, 0xE2, 0x00, 0xA0, 0x53, 0x7A,
    0x59, 0x3B, 0xF1, 0xF0, 0x1E, 0xA5, 0x29, 0x9B, 0x14, 0x8B, 0x11, 0x0E, 0xD4, 0x2A, 0xFD, 0x2F,
    0x7A, 0xA5, 0x11, 0x23, 0x29, 0x44, 0x92, 0x07, 0xC9, 0xA1, 0x51, 0xCA, 0xD1, 0x2A, 0xA5, 0x18,
    0x94, 0x04, 0x13, 0xA9, 0x9E, 0x49, 0x25, 0x48, 0x0E, 0x6F, 0x2A, 0x65, 0x80, 0x52, 0x62, 0x24,
    0x07, 0xF2, 0x46, 0xC5, 0x19, 0x4D, 0x1C, 0xE8, 0xDB, 0x3C, 0xAE, 0x61, 0x9F, 0x69, 0x64, 0xB1,
    0xE5, 0x62, 0xD9, 0x0E, 0xF9, 0xC3, 0xA0, 0x98, 0xA0, 0x51, 0xCA, 0x96, 0x6D, 0xD8, 0xFA, 0xA4,
    0x92, 0x6D, 0xD2, 0x50, 0xA2, 0xC7, 0x3B, 0x98, 0x95, 0xDE, 0x05, 0x44, 0xB2, 0x8F, 0x0F, 0x25,
    0x26, 0x57, 0x1B, 0x4A, 0xBC, 0xEE, 0x76, 0x38, 0x4A, 0xEB, 0x29, 0x54, 0x66, 0x0E, 0x45, 0x49,
    0x23, 0x29, 0x9B, 0x8C, 0x06, 0x52, 0x52, 0x3D, 0x9B, 0xE6, 0xD8, 0xA6, 0xED, 0x4A, 0x88, 0x91,
    0x1B, 0x8C, 0x7A, 0x52, 0xD1, 0x92, 0xCA, 0xA3, 0x5F, 0x7C, 0x89, 0xB2, 0xD3, 0xD3, 0x41, 0xBC,
    0x92, 0xFF, 0x0F, 0xF0, 0x86, 0x5F, 0x44, 0xA5, 0x0C, 0xE3, 0x26, 0x92, 0x2A, 0xFB, 0xEA, 0x86,
    0xBC, 0x8D, 0xAE, 0x95, 0x07, 0x2A, 0xD2, 0x61, 0x37, 0xEB, 0x6C, 0x32, 0x21, 0xB4, 0x4A, 0xDE,
    0x9C, 0xA1, 0x58, 0x8E, 0x77, 0xB3, 0x3E, 0x9B, 0xE6, 0xDF, 0x75, 0xC2, 0x54, 0x4E, 0xC6, 0x3E,
    0x1E, 0x78, 0x36, 0x2E, 0x8D, 0x57, 0x7F, 0x90, 0x44, 0xF9, 0x7E, 0x25, 0xC9, 0x04, 0xEC, 0x30,
    0x4A, 0x36, 0x00, 0x35, 0x74, 0x21, 0x88, 0xD6, 0x94, 0xB7, 0x25, 0xC7, 0x50, 0x40, 0xFE, 0xEC,
    0x8C, 0x3B, 0x87, 0x8A, 0xB1, 0x8C, 0x1D, 0x1A, 0x72, 0x6E, 0xDC, 0x3C, 0x26, 0x6E, 0xC9, 0x0E,
    0x5D, 0x4E, 0xA9, 0x30, 0xE7, 0x88, 0x2B, 0x3F, 0x9A, 0x7F, 0x55, 0x1F, 0xED, 0x5F, 0x75, 0x24,
    0x95, 0x47, 0xFE, 0x95, 0xA1, 0x53, 0x4A, 0x8E, 0xFD, 0xCB, 0xCF, 0x24, 0x07, 0xD2, 0x0E, 0xEF,
    0x6F, 0xFC, 0x4B, 0x0E, 0x54, 0x1B, 0x95, 0x46, 0xCE, 0xFC, 0x2B, 0x33, 0xFF, 0x4A, 0x56, 0xC7,
    0x32, 0xF2, 0x8D, 0x29, 0x7F, 0x4C, 0x15, 0xC9, 0xCB, 0x96, 0x40, 0xCC, 0x67, 0x52, 0x3D, 0x19,
    0x75, 0xE6, 0x66, 0xE6, 0x65, 0xE6, 0x64, 0x07, 0x1F, 0x33, 0x17, 0x33, 0x0F, 0x53, 0x07, 0x53,
    0xEC, 0x7F, 0xE3, 0x7F, 0x29, 0x91, 0x4E, 0xD5, 0xD3, 0x99, 0x0C, 0xB7, 0x53, 0x64, 0xAD, 0x4A,
    0x6A, 0x68, 0xB3, 0x3E, 0xA2, 0xED, 0x0E, 0xA8, 0x17, 0x5E, 0x32, 0x11, 0x39, 0x48, 0xC1, 0xC0,
    0x4B, 0xB6, 0x94, 0xEC, 0xF7, 0x9B, 0x7D, 0x20, 0x09, 0x58, 0x6E, 0x01, 0xE8, 0xBD, 0x58, 0x5E,
    0x66, 0x74, 0xB3, 0x93, 0x30, 0x68, 0x99, 0xEB, 0x3A, 0xB0, 0x5B, 0xE8, 0xB4, 0x0E, 0x7A, 0x42,
    0x5F, 0xE1, 0x3A, 0xD2, 0x59, 0x02, 0x05, 0x6F, 0x41, 0xEA, 0x8E, 0xA8, 0xC7, 0x68, 0x34, 0x91,
    0x8E, 0x2F, 0x39, 0xDC, 0x77, 0x28, 0xE5, 0x50, 0xA6, 0xB7, 0x27, 0x14, 0x0B, 0x49, 0x9F, 0x5E,
    0x46, 0x36, 0x2F, 0xA8, 0xC9, 0x1F, 0xAA, 0x43, 0xDA, 0xD6, 0xFC, 0x75, 0x24, 0xB6, 0x76, 0x04,
    0x1E, 0x0B, 0x11, 0x2B, 0xDA, 0x5A, 0xC5, 0x76, 0x4F, 0x3E, 0xA3, 0xFA, 0x36, 0xE1, 0x56, 0x67,
    0x0F, 0x83, 0x38, 0xDB, 0x38, 0x3C, 0xEB, 0x3F, 0xB6, 0xF2, 0x18, 0x27, 0xC5, 0x7A, 0xD2, 0x6A,
    0x18, 0xFA, 0xE9, 0xF2, 0x35, 0x65, 0xD4, 0x42, 0x1C, 0x4B, 0xE0, 0x49, 0x4A, 0x31, 0xAC, 0xA3,
    0xCB, 0x02, 0xCB, 0xDA, 0x3F, 0x6B, 0x54, 0xF0, 0x6B, 0x0C, 0x91, 0x24, 0x93, 0x1A, 0xE2, 0xE1,
    0x6E, 0x90, 0x73, 0xEB, 0x08, 0xD6, 0x9D, 0x59, 0x56, 0xDD, 0x53, 0xB9, 0x59, 0xD6, 0xD1, 0xB5,
    0x15, 0x91, 0xB7, 0xF8, 0xB6, 0xF9, 0xD7, 0xC2, 0xB9, 0xBD, 0xDC, 0x66, 0x04, 0x2D, 0xB7, 0xE5,
    0x99, 0xB2, 0x97, 0x14, 0x93, 0xE7, 0x98, 0x7E, 0x08, 0x1D, 0xDF, 0x7F, 0xE8, 0x59, 0xFC, 0xC1,
    0xC2, 0x2F, 0x53, 0x4E, 0x23, 0x8E, 0xAE, 0xE3, 0x10, 0xE4, 0xE4, 0x86, 0xD9, 0x2B, 0xC5, 0x1F,
    0xCD, 0x5A, 0x9E, 0xD3, 0x72, 0x62, 0x39, 0x88, 0xB8, 0xC1, 0xB7, 0x22, 0xBE, 0x55, 0x11, 0x42,
    0x12, 0x39, 0x4C, 0x39, 0x7D, 0x96, 0xEC, 0xB5, 0x35, 0x00, 0x53, 0x2F, 0xC5, 0x9A, 0xC1, 0xA2,
    0xDB, 0x45, 0x03, 0x47, 0x00, 0x18, 0xC5, 0x0D, 0x3B, 0x54, 0x9A, 0xC9, 0x07, 0x35, 0x05, 0xBF,
    0xB6, 0x6A, 0x0C, 0x66, 0x54, 0x3A, 0x4A, 0x51, 0xAF, 0x19, 0x95, 0x96, 0x19, 0xFC, 0xEA, 0x0C,
    0x10, 0xF9, 0x93, 0x65, 0x3E, 0xFA, 0xE2, 0x30, 0x5D, 0x2E, 0xD9, 0x9F, 0x67, 0x66, 0xCB, 0x3C,
    0x28, 0x16, 0xCB, 0x44, 0xD6, 0x50, 0x33, 0x19, 0x5A, 0xCD, 0xA4, 0x51, 0xF0, 0xF0, 0x16, 0x1E,
    0xEE, 0x5F, 0x8E, 0x34, 0x19, 0x1F, 0x96, 0xAE, 0x19, 0x39, 0xD9, 0xAF, 0x86, 0x68, 0xE4, 0x8E,
    0x76, 0x33, 0x1E, 0x73, 0xBA, 0xC6, 0x44, 0xFF, 0x01, 0x18, 0x68, 0x11, 0x8C, 0xA6, 0xA7, 0x47,
    0xE7, 0x16, 0xDA, 0x05, 0xED, 0xEE, 0x20, 0x75, 0x73, 0x9E, 0xC9, 0x51, 0x31, 0x53, 0xE5, 0x68,
    0x68, 0x11, 0x00, 0x0D, 0x0D, 0x74, 0x9E, 0xF9, 0xA7, 0xFD, 0xDE, 0xCC, 0xA7, 0xC2, 0xDB, 0x5D,
    0xDB, 0x4C, 0xA9, 0x99, 0x56, 0x9E, 0xB3, 0x47, 0xF4, 0xF2, 0xBB, 0xB4, 0x9D, 0x8E, 0x91, 0x68,
    0x3E, 0xE0, 0x1B, 0x33, 0xE5, 0xFA, 0x63, 0x60, 0x62, 0x60, 0x3E, 0x01, 0x3A, 0xB5, 0xE3, 0xEA,
    0x7F, 0x52, 0x8F, 0x24, 0x0C, 0xE6, 0x8D, 0xAD, 0x52, 0xBE, 0x6C, 0x7F, 0xF5, 0xD6, 0xB7, 0x72,
    0xA9, 0xD3, 0x10, 0x00, 0x4B, 0x43, 0xC2, 0xB2, 0xF9, 0x2D, 0x9A, 0x35, 0xDE, 0x2D, 0x18, 0x8D,
    0x26, 0xA3, 0x48, 0x0A, 0x47, 0x84, 0xC9, 0x68, 0x50, 0xD2, 0x1C, 0xE3, 0xC5, 0x0D, 0x95, 0x9E,
    0x7F, 0x45, 0xB4, 0x3D, 0x44, 0x92, 0x9F, 0x49, 0x25, 0x48, 0x0E, 0x8D, 0x52, 0x7E, 0xF4, 0xF4,
    0xE4, 0xE2, 0xB1, 0x39, 0x46, 0xF1, 0xA8, 0x54, 0xCD, 0x02, 0x83, 0x52, 0xAA, 0xC5, 0xED, 0xB0,
    0x8E, 0x6E, 0x19, 0xD6, 0x0D, 0x9D, 0xBA, 0xF2, 0x3A, 0xDF, 0x49, 0xAA, 0xCD, 0x58, 0xB7, 0xF1,
    0xF8, 0x1B, 0x8C, 0x1E, 0xDF, 0x41, 0xCC, 0xF0, 0x2E, 0x62, 0x8A, 0xA5, 0x88, 0x09, 0x26, 0x37,
    0x25, 0x18, 0x5C, 0x7F, 0x06, 0x22, 0x84, 0x4F, 0x18, 0x58, 0xE2, 0x78, 0x0A, 0x1D, 0xE1, 0xBA,
    0xAB, 0x79, 0x9C, 0xD6, 0x0D, 0x68, 0x07, 0x1A, 0x48, 0x45, 0xB7, 0x1D, 0x09, 0xFA, 0x75, 0xF6,
    0xF5, 0x24, 0x45, 0xDE, 0x24, 0x3A, 0x74, 0x50, 0x80, 0xDA, 0x7A, 0x59, 0x27, 0x05, 0xE9, 0xB8,
    0x46, 0x6D, 0xB9, 0x5F, 0x9E, 0x57, 0xB2, 0xE6, 0x6E, 0x08, 0x8D, 0xAC, 0x5B, 0xE6, 0xD7, 0x3D,
    0xF3, 0x6A, 0x16, 0xDB, 0x35, 0x7F, 0x43, 0xDE, 0x8B, 0xED, 0x96, 0xFA, 0x6F, 0x71, 0x4B, 0x3D,
    0x27, 0x90, 0xC3, 0x3A, 0xEA, 0xDD, 0x3F, 0xE9, 0xF7, 0xC2, 0xFE, 0xCB, 0x9E, 0xCE, 0x57, 0xD6,
    0xC5, 0x35, 0xE6, 0x1E, 0xAA, 0x6D, 0x68, 0xCC, 0x16, 0x1B, 0xA1, 0x1D, 0xEA, 0x1F, 0xA2, 0x77,
    0x93, 0x84, 0xA1, 0x1C, 0xC4, 0x8F, 0x7E, 0x90, 0x72, 0x38, 0x83, 0xA2, 0xF3, 0xA3, 0x3C, 0x67,
    0x33, 0x42, 0x8F, 0xE6, 0xD0, 0x34, 0x07, 0xFB, 0x25, 0xC1, 0xC8, 0x7B, 0x2B, 0x29, 0x6C, 0x65,
    0x08, 0x9C, 0x3D, 0x47, 0xDA, 0x39, 0x11, 0x9D, 0x1A, 0x55, 0xE2, 0xE6, 0xD0, 0x9C, 0x01, 0x37,
    0x3C, 0xA2, 0x3B, 0x83, 0xC0, 0x92, 0x67, 0x09, 0x9D, 0xD3, 0x7B, 0xED, 0x9B, 0x6E, 0x9F, 0x86,
    0xE2, 0xB0, 0x78, 0x1A, 0x06, 0x4E, 0x0B, 0xB2, 0x59, 0xFD, 0xE7, 0x22, 0xA6, 0x75, 0xE7, 0xEB,
    0x92, 0x42, 0x2D, 0x84, 0xC9, 0xF7, 0x2E, 0xD6, 0x6D, 0x16, 0x43, 0x9B, 0x4D, 0xA1, 0x4F, 0xEE,
    0x85, 0xD9, 0xA2, 0xB7, 0x1E, 0xA8, 0x1C, 0x30, 0xA4, 0x5A, 0xB7, 0x12, 0xB3, 0x24, 0x01, 0xBF,
    0x23, 0x0E, 0xAF, 0x6A, 0x6D, 0xD5, 0x0B, 0xAB, 0x6C, 0x0E, 0xBD, 0x8B, 0x1E, 0x18, 0x76, 0x40,
    0x43, 0x17, 0x64, 0xD7, 0x9D, 0xA9, 0x5E, 0x4E, 0x75, 0x2F, 0x7F, 0x1C, 0x55, 0x25, 0x68, 0xE0,
    0xDF, 0x37, 0xDC, 0xDF, 0xF8, 0xEC, 0x69, 0x55, 0xDA, 0x86, 0x58, 0xD1, 0xB3, 0x4B, 0xDD, 0xEE,
    0x46, 0x37, 0x14, 0x5D, 0x36, 0x9D, 0xD0, 0xB4, 0x57, 0xA8, 0xD5, 0x33, 0x25, 0xC4, 0x43, 0x59,
    0xFB, 0x20, 0xBA, 0x7C, 0x39, 0xA8, 0xA3, 0xAF, 0x70, 0x27, 0xA8, 0x2D, 0x39, 0x00, 0x5B, 0xAE,
    0x46, 0x10, 0xF6, 0xCD, 0xEE, 0x47, 0x1C, 0x27, 0xDB, 0x57, 0x30, 0x34, 0x7C, 0xBF, 0xEE, 0x83,
    0x1B, 0xE2, 0x44, 0xDB, 0x37, 0x59, 0xCF, 0x50, 0x57, 0xE2, 0xDF, 0x59, 0x44, 0x8A, 0xCB, 0x3D,
    0x43, 0xF5, 0xEC, 0xBD, 0x88, 0x45, 0x93, 0x4C, 0xAE, 0xD7, 0xF8, 0x96, 0x2E, 0x66, 0x70, 0x07,
    0x33, 0xDF, 0x4B, 0x8E, 0x7B, 0xAE, 0xD0, 0xB9, 0x6A, 0x68, 0x92, 0x70, 0xA0, 0x9F, 0x84, 0xE5,
    0x1B, 0x67, 0xA4, 0x4D, 0xAE, 0xE5, 0x2D, 0x25, 0x2F, 0x0F, 0x94, 0xCA, 0x95, 0xBE, 0xA2, 0x74,
    0x47, 0x44, 0x49, 0x9E, 0x24, 0x05, 0xA8, 0xD9, 0x4A, 0xEA, 0xBE, 0x92, 0xE4, 0xAD, 0xA2, 0xEC,
    0x46, 0x92, 0x03, 0x49, 0xD0, 0x90, 0x7C, 0xBB, 0xA1, 0xFB, 0x76, 0x12, 0xB0, 0xC2, 0x78, 0x83,
    0xEB, 0x78, 0x70, 0x41, 0xBC, 0xEE, 0xE8, 0xD1, 0xA5, 0xED, 0xA1, 0x1D, 0xBE, 0x88, 0x9F, 0xBC,
    0x9E, 0xA2, 0x93, 0x4F, 0x72, 0x58, 0x04, 0x70, 0x10, 0x01, 0x57, 0x4F, 0x26, 0x29, 0xF4, 0x03,
    0xFA, 0x81, 0xCE, 0xE9, 0x19, 0x7A, 0x12, 0xA9, 0x5B, 0x91, 0xB2, 0xE7, 0x03, 0x5F, 0x08, 0xAD,
    0x78, 0x9B, 0xF6, 0xA9, 0xB7, 0x46, 0x39, 0xFC, 0x69, 0x84, 0xF5, 0x6F, 0x23, 0x48, 0x72, 0xBE,
    0x8D, 0x6B, 0xAB, 0xC2, 0x36, 0xBA, 0x79, 0xCD, 0x6D, 0xC7, 0xD0, 0xAC, 0x59, 0x87, 0xE3, 0x15,
    0x88, 0xEC, 0xBA, 0x59, 0xC4, 0x7D, 0x7F, 0x12, 0x29, 0xCF, 0xD6, 0x4B, 0xC5, 0xDB, 0xE7, 0x96,
    0xB7, 0x8C, 0xE2, 0x15, 0xBE, 0x88, 0x0F, 0x1F, 0xC3, 0x42, 0xAA, 0x60, 0x10, 0x33, 0x13, 0xED,
    0x44, 0x43, 0x89, 0xEC, 0xAF, 0x48, 0xD2, 0x7D, 0xBD, 0x68, 0x97, 0x03, 0x00, 0xAD, 0x51, 0xF3,
    0xE9, 0x25, 0x35, 0xB7, 0x28, 0xA8, 0x25, 0xE9, 0x13, 0xFB, 0xB3, 0x6A, 0x79, 0xCF, 0x03, 0xBD,
    0xF2, 0xA3, 0xFA, 0x33, 0x55, 0x92, 0x5B, 0x3D, 0xC7, 0x9D, 0xE5, 0x92, 0x8C, 0xAC, 0xCA, 0x8F,
    0x4D, 0x4E, 0x8E, 0xA0, 0x22, 0xFB, 0xFF, 0x64, 0xC8, 0x50, 0x1D, 0x8D, 0x9B, 0x29, 0x6E, 0x5F,
    0x60, 0x0E, 0x67, 0x54, 0x62, 0xF9, 0x6D, 0x2C, 0xD5, 0x09, 0xFE, 0x53, 0xB4, 0x4C, 0x4F, 0x8B,
    0x3C, 0x05, 0x62, 0x47, 0xF0, 0xAA, 0xCD, 0xBC, 0x67, 0x7E, 0xDD, 0xB3, 0x28, 0xE2, 0xF0, 0xDE,
    0x2B, 0xFC, 0x5A, 0x00, 0x1D, 0xEB, 0xBD, 0x6C, 0x56, 0x53, 0xFE, 0x5D, 0x6E, 0x8B, 0xC5, 0x52,
    0x44, 0xAF, 0x7C, 0xB8, 0x5C, 0xB8, 0xB4, 0xE7, 0x7A, 0xB2, 0xBC, 0x28, 0xA1, 0xB7, 0x97, 0x55,
    0x2E, 0x27, 0x8F, 0xCE, 0xA3, 0x5B, 0x29, 0x43, 0x97, 0x99, 0xD6, 0xE9, 0xE3, 0xA0, 0xFE, 0x60,
    0xB4, 0x8C, 0x34, 0x28, 0x09, 0x26, 0xA7, 0x14, 0xCC, 0x38, 0x1E, 0x11, 0xD0, 0x5A, 0xF7, 0x01,
    0x62, 0xA6, 0x34, 0xEF, 0xA9, 0x8C, 0x9A, 0x95, 0xF8, 0x57, 0x0F, 0x6E, 0x96, 0xE1, 0x72, 0x3B,
    0xB7, 0x03, 0xFA, 0x95, 0x18, 0xEF, 0xAE, 0xAE, 0x85, 0x8D, 0xBE, 0x60, 0xBF, 0xCA, 0xEF, 0xC5,
    0xB5, 0x4A, 0x5D, 0x38, 0x58, 0x4C, 0xD8, 0x96, 0xA8, 0x94, 0x62, 0x58, 0xBD, 0xEE, 0x26, 0x19,
    0x4E, 0x1B, 0xFE, 0xBA, 0xB6, 0xB2, 0xE3, 0x1C, 0x37, 0x9F, 0x0A, 0xA5, 0xCC, 0x2E, 0x14, 0x3A,
    0x2B, 0x8B, 0x59, 0xD7, 0x7C, 0xAF, 0x83, 0x35, 0xE5, 0x2F, 0x89, 0x19, 0x7A, 0x5B, 0xBB, 0x1D,
    0x49, 0x55, 0x54, 0x2A, 0xE4, 0xC1, 0xE6, 0x27, 0xF7, 0xD3, 0x71, 0x73, 0xA5, 0xFC, 0x55, 0x75,
    0xC3, 0x7A, 0xD3, 0x5B, 0xF7, 0xAC, 0x31, 0x33, 0x69, 0x09, 0x8A, 0xE9, 0xE0, 0x2A, 0xA3, 0xC6,
    0xA8, 0xB2, 0xFF, 0xDB, 0x5E, 0xB9, 0xEB, 0xAF, 0x89, 0xA5, 0xF1, 0x0E, 0x38, 0x98, 0xFB, 0xDB,
    0x85, 0x21, 0x19, 0x17, 0xB5, 0xF2, 0x91, 0x3E, 0x6C, 0xA1, 0x73, 0xF1, 0x4D, 0xB0, 0x80, 0xE5,
    0xDD, 0x1B, 0x66, 0xDB, 0xD2, 0x16, 0x48, 0x7C, 0x8F, 0x76, 0x23, 0x44, 0x1E, 0x39, 0xC6, 0xE5,
    0x9C, 0x71, 0x37, 0x94, 0x2D, 0x37, 0xD0, 0x5C, 0x8B, 0x2F, 0xA5, 0x07, 0x06, 0x07, 0x1C, 0x48,
    0x7F, 0xAD, 0xEB, 0x24, 0xFC, 0x48, 0x30, 0xA9, 0x09, 0x19, 0xC4, 0x2F, 0xAB, 0x27, 0x4B, 0x9E,
    0xE6, 0x50, 0x62, 0x04, 0x87, 0xCB, 0x84, 0xC9, 0xCC, 0x51, 0xC9, 0x2B, 0xD3, 0x1A, 0x7C, 0xD3,
    0xB3, 0xCB, 0x66, 0xA5, 0x5A, 0xC2, 0xD1, 0x9E, 0x19, 0xA3, 0xFC, 0x88, 0x32, 0xBB, 0x21, 0x31,
    0x92, 0x57, 0xE6, 0x67, 0xD5, 0x2A, 0xE9, 0xB4, 0x8D, 0xD7, 0xFA, 0x66, 0xD3, 0x3E, 0xC1, 0x81,
    0x0E, 0x27, 0xD1, 0x2A, 0x79, 0xA3, 0x9D, 0x9E, 0x25, 0xCB, 0x9A, 0x1C, 0x9A, 0x4D, 0x23, 0xD7,
    0x6C, 0xF8, 0x97, 0x41, 0x2C, 0xA5, 0x33, 0xA5, 0xA2, 0x4A, 0xA3, 0x2C, 0xCA, 0x97, 0xFF, 0x2C,
    0x86, 0x25, 0x0E, 0xEF, 0xDF, 0x90, 0x1D, 0xC0, 0x6C, 0x1A, 0xC5, 0x01, 0xF2, 0x65, 0x3C, 0x94,
    0x6C, 0x91, 0x24, 0x7C, 0x70, 0xF8, 0xFD, 0x20, 0x91, 0xB2, 0x65, 0x36, 0xB7, 0x6C, 0x8A, 0x81,
    0x75, 0xF0, 0x95, 0x08, 0xB3, 0xAD, 0x78, 0x8B, 0xDA, 0x16, 0xE8, 0xA4, 0xB6, 0x65, 0xA2, 0x12,
    0xBD, 0xBC, 0x2D, 0xB4, 0xBA, 0xC7, 0x20, 0xB3, 0xD0, 0xF2, 0x3E, 0x8C, 0x12, 0x6D, 0x66, 0xF0,
    0x76, 0x1D, 0x13, 0xCD, 0xF2, 0xF7, 0x12, 0x23, 0xE5, 0x71, 0x90, 0x58, 0xCE, 0xD9, 0xC8, 0xEC,
    0x4B, 0x93, 0x43, 0x36, 0xB0, 0xE5, 0x5F, 0x1D, 0x0F, 0xD9, 0x0C, 0xDF, 0x1A, 0x76, 0xF8, 0xFB,
    0x9E, 0xD9, 0x6F, 0xF7, 0x19, 0xBE, 0xA3, 0x1A, 0xA5, 0xF8, 0x6E, 0x97, 0xE1, 0x5D, 0xCD, 0x26,
    0x78, 0xBF, 0x4D, 0xF0, 0xBD, 0x76, 0x5D, 0x8F, 0xB6, 0xE1, 0x22, 0x29, 0xC0, 0x3C, 0x0B, 0x3C,
    0x4C, 0xBC, 0xF5, 0x6B, 0x4C, 0x2A, 0xCD, 0x77, 0xCA, 0x78, 0x08, 0x87, 0x92, 0xD6, 0xAC, 0x45,
    0x01, 0xB7, 0xDF, 0x37, 0x71, 0x18, 0xC9, 0x8C, 0x08, 0x32, 0x85, 0x0A, 0x64, 0x8B, 0x0C, 0x5E,
    0xFE, 0xED, 0xE7, 0x6D, 0xF2, 0x80, 0x8E, 0xBD, 0xD1, 0x6A, 0x26, 0x68, 0x26, 0x47, 0x2F, 0xA8,
    0xF2, 0xC8, 0xE9, 0x0C, 0x5A, 0x15, 0x41, 0xBD, 0xAC, 0xD5, 0x76, 0xD3, 0xCF, 0x34, 0x13, 0x86,
    0x1C, 0x43, 0xAE, 0x53, 0xA6, 0x61, 0x87, 0x61, 0xD7, 0x8A, 0xF8, 0xC9, 0x85, 0xD1, 0x69, 0x26,
    0x16, 0xE5, 0x54, 0x54, 0x22, 0x45, 0xF4, 0x2E, 0x96, 0x5A, 0xBF, 0xF9, 0x45, 0x37, 0x7B, 0xCD,
    0x2C, 0x7F, 0xBD, 0x5B, 0x5E, 0xA4, 0x92, 0x0F, 0x32, 0x3C, 0x60, 0x1B, 0xA6, 0x0C, 0x91, 0x99,
    0x21, 0xC5, 0x64, 0x23, 0xB2, 0x04, 0xC3, 0x21, 0x30, 0xCC, 0x8C, 0xA0, 0x95, 0xD0, 0x1F, 0x32,
    0xF5, 0xC1, 0x17, 0xB7, 0xFE, 0x47, 0xDF, 0xA3, 0xDF, 0xAD, 0x3E, 0x67, 0xFE, 0x76, 0xC9, 0xD7,
    0xE8, 0x5A, 0x01, 0x83, 0x12, 0x30, 0xA8, 0x77, 0x7D, 0x1E, 0xF7, 0x72, 0x0C, 0x92, 0x2E, 0x92,
    0x29, 0x45, 0xBA, 0x11, 0x5B, 0x3C, 0x49, 0x3E, 0xD0, 0x51, 0x38, 0x37, 0x5C, 0xB8, 0xAB, 0xCC,
    0x81, 0x9E, 0xB6, 0x43, 0x5B, 0xB3, 0xC6, 0x6D, 0x64, 0x7D, 0x7F, 0xA6, 0x24, 0xF8, 0xF9, 0xA0,
    0x14, 0x7E, 0xD1, 0x6F, 0xDE, 0x99, 0xC2, 0x2A, 0xE8, 0x20, 0x8F, 0x4C, 0xD5, 0xC5, 0xED, 0x0E,
    0xC0, 0x05, 0xAD, 0x1A, 0xA8, 0xAD, 0x4D, 0x33, 0xF7, 0x10, 0x6A, 0xF4, 0xCE, 0xB7, 0x22, 0xB5,
    0x38, 0xFE, 0x46, 0x63, 0x72, 0x2A, 0xDB, 0x04, 0xC4, 0x52, 0x5B, 0x1C, 0x0B, 0x0C, 0x05, 0xDA,
    0x04, 0x7C, 0x8D, 0x67, 0xAD, 0xBC, 0x44, 0xC5, 0x74, 0x52, 0xA1, 0x69, 0xDB, 0xC1, 0x0C, 0xBB,
    0xEB, 0x68, 0x4C, 0x5A, 0x52, 0x07, 0x13, 0xC5, 0x4C, 0x1B, 0x2E, 0x9E, 0xBA, 0xAB, 0xF5, 0xCC,
    0x74, 0x29, 0xEB, 0x90, 0x98, 0xEF, 0x61, 0xB8, 0xA8, 0xA1, 0xEF, 0x2E, 0xFF, 0x31, 0x25, 0x28,
    0x24, 0xCB, 0x45, 0x6F, 0x59, 0x4E, 0x0A, 0xE8, 0xD9, 0xD4, 0xCA, 0xC2, 0x1A, 0x4C, 0x9F, 0x91,
    0xCF, 0xF0, 0xD2, 0x74, 0xE6, 0x73, 0xB2, 0xC5, 0x08, 0x7C, 0x1E, 0x7F, 0x92, 0x6F, 0xCA, 0xBF,
    0x8A, 0xA5, 0x1B, 0x62, 0x58, 0x0E, 0x13, 0xD6, 0x20, 0x4B, 0xC6, 0x82, 0x77, 0x6C, 0x69, 0x31,
    0x5A, 0x0F, 0x7D, 0x1C, 0x11, 0x28, 0x01, 0xA0, 0x3F, 0xE0, 0x87, 0xF7, 0xDF, 0x44, 0x57, 0xB6,
    0xDA, 0xF5, 0xF9, 0x46, 0x4A, 0xB6, 0xA3, 0x5E, 0x38, 0x02, 0x89, 0xE2, 0xD9, 0x41, 0xAE, 0x1D,
    0x85, 0xE3, 0xA3, 0x0B, 0xD6, 0xC3, 0x9B, 0x43, 0x99, 0x01, 0x27, 0x5E, 0x62, 0x1D, 0x9C, 0xD5,
    0xAE, 0xE1, 0x25, 0xEB, 0xC8, 0x91, 0x65, 0x25, 0xA3, 0x96, 0x95, 0x8E, 0x39, 0xB7, 0x5A, 0x6B,
    0x59, 0xD9, 0x58, 0xA2, 0x92, 0xDD, 0xE8, 0xB1, 0xDF, 0xD7, 0x63, 0x00, 0x00, 0xE2, 0x1A, 0x33,
    0xA6, 0xA7, 0x89, 0x63, 0x7F, 0x3B, 0xAE, 0xAB, 0x71, 0x6C, 0xD7, 0xD6, 0x45, 0x29, 0xC2, 0x68,
    0xF0, 0xE1, 0x37, 0xD0, 0xBB, 0x36, 0x43, 0x5B, 0x54, 0x0E, 0x55, 0x71, 0x58, 0xBE, 0xD5, 0x4A,
    0x1E, 0x16, 0xC2, 0x58, 0xB0, 0x49, 0x6A, 0x9D, 0x64, 0x7D, 0xF8, 0xCF, 0x6F, 0xA6, 0xE8, 0xEC,
    0x0F, 0x5F, 0x47, 0x07, 0x49, 0xA3, 0xC7, 0xFD, 0x37, 0xA7, 0x1A, 0x80, 0x81, 0x0E, 0x9A, 0x84,
    0x65, 0x11, 0xE7, 0x0B, 0x2C, 0xE3, 0x66, 0x40, 0x7D, 0xAD, 0x24, 0xAE, 0x1B, 0x73, 0x19, 0x56,
    0xC0, 0x40, 0xD8, 0x0F, 0xDE, 0x11, 0xA6, 0x27, 0x2D, 0x71, 0x59, 0x71, 0x4F, 0x6A, 0xA7, 0x4A,
    0xE7, 0x93, 0x6F, 0xB5, 0x34, 0x0A, 0x81, 0xC5, 0xA4, 0xB7, 0x85, 0xD4, 0x6B, 0x24, 0xF1, 0x24,
    0xAE, 0x95, 0x20, 0xBE, 0xB1, 0xFD, 0xC2, 0xDC, 0x2D, 0x9C, 0xAF, 0x32, 0x71, 0xBC, 0xFE, 0xA4,
    0xBD, 0x38, 0xCC, 0xDA, 0x3A, 0xB4, 0xE2, 0xE7, 0xD0, 0x4B, 0x3D, 0xF8, 0x5E, 0xA0, 0xB3, 0x01,
    0xF4, 0xCF, 0xD1, 0x17, 0x9E, 0xC8, 0x6F, 0xCB, 0x50, 0x1B, 0xC2, 0xFF, 0x01, 0xCC, 0x97, 0x2D,
    0x8C, 0xDD, 0xCE, 0x15, 0xC5, 0x8F, 0x6D, 0xED, 0x5A, 0xAA, 0xC1, 0xC0, 0xBF, 0x54, 0x62, 0x5A,
    0x85, 0x98, 0x83, 0x6A, 0x5C, 0x54, 0xBA, 0xA0, 0x8B, 0x96, 0x83, 0xA2, 0xE5, 0xA4, 0x36, 0x47,
    0x4B, 0xCA, 0x0B, 0x4A, 0xBA, 0x01, 0xE1, 0x52, 0x53, 0x5B, 0x21, 0x85, 0x35, 0x0A, 0xAD, 0x49,
    0x48, 0x0B, 0x3A, 0xC0, 0x51, 0x9D, 0x74, 0xEC, 0xD3, 0xF9, 0xB8, 0x33, 0xEF, 0x65, 0xD5, 0xA6,
    0xAD, 0x94, 0x48, 0xBD, 0x7A, 0x3A, 0xE7, 0x77, 0xFD, 0xEC, 0xB1, 0xE7, 0xDC, 0x75, 0xF4, 0x82,
    0x50, 0x5D, 0x1F, 0x7D, 0x9A, 0x51, 0x90, 0x2B, 0xDC, 0xA7, 0x25, 0x4F, 0x4C, 0x0E, 0xCF, 0x07,
    0xCE, 0x7A, 0xAD, 0xB8, 0x60, 0x32, 0x6A, 0x69, 0xD8, 0x43, 0x5B, 0x35, 0x2B, 0x02, 0xEA, 0xD4,
    0x7D, 0x77, 0x38, 0xE7, 0x01, 0x6D, 0x81, 0x86, 0x2B, 0x06, 0xE7, 0x35, 0x67, 0x4C, 0x3B, 0x50,
    0x39, 0x67, 0xF0, 0xE5, 0x85, 0xAF, 0xE0, 0x26, 0x2E, 0xFD, 0xCB, 0xF3, 0xD2, 0xF5, 0xB2, 0x9E,
    0xAC, 0x3F, 0x42, 0x87, 0xFB, 0x01, 0x6D, 0xB8, 0x3F, 0xE0, 0x9F, 0xA7, 0xB3, 0xF1, 0xDC, 0x69,
    0x03, 0xC0, 0x4F, 0x35, 0x17, 0xE7, 0x1D, 0x49, 0xB8, 0x2A, 0xC9, 0x0D, 0xBE, 0x6E, 0x7E, 0x81,
    0x54, 0xBF, 0xF1, 0x52, 0x1D, 0x5E, 0x1B, 0xA2, 0x78, 0x7E, 0xAA, 0x89, 0x8E, 0x67, 0xC5, 0x82,
    0xE4, 0xC2, 0x9A, 0xE3, 0x64, 0xDE, 0xAA, 0x13, 0xDA, 0xDA, 0xF6, 0x40, 0x4B, 0xA3, 0x2D, 0x14,
    0xC7, 0xA0, 0x10, 0xDD, 0xBD, 0x0E, 0xBB, 0x7F, 0x80, 0xA8, 0xF1, 0xC8, 0xF5, 0x39, 0x9D, 0xD3,
    0x13, 0xCA, 0xAD, 0x70, 0xC8, 0xC1, 0x8A, 0x33, 0x0D, 0x40, 0x72, 0x06, 0x5A, 0x86, 0x27, 0xB8,
    0xEF, 0x21, 0x55, 0x6E, 0xD1, 0x1B, 0x3B, 0x90, 0x6B, 0x4B, 0x75, 0x4E, 0xCE, 0x3B, 0x36, 0xE7,
    0x0F, 0x3C, 0xFA, 0x1B, 0x56, 0x27, 0x68, 0x00, 0x8D, 0x43, 0xDC, 0x46, 0x2F, 0xB7, 0xE8, 0xD3,
    0x12, 0xFD, 0x44, 0xF4, 0x5E, 0x1C, 0xDF, 0xCD, 0x43, 0xE4, 0x03, 0x10, 0xC6, 0x74, 0x22, 0xDC,
    0xBB, 0x74, 0x08, 0xC5, 0x0F, 0x8F, 0x9B, 0xF3, 0x8A, 0x0C, 0xD3, 0xC0, 0xC0, 0x13, 0x90, 0xED,
    0xA6, 0xFA, 0x89, 0x38, 0xE3, 0xA1, 0x92, 0x73, 0xF0, 0x82, 0xB3, 0xE6, 0x32, 0x70, 0x49, 0xAE,
    0xE7, 0x8A, 0x8B, 0xFB, 0x74, 0x63, 0xC9, 0xA5, 0x74, 0x3D, 0x82, 0xBF, 0xB7, 0xD1, 0xB9, 0x46,
    0xFF, 0x84, 0xE8, 0xCB, 0xFF, 0xEE, 0x05, 0xD7, 0xCA, 0x3B, 0x68, 0xEA, 0xE8, 0xBB, 0x0A, 0x3E,
    0x91, 0x34, 0xCE, 0x35, 0x2D, 0x19, 0xF6, 0xB5, 0x4E, 0x0C, 0xDB, 0xC0, 0x75, 0x35, 0x0B, 0xDE,
    0xE6, 0xA6, 0xDE, 0x4B, 0x9B, 0x9B, 0xE2, 0x54, 0x06, 0xB9, 0x26, 0x2E, 0x99, 0xA1, 0x39, 0x66,
    0x86, 0xA2, 0x40, 0xFE, 0x53, 0xBD, 0x2E, 0x92, 0x67, 0x0F, 0x34, 0x24, 0xB9, 0x79, 0x39, 0x00,
    0x15, 0x9A, 0x07, 0x7E, 0x9E, 0x38, 0x43, 0x9D, 0xCF, 0xAF, 0x69, 0x4A, 0xAE, 0x25, 0x37, 0x28,
    0x83, 0xDA, 0x53, 0x78, 0x1B, 0xD5, 0x02, 0xC5, 0xD9, 0x37, 0x1D, 0xA1, 0x66, 0xA7, 0xBD, 0x6F,
    0x14, 0x47, 0xD7, 0xE8, 0x13, 0xBE, 0x69, 0x38, 0xBB, 0x86, 0x36, 0x34, 0x15, 0x67, 0x1F, 0xC8,
    0x26, 0xCD, 0x02, 0x27, 0x46, 0x9A, 0x15, 0xFE, 0x5C, 0x69, 0x0C, 0xD0, 0x72, 0xBC, 0x34, 0x9A,
    0xB8, 0x34, 0xD3, 0x71, 0xD5, 0x70, 0x97, 0x46, 0x0E, 0xE4, 0xC6, 0x87, 0x2D, 0x4D, 0x78, 0xCC,
    0xD8, 0xD4, 0x0E, 0x3A, 0x22, 0x36, 0xE1, 0xA5, 0x3F, 0x81, 0xDF, 0xC7, 0xA7, 0x06, 0x68, 0x01,
    0x1B, 0xF6, 0xE3, 0x1F, 0x7E, 0x93, 0x66, 0xB0, 0x61, 0xC1, 0xD0, 0x94, 0x34, 0x61, 0xB1, 0xCA,
    0xD6, 0xFC, 0xF8, 0xC6, 0x41, 0xCB, 0x5F, 0xDF, 0x3F, 0x5A, 0xC9, 0x4D, 0x7B, 0x0F, 0xCD, 0x53,
    0x6A, 0x2E, 0xEF, 0x5F, 0x9B, 0x47, 0x72, 0x62, 0xEA, 0x25, 0x76, 0xE8, 0x77, 0x07, 0xE4, 0x6A,
    0xB4, 0xDC, 0x21, 0xA1, 0xA3, 0xA1, 0x81, 0x64, 0x1E, 0x62, 0x93, 0x07, 0x09, 0x7F, 0xE4, 0x92,
    0x78, 0x28, 0x09, 0x3C, 0xB2, 0xE4, 0x4D, 0xD2, 0x48, 0xDC, 0xED, 0x85, 0x97, 0xF6, 0xF3, 0x6B,
    0xAE, 0x12, 0x4F, 0x37, 0xD6, 0x9C, 0x25, 0xC4, 0x0E, 0x8A, 0xC8, 0xDC, 0x1D, 0x89, 0x81, 0x61,
    0xBF, 0x70, 0x1A, 0x94, 0x24, 0x7A, 0x89, 0x79, 0xBC, 0x4A, 0xF9, 0x12, 0xB2, 0xB6, 0x97, 0x8C,
    0xA7, 0x1D, 0xC8, 0x11, 0x1B, 0x6C, 0x92, 0xB0, 0xDF, 0xD6, 0x2E, 0xFB, 0x6A, 0xD8, 0x17, 0xBB,
    0xE4, 0xDB, 0x12, 0xD5, 0x2E, 0xF1, 0xEA, 0xF3, 0xF9, 0xCD, 0x26, 0xF9, 0x4C, 0x24, 0x03, 0x3F,
    0x09, 0x03, 0xB7, 0xCF, 0xBF, 0x43, 0xB5, 0x42, 0xC3, 0x07, 0x16, 0xFE, 0x7D, 0x38, 0x1D, 0xDE,
    0x3A, 0x04, 0x7F, 0x1E, 0xB2, 0xEF, 0x1C, 0xEA, 0xBF, 0x19, 0x8F, 0xCA, 0x61, 0xCB, 0x59, 0x30,
    0x3C, 0x99, 0x60, 0x71, 0x0F, 0xC1, 0x58, 0xB7, 0xBF, 0xCD, 0x38, 0xD1, 0x61, 0x47, 0xD2, 0x54,
    0xE4, 0x9F, 0xCF, 0x30, 0xD5, 0x55, 0xF1, 0x3D, 0x1D, 0xFE, 0xE5, 0xB5, 0x0F, 0x1B, 0x93, 0x43,
    0x28, 0xF6, 0x2E, 0x39, 0xED, 0xB1, 0x75, 0x62, 0xFD, 0x8D, 0x7F, 0xEA, 0x5C, 0x10, 0xE0, 0x06,
    0xBD, 0xFB, 0xEF, 0xE2, 0x28, 0x03, 0x86, 0x08, 0x1C, 0x2A, 0x87, 0x8A, 0x10, 0x0C, 0xE7, 0xCB,
    0x09, 0x83, 0x45, 0xBA, 0x8C, 0x06, 0xB2, 0x58, 0xC9, 0x05, 0x26, 0xA0, 0x8F, 0xBF, 0x34, 0xF1,
    0xC6, 0x8A, 0xA8, 0x8C, 0x93, 0x89, 0xD0, 0x07, 0x6A, 0xD3, 0xF0, 0xAF, 0xFF, 0xE0, 0x38, 0x9C,
    0xCF, 0x93, 0xA9, 0xC8, 0x3F, 0xD2, 0x92, 0xA4, 0xC1, 0xC4, 0x2A, 0xE1, 0xCD, 0x1D, 0xA4, 0x48,
    0xCE, 0xC0, 0x40, 0xAE, 0x99, 0xCC, 0x03, 0x3F, 0xF5, 0xC0, 0x0F, 0x3C, 0xC2, 0x4B, 0x1D, 0x77,
    0x90, 0xC8, 0xFC, 0xBF, 0xD0, 0x5D, 0xA6, 0x2D, 0x51, 0x91, 0xA9, 0xCC, 0x54, 0x65, 0xAA, 0x8D,
    0xA7, 0x9A, 0x1F, 0xEF, 0x1F, 0x03, 0xD1, 0xD7, 0x0B, 0x92, 0xFA, 0x2A, 0x15, 0x5C, 0x85, 0x2A,
    0x2E, 0x42, 0x0D, 0x47, 0xA1, 0x81, 0x02, 0x35, 0xF7, 0x44, 0x67, 0x8F, 0x54, 0x7F, 0xC8, 0x97,
    0xCE, 0x31, 0xEF, 0x6B, 0x88, 0xB9, 0x97, 0x1C, 0x65, 0xAB, 0xBF, 0x84, 0x00, 0xFE, 0x2D, 0x90,
    0xF3, 0x0B, 0x68, 0x12, 0x54, 0xDF, 0x06, 0xEE, 0x12, 0x6C, 0x02, 0x45, 0x82, 0x32, 0x41, 0x95,
    0xA0, 0x36, 0x0E, 0x42, 0xC2, 0x1E, 0xE8, 0xEB, 0x0B, 0x40, 0xA8, 0xAF, 0xC2, 0x98, 0x02, 0x95,
    0xCC, 0x14, 0x25, 0xF5, 0xC9, 0xA6, 0x5C, 0xCD, 0x25, 0xD6, 0x57, 0xCF, 0x4F, 0x68, 0xD7, 0x21,
    0xBC, 0x56, 0x9D, 0xD3, 0xC9, 0x96, 0x41, 0x0B, 0xA7, 0x7A, 0xF3, 0x7A, 0x3B, 0x7A, 0x05, 0x5E,
    0xA8, 0xA2, 0xCD, 0x8A, 0xA8, 0xFA, 0x9B, 0x69, 0x19, 0xB4, 0xE6, 0xEE, 0x74, 0x20, 0xC7, 0xA4,
    0x70, 0x25, 0xBA, 0x7B, 0x1D, 0x82, 0x4E, 0x9B, 0x57, 0x9A, 0x3C, 0xD3, 0x2E, 0xA4, 0x31, 0x9D,
    0xF0, 0xBA, 0x82, 0x1C, 0xA1, 0xC8, 0x96, 0xDC, 0xC9, 0x45, 0xD0, 0x3E, 0xD0, 0xB8, 0x4C, 0x3E,
    0xDC, 0x90, 0x77, 0x25, 0x2D, 0xD0, 0x85, 0x5F, 0xB1, 0x25, 0xCF, 0x88, 0xD6, 0x21, 0xAF, 0x70,
    0x4E, 0xF8, 0x77, 0xAE, 0x09, 0x37, 0x6E, 0x19, 0x27, 0x9B, 0x51, 0x33, 0xA3, 0xE2, 0x98, 0xB0,
    0xE6, 0x9C, 0xB0, 0xA4, 0x49, 0x08, 0xEE, 0x19, 0x87, 0x23, 0x63, 0xC7, 0x8C, 0x8A, 0x6F, 0x12,
    0x56, 0x64, 0xC2, 0xE2, 0x82, 0xB8, 0x42, 0x7D, 0xC1, 0x56, 0x70, 0x07, 0x9A, 0x88, 0xB5, 0x05,
    0xAA, 0x88, 0xA4, 0x01, 0xAE, 0x70, 0x0A, 0x28, 0xF5, 0x9F, 0x71, 0xD8, 0x33, 0x72, 0x13, 0x08,
    0xD9, 0x4B, 0xB5, 0x9C, 0x85, 0x0A, 0x9E, 0xC8, 0xB8, 0x24, 0x0C, 0xB9, 0x4A, 0xD1, 0xC8, 0x7C,
    0x02, 0x2D, 0x42, 0x32, 0x1D, 0x4C, 0x6B, 0x1A, 0xCE, 0x8F, 0xFB, 0x34, 0x1B, 0xC8, 0x68, 0x84,
    0x66, 0xA1, 0x38, 0x18, 0x4D, 0x23, 0x73, 0x71, 0x24, 0x63, 0x29, 0x1D, 0xC9, 0x54, 0x3C, 0x29,
    0x8E, 0x42, 0x35, 0x67, 0xA1, 0x92, 0x46, 0x08, 0xDC, 0x13, 0x0D, 0x47, 0xA2, 0x8E, 0x42, 0x7E,
    0x1C, 0x42, 0x15, 0x29, 0x54, 0x64, 0xC2, 0x85, 0x74, 0xA6, 0x36, 0x90, 0x0C, 0xC2, 0x91, 0xCC,
    0xC1, 0x91, 0x8C, 0x21, 0xD1, 0xE4, 0x09, 0x52, 0xFF, 0x25, 0x95, 0x39, 0xD5, 0x2A, 0x87, 0xFE,
    0xC8, 0x1C, 0xB9, 0xCD, 0xF4, 0x94, 0xA3, 0x5F, 0x04, 0xA6, 0x4D, 0x80, 0x36, 0xC1, 0x2E, 0x30,
    0x18, 0x81, 0x1F, 0x8D, 0xF8, 0x57, 0xF5, 0x2A, 0xAC, 0xA6, 0xF9, 0x8E, 0x07, 0x5A, 0xEE, 0x9A,
    0x7F, 0x22, 0x3D, 0x54, 0x24, 0x39, 0x83, 0x7B, 0x41, 0x5B, 0x3B, 0x18, 0x1C, 0x98, 0x8A, 0x4B,
    0x84, 0x52, 0x60, 0x75, 0x9F, 0xEF, 0x01, 0x65, 0x82, 0x9A, 0x5B, 0xC1, 0xCD, 0xC1, 0x40, 0xFE,
    0x8C, 0xBC, 0x06, 0x84, 0x7A, 0x01, 0x92, 0x86, 0x80, 0x11, 0xA0, 0x40, 0x8E, 0xF8, 0x91, 0x92,
    0x06, 0x4F, 0x08, 0x2C, 0x40, 0xB1, 0xCB, 0xEF, 0xD3, 0x13, 0x43, 0x1F, 0x62, 0x79, 0x17, 0xBF,
    0x6E, 0x25, 0xCE, 0x86, 0x26, 0x0D, 0xE8, 0xE5, 0x7F, 0xB6, 0x64, 0x36, 0xB3, 0x7C, 0xBF, 0x88,
    0x9B, 0x2F, 0xAE, 0x53, 0xB2, 0x4E, 0x3B, 0xD9, 0xE0, 0x5D, 0x17, 0x5D, 0xAB, 0x33, 0xF8, 0xAF,
    0x14, 0x83, 0xDB, 0x86, 0x7D, 0xF0, 0x9A, 0xE1, 0x85, 0xD8, 0xE3, 0x0D, 0xAB, 0x90, 0xBB, 0xF7,
    0x22, 0x2C, 0xD8, 0xAC, 0x08, 0xAE, 0x96, 0xF8, 0xF2, 0xB6, 0xF2, 0x5B, 0x5B, 0x27, 0xBF, 0xFF,
    0x67, 0xFB, 0x56, 0x0F, 0x63, 0xB9, 0x75, 0x9D, 0x0F, 0xC9, 0x8C, 0x1E, 0x20, 0x16, 0x74, 0xA1,
    0x4D, 0x10, 0x29, 0x08, 0xEB, 0xC8, 0x40, 0xD8, 0x37, 0xBA, 0x8C, 0x0D, 0x24, 0x45, 0x9A, 0x09,
    0xE0, 0x51, 0x93, 0x42, 0x6D, 0xA2, 0x26, 0x7D, 0xA1, 0x25, 0x65, 0x77, 0xA9, 0x26, 0x75, 0x8A,
    0xA8, 0x48, 0x61, 0x8F, 0x0B, 0xF7, 0xC1, 0xAE, 0x2E, 0x65, 0x17, 0x29, 0x5C, 0x98, 0x0E, 0xD2,
    0xB9, 0x21, 0xE2, 0x18, 0x01, 0xE4, 0x42, 0x2C, 0xB8, 0x01, 0xA3, 0x90, 0xFC, 0xF2, 0xCE, 0x77,
    0x2E, 0xF9, 0x1E, 0x31, 0x19, 0x49, 0xF6, 0x6A, 0xE5, 0xDD, 0x59, 0x71, 0xC0, 0xF3, 0xDD, 0x47,
    0x72, 0xC8, 0x7B, 0xEE, 0x39, 0xBC, 0xF7, 0xFC, 0xF1, 0xAA, 0xD2, 0x1B, 0x7B, 0x3D, 0x45, 0xB6,
    0x24, 0x53, 0x0C, 0xAE, 0x7E, 0x1C, 0x5C, 0xFF, 0x64, 0xB2, 0x1E, 0x67, 0x3C, 0x3E, 0x08, 0xCC,
    0x0E, 0x28, 0x57, 0xB4, 0x61, 0xA1, 0xC1, 0x6E, 0xA6, 0xBA, 0x0D, 0x88, 0xB1, 0x65, 0x83, 0xB1,
    0x1F, 0x8A, 0x57, 0x6E, 0x54, 0xA9, 0x80, 0x45, 0xEF, 0x6F, 0x73, 0x82, 0x76, 0x3C, 0x9B, 0x45,
    0x17, 0x46, 0x73, 0xAA, 0x1F, 0x91, 0xCA, 0x19, 0xFD, 0xA6, 0x3E, 0x2F, 0x81, 0xD2, 0x0C, 0xD7,
    0xE8, 0x75, 0x12, 0x57, 0xCA, 0xEB, 0xAB, 0xF1, 0x9C, 0x46, 0x3C, 0xAE, 0xA3, 0x5B, 0xE0, 0x47,
    0x18, 0x35, 0x40, 0xE2, 0x50, 0x26, 0x18, 0x8E, 0x54, 0x1E, 0xE8, 0x0D, 0xDF, 0x92, 0xB8, 0x2F,
    0x9A, 0xAC, 0xCB, 0x86, 0xAA, 0x49, 0x16, 0xF3, 0x6A, 0x68, 0x82, 0x3F, 0x30, 0x73, 0xCF, 0x01,
    0xBD, 0xEE, 0xBF, 0x8F, 0xE5, 0x52, 0x3C, 0xCF, 0x7D, 0xA9, 0x7B, 0x84, 0x79, 0x7B, 0xC6, 0x23,
    0x49, 0xDB, 0xAA, 0x74, 0x4D, 0xD1, 0x41, 0x52, 0xCC, 0x92, 0x60, 0x34, 0x8E, 0xB7, 0x21, 0xE3,
    0x80, 0x72, 0x17, 0xDD, 0xAB, 0xDF, 0x62, 0xE7, 0x33, 0x17, 0x55, 0x81, 0x4E, 0x77, 0x49, 0x1B,
    0x7A, 0xCC, 0x87, 0x41, 0xA5, 0x2B, 0x71, 0xF0, 0x92, 0x3D, 0xDA, 0x33, 0xCF, 0x38, 0xC3, 0x6D,
    0x6F, 0x98, 0xE1, 0x29, 0xB1, 0xE8, 0x94, 0x30, 0x38, 0xD5, 0x8A, 0xC5, 0xA6, 0xC4, 0x42, 0x53,
    0x62, 0x91, 0x29, 0xB1, 0xC0, 0xD4, 0x1A, 0x37, 0x0A, 0x61, 0xA4, 0x10, 0x55, 0x02, 0xA1, 0xDD,
    0x41, 0x87, 0xC1, 0x60, 0x24, 0xEC, 0x2F, 0x09, 0xFF, 0x17, 0xEE, 0x12, 0xEE, 0x19, 0x42, 0x51,
    0xF9, 0x42, 0xB0, 0x40, 0xD4, 0x16, 0x87, 0x0A, 0x61, 0xA8, 0x02, 0xC0, 0x59, 0x10, 0xCA, 0x58,
    0x19, 0x95, 0x7B, 0xF1, 0xE2, 0x6A, 0x11, 0xF7, 0x73, 0x28, 0xA7, 0xFF, 0x3B, 0xE9, 0x60, 0x6C,
    0x96, 0xC5, 0x5E, 0x5F, 0x23, 0xEA, 0x6B, 0x81, 0x85, 0xEC, 0xA3, 0x11, 0x06, 0xA8, 0x84, 0x01,
    0x2A, 0xC9, 0x19, 0x5E, 0x32, 0xBE, 0xBF, 0xF4, 0x00, 0xD5, 0x72, 0xEA, 0xC9, 0x63, 0x39, 0x68,
    0xBF, 0x5C, 0xCD, 0x59, 0x3D, 0xEB, 0xBD, 0x1E, 0x3D, 0xD8, 0x15, 0x31, 0xA6, 0xF3, 0x79, 0xCC,
    0x74, 0x98, 0x9B, 0x05, 0xB2, 0x66, 0x8B, 0x63, 0x2D, 0x7F, 0x80, 0xA5, 0xBC, 0xC0, 0xBF, 0x73,
    0x36, 0x70, 0x76, 0xF9, 0x57, 0x0F, 0x14, 0xCF, 0x43, 0xF3, 0xDA, 0x66, 0x46, 0xAC, 0x92, 0xC9,
    0x02, 0x56, 0xFD, 0x16, 0xAF, 0xDA, 0xC2, 0x55, 0xE4, 0xDD, 0x59, 0x64, 0x2E, 0x6F, 0xA9, 0xA4,
    0xE9, 0xE8, 0x38, 0xD9, 0x2D, 0x28, 0xCF, 0x66, 0xE8, 0x6A, 0xDA, 0xB3, 0x7E, 0x1E, 0xE6, 0x69,
    0x1D, 0xDA, 0x15, 0x2C, 0x92, 0x15, 0x02, 0x4F, 0x4F, 0x0F, 0x9D, 0x82, 0x46, 0xAF, 0x08, 0xBD,
    0x82, 0xC5, 0xAE, 0xB6, 0xD0, 0x95, 0x45, 0xAE, 0x2C, 0x70, 0x75, 0x2B, 0x6E, 0x55, 0x00, 0xF5,
    0x09, 0x72, 0xA0, 0x3C, 0x37, 0x9C, 0x0A, 0x32, 0xDF, 0x56, 0x0D, 0xC1, 0x13, 0x1A, 0xFE, 0xCA,
    0xCB, 0x3F, 0x16, 0xDB, 0xEE, 0x97, 0xA4, 0x53, 0xA0, 0xDB, 0xC1, 0x99, 0x21, 0x79, 0x68, 0xD3,
    0x86, 0x9A, 0x9F, 0xF7, 0x0A, 0x43, 0x41, 0xB0, 0x5F, 0x87, 0x2E, 0x0D, 0x57, 0xBE, 0x28, 0xE2,
    0xF7, 0x1D, 0x01, 0x8D, 0xD9, 0x01, 0xC6, 0xE1, 0x44, 0xC8, 0xEC, 0x54, 0x5E, 0x9E, 0x6B, 0x41,
    0xF3, 0xB2, 0x68, 0x01, 0xE1, 0xF5, 0x7F, 0x26, 0xB8, 0x81, 0xE0, 0x5B, 0x02, 0x94, 0xF0, 0x9F,
    0x29, 0xF1, 0xFB, 0xA6, 0x13, 0x6F, 0x49, 0x56, 0x73, 0x96, 0xF3, 0x34, 0x09, 0xFF, 0x7B, 0x36,
    0xCD, 0x18, 0xCF, 0x67, 0xF6, 0x77, 0x6B, 0xD3, 0x8C, 0x42, 0xEE, 0xD4, 0x09, 0xEA, 0xCB, 0xFD,
    0xD3, 0x89, 0x57, 0xEB, 0xF8, 0x03, 0x1D, 0x96, 0x3E, 0xA7, 0x85, 0x3B, 0x7B, 0x8E, 0x04, 0x70,
    0xEE, 0xB0, 0x16, 0x83, 0xD2, 0xB8, 0x7E, 0xA5, 0xDE, 0xEB, 0x04, 0x21, 0x37, 0x8B, 0x38, 0x7B,
    0xA1, 0x74, 0xC2, 0xB7, 0xE7, 0x4E, 0x5A, 0x3E, 0x9E, 0xBF, 0x01, 0x02, 0x83, 0x42, 0x5E, 0xD6,
    0x79, 0xE2, 0xCD, 0x0F, 0x8C, 0xF5, 0x89, 0x90, 0xCE, 0x84, 0x08, 0x41, 0x9E, 0xB5, 0x1D, 0x6D,
    0xEE, 0xD9, 0x3C, 0xF1, 0xFA, 0x0F, 0x82, 0x39, 0x9B, 0x41, 0xED, 0xF9, 0x27, 0x7F, 0x87, 0xBA,
    0xD0, 0xAE, 0xFD, 0x91, 0x98, 0xD3, 0x47, 0xE2, 0x87, 0xD5, 0xE1, 0x75, 0xE3, 0xBB, 0x37, 0x37,
    0x98, 0x3C, 0x60, 0x64, 0xAC, 0xE8, 0x2D, 0x8F, 0x52, 0x0D, 0x6E, 0x14, 0xAF, 0x11, 0x72, 0x74,
    0xF9, 0x14, 0xA1, 0x49, 0xF1, 0x97, 0xA8, 0x63, 0xDA, 0xF5, 0x15, 0x3A, 0xC6, 0xFB, 0x77, 0x43,
    0x81, 0x5B, 0xB8, 0x3B, 0x2F, 0x0F, 0x89, 0xBE, 0x41, 0xAD, 0x08, 0x22, 0x7F, 0x97, 0x8A, 0x7F,
    0x7A, 0xFC, 0x0B, 0xDB, 0x4B, 0xE0, 0x12, 0x9B, 0x9E, 0xEE, 0xE8, 0x3A, 0xC9, 0xBF, 0xC7, 0x84,
    0x2B, 0x94, 0xBE, 0x8F, 0x72, 0x6D, 0x3F, 0xDC, 0xF2, 0x97, 0xCF, 0x91, 0x93, 0xBC, 0x9B, 0x2E,
    0x76, 0xE8, 0xCE, 0x58, 0x32, 0x31, 0xEC, 0xA5, 0x19, 0x63, 0x8F, 0x82, 0xDA, 0xF0, 0xB5, 0x97,
    0x42, 0xFA, 0x1E, 0xBC, 0xCB, 0x2D, 0xE9, 0xCB, 0x9F, 0x18, 0xD3, 0xF5, 0x16, 0x16, 0x31, 0x6A,
    0x47, 0xE4, 0x6F, 0x9F, 0x37, 0xE9, 0xD3, 0x02, 0xBF, 0xBB, 0x15, 0x5D, 0xE9, 0x34, 0xBC, 0xDB,
    0xA0, 0xDB, 0xB8, 0xB5, 0x28, 0xAD, 0x77, 0x70, 0xCC, 0x4F, 0x4E, 0x26, 0xC6, 0x39, 0xAC, 0x5E,
    0xCE, 0xCD, 0x12, 0xB1, 0xF5, 0xDE, 0xB1, 0x25, 0x6C, 0x4D, 0x6B, 0x2B, 0x1E, 0xB4, 0x25, 0x14,
    0xDC, 0xDA, 0x4A, 0xDB, 0xB5, 0x95, 0x35, 0x6B, 0xAB, 0x28, 0xD7, 0x96, 0xA3, 0x08, 0xB5, 0x35,
    0x6F, 0xAD, 0x49, 0xC2, 0xD9, 0x64, 0xB0, 0x96, 0x0D, 0xA5, 0xB5, 0xB2, 0xAD, 0x95, 0x7F, 0x7C,
    0xE3, 0xAD, 0xE5, 0x64, 0xBD, 0xCE, 0x5B, 0xAB, 0x10, 0x99, 0xAC, 0xE5, 0x24, 0xDE, 0x5A, 0xC9,
    0x68, 0x2D, 0x2F, 0xF9, 0x74, 0xA4, 0xCB, 0xD5, 0xDB, 0x10, 0xA0, 0x55, 0x5D, 0x82, 0xB6, 0x3A,
    0x6B, 0x51, 0xFB, 0x4D, 0x34, 0xC9, 0x0E, 0x39, 0x6E, 0x97, 0xBB, 0x37, 0xBD, 0x8C, 0x6E, 0x74,
    0x26, 0xC0, 0xE8, 0x30, 0xCA, 0x01, 0xDC, 0x28, 0x71, 0x24, 0xA8, 0x55, 0xE6, 0x93, 0xA0, 0x55,
    0xA9, 0xAB, 0xF0, 0xA2, 0x47, 0x02, 0x2B, 0x38, 0x51, 0xE2, 0x57, 0x1C, 0x54, 0xFA, 0x00, 0x86,
    0x04, 0x86, 0xAA, 0x01, 0x4F, 0x8E, 0x4F, 0xA2, 0x0E, 0xD0, 0x48, 0x22, 0x52, 0x03, 0x06, 0x43,
    0x95, 0x4F, 0xA9, 0xBA, 0x30, 0x49, 0xDC, 0xAA, 0x36, 0x40, 0xD2, 0xEE, 0xA8, 0x0F, 0xBF, 0xC6,
    0xA7, 0xBE, 0xC9, 0x80, 0xEF, 0xAA, 0x36, 0xC7, 0x98, 0xA5, 0x80, 0x86, 0xC6, 0xCA, 0xBD, 0xFB,
    0x6A, 0x9A, 0x9D, 0x86, 0xB5, 0x6A, 0x79, 0x1B, 0x93, 0x44, 0xA6, 0x73, 0x09, 0x2B, 0x22, 0xF8,
    0xEE, 0xA4, 0x96, 0xD9, 0x4D, 0x07, 0x1A, 0x69, 0x51, 0xB9, 0x3A, 0xEA, 0xDE, 0x00, 0xE3, 0x67,
    0x42, 0x06, 0x74, 0x27, 0x10, 0x0F, 0xF1, 0x26, 0x87, 0x4A, 0x61, 0x22, 0x4F, 0x40, 0x5F, 0x2C,
    0x84, 0x0C, 0x72, 0x55, 0x2D, 0x97, 0xA9, 0x65, 0xD6, 0x63, 0xED, 0x0B, 0x25, 0xF4, 0x57, 0x7A,
    0x75, 0x6E, 0x8A, 0x19, 0x29, 0x4B, 0x94, 0x41, 0x19, 0x66, 0x2E, 0x15, 0xC0, 0xB7, 0x50, 0x8B,
    0x07, 0x13, 0x83, 0xC0, 0x3B, 0xCD, 0x01, 0x31, 0xFE, 0x9E, 0x2F, 0x5B, 0xA3, 0x2F, 0x39, 0x3A,
    0x15, 0xB5, 0xDF, 0x51, 0x1E, 0x6F, 0x25, 0x5D, 0xF4, 0x9A, 0x04, 0xFF, 0xA8, 0x37, 0xF5, 0x54,
    0x29, 0x87, 0x6B, 0x09, 0xBA, 0x7D, 0x18, 0x94, 0xA6, 0x23, 0x29, 0x80, 0x9A, 0xC2, 0xED, 0xD9,
    0x09, 0xED, 0x20, 0x57, 0x70, 0xD2, 0x4A, 0x0B, 0x02, 0x04, 0xCD, 0x9B, 0x3F, 0xC4, 0x35, 0x6A,
    0xA7, 0xFC, 0xD6, 0x05, 0xA0, 0x66, 0x5C, 0x3E, 0x8A, 0xFB, 0x9F, 0xB7, 0xD1, 0x49, 0xC6, 0xAE,
    0x47, 0x1E, 0xFF, 0xA9, 0xBA, 0xD5, 0xB3, 0x68, 0x2C, 0x9A, 0x05, 0x1C, 0xCE, 0xEF, 0xD9, 0x6B,
    0x85, 0xC1, 0xB4, 0xDB, 0xBC, 0x23, 0x34, 0xA6, 0x6E, 0xF2, 0xD5, 0x4A, 0xED, 0xD5, 0x9B, 0x9B,
    0xEB, 0x93, 0xD4, 0x5E, 0x05, 0xAE, 0x29, 0xB5, 0x65, 0x93, 0x9A, 0x41, 0xB1, 0x10, 0x32, 0x10,
    0xBE, 0xB8, 0xD4, 0x12, 0xB2, 0x6E, 0x9C, 0x1B, 0xE3, 0xA1, 0x78, 0x21, 0x43, 0x6B, 0x5C, 0x1B,
    0xD3, 0xCF, 0x95, 0x7C, 0x5B, 0x93, 0xAF, 0x24, 0x10, 0xD4, 0x92, 0xF0, 0xB6, 0x87, 0x49, 0x7C,
    0x4B, 0xF9, 0x2E, 0x37, 0x9B, 0x7C, 0xE5, 0x47, 0x50, 0xB3, 0x36, 0xB9, 0x2D, 0xDF, 0xC0, 0xA7,
    0x31, 0x7A, 0x87, 0x7C, 0x01, 0xFC, 0x18, 0x68, 0x01, 0xFC, 0x04, 0xE8, 0x34, 0x4B, 0x5E, 0x59,
    0xBD, 0x91, 0x1B, 0x84, 0xD0, 0x10, 0xBC, 0x28, 0x44, 0x33, 0xE1, 0x30, 0x10, 0xB2, 0x96, 0xE0,
    0x6A, 0xC2, 0x22, 0x0A, 0xBF, 0x34, 0xF8, 0x04, 0x04, 0xA0, 0x31, 0xE8, 0x14, 0x3E, 0x0D, 0x85,
    0x44, 0x98, 0x08, 0x7E, 0x26, 0x38, 0x10, 0x42, 0x61, 0x52, 0x8A, 0x56, 0x21, 0x59, 0xEB, 0x74,
    0x46, 0x05, 0xC1, 0x2C, 0x7A, 0xA4, 0x42, 0xAD, 0xB7, 0xCC, 0x31, 0x2A, 0xE8, 0xC9, 0xAC, 0x96,
    0x47, 0xEA, 0xE3, 0xE9, 0x14, 0x9B, 0xCC, 0xB4, 0xCE, 0x61, 0x8E, 0x0C, 0x42, 0x99, 0x8A, 0xC5,
    0x70, 0x99, 0xCC, 0x0E, 0x66, 0xAA, 0x14, 0xA4, 0x31, 0x69, 0xF4, 0x79, 0xD4, 0x61, 0xDC, 0x68,
    0x82, 0xF2, 0x48, 0x0F, 0x13, 0x93, 0xDC, 0x3D, 0xCF, 0x36, 0x4A, 0xA1, 0x57, 0xFE, 0xC7, 0xAC,
    0xF4, 0x17, 0x6C, 0x03, 0x35, 0xA9, 0x9E, 0x5D, 0xC0, 0x2B, 0x31, 0x2A, 0xAD, 0x26, 0xBB, 0xA7,
    0xD2, 0x0C, 0xB5, 0x31, 0x7C, 0xC0, 0x98, 0x60, 0xAC, 0xA0, 0xDC, 0x29, 0x7D, 0x03, 0xF7, 0x23,
    0x76, 0x7E, 0x08, 0xA6, 0x58, 0x7B, 0xEE, 0x5E, 0x79, 0x52, 0x41, 0x80, 0x70, 0xD0, 0xF4, 0xD2,
    0x29, 0xF0, 0x69, 0xBF, 0xFB, 0x18, 0x3A, 0x67, 0x8F, 0x84, 0x1C, 0x64, 0xFD, 0x29, 0xC8, 0x56,
    0x18, 0xB5, 0x23, 0x64, 0x33, 0x25, 0x8D, 0x42, 0x26, 0x80, 0x90, 0xEC, 0xC0, 0x16, 0xEF, 0xAF,
    0x45, 0x6A, 0x2E, 0xE0, 0x9E, 0x3E, 0xB8, 0xBA, 0x7A, 0x5E, 0x92, 0x26, 0xFE, 0x24, 0xF0, 0xF4,
    0x4C, 0xE0, 0xB9, 0xD1, 0x9D, 0xC0, 0xC7, 0x4D, 0xE0, 0x93, 0xA4, 0xAD, 0xFE, 0xAB, 0x6B, 0x34,
    0x79, 0x7E, 0x4A, 0x0C, 0x25, 0xA6, 0x14, 0xFB, 0xC4, 0x90, 0x4D, 0xF9, 0x93, 0x99, 0x92, 0x1B,
    0xE5, 0x91, 0x27, 0x57, 0xEF, 0xF4, 0xAC, 0xF5, 0x6C, 0x74, 0x4A, 0xF3, 0x72, 0xA4, 0xF1, 0x74,
    0xEA, 0x4A, 0xD1, 0x6C, 0xE3, 0x1C, 0x2F, 0x97, 0xA6, 0x5A, 0xE5, 0x49, 0xC1, 0x60, 0xB6, 0x32,
    0xB6, 0xE2, 0x1E, 0x16, 0xB0, 0x51, 0xE2, 0xAE, 0x56, 0xEA, 0x49, 0x6D, 0x48, 0x75, 0x8D, 0x82,
    0xF8, 0x9E, 0x05, 0x75, 0x4B, 0xE4, 0xAD, 0x3F, 0x9D, 0xC4, 0xA6, 0x91, 0x17, 0x3F, 0xD0, 0x45,
    0x64, 0xD4, 0xCE, 0x40, 0xAA, 0x92, 0x19, 0x6B, 0x63, 0xEA, 0x80, 0x9E, 0xBA, 0xB4, 0x72, 0xB4,
    0x63, 0x6A, 0x23, 0xA3, 0x92, 0x3E, 0x6B, 0xA5, 0xD0, 0x0A, 0xD5, 0xAA, 0xCC, 0xEA, 0x68, 0x96,
    0x0B, 0x49, 0x06, 0x1B, 0xD1, 0xA0, 0x34, 0x0B, 0x43, 0x72, 0x36, 0x98, 0x4A, 0x54, 0x3D, 0xDE,
    0xE0, 0x68, 0x61, 0x30, 0xCB, 0xD3, 0x08, 0xDF, 0x02, 0x6A, 0x68, 0x20, 0x73, 0xDE, 0x48, 0x31,
    0xB9, 0x46, 0x1C, 0xC9, 0xE0, 0x7A, 0x41, 0x5F, 0xCC, 0x6F, 0xA0, 0x49, 0x43, 0x35, 0xE3, 0xB5,
    0x3C, 0xD6, 0xF4, 0x68, 0x5D, 0x34, 0xF9, 0x33, 0x4B, 0x8F, 0xDE, 0xBD, 0xF3, 0xDD, 0xF1, 0x6B,
    0x61, 0x67, 0xCB, 0xBA, 0x00, 0x1D, 0x57, 0xB4, 0x5F, 0xD7, 0x04, 0x3F, 0xE3, 0x9A, 0x60, 0x1B,
    0x5E, 0xDB, 0xEC, 0x2A, 0xDB, 0x6C, 0x70, 0xAD, 0x6D, 0x63, 0xBB, 0xB5, 0x57, 0x2B, 0x75, 0x57,
    0xFB, 0xFB, 0x75, 0xED, 0xEF, 0xF6, 0x62, 0x2F, 0x9B, 0xC7, 0x79, 0x6A, 0x4A, 0x71, 0x6A, 0x66,
    0x9F, 0xD1, 0x7C, 0xC9, 0x6B, 0x7F, 0x39, 0x77, 0x9D, 0xE7, 0x1A, 0xD0, 0x99, 0x42, 0xD5, 0x0A,
    0xC9, 0x7C, 0x9E, 0xB8, 0xBB, 0x28, 0xEF, 0x97, 0xBF, 0xC5, 0xA1, 0xDF, 0x06, 0xA0, 0x1A, 0xB6,
    0xBC, 0x65, 0x8C, 0x93, 0x13, 0x14, 0x95, 0x2F, 0xB4, 0xBF, 0x05, 0xE0, 0x23, 0xDE, 0x70, 0x6D,
    0x92, 0x41, 0xF5, 0x9F, 0xFE, 0x1A, 0x4F, 0x44, 0x4E, 0x13, 0xE2, 0xD6, 0x6C, 0x9E, 0x41, 0x53,
    0xB7, 0xC6, 0x03, 0xDD, 0xAE, 0xC9, 0x0B, 0x22, 0x8C, 0xDB, 0xB5, 0xE8, 0x9F, 0xAE, 0xD9, 0xAE,
    0xCD, 0xF8, 0xD4, 0x14, 0x2B, 0xDA, 0xB3, 0x75, 0x62, 0x64, 0xF9, 0x22, 0xD0, 0x98, 0x61, 0x6B,
    0xCD, 0xD8, 0x4C, 0xDD, 0x5B, 0x25, 0x41, 0x0E, 0x65, 0x85, 0xFA, 0x08, 0xDF, 0x53, 0x51, 0xBC,
    0x81, 0x9F, 0x99, 0x2C, 0x3E, 0xA9, 0x73, 0x48, 0x84, 0x99, 0x33, 0x17, 0x26, 0xE3, 0x61, 0x20,
    0xF0, 0x91, 0x01, 0xDA, 0x0D, 0xBA, 0x3D, 0xD8, 0x95, 0x7B, 0xE0, 0x6C, 0xAA, 0x90, 0x42, 0x14,
    0x32, 0x83, 0x62, 0x22, 0xB8, 0x91, 0x80, 0x5E, 0x21, 0x46, 0xA3, 0x90, 0x41, 0xCC, 0x51, 0x53,
    0xF8, 0x2F, 0xB4, 0x0A, 0x58, 0x84, 0x70, 0x4D, 0xE8, 0xE4, 0x73, 0x20, 0x36, 0x38, 0x60, 0x50,
    0xF0, 0x40, 0xB3, 0xC1, 0x76, 0x8D, 0xA0, 0x3F, 0x9F, 0x1C, 0xD2, 0x65, 0x9F, 0x8A, 0x6A, 0x64,
    0x3F, 0x2F, 0xAC, 0x85, 0xCA, 0x40, 0xAB, 0x10, 0x4A, 0x60, 0x43, 0xFD, 0x6B, 0x8C, 0xC5, 0x00,
    0x01, 0x1A, 0x05, 0xAB, 0x79, 0x65, 0xC1, 0xAB, 0x82, 0x9F, 0x08, 0x0E, 0x04, 0xD6, 0xB9, 0x86,
    0x22, 0x57, 0x56, 0xB8, 0x2A, 0x08, 0x46, 0x42, 0x35, 0x13, 0x0A, 0x28, 0xB0, 0xAA, 0xD5, 0x4A,
    0x5A, 0x15, 0x22, 0x03, 0x09, 0xE0, 0x0C, 0x72, 0xD4, 0xA1, 0x86, 0x35, 0x14, 0xB0, 0x72, 0xEE,
    0x0A, 0xE0, 0x6B, 0x95, 0xE8, 0x79, 0x95, 0x23, 0x3A, 0x82, 0xEB, 0x09, 0xE9, 0x44, 0x88, 0x16,
    0x82, 0x3C, 0xB8, 0x55, 0x4D, 0x6A, 0xB5, 0xA4, 0x62, 0x95, 0xA4, 0x12, 0xEA, 0x48, 0x43, 0x15,
    0xA9, 0xE5, 0xC1, 0x14, 0x62, 0x02, 0xAB, 0x3C, 0x9F, 0x12, 0x62, 0x83, 0xB5, 0x52, 0xD4, 0xCA,
    0x43, 0x0D, 0xCE, 0xB9, 0xC8, 0x40, 0x90, 0x62, 0x34, 0xF4, 0x8D, 0xE1, 0x2C, 0xBB, 0x2D, 0x46,
    0xB3, 0xCF, 0x50, 0xBC, 0x3F, 0x12, 0x73, 0x79, 0xB4, 0xC3, 0xEC, 0xDF, 0xC6, 0x5D, 0x0D, 0x7E,
    0x82, 0x6E, 0xF7, 0x3B, 0xC3, 0x60, 0x78, 0x47, 0x66, 0xE3, 0xC3, 0x7D, 0x66, 0x23, 0x9A, 0x42,
    0xBE, 0x60, 0x08, 0xD8, 0x9B, 0xE6, 0x6D, 0x19, 0x8D, 0x5F, 0x5D, 0xFD, 0xFF, 0x19, 0x8D, 0xB0,
    0xC0, 0x7F, 0x18, 0x18, 0x9C, 0xE9, 0x52, 0xDC, 0xCE, 0x64, 0xCC, 0x77, 0x64, 0x32, 0xC2, 0xF0,
    0x64, 0xB0, 0xA1, 0x39, 0x0D, 0xCC, 0xBC, 0x4B, 0xE2, 0x6C, 0x8C, 0x65, 0x1F, 0x8D, 0x4A, 0xE5,
    0x91, 0x51, 0x3B, 0x62, 0x67, 0xED, 0xCA, 0xCF, 0xCD, 0x70, 0x2C, 0xCC, 0x70, 0x2C, 0x64, 0xEB,
    0xF1, 0x33, 0xCD, 0x70, 0xDC, 0x5D, 0x60, 0x7D, 0x40, 0x19, 0x5A, 0xD9, 0x64, 0x68, 0xA1, 0x02,
    0xDB, 0x2A, 0x3B, 0x69, 0xD9, 0xAC, 0xBB, 0xF3, 0x1F, 0x5F, 0xE7, 0x3F, 0xCC, 0x64, 0xB0, 0x79,
    0x71, 0x37, 0xD6, 0x96, 0xEF, 0x32, 0xBB, 0x69, 0x0B, 0xC9, 0xD8, 0x0C, 0xF9, 0x42, 0xE7, 0x45,
    0xF2, 0xE5, 0x9C, 0x5B, 0xDF, 0x9F, 0x97, 0x78, 0xD9, 0xA9, 0xB4, 0x0F, 0x8C, 0x46, 0x97, 0x41,
    0xC0, 0x5C, 0x8A, 0x7E, 0xDD, 0xD8, 0xAB, 0x5B, 0x5B, 0x0C, 0xA9, 0xB1, 0x45, 0xDA, 0x62, 0x48,
    0x30, 0x93, 0x0D, 0x8C, 0x21, 0x25, 0x00, 0x3F, 0xF0, 0xF8, 0x05, 0x63, 0x48, 0xD9, 0xBF, 0x32,
    0x86, 0x94, 0x7F, 0x9B, 0x31, 0x24, 0x67, 0x01, 0xA2, 0xC7, 0x06, 0x13, 0x63, 0x48, 0x71, 0xAF,
    0x30, 0x26, 0x1D, 0x21, 0x6D, 0x78, 0x2E, 0xAB, 0x19, 0x43, 0x72, 0x16, 0x43, 0x7A, 0xCB, 0x62,
    0x48, 0x13, 0x63, 0x48, 0xCB, 0xC8, 0x18, 0x12, 0x7A, 0x05, 0x8D, 0xDE, 0xBA, 0x5B, 0x31, 0xA4,
    0xA0, 0x5F, 0x1F, 0x5A, 0x0C, 0x69, 0xA2, 0x29, 0x10, 0x7D, 0xB0, 0xFB, 0xE2, 0xCB, 0x26, 0x8D,
    0x14, 0xA7, 0x37, 0xC8, 0x75, 0x5B, 0x50, 0x46, 0x56, 0xDB, 0xE1, 0xFB, 0x1A, 0x24, 0xFA, 0x87,
    0x41, 0xA4, 0x58, 0x6D, 0xB8, 0x76, 0x1F, 0x24, 0x9A, 0xA4, 0x9A, 0xB5, 0x01, 0xFD, 0x19, 0x93,
    0xF3, 0xC3, 0x27, 0x47, 0x3A, 0x66, 0x3F, 0xD5, 0x20, 0x51, 0xC1, 0x20, 0xD1, 0x5B, 0x0C, 0x12,
    0x4D, 0xA9, 0x1A, 0xF5, 0x43, 0x76, 0xA4, 0xCC, 0x03, 0x15, 0x68, 0x68, 0x5A, 0xD7, 0xB9, 0x1A,
    0x20, 0xC6, 0x45, 0xBD, 0x05, 0x89, 0x12, 0x9B, 0x76, 0x3A, 0xB5, 0x6E, 0x5F, 0x09, 0x01, 0xAE,
    0x9F, 0xA3, 0xB4, 0x55, 0xCC, 0xE4, 0x95, 0x0F, 0xD6, 0xE5, 0xC3, 0x94, 0xF7, 0xB6, 0x9E, 0x85,
    0x60, 0x59, 0x15, 0xCD, 0x26, 0x42, 0x79, 0xED, 0x25, 0x48, 0x65, 0xBB, 0x4E, 0x9F, 0x5E, 0x0C,
    0xBE, 0x53, 0x49, 0x16, 0xBD, 0x2A, 0x32, 0xED, 0x6F, 0xC4, 0x7C, 0x4A, 0xED, 0xA9, 0xCD, 0x0F,
    0x9E, 0xB3, 0xC4, 0xF5, 0x4D, 0xB9, 0x1B, 0xFB, 0x02, 0xD3, 0xAE, 0x6C, 0xC1, 0x4B, 0x45, 0x9C,
    0xA4, 0x10, 0xD3, 0xC8, 0x8B, 0x97, 0x40, 0x96, 0x61, 0x58, 0x8C, 0x89, 0x22, 0x3C, 0xC1, 0xEE,
    0x5B, 0xD9, 0x60, 0xD8, 0x50, 0x3C, 0x4F, 0xB2, 0xCC, 0x46, 0x35, 0x2B, 0xD3, 0xB9, 0x60, 0x34,
    0x9C, 0xB6, 0x25, 0xBE, 0xBD, 0xD0, 0xA6, 0x06, 0x3D, 0xEE, 0x42, 0x03, 0x63, 0x97, 0xDB, 0xC2,
    0x61, 0x7E, 0x93, 0xD1, 0x63, 0xA4, 0xE8, 0xC6, 0x62, 0x38, 0x39, 0x69, 0x76, 0x8B, 0x8A, 0xDC,
    0x4D, 0x81, 0xD1, 0xA8, 0x1D, 0xF9, 0x02, 0x34, 0x1A, 0x94, 0xC6, 0xA4, 0x49, 0xA0, 0x07, 0xFC,
    0xEA, 0xF8, 0x85, 0x27, 0x74, 0x0B, 0xB4, 0xEA, 0xD4, 0x59, 0xEA, 0xBD, 0xCA, 0xC9, 0xF5, 0x92,
    0xCC, 0xD9, 0x20, 0x02, 0x95, 0x9D, 0xAB, 0x17, 0x91, 0x8B, 0x4D, 0x87, 0xB9, 0xF6, 0x39, 0x4C,
    0xE6, 0x8C, 0x27, 0x78, 0x1F, 0x6D, 0xB6, 0x88, 0xEF, 0x75, 0x5A, 0x1C, 0xD4, 0xAB, 0x1F, 0x95,
    0x4C, 0x24, 0xD4, 0x94, 0x8A, 0x64, 0xBE, 0xBA, 0xFA, 0x8E, 0x1B, 0x6F, 0x45, 0x5D, 0xBF, 0xA1,
    0x1A, 0xD3, 0x67, 0xA8, 0x93, 0x3E, 0xC1, 0xA7, 0xBE, 0x5F, 0xDD, 0xBB, 0x65, 0x2B, 0xA6, 0xBB,
    0xDE, 0x3E, 0x24, 0x48, 0xC1, 0xB1, 0xE5, 0x72, 0x54, 0x34, 0x3A, 0xC2, 0x8E, 0x75, 0x74, 0x0F,
    0x24, 0x7A, 0x71, 0xC6, 0x59, 0xE4, 0x26, 0x28, 0xBB, 0xE9, 0x7A, 0x85, 0x99, 0xDF, 0x28, 0xD1,
    0x30, 0x12, 0xB9, 0x94, 0x8B, 0xDF, 0xC5, 0x38, 0x07, 0xE9, 0xA3, 0x31, 0xCD, 0x4E, 0xA6, 0x93,
    0xF4, 0xCB, 0x9D, 0xF4, 0xF9, 0x6F, 0x24, 0xFC, 0xD4, 0x39, 0x0E, 0x11, 0xDA, 0x67, 0x4E, 0x0E,
    0x18, 0xCE, 0x1E, 0xCE, 0x55, 0x91, 0xDD, 0xCD, 0x47, 0xA7, 0xEF, 0xBC, 0xE6, 0x49, 0x17, 0xED,
    0x6E, 0x55, 0xCE, 0xB7, 0xD6, 0xC0, 0x0A, 0x5D, 0x20, 0x89, 0x92, 0xE8, 0x69, 0x89, 0x75, 0x88,
    0x21, 0x7D, 0xA0, 0x36, 0xF2, 0x6E, 0xC9, 0x2E, 0x66, 0xA0, 0xA1, 0x2B, 0x95, 0xB8, 0xF2, 0xB1,
    0xE4, 0xF5, 0x6B, 0x41, 0x9C, 0xA6, 0x95, 0xF6, 0x7D, 0x78, 0x6C, 0xA1, 0x8D, 0x2F, 0x73, 0xE7,
    0xB3, 0xD7, 0x67, 0xE8, 0x74, 0x9A, 0x72, 0xEE, 0x9A, 0x38, 0x91, 0x7A, 0xA9, 0x38, 0x89, 0xDA,
    0x14, 0xBA, 0x0D, 0x09, 0x77, 0x1D, 0x90, 0xE8, 0xB7, 0xD8, 0xED, 0x99, 0x23, 0x79, 0xD7, 0x3D,
    0xC6, 0x5F, 0xCC, 0xE4, 0xF3, 0x27, 0x50, 0xA8, 0x5A, 0xFB, 0x70, 0xA4, 0xAF, 0xE8, 0x82, 0x8D,
    0x79, 0x67, 0xBE, 0xE2, 0x60, 0xDE, 0xC9, 0xE5, 0xBD, 0xFA, 0x6E, 0xCB, 0xF5, 0x5E, 0xCD, 0xE4,
    0xB1, 0xD2, 0x8C, 0x07, 0xCD, 0xB2, 0x78, 0xE1, 0x8A, 0xE0, 0xBF, 0x35, 0x33, 0xAB, 0x56, 0xD1,
    0x16, 0xB9, 0x78, 0xBE, 0xBE, 0xDB, 0x7A, 0xE5, 0xFB, 0x72, 0xF6, 0x49, 0x1D, 0xD6, 0x59, 0xAF,
    0x37, 0x67, 0x7E, 0xB4, 0x4F, 0x19, 0x26, 0x8B, 0xA0, 0x7E, 0xE7, 0x5E, 0xC9, 0x4B, 0xF4, 0x65,
    0x5D, 0x03, 0x67, 0x39, 0xA6, 0x2D, 0x4D, 0x5C, 0xD1, 0xDE, 0xD0, 0xD7, 0x56, 0x95, 0xF4, 0xB9,
    0x92, 0x97, 0xD9, 0xB8, 0x72, 0x58, 0xF2, 0x91, 0xEC, 0xD8, 0x27, 0x39, 0xFE, 0xC7, 0x50, 0x28,
    0x5A, 0x5F, 0xDA, 0x37, 0x08, 0xAC, 0x30, 0xBA, 0x8C, 0xCE, 0x03, 0x7A, 0x58, 0x6A, 0x02, 0x96,
    0x2D, 0x47, 0x75, 0xAA, 0x7C, 0x11, 0x0C, 0x06, 0xA3, 0xC1, 0x44, 0xF0, 0x3B, 0x58, 0xCF, 0xF5,
    0x0A, 0x61, 0xBE, 0xA1, 0x79, 0x47, 0x57, 0xFD, 0x76, 0xDD, 0x8D, 0x9F, 0x08, 0x6E, 0x26, 0x14,
    0x20, 0x64, 0xA8, 0x15, 0x0E, 0xBB, 0xA7, 0x47, 0xDB, 0x63, 0x29, 0x0C, 0x87, 0x12, 0x40, 0x9D,
    0xA3, 0x57, 0xD0, 0x68, 0x61, 0xEF, 0x39, 0xC1, 0xF7, 0xFA, 0x5A, 0x0D, 0x81, 0x6B, 0xFF, 0x67,
    0x0B, 0xDF, 0xA9, 0xFD, 0x2B, 0xF5, 0x66, 0xED, 0xF0, 0x5D, 0x0C, 0x0E, 0x3F, 0xC5, 0x94, 0xE0,
    0x67, 0x98, 0x62, 0x2C, 0x5A, 0x3D, 0x3E, 0x66, 0x6A, 0xCC, 0x65, 0x1D, 0x0D, 0x5A, 0x92, 0xDF,
    0x70, 0x92, 0x1F, 0x38, 0xC9, 0xB7, 0x46, 0x44, 0x5E, 0x35, 0x87, 0xD2, 0x53, 0x30, 0x89, 0x05,
    0xE6, 0x0F, 0x76, 0x2A, 0xEB, 0xD2, 0x5E, 0xA1, 0x49, 0x14, 0x2E, 0x44, 0x2E, 0xEF, 0x87, 0x14,
    0x82, 0xC1, 0xA2, 0xB7, 0x77, 0x18, 0xEF, 0x36, 0x58, 0xBE, 0x3A, 0x29, 0x14, 0x43, 0xC5, 0x01,
    0x9F, 0x1C, 0xDF, 0x89, 0x39, 0xB3, 0x4A, 0x09, 0x7B, 0x27, 0xAA, 0xF7, 0x17, 0x85, 0xBC, 0x71,
    0x25, 0x27, 0xAF, 0x8B, 0x7B, 0xF5, 0x6D, 0x49, 0x3A, 0xE7, 0x03, 0x35, 0x2F, 0xE3, 0xD4, 0x6C,
    0x3E, 0x87, 0x54, 0x1F, 0xC1, 0x8A, 0x48, 0x2A, 0xEA, 0x63, 0x6F, 0x1F, 0x13, 0x71, 0x1E, 0x78,
    0xEE, 0x3F, 0x1C, 0xA1, 0xDA, 0xC8, 0x66, 0xE3, 0x9B, 0x91, 0x6F, 0x56, 0xBE, 0x7D, 0x3E, 0xC4,
    0x3A, 0x3B, 0xC9, 0x14, 0x5E, 0x93, 0xA8, 0xBC, 0x47, 0xD2, 0x64, 0xC2, 0x3A, 0xC8, 0x85, 0xBF,
    0xEC, 0x8A, 0x64, 0x5B, 0x85, 0x07, 0x06, 0x58, 0xA3, 0xD1, 0x56, 0xE1, 0xCB, 0x17, 0xE6, 0x0B,
    0x62, 0x2B, 0x79, 0x01, 0xEA, 0x03, 0xFE, 0x1C, 0x5D, 0x36, 0x8A, 0xEF, 0x8B, 0xDE, 0xCA, 0x68,
    0x8A, 0xFE, 0x48, 0xF2, 0xD6, 0x0D, 0xF2, 0x7B, 0x16, 0xD5, 0x75, 0xF4, 0xE6, 0x30, 0x06, 0x91,
    0x27, 0xC0, 0x24, 0x16, 0x16, 0xC8, 0x41, 0x63, 0x13, 0x43, 0x58, 0xA5, 0x23, 0x4C, 0x91, 0x86,
    0x78, 0x8B, 0x52, 0xB2, 0xD9, 0xD7, 0x47, 0xC2, 0xB4, 0x2D, 0x23, 0x0B, 0x9E, 0x77, 0x9E, 0xC5,
    0xB7, 0xCC, 0x9E, 0xDA, 0x7A, 0x7F, 0xB1, 0x75, 0x29, 0x99, 0x19, 0x32, 0x5B, 0x93, 0xB4, 0x59,
    0xAF, 0xC4, 0x3E, 0x4B, 0xB4, 0xB9, 0x9A, 0xDF, 0x2F, 0xC5, 0xAC, 0x10, 0xC0, 0xE8, 0xBA, 0x6C,
    0xAA, 0x9A, 0x64, 0xF2, 0x4D, 0x32, 0xFA, 0x2E, 0xBA, 0xF6, 0xB3, 0x19, 0xCC, 0x0E, 0x28, 0x33,
    0x96, 0x65, 0x60, 0x92, 0x02, 0xB3, 0x44, 0x1E, 0x7F, 0x28, 0x19, 0x1E, 0x6A, 0xAF, 0xF9, 0xE1,
    0x77, 0x32, 0xFB, 0x2E, 0x9B, 0x1C, 0xD0, 0xB3, 0xD8, 0xC8, 0xBE, 0xFA, 0xB6, 0xE7, 0x15, 0x3A,
    0x62, 0xAD, 0x15, 0x26, 0xD1, 0xCC, 0xB0, 0x38, 0x7D, 0x05, 0xDD, 0xC4, 0x07, 0xF8, 0xD8, 0x2F,
    0x3F, 0x3C, 0x02, 0x4B, 0xC9, 0xE5, 0xB1, 0x82, 0x93, 0x47, 0x0A, 0xC5, 0x0A, 0x7F, 0xA3, 0xF0,
    0xBA, 0x88, 0x82, 0x7C, 0x95, 0xE0, 0xA9, 0xA3, 0x05, 0xE5, 0x63, 0x70, 0x6B, 0x4B, 0x47, 0x42,
    0x36, 0x10, 0xF2, 0x9E, 0x50, 0x34, 0x04, 0x57, 0x1B, 0x9C, 0x67, 0x28, 0xB2, 0xD6, 0xF6, 0xE2,
    0xB8, 0x57, 0xAA, 0x66, 0x2D, 0x63, 0xAE, 0x15, 0xD0, 0x7F, 0x13, 0x1F, 0x7F, 0x60, 0x8A, 0xF8,
    0xC5, 0x77, 0x73, 0x4E, 0x68, 0x3E, 0x8D, 0x52, 0xB1, 0xF4, 0x6A, 0x08, 0x7A, 0x69, 0x7D, 0xCB,
    0x06, 0xEB, 0x15, 0x43, 0x07, 0xEA, 0x5D, 0x9F, 0xE7, 0x4A, 0x3C, 0x06, 0x4B, 0xBD, 0xBB, 0x25,
    0x45, 0xA7, 0x1E, 0xF2, 0xC0, 0x75, 0x57, 0x8D, 0xDB, 0xC9, 0x37, 0x47, 0x92, 0x2B, 0xD1, 0x2B,
    0x95, 0xCD, 0xAD, 0x4C, 0xAD, 0x80, 0x85, 0xB5, 0xF8, 0x44, 0x71, 0xFF, 0x84, 0x46, 0xBE, 0xC1,
    0x5E, 0xD8, 0xC5, 0xA6, 0xE4, 0x0B, 0xC7, 0x6C, 0x47, 0x78, 0x8C, 0xFE, 0x39, 0x26, 0x31, 0x47,
    0x3A, 0xB5, 0x38, 0xB6, 0x39, 0x97, 0x91, 0x47, 0x6D, 0xF7, 0xE4, 0x8C, 0xF1, 0x2F, 0xE7, 0x5F,
    0xD9, 0xB1, 0x48, 0x60, 0x16, 0xA7, 0x21, 0x65, 0xD7, 0x26, 0xA8, 0xAB, 0x46, 0xAB, 0xF0, 0x94,
    0xA4, 0xF5, 0x91, 0x30, 0x3B, 0x1A, 0x22, 0xDD, 0xB9, 0x76, 0xC0, 0x5B, 0xFA, 0xD4, 0xB8, 0x94,
    0xF7, 0xB2, 0x45, 0xEC, 0x12, 0xCB, 0x1B, 0xDE, 0x5E, 0x79, 0x03, 0x6F, 0xBC, 0x55, 0x86, 0xD2,
    0x7A, 0x1B, 0x1B, 0x97, 0x8D, 0xBD, 0xAE, 0x95, 0x96, 0x41, 0x3D, 0x3C, 0xEE, 0xA1, 0x90, 0x4F,
    0x1B, 0x90, 0xAA, 0x56, 0x74, 0x1F, 0x2D, 0x0A, 0x56, 0xD1, 0x67, 0x69, 0xB6, 0x7D, 0x2A, 0x6B,
    0x57, 0xDA, 0x07, 0xA0, 0xDE, 0x76, 0x73, 0x92, 0x25, 0xC7, 0x13, 0x8E, 0xC9, 0xA9, 0x64, 0xA9,
    0x79, 0x0A, 0xD4, 0x6D, 0x43, 0x3B, 0xFE, 0xA5, 0x61, 0x4B, 0xFB, 0x44, 0x1D, 0xEE, 0xB5, 0xFF,
    0x2B, 0x86, 0xBA, 0x71, 0x2B, 0x1C, 0xDF, 0x2A, 0xC7, 0xAD, 0x74, 0xDC, 0xE4, 0xBC, 0xD5, 0x39,
    0x99, 0x67, 0xC2, 0xF2, 0x71, 0xCE, 0x35, 0x3C, 0x63, 0x10, 0x1B, 0x44, 0x9F, 0x0D, 0x6F, 0x5E,
    0x2B, 0xFC, 0x12, 0xB3, 0xC2, 0x27, 0x80, 0xC2, 0x67, 0x66, 0xB0, 0xE3, 0x67, 0x9B, 0xC1, 0xFE,
    0x3F, 0xA5, 0x95, 0x01, 0xA4, 0x25, 0xD7, 0x19, 0xC7, 0x7F, 0x33, 0xB3, 0x6F, 0xA7, 0xD9, 0x21,
    0xB3, 0xB8, 0x8F, 0x26, 0x9B, 0x76, 0x8A, 0x87, 0x26, 0xD2, 0x77, 0x20, 0x08, 0xDE, 0xBE, 0x33,
    0x11, 0x14, 0xA5, 0x6E, 0xD9, 0xD7, 0xA0, 0x68, 0x10, 0xB4, 0x81, 0x85, 0x60, 0xCB, 0x7B, 0x77,
    0x26, 0x8A, 0xA0, 0xF0, 0x00, 0x08, 0x2C, 0x16, 0xC9, 0x0D, 0x92, 0x02, 0x29, 0xF7, 0xBD, 0x73,
    0x92, 0x00, 0x8A, 0x0C, 0x69, 0x15, 0x85, 0xA1, 0xA9, 0x2A, 0xC8, 0x49, 0x3B, 0x61, 0x36, 0x9D,
    0x99, 0xAF, 0xE7, 0xDC, 0x7B, 0xDF, 0xDB, 0xB5, 0x4D, 0xB7, 0xE8, 0xFF, 0xFB, 0xBE, 0xF3, 0x9D,
    0x73, 0xEE, 0xF7, 0x7D, 0xE7, 0x9C, 0x7B, 0xBE, 0xF3, 0x8D, 0xEE, 0x51, 0x23, 0x99, 0x10, 0x89,
    0x45, 0x37, 0x64, 0x0E, 0xE6, 0x18, 0x17, 0x49, 0x9B, 0x48, 0x9D, 0x8D, 0x14, 0x0E, 0x5D, 0x33,
    0x03, 0x4C, 0x4B, 0x24, 0x1D, 0x89, 0x0C, 0xE4, 0xF7, 0x05, 0xD5, 0x68, 0x5B, 0x91, 0xB7, 0x33,
    0xA2, 0x79, 0xF4, 0x21, 0xB3, 0x4C, 0xEA, 0xC3, 0x42, 0xEE, 0x8F, 0x5A, 0x64, 0xD0, 0x99, 0x74,
    0x27, 0x48, 0x03, 0x3B, 0x54, 0x32, 0x1A, 0x99, 0x3C, 0xEF, 0x1E, 0xDD, 0x32, 0x22, 0xD2, 0x8A,
    0x87, 0x5B, 0x7A, 0xDC, 0xBD, 0xC7, 0xD3, 0x03, 0xDA, 0xBC, 0x34, 0x69, 0x19, 0x0A, 0xE9, 0x52,
    0x69, 0x98, 0x91, 0xB5, 0x7A, 0x08, 0xA4, 0xFA, 0xAB, 0xA7, 0x3B, 0x5C, 0x41, 0x5B, 0xBF, 0x4E,
    0x6B, 0x82, 0x34, 0xBA, 0xA9, 0x6C, 0x56, 0x7E, 0x97, 0x62, 0xA4, 0x92, 0x7A, 0xA5, 0xEC, 0xF7,
    0xF2, 0x86, 0xC2, 0x62, 0xEA, 0xA4, 0x27, 0x71, 0xC4, 0x2D, 0xD1, 0x3D, 0x0A, 0x29, 0xF5, 0xFB,
    0x76, 0x95, 0xB4, 0x1B, 0xF6, 0x7D, 0x3F, 0x13, 0xF7, 0x44, 0xF2, 0xC3, 0x31, 0x91, 0x7C, 0xC8,
    0x06, 0xE5, 0x72, 0xA7, 0x1B, 0x6D, 0x4D, 0x59, 0x45, 0x23, 0x33, 0xE6, 0x2C, 0xBC, 0xBB, 0xB6,
    0x45, 0x93, 0x3B, 0x1F, 0x6B, 0x12, 0x22, 0x19, 0x40, 0x3A, 0xD8, 0x9D, 0xF3, 0xCB, 0xF3, 0x35,
    0x9E, 0xBD, 0x5A, 0x57, 0x59, 0xF3, 0x08, 0x9B, 0x8F, 0xA5, 0xAC, 0x5A, 0xB1, 0xCA, 0x55, 0x4D,
    0x36, 0x14, 0x2E, 0x1E, 0xD3, 0x1E, 0x13, 0x0D, 0xEC, 0x30, 0x23, 0x40, 0x5B, 0x10, 0xB7, 0x11,
    0xD3, 0x32, 0x53, 0x6F, 0x96, 0x9A, 0xDC, 0xEA, 0x5A, 0x59, 0x25, 0x52, 0x67, 0x32, 0x11, 0x4B,
    0x0F, 0x3B, 0xC0, 0x92, 0x4C, 0x5A, 0x25, 0x43, 0x25, 0xE3, 0x84, 0x19, 0xD0, 0x73, 0x76, 0x78,
    0x82, 0x29, 0xED, 0x73, 0xAB, 0x4A, 0xED, 0x17, 0xAA, 0xFA, 0x6A, 0xFD, 0xD7, 0xA4, 0x6D, 0xD6,
    0xAA, 0x5E, 0x0F, 0x7A, 0x2C, 0xA6, 0x74, 0x64, 0x60, 0x48, 0x9C, 0x6A, 0x2A, 0x5E, 0x65, 0x33,
    0x5F, 0x0D, 0x55, 0x57, 0x35, 0xBA, 0x54, 0x65, 0x6E, 0x93, 0x9E, 0x73, 0x9E, 0xB8, 0xB4, 0x1F,
    0xD7, 0xF6, 0x7D, 0xB0, 0x5F, 0x78, 0x7B, 0xD3, 0xA1, 0x07, 0xF2, 0x89, 0x44, 0xC0, 0x58, 0x8A,
    0x36, 0xDC, 0x67, 0xB8, 0x7D, 0x9B, 0x09, 0xF9, 0x80, 0x6E, 0x31, 0x25, 0xB7, 0x80, 0xBB, 0xB8,
    0x9F, 0x3A, 0x71, 0xC6, 0xE1, 0xC9, 0x0F, 0xB8, 0x3F, 0x17, 0x27, 0x6D, 0x18, 0xBE, 0xBE, 0xBC,
    0x2B, 0xD2, 0x79, 0x3E, 0x7A, 0xA5, 0x23, 0x79, 0x94, 0x7D, 0xC4, 0xCC, 0xA9, 0xF5, 0xE2, 0xF1,
    0xC8, 0x90, 0xF9, 0xAD, 0xFD, 0x0A, 0xC8, 0x1A, 0xD5, 0x1C, 0x72, 0xEC, 0x49, 0xA3, 0x9A, 0xB4,
    0x81, 0xC4, 0x06, 0x7A, 0xE5, 0x8F, 0x66, 0x32, 0x13, 0x84, 0x36, 0x8C, 0x03, 0xC5, 0x75, 0x68,
    0x2F, 0x67, 0xEA, 0xE5, 0x52, 0x64, 0xB9, 0xE4, 0x39, 0xF4, 0x96, 0x8C, 0x99, 0xC4, 0x1F, 0xFA,
    0x6A, 0xF9, 0x0E, 0xC3, 0x96, 0xCE, 0xA9, 0x26, 0x2D, 0xC5, 0x18, 0x9D, 0x86, 0x9C, 0xAA, 0x3C,
    0xE9, 0xFE, 0x9A, 0xCF, 0xA9, 0x9D, 0x6F, 0xCC, 0x29, 0x20, 0x9B, 0xD0, 0x62, 0x4F, 0xD2, 0x66,
    0x93, 0x38, 0x0B, 0xBF, 0x41, 0xA9, 0xFD, 0x64, 0xE1, 0x74, 0xEB, 0x1D, 0x4A, 0xC3, 0xC0, 0x1C,
    0xCF, 0x49, 0x4B, 0x48, 0x38, 0xA9, 0xA9, 0x2C, 0xAA, 0xF1, 0xFC, 0xBA, 0x0F, 0x26, 0xA5, 0xEE,
    0x89, 0x07, 0xF2, 0x16, 0x65, 0xD1, 0x35, 0x95, 0x67, 0xDF, 0x11, 0x1F, 0xA6, 0x4D, 0xA5, 0x99,
    0x9D, 0xAF, 0xC1, 0xD1, 0xD1, 0xD1, 0x5C, 0x44, 0x5C, 0x90, 0x91, 0xD4, 0x75, 0x44, 0xCE, 0x81,
    0x7B, 0x15, 0x4E, 0x4F, 0xF7, 0xAE, 0xBA, 0x83, 0xDC, 0x9D, 0xE5, 0x46, 0x46, 0xF5, 0x56, 0x77,
    0x4E, 0xD6, 0x86, 0xCD, 0xE6, 0x4E, 0x48, 0x65, 0xDC, 0xA4, 0x8A, 0x38, 0xD6, 0x30, 0xEE, 0xC1,
    0x83, 0xFC, 0x4A, 0x08, 0x76, 0x26, 0x2C, 0x0E, 0x1C, 0x92, 0x59, 0x4D, 0x61, 0xD5, 0x5F, 0x4D,
    0x9D, 0x4B, 0xF0, 0x1D, 0xC0, 0xB4, 0x5B, 0xBF, 0x66, 0xE3, 0x23, 0x82, 0xFA, 0x5A, 0x4A, 0x5D,
    0x16, 0xF6, 0x90, 0xDC, 0x02, 0xC4, 0x23, 0xCF, 0xE6, 0x62, 0xCF, 0x94, 0x4C, 0x83, 0x16, 0xE9,
    0x17, 0xA9, 0xB8, 0x63, 0x4C, 0x0D, 0xF8, 0x3B, 0x7E, 0x77, 0xF3, 0x90, 0x7D, 0x67, 0xE9, 0x21,
    0x5B, 0x84, 0xFE, 0xC3, 0x63, 0xB6, 0x90, 0x2D, 0x8E, 0x3C, 0xB6, 0x05, 0xE2, 0xC4, 0x17, 0x88,
    0x10, 0x77, 0xA8, 0x32, 0x1F, 0x77, 0x5B, 0x20, 0x02, 0x2A, 0x91, 0x31, 0xC8, 0xEB, 0xCB, 0xE5,
    0xBB, 0xB0, 0x9D, 0x0A, 0x68, 0xB6, 0xEA, 0xB9, 0x65, 0x40, 0x0D, 0x5C, 0x87, 0xA8, 0x83, 0x7C,
    0x00, 0xE3, 0xC8, 0xA4, 0xA4, 0xEA, 0xD6, 0x57, 0xA1, 0x06, 0x50, 0x0D, 0x3C, 0xC9, 0x25, 0xEE,
    0x01, 0x03, 0x44, 0x3D, 0x24, 0xCE, 0x4B, 0x0B, 0x59, 0x03, 0xB9, 0x85, 0xA2, 0x06, 0xCD, 0x46,
    0xCE, 0x1E, 0x31, 0x73, 0xFF, 0xB7, 0xD9, 0x31, 0x17, 0x58, 0x50, 0xD5, 0x99, 0x4D, 0x9A, 0xA4,
    0xC9, 0x6D, 0x55, 0x9F, 0xAC, 0xF3, 0xC7, 0xC1, 0xFA, 0xD2, 0x07, 0x12, 0x77, 0x91, 0x08, 0xFE,
    0xE4, 0xA7, 0x17, 0x89, 0xF1, 0xF5, 0x72, 0xE9, 0x1C, 0x5C, 0x4A, 0x98, 0x33, 0x22, 0xED, 0xB5,
    0x37, 0xEF, 0xE9, 0x7F, 0x8D, 0xBF, 0x33, 0xB7, 0x7D, 0x8A, 0xB4, 0xCF, 0x67, 0xF0, 0xE2, 0xF3,
    0x8B, 0xB3, 0xA2, 0xCB, 0x9C, 0xEA, 0x4F, 0x4E, 0xF6, 0x9E, 0x89, 0xAD, 0xB2, 0x0B, 0x56, 0x2C,
    0xD0, 0x65, 0x6E, 0xD3, 0x26, 0x69, 0x6F, 0x58, 0x5D, 0xEE, 0x71, 0xE4, 0xF1, 0xDF, 0x2E, 0x67,
    0xE9, 0x61, 0x1C, 0xD5, 0x40, 0x31, 0x3E, 0x5C, 0x02, 0x4A, 0x42, 0x09, 0x68, 0xD2, 0x87, 0x4A,
    0xC0, 0x0C, 0x1E, 0x7F, 0x8D, 0xBA, 0xAE, 0xDA, 0xCA, 0x29, 0x97, 0xB4, 0x85, 0x3D, 0xE7, 0x3A,
    0x30, 0x87, 0x64, 0x80, 0x74, 0x44, 0xBF, 0x35, 0x8C, 0xD5, 0xEF, 0xFF, 0x21, 0x41, 0xF4, 0xA7,
    0x1F, 0x4D, 0xD7, 0xF2, 0xFA, 0x35, 0x22, 0x30, 0xED, 0x96, 0x06, 0x3D, 0x66, 0x9F, 0x3F, 0xEE,
    0x65, 0xFC, 0xAF, 0x14, 0xFB, 0xC6, 0xF2, 0xBC, 0x7B, 0x2B, 0x94, 0x8C, 0xE7, 0x26, 0xCE, 0xD7,
    0xC4, 0x1B, 0x70, 0x6F, 0xB8, 0x92, 0x49, 0x1F, 0x3E, 0x55, 0x67, 0xE1, 0x08, 0x27, 0xB9, 0x74,
    0x77, 0x0A, 0x69, 0x50, 0x6C, 0x4E, 0x91, 0xB6, 0xA0, 0x7A, 0xD0, 0xC3, 0x46, 0x67, 0x2D, 0xBC,
    0xC6, 0xCD, 0x54, 0xDA, 0xA1, 0x10, 0x09, 0xC7, 0xEE, 0x16, 0xA9, 0x34, 0xC7, 0xC1, 0x38, 0x77,
    0x1B, 0x1B, 0x35, 0x40, 0xD1, 0x41, 0x7C, 0xFA, 0xD8, 0xBF, 0xE8, 0xB1, 0xBF, 0x51, 0xA6, 0x34,
    0xC5, 0xB2, 0xD3, 0x32, 0x78, 0xCE, 0x71, 0x09, 0x96, 0x80, 0xC4, 0xE6, 0x4E, 0x0F, 0x59, 0x7B,
    0x41, 0x55, 0x97, 0x88, 0x2D, 0x46, 0xD3, 0x7B, 0xA5, 0xA6, 0xB3, 0x79, 0x74, 0x54, 0xEE, 0x2C,
    0x56, 0x04, 0xEC, 0x7B, 0xF5, 0xFD, 0xB5, 0x7A, 0xF2, 0xE0, 0x03, 0xF6, 0x21, 0x9F, 0xB9, 0x75,
    0x84, 0xC0, 0xC4, 0x5E, 0xD5, 0xF0, 0x2D, 0x60, 0x8F, 0xD9, 0x3E, 0x70, 0x3C, 0x5B, 0x85, 0xD1,
    0xF5, 0xFD, 0xD5, 0x0C, 0xB8, 0xB2, 0xBF, 0x3A, 0x00, 0x6E, 0xEE, 0xAF, 0xF6, 0x80, 0x6F, 0xEF,
    0x6F, 0x63, 0xBE, 0x16, 0x2C, 0xEF, 0x3C, 0xC5, 0x77, 0x80, 0x17, 0x21, 0xAA, 0x89, 0xCB, 0xCB,
    0x98, 0xD1, 0x8F, 0xF9, 0x6D, 0xC9, 0x1D, 0xF2, 0x03, 0xC7, 0x0F, 0x56, 0x70, 0x00, 0x1B, 0xBF,
    0x4B, 0xB5, 0xDD, 0xE7, 0x56, 0xC1, 0x07, 0x2C, 0x28, 0xFA, 0x78, 0x4A, 0x47, 0xDD, 0x9E, 0x31,
    0x27, 0xAA, 0xF3, 0x46, 0xD7, 0x37, 0x39, 0xE6, 0x26, 0xDA, 0xF7, 0xA3, 0x9A, 0x1D, 0x42, 0xA1,
    0xDB, 0x14, 0x28, 0x91, 0x7A, 0x53, 0xA0, 0x32, 0x3B, 0xD3, 0x1F, 0x95, 0x98, 0x76, 0xFB, 0x3D,
    0x6D, 0x41, 0x5B, 0x2E, 0xDE, 0x40, 0xBE, 0x7E, 0x03, 0x2F, 0x3C, 0x03, 0x3C, 0xC9, 0x99, 0xEA,
    0x8C, 0xCF, 0xC5, 0x74, 0x60, 0xC1, 0xCE, 0x7F, 0xAE, 0x78, 0x9D, 0x88, 0x13, 0x72, 0xAB, 0xDB,
    0xDC, 0x66, 0x53, 0xD1, 0xC6, 0x93, 0xF6, 0xDE, 0x37, 0xBB, 0xAA, 0x5C, 0xAD, 0xDE, 0xC0, 0xDD,
    0xDC, 0xA3, 0x42, 0xD9, 0xD4, 0x26, 0x4D, 0x6A, 0x95, 0xAD, 0xD8, 0x43, 0x35, 0xE2, 0xA4, 0x97,
    0xCE, 0xB8, 0x6B, 0x25, 0x8E, 0xBD, 0x2F, 0xEB, 0xC5, 0x7B, 0xE1, 0xDB, 0x70, 0x63, 0x2A, 0x7D,
    0xE7, 0x85, 0x2F, 0x2D, 0x8E, 0xF8, 0xF4, 0x17, 0xEB, 0xDD, 0x1E, 0x56, 0x7F, 0xB6, 0x1F, 0xE6,
    0x71, 0x1B, 0xE4, 0xB8, 0x78, 0xB9, 0xD1, 0x22, 0x36, 0xFB, 0x6A, 0x62, 0x87, 0x7D, 0x0E, 0xD0,
    0xA3, 0x19, 0x38, 0xE6, 0x0E, 0x6F, 0x1C, 0x12, 0x90, 0xD9, 0xA2, 0x06, 0x50, 0x65, 0xD6, 0x01,
    0xD1, 0x44, 0x2C, 0xA7, 0x70, 0xBB, 0xDB, 0x16, 0xC0, 0x06, 0x52, 0xAF, 0x46, 0x80, 0x1B, 0x32,
    0x95, 0x5C, 0x42, 0x13, 0x90, 0xDB, 0xDC, 0x6E, 0x46, 0x69, 0xBF, 0xA9, 0xDF, 0x91, 0x7C, 0x4E,
    0x64, 0x3A, 0x50, 0xE2, 0x51, 0x43, 0xEC, 0x55, 0x0F, 0x70, 0xD5, 0xFC, 0x1D, 0xD0, 0xE2, 0x31,
    0x6C, 0xDA, 0x75, 0x55, 0x7D, 0xE7, 0xE1, 0x99, 0xDD, 0x23, 0x8F, 0x5B, 0x5C, 0xC0, 0xC8, 0x5D,
    0x60, 0x95, 0x8A, 0x84, 0xA8, 0x43, 0x2E, 0x1E, 0x5F, 0xBF, 0xDF, 0xA9, 0x26, 0x32, 0xBE, 0xE7,
    0x34, 0x84, 0x4E, 0xFD, 0x2C, 0x10, 0xBD, 0xDF, 0xF3, 0x00, 0x37, 0x82, 0x03, 0xA4, 0xDB, 0x33,
    0x6C, 0x82, 0x13, 0xCB, 0xFD, 0x32, 0xBA, 0x2D, 0x65, 0x36, 0x02, 0x54, 0x6D, 0x61, 0x01, 0xD2,
    0xEE, 0x90, 0x35, 0x06, 0x2E, 0x11, 0xD9, 0xB0, 0xB7, 0xF7, 0xDC, 0x43, 0x7B, 0xEB, 0x00, 0xE2,
    0x06, 0x20, 0x2A, 0x59, 0xE3, 0xEA, 0x29, 0xFA, 0x8C, 0x03, 0x0D, 0x1A, 0x25, 0x0C, 0x3A, 0xF0,
    0x68, 0xD0, 0x3F, 0xB7, 0xF1, 0x5D, 0xD4, 0x39, 0x27, 0x05, 0xAB, 0xBC, 0x16, 0xA9, 0x57, 0x70,
    0x16, 0xA1, 0x7F, 0x46, 0x36, 0x92, 0x97, 0xB9, 0x8D, 0xD8, 0x0D, 0xD9, 0x76, 0x49, 0x85, 0xAD,
    0x5C, 0x74, 0x8F, 0xFC, 0x8B, 0x5A, 0xA5, 0x8D, 0x4E, 0xDC, 0x61, 0xE2, 0x74, 0xE0, 0xB6, 0xF8,
    0x91, 0x8D, 0x27, 0x8E, 0x76, 0x4A, 0x53, 0x34, 0x3A, 0x7D, 0xC0, 0x2A, 0x6B, 0x8A, 0x2F, 0xDA,
    0xEC, 0x9F, 0xBD, 0xF7, 0x2A, 0x0C, 0x87, 0x39, 0x8B, 0x2B, 0x9C, 0xC0, 0x02, 0x0E, 0x41, 0xBD,
    0x4D, 0x3A, 0x82, 0xB2, 0xE4, 0x96, 0xCC, 0xC6, 0x6F, 0xDB, 0x42, 0xAC, 0xCE, 0xED, 0x49, 0xB6,
    0xE5, 0xC3, 0xCC, 0xEA, 0xDB, 0xC1, 0x5D, 0x40, 0x83, 0xF2, 0xFC, 0x14, 0x4A, 0xAC, 0xFA, 0x4D,
    0xA3, 0x92, 0xF6, 0x92, 0xF5, 0xCB, 0xAD, 0x7C, 0xD6, 0xEF, 0x3E, 0x1D, 0x9F, 0x52, 0xC9, 0x17,
    0x3D, 0xC5, 0x27, 0x6E, 0xA0, 0x78, 0xD9, 0xAD, 0x1E, 0x6D, 0xD4, 0xAF, 0xDD, 0x19, 0xE6, 0x2F,
    0x83, 0x29, 0x77, 0x9F, 0xA2, 0x32, 0xB5, 0xFA, 0xB4, 0x2C, 0x4A, 0x2E, 0x59, 0xD5, 0x18, 0x07,
    0x64, 0x14, 0xA7, 0xA6, 0x53, 0x5C, 0x50, 0xF1, 0x87, 0xAC, 0xDB, 0x7D, 0x69, 0x5E, 0x7D, 0xD6,
    0x15, 0x2F, 0xD9, 0xFC, 0x63, 0x9B, 0x7D, 0x52, 0x26, 0x7F, 0x23, 0x99, 0x88, 0x06, 0xE8, 0xD9,
    0xFD, 0xC9, 0xBC, 0xFA, 0x93, 0xCB, 0x3F, 0xA9, 0xFD, 0x0C, 0xE1, 0xFA, 0xC8, 0x8A, 0x7A, 0x3F,
    0x6F, 0xE5, 0x76, 0xFF, 0x6F, 0xEC, 0x9C, 0x3F, 0xB0, 0xDE, 0xD6, 0x99, 0xDE, 0x5F, 0x7C, 0x58,
    0x11, 0x13, 0xA2, 0x80, 0x0B, 0x5B, 0x1E, 0x8B, 0x33, 0x41, 0x93, 0x62, 0xE3, 0xCC, 0x04, 0x6D,
    0x8A, 0xAC, 0x0E, 0x36, 0x9A, 0x6C, 0x8A, 0x14, 0x61, 0x41, 0x9A, 0x93, 0x65, 0xE1, 0x2D, 0x35,
    0xDB, 0xB0, 0xCD, 0x4C, 0xBC, 0x02, 0xBC, 0x5B, 0xA4, 0x48, 0x61, 0x66, 0xC6, 0x93, 0x66, 0x1B,
    0x17, 0xDA, 0x4C, 0x7C, 0x55, 0x30, 0x65, 0x66, 0x22, 0x0A, 0x90, 0x54, 0xB8, 0x70, 0x21, 0xAC,
    0xFF, 0xA4, 0x71, 0x61, 0x58, 0x36, 0x37, 0x13, 0xA9, 0x10, 0xD6, 0x82, 0x76, 0x41, 0xEA, 0x00,
    0x4F, 0xF0, 0x3E, 0xEF, 0xC1, 0xC5, 0xF7, 0x5D, 0x5F, 0x86, 0xA2, 0x6C, 0xCB, 0x92, 0x12, 0xCC,
    0xBD, 0xCF, 0xEF, 0xB9, 0xDF, 0x77, 0x70, 0x70, 0x0E, 0xCE, 0xC1, 0xF9, 0x87, 0x43, 0x4A, 0x35,
    0xC9, 0x7A, 0x14, 0xB3, 0x6A, 0x0A, 0xD5, 0x08, 0xB5, 0xC2, 0x75, 0xFC, 0x68, 0x90, 0x93, 0x03,
    0x7A, 0xD4, 0xD4, 0xF6, 0x36, 0xF5, 0x80, 0x5E, 0x0A, 0x6A, 0xF6, 0x2B, 0x2A, 0x72, 0x99, 0x7E,
    0x70, 0xF3, 0xFA, 0xAA, 0xC0, 0x78, 0xAE, 0x0F, 0xF8, 0x89, 0x7D, 0xFB, 0x78, 0x3D, 0x0C, 0xBB,
    0xC6, 0xD4, 0x64, 0x88, 0xF1, 0xE8, 0xAC, 0x19, 0xA0, 0x47, 0xD0, 0x2B, 0xE5, 0x95, 0x52, 0xC4,
    0xF5, 0xAE, 0x17, 0xA9, 0x86, 0x6A, 0x08, 0x1A, 0x3E, 0xB9, 0xCA, 0x6F, 0x3F, 0x5B, 0x39, 0xAA,
    0x08, 0x91, 0x5F, 0x61, 0xE9, 0xBC, 0x54, 0x22, 0x2F, 0xC9, 0x4A, 0x57, 0xCA, 0x7D, 0x65, 0x11,
    0x98, 0x97, 0xF2, 0xA2, 0xF2, 0xAA, 0x88, 0x28, 0xE5, 0x72, 0x56, 0xE8, 0x94, 0x00, 0x7C, 0x20,
    0x94, 0x4B, 0x99, 0xA3, 0x65, 0xB8, 0x04, 0x1D, 0x19, 0xA3, 0x27, 0x0F, 0x18, 0x1E, 0xC3, 0x7E,
    0x0F, 0x47, 0xB6, 0x64, 0xAA, 0xB5, 0xA9, 0x59, 0xA4, 0x81, 0x48, 0x01, 0x0C, 0x98, 0x02, 0x59,
    0xC9, 0xF4, 0x64, 0x39, 0x30, 0x0D, 0x09, 0xCA, 0x55, 0x33, 0xA6, 0xAC, 0xE8, 0x55, 0xAB, 0x52,
    0xF5, 0x8B, 0xA7, 0x25, 0x55, 0x9A, 0x5E, 0xC3, 0xA3, 0x57, 0x50, 0xC6, 0xE8, 0xC4, 0xD5, 0x7A,
    0x7E, 0x41, 0xCD, 0x8F, 0xF4, 0x6A, 0x69, 0xF1, 0xFE, 0x36, 0x94, 0x99, 0x94, 0x04, 0xA3, 0xA5,
    0xAA, 0x0F, 0x7A, 0x7E, 0x54, 0x9A, 0xCB, 0x14, 0x40, 0x2D, 0x6E, 0xB9, 0x8D, 0x5E, 0xF3, 0x89,
    0x41, 0x6F, 0x89, 0x1B, 0x12, 0x94, 0xAB, 0x66, 0x7A, 0x3B, 0xDA, 0x7C, 0x11, 0xF9, 0xCA, 0x1A,
    0x84, 0x65, 0x31, 0xEF, 0x25, 0x53, 0x99, 0x02, 0x38, 0xD2, 0x85, 0x9F, 0x33, 0xCC, 0x1E, 0xDE,
    0xCE, 0x2D, 0xA0, 0x9A, 0x51, 0x79, 0xC3, 0xFF, 0x44, 0x53, 0x18, 0x0D, 0x11, 0x26, 0x49, 0x07,
    0x46, 0xD1, 0x49, 0xC6, 0xF4, 0x44, 0x8D, 0xA6, 0x4D, 0xA2, 0x9B, 0x12, 0x8E, 0x1C, 0x0F, 0x99,
    0xFC, 0x36, 0xC1, 0x1F, 0x61, 0xC8, 0x26, 0x71, 0x63, 0x31, 0x48, 0x31, 0xBA, 0x41, 0xF2, 0x61,
    0x95, 0xAC, 0x73, 0xA3, 0xFC, 0x9E, 0x5D, 0xCE, 0x69, 0xDC, 0x85, 0x46, 0x90, 0x69, 0x8C, 0x31,
    0x30, 0x8B, 0x34, 0x1A, 0x6D, 0x0E, 0xBD, 0x20, 0x30, 0x6A, 0x02, 0x34, 0x7D, 0x94, 0x62, 0xCE,
    0x6B, 0xC9, 0x96, 0x6A, 0x95, 0x19, 0xAD, 0xA4, 0x7E, 0x95, 0xCC, 0x37, 0x6B, 0xCC, 0xE3, 0x1A,
    0x5F, 0xD3, 0x67, 0x00, 0xCA, 0x03, 0x34, 0xC2, 0x67, 0x6E, 0x32, 0x15, 0xB5, 0xFE, 0x5E, 0xC3,
    0x43, 0xDE, 0x62, 0xBD, 0xD9, 0xBF, 0xA1, 0x5F, 0x8D, 0x8F, 0x05, 0xB6, 0x5D, 0xE3, 0x2B, 0xF2,
    0xFB, 0x52, 0xB5, 0x10, 0xBC, 0x8E, 0x5A, 0x7F, 0xD5, 0xEB, 0x67, 0x76, 0x7C, 0xB2, 0x69, 0xC9,
    0x00, 0xAF, 0xBF, 0xCF, 0x34, 0xF8, 0xB6, 0x14, 0x8B, 0x7C, 0x22, 0xBF, 0x6E, 0xB6, 0x9A, 0xD4,
    0x4C, 0x7C, 0x86, 0xEF, 0xA0, 0xE3, 0x33, 0xDA, 0xF4, 0xDB, 0x93, 0x36, 0x1D, 0x9B, 0x5B, 0x6A,
    0xAE, 0xEB, 0x03, 0x30, 0xE9, 0x59, 0x4F, 0x30, 0xE3, 0x45, 0x13, 0x9F, 0x9B, 0x41, 0x1C, 0x1E,
    0x95, 0xC1, 0x60, 0xDE, 0x0C, 0x5A, 0x1A, 0x9F, 0x60, 0x30, 0x23, 0x98, 0x82, 0xA9, 0xBC, 0x24,
    0x6A, 0xF4, 0x27, 0xED, 0x69, 0x66, 0xC9, 0xCE, 0x4D, 0x17, 0x8C, 0x6B, 0x43, 0x98, 0x26, 0x98,
    0x57, 0x50, 0xF3, 0xCF, 0x09, 0x28, 0x57, 0x73, 0xC0, 0x00, 0x68, 0x53, 0xD4, 0xA0, 0x85, 0x97,
    0x1C, 0xC0, 0x22, 0xD5, 0x48, 0xD3, 0xCB, 0x33, 0xE5, 0x5E, 0xEE, 0x6F, 0x02, 0x38, 0x71, 0xB7,
    0xF1, 0xF0, 0x0F, 0xEF, 0xE0, 0x47, 0xA1, 0xD1, 0xCE, 0x50, 0x9F, 0xBB, 0xF2, 0xD7, 0x76, 0x3C,
    0xA6, 0x73, 0x87, 0x76, 0x75, 0x8F, 0xCE, 0xEE, 0xE1, 0x3D, 0x8C, 0x5B, 0xB8, 0x6A, 0xDE, 0x5C,
    0x8E, 0xCD, 0xAD, 0x3F, 0xE7, 0xAE, 0x0E, 0x2E, 0xBD, 0xC4, 0x65, 0x47, 0xAE, 0xDC, 0x63, 0xD9,
    0x63, 0x8E, 0x31, 0x48, 0x8E, 0x77, 0x31, 0x6E, 0xF9, 0x45, 0xBB, 0xB9, 0x87, 0x7B, 0x57, 0x73,
    0x99, 0xB1, 0xDE, 0x67, 0xEF, 0x7E, 0xCE, 0xFB, 0x9F, 0xF3, 0x0E, 0xE8, 0xA8, 0x07, 0x52, 0x23,
    0x8F, 0x35, 0xEC, 0x85, 0xF6, 0x6E, 0x88, 0x06, 0x34, 0x4B, 0x59, 0xA0, 0x94, 0xD0, 0x93, 0xB4,
    0x66, 0xE2, 0xDF, 0x84, 0x69, 0x16, 0x6B, 0xC5, 0x0B, 0x60, 0x8A, 0x81, 0x7A, 0x37, 0x22, 0x09,
    0x35, 0xB4, 0xA7, 0x52, 0x78, 0xA2, 0xEA, 0x09, 0x94, 0xAA, 0xB1, 0x7D, 0x16, 0x5D, 0x3F, 0x19,
    0x47, 0xBC, 0x01, 0x74, 0x76, 0xEF, 0xFA, 0xB5, 0xCA, 0x94, 0x95, 0xDD, 0x71, 0x37, 0x0A, 0xD1,
    0x12, 0x8D, 0x28, 0x22, 0x4F, 0xC4, 0x23, 0x91, 0x75, 0x84, 0xAB, 0x09, 0x88, 0xE2, 0x7F, 0x19,
    0x80, 0xD6, 0xD0, 0xD9, 0x87, 0x83, 0x05, 0x99, 0x88, 0xC6, 0x13, 0x0E, 0x44, 0x81, 0x52, 0x91,
    0xA1, 0x55, 0x24, 0xE8, 0x15, 0x31, 0x06, 0x85, 0xC0, 0x13, 0xCC, 0xF5, 0xA0, 0xED, 0xB8, 0xC6,
    0x9C, 0x61, 0x54, 0x44, 0x98, 0xF8, 0x25, 0x0F, 0x0C, 0xC6, 0xC2, 0x1B, 0xD3, 0xC5, 0x18, 0xC1,
    0x28, 0x45, 0x4B, 0x9C, 0x1E, 0x00, 0xCA, 0x06, 0xA8, 0x03, 0x5B, 0x6D, 0x35, 0x43, 0xCB, 0xB9,
    0xB7, 0x9E, 0x17, 0x18, 0x07, 0x66, 0x81, 0x45, 0x60, 0x63, 0x8C, 0x16, 0x63, 0xF2, 0x4B, 0x63,
    0xFE, 0x86, 0xD1, 0x85, 0xF3, 0xBD, 0xF1, 0x87, 0xA3, 0xF1, 0xA7, 0x9D, 0x11, 0xB5, 0x71, 0x11,
    0xE3, 0x14, 0x38, 0x04, 0x76, 0x3B, 0x2D, 0x6D, 0x64, 0x82, 0x21, 0xB4, 0xC8, 0x96, 0xFE, 0x8D,
    0x22, 0xAF, 0xB2, 0x6A, 0xC7, 0x9E, 0xE3, 0xE1, 0x64, 0x61, 0x35, 0x88, 0xF1, 0x9F, 0xB4, 0x3C,
    0x22, 0x58, 0x75, 0xC9, 0x31, 0x5D, 0x72, 0x3F, 0xEA, 0x06, 0x63, 0xC0, 0x1D, 0x3C, 0x94, 0x2F,
    0xE3, 0xAE, 0x5E, 0x24, 0xB2, 0x02, 0xD0, 0xF2, 0xD7, 0xA4, 0x4D, 0xEC, 0x28, 0xE3, 0x81, 0x1D,
    0x79, 0xCA, 0xEA, 0x28, 0x59, 0x2B, 0xDA, 0xC6, 0xE4, 0x2B, 0x52, 0xB4, 0xBC, 0x3A, 0x7A, 0xC7,
    0xDA, 0x30, 0xDC, 0x67, 0xE4, 0x93, 0x57, 0x34, 0xCB, 0xA4, 0x70, 0x18, 0x14, 0x05, 0x7A, 0x45,
    0x86, 0x36, 0x0C, 0x02, 0x14, 0x31, 0x4E, 0xCA, 0x6E, 0x56, 0xF9, 0x4A, 0xEA, 0x2D, 0xFC, 0x68,
    0x18, 0x4E, 0x4E, 0x13, 0x1E, 0xD7, 0xB7, 0x32, 0x05, 0x8F, 0x3F, 0x04, 0xA0, 0xA5, 0xF9, 0x75,
    0x7C, 0x60, 0x5D, 0x57, 0xAB, 0xF7, 0xEF, 0x77, 0x8E, 0xD8, 0x90, 0xAC, 0x83, 0xED, 0xDB, 0xE8,
    0x71, 0x72, 0x68, 0x5E, 0xFA, 0xA3, 0xD9, 0x8C, 0x80, 0x2A, 0x8D, 0xE1, 0x25, 0xC3, 0x9F, 0x19,
    0xFE, 0x80, 0x7A, 0x08, 0x21, 0xAD, 0x7D, 0x60, 0x04, 0x64, 0x86, 0x21, 0x70, 0x24, 0x8B, 0x66,
    0x22, 0x9D, 0xF3, 0x16, 0x97, 0x9B, 0xC9, 0xFB, 0x39, 0x48, 0x9F, 0x91, 0xD1, 0x64, 0x1D, 0x45,
    0x3C, 0x24, 0x68, 0xC9, 0x98, 0x4C, 0x7B, 0x7B, 0xD6, 0xB2, 0x36, 0xC2, 0x40, 0x0A, 0x23, 0x2E,
    0x00, 0x4C, 0x47, 0x8D, 0x60, 0x75, 0x76, 0xD6, 0x68, 0xC4, 0xAF, 0x85, 0xE1, 0x9D, 0xB7, 0x06,
    0x29, 0x22, 0x6B, 0x89, 0x27, 0x56, 0x8F, 0xC0, 0x4E, 0x32, 0x6F, 0x29, 0x04, 0x7A, 0x01, 0x70,
    0xC4, 0x5D, 0x6F, 0x53, 0xD9, 0x0E, 0x50, 0xDD, 0x91, 0x16, 0xD4, 0xE7, 0x2E, 0x9D, 0xA8, 0x60,
    0x29, 0xF7, 0xE9, 0x8D, 0x3D, 0x59, 0x39, 0x9F, 0xB3, 0x18, 0x2D, 0xB5, 0x3F, 0xE8, 0xCF, 0x70,
    0xA9, 0xF2, 0xDB, 0x10, 0x32, 0x43, 0x19, 0xE3, 0x11, 0x16, 0x01, 0x63, 0x83, 0xC6, 0xAC, 0xFA,
    0x88, 0x0A, 0x2F, 0xEB, 0xB0, 0x1E, 0xA8, 0x63, 0x74, 0x29, 0xBA, 0x03, 0xBA, 0x18, 0xC3, 0xAA,
    0xD1, 0x91, 0xCA, 0x91, 0xB7, 0x9F, 0x98, 0x29, 0xB9, 0xA3, 0xA9, 0x02, 0x7A, 0xAA, 0xFA, 0x07,
    0x5F, 0x47, 0xBB, 0x9F, 0xD5, 0x4C, 0xAA, 0x95, 0x57, 0x75, 0xA7, 0xCA, 0xCF, 0x2D, 0x4C, 0xCC,
    0xF0, 0x09, 0x1E, 0xDC, 0x43, 0xB7, 0xDF, 0xB7, 0xFE, 0xB3, 0x30, 0xF1, 0x68, 0xEC, 0xFE, 0x05,
    0x5C, 0x5B, 0xCE, 0x1A, 0xFC, 0x48, 0xA2, 0x49, 0x58, 0x27, 0x4F, 0x10, 0x05, 0x8C, 0xC7, 0x38,
    0x0C, 0xC7, 0x88, 0x2F, 0x45, 0x4F, 0x24, 0x1D, 0x91, 0xB6, 0x44, 0x76, 0x82, 0xA2, 0x24, 0x9C,
    0x10, 0x95, 0x61, 0x26, 0x22, 0x4F, 0xDC, 0x7A, 0x78, 0xF3, 0xE6, 0x1D, 0xDC, 0x00, 0x8F, 0x39,
    0x80, 0x19, 0xC8, 0x67, 0xF6, 0xAC, 0xF1, 0xBC, 0x58, 0x53, 0x35, 0x1B, 0x3C, 0x71, 0xDF, 0xF0,
    0x07, 0xFF, 0xDD, 0xF0, 0xE9, 0x9F, 0xB2, 0x3B, 0x78, 0x07, 0xF4, 0x40, 0x6F, 0xEE, 0x6F, 0x81,
    0xE1, 0x1A, 0x7E, 0xF1, 0x2C, 0xE6, 0xF2, 0x0E, 0x6A, 0x41, 0x2B, 0x98, 0x24, 0x1B, 0x45, 0x8A,
    0x4E, 0x9A, 0x51, 0x55, 0xB2, 0x41, 0x1D, 0x9B, 0xFB, 0x49, 0xDD, 0xC2, 0xFC, 0xAF, 0xEE, 0x60,
    0x93, 0xC1, 0xD5, 0x25, 0x83, 0x75, 0xC0, 0xCD, 0x98, 0xB5, 0xEA, 0xB2, 0xBE, 0x19, 0x1D, 0x5D,
    0xFE, 0x10, 0x0F, 0xF7, 0x31, 0x14, 0x18, 0xAE, 0x51, 0x37, 0xAA, 0x83, 0x7E, 0xEB, 0xAD, 0x07,
    0x69, 0x46, 0x36, 0x57, 0x31, 0xBA, 0xD5, 0x81, 0xCD, 0x9C, 0xC6, 0x87, 0x5A, 0x24, 0x43, 0xD9,
    0x8C, 0x1C, 0x65, 0x15, 0x90, 0x66, 0xB4, 0x99, 0x3C, 0x53, 0xA0, 0x11, 0xC2, 0xAF, 0x4E, 0x93,
    0x1D, 0x61, 0x54, 0xD7, 0x78, 0xF6, 0x64, 0x98, 0xC4, 0x41, 0x72, 0x7D, 0x72, 0xBC, 0x14, 0x68,
    0x81, 0xD2, 0x01, 0x43, 0x0A, 0xCF, 0x6F, 0x30, 0x44, 0x6B, 0x40, 0x3B, 0x1A, 0x2C, 0x7A, 0x39,
    0x68, 0x9B, 0x83, 0xBF, 0xC4, 0x24, 0xD5, 0xFA, 0xB3, 0xC6, 0x3F, 0x68, 0x0C, 0x55, 0xA7, 0x57,
    0x75, 0xAC, 0x48, 0x57, 0xA8, 0xC2, 0x79, 0xCA, 0x3E, 0x27, 0x1E, 0x45, 0xA2, 0xAF, 0x69, 0xEA,
    0x12, 0x4C, 0xA2, 0xAA, 0x69, 0x8E, 0xFE, 0x18, 0xD3, 0x3E, 0x0F, 0xCE, 0x60, 0x5A, 0x5B, 0xBE,
    0xAE, 0x52, 0x1D, 0x15, 0xE5, 0xAA, 0x35, 0x5A, 0xCD, 0x25, 0x7A, 0xBD, 0x56, 0x35, 0x6B, 0x92,
    0xF3, 0xAD, 0xD5, 0x58, 0x38, 0x2B, 0x2E, 0x3F, 0xCF, 0x63, 0x99, 0xFB, 0x52, 0xB0, 0x47, 0x5A,
    0xA4, 0xE8, 0x95, 0x10, 0x37, 0x90, 0x7F, 0x6D, 0x5D, 0x1D, 0x80, 0x56, 0x79, 0x0D, 0xD3, 0xFF,
    0x43, 0x63, 0xBC, 0xCF, 0xF6, 0xC0, 0x1D, 0x7A, 0xF8, 0x0D, 0xB7, 0x14, 0xDF, 0x96, 0x03, 0xDB,
    0x78, 0x62, 0xF9, 0x15, 0x8C, 0xC7, 0x88, 0x03, 0x86, 0x8F, 0x8A, 0xC4, 0x90, 0xF6, 0x44, 0x16,
    0xD0, 0x11, 0xAE, 0x25, 0x1A, 0xE2, 0x15, 0xD4, 0x0A, 0xA0, 0x94, 0x02, 0x2B, 0x44, 0x1C, 0x4A,
    0x78, 0xC9, 0x00, 0x5F, 0x8D, 0x44, 0x98, 0x74, 0x03, 0x9A, 0x1E, 0x30, 0x4F, 0x22, 0xF1, 0x6A,
    0x6E, 0xAB, 0x49, 0xB0, 0x5C, 0xD7, 0xB2, 0x96, 0x94, 0xF7, 0x40, 0x1F, 0x5D, 0x35, 0x1F, 0xAE,
    0x26, 0x6F, 0x68, 0x7A, 0x8E, 0xC1, 0x0E, 0x0F, 0x31, 0x98, 0x99, 0x30, 0xCA, 0x9F, 0x99, 0x99,
    0xC4, 0xD3, 0x54, 0x3E, 0x18, 0x37, 0x47, 0x23, 0x4D, 0xB1, 0xC4, 0x03, 0x4D, 0x8E, 0xB8, 0xA7,
    0xC9, 0xF0, 0xAF, 0x3B, 0x9A, 0x14, 0xDF, 0x6A, 0x69, 0x12, 0xBC, 0x55, 0xD3, 0xC4, 0x40, 0x49,
    0x73, 0x00, 0x84, 0x26, 0xC2, 0x62, 0x46, 0x30, 0x07, 0xD3, 0xF8, 0x60, 0xDC, 0xB4, 0x99, 0x41,
    0x2A, 0xAF, 0x93, 0x86, 0x62, 0xD0, 0x60, 0x40, 0x9F, 0xF5, 0x19, 0x30, 0xAA, 0x69, 0xCD, 0xA0,
    0x3C, 0xFE, 0x0D, 0xA3, 0xEB, 0xF0, 0x2C, 0x6D, 0xAB, 0x44, 0xED, 0xC7, 0x60, 0x1F, 0x08, 0x60,
    0x27, 0x7B, 0xB7, 0x5B, 0x7B, 0xB8, 0x8F, 0xCD, 0xD8, 0xE2, 0xE7, 0xB3, 0x94, 0x62, 0x90, 0x8B,
    0xF9, 0x90, 0xED, 0xE0, 0x2A, 0x63, 0x58, 0x02, 0x15, 0xB7, 0xFC, 0x11, 0x7B, 0x90, 0x61, 0x9B,
    0x7E, 0x67, 0x90, 0xD4, 0x1A, 0xE4, 0xD5, 0xE9, 0x27, 0x39, 0xD1, 0xB9, 0xC5, 0x9E, 0x8B, 0x59,
    0x24, 0xC2, 0xB0, 0xC1, 0x8B, 0x9E, 0x5B, 0x11, 0xE3, 0x65, 0xB0, 0x90, 0x3B, 0x18, 0xCB, 0x50,
    0x58, 0x9C, 0xE1, 0x0A, 0x7A, 0xBD, 0x04, 0x75, 0xB8, 0x7A, 0x84, 0x9E, 0x33, 0x5C, 0xED, 0x03,
    0x46, 0x91, 0xCC, 0x1E, 0xD7, 0x08, 0x98, 0x65, 0x5B, 0x1C, 0xC5, 0xC9, 0x71, 0x4D, 0x17, 0x65,
    0x74, 0xFA, 0xD3, 0x7D, 0x8A, 0xA6, 0x3F, 0xBD, 0x42, 0x8B, 0x22, 0x43, 0x1F, 0xA6, 0x69, 0x3B,
    0x6C, 0x55, 0x17, 0x03, 0x47, 0xFD, 0xB3, 0x8D, 0xD9, 0xCB, 0x55, 0x93, 0x30, 0x66, 0xEF, 0x56,
    0x3D, 0x3C, 0x76, 0xE4, 0xDE, 0x87, 0x30, 0x0C, 0x1F, 0xCE, 0x0D, 0xF1, 0x00, 0x83, 0xAA, 0x15,
    0x95, 0x7C, 0x34, 0x8D, 0x39, 0x24, 0x01, 0x14, 0xD4, 0x8F, 0xBB, 0x54, 0x3E, 0x5F, 0xBE, 0x54,
    0x7E, 0xB9, 0xFE, 0xFA, 0x4B, 0xE5, 0x3E, 0xD4, 0x06, 0x07, 0x3D, 0x02, 0x4A, 0xF7, 0xA8, 0xC1,
    0x2B, 0x2B, 0xCA, 0x7C, 0x11, 0x57, 0x3A, 0x59, 0x51, 0x6C, 0x78, 0x5E, 0x91, 0x97, 0xFF, 0x58,
    0x71, 0xB5, 0x14, 0x85, 0xC8, 0x27, 0x81, 0x02, 0x44, 0x85, 0x92, 0xF9, 0xC3, 0x1C, 0xF0, 0xB9,
    0x58, 0x8C, 0x60, 0x31, 0xDC, 0xBC, 0x41, 0x93, 0x02, 0x9E, 0x26, 0x01, 0x26, 0x39, 0xCE, 0xBB,
    0x3C, 0x7B, 0x0F, 0x7F, 0x15, 0x82, 0xD8, 0x0D, 0x68, 0xD4, 0xB0, 0xDD, 0x9A, 0xB2, 0x25, 0xC1,
    0xA8, 0x71, 0x67, 0x8B, 0x56, 0x8E, 0x1C, 0xB2, 0x1A, 0x1D, 0x72, 0x2E, 0x6A, 0x32, 0xB6, 0xF3,
    0x34, 0x75, 0xA5, 0x86, 0xE3, 0xE2, 0xC7, 0x9B, 0xF3, 0x30, 0xE7, 0x67, 0x9D, 0xC7, 0x53, 0x84,
    0x98, 0xF7, 0x6B, 0x6D, 0x57, 0xDF, 0xD3, 0xB3, 0xA7, 0xD0, 0xD2, 0xCC, 0x23, 0x87, 0xF1, 0x4A,
    0x83, 0x97, 0x4F, 0x73, 0x7A, 0xE5, 0xEC, 0xEC, 0xBF, 0xF2, 0xEE, 0xA2, 0x2F, 0x30, 0x04, 0x7C,
    0x19, 0x28, 0x13, 0xDC, 0x15, 0x7D, 0x28, 0x67, 0xFD, 0x92, 0x6B, 0x01, 0x39, 0xCA, 0x64, 0x10,
    0x5E, 0xBB, 0xB5, 0xC2, 0x2A, 0x59, 0x58, 0xAF, 0xB1, 0xB0, 0x66, 0x7F, 0x52, 0x4A, 0xDD, 0xD1,
    0xED, 0x4E, 0xD0, 0xDB, 0x35, 0x07, 0x4B, 0x8B, 0x85, 0xAC, 0x16, 0xC5, 0x5C, 0x80, 0xEB, 0xFB,
    0x1A, 0x94, 0xF3, 0x9D, 0x4E, 0x38, 0xB9, 0xD2, 0xAA, 0x52, 0x8B, 0x06, 0x6D, 0x44, 0x74, 0x99,
    0x7A, 0xD1, 0xC8, 0x59, 0x72, 0x15, 0xBA, 0x06, 0x43, 0x02, 0x78, 0x18, 0x42, 0x17, 0x21, 0xA1,
    0x85, 0x92, 0xE3, 0x2E, 0x2F, 0xB1, 0x2E, 0xE6, 0x53, 0xC9, 0x38, 0xD0, 0x96, 0x99, 0x7E, 0x2C,
    0xB0, 0xA3, 0xDC, 0x18, 0xAA, 0xA2, 0x51, 0x9A, 0x40, 0x17, 0x58, 0x5C, 0x60, 0x1E, 0x98, 0x95,
    0x0D, 0xF0, 0x7A, 0x88, 0xE7, 0x0D, 0x00, 0xF5, 0x97, 0xF1, 0xB0, 0xD4, 0xFB, 0x11, 0x61, 0x60,
    0x1F, 0xF9, 0x71, 0x29, 0xE7, 0x1C, 0x8D, 0x8D, 0x97, 0x44, 0xE9, 0xF0, 0x0E, 0x94, 0x39, 0x40,
    0xC6, 0xC0, 0xDF, 0x2B, 0xE5, 0xD9, 0x97, 0x63, 0x52, 0xE4, 0x69, 0x19, 0x96, 0xC8, 0x0E, 0x00,
    0xEA, 0x8D, 0x00, 0xDE, 0x02, 0xA6, 0xDD, 0x7A, 0xBD, 0xDC, 0x2D, 0x3C, 0xFC, 0x97, 0x0D, 0xAE,
    0xDF, 0xC6, 0x07, 0x36, 0xA6, 0x5E, 0xF4, 0xBE, 0xD2, 0x16, 0xF3, 0xE7, 0xD3, 0x72, 0x51, 0x00,
    0x67, 0xAF, 0x60, 0x10, 0x9C, 0x1F, 0xED, 0x89, 0x3D, 0xB9, 0x51, 0xFF, 0xFF, 0x46, 0x3D, 0xAA,
    0x2F, 0xBF, 0x51, 0x12, 0x8E, 0x68, 0xB7, 0xE2, 0x76, 0x9B, 0xEF, 0x36, 0xBB, 0xD4, 0xA6, 0x97,
    0x5A, 0x7B, 0x95, 0x35, 0x1C, 0x63, 0x2E, 0x57, 0x94, 0x18, 0xB9, 0x40, 0x4C, 0xDC, 0x3F, 0xC1,
    0x8B, 0x06, 0xB9, 0x08, 0xBC, 0x63, 0xC0, 0x64, 0x80, 0xC2, 0x56, 0x52, 0xA0, 0x53, 0x57, 0x85,
    0x60, 0x30, 0x8C, 0x86, 0x89, 0x68, 0x0C, 0x38, 0xC5, 0xA0, 0x88, 0x0C, 0x09, 0x1F, 0xED, 0xA5,
    0x41, 0x19, 0x56, 0x86, 0x89, 0xDA, 0xE6, 0xEA, 0x29, 0x30, 0xD1, 0x64, 0x80, 0xD7, 0x99, 0xAB,
    0x8E, 0x59, 0xEE, 0xF2, 0x8A, 0x52, 0x40, 0x82, 0x59, 0x9E, 0xD6, 0xE0, 0x7F, 0x6F, 0x06, 0xFD,
    0x66, 0x66, 0x1A, 0x4E, 0x56, 0xCD, 0x24, 0x68, 0xCD, 0xC4, 0xE8, 0xCC, 0xE8, 0xB7, 0xC1, 0x0C,
    0x8F, 0x37, 0xFD, 0x7E, 0x56, 0x30, 0x21, 0x9E, 0x8C, 0x31, 0xEB, 0xFA, 0xF0, 0x2C, 0x95, 0xB5,
    0xAF, 0xA3, 0xE6, 0x8B, 0xAB, 0xC4, 0xC1, 0xB4, 0x22, 0xA6, 0xCC, 0xEC, 0x53, 0x0C, 0x40, 0x2D,
    0x53, 0xFB, 0x12, 0xF1, 0xCC, 0xBC, 0x7C, 0x9C, 0x01, 0xF1, 0xE9, 0x52, 0xF6, 0x7C, 0xB2, 0x94,
    0x1D, 0x8E, 0x66, 0x1F, 0xD3, 0x16, 0xBA, 0xA9, 0x22, 0x4C, 0x0C, 0xAB, 0x41, 0x32, 0x88, 0xEB,
    0x75, 0xEE, 0x53, 0xD8, 0x6B, 0x94, 0xBB, 0xD6, 0x94, 0xF2, 0x39, 0xD8, 0x93, 0x3A, 0x04, 0x8D,
    0x81, 0x73, 0x8D, 0x6E, 0x7E, 0x2D, 0x7C, 0xBE, 0x6B, 0x8C, 0x9E, 0xDA, 0x45, 0xA5, 0xC6, 0x53,
    0xD4, 0x1A, 0x67, 0xC3, 0x09, 0x0E, 0x56, 0x5D, 0xA4, 0x19, 0xEC, 0xE5, 0xB8, 0xD6, 0xA5, 0x9C,
    0xE9, 0xE1, 0x66, 0x0B, 0xEE, 0xB6, 0xD8, 0x8F, 0x70, 0x4F, 0x2B, 0x8C, 0xE6, 0x12, 0x00, 0x25,
    0xEF, 0xB0, 0xC3, 0xAD, 0xB0, 0x78, 0x82, 0x51, 0xAA, 0x49, 0x1D, 0xD7, 0xB9, 0x67, 0x75, 0x36,
    0x95, 0x52, 0x17, 0xE6, 0x72, 0xAB, 0x0B, 0x93, 0xAD, 0xD5, 0xE5, 0xE7, 0xAE, 0x50, 0xC7, 0xFB,
    0xE7, 0x96, 0xE0, 0x1E, 0x54, 0xAB, 0xE3, 0x9D, 0x05, 0x2E, 0xBA, 0xFD, 0x5B, 0x9E, 0xB1, 0x3B,
    0x9E, 0xBB, 0xC7, 0x77, 0x72, 0x8D, 0xFD, 0xBA, 0x61, 0x9E, 0x77, 0x92, 0xBE, 0x03, 0x74, 0x45,
    0x42, 0xDD, 0x36, 0x07, 0x55, 0x2C, 0x6B, 0xC4, 0xCC, 0x2F, 0x4B, 0x8A, 0xCE, 0x4A, 0x2E, 0x0C,
    0x37, 0x89, 0xE7, 0xC2, 0x74, 0x87, 0xC8, 0xB0, 0x00, 0xD7, 0xC5, 0x41, 0xE3, 0x90, 0xCA, 0x13,
    0x98, 0x0C, 0xA3, 0x61, 0x38, 0xC1, 0x68, 0x98, 0x8E, 0x4F, 0x28, 0x40, 0xA4, 0x78, 0xD4, 0xAC,
    0x10, 0x00, 0x3B, 0x38, 0xDD, 0x65, 0xF6, 0x2C, 0x48, 0xAB, 0xC8, 0x50, 0x1F, 0x9D, 0xE7, 0x66,
    0xA2, 0xF1, 0x8A, 0x88, 0x57, 0xB0, 0xA9, 0xF8, 0x22, 0x0E, 0x6D, 0x0E, 0x0C, 0xEE, 0xA1, 0x28,
    0xE4, 0x99, 0xEF, 0x96, 0x12, 0x01, 0xFA, 0x35, 0x50, 0x66, 0x73, 0x8C, 0x36, 0xD3, 0x37, 0x1D,
    0x99, 0x8F, 0xD0, 0x1F, 0x26, 0x61, 0xED, 0xD9, 0xE4, 0x1A, 0xF4, 0x8E, 0xAD, 0x92, 0xE3, 0xBF,
    0xF0, 0xEA, 0xE8, 0x9B, 0x49, 0x65, 0x5C, 0x05, 0x63, 0xA4, 0x7F, 0xC6, 0xAB, 0xF8, 0x04, 0x83,
    0x43, 0x83, 0x31, 0xC7, 0x5C, 0x81, 0x7F, 0xC8, 0x97, 0xC4, 0x8E, 0x7F, 0xAA, 0xF2, 0xC7, 0x8B,
    0x68, 0x2B, 0xC4, 0x65, 0x7F, 0x68, 0x42, 0x81, 0x29, 0x3C, 0x78, 0x09, 0x1F, 0xC2, 0x8C, 0x0F,
    0x4A, 0xDE, 0xB3, 0x19, 0xAF, 0xA9, 0x07, 0x2D, 0xFB, 0xE7, 0x0B, 0xA0, 0x93, 0x97, 0x9A, 0xBF,
    0xC6, 0x28, 0x2F, 0x71, 0x91, 0x85, 0xA3, 0x6D, 0x2A, 0xA4, 0x99, 0x82, 0xA6, 0xBA, 0x4A, 0xBD,
    0x6B, 0x45, 0x75, 0x13, 0x95, 0x61, 0x0A, 0x86, 0xCF, 0xF5, 0x5C, 0xFD, 0x29, 0xB4, 0xB8, 0xEB,
    0xC6, 0xEA, 0x76, 0xA7, 0xB7, 0x91, 0x43, 0xDA, 0x9B, 0xE5, 0x71, 0x37, 0xD0, 0x53, 0xB5, 0x3F,
    0x7A, 0x70, 0x07, 0x65, 0xC4, 0x46, 0x61, 0xD5, 0xF8, 0x44, 0xEB, 0x55, 0x53, 0x48, 0x84, 0x47,
    0xCD, 0xB4, 0x2A, 0xD0, 0x51, 0x17, 0xE1, 0xE7, 0xFA, 0xED, 0x81, 0x21, 0xED, 0x47, 0x36, 0x63,
    0x31, 0xC4, 0xFA, 0x56, 0xA9, 0xAE, 0x18, 0x5E, 0xB5, 0xDF, 0x2F, 0x3E, 0x52, 0xD6, 0x00, 0xB7,
    0x47, 0x8D, 0x43, 0x45, 0x2E, 0x88, 0x3C, 0x95, 0xC4, 0xA1, 0x3F, 0xEB, 0x4C, 0xEC, 0x48, 0x00,
    0x60, 0x8A, 0xA9, 0x52, 0xFC, 0xF8, 0x0E, 0x5F, 0xDB, 0x64, 0xCB, 0xAA, 0xF5, 0xAE, 0xB9, 0x69,
    0xA9, 0x5A, 0x98, 0x8A, 0xAA, 0x3B, 0xD2, 0x97, 0xA8, 0xF7, 0xA9, 0x5E, 0x35, 0xA2, 0xC6, 0xA3,
    0xEA, 0xED, 0x0F, 0xCE, 0xDF, 0xEF, 0x78, 0x53, 0x4D, 0x40, 0xEE, 0xC1, 0x4D, 0x13, 0x9C, 0x4E,
    0x53, 0xC5, 0x4F, 0xBB, 0xBE, 0xFA, 0xDF, 0x54, 0xFF, 0x9D, 0x44, 0x6B, 0x85, 0x15, 0x17, 0xAA,
    0x4B, 0x99, 0x22, 0xD2, 0x0A, 0x2B, 0x18, 0x0A, 0x2F, 0xD5, 0xA8, 0x6D, 0xE8, 0x54, 0xAD, 0xE2,
    0x9B, 0x51, 0x85, 0x71, 0x53, 0x1E, 0xAE, 0x33, 0x43, 0x2D, 0x5F, 0xF6, 0xA6, 0x52, 0xA9, 0x38,
    0x1F, 0xDE, 0x1E, 0x0C, 0xDA, 0x4E, 0x0F, 0x09, 0x1E, 0x35, 0x7D, 0xC4, 0x27, 0xBC, 0xC0, 0x1C,
    0x4A, 0x7F, 0x2F, 0xFF, 0xF7, 0x81, 0x9F, 0x03, 0xAB, 0x79, 0xDB, 0xCC, 0x01, 0xA5, 0x03, 0xDF,
    0xF4, 0x37, 0x3A, 0x48, 0xA9, 0x4A, 0x2E, 0x40, 0xCC, 0xC2, 0x29, 0x75, 0x9F, 0xCF, 0xB1, 0x5E,
    0x22, 0x9E, 0xF2, 0x39, 0x65, 0x29, 0xCE, 0xF9, 0xCC, 0x31, 0xC8, 0x01, 0xCD, 0xD2, 0x58, 0x8B,
    0x1C, 0xD6, 0x38, 0x52, 0x84, 0xA7, 0x3B, 0x47, 0x3E, 0xDB, 0x0E, 0x3A, 0x0D, 0x0C, 0xAE, 0x4F,
    0xE4, 0x33, 0x5F, 0x54, 0x60, 0xC8, 0x67, 0x9B, 0x6F, 0x68, 0xCC, 0x18, 0x44, 0x3B, 0xD6, 0x59,
    0x30, 0x49, 0x8E, 0xDA, 0x41, 0x57, 0x7E, 0x81, 0x18, 0xE8, 0x1D, 0x5A, 0x8C, 0x6A, 0x34, 0xF4,
    0x73, 0x2F, 0x33, 0xF6, 0x5E, 0x9C, 0x5E, 0xA0, 0xD1, 0xA6, 0xB0, 0x69, 0x33, 0x48, 0x55, 0xA7,
    0x28, 0xF3, 0x72, 0x75, 0x22, 0x94, 0xDC, 0x8B, 0x7C, 0x49, 0x53, 0xE5, 0x60, 0x37, 0x97, 0xA9,
    0x09, 0x9B, 0x5C, 0xD8, 0x6B, 0xA8, 0x34, 0x2A, 0xDC, 0x37, 0x84, 0x2E, 0x07, 0x23, 0x65, 0xF4,
    0xEB, 0xB9, 0x37, 0x8E, 0xC7, 0x4B, 0x39, 0xD0, 0x06, 0xF0, 0xDD, 0xEC, 0xC0, 0x0A, 0x77, 0x82,
    0xC8, 0x90, 0x18, 0x72, 0x43, 0x43, 0xBC, 0xED, 0x89, 0x77, 0x07, 0x02, 0x35, 0xB1, 0x08, 0x31,
    0xED, 0xB1, 0x5C, 0x00, 0x2F, 0x34, 0x5E, 0xB8, 0xBA, 0x44, 0xDF, 0x89, 0xEE, 0x6A, 0x1E, 0x87,
    0xD8, 0x1B, 0x66, 0xC5, 0x94, 0x2A, 0x52, 0x30, 0x9B, 0x11, 0xD0, 0x9D, 0xEE, 0xD2, 0xF9, 0x74,
    0x66, 0x65, 0x4B, 0x51, 0x81, 0xC9, 0x34, 0xC6, 0x10, 0x43, 0xCF, 0x89, 0x27, 0xD5, 0xB4, 0x57,
    0x2D, 0x5A, 0xD5, 0x4A, 0x56, 0xFD, 0xD9, 0xAC, 0xFA, 0x21, 0x54, 0x81, 0x92, 0xAA, 0xDF, 0xFE,
    0x1C, 0x0C, 0x19, 0xD2, 0xE9, 0x55, 0xDD, 0xCC, 0x73, 0xA1, 0x9A, 0x31, 0xA7, 0x09, 0xFA, 0x0A,
    0x88, 0x30, 0xAF, 0x1A, 0xF6, 0x7D, 0x87, 0x1A, 0xEB, 0x4D, 0x25, 0xFB, 0xF1, 0xD7, 0xAD, 0x71,
    0xF8, 0xA8, 0x5A, 0xAB, 0xE6, 0xD4, 0xA2, 0x54, 0x75, 0xD4, 0x46, 0x56, 0xBD, 0x05, 0x55, 0xCC,
    0x54, 0x2F, 0x05, 0x4A, 0x56, 0x62, 0x5F, 0xF5, 0xAA, 0xCF, 0x5C, 0x28, 0x15, 0xED, 0xE6, 0x34,
    0x65, 0x5C, 0x47, 0x98, 0x63, 0x68, 0x2C, 0xA8, 0x23, 0xCD, 0x24, 0x50, 0xAE, 0x6C, 0x23, 0x40,
    0xA2, 0x0F, 0xD1, 0xC5, 0x1F, 0xAE, 0x7C, 0x84, 0x3E, 0xFE, 0xC9, 0xCA, 0x09, 0x43, 0xFA, 0x7D,
    0x65, 0x33, 0x65, 0xFF, 0x51, 0xE9, 0x7C, 0x91, 0x92, 0xF3, 0xF3, 0x64, 0x8E, 0x6F, 0x90, 0x19,
    0x3C, 0x99, 0x60, 0x24, 0x63, 0x0C, 0xE4, 0x01, 0x3D, 0x29, 0x5C, 0x28, 0x8E, 0xBD, 0xA0, 0xCE,
    0xD0, 0x56, 0xEB, 0x8F, 0x00, 0xF3, 0x4A, 0xA7, 0x94, 0xA3, 0xA2, 0x42, 0x1D, 0xB0, 0x57, 0x9E,
    0xF5, 0x47, 0x21, 0x8F, 0xC7, 0xA3, 0x33, 0x02, 0x38, 0x46, 0x2F, 0x4F, 0x86, 0x3A, 0xD6, 0x8A,
    0xE1, 0xC2, 0xD5, 0x45, 0xFE, 0xB4, 0x94, 0xD0, 0xA9, 0x59, 0x35, 0x48, 0x50, 0xEA, 0x40, 0x73,
    0x96, 0xC2, 0xEB, 0x4F, 0xCE, 0xE1, 0x82, 0xB6, 0x0C, 0xA1, 0x03, 0xB5, 0xD7, 0xBC, 0xAA, 0x60,
    0xD7, 0x49, 0x0D, 0x9F, 0xF0, 0xDB, 0x10, 0x92, 0x67, 0x85, 0x18, 0x32, 0xED, 0x8E, 0x35, 0xE6,
    0x66, 0x08, 0x57, 0x61, 0x3B, 0x7A, 0xDA, 0x90, 0x56, 0xD0, 0xA3, 0x0C, 0x88, 0xF1, 0x40, 0xC7,
    0x8E, 0xD6, 0x29, 0xFE, 0xF6, 0xD0, 0x1D, 0xDD, 0x16, 0x07, 0x94, 0x01, 0x3A, 0x72, 0x2B, 0xA5,
    0xC1, 0x0B, 0x98, 0x57, 0xFD, 0x16, 0x8B, 0x09, 0x7F, 0xA9, 0xC3, 0x77, 0x1F, 0x59, 0x79, 0x99,
    0x36, 0x5A, 0xF2, 0xFB, 0xBE, 0x90, 0x27, 0xA8, 0x85, 0xE4, 0x59, 0x21, 0x06, 0x7F, 0x50, 0xC5,
    0x3D, 0x1D, 0x7A, 0xFE, 0x94, 0x7B, 0x99, 0xDF, 0xE4, 0xCB, 0xAA, 0xF6, 0x4B, 0xE5, 0x13, 0x77,
    0x72, 0x0C, 0xB6, 0x3E, 0xD9, 0x6E, 0x2A, 0xD1, 0x99, 0xCE, 0x3F, 0x61, 0xF3, 0xAD, 0x36, 0x85,
    0x68, 0x8F, 0x20, 0x4D, 0xAF, 0x53, 0x87, 0x4E, 0xA5, 0xAE, 0x26, 0xF9, 0x47, 0xD6, 0xCB, 0xB1,
    0xBF, 0xC3, 0xB9, 0x1C, 0x75, 0x7F, 0xDC, 0xC7, 0x4F, 0x59, 0x24, 0xEA, 0x72, 0x94, 0x69, 0xAF,
    0x43, 0xCD, 0x96, 0x7D, 0xAA, 0x14, 0x98, 0xB4, 0xD4, 0x4E, 0xCA, 0x6C, 0xD3, 0xAF, 0xE1, 0x41,
    0x25, 0xDF, 0xD0, 0xD7, 0xB0, 0xD4, 0xAC, 0x7C, 0x95, 0xFA, 0xE2, 0xAA, 0x57, 0x7F, 0xDD, 0x6D,
    0x2B, 0x21, 0xB3, 0x65, 0x50, 0x3B, 0x80, 0x25, 0x85, 0x5F, 0x35, 0xC1, 0x94, 0xE9, 0x68, 0xA5,
    0xE6, 0xBA, 0x3F, 0x67, 0x43, 0x2F, 0x71, 0x41, 0xCB, 0x8B, 0x98, 0x56, 0x53, 0x34, 0x69, 0xBE,
    0x74, 0x75, 0xBA, 0x98, 0xE3, 0x5E, 0x24, 0x43, 0xDA, 0x89, 0xA4, 0xB0, 0x65, 0xCE, 0x6F, 0xD5,
    0xAA, 0xEF, 0x59, 0xAB, 0xCF, 0xB8, 0x67, 0xD5, 0xC6, 0xAB, 0xBA, 0x49, 0xB5, 0x18, 0x54, 0x33,
    0xD3, 0x9E, 0xDA, 0xAA, 0xE6, 0x35, 0xC3, 0xE8, 0xA9, 0x11, 0x98, 0xD8, 0x99, 0xEA, 0xA9, 0xC3,
    0xBE, 0xF0, 0x10, 0x86, 0xB9, 0x7F, 0x7A, 0x56, 0x93, 0x40, 0x4B, 0xDE, 0x79, 0xCA, 0x45, 0xB3,
    0x75, 0x1F, 0x88, 0x22, 0x3D, 0xDA, 0xB9, 0xC3, 0xB9, 0xCD, 0x0F, 0xF0, 0x26, 0x67, 0x2C, 0x07,
    0xB4, 0xCD, 0x20, 0xC5, 0xBC, 0x92, 0xFB, 0x98, 0x57, 0xEA, 0x00, 0x68, 0x5A, 0xA9, 0xA3, 0xE1,
    0x51, 0x89, 0x73, 0x62, 0x38, 0xE5, 0xC5, 0xEF, 0x5D, 0x38, 0x6F, 0x8B, 0x27, 0x0F, 0xF1, 0xA6,
    0x58, 0xC9, 0xA9, 0xCD, 0xDB, 0xF8, 0x9E, 0xA6, 0xAC, 0xB2, 0x74, 0x48, 0xC2, 0x74, 0xD1, 0xFC,
    0xE8, 0xA9, 0xF2, 0x95, 0xA0, 0x27, 0x01, 0xEC, 0x0C, 0x87, 0x03, 0xDE, 0x82, 0x5F, 0xF5, 0xFB,
    0xFA, 0xC8, 0x78, 0x41, 0xAB, 0x45, 0x03, 0xAD, 0xA4, 0xB6, 0xA1, 0xED, 0x85, 0x41, 0x23, 0x7A,
    0xCB, 0x76, 0x55, 0xD6, 0x7C, 0xA1, 0xC0, 0xF3, 0xA8, 0x15, 0xCA, 0xED, 0x7E, 0xC7, 0x7F, 0x87,
    0x41, 0x8B, 0x4F, 0xAB, 0x71, 0x51, 0xBB, 0x39, 0xF4, 0x32, 0xD1, 0x22, 0x19, 0x1F, 0x99, 0x1C,
    0x63, 0x83, 0x7D, 0x2B, 0x8E, 0xD8, 0x71, 0xDA, 0x38, 0xB0, 0xC5, 0xF8, 0x2D, 0x37, 0x4D, 0x04,
    0xDB, 0xC0, 0x07, 0xA1, 0x61, 0xAC, 0x03, 0x8E, 0xB7, 0x1A, 0x3A, 0x43, 0x61, 0xC8, 0x0D, 0xD9,
    0x09, 0xD2, 0x6D, 0x61, 0x99, 0xB7, 0xCF, 0x34, 0x45, 0x9F, 0x70, 0x52, 0xF1, 0xC4, 0x9F, 0x83,
    0xBD, 0x4A, 0xC3, 0xD2, 0xAC, 0x5A, 0x85, 0x35, 0x23, 0x5B, 0xF5, 0x8D, 0x2F, 0xD7, 0xB0, 0xA6,
    0x0B, 0x60, 0xD3, 0xFD, 0x1E, 0x56, 0xF0, 0x80, 0x3F, 0x37, 0xEC, 0x3C, 0xDB, 0x1C, 0xA5, 0xCD,
    0x70, 0x32, 0x08, 0x4D, 0xFD, 0x09, 0x1B, 0x9D, 0x38, 0x61, 0x1D, 0xB2, 0x84, 0x9E, 0x07, 0xF0,
    0xE7, 0xE6, 0xB3, 0x93, 0xF8, 0x1B, 0x8F, 0x4D, 0x7C, 0xBA, 0x99, 0xC3, 0x66, 0xE4, 0xDC, 0xBC,
    0xBA, 0x99, 0x6F, 0x6C, 0xE6, 0x9F, 0x5F, 0x34, 0x1A, 0xDD, 0x11, 0x6E, 0xA1, 0xD3, 0xE0, 0x31,
    0xDA, 0x1D, 0xAF, 0x1A, 0x5E, 0x34, 0x48, 0x8C, 0x77, 0xAE, 0x13, 0x40, 0x6D, 0x98, 0x14, 0x6D,
    0x35, 0x13, 0x19, 0x9E, 0x08, 0xEE, 0x13, 0xC1, 0xFF, 0x84, 0x0F, 0xAF, 0xA0, 0x89, 0xE5, 0x64,
    0xCA, 0x85, 0x5A, 0x65, 0x37, 0x6C, 0x68, 0xC3, 0x53, 0xC9, 0x38, 0xCC, 0x1C, 0x1E, 0x63, 0x1E,
    0xDD, 0x08, 0x06, 0xE8, 0x37, 0xE3, 0x43, 0x98, 0x02, 0xC1, 0xA4, 0xF8, 0x17, 0x66, 0x12, 0xFC,
    0xB9, 0x99, 0x18, 0x6F, 0x04, 0x13, 0x3E, 0xD9, 0xBF, 0xCA, 0x10, 0xDB, 0x13, 0xDB, 0x2C, 0x49,
    0x58, 0x0E, 0x98, 0x56, 0xA1, 0xA9, 0xD5, 0xEC, 0x29, 0x37, 0xDD, 0x3B, 0x87, 0xFE, 0x52, 0x65,
    0x22, 0x2D, 0x85, 0x54, 0xBF, 0x0F, 0xC4, 0xD3, 0xB0, 0xC4, 0x50, 0x9F, 0x2E, 0x2E, 0x84, 0x4F,
    0x32, 0x58, 0x32, 0x2C, 0x0D, 0xD4, 0x5A, 0xE4, 0xB9, 0x6F, 0x8B, 0xA4, 0xEA, 0x1C, 0x30, 0x4A,
    0xC3, 0x91, 0x81, 0x36, 0x78, 0x55, 0x9D, 0xA0, 0x2E, 0x4A, 0x96, 0xDD, 0xB1, 0x74, 0xE2, 0x10,
    0x84, 0x7F, 0xEE, 0xDF, 0x16, 0x5C, 0x0F, 0x91, 0x04, 0x02, 0x9D, 0xE1, 0xA3, 0x2B, 0xBC, 0x06,
    0x1B, 0x34, 0xFA, 0x52, 0xE4, 0xD9, 0xED, 0x7D, 0xEB, 0x77, 0x25, 0x14, 0xD1, 0xA8, 0x8C, 0x61,
    0xA5, 0x94, 0x2D, 0xB6, 0xC8, 0x51, 0x78, 0x5B, 0xE0, 0x70, 0x93, 0x34, 0xC3, 0xCA, 0x4A, 0x17,
    0x08, 0x57, 0x72, 0xC9, 0x71, 0x25, 0x8C, 0x8F, 0x02, 0x71, 0x81, 0xFD, 0x45, 0x36, 0xA4, 0xC5,
    0x33, 0x1E, 0xC5, 0x9B, 0xEB, 0x75, 0xF8, 0xB0, 0x6A, 0x15, 0x04, 0x0E, 0xC0, 0xB2, 0xA5, 0x6B,
    0x5F, 0xA8, 0xB3, 0x23, 0xDF, 0x96, 0x62, 0x31, 0xC4, 0x5C, 0x45, 0x4C, 0x51, 0xDB, 0x6A, 0xD0,
    0xA5, 0x6A, 0xDF, 0xC6, 0xB6, 0x0E, 0xD7, 0x80, 0x93, 0x0F, 0xAA, 0xF3, 0x05, 0x07, 0x1E, 0xAB,
    0x5A, 0x4E, 0x63, 0x76, 0x9D, 0x09, 0xC3, 0x17, 0x7A, 0x69, 0xC1, 0x9C, 0x00, 0x23, 0x7A, 0xD5,
    0x88, 0xCF, 0x14, 0x86, 0x6D, 0xE0, 0xC5, 0x39, 0x68, 0x84, 0xED, 0x35, 0xC5, 0xFE, 0x6F, 0x8B,
    0x3E, 0xD9, 0xF5, 0x8D, 0x2F, 0xCA, 0x17, 0x44, 0x10, 0xE9, 0x70, 0xF2, 0x05, 0x98, 0x44, 0x38,
    0x40, 0x17, 0x5A, 0x6C, 0x1F, 0xED, 0xEF, 0x22, 0x55, 0x5F, 0x3D, 0xBB, 0xAB, 0x01, 0xC3, 0x1B,
    0x8A, 0x7D, 0x7D, 0x5E, 0xA8, 0x0E, 0x58, 0x36, 0x8D, 0x30, 0x84, 0xCF, 0xA9, 0xCF, 0xAD, 0xE7,
    0xE1, 0x6D, 0x8D, 0x06, 0xEF, 0x72, 0x3A, 0xC8, 0x78, 0xE1, 0x13, 0xD5, 0x31, 0x0E, 0x3B, 0xC3,
    0xFB, 0x55, 0x23, 0xD5, 0xA7, 0xFB, 0xD1, 0x6B, 0x69, 0x2D, 0x1B, 0x57, 0x75, 0x40, 0x6D, 0x7A,
    0xC9, 0x23, 0xCD, 0x21, 0xED, 0x49, 0x67, 0x59, 0x6E, 0x63, 0xCD, 0x90, 0xDE, 0xEF, 0x9E, 0xBF,
    0x0E, 0xCE, 0xB0, 0xFD, 0x33, 0x9A, 0x4A, 0x4F, 0xD6, 0x8F, 0x62, 0x7F, 0xB2, 0x1C, 0xF1, 0x89,
    0x2D, 0x00, 0x3E, 0x69, 0x66, 0xE1, 0x74, 0x66, 0xF1, 0x85, 0xE3, 0x99, 0x05, 0xD0, 0x9A, 0x34,
    0x0F, 0x6F, 0x3E, 0xED, 0xCC, 0xE2, 0xCA, 0xCB, 0x7A, 0x9D, 0x2E, 0x03, 0x46, 0xD7, 0xA7, 0xBE,
    0x6A, 0x63, 0xBF, 0x06, 0x9A, 0x9A, 0x3E, 0xAA, 0x9B, 0x59, 0xD3, 0xC1, 0x55, 0xAB, 0x32, 0x03,
    0xE7, 0x4E, 0x9E, 0x93, 0xD7, 0x08, 0xF8, 0x07, 0x92, 0xE1, 0x25, 0x89, 0x01, 0xFD, 0x2D, 0xE3,
    0xB9, 0xE9, 0x52, 0xEF, 0x80, 0x81, 0xAD, 0xDE, 0x97, 0xAE, 0xF3, 0xDD, 0x7A, 0xD8, 0x53, 0xCA,
    0x5F, 0x8E, 0xCA, 0xBF, 0x2A, 0x27, 0x87, 0xC6, 0x5D, 0x6D, 0xDF, 0x7F, 0xCC, 0xDF, 0x30, 0x9B,
    0xAC, 0xF5, 0x37, 0xAF, 0x5F, 0x13, 0xF7, 0x4B, 0x94, 0xD5, 0xFB, 0xA8, 0xF5, 0xD7, 0xFD, 0x0C,
    0x72, 0xB5, 0xFC, 0xFD, 0xDF, 0xEA, 0x35, 0xC3, 0x9E, 0x70, 0x4C, 0xFA, 0x53, 0x0D, 0x72, 0xB5,
    0x3E, 0x6A, 0xE0, 0xA6, 0x3C, 0x7C, 0xFE, 0xF1, 0x7E, 0x6C, 0xE7, 0xB6, 0xCD, 0x5D, 0xBB, 0x3B,
    0xA8, 0xA1, 0xED, 0xBF, 0x6C, 0x87, 0x2D, 0x0E, 0xEF, 0x94, 0x4C, 0x97, 0x89, 0x95, 0xEC, 0xD2,
    0xC9, 0xF9, 0x31, 0x5C, 0xFE, 0xAA, 0x24, 0x81, 0x39, 0x50, 0x27, 0x33, 0xB5, 0x4E, 0x37, 0x06,
    0xC9, 0x57, 0xCA, 0xCA, 0xA2, 0x5C, 0xA9, 0xAD, 0x89, 0x52, 0x5B, 0x78, 0xE1, 0xDF, 0xB7, 0xA0,
    0x6C, 0x46, 0xCC, 0x52, 0x68, 0x38, 0x78, 0xDB, 0x0B, 0x86, 0x31, 0xB6, 0x25, 0x85, 0x5E, 0x39,
    0xC9, 0xE9, 0x6A, 0xD1, 0x3E, 0xAE, 0x3F, 0x32, 0x61, 0x6C, 0x2F, 0x61, 0x08, 0xFE, 0x91, 0x0D,
    0x8F, 0x72, 0x33, 0xA3, 0x44, 0x3A, 0x74, 0xFF, 0x9B, 0x66, 0x0E, 0x61, 0x32, 0x04, 0x93, 0xA2,
    0x7C, 0xA2, 0xC9, 0xC0, 0x64, 0xF0, 0x74, 0x4B, 0x18, 0xC6, 0xCD, 0x84, 0x16, 0x90, 0xB5, 0x46,
    0xF1, 0x4F, 0x0C, 0x07, 0x43, 0x64, 0xA8, 0x80, 0x79, 0xC7, 0xB3, 0x78, 0x70, 0x23, 0x7C, 0x67,
    0x78, 0xAE, 0x54, 0xFC, 0x00, 0x5E, 0xF1, 0x53, 0x40, 0x61, 0x1B, 0xD6, 0xD8, 0x1C, 0xAE, 0x18,
    0x62, 0x42, 0x0B, 0x99, 0xAB, 0x47, 0xBF, 0x2E, 0x58, 0x41, 0x23, 0xAB, 0xA3, 0xDF, 0x04, 0x36,
    0x84, 0xF6, 0x2D, 0xB4, 0xFE, 0x12, 0x9A, 0xF3, 0x72, 0xD5, 0xC4, 0xEF, 0xB3, 0xEC, 0xBD, 0xD4,
    0x7E, 0xC7, 0x2B, 0x9D, 0xAC, 0xC3, 0xD6, 0x66, 0x87, 0x66, 0x5C, 0x8F, 0xA6, 0x27, 0xF2, 0xF1,
    0x64, 0x90, 0xFD, 0xC5, 0x4F, 0xF7, 0x92, 0xF1, 0xE1, 0xEE, 0xE1, 0xAE, 0x48, 0xA6, 0xB7, 0x4D,
    0x8A, 0x21, 0xF1, 0xAB, 0x8E, 0x19, 0x27, 0xD2, 0xE0, 0xCE, 0x74, 0x70, 0xDC, 0xB1, 0x77, 0x34,
    0x9F, 0xD9, 0xE5, 0x96, 0xDF, 0xE5, 0x04, 0xBE, 0xB3, 0x09, 0xFC, 0x70, 0x61, 0x65, 0x73, 0x5B,
    0x8F, 0x90, 0xCC, 0x5B, 0x7D, 0x1A, 0x89, 0x78, 0xB8, 0x04, 0x87, 0x4E, 0xF5, 0x0B, 0xF4, 0x52,
    0x72, 0x5C, 0xA0, 0xAF, 0x30, 0xBD, 0x14, 0x7A, 0xFF, 0xED, 0xC5, 0x26, 0x06, 0x71, 0xB3, 0xE4,
    0xA8, 0xFF, 0x07, 0x46, 0xDB, 0x64, 0xD1, 0x0A, 0xB8, 0x41, 0x31, 0x2C, 0x93, 0x64, 0x28, 0xA5,
    0x6A, 0xC5, 0x71, 0x3C, 0xAB, 0x43, 0xCA, 0x02, 0x92, 0xA0, 0x55, 0xA7, 0x4D, 0x8D, 0xBA, 0x5A,
    0x03, 0xC5, 0xE8, 0xD5, 0xE9, 0x9B, 0x78, 0x8D, 0xB3, 0x64, 0xA0, 0xD5, 0x35, 0xE1, 0xDD, 0xF8,
    0x28, 0x0B, 0x17, 0xE4, 0x62, 0x4C, 0x32, 0x8B, 0x4D, 0x44, 0x7C, 0x64, 0x3B, 0xA8, 0x33, 0xF8,
    0x78, 0xA2, 0x2B, 0xEE, 0xCD, 0x4C, 0x7C, 0x33, 0xBA, 0x7C, 0x49, 0x7B, 0x3E, 0xDD, 0x55, 0x06,
    0x16, 0x9E, 0xF3, 0x3E, 0x83, 0xAB, 0xD5, 0xCD, 0x3E, 0x45, 0x15, 0xF6, 0x6E, 0x26, 0x56, 0xFA,
    0xB9, 0x16, 0x8B, 0x3D, 0xF8, 0x7A, 0x91, 0x81, 0x8E, 0xFB, 0x94, 0xC3, 0x63, 0x17, 0x1E, 0xB9,
    0x04, 0x12, 0x41, 0xDB, 0x30, 0xDB, 0xE5, 0xF8, 0x27, 0x05, 0xF4, 0x56, 0xC6, 0x33, 0xD0, 0xA6,
    0x8B, 0x24, 0xF8, 0xF7, 0x7A, 0xB6, 0x1C, 0xC0, 0x76, 0xAC, 0x14, 0x70, 0x22, 0x50, 0x4B, 0xA5,
    0x15, 0x0B, 0xAD, 0xD2, 0x0B, 0x3A, 0x79, 0x4D, 0x72, 0x2F, 0x55, 0x6F, 0x6F, 0x22, 0x9D, 0x56,
    0xDB, 0x14, 0xE2, 0xC6, 0x95, 0x09, 0x97, 0xBD, 0x46, 0x89, 0x51, 0x42, 0xAB, 0x70, 0x8C, 0x6F,
    0x62, 0x4E, 0x7A, 0x39, 0xE0, 0xCD, 0x77, 0x17, 0xCD, 0x08, 0xDE, 0xFA, 0x1E, 0xF2, 0x72, 0x25,
    0x5E, 0xC0, 0xF3, 0x5C, 0x6C, 0xB2, 0x84, 0x57, 0x5E, 0xEF, 0x92, 0x68, 0x6C, 0xE8, 0x94, 0xBD,
    0xA0, 0x0E, 0xA3, 0xA1, 0x80, 0x6D, 0xEB, 0x89, 0xC4, 0x7B, 0xCB, 0xBD, 0xAD, 0xA3, 0x4A, 0xA3,
    0x28, 0xA5, 0x79, 0x17, 0x8F, 0x56, 0xDC, 0xD7, 0xCD, 0x0A, 0xA5, 0xBC, 0xBA, 0x22, 0x2B, 0xE5,
    0xC5, 0x15, 0x57, 0xC3, 0x09, 0x04, 0x96, 0x92, 0x80, 0x57, 0xFC, 0x4D, 0x83, 0xD2, 0xF6, 0x52,
    0xB4, 0x0A, 0x8D, 0xDD, 0x76, 0x9F, 0x28, 0xA2, 0xCB, 0x10, 0xBE, 0x0B, 0xC3, 0xA1, 0xD4, 0xB6,
    0x28, 0x56, 0x60, 0x3A, 0xE1, 0x0D, 0x75, 0xE8, 0x6E, 0xAA, 0x5F, 0x19, 0x70, 0x47, 0xFF, 0x57,
    0x7D, 0x16, 0x1F, 0xDC, 0x60, 0x76, 0x74, 0xBC, 0x46, 0x8D, 0x9E, 0x70, 0xD6, 0xA3, 0xEF, 0xAA,
    0x02, 0x33, 0x35, 0xBC, 0x2B, 0x6F, 0x57, 0xD5, 0x04, 0x33, 0xCD, 0x41, 0xB7, 0x4F, 0x62, 0xB4,
    0x09, 0xFA, 0x3B, 0x97, 0xBC, 0x13, 0xE7, 0xC1, 0xC4, 0x27, 0x2A, 0x74, 0x15, 0x30, 0x89, 0x6E,
    0x8A, 0xD3, 0xA9, 0x31, 0xC2, 0xBF, 0x29, 0x92, 0x4C, 0x5D, 0xCB, 0x1D, 0x1D, 0xE6, 0xAA, 0x71,
    0x73, 0x7A, 0x73, 0xBC, 0x3A, 0x0E, 0xB1, 0xEE, 0xAA, 0xB3, 0x8C, 0xAB, 0x8B, 0xD1, 0x9D, 0xBB,
    0xD6, 0x5C, 0x97, 0x6C, 0x8E, 0xC7, 0x70, 0xEA, 0xBA, 0xF4, 0xFC, 0x8C, 0x10, 0xCE, 0xCE, 0xBD,
    0x24, 0xBE, 0x3E, 0xB8, 0x03, 0x86, 0xE0, 0x64, 0x77, 0x8D, 0x8E, 0xAE, 0xE8, 0x74, 0xE9, 0x32,
    0xA7, 0xCB, 0x51, 0x4B, 0xC3, 0xA6, 0x2F, 0xE1, 0x9D, 0x40, 0xC8, 0xF4, 0x64, 0xEE, 0xDA, 0xFE,
    0x0A, 0x5F, 0x07, 0xC1, 0xB6, 0x04, 0xFD, 0xB2, 0x54, 0x00, 0xD7, 0x03, 0x94, 0x0E, 0xF6, 0x0E,
    0x44, 0x67, 0xCD, 0x11, 0x3A, 0x2E, 0xF4, 0xAE, 0x8C, 0x51, 0xE7, 0xFA, 0x77, 0x82, 0x32, 0x1B,
    0x56, 0xA6, 0x3A, 0x76, 0x5D, 0x99, 0x81, 0x25, 0xF6, 0xCE, 0x3D, 0x9C, 0x7D, 0x67, 0xA5, 0x1E,
    0x53, 0xE0, 0x28, 0xE1, 0xFB, 0x63, 0xA6, 0x28, 0xC9, 0x04, 0x35, 0xA9, 0xF9, 0xFE, 0x67, 0x07,
    0xBD, 0x4E, 0x2F, 0x3E, 0xC1, 0x28, 0x58, 0xEE, 0x8D, 0x21, 0x1D, 0xBD, 0x32, 0x01, 0xCA, 0xA3,
    0x04, 0x37, 0x83, 0xF0, 0x40, 0xE8, 0x62, 0x31, 0x91, 0x31, 0x3C, 0x99, 0xBC, 0x37, 0x93, 0xD9,
    0x5B, 0x30, 0x7E, 0xDF, 0x58, 0xFC, 0x07, 0xD4, 0x4A, 0x17, 0xEE, 0x73, 0x75, 0x40, 0xA7, 0x9C,
    0xC3, 0x48, 0xC8, 0x0B, 0x86, 0x50, 0x60, 0x23, 0xA3, 0x03, 0x23, 0x4C, 0xDE, 0x87, 0x53, 0x66,
    0x3F, 0x5C, 0xF2, 0x45, 0xF9, 0xE6, 0x62, 0x33, 0xB1, 0xBF, 0x58, 0xA9, 0x33, 0xDD, 0x17, 0x16,
    0x16, 0x61, 0x15, 0x2F, 0xB1, 0x72, 0x89, 0x17, 0x56, 0x0C, 0x1F, 0x2F, 0xAC, 0x34, 0x81, 0x31,
    0xE9, 0x25, 0x23, 0x17, 0x6D, 0x2A, 0x96, 0x14, 0x18, 0x36, 0xCA, 0x76, 0x14, 0x9E, 0x70, 0x0B,
    0xD1, 0x80, 0x00, 0x93, 0x1E, 0x85, 0x95, 0xD6, 0xBF, 0x65, 0xC2, 0x93, 0x9E, 0x67, 0x65, 0x6D,
    0x33, 0x2A, 0xDE, 0x61, 0x67, 0x59, 0x00, 0x0A, 0x07, 0x60, 0xC5, 0xFD, 0x86, 0xF7, 0xC0, 0x37,
    0xDF, 0x43, 0xAD, 0x6F, 0x33, 0xF5, 0x85, 0x40, 0x3C, 0x34, 0xAF, 0xA3, 0x57, 0xB4, 0x18, 0x24,
    0xED, 0x57, 0x4C, 0x92, 0xEB, 0x5F, 0xB3, 0x40, 0x43, 0xA2, 0xDD, 0x00, 0xD4, 0x21, 0x3D, 0xB4,
    0xAC, 0x63, 0x7C, 0x68, 0x42, 0xBA, 0xEC, 0x06, 0x82, 0x96, 0x29, 0xFB, 0x10, 0x75, 0xB0, 0x07,
    0x26, 0x95, 0x36, 0xFE, 0x25, 0xBA, 0x60, 0x93, 0x9F, 0xA1, 0x0F, 0x36, 0xD3, 0xAB, 0xD3, 0x86,
    0x1C, 0xD0, 0x16, 0xB5, 0xF3, 0x21, 0x5E, 0x27, 0x66, 0xED, 0x58, 0x76, 0x0B, 0x0B, 0x10, 0x79,
    0xBC, 0x85, 0x92, 0xA7, 0x1D, 0x26, 0x68, 0x06, 0xD5, 0xC6, 0x03, 0x34, 0x93, 0x6A, 0x93, 0x01,
    0x6F, 0xA0, 0xA3, 0xCD, 0x3A, 0xE8, 0xE5, 0x68, 0xDB, 0x73, 0x5B, 0xD4, 0x68, 0x9B, 0x89, 0xD6,
    0x09, 0x5A, 0xE7, 0x69, 0x2B, 0xB5, 0x33, 0x2D, 0x56, 0x5B, 0x80, 0x43, 0x26, 0xB5, 0x0E, 0x35,
    0x80, 0x0A, 0xFD, 0x1A, 0x2F, 0xFC, 0x6E, 0x4F, 0x96, 0x85, 0x45, 0x30, 0x04, 0xC3, 0xA9, 0x0F,
    0xAF, 0xE5, 0x6D, 0xAE, 0x1F, 0x63, 0x31, 0x93, 0xFE, 0x14, 0x34, 0x5A, 0x37, 0x4B, 0x9A, 0xFC,
    0x2F, 0xD0, 0xD2, 0x38, 0xE6, 0x0D, 0xEF, 0x9C, 0x35, 0x67, 0x18, 0xC2, 0x53, 0xB4, 0x9B, 0x49,
    0xC3, 0x1C, 0xFE, 0x0E, 0xCE, 0xAB, 0x59, 0xEF, 0x6C, 0xBE, 0xA8, 0x49, 0xDE, 0x46, 0x06, 0x35,
    0xD9, 0x1B, 0x48, 0x51, 0xAF, 0x26, 0xFF, 0x73, 0xB0, 0x8F, 0xEE, 0x9C, 0x9A, 0x2E, 0x41, 0xD7,
    0xA8, 0x19, 0x2B, 0xFC, 0x10, 0xEB, 0x59, 0xC0, 0xB9, 0x91, 0x2C, 0xEC, 0x8A, 0xBD, 0x68, 0xEA,
    0xB0, 0x28, 0x51, 0x6D, 0xAD, 0xB2, 0x17, 0x9B, 0xCE, 0xC7, 0xA3, 0x1A, 0xE7, 0xB7, 0x61, 0x18,
    0xA4, 0xD8, 0xFE, 0x5D, 0x86, 0x53, 0xEA, 0x69, 0xE1, 0x9E, 0xE0, 0xFD, 0xD1, 0x8C, 0x43, 0x4F,
    0xE6, 0x08, 0x55, 0x99, 0xB9, 0x61, 0xD8, 0x9F, 0xE0, 0xCE, 0xC2, 0x68, 0x12, 0xB0, 0x65, 0xC8,
    0xE7, 0x04, 0xBC, 0xB0, 0xF3, 0x09, 0x22, 0x56, 0x85, 0x29, 0x01, 0x6F, 0x6B, 0x33, 0x24, 0xE0,
    0xE3, 0x0F, 0x35, 0x6E, 0xB2, 0x76, 0xD6, 0xDA, 0xEB, 0x76, 0x35, 0x39, 0x87, 0x34, 0x29, 0x98,
    0x26, 0xD5, 0x32, 0x41, 0x8B, 0x39, 0xE2, 0xFA, 0xFC, 0x84, 0x5E, 0x0D, 0xDB, 0xCC, 0x70, 0x38,
    0x66, 0x78, 0x67, 0x86, 0xB3, 0xB3, 0xA6, 0xB6, 0xBD, 0x2C, 0xAF, 0x89, 0xF0, 0x66, 0x5B, 0xAE,
    0x87, 0x74, 0xB0, 0x4C, 0xE7, 0xAD, 0x32, 0x43, 0x15, 0xDE, 0xBD, 0x2D, 0x25, 0x73, 0x0E, 0x2C,
    0x21, 0x3E, 0xAE, 0xE7, 0x8E, 0x78, 0xDB, 0xB6, 0xCE, 0xA3, 0xD7, 0x8C, 0xA3, 0x43, 0xDF, 0xB0,
    0xD2, 0x71, 0x21, 0x32, 0x46, 0xBD, 0x92, 0xE3, 0x0B, 0x0C, 0xB9, 0x8E, 0xD5, 0x0E, 0x18, 0x33,
    0x94, 0xF0, 0x19, 0x10, 0xEB, 0x49, 0x19, 0x34, 0x9F, 0x1A, 0xD9, 0x21, 0x54, 0x00, 0xF5, 0x71,
    0xF0, 0xDC, 0xCC, 0x1D, 0x3C, 0x9F, 0x95, 0x95, 0x92, 0x59, 0xAD, 0xB7, 0x3D, 0x7D, 0x25, 0xBD,
    0xDE, 0x0F, 0xCD, 0x07, 0xBD, 0x4E, 0x27, 0x3D, 0x3D, 0x0B, 0x28, 0x1E, 0xCC, 0x73, 0xB0, 0xD6,
    0x6D, 0xBE, 0x99, 0x8A, 0x7A, 0xF3, 0x6E, 0x7E, 0xED, 0xFC, 0x19, 0xCF, 0xE0, 0xE9, 0xC3, 0xF1,
    0x0B, 0xFA, 0xD3, 0xC7, 0x11, 0x0F, 0xF1, 0x13, 0x30, 0x0D, 0xFA, 0x37, 0xB4, 0x8D, 0x51, 0xAF,
    0x79, 0x6D, 0x2D, 0xEF, 0xCC, 0x6F, 0xEB, 0x26, 0xFA, 0x8C, 0xDE, 0xD3, 0xE7, 0xF3, 0xEA, 0x57,
    0x09, 0x7D, 0x2F, 0xDA, 0x0C, 0xF4, 0x55, 0xD8, 0x3F, 0x11, 0xFA, 0xBC, 0xF0, 0x06, 0xAA, 0x8D,
    0xE8, 0x39, 0xF0, 0x1C, 0x12, 0x35, 0xBD, 0x60, 0xE4, 0xE3, 0x58, 0x3B, 0x40, 0x1A, 0xA8, 0x9F,
    0x45, 0x7D, 0x8E, 0xD3, 0x41, 0xBF, 0x7D, 0x59, 0xEF, 0xB6, 0x0C, 0x7B, 0x37, 0xCF, 0xCE, 0xC2,
    0x13, 0xA9, 0x97, 0xF6, 0x66, 0x13, 0xD4, 0xC9, 0x40, 0xAB, 0xBF, 0x79, 0x4B, 0xCB, 0x81, 0xAC,
    0x04, 0x5B, 0xF8, 0x59, 0x84, 0x4F, 0xEB, 0xD9, 0x3D, 0x98, 0xB5, 0x63, 0x3A, 0xB7, 0xEF, 0x85,
    0x78, 0xF9, 0x5A, 0xB4, 0x56, 0x7B, 0xC0, 0x1B, 0xE1, 0xB5, 0x41, 0xA7, 0xAF, 0x0D, 0x5E, 0xB7,
    0xE8, 0x13, 0x7B, 0x7F, 0xAA, 0x36, 0x53, 0xDB, 0xB0, 0x68, 0xF3, 0x39, 0xE6, 0x1D, 0x4B, 0xD0,
    0x55, 0x3E, 0xE1, 0x5E, 0x67, 0x7D, 0x70, 0x47, 0xA7, 0x55, 0xA5, 0x55, 0x5B, 0xAF, 0xF6, 0xC0,
    0xE2, 0x6C, 0x24, 0x9A, 0x63, 0xED, 0xFB, 0xFF, 0xCD, 0x2A, 0xEE, 0x3D, 0x56, 0xE7, 0xB0, 0x79,
    0x38, 0x03, 0x50, 0xBB, 0xE5, 0x5F, 0xB1, 0x16, 0x62, 0x44, 0x2F, 0xCE, 0xA3, 0x5B, 0xA5, 0x69,
    0x57, 0xC9, 0x55, 0xB6, 0x79, 0x56, 0x13, 0x72, 0x2C, 0xD7, 0x20, 0x02, 0x8C, 0x2A, 0x8B, 0xC8,
    0xCD, 0x3B, 0x7C, 0x80, 0x71, 0xBE, 0x2C, 0x6B, 0x7D, 0x21, 0x4E, 0x84, 0x9F, 0xF1, 0x5B, 0x6D,
    0xA8, 0xD6, 0x33, 0xB8, 0x92, 0x97, 0x03, 0xDF, 0x11, 0x37, 0x6A, 0x01, 0xB0, 0x8A, 0xD5, 0x72,
    0xE5, 0xEE, 0x2A, 0x8D, 0xAF, 0xBA, 0x02, 0x73, 0x01, 0x4E, 0x20, 0xF1, 0x9F, 0xBD, 0x4E, 0xD0,
    0xAC, 0xB5, 0x48, 0x75, 0x10, 0x1E, 0x4F, 0x31, 0x44, 0xA0, 0x11, 0x3B, 0x7C, 0x53, 0xA4, 0x60,
    0x45, 0xC3, 0x28, 0x19, 0x9A, 0x45, 0xA7, 0xA7, 0x28, 0x9D, 0x16, 0x7F, 0xCE, 0x91, 0x5F, 0xA7,
    0x39, 0x97, 0x74, 0x4B, 0x45, 0x85, 0x51, 0xA5, 0x13, 0xF9, 0x2A, 0xCB, 0x25, 0x0D, 0xAD, 0x19,
    0xEB, 0x6A, 0x90, 0x58, 0x25, 0xD5, 0x82, 0x68, 0xB4, 0x8A, 0x71, 0x8A, 0xA4, 0x77, 0xEE, 0xA1,
    0x26, 0xB2, 0x54, 0x11, 0xF9, 0xBD, 0x55, 0x0E, 0x68, 0xAB, 0x76, 0x8D, 0xCB, 0x01, 0xE8, 0x53,
    0x2C, 0x77, 0x3A, 0xF9, 0xB7, 0x92, 0xD6, 0xA1, 0x4A, 0xBD, 0x0E, 0xE8, 0xAE, 0x90, 0x26, 0x98,
    0xE5, 0x1A, 0x5A, 0xFE, 0xB7, 0x36, 0xBF, 0xD0, 0x42, 0xE1, 0x4F, 0x14, 0x4C, 0xFD, 0x94, 0xA6,
    0xA3, 0x29, 0x85, 0x26, 0x51, 0xD3, 0xD3, 0x68, 0x19, 0xAD, 0x46, 0xF3, 0xEA, 0xD4, 0x64, 0xB3,
    0x56, 0x44, 0xAB, 0x27, 0x92, 0xE2, 0x5D, 0xFC, 0x04, 0xFD, 0x56, 0xFD, 0x34, 0x1B, 0x57, 0x00,
    0xDC, 0xDD, 0xDF, 0xAC, 0x7F, 0x54, 0x93, 0xA2, 0x27, 0xA3, 0x10, 0xCD, 0x6E, 0xE4, 0x2A, 0x55,
    0xF2, 0xA7, 0x87, 0x6E, 0x76, 0xAE, 0xF3, 0x83, 0x27, 0xE2, 0x45, 0x62, 0xFD, 0x0B, 0x12, 0xAD,
    0x90, 0xC6, 0xE0, 0x6A, 0x22, 0x37, 0x64, 0x01, 0xED, 0x09, 0xEA, 0x53, 0x88, 0x22, 0x2F, 0xB5,
    0x11, 0x91, 0x42, 0x88, 0xE7, 0x45, 0xDF, 0x69, 0x89, 0xD7, 0x5A, 0x9D, 0xDB, 0xBF, 0x63, 0xBB,
    0xA7, 0x55, 0x3B, 0x09, 0xFD, 0x4F, 0xD8, 0x98, 0x1D, 0xDD, 0xF9, 0xD8, 0x59, 0xD9, 0x8F, 0x08,
    0xBC, 0x55, 0xB9, 0xF5, 0x01, 0x58, 0x6E, 0xA3, 0x63, 0xE5, 0x6A, 0x06, 0x6D, 0x74, 0xC3, 0xC6,
    0x27, 0x6E, 0x1D, 0x9E, 0x57, 0x6C, 0xBB, 0xB5, 0xEB, 0x6A, 0x45, 0xC2, 0x11, 0x88, 0xDE, 0x74,
    0x4C, 0x5F, 0xD4, 0x93, 0xF0, 0x21, 0x3A, 0x05, 0x30, 0x27, 0xE8, 0xC1, 0xA3, 0xC7, 0x74, 0x30,
    0x48, 0xB1, 0x7E, 0xBD, 0x42, 0x43, 0x86, 0xF3, 0x42, 0x2C, 0x21, 0x4E, 0x67, 0x57, 0xC8, 0x17,
    0x22, 0x85, 0x84, 0xBE, 0x91, 0xAB, 0xF0, 0x78, 0x98, 0xB0, 0xD1, 0x02, 0x20, 0xF6, 0x2C, 0x71,
    0x39, 0xED, 0x86, 0x6A, 0xC4, 0x69, 0x5D, 0x11, 0x16, 0xFF, 0x98, 0x81, 0xBA, 0x1A, 0x2F, 0xEE,
    0xD8, 0xB2, 0xC4, 0xA7, 0xAA, 0xD7, 0x53, 0x94, 0x0E, 0x4B, 0x66, 0xF3, 0xAD, 0x55, 0x97, 0x95,
    0xB5, 0xF3, 0xC9, 0xBB, 0xAA, 0x9A, 0x71, 0x6A, 0x78, 0x3B, 0x96, 0x69, 0x0C, 0xFC, 0x93, 0xC9,
    0xD9, 0x77, 0x4F, 0xE7, 0xFB, 0xEE, 0x69, 0x56, 0xAF, 0xD4, 0x1B, 0x1D, 0xF8, 0x8F, 0xF9, 0x04,
    0xE0, 0xAD, 0x3C, 0x90, 0xBD, 0xC4, 0xFE, 0x1F, 0x72, 0x61, 0x49, 0xDB, 0x65, 0xE1, 0xF0, 0xD5,
    0x86, 0x24, 0x59, 0x6B, 0x2F, 0x14, 0x72, 0x65, 0xF8, 0x5F, 0xE3, 0xF4, 0x76, 0x3B, 0x61, 0x83,
    0x60, 0xCC, 0x20, 0x2F, 0x85, 0x95, 0x03, 0xAF, 0x8C, 0x51, 0x07, 0xBE, 0x3E, 0x29, 0x0F, 0xF8,
    0xC1, 0xA0, 0x14, 0xFC, 0x3C, 0xF0, 0xFD, 0x9E, 0x6C, 0xFE, 0xBE, 0x23, 0x1D, 0xDA, 0x13, 0x16,
    0x28, 0x25, 0x44, 0x7C, 0xC2, 0x64, 0x31, 0xC6, 0xFB, 0xC8, 0xF0, 0x86, 0x80, 0x13, 0x19, 0xB6,
    0xA6, 0x39, 0x24, 0xD3, 0xAE, 0x0E, 0x2C, 0x9A, 0xEA, 0x0A, 0x11, 0xE6, 0xC4, 0xB6, 0x7C, 0x72,
    0xB0, 0xA6, 0x38, 0x1E, 0xB8, 0x5C, 0x42, 0x38, 0x9F, 0xF4, 0xCC, 0x54, 0xAA, 0x17, 0xCF, 0x96,
    0x8C, 0x40, 0x56, 0xEB, 0x05, 0x71, 0xC7, 0x32, 0xD2, 0x58, 0x3E, 0xEC, 0xFA, 0x98, 0x0D, 0x9E,
    0x68, 0x26, 0xC2, 0x8D, 0xAA, 0x55, 0x1F, 0xE6, 0x42, 0x43, 0xD3, 0x29, 0x33, 0xEF, 0x06, 0x65,
    0x3C, 0x67, 0x16, 0x0C, 0x21, 0xED, 0xAE, 0x5E, 0xC8, 0x67, 0xCA, 0x7D, 0xF9, 0xEC, 0xF3, 0x5B,
    0x54, 0xC9, 0x9C, 0xFF, 0x9F, 0xF6, 0xBE, 0x1D, 0x56, 0x73, 0xEB, 0x3A, 0x77, 0x93, 0x94, 0x44,
    0x63, 0x88, 0x0B, 0xEA, 0x02, 0x92, 0x7D, 0x6D, 0x5D, 0x98, 0xB7, 0x70, 0x71, 0xE3, 0x17, 0xDB,
    0x14, 0xF2, 0x21, 0x2D, 0x01, 0x49, 0xE1, 0x22, 0x0A, 0xE0, 0x63, 0x03, 0x51, 0x31, 0x8D, 0x0A,
    0x3F, 0x8A, 0x49, 0x0F, 0x8D, 0x48, 0x49, 0x85, 0x8B, 0x14, 0x56, 0x00, 0xC3, 0x8D, 0x8B, 0xB8,
    0x50, 0x61, 0x8F, 0x0A, 0x35, 0x29, 0x1C, 0x60, 0x46, 0xA4, 0x2D, 0x20, 0x29, 0x5C, 0x98, 0x86,
    0x91, 0xA4, 0x65, 0x6C, 0x8F, 0x0D, 0xCB, 0x85, 0xB6, 0x11, 0x2A, 0xE0, 0x8C, 0x49, 0xAE, 0xFC,
    0xEB, 0xFB, 0x36, 0xC9, 0x9F, 0xE7, 0x35, 0x67, 0xE4, 0xA3, 0xF1, 0xCC, 0xC4, 0xDB, 0x9A, 0xF5,
    0x7D, 0x3E, 0xFF, 0x8B, 0xDC, 0x8B, 0xDC, 0xDC, 0x7B, 0xBD, 0x36, 0xE7, 0xA4, 0x34, 0xC5, 0xC9,
    0xAB, 0x0C, 0x17, 0xAA, 0x45, 0x21, 0x69, 0x33, 0xAC, 0xBE, 0xBA, 0x18, 0x3F, 0xF1, 0x9C, 0xC7,
    0x6F, 0xBC, 0x3F, 0x55, 0xBC, 0x69, 0x28, 0x71, 0x42, 0xC6, 0x02, 0x85, 0x33, 0x97, 0x5B, 0x57,
    0xC4, 0x51, 0x4E, 0xAD, 0xC8, 0x23, 0x59, 0xEA, 0xF6, 0xF1, 0x69, 0xDA, 0x91, 0xB3, 0xC4, 0x27,
    0x39, 0x53, 0x47, 0x32, 0x91, 0x50, 0x86, 0x62, 0xC7, 0xD3, 0x69, 0xC7, 0x03, 0x19, 0x2A, 0x8C,
    0xB5, 0xA1, 0x5A, 0x39, 0x1B, 0x01, 0xD7, 0x8B, 0x20, 0x2B, 0x95, 0xC7, 0x62, 0x94, 0x1B, 0xF2,
    0xBC, 0xEA, 0x90, 0x16, 0x07, 0x9E, 0xF5, 0xE6, 0xC6, 0xC2, 0x07, 0x33, 0xF0, 0x3D, 0xEA, 0xC7,
    0xF1, 0x7A, 0x70, 0x74, 0xA8, 0x6F, 0x4D, 0x45, 0x1E, 0x49, 0x60, 0x0D, 0x7F, 0xD7, 0x04, 0xF2,
    0x8D, 0xD6, 0x1D, 0x8F, 0xC6, 0x7C, 0xD5, 0xE4, 0x83, 0xF1, 0x94, 0x27, 0x13, 0xDD, 0x09, 0xF2,
    0x6E, 0x0E, 0xA5, 0x63, 0x19, 0x21, 0xCB, 0xF9, 0x72, 0x9D, 0x2D, 0x5D, 0x22, 0xB9, 0x5B, 0xEA,
    0x66, 0x2E, 0xC2, 0x5E, 0x45, 0x28, 0x9C, 0xFD, 0xF6, 0xEB, 0x40, 0x19, 0xBB, 0x7E, 0x39, 0xCA,
    0xD3, 0x66, 0xE5, 0x59, 0xBD, 0x72, 0xC9, 0x17, 0x1A, 0xC8, 0x42, 0xD7, 0x22, 0x46, 0x4B, 0x3D,
    0x38, 0xF2, 0x29, 0x5F, 0x47, 0x63, 0xA7, 0xAE, 0x49, 0x47, 0xEA, 0x4C, 0x1A, 0x4F, 0x33, 0x7B,
    0x41, 0xEB, 0x50, 0xCA, 0xCA, 0x66, 0x92, 0x07, 0x13, 0x07, 0x66, 0x4E, 0x5A, 0x75, 0x25, 0x31,
    0xC6, 0xC2, 0xE2, 0xA8, 0x58, 0x4F, 0x95, 0x81, 0x25, 0xD5, 0x89, 0x43, 0x4B, 0xAA, 0x31, 0x98,
    0xB5, 0x61, 0x6A, 0x8B, 0xB4, 0x3B, 0x5A, 0x30, 0x07, 0xC6, 0x26, 0xA5, 0xA3, 0x45, 0x97, 0x19,
    0xF7, 0x86, 0x6C, 0x50, 0xEA, 0x02, 0x1C, 0xAE, 0xCE, 0x34, 0x1E, 0xB5, 0xE3, 0x99, 0xB1, 0x3E,
    0xA9, 0x9E, 0xF4, 0x87, 0x31, 0x91, 0xE6, 0x67, 0x48, 0x03, 0x37, 0x9F, 0x6D, 0x17, 0x53, 0xA7,
    0xFE, 0x73, 0x23, 0x7E, 0x55, 0x2F, 0xD1, 0xBE, 0x85, 0x0A, 0xB6, 0xBD, 0x0E, 0x9A, 0x88, 0x9B,
    0x51, 0x94, 0x8A, 0x60, 0x2B, 0xEC, 0xC2, 0xA4, 0x9E, 0x69, 0xB5, 0x7E, 0xEA, 0x6B, 0xEC, 0xC1,
    0xB9, 0x79, 0xE3, 0xAA, 0x82, 0xB9, 0x66, 0x71, 0xC2, 0x47, 0x50, 0x25, 0xCC, 0x28, 0xFA, 0xF9,
    0x94, 0x62, 0xF9, 0xF8, 0xB8, 0xDA, 0xB7, 0x78, 0x85, 0xA4, 0xBC, 0x63, 0xB7, 0x15, 0x43, 0x2A,
    0x85, 0xAA, 0x97, 0x5E, 0x61, 0xD8, 0x87, 0xE2, 0x24, 0xA8, 0x66, 0x70, 0x9F, 0x73, 0xDF, 0x92,
    0xED, 0x57, 0x1A, 0x69, 0x8F, 0x16, 0x15, 0xF9, 0x29, 0x92, 0x3A, 0xDC, 0x4A, 0x22, 0x9D, 0xAB,
    0xFE, 0xC8, 0xB8, 0xE6, 0x86, 0x23, 0x37, 0xDE, 0x39, 0x03, 0xB6, 0x17, 0x9E, 0x57, 0x69, 0x3C,
    0x28, 0x83, 0xB9, 0x5D, 0xC2, 0xDF, 0x9B, 0x6F, 0x0E, 0x6E, 0x3E, 0x90, 0xA8, 0x72, 0x72, 0x4E,
    0x0A, 0x16, 0xE9, 0xBB, 0x55, 0x59, 0x53, 0xEC, 0xC9, 0x8C, 0x92, 0xAF, 0x32, 0x64, 0x05, 0x32,
    0x56, 0x4D, 0xE7, 0x5C, 0x63, 0x07, 0x32, 0xA7, 0x64, 0x59, 0x74, 0x27, 0xD4, 0xD9, 0xAC, 0x21,
    0x88, 0xAE, 0xF9, 0xB7, 0x56, 0x87, 0x73, 0xBB, 0x2E, 0xBD, 0x3B, 0xB2, 0x6A, 0x61, 0x83, 0x3F,
    0xB3, 0x2E, 0x79, 0x9E, 0x8C, 0xE7, 0x74, 0x94, 0x45, 0x0B, 0x0B, 0xCB, 0x99, 0x1D, 0xCC, 0xC4,
    0xFC, 0x3F, 0xC2, 0xDA, 0x22, 0xA4, 0x67, 0x4E, 0xFC, 0xAD, 0x32, 0x61, 0xCE, 0xE6, 0xAF, 0xD4,
    0xCC, 0x83, 0xFC, 0x2F, 0x53, 0xB5, 0x85, 0x8D, 0x79, 0x2B, 0xB5, 0x45, 0xC3, 0x59, 0x4A, 0xD6,
    0x64, 0x35, 0x7B, 0x27, 0x2B, 0xD3, 0x9A, 0x13, 0xAD, 0x27, 0x8C, 0x97, 0xBB, 0x99, 0x17, 0xED,
    0xDE, 0x32, 0x33, 0xEB, 0x98, 0xB7, 0x61, 0xDD, 0x09, 0xAC, 0x3F, 0x07, 0xF3, 0xC5, 0xE2, 0x62,
    0x59, 0x12, 0xF7, 0x1E, 0x53, 0xD6, 0x60, 0x72, 0x67, 0x90, 0xCF, 0x23, 0xE8, 0xE1, 0x58, 0xCA,
    0x58, 0x1F, 0xC0, 0x28, 0xA1, 0x17, 0xEA, 0x08, 0xA1, 0x05, 0xD0, 0x90, 0xDE, 0x7B, 0x0B, 0x25,
    0x78, 0x4D, 0x41, 0x0B, 0x2A, 0x16, 0x3A, 0x13, 0xFE, 0xA9, 0x15, 0x35, 0xC7, 0xBF, 0x4D, 0xAB,
    0x7E, 0x49, 0x0C, 0xDC, 0x5A, 0x81, 0x39, 0x7E, 0x06, 0x86, 0xC5, 0x99, 0x94, 0x4F, 0x91, 0x5C,
    0x0A, 0xFA, 0x8F, 0xB9, 0x77, 0x1F, 0x8F, 0x25, 0x7C, 0xD1, 0xA1, 0x67, 0x1D, 0x09, 0x6B, 0x73,
    0x52, 0x63, 0x10, 0xC9, 0xA5, 0xD7, 0x5D, 0xB5, 0x0E, 0x77, 0xB5, 0x8E, 0x81, 0xA0, 0xCC, 0x40,
    0x30, 0x45, 0x83, 0xCE, 0x19, 0x47, 0x7F, 0x8A, 0xFA, 0x40, 0x2F, 0x5B, 0x6F, 0x0C, 0x76, 0x24,
    0x4F, 0x07, 0xD3, 0x79, 0x1D, 0x2F, 0xD8, 0x5D, 0x23, 0xE1, 0x72, 0x7C, 0x21, 0x85, 0x23, 0xED,
    0x42, 0xB6, 0xEF, 0xE1, 0x75, 0xAD, 0x77, 0x0E, 0x43, 0x98, 0x8D, 0x75, 0xD7, 0xB5, 0xDF, 0x9B,
    0x10, 0x97, 0x76, 0x34, 0xF1, 0xEA, 0xBE, 0x5D, 0xC9, 0x3B, 0xCE, 0xF5, 0xF1, 0x57, 0xEE, 0x1A,
    0xEF, 0xDD, 0xB3, 0xF4, 0x30, 0xA7, 0x3F, 0x94, 0xE3, 0xC7, 0x72, 0x4D, 0x8F, 0x64, 0x9F, 0x09,
    0xEA, 0xA7, 0xC9, 0x3E, 0xE4, 0x95, 0x9F, 0x50, 0x64, 0xFB, 0x93, 0xF7, 0xEE, 0x54, 0xEF, 0x9D,
    0xD9, 0xB9, 0x96, 0xAE, 0x5D, 0x73, 0xDD, 0x28, 0x8A, 0xE9, 0x97, 0x6F, 0x5E, 0x55, 0xFC, 0x5F,
    0x5E, 0xFD, 0x69, 0x73, 0xA4, 0x3D, 0x40, 0xDE, 0xBE, 0xF9, 0x89, 0x8F, 0xD9, 0x0D, 0xDD, 0x7A,
    0xE3, 0xF3, 0x52, 0xD3, 0xE1, 0xC1, 0x75, 0x3D, 0xB2, 0x9B, 0x1A, 0x7D, 0xDA, 0x14, 0x30, 0x80,
    0x7F, 0xC2, 0x95, 0x1B, 0xAA, 0x20, 0xA5, 0x3F, 0xAF, 0xAC, 0x8E, 0x97, 0x2A, 0x9A, 0xF6, 0xCB,
    0x13, 0x31, 0xD0, 0xAC, 0x33, 0x4B, 0xB5, 0xCF, 0x14, 0xD2, 0x97, 0x73, 0x65, 0xBC, 0xDB, 0xE5,
    0xD3, 0x6B, 0xE6, 0x3C, 0xA7, 0x2A, 0x4B, 0x28, 0x58, 0x28, 0xCF, 0x48, 0xE3, 0x82, 0x40, 0x69,
    0xDF, 0xAB, 0xF4, 0x84, 0x5E, 0xA0, 0x6D, 0x09, 0xA2, 0x58, 0x44, 0x06, 0x31, 0x50, 0x6C, 0xCD,
    0x4A, 0xB9, 0x5E, 0x17, 0xB7, 0xAF, 0x33, 0xDD, 0xD8, 0xA4, 0x2A, 0x3C, 0xC6, 0x8B, 0x9D, 0x53,
    0x18, 0xCC, 0xCE, 0x83, 0x96, 0xD6, 0xA4, 0xC0, 0xC4, 0xF5, 0x0E, 0xF5, 0xC6, 0x98, 0x10, 0x07,
    0x32, 0xCE, 0x8E, 0x16, 0x9A, 0x8D, 0xA0, 0x9A, 0x7F, 0x11, 0x5D, 0xEE, 0xDC, 0xF8, 0xB8, 0x29,
    0xCC, 0x87, 0xB2, 0x66, 0xD4, 0x63, 0x19, 0x78, 0xDA, 0xEE, 0x50, 0x31, 0x47, 0xCC, 0x60, 0xDE,
    0xD7, 0x20, 0xEA, 0xD1, 0xC0, 0x25, 0xE8, 0x7C, 0xF3, 0x5E, 0x6B, 0xD6, 0x96, 0x1B, 0x13, 0xD9,
    0x4F, 0x5E, 0x7B, 0xD3, 0xBA, 0xB4, 0x81, 0x46, 0x90, 0x8F, 0xAA, 0xED, 0xAB, 0xFA, 0x3D, 0xCD,
    0xA7, 0xB8, 0x0D, 0x47, 0x5F, 0x48, 0x39, 0x14, 0x2D, 0x07, 0x4D, 0x78, 0x3F, 0xEA, 0xC2, 0x3C,
    0x6D, 0x92, 0x32, 0x68, 0xE6, 0xFF, 0x1F, 0x37, 0x61, 0x9D, 0xE6, 0x2F, 0xBA, 0x0B, 0x3E, 0x96,
    0x5F, 0xEA, 0xED, 0x71, 0xB3, 0xFA, 0x0E, 0x2A, 0x28, 0xC8, 0x57, 0x8C, 0xF9, 0x1A, 0x3F, 0xDA,
    0x01, 0xD0, 0x64, 0x22, 0x72, 0x38, 0x5F, 0x79, 0x1D, 0x95, 0x0B, 0x2F, 0x03, 0xF2, 0xD3, 0x1A,
    0x6F, 0xCE, 0x39, 0xF0, 0x70, 0x2D, 0xC2, 0x94, 0x5E, 0xE3, 0x65, 0xF5, 0x86, 0xD5, 0x32, 0xC7,
    0x4F, 0x33, 0xCF, 0xB6, 0x37, 0xE6, 0xFF, 0x73, 0xAB, 0x83, 0x17, 0x76, 0x97, 0xEE, 0x85, 0xB5,
    0xEF, 0x13, 0xF4, 0x14, 0x23, 0x69, 0x48, 0x43, 0x94, 0x2A, 0x22, 0x8F, 0xA5, 0x3B, 0xF0, 0x7A,
    0xF2, 0xD4, 0x0C, 0x4F, 0xCF, 0x31, 0xEA, 0x8E, 0x5C, 0x7C, 0xBB, 0x06, 0xE9, 0xFD, 0xD3, 0x6A,
    0x1D, 0x8B, 0x59, 0x00, 0xA7, 0x5B, 0xAA, 0x20, 0x1D, 0x30, 0x86, 0xFE, 0xAA, 0xD7, 0x2D, 0xC7,
    0xF1, 0x83, 0xDD, 0xFF, 0xCE, 0x6C, 0xD9, 0x29, 0xBA, 0x9B, 0xAA, 0xFC, 0x8E, 0xBA, 0xF3, 0x5E,
    0x73, 0x84, 0x57, 0xFB, 0x89, 0x85, 0x49, 0xE2, 0x3D, 0x9E, 0xEC, 0xF1, 0xAC, 0x74, 0xA4, 0x5D,
    0xEB, 0x0B, 0xF9, 0x76, 0x6F, 0x42, 0xCE, 0x3A, 0x4C, 0x26, 0x55, 0x3E, 0xED, 0xD5, 0x25, 0x2A,
    0xCC, 0xDE, 0x30, 0x53, 0xAF, 0x31, 0x08, 0x09, 0xA4, 0xEC, 0xFD, 0xE8, 0x9F, 0xF3, 0x53, 0xE6,
    0x22, 0xDA, 0x0B, 0x0E, 0xF5, 0x4A, 0x2B, 0x6E, 0x39, 0x9E, 0x35, 0x6E, 0xFE, 0xCF, 0xB1, 0x2E,
    0x5C, 0xB8, 0x16, 0x07, 0x75, 0xDC, 0x53, 0x1B, 0x47, 0xB9, 0xDE, 0x9B, 0x17, 0xD0, 0x1E, 0xD9,
    0xE3, 0x1F, 0x87, 0xE4, 0x1D, 0x5B, 0xEC, 0xC5, 0x7E, 0x55, 0xE5, 0x3A, 0x30, 0x67, 0xF5, 0x5A,
    0xB7, 0x0C, 0xE6, 0x83, 0xA4, 0x47, 0x14, 0x53, 0x68, 0x5D, 0x4A, 0x4E, 0xD2, 0xD0, 0xAD, 0x36,
    0x57, 0xC4, 0x27, 0xE7, 0x3C, 0xFA, 0xBB, 0xA4, 0xD4, 0xD1, 0xCC, 0x09, 0x6B, 0xF1, 0xF1, 0x6D,
    0x06, 0xC7, 0x76, 0x65, 0xF0, 0x59, 0xF3, 0x59, 0xA0, 0xB8, 0x05, 0x82, 0x43, 0x23, 0xA5, 0x00,
    0xE7, 0x14, 0xBA, 0xE8, 0x7F, 0x42, 0x9D, 0x56, 0xEB, 0xD0, 0xDD, 0x2C, 0x51, 0xB3, 0xBD, 0x49,
    0x52, 0x87, 0xBC, 0x39, 0xD6, 0x9B, 0x41, 0x08, 0x44, 0xAE, 0xBE, 0x96, 0x94, 0x71, 0x7F, 0x93,
    0x32, 0x1E, 0xBA, 0x94, 0xF1, 0xE1, 0x01, 0x4B, 0x19, 0x8F, 0x09, 0x49, 0xB9, 0x7F, 0x81, 0x15,
    0x84, 0x69, 0xB3, 0x88, 0x1E, 0x1C, 0xF0, 0xE1, 0x7F, 0xEA, 0x8C, 0x81, 0x29, 0x10, 0x02, 0xF9,
    0x65, 0x04, 0x00, 0x9D, 0xB3, 0xB2, 0x8E, 0x34, 0x6B, 0x4D, 0x9D, 0x2B, 0x50, 0x7A, 0xE8, 0x2A,
    0xE5, 0xD8, 0x9D, 0xF4, 0x4E, 0x94, 0xDB, 0xF2, 0xF0, 0x2C, 0xE3, 0x5F, 0x48, 0xBE, 0x56, 0xB3,
    0xE5, 0x69, 0xDD, 0x77, 0x21, 0x4A, 0x28, 0x57, 0x6F, 0x5C, 0xD5, 0x9F, 0xE7, 0xE5, 0x36, 0x2F,
    0xEE, 0x78, 0x53, 0x49, 0xA8, 0x85, 0x3C, 0xA3, 0x1C, 0xFE, 0xAF, 0xDF, 0xD6, 0x77, 0xFE, 0xE2,
    0xD7, 0x2A, 0xFF, 0x03, 0x05, 0x27, 0x6E, 0xCB, 0xB0, 0x56, 0x27, 0x7A, 0x97, 0x91, 0x60, 0x0C,
    0x04, 0xE3, 0xCD, 0xD2, 0xDC, 0x45, 0x69, 0x4D, 0x26, 0x3F, 0x67, 0xF2, 0x2C, 0x2A, 0x70, 0x7F,
    0x13, 0xF6, 0x5D, 0xA6, 0x28, 0x0F, 0x81, 0x34, 0x6B, 0xF2, 0x33, 0x13, 0x26, 0x2A, 0xCA, 0x0E,
    0xB7, 0x3B, 0x64, 0xD1, 0xAF, 0xB2, 0xEA, 0xE7, 0x57, 0xDB, 0xBF, 0xD5, 0x77, 0xDA, 0x5E, 0x54,
    0xDE, 0x50, 0xD9, 0x67, 0xD2, 0xEC, 0x25, 0x3F, 0xEB, 0x00, 0x80, 0xB3, 0x68, 0x3E, 0x06, 0x69,
    0xDE, 0x82, 0xCC, 0x20, 0x3F, 0xB4, 0xC9, 0x04, 0xBE, 0x22, 0x53, 0xCE, 0xB4, 0x67, 0x4D, 0xA7,
    0xBD, 0x56, 0xEE, 0xC5, 0xDC, 0x5E, 0x5D, 0x46, 0xC5, 0x61, 0x16, 0x01, 0x33, 0x4E, 0x20, 0x76,
    0x3D, 0x7E, 0xED, 0x7B, 0x38, 0xF1, 0x7B, 0x21, 0x42, 0xE9, 0xD8, 0xA9, 0x14, 0x9B, 0x07, 0xF4,
    0x2A, 0x12, 0x15, 0xEA, 0x72, 0x14, 0xA1, 0x08, 0xE8, 0xD0, 0xBB, 0x08, 0x11, 0x3A, 0xAB, 0x40,
    0x4D, 0xC1, 0x40, 0x0F, 0xCA, 0x5D, 0x57, 0xBC, 0x41, 0x6F, 0x7A, 0x06, 0x99, 0x1C, 0xAB, 0x7C,
    0x7F, 0xA9, 0x3C, 0xED, 0xA2, 0xA1, 0xA1, 0xEA, 0xEE, 0x6F, 0xF5, 0xAD, 0xE4, 0xE1, 0x9D, 0x50,
    0xD7, 0xB5, 0x50, 0x0E, 0x11, 0x48, 0x9B, 0xE8, 0x0D, 0x15, 0xAA, 0x08, 0x16, 0xE1, 0xDB, 0xF5,
    0x14, 0x0B, 0x11, 0x4B, 0xF1, 0x3E, 0xBA, 0x62, 0x06, 0xBD, 0x2E, 0x76, 0xC0, 0xDE, 0x00, 0x24,
    0x84, 0x98, 0x10, 0x11, 0x1E, 0x2B, 0xDD, 0x81, 0x9F, 0x06, 0xF2, 0x1B, 0x82, 0x74, 0x04, 0xC1,
    0x6B, 0x91, 0x7B, 0x44, 0x49, 0x07, 0xC8, 0x06, 0x40, 0x3A, 0x01, 0x62, 0x71, 0x90, 0x13, 0x4A,
    0x85, 0x48, 0x6A, 0x07, 0x81, 0x58, 0x05, 0xED, 0x8C, 0x05, 0x38, 0xAF, 0x90, 0x9C, 0x80, 0xAA,
    0x90, 0x0A, 0x59, 0x09, 0x97, 0x23, 0x37, 0xB0, 0x62, 0x9A, 0x86, 0xAE, 0xD5, 0x43, 0xD6, 0x5B,
    0x90, 0x89, 0x87, 0xD6, 0xD2, 0xB8, 0xBD, 0xCD, 0x20, 0x72, 0x32, 0x90, 0x36, 0xEC, 0x10, 0x4F,
    0x0F, 0xE9, 0x43, 0x9A, 0xEF, 0x1E, 0x19, 0x08, 0x6F, 0x7E, 0xEB, 0x58, 0x62, 0x62, 0x22, 0x86,
    0x03, 0xDE, 0xB1, 0x2A, 0x46, 0xD6, 0x87, 0xD4, 0xDE, 0x87, 0x4E, 0x6B, 0x4A, 0xEA, 0x7A, 0x96,
    0x5A, 0xB2, 0x1F, 0x7D, 0xAE, 0xB1, 0xDB, 0x59, 0x33, 0x97, 0xEF, 0x55, 0xDF, 0xC8, 0x95, 0x11,
    0x4F, 0xD7, 0x0E, 0x0B, 0xEF, 0xDC, 0x24, 0x3D, 0x17, 0xB1, 0x45, 0x93, 0x09, 0x58, 0x20, 0x36,
    0x93, 0xF2, 0x51, 0x19, 0xF3, 0x68, 0xC7, 0x2E, 0x37, 0xD8, 0x93, 0xEB, 0xDF, 0xED, 0xFF, 0x55,
    0x53, 0xB8, 0x3A, 0x1F, 0x1A, 0xE3, 0x75, 0xCA, 0x30, 0x30, 0x0C, 0xCA, 0x06, 0x8E, 0x13, 0x99,
    0xF5, 0x38, 0x8F, 0xDF, 0xB1, 0xC0, 0xD2, 0xE2, 0x95, 0xD9, 0xA8, 0xE6, 0x74, 0x3A, 0xB3, 0x4C,
    0xA0, 0x0E, 0x6C, 0x66, 0x33, 0xF7, 0x20, 0xA9, 0x7E, 0x3F, 0x2E, 0x41, 0x4D, 0xEC, 0xC6, 0x4A,
    0x59, 0x8F, 0x17, 0xF5, 0x7D, 0x8C, 0x44, 0xD7, 0xCF, 0x0A, 0x6D, 0x1E, 0x19, 0x95, 0x15, 0x0B,
    0x5D, 0xF7, 0x74, 0x7C, 0xF1, 0xDA, 0xCD, 0x70, 0x2C, 0xAE, 0xAE, 0x35, 0x0B, 0x7E, 0x7B, 0x64,
    0x70, 0x6B, 0xD4, 0xCA, 0x62, 0x61, 0x74, 0xE7, 0xA0, 0x0B, 0x22, 0x99, 0xDC, 0xF9, 0x8A, 0x74,
    0x60, 0xF0, 0x6B, 0xB0, 0x45, 0x0B, 0xF3, 0x16, 0x66, 0xAA, 0x55, 0xC5, 0x0B, 0xCB, 0xCE, 0x64,
    0x07, 0x9E, 0x8B, 0xBB, 0x84, 0xF1, 0x44, 0x7A, 0x35, 0xAE, 0x89, 0x92, 0x50, 0x6C, 0x55, 0x95,
    0x6A, 0x7F, 0xFC, 0xAD, 0x7D, 0x3A, 0x86, 0xC9, 0xF4, 0x99, 0xF6, 0x91, 0xC0, 0x46, 0xCE, 0x6F,
    0xD7, 0x47, 0xC2, 0x6E, 0xBD, 0x1E, 0x89, 0xCF, 0xC8, 0xA9, 0x48, 0x22, 0x57, 0x1E, 0x56, 0x38,
    0x33, 0x5E, 0x23, 0xC0, 0x44, 0x2A, 0x2E, 0xFB, 0xBF, 0x20, 0xE8, 0x9E, 0x74, 0x8A, 0xE6, 0x08,
    0xB0, 0x48, 0x70, 0x2B, 0x55, 0xFA, 0x85, 0xB8, 0xA3, 0x6D, 0x24, 0x2C, 0x81, 0xAB, 0x3F, 0x9A,
    0xA9, 0xA3, 0xAD, 0xC6, 0x7F, 0xA5, 0xB8, 0x03, 0x1B, 0xA5, 0x53, 0x62, 0xAA, 0xD1, 0xB0, 0xF9,
    0x33, 0x31, 0x0B, 0xB9, 0x3A, 0x93, 0xCF, 0x9D, 0x83, 0x7C, 0x86, 0xA0, 0x0F, 0x19, 0x1C, 0x2C,
    0x6E, 0xCA, 0xBF, 0x97, 0x1E, 0x56, 0xE2, 0x71, 0x76, 0x94, 0xD0, 0x57, 0x6E, 0x55, 0x86, 0x90,
    0xF0, 0xE6, 0xEC, 0xA5, 0xB4, 0x74, 0x08, 0xC5, 0x68, 0x50, 0x88, 0xC6, 0xA8, 0xD4, 0x33, 0x7D,
    0xF2, 0xF9, 0xE3, 0xDB, 0x4D, 0x84, 0x52, 0x3E, 0xC6, 0xCB, 0x26, 0x57, 0x59, 0x95, 0x2A, 0xA5,
    0xD6, 0xBF, 0x4B, 0x03, 0x73, 0xB5, 0x85, 0x9F, 0x74, 0xF2, 0x60, 0x0D, 0x74, 0xB7, 0xDD, 0xA4,
    0x37, 0x31, 0x17, 0x8C, 0x99, 0x5B, 0x66, 0xAC, 0x2E, 0xAA, 0xC8, 0x92, 0xD3, 0xA2, 0xBC, 0x16,
    0x0C, 0xE0, 0xB3, 0xFD, 0xFB, 0x27, 0x06, 0xD6, 0x94, 0x77, 0x15, 0x58, 0x93, 0xC0, 0x71, 0xA0,
    0x42, 0x72, 0x15, 0xB0, 0x98, 0x6B, 0xDA, 0x26, 0x6C, 0xA2, 0x21, 0x6E, 0x8F, 0x8F, 0x74, 0x28,
    0xD7, 0xB5, 0x5C, 0x8A, 0x45, 0x3E, 0x1F, 0xAC, 0x1E, 0x77, 0x2A, 0x4C, 0x81, 0x60, 0xE3, 0x7C,
    0x2A, 0x57, 0x88, 0xA5, 0xD6, 0x80, 0xB7, 0x94, 0x85, 0xCA, 0x8B, 0xCB, 0xF0, 0xDB, 0x0D, 0x41,
    0xBE, 0x03, 0xAF, 0x63, 0x90, 0xB4, 0x05, 0x84, 0x0D, 0x20, 0xAE, 0x01, 0xA9, 0x01, 0x1C, 0x10,
    0x06, 0xC0, 0xBB, 0x1D, 0x40, 0xA4, 0x24, 0x30, 0x18, 0x55, 0x3A, 0x40, 0x31, 0x00, 0xB2, 0x09,
    0x90, 0x08, 0x20, 0x96, 0x72, 0x0E, 0xCD, 0x66, 0x0C, 0xB6, 0x82, 0x91, 0x0E, 0x50, 0xB9, 0xCA,
    0x7F, 0xF3, 0x71, 0xF6, 0x0A, 0x81, 0x38, 0x2F, 0x2C, 0x21, 0x22, 0x04, 0x04, 0x9F, 0xE0, 0x11,
    0xCC, 0x16, 0x3A, 0xB7, 0x52, 0x40, 0x7A, 0xD1, 0x00, 0x10, 0xF5, 0x6E, 0x76, 0xFE, 0x34, 0x19,
    0x3C, 0xF3, 0x9E, 0x56, 0x88, 0xEB, 0xC7, 0x15, 0xD2, 0xDC, 0x28, 0xBC, 0x64, 0x00, 0x03, 0x40,
    0x2C, 0x41, 0x1C, 0xD4, 0x0A, 0x3F, 0x17, 0xAB, 0xD0, 0x4A, 0x0F, 0x28, 0x06, 0x40, 0x26, 0x80,
    0x78, 0xDD, 0x2B, 0x22, 0x94, 0x2E, 0xE0, 0xC0, 0xEF, 0x89, 0xB8, 0x94, 0x68, 0x2E, 0xDF, 0x09,
    0xC6, 0x41, 0xB6, 0x81, 0xF4, 0x24, 0x48, 0x5C, 0x90, 0x7D, 0x4B, 0x35, 0x76, 0xAA, 0xBF, 0x50,
    0x30, 0x01, 0x8C, 0x7F, 0xD5, 0x21, 0xF6, 0x36, 0xB7, 0x0A, 0x07, 0xDA, 0xC9, 0xFF, 0x9C, 0x5F,
    0x57, 0xF8, 0x49, 0xD9, 0x03, 0x5E, 0xB1, 0x80, 0x57, 0x5B, 0xC0, 0x37, 0x6B, 0xC0, 0x9B, 0xD4,
    0xDF, 0x64, 0x9C, 0xE2, 0x08, 0x03, 0x5E, 0x13, 0xE1, 0x3B, 0x25, 0x57, 0xF8, 0x3B, 0xA9, 0xF1,
    0x71, 0x69, 0x14, 0x5E, 0x16, 0x8B, 0x5F, 0x90, 0x9E, 0x11, 0x85, 0x03, 0x20, 0x13, 0x40, 0x2C,
    0x39, 0x9F, 0xA6, 0x38, 0x4E, 0x5F, 0x46, 0x05, 0x73, 0x65, 0xA4, 0x3B, 0xDF, 0x85, 0xC4, 0x03,
    0x32, 0x29, 0xB5, 0x6F, 0xAA, 0xAA, 0x84, 0x03, 0x3F, 0x36, 0xDE, 0x6E, 0xCE, 0x6D, 0x8D, 0xC2,
    0x8F, 0x1B, 0xC0, 0x4F, 0x6A, 0x80, 0xEB, 0xF9, 0x91, 0x20, 0x0D, 0xA1, 0xE3, 0x6B, 0x03, 0xE0,
    0xDD, 0x89, 0x1F, 0x90, 0x1C, 0x1F, 0x67, 0x76, 0xD0, 0x9A, 0x9F, 0xC1, 0xB5, 0xEA, 0xE8, 0x7E,
    0xB6, 0x51, 0x08, 0xA5, 0x39, 0xC7, 0xFD, 0x20, 0x22, 0x2F, 0x73, 0x7A, 0xF9, 0xEA, 0x7D, 0x72,
    0x3F, 0x58, 0x1E, 0xB5, 0xFD, 0x1A, 0xDD, 0xD9, 0x15, 0x9F, 0x91, 0x57, 0x8E, 0xA7, 0x28, 0xB2,
    0xAA, 0x23, 0x61, 0x60, 0x8A, 0xE2, 0x73, 0xEE, 0x35, 0x2F, 0x07, 0x64, 0x03, 0x40, 0x26, 0x85,
    0xBB, 0xBF, 0x1F, 0x72, 0xA6, 0xFD, 0x35, 0xBC, 0x11, 0xEC, 0xE6, 0x46, 0x18, 0x01, 0x89, 0x00,
    0x78, 0x7E, 0x6D, 0xB8, 0xB9, 0x1F, 0x8C, 0x08, 0x20, 0x05, 0x60, 0xB2, 0x51, 0x89, 0x60, 0xE1,
    0x52, 0xDD, 0xC6, 0x44, 0xA3, 0xAB, 0x74, 0x80, 0x8F, 0xFF, 0xCD, 0xBE, 0xA5, 0x98, 0x99, 0xF6,
    0xBA, 0xE2, 0x81, 0x31, 0xC0, 0xC1, 0x98, 0x17, 0x76, 0x88, 0xE9, 0xC5, 0x0E, 0x03, 0x4B, 0x0C,
    0x1B, 0x62, 0x5C, 0x12, 0x33, 0x03, 0x9C, 0x46, 0x22, 0xD4, 0x01, 0x1C, 0xDC, 0xEB, 0x13, 0x31,
    0x11, 0x62, 0x24, 0x25, 0x50, 0x95, 0xA1, 0xE8, 0x8B, 0x05, 0x1A, 0xE9, 0x88, 0xD5, 0x40, 0xC4,
    0x07, 0xAB, 0x8E, 0x06, 0x6C, 0x6C, 0x99, 0xD2, 0xB8, 0x1C, 0x8F, 0x01, 0x08, 0x53, 0x1E, 0x4B,
    0xE3, 0x57, 0xDC, 0x0E, 0x86, 0x98, 0x49, 0x5E, 0xE5, 0xD5, 0x60, 0xA6, 0x2A, 0x7F, 0x4B, 0xD7,
    0x6C, 0x7D, 0x62, 0x6E, 0xEC, 0x30, 0xB0, 0x8F, 0x00, 0xF5, 0xC2, 0x7A, 0x62, 0x87, 0x88, 0xE0,
    0xD9, 0xE1, 0x4B, 0x06, 0x28, 0x83, 0x43, 0x29, 0x1D, 0x5A, 0xBE, 0x2E, 0x03, 0x31, 0x1B, 0x89,
    0xA9, 0x10, 0x63, 0x29, 0x81, 0x91, 0xD4, 0xC0, 0x80, 0x99, 0x01, 0xA3, 0x47, 0xDB, 0x3F, 0xEA,
    0xA6, 0x01, 0x39, 0xDF, 0x2D, 0xD7, 0x7F, 0x7A, 0x27, 0x68, 0x71, 0xD2, 0xF7, 0x58, 0xDE, 0x76,
    0x31, 0xFC, 0xD4, 0x7F, 0x00, 0x6A, 0x5B, 0x91, 0x7F, 0xBF, 0x28, 0x6C, 0x70, 0x73, 0x73, 0xA3,
    0x13, 0x1E, 0xFF, 0x8C, 0xDB, 0x82, 0xD4, 0xA9, 0xC3, 0xF8, 0x08, 0x46, 0xA7, 0x60, 0x48, 0xC4,
    0xC5, 0x12, 0x8B, 0x34, 0x0E, 0x02, 0xE9, 0x3C, 0x71, 0x37, 0x4E, 0x07, 0xA8, 0xEC, 0x69, 0x70,
    0x7B, 0x4E, 0x37, 0x58, 0x81, 0xAF, 0x9D, 0x09, 0x5C, 0xC4, 0xE8, 0x59, 0xF9, 0x32, 0x1E, 0xF9,
    0x75, 0x5E, 0x05, 0x84, 0x94, 0x10, 0x6F, 0x20, 0x3A, 0x09, 0xC2, 0xC6, 0x75, 0x89, 0xAC, 0x84,
    0x4A, 0x7E, 0xA7, 0x6A, 0xA8, 0xE5, 0x3A, 0x6E, 0x5C, 0xB7, 0x46, 0xAD, 0x23, 0xE1, 0x4C, 0x82,
    0x99, 0xF8, 0xAF, 0x39, 0x62, 0xCC, 0x99, 0x44, 0xDB, 0x86, 0xF0, 0xA5, 0x8B, 0x26, 0x8D, 0x59,
    0x54, 0xBF, 0xE8, 0x7E, 0x25, 0x66, 0xA3, 0x3E, 0xB1, 0x33, 0x42, 0x81, 0x36, 0xB2, 0x5C, 0x38,
    0x05, 0xC0, 0x6A, 0x41, 0xDF, 0xA1, 0x79, 0xCE, 0x21, 0xD5, 0x08, 0x14, 0xD9, 0x22, 0x5F, 0xBF,
    0x13, 0x3A, 0x75, 0xCE, 0xFA, 0x9C, 0x15, 0xBA, 0xE0, 0xBA, 0x47, 0xC1, 0x1E, 0xC5, 0x5A, 0xF9,
    0x0D, 0xB9, 0x69, 0xCC, 0x7A, 0xD6, 0x1F, 0x38, 0x7D, 0xF7, 0xF5, 0x85, 0x8A, 0xB4, 0x2B, 0x1D,
    0x1D, 0xC5, 0x92, 0x80, 0x94, 0xF6, 0x13, 0x47, 0x8D, 0x74, 0x0B, 0x2D, 0x86, 0x85, 0x66, 0xE3,
    0x42, 0xD3, 0x69, 0xA5, 0xB2, 0xD0, 0x84, 0x34, 0x24, 0x0D, 0x50, 0xBC, 0xB9, 0x51, 0xEA, 0xF6,
    0x36, 0xCE, 0xB7, 0x74, 0x6E, 0xE9, 0x1E, 0x9D, 0x88, 0x07, 0x6B, 0x0C, 0x9D, 0xCC, 0x99, 0xEE,
    0xF0, 0x80, 0x8B, 0x75, 0xB4, 0xF6, 0x66, 0x6F, 0x97, 0xF4, 0x91, 0xE4, 0xA4, 0xD9, 0x5E, 0x05,
    0x27, 0x99, 0x5F, 0x67, 0x39, 0xD5, 0xB5, 0xCD, 0x25, 0xC1, 0x56, 0x12, 0x48, 0x8B, 0x1D, 0x89,
    0x5C, 0xDE, 0xFD, 0xF9, 0x09, 0x56, 0xF5, 0x24, 0x22, 0xED, 0x4C, 0x06, 0x12, 0xB7, 0xBC, 0x5F,
    0x56, 0xF8, 0xDB, 0x45, 0xFE, 0x66, 0xA9, 0xBF, 0xAC, 0xF6, 0x97, 0x05, 0x3F, 0x4A, 0xA1, 0xAC,
    0xC4, 0xB0, 0x6D, 0x89, 0x1A, 0x56, 0x9C, 0x4F, 0xC9, 0x85, 0x25, 0xD2, 0x0A, 0x00, 0x62, 0x43,
    0x51, 0xA4, 0x2D, 0x80, 0x1D, 0xC2, 0x0F, 0xD1, 0x22, 0xB0, 0x36, 0x17, 0xE4, 0x1D, 0x8B, 0x4C,
    0xEC, 0x9D, 0xBF, 0xBE, 0xB1, 0x38, 0xB2, 0xCD, 0xE2, 0x2B, 0x82, 0xF3, 0xBD, 0x87, 0x82, 0x42,
    0x6E, 0xED, 0xBD, 0xA3, 0x0C, 0xC8, 0x28, 0xBA, 0xC2, 0xA2, 0xB0, 0x9C, 0xCD, 0x76, 0x42, 0xCB,
    0x11, 0x01, 0x03, 0x24, 0x62, 0xA0, 0x4A, 0x4C, 0x2A, 0xC7, 0xB1, 0xDF, 0x62, 0xE5, 0xDE, 0x5F,
    0x0C, 0xDC, 0x8A, 0x2A, 0x73, 0xDF, 0x97, 0x8D, 0x8A, 0xAE, 0x42, 0x26, 0x63, 0xC5, 0xB3, 0x91,
    0xA1, 0xE3, 0x31, 0x74, 0x27, 0x63, 0x28, 0xA3, 0x33, 0x2F, 0xF4, 0x3E, 0x8B, 0x15, 0xE0, 0x05,
    0xEF, 0xD0, 0x17, 0x71, 0x8B, 0xB7, 0xD7, 0xB1, 0xE1, 0x06, 0xCF, 0xC7, 0x9D, 0xA5, 0x50, 0x83,
    0x8F, 0x2C, 0x53, 0x77, 0x54, 0xEF, 0x44, 0x96, 0x00, 0x32, 0xF9, 0xB3, 0x3E, 0x9A, 0xD4, 0xAC,
    0xD0, 0xC5, 0x43, 0x8A, 0xED, 0xF9, 0x07, 0x0D, 0x85, 0xB0, 0xD9, 0x10, 0x3B, 0x18, 0x4D, 0xD6,
    0xCD, 0xA0, 0xAF, 0x65, 0x7D, 0xAA, 0x90, 0x0E, 0xF8, 0x40, 0x3C, 0xE1, 0xE3, 0xA1, 0x3C, 0x2B,
    0x95, 0xDE, 0x57, 0xBF, 0x5C, 0xAE, 0xB8, 0x6F, 0x97, 0xAC, 0x50, 0x5C, 0xAB, 0x3D, 0x29, 0x99,
    0xAF, 0xDC, 0xFB, 0x27, 0x02, 0xA2, 0xC1, 0x06, 0xB7, 0xA8, 0xCB, 0x93, 0x62, 0x30, 0xE3, 0xBC,
    0x42, 0x96, 0x60, 0xF8, 0xF8, 0xBD, 0x75, 0xAD, 0xE6, 0x0D, 0x7B, 0x9E, 0x0F, 0x51, 0xF1, 0xBF,
    0x21, 0xB3, 0x71, 0xEB, 0xB3, 0xBD, 0xE0, 0x08, 0x88, 0x5C, 0x33, 0xFA, 0x9A, 0x58, 0xF2, 0xA8,
    0x09, 0xB5, 0x18, 0x8E, 0xB7, 0x16, 0xC3, 0xF1, 0xA8, 0xDF, 0xC5, 0x9F, 0x98, 0x34, 0x2C, 0x85,
    0xC0, 0xC7, 0x6B, 0xC4, 0xC4, 0xAE, 0xCD, 0x48, 0x60, 0x2A, 0x07, 0xEF, 0x54, 0xD3, 0x1B, 0x3B,
    0xD0, 0x83, 0x2F, 0xCC, 0x0D, 0x85, 0xCC, 0x5C, 0x57, 0x48, 0x67, 0xF8, 0x8A, 0xC2, 0xC7, 0xDC,
    0xF9, 0xDD, 0x4B, 0xA8, 0xC4, 0xAC, 0x79, 0xAB, 0x84, 0xB5, 0x4A, 0x9D, 0x4F, 0x30, 0x5B, 0xB8,
    0xBE, 0x81, 0x17, 0x37, 0xE0, 0x92, 0xF0, 0x72, 0x27, 0x5F, 0x96, 0xB6, 0x28, 0x33, 0x5D, 0x1E,
    0x94, 0x2F, 0xED, 0x64, 0x02, 0x19, 0x97, 0x4F, 0xEC, 0xE4, 0xA3, 0x7C, 0xEE, 0xBD, 0x1F, 0x69,
    0x71, 0x6B, 0xF5, 0x9B, 0xFA, 0x6D, 0xEB, 0xDE, 0xD0, 0x05, 0x64, 0x06, 0x99, 0x42, 0x26, 0x90,
    0xF1, 0x56, 0x72, 0xFF, 0x2C, 0xAB, 0x20, 0x62, 0x2F, 0xC3, 0xAB, 0x8A, 0x6D, 0xB4, 0xFC, 0xC9,
    0x04, 0x0A, 0xAC, 0x9E, 0x11, 0x74, 0xB8, 0xB6, 0x43, 0xCB, 0xE8, 0xDB, 0x06, 0x03, 0x55, 0xC2,
    0xEC, 0xAE, 0x2C, 0x87, 0xDE, 0x8B, 0x35, 0xE7, 0xD2, 0x97, 0xDF, 0x0D, 0x8C, 0x87, 0xE7, 0xA4,
    0xFB, 0xF7, 0xED, 0x5E, 0x14, 0x7C, 0xB2, 0xEE, 0x43, 0x7F, 0x5E, 0xC8, 0xD7, 0x8F, 0xF3, 0xCE,
    0x25, 0xAC, 0x56, 0x1A, 0x56, 0x00, 0xD9, 0x49, 0x84, 0xBB, 0xBB, 0x0A, 0x20, 0x2A, 0x5F, 0x42,
    0x6F, 0xDD, 0x60, 0x05, 0x10, 0xC8, 0x1E, 0x8B, 0x94, 0x6E, 0xA9, 0x03, 0x32, 0x04, 0x2D, 0xB2,
    0x3D, 0x1B, 0x04, 0xB9, 0x23, 0x45, 0x31, 0xC6, 0x23, 0xEB, 0x72, 0xAE, 0x92, 0x4B, 0xFE, 0x69,
    0x0D, 0x73, 0x17, 0x57, 0x1B, 0xE6, 0x9C, 0xD2, 0x93, 0x89, 0x83, 0x67, 0x4B, 0xF9, 0x47, 0xEB,
    0xF0, 0x27, 0x2F, 0xCB, 0x61, 0xEE, 0xF6, 0x05, 0xE0, 0xE5, 0xD9, 0x3C, 0x40, 0x1D, 0x7E, 0x58,
    0x8D, 0x5F, 0xC4, 0x0F, 0x8F, 0x94, 0xE7, 0xEF, 0xF0, 0xF7, 0xBF, 0xBF, 0x98, 0x27, 0xDD, 0x1D,
    0xF7, 0x17, 0x0B, 0xCE, 0xBF, 0xBF, 0x58, 0x78, 0x64, 0x7F, 0xB1, 0xFE, 0xAC, 0xFD, 0xC5, 0x26,
    0x21, 0x6C, 0xD2, 0x43, 0x1C, 0xBC, 0x45, 0x38, 0x38, 0x03, 0x3E, 0xBB, 0xA9, 0x50, 0x3B, 0x03,
    0x6A, 0xD4, 0x96, 0x78, 0x3C, 0x4D, 0x18, 0xFA, 0xF0, 0x74, 0x61, 0x99, 0x5A, 0xE4, 0x2C, 0xA0,
    0xFB, 0xA8, 0xFC, 0x6A, 0xDA, 0x8C, 0x92, 0xB2, 0x57, 0x1C, 0xD8, 0x7F, 0x8F, 0xDB, 0x00, 0x30,
    0x04, 0x39, 0x29, 0xF1, 0x9E, 0x8C, 0x17, 0xCF, 0x64, 0x58, 0xB2, 0x03, 0xBB, 0xB6, 0xF3, 0x32,
    0x77, 0xB0, 0x49, 0x3E, 0x70, 0x50, 0x10, 0xB2, 0xB3, 0x4C, 0x7A, 0x7C, 0x88, 0xFC, 0x94, 0x5F,
    0xB4, 0xB0, 0x77, 0xE4, 0x76, 0xD5, 0x5C, 0x91, 0x9B, 0xA6, 0x32, 0x62, 0xE3, 0x56, 0x8D, 0x10,
    0x37, 0x76, 0x2C, 0x02, 0xBB, 0xBE, 0x63, 0xE1, 0xC2, 0x02, 0xB0, 0xAF, 0xEC, 0x98, 0xFF, 0x9A,
    0x32, 0x4E, 0xEE, 0xEE, 0x5B, 0xC6, 0x6D, 0xBC, 0x0F, 0x2F, 0xB3, 0x84, 0x36, 0xDB, 0x3E, 0x63,
    0x0B, 0x17, 0x66, 0xE4, 0x9C, 0x0E, 0x95, 0xF4, 0x4C, 0x96, 0x89, 0x88, 0xAD, 0x64, 0x02, 0x16,
    0x32, 0x66, 0xDF, 0x90, 0x6F, 0xD8, 0x58, 0xEA, 0x2C, 0x94, 0x57, 0xD5, 0x0E, 0xFF, 0x52, 0x28,
    0xAF, 0x74, 0xA1, 0xE4, 0x33, 0x3E, 0x11, 0x4A, 0xF9, 0xDC, 0x0E, 0x91, 0xA5, 0x7E, 0x11, 0x18,
    0x39, 0x4C, 0x80, 0x8D, 0x2F, 0x6C, 0x33, 0x1E, 0x39, 0xED, 0x19, 0x2B, 0x87, 0xD9, 0x9D, 0xB0,
    0xE0, 0xC6, 0x74, 0xC6, 0x61, 0xFE, 0x11, 0x6C, 0x5A, 0xCE, 0x8D, 0xE9, 0x22, 0xB7, 0xC1, 0x5C,
    0xF8, 0x07, 0x61, 0x07, 0x84, 0x5B, 0x4C, 0x31, 0x93, 0x6F, 0x8B, 0x73, 0x71, 0x02, 0x43, 0x91,
    0xDF, 0x2B, 0x9A, 0xAF, 0xFF, 0x66, 0x9E, 0xF3, 0xDF, 0x2D, 0xC6, 0xEB, 0xC6, 0x74, 0xF9, 0x8A,
    0x60, 0x44, 0x93, 0x1D, 0xC1, 0xC4, 0x61, 0x7C, 0x36, 0xE2, 0xFA, 0xA2, 0x8D, 0x6B, 0x52, 0x88,
    0x10, 0x08, 0x01, 0x83, 0x01, 0x6D, 0x1D, 0xA7, 0x82, 0x3F, 0x83, 0x9D, 0x8D, 0x0A, 0x0A, 0x95,
    0x0C, 0x0A, 0xA9, 0x5B, 0x59, 0x3D, 0x67, 0x00, 0xE6, 0x44, 0x08, 0xA4, 0x77, 0x07, 0xD0, 0x10,
    0xEE, 0xD6, 0x64, 0x13, 0xCE, 0x70, 0x01, 0x7B, 0x0F, 0xFE, 0x1F, 0x87, 0x07, 0xFB, 0x68, 0x16,
    0xEC, 0x88, 0xD5, 0x70, 0x10, 0x52, 0xC5, 0x72, 0xCA, 0xDE, 0x83, 0x6F, 0x05, 0x40, 0x73, 0x70,
    0x07, 0xFC, 0xDC, 0x79, 0xF6, 0x1E, 0xBC, 0x9B, 0x52, 0xD9, 0x3F, 0x7A, 0x55, 0xE5, 0xDB, 0x3F,
    0x9B, 0xA5, 0x2F, 0xFF, 0xB9, 0x93, 0xD0, 0xCB, 0x91, 0x52, 0xD9, 0xC1, 0xCF, 0x8E, 0x4A, 0xEF,
    0xD9, 0x93, 0x4A, 0x65, 0x9F, 0x50, 0x26, 0x8A, 0xD6, 0x8D, 0x73, 0x83, 0x97, 0x2B, 0xFC, 0xCA,
    0x6D, 0xD4, 0x25, 0xD2, 0x11, 0x06, 0xC3, 0x10, 0xB0, 0x13, 0xC2, 0x0D, 0xA2, 0x19, 0xCA, 0xF3,
    0x03, 0xAD, 0x21, 0x35, 0xCD, 0x1F, 0x93, 0x83, 0x6D, 0x59, 0xC2, 0x74, 0x6B, 0xF3, 0x3F, 0x1B,
    0x3E, 0xF9, 0x9A, 0xC2, 0x2F, 0x64, 0x54, 0x78, 0x77, 0xA9, 0x47, 0x58, 0x6F, 0xEA, 0x11, 0x36,
    0x7B, 0xF5, 0x08, 0x7D, 0x67, 0xA0, 0xF8, 0x03, 0xC0, 0x27, 0x84, 0xD2, 0x79, 0xDA, 0x35, 0xD8,
    0x53, 0xD4, 0xC1, 0x36, 0x93, 0x68, 0x02, 0x32, 0x7E, 0x10, 0xC5, 0xA3, 0x06, 0xB3, 0xA4, 0x5C,
    0xB3, 0x08, 0x70, 0x8E, 0xE9, 0xD0, 0xDE, 0xD6, 0x99, 0x97, 0x14, 0x75, 0xED, 0xFF, 0x0C, 0x7F,
    0xA8, 0x62, 0xB1, 0x39, 0x5B, 0x3D, 0x2B, 0x0D, 0xF0, 0x6D, 0x62, 0x26, 0x68, 0x36, 0x76, 0x68,
    0xBE, 0xAE, 0x85, 0x25, 0x76, 0x35, 0x95, 0xD6, 0x4B, 0xB5, 0x71, 0xD8, 0x02, 0xFD, 0xC5, 0x64,
    0xB4, 0xAD, 0x88, 0xC4, 0xF5, 0x6F, 0xCE, 0xC9, 0x43, 0x80, 0x99, 0x6B, 0x63, 0x0A, 0xDE, 0x26,
    0xBC, 0xAA, 0x19, 0xE6, 0xC6, 0x2D, 0x7F, 0xD6, 0xCA, 0x4A, 0x34, 0x27, 0xE0, 0x6D, 0xCC, 0xD4,
    0x63, 0x3A, 0x43, 0xAF, 0x89, 0x85, 0x39, 0x76, 0x34, 0x29, 0x3E, 0x8F, 0x52, 0x04, 0x15, 0x6B,
    0x14, 0x54, 0xCF, 0x2A, 0xD4, 0xD5, 0xCF, 0x00, 0x3C, 0xFC, 0x3A, 0x22, 0x98, 0xA7, 0xE4, 0x5F,
    0x0F, 0x0F, 0xF9, 0x90, 0x71, 0x77, 0xD9, 0x0A, 0xAA, 0xB7, 0x47, 0x79, 0xDC, 0x31, 0x97, 0xEE,
    0x19, 0x1E, 0x84, 0x6F, 0x70, 0xBE, 0xCB, 0xD0, 0xC9, 0x35, 0x32, 0xE5, 0x6C, 0x0D, 0x48, 0x4F,
    0x0D, 0xA4, 0xD4, 0x80, 0x52, 0x68, 0x00, 0xBF, 0xEC, 0x34, 0x40, 0x6C, 0x56, 0x0D, 0x00, 0xEF,
    0x91, 0x06, 0x7C, 0xA7, 0x81, 0x74, 0xD6, 0x40, 0xBE, 0x7A, 0xBA, 0x0C, 0x2D, 0xE5, 0xCC, 0x49,
    0xD8, 0x44, 0x83, 0xA7, 0x96, 0x18, 0x37, 0xE7, 0xF0, 0x05, 0x9C, 0xAC, 0xB9, 0xE2, 0xC2, 0x35,
    0xC7, 0x0E, 0x38, 0x49, 0x73, 0xD3, 0xAA, 0x39, 0xC6, 0x14, 0xF1, 0xDC, 0x57, 0x9F, 0x7E, 0x78,
    0x46, 0x59, 0x43, 0x07, 0xBE, 0xE5, 0x68, 0xE7, 0x1C, 0x3B, 0xB9, 0x8B, 0xEC, 0xBD, 0xD0, 0x7F,
    0xA1, 0x74, 0xCB, 0x6F, 0xA8, 0x9D, 0x31, 0xBF, 0x34, 0x3F, 0xB8, 0xCB, 0xB8, 0x25, 0xAB, 0xEA,
    0xD8, 0x3A, 0xD6, 0x64, 0x8E, 0x65, 0x54, 0x13, 0x6F, 0x19, 0x92, 0xE3, 0x49, 0x74, 0x19, 0x1E,
    0x11, 0xAD, 0x48, 0x4B, 0xF6, 0x3B, 0x11, 0xBB, 0xDB, 0x9D, 0xE3, 0xC3, 0x98, 0xF0, 0x94, 0x46,
    0x6A, 0xED, 0xAF, 0xB8, 0x33, 0xAC, 0xC8, 0xAB, 0xD2, 0xC4, 0x56, 0x19, 0xF6, 0xC1, 0xEE, 0x95,
    0x71, 0xF9, 0xB2, 0x63, 0x3E, 0x17, 0xBB, 0x3B, 0x16, 0x5A, 0xBA, 0x84, 0xE0, 0x70, 0x83, 0xC5,
    0xA7, 0xEA, 0x32, 0xB0, 0xE4, 0x96, 0xDC, 0x92, 0xC6, 0x1D, 0xDE, 0xEC, 0x66, 0x53, 0xC6, 0x0C,
    0x1F, 0x7D, 0x95, 0xFA, 0xB0, 0x70, 0xBA, 0x41, 0x7B, 0x3B, 0x26, 0xCC, 0x05, 0xA2, 0xE3, 0x8D,
    0x89, 0xD8, 0x11, 0xE7, 0x4B, 0xEA, 0x7C, 0xC3, 0x1A, 0x15, 0x47, 0x80, 0x69, 0xC5, 0xE0, 0x6A,
    0x07, 0x7B, 0xD2, 0x29, 0xA3, 0x8B, 0x17, 0x7A, 0x17, 0x4D, 0x64, 0xF1, 0x50, 0x6F, 0xB9, 0x16,
    0xC9, 0x59, 0x5A, 0x79, 0xC0, 0x2B, 0x62, 0x91, 0xE0, 0xEC, 0xA1, 0xAA, 0x28, 0x0E, 0x39, 0x18,
    0x40, 0x12, 0x3B, 0x93, 0x2E, 0x22, 0x89, 0xE9, 0xF8, 0x5D, 0x43, 0xA5, 0x8F, 0x06, 0x4B, 0x3F,
    0xD8, 0x1B, 0xAB, 0x7D, 0x40, 0x71, 0x2C, 0xB7, 0x4E, 0x88, 0x2A, 0xAC, 0x23, 0x69, 0x14, 0x3C,
    0xB1, 0x9B, 0x58, 0x87, 0x09, 0x90, 0x2C, 0x21, 0x0F, 0x84, 0x52, 0x21, 0x92, 0xDA, 0xC1, 0x1A,
    0x55, 0x58, 0x3A, 0x88, 0x4F, 0x8A, 0x2A, 0xD4, 0x1E, 0x29, 0xEE, 0x1C, 0x55, 0x18, 0x1C, 0x1D,
    0xBB, 0xBD, 0x9C, 0x41, 0x2D, 0x2A, 0x65, 0x44, 0x48, 0xCB, 0x08, 0x0F, 0xFE, 0x8B, 0x74, 0xE0,
    0xD3, 0x7F, 0x0F, 0xF7, 0xBD, 0xCA, 0x41, 0xA5, 0x4C, 0xE5, 0x12, 0x4F, 0x78, 0xBB, 0x72, 0x1B,
    0x6B, 0x34, 0x74, 0x2C, 0xA8, 0x2C, 0x7A, 0x06, 0x06, 0x50, 0x72, 0x03, 0x60, 0xBD, 0xBB, 0x93,
    0xA9, 0x10, 0xA1, 0xE4, 0x33, 0x01, 0x87, 0x8B, 0x47, 0x83, 0xDF, 0xB0, 0x6C, 0x99, 0x3E, 0x1E,
    0x12, 0x1C, 0x78, 0xDA, 0xA1, 0x3B, 0xA6, 0x2B, 0x58, 0x0F, 0x31, 0x06, 0x01, 0xCA, 0xD6, 0x36,
    0xCC, 0xF0, 0x65, 0x85, 0x6F, 0x19, 0x5F, 0x55, 0x6D, 0x00, 0xD3, 0x31, 0xE8, 0xF6, 0x21, 0x70,
    0x60, 0xCF, 0x0B, 0x21, 0x21, 0x6A, 0x01, 0xB1, 0x83, 0x06, 0x90, 0xD5, 0x80, 0x0A, 0xF0, 0x86,
    0x94, 0x0A, 0x34, 0x0A, 0xEF, 0xC0, 0x20, 0xDC, 0x82, 0x81, 0x60, 0x45, 0xA7, 0x30, 0x71, 0x7F,
    0x80, 0x1B, 0xFB, 0x26, 0x53, 0x8F, 0x10, 0xF4, 0x84, 0x0E, 0x10, 0x59, 0x40, 0x4C, 0x48, 0xDA,
    0xFB, 0x60, 0xEB, 0xB6, 0x81, 0x41, 0x52, 0xEB, 0x33, 0x21, 0x84, 0x8C, 0x21, 0x79, 0x84, 0x59,
    0x4D, 0xF9, 0x40, 0x47, 0x02, 0x30, 0xBC, 0x04, 0xA8, 0xC7, 0xBF, 0x8F, 0xDA, 0x36, 0xE8, 0x33,
    0x53, 0xD8, 0x24, 0x7A, 0xDB, 0x32, 0xE5, 0x29, 0x9E, 0x14, 0xAD, 0xDB, 0x20, 0x61, 0xE4, 0xEC,
    0x23, 0x5E, 0x4B, 0xEB, 0xDD, 0xDA, 0xEE, 0x64, 0xB1, 0xBA, 0x96, 0x5B, 0x07, 0x18, 0xC3, 0x47,
    0xFA, 0x7D, 0x7B, 0x40, 0x71, 0x1A, 0xE8, 0x6E, 0xDA, 0x0A, 0x22, 0x32, 0x03, 0x5F, 0x3B, 0x17,
    0x84, 0xD2, 0x29, 0x14, 0x22, 0x2B, 0xF0, 0x78, 0x3A, 0x40, 0xE5, 0xC0, 0x22, 0x63, 0x5C, 0x2C,
    0xF4, 0x8E, 0xE8, 0xEC, 0x1E, 0x5E, 0xD0, 0x60, 0x0A, 0x69, 0x98, 0x99, 0x9D, 0x5B, 0xDD, 0x72,
    0x66, 0x27, 0x5D, 0x00, 0x4F, 0x3D, 0x2C, 0xA1, 0x20, 0x26, 0x76, 0x98, 0x94, 0xC4, 0x2C, 0xDF,
    0x5A, 0x9A, 0xC4, 0xE1, 0xB4, 0x4D, 0xC0, 0x0F, 0x88, 0xF7, 0xC9, 0xAE, 0x82, 0x35, 0x61, 0x9B,
    0x58, 0x94, 0x13, 0x20, 0x4D, 0x75, 0x66, 0x7E, 0xD1, 0x83, 0x6C, 0x3A, 0x8A, 0x88, 0x2C, 0x79,
    0xC1, 0x61, 0x35, 0xDF, 0x60, 0xBE, 0x51, 0x58, 0xD0, 0x3B, 0xB4, 0x77, 0xC0, 0x96, 0x78, 0xBF,
    0x98, 0x8E, 0xEA, 0x3D, 0xE0, 0xA1, 0x55, 0x39, 0xC1, 0x99, 0xCC, 0x37, 0x70, 0x63, 0x03, 0xD7,
    0x71, 0x17, 0x0F, 0x9C, 0x2F, 0x88, 0x30, 0xB0, 0xDF, 0x3E, 0x2F, 0xA2, 0x83, 0xD9, 0x98, 0x07,
    0x24, 0x9D, 0xF1, 0xF1, 0xB4, 0x53, 0xA2, 0xCA, 0xC8, 0xAA, 0x8E, 0xE5, 0x65, 0x0F, 0x94, 0xFC,
    0x97, 0x34, 0xE6, 0xAA, 0x92, 0x4E, 0xDD, 0x1E, 0x33, 0xE9, 0x41, 0xAA, 0xDE, 0xEB, 0x40, 0xD4,
    0xFF, 0x31, 0x93, 0x16, 0x24, 0x99, 0xC2, 0x06, 0x44, 0x1D, 0x21, 0x33, 0x29, 0x41, 0x42, 0xF9,
    0x87, 0x1C, 0x44, 0x7F, 0xDF, 0x91, 0x89, 0xC4, 0x93, 0x91, 0xC4, 0xC8, 0x30, 0x93, 0xDE, 0x91,
    0xA2, 0x03, 0xE9, 0x4D, 0x66, 0x71, 0x59, 0x8D, 0x26, 0xB5, 0x1E, 0xA6, 0x10, 0x6D, 0xD2, 0x24,
    0x22, 0xBD, 0xE8, 0x4C, 0x87, 0x2B, 0xB3, 0x55, 0xA3, 0x1B, 0x12, 0xB5, 0x8E, 0xC4, 0xCD, 0xD1,
    0x74, 0xDD, 0xCC, 0x11, 0x3A, 0x17, 0xD9, 0xCD, 0xF7, 0xF9, 0x36, 0xA7, 0xD3, 0x0E, 0x33, 0x45,
    0xC3, 0x36, 0x6C, 0xD1, 0x3F, 0x72, 0xE1, 0x87, 0x96, 0x18, 0x13, 0x97, 0xF9, 0x48, 0xDA, 0xDC,
    0xDB, 0x25, 0xE1, 0x47, 0xCD, 0x9F, 0xB9, 0x21, 0x29, 0xA3, 0x1D, 0x70, 0x4E, 0x71, 0xCE, 0x45,
    0xD1, 0xF0, 0xFE, 0x65, 0x51, 0x02, 0xB4, 0x43, 0xB3, 0x69, 0xDE, 0x31, 0x53, 0x81, 0x05, 0x46,
    0x0E, 0x63, 0xE9, 0x81, 0x49, 0x35, 0x00, 0xD3, 0x94, 0x98, 0xC5, 0x13, 0xF0, 0xA5, 0x58, 0x80,
    0x43, 0x24, 0x39, 0x30, 0xA4, 0x3D, 0xB2, 0x77, 0x9B, 0xEA, 0xA9, 0xD1, 0x0B, 0xE8, 0x89, 0xE5,
    0x35, 0x03, 0x8C, 0x1B, 0xDA, 0x1E, 0x12, 0x59, 0x2A, 0x40, 0x13, 0x0F, 0x0F, 0xE1, 0x13, 0xAB,
    0xF4, 0x25, 0x8E, 0xB4, 0xB1, 0x22, 0xEB, 0x05, 0x42, 0x0B, 0x3A, 0x62, 0x05, 0x03, 0x8F, 0x38,
    0xD6, 0xBF, 0xA3, 0x3F, 0x2C, 0xCE, 0x74, 0x46, 0x26, 0xF8, 0x7B, 0xA3, 0x0E, 0xDF, 0xC1, 0xA4,
    0xC6, 0x24, 0x94, 0x44, 0x76, 0xDD, 0xC1, 0xF8, 0x84, 0x4D, 0x57, 0x3C, 0x06, 0xFB, 0x1F, 0xB4,
    0xCF, 0x9A, 0x8B, 0xA8, 0x3C, 0xA5, 0x91, 0x28, 0xDA, 0xE3, 0xAC, 0xB5, 0x7D, 0x1D, 0xD2, 0xEC,
    0xC9, 0x4F, 0xB1, 0x5E, 0x91, 0xCA, 0x58, 0x5E, 0x63, 0x2D, 0x14, 0x95, 0x78, 0x7F, 0xD1, 0xEF,
    0x4B, 0x0F, 0x7F, 0xD7, 0xDE, 0x4D, 0xE5, 0x4D, 0xD4, 0x38, 0x1D, 0xB5, 0x22, 0x96, 0x74, 0x3B,
    0x69, 0x9E, 0x9C, 0xD3, 0xB4, 0x9F, 0x00, 0x8A, 0x11, 0xE2, 0x2B, 0x92, 0x6F, 0xF0, 0xF3, 0xC2,
    0x14, 0x0F, 0x16, 0x67, 0x60, 0x7B, 0xF8, 0x75, 0xC9, 0x6E, 0xA9, 0x72, 0xFD, 0xAC, 0xFC, 0x50,
    0x0F, 0x4D, 0x7E, 0x84, 0x45, 0x4F, 0x29, 0xF0, 0x60, 0x7E, 0xD5, 0xB0, 0xDD, 0x57, 0xBA, 0xE4,
    0x5A, 0xAC, 0x5F, 0xD8, 0xA0, 0xEC, 0xB2, 0x4C, 0xD7, 0xDE, 0x1C, 0xA8, 0x82, 0xD1, 0x3D, 0x4B,
    0x33, 0xDD, 0xB9, 0x05, 0xEC, 0xEA, 0x8E, 0x19, 0xB0, 0x61, 0x66, 0x7E, 0xA7, 0x8C, 0xA3, 0xEE,
    0xCC, 0xA2, 0x66, 0x66, 0x71, 0x3D, 0xB3, 0x34, 0x9F, 0x59, 0xB6, 0xD4, 0xA3, 0x19, 0x17, 0x36,
    0x18, 0xF7, 0x6A, 0xD0, 0x91, 0xB1, 0x63, 0xC8, 0xE2, 0x85, 0x25, 0xBB, 0x2A, 0xDE, 0x64, 0xD9,
    0x1A, 0xEE, 0x42, 0x96, 0x1A, 0x33, 0x90, 0x65, 0xC6, 0x5F, 0x58, 0xD0, 0x93, 0x55, 0x28, 0x3F,
    0x57, 0x4D, 0x87, 0x5F, 0x12, 0x23, 0xD2, 0xC0, 0xCB, 0xA1, 0xAC, 0x25, 0x53, 0x8D, 0xE4, 0xD8,
    0x83, 0x4B, 0xA4, 0xCF, 0x44, 0x67, 0xD9, 0x68, 0xD0, 0x8B, 0x04, 0x52, 0xAA, 0x66, 0x06, 0x23,
    0x8D, 0xEA, 0x46, 0xBB, 0xD8, 0xDB, 0x69, 0xA7, 0x83, 0x52, 0x54, 0x54, 0x33, 0x76, 0xAA, 0x23,
    0x6E, 0x15, 0x46, 0xDC, 0xE9, 0x49, 0x3D, 0xA0, 0xCF, 0x51, 0x53, 0xC6, 0xE9, 0xCA, 0x40, 0x4F,
    0x1D, 0x51, 0xFB, 0x3D, 0x57, 0x8D, 0xE9, 0x6A, 0x5A, 0x75, 0x26, 0x26, 0x6A, 0x77, 0x5A, 0xFB,
    0xAD, 0x06, 0x2B, 0xC5, 0x22, 0xAF, 0x08, 0xB6, 0x2D, 0x1E, 0x39, 0x24, 0x3C, 0x99, 0x73, 0x50,
    0xB8, 0x04, 0x33, 0x1B, 0x4D, 0x6C, 0x55, 0x9D, 0xD8, 0xD9, 0xB4, 0x96, 0xB9, 0xDA, 0x54, 0xB2,
    0x35, 0xA7, 0x71, 0xC6, 0x4D, 0x89, 0x4C, 0xCC, 0x93, 0x13, 0x52, 0x29, 0xEF, 0x90, 0x4B, 0xDE,
    0x53, 0x9E, 0x3B, 0x09, 0xD5, 0x63, 0xD1, 0x01, 0xC8, 0xC0, 0xC9, 0x50, 0x6E, 0x1E, 0x5E, 0xB1,
    0xA2, 0xCD, 0x49, 0x8C, 0x87, 0x18, 0x0E, 0x31, 0x1A, 0x72, 0x30, 0x3C, 0x69, 0x47, 0x64, 0xA8,
    0x29, 0x93, 0x81, 0x69, 0x08, 0x81, 0xBC, 0x8C, 0xE8, 0xB0, 0xCA, 0x26, 0xD8, 0x0D, 0x4F, 0x63,
    0xEB, 0x54, 0x0C, 0x14, 0xD8, 0xAF, 0x13, 0x62, 0xDC, 0xED, 0x86, 0xB7, 0x89, 0x0E, 0xA3, 0x15,
    0xE3, 0xF1, 0x58, 0xB0, 0x1B, 0x5E, 0x19, 0x58, 0xAD, 0x4E, 0x65, 0xE9, 0x1C, 0x4A, 0x64, 0xDA,
    0x6C, 0x9D, 0x9D, 0xEE, 0x65, 0xAA, 0xE1, 0x4E, 0xC9, 0x90, 0x1B, 0x78, 0x80, 0xD8, 0x89, 0xC7,
    0x69, 0xBD, 0x5E, 0x37, 0xC4, 0xEB, 0xD6, 0xD2, 0x91, 0xC5, 0x26, 0x7A, 0xEE, 0xDA, 0xAE, 0x55,
    0x83, 0x68, 0x1B, 0x21, 0x07, 0x7D, 0x6F, 0x06, 0xA9, 0xC5, 0xED, 0x54, 0x56, 0x3D, 0x6B, 0xDA,
    0xCD, 0x25, 0xED, 0xC4, 0x66, 0xCC, 0xFF, 0x9C, 0x5C, 0x3D, 0xBB, 0x48, 0xF4, 0xE7, 0x8A, 0x71,
    0x5B, 0x25, 0x8E, 0xBA, 0x5E, 0x33, 0xCF, 0x50, 0x32, 0xF3, 0xE6, 0x15, 0x29, 0xB1, 0x7B, 0xD0,
    0xA7, 0x39, 0x80, 0x50, 0x54, 0xDD, 0x1A, 0x2D, 0xB7, 0xCB, 0xED, 0x96, 0xA1, 0x12, 0xA1, 0xE8,
    0xB1, 0x47, 0x64, 0xD1, 0x73, 0x5B, 0xC1, 0x4A, 0x7F, 0x59, 0xF7, 0x77, 0xF4, 0xF4, 0x77, 0xBF,
    0x80, 0xCA, 0xE9, 0x13, 0x1D, 0x50, 0x5C, 0x2F, 0x3E, 0x82, 0xAA, 0x1D, 0x45, 0xA9, 0x13, 0x27,
    0x24, 0xD4, 0x39, 0x59, 0xD5, 0x52, 0xB2, 0x46, 0x06, 0xDB, 0x83, 0xD6, 0x8B, 0x8F, 0x9B, 0xE7,
    0x8C, 0x3F, 0x06, 0x6A, 0x98, 0x0D, 0x27, 0x27, 0x26, 0xAD, 0x45, 0xF1, 0x03, 0x96, 0xC8, 0x62,
    0xBB, 0xD7, 0xBD, 0xBD, 0x03, 0xE3, 0x99, 0x79, 0x2A, 0x97, 0x36, 0x64, 0x99, 0xCD, 0xDA, 0x85,
    0x59, 0xB2, 0x74, 0xF9, 0x5B, 0x54, 0x46, 0xAB, 0x45, 0xFD, 0x2C, 0xD3, 0xFA, 0x9F, 0x4C, 0xEB,
    0x26, 0x37, 0xEC, 0xAA, 0xB0, 0x8F, 0x9C, 0x35, 0x6F, 0x70, 0x8E, 0x96, 0x18, 0x84, 0x7F, 0x71,
    0x59, 0x87, 0xAD, 0xBF, 0xAE, 0x1A, 0x1F, 0x1A, 0xD3, 0xFA, 0x5D, 0xDF, 0xD0, 0x95, 0x4C, 0xF3,
    0x36, 0xE9, 0x99, 0x7C, 0xC7, 0x6D, 0x7A, 0x38, 0xEA, 0xE3, 0x50, 0xCF, 0xB4, 0x51, 0x25, 0x65,
    0x30, 0x94, 0x3F, 0x06, 0xB9, 0xC4, 0xEC, 0x67, 0x4B, 0x02, 0xAF, 0xF7, 0x25, 0xA9, 0xE7, 0xC8,
    0xCF, 0x90, 0xA1, 0xD8, 0x7F, 0xB3, 0x4D, 0xE0, 0xA5, 0x2C, 0x79, 0x19, 0x5C, 0x82, 0xCC, 0x20,
    0x19, 0x67, 0x43, 0x0B, 0xBC, 0xB4, 0x48, 0x25, 0x43, 0x82, 0x53, 0x32, 0x17, 0xE9, 0x98, 0x60,
    0xD7, 0xCA, 0xA9, 0x5A, 0xA8, 0x15, 0x9A, 0x84, 0xA0, 0x2A, 0xB7, 0x6A, 0xA4, 0xCB, 0x2F, 0xE2,
    0xD9, 0xE8, 0xB5, 0xA4, 0x41, 0xF9, 0xFA, 0x08, 0x36, 0x45, 0x19, 0x49, 0x9E, 0xE4, 0x7B, 0x75,
    0xF9, 0x07, 0x63, 0x9E, 0x54, 0xAD, 0x64, 0x92, 0xAB, 0x60, 0x31, 0x33, 0xA6, 0x1A, 0xB3, 0xCE,
    0xA9, 0x8A, 0x4A, 0x85, 0xE4, 0x7A, 0x94, 0x4D, 0x22, 0xF8, 0x52, 0x7C, 0x3D, 0x92, 0x0C, 0x94,
    0x39, 0x2B, 0xF3, 0x38, 0x4B, 0xFE, 0xE5, 0xBD, 0xC3, 0xCB, 0x56, 0xAD, 0x55, 0x69, 0xAD, 0x41,
    0xAD, 0x95, 0xD9, 0x49, 0xDE, 0x60, 0x91, 0xBB, 0xB9, 0x16, 0x63, 0x80, 0x3F, 0xB9, 0x7D, 0xA0,
    0x73, 0x48, 0xE6, 0xE6, 0x71, 0xF2, 0x26, 0xAE, 0x26, 0x20, 0x8F, 0xC9, 0x67, 0xFA, 0x73, 0x79,
    0xDE, 0xF4, 0x67, 0xD7, 0x7B, 0x8F, 0x7E, 0x9F, 0xB7, 0x84, 0x3B, 0xD8, 0x45, 0xF4, 0x2A, 0x6C,
    0xAC, 0x0E, 0x58, 0x2D, 0x77, 0x9B, 0xC7, 0xA5, 0x37, 0x9A, 0x47, 0x69, 0x05, 0x8F, 0xDB, 0x39,
    0x54, 0x17, 0x7E, 0x8B, 0x71, 0xAE, 0x82, 0x14, 0x41, 0xBB, 0x4F, 0x31, 0x20, 0xA3, 0x3B, 0xF6,
    0x1C, 0xD6, 0x23, 0x70, 0x02, 0x17, 0x7E, 0x3A, 0x64, 0xB5, 0xC9, 0x20, 0x3A, 0x64, 0xF1, 0xA7,
    0xE3, 0x53, 0x70, 0xA8, 0x62, 0xC4, 0xE6, 0x16, 0xB5, 0xFA, 0x66, 0x45, 0xD9, 0xE0, 0x93, 0x87,
    0x87, 0x0F, 0x6F, 0xAD, 0xA5, 0x9A, 0x48, 0x23, 0xAA, 0xA5, 0xF2, 0xBB, 0x15, 0xBC, 0xDD, 0x54,
    0xF3, 0xFE, 0x2E, 0x8B, 0xC4, 0x21, 0x66, 0x1E, 0x64, 0x38, 0xC0, 0xEC, 0x23, 0x87, 0x9A, 0xED,
    0x60, 0xF3, 0xF0, 0x6B, 0x53, 0x8D, 0x83, 0x39, 0x6C, 0x97, 0x61, 0x8F, 0xFD, 0xA9, 0xE3, 0x61,
    0x85, 0x70, 0x88, 0x14, 0xBC, 0x75, 0xB0, 0xBA, 0xBF, 0x55, 0xCC, 0x07, 0x29, 0x1F, 0xA3, 0x1C,
    0x6C, 0x09, 0xEB, 0x03, 0x74, 0x1D, 0x77, 0x2F, 0x7C, 0xD3, 0x07, 0x40, 0xB3, 0x81, 0x56, 0x3A,
    0x42, 0xBF, 0xC2, 0xDD, 0x6D, 0xFA, 0x90, 0x9B, 0xF4, 0x7C, 0x9B, 0x3E, 0x1C, 0x79, 0x80, 0x96,
    0x47, 0x1F, 0xA0, 0x9F, 0x31, 0xDB, 0x36, 0x6F, 0x12, 0x31, 0xCD, 0xD5, 0x05, 0x50, 0x87, 0x9C,
    0x25, 0xC8, 0x59, 0x7D, 0x9C, 0xE7, 0xBD, 0x95, 0xBD, 0x4A, 0x56, 0x16, 0xA7, 0xCC, 0xFA, 0x23,
    0xEF, 0x61, 0x2D, 0x71, 0x96, 0x11, 0xE7, 0x1F, 0xD1, 0x39, 0x2E, 0x1A, 0x64, 0xB3, 0x49, 0xC4,
    0x07, 0xD9, 0xFD, 0x68, 0x2D, 0xE1, 0x7D, 0x74, 0xBF, 0xB8, 0xEE, 0x37, 0xE7, 0xED, 0xFE, 0xF7,
    0xD7, 0x9D, 0x3B, 0x83, 0x07, 0xD3, 0xD0, 0x25, 0xA7, 0xCC, 0x86, 0xF7, 0xDF, 0x9D, 0x77, 0x7F,
    0xF9, 0x3F, 0xB8, 0xFD, 0x7F, 0xF1, 0x97, 0xFF, 0xBD, 0xD7, 0xD7, 0x7A, 0xCC, 0xE6, 0xD8, 0x31,
    0xE7, 0x27, 0x1D, 0x73, 0xC5, 0xC9, 0x0C, 0xB6, 0x01, 0x97, 0xBF, 0x10, 0xAB, 0xB7, 0x63, 0xA6,
    0x69, 0x7E, 0xF8, 0x21, 0xC4, 0x7B, 0xA6, 0x48, 0x6B, 0xF5, 0x5F, 0x43, 0x9F, 0xA1, 0x9B, 0x37,
    0x35, 0x7F, 0x29, 0x03, 0x91, 0x45, 0x7A, 0x87, 0x5F, 0x5A, 0xFE, 0x4E, 0x09, 0x55, 0xF1, 0xB3,
    0x5E, 0x8E, 0x09, 0x65, 0x09, 0x35, 0xBB, 0x6D, 0xBE, 0x0C, 0x2C, 0x1E, 0xA8, 0x70, 0x04, 0x5F,
    0x75, 0x22, 0x2E, 0x22, 0xB5, 0x57, 0x5D, 0x60, 0xFE, 0x93, 0x7B, 0xB9, 0x89, 0x6D, 0x6C, 0x4D,
    0xDC, 0xA7, 0x3A, 0xF1, 0x55, 0xD1, 0x25, 0xD6, 0xF8, 0xCD, 0x63, 0xE5, 0x66, 0xCE, 0xFB, 0x2D,
    0xCE, 0xCD, 0x58, 0x3F, 0xBE, 0xC2, 0xB6, 0xF3, 0x75, 0xA4, 0x73, 0xDE, 0x50, 0xCA, 0x34, 0xC7,
    0x29, 0xEC, 0x09, 0x16, 0x3A, 0x70, 0xC2, 0x04, 0x14, 0xF5, 0x32, 0xE7, 0x2D, 0x2B, 0xEC, 0xD7,
    0x91, 0x33, 0x5F, 0xCF, 0x15, 0x43, 0x88, 0x30, 0x41, 0xFD, 0x30, 0x66, 0x26, 0x22, 0x3D, 0x61,
    0xD8, 0x83, 0x9D, 0x69, 0x66, 0xB3, 0xAD, 0x68, 0x25, 0x9D, 0x83, 0x2B, 0x72, 0xCB, 0x7C, 0x84,
    0x39, 0x45, 0x1E, 0x72, 0x8A, 0x60, 0x88, 0x94, 0x1E, 0x21, 0x0D, 0x32, 0xC0, 0xD3, 0x93, 0x4D,
    0xF0, 0xF3, 0xA4, 0x02, 0x17, 0x6F, 0x2C, 0x65, 0x52, 0x73, 0x99, 0x90, 0x33, 0xFD, 0x85, 0x5D,
    0x7A, 0x83, 0x29, 0x8D, 0x03, 0x13, 0x42, 0xFA, 0x4D, 0x16, 0xCC, 0x52, 0x79, 0x76, 0xAD, 0x29,
    0x1A, 0xC8, 0xA6, 0xD8, 0xD3, 0xA8, 0xE2, 0xA3, 0xD1, 0xC0, 0xF7, 0x77, 0x04, 0xBB, 0xF9, 0x98,
    0x2B, 0xF8, 0x00, 0xC9, 0x74, 0x53, 0x3C, 0x0E, 0x21, 0x55, 0x29, 0xFB, 0x83, 0x2D, 0x4F, 0x3D,
    0x15, 0xBB, 0x93, 0x89, 0xD8, 0x44, 0xDD, 0x49, 0xF8, 0x65, 0x16, 0xA6, 0x1A, 0x54, 0xFA, 0x70,
    0xF9, 0xEB, 0x09, 0x8A, 0x55, 0x59, 0xD9, 0x08, 0x3B, 0xF7, 0xC5, 0x28, 0xE3, 0x14, 0xEB, 0xF7,
    0x8F, 0x29, 0x6A, 0x22, 0x65, 0xF8, 0xFD, 0x03, 0x1C, 0xF5, 0x75, 0x9C, 0x2D, 0xC3, 0x3D, 0xBB,
    0xD5, 0x7C, 0x4C, 0x4F, 0x62, 0xD6, 0x40, 0xD6, 0xAB, 0xDB, 0x4B, 0xD6, 0xAD, 0x21, 0x42, 0x9E,
    0x5C, 0x3F, 0xF7, 0x08, 0xD7, 0x36, 0x46, 0x63, 0x87, 0x59, 0xFB, 0xF4, 0x71, 0xBC, 0xD5, 0xE7,
    0xDA, 0x3C, 0x90, 0x15, 0x7C, 0x09, 0xA6, 0x6D, 0x5D, 0xDE, 0x87, 0x4B, 0x9B, 0x8F, 0x62, 0x88,
    0xC8, 0x6A, 0xED, 0xB8, 0xA2, 0xAD, 0x28, 0x55, 0x17, 0x4D, 0xA1, 0xC7, 0x96, 0x7F, 0xDC, 0xB0,
    0x3D, 0xD0, 0xFA, 0x8D, 0x86, 0xD4, 0xA2, 0x8C, 0x6E, 0x81, 0xD7, 0x5A, 0x3A, 0xA0, 0x7F, 0x28,
    0xEB, 0xDE, 0x45, 0x41, 0x1F, 0x59, 0x04, 0x13, 0x3E, 0x9A, 0x3F, 0x5C, 0xFA, 0x35, 0xF2, 0x36,
    0xE2, 0xFD, 0xFE, 0x52, 0xCD, 0x93, 0x53, 0xAC, 0xE3, 0x7B, 0x9F, 0x5A, 0xEE, 0x4F, 0x34, 0x6F,
    0xD8, 0xF4, 0xA4, 0xF9, 0xE2, 0x83, 0xAD, 0x5F, 0xBA, 0xA8, 0x9C, 0x93, 0x8A, 0x6E, 0xAA, 0x72,
    0x83, 0x25, 0xDE, 0xCE, 0x27, 0xDE, 0xB1, 0x76, 0x01, 0xF9, 0x28, 0x27, 0xA2, 0x59, 0xB0, 0x23,
    0x56, 0x83, 0x71, 0xF9, 0x28, 0xEF, 0x9C, 0x92, 0x8F, 0xF2, 0xFA, 0x1C, 0xCB, 0x75, 0x3E, 0x3C,
    0x3B, 0x1F, 0x85, 0xCF, 0x49, 0x3E, 0x28, 0xF9, 0xA4, 0xE4, 0xA3, 0x92, 0xCF, 0xCA, 0x63, 0x0F,
    0x4B, 0x73, 0xFE, 0xFC, 0x95, 0xE3, 0xFF, 0xF9, 0x82, 0x0A, 0x85, 0x32, 0x55, 0x47, 0xF3, 0x57,
    0x4C, 0x70, 0x8A, 0xDC, 0xE6, 0xAF, 0xB0, 0x95, 0x94, 0xAC, 0xA7, 0x79, 0x72, 0x71, 0xD1, 0x08,
    0xF2, 0x31, 0x57, 0x5C, 0xF4, 0x03, 0x93, 0x6B, 0x65, 0xDB, 0x9A, 0x72, 0x75, 0xF0, 0x66, 0x90,
    0xF1, 0x9E, 0x8C, 0x8E, 0xC8, 0x6D, 0x8D, 0x1D, 0xE9, 0x20, 0x50, 0x1D, 0x53, 0xEF, 0x1A, 0x15,
    0xFE, 0x22, 0x58, 0x8F, 0xC5, 0x9C, 0x57, 0xF8, 0x27, 0x14, 0x23, 0xE5, 0x81, 0xF1, 0xB8, 0xD2,
    0xA5, 0x26, 0x6C, 0x7C, 0x82, 0x30, 0x4F, 0xB0, 0xCE, 0xF7, 0xEA, 0xE4, 0xF6, 0xE4, 0x95, 0x95,
    0xE4, 0x66, 0xF6, 0x73, 0x9F, 0xE9, 0xE8, 0x76, 0xEA, 0x95, 0x1E, 0x24, 0x16, 0x19, 0x90, 0x6E,
    0xE4, 0x55, 0x82, 0x32, 0x3A, 0x18, 0x00, 0x1D, 0x99, 0xEE, 0x96, 0xC8, 0x6F, 0x66, 0x22, 0xED,
    0x4C, 0x46, 0x92, 0x36, 0x95, 0x9C, 0x24, 0x94, 0x9A, 0x24, 0x90, 0x86, 0x44, 0x5F, 0x75, 0xC4,
    0x9E, 0x4E, 0xDA, 0xF5, 0x53, 0x8E, 0xD4, 0x24, 0x31, 0xBE, 0x39, 0x90, 0xDB, 0xA8, 0x4B, 0x94,
    0xD3, 0xBD, 0xC9, 0xAA, 0xBF, 0x53, 0xAE, 0xC4, 0x79, 0x4E, 0xB4, 0xA9, 0xF7, 0x44, 0x91, 0xCE,
    0x93, 0x0D, 0xA1, 0x27, 0x85, 0xD3, 0x85, 0x7F, 0xBC, 0x93, 0x0D, 0x5D, 0x4A, 0x15, 0x2B, 0xE1,
    0x36, 0x58, 0x8C, 0x8D, 0x53, 0x52, 0x93, 0xF8, 0xA7, 0x90, 0xDB, 0x5F, 0x74, 0x44, 0xA4, 0x9D,
    0xC9, 0x00, 0xA2, 0x1D, 0xE5, 0x48, 0x24, 0xCF, 0x90, 0x84, 0xF2, 0x0A, 0x49, 0x20, 0x3F, 0x9A,
    0xC9, 0x2B, 0x47, 0x5E, 0xC2, 0xC6, 0x5F, 0xC8, 0x52, 0x9A, 0x42, 0x69, 0x71, 0xE5, 0xF6, 0x3C,
    0x42, 0x46, 0x06, 0x3E, 0x10, 0xF5, 0x7F, 0x83, 0x63, 0x32, 0xE4, 0x5B, 0x9B, 0x75, 0x4F, 0x13,
    0x5E, 0xE7, 0xDF, 0x33, 0xF7, 0xA2, 0x5E, 0xB0, 0xA5, 0x70, 0x07, 0xB3, 0x8A, 0x10, 0xEF, 0x59,
    0x2B, 0x71, 0xE4, 0x3C, 0xA2, 0x3F, 0x46, 0x12, 0xFC, 0x78, 0xA1, 0x49, 0xF0, 0xE6, 0x60, 0x53,
    0x11, 0xF5, 0x2A, 0x61, 0xB3, 0xF3, 0xA0, 0xF4, 0x80, 0xCA, 0x55, 0x0B, 0x2F, 0x8F, 0x25, 0xC1,
    0xFF, 0x78, 0x4E, 0x82, 0xAF, 0x2F, 0x2C, 0x09, 0xBE, 0x65, 0x12, 0x7C, 0x7D, 0x17, 0x49, 0xF0,
    0x26, 0x3D, 0x09, 0x32, 0x4A, 0xD9, 0xFC, 0x62, 0x0F, 0xB8, 0xF4, 0xDA, 0x07, 0xA3, 0x3F, 0x78,
    0x83, 0x17, 0xB8, 0x78, 0xFD, 0x0D, 0x42, 0xD8, 0x57, 0x03, 0xB5, 0x40, 0x25, 0x50, 0x07, 0x54,
    0x01, 0x35, 0x40, 0x05, 0x20, 0xD4, 0x92, 0xBE, 0xBB, 0x86, 0x92, 0x1D, 0xC3, 0xBE, 0x67, 0xD7,
    0xB3, 0xE7, 0xD9, 0xF1, 0xEC, 0x77, 0x76, 0x3B, 0x7B, 0x9D, 0xBD, 0x4D, 0xF9, 0xDF, 0xED, 0x9C,
    0x3F, 0x8C, 0xE5, 0x56, 0xF5, 0xC7, 0x8F, 0xED, 0x9D, 0xF1, 0xEF, 0x17, 0x17, 0x4E, 0xB1, 0x08,
    0x91, 0x48, 0xB8, 0x1D, 0x2D, 0x22, 0xEE, 0x25, 0xB2, 0xB6, 0x48, 0x49, 0x33, 0xC5, 0x6E, 0x95,
    0x82, 0x02, 0x0A, 0x94, 0x26, 0x0D, 0x65, 0x58, 0x3B, 0x34, 0x54, 0x48, 0x53, 0x22, 0x51, 0x30,
    0xC5, 0x16, 0x90, 0x86, 0x16, 0xA4, 0xDD, 0xD8, 0x84, 0x5E, 0x32, 0x09, 0xA2, 0xC5, 0x08, 0xA2,
    0x14, 0x14, 0xDC, 0x24, 0x06, 0xBC, 0xE1, 0xDA, 0x87, 0x9C, 0xEF, 0xB9, 0x73, 0xDF, 0xBB, 0x64,
    0xA2, 0xCD, 0x48, 0x49, 0xF6, 0xBD, 0x79, 0x6B, 0xED, 0x3B, 0x5F, 0xAD, 0xFF, 0xDD, 0x3F, 0x9F,
    0x73, 0xEC, 0x73, 0xAF, 0xED, 0x21, 0x8A, 0xB8, 0x27, 0x59, 0x12, 0x1E, 0x9C, 0x1A, 0x68, 0xE6,
    0x34, 0xE7, 0x19, 0x5A, 0x74, 0x16, 0x5A, 0x96, 0xAA, 0x55, 0xBE, 0x42, 0xEF, 0xE5, 0x0C, 0xB5,
    0x19, 0xD7, 0xD0, 0x94, 0x5B, 0x22, 0x8A, 0xE7, 0x04, 0x27, 0x4E, 0x4C, 0xCC, 0x03, 0x34, 0xC2,
    0x09, 0xB3, 0x91, 0xA0, 0xF9, 0x40, 0x3C, 0xC9, 0x69, 0x99, 0xD9, 0xCA, 0xE9, 0x2E, 0xF4, 0xEE,
    0xDD, 0x46, 0x4E, 0xDC, 0xC9, 0x26, 0x22, 0x5A, 0x89, 0x50, 0x80, 0x95, 0x1A, 0xB5, 0x14, 0x5B,
    0xA2, 0x94, 0x7B, 0x4A, 0xAC, 0xD6, 0x38, 0xC7, 0xFA, 0x89, 0x98, 0x0D, 0x31, 0x73, 0x7D, 0xA1,
    0xF4, 0x89, 0x25, 0x5A, 0x55, 0x51, 0x3D, 0xB4, 0xAF, 0x0F, 0x34, 0xB9, 0x38, 0xE8, 0x97, 0xB0,
    0xC7, 0x6F, 0x9C, 0x11, 0x11, 0xF3, 0x2A, 0x47, 0x30, 0xB7, 0x94, 0x73, 0x2C, 0xE5, 0x2D, 0xC4,
    0x23, 0xA5, 0x16, 0x8D, 0x78, 0x00, 0x4B, 0x5B, 0xF6, 0x1B, 0x52, 0x7E, 0xC2, 0x62, 0x73, 0x3E,
    0x63, 0x43, 0xD5, 0x42, 0x62, 0xB1, 0x7F, 0x33, 0x6F, 0xDB, 0x08, 0xEB, 0xA5, 0xB7, 0x4B, 0xFE,
    0x35, 0xCF, 0x94, 0xF3, 0x52, 0x71, 0x9D, 0xF0, 0xF4, 0xB1, 0xA5, 0xAF, 0x84, 0x15, 0xF7, 0xD5,
    0xD6, 0xCA, 0xAA, 0xD5, 0x0A, 0xA3, 0xBA, 0x58, 0x02, 0x8A, 0x39, 0x4F, 0xAA, 0x2F, 0x59, 0x68,
    0x14, 0xAB, 0x52, 0x32, 0xAB, 0x96, 0x46, 0xB5, 0xAA, 0x55, 0x6F, 0xAB, 0xD0, 0x8B, 0x14, 0x2C,
    0xD7, 0xD4, 0x3B, 0xB4, 0x16, 0x05, 0x1B, 0xB1, 0xDF, 0x91, 0x92, 0xFE, 0x2F, 0x11, 0x4B, 0xA9,
    0x41, 0x2B, 0x46, 0xB1, 0x5A, 0xE3, 0x07, 0xB4, 0xB1, 0x3B, 0xE5, 0x19, 0x55, 0xAB, 0xDA, 0xA9,
    0x90, 0x55, 0x3E, 0xEF, 0x18, 0xE5, 0xF3, 0x01, 0x36, 0x97, 0x7F, 0x55, 0x1E, 0x4D, 0xCD, 0xC0,
    0x69, 0xA9, 0x54, 0xA0, 0x74, 0x10, 0x9C, 0x89, 0xE8, 0x16, 0x6C, 0x03, 0xBB, 0x10, 0xC5, 0xFC,
    0xF6, 0x24, 0x07, 0x7F, 0xD8, 0x13, 0x15, 0xFF, 0x46, 0x59, 0x2D, 0xCB, 0x26, 0x74, 0xCC, 0x29,
    0x1D, 0xD5, 0xBB, 0xC4, 0x79, 0xA1, 0x90, 0x71, 0xD9, 0xAA, 0xA6, 0xEF, 0x38, 0x4E, 0x3F, 0x77,
    0x7C, 0x8A, 0xFF, 0xE1, 0xBC, 0x1C, 0x14, 0xE7, 0x5F, 0x6D, 0x75, 0x92, 0x76, 0x51, 0xF6, 0x96,
    0xD4, 0x23, 0x7A, 0x4F, 0x4B, 0xDF, 0xE2, 0xBC, 0xEE, 0x22, 0x67, 0x90, 0xA9, 0x55, 0x0B, 0xAB,
    0xFA, 0xCD, 0x87, 0xAA, 0x74, 0x9B, 0xC2, 0xF8, 0x1E, 0x5D, 0x7C, 0x03, 0xE4, 0xD3, 0xF8, 0xD6,
    0xEA, 0xA3, 0xF6, 0x2F, 0xA0, 0xCB, 0x6E, 0x68, 0x87, 0x3D, 0x94, 0x58, 0x7F, 0x07, 0xB1, 0xFE,
    0xC1, 0x1E, 0xC4, 0x3A, 0x3A, 0x2D, 0x6E, 0xC1, 0x72, 0xCD, 0x00, 0x8B, 0x99, 0x45, 0xE3, 0xA9,
    0x51, 0xB6, 0xE7, 0xE9, 0x7C, 0xD9, 0xBD, 0xDE, 0x33, 0x2C, 0x0E, 0xDB, 0x17, 0x8E, 0xCF, 0x24,
    0x84, 0xAA, 0x25, 0xED, 0x5D, 0xD7, 0x45, 0x8F, 0x3A, 0xAE, 0x29, 0x32, 0xD9, 0xE2, 0x9B, 0xAE,
    0x35, 0x4B, 0xB5, 0x3E, 0x9F, 0xD5, 0x23, 0x92, 0x4F, 0xF1, 0x88, 0xE8, 0x0B, 0xF5, 0x88, 0x90,
    0xD4, 0xE8, 0xB3, 0xBA, 0x20, 0xEA, 0xA5, 0xF2, 0xBE, 0xFA, 0xDA, 0x80, 0x03, 0x8A, 0xFA, 0x0D,
    0xD6, 0x59, 0x35, 0xE7, 0x0B, 0xAD, 0x9D, 0x52, 0xA0, 0xD1, 0x7D, 0x15, 0xAD, 0x3D, 0x8F, 0xBE,
    0x4B, 0xB5, 0x43, 0x9B, 0xCB, 0x7D, 0x61, 0xEF, 0xC6, 0x02, 0xC9, 0xAC, 0x9A, 0x1A, 0xD5, 0xBC,
    0x57, 0x2D, 0x55, 0x1E, 0xDC, 0x2C, 0xA1, 0x15, 0x75, 0xAA, 0xBC, 0x04, 0xDE, 0x00, 0xA8, 0x07,
    0x74, 0x0F, 0x39, 0x3E, 0x47, 0xED, 0x8D, 0xCF, 0x1E, 0xF4, 0x96, 0x3B, 0x7F, 0xFF, 0x45, 0x9C,
    0xCD, 0x4A, 0x19, 0xAE, 0x64, 0xE3, 0x7B, 0x9C, 0xEE, 0xEC, 0xD8, 0x88, 0xA0, 0x18, 0x54, 0x33,
    0xA3, 0x1A, 0x4F, 0xE4, 0x70, 0x3B, 0xB9, 0xB1, 0x45, 0xFD, 0x29, 0xF5, 0x5B, 0x00, 0x5D, 0xF6,
    0x9B, 0x38, 0x89, 0x26, 0x50, 0x3F, 0xD9, 0x2B, 0xEA, 0xF4, 0xAC, 0x4A, 0xCC, 0x2D, 0x34, 0xF9,
    0x73, 0x0F, 0xA5, 0xD4, 0x69, 0xE1, 0xF4, 0xB6, 0xCA, 0x83, 0x93, 0xA7, 0x5E, 0xF0, 0x89, 0x3B,
    0x49, 0xA2, 0x57, 0xD5, 0x7F, 0xA0, 0x46, 0x7A, 0xB1, 0x2C, 0xD0, 0x9D, 0x6F, 0x8A, 0x99, 0x7F,
    0xB8, 0x57, 0x1E, 0x71, 0x3C, 0x3E, 0x03, 0x2D, 0x97, 0xA2, 0x56, 0xC2, 0xAC, 0xF9, 0x70, 0xA9,
    0xA4, 0x7F, 0x10, 0x4F, 0x01, 0xD9, 0x17, 0xE9, 0x05, 0x68, 0x45, 0xF7, 0xA0, 0x25, 0x5B, 0x9F,
    0x6B, 0x1C, 0xA0, 0x47, 0x1C, 0xD7, 0x37, 0xE4, 0x6C, 0x73, 0x05, 0xDA, 0x72, 0xC6, 0x05, 0x0D,
    0x98, 0xDC, 0x75, 0x55, 0x6F, 0xB3, 0x27, 0x24, 0x24, 0x51, 0xEE, 0xDF, 0x67, 0x74, 0x9A, 0xD9,
    0x4C, 0x2D, 0xDE, 0x24, 0xDA, 0x9D, 0x2C, 0x12, 0xD5, 0x7D, 0x4E, 0x3D, 0x80, 0x2A, 0x68, 0xF3,
    0x3A, 0x5F, 0x1A, 0xFB, 0x48, 0x88, 0xB4, 0x01, 0x8F, 0x27, 0xFD, 0x74, 0x86, 0xF8, 0x9C, 0x6E,
    0x11, 0xD1, 0x8C, 0xB0, 0x59, 0xBF, 0xBD, 0x5C, 0x7E, 0x75, 0x40, 0x57, 0xEE, 0x61, 0x16, 0xC9,
    0xB2, 0xF4, 0x6A, 0x5F, 0xE6, 0x8F, 0xDE, 0xE0, 0x3E, 0xE6, 0x91, 0x0A, 0xD8, 0xFC, 0x13, 0x96,
    0xE8, 0xD3, 0x2D, 0xF3, 0xEC, 0x2D, 0xD6, 0x3C, 0xD6, 0x46, 0x93, 0xD8, 0x18, 0x36, 0x71, 0x36,
    0xE5, 0x77, 0xEF, 0xBE, 0x6A, 0x58, 0x16, 0x67, 0x29, 0x58, 0xCA, 0x33, 0xB1, 0xDD, 0x24, 0x96,
    0xE7, 0x8D, 0x6D, 0xB0, 0xDF, 0x73, 0xD2, 0xD2, 0xE8, 0x8D, 0x5A, 0xE0, 0x58, 0x8A, 0x04, 0x7F,
    0xC2, 0xAF, 0xF3, 0x90, 0xAF, 0xD4, 0x99, 0xC2, 0x52, 0x33, 0x55, 0x96, 0xAA, 0x59, 0x8C, 0x85,
    0x81, 0xAF, 0x35, 0x30, 0xCB, 0xDD, 0xBB, 0x77, 0xAA, 0x59, 0xB8, 0xDA, 0x0B, 0x23, 0x57, 0xD2,
    0x67, 0xC5, 0xE7, 0x4C, 0xCE, 0x6D, 0x62, 0x12, 0xFE, 0xA8, 0x33, 0x3A, 0xE4, 0x2C, 0x84, 0x2E,
    0xDD, 0xF5, 0xCE, 0xF5, 0x26, 0x9A, 0xD4, 0x6B, 0x6C, 0xC1, 0xE8, 0x7F, 0xE9, 0x15, 0xF2, 0x4B,
    0x37, 0x6B, 0x3F, 0x89, 0x1D, 0x71, 0x57, 0xAE, 0xAB, 0x1A, 0x1B, 0x40, 0x69, 0x11, 0x9B, 0x8F,
    0x9B, 0x3C, 0x3E, 0x53, 0xEF, 0xDC, 0x0F, 0x48, 0x89, 0x38, 0x59, 0xCE, 0xC6, 0x4D, 0xB3, 0xFF,
    0x3F, 0x86, 0x26, 0xC9, 0x74, 0xF1, 0x00, 0xA2, 0xAB, 0x2F, 0x12, 0xD4, 0xD7, 0x08, 0xCB, 0x97,
    0x8D, 0x29, 0xFE, 0x1B, 0xDD, 0xC1, 0x75, 0xC4, 0x4A, 0xA1, 0xEF, 0xCD, 0x44, 0x1D, 0x7C, 0xCB,
    0x16, 0xD2, 0xD2, 0x39, 0xF6, 0x57, 0xF4, 0xBD, 0xE9, 0xF1, 0xEC, 0x2C, 0x3A, 0xA5, 0xC6, 0x26,
    0x23, 0x31, 0xFF, 0x62, 0x94, 0x22, 0xFA, 0xC4, 0x34, 0xDC, 0x26, 0x63, 0x86, 0xB0, 0x3F, 0x7D,
    0x22, 0xFD, 0xEC, 0x33, 0xD1, 0x0A, 0xB6, 0xC1, 0xD5, 0x6D, 0x96, 0x90, 0x58, 0xCE, 0x88, 0xF2,
    0x7F, 0xAE, 0xD8, 0xD4, 0xB4, 0x44, 0x9D, 0x73, 0x76, 0xDA, 0x9F, 0x3E, 0xBF, 0xD2, 0x63, 0x86,
    0x2A, 0x9C, 0x5C, 0x00, 0x07, 0x05, 0xA1, 0x24, 0x08, 0x28, 0x08, 0x2C, 0x08, 0x30, 0x08, 0x34,
    0xC4, 0xFA, 0x7F, 0x00, 0x42, 0x0D, 0x2C, 0x90, 0xC8, 0x0E, 0xE0, 0xE1, 0xAD, 0x62, 0x21, 0x70,
    0x21, 0x80, 0x21, 0x25, 0xA3, 0x68, 0x94, 0x8D, 0xC2, 0x69, 0x68, 0x43, 0x26, 0x1F, 0xC4, 0xC6,
    0x06, 0xAD, 0xFA, 0x9E, 0xD4, 0xCA, 0xD1, 0x29, 0xF7, 0x95, 0x0E, 0x1E, 0x0E, 0xB0, 0x1F, 0xDC,
    0xE3, 0xC9, 0x00, 0x1E, 0x0C, 0x60, 0x06, 0x10, 0x5C, 0xF0, 0x54, 0x00, 0x54, 0x9E, 0x50, 0x6C,
    0x20, 0x28, 0x35, 0x3E, 0x73, 0xA5, 0x51, 0x12, 0x85, 0x71, 0x62, 0xCF, 0xAF, 0x45, 0x9C, 0xA0,
    0x89, 0x33, 0x26, 0xEB, 0xFD, 0x5C, 0xFD, 0x43, 0x9D, 0xA9, 0xC7, 0x44, 0x7D, 0xE1, 0x99, 0x2C,
    0x54, 0x3D, 0x39, 0x26, 0xE9, 0x14, 0x9D, 0x13, 0x95, 0xFC, 0x92, 0x21, 0x09, 0xB3, 0x81, 0xC8,
    0x96, 0xDC, 0x12, 0xDD, 0x8F, 0x17, 0xF2, 0x0B, 0x5A, 0x94, 0x04, 0x31, 0x52, 0x7D, 0x76, 0x32,
    0xE5, 0x13, 0x22, 0x93, 0x5E, 0x46, 0x06, 0x93, 0xE7, 0xD5, 0x92, 0xF5, 0xE8, 0x08, 0x99, 0x39,
    0xA7, 0x78, 0xCC, 0xEC, 0xF6, 0xB4, 0x79, 0x8A, 0x90, 0xF9, 0x72, 0xF0, 0x9C, 0x3E, 0x2E, 0x64,
    0xBA, 0x51, 0xCA, 0xE4, 0x69, 0x03, 0xE0, 0x5F, 0xBC, 0x1D, 0x1A, 0x03, 0xD1, 0x1D, 0xFF, 0x48,
    0xED, 0x5A, 0x66, 0xB3, 0x3E, 0xAB, 0xCC, 0x79, 0x72, 0x13, 0xD8, 0x0D, 0xB8, 0x3C, 0xD9, 0x4B,
    0x19, 0xB2, 0xDE, 0x5A, 0x5D, 0xE6, 0xF2, 0xAC, 0x57, 0xBB, 0x25, 0xE3, 0x99, 0xB2, 0x1F, 0x5B,
    0x8A, 0x22, 0x4B, 0x18, 0xB3, 0x95, 0x93, 0xBE, 0xD2, 0x50, 0xC9, 0xB5, 0xC1, 0x63, 0xEB, 0x15,
    0xD9, 0xA3, 0x3A, 0x66, 0x83, 0xE3, 0x3E, 0xCF, 0x5F, 0xCA, 0x93, 0x2F, 0x23, 0xC6, 0x80, 0xCC,
    0x50, 0xFE, 0x93, 0x99, 0x8E, 0x63, 0xAB, 0x93, 0xE8, 0x85, 0x91, 0x4E, 0x25, 0xFA, 0x11, 0x11,
    0x7D, 0x8B, 0xFC, 0xD2, 0xF0, 0x88, 0x5F, 0x22, 0x78, 0xAF, 0xFA, 0xF3, 0x65, 0xCF, 0xD4, 0x30,
    0xB7, 0xF2, 0xFB, 0x32, 0xDB, 0xB9, 0x69, 0x44, 0x8D, 0xBA, 0x24, 0x28, 0xCF, 0x50, 0x24, 0xBC,
    0x6E, 0x21, 0x25, 0x07, 0xBB, 0xC4, 0xB7, 0xAF, 0xD7, 0xF5, 0xF4, 0xC5, 0xB5, 0x7F, 0xBB, 0x4E,
    0x5A, 0xB6, 0x71, 0xE7, 0x1E, 0x82, 0xB2, 0x23, 0x46, 0x54, 0x15, 0x0C, 0x7F, 0xE3, 0xF5, 0x65,
    0xEC, 0x3B, 0x48, 0xA2, 0x94, 0x71, 0x2D, 0x5E, 0x2A, 0xEE, 0x99, 0xAF, 0x70, 0xD5, 0x9C, 0xA9,
    0xD2, 0x29, 0x81, 0x46, 0x67, 0x04, 0x3A, 0xDC, 0x46, 0x7B, 0x86, 0x0C, 0x81, 0x8C, 0x3C, 0xA9,
    0xCC, 0x90, 0x70, 0x17, 0x77, 0x9C, 0x3B, 0x8B, 0x3B, 0x67, 0xA5, 0x25, 0x14, 0x2B, 0x44, 0x4A,
    0x2F, 0xAD, 0xEC, 0x85, 0xA0, 0xE5, 0x47, 0xA9, 0xD4, 0xBC, 0x64, 0x66, 0xBD, 0x68, 0x20, 0x90,
    0x8F, 0xEE, 0xD0, 0xD6, 0x92, 0xCE, 0x90, 0x62, 0x85, 0x94, 0xBC, 0x2D, 0xB9, 0xAE, 0x8C, 0xEF,
    0x6B, 0x00, 0x9F, 0x61, 0xCB, 0x4A, 0x14, 0x01, 0x60, 0xCA, 0x6D, 0x67, 0x64, 0x9F, 0xCA, 0x52,
    0xB1, 0xC8, 0x3F, 0x34, 0x3C, 0xB4, 0xB3, 0xD8, 0x66, 0x96, 0x9A, 0xA9, 0xC5, 0x9A, 0x60, 0x9F,
    0xD2, 0xCA, 0x49, 0x72, 0x9C, 0x01, 0x2B, 0xD1, 0x3B, 0x97, 0xE5, 0x87, 0x5B, 0x78, 0x48, 0xA1,
    0x00, 0x11, 0xAC, 0x5F, 0x13, 0x3A, 0x49, 0xB9, 0x42, 0x1A, 0x75, 0xB8, 0xD7, 0x0A, 0xEC, 0xF1,
    0x6C, 0x0E, 0xA1, 0xA2, 0x57, 0x9A, 0xF5, 0xD6, 0xC3, 0xAA, 0xD8, 0x40, 0xA2, 0x91, 0xAE, 0x17,
    0x6F, 0xED, 0x9C, 0x8C, 0x67, 0xB1, 0xBF, 0xB7, 0xB2, 0x3D, 0xB2, 0x24, 0x02, 0xFB, 0x3C, 0x76,
    0xAD, 0x5A, 0xD8, 0xED, 0x89, 0xFA, 0x1D, 0x42, 0x8F, 0x9A, 0x7A, 0x50, 0x99, 0x22, 0x29, 0x74,
    0xD4, 0xF2, 0x33, 0x12, 0x32, 0x25, 0x5C, 0xC2, 0x66, 0x13, 0xA6, 0x2A, 0xA2, 0x85, 0x74, 0xB9,
    0x76, 0x91, 0xFB, 0x5C, 0xBD, 0xA1, 0xB5, 0xCA, 0xF6, 0x3F, 0xF8, 0xF7, 0x4B, 0xDC, 0xDB, 0x04,
    0x7D, 0xF8, 0x8E, 0xD1, 0x0E, 0x91, 0xCC, 0xCC, 0x36, 0x45, 0xB2, 0x2A, 0x55, 0xC1, 0x22, 0xCF,
    0x54, 0xDC, 0x2A, 0xC9, 0x11, 0x24, 0x53, 0x25, 0x49, 0xD7, 0x92, 0x64, 0xF0, 0xB6, 0x98, 0x3E,
    0x00, 0x7C, 0xDB, 0xBF, 0x2D, 0x76, 0x39, 0xC9, 0x68, 0x97, 0x48, 0xA2, 0x21, 0x2A, 0x3C, 0x40,
    0xDE, 0x73, 0x6C, 0x55, 0xC2, 0x08, 0xFD, 0xE9, 0x01, 0x45, 0x68, 0xF0, 0x36, 0xD8, 0xD7, 0xDF,
    0x0C, 0xDE, 0x06, 0xF3, 0x53, 0x32, 0xEF, 0x0F, 0xBB, 0x1F, 0xAD, 0x48, 0xA2, 0xBF, 0x26, 0xC8,
    0x78, 0xBA, 0x27, 0x48, 0x59, 0x07, 0x39, 0x6F, 0xF1, 0x2C, 0xD1, 0x4A, 0x82, 0xD3, 0x2F, 0x05,
    0x43, 0x7C, 0x08, 0x0F, 0x57, 0x0E, 0xE1, 0x7E, 0xEF, 0x50, 0xBB, 0x97, 0xBD, 0xD6, 0x74, 0xB8,
    0xE8, 0xBC, 0x4F, 0x7B, 0xD9, 0x2B, 0x09, 0x5E, 0xF6, 0xDA, 0x61, 0xE0, 0xB9, 0xD6, 0xBC, 0xE4,
    0xED, 0xCC, 0x89, 0xCB, 0x31, 0x08, 0x5C, 0x4B, 0x24, 0xF5, 0xBE, 0x79, 0xE8, 0x49, 0x31, 0xF7,
    0x8A, 0xD6, 0xE7, 0x56, 0xC5, 0x87, 0xCB, 0xE3, 0x01, 0xEF, 0x4D, 0x12, 0x5D, 0xAC, 0xAA, 0x95,
    0x55, 0xED, 0x8C, 0x2A, 0xF7, 0x90, 0x64, 0x0D, 0xDE, 0xF5, 0x41, 0x43, 0xCB, 0xDA, 0xED, 0xDA,
    0xAB, 0x4B, 0xF0, 0xA8, 0x3E, 0xD1, 0x8D, 0x1A, 0xE2, 0xD5, 0xA8, 0x5E, 0x91, 0x0F, 0xEA, 0x16,
    0x79, 0xAF, 0x7E, 0x51, 0xD5, 0xEA, 0x18, 0x0B, 0x29, 0xC5, 0x91, 0x1C, 0x54, 0x72, 0x8C, 0xC9,
    0x21, 0x0F, 0x55, 0x4A, 0x98, 0x9C, 0xCE, 0x5E, 0x83, 0xFD, 0xDC, 0xF1, 0xFE, 0x7C, 0xCE, 0x4B,
    0xC8, 0xB9, 0x09, 0x15, 0xAC, 0x54, 0x9D, 0xA3, 0x78, 0x4F, 0x71, 0xAE, 0xE2, 0x7D, 0xC5, 0x3B,
    0x8B, 0xF7, 0x96, 0x88, 0x47, 0xC2, 0xFE, 0xC0, 0x0F, 0xEF, 0xD0, 0x89, 0xEF, 0x91, 0x74, 0x04,
    0x7B, 0x4E, 0x74, 0x87, 0x92, 0x85, 0xB0, 0x5D, 0xE8, 0xA7, 0x2C, 0xF4, 0x13, 0x16, 0xFA, 0x03,
    0x83, 0xFE, 0x43, 0xD0, 0xB7, 0x42, 0x9F, 0x0D, 0x68, 0xB6, 0x9F, 0x3B, 0xFD, 0xC5, 0xD3, 0xCF,
    0x39, 0x7C, 0xB8, 0xAC, 0x1E, 0x8C, 0x39, 0x1D, 0xD5, 0x7C, 0x56, 0xF5, 0x13, 0x8C, 0x37, 0x0F,
    0x89, 0x69, 0xAC, 0xEE, 0xCF, 0x06, 0x18, 0x67, 0xBD, 0x1E, 0xEA, 0x06, 0x72, 0x39, 0xF7, 0xB9,
    0xF8, 0xF9, 0x4E, 0x31, 0x0D, 0x47, 0xBB, 0xFE, 0xA2, 0xED, 0xC7, 0xBB, 0x7E, 0xC0, 0x4B, 0x45,
    0xEF, 0xA0, 0xD7, 0x41, 0x12, 0x1E, 0x1B, 0xD5, 0x68, 0x3C, 0x24, 0xD6, 0x57, 0x1B, 0x13, 0x0B,
    0xF7, 0xDB, 0xB4, 0x5B, 0xDC, 0x5F, 0x91, 0xFC, 0x1B, 0x9D, 0x54, 0x12, 0xA1, 0xF3, 0x3B, 0x51,
    0xE1, 0x25, 0x5A, 0xBE, 0xC4, 0x16, 0xEA, 0x83, 0xFB, 0xE8, 0xA0, 0xF8, 0x66, 0x67, 0x74, 0x4A,
    0xD4, 0xD8, 0xC4, 0x10, 0x1E, 0x42, 0x53, 0x8C, 0x3E, 0xC4, 0x63, 0x68, 0x92, 0xE7, 0xD0, 0xC2,
    0x94, 0x4E, 0x77, 0x2D, 0x96, 0x0F, 0x89, 0x51, 0x90, 0x73, 0x05, 0x29, 0x47, 0xC9, 0x81, 0xE2,
    0xEC, 0x3E, 0xF1, 0xC2, 0x02, 0x7A, 0x3B, 0x11, 0x91, 0x57, 0xCF, 0xAD, 0x1A, 0xE6, 0xB1, 0xE0,
    0xA5, 0xFB, 0x58, 0x4A, 0x5E, 0xBF, 0xCA, 0x6B, 0x7D, 0xC4, 0x7F, 0x04, 0x85, 0x8A, 0x88, 0xCD,
    0x93, 0x10, 0xF0, 0xBA, 0x47, 0x40, 0xBC, 0x10, 0x55, 0x2B, 0x25, 0x56, 0xE0, 0xBE, 0xFB, 0xAA,
    0xD1, 0xB7, 0x06, 0x07, 0xD4, 0x7B, 0xA5, 0xB0, 0xB5, 0x3A, 0x46, 0xF4, 0xF7, 0x4E, 0x75, 0x1F,
    0x15, 0x9F, 0x5F, 0x84, 0x2F, 0x1A, 0x55, 0x3C, 0x54, 0x3C, 0x38, 0x11, 0xEF, 0x4A, 0x78, 0x90,
    0x83, 0xE3, 0xCF, 0x43, 0x46, 0x91, 0x88, 0xC7, 0x04, 0x62, 0x44, 0x88, 0xE7, 0x5C, 0xA4, 0x63,
    0x46, 0x4B, 0xD9, 0x32, 0x4B, 0xC3, 0xC6, 0x8E, 0xA5, 0x25, 0x97, 0x7D, 0xC1, 0x91, 0x07, 0x29,
    0x7F, 0x71, 0x49, 0xE6, 0x1F, 0x7E, 0xFC, 0xA4, 0x0F, 0xBF, 0xFC, 0x67, 0xCE, 0x51, 0x0C, 0xA1,
    0x44, 0xA5, 0x34, 0x90, 0xAA, 0x86, 0xDC, 0x0E, 0x3F, 0x70, 0xBE, 0x36, 0xCE, 0xD0, 0x68, 0xD7,
    0x69, 0x98, 0x47, 0x53, 0x87, 0x95, 0x6D, 0xD5, 0x6E, 0xB5, 0x3D, 0xD6, 0xFD, 0xF3, 0x09, 0x92,
    0xF5, 0x5E, 0xB0, 0xEC, 0xBA, 0x87, 0xC4, 0xDC, 0x07, 0xA9, 0xB3, 0xF3, 0x07, 0x2A, 0x27, 0xD5,
    0xA6, 0x57, 0x5D, 0x55, 0xE8, 0x74, 0xF3, 0xF1, 0x43, 0x66, 0x95, 0x71, 0xBE, 0x2A, 0xE4, 0xEC,
    0x63, 0xCA, 0x4B, 0x7D, 0xC4, 0xC9, 0xEA, 0xFA, 0x7B, 0x71, 0x6A, 0x55, 0xE3, 0x49, 0xB5, 0x1B,
    0x54, 0x57, 0x52, 0xAD, 0x9D, 0xD2, 0x17, 0xA6, 0x00, 0xDF, 0x90, 0x92, 0x5F, 0x09, 0x65, 0xC7,
    0x96, 0x94, 0xFD, 0x44, 0x1E, 0xBE, 0xA7, 0x0F, 0xFC, 0xE1, 0x20, 0x71, 0x56, 0xE5, 0x31, 0x78,
    0x5D, 0x35, 0x73, 0x9B, 0xF3, 0x91, 0xE8, 0xC4, 0x4D, 0x1D, 0x72, 0x1D, 0xF4, 0x6C, 0xC4, 0x7D,
    0xC5, 0x43, 0xC3, 0xC3, 0x85, 0x56, 0xBD, 0xC2, 0x2F, 0x5B, 0xC5, 0x57, 0x11, 0xF4, 0x4F, 0x56,
    0x95, 0x47, 0xD5, 0x47, 0xA4, 0x3A, 0x5C, 0x5D, 0xD5, 0x11, 0xD0, 0xFE, 0x54, 0x55, 0x5D, 0xC1,
    0xF9, 0x82, 0x77, 0x06, 0xEF, 0x0D, 0xDE, 0x1D, 0xB0, 0x15, 0x7E, 0x1F, 0x7E, 0x30, 0x9B, 0xB2,
    0x2A, 0x71, 0xAB, 0x5A, 0x0E, 0xAA, 0x51, 0x7D, 0x40, 0xFE, 0xE0, 0xBB, 0xA5, 0x5A, 0x54, 0x33,
    0x0E, 0xBF, 0x10, 0xA1, 0x66, 0xEB, 0x43, 0xA1, 0x13, 0xC4, 0xCB, 0xDE, 0xFA, 0xC3, 0x15, 0xFF,
    0xF4, 0x85, 0x7D, 0xEC, 0x9F, 0xBE, 0x38, 0x20, 0x3F, 0xF1, 0x8E, 0xC2, 0x4C, 0xDB, 0x77, 0x0E,
    0x3A, 0xAB, 0x5A, 0x9F, 0x4D, 0xF9, 0x9B, 0x87, 0xDE, 0x3D, 0xFC, 0x7D, 0xE3, 0x04, 0xBA, 0xDF,
    0x7E, 0x73, 0x3C, 0xD2, 0xA9, 0x0E, 0xDE, 0xA3, 0x49, 0xFB, 0x47, 0x1F, 0xA3, 0xB8, 0xE3, 0x22,
    0x5B, 0x72, 0x2F, 0x6A, 0xFC, 0x7B, 0xFF, 0x37, 0x0F, 0xCA, 0x3F, 0x7E, 0x8B, 0x6F, 0x06, 0x30,
    0xBD, 0xAB, 0x61, 0xF5, 0x08, 0xDB, 0x4B, 0x66, 0x2B, 0x5A, 0xA5, 0x3C, 0x6B, 0xF4, 0x74, 0xA3,
    0x5E, 0x47, 0x8E, 0xF6, 0xFE, 0x3A, 0x72, 0x50, 0x7C, 0xC3, 0x51, 0x04, 0x7A, 0x10, 0x9A, 0xF0,
    0x18, 0x68, 0x04, 0x98, 0xE1, 0x50, 0xE2, 0x44, 0x65, 0xEF, 0x79, 0x5F, 0xF6, 0xF1, 0x78, 0xE9,
    0xB4, 0xB8, 0x6C, 0x00, 0xEC, 0xDB, 0x1A, 0xB9, 0x34, 0xA4, 0x99, 0x20, 0xB9, 0x75, 0x1B, 0x49,
    0xD7, 0xB6, 0x90, 0xA3, 0xE0, 0x1D, 0xD0, 0xB6, 0x63, 0x23, 0xC2, 0x6C, 0xBE, 0xCB, 0x8F, 0xE8,
    0x79, 0x3E, 0x4B, 0xD9, 0xC8, 0xE5, 0x35, 0x11, 0xB1, 0x40, 0x9A, 0x4C, 0xD2, 0x02, 0x4A, 0x0D,
    0x61, 0x10, 0x3C, 0x60, 0x6E, 0xB1, 0xE8, 0xA5, 0x76, 0xF0, 0xA6, 0x8C, 0xFB, 0x06, 0x6C, 0x7A,
    0x8B, 0xE2, 0xDE, 0x17, 0x21, 0xFE, 0xD0, 0x88, 0x74, 0xFF, 0x01, 0xB1, 0x4A, 0x6B, 0x58, 0x70,
    0xEB, 0x9B, 0xF5, 0x19, 0xA5, 0xDE, 0x1C, 0x9E, 0x33, 0xB3, 0x17, 0x38, 0x19, 0x6A, 0xE4, 0xFB,
    0x23, 0xD1, 0x9D, 0xBB, 0x7E, 0xF3, 0xED, 0x74, 0x74, 0x4A, 0xC1, 0xC2, 0x6C, 0x4B, 0x69, 0xB1,
    0x2D, 0xD8, 0x14, 0xDC, 0x47, 0x8C, 0x99, 0x8B, 0x45, 0x2A, 0x4F, 0x56, 0x6C, 0x3C, 0x03, 0x9F,
    0x91, 0x96, 0x8B, 0xED, 0x4C, 0x36, 0x10, 0x55, 0x73, 0xDE, 0x4B, 0x59, 0x79, 0x4B, 0x54, 0x2C,
    0x25, 0x4A, 0xAC, 0x90, 0xC8, 0xDC, 0x46, 0xB9, 0x0F, 0xD0, 0x70, 0xEB, 0xDF, 0xFF, 0x24, 0xD6,
    0xC6, 0x6B, 0xDB, 0x07, 0xD8, 0x7E, 0x03, 0x81, 0xB7, 0xBE, 0x78, 0xB2, 0xE0, 0x3B, 0x8B, 0x81,
    0x73, 0x57, 0x68, 0xC4, 0xAD, 0xB3, 0xFD, 0x07, 0x74, 0xB9, 0x4F, 0x87, 0xC7, 0x79, 0xD1, 0x58,
    0xBD, 0xBF, 0x6B, 0xA0, 0xE2, 0x59, 0x40, 0xE5, 0x2C, 0xA0, 0x0A, 0x16, 0x50, 0x05, 0x0B, 0xA8,
    0x9C, 0x05, 0x54, 0x74, 0x5F, 0x41, 0xF9, 0x05, 0x95, 0xF4, 0x28, 0xE9, 0x85, 0xCC, 0x88, 0xDC,
    0x48, 0x21, 0x94, 0xA9, 0x74, 0xC3, 0xF6, 0xD0, 0xD0, 0xAA, 0xFC, 0xE6, 0xBA, 0x84, 0xA5, 0xF6,
    0x65, 0xC2, 0x8B, 0xD8, 0xBF, 0xC8, 0x9A, 0xA8, 0xED, 0xB4, 0x5D, 0x1B, 0x7F, 0xCF, 0x47, 0x58,
    0x2D, 0xB5, 0xDE, 0xDF, 0x10, 0x05, 0xE4, 0x3A, 0xAA, 0x71, 0xED, 0x95, 0xF2, 0x13, 0x5E, 0x5F,
    0x6D, 0xA5, 0x50, 0xED, 0x92, 0xDF, 0xF1, 0x8A, 0x76, 0x96, 0xB3, 0x1B, 0xF5, 0x5D, 0x13, 0xC8,
    0x9A, 0xA7, 0x6A, 0x96, 0xDA, 0x21, 0x47, 0xC5, 0x9D, 0x2D, 0x9A, 0x25, 0x3F, 0x8D, 0x4D, 0xAA,
    0x47, 0xDE, 0xDC, 0x67, 0xB0, 0xFF, 0x05, 0xBD, 0x59, 0x3D, 0x8C, 0xDE, 0x46, 0x7A, 0x7E, 0x48,
    0xCA, 0x4B, 0x47, 0x53, 0x50, 0x85, 0x15, 0x38, 0x56, 0x1C, 0xA6, 0x70, 0x61, 0x1B, 0xB0, 0xD9,
    0xA6, 0xB0, 0x34, 0x8C, 0x5D, 0xA6, 0x90, 0x0A, 0xAD, 0x8B, 0x34, 0x4E, 0x19, 0xD8, 0x40, 0x94,
    0xD6, 0x85, 0x97, 0xB4, 0x5D, 0xA4, 0x48, 0x91, 0x2D, 0x02, 0xB8, 0x55, 0xA1, 0x42, 0x5E, 0x03,
    0x51, 0xEB, 0x42, 0xD9, 0x99, 0x44, 0x3D, 0xC0, 0x24, 0x80, 0x8B, 0x34, 0xA1, 0x1D, 0x03, 0x87,
    0x3B, 0x15, 0x1E, 0xC0, 0xBC, 0xF3, 0x58, 0x37, 0xE4, 0x7B, 0xF3, 0x80, 0xE4, 0x52, 0xFA, 0xBC,
    0x90, 0x0E, 0x87, 0xCF, 0xF7, 0xEE, 0xF0, 0x99, 0xBF, 0xF7, 0xFF, 0xE5, 0xEF, 0xB7, 0xB7, 0xDD,
    0x53, 0xE8, 0x95, 0xA4, 0xBD, 0x9A, 0xDB, 0xE2, 0x3D, 0x64, 0x01, 0xA9, 0x47, 0x3E, 0xA2, 0x94,
    0xFA, 0xAD, 0xEF, 0x2D, 0x1C, 0xF6, 0xD0, 0x8E, 0x81, 0x01, 0xB8, 0x8A, 0x93, 0x7B, 0xB5, 0x48,
    0xEB, 0xFE, 0x02, 0xEE, 0x4B, 0xB8, 0x7E, 0x3F, 0xBA, 0x93, 0x16, 0xB9, 0x45, 0x09, 0x1C, 0x9D,
    0xB4, 0x46, 0xEC, 0x1B, 0x99, 0x55, 0x9F, 0xDA, 0xF4, 0x81, 0x45, 0xB6, 0x87, 0x76, 0xF9, 0xF0,
    0x86, 0x96, 0xB0, 0x36, 0xBF, 0x33, 0x6D, 0x44, 0x16, 0xD0, 0x11, 0x86, 0xD7, 0x4F, 0x22, 0x71,
    0x2A, 0x04, 0xB9, 0x7C, 0x18, 0x29, 0xAE, 0xCD, 0x74, 0xA7, 0x91, 0x85, 0xC2, 0x36, 0x8A, 0x2C,
    0x33, 0xDD, 0xC0, 0x19, 0x9D, 0xC7, 0xB7, 0xED, 0xBE, 0x96, 0xDC, 0x3E, 0x4A, 0x87, 0x3F, 0x66,
    0x3B, 0x73, 0xAA, 0x25, 0xB4, 0x38, 0x23, 0x7D, 0xB6, 0xC6, 0x20, 0x6B, 0xBC, 0x98, 0x86, 0x62,
    0xA8, 0xEA, 0x23, 0x18, 0x88, 0x15, 0x27, 0x83, 0x19, 0xB4, 0x53, 0xAD, 0xEA, 0x2B, 0xAF, 0x83,
    0x1E, 0xCB, 0x29, 0x1F, 0x11, 0x10, 0x32, 0x57, 0x75, 0x0D, 0xFE, 0x0E, 0x79, 0xB7, 0xAE, 0xAB,
    0x27, 0xD6, 0x95, 0xD5, 0xCE, 0x0C, 0x32, 0x88, 0x13, 0x7B, 0x0A, 0x8D, 0xAA, 0x56, 0x43, 0x12,
    0xF0, 0x62, 0xFC, 0x7B, 0x35, 0x0D, 0xB4, 0x41, 0x2B, 0x1A, 0x47, 0xA0, 0xA5, 0x89, 0xB6, 0x5A,
    0x71, 0xB4, 0x27, 0x94, 0x73, 0xDA, 0x35, 0xB4, 0x1A, 0xED, 0xAA, 0x68, 0x81, 0x36, 0x68, 0x45,
    0x87, 0x72, 0xAA, 0xC6, 0x7C, 0x54, 0xD1, 0x52, 0xC2, 0xC3, 0x67, 0x8E, 0x16, 0xB5, 0x6D, 0x70,
    0x1A, 0xAD, 0xD2, 0x1F, 0x45, 0xFE, 0xE1, 0x71, 0x7E, 0xF5, 0x13, 0xFE, 0x2A, 0xF2, 0x1B, 0x90,
    0x5F, 0xD9, 0xB2, 0xA5, 0x2D, 0xDA, 0xA4, 0x6D, 0xFE, 0xD1, 0x97, 0x53, 0x4C, 0xA0, 0x77, 0xD1,
    0xC7, 0xE8, 0x79, 0x11, 0x7D, 0x4F, 0x67, 0xEF, 0x2F, 0xDE, 0x06, 0x4A, 0x07, 0x14, 0xDB, 0x01,
    0xD5, 0xC7, 0xA3, 0x03, 0xCF, 0x60, 0x79, 0xF8, 0x70, 0x12, 0x11, 0x1E, 0xD3, 0xF4, 0xD9, 0x57,
    0xA7, 0x28, 0xFA, 0x99, 0xA7, 0xF2, 0x80, 0x0E, 0x73, 0x5F, 0x0E, 0x5C, 0x3B, 0x47, 0xC7, 0xAA,
    0x67, 0xD6, 0x85, 0xEC, 0xFC, 0x83, 0x44, 0x3F, 0x76, 0xE5, 0x6F, 0xE6, 0xF6, 0xCF, 0x68, 0x77,
    0x3D, 0x3E, 0xCF, 0xBB, 0x7F, 0x88, 0x7B, 0x9B, 0x7D, 0x1E, 0xB4, 0xB1, 0xE9, 0xA2, 0xAD, 0x6D,
    0x7F, 0xF1, 0x8B, 0x3C, 0xF2, 0xD9, 0x57, 0x67, 0x7A, 0xE4, 0x8B, 0xFF, 0x9D, 0xC8, 0x17, 0xD7,
    0x37, 0x7B, 0xE4, 0x25, 0xDD, 0x84, 0x92, 0x56, 0x8B, 0x33, 0x32, 0x88, 0x84, 0xC7, 0x9B, 0x11,
    0x1F, 0xD7, 0x4B, 0xB1, 0xC9, 0xE7, 0x20, 0xFD, 0x15, 0x00, 0xDD, 0xC6, 0x83, 0x99, 0x90, 0x36,
    0x1E, 0x3E, 0x1E, 0x52, 0x6B, 0x19, 0x63, 0xDF, 0x41, 0x8F, 0x80, 0xEE, 0x78, 0x83, 0x01, 0x2E,
    0x01, 0x48, 0xA0, 0x9D, 0xF1, 0xFC, 0xE3, 0x09, 0x98, 0x00, 0x2F, 0xC4, 0x85, 0x44, 0x5A, 0xE3,
    0x33, 0xB1, 0x1B, 0x68, 0x97, 0x8A, 0x55, 0x2D, 0x8E, 0xA0, 0x8E, 0x51, 0xB6, 0x78, 0x13, 0x7A,
    0x80, 0x71, 0x10, 0xDB, 0x04, 0x48, 0xDC, 0xEC, 0xCF, 0x7A, 0x3F, 0xF7, 0x95, 0x43, 0xD3, 0x23,
    0xFA, 0x55, 0xE3, 0x39, 0xE0, 0x02, 0x54, 0xBB, 0x19, 0x4A, 0x70, 0x72, 0xD2, 0x8A, 0x58, 0x07,
    0xEC, 0xAF, 0x2D, 0x3A, 0x91, 0xED, 0xB3, 0x35, 0xD2, 0x9D, 0xDB, 0xF6, 0xE2, 0xF1, 0xAC, 0xEA,
    0x1F, 0x81, 0xB3, 0xF6, 0xE1, 0x61, 0xBD, 0x5F, 0xE5, 0xC0, 0xD6, 0x2E, 0xBF, 0xBB, 0x37, 0xCF,
    0x1F, 0xA7, 0x44, 0x06, 0xE0, 0x68, 0x1E, 0x2B, 0x99, 0x80, 0x71, 0x1E, 0x57, 0xBD, 0xA9, 0x11,
    0xE6, 0xB1, 0xB6, 0xDA, 0x66, 0xC3, 0x3C, 0x6E, 0xAC, 0xEE, 0xB2, 0x45, 0x85, 0xB1, 0xBA, 0x57,
    0xDD, 0x3C, 0x96, 0xB6, 0x72, 0x85, 0xDD, 0xC6, 0x55, 0xBD, 0x8D, 0x35, 0xB6, 0xF1, 0xBF, 0x63,
    0x95, 0xAD, 0xFA, 0x80, 0x1B, 0x40, 0x52, 0x53, 0xE7, 0x7F, 0xFB, 0x4A, 0x5A, 0x98, 0x89, 0xB6,
    0x1E, 0x38, 0x91, 0x3E, 0x13, 0xB1, 0x55, 0xD7, 0xFC, 0xF3, 0x37, 0x93, 0xF2, 0xCA, 0x97, 0x7D,
    0xF1, 0x48, 0x8A, 0x07, 0x21, 0x0B, 0x85, 0x2B, 0x5C, 0x26, 0xA1, 0xFA, 0xA7, 0x90, 0x8D, 0xA5,
    0x2B, 0x3C, 0x5E, 0xAA, 0xB5, 0xF2, 0xD9, 0x54, 0x39, 0x45, 0x6F, 0x4F, 0x0B, 0x9F, 0xAE, 0xE3,
    0x10, 0xC7, 0xA2, 0x7B, 0x8E, 0x53, 0xBF, 0x8D, 0x33, 0xC7, 0xF1, 0xCC, 0x93, 0xF7, 0x9B, 0x6C,
    0x61, 0xF3, 0x55, 0x27, 0xCA, 0x36, 0x5B, 0x6C, 0x01, 0x1A, 0xE9, 0x38, 0xFB, 0x00, 0x34, 0x80,
    0xDC, 0x8B, 0xF6, 0x8D, 0x05, 0x93, 0xB3, 0xF8, 0x0C, 0x52, 0x72, 0x13, 0x78, 0x6E, 0x7B, 0xBA,
    0x9D, 0x97, 0xDF, 0xDD, 0x1C, 0xEF, 0xE6, 0x79, 0x37, 0xD7, 0xBB, 0xF9, 0xDE, 0xCD, 0xF9, 0x6E,
    0xDE, 0x77, 0x73, 0xBF, 0x9B, 0xFF, 0xDD, 0x1A, 0x90, 0x4C, 0xBB, 0xD6, 0x61, 0xA7, 0x16, 0x8D,
    0x00, 0x66, 0x3C, 0xAB, 0x47, 0x22, 0x62, 0x33, 0x91, 0x76, 0xAD, 0x49, 0xC6, 0xEC, 0xF8, 0xAA,
    0x5B, 0xEB, 0x12, 0x33, 0x34, 0x3C, 0x5E, 0x9B, 0x22, 0xE6, 0xB4, 0x8A, 0xF3, 0xB5, 0x3E, 0x85,
    0xCB, 0x83, 0xEE, 0x0B, 0xBF, 0xD6, 0xA8, 0x74, 0xD9, 0x3C, 0x5F, 0xEA, 0xC4, 0xB9, 0xEE, 0x8A,
    0xB5, 0x56, 0xDB, 0x7C, 0xA9, 0xD7, 0xC6, 0xCF, 0x9A, 0x6D, 0xFA, 0xD6, 0xBA, 0x71, 0x5E, 0xF5,
    0xC5, 0xB0, 0xD6, 0x4E, 0x0D, 0x6A, 0xD8, 0xEA, 0xB7, 0xF8, 0x3B, 0x54, 0xDD, 0x5A, 0xC3, 0x54,
    0x8C, 0xCD, 0x26, 0x69, 0xCF, 0xEA, 0xC8, 0x78, 0x65, 0xAB, 0x25, 0xF3, 0xC1, 0x7A, 0x2A, 0xA9,
    0x0B, 0x41, 0x31, 0xA1, 0x0C, 0xA8, 0x06, 0x54, 0x0E, 0xBA, 0x83, 0xB6, 0xD0, 0x4B, 0x35, 0xDF,
    0x96, 0xAE, 0x90, 0x4C, 0x6C, 0x31, 0x65, 0xD2, 0x96, 0x21, 0x97, 0xC8, 0xA5, 0x46, 0xF0, 0x94,
    0x42, 0xF4, 0x7F, 0x88, 0xBC, 0x45, 0x94, 0x89, 0x5E, 0x62, 0x93, 0x30, 0x03, 0x65, 0xAC, 0x38,
    0x4A, 0xB5, 0xD2, 0x53, 0x2E, 0x11, 0x4B, 0xC9, 0x54, 0x6A, 0xCA, 0xA6, 0x02, 0x4A, 0x67, 0x23,
    0x28, 0x9F, 0x05, 0x50, 0xC3, 0x76, 0x1E, 0xE8, 0x80, 0x6A, 0xA4, 0x57, 0x4A, 0x90, 0x09, 0x22,
    0x37, 0xA4, 0x46, 0xD3, 0x42, 0xB7, 0xE0, 0x6E, 0x21, 0x71, 0x9F, 0xAE, 0x53, 0xBF, 0x92, 0x94,
    0xB5, 0x83, 0xD8, 0xC8, 0x67, 0x6C, 0xE4, 0xD4, 0x5D, 0xE4, 0x2D, 0xFB, 0xC8, 0xCD, 0x47, 0xEF,
    0x2C, 0x41, 0x87, 0x28, 0xC3, 0x80, 0x66, 0xAF, 0x14, 0xE5, 0x8C, 0xA3, 0x24, 0x9F, 0x20, 0x94,
    0x2D, 0x1D, 0xA5, 0x19, 0x16, 0xE5, 0x73, 0x0F, 0x6A, 0xC8, 0x3C, 0x16, 0x7A, 0xBD, 0x05, 0x74,
    0x0F, 0x18, 0x07, 0x88, 0x47, 0x3A, 0x05, 0x64, 0x3E, 0x3A, 0xE9, 0x0C, 0x8A, 0x5E, 0xB7, 0x95,
    0xAD, 0x6C, 0x14, 0x70, 0x82, 0xDC, 0x41, 0xB5, 0xD0, 0x35, 0x24, 0x16, 0x07, 0x2A, 0xA0, 0x8C,
    0x1A, 0x1D, 0x4C, 0xC7, 0xA6, 0x1D, 0xA2, 0x81, 0x3C, 0x20, 0x19, 0x01, 0x03, 0x54, 0x35, 0x0E,
    0xEA, 0x8F, 0x00, 0x1D, 0x87, 0x16, 0x85, 0x23, 0x7F, 0x36, 0x21, 0x95, 0x16, 0x62, 0xC1, 0xA8,
    0xEA, 0x2C, 0x2A, 0xF1, 0xD1, 0x06, 0x19, 0x34, 0xF0, 0x2A, 0x58, 0x44, 0xBA, 0xF5, 0x32, 0x72,
    0xE1, 0x83, 0xA0, 0x66, 0x32, 0x9C, 0xEE, 0x62, 0xA7, 0xFB, 0x62, 0x88, 0x8B, 0xD2, 0x66, 0x63,
    0x3A, 0x46, 0x3D, 0xCC, 0x1C, 0xCF, 0x23, 0xD6, 0xB5, 0x07, 0x4D, 0x4B, 0x0B, 0x64, 0xDC, 0x42,
    0x02, 0xB9, 0xEE, 0x93, 0xB8, 0xAE, 0xA5, 0xD7, 0xBD, 0x71, 0x85, 0xB4, 0x7C, 0x63, 0x8B, 0x5B,
    0xC6, 0x73, 0x56, 0xF3, 0xCD, 0x4F, 0x4B, 0xA7, 0xDD, 0xC5, 0x5A, 0xAE, 0x0F, 0x17, 0x6B, 0xCA,
    0x8D, 0x98, 0xB5, 0xD4, 0xD4, 0xC9, 0x06, 0x5A, 0x18, 0xE2, 0x56, 0xE2, 0xE3, 0x26, 0xAD, 0x83,
    0x59, 0x54, 0x84, 0xC5, 0xB3, 0xC5, 0x4F, 0x30, 0x1D, 0x80, 0x1E, 0xF9, 0xC2, 0x30, 0x16, 0x11,
    0x82, 0x22, 0x90, 0x35, 0xE4, 0x52, 0x57, 0x11, 0x50, 0x85, 0x4C, 0x50, 0x06, 0x82, 0x8F, 0x50,
    0x78, 0x42, 0xF4, 0x29, 0x42, 0x1A, 0xC1, 0xA5, 0xE3, 0x0C, 0xCA, 0x25, 0x21, 0x02, 0x02, 0x72,
    0x47, 0xE8, 0x23, 0xA4, 0xC7, 0xB8, 0x83, 0x8D, 0xF2, 0x3E, 0xF9, 0x12, 0x54, 0xBA, 0x9A, 0x24,
    0xD0, 0x24, 0x35, 0x23, 0xA9, 0x71, 0x09, 0x33, 0x25, 0x46, 0x78, 0xA9, 0x89, 0x48, 0x0B, 0x2D,
    0x7F, 0x2D, 0x0E, 0x26, 0x40, 0x07, 0x56, 0xBA, 0x9C, 0xA0, 0xBF, 0x97, 0x7F, 0x11, 0xA8, 0xFF,
    0x27, 0x22, 0x93, 0xEB, 0x42, 0x2C, 0x22, 0xA6, 0x52, 0x4E, 0x44, 0x1D, 0x88, 0x8D, 0x03, 0x12,
    0x6A, 0x00, 0x64, 0x04, 0xB1, 0x23, 0x4E, 0x20, 0x71, 0x01, 0x08, 0x20, 0xFD, 0x3D, 0x76, 0x28,
    0x7A, 0x49, 0x6F, 0x85, 0x18, 0xB3, 0x4E, 0xA4, 0x1A, 0x28, 0x8E, 0x91, 0xCD, 0x1A, 0x6E, 0x2C,
    0xAF, 0xEA, 0x43, 0x13, 0xC1, 0xF3, 0x55, 0xFD, 0xCE, 0x35, 0x90, 0xF8, 0x02, 0xCB, 0x9E, 0x2F,
    0xD8, 0x54, 0xC6, 0x73, 0xE7, 0x18, 0xB8, 0x15, 0x27, 0x64, 0x95, 0x8E, 0xAA, 0x65, 0x76, 0xE9,
    0x8A, 0x4C, 0x35, 0x36, 0x8A, 0x73, 0xF9, 0x96, 0xA6, 0x17, 0x3E, 0xCD, 0x3E, 0x44, 0xF9, 0x1F,
    0xEB, 0xE4, 0x96, 0xD4, 0x8A, 0x32, 0x68, 0xFA, 0xD2, 0x82, 0x4C, 0x03, 0xED, 0x2D, 0x51, 0xBC,
    0xC9, 0xC1, 0x55, 0xC2, 0x7D, 0x02, 0x0D, 0xA7, 0x8E, 0xCE, 0x32, 0x66, 0x45, 0xFE, 0x82, 0x86,
    0xAA, 0x27, 0xD9, 0xFC, 0x19, 0x1B, 0x41, 0x79, 0xB2, 0x05, 0xB2, 0x5D, 0x23, 0x5B, 0x45, 0xB6,
    0xA2, 0x05, 0x06, 0x65, 0x23, 0x5B, 0xD6, 0x23, 0xEB, 0x53, 0x47, 0x6D, 0x1E, 0x71, 0xF9, 0x3E,
    0xB5, 0x5D, 0x8B, 0x7F, 0xA8, 0xA8, 0x8D, 0x8C, 0xC0, 0x09, 0x16, 0x9A, 0x76, 0x06, 0x59, 0x1B,
    0x72, 0x72, 0x40, 0xB9, 0xFB, 0x95, 0x05, 0x2D, 0x4D, 0x1F, 0x49, 0x0F, 0xAE, 0x30, 0xD8, 0x39,
    0x7C, 0x46, 0x4F, 0x32, 0xF2, 0x23, 0xE6, 0xEC, 0x1B, 0xF2, 0xD0, 0xAD, 0xFB, 0x86, 0x3C, 0x50,
    0xFD, 0xFD, 0x39, 0xFC, 0xAC, 0x1E, 0xB3, 0xF6, 0x71, 0x13, 0x6A, 0x48, 0x04, 0xDA, 0x72, 0x80,
    0x9B, 0x1C, 0x5C, 0xC8, 0xDD, 0x05, 0xD4, 0x95, 0xBD, 0xF4, 0x66, 0xE6, 0xAE, 0x62, 0x28, 0x3F,
    0x76, 0xFA, 0xC1, 0xD7, 0x92, 0x48, 0xF1, 0x37, 0xDE, 0x3C, 0x7A, 0x28, 0xEF, 0xC8, 0xFF, 0x35,
    0xA1, 0x12, 0x99, 0x12, 0xC3, 0xAC, 0x37, 0xBC, 0x00, 0xC5, 0x43, 0x49, 0x84, 0x5B, 0x22, 0xC7,
    0x46, 0xBE, 0x8B, 0x3C, 0xDF, 0x99, 0xA0, 0xFF, 0xE7, 0x1B, 0x49, 0xA5, 0xB8, 0xEE, 0xAB, 0xCC,
    0x1D, 0xC1, 0x97, 0x9F, 0xB8, 0xE7, 0x33, 0xF7, 0x3C, 0x8E, 0x2B, 0xFB, 0x97, 0xB1, 0x08, 0xC0,
    0x6C, 0xD4, 0xCF, 0x83, 0xD7, 0x4F, 0xEE, 0x68, 0x09, 0x4F, 0x36, 0xBF, 0x66, 0xBE, 0x59, 0xCB,
    0x95, 0x84, 0x35, 0xE9, 0x39, 0xA1, 0x60, 0x44, 0x25, 0x41, 0x3F, 0x95, 0xAD, 0x3B, 0x63, 0xAB,
    0x57, 0xB6, 0xF1, 0x8C, 0x6D, 0x78, 0x16, 0x5B, 0xF4, 0xED, 0x6E, 0xC3, 0xCF, 0xDF, 0xBB, 0x4D,
    0x40, 0xE3, 0x9F, 0xDD, 0xC8, 0x1C, 0xDB, 0x8F, 0x37, 0x9F, 0xC9, 0x49, 0x85, 0x72, 0x73, 0xE6,
    0x7F, 0xFF, 0xE4, 0xAE, 0x91, 0xF0, 0x81, 0x04, 0xAE, 0xEA, 0x67, 0x37, 0x23, 0x6C, 0x97, 0x7F,
    0x3F, 0xE6, 0x3F, 0x95, 0x85, 0x1F, 0x67, 0x94, 0x8A, 0xB4, 0xBC, 0x62, 0x6A, 0x94, 0x32, 0x7F,
    0xC0, 0x38, 0xE8, 0xB1, 0x14, 0x88, 0xAF, 0x46, 0x98, 0x81, 0x8F, 0x3E, 0xA7, 0x04, 0xC6, 0xA5,
    0xF2, 0x1F, 0xD2, 0xE5, 0xD2, 0xEA, 0x38, 0xEA, 0xC5, 0xC6, 0x0D, 0xD5, 0xC7, 0xD1, 0x15, 0x8E,
    0x80, 0x38, 0x02, 0xE2, 0x88, 0xC0, 0x6B, 0x74, 0x1E, 0xD9, 0xE5, 0xE2, 0x57, 0x84, 0x42, 0x98,
    0x59, 0x82, 0x1E, 0x01, 0xC6, 0x07, 0x88, 0x23, 0x6F, 0xB7, 0x70, 0xA8, 0x89, 0x1C, 0x2C, 0xB8,
    0x5A, 0x4B, 0xB1, 0x8D, 0xB6, 0x62, 0xF3, 0xCE, 0x08, 0x5C, 0x6C, 0x71, 0x3E, 0xE5, 0x3D, 0xC5,
    0xB8, 0x5B, 0xD1, 0x84, 0x76, 0x04, 0x8E, 0x8C, 0x5F, 0x6D, 0x73, 0xB4, 0xAD, 0xD1, 0xE4, 0xC2,
    0x97, 0xD4, 0x84, 0x9D, 0xF4, 0x18, 0xCF, 0xDC, 0x40, 0x3C, 0x13, 0x13, 0x67, 0x86, 0x59, 0x89,
    0x1D, 0xBF, 0xD4, 0x9A, 0x41, 0x33, 0x1F, 0x8D, 0x53, 0x4C, 0x06, 0x75, 0xCC, 0x1D, 0xD3, 0x30,
    0x77, 0x96, 0x9D, 0x62, 0xDE, 0x18, 0x3D, 0xAA, 0x9E, 0xA1, 0xB3, 0x63, 0xDC, 0x65, 0xC7, 0xA0,
    0xC1, 0xCE, 0x31, 0xB8, 0xB5, 0xCB, 0xE7, 0x8E, 0x81, 0x1E, 0xD4, 0xE7, 0xC4, 0xA7, 0x5A, 0x06,
    0x07, 0x3D, 0x30, 0x0A, 0x06, 0xA1, 0x47, 0x76, 0xEB, 0x8C, 0x01, 0x69, 0xC7, 0x68, 0xB6, 0x60,
    0x22, 0x47, 0x23, 0xDF, 0xC6, 0x2E, 0x13, 0x11, 0xF0, 0x2D, 0xE2, 0x13, 0xB1, 0xFC, 0x45, 0x01,
    0xE2, 0x62, 0x17, 0xA2, 0x5C, 0x15, 0x0A, 0x9E, 0x77, 0x55, 0x48, 0xEE, 0xA3, 0xE1, 0x12, 0xD8,
    0x79, 0x50, 0x67, 0xC1, 0x4E, 0x86, 0x62, 0x00, 0x12, 0x71, 0xEC, 0xF8, 0x26, 0x35, 0xC7, 0xC4,
    0xCE, 0x78, 0xFA, 0x9E, 0x4A, 0xCB, 0x2E, 0x19, 0xC1, 0x10, 0x92, 0x30, 0x7B, 0x1B, 0xE6, 0x92,
    0xDD, 0x3D, 0xA7, 0x52, 0x7C, 0x5A, 0x54, 0x01, 0xB9, 0xD0, 0x41, 0x3E, 0x2F, 0xE6, 0xAE, 0x65,
    0x24, 0x4A, 0x6A, 0x46, 0x92, 0x4D, 0x73, 0x5D, 0xD6, 0x17, 0xF6, 0x6B, 0xC7, 0xF8, 0x5B, 0xDF,
    0x88, 0x48, 0xD8, 0x40, 0x47, 0x60, 0x95, 0x64, 0xC8, 0x23, 0x38, 0xBC, 0xFF, 0xAF, 0xCC, 0x20,
    0x54, 0xBF, 0x9E, 0x3C, 0xDB, 0x4D, 0xA2, 0x6A, 0xD7, 0x6B, 0x7B, 0xBB, 0x5D, 0x9C, 0x12, 0xC2,
    0x93, 0x37, 0x0E, 0x4F, 0x70, 0x84, 0x73, 0x35, 0x11, 0x5A, 0xBC, 0x1F, 0x9F, 0x5C, 0x2D, 0x0C,
    0x5D, 0xC0, 0x2D, 0x89, 0x14, 0x85, 0x0B, 0x91, 0x16, 0x44, 0xFB, 0x6C, 0x5C, 0x38, 0x6B, 0x10,
    0x41, 0x0C, 0xC4, 0x5F, 0xB5, 0xC4, 0x16, 0xFB, 0x47, 0x5E, 0xAA, 0x81, 0x71, 0x98, 0x68, 0x6B,
    0xC5, 0x85, 0x5E, 0x8A, 0xC1, 0xD4, 0x99, 0x44, 0x6A, 0x8B, 0x08, 0x8F, 0x6A, 0x2D, 0x64, 0x25,
    0x5A, 0x34, 0x44, 0x98, 0x1D, 0x5C, 0xD6, 0x17, 0x9E, 0x52, 0xC6, 0xF7, 0x7A, 0x28, 0xA1, 0x86,
    0xC4, 0x10, 0x63, 0x7E, 0x3E, 0x07, 0x38, 0x74, 0xF8, 0x20, 0x62, 0xC0, 0x16, 0xE9, 0x12, 0x75,
    0x8B, 0x0D, 0xED, 0xEE, 0x0A, 0xDF, 0x39, 0xDF, 0x93, 0x69, 0xC9, 0x30, 0xB1, 0x03, 0x0E, 0xEE,
    0xB0, 0x20, 0xEB, 0x1D, 0x3B, 0x3E, 0x9F, 0xDE, 0x00, 0x3F, 0x7C, 0xD0, 0xFC, 0xF0, 0x30, 0x82,
    0x50, 0xB1, 0x91, 0x16, 0xD1, 0x83, 0xE3, 0x79, 0xDA, 0x7C, 0xFF, 0x0B, 0x81, 0xFE, 0xD4, 0x09,
    0x5E, 0xCE, 0xDC, 0x9F, 0x53, 0x6C, 0x55, 0x40, 0x55, 0x07, 0xB5, 0x1E, 0x9A, 0xC0, 0x3F, 0x3D,
    0x1C, 0xB4, 0xD8, 0xA1, 0xF9, 0x17, 0xC1, 0xB8, 0xEB, 0x9B, 0x5E, 0xD7, 0x55, 0x5D, 0xD8, 0xDC,
    0x63, 0xC2, 0x9F, 0x60, 0x25, 0x23, 0x3E, 0x62, 0x29, 0xF4, 0x1E, 0xE6, 0xD1, 0xBB, 0x66, 0x3E,
    0x63, 0x73, 0x41, 0x41, 0x0B, 0x8D, 0xAD, 0x2C, 0xF7, 0xA3, 0x30, 0x8D, 0x3A, 0xFC, 0x7C, 0xA4,
    0x09, 0xB9, 0xA3, 0x3D, 0x14, 0x7D, 0xE1, 0x40, 0xEB, 0xF4, 0x25, 0x15, 0x40, 0x7E, 0x99, 0x98,
    0x00, 0x54, 0x73, 0x0A, 0x93, 0xE5, 0x15, 0x2A, 0x39, 0x04, 0xF6, 0x9C, 0xD0, 0xFD, 0xEB, 0x2B,
    0x7B, 0xD5, 0xE9, 0x50, 0xD8, 0x26, 0x94, 0xF1, 0xA8, 0x6A, 0x1D, 0x34, 0x4A, 0xD7, 0x00, 0xE0,
    0xD7, 0x71, 0x98, 0x2F, 0xD8, 0xD4, 0x03, 0x99, 0xE3, 0xB1, 0xFC, 0xB0, 0x67, 0xE7, 0xA3, 0x6A,
    0x01, 0x8D, 0xF9, 0x38, 0x25, 0x3B, 0x0F, 0xB2, 0x5F, 0x69, 0x33, 0xD7, 0xB8, 0xCC, 0xC9, 0xA0,
    0x7A, 0x19, 0x0A, 0x6B, 0xE2, 0xA1, 0x7B, 0xE0, 0x39, 0xA4, 0x13, 0x12, 0x5F, 0x48, 0x97, 0xFA,
    0x4A, 0x7C, 0x3A, 0xE8, 0x77, 0x24, 0x73, 0x1A, 0xE6, 0x3B, 0x77, 0x84, 0x4A, 0xBA, 0x23, 0xE4,
    0xB2, 0x7B, 0x4B, 0xE6, 0x1B, 0xCF, 0xF2, 0x2E, 0x36, 0x01, 0x30, 0xD3, 0xC9, 0x17, 0xD2, 0x23,
    0x9B, 0x6A, 0xE0, 0x4A, 0x88, 0xB5, 0x00, 0x17, 0x51, 0x51, 0x0C, 0x65, 0xFB, 0x1A, 0x48, 0x07,
    0x2D, 0x52, 0x3A, 0xF3, 0x76, 0x84, 0xEC, 0xBF, 0xFC, 0x5B, 0x28, 0x9C, 0x17, 0xE4, 0xE1, 0x37,
    0x82, 0x64, 0xFA, 0xAD, 0x07, 0xB4, 0x74, 0x30, 0xF7, 0xE4, 0x9E, 0x33, 0x22, 0x32, 0xC3, 0x0B,
    0xA5, 0x7C, 0x7C, 0x03, 0x46, 0x1C, 0xB2, 0xF0, 0x03, 0x3F, 0x4F, 0xBC, 0x20, 0xFB, 0xDA, 0x7F,
    0x04, 0xFC, 0x67, 0x78, 0x05, 0xB3, 0xBE, 0xE5, 0x3E, 0x99, 0xB6, 0x11, 0xAA, 0x61, 0x7D, 0xCE,
    0x6D, 0x50, 0x79, 0x1A, 0xA7, 0xBB, 0xCC, 0x2C, 0x57, 0xB9, 0xD0, 0x84, 0x15, 0x38, 0xE5, 0xC6,
    0x46, 0xAA, 0x5B, 0x97, 0x77, 0x55, 0x51, 0x7D, 0x52, 0x2F, 0xDF, 0xC9, 0xD5, 0xB8, 0x7C, 0x29,
    0xEB, 0xB0, 0x7C, 0x95, 0x6A, 0xBF, 0x7C, 0x2D, 0x37, 0x6E, 0xF9, 0x5E, 0x36, 0xDD, 0xF2, 0xC5,
    0x6C, 0xEC, 0xF2, 0xCD, 0x2C, 0xF5, 0xF2, 0xD5, 0x2C, 0xEB, 0x77, 0x73, 0xC0, 0x46, 0x51, 0x3B,
    0x48, 0x85, 0x07, 0xA9, 0x1A, 0x41, 0xD2, 0xD3, 0xDC, 0xCD, 0xB3, 0x32, 0x6C, 0x8F, 0x7D, 0xD2,
    0xE2, 0x7E, 0x1E, 0xE8, 0x33, 0x0A, 0x61, 0x58, 0x5B, 0xB7, 0x2E, 0x92, 0x25, 0xF3, 0x9B, 0xC8,
    0x41, 0xFF, 0xB8, 0x32, 0xBD, 0x19, 0xDA, 0xCC, 0x16, 0x7E, 0x71, 0x69, 0x85, 0x1B, 0xA8, 0x1C,
    0x90, 0x8F, 0xCC, 0x06, 0xCE, 0x37, 0x34, 0x31, 0x7B, 0x48, 0x37, 0x43, 0x50, 0xC3, 0xAC, 0x33,
    0xEC, 0x84, 0xB2, 0x2D, 0x92, 0x65, 0x63, 0x3F, 0x06, 0xD2, 0x01, 0x7A, 0xA0, 0xB2, 0x1D, 0x0B,
    0xCD, 0x1C, 0x0A, 0x9D, 0x50, 0xE3, 0xEA, 0x12, 0xE2, 0x5C, 0x7B, 0xDE, 0xCE, 0xB4, 0x2F, 0x7A,
    0x3C, 0x85, 0xA8, 0x7C, 0xB9, 0xF5, 0xF9, 0xCA, 0x2D, 0x99, 0x7E, 0x7A, 0xB6, 0x37, 0x17, 0x1D,
    0x9E, 0x4E, 0xBC, 0x93, 0xE2, 0x36, 0xFD, 0x86, 0xDA, 0xF5, 0x7B, 0xE9, 0x96, 0x3D, 0x72, 0x26,
    0x77, 0x70, 0x1E, 0xFD, 0xA1, 0xE5, 0x59, 0xA8, 0xA9, 0x8F, 0x30, 0x41, 0xEC, 0x51, 0x26, 0x8F,
    0x23, 0xD7, 0x13, 0x8A, 0x1E, 0x01, 0x4F, 0xE0, 0xC9, 0x89, 0x39, 0x39, 0x81, 0x90, 0x16, 0x3C,
    0x3C, 0x3C, 0x3D, 0x3C, 0x7C, 0x82, 0xE7, 0x42, 0xC4, 0x4B, 0x30, 0x2D, 0x35, 0x9C, 0xAB, 0x19,
    0xE3, 0xB9, 0x25, 0x60, 0x46, 0x76, 0x9E, 0x33, 0xE7, 0x96, 0x80, 0x92, 0xFC, 0xAB, 0xDC, 0x41,
    0x0D, 0x3E, 0x36, 0x06, 0xCD, 0xF9, 0xA0, 0x3A, 0xBE, 0xF2, 0x2E, 0x33, 0x5F, 0xF6, 0x0C, 0x74,
    0xE5, 0xA5, 0xE4, 0x4F, 0x7F, 0x2D, 0xBF, 0xFC, 0xEB, 0x7A, 0xDF, 0xBF, 0x9F, 0x6F, 0xED, 0xC3,
    0xFD, 0xFD, 0xC4, 0xAD, 0xC5, 0xC6, 0x56, 0x08, 0xD4, 0xB4, 0xFC, 0xA3, 0x17, 0x6E, 0x7F, 0xED,
    0x06, 0x31, 0x19, 0xA8, 0x39, 0xEA, 0xE7, 0xD5, 0x22, 0x6D, 0x34, 0xB7, 0x1F, 0xE5, 0xB7, 0xE9,
    0xAD, 0xFA, 0x37, 0x5C, 0x53, 0xF6, 0xAD, 0x6C, 0xF9, 0x47, 0xF5, 0xBE, 0x3C, 0x6F, 0xD8, 0xF0,
    0x33, 0x15, 0xF4, 0x77, 0xED, 0x94, 0x31, 0x8C, 0xDC, 0x44, 0x14, 0x86, 0x3F, 0x7B, 0xC3, 0x2D,
    0xCA, 0x14, 0x43, 0x93, 0x26, 0x05, 0xA6, 0x8E, 0x44, 0xDC, 0x50, 0xE6, 0x6E, 0x1C, 0x28, 0x68,
    0x53, 0x70, 0x7D, 0xBF, 0xCD, 0xB5, 0x34, 0x68, 0x86, 0xD0, 0x4B, 0xA1, 0xA6, 0xA1, 0x48, 0x91,
    0x98, 0x22, 0x4D, 0xCA, 0x88, 0x71, 0xD2, 0x17, 0xDB, 0x37, 0xB8, 0x40, 0x08, 0x89, 0x82, 0x21,
    0xB2, 0x14, 0x87, 0xD8, 0xF3, 0x78, 0xDE, 0xBD, 0x43, 0xA7, 0xDC, 0x1D, 0xA2, 0xA0, 0xA0, 0xC8,
    0xDC, 0xFB, 0x7C, 0xCF, 0xEF, 0xF7, 0xFC, 0x3B, 0x63, 0xFB, 0x19, 0x3F, 0xB0, 0x12, 0xC1, 0x0E,
    0xBE, 0xAB, 0x92, 0xDB, 0xD6, 0x7D, 0xDD, 0xBB, 0x7E, 0xC9, 0x2E, 0xA1, 0xAF, 0xD3, 0xA2, 0xDB,
    0xE4, 0x3A, 0x33, 0xC6, 0xB0, 0x92, 0x0C, 0x27, 0x3F, 0x03, 0x98, 0xA4, 0x0E, 0xCB, 0x71, 0x3F,
    0x62, 0xE2, 0x24, 0x61, 0xAE, 0x08, 0x3B, 0x12, 0x85, 0x1B, 0xC7, 0xC0, 0x0C, 0xAB, 0x0C, 0x46,
    0xA9, 0x94, 0x23, 0xE5, 0x75, 0xA6, 0xFC, 0x23, 0xB3, 0x7E, 0x9E, 0xB1, 0x77, 0x33, 0xB7, 0x8B,
    0x8C, 0x17, 0x19, 0xA2, 0x82, 0xE6, 0x3B, 0xD6, 0xD2, 0xE0, 0x24, 0x71, 0xAB, 0x7D, 0x70, 0xBD,
    0x7D, 0x44, 0x25, 0x33, 0xF5, 0x29, 0x87, 0x7C, 0xA8, 0x5C, 0xE3, 0x8E, 0xDA, 0x3B, 0x19, 0x71,
    0x4F, 0x32, 0x94, 0x02, 0x48, 0xB8, 0xA6, 0x3C, 0x53, 0x72, 0x21, 0xC8, 0x77, 0x79, 0xA7, 0x1F,
    0xE4, 0x00, 0x27, 0x23, 0xA5, 0x08, 0xA6, 0xF7, 0x54, 0xDD, 0x11, 0x2E, 0x7C, 0x80, 0x6B, 0xC0,
    0x1F, 0x34, 0x44, 0x19, 0x89, 0xCF, 0x85, 0xB8, 0xFB, 0xF3, 0xC1, 0x37, 0x2E, 0x38, 0x3D, 0xD6,
    0x5D, 0xC4, 0xF6, 0x99, 0xB5, 0x4C, 0x10, 0x1F, 0xB0, 0x69, 0xDB, 0x26, 0x8A, 0x84, 0x05, 0x11,
    0x61, 0xC0, 0x91, 0xF8, 0x0A, 0x98, 0xA0, 0x1C, 0x60, 0x95, 0xC0, 0xF4, 0x60, 0x3B, 0x70, 0x01,
    0x3C, 0x20, 0x50, 0xCC, 0x2A, 0x2D, 0x97, 0x3C, 0x04, 0xE2, 0x6B, 0xF5, 0x93, 0x60, 0x77, 0xB7,
    0xBB, 0xEA, 0x6B, 0xA5, 0x1A, 0x5D, 0x67, 0x45, 0x9A, 0x95, 0x4C, 0xA0, 0xFF, 0x55, 0xD7, 0x87,
    0xE4, 0x93, 0xEB, 0x2A, 0xC5, 0xEE, 0xA8, 0x07, 0xDF, 0x1B, 0x91, 0xC0, 0x93, 0x5F, 0x29, 0x24,
    0x60, 0x65, 0xA4, 0x7E, 0x3E, 0xE3, 0x42, 0xC4, 0x37, 0x9E, 0x88, 0x6B, 0xE2, 0x7E, 0xDD, 0xA1,
    0xFE, 0x45, 0x82, 0x11, 0x1F, 0xB8, 0xB7, 0xDB, 0x21, 0x10, 0xB9, 0xC3, 0xCC, 0xD1, 0x4A, 0xE7,
    0x48, 0xCF, 0x41, 0x06, 0x6E, 0x28, 0xEE, 0x22, 0x22, 0xD2, 0x2D, 0x6C, 0x62, 0xDB, 0x5C, 0xD0,
    0x6F, 0x9F, 0xD3, 0xF5, 0x5E, 0x9C, 0xE5, 0x6D, 0xDB, 0x06, 0xCE, 0x8D, 0xB3, 0xFA, 0xF1, 0xF1,
    0x71, 0x03, 0x60, 0x02, 0x91, 0xD5, 0x84, 0x4D, 0x54, 0x3D, 0xAE, 0x5B, 0xC2, 0x6B, 0xED, 0x42,
    0x68, 0x71, 0xAF, 0x56, 0x09, 0x33, 0x52, 0x66, 0x96, 0x52, 0xD9, 0x00, 0x87, 0xE0, 0xB6, 0x4B,
    0x71, 0x35, 0x83, 0x40, 0x6C, 0xF6, 0x57, 0x5F, 0x12, 0xBE, 0x5B, 0xBC, 0x84, 0x22, 0xEF, 0x7E,
    0xB4, 0xC7, 0x35, 0x7C, 0xC2, 0x6E, 0xF8, 0x97, 0x12, 0x6A, 0x91, 0xAD, 0x99, 0xAA, 0x64, 0x46,
    0x9B, 0xCC, 0xA0, 0xA4, 0x8B, 0x58, 0xD5, 0xA2, 0x58, 0xB9, 0x71, 0xFC, 0xDE, 0x17, 0xFF, 0x49,
    0xFB, 0xD4, 0x01, 0xE9, 0x8C, 0x74, 0xCE, 0x77, 0x87, 0xAE, 0xE3, 0x1F, 0x22, 0x6E, 0x9D, 0xC8,
    0xCD, 0xB6, 0x5D, 0xCB, 0x96, 0x5A, 0x26, 0xDC, 0x8B, 0x8C, 0xBF, 0x2B, 0xB8, 0x42, 0x38, 0x28,
    0x32, 0x94, 0x13, 0xAC, 0x46, 0xB0, 0xFD, 0x62, 0xBB, 0xEF, 0xAF, 0xB4, 0x6A, 0xAA, 0x6E, 0x15,
    0x7C, 0xFB, 0x24, 0x44, 0x91, 0x85, 0x46, 0x1F, 0x10, 0xE5, 0x99, 0xC7, 0x7D, 0xF5, 0x28, 0xF6,
    0x1E, 0x94, 0x19, 0xD6, 0x13, 0x85, 0xF4, 0xAA, 0x0F, 0x9A, 0x67, 0x40, 0x94, 0x18, 0x9E, 0x12,
    0x9B, 0x09, 0x41, 0x3E, 0xCF, 0x38, 0xD5, 0x0E, 0x72, 0xF3, 0xAE, 0x81, 0xDF, 0x35, 0xF0, 0xFF,
    0xA4, 0x81, 0x4B, 0x09, 0xD4, 0x32, 0xE2, 0xBE, 0x99, 0xA8, 0x3F, 0x9D, 0xA1, 0x9C, 0x29, 0x7E,
    0xD8, 0xBF, 0x51, 0xF1, 0xFE, 0x8C, 0x94, 0xA7, 0xAC, 0x67, 0xFC, 0x2C, 0xC1, 0xF4, 0x6D, 0x28,
    0x62, 0xB0, 0x32, 0xB8, 0x17, 0x93, 0x6F, 0x72, 0x44, 0xA4, 0x95, 0x65, 0x80, 0x86, 0x0F, 0xEF,
    0xBB, 0xED, 0xC7, 0x56, 0xA6, 0x42, 0xB6, 0x45, 0x7C, 0x80, 0x66, 0xB8, 0x4E, 0xF0, 0x8D, 0x6F,
    0x04, 0x17, 0x94, 0xEE, 0x1C, 0x61, 0xA9, 0x2F, 0x99, 0x7D, 0x33, 0xB1, 0x5C, 0x7F, 0xAB, 0xBD,
    0xF9, 0xC8, 0xCB, 0xC9, 0xB4, 0x9E, 0x4C, 0x57, 0x66, 0x0B, 0xF1, 0x19, 0xB8, 0x01, 0xAC, 0xE2,
    0x26, 0x78, 0x2A, 0x94, 0xBD, 0xEF, 0x4C, 0xE7, 0xFA, 0x38, 0xC8, 0xDC, 0x3E, 0x6C, 0x1F, 0x6B,
    0x43, 0x39, 0x49, 0x5F, 0x9A, 0xE9, 0xA3, 0x72, 0x06, 0xD1, 0x38, 0x1D, 0x48, 0x2C, 0x66, 0xF7,
    0xD9, 0x54, 0x49, 0x2A, 0xB5, 0x77, 0xBF, 0x87, 0x98, 0xC0, 0x2A, 0xE6, 0x0C, 0xED, 0x37, 0xF3,
    0x46, 0x3A, 0x33, 0xBB, 0x7E, 0xFF, 0xE9, 0xBA, 0x1C, 0xAB, 0xF8, 0x6C, 0xF3, 0xA6, 0xBD, 0xDE,
    0x5E, 0xEA, 0x93, 0x36, 0x0F, 0x4D, 0xF2, 0xA3, 0x49, 0x55, 0x30, 0xE9, 0x50, 0xCF, 0x07, 0xCC,
    0xAB, 0x84, 0x91, 0x49, 0xC9, 0x7A, 0x2E, 0x8D, 0xEA, 0x9D, 0x1D, 0xEA, 0xE4, 0xC5, 0xCC, 0x9B,
    0xB6, 0x78, 0xAC, 0x3E, 0x31, 0x2D, 0x2E, 0xE6, 0x5F, 0x84, 0x1D, 0xF0, 0xC2, 0xA6, 0x65, 0xF3,
    0xED, 0x8F, 0x65, 0xC6, 0xBF, 0x92, 0x9F, 0xA4, 0xB3, 0x73, 0x3D, 0xFB, 0x65, 0xDD, 0x43, 0xB5,
    0x5F, 0x65, 0x32, 0xE9, 0xEA, 0xE3, 0x7E, 0x17, 0xFB, 0x7D, 0xD8, 0x79, 0xD9, 0xC9, 0xF5, 0xC7,
    0xEA, 0xA6, 0x5E, 0x3B, 0xA7, 0xFE, 0xEA, 0x4F, 0xF7, 0x5B, 0xFB, 0xFF, 0x5A, 0xE7, 0xFC, 0xB6,
    0xCC, 0xA9, 0x92, 0x1D, 0x8D, 0x6A, 0x6B, 0x9D, 0xF9, 0x16, 0x83, 0x3A, 0x4D, 0x3A, 0x4F, 0x64,
    0x6B, 0x5F, 0x66, 0x6C, 0xE2, 0x6F, 0x7C, 0x86, 0x28, 0x0D, 0xBB, 0xB7, 0x28, 0xB9, 0x62, 0x70,
    0x24, 0xD7, 0xE3, 0xA4, 0xD1, 0xD3, 0x22, 0x4E, 0xD7, 0xD6, 0xD3, 0x1D, 0xA6, 0x23, 0x46, 0xF7,
    0x7B, 0x32, 0xD2, 0x70, 0x8F, 0x22, 0xB1, 0x4A, 0x54, 0x7F, 0x86, 0xA8, 0x6E, 0x89, 0x4B, 0x63,
    0xE9, 0x01, 0xE9, 0x89, 0xE1, 0x2F, 0xAD, 0x98, 0x01, 0xA4, 0x25, 0x59, 0x7E, 0xC6, 0xBF, 0xAA,
    0xF2, 0xBA, 0x44, 0x85, 0x13, 0x4C, 0xEF, 0xDA, 0x99, 0x50, 0x8B, 0x46, 0x8C, 0xE8, 0x82, 0x45,
    0x30, 0xF3, 0x4E, 0x65, 0x17, 0xC1, 0x22, 0x0F, 0xF3, 0x66, 0x30, 0xE8, 0x00, 0x62, 0x82, 0x06,
    0x80, 0x36, 0x55, 0x2B, 0x58, 0x04, 0x5E, 0xC8, 0x02, 0x30, 0x18, 0x6C, 0xEE, 0xE0, 0x01, 0x0C,
    0x5E, 0xCF, 0xA9, 0x74, 0x8B, 0x05, 0xCC, 0xCD, 0x46, 0x40, 0xD0, 0x65, 0x33, 0x3D, 0xE8, 0x86,
    0x33, 0x33, 0xB5, 0x93, 0xF3, 0x5E, 0x9F, 0xAA, 0x2F, 0xE7, 0x7F, 0x4E, 0xDD, 0x7B, 0xE7, 0xBD,
    0x9D, 0x6C, 0x26, 0x6D, 0xFF, 0xAE, 0xDF, 0xEF, 0xEB, 0x7B, 0x4E, 0x9D, 0x3A, 0xF5, 0xAE, 0x73,
    0xFA, 0xDC, 0x8B, 0xB5, 0x6A, 0x3A, 0x11, 0xC9, 0x16, 0x28, 0xF9, 0x63, 0x0E, 0x80, 0xF2, 0x30,
    0x41, 0x7A, 0x42, 0xD7, 0x06, 0x59, 0xDC, 0x01, 0x60, 0x2C, 0x20, 0x1A, 0xA3, 0x38, 0xBE, 0xBA,
    0xD9, 0x6C, 0xCE, 0x38, 0xD6, 0x24, 0x47, 0x33, 0x1E, 0xF1, 0xEA, 0x7C, 0x0C, 0x5D, 0x38, 0x56,
    0xA3, 0x16, 0x95, 0xA3, 0x76, 0x41, 0xF9, 0x99, 0xF2, 0x41, 0x32, 0x74, 0x2F, 0xCA, 0x48, 0x72,
    0x01, 0xEA, 0x24, 0xDC, 0xE6, 0xD3, 0xD3, 0x34, 0x1E, 0xBE, 0x4D, 0x99, 0x8B, 0xCA, 0x93, 0x8A,
    0x29, 0x5D, 0x78, 0x10, 0xEE, 0xFC, 0x59, 0x00, 0x3E, 0x7E, 0x43, 0x38, 0x3D, 0x08, 0xC8, 0x2E,
    0x5D, 0x80, 0x91, 0xC1, 0x15, 0xC9, 0x2D, 0x0C, 0x3F, 0xA7, 0xCD, 0xF9, 0x5F, 0xBF, 0xA6, 0x2B,
    0xF9, 0xF8, 0x31, 0x9D, 0x62, 0xF9, 0xF8, 0xC9, 0x54, 0xB3, 0xFA, 0xFB, 0x4F, 0x47, 0xBD, 0xA8,
    0x9F, 0xFF, 0x2B, 0xF4, 0xAC, 0xAA, 0x5E, 0xA8, 0x5A, 0x68, 0x5F, 0x2B, 0xA0, 0xF3, 0x77, 0x03,
    0xB5, 0x7F, 0xB3, 0x0E, 0x9C, 0xDF, 0xB8, 0x2B, 0x7C, 0xF0, 0x66, 0xE0, 0x72, 0x11, 0x6E, 0xD5,
    0xD0, 0x3D, 0x90, 0xE1, 0xA7, 0x0B, 0xFC, 0xA8, 0xA2, 0x75, 0x70, 0x05, 0xDD, 0x54, 0x4E, 0x20,
    0xAF, 0x68, 0xD1, 0x90, 0x1C, 0x50, 0xC4, 0x07, 0x2C, 0x7E, 0x75, 0x25, 0x7F, 0xD7, 0xC7, 0x03,
    0x80, 0xEA, 0xE7, 0x42, 0xF5, 0x53, 0xE1, 0x51, 0x86, 0x43, 0xDD, 0xE7, 0x0C, 0x94, 0xF1, 0xAA,
    0x66, 0x79, 0x9B, 0x16, 0xC6, 0xA2, 0x73, 0x39, 0x07, 0x68, 0x57, 0xB0, 0x47, 0x3D, 0x55, 0x04,
    0xEA, 0x51, 0x05, 0xFE, 0x11, 0xEA, 0x05, 0xA1, 0x9A, 0x48, 0x3D, 0xDF, 0x3E, 0x79, 0xB5, 0xD7,
    0xB3, 0xF6, 0xC6, 0xEA, 0xB9, 0x99, 0xE9, 0xB4, 0x2F, 0xF8, 0xC4, 0xE9, 0xB9, 0x60, 0x31, 0x45,
    0xF6, 0x81, 0x8B, 0xCC, 0x5C, 0xD8, 0x50, 0xA8, 0x56, 0xFE, 0x24, 0xB0, 0xE4, 0xE3, 0x05, 0x3F,
    0x2A, 0xF8, 0xD5, 0x02, 0x07, 0x72, 0x29, 0x27, 0x68, 0x92, 0x16, 0x55, 0x9C, 0x0F, 0x8C, 0xCC,
    0x0D, 0xD9, 0x29, 0x40, 0x92, 0x3E, 0xE2, 0x35, 0x3E, 0x3B, 0xF7, 0x39, 0xB7, 0x99, 0xCF, 0xB8,
    0x45, 0xC4, 0x85, 0xE0, 0xA1, 0x00, 0xDF, 0x0E, 0xB2, 0x5F, 0x71, 0xB5, 0x69, 0x6F, 0xB4, 0x1A,
    0x72, 0x02, 0x05, 0x7F, 0xC7, 0x67, 0x1F, 0x1C, 0x1A, 0x90, 0x0B, 0x0A, 0x5A, 0x80, 0xE4, 0x98,
    0x90, 0xAA, 0xE2, 0x12, 0xAF, 0x1B, 0x72, 0xFE, 0x9A, 0x63, 0x41, 0x18, 0x5B, 0x2D, 0xD0, 0xB6,
    0x9A, 0x03, 0x54, 0x40, 0x1F, 0x00, 0x54, 0x4B, 0x40, 0xC9, 0x80, 0x42, 0xF0, 0x0E, 0x7F, 0xF1,
    0x16, 0x48, 0xFA, 0x04, 0x18, 0x19, 0xAE, 0xB3, 0x38, 0xBC, 0x87, 0x8D, 0xB9, 0xFA, 0x25, 0xA0,
    0x07, 0x00, 0xA6, 0x0F, 0x58, 0x80, 0x3F, 0x2E, 0xB8, 0xE0, 0xCF, 0x6B, 0x69, 0x36, 0x3B, 0xB8,
    0x87, 0xA8, 0x39, 0x9E, 0x00, 0xB7, 0xD7, 0xF9, 0x6C, 0xB1, 0x96, 0x1A, 0x76, 0xA9, 0xEE, 0x77,
    0xA9, 0x59, 0xFD, 0xFA, 0x99, 0x7E, 0xEF, 0x0C, 0xD0, 0x7C, 0xC4, 0xD9, 0xD0, 0x4B, 0xFA, 0x94,
    0x52, 0x40, 0x11, 0x6D, 0xD8, 0x23, 0xA3, 0x2F, 0xE5, 0x35, 0x84, 0x64, 0x0B, 0x79, 0x6D, 0x25,
    0xE5, 0xF2, 0x92, 0x34, 0x86, 0xD7, 0x3E, 0xC9, 0xEB, 0xE5, 0x52, 0xBE, 0x4F, 0xC5, 0x3E, 0x95,
    0xFB, 0xA4, 0x52, 0x2A, 0x39, 0x29, 0x4E, 0x19, 0x27, 0x74, 0xE4, 0x7D, 0x32, 0x23, 0x25, 0x75,
    0x29, 0x85, 0x7A, 0x1F, 0xBB, 0xF2, 0xBF, 0x9B, 0xF2, 0x69, 0x9F, 0x3E, 0x48, 0xD6, 0x1C, 0x51,
    0x90, 0x83, 0xE6, 0x14, 0xFD, 0x3D, 0x7A, 0x64, 0xF7, 0x2E, 0x5B, 0x18, 0x02, 0xD5, 0x88, 0xE0,
    0x76, 0xF5, 0xB0, 0xDA, 0x46, 0x3F, 0xA4, 0x4B, 0xEE, 0xE6, 0xE4, 0x86, 0x62, 0xA6, 0xDA, 0xEE,
    0x7C, 0xFB, 0x93, 0xB7, 0xF9, 0xDB, 0x77, 0x9F, 0xB6, 0x78, 0x08, 0xE3, 0x43, 0xBB, 0x61, 0xAC,
    0x61, 0xD7, 0xBE, 0xE1, 0xE6, 0x9C, 0xBC, 0xEA, 0x43, 0x7B, 0xC1, 0xE7, 0x23, 0x82, 0x41, 0x26,
    0x77, 0xAB, 0x9B, 0xD5, 0x6A, 0x75, 0x29, 0xFE, 0x04, 0xC8, 0xC5, 0x04, 0x10, 0xAC, 0xE3, 0x87,
    0xB7, 0xBA, 0x89, 0xF3, 0xB8, 0x04, 0x20, 0x96, 0x5E, 0x78, 0x97, 0xCF, 0xA4, 0x05, 0x05, 0x87,
    0xB8, 0x5C, 0x73, 0x0E, 0x25, 0x93, 0x0B, 0xF6, 0xAB, 0x87, 0x9B, 0xBE, 0xB3, 0xFA, 0x22, 0xB9,
    0xF7, 0xC9, 0x3F, 0x89, 0xAE, 0x58, 0x45, 0xD7, 0xBE, 0xA3, 0xCF, 0xF9, 0x8C, 0x5F, 0x50, 0x4C,
    0xF6, 0xE7, 0xCB, 0x2F, 0x83, 0x3F, 0x83, 0x8A, 0xED, 0x78, 0x19, 0x57, 0xB4, 0x08, 0xC0, 0xBA,
    0x73, 0xCD, 0xD1, 0x19, 0x67, 0xC4, 0x3A, 0x3A, 0x21, 0x29, 0xFB, 0x98, 0x14, 0xD7, 0x9D, 0x37,
    0x3D, 0xA5, 0x59, 0x82, 0xD3, 0x83, 0x2A, 0xF6, 0xBB, 0x18, 0x5E, 0x87, 0xB8, 0x3D, 0xC4, 0x11,
    0xB7, 0x36, 0xAD, 0xC4, 0x3C, 0x44, 0x43, 0x97, 0xE2, 0xB6, 0x20, 0x97, 0xF5, 0x32, 0xE5, 0x0A,
    0xAE, 0xB1, 0xB6, 0x88, 0xB1, 0x24, 0x1A, 0x8B, 0xD8, 0xA1, 0x9E, 0xD1, 0x38, 0x7C, 0x18, 0x22,
    0xE3, 0x3E, 0xDB, 0x22, 0xC6, 0x01, 0x35, 0x9D, 0xC4, 0xCF, 0xB9, 0x85, 0x62, 0x40, 0xE8, 0x4B,
    0x1B, 0x98, 0x6E, 0x61, 0x1C, 0x60, 0xD2, 0x2D, 0xB4, 0x07, 0x2A, 0xB2, 0x0D, 0x31, 0xEE, 0xA0,
    0x0D, 0xFB, 0x5C, 0xA6, 0x8E, 0xAA, 0x8F, 0x73, 0x19, 0xCA, 0xD0, 0x30, 0x40, 0xA2, 0x4C, 0x5D,
    0x87, 0x28, 0x0D, 0x19, 0xAD, 0x1E, 0xC1, 0xB6, 0x64, 0xE0, 0xDC, 0xC8, 0x24, 0x49, 0xF6, 0x71,
    0xF9, 0xFA, 0x18, 0x4B, 0x3E, 0x92, 0x1B, 0xAF, 0x75, 0xF4, 0x4F, 0x80, 0x26, 0x47, 0xBC, 0xD7,
    0xE6, 0xE4, 0x10, 0xA3, 0x0C, 0xC8, 0xE1, 0xFB, 0x5C, 0xDA, 0x10, 0x71, 0x7F, 0x0E, 0x72, 0x71,
    0x9B, 0xAB, 0x2C, 0x24, 0xE6, 0x1C, 0x63, 0x34, 0x3E, 0x6E, 0x79, 0x6A, 0x04, 0xF4, 0x1A, 0x87,
    0x10, 0x67, 0x54, 0x4F, 0x5C, 0x8C, 0xCD, 0x02, 0xF5, 0xA9, 0x47, 0xD3, 0x03, 0x35, 0xA1, 0xFE,
    0xC1, 0x43, 0xB7, 0x80, 0x22, 0xEA, 0xBF, 0x9A, 0xA1, 0x81, 0xDB, 0xF7, 0xF8, 0x8B, 0xEE, 0x1D,
    0x9E, 0x76, 0xA7, 0x6D, 0xC7, 0x5D, 0x6D, 0x0F, 0x31, 0xFE, 0x79, 0x1E, 0x80, 0xBD, 0x07, 0xE4,
    0xAE, 0x1E, 0x1C, 0x24, 0x82, 0xD6, 0xC1, 0x3C, 0x72, 0x29, 0x4E, 0xE8, 0x7E, 0x33, 0x49, 0x34,
    0x5F, 0x5B, 0xE8, 0xAF, 0xAC, 0xC4, 0xEE, 0xC5, 0x3E, 0x6A, 0x8E, 0x71, 0xA5, 0xC4, 0x38, 0x40,
    0x71, 0x90, 0x58, 0xEF, 0x63, 0x50, 0x8F, 0x8A, 0x7D, 0x8A, 0x2D, 0x4A, 0xB6, 0x12, 0x2B, 0xAE,
    0x5B, 0xB1, 0x68, 0x8D, 0xAF, 0x6F, 0x36, 0xFF, 0x0C, 0x6C, 0xE2, 0x64, 0x6D, 0xC6, 0x41, 0x3C,
    0x8B, 0xAF, 0x36, 0x86, 0x62, 0x8B, 0x82, 0x3F, 0x8B, 0xCE, 0xF8, 0x2F, 0xD1, 0xB8, 0xEE, 0xF7,
    0xCE, 0x92, 0xCD, 0xF8, 0xFF, 0x35, 0xB2, 0xD5, 0x39, 0xFB, 0x6B, 0x2E, 0xD8, 0x46, 0x2B, 0x22,
    0x98, 0xE4, 0xBC, 0x7A, 0x5A, 0xDD, 0x03, 0xB8, 0x25, 0x13, 0x47, 0xC5, 0x45, 0x72, 0x24, 0x9A,
    0x48, 0x25, 0x24, 0xE9, 0x22, 0x3D, 0x70, 0x7A, 0x9F, 0x6F, 0xAD, 0xEF, 0x1F, 0x9D, 0x09, 0x0D,
    0x03, 0x0B, 0xF2, 0xC9, 0x82, 0x8A, 0xCF, 0xB9, 0xC8, 0x8D, 0xCC, 0x82, 0x66, 0x86, 0x5E, 0xA0,
    0x3D, 0x9A, 0xC8, 0x3A, 0xD0, 0x09, 0x3B, 0x07, 0x75, 0x93, 0xB1, 0xD5, 0xAF, 0x6C, 0x76, 0xD7,
    0xD6, 0x84, 0x21, 0x14, 0x9F, 0xBF, 0x60, 0x5F, 0x90, 0xBF, 0xA2, 0x87, 0x61, 0x11, 0x78, 0x74,
    0x82, 0xEB, 0x55, 0x92, 0x64, 0x9B, 0x98, 0x9D, 0x86, 0x42, 0xAC, 0x75, 0x13, 0x26, 0x2D, 0xF4,
    0xA5, 0xF1, 0x30, 0x5B, 0x35, 0x83, 0x83, 0x9A, 0x0B, 0xB6, 0x95, 0x2F, 0x88, 0x72, 0x2A, 0x89,
    0xBC, 0xAD, 0x08, 0x40, 0x71, 0x7D, 0xD0, 0x84, 0x73, 0x6E, 0x3E, 0x4C, 0x0F, 0x7F, 0x8F, 0xA7,
    0x2D, 0x48, 0x0E, 0x11, 0xA9, 0x5F, 0xC5, 0xC3, 0xFF, 0xC6, 0x2D, 0xD2, 0xE6, 0x03, 0x6E, 0xF1,
    0xA7, 0x30, 0x13, 0x2E, 0xA0, 0xF9, 0x91, 0x4F, 0xF7, 0xCD, 0xC8, 0x21, 0x2E, 0x22, 0x4D, 0x5A,
    0xC3, 0x49, 0x44, 0xBA, 0xEF, 0x71, 0x39, 0xA9, 0xB9, 0x85, 0x71, 0x50, 0x33, 0xA2, 0x6C, 0x54,
    0x33, 0x44, 0x75, 0xAD, 0x28, 0x9B, 0x21, 0x2A, 0xA6, 0x28, 0x35, 0x46, 0xE9, 0x3E, 0x8A, 0x41,
    0x8C, 0x65, 0x57, 0x9D, 0x06, 0xCC, 0xA7, 0x27, 0x30, 0x8B, 0xF1, 0xA9, 0x27, 0xA3, 0x1A, 0xB6,
    0x22, 0xC5, 0x41, 0x54, 0x72, 0x14, 0xE5, 0x9C, 0x44, 0xA0, 0x8F, 0x32, 0x4B, 0x94, 0x66, 0x2B,
    0xEF, 0xD4, 0x1C, 0x65, 0x9E, 0x25, 0x17, 0x51, 0x68, 0xEC, 0x28, 0x05, 0xB3, 0x2A, 0xEC, 0x95,
    0x1F, 0x05, 0xC9, 0x4A, 0xEE, 0xF0, 0x50, 0xA4, 0x71, 0x21, 0x6A, 0x76, 0xFA, 0x5B, 0xD1, 0xAB,
    0x40, 0x50, 0x0D, 0xD1, 0xC2, 0x56, 0xC4, 0x19, 0x51, 0x5B, 0x51, 0x37, 0x0B, 0x4B, 0xCE, 0xB7,
    0x82, 0x0C, 0x67, 0x79, 0x68, 0x76, 0x64, 0xD0, 0xDF, 0x68, 0x4E, 0xE9, 0x3A, 0xE1, 0xBA, 0x7D,
    0x37, 0x49, 0x4C, 0xFA, 0x58, 0x47, 0xE1, 0xBA, 0x0C, 0xDB, 0xD8, 0x93, 0xFE, 0x20, 0x19, 0x41,
    0x70, 0xF3, 0x54, 0x83, 0xAE, 0xDF, 0xA5, 0x8C, 0xD8, 0xD5, 0xF7, 0xFD, 0x2E, 0x19, 0x72, 0x14,
    0xEF, 0xCF, 0xF8, 0x52, 0xFA, 0x8C, 0xFF, 0xC6, 0x74, 0xDD, 0x1D, 0x59, 0x71, 0x6B, 0x8F, 0x82,
    0xBD, 0xB6, 0x29, 0x96, 0x44, 0xED, 0x52, 0xAC, 0x08, 0xB5, 0x0E, 0xA7, 0x16, 0xA8, 0x39, 0x26,
    0xB1, 0x5A, 0x47, 0x6B, 0xBC, 0xF4, 0x89, 0xA5, 0xBF, 0x11, 0xDD, 0x21, 0x4E, 0xFB, 0xD8, 0x59,
    0xA8, 0x35, 0x1A, 0xBB, 0x1F, 0x81, 0x12, 0xB3, 0x38, 0xD1, 0x80, 0x7A, 0x56, 0x94, 0x06, 0x6E,
    0xD1, 0x78, 0xFD, 0x1B, 0xB6, 0xC8, 0xE2, 0xD9, 0xDB, 0x0C, 0x41, 0x6F, 0x4B, 0xB4, 0x0C, 0xB1,
    0x26, 0x5B, 0x70, 0x94, 0xA8, 0xCF, 0x89, 0x8C, 0x8F, 0x24, 0xBE, 0x5F, 0xB0, 0x2D, 0x58, 0x48,
    0x3C, 0xAE, 0x38, 0x35, 0x73, 0x11, 0x1E, 0x15, 0x9A, 0xFF, 0x4D, 0xDA, 0x82, 0x9C, 0xA1, 0xD8,
    0x1B, 0xB6, 0xD5, 0xFE, 0xCF, 0xB2, 0x9F, 0x84, 0xC4, 0xF9, 0x10, 0xFD, 0x3E, 0x36, 0x87, 0xA8,
    0xDD, 0x21, 0x4E, 0xFB, 0x68, 0xEC, 0x3E, 0x9E, 0x5E, 0x5B, 0xD5, 0x26, 0x1D, 0x3A, 0xD8, 0xCA,
    0x78, 0xDD, 0x00, 0x34, 0xB6, 0xD9, 0x02, 0xDA, 0xD6, 0xA3, 0x50, 0x45, 0xD6, 0x07, 0x4E, 0xB1,
    0xD5, 0xE9, 0x21, 0xD0, 0x77, 0xBD, 0xDC, 0x9A, 0x00, 0xEA, 0x65, 0x09, 0x54, 0xF4, 0x81, 0x15,
    0x5D, 0x1C, 0xD3, 0xC6, 0x83, 0xF0, 0x16, 0x68, 0x32, 0xC9, 0xBA, 0x15, 0x9A, 0xC7, 0x74, 0xC8,
    0xF8, 0x9C, 0x5E, 0xEE, 0xCA, 0x05, 0x25, 0xF9, 0x84, 0x50, 0xCF, 0xF9, 0x53, 0xB6, 0xCD, 0xE3,
    0xA5, 0xE0, 0xA0, 0xFF, 0xD2, 0x07, 0x12, 0x53, 0x3C, 0xD1, 0xFF, 0x10, 0x1C, 0x77, 0x4F, 0xF0,
    0x3E, 0x64, 0x47, 0x5F, 0x84, 0x05, 0xD1, 0xC9, 0xDE, 0x0B, 0x33, 0x00, 0xFC, 0x9C, 0x3D, 0xD0,
    0x71, 0x89, 0x77, 0x1F, 0xA1, 0xC9, 0xA5, 0x15, 0xD2, 0x21, 0x6C, 0x01, 0x86, 0x69, 0x45, 0x0E,
    0x81, 0x05, 0x47, 0xC3, 0x43, 0xDD, 0x36, 0x97, 0xA7, 0xBC, 0x8C, 0x2B, 0x74, 0x3A, 0xE5, 0x1C,
    0x32, 0x63, 0x99, 0xC8, 0xD8, 0x7F, 0x1B, 0x58, 0xB1, 0x87, 0x59, 0xE2, 0xEA, 0x25, 0xAD, 0xF0,
    0x12, 0x81, 0x0E, 0xDF, 0x91, 0xF4, 0x01, 0x9A, 0xA2, 0x48, 0xA9, 0x93, 0x48, 0xB8, 0x83, 0x0E,
    0x8F, 0x10, 0x6F, 0xA2, 0x97, 0x2B, 0x7A, 0x64, 0xB4, 0x4E, 0xCF, 0x28, 0x38, 0x38, 0x15, 0xF7,
    0x7C, 0x57, 0xC9, 0xDE, 0x1D, 0x34, 0x41, 0x7B, 0xB8, 0xAC, 0x45, 0x17, 0x24, 0xB7, 0x4A, 0xA2,
    0xFB, 0xBD, 0x5A, 0xE4, 0x4B, 0xB8, 0x03, 0xC9, 0x31, 0x68, 0x21, 0xCF, 0xE4, 0x3A, 0xBD, 0xA0,
    0x13, 0x79, 0xE8, 0xA4, 0x66, 0x89, 0x52, 0x8C, 0xAA, 0x38, 0x88, 0x72, 0x5A, 0x11, 0xCC, 0x72,
    0xD9, 0x05, 0xD5, 0x24, 0x1D, 0x90, 0x05, 0xB5, 0x08, 0x9E, 0x85, 0x37, 0x9E, 0xA8, 0x88, 0x4D,
    0x87, 0xFF, 0xD7, 0x87, 0x83, 0xF6, 0xA7, 0x01, 0x63, 0x45, 0xC7, 0x3A, 0xEA, 0x42, 0x3B, 0x91,
    0x6F, 0xBC, 0xC8, 0xD5, 0xA2, 0x7C, 0x92, 0x15, 0x70, 0xFB, 0x9D, 0xCB, 0x7B, 0x3C, 0x3D, 0xED,
    0x28, 0xB5, 0xAC, 0x82, 0x4A, 0x67, 0xC7, 0x55, 0x4D, 0x9F, 0x73, 0xC4, 0x8D, 0x2E, 0x26, 0x7D,
    0x0C, 0x33, 0x20, 0xB3, 0x0E, 0x2F, 0x79, 0x14, 0xD1, 0x8C, 0x22, 0xA8, 0x61, 0x5C, 0x55, 0x9A,
    0x3D, 0x69, 0x15, 0xE9, 0x57, 0x21, 0x55, 0xC9, 0x05, 0xEB, 0xD9, 0x0C, 0x74, 0xF7, 0xD3, 0x11,
    0x7B, 0x91, 0x9D, 0x28, 0x67, 0xC8, 0xC8, 0xD8, 0xC3, 0x20, 0x0F, 0x3C, 0x82, 0xCC, 0x21, 0x3E,
    0x6C, 0x38, 0xA1, 0x18, 0x7E, 0x16, 0x27, 0xE0, 0x12, 0x51, 0x0A, 0xD2, 0x38, 0xDF, 0x7C, 0xBF,
    0x61, 0xF8, 0x44, 0x3E, 0xAC, 0x38, 0xAE, 0xC7, 0x9E, 0x57, 0xE2, 0x6A, 0xD7, 0x6D, 0x9C, 0xD2,
    0x50, 0x05, 0x76, 0xDB, 0x62, 0x01, 0xB8, 0x8D, 0xF7, 0x1A, 0x42, 0xA8, 0xD8, 0xA3, 0x21, 0x17,
    0x20, 0x27, 0x27, 0x00, 0x47, 0x6F, 0x41, 0xAA, 0x15, 0xE4, 0x76, 0xCF, 0xCC, 0x48, 0xAB, 0x22,
    0x09, 0x18, 0xBE, 0x88, 0x5F, 0x7D, 0xBF, 0xE4, 0x58, 0xF2, 0xC7, 0x96, 0xA3, 0x62, 0x6E, 0xCD,
    0xB6, 0x99, 0x73, 0xDB, 0xF5, 0xDA, 0xE7, 0xF6, 0x0E, 0xBA, 0x40, 0xC0, 0x44, 0xD2, 0x7D, 0x57,
    0xA6, 0xFE, 0x5D, 0xA4, 0x4E, 0x5C, 0x84, 0x8A, 0x81, 0xDB, 0x8A, 0x8F, 0x6C, 0x31, 0x16, 0xFC,
    0x5A, 0x76, 0x15, 0xA6, 0x1F, 0x2C, 0x02, 0xF7, 0x33, 0xBF, 0xF5, 0xDB, 0xEB, 0x73, 0xAE, 0x16,
    0xC4, 0x13, 0x79, 0xF6, 0x7F, 0x92, 0x52, 0x63, 0x62, 0xCD, 0x53, 0x3E, 0x6D, 0x0F, 0xAD, 0x2F,
    0x4F, 0x5C, 0xA3, 0x8D, 0xA4, 0x0D, 0xEC, 0x22, 0xEB, 0xF8, 0x31, 0x65, 0x6F, 0x21, 0x55, 0xB9,
    0x6E, 0x33, 0x36, 0xE3, 0x3F, 0xD2, 0x17, 0x72, 0xAC, 0xAA, 0x3C, 0x94, 0x57, 0x2B, 0x2A, 0xAB,
    0x16, 0x64, 0xF1, 0x60, 0x1B, 0x60, 0xE5, 0x02, 0xB6, 0xEB, 0xA3, 0x53, 0x62, 0x43, 0x8E, 0xEB,
    0xBF, 0x1B, 0x7A, 0x20, 0xE3, 0x02, 0x89, 0x01, 0x15, 0xD5, 0x7F, 0x3E, 0x79, 0x4C, 0x4D, 0x7E,
    0xC9, 0x37, 0xDC, 0xF4, 0xE5, 0x12, 0xF0, 0x95, 0x7F, 0xD3, 0x4D, 0x2F, 0x5C, 0xED, 0x26, 0xDA,
    0x6A, 0xFD, 0x81, 0xC4, 0x01, 0x97, 0x97, 0x16, 0x70, 0xD3, 0x0E, 0x27, 0x27, 0x27, 0xD0, 0x24,
    0xD9, 0x7E, 0x93, 0x38, 0xD4, 0xF5, 0xD6, 0xA7, 0x7C, 0x1A, 0x08, 0x8E, 0x3A, 0xB2, 0xE9, 0x85,
    0x75, 0x7F, 0x1C, 0xA8, 0xFA, 0x57, 0x02, 0x8F, 0x80, 0x40, 0xBC, 0x2C, 0xB3, 0xC8, 0x82, 0x36,
    0xB0, 0x23, 0xFB, 0x44, 0x01, 0xA7, 0x88, 0xD7, 0x8D, 0xFC, 0x86, 0x53, 0x72, 0x58, 0x7B, 0x65,
    0x01, 0x87, 0xD6, 0xF7, 0x3E, 0xE2, 0xD5, 0x87, 0xC8, 0x69, 0xA5, 0x75, 0x5C, 0xF7, 0x8E, 0x8E,
    0x2D, 0x3A, 0xCE, 0x12, 0xE2, 0xAF, 0x23, 0x00, 0x1A, 0xB6, 0x6B, 0x63, 0x29, 0x7D, 0x73, 0x4E,
    0xBB, 0x7D, 0xD7, 0xC4, 0xF5, 0xBB, 0x6F, 0xAE, 0x38, 0x49, 0x33, 0x01, 0xDC, 0x67, 0x5A, 0x8F,
    0x42, 0x1B, 0x0F, 0xE4, 0xED, 0x7E, 0xCB, 0xEE, 0xA6, 0xC4, 0xD7, 0x84, 0x5F, 0x53, 0xC8, 0x39,
    0xB2, 0x97, 0x29, 0xBA, 0x4C, 0x6E, 0x39, 0x35, 0x69, 0x65, 0x01, 0x1F, 0x77, 0x9C, 0xA4, 0x55,
    0x46, 0x28, 0x39, 0x65, 0x9F, 0xA1, 0xE3, 0x54, 0x2D, 0x30, 0x66, 0x52, 0xC4, 0x07, 0xDD, 0x54,
    0xB1, 0x97, 0x31, 0xBB, 0x48, 0xFD, 0x4D, 0xB6, 0x91, 0x80, 0x99, 0x30, 0xC7, 0xDF, 0x72, 0x1C,
    0x34, 0xC9, 0x51, 0xB8, 0x60, 0xAD, 0x32, 0xA6, 0x9A, 0x43, 0xA0, 0x3E, 0xDF, 0x06, 0xBE, 0x59,
    0xD8, 0xC0, 0x07, 0x99, 0xF0, 0x18, 0x2F, 0xB8, 0xC4, 0xAB, 0x38, 0x34, 0x42, 0xAB, 0xC8, 0x67,
    0xE7, 0x53, 0xB6, 0x99, 0x90, 0x3B, 0x60, 0x02, 0x7C, 0xE4, 0x45, 0xE0, 0xCF, 0xDA, 0xC0, 0x17,
    0xFF, 0x3E, 0x78, 0x80, 0xFC, 0x62, 0x12, 0xD2, 0x22, 0x9B, 0x3F, 0xE1, 0x80, 0x72, 0xFA, 0x8B,
    0x0E, 0x68, 0xA6, 0x3F, 0xB9, 0xB3, 0xFB, 0x3B, 0x5C, 0x84, 0xCE, 0x2D, 0x7E, 0xF8, 0x10, 0xB0,
    0x80, 0x46, 0x21, 0x7C, 0x7A, 0x3F, 0x50, 0x91, 0x81, 0x25, 0x29, 0x93, 0x21, 0x03, 0xD2, 0x17,
    0x86, 0x4C, 0x20, 0xAB, 0xF9, 0x7F, 0xD7, 0x39, 0xCF, 0xD6, 0xD3, 0x5E, 0x90, 0xA1, 0x0C, 0x11,
    0xB6, 0xA6, 0x2F, 0x38, 0xA1, 0x60, 0x6E, 0x1B, 0x0F, 0x35, 0xE7, 0x56, 0x8E, 0x6F, 0x3E, 0xB7,
    0x15, 0xD1, 0xB8, 0xDC, 0x96, 0x49, 0x05, 0xA1, 0x27, 0x51, 0x9B, 0xD4, 0x6B, 0xFB, 0x87, 0x10,
    0xC9, 0xCF, 0x80, 0x40, 0xF6, 0xB8, 0xC7, 0xE7, 0x9C, 0xD2, 0x37, 0x7F, 0x61, 0xBD, 0x08, 0x15,
    0x7F, 0x2F, 0x17, 0x61, 0xE3, 0x85, 0xC6, 0x81, 0x24, 0xB7, 0xC2, 0x05, 0xF8, 0x88, 0xCF, 0x5A,
    0xC8, 0xFB, 0xD8, 0x91, 0xE4, 0xB8, 0xE3, 0xBB, 0xFC, 0x8F, 0x1B, 0xAD, 0x89, 0x15, 0xB7, 0x37,
    0x7A, 0x02, 0x3F, 0xF8, 0x81, 0xF0, 0xF8, 0xEE, 0x0D, 0x66, 0x46, 0x9A, 0xEB, 0x78, 0x33, 0xB3,
    0x34, 0xDC, 0xE6, 0x3C, 0xBE, 0xAB, 0x6D, 0xE5, 0x8F, 0xEF, 0x2A, 0xAF, 0xDC, 0xF1, 0xDD, 0x6A,
    0x6E, 0xEC, 0xF1, 0xDD, 0x62, 0xD1, 0x7B, 0xE6, 0xB3, 0x1E, 0x03, 0x5D, 0x37, 0xBE, 0x72, 0x84,
    0x36, 0x1D, 0xAD, 0x13, 0x75, 0xA2, 0x15, 0x36, 0x91, 0x6A, 0x12, 0x56, 0x5E, 0x58, 0x44, 0x82,
    0x91, 0xDD, 0x20, 0x20, 0x49, 0xF7, 0xBB, 0xC4, 0xD1, 0x91, 0x5C, 0xFB, 0xD7, 0x7D, 0x82, 0x21,
    0xB7, 0x82, 0x19, 0x35, 0xCF, 0xD9, 0x57, 0x4C, 0xBF, 0x6E, 0x71, 0x14, 0xD8, 0x00, 0x73, 0x40,
    0x7C, 0x6F, 0x5B, 0x32, 0x93, 0x2E, 0xAF, 0x11, 0x25, 0x39, 0x09, 0xE6, 0x80, 0x5B, 0xEC, 0x77,
    0x5D, 0xB4, 0x15, 0x4C, 0x02, 0xF7, 0x2D, 0xB0, 0x95, 0x8C, 0xA7, 0xF8, 0x0E, 0x07, 0x43, 0xB2,
    0x0D, 0x98, 0x0E, 0x13, 0x5A, 0x91, 0x6D, 0xDA, 0x74, 0xE4, 0xCA, 0x49, 0x0E, 0x15, 0x65, 0xDF,
    0x9B, 0x61, 0x46, 0xED, 0xD1, 0x6D, 0x05, 0x7D, 0xE7, 0x70, 0x27, 0xAD, 0x03, 0x33, 0x05, 0x70,
    0x0F, 0x13, 0x21, 0x0D, 0x9D, 0x0F, 0xD0, 0x11, 0x0B, 0xB2, 0x6D, 0xCD, 0xB6, 0x1A, 0x2B, 0x5E,
    0x99, 0x21, 0x5F, 0x77, 0x78, 0xE9, 0x74, 0x8A, 0x43, 0xC9, 0xAF, 0x17, 0x9B, 0x5E, 0x93, 0x1C,
    0x22, 0xE2, 0x3F, 0xFF, 0x07, 0xDB, 0xFF, 0xFF, 0xFF, 0xFF, 0x03, 0xFF, 0xE1, 0x04, 0x03, 0x08,
    0x00, 0x00, 0xCC, 0xD2, 0x21, 0x6C, 0x14, 0x41, 0x14, 0xC6, 0xF1, 0xAF, 0xBB, 0xE2, 0x92, 0x9E,
    0x58, 0x5F, 0x12, 0xCE, 0x97, 0x84, 0xF5, 0x6A, 0xCE, 0x7B, 0x82, 0xC4, 0xAB, 0x7A, 0xB5, 0xEB,
    0xD5, 0x79, 0xEC, 0x89, 0xA6, 0x08, 0xBC, 0x9A, 0xF3, 0x15, 0x4D, 0x41, 0x60, 0x37, 0x21, 0x04,
    0x02, 0x66, 0xC5, 0x8A, 0xE5, 0xB2, 0xB3, 0x7F, 0xE6, 0x65, 0x86, 0x6E, 0x0A, 0x95, 0x50, 0x50,
    0xBF, 0xD7, 0x64, 0x3A, 0xB3, 0xDF, 0xBB, 0x4F, 0x3A, 0xDB, 0x6B, 0xCD, 0x4E, 0x05, 0xB4, 0x9E,
    0x49, 0x15, 0xBC, 0xE3, 0x6D, 0x50, 0x3D, 0xBA, 0xCF, 0xAC, 0x83, 0xDC, 0xE0, 0x6E, 0xE6, 0xD5,
    0x28, 0xDF, 0x3F, 0xAD, 0xC2, 0xC9, 0x56, 0xF4, 0xDA, 0x04, 0xC9, 0xAC, 0xB3, 0x17, 0x51, 0x07,
    0x00, 0xED, 0x4F, 0xCF, 0x39, 0x5E, 0xF9, 0xF9, 0x6A, 0x39, 0xF7, 0x48, 0x16, 0x4C, 0xF2, 0x6C,
    0xD5, 0xC0, 0x37, 0xE0, 0x4E, 0x69, 0xCD, 0x51, 0xD2, 0x09, 0xD0, 0xD9, 0x1F, 0xAF, 0x19, 0xA5,
    0xCD, 0x24, 0xC3, 0x0D, 0x6A, 0x22, 0x4D, 0x2F, 0xD7, 0x29, 0x26, 0xD5, 0x79, 0xBA, 0x50, 0x99,
    0x1C, 0x2F, 0x28, 0x63, 0xE1, 0x7C, 0xC8, 0x6F, 0xFE, 0x4D, 0x72, 0x9A, 0x14, 0x62, 0xC8, 0x48,
    0x4F, 0x38, 0x5E, 0xA6, 0x28, 0x21, 0x45, 0x89, 0x58, 0x94, 0x88, 0x45, 0x89, 0x58, 0x94, 0x88,
    0x7F, 0xE0, 0x4E, 0x07, 0xE3, 0x42, 0x8C, 0xB2, 0xAF, 0x1F, 0x37, 0xCA, 0x07, 0x18, 0x32, 0xB2,
    0xF6, 0x15, 0x9E, 0x9D, 0x54, 0xA4, 0xF2, 0x4C, 0x52, 0x05, 0xB7, 0x7C, 0x02, 0x59, 0x07, 0x3F,
    0xA2, 0x1A, 0x8B, 0xE5, 0xAE, 0x67, 0x55, 0x28, 0xF5, 0x50, 0xD5, 0xA4, 0xDC, 0xC4, 0xD3, 0xDD,
    0xD2, 0x01, 0x2D, 0x93, 0x83, 0xFB, 0x8D, 0x5C, 0x3A, 0xF9, 0x86, 0x36, 0x9F, 0x2B, 0xFF, 0xF9,
    0xB4, 0xE2, 0x90, 0x17, 0xB3, 0xA1, 0x4B, 0xBF, 0x6F, 0x00, 0x96, 0x49, 0x7A, 0xF6, 0x45, 0x45,
    0xFC, 0xF0, 0xAD, 0xCA, 0x1C, 0xA6, 0x55, 0x35, 0xFB, 0x5B, 0xBE, 0xDA, 0xE4, 0xC6, 0xFA, 0xBD,
    0xFD, 0x6F, 0xAB, 0xA6, 0xDF, 0xDC, 0xD8, 0x86, 0x5A, 0xF9, 0xFE, 0xB4, 0xB2, 0x9B, 0xDB, 0xBC,
    0xA1, 0xD5, 0xC3, 0x5F, 0x90, 0xF7, 0x72, 0x6F, 0xCA, 0x1B, 0x2A, 0xFF, 0x97, 0x0D, 0xB9, 0xDF,
    0x37, 0x74, 0x0D, 0x03, 0xB0, 0x4C, 0xD2, 0x85, 0xF5, 0x47, 0x25, 0xCC, 0x91, 0xCD, 0xFC, 0x92,
    0xCE, 0x0A, 0x23, 0x06, 0x6B, 0x8B, 0x9A, 0x08, 0x9D, 0xDC, 0x1D, 0x27, 0x91, 0x26, 0xC1, 0x68,
    0xAC, 0x61, 0x8A, 0x54, 0x89, 0x53, 0xE6, 0xCB, 0x7C, 0xE4, 0xCF, 0x33, 0xAA, 0x88, 0xB8, 0x49,
    0x2B, 0x46, 0x39, 0x66, 0xA0, 0xDF, 0x24, 0x56, 0xA4, 0x0A, 0xBF, 0xD8, 0x4A, 0xF2, 0xB4, 0x36,
    0xAF, 0x21, 0x98, 0xF5, 0xF7, 0x57, 0x1C, 0xA2, 0xAE, 0x2B, 0xE8, 0xA3, 0xCD, 0x41, 0x98, 0xFE,
    0x17, 0x5D, 0xF2, 0xCC, 0xF7, 0x45, 0xB4, 0x80, 0xA1, 0x86, 0xD1, 0x82, 0xB9, 0xA8, 0xEB, 0xAA,
    0xE9, 0x8C, 0xE3, 0xBE, 0x39, 0x94, 0x93, 0x9D, 0xF3, 0x87, 0x72, 0x94, 0xD9, 0x15, 0x3B, 0x99,
    0x41, 0x32, 0x1D, 0x9D, 0xA9, 0x1A, 0xB6, 0x66, 0x05, 0x9D, 0x59, 0xC0, 0x64, 0xAA, 0x26, 0xE4,
    0x77, 0x31, 0x9F, 0xAB, 0xC2, 0xF4, 0x2A, 0x31, 0x51, 0x39, 0x9B, 0xB4, 0x65, 0x10, 0x83, 0x7C,
    0x7C, 0x57, 0x9E, 0xC9, 0x61, 0x97, 0x33, 0xAD, 0xB1, 0x0E, 0x33, 0xEA, 0xC7, 0xC4, 0x02, 0x40,
    0xFE, 0x65, 0x00, 0x00, 0x62, 0x00, 0x02, 0x01, 0x06, 0x28, 0xA8, 0x81, 0xD2, 0x00, 0x16, 0xE5,
    0xD8, 0x8A, 0x41, 0x18, 0x80, 0x81, 0xA8, 0x0C, 0x05, 0x45, 0x86, 0xA0, 0x49, 0xCF, 0x08, 0x0C,
    0x90, 0xA1, 0x3C, 0x48, 0x8A, 0x8C, 0x02, 0xA3, 0x64, 0x04, 0x8A, 0x94, 0x86, 0x8B, 0xF4, 0x70,
    0x77, 0xD2, 0xFB, 0x85, 0x1E, 0x13, 0xFB, 0x1D, 0x33, 0xC7, 0x1D, 0x95, 0xD6, 0x09, 0x74, 0x42,
    0x90, 0xC9, 0x57, 0x8B, 0x91, 0x89, 0x9E, 0x63, 0x0B, 0x39, 0x75, 0x89, 0x90, 0xB3, 0xA0, 0xCD,
    0x68, 0x66, 0x40, 0xD5, 0xA8, 0x02, 0x5A, 0x9B, 0x0A, 0x89, 0x8A, 0x26, 0xC0, 0x86, 0x7D, 0x06,
    0x9A, 0xE0, 0x08, 0xF9, 0x8D, 0xD0, 0x56, 0xC8, 0xCD, 0xF1, 0x00, 0x4A, 0xC6, 0x00, 0x4C, 0xF1,
    0xDA, 0xE0, 0x15, 0xAF, 0x05, 0x3E, 0x26, 0x92, 0x51, 0x88, 0x14, 0x14, 0x62, 0x74, 0x8D, 0x21,
    0x46, 0xAD, 0x84, 0x18, 0x39, 0x4C, 0x8C, 0xDA, 0x10, 0x12, 0xF4, 0x0E, 0x09, 0x22, 0x24, 0x88,
    0x90, 0xA0, 0x4E, 0xA4, 0xFF, 0xF6, 0xC0, 0x18, 0x0A, 0x20, 0x02, 0x00,
};

static const EpdGlyph notoserif_18_boldGlyphs[] = {
    { 0, 0, 0, 0, 0, 0, 0 }, // U+0000
    { 0, 0, 156, 0, 0, 0, 0 }, // U+000D
    { 0, 0, 156, 0, 0, 0, 0 }, // U+0020
    { 8, 28, 229, 3, 27, 56, 0 }, // !
    { 15, 11, 305, 2, 27, 42, 56 }, // "
    { 20, 27, 339, 1, 27, 135, 98 }, // #
    { 19, 32, 339, 1, 29, 152, 233 }, // $
    { 32, 29, 544, 1, 28, 232, 385 }, // %
    { 29, 29, 481, 1, 28, 211, 617 }, // &
    { 7, 11, 174, 2, 27, 20, 828 }, // '
    { 12, 35, 241, 2, 29, 105, 848 }, // (
    { 12, 35, 241, 1, 29, 105, 953 }, // )
    { 17, 16, 301, 1, 29, 68, 1058 }, // *
    { 17, 17, 339, 2, 22, 73, 1126 }, // +
    { 8, 12, 176, 1, 6, 24, 1199 }, // ,
    { 11, 5, 186, 0, 13, 14, 1223 }, // -
    { 7, 7, 176, 2, 6, 13, 1237 }, // .
    { 11, 34, 173, 0, 29, 94, 1250 }, // /
    { 20, 29, 349, 1, 28, 145, 1344 }, // 0
    { 19, 27, 304, 0, 27, 129, 1489 }, // 1
    { 19, 28, 319, 1, 28, 133, 1618 }, // 2
    { 19, 29, 323, 1, 28, 138, 1751 }, // 3
    { 21, 27, 334, 0, 27, 142, 1889 }, // 4
    { 18, 28, 318, 1, 27, 126, 2031 }, // 5
    { 19, 29, 336, 1, 28, 138, 2157 }, // 6
    { 19, 27, 325, 1, 27, 129, 2295 }, // 7
    { 20, 29, 347, 1, 28, 145, 2424 }, // 8
    { 19, 29, 336, 1, 28, 138, 2569 }, // 9
    { 7, 22, 182, 2, 21, 39, 2707 }, // :
    { 7, 27, 182, 2, 21, 48, 2746 }, // ;
    { 17, 21, 339, 2, 24, 90, 2794 }, // <
    { 17, 11, 339, 2, 19, 47, 2884 }, // =
    { 17, 21, 339, 2, 24, 90, 2931 }, // >
    { 18, 29, 330, 1, 28, 131, 3021 }, // ?
    { 31, 33, 553, 2, 27, 256, 3152 }, // @
    { 29, 27, 452, 0, 27, 196, 3408 }, // A
    { 23, 27, 403, 1, 27, 156, 3604 }, // B
    { 22, 29, 401, 2, 28, 160, 3760 }, // C
    { 26, 27, 460, 1, 27, 176, 3920 }, // D
    { 23, 27, 392, 1, 27, 156, 4096 }, // E
    { 22, 27, 373, 1, 27, 149, 4252 }, // F
    { 26, 29, 462, 2, 28, 189, 4401 }, // G
    { 29, 27, 491, 1, 27, 196, 4590 }, // H
    { 14, 27, 241, 1, 27, 95, 4786 }, // I
    { 16, 36, 238, -1, 27, 144, 4881 }, // J
    { 27, 27, 440, 1, 27, 183, 5025 }, // K
    { 23, 27, 392, 1, 27, 156, 5208 }, // L
    { 34, 27, 571, 1, 27, 230, 5364 }, // M
    { 28, 27, 473, 1, 27, 189, 5594 }, // N
    { 26, 29, 472, 2, 28, 189, 5783 }, // O
    { 23, 27, 383, 1, 27, 156, 5972 }, // P
    { 26, 37, 472, 2, 28, 241, 6128 }, // Q
    { 26, 27, 427, 1, 27, 176, 6369 }, // R
    { 20, 29, 347, 1, 28, 145, 6545 }, // S
    { 25, 27, 392, 0, 27, 169, 6690 }, // T
    { 28, 28, 448, 0, 27, 196, 6859 }, // U
    { 27, 27, 419, 0, 27, 183, 7055 }, // V
    { 41, 27, 640, 0, 27, 277, 7238 }, // W
    { 28, 27, 440, 0, 27, 189, 7515 }, // X
    { 27, 27, 416, 0, 27, 183, 7704 }, // Y
    { 23, 27, 400, 1, 27, 156, 7887 }, // Z
    { 12, 34, 249, 3, 29, 102, 8043 }, // [
    { 11, 34, 173, 0, 29, 94, 8145 }, // <backslash>
    { 11, 34, 249, 1, 29, 94, 8239 }, // ]
    { 19, 18, 335, 1, 27, 86, 8333 }, // ^
    { 19, 3, 275, -1, -3, 15, 8419 }, // _
    { 11, 7, 200, 1, 29, 20, 8434 }, // `
    { 21, 22, 360, 1, 21, 116, 8454 }, // a
    { 23, 30, 389, 0, 29, 173, 8570 }, // b
    { 18, 22, 316, 1, 21, 99, 8743 }, // c
    { 23, 30, 389, 1, 29, 173, 8842 }, // d
    { 19, 22, 343, 1, 21, 105, 9015 }, // e
    { 18, 29, 244, 0, 29, 131, 9120 }, // f
    { 21, 31, 336, 0, 22, 163, 9251 }, // g
    { 25, 29, 400, 0, 29, 182, 9414 }, // h
    { 13, 29, 211, 0, 29, 95, 9596 }, // i
    { 11, 38, 207, -1, 29, 105, 9691 }, // j
    { 24, 29, 382, 0, 29, 174, 9796 }, // k
    { 13, 29, 211, 0, 29, 95, 9970 }, // l
    { 37, 21, 592, 0, 21, 195, 10065 }, // m
    { 25, 21, 400, 0, 21, 132, 10260 }, // n
    { 21, 22, 368, 1, 21, 116, 10392 }, // o
    { 23, 30, 387, 0, 21, 173, 10508 }, // p
    { 23, 30, 389, 1, 21, 173, 10681 }, // q
    { 20, 21, 314, 0, 21, 105, 10854 }, // r
    { 16, 22, 289, 1, 21, 88, 10959 }, // s
    { 15, 26, 243, 0, 25, 98, 11047 }, // t
    { 25, 22, 400, 0, 21, 138, 11145 }, // u
    { 23, 21, 364, 0, 21, 121, 11283 }, // v
    { 34, 21, 514, -1, 21, 179, 11404 }, // w
    { 24, 21, 388, 0, 21, 126, 11583 }, // x
    { 22, 30, 347, 0, 21, 165, 11709 }, // y
    { 19, 21, 317, 0, 21, 100, 11874 }, // z
    { 15, 34, 265, 1, 29, 128, 11974 }, // {
    { 3, 38, 339, 9, 29, 29, 12102 }, // |
    { 15, 34, 265, 1, 29, 128, 12131 }, // }
    { 19, 8, 339, 1, 17, 38, 12259 }, // ~
    { 0, 0, 156, 0, 0, 0, 0 }, // U+00A0
    { 8, 28, 229, 3, 21, 56, 0 }, // U+00A1
    { 18, 27, 339, 2, 27, 122, 56 }, // U+00A2
    { 20, 29, 335, 0, 28, 145, 178 }, // U+00A3
    { 17, 17, 339, 2, 22, 73, 323 }, // U+00A4
    { 21, 27, 339, 0, 27, 142, 396 }, // U+00A5
    { 3, 38, 339, 9, 29, 29, 538 }, // U+00A6
    { 17, 34, 326, 2, 29, 145, 567 }, // U+00A7
    { 14, 6, 346, 4, 29, 21, 712 }, // U+00A8
    { 28, 29, 507, 2, 28, 203, 733 }, // U+00A9
    { 14, 13, 252, 1, 27, 46, 936 }, // U+00AA
    { 17, 16, 332, 2, 18, 68, 982 }, // U+00AB
    { 17, 10, 339, 2, 15, 43, 1050 }, // U+00AC
    { 11, 5, 186, 0, 13, 14, 1093 }, // U+00AD
    { 28, 29, 507, 2, 28, 203, 1107 }, // U+00AE
    { 19, 3, 275, -1, 31, 15, 1310 }, // U+00AF
    { 13, 13, 240, 1, 28, 43, 1325 }, // U+00B0
    { 17, 22, 339, 2, 22, 94, 1368 }, // U+00B1
    { 13, 17, 240, 1, 31, 56, 1462 }, // U+00B2
    { 13, 17, 240, 1, 31, 56, 1518 }, // U+00B3
    { 11, 7, 200, 1, 29, 20, 1574 }, // U+00B4
    { 21, 30, 399, 3, 21, 158, 1594 }, // U+00B5
    { 22, 34, 376, 1, 29, 187, 1752 }, // U+00B6
    { 7, 7, 176, 2, 17, 13, 1939 }, // U+00B7
    { 10, 10, 200, 1, 1, 25, 1952 }, // U+00B8
    { 12, 17, 240, 1, 31, 51, 1977 }, // U+00B9
    { 15, 13, 262, 1, 27, 49, 2028 }, // U+00BA
    { 17, 16, 332, 2, 18, 68, 2077 }, // U+00BB
    { 31, 28, 504, 0, 27, 217, 2145 }, // U+00BC
    { 31, 28, 504, 0, 27, 217, 2362 }, // U+00BD
    { 30, 28, 504, 1, 27, 210, 2579 }, // U+00BE
    { 18, 29, 330, 2, 21, 131, 2789 }, // U+00BF
    { 29, 35, 452, 0, 35, 254, 2920 }, // U+00C0
    { 29, 35, 452, 0, 35, 254, 3174 }, // U+00C1
    { 29, 35, 452, 0, 35, 254, 3428 }, // U+00C2
    { 29, 35, 452, 0, 35, 254, 3682 }, // U+00C3
    { 29, 35, 452, 0, 35, 254, 3936 }, // U+00C4
    { 29, 33, 452, 0, 33, 240, 4190 }, // U+00C5
    { 37, 27, 596, 0, 27, 250, 4430 }, // U+00C6
    { 22, 37, 401, 2, 28, 204, 4680 }, // U+00C7
    { 23, 35, 392, 1, 35, 202, 4884 }, // U+00C8
    { 23, 35, 392, 1, 35, 202, 5086 }, // U+00C9
    { 23, 35, 392, 1, 35, 202, 5288 }, // U+00CA
    { 23, 35, 392, 1, 35, 202, 5490 }, // U+00CB
    { 15, 35, 241, 0, 35, 132, 5692 }, // U+00CC
    { 14, 35, 241, 1, 35, 123, 5824 }, // U+00CD
    { 15, 35, 241, 0, 35, 132, 5947 }, // U+00CE
    { 14, 35, 241, 1, 35, 123, 6079 }, // U+00CF
    { 26, 27, 460, 1, 27, 176, 6202 }, // U+00D0
    { 28, 35, 473, 1, 35, 245, 6378 }, // U+00D1
    { 26, 36, 472, 2, 35, 234, 6623 }, // U+00D2
    { 26, 36, 472, 2, 35, 234, 6857 }, // U+00D3
    { 26, 36, 472, 2, 35, 234, 7091 }, // U+00D4
    { 26, 36, 472, 2, 35, 234, 7325 }, // U+00D5
    { 26, 36, 472, 2, 35, 234, 7559 }, // U+00D6
    { 17, 17, 339, 2, 22, 73, 7793 }, // U+00D7
    { 26, 31, 472, 2, 29, 202, 7866 }, // U+00D8
    { 28, 36, 448, 0, 35, 252, 8068 }, // U+00D9
    { 28, 36, 448, 0, 35, 252, 8320 }, // U+00DA
    { 28, 36, 448, 0, 35, 252, 8572 }, // U+00DB
    { 28, 36, 448, 0, 35, 252, 8824 }, // U+00DC
    { 27, 35, 416, 0, 35, 237, 9076 }, // U+00DD
    { 22, 27, 383, 1, 27, 149, 9313 }, // U+00DE
    { 26, 30, 424, 0, 29, 195, 9462 }, // U+00DF
    { 21, 30, 360, 1, 29, 158, 9657 }, // U+00E0
    { 21, 30, 360, 1, 29, 158, 9815 }, // U+00E1
    { 21, 30, 360, 1, 29, 158, 9973 }, // U+00E2
    { 21, 30, 360, 1, 29, 158, 10131 }, // U+00E3
    { 21, 30, 360, 1, 29, 158, 10289 }, // U+00E4
    { 21, 32, 360, 1, 31, 168, 10447 }, // U+00E5
    { 31, 22, 525, 1, 21, 171, 10615 }, // U+00E6
    { 18, 30, 316, 1, 21, 135, 10786 }, // U+00E7
    { 19, 30, 343, 1, 29, 143, 10921 }, // U+00E8
    { 19, 30, 343, 1, 29, 143, 11064 }, // U+00E9
    { 19, 30, 343, 1, 29, 143, 11207 }, // U+00EA
    { 19, 30, 343, 1, 29, 143, 11350 }, // U+00EB
    { 14, 29, 211, -1, 29, 102, 11493 }, // U+00EC
    { 14, 29, 211, 0, 29, 102, 11595 }, // U+00ED
    { 14, 29, 211, -1, 29, 102, 11697 }, // U+00EE
    { 14, 29, 211, -1, 29, 102, 11799 }, // U+00EF
    { 21, 30, 368, 1, 29, 158, 11901 }, // U+00F0
    { 25, 29, 400, 0, 29, 182, 12059 }, // U+00F1
    { 21, 30, 368, 1, 29, 158, 12241 }, // U+00F2
    { 21, 30, 368, 1, 29, 158, 12399 }, // U+00F3
    { 21, 30, 368, 1, 29, 158, 12557 }, // U+00F4
    { 21, 30, 368, 1, 29, 158, 12715 }, // U+00F5
    { 21, 30, 368, 1, 29, 158, 12873 }, // U+00F6
    { 17, 21, 339, 2, 24, 90, 13031 }, // U+00F7
    { 21, 24, 368, 1, 22, 126, 13121 }, // U+00F8
    { 25, 30, 400, 0, 29, 188, 13247 }, // U+00F9
    { 25, 30, 400, 0, 29, 188, 13435 }, // U+00FA
    { 25, 30, 400, 0, 29, 188, 13623 }, // U+00FB
    { 25, 30, 400, 0, 29, 188, 13811 }, // U+00FC
    { 22, 38, 347, 0, 29, 209, 13999 }, // U+00FD
    { 23, 38, 387, 0, 29, 219, 14208 }, // U+00FE
    { 22, 38, 347, 0, 29, 209, 14427 }, // U+00FF
    { 29, 32, 452, 0, 32, 232, 0 }, // U+0100
    { 21, 27, 360, 1, 26, 142, 232 }, // U+0101
    { 29, 35, 452, 0, 35, 254, 374 }, // U+0102
    { 21, 30, 360, 1, 29, 158, 628 }, // U+0103
    { 29, 36, 452, 0, 27, 261, 786 }, // U+0104
    { 21, 30, 360, 1, 21, 158, 1047 }, // U+0105
    { 22, 36, 401, 2, 35, 198, 1205 }, // U+0106
    { 18, 30, 316, 1, 29, 135, 1403 }, // U+0107
    { 22, 36, 401, 2, 35, 198, 1538 }, // U+0108
    { 18, 30, 316, 1, 29, 135, 1736 }, // U+0109
    { 22, 36, 401, 2, 35, 198, 1871 }, // U+010A
    { 18, 30, 316, 1, 29, 135, 2069 }, // U+010B
    { 22, 36, 401, 2, 35, 198, 2204 }, // U+010C
    { 18, 30, 316, 1, 29, 135, 2402 }, // U+010D
    { 26, 35, 460, 1, 35, 228, 2537 }, // U+010E
    { 28, 30, 389, 1, 29, 210, 2765 }, // U+010F
    { 26, 27, 460, 1, 27, 176, 2975 }, // U+0110
    { 23, 30, 389, 1, 29, 173, 3151 }, // U+0111
    { 23, 32, 392, 1, 32, 184, 3324 }, // U+0112
    { 19, 27, 343, 1, 26, 129, 3508 }, // U+0113
    { 23, 35, 392, 1, 35, 202, 3637 }, // U+0114
    { 19, 30, 343, 1, 29, 143, 3839 }, // U+0115
    { 23, 35, 392, 1, 35, 202, 3982 }, // U+0116
    { 19, 30, 343, 1, 29, 143, 4184 }, // U+0117
    { 23, 36, 392, 1, 27, 207, 4327 }, // U+0118
    { 19, 30, 343, 1, 21, 143, 4534 }, // U+0119
    { 23, 35, 392, 1, 35, 202, 4677 }, // U+011A
    { 19, 30, 343, 1, 29, 143, 4879 }, // U+011B
    { 26, 36, 462, 2, 35, 234, 5022 }, // U+011C
    { 21, 38, 336, 0, 29, 200, 5256 }, // U+011D
    { 26, 36, 462, 2, 35, 234, 5456 }, // U+011E
    { 21, 38, 336, 0, 29, 200, 5690 }, // U+011F
    { 26, 36, 462, 2, 35, 234, 5890 }, // U+0120
    { 21, 38, 336, 0, 29, 200, 6124 }, // U+0121
    { 26, 37, 462, 2, 28, 241, 6324 }, // U+0122
    { 21, 38, 336, 0, 29, 200, 6565 }, // U+0123
    { 29, 35, 491, 1, 35, 254, 6765 }, // U+0124
    { 25, 36, 400, 0, 36, 225, 7019 }, // U+0125
    { 31, 27, 491, 0, 27, 210, 7244 }, // U+0126
    { 25, 29, 400, 0, 29, 182, 7454 }, // U+0127
    { 15, 35, 241, 0, 35, 132, 7636 }, // U+0128
    { 15, 29, 211, -1, 29, 109, 7768 }, // U+0129
    { 14, 32, 241, 1, 32, 112, 7877 }, // U+012A
    { 13, 26, 211, 0, 26, 85, 7989 }, // U+012B
    { 14, 35, 241, 1, 35, 123, 8074 }, // U+012C
    { 13, 29, 211, 0, 29, 95, 8197 }, // U+012D
    { 14, 36, 241, 1, 27, 126, 8292 }, // U+012E
    { 13, 38, 211, 0, 29, 124, 8418 }, // U+012F
    { 14, 35, 241, 1, 35, 123, 8542 }, // U+0130
    { 13, 21, 211, 0, 21, 69, 8665 }, // U+0131
    { 29, 36, 479, 1, 27, 261, 8734 }, // U+0132
    { 23, 38, 419, 0, 29, 219, 8995 }, // U+0133
    { 16, 44, 238, -1, 35, 176, 9214 }, // U+0134
    { 14, 38, 207, -1, 29, 133, 9390 }, // U+0135
    { 27, 36, 440, 1, 27, 243, 9523 }, // U+0136
    { 24, 38, 382, 0, 29, 228, 9766 }, // U+0137
    { 24, 21, 382, 0, 21, 126, 9994 }, // U+0138
    { 23, 35, 392, 1, 35, 202, 10120 }, // U+0139
    { 14, 36, 211, 0, 36, 126, 10322 }, // U+013A
    { 23, 36, 392, 1, 27, 207, 10448 }, // U+013B
    { 13, 38, 211, 0, 29, 124, 10655 }, // U+013C
    { 23, 27, 392, 1, 27, 156, 10779 }, // U+013D
    { 18, 29, 211, 0, 29, 131, 10935 }, // U+013E
    { 23, 27, 392, 1, 27, 156, 11066 }, // U+013F
    { 19, 29, 281, 0, 29, 138, 11222 }, // U+0140
    { 23, 27, 392, 1, 27, 156, 11360 }, // U+0141
    { 13, 29, 211, 0, 29, 95, 11516 }, // U+0142
    { 28, 35, 473, 1, 35, 245, 11611 }, // U+0143
    { 25, 29, 400, 0, 29, 182, 11856 }, // U+0144
    { 28, 36, 473, 1, 27, 252, 12038 }, // U+0145
    { 25, 30, 400, 0, 21, 188, 12290 }, // U+0146
    { 28, 35, 473, 1, 35, 245, 12478 }, // U+0147
    { 25, 29, 400, 0, 29, 182, 12723 }, // U+0148
    { 32, 27, 513, 0, 27, 216, 12905 }, // U+0149
    { 28, 36, 473, 1, 27, 252, 13121 }, // U+014A
    { 22, 30, 400, 0, 21, 165, 13373 }, // U+014B
    { 26, 33, 472, 2, 32, 215, 13538 }, // U+014C
    { 21, 27, 368, 1, 26, 142, 13753 }, // U+014D
    { 26, 36, 472, 2, 35, 234, 13895 }, // U+014E
    { 21, 30, 368, 1, 29, 158, 14129 }, // U+014F
    { 26, 36, 472, 2, 35, 234, 14287 }, // U+0150
    { 21, 30, 368, 1, 29, 158, 14521 }, // U+0151
    { 36, 29, 611, 2, 28, 261, 14679 }, // U+0152
    { 33, 22, 562, 1, 21, 182, 14940 }, // U+0153
    { 26, 35, 427, 1, 35, 228, 15122 }, // U+0154
    { 20, 29, 314, 0, 29, 145, 15350 }, // U+0155
    { 26, 36, 427, 1, 27, 234, 15495 }, // U+0156
    { 20, 30, 314, 0, 21, 150, 15729 }, // U+0157
    { 26, 35, 427, 1, 35, 228, 15879 }, // U+0158
    { 20, 29, 314, 0, 29, 145, 16107 }, // U+0159
    { 20, 36, 347, 1, 35, 180, 16252 }, // U+015A
    { 16, 30, 289, 1, 29, 120, 16432 }, // U+015B
    { 20, 36, 347, 1, 35, 180, 16552 }, // U+015C
    { 16, 30, 289, 1, 29, 120, 16732 }, // U+015D
    { 20, 37, 347, 1, 28, 185, 16852 }, // U+015E
    { 16, 30, 289, 1, 21, 120, 17037 }, // U+015F
    { 20, 36, 347, 1, 35, 180, 17157 }, // U+0160
    { 16, 30, 289, 1, 29, 120, 17337 }, // U+0161
    { 25, 36, 392, 0, 27, 225, 17457 }, // U+0162
    { 15, 34, 243, 0, 25, 128, 17682 }, // U+0163
    { 25, 35, 392, 0, 35, 219, 17810 }, // U+0164
    { 18, 30, 243, 0, 29, 135, 18029 }, // U+0165
    { 25, 27, 392, 0, 27, 169, 18164 }, // U+0166
    { 15, 26, 243, 0, 25, 98, 18333 }, // U+0167
    { 28, 36, 448, 0, 35, 252, 18431 }, // U+0168
    { 25, 30, 400, 0, 29, 188, 18683 }, // U+0169
    { 28, 33, 448, 0, 32, 231, 18871 }, // U+016A
    { 25, 27, 400, 0, 26, 169, 19102 }, // U+016B
    { 28, 36, 448, 0, 35, 252, 19271 }, // U+016C
    { 25, 30, 400, 0, 29, 188, 19523 }, // U+016D
    { 28, 38, 448, 0, 37, 266, 19711 }, // U+016E
    { 25, 32, 400, 0, 31, 200, 19977 }, // U+016F
    { 28, 36, 448, 0, 35, 252, 20177 }, // U+0170
    { 25, 30, 400, 0, 29, 188, 20429 }, // U+0171
    { 28, 36, 454, 0, 27, 252, 20617 }, // U+0172
    { 25, 30, 400, 0, 21, 188, 20869 }, // U+0173
    { 41, 35, 640, 0, 35, 359, 21057 }, // U+0174
    { 34, 29, 514, -1, 29, 247, 21416 }, // U+0175
    { 27, 35, 416, 0, 35, 237, 21663 }, // U+0176
    { 22, 38, 347, 0, 29, 209, 21900 }, // U+0177
    { 27, 35, 416, 0, 35, 237, 22109 }, // U+0178
    { 23, 35, 400, 1, 35, 202, 22346 }, // U+0179
    { 19, 29, 317, 0, 29, 138, 22548 }, // U+017A
    { 23, 35, 400, 1, 35, 202, 22686 }, // U+017B
    { 19, 29, 317, 0, 29, 138, 22888 }, // U+017C
    { 23, 35, 400, 1, 35, 202, 23026 }, // U+017D
    { 19, 29, 317, 0, 29, 138, 23228 }, // U+017E
    { 18, 29, 235, 0, 29, 131, 23366 }, // U+017F
    { 30, 30, 506, 2, 29, 225, 0 }, // U+01A0
    { 24, 25, 402, 1, 24, 150, 225 }, // U+01A1
    { 32, 30, 512, 0, 29, 240, 375 }, // U+01AF
    { 29, 25, 467, 0, 24, 182, 615 }, // U+01B0
    { 52, 35, 860, 1, 35, 455, 797 }, // U+01C4
    { 47, 29, 778, 1, 29, 341, 1252 }, // U+01C5
    { 43, 30, 707, 1, 29, 323, 1593 }, // U+01C6
    { 38, 36, 613, 1, 27, 342, 1916 }, // U+01C7
    { 34, 38, 600, 1, 29, 323, 2258 }, // U+01C8
    { 23, 38, 419, 0, 29, 219, 2581 }, // U+01C9
    { 43, 36, 694, 1, 27, 387, 2800 }, // U+01CA
    { 39, 38, 680, 1, 29, 371, 3187 }, // U+01CB
    { 35, 38, 607, 0, 29, 333, 3558 }, // U+01CC
    { 29, 35, 452, 0, 35, 254, 3891 }, // U+01CD
    { 21, 30, 360, 1, 29, 158, 4145 }, // U+01CE
    { 15, 35, 241, 0, 35, 132, 4303 }, // U+01CF
    { 14, 29, 211, -1, 29, 102, 4435 }, // U+01D0
    { 26, 36, 472, 2, 35, 234, 4537 }, // U+01D1
    { 21, 30, 368, 1, 29, 158, 4771 }, // U+01D2
    { 28, 36, 448, 0, 35, 252, 4929 }, // U+01D3
    { 25, 30, 400, 0, 29, 188, 5181 }, // U+01D4
    { 28, 40, 448, 0, 39, 280, 5369 }, // U+01D5
    { 25, 33, 400, 0, 32, 207, 5649 }, // U+01D6
    { 28, 41, 448, 0, 40, 287, 5856 }, // U+01D7
    { 25, 35, 400, 0, 34, 219, 6143 }, // U+01D8
    { 28, 41, 448, 0, 40, 287, 6362 }, // U+01D9
    { 25, 35, 400, 0, 34, 219, 6649 }, // U+01DA
    { 28, 41, 448, 0, 40, 287, 6868 }, // U+01DB
    { 25, 35, 400, 0, 34, 219, 7155 }, // U+01DC
    { 19, 22, 343, 1, 21, 105, 7374 }, // U+01DD
    { 29, 39, 452, 0, 39, 283, 7479 }, // U+01DE
    { 21, 33, 360, 1, 32, 174, 7762 }, // U+01DF
    { 29, 39, 452, 0, 39, 283, 7936 }, // U+01E0
    { 21, 33, 360, 1, 32, 174, 8219 }, // U+01E1
    { 37, 32, 596, 0, 32, 296, 8393 }, // U+01E2
    { 31, 27, 525, 1, 26, 210, 8689 }, // U+01E3
    { 26, 29, 462, 2, 28, 189, 8899 }, // U+01E4
    { 22, 31, 336, 0, 22, 171, 9088 }, // U+01E5
    { 26, 36, 462, 2, 35, 234, 9259 }, // U+01E6
    { 21, 38, 336, 0, 29, 200, 9493 }, // U+01E7
    { 27, 35, 440, 1, 35, 237, 9693 }, // U+01E8
    { 24, 36, 382, 0, 36, 216, 9930 }, // U+01E9
    { 26, 37, 472, 2, 28, 241, 10146 }, // U+01EA
    { 21, 30, 368, 1, 21, 158, 10387 }, // U+01EB
    { 26, 41, 472, 2, 32, 267, 10545 }, // U+01EC
    { 21, 35, 368, 1, 26, 184, 10812 }, // U+01ED
    { 21, 36, 370, 1, 35, 189, 10996 }, // U+01EE
    { 20, 38, 335, 0, 29, 190, 11185 }, // U+01EF
    { 14, 38, 207, -1, 29, 133, 11375 }, // U+01F0
    { 52, 27, 860, 1, 27, 351, 11508 }, // U+01F1
    { 47, 27, 778, 1, 27, 318, 11859 }, // U+01F2
    { 43, 30, 707, 1, 29, 323, 12177 }, // U+01F3
    { 26, 36, 462, 2, 35, 234, 12500 }, // U+01F4
    { 21, 38, 336, 0, 29, 200, 12734 }, // U+01F5
    { 42, 28, 686, 1, 27, 294, 12934 }, // U+01F6
    { 26, 37, 438, 0, 28, 241, 13228 }, // U+01F7
    { 28, 35, 473, 1, 35, 245, 13469 }, // U+01F8
    { 25, 29, 400, 0, 29, 182, 13714 }, // U+01F9
    { 29, 36, 452, 0, 36, 261, 13896 }, // U+01FA
    { 21, 37, 360, 1, 36, 195, 14157 }, // U+01FB
    { 37, 35, 596, 0, 35, 324, 14352 }, // U+01FC
    { 31, 30, 525, 1, 29, 233, 14676 }, // U+01FD
    { 26, 37, 472, 2, 35, 241, 14909 }, // U+01FE
    { 21, 31, 368, 1, 29, 163, 15150 }, // U+01FF
    { 29, 35, 452, 0, 35, 254, 15313 }, // U+0200
    { 21, 30, 360, 1, 29, 158, 15567 }, // U+0201
    { 29, 35, 452, 0, 35, 254, 15725 }, // U+0202
    { 21, 30, 360, 1, 29, 158, 15979 }, // U+0203
    { 23, 35, 392, 1, 35, 202, 16137 }, // U+0204
    { 19, 30, 343, 1, 29, 143, 16339 }, // U+0205
    { 23, 35, 392, 1, 35, 202, 16482 }, // U+0206
    { 19, 30, 343, 1, 29, 143, 16684 }, // U+0207
    { 18, 35, 241, -3, 35, 158, 16827 }, // U+0208
    { 17, 29, 211, -4, 29, 124, 16985 }, // U+0209
    { 14, 35, 241, 1, 35, 123, 17109 }, // U+020A
    { 13, 29, 211, 0, 29, 95, 17232 }, // U+020B
    { 26, 36, 472, 2, 35, 234, 17327 }, // U+020C
    { 21, 30, 368, 1, 29, 158, 17561 }, // U+020D
    { 26, 36, 472, 2, 35, 234, 17719 }, // U+020E
    { 21, 30, 368, 1, 29, 158, 17953 }, // U+020F
    { 26, 35, 425, 1, 35, 228, 18111 }, // U+0210
    { 20, 29, 314, 0, 29, 145, 18339 }, // U+0211
    { 26, 35, 425, 1, 35, 228, 18484 }, // U+0212
    { 20, 29, 314, 0, 29, 145, 18712 }, // U+0213
    { 28, 36, 448, 0, 35, 252, 18857 }, // U+0214
    { 25, 30, 400, 0, 29, 188, 19109 }, // U+0215
    { 28, 36, 448, 0, 35, 252, 19297 }, // U+0216
    { 25, 30, 400, 0, 29, 188, 19549 }, // U+0217
    { 20, 37, 347, 1, 28, 185, 19737 }, // U+0218
    { 16, 30, 289, 1, 21, 120, 19922 }, // U+0219
    { 25, 36, 392, 0, 27, 225, 20042 }, // U+021A
    { 15, 34, 243, 0, 25, 128, 20267 }, // U+021B
    { 20, 34, 370, 2, 28, 170, 20395 }, // U+021C
    { 18, 30, 324, 1, 21, 135, 20565 }, // U+021D
    { 29, 35, 491, 1, 35, 254, 20700 }, // U+021E
    { 25, 36, 400, 0, 36, 225, 20954 }, // U+021F
    { 11, 7, 0, -18, 29, 20, 0 }, // U+0300
    { 11, 7, 0, -13, 29, 20, 20 }, // U+0301
    { 14, 7, 0, -18, 29, 25, 40 }, // U+0302
    { 16, 7, 0, -20, 29, 28, 65 }, // U+0303
    { 12, 4, 0, -6, 26, 12, 93 }, // U+0304
    { 18, 3, 0, -9, 31, 14, 105 }, // U+0305
    { 12, 7, 0, -6, 29, 21, 119 }, // U+0306
    { 8, 6, 0, -4, 29, 12, 140 }, // U+0307
    { 14, 6, 0, -7, 29, 21, 152 }, // U+0308
    { 10, 9, 0, -16, 31, 23, 173 }, // U+0309
    { 10, 9, 0, -5, 31, 23, 196 }, // U+030A
    { 16, 7, 0, -8, 29, 28, 219 }, // U+030B
    { 14, 7, 0, -19, 29, 25, 247 }, // U+030C
    { 4, 7, 0, -2, 29, 7, 272 }, // U+030D
    { 10, 7, 0, -5, 29, 18, 279 }, // U+030E
    { 16, 7, 0, -21, 29, 28, 297 }, // U+030F
    { 14, 12, 0, -7, 34, 42, 325 }, // U+0310
    { 12, 7, 0, -6, 29, 21, 367 }, // U+0311
    { 8, 12, 0, -4, 27, 24, 388 }, // U+0312
    { 8, 12, 0, -4, 27, 24, 412 }, // U+0313
    { 8, 12, 0, -4, 27, 24, 436 }, // U+0314
    { 8, 12, 0, -4, 27, 24, 460 }, // U+0315
    { 10, 7, 0, -5, -2, 18, 484 }, // U+0316
    { 10, 7, 0, -5, -2, 18, 502 }, // U+0317
    { 6, 7, 0, -3, -1, 11, 520 }, // U+0318
    { 6, 7, 0, -3, -1, 11, 531 }, // U+0319
    { 11, 11, 222, 0, 29, 31, 542 }, // U+031A
    { 8, 9, 0, -4, 29, 18, 573 }, // U+031B
    { 6, 9, 0, -3, 0, 14, 591 }, // U+031C
    { 8, 7, 0, -4, -1, 14, 605 }, // U+031D
    { 8, 7, 0, -4, -1, 14, 619 }, // U+031E
    { 8, 8, 0, -4, -1, 16, 633 }, // U+031F
    { 8, 3, 0, -4, -3, 6, 649 }, // U+0320
    { 8, 10, 0, -4, 2, 20, 655 }, // U+0321
    { 8, 10, 0, -4, 2, 20, 675 }, // U+0322
    { 8, 6, 0, -15, -2, 12, 695 }, // U+0323
    { 14, 6, 0, -7, -1, 21, 707 }, // U+0324
    { 10, 9, 0, -5, 0, 23, 728 }, // U+0325
    { 6, 7, 0, -3, -2, 11, 751 }, // U+0326
    { 10, 10, 0, -5, 1, 25, 762 }, // U+0327
    { 10, 9, 0, -5, 0, 23, 787 }, // U+0328
    { 4, 8, 0, -2, -1, 8, 810 }, // U+0329
    { 14, 7, 0, -7, -2, 25, 818 }, // U+032A
    { 12, 5, 0, -6, -2, 15, 843 }, // U+032B
    { 14, 7, 0, -7, -2, 25, 858 }, // U+032C
    { 14, 7, 0, -7, -2, 25, 883 }, // U+032D
    { 13, 7, 0, -7, -2, 23, 908 }, // U+032E
    { 13, 7, 0, -7, -2, 23, 931 }, // U+032F
    { 16, 7, 0, -8, -2, 28, 954 }, // U+0330
    { 12, 4, 0, -6, -3, 12, 982 }, // U+0331
    { 16, 4, 0, -8, -3, 16, 994 }, // U+0332
    { 16, 8, 0, -8, -1, 32, 1010 }, // U+0333
    { 16, 7, 0, -8, 14, 28, 1042 }, // U+0334
    { 16, 4, 0, -8, 13, 16, 1070 }, // U+0335
    { 26, 4, 0, -13, 13, 26, 1086 }, // U+0336
    { 16, 11, 0, -8, 16, 44, 1112 }, // U+0337
    { 16, 33, 0, -8, 29, 132, 1156 }, // U+0338
    { 6, 9, 0, -3, 0, 14, 1288 }, // U+0339
    { 14, 7, 0, -7, -2, 25, 1302 }, // U+033A
    { 14, 8, 0, -7, -1, 28, 1327 }, // U+033B
    { 12, 5, 0, -6, -2, 15, 1355 }, // U+033C
    { 8, 8, 0, -4, 29, 16, 1370 }, // U+033D
    { 6, 12, 0, -3, 33, 18, 1386 }, // U+033E
    { 16, 8, 0, -8, 36, 32, 1404 }, // U+033F
    { 10, 7, 0, -6, 29, 18, 1436 }, // U+0340
    { 10, 7, 0, -4, 29, 18, 1454 }, // U+0341
    { 16, 7, 0, -8, 29, 28, 1472 }, // U+0342
    { 6, 9, 0, -3, 31, 14, 1500 }, // U+0343
    { 16, 9, 0, -8, 30, 36, 1514 }, // U+0344
    { 8, 7, 0, 2, -2, 14, 1550 }, // U+0345
    { 14, 7, 0, -7, 29, 25, 1564 }, // U+0346
    { 16, 8, 0, -8, -1, 32, 1589 }, // U+0347
    { 10, 7, 0, -5, -2, 18, 1621 }, // U+0348
    { 8, 7, 0, -4, -2, 14, 1639 }, // U+0349
    { 16, 9, 0, -8, 30, 36, 1653 }, // U+034A
    { 16, 16, 0, -8, 37, 64, 1689 }, // U+034B
    { 16, 14, 0, -8, 35, 56, 1753 }, // U+034C
    { 12, 8, 0, -6, -1, 24, 1809 }, // U+034D
    { 8, 9, 0, -4, 0, 18, 1833 }, // U+034E
    { 28, 27, 0, -14, 27, 189, 1851 }, // U+034F
    { 8, 9, 0, -4, 30, 18, 2040 }, // U+0350
    { 6, 9, 0, -3, 31, 14, 2058 }, // U+0351
    { 14, 11, 0, -7, 33, 39, 2072 }, // U+0352
    { 8, 8, 0, -4, -1, 16, 2111 }, // U+0353
    { 8, 9, 0, -4, 0, 18, 2127 }, // U+0354
    { 8, 9, 0, -4, 0, 18, 2145 }, // U+0355
    { 16, 8, 0, -8, -1, 32, 2163 }, // U+0356
    { 6, 9, 0, -3, 31, 14, 2195 }, // U+0357
    { 7, 6, 0, 3, 29, 11, 2209 }, // U+0358
    { 10, 8, 0, -5, -1, 20, 2220 }, // U+0359
    { 14, 8, 0, -7, -1, 28, 2240 }, // U+035A
    { 8, 8, 0, -4, 30, 16, 2268 }, // U+035B
    { 30, 7, 0, -15, -1, 53, 2284 }, // U+035C
    { 30, 8, 0, -15, 30, 60, 2337 }, // U+035D
    { 24, 3, 0, -12, 26, 18, 2397 }, // U+035E
    { 24, 3, 0, -12, -3, 18, 2415 }, // U+035F
    { 32, 7, 0, -16, 30, 56, 2433 }, // U+0360
    { 32, 8, 0, -16, 32, 64, 2489 }, // U+0361
    { 24, 8, 0, -12, -1, 48, 2553 }, // U+0362
    { 9, 9, 0, -4, 32, 21, 2601 }, // U+0363
    { 9, 9, 0, -4, 32, 21, 2622 }, // U+0364
    { 7, 12, 0, -3, 35, 21, 2643 }, // U+0365
    { 10, 9, 0, -5, 32, 23, 2664 }, // U+0366
    { 11, 9, 0, -5, 32, 25, 2687 }, // U+0367
    { 9, 9, 0, -4, 32, 21, 2712 }, // U+0368
    { 11, 12, 0, -5, 35, 33, 2733 }, // U+0369
    { 11, 12, 0, -5, 35, 33, 2766 }, // U+036A
    { 17, 9, 0, -8, 32, 39, 2799 }, // U+036B
    { 9, 9, 0, -4, 32, 21, 2838 }, // U+036C
    { 7, 11, 0, -3, 34, 20, 2859 }, // U+036D
    { 11, 9, 0, -5, 32, 25, 2879 }, // U+036E
    { 11, 9, 0, -5, 32, 25, 2904 }, // U+036F
    { 23, 35, 392, 1, 35, 202, 0 }, // U+0400
    { 23, 35, 392, 1, 35, 202, 202 }, // U+0401
    { 30, 27, 494, 0, 27, 203, 404 }, // U+0402
    { 21, 35, 358, 1, 35, 184, 607 }, // U+0403
    { 23, 29, 395, 1, 28, 167, 791 }, // U+0404
    { 20, 29, 349, 1, 28, 145, 958 }, // U+0405
    { 13, 27, 236, 1, 27, 88, 1103 }, // U+0406
    { 13, 35, 236, 1, 35, 114, 1191 }, // U+0407
    { 15, 36, 237, -1, 27, 135, 1305 }, // U+0408
    { 36, 28, 584, 0, 27, 252, 1440 }, // U+0409
    { 37, 27, 620, 1, 27, 250, 1692 }, // U+040A
    { 33, 27, 533, 0, 27, 223, 1942 }, // U+040B
    { 27, 35, 438, 1, 35, 237, 2165 }, // U+040C
    { 29, 35, 494, 1, 35, 254, 2402 }, // U+040D
    { 27, 36, 420, 0, 35, 243, 2656 }, // U+040E
    { 28, 34, 482, 1, 27, 238, 2899 }, // U+040F
    { 29, 27, 449, 0, 27, 196, 3137 }, // U+0410
    { 22, 27, 383, 1, 27, 149, 3333 }, // U+0411
    { 24, 27, 416, 1, 27, 162, 3482 }, // U+0412
    { 21, 27, 358, 1, 27, 142, 3644 }, // U+0413
    { 28, 34, 451, 0, 27, 238, 3786 }, // U+0414
    { 23, 27, 392, 1, 27, 156, 4024 }, // U+0415
    { 39, 27, 621, 0, 27, 264, 4180 }, // U+0416
    { 21, 29, 373, 1, 28, 153, 4444 }, // U+0417
    { 29, 27, 494, 1, 27, 196, 4597 }, // U+0418
    { 29, 35, 494, 1, 35, 254, 4793 }, // U+0419
    { 27, 27, 438, 1, 27, 183, 5047 }, // U+041A
    { 28, 28, 450, 0, 27, 196, 5230 }, // U+041B
    { 35, 27, 581, 1, 27, 237, 5426 }, // U+041C
    { 29, 27, 488, 1, 27, 196, 5663 }, // U+041D
    { 27, 29, 463, 1, 28, 196, 5859 }, // U+041E
    { 28, 27, 482, 1, 27, 189, 6055 }, // U+041F
    { 22, 27, 383, 1, 27, 149, 6244 }, // U+0420
    { 23, 29, 395, 1, 28, 167, 6393 }, // U+0421
    { 25, 27, 403, 0, 27, 169, 6560 }, // U+0422
    { 27, 28, 420, 0, 27, 189, 6729 }, // U+0423
    { 33, 29, 566, 1, 28, 240, 6918 }, // U+0424
    { 28, 27, 439, 0, 27, 189, 7158 }, // U+0425
    { 29, 34, 484, 1, 27, 247, 7347 }, // U+0426
    { 29, 27, 471, 0, 27, 196, 7594 }, // U+0427
    { 41, 27, 684, 1, 27, 277, 7790 }, // U+0428
    { 41, 35, 687, 1, 27, 359, 8067 }, // U+0429
    { 27, 27, 443, 0, 27, 183, 8426 }, // U+042A
    { 35, 27, 591, 1, 27, 237, 8609 }, // U+042B
    { 22, 27, 383, 1, 27, 149, 8846 }, // U+042C
    { 22, 29, 395, 1, 28, 160, 8995 }, // U+042D
    { 38, 29, 647, 1, 28, 276, 9155 }, // U+042E
    { 27, 27, 420, -1, 27, 183, 9431 }, // U+042F
    { 20, 22, 356, 1, 21, 110, 9614 }, // U+0430
    { 21, 30, 363, 1, 29, 158, 9724 }, // U+0431
    { 22, 21, 363, 0, 21, 116, 9882 }, // U+0432
    { 19, 21, 302, 0, 21, 100, 9998 }, // U+0433
    { 23, 28, 375, 0, 21, 161, 10098 }, // U+0434
    { 19, 22, 338, 1, 21, 105, 10259 }, // U+0435
    { 34, 21, 530, 0, 21, 179, 10364 }, // U+0436
    { 17, 22, 304, 1, 21, 94, 10543 }, // U+0437
    { 25, 21, 407, 0, 21, 132, 10637 }, // U+0438
    { 25, 29, 407, 0, 29, 182, 10769 }, // U+0439
    { 24, 21, 372, 0, 21, 126, 10951 }, // U+043A
    { 23, 22, 375, 0, 21, 127, 11077 }, // U+043B
    { 32, 21, 511, 0, 21, 168, 11204 }, // U+043C
    { 25, 21, 404, 0, 21, 132, 11372 }, // U+043D
    { 21, 22, 364, 1, 21, 116, 11504 }, // U+043E
    { 25, 21, 398, 0, 21, 132, 11620 }, // U+043F
    { 23, 30, 388, 0, 21, 173, 11752 }, // U+0440
    { 18, 22, 314, 1, 21, 99, 11925 }, // U+0441
    { 21, 21, 334, 0, 21, 111, 12024 }, // U+0442
    { 23, 31, 363, 0, 21, 179, 12135 }, // U+0443
    { 29, 38, 486, 1, 29, 276, 12314 }, // U+0444
    { 24, 21, 389, 0, 21, 126, 12590 }, // U+0445
    { 25, 28, 401, 0, 21, 175, 12716 }, // U+0446
    { 24, 21, 396, 0, 21, 126, 12891 }, // U+0447
    { 35, 21, 569, 0, 21, 184, 13017 }, // U+0448
    { 36, 28, 572, 0, 21, 252, 13201 }, // U+0449
    { 25, 21, 398, 0, 21, 132, 13453 }, // U+044A
    { 33, 21, 526, 0, 21, 174, 13585 }, // U+044B
    { 21, 21, 343, 0, 21, 111, 13759 }, // U+044C
    { 18, 22, 314, 1, 21, 99, 13870 }, // U+044D
    { 32, 22, 517, 0, 21, 176, 13969 }, // U+044E
    { 23, 21, 366, 0, 21, 121, 14145 }, // U+044F
    { 19, 30, 338, 1, 29, 143, 14266 }, // U+0450
    { 19, 30, 338, 1, 29, 143, 14409 }, // U+0451
    { 22, 38, 379, 0, 29, 209, 14552 }, // U+0452
    { 19, 29, 302, 0, 29, 138, 14761 }, // U+0453
    { 18, 22, 314, 1, 21, 99, 14899 }, // U+0454
    { 16, 22, 288, 1, 21, 88, 14998 }, // U+0455
    { 13, 29, 211, 0, 29, 95, 15086 }, // U+0456
    { 13, 29, 211, 0, 29, 95, 15181 }, // U+0457
    { 11, 38, 199, -1, 29, 105, 15276 }, // U+0458
    { 31, 22, 501, 0, 21, 171, 15381 }, // U+0459
    { 33, 21, 530, 0, 21, 174, 15552 }, // U+045A
    { 25, 29, 396, 0, 29, 182, 15726 }, // U+045B
    { 24, 29, 376, 0, 29, 174, 15908 }, // U+045C
    { 25, 29, 407, 0, 29, 182, 16082 }, // U+045D
    { 23, 39, 363, 0, 29, 225, 16264 }, // U+045E
    { 25, 28, 398, 0, 21, 175, 16489 }, // U+045F
    { 37, 28, 617, 0, 28, 259, 16664 }, // U+0460
    { 32, 21, 539, 0, 21, 168, 16923 }, // U+0461
    { 27, 27, 430, 0, 27, 183, 17091 }, // U+0462
    { 22, 29, 362, 0, 29, 160, 17274 }, // U+0463
    { 37, 29, 619, 1, 28, 269, 17434 }, // U+0464
    { 31, 22, 514, 0, 21, 171, 17703 }, // U+0465
    { 30, 27, 476, 0, 27, 203, 17874 }, // U+0466
    { 26, 21, 400, 0, 21, 137, 18077 }, // U+0467
    { 43, 27, 701, 1, 27, 291, 18214 }, // U+0468
    { 36, 21, 575, 0, 21, 189, 18505 }, // U+0469
    { 35, 27, 552, 0, 27, 237, 18694 }, // U+046A
    { 30, 21, 478, 0, 21, 158, 18931 }, // U+046B
    { 48, 27, 780, 1, 27, 324, 19089 }, // U+046C
    { 42, 21, 657, 0, 21, 221, 19413 }, // U+046D
    { 20, 41, 370, 2, 32, 205, 19634 }, // U+046E
    { 18, 34, 317, 1, 25, 153, 19839 }, // U+046F
    { 36, 27, 586, 0, 27, 243, 19992 }, // U+0470
    { 25, 38, 425, 0, 29, 238, 20235 }, // U+0471
    { 26, 29, 472, 2, 28, 189, 20473 }, // U+0472
    { 21, 22, 373, 1, 21, 116, 20662 }, // U+0473
    { 29, 27, 446, 0, 27, 196, 20778 }, // U+0474
    { 25, 21, 384, 0, 21, 132, 20974 }, // U+0475
    { 29, 35, 446, 0, 35, 254, 21106 }, // U+0476
    { 25, 29, 385, 0, 29, 182, 21360 }, // U+0477
    { 47, 37, 782, 2, 28, 435, 21542 }, // U+0478
    { 42, 30, 675, 1, 21, 315, 21977 }, // U+0479
    { 27, 33, 496, 2, 30, 223, 22292 }, // U+047A
    { 22, 26, 386, 1, 23, 143, 22515 }, // U+047B
    { 39, 41, 674, 2, 40, 400, 22658 }, // U+047C
    { 34, 36, 578, 1, 35, 306, 23058 }, // U+047D
    { 37, 33, 617, 0, 33, 306, 23364 }, // U+047E
    { 32, 27, 539, 0, 27, 216, 23670 }, // U+047F
    { 22, 37, 401, 2, 28, 204, 23886 }, // U+0480
    { 18, 30, 316, 1, 21, 135, 24090 }, // U+0481
    { 20, 25, 365, 1, 24, 125, 24225 }, // U+0482
    { 14, 7, 0, -7, 28, 25, 24350 }, // U+0483
    { 16, 7, 0, -8, 29, 28, 24375 }, // U+0484
    { 6, 8, 0, -3, 30, 12, 24403 }, // U+0485
    { 6, 8, 0, -3, 30, 12, 24415 }, // U+0486
    { 16, 6, 0, -8, 34, 24, 24427 }, // U+0487
    { 48, 42, 0, -24, 31, 504, 24451 }, // U+0488
    { 46, 46, 0, -23, 33, 529, 24955 }, // U+0489
    { 30, 43, 495, 1, 35, 323, 25484 }, // U+048A
    { 26, 37, 407, 0, 29, 241, 25807 }, // U+048B
    { 23, 29, 383, 1, 29, 167, 26048 }, // U+048C
    { 22, 25, 362, 0, 25, 138, 26215 }, // U+048D
    { 22, 27, 383, 1, 27, 149, 26353 }, // U+048E
    { 23, 30, 387, 0, 21, 173, 26502 }, // U+048F
    { 20, 33, 329, 1, 33, 165, 26675 }, // U+0490
    { 17, 26, 275, 0, 26, 111, 26840 }, // U+0491
    { 21, 27, 355, 1, 27, 142, 26951 }, // U+0492
    { 19, 21, 305, 0, 21, 100, 27093 }, // U+0493
    { 25, 37, 431, 1, 27, 232, 27193 }, // U+0494
    { 22, 30, 369, 0, 21, 165, 27425 }, // U+0495
    { 40, 35, 649, 0, 27, 350, 27590 }, // U+0496
    { 36, 29, 575, 0, 21, 261, 27940 }, // U+0497
    { 21, 37, 370, 1, 28, 195, 28201 }, // U+0498
    { 18, 30, 317, 1, 21, 135, 28396 }, // U+0499
    { 27, 35, 454, 1, 27, 237, 28531 }, // U+049A
    { 25, 29, 398, 0, 21, 182, 28768 }, // U+049B
    { 28, 27, 453, 1, 27, 189, 28950 }, // U+049C
    { 26, 21, 403, 0, 21, 137, 29139 }, // U+049D
    { 26, 27, 432, 1, 27, 176, 29276 }, // U+049E
    { 25, 29, 385, 0, 29, 182, 29452 }, // U+049F
    { 32, 27, 498, 0, 27, 216, 29634 }, // U+04A0
    { 29, 21, 461, 0, 21, 153, 29850 }, // U+04A1
    { 29, 35, 491, 1, 27, 254, 30003 }, // U+04A2
    { 26, 29, 415, 0, 21, 189, 30257 }, // U+04A3
    { 34, 27, 557, 1, 27, 230, 30446 }, // U+04A4
    { 31, 21, 491, 0, 21, 163, 30676 }, // U+04A5
    { 41, 37, 676, 1, 27, 380, 30839 }, // U+04A6
    { 34, 30, 560, 0, 21, 255, 31219 }, // U+04A7
    { 29, 30, 509, 2, 28, 218, 31474 }, // U+04A8
    { 25, 23, 429, 1, 21, 144, 31692 }, // U+04A9
    { 22, 37, 401, 2, 28, 204, 31836 }, // U+04AA
    { 18, 30, 316, 1, 21, 135, 32040 }, // U+04AB
    { 25, 35, 392, 0, 27, 219, 32175 }, // U+04AC
    { 21, 29, 340, 0, 21, 153, 32394 }, // U+04AD
    { 27, 27, 416, 0, 27, 183, 32547 }, // U+04AE
    { 23, 30, 364, 0, 21, 173, 32730 }, // U+04AF
    { 27, 27, 416, 0, 27, 183, 32903 }, // U+04B0
    { 23, 30, 364, 0, 21, 173, 33086 }, // U+04B1
    { 28, 35, 452, 0, 27, 245, 33259 }, // U+04B2
    { 25, 29, 388, 0, 21, 182, 33504 }, // U+04B3
    { 37, 35, 595, 0, 27, 324, 33686 }, // U+04B4
    { 32, 29, 521, 0, 21, 232, 34010 }, // U+04B5
    { 29, 35, 468, 0, 27, 254, 34242 }, // U+04B6
    { 26, 29, 409, 0, 21, 189, 34496 }, // U+04B7
    { 29, 27, 469, 0, 27, 196, 34685 }, // U+04B8
    { 24, 21, 396, 0, 21, 126, 34881 }, // U+04B9
    { 28, 27, 468, 1, 27, 189, 35007 }, // U+04BA
    { 25, 29, 400, 0, 29, 182, 35196 }, // U+04BB
    { 31, 29, 514, 0, 28, 225, 35378 }, // U+04BC
    { 25, 22, 423, 0, 21, 138, 35603 }, // U+04BD
    { 31, 36, 514, 0, 28, 279, 35741 }, // U+04BE
    { 25, 29, 422, 0, 21, 182, 36020 }, // U+04BF
    { 14, 27, 241, 1, 27, 95, 36202 }, // U+04C0
    { 39, 35, 621, 0, 35, 342, 36297 }, // U+04C1
    { 34, 29, 530, 0, 29, 247, 36639 }, // U+04C2
    { 26, 37, 437, 1, 27, 241, 36886 }, // U+04C3
    { 24, 30, 396, 0, 21, 180, 37127 }, // U+04C4
    { 28, 35, 451, 0, 27, 245, 37307 }, // U+04C5
    { 24, 29, 375, 0, 21, 174, 37552 }, // U+04C6
    { 29, 37, 492, 1, 27, 269, 37726 }, // U+04C7
    { 26, 31, 415, 0, 21, 202, 37995 }, // U+04C8
    { 30, 35, 491, 1, 27, 263, 38197 }, // U+04C9
    { 25, 29, 404, 0, 21, 182, 38460 }, // U+04CA
    { 29, 35, 468, 0, 27, 254, 38642 }, // U+04CB
    { 25, 29, 409, 0, 21, 182, 38896 }, // U+04CC
    { 35, 35, 581, 1, 27, 307, 39078 }, // U+04CD
    { 32, 29, 511, 0, 21, 232, 39385 }, // U+04CE
    { 14, 27, 241, 1, 27, 95, 39617 }, // U+04CF
    { 29, 35, 452, 0, 35, 254, 39712 }, // U+04D0
    { 21, 30, 360, 1, 29, 158, 39966 }, // U+04D1
    { 29, 35, 452, 0, 35, 254, 40124 }, // U+04D2
    { 21, 30, 360, 1, 29, 158, 40378 }, // U+04D3
    { 37, 27, 596, 0, 27, 250, 40536 }, // U+04D4
    { 31, 22, 525, 1, 21, 171, 40786 }, // U+04D5
    { 23, 35, 392, 1, 35, 202, 40957 }, // U+04D6
    { 19, 30, 343, 1, 29, 143, 41159 }, // U+04D7
    { 24, 29, 436, 2, 28, 174, 41302 }, // U+04D8
    { 19, 22, 343, 1, 21, 105, 41476 }, // U+04D9
    { 24, 36, 436, 2, 35, 216, 41581 }, // U+04DA
    { 19, 30, 343, 1, 29, 143, 41797 }, // U+04DB
    { 39, 35, 621, 0, 35, 342, 41940 }, // U+04DC
    { 34, 29, 530, 0, 29, 247, 42282 }, // U+04DD
    { 21, 36, 376, 1, 35, 189, 42529 }, // U+04DE
    { 17, 30, 304, 1, 29, 128, 42718 }, // U+04DF
    { 21, 28, 370, 1, 27, 147, 42846 }, // U+04E0
    { 20, 30, 335, 0, 21, 150, 42993 }, // U+04E1
    { 29, 32, 494, 1, 32, 232, 43143 }, // U+04E2
    { 25, 26, 407, 0, 26, 163, 43375 }, // U+04E3
    { 29, 35, 494, 1, 35, 254, 43538 }, // U+04E4
    { 25, 29, 407, 0, 29, 182, 43792 }, // U+04E5
    { 26, 36, 472, 2, 35, 234, 43974 }, // U+04E6
    { 21, 30, 368, 1, 29, 158, 44208 }, // U+04E7
    { 26, 29, 472, 2, 28, 189, 44366 }, // U+04E8
    { 21, 22, 368, 1, 21, 116, 44555 }, // U+04E9
    { 26, 36, 472, 2, 35, 234, 44671 }, // U+04EA
    { 21, 30, 368, 1, 29, 158, 44905 }, // U+04EB
    { 22, 36, 395, 1, 35, 198, 45063 }, // U+04EC
    { 18, 30, 314, 1, 29, 135, 45261 }, // U+04ED
    { 27, 33, 420, 0, 32, 223, 45396 }, // U+04EE
    { 22, 35, 347, 0, 26, 193, 45619 }, // U+04EF
    { 27, 36, 420, 0, 35, 243, 45812 }, // U+04F0
    { 22, 38, 347, 0, 29, 209, 46055 }, // U+04F1
    { 27, 36, 420, 0, 35, 243, 46264 }, // U+04F2
    { 22, 38, 347, 0, 29, 209, 46507 }, // U+04F3
    { 29, 35, 469, 0, 35, 254, 46716 }, // U+04F4
    { 24, 29, 396, 0, 29, 174, 46970 }, // U+04F5
    { 21, 35, 355, 1, 27, 184, 47144 }, // U+04F6
    { 19, 29, 305, 0, 21, 138, 47328 }, // U+04F7
    { 35, 35, 591, 1, 35, 307, 47466 }, // U+04F8
    { 33, 29, 526, 0, 29, 240, 47773 }, // U+04F9
    { 21, 35, 355, 1, 27, 184, 48013 }, // U+04FA
    { 19, 29, 305, 0, 21, 138, 48197 }, // U+04FB
    { 28, 35, 440, 0, 27, 245, 48335 }, // U+04FC
    { 25, 29, 388, 0, 21, 182, 48580 }, // U+04FD
    { 28, 27, 439, 0, 27, 189, 48762 }, // U+04FE
    { 24, 21, 388, 0, 21, 126, 48951 }, // U+04FF
    { 29, 35, 452, 0, 27, 254, 0 }, // U+1EA0
    { 21, 29, 360, 1, 21, 153, 254 }, // U+1EA1
    { 29, 38, 452, 0, 38, 276, 407 }, // U+1EA2
    { 21, 32, 360, 1, 31, 168, 683 }, // U+1EA3
    { 29, 37, 452, 0, 37, 269, 851 }, // U+1EA4
    { 21, 32, 360, 1, 31, 168, 1120 }, // U+1EA5
    { 29, 37, 452, 0, 37, 269, 1288 }, // U+1EA6
    { 21, 32, 360, 1, 31, 168, 1557 }, // U+1EA7
    { 29, 39, 452, 0, 39, 283, 1725 }, // U+1EA8
    { 21, 34, 360, 1, 33, 179, 2008 }, // U+1EA9
    { 29, 40, 452, 0, 40, 290, 2187 }, // U+1EAA
    { 21, 35, 360, 1, 34, 184, 2477 }, // U+1EAB
    { 29, 43, 452, 0, 35, 312, 2661 }, // U+1EAC
    { 21, 37, 360, 1, 29, 195, 2973 }, // U+1EAD
    { 29, 38, 452, 0, 38, 276, 3168 }, // U+1EAE
    { 21, 33, 360, 1, 32, 174, 3444 }, // U+1EAF
    { 29, 38, 452, 0, 38, 276, 3618 }, // U+1EB0
    { 21, 33, 360, 1, 32, 174, 3894 }, // U+1EB1
    { 29, 40, 452, 0, 40, 290, 4068 }, // U+1EB2
    { 21, 35, 360, 1, 34, 184, 4358 }, // U+1EB3
    { 29, 40, 452, 0, 40, 290, 4542 }, // U+1EB4
    { 21, 35, 360, 1, 34, 184, 4832 }, // U+1EB5
    { 29, 43, 452, 0, 35, 312, 5016 }, // U+1EB6
    { 21, 37, 360, 1, 29, 195, 5328 }, // U+1EB7
    { 23, 35, 392, 1, 27, 202, 5523 }, // U+1EB8
    { 19, 29, 343, 1, 21, 138, 5725 }, // U+1EB9
    { 23, 38, 392, 1, 38, 219, 5863 }, // U+1EBA
    { 19, 32, 343, 1, 31, 152, 6082 }, // U+1EBB
    { 23, 35, 392, 1, 35, 202, 6234 }, // U+1EBC
    { 19, 30, 343, 1, 29, 143, 6436 }, // U+1EBD
    { 23, 37, 392, 1, 37, 213, 6579 }, // U+1EBE
    { 21, 32, 343, 1, 31, 168, 6792 }, // U+1EBF
    { 23, 37, 392, 1, 37, 213, 6960 }, // U+1EC0
    { 19, 32, 343, 1, 31, 152, 7173 }, // U+1EC1
    { 23, 39, 392, 1, 39, 225, 7325 }, // U+1EC2
    { 20, 34, 343, 1, 33, 170, 7550 }, // U+1EC3
    { 23, 40, 392, 1, 40, 230, 7720 }, // U+1EC4
    { 19, 35, 343, 1, 34, 167, 7950 }, // U+1EC5
    { 23, 43, 392, 1, 35, 248, 8117 }, // U+1EC6
    { 19, 37, 343, 1, 29, 176, 8365 }, // U+1EC7
    { 14, 38, 241, 1, 38, 133, 8541 }, // U+1EC8
    { 13, 31, 211, 0, 31, 101, 8674 }, // U+1EC9
    { 14, 35, 241, 1, 27, 123, 8775 }, // U+1ECA
    { 13, 37, 211, 0, 29, 121, 8898 }, // U+1ECB
    { 26, 36, 472, 2, 28, 234, 9019 }, // U+1ECC
    { 21, 29, 368, 1, 21, 153, 9253 }, // U+1ECD
    { 26, 39, 472, 2, 38, 254, 9406 }, // U+1ECE
    { 21, 32, 368, 1, 31, 168, 9660 }, // U+1ECF
    { 26, 38, 472, 2, 37, 247, 9828 }, // U+1ED0
    { 21, 32, 368, 1, 31, 168, 10075 }, // U+1ED1
    { 26, 38, 472, 2, 37, 247, 10243 }, // U+1ED2
    { 21, 32, 368, 1, 31, 168, 10490 }, // U+1ED3
    { 26, 40, 472, 2, 39, 260, 10658 }, // U+1ED4
    { 21, 34, 368, 1, 33, 179, 10918 }, // U+1ED5
    { 26, 41, 472, 2, 40, 267, 11097 }, // U+1ED6
    { 21, 35, 368, 1, 34, 184, 11364 }, // U+1ED7
    { 26, 43, 472, 2, 35, 280, 11548 }, // U+1ED8
    { 21, 37, 368, 1, 29, 195, 11828 }, // U+1ED9
    { 30, 36, 506, 2, 35, 270, 12023 }, // U+1EDA
    { 24, 30, 402, 1, 29, 180, 12293 }, // U+1EDB
    { 30, 36, 506, 2, 35, 270, 12473 }, // U+1EDC
    { 24, 30, 402, 1, 29, 180, 12743 }, // U+1EDD
    { 30, 39, 506, 2, 38, 293, 12923 }, // U+1EDE
    { 24, 32, 402, 1, 31, 192, 13216 }, // U+1EDF
    { 30, 36, 506, 2, 35, 270, 13408 }, // U+1EE0
    { 24, 30, 402, 1, 29, 180, 13678 }, // U+1EE1
    { 30, 37, 506, 2, 29, 278, 13858 }, // U+1EE2
    { 24, 32, 402, 1, 24, 192, 14136 }, // U+1EE3
    { 28, 35, 448, 0, 27, 245, 14328 }, // U+1EE4
    { 25, 29, 400, 0, 21, 182, 14573 }, // U+1EE5
    { 28, 39, 448, 0, 38, 273, 14755 }, // U+1EE6
    { 25, 32, 400, 0, 31, 200, 15028 }, // U+1EE7
    { 32, 36, 512, 0, 35, 288, 15228 }, // U+1EE8
    { 29, 30, 467, 0, 29, 218, 15516 }, // U+1EE9
    { 32, 36, 512, 0, 35, 288, 15734 }, // U+1EEA
    { 29, 30, 467, 0, 29, 218, 16022 }, // U+1EEB
    { 32, 39, 512, 0, 38, 312, 16240 }, // U+1EEC
    { 29, 32, 467, 0, 31, 232, 16552 }, // U+1EED
    { 32, 36, 512, 0, 35, 288, 16784 }, // U+1EEE
    { 29, 30, 467, 0, 29, 218, 17072 }, // U+1EEF
    { 32, 37, 512, 0, 29, 296, 17290 }, // U+1EF0
    { 29, 32, 467, 0, 24, 232, 17586 }, // U+1EF1
    { 27, 35, 416, 0, 35, 237, 17818 }, // U+1EF2
    { 22, 38, 347, 0, 29, 209, 18055 }, // U+1EF3
    { 27, 35, 416, 0, 27, 237, 18264 }, // U+1EF4
    { 22, 30, 347, 0, 21, 165, 18501 }, // U+1EF5
    { 27, 38, 416, 0, 38, 257, 18666 }, // U+1EF6
    { 22, 40, 347, 0, 31, 220, 18923 }, // U+1EF7
    { 27, 35, 416, 0, 35, 237, 19143 }, // U+1EF8
    { 22, 38, 347, 0, 29, 209, 19380 }, // U+1EF9
    { 0, 0, 300, 0, 0, 0, 0 }, // U+2000
    { 0, 0, 600, 0, 0, 0, 0 }, // U+2001
    { 0, 0, 300, 0, 0, 0, 0 }, // U+2002
    { 0, 0, 600, 0, 0, 0, 0 }, // U+2003
    { 0, 0, 200, 0, 0, 0, 0 }, // U+2004
    { 0, 0, 150, 0, 0, 0, 0 }, // U+2005
    { 0, 0, 100, 0, 0, 0, 0 }, // U+2006
    { 0, 0, 339, 0, 0, 0, 0 }, // U+2007
    { 0, 0, 176, 0, 0, 0, 0 }, // U+2008
    { 0, 0, 100, 0, 0, 0, 0 }, // U+2009
    { 0, 0, 60, 0, 0, 0, 0 }, // U+200A
    { 0, 0, 0, 0, 0, 0, 0 }, // U+200B
    { 2, 29, 0, -1, 24, 15, 0 }, // U+200C
    { 10, 31, 0, -5, 26, 78, 15 }, // U+200D
    { 9, 31, 0, -1, 26, 70, 93 }, // U+200E
    { 9, 31, 0, -8, 26, 70, 163 }, // U+200F
    { 11, 5, 186, 0, 13, 14, 233 }, // U+2010
    { 11, 5, 186, 0, 13, 14, 247 }, // U+2011
    { 19, 3, 339, 1, 15, 15, 261 }, // U+2012
    { 20, 4, 300, -1, 12, 20, 276 }, // U+2013
    { 39, 4, 600, -1, 12, 39, 296 }, // U+2014
    { 39, 4, 600, -1, 12, 39, 335 }, // U+2015
    { 11, 38, 335, 5, 29, 105, 374 }, // U+2016
    { 17, 8, 247, -1, 0, 34, 479 }, // U+2017
    { 7, 12, 168, 2, 27, 21, 513 }, // U+2018
    { 8, 12, 168, 1, 27, 24, 534 }, // U+2019
    { 8, 12, 176, 1, 6, 24, 558 }, // U+201A
    { 7, 12, 168, 2, 27, 21, 582 }, // U+201B
    { 15, 12, 293, 2, 27, 45, 603 }, // U+201C
    { 16, 12, 293, 1, 27, 48, 648 }, // U+201D
    { 16, 12, 293, 1, 6, 48, 696 }, // U+201E
    { 15, 12, 293, 2, 27, 45, 744 }, // U+201F
    { 16, 34, 287, 1, 29, 136, 789 }, // U+2020
    { 16, 34, 287, 1, 29, 136, 925 }, // U+2021
    { 11, 13, 240, 2, 20, 36, 1061 }, // U+2022
    { 13, 13, 300, 3, 20, 43, 1097 }, // U+2023
    { 7, 7, 176, 2, 17, 13, 1140 }, // U+2024
    { 18, 7, 346, 2, 17, 32, 1153 }, // U+2025
    { 30, 7, 548, 2, 6, 53, 1185 }, // U+2026
    { 7, 7, 176, 2, 15, 13, 1238 }, // U+2027
    { 0, 0, 360, 0, 0, 0, 1251 }, // U+2028
    { 0, 0, 360, 0, 0, 0, 1251 }, // U+2029
    { 9, 28, 0, -1, 23, 63, 1251 }, // U+202A
    { 9, 28, 0, -8, 23, 63, 1314 }, // U+202B
    { 10, 31, 0, -5, 26, 78, 1377 }, // U+202C
    { 10, 31, 0, -5, 26, 78, 1455 }, // U+202D
    { 10, 31, 0, -5, 26, 78, 1533 }, // U+202E
    { 0, 0, 100, 0, 0, 0, 1611 }, // U+202F
    { 47, 29, 786, 1, 28, 341, 1611 }, // U+2030
    { 63, 29, 1038, 1, 28, 457, 1952 }, // U+2031
    { 9, 10, 151, 0, 27, 23, 2409 }, // U+2032
    { 18, 10, 295, 0, 27, 45, 2432 }, // U+2033
    { 27, 10, 439, 0, 27, 68, 2477 }, // U+2034
    { 9, 10, 151, 0, 27, 23, 2545 }, // U+2035
    { 18, 10, 295, 0, 27, 45, 2568 }, // U+2036
    { 27, 10, 439, 0, 27, 68, 2613 }, // U+2037
    { 15, 11, 264, 1, 2, 42, 2681 }, // U+2038
    { 9, 16, 212, 2, 18, 36, 2723 }, // U+2039
    { 9, 16, 212, 2, 18, 36, 2759 }, // U+203A
    { 27, 27, 491, 2, 27, 183, 2795 }, // U+203B
    { 17, 28, 377, 3, 27, 119, 2978 }, // U+203C
    { 21, 29, 370, 1, 28, 153, 3097 }, // U+203D
    { 19, 3, 275, -1, 31, 15, 3250 }, // U+203E
    { 30, 7, 0, -15, -1, 53, 3265 }, // U+203F
    { 32, 8, 0, -16, 32, 64, 3318 }, // U+2040
    { 17, 27, 270, 0, 27, 115, 3382 }, // U+2041
    { 36, 29, 600, 1, 29, 261, 3497 }, // U+2042
    { 11, 7, 217, 1, 17, 20, 3758 }, // U+2043
    { 17, 27, 37, -7, 27, 115, 3778 }, // U+2044
    { 12, 34, 249, 3, 29, 102, 3893 }, // U+2045
    { 11, 34, 249, 1, 29, 94, 3995 }, // U+2046
    { 37, 29, 640, 1, 28, 269, 4089 }, // U+2047
    { 27, 29, 506, 1, 28, 196, 4358 }, // U+2048
    { 27, 29, 509, 3, 28, 196, 4554 }, // U+2049
    { 19, 29, 366, 1, 22, 138, 4750 }, // U+204A
    { 22, 34, 376, 1, 29, 187, 4888 }, // U+204B
    { 21, 14, 370, 1, 21, 74, 5075 }, // U+204C
    { 21, 14, 370, 1, 21, 74, 5149 }, // U+204D
    { 17, 16, 301, 1, 21, 68, 5223 }, // U+204E
    { 8, 27, 182, 2, 21, 54, 5291 }, // U+204F
    { 27, 29, 462, 1, 28, 196, 5345 }, // U+2050
    { 17, 32, 301, 1, 29, 136, 5541 }, // U+2051
    { 15, 28, 242, 0, 27, 105, 5677 }, // U+2052
    { 19, 8, 335, 1, 17, 38, 5782 }, // U+2053
    { 30, 8, 0, -15, 0, 60, 5820 }, // U+2054
    { 18, 18, 324, 1, 22, 81, 5880 }, // U+2055
    { 19, 22, 378, 2, 21, 105, 5961 }, // U+2056
    { 36, 10, 582, 0, 27, 90, 6066 }, // U+2057
    { 25, 22, 459, 2, 21, 138, 6156 }, // U+2058
    { 25, 22, 459, 2, 21, 138, 6294 }, // U+2059
    { 7, 29, 182, 2, 28, 51, 6432 }, // U+205A
    { 25, 29, 459, 2, 28, 182, 6483 }, // U+205B
    { 21, 21, 418, 3, 21, 111, 6665 }, // U+205C
    { 7, 29, 182, 2, 28, 51, 6776 }, // U+205D
    { 7, 29, 182, 2, 28, 51, 6827 }, // U+205E
    { 0, 0, 133, 0, 0, 0, 6878 }, // U+205F
    { 0, 0, 360, 0, 0, 0, 6878 }, // U+2060
    { 0, 0, 360, 0, 0, 0, 6878 }, // U+2061
    { 0, 0, 360, 0, 0, 0, 6878 }, // U+2062
    { 0, 0, 360, 0, 0, 0, 6878 }, // U+2063
    { 0, 0, 360, 0, 0, 0, 6878 }, // U+2064
    { 0, 0, 0, 0, 0, 0, 6878 }, // U+2066
    { 0, 0, 0, 0, 0, 0, 6878 }, // U+2067
    { 0, 0, 0, 0, 0, 0, 6878 }, // U+2068
    { 0, 0, 0, 0, 0, 0, 6878 }, // U+2069
    { 10, 31, 0, -5, 26, 78, 6878 }, // U+206A
    { 10, 31, 0, -5, 26, 78, 6956 }, // U+206B
    { 10, 31, 0, -5, 26, 78, 7034 }, // U+206C
    { 10, 31, 0, -5, 26, 78, 7112 }, // U+206D
    { 10, 31, 0, -5, 26, 78, 7190 }, // U+206E
    { 10, 31, 0, -5, 26, 78, 7268 }, // U+206F
    { 15, 17, 240, 0, 31, 64, 0 }, // U+2070
    { 9, 19, 137, 0, 29, 43, 64 }, // U+2071
    { 15, 17, 240, 0, 31, 64, 107 }, // U+2074
    { 13, 17, 240, 1, 31, 56, 171 }, // U+2075
    { 13, 17, 240, 1, 31, 56, 227 }, // U+2076
    { 13, 17, 240, 1, 31, 56, 283 }, // U+2077
    { 15, 17, 240, 0, 31, 64, 339 }, // U+2078
    { 13, 17, 240, 1, 31, 56, 403 }, // U+2079
    { 13, 14, 240, 1, 29, 46, 459 }, // U+207A
    { 13, 3, 240, 1, 23, 10, 505 }, // U+207B
    { 13, 9, 240, 1, 26, 30, 515 }, // U+207C
    { 9, 23, 150, 2, 34, 52, 545 }, // U+207D
    { 10, 23, 150, -2, 34, 58, 597 }, // U+207E
    { 16, 14, 260, 0, 24, 56, 655 }, // U+207F
    { 15, 17, 240, 0, 13, 64, 711 }, // U+2080
    { 12, 17, 240, 1, 13, 51, 775 }, // U+2081
    { 13, 17, 240, 1, 13, 56, 826 }, // U+2082
    { 13, 17, 240, 1, 13, 56, 882 }, // U+2083
    { 15, 17, 240, 0, 13, 64, 938 }, // U+2084
    { 13, 17, 240, 1, 13, 56, 1002 }, // U+2085
    { 13, 17, 240, 1, 13, 56, 1058 }, // U+2086
    { 13, 17, 240, 1, 13, 56, 1114 }, // U+2087
    { 15, 17, 240, 0, 13, 64, 1170 }, // U+2088
    { 13, 17, 240, 1, 13, 56, 1234 }, // U+2089
    { 13, 14, 240, 1, 11, 46, 1290 }, // U+208A
    { 13, 3, 240, 1, 5, 10, 1336 }, // U+208B
    { 13, 9, 240, 1, 8, 30, 1346 }, // U+208C
    { 9, 23, 150, 2, 16, 52, 1376 }, // U+208D
    { 10, 23, 150, -2, 16, 58, 1428 }, // U+208E
    { 13, 13, 234, 1, 9, 43, 1486 }, // U+2090
    { 12, 13, 223, 1, 9, 39, 1529 }, // U+2091
    { 13, 13, 239, 1, 9, 43, 1568 }, // U+2092
    { 16, 13, 252, 0, 9, 52, 1611 }, // U+2093
    { 12, 13, 223, 1, 9, 39, 1663 }, // U+2094
    { 16, 18, 260, 0, 14, 72, 1702 }, // U+2095
    { 16, 18, 248, 0, 14, 72, 1774 }, // U+2096
    { 9, 18, 137, 0, 14, 41, 1846 }, // U+2097
    { 24, 13, 385, 0, 9, 78, 1887 }, // U+2098
    { 16, 13, 260, 0, 9, 52, 1965 }, // U+2099
    { 15, 18, 251, 0, 9, 68, 2017 }, // U+209A
    { 11, 13, 187, 0, 9, 36, 2085 }, // U+209B
    { 10, 16, 158, 0, 12, 40, 2121 }, // U+209C
    { 27, 28, 462, 1, 28, 189, 0 }, // U+20A0
    { 23, 32, 401, 1, 29, 184, 189 }, // U+20A1
    { 23, 29, 401, 1, 28, 167, 373 }, // U+20A2
    { 20, 27, 339, 1, 27, 135, 540 }, // U+20A3
    { 19, 29, 339, 1, 28, 138, 675 }, // U+20A4
    { 37, 30, 592, 0, 25, 278, 813 }, // U+20A5
    { 30, 27, 473, 0, 27, 203, 1091 }, // U+20A6
    { 32, 28, 540, 1, 27, 224, 1294 }, // U+20A7
    { 41, 28, 692, 1, 27, 287, 1518 }, // U+20A8
    { 42, 27, 640, -1, 27, 284, 1805 }, // U+20A9
    { 29, 23, 535, 2, 23, 167, 2089 }, // U+20AA
    { 23, 35, 389, 1, 29, 202, 2256 }, // U+20AB
    { 20, 29, 335, 1, 28, 145, 2458 }, // U+20AC
    { 28, 27, 440, 0, 27, 189, 2603 }, // U+20AD
    { 25, 27, 392, 0, 27, 169, 2792 }, // U+20AE
    { 42, 39, 664, 0, 31, 410, 2961 }, // U+20AF
    { 22, 37, 382, 0, 28, 204, 3371 }, // U+20B0
    { 24, 27, 383, 0, 27, 162, 3575 }, // U+20B1
    { 26, 33, 462, 2, 30, 215, 3737 }, // U+20B2
    { 28, 27, 452, 0, 27, 189, 3952 }, // U+20B3
    { 23, 29, 347, -1, 28, 167, 4141 }, // U+20B4
    { 22, 33, 401, 2, 30, 182, 4308 }, // U+20B5
    { 22, 28, 356, 0, 27, 154, 4490 }, // U+20B6
    { 20, 32, 339, 0, 28, 160, 4644 }, // U+20B7
    { 21, 27, 339, 0, 27, 142, 4804 }, // U+20B8
    { 19, 27, 335, 1, 27, 129, 4946 }, // U+20B9
    { 21, 27, 339, 0, 27, 142, 5075 }, // U+20BA
    { 23, 29, 392, 0, 28, 167, 5217 }, // U+20BB
    { 25, 26, 472, 2, 26, 163, 5384 }, // U+20BC
    { 21, 27, 354, 1, 27, 142, 5547 }, // U+20BD
    { 24, 29, 420, 1, 29, 174, 5689 }, // U+20BE
    { 19, 33, 339, 1, 30, 157, 5863 }, // U+20BF
    { 18, 28, 316, 1, 21, 126, 6020 }, // U+20C0
    { 18, 4, 344, 2, 15, 18, 0 }, // U+2212
    { 32, 29, 457, 0, 29, 232, 0 }, // U+FB00
    { 27, 29, 431, 0, 29, 196, 232 }, // U+FB01
    { 27, 29, 431, 0, 29, 196, 428 }, // U+FB02
    { 40, 29, 644, 0, 29, 290, 624 }, // U+FB03
    { 40, 29, 644, 0, 29, 290, 914 }, // U+FB04
    { 28, 30, 452, 0, 29, 210, 1204 }, // U+FB05
    { 31, 30, 521, 1, 29, 233, 1414 }, // U+FB06
    { 35, 35, 600, 1, 29, 307, 0 }, // U+FFFD
};

static const EpdUnicodeInterval notoserif_18_boldIntervals[] = {
    { 0x0, 0x0, 0x0 },
    { 0xD, 0xD, 0x1 },
    { 0x20, 0x7E, 0x2 },
    { 0xA0, 0x17F, 0x61 },
    { 0x1A0, 0x1A1, 0x141 },
    { 0x1AF, 0x1B0, 0x143 },
    { 0x1C4, 0x21F, 0x145 },
    { 0x300, 0x36F, 0x1A1 },
    { 0x400, 0x4FF, 0x211 },
    { 0x1EA0, 0x1EF9, 0x311 },
    { 0x2000, 0x2064, 0x36B },
    { 0x2066, 0x2071, 0x3D0 },
    { 0x2074, 0x208E, 0x3DC },
    { 0x2090, 0x209C, 0x3F7 },
    { 0x20A0, 0x20C0, 0x404 },
    { 0x2212, 0x2212, 0x425 },
    { 0xFB00, 0xFB06, 0x426 },
    { 0xFFFD, 0xFFFD, 0x42D },
};

static const EpdFontGroup notoserif_18_boldGroups[] = {
    { 0, 4732, 13082, 97, 0 },
    { 4732, 4128, 15895, 96, 97 },
    { 8860, 5009, 25130, 128, 193 },
    { 13869, 4964, 22592, 96, 321 },
    { 18833, 1668, 3129, 112, 417 },
    { 20501, 13513, 52237, 256, 529 },
    { 34014, 2793, 21126, 90, 785 },
    { 36807, 2749, 8055, 111, 875 },
    { 39556, 882, 2457, 42, 986 },
    { 40438, 2655, 6493, 33, 1028 },
    { 43093, 13, 20, 1, 1061 },
    { 43106, 482, 1668, 7, 1062 },
    { 43588, 152, 315, 1, 1069 },
};

static const uint16_t notoserif_18_boldKernLeftCodepoints[] = {
    0x0022, 0x0026, 0x0027, 0x002A, 0x002C, 0x002E, 0x0040, 0x0041, 0x0042, 0x0044, 0x0045, 0x0046,
    0x0047, 0x004B, 0x004C, 0x004E, 0x004F, 0x0050, 0x0051, 0x0052, 0x0053, 0x0054, 0x0055, 0x0056,
    0x0057, 0x0058, 0x0059, 0x0061, 0x0062, 0x0065, 0x0066, 0x0067, 0x0068, 0x006B, 0x006D, 0x006E,
    0x006F, 0x0070, 0x0072, 0x0073, 0x0076, 0x0077, 0x0079, 0x00A1, 0x00BF, 0x00C0, 0x00C1, 0x00C2,
    0x00C3, 0x00C4, 0x00C5, 0x00C6, 0x00C8, 0x00C9, 0x00CA, 0x00CB, 0x00D0, 0x00D1, 0x00D2, 0x00D3,
    0x00D4, 0x00D5, 0x00D6, 0x00D8, 0x00D9, 0x00DA, 0x00DB, 0x00DC, 0x00DD, 0x00DE, 0x00DF, 0x00E0,
    0x00E1, 0x00E2, 0x00E3, 0x00E4, 0x00E5, 0x00E6, 0x00E8, 0x00E9, 0x00EA, 0x00EB, 0x00F0, 0x00F1,
    0x00F2, 0x00F3, 0x00F4, 0x00F5, 0x00F6, 0x00F8, 0x00FD, 0x00FE, 0x00FF, 0x0100, 0x0102, 0x0104,
    0x010E, 0x010F, 0x0110, 0x0112, 0x0113, 0x0114, 0x0115, 0x0116, 0x0117, 0x0118, 0x0119, 0x011A,
    0x011B, 0x011C, 0x011E, 0x0120, 0x0122, 0x0125, 0x0127, 0x0129, 0x0136, 0x0137, 0x0138, 0x0139,
    0x013B, 0x013E, 0x0141, 0x0143, 0x0144, 0x0145, 0x0146, 0x0147, 0x0148, 0x0149, 0x014B, 0x014C,
    0x014D, 0x014E, 0x014F, 0x0150, 0x0151, 0x0152, 0x0153, 0x0154, 0x0155, 0x0156, 0x0157, 0x0158,
    0x0159, 0x015A, 0x015B, 0x015C, 0x015D, 0x015E, 0x015F, 0x0160, 0x0161, 0x0162, 0x0164, 0x0165,
    0x0166, 0x0168, 0x016A, 0x016C, 0x016E, 0x0170, 0x0172, 0x0174, 0x0175, 0x0176, 0x0177, 0x0178,
    0x01A0, 0x01A1, 0x01AF, 0x01B0, 0x01FA, 0x01FC, 0x01FD, 0x01FE, 0x01FF, 0x0218, 0x0219, 0x021A,
    0x0402, 0x0409, 0x040A, 0x040E, 0x0423, 0x042A, 0x042C, 0x0431, 0x043E, 0x0440, 0x0444, 0x044D,
    0x044E, 0x0457, 0x0460, 0x0462, 0x0465, 0x0466, 0x0468, 0x046A, 0x046C, 0x046E, 0x046F, 0x0472,
    0x0473, 0x0474, 0x0476, 0x0478, 0x0479, 0x047A, 0x047B, 0x047C, 0x047D, 0x047E, 0x0481, 0x048C,
    0x048D, 0x048E, 0x048F, 0x0490, 0x0491, 0x0493, 0x0494, 0x0496, 0x0497, 0x0498, 0x0499, 0x049A,
    0x049B, 0x049C, 0x049D, 0x049E, 0x049F, 0x04A0, 0x04A1, 0x04A3, 0x04A4, 0x04A5, 0x04A6, 0x04A8,
    0x04AB, 0x04AC, 0x04AD, 0x04B2, 0x04B3, 0x04B5, 0x04B7, 0x04BA, 0x04BC, 0x04BD, 0x04BE, 0x04BF,
    0x04C3, 0x04C6, 0x04D0, 0x04D1, 0x04D2, 0x04D3, 0x04D4, 0x04D5, 0x04D6, 0x04D7, 0x04D8, 0x04D9,
    0x04DA, 0x04DB, 0x04E0, 0x04E6, 0x04E7, 0x04E8, 0x04E9, 0x04EA, 0x04EB, 0x04ED, 0x04EE, 0x04EF,
    0x04F0, 0x04F1, 0x04F2, 0x04F3, 0x04F6, 0x04F7, 0x04FB, 0x04FC, 0x04FD, 0x04FE, 0x04FF, 0x1EA0,
    0x1EA1, 0x1EA2, 0x1EA3, 0x1EA4, 0x1EA5, 0x1EA6, 0x1EA7, 0x1EA8, 0x1EA9, 0x1EAA, 0x1EAB, 0x1EAC,
    0x1EAD, 0x1EAE, 0x1EAF, 0x1EB0, 0x1EB1, 0x1EB2, 0x1EB3, 0x1EB4, 0x1EB5, 0x1EB6, 0x1EB7, 0x1EB8,
    0x1EB9, 0x1EBA, 0x1EBB, 0x1EBC, 0x1EBD, 0x1EBE, 0x1EBF, 0x1EC0, 0x1EC1, 0x1EC2, 0x1EC3, 0x1EC4,
    0x1EC5, 0x1EC6, 0x1EC7, 0x1ECC, 0x1ECD, 0x1ECE, 0x1ECF, 0x1ED0, 0x1ED1, 0x1ED2, 0x1ED3, 0x1ED4,
    0x1ED5, 0x1ED6, 0x1ED7, 0x1ED8, 0x1ED9, 0x1EDA, 0x1EDB, 0x1EDC, 0x1EDD, 0x1EDE, 0x1EDF, 0x1EE0,
    0x1EE1, 0x1EE2, 0x1EE3, 0x1EE4, 0x1EE6, 0x1EE8, 0x1EE9, 0x1EEA, 0x1EEB, 0x1EEC, 0x1EED, 0x1EEE,
    0x1EEF, 0x1EF0, 0x1EF1, 0x1EF2, 0x1EF3, 0x1EF4, 0x1EF5, 0x1EF6, 0x1EF7, 0x1EF8, 0x1EF9, 0x2018,
    0x2019, 0x201A, 0x201C, 0x201D, 0x201E, 0x2026, 0x207D, 0x208D, 0xFB00,
};

static const uint8_t notoserif_18_boldKernLeftClassIds[] = {
      1,   2,   1,   3,   4,   4,   5,   6,   7,   8,   9,  10,  11,  12,  13,  14,
      8,   3,   8,  15,  16,  17,  18,  19,  20,  21,  22,  23,  24,  25,  26,  27,
     23,  28,  23,  23,  24,  24,  29,  30,  31,  32,  33,  34,  35,  36,  36,  36,
     36,  36,  36,   9,   9,   9,   9,   9,   8,  14,   8,   8,   8,   8,   8,   8,
     18,  18,  18,  18,  22,   8,  24,  23,  23,  23,  23,  23,  23,  25,  25,  25,
     25,  25,  24,  23,  24,  24,  24,  24,  24,  24,  33,  24,  33,   6,  36,  36,
      8,  37,   8,   9,  25,   9,  25,   9,  25,   9,  25,   9,  25,  11,  11,  11,
     11,  23,  23,  38,  12,  28,  28,  13,  13,  37,  13,  14,  23,  14,  23,  14,
     23,  23,  23,   8,  24,   8,  24,   8,  24,   9,  25,  15,  29,  15,  29,  15,
     29,  16,  30,  16,  30,  16,  30,  16,  30,  17,  17,  39,  17,  18,  18,  18,
     18,  18,  18,  20,  32,  22,  33,  22,  40,  41,  42,  43,   6,   9,  25,   8,
     24,  16,  30,  17,  44,  45,  45,  46,  46,  45,  45,  47,  48,  48,  49,  49,
     49,  50,  51,  52,  53,  54,  54,  55,  55,  56,  24,  51,  48,  57,  57,  33,
     58,  51,  48,  51,  24,  51,  53,  52,  24,  59,  48,  60,  61,  61,  62,  55,
     63,  56,  48,  55,  63,  55,  63,  55,  63,  55,  63,  64,  60,  61,  62,  51,
     53,  60,  61,  65,  63,  64,  64,  62,  51,  48,  51,  48,  62,  64,  54,  23,
     54,  23,  66,  48,  66,  48,  51,  48,  51,  48,  56,  51,  48,  51,  48,  51,
     48,  48,  46,  58,  46,  58,  46,  58,  60,  61,  61,  65,  63,  65,  63,  36,
     23,  36,  23,  36,  23,  36,  23,  36,  23,  36,  23,  36,  23,  36,  23,  36,
     23,  36,  23,  36,  23,  36,  23,   9,  25,   9,  25,   9,  25,   9,  25,   9,
     25,   9,  25,   9,  25,   9,  25,   8,  24,   8,  24,   8,  24,   8,  24,   8,
     24,   8,  24,   8,  24,  40,  41,  40,  41,  40,  41,  40,  41,  40,  41,  18,
     18,  42,  43,  42,  43,  42,  43,  42,  43,  42,  43,  22,  33,  22,  33,  22,
     33,  22,  33,  67,  68,   4,  67,  68,   4,   4,  69,  70,  26,
};

static const uint16_t notoserif_18_boldKernRightCodepoints[] = {
    0x0021, 0x0022, 0x0026, 0x0027, 0x0029, 0x002A, 0x002C, 0x002E, 0x003A, 0x003B, 0x003F, 0x0040,
    0x0041, 0x0042, 0x0043, 0x0044, 0x0045, 0x0046, 0x0047, 0x0048, 0x0049, 0x004A, 0x004B, 0x004C,
    0x004D, 0x004E, 0x004F, 0x0050, 0x0051, 0x0052, 0x0053, 0x0054, 0x0055, 0x0056, 0x0057, 0x0058,
    0x0059, 0x005A, 0x005D, 0x0061, 0x0062, 0x0063, 0x0064, 0x0065, 0x0067, 0x0068, 0x0069, 0x006B,
    0x006C, 0x006D, 0x006E, 0x006F, 0x0070, 0x0071, 0x0072, 0x0073, 0x0074, 0x0075, 0x0076, 0x0077,
    0x0078, 0x0079, 0x007A, 0x007D, 0x00AB, 0x00B7, 0x00BB, 0x00C0, 0x00C1, 0x00C2, 0x00C3, 0x00C4,
    0x00C5, 0x00C6, 0x00C7, 0x00C8, 0x00C9, 0x00CA, 0x00CB, 0x00CC, 0x00CD, 0x00CE, 0x00CF, 0x00D0,
    0x00D1, 0x00D2, 0x00D3, 0x00D4, 0x00D5, 0x00D6, 0x00D8, 0x00D9, 0x00DA, 0x00DB, 0x00DC, 0x00DD,
    0x00DE, 0x00E0, 0x00E1, 0x00E2, 0x00E3, 0x00E4, 0x00E5, 0x00E6, 0x00E7, 0x00E8, 0x00E9, 0x00EA,
    0x00EB, 0x00EC, 0x00ED, 0x00EE, 0x00EF, 0x00F0, 0x00F1, 0x00F2, 0x00F3, 0x00F4, 0x00F5, 0x00F6,
    0x00F8, 0x00F9, 0x00FA, 0x00FB, 0x00FC, 0x00FD, 0x00FE, 0x00FF, 0x0100, 0x0101, 0x0102, 0x0103,
    0x0104, 0x0105, 0x0106, 0x0107, 0x0108, 0x0109, 0x010A, 0x010B, 0x010C, 0x010D, 0x010E, 0x010F,
    0x0110, 0x0111, 0x0112, 0x0113, 0x0114, 0x0115, 0x0116, 0x0117, 0x0118, 0x0119, 0x011A, 0x011B,
    0x011C, 0x011D, 0x011E, 0x011F, 0x0120, 0x0121, 0x0122, 0x0123, 0x0124, 0x0125, 0x0126, 0x0127,
    0x0128, 0x0129, 0x012A, 0x012B, 0x012C, 0x012D, 0x012E, 0x012F, 0x0130, 0x0132, 0x0133, 0x0134,
    0x0136, 0x0137, 0x0138, 0x0139, 0x013A, 0x013B, 0x013C, 0x013D, 0x013E, 0x013F, 0x0140, 0x0141,
    0x0142, 0x0143, 0x0144, 0x0145, 0x0146, 0x0147, 0x0148, 0x014A, 0x014B, 0x014C, 0x014D, 0x014E,
    0x014F, 0x0150, 0x0151, 0x0152, 0x0153, 0x0154, 0x0155, 0x0156, 0x0157, 0x0158, 0x015A, 0x015B,
    0x015C, 0x015D, 0x015E, 0x015F, 0x0160, 0x0161, 0x0162, 0x0163, 0x0164, 0x0165, 0x0166, 0x0167,
    0x0168, 0x0169, 0x016A, 0x016B, 0x016C, 0x016D, 0x016E, 0x016F, 0x0170, 0x0171, 0x0172, 0x0173,
    0x0174, 0x0175, 0x0176, 0x0177, 0x0178, 0x0179, 0x017A, 0x017B, 0x017C, 0x017D, 0x017E, 0x01A0,
    0x01A1, 0x01AF, 0x01B0, 0x01FA, 0x01FB, 0x01FC, 0x01FD, 0x01FE, 0x01FF, 0x0218, 0x0219, 0x021A,
    0x021B, 0x0402, 0x040B, 0x040E, 0x0416, 0x0422, 0x0423, 0x0425, 0x0427, 0x042A, 0x042F, 0x0431,
    0x0436, 0x0443, 0x0445, 0x0447, 0x0451, 0x0456, 0x0457, 0x045E, 0x0460, 0x0462, 0x0466, 0x046A,
    0x046E, 0x0472, 0x0473, 0x0478, 0x0479, 0x047A, 0x047B, 0x047C, 0x047D, 0x047E, 0x0480, 0x0481,
    0x0496, 0x0498, 0x0499, 0x04A0, 0x04A1, 0x04A8, 0x04A9, 0x04AA, 0x04AB, 0x04AC, 0x04AD, 0x04B2,
    0x04B4, 0x04B5, 0x04B6, 0x04B7, 0x04B8, 0x04B9, 0x04C1, 0x04C2, 0x04CB, 0x04CC, 0x04D0, 0x04D2,
    0x04D4, 0x04D5, 0x04D7, 0x04D8, 0x04D9, 0x04DA, 0x04DC, 0x04DD, 0x04E0, 0x04E1, 0x04E6, 0x04E7,
    0x04E8, 0x04E9, 0x04EA, 0x04EB, 0x04EE, 0x04EF, 0x04F0, 0x04F1, 0x04F2, 0x04F3, 0x04F4, 0x04F5,
    0x04FC, 0x04FE, 0x1EA0, 0x1EA1, 0x1EA2, 0x1EA3, 0x1EA4, 0x1EA5, 0x1EA6, 0x1EA7, 0x1EA8, 0x1EA9,
    0x1EAA, 0x1EAB, 0x1EAC, 0x1EAD, 0x1EAE, 0x1EAF, 0x1EB0, 0x1EB1, 0x1EB2, 0x1EB3, 0x1EB4, 0x1EB5,
    0x1EB6, 0x1EB7, 0x1EB8, 0x1EB9, 0x1EBA, 0x1EBB, 0x1EBC, 0x1EBD, 0x1EBE, 0x1EBF, 0x1EC0, 0x1EC1,
    0x1EC2, 0x1EC3, 0x1EC4, 0x1EC5, 0x1EC6, 0x1EC7, 0x1EC9, 0x1ECB, 0x1ECC, 0x1ECD, 0x1ECE, 0x1ECF,
    0x1ED0, 0x1ED1, 0x1ED2, 0x1ED3, 0x1ED4, 0x1ED5, 0x1ED6, 0x1ED7, 0x1ED8, 0x1ED9, 0x1EDA, 0x1EDB,
    0x1EDC, 0x1EDD, 0x1EDE, 0x1EDF, 0x1EE0, 0x1EE1, 0x1EE2, 0x1EE3, 0x1EE4, 0x1EE5, 0x1EE6, 0x1EE7,
    0x1EE8, 0x1EE9, 0x1EEA, 0x1EEB, 0x1EEC, 0x1EED, 0x1EEE, 0x1EEF, 0x1EF0, 0x1EF1, 0x1EF2, 0x1EF3,
    0x1EF4, 0x1EF5, 0x1EF6, 0x1EF7, 0x1EF8, 0x1EF9, 0x2018, 0x2019, 0x201A, 0x201C, 0x201D, 0x201E,
    0x2026, 0x2039, 0x203A, 0x207E, 0x208E,
};

static const uint8_t notoserif_18_boldKernRightClassIds[] = {
      1,   2,   3,   2,   4,   5,   6,   7,   8,   8,   9,  10,  11,  12,  13,  12,
     12,  12,  13,  12,  12,  14,  12,  12,  12,  12,  13,  12,  13,  12,  15,  16,
     17,  18,  19,  20,  21,  22,   4,  23,  24,  25,  25,  25,  26,  24,  27,  24,
     24,  27,  27,  25,  27,  25,  27,  28,  29,  30,  31,  32,  33,  34,  35,   4,
     36,  37,  36,  11,  11,  11,  11,  11,  11,  38,  13,  12,  12,  12,  12,  12,
     12,  12,  12,  12,  12,  13,  13,  13,  13,  13,  13,  17,  17,  17,  17,  21,
     12,  23,  23,  23,  23,  23,  23,  23,  25,  25,  25,  25,  25,  39,  27,  39,
     39,  25,  27,  25,  25,  25,  25,  25,  25,  30,  30,  30,  30,  34,  24,  34,
     11,  23,  11,  23,  11,  23,  13,  25,  13,  25,  13,  25,  13,  25,  12,  25,
     12,  25,  12,  25,  12,  25,  12,  25,  12,  25,  12,  25,  13,  25,  13,  25,
     13,  25,  13,  25,  12,  24,  12,  24,  12,  40,  12,  39,  12,  39,  12,  27,
     12,  12,  27,  14,  12,  24,  27,  12,  24,  12,  24,  12,  24,  12,  24,  12,
     24,  12,  27,  12,  27,  12,  27,  12,  27,  13,  25,  13,  25,  13,  25,  13,
     25,  12,  27,  12,  27,  12,  15,  28,  15,  28,  15,  28,  15,  28,  16,  29,
     16,  29,  16,  29,  17,  30,  17,  30,  17,  30,  17,  30,  17,  30,  17,  30,
     19,  32,  21,  34,  21,  22,  35,  22,  35,  22,  35,  13,  25,  17,  30,  11,
     23,  38,  23,  13,  25,  15,  28,  16,  29,  41,  41,  42,  41,  41,  42,  41,
     43,  41,  44,  45,  46,  47,  46,  48,  49,  50,  51,  47,  52,  16,  53,  54,
     55,  52,  56,  52,  56,  52,  56,  52,  25,  52,  52,  56,  54,  55,  57,  58,
     59,  52,  56,  52,  56,  58,  59,  54,  58,  59,  60,  61,  43,  48,  41,  46,
     60,  61,  53,  53,  38,  62,  56,  52,  62,  52,  41,  46,  55,  35,  52,  56,
     52,  56,  52,  56,  42,  63,  42,  63,  42,  63,  43,  48,  54,  54,  11,  23,
     11,  23,  11,  23,  11,  23,  11,  23,  11,  23,  11,  23,  11,  23,  11,  23,
     11,  23,  11,  23,  11,  23,  12,  25,  12,  25,  12,  25,  12,  25,  12,  25,
     12,  25,  12,  25,  12,  25,  27,  27,  13,  25,  13,  25,  13,  25,  13,  25,
     13,  25,  13,  25,  13,  25,  13,  25,  13,  25,  13,  25,  13,  25,  13,  25,
     17,  30,  17,  30,  17,  30,  17,  30,  17,  30,  17,  30,  17,  30,  21,  34,
     21,  34,  21,  34,  21,  34,  64,   5,   7,  64,   5,   7,   7,  36,  36,  65,
     66,
};

static const uint16_t notoserif_18_boldKernRowOffsets[] = {
        0,     5,    10,    16,    32,    34,    50,    64,    77,    80,    89,    95,   101,   113,   114,   125,
      137,   148,   153,   165,   176,   180,   194,   199,   205,   208,   213,   214,   216,   220,   222,   225,
      228,   231,   234,   239,   255,   271,   272,   278,   297,   306,   322,   328,   338,   339,   342,   349,
      352,   356,   358,   365,   371,   372,   390,   404,   413,   427,   429,   433,   447,   451,   458,   462,
      463,   474,   475,   478,   485,   486,   487,
};

static const uint8_t notoserif_18_boldKernSparseCols[] = {
     10,  24,  25,  37,  52,   8,  15,  17,  18,  20,   2,   5,   6,  10,  37,  52,
      8,  12,  15,  16,  17,  18,  20,  30,  31,  33,  51,  57,  58,  59,  60,  62,
     10,  20,   1,   4,   8,  12,  15,  16,  17,  18,  20,  24,  25,  29,  30,  31,
     33,  63,   4,   8,  10,  15,  17,  18,  19,  20,  21,  31,  33,  37,  52,  57,
      5,   6,   8,  10,  15,  17,  18,  19,  20,  37,  52,  53,  57,  17,  18,  20,
      2,   5,   6,   9,  10,  22,  24,  25,  37,   8,  15,  17,  18,  20,  37,  12,
     24,  25,  29,  31,  33,   1,   4,   8,  15,  17,  18,  20,  30,  31,  33,  36,
     63,  35,   4,   8,  12,  15,  16,  17,  18,  20,  30,  31,  33,   8,  10,  15,
     17,  18,  19,  20,  31,  33,  37,  52,  57,   2,   5,   6,   9,  10,  12,  22,
     24,  25,  27,  37,   5,   6,   9,  10,  37,   2,   5,   6,   9,  10,  12,  22,
     24,  25,  27,  37,  52,   5,   6,   9,  10,  12,  22,  24,  25,  27,  34,  37,
     12,  14,  31,  33,   2,   5,   6,   9,  10,  12,  14,  22,  24,  25,  27,  34,
     37,  52,   1,  33,  59,  60,  62,  17,  18,  20,  33,  59,  62,  17,  18,  20,
      1,   3,   4,  38,  39,  18,  24,  25,   4,   5,   6,  22,  20,  59,   5,   6,
     10,   5,   6,  10,   5,   6,  10,  17,  18,  20,   8,  15,  17,  18,  20,   1,
      4,   8,  12,  15,  16,  17,  18,  20,  24,  25,  29,  30,  31,  33,  63,   0,
      1,   3,   4,   8,  11,  13,  15,  16,  17,  18,  19,  20,  21,  23,  63,  39,
      0,   1,   3,   8,  23,  63,   5,   6,   7,   8,  10,  15,  17,  18,  20,  22,
     24,  25,  26,  27,  28,  30,  31,  32,  33,   4,   5,   6,  26,  28,  29,  30,
     31,  33,   5,   6,   7,  10,  12,  22,  24,  25,  26,  27,  28,  29,  30,  31,
     33,  34,   4,   5,   6,  26,  28,  30,   1,   8,  15,  41,  42,  45,  46,  47,
     57,  63,  57,  48,  49,  50,   8,  15,  40,  41,  57,  59,  60,  57,  59,  60,
     42,  57,  59,  60,  42,  63,   5,   6,  37,  52,  53,  57,  59,   1,   4,  57,
     59,  60,  63,  59,   1,   4,   8,  12,  15,  17,  20,  24,  25,  29,  31,  33,
     51,  57,  58,  59,  60,  63,  12,  24,  25,  29,  31,  33,  44,  51,  54,  55,
     58,  59,  60,  62,   5,   6,  31,  33,  37,  52,  53,  58,  59,   5,   6,  12,
     22,  24,  25,  27,  37,  51,  52,  54,  55,  56,  61,   5,   6,   5,   6,  37,
     52,   5,   6,  12,  22,  24,  25,  27,  37,  43,  51,  52,  55,  56,  61,   4,
      5,   6,  52,   1,   4,   8,  15,  57,  59,  62,  24,  25,  55,  61,   3,  12,
     24,  25,  29,  31,  33,  51,  54,  58,  59,  62,  58,  10,  37,  52,  10,  12,
     22,  24,  25,  27,  39,  64,  65,
};

static const int8_t notoserif_18_boldKernSparseValues[] = {
     -48,  -12,  -36,  -72,  -48,  -18,  -18,  -24,  -24,  -18,   -6,  -72,  -72,  -30,  -48,  -30,
     -54,  -12,  -54,  -12,  -66,  -54,  -48,  -42,  -36,  -30,  -12,  -54,  -42,  -48,  -30,  -30,
     -18,   -6,  -48,  -42,  -36,  -12,  -36,  -12,  -48,  -42,  -42,  -12,  -12,  -12,  -36,  -18,
     -30,  -42,  -12,  -12,  -12,  -12,  -24,  -18,  -12,  -24,  -12,   -6,  -12,  -18,  -12,  -12,
     -12,  -12,  -12,  -12,  -12,  -12,  -12,  -12,  -18,  -30,  -12,  -12,  -12,  -12,  -12,  -12,
     -12,  -72,  -72,  -24,  -42,  -24,  -24,  -24,  -66,  -12,  -12,  -12,  -12,  -12,  -12,  -12,
     -12,  -12,  -12,  -18,  -18,  -36,  -48,  -42,  -42,  -30,  -30,  -36,  -12,   -6,  -18,  -12,
     -48,   -6,  -12,  -12,  -12,  -12,   -6,  -18,  -18,  -18,   -6,   -6,  -12,  -12,  -12,  -12,
     -12,  -12,  -12,  -12,   -6,  -12,  -12,  -12,  -12,   -6,  -54,  -54,  -18,  -36,  -12,  -18,
     -23,  -23,   -3,  -48,  -12,  -12,   -6,  -12,  -24,  -18,  -66,  -66,  -30,  -48,  -12,  -36,
     -36,  -36,  -24,  -78,  -48,  -54,  -54,  -30,  -42,  -12,  -38,  -36,  -36,  -30,  -18,  -78,
     -12,   -6,  -18,  -30,   -6,  -48,  -48,  -24,  -42,  -18,  -12,  -36,  -42,  -42,  -36,  -12,
     -54,  -42,  -24,  -12,  -18,  -12,  -12,  -36,  -36,  -42,  -12,  -18,  -12,  -36,  -36,  -36,
      48,   54,   48,   24,   24,  -12,  -12,  -12,   18,  -85,  -85,  -12,  -36,  -12,  -30,  -42,
     -36,  -42,  -42,  -18,  -54,  -54,  -30,  -18,  -12,  -18,  -12,  -12,  -30,  -30,  -30,  -48,
     -42,  -36,  -12,  -36,  -12,  -48,  -42,  -42,  -12,  -12,  -12,  -30,  -18,  -30,  -42,   37,
      47,   76,   24,   77,   30,   36,   30,   42,   48,   42,   42,   60,   24,   54,   16,   36,
      14,   26,   51,   22,   25,    4,  -12,  -12,   -6,   12,  -24,   12,   12,   12,   12,  -12,
     -12,  -12,   -6,  -12,   -6,  -12,  -12,  -12,  -12,   12,  -12,  -12,   12,   18,   12,   18,
      18,   18,  -12,  -12,   -6,  -36,  -12,  -30,  -30,  -30,  -18,  -36,   -6,  -18,  -12,  -12,
     -12,  -18,   12,   -6,   -6,   12,   18,   18,  -34,   -2,   -2,  -31,  -24,   -6,  -24,  -18,
     -18,  -13,  -18,  -33,  -11,    1,  -10,  -10,  -12,   -6,  -18,  -18,   -6,  -18,  -18,   -6,
     -18,  -18,  -18,   -6,   -6,   -2,  -12,  -12,  -30,  -12,  -12,  -12,  -12,  -18,  -30,  -18,
     -18,  -12,  -18,  -18,  -48,  -42,  -36,  -12,  -36,  -48,  -42,  -12,  -12,  -12,  -18,  -30,
     -12,  -36,  -24,  -54,  -24,  -42,  -12,  -12,  -12,  -12,  -18,  -18,  -12,  -12,  -12,  -12,
     -18,  -12,  -12,  -12,  -12,  -12,   -6,  -12,  -18,  -12,  -12,  -12,  -24,  -60,  -60,  -12,
     -36,  -36,  -36,  -24,  -78,  -12,  -60,  -12,  -24,  -18,  -24,  -54,  -54,  -72,  -72,  -48,
     -30,  -54,  -54,  -12,  -18,  -18,  -18,   -6,  -48,  -12,  -12,  -36,  -18,  -18,  -18,   18,
     -42,  -42,  -18,  -36,  -42,  -42,  -42,  -42,  -42,  -18,  -12,  -12,  -12,  -12,   12,  -12,
     -12,  -12,  -12,  -18,  -30,  -12,  -12,  -24,  -12,  -18,  -12,  -42,  -84,  -42,  -60,  -12,
     -18,  -24,  -24,  -30,    6,   47,   47,
};

static const EpdLigaturePair notoserif_18_boldLigaturePairs[] = {
    { 0x00660066, 0xFB00 }, // f f -> U+FB00
    { 0x00660069, 0xFB01 }, // f i -> U+FB01
    { 0x0066006C, 0xFB02 }, // f l -> U+FB02
    { 0xFB000069, 0xFB03 }, // U+FB00 i -> U+FB03
    { 0xFB00006C, 0xFB04 }, // U+FB00 l -> U+FB04
};

static const EpdFontData notoserif_18_bold = {
    notoserif_18_boldBitmaps,
    notoserif_18_boldGlyphs,
    notoserif_18_boldIntervals,
    18,
    51,
    41,
    -11,
    true,
    notoserif_18_boldGroups,
    13,
    nullptr,
    nullptr,  // kernLeftClasses: built-in fonts use the split arrays below
    nullptr,  // kernRightClasses
    notoserif_18_boldKernLeftCodepoints,
    notoserif_18_boldKernLeftClassIds,
    notoserif_18_boldKernRightCodepoints,
    notoserif_18_boldKernRightClassIds,
    nullptr,  // kernMatrix: built-in fonts use the sparse form below
    notoserif_18_boldKernRowOffsets,
    notoserif_18_boldKernSparseCols,
    notoserif_18_boldKernSparseValues,
    381,
    449,
    70,
    66,
    notoserif_18_boldLigaturePairs,
    5,
};
