/**
 * generated by fontconvert.py
 * name: notosans_16_bold
 * size: 16
 * mode: 2-bit  compressed: true
 * Command used: fontconvert.py notosans_16_bold 16 ../builtinFonts/source/NotoSans/NotoSans-Bold.ttf ../builtinFonts/source/Inter/Inter-Bold.ttf --fallback-only-additional --2bit --compress --pnum --zopfli --darken-aa --additional-intervals 0x2190,0x2190 --additional-intervals 0x2192,0x2192 --additional-intervals 0x25A0,0x25A1 --additional-intervals 0x25C6,0x25C7 --additional-intervals 0x25CB,0x25CB --additional-intervals 0x25CF,0x25CF --additional-intervals 0x2605,0x2606 --additional-intervals 0x2661,0x2661 --additional-intervals 0x2665,0x2665 --additional-intervals 0x2713,0x2713 --additional-intervals 0x2717,0x2717
 */
#pragma once
#include "EpdFontData.h"

static const uint8_t notosans_16_boldBitmaps[36192] = {
    0xCD, 0x99, 0x31, 0xB0, 0xE5, 0xB6, 0x75, 0xFE, 0x0F, 0x2F, 0xBD, 0x7B, 0xE7, 0xFF, 0x67, 0x01,
    0x35, 0x6F, 0x3C, 0xB3, 0x5B, 0xB0, 0x97, 0x33, 0x61, 0x3F, 0x93, 0x19, 0x30, 0x52, 0xE1, 0xD2,
    0x5B, 0xEC, 0x4B, 0x93, 0xC2, 0xAE, 0xB7, 0x51, 0x9D, 0x0A, 0xCC, 0xAA, 0x50, 0x91, 0xC2, 0x6A,
    0x54, 0xA5, 0x51, 0xA1, 0xC2, 0x7E, 0x5B, 0x6C, 0xEB, 0x22, 0x09, 0x28, 0xAB, 0x70, 0x91, 0x42,
    0x9C, 0x68, 0x52, 0x0B, 0x63, 0xD9, 0xE3, 0x8C, 0x5C, 0x2C, 0x94, 0x50, 0x11, 0x57, 0x02, 0xF9,
    0xE5, 0x7C, 0x20, 0x2F, 0xDF, 0xBE, 0xB7, 0x2F, 0x5A, 0xAD, 0x24, 0xCD, 0x84, 0x0F, 0xF8, 0x81,
    0xF7, 0xE2, 0x10, 0x00, 0x3E, 0x02, 0x07, 0x17, 0x78, 0x76, 0xCA, 0x7F, 0xE3, 0xF6, 0x17, 0xF9,
    0xD7, 0xEC, 0x7F, 0x75, 0xBC, 0x75, 0x4F, 0xF4, 0xAA, 0x83, 0x1D, 0x9D, 0xDA, 0x35, 0xF1, 0x76,
    0x8B, 0x0F, 0xB0, 0x85, 0x87, 0x1A, 0x16, 0xAF, 0xE1, 0xB5, 0xC5, 0xFF, 0xF5, 0xEC, 0x64, 0x16,
    0x99, 0x8F, 0x51, 0xE4, 0x30, 0x57, 0x64, 0x32, 0xCA, 0x32, 0x99, 0xA0, 0x9C, 0xCC, 0x40, 0xD6,
    0xBD, 0x48, 0x35, 0x36, 0xBD, 0x18, 0x00, 0xE8, 0x9F, 0xE5, 0xAD, 0x9F, 0xFF, 0xD1, 0xBF, 0xD3,
    0x4A, 0x3D, 0x78, 0x11, 0x69, 0x7A, 0x28, 0x6D, 0xBF, 0x88, 0x38, 0xE6, 0x5E, 0xE1, 0xAB, 0x78,
    0xB4, 0xFC, 0x5A, 0xC4, 0x97, 0x49, 0x44, 0x50, 0x4E, 0xCA, 0xE5, 0x38, 0x2A, 0x73, 0xB5, 0x45,
    0x32, 0x7B, 0xE5, 0x22, 0x6C, 0xFD, 0x21, 0x9E, 0xD0, 0xE0, 0x6D, 0x29, 0x59, 0x44, 0x4D, 0x58,
    0xC2, 0x7D, 0xF5, 0xDF, 0xB3, 0xF8, 0xDF, 0xC7, 0x1F, 0x11, 0x22, 0xEE, 0x4B, 0x85, 0x85, 0xA2,
    0xC6, 0x2C, 0x72, 0x04, 0x06, 0x11, 0x8F, 0x24, 0x52, 0x01, 0x5A, 0x0A, 0xD0, 0xC9, 0xE1, 0xBF,
    0xD0, 0xCB, 0xE1, 0x33, 0xF4, 0xEF, 0x11, 0xFE, 0x4F, 0x5F, 0xA1, 0xF3, 0x2C, 0x4A, 0x31, 0xB3,
    0x89, 0x41, 0x8A, 0x47, 0x4F, 0xB7, 0x2A, 0x77, 0xEC, 0xD7, 0x11, 0xAD, 0x4A, 0xC0, 0xF2, 0x83,
    0x98, 0x5C, 0xD9, 0x28, 0x96, 0x95, 0xFC, 0x6B, 0x12, 0xD7, 0x8B, 0xE0, 0xF5, 0x24, 0x68, 0xD9,
    0xB1, 0xB9, 0xA0, 0x08, 0x38, 0xCC, 0x65, 0x5A, 0xD3, 0x6A, 0x92, 0xFC, 0xBD, 0x89, 0x39, 0x4D,
    0x4D, 0x78, 0xD0, 0x8A, 0x7F, 0x3D, 0xD9, 0xDF, 0x21, 0x8A, 0x7B, 0x32, 0xE1, 0x67, 0x48, 0x62,
    0xF1, 0x19, 0x1A, 0xCC, 0x62, 0xF0, 0xD1, 0x6C, 0x7F, 0xBB, 0xC8, 0x61, 0x39, 0x26, 0x9B, 0xE5,
    0x34, 0xD1, 0xE5, 0xB4, 0x09, 0x6E, 0x93, 0x77, 0x4D, 0x7D, 0xB7, 0xE6, 0x43, 0x72, 0x5A, 0xCE,
    0x62, 0xFF, 0x6D, 0x11, 0x39, 0x26, 0xA9, 0xD9, 0x71, 0x33, 0x4A, 0x85, 0x49, 0xA4, 0x8E, 0x72,
    0x40, 0x90, 0x7C, 0x9D, 0x65, 0xF2, 0xAA, 0xD1, 0x29, 0x41, 0x83, 0x12, 0x9B, 0x64, 0x10, 0xA9,
    0xE6, 0x52, 0x69, 0x12, 0x59, 0x65, 0x1E, 0x97, 0x6A, 0xA1, 0x8D, 0x4B, 0x22, 0x05, 0x10, 0x59,
    0x31, 0x7A, 0x4A, 0xBA, 0x48, 0x9D, 0x2A, 0xA0, 0x6D, 0x52, 0x03, 0x0C, 0x76, 0xB4, 0x09, 0xA3,
    0x8B, 0x3E, 0xDA, 0x19, 0xC1, 0x47, 0x03, 0xF4, 0x08, 0x25, 0xD0, 0xFA, 0x28, 0x54, 0x39, 0x89,
    0x5F, 0xF2, 0xBB, 0x43, 0x57, 0x93, 0xE1, 0x08, 0x2C, 0x98, 0xC4, 0x23, 0xD8, 0x45, 0x8A, 0xFB,
    0x6C, 0x4E, 0x9F, 0xFF, 0x3A, 0x74, 0xBE, 0xF3, 0xAD, 0x6F, 0x1D, 0x3B, 0x2B, 0xE8, 0x0E, 0x60,
    0xEF, 0xAA, 0x24, 0x66, 0x62, 0x77, 0xAC, 0x86, 0x40, 0xF1, 0x55, 0x77, 0x9F, 0x03, 0x4E, 0xC1,
    0x6F, 0x81, 0x59, 0x76, 0xA0, 0x59, 0x13, 0xA9, 0x84, 0x99, 0xA8, 0x4B, 0xB9, 0x50, 0x2D, 0x66,
    0x9F, 0x69, 0xE9, 0x2C, 0x3B, 0xE7, 0xB2, 0xE4, 0x72, 0x66, 0xEE, 0x01, 0xC2, 0x97, 0x88, 0x8E,
    0xC1, 0xF7, 0x37, 0x04, 0xF4, 0x39, 0xB7, 0x2D, 0xA0, 0xC6, 0x7C, 0xE4, 0xB8, 0xB7, 0x2A, 0x30,
    0xFF, 0x5C, 0x64, 0xED, 0x4B, 0x99, 0x9E, 0xC3, 0x5F, 0xBE, 0x96, 0xAA, 0xCE, 0x62, 0x41, 0x6F,
    0x81, 0x0D, 0xC5, 0x1B, 0x78, 0x87, 0x6F, 0xA3, 0x15, 0xB1, 0x94, 0x15, 0x8F, 0xF9, 0xBA, 0xB4,
    0xC4, 0xC3, 0xA2, 0xAD, 0x92, 0xBF, 0x2A, 0x87, 0xD3, 0xF8, 0x1B, 0xBF, 0x06, 0x0F, 0x1E, 0x2F,
    0x17, 0xAD, 0xA7, 0xB4, 0x97, 0xF8, 0xFA, 0x27, 0xA4, 0xB8, 0xA7, 0xD5, 0x8E, 0x0D, 0x5D, 0x47,
    0xE0, 0x88, 0xF2, 0x1D, 0xB4, 0xF1, 0x16, 0x71, 0x0F, 0xB2, 0x79, 0x90, 0xE9, 0xE4, 0x41, 0x84,
    0x7D, 0x64, 0x27, 0xA9, 0x42, 0x81, 0x2E, 0xCB, 0x95, 0xC7, 0xC8, 0xCC, 0x31, 0x23, 0x14, 0x42,
    0x9A, 0x51, 0xCD, 0xE2, 0x35, 0xD3, 0xF6, 0x66, 0xD3, 0x78, 0xD5, 0xF4, 0x72, 0x74, 0x36, 0x1C,
    0x9D, 0x40, 0xE4, 0xD8, 0x4C, 0x62, 0x80, 0x45, 0xCC, 0x52, 0x41, 0x9A, 0x54, 0xA2, 0xB3, 0x63,
    0x81, 0x5E, 0x9F, 0x7B, 0x06, 0x83, 0x3B, 0x21, 0xEC, 0x18, 0xEC, 0x15, 0xF4, 0x76, 0x54, 0x34,
    0xD3, 0x01, 0xBD, 0x99, 0x8F, 0x68, 0x2B, 0x00, 0xDB, 0xD0, 0x07, 0x46, 0x56, 0xD9, 0xE7, 0x37,
    0xA7, 0xE0, 0xD8, 0x47, 0x2B, 0x96, 0x6F, 0x19, 0xED, 0x51, 0x63, 0xA3, 0xD1, 0x7D, 0x81, 0xD6,
    0x7E, 0x84, 0xD6, 0x94, 0x9A, 0xF7, 0x5D, 0x62, 0xBE, 0x3C, 0xDD, 0x09, 0x7B, 0x68, 0xD9, 0x43,
    0xB0, 0x87, 0x76, 0xAC, 0x21, 0xA6, 0xA5, 0x4A, 0x72, 0x0D, 0xD5, 0xA2, 0xA8, 0x93, 0xC2, 0x4E,
    0x0A, 0xD0, 0x41, 0xB3, 0xBD, 0x06, 0xFC, 0x2A, 0xED, 0x5F, 0x75, 0x22, 0x86, 0xA6, 0x76, 0x3E,
    0x3F, 0x6F, 0x01, 0xA0, 0xBF, 0x06, 0xE1, 0x75, 0x00, 0x5A, 0x69, 0x58, 0xB9, 0x67, 0xE5, 0x36,
    0x7B, 0xD6, 0xA1, 0x86, 0xFC, 0xE8, 0xB9, 0x7A, 0x67, 0x91, 0x5B, 0x7E, 0xA2, 0x44, 0x83, 0x62,
    0x91, 0x4D, 0x2C, 0xF0, 0x96, 0xB5, 0x6F, 0x95, 0xAA, 0xA8, 0x2B, 0xF8, 0x71, 0x14, 0x83, 0x5C,
    0xB9, 0x68, 0x9C, 0x89, 0x51, 0x1A, 0xD0, 0xEC, 0x2C, 0x2F, 0x4A, 0xC7, 0xFD, 0xD9, 0x86, 0x70,
    0x04, 0x14, 0x07, 0xE2, 0x48, 0x98, 0x2F, 0x14, 0xF6, 0x4F, 0x0A, 0xF7, 0x3B, 0x05, 0x8E, 0x9C,
    0x69, 0x8A, 0x63, 0x52, 0x98, 0xA8, 0xB0, 0x41, 0xE1, 0x00, 0x4C, 0xFE, 0x2A, 0x58, 0x82, 0xDC,
    0x04, 0x03, 0xA4, 0xE7, 0xB0, 0x5C, 0xFC, 0x4A, 0xEA, 0x51, 0x64, 0x45, 0x13, 0x77, 0xB0, 0xB9,
    0x16, 0x18, 0x89, 0x79, 0x5D, 0x76, 0x0A, 0x4D, 0xDA, 0xBD, 0xBF, 0x97, 0x9D, 0xEE, 0xF2, 0x77,
    0x7F, 0x27, 0xF5, 0xDA, 0x20, 0x22, 0x11, 0x91, 0x8F, 0xB5, 0xA7, 0x4E, 0xF3, 0x2A, 0x3C, 0x38,
    0xD5, 0x15, 0x9E, 0xE5, 0xAD, 0x03, 0x70, 0xD8, 0x5E, 0x99, 0x49, 0xA7, 0xCA, 0x6D, 0xBC, 0xD3,
    0x8A, 0xFD, 0x04, 0x93, 0xD8, 0x27, 0xDB, 0x72, 0xD7, 0x39, 0x3C, 0x42, 0xEF, 0xD2, 0x3A, 0xC8,
    0x7D, 0xB0, 0x51, 0xDC, 0x0E, 0x1F, 0x9A, 0x49, 0x33, 0xCC, 0xCC, 0xA1, 0x4D, 0xE3, 0x52, 0x41,
    0x49, 0x13, 0x3B, 0x42, 0xCF, 0x7F, 0x3F, 0xD7, 0x88, 0x41, 0x23, 0xC2, 0x8E, 0xE1, 0xC1, 0xC5,
    0xC5, 0x65, 0x17, 0x76, 0xAD, 0xCC, 0xBC, 0x8F, 0xB5, 0x91, 0x88, 0x0A, 0x1F, 0x14, 0x57, 0x6D,
    0xAB, 0x6B, 0xB6, 0x93, 0xC2, 0xD1, 0x16, 0xBB, 0x2D, 0xB1, 0x5E, 0x6E, 0x5D, 0xC0, 0x27, 0x31,
    0xFB, 0x2A, 0xBE, 0x4E, 0xE5, 0x58, 0x6C, 0x68, 0xA6, 0x12, 0xAD, 0x59, 0x0C, 0x38, 0x02, 0xD2,
    0xB6, 0xD2, 0x38, 0x2E, 0xD8, 0x00, 0x07, 0x14, 0x66, 0x69, 0x66, 0x83, 0xD6, 0x46, 0x2D, 0xD6,
    0x05, 0x41, 0xEF, 0x07, 0xF1, 0x83, 0x0F, 0x0A, 0x97, 0xA7, 0xF7, 0xA2, 0x0A, 0xE5, 0x92, 0x2B,
    0x1A, 0x73, 0x59, 0xD9, 0xE6, 0x73, 0xBE, 0x9A, 0xA5, 0x65, 0x51, 0x61, 0x7D, 0xF1, 0x75, 0x9E,
    0x6F, 0x73, 0x05, 0x61, 0x79, 0xDD, 0x5A, 0xDE, 0x09, 0x43, 0x86, 0xD3, 0x8C, 0xC1, 0xCE, 0x77,
    0x31, 0x34, 0xD4, 0xCA, 0x00, 0xBE, 0x2F, 0x31, 0xFB, 0x5E, 0xDE, 0x08, 0xB9, 0x63, 0xEB, 0x10,
    0x68, 0x37, 0xD5, 0x9A, 0x59, 0xCC, 0xE3, 0xB5, 0x83, 0x91, 0xE8, 0x14, 0x93, 0x48, 0xC1, 0xF5,
    0xE0, 0xB6, 0x76, 0x71, 0xFD, 0xB5, 0x56, 0x07, 0xB9, 0xBC, 0x9E, 0xF3, 0xAF, 0xB7, 0xBB, 0x66,
    0xB3, 0x33, 0xCF, 0xD9, 0xDD, 0xE4, 0xAC, 0x39, 0xA4, 0x3A, 0xE6, 0x28, 0x0A, 0x28, 0x6A, 0x45,
    0x81, 0x85, 0x37, 0xE1, 0x74, 0x33, 0x88, 0xF8, 0x59, 0x14, 0x23, 0x41, 0xAB, 0x0A, 0xFC, 0xEC,
    0x10, 0xD8, 0x74, 0x76, 0xA0, 0xD9, 0x87, 0xB4, 0xD4, 0x44, 0xD1, 0xBA, 0xBC, 0x8A, 0x5C, 0x85,
    0xEC, 0xD7, 0xB9, 0x5E, 0xD7, 0x57, 0x9B, 0x33, 0xFD, 0x4E, 0xDE, 0x66, 0xEE, 0x3F, 0x13, 0x7E,
    0x20, 0x58, 0x4F, 0x83, 0x81, 0x85, 0xEF, 0xB7, 0x05, 0x6F, 0x73, 0x4B, 0xE5, 0x48, 0x78, 0x45,
    0x8D, 0x69, 0x75, 0x4A, 0x96, 0xCE, 0xC5, 0x2F, 0xA2, 0x08, 0xA7, 0xA2, 0xF6, 0xE9, 0x73, 0xC0,
    0x22, 0x0E, 0x18, 0x3C, 0x30, 0x5A, 0x20, 0x35, 0x5D, 0x93, 0x7E, 0x94, 0x87, 0x60, 0x95, 0xD6,
    0xF9, 0x63, 0x35, 0x22, 0xCA, 0x11, 0x83, 0x18, 0x70, 0x4C, 0xAE, 0x6B, 0x8B, 0xEB, 0xD7, 0x78,
    0xD6, 0xCA, 0x7E, 0xF1, 0x33, 0x02, 0xCD, 0xD7, 0xE8, 0x06, 0x91, 0xFF, 0xC7, 0x8C, 0x0A, 0x4F,
    0x29, 0x01, 0x80, 0xC0, 0x0F, 0x00, 0xCB, 0x5D, 0xEE, 0xBD, 0x81, 0x56, 0xD8, 0x7C, 0xF4, 0x25,
    0xF2, 0x44, 0xAD, 0x52, 0xE1, 0xFF, 0xC3, 0x8C, 0x26, 0x1A, 0xE0, 0xCD, 0x54, 0x07, 0xCB, 0xC4,
    0xF6, 0xF8, 0xA3, 0x7F, 0x2D, 0xD9, 0xF7, 0x21, 0xFC, 0x65, 0xFD, 0x70, 0x16, 0xDF, 0xCE, 0xEE,
    0xF5, 0xC4, 0x4F, 0x5E, 0x13, 0x14, 0x6B, 0x72, 0x48, 0x39, 0x29, 0x93, 0x7B, 0x88, 0x12, 0x3F,
    0x9D, 0x6C, 0x07, 0x00, 0xD1, 0xF6, 0x1E, 0x1F, 0x63, 0x68, 0x42, 0xBD, 0x64, 0x47, 0xA7, 0x7D,
    0x7F, 0x25, 0x77, 0x6E, 0xF3, 0xB3, 0xC5, 0xBB, 0x74, 0xC2, 0x17, 0x08, 0xD4, 0x12, 0x4C, 0x0E,
    0xDB, 0x9B, 0xB9, 0xB3, 0x64, 0xED, 0x91, 0x76, 0x52, 0x2D, 0x3E, 0x85, 0x9D, 0x55, 0xA2, 0xA9,
    0x49, 0x1C, 0xBD, 0xF5, 0xC4, 0x37, 0xD4, 0x8C, 0x2E, 0x70, 0x86, 0x5B, 0x0A, 0x10, 0xB9, 0x72,
    0x23, 0xD4, 0x49, 0xD9, 0x9B, 0x24, 0x85, 0x72, 0xE6, 0xA3, 0xC0, 0xC6, 0x8A, 0xEC, 0x0C, 0xD9,
    0x9B, 0x85, 0xCE, 0xA3, 0xA1, 0x71, 0xB0, 0x4A, 0x1F, 0xED, 0xC8, 0x42, 0x7C, 0xA4, 0xEE, 0x50,
    0x36, 0xC9, 0x02, 0x6F, 0x8B, 0x62, 0x21, 0xD0, 0x11, 0x83, 0x8D, 0x3F, 0x06, 0xEB, 0xCB, 0x70,
    0x84, 0x27, 0x10, 0xEC, 0xE7, 0x7F, 0x8B, 0x9E, 0x26, 0xA2, 0x98, 0x08, 0xB4, 0xF6, 0xCB, 0xC7,
    0x08, 0x27, 0x63, 0x3B, 0x12, 0xD3, 0x09, 0x6E, 0xE4, 0xD4, 0x8D, 0xB4, 0x0B, 0x44, 0x7F, 0xAA,
    0x28, 0xEC, 0xDE, 0x56, 0x6B, 0xAF, 0x81, 0x24, 0x5E, 0x51, 0x00, 0x98, 0x4A, 0x8C, 0x3F, 0x8E,
    0x06, 0x9D, 0xBC, 0x92, 0x5D, 0x6E, 0xB3, 0x3B, 0x2E, 0x3B, 0xEE, 0x88, 0x57, 0x31, 0xEE, 0x26,
    0x34, 0xAE, 0x67, 0x85, 0x41, 0xCB, 0x91, 0x11, 0x8A, 0xDF, 0x94, 0x2C, 0x54, 0x32, 0x2C, 0x71,
    0xCC, 0xB5, 0xEB, 0xD6, 0xCB, 0x62, 0xE9, 0x44, 0x89, 0x39, 0x13, 0x7D, 0x66, 0x14, 0xFB, 0xE5,
    0x23, 0xDA, 0x46, 0x71, 0x33, 0x59, 0x83, 0xAC, 0x32, 0x8F, 0x68, 0x95, 0x25, 0xBA, 0x17, 0x72,
    0xB5, 0x34, 0xC8, 0x25, 0x2C, 0xA4, 0x4B, 0x42, 0xF9, 0x56, 0xD5, 0x42, 0x66, 0x77, 0x59, 0x7B,
    0x27, 0xB2, 0xB9, 0xFC, 0xB8, 0xC7, 0x7F, 0x3F, 0xBF, 0xC7, 0x61, 0x70, 0x25, 0x7E, 0x7A, 0xD1,
    0xB1, 0xA9, 0x57, 0xE2, 0x75, 0x1B, 0xC6, 0x21, 0x97, 0x17, 0xAF, 0xC6, 0x17, 0x95, 0x7F, 0x73,
    0x1D, 0xFC, 0xCC, 0xEF, 0x5F, 0x10, 0xF7, 0xCB, 0x63, 0x5C, 0x27, 0x65, 0x2B, 0x0E, 0xDB, 0x1A,
    0xBA, 0x48, 0x89, 0xA7, 0xC5, 0x3F, 0x49, 0x45, 0x43, 0xCA, 0x92, 0xBD, 0x31, 0x69, 0x53, 0xE6,
    0x94, 0x39, 0x16, 0xEA, 0xA0, 0x6C, 0x2C, 0x81, 0x6E, 0xE3, 0xF8, 0x0C, 0xE9, 0x7F, 0xBA, 0x26,
    0x91, 0xF5, 0x4C, 0x1A, 0x90, 0x15, 0x82, 0xB2, 0x44, 0x16, 0x74, 0xA5, 0xCD, 0xBC, 0x8D, 0xEC,
    0x26, 0x6E, 0xDD, 0xCF, 0xED, 0xAB, 0x96, 0x6F, 0x0A, 0xED, 0xF0, 0xE3, 0x05, 0x00, 0xAE, 0x83,
    0xB9, 0x2F, 0x09, 0xA4, 0x35, 0x38, 0x8C, 0x47, 0x48, 0xF9, 0x32, 0xA1, 0x41, 0xD8, 0x1F, 0x17,
    0xF3, 0x3D, 0x85, 0x3A, 0x49, 0x93, 0xCE, 0xFD, 0xE4, 0x11, 0x3D, 0x82, 0x47, 0xE7, 0x26, 0x8A,
    0x63, 0x27, 0x85, 0x8F, 0xE8, 0x0B, 0x0C, 0xE8, 0x8F, 0xE8, 0xD0, 0x1B, 0x70, 0xC1, 0x4E, 0x0A,
    0x1F, 0x05, 0xEF, 0x63, 0x10, 0x7C, 0x40, 0x81, 0x3F, 0x84, 0x08, 0x9E, 0x24, 0x05, 0x66, 0x02,
    0x04, 0x33, 0xBE, 0x44, 0x2F, 0x18, 0xC0, 0x75, 0x9E, 0x85, 0xF2, 0xD9, 0xAD, 0x94, 0x0A, 0x2D,
    0x5D, 0x72, 0x4F, 0x83, 0xA0, 0xF0, 0xA3, 0xC2, 0x26, 0x4E, 0xDE, 0xEF, 0x2D, 0x7E, 0x7E, 0x7E,
    0x9F, 0xCE, 0xE5, 0xD9, 0xB8, 0x9E, 0x2C, 0x0C, 0x6C, 0xA6, 0x41, 0xD8, 0x96, 0x5C, 0x40, 0x56,
    0x65, 0x5B, 0xB1, 0x4C, 0xBA, 0x9C, 0x70, 0xDF, 0xE8, 0x03, 0x5C, 0x2F, 0x70, 0x41, 0x83, 0xC0,
    0x06, 0x3C, 0x8E, 0x87, 0x45, 0x3F, 0xFD, 0x32, 0x96, 0x89, 0xC9, 0x98, 0x93, 0x7F, 0x48, 0xD5,
    0xA4, 0xC9, 0x9B, 0xC9, 0x44, 0x26, 0x73, 0x4E, 0x1E, 0x2E, 0x4D, 0xD0, 0xE4, 0xEF, 0x61, 0x7B,
    0x4D, 0x3A, 0xB8, 0x35, 0x41, 0xC7, 0xC4, 0x41, 0x98, 0xD8, 0x2D, 0x59, 0x72, 0xD2, 0xCC, 0x39,
    0x31, 0x89, 0xC9, 0xC4, 0xA5, 0x8E, 0xAD, 0xF5, 0x3D, 0xB0, 0xB2, 0xCD, 0xEC, 0x33, 0x03, 0xE9,
    0x23, 0xE9, 0x26, 0xF2, 0xE7, 0x89, 0xFC, 0x19, 0xC8, 0x37, 0xD1, 0x2A, 0x1F, 0xA2, 0x57, 0x76,
    0x08, 0xA4, 0x8B, 0x4E, 0x69, 0x13, 0x59, 0xCF, 0x64, 0x05, 0xB2, 0x04, 0x73, 0x0F, 0x80, 0x52,
    0x56, 0xBA, 0x4C, 0x9B, 0x69, 0x48, 0xCE, 0xD0, 0x7D, 0x29, 0xC7, 0xDB, 0xD4, 0x8A, 0x0D, 0xDB,
    0x17, 0x18, 0x0E, 0x8E, 0x3F, 0x54, 0x88, 0xF4, 0xAF, 0x18, 0xEB, 0x85, 0x13, 0xB8, 0x49, 0x79,
    0x21, 0xE1, 0x31, 0x46, 0xA6, 0x99, 0xED, 0xA8, 0x5C, 0x6E, 0x60, 0xCE, 0x25, 0xEB, 0xD9, 0xE6,
    0xA7, 0xEA, 0x99, 0x25, 0xAC, 0xA5, 0x55, 0x08, 0x47, 0xC4, 0xB5, 0x16, 0x21, 0xDB, 0xAD, 0xF6,
    0x03, 0x30, 0x48, 0xF6, 0xD9, 0x74, 0xDA, 0xAD, 0x02, 0x23, 0xB1, 0x5C, 0xAE, 0x40, 0xBD, 0x8D,
    0x07, 0xE2, 0xDA, 0x96, 0xB2, 0xE0, 0x77, 0x47, 0xC5, 0x69, 0x6D, 0x13, 0x45, 0x22, 0x82, 0xFA,
    0xF9, 0x5F, 0xE5, 0xB1, 0xF3, 0x8D, 0xF0, 0x7F, 0x4B, 0x93, 0x39, 0xB7, 0x24, 0x52, 0x13, 0x9F,
    0x94, 0xD2, 0x80, 0x34, 0xE8, 0x94, 0xE5, 0xBA, 0xBA, 0x62, 0x24, 0x5D, 0x3A, 0x29, 0x36, 0x11,
    0x20, 0xE8, 0x5C, 0xB9, 0x8E, 0xC7, 0x62, 0xD5, 0x29, 0x9C, 0xB0, 0x2B, 0x76, 0xF7, 0x79, 0xB1,
    0x58, 0x1D, 0x7F, 0x21, 0x2B, 0xEA, 0xA4, 0x30, 0x50, 0x94, 0x68, 0x77, 0xDD, 0xA3, 0xC2, 0x8F,
    0x0A, 0x9B, 0x14, 0x54, 0x81, 0x97, 0x43, 0xA0, 0x46, 0x8B, 0x18, 0x22, 0x0B, 0x67, 0xE7, 0xDB,
    0x8A, 0xC8, 0xCC, 0x4B, 0x8D, 0xD3, 0xE9, 0x40, 0xC1, 0x6C, 0xA7, 0x5D, 0xDB, 0xD9, 0xC2, 0x7A,
    0x4C, 0x56, 0x80, 0xC5, 0xD5, 0xFB, 0xF6, 0xA7, 0x84, 0xFC, 0x82, 0xF0, 0xAD, 0x51, 0x00, 0x33,
    0x91, 0x88, 0x70, 0xDA, 0xD0, 0x69, 0xCC, 0x5B, 0xCF, 0x6B, 0x78, 0xF5, 0x11, 0x2E, 0xDE, 0xE3,
    0xA3, 0xF2, 0xC3, 0xC1, 0x46, 0xEE, 0x39, 0x94, 0xE5, 0x0F, 0xCA, 0x51, 0x49, 0xE1, 0x2A, 0x48,
    0x83, 0xB6, 0xC9, 0x12, 0x23, 0x51, 0x3B, 0xBE, 0x7A, 0xE5, 0x40, 0x49, 0x29, 0x9C, 0x9C, 0xB7,
    0xEB, 0x12, 0xED, 0x83, 0x0F, 0x92, 0xF7, 0x4D, 0xFC, 0xCC, 0x76, 0x72, 0x53, 0xC7, 0xD2, 0xEA,
    0xA4, 0xE4, 0x02, 0x51, 0x2D, 0x0C, 0x7A, 0x73, 0x04, 0xC9, 0x75, 0x68, 0xCA, 0xDD, 0xD9, 0x1E,
    0x21, 0x5D, 0xE0, 0xE6, 0x81, 0x05, 0xDA, 0x90, 0xF9, 0x19, 0x5F, 0x57, 0xF3, 0x9F, 0xE0, 0x18,
    0xFC, 0x2A, 0x33, 0xD7, 0x5B, 0x21, 0x29, 0xCB, 0x8D, 0x93, 0xF2, 0x80, 0xA8, 0x14, 0x12, 0xBD,
    0xD4, 0xAC, 0x5A, 0x30, 0x48, 0x93, 0x2B, 0xF2, 0x41, 0x6C, 0xAE, 0x97, 0x83, 0x68, 0x66, 0x33,
    0x38, 0xA4, 0x72, 0x63, 0xEC, 0x28, 0x60, 0x7B, 0xD8, 0x18, 0x40, 0xEA, 0xC4, 0x7B, 0xE4, 0xC6,
    0x9B, 0x74, 0x80, 0x67, 0xC3, 0x4C, 0x2A, 0x17, 0xC7, 0x9B, 0x6A, 0x2E, 0x67, 0xDB, 0xDB, 0x20,
    0x25, 0x8F, 0x67, 0x83, 0x1B, 0xA4, 0x44, 0x95, 0x9A, 0xE8, 0xFB, 0x7C, 0x6A, 0x57, 0xC7, 0x7C,
    0xDC, 0xF5, 0xB3, 0xD1, 0x44, 0x36, 0x5B, 0xFD, 0xBB, 0x79, 0x0A, 0x0A, 0xF4, 0x71, 0xAC, 0xBE,
    0x64, 0xE3, 0xFD, 0x93, 0x70, 0x04, 0x6F, 0x1C, 0x86, 0x32, 0x77, 0xC4, 0x82, 0xDB, 0xCA, 0xF5,
    0xE6, 0x80, 0x6D, 0xAC, 0x16, 0x48, 0xDB, 0xA0, 0xCC, 0x5D, 0x33, 0x58, 0xE7, 0x9C, 0x9D, 0xA4,
    0xC0, 0x90, 0x7B, 0xD4, 0x1B, 0x15, 0x13, 0xED, 0x11, 0xAD, 0xDE, 0x94, 0xA7, 0x5F, 0xE2, 0x4E,
    0x8D, 0x7C, 0xA4, 0x04, 0x76, 0x41, 0xCF, 0x07, 0xD7, 0x0D, 0x1F, 0x76, 0xAD, 0x8A, 0x4D, 0x2B,
    0x92, 0xDF, 0x64, 0x1B, 0x56, 0x9A, 0x2D, 0xED, 0x53, 0xBE, 0x59, 0xB0, 0x04, 0x4E, 0x60, 0x6A,
    0xC8, 0xE5, 0xC4, 0x80, 0xA1, 0x9E, 0xE5, 0x48, 0xDF, 0x2F, 0x07, 0x0C, 0x3E, 0x66, 0xB3, 0x40,
    0x03, 0x17, 0xB3, 0xB0, 0x3C, 0x4E, 0xA1, 0x7A, 0x14, 0x10, 0x92, 0x9F, 0x15, 0x17, 0x95, 0x3D,
    0x82, 0x70, 0x95, 0xE7, 0x20, 0xF9, 0x84, 0x6A, 0xD8, 0x2F, 0xD6, 0x1A, 0xE7, 0x5C, 0x7B, 0x52,
    0x56, 0x18, 0x73, 0x7B, 0x62, 0x6E, 0x61, 0xAF, 0x94, 0x6F, 0x43, 0x0B, 0x20, 0x12, 0xE3, 0x8E,
    0x78, 0xE7, 0xE2, 0x62, 0xDD, 0x28, 0xF5, 0xA7, 0xF3, 0x8D, 0xAC, 0x7A, 0xDA, 0x8F, 0x2B, 0x06,
    0x61, 0x27, 0x2E, 0x0F, 0x34, 0xB2, 0xCC, 0x94, 0x31, 0x37, 0x65, 0xCB, 0x34, 0xCC, 0xAC, 0x73,
    0xE6, 0x0D, 0x33, 0xDF, 0x43, 0x80, 0x36, 0x07, 0x41, 0xF7, 0xDD, 0x42, 0xBF, 0x17, 0xD5, 0x9E,
    0x9D, 0xE7, 0x63, 0x51, 0x37, 0xAC, 0x9E, 0xAC, 0xD1, 0x68, 0x26, 0x8D, 0x69, 0xDD, 0xF1, 0x96,
    0x8B, 0x46, 0xB0, 0x95, 0xAD, 0xF0, 0xD1, 0x97, 0x30, 0xEE, 0x2F, 0x8D, 0xCF, 0x5A, 0x4B, 0x8F,
    0xDC, 0xAF, 0x41, 0xFC, 0x77, 0x0D, 0x7B, 0x51, 0x67, 0xEA, 0x19, 0x8A, 0x3C, 0xCC, 0xD2, 0xE5,
    0xA1, 0x5F, 0x46, 0xB7, 0x9D, 0xB6, 0xDA, 0x5F, 0x72, 0xB2, 0x57, 0x1C, 0x4A, 0x6A, 0x73, 0x98,
    0x0F, 0x89, 0xB6, 0x90, 0x6A, 0x14, 0xB4, 0x26, 0x8A, 0xED, 0x6B, 0x1E, 0xF3, 0xDB, 0x5E, 0x4C,
    0x7C, 0xB5, 0x93, 0xFF, 0xFF, 0xAE, 0x05, 0x12, 0xA3, 0x1E, 0x36, 0xDC, 0x7F, 0xF0, 0xEE, 0x36,
    0xE4, 0x78, 0x06, 0xE3, 0xD4, 0x24, 0xC8, 0xED, 0x8B, 0x6D, 0xED, 0xAA, 0x80, 0x75, 0xE7, 0x2A,
    0xE5, 0xD3, 0xBB, 0x57, 0x0E, 0xED, 0x8A, 0xBF, 0xE1, 0xE4, 0x02, 0x3A, 0x43, 0x58, 0xC2, 0x4D,
    0x9A, 0xE1, 0xA3, 0x02, 0xA1, 0xE4, 0xDD, 0x51, 0x31, 0xFB, 0x2D, 0xB7, 0xC1, 0xEC, 0xBB, 0x23,
    0xA2, 0xED, 0xE4, 0x4C, 0xA8, 0x96, 0xC2, 0x87, 0xAF, 0xC7, 0x83, 0x96, 0x03, 0x7D, 0xD4, 0xC9,
    0xBE, 0xAE, 0x1E, 0x50, 0x3C, 0xD6, 0x42, 0xA7, 0x12, 0xBD, 0x8F, 0xCF, 0x9E, 0x32, 0x85, 0xEB,
    0x88, 0xCC, 0xE0, 0x42, 0xE9, 0x13, 0x8D, 0xD9, 0x02, 0x42, 0xFC, 0xC7, 0x5C, 0x83, 0xDE, 0x44,
    0x64, 0x1B, 0x34, 0x16, 0x17, 0xAD, 0x38, 0xA4, 0x03, 0x90, 0x2A, 0x60, 0xAA, 0xF1, 0xE7, 0x68,
    0x93, 0xBC, 0xB2, 0xEE, 0xC1, 0xD7, 0xE8, 0xD7, 0xB8, 0x7F, 0xB6, 0x93, 0xC6, 0x59, 0xFE, 0xA2,
    0xCE, 0xCF, 0xAC, 0xCF, 0xE6, 0x35, 0x94, 0xC7, 0x83, 0xDB, 0x31, 0xA5, 0x8F, 0xFF, 0x3B, 0xEE,
    0xBC, 0xAD, 0xC0, 0xEC, 0x54, 0x1F, 0xF8, 0x48, 0xFD, 0x62, 0x83, 0xC7, 0xD0, 0x7A, 0x0B, 0xC5,
    0x28, 0x88, 0x8E, 0x3B, 0x7A, 0xBF, 0xC1, 0xAE, 0x70, 0x1B, 0x1C, 0x4D, 0xFC, 0x6A, 0xDC, 0xF0,
    0x59, 0x43, 0x94, 0x00, 0xD7, 0xF7, 0xA9, 0x89, 0x72, 0x8B, 0xCA, 0x1E, 0x7E, 0x7D, 0xB9, 0xAE,
    0x73, 0xF5, 0x01, 0xA4, 0x5E, 0xE8, 0x74, 0xA6, 0x75, 0x81, 0xF0, 0xBD, 0xFB, 0xFC, 0xDC, 0x0F,
    0x0E, 0xC0, 0xE0, 0x77, 0xB8, 0xCB, 0x05, 0x7F, 0x54, 0x70, 0x1B, 0xD7, 0x1A, 0x7C, 0xEA, 0xDB,
    0x23, 0x80, 0xB6, 0x20, 0xB6, 0xD5, 0xEA, 0x7C, 0x93, 0xAE, 0xE1, 0xDB, 0x41, 0x14, 0x20, 0x1C,
    0xF0, 0xE9, 0xC0, 0x91, 0xC1, 0x58, 0xE2, 0x1D, 0xA9, 0x81, 0xDE, 0x6D, 0xF1, 0x27, 0xF8, 0xB4,
    0xE5, 0xF0, 0xFA, 0x36, 0x51, 0xF5, 0xD2, 0x2E, 0x61, 0xB6, 0xD4, 0xCB, 0xDD, 0xA0, 0x97, 0xDF,
    0xF5, 0xB2, 0x2F, 0xD4, 0xEB, 0xC9, 0xA5, 0x5E, 0x9E, 0x7A, 0x79, 0xEA, 0x75, 0x39, 0xE4, 0x30,
    0x34, 0xDD, 0x11, 0x3D, 0x75, 0xED, 0x08, 0x51, 0x4C, 0xDC, 0xA3, 0x76, 0xDF, 0x6C, 0xC0, 0xBE,
    0xDA, 0x8A, 0xFF, 0x08, 0x89, 0x03, 0x16, 0xB2, 0x0D, 0xBA, 0xC7, 0x1C, 0x83, 0x07, 0xC5, 0x3A,
    0x24, 0x89, 0xF0, 0xAD, 0x70, 0x4B, 0xDC, 0x80, 0x88, 0xE8, 0x86, 0x3B, 0xF9, 0xC7, 0x93, 0x0F,
    0x2F, 0xFE, 0x93, 0x5B, 0xD9, 0x39, 0x21, 0x32, 0xE8, 0x0D, 0x9F, 0xE4, 0xB3, 0x6C, 0xF0, 0xB7,
    0x0E, 0x08, 0xAF, 0x61, 0x00, 0x7A, 0xA0, 0x63, 0x37, 0xA7, 0x6F, 0xA6, 0x8D, 0x4E, 0x8C, 0x6D,
    0x7E, 0x72, 0x42, 0x06, 0x03, 0xFD, 0xCE, 0x26, 0x05, 0xA2, 0xF8, 0xDF, 0xD3, 0x63, 0xFE, 0x19,
    0x5C, 0xD7, 0x67, 0x05, 0x16, 0x02, 0xAD, 0x82, 0x19, 0x13, 0x4D, 0xA2, 0x9D, 0xD4, 0xB8, 0x9E,
    0x15, 0x15, 0x24, 0x97, 0xB2, 0x95, 0x27, 0x7E, 0xA4, 0x1A, 0x2F, 0xFB, 0x77, 0x26, 0xEA, 0x5F,
    0x2E, 0x44, 0xFC, 0x5B, 0x98, 0x0C, 0x22, 0x5D, 0xC3, 0xE2, 0xF8, 0xF2, 0xC0, 0x6B, 0xC9, 0xBE,
    0x66, 0xF1, 0xEC, 0x60, 0x89, 0xC8, 0x2A, 0x79, 0x90, 0x5D, 0x32, 0x2D, 0xD0, 0x33, 0x0D, 0x3F,
    0x4C, 0xAA, 0xED, 0xEA, 0xD8, 0xA8, 0xC4, 0x16, 0x7D, 0xFF, 0xC3, 0x48, 0x8A, 0xD5, 0x37, 0x44,
    0xBA, 0xF8, 0x79, 0x3D, 0x04, 0xAA, 0xF1, 0x8F, 0xEB, 0x59, 0x40, 0x58, 0xE7, 0xD3, 0x95, 0xA9,
    0x34, 0x66, 0xE4, 0xEF, 0x2C, 0x91, 0x4D, 0x9A, 0x54, 0x60, 0x30, 0x6C, 0xD5, 0xC9, 0x37, 0xCC,
    0xCF, 0xFC, 0x93, 0x24, 0x4B, 0xEB, 0x3F, 0x80, 0x5A, 0x7E, 0x78, 0xB3, 0xEB, 0x26, 0x5E, 0xD6,
    0x75, 0x3F, 0x41, 0xE2, 0x7A, 0x10, 0x85, 0xEF, 0x4E, 0x21, 0x2F, 0xC2, 0xCD, 0xAE, 0xE3, 0x11,
    0xE8, 0xE2, 0x5F, 0xDA, 0x75, 0xE0, 0x26, 0xD7, 0xA1, 0x10, 0x79, 0x11, 0xCE, 0xE4, 0xD5, 0xD6,
    0x3F, 0x44, 0xA7, 0x5A, 0xB4, 0xFE, 0x89, 0xC6, 0xAC, 0xC6, 0x3B, 0xE2, 0xA7, 0xD5, 0xC4, 0x87,
    0x6F, 0x1E, 0xE5, 0xCE, 0x7B, 0xF9, 0x74, 0xB4, 0x06, 0xA2, 0xD5, 0xD4, 0xC5, 0xBB, 0xBD, 0x1F,
    0xD6, 0xFF, 0x4A, 0x58, 0x74, 0x1A, 0x27, 0x31, 0xC8, 0x6B, 0x73, 0x90, 0xBB, 0x88, 0x6B, 0x4E,
    0x33, 0xFE, 0x42, 0xA3, 0xFF, 0x14, 0xD1, 0x03, 0x41, 0x63, 0xDF, 0x60, 0x59, 0xB7, 0x1C, 0xBC,
    0x9C, 0x46, 0xAC, 0xF1, 0x80, 0xF3, 0xD6, 0x00, 0x83, 0xD5, 0xE8, 0x34, 0xFE, 0x04, 0x17, 0x5D,
    0x09, 0x91, 0x17, 0xC7, 0x4E, 0x23, 0x42, 0xAE, 0x97, 0xB1, 0xE1, 0x48, 0xBB, 0xAF, 0xAE, 0x41,
    0x03, 0x38, 0xEE, 0xBE, 0x2D, 0x38, 0xEB, 0xFC, 0x78, 0xC4, 0xBA, 0x58, 0x59, 0xC2, 0x00, 0x76,
    0x28, 0x31, 0xD9, 0x81, 0x6B, 0x38, 0xBB, 0x71, 0xEB, 0x3E, 0xAB, 0x4C, 0xEE, 0x74, 0xB0, 0x1D,
    0x9B, 0xEC, 0x2C, 0x92, 0xA8, 0xB1, 0xA2, 0xAF, 0x96, 0x7C, 0xFC, 0x58, 0x42, 0x32, 0x0A, 0xFC,
    0x74, 0x16, 0xC1, 0x87, 0x49, 0x74, 0x80, 0x72, 0x39, 0x7F, 0x92, 0xE5, 0x8B, 0xDB, 0x10, 0x36,
    0xE8, 0x37, 0x1C, 0xC1, 0xF6, 0xB3, 0x86, 0x73, 0x2D, 0x6F, 0x9D, 0xFF, 0x2E, 0x96, 0x08, 0x9A,
    0x5A, 0x4D, 0x63, 0xB5, 0xA8, 0xB0, 0x15, 0x22, 0x8F, 0xED, 0x26, 0xF3, 0x15, 0x53, 0x93, 0xCC,
    0x17, 0x53, 0x3D, 0x31, 0xFD, 0x24, 0x35, 0xA3, 0x54, 0x73, 0xF3, 0x51, 0xE2, 0x71, 0xF3, 0x62,
    0x7F, 0xCB, 0xB4, 0x84, 0x7D, 0x7F, 0x71, 0x81, 0x69, 0xB7, 0x78, 0x6E, 0x73, 0x5C, 0x0B, 0x4D,
    0x05, 0x5E, 0xB6, 0x3D, 0xB5, 0x78, 0xB4, 0xA2, 0x10, 0x07, 0xBE, 0x9E, 0x45, 0x2C, 0x53, 0x9B,
    0xC4, 0x2E, 0x6B, 0xDA, 0xA4, 0xFC, 0x43, 0xE3, 0xD6, 0x3D, 0x3B, 0x89, 0x1B, 0xF5, 0x13, 0x07,
    0xE7, 0x81, 0xEE, 0xE3, 0x75, 0xB4, 0x87, 0xF5, 0xFC, 0x0F, 0x89, 0x7D, 0xE2, 0xDB, 0x47, 0xDC,
    0xBA, 0x53, 0x23, 0x6C, 0xFD, 0xF4, 0x48, 0x52, 0xE0, 0x63, 0x6E, 0x79, 0xDE, 0x82, 0x54, 0x28,
    0xD1, 0xD7, 0xB3, 0x20, 0x7B, 0xE4, 0x3C, 0x0B, 0xD2, 0x75, 0x55, 0xC7, 0x55, 0x55, 0x17, 0xCD,
    0xAE, 0xEA, 0x71, 0x29, 0x36, 0x55, 0x0F, 0x84, 0xE0, 0xAD, 0x65, 0x53, 0xD5, 0x11, 0x54, 0x75,
    0xAB, 0x7C, 0x57, 0xF5, 0x48, 0x94, 0x37, 0xFC, 0xF3, 0xD3, 0xAD, 0xAD, 0x25, 0x02, 0xD1, 0x6D,
    0xDB, 0x07, 0xFD, 0x89, 0x7A, 0xCF, 0x03, 0xF1, 0x14, 0x9D, 0xC6, 0xBC, 0x9F, 0x28, 0xD1, 0xE6,
    0x2D, 0x08, 0xA5, 0xC8, 0x7B, 0xE5, 0x81, 0xE5, 0xE6, 0x12, 0x4D, 0x5A, 0x1F, 0xF6, 0xC0, 0x08,
    0x60, 0x3A, 0x45, 0x29, 0xBC, 0xD4, 0xA0, 0x98, 0x4E, 0x43, 0x10, 0xD7, 0x5F, 0x09, 0xBE, 0x17,
    0xF4, 0x77, 0xE9, 0x72, 0x38, 0x69, 0xFC, 0x2C, 0x8E, 0xF3, 0x28, 0x7F, 0xEF, 0xAE, 0x85, 0x41,
    0xDC, 0x53, 0x96, 0xD3, 0x20, 0x57, 0x78, 0xEB, 0xCC, 0xBF, 0xE0, 0x7A, 0xF0, 0x2F, 0x9D, 0x60,
    0x14, 0x24, 0x96, 0x5B, 0xA9, 0xEC, 0xCF, 0x07, 0xAA, 0xF8, 0x07, 0x01, 0xD8, 0x44, 0x87, 0x02,
    0x4B, 0x49, 0x71, 0x6F, 0xB0, 0x7C, 0x63, 0x11, 0xCC, 0x2C, 0x0A, 0x41, 0x5E, 0x11, 0x39, 0xBC,
    0x27, 0x94, 0x79, 0x38, 0xD0, 0x4D, 0x7A, 0x02, 0xDD, 0x6F, 0xEE, 0x02, 0x6D, 0x27, 0x6F, 0x24,
    0xC9, 0xD7, 0xFF, 0x00, 0xD5, 0x9A, 0x31, 0xAC, 0x1C, 0xC7, 0x79, 0xC7, 0xFF, 0xBB, 0x43, 0x72,
    0x15, 0x2D, 0x94, 0x61, 0x61, 0xC2, 0x80, 0x15, 0x64, 0x55, 0x06, 0x82, 0x81, 0xED, 0x81, 0x84,
    0x33, 0xB2, 0x4A, 0x17, 0x61, 0xE1, 0x67, 0x95, 0x69, 0xD2, 0x98, 0x29, 0xD4, 0xA4, 0x48, 0x00,
    0x05, 0xBB, 0x51, 0x0A, 0x03, 0x71, 0xF3, 0xFA, 0x14, 0x56, 0xA1, 0x22, 0x3C, 0x16, 0xAF, 0x4D,
    0x80, 0xD8, 0x33, 0x94, 0x0B, 0x97, 0xD9, 0x14, 0xAE, 0xBD, 0x84, 0x54, 0x38, 0x76, 0xC1, 0x29,
    0x96, 0xF0, 0xD2, 0x6F, 0x76, 0xFF, 0x99, 0x6F, 0xF6, 0xEE, 0x9E, 0x1E, 0x45, 0x99, 0x32, 0xE5,
    0x3C, 0x90, 0xDF, 0xCD, 0xFC, 0x3E, 0xEE, 0xCD, 0xCE, 0xCC, 0xFF, 0xFB, 0xF6, 0x76, 0xE6, 0x1E,
    0x6F, 0x81, 0x26, 0x98, 0x59, 0x5E, 0x6D, 0x28, 0x2C, 0x20, 0xC7, 0x4D, 0x68, 0x8F, 0x2F, 0x23,
    0xAF, 0x69, 0xFF, 0xCA, 0xE7, 0x41, 0x4C, 0x85, 0xAD, 0x56, 0xBF, 0xB3, 0x70, 0x9C, 0x2B, 0x72,
    0xD6, 0xE4, 0x64, 0x78, 0x3F, 0x98, 0x88, 0x9B, 0x5D, 0x00, 0x9C, 0xD4, 0x11, 0xE0, 0xBE, 0x3A,
    0xA9, 0x01, 0x90, 0x36, 0x13, 0xF1, 0xF7, 0x2D, 0x39, 0x49, 0x1F, 0x95, 0x2A, 0x3A, 0x8E, 0x50,
    0xD3, 0xC5, 0xB8, 0xC5, 0x1D, 0x6C, 0x56, 0xF1, 0x09, 0x60, 0xC8, 0x1E, 0x8E, 0xB4, 0x20, 0x89,
    0x92, 0xC3, 0x9F, 0x43, 0xD1, 0x22, 0x01, 0x97, 0x61, 0x01, 0xCA, 0x70, 0x17, 0xF8, 0x3B, 0xEE,
    0x3E, 0xCA, 0xAD, 0x4F, 0xA3, 0x5E, 0x12, 0xCC, 0x93, 0x93, 0x13, 0x4B, 0x92, 0xE3, 0x53, 0x00,
    0x70, 0x13, 0x1A, 0xF6, 0x1F, 0x60, 0x1E, 0xAD, 0x14, 0x01, 0x2B, 0x34, 0x39, 0xA7, 0x6E, 0xEF,
    0x4F, 0xD0, 0x41, 0xCD, 0xD0, 0x63, 0x19, 0x33, 0xE4, 0x30, 0xA2, 0x9E, 0xEB, 0xD4, 0x2A, 0x53,
    0x36, 0x64, 0x94, 0x1E, 0x44, 0xF3, 0xAF, 0x9F, 0x45, 0xDC, 0x00, 0xDE, 0x82, 0x1B, 0xD0, 0xCC,
    0x5D, 0x80, 0xA4, 0x11, 0x5D, 0x68, 0x22, 0x38, 0xE8, 0x04, 0x5F, 0xAD, 0x25, 0xAD, 0xA2, 0x22,
    0x0A, 0xFE, 0x28, 0x02, 0xFC, 0xEF, 0x84, 0xEE, 0x91, 0xE4, 0x88, 0x09, 0x0D, 0x3D, 0x4A, 0x99,
    0x5C, 0x91, 0xDC, 0x50, 0xBC, 0xC7, 0x93, 0x2D, 0x86, 0xF2, 0x3E, 0x77, 0x9F, 0x6F, 0xB8, 0xCF,
    0x7B, 0x4F, 0x87, 0x79, 0xCB, 0x7D, 0xDE, 0x90, 0xED, 0xD2, 0x5B, 0x77, 0xF1, 0xAD, 0x53, 0xE9,
    0xDE, 0x6B, 0x72, 0x30, 0x2B, 0xBD, 0xF1, 0x95, 0x35, 0x1E, 0x30, 0x32, 0xFB, 0x0A, 0xD4, 0x9C,
    0x52, 0x5D, 0xD1, 0x9C, 0xB3, 0x37, 0xDE, 0x0D, 0xA6, 0x6F, 0x47, 0xE3, 0xF5, 0x68, 0x42, 0x33,
    0x36, 0xAB, 0x19, 0x6A, 0xB2, 0x2F, 0xC8, 0x4D, 0x2A, 0x38, 0x00, 0x66, 0x04, 0xDA, 0xF1, 0x1F,
    0x61, 0x86, 0x8E, 0xF4, 0xA9, 0xA2, 0xE5, 0x0C, 0x9C, 0x40, 0xAC, 0xB3, 0x0B, 0x3F, 0x61, 0x2A,
    0xDD, 0x3B, 0xEB, 0x35, 0xDC, 0xC4, 0xC1, 0x3A, 0x9E, 0x42, 0x26, 0x63, 0xBE, 0x2C, 0x9F, 0x15,
    0xEC, 0x81, 0x15, 0xD0, 0x01, 0x6A, 0x2A, 0xEE, 0x95, 0x33, 0xEA, 0xA1, 0xE1, 0xF0, 0x13, 0xE8,
    0xDE, 0xD1, 0x1B, 0xB4, 0xC5, 0x52, 0xF4, 0x8D, 0xBD, 0xAD, 0x26, 0x40, 0xF7, 0x7F, 0xA5, 0x02,
    0x50, 0xFB, 0x0F, 0xAA, 0x11, 0xA8, 0xFC, 0x07, 0xF5, 0x25, 0x57, 0x65, 0xF7, 0x97, 0xDB, 0x29,
    0xB7, 0xC5, 0x69, 0x6F, 0xCA, 0x98, 0x9C, 0x6D, 0x2C, 0x1F, 0x79, 0x23, 0xC7, 0xF4, 0x3F, 0x85,
    0x0A, 0x37, 0xD6, 0x22, 0xA2, 0x58, 0x80, 0x3A, 0x00, 0xDD, 0x00, 0xE7, 0x01, 0x2D, 0xD9, 0x07,
    0x0A, 0xC7, 0x11, 0xE2, 0xBF, 0x87, 0x6C, 0x15, 0x93, 0x9E, 0x59, 0xFF, 0x26, 0x02, 0x0B, 0x76,
    0x8B, 0xE6, 0x62, 0xFE, 0x77, 0x31, 0x76, 0x31, 0xDF, 0x59, 0x0C, 0x97, 0x96, 0xFF, 0x54, 0xCD,
    0x7F, 0x81, 0xD7, 0xF0, 0x27, 0x40, 0x4A, 0xD8, 0x00, 0x37, 0x76, 0xA1, 0xA0, 0xE7, 0x50, 0x51,
    0xD1, 0xEA, 0x45, 0xAF, 0x30, 0x73, 0x1B, 0xE1, 0x42, 0x17, 0x12, 0xCC, 0x84, 0x36, 0x36, 0x11,
    0x7A, 0xAD, 0x09, 0xC5, 0x77, 0xD9, 0x83, 0x9E, 0x23, 0xBA, 0x94, 0x66, 0xB4, 0xB6, 0xE9, 0x71,
    0x2D, 0xBD, 0xEE, 0xEE, 0x76, 0x3B, 0xEB, 0x48, 0xF6, 0x17, 0x00, 0x60, 0xBE, 0x1C, 0x86, 0xE1,
    0x58, 0x00, 0x7C, 0xA5, 0x6C, 0x9F, 0xDC, 0xC9, 0xD9, 0x26, 0xAD, 0x64, 0x9B, 0x39, 0xDB, 0x88,
    0xF5, 0x98, 0xB2, 0x8D, 0xA8, 0x42, 0xCA, 0xB6, 0xB8, 0x94, 0x6D, 0xC4, 0x6A, 0xAC, 0x92, 0x5B,
    0xCF, 0xBC, 0x38, 0x12, 0xD9, 0xAD, 0x92, 0x6D, 0x44, 0x23, 0xD9, 0x46, 0xD4, 0x5E, 0x7B, 0x83,
    0x58, 0x0F, 0x92, 0xED, 0xD4, 0x4F, 0xB2, 0x1D, 0xCB, 0x59, 0xB2, 0xFD, 0xB7, 0xB8, 0xF7, 0x95,
    0xB2, 0x6D, 0x48, 0x8E, 0x82, 0x70, 0x84, 0x34, 0x96, 0xF4, 0x9A, 0x93, 0x61, 0xEC, 0xFE, 0x79,
    0x75, 0x70, 0x2B, 0x5C, 0x62, 0xF7, 0xE1, 0x6A, 0x18, 0x35, 0xA7, 0xD4, 0x0A, 0x00, 0xD5, 0xF4,
    0x7B, 0x70, 0xF7, 0x6C, 0xFD, 0x42, 0x3E, 0x7F, 0x7F, 0x0F, 0x59, 0x97, 0x9E, 0x7D, 0x19, 0x7E,
    0x80, 0x5A, 0x44, 0xCE, 0x2D, 0xE3, 0x9F, 0xAA, 0x88, 0x54, 0xAA, 0x88, 0x26, 0xA0, 0x1B, 0x0A,
    0xDA, 0x6A, 0x41, 0x33, 0xC1, 0x70, 0xDD, 0x0A, 0x00, 0x39, 0x5F, 0x42, 0x89, 0xCD, 0xFD, 0xF8,
    0x5A, 0x19, 0x51, 0xC6, 0xE2, 0x2C, 0x69, 0x1E, 0x4A, 0x4E, 0x78, 0x6F, 0x01, 0xD6, 0xB7, 0x40,
    0x73, 0x26, 0xB1, 0x18, 0x86, 0xE2, 0x07, 0xC0, 0xEE, 0xA3, 0x92, 0xBE, 0x22, 0x74, 0x84, 0x19,
    0xE1, 0x2C, 0x6E, 0x49, 0x71, 0x23, 0x38, 0xBC, 0x28, 0x42, 0x99, 0x30, 0x57, 0x09, 0xE4, 0x05,
    0xCC, 0xE0, 0x1E, 0xC5, 0x84, 0x87, 0x77, 0xF2, 0x92, 0xFD, 0x3C, 0xE0, 0xFA, 0xC9, 0xC9, 0x1D,
    0x90, 0x0C, 0x95, 0x40, 0x0B, 0x5A, 0xF2, 0xDD, 0x60, 0x8E, 0xE8, 0x9E, 0x01, 0x73, 0x44, 0x2B,
    0xD0, 0x82, 0x4A, 0x80, 0x8C, 0xA2, 0x49, 0xC0, 0xD7, 0xC1, 0x75, 0x24, 0xFD, 0xCD, 0x68, 0xE6,
    0x2E, 0x6F, 0x6D, 0x37, 0x6C, 0x35, 0x42, 0x4F, 0xD0, 0x2B, 0x40, 0x29, 0x5D, 0x2A, 0x0B, 0xBA,
    0x09, 0x62, 0xB4, 0x8A, 0xB6, 0xA1, 0x75, 0xB4, 0x9D, 0xB3, 0xDF, 0x76, 0x16, 0x5F, 0x56, 0xB2,
    0x15, 0x1C, 0x6A, 0xCE, 0x0D, 0xA3, 0xF1, 0xAB, 0xB1, 0x6E, 0x5F, 0x7A, 0x67, 0x1E, 0xAC, 0x9A,
    0xB1, 0xE2, 0x04, 0xD7, 0x97, 0x28, 0x2D, 0x5A, 0xDF, 0x0C, 0xDB, 0x2D, 0x9E, 0x6F, 0x76, 0xBD,
    0x68, 0x42, 0x51, 0xC9, 0x82, 0xE9, 0xB9, 0x6F, 0xE1, 0x28, 0x17, 0xE2, 0x01, 0xFD, 0xB6, 0x32,
    0x44, 0xBD, 0x42, 0x76, 0xDA, 0xBC, 0x62, 0xA0, 0xF1, 0xB5, 0x47, 0x01, 0x31, 0xD3, 0x43, 0x07,
    0x80, 0x1E, 0xCD, 0x88, 0x2A, 0x39, 0xE3, 0xD1, 0x26, 0xE7, 0x7A, 0x18, 0xE7, 0x41, 0xE0, 0x0D,
    0xE3, 0xCB, 0x7C, 0x3F, 0x7B, 0x15, 0xB3, 0xD3, 0x53, 0x76, 0x4D, 0xC8, 0xCE, 0xF8, 0x5B, 0x36,
    0xB9, 0xAE, 0x37, 0x43, 0x72, 0x04, 0x93, 0xFB, 0x64, 0x2D, 0xC5, 0xFD, 0x2C, 0xAA, 0xE4, 0xDE,
    0xFE, 0xEE, 0xA4, 0x1F, 0x0D, 0x80, 0x0E, 0xED, 0x59, 0x72, 0x66, 0x30, 0x6D, 0x72, 0x9D, 0x8F,
    0xE2, 0x58, 0x3E, 0xE9, 0x3E, 0x43, 0xB1, 0x2A, 0x72, 0x81, 0x8A, 0xD9, 0xD5, 0x73, 0xB9, 0x73,
    0x4F, 0xB2, 0xAC, 0x76, 0x90, 0x22, 0xF5, 0x8F, 0xA0, 0xF3, 0x6E, 0xD6, 0xF9, 0x23, 0x4E, 0xC9,
    0xB1, 0x65, 0x14, 0x9D, 0xFA, 0x7C, 0xCD, 0x3A, 0xCB, 0x55, 0x74, 0xA2, 0xDC, 0xAF, 0x56, 0x51,
    0x74, 0x42, 0xCF, 0xA2, 0x33, 0x6F, 0x3C, 0xCC, 0x53, 0x17, 0x2B, 0xD4, 0x0A, 0x28, 0xC9, 0xF9,
    0x49, 0xD2, 0x89, 0x96, 0x84, 0x0E, 0xE2, 0x44, 0xA3, 0xB8, 0xCD, 0x6A, 0xF6, 0xA8, 0xF3, 0xD7,
    0x0F, 0x69, 0x36, 0x4C, 0x75, 0xC0, 0x9F, 0x55, 0x93, 0x0C, 0x87, 0xE4, 0x08, 0xA0, 0x09, 0x32,
    0x5B, 0xC5, 0x5E, 0xC5, 0xEC, 0xD2, 0x70, 0x28, 0xCF, 0x82, 0x44, 0x09, 0x35, 0xB7, 0xC3, 0x2D,
    0x6B, 0x55, 0x34, 0xDE, 0xF9, 0xFF, 0xAC, 0x23, 0xDF, 0xA1, 0x77, 0x7C, 0x4C, 0x25, 0xEE, 0xD3,
    0x58, 0xD3, 0xD7, 0x6B, 0x35, 0x37, 0xCE, 0x8B, 0x5C, 0x63, 0x92, 0x6B, 0xC7, 0x9F, 0x88, 0x33,
    0x0F, 0x66, 0x71, 0xEE, 0xDD, 0xC7, 0xDD, 0x00, 0xB0, 0x22, 0x23, 0xD4, 0x92, 0x5D, 0x15, 0x53,
    0x5A, 0x7F, 0x95, 0xB3, 0x68, 0x24, 0x8B, 0xD9, 0x15, 0x1F, 0x6F, 0x5F, 0x59, 0x34, 0x8F, 0x55,
    0xC2, 0x3B, 0x9A, 0xAC, 0x94, 0x72, 0x2C, 0x55, 0x4B, 0x56, 0x66, 0x14, 0x0C, 0xA8, 0xE5, 0x3A,
    0xAC, 0xF9, 0x30, 0xEF, 0xE8, 0xDD, 0x98, 0xEB, 0x5B, 0x66, 0xAE, 0x66, 0x43, 0xC6, 0x86, 0x5C,
    0x2B, 0x72, 0x86, 0x5B, 0x2D, 0x6E, 0xEC, 0x20, 0x21, 0xD1, 0x8B, 0xE3, 0x28, 0x6C, 0x27, 0x61,
    0xB5, 0x08, 0x41, 0x3C, 0x65, 0x8C, 0x47, 0x96, 0x5C, 0x73, 0x5F, 0x1E, 0x59, 0x47, 0xF6, 0xA2,
    0x45, 0x86, 0x6B, 0x66, 0x37, 0xC8, 0x60, 0x32, 0xBD, 0x09, 0x59, 0x48, 0x90, 0xA1, 0x39, 0x36,
    0x31, 0xD1, 0xEB, 0x88, 0x22, 0x71, 0x91, 0xAE, 0xE4, 0x9E, 0xB5, 0xB0, 0xD7, 0x42, 0xAF, 0xD7,
    0xDD, 0x8E, 0xBE, 0x8D, 0xD2, 0xC5, 0x24, 0xCA, 0x96, 0x29, 0x83, 0xB8, 0x20, 0xB1, 0x31, 0x51,
    0xDA, 0x70, 0xF7, 0xA3, 0xA3, 0x74, 0x25, 0xB3, 0x43, 0x67, 0xE5, 0x6D, 0x10, 0x9A, 0xFE, 0x65,
    0xD7, 0xFF, 0xF6, 0x47, 0x4F, 0xE9, 0xA9, 0x17, 0xD1, 0xD0, 0x04, 0x33, 0x8A, 0xFC, 0x3A, 0xBC,
    0xEC, 0xF9, 0xC7, 0x1D, 0x40, 0xAD, 0xC5, 0x04, 0x68, 0x9E, 0xCB, 0x9B, 0x64, 0xA2, 0xF9, 0xAE,
    0x68, 0xB8, 0x8D, 0x9F, 0xBE, 0xEC, 0xF9, 0xCF, 0xA6, 0xC7, 0xD6, 0xE7, 0x9C, 0x0F, 0x89, 0x93,
    0x19, 0xF3, 0x9D, 0xEB, 0x81, 0xC2, 0x5E, 0x7F, 0xD9, 0xF5, 0xB7, 0xE3, 0x51, 0x4F, 0xB1, 0x2E,
    0xA2, 0x2A, 0xDC, 0x3E, 0xB2, 0xE0, 0xF2, 0x72, 0xA9, 0xCD, 0x3D, 0x24, 0xBD, 0xE2, 0x03, 0xD0,
    0xEC, 0xBD, 0xD9, 0xFB, 0xEE, 0x9C, 0xBF, 0x38, 0xB9, 0x03, 0xF0, 0x13, 0x91, 0x76, 0xF4, 0x25,
    0xBF, 0x93, 0xBD, 0x62, 0x99, 0x7D, 0xBD, 0x94, 0xFC, 0xF5, 0xAE, 0x87, 0x8E, 0xA5, 0xCC, 0x8D,
    0x76, 0xDE, 0xBC, 0x09, 0x9B, 0xEF, 0xF6, 0x3E, 0xEB, 0x03, 0x8A, 0xBD, 0x57, 0x4F, 0xF9, 0x7A,
    0x3D, 0xF9, 0xFE, 0x96, 0x02, 0x94, 0xF4, 0x40, 0x2B, 0x9E, 0x14, 0xE5, 0xD9, 0x77, 0x61, 0xF3,
    0x1C, 0x36, 0x8F, 0x6C, 0x85, 0xE3, 0xA9, 0x08, 0x8F, 0x70, 0x09, 0x32, 0xF6, 0xAC, 0x38, 0x7D,
    0x33, 0x68, 0xF6, 0xB8, 0xA9, 0x57, 0xE4, 0x71, 0x24, 0x68, 0xC1, 0x74, 0x44, 0xB8, 0x8C, 0xE9,
    0x78, 0x4A, 0x4C, 0x68, 0x96, 0x04, 0x4D, 0x2B, 0x19, 0x1A, 0x8B, 0xFF, 0x10, 0x81, 0x33, 0x32,
    0x8C, 0xA0, 0xCA, 0x49, 0x6B, 0x4E, 0x01, 0x98, 0x41, 0x26, 0x90, 0x8E, 0x2A, 0xEE, 0x51, 0x30,
    0x63, 0x4E, 0x90, 0x2D, 0xFD, 0xDF, 0x81, 0x76, 0x01, 0x2A, 0x02, 0xA0, 0xDF, 0xE6, 0xAB, 0x27,
    0x1C, 0x8C, 0xE4, 0x28, 0xC1, 0x1C, 0xAA, 0x24, 0x5C, 0x4E, 0xBB, 0x54, 0x53, 0x72, 0x49, 0xFA,
    0x4B, 0xD5, 0x03, 0x5F, 0xA8, 0x03, 0x70, 0x1C, 0x67, 0x5F, 0x51, 0xEE, 0x7A, 0x54, 0xB4, 0xD0,
    0xCB, 0x36, 0x37, 0x7B, 0x14, 0x0B, 0xAE, 0x6E, 0xFE, 0xDD, 0x29, 0x8A, 0xE4, 0x2A, 0x46, 0xE8,
    0x73, 0xC2, 0x0C, 0xCE, 0x3B, 0x34, 0xE3, 0x95, 0xCD, 0x0F, 0xA0, 0xF1, 0xC6, 0x9A, 0x91, 0xDE,
    0x04, 0xFA, 0x76, 0xE8, 0xFA, 0x02, 0xD7, 0xAE, 0x2C, 0xFE, 0xB4, 0x1F, 0x9A, 0x08, 0xBD, 0xA2,
    0xA4, 0x45, 0xE7, 0xA1, 0x03, 0xB2, 0x19, 0x72, 0x2B, 0x0D, 0x97, 0x82, 0x1E, 0x7F, 0x48, 0xA9,
    0x39, 0x1F, 0xBB, 0xE3, 0xF5, 0x7B, 0x32, 0x01, 0xC7, 0x92, 0x7D, 0xB5, 0x1C, 0x87, 0x07, 0x19,
    0xB7, 0xD2, 0x71, 0xAA, 0x08, 0xF5, 0x87, 0x94, 0x96, 0xE3, 0xB1, 0x7B, 0xDE, 0x11, 0x39, 0x43,
    0x71, 0x45, 0xBD, 0xD2, 0xB6, 0xA1, 0x4B, 0x19, 0x3C, 0x4E, 0x03, 0x4D, 0xFA, 0x43, 0xAD, 0x28,
    0x31, 0x06, 0xC0, 0xBC, 0x78, 0x2D, 0xB9, 0x5E, 0x1A, 0x33, 0xE7, 0xAA, 0x77, 0xE8, 0x3C, 0xAD,
    0x7B, 0x40, 0x6B, 0x3C, 0x71, 0x1D, 0xDF, 0xC0, 0xC1, 0x0C, 0x79, 0xAC, 0x0D, 0x17, 0x48, 0x2E,
    0xF1, 0x35, 0x6A, 0xCD, 0xF9, 0xD2, 0x98, 0x8A, 0xFC, 0x15, 0x84, 0x1C, 0x32, 0xE7, 0x4C, 0x26,
    0xEE, 0x1C, 0x7B, 0x45, 0x54, 0x1C, 0x12, 0x0B, 0x86, 0x44, 0xB8, 0xCC, 0x6E, 0x12, 0x9A, 0xB9,
    0x23, 0xFB, 0x67, 0xF1, 0x9B, 0x3C, 0x49, 0xAD, 0x17, 0x67, 0x32, 0xE4, 0x11, 0xC6, 0x3C, 0x9A,
    0x57, 0x3C, 0xC9, 0x23, 0x93, 0xEB, 0xE7, 0x66, 0x1C, 0x84, 0x33, 0xC4, 0x0A, 0x0B, 0xE8, 0xB9,
    0x1A, 0x00, 0xC3, 0x47, 0x1E, 0x70, 0x64, 0xE2, 0xF2, 0x3E, 0x01, 0x4C, 0xE5, 0x8C, 0x4B, 0xC6,
    0x19, 0x92, 0xBB, 0x08, 0x38, 0x4F, 0x6E, 0xB4, 0x99, 0x3E, 0x73, 0x14, 0xBA, 0x20, 0xEC, 0x66,
    0xE1, 0xDF, 0x44, 0xE1, 0x5F, 0x53, 0xF8, 0x2F, 0xB4, 0x89, 0x1F, 0xD2, 0x27, 0xF6, 0x1C, 0x85,
    0x5D, 0xE8, 0x12, 0x4D, 0x14, 0x36, 0x8B, 0xB0, 0xA6, 0x50, 0x51, 0x5A, 0x4B, 0x32, 0x11, 0x1B,
    0xBB, 0x4C, 0x93, 0xA9, 0x33, 0x6B, 0xFA, 0xBC, 0x1E, 0x41, 0xA2, 0xC5, 0x61, 0xDD, 0x85, 0x8E,
    0xC2, 0x92, 0x42, 0x74, 0x3D, 0x2E, 0x59, 0x49, 0x9E, 0x02, 0x2D, 0x25, 0x84, 0x8B, 0xCD, 0xCE,
    0x57, 0xFC, 0xAC, 0x66, 0xD0, 0xB4, 0xE0, 0x94, 0xBF, 0x5E, 0xC7, 0xBC, 0xFD, 0x46, 0x33, 0x03,
    0x4D, 0xA6, 0x5E, 0x64, 0x74, 0xBD, 0x3E, 0x83, 0xB9, 0x55, 0xD8, 0x2C, 0x26, 0xF7, 0x6A, 0x16,
    0x19, 0x61, 0x1B, 0xAD, 0xE6, 0x58, 0x31, 0x6C, 0xB3, 0x40, 0x68, 0xF3, 0xEC, 0x59, 0xC9, 0x00,
    0xE0, 0xFA, 0x1D, 0x88, 0xC9, 0xC2, 0x2E, 0x17, 0x50, 0x98, 0xDF, 0x57, 0xCC, 0xB1, 0xCC, 0xC2,
    0x66, 0xC0, 0x2B, 0x11, 0xC5, 0xB7, 0x72, 0x10, 0x66, 0x15, 0xCA, 0x29, 0x50, 0x74, 0x83, 0x04,
    0xD1, 0x04, 0x09, 0x42, 0xC5, 0x57, 0x22, 0x0A, 0xC8, 0x7A, 0x50, 0xB0, 0xFF, 0x2F, 0xA0, 0xE2,
    0x79, 0x04, 0x34, 0x29, 0xC3, 0xFE, 0x9C, 0x12, 0x05, 0xDA, 0x57, 0xE4, 0x13, 0x25, 0xA6, 0x26,
    0x3D, 0x02, 0x75, 0x6C, 0x03, 0xA0, 0x33, 0xAB, 0x59, 0x27, 0xC2, 0x16, 0xF6, 0x15, 0x89, 0xE2,
    0x0D, 0x14, 0x83, 0xB1, 0xD5, 0xC4, 0x21, 0xCD, 0x37, 0x75, 0x41, 0xAF, 0xF4, 0x8A, 0x04, 0x18,
    0xF3, 0xFD, 0x52, 0x70, 0x41, 0x45, 0xDA, 0x26, 0x72, 0xE8, 0x82, 0x99, 0x9C, 0xD7, 0x73, 0x0B,
    0x35, 0x5E, 0x03, 0x7A, 0x1C, 0xAD, 0xB2, 0x32, 0xEE, 0x8F, 0x47, 0x99, 0x83, 0x03, 0x12, 0xD8,
    0x1F, 0x23, 0x7C, 0x33, 0x47, 0x58, 0xE5, 0x08, 0x35, 0x25, 0xC2, 0x96, 0x12, 0x5B, 0xF7, 0x63,
    0x21, 0x25, 0xC2, 0x72, 0x91, 0xA8, 0xAA, 0x59, 0xA8, 0x83, 0xB0, 0x1D, 0x84, 0x5D, 0x2F, 0x11,
    0x52, 0x22, 0x5C, 0x17, 0x89, 0x90, 0x73, 0x8E, 0x30, 0x3C, 0x33, 0xC2, 0x32, 0x21, 0xA2, 0x5A,
    0x45, 0x42, 0x11, 0x0E, 0x11, 0x1E, 0xFF, 0xCC, 0x35, 0x51, 0xA8, 0x57, 0x61, 0xC9, 0xAC, 0xBE,
    0x1B, 0x84, 0x3A, 0xE0, 0x92, 0xE5, 0x8D, 0xCD, 0x26, 0xAA, 0xFF, 0x57, 0x4E, 0x89, 0x22, 0xAA,
    0x26, 0x5A, 0xDA, 0x56, 0x92, 0x23, 0xFA, 0x55, 0xE2, 0x04, 0xE4, 0x44, 0xA2, 0x65, 0x96, 0x7B,
    0x62, 0x85, 0xE5, 0x4E, 0x9C, 0x66, 0x02, 0xDA, 0x28, 0x74, 0x63, 0x42, 0x41, 0x9B, 0xA8, 0x22,
    0x5E, 0x8D, 0x28, 0xF2, 0x8E, 0xA2, 0x18, 0x80, 0xBC, 0x7D, 0x03, 0xED, 0x6F, 0xA5, 0xD5, 0x79,
    0x09, 0x63, 0x45, 0xEB, 0x5F, 0x89, 0x28, 0x70, 0xF8, 0xAA, 0x03, 0x74, 0x59, 0x79, 0x37, 0xB0,
    0x07, 0x8C, 0x27, 0x90, 0xBF, 0xF2, 0xBC, 0x12, 0x51, 0x14, 0xFB, 0x8B, 0x21, 0xD4, 0xCB, 0xC5,
    0x1E, 0xEF, 0xBC, 0x70, 0xC5, 0x65, 0xE3, 0x28, 0xA7, 0x76, 0x01, 0x15, 0xF7, 0x5F, 0x93, 0x9B,
    0x28, 0x45, 0x13, 0x66, 0x96, 0xA9, 0x3B, 0x91, 0xE1, 0x39, 0x02, 0x7C, 0x40, 0x0F, 0xB8, 0x4F,
    0x69, 0x01, 0xF3, 0x5B, 0x42, 0xE6, 0x95, 0xF1, 0x35, 0x63, 0x62, 0xCD, 0xE9, 0xF8, 0x19, 0x28,
    0x98, 0xE7, 0x7A, 0x01, 0x4A, 0xFD, 0x22, 0xB8, 0xDA, 0x04, 0x06, 0x41, 0x14, 0xAC, 0xA0, 0x6F,
    0x99, 0x50, 0xD1, 0xD2, 0x2B, 0xF6, 0x47, 0xD8, 0x3D, 0x1A, 0xE6, 0xF3, 0x04, 0xF1, 0xD8, 0xD7,
    0x82, 0xBF, 0xB0, 0xCF, 0x9E, 0x03, 0x37, 0xEE, 0xD9, 0x44, 0x27, 0xB1, 0x54, 0x24, 0x7B, 0x34,
    0x39, 0xB7, 0x86, 0xF7, 0x19, 0xD0, 0x4D, 0x70, 0x41, 0x8A, 0x49, 0x1C, 0xD1, 0x65, 0x72, 0x4C,
    0xAC, 0xE8, 0x13, 0x9B, 0x15, 0x89, 0x66, 0x16, 0xBA, 0x90, 0x39, 0x09, 0xBB, 0xED, 0x7D, 0x0E,
    0x89, 0x9A, 0x73, 0x62, 0xC1, 0x25, 0x11, 0x2D, 0x85, 0x55, 0x66, 0xD2, 0xEB, 0x46, 0x2B, 0x7C,
    0xF8, 0xE4, 0x7D, 0xC2, 0x3D, 0x14, 0xDD, 0xC2, 0x28, 0xE3, 0x70, 0x3C, 0xFC, 0x06, 0xB4, 0x3B,
    0x4D, 0x90, 0x71, 0xD1, 0xC4, 0x9C, 0xEA, 0x63, 0xE6, 0xDA, 0x21, 0x21, 0x07, 0xB1, 0x03, 0x4A,
    0x09, 0xB6, 0x26, 0x97, 0xFD, 0xCF, 0xA2, 0x4F, 0xDE, 0xA4, 0xDD, 0x7F, 0x1E, 0xCA, 0x84, 0xE2,
    0xFB, 0xEC, 0x0B, 0x09, 0x50, 0x0B, 0x8C, 0xA0, 0x9B, 0x53, 0x83, 0x0B, 0x09, 0x1C, 0x95, 0xFC,
    0xAB, 0x4A, 0x58, 0xDC, 0xBE, 0xB5, 0xE5, 0xE2, 0xFA, 0x8A, 0xC1, 0xF4, 0xB8, 0x05, 0xB1, 0xD7,
    0x77, 0x87, 0xB5, 0xAA, 0x0B, 0xFB, 0x6B, 0xAD, 0x56, 0x00, 0xF5, 0x84, 0x2B, 0x93, 0x21, 0xD7,
    0x2B, 0xA1, 0x91, 0x31, 0x8D, 0x28, 0xE0, 0x59, 0x48, 0x2A, 0xEA, 0x98, 0x54, 0x14, 0xEB, 0x55,
    0x66, 0x03, 0xD7, 0x01, 0x37, 0x18, 0x94, 0x5C, 0x57, 0x28, 0x99, 0xA8, 0x7A, 0xC8, 0x19, 0xB5,
    0x6F, 0x86, 0x2B, 0x95, 0x01, 0x14, 0x51, 0x4D, 0x5B, 0x0E, 0x14, 0x75, 0x44, 0xB9, 0x54, 0x33,
    0x70, 0x13, 0xF6, 0x0A, 0x65, 0x54, 0xF1, 0x78, 0x51, 0xCE, 0x3C, 0x70, 0xBB, 0x3E, 0x20, 0x1F,
    0xE6, 0x86, 0x6A, 0xBE, 0xE2, 0x4F, 0xC9, 0xEB, 0x1F, 0xE7, 0x69, 0xFE, 0x87, 0xEC, 0xA1, 0x29,
    0x16, 0x50, 0x65, 0x1F, 0xA1, 0x1E, 0xBF, 0xC9, 0xB9, 0x59, 0x20, 0x53, 0x0E, 0x8A, 0xD9, 0xFB,
    0xEC, 0xDF, 0x63, 0x9F, 0x7C, 0xC1, 0x6C, 0xD0, 0x7B, 0x6F, 0x78, 0x9E, 0x7D, 0x37, 0x67, 0x89,
    0x70, 0x61, 0xEF, 0x93, 0x14, 0x9F, 0x8F, 0x6B, 0x06, 0xBC, 0x86, 0xEE, 0x49, 0xC7, 0x75, 0x17,
    0x61, 0xC8, 0x5F, 0xCA, 0x3C, 0x0D, 0xA9, 0xC4, 0x57, 0x9C, 0xE1, 0x38, 0x41, 0xC4, 0xE5, 0x7B,
    0xBA, 0xD8, 0x59, 0x74, 0x8C, 0x25, 0x19, 0x6B, 0x26, 0x29, 0xFC, 0x4D, 0x7E, 0x76, 0x64, 0xFB,
    0xAF, 0xC2, 0xAD, 0xBA, 0x5C, 0x2F, 0x8E, 0xCD, 0x9C, 0xEA, 0x82, 0x6F, 0x37, 0x5B, 0x9F, 0xDC,
    0xF7, 0xE2, 0xD9, 0x91, 0x19, 0xA8, 0x08, 0xA0, 0xCB, 0x1B, 0x17, 0x0C, 0xFB, 0x54, 0x81, 0x76,
    0xFE, 0x4A, 0xEB, 0x47, 0x79, 0x0F, 0xC8, 0x63, 0x65, 0xB5, 0x35, 0x49, 0x34, 0x6B, 0xC5, 0xDE,
    0xCC, 0xA0, 0x97, 0xB5, 0xCF, 0x77, 0x8F, 0x4F, 0xDC, 0xD0, 0x91, 0x1C, 0xDC, 0x11, 0xA2, 0x0A,
    0x19, 0xA2, 0x1B, 0x6D, 0x44, 0x69, 0x35, 0x7F, 0xED, 0xAC, 0xA4, 0xD9, 0x16, 0x82, 0xFD, 0x16,
    0x75, 0xF2, 0x9C, 0xF5, 0xE3, 0xAA, 0x64, 0x3C, 0x67, 0xFD, 0xB8, 0x2A, 0x19, 0xCF, 0xB9, 0x71,
    0xAF, 0x4E, 0xC6, 0xDB, 0x1F, 0xA3, 0x5D, 0x50, 0x11, 0xA0, 0x87, 0x09, 0xF9, 0x52, 0x48, 0x43,
    0xC9, 0xFE, 0x05, 0xCA, 0xF1, 0x87, 0xFA, 0xE6, 0xF0, 0x43, 0x3D, 0x80, 0x5B, 0x16, 0x6E, 0x7C,
    0x91, 0x82, 0xBB, 0xA7, 0x28, 0x38, 0x41, 0x31, 0x42, 0xFF, 0x8E, 0x30, 0xA3, 0xF3, 0xCE, 0x36,
    0x23, 0xF6, 0xA3, 0xCA, 0x39, 0x7F, 0x94, 0x0A, 0x74, 0x58, 0xF8, 0x21, 0xF9, 0x33, 0xBA, 0xFC,
    0x60, 0xCE, 0xD7, 0xCA, 0xC1, 0xB5, 0xF4, 0x82, 0xF6, 0x1F, 0x00, 0xE6, 0x9C, 0x40, 0xC3, 0x65,
    0xFF, 0xED, 0x48, 0x0B, 0x0C, 0x23, 0xD0, 0xFE, 0x9C, 0xC0, 0x1B, 0x25, 0x2D, 0x60, 0xE9, 0xD1,
    0xD1, 0x0D, 0x8A, 0xE4, 0xA8, 0x13, 0x42, 0xC3, 0x33, 0xCA, 0x5A, 0x90, 0x10, 0xD0, 0x4D, 0xF9,
    0xB9, 0x29, 0x77, 0x40, 0xE8, 0x04, 0xD2, 0x90, 0x4F, 0x19, 0x1A, 0xFE, 0x1B, 0x7D, 0x4D, 0x12,
    0x25, 0x65, 0xA2, 0x8E, 0x12, 0x8F, 0x2C, 0x30, 0x10, 0x19, 0xB2, 0x3F, 0x29, 0xAE, 0x2B, 0xAA,
    0xFC, 0x09, 0x7A, 0xC8, 0x49, 0xF6, 0xA7, 0x53, 0x6C, 0x29, 0xC4, 0xDD, 0x1E, 0xEE, 0x87, 0x8C,
    0x70, 0xBF, 0x24, 0xB1, 0x7F, 0x9E, 0xE3, 0x8C, 0xDE, 0xC5, 0x32, 0x21, 0x80, 0xC3, 0x86, 0xF1,
    0x85, 0xB0, 0xFD, 0xA1, 0x66, 0xE2, 0xE1, 0xCF, 0xB4, 0x1C, 0x2E, 0x3A, 0x2F, 0xC7, 0x23, 0x36,
    0x2B, 0xB6, 0x4F, 0x78, 0xD8, 0xD4, 0x4B, 0x1C, 0x36, 0x47, 0x24, 0xB1, 0x8D, 0x66, 0x82, 0xDB,
    0xE2, 0x75, 0x07, 0x4C, 0x19, 0xFB, 0x1C, 0x08, 0xE4, 0x94, 0x36, 0x16, 0x1C, 0xB4, 0x08, 0x3F,
    0x7C, 0xC2, 0x17, 0xA0, 0x3D, 0x26, 0x42, 0xB6, 0x1B, 0x91, 0x70, 0xB8, 0x21, 0x38, 0x88, 0x16,
    0xE4, 0x25, 0xF3, 0x0A, 0x65, 0x94, 0x59, 0x05, 0x3D, 0x60, 0xE4, 0x3D, 0xF7, 0x68, 0x46, 0x49,
    0xB5, 0x88, 0x0A, 0x77, 0x95, 0xD9, 0xC0, 0x75, 0xC0, 0x8C, 0x8D, 0x05, 0xE9, 0x64, 0x22, 0x42,
    0x3D, 0x76, 0x11, 0x6A, 0xA8, 0xAF, 0xF4, 0xA2, 0x88, 0xAD, 0xA5, 0xE4, 0xA0, 0x5A, 0x36, 0x80,
    0x2A, 0x02, 0xDF, 0xC0, 0x9D, 0x2B, 0x94, 0xA1, 0x42, 0x42, 0x3D, 0x27, 0xE8, 0x78, 0x80, 0xBC,
    0x27, 0xF6, 0x65, 0x4F, 0x9C, 0x89, 0xB4, 0xD3, 0x2F, 0x76, 0xAB, 0xA6, 0x04, 0xF4, 0x17, 0x3B,
    0xD9, 0x1B, 0xA2, 0x9E, 0xBD, 0x92, 0x79, 0xB5, 0xA0, 0x11, 0x19, 0x26, 0xD6, 0x1C, 0x4C, 0xD0,
    0x4C, 0xEA, 0x0D, 0x93, 0x70, 0xD7, 0x05, 0x37, 0xAE, 0x29, 0x84, 0x4F, 0x63, 0xC2, 0xF9, 0x64,
    0x42, 0xC7, 0x51, 0xDA, 0x7C, 0x52, 0xCF, 0x77, 0x44, 0x3D, 0xF7, 0xB7, 0x78, 0xC2, 0x02, 0x4D,
    0x8E, 0x50, 0xFE, 0x98, 0xC4, 0x6D, 0x73, 0x0F, 0x87, 0x9D, 0xB5, 0x62, 0x02, 0xB2, 0xD0, 0xD6,
    0x63, 0xBF, 0x54, 0xA6, 0xC2, 0x11, 0x1C, 0x5E, 0x14, 0xF9, 0x61, 0xA9, 0xA9, 0xE2, 0xB6, 0xD5,
    0x18, 0x81, 0x26, 0xCD, 0xA0, 0x38, 0x9B, 0xE1, 0xF0, 0xC7, 0x81, 0x5C, 0x2E, 0x13, 0xF7, 0x62,
    0x0A, 0x51, 0x20, 0x17, 0x15, 0x3A, 0xE0, 0x0A, 0x65, 0x64, 0x15, 0x2D, 0x13, 0x3A, 0x7A, 0x80,
    0x2E, 0x40, 0x2D, 0x75, 0x84, 0x0E, 0xC5, 0x72, 0x85, 0x32, 0xC4, 0xCA, 0x58, 0x05, 0xA8, 0x55,
    0xC7, 0x0D, 0x65, 0x94, 0xBD, 0xF5, 0x0E, 0xEC, 0xD5, 0xC9, 0xB8, 0xB4, 0xF4, 0xCD, 0xCF, 0x5C,
    0xFA, 0x4E, 0x2C, 0xAE, 0x7F, 0x8F, 0x23, 0xDA, 0x98, 0x9F, 0xD3, 0x32, 0x13, 0x4C, 0x68, 0x67,
    0x74, 0x41, 0x7F, 0xEE, 0x21, 0xDD, 0x82, 0xBD, 0xA2, 0x22, 0x4A, 0x01, 0xF8, 0xC3, 0xF5, 0xF0,
    0xA4, 0xAE, 0xC0, 0x3C, 0x9A, 0x80, 0x76, 0xDB, 0xDF, 0x46, 0x81, 0x07, 0x2A, 0x81, 0x62, 0x2F,
    0x00, 0x50, 0x0B, 0xF4, 0x92, 0xD0, 0x49, 0x07, 0x4E, 0x82, 0x51, 0xD0, 0x67, 0x61, 0x39, 0x1B,
    0xCF, 0x7F, 0xE0, 0xEE, 0xAE, 0x85, 0xFB, 0x94, 0x13, 0xDC, 0x23, 0x2E, 0x70, 0x24, 0x13, 0xCE,
    0xD8, 0xBB, 0x59, 0xE5, 0xDD, 0x4A, 0xB0, 0xDF, 0x7B, 0xC6, 0xA7, 0x91, 0x1B, 0x42, 0x21, 0x5B,
    0x9B, 0xA2, 0x3F, 0xDE, 0xCE, 0x32, 0x54, 0x94, 0x41, 0x03, 0xDC, 0x78, 0xEB, 0xF9, 0x0A, 0x70,
    0xB1, 0x72, 0x45, 0x14, 0x54, 0x4B, 0xC2, 0xBB, 0xEB, 0xC5, 0xCA, 0xF5, 0x52, 0xE5, 0xF4, 0xFF,
    0x00, 0xD5, 0x9B, 0x3D, 0x8C, 0xDE, 0x46, 0x7A, 0xC7, 0xFF, 0x24, 0x23, 0x11, 0x11, 0x0B, 0x5E,
    0x11, 0xC1, 0x81, 0x54, 0xB0, 0x57, 0x02, 0xB0, 0x2F, 0x92, 0x61, 0xDC, 0x03, 0xA7, 0x42, 0x9B,
    0x2B, 0x5C, 0xDC, 0x95, 0x81, 0x9A, 0xEB, 0x8B, 0x1C, 0x09, 0xA7, 0x30, 0x90, 0x26, 0xDB, 0x18,
    0x08, 0x90, 0x46, 0x01, 0x54, 0xC8, 0xAF, 0x0B, 0xB5, 0x57, 0x1C, 0x3C, 0xB4, 0x53, 0xA4, 0x34,
    0x91, 0x43, 0x90, 0xD2, 0x73, 0x1F, 0xC9, 0x05, 0x76, 0xA1, 0xB9, 0x1C, 0x8D, 0xA3, 0xE4, 0x21,
    0xFF, 0x99, 0x67, 0xE6, 0x25, 0xF7, 0x7D, 0x17, 0xB6, 0xD7, 0xB2, 0x56, 0xEB, 0xF5, 0x88, 0xCF,
    0xEF, 0xE1, 0xBB, 0xF3, 0xFD, 0xE7, 0xF0, 0x63, 0x86, 0x14, 0x6E, 0xED, 0x76, 0x1D, 0x50, 0x92,
    0xFD, 0x31, 0x8F, 0x02, 0xDD, 0xC6, 0x94, 0x8B, 0x67, 0x46, 0x6E, 0x2C, 0x1C, 0xA5, 0x04, 0x27,
    0xB9, 0xAA, 0x49, 0x0F, 0x40, 0x3D, 0xB6, 0x06, 0x50, 0x56, 0x59, 0xA0, 0xB5, 0xF5, 0x08, 0xD0,
    0x54, 0xCE, 0xB3, 0x2F, 0x1D, 0x12, 0xCF, 0x59, 0xB2, 0x92, 0x7B, 0x16, 0xC2, 0xAE, 0x14, 0xF6,
    0xE5, 0xB2, 0xDB, 0xB1, 0xAF, 0x9D, 0x64, 0x51, 0x9E, 0xDA, 0xAA, 0x51, 0x0A, 0xD1, 0x16, 0x50,
    0x13, 0x3D, 0x6B, 0x97, 0xEC, 0x76, 0x8F, 0x91, 0x92, 0xD3, 0x01, 0x62, 0xB8, 0xB9, 0x83, 0xFC,
    0xB4, 0x52, 0x64, 0xAC, 0x03, 0xD9, 0xF3, 0xBB, 0x6C, 0xA4, 0xA9, 0x1D, 0x90, 0x7A, 0x24, 0x7F,
    0xCB, 0x2E, 0x09, 0xF5, 0x09, 0x94, 0xA0, 0x9D, 0x7C, 0x84, 0xB6, 0x1E, 0x34, 0x99, 0xEC, 0xE5,
    0x1E, 0xB3, 0xDE, 0xC7, 0xD6, 0x9C, 0x75, 0x97, 0xD3, 0xAA, 0x0E, 0xB7, 0x01, 0xA0, 0x6A, 0x52,
    0xEB, 0xD9, 0xE7, 0x9E, 0x25, 0xE9, 0x59, 0x04, 0xC1, 0xD2, 0x20, 0x06, 0xEA, 0xDF, 0xE2, 0x5A,
    0x8B, 0x97, 0x19, 0xFC, 0x35, 0xB2, 0x11, 0x8B, 0x34, 0xD8, 0x01, 0x41, 0x3C, 0x45, 0x03, 0xE4,
    0x0B, 0xAE, 0x50, 0xC6, 0x6B, 0x26, 0x0B, 0x00, 0x94, 0x83, 0x50, 0x35, 0x42, 0x2D, 0xC0, 0x12,
    0xC8, 0x07, 0x67, 0xED, 0x55, 0x81, 0xC5, 0xF8, 0xFA, 0x35, 0xFA, 0x40, 0x84, 0x99, 0x3C, 0x72,
    0xEB, 0x51, 0x08, 0xCA, 0xE7, 0x1D, 0x50, 0x88, 0x26, 0x99, 0x00, 0x6D, 0xE7, 0xF1, 0xF0, 0x11,
    0x90, 0xD0, 0xC8, 0xDF, 0x1A, 0x91, 0x0C, 0x40, 0x6D, 0xD7, 0xC8, 0x2D, 0x24, 0x9A, 0xA7, 0xA8,
    0x48, 0x07, 0xED, 0x21, 0xAD, 0x9A, 0x32, 0x8E, 0x6F, 0xD8, 0x92, 0x1D, 0x7E, 0x50, 0x2E, 0xD8,
    0x6B, 0xA0, 0x26, 0xC1, 0xB8, 0xC1, 0x1E, 0x63, 0x14, 0x4C, 0xAB, 0x0C, 0xD5, 0xEC, 0x51, 0x4A,
    0xAD, 0x05, 0x4D, 0xF2, 0x73, 0xD1, 0x60, 0x42, 0x80, 0x12, 0xE4, 0x94, 0x56, 0xDD, 0xB8, 0x0F,
    0xE0, 0xCE, 0x7B, 0x31, 0x0B, 0x0D, 0x52, 0x36, 0xC8, 0x1D, 0x50, 0x9A, 0x7D, 0xC3, 0x76, 0x0D,
    0x5A, 0x3A, 0x19, 0x8C, 0x05, 0x39, 0x55, 0xFC, 0xCC, 0x2A, 0x87, 0x1F, 0xC4, 0x23, 0x14, 0x4D,
    0x47, 0xDB, 0x7E, 0x4B, 0x0B, 0xD4, 0x8C, 0xBF, 0xAC, 0x62, 0x9E, 0x90, 0x17, 0xAD, 0x54, 0x26,
    0x07, 0xEA, 0xDE, 0x23, 0x0F, 0x4E, 0xA2, 0xC7, 0x02, 0x14, 0x0B, 0x1B, 0xD4, 0xB6, 0x1D, 0xBC,
    0x1E, 0xA5, 0xBD, 0x2E, 0x82, 0xDC, 0xF2, 0x7A, 0xD4, 0x04, 0x34, 0xFB, 0x84, 0xDA, 0xE4, 0x73,
    0x39, 0x95, 0x36, 0x9D, 0x5F, 0x8F, 0x20, 0x37, 0xBC, 0x41, 0x19, 0x48, 0xDA, 0x15, 0x4A, 0x70,
    0xAB, 0xB9, 0x3E, 0x23, 0xC4, 0x5B, 0x21, 0xA3, 0x62, 0xDE, 0x9B, 0x03, 0x92, 0x47, 0x78, 0x2D,
    0x82, 0xDC, 0x6B, 0xD2, 0x27, 0x50, 0xA6, 0x1A, 0x51, 0x3A, 0x3D, 0x20, 0x23, 0x3B, 0x80, 0x8B,
    0x48, 0xE3, 0xAE, 0x8B, 0x20, 0xB7, 0x4E, 0xF1, 0xD0, 0x0B, 0x92, 0x2D, 0x48, 0xF9, 0xE3, 0x09,
    0x20, 0xA5, 0x57, 0xF1, 0xEE, 0x0C, 0x9C, 0xE9, 0x22, 0xC2, 0x20, 0xF4, 0x4E, 0xA4, 0x81, 0x68,
    0x03, 0x11, 0x47, 0xEA, 0x3D, 0x3C, 0xDE, 0x3A, 0xE2, 0x78, 0x0C, 0x4C, 0x88, 0x2A, 0xA1, 0x8A,
    0x05, 0xAC, 0x45, 0x45, 0xA5, 0x44, 0xAA, 0xE4, 0x89, 0xB4, 0x04, 0x6C, 0xDA, 0x1E, 0x50, 0xBF,
    0xA6, 0xF4, 0x80, 0xB3, 0x67, 0xCE, 0xD1, 0x33, 0xA5, 0xC1, 0x51, 0x50, 0x5C, 0x3A, 0x21, 0xE7,
    0x40, 0xF6, 0x81, 0x16, 0xEA, 0xC5, 0xFB, 0x9C, 0x44, 0x90, 0x76, 0x16, 0x56, 0x14, 0x16, 0x81,
    0x39, 0x1B, 0xCF, 0x8C, 0xDD, 0x85, 0x8C, 0x29, 0x4B, 0x86, 0x12, 0x16, 0x61, 0xEB, 0xA0, 0x3E,
    0x7F, 0x2B, 0x8A, 0x47, 0x13, 0xD8, 0x9D, 0xD5, 0xDE, 0x41, 0xC2, 0xED, 0xFB, 0x27, 0x4D, 0xE8,
    0x3B, 0xBB, 0xE8, 0x20, 0xEE, 0xF7, 0x4B, 0x70, 0xFF, 0xE7, 0x82, 0xFB, 0xC3, 0x88, 0x55, 0x9E,
    0x3B, 0xA7, 0xC1, 0x71, 0x16, 0x89, 0x72, 0x52, 0x7E, 0x95, 0x0C, 0xF2, 0xD7, 0x7C, 0x2A, 0x4E,
    0xB9, 0x24, 0xB8, 0x11, 0xE2, 0x5A, 0x2B, 0x1B, 0xF4, 0xE6, 0xD4, 0x99, 0x6B, 0x37, 0xD7, 0x6E,
    0x19, 0xD6, 0xEC, 0x35, 0xC9, 0xB3, 0xA2, 0x33, 0x52, 0x52, 0x82, 0x53, 0x2D, 0xEE, 0x46, 0xE3,
    0x21, 0x7F, 0xFC, 0xDF, 0x40, 0x0E, 0x81, 0x53, 0x20, 0x3D, 0x77, 0x9A, 0x5D, 0x46, 0xE4, 0x1C,
    0x3C, 0x7D, 0x71, 0x9E, 0xD0, 0x81, 0xED, 0x28, 0x54, 0x53, 0x4B, 0x76, 0x5F, 0xC6, 0x37, 0x78,
    0xE2, 0x63, 0xCF, 0x52, 0xD2, 0x86, 0x12, 0x4C, 0x28, 0xAD, 0xCF, 0x78, 0x12, 0x4A, 0x26, 0x97,
    0x83, 0x1A, 0x07, 0xE1, 0xB4, 0x17, 0x73, 0x13, 0x2A, 0x30, 0x21, 0x09, 0xA4, 0x07, 0x4C, 0x76,
    0x7C, 0xB1, 0xC6, 0x06, 0x2D, 0x93, 0x20, 0x65, 0x54, 0x32, 0xF6, 0xB6, 0xE6, 0x33, 0x4F, 0x35,
    0x27, 0xC2, 0x29, 0x48, 0x37, 0x8A, 0x42, 0xA2, 0xDA, 0x31, 0xE3, 0xDF, 0x95, 0x83, 0x5E, 0xD3,
    0x47, 0xD9, 0xCA, 0xC0, 0x9C, 0x8B, 0x88, 0xC6, 0x49, 0x18, 0x24, 0xBB, 0xB3, 0xDB, 0x35, 0x35,
    0xD9, 0xAD, 0x86, 0x7D, 0x20, 0x69, 0x24, 0xCB, 0x66, 0xFF, 0x79, 0x72, 0x9F, 0x3D, 0x70, 0x64,
    0x9F, 0xEE, 0x3A, 0x92, 0xFD, 0x91, 0xC5, 0xB8, 0x63, 0x1B, 0x00, 0x29, 0xE3, 0xD0, 0xBE, 0xFA,
    0x81, 0x34, 0x7D, 0x0F, 0xF1, 0x74, 0xCA, 0xF6, 0xA7, 0x18, 0x51, 0x2D, 0xB9, 0x1C, 0x09, 0xB0,
    0x97, 0x7E, 0xF6, 0xED, 0xE7, 0x27, 0x7A, 0x68, 0x45, 0x66, 0xBD, 0xE1, 0xE0, 0x1C, 0x1D, 0xE3,
    0x65, 0x26, 0x6D, 0x4A, 0x7E, 0xAA, 0x9B, 0x9C, 0x64, 0x93, 0x08, 0x50, 0x73, 0x01, 0x70, 0x02,
    0x79, 0x9A, 0x33, 0xAA, 0x29, 0x4D, 0x4D, 0xF6, 0x25, 0xD9, 0x65, 0x12, 0xD1, 0x1A, 0x5C, 0x55,
    0xE7, 0x2F, 0x7E, 0xA0, 0xBC, 0x12, 0x19, 0x70, 0x43, 0x12, 0x0F, 0x71, 0xE4, 0xD1, 0x46, 0x09,
    0xEE, 0x34, 0x57, 0x26, 0x43, 0xB8, 0x85, 0x21, 0x8F, 0xD7, 0xF7, 0x15, 0xE1, 0x67, 0xF2, 0xF8,
    0xCA, 0x64, 0xB8, 0x8A, 0x6E, 0xAA, 0x06, 0x98, 0x81, 0xD4, 0x01, 0xD9, 0xE4, 0x6D, 0xBE, 0x8F,
    0x8C, 0x7B, 0xCD, 0xEB, 0xE1, 0xB5, 0xF6, 0x91, 0x00, 0x7E, 0xE4, 0xD6, 0xA7, 0xE1, 0xAA, 0x97,
    0x94, 0x02, 0x25, 0xA8, 0x37, 0xD5, 0x33, 0x62, 0x87, 0x9B, 0x8F, 0xDA, 0xBE, 0xB6, 0xD5, 0xC8,
    0xBE, 0x20, 0x91, 0xD2, 0x01, 0x1C, 0xAF, 0x6C, 0x34, 0xDC, 0x7C, 0x84, 0x7B, 0x4D, 0x36, 0xA7,
    0x44, 0xC2, 0x7F, 0x72, 0x22, 0x88, 0xA8, 0x23, 0x29, 0x4B, 0x76, 0x57, 0x78, 0x52, 0xE0, 0xCE,
    0x13, 0xA1, 0x5A, 0x84, 0x8C, 0xB3, 0x13, 0x2D, 0xAD, 0x98, 0x2A, 0x0B, 0x54, 0x43, 0xE6, 0x70,
    0x1C, 0xB4, 0x88, 0x54, 0x84, 0x52, 0x5A, 0x4F, 0x24, 0xFB, 0x9B, 0xC1, 0xF3, 0xE4, 0x17, 0x28,
    0xD8, 0xAF, 0x12, 0xA3, 0x9E, 0x85, 0xCA, 0x05, 0x4E, 0x81, 0x63, 0x72, 0x72, 0x02, 0x65, 0x33,
    0xB2, 0xDB, 0x73, 0x3C, 0xE0, 0x84, 0x94, 0x5D, 0xED, 0x84, 0xD5, 0x2C, 0x2C, 0x29, 0x2C, 0x68,
    0x3C, 0x33, 0xFA, 0xD0, 0x21, 0x52, 0x05, 0xDE, 0x24, 0x9F, 0xCB, 0x59, 0xFD, 0x60, 0x3F, 0x1F,
    0x8D, 0xC2, 0xA9, 0x20, 0xF6, 0xB3, 0x11, 0x29, 0x73, 0x87, 0x7C, 0x02, 0x11, 0xC3, 0x9D, 0xD3,
    0x1B, 0x0D, 0x38, 0x2B, 0x9B, 0x93, 0xAD, 0x0D, 0x37, 0x88, 0x70, 0xBF, 0x56, 0x2E, 0xF1, 0x18,
    0xA1, 0x6D, 0x6B, 0xE3, 0x94, 0x4F, 0x1D, 0xA0, 0xDD, 0xA3, 0x0D, 0x49, 0x62, 0x62, 0xB9, 0x3D,
    0xC5, 0x02, 0x32, 0x52, 0x5B, 0x70, 0xF2, 0xB8, 0xD1, 0x68, 0x03, 0x20, 0x80, 0x43, 0xDD, 0xE5,
    0xEC, 0x6B, 0x69, 0xA6, 0x00, 0x1E, 0x93, 0xB4, 0xB7, 0x03, 0x8A, 0x1E, 0x61, 0x6E, 0x93, 0x7A,
    0xE6, 0x8C, 0xB3, 0x10, 0x5A, 0x00, 0x0C, 0xDA, 0xDD, 0x95, 0x2E, 0x5D, 0x7B, 0xBD, 0x53, 0x0B,
    0x25, 0xE7, 0xB6, 0x96, 0xD6, 0x2C, 0x00, 0xE9, 0x44, 0x79, 0x0B, 0xDC, 0x5C, 0x9A, 0xEB, 0xA5,
    0x37, 0x92, 0xD0, 0xA0, 0x72, 0x12, 0x56, 0xEE, 0x8C, 0x65, 0x60, 0x7A, 0xFA, 0x7D, 0xD0, 0x3B,
    0xDE, 0x3A, 0xB2, 0xC5, 0xA3, 0xE0, 0x8A, 0xF0, 0x13, 0x8F, 0x71, 0xCD, 0xF4, 0xBE, 0xCE, 0x2A,
    0xC6, 0x50, 0xBA, 0xC0, 0x29, 0xD0, 0x0A, 0x2B, 0x23, 0xAC, 0x7B, 0xE1, 0x6D, 0x41, 0x7C, 0x2E,
    0x50, 0x02, 0x7A, 0x4B, 0xA2, 0xDE, 0x82, 0xF9, 0x9A, 0xE8, 0xED, 0xF6, 0x7A, 0xA7, 0xF1, 0xCA,
    0xD7, 0x03, 0x35, 0x2D, 0xD0, 0x3E, 0x9B, 0x90, 0x30, 0x5B, 0xC2, 0xD9, 0xD9, 0x60, 0x0B, 0xEC,
    0x51, 0x2C, 0xDF, 0x18, 0x9F, 0xEE, 0x9E, 0x2E, 0xF4, 0xE1, 0x3C, 0x24, 0xF6, 0xE5, 0x20, 0x8B,
    0x4F, 0xA2, 0xDF, 0xE8, 0x99, 0xD1, 0x79, 0x96, 0x2F, 0xE8, 0xA9, 0x8C, 0xEE, 0x01, 0xDD, 0x44,
    0xE5, 0x11, 0x84, 0x6F, 0x84, 0xDA, 0x7C, 0x13, 0xDE, 0x6B, 0x3C, 0x7F, 0x49, 0xE7, 0xF9, 0x8C,
    0xF4, 0x14, 0x69, 0x3C, 0x9F, 0xB2, 0x87, 0x76, 0xA9, 0xD0, 0x82, 0xC3, 0x4A, 0xF3, 0x8A, 0xCC,
    0x08, 0xD4, 0x13, 0x8E, 0x1D, 0x43, 0x18, 0x02, 0x69, 0xF6, 0xEE, 0x7D, 0xAF, 0x9D, 0x5E, 0x4E,
    0xCF, 0x67, 0xD8, 0xED, 0xB4, 0x38, 0x1F, 0xBE, 0xD2, 0x01, 0xF5, 0x2B, 0xBB, 0x44, 0x46, 0x79,
    0xB1, 0xAC, 0x10, 0x51, 0x04, 0x7D, 0xC4, 0x53, 0xEE, 0xBA, 0x35, 0x36, 0x7D, 0xE2, 0xA1, 0xD8,
    0x17, 0x0B, 0x69, 0x0B, 0x92, 0xAE, 0xE0, 0x0B, 0xED, 0xD1, 0x57, 0x73, 0x41, 0x94, 0x82, 0x62,
    0x89, 0x58, 0x5E, 0x02, 0x00, 0xEE, 0x67, 0x4B, 0x32, 0x96, 0xFC, 0xC2, 0xD6, 0xA4, 0x55, 0x6F,
    0xB1, 0xFF, 0x2B, 0x7C, 0x80, 0x35, 0x64, 0xA4, 0x5D, 0x2D, 0x21, 0x87, 0x70, 0x31, 0x2E, 0x5F,
    0xC1, 0x34, 0xBB, 0xC3, 0x32, 0xA5, 0xFE, 0x62, 0xCE, 0xE4, 0x9C, 0x32, 0x8A, 0x1C, 0x7E, 0x56,
    0xB1, 0xFB, 0x45, 0x32, 0x9F, 0x8D, 0x30, 0x6D, 0x2E, 0xC5, 0xEE, 0xED, 0x76, 0x8A, 0x8C, 0x1B,
    0x42, 0xD8, 0x7E, 0x56, 0x9C, 0x13, 0xF6, 0x78, 0x99, 0xAD, 0xE0, 0xB4, 0x65, 0x7F, 0xB8, 0x7B,
    0x4F, 0x73, 0x89, 0x1B, 0x00, 0x9C, 0x20, 0x65, 0xF7, 0x2D, 0x36, 0x7F, 0x9D, 0xED, 0x3F, 0x40,
    0xD5, 0xAB, 0x78, 0xD1, 0x40, 0x41, 0x51, 0xEB, 0x14, 0x6B, 0x50, 0xE4, 0x66, 0x15, 0x67, 0x48,
    0x9B, 0xF1, 0x0A, 0x56, 0x70, 0x3A, 0x2C, 0xF3, 0xEB, 0x67, 0x9D, 0x97, 0x78, 0x24, 0x48, 0x17,
    0xB7, 0x96, 0x63, 0x4E, 0x64, 0x2F, 0xB3, 0xD5, 0x34, 0x5B, 0x76, 0x94, 0x03, 0x54, 0x03, 0x0D,
    0x2C, 0x00, 0x1F, 0x80, 0x0E, 0xCA, 0xA1, 0x18, 0x93, 0xA6, 0x1A, 0x95, 0x53, 0xAE, 0x1A, 0x6F,
    0x9E, 0xCA, 0xCA, 0x5B, 0x3D, 0x5D, 0xFC, 0xAF, 0x30, 0x75, 0xD7, 0x42, 0x83, 0xFF, 0xAC, 0x7D,
    0xCE, 0x7C, 0xC2, 0x83, 0x58, 0x61, 0x13, 0x36, 0xE0, 0x09, 0x42, 0xB8, 0xB4, 0xB6, 0xDF, 0x6E,
    0xB4, 0xB9, 0xF8, 0x1F, 0xE9, 0x52, 0x36, 0x9E, 0x19, 0xBB, 0x48, 0x5F, 0xAD, 0x67, 0x4E, 0x78,
    0x66, 0xAF, 0x8D, 0x35, 0x4D, 0xAC, 0xF1, 0x98, 0x0D, 0x80, 0xC8, 0x9C, 0x1E, 0x7F, 0xFA, 0x53,
    0x61, 0xC9, 0x25, 0xD0, 0x05, 0xDA, 0xC0, 0x06, 0x37, 0x80, 0xFB, 0xED, 0x90, 0x2D, 0xB4, 0x05,
    0xC5, 0xDA, 0x21, 0x5F, 0xEE, 0x34, 0x78, 0x1C, 0x87, 0x52, 0xF2, 0x40, 0x9B, 0x82, 0x97, 0x61,
    0xC0, 0x66, 0x0B, 0x50, 0x2D, 0x28, 0x38, 0x7B, 0x73, 0xDE, 0xAC, 0xB7, 0x0E, 0xB7, 0x9E, 0x00,
    0x8A, 0x00, 0xE5, 0x14, 0xD3, 0x43, 0xE1, 0xAA, 0xB1, 0x32, 0xA9, 0x3B, 0x7C, 0xB4, 0x78, 0xAD,
    0x56, 0x79, 0xAB, 0x1D, 0x4E, 0xF4, 0x04, 0x4D, 0xEB, 0xCD, 0x78, 0xEB, 0xD0, 0x4E, 0x00, 0x76,
    0xA7, 0xE1, 0x3E, 0x9B, 0xC9, 0x50, 0xFE, 0x82, 0xE1, 0x0E, 0x2B, 0xF7, 0xD7, 0xCB, 0x3E, 0xDF,
    0x36, 0xA3, 0xC1, 0x9B, 0x1C, 0x40, 0xF6, 0x22, 0x87, 0x37, 0x40, 0x4F, 0x00, 0x7B, 0xA8, 0xC9,
    0x43, 0x5B, 0xF6, 0x09, 0x07, 0xF6, 0x39, 0x3B, 0xF6, 0x25, 0xC1, 0x5E, 0x39, 0x0F, 0x6D, 0xC1,
    0x0F, 0x25, 0xDF, 0xBF, 0x49, 0xA6, 0x8F, 0x09, 0xF0, 0x99, 0xF3, 0xE0, 0x2C, 0xA0, 0x40, 0x22,
    0x5E, 0x48, 0xB1, 0x03, 0x2D, 0xD8, 0xB7, 0xD3, 0x9A, 0x37, 0x94, 0x52, 0xB0, 0x61, 0x9F, 0xB1,
    0x97, 0x04, 0xC6, 0x43, 0x8F, 0x1E, 0x3E, 0x7A, 0x0B, 0x71, 0x51, 0xA5, 0x70, 0x82, 0xC9, 0xA3,
    0xB4, 0x82, 0x21, 0x2E, 0x9B, 0x8A, 0x14, 0xD2, 0xFE, 0x0B, 0x70, 0xFB, 0xBE, 0x07, 0x8D, 0x36,
    0x19, 0x7B, 0x6D, 0x4A, 0x42, 0x1B, 0xE5, 0x3C, 0x44, 0xF4, 0x5F, 0x4B, 0xA5, 0x9F, 0x51, 0x9E,
    0x3D, 0x66, 0x0F, 0x2E, 0x02, 0x36, 0x1E, 0x12, 0x31, 0x49, 0x12, 0xAB, 0x26, 0x68, 0x53, 0xCD,
    0x1E, 0x05, 0x11, 0x4B, 0x89, 0xE5, 0x41, 0x8F, 0x38, 0x0B, 0x85, 0x5B, 0x51, 0x8E, 0x82, 0x75,
    0xD5, 0x62, 0x6D, 0x69, 0x6C, 0x86, 0xD5, 0x26, 0x65, 0xBF, 0x2F, 0xAA, 0x72, 0x1E, 0x6A, 0xF4,
    0xE0, 0x00, 0xFD, 0x1B, 0x76, 0xBE, 0x2D, 0xA1, 0x05, 0xB3, 0x80, 0x02, 0x69, 0xC6, 0x7C, 0x41,
    0x33, 0xDA, 0x11, 0xBB, 0x47, 0x48, 0x38, 0x84, 0x73, 0xB0, 0x74, 0x88, 0x2B, 0xD1, 0x0D, 0xB6,
    0xA0, 0xEC, 0x25, 0xDA, 0xE7, 0x27, 0x0F, 0x14, 0xB9, 0x1C, 0x9A, 0xAF, 0x3F, 0x95, 0xD1, 0x81,
    0x6A, 0x82, 0x32, 0xD0, 0xCD, 0x7E, 0xA0, 0x6A, 0x73, 0x59, 0xDB, 0x6B, 0xEF, 0xC2, 0xF1, 0x79,
    0x3F, 0xC5, 0x03, 0x58, 0x99, 0x38, 0x95, 0xB8, 0x0D, 0xC8, 0x75, 0xF9, 0x65, 0xFF, 0x45, 0xE9,
    0xD5, 0xD0, 0xF6, 0xBA, 0x21, 0x1E, 0x48, 0xDD, 0x6C, 0x94, 0x4D, 0xE8, 0xF7, 0xD2, 0xC5, 0x23,
    0x73, 0x82, 0x49, 0x7E, 0x3E, 0xF2, 0x00, 0x5E, 0x09, 0xD2, 0x2D, 0x48, 0x5F, 0xCE, 0xE3, 0x76,
    0x73, 0xE2, 0x5B, 0xCF, 0x46, 0xFF, 0x8A, 0x7E, 0xC8, 0xCF, 0x7E, 0xA8, 0x39, 0x6F, 0xE3, 0xA5,
    0x5F, 0x46, 0x2E, 0xD6, 0x3E, 0xF1, 0xDD, 0xAF, 0x46, 0x65, 0x6B, 0xE7, 0x75, 0xF1, 0x56, 0x4D,
    0xCA, 0xDE, 0x3C, 0xFD, 0xA6, 0xC7, 0xE8, 0xA2, 0x11, 0x75, 0x5F, 0xFF, 0x6E, 0xF6, 0x67, 0xB3,
    0x6C, 0xBF, 0x5B, 0xB4, 0x79, 0xFC, 0xB5, 0x89, 0x91, 0x11, 0xB8, 0x10, 0x7F, 0x2E, 0x70, 0x02,
    0x6E, 0x98, 0x80, 0x9A, 0x3D, 0x40, 0x02, 0xD0, 0x02, 0x25, 0x78, 0xE3, 0x7C, 0xDE, 0x46, 0x40,
    0xDA, 0x73, 0xB8, 0xE8, 0x31, 0xD0, 0xA4, 0x9C, 0x52, 0xBA, 0x94, 0x73, 0x41, 0xAB, 0xD8, 0xF9,
    0xAD, 0x66, 0x57, 0x7E, 0x45, 0x7A, 0x20, 0xD9, 0x79, 0x20, 0xA3, 0xB0, 0x8C, 0x73, 0xF0, 0x51,
    0xA8, 0x7B, 0xE1, 0x82, 0xE3, 0x20, 0xAD, 0x6F, 0x7B, 0x3A, 0x89, 0x27, 0x23, 0x9B, 0xC0, 0x3E,
    0xD0, 0x08, 0xB5, 0x15, 0xB6, 0x93, 0xF0, 0xC7, 0x4E, 0xF8, 0x43, 0x0A, 0xFF, 0x81, 0x8D, 0xE7,
    0xDB, 0xEC, 0x3D, 0x3B, 0x1A, 0x61, 0x6B, 0x5B, 0x4F, 0xE5, 0x84, 0xD5, 0x2C, 0x2C, 0x28, 0xCC,
    0x28, 0xB1, 0x29, 0xE9, 0x89, 0xC8, 0x36, 0x50, 0x05, 0x96, 0x81, 0x05, 0xFB, 0xF8, 0x7E, 0x1C,
    0xCA, 0x6D, 0x6F, 0x99, 0xBA, 0x75, 0x65, 0xDD, 0xAE, 0xB3, 0x49, 0x3C, 0xEC, 0xA0, 0xDF, 0xA1,
    0x83, 0xFE, 0x84, 0x8C, 0x13, 0xC4, 0x30, 0x3F, 0x0C, 0xD3, 0xC3, 0x30, 0x2F, 0x8C, 0x30, 0xDF,
    0x0A, 0xD7, 0x4F, 0x91, 0xC3, 0xA0, 0xFB, 0x33, 0xB2, 0x09, 0x14, 0x24, 0x4E, 0x88, 0x07, 0xAF,
    0x5F, 0x1E, 0x9C, 0x85, 0x6C, 0x39, 0xBE, 0x23, 0x5B, 0x8F, 0xD2, 0xAC, 0xEF, 0x30, 0xDF, 0xC3,
    0xAD, 0x47, 0x00, 0x3B, 0x35, 0x00, 0xEA, 0xF7, 0xD2, 0xD6, 0x92, 0xCB, 0xB6, 0x56, 0x90, 0xD0,
    0x5E, 0xEF, 0x81, 0xE8, 0x1B, 0xFF, 0x10, 0xB9, 0x0B, 0xAB, 0xF8, 0x3F, 0x94, 0x56, 0x1D, 0xBC,
    0x85, 0x6F, 0xAE, 0x64, 0x20, 0x16, 0xF3, 0x7A, 0x03, 0x3A, 0x74, 0x93, 0x10, 0x95, 0x15, 0xA2,
    0xB6, 0x0F, 0xB0, 0x03, 0xD4, 0x7F, 0xB0, 0xA4, 0x85, 0xFA, 0x88, 0x8A, 0x33, 0xEE, 0xBD, 0xC9,
    0xFD, 0x4B, 0xD9, 0x45, 0x07, 0x67, 0x73, 0x36, 0xDE, 0x0D, 0x19, 0x3B, 0xEF, 0xFA, 0xF4, 0x92,
    0xDD, 0xFE, 0xC8, 0xCD, 0xDB, 0x91, 0x3B, 0x3E, 0x66, 0xB4, 0x42, 0xED, 0x84, 0xED, 0x12, 0x8F,
    0x59, 0xE3, 0xF9, 0x0E, 0x7B, 0x39, 0x66, 0xF1, 0x68, 0x71, 0x6C, 0x3D, 0x5B, 0x27, 0xAC, 0x29,
    0x2C, 0x49, 0xCF, 0x4C, 0x78, 0x7C, 0xB4, 0x54, 0x60, 0x15, 0x58, 0x06, 0x66, 0x81, 0x89, 0x70,
    0x3D, 0x35, 0xDA, 0x40, 0x0A, 0x53, 0x61, 0x49, 0x76, 0x81, 0x10, 0x86, 0xD1, 0xCA, 0xD3, 0x2B,
    0x38, 0x55, 0x8E, 0xF1, 0xA6, 0x34, 0x85, 0x11, 0x9D, 0x00, 0x80, 0x1E, 0x81, 0x74, 0xB7, 0x3B,
    0x05, 0x72, 0xD2, 0x1E, 0xD0, 0xE0, 0x28, 0xA4, 0xE4, 0x29, 0xE2, 0xF2, 0x20, 0xCE, 0xBE, 0x75,
    0xEB, 0x73, 0xFE, 0xB6, 0xA0, 0x95, 0x21, 0xC9, 0xB1, 0x5A, 0x00, 0xE5, 0xEA, 0x30, 0x91, 0x50,
    0x13, 0x50, 0x05, 0x96, 0xB3, 0x1A, 0x3D, 0x97, 0x2F, 0x61, 0x88, 0x15, 0x56, 0xB3, 0x0A, 0xB9,
    0xAA, 0x59, 0x4A, 0x88, 0xA5, 0x15, 0x34, 0x39, 0x6D, 0xAC, 0x05, 0xC2, 0x66, 0x5F, 0x7B, 0x4A,
    0x0E, 0xD8, 0x7F, 0xBA, 0xB3, 0xDB, 0x3D, 0x01, 0x48, 0x77, 0x88, 0x10, 0x92, 0xF8, 0x82, 0xCB,
    0x4A, 0xEA, 0x39, 0x2E, 0x17, 0x57, 0xFC, 0x97, 0xF8, 0xB0, 0x6F, 0xE2, 0x1A, 0xEA, 0xD1, 0xF2,
    0xE9, 0x18, 0x10, 0xFE, 0xA6, 0x04, 0x21, 0x49, 0xED, 0x12, 0x0E, 0xA5, 0x1C, 0x90, 0xF5, 0x05,
    0xD7, 0x0C, 0xD4, 0xEB, 0x07, 0x2A, 0x28, 0x7A, 0x4C, 0x07, 0x2F, 0x5C, 0xC6, 0x8B, 0x5E, 0xB8,
    0x5C, 0x4B, 0x09, 0x53, 0x8B, 0x1A, 0xE9, 0x84, 0x16, 0x60, 0x9C, 0x6F, 0x48, 0x31, 0xD2, 0x8D,
    0x74, 0x69, 0xAE, 0x50, 0x4C, 0xEC, 0xFE, 0xF1, 0x09, 0x90, 0xC9, 0x65, 0x15, 0xC5, 0xAC, 0x2C,
    0x50, 0x8E, 0xBA, 0x03, 0xD4, 0x87, 0x0B, 0x80, 0x9F, 0x65, 0xE3, 0xF7, 0x41, 0x4C, 0xDC, 0xFB,
    0xD7, 0x5D, 0x23, 0x53, 0x27, 0x40, 0x5E, 0xBD, 0x66, 0x4B, 0x65, 0x51, 0x8C, 0xAA, 0x43, 0xD9,
    0x7F, 0x80, 0xAB, 0x14, 0x73, 0x13, 0x49, 0x82, 0x41, 0xBD, 0xF7, 0x8C, 0x3E, 0xDB, 0xFB, 0x9C,
    0xE6, 0x2E, 0xDF, 0x3D, 0x69, 0x4A, 0x51, 0xAF, 0x91, 0x6E, 0x47, 0x5F, 0xBB, 0xE8, 0xD5, 0xB4,
    0xF7, 0x63, 0x58, 0x68, 0xEE, 0x82, 0x27, 0x7B, 0x65, 0xCF, 0xF9, 0xF8, 0x77, 0x89, 0x3F, 0xCA,
    0x57, 0xBB, 0xE3, 0x72, 0xD7, 0x7A, 0x0A, 0x0E, 0x39, 0x3B, 0x20, 0xE3, 0x71, 0xBB, 0xA0, 0xF6,
    0x3E, 0x8F, 0x3E, 0x88, 0x2A, 0xE1, 0xE6, 0x7B, 0xF1, 0x8B, 0x33, 0x4D, 0x53, 0x53, 0x0A, 0xE7,
    0x4C, 0x12, 0x25, 0x43, 0xE8, 0x2B, 0x2F, 0x04, 0xFF, 0x86, 0x83, 0x48, 0xE8, 0xA2, 0x4E, 0x7A,
    0x82, 0x0A, 0x42, 0x8E, 0xA8, 0x83, 0x8C, 0xA4, 0x4C, 0x76, 0xCF, 0x79, 0xBB, 0x7D, 0xAB, 0xD6,
    0x8A, 0x17, 0x69, 0x1D, 0x00, 0x51, 0x77, 0x01, 0xBA, 0x50, 0xFE, 0xFF, 0x3C, 0x15, 0x8D, 0x25,
    0xF4, 0x09, 0xE9, 0xB4, 0xF7, 0xA2, 0x74, 0x41, 0x36, 0x22, 0x76, 0x9C, 0xF5, 0x87, 0x87, 0xC6,
    0xFA, 0xE8, 0xA1, 0x31, 0x0B, 0x0F, 0x26, 0xF6, 0xDC, 0x27, 0x6A, 0x8D, 0x07, 0x27, 0x01, 0x03,
    0x3A, 0x65, 0xDF, 0x12, 0x21, 0x13, 0x0E, 0xCA, 0x82, 0x66, 0x85, 0xFC, 0x4C, 0x24, 0xE2, 0x2E,
    0xBB, 0x35, 0xB1, 0x13, 0x18, 0x41, 0x18, 0x07, 0x93, 0x47, 0xE5, 0x3C, 0x4A, 0x7A, 0x64, 0x32,
    0x95, 0x4B, 0x25, 0x07, 0x18, 0x04, 0x18, 0x3D, 0x94, 0xF3, 0xA8, 0x16, 0xA4, 0xBB, 0x0E, 0x39,
    0x1B, 0x94, 0x73, 0x9C, 0xCD, 0xB0, 0xC3, 0xB6, 0x72, 0x8D, 0x7B, 0x8D, 0x7E, 0x9B, 0x9D, 0xFE,
    0x98, 0x8D, 0x7E, 0xE6, 0x8D, 0x84, 0xE6, 0xBB, 0x22, 0x20, 0xB4, 0x7D, 0x99, 0x09, 0xD7, 0x77,
    0xD8, 0xBF, 0xC3, 0x11, 0xDF, 0x08, 0x20, 0xFA, 0x0B, 0xDC, 0xFA, 0x11, 0x73, 0x72, 0xFF, 0x72,
    0xFB, 0x7A, 0xB4, 0x96, 0x31, 0xC4, 0x3B, 0xBE, 0x6E, 0x00, 0xEE, 0x4F, 0x41, 0x79, 0x7E, 0x6B,
    0xF2, 0xF3, 0x5F, 0x61, 0xC4, 0x67, 0x81, 0xEE, 0x1A, 0x8C, 0x89, 0x87, 0x48, 0x1F, 0x2B, 0x53,
    0x59, 0xF9, 0x0E, 0x35, 0x23, 0x9B, 0x30, 0xE2, 0x45, 0x88, 0xF0, 0xFC, 0x7C, 0xEB, 0xB4, 0x36,
    0xDA, 0xD4, 0x7F, 0xE0, 0x50, 0x7F, 0xE1, 0x8D, 0xEC, 0x6B, 0xFE, 0x77, 0x53, 0x2F, 0x71, 0x90,
    0xD7, 0xD3, 0x37, 0x37, 0xE0, 0xE1, 0x63, 0x0F, 0xDA, 0xFD, 0x9C, 0xB0, 0x98, 0xD7, 0xC7, 0x47,
    0x75, 0x28, 0xC3, 0xF6, 0x35, 0xCA, 0x82, 0x52, 0x50, 0x87, 0xAE, 0xCD, 0x37, 0x3D, 0x8E, 0x3F,
    0x1C, 0x56, 0xCE, 0xA3, 0x8E, 0x4F, 0x53, 0x13, 0xD6, 0x2F, 0x68, 0xA5, 0xF8, 0x8A, 0x0E, 0x90,
    0x6E, 0xC8, 0xAE, 0x47, 0x2E, 0xC8, 0x88, 0x9F, 0x08, 0x74, 0x53, 0x7A, 0x90, 0xB3, 0xC0, 0x09,
    0x0C, 0x2A, 0x72, 0x5D, 0xB5, 0xC3, 0xF9, 0x15, 0x2B, 0x73, 0xB6, 0x62, 0x75, 0xE7, 0x71, 0x78,
    0x1C, 0xAA, 0x48, 0x2B, 0x5A, 0xB7, 0xF6, 0x6E, 0xAF, 0x87, 0xF8, 0xE0, 0xA4, 0xD8, 0x79, 0x9B,
    0xA4, 0xC9, 0x5D, 0x22, 0x45, 0xDE, 0xA5, 0x8D, 0x31, 0xF5, 0xF8, 0x13, 0x6F, 0xFA, 0x53, 0x5A,
    0xA9, 0x4A, 0x07, 0x01, 0x17, 0xE0, 0xA4, 0xD9, 0x7F, 0x16, 0xA3, 0x16, 0x0F, 0x69, 0xBB, 0x2C,
    0xF6, 0x42, 0x56, 0x7B, 0x51, 0x99, 0xCC, 0x5D, 0x1B, 0x41, 0xE4, 0xE5, 0x6A, 0xB8, 0xD2, 0xCE,
    0x28, 0x17, 0x36, 0xB5, 0x69, 0xFB, 0xB6, 0x29, 0xED, 0x6B, 0x10, 0xE4, 0x3B, 0xEE, 0x6D, 0xD5,
    0xAF, 0xB3, 0xC6, 0xCA, 0x79, 0x24, 0x92, 0x1F, 0x14, 0x5B, 0x04, 0xCE, 0x43, 0x9B, 0x4B, 0xEE,
    0x74, 0xDB, 0x01, 0x4A, 0x6C, 0x04, 0x32, 0x17, 0x2C, 0xA5, 0xD8, 0x88, 0x84, 0x3D, 0xEE, 0x74,
    0xD8, 0xA1, 0x9C, 0xF2, 0x19, 0x19, 0xEB, 0x11, 0x20, 0x07, 0xD1, 0xA7, 0x93, 0x8E, 0x5F, 0x9B,
    0x53, 0xE6, 0xEB, 0xAE, 0x1F, 0x97, 0x3D, 0x42, 0x5A, 0x92, 0xD3, 0x39, 0xDC, 0x7B, 0x9F, 0xBB,
    0xC7, 0xD2, 0x4C, 0xBC, 0x46, 0x40, 0xFA, 0x93, 0xCE, 0x02, 0x76, 0xDB, 0xC7, 0x7E, 0x83, 0xA8,
    0xD5, 0x0B, 0x44, 0xD2, 0x19, 0x31, 0xB4, 0xDE, 0x18, 0x2D, 0xA5, 0x3C, 0x53, 0x71, 0x50, 0xDE,
    0x5A, 0x6F, 0x7F, 0xC1, 0x5D, 0x27, 0xE5, 0x5D, 0x6C, 0x9D, 0x37, 0x9A, 0xA0, 0x8B, 0x58, 0xCD,
    0x01, 0xA9, 0x1C, 0xB2, 0x79, 0xDF, 0x02, 0xD5, 0x4B, 0xFD, 0x52, 0xBD, 0xD4, 0x2E, 0x95, 0xA7,
    0x8F, 0x71, 0xA7, 0x4B, 0x09, 0x76, 0xD0, 0xFF, 0xBE, 0x88, 0xBE, 0x0E, 0x28, 0xE3, 0xE5, 0xB6,
    0xC7, 0x16, 0xBE, 0x43, 0x0D, 0xE3, 0x17, 0x32, 0xE5, 0xE1, 0xAB, 0x88, 0x16, 0xD5, 0x00, 0xA2,
    0xEE, 0x3C, 0xA2, 0x5C, 0x10, 0xBD, 0xA0, 0x04, 0xAD, 0x40, 0x24, 0x7B, 0xD9, 0xCA, 0x3A, 0x01,
    0x0D, 0x12, 0x01, 0x02, 0x44, 0x40, 0x24, 0x0F, 0x5E, 0xBE, 0xFB, 0x62, 0xE4, 0x79, 0x24, 0x3F,
    0xE2, 0xBB, 0x2F, 0xD5, 0xFD, 0x97, 0x1A, 0x1A, 0x6F, 0xF8, 0xC2, 0x15, 0xD9, 0xAD, 0x76, 0xD1,
    0xD0, 0x90, 0x8E, 0x89, 0xBC, 0xDE, 0x94, 0xA9, 0x1A, 0x80, 0xD4, 0x52, 0x03, 0x25, 0xFD, 0xA8,
    0x9D, 0xA7, 0x29, 0x0C, 0x8E, 0x82, 0xB2, 0x48, 0xD9, 0x78, 0x66, 0xAF, 0x95, 0xA3, 0x67, 0x78,
    0xC9, 0x4D, 0xD4, 0x94, 0xE7, 0x86, 0x92, 0xA4, 0x0B, 0x22, 0x8E, 0x80, 0xE7, 0x00, 0x84, 0xB3,
    0x7B, 0xBB, 0x03, 0xFC, 0x09, 0xA0, 0x07, 0x85, 0x8C, 0xCB, 0x82, 0x5C, 0xD2, 0x16, 0xBF, 0xE2,
    0x88, 0xA2, 0xAF, 0x4E, 0xD7, 0xF7, 0xFA, 0x7E, 0x93, 0xBE, 0x0F, 0xDF, 0x16, 0x36, 0xE5, 0xA0,
    0xC7, 0x3C, 0xE8, 0xCE, 0x41, 0x09, 0x4A, 0x52, 0x0D, 0x19, 0x27, 0x35, 0xE0, 0x36, 0x00, 0xF9,
    0xF6, 0xC2, 0x53, 0x91, 0xC7, 0xBC, 0xFE, 0x02, 0x26, 0xBB, 0xDD, 0x23, 0x89, 0x1C, 0x23, 0x52,
    0xC1, 0xD5, 0xC9, 0xF6, 0xF7, 0x28, 0x7A, 0xC8, 0x49, 0xED, 0xA9, 0x48, 0xCF, 0x3A, 0xC8, 0x56,
    0xD0, 0x79, 0x42, 0x9F, 0x7E, 0x1F, 0x24, 0xCC, 0x8C, 0xEF, 0x47, 0x66, 0x31, 0x4B, 0x0A, 0x07,
    0x84, 0x54, 0xAD, 0x24, 0x2A, 0x16, 0x5C, 0xA1, 0x98, 0xD8, 0x7F, 0xBE, 0x60, 0x3C, 0xCB, 0xCF,
    0xAC, 0xF0, 0xA3, 0x71, 0xA3, 0xFC, 0x65, 0x8D, 0x85, 0x6E, 0xBE, 0x0F, 0xC2, 0x22, 0x9F, 0x3C,
    0x6A, 0x7A, 0xA8, 0xA7, 0xBD, 0x1F, 0x2D, 0xE5, 0x0A, 0xA5, 0x3D, 0x6A, 0x86, 0x24, 0x57, 0x29,
    0xF1, 0xAD, 0x27, 0x0F, 0x65, 0xED, 0x68, 0xE2, 0xF6, 0x3F, 0xCB, 0xF8, 0x8E, 0x03, 0x92, 0xB9,
    0xB4, 0x40, 0x36, 0x56, 0xDD, 0xF7, 0x42, 0xD6, 0x87, 0x6F, 0xEF, 0x00, 0x7E, 0x2C, 0xE3, 0xB5,
    0x1A, 0x51, 0x38, 0x35, 0xA0, 0x34, 0x1A, 0xA8, 0x1B, 0x77, 0x85, 0x62, 0x5E, 0x2B, 0x71, 0xD8,
    0x88, 0x38, 0xB3, 0x07, 0x52, 0x27, 0xCC, 0x46, 0x61, 0x1E, 0x39, 0x09, 0x33, 0x0E, 0x12, 0x1B,
    0x08, 0x3D, 0x5C, 0x81, 0x46, 0x7A, 0x7D, 0x3F, 0x96, 0x8D, 0xDB, 0xFF, 0xA8, 0x7E, 0xDE, 0x01,
    0x3E, 0xC7, 0xDA, 0x90, 0x9F, 0x76, 0xF1, 0xA1, 0x39, 0x86, 0x76, 0x46, 0x0C, 0x64, 0xF4, 0xD9,
    0xA2, 0x7B, 0x48, 0x28, 0xA7, 0xDA, 0x42, 0x42, 0x3D, 0x48, 0x6F, 0xBE, 0x24, 0xB0, 0x47, 0x35,
    0x89, 0x56, 0x1C, 0xE2, 0xF2, 0x1B, 0xB4, 0x11, 0xDD, 0x72, 0x42, 0x59, 0xA8, 0x19, 0xC5, 0x22,
    0x3B, 0xDA, 0x0B, 0xE8, 0xA0, 0x46, 0x90, 0xB2, 0x53, 0x4F, 0xB2, 0x53, 0x39, 0xD9, 0x27, 0xBB,
    0x7A, 0xF2, 0x3B, 0x29, 0x75, 0xAF, 0xAC, 0xDF, 0xC9, 0x96, 0x56, 0x76, 0x8A, 0x39, 0x9B, 0x55,
    0xAF, 0x0C, 0xB2, 0x25, 0x77, 0xCA, 0xB4, 0x03, 0x32, 0x16, 0xAE, 0xB6, 0xBA, 0x47, 0xCA, 0x72,
    0xAA, 0x2C, 0x7B, 0x79, 0x55, 0x35, 0x96, 0x96, 0x9D, 0x2C, 0x7F, 0xDA, 0xF2, 0x39, 0x1B, 0x80,
    0x9F, 0xD8, 0xE2, 0x05, 0x45, 0xEB, 0x67, 0x26, 0x27, 0xA5, 0x7B, 0xF4, 0xD2, 0x2C, 0x00, 0x14,
    0xFB, 0x8C, 0x73, 0xDC, 0x49, 0xB9, 0x9F, 0xA4, 0x24, 0x61, 0xA7, 0x22, 0xC0, 0x49, 0x7A, 0x2C,
    0x3B, 0x23, 0x24, 0xEC, 0x3A, 0xE1, 0x7A, 0xED, 0x43, 0xC9, 0x29, 0x4A, 0xF1, 0x45, 0x94, 0x4B,
    0x7F, 0xC8, 0x26, 0x4E, 0xE0, 0x54, 0x8F, 0xC3, 0x4F, 0x7F, 0x4F, 0xFC, 0x06, 0x6D, 0x52, 0xA9,
    0x16, 0xAD, 0xF5, 0xF9, 0xBD, 0x57, 0xDE, 0x5B, 0xAF, 0x45, 0x3D, 0xCA, 0x72, 0xB1, 0xF3, 0xA2,
    0x95, 0x5F, 0x88, 0x2F, 0x5D, 0xF9, 0xC7, 0xA9, 0x9A, 0xC4, 0xFF, 0xC6, 0xD5, 0x23, 0x8A, 0xB9,
    0xFE, 0xA5, 0x53, 0x16, 0xF9, 0xA2, 0x3E, 0x12, 0x9F, 0xD1, 0x2F, 0x48, 0xB7, 0x46, 0x7C, 0xB7,
    0x68, 0xE9, 0x71, 0xDB, 0xD0, 0x7B, 0x50, 0x6F, 0x2F, 0x55, 0x34, 0x1B, 0x78, 0xA0, 0x0D, 0xBD,
    0x5D, 0xA0, 0xC4, 0x2B, 0x07, 0xB5, 0x44, 0x5F, 0xBB, 0xAD, 0x3B, 0x19, 0x6D, 0xEC, 0x4A, 0xE8,
    0x88, 0xC4, 0xEB, 0x5E, 0x72, 0x2F, 0xA8, 0x7B, 0x1C, 0x06, 0x4A, 0x95, 0x5D, 0x6B, 0x91, 0x53,
    0x8A, 0x28, 0x17, 0x54, 0x4E, 0xB6, 0x92, 0x50, 0x13, 0x42, 0xC7, 0x3C, 0x7B, 0xD1, 0x86, 0x1F,
    0xB2, 0x87, 0x2C, 0x42, 0x37, 0x80, 0xFA, 0x23, 0x83, 0xAC, 0xF3, 0xC1, 0x7B, 0xA7, 0x71, 0xAB,
    0x37, 0x61, 0xA8, 0xE4, 0x5B, 0xF1, 0xF0, 0xEB, 0x70, 0x03, 0xE8, 0x4F, 0x0E, 0xBE, 0x0E, 0x87,
    0x04, 0xD1, 0xFD, 0xC6, 0x03, 0x1A, 0xD4, 0xAE, 0xB5, 0x50, 0x93, 0x1A, 0xA1, 0x6C, 0x3D, 0xA1,
    0x15, 0x99, 0x39, 0x08, 0xFA, 0x7C, 0x49, 0xD8, 0x65, 0xCC, 0x88, 0x54, 0x00, 0xBE, 0xB3, 0x78,
    0x7C, 0xEC, 0x80, 0x56, 0xA0, 0x9E, 0x8D, 0x52, 0xBC, 0x95, 0x8A, 0xCC, 0xBE, 0xB6, 0x5C, 0xE0,
    0xA5, 0x10, 0x48, 0x77, 0x04, 0xE5, 0xEC, 0xD1, 0x4A, 0x06, 0x8E, 0x02, 0x23, 0xE8, 0x3C, 0x26,
    0x6C, 0x41, 0x75, 0x1F, 0x6C, 0x83, 0x24, 0x52, 0xF5, 0x0C, 0x4F, 0xCF, 0x7F, 0x86, 0xEB, 0xAD,
    0x34, 0x6E, 0xED, 0xD6, 0xC5, 0xE5, 0xD6, 0x86, 0xA2, 0xD6, 0xFF, 0xB0, 0x31, 0xE2, 0x20, 0x28,
    0x92, 0x56, 0x30, 0x6E, 0xB0, 0x77, 0x76, 0x3B, 0x69, 0x67, 0x1A, 0x85, 0x03, 0xA4, 0x37, 0x80,
    0x5A, 0x8B, 0x02, 0x87, 0xA0, 0xE5, 0xA1, 0x8C, 0x41, 0x33, 0xBD, 0xD5, 0x23, 0x91, 0xA5, 0x44,
    0x56, 0x21, 0xF2, 0x4B, 0x66, 0x51, 0x5F, 0xB7, 0x76, 0x76, 0xFB, 0xE4, 0xE4, 0xBE, 0x26, 0xED,
    0x6A, 0xAD, 0x37, 0x29, 0x38, 0xA6, 0x5D, 0xA4, 0x57, 0xB1, 0x25, 0x21, 0x7B, 0x27, 0xCD, 0x88,
    0x45, 0x4C, 0x80, 0x26, 0x47, 0x29, 0x7F, 0x35, 0x84, 0x03, 0x95, 0x6E, 0x53, 0xBD, 0x80, 0x54,
    0xA4, 0xC7, 0xDF, 0x5D, 0x0B, 0x1D, 0xE2, 0x3C, 0x4C, 0x32, 0x89, 0xC5, 0xFD, 0x5B, 0x97, 0xAF,
    0xC3, 0xE1, 0x84, 0xFF, 0xBF, 0xCE, 0x4F, 0xF8, 0xAF, 0x81, 0x0E, 0x5F, 0xB3, 0x30, 0x74, 0xA9,
    0x3A, 0xE0, 0xE1, 0x69, 0xCE, 0xB9, 0xA2, 0x53, 0x74, 0xED, 0xF2, 0xF3, 0xD6, 0xBE, 0xD2, 0xF7,
    0x7C, 0xFF, 0x0F, 0xED, 0x5B, 0x01, 0xA4, 0x25, 0x59, 0x7A, 0xFE, 0xAB, 0x6A, 0xBB, 0x2B, 0xDB,
    0x25, 0x6A, 0x91, 0xC6, 0x76, 0xE3, 0x42, 0x40, 0x07, 0x05, 0x20, 0x30, 0x55, 0xD9, 0x00, 0x82,
    0x69, 0xF4, 0xDD, 0x60, 0x31, 0x8B, 0x60, 0x35, 0x3C, 0x00, 0x1B, 0xB2, 0x55, 0x36, 0x24, 0x08,
    0xF2, 0x84, 0x80, 0x60, 0x1B, 0x0F, 0xDD, 0x77, 0xF0, 0x00, 0x60, 0x76, 0xAB, 0xB2, 0x83, 0x60,
    0x91, 0x8A, 0x58, 0x01, 0x6C, 0x6D, 0x76, 0x42, 0x74, 0x30, 0x27, 0x49, 0xB5, 0x54, 0xCF, 0x54,
    0xD5, 0x97, 0xFA, 0xFE, 0xFF, 0xDC, 0x7A, 0xF7, 0xBD, 0x79, 0x93, 0x79, 0x3B, 0x3D, 0xFD, 0xFA,
    0xF5, 0xCA, 0xE1, 0x7C, 0xDF, 0xFF, 0x6E, 0x55, 0x9D, 0x3A, 0xE7, 0x3B, 0xE7, 0x9C, 0x3A, 0xFF,
    0x5F, 0xF5, 0x84, 0xE9, 0xD6, 0x23, 0xA5, 0x74, 0x92, 0x10, 0x38, 0x4E, 0x47, 0xC9, 0x80, 0x71,
    0x21, 0x00, 0x28, 0xFB, 0x88, 0x04, 0x17, 0xA3, 0x4F, 0x80, 0x26, 0x45, 0x21, 0x98, 0x65, 0x33,
    0x8B, 0xE4, 0xA3, 0x64, 0xA3, 0x30, 0x2F, 0x96, 0x6C, 0x26, 0xC9, 0x07, 0x2D, 0x24, 0xEF, 0x17,
    0x9A, 0x2F, 0x27, 0x3B, 0x85, 0xA4, 0x17, 0xD8, 0xE5, 0xBE, 0x30, 0x2D, 0xBA, 0x97, 0x04, 0x5D,
    0x0C, 0x27, 0x7A, 0xDB, 0x46, 0x84, 0x54, 0x88, 0x56, 0x49, 0x84, 0x15, 0x6C, 0xB5, 0xCA, 0x0F,
    0x89, 0xA2, 0x97, 0x13, 0x07, 0x09, 0x9E, 0xF1, 0x1E, 0x25, 0xFA, 0xDC, 0x85, 0xC0, 0x8C, 0x36,
    0xE1, 0x95, 0xD5, 0x06, 0xA7, 0x98, 0x59, 0x3A, 0x1C, 0x8F, 0xD7, 0x4E, 0xCA, 0xC5, 0xD8, 0x63,
    0x6D, 0x3F, 0x2A, 0xDA, 0x2F, 0x76, 0xC8, 0x7E, 0xCC, 0xA6, 0x00, 0x9D, 0xA4, 0x5A, 0x8F, 0x58,
    0xAB, 0x11, 0x00, 0x13, 0x6F, 0x87, 0x6E, 0x41, 0xA1, 0x6C, 0x9A, 0x82, 0xAD, 0x52, 0x8C, 0xDC,
    0x49, 0x88, 0x3F, 0x9A, 0x73, 0x56, 0xFF, 0xDD, 0x51, 0xE9, 0xC8, 0x08, 0xCE, 0xA8, 0x51, 0x9A,
    0x45, 0xA9, 0x32, 0x2A, 0x5E, 0x99, 0xFA, 0x85, 0x54, 0xC3, 0x04, 0xAC, 0x5D, 0x91, 0xCD, 0xA2,
    0xF5, 0x1E, 0x45, 0x75, 0xEC, 0x45, 0x04, 0xA6, 0x5C, 0x86, 0x59, 0x98, 0xB6, 0x85, 0x92, 0xF0,
    0x7A, 0x23, 0xB9, 0x5B, 0xC8, 0xDD, 0x3F, 0x84, 0xA0, 0x13, 0xFC, 0xCB, 0xAC, 0xF4, 0xF1, 0xA8,
    0x84, 0xDE, 0xA8, 0x55, 0x9A, 0x44, 0xA9, 0xFD, 0xB5, 0xC8, 0x85, 0xA4, 0xBA, 0x8F, 0x49, 0x25,
    0x40, 0xCA, 0x8D, 0x52, 0x20, 0x5F, 0x28, 0xC2, 0x40, 0x92, 0xBB, 0x72, 0x96, 0x1E, 0x54, 0xC1,
    0x53, 0x6F, 0x6E, 0x5C, 0x32, 0x7A, 0x33, 0x9E, 0x72, 0xE7, 0xCD, 0x50, 0x87, 0x88, 0xA5, 0x1A,
    0xB2, 0x4F, 0xF9, 0x24, 0x9F, 0x93, 0x72, 0xCC, 0x15, 0xAF, 0x02, 0xAA, 0x1C, 0x98, 0xCE, 0x4C,
    0x34, 0x67, 0xA6, 0xF3, 0xE6, 0x27, 0xEF, 0x63, 0x08, 0x76, 0xBB, 0x53, 0xE8, 0xA8, 0x98, 0x58,
    0x8B, 0x91, 0xE6, 0x06, 0x2C, 0x69, 0xA0, 0x99, 0xD0, 0x84, 0xA3, 0x19, 0xEB, 0xF8, 0x68, 0x7C,
    0xCF, 0xAA, 0xAE, 0xDE, 0x4C, 0x21, 0x7B, 0x33, 0x1B, 0x57, 0x33, 0xEF, 0x57, 0x13, 0xDD, 0xDE,
    0x0C, 0xD9, 0x1E, 0x2B, 0x2C, 0x86, 0xD0, 0xE4, 0xD5, 0xE9, 0x6C, 0xE6, 0x66, 0xD6, 0x02, 0xB4,
    0x3A, 0xA3, 0x94, 0x8E, 0xE6, 0x8B, 0xEF, 0x60, 0x60, 0x01, 0xA6, 0x67, 0x67, 0xD3, 0x86, 0x66,
    0xB5, 0x9A, 0x93, 0xAC, 0x66, 0xE5, 0x4D, 0xD1, 0xF4, 0x4C, 0x6E, 0x3F, 0x31, 0xAB, 0x6E, 0xF2,
    0x4E, 0xB5, 0x91, 0xEC, 0x85, 0x49, 0xA3, 0x1D, 0x23, 0xAA, 0x8C, 0x44, 0x18, 0xD5, 0x72, 0xD6,
    0x56, 0xEA, 0x22, 0x4C, 0x26, 0xCB, 0x76, 0xBB, 0x2D, 0x4C, 0x15, 0x56, 0xC0, 0x44, 0xA1, 0x65,
    0xCD, 0xA0, 0x65, 0x6D, 0x63, 0x51, 0x66, 0x31, 0x9B, 0xC5, 0x73, 0xCD, 0xA2, 0xB6, 0xAB, 0x32,
    0x07, 0xC2, 0x58, 0x29, 0xD4, 0xC5, 0xB4, 0x88, 0xB1, 0x97, 0x22, 0x9D, 0xF6, 0x4A, 0xE4, 0xC3,
    0x5E, 0x88, 0xDA, 0x79, 0x1D, 0x02, 0x56, 0x57, 0x65, 0x08, 0xBD, 0x35, 0xC9, 0xDE, 0xAA, 0xCC,
    0xE2, 0x60, 0x7B, 0x78, 0xAF, 0x92, 0x1D, 0xDB, 0xEF, 0xD2, 0x21, 0x9E, 0xD4, 0x88, 0x90, 0xF5,
    0x6A, 0x70, 0xC4, 0x9B, 0x91, 0xA3, 0x32, 0x23, 0x83, 0x98, 0xC1, 0x74, 0xEF, 0xB8, 0x76, 0xB7,
    0xB6, 0xDB, 0x47, 0x82, 0xA9, 0x74, 0x5C, 0x9F, 0x62, 0xA0, 0x56, 0x23, 0x05, 0xA0, 0x46, 0x86,
    0x53, 0xB8, 0xCD, 0x62, 0xE4, 0x63, 0xC0, 0x1B, 0x96, 0x2E, 0xEF, 0x85, 0x06, 0xDA, 0xD2, 0x49,
    0xA9, 0x8D, 0xAC, 0xD5, 0x48, 0xC0, 0x62, 0xD9, 0xC4, 0xD1, 0x0C, 0x36, 0x6A, 0x5D, 0xA4, 0xF4,
    0x64, 0x1D, 0x5C, 0xBD, 0xD6, 0xB0, 0x10, 0x2D, 0x90, 0xE3, 0x22, 0xF3, 0xF7, 0x9A, 0x53, 0xDF,
    0xBA, 0x39, 0x02, 0x72, 0x35, 0x04, 0x43, 0x66, 0xC6, 0x2D, 0x3F, 0xDB, 0x75, 0xE2, 0xA0, 0x79,
    0xC3, 0xF4, 0x82, 0x9A, 0x35, 0xAC, 0xD8, 0xA5, 0x14, 0xD8, 0xF0, 0x0C, 0x8D, 0x22, 0xD5, 0xFE,
    0xD6, 0x7B, 0x28, 0xC4, 0x86, 0xA4, 0xD2, 0x64, 0xD4, 0x93, 0x12, 0x9E, 0xC1, 0xF4, 0x3B, 0x8A,
    0x21, 0x47, 0x94, 0x5E, 0x77, 0x40, 0x21, 0x0A, 0x92, 0x7C, 0x4F, 0x94, 0xC4, 0x68, 0xEB, 0xCF,
    0x2C, 0x5E, 0x07, 0xB1, 0x99, 0x24, 0x60, 0xFE, 0x3C, 0x62, 0x45, 0x2E, 0xA3, 0x20, 0x81, 0xFD,
    0xE1, 0x69, 0x36, 0x1A, 0x8C, 0x5A, 0xAE, 0xD4, 0x0F, 0xEB, 0x2E, 0x9A, 0xEB, 0x2E, 0x81, 0xE5,
    0x78, 0xB1, 0xE5, 0x64, 0xC9, 0x52, 0x77, 0xC1, 0x23, 0xFB, 0xED, 0xD5, 0xB3, 0xC8, 0x9A, 0x67,
    0xE1, 0x94, 0x4B, 0x30, 0x2D, 0x79, 0x5C, 0xB2, 0xA3, 0xEC, 0xAC, 0x51, 0xD9, 0x44, 0x10, 0x8C,
    0x22, 0xB5, 0x1A, 0x58, 0x8D, 0x62, 0x6F, 0x34, 0x7B, 0xA3, 0xF3, 0x46, 0xED, 0xBC, 0x51, 0x0E,
    0xDE, 0x78, 0x6F, 0xF4, 0xC6, 0xBB, 0xF0, 0xC6, 0x9F, 0xA3, 0x30, 0xE3, 0x87, 0x68, 0xCC, 0xA8,
    0xD0, 0x79, 0xA3, 0x74, 0xA5, 0x19, 0xF9, 0xE8, 0x8D, 0xCD, 0xE4, 0x8D, 0x04, 0xDE, 0x88, 0x50,
    0x9B, 0x11, 0x02, 0x66, 0xC8, 0x6A, 0x94, 0x7B, 0x23, 0xDF, 0x1B, 0xE9, 0xDE, 0x48, 0xD4, 0xB0,
    0xB4, 0x1A, 0x89, 0x37, 0xBE, 0x79, 0x34, 0x9B, 0x91, 0x61, 0xDC, 0x1B, 0xC3, 0xDE, 0xE8, 0x48,
    0x2A, 0xD2, 0x3E, 0x3D, 0x34, 0x8A, 0x27, 0x93, 0x29, 0x81, 0xAA, 0x44, 0x06, 0x39, 0x9E, 0x4D,
    0x23, 0x39, 0x31, 0x89, 0xC4, 0x2B, 0x14, 0x3C, 0x32, 0x81, 0x92, 0x99, 0xFA, 0x90, 0x29, 0x0F,
    0x99, 0xEA, 0x90, 0x29, 0x0E, 0x99, 0xDA, 0x90, 0x29, 0x0D, 0xD9, 0x94, 0x21, 0xE7, 0x23, 0x99,
    0xBA, 0x18, 0x27, 0x20, 0x9B, 0x2A, 0xE4, 0x10, 0x50, 0x96, 0x3D, 0x97, 0x9E, 0x73, 0xCF, 0xA9,
    0xE7, 0x84, 0x2C, 0x9A, 0x2E, 0x72, 0x6A, 0xFC, 0xB5, 0x8D, 0x71, 0x8A, 0xF1, 0x02, 0x3B, 0x2F,
    0x5E, 0x75, 0x28, 0x47, 0xEC, 0x8F, 0xCE, 0x87, 0x94, 0x4C, 0x4A, 0xC1, 0x13, 0xA2, 0xEE, 0x01,
    0x1E, 0x57, 0xB2, 0x0C, 0xE3, 0xBF, 0xC4, 0x28, 0xE9, 0x54, 0xFF, 0x02, 0x20, 0x01, 0xA8, 0x48,
    0xA7, 0x68, 0x16, 0x1A, 0x43, 0x25, 0x27, 0x68, 0xCF, 0xA8, 0xFB, 0x0A, 0x49, 0x98, 0x2E, 0xA3,
    0xAF, 0x65, 0x24, 0x6B, 0x28, 0x69, 0x38, 0x68, 0x6E, 0x82, 0x42, 0x1E, 0x14, 0xE1, 0x53, 0x91,
    0xCC, 0xA5, 0xDC, 0xEB, 0x8E, 0x65, 0xC7, 0x91, 0xA4, 0x22, 0xD8, 0x74, 0x2E, 0x47, 0xB9, 0x90,
    0x30, 0xAE, 0x18, 0x62, 0x5E, 0x27, 0xBE, 0x61, 0x32, 0xA2, 0x62, 0x39, 0x5C, 0x0D, 0x37, 0x43,
    0xDD, 0x8A, 0x64, 0x7D, 0xA9, 0xFB, 0x85, 0x5C, 0x1F, 0x28, 0x7C, 0x58, 0xA1, 0xDB, 0x8C, 0x0B,
    0x36, 0xE9, 0x28, 0xC1, 0x82, 0xFE, 0x79, 0xEF, 0x31, 0x81, 0x0A, 0x47, 0x6C, 0xD2, 0x79, 0xB7,
    0x43, 0x93, 0x8D, 0xBC, 0x24, 0x5F, 0xB0, 0x76, 0x79, 0xCF, 0x42, 0xF4, 0xB1, 0x39, 0x60, 0xC1,
    0x6C, 0xBC, 0xFD, 0x64, 0x69, 0x41, 0x34, 0x85, 0x90, 0x00, 0x7F, 0x3D, 0x8A, 0x94, 0xFA, 0x33,
    0xDA, 0x83, 0xAE, 0x94, 0xDB, 0x3B, 0x56, 0x55, 0x17, 0x01, 0xD8, 0xDD, 0x24, 0x7A, 0x79, 0x1F,
    0x85, 0x5F, 0xAE, 0xC3, 0x05, 0x82, 0x6F, 0xA3, 0x0A, 0xF4, 0xCE, 0x84, 0x9C, 0x50, 0x0E, 0x21,
    0x1F, 0x77, 0x0B, 0xA0, 0x8B, 0x68, 0xC5, 0x0B, 0x4C, 0xB5, 0x3F, 0x9A, 0x61, 0xAA, 0xAB, 0x18,
    0x2E, 0xAF, 0x74, 0x0F, 0xF8, 0x58, 0xC2, 0x93, 0xBC, 0xDB, 0x2C, 0x2A, 0x72, 0x22, 0xA3, 0x08,
    0xA8, 0x4C, 0x3D, 0xC8, 0x3E, 0xA5, 0x40, 0xB3, 0xCF, 0x31, 0x67, 0x52, 0xC9, 0x36, 0x7C, 0xF9,
    0x4C, 0xE5, 0x0F, 0xCB, 0xD4, 0xFB, 0xB7, 0x99, 0xDB, 0x0C, 0x5A, 0xBE, 0x84, 0x98, 0xD6, 0xFB,
    0x73, 0x01, 0x96, 0xBA, 0xFB, 0x6A, 0xF2, 0xBD, 0x4A, 0x9E, 0x89, 0xA4, 0x03, 0x67, 0x86, 0xDF,
    0x7B, 0xD8, 0xC6, 0xA3, 0x54, 0xB9, 0xB3, 0x59, 0xCE, 0x27, 0xFA, 0x68, 0x7B, 0x7F, 0x68, 0xED,
    0x66, 0xD6, 0xF1, 0xA3, 0x04, 0xCE, 0x7C, 0x28, 0x73, 0xA8, 0xCC, 0x39, 0x53, 0x57, 0x4B, 0x31,
    0x9D, 0xCC, 0x09, 0xBB, 0x04, 0xF5, 0xA8, 0x39, 0x65, 0xE6, 0x93, 0x6D, 0x26, 0x96, 0x60, 0xA5,
    0x99, 0x43, 0x66, 0x77, 0x11, 0x62, 0x61, 0x77, 0x37, 0x67, 0xCC, 0x7C, 0xB1, 0xF0, 0x44, 0x1E,
    0x54, 0xD1, 0x2C, 0xBC, 0xE0, 0x1F, 0x78, 0x77, 0x0C, 0x7E, 0x4E, 0xC4, 0xEB, 0x0E, 0x3D, 0x78,
    0xA6, 0x8D, 0xA2, 0xD4, 0xFA, 0x18, 0x01, 0x8A, 0x0D, 0xFE, 0x0E, 0x0D, 0x9D, 0xB3, 0x4E, 0x37,
    0x36, 0xBA, 0xDF, 0xA9, 0xF7, 0xD0, 0x2B, 0xE8, 0x6F, 0x39, 0x41, 0x4F, 0xC9, 0xC6, 0x00, 0x6D,
    0xCA, 0x35, 0x40, 0x3D, 0x32, 0x73, 0xC8, 0x32, 0x74, 0xE6, 0x8E, 0x05, 0x4F, 0xE5, 0xCE, 0x13,
    0xE1, 0x23, 0x82, 0xFE, 0xC5, 0x7F, 0xA1, 0xD8, 0xEF, 0x15, 0x62, 0x0C, 0x2A, 0x9D, 0x93, 0xC3,
    0x64, 0xFD, 0x5E, 0x2C, 0x18, 0xBD, 0x56, 0xEC, 0x17, 0x34, 0xEF, 0xCC, 0x9C, 0x33, 0xF3, 0xCD,
    0xCC, 0x35, 0x33, 0xCF, 0xCC, 0x1C, 0x33, 0xF3, 0xCB, 0xD8, 0x84, 0xC7, 0x12, 0x8F, 0x3A, 0x03,
    0xDF, 0xE5, 0x2C, 0xB5, 0x19, 0xD8, 0x88, 0xBA, 0xC8, 0x4C, 0xEA, 0xAB, 0x15, 0xEA, 0x5C, 0x7D,
    0x59, 0xA0, 0x47, 0xA6, 0xFE, 0x98, 0x7A, 0x63, 0x39, 0x41, 0x3D, 0x31, 0xF5, 0xC3, 0x0E, 0xBD,
    0xB0, 0x1C, 0xB8, 0x80, 0x96, 0xEE, 0x14, 0xDF, 0x5B, 0x30, 0x6B, 0xF5, 0xF7, 0x5F, 0x82, 0x76,
    0x43, 0xBC, 0x2D, 0xBF, 0x7B, 0xB3, 0xE5, 0x5D, 0x5C, 0xBA, 0x27, 0x3C, 0xD8, 0x1B, 0x84, 0xBB,
    0xDD, 0x89, 0x58, 0x1A, 0xE3, 0x4E, 0xC2, 0x39, 0x75, 0x06, 0x32, 0x26, 0xDD, 0x75, 0xAA, 0x1D,
    0xA1, 0x59, 0x37, 0x1B, 0xE9, 0x48, 0xCC, 0x3B, 0x62, 0x5D, 0xBC, 0xCD, 0x6A, 0xFB, 0xF0, 0x52,
    0x3E, 0x88, 0x2D, 0x77, 0xC2, 0x55, 0x2D, 0xE2, 0x9C, 0x0C, 0x9F, 0xBC, 0x69, 0xC9, 0x4B, 0xC9,
    0xE8, 0xF1, 0xFE, 0x72, 0x56, 0xDD, 0xC7, 0xB3, 0x15, 0xA2, 0x6E, 0xDE, 0x66, 0xC9, 0xC3, 0x4A,
    0xFE, 0x44, 0xA2, 0x31, 0x1E, 0x44, 0x70, 0xD4, 0x89, 0xB9, 0xAF, 0x29, 0xAB, 0x1E, 0x3C, 0x7A,
    0xD3, 0x92, 0xD7, 0xCE, 0xC7, 0xEB, 0xD6, 0x6D, 0x5F, 0x08, 0xA2, 0x94, 0xD5, 0x5B, 0xBD, 0xA6,
    0x6C, 0x57, 0x57, 0x15, 0xCD, 0xDE, 0xBD, 0x4C, 0x06, 0xE1, 0x23, 0xE9, 0x4D, 0x4B, 0xFE, 0xF8,
    0x84, 0xA3, 0x1B, 0x8D, 0x64, 0xC0, 0x40, 0x98, 0x25, 0xFB, 0xDB, 0x23, 0xC8, 0x37, 0xAC, 0xC2,
    0xE6, 0x6E, 0xA3, 0xB9, 0xBB, 0xDD, 0xA2, 0xAD, 0x81, 0x73, 0xD0, 0x0A, 0x9A, 0xB2, 0x0B, 0xE8,
    0xBB, 0x47, 0xA8, 0xB2, 0xF9, 0x3D, 0x50, 0x88, 0xC9, 0x56, 0x4E, 0xA9, 0xF5, 0xFA, 0x87, 0xE7,
    0xF6, 0x64, 0xE7, 0xD1, 0x52, 0x78, 0x7C, 0x8F, 0x47, 0x5D, 0xCE, 0xDF, 0xFB, 0x72, 0xC1, 0xC4,
    0xE5, 0xBC, 0xB4, 0xFA, 0xFA, 0x4D, 0xDD, 0x05, 0x07, 0x7C, 0x2A, 0x84, 0xC0, 0x60, 0xA0, 0x7F,
    0x5A, 0x9A, 0x62, 0x27, 0x01, 0xD2, 0xDE, 0x80, 0x7F, 0x5E, 0xD7, 0xA6, 0xF8, 0x0B, 0x75, 0x96,
    0xA4, 0x22, 0x66, 0x9D, 0x9F, 0x28, 0xAB, 0x7D, 0xBB, 0xB8, 0xB1, 0x3A, 0x03, 0xFD, 0x67, 0x75,
    0xE6, 0x90, 0x8A, 0x46, 0xEF, 0x2E, 0x9A, 0x15, 0xF6, 0x72, 0x9D, 0x3A, 0xEB, 0x26, 0xC1, 0x64,
    0xE9, 0x0F, 0x39, 0x34, 0xBE, 0x98, 0xAC, 0xDD, 0x9D, 0x76, 0x07, 0xD8, 0xB2, 0x8D, 0xE7, 0xDC,
    0x73, 0xF9, 0x29, 0x7E, 0xBE, 0x7D, 0x28, 0x82, 0x9F, 0xB2, 0x8E, 0x2B, 0x87, 0xF8, 0x96, 0x72,
    0x84, 0x50, 0x39, 0x99, 0x42, 0x3C, 0xDF, 0x55, 0x92, 0x8E, 0x21, 0x74, 0xCA, 0x0E, 0xC6, 0xB9,
    0x33, 0x2E, 0x3D, 0x2F, 0x60, 0x73, 0xD7, 0x38, 0xBA, 0xC0, 0xC9, 0xBC, 0xFD, 0xB6, 0x75, 0xA4,
    0x85, 0xD1, 0x32, 0x32, 0x40, 0xFD, 0x95, 0x4B, 0x67, 0x8C, 0xD6, 0x58, 0xE4, 0xC1, 0x6E, 0xB7,
    0xEE, 0xF6, 0x2E, 0xE1, 0x55, 0xFB, 0x67, 0x72, 0xE7, 0x44, 0x55, 0xF8, 0x27, 0x68, 0x98, 0xC0,
    0x9A, 0x17, 0x2B, 0x8F, 0x12, 0xBD, 0xB8, 0x8F, 0x61, 0x33, 0x59, 0x98, 0x2A, 0x82, 0x72, 0xA3,
    0xFC, 0xC7, 0xA8, 0x16, 0x0E, 0xA0, 0x49, 0x52, 0xCF, 0x39, 0x3E, 0x55, 0x2E, 0x87, 0xC8, 0x87,
    0x58, 0x3D, 0x77, 0xCB, 0x75, 0x64, 0xC7, 0x48, 0xD3, 0x6F, 0x49, 0xF9, 0xB2, 0xC4, 0xBC, 0x1B,
    0x59, 0x9B, 0x5F, 0x00, 0x23, 0xD5, 0x8D, 0xC8, 0xDC, 0xD6, 0xD7, 0xEC, 0x90, 0xBB, 0xF6, 0x6C,
    0xF3, 0xC9, 0x7E, 0x4B, 0xA0, 0x6E, 0x21, 0x60, 0xF7, 0x9D, 0x25, 0xC2, 0xCB, 0xE0, 0x03, 0x49,
    0xB4, 0xE4, 0x54, 0x9B, 0x65, 0x9E, 0x7C, 0x3E, 0x2A, 0x0E, 0x8A, 0x7D, 0xC4, 0x11, 0xE3, 0x2E,
    0x22, 0x95, 0x5B, 0x70, 0x08, 0xDE, 0xC7, 0x47, 0xD9, 0xC8, 0x9B, 0x6F, 0x14, 0x53, 0x70, 0xDC,
    0x26, 0x68, 0x42, 0x36, 0x70, 0x3E, 0x45, 0xE5, 0xFB, 0x26, 0x57, 0xBC, 0x0D, 0xBC, 0xB4, 0x2D,
    0x10, 0xE3, 0xC5, 0xB7, 0x8A, 0x00, 0x53, 0xEE, 0x34, 0x4E, 0x6C, 0x31, 0x62, 0x82, 0x86, 0x72,
    0xCB, 0x5E, 0xC0, 0x89, 0x51, 0xAE, 0x90, 0x9B, 0x55, 0x12, 0xF2, 0x41, 0xE0, 0xF2, 0x39, 0xB4,
    0x2B, 0xEC, 0xDA, 0x08, 0x73, 0xED, 0xE4, 0xA8, 0x5B, 0x80, 0x42, 0xB1, 0xEF, 0xA7, 0x33, 0xF8,
    0x26, 0x3B, 0x7E, 0x33, 0xD7, 0x0B, 0x50, 0x80, 0x05, 0x46, 0x56, 0xE6, 0x78, 0xF5, 0x37, 0xFB,
    0x64, 0x14, 0x89, 0x67, 0x4E, 0xEB, 0x00, 0x26, 0x36, 0x8A, 0x0B, 0xFE, 0xE6, 0xAB, 0x8B, 0x19,
    0x6C, 0xB7, 0x72, 0x5E, 0xC6, 0x03, 0x1C, 0x28, 0x69, 0x36, 0x12, 0x37, 0x13, 0x31, 0x05, 0x31,
    0x41, 0xA7, 0x62, 0x02, 0x9F, 0x2F, 0xA6, 0x05, 0x29, 0xE6, 0x00, 0x85, 0xE0, 0x67, 0xF4, 0x55,
    0x59, 0xC7, 0x0D, 0x3A, 0xF1, 0x35, 0x12, 0xAF, 0xB7, 0x78, 0xBD, 0xCB, 0xBD, 0xDE, 0xA7, 0x5E,
    0x6F, 0xF3, 0x37, 0x0F, 0xA5, 0xF6, 0x50, 0x7A, 0x28, 0xF5, 0x14, 0x3B, 0x39, 0xC3, 0xC7, 0xAB,
    0xE8, 0xA8, 0x9D, 0x60, 0x58, 0xE0, 0x56, 0xA1, 0xDB, 0x59, 0x05, 0xB4, 0x59, 0x15, 0xA3, 0xC9,
    0x58, 0x4D, 0x82, 0x3E, 0x6A, 0x59, 0xDF, 0xEA, 0x2A, 0xCE, 0x9C, 0x26, 0x4E, 0xF2, 0x61, 0x81,
    0xDA, 0xA1, 0x09, 0xD0, 0xD2, 0xBF, 0xAD, 0xD0, 0xA4, 0x10, 0x73, 0x90, 0x1B, 0xDE, 0xF6, 0xEF,
    0xD1, 0x0A, 0x3E, 0xA4, 0x2A, 0xFF, 0x08, 0xD1, 0xD7, 0x73, 0x02, 0x4C, 0x04, 0x10, 0x78, 0xE0,
    0x13, 0x34, 0xBA, 0x2D, 0xE0, 0x73, 0x7B, 0xB0, 0x6B, 0x7D, 0x29, 0x09, 0x0A, 0xCE, 0xC5, 0x86,
    0x27, 0x74, 0xBC, 0x51, 0xCF, 0x5B, 0x8E, 0x8C, 0x73, 0x88, 0x30, 0xD2, 0xC1, 0x15, 0x9F, 0xF5,
    0x8A, 0x01, 0x5D, 0x99, 0xB4, 0x3B, 0x31, 0x10, 0xD7, 0xDD, 0x8A, 0x36, 0xF8, 0x4A, 0x78, 0xF7,
    0x21, 0x11, 0x9D, 0xCD, 0xE5, 0x05, 0x53, 0xF0, 0xF7, 0x7C, 0x24, 0xC2, 0x2D, 0xF8, 0xAF, 0x68,
    0x16, 0xFC, 0x0F, 0xC8, 0x82, 0x1F, 0x4F, 0x44, 0xCC, 0x8A, 0x28, 0x88, 0x7A, 0x74, 0xD0, 0x33,
    0x5D, 0x3E, 0xF0, 0xAA, 0xCD, 0x44, 0x4C, 0x20, 0x6B, 0x99, 0x56, 0xBE, 0xD4, 0xFD, 0x4D, 0x8D,
    0x8D, 0x24, 0x5A, 0xB3, 0x94, 0xA6, 0xE4, 0xD5, 0x01, 0xFE, 0x5C, 0x71, 0x26, 0x6E, 0x14, 0xC3,
    0x97, 0xAF, 0x3F, 0x44, 0x12, 0xE8, 0xCA, 0xCC, 0x2A, 0x25, 0x8E, 0xD5, 0xEA, 0x08, 0x2F, 0x8A,
    0x05, 0xB4, 0xDF, 0x09, 0xF2, 0x13, 0x3A, 0x10, 0xFA, 0xF0, 0x8B, 0x01, 0x77, 0x88, 0x37, 0x3C,
    0x0C, 0x15, 0x1F, 0x48, 0x9D, 0x35, 0x9F, 0x91, 0x1A, 0x7A, 0x14, 0xAB, 0xD4, 0xBB, 0xDD, 0x53,
    0x56, 0x7C, 0x3C, 0x04, 0x91, 0x37, 0xDD, 0x07, 0x91, 0xEF, 0x03, 0x5D, 0xE0, 0xAA, 0x8B, 0x0B,
    0x5C, 0x7A, 0xB8, 0xC0, 0x59, 0xDA, 0x00, 0x68, 0x2F, 0xC0, 0x9D, 0xDD, 0x29, 0x0A, 0xFF, 0x16,
    0x1C, 0xBD, 0x2F, 0x34, 0xC5, 0x7E, 0x71, 0xAE, 0xF1, 0x84, 0x30, 0xFB, 0x49, 0xF6, 0x18, 0x5A,
    0x2D, 0x38, 0x5D, 0xB0, 0x2F, 0xC0, 0xEF, 0xF3, 0x80, 0xBE, 0x50, 0x25, 0xD8, 0x5B, 0xBA, 0xFB,
    0x40, 0x77, 0x61, 0x15, 0x96, 0xCF, 0xAE, 0xC2, 0x95, 0x68, 0xBA, 0xC5, 0xB7, 0xC3, 0x19, 0x6B,
    0x75, 0x06, 0xF7, 0x76, 0xA7, 0xE7, 0x6B, 0x84, 0xCE, 0xEF, 0xDD, 0xD2, 0x79, 0x0D, 0x15, 0xA0,
    0x23, 0x4C, 0x04, 0xC6, 0xD4, 0x6B, 0x5E, 0x11, 0x42, 0x57, 0x5C, 0xAD, 0xE9, 0x79, 0x28, 0xDD,
    0x37, 0x44, 0xE0, 0xDE, 0x39, 0x4E, 0xD0, 0xEE, 0x6B, 0x0A, 0xC9, 0xD7, 0x55, 0xF8, 0xD2, 0x68,
    0x2E, 0x5E, 0x43, 0x34, 0xD7, 0xB2, 0x36, 0xE9, 0x5B, 0x68, 0x85, 0x02, 0xDB, 0x63, 0xCC, 0x82,
    0xC7, 0xFF, 0xFF, 0xFD, 0x81, 0x99, 0xAA, 0x83, 0x26, 0x1E, 0x5F, 0x2D, 0x34, 0xAB, 0xE5, 0x68,
    0xFC, 0x66, 0x7D, 0x6B, 0x20, 0x96, 0x6A, 0x77, 0x75, 0xE3, 0xED, 0xFD, 0xD6, 0x80, 0xE9, 0xF1,
    0x13, 0x22, 0xBA, 0x35, 0x36, 0x62, 0x2F, 0xD0, 0x32, 0x67, 0xAB, 0xF3, 0xDB, 0xB0, 0xD1, 0x14,
    0xB9, 0xB3, 0x13, 0x3E, 0x90, 0xF6, 0x6B, 0xA2, 0xAE, 0xD2, 0xB3, 0x3D, 0x6F, 0x6E, 0xD4, 0x46,
    0xD3, 0x46, 0xAD, 0x5C, 0x91, 0xB7, 0x85, 0x31, 0x9A, 0xCF, 0xF0, 0xF3, 0x5D, 0xAD, 0x0C, 0xE0,
    0xF3, 0xD9, 0xCE, 0xFF, 0x22, 0xEE, 0x03, 0xE3, 0x31, 0x42, 0x65, 0x01, 0x28, 0xF0, 0xBE, 0x6C,
    0xA1, 0xD8, 0x47, 0x75, 0x23, 0xD9, 0x56, 0x7B, 0x39, 0xF0, 0xE1, 0xC0, 0x21, 0x8C, 0x04, 0x93,
    0x80, 0xEB, 0xBF, 0xAE, 0x19, 0x98, 0x63, 0xB4, 0xBA, 0xD8, 0x80, 0x03, 0x15, 0x9D, 0x94, 0x0E,
    0x2D, 0xA1, 0x31, 0xA8, 0x09, 0xE8, 0x08, 0x2D, 0x9A, 0x90, 0xB7, 0x8E, 0xCE, 0x36, 0xD1, 0xF3,
    0x02, 0xBC, 0xDD, 0xCF, 0x58, 0x32, 0xD0, 0x10, 0x64, 0x81, 0x81, 0x50, 0x2D, 0x60, 0xBD, 0x7B,
    0x35, 0x90, 0x7B, 0x4F, 0x89, 0x29, 0x64, 0x1D, 0xDB, 0x52, 0xB7, 0xC4, 0x8D, 0x23, 0x46, 0x83,
    0x9C, 0x4B, 0xF6, 0x09, 0x80, 0x7D, 0x00, 0x00, 0x18, 0x16, 0x8A, 0x8D, 0x62, 0x47, 0xAC, 0x1D,
    0xB1, 0x1C, 0x88, 0xFA, 0xCA, 0xDF, 0x5E, 0xF8, 0xDB, 0xEB, 0x7E, 0x7B, 0xD9, 0x6F, 0xAF, 0xFA,
    0xED, 0x45, 0xBF, 0xBD, 0xE6, 0xE7, 0x90, 0x26, 0x26, 0x20, 0x46, 0xE0, 0xD1, 0x10, 0x58, 0x50,
    0x0C, 0x4B, 0xC5, 0x5C, 0x31, 0x25, 0xEA, 0x5C, 0xDA, 0x1D, 0xFB, 0xC5, 0xC5, 0x56, 0xF4, 0x58,
    0x1B, 0x62, 0x2F, 0x1C, 0x9B, 0x83, 0x97, 0xF0, 0xFA, 0x0A, 0x5E, 0x5F, 0xC0, 0xEB, 0xEB, 0x77,
    0x7D, 0xF9, 0xAE, 0xAF, 0xDE, 0xF5, 0x8D, 0xBB, 0x41, 0xF7, 0xA5, 0x40, 0x24, 0x40, 0xA7, 0x77,
    0x2E, 0xA8, 0xDA, 0xA0, 0xA2, 0x56, 0xC4, 0xFB, 0xC7, 0xC4, 0x9A, 0xBF, 0x04, 0xD0, 0x17, 0x05,
    0xEE, 0x9D, 0x15, 0x83, 0x97, 0xE6, 0x96, 0x8C, 0xB4, 0x3F, 0x1B, 0xBE, 0x9A, 0x2E, 0x09, 0x5F,
    0xB9, 0x35, 0x7C, 0xD5, 0x65, 0xEC, 0xEC, 0x36, 0xDD, 0x87, 0xAF, 0x42, 0x3C, 0x3F, 0x9D, 0x7D,
    0xE0, 0x2A, 0x26, 0x16, 0x09, 0xB1, 0x49, 0x15, 0x37, 0x6B, 0xE0, 0x0A, 0x97, 0x04, 0xAE, 0xC4,
    0x92, 0xAE, 0x3F, 0x68, 0xFD, 0x9A, 0x10, 0x3C, 0xB4, 0x88, 0xAF, 0x39, 0x77, 0xE6, 0xE6, 0xE5,
    0x49, 0xBB, 0x40, 0x4C, 0x78, 0x8F, 0xD5, 0xD2, 0xAD, 0xF6, 0x2C, 0xD7, 0x1B, 0x34, 0x7C, 0xF0,
    0xF4, 0xF0, 0x71, 0xA2, 0xFB, 0x84, 0xC3, 0x4F, 0x5C, 0xD2, 0xC1, 0x38, 0x6B, 0xE5, 0x37, 0x31,
    0xB8, 0x25, 0xE1, 0xAE, 0xB0, 0x76, 0xE2, 0xA0, 0xD7, 0x6C, 0x4D, 0x35, 0x39, 0xEC, 0x70, 0x34,
    0xCA, 0xDB, 0x15, 0xEC, 0xB2, 0x6E, 0x2D, 0x7B, 0x22, 0xDA, 0xB5, 0x43, 0xD3, 0x91, 0xB8, 0x39,
    0xD7, 0x99, 0x71, 0xC1, 0x86, 0xFC, 0xA8, 0x13, 0xDD, 0x82, 0x9B, 0xC6, 0xAB, 0xCB, 0x76, 0x5F,
    0x5D, 0xB6, 0x58, 0x5D, 0xB6, 0x14, 0x74, 0xD9, 0x32, 0xD0, 0x59, 0x2B, 0x7F, 0x44, 0x04, 0x5D,
    0xB6, 0x70, 0xA2, 0x9B, 0x16, 0x0F, 0xC4, 0xD4, 0x11, 0xB3, 0x96, 0x58, 0x56, 0x74, 0xD9, 0x40,
    0x97, 0x6D, 0x9E, 0xE8, 0xB2, 0x61, 0x50, 0x97, 0xCD, 0x5D, 0xEA, 0xB2, 0x85, 0xD0, 0x96, 0xCC,
    0xAC, 0x42, 0xE0, 0xD6, 0xAF, 0xB8, 0x75, 0x41, 0x5D, 0x67, 0x53, 0x47, 0xCD, 0x0B, 0x06, 0xA3,
    0xCD, 0x41, 0xF2, 0x29, 0x7C, 0xF6, 0xDB, 0x22, 0xA5, 0xAF, 0x76, 0x91, 0x12, 0x36, 0x5C, 0x8F,
    0xF2, 0x91, 0x9B, 0x7E, 0x97, 0xB2, 0xE7, 0x73, 0x06, 0xD1, 0xEA, 0xD2, 0xD5, 0xDD, 0x9C, 0xBB,
    0xFA, 0x57, 0xE3, 0x02, 0x9F, 0xF6, 0xB9, 0x2B, 0xD1, 0xF1, 0x58, 0xC3, 0x2D, 0xD3, 0x1F, 0xA0,
    0xE5, 0xB5, 0x4D, 0xB2, 0x80, 0xCD, 0xBA, 0x94, 0x83, 0x3B, 0x6A, 0x1E, 0xAD, 0xF7, 0x79, 0xF0,
    0x84, 0x4A, 0x6E, 0x28, 0x2B, 0xFE, 0x4A, 0x37, 0xBC, 0x3F, 0x9D, 0xB5, 0x2A, 0x35, 0x25, 0x76,
    0x59, 0x75, 0xA3, 0x3F, 0xE0, 0xD9, 0xFD, 0xF0, 0x99, 0x48, 0xF9, 0xCF, 0x58, 0x6C, 0xC7, 0xD5,
    0x7E, 0xC8, 0x1B, 0x09, 0x47, 0xEA, 0xF8, 0x93, 0xE8, 0x5A, 0xDF, 0x55, 0x64, 0x1D, 0x05, 0x31,
    0x11, 0xA0, 0xCD, 0xB7, 0xEF, 0xBE, 0x9B, 0x84, 0xB5, 0x95, 0xC8, 0xDD, 0x68, 0x19, 0xE5, 0x36,
    0xF7, 0x80, 0x39, 0x6B, 0xEC, 0xBF, 0x15, 0x18, 0xE9, 0xB7, 0x4F, 0x12, 0x77, 0xF2, 0x67, 0xD7,
    0x27, 0x23, 0x7B, 0x93, 0x9D, 0xC9, 0xBE, 0x64, 0x57, 0xB2, 0x27, 0x0F, 0x3A, 0x52, 0x52, 0xBF,
    0x1D, 0x5F, 0xF3, 0xB4, 0xDD, 0x72, 0xFE, 0x9F, 0xCB, 0xF3, 0xEE, 0x69, 0x0A, 0x8C, 0x87, 0xD9,
    0x8E, 0x5D, 0xC8, 0x93, 0x96, 0x87, 0xC3, 0xBC, 0xFB, 0x8B, 0x83, 0xD1, 0x54, 0x5C, 0x3E, 0x9A,
    0x42, 0x0B, 0x99, 0x74, 0x26, 0x92, 0x4E, 0xAC, 0xCD, 0x1C, 0xEB, 0xC6, 0x5B, 0xDD, 0xB0, 0xBA,
    0x29, 0x5F, 0x6C, 0x6B, 0x7B, 0x45, 0x59, 0xAF, 0xA0, 0xFE, 0xA3, 0x02, 0xC5, 0xD7, 0x65, 0xBC,
    0x48, 0xF1, 0xBC, 0x2E, 0x2C, 0x64, 0x42, 0xF0, 0xAF, 0x58, 0xB7, 0x4B, 0x3E, 0x3A, 0x96, 0xC8,
    0xE6, 0x6A, 0x91, 0xD3, 0xB9, 0x2B, 0xD2, 0xF6, 0x07, 0x12, 0xAF, 0x4B, 0x1C, 0x80, 0x0E, 0x80,
    0xDB, 0x67, 0x3E, 0x90, 0x38, 0x54, 0x0E, 0x33, 0x1F, 0x3E, 0xEC, 0xFD, 0xC3, 0x6C, 0xC7, 0x2E,
    0x64, 0xED, 0x72, 0xB8, 0xC3, 0x7C, 0x95, 0xD1, 0x70, 0x0D, 0x32, 0x3C, 0xF8, 0x9B, 0x9D, 0xE4,
    0xFF, 0x89, 0x22, 0xED, 0xEB, 0x26, 0x1A, 0xB3, 0x4E, 0xE6, 0xC4, 0x49, 0x1E, 0x0E, 0xB2, 0x4F,
    0xC0, 0xB8, 0xE6, 0x12, 0xBD, 0x6E, 0xEC, 0xA2, 0x57, 0xC8, 0x19, 0xBA, 0xC3, 0x32, 0x0F, 0x46,
    0x63, 0x71, 0x71, 0x34, 0xEA, 0x43, 0x29, 0x99, 0xBF, 0x9A, 0x5C, 0x73, 0x9B, 0xCA, 0xC7, 0x10,
    0xA4, 0x04, 0x0A, 0x48, 0xD6, 0x8C, 0x92, 0x36, 0x07, 0x1F, 0x25, 0xAD, 0x79, 0x83, 0xC9, 0x36,
    0x34, 0xAF, 0x90, 0x13, 0x0C, 0x87, 0x65, 0x7E, 0xEE, 0x70, 0xFB, 0xAA, 0xE3, 0x45, 0xC1, 0x8E,
    0x3B, 0x0C, 0xD1, 0x0F, 0x2D, 0xA5, 0xFC, 0x70, 0x56, 0x07, 0x02, 0xEA, 0x5D, 0xE6, 0x8D, 0x48,
    0x30, 0xA4, 0xED, 0x5B, 0xF0, 0xF5, 0xDF, 0xE3, 0x65, 0x54, 0xDA, 0xE7, 0x76, 0x1C, 0x97, 0x12,
    0x8F, 0x59, 0x2B, 0x3A, 0x32, 0x39, 0x34, 0xAF, 0xEF, 0xEB, 0x3F, 0x91, 0xFB, 0xFF, 0x4E, 0xF4,
    0xBB, 0x45, 0x8B, 0x43, 0xC2, 0xF1, 0xC1, 0x1D, 0xB1, 0x8D, 0x55, 0x30, 0xBC, 0x05, 0x62, 0x4A,
    0x38, 0x8B, 0x6F, 0x14, 0x0F, 0x69, 0x1B, 0xA3, 0x41, 0x6A, 0x3E, 0x2F, 0xF3, 0xEB, 0x13, 0x53,
    0xD7, 0xFD, 0xFA, 0xFF, 0x5E, 0xF7, 0x99, 0x72, 0xCC, 0xC5, 0x02, 0x18, 0x08, 0x50, 0xA8, 0x72,
    0xF7, 0x1D, 0x2E, 0x78, 0x01, 0xB7, 0x65, 0xAC, 0x90, 0x07, 0xFE, 0x19, 0xF0, 0xC0, 0x7D, 0x54,
    0xFB, 0x93, 0x47, 0x42, 0x47, 0xD0, 0x7A, 0x0D, 0x0B, 0x68, 0x70, 0x2E, 0xC5, 0x02, 0xFA, 0x39,
    0x4E, 0xC8, 0x2B, 0x04, 0xAC, 0x78, 0xDD, 0xB3, 0xF6, 0xA3, 0x86, 0xE4, 0x1E, 0x2F, 0x2B, 0x51,
    0xFE, 0x2B, 0x70, 0xBA, 0x54, 0xF1, 0x98, 0x37, 0xC1, 0x94, 0x3A, 0x29, 0xC3, 0x5E, 0x44, 0xEB,
    0xFF, 0x2C, 0x9C, 0x93, 0x39, 0x44, 0x3E, 0x85, 0xA8, 0x97, 0x8C, 0x31, 0xC4, 0xFC, 0x28, 0x44,
    0xA7, 0x2E, 0x43, 0x88, 0xEA, 0xCA, 0xD9, 0x16, 0xFE, 0x92, 0xFB, 0xD5, 0x75, 0xE1, 0x8F, 0x7B,
    0x59, 0xA0, 0x93, 0x1F, 0xDF, 0x00, 0x1D, 0xE4, 0x88, 0x1F, 0x33, 0xCE, 0x92, 0x5A, 0x44, 0xA8,
    0xC9, 0xAB, 0xB4, 0x7B, 0x47, 0xA2, 0x4E, 0x83, 0xEF, 0xC5, 0x9D, 0xE3, 0xAC, 0xAB, 0xBB, 0xEC,
    0xBF, 0xD1, 0x66, 0x9F, 0xA2, 0xE5, 0xF1, 0x0C, 0xFF, 0xA6, 0xFF, 0x1E, 0xA8, 0x43, 0x7A, 0xB8,
    0x7A, 0xBE, 0x73, 0xB2, 0xAB, 0xD6, 0xEF, 0xD9, 0x67, 0x0D, 0xE1, 0x21, 0x19, 0x74, 0x6F, 0xAC,
    0xDB, 0xF4, 0xE6, 0x07, 0x37, 0xFF, 0xD3, 0x5A, 0x8E, 0xEA, 0xA7, 0x22, 0xF5, 0x87, 0x10, 0x7D,
    0x8A, 0xDA, 0xC7, 0x48, 0xD1, 0xB8, 0xE9, 0x44, 0x7E, 0x1C, 0xBB, 0xEB, 0xFC, 0xD8, 0xF3, 0xF4,
    0x78, 0xFD, 0xE6, 0x30, 0x03, 0xA8, 0x97, 0xAE, 0x5A, 0xB5, 0x6C, 0x1A, 0x91, 0x0F, 0x24, 0x6D,
    0x6E, 0xBE, 0x98, 0xEB, 0xD4, 0x68, 0x38, 0x35, 0x9C, 0x9F, 0x1A, 0x2E, 0x58, 0xAE, 0x6F, 0xE5,
    0x83, 0xEB, 0x14, 0x53, 0xCE, 0xF6, 0x5D, 0x5A, 0xE7, 0xD9, 0x56, 0xD5, 0x7C, 0xBA, 0xBD, 0xC0,
    0xD9, 0xF6, 0x4A, 0xC1, 0x14, 0xAF, 0xFC, 0x3F, 0x6E, 0x44, 0xA0, 0xE9, 0x83, 0x1A, 0xA3, 0x85,
    0x94, 0x68, 0xFA, 0x90, 0x18, 0xF5, 0xF8, 0x2E, 0xA1, 0x2E, 0xD2, 0x05, 0x80, 0x89, 0x30, 0x12,
    0x3A, 0x7A, 0x33, 0x85, 0xB6, 0xD0, 0xA7, 0x74, 0x24, 0x0C, 0x16, 0x03, 0xF4, 0xB1, 0x14, 0x3E,
    0xC4, 0xAD, 0x92, 0xF7, 0x4E, 0x24, 0x06, 0xBA, 0x8D, 0x05, 0xCE, 0xBB, 0xD2, 0xDD, 0x6F, 0xE8,
    0xC4, 0xD4, 0xBD, 0x7D, 0x9F, 0x99, 0x63, 0xD0, 0x29, 0x1C, 0xB0, 0xE4, 0xFB, 0x70, 0x76, 0x24,
    0xEB, 0xBF, 0xBB, 0xE4, 0xFA, 0x39, 0x1C, 0xEF, 0x58, 0xEB, 0xF4, 0x9D, 0xBD, 0xF8, 0xBE, 0x45,
    0x79, 0x67, 0x77, 0x29, 0x39, 0x7A, 0x6C, 0xE9, 0xA6, 0x52, 0xC3, 0x05, 0x78, 0xF0, 0x3E, 0x76,
    0x27, 0x6C, 0x89, 0xBC, 0x36, 0x38, 0x4C, 0x01, 0x2A, 0xC2, 0xFE, 0x69, 0x16, 0x8D, 0x84, 0xDE,
    0x22, 0x64, 0x96, 0xCA, 0x25, 0xC3, 0x72, 0x88, 0x6D, 0x91, 0x5A, 0xE7, 0xB2, 0x97, 0xDB, 0xDF,
    0xC3, 0xAE, 0xBA, 0xDA, 0xFE, 0xB4, 0xD2, 0xC7, 0xBC, 0x6A, 0xC6, 0x9C, 0xA1, 0x5D, 0x43, 0xC8,
    0xE9, 0x68, 0x9D, 0x91, 0xB2, 0x6B, 0x3B, 0x0B, 0x6B, 0xAE, 0xA3, 0xA5, 0xB6, 0xEE, 0x9B, 0x2D,
    0xAA, 0xA9, 0x83, 0x2A, 0xFB, 0x28, 0x40, 0xF7, 0xF5, 0xC3, 0xA1, 0x42, 0x2B, 0x40, 0x6B, 0x21,
    0xBB, 0x04, 0x58, 0xDF, 0x14, 0x33, 0x72, 0xFB, 0x3F, 0x68, 0xE5, 0xFB, 0x52, 0x9F, 0x6D, 0xDB,
    0x87, 0x43, 0xB0, 0xDF, 0x6A, 0x2D, 0xA0, 0xB3, 0x57, 0xBB, 0x41, 0x8D, 0x42, 0x8E, 0x30, 0x71,
    0x68, 0x3A, 0xDD, 0xD3, 0xEA, 0x90, 0x95, 0x92, 0x73, 0xE8, 0xFB, 0xF6, 0xBA, 0xE4, 0x58, 0xC7,
    0x54, 0x6E, 0xC3, 0xA4, 0x4F, 0x3F, 0xA9, 0xC7, 0x5B, 0x87, 0xFE, 0x19, 0x8B, 0x0E, 0xE0, 0xE4,
    0x08, 0x6D, 0x60, 0x1B, 0x08, 0x27, 0xF3, 0xD1, 0x28, 0x0F, 0xD3, 0xC9, 0x42, 0x8A, 0xD1, 0x6C,
    0x9C, 0x2C, 0x99, 0x9E, 0x70, 0x3D, 0x72, 0x28, 0xD1, 0xF7, 0x2E, 0x31, 0xF3, 0x76, 0x7A, 0xB7,
    0x3F, 0x65, 0xAF, 0x9C, 0xC8, 0xBD, 0x2A, 0x84, 0xA0, 0x92, 0xDA, 0xFE, 0x5F, 0x83, 0xB7, 0x80,
    0xF3, 0x2F, 0x8B, 0xD7, 0xC4, 0x96, 0xCF, 0x57, 0x86, 0xE7, 0xBB, 0xD3, 0x19, 0x00, 0x2E, 0x02,
    0x8F, 0xFE, 0x7A, 0xF0, 0x05, 0x5F, 0xA5, 0xD4, 0x5F, 0xF2, 0xAB, 0x94, 0x07, 0x85, 0xEE, 0x69,
    0x28, 0xCD, 0xC7, 0x80, 0x58, 0xF7, 0x8B, 0x46, 0xB5, 0xA5, 0x1E, 0x43, 0x22, 0x1F, 0xCF, 0x7B,
    0xEC, 0x5E, 0x11, 0xFF, 0x17, 0x9D, 0x94, 0x01, 0x84, 0x25, 0xC9, 0xFD, 0xC7, 0x3F, 0xFD, 0xFA,
    0x66, 0xFA, 0xFF, 0x9F, 0x76, 0xA9, 0x90, 0xB7, 0x12, 0x87, 0xED, 0xC3, 0x61, 0x2D, 0x9B, 0x86,
    0x40, 0xD8, 0x79, 0x55, 0x6B, 0x2D, 0x08, 0xF6, 0x21, 0x83, 0x04, 0xB2, 0x04, 0x98, 0x60, 0x0F,
    0xC1, 0xE2, 0xCD, 0x74, 0x73, 0x04, 0x81, 0x7D, 0x84, 0x00, 0x18, 0xB2, 0xD8, 0x7B, 0xB0, 0x87,
    0xC1, 0x62, 0x66, 0xAA, 0x92, 0x0B, 0x91, 0x40, 0x5A, 0x12, 0x04, 0x48, 0x03, 0x91, 0xC0, 0xD6,
    0x25, 0xBD, 0xD2, 0x93, 0xEB, 0xEE, 0x5F, 0xBA, 0xF6, 0xBD, 0x99, 0x9B, 0xB5, 0x77, 0x4E, 0xF2,
    0xF9, 0xFE, 0xAA, 0xEA, 0x55, 0xFB, 0x96, 0xAE, 0xEA, 0x5F, 0xFD, 0xDE, 0xEA, 0x08, 0xDD, 0xA2,
    0x7A, 0x62, 0x31, 0x58, 0x47, 0x56, 0xB3, 0x7F, 0x84, 0xD4, 0xB1, 0x94, 0x69, 0x4F, 0xEE, 0xD1,
    0x25, 0xAC, 0x96, 0x44, 0xE2, 0x49, 0xA4, 0x43, 0x7D, 0x2A, 0xE8, 0xCA, 0x3A, 0x1B, 0x9C, 0x30,
    0x8F, 0x87, 0xA8, 0x51, 0xF2, 0xA9, 0xCF, 0x45, 0xBC, 0xFE, 0x8E, 0xB8, 0x19, 0x67, 0xEC, 0xAF,
    0x3E, 0xB4, 0x32, 0xAC, 0x03, 0x40, 0x44, 0xFC, 0x45, 0xDB, 0x5F, 0xAD, 0x96, 0x33, 0xE2, 0x5A,
    0x1B, 0x55, 0xE7, 0x22, 0x95, 0x12, 0x29, 0xE3, 0x60, 0x7B, 0x58, 0xB3, 0x45, 0x51, 0x89, 0x17,
    0x5F, 0x54, 0xEF, 0x18, 0xA0, 0xA0, 0x97, 0x0F, 0x44, 0x3E, 0x16, 0x7B, 0x67, 0x78, 0x8B, 0xAF,
    0x3E, 0x5B, 0x4A, 0x2B, 0xFD, 0xDD, 0x61, 0x32, 0xA4, 0x5D, 0xEE, 0x33, 0x07, 0x69, 0x4B, 0x2E,
    0x68, 0x5B, 0x2E, 0x94, 0x3B, 0x50, 0x6E, 0xFC, 0x91, 0x0B, 0x49, 0x0B, 0xAB, 0x9F, 0x3E, 0x8D,
    0xE5, 0x07, 0x5D, 0xDA, 0x6B, 0xAF, 0x1A, 0x5B, 0xEA, 0x5F, 0x0E, 0x1C, 0xC6, 0x0D, 0x2B, 0xB6,
    0x8F, 0x8A, 0x6A, 0x5C, 0xDB, 0x88, 0x4B, 0x45, 0x98, 0x48, 0x07, 0xD2, 0x70, 0x26, 0x01, 0x0E,
    0xD3, 0xCA, 0xAA, 0xFA, 0x6A, 0x00, 0xAB, 0x9F, 0x3C, 0xC5, 0x7E, 0x2C, 0xE8, 0x4F, 0xC4, 0xA8,
    0xA6, 0x70, 0x71, 0x97, 0xD5, 0x9C, 0x26, 0x9E, 0xF7, 0x40, 0x42, 0x3C, 0x97, 0x6F, 0x76, 0x37,
    0xB4, 0x8D, 0x06, 0x2D, 0x5D, 0x26, 0x7E, 0x22, 0x86, 0x87, 0x4B, 0x62, 0xE9, 0x51, 0x22, 0x46,
    0x8B, 0x38, 0x6D, 0x54, 0x75, 0x48, 0x52, 0x4D, 0xBA, 0xB8, 0x4B, 0x3A, 0xD5, 0xAA, 0x26, 0xF7,
    0x7A, 0xD4, 0xCD, 0x65, 0xDA, 0xA9, 0xA0, 0x26, 0xF3, 0x79, 0xAD, 0x9D, 0x76, 0x37, 0xD1, 0xB5,
    0xF6, 0x61, 0x83, 0xAA, 0x4D, 0xDB, 0x78, 0xF4, 0xF3, 0xF4, 0x4D, 0xCF, 0xFE, 0x13, 0x74, 0x47,
    0x2A, 0x44, 0x52, 0xA2, 0x2B, 0x52, 0xCF, 0xEA, 0x68, 0x22, 0x2E, 0x11, 0x54, 0x87, 0xAE, 0xB1,
    0x06, 0x88, 0x7C, 0xE4, 0x65, 0x54, 0x18, 0x99, 0x43, 0x33, 0x2A, 0xCC, 0xC3, 0x38, 0xE7, 0xDA,
    0x9E, 0xB1, 0xE2, 0x0A, 0x71, 0xA4, 0xAF, 0x47, 0x52, 0xB2, 0x67, 0x10, 0x17, 0x89, 0x8B, 0xC5,
    0xA4, 0x82, 0xEE, 0xD0, 0x9E, 0x99, 0x01, 0x88, 0x4A, 0xE5, 0xB4, 0xD3, 0xCC, 0xD0, 0x65, 0xE6,
    0x12, 0x37, 0x29, 0x63, 0x17, 0x64, 0x07, 0x3B, 0xEC, 0x7F, 0x68, 0x87, 0x87, 0xE7, 0xEB, 0x39,
    0x84, 0xBE, 0xE8, 0xED, 0xF0, 0xF5, 0x3F, 0xC5, 0xA3, 0x0B, 0x6C, 0x6F, 0x7B, 0xE4, 0x42, 0x91,
    0x14, 0x32, 0xAE, 0xE9, 0x8A, 0x5A, 0xB8, 0x94, 0x91, 0xD1, 0xAF, 0x87, 0xB4, 0x57, 0x95, 0x6E,
    0x74, 0xAB, 0x9B, 0xAC, 0x86, 0x37, 0xAF, 0xC1, 0x17, 0x25, 0x5D, 0x7B, 0x5D, 0x6B, 0x57, 0x94,
    0x96, 0xEF, 0xA2, 0x9C, 0xAA, 0xB3, 0x2E, 0x12, 0x44, 0x06, 0xE9, 0x6C, 0x1D, 0x2D, 0x13, 0x9F,
    0x39, 0x6D, 0x0A, 0x53, 0xFC, 0x59, 0xF7, 0x79, 0xBF, 0xDD, 0x6E, 0x52, 0xBE, 0x5A, 0xAD, 0x64,
    0xF4, 0xAC, 0x6C, 0x43, 0xB6, 0x8E, 0x39, 0x5B, 0x8F, 0xD4, 0xA4, 0xBA, 0x9D, 0xDD, 0x75, 0x21,
    0x77, 0xE9, 0xCB, 0x81, 0x7D, 0x26, 0x4F, 0x74, 0xB8, 0x36, 0x6D, 0xF8, 0xC6, 0xC2, 0x44, 0x7A,
    0xB0, 0xED, 0xA6, 0x2C, 0x9A, 0x37, 0xCA, 0xE2, 0x80, 0xA4, 0xD2, 0xA8, 0x2A, 0xAC, 0xCF, 0x44,
    0x4C, 0x22, 0xC1, 0x5F, 0xF3, 0x45, 0xF7, 0x02, 0x30, 0x69, 0x1F, 0x7B, 0x2D, 0x2F, 0xEA, 0x42,
    0xC4, 0x9D, 0x65, 0x62, 0x4E, 0xA2, 0xF3, 0xD7, 0xCA, 0x48, 0x36, 0xEC, 0xAD, 0x99, 0x5F, 0x94,
    0x13, 0x1B, 0xEC, 0x66, 0x3E, 0x1E, 0xE8, 0x08, 0x98, 0xA7, 0x43, 0xEC, 0x33, 0x79, 0xE1, 0xB5,
    0x48, 0x55, 0x64, 0x52, 0x2E, 0xA2, 0x53, 0x3E, 0xAF, 0x14, 0xB5, 0x04, 0x5C, 0x21, 0x81, 0x6A,
    0x33, 0xDC, 0x5C, 0x05, 0x4A, 0x78, 0x8F, 0xA8, 0x43, 0x0D, 0xD8, 0x3E, 0x91, 0x5A, 0x8B, 0x91,
    0x16, 0x5D, 0x72, 0x8B, 0x35, 0xD1, 0x1C, 0x52, 0x0F, 0xAA, 0x82, 0xCC, 0x81, 0x2E, 0x41, 0x03,
    0x16, 0xE8, 0x09, 0x4B, 0x89, 0xDB, 0xB1, 0xF9, 0xFF, 0xCE, 0x56, 0xAF, 0x6D, 0x79, 0xB0, 0x99,
    0xB5, 0x6D, 0x00, 0x96, 0x74, 0x08, 0x9A, 0x1C, 0x4B, 0x4F, 0xC3, 0x11, 0x3B, 0x97, 0x49, 0xBB,
    0xFC, 0x36, 0x00, 0x85, 0x48, 0x15, 0xDA, 0x23, 0x26, 0xAF, 0xDA, 0x82, 0x38, 0xCC, 0xC3, 0xA9,
    0xCA, 0x90, 0x4E, 0x2D, 0xE2, 0x6E, 0xAB, 0xBB, 0x2E, 0xA4, 0x79, 0x3A, 0xDD, 0x5D, 0xE4, 0xAD,
    0xF2, 0x59, 0x33, 0x3B, 0xB9, 0x71, 0x23, 0x71, 0xB9, 0x9B, 0xB1, 0x4B, 0x8E, 0x72, 0x89, 0x4B,
    0x9D, 0x2E, 0xBF, 0xCD, 0x97, 0x7D, 0xEC, 0x9B, 0x4F, 0xC8, 0x37, 0xC5, 0xE8, 0xD0, 0x35, 0xA1,
    0x18, 0x97, 0xB1, 0xB8, 0x54, 0xC8, 0x5B, 0x8A, 0x0A, 0x21, 0x30, 0x0F, 0x09, 0xCE, 0xC7, 0x04,
    0x87, 0x84, 0x1C, 0x66, 0x52, 0x9E, 0x44, 0x3D, 0xBA, 0xD2, 0x3E, 0x6F, 0xE2, 0x26, 0xF5, 0x89,
    0x03, 0x62, 0x31, 0x14, 0xA9, 0xE4, 0xA5, 0x3C, 0xEE, 0x75, 0x25, 0x8F, 0xDB, 0xA2, 0xB2, 0xF7,
    0xBD, 0x76, 0x6F, 0x65, 0xD5, 0x16, 0xD7, 0x28, 0xDC, 0x2B, 0xB5, 0xBA, 0xCD, 0xDA, 0xF1, 0x2C,
    0x4F, 0x0B, 0x91, 0xFE, 0x70, 0xB5, 0x3A, 0x5D, 0xC0, 0xEE, 0x45, 0x9B, 0xC2, 0xF4, 0xCB, 0x76,
    0xFC, 0xB9, 0x7F, 0x73, 0xBA, 0xD3, 0x1D, 0xB7, 0x37, 0x8A, 0x4A, 0xA2, 0x9F, 0xFD, 0xA1, 0x54,
    0xF2, 0x1B, 0x97, 0x8B, 0xB8, 0x99, 0x16, 0x6E, 0x1F, 0x3C, 0x87, 0x1F, 0xB3, 0x66, 0x07, 0xD0,
    0xEE, 0xB3, 0xF6, 0xFD, 0xC8, 0xA8, 0x3E, 0x7D, 0xE5, 0xD5, 0x22, 0x66, 0x37, 0x19, 0x98, 0xEE,
    0xCC, 0x5F, 0xF7, 0xEC, 0x40, 0xBA, 0xBC, 0xAE, 0x87, 0xC3, 0x42, 0xBA, 0x36, 0x6B, 0x80, 0xAC,
    0xC9, 0xB5, 0x9C, 0x9D, 0xD9, 0xEE, 0x38, 0xF5, 0xD1, 0x1D, 0x93, 0xDE, 0xA9, 0xB5, 0x74, 0x56,
    0x86, 0xEC, 0xE7, 0x4D, 0x7C, 0xC7, 0x11, 0x98, 0xB8, 0xD4, 0xE7, 0x6D, 0xEC, 0xD6, 0x92, 0x2A,
    0x6F, 0x13, 0x91, 0x4A, 0x77, 0xC9, 0xFA, 0x64, 0xEA, 0xA2, 0xFF, 0xE1, 0x6F, 0x51, 0x73, 0xFE,
    0xF1, 0x98, 0x2D, 0xBE, 0x02, 0x1F, 0xB1, 0xE9, 0x1F, 0xC0, 0xFF, 0x73, 0x34, 0xFE, 0x50, 0x3B,
    0x1B, 0x67, 0x05, 0x89, 0xF2, 0x35, 0x24, 0xF7, 0x37, 0x4F, 0x82, 0x39, 0xE5, 0xFD, 0xB1, 0x0F,
    0x66, 0x1E, 0x6C, 0xD6, 0xCE, 0xF9, 0xE4, 0x3E, 0x5B, 0x9E, 0x5F, 0xFC, 0x0E, 0x75, 0xF5, 0x5D,
    0x57, 0xF7, 0x60, 0x68, 0xB1, 0x65, 0xEA, 0x95, 0xB7, 0x65, 0x8B, 0x21, 0x35, 0xDA, 0x58, 0xBA,
    0x51, 0x16, 0x6D, 0x52, 0xC3, 0xF7, 0x48, 0xA5, 0xCE, 0xA5, 0x2B, 0xFE, 0xDE, 0x9F, 0x52, 0x74,
    0x56, 0x23, 0x84, 0x38, 0xE0, 0x1B, 0xEF, 0xEA, 0x2E, 0x6B, 0x94, 0xD7, 0xDD, 0xAD, 0x05, 0xF0,
    0x20, 0xF1, 0xD6, 0xF5, 0x88, 0xC9, 0x6A, 0x3E, 0x5A, 0xD2, 0x53, 0x54, 0x89, 0xCF, 0xFD, 0x60,
    0x6A, 0xDE, 0x65, 0xCA, 0x6C, 0x54, 0xEE, 0x2D, 0x93, 0x46, 0x8C, 0x7A, 0xF9, 0xD7, 0x52, 0x7F,
    0xF0, 0x47, 0xF7, 0xAD, 0xF8, 0x57, 0xF5, 0x31, 0x03, 0x96, 0xCC, 0x64, 0xC6, 0x32, 0x70, 0xCC,
    0x16, 0x85, 0x93, 0x5A, 0x6A, 0x5B, 0xBD, 0x43, 0xEC, 0xBE, 0xF6, 0x6B, 0xDD, 0x15, 0xBD, 0xF2,
    0x79, 0xFB, 0xF6, 0xFB, 0x00, 0xEA, 0xA5, 0xA0, 0x45, 0xDC, 0x42, 0xC5, 0xD5, 0x73, 0x35, 0xD6,
    0x45, 0x16, 0x57, 0x61, 0xAE, 0x5E, 0x0E, 0xC0, 0x75, 0x6E, 0xAD, 0x2F, 0xC1, 0x23, 0x8E, 0xE1,
    0xA6, 0x01, 0xA2, 0xA7, 0x79, 0x0D, 0xA4, 0xAD, 0x0A, 0x86, 0xC2, 0xC7, 0xF2, 0xEF, 0xBD, 0x67,
    0xE2, 0x90, 0x00, 0x64, 0x22, 0xD2, 0x00, 0xCF, 0xE4, 0xFC, 0x7F, 0x58, 0xB0, 0x0A, 0x48, 0x60,
    0xB5, 0xE1, 0xEA, 0x94, 0x6B, 0x73, 0x60, 0x3A, 0x11, 0xF9, 0x1B, 0x74, 0x4A, 0x46, 0x9E, 0x75,
    0xB9, 0x04, 0x1A, 0x5D, 0x6E, 0x8B, 0x48, 0xB5, 0x0B, 0xFC, 0x68, 0xE0, 0x12, 0x2B, 0x83, 0x59,
    0xBF, 0xA3, 0x05, 0x09, 0x10, 0xCB, 0xF9, 0xDE, 0x43, 0xA9, 0x54, 0x0F, 0x14, 0x5E, 0x57, 0x40,
    0xD2, 0x6D, 0x76, 0xCA, 0x15, 0xDE, 0x86, 0x80, 0x2A, 0xAD, 0x04, 0xFC, 0x7A, 0x68, 0xF7, 0x57,
    0x23, 0xCF, 0x2A, 0x02, 0x0A, 0x02, 0xFF, 0x07, 0x64, 0xDD, 0xF5, 0x33, 0xF2, 0x5C, 0x4E, 0xF3,
    0x13, 0x5D, 0xC8, 0xCE, 0x3D, 0x40, 0xB5, 0x68, 0xCB, 0x42, 0x61, 0x85, 0x83, 0x3D, 0x66, 0x5B,
    0x64, 0x42, 0xF4, 0x84, 0xE3, 0x96, 0x76, 0xCD, 0xFC, 0xD2, 0x75, 0x92, 0x71, 0xA2, 0xCC, 0x18,
    0x07, 0x39, 0x79, 0xCF, 0x64, 0x39, 0x4E, 0xAF, 0x44, 0xC6, 0xA9, 0x46, 0x0B, 0xDB, 0xF7, 0x80,
    0xAC, 0x2D, 0x8E, 0x3B, 0xDA, 0x51, 0xA7, 0x53, 0xDD, 0x6E, 0x2F, 0xC9, 0x82, 0xF2, 0x17, 0x85,
    0x3D, 0xC9, 0x5A, 0xD5, 0x65, 0xA7, 0x5A, 0xCB, 0xF6, 0xBD, 0x05, 0x9C, 0x10, 0xE2, 0xAC, 0xC7,
    0x6E, 0x5E, 0xF0, 0x59, 0x4C, 0xB7, 0x08, 0xFC, 0xEB, 0x5C, 0x10, 0x79, 0x51, 0xB6, 0x5A, 0x95,
    0xED, 0xEC, 0xF5, 0x36, 0x9F, 0x6E, 0x19, 0xF8, 0x67, 0x2D, 0x55, 0x47, 0xB3, 0xD1, 0x9C, 0x6D,
    0x14, 0x85, 0x2F, 0x8E, 0x72, 0x5E, 0x69, 0xAE, 0x9A, 0xC9, 0xB2, 0x55, 0xE5, 0x22, 0x63, 0x77,
    0x46, 0x7E, 0x1B, 0x75, 0x42, 0xDA, 0x90, 0x78, 0xA2, 0x39, 0x79, 0xEA, 0xD4, 0xEF, 0x4D, 0x3C,
    0x30, 0xE9, 0x88, 0x7B, 0xD4, 0x5F, 0xC2, 0x93, 0x6B, 0x91, 0xF9, 0x0F, 0xCC, 0x9A, 0x3D, 0xB0,
    0xDD, 0xD6, 0x75, 0xEF, 0xD7, 0x39, 0x20, 0x89, 0x37, 0x42, 0x01, 0x17, 0x8F, 0xF6, 0x8C, 0x34,
    0xF3, 0xF0, 0x6A, 0xBE, 0x02, 0x7D, 0xE3, 0x8D, 0x67, 0x17, 0x2E, 0x52, 0x98, 0x99, 0xE1, 0x75,
    0x66, 0xC2, 0x42, 0xBD, 0x5C, 0xB0, 0x4E, 0x05, 0xD8, 0x2A, 0x5C, 0xB8, 0x10, 0x8B, 0x38, 0x4D,
    0x0A, 0xAB, 0x60, 0x21, 0x1F, 0x17, 0xB7, 0x55, 0x66, 0x3C, 0xD9, 0xB0, 0x58, 0xA8, 0x70, 0x41,
    0x44, 0x19, 0x4D, 0x0A, 0x17, 0x42, 0x6C, 0x6B, 0x92, 0xA1, 0x0B, 0xEE, 0x48, 0xE0, 0x08, 0xBC,
    0xDE, 0xC0, 0x3F, 0xEB, 0xBF, 0x80, 0x73, 0x74, 0x78, 0x79, 0x29, 0x51, 0x1F, 0x54, 0xB8, 0x79,
    0xCE, 0xEF, 0xBF, 0xEF, 0xD9, 0x1F, 0xD8, 0x5F, 0x58, 0x7B, 0x6D, 0x80, 0x2F, 0xED, 0x44, 0x52,
    0x34, 0x22, 0x68, 0x45, 0x5C, 0x10, 0xC9, 0x47, 0x91, 0x6D, 0x94, 0x7D, 0x70, 0x40, 0x7C, 0xEC,
    0x7B, 0xB6, 0xBB, 0xC3, 0x6C, 0xC7, 0x5F, 0xFD, 0xED, 0x4D, 0x07, 0x0C, 0xC7, 0xDF, 0xF3, 0x79,
    0xEC, 0xFB, 0xF0, 0xE4, 0xC6, 0xF9, 0xFA, 0x44, 0x43, 0x1A, 0x8A, 0x36, 0x8F, 0x2E, 0xD8, 0x77,
    0x74, 0xFD, 0xB6, 0xCF, 0x9A, 0x6F, 0xEA, 0xFA, 0x35, 0x80, 0x41, 0x84, 0x32, 0x9E, 0x97, 0x6B,
    0xA7, 0xF3, 0xEE, 0x8E, 0x88, 0xE4, 0x93, 0xE2, 0x69, 0x32, 0xDF, 0x7A, 0x44, 0x01, 0xD0, 0x2E,
    0x12, 0x16, 0x89, 0x94, 0xFB, 0x7E, 0xB6, 0x9C, 0x39, 0x4C, 0xD2, 0x45, 0x92, 0xC7, 0x24, 0xC5,
    0x51, 0x96, 0x1C, 0xF3, 0x22, 0x71, 0x91, 0x60, 0xC2, 0xAA, 0x45, 0x2E, 0xDF, 0x21, 0x5F, 0x7B,
    0x53, 0x04, 0xBD, 0x24, 0xA8, 0x24, 0x9B, 0x44, 0x0A, 0xCD, 0x51, 0x5A, 0xB2, 0x05, 0x36, 0x9C,
    0x17, 0x3F, 0x7C, 0xEF, 0xEF, 0xEE, 0xB0, 0xF4, 0xD7, 0xF5, 0x5D, 0xC2, 0x06, 0xB8, 0x2D, 0x05,
    0x30, 0x89, 0x07, 0xE2, 0x16, 0x8A, 0x14, 0xE3, 0x95, 0x21, 0x47, 0x25, 0xDF, 0x2A, 0x66, 0x4E,
    0x5B, 0x24, 0x46, 0x62, 0x90, 0x65, 0x40, 0xAB, 0x73, 0x70, 0x61, 0x9F, 0x6A, 0x99, 0xCB, 0xC9,
    0x86, 0x51, 0x91, 0xE1, 0x4F, 0x9B, 0xDF, 0x24, 0x36, 0x84, 0x06, 0x47, 0xA4, 0x40, 0xAF, 0x43,
    0x70, 0x5D, 0x2C, 0xD4, 0xE8, 0x12, 0x60, 0xCE, 0xF5, 0x5B, 0x72, 0x22, 0xA7, 0x2B, 0x63, 0x1D,
    0xE4, 0x5B, 0xB5, 0x66, 0x51, 0xB5, 0x0A, 0x1D, 0x1A, 0xC9, 0x31, 0xB2, 0x60, 0x23, 0x9C, 0x95,
    0x02, 0x51, 0x36, 0x98, 0x44, 0x4A, 0xF0, 0x1A, 0x22, 0x09, 0x6E, 0x6B, 0xEA, 0x3F, 0x57, 0xC5,
    0xEC, 0x81, 0x49, 0xBF, 0xA3, 0x7E, 0xFB, 0x82, 0x33, 0x70, 0xB5, 0x12, 0x17, 0xBE, 0xD8, 0x3F,
    0xF6, 0xE3, 0x07, 0xA1, 0xBE, 0x37, 0xF8, 0x7B, 0xA3, 0xF2, 0xFF, 0x6C, 0x7B, 0xB1, 0x90, 0xE0,
    0xEB, 0xF9, 0x48, 0x1E, 0xBF, 0x9E, 0x4F, 0x11, 0xA5, 0x8C, 0x27, 0x7E, 0xF4, 0x08, 0x1E, 0xBD,
    0x47, 0x53, 0x8F, 0xC2, 0xC9, 0x5C, 0xA6, 0xB7, 0x7C, 0x6A, 0x84, 0xB7, 0xD9, 0x1A, 0x09, 0xF2,
    0x59, 0x91, 0xB3, 0xB7, 0xD6, 0x08, 0xD0, 0xEF, 0x23, 0x9C, 0x90, 0x9E, 0x11, 0x2C, 0x91, 0x33,
    0xA0, 0xB2, 0x48, 0x4B, 0xE3, 0x53, 0x33, 0xB2, 0x45, 0x2B, 0x75, 0xA7, 0x91, 0x8D, 0x46, 0xFC,
    0x21, 0xD2, 0xAE, 0x49, 0xF6, 0x49, 0xD6, 0x78, 0x77, 0x0B, 0xCD, 0x32, 0xAF, 0x80, 0x42, 0x18,
    0x99, 0x04, 0xB3, 0x45, 0x82, 0x60, 0x64, 0x64, 0xAE, 0x38, 0x8F, 0x16, 0x58, 0x3A, 0x8F, 0x5F,
    0x87, 0x5A, 0xB8, 0xBD, 0xEA, 0xBC, 0x2A, 0xDA, 0x55, 0x03, 0xDE, 0x3F, 0x79, 0x75, 0xFA, 0x5B,
    0x0C, 0x4B, 0x7E, 0x17, 0x17, 0x2D, 0x57, 0x2D, 0xCE, 0xE9, 0x9A, 0x7E, 0x05, 0x23, 0x95, 0xE5,
    0x57, 0xED, 0x56, 0xAD, 0x16, 0xFD, 0x93, 0x98, 0x99, 0xBA, 0x80, 0x34, 0x51, 0x6F, 0x2E, 0xC6,
    0xE8, 0x62, 0xBE, 0xF6, 0x96, 0x12, 0xD8, 0xD7, 0x6F, 0x8C, 0xCA, 0x33, 0x4C, 0x66, 0x75, 0x66,
    0x32, 0x03, 0x99, 0x7E, 0x11, 0xCA, 0x35, 0xCE, 0x72, 0x3D, 0x28, 0xD0, 0xD9, 0x2A, 0x17, 0x49,
    0xA3, 0x22, 0x0F, 0x72, 0x14, 0xD0, 0x2E, 0x9D, 0x77, 0x83, 0x02, 0xBD, 0x4D, 0x1F, 0xDA, 0x84,
    0x1D, 0xCB, 0x67, 0x4D, 0x2D, 0xA3, 0xC2, 0x56, 0x0F, 0x7A, 0xC1, 0x9F, 0x99, 0x09, 0x90, 0x03,
    0x2A, 0xA2, 0xB5, 0x54, 0x85, 0x1F, 0x98, 0x39, 0x2A, 0x0A, 0x96, 0xCD, 0x58, 0x4B, 0xC2, 0xFA,
    0x36, 0xAC, 0x59, 0xFC, 0xA0, 0xB0, 0x21, 0xD5, 0xE4, 0x6B, 0x66, 0x2C, 0xCB, 0x89, 0x4C, 0x41,
    0x6E, 0xD0, 0x50, 0x5C, 0x27, 0xE7, 0x5A, 0xC9, 0xC0, 0x42, 0x36, 0xDA, 0xCE, 0x58, 0x1B, 0x41,
    0x6E, 0x8C, 0x89, 0x31, 0x35, 0xE6, 0x33, 0x59, 0x7C, 0x4C, 0x3A, 0x63, 0x7D, 0x97, 0x04, 0xF9,
    0x5B, 0x24, 0xCA, 0xBB, 0x33, 0xF9, 0x6E, 0x24, 0xEF, 0x8D, 0xE4, 0x07, 0x81, 0x44, 0x6F, 0x6C,
    0x8D, 0x8D, 0x51, 0xC8, 0xD9, 0x18, 0x8D, 0x23, 0x29, 0x4B, 0xA8, 0xDB, 0x92, 0xE6, 0xAC, 0x77,
    0xBD, 0x48, 0xB9, 0xEE, 0x30, 0xEC, 0xC6, 0x16, 0x93, 0x75, 0x89, 0xB0, 0xE0, 0x83, 0x7E, 0x3B,
    0x5A, 0x53, 0x1B, 0xA1, 0x2D, 0x9A, 0x82, 0xB5, 0x71, 0x7E, 0x53, 0xF0, 0x93, 0x4D, 0xAC, 0x36,
    0xA7, 0x09, 0x6C, 0xCB, 0xD1, 0xB2, 0xB1, 0x88, 0xD5, 0xEC, 0x82, 0x6F, 0x45, 0xCA, 0xC1, 0xEA,
    0x9F, 0x78, 0xF1, 0x0C, 0x30, 0xD3, 0x35, 0x2B, 0xB7, 0xCB, 0x26, 0x8D, 0xD1, 0x18, 0xF6, 0xBC,
    0x94, 0x1E, 0x9A, 0x43, 0x0A, 0x19, 0x8D, 0xBD, 0x72, 0x73, 0x63, 0x1D, 0xD5, 0x6C, 0x7E, 0x8E,
    0x78, 0xFF, 0xE4, 0xE6, 0x0C, 0x0D, 0xE7, 0x61, 0x23, 0x78, 0x21, 0x04, 0x51, 0xF6, 0xDC, 0x62,
    0xB6, 0x4E, 0xE2, 0xC0, 0x2C, 0x5A, 0x6F, 0x22, 0x7B, 0x56, 0x8C, 0xBE, 0xE3, 0xA0, 0x70, 0x4F,
    0x59, 0xEC, 0x7B, 0x1D, 0x4A, 0x8E, 0x6F, 0x5F, 0x44, 0x65, 0xBB, 0x0C, 0xA5, 0x6D, 0xE3, 0x1A,
    0x56, 0x66, 0x64, 0x93, 0x93, 0x6D, 0x3E, 0xEF, 0x76, 0x5C, 0xE0, 0x2C, 0xE2, 0x94, 0x3E, 0xB8,
    0x81, 0x95, 0x70, 0xAA, 0xDC, 0x08, 0x65, 0x19, 0xCD, 0x6C, 0x9D, 0xC7, 0xFD, 0xDD, 0x5B, 0x66,
    0x4D, 0x9F, 0x00, 0x1E, 0x11, 0xE8, 0x89, 0x48, 0x40, 0x33, 0x7B, 0x34, 0xFB, 0xBB, 0x80, 0x90,
    0x43, 0x8C, 0xBF, 0x75, 0xAF, 0xA2, 0x61, 0xBE, 0x43, 0xF5, 0xC3, 0x62, 0x17, 0x1D, 0x70, 0x9B,
    0x98, 0x09, 0xB4, 0x44, 0xEF, 0xC2, 0x77, 0xC0, 0x7E, 0x1A, 0xEA, 0x03, 0x34, 0xE1, 0xE1, 0xCD,
    0x25, 0x8B, 0x28, 0x46, 0x02, 0x8D, 0x3B, 0x3B, 0x65, 0x09, 0xF1, 0xCC, 0xE2, 0xC6, 0xC7, 0x50,
    0x2B, 0xB6, 0x08, 0xCC, 0x67, 0x38, 0x94, 0xED, 0x9F, 0xBF, 0x7B, 0x92, 0x59, 0x1F, 0x25, 0xBF,
    0x50, 0xE6, 0x9D, 0xA7, 0x44, 0x71, 0x47, 0x32, 0x5E, 0x20, 0xC5, 0x2A, 0x83, 0x49, 0xB9, 0x4A,
    0x30, 0x71, 0x8F, 0x4B, 0x6F, 0xE2, 0x3B, 0x13, 0xB4, 0x94, 0xEF, 0xE0, 0x17, 0x27, 0xF5, 0xA3,
    0x0A, 0x16, 0xFA, 0x8B, 0x85, 0x46, 0xA8, 0xFE, 0x4C, 0x79, 0xDE, 0x8E, 0x6F, 0x39, 0x72, 0x08,
    0x52, 0x90, 0xFC, 0xD8, 0x2E, 0x60, 0x7B, 0x95, 0x24, 0x68, 0x34, 0x52, 0x87, 0x75, 0x99, 0xB3,
    0x41, 0x3E, 0xE4, 0x71, 0x6B, 0x47, 0x84, 0x21, 0x8F, 0x66, 0xEC, 0x8B, 0x98, 0xC7, 0x7C, 0xB6,
    0x21, 0xCF, 0x63, 0x19, 0xED, 0x1E, 0x3A, 0x9D, 0x7D, 0x30, 0x4B, 0x6B, 0xAB, 0x74, 0xDD, 0x2E,
    0xDB, 0xE3, 0x5F, 0x12, 0x46, 0x86, 0xB5, 0x94, 0x8B, 0xAC, 0x67, 0xCA, 0xE3, 0xEA, 0x32, 0xE6,
    0x31, 0x83, 0x2C, 0xD7, 0x4A, 0xD0, 0x6A, 0xA1, 0x3E, 0x8F, 0x0A, 0x49, 0x96, 0x66, 0x04, 0xC9,
    0xCC, 0x82, 0x69, 0xB1, 0x7C, 0xB6, 0xA6, 0x4E, 0x16, 0xD7, 0x0F, 0xC4, 0x0F, 0x8C, 0xB0, 0x18,
    0xC3, 0x15, 0xD0, 0xAB, 0x00, 0x06, 0x62, 0x12, 0x5B, 0x80, 0xE5, 0xED, 0xE2, 0x60, 0x06, 0xB6,
    0x4B, 0x6C, 0xDD, 0x1B, 0x4E, 0x3C, 0x2D, 0x26, 0x02, 0xD1, 0x10, 0x23, 0x61, 0x06, 0xC1, 0x8C,
    0xAD, 0x55, 0x4A, 0x6C, 0x14, 0xFC, 0xF3, 0x9F, 0x24, 0x47, 0xE3, 0x99, 0x45, 0x31, 0x13, 0x83,
    0x94, 0x60, 0xDE, 0xAB, 0xD7, 0x5F, 0xD4, 0xBD, 0x64, 0x0B, 0xA1, 0x95, 0x47, 0xC5, 0x66, 0x2E,
    0xBD, 0x73, 0x98, 0xAC, 0x8F, 0x36, 0x55, 0x97, 0x5E, 0xD8, 0xBD, 0xF0, 0x7F, 0xCC, 0x87, 0x28,
    0x6D, 0xD1, 0x9A, 0x1D, 0x7B, 0x9C, 0x67, 0x3B, 0x32, 0x88, 0xFF, 0x5C, 0xF6, 0x64, 0xFD, 0x04,
    0x7D, 0xF7, 0x29, 0xD1, 0x1E, 0x98, 0x18, 0x81, 0xC6, 0x28, 0xE4, 0x64, 0x1C, 0xC8, 0xC5, 0x99,
    0x45, 0xE4, 0x94, 0x75, 0x4C, 0xC8, 0xD1, 0x73, 0x0B, 0x2B, 0x54, 0x20, 0x52, 0x52, 0x2A, 0x71,
    0x94, 0xC6, 0xC4, 0x6B, 0x6D, 0xBE, 0x47, 0xDD, 0x0A, 0x6A, 0x95, 0x5E, 0xE0, 0x7A, 0x9C, 0x86,
    0xED, 0xAC, 0x7F, 0xBD, 0x11, 0x92, 0x48, 0x19, 0x4C, 0x7E, 0x1E, 0xB3, 0x51, 0xE5, 0xF5, 0x98,
    0x07, 0xCA, 0x64, 0xF2, 0xD3, 0xB9, 0xEC, 0x55, 0x7E, 0x02, 0xD7, 0xAA, 0x34, 0xA8, 0x17, 0x41,
    0x43, 0xA9, 0x21, 0x14, 0xB7, 0xCA, 0x6C, 0x52, 0x4E, 0x26, 0x79, 0xA4, 0xB4, 0x92, 0xDA, 0x36,
    0x8D, 0x67, 0xC1, 0xFD, 0xDD, 0x29, 0x2E, 0x0C, 0x4C, 0xFD, 0x42, 0x10, 0x0B, 0xCB, 0xAD, 0x2C,
    0xA5, 0x9D, 0xE3, 0x0F, 0x1B, 0x34, 0xE7, 0xFB, 0x4F, 0xAF, 0xA0, 0xCB, 0x51, 0x6D, 0x10, 0xCA,
    0x89, 0x0E, 0xAC, 0x9D, 0x15, 0x47, 0x37, 0x72, 0x3B, 0x36, 0xA3, 0x1F, 0xEB, 0xB0, 0x67, 0x7E,
    0xC4, 0x62, 0x4D, 0x5D, 0x73, 0x5A, 0xA9, 0xA5, 0x86, 0x1C, 0x22, 0x08, 0x19, 0x7A, 0xFD, 0x2C,
    0x57, 0x11, 0x52, 0x6C, 0xBB, 0x5C, 0x6D, 0x91, 0x1D, 0x5D, 0xED, 0xE7, 0xE9, 0x9C, 0xAF, 0xC2,
    0xAE, 0x73, 0x9C, 0xF2, 0xE7, 0x08, 0xB7, 0xEE, 0xF9, 0x03, 0x31, 0x13, 0xA8, 0xB8, 0x83, 0xB7,
    0x2E, 0x6C, 0x09, 0x41, 0xF7, 0x18, 0xF8, 0x5B, 0xA2, 0x38, 0xF3, 0x68, 0xF6, 0x9B, 0x77, 0x24,
    0x7A, 0xC5, 0x23, 0xDB, 0x53, 0x9E, 0x05, 0xE7, 0x9E, 0x16, 0xC4, 0xC3, 0xD3, 0x82, 0x31, 0xC5,
    0xA3, 0x2B, 0x21, 0x47, 0xF3, 0x94, 0xA7, 0x05, 0xE1, 0x3C, 0x98, 0x40, 0x8C, 0xE7, 0x9E, 0x16,
    0x98, 0xAB, 0x3A, 0x6C, 0xDE, 0x4E, 0x58, 0xA9, 0x18, 0x1C, 0x71, 0x65, 0xFF, 0xB4, 0xA0, 0xE6,
    0x6F, 0xE7, 0x70, 0xED, 0xD7, 0xD8, 0xDD, 0x31, 0xEB, 0xFF, 0xFC, 0xF0, 0x42, 0xFA, 0xE3, 0x0C,
    0x27, 0x46, 0xDB, 0xFF, 0x0E, 0xF2, 0x6D, 0xFC, 0xBD, 0xD8, 0x35, 0x98, 0xD5, 0xAF, 0x0E, 0xF4,
    0x72, 0xBB, 0x98, 0xF4, 0x39, 0xBE, 0x87, 0xFF, 0x8F, 0xA1, 0x8C, 0x5A, 0xC0, 0x45, 0x37, 0xA8,
    0x14, 0xD1, 0x05, 0x95, 0x7C, 0x95, 0xE9, 0x31, 0xD9, 0x67, 0x59, 0x0B, 0x2C, 0xC5, 0xC3, 0x5A,
    0xD9, 0x96, 0xB4, 0x7D, 0x05, 0xEC, 0x4F, 0xCA, 0xDF, 0x6C, 0xCB, 0xBE, 0xFD, 0x64, 0xCB, 0x64,
    0xB7, 0x1E, 0x32, 0xD1, 0xD9, 0x28, 0xB6, 0xB9, 0xED, 0x0E, 0x19, 0xC4, 0x22, 0xAD, 0xB9, 0xE2,
    0x36, 0xCC, 0x7E, 0xF5, 0xAB, 0xCD, 0x75, 0xE7, 0x20, 0x1C, 0xC6, 0x2C, 0xDA, 0x12, 0x1C, 0xAD,
    0x52, 0x32, 0x85, 0xAD, 0x1D, 0x4B, 0x2D, 0x2D, 0x67, 0x1D, 0xE8, 0xE2, 0xA0, 0xF7, 0x81, 0x97,
    0x70, 0xB6, 0xE9, 0x14, 0xCB, 0xD9, 0x18, 0xAB, 0x3F, 0xE4, 0x06, 0x4D, 0xEA, 0x38, 0xCE, 0x08,
    0x68, 0x39, 0x7B, 0xCA, 0xFC, 0x9B, 0x22, 0x9F, 0x2A, 0xCC, 0xD7, 0xC1, 0x30, 0x3E, 0x49, 0xD1,
    0x50, 0x3C, 0x95, 0xBE, 0xE3, 0x81, 0xE6, 0x19, 0xD0, 0x2B, 0x7C, 0x20, 0x06, 0x85, 0xC3, 0x0E,
    0x0A, 0x20, 0xE6, 0x44, 0x42, 0xC8, 0xFF, 0x3B, 0xFB, 0xA1, 0x2D, 0xA9, 0x67, 0x81, 0x0B, 0x74,
    0x9C, 0x8B, 0x71, 0x71, 0x94, 0xCB, 0xF8, 0xC2, 0xE8, 0x43, 0x75, 0xCE, 0x4F, 0x6E, 0xB1, 0x6F,
    0x0C, 0x4F, 0xD7, 0x20, 0xD6, 0x05, 0x92, 0x9F, 0xF1, 0xC5, 0x8D, 0xB0, 0x4B, 0xEC, 0x55, 0xE5,
    0xB0, 0x84, 0xFE, 0x33, 0x22, 0xB2, 0x04, 0xFF, 0x45, 0x22, 0x57, 0xAB, 0xDA, 0x4C, 0x4F, 0x0D,
    0x9C, 0xE3, 0xB5, 0x53, 0x52, 0xB2, 0x0B, 0xB8, 0xBB, 0x4E, 0x62, 0x36, 0xA2, 0x33, 0x0E, 0xC6,
    0xA8, 0x14, 0x37, 0x91, 0xF9, 0x4C, 0x66, 0x47, 0xCC, 0x8D, 0x05, 0xB9, 0xF1, 0xD1, 0xF2, 0x8F,
    0xC6, 0x60, 0x6C, 0xC8, 0x71, 0xF5, 0xC6, 0x9B, 0xD5, 0x1F, 0xFF, 0x02, 0x72, 0xFF, 0x8E, 0x09,
    0xD0, 0x2D, 0x32, 0x2E, 0x32, 0x5B, 0x1A, 0x60, 0x39, 0x33, 0xFC, 0x94, 0x92, 0xE0, 0x1D, 0xCA,
    0x76, 0x91, 0xCD, 0x63, 0x7F, 0x25, 0x96, 0xA5, 0xBB, 0x85, 0xEF, 0x59, 0x71, 0x6C, 0x4D, 0xE2,
    0x22, 0xC1, 0x64, 0xAE, 0xD6, 0xCB, 0xCA, 0x33, 0x80, 0xED, 0x12, 0xB6, 0x8A, 0x18, 0x89, 0x99,
    0x40, 0xC5, 0xD6, 0x34, 0xAB, 0xCB, 0xBB, 0x79, 0x1C, 0x89, 0xB5, 0xE0, 0xE2, 0x03, 0xFE, 0xFE,
    0x14, 0x54, 0x1D, 0x4E, 0x41, 0xCB, 0xB6, 0xDF, 0x94, 0xB7, 0x5F, 0x41, 0x7B, 0x49, 0x04, 0x9F,
    0xEE, 0xAC, 0xA3, 0xA2, 0x8C, 0x72, 0x72, 0x72, 0xCB, 0x36, 0xE7, 0xF3, 0xB0, 0xB3, 0x9E, 0x65,
    0xD9, 0x67, 0xB6, 0x62, 0x08, 0x7F, 0x47, 0x3F, 0xB4, 0x66, 0xA5, 0x84, 0x28, 0x46, 0x29, 0x0E,
    0xA7, 0xA0, 0x7D, 0x30, 0xA7, 0x6C, 0x34, 0xF5, 0x4C, 0x64, 0x5F, 0x80, 0xA0, 0x6A, 0x4B, 0x41,
    0x95, 0x67, 0xA9, 0x69, 0xF1, 0xE3, 0x73, 0xA8, 0xBA, 0x41, 0x52, 0x3B, 0x49, 0x04, 0x49, 0xD8,
    0x77, 0xDF, 0x2F, 0x33, 0x87, 0x4E, 0xD8, 0x6F, 0xA8, 0x8A, 0x69, 0x7B, 0xA1, 0xB6, 0x4B, 0xBE,
    0x43, 0xB9, 0x43, 0x3D, 0x8E, 0x5A, 0xA9, 0xAE, 0xD7, 0x29, 0x50, 0xD5, 0xF3, 0x51, 0x3B, 0x12,
    0xD5, 0xB0, 0xB6, 0xB3, 0xA5, 0x16, 0x98, 0xD6, 0xF5, 0x4F, 0x6C, 0x3C, 0x66, 0xF6, 0x0F, 0x4C,
    0x87, 0x9D, 0x68, 0x13, 0x3C, 0xBA, 0xA9, 0x68, 0x52, 0xA4, 0x90, 0x63, 0xE8, 0x75, 0x88, 0x5E,
    0xFF, 0x80, 0x8D, 0x0D, 0x91, 0x13, 0xC9, 0x12, 0xBB, 0xC9, 0x8D, 0x45, 0x53, 0xDD, 0xA8, 0x40,
    0x48, 0xB1, 0x45, 0x97, 0x2E, 0x55, 0xE5, 0xAC, 0xA0, 0x98, 0x14, 0x6E, 0x54, 0xC8, 0xCB, 0xBF,
    0xB2, 0x3B, 0xA8, 0x5F, 0x5C, 0x28, 0xAB, 0x24, 0xFB, 0xF0, 0x55, 0xC8, 0xE1, 0x28, 0xDB, 0xC8,
    0xE6, 0x6F, 0xD0, 0xB0, 0x41, 0x4D, 0x4E, 0x38, 0xA2, 0x1E, 0x35, 0xC1, 0xF7, 0x0A, 0xF4, 0x89,
    0x22, 0xA4, 0x1C, 0x65, 0xBF, 0xA6, 0x96, 0x88, 0x5E, 0x2F, 0xD5, 0xD7, 0x0D, 0xFB, 0xC6, 0xF0,
    0xE3, 0x8A, 0x1D, 0x6C, 0x96, 0x09, 0xF4, 0xB0, 0x59, 0x62, 0x6B, 0x1E, 0x55, 0x92, 0x63, 0xBF,
    0x04, 0x5C, 0xF8, 0x76, 0x25, 0xEE, 0x23, 0xFA, 0x82, 0x0F, 0xD6, 0xD7, 0x38, 0xAD, 0xC7, 0x03,
    0xF4, 0x3E, 0x0A, 0x82, 0xA7, 0xAD, 0xF4, 0x34, 0xB3, 0x86, 0xFA, 0x00, 0xA7, 0xE0, 0xC3, 0xAF,
    0x3A, 0x68, 0x2D, 0xF4, 0x26, 0x1E, 0xD8, 0xF1, 0x91, 0x4E, 0xB8, 0xBD, 0x8F, 0x31, 0xA3, 0x74,
    0x43, 0x87, 0xF9, 0xA4, 0x32, 0xFF, 0xA3, 0x27, 0xE2, 0x7A, 0xB6, 0xFE, 0xF0, 0x16, 0xC4, 0xF7,
    0xC9, 0x01, 0xC5, 0xCC, 0x84, 0x91, 0xE8, 0x88, 0x78, 0xC8, 0xB2, 0xF6, 0x77, 0x89, 0xA9, 0x77,
    0x5B, 0x79, 0x00, 0x87, 0xAA, 0x6E, 0x6B, 0xF5, 0x27, 0x6C, 0x72, 0x77, 0xF4, 0xE5, 0xDA, 0x90,
    0x2F, 0xF3, 0x65, 0x65, 0xD7, 0xAD, 0xB1, 0xC3, 0xE3, 0xC4, 0x7D, 0x4F, 0xB6, 0xEE, 0x3C, 0x9B,
    0x27, 0x58, 0x29, 0xB7, 0x10, 0x65, 0x62, 0x4C, 0x67, 0x12, 0x0C, 0xED, 0x05, 0x6C, 0x45, 0x2E,
    0xA2, 0x6F, 0x44, 0xF4, 0x7B, 0xE5, 0x57, 0xA2, 0x8A, 0x5E, 0x92, 0xC3, 0x2A, 0x29, 0xE6, 0xD4,
    0xAE, 0xB1, 0x1E, 0x8E, 0xFD, 0xC3, 0x13, 0x05, 0x80, 0xEE, 0x08, 0x0F, 0x39, 0x26, 0x66, 0x05,
    0x0C, 0x93, 0xA4, 0x52, 0xE0, 0x3E, 0xCC, 0xD4, 0xCA, 0x96, 0x90, 0xD2, 0xEE, 0x82, 0x13, 0xDE,
    0xD5, 0xCA, 0xCD, 0x89, 0x58, 0x95, 0x19, 0x9F, 0xC0, 0xA8, 0x2A, 0x52, 0xA8, 0x5A, 0x2F, 0x2A,
    0xBB, 0xE9, 0xAC, 0x69, 0x68, 0xCD, 0xAF, 0xBA, 0x6B, 0x5E, 0xD6, 0x23, 0xFC, 0x7E, 0x96, 0xC3,
    0x6B, 0xD1, 0x65, 0x27, 0x38, 0xFA, 0xDB, 0xCD, 0x78, 0xC0, 0x74, 0x1F, 0xF0, 0x2E, 0x97, 0x34,
    0x7A, 0x1A, 0x59, 0xB1, 0x63, 0x39, 0xCD, 0x3E, 0xEB, 0xAF, 0x07, 0xD9, 0x1F, 0xF6, 0x9D, 0x5D,
    0x17, 0xCB, 0xA9, 0x59, 0xBB, 0xB8, 0xD9, 0xDD, 0x96, 0x1A, 0x36, 0xDD, 0x9D, 0x6A, 0xF8, 0xEE,
    0x5F, 0x73, 0x0A, 0x4A, 0x7E, 0x83, 0x6C, 0x78, 0xAA, 0x46, 0x4B, 0xD7, 0x59, 0xB5, 0xDB, 0xFC,
    0x88, 0x69, 0x5C, 0xCC, 0x79, 0xBC, 0x2E, 0x65, 0xC4, 0xCE, 0xBC, 0xA8, 0x00, 0x2B, 0x3B, 0x6B,
    0x3F, 0xF9, 0xD2, 0x48, 0x59, 0xF7, 0x1B, 0x84, 0xBA, 0x4F, 0x88, 0x94, 0xC8, 0x89, 0x92, 0x70,
    0x84, 0xF7, 0x0A, 0xB8, 0x50, 0xFF, 0x61, 0x56, 0xFC, 0x31, 0x2A, 0x3E, 0x18, 0x14, 0x0F, 0x82,
    0x02, 0x1D, 0xD1, 0x12, 0x15, 0x21, 0x8A, 0x48, 0x8C, 0x8A, 0x24, 0x6E, 0xB5, 0x2D, 0x53, 0xA2,
    0x80, 0xBA, 0x53, 0x9B, 0xF5, 0x8D, 0x73, 0x2F, 0xDC, 0x00, 0x2D, 0x3C, 0xEF, 0x16, 0x5C, 0x65,
    0x1F, 0x6B, 0x9E, 0xF5, 0x6A, 0x6E, 0x55, 0x75, 0x48, 0x21, 0x75, 0xC8, 0x27, 0x85, 0x1B, 0x15,
    0x7C, 0x4C, 0xF1, 0x5F, 0x68, 0x6D, 0x50, 0x09, 0x21, 0x1A, 0xA2, 0xE5, 0x9C, 0x86, 0x7D, 0xBE,
    0x92, 0x25, 0x72, 0x28, 0x12, 0x34, 0xAC, 0xAA, 0x63, 0xA5, 0x61, 0xB9, 0x37, 0x6C, 0x8E, 0xCF,
    0xA3, 0x71, 0x2B, 0xB8, 0x30, 0x37, 0x47, 0x10, 0x37, 0x6C, 0x0F, 0x48, 0x88, 0x94, 0xC0, 0x4C,
    0x44, 0x62, 0x24, 0x7A, 0xC5, 0x25, 0x1B, 0xA1, 0x1B, 0xFC, 0xD6, 0x10, 0xC1, 0xA4, 0x5D, 0x34,
    0xB6, 0x5B, 0x63, 0x42, 0x76, 0xA9, 0xF2, 0x41, 0xC8, 0xFE, 0x32, 0xD5, 0x1F, 0x84, 0xFC, 0x93,
    0xA9, 0xFE, 0xFD, 0x58, 0xFC, 0xC7, 0x54, 0xFF, 0x5B, 0x74, 0xBF, 0x9B, 0xEA, 0x7F, 0x35, 0xBE,
    0x37, 0xFB, 0x9F, 0x4F, 0x75, 0x07, 0x64, 0x07, 0xFA, 0x99, 0x74, 0xF1, 0x53, 0x96, 0x03, 0x99,
    0x87, 0x6C, 0x3A, 0x1E, 0xB4, 0xCF, 0x04, 0xF0, 0x24, 0x3E, 0xBF, 0x98, 0x6C, 0x79, 0x03, 0xD7,
    0xCB, 0x43, 0xC8, 0xD9, 0x6E, 0x91, 0xAA, 0xC0, 0x4D, 0x3B, 0x8E, 0xA0, 0xB7, 0x87, 0xF1, 0xB4,
    0xA5, 0xC1, 0x73, 0x08, 0x1E, 0xC7, 0x92, 0xB0, 0x3C, 0x8C, 0x8F, 0x82, 0xAE, 0xC0, 0xAF, 0xD1,
    0xEE, 0x6F, 0xE0, 0x49, 0xC4, 0x7D, 0x6A, 0x5F, 0x17, 0x0B, 0x88, 0xF6, 0x08, 0x67, 0x3B, 0x45,
    0x90, 0xAF, 0x01, 0x57, 0xE5, 0x5A, 0x25, 0xF5, 0x5D, 0xBA, 0x1B, 0x1F, 0x60, 0xDE, 0xBF, 0xF3,
    0x3F, 0xD5, 0x54, 0x3A, 0x59, 0xFB, 0xAE, 0xFA, 0xFE, 0x80, 0x70, 0x00, 0xFF, 0x44, 0x5F, 0x0F,
    0xCC, 0xC2, 0x67, 0xBF, 0x47, 0x5E, 0xC5, 0x03, 0x4C, 0x52, 0xFF, 0x81, 0x8B, 0xAE, 0xBF, 0x6A,
    0xB6, 0xF7, 0xF3, 0x20, 0x9B, 0x9D, 0x36, 0xC3, 0x9C, 0x97, 0x48, 0x5F, 0x51, 0xED, 0x19, 0xC7,
    0xE5, 0x5B, 0x6E, 0x58, 0x32, 0x78, 0x7E, 0xFB, 0xF5, 0xBB, 0xFE, 0xED, 0x46, 0xFD, 0xCE, 0xF2,
    0xBF, 0x8B, 0xA5, 0x8C, 0x95, 0x95, 0x1A, 0x03, 0x87, 0x8D, 0xA3, 0x26, 0x60, 0x83, 0x3E, 0xC5,
    0x6B, 0xFA, 0xDA, 0xB5, 0xB2, 0x93, 0xCE, 0x57, 0x05, 0xAD, 0x2A, 0x6D, 0x6A, 0x34, 0xAF, 0x37,
    0x2E, 0x2F, 0x64, 0x99, 0x90, 0xCD, 0xFC, 0xD3, 0x6E, 0x05, 0x65, 0xE5, 0x02, 0xFD, 0xDD, 0xBA,
    0xDF, 0x1B, 0x7E, 0xDF, 0x91, 0xEE, 0xDF, 0xD1, 0x28, 0x3F, 0xB2, 0x1D, 0xFA, 0x13, 0x32, 0xFF,
    0xCB, 0xF2, 0x4C, 0x37, 0x2A, 0x13, 0x8C, 0xC6, 0xA0, 0xDC, 0x18, 0x05, 0x3D, 0xC9, 0xA2, 0xAC,
    0x6E, 0xEF, 0x43, 0x5C, 0x2A, 0xAD, 0x28, 0x26, 0xE3, 0x68, 0xEC, 0xC9, 0x59, 0x2C, 0x5C, 0xBE,
    0x61, 0x92, 0xC7, 0x67, 0x95, 0x5B, 0xE6, 0x82, 0x96, 0xC0, 0xCC, 0xEB, 0x1C, 0xDC, 0x7F, 0x8C,
    0x92, 0xE3, 0x97, 0x93, 0x8F, 0xF6, 0xB0, 0x3F, 0xA7, 0x55, 0xB2, 0xB7, 0x09, 0xB5, 0x49, 0xE5,
    0x7B, 0xBE, 0x64, 0x68, 0x2E, 0x94, 0x35, 0x0B, 0x5F, 0x3F, 0xA4, 0x90, 0x72, 0x79, 0x69, 0x90,
    0xE3, 0xC1, 0x0C, 0x6E, 0x40, 0x1A, 0x86, 0xC3, 0xDB, 0x86, 0x57, 0x60, 0x1D, 0x91, 0x62, 0xFA,
    0x82, 0xAD, 0xA6, 0x70, 0x3E, 0x2E, 0x5F, 0xE7, 0xA1, 0x6A, 0x2C, 0xE9, 0xD4, 0xE4, 0xD8, 0xD0,
    0xA4, 0x7C, 0x1F, 0xD5, 0x16, 0xBF, 0x03, 0xAF, 0x11, 0x65, 0x59, 0x19, 0x25, 0x47, 0x34, 0xB7,
    0xE7, 0x0D, 0x1C, 0x2C, 0xC7, 0x3F, 0x3D, 0x68, 0xD0, 0xEF, 0xD1, 0xB4, 0xFF, 0x0C, 0x92, 0xF1,
    0x58, 0xA0, 0xAD, 0x40, 0xBF, 0x37, 0xAB, 0x2E, 0xD2, 0xB4, 0x8B, 0xEF, 0xB5, 0xD2, 0xAF, 0x0E,
    0x00, 0xD3, 0x39, 0x70, 0xEE, 0x2F, 0x40, 0x3A, 0x9D, 0xF0, 0xBA, 0x34, 0x91, 0xCD, 0xD3, 0xD1,
    0x11, 0x41, 0xE1, 0x0F, 0x6E, 0x64, 0x41, 0x6C, 0x71, 0x66, 0xEF, 0x41, 0x3E, 0x03, 0xD6, 0xAD,
    0xCD, 0x8D, 0x7A, 0x79, 0xFC, 0xF3, 0x3C, 0x05, 0x0C, 0x17, 0x8B, 0x35, 0x82, 0x0F, 0xFD, 0x42,
    0xC2, 0xAC, 0xDF, 0x9C, 0xC2, 0x42, 0xFF, 0x34, 0x15, 0x0B, 0xF5, 0xE7, 0xA8, 0xEB, 0xAE, 0xD2,
    0xA5, 0x14, 0x60, 0x38, 0xC7, 0xD7, 0x3C, 0x29, 0x6E, 0xE1, 0xA3, 0x1B, 0x24, 0x10, 0x8C, 0xB3,
    0x11, 0x95, 0xD8, 0xF3, 0x5C, 0xEE, 0xA0, 0x46, 0x39, 0x62, 0x42, 0x72, 0x1E, 0x8D, 0x42, 0x46,
    0xE3, 0x6D, 0x3A, 0x1A, 0x36, 0x6B, 0xB4, 0x03, 0x4F, 0xE5, 0xD9, 0x1D, 0x12, 0xE8, 0x8C, 0xA3,
    0x71, 0x52, 0x3E, 0xBC, 0x05, 0xE6, 0x49, 0x8D, 0xC9, 0x11, 0x33, 0x12, 0x98, 0x8D, 0xD1, 0x18,
    0xC8, 0xB9, 0x4A, 0xC0, 0x2B, 0x7E, 0x86, 0x01, 0x7F, 0x78, 0x43, 0x01, 0x74, 0x44, 0x24, 0x66,
    0xA9, 0xCF, 0x3C, 0x96, 0xA1, 0x3E, 0x46, 0x06, 0xA6, 0x1A, 0x26, 0x62, 0x20, 0x1A, 0xB3, 0xFD,
    0x7E, 0x71, 0xF8, 0x2B, 0x07, 0x74, 0xDF, 0xFD, 0x47, 0x04, 0x7B, 0x82, 0x68, 0xC7, 0x57, 0x9A,
    0x10, 0x1C, 0xBE, 0xDB, 0xDD, 0x69, 0x5C, 0x7C, 0x41, 0x37, 0x5E, 0x17, 0x0C, 0xAB, 0x1F, 0xD8,
    0x2E, 0xD5, 0x8E, 0x8B, 0xCF, 0x5B, 0xC9, 0x95, 0x3B, 0xD6, 0x38, 0x8F, 0x56, 0x25, 0xB5, 0x2B,
    0x85, 0xDC, 0x5A, 0x17, 0xDC, 0x7C, 0x0A, 0xCA, 0x90, 0x50, 0x7C, 0x6F, 0x76, 0x0A, 0xDD, 0x06,
    0xAD, 0xF9, 0x4A, 0x17, 0x48, 0x47, 0x09, 0xDE, 0xB2, 0x04, 0xF3, 0x9B, 0x58, 0xDC, 0xFC, 0xAF,
    0x12, 0xC0, 0xBE, 0x6A, 0xA6, 0x20, 0x2C, 0x97, 0x6D, 0x6C, 0x4F, 0xBB, 0x4E, 0xEA, 0xF6, 0xCD,
    0x6E, 0x86, 0x2D, 0x14, 0x29, 0x91, 0xE3, 0x17, 0x3E, 0x70, 0x09, 0x1E, 0x03, 0x95, 0x35, 0x74,
    0xCD, 0x27, 0x35, 0xE1, 0xCE, 0xBC, 0x6D, 0xB1, 0xAB, 0xC3, 0xC7, 0x2C, 0xF9, 0xCC, 0xAB, 0x46,
    0x45, 0x3D, 0x28, 0xB6, 0xBB, 0x66, 0xBF, 0x41, 0xB8, 0x61, 0x6F, 0x0D, 0xB7, 0x50, 0x88, 0x27,
    0x18, 0xBE, 0x81, 0x53, 0x86, 0xFC, 0x26, 0xA1, 0x0F, 0x94, 0x71, 0xEF, 0xCB, 0x23, 0x63, 0xA3,
    0xC8, 0xDB, 0xDB, 0xFE, 0x9B, 0x6B, 0xC1, 0x86, 0xAD, 0x48, 0xB1, 0x07, 0x80, 0xFE, 0x08, 0xA7,
    0xD8, 0xDD, 0xE6, 0x51, 0x4D, 0x14, 0x9B, 0x1B, 0x8A, 0x12, 0x4D, 0x3A, 0xAF, 0xF3, 0x31, 0x12,
    0x31, 0x45, 0x5B, 0x2A, 0xAA, 0x7C, 0x4A, 0x21, 0x5F, 0x06, 0x22, 0xC7, 0x88, 0x0A, 0xA7, 0x70,
    0x18, 0x89, 0x40, 0x74, 0x22, 0x25, 0xDB, 0xB0, 0x7B, 0xD3, 0x5E, 0x4F, 0xA7, 0x58, 0xF2, 0x95,
    0xDC, 0x88, 0x6C, 0xC1, 0x7C, 0x8D, 0xA7, 0xDD, 0x8B, 0x5C, 0xAA, 0x7F, 0x08, 0xD6, 0xA2, 0x35,
    0xDD, 0xC3, 0xF6, 0x8C, 0xD6, 0xBE, 0x67, 0xBB, 0xCA, 0x5C, 0x2A, 0x7E, 0x27, 0xB9, 0x74, 0x91,
    0x4B, 0x25, 0x2F, 0xDF, 0xE1, 0xA6, 0xDD, 0x95, 0x40, 0x70, 0xAA, 0x3E, 0xBC, 0xD2, 0xFA, 0x6E,
    0x71, 0xC5, 0x6A, 0x54, 0xD6, 0xD3, 0x7C, 0x79, 0x3E, 0xD0, 0x49, 0xC1, 0x1E, 0x5B, 0xAF, 0x87,
    0x37, 0xE9, 0x00, 0xDF, 0x47, 0xF0, 0x40, 0xEF, 0xD9, 0x1F, 0x4C, 0x76, 0x62, 0xBB, 0x2C, 0x4E,
    0xEB, 0xE0, 0x79, 0xE8, 0xA5, 0xCA, 0x9E, 0x56, 0xF6, 0x9F, 0xFF, 0xEF, 0xF2, 0x46, 0xDC, 0x0F,
    0x3B, 0xF7, 0x41, 0xCF, 0xCF, 0x1B, 0xDD, 0x4B, 0x57, 0x68, 0x98, 0x38, 0xA1, 0xF8, 0x32, 0x1F,
    0x6D, 0x82, 0xD4, 0x1D, 0x9B, 0x89, 0xC0, 0xC8, 0xCB, 0xD5, 0x7A, 0x8E, 0xF3, 0xFD, 0x97, 0xFF,
    0xA0, 0xFF, 0x1E, 0x3A, 0x33, 0x48, 0x0D, 0x20, 0x7E, 0xDC, 0x3F, 0x75, 0xB0, 0x01, 0x0F, 0x54,
    0x9C, 0xD7, 0xFB, 0x7E, 0xD1, 0xD6, 0xED, 0xF5, 0xEC, 0x0E, 0x95, 0xBB, 0x79, 0xBF, 0x6A, 0x5C,
    0x15, 0xA6, 0x6A, 0xC5, 0x2B, 0x1E, 0xC7, 0x68, 0x8B, 0x36, 0xD4, 0x2D, 0x37, 0x7C, 0x31, 0x4D,
    0xA8, 0x29, 0x2A, 0xA8, 0x42, 0x81, 0x99, 0x3A, 0x09, 0x22, 0x75, 0x10, 0xF4, 0xD4, 0x46, 0x2E,
    0x1D, 0x9D, 0x5B, 0x55, 0xEC, 0x34, 0xF0, 0x6C, 0x02, 0x0D, 0x8F, 0x16, 0x41, 0xB7, 0xC8, 0xB8,
    0x48, 0xB4, 0x2C, 0xE5, 0x64, 0x92, 0xCD, 0xC7, 0x92, 0x53, 0xD6, 0x2C, 0x56, 0xC0, 0xA4, 0x37,
    0x99, 0x5F, 0x88, 0xDB, 0xF7, 0xA5, 0xDD, 0xFE, 0x1D, 0xA5, 0xCD, 0x03, 0xDA, 0xD5, 0x92, 0x26,
    0xA3, 0x2C, 0xE1, 0x39, 0x1F, 0xC1, 0x37, 0x8B, 0x2D, 0x3F, 0x3C, 0xDE, 0xCD, 0x3E, 0xB5, 0xE5,
    0x75, 0xF5, 0x8D, 0x3C, 0x63, 0x90, 0xBA, 0x75, 0x9D, 0xAC, 0x74, 0x0F, 0xD1, 0xEE, 0x5F, 0xB6,
    0x65, 0x98, 0x8F, 0xDF, 0x2D, 0xBC, 0xF8, 0x07, 0xA0, 0x75, 0xA8, 0x6C, 0xE5, 0x7D, 0x75, 0x00,
    0x4F, 0xE0, 0x42, 0x8F, 0x9D, 0x33, 0x66, 0xE7, 0x7A, 0xC9, 0x23, 0x75, 0x90, 0xE2, 0xA0, 0x0A,
    0x37, 0x1E, 0xA9, 0xC2, 0xC5, 0x45, 0xCB, 0xA8, 0x1F, 0x83, 0x94, 0xA3, 0xC2, 0xE9, 0x67, 0xCC,
    0x15, 0x93, 0x16, 0xD5, 0xDE, 0xF8, 0x99, 0x67, 0x2E, 0x08, 0xEC, 0xCE, 0xA6, 0xDA, 0xD2, 0xD9,
    0x82, 0xA7, 0xAF, 0x04, 0xAF, 0x63, 0x79, 0xBB, 0x70, 0x77, 0xA2, 0x0A, 0xDE, 0x8D, 0xF8, 0x17,
    0x34, 0xE2, 0xFF, 0x3C, 0xD6, 0x1F, 0x9B, 0xE7, 0x38, 0xB8, 0x4F, 0x4C, 0x83, 0xED, 0x96, 0x05,
    0x1D, 0x90, 0x68, 0x83, 0x95, 0x61, 0xE0, 0x58, 0xB6, 0x36, 0xD8, 0x5B, 0xD6, 0xD1, 0xDA, 0xB8,
    0xE9, 0x87, 0xFD, 0x60, 0xC2, 0x13, 0xEA, 0x54, 0xBB, 0x55, 0xFB, 0xD4, 0x26, 0xDA, 0x87, 0x6C,
    0x96, 0x92, 0x2B, 0x3B, 0xB3, 0x45, 0x80, 0xA0, 0xC8, 0xE3, 0x06, 0x83, 0x6A, 0x36, 0x25, 0x18,
    0x8B, 0x51, 0x12, 0xA4, 0x88, 0x65, 0x50, 0xCD, 0x11, 0x6D, 0x5D, 0xBC, 0xFA, 0xF1, 0x5C, 0x77,
    0x22, 0xC0, 0x7B, 0x58, 0xCC, 0x4A, 0x0B, 0x54, 0x6C, 0x67, 0xE5, 0x6D, 0x65, 0x40, 0x5C, 0xB4,
    0xFD, 0x94, 0x75, 0xDB, 0xF4, 0x93, 0xDD, 0x81, 0x00, 0xA6, 0x8B, 0x68, 0xA9, 0x07, 0xE2, 0x3F,
    0x8D, 0xE8, 0x8C, 0xD1, 0x08, 0x33, 0xBA, 0xA8, 0xAC, 0x27, 0xAD, 0x72, 0xF3, 0x04, 0x13, 0xE3,
    0x2D, 0x34, 0x96, 0xFF, 0xE8, 0x02, 0x81, 0x9C, 0xAB, 0xB5, 0x3D, 0xC7, 0xBC, 0x8A, 0xF7, 0x6F,
    0x1C, 0x2E, 0x72, 0xC4, 0x13, 0xFE, 0x7E, 0x2E, 0xFF, 0xFB, 0x15, 0x09, 0xF4, 0x47, 0x35, 0x83,
    0xBF, 0xDF, 0x5C, 0xDF, 0xB6, 0xB4, 0xCA, 0x8D, 0xD1, 0xE2, 0xF7, 0x4F, 0x8F, 0x5B, 0x12, 0x8D,
    0xB7, 0x8F, 0xDE, 0xD6, 0x6C, 0xF4, 0x4F, 0x95, 0x12, 0x98, 0x54, 0x98, 0x85, 0x93, 0x45, 0xB1,
    0xFF, 0x3D, 0x33, 0xD8, 0xB3, 0x57, 0xF9, 0xBF, 0x34, 0x92, 0x56, 0xC0, 0x0D, 0x26, 0x75, 0xA0,
    0xDC, 0xC7, 0xD9, 0xEE, 0x57, 0x02, 0x0B, 0x17, 0xC9, 0x4C, 0x07, 0x2D, 0x1C, 0x15, 0x60, 0x71,
    0x93, 0x68, 0x52, 0xC2, 0x24, 0x47, 0xB7, 0x79, 0x1B, 0xAD, 0xD9, 0x64, 0x36, 0xDB, 0x44, 0x6A,
    0x13, 0x7B, 0x19, 0xB2, 0x1A, 0x8E, 0xAB, 0x15, 0x5D, 0x13, 0xDF, 0x6B, 0xD2, 0x44, 0xF7, 0x1B,
    0xB3, 0xEF, 0x53, 0x20, 0xFA, 0x5E, 0x1D, 0xE3, 0xB7, 0x7D, 0xCF, 0x26, 0xFA, 0xDE, 0x8D, 0xCA,
    0x0F, 0xF5, 0x15, 0xA9, 0xBD, 0x11, 0x40, 0xFB, 0x18, 0xCF, 0xD4, 0x61, 0x69, 0x34, 0xCF, 0xB0,
    0xE4, 0x24, 0x8B, 0x28, 0xFF, 0x8B, 0x35, 0xEC, 0x26, 0xAB, 0x4D, 0xB9, 0x31, 0x4A, 0x89, 0xD1,
    0xDC, 0xF0, 0xC5, 0x85, 0x64, 0xF0, 0x30, 0x81, 0x89, 0xE6, 0x6A, 0xCC, 0xCE, 0xD6, 0xAD, 0x4A,
    0x32, 0xB9, 0x4E, 0x25, 0x8D, 0x65, 0x50, 0xC9, 0xC7, 0xC2, 0x24, 0xE4, 0xAC, 0xA2, 0x0C, 0x66,
    0x91, 0x9D, 0xCD, 0xD7, 0x72, 0xCC, 0xD9, 0xCF, 0x9B, 0x49, 0x25, 0x5B, 0xE4, 0xEC, 0x6B, 0xA2,
    0xE2, 0x55, 0xE6, 0x7C, 0x74, 0xBD, 0x64, 0x51, 0x25, 0x48, 0xAE, 0x62, 0xEF, 0xD6, 0xF3, 0x31,
    0xA7, 0xAD, 0x55, 0x89, 0x26, 0xD9, 0x2C, 0xDA, 0xEE, 0x31, 0x81, 0xA0, 0x35, 0x31, 0xEF, 0xC8,
    0x2C, 0xA0, 0x71, 0x38, 0x58, 0x46, 0x7D, 0x24, 0xAA, 0x2C, 0x3E, 0x9A, 0x95, 0xAE, 0x07, 0xD9,
    0xB2, 0xF1, 0xFE, 0x7D, 0xDF, 0xAE, 0x6B, 0x7C, 0x39, 0x3C, 0x24, 0xC6, 0x74, 0xF2, 0xF7, 0x46,
    0xC9, 0xA3, 0xFF, 0x5D, 0x14, 0x6D, 0xD0, 0xDD, 0x59, 0x7B, 0xE0, 0xEF, 0x82, 0xEE, 0xD8, 0x6F,
    0x51, 0xD5, 0x9D, 0xB7, 0x27, 0xFE, 0xBE, 0xA5, 0x4A, 0xC2, 0xE9, 0x31, 0xA7, 0x34, 0x98, 0xE6,
    0x18, 0x56, 0x8D, 0xA6, 0xE5, 0x27, 0x8B, 0xBA, 0x3F, 0xCE, 0x8B, 0xBE, 0x03, 0x53, 0x2D, 0x5C,
    0x51, 0x51, 0x71, 0x81, 0xDE, 0xDF, 0x41, 0x7F, 0x11, 0x58, 0xE8, 0x56, 0x0D, 0xE7, 0x74, 0xD4,
    0xFC, 0xC5, 0x80, 0x9F, 0x47, 0xD5, 0x32, 0xE0, 0x67, 0x93, 0xAA, 0xEB, 0xF1, 0x3A, 0x54, 0xEB,
    0x0E, 0x3F, 0xA5, 0xA2, 0xC5, 0x4F, 0xD0, 0x28, 0x1B, 0xE3, 0x3B, 0xAC, 0xDE, 0xB7, 0xD0, 0xD6,
    0x73, 0x3B, 0xC1, 0xBB, 0xB3, 0xAA, 0x0B, 0xB8, 0x37, 0xA9, 0x96, 0xC3, 0xD5, 0xD5, 0xFF, 0xF7,
    0x6C, 0x6F, 0x6B, 0x5A, 0xAC, 0xEA, 0xD0, 0x2F, 0xFA, 0x41, 0x30, 0xF5, 0x6F, 0x0C, 0xA6, 0xF8,
    0xAB, 0xC8, 0x81, 0xFB, 0x11, 0x92, 0x49, 0xD5, 0x56, 0xF9, 0xAA, 0x58, 0x95, 0x26, 0xF4, 0xFE,
    0xE9, 0x5F, 0x60, 0x9D, 0x2C, 0x3F, 0x9E, 0x5D, 0xA7, 0xAA, 0xDD, 0x77, 0x41, 0xB5, 0xBE, 0x3B,
    0x17, 0x54, 0xDC, 0xD5, 0x49, 0x16, 0x1D, 0xCF, 0xD7, 0xE7, 0x2C, 0x8A, 0x8E, 0x6E, 0x32, 0xA7,
    0xF3, 0xA2, 0x09, 0x6C, 0x1E, 0x70, 0x5E, 0x36, 0x24, 0x2F, 0x7A, 0xB6, 0xF3, 0x83, 0x1D, 0xDB,
    0xEA, 0x5E, 0xCC, 0x5C, 0xB6, 0x9C, 0xEE, 0x04, 0xB6, 0x28, 0xDF, 0x88, 0xCB, 0x4A, 0x1D, 0xEC,
    0xAF, 0x75, 0x8F, 0x83, 0xED, 0x9B, 0x80, 0xF5, 0x09, 0x60, 0x22, 0xFE, 0x08, 0xC7, 0x03, 0xD7,
    0x5D, 0xE4, 0x93, 0x95, 0xCE, 0x66, 0x0A, 0xAB, 0xC9, 0x66, 0x4A, 0xC5, 0xF3, 0xF3, 0x06, 0x0D,
    0x85, 0x03, 0x3E, 0x52, 0x3A, 0x3B, 0xFD, 0xFA, 0xDE, 0x05, 0xB3, 0xE4, 0x97, 0xF5, 0x69, 0xE9,
    0x0D, 0x29, 0xD8, 0x2E, 0xE3, 0xFE, 0x0D, 0xBE, 0x1D, 0xDA, 0xE9, 0x70, 0x9A, 0x7D, 0x7E, 0xCF,
    0xAC, 0xB2, 0xED, 0xD4, 0xB6, 0x2A, 0xEC, 0xBC, 0x6E, 0xDD, 0x69, 0xD7, 0x15, 0x97, 0x45, 0xE8,
    0xF0, 0xE6, 0x3A, 0xB7, 0xA3, 0xE4, 0x3A, 0xB3, 0x51, 0xCA, 0x80, 0xD7, 0x27, 0x71, 0x3A, 0xAB,
    0xB3, 0x38, 0xCE, 0x29, 0xC7, 0xAC, 0xB1, 0x17, 0xBA, 0xB0, 0x22, 0x17, 0x45, 0x8A, 0x75, 0xF5,
    0xB4, 0x19, 0x76, 0xBF, 0xB6, 0xE5, 0x65, 0xBD, 0x11, 0x8D, 0x30, 0x35, 0x5A, 0xA4, 0x0E, 0x2E,
    0x58, 0xA4, 0x18, 0x15, 0x5C, 0x7A, 0xA7, 0x6C, 0xCE, 0x61, 0xED, 0x1D, 0x16, 0xDB, 0x1A, 0x99,
    0xF7, 0x11, 0xAB, 0x30, 0x9F, 0xDD, 0xC7, 0x56, 0x5B, 0x19, 0x5D, 0xB0, 0x6B, 0xB9, 0x60, 0xCF,
    0xE9, 0x69, 0xE2, 0x18, 0xD5, 0x08, 0x87, 0xC7, 0x4E, 0xA8, 0x4C, 0x2C, 0x47, 0xC1, 0x6F, 0x19,
    0xE1, 0xFE, 0xF6, 0x0E, 0x1A, 0x8D, 0x4C, 0x02, 0xBB, 0x9B, 0xB4, 0x65, 0x78, 0x17, 0x62, 0x63,
    0x79, 0x75, 0x79, 0x5E, 0xEF, 0x5B, 0xEB, 0xCB, 0x41, 0x9C, 0x59, 0xAD, 0xB6, 0x18, 0xB7, 0xD0,
    0xB4, 0x2C, 0x72, 0x8D, 0xB4, 0xB4, 0x16, 0xBA, 0x04, 0x4F, 0x80, 0xB0, 0xAC, 0xB8, 0x7E, 0x91,
    0xB8, 0x08, 0x74, 0xF9, 0x31, 0x52, 0x71, 0xD5, 0x45, 0xDF, 0x72, 0xD1, 0x45, 0xA7, 0xE2, 0x5F,
    0x8F, 0xAE, 0xD7, 0xAA, 0xBF, 0x1F, 0x0B, 0xDE, 0xC9, 0x49, 0xCC, 0x83, 0x7F, 0x67, 0x56, 0xD1,
    0x7B, 0x7C, 0x4A, 0x62, 0x1A, 0xE5, 0x2D, 0x29, 0x7A, 0x41, 0x85, 0x20, 0xEE, 0x3D, 0xF4, 0xEA,
    0x5D, 0x8D, 0x22, 0xA9, 0x46, 0xE4, 0x16, 0x46, 0x9B, 0x5A, 0x3B, 0x49, 0x84, 0x42, 0x31, 0xE4,
    0x83, 0xF8, 0x98, 0xAC, 0xEF, 0x8A, 0x73, 0xC2, 0x62, 0xDA, 0xF1, 0xAB, 0x3F, 0x46, 0xBF, 0xF7,
    0x65, 0xC7, 0xD5, 0x97, 0xBD, 0x06, 0xB3, 0x4A, 0xDE, 0x32, 0x9B, 0xCB, 0x33, 0xEF, 0x91, 0x13,
    0xF5, 0x24, 0x2F, 0x7B, 0xC4, 0x74, 0x5F, 0x3D, 0x7B, 0xFE, 0x48, 0xDC, 0x7C, 0x72, 0xFC, 0xC0,
    0xC8, 0x9E, 0x80, 0x95, 0xEC, 0x5A, 0x4E, 0x6C, 0x08, 0x59, 0xC3, 0xCB, 0x92, 0x8E, 0x1B, 0x34,
    0xDB, 0x39, 0xE3, 0xFD, 0xF7, 0xCB, 0xC0, 0xDC, 0xB6, 0x7B, 0x0C, 0x52, 0xB0, 0x98, 0x95, 0xC8,
    0x3E, 0x4C, 0x6D, 0x1F, 0x5D, 0xD0, 0xC8, 0xE5, 0x9B, 0x60, 0xBE, 0x89, 0x08, 0x04, 0x44, 0x7F,
    0x3B, 0xCA, 0xD2, 0x2D, 0xB1, 0x97, 0x4F, 0xD7, 0x77, 0xD8, 0x56, 0x95, 0x03, 0xFB, 0xC7, 0x27,
    0x73, 0x34, 0x9F, 0x06, 0xDB, 0xAD, 0x98, 0x10, 0xA5, 0x20, 0x12, 0x42, 0xC3, 0x25, 0x71, 0x7D,
    0x16, 0xB5, 0x5D, 0x5F, 0x55, 0x42, 0x16, 0xB7, 0xA8, 0x28, 0x09, 0xA4, 0x8C, 0x59, 0xCC, 0x60,
    0x4F, 0xD7, 0xEB, 0x89, 0x7D, 0xE4, 0xD5, 0xB6, 0x14, 0x3B, 0x52, 0xDB, 0xDD, 0x7E, 0x85, 0x0D,
    0x5A, 0x5C, 0xCB, 0x67, 0x94, 0xCB, 0xD7, 0xC9, 0x72, 0xF8, 0x3C, 0x5E, 0xAD, 0xCA, 0xE1, 0xF2,
    0x75, 0xB4, 0xE5, 0x50, 0x8E, 0x64, 0x1E, 0x8F, 0x38, 0x91, 0xD9, 0xC2, 0x99, 0x4C, 0x17, 0xE2,
    0x31, 0x76, 0x4C, 0xF5, 0xBD, 0xE6, 0x9F, 0xEB, 0xA0, 0x8C, 0x2E, 0x96, 0x43, 0x1D, 0x4B, 0xD8,
    0xC2, 0x22, 0xFB, 0x84, 0xE4, 0x0A, 0xB2, 0x6E, 0xD4, 0x04, 0xAF, 0xFE, 0x8C, 0xB4, 0xB0, 0x35,
    0x57, 0xA7, 0xB4, 0xA9, 0x38, 0x18, 0x52, 0x4E, 0x64, 0x77, 0x05, 0x74, 0x8B, 0xA5, 0x1E, 0xEC,
    0x79, 0x60, 0xA4, 0x9B, 0xA8, 0x6D, 0x18, 0x8C, 0x41, 0x39, 0x99, 0x49, 0x99, 0x2F, 0x60, 0xA0,
    0xC7, 0xBE, 0xE6, 0xB1, 0x52, 0xAC, 0xA1, 0x8C, 0xF9, 0xCC, 0xDA, 0x32, 0x74, 0x5B, 0x84, 0xE5,
    0x2A, 0x42, 0x56, 0x76, 0x75, 0x6B, 0x49, 0xB7, 0x1F, 0xE1, 0xC3, 0xAB, 0xBF, 0x04, 0x98, 0xD6,
    0x67, 0x5A, 0x38, 0x35, 0x9F, 0x08, 0x1D, 0xF7, 0x88, 0xF5, 0xD5, 0x1F, 0x80, 0x63, 0x9C, 0xED,
    0x2C, 0xA1, 0x0E, 0xE6, 0x37, 0x97, 0x71, 0x83, 0x2E, 0xB7, 0xDE, 0x28, 0xE4, 0xDC, 0x7F, 0xAD,
    0x40, 0xCB, 0x56, 0xF2, 0xD0, 0xE5, 0x66, 0x7B, 0x62, 0x63, 0xED, 0xC6, 0xAC, 0xFD, 0xDC, 0xE2,
    0xFD, 0xE5, 0x9C, 0xB5, 0xBC, 0xCA, 0xCF, 0x66, 0xCD, 0xC8, 0x48, 0x6E, 0x3F, 0x16, 0x5C, 0x46,
    0x3A, 0xBD, 0x62, 0x76, 0xCD, 0xC8, 0x1D, 0xA3, 0xF3, 0x3C, 0xD6, 0x05, 0xB4, 0xC6, 0x46, 0xA4,
    0xFC, 0x08, 0x15, 0x0F, 0x5F, 0x10, 0x72, 0x3E, 0x3A, 0x82, 0x2D, 0x1C, 0x6D, 0xF4, 0x83, 0x52,
    0xC8, 0x93, 0x8A, 0xCD, 0x42, 0x2F, 0x76, 0xEE, 0x35, 0x07, 0x3D, 0x88, 0x83, 0x94, 0xA3, 0x92,
    0x17, 0xF5, 0x3D, 0x1B, 0xC0, 0xFB, 0x75, 0xE6, 0x39, 0x8D, 0x47, 0x94, 0xFD, 0x96, 0xB6, 0xC1,
    0x0F, 0xCC, 0x35, 0xBF, 0x17, 0x95, 0xF4, 0x4B, 0x44, 0xDC, 0x83, 0x81, 0xB4, 0xFA, 0x0B, 0xEB,
    0xB3, 0x6D, 0xDE, 0xFF, 0xDD, 0xDE, 0xF7, 0xC3, 0xCA, 0x71, 0x5D, 0xE7, 0x9F, 0xD9, 0x85, 0xB8,
    0x36, 0xF7, 0xF7, 0xF3, 0xA8, 0x10, 0x61, 0x9B, 0x02, 0x3C, 0x6E, 0x43, 0x3B, 0x99, 0xDA, 0x40,
    0x9C, 0x19, 0x49, 0x40, 0xD2, 0xB2, 0xE0, 0xB3, 0x81, 0xB8, 0x90, 0x8B, 0x34, 0x56, 0x0A, 0xF6,
    0x80, 0xA3, 0x59, 0x44, 0x85, 0x0B, 0x17, 0x21, 0x02, 0xA8, 0x72, 0x91, 0x97, 0x84, 0x85, 0xB2,
    0x44, 0x2C, 0x17, 0x29, 0x65, 0xCC, 0x04, 0x42, 0xE0, 0xC2, 0x45, 0xD6, 0x16, 0x84, 0x14, 0x2E,
    0x3C, 0x91, 0xED, 0x18, 0x56, 0x0A, 0xDE, 0x58, 0x23, 0x6B, 0x44, 0xCD, 0xCC, 0xC9, 0x7C, 0xDF,
    0xB9, 0x73, 0x77, 0xDE, 0xF2, 0x3D, 0x9A, 0x8F, 0x96, 0x28, 0x32, 0xC9, 0x05, 0xE7, 0xFB, 0x2E,
    0xF7, 0xED, 0xFC, 0x3B, 0x73, 0x77, 0xEE, 0xBD, 0xE7, 0xDF, 0xB5, 0xF8, 0x0D, 0x59, 0xE1, 0xD2,
    0x2E, 0xBE, 0x72, 0xE5, 0xC6, 0x58, 0xC5, 0x7D, 0x73, 0x70, 0x85, 0x7D, 0x5F, 0xA2, 0x5F, 0x53,
    0x45, 0x6D, 0x40, 0x9D, 0xC9, 0xBC, 0x3C, 0x72, 0x12, 0xBB, 0xF2, 0xB7, 0xD4, 0x29, 0x70, 0xD7,
    0xB8, 0x2B, 0xD0, 0xC1, 0xF7, 0x1C, 0x52, 0xEA, 0xAA, 0xC1, 0x1F, 0x9E, 0xE9, 0x84, 0xE5, 0xE3,
    0x90, 0xAD, 0x2F, 0xC1, 0xE9, 0x0C, 0x1C, 0x8C, 0x14, 0x2C, 0x7E, 0x3A, 0x35, 0x45, 0x00, 0x59,
    0x75, 0xAD, 0x35, 0xC7, 0x56, 0x3C, 0x24, 0x26, 0x8D, 0x50, 0xE5, 0x5D, 0x63, 0xA7, 0x5C, 0xAB,
    0xB3, 0x89, 0xAC, 0x6F, 0xFC, 0x4D, 0xD6, 0x0A, 0x5B, 0x3A, 0x01, 0x22, 0x4C, 0x71, 0x1F, 0xAC,
    0x36, 0xB1, 0xFD, 0x4E, 0x58, 0xED, 0x23, 0xAD, 0xAC, 0x0A, 0x9F, 0xAA, 0x8D, 0x55, 0x79, 0x6F,
    0xB6, 0xDB, 0x42, 0xFF, 0x44, 0xC5, 0x0E, 0x26, 0xFA, 0xC3, 0x5E, 0xEC, 0x14, 0xBC, 0x61, 0x3B,
    0xB1, 0x14, 0xB7, 0x5B, 0x7F, 0x39, 0x92, 0xD1, 0x61, 0x71, 0xB7, 0xE6, 0x74, 0xC8, 0x4D, 0x97,
    0x1E, 0x87, 0xA9, 0x16, 0x25, 0x41, 0x55, 0x18, 0x04, 0x51, 0x01, 0x74, 0x63, 0x2A, 0x05, 0xFE,
    0xB4, 0x51, 0x95, 0xA9, 0xAC, 0x87, 0x50, 0x8D, 0xFB, 0x50, 0x2D, 0x3A, 0x5F, 0xE1, 0xC9, 0x42,
    0xB5, 0xDE, 0x57, 0xF3, 0x50, 0x6D, 0x81, 0xD1, 0x3F, 0x4C, 0xCE, 0x38, 0x85, 0x3A, 0xC6, 0x4C,
    0x8F, 0xA8, 0x3D, 0x07, 0xD0, 0x35, 0xDD, 0x06, 0x38, 0x06, 0x49, 0xF4, 0x3B, 0x18, 0x7F, 0x44,
    0xF6, 0x16, 0xA9, 0xA9, 0xCE, 0xB3, 0xF7, 0x84, 0x19, 0x2B, 0x26, 0xD3, 0x6B, 0x69, 0xB5, 0x75,
    0xCF, 0x5A, 0xB3, 0xEA, 0xE3, 0xCE, 0x6A, 0x98, 0x79, 0xD8, 0xF7, 0x16, 0x9A, 0x82, 0xF0, 0x4F,
    0xF9, 0x2C, 0x28, 0xB0, 0xB2, 0x16, 0xBE, 0x72, 0xA4, 0xE0, 0xD0, 0x9E, 0xC6, 0x27, 0x0E, 0xFA,
    0xF9, 0x8E, 0xB3, 0xD1, 0x1C, 0x25, 0x24, 0xFE, 0x35, 0x64, 0xBA, 0x94, 0x6B, 0x36, 0x34, 0xB0,
    0x42, 0x91, 0x87, 0x9B, 0xB3, 0x12, 0xCD, 0xDA, 0xCC, 0x2E, 0xD4, 0xAA, 0xA9, 0x16, 0x84, 0x58,
    0x36, 0xA4, 0x85, 0xD1, 0xAA, 0xE3, 0xBE, 0x25, 0x05, 0x97, 0x58, 0x0B, 0x2B, 0xC3, 0x34, 0x46,
    0x1B, 0x5C, 0xD7, 0x40, 0x83, 0xC1, 0x4B, 0x6D, 0x36, 0xC0, 0xBD, 0xD4, 0xFB, 0x76, 0xCB, 0x1A,
    0x1E, 0xEA, 0x42, 0x1F, 0xEF, 0x16, 0xC4, 0x09, 0xE9, 0xE2, 0x2C, 0xB2, 0xAF, 0x18, 0x6D, 0xD2,
    0x8E, 0xED, 0xDF, 0x1F, 0x2C, 0xD6, 0xBF, 0x6C, 0x32, 0xB8, 0xF7, 0x7F, 0x80, 0x13, 0xF9, 0xD3,
    0xFA, 0x8B, 0xB0, 0x21, 0x0A, 0x0E, 0x81, 0xCF, 0xBC, 0x8A, 0xC7, 0xD4, 0x81, 0x87, 0xA5, 0x20,
    0xEA, 0x46, 0xBC, 0x45, 0xC2, 0x06, 0xC5, 0xAB, 0x59, 0xF0, 0x76, 0xDA, 0x15, 0xCF, 0xF7, 0x70,
    0x84, 0x59, 0xF3, 0x41, 0x2E, 0x27, 0x2C, 0x81, 0xB9, 0xA1, 0x7D, 0x92, 0x39, 0xA1, 0x8F, 0xE1,
    0x67, 0xD7, 0x30, 0x99, 0x97, 0xD7, 0x7B, 0x7F, 0x84, 0xE5, 0xA4, 0x7C, 0x30, 0xEB, 0xF5, 0xFB,
    0xE1, 0x8C, 0xF2, 0x47, 0xC2, 0x82, 0x57, 0x25, 0x8B, 0xF7, 0x25, 0xC5, 0x1E, 0xC3, 0x54, 0x51,
    0xAB, 0x34, 0x89, 0x55, 0x16, 0x7F, 0xDF, 0xBE, 0x00, 0x0E, 0x77, 0x25, 0xD4, 0xAF, 0x5A, 0xE9,
    0x3D, 0x47, 0x9D, 0xAF, 0xAC, 0x9D, 0xAF, 0x50, 0xDF, 0xCE, 0x50, 0x26, 0xB9, 0xCE, 0xE1, 0x1E,
    0x8D, 0x72, 0x35, 0xEE, 0xB7, 0x5B, 0x70, 0xC6, 0x00, 0x59, 0x59, 0x87, 0xB8, 0xF9, 0x9E, 0xFC,
    0x53, 0xE2, 0x0D, 0x23, 0xB8, 0x3B, 0x08, 0x3E, 0x3C, 0x0F, 0xAF, 0xEE, 0x3E, 0xA8, 0xEC, 0x4E,
    0xAD, 0xAC, 0x7A, 0x5F, 0x59, 0x0F, 0xB3, 0x0A, 0x8F, 0x63, 0x95, 0xB4, 0x43, 0x05, 0x81, 0x06,
    0x3D, 0x2A, 0x88, 0x84, 0x54, 0x54, 0xE8, 0x94, 0xF9, 0xF3, 0x54, 0x37, 0x25, 0x3E, 0x64, 0xB1,
    0x21, 0x84, 0x3D, 0xE5, 0x4C, 0xF5, 0x6F, 0xF8, 0x9C, 0x57, 0xDA, 0x2F, 0x74, 0x08, 0x1A, 0x5E,
    0xDE, 0xE8, 0x31, 0x90, 0x09, 0x29, 0xC8, 0xAA, 0xC3, 0xC6, 0xD8, 0x5A, 0x75, 0xBF, 0x36, 0xEE,
    0xBE, 0x7F, 0x79, 0x63, 0xB7, 0x05, 0x04, 0xE7, 0x7E, 0x47, 0xCF, 0x85, 0xD1, 0xA2, 0xF3, 0xBC,
    0x03, 0xC2, 0x3C, 0x79, 0xE1, 0x15, 0xB6, 0xF6, 0x4D, 0xA1, 0x3B, 0x59, 0x52, 0xAB, 0xD8, 0x30,
    0xBE, 0x21, 0xE3, 0xD8, 0xF3, 0xBB, 0xF2, 0xB9, 0xD2, 0xEB, 0xBF, 0xD6, 0xF6, 0x16, 0xF4, 0x0D,
    0x84, 0x86, 0x7B, 0x63, 0x2A, 0x65, 0xCA, 0xCA, 0x58, 0xC1, 0xC5, 0x9C, 0xF9, 0xE3, 0x20, 0xE7,
    0x59, 0xBF, 0xE0, 0x48, 0x29, 0x51, 0x14, 0x1B, 0x44, 0xFB, 0x26, 0xF5, 0x6B, 0xDF, 0xE0, 0xF3,
    0x42, 0x37, 0xB0, 0x58, 0xE2, 0xDF, 0xAC, 0x70, 0x28, 0x6C, 0xDC, 0x82, 0x93, 0x5B, 0x6F, 0x3B,
    0xF0, 0xA7, 0x96, 0x9B, 0x5A, 0x0E, 0xCA, 0xE3, 0xAF, 0xFB, 0x94, 0x68, 0xBB, 0xA5, 0x12, 0x7E,
    0x11, 0x42, 0x60, 0x8D, 0xA5, 0xF9, 0x72, 0x9C, 0x83, 0xBF, 0xFE, 0x99, 0x0B, 0x12, 0xCA, 0xA3,
    0xAB, 0x2B, 0xF5, 0x85, 0x6F, 0xD6, 0xB5, 0xD2, 0x12, 0x41, 0xF4, 0x61, 0x42, 0xED, 0x85, 0x9E,
    0x23, 0x81, 0x4F, 0x48, 0xAC, 0xFB, 0x37, 0x7A, 0x66, 0xD8, 0x12, 0x1B, 0xA2, 0x9B, 0x61, 0x33,
    0x43, 0x1B, 0xC6, 0x77, 0xC1, 0x61, 0x87, 0x51, 0x5D, 0x36, 0xC7, 0xFC, 0xBA, 0xD7, 0x41, 0x49,
    0x49, 0x4C, 0x89, 0x0B, 0xA2, 0x44, 0x85, 0x1D, 0xEA, 0x3E, 0xF1, 0x02, 0xFD, 0x02, 0xDA, 0xA5,
    0xC5, 0xB3, 0x74, 0xA9, 0xDE, 0x6A, 0xE8, 0x13, 0xE6, 0x4E, 0xF7, 0x09, 0x2B, 0x26, 0x9F, 0x30,
    0x3E, 0x68, 0x86, 0x2E, 0x39, 0x9E, 0x38, 0xE5, 0xE5, 0xFC, 0x36, 0x73, 0xE9, 0x17, 0x79, 0x5A,
    0xCC, 0xF5, 0xBE, 0x2F, 0x92, 0x3C, 0x83, 0x88, 0xC1, 0x77, 0x9C, 0xDD, 0x13, 0xCE, 0x11, 0x6C,
    0x43, 0x90, 0xFF, 0x6B, 0xC9, 0xEE, 0x33, 0x51, 0xBB, 0xA8, 0xB2, 0xE7, 0x70, 0x8B, 0x1F, 0xD4,
    0x6C, 0x49, 0xE6, 0x16, 0x62, 0xE7, 0x97, 0x1E, 0x4A, 0xD9, 0x36, 0xA9, 0x64, 0xE9, 0x22, 0x91,
    0x35, 0x3E, 0x5F, 0x54, 0x72, 0xA2, 0xC4, 0x55, 0x4A, 0x8D, 0x26, 0xB7, 0xFC, 0x45, 0x11, 0x79,
    0x4A, 0x7C, 0x6F, 0x9B, 0x6A, 0xFE, 0x05, 0xB3, 0x34, 0xD4, 0xC5, 0x10, 0xD7, 0x2F, 0x6E, 0x56,
    0xF5, 0x85, 0x3C, 0xAB, 0x0B, 0x57, 0x6C, 0x32, 0x49, 0x77, 0x2B, 0x27, 0x72, 0x51, 0x8A, 0x5D,
    0x59, 0x27, 0x6E, 0x5D, 0xA7, 0x15, 0xF6, 0x8D, 0x6E, 0xE2, 0xAE, 0x77, 0x74, 0x11, 0xC1, 0x7E,
    0xE5, 0x42, 0xEB, 0x17, 0xE5, 0xF2, 0x4E, 0x4E, 0x94, 0x72, 0x47, 0xB2, 0x41, 0xAA, 0x95, 0x65,
    0xF5, 0x4D, 0x5F, 0x5B, 0xE5, 0x94, 0xC1, 0xAC, 0x5C, 0xDC, 0x00, 0xBF, 0xE1, 0x67, 0x6E, 0x76,
    0x93, 0x83, 0x99, 0x6A, 0x9C, 0x44, 0xBB, 0x4F, 0xE1, 0x2E, 0xE4, 0x7B, 0x22, 0xF9, 0x13, 0x9C,
    0x24, 0x3F, 0x29, 0xE7, 0x2F, 0x49, 0xE3, 0xAF, 0x47, 0x8A, 0xC1, 0x77, 0x2E, 0x55, 0x93, 0x98,
    0x80, 0xFE, 0xD8, 0xD5, 0x2B, 0xD6, 0xFE, 0x3F, 0x4E, 0x72, 0xEE, 0x12, 0x11, 0x43, 0xB3, 0xA5,
    0xDB, 0x93, 0x76, 0x3E, 0x7A, 0x3A, 0xAA, 0x3F, 0xC7, 0xAB, 0x77, 0x12, 0x6D, 0x2E, 0x8E, 0xB5,
    0x4F, 0xCA, 0xD7, 0x0F, 0xDF, 0x66, 0x9B, 0xBB, 0x65, 0xF5, 0x1F, 0x6D, 0x90, 0xD5, 0x1F, 0x9E,
    0x72, 0xC2, 0x5C, 0x82, 0x50, 0xA7, 0xDA, 0x3A, 0xD4, 0xE2, 0x4D, 0xB8, 0x67, 0xDF, 0x3F, 0x8B,
    0xA4, 0xE1, 0x4F, 0x99, 0x3F, 0x6E, 0x25, 0x57, 0x44, 0x12, 0xCC, 0x14, 0xDC, 0x64, 0xEE, 0x5A,
    0xB4, 0x61, 0xF8, 0xD9, 0xA1, 0x56, 0xA3, 0xF6, 0x1A, 0x2E, 0x8C, 0xC7, 0xF9, 0xBC, 0x9C, 0xAF,
    0xBC, 0xE8, 0x3B, 0xF1, 0x1B, 0x41, 0xE2, 0x03, 0xFE, 0x4D, 0x1D, 0xFB, 0x8B, 0xC2, 0xF2, 0xF4,
    0x4E, 0x1E, 0xB4, 0x54, 0x00, 0x34, 0xA5, 0x25, 0xAF, 0x54, 0x51, 0x73, 0xD6, 0x93, 0xF9, 0x9B,
    0xC9, 0x1C, 0x9A, 0x56, 0x67, 0x63, 0x97, 0xB8, 0x92, 0x2F, 0x0B, 0x0A, 0x6A, 0x7F, 0x10, 0x24,
    0xF4, 0xFF, 0xC0, 0x41, 0x42, 0xF6, 0x55, 0x5F, 0xF6, 0xA2, 0x7F, 0x8A, 0xB8, 0x78, 0x45, 0x2E,
    0xDE, 0x14, 0x59, 0x0E, 0x12, 0x73, 0x90, 0x27, 0x36, 0x5F, 0x7C, 0x5B, 0xEB, 0x7D, 0x97, 0x9D,
    0xE8, 0x10, 0x26, 0x5A, 0x53, 0xE1, 0x3C, 0x6A, 0x07, 0x5A, 0x6B, 0x0D, 0x8A, 0x8D, 0x52, 0xA3,
    0xC2, 0x48, 0x49, 0x0B, 0xA3, 0xA5, 0x66, 0xA0, 0x78, 0x20, 0x25, 0x1D, 0x29, 0x6B, 0x48, 0x65,
    0x4D, 0xD2, 0x0A, 0xF4, 0x92, 0x6E, 0x40, 0xDF, 0x52, 0x01, 0xFD, 0x55, 0x4F, 0x7A, 0xB5, 0x25,
    0x95, 0x8E, 0xA4, 0xB5, 0x51, 0x25, 0xD9, 0x2F, 0xAE, 0x59, 0x18, 0x78, 0x67, 0xBE, 0x61, 0xAD,
    0x76, 0x20, 0xA7, 0x0D, 0xC9, 0xDA, 0xB0, 0x51, 0xB1, 0x23, 0x69, 0x15, 0xC8, 0xB7, 0x6C, 0x9B,
    0xC2, 0x98, 0x98, 0x7D, 0x89, 0x3B, 0xEE, 0xB5, 0x36, 0x5A, 0xE9, 0x33, 0x96, 0xF5, 0x47, 0xF9,
    0x75, 0xD5, 0xC1, 0xBE, 0x7D, 0x3C, 0xEF, 0xD0, 0xE8, 0x36, 0x0A, 0x07, 0xE5, 0x81, 0xA4, 0xA4,
    0xC8, 0x68, 0x69, 0x14, 0x1B, 0x25, 0x46, 0xD9, 0x7B, 0x24, 0xFD, 0x25, 0xE8, 0x47, 0xFA, 0x03,
    0xD0, 0x1B, 0xBA, 0x06, 0xFD, 0x64, 0x20, 0xDD, 0xEE, 0x48, 0xDA, 0x18, 0xD5, 0x24, 0x3A, 0x3B,
    0x8F, 0x94, 0x93, 0x06, 0x21, 0x75, 0x23, 0xF9, 0x11, 0x6B, 0x6F, 0x74, 0x42, 0xB3, 0x15, 0xB7,
    0x46, 0x0D, 0x29, 0x75, 0xA4, 0x2B, 0xC7, 0xB3, 0x28, 0xDE, 0x4F, 0xAB, 0x39, 0x5B, 0x55, 0x87,
    0xC0, 0xBF, 0x7A, 0x18, 0x6E, 0x50, 0x06, 0x39, 0xA0, 0x06, 0xB4, 0x4B, 0xC4, 0x4D, 0x42, 0x0B,
    0x30, 0x8C, 0xB0, 0xD6, 0x11, 0x56, 0x3A, 0xD5, 0xE2, 0xF1, 0xB3, 0xA8, 0xEC, 0x69, 0x4C, 0x03,
    0x38, 0x40, 0x35, 0x42, 0x6B, 0xF1, 0xB9, 0xEB, 0x61, 0x0E, 0xC1, 0x69, 0xC1, 0x11, 0xE0, 0xB9,
    0x70, 0x6C, 0x7F, 0x38, 0x1B, 0x94, 0xA0, 0x9A, 0x03, 0x1C, 0xA0, 0x5D, 0xEB, 0x51, 0x09, 0xA9,
    0xC5, 0x7D, 0x80, 0x6E, 0xAD, 0xDB, 0x72, 0x04, 0xD5, 0x06, 0xB0, 0x1B, 0x61, 0x38, 0x91, 0x5D,
    0x26, 0x44, 0xA0, 0xBD, 0x59, 0x6A, 0x48, 0x92, 0x40, 0x40, 0x93, 0xFC, 0xD9, 0x08, 0x3F, 0x78,
    0x0F, 0x99, 0x1D, 0x54, 0x91, 0x6F, 0x61, 0x08, 0xF9, 0x68, 0x9C, 0x87, 0xB7, 0x6F, 0x71, 0xB4,
    0x48, 0xFF, 0xC3, 0x0A, 0x20, 0x67, 0x03, 0xBD, 0xC6, 0x4B, 0x78, 0x8D, 0x97, 0xFF, 0xAA, 0x83,
    0x58, 0xCC, 0x0E, 0xA6, 0x93, 0x65, 0xEB, 0x87, 0xA3, 0x3B, 0x40, 0x4D, 0x97, 0x98, 0x19, 0xB8,
    0x2F, 0x02, 0x54, 0x09, 0xBB, 0xB2, 0xCB, 0xD8, 0xF7, 0x4D, 0x69, 0x39, 0x6E, 0xE3, 0x50, 0x6F,
    0xA1, 0x56, 0x5F, 0x2A, 0x36, 0xE3, 0x1E, 0xBF, 0xCF, 0x7E, 0xF7, 0x6C, 0xE0, 0x4F, 0xF8, 0x34,
    0xC8, 0x54, 0xEF, 0x86, 0x3B, 0xDB, 0xAD, 0xE5, 0xAF, 0xFB, 0xE8, 0xC0, 0x4A, 0xEA, 0xE6, 0xDB,
    0xA5, 0xA3, 0x02, 0xBA, 0xBF, 0xFD, 0x36, 0xE6, 0x7F, 0xC1, 0xD5, 0x3F, 0xC8, 0x66, 0x0D, 0xF0,
    0x10, 0x46, 0xFF, 0xA2, 0xB3, 0x42, 0xDA, 0xA9, 0x78, 0x3D, 0x00, 0xFC, 0x4A, 0xAE, 0x9E, 0x2F,
    0x3A, 0x3E, 0x1A, 0xED, 0x43, 0xB1, 0xEA, 0x70, 0x62, 0xEB, 0x45, 0xA6, 0xAD, 0x34, 0x1F, 0xFB,
    0x6A, 0xDA, 0x9E, 0x1F, 0x8E, 0xF8, 0xF9, 0x69, 0x1B, 0xDB, 0xDD, 0x21, 0xBC, 0x79, 0x74, 0xED,
    0x1E, 0x4D, 0xEE, 0x5F, 0xAE, 0xED, 0x5B, 0xF9, 0x00, 0xD0, 0x0A, 0xE0, 0xF4, 0x17, 0x7F, 0xCE,
    0xAC, 0x6D, 0x65, 0x37, 0x42, 0xDA, 0x8F, 0x10, 0x87, 0xEC, 0x15, 0x2B, 0xC0, 0x32, 0xC0, 0x4A,
    0x83, 0x9D, 0xA2, 0xB7, 0xB1, 0xEE, 0x67, 0x9F, 0xB1, 0xD0, 0x47, 0x07, 0xD8, 0x01, 0x72, 0xEF,
    0x46, 0x72, 0x64, 0x8E, 0x78, 0x1C, 0xC1, 0x1E, 0xC2, 0x61, 0x33, 0xFC, 0xCD, 0x0D, 0xDE, 0x7D,
    0xF8, 0x72, 0x08, 0x81, 0xAB, 0x93, 0x10, 0xDF, 0x46, 0xDF, 0x6F, 0x99, 0xC3, 0x3C, 0x35, 0xCD,
    0xF8, 0x15, 0xF9, 0xB3, 0x84, 0x43, 0xF4, 0x01, 0xD0, 0x01, 0xDC, 0x4C, 0x89, 0x54, 0x38, 0xB4,
    0xA4, 0xB4, 0xDD, 0x87, 0x0F, 0xC7, 0x3D, 0x50, 0x77, 0x54, 0x14, 0x50, 0x9F, 0x44, 0xAD, 0xD9,
    0x52, 0xFD, 0x94, 0xD9, 0x6E, 0xD1, 0xD1, 0x6A, 0x25, 0xE3, 0x9E, 0xA8, 0xF2, 0xCE, 0x69, 0xEB,
    0xC2, 0x29, 0xB3, 0x5F, 0xF3, 0x97, 0x12, 0x69, 0x49, 0xFF, 0x1B, 0xFF, 0x54, 0x7C, 0x65, 0x00,
    0x2F, 0xB5, 0x78, 0x87, 0x57, 0xB0, 0xD6, 0x0C, 0x4E, 0x4D, 0x4C, 0xA3, 0xE1, 0x4A, 0xF3, 0x34,
    0xA5, 0x61, 0x4C, 0x98, 0x48, 0x0A, 0x73, 0x07, 0xAA, 0xEF, 0x2C, 0x3B, 0x23, 0x2F, 0xE3, 0xE5,
    0xAB, 0x6B, 0x5C, 0x58, 0xA4, 0x8A, 0x3F, 0xE3, 0x52, 0xD5, 0xF9, 0x8B, 0x57, 0xA7, 0xBC, 0x85,
    0x64, 0x24, 0x2B, 0xC5, 0x83, 0x55, 0xEA, 0xB1, 0xA3, 0x7A, 0x02, 0xCE, 0x04, 0xF1, 0xE0, 0xE7,
    0x59, 0xDE, 0x1F, 0x2E, 0x5C, 0x4C, 0x59, 0xF3, 0xEA, 0xC2, 0xE5, 0xC6, 0xFE, 0xFA, 0x57, 0xFE,
    0x86, 0x16, 0x76, 0xF3, 0xE1, 0x96, 0x17, 0xAA, 0xD4, 0xEB, 0xAE, 0x20, 0x9D, 0xCA, 0x8B, 0xAB,
    0xC6, 0x9C, 0x02, 0xFB, 0x87, 0xBB, 0x5D, 0xD8, 0xF1, 0xD5, 0x9F, 0x4F, 0xFD, 0xF9, 0x35, 0xEB,
    0xC0, 0xA5, 0x0A, 0xCB, 0xF2, 0x9C, 0xBC, 0xD8, 0x7E, 0xBC, 0x39, 0x90, 0x3E, 0xCD, 0xBE, 0x75,
    0x00, 0x14, 0x00, 0x38, 0xA4, 0x7E, 0xB2, 0xDC, 0xF8, 0x99, 0x9D, 0xE5, 0x8C, 0xFA, 0xB9, 0xC8,
    0x87, 0x1A, 0xB6, 0xF7, 0x3C, 0x74, 0x2F, 0x8E, 0xBD, 0x3C, 0x15, 0x24, 0x5F, 0xED, 0xCC, 0xB2,
    0x88, 0xDD, 0xAE, 0x6F, 0xE8, 0x75, 0xD0, 0xEE, 0x33, 0xED, 0xE8, 0xCE, 0x94, 0x1A, 0xEC, 0xDB,
    0x24, 0x18, 0x82, 0xB3, 0x06, 0x88, 0xE7, 0xC4, 0xF8, 0x43, 0x98, 0x62, 0x83, 0x2E, 0x5C, 0xB5,
    0x05, 0xDE, 0xEE, 0xF8, 0x89, 0x02, 0x5F, 0xD7, 0x4D, 0xF8, 0x66, 0xA5, 0x0E, 0x98, 0xB5, 0xC0,
    0xA4, 0x07, 0xAE, 0xF5, 0x88, 0x3D, 0x26, 0xF3, 0x0A, 0x19, 0x96, 0x44, 0xAF, 0xDD, 0x2D, 0xEE,
    0x0B, 0xA9, 0x46, 0xA2, 0x2F, 0xA8, 0x7F, 0x03, 0xC4, 0x2A, 0xF4, 0x6B, 0xF1, 0x71, 0x54, 0x08,
    0x82, 0x1D, 0x3B, 0x64, 0xF4, 0x78, 0x16, 0x7E, 0x32, 0xD6, 0x86, 0x11, 0x7E, 0x89, 0xCF, 0xFE,
    0x5D, 0x77, 0xEC, 0x2A, 0x47, 0xC8, 0xB0, 0x47, 0x4C, 0xFF, 0x18, 0xC0, 0x02, 0x20, 0x25, 0x13,
    0xE0, 0x9D, 0x0D, 0xB4, 0x4D, 0x65, 0x4E, 0xAC, 0x5D, 0xB2, 0x55, 0x1E, 0x53, 0x61, 0xFC, 0xAE,
    0xD6, 0x23, 0xBE, 0xA7, 0xD5, 0x88, 0xAA, 0x02, 0xEC, 0x88, 0x2D, 0xD1, 0x89, 0x58, 0xBB, 0xCF,
    0xDE, 0x33, 0xD5, 0xC2, 0x20, 0x40, 0x05, 0xBE, 0xC3, 0xCF, 0xFF, 0x4B, 0xEB, 0xE9, 0x9B, 0x61,
    0xDF, 0x81, 0xA8, 0x79, 0x38, 0x72, 0x63, 0xBF, 0xEF, 0xA2, 0x05, 0xA6, 0x3D, 0x30, 0x56, 0x99,
    0x49, 0xE4, 0xAD, 0x37, 0x74, 0x53, 0xFE, 0xEC, 0xB6, 0x42, 0x04, 0x1D, 0xC0, 0x01, 0xCE, 0x96,
    0x48, 0xF8, 0xAB, 0xF3, 0x7B, 0xD8, 0xBE, 0xE3, 0x5F, 0xCA, 0xB7, 0xFE, 0x5A, 0x77, 0x90, 0x88,
    0x8B, 0x2D, 0xCF, 0x08, 0xF3, 0x4F, 0x5D, 0x1F, 0x8E, 0xA1, 0x37, 0x52, 0x97, 0x76, 0xC0, 0xAC,
    0x01, 0x6A, 0x2D, 0xD7, 0x87, 0xBF, 0x63, 0xE2, 0x4E, 0x4B, 0xCB, 0x1A, 0x0F, 0x23, 0x0E, 0x25,
    0x75, 0x41, 0xEA, 0x66, 0xD8, 0x10, 0x3B, 0xFB, 0x0E, 0x70, 0xAD, 0x39, 0xF7, 0xC2, 0xBE, 0x91,
    0xD6, 0x23, 0xFA, 0xBC, 0x65, 0x59, 0x07, 0x4C, 0x06, 0xA0, 0x25, 0x39, 0x5B, 0xFA, 0x0C, 0x83,
    0x75, 0x74, 0xE4, 0x53, 0x58, 0x06, 0x2C, 0xBD, 0x73, 0x42, 0x40, 0x0C, 0x0D, 0x73, 0xFE, 0x35,
    0x3A, 0x02, 0xC6, 0x03, 0x30, 0xEB, 0x80, 0xA5, 0x1B, 0x31, 0xD2, 0xCA, 0x82, 0xD2, 0x47, 0x8C,
    0x07, 0xBE, 0x96, 0x3A, 0x60, 0xE9, 0x80, 0xBA, 0x23, 0xB2, 0x9E, 0xB5, 0xC0, 0x64, 0x00, 0xAE,
    0xF8, 0x7D, 0xEF, 0x5E, 0xAE, 0x6E, 0x7F, 0xCC, 0x64, 0x00, 0x62, 0x54, 0xA8, 0x0D, 0x6A, 0xA0,
    0xB8, 0x27, 0x65, 0x2D, 0x08, 0x67, 0xDD, 0x96, 0x4D, 0x64, 0x09, 0xE3, 0x70, 0x5E, 0xD3, 0xC0,
    0x81, 0xD2, 0x8E, 0x54, 0x38, 0x12, 0xCE, 0x8D, 0x56, 0xB2, 0xF1, 0x0D, 0x04, 0xF4, 0x81, 0xE6,
    0xA0, 0xDF, 0x68, 0x65, 0x5F, 0x71, 0xA4, 0xAC, 0x9D, 0xEF, 0x1E, 0x2B, 0x69, 0x69, 0x67, 0x80,
    0x2C, 0x4D, 0x23, 0x46, 0xCA, 0x3A, 0x52, 0x3C, 0x80, 0x70, 0x9D, 0x47, 0x47, 0x08, 0xEA, 0xE2,
    0xA0, 0xC5, 0x01, 0xB5, 0xE2, 0x48, 0x3D, 0xDF, 0x96, 0x70, 0x99, 0x92, 0xA4, 0x4D, 0x3A, 0x60,
    0xE6, 0x80, 0xD4, 0x89, 0xE3, 0x1A, 0x38, 0xCF, 0x63, 0x1D, 0xF8, 0x3E, 0x3F, 0x6F, 0x0B, 0x07,
    0x4C, 0x5B, 0x60, 0x8C, 0x7D, 0x71, 0x9C, 0x11, 0x71, 0xAF, 0x09, 0x8E, 0x0F, 0x64, 0xBA, 0x32,
    0x1C, 0xF9, 0x01, 0x89, 0x2E, 0x28, 0xA0, 0xB1, 0x9C, 0x41, 0xF7, 0x7B, 0x30, 0x3D, 0x32, 0xD2,
    0xFC, 0x54, 0x62, 0x7F, 0x71, 0x1E, 0xBA, 0x94, 0xDF, 0xB7, 0x57, 0xFB, 0xBB, 0x47, 0x40, 0x55,
    0x3D, 0xC0, 0x3B, 0x5B, 0x3D, 0x6B, 0x17, 0xAD, 0x89, 0x6E, 0x8E, 0x1C, 0x06, 0xDF, 0x07, 0x5E,
    0x3E, 0xF6, 0xE3, 0xB5, 0xB3, 0x69, 0x9B, 0x7F, 0x04, 0x42, 0x3F, 0x3F, 0x41, 0x86, 0x47, 0xD7,
    0x78, 0x77, 0xFD, 0x21, 0xDE, 0x79, 0xE5, 0xC1, 0x65, 0x78, 0xF6, 0x3F, 0xF5, 0x01, 0x02, 0x67,
    0x57, 0x78, 0xFB, 0x53, 0xF0, 0x80, 0x64, 0xE7, 0xAA, 0xBC, 0x7B, 0xE4, 0x2B, 0xAA, 0xFD, 0x54,
    0x19, 0xD1, 0x57, 0xDC, 0x54, 0xE9, 0x58, 0x79, 0xFF, 0x4F, 0x75, 0xF0, 0xBB, 0xA7, 0xEA, 0x2B,
    0x2B, 0xCD, 0xAD, 0xB2, 0xD4, 0x8D, 0x55, 0x22, 0xAD, 0xAC, 0x22, 0x67, 0x57, 0xF8, 0x7A, 0x09,
    0x3A, 0x8B, 0xA0, 0xB5, 0x40, 0x89, 0x95, 0x74, 0xE1, 0xAA, 0x57, 0x4B, 0xC1, 0x27, 0x74, 0xAA,
    0x34, 0x53, 0x65, 0xE7, 0xF7, 0x19, 0x82, 0x23, 0xBA, 0x85, 0x48, 0x7B, 0xD3, 0x61, 0x75, 0x17,
    0xDD, 0xB9, 0x45, 0xAA, 0xA3, 0xD3, 0xE9, 0x57, 0x46, 0xDA, 0x18, 0x0D, 0x46, 0xBA, 0x31, 0xAA,
    0x40, 0xFF, 0xAC, 0x8E, 0x3B, 0x14, 0x46, 0x59, 0x43, 0x4A, 0x5B, 0x52, 0x32, 0x91, 0xCD, 0xFC,
    0x8C, 0xB2, 0x66, 0x3F, 0x58, 0xBD, 0xF8, 0xAC, 0x82, 0x62, 0xD5, 0xCA, 0x68, 0x43, 0x1A, 0xC4,
    0xEB, 0xCB, 0x0F, 0x0D, 0xF1, 0x1C, 0xBA, 0xF3, 0xC6, 0x15, 0x48, 0x45, 0x03, 0xF4, 0x72, 0x4F,
    0x62, 0x2F, 0x68, 0x79, 0x31, 0xA2, 0xA6, 0x35, 0x4D, 0x11, 0xA2, 0x0A, 0x83, 0x1B, 0x5E, 0xA9,
    0xD7, 0xBB, 0xCC, 0xAD, 0xFB, 0x18, 0xD8, 0xAD, 0x89, 0xAB, 0x09, 0x1B, 0x7E, 0xD2, 0xAE, 0x3A,
    0xA4, 0xFC, 0x5C, 0x0E, 0x71, 0x97, 0xF4, 0x4B, 0x4D, 0x9B, 0x58, 0x9F, 0x51, 0x66, 0xC0, 0x53,
    0xAD, 0xBC, 0x97, 0x0E, 0xF0, 0xB6, 0xA4, 0x20, 0xB9, 0x40, 0x44, 0x58, 0xAD, 0x8A, 0x05, 0xD9,
    0x78, 0x8B, 0x55, 0x6E, 0x79, 0x77, 0x63, 0x40, 0xA2, 0xFF, 0x88, 0xF1, 0x31, 0x67, 0x1F, 0x89,
    0xBA, 0xC2, 0x65, 0x3A, 0xCA, 0xA3, 0x80, 0x2F, 0x6F, 0xF9, 0x3A, 0xE0, 0xA5, 0x9E, 0x50, 0x38,
    0xF8, 0xAE, 0xB9, 0xEC, 0x87, 0x5D, 0xD6, 0x65, 0xDA, 0xC6, 0x93, 0xA2, 0xE3, 0xED, 0x45, 0xC8,
    0xB4, 0x32, 0x9E, 0x21, 0xD1, 0xB9, 0x2E, 0xB5, 0x9C, 0x27, 0xA0, 0x8B, 0x4C, 0x4D, 0xD3, 0x7C,
    0xDA, 0x12, 0xD0, 0xB1, 0x5B, 0x4A, 0x67, 0x09, 0xE8, 0x02, 0xB8, 0x00, 0xA7, 0x24, 0xA0, 0x4B,
    0x66, 0x09, 0xE8, 0xEA, 0xBB, 0x13, 0xD0, 0x59, 0xBA, 0xFA, 0x74, 0x37, 0x59, 0x3C, 0x97, 0x0D,
    0x00, 0x3B, 0x7E, 0x0D, 0xA0, 0x2D, 0xC0, 0x51, 0x33, 0x7C, 0x4A, 0x74, 0xD5, 0x7F, 0x9E, 0x08,
    0x58, 0x0F, 0x06, 0x0A, 0xAB, 0xCF, 0x8D, 0x13, 0x5F, 0x3C, 0x88, 0xAE, 0xAA, 0xED, 0x1C, 0x74,
    0x2A, 0xE6, 0xC8, 0x9B, 0x03, 0x6F, 0x5C, 0x66, 0x3C, 0x70, 0xD4, 0x1D, 0xB2, 0xE0, 0x75, 0x7B,
    0xF8, 0x70, 0xF3, 0xE1, 0xBD, 0xCC, 0x87, 0x5A, 0x1D, 0x82, 0xC8, 0x6F, 0x83, 0x90, 0x9D, 0xC0,
    0xED, 0xE1, 0x8A, 0x85, 0xEB, 0xA8, 0xC8, 0x79, 0x41, 0xEF, 0x02, 0x89, 0xEE, 0x09, 0xB2, 0xB5,
    0x65, 0x15, 0x36, 0x85, 0x1F, 0xE9, 0x40, 0x64, 0x49, 0x87, 0x7F, 0xB1, 0x42, 0xDE, 0xDE, 0xCE,
    0xCE, 0x09, 0x02, 0x1D, 0x38, 0x05, 0x83, 0xC8, 0x9C, 0xC3, 0x17, 0x33, 0xD6, 0x07, 0x6F, 0xD6,
    0xB5, 0x36, 0xC1, 0xEB, 0xDA, 0xBF, 0xA5, 0x1E, 0x04, 0xE9, 0x0E, 0x03, 0xA3, 0x13, 0xAD, 0x9F,
    0xAD, 0x05, 0xFC, 0x74, 0x36, 0x46, 0xD5, 0x5D, 0x3C, 0x44, 0x5A, 0x41, 0xAF, 0xB8, 0xA1, 0x7B,
    0xCB, 0x02, 0xFA, 0xE1, 0x08, 0x6E, 0xCC, 0x36, 0x63, 0x29, 0x6F, 0xA3, 0x89, 0x04, 0xAD, 0x6F,
    0xA2, 0xB5, 0x77, 0x57, 0x59, 0x03, 0x7C, 0x46, 0x6C, 0xB9, 0x1F, 0xF8, 0xE8, 0xC4, 0xB2, 0xB8,
    0xA5, 0x6F, 0x1F, 0x9B, 0x6F, 0xC3, 0xDD, 0xF8, 0x71, 0x89, 0x85, 0x3E, 0x74, 0x7B, 0xA0, 0x8F,
    0xEB, 0x69, 0x62, 0xB1, 0xB4, 0x84, 0x62, 0x79, 0x09, 0xC5, 0x12, 0x13, 0xFA, 0x04, 0x66, 0x3E,
    0x35, 0xA1, 0xCF, 0x4D, 0xE8, 0x93, 0x13, 0xFA, 0xEC, 0x84, 0x53, 0x7A, 0x42, 0xAA, 0xA9, 0x83,
    0xBB, 0x97, 0xCF, 0x50, 0x28, 0x0B, 0xA3, 0x95, 0x7A, 0x53, 0xA8, 0x82, 0x52, 0xDB, 0xC1, 0x34,
    0x2E, 0x96, 0xA7, 0x30, 0x38, 0xA3, 0xC0, 0xFD, 0xE4, 0xC8, 0x52, 0x15, 0xFA, 0x5C, 0x85, 0xB4,
    0x0D, 0x2F, 0x46, 0xC2, 0xFD, 0x4D, 0xCE, 0x1A, 0xE7, 0x20, 0x66, 0x40, 0xB8, 0x66, 0xD6, 0x73,
    0x49, 0x7A, 0xCB, 0xBB, 0x1C, 0xD1, 0xB5, 0xE0, 0x25, 0x44, 0x58, 0xEB, 0x4F, 0xF0, 0x4D, 0x9D,
    0xF5, 0x2E, 0x89, 0xEF, 0x96, 0x76, 0x44, 0xDE, 0x29, 0x6F, 0xA3, 0xE4, 0x5F, 0x15, 0xF3, 0xB0,
    0x25, 0x67, 0xCB, 0x2B, 0x7D, 0x56, 0x61, 0xF0, 0x10, 0xA5, 0x5B, 0x52, 0xC1, 0xB4, 0x3E, 0xD9,
    0xFD, 0xFF, 0x28, 0xB6, 0xCC, 0x09, 0x82, 0xA4, 0x27, 0x67, 0x31, 0x5E, 0x18, 0xC7, 0x23, 0x53,
    0x15, 0xFE, 0x70, 0xF9, 0xE8, 0x48, 0xDF, 0xBD, 0x3A, 0x32, 0x4A, 0x73, 0x26, 0xB3, 0xA4, 0xE7,
    0x66, 0x04, 0x7E, 0x5E, 0x42, 0x2F, 0x81, 0xFE, 0xF0, 0x80, 0xAE, 0x94, 0x77, 0x6E, 0x8E, 0x84,
    0x6E, 0xEA, 0xC3, 0x20, 0x73, 0x1F, 0x27, 0xB9, 0x03, 0x42, 0x49, 0xEF, 0x9B, 0x2E, 0x1F, 0x17,
    0x8E, 0x33, 0x87, 0x91, 0x96, 0xBF, 0x3B, 0x65, 0xBD, 0x5C, 0x07, 0xD9, 0xF8, 0x22, 0x31, 0x5A,
    0x1B, 0x45, 0xAA, 0x6F, 0x8C, 0x24, 0x51, 0xEE, 0x87, 0x80, 0x87, 0xF4, 0x72, 0x4E, 0xD2, 0xEA,
    0x74, 0x42, 0x39, 0x0F, 0x31, 0x4B, 0x94, 0x69, 0x92, 0xCE, 0x83, 0xCD, 0xF5, 0x11, 0xCD, 0x23,
    0x2C, 0x23, 0xAE, 0xB5, 0x1D, 0x51, 0xBE, 0x91, 0x9F, 0x8C, 0x33, 0xAB, 0x89, 0xEE, 0x00, 0x25,
    0xBB, 0x0F, 0xBC, 0x72, 0xCC, 0xC4, 0xCB, 0x3C, 0xF6, 0xE9, 0xF0, 0x14, 0xE0, 0x9B, 0x27, 0xA0,
    0x06, 0xB4, 0x7F, 0x51, 0x2A, 0xAE, 0x4D, 0x33, 0x40, 0x02, 0x58, 0xA8, 0x7E, 0x47, 0x25, 0x7A,
    0x0D, 0x8D, 0xFC, 0x9B, 0xA7, 0xC0, 0x53, 0x00, 0xF1, 0x00, 0x83, 0xDF, 0x55, 0x28, 0x98, 0xDB,
    0xBB, 0xE0, 0x1A, 0xA0, 0xF3, 0x90, 0xB9, 0x2E, 0x6B, 0xB3, 0x41, 0xB5, 0xCD, 0x74, 0x84, 0x18,
    0xB0, 0x54, 0xBD, 0xDE, 0xCA, 0x65, 0xBA, 0x5D, 0xEF, 0xE1, 0x35, 0x80, 0x78, 0xB0, 0xDB, 0x3B,
    0x0F, 0x96, 0x3E, 0xE3, 0x45, 0x4B, 0xEC, 0x89, 0x3A, 0xE2, 0xCD, 0xEB, 0x9A, 0xDB, 0xA4, 0xC3,
    0x66, 0x1C, 0x0F, 0x86, 0x74, 0xEE, 0x2A, 0xEB, 0x7B, 0x03, 0x4C, 0x5B, 0x6F, 0x60, 0xDC, 0x79,
    0xDB, 0xA7, 0x0D, 0xDC, 0x98, 0x69, 0xAB, 0x0B, 0xA6, 0x2D, 0x42, 0xFD, 0x40, 0x20, 0xA1, 0x20,
    0x18, 0x03, 0x44, 0x5B, 0xA4, 0xF5, 0x30, 0x6C, 0x43, 0x76, 0xF7, 0x22, 0xDA, 0x53, 0x19, 0x4A,
    0x95, 0x93, 0x4A, 0xF1, 0x92, 0x75, 0x68, 0xFA, 0x9C, 0x72, 0x4A, 0x0F, 0x8F, 0x58, 0x26, 0xD3,
    0xBC, 0xAD, 0xDB, 0xED, 0x2D, 0xAD, 0xD4, 0x4A, 0x55, 0x7A, 0xCE, 0x3C, 0x5F, 0xF0, 0x1C, 0xAC,
    0xC2, 0xAB, 0x43, 0x05, 0x34, 0xF5, 0xC3, 0x76, 0x1E, 0x49, 0xED, 0xBC, 0x4F, 0xAB, 0xBF, 0x0E,
    0x70, 0xEC, 0x99, 0x16, 0x50, 0xBB, 0x6E, 0xDD, 0xCC, 0x4D, 0xE9, 0x2F, 0xDC, 0x60, 0x53, 0x1A,
    0x6C, 0x1F, 0x8B, 0x44, 0x73, 0x4F, 0x3C, 0xAB, 0xBB, 0xA2, 0xC9, 0x5E, 0x57, 0xA8, 0x68, 0xBE,
    0xA5, 0x50, 0xBE, 0xFF, 0x64, 0x00, 0x2A, 0x0E, 0x93, 0x12, 0xD7, 0x44, 0xEF, 0x63, 0xBA, 0x26,
    0xAE, 0x74, 0xBA, 0xA6, 0xCF, 0x4B, 0xA4, 0x77, 0x6E, 0x1D, 0xF8, 0x11, 0xAD, 0x82, 0x03, 0xFE,
    0xE3, 0x27, 0xC7, 0xE4, 0x2C, 0x39, 0x2E, 0x48, 0xE7, 0xE1, 0x87, 0x22, 0x77, 0xBD, 0x5B, 0xEE,
    0x59, 0x2D, 0xC0, 0xDD, 0xD9, 0x48, 0x2F, 0x54, 0xD5, 0xCE, 0xFE, 0x15, 0xDA, 0xAC, 0xCE, 0xB9,
    0x62, 0x56, 0xAA, 0x75, 0xD8, 0x5D, 0xF6, 0x65, 0xDD, 0x2D, 0xBD, 0x52, 0xA0, 0x5F, 0x79, 0xD7,
    0x80, 0xF0, 0x85, 0xE0, 0xB0, 0x9E, 0x52, 0x40, 0x28, 0x57, 0x65, 0x5E, 0xFE, 0xE7, 0xAE, 0x9A,
    0x81, 0xE0, 0x30, 0xB3, 0x82, 0x2B, 0xB9, 0xFC, 0xB1, 0xE6, 0x12, 0xB4, 0xB2, 0x7E, 0x08, 0xCF,
    0x8B, 0xBA, 0x21, 0xA1, 0x3C, 0xB2, 0x39, 0x21, 0xB9, 0x66, 0x04, 0x63, 0xFB, 0x1A, 0xA0, 0xD6,
    0xB6, 0x78, 0xD8, 0x81, 0xC1, 0xC7, 0x1E, 0x96, 0xEE, 0x82, 0x31, 0xE7, 0x87, 0x38, 0xA5, 0xFE,
    0xB4, 0x0B, 0x6E, 0xBA, 0x7B, 0xED, 0xDF, 0x8E, 0xD8, 0x88, 0xFE, 0xEA, 0x6B, 0xCA, 0x23, 0xA7,
    0x03, 0x90, 0x17, 0x62, 0xB7, 0x29, 0x0B, 0xCA, 0x2E, 0xF2, 0x58, 0x05, 0xB4, 0x5F, 0xDB, 0xD2,
    0x63, 0xCE, 0xBB, 0x84, 0x03, 0x74, 0x39, 0xF0, 0xBE, 0x3B, 0xA2, 0x23, 0x52, 0x15, 0xEF, 0xFD,
    0x87, 0xB1, 0x8D, 0x02, 0x86, 0x52, 0xC8, 0xC1, 0xF8, 0x53, 0x79, 0xE3, 0x4F, 0xD6, 0x79, 0xA3,
    0xCE, 0x5B, 0x5A, 0xC1, 0xAC, 0x61, 0x03, 0xED, 0x90, 0x38, 0xB5, 0x9F, 0x3A, 0x1A, 0xC5, 0x1E,
    0x0B, 0x53, 0xA3, 0x86, 0xBC, 0x81, 0xE9, 0x0C, 0x44, 0x0C, 0x32, 0x47, 0x41, 0xCB, 0x85, 0x85,
    0xD6, 0x61, 0x2D, 0x85, 0x7C, 0x84, 0x7E, 0xAE, 0x57, 0xE2, 0xA4, 0x2C, 0xD0, 0x7A, 0x4E, 0x5C,
    0x5A, 0x07, 0xC4, 0xF6, 0x1F, 0xA8, 0x25, 0x25, 0x46, 0x69, 0x43, 0xCA, 0x3C, 0xB9, 0x53, 0xA8,
    0xA8, 0x49, 0xA5, 0x91, 0xEE, 0x8C, 0x2A, 0x50, 0x44, 0x82, 0x0C, 0x91, 0x23, 0x4A, 0x95, 0x0A,
    0x13, 0x55, 0x21, 0x75, 0xA0, 0x56, 0x1D, 0xA8, 0xB9, 0x34, 0x1B, 0x81, 0x66, 0x46, 0x45, 0x4D,
    0xD2, 0xDD, 0xDC, 0xCF, 0x89, 0xC4, 0x03, 0x3E, 0x01, 0xF3, 0x00, 0xDD, 0x93, 0x0F, 0xF0, 0xCE,
    0xAB, 0x38, 0xF2, 0x2E, 0x06, 0x56, 0xC0, 0x72, 0x86, 0x3A, 0xC7, 0xCD, 0x88, 0x48, 0x4F, 0x16,
    0xA2, 0x82, 0x88, 0x74, 0x8F, 0x1E, 0xB4, 0x23, 0xB6, 0x23, 0xF6, 0xEC, 0x38, 0xBA, 0x4B, 0x21,
    0x60, 0x21, 0x6E, 0x89, 0x0D, 0x30, 0xB9, 0x7B, 0x2C, 0x77, 0xE3, 0x7C, 0xCB, 0x61, 0x71, 0x25,
    0x89, 0xB1, 0x1C, 0x00, 0xFF, 0x7A, 0x1E, 0x88, 0x83, 0x6F, 0x43, 0xE2, 0x73, 0x0F, 0xFD, 0x5E,
    0xA4, 0x2D, 0xDF, 0xDF, 0x80, 0x1D, 0x20, 0x1F, 0xC1, 0x1C, 0x1C, 0x82, 0x41, 0xAE, 0xAC, 0xCF,
    0x04, 0xEA, 0xB1, 0xD1, 0x22, 0x67, 0x40, 0x1D, 0xF6, 0xBD, 0x77, 0x23, 0x88, 0x18, 0xE8, 0xCE,
    0xB4, 0x06, 0x5F, 0x5A, 0x9B, 0x3E, 0x39, 0x07, 0x70, 0xAA, 0x69, 0xDE, 0xAA, 0x2C, 0x8F, 0x90,
    0xDD, 0x25, 0x3F, 0x61, 0x80, 0xD8, 0x18, 0xF1, 0xC3, 0x83, 0x49, 0xF9, 0x70, 0xC2, 0x31, 0xCD,
    0x28, 0x35, 0xCA, 0xDA, 0x49, 0xFB, 0xFB, 0x11, 0xDB, 0x5D, 0xDC, 0x5D, 0x38, 0xEF, 0x9F, 0xAD,
    0x43, 0x20, 0xAA, 0xE1, 0x26, 0x0C, 0x1E, 0xA2, 0xAD, 0xEC, 0x67, 0x1C, 0xF7, 0x0D, 0x35, 0xA0,
    0x8D, 0x4E, 0x9B, 0x71, 0x7C, 0x5B, 0xE5, 0x89, 0x9C, 0x5D, 0x5A, 0x80, 0xE8, 0x6B, 0x8A, 0xCA,
    0x29, 0xD0, 0xCB, 0xBD, 0x81, 0x13, 0x35, 0xCE, 0xBE, 0xEE, 0x03, 0x38, 0x3F, 0xE3, 0xF4, 0x2C,
    0x03, 0xD8, 0xE4, 0xCC, 0xCF, 0xCD, 0x00, 0x05, 0xA0, 0x3C, 0x80, 0x4A, 0xEE, 0x01, 0x2F, 0x6C,
    0xA6, 0xF5, 0x7A, 0xC4, 0x82, 0xA1, 0xCC, 0x0D, 0x32, 0x01, 0xAB, 0xC5, 0x45, 0xB1, 0x21, 0x93,
    0x37, 0xC6, 0xB6, 0x6A, 0x8F, 0xF8, 0x65, 0x7B, 0x6C, 0xCB, 0x6A, 0xF1, 0x0B, 0xF7, 0x08, 0x57,
    0xEE, 0x21, 0x37, 0xC6, 0xB6, 0x76, 0x8F, 0x70, 0xF1, 0x1E, 0x72, 0x6F, 0x6C, 0xCB, 0xF7, 0x08,
    0xD7, 0xEF, 0x01, 0x6F, 0xB4, 0xF0, 0xAC, 0x1B, 0x72, 0xA1, 0x52, 0xFC, 0xE2, 0x9A, 0xAD, 0xE1,
    0xA3, 0xDD, 0xC8, 0xC3, 0xC8, 0xAD, 0xAD, 0xE2, 0xA3, 0x0E, 0xEF, 0x34, 0xB0, 0xB0, 0x64, 0x9E,
    0x8B, 0xF0, 0x3B, 0x9B, 0x71, 0x18, 0x4F, 0x06, 0x03, 0xCC, 0x5A, 0x7D, 0x86, 0x5E, 0x48, 0x69,
    0xDC, 0x06, 0x70, 0x2E, 0x4A, 0xAE, 0x22, 0xCF, 0x0B, 0xE3, 0xDD, 0x92, 0x7C, 0xDB, 0xAD, 0x3E,
    0x00, 0x23, 0x5F, 0x2F, 0xB9, 0x8D, 0xDF, 0x01, 0xFF, 0x5B, 0x97, 0xFE, 0x0C, 0xFC, 0x46, 0x9F,
    0xBD, 0x0E, 0xFE, 0xF1, 0x50, 0x90, 0x77, 0x5A, 0x3E, 0x67, 0xAC, 0x4B, 0x72, 0x39, 0x18, 0x67,
    0xF0, 0xB0, 0xCC, 0x47, 0xEE, 0x46, 0x96, 0x72, 0x97, 0xB4, 0xC6, 0xB1, 0x03, 0x87, 0xDF, 0x1C,
    0xB9, 0x37, 0x5E, 0x75, 0xC6, 0xF1, 0xC4, 0x6D, 0xF0, 0x28, 0xF7, 0xAA, 0x8C, 0x0F, 0x7B, 0x24,
    0x9A, 0x39, 0x9C, 0x23, 0x75, 0x38, 0x43, 0x3C, 0x75, 0xAC, 0x6C, 0x37, 0xC3, 0x49, 0x7F, 0xF3,
    0x47, 0x6D, 0xC9, 0xC2, 0xC5, 0x10, 0xA9, 0x2C, 0x74, 0xA1, 0x12, 0xE9, 0xB7, 0x06, 0x33, 0x2D,
    0x99, 0x42, 0xF5, 0xC2, 0x90, 0x4F, 0xA6, 0xA7, 0xAD, 0xC5, 0x69, 0xE0, 0xE0, 0x76, 0x36, 0x59,
    0xBE, 0xFF, 0xB4, 0xA9, 0x9C, 0x7D, 0xD2, 0xD0, 0xE8, 0x2B, 0x67, 0xA4, 0xAC, 0x77, 0x53, 0xCA,
    0xFA, 0xF2, 0x30, 0x65, 0x7D, 0x8F, 0x94, 0xF5, 0x2E, 0x0B, 0x29, 0xEB, 0x51, 0xE2, 0x3A, 0xC5,
    0x8D, 0xBB, 0x6C, 0x37, 0x61, 0xEC, 0x32, 0xCC, 0x9E, 0x18, 0x46, 0xC0, 0xF2, 0x68, 0x8A, 0xD1,
    0x47, 0xC5, 0x2D, 0x1B, 0x59, 0x0E, 0x21, 0xD7, 0x61, 0xBF, 0x6A, 0x45, 0x9E, 0x94, 0x87, 0x2A,
    0xC6, 0xB5, 0x9F, 0x64, 0xC4, 0x60, 0x6A, 0xC4, 0x8D, 0x33, 0xCF, 0xC5, 0x07, 0xFA, 0x26, 0xC6,
    0x47, 0xC8, 0x54, 0x21, 0x12, 0x78, 0xA1, 0xCF, 0x92, 0x97, 0xBA, 0x20, 0xAF, 0xFB, 0xC5, 0xD8,
    0x79, 0x6E, 0x04, 0x13, 0x1E, 0xA5, 0xBB, 0x95, 0x71, 0xE6, 0x8C, 0x0B, 0xCF, 0x23, 0x30, 0x3A,
    0xCC, 0xF3, 0xF2, 0x80, 0xD7, 0xC3, 0xD1, 0x57, 0xC0, 0xE6, 0x85, 0x43, 0x41, 0x61, 0x3F, 0x08,
    0x90, 0x5C, 0x38, 0x63, 0xDD, 0x19, 0x23, 0x1F, 0xE4, 0xC5, 0x9B, 0x14, 0xD3, 0x8F, 0x94, 0x5E,
    0xF7, 0x1A, 0x2C, 0x08, 0x0C, 0x4B, 0x7B, 0xF7, 0x69, 0x6D, 0x69, 0xAB, 0x5B, 0xE2, 0x3D, 0x43,
    0xAE, 0xC8, 0x5F, 0x65, 0x7A, 0xBB, 0x48, 0x59, 0x24, 0xF6, 0x9C, 0xE9, 0x07, 0xE4, 0xA2, 0xB5,
    0xE1, 0x7A, 0xE9, 0x8C, 0x39, 0xFE, 0x06, 0x3B, 0x84, 0xAB, 0x7C, 0x42, 0x8A, 0xF7, 0x0B, 0x1D,
    0xB6, 0x4C, 0x83, 0xF7, 0x53, 0x9F, 0xE2, 0x61, 0x09, 0x5E, 0x69, 0x6B, 0x99, 0x56, 0x2E, 0xED,
    0xD7, 0x5C, 0xD2, 0x0D, 0x72, 0x6C, 0x30, 0x73, 0x47, 0x95, 0xB0, 0xC1, 0xB4, 0x61, 0xB9, 0x3D,
    0xC8, 0x9E, 0xF7, 0xE3, 0x37, 0xC8, 0xFA, 0x70, 0x51, 0x4B, 0xC8, 0x15, 0xB2, 0x9B, 0x6F, 0xFC,
    0xFC, 0x70, 0xDB, 0xD9, 0x4C, 0x7B, 0xBE, 0x2D, 0xFB, 0x48, 0x2D, 0xC0, 0x7B, 0xA1, 0xDF, 0xDE,
    0xFF, 0x5A, 0x5D, 0xF8, 0xB5, 0x86, 0xF4, 0x03, 0x53, 0x4A, 0xCD, 0xB5, 0x4F, 0xA9, 0xE9, 0x43,
    0xFE, 0x2C, 0x45, 0xCD, 0x38, 0xA4, 0xB0, 0x4C, 0xE6, 0x65, 0x80, 0x83, 0xA5, 0xB9, 0xF0, 0xA0,
    0x72, 0x2C, 0x78, 0x9E, 0xAF, 0xF6, 0x89, 0x38, 0x52, 0x1D, 0x6C, 0x88, 0xE8, 0xCB, 0xD3, 0x3A,
    0xE4, 0x7C, 0x6E, 0x0D, 0x05, 0x3E, 0x10, 0x61, 0x10, 0xC8, 0xB1, 0x28, 0x1B, 0x6C, 0x0B, 0x0E,
    0x72, 0x29, 0x9A, 0x7D, 0x0C, 0x59, 0x42, 0x8C, 0xBB, 0x2B, 0xDB, 0xED, 0xF6, 0xD5, 0x1E, 0xD7,
    0xA0, 0x27, 0x30, 0x03, 0x5A, 0x8A, 0x06, 0x62, 0x4A, 0xCD, 0x21, 0xE3, 0xFE, 0xB8, 0x28, 0xDB,
    0x66, 0x35, 0x2D, 0xCA, 0x16, 0xCD, 0x17, 0x65, 0x5B, 0xED, 0x17, 0x65, 0x93, 0x17, 0x6E, 0x8A,
    0xCD, 0x7A, 0x52, 0xD5, 0x16, 0x30, 0x48, 0xFA, 0xF2, 0x75, 0x95, 0x27, 0xED, 0x67, 0x16, 0xED,
    0xED, 0x93, 0xE1, 0xFE, 0x03, 0x30, 0x9F, 0x2B, 0x4D, 0xF9, 0x68, 0x28, 0xE9, 0xF0, 0xBC, 0x4A,
    0x6C, 0x3F, 0x56, 0x8B, 0x85, 0xB4, 0x40, 0xC8, 0xA9, 0xAC, 0x5D, 0x5A, 0x61, 0xB8, 0x9F, 0xD5,
    0x01, 0xF9, 0x49, 0x94, 0x47, 0xC2, 0xF2, 0x88, 0x4B, 0xCA, 0xC2, 0x4F, 0x57, 0x4E, 0x96, 0x7D,
    0xDC, 0x7A, 0xE8, 0xD6, 0x0D, 0x94, 0x24, 0x6C, 0x4C, 0x0F, 0x53, 0x98, 0x2C, 0x8B, 0x76, 0xED,
    0xC0, 0x76, 0x2D, 0x28, 0x2B, 0x5F, 0xC1, 0x85, 0x39, 0xAF, 0xC1, 0xD9, 0xC7, 0x52, 0xFD, 0xEF,
    0xD0, 0xE5, 0x84, 0x92, 0x6D, 0x06, 0x32, 0x92, 0x74, 0x05, 0xE6, 0xE7, 0x6A, 0xF9, 0x5D, 0xE4,
    0xA9, 0xC7, 0x40, 0x97, 0x63, 0x8F, 0x13, 0x4F, 0x7A, 0xD5, 0xC5, 0xAD, 0x3D, 0x61, 0x64, 0x2A,
    0x9A, 0x3F, 0xD9, 0x8F, 0x7D, 0xD1, 0x57, 0x1B, 0x8C, 0x64, 0x9B, 0xD4, 0x15, 0xD5, 0xB8, 0xED,
    0xC6, 0x7A, 0x15, 0x89, 0x0D, 0x42, 0x3E, 0xEC, 0x05, 0x4A, 0x12, 0xFC, 0xE7, 0x00, 0x2E, 0x6E,
    0x5F, 0xD5, 0xDC, 0x07, 0x8C, 0xFA, 0x70, 0x64, 0xEF, 0x06, 0x95, 0x59, 0x7E, 0xAD, 0x63, 0xC0,
    0x00, 0xD0, 0x4A, 0x5E, 0x60, 0x5B, 0x8C, 0xBC, 0x6B, 0xE5, 0x01, 0x7C, 0x09, 0x7F, 0xB0, 0x25,
    0xA1, 0xBD, 0xDA, 0x7A, 0x90, 0xA7, 0xB9, 0x03, 0x02, 0xBA, 0x90, 0xE0, 0x2B, 0x4F, 0x71, 0xCA,
    0x3D, 0x5C, 0x1E, 0x4F, 0x7E, 0xE2, 0x74, 0x5A, 0xFB, 0x31, 0x8A, 0x39, 0x7D, 0x9A, 0x31, 0xB8,
    0x06, 0xF4, 0xDE, 0x7F, 0xF5, 0x4A, 0x69, 0x62, 0xE5, 0xF4, 0xFE, 0x94, 0xF0, 0x97, 0xC2, 0x3D,
    0x29, 0x32, 0x8A, 0xEA, 0xC6, 0x9A, 0xB3, 0xB1, 0xF9, 0x02, 0xD4, 0x7C, 0xCE, 0xF2, 0xC2, 0xD6,
    0x32, 0x41, 0x6B, 0x40, 0x8A, 0xE7, 0x91, 0x5E, 0xD4, 0x7D, 0xBB, 0x7D, 0x85, 0xF9, 0x0D, 0xF6,
    0xF0, 0x70, 0x72, 0xB1, 0x5A, 0x29, 0xF2, 0xDE, 0xC6, 0x6F, 0x01, 0x8B, 0x67, 0x06, 0x0B, 0xB6,
    0x7D, 0x1C, 0x16, 0xC3, 0xEF, 0x97, 0xAD, 0xCF, 0x0B, 0x0E, 0x88, 0x86, 0x65, 0x87, 0xB1, 0xF2,
    0xD5, 0x87, 0x29, 0xC1, 0x65, 0x13, 0xC3, 0xD4, 0xCF, 0x8C, 0x8E, 0x31, 0x71, 0xD5, 0xC6, 0xF8,
    0x63, 0x7E, 0xD8, 0xC5, 0x9C, 0x99, 0x68, 0xEA, 0xE7, 0x6B, 0x45, 0x82, 0x76, 0xD1, 0x06, 0xAF,
    0xFC, 0x8C, 0xFD, 0x46, 0xCA, 0x45, 0x65, 0x13, 0x62, 0xDC, 0x33, 0xBE, 0x64, 0x38, 0x05, 0xF9,
    0x57, 0x60, 0xD2, 0x67, 0xDC, 0x2B, 0xE9, 0x71, 0x04, 0x3B, 0xDA, 0x5A, 0xEB, 0xD5, 0x6F, 0x4D,
    0x34, 0xC5, 0x32, 0x2C, 0x20, 0xC7, 0x55, 0x6F, 0x20, 0x0A, 0x39, 0x3E, 0x15, 0xCC, 0x1C, 0xD1,
    0x6C, 0x19, 0x9A, 0x7E, 0x5A, 0x86, 0xE6, 0x3B, 0x53, 0x16, 0x99, 0x26, 0xE4, 0xA2, 0x9A, 0xA0,
    0x21, 0xF0, 0xB3, 0x8C, 0x30, 0xCB, 0x45, 0xF5, 0xEA, 0x69, 0xCB, 0x7C, 0xFD, 0x5F, 0x2E, 0xAE,
    0x13, 0x8D, 0x29, 0x3E, 0xD9, 0x98, 0xF0, 0x95, 0x30, 0x18, 0x7C, 0xB4, 0x25, 0xC5, 0x32, 0x2C,
    0x4F, 0x34, 0xA6, 0x61, 0xD6, 0x98, 0x1E, 0xA2, 0x30, 0x57, 0x10, 0x25, 0x65, 0x48, 0xE0, 0x7F,
    0x83, 0x18, 0x1F, 0x91, 0xB5, 0x10, 0xD3, 0xAA, 0x90, 0xAC, 0xD6, 0x0A, 0x5B, 0x5A, 0x95, 0xF9,
    0x13, 0x36, 0x05, 0xFC, 0xD0, 0x57, 0xAC, 0x90, 0xCB, 0xDB, 0xF1, 0x88, 0x96, 0x97, 0xDD, 0xD0,
    0xD4, 0xF5, 0xFB, 0xF2, 0xC8, 0xAE, 0x4E, 0x3C, 0xCE, 0x5C, 0x82, 0xC1, 0x31, 0xE0, 0xE3, 0x93,
    0x26, 0x5C, 0xF6, 0x0F, 0x5A, 0xF8, 0xA8, 0x27, 0xC4, 0xE3, 0x16, 0xE1, 0x03, 0x7F, 0xF4, 0x9F,
    0x42, 0x98, 0x3A, 0x94, 0x23, 0x16, 0x95, 0xE6, 0x13, 0x66, 0x95, 0xDA, 0x94, 0xE1, 0x71, 0x7A,
    0x22, 0x97, 0x6F, 0x6E, 0xED, 0x34, 0x23, 0x96, 0x50, 0x1B, 0x47, 0xCA, 0xBC, 0x0E, 0x5D, 0xBA,
    0x63, 0xCE, 0xBF, 0xC7, 0xE2, 0x89, 0x2C, 0xB6, 0x97, 0x6F, 0xCA, 0x1A, 0xEF, 0x6C, 0xE4, 0x84,
    0x86, 0xE8, 0x44, 0xCA, 0xE7, 0xE0, 0x25, 0xB5, 0xA6, 0x50, 0x26, 0x97, 0xD8, 0x3A, 0xB8, 0xC4,
    0x36, 0xC2, 0x80, 0xDD, 0xC2, 0x5C, 0x62, 0x01, 0xD5, 0x6A, 0x88, 0x26, 0x97, 0x58, 0x80, 0x50,
    0x79, 0x4B, 0x97, 0xD8, 0x02, 0x90, 0xDD, 0x0E, 0x4B, 0x5A, 0x05, 0x97, 0xD8, 0x95, 0x8F, 0x29,
    0x06, 0xF0, 0xD1, 0x4C, 0x66, 0xC1, 0xC2, 0x54, 0xBE, 0x80, 0x1A, 0x00, 0x11, 0xB7, 0x7B, 0x29,
    0x46, 0xE8, 0xA7, 0x9E, 0x1B, 0x26, 0x58, 0xF4, 0xE8, 0x13, 0xE6, 0x63, 0xCC, 0x8F, 0x6B, 0x4D,
    0xEA, 0xD0, 0xEF, 0x72, 0x0C, 0x67, 0x60, 0x23, 0xB8, 0x30, 0x80, 0xFB, 0x88, 0xD7, 0xC9, 0xC2,
    0x25, 0x9F, 0xD8, 0xDE, 0xDE, 0xBE, 0x02, 0x29, 0x3F, 0xD0, 0xF6, 0xE6, 0x55, 0x51, 0x75, 0x27,
    0x36, 0xC9, 0xCE, 0xDC, 0x18, 0x88, 0x8E, 0xD9, 0x5F, 0xD8, 0x98, 0xF8, 0x5C, 0xE4, 0xBE, 0x36,
    0x75, 0x27, 0x36, 0x49, 0xCF, 0xD8, 0x2E, 0x1F, 0x1F, 0x0C, 0x70, 0x64, 0xDD, 0x25, 0x2E, 0x90,
    0x89, 0xFB, 0xB4, 0x11, 0xB3, 0x3C, 0x36, 0x6B, 0x3A, 0xDF, 0x6B, 0x32, 0x50, 0xCF, 0x6F, 0xED,
    0x63, 0x58, 0x5E, 0xEB, 0x23, 0xCF, 0xEA, 0x70, 0x74, 0x7F, 0xE1, 0x1D, 0x0B, 0x80, 0x1A, 0xE4,
    0x3E, 0x6D, 0x63, 0xC9, 0x57, 0xC4, 0xEF, 0x9A, 0x02, 0x82, 0x03, 0xC9, 0x21, 0x6C, 0xB2, 0x9C,
    0x6F, 0xBD, 0x19, 0x78, 0xB8, 0x39, 0x91, 0xEF, 0x6E, 0xF0, 0x5E, 0x8A, 0x74, 0x97, 0x5A, 0x40,
    0xED, 0x00, 0xFD, 0xD9, 0x4A, 0x73, 0x3A, 0xEB, 0x7B, 0x03, 0x4D, 0xC1, 0x70, 0x7C, 0xFE, 0x74,
    0x86, 0xF0, 0x2E, 0x0E, 0xAF, 0xEE, 0x2E, 0xB8, 0xE6, 0x2F, 0x88, 0xF8, 0x84, 0xDF, 0x09, 0x6E,
    0xF9, 0x19, 0x03, 0x43, 0xD5, 0xA9, 0xC3, 0x89, 0xB2, 0x56, 0xA8, 0xBA, 0x3C, 0x62, 0x42, 0x48,
    0x5B, 0xC6, 0xD9, 0xB2, 0xAA, 0x6B, 0x19, 0xDC, 0xF1, 0x57, 0x73, 0x1C, 0x80, 0x31, 0x70, 0xA9,
    0x3D, 0xB1, 0x23, 0x3A, 0x22, 0xE4, 0x39, 0x2D, 0x4A, 0x88, 0x7B, 0x29, 0x1A, 0x0C, 0x0B, 0x99,
    0x0A, 0x12, 0x22, 0xE6, 0xC2, 0x84, 0xB2, 0xF0, 0x01, 0xE9, 0xDA, 0x85, 0x34, 0xA2, 0xA9, 0xBA,
    0x90, 0xA8, 0x35, 0xF1, 0x3E, 0x8C, 0x6E, 0x72, 0xC9, 0x8F, 0xF4, 0xA7, 0x83, 0xD8, 0x12, 0x85,
    0x4C, 0x4C, 0xA3, 0x39, 0xDC, 0xFC, 0x99, 0x07, 0xB3, 0x64, 0x02, 0x49, 0x9F, 0x2F, 0xE2, 0x2E,
    0x8C, 0x88, 0x99, 0xCA, 0x1E, 0x3B, 0xE0, 0x17, 0x8E, 0x1F, 0x48, 0xCE, 0xCC, 0xB6, 0xAD, 0x47,
    0x5E, 0xB7, 0x7D, 0x37, 0x1E, 0xCA, 0x79, 0xE7, 0xE5, 0xBC, 0x08, 0x72, 0x46, 0x5B, 0xC0, 0x3F,
    0xCA, 0x79, 0x43, 0x39, 0xEF, 0x28, 0x67, 0x47, 0x89, 0x51, 0x60, 0x94, 0x17, 0xC5, 0x45, 0x69,
    0x99, 0xB0, 0xD4, 0x3B, 0x0D, 0x99, 0x8B, 0xE7, 0x01, 0x40, 0x4A, 0x14, 0x12, 0x65, 0x44, 0x11,
    0xD9, 0x32, 0x8E, 0x10, 0x90, 0x2D, 0xE3, 0xF8, 0xDF, 0xDD, 0x9A, 0x01, 0x84, 0x25, 0xD9, 0x7A,
    0x80, 0xBF, 0xAA, 0xDA, 0x9E, 0x62, 0x8A, 0xD4, 0x3E, 0x76, 0x60, 0x1E, 0x0A, 0x02, 0xE6, 0xA1,
    0x00, 0xE0, 0x99, 0x53, 0x91, 0x10, 0x2C, 0xB6, 0xC5, 0x74, 0x20, 0x78, 0x00, 0xF2, 0x60, 0x00,
    0x20, 0x54, 0x49, 0x10, 0x80, 0x09, 0x80, 0x40, 0xE3, 0x61, 0xB6, 0x83, 0x06, 0x78, 0x62, 0xDE,
    0x54, 0x3D, 0x11, 0x41, 0xB0, 0x45, 0x44, 0xB0, 0xD8, 0x4A, 0xB2, 0x92, 0x58, 0x98, 0xB3, 0xD4,
    0xEC, 0xD6, 0xCC, 0x9E, 0xAA, 0x3F, 0x7D, 0xFE, 0xBA, 0x75, 0xDC, 0x6E, 0x13, 0x99, 0x9D, 0x7D,
    0x7B, 0xF7, 0xF6, 0x9E, 0xB9, 0xF7, 0xFB, 0xAF, 0x5B, 0xB7, 0xFA, 0x1E, 0xDF, 0x7F, 0xAA, 0xFE,
    0x7F, 0x4E, 0x37, 0x88, 0x83, 0x1D, 0x63, 0x59, 0x80, 0x44, 0x24, 0x30, 0x73, 0xD2, 0x40, 0xEE,
    0xA4, 0x83, 0x62, 0x6A, 0x7B, 0x28, 0xC7, 0x7A, 0x00, 0x63, 0x8D, 0x85, 0xDA, 0x96, 0x23, 0xC8,
    0x50, 0x38, 0x90, 0x2E, 0x77, 0x44, 0x57, 0x9C, 0xFD, 0xA9, 0x22, 0x3B, 0x66, 0x9E, 0x4D, 0xEE,
    0xD9, 0xE5, 0xCB, 0xC5, 0x85, 0x74, 0xA5, 0x03, 0x19, 0x8C, 0x83, 0xD6, 0x9A, 0x11, 0x6A, 0xDB,
    0x5A, 0x30, 0x93, 0x58, 0xF0, 0xC7, 0xF6, 0x47, 0xD1, 0x7B, 0x1A, 0xEB, 0x59, 0x8F, 0xE1, 0x35,
    0xE5, 0xC0, 0x36, 0xEE, 0x5C, 0x40, 0x2C, 0x62, 0xC9, 0x44, 0xD6, 0xAF, 0x26, 0x79, 0xF5, 0x53,
    0xA9, 0x20, 0x91, 0x06, 0xE2, 0x2B, 0x44, 0x7F, 0x2A, 0x4D, 0xA4, 0xD3, 0xF0, 0x30, 0x1E, 0xF5,
    0x14, 0x4B, 0xD3, 0xDA, 0x2B, 0xC8, 0x90, 0xF8, 0x57, 0xE9, 0x15, 0xE6, 0x76, 0x77, 0xB4, 0x94,
    0xB9, 0x6D, 0x52, 0xB1, 0xA6, 0xE1, 0x1E, 0xDB, 0x88, 0x27, 0x20, 0x5B, 0x80, 0x5C, 0x3C, 0x54,
    0x95, 0x63, 0x1B, 0x97, 0x8D, 0xA7, 0x4C, 0x41, 0x26, 0x7F, 0x3C, 0x7B, 0xC6, 0xCA, 0xCC, 0x79,
    0x96, 0x56, 0xD9, 0x70, 0x63, 0x1C, 0x59, 0x0A, 0xEE, 0x7F, 0x0E, 0x94, 0xA2, 0x68, 0xE0, 0xFD,
    0xB6, 0x03, 0x4C, 0x07, 0x91, 0x6A, 0xD5, 0x09, 0xDA, 0x03, 0xFB, 0xBF, 0x7B, 0xEE, 0x59, 0x58,
    0xA8, 0x47, 0xD3, 0x81, 0xB8, 0x25, 0x08, 0x9A, 0xDA, 0x06, 0x8A, 0xBE, 0xE8, 0xE1, 0x84, 0xE8,
    0xF4, 0x58, 0xB5, 0xEE, 0x46, 0xBC, 0x10, 0x3D, 0x4A, 0x1C, 0x85, 0xE4, 0x03, 0x46, 0x3E, 0xAB,
    0x90, 0xCB, 0x81, 0x78, 0xCE, 0x46, 0x12, 0x1B, 0xB9, 0xC3, 0x69, 0x7D, 0xD0, 0x00, 0x98, 0xDE,
    0x33, 0xB7, 0xF5, 0x08, 0xB1, 0x13, 0xC7, 0x6D, 0xD4, 0xDA, 0x36, 0xBA, 0x42, 0xEF, 0x55, 0x64,
    0x56, 0x2C, 0xD1, 0xD7, 0xE2, 0x20, 0x7B, 0xBD, 0x40, 0x31, 0xD4, 0x0D, 0x86, 0xBC, 0x63, 0x1D,
    0xBF, 0x3C, 0x87, 0x52, 0x04, 0x5A, 0x91, 0x1E, 0xE3, 0x0D, 0x9B, 0xBF, 0x69, 0x47, 0xC0, 0x4C,
    0x40, 0x39, 0xC1, 0xBD, 0xC7, 0x13, 0x85, 0xC8, 0x84, 0x5C, 0x21, 0xF1, 0x48, 0xA5, 0x29, 0xA7,
    0x4C, 0x28, 0xA7, 0x7C, 0xC1, 0xF8, 0x57, 0xF5, 0x15, 0x3E, 0xDD, 0x1D, 0x8D, 0x45, 0x3E, 0x9D,
    0xA8, 0x25, 0x99, 0x82, 0xA5, 0xA7, 0x4A, 0x51, 0xC1, 0x97, 0x9D, 0x67, 0xD6, 0x41, 0x3D, 0xD6,
    0x15, 0x88, 0xFB, 0x0B, 0x95, 0xF5, 0xFE, 0xAD, 0x5B, 0xB9, 0xE5, 0xE0, 0x31, 0x02, 0xD1, 0x48,
    0xF4, 0xE8, 0x8E, 0x25, 0x97, 0xDC, 0x4B, 0xFC, 0xE7, 0x8A, 0xF6, 0x72, 0x20, 0x9A, 0xD3, 0x89,
    0xC4, 0x72, 0xB8, 0x35, 0x1C, 0x86, 0x34, 0x93, 0xEA, 0xB1, 0x90, 0xFC, 0xB7, 0x0C, 0x90, 0x36,
    0x65, 0x05, 0x9C, 0x3C, 0x02, 0x28, 0x17, 0xCF, 0x5A, 0x2A, 0x88, 0xC4, 0xF4, 0x90, 0x8E, 0xE9,
    0x08, 0x51, 0xC5, 0xD1, 0x2A, 0xBF, 0xFB, 0xE4, 0xF7, 0xC0, 0x2C, 0x35, 0xB4, 0x32, 0xC3, 0x54,
    0x4C, 0xF0, 0x3E, 0xD5, 0x6A, 0x8D, 0x54, 0x7A, 0x28, 0xC4, 0x9F, 0xF6, 0x97, 0x33, 0x38, 0xCC,
    0xA6, 0xFC, 0xE3, 0xEF, 0x43, 0xB9, 0xBB, 0xAE, 0xFC, 0xC1, 0xF9, 0x0D, 0x55, 0xD9, 0x2C, 0x0D,
    0x14, 0xD6, 0x78, 0x25, 0x4D, 0x66, 0xD9, 0x1F, 0x3F, 0x8A, 0x0E, 0x83, 0x42, 0x2A, 0x30, 0xD2,
    0x81, 0x5C, 0x5A, 0x92, 0x25, 0x73, 0x64, 0x63, 0xB4, 0xFC, 0x20, 0x4D, 0x48, 0xBE, 0x04, 0xDC,
    0x68, 0x42, 0x58, 0x3C, 0x62, 0xC7, 0x56, 0xA2, 0xF3, 0x8F, 0xFE, 0x61, 0x80, 0xBC, 0x4B, 0x07,
    0x7F, 0x3F, 0x6C, 0x3B, 0xB5, 0xDE, 0x00, 0xED, 0x02, 0x70, 0x52, 0x1D, 0x79, 0x96, 0x4C, 0x07,
    0xB4, 0x10, 0x9D, 0xBA, 0x0F, 0x48, 0xBE, 0x3C, 0x7F, 0x46, 0xE4, 0x62, 0x07, 0x22, 0x23, 0x18,
    0xBD, 0xD0, 0x17, 0x0E, 0x99, 0x84, 0xE7, 0xCA, 0x56, 0x59, 0x76, 0x40, 0xFE, 0xE1, 0xBF, 0xDC,
    0x66, 0xC3, 0x65, 0x0F, 0x64, 0x16, 0xA2, 0x3F, 0x99, 0xAE, 0x0C, 0xDB, 0xA7, 0x3F, 0xB8, 0xE1,
    0xB2, 0x51, 0x5A, 0xCF, 0x58, 0x99, 0x7A, 0x16, 0xF9, 0x5F, 0xF5, 0x90, 0xFF, 0x63, 0xE6, 0xB9,
    0x79, 0xAE, 0x00, 0x99, 0x8F, 0xDC, 0x73, 0x54, 0x6D, 0x17, 0x69, 0xAC, 0xAB, 0xE7, 0x21, 0x44,
    0x7F, 0xA0, 0xCB, 0x79, 0x70, 0xC4, 0x53, 0x3C, 0x81, 0x77, 0x4A, 0x2D, 0x3D, 0x64, 0x07, 0x94,
    0x1D, 0x46, 0xDB, 0xFF, 0x1A, 0x62, 0xCD, 0x78, 0xF2, 0x5F, 0x5A, 0x43, 0x3B, 0x9F, 0x85, 0xB8,
    0xE1, 0x57, 0x90, 0x0E, 0xB1, 0x7F, 0x7F, 0xB9, 0xB4, 0x80, 0x48, 0x0F, 0x18, 0x15, 0x1F, 0x9D,
    0x72, 0xBC, 0xD5, 0x33, 0x03, 0xB3, 0x3C, 0x86, 0x56, 0x96, 0x5D, 0xF5, 0x3C, 0xA5, 0xDA, 0x55,
    0xCA, 0xE7, 0x3C, 0x07, 0x23, 0x4E, 0x4B, 0xA8, 0x9A, 0x3C, 0x60, 0xF5, 0x2C, 0xAA, 0x68, 0x84,
    0xA2, 0x4B, 0x2C, 0xE4, 0x9A, 0xF7, 0x54, 0xA5, 0x46, 0xA2, 0x52, 0xCB, 0x89, 0x1F, 0x55, 0xF5,
    0x4C, 0x2C, 0x0F, 0x49, 0x46, 0x5A, 0x62, 0xEF, 0x14, 0x11, 0xB7, 0xBB, 0xAD, 0xDC, 0x39, 0xFC,
    0x4A, 0x4F, 0x46, 0x20, 0x9F, 0x3D, 0x96, 0xED, 0x55, 0xBA, 0x09, 0x17, 0x91, 0x41, 0x44, 0x6C,
    0x78, 0xFE, 0xEB, 0xD9, 0xA9, 0x74, 0x70, 0xED, 0xF9, 0xC5, 0x45, 0xE3, 0x4D, 0xED, 0x3F, 0xF5,
    0xFD, 0x9B, 0xCF, 0x1E, 0x44, 0xC4, 0xEE, 0x3F, 0xD9, 0xC6, 0x73, 0x7C, 0x1E, 0x88, 0x77, 0x4F,
    0xDA, 0x0A, 0x1D, 0xF1, 0xC7, 0x40, 0x2D, 0x83, 0x37, 0xE0, 0x34, 0x31, 0x14, 0x4B, 0x2A, 0x8D,
    0x99, 0x90, 0xCE, 0x58, 0xDA, 0xAE, 0x7E, 0x79, 0xD6, 0xF6, 0xB5, 0x88, 0xF4, 0x6D, 0x40, 0x6D,
    0x01, 0x85, 0x19, 0xD1, 0x0C, 0xC5, 0x55, 0x2E, 0x5F, 0xB4, 0x55, 0x2A, 0x22, 0x55, 0xE4, 0x41,
    0x29, 0x0B, 0x70, 0xC6, 0x36, 0x66, 0x20, 0x11, 0x45, 0xB5, 0x43, 0x68, 0x65, 0xE2, 0xBF, 0x87,
    0x44, 0x27, 0x61, 0x89, 0x8A, 0x11, 0x72, 0x0B, 0x8F, 0x2D, 0x48, 0xA7, 0x53, 0xE7, 0x50, 0xBA,
    0xEE, 0xBC, 0x02, 0x72, 0xE9, 0x3C, 0x7A, 0x78, 0xCF, 0x0C, 0x40, 0xE1, 0xD1, 0x6E, 0x5B, 0x11,
    0x38, 0x38, 0xA4, 0xBB, 0x2A, 0x9B, 0x13, 0x6B, 0xE4, 0xC5, 0x50, 0x8B, 0x74, 0xCF, 0x0B, 0xA9,
    0x9E, 0x45, 0xAF, 0x0E, 0x27, 0x04, 0x4E, 0xA0, 0xED, 0x0D, 0xB1, 0x2C, 0x0B, 0x89, 0xC8, 0x4C,
    0xF6, 0xEF, 0x32, 0x91, 0x75, 0x45, 0x7F, 0x50, 0x0D, 0xF7, 0xCF, 0xD7, 0xCE, 0x4C, 0x86, 0x96,
    0x58, 0x5E, 0x3A, 0x52, 0x99, 0x21, 0xFF, 0x52, 0xC0, 0x34, 0xA6, 0xE3, 0x5E, 0xA8, 0xC6, 0x46,
    0x64, 0xF2, 0x70, 0xFB, 0x78, 0x79, 0xF6, 0x08, 0x63, 0x81, 0x9B, 0x78, 0x7D, 0x71, 0x8E, 0x11,
    0xB1, 0xDC, 0x84, 0x85, 0x37, 0x63, 0xF4, 0x10, 0x71, 0x37, 0x11, 0x46, 0x24, 0xAC, 0xBB, 0x2D,
    0xE4, 0xF2, 0xA1, 0x85, 0x52, 0x3E, 0x69, 0xA0, 0x7E, 0x61, 0x21, 0x5A, 0xD2, 0x09, 0x92, 0x11,
    0x07, 0xFB, 0xFA, 0xD4, 0xDF, 0x2A, 0x70, 0x35, 0xB8, 0x2A, 0x44, 0x1D, 0xA2, 0x12, 0x51, 0x8B,
    0xA8, 0x46, 0xDA, 0x3D, 0xAA, 0x44, 0xA5, 0x4E, 0x6E, 0x93, 0x89, 0xDA, 0x44, 0x75, 0x12, 0x29,
    0x55, 0xA8, 0x1A, 0xD5, 0x8D, 0x98, 0xD0, 0x88, 0x99, 0x71, 0xB7, 0x0B, 0x13, 0x8B, 0x40, 0x3A,
    0xD5, 0x0D, 0x79, 0x5F, 0x0C, 0x7B, 0xDB, 0x03, 0xB9, 0xC8, 0xE2, 0x21, 0xFB, 0x98, 0xCF, 0xCE,
    0xC8, 0x1D, 0x70, 0x13, 0xCB, 0xC5, 0x53, 0x72, 0x11, 0xC7, 0x4D, 0x38, 0x78, 0x33, 0x66, 0x0F,
    0x11, 0xB9, 0x09, 0x80, 0x76, 0x9D, 0xE9, 0xBA, 0xCF, 0x32, 0x12, 0x7D, 0x25, 0x0E, 0xD2, 0x45,
    0xB6, 0x7D, 0x96, 0x2A, 0xEC, 0xB3, 0x3C, 0x78, 0x02, 0xA9, 0x2C, 0x9A, 0x9E, 0xCE, 0xDB, 0xB1,
    0x91, 0x0C, 0xF5, 0x94, 0x48, 0x93, 0xBB, 0x44, 0xC8, 0x5C, 0x2A, 0x67, 0x7F, 0x36, 0x7B, 0x23,
    0x73, 0x16, 0x90, 0x0A, 0xA0, 0xD0, 0x7B, 0x52, 0x2C, 0x1D, 0xBF, 0x8F, 0x2C, 0x7F, 0x37, 0x7A,
    0xD5, 0x23, 0x85, 0x47, 0x2C, 0x32, 0xC0, 0x89, 0x97, 0x11, 0xFD, 0x6A, 0xBB, 0x8F, 0xC5, 0x6D,
    0xA5, 0xA5, 0x15, 0x19, 0x16, 0x62, 0x19, 0x47, 0x52, 0x71, 0xA7, 0x47, 0xB9, 0x24, 0x8B, 0xC1,
    0x63, 0x02, 0x98, 0xFC, 0x26, 0xCA, 0x48, 0x2E, 0x1F, 0xF5, 0x94, 0x7E, 0x13, 0xC5, 0xAF, 0x4B,
    0x5D, 0x96, 0xBA, 0x2A, 0x0F, 0x5A, 0x15, 0xB2, 0x39, 0xED, 0x0A, 0x5F, 0x5A, 0x1F, 0x0B, 0x3F,
    0x8F, 0x7E, 0x0D, 0xF7, 0x2A, 0x10, 0x4B, 0x22, 0x8E, 0xFC, 0xA5, 0x78, 0x8B, 0xCD, 0x07, 0x44,
    0xD5, 0x61, 0x6E, 0xFD, 0xE7, 0x19, 0x94, 0xBE, 0x7D, 0xAB, 0x45, 0xE0, 0x59, 0xE1, 0xD6, 0xCD,
    0x0F, 0xAD, 0x9B, 0x5A, 0x9D, 0xC8, 0xBF, 0x99, 0xC0, 0xFC, 0x76, 0x81, 0xDF, 0x50, 0x1E, 0xB0,
    0x80, 0x5E, 0x3C, 0x21, 0x16, 0x4B, 0x2A, 0x8E, 0xE2, 0x1B, 0xA1, 0xEE, 0xA5, 0x11, 0xCA, 0x9E,
    0x23, 0x68, 0x22, 0xDE, 0x76, 0xB3, 0xE2, 0x38, 0xFA, 0x0C, 0xA0, 0x9C, 0x29, 0xA5, 0x2A, 0xA5,
    0xC3, 0x74, 0xD4, 0x4D, 0x22, 0x24, 0x13, 0xB1, 0x5D, 0x3D, 0xBA, 0xF5, 0x51, 0xCB, 0x98, 0x0A,
    0xC9, 0xB7, 0x79, 0x94, 0x32, 0x84, 0xD3, 0x7F, 0x76, 0x8E, 0x59, 0x30, 0xC2, 0x4F, 0xA4, 0x42,
    0xB8, 0x23, 0xE4, 0x8E, 0x6C, 0x00, 0xBD, 0x85, 0x94, 0xD3, 0xBB, 0x3C, 0x7E, 0x57, 0x73, 0x43,
    0x47, 0x3A, 0x92, 0x3B, 0xF2, 0xD9, 0x33, 0x9D, 0x74, 0x62, 0x7E, 0x55, 0x59, 0xB1, 0x75, 0x7F,
    0xBF, 0xF2, 0xD7, 0x61, 0x3B, 0xFC, 0xFF, 0xFF, 0x54, 0x67, 0xD3, 0x0E, 0x62, 0xDB, 0xC1, 0x74,
    0x6C, 0x23, 0x16, 0x79, 0x02, 0xA5, 0x7E, 0x59, 0x68, 0xFA, 0xA5, 0x4B, 0xE5, 0xF3, 0x4C, 0x6C,
    0xEE, 0x95, 0x8C, 0xC5, 0x02, 0xC6, 0x95, 0xCE, 0xA7, 0xD4, 0x4C, 0x50, 0x28, 0xF3, 0xD9, 0x67,
    0x39, 0x5F, 0xDE, 0x40, 0x3D, 0xEA, 0x59, 0xCC, 0x46, 0xCF, 0x2A, 0x66, 0x30, 0x6E, 0xFD, 0x69,
    0x99, 0x0C, 0xA9, 0xD8, 0xF5, 0x5B, 0x90, 0xDD, 0xA2, 0xD8, 0x95, 0xB3, 0x7E, 0x95, 0x1E, 0xC6,
    0x9A, 0x86, 0xD2, 0xDD, 0x64, 0x6E, 0xD9, 0x46, 0xB4, 0x2E, 0x55, 0x4B, 0xAC, 0xDD, 0x8E, 0x88,
    0x54, 0x85, 0xFC, 0xAD, 0x74, 0xC6, 0x21, 0x83, 0x19, 0x69, 0x6D, 0x6D, 0x31, 0xB6, 0xDD, 0x30,
    0x2A, 0xF4, 0x3D, 0xE3, 0xA1, 0x1F, 0x29, 0x5D, 0x24, 0x7D, 0x2E, 0x97, 0xD2, 0x6D, 0x4B, 0x75,
    0xC6, 0x27, 0x02, 0x78, 0x14, 0xBE, 0xC8, 0x6D, 0x95, 0x27, 0x93, 0xED, 0x55, 0x3C, 0x73, 0x7D,
    0x18, 0xA7, 0x94, 0x95, 0x15, 0x40, 0xAB, 0x14, 0x8F, 0x6C, 0x51, 0x8E, 0x9E, 0x69, 0x7F, 0xE4,
    0x29, 0x78, 0xFB, 0xE6, 0xFA, 0x70, 0x59, 0x88, 0x9F, 0x7A, 0xE6, 0x23, 0x94, 0x53, 0xD1, 0x43,
    0xBB, 0x98, 0xED, 0xBF, 0xC5, 0x89, 0x33, 0x1D, 0xE4, 0x36, 0xB3, 0x70, 0x52, 0x45, 0xA7, 0xB7,
    0x62, 0x7D, 0x83, 0x40, 0x74, 0xF6, 0xC6, 0xE6, 0x93, 0x25, 0xF5, 0x27, 0x8D, 0xFC, 0x86, 0x6B,
    0x96, 0x55, 0xF3, 0xEA, 0x79, 0x15, 0x8D, 0x9A, 0x46, 0x55, 0xA3, 0x22, 0x51, 0xB1, 0xB4, 0x81,
    0xE3, 0x4A, 0x7D, 0x3F, 0x3C, 0xF4, 0x4D, 0x75, 0x8E, 0x4A, 0x27, 0x34, 0x9F, 0x33, 0x9B, 0x77,
    0x15, 0xEF, 0x1B, 0x35, 0x28, 0xAC, 0x67, 0x3A, 0x79, 0x4F, 0xCC, 0xF5, 0x42, 0x30, 0x3F, 0xDF,
    0x3A, 0xF3, 0x75, 0xC7, 0xDA, 0xA5, 0x9E, 0x42, 0x6A, 0x65, 0x02, 0x5E, 0xCB, 0x0C, 0xA4, 0xB3,
    0x00, 0xB9, 0x35, 0x1D, 0x94, 0x4D, 0xD6, 0xB3, 0x8D, 0xFB, 0xDE, 0x41, 0x2A, 0xA2, 0x66, 0xA4,
    0x87, 0x56, 0x64, 0x24, 0x92, 0x57, 0xAD, 0x23, 0xF1, 0xFB, 0x22, 0x57, 0xAC, 0x32, 0x61, 0xBD,
    0xDB, 0x67, 0x81, 0x52, 0xAD, 0xBC, 0x56, 0x05, 0xF4, 0xCD, 0x58, 0x3A, 0x3F, 0x79, 0x79, 0x2D,
    0x8E, 0xB5, 0x79, 0xA5, 0xD0, 0x9F, 0x1C, 0xCB, 0xB5, 0x6D, 0xE1, 0x3F, 0x57, 0xB6, 0x9D, 0xE7,
    0xE3, 0xC1, 0x33, 0xE9, 0xA1, 0x9C, 0x4C, 0x07, 0xED, 0xF2, 0x50, 0xB3, 0xF0, 0x47, 0xB7, 0x74,
    0xFD, 0xEF, 0x75, 0xBA, 0x8E, 0xE8, 0x2C, 0x9E, 0x7C, 0xA7, 0x3B, 0xF8, 0x4E, 0xB7, 0xD1, 0x8B,
    0x40, 0xAF, 0x01, 0xBD, 0x04, 0x0E, 0x7C, 0xB3, 0x87, 0x7A, 0xF8, 0x39, 0xB0, 0x4E, 0xFC, 0x2B,
    0x19, 0x21, 0xEE, 0x7F, 0xDA, 0x00, 0x91, 0x7E, 0x26, 0x17, 0xD8, 0xF5, 0x4F, 0xB4, 0xBF, 0xB0,
    0x10, 0xBB, 0xD8, 0xE9, 0x7E, 0xE7, 0x07, 0xEF, 0x2A, 0xDE, 0x7D, 0x17, 0xF1, 0xBC, 0xA5, 0x78,
    0xDF, 0x37, 0x57, 0x94, 0xCB, 0x2F, 0xC0, 0x68, 0xDF, 0x9C, 0x69, 0xDF, 0x0C, 0xB0, 0xF6, 0xCD,
    0xD6, 0xF7, 0xCD, 0x6E, 0xBF, 0x6F, 0x3E, 0x9C, 0xF8, 0xFB, 0x4F, 0x3D, 0xCD, 0xE2, 0x29, 0x6B,
    0x3B, 0xD8, 0xF6, 0x90, 0xB9, 0xC2, 0x42, 0x31, 0x24, 0x0E, 0x1D, 0x3F, 0x96, 0xCE, 0x25, 0xBE,
    0xD8, 0x0A, 0xAC, 0x3A, 0x68, 0x3F, 0x9B, 0x88, 0x25, 0x99, 0x49, 0x26, 0xDA, 0x63, 0x6B, 0x6E,
    0x1E, 0x68, 0x6A, 0x68, 0x47, 0xCF, 0x48, 0x3A, 0xB6, 0xB6, 0x1D, 0xF2, 0x49, 0x43, 0xD9, 0x6B,
    0x08, 0xBF, 0x50, 0x27, 0x9F, 0x35, 0x43, 0xB9, 0x53, 0x49, 0xB9, 0x53, 0x63, 0xF5, 0xA8, 0xFA,
    0xC4, 0xA6, 0x5E, 0xA7, 0x74, 0x2A, 0x76, 0x61, 0xCD, 0x13, 0x6B, 0xA2, 0xD0, 0x4B, 0x61, 0x66,
    0x4D, 0x06, 0x6B, 0x66, 0xDE, 0x18, 0xC2, 0x47, 0x34, 0x61, 0xAC, 0x19, 0xDB, 0x7E, 0xD8, 0x9A,
    0x33, 0xD6, 0xA4, 0xB1, 0xCB, 0xDA, 0x2E, 0x6D, 0x6B, 0xDE, 0x42, 0xE2, 0x7C, 0xE6, 0xC2, 0xFF,
    0x8C, 0xFC, 0xF9, 0x61, 0x6F, 0x46, 0x3A, 0xFD, 0xD4, 0x5A, 0xF9, 0xB6, 0x44, 0x4E, 0x3E, 0x2F,
    0xBE, 0x9A, 0xCA, 0x68, 0x6C, 0x2C, 0xB2, 0x48, 0xBF, 0xEE, 0x91, 0x17, 0x72, 0x29, 0x8B, 0x16,
    0x62, 0x7B, 0xAD, 0x10, 0x2B, 0xDF, 0x5C, 0x88, 0xEB, 0x50, 0x88, 0xE7, 0x48, 0x06, 0x72, 0x91,
    0xFF, 0xB3, 0x10, 0x87, 0x09, 0x92, 0xAC, 0x09, 0x60, 0x3D, 0x42, 0x39, 0x6A, 0xC8, 0x9C, 0x86,
    0x68, 0xB9, 0xED, 0x89, 0x88, 0x2E, 0x1A, 0x00, 0xB1, 0x9E, 0x66, 0x0A, 0x9D, 0xF3, 0xAE, 0xE9,
    0xC4, 0x74, 0x3F, 0x78, 0x22, 0xF8, 0xD9, 0xB9, 0x86, 0x7A, 0x5E, 0x83, 0x68, 0xF8, 0xC9, 0x1A,
    0x10, 0x65, 0xBA, 0xEC, 0x5F, 0x1F, 0xF9, 0xED, 0xBF, 0x3E, 0xEE, 0xFE, 0x8F, 0x67, 0x2E, 0x8D,
    0xB2, 0x03, 0xDE, 0xAB, 0xF5, 0xB0, 0xF1, 0x8C, 0xDA, 0x2E, 0xDC, 0x14, 0xE2, 0x23, 0xB8, 0x56,
    0x40, 0x6B, 0x71, 0x24, 0xCD, 0x33, 0x20, 0x95, 0xD7, 0x4E, 0xA7, 0x2D, 0x93, 0x0F, 0xFF, 0x24,
    0x16, 0x28, 0xAA, 0xB2, 0xB9, 0xDD, 0x49, 0xD1, 0x08, 0x98, 0xA1, 0xA8, 0x40, 0xA4, 0xD5, 0xC3,
    0x02, 0xC9, 0xCB, 0xD6, 0x41, 0xD2, 0x67, 0xC3, 0x11, 0x24, 0xE2, 0x56, 0xEB, 0xDD, 0xAF, 0xE7,
    0x14, 0x4E, 0x43, 0x79, 0x2D, 0x64, 0x23, 0xD7, 0xC6, 0x51, 0x18, 0x87, 0x68, 0x0E, 0x55, 0x9A,
    0x54, 0xC2, 0xEB, 0xFD, 0xBA, 0x6E, 0x2C, 0xB1, 0x54, 0x57, 0x4C, 0xBE, 0x57, 0x8E, 0x57, 0xC4,
    0x38, 0x32, 0xD1, 0xDD, 0xBC, 0x45, 0xE7, 0xEF, 0xD4, 0xFF, 0xA8, 0xFA, 0x7B, 0xC2, 0x2F, 0x3B,
    0x2A, 0xC2, 0x08, 0xF3, 0xF7, 0xAC, 0x02, 0x43, 0x81, 0x83, 0x7B, 0xD5, 0xD5, 0x43, 0x06, 0xA4,
    0x7F, 0x57, 0xD8, 0x58, 0xFA, 0x76, 0x4C, 0x65, 0xDD, 0xCB, 0x34, 0x1E, 0xB9, 0x88, 0xE9, 0x13,
    0x99, 0x4C, 0xCF, 0x3D, 0xB6, 0x91, 0x8E, 0x40, 0xEE, 0x80, 0x62, 0xD6, 0x57, 0x6F, 0xC8, 0x7B,
    0x26, 0x95, 0xB2, 0x57, 0xDA, 0xD0, 0xEE, 0x51, 0x0C, 0xA1, 0x97, 0x60, 0xF1, 0xE0, 0xD9, 0xB1,
    0xA7, 0x60, 0xFF, 0x0F, 0xBC, 0xBB, 0xEB, 0x7F, 0xE0, 0xDD, 0x84, 0x3F, 0xF0, 0x3E, 0x68, 0x16,
    0xE2, 0xB5, 0x2B, 0x48, 0x55, 0x32, 0xF9, 0xBC, 0xD9, 0x0B, 0x6A, 0xF7, 0x17, 0x46, 0x74, 0xC6,
    0xFA, 0x61, 0xD5, 0xFB, 0xE1, 0xA2, 0x16, 0x3E, 0x72, 0x1A, 0x1E, 0xAF, 0x41, 0xEC, 0x1A, 0x3A,
    0x0D, 0x0B, 0x1A, 0x9A, 0x35, 0x54, 0xDF, 0x39, 0xA8, 0xEF, 0x9D, 0xF0, 0x9D, 0xF1, 0x9D, 0xF2,
    0xCD, 0xF9, 0x4E, 0xBA, 0x5A, 0x0F, 0xDA, 0xE1, 0xEE, 0xC7, 0x61, 0x23, 0x31, 0x74, 0x78, 0xB1,
    0xE8, 0xB1, 0x74, 0xF6, 0x24, 0x1F, 0xF4, 0x2B, 0x80, 0x44, 0xD4, 0xFD, 0x1F, 0x0A, 0x5E, 0xE3,
    0xBF, 0x2D, 0x1A, 0x5E, 0x38, 0x0D, 0x32, 0xAE, 0xA1, 0xD7, 0x30, 0xA3, 0xA1, 0xFF, 0x36, 0x41,
    0xB3, 0x02, 0x9A, 0x17, 0xD0, 0xCC, 0x80, 0x59, 0x83, 0x66, 0x07, 0xD6, 0xFC, 0xB0, 0xCB, 0x10,
    0x17, 0xE7, 0x84, 0x96, 0x2D, 0xA4, 0x48, 0xE7, 0x1A, 0x76, 0x30, 0x28, 0x86, 0xDB, 0x9E, 0xA3,
    0xF8, 0xC2, 0x13, 0x95, 0x03, 0xD4, 0x76, 0xBF, 0x32, 0x24, 0x0B, 0x3A, 0xDA, 0xE3, 0xCC, 0x51,
    0x18, 0x99, 0x34, 0x6B, 0x18, 0x34, 0xB4, 0x96, 0x70, 0xBB, 0x82, 0x62, 0xFF, 0xAA, 0x62, 0x51,
    0xF2, 0xEC, 0xB6, 0x66, 0x2C, 0x74, 0xAE, 0x94, 0xB2, 0x0B, 0x1D, 0xDA, 0xBC, 0x6A, 0xC0, 0x68,
    0x88, 0xA4, 0xD9, 0xCB, 0x5F, 0x62, 0x8F, 0x37, 0x7F, 0x51, 0x05, 0x14, 0x53, 0xD6, 0x03, 0x46,
    0x5E, 0x74, 0x80, 0x88, 0xF8, 0x30, 0x3F, 0x16, 0x80, 0x31, 0x9E, 0x6E, 0xFF, 0x7D, 0x90, 0xF7,
    0x3C, 0xDA, 0xFE, 0x21, 0xF8, 0x69, 0x2D, 0x40, 0xAA, 0xA7, 0x91, 0xFD, 0x87, 0x9E, 0x96, 0x77,
    0x45, 0x73, 0x8C, 0x39, 0xBA, 0xFD, 0xE6, 0x43, 0xF7, 0x18, 0xDA, 0x2F, 0x82, 0x68, 0x6E, 0x14,
    0x5A, 0x1D, 0x47, 0x7E, 0xAF, 0x4B, 0x47, 0xD8, 0x7A, 0x36, 0x28, 0x42, 0xB8, 0xD1, 0xBB, 0x87,
    0x1D, 0xC8, 0x5C, 0x00, 0x4D, 0x85, 0xAE, 0xC0, 0x70, 0x47, 0x24, 0x99, 0xB8, 0x36, 0x64, 0xF0,
    0x9F, 0xAA, 0x2D, 0xA9, 0x78, 0xD1, 0xF9, 0x42, 0xE1, 0xFC, 0x23, 0x17, 0xCC, 0x44, 0x22, 0xD4,
    0x3E, 0x17, 0x9D, 0x0C, 0x20, 0xBF, 0x95, 0x0E, 0xDA, 0xFF, 0x94, 0x0A, 0xCC, 0xD7, 0xA2, 0xD6,
    0xB5, 0x91, 0x5C, 0x97, 0xB4, 0xA6, 0x23, 0x11, 0x1B, 0x76, 0xD7, 0x78, 0x27, 0xFE, 0xF2, 0x7C,
    0x6B, 0x1D, 0xF2, 0x25, 0xF4, 0x0D, 0x75, 0x1F, 0xEE, 0xEC, 0x9A, 0xE3, 0x93, 0x47, 0x32, 0x50,
    0xBA, 0xDA, 0x62, 0x26, 0x33, 0x62, 0x6C, 0x39, 0x51, 0xDB, 0xDC, 0x21, 0xBD, 0x47, 0x97, 0x2E,
    0x91, 0x34, 0x89, 0x24, 0x42, 0xEC, 0x81, 0xFC, 0xF5, 0x02, 0xF2, 0x89, 0x83, 0xDA, 0xC3, 0xBC,
    0x18, 0xA1, 0x14, 0x0B, 0xB9, 0x0C, 0x1E, 0x1D, 0xA4, 0x1E, 0x2A, 0x2C, 0x09, 0x7B, 0x88, 0x5A,
    0xFE, 0x6B, 0x07, 0x46, 0x46, 0x8F, 0xC1, 0xA3, 0x01, 0x33, 0x1D, 0x9F, 0xB9, 0x1B, 0xA3, 0x26,
    0xBC, 0x1F, 0xED, 0x91, 0xB6, 0x82, 0xC3, 0x6B, 0x2C, 0x7A, 0x6A, 0x67, 0xAC, 0x91, 0xB1, 0x1E,
    0x8D, 0x0C, 0xFE, 0x55, 0x53, 0x0E, 0xAA, 0x71, 0x1D, 0xDE, 0x94, 0xD2, 0x2A, 0xF5, 0x40, 0xA6,
    0xCC, 0x47, 0xCF, 0x7A, 0x50, 0x56, 0x9E, 0x0F, 0x8F, 0x74, 0xF1, 0xBE, 0xF5, 0x2F, 0x9C, 0x8F,
    0x6A, 0x19, 0x6B, 0x35, 0xDE, 0x8A, 0xB1, 0xD6, 0x62, 0x2D, 0xC5, 0x5B, 0x25, 0x1E, 0xE3, 0x63,
    0xBF, 0x61, 0xC0, 0xC9, 0x6E, 0xF3, 0x48, 0xA4, 0x25, 0x16, 0x11, 0x92, 0xB1, 0x75, 0x24, 0x43,
    0x36, 0x1C, 0x95, 0xE9, 0xFF, 0x05, 0xC5, 0x58, 0x31, 0x8C, 0xDD, 0xC6, 0xD1, 0xFE, 0x48, 0x4A,
    0xC7, 0xFF, 0x17, 0x7F, 0x60, 0x55, 0xF8, 0x0A, 0xFB, 0x47, 0xC0, 0x14, 0x69, 0x72, 0x08, 0xC4,
    0x36, 0x08, 0x64, 0x2D, 0x63, 0x97, 0x2E, 0x74, 0x85, 0x0E, 0x42, 0xD2, 0xD8, 0x85, 0x8A, 0x44,
    0x29, 0x9C, 0x1E, 0x0E, 0x48, 0x47, 0x3D, 0xE2, 0x22, 0xE9, 0x55, 0xA8, 0x70, 0x94, 0xC2, 0x2E,
    0x52, 0xA8, 0x10, 0xC2, 0x75, 0x1C, 0xC0, 0x85, 0x1B, 0x22, 0x86, 0xD3, 0xA4, 0xD9, 0x38, 0x55,
    0x92, 0xC2, 0x1B, 0x99, 0x46, 0x36, 0xD0, 0x92, 0x93, 0x99, 0xDD, 0xF7, 0xF8, 0xEE, 0x4E, 0x3E,
    0x48, 0x92, 0x21, 0x64, 0xB8, 0xF3, 0xED, 0x2E, 0xF7, 0x9B, 0x99, 0x9D, 0x25, 0xC9, 0xE5, 0x7B,
    0x30, 0x80, 0x03, 0x2E, 0x83, 0x08, 0x5F, 0xFE, 0x0C, 0xEE, 0xB7, 0x70, 0x23, 0x1C, 0x9E, 0xBD,
    0x1C, 0x02, 0x30, 0x28, 0x0C, 0x14, 0xA0, 0xC9, 0xD4, 0xD7, 0x4D, 0x79, 0xCB, 0x64, 0x1F, 0xCA,
    0xA9, 0x67, 0x2F, 0x59, 0xAB, 0xC9, 0xAD, 0x05, 0xC0, 0xA9, 0xEE, 0x40, 0x44, 0x3D, 0x2B, 0x99,
    0x1D, 0xEC, 0x1F, 0x1D, 0x1D, 0xC9, 0xC0, 0x44, 0x44, 0x7E, 0xA3, 0xD3, 0x40, 0x51, 0x02, 0x9D,
    0x51, 0x3F, 0x6E, 0xFC, 0x1A, 0xF6, 0x41, 0xE8, 0xDA, 0xFF, 0xA6, 0xFE, 0x1A, 0x07, 0xE0, 0xE4,
    0xAE, 0x69, 0xA2, 0x20, 0x8A, 0x8D, 0x70, 0xDB, 0x4B, 0xFF, 0xE0, 0xEE, 0xDD, 0x77, 0x0B, 0x5F,
    0x7A, 0x35, 0x29, 0xD7, 0x38, 0xED, 0xB4, 0x1D, 0xC6, 0x83, 0x5E, 0x79, 0xE5, 0xEB, 0x89, 0xFB,
    0x56, 0x1B, 0x6D, 0x86, 0xF6, 0x26, 0xAA, 0xA0, 0xE4, 0xF0, 0xB5, 0xB0, 0x46, 0x6D, 0x0E, 0xDA,
    0x61, 0xEC, 0x2C, 0x8F, 0xBB, 0xDA, 0xA9, 0xA9, 0xF2, 0x45, 0xC8, 0xEE, 0xB0, 0x9F, 0x89, 0x3D,
    0x71, 0x9F, 0x95, 0x79, 0xD1, 0xDE, 0x75, 0x23, 0xFB, 0x34, 0xC3, 0x48, 0xE6, 0xA0, 0xBF, 0xD9,
    0x8A, 0x5F, 0xE5, 0x1B, 0x57, 0x4F, 0x3A, 0x8D, 0xC7, 0x08, 0x5D, 0x8C, 0x32, 0xB4, 0x84, 0x9B,
    0xF8, 0x31, 0xE2, 0x18, 0xAB, 0x8E, 0xE3, 0x71, 0x8C, 0x19, 0xD4, 0x0F, 0x3D, 0x81, 0xB0, 0x30,
    0xE3, 0x5D, 0x88, 0xBF, 0xCE, 0x92, 0x91, 0xF9, 0x0A, 0xAF, 0x66, 0x55, 0x53, 0xED, 0x2A, 0x8E,
    0x5F, 0x84, 0x6A, 0xCA, 0xEE, 0xE4, 0xB7, 0xB1, 0x7F, 0x08, 0x68, 0x9B, 0xB4, 0x19, 0x59, 0x0D,
    0x50, 0xB3, 0x2A, 0x03, 0xFD, 0xF9, 0xE7, 0x4E, 0x13, 0x25, 0x7D, 0xEF, 0x1F, 0x4E, 0xCE, 0xAD,
    0x5A, 0x1F, 0xD3, 0x46, 0x74, 0xDC, 0xA9, 0xB6, 0xA7, 0xD4, 0x21, 0xC6, 0x69, 0x1C, 0xF3, 0x45,
    0x2D, 0xA0, 0xC6, 0xA8, 0xDF, 0x7B, 0xFD, 0x4F, 0x77, 0x64, 0x9D, 0xB7, 0x7A, 0x31, 0x9E, 0xB7,
    0x89, 0xD7, 0xEC, 0xB8, 0xDF, 0xBE, 0xFA, 0xE9, 0x09, 0xDE, 0x0B, 0xCA, 0x1C, 0x62, 0xE5, 0x5A,
    0xE1, 0x26, 0xBD, 0x86, 0x8A, 0xDA, 0x86, 0x8C, 0x26, 0xDB, 0x91, 0x1B, 0x62, 0xE1, 0x06, 0x77,
    0x6B, 0x32, 0xE5, 0x82, 0x8B, 0xF2, 0x6C, 0x42, 0xF7, 0xD0, 0x13, 0x34, 0x71, 0xB1, 0x9A, 0x42,
    0xC4, 0x56, 0x7B, 0x39, 0xFF, 0x32, 0xF0, 0x4D, 0xB0, 0x34, 0xB6, 0x73, 0xC3, 0x34, 0x38, 0x6D,
    0xF7, 0x5A, 0x88, 0xD4, 0x36, 0x5F, 0xA0, 0x7D, 0x49, 0x6D, 0x27, 0x10, 0x5B, 0x8D, 0x2B, 0x08,
    0x3C, 0x7E, 0x03, 0x51, 0x84, 0x54, 0xCC, 0xE8, 0x7A, 0xED, 0x2B, 0x02, 0xD9, 0xCE, 0x2B, 0xCA,
    0xC8, 0x6E, 0x7A, 0x4C, 0x5E, 0x30, 0x18, 0xA6, 0xBF, 0x81, 0x17, 0x23, 0x57, 0xFB, 0xCE, 0x6B,
    0xDF, 0x38, 0x89, 0x10, 0x5F, 0x18, 0x47, 0x70, 0xF8, 0xBA, 0xE5, 0x10, 0x22, 0x9A, 0xCC, 0xFE,
    0x75, 0x83, 0xE2, 0x6B, 0x97, 0xAC, 0xA5, 0x13, 0x52, 0x98, 0x27, 0x3B, 0xC4, 0xEE, 0xCB, 0x23,
    0x8B, 0x74, 0x3C, 0x9D, 0xDD, 0xD1, 0xEB, 0xA8, 0xD2, 0xF1, 0x34, 0x76, 0xD8, 0x49, 0x49, 0x2D,
    0xAA, 0x09, 0x22, 0x35, 0x59, 0x28, 0xB7, 0x59, 0x93, 0x09, 0x7A, 0x84, 0xC8, 0xF0, 0x71, 0x40,
    0x67, 0x20, 0x42, 0xAF, 0x06, 0x50, 0x32, 0xA6, 0x62, 0xCE, 0x08, 0xA9, 0x99, 0xCF, 0x45, 0x58,
    0x9B, 0x95, 0xC7, 0x96, 0xA0, 0xDC, 0xB6, 0x19, 0x1A, 0x7B, 0xB3, 0xC5, 0x41, 0x8F, 0xE1, 0xD5,
    0xA0, 0x3F, 0x22, 0x97, 0xD3, 0x84, 0xEE, 0x73, 0x4F, 0x57, 0x29, 0x94, 0x34, 0x43, 0xD3, 0x3F,
    0xA9, 0xA1, 0x59, 0x11, 0x41, 0xD1, 0x27, 0xB3, 0xFE, 0xFD, 0x52, 0x3B, 0x6A, 0xF3, 0xA5, 0x0C,
    0xDA, 0x50, 0x63, 0x87, 0x1E, 0x50, 0xAE, 0xE3, 0xE6, 0xD8, 0x71, 0xB3, 0xB1, 0xDC, 0xD4, 0xA3,
    0xCC, 0x49, 0x9B, 0xB5, 0x39, 0xF4, 0x7A, 0x4B, 0x20, 0x6C, 0xCD, 0x0A, 0xF6, 0xFD, 0xC7, 0x45,
    0x39, 0x02, 0xCA, 0x80, 0x9A, 0x82, 0x84, 0x80, 0x9A, 0x50, 0x91, 0x2F, 0x28, 0xC4, 0x67, 0x27,
    0x27, 0x0B, 0x72, 0x88, 0xB2, 0x0F, 0x9C, 0xC7, 0x29, 0xC9, 0x68, 0x44, 0x3E, 0xEF, 0x96, 0xCB,
    0x63, 0x9B, 0x2D, 0xA0, 0x68, 0x8E, 0x8B, 0x97, 0xA4, 0x79, 0x40, 0xD8, 0xE6, 0x0C, 0xE8, 0x91,
    0x58, 0xD7, 0x9E, 0xA1, 0xB6, 0x33, 0xBB, 0xDE, 0xD0, 0x12, 0x8E, 0xF5, 0xDE, 0x5E, 0x8E, 0xF5,
    0x64, 0x99, 0x8F, 0xF5, 0x5E, 0xF3, 0x2F, 0xBD, 0x83, 0x0B, 0xB7, 0x91, 0xDF, 0x81, 0xB6, 0xA4,
    0x1C, 0x05, 0x74, 0x0B, 0x1A, 0x6A, 0xEB, 0x87, 0xD4, 0x7C, 0x42, 0x94, 0x11, 0xF5, 0x03, 0x19,
    0x45, 0x41, 0x7F, 0x4C, 0x74, 0x2B, 0x6E, 0x42, 0xAE, 0xA0, 0x89, 0xAE, 0x4E, 0xDD, 0x87, 0xA1,
    0xF9, 0x8C, 0x4D, 0x30, 0xBC, 0xCD, 0xA8, 0x3F, 0x0A, 0xF5, 0x17, 0xF1, 0x02, 0x15, 0x81, 0x7B,
    0x7F, 0xF6, 0x2A, 0xF5, 0x4A, 0xBF, 0xE9, 0x05, 0xE9, 0x29, 0x77, 0xBC, 0xD7, 0x58, 0xEE, 0x7D,
    0xBC, 0x65, 0x6A, 0x93, 0xBC, 0x3C, 0x58, 0xD4, 0x24, 0x4B, 0x5E, 0xF9, 0xE1, 0xC3, 0x59, 0xFF,
    0x45, 0x22, 0x80, 0x50, 0x10, 0xBD, 0x92, 0xA2, 0xCB, 0xC2, 0xE7, 0x44, 0x20, 0x6A, 0x35, 0x19,
    0x59, 0x7B, 0x0C, 0x1E, 0xCD, 0x0C, 0x45, 0x88, 0x72, 0xBE, 0x45, 0xD6, 0xC6, 0x07, 0xB0, 0x33,
    0xA0, 0x3E, 0x23, 0xB1, 0x28, 0xBD, 0x2C, 0x5F, 0x3D, 0x42, 0xF7, 0xE8, 0x20, 0x43, 0xD4, 0x82,
    0x7E, 0x4E, 0xC8, 0x88, 0x47, 0x0B, 0x99, 0x81, 0x4C, 0x95, 0x49, 0xCD, 0xC8, 0x34, 0x66, 0xE9,
    0x7E, 0x00, 0x53, 0xE7, 0x48, 0x16, 0xA6, 0xD0, 0x99, 0x9B, 0x51, 0x64, 0x0B, 0x28, 0x27, 0x46,
    0x62, 0x21, 0xA0, 0x8D, 0x18, 0x8A, 0x95, 0xC0, 0x1C, 0x8D, 0x73, 0x49, 0x6C, 0x44, 0xE3, 0xA0,
    0xE2, 0xB5, 0xCD, 0x17, 0x80, 0x80, 0xAE, 0x47, 0x63, 0xA0, 0x46, 0x3D, 0x0E, 0x86, 0x07, 0x99,
    0x21, 0x3B, 0x8D, 0x2C, 0xDD, 0xC4, 0x14, 0xE6, 0xC9, 0xDD, 0x2E, 0x34, 0x02, 0x13, 0x75, 0xCB,
    0xD4, 0xA6, 0x67, 0xF2, 0x07, 0x84, 0x48, 0xA7, 0x3E, 0x1A, 0x68, 0x13, 0x4D, 0x1A, 0x1B, 0x8D,
    0x94, 0x8B, 0x66, 0x85, 0x8F, 0x86, 0x79, 0x48, 0xA6, 0x0B, 0x92, 0x31, 0x70, 0x09, 0x80, 0x86,
    0x2C, 0x2D, 0x40, 0x06, 0xD9, 0x43, 0x8B, 0xE2, 0x81, 0x43, 0x69, 0x03, 0x94, 0xB9, 0x8F, 0x9A,
    0x39, 0x1A, 0x4D, 0x7B, 0x85, 0x7B, 0xF8, 0x1F, 0x49, 0x02, 0x83, 0xCD, 0xC8, 0x94, 0x04, 0x35,
    0x43, 0x7B, 0x0C, 0x4E, 0x4A, 0xC3, 0xEC, 0x05, 0x05, 0xB5, 0xE2, 0xA3, 0xB3, 0x6C, 0x80, 0x73,
    0xC8, 0x25, 0x96, 0x8C, 0x6A, 0x2F, 0xE4, 0x42, 0x96, 0x35, 0xF6, 0xC9, 0xE6, 0xC9, 0x43, 0x80,
    0x9E, 0xD8, 0x1F, 0x6A, 0x0E, 0x0C, 0x91, 0x8B, 0x00, 0xB7, 0x8A, 0xC0, 0xD6, 0xA5, 0xEC, 0x08,
    0x97, 0x50, 0x3B, 0x26, 0x0E, 0x46, 0x85, 0x62, 0xC9, 0xA9, 0x2F, 0x38, 0x83, 0x6A, 0x89, 0x33,
    0x6D, 0x64, 0x11, 0x9D, 0x58, 0xB3, 0x1F, 0x1E, 0x02, 0x0A, 0x92, 0xA1, 0x0C, 0x44, 0xFE, 0x3C,
    0xF4, 0x28, 0x1B, 0x87, 0xE9, 0x9C, 0xA2, 0x7E, 0xB0, 0x52, 0x41, 0xF6, 0x8B, 0x46, 0xB6, 0xDD,
    0xBA, 0x1F, 0xC8, 0xD5, 0x3D, 0x72, 0xFA, 0x45, 0x00, 0x50, 0x2D, 0x05, 0x01, 0xE2, 0x90, 0x0C,
    0xC4, 0xA1, 0x76, 0x60, 0x87, 0x6F, 0xA8, 0x20, 0x43, 0x33, 0x0F, 0xD6, 0x9E, 0xE7, 0x42, 0xA6,
    0xB2, 0x25, 0x41, 0x23, 0xEF, 0x8B, 0x05, 0xFF, 0x27, 0x33, 0xF5, 0x0C, 0xB2, 0x81, 0x1C, 0x87,
    0x69, 0x07, 0xE5, 0x16, 0x5C, 0x82, 0x85, 0x81, 0x4D, 0x9B, 0x47, 0x60, 0x4E, 0x50, 0x0B, 0x9C,
    0x3F, 0xCC, 0xAE, 0x01, 0x38, 0xB1, 0x69, 0x45, 0x7F, 0x9D, 0x57, 0x29, 0x46, 0x32, 0x8B, 0x5B,
    0x95, 0x48, 0x4E, 0x0B, 0x3A, 0xA2, 0x71, 0x20, 0x72, 0xE9, 0x33, 0xE9, 0x6A, 0x00, 0x95, 0x1B,
    0x55, 0xAC, 0x92, 0x99, 0x2C, 0x3B, 0x19, 0x30, 0x17, 0x34, 0xB1, 0x8E, 0xC0, 0x60, 0xA2, 0x9E,
    0x90, 0x8E, 0xFB, 0x64, 0x59, 0x5D, 0xAA, 0x65, 0xFC, 0x7F, 0x01, 0x4D, 0x44, 0x56, 0xC0, 0xAD,
    0x60, 0x21, 0xF2, 0x5D, 0xD6, 0x6F, 0x5C, 0x66, 0x78, 0xB9, 0x66, 0xF0, 0x95, 0x45, 0xE9, 0xF2,
    0xE5, 0x88, 0xCD, 0x3A, 0x09, 0x55, 0x46, 0xDA, 0x0F, 0x58, 0x6B, 0xF2, 0x00, 0x11, 0xB5, 0x85,
    0x47, 0x3D, 0x2A, 0x83, 0xDC, 0xC9, 0xAD, 0xF7, 0x96, 0xD8, 0x5E, 0x7A, 0x01, 0x90, 0x9B, 0x2B,
    0xEF, 0x81, 0xCA, 0x00, 0x8A, 0xEB, 0x66, 0x73, 0x5F, 0xDE, 0x67, 0x0D, 0x3C, 0x34, 0x01, 0x85,
    0x03, 0xCA, 0x71, 0xF3, 0x89, 0xD3, 0xA6, 0xE1, 0xEE, 0xE4, 0x6D, 0x5B, 0x58, 0xCF, 0x1E, 0xEE,
    0xB3, 0x87, 0x2B, 0x68, 0xF8, 0xB8, 0x12, 0x7D, 0x01, 0x47, 0x2D, 0x36, 0x32, 0xF4, 0x8F, 0xB6,
    0xBA, 0xF6, 0x74, 0xAB, 0x18, 0x75, 0xF6, 0x7E, 0x6A, 0xD1, 0x30, 0x4C, 0x10, 0x29, 0x89, 0xC8,
    0x43, 0xA4, 0x5A, 0x5B, 0xF8, 0x21, 0xFD, 0xED, 0x10, 0x1B, 0xA2, 0x43, 0x92, 0x6A, 0x3B, 0x08,
    0x7E, 0xF9, 0x21, 0x89, 0xFE, 0x8C, 0xD6, 0x15, 0xA6, 0x36, 0xB2, 0x5C, 0xD5, 0xDF, 0x2B, 0x85,
    0xA9, 0x9C, 0x78, 0x0F, 0xDB, 0x56, 0xB1, 0x6B, 0x79, 0xE1, 0x6D, 0x5B, 0xBF, 0x7B, 0xCD, 0x0D,
    0xD0, 0xB7, 0xA6, 0x37, 0xFB, 0x81, 0x88, 0xA0, 0x19, 0x7A, 0xDA, 0xB6, 0xCC, 0xAE, 0x05, 0x2D,
    0x41, 0x6B, 0x62, 0x18, 0x04, 0xB4, 0xC4, 0x23, 0xC9, 0x76, 0x18, 0x0C, 0x8A, 0x45, 0x8F, 0xC8,
    0x48, 0xDE, 0x3D, 0x81, 0xA1, 0x58, 0x54, 0x7C, 0xC7, 0x59, 0xE4, 0x41, 0xF6, 0x95, 0x9F, 0x5E,
    0x00, 0xF0, 0x9D, 0xA2, 0x45, 0x47, 0x76, 0x2D, 0x9B, 0x64, 0xA4, 0xD6, 0x66, 0xBB, 0x72, 0xC4,
    0x9A, 0xCF, 0xEB, 0x7C, 0x27, 0x61, 0xB8, 0x2D, 0xA3, 0x5B, 0x19, 0xCB, 0x96, 0x21, 0xDE, 0xA1,
    0x22, 0x63, 0x14, 0x86, 0xD9, 0x30, 0xB2, 0x1D, 0x63, 0x5D, 0x8C, 0x66, 0x5C, 0x43, 0xC5, 0x57,
    0x7A, 0x2C, 0xA0, 0xFE, 0xEC, 0x12, 0x39, 0x52, 0xFE, 0x7E, 0x36, 0xC7, 0xEC, 0x68, 0xFB, 0x47,
    0xD0, 0xD4, 0x6B, 0x32, 0xA9, 0x60, 0x38, 0xB3, 0xAC, 0x9C, 0x83, 0x27, 0xA3, 0xED, 0xEF, 0x6E,
    0x35, 0x79, 0x30, 0xF7, 0x76, 0x0F, 0xA7, 0x61, 0x9D, 0x68, 0xF3, 0x90, 0x76, 0x44, 0xBE, 0xE9,
    0x9B, 0xA0, 0xDB, 0x26, 0x9C, 0x83, 0x9A, 0x2F, 0x42, 0x05, 0xA0, 0x62, 0x55, 0xC7, 0x54, 0x8B,
    0x4E, 0x00, 0x39, 0x64, 0xAC, 0x25, 0x8D, 0xA8, 0xC8, 0x40, 0x11, 0xD0, 0xB0, 0x6A, 0xBF, 0x51,
    0x0B, 0x74, 0x23, 0x90, 0xBE, 0x4A, 0x76, 0xF5, 0x7E, 0xCB, 0x8A, 0xD3, 0xB2, 0x1B, 0x27, 0xCB,
    0x3A, 0x26, 0xF7, 0xBB, 0x87, 0x5E, 0x7C, 0xAD, 0x0F, 0x3E, 0x5E, 0x3C, 0x9E, 0x8D, 0x9A, 0x25,
    0x17, 0x35, 0x4B, 0x26, 0x6A, 0x96, 0x3C, 0xD4, 0xCC, 0x59, 0x30, 0x4A, 0x0E, 0x29, 0x03, 0x41,
    0x15, 0x51, 0x47, 0x24, 0xC7, 0xC8, 0x33, 0x67, 0x54, 0x04, 0x46, 0xED, 0x51, 0x31, 0x5A, 0xC1,
    0xCE, 0xAC, 0x28, 0xB3, 0xCD, 0x0E, 0x4F, 0xCF, 0xB3, 0xF2, 0x20, 0xCB, 0xBE, 0x41, 0x0E, 0xF5,
    0x12, 0x71, 0x96, 0xF9, 0xA9, 0x20, 0xB3, 0xCB, 0xDE, 0x41, 0x14, 0xED, 0x33, 0xD9, 0xF8, 0x7D,
    0x23, 0xAB, 0xEB, 0x65, 0x5E, 0x7A, 0xE2, 0xF6, 0xAC, 0x27, 0x35, 0xAA, 0x45, 0x4F, 0xE7, 0x50,
    0x90, 0x9E, 0x20, 0xE8, 0x80, 0x72, 0x11, 0xAC, 0x83, 0x60, 0x27, 0x3B, 0x6C, 0x4E, 0x8E, 0xB1,
    0xA2, 0xBE, 0x89, 0xEE, 0x19, 0x53, 0xD1, 0x16, 0x35, 0xE3, 0xC8, 0xEF, 0x64, 0x99, 0xDD, 0x71,
    0xA9, 0x2D, 0x1A, 0x0B, 0xF6, 0xD9, 0x39, 0xF6, 0x81, 0x61, 0x92, 0xB4, 0xBA, 0x29, 0x5A, 0x39,
    0xEC, 0xB5, 0x52, 0xB6, 0x3F, 0xCA, 0xA9, 0xDF, 0xC1, 0xCD, 0xBB, 0xBF, 0x21, 0x00, 0xC5, 0x8C,
    0x74, 0xB5, 0x51, 0x4F, 0x80, 0x04, 0x4A, 0x2B, 0x8E, 0xB4, 0x8F, 0x01, 0x28, 0x85, 0xA1, 0x84,
    0xD1, 0xB8, 0x2D, 0x83, 0x0C, 0x90, 0x6D, 0x19, 0xE2, 0x1E, 0xE2, 0xDE, 0x0B, 0x50, 0x0A, 0x74,
    0x5F, 0x11, 0x19, 0x81, 0x51, 0xC0, 0x0A, 0xB8, 0xAF, 0x00, 0xBB, 0x52, 0x84, 0x9C, 0xCC, 0xC0,
    0xE0, 0x19, 0xFE, 0x00, 0x06, 0xF3, 0xCC, 0xF0, 0xC2, 0x79, 0x88, 0x1C, 0x1D, 0x1D, 0xCA, 0x8C,
    0x5C, 0x41, 0x0C, 0x4A, 0xA0, 0x21, 0xBA, 0xE5, 0xF4, 0x49, 0xE8, 0x4E, 0xC2, 0x6E, 0x40, 0xC8,
    0xC9, 0xAC, 0x12, 0xC8, 0x04, 0xF0, 0xD2, 0xDD, 0xBB, 0xB7, 0xF7, 0x8F, 0xAE, 0xA5, 0x1F, 0xFF,
    0x02, 0x14, 0xC1, 0x5C, 0x91, 0x64, 0x04, 0xDC, 0x13, 0x82, 0x8D, 0x66, 0x02, 0x2D, 0xC3, 0x0C,
    0xFE, 0x13, 0xA1, 0x07, 0xE2, 0xB6, 0x5B, 0x84, 0x47, 0xE0, 0xD2, 0x2B, 0xA1, 0xEA, 0x35, 0x2D,
    0xC9, 0x22, 0x41, 0xF6, 0x26, 0xFD, 0x0A, 0xA8, 0xA9, 0x05, 0x34, 0x19, 0x80, 0xDE, 0x73, 0xC8,
    0x49, 0x79, 0xE4, 0x8B, 0x5C, 0xD5, 0xCB, 0xC5, 0x88, 0x28, 0x7B, 0x7D, 0xE3, 0xB4, 0xE7, 0x63,
    0x52, 0x16, 0x8F, 0x88, 0x76, 0xDA, 0xC9, 0xDF, 0x09, 0x2A, 0x94, 0xA1, 0x08, 0xF9, 0x8C, 0x6B,
    0x4F, 0xBE, 0x57, 0x3E, 0x7F, 0x79, 0xFC, 0xD6, 0xFE, 0x7C, 0xD6, 0xEC, 0xF9, 0x38, 0x45, 0xFA,
    0x2D, 0x41, 0xB6, 0xB1, 0xE4, 0xB4, 0x21, 0x37, 0xF4, 0x9D, 0x21, 0x9C, 0xCB, 0x28, 0x6D, 0x63,
    0x12, 0x20, 0xFD, 0x18, 0x49, 0xFB, 0x98, 0x1E, 0x59, 0xB7, 0xEF, 0xC9, 0xB4, 0x4B, 0x09, 0xA5,
    0x14, 0xDA, 0x24, 0xB4, 0xC6, 0x34, 0x76, 0x88, 0x9E, 0x3A, 0x33, 0x38, 0x6A, 0xC5, 0x60, 0x0F,
    0xB8, 0x70, 0x07, 0x22, 0x39, 0xD1, 0xD2, 0x42, 0x9E, 0x29, 0x96, 0x5F, 0x96, 0x41, 0x93, 0x08,
    0x73, 0xDB, 0x6C, 0x20, 0x79, 0xF6, 0x00, 0xFC, 0x84, 0x96, 0x4D, 0xC2, 0x02, 0x47, 0x27, 0x2E,
    0xFC, 0xBF, 0xD1, 0xA4, 0x0B, 0xDF, 0x80, 0xBD, 0xC4, 0x0B, 0xFF, 0xAD, 0x78, 0xE1, 0x0B, 0x8B,
    0xCD, 0x97, 0xD0, 0xAB, 0xEE, 0x7D, 0xD4, 0x9F, 0x3C, 0x08, 0x50, 0xFF, 0x7A, 0xE8, 0x51, 0x10,
    0x59, 0xB1, 0xED, 0x41, 0x27, 0xFF, 0x1F, 0xC4, 0x40, 0xAD, 0x4C, 0x67, 0x44, 0xF5, 0x90, 0x26,
    0xD4, 0x7F, 0xFD, 0x22, 0xA0, 0xBA, 0xE5, 0x26, 0x64, 0x85, 0xBB, 0x18, 0x5D, 0x89, 0xFC, 0x08,
    0xDB, 0xF7, 0x0E, 0xB5, 0x09, 0x52, 0x17, 0xF7, 0xF0, 0x55, 0xB2, 0xD7, 0xAE, 0x2F, 0x26, 0xBF,
    0xC2, 0xC4, 0x50, 0x8D, 0x38, 0x53, 0x6E, 0x9C, 0x11, 0x23, 0x9B, 0x81, 0xEE, 0x03, 0x2A, 0x43,
    0xED, 0x40, 0xB7, 0x16, 0xE5, 0xB5, 0xCD, 0x62, 0xAF, 0x33, 0xC5, 0xAC, 0x26, 0x3D, 0x52, 0x5B,
    0xFA, 0xDA, 0x76, 0x6F, 0x2F, 0x50, 0xB2, 0xE0, 0x45, 0x40, 0x3D, 0x76, 0xDF, 0x9F, 0xCB, 0x09,
    0xBA, 0x4F, 0x3F, 0x71, 0xBA, 0x2C, 0x14, 0x4E, 0x99, 0x6D, 0x26, 0xC9, 0xF1, 0x36, 0xD2, 0x5A,
    0xC9, 0xC9, 0x33, 0x73, 0x3A, 0x99, 0x9D, 0x40, 0xCA, 0xCF, 0xC5, 0xE4, 0x86, 0xB5, 0x92, 0x2C,
    0x3B, 0x17, 0xF3, 0xAC, 0xFB, 0xC7, 0x38, 0xBA, 0xF1, 0xD8, 0xB9, 0x48, 0xEE, 0xD8, 0x13, 0x3F,
    0x17, 0xCE, 0x8E, 0x07, 0xED, 0x2A, 0xD9, 0xE9, 0xFE, 0xFF, 0xE9, 0xE3, 0x3D, 0xD7, 0xDC, 0x6B,
    0x1E, 0x90, 0xA3, 0x71, 0x59, 0x8B, 0x33, 0x65, 0xC7, 0xCA, 0x99, 0x75, 0xEE, 0xD8, 0xB7, 0x37,
    0x89, 0xA3, 0x8C, 0xEC, 0xDA, 0xC6, 0x60, 0x04, 0xCF, 0xE3, 0x6C, 0x91, 0x85, 0xB8, 0x07, 0x3D,
    0x49, 0x42, 0xDA, 0xA3, 0x5A, 0x71, 0x42, 0x49, 0x50, 0x23, 0xB2, 0x80, 0xC7, 0xC8, 0xE9, 0xE8,
    0x82, 0xD2, 0x06, 0x19, 0xAC, 0x5F, 0x3C, 0x79, 0x72, 0x53, 0x04, 0x69, 0xFB, 0x22, 0xB0, 0xDB,
    0x8A, 0x8A, 0x20, 0x31, 0xB8, 0xAA, 0xD6, 0xAA, 0x5C, 0x8A, 0x50, 0x10, 0xB2, 0x3B, 0xCC, 0xBC,
    0xB7, 0x35, 0x38, 0x59, 0x0D, 0x24, 0xE2, 0x28, 0xCA, 0x74, 0xB2, 0xFA, 0x4A, 0x03, 0xDC, 0xE6,
    0xEA, 0x46, 0x72, 0x7D, 0x2A, 0xDE, 0x76, 0x12, 0x45, 0xDA, 0x30, 0x4E, 0x9B, 0x47, 0xC9, 0xDA,
    0xB8, 0xE4, 0x41, 0xFB, 0xFA, 0xD8, 0x85, 0x51, 0xE9, 0x5C, 0x68, 0xA6, 0xBD, 0x7E, 0x3D, 0x67,
    0x13, 0x4F, 0x4F, 0xD5, 0x3B, 0x7B, 0xBD, 0x16, 0x46, 0x6C, 0xCB, 0x73, 0xAC, 0x27, 0xBD, 0xFD,
    0xFF, 0x73, 0xBD, 0x84, 0xB5, 0x8B, 0xF7, 0xC6, 0x96, 0x37, 0x12, 0x5D, 0xFF, 0xB4, 0x30, 0xE9,
    0x78, 0xCA, 0x7F, 0x1F, 0x5F, 0xB7, 0x55, 0x3A, 0x9E, 0xCE, 0x8E, 0xE7, 0xEF, 0x95, 0xAB, 0xAC,
    0xF4, 0x9F, 0xDC, 0x4E, 0xD6, 0xA4, 0x30, 0x95, 0x55, 0xAE, 0xE1, 0x7C, 0x87, 0xE5, 0xC9, 0x2D,
    0xF3, 0x5E, 0xB9, 0x97, 0xDF, 0x9A, 0xEA, 0xCB, 0x97, 0x95, 0x7B, 0x9A, 0x88, 0x64, 0xAE, 0x9B,
    0x67, 0x59, 0x99, 0xFF, 0x00, 0xED, 0x93, 0x01, 0x84, 0x24, 0x47, 0x14, 0x86, 0xFF, 0xEE, 0xCE,
    0x5D, 0x47, 0x9A, 0x74, 0x30, 0x1B, 0x12, 0xA4, 0x83, 0x80, 0x15, 0x1A, 0x00, 0xB8, 0x57, 0x11,
    0x40, 0x90, 0x45, 0x56, 0x70, 0x00, 0x8E, 0x9B, 0x85, 0x00, 0xC0, 0x45, 0x95, 0x00, 0x80, 0x45,
    0x5C, 0x00, 0x60, 0x71, 0x2E, 0x18, 0x00, 0x60, 0x5F, 0xDF, 0x01, 0x04, 0x46, 0xC2, 0x01, 0x68,
    0x2E, 0x1C, 0x06, 0x69, 0x14, 0xFA, 0x92, 0xAA, 0xFA, 0x53, 0xBD, 0xBB, 0x3B, 0xB2, 0xDC, 0x8A,
    0x00, 0xC2, 0x4D, 0x7D, 0xAF, 0xFC, 0xF5, 0xEA, 0x7F, 0x4F, 0x19, 0xAF, 0xB1, 0x46, 0xC5, 0xB1,
    0xE5, 0xDC, 0x33, 0xC8, 0xCB, 0x24, 0xCF, 0x68, 0x33, 0xC3, 0x42, 0x16, 0x92, 0xF9, 0x2D, 0xE5,
    0xAB, 0x6C, 0xC8, 0xB6, 0x6C, 0xBE, 0x07, 0x85, 0x05, 0x70, 0x02, 0x7D, 0xC3, 0x3A, 0x04, 0x8A,
    0x23, 0xA0, 0xF5, 0x80, 0xE4, 0xB0, 0x39, 0xE8, 0x51, 0xFD, 0xE5, 0x51, 0xBF, 0xF2, 0x68, 0x7F,
    0xF1, 0x90, 0xAF, 0x3C, 0xEC, 0xFD, 0xD7, 0x50, 0xD2, 0x2C, 0x71, 0xB2, 0x49, 0x40, 0xE3, 0x2F,
    0x03, 0xC0, 0x9D, 0x63, 0x23, 0x9C, 0x2E, 0x18, 0x05, 0xB0, 0x19, 0x3A, 0xCB, 0xF1, 0xE3, 0x4D,
    0xEE, 0x31, 0xA3, 0x9A, 0x4D, 0x3D, 0xA7, 0x8D, 0x27, 0x47, 0xA5, 0xBB, 0xF3, 0x63, 0x2E, 0x38,
    0x03, 0x43, 0xCD, 0xD0, 0xA6, 0x27, 0xFD, 0x08, 0x19, 0x20, 0x1B, 0x2F, 0x8C, 0x76, 0x47, 0xEB,
    0x28, 0x86, 0xE2, 0xD8, 0xEF, 0x52, 0xCB, 0x50, 0x71, 0xC2, 0xA1, 0x01, 0x20, 0xE4, 0x25, 0x28,
    0x22, 0xAA, 0xB0, 0xB4, 0x6D, 0x27, 0x74, 0x4B, 0x31, 0xEC, 0x00, 0x9A, 0x82, 0xA8, 0x22, 0xEA,
    0x00, 0x00, 0x38, 0x41, 0xCD, 0xA9, 0x63, 0x90, 0x17, 0x51, 0x86, 0xD8, 0xFF, 0x7A, 0xF5, 0x57,
    0xE4, 0x5D, 0x5E, 0x25, 0x6B, 0x68, 0x8D, 0xCA, 0x0B, 0xF6, 0x8C, 0x0D, 0x3D, 0x4E, 0x0C, 0xD6,
    0xD9, 0x3F, 0x76, 0xF9, 0x76, 0x17, 0xAC, 0x4B, 0xD6, 0x31, 0x23, 0xBB, 0x6C, 0x60, 0x13, 0x89,
    0x22, 0xA1, 0x0A, 0xEF, 0x6D, 0xE6, 0x6E, 0xE9, 0xE9, 0xEE, 0x9E, 0xA1, 0xF0, 0xD8, 0x43, 0x4E,
    0x99, 0x0F, 0x5F, 0x9B, 0x7D, 0x06, 0xB8, 0x4A, 0x1E, 0x1C, 0x9B, 0x4B, 0x71, 0x7C, 0x7C, 0xB4,
    0x4F, 0x02, 0x80, 0x69, 0xC6, 0x76, 0xE8, 0x9D, 0xC0, 0xE2, 0x1C, 0x11, 0xE1, 0x6A, 0xC5, 0x7C,
    0x52, 0x08, 0xC4, 0x74, 0x43, 0x33, 0x96, 0xA7, 0xAB, 0x7C, 0x5E, 0x74, 0x9B, 0x4F, 0xF5, 0x54,
    0x4F, 0xD5, 0xF5, 0xCA, 0x7A, 0xE9, 0xD0, 0x0D, 0x62, 0x2C, 0x1E, 0xE2, 0x61, 0x7F, 0x7A, 0xCE,
    0x59, 0x19, 0xD5, 0x25, 0xC5, 0x1B, 0x38, 0xC4, 0xFA, 0xBF, 0x8E, 0x0C, 0x00, 0xD0, 0x54, 0x34,
    0x1D, 0x8D, 0xD2, 0x58, 0x35, 0x9F, 0xAB, 0xC1, 0x6D, 0x00, 0x58, 0xA3, 0xE1, 0x28, 0x17, 0xFD,
    0xDF, 0xAF, 0x02, 0x32, 0x75, 0x40, 0x37, 0xC1, 0x6E, 0x0B, 0x9A, 0x3A, 0xA2, 0xF3, 0x10, 0xA6,
    0x4B, 0xAE, 0xFD, 0x93, 0x30, 0x74, 0x3F, 0x87, 0x77, 0xCB, 0x80, 0x32, 0x14, 0x1B, 0x5F, 0x72,
    0x5B, 0xD2, 0xE3, 0xDB, 0x08, 0xA4, 0x4F, 0x41, 0xD9, 0x64, 0x73, 0x10, 0x4E, 0xC5, 0xFA, 0xED,
    0x88, 0xFE, 0xBF, 0x47, 0xB4, 0xE4, 0xD8, 0x32, 0xD4, 0x8F, 0x23, 0x90, 0xF0, 0x34, 0xB5, 0x4C,
    0xF2, 0x7B, 0x12, 0x93, 0xE4, 0x87, 0x65, 0x1E, 0xBA, 0x74, 0xAF, 0x38, 0x7D, 0xA7, 0xA4, 0xE9,
    0x39, 0xC9, 0x4F, 0x5E, 0x8B, 0xC0, 0xA7, 0x81, 0xCC, 0xFB, 0x93, 0x04, 0xA8, 0xF9, 0x40, 0xE8,
    0x1B, 0x4E, 0x58, 0x9B, 0x92, 0x2E, 0x7B, 0xEC, 0x2E, 0xB0, 0x08, 0x09, 0x29, 0x22, 0xA5, 0x85,
    0xA8, 0x5F, 0x86, 0x0B, 0xCF, 0x16, 0x0F, 0x60, 0xA1, 0x90, 0x67, 0x11, 0xED, 0xCB, 0x80, 0xA5,
    0xAA, 0xCA, 0x59, 0xD0, 0xA1, 0xE4, 0x80, 0x9A, 0x53, 0xCE, 0xCF, 0x90, 0xE7, 0x11, 0x6A, 0x88,
    0x15, 0x0E, 0xB2, 0xC7, 0x75, 0xF4, 0x9F, 0xDC, 0x0F, 0x40, 0x02, 0x54, 0xC8, 0x85, 0x2C, 0x5C,
    0x5C, 0xDE, 0xCC, 0x11, 0x1F, 0x41, 0xF1, 0x0F, 0xFA, 0x51, 0x19, 0x74, 0x77, 0xEB, 0xE7, 0xB6,
    0xC2, 0xCA, 0x02, 0xB8, 0x19, 0xE7, 0xB0, 0x55, 0x80, 0x6D, 0x27, 0xD8, 0x65, 0x1E, 0x14, 0xB0,
    0x5C, 0x22, 0xEB, 0xAF, 0x47, 0xD8, 0xDA, 0xC3, 0x96, 0x01, 0x16, 0xC4, 0x41, 0x5E, 0x7A, 0xF3,
    0xB7, 0x7A, 0x24, 0xA3, 0x3A, 0x25, 0x39, 0xE9, 0x8E, 0x7F, 0x78, 0xFD, 0x82, 0xD5, 0xAC, 0x88,
    0xFF, 0xB6, 0xAD, 0xF0, 0x0D, 0x8E, 0x1E, 0xED, 0xDF, 0x6B, 0x6E, 0x7D, 0xEF, 0xF7, 0xFD, 0x56,
    0x39, 0xEB, 0x2E, 0x5C, 0x7B, 0x98, 0x59, 0xC4, 0xF3, 0xB8, 0xD4, 0xEA, 0xA4, 0x77, 0x8D, 0x02,
    0x7B, 0x6A, 0xBA, 0x9E, 0xA3, 0x3C, 0x1E, 0xC4, 0x41, 0x66, 0xB4, 0x74, 0x85, 0x8E, 0x68, 0xA6,
    0xCF, 0xEA, 0x49, 0x72, 0x9E, 0x43, 0x71, 0x06, 0x00, 0xD5, 0x16, 0xCD, 0x16, 0x1D, 0x9D, 0xD2,
    0x7D, 0xF7, 0xA7, 0x69, 0xB7, 0xB8, 0xC1, 0x88, 0x96, 0x43, 0xC5, 0x01, 0x0F, 0xF0, 0x37, 0xA5,
    0x97, 0x31, 0xAC, 0xE5, 0xC4, 0x15, 0x86, 0x7F, 0x5F, 0x07, 0x5C, 0x58, 0xCA, 0x50, 0x64, 0xA5,
    0x04, 0xA4, 0xB8, 0x4F, 0x24, 0xDC, 0x17, 0xCB, 0x58, 0x4A, 0x41, 0xB1, 0xCD, 0x2B, 0xF6, 0xD1,
    0x50, 0x6C, 0x1B, 0x41, 0x41, 0x1F, 0x41, 0x6C, 0x85, 0x82, 0x76, 0xFB, 0x26, 0x5B, 0x46, 0x77,
    0x8B, 0xA5, 0x4C, 0xB1, 0x62, 0x06, 0x28, 0x29, 0xE2, 0x85, 0x90, 0x14, 0x29, 0xD6, 0x10, 0x40,
    0x09, 0x14, 0x4C, 0x12, 0x13, 0xFC, 0xDE, 0x8E, 0xFD, 0xE7, 0x9C, 0xB1, 0xEF, 0x7D, 0x8F, 0xB7,
    0x09, 0x48, 0x64, 0x24, 0x7F, 0xDF, 0x8C, 0xCF, 0xB1, 0x3D, 0xF6, 0xF8, 0xCE, 0x5C, 0x23, 0x95,
    0x96, 0x1D, 0x76, 0xE4, 0x80, 0x92, 0xF4, 0x30, 0x8A, 0x3A, 0x66, 0x0D, 0x6C, 0x00, 0x56, 0xB4,
    0xC3, 0x4B, 0xFB, 0x3B, 0x6D, 0xEF, 0x38, 0xB6, 0xC3, 0x01, 0x36, 0xB8, 0x1E, 0x76, 0x74, 0x92,
    0xBC, 0xF0, 0xF3, 0xDB, 0x86, 0x64, 0xC8, 0x15, 0x70, 0x8A, 0xCC, 0x7D, 0x78, 0x02, 0x48, 0xF4,
    0x00, 0x8E, 0x8F, 0xE1, 0x09, 0xB9, 0x08, 0xCC, 0xF3, 0x12, 0xAE, 0x4A, 0x2F, 0x47, 0xE8, 0x85,
    0xC9, 0x31, 0xA3, 0xA0, 0x10, 0x04, 0xC3, 0x68, 0x87, 0x7A, 0xBE, 0xFF, 0x1C, 0xEC, 0x38, 0x3D,
    0x87, 0x36, 0x4C, 0xAF, 0xC2, 0x0D, 0xE3, 0x7D, 0xF0, 0xFD, 0x90, 0x30, 0x81, 0xEF, 0x0E, 0x23,
    0xF8, 0xC1, 0x47, 0x01, 0xFC, 0xEB, 0xFB, 0x01, 0xEE, 0xD1, 0x3B, 0x01, 0xAD, 0xEC, 0x84, 0xE5,
    0xEB, 0x3D, 0x6A, 0xBE, 0xF1, 0x76, 0x6F, 0x48, 0xF6, 0xB9, 0x02, 0x4E, 0x61, 0xC9, 0x0E, 0xCF,
    0xD5, 0x0D, 0xF0, 0x5A, 0x0D, 0xE0, 0xBE, 0x22, 0x95, 0x82, 0x0B, 0xD0, 0x92, 0x3E, 0xA3, 0xA0,
    0x10, 0x74, 0x86, 0x5D, 0x85, 0x7A, 0x06, 0x60, 0x27, 0x45, 0x10, 0xB8, 0x84, 0xE1, 0xA5, 0xD2,
    0xB3, 0x77, 0x56, 0xE1, 0x14, 0x54, 0x9C, 0x35, 0x82, 0x41, 0xA2, 0xAE, 0x97, 0x3C, 0xE7, 0x61,
    0x13, 0xA2, 0xA0, 0xA2, 0x7B, 0xA7, 0x33, 0x24, 0x7D, 0xAE, 0x40, 0x42, 0xAD, 0x97, 0xC4, 0x69,
    0x83, 0xD4, 0xBF, 0xC7, 0x70, 0x7A, 0xDA, 0xE4, 0x04, 0x70, 0x05, 0x1A, 0x10, 0x90, 0xFE, 0x0A,
    0xAE, 0xE4, 0x39, 0xD2, 0xAF, 0x68, 0x15, 0x8F, 0x9F, 0xEA, 0xE2, 0xCE, 0xCF, 0xB0, 0x3E, 0x17,
    0x92, 0x8D, 0x02, 0x3B, 0xFA, 0x9F, 0x22, 0x67, 0x73, 0x39, 0xF9, 0x65, 0xEE, 0xEF, 0x68, 0x30,
    0x24, 0xA4, 0xE6, 0xF1, 0x42, 0xE1, 0x52, 0xE0, 0xE2, 0xB0, 0x72, 0x16, 0xD4, 0x67, 0x72, 0x1F,
    0x24, 0x39, 0x5C, 0x01, 0xA4, 0x3C, 0xD1, 0x20, 0x95, 0xCA, 0xAF, 0xB6, 0x07, 0x37, 0xC0, 0x35,
    0xBC, 0xD4, 0xB8, 0x3D, 0xE0, 0xDE, 0xE0, 0x94, 0xDE, 0xAC, 0x87, 0x24, 0x19, 0xE1, 0x54, 0x5C,
    0xC4, 0xF7, 0xB8, 0x38, 0xC2, 0x4D, 0x39, 0x43, 0x29, 0x0E, 0x3B, 0xF6, 0xB9, 0x3A, 0xA3, 0x57,
    0x0F, 0xFF, 0xCB, 0xF9, 0x15, 0x9B, 0x2B, 0xAE, 0x37, 0xDB, 0xCD, 0x6E, 0xF3, 0x92, 0x8C, 0x5D,
    0x44, 0x2A, 0xF9, 0xB4, 0xBA, 0x08, 0xAB, 0xCB, 0x61, 0xD5, 0x02, 0xEB, 0x0D, 0x13, 0x1A, 0x45,
    0xA7, 0xF0, 0x47, 0x0C, 0x82, 0x47, 0xC1, 0xFA, 0x7B, 0x3C, 0x77, 0x7F, 0x23, 0xC9, 0xE8, 0x14,
    0xE6, 0x1F, 0x51, 0x02, 0x61, 0xB6, 0x5E, 0x9B, 0xD3, 0x31, 0x30, 0x99, 0x60, 0x9D, 0x04, 0x6A,
    0x0A, 0xCC, 0x11, 0xA5, 0xA2, 0x50, 0xE4, 0x8A, 0x1D, 0x7D, 0xCB, 0x4F, 0xB0, 0x8E, 0x46, 0xB7,
    0x2A, 0xAC, 0x9A, 0x54, 0x9F, 0xBA, 0xA8, 0xEA, 0xCD, 0x9C, 0x54, 0x2E, 0xBB, 0x90, 0x94, 0xAF,
    0x2A, 0x43, 0x8A, 0x19, 0x55, 0x1D, 0x6B, 0x8E, 0xEE, 0x11, 0x67, 0x8A, 0xC8, 0x7F, 0xAD, 0x7A,
    0x3F, 0x69, 0x41, 0x2D, 0x29, 0xE7, 0xB7, 0x93, 0x7A, 0x7C, 0xBB, 0xE6, 0xDF, 0xA9, 0x0C, 0x27,
    0x55, 0xB9, 0x6A, 0xC7, 0x11, 0x5A, 0xAE, 0xC1, 0x1D, 0xBB, 0xBB, 0xC9, 0x5F, 0xEA, 0xF5, 0x67,
    0xAB, 0x7A, 0x3B, 0x62, 0xDF, 0x48, 0x97, 0x46, 0xC3, 0xA8, 0xB2, 0xAB, 0xA8, 0xB2, 0x81, 0x0F,
    0x7E, 0xEF, 0x3E, 0x65, 0x60, 0x97, 0x0E, 0xA7, 0x57, 0x35, 0x1C, 0x45, 0x11, 0x2D, 0x9B, 0xD4,
    0x5D, 0x0E, 0xEE, 0x03, 0xA2, 0xE0, 0x24, 0x6A, 0xE0, 0xA2, 0x7B, 0x40, 0x0F, 0xB3, 0xB8, 0x9E,
    0x3D, 0x72, 0x51, 0x1B, 0x3A, 0x95, 0x0D, 0x67, 0xB7, 0x66, 0x39, 0xF5, 0x94, 0x4E, 0x6D, 0x22,
    0x19, 0x44, 0x8B, 0x4B, 0xBD, 0x42, 0x76, 0x13, 0x6D, 0x67, 0x26, 0xA4, 0x41, 0x8D, 0x99, 0xAA,
    0x8A, 0xD9, 0x22, 0xAA, 0xE3, 0x6E, 0x3E, 0xA8, 0xEE, 0xED, 0x9C, 0x47, 0xD4, 0x83, 0x7D, 0x4B,
    0x54, 0x0D, 0xB6, 0x15, 0x99, 0xD0, 0xDA, 0x7C, 0x12, 0xBD, 0x65, 0x8B, 0x55, 0x37, 0x46, 0x30,
    0x95, 0x66, 0xD3, 0x8B, 0xE7, 0x73, 0xFB, 0xF0, 0x2B, 0xE4, 0x67, 0xB1, 0xFE, 0xC3, 0x80, 0xFC,
    0x3C, 0x56, 0xAA, 0x65, 0x32, 0x0F, 0x7B, 0xEC, 0x38, 0x99, 0x2F, 0xBD, 0x68, 0x34, 0xF4, 0xC8,
    0x18, 0x4A, 0x11, 0x18, 0x0A, 0x76, 0xAA, 0x3C, 0x69, 0x48, 0x3F, 0x39, 0x27, 0x02, 0x2C, 0x39,
    0xA0, 0x0E, 0x22, 0x6E, 0xF2, 0xAB, 0x82, 0xA8, 0x47, 0xBB, 0xAA, 0x9A, 0x44, 0x0F, 0x68, 0x62,
    0x52, 0xF9, 0xFF, 0xCA, 0x6E, 0x1A, 0x44, 0x40, 0x9B, 0x94, 0xD1, 0x8B, 0xF6, 0xF7, 0xD8, 0x89,
    0x48, 0x22, 0x29, 0xAE, 0xBA, 0x9D, 0xDE, 0x81, 0x13, 0xA5, 0x0B, 0x07, 0x66, 0x24, 0x81, 0xDD,
    0x25, 0x66, 0x7B, 0x9E, 0x1F, 0xA2, 0x4F, 0xDF, 0x16, 0x66, 0x9C, 0xDB, 0x80, 0x82, 0x94, 0x7A,
    0x5A, 0x74, 0x50, 0xF3, 0x4B, 0xA1, 0x9D, 0x33, 0xE5, 0xA4, 0x99, 0xED, 0x88, 0x36, 0x68, 0xC5,
    0x5E, 0xE6, 0x61, 0xBF, 0x8D, 0x70, 0x87, 0xFC, 0x9A, 0x14, 0x9A, 0xC4, 0x82, 0x8B, 0xE4, 0x80,
    0x93, 0x32, 0x4D, 0x4B, 0x97, 0x4B, 0x9A, 0x5F, 0x37, 0x66, 0xA7, 0xA7, 0xA7, 0xA9, 0x53, 0x4B,
    0x83, 0x92, 0x1C, 0x60, 0xC9, 0x1E, 0x1A, 0xCA, 0x38, 0x3E, 0xD3, 0xA5, 0x21, 0x29, 0x98, 0x26,
    0x02, 0xC1, 0xBD, 0x65, 0x7F, 0xFB, 0xD2, 0xE4, 0x98, 0x9A, 0x26, 0x02, 0xDA, 0xEC, 0x14, 0x7E,
    0x85, 0x59, 0x0E, 0x47, 0xA4, 0xC1, 0xDC, 0x71, 0xC8, 0xB6, 0x70, 0x9B, 0xC2, 0x8A, 0x9D, 0x1E,
    0x82, 0x27, 0x4E, 0x74, 0x62, 0xAD, 0x26, 0x33, 0xC3, 0x8E, 0x02, 0x37, 0x08, 0xE8, 0xCD, 0x2C,
    0x07, 0x9A, 0xB9, 0x20, 0xCC, 0x6C, 0xA2, 0xA0, 0x9A, 0x04, 0x36, 0x08, 0x5C, 0x8F, 0x5B, 0x0B,
    0x3F, 0xBC, 0x3A, 0x0B, 0x1B, 0xB6, 0x12, 0x5D, 0xEC, 0x98, 0x8E, 0x50, 0xCC, 0x82, 0x9C, 0x09,
    0x5D, 0x3A, 0xA9, 0x22, 0xA4, 0x0B, 0x29, 0x62, 0x4B, 0x72, 0x54, 0x4C, 0x17, 0xF8, 0xD9, 0xDD,
    0xC3, 0x42, 0x20, 0xA8, 0x15, 0x6C, 0x04, 0x33, 0x04, 0xC3, 0x76, 0x37, 0xA5, 0x46, 0x5B, 0xD6,
    0xEB, 0xB0, 0xE6, 0x5F, 0x33, 0x02, 0xEF, 0x1E, 0xA3, 0x66, 0x8D, 0x6A, 0x4B, 0xF1, 0xB5, 0x00,
    0xAF, 0x3F, 0xBE, 0x50, 0x69, 0x79, 0x72, 0x7B, 0x75, 0x60, 0xC9, 0xF9, 0x50, 0x61, 0x27, 0x46,
    0x7D, 0x58, 0x53, 0x7E, 0xD8, 0x3C, 0x79, 0x98, 0x64, 0x9A, 0x36, 0xAA, 0xE1, 0xFA, 0x6A, 0xCD,
    0xA6, 0x37, 0xCB, 0x56, 0x29, 0xB8, 0x55, 0x72, 0xAA, 0x33, 0x76, 0x6B, 0x65, 0xC7, 0x66, 0x0D,
    0x49, 0xB3, 0x58, 0xF0, 0x93, 0x46, 0x2B, 0xE5, 0x92, 0x73, 0x42, 0x7A, 0x34, 0x86, 0x8B, 0x34,
    0x51, 0x45, 0x4B, 0xEA, 0x40, 0xD8, 0xC9, 0x79, 0xD7, 0x19, 0x7D, 0xAD, 0xD2, 0x74, 0x1F, 0x73,
    0x0E, 0x84, 0xED, 0xAA, 0xE9, 0x15, 0xBE, 0x4D, 0xB8, 0xAE, 0x26, 0xB9, 0x63, 0x26, 0x41, 0x52,
    0x82, 0x94, 0xE0, 0xBA, 0xC6, 0x47, 0x58, 0x4E, 0x72, 0x0D, 0x06, 0x68, 0x29, 0xE3, 0x35, 0xAC,
    0x95, 0x69, 0x35, 0xCC, 0xB1, 0x12, 0x56, 0xA3, 0x3A, 0x54, 0xEA, 0x43, 0xC5, 0x0E, 0x87, 0x4A,
    0xAF, 0xDC, 0xA2, 0x8B, 0x60, 0x7B, 0x63, 0x07, 0x14, 0x64, 0x90, 0x9E, 0x56, 0x23, 0x4C, 0x34,
    0x97, 0x51, 0x2E, 0x55, 0x90, 0x68, 0x1D, 0x90, 0xB3, 0x1D, 0xB0, 0xD3, 0x23, 0x90, 0x1E, 0xA7,
    0xA3, 0x9E, 0x71, 0x06, 0xDE, 0xAC, 0x23, 0x30, 0xCA, 0xF9, 0x76, 0xD1, 0x12, 0xF9, 0x22, 0xD1,
    0x92, 0xA4, 0x37, 0x8C, 0xEC, 0xED, 0xC3, 0xE0, 0x42, 0x7B, 0x63, 0xB0, 0x81, 0xB9, 0xB7, 0x23,
    0xB2, 0xA6, 0xD6, 0x1E, 0x5F, 0xC0, 0x0A, 0x0C, 0xC3, 0x11, 0x5E, 0xB0, 0x88, 0x97, 0x46, 0xC0,
    0x49, 0xB1, 0x28, 0xD8, 0xE8, 0x63, 0xF3, 0xF7, 0x96, 0xBB, 0xBC, 0xBC, 0x22, 0x46, 0xB8, 0x3E,
    0x21, 0xED, 0x4B, 0xB8, 0x35, 0xBF, 0xC0, 0x3F, 0x9A, 0x58, 0xCA, 0x11, 0x24, 0x21, 0x88, 0x8A,
    0x41, 0xF0, 0x77, 0x40, 0x92, 0xBF, 0x05, 0x90, 0x0E, 0x5E, 0xAC, 0xD3, 0x8E, 0xA3, 0x54, 0x49,
    0x36, 0x68, 0x85, 0xC8, 0x04, 0x0B, 0x72, 0xF2, 0xA3, 0xFB, 0x28, 0xF9, 0x9E, 0xE4, 0x18, 0x6A,
    0x66, 0x3D, 0x2B, 0x6D, 0x4C, 0x9C, 0x12, 0xC7, 0xF2, 0xAB, 0x53, 0xD8, 0x50, 0x92, 0xDD, 0xC6,
    0xF1, 0x82, 0x92, 0xF3, 0x31, 0xBB, 0x3A, 0x2A, 0xAB, 0x59, 0x69, 0xA8, 0x2C, 0xF9, 0x85, 0x30,
    0x27, 0xC9, 0x0E, 0x2B, 0x6D, 0xE2, 0x93, 0xE4, 0x99, 0xF6, 0x6A, 0xBC, 0xE8, 0x5B, 0xD1, 0x2B,
    0xA9, 0xF5, 0x1D, 0x83, 0x30, 0xE7, 0x98, 0x18, 0x35, 0x25, 0xD1, 0x70, 0x56, 0x3E, 0xA2, 0xB0,
    0xFE, 0xA7, 0xD2, 0x6E, 0x0B, 0x21, 0xD9, 0x33, 0x71, 0xCF, 0xCF, 0x79, 0xDE, 0x81, 0xDE, 0x06,
    0xEC, 0xD8, 0x09, 0x79, 0x29, 0xFA, 0x8A, 0xCC, 0xCD, 0x8B, 0xBE, 0xB7, 0xE5, 0x02, 0x61, 0x4E,
    0xD4, 0x93, 0xF2, 0x98, 0x0C, 0x7A, 0x37, 0x28, 0xD9, 0x03, 0x5A, 0xD3, 0xD2, 0xAE, 0x5F, 0x0A,
    0xB3, 0x82, 0xDB, 0xBF, 0xD0, 0xB3, 0x82, 0x3E, 0x03, 0x34, 0x6D, 0x83, 0xDF, 0xEF, 0xBF, 0x31,
    0x92, 0xA8, 0x65, 0x03, 0x39, 0xE0, 0xCA, 0x7F, 0x9B, 0x2A, 0x02, 0xB8, 0x80, 0x59, 0xF0, 0x8C,
    0xBF, 0xF8, 0x97, 0x9C, 0x5D, 0xFE, 0x97, 0x7C, 0x1C, 0x3F, 0x7D, 0x44, 0x12, 0xE9, 0x50, 0x91,
    0x11, 0x4E, 0xA0, 0x79, 0x63, 0xCE, 0x47, 0x8F, 0x82, 0xE1, 0x8D, 0xE1, 0xC4, 0x2C, 0x92, 0x52,
    0x47, 0x81, 0x4D, 0x98, 0x14, 0xE3, 0x11, 0xE1, 0x9B, 0xCD, 0xE9, 0x90, 0x5C, 0xCD, 0x02, 0x43,
    0x81, 0x0C, 0xD5, 0x47, 0x6F, 0xE6, 0x17, 0x93, 0xB6, 0x55, 0x14, 0x64, 0x0F, 0x94, 0x21, 0xF5,
    0xE0, 0x38, 0x46, 0x5A, 0x5A, 0xD4, 0x1E, 0x20, 0x6C, 0x62, 0xAB, 0xF3, 0xF4, 0x29, 0x3F, 0x3C,
    0x31, 0x24, 0x19, 0x6C, 0x62, 0x9B, 0xF8, 0x73, 0xDE, 0xE5, 0xE7, 0x77, 0x72, 0x82, 0x1E, 0xDF,
    0x87, 0x7D, 0x22, 0x83, 0xD0, 0x25, 0xDA, 0x44, 0xB3, 0x4E, 0x20, 0x37, 0x71, 0x28, 0xE9, 0xE9,
    0xAC, 0xBF, 0x30, 0xD8, 0x44, 0x47, 0xCD, 0x91, 0xE5, 0x49, 0xE9, 0x35, 0x25, 0x11, 0x1B, 0x83,
    0xD2, 0x2D, 0x4A, 0xCB, 0x41, 0x68, 0xB8, 0xAE, 0x44, 0x29, 0xDE, 0xA6, 0x78, 0xC1, 0x09, 0xDA,
    0x88, 0xCF, 0xFC, 0x66, 0xFC, 0xB5, 0x89, 0x96, 0xE4, 0x7B, 0xF1, 0x57, 0x73, 0xFB, 0xDB, 0x3F,
    0xC7, 0xD7, 0x26, 0x9B, 0xFF, 0x25, 0xDA, 0xB1, 0xCE, 0xBF, 0x1C, 0x0D, 0xDD, 0xF3, 0x0C, 0xBB,
    0xE3, 0x6B, 0x3E, 0xEB, 0xF4, 0xF1, 0x62, 0xAF, 0xCC, 0x85, 0x77, 0x9E, 0xDE, 0xDD, 0xC6, 0x7F,
    0x5D, 0x46, 0xF6, 0x7B, 0x59, 0x46, 0x8E, 0xE5, 0x4A, 0x34, 0xE1, 0xF8, 0x65, 0xF1, 0x7D, 0xB1,
    0xCD, 0x22, 0xB3, 0x13, 0xAF, 0x73, 0x53, 0xC4, 0xE9, 0xAD, 0xE5, 0xA6, 0xEE, 0xD3, 0x0D, 0xE5,
    0x92, 0xF6, 0xC1, 0x45, 0xAC, 0x83, 0xEF, 0xC1, 0x33, 0xA0, 0x0D, 0x80, 0x8D, 0x12, 0x9A, 0xD7,
    0xA5, 0x2C, 0x4F, 0xDF, 0xCC, 0xFD, 0xFA, 0xE0, 0xDA, 0x69, 0x0B, 0x52, 0x97, 0x0E, 0x1C, 0x71,
    0x22, 0xB8, 0x31, 0x08, 0x98, 0xD0, 0xA3, 0xA6, 0x64, 0x52, 0x03, 0xE4, 0x8B, 0x03, 0x3E, 0xDE,
    0x02, 0x5E, 0x02, 0x63, 0x0A, 0x54, 0x41, 0x31, 0x7E, 0xCC, 0xA6, 0x0E, 0x72, 0x02, 0x7B, 0x44,
    0x3B, 0x08, 0xE8, 0xE5, 0x7C, 0xEC, 0xD2, 0x0A, 0x2A, 0x88, 0xDB, 0x99, 0x0F, 0x9F, 0x90, 0x87,
    0x52, 0x32, 0xC9, 0x3A, 0xAF, 0x7A, 0xB5, 0x1C, 0x54, 0xF7, 0x8B, 0x90, 0x94, 0x27, 0xB9, 0xBB,
    0xE7, 0xFB, 0xFD, 0x3A, 0x0A, 0x5C, 0x60, 0x55, 0xF4, 0x26, 0x69, 0xC8, 0x92, 0x02, 0x34, 0xB3,
    0x18, 0x45, 0x3F, 0xFE, 0x01, 0x54, 0x6F, 0x3D, 0xAB, 0xFA, 0x9A, 0xEC, 0x44, 0x24, 0x1F, 0x05,
    0xD1, 0x8D, 0x7F, 0xEB, 0x2B, 0x19, 0x77, 0xBE, 0x6D, 0x50, 0x6D, 0x2B, 0x2D, 0x93, 0x5E, 0xE5,
    0x27, 0xD9, 0x1D, 0xE0, 0x29, 0xBB, 0xAE, 0xC9, 0xD5, 0xAA, 0x62, 0x15, 0x9C, 0xEA, 0xF0, 0xC6,
    0xEE, 0xA8, 0x44, 0xFE, 0xDD, 0x2A, 0x78, 0x92, 0x48, 0x76, 0xDB, 0x0B, 0x82, 0xB5, 0xBB, 0x28,
    0x92, 0x3A, 0xC3, 0x5F, 0xB0, 0xA0, 0xAF, 0x62, 0x4E, 0x70, 0xB0, 0xA3, 0xC8, 0x06, 0x1B, 0x2E,
    0x54, 0x8F, 0xED, 0x20, 0xAA, 0x36, 0x4D, 0xED, 0x90, 0x9D, 0x26, 0x01, 0xDF, 0xA1, 0x9C, 0xFC,
    0x04, 0x02, 0x76, 0x8A, 0xA0, 0x90, 0x7D, 0x2F, 0x30, 0xEA, 0x79, 0x66, 0x81, 0x59, 0x8E, 0xD0,
    0x66, 0x1D, 0x5F, 0xE6, 0x5D, 0x46, 0x6A, 0xB2, 0xA2, 0x57, 0xE0, 0x2E, 0xCF, 0x6F, 0x5F, 0xFD,
    0x42, 0xE7, 0x01, 0xFA, 0x45, 0xDD, 0x3D, 0xFE, 0x85, 0x7E, 0xFD, 0xD9, 0x44, 0xAB, 0x6C, 0x9D,
    0xA0, 0x24, 0x03, 0x60, 0xC9, 0x05, 0x19, 0xD7, 0x1E, 0x2D, 0x96, 0x83, 0xE1, 0x6B, 0xD6, 0x85,
    0x6A, 0xBE, 0x6E, 0xED, 0x54, 0xC7, 0xEB, 0xB6, 0x8A, 0x76, 0xBA, 0x6E, 0x4D, 0xB4, 0xA3, 0x70,
    0xB6, 0x41, 0xB8, 0x28, 0x4B, 0xE1, 0x8F, 0xAE, 0x65, 0x37, 0xED, 0x88, 0x6D, 0x85, 0xC6, 0x36,
    0x78, 0x66, 0x56, 0x16, 0x54, 0xEE, 0xE8, 0x55, 0x2E, 0xAD, 0x4C, 0x24, 0x19, 0xCC, 0x63, 0x4C,
    0x79, 0x21, 0x1C, 0x37, 0x72, 0x04, 0xC9, 0x66, 0xBB, 0xDD, 0xC0, 0x3F, 0x71, 0xA4, 0xB7, 0xBA,
    0x4D, 0x9B, 0x03, 0x3F, 0x63, 0x20, 0xE9, 0xB7, 0xBC, 0x81, 0x4C, 0x39, 0x91, 0xBE, 0x96, 0xAD,
    0x4A, 0x5B, 0x6A, 0x3F, 0x70, 0x51, 0x63, 0x5B, 0x4E, 0x47, 0x4E, 0xDF, 0xB8, 0x16, 0x9A, 0x13,
    0xFD, 0x3C, 0xD0, 0xB5, 0x5B, 0xC7, 0x26, 0x1A, 0x5D, 0x4C, 0xF8, 0x45, 0xB0, 0x11, 0x4F, 0xE9,
    0x9D, 0xB9, 0xB0, 0x6D, 0x43, 0xDA, 0x8E, 0x6D, 0x8D, 0xD9, 0x19, 0xBF, 0xAC, 0xC9, 0xC9, 0x30,
    0x1D, 0x3B, 0xA5, 0x45, 0x2D, 0x5B, 0xA7, 0xCF, 0x6B, 0xA7, 0xA7, 0x37, 0x1D, 0x19, 0x0F, 0xDB,
    0x7F, 0x00, 0x75, 0x8F, 0x65, 0x01, 0xC2, 0x60, 0x10, 0x86, 0x0F, 0xFF, 0xB9, 0x48, 0xDF, 0x95,
    0x20, 0x07, 0x15, 0x56, 0x07, 0x8F, 0x30, 0x22, 0x10, 0x61, 0x0D, 0x70, 0x97, 0xB3, 0x17, 0x97,
    0x67, 0x72, 0x6E, 0x74, 0xA7, 0x36, 0x09, 0x91, 0xCD, 0x43, 0xA4, 0x7D, 0x08, 0x29, 0x23, 0x24,
    0x79, 0x84, 0xAE, 0x6F, 0xA1, 0x29, 0x42, 0x8C, 0x50, 0xCF, 0xE0, 0x24, 0x4E, 0x5E, 0x40, 0x24,
    0x88, 0xEC, 0xD2, 0x36, 0x18, 0x4D, 0xEE, 0x2D, 0x29, 0x9D, 0x31, 0x4E, 0x30, 0x5C, 0x30, 0x5D,
    0xDE, 0xA6, 0x63, 0x17, 0x6C, 0xF6, 0x49, 0x05, 0x6D, 0x5A, 0x7B, 0x7A, 0x59, 0xED, 0x73, 0xC6,
    0xCF, 0x60, 0x51, 0x92, 0x2F, 0x3B, 0xDE, 0x93, 0x38, 0x57, 0x08, 0xE1, 0xF8, 0x5F, 0xC8, 0x97,
    0xED, 0xAC, 0x7F, 0x9C, 0x78, 0x41, 0xCF, 0xFF, 0xA1, 0x1A, 0x42, 0x14, 0x21, 0xA0, 0xCB, 0x5A,
    0xB5, 0x6A, 0x55, 0xC3, 0xFE, 0xFF, 0xFF, 0xFF, 0x1F, 0x40, 0x10, 0x0C, 0x20, 0x00, 0x00, 0xCD,
    0x94, 0x21, 0x8C, 0xD4, 0x40, 0x18, 0x85, 0x5F, 0x6F, 0x93, 0x5B, 0x51, 0x51, 0xAF, 0xEA, 0x55,
    0xBD, 0x9A, 0x4D, 0xF0, 0x0E, 0xB0, 0x78, 0x85, 0x57, 0x6D, 0x30, 0x58, 0x1C, 0x5E, 0x72, 0x08,
    0xF0, 0x09, 0xE9, 0x78, 0xCC, 0x78, 0x43, 0xBD, 0xAA, 0x28, 0xC9, 0x04, 0xB6, 0x7D, 0xF4, 0xFD,
    0xFF, 0x90, 0xDB, 0x43, 0x1C, 0xE1, 0x00, 0xC2, 0xE4, 0x92, 0x6F, 0x73, 0xFF, 0xD7, 0xEE, 0x7B,
    0x7F, 0xB6, 0x7D, 0x62, 0x07, 0xB4, 0x73, 0xFA, 0xEF, 0x71, 0x6F, 0xDC, 0x9B, 0xFD, 0xEC, 0x00,
    0x80, 0xF1, 0x1F, 0xE2, 0x9E, 0xB8, 0xB8, 0x3C, 0xA9, 0xF0, 0xB0, 0x38, 0xD1, 0xAC, 0x4E, 0x84,
    0x62, 0x82, 0x4C, 0xAE, 0x90, 0x2E, 0x35, 0xE4, 0x5A, 0x14, 0xBA, 0x44, 0x4A, 0x32, 0x45, 0x92,
    0x29, 0x92, 0x4C, 0x71, 0x49, 0x90, 0x24, 0x45, 0x92, 0x14, 0x97, 0xA4, 0xE8, 0xDC, 0x7E, 0x28,
    0xA3, 0x33, 0x8A, 0x3C, 0x03, 0x46, 0x46, 0x14, 0x09, 0x90, 0x24, 0x05, 0x26, 0x49, 0x01, 0x8A,
    0xE2, 0x92, 0x47, 0x75, 0x05, 0xB8, 0x2A, 0x0A, 0x30, 0xBA, 0x02, 0x74, 0x74, 0xA2, 0x36, 0x45,
    0x52, 0x51, 0x80, 0xC1, 0xF1, 0xD0, 0x45, 0x8D, 0x2E, 0x35, 0x5B, 0xEB, 0x52, 0xC8, 0x47, 0x97,
    0x38, 0x55, 0x65, 0x51, 0x03, 0xFA, 0xC5, 0x14, 0xC0, 0xA4, 0x90, 0x01, 0x93, 0x38, 0x01, 0x92,
    0xA4, 0x40, 0x92, 0x14, 0x49, 0xA6, 0x48, 0x42, 0xB0, 0xC0, 0xB5, 0x16, 0x65, 0x45, 0xB4, 0xA8,
    0xA8, 0x6A, 0x5A, 0xD4, 0xAC, 0xB2, 0x11, 0x92, 0xA4, 0x40, 0x92, 0x14, 0x48, 0x32, 0x45, 0x92,
    0x29, 0x92, 0xA4, 0x98, 0xD4, 0xFD, 0xCE, 0xA2, 0xAE, 0x6F, 0x00, 0xC5, 0x66, 0xF6, 0xA5, 0xAB,
    0x48, 0x20, 0xD5, 0x85, 0xDB, 0x53, 0x66, 0x6B, 0xD3, 0xAD, 0xA8, 0x57, 0xC5, 0x40, 0x23, 0x8D,
    0x43, 0xA7, 0xDB, 0x8C, 0x31, 0x24, 0x25, 0x49, 0x21, 0xEE, 0xE8, 0xA6, 0x7E, 0x50, 0xDB, 0x82,
    0xF9, 0x3B, 0xA2, 0x30, 0x15, 0xC5, 0x2F, 0x88, 0xE5, 0x72, 0xDD, 0xAC, 0xE2, 0xA9, 0xDE, 0x6C,
    0x37, 0x07, 0x26, 0xAB, 0x4E, 0xBE, 0xE5, 0xE2, 0x21, 0x12, 0x50, 0xEF, 0xF0, 0x4E, 0x93, 0x50,
    0x3D, 0xFE, 0x69, 0x6A, 0x52, 0xA9, 0x85, 0x3D, 0xF5, 0xE5, 0xCF, 0x72, 0xE8, 0x0C, 0x31, 0x18,
    0x92, 0x63, 0xEA, 0x2F, 0x31, 0xDF, 0xC1, 0x14, 0x2E, 0x11, 0x3B, 0x47, 0x63, 0x38, 0xD5, 0x06,
    0xFF, 0x22, 0x4B, 0xCD, 0xFB, 0x53, 0x5F, 0x9E, 0xAB, 0xC2, 0x63, 0x61, 0x7D, 0x72, 0x36, 0x83,
    0xB3, 0x8D, 0xCE, 0x2E, 0x39, 0xC3, 0x54, 0x38, 0x3B, 0xC7, 0x42, 0x66, 0x49, 0xF4, 0x3E, 0x47,
    0x27, 0x60, 0xC8, 0x1A, 0x78, 0x18, 0x1B, 0x48, 0xF7, 0x7F, 0xDB, 0x20, 0x89, 0xED, 0xED, 0x43,
    0x97, 0x0A, 0x67, 0xB1, 0x2F, 0x64, 0xE6, 0x62, 0x8C, 0xED, 0x59, 0x2D, 0x36, 0x1C, 0x44, 0x3D,
    0x48, 0x1F, 0xC4, 0x08, 0xB4, 0x3B, 0xAF, 0xF5, 0x19, 0x7E, 0xFE, 0x4E, 0xCF, 0xAD, 0xF4, 0x3C,
    0x97, 0x9E, 0xB9, 0xF4, 0x9C, 0x47, 0xEB, 0xB9, 0xEC, 0xA6, 0x7A, 0xEE, 0xF9, 0x58, 0xF2, 0x7A,
    0xCF, 0xD8, 0x7A, 0xCF, 0x17, 0x8D, 0xF7, 0x7C, 0xF6, 0x31, 0x19, 0xC7, 0xAF, 0x7F, 0xA2, 0xE7,
    0xF5, 0x2B, 0xE0, 0x8D, 0x52, 0x12, 0x0D, 0x27, 0x1C, 0xC8, 0xD4, 0xF3, 0x8C, 0x86, 0xFC, 0xAC,
    0x7C, 0xDD, 0xFA, 0x9C, 0x7C, 0xCD, 0x21, 0xEC, 0x89, 0x57, 0x8C, 0xB1, 0x8F, 0x15, 0x67, 0x84,
    0xD8, 0x0F, 0x08, 0x11, 0x5D, 0xDA, 0xD9, 0x40, 0xF4, 0x6C, 0xD1, 0xCB, 0x8F, 0xB1, 0xCB, 0xF6,
    0x30, 0x9F, 0xEC, 0xED, 0x51, 0xD3, 0x5F, 0x27, 0x7A, 0xC6, 0x39, 0xF9, 0x46, 0x42, 0xF6, 0xF7,
    0x44, 0xB3, 0x69, 0x0C, 0x09, 0x1A, 0x4B, 0xF0, 0x85, 0x85, 0x2F, 0x1A, 0x43, 0x49, 0x00, 0x13,
    0x34, 0x96, 0x30, 0x3B, 0x43, 0x74, 0x36, 0xC0, 0x2F, 0xF4, 0xA1, 0x9D, 0x21, 0x38, 0x63, 0x7F,
    0x97, 0xE9, 0x07, 0xC6, 0x50, 0xD8, 0x39, 0x4F, 0x8D, 0xD3, 0x9F, 0x18, 0x25, 0x32, 0xAA, 0x8F,
    0xA8, 0x3E, 0x22, 0x20, 0xC1, 0x03, 0xFB, 0x58, 0xC2, 0x43, 0xFA, 0x5C, 0x9E, 0xF7, 0xFE, 0x73,
    0xF4, 0xCB, 0x6A, 0x1A, 0x3A, 0xC7, 0x78, 0xB6, 0x11, 0x67, 0x54, 0x1A, 0x45, 0xD4, 0x83, 0x8D,
    0xBA, 0xC9, 0x46, 0x63, 0xD6, 0x08, 0x61, 0xAB, 0x3D, 0xE2, 0x3B, 0x4F, 0x58, 0x02, 0x96, 0x7C,
    0x25, 0x5E, 0x49, 0x57, 0xC2, 0xD9, 0xE8, 0xF2, 0x1C, 0x4E, 0xFB, 0x5F, 0x93, 0xD0, 0xA4, 0xB0,
    0x20, 0x2C, 0xFD, 0x0A, 0xE6, 0x8E, 0x8F, 0x38, 0xD5, 0xFC, 0xC4, 0xA1, 0x22, 0x37, 0xA0, 0x67,
    0x06, 0x5A, 0x4E, 0xBA, 0x5B, 0xD2, 0x9D, 0x17, 0x80, 0x5C, 0x71, 0xF0, 0x0D, 0xBE, 0x64, 0x0A,
    0x5B, 0xC5, 0xA5, 0xCF, 0xE8, 0x73, 0x3B, 0xA1, 0x9D, 0x8E, 0x03, 0x8E, 0x43, 0x05, 0x54, 0xF8,
    0x06, 0xD4, 0x92, 0x81, 0xA6, 0x14, 0x51, 0x18, 0xC7, 0xFF, 0xB3, 0xAB, 0xBB, 0xB8, 0x58, 0xE8,
    0xC2, 0xC2, 0x3C, 0x40, 0xD8, 0x47, 0x98, 0x93, 0x5E, 0x20, 0x18, 0x08, 0x04, 0x48, 0x70, 0x1F,
    0x61, 0xF6, 0x11, 0x2E, 0xF4, 0x06, 0x45, 0xDD, 0xA0, 0x37, 0x38, 0x43, 0x08, 0xE0, 0xA8, 0x17,
    0x38, 0x24, 0xB8, 0xD0, 0xD0, 0x54, 0xB7, 0xB5, 0xF9, 0x35, 0xDF, 0xE7, 0x4C, 0x2D, 0x80, 0x54,
    0xB9, 0xAC, 0xFF, 0xEF, 0x70, 0xBE, 0x99, 0xFD, 0x7D, 0xFE, 0xA3, 0xEA, 0x32, 0xE8, 0xF1, 0x85,
    0xB6, 0x8C, 0xA7, 0x1C, 0x14, 0x19, 0x9A, 0x09, 0x90, 0x3B, 0xAE, 0x17, 0x5C, 0xA5, 0xB8, 0x7F,
    0xB5, 0x60, 0x27, 0xB2, 0x1C, 0x49, 0x4B, 0x9E, 0x88, 0x0F, 0xA1, 0x86, 0x37, 0x3E, 0xC5, 0xC7,
    0x5F, 0xB8, 0xC3, 0xD5, 0x03, 0xF6, 0x17, 0x0B, 0x82, 0x4D, 0xFE, 0x45, 0x98, 0xF5, 0x6D, 0x69,
    0xCB, 0x17, 0xA4, 0xC8, 0x27, 0x53, 0xE3, 0x3D, 0xBB, 0xC9, 0xF8, 0x2D, 0xC1, 0x4C, 0x1F, 0xC9,
    0x52, 0xAE, 0xDB, 0xAA, 0x86, 0xD7, 0x84, 0xEE, 0x28, 0x27, 0xD5, 0x7B, 0x36, 0x19, 0x96, 0x7F,
    0x3A, 0x27, 0xB7, 0xBB, 0xAD, 0xB9, 0x7D, 0x25, 0xB8, 0x5B, 0x70, 0xB7, 0x30, 0xB9, 0xBD, 0x73,
    0xB7, 0xE5, 0x9C, 0x93, 0xDB, 0x94, 0xFF, 0xD6, 0xCD, 0xDB, 0xBE, 0xA5, 0xD2, 0x77, 0xEC, 0x4B,
    0xE3, 0xE4, 0xD2, 0x39, 0xB9, 0xB4, 0x4E, 0x5F, 0x7A, 0xDF, 0xCC, 0xCD, 0x6B, 0xEE, 0xFE, 0x6C,
    0x6E, 0x9F, 0x54, 0x8A, 0x3F, 0x3A, 0x94, 0x6F, 0x80, 0x54, 0xAA, 0xFA, 0x4F, 0x87, 0xB2, 0x69,
    0x1B, 0xCA, 0xA6, 0xA4, 0x79, 0xD3, 0x34, 0x6F, 0x9A, 0xE6, 0x4D, 0x53, 0xD9, 0xB4, 0x1C, 0xEC,
    0xF1, 0xB2, 0x29, 0xE9, 0x06, 0x6C, 0x7A, 0xF2, 0x42, 0x92, 0x22, 0xDF, 0xA4, 0x15, 0xD0, 0xAB,
    0x06, 0x06, 0x35, 0xBC, 0xB4, 0x1C, 0x15, 0x07, 0x75, 0xFE, 0x8B, 0x59, 0xDD, 0xE7, 0xFB, 0x31,
    0x57, 0x70, 0x88, 0xF9, 0xD4, 0x73, 0xED, 0x79, 0xC2, 0xFE, 0xB9, 0xDD, 0x0E, 0xFA, 0xED, 0x6C,
    0x38, 0xFC, 0xCC, 0xB5, 0xE7, 0x8A, 0x83, 0x89, 0x9D, 0x59, 0x6C, 0x9E, 0x5A, 0x9A, 0x5F, 0x32,
    0x6E, 0xC1, 0xEF, 0x3A, 0xC0, 0xC8, 0x3E, 0x3A, 0xE9, 0x57, 0x4E, 0x82, 0x73, 0xC3, 0x6E, 0x45,
    0x6B, 0x4F, 0xE5, 0x1A, 0xFA, 0x2D, 0x0C, 0x71, 0x62, 0x03, 0x99, 0x89, 0x71, 0x3C, 0xEF, 0xCF,
    0xB9, 0xDC, 0xC5, 0x2C, 0x9F, 0x8F, 0xA3, 0x64, 0xEC, 0x08, 0xCE, 0x86, 0x6B, 0xE7, 0x1A, 0xFC,
    0xBE, 0x82, 0x64, 0x54, 0xCD, 0xE0, 0xAC, 0x18, 0x9D, 0x6A, 0x9C, 0x0F, 0x0B, 0xE3, 0xB3, 0x38,
    0x2C, 0xED, 0xFD, 0x90, 0x0B, 0xFB, 0xCA, 0xFF, 0xFF, 0xBB, 0xBD, 0xBC, 0x57, 0x1B, 0xA4, 0xEA,
    0xC7, 0x02, 0x18, 0x00, 0x44, 0xCB, 0x81, 0x09, 0xC2, 0x30, 0x10, 0x85, 0xE1, 0x93, 0x02, 0x02,
    0x02, 0x0E, 0x20, 0x90, 0x11, 0x1C, 0xE1, 0xBA, 0x59, 0x32, 0x82, 0x1B, 0x99, 0x11, 0x1C, 0xA1,
    0x23, 0x08, 0x28, 0x44, 0xA8, 0x79, 0xFE, 0xB9, 0x00, 0x16, 0xDA, 0x47, 0xF3, 0xFD, 0xB1, 0xFF,
    0x73, 0x2C, 0x73, 0xD3, 0x36, 0x37, 0xB7, 0x98, 0x83, 0xFA, 0x64, 0xA9, 0x04, 0x4B, 0x11, 0xE4,
    0xDB, 0xA5, 0x0D, 0xE6, 0xD3, 0x07, 0xB3, 0xB9, 0xC0, 0x7B, 0x2A, 0x4E, 0x90, 0xC9, 0xBC, 0x71,
    0x7B, 0x6C, 0x1F, 0xB7, 0x55, 0x5D, 0x25, 0xB1, 0xEB, 0x5D, 0x1B, 0xBC, 0x63, 0xCD, 0xA5, 0xE7,
    0x49, 0x7A, 0x9D, 0xC9, 0xAE, 0xD2, 0x63, 0xE1, 0x75, 0x12, 0x63, 0xB3, 0xBE, 0x66, 0xFC, 0xC0,
    0x66, 0x04, 0x1C, 0x99, 0x2D, 0x7A, 0x0F, 0x36, 0x53, 0x75, 0x98, 0xA0, 0x3A, 0x4C, 0x50, 0x1D,
    0x26, 0xF8, 0x04, 0x13, 0x04, 0x13, 0x04, 0x13, 0x04, 0x13, 0xAC, 0xBF, 0x21, 0x79, 0x1A, 0x00,
};

static const EpdGlyph notosans_16_boldGlyphs[] = {
    { 0, 0, 0, 0, 0, 0, 0 }, // U+0000
    { 0, 0, 139, 0, 0, 0, 0 }, // U+000D
    { 0, 0, 139, 0, 0, 0, 0 }, // U+0020
    { 7, 25, 150, 1, 24, 44, 0 }, // !
    { 12, 9, 255, 2, 24, 27, 44 }, // "
    { 21, 24, 344, 0, 24, 126, 71 }, // #
    { 17, 28, 305, 1, 26, 119, 197 }, // $
    { 29, 26, 481, 1, 25, 189, 316 }, // %
    { 24, 26, 400, 1, 25, 156, 505 }, // &
    { 5, 9, 142, 2, 24, 12, 661 }, // '
    { 10, 30, 181, 1, 24, 75, 673 }, // (
    { 9, 30, 181, 1, 24, 68, 748 }, // )
    { 18, 17, 289, 0, 26, 77, 816 }, // *
    { 17, 17, 305, 1, 20, 73, 893 }, // +
    { 7, 9, 152, 1, 4, 16, 966 }, // ,
    { 10, 5, 171, 0, 11, 13, 982 }, // -
    { 7, 7, 150, 1, 6, 13, 995 }, // .
    { 14, 25, 221, 0, 24, 88, 1008 }, // /
    { 18, 26, 322, 1, 25, 117, 1096 }, // 0
    { 13, 24, 276, 0, 24, 78, 1213 }, // 1
    { 17, 25, 298, 1, 25, 107, 1291 }, // 2
    { 17, 26, 305, 1, 25, 111, 1398 }, // 3
    { 19, 24, 310, 0, 24, 114, 1509 }, // 4
    { 17, 25, 308, 1, 24, 107, 1623 }, // 5
    { 18, 26, 321, 1, 25, 117, 1730 }, // 6
    { 18, 24, 285, 0, 24, 108, 1847 }, // 7
    { 18, 26, 317, 1, 25, 117, 1955 }, // 8
    { 18, 26, 321, 1, 25, 117, 2072 }, // 9
    { 7, 20, 150, 1, 19, 35, 2189 }, // :
    { 7, 24, 152, 1, 19, 42, 2224 }, // ;
    { 17, 18, 305, 1, 21, 77, 2266 }, // <
    { 17, 11, 305, 1, 17, 47, 2343 }, // =
    { 17, 18, 305, 1, 21, 77, 2390 }, // >
    { 16, 26, 254, 0, 25, 104, 2467 }, // ?
    { 28, 27, 479, 1, 24, 189, 2571 }, // @
    { 24, 24, 369, 0, 24, 144, 2760 }, // A
    { 19, 24, 355, 2, 24, 114, 2904 }, // B
    { 20, 26, 342, 1, 25, 130, 3018 }, // C
    { 21, 24, 390, 2, 24, 126, 3148 }, // D
    { 14, 24, 299, 3, 24, 84, 3274 }, // E
    { 14, 24, 293, 3, 24, 84, 3358 }, // F
    { 21, 26, 386, 1, 25, 137, 3442 }, // G
    { 20, 24, 408, 3, 24, 120, 3579 }, // H
    { 11, 24, 207, 1, 24, 66, 3699 }, // I
    { 12, 31, 177, -3, 24, 93, 3765 }, // J
    { 20, 24, 354, 3, 24, 120, 3858 }, // K
    { 16, 24, 298, 2, 24, 96, 3978 }, // L
    { 26, 24, 503, 3, 24, 156, 4074 }, // M
    { 22, 24, 434, 3, 24, 132, 4230 }, // N
    { 24, 26, 422, 1, 25, 156, 4362 }, // O
    { 18, 24, 331, 2, 24, 108, 4518 }, // P
    { 24, 31, 422, 1, 25, 186, 4626 }, // Q
    { 20, 24, 350, 2, 24, 120, 4812 }, // R
    { 17, 26, 294, 1, 25, 111, 4932 }, // S
    { 19, 24, 308, 0, 24, 114, 5043 }, // T
    { 21, 25, 403, 2, 24, 132, 5157 }, // U
    { 22, 24, 347, 0, 24, 132, 5289 }, // V
    { 33, 24, 516, 0, 24, 198, 5421 }, // W
    { 23, 24, 357, 0, 24, 138, 5619 }, // X
    { 21, 24, 334, 0, 24, 126, 5757 }, // Y
    { 19, 24, 309, 0, 24, 114, 5883 }, // Z
    { 9, 30, 177, 2, 24, 68, 5997 }, // [
    { 14, 25, 221, 0, 24, 88, 6065 }, // <backslash>
    { 9, 30, 177, 0, 24, 68, 6153 }, // ]
    { 19, 16, 305, 0, 24, 76, 6221 }, // ^
    { 15, 3, 219, -1, -3, 12, 6297 }, // _
    { 10, 6, 195, 1, 26, 15, 6309 }, // `
    { 17, 20, 319, 1, 19, 85, 6324 }, // a
    { 18, 27, 337, 2, 26, 122, 6409 }, // b
    { 16, 20, 275, 1, 19, 80, 6531 }, // c
    { 18, 27, 337, 1, 26, 122, 6611 }, // d
    { 18, 20, 318, 1, 19, 90, 6733 }, // e
    { 15, 26, 206, 0, 26, 98, 6823 }, // f
    { 18, 27, 337, 1, 19, 122, 6921 }, // g
    { 18, 26, 347, 2, 26, 117, 7043 }, // h
    { 6, 26, 159, 2, 26, 39, 7160 }, // i
    { 10, 34, 159, -2, 26, 85, 7199 }, // j
    { 19, 26, 331, 2, 26, 124, 7284 }, // k
    { 6, 26, 159, 2, 26, 39, 7408 }, // l
    { 29, 19, 520, 2, 19, 138, 7447 }, // m
    { 18, 19, 347, 2, 19, 86, 7585 }, // n
    { 19, 20, 333, 1, 19, 95, 7671 }, // o
    { 18, 27, 337, 2, 19, 122, 7766 }, // p
    { 18, 27, 337, 1, 19, 122, 7888 }, // q
    { 13, 19, 238, 2, 19, 62, 8010 }, // r
    { 15, 20, 268, 1, 19, 75, 8072 }, // s
    { 14, 24, 231, 0, 23, 84, 8147 }, // t
    { 18, 20, 347, 2, 19, 90, 8231 }, // u
    { 20, 19, 304, 0, 19, 95, 8321 }, // v
    { 29, 19, 456, 0, 19, 138, 8416 }, // w
    { 20, 19, 308, 0, 19, 95, 8554 }, // x
    { 20, 27, 304, 0, 19, 135, 8649 }, // y
    { 15, 19, 263, 1, 19, 72, 8784 }, // z
    { 12, 30, 210, 0, 24, 90, 8856 }, // {
    { 4, 34, 294, 7, 26, 34, 8946 }, // |
    { 12, 30, 210, 1, 24, 90, 8980 }, // }
    { 17, 7, 305, 1, 15, 30, 9070 }, // ~
    { 0, 0, 139, 0, 0, 0, 0 }, // U+00A0
    { 7, 25, 153, 1, 19, 44, 0 }, // U+00A1
    { 15, 26, 305, 2, 25, 98, 44 }, // U+00A2
    { 18, 25, 305, 1, 25, 113, 142 }, // U+00A3
    { 17, 16, 303, 1, 20, 68, 255 }, // U+00A4
    { 19, 24, 305, 0, 24, 114, 323 }, // U+00A5
    { 4, 34, 294, 7, 26, 34, 437 }, // U+00A6
    { 14, 27, 259, 1, 26, 95, 471 }, // U+00A7
    { 12, 6, 316, 4, 26, 18, 566 }, // U+00A8
    { 26, 26, 444, 1, 25, 169, 584 }, // U+00A9
    { 12, 13, 203, 0, 25, 39, 753 }, // U+00AA
    { 19, 16, 327, 1, 17, 76, 792 }, // U+00AB
    { 17, 10, 305, 1, 14, 43, 868 }, // U+00AC
    { 10, 5, 171, 0, 11, 13, 911 }, // U+00AD
    { 26, 26, 444, 1, 25, 169, 924 }, // U+00AE
    { 18, 4, 267, -1, 29, 18, 1093 }, // U+00AF
    { 12, 13, 226, 1, 25, 39, 1111 }, // U+00B0
    { 17, 21, 305, 1, 21, 90, 1150 }, // U+00B1
    { 12, 16, 202, 0, 29, 48, 1240 }, // U+00B2
    { 12, 16, 203, 0, 29, 48, 1288 }, // U+00B3
    { 10, 6, 195, 1, 26, 15, 1336 }, // U+00B4
    { 18, 27, 348, 2, 19, 122, 1351 }, // U+00B5
    { 18, 31, 346, 1, 26, 140, 1473 }, // U+00B6
    { 7, 7, 150, 1, 15, 13, 1613 }, // U+00B7
    { 9, 8, 140, 0, 0, 18, 1626 }, // U+00B8
    { 9, 16, 203, 1, 29, 36, 1644 }, // U+00B9
    { 12, 13, 206, 0, 25, 39, 1680 }, // U+00BA
    { 19, 16, 327, 1, 17, 76, 1719 }, // U+00BB
    { 28, 24, 443, 0, 24, 168, 1795 }, // U+00BC
    { 28, 24, 466, 0, 24, 168, 1963 }, // U+00BD
    { 27, 25, 451, 1, 25, 169, 2131 }, // U+00BE
    { 16, 25, 254, 0, 19, 100, 2300 }, // U+00BF
    { 24, 32, 369, 0, 32, 192, 2400 }, // U+00C0
    { 24, 32, 369, 0, 32, 192, 2592 }, // U+00C1
    { 24, 32, 369, 0, 32, 192, 2784 }, // U+00C2
    { 24, 32, 369, 0, 32, 192, 2976 }, // U+00C3
    { 24, 32, 369, 0, 32, 192, 3168 }, // U+00C4
    { 24, 29, 369, 0, 29, 174, 3360 }, // U+00C5
    { 30, 24, 508, 0, 24, 180, 3534 }, // U+00C6
    { 20, 33, 342, 1, 25, 165, 3714 }, // U+00C7
    { 14, 32, 299, 3, 32, 112, 3879 }, // U+00C8
    { 14, 32, 299, 3, 32, 112, 3991 }, // U+00C9
    { 14, 32, 299, 3, 32, 112, 4103 }, // U+00CA
    { 14, 32, 299, 3, 32, 112, 4215 }, // U+00CB
    { 12, 32, 207, 0, 32, 96, 4327 }, // U+00CC
    { 12, 32, 207, 1, 32, 96, 4423 }, // U+00CD
    { 15, 32, 207, -1, 32, 120, 4519 }, // U+00CE
    { 13, 32, 207, 0, 32, 104, 4639 }, // U+00CF
    { 23, 24, 390, 0, 24, 138, 4743 }, // U+00D0
    { 22, 32, 429, 3, 32, 176, 4881 }, // U+00D1
    { 24, 33, 422, 1, 32, 198, 5057 }, // U+00D2
    { 24, 33, 422, 1, 32, 198, 5255 }, // U+00D3
    { 24, 33, 422, 1, 32, 198, 5453 }, // U+00D4
    { 24, 33, 422, 1, 32, 198, 5651 }, // U+00D5
    { 24, 33, 422, 1, 32, 198, 5849 }, // U+00D6
    { 15, 16, 305, 2, 20, 60, 6047 }, // U+00D7
    { 24, 28, 422, 1, 26, 168, 6107 }, // U+00D8
    { 21, 33, 403, 2, 32, 174, 6275 }, // U+00D9
    { 21, 33, 403, 2, 32, 174, 6449 }, // U+00DA
    { 21, 33, 403, 2, 32, 174, 6623 }, // U+00DB
    { 21, 33, 403, 2, 32, 174, 6797 }, // U+00DC
    { 21, 32, 334, 0, 32, 168, 6971 }, // U+00DD
    { 17, 24, 335, 3, 24, 102, 7139 }, // U+00DE
    { 21, 27, 375, 2, 26, 142, 7241 }, // U+00DF
    { 17, 27, 319, 1, 26, 115, 7383 }, // U+00E0
    { 17, 27, 319, 1, 26, 115, 7498 }, // U+00E1
    { 17, 27, 319, 1, 26, 115, 7613 }, // U+00E2
    { 17, 27, 319, 1, 26, 115, 7728 }, // U+00E3
    { 17, 27, 319, 1, 26, 115, 7843 }, // U+00E4
    { 17, 29, 319, 1, 28, 124, 7958 }, // U+00E5
    { 29, 20, 489, 1, 19, 145, 8082 }, // U+00E6
    { 16, 27, 275, 1, 19, 108, 8227 }, // U+00E7
    { 18, 27, 318, 1, 26, 122, 8335 }, // U+00E8
    { 18, 27, 318, 1, 26, 122, 8457 }, // U+00E9
    { 18, 27, 318, 1, 26, 122, 8579 }, // U+00EA
    { 18, 27, 318, 1, 26, 122, 8701 }, // U+00EB
    { 11, 26, 159, -1, 26, 72, 8823 }, // U+00EC
    { 10, 26, 159, 2, 26, 65, 8895 }, // U+00ED
    { 14, 26, 159, -2, 26, 91, 8960 }, // U+00EE
    { 12, 26, 159, -1, 26, 78, 9051 }, // U+00EF
    { 19, 27, 334, 1, 26, 129, 9129 }, // U+00F0
    { 18, 26, 347, 2, 26, 117, 9258 }, // U+00F1
    { 19, 27, 333, 1, 26, 129, 9375 }, // U+00F2
    { 19, 27, 333, 1, 26, 129, 9504 }, // U+00F3
    { 19, 27, 333, 1, 26, 129, 9633 }, // U+00F4
    { 19, 27, 333, 1, 26, 129, 9762 }, // U+00F5
    { 19, 27, 333, 1, 26, 129, 9891 }, // U+00F6
    { 17, 17, 305, 1, 20, 73, 10020 }, // U+00F7
    { 19, 22, 330, 1, 20, 105, 10093 }, // U+00F8
    { 18, 27, 347, 2, 26, 122, 10198 }, // U+00F9
    { 18, 27, 347, 2, 26, 122, 10320 }, // U+00FA
    { 18, 27, 347, 2, 26, 122, 10442 }, // U+00FB
    { 18, 27, 347, 2, 26, 122, 10564 }, // U+00FC
    { 20, 34, 304, 0, 26, 170, 10686 }, // U+00FD
    { 18, 34, 337, 2, 26, 153, 10856 }, // U+00FE
    { 20, 34, 304, 0, 26, 170, 11009 }, // U+00FF
    { 24, 30, 369, 0, 30, 180, 0 }, // U+0100
    { 17, 25, 319, 1, 24, 107, 180 }, // U+0101
    { 24, 32, 369, 0, 32, 192, 287 }, // U+0102
    { 17, 27, 319, 1, 26, 115, 479 }, // U+0103
    { 24, 32, 369, 0, 24, 192, 594 }, // U+0104
    { 17, 27, 319, 1, 19, 115, 786 }, // U+0105
    { 20, 33, 342, 1, 32, 165, 901 }, // U+0106
    { 16, 27, 275, 1, 26, 108, 1066 }, // U+0107
    { 20, 33, 342, 1, 32, 165, 1174 }, // U+0108
    { 16, 27, 275, 1, 26, 108, 1339 }, // U+0109
    { 20, 33, 342, 1, 32, 165, 1447 }, // U+010A
    { 16, 27, 275, 1, 26, 108, 1612 }, // U+010B
    { 20, 33, 342, 1, 32, 165, 1720 }, // U+010C
    { 17, 27, 275, 1, 26, 115, 1885 }, // U+010D
    { 21, 32, 390, 2, 32, 168, 2000 }, // U+010E
    { 25, 27, 337, 1, 26, 169, 2168 }, // U+010F
    { 23, 24, 390, 0, 24, 138, 2337 }, // U+0110
    { 21, 27, 344, 1, 26, 142, 2475 }, // U+0111
    { 14, 30, 299, 3, 30, 105, 2617 }, // U+0112
    { 18, 25, 318, 1, 24, 113, 2722 }, // U+0113
    { 14, 32, 299, 3, 32, 112, 2835 }, // U+0114
    { 18, 27, 318, 1, 26, 122, 2947 }, // U+0115
    { 14, 32, 299, 3, 32, 112, 3069 }, // U+0116
    { 18, 27, 318, 1, 26, 122, 3181 }, // U+0117
    { 14, 32, 299, 3, 24, 112, 3303 }, // U+0118
    { 18, 27, 315, 1, 19, 122, 3415 }, // U+0119
    { 15, 32, 299, 3, 32, 120, 3537 }, // U+011A
    { 18, 27, 318, 1, 26, 122, 3657 }, // U+011B
    { 21, 33, 386, 1, 32, 174, 3779 }, // U+011C
    { 18, 34, 337, 1, 26, 153, 3953 }, // U+011D
    { 21, 33, 386, 1, 32, 174, 4106 }, // U+011E
    { 18, 34, 337, 1, 26, 153, 4280 }, // U+011F
    { 21, 33, 386, 1, 32, 174, 4433 }, // U+0120
    { 18, 34, 337, 1, 26, 153, 4607 }, // U+0121
    { 21, 33, 386, 1, 25, 174, 4760 }, // U+0122
    { 18, 34, 337, 1, 26, 153, 4934 }, // U+0123
    { 20, 32, 408, 3, 32, 160, 5087 }, // U+0124
    { 22, 33, 347, -2, 33, 182, 5247 }, // U+0125
    { 26, 24, 408, 0, 24, 156, 5429 }, // U+0126
    { 20, 26, 350, 0, 26, 130, 5585 }, // U+0127
    { 15, 32, 207, -2, 32, 120, 5715 }, // U+0128
    { 14, 26, 159, -2, 26, 91, 5835 }, // U+0129
    { 12, 30, 207, 0, 30, 90, 5926 }, // U+012A
    { 12, 24, 159, -1, 24, 72, 6016 }, // U+012B
    { 14, 32, 207, 0, 32, 112, 6088 }, // U+012C
    { 14, 26, 159, -2, 26, 91, 6200 }, // U+012D
    { 11, 32, 207, 1, 24, 88, 6291 }, // U+012E
    { 7, 34, 159, 1, 26, 60, 6379 }, // U+012F
    { 11, 32, 207, 1, 32, 88, 6439 }, // U+0130
    { 6, 19, 159, 2, 19, 29, 6527 }, // U+0131
    { 21, 31, 385, 1, 24, 163, 6556 }, // U+0132
    { 16, 34, 325, 2, 26, 136, 6719 }, // U+0133
    { 16, 39, 177, -3, 32, 156, 6855 }, // U+0134
    { 14, 34, 159, -2, 26, 119, 7011 }, // U+0135
    { 20, 32, 352, 3, 24, 160, 7130 }, // U+0136
    { 19, 34, 331, 2, 26, 162, 7290 }, // U+0137
    { 19, 19, 331, 2, 19, 91, 7452 }, // U+0138
    { 16, 32, 298, 2, 32, 128, 7543 }, // U+0139
    { 10, 33, 159, 2, 33, 83, 7671 }, // U+013A
    { 16, 32, 298, 2, 24, 128, 7754 }, // U+013B
    { 6, 34, 159, 2, 26, 51, 7882 }, // U+013C
    { 17, 24, 298, 2, 24, 102, 7933 }, // U+013D
    { 13, 26, 159, 2, 26, 85, 8035 }, // U+013E
    { 16, 24, 298, 2, 24, 96, 8120 }, // U+013F
    { 12, 26, 197, 2, 26, 78, 8216 }, // U+0140
    { 18, 24, 301, 0, 24, 108, 8294 }, // U+0141
    { 12, 26, 163, -1, 26, 78, 8402 }, // U+0142
    { 22, 32, 429, 3, 32, 176, 8480 }, // U+0143
    { 18, 26, 347, 2, 26, 117, 8656 }, // U+0144
    { 22, 32, 429, 3, 24, 176, 8773 }, // U+0145
    { 18, 27, 347, 2, 19, 122, 8949 }, // U+0146
    { 22, 32, 429, 3, 32, 176, 9071 }, // U+0147
    { 18, 26, 347, 2, 26, 117, 9247 }, // U+0148
    { 25, 24, 413, -1, 24, 150, 9364 }, // U+0149
    { 22, 31, 434, 3, 24, 171, 9514 }, // U+014A
    { 18, 27, 347, 2, 19, 122, 9685 }, // U+014B
    { 24, 31, 422, 1, 30, 186, 9807 }, // U+014C
    { 19, 25, 333, 1, 24, 119, 9993 }, // U+014D
    { 24, 33, 422, 1, 32, 198, 10112 }, // U+014E
    { 19, 27, 333, 1, 26, 129, 10310 }, // U+014F
    { 24, 33, 422, 1, 32, 198, 10439 }, // U+0150
    { 19, 27, 333, 1, 26, 129, 10637 }, // U+0151
    { 30, 26, 519, 1, 25, 195, 10766 }, // U+0152
    { 31, 20, 522, 1, 19, 155, 10961 }, // U+0153
    { 20, 32, 350, 2, 32, 160, 11116 }, // U+0154
    { 14, 26, 238, 2, 26, 91, 11276 }, // U+0155
    { 20, 32, 350, 2, 24, 160, 11367 }, // U+0156
    { 13, 27, 238, 2, 19, 88, 11527 }, // U+0157
    { 20, 32, 350, 2, 32, 160, 11615 }, // U+0158
    { 15, 26, 238, 1, 26, 98, 11775 }, // U+0159
    { 17, 33, 294, 1, 32, 141, 11873 }, // U+015A
    { 15, 27, 268, 1, 26, 102, 12014 }, // U+015B
    { 17, 33, 294, 1, 32, 141, 12116 }, // U+015C
    { 15, 27, 268, 1, 26, 102, 12257 }, // U+015D
    { 17, 33, 294, 1, 25, 141, 12359 }, // U+015E
    { 15, 27, 268, 1, 19, 102, 12500 }, // U+015F
    { 17, 33, 294, 1, 32, 141, 12602 }, // U+0160
    { 15, 27, 268, 1, 26, 102, 12743 }, // U+0161
    { 19, 32, 308, 0, 24, 152, 12845 }, // U+0162
    { 14, 31, 231, 0, 23, 109, 12997 }, // U+0163
    { 19, 32, 308, 0, 32, 152, 13106 }, // U+0164
    { 19, 27, 231, 0, 26, 129, 13258 }, // U+0165
    { 19, 24, 308, 0, 24, 114, 13387 }, // U+0166
    { 14, 24, 231, 0, 23, 84, 13501 }, // U+0167
    { 21, 33, 403, 2, 32, 174, 13585 }, // U+0168
    { 18, 27, 347, 2, 26, 122, 13759 }, // U+0169
    { 21, 31, 403, 2, 30, 163, 13881 }, // U+016A
    { 18, 25, 347, 2, 24, 113, 14044 }, // U+016B
    { 21, 33, 403, 2, 32, 174, 14157 }, // U+016C
    { 18, 27, 347, 2, 26, 122, 14331 }, // U+016D
    { 21, 35, 403, 2, 34, 184, 14453 }, // U+016E
    { 18, 29, 347, 2, 28, 131, 14637 }, // U+016F
    { 21, 33, 403, 2, 32, 174, 14768 }, // U+0170
    { 18, 27, 347, 2, 26, 122, 14942 }, // U+0171
    { 21, 32, 403, 2, 24, 168, 15064 }, // U+0172
    { 18, 27, 347, 2, 19, 122, 15232 }, // U+0173
    { 33, 32, 516, 0, 32, 264, 15354 }, // U+0174
    { 29, 26, 460, 0, 26, 189, 15618 }, // U+0175
    { 21, 32, 334, 0, 32, 168, 15807 }, // U+0176
    { 20, 34, 304, 0, 26, 170, 15975 }, // U+0177
    { 21, 32, 334, 0, 32, 168, 16145 }, // U+0178
    { 19, 32, 309, 0, 32, 152, 16313 }, // U+0179
    { 15, 26, 263, 1, 26, 98, 16465 }, // U+017A
    { 19, 32, 309, 0, 32, 152, 16563 }, // U+017B
    { 15, 26, 263, 1, 26, 98, 16715 }, // U+017C
    { 19, 32, 309, 0, 32, 152, 16813 }, // U+017D
    { 15, 26, 263, 1, 26, 98, 16965 }, // U+017E
    { 12, 26, 204, 2, 26, 78, 17063 }, // U+017F
    { 28, 27, 438, 1, 26, 189, 0 }, // U+01A0
    { 23, 22, 363, 1, 21, 127, 189 }, // U+01A1
    { 28, 27, 472, 2, 26, 189, 316 }, // U+01AF
    { 25, 22, 404, 2, 21, 138, 505 }, // U+01B0
    { 41, 32, 698, 2, 32, 328, 643 }, // U+01C4
    { 39, 26, 653, 2, 26, 254, 971 }, // U+01C5
    { 36, 27, 600, 1, 26, 243, 1225 }, // U+01C6
    { 25, 31, 478, 2, 24, 194, 1468 }, // U+01C7
    { 25, 34, 464, 2, 26, 213, 1662 }, // U+01C8
    { 16, 34, 325, 2, 26, 136, 1875 }, // U+01C9
    { 33, 31, 610, 3, 24, 256, 2011 }, // U+01CA
    { 32, 34, 596, 3, 26, 272, 2267 }, // U+01CB
    { 28, 34, 513, 2, 26, 238, 2539 }, // U+01CC
    { 24, 32, 369, 0, 32, 192, 2777 }, // U+01CD
    { 17, 27, 319, 1, 26, 115, 2969 }, // U+01CE
    { 15, 32, 207, -1, 32, 120, 3084 }, // U+01CF
    { 15, 26, 159, -2, 26, 98, 3204 }, // U+01D0
    { 24, 33, 422, 1, 32, 198, 3302 }, // U+01D1
    { 19, 27, 333, 1, 26, 129, 3500 }, // U+01D2
    { 21, 33, 403, 2, 32, 174, 3629 }, // U+01D3
    { 18, 27, 347, 2, 26, 122, 3803 }, // U+01D4
    { 21, 36, 403, 2, 35, 189, 3925 }, // U+01D5
    { 18, 30, 347, 2, 29, 135, 4114 }, // U+01D6
    { 21, 36, 403, 2, 35, 189, 4249 }, // U+01D7
    { 18, 31, 347, 2, 30, 140, 4438 }, // U+01D8
    { 21, 36, 403, 2, 35, 189, 4578 }, // U+01D9
    { 18, 31, 347, 2, 30, 140, 4767 }, // U+01DA
    { 21, 36, 403, 2, 35, 189, 4907 }, // U+01DB
    { 18, 31, 347, 2, 30, 140, 5096 }, // U+01DC
    { 18, 20, 318, 1, 19, 90, 5236 }, // U+01DD
    { 24, 35, 369, 0, 35, 210, 5326 }, // U+01DE
    { 17, 30, 319, 1, 29, 128, 5536 }, // U+01DF
    { 24, 35, 369, 0, 35, 210, 5664 }, // U+01E0
    { 17, 30, 319, 1, 29, 128, 5874 }, // U+01E1
    { 30, 30, 508, 0, 30, 225, 6002 }, // U+01E2
    { 29, 25, 489, 1, 24, 182, 6227 }, // U+01E3
    { 23, 26, 386, 1, 25, 150, 6409 }, // U+01E4
    { 20, 27, 339, 1, 19, 135, 6559 }, // U+01E5
    { 21, 33, 386, 1, 32, 174, 6694 }, // U+01E6
    { 18, 34, 337, 1, 26, 153, 6868 }, // U+01E7
    { 20, 32, 352, 3, 32, 160, 7021 }, // U+01E8
    { 23, 33, 331, -2, 33, 190, 7181 }, // U+01E9
    { 24, 33, 422, 1, 25, 198, 7371 }, // U+01EA
    { 19, 27, 333, 1, 19, 129, 7569 }, // U+01EB
    { 24, 38, 422, 1, 30, 228, 7698 }, // U+01EC
    { 19, 32, 333, 1, 24, 152, 7926 }, // U+01ED
    { 19, 33, 315, 0, 32, 157, 8078 }, // U+01EE
    { 19, 34, 310, 0, 26, 162, 8235 }, // U+01EF
    { 15, 34, 159, -2, 26, 128, 8397 }, // U+01F0
    { 41, 24, 698, 2, 24, 246, 8525 }, // U+01F1
    { 38, 24, 653, 2, 24, 228, 8771 }, // U+01F2
    { 36, 27, 600, 1, 26, 243, 8999 }, // U+01F3
    { 21, 33, 386, 1, 32, 174, 9242 }, // U+01F4
    { 18, 34, 337, 1, 26, 153, 9416 }, // U+01F5
    { 30, 25, 559, 3, 24, 188, 9569 }, // U+01F6
    { 18, 33, 360, 3, 25, 149, 9757 }, // U+01F7
    { 22, 32, 429, 3, 32, 176, 9906 }, // U+01F8
    { 18, 26, 347, 2, 26, 117, 10082 }, // U+01F9
    { 24, 32, 368, 0, 32, 192, 10199 }, // U+01FA
    { 17, 34, 319, 1, 33, 145, 10391 }, // U+01FB
    { 30, 32, 508, 0, 32, 240, 10536 }, // U+01FC
    { 29, 27, 489, 1, 26, 196, 10776 }, // U+01FD
    { 24, 34, 422, 1, 32, 204, 10972 }, // U+01FE
    { 19, 28, 330, 1, 26, 133, 11176 }, // U+01FF
    { 24, 32, 369, 0, 32, 192, 11309 }, // U+0200
    { 17, 27, 319, 1, 26, 115, 11501 }, // U+0201
    { 24, 32, 369, 0, 32, 192, 11616 }, // U+0202
    { 17, 27, 319, 1, 26, 115, 11808 }, // U+0203
    { 16, 32, 299, 1, 32, 128, 11923 }, // U+0204
    { 18, 27, 318, 1, 26, 122, 12051 }, // U+0205
    { 14, 32, 299, 3, 32, 112, 12173 }, // U+0206
    { 18, 27, 318, 1, 26, 122, 12285 }, // U+0207
    { 15, 32, 207, -3, 32, 120, 12407 }, // U+0208
    { 15, 26, 159, -4, 26, 98, 12527 }, // U+0209
    { 13, 32, 207, 0, 32, 104, 12625 }, // U+020A
    { 14, 26, 159, -2, 26, 91, 12729 }, // U+020B
    { 24, 33, 422, 1, 32, 198, 12820 }, // U+020C
    { 19, 27, 333, 1, 26, 129, 13018 }, // U+020D
    { 24, 33, 422, 1, 32, 198, 13147 }, // U+020E
    { 19, 27, 333, 1, 26, 129, 13345 }, // U+020F
    { 20, 32, 350, 2, 32, 160, 13474 }, // U+0210
    { 16, 26, 238, -1, 26, 104, 13634 }, // U+0211
    { 20, 32, 350, 2, 32, 160, 13738 }, // U+0212
    { 14, 26, 238, 1, 26, 91, 13898 }, // U+0213
    { 21, 33, 403, 2, 32, 174, 13989 }, // U+0214
    { 18, 27, 347, 2, 26, 122, 14163 }, // U+0215
    { 21, 33, 403, 2, 32, 174, 14285 }, // U+0216
    { 18, 27, 347, 2, 26, 122, 14459 }, // U+0217
    { 17, 33, 294, 1, 25, 141, 14581 }, // U+0218
    { 15, 27, 268, 1, 19, 102, 14722 }, // U+0219
    { 19, 32, 308, 0, 24, 152, 14824 }, // U+021A
    { 14, 31, 231, 0, 23, 109, 14976 }, // U+021B
    { 19, 31, 335, 1, 25, 148, 15085 }, // U+021C
    { 16, 27, 270, 0, 19, 108, 15233 }, // U+021D
    { 20, 32, 408, 3, 32, 160, 15341 }, // U+021E
    { 22, 33, 347, -2, 33, 182, 15501 }, // U+021F
    { 10, 6, 0, -18, 26, 15, 0 }, // U+0300
    { 11, 6, 0, -13, 26, 17, 15 }, // U+0301
    { 14, 6, 0, -7, 26, 21, 32 }, // U+0302
    { 15, 6, 0, -19, 26, 23, 53 }, // U+0303
    { 12, 4, 0, -6, 24, 12, 76 }, // U+0304
    { 14, 5, 0, -7, 29, 18, 88 }, // U+0305
    { 14, 6, 0, -7, 26, 21, 106 }, // U+0306
    { 6, 6, 0, -3, 26, 9, 127 }, // U+0307
    { 12, 6, 0, -6, 26, 18, 136 }, // U+0308
    { 8, 9, 0, -14, 28, 18, 154 }, // U+0309
    { 9, 8, 0, -5, 28, 18, 172 }, // U+030A
    { 16, 6, 0, -6, 26, 24, 190 }, // U+030B
    { 15, 6, 0, -7, 26, 23, 214 }, // U+030C
    { 4, 7, 0, -2, 26, 7, 237 }, // U+030D
    { 10, 7, 0, -5, 26, 18, 244 }, // U+030E
    { 14, 6, 0, -19, 26, 21, 262 }, // U+030F
    { 12, 9, 0, -6, 29, 27, 283 }, // U+0310
    { 14, 6, 0, -7, 26, 21, 310 }, // U+0311
    { 8, 9, 0, -4, 24, 18, 331 }, // U+0312
    { 8, 9, 0, -4, 24, 18, 349 }, // U+0313
    { 8, 9, 0, -4, 24, 18, 367 }, // U+0314
    { 8, 9, 0, -4, 24, 18, 385 }, // U+0315
    { 11, 6, 0, -6, -1, 17, 403 }, // U+0316
    { 10, 6, 0, -5, -1, 15, 420 }, // U+0317
    { 6, 8, 0, -3, 0, 12, 435 }, // U+0318
    { 6, 8, 0, -3, 0, 12, 447 }, // U+0319
    { 9, 9, 160, 0, 26, 21, 459 }, // U+031A
    { 9, 9, 0, -4, 26, 21, 480 }, // U+031B
    { 5, 8, 0, -3, 0, 10, 501 }, // U+031C
    { 8, 6, 0, -4, -1, 12, 511 }, // U+031D
    { 8, 6, 0, -4, -1, 12, 523 }, // U+031E
    { 8, 8, 0, -4, 0, 16, 535 }, // U+031F
    { 8, 3, 0, -4, -3, 6, 551 }, // U+0320
    { 8, 10, 0, -8, 2, 20, 557 }, // U+0321
    { 8, 10, 0, 0, 2, 20, 577 }, // U+0322
    { 7, 6, 0, -15, -2, 11, 597 }, // U+0323
    { 12, 6, 0, -6, -1, 18, 608 }, // U+0324
    { 9, 8, 0, -5, 0, 18, 626 }, // U+0325
    { 6, 6, 0, -3, -2, 9, 644 }, // U+0326
    { 8, 8, 0, -4, 0, 16, 653 }, // U+0327
    { 8, 9, 0, -4, 1, 18, 669 }, // U+0328
    { 4, 7, 0, -2, -1, 7, 687 }, // U+0329
    { 12, 7, 0, -6, -1, 21, 694 }, // U+032A
    { 14, 4, 0, -7, -2, 14, 715 }, // U+032B
    { 15, 6, 0, -7, -1, 23, 729 }, // U+032C
    { 14, 6, 0, -7, -1, 21, 752 }, // U+032D
    { 14, 6, 0, -7, -1, 21, 773 }, // U+032E
    { 14, 6, 0, -7, -1, 21, 794 }, // U+032F
    { 14, 6, 0, -7, -1, 21, 815 }, // U+0330
    { 12, 4, 0, -6, -2, 12, 836 }, // U+0331
    { 16, 3, 0, -8, -3, 12, 848 }, // U+0332
    { 15, 8, 0, -8, 0, 30, 860 }, // U+0333
    { 15, 6, 0, -7, 13, 23, 890 }, // U+0334
    { 14, 5, 0, -7, 12, 18, 913 }, // U+0335
    { 26, 4, 0, -13, 11, 26, 931 }, // U+0336
    { 12, 10, 0, -6, 14, 30, 957 }, // U+0337
    { 14, 28, 0, -7, 26, 98, 987 }, // U+0338
    { 5, 8, 0, -2, 0, 10, 1085 }, // U+0339
    { 12, 7, 0, -6, -1, 21, 1095 }, // U+033A
    { 14, 8, 0, -7, 0, 28, 1116 }, // U+033B
    { 14, 4, 0, -7, -2, 14, 1144 }, // U+033C
    { 8, 7, 0, -4, 26, 14, 1158 }, // U+033D
    { 6, 10, 0, -3, 29, 15, 1172 }, // U+033E
    { 14, 8, 0, -8, 33, 28, 1187 }, // U+033F
    { 11, 6, 0, -8, 26, 17, 1215 }, // U+0340
    { 10, 6, 0, -2, 26, 15, 1232 }, // U+0341
    { 14, 6, 0, -7, 26, 21, 1247 }, // U+0342
    { 7, 7, 0, -4, 26, 13, 1268 }, // U+0343
    { 18, 6, 0, -7, 26, 27, 1281 }, // U+0344
    { 7, 7, 0, -2, -1, 13, 1308 }, // U+0345
    { 16, 7, 0, -8, 26, 28, 1321 }, // U+0346
    { 14, 8, 0, -8, 0, 28, 1349 }, // U+0347
    { 10, 7, 0, -5, -1, 18, 1377 }, // U+0348
    { 8, 6, 0, -4, -2, 12, 1395 }, // U+0349
    { 14, 8, 0, -7, 26, 28, 1407 }, // U+034A
    { 14, 14, 0, -7, 32, 49, 1435 }, // U+034B
    { 12, 9, 0, -6, 29, 27, 1484 }, // U+034C
    { 12, 7, 0, -6, -1, 21, 1511 }, // U+034D
    { 8, 8, 0, -4, 0, 16, 1532 }, // U+034E
    { 24, 24, 0, -12, 24, 144, 1548 }, // U+034F
    { 6, 8, 0, -3, 27, 12, 1692 }, // U+0350
    { 5, 8, 0, -2, 27, 10, 1704 }, // U+0351
    { 12, 9, 0, -6, 29, 27, 1714 }, // U+0352
    { 8, 7, 0, -4, -1, 14, 1741 }, // U+0353
    { 6, 7, 0, -3, -1, 11, 1755 }, // U+0354
    { 6, 7, 0, -3, -1, 11, 1766 }, // U+0355
    { 14, 7, 0, -7, -1, 25, 1777 }, // U+0356
    { 5, 8, 0, -2, 27, 10, 1802 }, // U+0357
    { 6, 6, 0, 3, 26, 9, 1812 }, // U+0358
    { 8, 7, 0, -4, -1, 14, 1821 }, // U+0359
    { 14, 8, 0, -7, 0, 28, 1835 }, // U+035A
    { 8, 8, 0, -4, 27, 16, 1863 }, // U+035B
    { 28, 7, 0, -14, -1, 49, 1879 }, // U+035C
    { 28, 7, 0, -14, 26, 49, 1928 }, // U+035D
    { 20, 3, 0, -10, 23, 15, 1977 }, // U+035E
    { 20, 3, 0, -10, -2, 15, 1992 }, // U+035F
    { 28, 6, 0, -14, 26, 42, 2007 }, // U+0360
    { 28, 8, 0, -14, 30, 56, 2049 }, // U+0361
    { 27, 8, 0, -13, 0, 54, 2105 }, // U+0362
    { 8, 9, 0, -4, 29, 18, 2159 }, // U+0363
    { 9, 9, 0, -4, 29, 21, 2177 }, // U+0364
    { 3, 11, 0, -1, 31, 9, 2198 }, // U+0365
    { 9, 9, 0, -4, 29, 21, 2207 }, // U+0366
    { 9, 8, 0, -4, 28, 18, 2228 }, // U+0367
    { 7, 9, 0, -3, 29, 16, 2246 }, // U+0368
    { 8, 11, 0, -4, 31, 22, 2262 }, // U+0369
    { 9, 11, 0, -4, 31, 25, 2284 }, // U+036A
    { 13, 9, 0, -6, 29, 30, 2309 }, // U+036B
    { 6, 9, 0, -2, 29, 14, 2339 }, // U+036C
    { 7, 10, 0, -3, 30, 18, 2353 }, // U+036D
    { 9, 8, 0, -4, 28, 18, 2371 }, // U+036E
    { 10, 8, 0, -5, 28, 20, 2389 }, // U+036F
    { 15, 32, 299, 2, 32, 120, 0 }, // U+0400
    { 15, 32, 299, 2, 32, 120, 120 }, // U+0401
    { 25, 25, 408, 0, 24, 157, 240 }, // U+0402
    { 15, 32, 300, 3, 32, 120, 397 }, // U+0403
    { 20, 26, 347, 1, 25, 130, 517 }, // U+0404
    { 16, 26, 292, 1, 25, 104, 647 }, // U+0405
    { 6, 24, 172, 2, 24, 36, 751 }, // U+0406
    { 11, 32, 177, 0, 32, 88, 787 }, // U+0407
    { 12, 31, 177, -3, 24, 93, 875 }, // U+0408
    { 33, 25, 551, 0, 24, 207, 968 }, // U+0409
    { 31, 24, 567, 3, 24, 186, 1175 }, // U+040A
    { 24, 24, 415, 0, 24, 144, 1361 }, // U+040B
    { 20, 32, 365, 3, 32, 160, 1505 }, // U+040C
    { 21, 32, 422, 3, 32, 168, 1665 }, // U+040D
    { 22, 33, 344, 0, 32, 182, 1833 }, // U+040E
    { 20, 29, 408, 3, 24, 145, 2015 }, // U+040F
    { 24, 24, 369, 0, 24, 144, 2160 }, // U+0410
    { 18, 24, 346, 3, 24, 108, 2304 }, // U+0411
    { 19, 24, 353, 2, 24, 114, 2412 }, // U+0412
    { 15, 24, 300, 3, 24, 90, 2526 }, // U+0413
    { 26, 29, 414, 0, 24, 189, 2616 }, // U+0414
    { 15, 24, 299, 2, 24, 90, 2805 }, // U+0415
    { 33, 24, 532, 0, 24, 198, 2895 }, // U+0416
    { 17, 26, 316, 1, 25, 111, 3093 }, // U+0417
    { 21, 24, 422, 3, 24, 126, 3204 }, // U+0418
    { 21, 32, 422, 3, 32, 168, 3330 }, // U+0419
    { 20, 24, 370, 3, 24, 120, 3498 }, // U+041A
    { 22, 25, 391, 0, 24, 138, 3618 }, // U+041B
    { 26, 24, 503, 3, 24, 156, 3756 }, // U+041C
    { 20, 24, 411, 3, 24, 120, 3912 }, // U+041D
    { 24, 26, 414, 1, 25, 156, 4032 }, // U+041E
    { 20, 24, 406, 3, 24, 120, 4188 }, // U+041F
    { 18, 24, 332, 2, 24, 108, 4308 }, // U+0420
    { 20, 26, 344, 1, 25, 130, 4416 }, // U+0421
    { 19, 24, 308, 0, 24, 114, 4546 }, // U+0422
    { 22, 25, 344, 0, 24, 138, 4660 }, // U+0423
    { 28, 26, 481, 1, 25, 182, 4798 }, // U+0424
    { 23, 24, 356, 0, 24, 138, 4980 }, // U+0425
    { 23, 29, 414, 3, 24, 167, 5118 }, // U+0426
    { 19, 24, 383, 2, 24, 114, 5285 }, // U+0427
    { 31, 24, 569, 2, 24, 186, 5399 }, // U+0428
    { 34, 30, 573, 2, 24, 255, 5585 }, // U+0429
    { 24, 24, 402, 0, 24, 144, 5840 }, // U+042A
    { 25, 24, 491, 3, 24, 150, 5984 }, // U+042B
    { 17, 24, 344, 3, 24, 102, 6134 }, // U+042C
    { 19, 26, 350, 1, 25, 124, 6236 }, // U+042D
    { 30, 26, 542, 3, 25, 195, 6360 }, // U+042E
    { 20, 24, 363, 0, 24, 120, 6555 }, // U+042F
    { 17, 20, 318, 1, 19, 85, 6675 }, // U+0430
    { 19, 27, 333, 1, 26, 129, 6760 }, // U+0431
    { 17, 19, 318, 2, 19, 81, 6889 }, // U+0432
    { 14, 19, 253, 2, 19, 67, 6970 }, // U+0433
    { 21, 24, 340, 0, 19, 126, 7037 }, // U+0434
    { 18, 20, 311, 1, 19, 90, 7163 }, // U+0435
    { 29, 19, 462, 0, 19, 138, 7253 }, // U+0436
    { 15, 20, 275, 1, 19, 75, 7391 }, // U+0437
    { 18, 19, 359, 2, 19, 86, 7466 }, // U+0438
    { 18, 26, 359, 2, 26, 117, 7552 }, // U+0439
    { 19, 19, 328, 2, 19, 91, 7669 }, // U+043A
    { 19, 20, 332, 0, 19, 95, 7760 }, // U+043B
    { 24, 19, 446, 2, 19, 114, 7855 }, // U+043C
    { 18, 19, 350, 2, 19, 86, 7969 }, // U+043D
    { 19, 20, 331, 1, 19, 95, 8055 }, // U+043E
    { 17, 19, 347, 2, 19, 81, 8150 }, // U+043F
    { 18, 27, 339, 2, 19, 122, 8231 }, // U+0440
    { 16, 20, 279, 1, 19, 80, 8353 }, // U+0441
    { 17, 19, 269, 0, 19, 81, 8433 }, // U+0442
    { 21, 27, 304, -1, 19, 142, 8514 }, // U+0443
    { 25, 34, 432, 1, 26, 213, 8656 }, // U+0444
    { 20, 19, 308, 0, 19, 95, 8869 }, // U+0445
    { 20, 24, 347, 2, 19, 120, 8964 }, // U+0446
    { 17, 19, 340, 2, 19, 81, 9084 }, // U+0447
    { 28, 19, 508, 2, 19, 133, 9165 }, // U+0448
    { 30, 24, 509, 2, 19, 180, 9298 }, // U+0449
    { 22, 19, 358, 0, 19, 105, 9478 }, // U+044A
    { 24, 19, 455, 2, 19, 114, 9583 }, // U+044B
    { 17, 19, 315, 2, 19, 81, 9697 }, // U+044C
    { 16, 20, 279, 1, 19, 80, 9778 }, // U+044D
    { 25, 20, 454, 2, 19, 125, 9858 }, // U+044E
    { 18, 19, 323, 0, 19, 86, 9983 }, // U+044F
    { 18, 27, 311, 1, 26, 122, 10069 }, // U+0450
    { 18, 26, 311, 1, 25, 117, 10191 }, // U+0451
    { 20, 34, 348, 0, 26, 170, 10308 }, // U+0452
    { 14, 26, 256, 2, 26, 91, 10478 }, // U+0453
    { 16, 20, 279, 1, 19, 80, 10569 }, // U+0454
    { 15, 20, 266, 1, 19, 75, 10649 }, // U+0455
    { 6, 26, 164, 2, 26, 39, 10724 }, // U+0456
    { 10, 26, 159, 0, 26, 65, 10763 }, // U+0457
    { 10, 34, 159, -2, 26, 85, 10828 }, // U+0458
    { 29, 20, 478, 0, 19, 145, 10913 }, // U+0459
    { 28, 19, 494, 2, 19, 133, 11058 }, // U+045A
    { 20, 26, 348, 0, 26, 130, 11191 }, // U+045B
    { 19, 26, 328, 2, 26, 124, 11321 }, // U+045C
    { 18, 26, 359, 2, 26, 117, 11445 }, // U+045D
    { 21, 34, 304, -1, 26, 179, 11562 }, // U+045E
    { 17, 24, 347, 2, 19, 102, 11741 }, // U+045F
    { 32, 24, 508, 0, 24, 192, 11843 }, // U+0460
    { 29, 19, 472, 0, 19, 138, 12035 }, // U+0461
    { 21, 24, 359, 0, 24, 126, 12173 }, // U+0462
    { 21, 22, 355, 0, 22, 116, 12299 }, // U+0463
    { 28, 26, 507, 3, 25, 182, 12415 }, // U+0464
    { 24, 20, 428, 2, 19, 120, 12597 }, // U+0465
    { 25, 24, 389, 0, 24, 150, 12717 }, // U+0466
    { 22, 19, 341, 0, 19, 105, 12867 }, // U+0467
    { 31, 24, 536, 3, 24, 186, 12972 }, // U+0468
    { 29, 19, 481, 2, 19, 138, 13158 }, // U+0469
    { 27, 24, 429, 0, 24, 162, 13296 }, // U+046A
    { 21, 19, 332, 0, 19, 100, 13458 }, // U+046B
    { 33, 24, 572, 3, 24, 198, 13558 }, // U+046C
    { 27, 19, 469, 2, 19, 129, 13756 }, // U+046D
    { 20, 37, 337, 0, 29, 185, 13885 }, // U+046E
    { 18, 31, 296, 0, 23, 140, 14070 }, // U+046F
    { 25, 24, 470, 2, 24, 150, 14210 }, // U+0470
    { 24, 34, 449, 2, 26, 204, 14360 }, // U+0471
    { 24, 26, 422, 1, 25, 156, 14564 }, // U+0472
    { 19, 20, 330, 1, 19, 95, 14720 }, // U+0473
    { 24, 24, 382, 0, 24, 144, 14815 }, // U+0474
    { 21, 19, 323, 0, 19, 100, 14959 }, // U+0475
    { 24, 32, 382, 0, 32, 192, 15059 }, // U+0476
    { 21, 26, 323, 0, 26, 137, 15251 }, // U+0477
    { 43, 33, 703, 1, 25, 355, 15388 }, // U+0478
    { 39, 27, 627, 1, 19, 264, 15743 }, // U+0479
    { 25, 29, 443, 1, 26, 182, 16007 }, // U+047A
    { 21, 23, 365, 1, 21, 121, 16189 }, // U+047B
    { 34, 37, 580, 1, 36, 315, 16310 }, // U+047C
    { 29, 32, 511, 1, 31, 232, 16625 }, // U+047D
    { 32, 31, 510, 0, 31, 248, 16857 }, // U+047E
    { 29, 25, 472, 0, 25, 182, 17105 }, // U+047F
    { 21, 33, 361, 1, 25, 174, 17287 }, // U+0480
    { 16, 27, 279, 1, 19, 108, 17461 }, // U+0481
    { 18, 22, 325, 1, 21, 99, 17569 }, // U+0482
    { 14, 7, 0, -16, 25, 25, 17668 }, // U+0483
    { 14, 6, 0, -16, 26, 21, 17693 }, // U+0484
    { 6, 8, 0, -12, 27, 12, 17714 }, // U+0485
    { 6, 8, 0, -12, 27, 12, 17726 }, // U+0486
    { 14, 6, 0, -7, 31, 21, 17738 }, // U+0487
    { 38, 36, 0, -19, 27, 342, 17759 }, // U+0488
    { 38, 38, 0, -19, 28, 361, 18101 }, // U+0489
    { 27, 39, 488, 3, 32, 264, 18462 }, // U+048A
    { 25, 34, 428, 2, 27, 213, 18726 }, // U+048B
    { 20, 24, 340, 0, 24, 120, 18939 }, // U+048C
    { 20, 26, 327, 0, 26, 130, 19059 }, // U+048D
    { 17, 24, 335, 3, 24, 102, 19189 }, // U+048E
    { 18, 27, 338, 2, 19, 122, 19291 }, // U+048F
    { 17, 29, 308, 2, 29, 124, 19413 }, // U+0490
    { 14, 24, 273, 2, 24, 84, 19537 }, // U+0491
    { 18, 24, 298, 0, 24, 108, 19621 }, // U+0492
    { 16, 19, 262, 0, 19, 76, 19729 }, // U+0493
    { 20, 33, 391, 3, 24, 165, 19805 }, // U+0494
    { 17, 28, 321, 2, 19, 119, 19970 }, // U+0495
    { 34, 31, 549, 0, 24, 264, 20089 }, // U+0496
    { 32, 26, 499, -1, 19, 208, 20353 }, // U+0497
    { 17, 33, 316, 1, 25, 141, 20561 }, // U+0498
    { 15, 27, 275, 1, 19, 102, 20702 }, // U+0499
    { 22, 31, 403, 3, 24, 171, 20804 }, // U+049A
    { 20, 26, 351, 2, 19, 130, 20975 }, // U+049B
    { 21, 24, 357, 2, 24, 126, 21105 }, // U+049C
    { 19, 19, 330, 2, 19, 91, 21231 }, // U+049D
    { 22, 24, 370, 1, 24, 132, 21322 }, // U+049E
    { 21, 26, 334, 0, 26, 137, 21454 }, // U+049F
    { 25, 24, 391, 0, 24, 150, 21591 }, // U+04A0
    { 24, 19, 371, 0, 19, 114, 21741 }, // U+04A1
    { 25, 31, 448, 3, 24, 194, 21855 }, // U+04A2
    { 22, 26, 396, 2, 19, 143, 22049 }, // U+04A3
    { 25, 24, 445, 3, 24, 150, 22192 }, // U+04A4
    { 24, 19, 404, 2, 19, 114, 22342 }, // U+04A5
    { 33, 33, 600, 3, 24, 273, 22456 }, // U+04A6
    { 27, 28, 474, 2, 19, 189, 22729 }, // U+04A7
    { 24, 27, 414, 1, 25, 162, 22918 }, // U+04A8
    { 20, 21, 350, 1, 19, 105, 23080 }, // U+04A9
    { 20, 33, 342, 1, 25, 165, 23185 }, // U+04AA
    { 16, 27, 275, 1, 19, 108, 23350 }, // U+04AB
    { 19, 31, 309, 0, 24, 148, 23458 }, // U+04AC
    { 18, 26, 293, 0, 19, 117, 23606 }, // U+04AD
    { 21, 24, 334, 0, 24, 126, 23723 }, // U+04AE
    { 20, 27, 306, 0, 19, 135, 23849 }, // U+04AF
    { 21, 24, 334, 0, 24, 126, 23984 }, // U+04B0
    { 20, 27, 306, 0, 19, 135, 24110 }, // U+04B1
    { 25, 31, 396, 0, 24, 194, 24245 }, // U+04B2
    { 21, 26, 338, 0, 19, 137, 24439 }, // U+04B3
    { 31, 31, 496, 0, 24, 241, 24576 }, // U+04B4
    { 26, 26, 422, 0, 19, 169, 24817 }, // U+04B5
    { 26, 31, 429, 1, 24, 202, 24986 }, // U+04B6
    { 22, 26, 387, 2, 19, 143, 25188 }, // U+04B7
    { 20, 24, 392, 2, 24, 120, 25331 }, // U+04B8
    { 19, 19, 351, 1, 19, 91, 25451 }, // U+04B9
    { 21, 24, 392, 2, 24, 126, 25542 }, // U+04BA
    { 18, 26, 347, 2, 26, 117, 25668 }, // U+04BB
    { 29, 26, 506, 0, 25, 189, 25785 }, // U+04BC
    { 24, 20, 378, -1, 19, 120, 25974 }, // U+04BD
    { 29, 32, 506, 0, 25, 232, 26094 }, // U+04BE
    { 24, 26, 378, -1, 19, 156, 26326 }, // U+04BF
    { 11, 24, 207, 1, 24, 66, 26482 }, // U+04C0
    { 33, 32, 533, 0, 32, 264, 26548 }, // U+04C1
    { 29, 26, 462, 0, 26, 189, 26812 }, // U+04C2
    { 21, 33, 405, 3, 24, 174, 27001 }, // U+04C3
    { 19, 28, 348, 2, 19, 133, 27175 }, // U+04C4
    { 28, 31, 447, 0, 24, 217, 27308 }, // U+04C5
    { 24, 26, 388, 0, 19, 156, 27525 }, // U+04C6
    { 20, 33, 408, 3, 24, 165, 27681 }, // U+04C7
    { 18, 28, 353, 2, 19, 126, 27846 }, // U+04C8
    { 25, 31, 458, 3, 24, 194, 27972 }, // U+04C9
    { 23, 26, 397, 2, 19, 150, 28166 }, // U+04CA
    { 20, 31, 392, 2, 24, 155, 28316 }, // U+04CB
    { 18, 26, 350, 2, 19, 117, 28471 }, // U+04CC
    { 31, 31, 552, 3, 24, 241, 28588 }, // U+04CD
    { 29, 26, 494, 2, 19, 189, 28829 }, // U+04CE
    { 11, 24, 207, 1, 24, 66, 29018 }, // U+04CF
    { 24, 32, 369, 0, 32, 192, 29084 }, // U+04D0
    { 17, 27, 319, 1, 26, 115, 29276 }, // U+04D1
    { 24, 32, 369, 0, 32, 192, 29391 }, // U+04D2
    { 17, 27, 319, 1, 26, 115, 29583 }, // U+04D3
    { 30, 24, 508, 0, 24, 180, 29698 }, // U+04D4
    { 29, 20, 489, 1, 19, 145, 29878 }, // U+04D5
    { 14, 32, 299, 3, 32, 112, 30023 }, // U+04D6
    { 18, 27, 318, 1, 26, 122, 30135 }, // U+04D7
    { 24, 26, 436, 2, 25, 156, 30257 }, // U+04D8
    { 18, 20, 318, 1, 19, 90, 30413 }, // U+04D9
    { 24, 33, 436, 2, 32, 198, 30503 }, // U+04DA
    { 18, 27, 318, 1, 26, 122, 30701 }, // U+04DB
    { 33, 32, 533, 0, 32, 264, 30823 }, // U+04DC
    { 29, 26, 462, 0, 26, 189, 31087 }, // U+04DD
    { 17, 33, 316, 1, 32, 141, 31276 }, // U+04DE
    { 15, 27, 275, 1, 26, 102, 31417 }, // U+04DF
    { 19, 25, 315, 0, 24, 119, 31519 }, // U+04E0
    { 19, 27, 310, 0, 19, 129, 31638 }, // U+04E1
    { 21, 30, 422, 3, 30, 158, 31767 }, // U+04E2
    { 18, 24, 359, 2, 24, 108, 31925 }, // U+04E3
    { 21, 32, 422, 3, 32, 168, 32033 }, // U+04E4
    { 18, 26, 359, 2, 26, 117, 32201 }, // U+04E5
    { 24, 33, 422, 1, 32, 198, 32318 }, // U+04E6
    { 19, 27, 333, 1, 26, 129, 32516 }, // U+04E7
    { 24, 26, 422, 1, 25, 156, 32645 }, // U+04E8
    { 19, 20, 333, 1, 19, 95, 32801 }, // U+04E9
    { 24, 33, 422, 1, 32, 198, 32896 }, // U+04EA
    { 19, 27, 333, 1, 26, 129, 33094 }, // U+04EB
    { 19, 33, 348, 1, 32, 157, 33223 }, // U+04EC
    { 16, 27, 279, 1, 26, 108, 33380 }, // U+04ED
    { 22, 31, 344, 0, 30, 171, 33488 }, // U+04EE
    { 21, 32, 304, -1, 24, 168, 33659 }, // U+04EF
    { 22, 33, 344, 0, 32, 182, 33827 }, // U+04F0
    { 21, 34, 304, -1, 26, 179, 34009 }, // U+04F1
    { 22, 33, 344, 0, 32, 182, 34188 }, // U+04F2
    { 20, 34, 304, 0, 26, 170, 34370 }, // U+04F3
    { 19, 32, 384, 2, 32, 152, 34540 }, // U+04F4
    { 17, 26, 340, 2, 26, 111, 34692 }, // U+04F5
    { 16, 31, 299, 3, 24, 124, 34803 }, // U+04F6
    { 14, 26, 255, 2, 19, 91, 34927 }, // U+04F7
    { 25, 32, 491, 3, 32, 200, 35018 }, // U+04F8
    { 24, 26, 455, 2, 26, 156, 35218 }, // U+04F9
    { 18, 33, 298, 0, 24, 149, 35374 }, // U+04FA
    { 16, 27, 262, 0, 19, 108, 35523 }, // U+04FB
    { 24, 33, 389, 0, 24, 198, 35631 }, // U+04FC
    { 21, 27, 344, 0, 19, 142, 35829 }, // U+04FD
    { 23, 24, 357, 0, 24, 138, 35971 }, // U+04FE
    { 20, 19, 308, 0, 19, 95, 36109 }, // U+04FF
    { 24, 32, 369, 0, 24, 192, 0 }, // U+1EA0
    { 17, 27, 319, 1, 19, 115, 192 }, // U+1EA1
    { 24, 34, 369, 0, 34, 204, 307 }, // U+1EA2
    { 17, 29, 319, 1, 28, 124, 511 }, // U+1EA3
    { 24, 33, 369, 0, 33, 198, 635 }, // U+1EA4
    { 20, 29, 319, 1, 28, 145, 833 }, // U+1EA5
    { 24, 33, 369, 0, 33, 198, 978 }, // U+1EA6
    { 19, 29, 319, -1, 28, 138, 1176 }, // U+1EA7
    { 24, 35, 369, 0, 35, 210, 1314 }, // U+1EA8
    { 19, 31, 319, 1, 30, 148, 1524 }, // U+1EA9
    { 24, 36, 369, 0, 36, 216, 1672 }, // U+1EAA
    { 17, 31, 319, 1, 30, 132, 1888 }, // U+1EAB
    { 24, 40, 369, 0, 32, 240, 2020 }, // U+1EAC
    { 17, 34, 319, 1, 26, 145, 2260 }, // U+1EAD
    { 24, 34, 369, 0, 34, 204, 2405 }, // U+1EAE
    { 17, 30, 319, 1, 29, 128, 2609 }, // U+1EAF
    { 24, 34, 369, 0, 34, 204, 2737 }, // U+1EB0
    { 17, 30, 319, 1, 29, 128, 2941 }, // U+1EB1
    { 24, 35, 369, 0, 35, 210, 3069 }, // U+1EB2
    { 17, 31, 319, 1, 30, 132, 3279 }, // U+1EB3
    { 24, 36, 369, 0, 36, 216, 3411 }, // U+1EB4
    { 17, 31, 319, 1, 30, 132, 3627 }, // U+1EB5
    { 24, 40, 369, 0, 32, 240, 3759 }, // U+1EB6
    { 17, 34, 319, 1, 26, 145, 3999 }, // U+1EB7
    { 14, 32, 299, 3, 24, 112, 4144 }, // U+1EB8
    { 18, 27, 318, 1, 19, 122, 4256 }, // U+1EB9
    { 14, 34, 299, 3, 34, 119, 4378 }, // U+1EBA
    { 18, 29, 318, 1, 28, 131, 4497 }, // U+1EBB
    { 14, 32, 299, 3, 32, 112, 4628 }, // U+1EBC
    { 18, 27, 318, 1, 26, 122, 4740 }, // U+1EBD
    { 18, 33, 299, 2, 33, 149, 4862 }, // U+1EBE
    { 21, 29, 318, 1, 28, 153, 5011 }, // U+1EBF
    { 20, 33, 299, -3, 33, 165, 5164 }, // U+1EC0
    { 20, 29, 318, -1, 28, 145, 5329 }, // U+1EC1
    { 17, 35, 299, 2, 35, 149, 5474 }, // U+1EC2
    { 19, 31, 318, 1, 30, 148, 5623 }, // U+1EC3
    { 14, 36, 299, 3, 36, 126, 5771 }, // U+1EC4
    { 18, 31, 318, 1, 30, 140, 5897 }, // U+1EC5
    { 14, 40, 299, 3, 32, 140, 6037 }, // U+1EC6
    { 18, 34, 318, 1, 26, 153, 6177 }, // U+1EC7
    { 11, 34, 207, 1, 34, 94, 6330 }, // U+1EC8
    { 9, 28, 159, 1, 28, 63, 6424 }, // U+1EC9
    { 11, 32, 207, 1, 24, 88, 6487 }, // U+1ECA
    { 6, 34, 159, 2, 26, 51, 6575 }, // U+1ECB
    { 24, 33, 422, 1, 25, 198, 6626 }, // U+1ECC
    { 19, 27, 333, 1, 19, 129, 6824 }, // U+1ECD
    { 24, 35, 422, 1, 34, 210, 6953 }, // U+1ECE
    { 19, 29, 333, 1, 28, 138, 7163 }, // U+1ECF
    { 24, 34, 422, 1, 33, 204, 7301 }, // U+1ED0
    { 21, 29, 333, 1, 28, 153, 7505 }, // U+1ED1
    { 24, 34, 422, 1, 33, 204, 7658 }, // U+1ED2
    { 21, 29, 333, -1, 28, 153, 7862 }, // U+1ED3
    { 24, 36, 422, 1, 35, 216, 8015 }, // U+1ED4
    { 19, 31, 333, 1, 30, 148, 8231 }, // U+1ED5
    { 24, 37, 422, 1, 36, 222, 8379 }, // U+1ED6
    { 19, 31, 333, 1, 30, 148, 8601 }, // U+1ED7
    { 24, 40, 422, 1, 32, 240, 8749 }, // U+1ED8
    { 19, 34, 333, 1, 26, 162, 8989 }, // U+1ED9
    { 28, 33, 438, 1, 32, 231, 9151 }, // U+1EDA
    { 23, 27, 363, 1, 26, 156, 9382 }, // U+1EDB
    { 28, 33, 438, 1, 32, 231, 9538 }, // U+1EDC
    { 23, 27, 363, 1, 26, 156, 9769 }, // U+1EDD
    { 28, 35, 438, 1, 34, 245, 9925 }, // U+1EDE
    { 23, 29, 363, 1, 28, 167, 10170 }, // U+1EDF
    { 28, 33, 438, 1, 32, 231, 10337 }, // U+1EE0
    { 23, 27, 363, 1, 26, 156, 10568 }, // U+1EE1
    { 28, 34, 438, 1, 26, 238, 10724 }, // U+1EE2
    { 23, 29, 363, 1, 21, 167, 10962 }, // U+1EE3
    { 21, 32, 403, 2, 24, 168, 11129 }, // U+1EE4
    { 18, 27, 347, 2, 19, 122, 11297 }, // U+1EE5
    { 21, 35, 403, 2, 34, 184, 11419 }, // U+1EE6
    { 18, 29, 347, 2, 28, 131, 11603 }, // U+1EE7
    { 28, 33, 472, 2, 32, 231, 11734 }, // U+1EE8
    { 25, 27, 404, 2, 26, 169, 11965 }, // U+1EE9
    { 28, 33, 472, 2, 32, 231, 12134 }, // U+1EEA
    { 25, 27, 404, 2, 26, 169, 12365 }, // U+1EEB
    { 28, 35, 472, 2, 34, 245, 12534 }, // U+1EEC
    { 25, 29, 404, 2, 28, 182, 12779 }, // U+1EED
    { 28, 33, 472, 2, 32, 231, 12961 }, // U+1EEE
    { 25, 27, 404, 2, 26, 169, 13192 }, // U+1EEF
    { 28, 34, 472, 2, 26, 238, 13361 }, // U+1EF0
    { 25, 29, 404, 2, 21, 182, 13599 }, // U+1EF1
    { 21, 32, 334, 0, 32, 168, 13781 }, // U+1EF2
    { 20, 34, 304, 0, 26, 170, 13949 }, // U+1EF3
    { 21, 32, 334, 0, 24, 168, 14119 }, // U+1EF4
    { 20, 27, 304, 0, 19, 135, 14287 }, // U+1EF5
    { 21, 34, 334, 0, 34, 179, 14422 }, // U+1EF6
    { 20, 36, 304, 0, 28, 180, 14601 }, // U+1EF7
    { 21, 32, 334, 0, 32, 168, 14781 }, // U+1EF8
    { 20, 34, 304, 0, 26, 170, 14949 }, // U+1EF9
    { 0, 0, 267, 0, 0, 0, 0 }, // U+2000
    { 0, 0, 533, 0, 0, 0, 0 }, // U+2001
    { 0, 0, 267, 0, 0, 0, 0 }, // U+2002
    { 0, 0, 533, 0, 0, 0, 0 }, // U+2003
    { 0, 0, 178, 0, 0, 0, 0 }, // U+2004
    { 0, 0, 133, 0, 0, 0, 0 }, // U+2005
    { 0, 0, 89, 0, 0, 0, 0 }, // U+2006
    { 0, 0, 305, 0, 0, 0, 0 }, // U+2007
    { 0, 0, 150, 0, 0, 0, 0 }, // U+2008
    { 0, 0, 89, 0, 0, 0, 0 }, // U+2009
    { 0, 0, 53, 0, 0, 0, 0 }, // U+200A
    { 0, 0, 0, 0, 0, 0, 0 }, // U+200B
    { 0, 0, 0, 0, 0, 0, 0 }, // U+200C
    { 0, 0, 0, 0, 0, 0, 0 }, // U+200D
    { 9, 28, 0, -1, 23, 63, 0 }, // U+200E
    { 9, 28, 0, -8, 23, 63, 63 }, // U+200F
    { 10, 5, 171, 0, 11, 13, 126 }, // U+2010
    { 10, 5, 171, 0, 11, 13, 139 }, // U+2011
    { 17, 5, 308, 1, 14, 22, 152 }, // U+2012
    { 15, 4, 267, 1, 11, 15, 174 }, // U+2013
    { 32, 4, 533, 1, 11, 32, 189 }, // U+2014
    { 32, 4, 533, 1, 11, 32, 221 }, // U+2015
    { 13, 34, 294, 3, 26, 111, 253 }, // U+2016
    { 15, 8, 219, -1, 0, 30, 364 }, // U+2017
    { 7, 9, 116, 0, 24, 16, 394 }, // U+2018
    { 7, 9, 116, 0, 24, 16, 410 }, // U+2019
    { 8, 9, 153, 0, 5, 18, 426 }, // U+201A
    { 7, 9, 116, 0, 24, 16, 444 }, // U+201B
    { 15, 9, 237, 0, 24, 34, 460 }, // U+201C
    { 15, 9, 237, 0, 24, 34, 494 }, // U+201D
    { 15, 9, 274, 1, 4, 34, 528 }, // U+201E
    { 15, 9, 237, 0, 24, 34, 562 }, // U+201F
    { 15, 26, 274, 1, 26, 98, 596 }, // U+2020
    { 15, 26, 277, 1, 26, 98, 694 }, // U+2021
    { 10, 11, 201, 1, 18, 28, 792 }, // U+2022
    { 12, 13, 201, 1, 19, 39, 820 }, // U+2023
    { 7, 7, 267, 5, 6, 13, 859 }, // U+2024
    { 17, 7, 307, 1, 6, 30, 872 }, // U+2025
    { 26, 7, 456, 1, 6, 46, 902 }, // U+2026
    { 7, 7, 150, 1, 12, 13, 948 }, // U+2027
    { 0, 0, 320, 0, 0, 0, 961 }, // U+2028
    { 0, 0, 320, 0, 0, 0, 961 }, // U+2029
    { 9, 26, 0, -1, 21, 59, 961 }, // U+202A
    { 9, 26, 0, -8, 21, 59, 1020 }, // U+202B
    { 8, 28, 0, -4, 23, 56, 1079 }, // U+202C
    { 8, 28, 0, -4, 23, 56, 1135 }, // U+202D
    { 8, 28, 0, -4, 23, 56, 1191 }, // U+202E
    { 0, 0, 89, 0, 0, 0, 1247 }, // U+202F
    { 41, 26, 683, 1, 25, 267, 1247 }, // U+2030
    { 55, 26, 889, 0, 25, 358, 1514 }, // U+2031
    { 10, 9, 162, 1, 24, 23, 1872 }, // U+2032
    { 17, 9, 279, 1, 24, 39, 1895 }, // U+2033
    { 25, 9, 397, 1, 24, 57, 1934 }, // U+2034
    { 10, 9, 225, 1, 24, 23, 1991 }, // U+2035
    { 17, 9, 343, 1, 24, 39, 2014 }, // U+2036
    { 25, 9, 461, 1, 24, 57, 2053 }, // U+2037
    { 13, 11, 218, 0, 3, 36, 2110 }, // U+2038
    { 10, 16, 195, 1, 17, 40, 2146 }, // U+2039
    { 10, 16, 195, 1, 17, 40, 2186 }, // U+203A
    { 26, 26, 453, 1, 25, 169, 2226 }, // U+203B
    { 17, 25, 304, 1, 24, 107, 2395 }, // U+203C
    { 16, 26, 254, 0, 25, 104, 2502 }, // U+203D
    { 18, 4, 267, -1, 29, 18, 2606 }, // U+203E
    { 20, 8, 325, 0, 0, 40, 2624 }, // U+203F
    { 20, 8, 325, 0, 27, 40, 2664 }, // U+2040
    { 14, 22, 226, 0, 14, 77, 2704 }, // U+2041
    { 37, 31, 597, 0, 26, 287, 2781 }, // U+2042
    { 10, 5, 171, 1, 11, 13, 3068 }, // U+2043
    { 18, 24, 69, -7, 24, 108, 3081 }, // U+2044
    { 9, 30, 177, 2, 24, 68, 3189 }, // U+2045
    { 9, 30, 177, 0, 24, 68, 3257 }, // U+2046
    { 31, 26, 506, 0, 25, 202, 3325 }, // U+2047
    { 24, 26, 407, 0, 25, 156, 3527 }, // U+2048
    { 24, 26, 407, 1, 25, 156, 3683 }, // U+2049
    { 17, 19, 314, 1, 19, 81, 3839 }, // U+204A
    { 18, 31, 346, 2, 26, 140, 3920 }, // U+204B
    { 18, 18, 349, 1, 19, 81, 4060 }, // U+204C
    { 19, 18, 349, 2, 19, 86, 4141 }, // U+204D
    { 18, 17, 289, 0, 9, 77, 4227 }, // U+204E
    { 8, 24, 152, 1, 19, 48, 4304 }, // U+204F
    { 20, 35, 320, 0, 27, 175, 4352 }, // U+2050
    { 18, 34, 289, 0, 26, 153, 4527 }, // U+2051
    { 14, 26, 225, 0, 25, 91, 4680 }, // U+2052
    { 32, 7, 533, 1, 13, 56, 4771 }, // U+2053
    { 20, 8, 320, 0, 0, 40, 4827 }, // U+2054
    { 17, 17, 299, 1, 17, 73, 4867 }, // U+2055
    { 17, 26, 309, 1, 25, 111, 4940 }, // U+2056
    { 31, 9, 499, 1, 24, 70, 5051 }, // U+2057
    { 27, 26, 466, 1, 25, 176, 5121 }, // U+2058
    { 27, 26, 466, 1, 25, 176, 5297 }, // U+2059
    { 7, 26, 152, 1, 25, 46, 5473 }, // U+205A
    { 21, 28, 370, 1, 27, 147, 5519 }, // U+205B
    { 27, 27, 455, 1, 25, 183, 5666 }, // U+205C
    { 7, 27, 150, 1, 26, 48, 5849 }, // U+205D
    { 7, 26, 152, 1, 25, 46, 5897 }, // U+205E
    { 0, 0, 118, 0, 0, 0, 5943 }, // U+205F
    { 0, 0, 320, 0, 0, 0, 5943 }, // U+2060
    { 0, 0, 320, 0, 0, 0, 5943 }, // U+2061
    { 0, 0, 320, 0, 0, 0, 5943 }, // U+2062
    { 0, 0, 320, 0, 0, 0, 5943 }, // U+2063
    { 0, 0, 320, 0, 0, 0, 5943 }, // U+2064
    { 0, 0, 0, 0, 0, 0, 5943 }, // U+2066
    { 0, 0, 0, 0, 0, 0, 5943 }, // U+2067
    { 0, 0, 0, 0, 0, 0, 5943 }, // U+2068
    { 0, 0, 0, 0, 0, 0, 5943 }, // U+2069
    { 8, 28, 0, -4, 23, 56, 5943 }, // U+206A
    { 8, 28, 0, -4, 23, 56, 5999 }, // U+206B
    { 8, 28, 0, -4, 23, 56, 6055 }, // U+206C
    { 8, 29, 0, -4, 24, 58, 6111 }, // U+206D
    { 8, 28, 0, -4, 23, 56, 6169 }, // U+206E
    { 8, 28, 0, -4, 23, 56, 6225 }, // U+206F
    { 12, 16, 202, 0, 29, 48, 0 }, // U+2070
    { 5, 16, 103, 1, 25, 20, 48 }, // U+2071
    { 13, 16, 203, 0, 29, 52, 68 }, // U+2074
    { 11, 16, 203, 1, 29, 44, 120 }, // U+2075
    { 12, 16, 203, 0, 29, 48, 164 }, // U+2076
    { 12, 16, 203, 0, 29, 48, 212 }, // U+2077
    { 12, 16, 203, 0, 29, 48, 260 }, // U+2078
    { 12, 16, 203, 0, 29, 48, 308 }, // U+2079
    { 10, 10, 191, 1, 25, 25, 356 }, // U+207A
    { 10, 4, 191, 1, 22, 10, 381 }, // U+207B
    { 10, 7, 191, 1, 23, 18, 391 }, // U+207C
    { 6, 20, 129, 2, 31, 30, 409 }, // U+207D
    { 6, 20, 129, 0, 31, 30, 439 }, // U+207E
    { 12, 12, 226, 1, 21, 36, 469 }, // U+207F
    { 12, 16, 203, 0, 11, 48, 505 }, // U+2080
    { 9, 16, 203, 1, 11, 36, 553 }, // U+2081
    { 12, 16, 203, 0, 11, 48, 589 }, // U+2082
    { 12, 16, 203, 0, 11, 48, 637 }, // U+2083
    { 13, 16, 203, 0, 11, 52, 685 }, // U+2084
    { 11, 16, 203, 1, 11, 44, 737 }, // U+2085
    { 12, 16, 203, 0, 11, 48, 781 }, // U+2086
    { 12, 16, 203, 0, 11, 48, 829 }, // U+2087
    { 12, 16, 203, 0, 11, 48, 877 }, // U+2088
    { 12, 16, 203, 0, 11, 48, 925 }, // U+2089
    { 10, 10, 191, 1, 8, 25, 973 }, // U+208A
    { 10, 4, 191, 1, 5, 10, 998 }, // U+208B
    { 10, 7, 191, 1, 6, 18, 1008 }, // U+208C
    { 6, 20, 129, 2, 13, 30, 1026 }, // U+208D
    { 6, 20, 129, 0, 13, 30, 1056 }, // U+208E
    { 12, 12, 207, 0, 8, 36, 1086 }, // U+2090
    { 11, 12, 207, 1, 8, 33, 1122 }, // U+2091
    { 12, 12, 216, 1, 8, 36, 1155 }, // U+2092
    { 13, 12, 201, 0, 8, 39, 1191 }, // U+2093
    { 12, 12, 207, 0, 8, 36, 1230 }, // U+2094
    { 12, 16, 226, 1, 12, 48, 1266 }, // U+2095
    { 13, 16, 211, 1, 12, 52, 1314 }, // U+2096
    { 4, 16, 103, 1, 12, 16, 1366 }, // U+2097
    { 19, 12, 338, 1, 8, 57, 1382 }, // U+2098
    { 12, 12, 226, 1, 8, 36, 1439 }, // U+2099
    { 12, 16, 219, 1, 8, 48, 1475 }, // U+209A
    { 10, 12, 174, 0, 8, 30, 1523 }, // U+209B
    { 9, 15, 146, 0, 11, 34, 1553 }, // U+209C
    { 19, 25, 305, 0, 25, 119, 0 }, // U+20A0
    { 19, 28, 325, 1, 26, 133, 119 }, // U+20A1
    { 18, 26, 305, 1, 25, 117, 252 }, // U+20A2
    { 18, 24, 305, 0, 24, 108, 369 }, // U+20A3
    { 18, 25, 305, 1, 25, 113, 477 }, // U+20A4
    { 29, 27, 520, 2, 23, 196, 590 }, // U+20A5
    { 19, 24, 305, 0, 24, 114, 786 }, // U+20A6
    { 27, 25, 475, 2, 24, 169, 900 }, // U+20A7
    { 28, 25, 489, 2, 24, 175, 1069 }, // U+20A8
    { 25, 24, 394, 0, 24, 150, 1244 }, // U+20A9
    { 26, 24, 490, 2, 24, 156, 1394 }, // U+20AA
    { 21, 32, 344, 1, 26, 168, 1550 }, // U+20AB
    { 18, 25, 305, 1, 24, 113, 1718 }, // U+20AC
    { 20, 24, 305, 0, 24, 120, 1831 }, // U+20AD
    { 19, 24, 305, 0, 24, 114, 1951 }, // U+20AE
    { 33, 33, 539, 0, 25, 273, 2065 }, // U+20AF
    { 19, 33, 325, 0, 25, 157, 2338 }, // U+20B0
    { 19, 24, 305, 0, 24, 114, 2495 }, // U+20B1
    { 21, 29, 391, 1, 26, 153, 2609 }, // U+20B2
    { 22, 24, 347, 0, 24, 132, 2762 }, // U+20B3
    { 19, 26, 305, 0, 25, 124, 2894 }, // U+20B4
    { 20, 29, 340, 1, 26, 145, 3018 }, // U+20B5
    { 23, 24, 371, 0, 23, 138, 3163 }, // U+20B6
    { 24, 28, 390, 0, 25, 168, 3301 }, // U+20B7
    { 19, 24, 306, 0, 24, 114, 3469 }, // U+20B8
    { 16, 24, 305, 2, 24, 96, 3583 }, // U+20B9
    { 19, 25, 305, 0, 24, 119, 3679 }, // U+20BA
    { 27, 26, 433, 0, 25, 176, 3798 }, // U+20BB
    { 27, 24, 466, 1, 24, 162, 3974 }, // U+20BC
    { 20, 24, 320, 0, 24, 120, 4136 }, // U+20BD
    { 24, 26, 421, 1, 26, 156, 4256 }, // U+20BE
    { 15, 32, 305, 3, 28, 120, 4412 }, // U+20BF
    { 16, 25, 279, 1, 19, 100, 4532 }, // U+20C0
    { 25, 25, 506, 3, 23, 157, 0 }, // U+2190
    { 25, 25, 506, 4, 23, 157, 157 }, // U+2192
    { 17, 5, 310, 1, 14, 22, 0 }, // U+2212
    { 25, 25, 485, 3, 25, 157, 0 }, // U+25A0
    { 25, 25, 485, 3, 25, 157, 157 }, // U+25A1
    { 33, 33, 563, 1, 29, 273, 314 }, // U+25C6
    { 33, 33, 563, 1, 29, 273, 587 }, // U+25C7
    { 26, 26, 485, 2, 25, 169, 860 }, // U+25CB
    { 26, 26, 485, 2, 25, 169, 1029 }, // U+25CF
    { 30, 29, 555, 2, 28, 218, 1198 }, // U+2605
    { 30, 29, 555, 2, 28, 218, 1416 }, // U+2606
    { 30, 26, 543, 2, 25, 195, 1634 }, // U+2661
    { 30, 26, 543, 2, 25, 195, 1829 }, // U+2665
    { 25, 20, 468, 3, 21, 125, 2024 }, // U+2713
    { 19, 20, 468, 5, 21, 95, 2149 }, // U+2717
    { 28, 26, 412, 0, 26, 182, 0 }, // U+FB00
    { 21, 26, 365, 0, 26, 137, 182 }, // U+FB01
    { 21, 26, 369, 0, 26, 137, 319 }, // U+FB02
    { 34, 26, 571, 0, 26, 221, 456 }, // U+FB03
    { 34, 26, 575, 0, 26, 221, 677 }, // U+FB04
    { 23, 27, 417, 2, 26, 156, 898 }, // U+FB05
    { 29, 27, 496, 1, 26, 196, 1054 }, // U+FB06
    { 31, 32, 533, 1, 26, 248, 0 }, // U+FFFD
};

static const EpdUnicodeInterval notosans_16_boldIntervals[] = {
    { 0x0, 0x0, 0x0 },
    { 0xD, 0xD, 0x1 },
    { 0x20, 0x7E, 0x2 },
    { 0xA0, 0x17F, 0x61 },
    { 0x1A0, 0x1A1, 0x141 },
    { 0x1AF, 0x1B0, 0x143 },
    { 0x1C4, 0x21F, 0x145 },
    { 0x300, 0x36F, 0x1A1 },
    { 0x400, 0x4FF, 0x211 },
    { 0x1EA0, 0x1EF9, 0x311 },
    { 0x2000, 0x2064, 0x36B },
    { 0x2066, 0x2071, 0x3D0 },
    { 0x2074, 0x208E, 0x3DC },
    { 0x2090, 0x209C, 0x3F7 },
    { 0x20A0, 0x20C0, 0x404 },
    { 0x2190, 0x2190, 0x425 },
    { 0x2192, 0x2192, 0x426 },
    { 0x2212, 0x2212, 0x427 },
    { 0x25A0, 0x25A1, 0x428 },
    { 0x25C6, 0x25C7, 0x42A },
    { 0x25CB, 0x25CB, 0x42C },
    { 0x25CF, 0x25CF, 0x42D },
    { 0x2605, 0x2606, 0x42E },
    { 0x2661, 0x2661, 0x430 },
    { 0x2665, 0x2665, 0x431 },
    { 0x2713, 0x2713, 0x432 },
    { 0x2717, 0x2717, 0x433 },
    { 0xFB00, 0xFB06, 0x434 },
    { 0xFFFD, 0xFFFD, 0x43B },
};

static const EpdFontGroup notosans_16_boldGroups[] = {
    { 0, 3620, 9957, 97, 0 },
    { 3620, 3277, 11997, 96, 97 },
    { 6897, 4114, 18572, 128, 193 },
    { 11011, 3986, 16734, 96, 321 },
    { 14997, 1415, 2654, 112, 417 },
    { 16412, 10541, 38711, 256, 529 },
    { 26953, 2765, 16005, 90, 785 },
    { 29718, 2415, 6819, 111, 875 },
    { 32133, 698, 1747, 42, 986 },
    { 32831, 2019, 4901, 33, 1028 },
    { 34850, 124, 350, 2, 1061 },
    { 34974, 17, 25, 1, 1063 },
    { 34991, 674, 2428, 12, 1064 },
    { 35665, 387, 1340, 7, 1076 },
    { 36052, 140, 256, 1, 1083 },
};

static const uint16_t notosans_16_boldKernLeftCodepoints[] = {
    0x0022, 0x0026, 0x0027, 0x0028, 0x002C, 0x002D, 0x002E, 0x003A, 0x0041, 0x0042, 0x0043, 0x0044,
    0x0045, 0x0046, 0x004B, 0x004C, 0x004F, 0x0050, 0x0051, 0x0052, 0x0054, 0x0055, 0x0056, 0x0057,
    0x0058, 0x0059, 0x005A, 0x005B, 0x005F, 0x0061, 0x0062, 0x0063, 0x0065, 0x0066, 0x0068, 0x006D,
    0x006E, 0x006F, 0x0070, 0x0072, 0x0074, 0x0076, 0x0077, 0x0078, 0x0079, 0x007B, 0x00A1, 0x00AB,
    0x00BB, 0x00BF, 0x00C0, 0x00C1, 0x00C2, 0x00C3, 0x00C4, 0x00C5, 0x00C6, 0x00C7, 0x00C8, 0x00C9,
    0x00CA, 0x00CB, 0x00D0, 0x00D2, 0x00D3, 0x00D4, 0x00D5, 0x00D6, 0x00D8, 0x00D9, 0x00DA, 0x00DB,
    0x00DC, 0x00DD, 0x00DE, 0x00E0, 0x00E1, 0x00E2, 0x00E3, 0x00E4, 0x00E5, 0x00E6, 0x00E8, 0x00E9,
    0x00EA, 0x00EB, 0x00EE, 0x00EF, 0x00F0, 0x00F2, 0x00F3, 0x00F4, 0x00F5, 0x00F6, 0x00F8, 0x00FD,
    0x00FE, 0x00FF, 0x0100, 0x0101, 0x0102, 0x0103, 0x0104, 0x0105, 0x0106, 0x0108, 0x010A, 0x010C,
    0x010E, 0x010F, 0x0110, 0x0112, 0x0113, 0x0114, 0x0115, 0x0116, 0x0117, 0x0118, 0x0119, 0x011A,
    0x011B, 0x0125, 0x0129, 0x012B, 0x012E, 0x0136, 0x0138, 0x0139, 0x013B, 0x013D, 0x013E, 0x013F,
    0x0141, 0x0144, 0x0146, 0x0149, 0x014B, 0x014C, 0x014D, 0x014E, 0x014F, 0x0150, 0x0151, 0x0152,
    0x0153, 0x0155, 0x0157, 0x0159, 0x0162, 0x0163, 0x0164, 0x0165, 0x0166, 0x0167, 0x0168, 0x016A,
    0x016C, 0x016E, 0x0170, 0x0172, 0x0174, 0x0175, 0x0176, 0x0177, 0x0178, 0x0179, 0x017B, 0x017D,
    0x01A0, 0x01A1, 0x01AF, 0x01B0, 0x01FA, 0x01FB, 0x01FC, 0x01FD, 0x01FE, 0x020B, 0x021A, 0x021B,
    0x0400, 0x0401, 0x0402, 0x0403, 0x0404, 0x0405, 0x0409, 0x040A, 0x040B, 0x040C, 0x040E, 0x0410,
    0x0411, 0x0412, 0x0413, 0x0414, 0x0415, 0x0416, 0x0417, 0x041A, 0x041E, 0x0420, 0x0421, 0x0422,
    0x0423, 0x0424, 0x0425, 0x0426, 0x0429, 0x042A, 0x042C, 0x042D, 0x042E, 0x0430, 0x0431, 0x0432,
    0x0433, 0x0434, 0x0435, 0x0436, 0x0437, 0x0438, 0x0439, 0x043A, 0x043B, 0x043C, 0x043D, 0x043E,
    0x043F, 0x0440, 0x0441, 0x0442, 0x0443, 0x0444, 0x0445, 0x0446, 0x0447, 0x0448, 0x0449, 0x044A,
    0x044B, 0x044C, 0x044D, 0x044E, 0x044F, 0x0450, 0x0451, 0x0452, 0x0453, 0x0454, 0x0455, 0x0457,
    0x0458, 0x0459, 0x045A, 0x045B, 0x045C, 0x045D, 0x045E, 0x045F, 0x0460, 0x0461, 0x0462, 0x0463,
    0x0464, 0x0465, 0x0466, 0x0467, 0x0468, 0x0469, 0x046E, 0x0471, 0x0472, 0x0473, 0x0474, 0x0475,
    0x0476, 0x0477, 0x0478, 0x0479, 0x047A, 0x047B, 0x047C, 0x047D, 0x047E, 0x047F, 0x0480, 0x048A,
    0x048B, 0x048C, 0x048D, 0x048E, 0x048F, 0x0490, 0x0491, 0x0492, 0x0493, 0x0496, 0x0497, 0x0498,
    0x0499, 0x049A, 0x049B, 0x049C, 0x049D, 0x049E, 0x049F, 0x04A0, 0x04A1, 0x04A2, 0x04A3, 0x04A4,
    0x04A5, 0x04A9, 0x04AA, 0x04AB, 0x04AC, 0x04AD, 0x04AE, 0x04AF, 0x04B0, 0x04B1, 0x04B2, 0x04B3,
    0x04B4, 0x04B5, 0x04B6, 0x04B7, 0x04BC, 0x04BD, 0x04BE, 0x04BF, 0x04C1, 0x04C2, 0x04C5, 0x04C6,
    0x04C9, 0x04CA, 0x04CD, 0x04CE, 0x04D0, 0x04D1, 0x04D2, 0x04D3, 0x04D4, 0x04D5, 0x04D6, 0x04D7,
    0x04D8, 0x04D9, 0x04DA, 0x04DB, 0x04DC, 0x04DD, 0x04DE, 0x04DF, 0x04E3, 0x04E5, 0x04E6, 0x04E7,
    0x04E8, 0x04E9, 0x04EA, 0x04EB, 0x04EC, 0x04ED, 0x04EE, 0x04EF, 0x04F0, 0x04F1, 0x04F2, 0x04F3,
    0x04F5, 0x04F6, 0x04F7, 0x04F9, 0x04FA, 0x04FB, 0x04FC, 0x04FD, 0x04FE, 0x04FF, 0x1EA0, 0x1EA1,
    0x1EA2, 0x1EA3, 0x1EA4, 0x1EA5, 0x1EA6, 0x1EA7, 0x1EA8, 0x1EA9, 0x1EAA, 0x1EAB, 0x1EAC, 0x1EAD,
    0x1EAE, 0x1EAF, 0x1EB0, 0x1EB1, 0x1EB2, 0x1EB3, 0x1EB4, 0x1EB5, 0x1EB6, 0x1EB7, 0x1EB8, 0x1EB9,
    0x1EBA, 0x1EBB, 0x1EBC, 0x1EBD, 0x1EBE, 0x1EBF, 0x1EC0, 0x1EC1, 0x1EC2, 0x1EC3, 0x1EC4, 0x1EC5,
    0x1EC6, 0x1EC7, 0x1ECC, 0x1ECD, 0x1ECE, 0x1ECF, 0x1ED0, 0x1ED1, 0x1ED2, 0x1ED3, 0x1ED4, 0x1ED5,
    0x1ED6, 0x1ED7, 0x1ED8, 0x1ED9, 0x1EDA, 0x1EDB, 0x1EDC, 0x1EDD, 0x1EDE, 0x1EDF, 0x1EE0, 0x1EE1,
    0x1EE2, 0x1EE3, 0x1EE4, 0x1EE6, 0x1EE8, 0x1EE9, 0x1EEA, 0x1EEB, 0x1EEC, 0x1EED, 0x1EEE, 0x1EEF,
    0x1EF0, 0x1EF1, 0x1EF2, 0x1EF3, 0x1EF4, 0x1EF5, 0x1EF6, 0x1EF7, 0x1EF8, 0x1EF9, 0x2013, 0x2014,
    0x2015, 0x2018, 0x2019, 0x201A, 0x201C, 0x201D, 0x201E, 0x2039, 0x203A, 0xFB00,
};

static const uint8_t notosans_16_boldKernLeftClassIds[] = {
      1,   2,   1,   3,   4,   5,   4,   6,   7,   8,   9,  10,  11,  12,   9,  13,
     10,  14,  10,  15,  16,  17,  18,  18,   9,  19,  20,   3,  21,  22,  23,  24,
     23,  25,  22,  22,  22,  23,  23,  26,  24,  27,  27,  28,  27,   3,  29,  30,
     31,  32,   7,   7,   7,   7,   7,   7,  11,   9,  11,  11,  11,  11,  10,  10,
     10,  10,  10,  10,  10,  17,  17,  17,  17,  19,  14,  22,  22,  22,  22,  22,
     22,  23,  23,  23,  23,  23,  33,  33,  23,  23,  23,  23,  23,  23,  23,  27,
     23,  27,   7,  22,   7,  22,  34,  22,   9,   9,   9,   9,  10,  35,  10,  11,
     23,  11,  23,  11,  23,  11,  23,  11,  23,  22,  36,  33,  37,   9,  28,  13,
     13,  13,  35,  13,  13,  22,  22,  22,  22,  10,  23,  10,  23,  10,  23,  11,
     23,  26,  26,  26,  16,  24,  16,  38,  16,  24,  17,  17,  17,  17,  17,  17,
     18,  27,  19,  27,  19,  20,  20,  20,  39,  40,  41,  42,   7,  22,  11,  23,
     10,  33,  16,  24,  43,  43,  44,  45,  46,  47,  48,  48,  44,  49,  50,  51,
     52,  53,  45,  54,  43,  49,  53,  49,  55,  56,  46,  45,  50,  57,  49,  54,
     54,  48,  48,  55,  55,  58,  59,  60,  61,  62,  63,  64,  60,  65,  65,  64,
     65,  65,  65,  63,  65,  63,  66,  61,  67,  63,  64,  62,  65,  65,  62,  68,
     65,  68,  63,  63,  65,  63,  63,  69,  70,  66,  71,  72,  73,  68,  68,  74,
     64,  65,  67,  65,  55,  75,  76,  68,  46,  66,  51,  77,  51,  77,  78,  63,
     55,  63,  50,  75,  50,  75,  67,  67,  55,  63,  55,  63,  55,  75,  46,  54,
     62,  76,  68,  56,  63,  79,  80,  81,  82,  83,  84,  78,  60,  83,  84,  49,
     64,  49,  64,  49,  64,  54,  62,  81,  80,  63,  46,  66,  79,  80,  85,  86,
     85,  86,  83,  84,  54,  62,  54,  62,  87,  88,  87,  88,  49,  64,  54,  62,
     54,  62,  54,  62,  51,  58,  51,  58,  43,  88,  43,  88,  55,  63,  55,  63,
     49,  64,  78,  60,  65,  65,  55,  63,  55,  63,  55,  63,  55,  63,  50,  67,
     50,  67,  50,  67,  65,  79,  80,  65,  81,  82,  83,  84,  49,  84,   7,  22,
      7,  22,   7,  22,   7,  22,   7,  22,   7,  22,   7,  22,   7,  22,   7,  22,
      7,  22,   7,  22,   7,  22,  11,  23,  11,  23,  11,  23,  11,  23,  11,  23,
     11,  23,  11,  23,  11,  23,  10,  23,  10,  23,  10,  23,  10,  23,  10,  23,
     10,  23,  10,  23,  39,  40,  39,  40,  39,  40,  39,  40,  39,  40,  17,  17,
     41,  42,  41,  42,  41,  42,  41,  42,  41,  42,  19,  27,  19,  27,  19,  27,
     19,  27,   5,   5,   5,   1,   1,   4,   1,   1,   4,  30,  31,  25,
};

static const uint16_t notosans_16_boldKernRightCodepoints[] = {
    0x0021, 0x0022, 0x0026, 0x0027, 0x0029, 0x002C, 0x002D, 0x002E, 0x003A, 0x003B, 0x003F, 0x0041,
    0x0043, 0x0047, 0x0049, 0x004A, 0x004F, 0x0051, 0x0054, 0x0055, 0x0056, 0x0057, 0x0058, 0x0059,
    0x005A, 0x005D, 0x0061, 0x0062, 0x0063, 0x0064, 0x0065, 0x0066, 0x0067, 0x0068, 0x006A, 0x006B,
    0x006C, 0x006D, 0x006E, 0x006F, 0x0070, 0x0071, 0x0072, 0x0073, 0x0074, 0x0075, 0x0076, 0x0077,
    0x0078, 0x0079, 0x007A, 0x007D, 0x00AB, 0x00BB, 0x00C0, 0x00C1, 0x00C2, 0x00C3, 0x00C4, 0x00C5,
    0x00C6, 0x00C7, 0x00D2, 0x00D3, 0x00D4, 0x00D5, 0x00D6, 0x00D8, 0x00D9, 0x00DA, 0x00DB, 0x00DC,
    0x00DD, 0x00E0, 0x00E1, 0x00E2, 0x00E3, 0x00E4, 0x00E5, 0x00E6, 0x00E7, 0x00E8, 0x00E9, 0x00EA,
    0x00EB, 0x00F2, 0x00F3, 0x00F4, 0x00F5, 0x00F6, 0x00F8, 0x00F9, 0x00FA, 0x00FB, 0x00FC, 0x00FD,
    0x00FE, 0x00FF, 0x0100, 0x0101, 0x0102, 0x0103, 0x0104, 0x0105, 0x0106, 0x0107, 0x0108, 0x0109,
    0x010A, 0x010B, 0x010C, 0x010D, 0x010F, 0x0111, 0x0113, 0x0115, 0x0117, 0x0119, 0x011B, 0x011C,
    0x011D, 0x011E, 0x011F, 0x0120, 0x0121, 0x0122, 0x0123, 0x0125, 0x0127, 0x0129, 0x0137, 0x0138,
    0x013A, 0x013C, 0x013E, 0x0140, 0x0144, 0x0146, 0x014B, 0x014C, 0x014D, 0x014E, 0x014F, 0x0150,
    0x0151, 0x0152, 0x0153, 0x0155, 0x0157, 0x015B, 0x015F, 0x0162, 0x0163, 0x0164, 0x0165, 0x0166,
    0x0167, 0x0168, 0x0169, 0x016A, 0x016B, 0x016C, 0x016D, 0x016E, 0x016F, 0x0170, 0x0171, 0x0172,
    0x0173, 0x0174, 0x0175, 0x0176, 0x0177, 0x0178, 0x0179, 0x017A, 0x017B, 0x017C, 0x017D, 0x017E,
    0x01A0, 0x01A1, 0x01AF, 0x01B0, 0x01FA, 0x01FB, 0x01FC, 0x01FD, 0x01FE, 0x01FF, 0x0219, 0x021A,
    0x021B, 0x0402, 0x0404, 0x0405, 0x0408, 0x0409, 0x040B, 0x040E, 0x0410, 0x0414, 0x0416, 0x0417,
    0x041B, 0x041E, 0x0421, 0x0422, 0x0423, 0x0424, 0x0425, 0x0427, 0x042A, 0x042D, 0x042F, 0x0430,
    0x0431, 0x0432, 0x0433, 0x0434, 0x0435, 0x0436, 0x0437, 0x0438, 0x0439, 0x043A, 0x043B, 0x043C,
    0x043D, 0x043E, 0x043F, 0x0440, 0x0441, 0x0442, 0x0443, 0x0444, 0x0445, 0x0446, 0x0447, 0x0448,
    0x0449, 0x044A, 0x044B, 0x044C, 0x044D, 0x044E, 0x044F, 0x0450, 0x0451, 0x0452, 0x0453, 0x0454,
    0x0455, 0x0457, 0x0458, 0x0459, 0x045A, 0x045B, 0x045C, 0x045D, 0x045E, 0x045F, 0x0460, 0x0461,
    0x0462, 0x0465, 0x0466, 0x0467, 0x0469, 0x046D, 0x046E, 0x0470, 0x0472, 0x0473, 0x0474, 0x0475,
    0x0476, 0x0477, 0x0478, 0x0479, 0x047A, 0x047B, 0x047C, 0x047D, 0x047E, 0x047F, 0x0480, 0x0481,
    0x048B, 0x048C, 0x048D, 0x048F, 0x0491, 0x0492, 0x0495, 0x0496, 0x0497, 0x0498, 0x0499, 0x049B,
    0x049D, 0x049F, 0x04A0, 0x04A1, 0x04A3, 0x04A5, 0x04A7, 0x04A8, 0x04A9, 0x04AA, 0x04AB, 0x04AC,
    0x04AD, 0x04AE, 0x04AF, 0x04B0, 0x04B1, 0x04B2, 0x04B3, 0x04B4, 0x04B5, 0x04B6, 0x04B7, 0x04B8,
    0x04B9, 0x04BB, 0x04BC, 0x04BD, 0x04BE, 0x04BF, 0x04C1, 0x04C2, 0x04C4, 0x04C5, 0x04C6, 0x04C8,
    0x04CA, 0x04CB, 0x04CC, 0x04CE, 0x04D0, 0x04D1, 0x04D2, 0x04D3, 0x04D4, 0x04D5, 0x04D7, 0x04D8,
    0x04D9, 0x04DA, 0x04DB, 0x04DC, 0x04DD, 0x04DE, 0x04DF, 0x04E3, 0x04E5, 0x04E6, 0x04E7, 0x04E8,
    0x04E9, 0x04EA, 0x04EB, 0x04EC, 0x04ED, 0x04EE, 0x04EF, 0x04F0, 0x04F1, 0x04F2, 0x04F3, 0x04F4,
    0x04F5, 0x04F7, 0x04F9, 0x04FA, 0x04FC, 0x04FD, 0x04FE, 0x04FF, 0x1EA0, 0x1EA1, 0x1EA2, 0x1EA3,
    0x1EA4, 0x1EA5, 0x1EA6, 0x1EA7, 0x1EA8, 0x1EA9, 0x1EAA, 0x1EAB, 0x1EAC, 0x1EAD, 0x1EAE, 0x1EAF,
    0x1EB0, 0x1EB1, 0x1EB2, 0x1EB3, 0x1EB4, 0x1EB5, 0x1EB6, 0x1EB7, 0x1EB9, 0x1EBB, 0x1EBD, 0x1EBF,
    0x1EC1, 0x1EC3, 0x1EC5, 0x1EC7, 0x1ECC, 0x1ECD, 0x1ECE, 0x1ECF, 0x1ED0, 0x1ED1, 0x1ED2, 0x1ED3,
    0x1ED4, 0x1ED5, 0x1ED6, 0x1ED7, 0x1ED8, 0x1ED9, 0x1EDA, 0x1EDB, 0x1EDC, 0x1EDD, 0x1EDE, 0x1EDF,
    0x1EE0, 0x1EE1, 0x1EE2, 0x1EE3, 0x1EE4, 0x1EE5, 0x1EE6, 0x1EE7, 0x1EE8, 0x1EE9, 0x1EEA, 0x1EEB,
    0x1EEC, 0x1EED, 0x1EEE, 0x1EEF, 0x1EF0, 0x1EF1, 0x1EF2, 0x1EF4, 0x1EF5, 0x1EF6, 0x1EF7, 0x1EF8,
    0x1EF9, 0x2013, 0x2014, 0x2015, 0x2018, 0x2019, 0x201A, 0x201C, 0x201D, 0x201E, 0x2026, 0x2039,
    0x203A, 0xFB00, 0xFB01, 0xFB02, 0xFB03, 0xFB04,
};

static const uint8_t notosans_16_boldKernRightClassIds[] = {
      1,   2,   3,   2,   4,   5,   6,   5,   7,   7,   8,   9,  10,  10,  11,  12,
     10,  10,  13,  14,  15,  15,  16,  17,  18,   4,  19,  20,  21,  21,  21,  22,
     23,  20,  24,  20,  20,  25,  25,  21,  25,  21,  25,  26,  22,  25,  27,  27,
     27,  27,  28,   4,  29,  30,   9,   9,   9,   9,   9,   9,  31,  10,  10,  10,
     10,  10,  10,  10,  14,  14,  14,  14,  17,  21,  19,  19,  19,  19,  19,  19,
     21,  21,  21,  21,  21,  21,  21,  21,  21,  21,  21,  25,  25,  25,  25,  27,
     20,  27,   9,  19,   9,  19,   9,  19,  10,  21,  10,  21,  10,  21,  10,  21,
     21,  21,  21,  21,  21,  21,  21,  10,  23,  10,  23,  10,  23,  10,  23,  20,
     32,  33,  20,  25,  20,  20,  20,  20,  25,  25,  25,  10,  21,  10,  21,  10,
     21,  10,  21,  25,  25,  26,  26,  13,  22,  13,  22,  13,  22,  14,  25,  14,
     25,  14,  25,  14,  25,  14,  25,  14,  25,  15,  27,  17,  27,  17,  18,  28,
     18,  28,  18,  28,  10,  21,  14,  25,   9,  19,  31,  19,  10,  21,  26,  13,
     22,  34,  35,  36,  37,  38,  34,  39,  40,  41,  42,  43,  38,  35,  35,  34,
     39,  44,  42,  45,  34,  43,  46,  47,  48,  49,  49,  50,  51,  52,  53,  49,
     49,  49,  54,  49,  49,  51,  49,  49,  51,  55,  56,  51,  52,  49,  57,  49,
     49,  55,  49,  49,  53,  49,  58,  51,  51,  59,  49,  51,  60,  61,  62,  54,
     49,  59,  49,  49,  56,  49,  63,  64,  65,  66,  40,  50,  66,  66,  43,  45,
     63,  47,  67,  64,  67,  64,  63,  47,  63,  47,  63,  47,  63,  64,  63,  47,
     66,  65,  59,  66,  66,  65,  66,  42,  52,  43,  53,  66,  66,  59,  68,  55,
     66,  66,  66,  63,  47,  63,  47,  34,  55,  69,  70,  69,  70,  42,  52,  68,
     55,  45,  57,  45,  57,  66,  71,  72,  71,  72,  42,  52,  66,  73,  50,  66,
     66,  45,  57,  66,  40,  74,  40,  74,  40,  74,  47,  75,  74,  75,  74,  42,
     52,  43,  53,  49,  49,  63,  47,  63,  47,  63,  47,  43,  53,  39,  56,  39,
     56,  39,  56,  45,  57,  66,  49,  65,  42,  52,  42,  52,   9,  19,   9,  19,
      9,  19,   9,  19,   9,  19,   9,  19,   9,  19,   9,  19,   9,  19,   9,  19,
      9,  19,   9,  19,  21,  21,  21,  21,  21,  21,  21,  21,  10,  21,  10,  21,
     10,  21,  10,  21,  10,  21,  10,  21,  10,  21,  10,  21,  10,  21,  10,  21,
     10,  21,  10,  21,  14,  25,  14,  25,  14,  25,  14,  25,  14,  25,  14,  25,
     14,  25,  17,  17,  27,  17,  27,  17,  27,   6,   6,   6,  76,   2,   5,  76,
      2,   5,   5,  29,  30,  22,  22,  22,  22,  22,
};

static const uint16_t notosans_16_boldKernRowOffsets[] = {
        0,    29,    32,    37,    54,    61,    66,    72,    73,    75,    82,    83,    87,    93,   100,   101,
      117,   119,   130,   143,   145,   146,   147,   150,   151,   154,   159,   162,   163,   167,   173,   182,
      186,   187,   193,   200,   202,   203,   208,   214,   217,   227,   230,   231,   244,   269,   275,   277,
      288,   303,   332,   351,   353,   357,   369,   385,   402,   420,   426,   438,   446,   457,   469,   481,
      493,   495,   499,   511,   529,   535,   549,   553,   557,   559,   564,   566,   573,   581,   584,   609,
      616,   632,   635,   640,   642,   654,   656,   659,   662,
};

static const uint8_t notosans_16_boldKernSparseCols[] = {
      8,  12,  14,  16,  18,  20,  22,  24,  25,  30,  32,  33,  37,  38,  39,  40,
     41,  43,  46,  49,  52,  53,  54,  55,  58,  60,  67,  72,  73,  12,  14,  16,
     11,  23,  36,  43,  61,   9,  12,  13,  14,  16,  33,  36,  38,  43,  44,  54,
     56,  62,  66,  67,  68,  70,  12,  33,  38,  41,  51,  54,  67,  33,  41,  43,
     44,  56,   1,   9,  11,  12,  14,  16,   4,   9,  28,   4,   8,  12,  14,  15,
     16,  17,  11,   3,   4,   7,   8,   1,   9,  12,  13,  14,  16,   2,   4,   8,
     15,  17,  28,  30,  28,   2,   4,   5,   7,   8,   9,  12,  18,  20,  22,  24,
     25,  26,  27,  28,  29,   4,   8,   4,   7,   8,   9,  18,  20,  22,  24,  25,
     28,  29,   2,   4,   7,   8,   9,  18,  20,  22,  24,  25,  27,  28,  29,   9,
     28,  11,   1,   1,  26,  27,   1,   1,   3,   4,   1,   4,  18,  20,  22,   1,
      4,   7,  20,  11,  12,  14,  16,  12,  14,  16,  33,  39,  67,  12,  14,  15,
     16,  33,  38,  41,  44,  67,  11,  12,  14,  16,   3,   1,   9,  11,  12,  14,
     16,   0,   1,   3,   7,  19,  31,  75,   3,  32,  11,   0,   1,   3,   7,  75,
      8,  10,  12,  14,  15,  16,  19,  21,  26,   8,   9,  10,  12,  14,  15,  16,
     18,  20,  22,  19,  21,  26,  36,   1,  33,  38,  44,  54,  55,  56,  64,  66,
     67,  68,  69,  75,   1,   4,   5,   6,  29,  33,  34,  37,  39,  40,  43,  46,
     47,  48,  49,  50,  51,  52,  53,  54,  55,  56,  57,  59,  67,  28,  34,  43,
     56,  62,  70,   4,  43,   1,   4,  33,  38,  44,  51,  54,  55,  57,  67,  75,
      1,   5,   6,  28,  34,  43,  44,  46,  47,  50,  54,  55,  56,  62,  70,   1,
      4,   5,   6,  28,  29,  34,  35,  37,  39,  40,  43,  45,  46,  47,  48,  49,
     50,  51,  52,  53,  56,  57,  58,  59,  62,  70,  71,  72,   1,  29,  33,  34,
     36,  38,  43,  44,  50,  54,  55,  56,  64,  66,  67,  68,  70,  74,  75,  51,
     55,   3,  51,  56,  57,   4,  36,  37,  40,  43,  44,  49,  53,  54,  55,  56,
     61,   4,  33,  37,  38,  39,  40,  41,  42,  49,  51,  53,  57,  66,  67,  68,
     72,   4,   5,   6,  28,  29,  37,  38,  39,  40,  41,  43,  46,  49,  50,  53,
     57,  72,   1,   3,   4,   6,  33,  35,  37,  38,  39,  40,  41,  42,  45,  49,
     51,  53,  57,  67,   1,  33,  38,  51,  54,  55,   1,  33,  38,  39,  41,  45,
     49,  51,  54,  55,  56,  57,   3,  33,  38,  41,  45,  51,  54,  55,   1,   4,
      5,  37,  39,  40,  41,  49,  50,  53,  75,   1,   4,  33,  36,  37,  40,  44,
     49,  53,  54,  56,  61,   1,  33,  38,  39,  41,  45,  49,  51,  54,  55,  56,
     57,   5,  33,  34,  38,  43,  44,  46,  50,  56,  57,  71,  75,  33,  58,   1,
     33,  50,  57,   1,   4,  37,  39,  40,  41,  46,  49,  50,  53,  57,  75,   1,
      6,  33,  38,  39,  41,  43,  44,  45,  51,  54,  55,  56,  57,  63,  69,  71,
     75,   1,  33,  36,  54,  55,  61,   1,   4,   5,  37,  38,  39,  40,  41,  49,
     50,  53,  58,  60,  75,  33,  38,  45,  57,   1,  33,  58,  60,  36,  61,   1,
     33,  36,  54,  55,   4,  49,   1,  33,  44,  54,  66,  67,  68,   1,  46,  54,
     55,  56,  63,  69,  71,   4,  66,  68,   4,   5,  28,  29,  33,  34,  37,  39,
     40,  43,  46,  49,  51,  52,  54,  55,  56,  62,  63,  65,  69,  70,  71,  72,
     73,   4,   5,  39,  46,  49,  50,  53,   4,   5,  33,  39,  46,  49,  51,  52,
     56,  58,  62,  65,  67,  70,  71,  72,   4,  46,  49,  54,  56,  62,  70,  71,
     46,  56,   4,  39,  46,  49,  56,  58,  62,  65,  71,  72,  73,  74,   4,  49,
     33,  66,  68,   1,  51,  55,
};

static const int8_t notosans_16_boldKernSparseValues[] = {
     -37,   11,   11,    5,  -21,  -32,  -16,  -16,  -16,  -43,   37,   11,  -16,   11,  -37,  -32,
      11,   -5,  -21,  -37,   11,  -27,   16,   11,   16,   16,   11,  -32,  -11,  -32,  -11,  -16,
      48,   21,   53,  -16,   32,  -27,  -37,  -11,  -32,  -32,  -27,   32,  -11,  -21,  -43,  -21,
     -32,  -27,  -32,  -37,  -32,  -32,  -21,  -21,  -11,   -5,   -5,  -11,  -21,   -6,   -2,   -2,
      -2,   -2,  -37,  -11,   27,  -37,  -21,  -32,   -5,  -11,  -11,  -21,  -11,  -16,   -5,  -11,
      -5,   -5,   32,   11,  -32,   11,  -11,  -43,  -11,  -11,   -5,  -11,  -16,   -5,  -69,  -27,
     -11,   -5,  -11,  -16,   -5,  -11,  -32,  -21,   11,  -37,  -11,   11,  -43,  -37,  -37,  -27,
     -32,  -11,  -21,  -32,  -16,  -11,   -5,  -27,   11,  -21,   -5,  -11,  -11,   -5,   -5,   -5,
     -16,   -5,  -16,  -32,   11,  -32,  -11,  -27,  -27,  -27,  -16,  -21,  -11,  -43,  -16,   -5,
     -11,   51,   -5,   -5,  -11,   -5,   11,   32,   21,  -11,   21,  -85,  -11,  -11,   -5,   21,
     -21,   11,  -11,   27,  -11,   -5,  -16,  -16,   -5,  -16,  -16,   -5,   -5,  -32,  -16,  -11,
     -43,  -32,  -11,  -11,  -11,  -21,   53,  -21,  -16,  -21,   27,  -37,  -11,   59,  -37,  -21,
     -32,   62,   56,   77,   71,   16,   37,   50,   27,   63,   27,   70,   71,   87,   75,   50,
     -11,   11,   32,   37,   27,   32,   11,   21,   27,  -16,   -5,   11,   37,   37,   27,   32,
     -16,  -11,  -11,   11,   27,   27,   27,  -37,  -27,  -11,  -16,  -11,  -11,  -11,  -11,  -21,
     -32,  -27,  -11,  -16,   11,  -27,  -21,  -16,  -16,   11,  -11,  -13,  -37,  -13,  -19,  -21,
     -11,  -16,  -21,  -21,   -5,   -5,  -16,   -5,   -4,  -16,  -21,  -11,    5,  -11,  -11,  -16,
     -11,  -11,  -11,  -11,   -5,  -48,   -5,  -32,  -11,  -16,  -11,  -11,  -11,  -11,  -16,  -32,
      11,   -5,   -5,  -11,  -11,  -21,   -5,   -5,  -11,  -11,   -5,   -5,  -11,  -11,  -27,   11,
     -37,  -11,   -5,  -27,  -11,  -21,  -11,  -42,  -64,  -57,  -16,  -19,  -27,  -21,   -5,  -50,
     -38,  -16,  -11,  -27,  -11,  -27,   27,  -16,   -5,  -11,  -16,  -27,  -37,   -5,  -37,  -11,
      27,  -10,  -19,  -32,   -5,  -16,  -11,  -16,  -11,  -21,  -27,  -32,  -27,   -5,  -21,   -5,
      -5,   -5,   -5,   -8,   -5,   16,   48,   16,   21,   -5,  -13,   16,   16,   -5,   16,  -11,
      37,  -21,  -11,   -5,  -21,  -11,   -5,  -11,   -5,   -5,   -8,   -5,   -5,   -5,   -5,   -5,
     -11,  -69,   -5,   -5,  -11,   -5,  -32,  -11,  -27,  -32,  -11,   -5,  -13,  -27,   -5,  -21,
      -5,  -32,   -5,   -6,  -21,   -5,  -19,   -5,  -10,  -16,  -19,  -16,  -21,  -16,   -5,  -13,
      -8,   -8,   -5,  -11,   -5,  -21,  -18,  -11,   -5,   -5,   -3,  -32,  -20,   -5,  -16,  -11,
      -5,  -11,   -5,  -16,   -5,   -5,   -2,  -16,   -5,   -5,   -5,  -11,   -5,   -5,   16,  -21,
     -11,  -11,  -16,  -16,   -5,  -21,   -5,  -16,   21,   -5,   11,  -16,   53,   11,   16,   -8,
      11,   13,   -8,  -16,   32,   -3,  -21,  -20,   -5,  -11,  -11,   -5,  -11,   -5,  -16,   -5,
      -5,   -5,   -5,   -8,   -5,   -8,   -5,  -11,  -11,  -11,   -5,  -11,   16,  -16,   -1,   11,
     -11,   -5,   -5,   11,  -21,  -11,  -11,  -16,   -5,   -5,  -27,  -16,  -27,  -16,   21,  -43,
      -5,  -32,  -11,   -5,   -5,   -5,  -37,  -11,  -11,  -32,  -24,  -21,  -11,  -11,  -16,  -11,
     -16,   -5,  -21,   43,  -16,  -27,   11,   16,  -21,  -11,  -11,   13,  -16,  -16,   -5,  -21,
      -5,  -16,   13,   13,   21,  -11,  -16,   -5,  -11,   16,   11,   22,    9,   16,   11,   -5,
     -21,   21,  -16,  -27,  -21,  -11,  -21,  -21,  -21,  -11,  -16,  -11,  -16,  -37,  -11,  -27,
     -16,  -16,  -11,  -11,  -11,  -21,   -5,   -5,  -32,  -21,  -32,  -16,   11,  -11,  -21,  -37,
     -27,  -15,  -37,  -32,  -11,  -11,  -21,  -21,  -27,  -11,  -11,  -27,  -21,  -27,  -37,  -27,
     -43,  -27,  -11,  -16,   -5,  -21,   -5,  -16,  -27,  -11,   11,  -32,  -21,  -27,  -11,  -11,
     -27,   11,  -11,  -16,   11,  -11,  -16,  -21,  -16,  -11,  -16,  -11,  -27,  -11,  -27,  -11,
      -5,   -5,  -32,  -32,  -27,  -27,  -21,   11,  -11,  -16,  -21,  -21,  -21,   -5,  -21,   -5,
     -11,   -5,   -5,   -5,  -11,   -5,
};

static const EpdLigaturePair notosans_16_boldLigaturePairs[] = {
    { 0x00660066, 0xFB00 }, // f f -> U+FB00
    { 0x00660069, 0xFB01 }, // f i -> U+FB01
    { 0x0066006C, 0xFB02 }, // f l -> U+FB02
    { 0xFB000069, 0xFB03 }, // U+FB00 i -> U+FB03
    { 0xFB00006C, 0xFB04 }, // U+FB00 l -> U+FB04
};

static const EpdFontData notosans_16_bold = {
    notosans_16_boldBitmaps,
    notosans_16_boldGlyphs,
    notosans_16_boldIntervals,
    29,
    45,
    36,
    -10,
    true,
    notosans_16_boldGroups,
    15,
    nullptr,
    nullptr,  // kernLeftClasses: built-in fonts use the split arrays below
    nullptr,  // kernRightClasses
    notosans_16_boldKernLeftCodepoints,
    notosans_16_boldKernLeftClassIds,
    notosans_16_boldKernRightCodepoints,
    notosans_16_boldKernRightClassIds,
    nullptr,  // kernMatrix: built-in fonts use the sparse form below
    notosans_16_boldKernRowOffsets,
    notosans_16_boldKernSparseCols,
    notosans_16_boldKernSparseValues,
    478,
    474,
    88,
    76,
    notosans_16_boldLigaturePairs,
    5,
};
