/**
 * generated by fontconvert.py
 * name: sourcesans_18_bold
 * size: 18
 * mode: 2-bit  compressed: true
 * Command used: fontconvert.py sourcesans_18_bold 18 instanced_fonts/builtin-reader/sourcesans_18_bold_wght700.ttf ../builtinFonts/source/NotoSans/NotoSans-Bold.ttf ../builtinFonts/source/Inter/Inter-Bold.ttf --base-font-count 2 --2bit --compress --pnum --zopfli --darken-aa --kerning-intervals 0x20,0x7E --kerning-base-aliases --additional-intervals 0x2190,0x2190 --additional-intervals 0x2192,0x2192 --additional-intervals 0x2194,0x2194 --additional-intervals 0x25A0,0x25A1 --additional-intervals 0x25C6,0x25C7 --additional-intervals 0x25CB,0x25CB --additional-intervals 0x25CF,0x25CF --additional-intervals 0x2605,0x2606 --additional-intervals 0x2661,0x2661 --additional-intervals 0x2665,0x2665 --additional-intervals 0x2713,0x2713 --additional-intervals 0x2717,0x2717 --additional-intervals 0x0250,0x02E9 --additional-intervals 0x03B2,0x03B2 --additional-intervals 0x03B8,0x03B8 --additional-intervals 0x03C7,0x03C7
 */
#pragma once
#include "EpdFontData.h"

static const uint8_t sourcesans_18_boldBitmaps[47355] = {
    0xB5, 0x9A, 0x3D, 0x90, 0xDD, 0xD6, 0x75, 0xC7, 0x0F, 0x80, 0x98, 0xC8, 0x08, 0x93, 0x41, 0x8A,
    0xB0, 0x21, 0x67, 0x82, 0x26, 0x8D, 0x37, 0x99, 0x41, 0x5F, 0x01, 0xB1, 0x0B, 0x97, 0x61, 0x21,
    0x5A, 0x85, 0x0A, 0xA7, 0x49, 0x21, 0x37, 0x4C, 0xDF, 0x00, 0xB2, 0x0B, 0x95, 0xD9, 0x22, 0x1F,
    0x45, 0x8A, 0xB0, 0x50, 0x66, 0xC8, 0x55, 0xC1, 0xF4, 0x33, 0xF6, 0x45, 0xEC, 0x42, 0x85, 0x1A,
    0x24, 0x99, 0x4C, 0x0A, 0x17, 0x82, 0x23, 0x4D, 0x3C, 0x63, 0x16, 0xBC, 0x0E, 0x91, 0x08, 0xD4,
    0x5E, 0xE0, 0x9F, 0xF3, 0x3F, 0x17, 0x6F, 0xDF, 0x2E, 0xB5, 0xA6, 0x48, 0x86, 0xC2, 0xBB, 0xF8,
    0x9D, 0xF7, 0x70, 0xBF, 0xCE, 0x3D, 0x38, 0x38, 0xF7, 0xE2, 0xEE, 0x8A, 0x38, 0xDF, 0xED, 0x9F,
    0xE6, 0xF8, 0x99, 0xF8, 0xA9, 0x47, 0x7E, 0xBE, 0xD5, 0x8A, 0xDC, 0x68, 0x1B, 0x8F, 0x05, 0x41,
    0x3F, 0x4B, 0xE3, 0xF5, 0xD7, 0x5C, 0xAE, 0xCD, 0x5C, 0xAD, 0x51, 0x96, 0xC1, 0x4E, 0x7F, 0x3C,
    0x6B, 0x5F, 0x84, 0x6A, 0x2A, 0x96, 0x6A, 0xCA, 0xE7, 0x72, 0xCC, 0xE6, 0x72, 0xC8, 0xBC, 0xDC,
    0x92, 0xF7, 0x44, 0x9A, 0x7E, 0x53, 0xB4, 0xAB, 0x48, 0x27, 0x41, 0x91, 0x28, 0x5C, 0x1A, 0xE4,
    0x26, 0xDE, 0x59, 0xEF, 0x34, 0x00, 0xFC, 0x11, 0x27, 0xDB, 0x47, 0x5F, 0x9E, 0x26, 0x21, 0x9B,
    0x25, 0x09, 0xB9, 0x97, 0x34, 0x14, 0x5E, 0x3E, 0xDA, 0x1E, 0x7D, 0xD9, 0x03, 0xC0, 0x70, 0x44,
    0xB6, 0x94, 0x93, 0x68, 0x27, 0xA3, 0xE4, 0xBE, 0x1A, 0xA4, 0x88, 0xA8, 0x07, 0x29, 0x0D, 0x53,
    0x33, 0x88, 0x64, 0x41, 0xBE, 0x82, 0x1A, 0xA3, 0x24, 0x40, 0x90, 0x1C, 0x80, 0x94, 0x44, 0x85,
    0x77, 0x82, 0xD4, 0x41, 0xFE, 0x92, 0x90, 0x1D, 0x50, 0x94, 0x98, 0x44, 0xCB, 0x6D, 0xC2, 0x1A,
    0xFA, 0xB5, 0xC1, 0xB2, 0xFF, 0x16, 0x17, 0xF3, 0x7B, 0x6D, 0x75, 0x47, 0x41, 0x54, 0x9F, 0x97,
    0x10, 0x8E, 0x43, 0x3A, 0xF6, 0x51, 0x01, 0xB3, 0xA4, 0x60, 0x89, 0xFC, 0x1A, 0x5D, 0xAE, 0x1C,
    0x8E, 0x1D, 0xB0, 0x25, 0xCD, 0xD9, 0xD8, 0x36, 0x84, 0x76, 0xAA, 0x3C, 0xFA, 0x4C, 0xBB, 0xAD,
    0xC7, 0x66, 0xC8, 0xBD, 0x16, 0x19, 0x9A, 0xA1, 0x9C, 0xA2, 0xAC, 0x86, 0x28, 0x9B, 0x3E, 0xCA,
    0x4E, 0xA2, 0x5C, 0xA3, 0xFC, 0xE7, 0x50, 0x6C, 0x5A, 0xDF, 0xFD, 0x78, 0x6E, 0x30, 0x94, 0x40,
    0xE1, 0x01, 0x9F, 0x63, 0x2D, 0xFF, 0x05, 0xE5, 0x92, 0x60, 0xAE, 0x7F, 0xB6, 0xAA, 0x1A, 0xB7,
    0xDA, 0xE6, 0xBB, 0xC1, 0xD4, 0x71, 0x59, 0x94, 0x6B, 0x94, 0x69, 0x88, 0x32, 0xF3, 0x51, 0x16,
    0xBB, 0x2C, 0x87, 0x04, 0x05, 0x35, 0xEA, 0x05, 0xF0, 0xA6, 0x74, 0x87, 0xD1, 0x94, 0xAE, 0xD0,
    0x8A, 0x3C, 0x10, 0x49, 0x3E, 0xD4, 0x93, 0xD7, 0x38, 0x8E, 0x40, 0xD1, 0x00, 0x14, 0x2E, 0x0A,
    0x8C, 0xE8, 0x29, 0xFA, 0x2B, 0xE2, 0x7D, 0xB4, 0x14, 0x9F, 0xC4, 0x92, 0x87, 0x7A, 0x73, 0x14,
    0x43, 0x06, 0x11, 0x40, 0x72, 0x48, 0x06, 0xB4, 0xC5, 0x46, 0x0B, 0x8D, 0x65, 0x90, 0x7A, 0xC3,
    0x52, 0x2F, 0xD2, 0x84, 0x06, 0x9D, 0x17, 0x75, 0x50, 0x60, 0x52, 0x91, 0x03, 0x83, 0x34, 0x8B,
    0xD0, 0xF8, 0xCD, 0x2A, 0x0E, 0xCF, 0xA4, 0x06, 0x8F, 0xB6, 0x24, 0xAD, 0x15, 0xFC, 0x60, 0x63,
    0x47, 0x4B, 0xB2, 0x8A, 0x24, 0x0F, 0x45, 0x7E, 0x47, 0xEB, 0x5D, 0x7C, 0x3C, 0x3F, 0xB5, 0xAF,
    0xA6, 0x6A, 0x2A, 0xC7, 0x72, 0x90, 0x3F, 0xA0, 0x1F, 0x8B, 0x1B, 0x04, 0x6D, 0xAA, 0xB5, 0x57,
    0xDE, 0xD1, 0x52, 0xD3, 0xAC, 0x26, 0x96, 0x5A, 0x7B, 0xD6, 0x34, 0x59, 0x1A, 0xA5, 0x8B, 0x69,
    0xB0, 0x34, 0xF2, 0xCA, 0x9E, 0x65, 0x25, 0x2B, 0xCF, 0x5A, 0xE5, 0x22, 0x45, 0x60, 0x3B, 0x29,
    0x07, 0x26, 0x6C, 0xB9, 0xE9, 0xB5, 0x97, 0xA4, 0x95, 0x7A, 0x60, 0xE1, 0xCA, 0x1F, 0xCB, 0x64,
    0x1B, 0x8B, 0x25, 0x68, 0x05, 0xBD, 0x60, 0x10, 0xB7, 0xA7, 0x63, 0x1F, 0xA4, 0xA5, 0x78, 0x1D,
    0x9A, 0xFA, 0x5D, 0x55, 0xD3, 0xB6, 0x08, 0x6C, 0xAD, 0xA2, 0x92, 0x6C, 0x3F, 0x6D, 0x79, 0x23,
    0xF7, 0x73, 0x14, 0xA9, 0x54, 0xC5, 0x47, 0x8F, 0x7D, 0x07, 0x2C, 0x3C, 0x0B, 0xB0, 0x76, 0x90,
    0x04, 0xDA, 0x37, 0xAD, 0x1E, 0x5C, 0x9F, 0x7B, 0xD5, 0x6F, 0xF8, 0x3D, 0x91, 0xE4, 0x6D, 0x73,
    0xE0, 0x17, 0xE0, 0xEE, 0xBB, 0xEB, 0xDD, 0x16, 0x00, 0xA6, 0x23, 0xCE, 0x1E, 0x6D, 0x67, 0xA7,
    0x2F, 0xAE, 0x26, 0x29, 0x7D, 0xE7, 0xBE, 0x94, 0xAB, 0xD4, 0x90, 0x06, 0x6D, 0x8D, 0xBE, 0x44,
    0x9F, 0xA2, 0x37, 0xD3, 0x4B, 0x02, 0x29, 0x56, 0xDE, 0x54, 0x8E, 0x41, 0x78, 0x9C, 0x9C, 0x9D,
    0x3A, 0xF8, 0x98, 0x4E, 0xCE, 0xEE, 0x33, 0x64, 0xB9, 0x00, 0xFD, 0xB8, 0xC0, 0x90, 0x25, 0xF2,
    0x13, 0x49, 0xD4, 0xC2, 0x6A, 0xC3, 0x98, 0xD4, 0x9E, 0xB3, 0x14, 0x5E, 0x4A, 0x4D, 0x13, 0x07,
    0x4D, 0x53, 0x9B, 0xE1, 0xBB, 0x56, 0x9C, 0x08, 0x2C, 0xA9, 0xB1, 0xD7, 0x63, 0x8D, 0xFC, 0xDA,
    0x1A, 0x56, 0xC9, 0x69, 0x0F, 0x74, 0x0C, 0x29, 0x18, 0x1E, 0x3A, 0x1A, 0xEC, 0xE0, 0x5A, 0x43,
    0x81, 0x1F, 0x61, 0x2C, 0x37, 0x81, 0xAF, 0x82, 0x74, 0xBE, 0x0E, 0x74, 0x2E, 0xC5, 0x42, 0xFD,
    0xC3, 0x6F, 0x07, 0x8B, 0x58, 0x61, 0xAB, 0x66, 0x0D, 0x14, 0xF8, 0x0E, 0x46, 0x6B, 0x94, 0xCD,
    0xB3, 0xA3, 0x75, 0x0F, 0x4E, 0x8C, 0xAE, 0x52, 0xCD, 0x29, 0xEF, 0xDA, 0xE2, 0x0E, 0x49, 0x9A,
    0xD7, 0x4A, 0x09, 0x47, 0xE3, 0xD0, 0x32, 0x34, 0xAA, 0x81, 0x81, 0x25, 0x46, 0xB1, 0xE6, 0xF3,
    0x7A, 0x93, 0xB2, 0x2D, 0x21, 0x89, 0x14, 0x10, 0x91, 0xFC, 0x02, 0xA5, 0xC1, 0xE2, 0x8D, 0x45,
    0x90, 0x59, 0x24, 0xA1, 0x5E, 0x19, 0x86, 0x98, 0x19, 0xAF, 0x63, 0xE6, 0xA5, 0x91, 0x97, 0x1E,
    0xA3, 0x6F, 0x38, 0x92, 0xEE, 0x2A, 0x44, 0xEE, 0x08, 0x07, 0x36, 0x49, 0xB6, 0x07, 0xCE, 0x18,
    0x9C, 0x87, 0xEC, 0x59, 0xA1, 0xC3, 0x1E, 0x53, 0x0C, 0x7B, 0x48, 0xB1, 0x6F, 0x6C, 0x3F, 0xB9,
    0x07, 0x0B, 0x2F, 0x84, 0x27, 0x56, 0xC2, 0x62, 0x2D, 0xCB, 0x09, 0xFC, 0x01, 0xCE, 0xE7, 0xBD,
    0xC0, 0x97, 0x4B, 0x1E, 0x27, 0x99, 0x91, 0xE8, 0x0B, 0x60, 0x93, 0x04, 0x2C, 0xF1, 0xAD, 0x7F,
    0x8C, 0x41, 0x46, 0x01, 0x45, 0x42, 0x64, 0x44, 0x41, 0x94, 0xE7, 0x8A, 0xE6, 0x0B, 0x45, 0xF7,
    0x2B, 0x05, 0x3E, 0x86, 0xA4, 0xF8, 0x80, 0xA1, 0x28, 0x87, 0x0E, 0x5E, 0x51, 0x07, 0x45, 0xE3,
    0x15, 0x0E, 0xC0, 0xF2, 0x1C, 0x6E, 0xDE, 0x7D, 0x17, 0x77, 0xCC, 0x60, 0xD7, 0x21, 0xB5, 0x51,
    0x5E, 0x07, 0x16, 0xB8, 0x8C, 0x9B, 0x04, 0x66, 0x82, 0x9D, 0x5B, 0x11, 0x87, 0x51, 0xFE, 0x3C,
    0xBD, 0x3C, 0xD4, 0x03, 0xA0, 0x83, 0x4E, 0xE0, 0xCB, 0xB9, 0x88, 0xE3, 0x1D, 0x08, 0x29, 0x40,
    0x33, 0x39, 0xDE, 0xA3, 0x84, 0x83, 0x3E, 0x7A, 0xAF, 0x03, 0x63, 0x4C, 0xB4, 0x0B, 0x6D, 0xFF,
    0xB7, 0x36, 0x27, 0xFE, 0x11, 0x1D, 0x43, 0xA4, 0xB3, 0x66, 0x27, 0xE2, 0x97, 0xAE, 0x17, 0xFC,
    0x02, 0x8C, 0xAC, 0xD8, 0x08, 0xB4, 0x50, 0x1B, 0x0C, 0xF0, 0x89, 0x62, 0x12, 0x0C, 0x8E, 0xE8,
    0xBC, 0xA2, 0x99, 0xF5, 0x5A, 0xBD, 0x66, 0xE8, 0xCB, 0xA8, 0x73, 0xB4, 0xF8, 0x12, 0xA7, 0x61,
    0x9B, 0x26, 0x3A, 0x76, 0x49, 0x0C, 0x57, 0x71, 0xF0, 0xAB, 0x8A, 0xDD, 0x37, 0xD6, 0xFD, 0xA8,
    0xC0, 0x40, 0x0F, 0x68, 0x77, 0x9B, 0xE4, 0xB1, 0x18, 0x11, 0x58, 0x96, 0xA8, 0x89, 0xC6, 0xB0,
    0x5C, 0x60, 0x56, 0x74, 0x47, 0x78, 0x85, 0xBC, 0x2D, 0xBB, 0x1A, 0x74, 0xB8, 0x8C, 0xAA, 0x15,
    0x78, 0xC2, 0x1B, 0x9A, 0xA2, 0xD7, 0xE6, 0x22, 0x86, 0xF8, 0x0D, 0x09, 0xB5, 0xFF, 0xCC, 0x2C,
    0x14, 0x68, 0x2B, 0x4F, 0x58, 0x35, 0x68, 0xDF, 0x35, 0x86, 0xDA, 0xA7, 0x18, 0x55, 0x4F, 0x4C,
    0x0A, 0xE7, 0x23, 0x16, 0xFD, 0x59, 0xE3, 0x23, 0x9B, 0x7D, 0xD1, 0xB3, 0x8F, 0x58, 0xD7, 0x66,
    0x9B, 0xE8, 0xF2, 0x35, 0xFA, 0xE8, 0x84, 0x39, 0x5B, 0x36, 0x33, 0xD5, 0x6B, 0x81, 0xB6, 0x99,
    0x53, 0x0C, 0x6C, 0x8F, 0x88, 0x8D, 0x4E, 0x3A, 0x0C, 0xF8, 0x26, 0x64, 0xF0, 0x35, 0x00, 0x5F,
    0x12, 0x19, 0xE0, 0xBC, 0x0E, 0xCB, 0x5D, 0xDC, 0x21, 0xB3, 0x2C, 0x06, 0x69, 0x33, 0xED, 0x72,
    0xAE, 0x20, 0x25, 0xFB, 0xAD, 0xF7, 0xE6, 0x27, 0xF6, 0xC6, 0xD5, 0xDD, 0xA9, 0xC8, 0x57, 0xC3,
    0x25, 0x8F, 0xAF, 0x5E, 0x4F, 0x4E, 0x69, 0x5F, 0x86, 0x64, 0x4B, 0x35, 0xF8, 0x53, 0x2F, 0x1E,
    0x8F, 0x57, 0x0C, 0xDB, 0x56, 0x5E, 0x51, 0xDB, 0xFA, 0x4A, 0xE1, 0x14, 0x15, 0x30, 0xDE, 0x00,
    0x9E, 0x49, 0x87, 0xAD, 0x15, 0x40, 0xDB, 0xC7, 0x22, 0x0A, 0xF4, 0xE6, 0x9D, 0x2C, 0x1A, 0x5D,
    0x07, 0xE3, 0xBE, 0x20, 0x2B, 0x08, 0xA9, 0x89, 0x84, 0x10, 0xB9, 0xAB, 0xC7, 0x57, 0x66, 0x1E,
    0x3D, 0xAE, 0x2A, 0xFB, 0x82, 0x72, 0xD6, 0x0C, 0x7A, 0xE2, 0x19, 0x11, 0xB5, 0x43, 0x2B, 0x37,
    0xAC, 0xF3, 0xDB, 0xEC, 0xDC, 0xE2, 0x94, 0xA4, 0x44, 0xAD, 0x28, 0x80, 0x31, 0x05, 0x56, 0x96,
    0xEB, 0x63, 0x0D, 0xAC, 0x87, 0x56, 0xE6, 0x63, 0x9F, 0xB7, 0xEE, 0xD3, 0x7D, 0xDA, 0x32, 0x06,
    0x20, 0xAF, 0xE7, 0x52, 0x8E, 0x5D, 0x48, 0xCD, 0x65, 0x79, 0xD2, 0x57, 0x9D, 0xB7, 0x08, 0x9A,
    0xA3, 0x97, 0x12, 0xFB, 0xE5, 0x39, 0xBA, 0x6C, 0xA7, 0x0D, 0xDF, 0xBC, 0x23, 0x76, 0xBC, 0xD5,
    0xC6, 0xDF, 0x98, 0xA3, 0x95, 0xEC, 0xF4, 0x42, 0x13, 0x0B, 0x6F, 0xE4, 0xF1, 0xB8, 0xC7, 0x2C,
    0x9A, 0xCA, 0xEC, 0x48, 0x1D, 0x63, 0x34, 0xC6, 0x47, 0x31, 0x60, 0xF6, 0x9A, 0xD5, 0xEE, 0x61,
    0x7A, 0x10, 0x4C, 0xC2, 0x46, 0x52, 0x2B, 0x5B, 0xF9, 0x6C, 0x93, 0xB7, 0xA6, 0xB7, 0x35, 0x86,
    0x04, 0x71, 0xE7, 0x21, 0x5F, 0xCA, 0x99, 0x0F, 0x40, 0x16, 0x2A, 0x5F, 0x00, 0x4B, 0x16, 0xEA,
    0xA9, 0x0C, 0xD5, 0x9C, 0x85, 0x46, 0xFD, 0xBF, 0xF4, 0x94, 0xCD, 0x14, 0x65, 0x37, 0x54, 0xBB,
    0xAC, 0x27, 0x4A, 0x37, 0x34, 0x63, 0x31, 0x53, 0x76, 0x63, 0xE9, 0xF5, 0xFA, 0xFF, 0x62, 0xEA,
    0x26, 0x2D, 0x0F, 0x00, 0x5A, 0xAB, 0xC2, 0x63, 0xBA, 0xBE, 0xCF, 0xF1, 0x5D, 0x2C, 0x5C, 0xAA,
    0xFC, 0xBE, 0xFC, 0xB0, 0xA5, 0xDF, 0xD8, 0x91, 0x21, 0x8E, 0x29, 0xE1, 0x18, 0xF9, 0xB5, 0xC3,
    0xE9, 0x6D, 0xAA, 0x5A, 0x01, 0xBC, 0x24, 0x69, 0x1C, 0x96, 0x79, 0x47, 0x4F, 0x29, 0x3F, 0x3C,
    0x8D, 0xE2, 0x01, 0x89, 0xD5, 0x2A, 0x23, 0x96, 0xB4, 0x06, 0xD1, 0x2A, 0x37, 0x16, 0x2E, 0x82,
    0xCD, 0x56, 0x01, 0x23, 0xE9, 0x78, 0x57, 0x97, 0xC6, 0xD3, 0xEE, 0x46, 0xDF, 0x2C, 0xB4, 0x3F,
    0x83, 0x0B, 0xA6, 0x92, 0x1C, 0x4B, 0x0B, 0x63, 0x80, 0xA4, 0xC6, 0x8C, 0x6C, 0x73, 0x72, 0x28,
    0x70, 0xF7, 0x1D, 0x0C, 0x2C, 0xA0, 0xC5, 0x56, 0x56, 0xA9, 0x59, 0xC5, 0x37, 0x4A, 0x37, 0x5B,
    0x53, 0xCB, 0xC9, 0xD9, 0x43, 0xB5, 0x38, 0xB0, 0x12, 0xE8, 0x89, 0x89, 0xD0, 0x9E, 0x12, 0x42,
    0x3A, 0x16, 0x6C, 0xEC, 0x1B, 0x11, 0x73, 0x07, 0xE2, 0x58, 0xC3, 0x37, 0xDB, 0x19, 0x2E, 0x16,
    0x0E, 0xE5, 0x76, 0x05, 0xCD, 0xDA, 0x3C, 0xFB, 0xBE, 0xE6, 0xD2, 0x2A, 0x17, 0xCD, 0xB7, 0x8A,
    0xCF, 0xE9, 0x11, 0xF1, 0x51, 0x9A, 0xD8, 0x56, 0x10, 0x00, 0x6B, 0xA6, 0x58, 0x72, 0xCC, 0xB9,
    0x2F, 0x19, 0x38, 0x2A, 0xD0, 0x09, 0xD6, 0x2B, 0x71, 0xB4, 0xBB, 0x06, 0x96, 0x1B, 0xB1, 0x29,
    0xAC, 0x5A, 0x89, 0x51, 0x7C, 0x8E, 0xED, 0x5E, 0x48, 0x0F, 0x13, 0xC4, 0x2A, 0xF5, 0xF1, 0x3D,
    0xE8, 0xC6, 0x5F, 0xEB, 0xA2, 0xED, 0x43, 0x56, 0xA1, 0x06, 0xE4, 0x66, 0xC4, 0x60, 0xF4, 0xDA,
    0xDB, 0x6D, 0xCC, 0x4A, 0x41, 0x20, 0x9B, 0x95, 0xAC, 0x36, 0xB2, 0xC4, 0xF3, 0x2C, 0xF6, 0xEF,
    0xD7, 0xB3, 0xDE, 0xC8, 0x2E, 0x28, 0x53, 0x68, 0x53, 0x9B, 0x83, 0xB7, 0x5E, 0x46, 0x63, 0x4B,
    0x2E, 0x42, 0xF6, 0x5C, 0x4A, 0x9E, 0x9D, 0xC5, 0xCB, 0xCF, 0xE3, 0xD9, 0xDD, 0xBB, 0xD1, 0x06,
    0xCF, 0x03, 0x08, 0xD7, 0x60, 0xB9, 0xB6, 0x30, 0x71, 0x6C, 0xBE, 0x7F, 0x0E, 0xAF, 0xD6, 0xF9,
    0x8B, 0x35, 0xD8, 0xCE, 0x1E, 0x58, 0xEE, 0x4B, 0x83, 0x1E, 0xD1, 0x9A, 0x4B, 0xCC, 0x22, 0xB5,
    0xDD, 0x90, 0x0B, 0xB7, 0x5E, 0xF5, 0xF2, 0x9C, 0xD0, 0xA0, 0x83, 0x3E, 0x91, 0x15, 0x24, 0x7A,
    0x06, 0x19, 0x8C, 0x0B, 0xD9, 0xD9, 0x7B, 0x96, 0x71, 0xB8, 0x4C, 0x2D, 0x13, 0x29, 0xCA, 0x8D,
    0xAC, 0x40, 0x96, 0x18, 0x95, 0x39, 0xB6, 0x77, 0x31, 0xA4, 0xB0, 0x9B, 0xEF, 0x94, 0xBD, 0x54,
    0xD6, 0x7B, 0x6A, 0xAE, 0x21, 0x37, 0xD4, 0x4D, 0x4E, 0x34, 0x66, 0x9E, 0xB1, 0x97, 0x0C, 0xFD,
    0x2B, 0x13, 0xC0, 0x0B, 0xC8, 0x32, 0xAF, 0xC9, 0x93, 0xFB, 0xCD, 0xF2, 0x6A, 0x1F, 0xE1, 0x30,
    0x68, 0xE3, 0xF6, 0xCD, 0xA3, 0x80, 0xE4, 0x43, 0x09, 0xA9, 0x9F, 0x39, 0xC4, 0xB0, 0x52, 0xD1,
    0x11, 0x0A, 0xC0, 0x4B, 0x72, 0x78, 0xE8, 0x68, 0xC9, 0xB7, 0x1E, 0x1E, 0x9F, 0x28, 0xB7, 0x88,
    0x45, 0x1B, 0x65, 0x86, 0x41, 0x59, 0x42, 0x94, 0xF5, 0x46, 0x76, 0x81, 0x84, 0x57, 0x9E, 0x63,
    0x50, 0x62, 0xE7, 0x68, 0xF4, 0xC6, 0xC5, 0x18, 0xC8, 0x4F, 0x37, 0xB2, 0xB4, 0x79, 0x24, 0xB6,
    0x96, 0x62, 0x52, 0x0A, 0xFC, 0x45, 0x5F, 0x9A, 0x45, 0x56, 0x20, 0xB5, 0xA8, 0x52, 0x8B, 0xAA,
    0x56, 0xEC, 0xEA, 0x9B, 0x05, 0x80, 0x6B, 0x71, 0xF2, 0x40, 0xE4, 0xD6, 0xC3, 0xC6, 0x94, 0x6F,
    0x70, 0xA0, 0x53, 0xF6, 0x02, 0xE5, 0x10, 0x99, 0x92, 0x53, 0xA6, 0x7C, 0xE2, 0x73, 0x72, 0x2E,
    0xCE, 0x95, 0x4B, 0xF9, 0x05, 0x9A, 0xC7, 0xA1, 0x7A, 0x8A, 0xE6, 0xE9, 0x5A, 0x7F, 0xA6, 0xDC,
    0x9A, 0xFF, 0x40, 0xF3, 0xDF, 0x68, 0x3E, 0x46, 0xE3, 0xE1, 0x3E, 0x20, 0xF1, 0x3D, 0xA5, 0x43,
    0xAE, 0x6C, 0x36, 0x63, 0x20, 0x2B, 0x63, 0x39, 0x93, 0x85, 0x27, 0x45, 0x0E, 0x3C, 0xF9, 0xD0,
    0x5C, 0x3E, 0x48, 0x4E, 0x35, 0x23, 0x5B, 0xE3, 0x60, 0x1C, 0x8D, 0xDE, 0x38, 0x93, 0x4F, 0x02,
    0x79, 0xBE, 0x92, 0x4F, 0x11, 0xF9, 0x5D, 0xE5, 0x6F, 0xF0, 0x73, 0xA5, 0xC7, 0x67, 0x64, 0xF7,
    0x94, 0x6C, 0xBE, 0x20, 0x4B, 0x1C, 0x99, 0x19, 0x53, 0xA3, 0x44, 0x3A, 0x63, 0x63, 0xAC, 0xC9,
    0xF8, 0x26, 0xE7, 0x56, 0x85, 0xAD, 0x20, 0xE3, 0x6B, 0x61, 0x72, 0x9C, 0xFB, 0x86, 0x12, 0x53,
    0x85, 0xB1, 0x44, 0x9B, 0xC2, 0xD7, 0xDB, 0xC5, 0x7C, 0xB7, 0x90, 0x9C, 0x9F, 0xC8, 0xEE, 0xB7,
    0x90, 0x65, 0x22, 0xBB, 0x85, 0xA1, 0x05, 0x5C, 0xB3, 0x26, 0xE0, 0x54, 0x94, 0x61, 0xCA, 0xF1,
    0xEC, 0x11, 0xBF, 0x58, 0xBC, 0x86, 0x85, 0x87, 0xFA, 0xB0, 0x82, 0xE9, 0xB9, 0xA8, 0x3A, 0x65,
    0xE8, 0x7E, 0x18, 0x3D, 0xF2, 0xBA, 0xF9, 0xF4, 0xE2, 0x7D, 0xBB, 0xBE, 0x8A, 0x86, 0xD0, 0x5C,
    0xE0, 0xF2, 0x4B, 0xE1, 0x1E, 0x47, 0xB7, 0xF6, 0x15, 0xA2, 0x27, 0x0D, 0x73, 0xB0, 0x4C, 0x34,
    0xCD, 0x6E, 0x9B, 0xDD, 0x38, 0x9A, 0x35, 0x31, 0xE2, 0x45, 0xF3, 0x48, 0xB4, 0x8F, 0x44, 0x03,
    0x51, 0xF0, 0x8C, 0x26, 0x92, 0xEE, 0x05, 0x42, 0xD3, 0x2E, 0x78, 0x85, 0x96, 0x72, 0xB3, 0x54,
    0xB0, 0xC6, 0x4A, 0xF4, 0x19, 0x57, 0x8D, 0xB4, 0xDD, 0x20, 0xBB, 0xB5, 0xA2, 0xB9, 0x0E, 0xF6,
    0x3A, 0x18, 0x8C, 0xFD, 0x47, 0x7D, 0x07, 0x8A, 0x1C, 0xF8, 0x89, 0x8A, 0x94, 0x45, 0xA3, 0xFA,
    0x31, 0x13, 0x71, 0x68, 0xCF, 0xC4, 0x16, 0x2B, 0x16, 0x56, 0xAE, 0xCE, 0xD3, 0xE4, 0x6C, 0x31,
    0x24, 0x5C, 0x7A, 0xBA, 0x2F, 0xB1, 0x3E, 0x5C, 0xE7, 0x52, 0x64, 0xB9, 0x54, 0x6B, 0x34, 0x5E,
    0x44, 0x8F, 0x67, 0x5C, 0x8F, 0x1C, 0xE2, 0x4F, 0x8E, 0x41, 0x99, 0x61, 0xBC, 0x88, 0x4E, 0x82,
    0x99, 0xEC, 0x62, 0x6B, 0x1B, 0xC9, 0xA2, 0x37, 0xE2, 0x3A, 0x3C, 0xBE, 0xB3, 0x8E, 0x85, 0x62,
    0x2A, 0x15, 0x43, 0x0D, 0x71, 0xEC, 0xF4, 0x77, 0x2F, 0x2D, 0x4C, 0x6A, 0x4C, 0x36, 0xA4, 0x36,
    0xBE, 0x41, 0x24, 0x87, 0xDE, 0x07, 0xFE, 0xF6, 0xCC, 0xB7, 0x7D, 0x8B, 0xB8, 0xAE, 0x49, 0x4D,
    0x99, 0x51, 0x9C, 0xC6, 0xC2, 0xBF, 0x87, 0xEF, 0x0E, 0xCE, 0x34, 0x14, 0x56, 0xCD, 0x59, 0xD9,
    0x87, 0x74, 0x3A, 0x3D, 0x98, 0x81, 0xE7, 0x70, 0xF3, 0xFB, 0xF8, 0xF7, 0xB7, 0x6D, 0xAF, 0xE2,
    0x9B, 0x43, 0x9C, 0x16, 0x3B, 0xEE, 0x05, 0xBC, 0x79, 0xE6, 0xA0, 0x91, 0x23, 0x0B, 0x65, 0xA0,
    0xC1, 0xEB, 0x8D, 0xA9, 0xC4, 0x7F, 0xC5, 0x99, 0x05, 0x8C, 0xDE, 0x66, 0x3C, 0xE5, 0x40, 0x13,
    0xD2, 0xD0, 0x5C, 0xB2, 0xCB, 0xC9, 0x87, 0x2A, 0xEF, 0xD3, 0xFA, 0xF0, 0xC6, 0xA9, 0x5E, 0xA9,
    0x74, 0xC9, 0x7B, 0x35, 0x94, 0xB0, 0xCD, 0x72, 0xB2, 0xCD, 0x99, 0xF8, 0xB3, 0x84, 0x65, 0xB1,
    0xD8, 0x10, 0x57, 0xD8, 0x35, 0x39, 0xC5, 0x17, 0xA2, 0xB8, 0x0A, 0xEF, 0xC8, 0x39, 0xAE, 0xCE,
    0x69, 0x86, 0x2A, 0xAE, 0xDA, 0x57, 0xF4, 0x4A, 0xC4, 0xC9, 0x30, 0xAE, 0xEC, 0x23, 0x37, 0xF3,
    0xEA, 0xA0, 0x14, 0xA5, 0x6A, 0xA4, 0x46, 0x53, 0x76, 0x8B, 0x74, 0xFB, 0xBB, 0xB9, 0x9B, 0xA3,
    0x86, 0xE0, 0x0A, 0x9B, 0x32, 0xC4, 0x8E, 0x29, 0x87, 0x3A, 0x68, 0x65, 0x55, 0xA7, 0x5A, 0x53,
    0x6C, 0x54, 0x6E, 0xCB, 0x28, 0x7B, 0x95, 0x1B, 0x4C, 0xE5, 0x7C, 0x55, 0xD9, 0x16, 0x28, 0x56,
    0x46, 0xDB, 0x1C, 0xE5, 0x82, 0x0F, 0x38, 0x9A, 0x72, 0xC6, 0xC7, 0x94, 0x7F, 0xE6, 0xF1, 0xC9,
    0xA6, 0xF2, 0x07, 0xDE, 0x7D, 0xC2, 0x5D, 0xDE, 0x47, 0xBE, 0xFB, 0x34, 0xA8, 0x74, 0x93, 0x46,
    0x6C, 0x3A, 0xE1, 0x48, 0x69, 0x0B, 0x24, 0x2C, 0x26, 0xEB, 0x5D, 0x56, 0xF4, 0x31, 0xC7, 0x3E,
    0x3C, 0x7D, 0xBC, 0x35, 0xD9, 0x40, 0x0A, 0x78, 0xCE, 0x59, 0x37, 0xCE, 0xE8, 0xD6, 0x25, 0x98,
    0xAA, 0x4D, 0xB8, 0x59, 0x10, 0x38, 0x97, 0x36, 0x5C, 0x63, 0x8F, 0xCE, 0xD3, 0xF0, 0xB4, 0x90,
    0xFB, 0x9F, 0x7D, 0xD6, 0x6E, 0x2D, 0x06, 0x48, 0xDC, 0x23, 0xA3, 0x9D, 0x82, 0x59, 0x68, 0x56,
    0x16, 0x58, 0x2E, 0x36, 0xE9, 0x63, 0x99, 0xE6, 0x9C, 0xE5, 0xDD, 0x53, 0xD6, 0xC5, 0xBF, 0x62,
    0xE4, 0x9D, 0x81, 0xE7, 0x5D, 0x72, 0x71, 0x5D, 0x1D, 0xD8, 0x69, 0xBD, 0xED, 0x7E, 0xD1, 0xD1,
    0x47, 0x7A, 0x9B, 0xB3, 0x7A, 0x9B, 0xB3, 0x7A, 0x53, 0xC9, 0xD4, 0xB3, 0x2F, 0x15, 0x75, 0x63,
    0x56, 0xDC, 0xCF, 0x90, 0xA8, 0xA1, 0xA3, 0x86, 0x9C, 0xA2, 0xE8, 0x3B, 0xD6, 0x63, 0x79, 0x8D,
    0x86, 0xCB, 0xE1, 0x95, 0x8F, 0xCE, 0xF0, 0xEA, 0xBC, 0xA5, 0x4F, 0xE8, 0x7D, 0x8B, 0x3B, 0x57,
    0x31, 0x7D, 0x8B, 0xEF, 0x68, 0xEC, 0xAC, 0x15, 0x0E, 0xE6, 0xB8, 0x4B, 0x79, 0x65, 0xF7, 0x92,
    0x99, 0xB8, 0xBA, 0xB5, 0xE9, 0xF7, 0xCC, 0xE2, 0x98, 0xC9, 0x46, 0x1D, 0x81, 0xAB, 0xD0, 0x05,
    0x3D, 0x60, 0x49, 0xBF, 0xF4, 0x6F, 0x2E, 0xFD, 0xCD, 0xDE, 0xAC, 0x83, 0xFC, 0x54, 0x84, 0x11,
    0x49, 0xA4, 0xEB, 0xA5, 0xD1, 0x34, 0x48, 0x3D, 0x70, 0x8B, 0xBA, 0x9C, 0xA4, 0xF4, 0x52, 0x78,
    0x6E, 0x5D, 0x67, 0xCB, 0xBE, 0x93, 0x9D, 0x06, 0x49, 0x36, 0x11, 0x5C, 0xD4, 0x69, 0xAF, 0xA9,
    0xB3, 0x57, 0x3B, 0xD6, 0x39, 0x39, 0x6B, 0x3B, 0x0C, 0x9A, 0x4E, 0xB8, 0x46, 0x7F, 0x63, 0xE9,
    0xA6, 0x63, 0x9B, 0x96, 0x7A, 0xB1, 0xA3, 0x88, 0xAB, 0x0B, 0xB9, 0x30, 0x6B, 0x4F, 0x0C, 0x22,
    0x8E, 0xFB, 0x7E, 0xB8, 0xC7, 0xA5, 0xAC, 0x6A, 0x97, 0x6D, 0xA5, 0x2A, 0xB7, 0x16, 0x41, 0x8A,
    0x90, 0xAD, 0x52, 0x2E, 0x19, 0xB8, 0xFF, 0x1D, 0x57, 0x2F, 0x7D, 0x33, 0x89, 0xEB, 0x6D, 0x87,
    0xE3, 0x88, 0x9B, 0xBA, 0xD3, 0x73, 0x47, 0xB7, 0x4D, 0x5C, 0x88, 0x4F, 0x8D, 0xDD, 0x40, 0x8C,
    0xAC, 0x50, 0xCC, 0x87, 0x2D, 0x92, 0x3E, 0xCE, 0x04, 0xF5, 0xBE, 0xF7, 0xAC, 0xE5, 0xBE, 0x74,
    0x5A, 0xB2, 0xE5, 0x7D, 0xA6, 0xFB, 0xCA, 0x0D, 0x28, 0x9C, 0xA2, 0x80, 0xA2, 0xC2, 0xB9, 0x76,
    0xB6, 0x6A, 0x46, 0xE7, 0x15, 0xCE, 0x30, 0x57, 0xFA, 0x93, 0xB9, 0x4D, 0x2C, 0xB2, 0xA1, 0xCF,
    0x31, 0xA1, 0xB7, 0x3D, 0x7A, 0x55, 0x80, 0x4E, 0xFF, 0xF5, 0xF8, 0x0D, 0x74, 0x0C, 0xE7, 0x71,
    0x33, 0x09, 0x86, 0xC1, 0xE1, 0x91, 0x82, 0x4B, 0x6A, 0x2D, 0x02, 0xFF, 0x75, 0x60, 0xB9, 0xB5,
    0x60, 0x35, 0xA0, 0x8F, 0xAD, 0x7C, 0x8A, 0x20, 0xEE, 0xE7, 0xF6, 0x60, 0x7C, 0x5B, 0xE2, 0x51,
    0x60, 0x14, 0x87, 0x90, 0x01, 0xA1, 0x00, 0x54, 0xF7, 0x5F, 0x4F, 0x9C, 0x2B, 0x3B, 0xDB, 0xA6,
    0x88, 0xCA, 0x20, 0x9E, 0xFC, 0x1D, 0xD7, 0x20, 0xAB, 0x9E, 0x78, 0xFF, 0x9F, 0x4A, 0xDB, 0x2C,
    0xC0, 0x9A, 0xC4, 0x57, 0xFB, 0x89, 0xD3, 0xE1, 0x4B, 0x0F, 0xB1, 0x0E, 0x9D, 0x17, 0x80, 0x26,
    0x3B, 0x6C, 0x61, 0xD6, 0x78, 0x0C, 0xAF, 0x8D, 0x2B, 0x82, 0x16, 0xE9, 0x66, 0x85, 0x33, 0xF8,
    0x0B, 0xCC, 0xCC, 0x58, 0x14, 0x4D, 0x60, 0x39, 0x7C, 0x0F, 0xBE, 0x3A, 0xEE, 0x81, 0x12, 0xE2,
    0xD6, 0xDA, 0xDB, 0xB6, 0x66, 0x3C, 0x6E, 0xA3, 0x8F, 0x9B, 0xAD, 0xD9, 0x71, 0x63, 0x15, 0xEF,
    0xA2, 0xE5, 0xBA, 0xA2, 0xA7, 0x0E, 0x83, 0xFB, 0xF2, 0x4C, 0x41, 0x0B, 0xE3, 0x00, 0x5E, 0x53,
    0x8F, 0xF7, 0x17, 0xFB, 0x1A, 0x90, 0x3F, 0x91, 0x32, 0xBE, 0x06, 0x03, 0x92, 0x10, 0xC2, 0x30,
    0xCD, 0x31, 0x2B, 0xDC, 0xA9, 0x54, 0xF0, 0xB6, 0x1F, 0x08, 0x8C, 0x9A, 0x3D, 0xA4, 0x31, 0x62,
    0xDA, 0xF9, 0xC7, 0xF8, 0xB5, 0x66, 0xA1, 0x3D, 0x9E, 0xE6, 0x7D, 0xAF, 0x75, 0xC6, 0xA3, 0xDE,
    0xCE, 0xEE, 0xA7, 0x47, 0xC3, 0x11, 0x4D, 0x28, 0xB7, 0xFB, 0x0D, 0x77, 0xEA, 0xE8, 0x8B, 0xD2,
    0x18, 0x96, 0x82, 0x21, 0xFA, 0xDE, 0x2A, 0xE5, 0xBE, 0xB9, 0xED, 0xE3, 0x1C, 0x59, 0xD9, 0xC8,
    0x0C, 0xFC, 0x6B, 0x1C, 0x1B, 0xE8, 0x4B, 0xC5, 0x94, 0x5B, 0x7B, 0xE7, 0xC0, 0xD2, 0x71, 0x01,
    0x06, 0xC5, 0x4C, 0x4F, 0xF4, 0x74, 0x3E, 0x5B, 0x1A, 0xB7, 0xD6, 0x54, 0xE2, 0xB6, 0xFE, 0xE5,
    0x9D, 0xD9, 0xEE, 0xDB, 0x17, 0xD8, 0x8E, 0xCE, 0xDC, 0x47, 0x8F, 0x5E, 0x33, 0x85, 0x4F, 0x89,
    0x04, 0xE3, 0x6B, 0x42, 0xA4, 0x19, 0xE1, 0x31, 0xD3, 0xE9, 0x6F, 0xF7, 0x22, 0x9C, 0xE4, 0x9D,
    0xFF, 0xFA, 0x8F, 0x08, 0x6B, 0x52, 0x45, 0xCC, 0x4C, 0x9D, 0x97, 0x58, 0xDD, 0x5A, 0xE0, 0xF5,
    0xD7, 0x4B, 0xF0, 0x09, 0x5D, 0x73, 0x72, 0x18, 0x80, 0x16, 0xAB, 0xDC, 0x6C, 0x5F, 0xC1, 0x54,
    0xC9, 0xD9, 0xA9, 0xF3, 0x66, 0x96, 0x12, 0xF4, 0xF3, 0x55, 0xE1, 0x96, 0x18, 0x10, 0x6C, 0x36,
    0x76, 0x80, 0x5C, 0xA0, 0x25, 0x78, 0x8D, 0xB9, 0x1B, 0xCD, 0xBC, 0xD8, 0xC3, 0x53, 0x6D, 0xB2,
    0x37, 0xB0, 0x5B, 0x78, 0x34, 0xC5, 0x18, 0xFF, 0xFC, 0xFF, 0x2F, 0xA9, 0x9D, 0x0E, 0xBB, 0xFF,
    0x8C, 0x8A, 0x7F, 0x21, 0x07, 0x8B, 0xF5, 0xEC, 0xA6, 0x77, 0x1F, 0x63, 0x2D, 0xE1, 0xDD, 0x13,
    0xA0, 0x43, 0x70, 0xE0, 0xB1, 0x46, 0xB1, 0xB9, 0x90, 0xD1, 0x63, 0x4D, 0xA7, 0x4B, 0x22, 0x7D,
    0x73, 0x62, 0xD7, 0x84, 0x76, 0xF8, 0x98, 0xEE, 0xF6, 0xE4, 0x1B, 0x71, 0x37, 0x1E, 0x45, 0x0C,
    0x2B, 0x71, 0xF9, 0x2B, 0x25, 0xFB, 0xA8, 0xF1, 0x11, 0xC6, 0x26, 0x24, 0x60, 0x84, 0x82, 0xF9,
    0xFC, 0xEC, 0xBC, 0x74, 0x8B, 0xBD, 0xBF, 0x80, 0xDF, 0xF8, 0x73, 0x3E, 0xC6, 0xAF, 0x1A, 0xF9,
    0xFE, 0xBA, 0x72, 0x08, 0x2B, 0x21, 0xBE, 0xA5, 0xC4, 0xB0, 0x62, 0x83, 0x79, 0x9F, 0x77, 0xF6,
    0x17, 0x6F, 0x78, 0x22, 0x00, 0x02, 0x9D, 0x89, 0x0F, 0xF6, 0xB7, 0xBF, 0xCE, 0x25, 0xE3, 0x51,
    0x87, 0x5B, 0xF7, 0x05, 0x78, 0xF4, 0x4D, 0xC4, 0xEB, 0x8E, 0xF1, 0xFA, 0x25, 0x1E, 0x0E, 0xDE,
    0xD9, 0x41, 0xE7, 0xAF, 0xC1, 0x7D, 0x6A, 0x03, 0x69, 0x9D, 0x8D, 0x45, 0x73, 0x8F, 0xB3, 0xD5,
    0x4B, 0x9F, 0x71, 0x54, 0xE8, 0x13, 0x60, 0xC9, 0x80, 0xB5, 0x54, 0x59, 0x6E, 0x37, 0x6C, 0x7F,
    0xBF, 0xDC, 0xF4, 0xB4, 0xF7, 0x68, 0xBE, 0xAA, 0x5B, 0x60, 0x0F, 0x72, 0x03, 0x2B, 0x03, 0x2F,
    0x73, 0x8B, 0xBE, 0xDC, 0x2A, 0x20, 0x34, 0x7A, 0xAA, 0xF4, 0x29, 0xD0, 0xDB, 0x94, 0x73, 0xB7,
    0x15, 0xC1, 0x60, 0x67, 0xC2, 0xF3, 0x38, 0x01, 0x70, 0x49, 0x30, 0x5C, 0x3E, 0x5F, 0x26, 0xD8,
    0xA7, 0x9C, 0x54, 0x81, 0x41, 0x80, 0xD1, 0x26, 0x97, 0x4A, 0x4F, 0x7D, 0xE4, 0xCE, 0xEE, 0x27,
    0x67, 0x3D, 0xE8, 0xC8, 0xAF, 0x83, 0x8C, 0xC8, 0xF9, 0x38, 0xDC, 0x33, 0x55, 0x30, 0x34, 0x44,
    0x85, 0x40, 0x3F, 0x9C, 0x30, 0xC8, 0x7B, 0x31, 0x02, 0xBE, 0xF5, 0xA0, 0x99, 0xE3, 0x26, 0x49,
    0xFC, 0x57, 0x04, 0x5F, 0xEE, 0xFF, 0x8A, 0xE0, 0xA6, 0x02, 0xC2, 0x21, 0x18, 0xBE, 0x83, 0x3E,
    0xC5, 0x8F, 0xD1, 0x0A, 0xF7, 0x99, 0x14, 0x9B, 0xA8, 0xC3, 0xAE, 0xC2, 0x0D, 0x29, 0x05, 0x96,
    0xFD, 0xC5, 0xBA, 0x84, 0x27, 0x26, 0x5B, 0x73, 0xF0, 0xED, 0xF0, 0xAC, 0x8F, 0xFB, 0x5B, 0x98,
    0x32, 0x68, 0x37, 0x09, 0x95, 0x92, 0x2A, 0xA4, 0xF0, 0xC5, 0x26, 0xE5, 0xCA, 0x58, 0xB1, 0x0A,
    0xDF, 0xB7, 0x16, 0xED, 0xB7, 0x40, 0x8E, 0x50, 0xF1, 0xC5, 0xA2, 0x38, 0x0F, 0x35, 0x1F, 0xBB,
    0xF2, 0x69, 0xA8, 0x67, 0xBE, 0x5F, 0x3D, 0x5D, 0x1B, 0x2F, 0x29, 0xFE, 0xEA, 0xE9, 0xA6, 0x32,
    0xC1, 0x3F, 0xFC, 0x27, 0x1A, 0xED, 0x04, 0x4F, 0x7E, 0x89, 0x6E, 0x54, 0x89, 0x01, 0x8E, 0xEB,
    0x47, 0x95, 0x50, 0xD9, 0x51, 0x72, 0x51, 0x49, 0x17, 0x6A, 0x29, 0xDB, 0x0E, 0x74, 0x05, 0x8B,
    0x6A, 0xFA, 0x5E, 0xA5, 0x23, 0xAF, 0x37, 0xA1, 0x8B, 0x0A, 0xF7, 0xD8, 0x7E, 0xC4, 0x21, 0xDA,
    0xC0, 0x1E, 0x73, 0x60, 0x38, 0x8C, 0xA9, 0x8A, 0xC3, 0x19, 0x59, 0x53, 0xD1, 0xF0, 0x67, 0xDC,
    0x0E, 0xFB, 0x74, 0xA5, 0x56, 0x30, 0x95, 0x7B, 0xEA, 0x3F, 0xA8, 0xF1, 0x60, 0x8F, 0xC1, 0x72,
    0xB4, 0xAA, 0x6D, 0x94, 0x54, 0x0A, 0x8E, 0xB2, 0xF3, 0x05, 0x7B, 0xDB, 0x0D, 0xFA, 0xA7, 0x18,
    0x12, 0xFC, 0xEC, 0x60, 0x50, 0xF7, 0x6F, 0x8A, 0xE6, 0x57, 0xAB, 0xE2, 0x3C, 0xEC, 0xAB, 0x8E,
    0x92, 0x06, 0x2D, 0xD8, 0x65, 0x1E, 0x5F, 0x54, 0x8E, 0xFF, 0x10, 0xD1, 0x13, 0x12, 0xDF, 0x67,
    0x72, 0x6A, 0x5B, 0xC4, 0x0A, 0x13, 0xD1, 0x8A, 0x24, 0x77, 0xC4, 0x36, 0x2D, 0x1E, 0xD0, 0x79,
    0x0F, 0xA7, 0x6D, 0x0D, 0x25, 0x98, 0xE8, 0x75, 0x56, 0xAC, 0xDE, 0xE2, 0xCA, 0x47, 0x2F, 0xA7,
    0x17, 0x97, 0xD9, 0xF9, 0xDD, 0xB7, 0x3B, 0x0B, 0xE8, 0xC7, 0x53, 0x18, 0x18, 0x7C, 0x4A, 0xBF,
    0xBA, 0x9F, 0x41, 0xB2, 0xED, 0xF9, 0x94, 0x1E, 0x2E, 0x56, 0xAB, 0x80, 0xB7, 0x5B, 0xB0, 0x48,
    0xBD, 0x1E, 0x72, 0xC9, 0xEB, 0x12, 0x4E, 0xB5, 0x4D, 0xD1, 0x74, 0x5B, 0xF9, 0x32, 0xC7, 0x7B,
    0x27, 0xBD, 0xF0, 0xB5, 0x7E, 0xD5, 0xE7, 0x8D, 0x36, 0x48, 0x0F, 0x29, 0x8B, 0xE9, 0xA8, 0x8F,
    0xA6, 0x91, 0xAA, 0xD4, 0x41, 0x5C, 0x48, 0x30, 0xA6, 0x97, 0xD5, 0xFE, 0x4A, 0xDD, 0xDB, 0x90,
    0x6E, 0xE3, 0x8A, 0xB8, 0x3B, 0x95, 0xE4, 0xA7, 0x71, 0xCD, 0xFC, 0x16, 0x9D, 0xA0, 0xB6, 0x90,
    0x3A, 0xB9, 0xBF, 0x03, 0x86, 0x3F, 0x14, 0x67, 0x56, 0x9F, 0xE5, 0xFF, 0x00, 0xD5, 0x9A, 0x3F,
    0xAC, 0xE5, 0xC6, 0x79, 0xC5, 0x0F, 0x49, 0x6B, 0x69, 0x88, 0x40, 0x26, 0x85, 0x15, 0x20, 0x56,
    0x00, 0x36, 0x2E, 0x92, 0x4D, 0x10, 0xF6, 0x80, 0xAC, 0xA1, 0x95, 0x22, 0x85, 0x9A, 0x2D, 0xB4,
    0x50, 0xA1, 0xC2, 0x29, 0x52, 0x78, 0x95, 0xE2, 0xD5, 0x01, 0xE4, 0x0C, 0x23, 0xF5, 0xB0, 0x1A,
    0xD7, 0x79, 0x85, 0x0C, 0x48, 0xCF, 0x85, 0x52, 0xB8, 0x30, 0x82, 0xD5, 0x0E, 0xA1, 0x2D, 0xD2,
    0x12, 0x0E, 0x8C, 0xB4, 0x44, 0xEC, 0xD8, 0x80, 0x52, 0x68, 0x14, 0x51, 0x10, 0xB5, 0x1A, 0xF2,
    0x64, 0x0E, 0x78, 0x79, 0xF7, 0xFA, 0x65, 0x57, 0x82, 0xE4, 0xCD, 0xCB, 0xEE, 0x90, 0xFC, 0x7D,
    0x8F, 0xF3, 0xF7, 0x7C, 0x43, 0x0E, 0xF9, 0xF1, 0xE1, 0x02, 0xCD, 0xE0, 0x27, 0xCE, 0x8C, 0x9C,
    0x5D, 0xA8, 0x7B, 0x40, 0x39, 0xDA, 0xEC, 0x78, 0xD8, 0xC2, 0xB6, 0xB9, 0xE3, 0xF6, 0xEA, 0x39,
    0xF0, 0x0E, 0x00, 0x2C, 0x47, 0xAC, 0x00, 0x2A, 0x8E, 0x80, 0xE7, 0x8A, 0x82, 0x24, 0x0C, 0x19,
    0xD1, 0x90, 0x13, 0xEC, 0xB2, 0x00, 0x6E, 0x4A, 0xF0, 0x21, 0x81, 0x02, 0x47, 0x21, 0xEC, 0x79,
    0x7E, 0x5E, 0xA0, 0x7A, 0xDF, 0x52, 0x8B, 0xA8, 0xB6, 0x2B, 0x4A, 0x92, 0x00, 0xB9, 0x00, 0xCF,
    0x72, 0x3C, 0x8E, 0x76, 0xC4, 0x0F, 0x84, 0xA7, 0x00, 0xE4, 0x9C, 0x81, 0x9A, 0x6C, 0xE1, 0xC8,
    0x01, 0x24, 0xFB, 0x9C, 0x9F, 0x9D, 0xA1, 0x60, 0xFF, 0x8D, 0x84, 0x0E, 0x27, 0xC8, 0x85, 0x3F,
    0xE7, 0x07, 0x6F, 0xC1, 0x92, 0xF3, 0x11, 0x13, 0xE0, 0x46, 0x1C, 0xE0, 0x05, 0xF6, 0x87, 0xCA,
    0x15, 0xC9, 0xD1, 0x26, 0x04, 0xF7, 0xBB, 0xC8, 0x00, 0xB4, 0x55, 0x87, 0x62, 0x68, 0xFE, 0x83,
    0x3F, 0x9A, 0x54, 0x25, 0x1A, 0x15, 0x48, 0x78, 0x5F, 0xF1, 0x05, 0x0E, 0x66, 0x81, 0x0F, 0x26,
    0xC2, 0x86, 0x5A, 0x30, 0x07, 0xB8, 0x60, 0x08, 0x8E, 0xAA, 0xD7, 0x9B, 0xBD, 0xFB, 0xD9, 0x7E,
    0xCE, 0x0F, 0xA3, 0xE9, 0x51, 0x84, 0x02, 0x40, 0xE7, 0x26, 0xD4, 0xD1, 0xCE, 0xB0, 0xB1, 0x89,
    0x6A, 0xB6, 0xC2, 0x87, 0x92, 0x60, 0x5F, 0x30, 0x63, 0x9F, 0xF1, 0x75, 0x02, 0xBC, 0x9B, 0xE0,
    0xFE, 0x3D, 0x02, 0x96, 0x09, 0x35, 0x03, 0x1A, 0x75, 0x75, 0xC4, 0xA4, 0x49, 0xC0, 0x53, 0x2F,
    0xF3, 0x97, 0x37, 0x1E, 0x54, 0xF0, 0x40, 0xF0, 0x52, 0xBA, 0x09, 0xE0, 0x0E, 0x2F, 0xA5, 0x5B,
    0x78, 0x76, 0x6D, 0x01, 0xAF, 0x8E, 0x0E, 0x17, 0x2B, 0xA2, 0xE2, 0x2B, 0x13, 0xCC, 0x82, 0x73,
    0x18, 0x02, 0xA8, 0x38, 0xA8, 0xCB, 0x15, 0x2A, 0x1D, 0x51, 0xAB, 0x8A, 0xFD, 0x94, 0x84, 0x1F,
    0x1A, 0xF6, 0xBE, 0x2F, 0x12, 0x46, 0x70, 0xF0, 0x33, 0xDC, 0x68, 0xD9, 0xB9, 0xA1, 0xE6, 0xAC,
    0x99, 0x23, 0xBB, 0x8C, 0x6A, 0x97, 0xCE, 0x01, 0xF8, 0x98, 0x50, 0x47, 0xE4, 0xAD, 0x89, 0xA8,
    0x46, 0x4D, 0x25, 0x29, 0x70, 0x42, 0x45, 0x0D, 0xE2, 0x57, 0x6C, 0xA9, 0xEA, 0xAA, 0x4E, 0x77,
    0xAC, 0x0B, 0xDB, 0xA1, 0xBF, 0x95, 0x07, 0x5C, 0xD3, 0x0D, 0x8B, 0x9C, 0xEA, 0x51, 0x52, 0x28,
    0xF5, 0x83, 0x2E, 0x78, 0xB6, 0x00, 0xE5, 0x8C, 0x22, 0xE0, 0x6F, 0xB1, 0xC0, 0x24, 0x11, 0xBD,
    0x45, 0xDD, 0x79, 0x4E, 0x4D, 0x6B, 0x33, 0x32, 0x98, 0xDE, 0x16, 0xCC, 0xFA, 0xAA, 0x7F, 0xBE,
    0x8C, 0x40, 0x39, 0xFC, 0xB0, 0x9A, 0x21, 0x63, 0x26, 0xA0, 0x18, 0x77, 0xB3, 0x65, 0xAA, 0x0A,
    0x2A, 0x35, 0x78, 0x61, 0x30, 0x7D, 0xF3, 0x3D, 0x35, 0xEF, 0x4C, 0xEF, 0x18, 0x6C, 0x5B, 0x8D,
    0x86, 0x9D, 0x43, 0x31, 0xE3, 0x0F, 0xB3, 0x08, 0xAC, 0x40, 0x35, 0x01, 0xF6, 0xD7, 0x99, 0x1F,
    0x00, 0x79, 0x0D, 0x39, 0xCB, 0x51, 0x26, 0x7B, 0x49, 0xB8, 0x83, 0x86, 0xA3, 0xE3, 0x64, 0xDF,
    0x8D, 0x28, 0x62, 0xCE, 0xD8, 0x30, 0xBA, 0xFF, 0x8A, 0x2C, 0x22, 0xCB, 0x48, 0x46, 0x97, 0x72,
    0x3E, 0x89, 0x19, 0x80, 0xEF, 0xE0, 0x06, 0xFE, 0x21, 0x9B, 0xB3, 0xB5, 0x9C, 0xCB, 0x58, 0x87,
    0x3A, 0xD8, 0xDE, 0x0E, 0x6C, 0x6D, 0xB7, 0xC2, 0x22, 0x42, 0x56, 0xE7, 0x75, 0x70, 0xBD, 0xCA,
    0xF3, 0x54, 0x0F, 0x77, 0xF2, 0x19, 0x7F, 0x8A, 0xF3, 0x9B, 0x29, 0xB5, 0x24, 0x39, 0xDE, 0xC7,
    0xC5, 0xC5, 0x85, 0x97, 0x8E, 0xE6, 0x0B, 0xF1, 0xED, 0x37, 0xAF, 0x5F, 0xBC, 0xE9, 0x19, 0xB6,
    0xFD, 0xFA, 0xC5, 0x39, 0x9A, 0x5F, 0x23, 0x27, 0x61, 0xC6, 0xBA, 0x6F, 0x90, 0x87, 0xE7, 0x5C,
    0x98, 0x6F, 0xFB, 0xF8, 0xDA, 0x7C, 0xFB, 0xF6, 0x73, 0xD3, 0x7B, 0xF1, 0xB9, 0xC9, 0x87, 0xE7,
    0x7E, 0x7E, 0x7B, 0x7A, 0xED, 0xB5, 0xDB, 0xB7, 0x6F, 0x3F, 0xFF, 0x9D, 0x3F, 0x9B, 0xEA, 0xAE,
    0x1C, 0xCB, 0x7B, 0xBE, 0x03, 0x17, 0xE0, 0xA9, 0x16, 0x96, 0x3C, 0xEE, 0xC9, 0xF9, 0x8A, 0x63,
    0xC3, 0xC9, 0xBE, 0x10, 0xEF, 0x20, 0xBE, 0x87, 0xE5, 0x0E, 0x16, 0x97, 0x45, 0xFB, 0xE1, 0x6C,
    0x18, 0x72, 0x76, 0xC7, 0x69, 0x2A, 0xE2, 0x17, 0xE0, 0xD4, 0xB1, 0x1D, 0x0F, 0x6F, 0xB1, 0xA7,
    0x07, 0x37, 0x03, 0x4A, 0x76, 0x8D, 0x9C, 0x9D, 0xFD, 0xF7, 0xE3, 0x9F, 0x14, 0x11, 0xDB, 0x6E,
    0x26, 0x34, 0x01, 0xBE, 0xCF, 0x09, 0xB3, 0xBE, 0x63, 0xB9, 0x3A, 0x6A, 0x57, 0xA7, 0x54, 0x7D,
    0xCB, 0x58, 0x57, 0xAA, 0x89, 0x32, 0xC2, 0x07, 0x70, 0x84, 0x4F, 0xA7, 0x0B, 0xF2, 0xF5, 0xBB,
    0xC5, 0x4A, 0x2E, 0x8E, 0xD1, 0x70, 0xC4, 0x2D, 0xE0, 0x99, 0x1B, 0xE0, 0x9C, 0xEB, 0xD9, 0xD0,
    0x99, 0x15, 0xCD, 0x0C, 0x3B, 0xC2, 0x77, 0x78, 0xF5, 0x3C, 0xBB, 0xE8, 0xE0, 0x43, 0xCE, 0xFE,
    0xF7, 0xA0, 0x7A, 0x28, 0xC4, 0xA9, 0x12, 0x97, 0x33, 0xE5, 0x93, 0x5C, 0x21, 0x32, 0x71, 0xF1,
    0xE2, 0xD4, 0x24, 0x7E, 0xD4, 0x66, 0x6F, 0x49, 0x2C, 0xF0, 0x50, 0xBA, 0x51, 0x44, 0x76, 0xEB,
    0xE9, 0xB7, 0xE1, 0x58, 0x2F, 0x05, 0x13, 0x8C, 0xD0, 0x08, 0x56, 0x70, 0x82, 0x7F, 0x00, 0xDC,
    0xB1, 0x4A, 0x2D, 0x54, 0x42, 0x2E, 0xC0, 0x09, 0xD9, 0x45, 0x02, 0xF0, 0x15, 0x71, 0xAD, 0xB5,
    0xC1, 0x47, 0xA6, 0xCD, 0x47, 0x1B, 0xAE, 0xB5, 0x00, 0xCA, 0x00, 0x33, 0xA2, 0x9E, 0xD0, 0xAC,
    0x00, 0xB5, 0xBF, 0x42, 0x30, 0x6A, 0x56, 0xE1, 0x50, 0xB2, 0xB5, 0xD4, 0x7E, 0x9D, 0x2D, 0xBE,
    0x78, 0x6F, 0x3A, 0xE4, 0x9C, 0x61, 0x48, 0xD4, 0xF7, 0x52, 0x9B, 0xC1, 0xF5, 0xF6, 0xD2, 0xD6,
    0x8C, 0xEC, 0x54, 0x5E, 0x72, 0x01, 0x18, 0xA0, 0xD7, 0xD3, 0xB7, 0xF0, 0x37, 0x78, 0x2F, 0x9F,
    0xE0, 0x5F, 0x58, 0xA0, 0x25, 0x68, 0x82, 0x1D, 0xB4, 0x04, 0xF3, 0x58, 0x05, 0xC4, 0x22, 0xC8,
    0xEA, 0xDC, 0x4C, 0x76, 0x50, 0xB9, 0x7F, 0x61, 0xDD, 0x57, 0xA6, 0x04, 0xA2, 0x08, 0x40, 0xC5,
    0x74, 0x8C, 0x80, 0x23, 0x60, 0xFA, 0xCD, 0xDA, 0x0E, 0xB8, 0x2E, 0x0B, 0x00, 0x04, 0xD6, 0xCD,
    0x66, 0x71, 0xB3, 0xC5, 0xBC, 0xD9, 0x32, 0x6C, 0xD6, 0x8C, 0x9B, 0xAD, 0xFB, 0x7A, 0x96, 0xB5,
    0x9D, 0x8D, 0xB2, 0x0E, 0x4E, 0x16, 0x0B, 0x28, 0x9B, 0xC5, 0x7C, 0x4D, 0x16, 0xC5, 0x54, 0x7C,
    0x2C, 0x5B, 0x05, 0xF3, 0x2B, 0x59, 0x33, 0xD4, 0x77, 0x65, 0x9B, 0xDE, 0xBE, 0x21, 0x6B, 0x5B,
    0x47, 0xF6, 0x80, 0x87, 0x97, 0xC5, 0x02, 0x27, 0x9B, 0x47, 0xA0, 0xD0, 0x11, 0x64, 0x25, 0x7A,
    0xB3, 0x4F, 0x77, 0x80, 0x92, 0xDB, 0xB2, 0xAA, 0x4B, 0x7E, 0xC8, 0x3A, 0xC8, 0x9F, 0xAF, 0xE0,
    0xC7, 0x66, 0x6D, 0xEB, 0x27, 0x59, 0x57, 0x70, 0x95, 0xD5, 0xFD, 0x07, 0x30, 0x8F, 0xE6, 0x37,
    0xEC, 0xC0, 0xE4, 0x47, 0xEB, 0x3B, 0xF9, 0x01, 0xB8, 0x4E, 0x7E, 0x00, 0xBE, 0x95, 0x1F, 0x00,
    0x21, 0x3F, 0xB4, 0x0E, 0xE5, 0x07, 0x8C, 0x46, 0x8A, 0x80, 0x0D, 0x40, 0x3E, 0x23, 0xE3, 0x07,
    0x9D, 0xFC, 0x28, 0xC9, 0x5E, 0xA2, 0x8D, 0xAC, 0xE9, 0x37, 0xFB, 0xED, 0x16, 0xA7, 0x29, 0xE3,
    0xB8, 0xF9, 0xC6, 0x08, 0x39, 0x50, 0x73, 0x73, 0xA0, 0x7C, 0x9F, 0x28, 0x26, 0x20, 0xDB, 0x1D,
    0xC8, 0x08, 0x29, 0x40, 0x13, 0x21, 0x05, 0xB0, 0x13, 0x6C, 0x2B, 0xBB, 0xC2, 0x43, 0x89, 0xED,
    0x22, 0x03, 0xFF, 0x7A, 0xCC, 0x09, 0xD3, 0xF2, 0x8D, 0xA9, 0x22, 0x2C, 0xF9, 0x62, 0x30, 0x44,
    0xCD, 0xD5, 0xF4, 0x96, 0x28, 0x38, 0x37, 0xBD, 0x73, 0x48, 0x3A, 0x2C, 0xD6, 0x64, 0x81, 0x3B,
    0x59, 0xF4, 0xB2, 0xB1, 0x98, 0x65, 0xF3, 0xB9, 0x0A, 0xB2, 0x45, 0x30, 0xE4, 0x04, 0x98, 0x71,
    0xB3, 0x75, 0xBF, 0x59, 0xCD, 0xBA, 0xCA, 0x1D, 0x36, 0xBB, 0x1E, 0xEC, 0xDB, 0x38, 0xA6, 0x6A,
    0x92, 0x4E, 0x69, 0x3B, 0x1C, 0xCB, 0x76, 0x5E, 0x05, 0x1C, 0x53, 0x3D, 0xA7, 0x43, 0x75, 0x92,
    0x75, 0x01, 0xE0, 0x88, 0x82, 0x9A, 0x23, 0xA0, 0x59, 0xEE, 0x67, 0xFB, 0x90, 0xEC, 0x54, 0x74,
    0x76, 0xF5, 0xC1, 0x92, 0x73, 0xBD, 0x45, 0x49, 0x1D, 0xFC, 0x8C, 0x43, 0x62, 0x14, 0xED, 0x2A,
    0x1A, 0xB6, 0x72, 0x81, 0x03, 0xA0, 0xF6, 0x62, 0x35, 0xE3, 0x98, 0x5E, 0x95, 0x48, 0x70, 0x49,
    0xC8, 0x48, 0xD5, 0x14, 0x51, 0x90, 0x6D, 0xE2, 0x4A, 0x5D, 0xEE, 0xC8, 0x1E, 0x30, 0x91, 0x83,
    0xE8, 0x47, 0xA0, 0x99, 0x6D, 0xD0, 0x7C, 0x5B, 0x31, 0x6C, 0xC2, 0xA4, 0x9C, 0xA3, 0x11, 0x07,
    0xB3, 0xAA, 0x33, 0x12, 0xB9, 0x88, 0x42, 0x6C, 0x4B, 0xB1, 0xAF, 0x78, 0xF3, 0x65, 0xF6, 0xAA,
    0xA0, 0x88, 0x4E, 0x4D, 0x1A, 0x35, 0x09, 0x36, 0xD1, 0x4F, 0x56, 0x5D, 0xDD, 0x57, 0xE7, 0x56,
    0x48, 0x96, 0x32, 0x0A, 0xCA, 0x01, 0x43, 0x40, 0xC3, 0x8B, 0x76, 0x78, 0x32, 0xBC, 0x60, 0xDC,
    0xF5, 0x6C, 0xB7, 0x3F, 0xEA, 0x45, 0xA3, 0xDB, 0xA0, 0xEB, 0xED, 0xBB, 0x22, 0x3E, 0xDE, 0x5E,
    0x94, 0x4B, 0x96, 0x64, 0x35, 0xD4, 0x93, 0xCA, 0x92, 0x2A, 0x22, 0x67, 0x80, 0x2F, 0x32, 0x24,
    0xC9, 0x60, 0xF7, 0x78, 0xEB, 0xBF, 0xD6, 0xE6, 0x9D, 0x42, 0xAC, 0xFA, 0xD8, 0xFF, 0xCE, 0x26,
    0x28, 0xC6, 0x2D, 0x87, 0xC7, 0x5A, 0xBF, 0x02, 0x43, 0x00, 0xE0, 0x0A, 0x69, 0x90, 0x92, 0x72,
    0xB2, 0x5D, 0x62, 0x10, 0x8B, 0xE8, 0xDA, 0x5D, 0x2D, 0x9A, 0xE9, 0xB1, 0x5F, 0x11, 0x17, 0x29,
    0x9D, 0x63, 0xEB, 0x45, 0xA1, 0xFE, 0xC1, 0x96, 0x07, 0x6B, 0x0E, 0xB6, 0x5E, 0xF9, 0xCB, 0x9B,
    0x37, 0x00, 0x7B, 0x4F, 0x12, 0x01, 0xF7, 0xDF, 0x9B, 0xE5, 0x6E, 0x7F, 0x21, 0x8B, 0x82, 0xEF,
    0x6B, 0xEC, 0x64, 0x5F, 0x97, 0x45, 0xC5, 0x5C, 0x16, 0x66, 0xDD, 0x6C, 0x13, 0x37, 0x6B, 0x45,
    0x00, 0xFE, 0x60, 0xB9, 0xD9, 0xFC, 0x60, 0x0B, 0x7E, 0xF0, 0x53, 0xD9, 0x8A, 0xAD, 0xB2, 0x66,
    0x43, 0xC8, 0xC6, 0x7A, 0xDD, 0xAC, 0x8D, 0x9B, 0x75, 0xF3, 0x66, 0x81, 0xB3, 0xFD, 0x3B, 0xCC,
    0xEA, 0x94, 0xE4, 0x52, 0xA8, 0x61, 0xC9, 0xA9, 0x0C, 0x86, 0x3D, 0xDA, 0x9A, 0x00, 0xEC, 0x22,
    0x44, 0x41, 0xBE, 0xBB, 0x07, 0xC0, 0xC6, 0x23, 0xD6, 0x04, 0x35, 0x83, 0xE1, 0x80, 0x50, 0x72,
    0x3D, 0x93, 0x7A, 0xAE, 0x50, 0xF7, 0x68, 0xC8, 0x49, 0xA3, 0x77, 0x80, 0x99, 0x54, 0xB3, 0x57,
    0x9B, 0x71, 0x6F, 0x9D, 0xAF, 0x3B, 0xCE, 0x34, 0x28, 0xD5, 0xF7, 0xDA, 0x42, 0x09, 0x96, 0xEA,
    0x74, 0x73, 0x58, 0x0D, 0xDC, 0xA4, 0xF3, 0x65, 0x6F, 0xA0, 0x74, 0x3D, 0x5D, 0x16, 0xF9, 0xC2,
    0xF6, 0x32, 0x3E, 0xBB, 0x79, 0x73, 0x53, 0x7F, 0x19, 0x64, 0x7C, 0x00, 0xE6, 0x07, 0x57, 0x16,
    0x8E, 0x9D, 0x76, 0x97, 0x80, 0x2D, 0xD5, 0xEC, 0x0E, 0xB3, 0xC0, 0x09, 0xC8, 0xB7, 0x0B, 0x22,
    0xA5, 0xF3, 0xE3, 0x23, 0xB2, 0x61, 0x0B, 0x38, 0xF6, 0xC8, 0xC8, 0x80, 0x82, 0x67, 0x11, 0x26,
    0x96, 0x44, 0x33, 0xC2, 0xB7, 0xFF, 0xFF, 0x22, 0xB3, 0x73, 0x9C, 0xA3, 0x8C, 0x45, 0x84, 0x59,
    0xAA, 0x75, 0x43, 0x15, 0xCB, 0x05, 0x79, 0xC8, 0xA6, 0xC7, 0x63, 0x12, 0x2D, 0x61, 0xD8, 0xE9,
    0x6D, 0xEE, 0x27, 0xD4, 0xF1, 0x70, 0x0B, 0xA6, 0x6F, 0x1E, 0xB3, 0x3E, 0x92, 0x7D, 0x0B, 0x1B,
    0x32, 0xCE, 0x69, 0x08, 0x43, 0x85, 0x0A, 0x76, 0x80, 0xFC, 0x3E, 0x97, 0xB6, 0x47, 0xB2, 0x9F,
    0xAC, 0x2A, 0xBF, 0xDF, 0x0A, 0x25, 0xCF, 0x66, 0xDD, 0x0A, 0xAB, 0x6E, 0x05, 0x02, 0x38, 0x78,
    0x85, 0x4D, 0xD2, 0xD5, 0x43, 0xAF, 0x3D, 0xBD, 0xF4, 0xF4, 0x18, 0xDF, 0x8E, 0x3A, 0xEC, 0x2F,
    0x3B, 0x4D, 0x86, 0x1C, 0xF9, 0x3F, 0x3D, 0x2E, 0x2E, 0x6E, 0x00, 0x99, 0xAE, 0x3A, 0xC4, 0x19,
    0xE2, 0x2A, 0xEA, 0x46, 0xE5, 0x70, 0xC6, 0x21, 0xB1, 0x60, 0x48, 0xC4, 0x46, 0x3F, 0x8B, 0x36,
    0x3E, 0xCB, 0x7B, 0xE7, 0x36, 0x5A, 0x32, 0xFC, 0x2E, 0xFF, 0x88, 0xFF, 0x79, 0xC3, 0xC6, 0xAD,
    0x8E, 0xE8, 0x66, 0x91, 0x53, 0x62, 0x4E, 0xF5, 0x50, 0x71, 0xCC, 0xF8, 0x01, 0xD9, 0x6B, 0x14,
    0x42, 0x8C, 0x10, 0x47, 0xF1, 0x33, 0x00, 0xF5, 0x74, 0xED, 0x1C, 0xF0, 0xAB, 0x09, 0x00, 0xC9,
    0x80, 0x5C, 0xA5, 0x28, 0x96, 0x46, 0x57, 0xF2, 0xED, 0x62, 0xC5, 0x21, 0x5D, 0x7F, 0x0B, 0xF9,
    0x05, 0x6C, 0x44, 0x49, 0x58, 0x6E, 0x6C, 0x45, 0xF6, 0x22, 0x07, 0x91, 0x41, 0xE4, 0x24, 0x7E,
    0x18, 0xC5, 0xCF, 0x17, 0xF1, 0x63, 0x6E, 0xFC, 0xAB, 0xC4, 0x8F, 0x78, 0x37, 0x31, 0xF0, 0x57,
    0xA2, 0xFB, 0x58, 0xB4, 0x9F, 0x8A, 0x86, 0xF7, 0x59, 0x50, 0xCC, 0x29, 0x62, 0xA3, 0x17, 0x61,
    0x45, 0x34, 0x22, 0x0C, 0x2F, 0xC5, 0xF7, 0x14, 0x2B, 0x76, 0x89, 0x9A, 0x08, 0x65, 0x5D, 0x8E,
    0xEF, 0xE1, 0x97, 0x04, 0x23, 0x1F, 0xE1, 0xF6, 0xD9, 0x20, 0x0A, 0xB1, 0x37, 0x1C, 0x6B, 0xAD,
    0x92, 0x36, 0x67, 0x68, 0xD6, 0xE3, 0xDB, 0x7A, 0x16, 0x6D, 0xB4, 0xB3, 0xE8, 0x1E, 0x42, 0x1B,
    0x77, 0xBA, 0xD9, 0x2E, 0x00, 0xA7, 0x9A, 0xC8, 0xA8, 0xB7, 0x5F, 0xC1, 0xB1, 0xE4, 0x67, 0xEF,
    0xEA, 0x0F, 0x92, 0x2D, 0x12, 0x56, 0xA0, 0xD9, 0x5F, 0xF8, 0x1D, 0xF6, 0x98, 0xE6, 0x34, 0xCA,
    0xC7, 0xC3, 0xA2, 0xFC, 0xF1, 0x09, 0xF2, 0x65, 0x53, 0x98, 0x9D, 0xC4, 0xFA, 0x66, 0xF1, 0xE1,
    0x7E, 0xAC, 0x9F, 0x2F, 0x4F, 0x82, 0x2F, 0x5B, 0xC4, 0x5F, 0xF3, 0xEE, 0x31, 0xE2, 0x77, 0x22,
    0xFC, 0x5F, 0x33, 0x00, 0x7F, 0x07, 0xDF, 0x3F, 0x01, 0x5E, 0xEC, 0x71, 0x7F, 0x30, 0x9A, 0xFF,
    0xA9, 0x99, 0x37, 0x2A, 0xA7, 0x9E, 0xB6, 0xB8, 0xFF, 0x09, 0xF0, 0x22, 0x03, 0xBE, 0x91, 0xB4,
    0xE2, 0xBB, 0x68, 0x46, 0xB0, 0xB5, 0x73, 0xA1, 0x18, 0xDB, 0x48, 0x9C, 0x8F, 0x00, 0x29, 0xE7,
    0xD8, 0x1F, 0x96, 0x8C, 0x55, 0x3B, 0xB9, 0x51, 0x90, 0x33, 0x0C, 0xCD, 0x0A, 0x1B, 0x0B, 0x76,
    0x36, 0x80, 0x9D, 0xE9, 0xF1, 0x3C, 0x72, 0xE0, 0x9B, 0x38, 0x49, 0xE7, 0x72, 0x3E, 0x8F, 0x72,
    0xFE, 0xB7, 0xAB, 0x9C, 0x67, 0x94, 0xF3, 0x0C, 0x92, 0x25, 0xB7, 0x47, 0xED, 0x6C, 0x4B, 0x39,
    0x0F, 0xC3, 0xC9, 0x46, 0x58, 0xCA, 0x79, 0x32, 0x39, 0x9F, 0xD3, 0x27, 0x57, 0xCB, 0x55, 0x0E,
    0x9B, 0x28, 0xDA, 0xA0, 0x49, 0xE1, 0x90, 0xB8, 0xB2, 0x4B, 0xE4, 0x0A, 0x37, 0x37, 0x8C, 0xF0,
    0xC9, 0xF9, 0x20, 0xE7, 0x39, 0x6C, 0xCE, 0x9F, 0xE9, 0x49, 0x2A, 0xE7, 0x8D, 0x9C, 0x87, 0xA5,
    0x9C, 0x77, 0x77, 0xE5, 0xBC, 0x69, 0x0F, 0xCE, 0x1F, 0x53, 0xC9, 0x31, 0x31, 0xE3, 0x84, 0x3D,
    0xE2, 0x45, 0x45, 0x31, 0x67, 0x2F, 0xE3, 0x06, 0xF1, 0xF0, 0x6E, 0xCB, 0x2F, 0x14, 0xE3, 0x16,
    0x7C, 0xF4, 0x2C, 0x09, 0x3B, 0x1F, 0x58, 0x25, 0x6A, 0xE6, 0xD0, 0xAC, 0xDA, 0x0D, 0x7F, 0xC3,
    0x88, 0x8A, 0xE4, 0x8C, 0x22, 0x31, 0x00, 0xA4, 0xC4, 0x35, 0x5C, 0x01, 0xE0, 0xD5, 0x16, 0xC7,
    0x94, 0xAB, 0x14, 0x15, 0x87, 0x3D, 0xE4, 0x87, 0x9D, 0x45, 0x65, 0x20, 0x23, 0x9E, 0x20, 0x5F,
    0x0A, 0x15, 0xC2, 0x30, 0x62, 0x2F, 0xF5, 0x9F, 0xB2, 0x43, 0xC6, 0xCE, 0x0F, 0x28, 0x16, 0xD4,
    0xE3, 0x93, 0xE0, 0xCB, 0x1F, 0xA7, 0x0D, 0x60, 0xEB, 0x15, 0xCE, 0xF5, 0xDC, 0x38, 0x00, 0xEC,
    0x52, 0x0E, 0xFE, 0x32, 0x6D, 0x4F, 0xCE, 0x15, 0x39, 0xFE, 0xC3, 0x6C, 0x4C, 0x34, 0x6C, 0x8F,
    0x0B, 0xC6, 0x8F, 0x22, 0x5B, 0x9C, 0x86, 0x38, 0x9D, 0x42, 0x1C, 0x76, 0xF5, 0xAA, 0x11, 0x4D,
    0xDA, 0xF5, 0x07, 0xEA, 0x88, 0x82, 0x2A, 0xCA, 0xD9, 0x5B, 0x8D, 0x35, 0xF8, 0x44, 0x1F, 0x38,
    0x40, 0x11, 0x8D, 0xC6, 0xFD, 0x5C, 0x1D, 0x19, 0x12, 0xE2, 0x92, 0x58, 0x32, 0x42, 0xC3, 0xCE,
    0x92, 0x20, 0x81, 0x00, 0xC7, 0xAF, 0x4A, 0xCD, 0xF0, 0x03, 0x3F, 0x28, 0xDE, 0x14, 0x08, 0x61,
    0x10, 0x82, 0xA0, 0xE7, 0xAF, 0x13, 0xEA, 0x25, 0xC1, 0x1C, 0x51, 0x0B, 0x7A, 0x10, 0x65, 0x8C,
    0xAA, 0x37, 0x09, 0xA3, 0xD0, 0x25, 0xA4, 0xA2, 0xF5, 0x27, 0x0F, 0xFE, 0x72, 0xC1, 0xB5, 0x7F,
    0x69, 0x13, 0x3D, 0x67, 0x79, 0x42, 0x42, 0x1E, 0xB2, 0x47, 0xA3, 0x61, 0x61, 0x17, 0xF9, 0xE5,
    0x66, 0x24, 0xFA, 0x7D, 0xE7, 0x98, 0x98, 0xB1, 0x4F, 0x2C, 0xD8, 0x26, 0x9A, 0x05, 0x89, 0x75,
    0x14, 0x9B, 0x8D, 0x5B, 0x0E, 0x7B, 0x95, 0x72, 0x82, 0x6A, 0xAE, 0x50, 0x73, 0x8A, 0x86, 0x5D,
    0x62, 0xC1, 0x3E, 0x31, 0x13, 0xBF, 0x59, 0x28, 0xC7, 0x92, 0xAD, 0x0F, 0x8E, 0xAA, 0xE3, 0x19,
    0xD5, 0x0F, 0x03, 0x80, 0xEC, 0x56, 0x3A, 0x6E, 0x42, 0xD2, 0xFA, 0x3D, 0x62, 0x62, 0xD8, 0x3D,
    0xD0, 0xE8, 0x28, 0x08, 0x79, 0xD1, 0xE2, 0x24, 0x9D, 0xB1, 0x43, 0x49, 0x06, 0xF9, 0x12, 0x51,
    0x93, 0x2B, 0xCC, 0x3D, 0x4F, 0x14, 0x6D, 0xC5, 0x16, 0xBA, 0xDC, 0xB8, 0xC6, 0x04, 0x9F, 0x50,
    0x31, 0xA1, 0xE6, 0xE7, 0xEC, 0xEC, 0x92, 0x0A, 0x5C, 0x90, 0x20, 0x41, 0x0F, 0xF1, 0xCE, 0xA9,
    0xD4, 0x6E, 0x55, 0x56, 0x76, 0x25, 0x47, 0x76, 0xB8, 0x05, 0xE0, 0xA8, 0xAB, 0x3D, 0x7C, 0xC8,
    0xBB, 0xF9, 0x70, 0x51, 0x73, 0x76, 0x40, 0xB9, 0x6E, 0xB1, 0xE9, 0x15, 0xAB, 0xDA, 0x45, 0x29,
    0x1A, 0x60, 0x0F, 0x38, 0x06, 0x80, 0x1F, 0xCE, 0xC8, 0xF9, 0xE2, 0x82, 0x72, 0xC9, 0x89, 0x6A,
    0x82, 0x6F, 0xAF, 0x58, 0x55, 0xD3, 0x3E, 0xA3, 0x65, 0x62, 0xBB, 0x82, 0x0B, 0x5B, 0xF5, 0x02,
    0xF3, 0x89, 0x06, 0x52, 0x80, 0x01, 0x5C, 0x7B, 0xF3, 0xAA, 0xA7, 0xE9, 0xE7, 0x69, 0x2B, 0xD6,
    0x82, 0xA8, 0x98, 0x50, 0x0A, 0x3A, 0x05, 0x7E, 0x96, 0x0A, 0xAE, 0x58, 0x8B, 0x7A, 0x82, 0xE5,
    0x00, 0xB8, 0x1F, 0x05, 0xC0, 0x17, 0xD3, 0x01, 0xEE, 0x9F, 0x02, 0xD0, 0xA8, 0xA0, 0x5C, 0x71,
    0xD5, 0xAA, 0xF6, 0xA1, 0x14, 0xD2, 0x68, 0xB0, 0xBB, 0x64, 0xDB, 0x50, 0xA9, 0xAF, 0x45, 0x06,
    0x73, 0xEF, 0x5D, 0x7E, 0xE2, 0x83, 0x06, 0xED, 0xEB, 0x59, 0xC3, 0xB6, 0x26, 0x6A, 0xE0, 0x1F,
    0x7F, 0x3F, 0x6A, 0x68, 0x32, 0x56, 0xA4, 0x4C, 0x1A, 0x5E, 0x46, 0x02, 0x7E, 0x7C, 0xF3, 0x25,
    0x49, 0x68, 0x01, 0x89, 0xE8, 0x93, 0x99, 0x0C, 0x43, 0xDE, 0x3B, 0x2A, 0x0D, 0x56, 0x64, 0xA8,
    0x49, 0x93, 0x4C, 0xC9, 0x39, 0x23, 0x5B, 0x09, 0x7A, 0xFA, 0x70, 0x8B, 0x28, 0x8E, 0xF0, 0x8C,
    0xC5, 0xD6, 0x79, 0x72, 0xE1, 0x83, 0xD1, 0xAE, 0x80, 0x8B, 0xEA, 0x49, 0x9D, 0x02, 0xDC, 0x0E,
    0x9D, 0x4B, 0x3B, 0xEC, 0x02, 0x58, 0xFE, 0xE3, 0x3F, 0x1B, 0x72, 0x2E, 0xC9, 0x25, 0x4B, 0x07,
    0x1A, 0x45, 0x8E, 0x9F, 0x01, 0x55, 0x00, 0xCC, 0x7C, 0x88, 0x29, 0xD9, 0x42, 0xC7, 0xB3, 0x04,
    0x9C, 0x1A, 0xBD, 0x89, 0xA7, 0x8E, 0xCB, 0x49, 0x62, 0xF7, 0x67, 0xCF, 0xA4, 0xCC, 0x98, 0xB0,
    0x7D, 0x42, 0xDF, 0xC1, 0x69, 0x7A, 0x56, 0xB5, 0x3D, 0x03, 0xA4, 0x11, 0x86, 0x24, 0x1A, 0xBE,
    0xA2, 0x78, 0x36, 0xD3, 0xF4, 0x83, 0xBD, 0xBF, 0x77, 0x91, 0x40, 0xB2, 0xE7, 0x0E, 0xE5, 0x5D,
    0xB4, 0x4E, 0xBD, 0xDB, 0x28, 0x10, 0x7F, 0xA1, 0xB6, 0x0B, 0x4A, 0x92, 0xC8, 0x04, 0x34, 0x9C,
    0x81, 0xEC, 0x1D, 0x00, 0x9B, 0xAE, 0xE3, 0xFF, 0x5D, 0xE5, 0xEA, 0xF6, 0x55, 0xAC, 0x99, 0x45,
    0xB5, 0x20, 0x61, 0xBA, 0x72, 0x55, 0xD9, 0x4B, 0x38, 0x06, 0xE7, 0xBA, 0xB2, 0x1C, 0x55, 0x65,
    0x42, 0x41, 0x13, 0x51, 0xC5, 0x82, 0x30, 0x23, 0xFC, 0x15, 0xAB, 0xCA, 0x26, 0xFC, 0x0C, 0xE5,
    0x52, 0xAC, 0x30, 0x6B, 0xC5, 0x0D, 0x65, 0x2C, 0x16, 0x64, 0x6F, 0xE1, 0xAD, 0x2B, 0xD6, 0xF2,
    0xCC, 0x4B, 0xB0, 0x0A, 0x6F, 0x5A, 0xDD, 0x4C, 0x1C, 0x61, 0x03, 0x4C, 0x44, 0x1E, 0xB1, 0xA5,
    0x6F, 0xBF, 0x8D, 0x26, 0x7E, 0x8D, 0x5D, 0xFD, 0xBA, 0x08, 0x4E, 0x39, 0x07, 0x2D, 0xC2, 0x05,
    0xF5, 0x84, 0x66, 0xF8, 0x7D, 0x7B, 0xC5, 0x53, 0x2F, 0x6D, 0xB7, 0x97, 0xA7, 0x1C, 0xE9, 0x0B,
    0x72, 0x34, 0xD1, 0x86, 0x26, 0x98, 0xD8, 0x9C, 0x7C, 0xDE, 0x6B, 0x04, 0xD5, 0x7F, 0x14, 0x47,
    0xDD, 0x56, 0x9D, 0x1D, 0xEC, 0xE8, 0x83, 0x0B, 0x3A, 0xF4, 0xF7, 0xD3, 0x6D, 0xD5, 0x62, 0x4F,
    0xFA, 0x05, 0xA1, 0x0F, 0x8F, 0xE6, 0x38, 0x47, 0x86, 0x6C, 0x45, 0xD3, 0x16, 0xFC, 0xC5, 0xF6,
    0x7D, 0xD6, 0x43, 0x97, 0x0E, 0xCD, 0x76, 0xE7, 0x06, 0x18, 0x32, 0xC2, 0x2C, 0xF5, 0x8A, 0x72,
    0xA8, 0x88, 0xED, 0xD1, 0xDA, 0xAC, 0xEC, 0x75, 0x61, 0x47, 0xB5, 0x08, 0x46, 0x68, 0xD6, 0x9C,
    0xC1, 0x4E, 0x70, 0x49, 0x32, 0x6C, 0x52, 0x2E, 0x8C, 0xB0, 0x3A, 0x75, 0x82, 0x0F, 0x76, 0x06,
    0xC7, 0x66, 0x2D, 0xD9, 0xAB, 0x45, 0xB7, 0xDF, 0x1E, 0x11, 0xB0, 0x1C, 0x81, 0xEC, 0x27, 0x00,
    0x9A, 0xEE, 0x19, 0x80, 0x93, 0xED, 0x73, 0xAE, 0xBE, 0x2F, 0xA8, 0x7A, 0x91, 0x44, 0xA9, 0xA8,
    0x0A, 0xC8, 0x4F, 0x5F, 0x93, 0xAF, 0x76, 0x7E, 0x82, 0xFF, 0x57, 0xAE, 0xF0, 0x1F, 0x92, 0xF0,
    0xAA, 0x2C, 0xF4, 0x7E, 0x29, 0x12, 0x42, 0x2E, 0x64, 0x1C, 0xBE, 0x26, 0x14, 0x47, 0xA0, 0x62,
    0xBF, 0xC7, 0xD6, 0xDC, 0x6E, 0xF1, 0x2F, 0x0A, 0xBA, 0xAA, 0x6D, 0x01, 0x6D, 0x31, 0x3B, 0x8C,
    0x04, 0x35, 0xFC, 0x29, 0x07, 0x1B, 0x33, 0x06, 0x05, 0x92, 0x41, 0x8A, 0x27, 0xAF, 0xA8, 0x92,
    0x01, 0x56, 0x70, 0xB3, 0x4E, 0x27, 0x37, 0x6B, 0x86, 0x22, 0x18, 0x1A, 0x96, 0x1C, 0xD5, 0xB6,
    0x3F, 0x99, 0xA1, 0x86, 0xA3, 0x16, 0xD0, 0xA5, 0xF8, 0xE6, 0x7F, 0x07, 0x5D, 0xC5, 0x1E, 0x74,
    0x5D, 0xA9, 0xAA, 0x53, 0x51, 0x35, 0x07, 0xC0, 0x6E, 0x41, 0x57, 0xBC, 0x14, 0x74, 0x75, 0x57,
    0xAC, 0xEA, 0x24, 0xE8, 0x5A, 0xD9, 0xAA, 0x0A, 0xAA, 0x4F, 0xC8, 0xD3, 0xA0, 0xEB, 0x6A, 0x05,
    0x1D, 0x83, 0xAE, 0xF2, 0x52, 0xD0, 0xA5, 0x82, 0xAB, 0xD5, 0xB2, 0xA5, 0x62, 0x4E, 0x30, 0xAB,
    0xC0, 0x1D, 0x95, 0x4E, 0xF3, 0x09, 0x5B, 0x7A, 0xC8, 0x4F, 0x1C, 0x2F, 0x0E, 0x73, 0x97, 0x9D,
    0xAB, 0xC5, 0xB2, 0xB5, 0x3D, 0x45, 0x19, 0x13, 0x70, 0x63, 0xAB, 0xD4, 0xA2, 0xE2, 0x1B, 0x23,
    0x3C, 0x19, 0xE4, 0xD1, 0x60, 0xA4, 0xAA, 0xE1, 0xCB, 0xF2, 0xA8, 0x60, 0x70, 0x8A, 0x80, 0x92,
    0x6A, 0x26, 0x8F, 0xBC, 0x9B, 0xF9, 0xD1, 0x6A, 0x67, 0x7E, 0x1A, 0xED, 0xEC, 0x19, 0xEC, 0xEC,
    0xD8, 0xBB, 0x60, 0xD9, 0x32, 0x21, 0x3F, 0x78, 0x24, 0xC0, 0xCA, 0x23, 0x7B, 0xC6, 0x11, 0x7F,
    0x70, 0xF4, 0x48, 0x4F, 0x6C, 0xD4, 0xDC, 0x97, 0x6E, 0xCE, 0x61, 0xFF, 0xC9, 0x5D, 0x33, 0xEF,
    0x4A, 0xB3, 0x15, 0x27, 0xE9, 0x42, 0xBF, 0x0F, 0xA4, 0x9E, 0x16, 0x5F, 0x07, 0x85, 0x50, 0xEA,
    0x99, 0x73, 0xC6, 0xDE, 0x49, 0x9A, 0x15, 0x6A, 0x46, 0x4D, 0xFB, 0xC8, 0x1E, 0xB7, 0xEE, 0xEB,
    0xB2, 0xC4, 0x16, 0xA8, 0x81, 0x41, 0xDA, 0x7A, 0xA0, 0xE4, 0x1E, 0x49, 0xD5, 0xE3, 0x55, 0xAB,
    0xDA, 0x44, 0x35, 0x27, 0xFF, 0x4B, 0x1C, 0x90, 0x93, 0x01, 0xE5, 0x5A, 0x47, 0x98, 0xB9, 0x5C,
    0x50, 0x8F, 0xD9, 0x7A, 0xC5, 0xAA, 0xF2, 0x31, 0x1F, 0x61, 0x62, 0xA5, 0xD7, 0x8E, 0x59, 0x37,
    0x54, 0x3A, 0xCD, 0xC7, 0xEC, 0xFC, 0xCA, 0xAF, 0x5B, 0x76, 0xB3, 0x3D, 0xDC, 0x4A, 0x86, 0xFB,
    0xF3, 0xDF, 0x85, 0xE3, 0x8F, 0xDC, 0x91, 0xA0, 0xAC, 0xD3, 0xB7, 0xF3, 0xD3, 0x6F, 0xDB, 0x09,
    0x4D, 0xB4, 0x11, 0x76, 0xAE, 0x13, 0x82, 0x59, 0xE0, 0x42, 0x45, 0x28, 0x36, 0x81, 0xA2, 0x88,
    0xEF, 0xB1, 0xCF, 0xF8, 0x3E, 0x5B, 0xF0, 0x2E, 0x01, 0xFF, 0x6F, 0x09, 0xF6, 0xB7, 0x4B, 0xC2,
    0xE7, 0xF1, 0x10, 0x2B, 0x19, 0x4E, 0x1A, 0x36, 0x00, 0x49, 0xCC, 0xE1, 0xB3, 0x3F, 0xDF, 0xDE,
    0x45, 0x9D, 0x00, 0xA0, 0x5E, 0x55, 0x18, 0x81, 0x6A, 0x6B, 0x30, 0x0A, 0x2D, 0x90, 0x69, 0xCD,
    0x3D, 0x23, 0xF8, 0xF0, 0xE5, 0xF8, 0x88, 0x5A, 0x96, 0x8C, 0x02, 0x05, 0xC5, 0x77, 0xEF, 0x26,
    0xCC, 0x39, 0x47, 0x1F, 0xC0, 0xF0, 0x65, 0x50, 0xBD, 0xA5, 0x52, 0x33, 0xB2, 0x13, 0x0E, 0xFD,
    0x7D, 0xAA, 0x9E, 0xC3, 0xAD, 0x2F, 0x53, 0x80, 0xBF, 0xC7, 0x0F, 0x91, 0x31, 0x53, 0x48, 0xF8,
    0x3A, 0x7B, 0xA1, 0xCF, 0x08, 0xB6, 0xF8, 0x01, 0x6E, 0x3D, 0x7E, 0x13, 0xFB, 0x3F, 0xD5, 0x9C,
    0x01, 0xA4, 0x25, 0x59, 0x7A, 0xC7, 0xBF, 0x5B, 0x95, 0x7E, 0x15, 0x5D, 0x6C, 0x05, 0x7A, 0xD9,
    0x6E, 0x52, 0x00, 0xCC, 0xC6, 0x16, 0x00, 0xA0, 0x6A, 0x2D, 0x16, 0x8B, 0xB4, 0xE8, 0xB7, 0xC1,
    0x62, 0x21, 0x4B, 0x66, 0x37, 0xD2, 0x10, 0x00, 0xAA, 0x22, 0x08, 0x82, 0x3C, 0x84, 0x20, 0xC8,
    0x43, 0xA3, 0xE7, 0x26, 0xF4, 0x62, 0x31, 0x41, 0x72, 0xCA, 0x0C, 0x59, 0x2C, 0x52, 0x49, 0x2C,
    0x08, 0xBA, 0x76, 0x77, 0x92, 0x8D, 0x5E, 0xCC, 0x99, 0xED, 0x92, 0xA9, 0xD7, 0x5D, 0x75, 0xFE,
    0x39, 0xFF, 0xAF, 0xCE, 0xAD, 0x77, 0xDF, 0xEB, 0xE9, 0x9D, 0xEE, 0x9E, 0x7E, 0xAF, 0x5F, 0x9F,
    0xB9, 0xF5, 0x3B, 0xF7, 0xDD, 0x3A, 0x75, 0xEA, 0x9C, 0x7F, 0x7D, 0x55, 0xE7, 0x3B, 0x5F, 0x9D,
    0x69, 0xB9, 0xBE, 0xDD, 0x1E, 0x89, 0x64, 0x40, 0x7F, 0x86, 0x67, 0xD3, 0xF7, 0xEF, 0x93, 0x98,
    0x3D, 0x36, 0x80, 0x67, 0xA4, 0x8C, 0x81, 0xCA, 0xD3, 0xA1, 0x11, 0x49, 0x27, 0xB4, 0x22, 0xD9,
    0x84, 0x8E, 0x34, 0xBD, 0x48, 0x31, 0x96, 0x56, 0xA4, 0x1C, 0x94, 0xB6, 0x1C, 0x45, 0x6A, 0x9B,
    0x4F, 0x22, 0xE8, 0x33, 0xB2, 0xCB, 0x1C, 0x2B, 0x03, 0x24, 0x52, 0xC6, 0x64, 0x95, 0x90, 0x6D,
    0x8A, 0xC3, 0x3F, 0x44, 0xAB, 0x05, 0xBA, 0x6C, 0xE6, 0x21, 0x05, 0x0F, 0xB1, 0xA5, 0xA7, 0x19,
    0xB4, 0xAA, 0x51, 0x80, 0x91, 0x15, 0x4C, 0x0B, 0x84, 0x38, 0x9F, 0xEE, 0xA2, 0x91, 0x04, 0xB0,
    0x52, 0x70, 0x6F, 0x0E, 0x38, 0xC9, 0x9E, 0x18, 0x48, 0x5C, 0xA5, 0xDA, 0x72, 0x34, 0x72, 0x00,
    0x0F, 0xE3, 0x91, 0xC2, 0x23, 0xC7, 0x53, 0x34, 0xE5, 0xEC, 0x77, 0xD4, 0xD6, 0xC3, 0x28, 0x86,
    0xDC, 0xFF, 0xC9, 0xBD, 0x25, 0x91, 0xC3, 0xA1, 0x49, 0xD0, 0xA3, 0x91, 0x77, 0xC5, 0xA7, 0xB4,
    0x49, 0xBC, 0x80, 0x79, 0x97, 0x59, 0x61, 0xE5, 0xBD, 0x48, 0x0A, 0xB4, 0x3B, 0x89, 0xA4, 0xF8,
    0xE8, 0x6A, 0xCB, 0xB8, 0xF9, 0xA1, 0xBC, 0x27, 0xF1, 0x28, 0x4E, 0xE2, 0x39, 0x72, 0x12, 0x05,
    0x2D, 0x47, 0x91, 0x92, 0x66, 0x70, 0xE0, 0x2E, 0x5D, 0xD0, 0x2F, 0x24, 0x93, 0xBD, 0x28, 0x6B,
    0xF3, 0xA9, 0xEC, 0x48, 0x10, 0x91, 0x23, 0xE3, 0x85, 0xF8, 0x47, 0xE5, 0xBC, 0xB6, 0x54, 0x8C,
    0x23, 0x0F, 0x8E, 0x2E, 0x47, 0x34, 0x6D, 0x4C, 0x3A, 0x78, 0x64, 0xD6, 0x23, 0x27, 0x0A, 0xD7,
    0x8A, 0xE4, 0xCB, 0xED, 0x6C, 0xD9, 0x2E, 0xB6, 0xFD, 0xB7, 0x64, 0x97, 0x4A, 0x78, 0xF0, 0x22,
    0xC7, 0xDC, 0x91, 0x82, 0x87, 0x4D, 0xFC, 0xBD, 0x5F, 0xAF, 0xB4, 0x13, 0x36, 0xBA, 0x97, 0x92,
    0x8D, 0x06, 0x30, 0x53, 0xB2, 0x31, 0xC1, 0x90, 0xD8, 0x0C, 0xAD, 0x54, 0x39, 0x58, 0x7E, 0x26,
    0x26, 0x82, 0x12, 0xD5, 0xCF, 0x22, 0xEC, 0x55, 0x38, 0x0F, 0x3D, 0x2C, 0x43, 0x27, 0x36, 0x81,
    0xBB, 0x3B, 0xF1, 0x6A, 0x38, 0xAD, 0x9E, 0xEA, 0x0C, 0x14, 0xB0, 0xF1, 0xCA, 0xFD, 0x0D, 0xAF,
    0xFD, 0xA1, 0x96, 0x6C, 0xD8, 0x99, 0x5D, 0x65, 0xE8, 0xD9, 0x97, 0x26, 0x48, 0x9F, 0x8E, 0xB2,
    0x9F, 0x52, 0xF6, 0xC5, 0x60, 0x92, 0x18, 0x1E, 0x29, 0xAB, 0xCB, 0xF1, 0xA8, 0x97, 0x52, 0x0F,
    0x9F, 0x84, 0x57, 0x93, 0xB0, 0x1E, 0x08, 0xE0, 0x6F, 0x6B, 0x4B, 0x67, 0x02, 0x7F, 0xFE, 0x43,
    0xC9, 0x80, 0x91, 0xBD, 0x9F, 0x65, 0x43, 0x48, 0xC1, 0xF3, 0x6E, 0xDE, 0x93, 0x5D, 0x32, 0xB3,
    0x70, 0x4F, 0xC5, 0x33, 0xB5, 0x92, 0xCD, 0xC6, 0x4A, 0x49, 0x6B, 0x33, 0x4D, 0x34, 0x5F, 0x11,
    0xFD, 0xF6, 0xE4, 0xCB, 0xA9, 0x4B, 0xC9, 0xCE, 0xE2, 0xE3, 0x49, 0x22, 0x7C, 0x6B, 0x96, 0x64,
    0x8E, 0x40, 0x93, 0x31, 0xCD, 0x1B, 0xD1, 0x2F, 0xB3, 0xA1, 0x4F, 0xAC, 0x76, 0x5F, 0x80, 0xB4,
    0xBB, 0x3A, 0xF6, 0x17, 0x6E, 0xF3, 0x14, 0x95, 0xCA, 0x98, 0xFA, 0x2D, 0xE6, 0xC1, 0xEF, 0x9F,
    0x51, 0x8C, 0x82, 0x51, 0x2F, 0xCA, 0x45, 0xB5, 0x4A, 0xC7, 0x4E, 0xA9, 0x2C, 0xAA, 0x14, 0xC2,
    0xC6, 0xBF, 0xEB, 0x51, 0x5B, 0xAC, 0x1A, 0x51, 0x22, 0x2A, 0xA4, 0x02, 0x51, 0x9F, 0x55, 0x1E,
    0xD3, 0x25, 0x33, 0x1F, 0x67, 0xA3, 0x8E, 0xC4, 0x8B, 0x89, 0x09, 0xA0, 0xBD, 0xB8, 0x2A, 0xEA,
    0x5C, 0xBB, 0x2D, 0x37, 0xAA, 0x74, 0x12, 0x54, 0x31, 0x28, 0x0A, 0x1E, 0x4E, 0x22, 0x35, 0x86,
    0x30, 0x6A, 0xB0, 0x09, 0x92, 0xE0, 0xCD, 0xDC, 0x9D, 0xB1, 0x93, 0xDA, 0xCB, 0x89, 0x0F, 0xD8,
    0x08, 0x03, 0x08, 0x4B, 0x4C, 0x12, 0x9E, 0x84, 0xFA, 0x28, 0x0C, 0xE9, 0x9D, 0xED, 0x3D, 0xAD,
    0x13, 0xBD, 0xD2, 0x29, 0xD1, 0x2A, 0xAD, 0xD7, 0xEC, 0x16, 0x06, 0x4F, 0xC1, 0x44, 0x96, 0x33,
    0x99, 0x3B, 0x32, 0xC3, 0x79, 0xA6, 0xCA, 0xEC, 0x39, 0x2C, 0x1C, 0x59, 0xB3, 0x9E, 0x08, 0xBE,
    0x2A, 0x67, 0x58, 0x3F, 0x80, 0x4E, 0x59, 0x91, 0xA3, 0x90, 0x4D, 0x30, 0xBC, 0x69, 0xE5, 0x8D,
    0x3F, 0x20, 0xCD, 0xAF, 0xF7, 0x39, 0x92, 0x9F, 0x0C, 0xA7, 0xB4, 0xC7, 0x4A, 0x91, 0x62, 0xAA,
    0x3D, 0x01, 0xFF, 0x3D, 0xD6, 0x5E, 0x64, 0xCA, 0x02, 0xBF, 0x82, 0x65, 0x17, 0xC8, 0x89, 0x25,
    0xEB, 0x81, 0x34, 0xE4, 0xD9, 0xCF, 0x40, 0xD6, 0x23, 0x59, 0x4E, 0x5A, 0x1E, 0xDF, 0xF4, 0xCC,
    0xF7, 0x6A, 0x8B, 0x95, 0x62, 0xE6, 0xC2, 0xEE, 0x46, 0xB9, 0xED, 0xF6, 0xB6, 0xE8, 0x00, 0xDB,
    0x28, 0x47, 0xA5, 0x53, 0xA2, 0xD9, 0xA0, 0xBB, 0x8B, 0xCE, 0x33, 0x86, 0xF5, 0x94, 0x85, 0x66,
    0x24, 0xCB, 0xE9, 0x16, 0x9E, 0x1C, 0x97, 0x53, 0x09, 0xD8, 0xB3, 0xFC, 0x32, 0xFE, 0xFB, 0x76,
    0x39, 0x69, 0x19, 0x65, 0x3D, 0x92, 0x18, 0x3C, 0x23, 0xAD, 0x21, 0x45, 0xBF, 0xC1, 0x23, 0xA0,
    0xD5, 0xB3, 0x08, 0x39, 0x29, 0x7B, 0xF2, 0x44, 0x98, 0x6E, 0xDC, 0x26, 0x8D, 0xDD, 0xF1, 0xFA,
    0x16, 0x4F, 0x1A, 0xED, 0x46, 0x7B, 0x86, 0x9B, 0x43, 0x33, 0xEC, 0xCA, 0x6C, 0x2A, 0xB2, 0x9E,
    0x6B, 0x2B, 0x91, 0xF6, 0x34, 0x55, 0xE6, 0xCA, 0x12, 0x7F, 0x7B, 0xAA, 0xE1, 0xF8, 0x8C, 0x86,
    0x83, 0x72, 0x24, 0xEB, 0x3D, 0xF5, 0x8A, 0xCF, 0x50, 0xCF, 0x95, 0x3B, 0xF5, 0xA2, 0xED, 0xF6,
    0x1E, 0x7F, 0x1E, 0xF7, 0xA0, 0x29, 0x58, 0xE9, 0x76, 0xBB, 0x98, 0xC9, 0x79, 0x9C, 0x1C, 0x1E,
    0xEA, 0x9D, 0xFD, 0x0C, 0x28, 0xC4, 0xB3, 0x18, 0x3F, 0xBB, 0x30, 0xB1, 0x56, 0xDA, 0x9C, 0xC3,
    0x86, 0x87, 0x45, 0x67, 0x71, 0x3E, 0xDD, 0xA2, 0xD5, 0x9A, 0xA5, 0x67, 0x93, 0x76, 0x52, 0x0A,
    0x7C, 0x07, 0x55, 0x39, 0x6E, 0xE8, 0xC1, 0x08, 0x5A, 0xF3, 0x64, 0xEB, 0x41, 0xA1, 0x11, 0xA0,
    0xBF, 0x6D, 0xAB, 0x7A, 0x1D, 0x08, 0x4A, 0xC8, 0xEF, 0xF1, 0xD8, 0x59, 0x12, 0xBD, 0x98, 0x84,
    0x14, 0x18, 0x97, 0x3B, 0x3B, 0xB2, 0xF2, 0xBF, 0x12, 0x8F, 0x31, 0x9F, 0x1E, 0x0F, 0xD4, 0xB8,
    0xA8, 0xA0, 0xFA, 0x2E, 0xEE, 0x4A, 0xC8, 0xF4, 0x43, 0xB9, 0x27, 0xC9, 0x20, 0xB3, 0xC4, 0x13,
    0x1B, 0x19, 0xBC, 0x68, 0x3E, 0xF3, 0xD9, 0xC8, 0x83, 0x93, 0x4B, 0x16, 0x2C, 0xA4, 0x64, 0x79,
    0xEC, 0x79, 0xE4, 0x2B, 0x32, 0xE7, 0x11, 0x0D, 0x57, 0x41, 0x35, 0xD1, 0x14, 0x87, 0x46, 0xEE,
    0x43, 0xAF, 0xEA, 0xE6, 0xDE, 0x65, 0xAB, 0xF6, 0x86, 0xD5, 0x48, 0xB8, 0x3F, 0xEF, 0x59, 0xA8,
    0xF5, 0xA8, 0x09, 0xF3, 0x54, 0x7B, 0xDD, 0xF2, 0xC0, 0x8E, 0x97, 0xB0, 0xA5, 0x30, 0x97, 0x20,
    0xC9, 0x24, 0xB2, 0x79, 0xC0, 0xB6, 0x14, 0xDA, 0x96, 0xC6, 0x03, 0x8A, 0x5F, 0x11, 0xA8, 0x44,
    0x6A, 0x75, 0x2E, 0x9D, 0x9C, 0xA6, 0x62, 0x88, 0x50, 0xA5, 0x2E, 0x9B, 0xC3, 0x33, 0x2C, 0x8C,
    0xAC, 0x9C, 0xAA, 0xE1, 0x2A, 0x18, 0x9C, 0x77, 0x5B, 0x0E, 0x25, 0x1B, 0x23, 0x48, 0xE2, 0xD2,
    0x59, 0x22, 0x3C, 0xD0, 0x46, 0xDA, 0xD0, 0xC8, 0x5C, 0xA7, 0x96, 0xEE, 0xCD, 0xDC, 0xAB, 0x2C,
    0x45, 0xF2, 0x5A, 0x87, 0x07, 0x5C, 0x82, 0xBB, 0x23, 0xE7, 0xB7, 0x89, 0x13, 0x29, 0x7A, 0x81,
    0x9C, 0xBA, 0x7F, 0x15, 0xF7, 0x62, 0x60, 0x2D, 0x70, 0x22, 0xEB, 0x9C, 0x96, 0x67, 0x18, 0x36,
    0xA3, 0x7A, 0x60, 0xBF, 0x23, 0x39, 0xB4, 0xDE, 0x59, 0x39, 0x29, 0x47, 0x52, 0xA3, 0x27, 0x8D,
    0xB2, 0xDD, 0x67, 0x39, 0x05, 0x8A, 0xA7, 0x23, 0x73, 0x90, 0x19, 0x3A, 0xCF, 0x04, 0xEE, 0x3B,
    0x68, 0x23, 0xED, 0xA0, 0x18, 0x35, 0xD9, 0x5C, 0xCF, 0x1E, 0xE9, 0x75, 0x96, 0x83, 0x7B, 0xA7,
    0xB3, 0xB6, 0x2A, 0x48, 0x5A, 0xB3, 0x1F, 0xCB, 0xA0, 0x96, 0x4D, 0x92, 0x4E, 0x31, 0x24, 0xED,
    0xC5, 0x54, 0xFB, 0x46, 0xE3, 0xB6, 0xC7, 0x3A, 0xCE, 0x66, 0x44, 0x41, 0x94, 0x53, 0xE6, 0x8E,
    0x4B, 0x4B, 0x4F, 0xCE, 0xC6, 0x90, 0x52, 0x31, 0xA6, 0xCE, 0x97, 0xBD, 0x3B, 0x53, 0xC8, 0x49,
    0xE2, 0x30, 0xA0, 0x56, 0x92, 0xAB, 0xCC, 0x0A, 0xB7, 0x3D, 0xA2, 0x20, 0x68, 0x58, 0x55, 0x9F,
    0x68, 0x7D, 0x4F, 0x81, 0xB1, 0x6E, 0xFD, 0xE1, 0xF0, 0x18, 0xD0, 0x8B, 0xB1, 0x06, 0x0F, 0xD0,
    0xA9, 0x91, 0x68, 0x55, 0x1B, 0xE3, 0x1A, 0x91, 0xA8, 0xDF, 0x7C, 0x24, 0x92, 0x0C, 0xF1, 0x44,
    0x17, 0x92, 0x86, 0x11, 0x01, 0x76, 0x77, 0x41, 0x24, 0x3D, 0x91, 0xB7, 0x40, 0x7E, 0x3F, 0x0E,
    0xDD, 0x97, 0x78, 0xD0, 0x68, 0x4E, 0x4C, 0x03, 0x5F, 0xC7, 0xA1, 0x52, 0xC7, 0xA1, 0x27, 0x22,
    0x57, 0x4F, 0xF9, 0x90, 0x92, 0x91, 0xCC, 0x1C, 0x59, 0xE0, 0x94, 0xD9, 0x4C, 0x46, 0x1F, 0xBD,
    0x05, 0xFA, 0x87, 0x14, 0xCF, 0xA7, 0x83, 0x59, 0x15, 0xBE, 0xA5, 0xC4, 0xE6, 0xFD, 0x2B, 0xA9,
    0xFF, 0x55, 0xD7, 0x93, 0xB7, 0x25, 0x99, 0x81, 0xDC, 0x28, 0x05, 0x95, 0xC7, 0x2D, 0xFD, 0x6E,
    0x26, 0xB2, 0x3E, 0xD2, 0xBD, 0x15, 0x4B, 0xB4, 0x61, 0xBE, 0x99, 0xF3, 0xB8, 0x82, 0xB5, 0xE5,
    0x27, 0x3B, 0xB7, 0x42, 0xFE, 0xE4, 0xEA, 0xDE, 0x04, 0x31, 0xAC, 0xDA, 0xCA, 0xA4, 0xD6, 0x0F,
    0xF6, 0xEA, 0x53, 0x9D, 0x52, 0x35, 0xA6, 0x97, 0x68, 0xE6, 0xC9, 0xC2, 0x30, 0x7A, 0x2C, 0xD1,
    0x96, 0xF2, 0xC7, 0x68, 0x5E, 0x9A, 0x00, 0x9E, 0x4F, 0x96, 0x79, 0x55, 0x8A, 0xA6, 0x94, 0xF2,
    0x17, 0xEC, 0x49, 0xCD, 0xEE, 0xE1, 0xBF, 0x68, 0x4B, 0xBE, 0x0B, 0xE9, 0x28, 0x65, 0x7B, 0x3A,
    0x2B, 0x33, 0xF6, 0x05, 0xC0, 0x09, 0xD5, 0xA7, 0x70, 0x6A, 0x1F, 0x8A, 0x86, 0x68, 0xCD, 0x1C,
    0x7B, 0xD8, 0x88, 0xD8, 0xA0, 0x7B, 0x45, 0xC8, 0xB6, 0x91, 0xEB, 0xF7, 0xD5, 0x5C, 0x8A, 0x69,
    0x97, 0xDD, 0xC2, 0xA3, 0xAD, 0xF1, 0x97, 0x1F, 0x4C, 0xF6, 0x6C, 0xE6, 0xA7, 0xA4, 0x87, 0x77,
    0xE7, 0xDB, 0xFB, 0x07, 0x30, 0xF3, 0xE9, 0xF3, 0x32, 0x96, 0xFC, 0xA2, 0x99, 0x1C, 0x56, 0x1A,
    0xBF, 0x68, 0x57, 0x7E, 0x15, 0x4F, 0xDE, 0x5B, 0x43, 0x17, 0x7B, 0xFC, 0x32, 0x7E, 0x7A, 0x67,
    0xAF, 0xE4, 0x0D, 0xF2, 0x03, 0xF4, 0x9E, 0x0F, 0x31, 0x79, 0xB2, 0x10, 0x09, 0x4F, 0xF7, 0x80,
    0xB4, 0x29, 0x2A, 0x5F, 0x32, 0x51, 0xC6, 0xAF, 0xCA, 0x64, 0xDE, 0xDC, 0x2F, 0xF0, 0xE1, 0x44,
    0x1F, 0xCD, 0x00, 0xA3, 0xF9, 0x16, 0xEC, 0xF7, 0x05, 0xCD, 0xCE, 0x64, 0xA5, 0x1C, 0x2F, 0x74,
    0x3B, 0xF8, 0x68, 0x73, 0xBB, 0x70, 0xC9, 0x50, 0xE3, 0xA1, 0x35, 0x80, 0xC5, 0x77, 0xD1, 0x3B,
    0xB5, 0xCB, 0x3F, 0xDE, 0x7B, 0x0B, 0x73, 0x4C, 0xC3, 0x7A, 0x1D, 0x1B, 0x9D, 0x59, 0xFA, 0x99,
    0xCD, 0x6E, 0x93, 0x90, 0x68, 0x58, 0x82, 0xFE, 0x42, 0xB7, 0x1A, 0xCE, 0x00, 0xFE, 0xE3, 0xBF,
    0xC8, 0x2E, 0x6D, 0xB6, 0x4D, 0x84, 0xF6, 0x15, 0x3E, 0x5F, 0x93, 0xDF, 0xAD, 0xEA, 0xAA, 0x6C,
    0xCB, 0x47, 0x68, 0x0A, 0x60, 0x79, 0x04, 0x99, 0xA3, 0x4B, 0xEB, 0xCD, 0x2D, 0xB9, 0xDE, 0x94,
    0x55, 0xD6, 0x97, 0x5D, 0xD9, 0x15, 0xE0, 0x10, 0x81, 0x4A, 0x5F, 0xA9, 0xDC, 0x3D, 0xBE, 0x88,
    0x2B, 0xC7, 0xDB, 0x3E, 0x73, 0xAF, 0xE7, 0x93, 0x8E, 0x52, 0x74, 0x9C, 0xAC, 0xA1, 0xE1, 0xE4,
    0x88, 0x23, 0x21, 0xDA, 0x02, 0xCD, 0x32, 0x4B, 0xCB, 0x06, 0x0E, 0x95, 0xE5, 0x4C, 0x16, 0x93,
    0x1C, 0xF4, 0xB2, 0xA4, 0x9B, 0xF7, 0xF9, 0xE7, 0x2B, 0x7C, 0x58, 0x61, 0x4B, 0x0F, 0x1A, 0xD5,
    0x72, 0x3A, 0xCE, 0xC3, 0x38, 0x0B, 0xAB, 0x74, 0xF2, 0x58, 0x8E, 0x66, 0x32, 0x53, 0x39, 0xA4,
    0x47, 0xBC, 0xE3, 0xCA, 0xF1, 0xE5, 0xFE, 0xFB, 0xFE, 0xB1, 0xB1, 0x9F, 0xFF, 0x9F, 0xBF, 0x93,
    0xB7, 0x47, 0x0C, 0x8C, 0xDA, 0x37, 0x00, 0x91, 0x80, 0x5E, 0xE4, 0x07, 0x4B, 0x4C, 0xB9, 0x0D,
    0x13, 0x52, 0xBD, 0x11, 0x4C, 0x50, 0xB8, 0xEC, 0x22, 0x27, 0xB0, 0x09, 0x1A, 0x0C, 0x29, 0x5A,
    0xD8, 0x74, 0x79, 0x93, 0x26, 0xB7, 0x1A, 0x79, 0x5F, 0xF6, 0x8D, 0x2A, 0xDA, 0x56, 0x86, 0xE5,
    0x2E, 0x04, 0x22, 0x09, 0xAA, 0x80, 0x0C, 0x22, 0x31, 0x14, 0x33, 0x7F, 0x1A, 0x45, 0x52, 0xB0,
    0xB9, 0x87, 0xB2, 0x26, 0x0D, 0x9D, 0x4B, 0x19, 0x66, 0x1E, 0x3A, 0x0B, 0xF9, 0x37, 0x06, 0xFB,
    0x5D, 0x84, 0x8A, 0xD7, 0xBE, 0x6E, 0x24, 0xA4, 0x68, 0x4B, 0xB2, 0xE2, 0x8B, 0x67, 0x0A, 0xFF,
    0xAD, 0xCD, 0x3C, 0x8B, 0x13, 0xE3, 0x59, 0x82, 0x3D, 0xC8, 0x81, 0x89, 0xFB, 0xD8, 0xD8, 0x0D,
    0xD8, 0xD7, 0xF0, 0xE6, 0xE4, 0xDA, 0x9D, 0xC5, 0x4D, 0x34, 0xE0, 0xEF, 0x6D, 0x0C, 0xBE, 0x85,
    0x2D, 0x86, 0xC2, 0xA6, 0x53, 0xD1, 0xEA, 0x2B, 0xB2, 0xF5, 0x26, 0x90, 0x62, 0x7A, 0x7D, 0x5B,
    0xE9, 0xB7, 0x9A, 0xB3, 0xF4, 0x51, 0xFD, 0x8F, 0x52, 0xE3, 0xEB, 0x15, 0xDF, 0x56, 0x70, 0xF4,
    0xB9, 0xFE, 0xDE, 0x69, 0x1C, 0xDF, 0x8C, 0x9E, 0x1B, 0x58, 0xCF, 0x18, 0xAD, 0x67, 0x06, 0xF1,
    0x2C, 0x1C, 0x59, 0x4F, 0x24, 0xAC, 0xE7, 0x53, 0xB4, 0x9E, 0x08, 0xEC, 0x94, 0x56, 0x39, 0x2A,
    0x27, 0xF2, 0xA1, 0x23, 0xE9, 0xEB, 0x97, 0xD3, 0x52, 0x5B, 0x84, 0x5E, 0xD4, 0x5A, 0xD7, 0x73,
    0xF9, 0x5D, 0x64, 0x0E, 0xD2, 0x17, 0xF5, 0x64, 0xD1, 0x33, 0xE9, 0x5F, 0x2A, 0x12, 0x3D, 0x59,
    0x58, 0x32, 0x23, 0xAF, 0x19, 0xBB, 0x1A, 0x46, 0x3A, 0xBE, 0x94, 0xFB, 0xB4, 0xD9, 0x1E, 0x19,
    0xAB, 0xAE, 0x52, 0x06, 0x31, 0xB6, 0x9C, 0x3D, 0x18, 0x9D, 0xFE, 0x84, 0x8E, 0xE8, 0xE3, 0xC5,
    0xEF, 0x96, 0x15, 0x15, 0xC1, 0xDF, 0xB8, 0xD7, 0xD1, 0xF5, 0x1A, 0x35, 0xD0, 0x9D, 0x3B, 0x09,
    0x15, 0x04, 0xAF, 0xAB, 0x33, 0x96, 0x7D, 0x3B, 0x4D, 0xF1, 0xB8, 0x4E, 0x71, 0xD4, 0x0C, 0x8C,
    0xC7, 0x2D, 0x54, 0xBB, 0xB7, 0x36, 0x47, 0xBC, 0xCD, 0xCE, 0xB5, 0xA5, 0x98, 0x3D, 0x34, 0x82,
    0xFE, 0x99, 0x6D, 0x69, 0xD6, 0xB6, 0x58, 0x0F, 0xB6, 0x65, 0xFA, 0xEC, 0xB6, 0xF4, 0x7B, 0x6D,
    0xA9, 0xDD, 0xFE, 0x6B, 0xED, 0x0C, 0xD4, 0x71, 0x0C, 0x6F, 0xEE, 0x57, 0xBF, 0x99, 0xD7, 0xF6,
    0x62, 0x01, 0xE0, 0x33, 0xC1, 0x84, 0x29, 0x82, 0x4D, 0x74, 0xB9, 0x41, 0x39, 0x88, 0x69, 0x83,
    0x3B, 0x6C, 0xEC, 0x17, 0xFB, 0x0C, 0x52, 0xF3, 0x24, 0x52, 0x40, 0x5F, 0x58, 0x7E, 0xEF, 0xCD,
    0x77, 0x74, 0xDF, 0x32, 0xB2, 0xC5, 0x32, 0xAA, 0xD5, 0x32, 0x78, 0xAD, 0x82, 0x65, 0xF0, 0x61,
    0x51, 0x4C, 0x5F, 0xEC, 0x33, 0x33, 0x2E, 0x9A, 0xA1, 0x4D, 0xE9, 0xCB, 0x74, 0xF2, 0x95, 0x4A,
    0x4F, 0xAC, 0x06, 0x89, 0x46, 0xEA, 0xF6, 0x26, 0xAA, 0xD2, 0x49, 0x79, 0xAC, 0x3F, 0x9F, 0xC2,
    0x8B, 0xE4, 0x51, 0x8E, 0xF1, 0x40, 0xD8, 0x33, 0xD8, 0x1C, 0x5D, 0xB8, 0x48, 0xD1, 0x24, 0xF1,
    0xE4, 0x5F, 0xEF, 0x99, 0x5F, 0xFB, 0xCF, 0xA8, 0x9F, 0xC1, 0xFC, 0xDA, 0x9A, 0x4F, 0x8E, 0x2F,
    0xF9, 0xDA, 0xFF, 0x11, 0x3B, 0x0D, 0x8F, 0x0C, 0x0D, 0xD1, 0xAE, 0x68, 0x74, 0x07, 0x8B, 0xBC,
    0x68, 0xB7, 0x68, 0xCC, 0x2F, 0xE1, 0x88, 0x1D, 0x54, 0xC6, 0x96, 0xD6, 0xD8, 0x7A, 0x32, 0x16,
    0x61, 0xE3, 0xF7, 0xC2, 0xEA, 0xBE, 0xFD, 0xB2, 0x83, 0xB0, 0x9F, 0xEC, 0x28, 0x7B, 0xAA, 0x5D,
    0x95, 0xEF, 0x85, 0x5B, 0x9A, 0x8D, 0x7A, 0x11, 0x46, 0x2D, 0x59, 0x74, 0xFA, 0x64, 0xB7, 0x9E,
    0x08, 0x6C, 0xC2, 0x68, 0x9B, 0xEA, 0xD7, 0x1A, 0xDA, 0x45, 0x65, 0xA1, 0xFC, 0x52, 0xFD, 0x6C,
    0x6D, 0x00, 0x9E, 0x4F, 0xCA, 0x50, 0x0F, 0xBF, 0x61, 0x7B, 0x4A, 0x17, 0xDE, 0xF2, 0x54, 0x3C,
    0x73, 0x0A, 0x54, 0x35, 0x06, 0x29, 0xFD, 0x56, 0xF8, 0xED, 0x4B, 0xCF, 0x3D, 0x6E, 0x54, 0x09,
    0x74, 0xCB, 0x51, 0x49, 0xCA, 0xF6, 0xBE, 0x2B, 0xBB, 0x14, 0x61, 0xF0, 0x4C, 0xD0, 0x85, 0xE0,
    0xD3, 0x2E, 0x50, 0x63, 0xFA, 0xF5, 0x0E, 0xD4, 0xF4, 0xCE, 0x3D, 0x8D, 0x1F, 0x4C, 0x92, 0xA8,
    0xE9, 0x28, 0x2B, 0x65, 0xAB, 0xEC, 0x94, 0x56, 0x39, 0x90, 0x1F, 0x4F, 0xE4, 0xD3, 0x99, 0x7C,
    0x8C, 0x85, 0xDF, 0xF0, 0xFC, 0x04, 0x1F, 0x7A, 0x5A, 0xFC, 0x82, 0xAC, 0x1F, 0x93, 0xE5, 0xA7,
    0x64, 0x86, 0x53, 0xC6, 0xCA, 0x48, 0x29, 0x0B, 0x8D, 0xB2, 0x54, 0x16, 0xCA, 0x0C, 0xA7, 0xE1,
    0x63, 0x0D, 0xC6, 0x6B, 0xE3, 0x77, 0x63, 0x19, 0x7F, 0x8A, 0x11, 0xEE, 0xDD, 0x3D, 0xEF, 0xAD,
    0xE1, 0xD0, 0xF0, 0x63, 0x38, 0x31, 0x1F, 0x5F, 0x40, 0x84, 0xE0, 0xAA, 0xCA, 0xB4, 0x9F, 0xCA,
    0x86, 0x34, 0x96, 0xCC, 0x47, 0x32, 0x25, 0x37, 0xFA, 0x4B, 0x8C, 0x8E, 0x3C, 0xB9, 0x24, 0xBD,
    0x64, 0x3F, 0x64, 0x77, 0xF6, 0xC1, 0x4F, 0xE8, 0x83, 0xDF, 0x4C, 0x6B, 0xB0, 0x8E, 0x29, 0x86,
    0xFA, 0x3A, 0xE8, 0x83, 0x8F, 0xA5, 0x7E, 0xB2, 0x53, 0x23, 0xD6, 0x6E, 0xA0, 0xBF, 0xDA, 0x36,
    0xBB, 0xE1, 0x52, 0x98, 0x64, 0x16, 0xB4, 0x11, 0x2B, 0x17, 0x3C, 0x9C, 0xC3, 0xA3, 0x23, 0x87,
    0x0D, 0xC1, 0xB0, 0x08, 0xD5, 0xE5, 0xD9, 0x6C, 0x12, 0x22, 0xE5, 0x85, 0xD3, 0x8C, 0x22, 0x69,
    0x5E, 0xA3, 0xD5, 0xBC, 0x0C, 0x79, 0x1E, 0xF2, 0x4D, 0xD9, 0xAE, 0x86, 0xA4, 0xC9, 0x54, 0xDB,
    0xAF, 0x6B, 0xB0, 0x48, 0xF0, 0x57, 0x98, 0x24, 0x9B, 0x04, 0xBA, 0x66, 0x71, 0x60, 0x0E, 0x49,
    0x1B, 0xCD, 0x59, 0x29, 0x9F, 0x5B, 0x0D, 0xF3, 0x3E, 0x7E, 0x26, 0x6F, 0x5F, 0x77, 0xFE, 0xCE,
    0xF1, 0x2D, 0xFA, 0xD9, 0x03, 0xE8, 0x5B, 0x33, 0xAC, 0x4A, 0x6B, 0xC1, 0xAC, 0xD4, 0xCB, 0x5F,
    0xE8, 0x28, 0xCF, 0x41, 0x6B, 0x92, 0x98, 0xE3, 0x57, 0x60, 0x74, 0x86, 0xDD, 0x73, 0xA8, 0xE5,
    0x9F, 0x61, 0x18, 0x02, 0x21, 0x3B, 0x26, 0x98, 0x3D, 0x53, 0x8C, 0x9E, 0x8C, 0x63, 0xF3, 0x15,
    0xDE, 0x65, 0xDD, 0x5B, 0x1B, 0xB5, 0x25, 0x22, 0x26, 0xB0, 0xA0, 0x62, 0x10, 0x6F, 0xF7, 0xE4,
    0xBF, 0x21, 0xF2, 0x62, 0x4B, 0xBA, 0xCD, 0x2C, 0xBB, 0xDF, 0xEB, 0x35, 0x52, 0x29, 0x31, 0xD9,
    0x66, 0xE8, 0x73, 0x74, 0x19, 0xA3, 0x7A, 0xB6, 0x70, 0xEB, 0x52, 0xD8, 0x91, 0x2C, 0xA7, 0x72,
    0x24, 0xEB, 0xE7, 0x50, 0xCB, 0x28, 0xEB, 0x91, 0xCE, 0x3F, 0x86, 0x1C, 0xB2, 0x81, 0xCD, 0xD0,
    0xC6, 0x8C, 0x89, 0x9F, 0x3C, 0xE0, 0x17, 0xB5, 0x1F, 0xB5, 0x2A, 0x5D, 0x58, 0xC6, 0x0E, 0xA9,
    0xE1, 0xDC, 0x3C, 0xF2, 0x00, 0xA6, 0xF3, 0x38, 0x9F, 0xD2, 0xDD, 0x80, 0xCD, 0xAA, 0x24, 0xA3,
    0xD2, 0x05, 0xFE, 0x01, 0x1D, 0x57, 0x0A, 0x71, 0x52, 0x01, 0x0D, 0x1C, 0x0F, 0xBA, 0x46, 0x47,
    0x27, 0x61, 0xE0, 0x37, 0xFE, 0x39, 0xE8, 0x94, 0x43, 0x57, 0x36, 0x15, 0x48, 0xD0, 0xF3, 0xD8,
    0x76, 0xF7, 0x56, 0x76, 0xDA, 0x5F, 0x4C, 0x96, 0xB6, 0xF1, 0xB1, 0x48, 0xD6, 0x67, 0xD6, 0xD3,
    0x71, 0x00, 0x4D, 0x76, 0x0B, 0xBB, 0x2B, 0x9D, 0x58, 0xBC, 0x0D, 0x62, 0x6E, 0x7E, 0x24, 0xEF,
    0x72, 0xC8, 0x84, 0xC4, 0x2E, 0x72, 0xB2, 0x79, 0x76, 0x79, 0xF7, 0x65, 0xCB, 0x1A, 0x52, 0x6D,
    0x69, 0xD1, 0xF8, 0x00, 0x8D, 0xF8, 0xE7, 0xA6, 0x13, 0x89, 0x67, 0x0E, 0x5B, 0xE9, 0x90, 0xD3,
    0x5E, 0xBB, 0xA2, 0x79, 0x1B, 0x2C, 0x75, 0x73, 0xC7, 0x87, 0x16, 0x92, 0x99, 0x03, 0xC1, 0x54,
    0x76, 0x92, 0x59, 0xD3, 0x48, 0xD1, 0x41, 0xA4, 0xFC, 0x60, 0x16, 0xA9, 0xE9, 0xAA, 0xFC, 0x73,
    0xDC, 0x5F, 0xBA, 0xC2, 0xD7, 0xB6, 0x3E, 0x51, 0x57, 0xA6, 0x4E, 0x8A, 0x90, 0x63, 0xC9, 0xE3,
    0x90, 0xA7, 0x38, 0x49, 0x71, 0x78, 0x58, 0x65, 0x68, 0x52, 0x08, 0x2B, 0x10, 0xCD, 0xCB, 0xE9,
    0x5C, 0x3E, 0xFA, 0x1C, 0x90, 0xFA, 0x37, 0xE6, 0xEE, 0x99, 0xE3, 0x0A, 0xB7, 0xE4, 0x79, 0xA8,
    0x37, 0x43, 0xAF, 0x79, 0x0C, 0x3C, 0x00, 0xD0, 0x6F, 0xC0, 0xC4, 0xFE, 0x85, 0x3C, 0x0D, 0xB9,
    0xDC, 0x0D, 0x79, 0x48, 0x39, 0x96, 0x85, 0xF2, 0x40, 0x5F, 0xA3, 0xE7, 0xF1, 0x27, 0xC0, 0xA8,
    0xE2, 0xB1, 0xE7, 0x85, 0xAF, 0xCE, 0x7D, 0x17, 0x1A, 0x7B, 0x19, 0x62, 0x88, 0xAA, 0xB8, 0x01,
    0x27, 0x0F, 0x78, 0xB2, 0x45, 0xC3, 0x9C, 0x3A, 0xC3, 0x8A, 0x09, 0x39, 0x98, 0x2F, 0xFB, 0xB7,
    0xF4, 0xAA, 0x61, 0xB5, 0xDD, 0x51, 0x70, 0xFB, 0x53, 0x38, 0xF9, 0xB3, 0xB5, 0x7E, 0x76, 0x0E,
    0x98, 0x29, 0xA7, 0x35, 0x70, 0x3A, 0x90, 0xE6, 0x2A, 0xF6, 0x3D, 0x7A, 0xDE, 0x67, 0x17, 0xB8,
    0x4A, 0xBE, 0xE7, 0x74, 0x6B, 0xB5, 0xCB, 0x88, 0x98, 0xCC, 0x7B, 0xEB, 0xF9, 0xDE, 0xAB, 0x42,
    0x04, 0x6D, 0x7F, 0xBD, 0xA9, 0x72, 0xD0, 0xA8, 0xD4, 0xB4, 0x17, 0x2F, 0xDA, 0x63, 0xB1, 0xFE,
    0x7E, 0xF2, 0x6D, 0x8C, 0x7B, 0x47, 0x75, 0xCA, 0x35, 0x1E, 0x75, 0x72, 0xD7, 0xC9, 0x1A, 0xD1,
    0x4A, 0xD0, 0x7A, 0xC6, 0xE8, 0xD6, 0x78, 0x97, 0x60, 0x20, 0xEB, 0xA5, 0x36, 0x47, 0x66, 0x58,
    0xA2, 0x10, 0xDC, 0x15, 0xA3, 0x17, 0xC6, 0x2D, 0x33, 0xB7, 0x3C, 0xE3, 0xEA, 0x9E, 0x93, 0xF6,
    0x7D, 0xE7, 0xA5, 0x35, 0x1F, 0xA2, 0x35, 0x0F, 0x75, 0x70, 0xAB, 0xFC, 0x26, 0x06, 0x22, 0x66,
    0x5D, 0xF3, 0xFC, 0xE2, 0xDB, 0x55, 0x55, 0x62, 0x3F, 0x39, 0x22, 0x78, 0xB6, 0x85, 0x25, 0x73,
    0xF2, 0x40, 0x27, 0x54, 0x19, 0x1A, 0x72, 0x0C, 0x65, 0x0F, 0xEE, 0xA7, 0x53, 0x3A, 0x95, 0x53,
    0x3A, 0xEB, 0x84, 0x6E, 0xF0, 0x9B, 0x4D, 0xD5, 0xB0, 0x5B, 0xBF, 0x55, 0x7E, 0x93, 0x17, 0xDE,
    0xF6, 0xE3, 0x27, 0x29, 0x34, 0xAE, 0xA6, 0xD7, 0xE1, 0x26, 0x2A, 0x36, 0x95, 0x91, 0x93, 0x90,
    0xB2, 0x89, 0x61, 0xA4, 0x18, 0xDF, 0xE4, 0x51, 0xAA, 0x25, 0xFD, 0x5F, 0x4F, 0x35, 0x52, 0x5E,
    0xCB, 0xAB, 0x6D, 0x79, 0x37, 0x2A, 0xB9, 0x53, 0xD8, 0x64, 0xCE, 0xA6, 0xCC, 0x1F, 0x53, 0xDB,
    0x88, 0x0D, 0x03, 0x9A, 0x65, 0x8A, 0x3B, 0x9E, 0x06, 0x8B, 0x8F, 0x0B, 0x5B, 0x58, 0xD8, 0xE2,
    0x53, 0xF4, 0x05, 0xA0, 0xAF, 0x89, 0x0A, 0xB4, 0x1A, 0x0C, 0x28, 0xE6, 0x97, 0x0B, 0x14, 0xEF,
    0xBF, 0x6E, 0xD7, 0xD9, 0x26, 0x25, 0xA5, 0xFD, 0x06, 0x1F, 0xCB, 0x49, 0x48, 0x07, 0xBC, 0xF2,
    0x75, 0x78, 0x5D, 0xDA, 0xA5, 0x40, 0x78, 0xF0, 0x16, 0x10, 0x43, 0x41, 0x7E, 0x9B, 0x08, 0x87,
    0x17, 0xC1, 0xD5, 0xAA, 0x24, 0xD1, 0x15, 0xD0, 0x3B, 0x65, 0x5A, 0xFE, 0x6D, 0xB9, 0x5F, 0xEB,
    0x5F, 0xD6, 0xDE, 0x47, 0x2A, 0x14, 0x57, 0x41, 0x17, 0xEE, 0xEF, 0x60, 0x6B, 0xD6, 0xAC, 0xD7,
    0x24, 0xD5, 0xC3, 0x0C, 0x86, 0xF5, 0x69, 0x7E, 0x47, 0xEB, 0xDE, 0xAD, 0x92, 0x87, 0x5D, 0x7D,
    0x40, 0xBD, 0xF8, 0x44, 0x2F, 0xFB, 0xA9, 0x58, 0x16, 0x61, 0xEB, 0x18, 0x33, 0x4B, 0xC6, 0x6F,
    0x99, 0x3B, 0xB0, 0x92, 0x6B, 0x59, 0x47, 0x40, 0xBD, 0x19, 0x75, 0x1D, 0xC3, 0x7B, 0x7A, 0x76,
    0x75, 0x0E, 0xB3, 0x06, 0x16, 0x4A, 0x1B, 0x8F, 0x7C, 0x5D, 0x70, 0x97, 0xB3, 0x5C, 0x58, 0xFE,
    0xBF, 0x5A, 0x9E, 0x86, 0x19, 0x72, 0xB6, 0xB4, 0x64, 0x05, 0xF8, 0x25, 0xD8, 0x28, 0xB4, 0x09,
    0xDF, 0x88, 0x5D, 0x15, 0xFD, 0x28, 0x5F, 0x08, 0x26, 0xB0, 0xF5, 0x40, 0xB7, 0x74, 0x3A, 0x71,
    0xD9, 0x24, 0xDE, 0xE2, 0x9C, 0xE4, 0xFD, 0xC6, 0x5D, 0xB6, 0x7E, 0x6F, 0x54, 0x97, 0x68, 0xDE,
    0xC5, 0x51, 0x92, 0x79, 0xE7, 0x93, 0x48, 0xD9, 0x06, 0x7C, 0x19, 0x1E, 0x05, 0xC4, 0xA3, 0x3F,
    0x55, 0x84, 0x82, 0x50, 0x0F, 0xCA, 0x41, 0x35, 0x28, 0x46, 0xE6, 0x54, 0x0A, 0x55, 0x82, 0x42,
    0xA8, 0x0E, 0x2A, 0x43, 0xE1, 0xB8, 0x97, 0x1A, 0x50, 0x02, 0x2A, 0x40, 0x01, 0xB4, 0xFF, 0xEA,
    0x4E, 0x77, 0x5A, 0xB9, 0xDE, 0xB6, 0x11, 0xD8, 0x78, 0x91, 0x1F, 0xB8, 0x25, 0x74, 0xAF, 0x8D,
    0x59, 0x9A, 0x56, 0x77, 0x91, 0x3A, 0x88, 0x06, 0x2E, 0x98, 0x58, 0x06, 0xAB, 0x93, 0x9F, 0xAB,
    0x72, 0x77, 0x5E, 0xAB, 0xE4, 0x50, 0x72, 0x7A, 0x1D, 0xE9, 0x9C, 0x71, 0xD6, 0xC9, 0x10, 0x5D,
    0x70, 0x55, 0x77, 0x2A, 0xA6, 0xF3, 0x65, 0xDF, 0x9D, 0xEF, 0x6C, 0x7D, 0x62, 0x73, 0x71, 0x0E,
    0x37, 0xBE, 0xCD, 0x85, 0x21, 0x1C, 0xCD, 0x2E, 0x10, 0x62, 0xC4, 0x27, 0xB6, 0x36, 0x72, 0x04,
    0xBA, 0xDD, 0xA0, 0x99, 0x79, 0x5C, 0x33, 0x7A, 0x19, 0x9A, 0x10, 0xA5, 0xE2, 0x92, 0x16, 0xB4,
    0xBA, 0x6D, 0xC2, 0x16, 0xF9, 0xED, 0xAB, 0x78, 0xD4, 0xD4, 0x40, 0xBB, 0xBF, 0xF1, 0xB2, 0x7F,
    0xDE, 0x16, 0xA1, 0xA7, 0xB8, 0xAD, 0xDE, 0xE6, 0x35, 0x7A, 0x8E, 0x81, 0x1A, 0xFD, 0x4A, 0x69,
    0x75, 0x43, 0x78, 0x10, 0xA0, 0xD2, 0x8D, 0xD1, 0xA8, 0x7A, 0x3E, 0x1D, 0x4A, 0x63, 0xA7, 0xA1,
    0x9E, 0xFF, 0x40, 0x2B, 0xF5, 0xBA, 0x06, 0x3A, 0xC5, 0xB0, 0xEB, 0x83, 0xBC, 0x71, 0x65, 0x33,
    0x7B, 0x66, 0x3B, 0xFC, 0x56, 0x2F, 0xF8, 0x49, 0xE7, 0xB7, 0x76, 0xA3, 0xDB, 0xBF, 0x36, 0xAF,
    0x5D, 0x3C, 0xF9, 0xDE, 0xAB, 0x76, 0x3A, 0x02, 0xD0, 0xC7, 0x1E, 0xF6, 0x14, 0x12, 0xBD, 0x74,
    0xA7, 0x5F, 0xC9, 0x42, 0x7E, 0x5A, 0xED, 0xFF, 0xFE, 0x03, 0x5F, 0xF6, 0xF3, 0x3A, 0x29, 0x45,
    0x7F, 0xFD, 0x48, 0x04, 0x2E, 0xB3, 0xDC, 0x4F, 0xB3, 0x01, 0x8B, 0xC4, 0x53, 0xC1, 0xA3, 0xDE,
    0x4F, 0x9C, 0x9C, 0x59, 0x7A, 0x57, 0xD3, 0x53, 0x7E, 0xFD, 0x64, 0x90, 0x72, 0x0C, 0x4C, 0x3D,
    0x27, 0xC9, 0x20, 0x85, 0xE3, 0x27, 0xC3, 0xFF, 0x2C, 0xB3, 0x91, 0x30, 0x7B, 0xB4, 0x22, 0x9E,
    0xFA, 0x94, 0x71, 0xEA, 0x99, 0x57, 0x7C, 0x85, 0x2C, 0x77, 0x18, 0xF3, 0x85, 0x64, 0x78, 0xC2,
    0x43, 0x30, 0x4B, 0xFE, 0x0B, 0x4E, 0x92, 0x5A, 0x33, 0x30, 0x34, 0x54, 0xC9, 0x69, 0xDA, 0xFA,
    0x57, 0xB2, 0x0D, 0x18, 0x96, 0x7A, 0x15, 0xC4, 0x44, 0xC2, 0xE0, 0xD6, 0x5D, 0x55, 0x19, 0x6D,
    0x49, 0xE4, 0x98, 0xD0, 0x26, 0x1A, 0xCD, 0x7D, 0x37, 0xDC, 0x31, 0x9E, 0x35, 0x50, 0xED, 0x51,
    0x34, 0xBD, 0x0D, 0x82, 0x46, 0x80, 0xE5, 0xCE, 0x61, 0x0F, 0x4C, 0x97, 0x2D, 0xE3, 0x9F, 0xCA,
    0xD7, 0x2A, 0x11, 0xA3, 0x31, 0xDA, 0xFA, 0xD1, 0xE2, 0xCD, 0x90, 0x19, 0x26, 0x8D, 0xF5, 0x1F,
    0xBD, 0x15, 0x62, 0x1E, 0xCB, 0x47, 0x92, 0xDA, 0xC8, 0x97, 0x1B, 0x93, 0x89, 0xC5, 0x46, 0x15,
    0x38, 0xAC, 0xE1, 0xB9, 0x7E, 0x72, 0xE9, 0xB2, 0x6A, 0xB3, 0x24, 0xD1, 0x8B, 0x9A, 0x3D, 0xA5,
    0x94, 0x45, 0x3B, 0x2B, 0x9D, 0x67, 0xFE, 0x73, 0xFE, 0x92, 0x86, 0xF7, 0x10, 0x6F, 0x85, 0xC4,
    0x92, 0xBB, 0x5D, 0xA8, 0x1F, 0x45, 0x27, 0x9B, 0x29, 0xEB, 0x17, 0x08, 0xEE, 0x76, 0xDC, 0xC1,
    0x81, 0x77, 0xBE, 0x7C, 0x9D, 0x35, 0xC5, 0xF8, 0x4B, 0x50, 0x6D, 0x4E, 0x5A, 0xB8, 0x1E, 0x88,
    0x6E, 0x41, 0xD9, 0xD1, 0xEB, 0x34, 0x7C, 0x2E, 0xC8, 0xFC, 0x56, 0x28, 0x7C, 0xED, 0xF6, 0x8D,
    0x4A, 0xB2, 0xD1, 0xB4, 0x52, 0x58, 0xCE, 0x52, 0xFF, 0x1D, 0x22, 0xF5, 0x5F, 0x4C, 0x22, 0xA0,
    0x4B, 0x3D, 0xA7, 0x56, 0x36, 0x63, 0xDA, 0x5E, 0xB2, 0xC2, 0x6F, 0x4E, 0xB1, 0x9F, 0x3E, 0x4F,
    0x31, 0xBD, 0x9A, 0x7A, 0xD7, 0x44, 0xFA, 0x35, 0x9E, 0xC8, 0x54, 0x99, 0xB9, 0x1F, 0xAD, 0xEB,
    0xDC, 0x13, 0x32, 0x78, 0xDE, 0x72, 0xB3, 0xBA, 0x04, 0xBD, 0x36, 0x6E, 0x5D, 0x98, 0x62, 0x57,
    0xB8, 0xDE, 0x03, 0x76, 0xF5, 0xF8, 0xFA, 0xFD, 0x7F, 0x30, 0x83, 0x09, 0x63, 0x30, 0x62, 0x1E,
    0x1D, 0xA6, 0x12, 0xC2, 0xA0, 0x07, 0x3A, 0xE6, 0xA6, 0x2B, 0x2D, 0x73, 0x48, 0x3A, 0xEE, 0xAF,
    0x2E, 0xF4, 0x97, 0xC6, 0xB3, 0x1E, 0xA5, 0xB6, 0x8C, 0xDF, 0x8E, 0x62, 0x06, 0x0D, 0x53, 0xB3,
    0x3E, 0xF4, 0xCC, 0xFD, 0xA7, 0x2B, 0x96, 0xBC, 0x2D, 0xA6, 0x08, 0xD3, 0x06, 0x6D, 0x3E, 0x47,
    0x70, 0x11, 0xDA, 0xCC, 0xC5, 0xCC, 0x1B, 0x9F, 0x3B, 0xC4, 0x3E, 0x47, 0x32, 0xFB, 0xBC, 0x4A,
    0x91, 0xCE, 0xF8, 0x06, 0x78, 0x33, 0x8D, 0xBC, 0xAB, 0x62, 0x64, 0x03, 0x7E, 0xCC, 0xFC, 0xF7,
    0x2D, 0x7E, 0xE2, 0x7C, 0xFE, 0x5D, 0x6B, 0x7E, 0xA2, 0xFF, 0x8B, 0x9B, 0xAD, 0x1F, 0x4E, 0x3E,
    0x37, 0x7D, 0xF9, 0xB1, 0x06, 0xCF, 0x3B, 0xE6, 0xA2, 0xBA, 0x8C, 0x9A, 0x17, 0x21, 0xD7, 0x99,
    0xBC, 0x41, 0xA3, 0x2A, 0xD4, 0xA8, 0x34, 0x2F, 0x21, 0x29, 0x73, 0x75, 0xC4, 0x98, 0x22, 0xFD,
    0x2B, 0xBC, 0x9E, 0x5D, 0x47, 0x20, 0x5D, 0x50, 0xA1, 0x79, 0xFD, 0x33, 0x34, 0xCC, 0xD1, 0xD4,
    0x1D, 0x8B, 0x73, 0x7E, 0x2D, 0xE7, 0x13, 0xDF, 0xE5, 0x6E, 0x9B, 0xE5, 0x6D, 0x2E, 0x9D, 0x44,
    0x29, 0x18, 0xFF, 0x4E, 0x20, 0xF9, 0xC4, 0xB5, 0xE8, 0x4E, 0xB2, 0x39, 0x86, 0xCD, 0x66, 0x61,
    0xFF, 0xC7, 0x8C, 0x16, 0x96, 0x60, 0xCA, 0x27, 0x49, 0x90, 0x3E, 0x9D, 0x8A, 0x91, 0xFD, 0x7D,
    0x3C, 0x15, 0x03, 0xFB, 0xFB, 0x98, 0xF1, 0xF7, 0x08, 0x7F, 0xFD, 0xD8, 0xF9, 0x7C, 0x83, 0xBF,
    0xFF, 0x39, 0xCA, 0x5E, 0x04, 0x1F, 0xFF, 0x0C, 0x6C, 0x00, 0xD0, 0xC2, 0xB4, 0x3A, 0xC2, 0xA8,
    0x5D, 0xD6, 0xCC, 0x1B, 0x0D, 0x06, 0x18, 0x54, 0xCC, 0xAB, 0x3A, 0x44, 0xBF, 0x4B, 0xE6, 0x72,
    0xDA, 0xC9, 0x60, 0x9F, 0x39, 0xC0, 0x6E, 0xFD, 0xDF, 0xE2, 0x84, 0xD6, 0x3D, 0xBB, 0x94, 0x0D,
    0xFB, 0xEF, 0xA4, 0x9B, 0x92, 0x0D, 0x6B, 0x72, 0x0D, 0x78, 0x67, 0xFE, 0xA3, 0x5F, 0x72, 0x8E,
    0x70, 0xDC, 0x15, 0xA1, 0xA5, 0x69, 0xA0, 0x5B, 0xE2, 0x9E, 0xBA, 0x8A, 0xF0, 0x13, 0xBD, 0x47,
    0x9E, 0xA2, 0x52, 0x43, 0x12, 0x72, 0x5E, 0xEF, 0x85, 0x38, 0x8C, 0x38, 0x2A, 0x34, 0xFA, 0x57,
    0xE1, 0xA1, 0x56, 0xD3, 0x06, 0x93, 0xD6, 0x2B, 0x5C, 0xF3, 0x0C, 0xF8, 0x30, 0xC4, 0x68, 0xE2,
    0x51, 0x8A, 0xF6, 0x8C, 0x9D, 0x5E, 0xBF, 0x5F, 0x0E, 0x52, 0x4C, 0x1A, 0xFD, 0xCB, 0x3D, 0x28,
    0x7F, 0x6D, 0x53, 0x08, 0xBA, 0xE5, 0x08, 0x7C, 0x1D, 0xED, 0x06, 0x1F, 0xA0, 0xD2, 0x5A, 0xC4,
    0xFC, 0xA7, 0x47, 0xF9, 0xCB, 0x99, 0x97, 0x7E, 0x0A, 0xE7, 0xC8, 0x68, 0x42, 0x6A, 0x2F, 0x09,
    0xDB, 0x11, 0xA3, 0x5B, 0x83, 0x55, 0x0D, 0x11, 0x06, 0x28, 0xED, 0x66, 0xBA, 0x1C, 0xD0, 0x13,
    0x95, 0xF0, 0x3D, 0xBA, 0x4F, 0x5F, 0x91, 0xEB, 0x9E, 0xA6, 0x2D, 0x55, 0x6C, 0xD3, 0x53, 0x36,
    0xF4, 0xFC, 0x85, 0x17, 0xF3, 0x6B, 0x92, 0x57, 0x57, 0x5B, 0xF8, 0xBD, 0x57, 0x01, 0xB9, 0x9A,
    0x57, 0x08, 0xD9, 0xB1, 0x45, 0x7B, 0x6F, 0x01, 0x6E, 0xFA, 0x19, 0xD5, 0xB1, 0x86, 0x51, 0xCF,
    0xA2, 0xBF, 0xC6, 0x7F, 0x8A, 0x28, 0x28, 0x42, 0xA5, 0x42, 0x05, 0x1A, 0x9A, 0x50, 0x41, 0xC3,
    0xCE, 0xFD, 0xE5, 0x31, 0xBA, 0xD3, 0x86, 0x9D, 0xE9, 0xBA, 0x53, 0x2B, 0x35, 0x04, 0xCE, 0x42,
    0xE4, 0xC6, 0x9D, 0x65, 0xE6, 0x8B, 0x41, 0x27, 0x64, 0x31, 0x2A, 0xC9, 0x66, 0x91, 0x7C, 0x90,
    0x5D, 0xE0, 0x2E, 0xB8, 0xEE, 0xF7, 0x4B, 0x60, 0xDA, 0x6D, 0x05, 0x30, 0x68, 0x33, 0x78, 0x22,
    0x36, 0xA2, 0x70, 0xDA, 0x04, 0xAD, 0x66, 0xFD, 0x99, 0x96, 0x70, 0x78, 0xA7, 0x06, 0x66, 0xB3,
    0xB7, 0x89, 0xA6, 0x8D, 0xDB, 0x05, 0xA4, 0x53, 0xB4, 0x01, 0x3C, 0xB9, 0xC8, 0x3F, 0x5D, 0x09,
    0x61, 0x98, 0xB2, 0x61, 0x39, 0xBC, 0x9C, 0x97, 0x2D, 0x67, 0xF0, 0xA5, 0xBF, 0x38, 0x51, 0x34,
    0x7C, 0xBF, 0x44, 0xEF, 0x43, 0x60, 0x5E, 0xC3, 0x14, 0xBD, 0x0A, 0x75, 0x05, 0x44, 0x61, 0x78,
    0xBE, 0xB4, 0xC9, 0x94, 0x4D, 0xF9, 0x98, 0xB8, 0x35, 0x3C, 0x5F, 0xE9, 0x62, 0xDB, 0x7C, 0xBC,
    0x18, 0x61, 0x38, 0xA1, 0xC9, 0x61, 0x75, 0x82, 0x0E, 0x74, 0x1B, 0x2C, 0x0B, 0x3B, 0xA3, 0x75,
    0xF2, 0xDF, 0x4A, 0x79, 0x6E, 0x8B, 0x5F, 0x71, 0xFB, 0x7F, 0xED, 0x5B, 0x31, 0xB0, 0xDD, 0xC6,
    0x75, 0xBD, 0x00, 0x4C, 0x22, 0x23, 0xCC, 0x18, 0x2E, 0xC2, 0xCC, 0x44, 0x2A, 0x90, 0x22, 0x45,
    0x86, 0xC9, 0x18, 0x7D, 0x9A, 0xC5, 0xC4, 0x33, 0x49, 0xCB, 0x82, 0x3F, 0x2E, 0x5C, 0x24, 0x4D,
    0x0A, 0x2B, 0x85, 0xFA, 0x34, 0x80, 0xE3, 0x7E, 0xFC, 0x1B, 0xA7, 0x71, 0x11, 0x16, 0x2E, 0xC4,
    0xA7, 0x82, 0x6D, 0x9A, 0x68, 0x11, 0xAB, 0x48, 0x91, 0x22, 0x4F, 0x56, 0x5C, 0xA5, 0x08, 0x1C,
    0xDB, 0xC9, 0x44, 0x29, 0x08, 0x5B, 0xF0, 0x08, 0x22, 0x17, 0x38, 0xC1, 0x3D, 0xBB, 0xD8, 0xF7,
    0xF8, 0x45, 0x93, 0x91, 0x42, 0x4A, 0x14, 0x9D, 0x1D, 0xE2, 0x9C, 0xF3, 0xDF, 0xC3, 0x03, 0x80,
    0xBB, 0x8B, 0xDD, 0xBD, 0x67, 0x41, 0xD1, 0xF2, 0x25, 0x85, 0xE4, 0x6D, 0xC5, 0x0C, 0x8F, 0x43,
    0xBB, 0x14, 0xAB, 0x94, 0x00, 0x9C, 0xB4, 0x1B, 0x1E, 0x93, 0x0D, 0x20, 0x99, 0x62, 0x5F, 0x62,
    0x28, 0x71, 0x2C, 0xD1, 0xA4, 0x18, 0xEB, 0x55, 0x04, 0x93, 0x71, 0x22, 0xED, 0xAC, 0x68, 0x9C,
    0x99, 0x15, 0xDB, 0x8F, 0xA1, 0xF1, 0xE8, 0x88, 0xDC, 0xBF, 0x5E, 0x44, 0xEC, 0x54, 0x41, 0x12,
    0x8C, 0x25, 0xFA, 0x0C, 0x43, 0x8E, 0x8F, 0xDE, 0x40, 0x9F, 0x02, 0x40, 0x23, 0x1B, 0xAC, 0x22,
    0x35, 0x30, 0x89, 0x9E, 0xB8, 0x13, 0x91, 0x57, 0x2F, 0xE5, 0x74, 0xF9, 0x62, 0x4F, 0x97, 0x9C,
    0x7E, 0x0C, 0xB3, 0x55, 0xA4, 0xC0, 0x3D, 0x27, 0x62, 0x81, 0x91, 0x57, 0xDE, 0xF0, 0x86, 0x3A,
    0xA9, 0xF1, 0x16, 0x8E, 0x62, 0x5C, 0x82, 0x51, 0xDA, 0x59, 0x36, 0xB4, 0x13, 0xFF, 0xED, 0x7F,
    0x1A, 0x45, 0xD5, 0xFA, 0xC9, 0x14, 0x84, 0x71, 0xFA, 0x61, 0x8D, 0x1C, 0x03, 0x8F, 0xD3, 0x4B,
    0xBE, 0xA1, 0x48, 0x02, 0x38, 0x11, 0xA9, 0x31, 0x6C, 0x98, 0xDC, 0x95, 0x47, 0x4B, 0xD5, 0x91,
    0xD0, 0x93, 0xEC, 0xE3, 0x08, 0xFD, 0xCD, 0x3B, 0x92, 0xBE, 0x85, 0xA6, 0x9D, 0x24, 0xC3, 0x22,
    0xA4, 0x4B, 0x4F, 0xF2, 0xCC, 0x29, 0xDF, 0xC8, 0xCC, 0x3B, 0x15, 0x4A, 0x4E, 0xCA, 0x8D, 0xEA,
    0x55, 0xFF, 0x6D, 0xF2, 0x3F, 0xE0, 0x34, 0x74, 0xC0, 0xCC, 0xB8, 0x63, 0x14, 0x11, 0x80, 0x77,
    0x50, 0x63, 0x15, 0x2D, 0xAF, 0x37, 0xE2, 0x4B, 0x41, 0xB4, 0x5D, 0xB8, 0xC7, 0xAB, 0xD8, 0xF9,
    0xEA, 0x38, 0xDC, 0x49, 0xEC, 0x22, 0x18, 0x53, 0x4C, 0xC4, 0xFE, 0x53, 0x63, 0x46, 0xCC, 0x37,
    0xB4, 0xCB, 0x1B, 0x1B, 0xB6, 0xC0, 0x86, 0x86, 0x58, 0xC1, 0xB1, 0x52, 0x86, 0x0D, 0xE5, 0x9B,
    0x12, 0x4B, 0xB2, 0x4A, 0xBA, 0x48, 0x28, 0x38, 0x56, 0x6E, 0xD7, 0x66, 0xB6, 0xE3, 0xAE, 0x4B,
    0xA0, 0xDF, 0x75, 0x06, 0x9C, 0x7E, 0x8C, 0x45, 0x62, 0xB9, 0xB8, 0x4D, 0x8A, 0x05, 0xC0, 0xA5,
    0x48, 0xC5, 0x87, 0x42, 0x41, 0xA4, 0x8E, 0x7A, 0x38, 0xD3, 0xEE, 0x4C, 0xC3, 0xEF, 0xDF, 0x61,
    0x4C, 0x2C, 0xE3, 0x53, 0x41, 0x30, 0x4A, 0xC9, 0xD3, 0xFB, 0x36, 0x96, 0xB1, 0x29, 0x31, 0x56,
    0x92, 0x6E, 0x1B, 0x41, 0x59, 0x37, 0x1F, 0x01, 0x7E, 0x2D, 0x25, 0x9A, 0xA8, 0xEB, 0x55, 0xA8,
    0xED, 0x2C, 0xD2, 0xBA, 0x93, 0xC6, 0x14, 0x75, 0x8A, 0x41, 0xF6, 0xFD, 0x35, 0x84, 0xD4, 0x3C,
    0xB7, 0x44, 0x6D, 0x56, 0x6A, 0x9E, 0xB2, 0x75, 0x5E, 0x67, 0x38, 0x2A, 0x51, 0xF3, 0x39, 0x3D,
    0x7A, 0x6D, 0xD1, 0x14, 0xBC, 0x05, 0xF0, 0x51, 0x2D, 0xCF, 0xEE, 0xD7, 0x28, 0x1D, 0x15, 0x86,
    0x93, 0x5E, 0xE5, 0xA4, 0x2F, 0x77, 0x2D, 0x2C, 0xC5, 0x24, 0xE5, 0xB8, 0x47, 0x5F, 0xEC, 0xE0,
    0xF7, 0x10, 0xBC, 0x83, 0xCE, 0x07, 0x56, 0x5A, 0xAC, 0xE2, 0x8F, 0x27, 0x35, 0x1C, 0x25, 0x9B,
    0xE9, 0x48, 0x09, 0x91, 0xE4, 0xA2, 0x91, 0x3D, 0xA8, 0xF1, 0x5A, 0x5F, 0x39, 0x1C, 0x0E, 0x97,
    0x3E, 0xA4, 0xA5, 0xFE, 0xD8, 0xDF, 0xD9, 0x2E, 0xE5, 0x5C, 0x4E, 0x2A, 0x8F, 0x5E, 0xEA, 0x81,
    0xBB, 0x3D, 0x82, 0x15, 0x64, 0x97, 0xC6, 0x9D, 0xC7, 0xD5, 0xEF, 0xCB, 0xB0, 0x52, 0x8E, 0xAC,
    0x9C, 0x18, 0xD4, 0x18, 0xC7, 0x7A, 0x89, 0x61, 0x6C, 0xE7, 0xFD, 0xCA, 0x94, 0x42, 0x10, 0xF5,
    0x57, 0x21, 0x86, 0x05, 0x7E, 0x74, 0x71, 0x4B, 0xA5, 0x63, 0x33, 0x19, 0x63, 0x4B, 0xA2, 0x5C,
    0x25, 0xCA, 0xCB, 0x20, 0x45, 0xE4, 0xFA, 0x41, 0xDA, 0x4E, 0x6C, 0xC3, 0x56, 0x2C, 0x66, 0xCC,
    0x21, 0x5E, 0x96, 0x4B, 0xED, 0x82, 0xCC, 0x80, 0x31, 0xC8, 0x04, 0xE8, 0x83, 0x94, 0x16, 0xCD,
    0x2E, 0x6F, 0x5C, 0xC8, 0x2E, 0x59, 0x8A, 0x65, 0x93, 0xAF, 0x1F, 0x0E, 0x77, 0x45, 0x2C, 0xFE,
    0x09, 0xB2, 0xF7, 0xFF, 0x0F, 0x83, 0x2C, 0x88, 0x84, 0x92, 0x68, 0x81, 0x55, 0x6A, 0x34, 0x06,
    0xC2, 0x16, 0x68, 0xD6, 0xD8, 0xB0, 0x7C, 0x0F, 0xA3, 0x01, 0x50, 0x59, 0x80, 0xE1, 0x95, 0x76,
    0xA6, 0xE4, 0x75, 0x84, 0x0E, 0xC9, 0x45, 0x89, 0x69, 0xEF, 0x9F, 0x12, 0x0C, 0xE2, 0x7F, 0xC6,
    0xF0, 0x86, 0x83, 0xF1, 0xD0, 0x06, 0x52, 0x81, 0xE1, 0xDD, 0xF8, 0x5D, 0x0B, 0x69, 0x97, 0x8B,
    0x8B, 0x70, 0x39, 0x84, 0xFC, 0x24, 0x13, 0xE0, 0xBD, 0x20, 0xA5, 0xC5, 0x1F, 0xED, 0x32, 0xB9,
    0x25, 0xA1, 0x30, 0x40, 0x95, 0x23, 0xD5, 0xCB, 0x0B, 0x45, 0x00, 0x3A, 0x4F, 0xFD, 0xE3, 0xC9,
    0x89, 0x16, 0xF3, 0x08, 0x41, 0x29, 0x05, 0x26, 0x4F, 0xA3, 0xA7, 0xDE, 0x93, 0xEF, 0xDA, 0x7E,
    0x2A, 0x2C, 0xD7, 0x3B, 0x92, 0x99, 0x31, 0xB2, 0xEA, 0xCE, 0xC9, 0x78, 0xAA, 0x06, 0x92, 0xC8,
    0x39, 0xDD, 0xFC, 0x3E, 0xC9, 0xCC, 0xCF, 0x9F, 0x18, 0x02, 0x4F, 0xFD, 0xAF, 0x20, 0xD1, 0xF2,
    0x28, 0xB5, 0x9E, 0x2C, 0xE9, 0x21, 0x26, 0x25, 0x60, 0xF4, 0x34, 0x78, 0xEA, 0xB8, 0xC7, 0x47,
    0xDB, 0xCD, 0xC8, 0xAB, 0x0D, 0x47, 0xFA, 0x0D, 0xF0, 0x28, 0x98, 0x9E, 0x47, 0xDA, 0xE1, 0x70,
    0x87, 0x5F, 0x3C, 0x67, 0x10, 0xB9, 0x02, 0xC9, 0x06, 0xE9, 0x7D, 0x0C, 0x92, 0x02, 0x47, 0x85,
    0x5E, 0x41, 0x3F, 0x9F, 0xC4, 0xAE, 0xEC, 0x38, 0x33, 0x74, 0x40, 0x13, 0x55, 0x1F, 0xD5, 0x10,
    0xD5, 0x18, 0xD5, 0x1C, 0x95, 0xDB, 0xD5, 0x7D, 0xEC, 0xEA, 0x9F, 0xD1, 0x04, 0xF5, 0x1E, 0xFA,
    0xA0, 0x7E, 0x88, 0x21, 0xA8, 0x23, 0xC6, 0x5D, 0x59, 0x17, 0xD4, 0x60, 0x96, 0x5D, 0x55, 0xD8,
    0x55, 0x89, 0x6F, 0x07, 0x95, 0xE1, 0x9D, 0xA0, 0x52, 0xFC, 0x24, 0x28, 0xC1, 0x07, 0xBB, 0xB2,
    0xD8, 0x95, 0x89, 0xAA, 0x8A, 0xAA, 0x8C, 0x2A, 0x8B, 0x2A, 0x8D, 0x4A, 0x4E, 0xCA, 0x42, 0x72,
    0x74, 0xC2, 0x12, 0x15, 0x07, 0xCA, 0xA0, 0x6A, 0x90, 0x38, 0x9E, 0x44, 0xE5, 0xA2, 0x9A, 0xA2,
    0x3A, 0x06, 0x65, 0x3E, 0x92, 0xBD, 0x24, 0xDF, 0xDF, 0x55, 0x81, 0x3D, 0xE2, 0x25, 0x04, 0x68,
    0xA2, 0xEA, 0xA3, 0xF2, 0x11, 0x5F, 0x24, 0x44, 0x9C, 0x6D, 0x6D, 0xDE, 0x15, 0x23, 0xAE, 0x1D,
    0x37, 0x23, 0xCE, 0x5F, 0x30, 0xE2, 0x54, 0x8C, 0x38, 0x15, 0x23, 0x4E, 0xC5, 0x88, 0x07, 0x65,
    0x5D, 0x50, 0x8C, 0xB8, 0x57, 0x15, 0x82, 0x62, 0xC4, 0xA9, 0x18, 0x71, 0x2A, 0x46, 0x9C, 0x8A,
    0x11, 0x0F, 0xCA, 0x62, 0x57, 0x26, 0xAA, 0x2A, 0xAA, 0x32, 0xAA, 0x2C, 0xAA, 0x34, 0x2A, 0x39,
    0x29, 0x4B, 0xE5, 0xCB, 0x53, 0x54, 0xB5, 0xAB, 0xAF, 0xC6, 0xD8, 0xD7, 0x58, 0xA2, 0x72, 0x51,
    0x8D, 0xF1, 0x07, 0x4D, 0x50, 0xE9, 0x65, 0xF8, 0xC4, 0x79, 0x36, 0xCB, 0xA3, 0x5C, 0xBB, 0x38,
    0x8F, 0xB8, 0x52, 0x6E, 0x76, 0xD5, 0x2A, 0xF2, 0xEA, 0x9B, 0xED, 0xBB, 0xE0, 0xF0, 0xD3, 0x7E,
    0x08, 0x4C, 0xCA, 0x00, 0x5C, 0xE0, 0x85, 0xDC, 0x98, 0x55, 0x79, 0x91, 0x0A, 0xCA, 0x4E, 0xCA,
    0x47, 0x78, 0x7E, 0xBE, 0x2C, 0x2C, 0x4F, 0xE1, 0xBF, 0x82, 0xE7, 0x16, 0x73, 0xE0, 0x31, 0x70,
    0xEF, 0x79, 0x95, 0x50, 0xD0, 0x17, 0x4E, 0xFB, 0x41, 0xC3, 0x69, 0x22, 0x8E, 0x7B, 0x0A, 0x95,
    0x60, 0x0D, 0x3D, 0x63, 0x2C, 0xAF, 0xBF, 0xA9, 0xC8, 0x8A, 0x48, 0x80, 0x38, 0x3E, 0x64, 0x40,
    0xB3, 0xE1, 0xAA, 0xBF, 0x2A, 0x9C, 0x9E, 0xA0, 0x74, 0x38, 0x2A, 0x5A, 0x9D, 0x83, 0xCD, 0x66,
    0x14, 0x31, 0x13, 0x71, 0xD4, 0xFE, 0xB6, 0x1D, 0xB5, 0x72, 0x30, 0x94, 0x8A, 0xC7, 0x72, 0x15,
    0x9F, 0x32, 0xA6, 0xC4, 0x4C, 0xB1, 0xC9, 0x15, 0xFB, 0x02, 0x17, 0x5F, 0x47, 0xCF, 0x1D, 0x8E,
    0xE5, 0xA2, 0x3F, 0xA9, 0x39, 0x5F, 0x35, 0x1B, 0xDA, 0x89, 0x87, 0x9A, 0xAF, 0xDD, 0x92, 0x1B,
    0x52, 0xB8, 0x44, 0x9F, 0x89, 0x4C, 0xF7, 0xFC, 0x37, 0xFD, 0x12, 0x7A, 0x32, 0x0C, 0xE2, 0x67,
    0xCB, 0xF9, 0x2A, 0xE7, 0xE5, 0x0D, 0x74, 0x92, 0x83, 0x29, 0x9A, 0x9F, 0x3D, 0xAD, 0x52, 0x3E,
    0xB0, 0x90, 0xAC, 0x29, 0x78, 0x23, 0xE8, 0xE4, 0x3A, 0x36, 0xB0, 0x1B, 0x14, 0xD8, 0xA0, 0xC2,
    0x43, 0x74, 0xFA, 0x08, 0x75, 0xED, 0xB8, 0x81, 0x25, 0x4C, 0xD5, 0xF6, 0x27, 0x07, 0x1B, 0xBF,
    0xCB, 0x8A, 0x2E, 0xC7, 0x80, 0xEE, 0x94, 0x50, 0xD4, 0x63, 0x0A, 0x29, 0xD7, 0x72, 0x91, 0x0C,
    0x98, 0xC2, 0x48, 0xD2, 0x6A, 0x94, 0xAA, 0x78, 0x41, 0xAF, 0x68, 0x48, 0xCB, 0xF5, 0x73, 0x81,
    0x1B, 0x8D, 0xDC, 0x36, 0x43, 0xEE, 0xCA, 0xB9, 0x9A, 0xF3, 0xB5, 0x1D, 0x39, 0x50, 0x00, 0x0D,
    0x1B, 0x47, 0x1D, 0xEB, 0x5D, 0x9F, 0x09, 0x3E, 0x37, 0xCF, 0x64, 0xF3, 0xC5, 0x1E, 0x8B, 0x45,
    0xA4, 0xDE, 0x1B, 0xDD, 0x10, 0xF3, 0x76, 0xE0, 0x6A, 0xA3, 0xB3, 0x8B, 0xEC, 0xFB, 0xB4, 0x80,
    0x93, 0x2B, 0xFE, 0x42, 0x75, 0xF2, 0x17, 0x62, 0xD3, 0x78, 0xA2, 0xBF, 0x40, 0xBC, 0xE2, 0x2F,
    0x68, 0xE7, 0x80, 0xAB, 0xFE, 0xC2, 0x3D, 0x15, 0x4F, 0xF2, 0x17, 0xB4, 0xE9, 0x35, 0x85, 0x13,
    0x36, 0x3D, 0x88, 0xB0, 0xE9, 0x71, 0x64, 0x38, 0x6B, 0x7A, 0x90, 0xF3, 0xC2, 0x2C, 0xC8, 0xB2,
    0x7B, 0x07, 0xBC, 0xC9, 0x40, 0x8F, 0x81, 0x16, 0x03, 0x07, 0x73, 0x1A, 0x0C, 0xF4, 0x17, 0x68,
    0x2F, 0x40, 0x15, 0xCD, 0x05, 0xCE, 0x38, 0x98, 0x56, 0xD0, 0x59, 0xA0, 0xB1, 0x90, 0x87, 0xF9,
    0xAA, 0xA3, 0xAB, 0x70, 0x6E, 0x2A, 0x64, 0x10, 0x33, 0x8A, 0xE0, 0x5D, 0xF4, 0x8C, 0x1B, 0xFB,
    0xC8, 0x65, 0xC3, 0x22, 0x4C, 0xF3, 0x06, 0x09, 0x45, 0x2D, 0x85, 0x83, 0x4F, 0xFB, 0x9F, 0x3D,
    0xE6, 0x10, 0x33, 0x07, 0x2C, 0x10, 0x66, 0xE4, 0xF4, 0x0F, 0x82, 0x7D, 0x50, 0x00, 0x21, 0x1A,
    0xE3, 0xEE, 0x1D, 0xD4, 0x58, 0x77, 0xE7, 0xE0, 0x5A, 0x23, 0x17, 0x52, 0x4D, 0x19, 0x34, 0xC9,
    0xD0, 0x91, 0xB0, 0xDD, 0x1F, 0x23, 0xCB, 0x09, 0x3E, 0x98, 0x7E, 0xC8, 0xA9, 0xA8, 0x81, 0x70,
    0xE8, 0xE8, 0x01, 0x7C, 0x1A, 0xC8, 0x14, 0x72, 0xF4, 0xB4, 0x0C, 0xE8, 0x18, 0x18, 0x05, 0xFA,
    0x05, 0xDE, 0x2E, 0xF8, 0x26, 0x43, 0x76, 0x38, 0x08, 0xA3, 0x1A, 0xF1, 0xC6, 0xC5, 0x85, 0x9A,
    0x4D, 0xB4, 0x9B, 0xAC, 0x26, 0x59, 0x82, 0x1E, 0x7D, 0xC4, 0xCE, 0x6E, 0xF8, 0x55, 0xF9, 0xEA,
    0x17, 0x21, 0xE6, 0x72, 0x71, 0x71, 0x8B, 0x1D, 0x96, 0x07, 0x26, 0x04, 0x2C, 0xC9, 0xA5, 0x5C,
    0x4A, 0x31, 0xE7, 0x4E, 0x4A, 0x57, 0x2E, 0x1E, 0x0A, 0xB7, 0xFD, 0x99, 0x0E, 0xC9, 0x9D, 0xCF,
    0xBA, 0x0A, 0xA4, 0x80, 0x62, 0xE9, 0x14, 0xCD, 0x78, 0x32, 0xC9, 0x20, 0x2F, 0x4D, 0x45, 0xF8,
    0xFB, 0xE2, 0x73, 0x8D, 0x2E, 0xF8, 0x97, 0x85, 0xDB, 0xA0, 0x1C, 0x5F, 0xB0, 0xDA, 0xB8, 0x2B,
    0xAF, 0xFA, 0x48, 0x6F, 0x68, 0xC0, 0xF1, 0x05, 0x33, 0x7B, 0xA1, 0xE1, 0x65, 0xA9, 0x8D, 0x57,
    0xEE, 0xA4, 0x6F, 0x4A, 0xB6, 0x56, 0xB3, 0x24, 0xE7, 0xE3, 0xF8, 0x0B, 0x56, 0x11, 0x66, 0x3E,
    0xCD, 0x7D, 0x33, 0x28, 0x0A, 0x7C, 0x53, 0xEA, 0x5F, 0x96, 0x8A, 0x48, 0xFD, 0xE4, 0x54, 0xEF,
    0xA7, 0xA5, 0xE1, 0x30, 0x6D, 0x90, 0xBB, 0x0D, 0x92, 0xE5, 0x05, 0xAB, 0x0D, 0x16, 0xCB, 0xE5,
    0x05, 0x9F, 0x28, 0xCD, 0x0A, 0x8B, 0x64, 0x3F, 0x6B, 0xB1, 0x4F, 0x06, 0xE8, 0x54, 0xA5, 0xE8,
    0x2D, 0x10, 0x00, 0x54, 0x84, 0x63, 0x8A, 0xBE, 0x1D, 0x32, 0x74, 0x66, 0xD2, 0x18, 0x05, 0xEF,
    0xD4, 0x05, 0x93, 0xCE, 0xA2, 0x11, 0xB9, 0x7E, 0x29, 0xEA, 0x68, 0xD2, 0x70, 0xCE, 0x81, 0xE5,
    0x2A, 0xC5, 0x72, 0x4B, 0x9A, 0x0D, 0xB3, 0x25, 0x9F, 0x95, 0xD6, 0xD2, 0x9D, 0x28, 0x75, 0xFC,
    0x50, 0xBE, 0xC2, 0x5D, 0xF6, 0x62, 0xD0, 0x79, 0xEA, 0x95, 0x2C, 0x8E, 0xD1, 0x14, 0xF1, 0x14,
    0x3D, 0xA3, 0x0C, 0xF7, 0x1C, 0xA9, 0x52, 0x2A, 0xE0, 0x27, 0x98, 0x28, 0x39, 0xE9, 0x58, 0x73,
    0xA5, 0xDA, 0x65, 0xEC, 0x1B, 0x1C, 0x6F, 0xB7, 0x9D, 0x53, 0x3D, 0x1A, 0x46, 0xC1, 0xE0, 0x69,
    0x94, 0x04, 0xF0, 0x63, 0x4E, 0xAC, 0xFC, 0xD0, 0x12, 0xB0, 0x48, 0xA9, 0x84, 0x8D, 0x84, 0x4D,
    0x85, 0xD4, 0x98, 0x45, 0xCF, 0xD5, 0x1B, 0xC7, 0x18, 0x5A, 0xD2, 0x80, 0xC9, 0x7B, 0xE0, 0x2C,
    0x00, 0xBA, 0x33, 0xD8, 0x0C, 0xDE, 0x70, 0x7B, 0xA6, 0x79, 0x5B, 0x04, 0xFF, 0x80, 0x46, 0xF0,
    0x83, 0x0D, 0x6C, 0x07, 0x91, 0xDF, 0x96, 0xDF, 0xDB, 0xA7, 0xE4, 0xF8, 0x29, 0x73, 0x91, 0x26,
    0xDB, 0xE0, 0xA8, 0x30, 0x26, 0xF8, 0x1B, 0xCC, 0x72, 0xE9, 0x7D, 0x6E, 0x13, 0xE0, 0xBA, 0x85,
    0x4B, 0x00, 0xB8, 0x42, 0xA1, 0xC6, 0x6A, 0x9D, 0xCF, 0x0B, 0xE7, 0x0D, 0xEC, 0xA4, 0x30, 0x8B,
    0x75, 0xAD, 0x4B, 0xE1, 0x0C, 0x40, 0xB8, 0xEF, 0x4A, 0xE0, 0x3B, 0x2E, 0xC5, 0x92, 0x3B, 0x9D,
    0x7F, 0x9F, 0x57, 0x9D, 0xBB, 0x42, 0xF1, 0x3B, 0x91, 0x3B, 0xC4, 0xCC, 0x05, 0xBF, 0x35, 0xD2,
    0xFE, 0x21, 0xAB, 0xF7, 0x25, 0xA9, 0xBA, 0x8B, 0x8B, 0x8B, 0xAB, 0x55, 0xE7, 0x3F, 0x93, 0xDF,
    0xDC, 0xBB, 0xB3, 0xE4, 0xD4, 0x05, 0xA0, 0xE1, 0x17, 0x9F, 0x4B, 0xD5, 0x89, 0x24, 0x87, 0xC3,
    0x9B, 0xE2, 0xA3, 0xE9, 0x1E, 0xC7, 0x57, 0xCB, 0x61, 0x2B, 0x77, 0x64, 0x0F, 0x98, 0x64, 0x81,
    0xF3, 0xC0, 0x65, 0xE0, 0x6A, 0x55, 0x73, 0x5F, 0xC4, 0x3C, 0xF0, 0x15, 0xD8, 0xFE, 0xC2, 0x33,
    0x76, 0xFE, 0x21, 0x39, 0xC3, 0x0F, 0xE0, 0x8D, 0xA4, 0xBF, 0x26, 0x17, 0x48, 0xC9, 0xE5, 0xEA,
    0xB9, 0x76, 0x9E, 0x0D, 0x51, 0xC4, 0x06, 0x86, 0xE7, 0x34, 0x70, 0x86, 0xF7, 0xDF, 0x52, 0x2E,
    0xD0, 0xE8, 0x47, 0x73, 0x09, 0x51, 0x76, 0xD5, 0xEA, 0xD9, 0x38, 0xCF, 0xED, 0xEC, 0x59, 0x68,
    0x03, 0xC9, 0xE3, 0xE9, 0xB1, 0xE5, 0x8D, 0xD5, 0x9B, 0xF5, 0x78, 0x07, 0x68, 0x6A, 0x80, 0x7D,
    0x25, 0x69, 0x2C, 0x1F, 0xDC, 0xC3, 0x2F, 0xED, 0xA8, 0xA9, 0x77, 0x5F, 0x71, 0x19, 0xB1, 0x29,
    0xB7, 0xFA, 0x01, 0xBE, 0xFB, 0x67, 0x4E, 0x2C, 0x7C, 0x1D, 0x91, 0x2A, 0x3C, 0x54, 0xD2, 0x34,
    0xFC, 0xBB, 0x17, 0xB7, 0x35, 0x11, 0x6F, 0x44, 0xEC, 0x46, 0xFD, 0x46, 0x53, 0x89, 0x31, 0x65,
    0x4F, 0x0C, 0x1C, 0x0D, 0x69, 0xAC, 0x80, 0x72, 0xA3, 0x1C, 0x73, 0x02, 0x34, 0xDA, 0x23, 0xBF,
    0x72, 0xC9, 0x8B, 0x69, 0x18, 0xF1, 0x49, 0x7C, 0x87, 0x2A, 0x31, 0x9F, 0x5C, 0x24, 0xC7, 0x94,
    0xCE, 0x4C, 0xDC, 0x7E, 0x27, 0x78, 0x50, 0x66, 0x21, 0x3A, 0xE2, 0xBC, 0xE7, 0xA6, 0xE8, 0x88,
    0xFD, 0x86, 0xD7, 0xF0, 0x2F, 0xAD, 0x9E, 0x60, 0x35, 0xEE, 0x0C, 0x57, 0x39, 0xE0, 0xBF, 0x2A,
    0xE8, 0x3E, 0x25, 0x8E, 0x1B, 0xE6, 0x58, 0xBF, 0x81, 0x3E, 0x84, 0xDC, 0x12, 0x2B, 0x9E, 0x3D,
    0xF5, 0xFE, 0xF2, 0xF5, 0xE8, 0x18, 0x4A, 0xBD, 0xBC, 0x7A, 0x47, 0x04, 0xB0, 0x63, 0x18, 0x03,
    0x4B, 0x62, 0x8D, 0xFF, 0xDE, 0xD0, 0x2C, 0xA7, 0x05, 0x67, 0x3B, 0xD5, 0x50, 0x37, 0xC2, 0x00,
    0xFD, 0x39, 0xB6, 0xD3, 0x69, 0x15, 0xDA, 0x80, 0xEB, 0x4A, 0x67, 0xC7, 0xC9, 0x88, 0x62, 0x57,
    0x3B, 0xEA, 0xE8, 0xA1, 0x28, 0xE2, 0x51, 0xBF, 0xBD, 0xCC, 0x30, 0xB0, 0x41, 0xF6, 0x3E, 0x3D,
    0x55, 0x5C, 0x63, 0x7F, 0xF1, 0xCA, 0x5D, 0x89, 0xC5, 0x8C, 0x29, 0xC4, 0xFB, 0x1B, 0x4C, 0x15,
    0xA2, 0x57, 0xCE, 0xA9, 0xD1, 0xC9, 0xE3, 0x78, 0x7A, 0xCC, 0x13, 0x1F, 0xF3, 0xAF, 0x3C, 0x29,
    0xE6, 0x40, 0x47, 0xEC, 0xCF, 0xD1, 0xB8, 0x80, 0xB2, 0xE1, 0xAA, 0xF8, 0xC4, 0x98, 0x77, 0x1F,
    0x8F, 0x39, 0xED, 0xA3, 0x72, 0x4E, 0x20, 0xD9, 0x9A, 0xAF, 0x92, 0xE0, 0x6F, 0x5D, 0xE8, 0x22,
    0x0D, 0x8E, 0x22, 0x15, 0x3D, 0xAD, 0x55, 0xCE, 0x4B, 0xBD, 0x1E, 0xEE, 0xA4, 0x6C, 0xBB, 0x0A,
    0xB5, 0x82, 0x71, 0xE5, 0x7A, 0xC7, 0x8C, 0xD9, 0x2A, 0xDA, 0x2E, 0xC5, 0x10, 0xE6, 0x42, 0xE7,
    0x34, 0x6F, 0x2C, 0xA7, 0x21, 0x5B, 0x55, 0x23, 0x15, 0x17, 0x2A, 0x08, 0xEB, 0xE1, 0x92, 0x75,
    0xD3, 0x71, 0x71, 0x31, 0xE7, 0xF1, 0x1E, 0x02, 0x73, 0xDB, 0x8B, 0x99, 0xB1, 0xC1, 0x84, 0x41,
    0xEC, 0x68, 0x71, 0xCF, 0xB7, 0xEA, 0x86, 0x87, 0x4A, 0xEC, 0xDA, 0x69, 0xBF, 0x5F, 0xE8, 0x03,
    0xD9, 0xE9, 0x91, 0xEC, 0x8F, 0x7D, 0x3A, 0x8C, 0x46, 0xA4, 0xE4, 0xA8, 0x9F, 0x81, 0x81, 0xBB,
    0x88, 0xC3, 0x82, 0x1D, 0x25, 0xE5, 0xFA, 0x65, 0x81, 0x7E, 0xC3, 0x0A, 0x12, 0x5B, 0x13, 0xE6,
    0x0D, 0x33, 0x15, 0x63, 0x81, 0x7E, 0x43, 0x06, 0x71, 0x34, 0x8B, 0x22, 0x66, 0xF6, 0x3B, 0xE3,
    0x86, 0x1F, 0xFA, 0xD5, 0xC7, 0x80, 0x03, 0x71, 0x24, 0xBA, 0x0D, 0x57, 0xBF, 0x7F, 0x0D, 0xC5,
    0x12, 0xDD, 0x86, 0x39, 0x8E, 0x1B, 0xA6, 0x18, 0xE3, 0x59, 0xA4, 0x0D, 0xAD, 0x52, 0xB1, 0x44,
    0xB3, 0x5F, 0x0F, 0x07, 0x80, 0x26, 0x61, 0x42, 0x3D, 0x70, 0x64, 0xAB, 0x9C, 0x99, 0x24, 0xCC,
    0x9C, 0x58, 0x63, 0x9D, 0x44, 0x7B, 0x48, 0x6E, 0x9C, 0x96, 0xD7, 0xB9, 0xBA, 0x44, 0x32, 0xF3,
    0x27, 0xA7, 0xEB, 0x87, 0x46, 0xA9, 0x86, 0x28, 0xB5, 0x4E, 0x29, 0xC1, 0xA8, 0x94, 0xE3, 0xA8,
    0x54, 0xA1, 0x51, 0x32, 0x8B, 0x28, 0x61, 0x56, 0xFA, 0x10, 0x83, 0x12, 0xD0, 0x93, 0xF6, 0xBF,
    0x26, 0x4F, 0x8E, 0x54, 0x43, 0xC9, 0x95, 0x1C, 0x3B, 0xE7, 0xCC, 0x1F, 0x2C, 0xF5, 0x87, 0x16,
    0x38, 0x92, 0x59, 0x49, 0x15, 0x48, 0x05, 0xFA, 0xA7, 0xBA, 0x5D, 0xE5, 0xB3, 0x72, 0xBB, 0xEC,
    0x54, 0xED, 0x15, 0x15, 0xDE, 0xA6, 0x79, 0x92, 0xDB, 0x55, 0x4F, 0x31, 0x87, 0x10, 0x48, 0xC4,
    0x04, 0xEF, 0x13, 0x71, 0x5A, 0x20, 0x33, 0x68, 0x68, 0xC2, 0x3F, 0x5B, 0xC3, 0x6B, 0xCD, 0x7E,
    0x85, 0xE1, 0x95, 0xAD, 0x7A, 0x8E, 0x71, 0x83, 0x72, 0xD8, 0xA0, 0x26, 0x3C, 0xE8, 0x37, 0xA0,
    0x01, 0x8D, 0x91, 0x6B, 0xC9, 0x9C, 0xDA, 0x8A, 0xA4, 0x1C, 0xAD, 0x9F, 0x32, 0xD5, 0x62, 0x49,
    0xC0, 0x15, 0xCF, 0x9A, 0xF1, 0x90, 0x0D, 0x31, 0xEC, 0xD3, 0x9B, 0x02, 0xB8, 0xC7, 0x79, 0xCD,
    0x51, 0x2C, 0xC4, 0x40, 0xB8, 0x92, 0xBD, 0xD2, 0xEE, 0xD3, 0xF6, 0xA3, 0x59, 0xC1, 0xCC, 0xB3,
    0x62, 0x8A, 0xC4, 0x27, 0xEF, 0x71, 0x34, 0x91, 0xC2, 0x9E, 0xE1, 0x77, 0xE1, 0x28, 0x66, 0xE1,
    0x31, 0x0D, 0xB8, 0xBA, 0x51, 0xF9, 0xF3, 0x95, 0x58, 0xF5, 0xEC, 0xE1, 0x5A, 0xFC, 0x95, 0xC5,
    0xEB, 0x4C, 0xF9, 0x99, 0x48, 0xBE, 0x08, 0x69, 0x22, 0x95, 0x03, 0xA9, 0x3E, 0x92, 0x4C, 0x20,
    0xF4, 0x4A, 0x95, 0xA7, 0xC2, 0x53, 0xF2, 0x76, 0xE3, 0xCD, 0x2D, 0x56, 0x19, 0xFA, 0x73, 0xA4,
    0xC5, 0xD5, 0x48, 0x28, 0x29, 0xC3, 0xC3, 0xFE, 0x26, 0x89, 0xC1, 0x99, 0xA5, 0xC4, 0x03, 0x1A,
    0xEA, 0x52, 0x43, 0x8C, 0xC6, 0xC8, 0xAF, 0xC6, 0x37, 0x1B, 0xE6, 0xEC, 0xBE, 0x3D, 0x66, 0xE8,
    0x89, 0x9D, 0x7E, 0x4E, 0x2C, 0x88, 0x3E, 0x0D, 0xAC, 0xB0, 0x89, 0xAE, 0x5D, 0x39, 0x08, 0xF9,
    0xA9, 0xC7, 0xB8, 0x5F, 0x43, 0x01, 0xDE, 0x5A, 0x7B, 0x6A, 0x88, 0xE9, 0x12, 0x27, 0xC1, 0x3B,
    0x62, 0x8E, 0x28, 0x1E, 0x5F, 0x1B, 0x14, 0xBD, 0x5D, 0x64, 0xFB, 0x0C, 0x7F, 0x02, 0x11, 0x60,
    0x09, 0x66, 0x6D, 0x85, 0xC1, 0xB7, 0x53, 0x96, 0x57, 0x75, 0x8A, 0xC6, 0x4E, 0xFD, 0x0A, 0x5C,
    0xBB, 0xD8, 0x06, 0x93, 0xB0, 0x34, 0xD5, 0x3A, 0x2E, 0xB2, 0xB2, 0x9E, 0x78, 0x80, 0x30, 0xFD,
    0xA9, 0xC3, 0xB0, 0x39, 0xCA, 0x97, 0xD2, 0x0D, 0x82, 0x91, 0x6D, 0x3C, 0x5C, 0x53, 0x28, 0x3B,
    0x5D, 0xB9, 0x58, 0xBF, 0x11, 0x5E, 0xD8, 0x60, 0xEE, 0xC8, 0x11, 0x36, 0xE1, 0xF3, 0x76, 0xED,
    0x2E, 0x6D, 0xF9, 0x0B, 0xA9, 0x75, 0x30, 0x29, 0x9D, 0x37, 0x3D, 0x39, 0xC5, 0x3E, 0x8A, 0x58,
    0xEF, 0xAF, 0x9C, 0xAD, 0x6E, 0xC5, 0x6B, 0xBE, 0xCB, 0x81, 0xF5, 0x51, 0x70, 0x61, 0x60, 0x4F,
    0xF4, 0xB7, 0x9C, 0xC4, 0x97, 0x7E, 0x42, 0xBF, 0x5F, 0x58, 0x58, 0x1D, 0x9E, 0x43, 0x34, 0xFE,
    0xD0, 0x42, 0xC2, 0x3E, 0x79, 0x58, 0x08, 0x21, 0xF0, 0xCF, 0x2F, 0xB3, 0x7A, 0x86, 0x16, 0xD2,
    0xEA, 0xCE, 0x56, 0x7F, 0x56, 0x21, 0xAC, 0xF5, 0x71, 0x1C, 0xF5, 0xEB, 0x09, 0x63, 0xBE, 0x94,
    0xAE, 0x9A, 0x73, 0x9C, 0xD6, 0x13, 0xD8, 0xCF, 0x55, 0xCF, 0x67, 0x3D, 0x81, 0x1B, 0xBB, 0x35,
    0x47, 0xCF, 0xA9, 0xC6, 0xC8, 0x91, 0xDB, 0xA0, 0xD1, 0x6B, 0x7A, 0x06, 0x2F, 0x5E, 0xFD, 0xFF,
    0x8B, 0x57, 0xD4, 0xBE, 0x00, 0xC0, 0x99, 0x1C, 0x4E, 0xD2, 0x9D, 0x24, 0xA8, 0x7E, 0x6D, 0x5F,
    0xB1, 0xDA, 0x4B, 0x89, 0x67, 0x20, 0x7F, 0x4D, 0x5F, 0xB1, 0x8A, 0xA5, 0x42, 0x17, 0x57, 0xAB,
    0x83, 0x63, 0xD1, 0xCB, 0x3E, 0x25, 0x2F, 0xA7, 0x2F, 0x42, 0x8A, 0x21, 0x72, 0xED, 0x82, 0x77,
    0xB2, 0x9F, 0xD7, 0x4E, 0x1B, 0xF8, 0x3E, 0xB9, 0x09, 0xA3, 0x75, 0x31, 0xBD, 0x80, 0x29, 0x06,
    0x13, 0x50, 0x76, 0x1E, 0x9F, 0x5C, 0xD0, 0x5D, 0x55, 0x91, 0xA2, 0x7F, 0x8C, 0xF8, 0xE5, 0x36,
    0x98, 0x52, 0x68, 0x79, 0x9A, 0x78, 0x70, 0x78, 0x2B, 0xFE, 0xFC, 0x89, 0x22, 0x0B, 0xA2, 0x8F,
    0x22, 0xF7, 0x42, 0xA7, 0xB7, 0xCD, 0xEE, 0x54, 0x49, 0x48, 0x5A, 0x16, 0x0A, 0x03, 0x4C, 0x14,
    0x39, 0xF6, 0x29, 0xC0, 0x8D, 0x5B, 0xEA, 0x80, 0xBF, 0xB6, 0x68, 0x6C, 0xD0, 0x9B, 0x87, 0xC0,
    0x60, 0x00, 0x8C, 0x0A, 0xB3, 0x41, 0x1F, 0xCC, 0x22, 0xE3, 0xA4, 0x76, 0x66, 0xBE, 0x0A, 0x86,
    0x30, 0x6F, 0x60, 0xC7, 0x0D, 0xB0, 0x41, 0x8A, 0xA3, 0xE6, 0x13, 0xBD, 0x66, 0x13, 0x62, 0xE6,
    0x76, 0x51, 0x67, 0x67, 0x12, 0x03, 0x1C, 0x15, 0x9A, 0x0D, 0x5C, 0x48, 0x38, 0xCD, 0xCA, 0x16,
    0xF9, 0x04, 0x50, 0x73, 0x7E, 0x2F, 0x59, 0xB0, 0xF4, 0xE6, 0xD8, 0xA6, 0xF9, 0x14, 0xEF, 0xE6,
    0x18, 0xE7, 0xC3, 0x31, 0x47, 0x4A, 0x0F, 0xC2, 0x09, 0x97, 0x18, 0x78, 0x6C, 0x88, 0x3D, 0xF1,
    0x48, 0x1C, 0x89, 0x93, 0xE2, 0x7D, 0xA7, 0xF8, 0x70, 0x51, 0xFC, 0x00, 0x1E, 0xBF, 0xB6, 0xE1,
    0xCF, 0xF1, 0xCE, 0x86, 0x23, 0x7E, 0xA2, 0xD8, 0x7E, 0xA0, 0x68, 0x3E, 0x54, 0x2C, 0x71, 0xC2,
    0x8C, 0x98, 0x12, 0xC5, 0xA3, 0x25, 0x1A, 0x62, 0x4D, 0x2C, 0x21, 0xC9, 0x85, 0x84, 0x39, 0x54,
    0xE2, 0xA7, 0x4B, 0xD3, 0x3E, 0xB7, 0xC9, 0x57, 0xDE, 0x45, 0xA3, 0x1F, 0x76, 0x72, 0x2A, 0xAF,
    0x77, 0x9A, 0x2F, 0xFC, 0x23, 0x56, 0xB1, 0xF7, 0x01, 0xFF, 0xC8, 0x29, 0xF4, 0x76, 0xC9, 0x36,
    0x18, 0x53, 0x85, 0x04, 0xC7, 0x4F, 0x09, 0x61, 0xBD, 0x8D, 0x4D, 0x39, 0xAE, 0x2E, 0x0E, 0x8A,
    0x3E, 0xAB, 0x5E, 0xF9, 0xC4, 0x4E, 0xA6, 0xDB, 0x70, 0x54, 0xCC, 0x5C, 0xDB, 0xC5, 0x14, 0xA8,
    0x9E, 0x5E, 0xEC, 0x77, 0x65, 0x44, 0x4A, 0x9F, 0xC6, 0xC6, 0xFE, 0x67, 0xF7, 0x91, 0x6B, 0xF6,
    0xEB, 0xDF, 0xD3, 0xE1, 0x34, 0x9B, 0x03, 0x98, 0x7F, 0x1D, 0xC3, 0xDC, 0x36, 0x5D, 0x9B, 0xCF,
    0xE1, 0xFD, 0x99, 0x58, 0x4A, 0xF4, 0x64, 0x03, 0x92, 0xD8, 0x99, 0xE4, 0xAB, 0x8B, 0x77, 0xC1,
    0x52, 0xCC, 0x2F, 0xA3, 0xD7, 0x2A, 0xC2, 0xB4, 0xCB, 0xCF, 0x38, 0x63, 0x9E, 0x52, 0xAD, 0xE7,
    0x46, 0x86, 0x1D, 0x48, 0xFE, 0xAB, 0x74, 0x7D, 0xC1, 0x0D, 0x58, 0x96, 0x38, 0xA6, 0xFB, 0x64,
    0xED, 0x18, 0x67, 0x3B, 0xF5, 0x1C, 0xD3, 0xD4, 0xB0, 0xF2, 0x61, 0x97, 0xD4, 0x49, 0x09, 0xFC,
    0xE7, 0x2A, 0x2D, 0xE0, 0x8D, 0x7B, 0x8C, 0x99, 0xE2, 0xB1, 0xC4, 0xC0, 0x7F, 0x4D, 0x4E, 0x4B,
    0xA4, 0xC4, 0x64, 0x9C, 0x18, 0xCC, 0x1B, 0x02, 0x4E, 0x7B, 0x5E, 0xBB, 0xC5, 0x32, 0x5F, 0xCD,
    0x86, 0xA5, 0x53, 0x34, 0xA3, 0x76, 0xD0, 0x38, 0x6E, 0xB8, 0xA2, 0xDB, 0x10, 0x1A, 0x9B, 0x1A,
    0x8E, 0x96, 0xC8, 0xC8, 0x17, 0x80, 0x8E, 0xD1, 0x12, 0xC9, 0x11, 0x86, 0x44, 0xAC, 0x62, 0xD8,
    0x60, 0xDA, 0x77, 0x68, 0x8A, 0x36, 0xFA, 0x02, 0x50, 0x22, 0xBE, 0xB0, 0x1B, 0xA3, 0xD3, 0x53,
    0xAF, 0x31, 0xB7, 0x1A, 0xC2, 0x52, 0x65, 0xB6, 0x5E, 0x69, 0x9B, 0x49, 0x23, 0x05, 0xBE, 0x3D,
    0x88, 0x0D, 0x77, 0x71, 0xA4, 0xB3, 0x51, 0xE3, 0xEB, 0x7A, 0x51, 0x19, 0xC6, 0x56, 0x63, 0xA9,
    0x4E, 0xEE, 0x64, 0x47, 0xDB, 0xCE, 0xF8, 0xF9, 0x6A, 0x66, 0x7C, 0xE8, 0xCC, 0x6C, 0x75, 0x2C,
    0x69, 0xD1, 0xB7, 0xA3, 0x41, 0x83, 0x0D, 0xD2, 0xE0, 0x8A, 0x28, 0x78, 0xE7, 0xC9, 0xBC, 0x81,
    0x41, 0xBE, 0x7C, 0xE5, 0xFF, 0x16, 0x95, 0x6B, 0xC5, 0x25, 0x16, 0x3E, 0xE9, 0x5B, 0xFB, 0xA5,
    0x95, 0xC3, 0x74, 0x70, 0x34, 0xDA, 0x26, 0xC7, 0xE2, 0xF8, 0x42, 0x77, 0x5B, 0x37, 0xBF, 0x75,
    0x57, 0xC4, 0xFC, 0x3B, 0x44, 0xEA, 0x51, 0x63, 0x3F, 0x9B, 0x5E, 0x32, 0x57, 0x1F, 0x25, 0x59,
    0xCA, 0x51, 0x64, 0xCD, 0x36, 0xB8, 0x99, 0x7C, 0xFF, 0x33, 0xEF, 0xA2, 0x0A, 0xDF, 0x2D, 0x5A,
    0x8C, 0x3E, 0x42, 0x7E, 0x09, 0x0D, 0x2B, 0x67, 0xA6, 0x09, 0x94, 0x7A, 0x31, 0xC2, 0xD7, 0x98,
    0x6E, 0xBC, 0x24, 0xAB, 0x73, 0x3C, 0x7E, 0x8D, 0x85, 0x3D, 0x9C, 0x77, 0x83, 0xD3, 0x55, 0xEA,
    0x3E, 0x9B, 0xA5, 0x3C, 0x26, 0xB7, 0xF4, 0x56, 0x3F, 0x8F, 0x95, 0x38, 0x76, 0x82, 0xE8, 0xC5,
    0x8C, 0x76, 0x90, 0xD2, 0xD5, 0xA3, 0x64, 0x4B, 0xE1, 0x44, 0xA0, 0xFE, 0x50, 0xDD, 0xBC, 0x2D,
    0x2C, 0x9A, 0x80, 0x76, 0xCC, 0x2C, 0xAF, 0xC2, 0xBA, 0x99, 0x5B, 0x8C, 0xEE, 0x55, 0x00, 0xF0,
    0x18, 0x58, 0xF9, 0xED, 0x63, 0x21, 0x1E, 0x74, 0xB8, 0x02, 0x6C, 0xC5, 0xED, 0x7B, 0x10, 0x31,
    0x23, 0x1A, 0x29, 0x47, 0xDB, 0x4B, 0xEE, 0x9B, 0xB2, 0x5A, 0x74, 0x8B, 0xBA, 0x98, 0xDF, 0x4C,
    0xEF, 0xC8, 0x59, 0x79, 0xCD, 0x9B, 0xA7, 0xA3, 0x6F, 0x5C, 0x3C, 0x79, 0x8D, 0x6F, 0xA0, 0x31,
    0x73, 0xA2, 0xED, 0x54, 0xD0, 0xDB, 0x07, 0x87, 0xF8, 0xD6, 0x80, 0x07, 0x7E, 0x76, 0x68, 0xDA,
    0x31, 0x06, 0x19, 0xF2, 0x07, 0xFE, 0xB5, 0x83, 0xDD, 0x3C, 0xA5, 0x09, 0x32, 0x87, 0xB7, 0x05,
    0xEB, 0x95, 0xE6, 0x52, 0xE1, 0x93, 0x0D, 0x57, 0x0F, 0xA9, 0x33, 0x9D, 0xAC, 0x37, 0xC2, 0xAA,
    0xAA, 0x05, 0x56, 0x5C, 0x2D, 0xA3, 0xC8, 0xD5, 0x6D, 0x9B, 0xD1, 0xDF, 0x06, 0xE0, 0x1E, 0xD9,
    0x1E, 0x1C, 0xDE, 0xBC, 0xBA, 0x5F, 0xDC, 0x1E, 0x73, 0xDC, 0xFF, 0x75, 0xE3, 0x4A, 0x77, 0xC3,
    0x2D, 0x89, 0x8D, 0xAB, 0xC4, 0xBB, 0x98, 0x35, 0xFF, 0xD4, 0x21, 0xB4, 0x5C, 0x14, 0x56, 0xB3,
    0x1E, 0xEE, 0xAD, 0x1C, 0x8B, 0xDA, 0x08, 0xE6, 0xA3, 0xCD, 0xE8, 0x65, 0x5C, 0x08, 0x35, 0x58,
    0x65, 0xC7, 0xE4, 0xEF, 0x0A, 0x00, 0x73, 0xAA, 0x20, 0x36, 0xF8, 0xBC, 0x47, 0xA6, 0x02, 0x5A,
    0xF0, 0x63, 0xF4, 0x66, 0xB4, 0xC7, 0x72, 0xAE, 0xC7, 0xCC, 0x15, 0xB3, 0x20, 0x73, 0x62, 0xE4,
    0xEF, 0xFD, 0xD5, 0x1C, 0xD8, 0xA1, 0x3C, 0xCF, 0x4D, 0xDB, 0x4E, 0xFB, 0x13, 0xB0, 0xFF, 0x2B,
    0xA7, 0xB6, 0xCF, 0x9D, 0xE9, 0x53, 0x6D, 0x36, 0x6B, 0x3E, 0xCA, 0xCD, 0xD8, 0x68, 0xBC, 0xFD,
    0x50, 0xE0, 0xD9, 0x6C, 0x96, 0x33, 0x86, 0xA6, 0xF2, 0x03, 0xFA, 0x68, 0x2F, 0x8B, 0x69, 0x95,
    0x6C, 0xBE, 0x2D, 0xC2, 0xA0, 0xD4, 0xFE, 0xF3, 0x41, 0x37, 0xD5, 0x29, 0xEB, 0x6D, 0xFC, 0x3F,
    0x6F, 0x89, 0x37, 0x16, 0xFB, 0x70, 0x6C, 0x6E, 0x42, 0xBF, 0x18, 0x5D, 0xE9, 0xFF, 0x1E, 0xDB,
    0x63, 0x31, 0x5B, 0x49, 0xDD, 0xD6, 0x44, 0x6F, 0xC7, 0x25, 0xA0, 0x76, 0x7E, 0xB6, 0x5B, 0xE8,
    0xE3, 0x4B, 0x3F, 0x76, 0xD2, 0x74, 0xFB, 0x01, 0x38, 0x37, 0xB1, 0x3A, 0xFE, 0x8D, 0xEA, 0xA8,
    0x67, 0x53, 0x31, 0x7C, 0x01, 0xDE, 0x54, 0xBE, 0xF9, 0xAD, 0x83, 0x88, 0xF9, 0x05, 0x9D, 0x01,
    0xF4, 0x71, 0x04, 0x1D, 0xC2, 0x08, 0x6A, 0xB3, 0x89, 0x23, 0xE8, 0x67, 0xFE, 0xA6, 0xF2, 0x6B,
    0x7E, 0x04, 0x05, 0x86, 0x47, 0x46, 0xD0, 0xE5, 0x34, 0x82, 0x56, 0xBD, 0xB4, 0x61, 0x04, 0x7D,
    0x59, 0x96, 0x67, 0xAE, 0xB1, 0xC9, 0x26, 0x9C, 0xB4, 0x97, 0x60, 0xBE, 0xCF, 0x9A, 0x02, 0x38,
    0x76, 0x37, 0xD5, 0x20, 0x89, 0x93, 0x7C, 0xD4, 0xB6, 0x9D, 0xDC, 0x7A, 0x41, 0x96, 0x5C, 0x6E,
    0x34, 0x71, 0x95, 0x79, 0xC2, 0xC0, 0xE5, 0xD9, 0x51, 0x44, 0xBD, 0x7E, 0x91, 0x04, 0xD9, 0xC2,
    0x3C, 0x1D, 0xAC, 0xA9, 0x58, 0x51, 0x06, 0xB8, 0x43, 0x44, 0x43, 0x1C, 0x88, 0x33, 0xD1, 0xE9,
    0x75, 0xB6, 0xAB, 0x62, 0x0D, 0xC5, 0xF2, 0x63, 0x58, 0xAF, 0x8A, 0xD6, 0x9D, 0xFD, 0x6A, 0x38,
    0x1D, 0x6D, 0x11, 0xEA, 0x0D, 0x5D, 0x81, 0x2E, 0x4C, 0x80, 0xD8, 0x38, 0x37, 0x14, 0xCC, 0x8A,
    0xFC, 0x17, 0x8F, 0xEF, 0xEF, 0xBD, 0xDF, 0x30, 0xE3, 0xD3, 0x97, 0x60, 0xE2, 0x1D, 0x99, 0x11,
    0x03, 0xEF, 0x47, 0x6F, 0x67, 0xD6, 0xBB, 0x71, 0xBC, 0x99, 0xF3, 0x7B, 0x39, 0x48, 0x7B, 0x4C,
    0xF0, 0x35, 0x6C, 0xF0, 0x1D, 0xF4, 0x09, 0xEE, 0x2B, 0x80, 0xF0, 0x7E, 0x97, 0x60, 0x11, 0x3D,
    0x9A, 0xC2, 0xA8, 0x30, 0x7C, 0x6A, 0x08, 0xF9, 0x5D, 0xEB, 0x0F, 0x06, 0x76, 0x3D, 0x00, 0xF3,
    0x07, 0xCB, 0xA5, 0x3C, 0xD3, 0xE9, 0xB3, 0x70, 0x4D, 0x42, 0x01, 0xD6, 0x4E, 0x11, 0x0B, 0x11,
    0x1D, 0x71, 0x20, 0x8E, 0x82, 0x31, 0xF1, 0xAB, 0xEE, 0xD6, 0x29, 0x9A, 0x8F, 0xA1, 0x9D, 0xF7,
    0xF5, 0xF9, 0xF8, 0xAB, 0xEE, 0x74, 0xB4, 0x89, 0xE8, 0x44, 0xF6, 0x2E, 0xAB, 0x84, 0x62, 0x1E,
    0xFE, 0x7F, 0xFD, 0xB0, 0x21, 0xFF, 0xC5, 0xE3, 0xAF, 0x8A, 0x71, 0xB1, 0x64, 0xC3, 0x5C, 0x1F,
    0x8B, 0x69, 0x23, 0x66, 0x9D, 0x3D, 0x87, 0x91, 0xAE, 0x18, 0xCF, 0x87, 0x91, 0x9B, 0x5D, 0x35,
    0xB5, 0x47, 0x4C, 0xDB, 0xF0, 0x36, 0xB6, 0x0F, 0xB7, 0x0D, 0xBA, 0x3D, 0xB8, 0xD3, 0xA2, 0x91,
    0x76, 0xA1, 0x79, 0xFD, 0x89, 0x7B, 0xEE, 0x7A, 0x6E, 0xC7, 0xFD, 0x0D, 0x82, 0x1C, 0xDA, 0x44,
    0x53, 0x7C, 0x6D, 0xE5, 0x2B, 0xE2, 0xEC, 0x53, 0x06, 0xA3, 0x8E, 0x53, 0xB3, 0x4F, 0x27, 0x04,
    0x1C, 0x79, 0x3E, 0x3B, 0xC4, 0x88, 0x49, 0xD1, 0x3A, 0x6D, 0x31, 0x46, 0x9F, 0xBB, 0xC1, 0xE0,
    0x7D, 0x8B, 0xBE, 0x8C, 0xA9, 0xD1, 0xBA, 0x57, 0x41, 0x05, 0x74, 0xE1, 0x4D, 0x8E, 0x2B, 0xCD,
    0xB5, 0xB8, 0xDA, 0x5C, 0xE5, 0x46, 0x7C, 0x7D, 0xF7, 0x95, 0xBB, 0x76, 0x92, 0x72, 0xFD, 0x54,
    0x50, 0xAD, 0x76, 0x96, 0x7A, 0xD5, 0x29, 0xF8, 0xDA, 0xEA, 0x53, 0x6A, 0xF0, 0xC7, 0xD8, 0x00,
    0x58, 0x2B, 0x85, 0x02, 0x78, 0x6F, 0x4D, 0x80, 0x6C, 0xE5, 0x12, 0x5B, 0x30, 0xB4, 0x0B, 0x40,
    0xC2, 0x0A, 0xA8, 0xB4, 0xE0, 0x6D, 0x76, 0xD5, 0x86, 0xAB, 0x64, 0x93, 0xEF, 0xCA, 0xBE, 0x60,
    0xD1, 0xDE, 0xA7, 0xA3, 0xCE, 0x4F, 0x47, 0xF9, 0xBC, 0xAB, 0xFD, 0x7E, 0x3E, 0x1D, 0xFD, 0x1C,
    0xA2, 0x7D, 0x1D, 0x47, 0x0D, 0x30, 0x0D, 0x23, 0xCE, 0xDB, 0xC3, 0x08, 0x5B, 0x43, 0xAC, 0x18,
    0x27, 0xBF, 0xA1, 0x10, 0x8C, 0x64, 0x0E, 0xB5, 0x5C, 0x11, 0xC8, 0x81, 0x99, 0xB7, 0x10, 0xDE,
    0x5B, 0x61, 0x72, 0x2C, 0xB5, 0xEF, 0x67, 0x66, 0x61, 0xEA, 0xC8, 0xF5, 0xE9, 0xA3, 0xD8, 0xB9,
    0x5E, 0xBF, 0xC7, 0x07, 0xD1, 0xFB, 0xDE, 0x7D, 0xC1, 0x9F, 0x59, 0xEE, 0x1B, 0x9D, 0x85, 0xF4,
    0xA3, 0x68, 0x93, 0x5A, 0xAE, 0x8B, 0x6E, 0xF0, 0x5B, 0xD8, 0xA0, 0xC6, 0xB9, 0xF1, 0x5C, 0xA3,
    0x4B, 0x80, 0x39, 0x03, 0x96, 0x72, 0xE3, 0x72, 0xBD, 0x4E, 0x67, 0xA0, 0xE4, 0x88, 0x3C, 0xB0,
    0x67, 0x48, 0x81, 0x51, 0x5A, 0xA8, 0xE9, 0xB4, 0x78, 0x07, 0xA5, 0x5C, 0x8B, 0xAE, 0x5C, 0x2B,
    0x9F, 0xED, 0xB9, 0x8D, 0xC7, 0x14, 0x9A, 0xB1, 0x5F, 0x4A, 0x7C, 0xA3, 0xA1, 0x5A, 0xBC, 0xF1,
    0x97, 0x40, 0xE4, 0x2F, 0x57, 0xEF, 0x23, 0xA1, 0x93, 0x9B, 0x87, 0xAD, 0x18, 0x00, 0xB8, 0x02,
    0x37, 0xFE, 0x14, 0x3F, 0xBA, 0x4D, 0xCB, 0xF0, 0xF9, 0xC1, 0x79, 0x59, 0x65, 0xFF, 0xAC, 0x1E,
    0x37, 0x28, 0x37, 0xB8, 0x66, 0x87, 0xE0, 0x12, 0x15, 0x73, 0xB0, 0xF5, 0xD0, 0x73, 0x4B, 0xC2,
    0x96, 0x6E, 0xDB, 0xEF, 0x6F, 0x03, 0x4A, 0x0B, 0xF4, 0xE7, 0x9B, 0x0E, 0x6D, 0x4F, 0xD9, 0x98,
    0x13, 0x25, 0xD8, 0x04, 0x70, 0x94, 0x16, 0x83, 0x77, 0x6E, 0xFF, 0x42, 0xE2, 0xAB, 0x20, 0x25,
    0x82, 0xA1, 0xBE, 0x6D, 0xAF, 0x41, 0xD8, 0xB9, 0x9A, 0xCB, 0x30, 0xE2, 0x70, 0xEA, 0xB4, 0x9B,
    0x5C, 0x84, 0xA6, 0x9A, 0x4A, 0x74, 0x45, 0x13, 0x5E, 0x02, 0x68, 0x14, 0xF6, 0x85, 0xB7, 0x3A,
    0xBC, 0x59, 0xC0, 0x13, 0xFB, 0x27, 0x64, 0x9F, 0x7D, 0xF6, 0x62, 0xEE, 0x63, 0x90, 0xDF, 0xF5,
    0x7E, 0x3E, 0xC1, 0x2A, 0xC4, 0x81, 0x91, 0x3F, 0x29, 0x15, 0x2C, 0x44, 0xF2, 0xFD, 0x2D, 0x8C,
    0x82, 0x66, 0xAA, 0xFE, 0x95, 0x73, 0x2F, 0x1A, 0x50, 0xD1, 0x2D, 0xF4, 0x53, 0x93, 0x63, 0x0D,
    0x36, 0xCB, 0xB9, 0xFE, 0x99, 0x9D, 0x4B, 0xE1, 0xA4, 0x79, 0xF2, 0xEB, 0x5C, 0x0C, 0xC2, 0xDE,
    0xDA, 0x26, 0x8E, 0x9C, 0xC0, 0x2A, 0x7F, 0x5E, 0xC6, 0x7C, 0x86, 0x6D, 0x8E, 0xCB, 0x93, 0xB4,
    0x3F, 0x46, 0xB1, 0x6C, 0xD8, 0x52, 0xF2, 0xE4, 0x8D, 0x64, 0x3F, 0x95, 0xB3, 0x92, 0x81, 0xF5,
    0x86, 0x77, 0xAF, 0xBE, 0x57, 0x97, 0xF3, 0x61, 0x49, 0xAE, 0xFE, 0xF7, 0x39, 0xC3, 0xC9, 0xD5,
    0x27, 0x46, 0x00, 0x4F, 0x40, 0xEE, 0xF3, 0xE9, 0x50, 0xB4, 0x14, 0xFE, 0x6D, 0x97, 0x6F, 0xA3,
    0x91, 0x30, 0x5F, 0x9A, 0xFD, 0x53, 0x27, 0xF9, 0xF9, 0x52, 0x97, 0xD8, 0xF1, 0xE9, 0xC0, 0xD9,
    0xFE, 0x87, 0x58, 0xC5, 0xE2, 0x39, 0x2C, 0xBB, 0xFC, 0x0F, 0xCD, 0x9A, 0x3D, 0xB0, 0xDE, 0xC6,
    0xB9, 0xDF, 0xFF, 0x2F, 0x60, 0x11, 0x1A, 0x62, 0x62, 0xA8, 0x30, 0x6D, 0x0F, 0x3D, 0x63, 0xB8,
    0x48, 0x66, 0xE2, 0xA3, 0x99, 0xA0, 0x49, 0xE5, 0x89, 0xBD, 0xB0, 0x34, 0x13, 0x15, 0x2E, 0xCC,
    0x42, 0x74, 0x4A, 0xBB, 0xB0, 0x67, 0xA2, 0x93, 0x49, 0x98, 0x22, 0x85, 0x8B, 0x8C, 0x81, 0x58,
    0x45, 0x0A, 0x15, 0xA2, 0x67, 0x32, 0x6E, 0x52, 0xF8, 0x14, 0x2A, 0xA8, 0xE3, 0x82, 0x29, 0x93,
    0x19, 0xDB, 0x0B, 0x4B, 0x85, 0x0A, 0x15, 0x82, 0xEC, 0xA8, 0xBA, 0x05, 0xE1, 0x2B, 0xEA, 0x5E,
    0x9B, 0x2A, 0xB8, 0x94, 0x60, 0x09, 0x22, 0x17, 0xF8, 0xDF, 0x7D, 0xF6, 0xC1, 0x7B, 0xDE, 0x73,
    0xC4, 0x23, 0xF1, 0xC3, 0xB4, 0x7C, 0xC1, 0xDD, 0xDF, 0x83, 0xF3, 0x62, 0x3F, 0x9E, 0x67, 0xB1,
    0xFB, 0x60, 0x3F, 0x08, 0xB9, 0x0E, 0x5B, 0x3B, 0x80, 0xAF, 0xD3, 0x83, 0x24, 0xB7, 0xF8, 0x3E,
    0x6B, 0x4E, 0x69, 0x80, 0x4B, 0x09, 0xBA, 0x22, 0xE0, 0x3D, 0x4D, 0x32, 0x0A, 0xBA, 0x80, 0x09,
    0xE0, 0x08, 0xC0, 0x3A, 0x3C, 0x81, 0x66, 0x4E, 0x26, 0x18, 0xD2, 0xA3, 0x24, 0x89, 0x9C, 0x9C,
    0xB1, 0x21, 0x7B, 0xE0, 0xCC, 0x4B, 0xD8, 0x5E, 0x95, 0x3F, 0x7F, 0x00, 0x90, 0x57, 0x1D, 0x52,
    0x92, 0x0E, 0x45, 0x64, 0xC5, 0x77, 0x03, 0xCD, 0x0C, 0xA1, 0x97, 0xF2, 0x9A, 0x51, 0x68, 0x85,
    0x27, 0xC3, 0x28, 0x6C, 0x26, 0xA1, 0xF1, 0x31, 0x3D, 0x9F, 0xE1, 0x18, 0xEB, 0x5C, 0x62, 0x69,
    0x94, 0x92, 0xAF, 0x11, 0xB0, 0x73, 0x1E, 0x78, 0xE6, 0x32, 0x7E, 0x08, 0xBD, 0xCC, 0x90, 0xB3,
    0x86, 0xF1, 0x0D, 0x07, 0x18, 0xB1, 0x23, 0x52, 0xF4, 0xBD, 0x6D, 0x17, 0x64, 0xEC, 0x4A, 0x06,
    0xD6, 0x45, 0x64, 0x48, 0x9A, 0x9D, 0x16, 0xF2, 0x48, 0x4D, 0x53, 0x0A, 0x87, 0x46, 0xF2, 0x92,
    0x3E, 0x72, 0x44, 0xB6, 0x88, 0xD1, 0xD9, 0x5C, 0xB1, 0x06, 0xB0, 0x39, 0x10, 0xAB, 0x27, 0x20,
    0x21, 0x81, 0x82, 0x0B, 0x50, 0xD1, 0x03, 0x46, 0xD0, 0xF8, 0xD8, 0x78, 0x3B, 0x9C, 0xAF, 0x61,
    0xDF, 0xE3, 0x04, 0x4B, 0x2E, 0x02, 0xB6, 0x82, 0xCE, 0x2E, 0x39, 0x07, 0x3B, 0x6E, 0xE8, 0xAC,
    0xC3, 0xA7, 0x22, 0xE1, 0x20, 0x66, 0x77, 0x47, 0x79, 0x61, 0xAF, 0xD1, 0xC3, 0xBE, 0xCA, 0x01,
    0xC0, 0xD7, 0xA1, 0x57, 0xC2, 0x49, 0xD4, 0x60, 0x2D, 0x18, 0x50, 0x88, 0xDA, 0xE9, 0x0D, 0x7A,
    0x6C, 0x60, 0x16, 0x88, 0x9A, 0x5B, 0xE4, 0x8A, 0x5A, 0x70, 0xE2, 0x41, 0xB5, 0x20, 0x6F, 0x39,
    0x4B, 0xDE, 0xF8, 0xD6, 0x9D, 0xA0, 0x43, 0x46, 0xC9, 0x1F, 0xCC, 0x58, 0xAF, 0x9C, 0x3D, 0x60,
    0xE9, 0x91, 0x32, 0x20, 0x67, 0x7C, 0x53, 0x3F, 0x1B, 0x60, 0xC4, 0xF2, 0x66, 0xDA, 0x59, 0xBE,
    0xA9, 0x45, 0xFF, 0x09, 0x7C, 0x9F, 0x44, 0x54, 0xBC, 0xE1, 0x6D, 0xB6, 0x86, 0x9D, 0x0D, 0x00,
    0xDB, 0x82, 0x64, 0x2D, 0x40, 0x80, 0x57, 0xC5, 0xCD, 0x6F, 0x5F, 0x06, 0x4C, 0x2B, 0x16, 0xAD,
    0x35, 0x36, 0x4E, 0x68, 0xEF, 0x93, 0x95, 0x97, 0xF4, 0xA4, 0x7D, 0xA4, 0xBD, 0x31, 0xB0, 0x3C,
    0x56, 0x9A, 0x96, 0x0C, 0x3B, 0x37, 0x4E, 0x7A, 0xA3, 0x10, 0x58, 0x39, 0x09, 0x0D, 0xBB, 0xC0,
    0x2A, 0xB2, 0xE0, 0x20, 0xD6, 0x44, 0xE2, 0x5C, 0x2D, 0xBC, 0xD4, 0x07, 0xA4, 0x1C, 0xE2, 0xD3,
    0xFE, 0x28, 0xA5, 0x61, 0x2B, 0x9C, 0x8E, 0x95, 0xF6, 0x99, 0x5B, 0x54, 0x45, 0x8B, 0x76, 0x83,
    0x7B, 0x11, 0xD5, 0xD9, 0x23, 0x27, 0x27, 0xC9, 0x31, 0xC3, 0xCC, 0x97, 0x08, 0xE3, 0x52, 0xD6,
    0xB6, 0x4F, 0xD8, 0xD9, 0x1B, 0xBF, 0x64, 0x47, 0x72, 0x85, 0x15, 0xEC, 0x1D, 0x1E, 0x8A, 0x41,
    0x89, 0x20, 0x63, 0x9B, 0xCB, 0xA8, 0x2A, 0xC8, 0x05, 0x15, 0xE9, 0x05, 0x0E, 0x67, 0xC8, 0xFA,
    0x78, 0x4D, 0x76, 0x01, 0xF2, 0xB5, 0xE7, 0x4E, 0x82, 0x19, 0xE9, 0x3B, 0x8D, 0x76, 0xD5, 0x16,
    0x48, 0xB5, 0x3C, 0x2D, 0xDE, 0x9E, 0xAC, 0x2D, 0xAA, 0xD1, 0x0C, 0x29, 0x5B, 0x33, 0x16, 0x94,
    0xE2, 0x17, 0xED, 0x50, 0xA9, 0xDA, 0x74, 0xB2, 0x22, 0xAD, 0x0A, 0x92, 0x62, 0x50, 0x31, 0xE1,
    0xBF, 0x46, 0xD7, 0x96, 0xBB, 0x58, 0x25, 0x9D, 0x54, 0xAA, 0x22, 0xA3, 0x3A, 0x43, 0x7E, 0x38,
    0x41, 0xAC, 0x7F, 0x65, 0x39, 0x48, 0x48, 0xFE, 0x96, 0xAE, 0xE1, 0xCC, 0xCE, 0x4E, 0x96, 0xFF,
    0x83, 0xDD, 0x57, 0x7A, 0x3B, 0x46, 0x5B, 0xA3, 0x12, 0xF2, 0x06, 0x73, 0x02, 0xAA, 0x08, 0x54,
    0x15, 0xA8, 0x32, 0x52, 0x96, 0xA4, 0x38, 0xE1, 0x40, 0x1B, 0xB6, 0x29, 0x39, 0xC9, 0x90, 0x95,
    0xA6, 0x31, 0xCB, 0xBF, 0xEF, 0x8C, 0x97, 0xF7, 0x2E, 0x79, 0xAF, 0x20, 0xE5, 0x82, 0x24, 0xC4,
    0x32, 0x44, 0xB3, 0x5C, 0x91, 0xB7, 0xA8, 0x71, 0xC2, 0x41, 0x23, 0xE9, 0x35, 0xAF, 0x4F, 0xC8,
    0x61, 0x5B, 0x6C, 0xC2, 0x8F, 0xA4, 0xFA, 0x4E, 0xCA, 0x93, 0x72, 0xB3, 0x9F, 0x71, 0x02, 0x8C,
    0xC4, 0x11, 0xFB, 0x74, 0x50, 0x67, 0xDF, 0x42, 0x94, 0xDA, 0xB7, 0x1E, 0x28, 0x67, 0xA0, 0x58,
    0xCE, 0xC2, 0xCC, 0x25, 0xE9, 0xA5, 0xCC, 0x10, 0x5D, 0x4E, 0xD6, 0x38, 0x1F, 0xDB, 0x4E, 0x4B,
    0x55, 0xB3, 0xDA, 0xC8, 0xE1, 0x71, 0xB1, 0xED, 0xD6, 0x8C, 0x50, 0x3A, 0x67, 0x00, 0x66, 0xC7,
    0xEF, 0x71, 0xB6, 0x00, 0xD9, 0xDB, 0x2B, 0x52, 0x8F, 0x99, 0xA5, 0xA6, 0x8A, 0xB8, 0x68, 0xFD,
    0x99, 0x09, 0x28, 0x66, 0x40, 0xEA, 0x03, 0xA4, 0x46, 0x40, 0xEA, 0x04, 0xA4, 0xD6, 0x48, 0x07,
    0xC4, 0x9A, 0xB1, 0xAB, 0x5B, 0x7E, 0xB9, 0x0E, 0x34, 0x24, 0x12, 0x92, 0x5D, 0x1E, 0x30, 0x14,
    0xFC, 0x39, 0x5D, 0xC8, 0x1F, 0x30, 0x81, 0x43, 0x33, 0x3E, 0xC9, 0xCE, 0x3A, 0x43, 0x04, 0x2C,
    0xF2, 0x2B, 0x7B, 0xEB, 0xF6, 0xE8, 0xEC, 0x08, 0x33, 0x35, 0x3E, 0x40, 0x9E, 0x4D, 0x25, 0xC9,
    0x51, 0x0A, 0x70, 0x52, 0x54, 0xAB, 0x1A, 0x6F, 0x9E, 0xAB, 0x81, 0xFD, 0x03, 0x69, 0xDB, 0x53,
    0xE3, 0x63, 0xBC, 0x2D, 0xBE, 0xAA, 0xDB, 0xC6, 0xB3, 0xE1, 0xEF, 0xF8, 0xEC, 0x1E, 0x71, 0x13,
    0xC7, 0xDB, 0x80, 0x86, 0x5D, 0xEC, 0x8A, 0x9C, 0xD5, 0x0B, 0x44, 0x3F, 0x20, 0xD6, 0x65, 0xC7,
    0xFC, 0x80, 0x61, 0xA7, 0x54, 0x4F, 0x22, 0x1C, 0x8F, 0xFC, 0xC0, 0x74, 0x4F, 0x3F, 0xD0, 0x4C,
    0xA7, 0x7B, 0x00, 0x0D, 0xCD, 0x78, 0xDC, 0x03, 0x24, 0x92, 0xF7, 0x6E, 0x0F, 0xC0, 0xC5, 0x46,
    0x0F, 0x20, 0x04, 0x94, 0xF2, 0xF4, 0xB2, 0x38, 0xB0, 0x8C, 0x64, 0x17, 0xD3, 0xB7, 0x42, 0xF5,
    0x0D, 0xA2, 0xE0, 0xD9, 0x97, 0x77, 0x1E, 0x63, 0x3E, 0x7F, 0x10, 0xB5, 0x8C, 0x05, 0x16, 0x82,
    0xA8, 0x62, 0xD4, 0x30, 0x2A, 0x68, 0x47, 0x81, 0x3B, 0x81, 0xA8, 0x5B, 0x54, 0x2D, 0x6A, 0x56,
    0x1D, 0xE5, 0x55, 0xB5, 0xAC, 0x68, 0xB5, 0x2A, 0x15, 0x11, 0x1E, 0x5C, 0x4E, 0x39, 0x44, 0x85,
    0xA2, 0x3E, 0x51, 0x1D, 0xD5, 0x66, 0xA7, 0x4C, 0xCE, 0x01, 0xB0, 0x5C, 0xA2, 0x71, 0xC8, 0x19,
    0x47, 0xD1, 0x5B, 0x5E, 0x5A, 0xEB, 0x89, 0xF5, 0x4B, 0x3D, 0x9E, 0xBB, 0x28, 0x35, 0xB3, 0xE3,
    0x11, 0xA4, 0xCB, 0x74, 0xCD, 0x04, 0x76, 0xC6, 0x0B, 0x58, 0x6B, 0x1D, 0x5D, 0x26, 0xD8, 0x50,
    0x3F, 0xB2, 0x93, 0x74, 0x99, 0xD8, 0x63, 0xCE, 0x5E, 0x31, 0x23, 0x2A, 0x6F, 0x3C, 0xCC, 0x58,
    0x06, 0xB8, 0x62, 0x86, 0x1D, 0xF2, 0x05, 0xEC, 0x53, 0x82, 0x5D, 0xCA, 0x6F, 0xB3, 0x4D, 0xF8,
    0x3C, 0x01, 0xBE, 0x1A, 0x60, 0x5F, 0x9B, 0x81, 0xE6, 0xA6, 0x74, 0x78, 0xFD, 0x68, 0x3B, 0xA0,
    0x50, 0x0C, 0x7A, 0xA7, 0x0F, 0xCC, 0x4D, 0x2F, 0x89, 0x97, 0x98, 0x6D, 0x07, 0xB5, 0x48, 0x67,
    0x1B, 0xA5, 0x24, 0x4E, 0xD8, 0x6E, 0xDB, 0xFE, 0x23, 0xE4, 0xAC, 0xC5, 0x04, 0xB6, 0x86, 0x1F,
    0x32, 0x3A, 0xC3, 0xC0, 0xCF, 0x5B, 0xF2, 0x65, 0x20, 0x93, 0x2C, 0xCA, 0xE8, 0x4D, 0xA4, 0x10,
    0xC9, 0xCB, 0x5B, 0xEC, 0x02, 0x3B, 0x0E, 0x10, 0x4F, 0xEA, 0x20, 0xAE, 0x34, 0xB2, 0x71, 0xF2,
    0x0B, 0xA5, 0x17, 0x53, 0x94, 0x23, 0x25, 0xA5, 0xA1, 0xCE, 0x1E, 0xA4, 0x1C, 0xEC, 0xD7, 0xC0,
    0xE1, 0xC1, 0xE6, 0xB0, 0xA5, 0x93, 0xA4, 0x0F, 0x8B, 0x8C, 0x9D, 0x9D, 0x2F, 0xB1, 0x6B, 0xA4,
    0x0A, 0x23, 0x08, 0x1A, 0x4A, 0x93, 0xFF, 0x81, 0x1D, 0x9E, 0x4B, 0x02, 0xF0, 0x69, 0x78, 0xB0,
    0xF9, 0xD8, 0x2D, 0x7A, 0xD8, 0x3B, 0xEB, 0xAC, 0xA4, 0x16, 0x74, 0x96, 0xFF, 0x3B, 0x60, 0x4A,
    0x03, 0x5C, 0x22, 0x6E, 0x63, 0xF3, 0x30, 0xF8, 0xE7, 0xA2, 0x06, 0x36, 0x47, 0x8D, 0x93, 0x0A,
    0xA8, 0xA8, 0x91, 0xE8, 0xA0, 0x1D, 0x01, 0x9C, 0x43, 0xBC, 0x58, 0x27, 0xD2, 0x45, 0xFB, 0x10,
    0x24, 0xD3, 0x7F, 0x81, 0x5E, 0xE1, 0x85, 0x26, 0xEC, 0x3E, 0x16, 0xBE, 0xC4, 0x3F, 0x19, 0x52,
    0xC3, 0x93, 0xFC, 0xD3, 0x5D, 0x09, 0x24, 0x84, 0x01, 0x61, 0xDD, 0xFD, 0x85, 0x11, 0x0D, 0x61,
    0x88, 0x8A, 0xD2, 0x6D, 0xF1, 0x23, 0x84, 0x79, 0x83, 0x21, 0xB7, 0x61, 0x09, 0xFA, 0x7C, 0x52,
    0xF8, 0x22, 0xDF, 0x39, 0x96, 0x92, 0x78, 0xEC, 0x62, 0xF4, 0xA1, 0xF7, 0x8F, 0xE4, 0x2A, 0xE5,
    0x86, 0x45, 0x6F, 0xC8, 0x4B, 0x43, 0x00, 0xFB, 0xE6, 0x1A, 0xD9, 0x35, 0x05, 0x59, 0xCB, 0x87,
    0xF7, 0x1E, 0x05, 0xA8, 0x73, 0xC9, 0xE8, 0x80, 0x54, 0x80, 0x88, 0x33, 0x35, 0xB0, 0x11, 0x5D,
    0x52, 0xB6, 0xF7, 0x40, 0xCE, 0x80, 0x4A, 0x60, 0x6E, 0x0A, 0x9E, 0x11, 0xFC, 0x23, 0xDF, 0xAA,
    0xB5, 0xF7, 0x0B, 0x32, 0x01, 0xFE, 0x13, 0x6F, 0xB4, 0x9A, 0xED, 0x41, 0x70, 0xEE, 0x02, 0xAC,
    0x7B, 0xF4, 0xA1, 0x99, 0x60, 0xD8, 0x85, 0x50, 0x48, 0x97, 0x19, 0x70, 0x4E, 0x2A, 0xD2, 0x6E,
    0x7D, 0xBF, 0xBC, 0x7D, 0x78, 0x78, 0x08, 0x4B, 0x92, 0xC7, 0xB8, 0x44, 0xFA, 0xDD, 0xF7, 0x8B,
    0x43, 0x60, 0xCA, 0x2E, 0x30, 0x67, 0x1D, 0x58, 0x2C, 0x08, 0x34, 0xB3, 0xD0, 0xC6, 0xA7, 0x9A,
    0xDE, 0x70, 0x09, 0xFC, 0xAA, 0x65, 0x20, 0x0A, 0xD6, 0x36, 0x7A, 0xAE, 0xE3, 0x04, 0x22, 0xD3,
    0x36, 0x3C, 0x45, 0x3E, 0x36, 0x84, 0x7E, 0xBD, 0x74, 0x3A, 0x8A, 0x8C, 0x8C, 0x63, 0x52, 0x17,
    0x77, 0x17, 0xC4, 0x9D, 0x25, 0x87, 0xED, 0xD9, 0x43, 0x4A, 0xF5, 0x05, 0x1F, 0xA9, 0xB0, 0x63,
    0x5C, 0x93, 0x8A, 0xAB, 0xFB, 0xB3, 0xA5, 0xA1, 0x5C, 0x5B, 0x51, 0xD0, 0x37, 0x7C, 0x9F, 0x19,
    0x87, 0x92, 0xCF, 0x13, 0xCF, 0x61, 0xF3, 0xD2, 0xDF, 0x56, 0x97, 0x3B, 0xAA, 0xCB, 0x0B, 0xAA,
    0x4B, 0x4E, 0xC8, 0x55, 0xDC, 0x5B, 0xE4, 0x2A, 0x80, 0xFD, 0x56, 0xBC, 0x58, 0x6B, 0x5F, 0xE3,
    0x5C, 0xD0, 0xD9, 0x9B, 0x64, 0x43, 0x6F, 0x29, 0xD7, 0xAC, 0x62, 0xB1, 0x3E, 0xA5, 0x2B, 0x18,
    0x5F, 0xF5, 0x31, 0x91, 0x3C, 0x3A, 0x71, 0x8A, 0x82, 0xE5, 0x22, 0x4C, 0x38, 0x8B, 0x48, 0xE9,
    0x55, 0x8C, 0x22, 0x32, 0xF6, 0x22, 0xF0, 0x2C, 0x76, 0x36, 0x8C, 0x40, 0x30, 0x61, 0x01, 0xC4,
    0x82, 0x40, 0x92, 0x6D, 0x64, 0x07, 0x3B, 0x6B, 0x17, 0x4D, 0x84, 0xE2, 0x7A, 0x1F, 0x09, 0x01,
    0x80, 0x3B, 0x56, 0x1C, 0x8E, 0xCD, 0x0D, 0x6B, 0x61, 0xD4, 0xFC, 0x31, 0xB9, 0xFD, 0x9B, 0xA9,
    0x09, 0xEC, 0xB8, 0xD3, 0x97, 0x42, 0xAB, 0x4A, 0xB2, 0x0D, 0xCC, 0xA3, 0xDA, 0xB8, 0x88, 0xFD,
    0x30, 0x49, 0xA8, 0xED, 0x28, 0xFD, 0xC1, 0x0B, 0x16, 0x01, 0x23, 0x7E, 0x2A, 0x78, 0x45, 0xF0,
    0x5E, 0xC0, 0xCD, 0x0F, 0x02, 0xAE, 0xCD, 0x01, 0xEF, 0x0A, 0xDE, 0x5E, 0x02, 0xFE, 0xC0, 0x80,
    0x21, 0xA2, 0x11, 0x18, 0x41, 0x21, 0xC8, 0x05, 0x3A, 0xC8, 0x01, 0x7C, 0x45, 0x6E, 0xC8, 0x49,
    0x67, 0x7C, 0x45, 0x40, 0x57, 0xF1, 0x19, 0xF6, 0x66, 0x02, 0x5D, 0xE3, 0xD0, 0xB8, 0xE0, 0x7E,
    0xEC, 0x68, 0x49, 0x4E, 0x3C, 0x42, 0xFC, 0x2D, 0x3C, 0x35, 0xCE, 0x8C, 0xD1, 0xC7, 0x24, 0x1C,
    0x8E, 0x66, 0x7C, 0xF5, 0x86, 0x9C, 0xD7, 0x97, 0xB0, 0xD9, 0xCD, 0x73, 0x91, 0x33, 0x38, 0x32,
    0x6D, 0x60, 0x76, 0x29, 0xA3, 0x28, 0x54, 0x54, 0xBC, 0xC1, 0x1B, 0x87, 0xAD, 0x59, 0x62, 0xDB,
    0x34, 0x3E, 0x0A, 0xD9, 0xEC, 0xB9, 0xF1, 0x72, 0x6C, 0x3C, 0x12, 0x3C, 0x21, 0xAC, 0x8B, 0xCF,
    0x9A, 0x29, 0xA6, 0x34, 0x5E, 0x05, 0xBF, 0x2D, 0x42, 0xCB, 0xEC, 0x33, 0x15, 0x1B, 0x15, 0xA8,
    0x54, 0xC4, 0xE9, 0xD7, 0xEE, 0xB2, 0xBC, 0x1E, 0x58, 0x8A, 0xD6, 0x80, 0xDD, 0xCE, 0xEB, 0x75,
    0x9F, 0xE6, 0xA3, 0x33, 0x24, 0x4A, 0xD6, 0x12, 0x8D, 0x8F, 0x13, 0x03, 0x33, 0x6D, 0x9E, 0x8D,
    0x33, 0xBE, 0x38, 0x59, 0xB5, 0x51, 0x0C, 0xA7, 0x8A, 0xC6, 0x15, 0x84, 0x34, 0x63, 0xC9, 0xA7,
    0xC5, 0x3E, 0xAE, 0x73, 0xEE, 0xAB, 0x24, 0x32, 0xB2, 0x88, 0x1B, 0x83, 0x53, 0x9C, 0x58, 0x9C,
    0xAF, 0x25, 0x00, 0x8F, 0xE9, 0x10, 0x2A, 0xE6, 0x07, 0x13, 0xEB, 0x8A, 0xC2, 0x48, 0x05, 0xF2,
    0x87, 0xFC, 0x99, 0xAB, 0x0D, 0x25, 0xAF, 0x2D, 0x96, 0x30, 0x4B, 0x31, 0x17, 0x6C, 0x8D, 0x2F,
    0xA4, 0x57, 0xDB, 0xB1, 0x98, 0x93, 0x20, 0x9C, 0x88, 0x9E, 0x41, 0x6C, 0x44, 0xC4, 0xBF, 0xD6,
    0x67, 0xCD, 0x14, 0x53, 0x4A, 0x86, 0x5C, 0x94, 0xFF, 0xEE, 0x5C, 0x51, 0x9B, 0x75, 0xD1, 0xE6,
    0x99, 0xB4, 0xB1, 0x7A, 0x48, 0x4D, 0x8B, 0x7A, 0x88, 0xFA, 0x3E, 0xB5, 0xCE, 0x55, 0x70, 0xB8,
    0xEF, 0xB8, 0x09, 0x31, 0x0D, 0xB1, 0x8C, 0x9D, 0x6C, 0x28, 0x43, 0xAC, 0xD8, 0x0C, 0xC6, 0x9B,
    0xC1, 0x0C, 0x7B, 0xEB, 0x82, 0xF7, 0x62, 0x2D, 0x69, 0x1F, 0x59, 0x94, 0xFA, 0x72, 0x0E, 0x67,
    0xED, 0xB1, 0xFA, 0xE6, 0x50, 0xDF, 0x68, 0x06, 0xDD, 0xD9, 0x3B, 0x94, 0x7A, 0x39, 0x3C, 0x0C,
    0x52, 0x41, 0x1E, 0x20, 0xA5, 0x43, 0x8A, 0x47, 0x45, 0x3B, 0xC0, 0xCC, 0x82, 0x31, 0xE0, 0x7C,
    0x1D, 0x00, 0x44, 0x34, 0x4E, 0xBD, 0x98, 0xA0, 0x05, 0x8A, 0xA3, 0x39, 0x2A, 0xCE, 0x61, 0xAF,
    0x2D, 0xC7, 0xA6, 0xE7, 0xD8, 0xBC, 0x4D, 0xD7, 0xDC, 0x09, 0x91, 0x12, 0x6F, 0x1F, 0x34, 0xAC,
    0xD1, 0xCC, 0x3A, 0x8B, 0x6E, 0xA6, 0x47, 0x1F, 0x57, 0x07, 0xDA, 0xD9, 0x57, 0xD9, 0xD9, 0x6B,
    0x6C, 0xAD, 0x4E, 0xC7, 0x61, 0x09, 0x58, 0x0F, 0x44, 0xD7, 0xEA, 0x1E, 0x3C, 0x4A, 0xD9, 0x86,
    0x5D, 0x8C, 0x05, 0x7B, 0x6D, 0xA9, 0x73, 0x47, 0x63, 0x15, 0x99, 0xFA, 0x28, 0x18, 0x2E, 0x68,
    0xB8, 0xC4, 0xBA, 0x38, 0x02, 0x74, 0x0F, 0x16, 0x11, 0xAB, 0x6A, 0xE2, 0xD2, 0xCF, 0x70, 0xF8,
    0x22, 0xD7, 0xF5, 0xFE, 0x43, 0x87, 0xFD, 0xC3, 0x2B, 0xA2, 0x20, 0x7B, 0xC1, 0x24, 0xF0, 0xB0,
    0xB2, 0xA3, 0x6E, 0x5D, 0xC1, 0x13, 0xA8, 0x96, 0xF8, 0x54, 0x30, 0x6A, 0x0E, 0x85, 0x8B, 0x3A,
    0x34, 0x53, 0x74, 0xA7, 0xDB, 0xC4, 0x39, 0xDB, 0xF8, 0x85, 0xDF, 0x97, 0x49, 0x8D, 0x8D, 0x6B,
    0xBE, 0x5D, 0x29, 0xCE, 0xF8, 0x75, 0x37, 0x80, 0x1C, 0x04, 0x9D, 0xC0, 0x09, 0xE4, 0x41, 0x73,
    0x4A, 0xE5, 0xF2, 0x1B, 0x39, 0x0B, 0xFC, 0x36, 0xB1, 0x0E, 0x5C, 0xA0, 0x62, 0xBB, 0x21, 0xC7,
    0x94, 0x9C, 0x0B, 0x72, 0x2A, 0x96, 0xCC, 0x95, 0x1E, 0x75, 0xB1, 0xE8, 0x3A, 0x3B, 0x23, 0xEB,
    0x44, 0xF7, 0xB8, 0xBD, 0xCE, 0x04, 0xAA, 0xE5, 0x09, 0x14, 0xCB, 0x4F, 0x42, 0x6C, 0x48, 0xAF,
    0x31, 0x76, 0xC1, 0xB6, 0xF9, 0x87, 0xCB, 0x30, 0x03, 0x60, 0x9C, 0xBE, 0xCE, 0x92, 0x7D, 0x2C,
    0x23, 0xA1, 0x5B, 0xF7, 0x72, 0x2E, 0x0D, 0x71, 0xFE, 0x50, 0x48, 0x79, 0x31, 0x0E, 0xF1, 0xDD,
    0x5B, 0xF7, 0xD7, 0x89, 0xDC, 0x6D, 0x2B, 0x59, 0x76, 0xE0, 0x6E, 0x5B, 0xE9, 0xA4, 0x2E, 0xD5,
    0xE9, 0xBA, 0x7C, 0x86, 0x5B, 0x5C, 0x3A, 0xC4, 0x58, 0xAF, 0xC3, 0x60, 0x80, 0xF4, 0x4D, 0x1D,
    0x1B, 0xE3, 0x43, 0x45, 0xDD, 0xC4, 0xF4, 0xDB, 0x17, 0x31, 0x88, 0x9D, 0xBB, 0x17, 0x91, 0x2F,
    0xBA, 0x9F, 0x0A, 0x30, 0x20, 0x11, 0xA4, 0x8A, 0x0E, 0x9F, 0x31, 0xFE, 0x03, 0xFF, 0xBF, 0x6E,
    0x63, 0x1B, 0x41, 0x23, 0xB0, 0x4F, 0xB3, 0x05, 0xD3, 0x00, 0x7B, 0x8D, 0x88, 0xA3, 0x1E, 0x25,
    0x3D, 0x90, 0xB0, 0x07, 0x1E, 0x7B, 0x49, 0x55, 0x97, 0x56, 0x32, 0x1C, 0x77, 0xFB, 0x06, 0x95,
    0x6E, 0xCF, 0x7E, 0x5A, 0xAC, 0xC8, 0xC1, 0x90, 0x6E, 0x1B, 0xF7, 0xEC, 0x72, 0x19, 0xA5, 0x87,
    0xC6, 0x69, 0x8D, 0x63, 0xA8, 0xE4, 0xC2, 0xFA, 0x69, 0xE9, 0x62, 0xDC, 0xAC, 0x31, 0x09, 0xF1,
    0x49, 0xDE, 0x68, 0x1B, 0xB2, 0x3B, 0x1E, 0xC5, 0x92, 0xBF, 0x24, 0x26, 0xF1, 0x73, 0x17, 0xBB,
    0x68, 0x8F, 0x46, 0xBF, 0x79, 0x41, 0x01, 0x84, 0xE1, 0x7F, 0xE6, 0x50, 0x52, 0xE4, 0x3C, 0x85,
    0x19, 0xDF, 0xFA, 0x3E, 0x9F, 0x6D, 0x48, 0x72, 0x3A, 0xCE, 0xA0, 0xE1, 0x55, 0xBE, 0x74, 0x57,
    0x7A, 0xD1, 0xBE, 0x14, 0xFE, 0xD9, 0x52, 0x6A, 0x23, 0x01, 0xA5, 0x2C, 0xA7, 0x80, 0x92, 0x3F,
    0x25, 0xE2, 0x62, 0x0A, 0x87, 0x87, 0xC9, 0xE1, 0x15, 0xF2, 0x69, 0xFA, 0x1D, 0x2C, 0x53, 0xFA,
    0x6C, 0x06, 0xDB, 0xC2, 0xC3, 0xF6, 0xD5, 0x84, 0x46, 0xA6, 0x81, 0x26, 0x62, 0x6A, 0x76, 0x08,
    0x0F, 0x26, 0xE3, 0xC1, 0xD1, 0xF0, 0x29, 0xDD, 0x9D, 0x1C, 0x72, 0xDD, 0x11, 0xD4, 0xFD, 0xB8,
    0xF1, 0xD8, 0xFC, 0xF0, 0xF0, 0xC0, 0x0E, 0xA0, 0xB3, 0x73, 0x40, 0xC3, 0x00, 0xC3, 0x96, 0xEE,
    0x2B, 0xEC, 0xE8, 0x52, 0x41, 0xC2, 0x7E, 0xC5, 0xE6, 0x08, 0x89, 0x3E, 0xD0, 0x24, 0xB2, 0x38,
    0x6B, 0x9B, 0xB9, 0x24, 0x8C, 0x6E, 0x5B, 0xEA, 0x61, 0xA4, 0xD3, 0x9E, 0xAD, 0xFB, 0xFC, 0x05,
    0x3B, 0xC1, 0xB0, 0xEE, 0x03, 0x1A, 0x85, 0x0C, 0xB8, 0x6B, 0x1E, 0xB0, 0x6F, 0x04, 0xF0, 0xF5,
    0x05, 0x1B, 0x3E, 0x4F, 0x24, 0xC1, 0x54, 0xA4, 0x4C, 0xD8, 0x66, 0xDC, 0xB0, 0xCB, 0x17, 0xB0,
    0x2B, 0x3C, 0x38, 0x94, 0xE2, 0x5C, 0x8F, 0x8C, 0x9E, 0x64, 0x16, 0xEC, 0xF7, 0x0F, 0x70, 0xFE,
    0x0A, 0x0C, 0x25, 0x20, 0xA0, 0x6E, 0xA8, 0xE3, 0xCA, 0x8A, 0xB4, 0xEC, 0xA2, 0x0E, 0x14, 0xD9,
    0x01, 0xB4, 0x51, 0x6E, 0xD8, 0xBC, 0xB9, 0xC4, 0x77, 0x6E, 0xFE, 0x7E, 0xB1, 0xE2, 0x84, 0xAA,
    0xF7, 0xE7, 0xC6, 0x05, 0x59, 0xBE, 0xEF, 0x8D, 0xC8, 0x22, 0xCA, 0x7C, 0x29, 0xEE, 0x4C, 0x66,
    0x82, 0x4C, 0xC6, 0xC6, 0xCA, 0xA3, 0xF0, 0x19, 0x5D, 0x29, 0x52, 0x56, 0x82, 0x1E, 0x65, 0x94,
    0x0B, 0xAA, 0x29, 0xCE, 0xC2, 0x61, 0x46, 0xD1, 0x97, 0xD8, 0x3B, 0x40, 0xEC, 0x35, 0xEA, 0xE2,
    0x90, 0x1E, 0xED, 0x98, 0x1A, 0xF6, 0x51, 0x29, 0x80, 0xC3, 0xD1, 0xA6, 0x57, 0x2B, 0xC0, 0xD1,
    0x19, 0x67, 0x0B, 0x94, 0xF2, 0xA0, 0x62, 0xBF, 0x36, 0x54, 0x73, 0xD3, 0x49, 0x1B, 0x4D, 0x00,
    0x43, 0x43, 0x6D, 0xF8, 0xC2, 0x8C, 0x84, 0x19, 0x91, 0x32, 0x25, 0x32, 0x59, 0x9C, 0x14, 0xF3,
    0x46, 0xDB, 0xA8, 0x8F, 0x6D, 0x64, 0x62, 0x1B, 0x39, 0x98, 0xC9, 0x3A, 0x54, 0x7E, 0xEF, 0x0A,
    0xF6, 0xAE, 0x98, 0xF0, 0x60, 0x2C, 0x67, 0x50, 0xA7, 0xC7, 0x19, 0xE3, 0x5E, 0xDA, 0xF3, 0xAC,
    0x37, 0x7C, 0x8D, 0x00, 0xAF, 0xCD, 0x40, 0xC3, 0x93, 0x3B, 0xBD, 0x3A, 0x5B, 0x52, 0x25, 0x3F,
    0x11, 0xB2, 0x15, 0x26, 0x6F, 0x80, 0xFE, 0x18, 0x2A, 0xC6, 0x3E, 0x46, 0xB1, 0x5E, 0x5F, 0x7D,
    0xAD, 0x27, 0x74, 0x7A, 0xF6, 0x2A, 0x0F, 0x93, 0x63, 0x0F, 0x21, 0x35, 0x5E, 0x7C, 0x16, 0x8D,
    0xE4, 0xB5, 0x27, 0x01, 0x14, 0x3B, 0x48, 0x09, 0xB9, 0xE8, 0x96, 0x09, 0x74, 0x77, 0xD0, 0x4E,
    0x71, 0x81, 0x79, 0xB7, 0x1A, 0x93, 0xA8, 0xE1, 0x74, 0xD9, 0xA7, 0xEA, 0x6A, 0x4D, 0x73, 0x80,
    0x99, 0xCE, 0xD7, 0xE0, 0x2D, 0xE9, 0xC5, 0xAF, 0x72, 0xCA, 0xF8, 0xE2, 0x1D, 0x5F, 0xB0, 0xFC,
    0x9D, 0xAF, 0x96, 0xE6, 0x35, 0xDF, 0x90, 0x9C, 0x6C, 0x80, 0x13, 0xF4, 0x02, 0xE0, 0x7B, 0xF3,
    0x05, 0x20, 0xF1, 0x08, 0x98, 0xA0, 0xD7, 0xF9, 0xC3, 0xC3, 0x97, 0xA5, 0x8E, 0xE5, 0x24, 0x24,
    0x8D, 0x3D, 0xA5, 0xDE, 0xA3, 0x53, 0x67, 0xB2, 0x47, 0x22, 0xFA, 0x81, 0x9C, 0x81, 0x6F, 0x58,
    0x62, 0x4D, 0x93, 0xB1, 0xDE, 0xB5, 0x6C, 0xFC, 0xF3, 0xF3, 0xF2, 0xA0, 0x1A, 0x1A, 0xAE, 0x8E,
    0x79, 0x3D, 0xDC, 0x1C, 0xA4, 0x00, 0xA8, 0x97, 0x3C, 0x7B, 0x28, 0x7A, 0x94, 0x24, 0x97, 0x13,
    0x2C, 0x28, 0x39, 0x44, 0x0F, 0x17, 0x8B, 0xD6, 0x83, 0x5E, 0x68, 0x93, 0xED, 0x4E, 0x75, 0x75,
    0x01, 0x7C, 0x10, 0x49, 0x65, 0x1F, 0x39, 0xC6, 0x55, 0xAA, 0xDF, 0x1D, 0x44, 0x96, 0x84, 0x2A,
    0x9A, 0xF1, 0x7A, 0xCE, 0xBA, 0x22, 0x33, 0x19, 0x70, 0xFC, 0x3B, 0xD6, 0x7C, 0x8B, 0x24, 0x88,
    0x22, 0x32, 0xE1, 0x02, 0x0E, 0x92, 0xD7, 0x52, 0x14, 0x36, 0x51, 0x9F, 0x3C, 0x40, 0x46, 0x3B,
    0x2F, 0xFF, 0x00, 0xB8, 0x74, 0x5D, 0x54, 0x62, 0xAB, 0xEF, 0x88, 0xA4, 0x47, 0x13, 0xDB, 0xAF,
    0xAD, 0x88, 0xC7, 0xB5, 0x35, 0xF2, 0x93, 0x28, 0x04, 0x46, 0x2C, 0xA2, 0xD7, 0x1E, 0xA0, 0xA7,
    0xD1, 0x3A, 0xF4, 0xBD, 0x60, 0x7C, 0x50, 0x9C, 0xBD, 0x1D, 0x20, 0xA6, 0x66, 0xDB, 0x16, 0x6B,
    0x4D, 0x80, 0x54, 0xF3, 0x6B, 0x79, 0x59, 0x5F, 0xD6, 0x63, 0xAD, 0xC6, 0x09, 0x46, 0xAD, 0x47,
    0x7B, 0xB2, 0x0E, 0xD5, 0x4C, 0x3B, 0xD8, 0x22, 0x8F, 0x77, 0xFB, 0xAD, 0x0F, 0x0C, 0x39, 0xCD,
    0x83, 0x1D, 0x1F, 0x0E, 0xB3, 0x80, 0x9D, 0x68, 0xE0, 0xB6, 0x87, 0x1D, 0xD4, 0x31, 0x55, 0xAB,
    0x9A, 0xA7, 0x7C, 0xF6, 0x3F, 0x0F, 0x59, 0x60, 0xBE, 0xD3, 0xAC, 0xF6, 0x5A, 0xFD, 0xF4, 0x6B,
    0x43, 0xB4, 0xDA, 0xAF, 0xB0, 0xB1, 0x7F, 0x04, 0x4A, 0x9D, 0xDE, 0xAE, 0xC7, 0x49, 0xEB, 0xF1,
    0x54, 0xFF, 0x55, 0xED, 0x38, 0xE5, 0x6E, 0x40, 0xF9, 0x13, 0x68, 0x22, 0xA6, 0x53, 0xA0, 0x4F,
    0x4F, 0xE6, 0x98, 0xD7, 0x36, 0xD5, 0xF2, 0x0A, 0x76, 0x79, 0x9B, 0x93, 0x6C, 0x53, 0x01, 0x04,
    0x7A, 0x92, 0x93, 0x45, 0xC7, 0x71, 0x7B, 0xBB, 0xD1, 0xB4, 0x9E, 0x9C, 0x2F, 0xA2, 0x33, 0xEB,
    0x82, 0x29, 0xBB, 0xD2, 0x83, 0x5D, 0x15, 0xD0, 0x9B, 0x11, 0x76, 0x30, 0x6E, 0xF5, 0x84, 0x01,
    0x3E, 0xE0, 0x7D, 0x1A, 0xD7, 0x1C, 0xC1, 0xBC, 0x37, 0xCB, 0x83, 0x0B, 0x02, 0x08, 0x24, 0xF1,
    0x14, 0xB2, 0xC5, 0x02, 0xD4, 0xA9, 0xF2, 0x3B, 0xAA, 0x06, 0x92, 0x38, 0x98, 0x2C, 0x27, 0xD1,
    0xB2, 0xD7, 0xAF, 0xF4, 0x7E, 0x18, 0x77, 0x47, 0x8B, 0x00, 0x2F, 0x90, 0xA9, 0x7F, 0xC9, 0x80,
    0x5C, 0x50, 0x2C, 0xB2, 0x16, 0xD9, 0x2D, 0x39, 0x06, 0xC1, 0x1C, 0x7E, 0xBB, 0x2A, 0x4F, 0x53,
    0xB6, 0x2B, 0xB2, 0x00, 0x31, 0x41, 0x70, 0xB4, 0x8E, 0x69, 0x65, 0xF4, 0x5D, 0x07, 0x12, 0x79,
    0x72, 0x74, 0x84, 0xAA, 0xBE, 0xED, 0xE7, 0x5C, 0x60, 0xC4, 0xBF, 0x49, 0x2F, 0xCE, 0xD9, 0x86,
    0xFB, 0x54, 0x94, 0x7D, 0x39, 0x30, 0x25, 0x03, 0x61, 0xC5, 0xC3, 0xE7, 0xF1, 0xDE, 0xC4, 0xDF,
    0x9B, 0x98, 0xC6, 0x3A, 0x48, 0x6D, 0x53, 0xDC, 0x7F, 0x5E, 0x60, 0x09, 0x43, 0xF5, 0xD8, 0xDB,
    0xED, 0x8B, 0x0E, 0xB0, 0xEA, 0x37, 0x2E, 0x22, 0x5E, 0xD5, 0xA0, 0xAE, 0x56, 0x3B, 0x7B, 0xA1,
    0x38, 0x58, 0x5D, 0x72, 0x3E, 0x05, 0x64, 0x7E, 0xED, 0x77, 0x96, 0x3C, 0x71, 0x82, 0xF9, 0x33,
    0x3D, 0xC1, 0x14, 0x5D, 0xB5, 0xB7, 0xDE, 0xF3, 0x04, 0x13, 0x9F, 0x7E, 0x82, 0x79, 0x28, 0x27,
    0xAB, 0x1C, 0x3E, 0x19, 0xE4, 0x27, 0xC0, 0xE1, 0x5E, 0x80, 0x5E, 0xB6, 0x5D, 0x5D, 0x77, 0xC2,
    0x61, 0x05, 0xD8, 0x05, 0xFC, 0x1B, 0x9C, 0xB8, 0x0E, 0x35, 0xDD, 0x23, 0xC0, 0xB9, 0x80, 0x9C,
    0x01, 0x95, 0xA0, 0x11, 0xD8, 0x77, 0xD9, 0x81, 0x4F, 0x71, 0x00, 0x9F, 0x5F, 0x57, 0x96, 0x3A,
    0x3D, 0xAF, 0x38, 0x53, 0x5E, 0x84, 0xAD, 0x71, 0x11, 0xA6, 0x06, 0xF0, 0x2F, 0xB1, 0xF7, 0x12,
    0xF6, 0x0E, 0x2A, 0x8F, 0x66, 0x2C, 0x18, 0x20, 0x4E, 0x79, 0x94, 0x17, 0x3E, 0x82, 0x03, 0x47,
    0x34, 0xEF, 0x05, 0x18, 0x06, 0x14, 0x82, 0x5C, 0x90, 0x1E, 0xA1, 0xA0, 0xCC, 0x19, 0x7D, 0x00,
    0x47, 0xC9, 0xD6, 0x37, 0x63, 0xCE, 0xB6, 0x19, 0x2B, 0x29, 0xAA, 0x91, 0x42, 0x81, 0x7B, 0xC1,
    0xE9, 0xFF, 0x46, 0x78, 0x88, 0xF8, 0xE7, 0x8B, 0xD2, 0xE9, 0xFB, 0xE3, 0x31, 0x6E, 0x8E, 0x2E,
    0x42, 0x90, 0xC2, 0x54, 0x45, 0xA6, 0x22, 0x57, 0x51, 0xB0, 0x56, 0x81, 0x23, 0x91, 0xCF, 0x51,
    0x58, 0xBE, 0xC1, 0x98, 0xE9, 0x0E, 0x63, 0x6A, 0x12, 0x28, 0x54, 0x54, 0xAC, 0x0D, 0x01, 0xB3,
    0xA0, 0x10, 0xE1, 0xB7, 0x22, 0xA7, 0x78, 0xA7, 0xAD, 0xC8, 0x76, 0xC2, 0xE8, 0x8F, 0x31, 0xC9,
    0x2E, 0x03, 0x51, 0x12, 0x21, 0xBE, 0x69, 0x77, 0x45, 0x67, 0x2A, 0x36, 0xE4, 0x35, 0x9D, 0x81,
    0x7E, 0x57, 0xC4, 0xE6, 0xC2, 0xAA, 0xE0, 0xC3, 0x89, 0x27, 0xFF, 0x18, 0x0D, 0xE9, 0x51, 0x92,
    0x93, 0x4E, 0x00, 0x0C, 0x49, 0x14, 0x5D, 0xC9, 0xFA, 0x8C, 0x0C, 0xE4, 0x8F, 0xCD, 0x16, 0xD6,
    0x7C, 0x95, 0xC0, 0x7A, 0x3D, 0x2A, 0xD0, 0x95, 0x8C, 0xEE, 0x63, 0x9D, 0xF0, 0xD4, 0x86, 0xF4,
    0x27, 0x31, 0xE9, 0x83, 0x93, 0xF8, 0x6B, 0x7F, 0x24, 0xF3, 0x68, 0xD1, 0x11, 0x72, 0x41, 0x20,
    0xEE, 0x82, 0xAE, 0x07, 0x75, 0x1F, 0xFF, 0x81, 0x24, 0x54, 0x56, 0xA3, 0xEC, 0x83, 0x5F, 0x09,
    0x8A, 0x90, 0xA4, 0xCF, 0xC8, 0x28, 0x8B, 0x55, 0x56, 0xBC, 0x2A, 0x72, 0x34, 0xB2, 0x1F, 0x1B,
    0x37, 0x79, 0x24, 0xBF, 0x8C, 0x87, 0x20, 0xA3, 0xE7, 0x8C, 0xB2, 0x8E, 0xB2, 0x20, 0x54, 0xCE,
    0xB0, 0xF2, 0xDC, 0x78, 0x34, 0x93, 0x48, 0x19, 0x4B, 0x71, 0xB5, 0x04, 0xC3, 0x9C, 0x6F, 0xF2,
    0x9D, 0x67, 0x4B, 0x92, 0xBF, 0x27, 0xE7, 0x62, 0x95, 0x29, 0x69, 0x45, 0x82, 0x53, 0x13, 0xE5,
    0x19, 0xB1, 0xEA, 0xB3, 0xB6, 0x8F, 0x83, 0xF1, 0x6A, 0x57, 0xB4, 0x2F, 0xDF, 0xDA, 0xB5, 0x20,
    0x4A, 0xE3, 0x55, 0xDA, 0x49, 0xED, 0x23, 0x3B, 0xB1, 0xEF, 0x4D, 0xD2, 0xA9, 0x7D, 0xF4, 0x62,
    0x5F, 0xFF, 0x0D, 0xCE, 0xA5, 0xEE, 0xF2, 0x2F, 0x45, 0x94, 0x05, 0xC5, 0x3E, 0x91, 0x62, 0x9F,
    0x48, 0xB5, 0xAF, 0xD0, 0x31, 0xAC, 0xBD, 0x02, 0xC5, 0x60, 0xBD, 0x48, 0x43, 0x6E, 0xA5, 0x13,
    0x59, 0x90, 0x9D, 0xC8, 0x84, 0x92, 0x2C, 0xCE, 0xEB, 0x77, 0xED, 0xA2, 0x16, 0xFF, 0xE5, 0x77,
    0x6B, 0x3B, 0x01, 0xDB, 0x96, 0xD2, 0xD1, 0xAB, 0x77, 0xC5, 0xD1, 0xDD, 0xB6, 0xBD, 0x80, 0x6D,
    0x8F, 0x00, 0xB6, 0x7D, 0x02, 0xD8, 0xF6, 0x0A, 0x60, 0xDB, 0x2F, 0xD6, 0xBB, 0x82, 0x67, 0x2E,
    0x6F, 0xFB, 0x86, 0xF1, 0xDB, 0xDE, 0x41, 0xAE, 0xFD, 0xE3, 0x83, 0x85, 0x6B, 0x0F, 0x79, 0x7F,
    0xB2, 0x6B, 0x1F, 0x79, 0xF7, 0x16, 0xA1, 0xBD, 0x44, 0x47, 0x81, 0xDE, 0x79, 0x68, 0x4F, 0x89,
    0x2A, 0x68, 0x5F, 0x61, 0xBB, 0x9E, 0xDB, 0x37, 0x97, 0xB1, 0x5E, 0x06, 0x77, 0xDD, 0x9D, 0xE8,
    0x4B, 0xEC, 0x8E, 0x89, 0xCD, 0x09, 0x91, 0x44, 0x21, 0xBB, 0x29, 0x87, 0xFC, 0x08, 0x0D, 0xE5,
    0xEA, 0x54, 0xB8, 0x63, 0x7F, 0x8D, 0x65, 0x2D, 0xBD, 0x7F, 0x00, 0x44, 0x8C, 0x51, 0x34, 0x6C,
    0x45, 0x18, 0xAE, 0xF3, 0x0E, 0x4A, 0x92, 0x84, 0xDA, 0x22, 0x25, 0x9D, 0x08, 0xD0, 0x25, 0xD1,
    0xF3, 0xB8, 0x0D, 0x7D, 0x74, 0xF7, 0x5A, 0x34, 0x8C, 0x88, 0x4E, 0x5B, 0xBA, 0xC6, 0x46, 0x0D,
    0xC4, 0x66, 0xFF, 0x7F, 0x21, 0x5E, 0x67, 0x97, 0x28, 0x1A, 0x8A, 0x0D, 0x1B, 0x52, 0x94, 0x4F,
    0xB9, 0x88, 0xC8, 0xE8, 0xA1, 0x4B, 0x6C, 0x11, 0x05, 0x81, 0x44, 0x45, 0xDC, 0x6F, 0x81, 0xDA,
    0x70, 0xBA, 0x50, 0x3D, 0x1F, 0x5E, 0xE8, 0x0A, 0x5F, 0xB4, 0x15, 0x01, 0xAA, 0x7F, 0x6F, 0xF8,
    0xA2, 0x88, 0x92, 0x6F, 0x88, 0xC0, 0x8F, 0xB6, 0xCE, 0x5B, 0x4D, 0xA8, 0xA2, 0xD0, 0x09, 0x39,
    0x8A, 0xAD, 0x70, 0x2A, 0xF4, 0x4D, 0x3C, 0x7B, 0xBC, 0x7B, 0xB3, 0x3B, 0x21, 0x37, 0x1F, 0x93,
    0x89, 0xCA, 0xF8, 0xC2, 0x0E, 0x39, 0xAA, 0x61, 0xE4, 0xC7, 0xE4, 0xAC, 0xF2, 0xFA, 0x8F, 0x55,
    0xF3, 0x1A, 0x51, 0x2E, 0x88, 0xB2, 0xF2, 0x1F, 0x97, 0xE5, 0xA2, 0x92, 0xEC, 0x44, 0x52, 0xDF,
    0x61, 0xC9, 0xC5, 0x0E, 0x31, 0xBF, 0xAB, 0x86, 0x84, 0x43, 0xCE, 0xCE, 0x0C, 0x1B, 0x32, 0x95,
    0xE7, 0x20, 0x9F, 0x22, 0xD9, 0xA1, 0xE1, 0xF3, 0x24, 0xC5, 0xFC, 0xD7, 0xC8, 0x29, 0xDA, 0xEF,
    0xF6, 0x6B, 0x1D, 0xDF, 0xD0, 0x4B, 0xFB, 0xE9, 0xD5, 0xEB, 0x42, 0xB1, 0x9A, 0x7A, 0x63, 0xB6,
    0x37, 0x76, 0x3B, 0xD0, 0x49, 0xBF, 0xDE, 0x8C, 0x9F, 0x5B, 0x6F, 0x9C, 0x4A, 0x70, 0x50, 0x99,
    0x84, 0x61, 0xFB, 0x52, 0xC2, 0xCB, 0x28, 0xD5, 0x9D, 0xF9, 0x68, 0xE9, 0xBC, 0x33, 0x9D, 0x6C,
    0xB7, 0x37, 0x1D, 0xE4, 0x7D, 0xB9, 0x5C, 0x6F, 0xC4, 0xB6, 0x3E, 0xDE, 0xB4, 0xC9, 0x7A, 0x53,
    0x6F, 0x6F, 0xF0, 0x19, 0xDD, 0xC8, 0xF5, 0x69, 0x37, 0xA2, 0x61, 0x94, 0x37, 0xD9, 0xE9, 0x0D,
    0x77, 0x37, 0xDB, 0x24, 0xF3, 0x36, 0xD3, 0x20, 0x93, 0x3E, 0xFD, 0xD2, 0xDE, 0x3F, 0x2F, 0x2D,
    0xB5, 0xF1, 0x19, 0x39, 0x19, 0x5F, 0x92, 0xDE, 0x78, 0x13, 0xEF, 0x9B, 0xE5, 0xAA, 0x0B, 0x1C,
    0x71, 0x10, 0x38, 0x01, 0x81, 0x14, 0x1A, 0x8E, 0x81, 0x15, 0x19, 0x72, 0xE5, 0xD4, 0x0F, 0x86,
    0xA4, 0x47, 0x29, 0x79, 0x01, 0x2E, 0xC2, 0x6A, 0x31, 0xB3, 0xF4, 0x78, 0xC3, 0xEB, 0xA8, 0x66,
    0x43, 0x92, 0x3E, 0x72, 0x8A, 0x1C, 0xCC, 0x4C, 0x2E, 0x71, 0x35, 0x51, 0xAF, 0x3A, 0x37, 0xD3,
    0x7D, 0x73, 0x09, 0x5B, 0x1B, 0x07, 0x8D, 0x7A, 0xA4, 0xBB, 0x19, 0x9D, 0x4F, 0x60, 0xCE, 0x3A,
    0xB0, 0x24, 0x02, 0x8D, 0x17, 0x72, 0x0C, 0x4C, 0x38, 0x04, 0x66, 0xEC, 0x02, 0x0B, 0x22, 0xD0,
    0xCC, 0x42, 0x3B, 0x05, 0x7E, 0x44, 0x17, 0x78, 0x87, 0xEF, 0x5C, 0xBC, 0x10, 0x4B, 0x9B, 0xEE,
    0xA6, 0x69, 0x4D, 0x57, 0x75, 0xA6, 0x6B, 0x7A, 0x91, 0x76, 0x30, 0x6D, 0x31, 0xC8, 0xC4, 0xBB,
    0x70, 0x74, 0x44, 0xFE, 0xDE, 0x9D, 0x71, 0x41, 0xF6, 0xE1, 0x07, 0x1F, 0xCD, 0x48, 0xEF, 0xB8,
    0x45, 0xDC, 0xB5, 0x8B, 0xFE, 0x69, 0xE0, 0x88, 0x78, 0x48, 0x1D, 0xD8, 0x99, 0x40, 0xDB, 0x99,
    0x01, 0x7A, 0xED, 0xB5, 0x7B, 0xED, 0xF9, 0xF6, 0x78, 0x99, 0xE5, 0xF1, 0x32, 0x6F, 0x71, 0x24,
    0xB2, 0x0F, 0x6E, 0xC7, 0x32, 0x6F, 0x1D, 0x95, 0x99, 0x70, 0xE0, 0xB4, 0x2B, 0xB3, 0xD9, 0x96,
    0x69, 0x48, 0x0E, 0x02, 0x77, 0x0C, 0x37, 0x0E, 0xAD, 0x33, 0x3D, 0xCC, 0x29, 0xA8, 0x06, 0xDC,
    0xFB, 0xDA, 0x93, 0x36, 0xD7, 0xA2, 0x4E, 0x42, 0x4A, 0x39, 0x15, 0xCD, 0x75, 0x84, 0x57, 0xCB,
    0xD8, 0x69, 0xC8, 0x36, 0xB2, 0x8B, 0xEC, 0x03, 0x83, 0xF2, 0x81, 0x9B, 0x07, 0x62, 0xE3, 0x41,
    0x07, 0x1B, 0xC9, 0xC0, 0x39, 0x0F, 0xB4, 0x64, 0xA0, 0x89, 0x2C, 0xC9, 0x90, 0x26, 0xD5, 0x8E,
    0x78, 0xAE, 0x16, 0x02, 0x0F, 0x42, 0xD5, 0x19, 0xAA, 0x34, 0xC8, 0x56, 0x45, 0xA7, 0xA2, 0x17,
    0xA1, 0x8A, 0x63, 0xF3, 0x10, 0x42, 0x0C, 0x88, 0x16, 0xA8, 0xA0, 0x88, 0x68, 0xC3, 0x6A, 0x04,
    0x8C, 0x0A, 0x35, 0x63, 0xB5, 0x63, 0x67, 0x08, 0x4E, 0x17, 0xBC, 0x22, 0xA2, 0xE2, 0x24, 0xA2,
    0x50, 0x91, 0xAB, 0x80, 0x1D, 0xF7, 0x6A, 0xD8, 0xF6, 0x58, 0x78, 0x61, 0xB0, 0xD6, 0x5B, 0x2E,
    0xF6, 0x0E, 0x6D, 0x47, 0xDB, 0x9E, 0x1E, 0x12, 0xA2, 0x24, 0x4C, 0x08, 0x3D, 0x9A, 0x90, 0xEB,
    0x3B, 0xF7, 0x95, 0x0B, 0xC0, 0x9C, 0x48, 0x5E, 0xD1, 0xEC, 0xE5, 0xCD, 0xF2, 0x49, 0xFF, 0xD2,
    0xC5, 0x78, 0x33, 0x99, 0xE1, 0xEB, 0x79, 0x67, 0x4D, 0x67, 0x19, 0x42, 0x6B, 0x07, 0xD8, 0x4E,
    0x34, 0xBC, 0x3B, 0x20, 0xD8, 0xD0, 0x74, 0xA7, 0x04, 0x76, 0x5F, 0xA2, 0x64, 0xA7, 0xED, 0x96,
    0xAA, 0x7D, 0x02, 0xF1, 0xAA, 0xFA, 0xBB, 0x83, 0x98, 0x61, 0xFB, 0x86, 0xBD, 0x0D, 0xE1, 0x52,
    0xFF, 0x1F, 0xD7, 0xDF, 0x07, 0x31, 0xB2, 0x20, 0x36, 0xFF, 0x2F, 0x36, 0x64, 0x4D, 0x98, 0xA7,
    0x3C, 0xCC, 0xD3, 0x13, 0xCC, 0x77, 0x1D, 0xCC, 0xD5, 0x0E, 0x86, 0x12, 0x9D, 0xFE, 0x26, 0xCF,
    0x9E, 0x09, 0x92, 0x63, 0x88, 0x3D, 0xCE, 0x5D, 0x10, 0xCD, 0x9E, 0xDB, 0x5C, 0x31, 0x1D, 0x53,
    0x2F, 0x98, 0xCC, 0x2B, 0x7C, 0x7A, 0xAC, 0x7E, 0xCF, 0xFF, 0xE9, 0x8A, 0xB7, 0xF9, 0x7A, 0xC0,
    0xCD, 0x37, 0x86, 0xE2, 0xC3, 0x6B, 0xD7, 0x86, 0xFC, 0xCE, 0xEB, 0x37, 0xBB, 0x8C, 0xAF, 0xB1,
    0x4B, 0xF9, 0xAA, 0xE0, 0x79, 0xB6, 0x09, 0x9F, 0x62, 0xBD, 0x8F, 0xF3, 0x6D, 0xD3, 0x1A, 0x19,
    0xFB, 0x75, 0xD5, 0x59, 0x14, 0xC3, 0x82, 0xC2, 0xCD, 0xC8, 0x6E, 0xF9, 0x30, 0xD6, 0x27, 0x24,
    0x47, 0xC7, 0xE9, 0x03, 0xD0, 0xF4, 0x80, 0xE9, 0x82, 0x6C, 0x71, 0x96, 0x7A, 0x76, 0x56, 0x4D,
    0x08, 0x25, 0x00, 0xC5, 0x47, 0xC5, 0x5C, 0xF8, 0xD2, 0x57, 0xBE, 0x9A, 0x8C, 0x93, 0x11, 0x18,
    0x4A, 0xEC, 0xBE, 0x88, 0x7C, 0x49, 0x89, 0x62, 0xC9, 0x02, 0x7C, 0x4E, 0x94, 0xBE, 0x98, 0x43,
    0x9E, 0xC2, 0xC3, 0xB8, 0x88, 0x72, 0x84, 0xE9, 0x2B, 0x87, 0x46, 0x1C, 0xC7, 0x7E, 0xBD, 0xD7,
    0x42, 0xAE, 0x5F, 0x21, 0x9D, 0x21, 0x47, 0x18, 0x4E, 0xEA, 0x6B, 0x6A, 0xD8, 0x27, 0x60, 0x19,
    0x42, 0x1B, 0x77, 0x06, 0xDB, 0x82, 0x48, 0x5E, 0x42, 0x16, 0x5C, 0xFB, 0xA2, 0xA7, 0x2B, 0x9D,
    0x61, 0x57, 0xB2, 0xDB, 0x98, 0x0E, 0xA6, 0x85, 0xAD, 0x13, 0xA9, 0x0F, 0xC5, 0x88, 0xBC, 0x85,
    0xEE, 0x8D, 0x17, 0x84, 0x89, 0xD9, 0xAD, 0xEE, 0x30, 0x3D, 0x21, 0xC5, 0x9A, 0x4E, 0xAA, 0x28,
    0x16, 0xA9, 0x0E, 0xFF, 0x5D, 0x52, 0xFE, 0x2B, 0x98, 0xC1, 0x4C, 0xC6, 0xA7, 0xCB, 0x86, 0x1B,
    0x26, 0x8C, 0x5D, 0x65, 0x34, 0xFD, 0x17, 0x80, 0x2F, 0x67, 0x73, 0x39, 0x9B, 0xD9, 0x76, 0xB6,
    0x95, 0x7F, 0x4D, 0x6F, 0xC2, 0xDF, 0x21, 0xE3, 0x17, 0x36, 0xBF, 0xA9, 0x4B, 0x3A, 0x43, 0x5F,
    0xFD, 0x72, 0x79, 0x7C, 0x43, 0x80, 0x48, 0x88, 0x6C, 0x8E, 0x2E, 0x7F, 0x00, 0xA1, 0xE1, 0x28,
    0x99, 0xBD, 0x31, 0xB1, 0xFE, 0x1A, 0x01, 0xD6, 0xD2, 0xA4, 0xD5, 0x8C, 0x9C, 0xC0, 0x51, 0xC0,
    0xD7, 0x90, 0x38, 0x54, 0x43, 0xB2, 0x04, 0x88, 0x39, 0xE5, 0x14, 0x57, 0x09, 0xB9, 0x03, 0xFE,
    0x4F, 0x7C, 0x8C, 0x6F, 0x01, 0x66, 0x40, 0xBA, 0x40, 0x52, 0xE4, 0x32, 0xAB, 0xAF, 0x26, 0x49,
    0xF9, 0x6F, 0x11, 0xAF, 0x1F, 0x00, 0x21, 0x8B, 0x97, 0x04, 0xD9, 0x35, 0x14, 0x2F, 0xD6, 0x45,
    0xD6, 0x7D, 0x2B, 0xED, 0xFF, 0x5D, 0xE2, 0x7E, 0x0C, 0xF7, 0x43, 0x1C, 0xFC, 0x2A, 0x19, 0xBE,
    0x99, 0x76, 0x55, 0xDE, 0x15, 0x45, 0x9D, 0xFF, 0x42, 0x8C, 0x4F, 0xBC, 0x64, 0x91, 0xE2, 0xE5,
    0x7F, 0x1D, 0x99, 0x45, 0xCF, 0x9C, 0x29, 0x3D, 0xC5, 0xBA, 0x7C, 0xAE, 0xC6, 0x72, 0xCC, 0x7D,
    0xD5, 0x27, 0xCB, 0xB9, 0x1A, 0x17, 0x2B, 0x97, 0xCE, 0x85, 0x97, 0xE3, 0xA6, 0x26, 0x54, 0xCD,
    0x5E, 0xFD, 0x14, 0xE3, 0x61, 0xE9, 0xB9, 0xBA, 0xE9, 0x9A, 0xCE, 0xDC, 0xF5, 0x6F, 0xAF, 0xB5,
    0x9C, 0x19, 0x43, 0xB8, 0x91, 0xBE, 0x4B, 0xF9, 0x12, 0x66, 0x6C, 0xE3, 0x49, 0x95, 0x98, 0x63,
    0x5B, 0xF9, 0xD9, 0xFA, 0x75, 0x23, 0x24, 0x65, 0x07, 0x8A, 0x1F, 0x47, 0x3E, 0xEE, 0xB5, 0x52,
    0xAA, 0xFE, 0xB3, 0xE1, 0x9F, 0xEC, 0x71, 0x1E, 0xB6, 0x96, 0xEC, 0xB6, 0xF1, 0xDC, 0xC5, 0x8B,
    0x75, 0xE3, 0x51, 0x11, 0x39, 0xDB, 0x8D, 0xE6, 0x2B, 0xBC, 0xCC, 0x64, 0xC5, 0x69, 0xCB, 0x06,
    0x52, 0x4E, 0xA9, 0xA7, 0x09, 0xE3, 0x46, 0x3E, 0x26, 0xB5, 0x21, 0xCA, 0x45, 0x92, 0x64, 0x13,
    0x52, 0x87, 0xCD, 0x00, 0xB4, 0x38, 0x71, 0xF5, 0xF2, 0x1A, 0xD2, 0x11, 0xB9, 0x87, 0x74, 0xDA,
    0xD8, 0x7F, 0x3E, 0x29, 0xE3, 0xC3, 0x74, 0x1B, 0x9C, 0xAF, 0x81, 0xAA, 0xBB, 0x67, 0x34, 0x64,
    0xA7, 0x51, 0xCD, 0xDC, 0x0B, 0xA6, 0x1F, 0xFF, 0xED, 0x7E, 0xCA, 0xC0, 0x39, 0xA9, 0xAB, 0xFD,
    0xF4, 0xB2, 0x9B, 0xB7, 0xEA, 0xBB, 0xF2, 0x01, 0x77, 0xD5, 0xFF, 0x9F, 0x83, 0xE2, 0x0B, 0x4C,
    0x47, 0xB1, 0x86, 0x84, 0xE1, 0x12, 0xDD, 0xFE, 0xC6, 0xB6, 0x90, 0x0E, 0x69, 0x47, 0x4E, 0x76,
    0x32, 0x2E, 0x6F, 0x33, 0xD6, 0x15, 0x87, 0xE6, 0x05, 0x67, 0xD3, 0x31, 0x04, 0xF3, 0x0B, 0x57,
    0xB1, 0x3F, 0xA3, 0x4B, 0x6D, 0x17, 0xAB, 0x57, 0x17, 0xFB, 0x2E, 0x2C, 0x6B, 0xA3, 0xEB, 0x82,
    0x1A, 0xC9, 0xB8, 0xB9, 0x50, 0x8A, 0x33, 0xE3, 0xCD, 0xB1, 0x21, 0x9D, 0xFD, 0x3E, 0x1D, 0xA5,
    0x37, 0xE0, 0xB9, 0xF0, 0x3E, 0x1F, 0xBB, 0x90, 0xCD, 0xE2, 0x3B, 0x4C, 0x5F, 0x38, 0xDB, 0x56,
    0x3D, 0x61, 0x5E, 0x99, 0xD1, 0xA4, 0x13, 0x7E, 0x9D, 0x0E, 0x40, 0xD2, 0x02, 0x97, 0x3A, 0xC4,
    0xE9, 0xD5, 0x36, 0xBE, 0xD8, 0xE1, 0xBF, 0x15, 0xB7, 0x6B, 0xE4, 0xEC, 0x10, 0xCB, 0xF9, 0x4D,
    0x0D, 0xE0, 0x5F, 0xFF, 0x0B, 0xFC, 0xC4, 0xC4, 0xC1, 0x37, 0xA2, 0x98, 0xA4, 0xD3, 0x7D, 0xB3,
    0xC2, 0xE7, 0x3E, 0x87, 0xFD, 0x60, 0x5E, 0xD3, 0x9A, 0x4E, 0x3D, 0x22, 0x51, 0x8A, 0x47, 0xBC,
    0xE5, 0x91, 0xBF, 0xE7, 0x91, 0x7E, 0x38, 0x21, 0xA5, 0xD3, 0x23, 0x44, 0xF6, 0x41, 0xBA, 0xB8,
    0x99, 0x95, 0xBE, 0x3F, 0x21, 0x3B, 0xF6, 0x1C, 0xB6, 0xD7, 0x49, 0x4B, 0x6D, 0xDB, 0x4F, 0xFE,
    0xD7, 0x0C, 0xC6, 0x95, 0x6E, 0x53, 0x07, 0xC7, 0x20, 0x2B, 0x1A, 0x3A, 0xF3, 0xBB, 0x5E, 0x3C,
    0x92, 0x34, 0x67, 0x9F, 0xD0, 0xA1, 0x9C, 0x1E, 0x0F, 0xCD, 0x20, 0xAD, 0xE0, 0x72, 0xB6, 0x78,
    0x22, 0x94, 0xB7, 0x5F, 0x9B, 0x9E, 0x28, 0x6F, 0x85, 0x34, 0x1F, 0xFA, 0x58, 0xB7, 0x24, 0x04,
    0xFB, 0x20, 0xFB, 0x58, 0x77, 0x7E, 0x67, 0x42, 0xF9, 0xF6, 0x0C, 0xF3, 0x5B, 0x42, 0x6A, 0xD1,
    0xD2, 0xC5, 0xED, 0xBC, 0xBB, 0xBA, 0x1D, 0x09, 0x2D, 0xCC, 0x20, 0xE3, 0x35, 0x23, 0x70, 0x5A,
    0x30, 0x9C, 0x0C, 0x7D, 0x08, 0xC0, 0x23, 0x09, 0xFF, 0x37, 0x72, 0x17, 0xF6, 0x0E, 0xBD, 0x96,
    0xFF, 0x08, 0x4A, 0xBB, 0x2B, 0x18, 0x6A, 0x78, 0xF8, 0xD2, 0x1E, 0xBE, 0x7C, 0x2D, 0xED, 0xA1,
    0xC3, 0xC9, 0xC6, 0xF9, 0x27, 0x95, 0x95, 0x01, 0xA4, 0x1E, 0xD9, 0xF9, 0xC6, 0x9F, 0x99, 0xF9,
    0xDF, 0xCC, 0x7F, 0x73, 0xDA, 0x9E, 0x8B, 0x5C, 0x2A, 0xA1, 0x13, 0x04, 0xCD, 0x4D, 0x74, 0x82,
    0xC5, 0x22, 0xF9, 0xDE, 0x01, 0x8A, 0xA2, 0x17, 0xDF, 0x45, 0x5B, 0x24, 0x80, 0x36, 0x2D, 0x29,
    0x8A, 0x62, 0x93, 0x39, 0x49, 0x01, 0x85, 0x8F, 0x52, 0x80, 0x0D, 0xBD, 0xE5, 0x26, 0x45, 0xA1,
    0x74, 0x71, 0x93, 0x39, 0x04, 0x45, 0xB0, 0x43, 0x55, 0xB1, 0x74, 0x4F, 0x68, 0x6D, 0x5B, 0xC8,
    0xEC, 0xEE, 0xB4, 0x9D, 0x4D, 0xCF, 0xCC, 0xD3, 0x39, 0xF3, 0x7D, 0xB9, 0xEE, 0xD7, 0x7B, 0xB3,
    0x9B, 0xFE, 0xCE, 0x33, 0x33, 0xC7, 0xFB, 0xBE, 0x9F, 0x73, 0xCF, 0xDC, 0xE7, 0xBC, 0xB3, 0x35,
    0x87, 0xF4, 0xD0, 0x44, 0x42, 0x0B, 0xD6, 0x90, 0x06, 0xBA, 0x43, 0xD2, 0x61, 0x4C, 0x94, 0x1E,
    0x6C, 0xC6, 0x78, 0x4A, 0x68, 0x8F, 0xBC, 0x41, 0x6E, 0x81, 0x8D, 0x1D, 0x40, 0x3C, 0x40, 0x22,
    0x26, 0x4D, 0x4A, 0xD6, 0xDA, 0x4B, 0x23, 0xCD, 0x78, 0x37, 0xB1, 0x8F, 0xDE, 0xC5, 0x5C, 0xF3,
    0x9E, 0xCF, 0xF8, 0x2F, 0x2F, 0xA4, 0x97, 0xA7, 0x6C, 0xE5, 0x2E, 0x1D, 0x70, 0x16, 0x15, 0x87,
    0x13, 0x75, 0x16, 0xA7, 0x8B, 0xB2, 0xC8, 0x6A, 0xB1, 0xE3, 0x20, 0xAD, 0x26, 0x91, 0xB2, 0x07,
    0x6E, 0x2D, 0x00, 0xE8, 0x46, 0x7C, 0x18, 0x79, 0x77, 0x6A, 0xF1, 0x95, 0xE2, 0x5C, 0x51, 0x5A,
    0xA9, 0xE9, 0xAA, 0x26, 0x5C, 0x61, 0x1E, 0x7E, 0x7D, 0x01, 0xD2, 0x94, 0xBE, 0x1C, 0x92, 0x21,
    0x1E, 0x94, 0xD7, 0xAD, 0x32, 0x6A, 0x80, 0xD0, 0xF2, 0x7A, 0x33, 0xA8, 0xA0, 0xEA, 0xBA, 0x13,
    0xDA, 0x31, 0x88, 0xDD, 0x8D, 0x9D, 0x84, 0xBA, 0x4B, 0xFA, 0xBC, 0x51, 0x9D, 0xD4, 0xBA, 0xA9,
    0x4C, 0x56, 0x13, 0x72, 0xD7, 0x63, 0x16, 0xB5, 0xD8, 0x2A, 0xA2, 0xB9, 0x38, 0xE5, 0xB3, 0x2E,
    0x6F, 0xD5, 0x50, 0xB9, 0x84, 0xB4, 0x20, 0x81, 0xB2, 0x07, 0xF2, 0x0E, 0xA5, 0x95, 0xF5, 0x71,
    0xCF, 0xCB, 0x93, 0x35, 0x8D, 0x91, 0x9B, 0xF7, 0x1E, 0xA0, 0xFA, 0x3D, 0x21, 0x1F, 0xB1, 0x08,
    0x0B, 0xA4, 0x9D, 0xD8, 0xC4, 0x6B, 0x87, 0x5E, 0x35, 0xF8, 0x5E, 0x7C, 0x1F, 0x01, 0xB1, 0x40,
    0xE5, 0x00, 0x36, 0xD3, 0xF3, 0x07, 0xF9, 0x4F, 0x16, 0x03, 0xD4, 0x58, 0x9D, 0x3B, 0x79, 0x41,
    0x9B, 0x91, 0xC5, 0xF4, 0x12, 0x6E, 0x2E, 0xA6, 0x2B, 0xA1, 0x87, 0x26, 0x21, 0xE4, 0xB4, 0x70,
    0x78, 0x61, 0x97, 0xF0, 0x25, 0x83, 0xCD, 0xB8, 0xD1, 0x6D, 0x6E, 0x04, 0xD2, 0x96, 0xE1, 0x35,
    0x79, 0xD5, 0xC4, 0x45, 0xDE, 0x4E, 0x2F, 0xAD, 0xDF, 0x38, 0x80, 0x57, 0x6D, 0x56, 0x9F, 0x46,
    0xD5, 0x94, 0x8D, 0x34, 0xD2, 0x65, 0x9D, 0xF6, 0xCA, 0x27, 0x7D, 0x32, 0x44, 0x0F, 0x4E, 0xAA,
    0x93, 0x01, 0xD9, 0xCA, 0x0D, 0x4D, 0xD8, 0x70, 0xDA, 0x03, 0x93, 0x47, 0xD8, 0xC5, 0x74, 0x29,
    0x8B, 0xCC, 0x43, 0x1C, 0xB6, 0x0A, 0xA0, 0x44, 0xB9, 0x5D, 0x95, 0x2C, 0x19, 0x66, 0x98, 0xF5,
    0xE8, 0x31, 0xEC, 0xB3, 0x67, 0x1F, 0x66, 0x07, 0x00, 0x42, 0x6E, 0xBB, 0x9A, 0xB2, 0x17, 0x71,
    0x39, 0xEE, 0x13, 0x86, 0x91, 0x0E, 0xB9, 0x2F, 0x9B, 0x59, 0x81, 0xB9, 0x0A, 0x6B, 0xDB, 0xD2,
    0x88, 0x95, 0x4E, 0xFB, 0x68, 0x3F, 0xEE, 0x70, 0x28, 0xA1, 0x1D, 0xB5, 0xFD, 0xD0, 0x84, 0xC9,
    0xA4, 0xC3, 0x54, 0xD4, 0xAE, 0x26, 0x97, 0x86, 0x55, 0xF6, 0x30, 0x7E, 0x58, 0x8F, 0x11, 0x5A,
    0xAC, 0x2B, 0xA2, 0x2D, 0x83, 0x8A, 0x72, 0x40, 0xD9, 0x1E, 0xCF, 0x83, 0x35, 0x38, 0x66, 0x59,
    0x08, 0x0B, 0xC5, 0xE2, 0xF5, 0xCC, 0xF7, 0x4A, 0xAB, 0x01, 0x49, 0x07, 0x45, 0x44, 0x34, 0xA8,
    0xCC, 0x39, 0x16, 0xD2, 0x43, 0x16, 0xAB, 0x78, 0x3A, 0x1D, 0x34, 0x4D, 0xE0, 0xA4, 0xAC, 0x76,
    0xC8, 0x2D, 0x64, 0xD4, 0x8B, 0xB0, 0xA1, 0x9C, 0xB5, 0xA2, 0xC1, 0x26, 0xB6, 0xCD, 0x51, 0xF3,
    0x95, 0x35, 0x02, 0x64, 0x33, 0x6A, 0xF8, 0x55, 0xE3, 0x93, 0xA0, 0x79, 0xB4, 0x73, 0x35, 0xB1,
    0x57, 0xC3, 0x25, 0xD7, 0xFF, 0xE1, 0x35, 0xD9, 0xC4, 0xFB, 0xDB, 0xE6, 0x73, 0x9C, 0xBD, 0x3A,
    0xD5, 0xC3, 0x74, 0xAA, 0x15, 0x59, 0xE7, 0x9D, 0xB4, 0x65, 0xAD, 0xFA, 0x2D, 0x60, 0xFE, 0xEA,
    0x13, 0xFA, 0xD9, 0xE6, 0x7C, 0xDD, 0x6E, 0x80, 0x89, 0x8A, 0x23, 0xEE, 0xE8, 0xFD, 0xE6, 0xC3,
    0x91, 0x05, 0x46, 0xB8, 0x62, 0x8C, 0x3C, 0xC0, 0xC4, 0x7A, 0x2C, 0xDE, 0x07, 0xA0, 0x59, 0xEB,
    0x5A, 0x38, 0xE4, 0x4E, 0x48, 0xD6, 0xD5, 0xFB, 0xA4, 0x2D, 0x51, 0xB2, 0x00, 0xC6, 0xFC, 0xC3,
    0x11, 0x1E, 0x61, 0x77, 0x64, 0x6B, 0x37, 0x30, 0xE7, 0x49, 0x54, 0x0C, 0x0C, 0x18, 0x29, 0x00,
    0x24, 0x0E, 0x80, 0x6A, 0x00, 0x64, 0x16, 0x80, 0x84, 0xD8, 0x10, 0xE2, 0xFE, 0x15, 0xF1, 0x6E,
    0x2D, 0x5E, 0x86, 0x78, 0xBF, 0x16, 0xCF, 0xA7, 0x7A, 0x8C, 0xBC, 0x81, 0x97, 0x5C, 0xC1, 0x44,
    0x8F, 0x40, 0x42, 0x04, 0x94, 0x47, 0x20, 0x6B, 0x11, 0x28, 0x1D, 0x02, 0xB4, 0xC7, 0x2B, 0xF2,
    0xF5, 0x0A, 0xF3, 0x3F, 0x55, 0xE8, 0xF5, 0x8A, 0xFA, 0xD5, 0x15, 0x0D, 0x02, 0xB2, 0xAC, 0x50,
    0x06, 0x81, 0x08, 0x13, 0x73, 0xD0, 0xB0, 0xD1, 0x8D, 0x6A, 0x75, 0x53, 0x35, 0xB4, 0x0F, 0x30,
    0xBA, 0x71, 0x69, 0x4B, 0x72, 0x25, 0x60, 0xFC, 0x57, 0xDC, 0x3F, 0xE2, 0xD8, 0x55, 0x7C, 0x77,
    0x77, 0x07, 0x23, 0xA9, 0x97, 0x3A, 0x78, 0x36, 0x27, 0x3B, 0x79, 0xE7, 0x9F, 0x5E, 0x94, 0xF3,
    0x92, 0xD6, 0xD3, 0xDA, 0x5F, 0xBE, 0x70, 0xE7, 0x51, 0xD9, 0x67, 0x6D, 0xDE, 0x55, 0xC3, 0xED,
    0xDB, 0x67, 0xCE, 0x44, 0x8B, 0xCC, 0x89, 0xB9, 0x8D, 0x3B, 0x90, 0x42, 0x5B, 0x55, 0xA7, 0x75,
    0x69, 0xAB, 0x62, 0x13, 0x9F, 0xE7, 0x98, 0x87, 0x63, 0x6C, 0x6B, 0xA7, 0x6A, 0xA5, 0x93, 0x2E,
    0xF3, 0x53, 0x43, 0xF4, 0x71, 0x7F, 0xB4, 0xCB, 0xE9, 0x97, 0x5D, 0xEE, 0xB3, 0x2C, 0x7C, 0xFC,
    0xB3, 0x83, 0x68, 0x0E, 0x24, 0xFD, 0xE4, 0x8A, 0x37, 0xD2, 0xEE, 0x86, 0x3C, 0xFD, 0xC4, 0x57,
    0xEF, 0x7F, 0x38, 0x54, 0xCF, 0x9F, 0x0E, 0xE5, 0x7B, 0x4F, 0xFA, 0xB3, 0xAA, 0xD8, 0x9B, 0x0E,
    0x51, 0x2D, 0x3E, 0xF3, 0xAA, 0x07, 0xB6, 0xC7, 0xBF, 0xC5, 0x08, 0x49, 0x3B, 0xDD, 0xAE, 0x01,
    0xE9, 0x7F, 0xDF, 0x5E, 0x67, 0x37, 0x27, 0x7E, 0x87, 0xCA, 0xBE, 0x1A, 0x6E, 0x3E, 0xC6, 0x6C,
    0x35, 0x22, 0x8B, 0xF8, 0x67, 0xCF, 0xEE, 0x67, 0x7C, 0xD2, 0x08, 0x9F, 0xBB, 0x47, 0x25, 0xAD,
    0x2F, 0x89, 0x9D, 0x6E, 0x13, 0x38, 0x0F, 0x20, 0x36, 0x80, 0x6E, 0x82, 0xD1, 0xC2, 0x35, 0xCD,
    0xE3, 0x0E, 0x9D, 0xE6, 0x5D, 0x9F, 0x91, 0x9D, 0x90, 0x8D, 0xC4, 0xAC, 0x2F, 0x46, 0xDF, 0x3A,
    0x56, 0x37, 0x51, 0x44, 0x85, 0xEE, 0x13, 0x37, 0x35, 0x81, 0x8A, 0xE6, 0x20, 0x1E, 0x10, 0x50,
    0x5D, 0xE2, 0x72, 0x3E, 0xAF, 0x43, 0xFC, 0x6D, 0x45, 0x9C, 0x19, 0x07, 0x8A, 0x4D, 0xC4, 0xF6,
    0x2D, 0xE8, 0xBF, 0x54, 0x28, 0x43, 0xB3, 0x21, 0xCD, 0xB4, 0x5B, 0x7B, 0x05, 0x4B, 0x62, 0xA3,
    0x5C, 0xDE, 0x5D, 0xEA, 0xD2, 0x7A, 0x39, 0xCE, 0x63, 0x06, 0x69, 0x53, 0x1F, 0xFB, 0xBC, 0x93,
    0xE2, 0x4D, 0x00, 0xDA, 0x94, 0x86, 0x85, 0x87, 0x07, 0x51, 0x9A, 0xDC, 0x44, 0x05, 0xAA, 0x16,
    0x8A, 0x03, 0x32, 0xD2, 0x88, 0x2B, 0x6D, 0xB9, 0xA1, 0xEB, 0x47, 0xF2, 0x3B, 0x77, 0xA6, 0x7C,
    0x56, 0x4C, 0x8E, 0x16, 0x0B, 0x6C, 0x00, 0x67, 0xCE, 0xDF, 0x3E, 0x10, 0xAF, 0x9B, 0xBC, 0x2D,
    0xFB, 0xCB, 0x57, 0x01, 0xFC, 0x3F, 0x0E, 0xCE, 0x79, 0xA9, 0xA5, 0x90, 0x36, 0xF6, 0xB8, 0xBC,
    0x19, 0xD6, 0x72, 0x61, 0xAD, 0xCC, 0x8B, 0x79, 0x0B, 0x06, 0x40, 0x07, 0x41, 0x55, 0x97, 0x45,
    0xD6, 0x56, 0x36, 0x6D, 0xFF, 0x6D, 0xE5, 0xA3, 0x4F, 0xDC, 0x90, 0x3C, 0x6B, 0x5C, 0x62, 0xDB,
    0xE3, 0xAE, 0x5F, 0xFF, 0x72, 0xC4, 0x26, 0xB1, 0xBF, 0xFD, 0x13, 0x79, 0xEB, 0xD3, 0xAC, 0x9D,
    0x1D, 0x7C, 0xE1, 0x4A, 0xDA, 0x49, 0xD8, 0x71, 0x3B, 0xD3, 0xEE, 0xE0, 0x65, 0xAB, 0xBE, 0xA6,
    0xDC, 0x41, 0xB0, 0x7C, 0xB0, 0xFF, 0x06, 0xBE, 0x86, 0xAB, 0x90, 0xBE, 0xF2, 0x78, 0x1B, 0x3F,
    0xC6, 0x8F, 0xFE, 0x0F, 0x4B, 0x36, 0x33, 0x83, 0x40, 0xDC, 0x4A, 0x8F, 0x40, 0xE9, 0x73, 0xBE,
    0x28, 0x10, 0xFD, 0x3A, 0xD8, 0x76, 0x89, 0x41, 0xC6, 0x40, 0x0B, 0xE0, 0x16, 0xC9, 0x4F, 0x11,
    0xF8, 0xF6, 0xE3, 0x5F, 0x02, 0xB8, 0x89, 0xC0, 0xE9, 0x45, 0x69, 0x97, 0x07, 0x58, 0x3A, 0x00,
    0x31, 0xAD, 0x66, 0x1D, 0x8A, 0x91, 0x30, 0xE0, 0x5F, 0x76, 0x62, 0x40, 0x2D, 0x1B, 0x60, 0x48,
    0x72, 0x01, 0x6C, 0xED, 0x2E, 0x99, 0x57, 0x5C, 0x32, 0x1C, 0x9F, 0xBC, 0x4E, 0x0D, 0xB6, 0xF7,
    0x00, 0xC4, 0xF7, 0xD3, 0x71, 0x5E, 0x40, 0x35, 0x19, 0x47, 0xFE, 0x5E, 0xD5, 0xC2, 0x09, 0x5B,
    0xFD, 0xE1, 0xFB, 0xE1, 0x89, 0x01, 0x88, 0x2A, 0x76, 0x98, 0x63, 0x64, 0x03, 0x13, 0xBB, 0x98,
    0x38, 0x47, 0xF2, 0xCF, 0x00, 0x52, 0x06, 0x6A, 0xE0, 0x65, 0xB7, 0x56, 0xE4, 0xDF, 0x76, 0xC7,
    0x9F, 0x3B, 0xE1, 0x02, 0xC0, 0x29, 0xFA, 0xDC, 0xAD, 0x6C, 0xF8, 0x45, 0x2C, 0xF9, 0x21, 0xD6,
    0x78, 0x13, 0x4B, 0x66, 0xE1, 0x2C, 0x8E, 0x54, 0x56, 0x38, 0xD1, 0xAE, 0x9E, 0x0E, 0x13, 0x52,
    0x60, 0xE2, 0x2A, 0x96, 0x6C, 0x22, 0x7A, 0x00, 0x4D, 0x7B, 0x4A, 0x59, 0x7C, 0xA7, 0xCE, 0x58,
    0xCB, 0xD7, 0x6B, 0x51, 0xB5, 0xB0, 0xD6, 0x1F, 0xDB, 0x53, 0x7B, 0xC8, 0x07, 0x3C, 0xCE, 0x8A,
    0xFE, 0xBA, 0x21, 0x6D, 0xBF, 0x8B, 0x47, 0x80, 0x10, 0x6A, 0xC0, 0x6F, 0xFC, 0x8D, 0x3D, 0xBF,
    0xA4, 0x8B, 0xF6, 0xA1, 0x69, 0xE4, 0xA7, 0xB5, 0x24, 0xCD, 0x6C, 0x92, 0xA4, 0x4E, 0xD3, 0xC6,
    0x03, 0xF6, 0x4E, 0x17, 0x9D, 0x36, 0x87, 0xF2, 0xA3, 0x72, 0x53, 0xD1, 0xE4, 0x7F, 0x34, 0xD3,
    0xBA, 0x90, 0x9F, 0x63, 0x86, 0x95, 0x24, 0x42, 0x46, 0xA4, 0x03, 0x90, 0xD4, 0x48, 0xDC, 0xA8,
    0xF8, 0x17, 0x2E, 0xA3, 0x93, 0x77, 0xDC, 0x2C, 0x59, 0x49, 0x94, 0xCB, 0xE9, 0xD4, 0xC7, 0xEE,
    0x5D, 0xC0, 0x2F, 0xB5, 0x0F, 0x12, 0xC3, 0x2D, 0xE3, 0xB5, 0x3D, 0xAA, 0x71, 0xB9, 0x1B, 0xFB,
    0x67, 0x4D, 0xC5, 0xAA, 0xA9, 0x6E, 0x7D, 0xD8, 0x1E, 0x8C, 0x91, 0xE3, 0x97, 0x69, 0x2F, 0x7C,
    0x77, 0xE6, 0xE5, 0xAF, 0x72, 0xD8, 0x5F, 0xAE, 0x01, 0xD0, 0xC8, 0xF7, 0xD8, 0xC9, 0x4E, 0x8E,
    0xD5, 0xE8, 0x54, 0xFB, 0xD5, 0xE8, 0xFE, 0xB8, 0xB1, 0x3C, 0x71, 0xFA, 0x1B, 0x56, 0xBF, 0x67,
    0xD2, 0x0F, 0x90, 0x10, 0x71, 0x0F, 0x78, 0x5C, 0x8C, 0x17, 0xA2, 0x6A, 0xFD, 0x81, 0x49, 0xC7,
    0x88, 0x0F, 0x71, 0xFD, 0xDC, 0xE4, 0xDF, 0xB4, 0x77, 0x12, 0xF7, 0x1F, 0x6D, 0xCE, 0x21, 0x68,
    0xC4, 0x30, 0x18, 0x05, 0xE0, 0xD7, 0x2B, 0xDC, 0x44, 0x45, 0xFD, 0xCC, 0x79, 0x15, 0xAF, 0xD2,
    0xE9, 0xE9, 0x79, 0xAF, 0xE6, 0x99, 0x68, 0xBD, 0x9A, 0xD7, 0x13, 0xF3, 0x1E, 0xFE, 0xB2, 0x79,
    0x28, 0xCC, 0x43, 0x60, 0xF3, 0x84, 0x11, 0x91, 0xB1, 0x5C, 0xDF, 0x5E, 0xDA, 0xE3, 0xD4, 0x42,
    0xF8, 0x48, 0xE0, 0xE7, 0xFD, 0x0F, 0xDD, 0x0A, 0x80, 0x4C, 0x68, 0xC9, 0x33, 0x7A, 0x92, 0x83,
    0x13, 0xB3, 0x2F, 0x2D, 0xE7, 0x31, 0x37, 0x5C, 0x2C, 0x62, 0x67, 0xB6, 0x78, 0xA8, 0xB4, 0x1C,
    0x2C, 0x3E, 0xAE, 0xB0, 0xC8, 0x2C, 0x8C, 0xB0, 0x60, 0x1A, 0x09, 0x4F, 0x8C, 0x16, 0x30, 0x66,
    0xE1, 0x8A, 0x38, 0x5D, 0xD1, 0x37, 0xC1, 0x17, 0xE3, 0x1D, 0x05, 0x99, 0x2A, 0x51, 0x28, 0xEF,
    0x9B, 0x35, 0xEA, 0xF8, 0x2C, 0x80, 0xFF, 0x09, 0x02, 0xC7, 0x55, 0x78, 0xEA, 0x4D, 0xE6, 0xBD,
    0x6E, 0x47, 0x52, 0x9D, 0x5B, 0x4E, 0xA7, 0xA2, 0x6A, 0xAE, 0x40, 0xC5, 0xB3, 0xEA, 0x56, 0x82,
    0x4F, 0x95, 0x9F, 0x07, 0x46, 0x5F, 0xB7, 0x8D, 0x57, 0xFC, 0x46, 0x82, 0x89, 0x3A, 0x92, 0x2F,
    0x2C, 0xAE, 0x34, 0x9C, 0xFB, 0x73, 0x2B, 0x78, 0xCF, 0xE1, 0x86, 0x24, 0x0E, 0x64, 0x01, 0x8C,
    0x09, 0x70, 0x9C, 0x81, 0xE6, 0x05, 0x97, 0x73, 0x8C, 0xB8, 0x7D, 0x85, 0x65, 0xF8, 0xA2, 0x5B,
    0xAB, 0x9E, 0x08, 0x06, 0x15, 0x52, 0x8A, 0x0A, 0xBE, 0x73, 0xC2, 0x81, 0x1F, 0x04, 0xC0, 0xDF,
    0x55, 0x8E, 0x2C, 0xD2, 0x33, 0xCB, 0x9E, 0x51, 0x76, 0x0C, 0x52, 0xFB, 0x36, 0x17, 0xD9, 0x31,
    0xCA, 0x9E, 0x59, 0x7A, 0x16, 0xA9, 0xCA, 0x92, 0x9F, 0x1C, 0xD0, 0xF0, 0x6D, 0x4B, 0x9E, 0x18,
    0x34, 0x08, 0x4B, 0x1A, 0xAC, 0xAB, 0x9D, 0xEE, 0xAA, 0x47, 0xFD, 0x8E, 0x09, 0xDD, 0x17, 0xF6,
    0xF3, 0x07, 0xE4, 0x7B, 0x3D, 0xB0, 0xDD, 0xD6, 0xB5, 0xDE, 0x3E, 0x40, 0x74, 0x61, 0x0B, 0x33,
    0x81, 0x0A, 0xD3, 0x89, 0xE9, 0x19, 0xA3, 0x0E, 0x1D, 0x07, 0x6D, 0x0A, 0xDB, 0x80, 0xAD, 0xC2,
    0x85, 0x8B, 0xA8, 0xE0, 0x95, 0x67, 0xC4, 0x42, 0x8D, 0x8B, 0x84, 0x2E, 0x6E, 0x8A, 0x14, 0x2E,
    0x3C, 0x03, 0x58, 0x9E, 0x8C, 0xCB, 0x30, 0x93, 0x28, 0x45, 0xD2, 0xB0, 0xA0, 0x67, 0xC4, 0xC3,
    0x82, 0x29, 0x52, 0xB8, 0xB0, 0x0D, 0x58, 0x2E, 0x54, 0x1A, 0xB1, 0xA2, 0xB8, 0x70, 0x61, 0xD8,
    0x92, 0x9E, 0xDF, 0x93, 0x0A, 0x42, 0x22, 0xF8, 0x0C, 0x5E, 0x02, 0x58, 0x6F, 0x7D, 0xDF, 0xDA,
    0xE7, 0x9C, 0xCB, 0xCB, 0x73, 0x4D, 0x91, 0x12, 0xF5, 0xE8, 0x79, 0xB8, 0xF7, 0x7C, 0xDF, 0x3A,
    0xE7, 0xEC, 0xDF, 0xB5, 0xF7, 0x5E, 0x7B, 0xED, 0x9F, 0xE3, 0xF0, 0xE4, 0xA2, 0x90, 0x48, 0xE3,
    0x5C, 0x20, 0x9D, 0x8A, 0xE5, 0x80, 0xF7, 0xB3, 0x42, 0xB0, 0x38, 0x7B, 0x2E, 0xAC, 0xD7, 0x6B,
    0x0D, 0x27, 0x52, 0x9C, 0x86, 0xBB, 0x87, 0x87, 0x2E, 0x1F, 0x9D, 0x7B, 0x00, 0x44, 0xA6, 0x3D,
    0x30, 0xEE, 0x0F, 0x0C, 0xD8, 0x26, 0x5A, 0x9D, 0x82, 0xD5, 0x55, 0x77, 0xD5, 0x45, 0x53, 0x38,
    0x69, 0xA1, 0xE2, 0xC5, 0x20, 0x9E, 0xA2, 0xD9, 0x05, 0xFD, 0x6A, 0x78, 0x0A, 0xCA, 0x87, 0xCC,
    0xD7, 0xF6, 0xBD, 0x14, 0xFB, 0xE9, 0xDC, 0x77, 0xE4, 0xD5, 0x43, 0x4D, 0x23, 0x94, 0xCA, 0xED,
    0xA1, 0xFF, 0xFC, 0x02, 0x08, 0x69, 0x19, 0xF5, 0x46, 0x93, 0x91, 0x80, 0xDA, 0x23, 0x29, 0x10,
    0x21, 0x92, 0x0A, 0x14, 0x4A, 0x03, 0x0A, 0x8C, 0xC2, 0xFB, 0x28, 0xB6, 0x20, 0x16, 0xEF, 0x87,
    0xB2, 0x80, 0x5E, 0xB1, 0xC4, 0x7E, 0x24, 0x1D, 0xF5, 0xF5, 0x1F, 0x88, 0xCE, 0xB7, 0xBB, 0xF5,
    0x80, 0x5A, 0x2B, 0xB9, 0x92, 0x16, 0xC1, 0xF4, 0x5D, 0x3C, 0x3E, 0x42, 0xD3, 0x3F, 0x21, 0xC0,
    0x73, 0x34, 0x6B, 0x59, 0x44, 0x3A, 0x6B, 0x21, 0x11, 0x99, 0xA1, 0x92, 0x31, 0x96, 0x2E, 0xEA,
    0x13, 0x55, 0x49, 0x95, 0x2D, 0x08, 0x3C, 0xDD, 0xD7, 0xAE, 0xE5, 0x69, 0xD8, 0xB6, 0xEB, 0xB4,
    0x01, 0x44, 0x7B, 0x2E, 0xD1, 0xCE, 0xD5, 0xC7, 0x72, 0xF7, 0x68, 0x32, 0x3D, 0xEB, 0x6B, 0x41,
    0x0A, 0x83, 0x8B, 0xD8, 0x16, 0x9F, 0xBF, 0xE2, 0xDC, 0x01, 0x54, 0x52, 0xEA, 0xE7, 0x81, 0x88,
    0xB4, 0xB1, 0x42, 0x97, 0x28, 0x34, 0x99, 0xB8, 0x1A, 0x49, 0x7D, 0xC6, 0x27, 0xBA, 0x20, 0x51,
    0xA8, 0x37, 0x41, 0x83, 0x47, 0xC8, 0x72, 0x85, 0x34, 0x91, 0x5E, 0x83, 0xF7, 0x3D, 0xBE, 0x1F,
    0xA0, 0x63, 0x94, 0xA4, 0x1C, 0x03, 0x94, 0x38, 0x69, 0x55, 0xEF, 0xD9, 0xF2, 0xBF, 0xA4, 0x2F,
    0x91, 0x72, 0x8E, 0x94, 0x63, 0x46, 0xAB, 0x19, 0xF6, 0xBA, 0x36, 0xC0, 0xD5, 0x7C, 0x7C, 0xB4,
    0xBF, 0x83, 0x22, 0xA8, 0xB2, 0x2E, 0xED, 0xF3, 0x3E, 0x1F, 0xED, 0x95, 0xF6, 0x71, 0x15, 0xB5,
    0xD6, 0x9E, 0x57, 0x91, 0xEF, 0x93, 0x7D, 0xB9, 0x60, 0xAD, 0x10, 0x49, 0xF1, 0xC9, 0x43, 0x2C,
    0x2E, 0x6A, 0x12, 0x71, 0xD9, 0xDD, 0x5A, 0xA0, 0xDA, 0xD9, 0xA5, 0x68, 0xE2, 0x18, 0xFA, 0x5D,
    0xB1, 0xD1, 0x0E, 0xFE, 0x3B, 0xAA, 0x79, 0x79, 0xBD, 0xBE, 0x0A, 0x76, 0x35, 0xBE, 0xC1, 0x23,
    0x67, 0x0A, 0x2B, 0x79, 0xAB, 0xA6, 0x10, 0x48, 0x65, 0x42, 0xB8, 0x13, 0x8A, 0x8D, 0xE0, 0xEA,
    0xE3, 0x6B, 0xAC, 0x15, 0x92, 0xEC, 0x58, 0x92, 0x1A, 0xF9, 0xBB, 0x64, 0x81, 0x20, 0xC5, 0x46,
    0x68, 0x60, 0x3C, 0xEB, 0x3E, 0x92, 0xD6, 0xA5, 0x93, 0x0A, 0x4E, 0x43, 0x67, 0x5E, 0x80, 0x7A,
    0x4C, 0x28, 0x07, 0x2F, 0x48, 0xAF, 0x82, 0x0E, 0x70, 0x74, 0x9E, 0xFA, 0xF8, 0xA6, 0x34, 0xB9,
    0x34, 0x4C, 0xA7, 0x32, 0x81, 0x5D, 0xD2, 0x41, 0x18, 0x5D, 0x39, 0x41, 0x58, 0x0A, 0x77, 0x5E,
    0x55, 0xB1, 0x69, 0xCE, 0x83, 0xB5, 0x75, 0xFE, 0x58, 0x3E, 0x2E, 0xAF, 0xCD, 0x60, 0x59, 0x96,
    0x7C, 0x5A, 0xCF, 0x83, 0xE7, 0x89, 0xEC, 0xCA, 0xD9, 0xE2, 0xA5, 0x8B, 0x71, 0x72, 0x06, 0xE7,
    0xB3, 0xA5, 0x2B, 0x13, 0x59, 0x64, 0xF4, 0xDC, 0x79, 0xAE, 0x8C, 0xDF, 0x71, 0x9F, 0x96, 0x11,
    0x75, 0x27, 0x2C, 0x64, 0xB8, 0xA1, 0xE6, 0xD1, 0xC9, 0x3F, 0x81, 0x0C, 0x8A, 0xB1, 0xB4, 0x8A,
    0xA9, 0xB8, 0xAD, 0xDD, 0xE2, 0x07, 0x2B, 0x51, 0xD8, 0x36, 0x53, 0x20, 0xF8, 0x2E, 0x25, 0xE6,
    0x44, 0x01, 0xAE, 0x64, 0x51, 0x0C, 0xE5, 0x1D, 0x62, 0xA5, 0x18, 0x0B, 0x2D, 0xC3, 0x0C, 0xCC,
    0x26, 0xEA, 0x64, 0x20, 0xF6, 0x27, 0x70, 0x54, 0x5C, 0xEA, 0x09, 0x61, 0xD2, 0x05, 0x08, 0x63,
    0x88, 0x14, 0x1A, 0xC5, 0xC0, 0x3A, 0x9A, 0xF4, 0xC0, 0x72, 0x04, 0xE6, 0xF3, 0x2E, 0xF7, 0x84,
    0x6A, 0xDF, 0xD4, 0x42, 0x85, 0x1E, 0x04, 0x4D, 0x99, 0x5D, 0xE4, 0x50, 0x03, 0x59, 0x88, 0xAC,
    0x03, 0x6E, 0x3B, 0x5B, 0x91, 0x0F, 0x48, 0x41, 0x31, 0x23, 0xE6, 0xC4, 0x9A, 0x28, 0xC0, 0x80,
    0x18, 0x12, 0x93, 0x65, 0x87, 0xF9, 0xDF, 0x03, 0xCB, 0xDB, 0x40, 0x79, 0x53, 0xF1, 0x03, 0xF9,
    0x95, 0xE2, 0x6D, 0x79, 0x9E, 0x18, 0x2A, 0xDE, 0x9B, 0x81, 0x32, 0x11, 0x07, 0x62, 0x4F, 0x6C,
    0x4E, 0xA0, 0x03, 0x2E, 0xC4, 0x09, 0xE8, 0x0E, 0x8B, 0x73, 0x05, 0x0A, 0x5B, 0xAA, 0xD2, 0xEB,
    0x8E, 0x13, 0x1A, 0x7B, 0x41, 0x22, 0xA8, 0xCC, 0xAA, 0xDE, 0x96, 0x5F, 0x4D, 0xC2, 0x6A, 0x5D,
    0xD5, 0x03, 0xEA, 0x9E, 0x4F, 0xA8, 0xA5, 0xEA, 0x37, 0x41, 0x77, 0xE5, 0xBF, 0xB8, 0x94, 0x1F,
    0x32, 0xD9, 0x46, 0xAB, 0xB3, 0x92, 0x06, 0xA3, 0x5F, 0x3A, 0x8C, 0xF7, 0xBA, 0x67, 0xCA, 0x1F,
    0x02, 0xB3, 0x7B, 0x52, 0xD0, 0xD2, 0xB3, 0xF1, 0x17, 0x2A, 0x71, 0xDA, 0xE2, 0x8A, 0x9D, 0xC2,
    0x99, 0x5A, 0x11, 0x75, 0x75, 0xCB, 0xBC, 0x2B, 0xDF, 0x35, 0x4F, 0x04, 0x67, 0xD1, 0xAE, 0x6F,
    0x75, 0xCB, 0xD1, 0xF0, 0x04, 0x41, 0x44, 0xF6, 0x82, 0x75, 0xD8, 0x93, 0xD0, 0x3C, 0x08, 0x7C,
    0x2E, 0xBF, 0x06, 0x94, 0x99, 0xD5, 0x14, 0xC5, 0xC0, 0xD7, 0x47, 0x0A, 0xC5, 0x05, 0x35, 0x8C,
    0x27, 0x04, 0x4F, 0x26, 0x69, 0x81, 0xD0, 0x7E, 0x36, 0xE6, 0xE8, 0xB5, 0x03, 0xB1, 0xC7, 0x08,
    0x29, 0xFB, 0x74, 0x82, 0x6E, 0x12, 0x60, 0xAB, 0xCA, 0x5F, 0xB1, 0x18, 0x01, 0x31, 0x04, 0x16,
    0x91, 0xD8, 0x64, 0x78, 0xF8, 0x1D, 0x69, 0x18, 0xA0, 0x4D, 0x66, 0x44, 0xC9, 0x10, 0xA5, 0xCF,
    0x15, 0xEB, 0x81, 0x49, 0x8D, 0xB0, 0x1D, 0x57, 0x50, 0x8F, 0xEE, 0x14, 0xC0, 0x45, 0x29, 0xCE,
    0xF0, 0xE5, 0xDE, 0x01, 0x48, 0xB1, 0x0D, 0xAC, 0x69, 0x1D, 0xD0, 0x4C, 0xE5, 0x80, 0x74, 0x0B,
    0x99, 0xFF, 0xEC, 0xEE, 0x8B, 0x32, 0x22, 0x5C, 0x0F, 0x68, 0x2D, 0xAE, 0x19, 0xAE, 0xEB, 0x85,
    0x4D, 0x44, 0x5B, 0x8F, 0xB0, 0xB3, 0x70, 0xE3, 0x0A, 0xE0, 0xCA, 0x01, 0x09, 0x50, 0x02, 0xF8,
    0x49, 0x1E, 0x60, 0x31, 0x2C, 0xF0, 0xB2, 0xDE, 0x65, 0x9E, 0x2C, 0xF7, 0x41, 0x3E, 0x23, 0xF3,
    0x89, 0x85, 0x04, 0x74, 0xBB, 0xCC, 0xFF, 0x71, 0x9D, 0xB3, 0x00, 0x7A, 0xDF, 0x19, 0x5B, 0xA3,
    0xC8, 0x28, 0x36, 0x4A, 0x96, 0x43, 0xD2, 0xEC, 0x48, 0x13, 0x29, 0x35, 0xCA, 0x3C, 0x8D, 0xA4,
    0x7C, 0x30, 0xEA, 0x49, 0xA5, 0x51, 0x6D, 0x24, 0x9D, 0x51, 0x03, 0x5A, 0x91, 0x30, 0xF0, 0x41,
    0xB1, 0x38, 0x50, 0x29, 0x78, 0xAA, 0x9A, 0xD4, 0xEC, 0x23, 0x4C, 0xE8, 0x88, 0x54, 0xEE, 0xA1,
    0x22, 0xDF, 0x47, 0x4F, 0xC3, 0xDA, 0x27, 0xEF, 0xDC, 0xB3, 0xAF, 0x61, 0x1D, 0x96, 0xCF, 0x50,
    0x1B, 0xEC, 0xB7, 0x40, 0x28, 0x17, 0x97, 0x49, 0xA3, 0x02, 0x1C, 0x20, 0x08, 0x2B, 0xCD, 0xE3,
    0x40, 0xBA, 0x74, 0xD2, 0x99, 0x04, 0x7A, 0x83, 0x50, 0x40, 0xAB, 0xE9, 0xA4, 0x2A, 0x82, 0xB2,
    0xD3, 0x89, 0x6B, 0xBA, 0x44, 0x05, 0x8D, 0xC7, 0x16, 0x42, 0x99, 0xFC, 0xF4, 0xD8, 0x9F, 0x14,
    0x92, 0xCD, 0x57, 0xA9, 0xD4, 0x52, 0xD3, 0xBD, 0x45, 0xF4, 0x45, 0x85, 0x72, 0x93, 0xA0, 0x30,
    0x8B, 0xC6, 0x05, 0xD2, 0xA6, 0x93, 0x82, 0x0B, 0x59, 0x1E, 0x36, 0x49, 0xA1, 0x42, 0x3D, 0x98,
    0x41, 0x85, 0x7B, 0x9C, 0xB1, 0xF0, 0xD9, 0x02, 0x39, 0xA5, 0xC5, 0x95, 0x01, 0x02, 0xE6, 0xE1,
    0x4C, 0x5F, 0x01, 0x72, 0x4B, 0xFD, 0x88, 0xD0, 0x64, 0x00, 0x71, 0x17, 0x49, 0x1B, 0xB8, 0x15,
    0x4D, 0x24, 0xC1, 0xD6, 0x26, 0x0D, 0x02, 0x16, 0x1A, 0x6D, 0x76, 0x0A, 0x0B, 0x40, 0x3F, 0x3B,
    0x7F, 0x83, 0x05, 0xAF, 0x01, 0x5E, 0xAD, 0xCF, 0x00, 0x92, 0xCA, 0xC9, 0x98, 0x2F, 0x97, 0xA4,
    0x67, 0xDD, 0x4A, 0xA4, 0x9C, 0x28, 0xB8, 0x15, 0x27, 0xD5, 0x67, 0xAE, 0x3F, 0xFD, 0x93, 0x5A,
    0xF7, 0x90, 0x49, 0xED, 0xE9, 0x2C, 0xFF, 0x53, 0xEA, 0xF0, 0x60, 0x5D, 0x70, 0x8D, 0xCE, 0x34,
    0x66, 0x91, 0x53, 0x88, 0x85, 0x40, 0x39, 0xB9, 0xC0, 0xD7, 0xC1, 0xB0, 0x20, 0x3A, 0xC5, 0x88,
    0x18, 0x13, 0x93, 0x85, 0x38, 0x13, 0x27, 0xA0, 0xEF, 0xE9, 0xC4, 0x7C, 0x04, 0x96, 0x03, 0x50,
    0x7A, 0xC5, 0x4C, 0x3A, 0x45, 0xD5, 0x15, 0xB1, 0x22, 0x3A, 0xC5, 0x72, 0x02, 0x9A, 0x33, 0x7F,
    0x41, 0x67, 0xD6, 0xF3, 0xD7, 0x73, 0xD4, 0x4D, 0xF8, 0x2D, 0xB1, 0x16, 0x84, 0x17, 0xC5, 0xC6,
    0x30, 0x00, 0x76, 0xA1, 0xE2, 0xAD, 0x3E, 0x02, 0x0E, 0xF1, 0x3D, 0xC5, 0x31, 0xF9, 0xB3, 0xE4,
    0xEF, 0x4F, 0xE9, 0x6D, 0xC9, 0x6F, 0xCF, 0xD9, 0xDB, 0x8A, 0x4B, 0xFE, 0x5B, 0x51, 0x6F, 0x25,
    0x7F, 0x43, 0xF2, 0x5E, 0xEA, 0x1F, 0x03, 0xE5, 0x5B, 0x8A, 0xB5, 0x44, 0x8A, 0xF9, 0x42, 0x9C,
    0x80, 0x29, 0x31, 0x19, 0x80, 0x71, 0x0F, 0x74, 0x6E, 0x83, 0x68, 0xC7, 0xB5, 0xA3, 0xF6, 0xAA,
    0x47, 0x46, 0x11, 0x39, 0x1B, 0x11, 0xE6, 0x71, 0x51, 0xF5, 0x42, 0x5B, 0xC6, 0x85, 0x58, 0x69,
    0x4D, 0x67, 0x9E, 0x83, 0x0D, 0xF0, 0x2E, 0x95, 0x36, 0x91, 0x22, 0x90, 0x3E, 0x5B, 0xB6, 0xDE,
    0xC2, 0x08, 0xC4, 0x04, 0x0B, 0x2C, 0xCF, 0x40, 0x86, 0x21, 0x96, 0x63, 0x0E, 0x7F, 0x63, 0x48,
    0x61, 0x2C, 0xFA, 0x04, 0xFD, 0xBC, 0x8B, 0xE4, 0xEE, 0x4D, 0x08, 0x5C, 0x8F, 0x28, 0x98, 0xF9,
    0x19, 0x68, 0x3A, 0xB1, 0x0C, 0x39, 0x7F, 0xC5, 0xD9, 0x4A, 0x66, 0xAF, 0xA7, 0x75, 0xF7, 0xF0,
    0x65, 0x79, 0xC2, 0x1E, 0x9E, 0x7A, 0x23, 0x36, 0x5A, 0xF6, 0x79, 0x23, 0xE3, 0xC6, 0xC1, 0xC8,
    0xEE, 0x87, 0x1C, 0x70, 0xDA, 0xBB, 0xA9, 0xFC, 0xB4, 0xB5, 0x14, 0x8F, 0xB2, 0x5B, 0xB3, 0xA0,
    0xCF, 0x3C, 0xB0, 0x5B, 0x13, 0xC9, 0x10, 0x41, 0x83, 0xAE, 0x48, 0x05, 0x81, 0xE7, 0xFB, 0xB6,
    0x6C, 0xCA, 0x3D, 0x60, 0xDF, 0x12, 0x16, 0x05, 0x46, 0x4B, 0xA4, 0x75, 0x7D, 0x24, 0xCB, 0xD1,
    0x14, 0x50, 0xF5, 0x48, 0xDE, 0xD4, 0x1F, 0xF8, 0x85, 0xFF, 0xD9, 0xBA, 0x3F, 0xF7, 0xA2, 0xBC,
    0x75, 0x91, 0xDB, 0x5B, 0x4F, 0x0C, 0x9E, 0xEA, 0xD5, 0x05, 0xDE, 0xED, 0xA1, 0x9B, 0x72, 0x4D,
    0x31, 0x43, 0x9B, 0xDB, 0x08, 0x42, 0x09, 0xF1, 0x68, 0xEE, 0xF7, 0xA4, 0x96, 0x2A, 0x93, 0x50,
    0x22, 0x54, 0x27, 0x14, 0x78, 0xAE, 0x83, 0x52, 0xDD, 0x97, 0xBD, 0x52, 0x79, 0x8A, 0x72, 0x50,
    0xAD, 0xFD, 0xCC, 0x42, 0x6A, 0xC3, 0x07, 0x18, 0x83, 0xFF, 0x4D, 0x52, 0x38, 0xF1, 0x3B, 0xEF,
    0x7E, 0xE6, 0x80, 0x45, 0xE9, 0x0F, 0x44, 0x6C, 0xB1, 0xB9, 0xAF, 0x64, 0xC1, 0x75, 0x9A, 0x44,
    0x6C, 0x6E, 0xE4, 0x54, 0x1E, 0xF4, 0xB7, 0xB8, 0xF8, 0x84, 0xFE, 0x34, 0x7D, 0xEA, 0xAF, 0x47,
    0x03, 0xD4, 0x77, 0xFC, 0x14, 0x59, 0xB0, 0x3E, 0xEC, 0x2E, 0x33, 0x13, 0x37, 0x55, 0xD8, 0x32,
    0x7D, 0xE4, 0xE7, 0xF8, 0xC4, 0xC2, 0xE4, 0xD4, 0x74, 0x7D, 0x1B, 0x71, 0xE5, 0x37, 0x9A, 0x4E,
    0x20, 0x8D, 0xF9, 0x96, 0x35, 0x66, 0x0D, 0xDA, 0xF5, 0xC5, 0x3B, 0x2E, 0x89, 0xA0, 0x6B, 0xC6,
    0x9C, 0xDA, 0x9E, 0xBD, 0x6E, 0xD3, 0xCA, 0xA7, 0x8B, 0xF4, 0xCA, 0x88, 0xD3, 0x03, 0xC8, 0xF1,
    0x97, 0x3F, 0x88, 0xC3, 0x5E, 0xC4, 0x42, 0xEE, 0x8A, 0x3B, 0x7F, 0x8D, 0x93, 0xD3, 0x47, 0x80,
    0x9A, 0x40, 0x4B, 0x21, 0xAF, 0xD6, 0x53, 0x86, 0x6C, 0x13, 0x40, 0x08, 0x70, 0x47, 0x00, 0x4D,
    0xFA, 0x23, 0x83, 0xAA, 0x50, 0xF3, 0x5F, 0x57, 0xB9, 0xDF, 0x04, 0x7B, 0xEA, 0x58, 0xF0, 0x3C,
    0x9C, 0x37, 0xF5, 0x70, 0x9B, 0x88, 0x7F, 0x0D, 0x82, 0xD8, 0x53, 0x7C, 0x14, 0xC1, 0xDB, 0x8E,
    0x9D, 0xE0, 0x1E, 0x43, 0xB0, 0x45, 0xD4, 0x15, 0x67, 0xDE, 0xDC, 0x59, 0x74, 0xEE, 0x10, 0xA4,
    0xCF, 0x7E, 0x3A, 0xFE, 0x09, 0x08, 0x4A, 0x37, 0x5A, 0x8C, 0xA4, 0x32, 0x6A, 0x10, 0x32, 0x92,
    0x0E, 0xA4, 0xFF, 0xA4, 0xFA, 0x3E, 0x12, 0xD2, 0x8A, 0xA4, 0xDB, 0xAC, 0xAD, 0x8F, 0x67, 0xE4,
    0x48, 0x93, 0x51, 0xC5, 0x4D, 0x72, 0x5D, 0x78, 0x71, 0x0C, 0x65, 0xD3, 0xA3, 0xD3, 0x72, 0x9D,
    0x24, 0x32, 0x1A, 0x89, 0xA7, 0xC6, 0xA8, 0x47, 0xC8, 0xC0, 0xC8, 0xD5, 0x03, 0x29, 0x1F, 0x4F,
    0x52, 0x69, 0x1F, 0x32, 0xC8, 0x72, 0x93, 0x04, 0x23, 0x6D, 0x54, 0x91, 0x66, 0x47, 0xBA, 0xA2,
    0xA4, 0xC5, 0x7D, 0x84, 0xB5, 0xFB, 0xB2, 0x3E, 0xB1, 0x61, 0xD1, 0x00, 0x7A, 0xC0, 0x88, 0xB2,
    0x9C, 0xB5, 0x01, 0x52, 0x6A, 0x31, 0x6E, 0x9C, 0x76, 0x11, 0x5C, 0xCE, 0xD6, 0xF8, 0x22, 0xDA,
    0x60, 0x45, 0x13, 0x94, 0xB0, 0xCF, 0x70, 0xFD, 0xE6, 0x77, 0x00, 0xC2, 0x21, 0xC0, 0x17, 0x85,
    0x2B, 0x6D, 0x7B, 0x71, 0x06, 0x26, 0x0B, 0x51, 0x18, 0xE1, 0x6C, 0xA4, 0xC9, 0xF6, 0x21, 0x2D,
    0x96, 0x39, 0x0F, 0x61, 0xE3, 0x6A, 0xB8, 0xE0, 0x97, 0x64, 0x70, 0x2C, 0x91, 0xCB, 0x98, 0x63,
    0x64, 0xBD, 0xA2, 0x66, 0x17, 0x59, 0xA1, 0xBF, 0x40, 0x31, 0x29, 0xD7, 0x18, 0x5C, 0x63, 0x82,
    0x91, 0x32, 0x98, 0x95, 0x47, 0x95, 0x91, 0x80, 0xB2, 0x4C, 0x81, 0x0C, 0x6C, 0x15, 0x6A, 0x81,
    0xEB, 0x8A, 0x19, 0x5C, 0x71, 0x97, 0x1B, 0x3B, 0xA2, 0x89, 0xB0, 0xD6, 0x1F, 0x85, 0x7D, 0xF8,
    0x5D, 0x7C, 0xA4, 0x97, 0xCD, 0xE0, 0x96, 0x0A, 0xC6, 0x2C, 0x4E, 0x95, 0x0B, 0x16, 0xA7, 0xBE,
    0x3C, 0x1D, 0x74, 0x6E, 0xBE, 0xB1, 0x55, 0x46, 0xD9, 0xAA, 0xC3, 0x0A, 0x01, 0x5F, 0xC2, 0x2E,
    0x79, 0x4A, 0x35, 0xD7, 0xC0, 0x40, 0x80, 0x11, 0x31, 0x91, 0x36, 0x02, 0x3A, 0xE0, 0x72, 0x02,
    0xC5, 0xB0, 0x50, 0x8C, 0xE5, 0xDD, 0x4B, 0x52, 0x78, 0x0F, 0xD6, 0x30, 0x27, 0xC6, 0xC4, 0x44,
    0x2E, 0xE1, 0x93, 0x19, 0xC5, 0x2F, 0x47, 0xA0, 0xF4, 0x8A, 0x81, 0x74, 0x8A, 0x91, 0x34, 0xDB,
    0x74, 0x32, 0xA6, 0x59, 0x4E, 0x40, 0xC7, 0xE7, 0x48, 0x6B, 0x1A, 0xF9, 0xC6, 0x98, 0x50, 0xC4,
    0xC5, 0x25, 0xC7, 0xB5, 0xB8, 0xB0, 0x88, 0x11, 0x04, 0x8A, 0x38, 0x10, 0x85, 0x5A, 0x21, 0x16,
    0x85, 0x54, 0xEE, 0x69, 0x4D, 0x67, 0xEE, 0xC2, 0x28, 0xD4, 0x84, 0x21, 0xD5, 0xB7, 0x54, 0x81,
    0x05, 0x59, 0x70, 0xE4, 0xD9, 0x49, 0xB5, 0x3B, 0xB2, 0x44, 0x56, 0x0D, 0xD4, 0xD2, 0xD2, 0xFF,
    0x47, 0x7A, 0x7D, 0x00, 0xE5, 0x51, 0x63, 0x09, 0xB6, 0x3F, 0x52, 0x1E, 0xC6, 0x99, 0x83, 0xF9,
    0xE5, 0x2B, 0x4E, 0xD7, 0xB8, 0xB3, 0x63, 0xA2, 0x80, 0xA6, 0x14, 0x3D, 0x6E, 0xD3, 0x0E, 0xA4,
    0xA0, 0x6D, 0x3D, 0x28, 0x94, 0x63, 0x89, 0x95, 0x23, 0x21, 0xC7, 0x5B, 0x1B, 0x96, 0x08, 0x92,
    0xC8, 0xF3, 0xD2, 0xC5, 0x88, 0x16, 0x9A, 0xCA, 0x6C, 0xDF, 0xA1, 0xD7, 0xF6, 0xD0, 0x12, 0x5D,
    0x86, 0xBB, 0x5D, 0xFB, 0x52, 0x4C, 0x80, 0x05, 0x7B, 0x2F, 0xA2, 0x10, 0x03, 0x12, 0x7D, 0x7B,
    0x5C, 0xF3, 0x8B, 0x61, 0x1B, 0x6E, 0xE6, 0x31, 0x8F, 0xB3, 0xFA, 0x1A, 0x44, 0x0A, 0x48, 0x1E,
    0x80, 0x20, 0x23, 0xA0, 0xC2, 0x62, 0x15, 0x9F, 0xB7, 0xBB, 0x97, 0xB9, 0x8C, 0x8F, 0xF3, 0xDA,
    0xAE, 0x7C, 0x31, 0x1C, 0xE5, 0x41, 0x6C, 0xF2, 0x0D, 0xAE, 0x3C, 0x56, 0x8A, 0x01, 0x10, 0xF6,
    0x9F, 0xE8, 0xB6, 0x18, 0x2F, 0xC0, 0xA3, 0xE5, 0xB0, 0x9C, 0x59, 0x68, 0xE9, 0xF6, 0x20, 0x2C,
    0x6D, 0x6B, 0x58, 0xEE, 0xB0, 0x31, 0xCC, 0x89, 0x17, 0xAE, 0x68, 0xC1, 0x2A, 0xC7, 0x87, 0x76,
    0xA4, 0xA6, 0xFB, 0x25, 0x93, 0x8D, 0xD3, 0x0C, 0xDD, 0x11, 0x83, 0x05, 0x1B, 0x75, 0x5A, 0xF7,
    0xE3, 0xB5, 0x02, 0x1A, 0x43, 0x3C, 0xF0, 0xB3, 0x75, 0x81, 0x24, 0xBD, 0x6F, 0x21, 0xEE, 0x5F,
    0x23, 0xEE, 0x4C, 0x47, 0xD6, 0x1F, 0xC1, 0x66, 0x32, 0xF2, 0x2C, 0x75, 0xFB, 0xE4, 0xEA, 0xAD,
    0x57, 0x01, 0xEB, 0x20, 0x4D, 0x32, 0xC3, 0xC3, 0xA3, 0xCF, 0x9E, 0x09, 0xCA, 0x87, 0xDE, 0x5B,
    0x49, 0x83, 0x1D, 0x35, 0xC5, 0x5F, 0x8A, 0x1D, 0x2B, 0xFC, 0x0A, 0xBD, 0xD8, 0x76, 0xCB, 0x8D,
    0x67, 0xEF, 0x3A, 0x5B, 0xB6, 0xDE, 0xF6, 0xDC, 0x93, 0xF7, 0x85, 0x7B, 0x55, 0xF2, 0x3A, 0x0F,
    0x8B, 0x1A, 0xFD, 0x6B, 0x31, 0x48, 0xE8, 0x58, 0x26, 0x4C, 0x5F, 0x07, 0xF9, 0x6C, 0xF9, 0xE5,
    0x93, 0xB2, 0xF6, 0xD6, 0x9A, 0xE5, 0x40, 0x44, 0xB8, 0xC5, 0x77, 0x5D, 0xC9, 0x6E, 0x4A, 0x53,
    0x3B, 0x26, 0xFF, 0x15, 0xBB, 0x1E, 0x99, 0xBD, 0x2E, 0xC3, 0x6C, 0x68, 0x82, 0xE8, 0x1D, 0xA2,
    0xF2, 0x65, 0x7C, 0x97, 0x2C, 0x78, 0x7D, 0x49, 0x6B, 0x01, 0xB3, 0x8E, 0x9E, 0x88, 0xAE, 0xC6,
    0x6D, 0xB2, 0x97, 0xAE, 0xB8, 0xCB, 0x57, 0xDD, 0xFA, 0x4A, 0xDD, 0x07, 0x68, 0x90, 0x10, 0x90,
    0x00, 0x52, 0x40, 0x0E, 0xA8, 0x01, 0xA2, 0x70, 0x5B, 0xEA, 0xAE, 0x7E, 0x7B, 0x56, 0xE9, 0xD6,
    0x04, 0x18, 0x14, 0xA4, 0x07, 0x34, 0x80, 0x0A, 0xE0, 0x14, 0x66, 0xC0, 0x04, 0xE8, 0x15, 0x82,
    0xD7, 0x54, 0xB1, 0xD1, 0x14, 0x2E, 0x2E, 0x9C, 0xC3, 0x59, 0x6B, 0xFC, 0xF2, 0xE4, 0x58, 0x34,
    0x57, 0x42, 0x71, 0x07, 0x77, 0xDD, 0xEE, 0x79, 0xD2, 0x65, 0xD9, 0xE4, 0x51, 0xB6, 0xC8, 0x43,
    0x21, 0xC2, 0x78, 0x49, 0x00, 0x29, 0x20, 0x9F, 0xB9, 0x7A, 0x71, 0x18, 0x4B, 0x80, 0xC6, 0xC0,
    0xDE, 0x1E, 0x4B, 0xCF, 0xF5, 0x8B, 0x02, 0x4F, 0x6B, 0x13, 0x1B, 0xC5, 0x05, 0x4A, 0xDA, 0xF8,
    0x32, 0x3B, 0xE9, 0xE1, 0xCA, 0xBC, 0xB6, 0x77, 0x8B, 0xB7, 0x44, 0xBC, 0xB2, 0x43, 0x64, 0x42,
    0xAB, 0x20, 0xCD, 0x03, 0x10, 0xD8, 0xFC, 0x5D, 0x00, 0xB4, 0x49, 0xCB, 0x45, 0xA1, 0x9E, 0x14,
    0xA4, 0x57, 0xF8, 0x82, 0x3F, 0x64, 0x79, 0x76, 0x5D, 0xD4, 0x58, 0xDD, 0x16, 0xB5, 0xF6, 0x52,
    0x45, 0x31, 0xB4, 0xFF, 0x46, 0x76, 0xF8, 0xC7, 0x45, 0xF1, 0xD6, 0xED, 0x59, 0xF1, 0xD7, 0x86,
    0x72, 0xAC, 0xF8, 0x86, 0x7C, 0xA8, 0xF8, 0xA6, 0xC7, 0xDF, 0x28, 0xFE, 0x5F, 0x79, 0x5D, 0xB1,
    0x35, 0xAC, 0xBF, 0x09, 0xBC, 0x10, 0x00, 0x9D, 0x22, 0x1B, 0x86, 0x3A, 0x3C, 0x1B, 0x44, 0xCE,
    0x80, 0xDE, 0x3D, 0x0C, 0x1C, 0x9F, 0xD8, 0x06, 0x38, 0x6C, 0x08, 0x57, 0x98, 0xF0, 0x64, 0xE4,
    0x86, 0xB4, 0xF9, 0xB4, 0x92, 0xBE, 0x84, 0xB7, 0x53, 0x0F, 0x1B, 0x83, 0xCC, 0xAD, 0x3C, 0x81,
    0x84, 0xB7, 0x43, 0x89, 0x66, 0xE1, 0x6E, 0x5A, 0x26, 0x91, 0xBF, 0x81, 0xB1, 0x19, 0xE0, 0x18,
    0x19, 0xD2, 0x71, 0x80, 0xC3, 0xC8, 0xD1, 0x64, 0x4A, 0x73, 0x1A, 0xFA, 0xE0, 0x13, 0x00, 0xEB,
    0x60, 0x3F, 0x84, 0x1D, 0xFF, 0x1D, 0xEC, 0x38, 0x4A, 0xE0, 0xF3, 0xB8, 0xA9, 0x30, 0x6E, 0x3A,
    0xC9, 0xC3, 0x00, 0xE1, 0xE6, 0xD8, 0x8A, 0x56, 0x01, 0xFC, 0xFC, 0x71, 0x1B, 0x29, 0xF7, 0xFF,
    0xCA, 0x2C, 0xF6, 0xD9, 0x60, 0xDA, 0x64, 0x1F, 0x9E, 0x60, 0x2C, 0x63, 0xC1, 0x36, 0xD5, 0x7B,
    0x1D, 0xF6, 0x4A, 0x4A, 0x1E, 0x8C, 0x59, 0x40, 0xE1, 0xCB, 0xDE, 0x73, 0x7B, 0x6B, 0xD6, 0x97,
    0xFC, 0xF0, 0x7F, 0x27, 0xDC, 0x93, 0x91, 0x79, 0xA5, 0x2F, 0xE8, 0x0E, 0xAA, 0x3B, 0xEB, 0x10,
    0xAD, 0xA5, 0x0F, 0xF6, 0x31, 0x01, 0xA3, 0x12, 0xFE, 0xF4, 0x00, 0x6F, 0x72, 0xC2, 0x16, 0xAE,
    0x42, 0x9F, 0xCC, 0xAE, 0xC4, 0x3C, 0x29, 0x6D, 0xA8, 0xD0, 0x84, 0xF2, 0x0D, 0x69, 0x56, 0xE8,
    0x9F, 0x4E, 0x8D, 0xAD, 0x96, 0xFA, 0x4D, 0x85, 0xFC, 0x4F, 0xB3, 0xC2, 0xBD, 0xC9, 0x1B, 0xF1,
    0x04, 0x86, 0x25, 0x46, 0x9D, 0xE8, 0xEB, 0xC3, 0x9B, 0xC2, 0x9A, 0x1D, 0x52, 0x05, 0x70, 0x36,
    0xF9, 0x73, 0xD5, 0x1F, 0x5B, 0x84, 0x0E, 0x50, 0x68, 0xF7, 0xC0, 0xFD, 0x00, 0xA5, 0xC3, 0xCD,
    0x92, 0xE6, 0x91, 0x28, 0xFB, 0xB3, 0x1C, 0x61, 0x52, 0xC4, 0xE3, 0x22, 0x52, 0x93, 0x90, 0xBA,
    0x4C, 0xDB, 0xFE, 0x7D, 0xE9, 0x6D, 0x8F, 0x64, 0x80, 0x8B, 0x07, 0x87, 0x62, 0x50, 0xC2, 0xC2,
    0x79, 0x1F, 0xF1, 0xBB, 0xB1, 0xB4, 0x90, 0x9B, 0x78, 0x12, 0xCB, 0x2B, 0xD2, 0xA7, 0x96, 0x66,
    0x42, 0x6A, 0x42, 0x92, 0x73, 0x7E, 0x85, 0x7F, 0xF0, 0xBC, 0x1C, 0x14, 0x8F, 0x50, 0xEA, 0x0B,
    0xAF, 0xA9, 0xDE, 0x31, 0xB7, 0xC1, 0x98, 0xC1, 0x39, 0x7C, 0x05, 0x49, 0x42, 0xB7, 0xF2, 0xFE,
    0x82, 0xA1, 0x88, 0xCD, 0x4E, 0x24, 0x9C, 0xF2, 0x74, 0x0E, 0xCA, 0xCC, 0x00, 0x39, 0xDE, 0xDA,
    0xAE, 0xEA, 0xEF, 0x61, 0xD2, 0xFF, 0x9D, 0xA8, 0x32, 0x23, 0xA9, 0x92, 0x25, 0xA4, 0x19, 0xE3,
    0x68, 0xAD, 0xC7, 0xCB, 0x57, 0xB1, 0xDF, 0xF5, 0xB1, 0x07, 0xD6, 0x9D, 0xEF, 0xC8, 0x5B, 0xF4,
    0x18, 0x4E, 0xC1, 0x9E, 0x8E, 0xB4, 0xDC, 0x07, 0xC1, 0x6B, 0x17, 0xAE, 0x69, 0x09, 0xCA, 0x61,
    0x25, 0xED, 0x3E, 0xC8, 0x47, 0xC0, 0x04, 0x50, 0x97, 0xAF, 0xE5, 0x36, 0x57, 0x02, 0x08, 0x01,
    0xEE, 0x48, 0x1E, 0xB6, 0xA5, 0x77, 0xF9, 0xEA, 0xC1, 0x5A, 0xB7, 0xF5, 0xE8, 0xCC, 0x49, 0xFF,
    0x44, 0xE8, 0xCE, 0xCB, 0x72, 0xA8, 0x24, 0x78, 0xF6, 0x93, 0x2F, 0x84, 0xF3, 0x31, 0x9E, 0x3C,
    0xB3, 0x48, 0x77, 0x0A, 0xCB, 0x5E, 0x9A, 0x33, 0xD8, 0x9C, 0xB6, 0xE0, 0x4C, 0x2E, 0x4E, 0x31,
    0xC9, 0xAD, 0xD6, 0x30, 0x34, 0xE6, 0x30, 0xED, 0x45, 0x17, 0x7B, 0x5C, 0xAE, 0x00, 0x65, 0x21,
    0x4A, 0x45, 0x6C, 0x15, 0x6F, 0xD8, 0xA1, 0x6F, 0x4D, 0x2C, 0x77, 0xF2, 0x8B, 0x02, 0x14, 0xE9,
    0x88, 0x0D, 0xD1, 0x01, 0xDF, 0x81, 0xED, 0x51, 0xE3, 0x03, 0x83, 0x98, 0xCE, 0x67, 0xA2, 0x5C,
    0x23, 0x4A, 0x45, 0xEC, 0x89, 0xA3, 0xA2, 0xBA, 0xEF, 0x8A, 0xFA, 0x1E, 0x98, 0x10, 0x29, 0xDF,
    0xE1, 0xE7, 0x22, 0x86, 0x3D, 0xB1, 0x05, 0xCE, 0x9A, 0x0E, 0x72, 0xDC, 0xEB, 0x88, 0xCB, 0xDF,
    0x71, 0x19, 0x80, 0xB4, 0xF5, 0x85, 0xD4, 0x05, 0x7A, 0x87, 0xA7, 0x42, 0xBE, 0x73, 0x84, 0xBE,
    0xBF, 0x78, 0x1F, 0xAE, 0xE7, 0x5D, 0x2F, 0xEA, 0xCD, 0x46, 0x29, 0xCE, 0x4B, 0x51, 0xC5, 0x44,
    0x30, 0x8B, 0xD2, 0x31, 0xA4, 0xF7, 0x67, 0x26, 0xF6, 0x86, 0x20, 0x07, 0x83, 0x02, 0x60, 0x9F,
    0xD9, 0xB7, 0xF0, 0x3D, 0x9F, 0x75, 0xE5, 0xAC, 0x6C, 0x0E, 0x4B, 0x0F, 0x80, 0x9E, 0x10, 0xFF,
    0x7C, 0x71, 0xD2, 0x47, 0x4B, 0xA5, 0x42, 0x71, 0x45, 0x06, 0xAE, 0x52, 0x64, 0x56, 0xC2, 0xC0,
    0xE1, 0xDA, 0xE6, 0xA6, 0x54, 0x35, 0x8D, 0x5D, 0xA3, 0x34, 0xC0, 0xCD, 0x42, 0x5A, 0xD2, 0x19,
    0xF5, 0xFB, 0xA9, 0xCF, 0xFB, 0x95, 0x74, 0xDC, 0x1E, 0x86, 0x5F, 0x96, 0x2D, 0x98, 0xFC, 0x98,
    0x66, 0x81, 0xBA, 0x73, 0xD9, 0xC4, 0x2D, 0x84, 0x1A, 0xC5, 0x6A, 0x59, 0xE5, 0x6B, 0x00, 0x5C,
    0xE3, 0x83, 0x27, 0xBC, 0x12, 0x85, 0x10, 0x10, 0xCB, 0xB1, 0x98, 0x73, 0xB6, 0x83, 0xD8, 0x56,
    0x52, 0x9B, 0x70, 0xAE, 0x04, 0xE4, 0x3E, 0x6F, 0xCB, 0x99, 0xE5, 0x4D, 0x90, 0x5D, 0x26, 0xF4,
    0x25, 0x14, 0x9E, 0x39, 0xA4, 0x5E, 0x38, 0x73, 0x34, 0x7E, 0xAF, 0xC9, 0x36, 0x48, 0x13, 0xEE,
    0x1A, 0x2F, 0x0A, 0xEE, 0x17, 0xCE, 0x9E, 0x4F, 0x6D, 0x91, 0xB2, 0x1A, 0xDC, 0xFF, 0x71, 0xD1,
    0xAC, 0xB9, 0x27, 0xAA, 0x26, 0x02, 0x1C, 0xEC, 0x19, 0x1A, 0xB9, 0xF6, 0x29, 0x97, 0xC5, 0x1D,
    0x16, 0x1C, 0xBD, 0xCD, 0x16, 0xBF, 0x2C, 0xC7, 0x76, 0xC4, 0xB4, 0xDC, 0x8F, 0x9F, 0xC7, 0x01,
    0xCB, 0x2E, 0xE4, 0xE7, 0x80, 0xAF, 0x4B, 0xA7, 0xF8, 0x7B, 0x99, 0x14, 0x11, 0x08, 0x28, 0x8A,
    0x4B, 0x2D, 0x55, 0x80, 0x96, 0x6C, 0x34, 0x64, 0xB8, 0xC3, 0x8F, 0xF4, 0x1F, 0xDE, 0x8F, 0xDC,
    0xE3, 0xAF, 0xB6, 0x9B, 0x44, 0x99, 0xF0, 0x83, 0x99, 0xBD, 0x7E, 0xE2, 0xC7, 0x3D, 0x11, 0x41,
    0xCC, 0x05, 0x38, 0x7C, 0xC1, 0xAD, 0xA0, 0x34, 0x9A, 0x93, 0x42, 0x47, 0xAB, 0xB5, 0x79, 0x8D,
    0x65, 0xDE, 0x6E, 0x18, 0x7C, 0xA2, 0x6B, 0xEF, 0x53, 0xFE, 0x5A, 0x22, 0x32, 0x64, 0xF2, 0x6A,
    0xC7, 0x63, 0x46, 0x64, 0x7D, 0xBC, 0xE6, 0x70, 0x15, 0x7B, 0xD9, 0xFB, 0xDE, 0xDF, 0xA7, 0x5D,
    0xDC, 0x7F, 0x4C, 0xCD, 0xC7, 0x9B, 0x03, 0xDB, 0xB5, 0xEB, 0xAD, 0x69, 0x58, 0xDB, 0x0A, 0xA3,
    0x06, 0x43, 0x34, 0x51, 0x4E, 0x96, 0x83, 0x3E, 0xDD, 0x2C, 0x08, 0xA5, 0x43, 0x8B, 0x16, 0x01,
    0xC7, 0x03, 0xD7, 0xB2, 0x33, 0xAF, 0xF7, 0xA1, 0x43, 0xE9, 0x4C, 0x8E, 0x34, 0x73, 0x98, 0x2F,
    0x6E, 0x9F, 0x60, 0x73, 0x86, 0x1B, 0xB4, 0xAD, 0xF4, 0x32, 0x60, 0xD0, 0x7C, 0xB1, 0x32, 0x63,
    0x50, 0xF7, 0x0F, 0xFF, 0x4B, 0x8B, 0xB8, 0xCA, 0xDB, 0xBC, 0xC3, 0xE2, 0x0A, 0x2F, 0xC8, 0xCF,
    0x16, 0xF1, 0x4E, 0x99, 0x66, 0x0F, 0x3F, 0x99, 0x17, 0x4B, 0x09, 0x49, 0x06, 0xFC, 0x6B, 0x4F,
    0xB6, 0xA2, 0x5A, 0x36, 0x75, 0xFF, 0x98, 0xFF, 0x30, 0x1D, 0x5C, 0x84, 0x72, 0x5D, 0x25, 0xB3,
    0x3B, 0x07, 0x07, 0x8A, 0x7B, 0x26, 0x3C, 0x50, 0x3D, 0x8B, 0xB4, 0xB6, 0x9E, 0xD4, 0xB6, 0xBB,
    0x1A, 0x3E, 0x73, 0x6B, 0x34, 0x1A, 0xCD, 0x4E, 0xDA, 0x7C, 0xA9, 0x85, 0x9B, 0x2B, 0x89, 0x51,
    0x24, 0x21, 0x28, 0x16, 0xDC, 0xD3, 0xB8, 0x7B, 0xA4, 0x54, 0x20, 0x64, 0x29, 0x5C, 0x49, 0xD6,
    0x66, 0x9F, 0x69, 0xC2, 0x96, 0xE2, 0x0B, 0x9B, 0xBA, 0x05, 0x6B, 0xAD, 0x27, 0x0D, 0xD9, 0x43,
    0x09, 0xB3, 0x27, 0xE7, 0xE9, 0xC5, 0x48, 0x1A, 0xA3, 0x0E, 0xF4, 0x9E, 0xF4, 0xA0, 0x06, 0x6D,
    0xC5, 0x93, 0x34, 0x92, 0xBD, 0xFB, 0xFF, 0x42, 0x92, 0x0D, 0x35, 0x46, 0x8E, 0xF4, 0xCE, 0xE3,
    0x9B, 0x83, 0x73, 0x7F, 0xD1, 0x1C, 0xDC, 0x04, 0x62, 0xAD, 0xAD, 0x21, 0x23, 0x62, 0xF8, 0xB8,
    0xE8, 0x1C, 0x8D, 0x7A, 0x26, 0x1B, 0xFB, 0xC6, 0xAD, 0x3A, 0x5B, 0x21, 0x60, 0x10, 0x4E, 0x80,
    0xCE, 0xF9, 0xE7, 0xC9, 0xEF, 0x17, 0x3C, 0xEA, 0x1C, 0xF3, 0xE4, 0x37, 0x49, 0x56, 0xEA, 0x4D,
    0x16, 0x2B, 0x71, 0xD8, 0x41, 0x2A, 0xB0, 0x14, 0xF8, 0xAD, 0x42, 0x09, 0xE3, 0x90, 0xF2, 0x27,
    0x07, 0xBF, 0xD8, 0x0D, 0xDB, 0xA7, 0x66, 0xD9, 0x06, 0x95, 0x54, 0x98, 0xC8, 0xDB, 0x8F, 0x05,
    0x77, 0x5E, 0x54, 0x10, 0x79, 0x00, 0x6C, 0xEE, 0x48, 0x96, 0x2D, 0xCC, 0x5B, 0x98, 0x14, 0x0E,
    0x5E, 0xF3, 0xF7, 0xE3, 0x0B, 0xBB, 0xB2, 0x13, 0xDB, 0x0D, 0x9E, 0x13, 0x82, 0xF6, 0x9B, 0x53,
    0x42, 0x68, 0xC2, 0xEC, 0x85, 0x6C, 0x61, 0xA5, 0xCB, 0x31, 0x13, 0x2F, 0x24, 0x10, 0x3A, 0x57,
    0x0F, 0x2A, 0x40, 0x33, 0x74, 0x4E, 0x12, 0x15, 0x04, 0xDE, 0x0C, 0x14, 0x26, 0xE8, 0x48, 0x50,
    0x9F, 0x74, 0x18, 0xA6, 0x82, 0x85, 0x8C, 0xF6, 0x52, 0x15, 0x02, 0x28, 0xBC, 0xAB, 0x65, 0x46,
    0xE2, 0xD2, 0xCB, 0xAF, 0x05, 0x7A, 0xAC, 0x07, 0x15, 0xEC, 0x2E, 0x95, 0xFC, 0x58, 0xFE, 0x0B,
    0x84, 0x45, 0xBF, 0xF8, 0x35, 0x5B, 0x56, 0x02, 0x91, 0xC9, 0x6E, 0x8F, 0x89, 0x8C, 0x36, 0x45,
    0xD6, 0x76, 0x6D, 0x13, 0xD6, 0x06, 0x23, 0x42, 0x85, 0x8C, 0x5D, 0x94, 0x67, 0xDF, 0x05, 0x0E,
    0x4F, 0xCE, 0xEB, 0x46, 0xD4, 0xF5, 0x72, 0x74, 0xBC, 0xC8, 0x00, 0x9E, 0x79, 0x25, 0xD5, 0xD8,
    0x0E, 0xC7, 0xD3, 0xD9, 0xAE, 0x43, 0x65, 0x33, 0x03, 0x69, 0xD0, 0x74, 0x06, 0xE7, 0x53, 0xB2,
    0x90, 0x51, 0xD3, 0x14, 0xD7, 0xCB, 0x62, 0x7D, 0x03, 0x3B, 0x13, 0x4A, 0x51, 0x9A, 0x61, 0xA9,
    0x04, 0xBB, 0xA3, 0x30, 0x0C, 0xF2, 0x07, 0xD4, 0xE4, 0x4D, 0x29, 0x6F, 0xA3, 0x22, 0xF7, 0xE6,
    0xFC, 0x36, 0x8A, 0x8F, 0xD9, 0x89, 0x57, 0x6C, 0x86, 0xC4, 0x0A, 0xDF, 0x47, 0x28, 0x7B, 0x8C,
    0x4E, 0xC7, 0xA2, 0x37, 0x5C, 0xA9, 0xD9, 0x93, 0x4D, 0xA7, 0xF0, 0x42, 0xBD, 0xD8, 0x4E, 0x9D,
    0x4C, 0x7B, 0xF0, 0x74, 0x78, 0xE0, 0x72, 0x1D, 0x08, 0xFD, 0x00, 0x85, 0xC8, 0x73, 0x9B, 0xEF,
    0x49, 0x67, 0xD7, 0x55, 0x81, 0xF5, 0x03, 0x28, 0x8A, 0xF3, 0x25, 0xE9, 0x2C, 0x3C, 0xB1, 0x00,
    0x4E, 0x0E, 0x78, 0x05, 0xAB, 0x0F, 0xA4, 0x9F, 0xCE, 0x5B, 0x3C, 0xA7, 0x5B, 0xE7, 0x76, 0xF2,
    0xD2, 0xEF, 0x41, 0x86, 0x39, 0x85, 0x72, 0x5C, 0x00, 0x65, 0x24, 0x0A, 0x91, 0x67, 0x4B, 0x37,
    0xA5, 0xD1, 0x30, 0x01, 0xD1, 0x11, 0x57, 0xC0, 0xE5, 0x12, 0x10, 0x61, 0x76, 0xE1, 0x27, 0x20,
    0xCA, 0xE3, 0x9F, 0xBA, 0xE7, 0x4A, 0xAB, 0x80, 0x47, 0x01, 0xA5, 0x28, 0xC7, 0xC6, 0xAC, 0xC3,
    0xA8, 0x5C, 0xCB, 0xB1, 0x0C, 0xCA, 0x32, 0xBB, 0x83, 0x5E, 0x7A, 0xEA, 0xDD, 0x7A, 0x26, 0x18,
    0x5D, 0x95, 0x6C, 0xCE, 0x97, 0x60, 0xE9, 0x78, 0x78, 0xD1, 0x09, 0x9F, 0xE9, 0x4C, 0xC6, 0xF9,
    0x2B, 0x76, 0x51, 0x7D, 0xBC, 0x93, 0xEC, 0xD3, 0x8B, 0x99, 0xFE, 0x2E, 0xBF, 0x00, 0x65, 0xFF,
    0x2E, 0xCA, 0x21, 0xEF, 0xDE, 0x1C, 0xFC, 0x85, 0x5F, 0x70, 0xEA, 0x39, 0xF4, 0xEC, 0x4A, 0xAB,
    0x20, 0xDD, 0xBC, 0x0B, 0xD7, 0x70, 0x25, 0xA9, 0xE0, 0xB5, 0x0D, 0x99, 0x94, 0x30, 0x2B, 0x2B,
    0x41, 0xC9, 0x25, 0x2E, 0x22, 0x7E, 0x4F, 0x09, 0xC3, 0xF1, 0x39, 0x50, 0x85, 0x4D, 0xB2, 0x58,
    0x0A, 0x25, 0x55, 0xEA, 0x7B, 0x6B, 0xE6, 0x21, 0xB2, 0x8F, 0x16, 0x86, 0x74, 0x88, 0x10, 0x59,
    0x3C, 0x28, 0x84, 0xD4, 0xAF, 0x7E, 0xCA, 0x1C, 0x98, 0x51, 0x69, 0x94, 0x1A, 0x05, 0x62, 0x3B,
    0xA1, 0xCF, 0x5C, 0xB4, 0xDB, 0x4C, 0xD6, 0xAE, 0x3D, 0x28, 0xDF, 0xD0, 0x08, 0x52, 0x7B, 0x0E,
    0xE2, 0xD0, 0x75, 0x2B, 0x79, 0x83, 0x9B, 0x1D, 0xF2, 0xBC, 0x5D, 0xED, 0xE1, 0x92, 0x3A, 0x5A,
    0x9C, 0x5D, 0xB2, 0x37, 0x12, 0xA6, 0x9C, 0x89, 0xBF, 0x2C, 0xE9, 0xB7, 0xDF, 0xD9, 0x59, 0xE4,
    0x7D, 0xB9, 0x39, 0x39, 0x98, 0xE6, 0x6F, 0x2F, 0x2E, 0x50, 0xFA, 0x96, 0xB8, 0x50, 0xD3, 0x7A,
    0x1E, 0x04, 0xA1, 0x8A, 0x85, 0x26, 0x3C, 0x99, 0x43, 0x29, 0x70, 0x99, 0x17, 0xD4, 0xE7, 0xA0,
    0xB2, 0xCF, 0x07, 0x9E, 0xFD, 0xD4, 0x3D, 0x68, 0x12, 0x10, 0xFA, 0xE3, 0x65, 0xFA, 0x9F, 0x22,
    0x2C, 0x9E, 0x15, 0x8B, 0x86, 0x7C, 0x41, 0x69, 0xE2, 0xB9, 0xEC, 0x50, 0xB4, 0x1C, 0x1D, 0x79,
    0xCC, 0x06, 0x87, 0x39, 0x63, 0x52, 0x3C, 0x46, 0x41, 0x6A, 0xBA, 0x07, 0xBB, 0xFB, 0x40, 0x55,
    0x28, 0x47, 0x77, 0x31, 0xED, 0x67, 0x23, 0x6E, 0xF8, 0x67, 0x63, 0xA9, 0x81, 0xF1, 0x83, 0x81,
    0x6C, 0xC4, 0x5F, 0x3E, 0x64, 0x3A, 0xEB, 0x94, 0xFA, 0x2E, 0x99, 0xA5, 0xCB, 0x54, 0xEB, 0xE8,
    0xB4, 0x19, 0x72, 0xB3, 0xBA, 0x36, 0x26, 0xD4, 0xD2, 0x9A, 0x20, 0x80, 0x93, 0x42, 0x20, 0x2F,
    0x8F, 0x14, 0x42, 0x49, 0x26, 0x0A, 0xD1, 0x12, 0xCF, 0x14, 0x12, 0xAD, 0xE4, 0x49, 0xE1, 0xCE,
    0xE1, 0xD1, 0x80, 0x1D, 0x0C, 0xB1, 0xA7, 0x79, 0x40, 0xE8, 0xBC, 0x80, 0x8E, 0x78, 0x7C, 0x43,
    0x6E, 0x49, 0x4D, 0x33, 0xAD, 0xAA, 0x4D, 0x27, 0x0A, 0xF1, 0x92, 0x40, 0x88, 0x21, 0x70, 0xDF,
    0x6D, 0x8E, 0x97, 0x48, 0x78, 0x59, 0x3A, 0x5E, 0xA8, 0xD8, 0x8C, 0x42, 0x25, 0xAA, 0xDA, 0x78,
    0x59, 0xE1, 0x54, 0x48, 0x27, 0x53, 0x0D, 0x0A, 0xC7, 0x1B, 0x02, 0x48, 0x5A, 0x15, 0xCA, 0x5E,
    0x3E, 0x94, 0x86, 0x07, 0x6D, 0x3C, 0x25, 0xC3, 0x24, 0x84, 0x1A, 0x2D, 0x60, 0xE8, 0x0E, 0x4C,
    0xC5, 0x83, 0x23, 0xA8, 0x3E, 0x47, 0x4D, 0xEA, 0xD6, 0x38, 0xEF, 0xC1, 0xD9, 0x90, 0x29, 0x1F,
    0xAF, 0x75, 0x57, 0x07, 0xDD, 0x1F, 0xCF, 0x74, 0xFA, 0x47, 0x5E, 0xFA, 0xFD, 0x0D, 0x70, 0x81,
    0x3B, 0x5C, 0xD9, 0x1D, 0x69, 0x72, 0x2D, 0x48, 0x36, 0x28, 0xA3, 0x29, 0x86, 0xBA, 0xCB, 0xFB,
    0x54, 0x39, 0xE7, 0x0F, 0x0A, 0x95, 0x29, 0x69, 0xC2, 0x9A, 0x45, 0xAD, 0x9C, 0xCC, 0xB9, 0x96,
    0x58, 0x79, 0x09, 0x7C, 0xFA, 0xE1, 0x29, 0x5E, 0x91, 0x71, 0x96, 0x0D, 0xB6, 0xAB, 0xFF, 0x1C,
    0x30, 0x9C, 0xFB, 0xD8, 0x7D, 0x2A, 0x9A, 0x39, 0xEE, 0xDC, 0x99, 0x65, 0xB2, 0xA1, 0x92, 0x41,
    0xF9, 0xC6, 0x95, 0x52, 0x60, 0xC9, 0xD0, 0x4A, 0x89, 0x7D, 0xCC, 0x2F, 0x72, 0x30, 0x3A, 0xC0,
    0x28, 0x1F, 0x58, 0xB3, 0x73, 0xAB, 0x3D, 0x80, 0x56, 0xED, 0xE6, 0xAF, 0xF2, 0xE4, 0xA8, 0x77,
    0xCD, 0x28, 0x46, 0x43, 0x70, 0x7A, 0x32, 0xD3, 0xA3, 0x22, 0xDD, 0xCF, 0x6C, 0x56, 0xE6, 0xC5,
    0x5F, 0x30, 0x3C, 0x74, 0x65, 0x4D, 0xE4, 0xD9, 0x35, 0x36, 0xC7, 0x13, 0xF6, 0x00, 0xC3, 0x08,
    0xD8, 0x04, 0xF2, 0xD6, 0x25, 0xE1, 0xCF, 0x58, 0xB8, 0x86, 0xD4, 0xE0, 0xFE, 0x07, 0x2F, 0x91,
    0x70, 0x20, 0xB0, 0x4C, 0xF9, 0xE6, 0x94, 0x75, 0xDE, 0xFC, 0xBC, 0x05, 0xD7, 0x72, 0xAB, 0x18,
    0x5A, 0x6B, 0x12, 0xE8, 0xB0, 0x49, 0xF0, 0x33, 0xCD, 0xCE, 0x34, 0x4C, 0xDD, 0xF6, 0x39, 0x74,
    0x3E, 0xD6, 0x2D, 0x5A, 0x00, 0x5E, 0x25, 0xF5, 0x86, 0xC2, 0xEE, 0x91, 0x4C, 0xCB, 0x9D, 0x4A,
    0xA6, 0xE7, 0xC6, 0x76, 0xF3, 0x50, 0x3B, 0x48, 0xBC, 0x95, 0x0C, 0x09, 0xD5, 0x2C, 0x07, 0x48,
    0x54, 0x44, 0x47, 0x69, 0xA5, 0x93, 0x6E, 0xC3, 0xAE, 0x7F, 0x68, 0x2A, 0x15, 0x3E, 0xCB, 0x56,
    0x62, 0x38, 0x7B, 0xA6, 0xAD, 0x84, 0x94, 0x8F, 0xD7, 0x94, 0x0A, 0xAA, 0xE8, 0x8F, 0xF2, 0x06,
    0xF3, 0x0D, 0xE5, 0x75, 0xFD, 0x6B, 0x79, 0x6B, 0xE0, 0x9B, 0xD2, 0xF8, 0x92, 0x62, 0x97, 0x97,
    0xD2, 0xA2, 0x52, 0x89, 0x21, 0xC3, 0x09, 0x8B, 0x6A, 0xCE, 0xA7, 0xFB, 0xA4, 0x14, 0x4D, 0x50,
    0x0E, 0x2A, 0xB1, 0x71, 0xA4, 0xBF, 0x4F, 0xD2, 0x36, 0xBA, 0x70, 0xE5, 0x3C, 0x5A, 0xA3, 0x52,
    0x2D, 0xB1, 0xD1, 0x55, 0x4F, 0x60, 0xF4, 0x55, 0x70, 0x85, 0x3E, 0xFC, 0xEA, 0xCB, 0x0B, 0xFA,
    0xBE, 0xA6, 0x36, 0x81, 0x71, 0x39, 0x11, 0x0C, 0x0B, 0x83, 0xB1, 0x70, 0x93, 0x63, 0x46, 0x44,
    0x76, 0xDC, 0x7B, 0x9E, 0xFC, 0x58, 0x40, 0xFC, 0x68, 0x81, 0x17, 0x82, 0x16, 0xC8, 0x3F, 0x40,
    0xBA, 0x68, 0x25, 0x69, 0xD0, 0x3A, 0x68, 0x33, 0x6B, 0xA9, 0xB2, 0x53, 0xEC, 0x4C, 0xAE, 0x5B,
    0x7E, 0xC7, 0x30, 0xE9, 0xE8, 0xAF, 0x5E, 0x4A, 0x45, 0x8F, 0xAC, 0xCB, 0x14, 0x93, 0xB1, 0xFE,
    0x1B, 0xF6, 0x0D, 0xF6, 0xF4, 0x99, 0x3B, 0x38, 0x52, 0xF9, 0x4E, 0x9D, 0x21, 0x57, 0x22, 0xBC,
    0xBF, 0x75, 0x2D, 0x4D, 0xD8, 0xC1, 0x9D, 0x5C, 0x39, 0x74, 0x63, 0xC6, 0xD8, 0xAD, 0xBA, 0x38,
    0xE9, 0x3C, 0x53, 0x8B, 0xF5, 0x2E, 0x62, 0x45, 0xEC, 0x36, 0xEB, 0xAF, 0x73, 0x2F, 0x89, 0x0F,
    0xD9, 0xED, 0x6E, 0x51, 0xD5, 0x27, 0x50, 0x80, 0x01, 0x70, 0x75, 0xA4, 0x61, 0x8E, 0x36, 0x27,
    0x6A, 0x70, 0xD6, 0xB6, 0xF7, 0x87, 0x15, 0x7F, 0x52, 0xD8, 0xD9, 0x91, 0xE2, 0x00, 0xCC, 0x97,
    0xC3, 0xCB, 0x95, 0x9F, 0x63, 0x12, 0x86, 0x8C, 0x88, 0xAE, 0x26, 0xDA, 0x03, 0xB7, 0x3D, 0x9C,
    0x54, 0xE1, 0x81, 0xC0, 0x9B, 0xAC, 0x5F, 0x97, 0xBF, 0x75, 0x19, 0x56, 0x03, 0x47, 0x32, 0x32,
    0x56, 0x01, 0xE8, 0x00, 0x43, 0x74, 0xFC, 0xA2, 0x4C, 0x81, 0xF7, 0xC1, 0x52, 0x7F, 0x2B, 0xF8,
    0xD9, 0x5A, 0x7A, 0x04, 0xAC, 0x14, 0x96, 0x02, 0x52, 0xEF, 0x9E, 0x79, 0xC9, 0x6E, 0x6E, 0x6E,
    0x9D, 0xF3, 0x14, 0x50, 0xDB, 0xF5, 0xC3, 0x08, 0x49, 0xA5, 0xEC, 0x10, 0x18, 0x69, 0xE5, 0xF2,
    0x2A, 0x16, 0xE3, 0xCE, 0x43, 0x79, 0xF7, 0xF0, 0xBA, 0xB3, 0x0B, 0x58, 0x80, 0x04, 0xB0, 0x02,
    0xA0, 0xA8, 0x05, 0xFC, 0x6B, 0xCD, 0xFE, 0x13, 0xA2, 0x93, 0x47, 0x3D, 0x76, 0x0C, 0x54, 0x0F,
    0x76, 0x1D, 0xB6, 0xCF, 0x30, 0x19, 0x4B, 0x7B, 0xEA, 0x70, 0xA7, 0x36, 0xFD, 0xD9, 0x36, 0xB7,
    0xAD, 0x86, 0x1E, 0x89, 0x82, 0xF5, 0xE3, 0x9C, 0x68, 0x5D, 0xB8, 0xAA, 0x84, 0x75, 0x26, 0x67,
    0xA5, 0x93, 0x54, 0x1B, 0x95, 0x03, 0x68, 0x37, 0xF9, 0xFF, 0x25, 0x2A, 0xEF, 0x27, 0x73, 0x1A,
    0xF2, 0x51, 0xC9, 0xEA, 0xFE, 0x0D, 0xD4, 0xFD, 0x4F, 0x72, 0x73, 0xEF, 0xC1, 0xD6, 0xC4, 0x71,
    0xC0, 0xBA, 0xFF, 0x0B, 0x20, 0x0B, 0xF8, 0x18, 0xF4, 0x90, 0x1F, 0x05, 0xA0, 0x7B, 0xB7, 0x76,
    0x99, 0x1F, 0x5D, 0x48, 0x0B, 0xA6, 0x19, 0xA3, 0x94, 0x8A, 0xFE, 0x26, 0x6D, 0xF9, 0x20, 0x2E,
    0xEB, 0x75, 0x3D, 0x59, 0x18, 0x0B, 0x0F, 0xAC, 0x87, 0x74, 0xF1, 0xDE, 0x2A, 0x7F, 0x14, 0x30,
    0x64, 0x7B, 0x7F, 0x14, 0x10, 0xED, 0x7E, 0x14, 0x70, 0x62, 0xC3, 0x56, 0x76, 0x07, 0xE0, 0xEC,
    0x8F, 0xDF, 0x92, 0x96, 0xF3, 0x4C, 0x09, 0x43, 0x55, 0xEB, 0x4C, 0x3D, 0xB0, 0x43, 0xC8, 0x16,
    0xF8, 0x59, 0x09, 0x0B, 0xC6, 0x3B, 0x9C, 0xF9, 0x1C, 0x9C, 0x38, 0x00, 0x2F, 0x70, 0x86, 0xBB,
    0x3B, 0x00, 0xA7, 0xCB, 0x1B, 0x2D, 0x2C, 0xAA, 0x00, 0xEB, 0x05, 0x95, 0x95, 0x39, 0x81, 0xF3,
    0x37, 0x71, 0xD1, 0xF9, 0xFF, 0xB0, 0x9F, 0x8C, 0xFF, 0x22, 0xC6, 0xDB, 0x8A, 0x5F, 0x35, 0x09,
    0xD4, 0x05, 0x83, 0xE9, 0x58, 0x1E, 0xBB, 0x0C, 0x6B, 0xDB, 0x1F, 0x9A, 0x73, 0x0D, 0x1C, 0x90,
    0x09, 0x8C, 0x28, 0xC6, 0x29, 0xA7, 0xEF, 0x99, 0xC8, 0x6A, 0x9A, 0x59, 0x0B, 0x3D, 0x9A, 0xC7,
    0x3A, 0xFB, 0xDF, 0x15, 0xEF, 0x36, 0x13, 0x02, 0x2C, 0x04, 0xFD, 0xEF, 0x71, 0x32, 0x5E, 0x90,
    0xCF, 0x05, 0x5E, 0x6C, 0x6D, 0x93, 0x70, 0x07, 0x77, 0x80, 0xF7, 0x66, 0x56, 0x52, 0xD1, 0x4D,
    0x2D, 0x34, 0xCA, 0x8F, 0xC4, 0xD1, 0x81, 0x05, 0xD2, 0x17, 0xAE, 0x7F, 0x47, 0x33, 0x71, 0x8B,
    0x48, 0xAB, 0x93, 0xC9, 0xB0, 0xDB, 0xEB, 0x25, 0xC6, 0xC2, 0x79, 0xD8, 0x36, 0x59, 0xE4, 0xDB,
    0xE2, 0x2C, 0x8D, 0x02, 0x51, 0x3A, 0x0E, 0xFC, 0xA4, 0xCF, 0x5B, 0x7C, 0x39, 0x25, 0x34, 0x88,
    0x17, 0xFD, 0x01, 0xF1, 0xD6, 0x38, 0x62, 0x00, 0xA0, 0x16, 0x63, 0xC9, 0xF5, 0x32, 0x5B, 0x3E,
    0x91, 0x31, 0xE3, 0x2A, 0xCA, 0x7E, 0x84, 0xC4, 0x15, 0xAF, 0xED, 0x0D, 0x40, 0x57, 0xD0, 0xA9,
    0x4D, 0xAF, 0x0D, 0xEA, 0x62, 0xFB, 0xD5, 0x50, 0x68, 0x48, 0xC2, 0xE8, 0x40, 0x30, 0x0D, 0x0C,
    0x6D, 0x26, 0xA4, 0x91, 0xA6, 0x2C, 0x9B, 0x90, 0xAC, 0x2A, 0x34, 0x1F, 0x41, 0x4B, 0x3E, 0xB0,
    0x0A, 0x65, 0xCF, 0xD2, 0xD7, 0x1D, 0x89, 0xD3, 0x40, 0xE0, 0xAD, 0x16, 0x95, 0x0E, 0x02, 0xBA,
    0xDA, 0x28, 0x5F, 0x14, 0xE0, 0xB1, 0xA1, 0x85, 0x90, 0x46, 0x0C, 0xC7, 0x54, 0xE3, 0x44, 0x34,
    0x95, 0xBF, 0x14, 0x7C, 0xDD, 0x96, 0x98, 0x3C, 0x8A, 0x67, 0x8A, 0xDD, 0xAF, 0xA2, 0xDD, 0xF9,
    0xAB, 0xA8, 0xB2, 0xAD, 0x52, 0x58, 0xD3, 0x90, 0x15, 0x8D, 0x65, 0x4C, 0xB6, 0xB7, 0xEF, 0x71,
    0x42, 0x60, 0x9E, 0x9B, 0xDD, 0x0C, 0xF3, 0x17, 0xB9, 0x04, 0xD8, 0xA1, 0x6C, 0xF5, 0x07, 0x28,
    0x9A, 0x4E, 0x9A, 0x95, 0xE2, 0x9F, 0x85, 0xAB, 0x1B, 0x60, 0xB2, 0xDB, 0x8E, 0x47, 0xBA, 0xC4,
    0x5E, 0x71, 0x45, 0x3C, 0xF9, 0x04, 0xAC, 0xA3, 0x3D, 0xB4, 0xE3, 0xFE, 0xD9, 0x1D, 0x38, 0x42,
    0x0D, 0xDB, 0x40, 0x89, 0x2C, 0xF5, 0x26, 0x8D, 0x14, 0x16, 0x7D, 0xDC, 0x44, 0xC5, 0x3D, 0x08,
    0x3D, 0x36, 0xD5, 0x0D, 0x0C, 0x0E, 0x85, 0xD9, 0x76, 0x6A, 0x4A, 0x36, 0x9D, 0xED, 0xC8, 0xD4,
    0x70, 0xD6, 0x54, 0x6E, 0xB1, 0x6F, 0x32, 0x40, 0x5E, 0xD1, 0x87, 0x92, 0x1E, 0xB2, 0x0A, 0xA8,
    0x94, 0xC9, 0x35, 0x4E, 0xB9, 0xBC, 0xCC, 0x9B, 0x9C, 0x1B, 0x79, 0xA2, 0x43, 0xE9, 0x4C, 0x3B,
    0xE8, 0xB9, 0x03, 0xE5, 0x64, 0x51, 0xB0, 0xF4, 0xB5, 0xD6, 0xDA, 0xBE, 0xCC, 0x17, 0x63, 0xED,
    0x68, 0xE2, 0xA6, 0x24, 0x77, 0x83, 0x34, 0x80, 0xDD, 0xD7, 0xB0, 0xDF, 0x22, 0xA6, 0xD8, 0xCA,
    0x9F, 0x6C, 0xD9, 0x92, 0x60, 0x81, 0xCC, 0x45, 0x4D, 0x67, 0xF5, 0xED, 0x6C, 0xA5, 0xB3, 0xA2,
    0x1E, 0x28, 0x6F, 0xF5, 0x93, 0x72, 0x39, 0xC8, 0x20, 0xC8, 0xCF, 0x96, 0x97, 0x90, 0x17, 0xA0,
    0xD7, 0xCD, 0xBC, 0x93, 0xF3, 0x69, 0x27, 0xEF, 0x26, 0xEC, 0xE0, 0x86, 0xF4, 0x7B, 0x1A, 0x01,
    0x72, 0xB5, 0x93, 0x67, 0xB2, 0xC9, 0x9D, 0xD1, 0x3B, 0xBA, 0x41, 0xC4, 0x8B, 0x06, 0x39, 0x27,
    0x75, 0xA4, 0x8F, 0x52, 0x76, 0x58, 0x47, 0xD7, 0x03, 0x0A, 0x0F, 0x85, 0xD1, 0x56, 0x1E, 0xCB,
    0x44, 0xB1, 0x53, 0x55, 0x64, 0xB2, 0x92, 0x56, 0xFF, 0xF3, 0xD9, 0x94, 0x6D, 0x3F, 0x99, 0xE1,
    0xEE, 0xA9, 0xF9, 0xDF, 0x91, 0xE2, 0x10, 0xE1, 0x7E, 0x04, 0xC5, 0x31, 0xA1, 0xC8, 0xDF, 0x98,
    0x26, 0xB3, 0x89, 0x55, 0x32, 0xC3, 0xBF, 0x63, 0xD8, 0x78, 0xC9, 0x46, 0x88, 0x31, 0x2C, 0x72,
    0x3E, 0x40, 0xA4, 0xAD, 0x2B, 0x7B, 0x28, 0x9B, 0x56, 0x9F, 0xC7, 0xA6, 0x55, 0xA9, 0x6A, 0xF1,
    0x77, 0x85, 0xA1, 0xED, 0x5A, 0xC5, 0x60, 0xB3, 0x6C, 0x2E, 0xF0, 0xDE, 0x54, 0xCB, 0xFE, 0x4A,
    0xF5, 0x52, 0x8D, 0xE7, 0x0A, 0x3A, 0x1E, 0xFB, 0x94, 0x58, 0x8F, 0xC6, 0x27, 0xBB, 0x73, 0xA8,
    0x13, 0xDD, 0x46, 0x44, 0x82, 0x5B, 0x91, 0x4C, 0x71, 0xDA, 0x89, 0x2D, 0x68, 0x9B, 0xC8, 0x7C,
    0x72, 0x6A, 0xAF, 0xE5, 0xAE, 0xCD, 0x68, 0x08, 0x64, 0x7E, 0x42, 0xB0, 0xBB, 0x82, 0x42, 0x4F,
    0xF1, 0xB6, 0x64, 0x98, 0x45, 0xAA, 0x9F, 0x46, 0xF8, 0x15, 0x39, 0x5D, 0xBA, 0x72, 0x62, 0xDB,
    0xD6, 0xA0, 0x7A, 0xA2, 0x65, 0x2C, 0x8D, 0xB0, 0x84, 0x3F, 0x9B, 0x7C, 0xC8, 0x7A, 0x64, 0x3C,
    0x9F, 0x0A, 0xD2, 0xC4, 0x94, 0x29, 0xC5, 0x77, 0x43, 0xB4, 0xE2, 0x1F, 0x25, 0x95, 0x36, 0xB6,
    0xDC, 0x4F, 0x7A, 0x30, 0xEC, 0xE2, 0x50, 0x32, 0x54, 0xBD, 0x9C, 0x98, 0x94, 0x03, 0xDF, 0x11,
    0x9F, 0x23, 0x1E, 0x54, 0xC0, 0xD4, 0x1C, 0xD1, 0xBB, 0x10, 0x19, 0x87, 0xCB, 0x23, 0x9B, 0x42,
    0x63, 0x3F, 0x5D, 0xBF, 0xFC, 0xA1, 0xE6, 0xBA, 0x1C, 0x54, 0xC2, 0x89, 0xBA, 0x3C, 0xF3, 0xD7,
    0x7B, 0xF6, 0xB9, 0xC7, 0x19, 0x0D, 0x92, 0x4A, 0xD2, 0xA1, 0xA8, 0x72, 0x0F, 0x3E, 0xD9, 0xC6,
    0xD7, 0xDB, 0x3A, 0xCB, 0xB8, 0x85, 0x4C, 0x33, 0xC9, 0x61, 0xD2, 0xB9, 0x7D, 0x4F, 0xB6, 0x6C,
    0x24, 0x46, 0xF1, 0x92, 0x6F, 0xE0, 0x60, 0x27, 0xCD, 0x81, 0x97, 0x56, 0xD3, 0x2F, 0xCE, 0x43,
    0xDA, 0xDD, 0x81, 0xA0, 0xD4, 0x6C, 0xBB, 0xC9, 0x56, 0xCA, 0x76, 0x9F, 0x11, 0x39, 0x05, 0x6D,
    0xA4, 0xE0, 0x0A, 0xD0, 0x66, 0xAF, 0xC8, 0xDA, 0xC3, 0xEE, 0xD9, 0x53, 0xAD, 0x82, 0x77, 0xAD,
    0xBF, 0x1A, 0x6E, 0x86, 0xE2, 0x3D, 0xED, 0xE8, 0xEF, 0x73, 0xE7, 0xD6, 0xFD, 0x4B, 0xF7, 0x59,
    0x57, 0xCE, 0x9B, 0xBE, 0x99, 0x8A, 0x49, 0xDE, 0x82, 0x51, 0xE2, 0xF8, 0xA2, 0x84, 0x0B, 0xA9,
    0x94, 0x30, 0x8E, 0x1E, 0x2A, 0xA1, 0x1E, 0xF7, 0x49, 0xB5, 0x49, 0x11, 0xFC, 0x3B, 0x4A, 0xFC,
    0x5D, 0x16, 0x24, 0xE4, 0xE6, 0x25, 0x0E, 0x73, 0x4A, 0x1C, 0xE5, 0x6D, 0x24, 0xDD, 0x4A, 0x30,
    0x44, 0xA5, 0xC6, 0xFF, 0x60, 0xED, 0x6D, 0xBA, 0x34, 0xC1, 0x9B, 0xB5, 0xB7, 0xAD, 0x03, 0x45,
    0xAC, 0x6F, 0xCF, 0xF1, 0xA7, 0x47, 0xB6, 0x17, 0x1D, 0x9F, 0xCF, 0x11, 0xA9, 0x21, 0xF2, 0x6E,
    0x47, 0x93, 0x0B, 0x1F, 0x0A, 0xEF, 0x6F, 0x84, 0x26, 0x33, 0xE1, 0xC2, 0x51, 0xE7, 0xEF, 0x8F,
    0x73, 0x62, 0xA5, 0x30, 0x6E, 0x12, 0xDA, 0x08, 0xD1, 0xE6, 0xAB, 0xAC, 0xDB, 0x84, 0x29, 0x80,
    0xDB, 0xBE, 0x0B, 0x43, 0x63, 0xE3, 0xBD, 0x94, 0x31, 0xF2, 0x4B, 0x37, 0xD8, 0x38, 0x4C, 0xFC,
    0x58, 0x9F, 0x72, 0x71, 0xC3, 0xDB, 0xB9, 0x33, 0x6A, 0x5F, 0x70, 0x42, 0x46, 0x9F, 0xF4, 0xD3,
    0xC5, 0x49, 0xC1, 0x54, 0x66, 0x42, 0x85, 0x3D, 0xC2, 0x05, 0xC9, 0x97, 0x93, 0x17, 0x72, 0x0A,
    0xB1, 0x17, 0x18, 0x78, 0x86, 0x90, 0x50, 0xA9, 0xF6, 0x9F, 0xCA, 0x5B, 0x22, 0xEF, 0x0A, 0x3E,
    0x3C, 0xB1, 0xE1, 0xC2, 0xBB, 0xE6, 0x28, 0x42, 0x4A, 0xAB, 0x91, 0xA1, 0x60, 0xD4, 0xC2, 0x21,
    0x66, 0x7D, 0x65, 0x06, 0xEF, 0xEE, 0x13, 0xE2, 0xCD, 0x5A, 0x28, 0xEC, 0x7E, 0x90, 0x50, 0x08,
    0x9A, 0x7F, 0x1B, 0xB9, 0x7D, 0xCF, 0x3F, 0xC1, 0x83, 0x10, 0x5E, 0x06, 0xB8, 0xAE, 0x44, 0x43,
    0xE7, 0x79, 0x01, 0xE7, 0x97, 0xDE, 0x9D, 0xC0, 0x5F, 0x09, 0x9B, 0xEF, 0x83, 0xFF, 0x99, 0x75,
    0x15, 0x7B, 0xFE, 0xDA, 0x0E, 0x50, 0x5C, 0x89, 0xD9, 0xC6, 0xEE, 0x50, 0xE5, 0x76, 0x97, 0xC6,
    0x5F, 0x96, 0xBB, 0x25, 0x0D, 0x1A, 0x24, 0xAD, 0xB4, 0x18, 0xE6, 0x65, 0x02, 0x27, 0x60, 0x49,
    0xB4, 0x49, 0x50, 0x06, 0x62, 0x7F, 0x06, 0x0E, 0xBB, 0x90, 0x16, 0xCB, 0x46, 0x46, 0x26, 0x40,
    0xDB, 0x0E, 0x8F, 0x65, 0xF9, 0x9F, 0x3F, 0x67, 0x2F, 0x5E, 0x36, 0x4A, 0x4E, 0x89, 0x2B, 0xA0,
    0xD2, 0x11, 0xD0, 0xA5, 0x8F, 0x84, 0x07, 0xBA, 0xF9, 0x40, 0xC3, 0x19, 0xA0, 0x97, 0xC7, 0x00,
    0x6E, 0x41, 0x64, 0x52, 0xC4, 0x8F, 0xF6, 0x5B, 0x64, 0x16, 0x35, 0x91, 0xEE, 0x25, 0xBB, 0x99,
    0x16, 0x5A, 0x31, 0x01, 0x31, 0xC0, 0xF2, 0x4C, 0x3E, 0x22, 0xB8, 0x55, 0xC1, 0x01, 0x67, 0x07,
    0xD2, 0xA1, 0x4B, 0x1A, 0xE5, 0xBC, 0xD2, 0x2F, 0x4B, 0xD4, 0xD7, 0x56, 0x05, 0x66, 0x82, 0x91,
    0x3E, 0x5C, 0xCB, 0x37, 0xD0, 0xA6, 0xD5, 0xCF, 0xBF, 0xE4, 0x4A, 0xF7, 0x99, 0xBC, 0x9D, 0x91,
    0xE1, 0xC4, 0x19, 0xDF, 0x8A, 0xEF, 0x9D, 0xC1, 0x1C, 0xEF, 0x4B, 0x9C, 0x74, 0xCF, 0xAE, 0x77,
    0x01, 0xD3, 0xA0, 0xBB, 0x7D, 0x6A, 0xAA, 0x0B, 0x87, 0xF3, 0xEB, 0x1B, 0x53, 0x69, 0x57, 0xCD,
    0x86, 0xFA, 0xD5, 0xC3, 0x22, 0xB7, 0x65, 0x5A, 0xA1, 0x0B, 0xD5, 0xFE, 0xBC, 0x7E, 0x9E, 0xF3,
    0xF5, 0xDB, 0x39, 0x1F, 0x57, 0xB3, 0xDA, 0xDD, 0x8B, 0x69, 0x55, 0x62, 0x77, 0xBA, 0x12, 0x2D,
    0x45, 0xDA, 0xAF, 0xAE, 0x66, 0x15, 0x7C, 0xE4, 0xAC, 0x4F, 0xFA, 0xAC, 0x95, 0xE2, 0x9A, 0x86,
    0xA0, 0x5D, 0xE6, 0xA1, 0x17, 0xDC, 0x53, 0x35, 0xC4, 0x73, 0x59, 0x1D, 0xCD, 0x17, 0x9C, 0xFB,
    0xF7, 0x27, 0x8D, 0xB7, 0x99, 0x52, 0xB2, 0x29, 0x74, 0x23, 0xFE, 0x9B, 0x55, 0xBF, 0x11, 0xBF,
    0xAA, 0x97, 0xA0, 0xCE, 0x7E, 0x62, 0xD3, 0x20, 0x46, 0xA9, 0x0D, 0xD5, 0x08, 0x95, 0xFE, 0xFA,
    0x25, 0x7A, 0xC1, 0xFF, 0x43, 0xAB, 0xFC, 0x7D, 0xD7, 0x43, 0xD4, 0x64, 0x74, 0x44, 0xBE, 0x80,
    0xA1, 0xA9, 0x7F, 0x8F, 0xFB, 0x5C, 0xF4, 0x7C, 0xCE, 0xCC, 0x01, 0x73, 0xEE, 0xE8, 0x84, 0x33,
    0xE7, 0xF1, 0x6B, 0x81, 0xD5, 0x20, 0xA9, 0x7E, 0xC0, 0x7C, 0x99, 0xF3, 0x57, 0xDC, 0x27, 0xF0,
    0x5C, 0xF4, 0xF9, 0x3A, 0x9F, 0x73, 0xB0, 0x59, 0x0A, 0xF8, 0x2E, 0xF1, 0xD5, 0x90, 0x35, 0x2E,
    0x7E, 0xE6, 0xDC, 0x7F, 0x62, 0xCE, 0xFF, 0x1C, 0x35, 0x3E, 0xF5, 0x3C, 0xF7, 0x30, 0xAD, 0x7F,
    0xF3, 0x61, 0x5A, 0xFF, 0xDA, 0x4E, 0xFC, 0xC1, 0x4E, 0x9C, 0xF6, 0x89, 0xC1, 0x08, 0x64, 0xEF,
    0x0E, 0x07, 0x9F, 0x6B, 0x83, 0x0E, 0x88, 0x07, 0x1C, 0xA9, 0x18, 0x17, 0x1A, 0x70, 0xD8, 0x36,
    0xA1, 0x45, 0xB7, 0x51, 0x21, 0x80, 0x72, 0x20, 0xD2, 0xEB, 0x66, 0x89, 0xBF, 0x0E, 0xF8, 0x2C,
    0x40, 0xDD, 0x9C, 0xC7, 0x78, 0x5E, 0xF0, 0xFC, 0x19, 0xE7, 0xE4, 0x1A, 0x04, 0x7A, 0x7E, 0xB5,
    0x78, 0x11, 0x5E, 0xE7, 0x4E, 0x2D, 0x47, 0x3E, 0xF0, 0xF7, 0x7A, 0xB7, 0x72, 0x9F, 0xCC, 0x13,
    0x16, 0xC0, 0x18, 0x60, 0xF3, 0x6B, 0x09, 0x4C, 0xDB, 0xAD, 0x93, 0x18, 0xF7, 0xDE, 0x7E, 0x5C,
    0x34, 0xB5, 0x61, 0x6B, 0x62, 0x86, 0x62, 0x58, 0x6D, 0xF0, 0xCF, 0xBC, 0x5E, 0x55, 0x64, 0x13,
    0x9B, 0x06, 0xAD, 0x6D, 0x4D, 0xBF, 0x5E, 0xEC, 0x76, 0x62, 0xB3, 0x6B, 0x96, 0xCA, 0x62, 0xAF,
    0x0B, 0xB7, 0xAE, 0x4C, 0xED, 0xC8, 0x57, 0x61, 0x65, 0x3C, 0x60, 0x0E, 0xB7, 0x53, 0x43, 0xEF,
    0x55, 0x4D, 0x8C, 0x07, 0xEF, 0xEA, 0xC1, 0xA7, 0x6E, 0xED, 0x10, 0xCE, 0xBA, 0xA3, 0xB1, 0x18,
    0xAF, 0x3C, 0x87, 0x9E, 0x63, 0xCF, 0x89, 0xE7, 0x7C, 0x31, 0x2E, 0xEF, 0x1A, 0xCB, 0x87, 0xE4,
    0x40, 0x7E, 0x43, 0x0E, 0xE5, 0x15, 0x72, 0x22, 0x01, 0x39, 0x9B, 0x8D, 0xF3, 0xC9, 0xB8, 0xEE,
    0xC9, 0x7F, 0x90, 0x8E, 0xFC, 0xB6, 0x34, 0xE4, 0xDF, 0x49, 0x41, 0xBE, 0x25, 0x8E, 0x2C, 0x93,
    0xE7, 0xD1, 0x73, 0xAF, 0x2C, 0xA3, 0x48, 0x0B, 0x1E, 0x44, 0x1A, 0x70, 0x2F, 0xE2, 0x8C, 0x17,
    0xB2, 0x57, 0x9D, 0xB4, 0x9E, 0x1B, 0x52, 0x60, 0x6C, 0x96, 0xD8, 0x3C, 0x37, 0x72, 0x22, 0x24,
    0x97, 0x79, 0xCE, 0x67, 0x7A, 0xA9, 0x87, 0x18, 0x67, 0x5C, 0xFD, 0x84, 0x20, 0xC7, 0x55, 0xAB,
    0x77, 0xE0, 0x27, 0x53, 0xF1, 0xA0, 0x44, 0xBD, 0xD8, 0xDA, 0xF2, 0xA4, 0xC7, 0x10, 0xAC, 0xAF,
    0xC2, 0x49, 0xFD, 0x87, 0xF6, 0xCE, 0x1E, 0x56, 0x72, 0xF3, 0x3A, 0xFF, 0xEF, 0xCC, 0xFC, 0xBD,
    0x03, 0x68, 0x80, 0x3F, 0x55, 0x44, 0x09, 0x10, 0x21, 0x60, 0x93, 0x4A, 0x36, 0xC2, 0xBE, 0x22,
    0xED, 0x00, 0xA9, 0xB7, 0xD0, 0x85, 0x81, 0xA8, 0x70, 0x9A, 0x34, 0x12, 0x10, 0xF5, 0x40, 0x62,
    0x32, 0x4E, 0x99, 0xC2, 0x2A, 0xEC, 0xA4, 0x48, 0x11, 0x17, 0x06, 0x22, 0xDF, 0x45, 0xB2, 0xAD,
    0x1D, 0x28, 0x21, 0x05, 0x15, 0x29, 0x4D, 0x27, 0x85, 0x8B, 0x14, 0x22, 0x1C, 0xC9, 0x41, 0xD6,
    0xC5, 0x52, 0x5A, 0xAE, 0x45, 0xEF, 0xBE, 0xE4, 0x93, 0xF7, 0x3C, 0xE7, 0x70, 0x78, 0x39, 0x77,
    0x76, 0xEE, 0xBD, 0xAB, 0x8F, 0x5D, 0x1B, 0x21, 0x76, 0x7E, 0xCF, 0xD9, 0x7B, 0x39, 0x73, 0x67,
    0x48, 0x0E, 0xF9, 0x7E, 0x9C, 0xF3, 0x70, 0x8B, 0x56, 0x24, 0x52, 0x49, 0x54, 0x72, 0x15, 0x50,
    0xD6, 0x2A, 0x5B, 0x94, 0x22, 0x11, 0x52, 0x91, 0x64, 0xC8, 0x45, 0xF2, 0x9E, 0x82, 0x56, 0xE4,
    0x63, 0xD4, 0x22, 0x9F, 0xA0, 0x10, 0x01, 0x1C, 0x65, 0x50, 0xE9, 0x29, 0x9C, 0x50, 0x1F, 0x53,
    0xD4, 0x41, 0x68, 0x53, 0x43, 0x71, 0x22, 0xFA, 0x49, 0x7B, 0x4A, 0xD2, 0x51, 0xD2, 0xF6, 0xA2,
    0x94, 0x0D, 0x05, 0xB5, 0x4A, 0x45, 0x39, 0xCB, 0xD6, 0x8C, 0x36, 0x33, 0xB5, 0xF7, 0x75, 0x9C,
    0xDD, 0xBC, 0xA6, 0xF2, 0xDE, 0xF7, 0x85, 0x40, 0x43, 0x4E, 0x5D, 0x43, 0x21, 0x93, 0x3E, 0xDF,
    0x64, 0x4B, 0x70, 0xA5, 0x79, 0x08, 0xCA, 0xB2, 0x9B, 0xC9, 0x9F, 0x6C, 0x85, 0xC0, 0xD4, 0x05,
    0x24, 0x9D, 0xB0, 0x17, 0x8E, 0x59, 0xD8, 0xD2, 0x99, 0xEE, 0xD4, 0x03, 0xDE, 0xC1, 0xBD, 0xB7,
    0xB5, 0xC4, 0x7C, 0xC9, 0x60, 0x3F, 0xF9, 0xAA, 0xAE, 0x73, 0x5D, 0xDE, 0xFB, 0x41, 0xA6, 0x7F,
    0x71, 0xF9, 0xFE, 0x65, 0xD6, 0xB0, 0x51, 0xFF, 0xB2, 0x03, 0x6E, 0x17, 0xEF, 0x36, 0x9B, 0x3F,
    0xBB, 0xA4, 0xF3, 0x8D, 0x05, 0xBB, 0xC9, 0x02, 0x14, 0x82, 0x46, 0xC0, 0x89, 0x31, 0x66, 0x6A,
    0x2C, 0x4C, 0x1B, 0xBE, 0x22, 0x00, 0x81, 0x1E, 0x5D, 0x2E, 0x6A, 0xCF, 0xA8, 0x04, 0x4E, 0x20,
    0x55, 0xF5, 0x65, 0x25, 0xCF, 0x28, 0x02, 0x7E, 0x4F, 0x1B, 0x6A, 0xA7, 0xF1, 0xCA, 0x5B, 0x71,
    0x2F, 0xBB, 0x9E, 0x93, 0x43, 0x0F, 0xA6, 0xA6, 0x62, 0x17, 0xF8, 0x18, 0x3E, 0x50, 0x7B, 0xA0,
    0xB3, 0x65, 0x86, 0xB1, 0xBF, 0xCC, 0xED, 0x8F, 0x03, 0x7D, 0x72, 0x9F, 0x44, 0xE0, 0x18, 0xB1,
    0x5B, 0xFB, 0x53, 0x9B, 0xA0, 0xEE, 0x49, 0x1E, 0xB8, 0xC2, 0xBE, 0x44, 0x1F, 0xF8, 0xA5, 0xD7,
    0x3C, 0xAB, 0x50, 0x5B, 0xA1, 0xCB, 0x48, 0x77, 0x92, 0x5C, 0xA0, 0xE7, 0x3C, 0x41, 0x88, 0xD6,
    0x13, 0xE8, 0x54, 0x75, 0x7E, 0x67, 0xE1, 0xB8, 0xF6, 0x05, 0x1B, 0x1C, 0x3B, 0x09, 0x9B, 0xF9,
    0x41, 0xBF, 0x2F, 0x3E, 0x5E, 0x3F, 0x47, 0x53, 0x82, 0x8F, 0x7A, 0x7A, 0x3C, 0x65, 0xD2, 0x2C,
    0xAD, 0xFA, 0xBE, 0xC7, 0x1C, 0x99, 0x4B, 0xF8, 0xEE, 0xD9, 0x6D, 0x8E, 0xD4, 0x1C, 0x03, 0x87,
    0xC3, 0xB0, 0xC4, 0x56, 0xB7, 0x5B, 0x76, 0x7D, 0x38, 0x99, 0xAF, 0xE5, 0x93, 0x97, 0xD0, 0xCB,
    0xC6, 0x8C, 0xDF, 0xC5, 0x23, 0x4D, 0xF6, 0xBF, 0x80, 0x97, 0xF0, 0xE1, 0x6D, 0xFE, 0xF6, 0xC9,
    0x28, 0xA7, 0xD7, 0x43, 0x7D, 0x84, 0x3C, 0x6A, 0xAF, 0x47, 0xA0, 0x27, 0x51, 0x91, 0x3D, 0x39,
    0x92, 0x28, 0x10, 0x3C, 0x18, 0xAD, 0x86, 0xB7, 0x09, 0x5C, 0xEB, 0x48, 0xB1, 0xE5, 0x1C, 0xF5,
    0xC2, 0x54, 0xE9, 0x2F, 0xB0, 0x57, 0x3A, 0x76, 0x25, 0x16, 0xB3, 0xAE, 0x2B, 0x1D, 0xE2, 0x19,
    0xA7, 0xB1, 0xC8, 0x4C, 0x38, 0x3A, 0x61, 0xBF, 0xB7, 0x93, 0xFA, 0xD2, 0x77, 0x2E, 0xD8, 0x0F,
    0x1E, 0xE2, 0xB8, 0x8F, 0xE0, 0x98, 0xCD, 0xF6, 0x4F, 0x44, 0x65, 0xC6, 0x02, 0x2F, 0x83, 0xB9,
    0xAA, 0x4B, 0x0F, 0xA8, 0x78, 0x08, 0x88, 0x14, 0xD3, 0xEC, 0x6B, 0x62, 0xDD, 0x9D, 0x17, 0x1D,
    0xC2, 0x5A, 0xF7, 0x35, 0x17, 0xAC, 0x11, 0x54, 0x01, 0xA3, 0x36, 0x3C, 0xB9, 0xFC, 0x1A, 0x9B,
    0x13, 0xA2, 0x31, 0x73, 0x42, 0xB4, 0x66, 0x4E, 0x88, 0x76, 0x32, 0x27, 0x6C, 0x27, 0x73, 0xC2,
    0xD6, 0xE9, 0x32, 0x07, 0xCD, 0x35, 0x82, 0xFA, 0x30, 0x78, 0xD6, 0x65, 0xE7, 0x0F, 0x6F, 0x6B,
    0xD9, 0x39, 0x5A, 0x2D, 0x3B, 0x47, 0xAB, 0x65, 0xE7, 0x68, 0xAD, 0xEC, 0xDC, 0x3E, 0x5E, 0x79,
    0xA8, 0xCD, 0x13, 0xB4, 0x56, 0x7D, 0xE5, 0x19, 0x9B, 0x37, 0x1E, 0x3F, 0x11, 0xB9, 0x19, 0x5C,
    0xAE, 0xAE, 0xA9, 0x3F, 0x2B, 0x97, 0x35, 0xF5, 0x67, 0x4F, 0xAE, 0xA9, 0x8F, 0x80, 0x8C, 0x9D,
    0x93, 0x54, 0x1E, 0xED, 0xF2, 0xF1, 0xCA, 0x5B, 0xCF, 0xD4, 0xE6, 0x19, 0x1D, 0xFF, 0x62, 0x1F,
    0x18, 0x93, 0x11, 0xB9, 0xC1, 0x69, 0x3B, 0xA8, 0xF6, 0x90, 0x9F, 0x79, 0x5A, 0xFC, 0x19, 0x13,
    0x98, 0xCA, 0x76, 0x23, 0x58, 0x0B, 0x1C, 0x58, 0xB3, 0x76, 0x80, 0x61, 0x0F, 0x4D, 0xBA, 0xD6,
    0x1A, 0x1D, 0x9E, 0x71, 0x0B, 0xB4, 0xB7, 0x13, 0x38, 0xB4, 0x3E, 0xF5, 0x42, 0xF4, 0x81, 0x23,
    0xDA, 0x40, 0xA0, 0x22, 0x9D, 0x70, 0x24, 0x3D, 0xD9, 0x06, 0x3E, 0x40, 0x1D, 0xF8, 0xD8, 0x4C,
    0x82, 0xB2, 0xC0, 0x4F, 0x50, 0x05, 0x7E, 0x6C, 0x49, 0x62, 0x3D, 0x39, 0x90, 0x50, 0x56, 0x64,
    0x13, 0x38, 0xF0, 0xF5, 0x3D, 0x7C, 0xE0, 0xDB, 0xE9, 0x18, 0x28, 0xE3, 0x2B, 0x81, 0x3B, 0x33,
    0x09, 0x6B, 0xC3, 0x64, 0xFB, 0x0B, 0xE7, 0x4E, 0x86, 0xF5, 0x10, 0xF8, 0x4E, 0xEE, 0x03, 0x3D,
    0xDA, 0x40, 0xA0, 0x26, 0x0B, 0xE1, 0xE8, 0x84, 0x9E, 0x6C, 0x03, 0x1F, 0xA3, 0x0A, 0x04, 0xF9,
    0x18, 0x35, 0x7F, 0xDE, 0x91, 0x9E, 0x84, 0xB2, 0x20, 0x1B, 0xBE, 0x66, 0x27, 0xE4, 0xEB, 0xFF,
    0x16, 0xFF, 0x96, 0x8B, 0x64, 0x24, 0xCB, 0xD9, 0x88, 0x30, 0x7D, 0xCA, 0xF0, 0xAA, 0xA3, 0xC9,
    0xC8, 0x20, 0xDF, 0x3A, 0x1D, 0x12, 0x15, 0x89, 0x90, 0x89, 0x24, 0xA3, 0x93, 0x55, 0x74, 0x0E,
    0xDB, 0x26, 0x2A, 0xD7, 0x68, 0x44, 0xBE, 0x3E, 0xA5, 0x90, 0x66, 0x94, 0xD1, 0x51, 0x60, 0x52,
    0x88, 0xDC, 0xD1, 0x55, 0x36, 0xD3, 0xE4, 0x68, 0x4F, 0xC9, 0x3D, 0x25, 0x05, 0x25, 0x42, 0x21,
    0xB2, 0x43, 0x25, 0xB2, 0x81, 0x25, 0xA0, 0xF5, 0x94, 0xD2, 0x53, 0x52, 0x88, 0xC8, 0xAA, 0x53,
    0xE3, 0xBB, 0x52, 0x6A, 0xB3, 0xFB, 0x7B, 0x3A, 0xC9, 0xB2, 0xE4, 0xBC, 0xCE, 0xEB, 0xDF, 0xDF,
    0x37, 0xFA, 0xF5, 0x5F, 0x84, 0x2C, 0x30, 0x1D, 0x5D, 0x60, 0xD9, 0x07, 0xBE, 0xCB, 0xFD, 0xF2,
    0x1E, 0x4F, 0x81, 0x3F, 0x86, 0x0B, 0xBC, 0x3F, 0x08, 0xE1, 0xC9, 0xD1, 0xF1, 0xE7, 0x05, 0xD7,
    0xA9, 0x75, 0x7D, 0x3E, 0xD7, 0x0B, 0x53, 0x08, 0x23, 0x14, 0x7C, 0xF1, 0x7A, 0xEE, 0x60, 0x94,
    0x3E, 0x5C, 0x84, 0x0B, 0x39, 0x2C, 0x53, 0xEE, 0x57, 0xD5, 0x15, 0x7A, 0xEA, 0xC6, 0x54, 0x2E,
    0x8B, 0xC1, 0x66, 0xB0, 0x8E, 0xF0, 0x16, 0x13, 0x19, 0x63, 0xEF, 0xA8, 0x69, 0xAF, 0x9A, 0xB7,
    0xAA, 0x68, 0xA8, 0x40, 0x65, 0x5A, 0x1C, 0x68, 0x4D, 0x7D, 0x04, 0x5B, 0xBF, 0xEC, 0x55, 0x53,
    0xAF, 0x1A, 0x8F, 0xAA, 0x11, 0x54, 0xB9, 0x7D, 0x74, 0x44, 0x9C, 0xEA, 0xD0, 0xAA, 0x96, 0xBD,
    0x6A, 0xEA, 0x55, 0x63, 0xEC, 0xBB, 0x99, 0x77, 0xE1, 0x36, 0x9C, 0x42, 0x72, 0xF1, 0x40, 0x49,
    0x3D, 0x05, 0x94, 0x95, 0x96, 0x61, 0x6C, 0x50, 0xAB, 0x38, 0x11, 0x8C, 0x2A, 0x7E, 0x21, 0x23,
    0xE5, 0x2E, 0x28, 0x36, 0x52, 0xC9, 0x37, 0xC2, 0x5A, 0x62, 0x4A, 0xDE, 0x53, 0x52, 0x4F, 0x89,
    0x47, 0x4A, 0x04, 0xF7, 0x4C, 0x9D, 0x45, 0x87, 0x27, 0x91, 0xBD, 0xDD, 0x8B, 0xF4, 0xA7, 0x68,
    0xC5, 0x3A, 0xEA, 0xAC, 0x76, 0x15, 0x81, 0x13, 0x3C, 0x5C, 0xFF, 0x21, 0x89, 0xEC, 0x12, 0xF9,
    0xB5, 0x59, 0xD0, 0x1D, 0xE5, 0x5A, 0x4B, 0x08, 0x73, 0x20, 0xC3, 0x75, 0xB4, 0x73, 0xEE, 0xB4,
    0x6A, 0x92, 0x68, 0x29, 0x2A, 0xCB, 0x29, 0x0D, 0x15, 0xA6, 0x98, 0x9F, 0xF7, 0x19, 0x2B, 0x73,
    0x9C, 0x6E, 0x85, 0xC2, 0x3C, 0x35, 0xF3, 0xEA, 0x8F, 0x49, 0x47, 0x71, 0xEE, 0x40, 0xC6, 0xF3,
    0xBB, 0x22, 0x00, 0x0E, 0x45, 0x7F, 0xA7, 0x6B, 0x3E, 0x8D, 0x94, 0x98, 0x66, 0xD0, 0x70, 0xDD,
    0xA8, 0x75, 0x9B, 0xCF, 0x28, 0x02, 0x9A, 0x7D, 0x84, 0x39, 0xAA, 0xF7, 0x51, 0xBF, 0x8F, 0x06,
    0x8D, 0x3E, 0x78, 0x0D, 0x98, 0x5E, 0x25, 0x45, 0x66, 0x51, 0x84, 0xCA, 0xA2, 0xCD, 0x91, 0x68,
    0x8D, 0xDA, 0xA2, 0xD5, 0x89, 0x88, 0xEB, 0x39, 0x2E, 0xFC, 0x9F, 0x2E, 0x5B, 0x8B, 0x78, 0xEA,
    0xB7, 0x31, 0xE9, 0x74, 0x3F, 0x7A, 0x86, 0x39, 0xF2, 0xFB, 0xA8, 0xDB, 0x47, 0xF6, 0xD4, 0x18,
    0x23, 0x95, 0xA3, 0x4B, 0xDA, 0x2F, 0x7A, 0xDB, 0x9A, 0xC0, 0xFE, 0x94, 0xF6, 0x2E, 0xBD, 0x4A,
    0xF1, 0x2B, 0x53, 0x34, 0xA6, 0xDE, 0x14, 0x93, 0x16, 0x5C, 0x3F, 0x46, 0x45, 0xDD, 0xA0, 0xA1,
    0x3A, 0xB4, 0x4B, 0x2D, 0x4D, 0x73, 0xD3, 0xC3, 0x36, 0x35, 0x54, 0xB5, 0x61, 0xEC, 0xB2, 0xAD,
    0x6E, 0xAB, 0xB1, 0xDC, 0x1F, 0x1D, 0x99, 0xEA, 0xB8, 0xC8, 0x3D, 0xC8, 0x51, 0xB8, 0xC3, 0x65,
    0xAD, 0xEB, 0x26, 0x2A, 0xB0, 0xBC, 0x3B, 0xBB, 0x7A, 0x8F, 0xFF, 0x18, 0x44, 0x27, 0xEB, 0x38,
    0x07, 0x3F, 0x66, 0x1C, 0x94, 0x61, 0x33, 0x42, 0x5A, 0x03, 0xAE, 0xEC, 0xF8, 0x14, 0x69, 0x8F,
    0xFD, 0x42, 0x5A, 0x57, 0x32, 0xEA, 0x5A, 0x89, 0xB8, 0xD3, 0x52, 0x76, 0xAC, 0x15, 0xC9, 0xBD,
    0x64, 0xE5, 0x55, 0xE9, 0x10, 0x8A, 0x53, 0x90, 0xA5, 0x70, 0x78, 0x1F, 0x32, 0x85, 0x97, 0x63,
    0x90, 0xA9, 0xB0, 0xC9, 0xE3, 0x07, 0xED, 0x8B, 0x0E, 0x54, 0x97, 0xA8, 0xAC, 0x29, 0x92, 0xA3,
    0xB4, 0x13, 0x51, 0x1F, 0xD2, 0x5B, 0x1C, 0x62, 0xCE, 0xF5, 0xBA, 0x25, 0xDC, 0xF2, 0x22, 0x18,
    0xE1, 0x71, 0xC5, 0x3C, 0x86, 0x2F, 0x37, 0xCC, 0x2A, 0x1A, 0x03, 0xB7, 0xD0, 0x64, 0x20, 0xD4,
    0x79, 0x1F, 0x8D, 0x65, 0x93, 0x77, 0x71, 0x97, 0xB6, 0x81, 0x6D, 0x60, 0x2F, 0x0C, 0xBF, 0xED,
    0x02, 0xBD, 0x24, 0xE2, 0x27, 0xE3, 0x6E, 0x94, 0x2B, 0xFA, 0xDF, 0xAA, 0xE5, 0x9C, 0x4E, 0xD9,
    0xD1, 0xD5, 0x80, 0x8C, 0x49, 0x77, 0xF6, 0x55, 0xA1, 0x4E, 0x8E, 0x9F, 0x36, 0x30, 0x2E, 0x3E,
    0x5F, 0x03, 0xE3, 0xC4, 0xBB, 0x05, 0xFA, 0xCB, 0x70, 0xC7, 0x8B, 0xC9, 0x6F, 0x68, 0xFE, 0xE3,
    0x17, 0xE6, 0x3F, 0x5B, 0xB8, 0xFD, 0x63, 0x33, 0x3F, 0xC4, 0x82, 0x37, 0xE7, 0xE9, 0xEA, 0x49,
    0xD4, 0xD7, 0xFF, 0x02, 0x08, 0x7F, 0x82, 0x2E, 0xBE, 0x09, 0x9F, 0xE8, 0x10, 0xCD, 0x51, 0xFE,
    0xA7, 0x42, 0x2D, 0x40, 0x77, 0x08, 0xE7, 0xD2, 0xAB, 0xF1, 0xD2, 0xED, 0x70, 0x31, 0x5B, 0x9F,
    0x5B, 0xC6, 0x1B, 0x13, 0x3D, 0xD8, 0x96, 0x66, 0x10, 0x4F, 0x2E, 0xF4, 0x6B, 0xB3, 0xCB, 0xB3,
    0xE1, 0x3F, 0x56, 0x95, 0x7C, 0x74, 0xE8, 0x14, 0xBD, 0xF4, 0x3B, 0xEE, 0xE7, 0x84, 0x34, 0x34,
    0x37, 0xE7, 0x5C, 0xF7, 0x6B, 0x9E, 0xA4, 0x5A, 0xC3, 0x95, 0xD3, 0xD1, 0xB0, 0xDE, 0x6A, 0xDD,
    0x2F, 0xF1, 0x35, 0x64, 0x2B, 0x66, 0xE8, 0xE2, 0x3D, 0x99, 0x0C, 0xFF, 0x37, 0xF1, 0x77, 0xFE,
    0xC5, 0xE4, 0x2B, 0x94, 0x68, 0x47, 0xA3, 0xB5, 0xE9, 0xC6, 0x9D, 0x8D, 0x02, 0x5C, 0x8D, 0xC2,
    0x7D, 0x96, 0xDB, 0x85, 0x35, 0x0E, 0xE3, 0xDB, 0x9A, 0xF4, 0xB7, 0xE0, 0xEA, 0x0C, 0x0F, 0x5F,
    0x7D, 0x36, 0xDB, 0x65, 0x7F, 0x2B, 0xB9, 0x76, 0xC6, 0xD5, 0xDB, 0xE5, 0x99, 0x7A, 0x62, 0xA3,
    0x65, 0x77, 0xAF, 0x8B, 0x47, 0xF9, 0x04, 0x1C, 0xDA, 0xEF, 0x58, 0x5C, 0xA9, 0xC3, 0x07, 0xD7,
    0xA6, 0x39, 0x53, 0x71, 0xFC, 0x4B, 0x4D, 0x11, 0x6B, 0x47, 0x73, 0x2A, 0x76, 0xCC, 0x9C, 0xD9,
    0x53, 0xB9, 0x12, 0x73, 0x82, 0x77, 0x8C, 0x76, 0x9F, 0x25, 0x92, 0x90, 0x29, 0x5A, 0x3B, 0x07,
    0xA8, 0x4D, 0x15, 0x7D, 0xAA, 0xCE, 0x68, 0x54, 0x25, 0x07, 0xCA, 0x06, 0x60, 0x69, 0x2E, 0xF4,
    0x92, 0xC7, 0xF6, 0xC8, 0x95, 0x9C, 0x4F, 0x7A, 0x7F, 0x85, 0x62, 0x0A, 0xAA, 0x53, 0x81, 0x66,
    0xC4, 0x3D, 0x9F, 0x01, 0x97, 0xF6, 0x5A, 0x81, 0x2E, 0xF9, 0xA7, 0x0D, 0xE4, 0xEC, 0xFA, 0x47,
    0x76, 0x1B, 0xB7, 0xBF, 0xC6, 0x71, 0x65, 0x2A, 0x3E, 0x73, 0xCB, 0x3F, 0x0F, 0x1D, 0xCE, 0x5E,
    0xD3, 0xC3, 0x5D, 0x96, 0xEA, 0x89, 0xCA, 0xE5, 0x69, 0xF5, 0x2C, 0xA3, 0x79, 0xBA, 0x16, 0xD7,
    0xDD, 0x80, 0xA5, 0xB2, 0x17, 0xD2, 0x47, 0xDD, 0xC6, 0x71, 0x23, 0x72, 0x43, 0x4E, 0x5E, 0xEA,
    0x2E, 0x7D, 0x12, 0xD1, 0x90, 0xED, 0x51, 0xBA, 0xB2, 0x39, 0xC9, 0xDA, 0xC8, 0x85, 0xEE, 0x69,
    0x8E, 0x56, 0x69, 0x4F, 0x64, 0xDA, 0x93, 0x5E, 0x48, 0x17, 0x35, 0xBB, 0x5B, 0x40, 0x44, 0x6E,
    0x48, 0x73, 0x52, 0x73, 0x2B, 0xE3, 0x87, 0x24, 0x8E, 0xF0, 0xFA, 0x5F, 0x42, 0xF6, 0x5D, 0x6D,
    0x72, 0xE5, 0x2A, 0xBE, 0x90, 0x09, 0xA3, 0xEA, 0x80, 0xBD, 0xB0, 0xF4, 0xD1, 0xBB, 0xE8, 0x73,
    0xDC, 0x9F, 0xAC, 0xF3, 0xFB, 0x84, 0xDC, 0x91, 0xAE, 0xD4, 0xEA, 0x8E, 0x6F, 0x54, 0xC2, 0xE8,
    0x49, 0x2C, 0x84, 0xCE, 0x2D, 0x79, 0x1E, 0x1A, 0xAE, 0xE7, 0x3C, 0x7D, 0x1D, 0xC7, 0x3B, 0x0B,
    0x74, 0xEF, 0x24, 0xE0, 0x92, 0x0B, 0x52, 0xC1, 0x0E, 0xD2, 0x6A, 0x2E, 0x87, 0x08, 0xCE, 0xBD,
    0xB3, 0xC4, 0x9F, 0x0B, 0x9C, 0xE1, 0x66, 0xEE, 0xDE, 0xD3, 0x94, 0x2C, 0x51, 0x9B, 0x61, 0xF7,
    0x5D, 0x76, 0x8C, 0xF3, 0xA3, 0xF3, 0x3E, 0xA7, 0xF1, 0xD2, 0x6D, 0xF6, 0x5E, 0xAE, 0x06, 0xBD,
    0x3B, 0x3F, 0x31, 0xC3, 0x19, 0xC2, 0x7C, 0x38, 0x07, 0xB5, 0x43, 0x11, 0x3C, 0xBD, 0x75, 0x87,
    0x5B, 0x0C, 0xE6, 0x5B, 0x4A, 0x4A, 0xAE, 0x93, 0x21, 0x56, 0x47, 0x3E, 0xCD, 0x1A, 0x35, 0x8E,
    0x73, 0x0B, 0xA5, 0x36, 0xC1, 0x90, 0x39, 0x68, 0x1E, 0x3C, 0x13, 0xF8, 0x73, 0xAD, 0xDD, 0x18,
    0x1D, 0xDE, 0xD5, 0x06, 0x89, 0x63, 0xB9, 0x2A, 0x83, 0xFF, 0xC6, 0x87, 0x67, 0x72, 0xF6, 0x80,
    0x2D, 0xC5, 0x3E, 0x48, 0xA7, 0x20, 0x9E, 0x02, 0xF7, 0x06, 0xEE, 0x49, 0x4B, 0x32, 0x9B, 0x3B,
    0xB9, 0x6B, 0xD4, 0x87, 0x75, 0x00, 0x1A, 0xD8, 0x5F, 0x77, 0x5F, 0xB1, 0xF7, 0xB3, 0xF5, 0xEA,
    0xE7, 0xF0, 0xFA, 0x34, 0x88, 0x06, 0x06, 0x6B, 0x0D, 0xF4, 0x73, 0xE9, 0x33, 0x75, 0x4A, 0x90,
    0x7D, 0x93, 0x33, 0xD5, 0x64, 0xD4, 0x31, 0x1F, 0x7E, 0xB8, 0x58, 0x3F, 0x7F, 0x6A, 0x43, 0xDB,
    0xC3, 0xCB, 0xA8, 0x92, 0x1A, 0xB2, 0xB9, 0x52, 0x99, 0x05, 0x42, 0x93, 0xBE, 0x17, 0xA4, 0x6C,
    0xD3, 0xC7, 0xE1, 0xCD, 0xA2, 0xB5, 0x4A, 0xD7, 0x58, 0x65, 0xAB, 0xE2, 0x42, 0x36, 0xC2, 0xD9,
    0xD9, 0xF4, 0x31, 0x54, 0xE6, 0x8F, 0x80, 0xC1, 0xBD, 0xAC, 0x63, 0xD5, 0x6C, 0x55, 0xA9, 0x6C,
    0x55, 0x34, 0xF1, 0x51, 0x0D, 0x35, 0x7F, 0xE3, 0x76, 0x4F, 0x72, 0x93, 0xDD, 0xC3, 0xB7, 0x6E,
    0x81, 0xFF, 0x34, 0x81, 0xEE, 0x5D, 0xEB, 0x3D, 0x44, 0x8B, 0xBD, 0x5B, 0x3E, 0xA3, 0xBD, 0x1B,
    0x91, 0xD7, 0x17, 0x56, 0x1F, 0xDD, 0xFC, 0x96, 0xC5, 0xE1, 0x79, 0xB7, 0xE5, 0x99, 0xCC, 0x35,
    0x8A, 0xBC, 0x06, 0x3A, 0x15, 0xCC, 0xB7, 0xD4, 0x1D, 0x54, 0x26, 0x25, 0x8F, 0x54, 0x6D, 0xF9,
    0xCD, 0xBF, 0x4D, 0x9E, 0x3B, 0x77, 0xAF, 0xEB, 0xD8, 0x50, 0x56, 0x56, 0xD4, 0x02, 0x85, 0x68,
    0xF9, 0x73, 0xE8, 0x26, 0x80, 0xED, 0x06, 0xF4, 0xD4, 0xD5, 0x3F, 0xCD, 0x63, 0x46, 0xCF, 0xBF,
    0xF1, 0xF9, 0x67, 0x32, 0x71, 0x3A, 0x90, 0x28, 0xC8, 0xD6, 0xA5, 0xA3, 0xA6, 0x0C, 0x39, 0x1B,
    0xCD, 0x1B, 0xE7, 0x04, 0xA4, 0xDD, 0x05, 0x6E, 0x8D, 0x87, 0x3F, 0x8F, 0x30, 0x17, 0x02, 0x71,
    0xE7, 0xDE, 0xE1, 0x96, 0x05, 0x5A, 0x92, 0x2D, 0x6C, 0xBB, 0x15, 0xDF, 0xCD, 0xA7, 0x4C, 0x19,
    0x4D, 0x06, 0xD2, 0x8F, 0x20, 0xAB, 0xEC, 0x04, 0xA7, 0x0C, 0xA4, 0xAD, 0x0B, 0xBA, 0x16, 0xEC,
    0xB8, 0x8D, 0x51, 0x08, 0xF6, 0xBE, 0x59, 0x8D, 0x25, 0x0C, 0x4F, 0x65, 0x82, 0x6B, 0xD3, 0xCD,
    0x13, 0x35, 0xDB, 0xA8, 0x3A, 0xEA, 0xD6, 0x74, 0x77, 0xA0, 0xD1, 0xA4, 0xE3, 0x52, 0xE3, 0x41,
    0x35, 0xF1, 0x4B, 0x4D, 0x0F, 0xB5, 0x57, 0xCD, 0x3B, 0xD5, 0xB2, 0x55, 0x85, 0xEA, 0x3F, 0x68,
    0x96, 0x5F, 0x0F, 0xFD, 0x4C, 0x9D, 0x7D, 0xAC, 0x16, 0x70, 0xAA, 0x3D, 0xB5, 0x79, 0x29, 0x7B,
    0x8A, 0xDC, 0xCC, 0x58, 0x95, 0xFB, 0x51, 0x6C, 0x3C, 0xE4, 0x6D, 0x6B, 0xA3, 0xD5, 0x24, 0x59,
    0x4A, 0xBF, 0x12, 0x49, 0xBB, 0x85, 0xB4, 0x17, 0x25, 0x57, 0x29, 0x55, 0xD0, 0x5C, 0x90, 0xF0,
    0x10, 0xB1, 0xB2, 0x8A, 0xBF, 0x53, 0xD1, 0x1A, 0xED, 0xDE, 0xD2, 0x16, 0x30, 0x88, 0xB4, 0xE8,
    0x28, 0xFC, 0x48, 0xD6, 0x27, 0xCE, 0x9B, 0x8B, 0xD9, 0x15, 0x76, 0xA6, 0x56, 0x59, 0xCF, 0x65,
    0xF1, 0x7A, 0xC1, 0x7D, 0x5E, 0xEF, 0xCA, 0xC7, 0x02, 0x68, 0xDB, 0x09, 0xEB, 0xD2, 0x4A, 0xC1,
    0x49, 0xCF, 0x5F, 0x76, 0x6C, 0x1F, 0x14, 0xEE, 0xF3, 0xB7, 0x9B, 0xE7, 0xA8, 0x9C, 0x80, 0x43,
    0xEB, 0x3C, 0xDC, 0xB5, 0x88, 0x8E, 0xAD, 0x0D, 0xCE, 0xD8, 0xDD, 0x74, 0xEE, 0xE9, 0xD9, 0xCF,
    0x8D, 0x01, 0x99, 0xA9, 0x5B, 0xEA, 0x68, 0x6A, 0xCD, 0x90, 0xC8, 0xAB, 0xC6, 0xA6, 0x69, 0xAF,
    0x9A, 0x77, 0xAA, 0x68, 0x17, 0xCA, 0x33, 0x8A, 0x96, 0xA2, 0xEA, 0xDC, 0xDA, 0xE9, 0xB9, 0xAE,
    0xCF, 0x6D, 0x6E, 0x0D, 0xB5, 0x4A, 0xB5, 0x90, 0x82, 0xC7, 0xBC, 0xD5, 0x92, 0x2E, 0x8C, 0x2F,
    0xB6, 0xCB, 0xF6, 0x87, 0xBF, 0xF8, 0x99, 0x5F, 0x7A, 0x75, 0xD9, 0x85, 0x7C, 0x3A, 0xF6, 0xC2,
    0xD2, 0xD3, 0x04, 0x00, 0xF7, 0x8E, 0x76, 0x21, 0x57, 0xC0, 0x07, 0x79, 0x2F, 0x36, 0x85, 0xD6,
    0x31, 0x3C, 0x24, 0x70, 0x92, 0x8D, 0xBB, 0x36, 0x39, 0xFA, 0xF8, 0x03, 0x5E, 0x4D, 0xAF, 0x87,
    0x04, 0xE5, 0xF8, 0x9A, 0xF5, 0x36, 0x13, 0xC1, 0x16, 0x52, 0x0E, 0xF7, 0xE6, 0x07, 0x17, 0xBB,
    0x97, 0xF2, 0x38, 0x02, 0xEF, 0x4E, 0x83, 0x2D, 0x3D, 0x7E, 0xC5, 0xF5, 0xD6, 0xA4, 0x85, 0x05,
    0x74, 0x20, 0xB5, 0x80, 0x00, 0x1A, 0x0D, 0x6C, 0xC0, 0x49, 0x83, 0x0D, 0x83, 0xFB, 0x9D, 0x7A,
    0x86, 0xE1, 0x7D, 0xEF, 0x76, 0x83, 0x05, 0x91, 0x97, 0xE0, 0xA7, 0x83, 0x8B, 0x1E, 0xB2, 0xA6,
    0x6D, 0x74, 0xC9, 0x47, 0x12, 0xFC, 0x17, 0x5C, 0xCA, 0xE0, 0x67, 0xC8, 0xD2, 0x9F, 0x48, 0xD0,
    0xA0, 0x28, 0xDF, 0xD5, 0xA0, 0x82, 0x06, 0x65, 0x85, 0xAF, 0x32, 0xC8, 0x7F, 0x86, 0x15, 0x83,
    0xF4, 0x81, 0x05, 0xC9, 0x83, 0x51, 0x83, 0x18, 0x5E, 0x83, 0x68, 0x0E, 0x64, 0x3F, 0x7A, 0x34,
    0x5B, 0xB4, 0x1A, 0x6C, 0x18, 0xF4, 0x12, 0x34, 0x3C, 0x6F, 0x37, 0xAC, 0x35, 0x5C, 0x0E, 0x95,
    0x1D, 0x4D, 0xFC, 0x0B, 0xEB, 0x1D, 0x4C, 0x7F, 0xB2, 0xFD, 0x36, 0x5F, 0x94, 0xF4, 0xAA, 0xF4,
    0xCA, 0x79, 0xE1, 0xD6, 0xE2, 0x2E, 0x9B, 0xB2, 0x99, 0xE4, 0x75, 0x64, 0x27, 0xD2, 0xA0, 0x9D,
    0x82, 0xCE, 0x25, 0x1A, 0x78, 0x3E, 0x68, 0xA9, 0x99, 0xDE, 0x97, 0xE0, 0x93, 0xD1, 0x95, 0x0C,
    0x1E, 0xC0, 0xE1, 0xAE, 0x04, 0x1F, 0x63, 0x85, 0x44, 0x82, 0x16, 0xDF, 0x9A, 0x82, 0xF7, 0x46,
    0x0D, 0xF2, 0x9F, 0x7A, 0x0D, 0xD2, 0xFB, 0x16, 0x24, 0xE8, 0x34, 0x88, 0xD1, 0x6A, 0x10, 0xA1,
    0xD1, 0x60, 0x87, 0x9A, 0x09, 0xD9, 0x5A, 0x76, 0xA9, 0x41, 0x91, 0xD0, 0x13, 0x69, 0x0D, 0x4D,
    0xDE, 0xD3, 0xCF, 0xE5, 0x2D, 0x88, 0x2E, 0x05, 0x49, 0xEF, 0x0E, 0xEB, 0x6D, 0xF7, 0x9D, 0x2D,
    0x06, 0x34, 0xE8, 0x93, 0xBA, 0xDE, 0xB2, 0xFD, 0x74, 0xFF, 0x3A, 0x97, 0xB3, 0xB5, 0x9F, 0x80,
    0x97, 0x9D, 0x3F, 0x95, 0x39, 0x95, 0x2F, 0xDD, 0xE6, 0x27, 0xEC, 0xEC, 0xCE, 0xF3, 0x66, 0x09,
    0x63, 0x76, 0x2C, 0x6F, 0xF6, 0x01, 0xCF, 0xF1, 0xDD, 0xEC, 0x79, 0x43, 0x9D, 0xCD, 0xB0, 0x96,
    0x14, 0x9D, 0x8D, 0x58, 0xB3, 0xFC, 0xBD, 0xD7, 0x93, 0x85, 0x0E, 0xFD, 0xDD, 0xFA, 0x67, 0xA7,
    0xCB, 0x17, 0x78, 0xD7, 0xAD, 0x8C, 0xDC, 0xF8, 0x0D, 0x3B, 0x44, 0xC3, 0x4E, 0x6B, 0x18, 0x29,
    0x3B, 0x4F, 0x6B, 0x91, 0x75, 0xB7, 0xEA, 0x8E, 0xF4, 0x36, 0x50, 0xA8, 0x54, 0x22, 0x25, 0x6A,
    0x11, 0xA0, 0x35, 0x99, 0xFB, 0xBA, 0x1B, 0xDC, 0xF5, 0x14, 0xEB, 0x72, 0x69, 0x95, 0x24, 0x22,
    0x35, 0x86, 0xDD, 0x6A, 0xCF, 0xCC, 0xDA, 0x94, 0xE6, 0xB4, 0xB8, 0x36, 0xC3, 0x3F, 0x34, 0x2A,
    0x6A, 0x61, 0x39, 0x55, 0x95, 0xF7, 0x2A, 0x5E, 0xBB, 0x6F, 0x83, 0x55, 0x48, 0xDB, 0xD9, 0xCE,
    0x25, 0x14, 0xA9, 0xA8, 0x76, 0x3B, 0x76, 0x47, 0x98, 0x04, 0x46, 0x69, 0xD0, 0x69, 0x82, 0x36,
    0xEB, 0x05, 0x91, 0x21, 0x5B, 0xC9, 0x99, 0x85, 0xD0, 0x3E, 0xD7, 0x37, 0xDD, 0x1F, 0xB8, 0x0B,
    0xCB, 0x0B, 0xF8, 0xC0, 0xAD, 0xA7, 0x62, 0x8D, 0xDA, 0x3C, 0xE8, 0xFF, 0x06, 0xBD, 0x7B, 0x4B,
    0xAB, 0x5C, 0x53, 0xC3, 0xAD, 0x12, 0x9E, 0x15, 0x40, 0x3B, 0x81, 0x8C, 0x80, 0xF8, 0x74, 0xA4,
    0x89, 0x41, 0x40, 0xD9, 0x09, 0x7A, 0xBA, 0x2E, 0xAC, 0x59, 0x77, 0x49, 0xDC, 0xF7, 0x11, 0xF0,
    0x6D, 0xBF, 0xC6, 0xB0, 0xF5, 0x53, 0x9D, 0xD0, 0xB9, 0x64, 0xF2, 0xBB, 0xE9, 0xC3, 0xBA, 0x8D,
    0xE9, 0xD6, 0x34, 0x32, 0x8D, 0xC7, 0xD0, 0xF3, 0x97, 0xAF, 0xC1, 0x23, 0xDD, 0xF8, 0xF9, 0xC7,
    0xAA, 0x98, 0xF4, 0xDF, 0xA9, 0xE2, 0xD7, 0xA6, 0xED, 0xEE, 0x6F, 0x51, 0x77, 0x58, 0x53, 0xA3,
    0x51, 0x35, 0xF1, 0xAA, 0x29, 0xE9, 0x5C, 0x69, 0x0A, 0xD5, 0x35, 0x95, 0xA5, 0x2E, 0x77, 0x44,
    0x69, 0xE1, 0x0C, 0xF4, 0x11, 0x9C, 0xA8, 0x8F, 0x47, 0xD5, 0xD4, 0xAB, 0xE6, 0xBD, 0xEA, 0xFE,
    0xE8, 0x1D, 0xD5, 0xE0, 0x03, 0xEF, 0x01, 0x99, 0x8D, 0xCD, 0xC7, 0x94, 0x36, 0x7A, 0x74, 0x17,
    0x0F, 0xCB, 0x56, 0x8E, 0xE3, 0x2A, 0xEE, 0xD9, 0xF8, 0x8D, 0xA4, 0x5F, 0x1A, 0xCC, 0xDD, 0xBC,
    0x2B, 0xA1, 0x5B, 0x92, 0x12, 0xE3, 0xB1, 0x48, 0x3A, 0x48, 0x2D, 0xC3, 0xAB, 0x2C, 0x8F, 0x9E,
    0xBD, 0xB0, 0xBB, 0x08, 0xED, 0x5A, 0xE7, 0xAB, 0x51, 0xCF, 0x63, 0x24, 0x51, 0x90, 0x2D, 0x4F,
    0xFA, 0x99, 0x1C, 0xE3, 0x2F, 0xBC, 0x15, 0xAE, 0x66, 0xAB, 0x57, 0x5D, 0x24, 0x47, 0x33, 0x3D,
    0x1C, 0x37, 0xFC, 0xC6, 0xE9, 0xFD, 0x0D, 0x47, 0xC7, 0x65, 0x4E, 0xC5, 0xCF, 0x88, 0xEB, 0x54,
    0x8A, 0x00, 0xFE, 0x08, 0xFA, 0x93, 0xE3, 0xB7, 0xFA, 0xA2, 0xC5, 0x01, 0x8E, 0xDD, 0x67, 0x6B,
    0xB5, 0xB8, 0xCF, 0xD6, 0x17, 0x7D, 0x6B, 0x80, 0x35, 0xCD, 0x49, 0x52, 0x2B, 0xA9, 0x33, 0x63,
    0xB7, 0x51, 0xBF, 0x71, 0xD9, 0x46, 0xBE, 0x73, 0x95, 0x6B, 0xCC, 0xDF, 0x64, 0x75, 0xCC, 0x86,
    0x8E, 0xBB, 0x43, 0xD9, 0x5D, 0x20, 0x4F, 0xA9, 0x25, 0xC9, 0x4B, 0x13, 0xED, 0x02, 0xE5, 0x15,
    0xD8, 0x0F, 0xAD, 0x76, 0x68, 0x12, 0xB3, 0x1E, 0x99, 0x6E, 0xDA, 0x99, 0x4E, 0x59, 0x23, 0xD9,
    0xC2, 0x6E, 0xAB, 0x64, 0xAE, 0xA1, 0xDD, 0x2E, 0x43, 0x3F, 0xC8, 0xE6, 0xC3, 0x1C, 0x76, 0x45,
    0xDE, 0x4F, 0x97, 0x95, 0x80, 0x01, 0x8C, 0x88, 0x5A, 0xFC, 0x8D, 0xA4, 0x48, 0x8B, 0x3E, 0x4D,
    0x09, 0xCF, 0xAB, 0x3A, 0x4B, 0xA3, 0xC6, 0x3C, 0x99, 0x53, 0xC3, 0x7C, 0x97, 0x39, 0xF6, 0x78,
    0xBA, 0x5D, 0xCF, 0xEB, 0x1F, 0xAF, 0x80, 0xB1, 0x4A, 0xA4, 0xB2, 0x6E, 0xB4, 0x3C, 0xF8, 0x60,
    0x07, 0x69, 0x0F, 0xC5, 0x6A, 0xDC, 0xE7, 0xC9, 0xA9, 0x36, 0xC8, 0xA3, 0x12, 0x9E, 0xC5, 0x76,
    0x18, 0x79, 0xB2, 0x49, 0xE0, 0x5E, 0x9C, 0x73, 0xA7, 0xB6, 0x8B, 0xC1, 0xBC, 0x35, 0xEA, 0xB3,
    0xB0, 0x7C, 0x1D, 0x35, 0xB8, 0x34, 0xC7, 0x25, 0xEC, 0xD9, 0x3B, 0x32, 0x2E, 0xC1, 0xE7, 0x99,
    0xA4, 0x3D, 0xB7, 0x84, 0xE6, 0x04, 0x33, 0xB3, 0x25, 0x87, 0x78, 0x0F, 0xBD, 0xC1, 0xCF, 0x39,
    0xF7, 0x5B, 0xD4, 0xC4, 0x12, 0x3A, 0xB6, 0xDB, 0xCD, 0x16, 0x43, 0x2F, 0xCA, 0xBB, 0x82, 0x83,
    0x5B, 0xE3, 0x6B, 0x28, 0x58, 0xB8, 0xB9, 0x86, 0xB4, 0xD4, 0xFF, 0xC5, 0xFD, 0xC5, 0xC1, 0x35,
    0x8A, 0x5B, 0x5F, 0x80, 0x42, 0xD0, 0x44, 0xE1, 0x8F, 0xB4, 0x52, 0x8C, 0x3B, 0xD7, 0xD6, 0xAB,
    0xDB, 0x0E, 0xC7, 0x93, 0xF2, 0x25, 0x68, 0xE2, 0xB3, 0x9F, 0x74, 0xF7, 0x61, 0x4D, 0xF4, 0xD1,
    0x34, 0xCA, 0x59, 0xCD, 0x87, 0x25, 0x4B, 0x2F, 0x17, 0xA5, 0xDE, 0x79, 0x91, 0xEF, 0xE7, 0xEE,
    0x50, 0x5B, 0x54, 0xEF, 0xA3, 0xAA, 0xAC, 0xAC, 0x02, 0x9A, 0x9B, 0xF9, 0xD8, 0xC2, 0xF7, 0x85,
    0x5A, 0x67, 0xDB, 0xD9, 0xDA, 0x4B, 0xE8, 0xCF, 0x21, 0x51, 0xEE, 0x79, 0x74, 0x33, 0x59, 0xDC,
    0xAE, 0x45, 0xEC, 0x4A, 0x95, 0xE6, 0x54, 0xC1, 0x4F, 0x86, 0x66, 0x6A, 0x67, 0xA3, 0x49, 0x46,
    0x3D, 0xF6, 0xA4, 0x9A, 0x55, 0xF7, 0x20, 0x1A, 0xBB, 0x1A, 0xFE, 0x12, 0x3F, 0x97, 0xA7, 0xCE,
    0x99, 0x84, 0xF3, 0x90, 0x9B, 0x45, 0xC5, 0x9C, 0x3F, 0x68, 0x09, 0xC2, 0x8F, 0x6D, 0x38, 0xB2,
    0x46, 0xA3, 0x73, 0xF9, 0xF4, 0x7D, 0xF7, 0xDA, 0xBE, 0x04, 0x13, 0x82, 0x5C, 0x00, 0x1A, 0xD6,
    0x8E, 0xD3, 0x01, 0x9E, 0xBE, 0xCA, 0xE8, 0xF8, 0xFE, 0x1A, 0x27, 0x0F, 0x69, 0xDE, 0x76, 0xF2,
    0xD4, 0x10, 0x69, 0x9A, 0x76, 0x26, 0x91, 0x5C, 0x9B, 0xF4, 0xF3, 0xC6, 0x90, 0x1F, 0x4B, 0x14,
    0xA1, 0x9A, 0x0E, 0x78, 0xDA, 0xA7, 0x45, 0x1D, 0x03, 0x1B, 0x28, 0xD5, 0xC1, 0xD3, 0x69, 0x08,
    0xB7, 0x67, 0xB0, 0x6D, 0x6E, 0x5D, 0x3E, 0xF4, 0x75, 0xEA, 0x91, 0xD6, 0x18, 0x6F, 0xCB, 0xE6,
    0x4D, 0xBC, 0x56, 0x09, 0x4A, 0x50, 0x72, 0x88, 0x28, 0x04, 0x2C, 0x24, 0xAE, 0x13, 0xBD, 0xDA,
    0xD3, 0x35, 0x17, 0x4E, 0x07, 0xFC, 0xD8, 0x36, 0x88, 0x07, 0x3A, 0xD2, 0xCB, 0x76, 0x2D, 0xC7,
    0x79, 0x54, 0xB6, 0xB1, 0xC0, 0x2C, 0x01, 0x0E, 0xC7, 0x69, 0xD3, 0x31, 0x3C, 0x6B, 0xA0, 0xFF,
    0x44, 0x78, 0xAF, 0x70, 0xFA, 0xCA, 0x11, 0xC7, 0x9B, 0x9A, 0xC4, 0xF3, 0x8E, 0x20, 0x7A, 0x8B,
    0xBE, 0x56, 0xB6, 0x83, 0xBC, 0x0D, 0x8E, 0x1B, 0x86, 0x40, 0x06, 0xF0, 0xBC, 0x04, 0x09, 0xF4,
    0xC0, 0x5F, 0x8D, 0x2B, 0xA8, 0x43, 0x9D, 0xA0, 0x58, 0x43, 0xFA, 0xA6, 0x3F, 0x0C, 0x87, 0xFE,
    0xBC, 0xAC, 0x4A, 0x19, 0xB5, 0x34, 0xDB, 0x1E, 0xBB, 0xD3, 0x6E, 0x32, 0xDE, 0x45, 0xF7, 0xFF,
    0x33, 0x87, 0x39, 0x53, 0x8C, 0xE8, 0xEC, 0xEC, 0xF8, 0x32, 0x6A, 0x4D, 0x03, 0xB4, 0xEB, 0xCF,
    0x20, 0x40, 0xE5, 0xCE, 0x69, 0x08, 0x76, 0xF8, 0x7D, 0x21, 0x52, 0xFF, 0x27, 0xF2, 0x8B, 0xFC,
    0x7F, 0xDE, 0x40, 0xCF, 0xB9, 0x09, 0x41, 0x2D, 0x90, 0xB3, 0x4C, 0xC7, 0xBE, 0xB0, 0xEE, 0x36,
    0x9E, 0xA5, 0x78, 0x56, 0x8A, 0x05, 0x8C, 0x0E, 0xCE, 0x4E, 0xEB, 0x72, 0xCC, 0xB4, 0x42, 0x99,
    0x03, 0x94, 0x7C, 0xF7, 0xC9, 0x87, 0x6F, 0xC2, 0xFD, 0x3F, 0x8E, 0xED, 0x28, 0x76, 0x70, 0xAB,
    0xF3, 0x92, 0x7E, 0xB6, 0xAD, 0xA0, 0x11, 0x0C, 0xCE, 0x9D, 0xD9, 0x90, 0x8F, 0x9E, 0x5C, 0x89,
    0x1F, 0xB9, 0xF8, 0xD2, 0x6D, 0xEE, 0x12, 0xA0, 0xA6, 0xA7, 0x8F, 0xD6, 0x79, 0x1E, 0x01, 0xDB,
    0xEC, 0x93, 0x11, 0x97, 0x26, 0xEF, 0xF3, 0x47, 0x85, 0xA5, 0xD3, 0xF1, 0xEE, 0x50, 0x53, 0x69,
    0x6E, 0x2D, 0xE8, 0xDC, 0xD9, 0x1B, 0x5A, 0x5D, 0xAD, 0xE7, 0x91, 0xB9, 0x7F, 0xCB, 0xFF, 0xCA,
    0x29, 0x6C, 0xC0, 0x77, 0x7E, 0x1B, 0x9E, 0xC7, 0x82, 0x9D, 0x1A, 0xB5, 0xD1, 0xD1, 0x73, 0x0B,
    0xF1, 0xEA, 0xFE, 0x7D, 0x9A, 0x66, 0xCF, 0x48, 0xA7, 0xC6, 0x15, 0x13, 0x11, 0x79, 0xE0, 0xD8,
    0xF4, 0xC9, 0x4E, 0xA7, 0x4C, 0xA6, 0xB1, 0x61, 0xE0, 0x03, 0x01, 0x88, 0x4A, 0xC0, 0x0B, 0x12,
    0x9D, 0xB4, 0x0E, 0x4E, 0x71, 0x02, 0x46, 0x76, 0x24, 0xCA, 0x48, 0xA0, 0x97, 0x53, 0xFE, 0x5C,
    0xA1, 0x5B, 0x00, 0x18, 0x38, 0x91, 0xC6, 0xB7, 0xA5, 0xC3, 0xEF, 0xC5, 0x92, 0x6E, 0x51, 0x35,
    0x7E, 0xEB, 0x3C, 0x53, 0x5F, 0xC5, 0xC0, 0x84, 0x4C, 0xC9, 0x92, 0x84, 0x70, 0x4D, 0x6E, 0xC8,
    0x68, 0x9C, 0x99, 0xFE, 0x52, 0x98, 0x3F, 0x10, 0xE2, 0x3F, 0x02, 0x3F, 0xC2, 0x7B, 0x81, 0x0F,
    0xF0, 0x87, 0xE4, 0x26, 0xF0, 0xF1, 0x20, 0x84, 0x27, 0x3B, 0xB2, 0x25, 0xAB, 0x0B, 0x74, 0xC2,
    0x91, 0xF4, 0xC2, 0x95, 0xB9, 0x95, 0x79, 0x05, 0xFF, 0xCB, 0xE5, 0x8B, 0xBB, 0x1D, 0xE8, 0x8A,
    0xFE, 0x0D, 0x71, 0x13, 0x6B, 0x4F, 0x8D, 0x75, 0x5B, 0x64, 0x9B, 0xC8, 0x2E, 0x2C, 0x76, 0xCB,
    0xED, 0xC8, 0xCC, 0x29, 0x2F, 0x87, 0x34, 0xB9, 0x21, 0x77, 0x64, 0x44, 0x26, 0x64, 0x4A, 0x96,
    0x24, 0xDE, 0x0F, 0x94, 0xB6, 0x98, 0x30, 0x09, 0x8C, 0x06, 0xD2, 0x0B, 0xD3, 0x4E, 0x98, 0xB7,
    0x42, 0xD4, 0x81, 0x1F, 0xA1, 0x0A, 0x7C, 0x80, 0x2C, 0xF0, 0x13, 0xB8, 0x40, 0x0C, 0xA4, 0x27,
    0x3B, 0xB2, 0x25, 0x6B, 0xB2, 0x22, 0x33, 0xD2, 0x05, 0xF2, 0xCC, 0xB3, 0x1E, 0x57, 0x23, 0xBD,
    0xDB, 0x89, 0x4C, 0x20, 0x67, 0x9E, 0x1F, 0xBA, 0x79, 0x39, 0x0F, 0xA5, 0x68, 0x6F, 0xCB, 0xF9,
    0x7C, 0x08, 0x40, 0xC0, 0x46, 0xB0, 0x15, 0x44, 0x82, 0x58, 0x90, 0xDE, 0x0F, 0x28, 0x7F, 0x1C,
    0x80, 0x6F, 0x0F, 0xF8, 0x19, 0xA2, 0x21, 0x8C, 0xB5, 0x04, 0xFC, 0xA7, 0x0F, 0x78, 0xBF, 0x0F,
    0x40, 0x2B, 0xA8, 0x05, 0x95, 0x20, 0x13, 0xB8, 0x00, 0x3F, 0xC1, 0xDD, 0xCA, 0xD6, 0x32, 0xF2,
    0xDF, 0x46, 0xEC, 0x12, 0x27, 0xBD, 0x52, 0x7E, 0x12, 0x77, 0xB2, 0x89, 0xB7, 0x7A, 0xAD, 0xBD,
    0xDA, 0x9D, 0xB5, 0x89, 0x51, 0x47, 0xC8, 0xD6, 0x72, 0x8A, 0xDC, 0x77, 0x89, 0x8F, 0x99, 0xBE,
    0x9D, 0x30, 0x80, 0xCB, 0x7B, 0xF9, 0x4E, 0xA1, 0x53, 0x97, 0xD7, 0x08, 0x15, 0xDD, 0x59, 0x7F,
    0x75, 0xF7, 0xA8, 0x3B, 0xEB, 0x66, 0x76, 0x67, 0xE5, 0xD6, 0xDB, 0x8C, 0x1B, 0xB8, 0x2D, 0x0C,
    0xFA, 0xDF, 0x79, 0xB3, 0x7E, 0x61, 0x77, 0x30, 0x75, 0xFF, 0xE7, 0x62, 0x3B, 0x37, 0xAB, 0xB7,
    0x3A, 0xE4, 0x10, 0x0D, 0xD1, 0xA0, 0xA2, 0x43, 0x0E, 0x3B, 0x6B, 0x56, 0x5F, 0x1E, 0x72, 0x58,
    0xF1, 0x44, 0x6C, 0x77, 0xE0, 0x70, 0xDA, 0x24, 0xB0, 0x01, 0x81, 0x1D, 0xC6, 0xD7, 0xD8, 0x06,
    0x2D, 0x38, 0xBD, 0x38, 0xEA, 0x10, 0x80, 0xE7, 0xD9, 0x3D, 0xEF, 0xF7, 0xED, 0x62, 0xB3, 0xFA,
    0x5C, 0x5D, 0xA7, 0x3D, 0xDD, 0xD8, 0x9A, 0xF6, 0xBC, 0xBC, 0xD3, 0x66, 0xB5, 0x57, 0xD1, 0xBF,
    0x10, 0xEB, 0xDF, 0x8B, 0xF0, 0xAB, 0x3F, 0xC6, 0x30, 0xBD, 0x17, 0x7B, 0x67, 0xF6, 0x3E, 0xB5,
    0x84, 0x96, 0xCD, 0xEA, 0xB9, 0xF9, 0xAA, 0x4D, 0x57, 0x6D, 0xB6, 0xA2, 0x26, 0xD9, 0x5C, 0xBD,
    0xDC, 0x54, 0x65, 0x9B, 0x73, 0xF6, 0x08, 0xA4, 0x3F, 0xA0, 0x99, 0x73, 0xEB, 0x54, 0xF8, 0xA8,
    0x06, 0x7C, 0xF4, 0xC7, 0x0C, 0x64, 0x8A, 0x1C, 0x0F, 0x8C, 0xE2, 0x32, 0xB9, 0x4E, 0xA6, 0xED,
    0x31, 0x75, 0xCE, 0x8C, 0xF0, 0x93, 0x52, 0xB2, 0xFA, 0xED, 0x4C, 0xAE, 0xDD, 0x1F, 0xED, 0xEC,
    0x0F, 0x56, 0x8C, 0xA1, 0x2D, 0x22, 0x19, 0xB4, 0x1A, 0x1C, 0xBF, 0x3D, 0xC2, 0x6D, 0x20, 0x47,
    0xB0, 0xDC, 0xEA, 0xE0, 0x5B, 0xC4, 0x96, 0x51, 0x33, 0x75, 0x2A, 0xD8, 0x5A, 0x91, 0x98, 0x19,
    0xF9, 0x77, 0xE5, 0xB4, 0x92, 0x59, 0xC2, 0x66, 0x0C, 0xFB, 0xD2, 0x2D, 0x4A, 0x05, 0xB9, 0xAD,
    0x75, 0x0B, 0x3E, 0x91, 0x5C, 0xE7, 0xE0, 0x59, 0x3B, 0x32, 0x46, 0xF6, 0xFB, 0x8E, 0x63, 0x86,
    0xA1, 0xBD, 0xA4, 0x0D, 0x9C, 0x9E, 0x6C, 0xE6, 0x1B, 0xE1, 0x77, 0xB6, 0x2F, 0xF4, 0x02, 0x12,
    0xB7, 0x51, 0xCB, 0x0B, 0x87, 0xA0, 0x77, 0x49, 0x9B, 0xB4, 0x72, 0xED, 0x98, 0x4F, 0x6C, 0x6A,
    0x31, 0xC6, 0x21, 0x36, 0xBB, 0xF3, 0x20, 0xCF, 0xE8, 0xF7, 0x20, 0xAD, 0xA6, 0xF8, 0x62, 0x7F,
    0x73, 0x25, 0xC3, 0x7F, 0x1B, 0xE0, 0x22, 0x56, 0xE7, 0x77, 0xAC, 0xAD, 0x64, 0x25, 0xCD, 0x11,
    0xB2, 0x1F, 0x7D, 0xB5, 0xC4, 0x7E, 0x86, 0xB8, 0x17, 0xD4, 0x5A, 0x2F, 0xCD, 0xAD, 0x7D, 0x75,
    0x9B, 0x80, 0xA6, 0xBE, 0x72, 0x73, 0xD6, 0xCE, 0x0E, 0xC8, 0x2D, 0x5B, 0xB3, 0xCC, 0xA0, 0xE6,
    0x3F, 0xA6, 0x1C, 0x6C, 0x2F, 0x24, 0x0E, 0xAF, 0xF4, 0xE8, 0x47, 0xC3, 0x0E, 0x4C, 0xCB, 0xC6,
    0xD7, 0xC7, 0x87, 0xA9, 0xD4, 0xBB, 0x79, 0x32, 0xCF, 0xB8, 0x5A, 0x78, 0xBE, 0xC9, 0xB7, 0xF7,
    0xBE, 0xF6, 0xAA, 0xF5, 0x03, 0xE3, 0xC2, 0xEA, 0x8D, 0x39, 0xE2, 0x3B, 0x9D, 0xB0, 0x72, 0xE5,
    0x12, 0x5C, 0x9E, 0xB7, 0xFB, 0x4E, 0xF1, 0x3C, 0x34, 0xF7, 0x75, 0xE2, 0xDE, 0x1C, 0x12, 0x28,
    0xD6, 0xCB, 0xD9, 0x36, 0xDB, 0x4B, 0x7D, 0x9C, 0x72, 0xAE, 0x79, 0x8C, 0xF4, 0x5C, 0x93, 0x0C,
    0x56, 0xA8, 0xAB, 0xD2, 0xA9, 0x97, 0xE4, 0xDE, 0x2A, 0x7A, 0x85, 0x66, 0x65, 0x1E, 0xD1, 0x22,
    0x74, 0x50, 0x97, 0xF3, 0xB4, 0x25, 0xA5, 0x98, 0x6B, 0x9C, 0x8D, 0x8E, 0xA6, 0x9A, 0x8E, 0x92,
    0xDB, 0x00, 0xAA, 0x88, 0x03, 0x6A, 0x95, 0x6A, 0x31, 0xF0, 0xEA, 0x28, 0x23, 0xA5, 0xE4, 0xB3,
    0xEF, 0xA0, 0x17, 0x01, 0x5A, 0x95, 0x4A, 0xC5, 0x51, 0x7A, 0x1D, 0x98, 0x27, 0xE7, 0xD6, 0x53,
    0x73, 0x75, 0xEB, 0x89, 0x29, 0xDD, 0xB2, 0xDB, 0x52, 0x5E, 0x52, 0x62, 0x08, 0x39, 0x0A, 0x58,
    0xEF, 0x58, 0xA4, 0xCB, 0x7F, 0x45, 0xE0, 0x16, 0x1C, 0xFC, 0xD6, 0x15, 0x46, 0xCD, 0xC1, 0xE1,
    0x2B, 0x0B, 0xE9, 0x59, 0x1D, 0x7B, 0xF9, 0x64, 0xD1, 0x50, 0x36, 0x52, 0x19, 0xAE, 0x7B, 0xCB,
    0x58, 0xEC, 0xD3, 0x48, 0x95, 0xE5, 0x20, 0x4C, 0x3D, 0xD9, 0x2F, 0x6F, 0x6E, 0xC0, 0xBD, 0xCD,
    0x79, 0x44, 0x32, 0x13, 0x8E, 0x4E, 0xD8, 0xCD, 0x73, 0x32, 0xBA, 0xAC, 0x79, 0x00, 0x6D, 0xB0,
    0x93, 0x01, 0x61, 0x1F, 0xF7, 0xF4, 0x06, 0x97, 0x4F, 0x5D, 0xE5, 0x45, 0x60, 0xF6, 0xAF, 0xBF,
    0x16, 0xDF, 0x2A, 0x77, 0x16, 0xE6, 0x3D, 0x36, 0x88, 0x7A, 0xB7, 0x19, 0xE4, 0x14, 0xD5, 0xA7,
    0xB5, 0x8B, 0xDA, 0xB2, 0x70, 0x71, 0x2D, 0x87, 0xDC, 0x5F, 0x7A, 0xF1, 0xD7, 0xEB, 0x9E, 0xC3,
    0x2F, 0x99, 0x1E, 0x68, 0x69, 0x95, 0x4A, 0x76, 0x45, 0x93, 0xB7, 0x6A, 0x3B, 0x2F, 0xB1, 0xEC,
    0x84, 0x38, 0x8B, 0x97, 0x07, 0x1A, 0xA7, 0xC3, 0x9B, 0xF2, 0x86, 0xCC, 0x95, 0x3D, 0xE9, 0x85,
    0x29, 0x8A, 0x97, 0xD1, 0x24, 0x87, 0x77, 0x75, 0x69, 0x9C, 0xF2, 0xD6, 0xF8, 0x96, 0x6E, 0xDD,
    0xA7, 0xA0, 0x36, 0xD3, 0xD7, 0xDA, 0x4C, 0x57, 0x1C, 0x6B, 0xA6, 0xBF, 0x2E, 0x06, 0xA1, 0x6A,
    0xD8, 0x74, 0x1A, 0x9C, 0x1E, 0x18, 0x56, 0x25, 0xDB, 0x73, 0x3E, 0x15, 0x44, 0x82, 0xB5, 0x20,
    0xA4, 0xCE, 0xF1, 0x1B, 0x70, 0x02, 0x37, 0x18, 0xB9, 0x7E, 0x7A, 0xA0, 0x16, 0x34, 0x0B, 0xF0,
    0xAC, 0x74, 0x01, 0xD5, 0x31, 0x7C, 0xDA, 0x3B, 0xAE, 0x3E, 0x94, 0xF6, 0x42, 0xB5, 0x78, 0xAC,
    0xF7, 0x8F, 0x62, 0xF1, 0x58, 0x9D, 0x5F, 0x1C, 0x20, 0x84, 0xE3, 0x88, 0x31, 0x27, 0x77, 0x82,
    0xAE, 0x55, 0xE7, 0xDC, 0xBA, 0x6F, 0xBA, 0x3F, 0x3B, 0xE6, 0x7D, 0xA7, 0x67, 0x4E, 0x87, 0x4F,
    0xAB, 0x8F, 0xCE, 0x33, 0x2A, 0xD0, 0x9B, 0xA2, 0x30, 0x6D, 0x4C, 0x3B, 0xAE, 0xFF, 0x3B, 0xF0,
    0x54, 0x97, 0x9B, 0xA6, 0x83, 0x6A, 0x72, 0xA0, 0xE9, 0xA4, 0x9E, 0xBA, 0x02, 0x15, 0x40, 0x6F,
    0xDA, 0x9A, 0x56, 0xAA, 0xA3, 0x53, 0x6D, 0x44, 0x0F, 0xE7, 0xF9, 0xC6, 0x8B, 0xF3, 0x7C, 0xDB,
    0x81, 0xF3, 0x7C, 0xAB, 0xC3, 0x79, 0x3E, 0x76, 0x36, 0x79, 0x28, 0xA3, 0xE1, 0xB6, 0xB9, 0x8E,
    0x00, 0x85, 0x8A, 0x57, 0x81, 0x49, 0x15, 0xA4, 0xFD, 0x06, 0xA5, 0xD9, 0xA0, 0x16, 0x59, 0xA1,
    0x31, 0x99, 0x7F, 0xF8, 0x90, 0xAB, 0x70, 0x73, 0xA9, 0xCC, 0x2F, 0x66, 0x2F, 0x7D, 0x71, 0xE6,
    0xF5, 0x08, 0xB9, 0x97, 0x4F, 0xF3, 0xCB, 0xB8, 0x77, 0x9E, 0x69, 0x3A, 0xE1, 0x11, 0x72, 0x9D,
    0x2B, 0x89, 0x9E, 0xF4, 0x07, 0x3C, 0x5D, 0xE0, 0xF1, 0x0A, 0xFA, 0x4B, 0x95, 0x1D, 0x95, 0x70,
    0x9C, 0x5B, 0x9B, 0x72, 0x37, 0x2A, 0x96, 0x8F, 0x1D, 0xC2, 0x06, 0xE7, 0x2E, 0x02, 0x40, 0x77,
    0x88, 0xD7, 0xF0, 0xDD, 0xDB, 0x8B, 0xF5, 0x32, 0x01, 0xAA, 0x43, 0x38, 0x77, 0x04, 0x6F, 0x08,
    0x4A, 0x14, 0x02, 0xB6, 0x2A, 0xE8, 0x0A, 0xA7, 0xC3, 0x59, 0x6A, 0xF9, 0xCD, 0xEA, 0x34, 0xD9,
    0x0F, 0x6A, 0x03, 0xCD, 0x82, 0xC8, 0x66, 0xAD, 0x76, 0x59, 0x5B, 0x36, 0x6F, 0xBC, 0x0D, 0xE5,
    0x59, 0x59, 0x2C, 0x3F, 0xF8, 0xCE, 0xD2, 0x6C, 0x97, 0x0D, 0x1A, 0xFE, 0x21, 0xB6, 0xD7, 0xF5,
    0x87, 0x85, 0xA5, 0x01, 0xCF, 0x6B, 0x46, 0xFA, 0xBC, 0x04, 0x56, 0x95, 0xCB, 0xD7, 0x44, 0x2F,
    0x17, 0x78, 0xFA, 0x77, 0xD4, 0x2E, 0x3C, 0xD6, 0x9C, 0x94, 0xAC, 0x5C, 0x90, 0x18, 0xAC, 0x29,
    0x63, 0xA3, 0x0C, 0x7D, 0xE9, 0xE7, 0x94, 0xD9, 0xF4, 0x98, 0xE4, 0x94, 0xD7, 0xD1, 0xE9, 0xDB,
    0x68, 0x55, 0x1A, 0x95, 0x8A, 0x32, 0xCE, 0x4D, 0x20, 0xD6, 0x2C, 0xF2, 0xD3, 0xC7, 0x70, 0x31,
    0xDD, 0x50, 0xC4, 0xFA, 0x9A, 0x2E, 0x1E, 0x2B, 0xBD, 0x37, 0x59, 0x49, 0xCB, 0x17, 0x6D, 0xB0,
    0xC7, 0x98, 0xEF, 0x34, 0xA0, 0x57, 0xF4, 0x1D, 0xC9, 0x9F, 0x73, 0x1D, 0xAE, 0x5F, 0xE9, 0x73,
    0xF5, 0x75, 0xF8, 0x9A, 0xF0, 0x9C, 0x95, 0xF2, 0xFC, 0x5B, 0x9E, 0xFE, 0x25, 0xA7, 0x8C, 0x2A,
    0x6E, 0x95, 0xFA, 0xDA, 0x3D, 0xD9, 0x92, 0x35, 0x0B, 0x6D, 0x3E, 0xDB, 0xDD, 0xC6, 0xCB, 0xA8,
    0x3F, 0x29, 0x17, 0x76, 0x9B, 0x3F, 0xB6, 0xDB, 0x78, 0xD2, 0x9E, 0x77, 0x5B, 0xCB, 0x81, 0x60,
    0x76, 0x64, 0x79, 0x88, 0xE9, 0x6E, 0x73, 0xBA, 0xDB, 0xAA, 0x9B, 0x6E, 0xF0, 0x17, 0x4A, 0xE0,
    0x07, 0xFA, 0x4E, 0x2E, 0x71, 0x3C, 0xB9, 0xC1, 0xB5, 0x43, 0x0C, 0xDB, 0x46, 0x6A, 0x18, 0xF3,
    0xBF, 0xDD, 0x99, 0x3F, 0xAC, 0x1C, 0x57, 0x15, 0xC6, 0xBF, 0x99, 0xB1, 0x3D, 0x22, 0x53, 0x4C,
    0x83, 0x0B, 0xEC, 0x62, 0xEA, 0x44, 0x28, 0xD3, 0xD0, 0xD0, 0x70, 0x27, 0x49, 0x11, 0x89, 0x14,
    0x71, 0x61, 0x8B, 0x82, 0x82, 0x86, 0x06, 0x17, 0xB8, 0x2F, 0xA2, 0x19, 0x48, 0x49, 0xC1, 0x93,
    0xE8, 0xA5, 0x87, 0xE4, 0xC2, 0x7E, 0x01, 0x85, 0xD2, 0x05, 0xF8, 0x0E, 0x50, 0xA6, 0x59, 0x94,
    0x22, 0x25, 0x03, 0x31, 0x41, 0xA2, 0xC9, 0x25, 0x4C, 0x94, 0x49, 0x7C, 0x67, 0x0E, 0xF3, 0x9D,
    0xDD, 0xBB, 0x83, 0xD7, 0x8B, 0x2C, 0x47, 0xD1, 0x7B, 0xBB, 0xB9, 0xB6, 0x7E, 0x6F, 0x77, 0xEF,
    0xCE, 0xCC, 0xB9, 0xDF, 0x77, 0xFF, 0xEE, 0x01, 0x6E, 0xDF, 0x03, 0x00, 0x19, 0x67, 0x44, 0x22,
    0x33, 0x63, 0x65, 0x22, 0x52, 0xCD, 0x9C, 0xA4, 0x01, 0x32, 0x2F, 0x2D, 0x90, 0x7B, 0x59, 0x91,
    0xB6, 0x03, 0xCA, 0xC1, 0x38, 0xC0, 0xF4, 0x4A, 0x67, 0x06, 0xA0, 0x76, 0x85, 0x07, 0xA4, 0xCB,
    0xC9, 0x55, 0x3E, 0xF1, 0x66, 0x22, 0x88, 0x95, 0x09, 0x59, 0xA5, 0x64, 0x9B, 0xC9, 0xAD, 0x1F,
    0x48, 0xAB, 0x5F, 0x58, 0xE5, 0x23, 0x2F, 0x29, 0x79, 0x89, 0x33, 0x33, 0x6D, 0xAF, 0xB7, 0x1A,
    0xB0, 0xA7, 0x14, 0x1D, 0x69, 0x06, 0xD2, 0x7A, 0xB2, 0x56, 0x9A, 0x9E, 0xCC, 0x1A, 0x92, 0xE5,
    0x8E, 0x34, 0x48, 0x45, 0x1C, 0x4A, 0x11, 0x8F, 0x42, 0x64, 0x42, 0xFE, 0x85, 0x15, 0x24, 0x55,
    0xA6, 0x2D, 0x92, 0x06, 0x57, 0x64, 0x86, 0x9D, 0x91, 0xC9, 0x8C, 0x42, 0x1E, 0x4B, 0x63, 0xC6,
    0xB9, 0xA2, 0x76, 0x33, 0xAC, 0xA2, 0x2F, 0xE6, 0xB7, 0xAC, 0x35, 0x44, 0x21, 0x93, 0x34, 0xA9,
    0x74, 0xD2, 0xE0, 0x27, 0x78, 0xA2, 0x64, 0x03, 0x43, 0x9B, 0x66, 0x94, 0x42, 0xF0, 0x15, 0x25,
    0x40, 0xAC, 0xE1, 0xBE, 0x48, 0xA0, 0x76, 0x4B, 0xD0, 0xC5, 0x48, 0x26, 0xCA, 0x6C, 0xFD, 0x49,
    0x4F, 0xE6, 0xDB, 0x06, 0x1C, 0xA8, 0x25, 0x97, 0x2B, 0x46, 0x39, 0x12, 0x52, 0x11, 0x2D, 0xDB,
    0x44, 0x98, 0x19, 0x11, 0x83, 0x8A, 0x27, 0x46, 0xDC, 0x81, 0xE5, 0x9C, 0xED, 0x88, 0x6E, 0x22,
    0x28, 0x8F, 0xC2, 0x01, 0x57, 0x6F, 0x30, 0x2A, 0xEB, 0x6B, 0x15, 0xEF, 0x1E, 0x90, 0x4D, 0x0C,
    0xB8, 0x58, 0xCB, 0xD3, 0x64, 0xFD, 0x61, 0x8B, 0x0D, 0xE0, 0x16, 0x43, 0xD1, 0x48, 0x3C, 0xE2,
    0xFB, 0xE9, 0x80, 0x5C, 0x7E, 0x41, 0x15, 0xFF, 0xDA, 0xA2, 0x16, 0x07, 0xC8, 0x2F, 0x3D, 0x92,
    0x29, 0x19, 0x91, 0x0C, 0x78, 0x78, 0xCE, 0x8A, 0x5F, 0xAD, 0x10, 0xCC, 0x87, 0x71, 0x64, 0xDE,
    0x5F, 0xBD, 0xC1, 0x50, 0xB5, 0x93, 0x9F, 0x89, 0xE0, 0xC8, 0x14, 0xD7, 0x16, 0x99, 0xD5, 0x8C,
    0xB2, 0x63, 0x73, 0xDC, 0x4B, 0x27, 0x48, 0x7A, 0x19, 0x10, 0x4D, 0x0C, 0x34, 0x65, 0x84, 0xF9,
    0x20, 0x2D, 0x4C, 0x67, 0x56, 0x6C, 0x4E, 0x87, 0xA5, 0x5C, 0x11, 0xDE, 0x63, 0xF3, 0xEC, 0x96,
    0x61, 0x74, 0x90, 0x77, 0xC4, 0xE1, 0x3B, 0xB0, 0x6C, 0xB6, 0x19, 0xE8, 0xCA, 0x80, 0x4C, 0x66,
    0xD8, 0x19, 0x91, 0x88, 0x1D, 0x12, 0x59, 0x99, 0x21, 0x15, 0x98, 0x21, 0x5B, 0xE3, 0x15, 0x19,
    0x18, 0xF0, 0x90, 0x10, 0x91, 0xC8, 0xC7, 0x03, 0xEA, 0x29, 0x1F, 0x70, 0xE5, 0x04, 0x4B, 0x81,
    0x54, 0xCA, 0x95, 0x5A, 0xAD, 0x3D, 0x3D, 0x9F, 0x69, 0xBD, 0x59, 0xF1, 0xF1, 0xA6, 0x3A, 0xBA,
    0x9E, 0xFE, 0x42, 0x15, 0x26, 0x41, 0x56, 0xE3, 0xFA, 0x88, 0xF8, 0x7E, 0x34, 0x22, 0x97, 0xB7,
    0x3D, 0x4A, 0xF9, 0xA0, 0x47, 0x2D, 0x9F, 0x54, 0x17, 0xDA, 0xDD, 0x81, 0x1F, 0x13, 0xA9, 0xBC,
    0xE6, 0x80, 0x5C, 0x64, 0x66, 0x21, 0x94, 0xA8, 0xFC, 0x39, 0x45, 0x03, 0x2E, 0x11, 0xB5, 0xDF,
    0x0A, 0x9B, 0x0A, 0x3F, 0x2F, 0x86, 0xBA, 0x3B, 0x06, 0x0B, 0xAE, 0xE9, 0x60, 0x76, 0x0F, 0x79,
    0x97, 0x11, 0x31, 0x65, 0x8C, 0x5D, 0xE9, 0xC2, 0x0A, 0x27, 0xB4, 0x87, 0x31, 0x19, 0x36, 0x9C,
    0xBD, 0x32, 0x96, 0xF4, 0x42, 0x7C, 0x08, 0x45, 0xFC, 0x56, 0xB9, 0x54, 0xB4, 0xB3, 0x8F, 0x96,
    0x4A, 0xBB, 0x62, 0x00, 0x6C, 0x93, 0x78, 0x84, 0xF2, 0x35, 0xDA, 0xDC, 0x44, 0x5C, 0x10, 0x72,
    0x46, 0x5C, 0x32, 0xE0, 0x7A, 0x31, 0xE3, 0x8D, 0x11, 0xE9, 0x18, 0x0B, 0xB2, 0x1E, 0xB6, 0x02,
    0x70, 0x90, 0x3B, 0x21, 0xDC, 0x22, 0x62, 0xA9, 0x40, 0xE1, 0xB7, 0x17, 0x20, 0x67, 0x6D, 0xF6,
    0xFD, 0xD7, 0x4E, 0x80, 0xA2, 0xCD, 0x38, 0xBE, 0x7A, 0xCE, 0xC0, 0x99, 0x48, 0x1B, 0xDC, 0xC2,
    0x9D, 0x47, 0x38, 0x70, 0x47, 0xCB, 0x15, 0xCD, 0x22, 0x2C, 0xBD, 0xD2, 0xA8, 0x3D, 0x10, 0xFD,
    0xBA, 0xFF, 0x2E, 0x92, 0x1E, 0x0F, 0x91, 0xF8, 0x68, 0x42, 0x2C, 0x1F, 0xF3, 0x5A, 0x19, 0x00,
    0x23, 0x1D, 0x70, 0x65, 0x3A, 0xE7, 0xAD, 0x52, 0xD8, 0x27, 0x25, 0x82, 0x65, 0x29, 0x31, 0x2D,
    0x99, 0x33, 0xF8, 0xEC, 0xD5, 0x5F, 0x1D, 0xB5, 0x0F, 0x6A, 0x83, 0xCE, 0x5C, 0x39, 0x91, 0x0C,
    0x8C, 0x8E, 0x3E, 0x9C, 0xFE, 0xFE, 0xB0, 0x7C, 0x08, 0xC5, 0x34, 0xCB, 0x28, 0xBF, 0xEE, 0xC9,
    0x44, 0x99, 0x0D, 0xC4, 0x9B, 0x1F, 0x1E, 0xB5, 0x1B, 0x49, 0x07, 0x20, 0xA5, 0xB6, 0xAA, 0x5B,
    0x24, 0x4D, 0x68, 0xB1, 0xD0, 0x92, 0x91, 0x96, 0x54, 0x87, 0x63, 0xC9, 0xCE, 0x22, 0xDF, 0x85,
    0x45, 0xBE, 0xD8, 0x2C, 0xF2, 0xDF, 0x04, 0x90, 0xB7, 0x69, 0x77, 0x94, 0x66, 0xEC, 0x2C, 0xF2,
    0x09, 0x65, 0x4C, 0xD6, 0x8B, 0x7C, 0x04, 0xC4, 0x0E, 0x6F, 0xB1, 0xE7, 0x1D, 0x84, 0x0F, 0x59,
    0x93, 0xB2, 0xDB, 0xAF, 0x72, 0x07, 0xDE, 0x7C, 0x57, 0xE9, 0xF2, 0x11, 0xBE, 0x86, 0xCB, 0x7B,
    0xF4, 0x3B, 0xDC, 0xE7, 0x7C, 0x35, 0x21, 0x19, 0x63, 0xDA, 0x20, 0xFB, 0x6D, 0x38, 0xB8, 0x95,
    0xFD, 0xA5, 0xB3, 0xB3, 0x33, 0x18, 0x4A, 0xB4, 0x8B, 0xCF, 0x6F, 0xDD, 0xD2, 0x26, 0x3F, 0x05,
    0x11, 0xBF, 0x07, 0x83, 0xD6, 0xEE, 0x47, 0xB8, 0x69, 0xB3, 0x03, 0xEC, 0x94, 0x64, 0x0C, 0x1B,
    0xD6, 0x5C, 0xAA, 0x0D, 0x52, 0xBE, 0x8D, 0x1E, 0x60, 0x53, 0xAE, 0xF3, 0x2A, 0x2B, 0x6E, 0x3D,
    0x04, 0x72, 0x3A, 0x5C, 0xCA, 0x0F, 0xA5, 0x32, 0x43, 0x44, 0x71, 0x20, 0xAD, 0xFD, 0xE2, 0x6C,
    0x06, 0xED, 0x96, 0x00, 0x7E, 0x76, 0x56, 0xD5, 0x8E, 0xB1, 0x78, 0x42, 0xF0, 0x6D, 0x5E, 0x3B,
    0xD2, 0x05, 0x41, 0x44, 0xA0, 0xA4, 0x5B, 0xD1, 0xFD, 0x27, 0x03, 0xF2, 0x1A, 0xCB, 0x13, 0xC8,
    0x26, 0x06, 0x74, 0x37, 0x9C, 0x7C, 0x54, 0xC9, 0x82, 0x15, 0x57, 0xB4, 0x41, 0xB6, 0x09, 0xE7,
    0xFE, 0x89, 0xE8, 0xC0, 0x72, 0xD1, 0x3A, 0x7F, 0x03, 0x4B, 0xA4, 0x0A, 0x46, 0x2A, 0xED, 0x13,
    0xE1, 0x8E, 0xCB, 0x5E, 0xEF, 0x3C, 0xC5, 0x96, 0xEA, 0x36, 0x52, 0x71, 0xB6, 0xD2, 0xDB, 0x17,
    0x44, 0xF9, 0x37, 0xF1, 0xB8, 0xD6, 0x96, 0xEE, 0x10, 0xA4, 0xFB, 0x29, 0xAE, 0x22, 0x96, 0xCE,
    0x22, 0x95, 0x51, 0xD6, 0x1A, 0xE4, 0x9F, 0xC8, 0x88, 0xBC, 0xAB, 0x07, 0x9A, 0xDE, 0x9C, 0xB3,
    0x60, 0xBB, 0x7B, 0xF1, 0x11, 0xB8, 0x7C, 0x33, 0xEF, 0xF9, 0x8D, 0x37, 0x57, 0x40, 0x2D, 0xFF,
    0xAA, 0x78, 0x89, 0x63, 0x07, 0xCC, 0x3C, 0x90, 0xB9, 0x68, 0x02, 0x16, 0x25, 0x37, 0x6D, 0xDD,
    0x47, 0xCA, 0xA9, 0x72, 0xEC, 0x25, 0x5B, 0xB4, 0x9F, 0xC3, 0xFE, 0xAB, 0x16, 0x2E, 0x4F, 0x69,
    0xF6, 0x30, 0x6C, 0x6B, 0x75, 0xC0, 0xA4, 0x1E, 0x57, 0xEE, 0x67, 0x0E, 0x39, 0x5B, 0x63, 0xF8,
    0x6B, 0x19, 0xE5, 0x8C, 0xE4, 0x47, 0x3D, 0x92, 0x71, 0xAE, 0x4C, 0xFB, 0x68, 0x3A, 0x67, 0xC5,
    0xF5, 0xB7, 0x25, 0xBB, 0xDD, 0x9A, 0x66, 0xC3, 0xD5, 0x1B, 0x88, 0xBD, 0x1D, 0x81, 0xDB, 0x22,
    0x9B, 0x23, 0x6C, 0x3E, 0x94, 0x0E, 0x65, 0x9B, 0x0E, 0xD0, 0x32, 0xEB, 0x7C, 0x0F, 0xC2, 0x1B,
    0xEE, 0xE2, 0x1F, 0xB7, 0x6E, 0x42, 0x3A, 0xE0, 0x29, 0x88, 0xB8, 0x3D, 0xE8, 0xB4, 0x76, 0x2F,
    0xC2, 0x4D, 0xA7, 0x1D, 0xAC, 0xC3, 0x6D, 0xC3, 0x81, 0x26, 0x77, 0xB7, 0x4F, 0x90, 0x3A, 0xE9,
    0x11, 0x7F, 0x46, 0xBF, 0x32, 0x99, 0x80, 0xE2, 0x53, 0xFA, 0xB1, 0xAA, 0x5B, 0xD4, 0x55, 0xD1,
    0x61, 0x29, 0x91, 0x1D, 0xF8, 0x15, 0x51, 0xCF, 0x5A, 0x0D, 0x23, 0x96, 0x4F, 0x6D, 0x9F, 0x48,
    0x53, 0x0C, 0xA9, 0x20, 0xF7, 0x99, 0x9C, 0xBD, 0x3B, 0x43, 0xC4, 0xE7, 0x01, 0xFC, 0xEC, 0xEC,
    0x6E, 0x2A, 0xF4, 0x50, 0x5A, 0xC2, 0xC5, 0x7A, 0xED, 0x0A, 0x35, 0xDB, 0x51, 0x10, 0xB1, 0x5A,
    0x7D, 0xED, 0x04, 0xA1, 0x98, 0x55, 0xE8, 0x1F, 0x99, 0x9F, 0xBB, 0x70, 0xEC, 0x51, 0xCA, 0x1B,
    0x03, 0x6A, 0x79, 0x6F, 0x15, 0x89, 0x75, 0x48, 0xC6, 0xCC, 0x2F, 0xBD, 0xF7, 0xC2, 0x17, 0xAA,
    0x6F, 0x69, 0xCC, 0xDB, 0x2E, 0x53, 0xB2, 0x9F, 0xC6, 0xEC, 0x71, 0xAF, 0xF3, 0xAE, 0xEF, 0x39,
    0x58, 0xF9, 0xE8, 0x22, 0xFB, 0x69, 0x08, 0x51, 0x3A, 0xAF, 0xCF, 0x20, 0x06, 0xA4, 0xAE, 0xA6,
    0xBD, 0x51, 0x98, 0xF9, 0x0D, 0xFD, 0x11, 0x86, 0x31, 0xE5, 0x1E, 0x59, 0x1F, 0x1F, 0x82, 0xBA,
    0x4B, 0xE0, 0xF1, 0x36, 0xF0, 0x44, 0x03, 0xD7, 0x92, 0x0B, 0xF5, 0xA6, 0x7E, 0xB5, 0x74, 0x8C,
    0xBE, 0xE7, 0xD4, 0xA6, 0x12, 0x8F, 0x17, 0x30, 0xF9, 0xF2, 0x6D, 0xC5, 0x58, 0x5A, 0xD6, 0xF2,
    0x69, 0x77, 0x3C, 0x72, 0x9F, 0x0A, 0xCA, 0x0E, 0xB6, 0x3A, 0x88, 0xCE, 0xFA, 0x1C, 0x9B, 0x18,
    0x9D, 0x7A, 0xF3, 0x6D, 0xDF, 0xB0, 0xD2, 0x21, 0x52, 0x89, 0x85, 0x1D, 0xC4, 0x27, 0x82, 0xBC,
    0x83, 0x05, 0xCB, 0xE1, 0x6D, 0xC1, 0x5E, 0x44, 0xED, 0xAC, 0x2F, 0x46, 0xCE, 0x15, 0x45, 0x9F,
    0x37, 0xB3, 0xF2, 0xA7, 0x66, 0x78, 0xBE, 0x7F, 0x57, 0x79, 0x96, 0x18, 0x8D, 0xC4, 0x12, 0x49,
    0x36, 0xE6, 0x7D, 0xA6, 0x02, 0x5E, 0xBB, 0x57, 0xFA, 0x67, 0xFF, 0x7B, 0xFE, 0xA7, 0x85, 0x03,
    0x85, 0x19, 0xAC, 0xAF, 0xBD, 0xE9, 0xB3, 0x13, 0xCE, 0x84, 0xE2, 0xA4, 0x17, 0x67, 0xDD, 0x75,
    0x7D, 0xF6, 0xED, 0x53, 0xEB, 0x9E, 0xFD, 0x0F, 0x2C, 0x3B, 0xD7, 0xDA, 0x11, 0xE1, 0xF0, 0x5B,
    0xD3, 0x9C, 0x68, 0x39, 0x02, 0xB5, 0xB9, 0x74, 0x85, 0xAC, 0x72, 0xA9, 0x62, 0x71, 0xE5, 0xB4,
    0x3D, 0xF6, 0x0C, 0xA4, 0xF1, 0x66, 0x20, 0xEB, 0xFF, 0x43, 0xE3, 0x03, 0xEB, 0xC1, 0x8C, 0x80,
    0xF4, 0x05, 0x3D, 0x73, 0xB9, 0xB4, 0x89, 0x74, 0xA9, 0x7C, 0xFE, 0x2E, 0x5F, 0xE8, 0x2A, 0x3F,
    0x63, 0xA2, 0x93, 0xD2, 0x83, 0x0F, 0x6E, 0xB0, 0x4C, 0xFA, 0x4B, 0x29, 0x1C, 0x69, 0xFE, 0xF7,
    0x28, 0xB5, 0xE6, 0x40, 0x66, 0xDB, 0xEF, 0x67, 0xEB, 0xAE, 0x36, 0x68, 0x13, 0xD8, 0x30, 0x69,
    0x4A, 0x79, 0x47, 0x56, 0xC6, 0x47, 0xE2, 0xEA, 0x01, 0xE2, 0x6C, 0x0F, 0xDB, 0x5B, 0x87, 0x7A,
    0x10, 0x07, 0x43, 0xD4, 0x03, 0xDF, 0xF6, 0x73, 0xAD, 0x65, 0x0B, 0xC5, 0x95, 0x92, 0x4A, 0xC7,
    0x6B, 0xDB, 0xD0, 0xD5, 0x3C, 0x03, 0xEC, 0x9E, 0xEA, 0x6A, 0xF1, 0xF6, 0xB7, 0x8E, 0x5C, 0x8F,
    0x9E, 0x44, 0x22, 0xAC, 0x79, 0xB0, 0x24, 0x83, 0xCD, 0x92, 0x0C, 0x66, 0xAE, 0x43, 0x2F, 0x5B,
    0x92, 0xC1, 0xF9, 0x4E, 0x32, 0xF8, 0x90, 0x2D, 0x79, 0x22, 0x25, 0xDC, 0x10, 0x2D, 0xED, 0xD8,
    0x93, 0x12, 0x7E, 0x04, 0x96, 0x73, 0x36, 0x45, 0x27, 0xA6, 0x45, 0x56, 0xA6, 0x84, 0x57, 0x14,
    0xBE, 0xD6, 0xFD, 0xED, 0x7D, 0x20, 0xDD, 0x24, 0xCA, 0x4A, 0x07, 0xDD, 0x7A, 0x1D, 0x83, 0xE4,
    0xCB, 0xE6, 0x3D, 0x9C, 0x77, 0xE3, 0xB3, 0x64, 0xC0, 0x3A, 0x39, 0xCC, 0xEC, 0x70, 0xC8, 0xD3,
    0x30, 0x61, 0x46, 0xF9, 0x93, 0x69, 0x66, 0x48, 0xD5, 0xEC, 0x78, 0xA0, 0x26, 0xAC, 0x5D, 0x58,
    0xDB, 0x00, 0xF5, 0x01, 0x6A, 0x04, 0xD4, 0x09, 0xA8, 0x15, 0xB0, 0xE1, 0xAD, 0x21, 0xF9, 0x5A,
    0xED, 0xD8, 0xBC, 0x50, 0x43, 0xA0, 0x8E, 0x40, 0x2D, 0x81, 0x7A, 0xB2, 0x31, 0x45, 0x5D, 0xA1,
    0x2D, 0x4B, 0xE2, 0x78, 0x45, 0x96, 0x8E, 0xCC, 0x34, 0x71, 0x1C, 0x2F, 0x89, 0xE3, 0x23, 0xF4,
    0x25, 0xB4, 0xCB, 0xAC, 0xC2, 0xDC, 0xA4, 0x19, 0xE4, 0x53, 0xAC, 0x53, 0xC8, 0x9B, 0x1C, 0x32,
    0x45, 0xC1, 0x26, 0x8B, 0x8C, 0xB2, 0x33, 0xDD, 0xCC, 0x25, 0x8F, 0x1C, 0x8A, 0x1D, 0xD4, 0x1D,
    0x69, 0xE8, 0x23, 0x8D, 0x14, 0x91, 0x01, 0xB1, 0x7C, 0x61, 0x47, 0x6E, 0x8E, 0x0B, 0x41, 0x2A,
    0x4D, 0x2E, 0x9C, 0x66, 0xF8, 0x3F, 0xBC, 0x4D, 0x48, 0xBE, 0xCE, 0xC8, 0x6A, 0xFD, 0x22, 0xA1,
    0x2C, 0x88, 0xC5, 0xD5, 0x14, 0x44, 0xCD, 0xA8, 0x43, 0xF6, 0xB2, 0x05, 0x62, 0x99, 0xC0, 0xF8,
    0xF7, 0xA5, 0x97, 0xBB, 0xE0, 0x50, 0x48, 0x2F, 0x97, 0xBA, 0xAC, 0x97, 0xD5, 0x31, 0xBA, 0xB3,
    0x27, 0xC9, 0x3C, 0x21, 0x3E, 0x8B, 0xA6, 0x90, 0x64, 0x7E, 0xBF, 0x87, 0x09, 0x49, 0x66, 0x1D,
    0x32, 0x1C, 0x31, 0xE7, 0x3E, 0x65, 0xED, 0x24, 0x99, 0x83, 0x98, 0xC5, 0xFE, 0x24, 0x33, 0x43,
    0x69, 0xD9, 0x9D, 0x0C, 0x8D, 0x58, 0x65, 0xFD, 0x31, 0x18, 0x41, 0x1B, 0xF4, 0x57, 0x68, 0x2C,
    0xA9, 0x66, 0xED, 0x49, 0x5A, 0x52, 0x5D, 0x3A, 0x9F, 0x4A, 0x35, 0x5F, 0x8C, 0x1B, 0x8B, 0x96,
    0x4B, 0x52, 0x9F, 0x7A, 0x8F, 0xD6, 0x2D, 0xA9, 0xE6, 0x98, 0xD5, 0x2C, 0x5F, 0xAB, 0xAD, 0xD3,
    0x92, 0x6A, 0x9E, 0xA3, 0xDE, 0x9A, 0xE1, 0x77, 0x52, 0xCD, 0xBC, 0xFD, 0x21, 0xEE, 0xB3, 0x42,
    0xA9, 0x27, 0x52, 0x86, 0x4B, 0xAC, 0xFC, 0xCB, 0x43, 0x7E, 0x8F, 0x5F, 0x2A, 0x3D, 0x69, 0x3A,
    0x92, 0x35, 0x74, 0x2E, 0x9B, 0x34, 0x66, 0x4F, 0xE7, 0x64, 0xB5, 0xE3, 0x5C, 0xFE, 0x84, 0x73,
    0xBD, 0x3A, 0xF1, 0x0C, 0xE7, 0xCC, 0x53, 0xCE, 0x95, 0x23, 0x60, 0x77, 0x9D, 0xBB, 0x23, 0x6D,
    0xFC, 0x0C, 0xE7, 0x68, 0x85, 0x36, 0x33, 0xFC, 0xF0, 0x8E, 0x9A, 0x0D, 0x82, 0x74, 0x16, 0x88,
    0xE5, 0x6D, 0x01, 0x92, 0x29, 0x9E, 0x99, 0x0D, 0x24, 0x40, 0xF2, 0x33, 0x36, 0xF7, 0x5D, 0x4F,
    0x53, 0xC4, 0x69, 0x5B, 0xAA, 0xF3, 0x59, 0xE2, 0x43, 0x11, 0x4F, 0x1A, 0x01, 0x2E, 0xD1, 0xA0,
    0x88, 0x89, 0xA7, 0x95, 0x2A, 0xEF, 0xC8, 0x6C, 0x38, 0x7C, 0xFD, 0x83, 0xFA, 0x99, 0xB4, 0x8C,
    0x54, 0x9B, 0x48, 0x15, 0x2E, 0x81, 0x72, 0x58, 0xCE, 0x05, 0x89, 0xB0, 0x42, 0x35, 0xB7, 0xAF,
    0x1E, 0x8A, 0xFE, 0xE1, 0x9C, 0xB1, 0x8C, 0xF0, 0xEB, 0x13, 0x83, 0x8E, 0xA7, 0x88, 0xA3, 0x40,
    0xFB, 0x7F, 0xDE, 0x2B, 0x9B, 0x63, 0x70, 0x41, 0xCF, 0x19, 0x54, 0x3B, 0x0C, 0x05, 0xB2, 0xD5,
    0xD6, 0xB5, 0x1C, 0x0B, 0xA6, 0xB5, 0x14, 0x82, 0x63, 0x21, 0xD6, 0xB1, 0x10, 0x3D, 0x3A, 0x90,
    0xB1, 0xC0, 0x51, 0x79, 0x17, 0x30, 0xF2, 0xFA, 0x70, 0x89, 0x4F, 0xFF, 0xFC, 0x21, 0xDB, 0xF8,
    0x1F, 0x81, 0xE4, 0xF2, 0xA1, 0xE0, 0xB7, 0xB1, 0xBC, 0x76, 0x0C, 0xA3, 0xE0, 0x0F, 0xB8, 0x49,
    0x09, 0x7F, 0x36, 0x52, 0xF8, 0xCF, 0xFC, 0x25, 0x7E, 0xC5, 0x5B, 0x98, 0x0F, 0xE4, 0xB1, 0xC0,
    0xB4, 0xF2, 0x77, 0xE1, 0x37, 0x0F, 0xA6, 0xFF, 0x87, 0xBD, 0x12, 0x7B, 0xBB, 0x6A, 0xBB, 0xF0,
    0xF0, 0xD5, 0x7E, 0xFE, 0xD5, 0x3A, 0x34, 0x17, 0x76, 0x69, 0x62, 0x1C, 0x78, 0x18, 0x8E, 0xEC,
    0xAE, 0xDD, 0xBA, 0x78, 0x87, 0xB1, 0x9C, 0x91, 0x8C, 0x3B, 0x2C, 0xE0, 0xF3, 0xC1, 0x29, 0x3E,
    0xE3, 0x83, 0x12, 0xF9, 0xEA, 0x99, 0x0A, 0x9B, 0xB3, 0x66, 0x26, 0x6C, 0x45, 0x2E, 0x28, 0x27,
    0xFE, 0xCF, 0xE5, 0x23, 0xF1, 0xC8, 0x44, 0x74, 0x1F, 0x13, 0x0E, 0x5F, 0x2D, 0xDB, 0xA2, 0x41,
    0xDF, 0xAE, 0xB0, 0x53, 0x2C, 0x23, 0x8F, 0x64, 0xB5, 0x5D, 0x1E, 0x62, 0x25, 0xA4, 0x25, 0x5F,
    0x06, 0x70, 0x76, 0x1A, 0x9D, 0x35, 0xE2, 0x62, 0x69, 0xBF, 0x0C, 0x12, 0x22, 0x95, 0xD6, 0x8E,
    0x77, 0xA4, 0xAD, 0x19, 0x8C, 0x21, 0x0A, 0xF1, 0xDC, 0x23, 0x75, 0xD2, 0xEE, 0x4D, 0xD5, 0xB3,
    0xDF, 0xC1, 0x4C, 0x3B, 0xA9, 0xFA, 0xF0, 0x7B, 0x2D, 0xE2, 0x8D, 0xDE, 0xFA, 0x89, 0xDD, 0x1C,
    0x56, 0xC9, 0x52, 0x69, 0x5B, 0xF2, 0x2D, 0x68, 0x39, 0x74, 0x37, 0x2E, 0x6B, 0xDC, 0x03, 0x21,
    0x0A, 0x7E, 0xB8, 0x85, 0xF6, 0xA9, 0xD4, 0xB3, 0xB5, 0x2B, 0x84, 0x72, 0xDE, 0xA6, 0xC4, 0xE2,
    0xD4, 0x19, 0x59, 0x15, 0xBA, 0xA1, 0x06, 0xDB, 0x60, 0x06, 0xD5, 0x59, 0x56, 0xFC, 0x13, 0x49,
    0x50, 0x1D, 0xD2, 0x52, 0xEE, 0x77, 0xA4, 0x52, 0x85, 0x46, 0xE8, 0x9F, 0x93, 0x8D, 0x5E, 0x5F,
    0xF9, 0x9F, 0x54, 0xB0, 0x91, 0x7F, 0xA3, 0xFF, 0xC6, 0x80, 0x8D, 0x03, 0x1B, 0x0B, 0x36, 0x1E,
    0x04, 0x13, 0x36, 0x2E, 0xA8, 0x0D, 0x5B, 0x1F, 0x98, 0x43, 0x26, 0xCD, 0x44, 0xDA, 0x81, 0x94,
    0x2E, 0xE3, 0x45, 0x8D, 0x6D, 0x90, 0x4E, 0xD0, 0x1C, 0x27, 0x59, 0x74, 0x24, 0xEB, 0x1B, 0x55,
    0x87, 0x6E, 0xD8, 0x11, 0x14, 0xB7, 0x57, 0xB6, 0x5F, 0x9A, 0x09, 0x49, 0x6B, 0xA0, 0xDE, 0x40,
    0xCD, 0x81, 0x51, 0xAA, 0x3D, 0x58, 0xFB, 0xF3, 0x84, 0x41, 0x9C, 0xBF, 0x74, 0x14, 0xF7, 0x40,
    0xD1, 0x50, 0x01, 0xC6, 0x97, 0xAD, 0x3D, 0xE1, 0x7D, 0x69, 0x4D, 0xBD, 0x3A, 0x6E, 0x87, 0x82,
    0x3F, 0xA5, 0x2C, 0x3F, 0xFE, 0xC5, 0x6C, 0x26, 0x60, 0x1D, 0x6C, 0xC3, 0x31, 0xC4, 0xB7, 0x9E,
    0x8C, 0xC7, 0x43, 0x71, 0x88, 0x13, 0x56, 0x98, 0xB1, 0xC2, 0x94, 0xC5, 0x39, 0x8B, 0x46, 0x21,
    0x77, 0x1A, 0x66, 0xE9, 0xD4, 0x1A, 0xBB, 0x36, 0xEA, 0xAD, 0xE3, 0x1F, 0x4A, 0x57, 0x09, 0x1A,
    0xA2, 0xE3, 0x69, 0x71, 0x2D, 0x12, 0xDA, 0x05, 0xC1, 0x76, 0x40, 0xA5, 0x9E, 0x4C, 0x4E, 0x0E,
    0xC5, 0xAE, 0xB2, 0x7B, 0xE1, 0x84, 0x71, 0x4C, 0xB9, 0x2B, 0x9A, 0x48, 0x84, 0x75, 0x6C, 0xEA,
    0xCA, 0xB6, 0x89, 0x2F, 0xA5, 0xB5, 0x6D, 0xFC, 0x20, 0x9D, 0x8E, 0xDE, 0x20, 0xDD, 0x0E, 0xA7,
    0xF2, 0xC7, 0xF5, 0x76, 0x78, 0xCC, 0xD6, 0xDB, 0xE1, 0xC6, 0x7C, 0x20, 0x83, 0xB4, 0xA6, 0x15,
    0xC7, 0x6B, 0xAE, 0x55, 0x07, 0x62, 0xCA, 0x52, 0x38, 0x6A, 0x96, 0xDD, 0x09, 0xEC, 0xEE, 0x9F,
    0x63, 0x36, 0x65, 0xEF, 0xCE, 0x4C, 0xB7, 0x66, 0xCB, 0xC4, 0x11, 0xF3, 0xCF, 0xD2, 0xFE, 0x97,
    0x09, 0x96, 0x6C, 0xB9, 0x82, 0x75, 0x0B, 0x0F, 0xCE, 0x40, 0x24, 0x23, 0x99, 0xCB, 0x9A, 0xD5,
    0xF6, 0x75, 0xA6, 0x8C, 0x1E, 0x2C, 0x5F, 0x14, 0xB7, 0xFC, 0x0A, 0x53, 0x4E, 0x64, 0x2A, 0xD5,
    0xD2, 0xAA, 0xB2, 0xDB, 0xEE, 0xEF, 0xEE, 0x22, 0x3E, 0x6B, 0x8C, 0x67, 0xF2, 0xA0, 0x98, 0x78,
    0xA7, 0x5C, 0x90, 0xEB, 0x8B, 0xC2, 0x23, 0x11, 0x56, 0xC5, 0xD2, 0x1A, 0x07, 0xC8, 0xCA, 0xCE,
    0xB4, 0x8E, 0xAA, 0x9A, 0x7F, 0xEB, 0xE4, 0xFB, 0x58, 0x2A, 0xC6, 0x20, 0x20, 0x47, 0x7D, 0x8A,
    0xD7, 0xC7, 0x0F, 0x8C, 0x67, 0x13, 0x44, 0xF7, 0xFC, 0x8C, 0x6E, 0xE9, 0xFE, 0x8D, 0xF6, 0x89,
    0x0B, 0xE7, 0x9D, 0x7C, 0xFD, 0x00, 0xBD, 0x33, 0x5D, 0xA9, 0x89, 0x50, 0x6E, 0x9F, 0xE2, 0x85,
    0x7B, 0xA6, 0x47, 0xC9, 0xD3, 0x97, 0x19, 0x8A, 0x19, 0x2E, 0x1F, 0x51, 0xBB, 0x4C, 0xA0, 0xBF,
    0x3C, 0x71, 0x2E, 0x7A, 0x45, 0xDA, 0x48, 0xFE, 0x24, 0x15, 0xE4, 0xCF, 0x02, 0xD8, 0xF7, 0x67,
    0x98, 0x7F, 0x8E, 0x33, 0x1E, 0x7B, 0xA0, 0x64, 0xD0, 0xB9, 0xF4, 0x94, 0xD3, 0x81, 0x26, 0x6C,
    0x42, 0xA0, 0x6D, 0x54, 0x82, 0x00, 0x50, 0x4C, 0x9B, 0x66, 0x66, 0xEB, 0x0B, 0xBA, 0x8D, 0x17,
    0xD1, 0x8D, 0x83, 0x95, 0x73, 0x5F, 0xA9, 0xDB, 0x50, 0xCB, 0x3B, 0x07, 0x32, 0x2C, 0xF2, 0xE5,
    0xEA, 0x02, 0x24, 0x4D, 0x7D, 0x26, 0x43, 0x3E, 0xE9, 0xCF, 0xE5, 0xB9, 0x54, 0x85, 0xCC, 0x92,
    0xAA, 0xE9, 0xF1, 0x23, 0xE0, 0x2E, 0x34, 0xC6, 0x76, 0xD9, 0x53, 0xDF, 0xE9, 0xC9, 0x5C, 0x59,
    0xBA, 0x25, 0x03, 0xF7, 0x3D, 0x1C, 0x76, 0xE7, 0x46, 0x5C, 0x21, 0x9C, 0x4E, 0xA4, 0x25, 0xF8,
    0xA1, 0x71, 0x61, 0x5C, 0xDA, 0x36, 0x9C, 0x62, 0x1E, 0xE0, 0xF0, 0x7A, 0x38, 0x8A, 0xFE, 0xCA,
    0x29, 0x50, 0x4B, 0x4E, 0xD5, 0x44, 0x1C, 0x74, 0xA9, 0x47, 0x3C, 0x96, 0xD2, 0x22, 0xFA, 0x4D,
    0x3C, 0x1D, 0xB8, 0xFA, 0x45, 0x73, 0xB9, 0x82, 0x0C, 0x65, 0x1B, 0x8B, 0x58, 0xDD, 0xA0, 0xB4,
    0x89, 0xB7, 0x52, 0x25, 0x03, 0xDB, 0x8D, 0xE8, 0xF4, 0xF0, 0x34, 0xFF, 0x2F, 0xCD, 0x99, 0x31,
    0x8C, 0xE6, 0xB8, 0x75, 0xC7, 0x7F, 0x12, 0xBD, 0x23, 0x60, 0x55, 0xD0, 0xC5, 0xAD, 0x71, 0x3E,
    0x03, 0x91, 0x8B, 0x04, 0x48, 0x06, 0x0E, 0xD4, 0xA6, 0xB8, 0x3B, 0x0A, 0x49, 0x0F, 0x6C, 0x71,
    0xEB, 0xC6, 0x85, 0x53, 0xA4, 0x88, 0xB7, 0x59, 0xB7, 0x06, 0x92, 0x95, 0x02, 0xF7, 0xC8, 0x20,
    0x49, 0xEA, 0x6C, 0xB1, 0xC5, 0x7A, 0x8A, 0x6C, 0xEB, 0xC2, 0x39, 0x31, 0x49, 0x0F, 0x28, 0x7D,
    0x23, 0x04, 0x69, 0xEC, 0x14, 0x66, 0x62, 0x19, 0xE0, 0xFA, 0x28, 0xBD, 0x88, 0xD4, 0x7C, 0x9F,
    0xBE, 0xF9, 0xB2, 0x3B, 0xE7, 0x05, 0xE6, 0x82, 0x3C, 0x91, 0xFF, 0xF7, 0x44, 0xBE, 0xF7, 0xF8,
    0xF8, 0x28, 0x90, 0x9C, 0x6F, 0xB8, 0x82, 0x09, 0x3E, 0xE1, 0xFA, 0x75, 0x23, 0xD2, 0xB9, 0xDF,
    0xC1, 0xFD, 0x14, 0x37, 0xE2, 0xB8, 0x87, 0x92, 0x75, 0x14, 0x96, 0x0A, 0x9E, 0x5F, 0x77, 0xBD,
    0xD8, 0x3F, 0x54, 0xB6, 0xFC, 0xB1, 0xCD, 0xFF, 0xD5, 0xA2, 0xEE, 0xA1, 0x5C, 0x5E, 0x5F, 0xF5,
    0xE2, 0xB6, 0x72, 0x79, 0xFD, 0xE2, 0xEC, 0xF5, 0xD1, 0x93, 0x27, 0x4F, 0x9A, 0x5E, 0x44, 0x86,
    0x1D, 0x52, 0xDB, 0x0A, 0x9F, 0xF5, 0x22, 0xCB, 0xA1, 0xC6, 0xF7, 0xD8, 0x91, 0x9A, 0x23, 0x2D,
    0xB7, 0x59, 0xEC, 0xFB, 0xED, 0x54, 0x00, 0x51, 0xE1, 0xFF, 0xB2, 0xFC, 0x20, 0x7B, 0x19, 0x43,
    0x98, 0x76, 0x88, 0xA1, 0x3C, 0xE6, 0x48, 0xEF, 0xE8, 0x75, 0xC5, 0x54, 0x4D, 0xC6, 0xB6, 0x2C,
    0xCC, 0xC8, 0x28, 0x93, 0xF8, 0x7E, 0x32, 0xAE, 0xEC, 0xA0, 0x72, 0xC6, 0x9B, 0xB0, 0x3E, 0x73,
    0x19, 0x08, 0x59, 0x50, 0x5E, 0x3B, 0x63, 0x0D, 0x1F, 0x72, 0x77, 0x5F, 0x3D, 0xB6, 0x4E, 0xFC,
    0xFA, 0x38, 0xE9, 0x66, 0x3E, 0xC7, 0x50, 0x0F, 0x7A, 0x52, 0x8E, 0x3F, 0x25, 0x92, 0xE3, 0x2F,
    0x8A, 0x29, 0x0B, 0xD5, 0x54, 0x04, 0x63, 0xF5, 0xD8, 0x52, 0xDB, 0x05, 0xD3, 0xCC, 0x6B, 0x95,
    0xD1, 0x4C, 0x32, 0x99, 0x20, 0xDE, 0xCC, 0xFD, 0x54, 0xCF, 0xC6, 0xE9, 0x50, 0x76, 0xF9, 0x08,
    0x69, 0xC8, 0xC2, 0x63, 0xBC, 0x5E, 0x30, 0xA1, 0x92, 0x1B, 0x98, 0xB5, 0x50, 0x86, 0x5C, 0x20,
    0x60, 0xC8, 0x02, 0x3D, 0xCA, 0x33, 0xA3, 0x9D, 0x0A, 0x18, 0x5B, 0x39, 0x0C, 0xDA, 0xF2, 0x21,
    0x17, 0x70, 0x3F, 0x5E, 0x5A, 0x67, 0xA6, 0x08, 0x1E, 0x33, 0xD5, 0x21, 0xBA, 0x0A, 0x54, 0x11,
    0xD6, 0x50, 0x17, 0xCA, 0xA0, 0x16, 0xD4, 0x9C, 0x0B, 0x2B, 0x17, 0xF8, 0x09, 0x4F, 0xA1, 0xF4,
    0xAC, 0x10, 0x8E, 0xE0, 0x4F, 0xE1, 0xF7, 0xBE, 0xF7, 0xE6, 0xBB, 0x4D, 0x2B, 0x22, 0xDD, 0x19,
    0x50, 0x78, 0x38, 0x81, 0xF2, 0xB7, 0x80, 0xF0, 0xA5, 0xA0, 0x8F, 0xF0, 0xFE, 0x51, 0xFD, 0x72,
    0x91, 0xEE, 0xAD, 0xA3, 0xE9, 0xFF, 0xED, 0xE5, 0xE9, 0xF7, 0xDE, 0x3C, 0x3D, 0x77, 0xF0, 0xFC,
    0xF5, 0xF2, 0xBA, 0x49, 0x93, 0x79, 0xB7, 0x17, 0x62, 0xE2, 0xB4, 0x58, 0x23, 0xAE, 0x15, 0xD7,
    0x8B, 0x5F, 0x4B, 0x2B, 0x93, 0x11, 0x57, 0xCB, 0x50, 0x48, 0xC3, 0x9F, 0x01, 0x8C, 0x30, 0x83,
    0x0C, 0x48, 0x40, 0xA4, 0x13, 0xF1, 0x22, 0xB3, 0xC8, 0x28, 0x0B, 0x32, 0x22, 0x30, 0x41, 0x03,
    0xD5, 0x55, 0x3F, 0x89, 0x8F, 0x8F, 0x71, 0x0F, 0x9B, 0xAA, 0xE3, 0x39, 0xBD, 0xCB, 0xC5, 0x8A,
    0x57, 0x32, 0x6E, 0x30, 0xAD, 0xD0, 0xBA, 0x4C, 0xEC, 0xC3, 0x86, 0x3F, 0x20, 0xBF, 0x22, 0xBB,
    0x82, 0x17, 0x54, 0x1E, 0x1D, 0x28, 0x16, 0xCC, 0x4C, 0x2D, 0x68, 0xC1, 0xAC, 0xB2, 0x50, 0x49,
    0xB3, 0x0B, 0x33, 0x55, 0xEA, 0xD2, 0x9B, 0xF2, 0x4C, 0x76, 0x34, 0xEF, 0x7A, 0x97, 0x06, 0x9E,
    0xDA, 0x75, 0xE0, 0xEB, 0xEB, 0x4E, 0xC4, 0x3A, 0xB8, 0xC7, 0xB2, 0xF9, 0x44, 0xDD, 0x67, 0x69,
    0x65, 0x78, 0x6B, 0xB9, 0x97, 0x88, 0x37, 0x57, 0x3F, 0x84, 0x63, 0xF9, 0xD1, 0x93, 0xE6, 0x7E,
    0x9D, 0xC3, 0x5E, 0x1E, 0x7D, 0xF7, 0xDE, 0x22, 0xBF, 0x45, 0xFD, 0x08, 0x86, 0x44, 0x4A, 0x02,
    0x2C, 0x24, 0xD2, 0x22, 0x64, 0xE1, 0xB0, 0xC5, 0x48, 0xA7, 0x3C, 0x89, 0xEA, 0xC1, 0xD8, 0xC2,
    0x91, 0xC8, 0xD8, 0xB8, 0xDF, 0xED, 0x72, 0x65, 0x77, 0xD9, 0x74, 0xBB, 0xDC, 0xB2, 0xCB, 0xF3,
    0x2E, 0xFF, 0x73, 0xDC, 0x5F, 0x30, 0x9E, 0xCA, 0xF5, 0x3F, 0x9E, 0x8C, 0xD8, 0x4C, 0x04, 0x2D,
    0x52, 0x3A, 0x11, 0xA7, 0x44, 0xBA, 0x42, 0x66, 0xFD, 0x6F, 0xA2, 0x7D, 0x19, 0xDA, 0xB5, 0x6F,
    0xAA, 0xFF, 0x65, 0x56, 0x41, 0xBB, 0x7A, 0xE4, 0xA3, 0xC6, 0xFC, 0x49, 0x88, 0xB2, 0x76, 0x40,
    0xAF, 0x56, 0xB9, 0x1A, 0x93, 0x3C, 0xEF, 0x72, 0x1E, 0x76, 0x59, 0xB9, 0x5D, 0x2E, 0x93, 0xAC,
    0x5D, 0x35, 0x82, 0x5E, 0xFD, 0x96, 0x5E, 0x4F, 0x66, 0x80, 0xBA, 0x43, 0xC4, 0x15, 0x22, 0x16,
    0x0C, 0x71, 0x05, 0x72, 0x11, 0x60, 0x81, 0x4A, 0x1A, 0xFA, 0x00, 0xBC, 0x82, 0xEC, 0x25, 0x5C,
    0x74, 0x00, 0xEF, 0xCC, 0xE3, 0x79, 0x2E, 0xCF, 0xF3, 0x79, 0x9E, 0xD3, 0xF3, 0xBC, 0x9E, 0xE7,
    0xF6, 0x3C, 0xBF, 0xE7, 0x39, 0x3E, 0xCF, 0xF3, 0x79, 0xAE, 0xCF, 0xF3, 0x9D, 0xC9, 0x70, 0x2B,
    0xE7, 0xA5, 0xF8, 0x5B, 0x79, 0xAF, 0x64, 0xE6, 0x34, 0xF7, 0xE6, 0xDF, 0x85, 0xD3, 0xFC, 0xB7,
    0x56, 0x38, 0x5D, 0x83, 0xBE, 0xE9, 0xBB, 0x7D, 0x1D, 0xE2, 0x7B, 0xDB, 0x01, 0xF3, 0xED, 0xF7,
    0x3C, 0xDC, 0x7E, 0xDF, 0xD7, 0x64, 0xB3, 0xDF, 0xD7, 0xA5, 0xED, 0xFA, 0xE6, 0x74, 0x6D, 0x8C,
    0x15, 0x4E, 0xD7, 0xA7, 0x96, 0x85, 0xD3, 0x35, 0xD2, 0x12, 0x6E, 0xAD, 0x53, 0x2E, 0xE3, 0xED,
    0xB5, 0xFA, 0x26, 0xE8, 0x37, 0x7A, 0xD6, 0xA1, 0x0A, 0x75, 0xA8, 0xBD, 0x71, 0xC6, 0x45, 0xAF,
    0xAD, 0xFD, 0xC6, 0xDA, 0xAE, 0x96, 0x46, 0xCF, 0x4A, 0x1A, 0x1D, 0x0A, 0xA1, 0x0A, 0xA5, 0x50,
    0xC7, 0x44, 0xD5, 0x5E, 0xCF, 0xC4, 0xF3, 0x3A, 0x82, 0xC7, 0x0C, 0x7A, 0xDA, 0x4E, 0xCE, 0xD6,
    0x56, 0x23, 0xDF, 0xE0, 0x41, 0x07, 0xF5, 0x94, 0x0E, 0xCA, 0xE8, 0xAF, 0xF6, 0xF4, 0xB6, 0x1D,
    0x8D, 0x43, 0x3A, 0xB1, 0xBD, 0xCD, 0x25, 0x13, 0xA4, 0x53, 0xB3, 0x5A, 0x72, 0xA1, 0xF4, 0x45,
    0x50, 0x01, 0xED, 0xF4, 0x54, 0x7A, 0xEA, 0x21, 0xCE, 0x1A, 0xD3, 0x19, 0x5B, 0x0F, 0x98, 0xC9,
    0x78, 0xE3, 0xEB, 0x50, 0x05, 0xBD, 0x3E, 0x65, 0x28, 0x52, 0x9E, 0xB2, 0x57, 0xC9, 0x67, 0x6C,
    0x64, 0x6D, 0x5B, 0x50, 0xA2, 0x84, 0xE4, 0x13, 0x59, 0x23, 0x8F, 0x0B, 0x3A, 0x52, 0x39, 0xED,
    0xD0, 0xAE, 0xF4, 0x28, 0xAF, 0x42, 0xB4, 0xA8, 0x36, 0x1B, 0x3D, 0x27, 0x2B, 0x25, 0xC9, 0x2E,
    0x93, 0x26, 0x59, 0x8A, 0x4D, 0xB6, 0x66, 0x48, 0xD6, 0xB5, 0x4B, 0xF6, 0x7A, 0x4A, 0x1E, 0x54,
    0x48, 0x3E, 0xF2, 0x40, 0x24, 0x6D, 0xA1, 0x1A, 0xC0, 0x38, 0x68, 0x27, 0x58, 0x02, 0x59, 0x98,
    0x51, 0x53, 0x8B, 0x72, 0xA6, 0xD1, 0x63, 0x65, 0xB5, 0xD5, 0x43, 0xDD, 0x15, 0xCE, 0xA0, 0x26,
    0x7E, 0x97, 0xE7, 0xD9, 0x52, 0x84, 0x2A, 0xE6, 0xB5, 0x33, 0xAC, 0x75, 0xA8, 0x5C, 0x11, 0xF2,
    0x85, 0xCF, 0xF9, 0xFD, 0x0F, 0xF8, 0x27, 0xFA, 0xC6, 0x0C, 0x3A, 0xB6, 0x04, 0xD6, 0x5A, 0x84,
    0xB8, 0xAE, 0x7D, 0xB3, 0x76, 0x02, 0x3C, 0x88, 0x40, 0x83, 0xB1, 0x7C, 0x9D, 0x7C, 0x44, 0x46,
    0x7E, 0x4A, 0xE9, 0x11, 0x97, 0x2F, 0xE8, 0x05, 0x71, 0xA5, 0x50, 0x48, 0xD7, 0x0E, 0x75, 0x20,
    0x93, 0xF1, 0xA3, 0xA6, 0x8F, 0x71, 0x79, 0x72, 0x89, 0x71, 0x2E, 0x94, 0x02, 0x51, 0xA1, 0x0E,
    0x10, 0x15, 0xC4, 0x01, 0xB4, 0x5F, 0xA4, 0xEE, 0xB1, 0x12, 0x41, 0x30, 0xBE, 0x90, 0xB0, 0x1A,
    0x98, 0x90, 0x89, 0x53, 0x2B, 0xF7, 0xB9, 0xF8, 0xC8, 0xA7, 0x52, 0x96, 0x4C, 0xBA, 0x8B, 0xAE,
    0x16, 0xE9, 0x7E, 0x00, 0xF4, 0xFF, 0x25, 0x23, 0x44, 0xE7, 0xAD, 0x07, 0x4A, 0x89, 0x43, 0x40,
    0x1D, 0xE2, 0x10, 0xD0, 0xBB, 0x38, 0x04, 0xD1, 0x55, 0xD7, 0xFA, 0xD8, 0xDD, 0x8F, 0xD5, 0x8C,
    0x0E, 0x88, 0x2B, 0x04, 0xE5, 0x10, 0x97, 0x05, 0xB0, 0xF4, 0x23, 0x3F, 0x64, 0xFB, 0x74, 0x13,
    0x45, 0x5B, 0x25, 0x5D, 0x7B, 0x80, 0x66, 0x07, 0x73, 0x00, 0x4E, 0x21, 0x5F, 0x61, 0xBC, 0x05,
    0xF5, 0x90, 0x25, 0x58, 0x36, 0x78, 0xD0, 0xF0, 0x19, 0x89, 0x2E, 0xE2, 0x4D, 0x22, 0x99, 0x89,
    0x2F, 0xC4, 0x4A, 0xD0, 0x07, 0x88, 0xAF, 0xC9, 0x55, 0x52, 0xE1, 0xE1, 0x2B, 0xC8, 0x44, 0x06,
    0xB4, 0x88, 0xC7, 0x88, 0x2C, 0x98, 0xA5, 0x17, 0xF4, 0x50, 0x4A, 0xA3, 0x50, 0xD2, 0x51, 0xFF,
    0xB7, 0x34, 0xD4, 0xBF, 0x5A, 0xA1, 0xFA, 0x95, 0x40, 0xF5, 0xC5, 0x0C, 0x5A, 0x7C, 0x04, 0x17,
    0xA1, 0x5B, 0x61, 0x39, 0xDE, 0xBD, 0x26, 0xE0, 0xC1, 0xF1, 0x62, 0x9E, 0x5F, 0x01, 0x95, 0x07,
    0xCC, 0x1C, 0x61, 0x39, 0x42, 0x52, 0xF6, 0x90, 0xAE, 0x14, 0xEF, 0xBE, 0xDB, 0x7F, 0x02, 0x14,
    0xB6, 0xEF, 0xA0, 0x1E, 0xFB, 0x99, 0x42, 0xC6, 0x5A, 0x24, 0x9D, 0x06, 0x22, 0x33, 0xB4, 0x31,
    0x74, 0xB2, 0xD7, 0x2F, 0x01, 0x9E, 0xFD, 0x07, 0xA0, 0x45, 0xBA, 0xE4, 0x70, 0x22, 0x5F, 0xC8,
    0x67, 0xCA, 0x11, 0x4C, 0xA3, 0x1B, 0x28, 0xED, 0xA7, 0x80, 0x1A, 0x3F, 0x86, 0xF3, 0x83, 0x2F,
    0x40, 0xEE, 0x41, 0x39, 0x92, 0xBE, 0xB6, 0xDB, 0x32, 0x19, 0xE0, 0xF9, 0xD6, 0x9D, 0xDD, 0x74,
    0x17, 0x0E, 0xF4, 0x00, 0x95, 0x05, 0x13, 0x5D, 0x3B, 0x58, 0x3C, 0x84, 0x9F, 0x91, 0x4F, 0x9F,
    0xA2, 0x9C, 0xA1, 0x1C, 0xAB, 0x4E, 0x5B, 0x6D, 0xEB, 0xAE, 0x18, 0x4D, 0x32, 0x82, 0x8B, 0x57,
    0x1C, 0xA8, 0x0C, 0x47, 0xB1, 0x78, 0xAB, 0xA8, 0x8E, 0xE2, 0xE3, 0x55, 0xBC, 0x22, 0x91, 0xFC,
    0xAD, 0x7F, 0x36, 0xDE, 0x88, 0x2B, 0x9D, 0x88, 0x8E, 0x73, 0x31, 0x7B, 0x26, 0x7F, 0xC7, 0x0D,
    0x19, 0xD9, 0x3F, 0x37, 0x19, 0xD8, 0x28, 0x93, 0xD6, 0x1D, 0x06, 0x13, 0x1D, 0xD8, 0x48, 0x2F,
    0x7A, 0x39, 0x86, 0xA0, 0xFC, 0x16, 0xD6, 0xC2, 0x1F, 0xA9, 0x2E, 0xA9, 0xA8, 0xD4, 0xB9, 0x89,
    0x73, 0x12, 0xFD, 0x99, 0x98, 0x1C, 0x95, 0x13, 0xFC, 0xA5, 0x0A, 0x17, 0x0E, 0x5F, 0x4E, 0xDF,
    0xB2, 0xFD, 0x17, 0x8B, 0xB8, 0x4C, 0xFE, 0xF3, 0x0B, 0xB1, 0x7D, 0x8C, 0x30, 0x5F, 0x41, 0x06,
    0xD9, 0xC5, 0xD7, 0x2B, 0x8C, 0x59, 0xEC, 0xBB, 0xDA, 0x3E, 0x26, 0x8C, 0x24, 0x18, 0x80, 0x6D,
    0x31, 0x7F, 0xE9, 0x20, 0x97, 0x7E, 0x20, 0x93, 0xBF, 0x0E, 0x31, 0x10, 0xE3, 0x50, 0x52, 0x2E,
    0xA0, 0x43, 0x1D, 0x48, 0x3B, 0xDB, 0xB6, 0x39, 0xF2, 0xB3, 0x7C, 0x82, 0x7C, 0x2A, 0x07, 0xF8,
    0x1A, 0x0D, 0xF0, 0xED, 0x1C, 0x2E, 0xAF, 0x5F, 0x1A, 0x09, 0xC7, 0xF2, 0x28, 0xFD, 0x05, 0x5B,
    0x5B, 0xC0, 0x34, 0x40, 0x0F, 0x30, 0x03, 0x79, 0x80, 0x6D, 0xBD, 0xCA, 0x08, 0xDA, 0x02, 0x75,
    0x8A, 0x08, 0x60, 0x89, 0x90, 0x34, 0x3C, 0x50, 0x24, 0x8D, 0x11, 0xA8, 0x92, 0xA3, 0x0E, 0x68,
    0x0F, 0x6A, 0x59, 0x52, 0x9B, 0x8E, 0x6A, 0xC3, 0xAD, 0xF1, 0x2E, 0x21, 0x9D, 0x56, 0xBD, 0x8C,
    0x37, 0x65, 0xE4, 0xAE, 0xF2, 0x9B, 0x6E, 0xD7, 0xFC, 0xCD, 0xD5, 0xDD, 0xCA, 0x47, 0xCD, 0x56,
    0x46, 0x13, 0x8B, 0xDB, 0x0A, 0xE6, 0xAE, 0x72, 0xD9, 0xBB, 0x83, 0x66, 0x94, 0xEF, 0x56, 0x36,
    0xB2, 0x17, 0x3E, 0x7A, 0x01, 0x4F, 0xAF, 0xC8, 0x45, 0x9A, 0x42, 0x16, 0xB4, 0xC8, 0x50, 0x8B,
    0x58, 0x23, 0xE2, 0x64, 0x95, 0x57, 0xEE, 0x7B, 0x11, 0xA7, 0x87, 0x36, 0x54, 0x9D, 0xB8, 0x9C,
    0x3A, 0x7C, 0x8D, 0xD6, 0xB1, 0x72, 0xA2, 0x3B, 0x8C, 0x87, 0xDE, 0x6D, 0x55, 0xC6, 0xB4, 0x97,
    0x2A, 0xB1, 0x69, 0x6F, 0xD5, 0x42, 0xAA, 0x75, 0xD8, 0x6A, 0x3B, 0x81, 0x99, 0x92, 0x5A, 0x72,
    0x21, 0x16, 0xDA, 0x71, 0xE3, 0x8F, 0x1E, 0xC3, 0x93, 0x86, 0x23, 0x3D, 0x6C, 0xE0, 0x9B, 0xEC,
    0xFD, 0x32, 0x91, 0x4B, 0x94, 0x3D, 0x4A, 0xDC, 0x09, 0x77, 0x5B, 0xBB, 0xB9, 0xD1, 0xBB, 0xD8,
    0xEC, 0xD2, 0xBC, 0x48, 0xD3, 0xD2, 0xDB, 0xAC, 0x56, 0x16, 0x27, 0xB5, 0x31, 0xBF, 0xB2, 0x38,
    0x25, 0x3D, 0x93, 0x53, 0x47, 0xC6, 0x81, 0x19, 0xAF, 0x03, 0xD0, 0xBB, 0x32, 0x10, 0x67, 0x13,
    0x59, 0x21, 0x5D, 0x64, 0x5A, 0x88, 0x2C, 0x7E, 0xB1, 0x01, 0xCC, 0x94, 0x58, 0xEB, 0x50, 0x91,
    0x8D, 0x28, 0x9F, 0xA6, 0x91, 0x7D, 0x76, 0x3A, 0x89, 0xEC, 0x45, 0xEA, 0x8B, 0x76, 0x32, 0x51,
    0x49, 0x8A, 0xBC, 0x3E, 0x61, 0x2E, 0x35, 0x9A, 0xA8, 0x12, 0xA3, 0x4F, 0xDB, 0xE9, 0x2A, 0xBC,
    0xA4, 0x77, 0x88, 0xD8, 0xD6, 0x15, 0x22, 0xAE, 0x75, 0x95, 0x48, 0x68, 0x9D, 0x16, 0x99, 0x5B,
    0xA7, 0x5C, 0xBD, 0x18, 0x47, 0xA3, 0x23, 0x72, 0x83, 0x73, 0x44, 0x13, 0x22, 0xF6, 0x93, 0x19,
    0x63, 0x56, 0x56, 0x2C, 0xA4, 0x5B, 0x51, 0x0B, 0xF5, 0x40, 0x15, 0x22, 0xD6, 0x3E, 0xE1, 0xC4,
    0x83, 0xE6, 0xB8, 0xCF, 0xC7, 0x71, 0xF3, 0x0E, 0xE3, 0xA8, 0x26, 0xC4, 0x63, 0x02, 0x12, 0x68,
    0xE7, 0x03, 0xA6, 0x96, 0xAD, 0x77, 0xD3, 0xBC, 0xBC, 0xBE, 0xBE, 0x6E, 0x45, 0xE4, 0xB4, 0x6E,
    0x5B, 0x49, 0xCA, 0x53, 0xAC, 0x9E, 0x38, 0x08, 0xC6, 0x6D, 0xB5, 0x1F, 0x41, 0x06, 0x10, 0x4B,
    0xB6, 0x56, 0x25, 0xDD, 0x5A, 0xA1, 0x10, 0x48, 0xFB, 0xC0, 0x0C, 0xD5, 0x96, 0x5B, 0x8C, 0xDF,
    0x3E, 0x95, 0xA7, 0x2F, 0xE2, 0x38, 0x2F, 0xC1, 0x88, 0x48, 0x97, 0xD0, 0x25, 0x0C, 0x18, 0x25,
    0x32, 0x27, 0x5C, 0x12, 0xCA, 0x7B, 0xE2, 0x66, 0x15, 0x12, 0xFA, 0x84, 0x63, 0xC2, 0x66, 0x45,
    0x07, 0xF7, 0x8C, 0x9F, 0x26, 0x24, 0x5B, 0x93, 0xB6, 0x1D, 0x95, 0x8D, 0x92, 0x88, 0x65, 0x42,
    0x2D, 0xF2, 0xA6, 0x6D, 0x6A, 0x91, 0xC9, 0x34, 0xE6, 0x3D, 0xB1, 0x4E, 0xB8, 0x79, 0xD8, 0xBC,
    0xE5, 0x09, 0x69, 0x13, 0x66, 0xEB, 0x39, 0xCC, 0xD3, 0xEB, 0xEB, 0x2B, 0x62, 0x2B, 0xFB, 0xCE,
    0xBD, 0x7C, 0x5F, 0x24, 0xCC, 0xFA, 0x06, 0xE6, 0x08, 0xCB, 0x9D, 0x90, 0x54, 0x42, 0x34, 0xF3,
    0xC9, 0xC1, 0xC1, 0xD5, 0xC2, 0x3A, 0x44, 0x03, 0xF9, 0x4F, 0x00, 0xB5, 0x44, 0x98, 0x8F, 0x10,
    0xE0, 0xDB, 0x2B, 0x3C, 0xEE, 0xFF, 0x26, 0x3C, 0x73, 0x7D, 0x32, 0x3B, 0xC2, 0x76, 0xC4, 0xD5,
    0x69, 0x0B, 0x90, 0x11, 0xE4, 0x1F, 0xA6, 0xED, 0x28, 0x2B, 0xA5, 0x10, 0xF2, 0x39, 0x1A, 0x7F,
    0x27, 0x1B, 0x48, 0x54, 0x0F, 0x87, 0xDF, 0x2B, 0x8C, 0x7B, 0xD0, 0xC0, 0x39, 0x3D, 0x79, 0xDC,
    0xBB, 0xD6, 0x19, 0x67, 0x7C, 0xBC, 0xC1, 0x97, 0x41, 0xCD, 0xF9, 0xFC, 0xFE, 0xD7, 0x89, 0xFF,
    0x2F, 0xF4, 0x9D, 0x08, 0xE3, 0x27, 0x40, 0xEE, 0x2A, 0xA0, 0x18, 0xCA, 0x01, 0xEA, 0x4E, 0x79,
    0x32, 0x01, 0xF9, 0x45, 0xEF, 0xA1, 0xDA, 0x2E, 0x4E, 0xF2, 0x86, 0xAF, 0x3A, 0xF9, 0x5F, 0xB5,
    0x7B, 0xC0, 0x8C, 0x6A, 0xE9, 0xA7, 0x62, 0x16, 0xAF, 0xC3, 0x5A, 0xA7, 0xDE, 0xD5, 0xAE, 0x1E,
    0xCC, 0x08, 0xAD, 0xBD, 0xD9, 0x32, 0x1A, 0x72, 0xD9, 0xA2, 0x28, 0x6F, 0x76, 0x97, 0xEA, 0xB0,
    0xBB, 0x0C, 0xD0, 0x47, 0xB5, 0x8E, 0x4C, 0xD8, 0x76, 0x95, 0xB4, 0x11, 0xE5, 0xA3, 0xF6, 0x7A,
    0xAE, 0xE3, 0x66, 0x39, 0xD6, 0xD2, 0x0E, 0xF5, 0x22, 0x56, 0x87, 0x74, 0x61, 0x3D, 0x52, 0x2D,
    0x3F, 0x87, 0x78, 0xEB, 0x10, 0x91, 0xA5, 0x21, 0x0F, 0x5A, 0x22, 0xFD, 0xFC, 0xB5, 0xAF, 0x65,
    0x23, 0x67, 0x3A, 0xBE, 0x15, 0x05, 0xFB, 0x39, 0x70, 0xD1, 0xCB, 0x4C, 0xA2, 0xED, 0xB4, 0x7A,
    0x10, 0xE1, 0x42, 0x16, 0xC0, 0x48, 0x9A, 0xEB, 0xDF, 0x3F, 0x0B, 0xA8, 0x09, 0x7A, 0xB4, 0x65,
    0xAD, 0x35, 0xA0, 0x86, 0x8F, 0x81, 0xCC, 0x7D, 0x08, 0xD0, 0x41, 0x80, 0x04, 0xCA, 0x86, 0x12,
    0xED, 0x42, 0x6D, 0x75, 0x08, 0xBD, 0x55, 0x22, 0x02, 0x22, 0x01, 0x8C, 0x38, 0x64, 0xA5, 0xB0,
    0xC3, 0xA3, 0x56, 0x7E, 0xFD, 0x98, 0x5E, 0x02, 0x31, 0x58, 0xCA, 0x10, 0xC4, 0xAE, 0xB6, 0xC6,
    0xAE, 0x5E, 0x34, 0xBB, 0x53, 0xE0, 0x12, 0xD2, 0x2E, 0x8B, 0x92, 0xF1, 0x14, 0x88, 0x6D, 0x7C,
    0xC0, 0xDB, 0x28, 0x8B, 0x60, 0x92, 0xD2, 0x14, 0xC1, 0x1F, 0xA0, 0x75, 0xC0, 0x47, 0x1D, 0x77,
    0x53, 0xDF, 0x40, 0x2E, 0xC3, 0x3E, 0xDA, 0xF6, 0x9A, 0x3A, 0xEA, 0xA9, 0x9E, 0x8C, 0x33, 0x8E,
    0x08, 0xAD, 0xEB, 0x47, 0x7A, 0x2B, 0xE9, 0x41, 0x3A, 0xF9, 0x2B, 0xF9, 0xE3, 0xB8, 0x6D, 0xA9,
    0xF8, 0x2C, 0xA8, 0x59, 0x85, 0x22, 0x94, 0x81, 0xD2, 0xEB, 0xF8, 0x4C, 0x68, 0xA7, 0x5D, 0xE5,
    0xEA, 0x31, 0xFD, 0xA8, 0x12, 0x1F, 0x4C, 0x67, 0xBA, 0xB6, 0x6B, 0x9B, 0xC3, 0x54, 0x0F, 0xB3,
    0x25, 0x0D, 0xFC, 0x56, 0x4E, 0xEA, 0x7F, 0xCB, 0xE4, 0xDF, 0x9D, 0x0B, 0xBE, 0xBE, 0xA5, 0x43,
    0xC9, 0x96, 0x91, 0x52, 0xBA, 0x94, 0x0F, 0xBD, 0xF3, 0x94, 0x9A, 0x42, 0x6E, 0xB2, 0xF3, 0x8A,
    0xF7, 0xA0, 0x98, 0x2F, 0x52, 0x8E, 0xCE, 0xE3, 0xDD, 0xDB, 0x8F, 0x7A, 0x0F, 0x6F, 0xFC, 0x1F,
    0xC6, 0x3B, 0x8F, 0x43, 0xA6, 0x8D, 0x1B, 0xB7, 0xC5, 0xFB, 0x80, 0x48, 0x8F, 0xF9, 0x52, 0xDA,
    0xF3, 0x71, 0x67, 0xFE, 0xF6, 0xFC, 0x72, 0xC9, 0x7B, 0x50, 0x3D, 0x00, 0xF9, 0x42, 0xBF, 0xE5,
    0xAF, 0x39, 0x8F, 0xBB, 0x77, 0x5B, 0xFB, 0xA6, 0x37, 0x93, 0x61, 0x46, 0x49, 0x3F, 0x89, 0xF7,
    0x53, 0x6C, 0xBB, 0x83, 0xF6, 0xDF, 0xB0, 0xBD, 0x71, 0x17, 0x0D, 0x7C, 0xD4, 0x00, 0xF4, 0x63,
    0x44, 0x71, 0x29, 0xE4, 0x69, 0x93, 0x77, 0xAC, 0x3B, 0xEE, 0xA6, 0x94, 0xE9, 0xCB, 0x94, 0x67,
    0x19, 0xC4, 0x93, 0x8B, 0x3B, 0xC5, 0xAD, 0x7D, 0xD3, 0xF9, 0x32, 0xAA, 0xBB, 0xB3, 0xD1, 0xB3,
    0x5D, 0x3E, 0xC4, 0xF9, 0x90, 0x44, 0xC6, 0x9E, 0xF2, 0xCF, 0x57, 0x5E, 0x8E, 0x28, 0xE9, 0x8C,
    0x4D, 0x3F, 0x52, 0xC4, 0x8F, 0x7E, 0x3E, 0xE3, 0x81, 0x5C, 0x1A, 0x63, 0x2B, 0x0F, 0x7F, 0x8E,
    0xB1, 0xF9, 0xD5, 0xD1, 0xFE, 0x8C, 0xC7, 0xE3, 0xBF, 0xFF, 0xC5, 0x7A, 0x05, 0xE8, 0x25, 0xD1,
    0xF8, 0x2E, 0xFE, 0x2E, 0x7B, 0x3E, 0x58, 0x79, 0xD6, 0x1C, 0xC7, 0x53, 0xDB, 0xF8, 0xE7, 0x71,
    0x1D, 0xDB, 0x59, 0x62, 0xFC, 0xEE, 0x6D, 0xF1, 0x3C, 0x4A, 0x9B, 0x65, 0x63, 0x5C, 0xEF, 0x25,
    0x88, 0x6F, 0xA7, 0x6A, 0xE0, 0x48, 0xF5, 0x98, 0x5A, 0x43, 0xEF, 0x8D, 0xCB, 0x4E, 0x6E, 0xD0,
    0xED, 0xCD, 0x2A, 0xB7, 0xAE, 0xEA, 0x1E, 0x76, 0xED, 0x7E, 0x0F, 0x00, 0xCC, 0xD8, 0x6F, 0x5F,
    0x8B, 0xAB, 0x87, 0x53, 0xDD, 0xED, 0x96, 0x50, 0x0F, 0xC7, 0xDE, 0xB7, 0xFC, 0xA7, 0xE0, 0xD1,
    0xAF, 0x9B, 0xFB, 0xFE, 0xDF, 0xC1, 0x5E, 0x7E, 0x74, 0x7F, 0x3F, 0xEF, 0x1B, 0xB1, 0x6B, 0xD1,
    0x42, 0xB9, 0xA0, 0x02, 0xB9, 0x07, 0x77, 0x7F, 0xE5, 0x71, 0xC4, 0x6C, 0x42, 0x85, 0xE8, 0x5F,
    0x0B, 0xB5, 0x74, 0x46, 0xEC, 0xFD, 0x38, 0x7F, 0x11, 0xA3, 0x2D, 0xFF, 0x91, 0x4F, 0x4B, 0xFB,
    0xB1, 0xB2, 0xFA, 0xFB, 0xA8, 0x70, 0x6F, 0x91, 0xB7, 0xA9, 0x7C, 0x45, 0x0B, 0xFA, 0x3F, 0xED,
    0x52, 0x21, 0x8C, 0x24, 0x45, 0x14, 0x7D, 0x33, 0x4D, 0x32, 0x09, 0x2D, 0x0A, 0x83, 0x60, 0x21,
    0x69, 0xCD, 0x98, 0xF6, 0x02, 0x7E, 0x25, 0x04, 0x8F, 0x59, 0x8D, 0x06, 0x83, 0xC1, 0x57, 0x65,
    0x11, 0x27, 0xD6, 0xAC, 0x57, 0x08, 0x0C, 0x67, 0xCE, 0xAB, 0x5F, 0x01, 0x81, 0x6D, 0x43, 0x90,
    0x74, 0x72, 0x8A, 0x20, 0xA8, 0x84, 0x26, 0x69, 0x6E, 0xAB, 0xEB, 0xF1, 0xBB, 0x27, 0x73, 0xE1,
    0xF6, 0xF6, 0x2E, 0x2B, 0x70, 0x5C, 0xFE, 0x7B, 0x9D, 0xAE, 0x9A, 0xF7, 0x5F, 0xDE, 0x9F, 0xFE,
    0x00, 0x00, 0x1D, 0xD1, 0xB0, 0xC0, 0x91, 0xE8, 0x32, 0x63, 0x3F, 0x48, 0x7A, 0x55, 0x75, 0x59,
    0xE3, 0xAA, 0x3B, 0x70, 0xC1, 0x8E, 0x13, 0x70, 0xE1, 0x01, 0x08, 0x34, 0x69, 0x14, 0x00, 0x47,
    0xAF, 0xF1, 0xFE, 0x42, 0x37, 0x03, 0x52, 0x00, 0x2D, 0xD6, 0x59, 0xD0, 0xDC, 0x16, 0x1C, 0xFE,
    0x2C, 0x70, 0x4F, 0x0B, 0xFA, 0x1F, 0x0B, 0xE4, 0x93, 0x02, 0x25, 0x13, 0x8D, 0x4A, 0x46, 0x34,
    0x05, 0x67, 0xB6, 0x2C, 0xEE, 0x39, 0x06, 0x74, 0xBF, 0xA1, 0x63, 0xEE, 0x58, 0x0E, 0x87, 0x05,
    0xFB, 0x6A, 0x76, 0x1F, 0x35, 0x95, 0x2C, 0x81, 0xB3, 0xE3, 0x88, 0x2F, 0x4E, 0x43, 0x4D, 0x96,
    0xD1, 0x34, 0x92, 0xBF, 0x96, 0x04, 0xFD, 0xD4, 0xAB, 0x66, 0xD3, 0xF0, 0xF7, 0xAA, 0x9E, 0xC1,
    0x53, 0x52, 0xED, 0xB9, 0x98, 0x61, 0x63, 0x2D, 0xEF, 0x41, 0x58, 0x85, 0xDC, 0xB0, 0xA0, 0x99,
    0xE1, 0x32, 0xBA, 0x11, 0xD6, 0x19, 0xAC, 0x39, 0x82, 0x30, 0xEC, 0x88, 0xFD, 0x06, 0xC0, 0x9E,
    0xC9, 0x71, 0x12, 0xF3, 0xFF, 0xA1, 0xC8, 0x55, 0x91, 0xA7, 0x96, 0x2D, 0x9B, 0x55, 0xC7, 0x59,
    0x1E, 0x2D, 0x8A, 0xAA, 0xBE, 0x86, 0x5F, 0xAA, 0x09, 0xDA, 0x73, 0xA4, 0x86, 0xBE, 0xE3, 0x28,
    0x9C, 0xF5, 0x51, 0xE1, 0x6E, 0xA1, 0x69, 0xBE, 0xA1, 0x90, 0x3D, 0xB9, 0xFF, 0xBB, 0x62, 0xBF,
    0xBC, 0x75, 0x28, 0xBD, 0xB5, 0x33, 0xF7, 0x8C, 0xBB, 0xEF, 0x80, 0x3E, 0x1A, 0xD3, 0x0B, 0x14,
    0x32, 0x9D, 0xF9, 0x6E, 0xF8, 0xD9, 0xDF, 0xFD, 0x1D, 0xC0, 0x8B, 0x9A, 0xCB, 0x4B, 0x7F, 0xF7,
    0x0C, 0xE0, 0x5E, 0x1D, 0xB0, 0x1F, 0x9A, 0xD9, 0xE5, 0x2E, 0xAF, 0x1B, 0x10, 0x92, 0x46, 0xF5,
    0xEA, 0x69, 0xB4, 0x8A, 0x21, 0x6E, 0xDF, 0x7F, 0x74, 0xF9, 0x30, 0x37, 0x13, 0x00, 0x74, 0x50,
    0x2F, 0xA9, 0x1F, 0xBA, 0xEC, 0x72, 0x3B, 0xB5, 0xB3, 0xDD, 0x97, 0xB5, 0x0E, 0xF6, 0xD6, 0x4E,
    0xCE, 0x6E, 0xFB, 0xD1, 0x7C, 0x62, 0x00, 0xF0, 0x61, 0x3B, 0x6A, 0x28, 0xCA, 0xAA, 0xB7, 0xD4,
    0x44, 0x8D, 0xF7, 0xE3, 0x3F, 0x59, 0xC7, 0x60, 0x47, 0x2F, 0x1B, 0x8E, 0xF4, 0x78, 0x3D, 0x60,
    0xE2, 0xD8, 0x33, 0x2B, 0x67, 0xFD, 0xBC, 0x7C, 0xD0, 0x14, 0x9C, 0xE0, 0x26, 0xF4, 0x19, 0x9A,
    0xF6, 0x84, 0xAB, 0xDF, 0x0B, 0x6B, 0xD8, 0x00, 0xA0, 0xD9, 0xF4, 0xC2, 0xD2, 0xB5, 0x9B, 0xF2,
    0x50, 0xA0, 0x19, 0x1C, 0xA1, 0x76, 0x5C, 0xF7, 0x71, 0x5B, 0xC6, 0x25, 0xB0, 0x9C, 0x96, 0xF1,
    0xFF, 0xBC, 0xF8, 0x6F, 0x16, 0x7F, 0xA7, 0x33, 0x5A, 0x12, 0xCD, 0x33, 0x1B, 0x0D, 0x92, 0x60,
    0xDC, 0x93, 0xC9, 0x19, 0xC5, 0x54, 0xA7, 0xD2, 0x2D, 0x4B, 0xC7, 0x5F, 0xD3, 0xBE, 0xBE, 0x1D,
    0x77, 0x1C, 0xE0, 0x58, 0x20, 0xB7, 0x15, 0x21, 0x2A, 0x14, 0xE2, 0x49, 0xC6, 0x8D, 0x97, 0x97,
    0x50, 0x00, 0x21, 0x99, 0x1B, 0xB9, 0x79, 0x43, 0x67, 0xEC, 0x38, 0x9E, 0x7A, 0x48, 0xAC, 0x13,
    0x10, 0x92, 0xFE, 0x4D, 0xF5, 0xA7, 0xC9, 0xFA, 0xAD, 0xA7, 0x58, 0xAE, 0x1B, 0xF3, 0xB6, 0x79,
    0x6D, 0x62, 0x97, 0xE9, 0x0F, 0xCF, 0x2A, 0x1A, 0x16, 0x80, 0x19, 0xD0, 0x6C, 0x7E, 0xD3, 0x76,
    0x76, 0x7F, 0x11, 0x5D, 0xD6, 0x68, 0x29, 0x87, 0xC7, 0xFE, 0xE2, 0xDB, 0xF7, 0x19, 0x21, 0x9C,
    0x20, 0x7F, 0x2C, 0x78, 0x67, 0x47, 0x00, 0x8A, 0x2F, 0x1F, 0xF3, 0x9C, 0xCF, 0x13, 0x6A, 0x45,
    0x08, 0x17, 0x74, 0xA6, 0xDB, 0x33, 0xE2, 0xE8, 0x81, 0x10, 0xEF, 0xF0, 0x7A, 0x46, 0x50, 0x22,
    0x90, 0x29, 0x8C, 0x6B, 0x36, 0x63, 0xEC, 0x5F, 0xC9, 0xA3, 0xBF, 0x88, 0xAB, 0x8F, 0xC4, 0xBB,
    0xB4, 0x19, 0xA2, 0xE5, 0xBB, 0x22, 0xE4, 0xBA, 0x40, 0x9E, 0x64, 0x08, 0x93, 0x71, 0x30, 0xDA,
    0xFB, 0x4F, 0x76, 0x77, 0x55, 0x4D, 0xC7, 0x28, 0x51, 0x86, 0xA3, 0xCD, 0x70, 0xF4, 0x21, 0xBE,
    0xBE, 0x8E, 0xFE, 0xE3, 0x6E, 0x6E, 0xB7, 0x84, 0x81, 0x3E, 0x90, 0x6B, 0xCA, 0x41, 0x4F, 0x39,
    0xB7, 0xA4, 0x0F, 0x7D, 0x1E, 0xFD, 0x31, 0x5E, 0x44, 0x73, 0x33, 0xAF, 0xCD, 0xC9, 0x7C, 0x1E,
    0x36, 0xAD, 0xB8, 0xE7, 0xFF, 0x50, 0x0C, 0x43, 0x38, 0xF7, 0x0C, 0x67, 0x6E, 0xE7, 0x51, 0x53,
    0xE0, 0xEA, 0x5B, 0x11, 0xAE, 0x27, 0x84, 0x88, 0x97, 0xD8, 0x32, 0x0A, 0x33, 0x9F, 0x8C, 0x04,
    0x38, 0x20, 0x54, 0x74, 0x1C, 0x76, 0x9A, 0xE1, 0xF2, 0x4D, 0x9B, 0x49, 0xC3, 0xF0, 0x55, 0x05,
    0x3E, 0x43, 0x93, 0x57, 0x38, 0x8E, 0x81, 0x39, 0xD0, 0x16, 0x1E, 0x2F, 0xA3, 0x65, 0x6E, 0x98,
    0xA1, 0x37, 0xFF, 0x00, 0xAD, 0x98, 0x01, 0xC4, 0x25, 0xD7, 0xD9, 0xC7, 0xFF, 0x77, 0x26, 0xC9,
    0xCD, 0xB7, 0xC3, 0x37, 0x0B, 0xDB, 0x20, 0x6A, 0x00, 0x08, 0xCD, 0x14, 0x68, 0x69, 0x9A, 0x33,
    0x69, 0x10, 0x14, 0x59, 0x64, 0x95, 0x16, 0x0B, 0x85, 0x26, 0xD8, 0x02, 0x60, 0xE5, 0x4C, 0x05,
    0x05, 0x64, 0xA1, 0x05, 0x48, 0x11, 0x34, 0xBB, 0xF4, 0x85, 0xA2, 0x48, 0x72, 0x26, 0x59, 0x14,
    0xC1, 0xDE, 0xAA, 0x08, 0x20, 0xA3, 0x69, 0x48, 0x53, 0xE4, 0x24, 0x3B, 0x49, 0x66, 0xF7, 0x3D,
    0x73, 0xFE, 0x7D, 0x9E, 0x33, 0x27, 0xF7, 0x7D, 0xEF, 0xBE, 0x1B, 0xD2, 0xCA, 0x23, 0xF9, 0xFD,
    0xCE, 0x39, 0xE7, 0xB9, 0xCF, 0x9D, 0xF7, 0xDE, 0x73, 0xEE, 0x99, 0x59, 0xAC, 0xD1, 0x70, 0x12,
    0x92, 0x01, 0x28, 0x13, 0x6B, 0x72, 0xD6, 0xE1, 0xDF, 0x7B, 0xA0, 0x5D, 0x20, 0x61, 0x42, 0xE2,
    0x94, 0xE8, 0x1B, 0xB2, 0xB7, 0xA7, 0x68, 0x56, 0x4E, 0x4D, 0xBC, 0xDE, 0x99, 0xD0, 0x04, 0xA0,
    0x8D, 0xCA, 0x9A, 0x24, 0x51, 0x25, 0x16, 0x89, 0xB0, 0x89, 0x1B, 0x17, 0xAF, 0x03, 0xD0, 0x9C,
    0x3D, 0x97, 0x4B, 0x9D, 0x90, 0xEC, 0xEF, 0xC7, 0x14, 0x4F, 0xFC, 0x59, 0x70, 0x75, 0x42, 0xC6,
    0x1B, 0x1E, 0xA8, 0x28, 0x2D, 0x9B, 0xCB, 0x0F, 0x5B, 0x41, 0x5F, 0xF3, 0xB3, 0x88, 0x36, 0xDE,
    0xFE, 0x27, 0xCC, 0x72, 0x7B, 0x07, 0xFB, 0xC5, 0xED, 0x01, 0xEE, 0xB3, 0x0F, 0x06, 0xF0, 0x76,
    0xC2, 0x7B, 0x82, 0x0F, 0xFE, 0xAA, 0x78, 0xA7, 0x97, 0xAE, 0xE2, 0xCB, 0x5B, 0x9D, 0x02, 0x70,
    0x7C, 0x19, 0xB0, 0x0A, 0xC3, 0xCB, 0x0F, 0xA3, 0xE1, 0x2B, 0x16, 0xB5, 0x56, 0x2E, 0x05, 0x3D,
    0xC8, 0x08, 0xB4, 0x9C, 0x04, 0x2F, 0x76, 0xC0, 0xE3, 0x4F, 0x00, 0xF8, 0x71, 0xC2, 0x55, 0x9C,
    0x8E, 0x0D, 0x39, 0xA2, 0xD6, 0x6C, 0x4B, 0x2E, 0xD2, 0x63, 0x28, 0x19, 0x6F, 0xCC, 0x35, 0x77,
    0xF8, 0x75, 0x43, 0x00, 0x66, 0x51, 0x04, 0x81, 0x9D, 0x05, 0x6E, 0x7A, 0xB0, 0xFB, 0x95, 0xF3,
    0xCD, 0x07, 0x8B, 0xE0, 0x78, 0xA1, 0x6F, 0x18, 0x12, 0x9C, 0xA0, 0x13, 0x2C, 0x92, 0xD2, 0x04,
    0x49, 0x16, 0x98, 0xA0, 0x88, 0x02, 0xB9, 0xBE, 0xF0, 0x80, 0xBE, 0x8F, 0x94, 0x27, 0xC3, 0x46,
    0x01, 0xAB, 0xA8, 0xC8, 0x11, 0xB8, 0x70, 0x11, 0x3A, 0x36, 0x16, 0xF7, 0xC5, 0x00, 0x9C, 0x01,
    0x79, 0x7F, 0x1C, 0xE6, 0x59, 0xD2, 0x9F, 0xC2, 0x23, 0x7C, 0xF7, 0xE2, 0xBD, 0x29, 0xC0, 0x83,
    0xD0, 0x66, 0x5A, 0x47, 0xEC, 0x34, 0x71, 0x07, 0x92, 0x43, 0xC1, 0x3B, 0x57, 0x50, 0x72, 0x78,
    0x40, 0xD0, 0x63, 0x45, 0x4B, 0x4E, 0x30, 0xE4, 0xBC, 0x02, 0x92, 0x0A, 0x38, 0x81, 0x76, 0xF7,
    0x98, 0x00, 0x37, 0x02, 0x58, 0xDF, 0xA3, 0x07, 0x2A, 0x92, 0xA3, 0x11, 0x78, 0x7B, 0x08, 0x68,
    0x38, 0xAC, 0xC1, 0x55, 0xC5, 0xB2, 0xBA, 0x0C, 0xC0, 0x63, 0x7D, 0x7B, 0xA7, 0x62, 0x84, 0xFD,
    0x07, 0x79, 0x8B, 0x1C, 0xED, 0x31, 0x35, 0x66, 0x9B, 0xC4, 0x90, 0x1D, 0x2D, 0xE1, 0x38, 0x18,
    0xDA, 0x05, 0x86, 0xA8, 0x69, 0xF5, 0x73, 0x57, 0xCF, 0x68, 0x97, 0x7B, 0x1C, 0x0E, 0x6D, 0xB2,
    0x5D, 0x36, 0x57, 0x17, 0xD9, 0x65, 0xF6, 0x36, 0xBB, 0xCE, 0x6E, 0xB2, 0xCD, 0x27, 0x6A, 0xC0,
    0xF6, 0x07, 0x7F, 0x04, 0xE2, 0xAA, 0x22, 0xE0, 0x74, 0x6C, 0x09, 0x33, 0x6C, 0xD9, 0x29, 0x86,
    0x3D, 0x76, 0x0A, 0x2F, 0x38, 0x56, 0x7C, 0x39, 0x99, 0xC1, 0x91, 0x8C, 0xDC, 0xC7, 0x76, 0xA6,
    0x19, 0x12, 0x78, 0x10, 0x71, 0x1B, 0xDA, 0xF7, 0x87, 0x6D, 0x68, 0x3E, 0x11, 0xD4, 0x8A, 0x8A,
    0x82, 0xAD, 0xA2, 0x54, 0x14, 0x8A, 0x0D, 0x87, 0x8A, 0xB1, 0x43, 0x45, 0x4E, 0x8A, 0xA8, 0x60,
    0x57, 0xB1, 0xD4, 0x09, 0x70, 0x38, 0x22, 0xB9, 0xA4, 0x7A, 0x7B, 0x2C, 0x69, 0x22, 0xA7, 0x1C,
    0x69, 0x32, 0xE3, 0xBE, 0x40, 0x2F, 0x00, 0xBE, 0x09, 0x0C, 0xEF, 0x40, 0xC3, 0x92, 0x63, 0x76,
    0xC8, 0x5E, 0xB2, 0x99, 0xEC, 0x9B, 0xEC, 0x2D, 0xBB, 0x47, 0xD9, 0x5B, 0x5F, 0xB2, 0x23, 0x83,
    0xFA, 0xE9, 0xEC, 0x67, 0xC8, 0xC9, 0xFA, 0x8A, 0x35, 0x7F, 0xE1, 0x35, 0xBF, 0x5E, 0x70, 0x5E,
    0xEB, 0xD4, 0x31, 0xD5, 0x99, 0x6B, 0xF6, 0xEA, 0x5D, 0xC5, 0x49, 0x3D, 0x94, 0x64, 0x5E, 0xCC,
    0xDC, 0x59, 0x4F, 0x8F, 0x56, 0x5F, 0xEF, 0x3C, 0x0A, 0xAD, 0x67, 0x66, 0xC0, 0xAA, 0x03, 0x50,
    0x8B, 0x9B, 0xB8, 0xBA, 0x66, 0xDD, 0x35, 0xE2, 0x8A, 0xCF, 0xE6, 0xF7, 0xBD, 0x95, 0xDE, 0xB7,
    0xE0, 0xFB, 0xBA, 0xFE, 0x3C, 0xF8, 0x25, 0xD9, 0x01, 0x48, 0x9B, 0xB6, 0xF5, 0x00, 0xFB, 0x76,
    0xBA, 0xD0, 0x29, 0xED, 0xC8, 0xAE, 0xC9, 0x74, 0x23, 0x51, 0xCF, 0xCE, 0x2B, 0xF9, 0xE9, 0x3D,
    0x0C, 0xC7, 0x9F, 0x45, 0x34, 0x0B, 0x8F, 0xD9, 0x51, 0x63, 0x5C, 0xF9, 0x48, 0x3C, 0x3E, 0x5E,
    0xBA, 0x72, 0xF9, 0xE2, 0x38, 0xA0, 0x8C, 0x9F, 0x27, 0x7E, 0xCA, 0x4C, 0x14, 0xF4, 0x9C, 0x33,
    0x37, 0x7B, 0x4E, 0xC0, 0x9E, 0x1E, 0x24, 0x3F, 0x42, 0xB1, 0x56, 0xED, 0xCB, 0xD5, 0x3E, 0x3B,
    0xA8, 0xDF, 0xBD, 0xE4, 0xA2, 0x7A, 0x40, 0xCD, 0xD5, 0xE5, 0x6A, 0xDE, 0xE4, 0xD3, 0xC9, 0x6F,
    0xF3, 0xA5, 0x03, 0xBF, 0xF5, 0x2D, 0x1A, 0xE2, 0x01, 0xDB, 0xEC, 0x3A, 0xAE, 0x76, 0x8B, 0x9A,
    0x64, 0xC8, 0xF6, 0xD9, 0xFD, 0xEA, 0x39, 0xFD, 0x48, 0x5D, 0x14, 0xD4, 0xD2, 0x7C, 0xFE, 0x28,
    0x5E, 0x4B, 0xEB, 0x69, 0xC5, 0x85, 0xCB, 0x4B, 0x9E, 0xB8, 0xF2, 0xF2, 0x8C, 0x52, 0xB3, 0x6B,
    0x85, 0x51, 0xD8, 0xA9, 0x9D, 0xE1, 0xC6, 0x5A, 0x30, 0x64, 0x68, 0x57, 0x27, 0x4C, 0x4E, 0x69,
    0x14, 0x5B, 0x1E, 0xCF, 0xC0, 0x9F, 0x9E, 0xBA, 0x88, 0x14, 0x86, 0xE4, 0x29, 0x00, 0x1B, 0x9D,
    0xB0, 0xEC, 0xB4, 0xFE, 0x78, 0xBA, 0xFE, 0xB2, 0xDD, 0x81, 0x1E, 0xDD, 0x86, 0xBB, 0xFC, 0x73,
    0xDA, 0x92, 0xEC, 0xAD, 0x60, 0x48, 0xD8, 0xAE, 0x3F, 0x9D, 0x5D, 0x2A, 0x1A, 0xD2, 0xBA, 0x57,
    0x04, 0x94, 0x9A, 0x5C, 0xE8, 0xCB, 0xB4, 0x40, 0x0F, 0x17, 0xCA, 0x69, 0xCD, 0xC9, 0x57, 0x44,
    0x0F, 0x38, 0xF6, 0xC0, 0x43, 0xAF, 0x4A, 0xAF, 0x93, 0xE2, 0xC2, 0x92, 0xBD, 0xB0, 0x26, 0x84,
    0xCD, 0xA2, 0x34, 0x41, 0xE9, 0xBC, 0x92, 0xA3, 0xF0, 0x27, 0x1C, 0x84, 0xCF, 0xB0, 0x13, 0x3E,
    0x1B, 0x21, 0xBC, 0x1C, 0x94, 0x76, 0x02, 0xA8, 0x71, 0x40, 0x27, 0x88, 0x32, 0x7B, 0x2B, 0x65,
    0xFE, 0x94, 0xCA, 0xA7, 0xD9, 0xA7, 0x3A, 0xBB, 0x54, 0xD3, 0x2B, 0xDD, 0x74, 0xF2, 0x5E, 0x6D,
    0x54, 0xD6, 0x54, 0x56, 0xEC, 0x85, 0x25, 0x07, 0xAD, 0x33, 0xF2, 0x10, 0x17, 0x2E, 0xF3, 0x52,
    0x87, 0x9A, 0x80, 0xE0, 0x41, 0x85, 0x51, 0x50, 0xC7, 0x16, 0x08, 0x46, 0xC0, 0x10, 0x28, 0xC9,
    0x16, 0x0D, 0x29, 0x45, 0x3F, 0x61, 0xC4, 0xB9, 0x34, 0xD1, 0x12, 0x28, 0x28, 0x68, 0x14, 0x32,
    0x01, 0xFC, 0x7F, 0x2E, 0x75, 0x80, 0x1C, 0x29, 0x79, 0x3E, 0xF9, 0xFA, 0x86, 0x7D, 0x6B, 0x82,
    0x46, 0x4B, 0x32, 0x42, 0xA3, 0xBE, 0x7B, 0x23, 0x6F, 0xE0, 0xFF, 0x03, 0xDA, 0x9C, 0xF8, 0xD8,
    0xAB, 0x5B, 0xEE, 0xA0, 0x61, 0xE6, 0x0D, 0xFD, 0xDA, 0x9A, 0x90, 0x5B, 0xCE, 0xC3, 0xED, 0x5B,
    0x76, 0x2D, 0xC8, 0xF1, 0x4C, 0x6B, 0xC3, 0x21, 0xE7, 0x15, 0xA9, 0x55, 0xF0, 0x5A, 0xFA, 0x9A,
    0xE9, 0x5B, 0x86, 0x74, 0x7E, 0x72, 0x74, 0xA4, 0x2E, 0x87, 0x82, 0x7F, 0x23, 0xD9, 0x6D, 0xB5,
    0x73, 0x93, 0x60, 0x5F, 0x11, 0x35, 0x7F, 0x1B, 0x75, 0x89, 0x12, 0x86, 0x55, 0xD0, 0x56, 0x2C,
    0xB8, 0xD4, 0x01, 0x94, 0x31, 0xC7, 0x59, 0x5B, 0x7D, 0x43, 0x72, 0x6C, 0xE2, 0x96, 0x68, 0xB5,
    0x80, 0x20, 0xEE, 0x8F, 0xDD, 0x20, 0x88, 0x1D, 0xCC, 0x31, 0x47, 0xA4, 0x30, 0xFE, 0x39, 0xAC,
    0x61, 0xF3, 0x48, 0x3A, 0xAC, 0x73, 0x70, 0xB8, 0x4F, 0xAB, 0x5F, 0x8D, 0xCD, 0xBE, 0x55, 0xB0,
    0xCB, 0xAD, 0x92, 0x38, 0x15, 0x15, 0xB5, 0xA6, 0x61, 0x10, 0x92, 0x51, 0x5F, 0x42, 0x6A, 0xD2,
    0xDF, 0xD9, 0x0B, 0x7F, 0x93, 0xD8, 0x9F, 0xB4, 0x33, 0xDF, 0x66, 0x87, 0x42, 0x72, 0x00, 0xF0,
    0x76, 0x22, 0x17, 0xA1, 0x4D, 0x75, 0x0C, 0x27, 0x61, 0xA3, 0x95, 0xCF, 0xD7, 0x1C, 0x80, 0x1F,
    0x6E, 0x95, 0xAF, 0x6F, 0x75, 0x24, 0xD6, 0xF4, 0x28, 0xD8, 0x52, 0xB7, 0x79, 0xBE, 0x75, 0x72,
    0x0B, 0x6A, 0xB2, 0x26, 0xCC, 0x7B, 0x41, 0x68, 0x6F, 0xCE, 0x15, 0x3B, 0xC2, 0xA7, 0x9B, 0x95,
    0x6B, 0x69, 0x8F, 0xE1, 0x0C, 0x8B, 0xCB, 0xEB, 0xA6, 0x64, 0x97, 0x08, 0x65, 0xC0, 0xBA, 0x1B,
    0xBF, 0xF6, 0xA0, 0x3C, 0x39, 0x1E, 0x8F, 0x78, 0x9D, 0x77, 0x2A, 0xAE, 0x5F, 0x26, 0x97, 0xD3,
    0x47, 0x66, 0xC5, 0xBE, 0x22, 0x09, 0x41, 0x50, 0x8C, 0x82, 0xD7, 0xBE, 0xD1, 0x41, 0x09, 0xD8,
    0xEE, 0x10, 0x3D, 0xB0, 0xE5, 0x0C, 0x18, 0xB2, 0xDB, 0x90, 0xDC, 0x95, 0x82, 0xA1, 0xE6, 0xCE,
    0xA2, 0x21, 0x1E, 0x86, 0x09, 0x69, 0xB5, 0x0A, 0xD2, 0xEA, 0x73, 0x3E, 0xE1, 0xDC, 0xF5, 0x6B,
    0xCE, 0xD7, 0x1C, 0xEF, 0x81, 0xA4, 0xD8, 0xD1, 0xCC, 0x8A, 0x20, 0x68, 0x29, 0x90, 0x52, 0x6E,
    0xDC, 0xEE, 0x6F, 0x33, 0xE1, 0xC8, 0x1E, 0x35, 0xB5, 0xAC, 0xEB, 0xCF, 0x5E, 0x50, 0x0A, 0xB3,
    0x24, 0x59, 0x26, 0x91, 0x59, 0x9A, 0x5E, 0x30, 0x7F, 0xC2, 0x59, 0x6E, 0x14, 0x55, 0xB4, 0x5E,
    0x54, 0x47, 0x93, 0x14, 0xF4, 0x7A, 0x1D, 0x35, 0xC0, 0x03, 0xC1, 0xF9, 0x4A, 0x08, 0x8E, 0xA5,
    0xE8, 0x02, 0x3F, 0xFC, 0x19, 0x7F, 0x77, 0x4F, 0xCA, 0x0B, 0xFC, 0xF8, 0x3A, 0xEF, 0x42, 0xD3,
    0xE8, 0xD7, 0x7B, 0x2E, 0x51, 0x4C, 0x1F, 0x42, 0x1B, 0x44, 0x41, 0xFF, 0x93, 0xA6, 0x0E, 0xE8,
    0x84, 0xF3, 0x22, 0x82, 0xA2, 0x8A, 0x1D, 0xF0, 0x5C, 0x5E, 0x5B, 0x70, 0x69, 0x3B, 0x92, 0x09,
    0x3D, 0xA2, 0x2E, 0xB2, 0xEF, 0x17, 0x02, 0x6C, 0x14, 0xD2, 0x6A, 0x99, 0x6F, 0x32, 0x43, 0xC2,
    0xFA, 0xF4, 0x62, 0x38, 0xC0, 0xE4, 0xB1, 0x8C, 0x7C, 0x67, 0x0C, 0x45, 0x57, 0xE8, 0x0F, 0x61,
    0x33, 0x14, 0x24, 0x3D, 0x12, 0x2C, 0x39, 0xA0, 0x4A, 0x0B, 0xFC, 0xE7, 0x9D, 0xE0, 0x31, 0x48,
    0xD8, 0x03, 0x9C, 0x7D, 0x2E, 0xEA, 0x6A, 0xF2, 0x0D, 0xB4, 0xD1, 0x9E, 0x87, 0x09, 0x16, 0xB0,
    0x93, 0xC0, 0x79, 0x01, 0x4F, 0x30, 0xEE, 0x71, 0x38, 0xE1, 0x34, 0xD9, 0xCE, 0x02, 0xB3, 0x58,
    0x7D, 0x2E, 0x72, 0xFB, 0xE7, 0x22, 0x01, 0x04, 0xF9, 0x29, 0x12, 0xEE, 0xEC, 0xB5, 0xA4, 0x68,
    0x87, 0x32, 0xAD, 0xAC, 0x55, 0x76, 0xA8, 0x54, 0x1C, 0x6A, 0xD1, 0x86, 0x1F, 0x1F, 0xC5, 0xEB,
    0x5D, 0x4D, 0x8D, 0xC1, 0xDC, 0x47, 0x7D, 0x21, 0xAD, 0x00, 0x7C, 0x6B, 0x6A, 0xF9, 0x94, 0xD6,
    0x6C, 0xC8, 0x41, 0x54, 0xAF, 0xDA, 0xAE, 0xDA, 0x90, 0x7D, 0xBE, 0x35, 0x38, 0x89, 0x96, 0xB3,
    0x30, 0x6D, 0x98, 0xFC, 0xDC, 0x01, 0x34, 0xA2, 0x01, 0x30, 0xFC, 0x77, 0x52, 0xC0, 0xA3, 0x5D,
    0xDE, 0x3A, 0x79, 0xF3, 0xA4, 0xC1, 0xA4, 0x98, 0x8B, 0x8C, 0xAA, 0x9A, 0xA9, 0xBB, 0xD5, 0x5A,
    0xA9, 0x66, 0x58, 0x27, 0x89, 0xBC, 0xDE, 0xD7, 0xEE, 0x4E, 0x55, 0xD2, 0x9F, 0xEB, 0xDF, 0xAC,
    0x46, 0x7A, 0x73, 0x4C, 0x06, 0xE3, 0x9F, 0xE4, 0x51, 0x5C, 0x8C, 0xBF, 0x1A, 0x2B, 0xFF, 0xA6,
    0xF1, 0x66, 0xA9, 0x76, 0x2F, 0xBA, 0x5D, 0x23, 0xB2, 0xE9, 0x0F, 0xB8, 0xEB, 0x08, 0x90, 0xA9,
    0x66, 0x5C, 0xAF, 0x36, 0x54, 0x1F, 0xBE, 0x09, 0x91, 0x64, 0x8A, 0x5E, 0x4F, 0xBA, 0xE7, 0x5C,
    0x45, 0x8E, 0xB3, 0x13, 0x35, 0x81, 0x6F, 0x11, 0x96, 0x5C, 0x1C, 0x19, 0xD7, 0xFF, 0x17, 0xBC,
    0x40, 0x02, 0x15, 0xFB, 0xEF, 0xDC, 0xE0, 0x47, 0x5F, 0x8D, 0x3F, 0x7F, 0x83, 0xFF, 0x82, 0xEE,
    0x9D, 0x96, 0x9D, 0x23, 0xD3, 0xB6, 0x72, 0x9C, 0xE0, 0x38, 0x48, 0xFE, 0x00, 0xD0, 0x03, 0x56,
    0xB7, 0x64, 0x4C, 0x45, 0x53, 0x6E, 0xA1, 0x83, 0x9C, 0xD3, 0x6E, 0x2B, 0x33, 0xCE, 0x0B, 0xDE,
    0x9A, 0x05, 0xEF, 0x07, 0x01, 0x27, 0x45, 0x27, 0x98, 0xCE, 0xA3, 0xE1, 0x30, 0x83, 0x7C, 0x47,
    0x2B, 0x73, 0xC2, 0x0F, 0x98, 0x0E, 0x91, 0x19, 0xBF, 0xAC, 0x75, 0x49, 0xBA, 0x3D, 0x7E, 0xC4,
    0xA1, 0x9D, 0xA5, 0x94, 0x9D, 0xF4, 0x88, 0xF1, 0x25, 0xC9, 0x9D, 0xA2, 0x17, 0x2C, 0x10, 0x78,
    0x81, 0x1E, 0x52, 0xAF, 0x1D, 0x3C, 0x8D, 0xF5, 0xC9, 0x0D, 0x7D, 0xF2, 0x93, 0xE5, 0x9C, 0x7C,
    0xB5, 0x08, 0xC9, 0xAF, 0x6F, 0x96, 0x64, 0xF7, 0x95, 0xA9, 0xD1, 0xC3, 0x24, 0x07, 0xB4, 0xC9,
    0x44, 0xBD, 0x7A, 0xD8, 0xAC, 0xDE, 0x21, 0xE5, 0xDB, 0x71, 0x75, 0xE5, 0xC5, 0xDB, 0xE1, 0x0F,
    0xA5, 0xBA, 0xBD, 0x3D, 0xAB, 0x23, 0x19, 0xB7, 0x23, 0xC0, 0xB8, 0x2E, 0x4D, 0x8E, 0xEE, 0x15,
    0xF6, 0xE2, 0xEE, 0x7B, 0xC5, 0xB2, 0xBF, 0xB0, 0xFD, 0xED, 0x89, 0x71, 0x73, 0xF2, 0x77, 0x1B,
    0xDE, 0x65, 0x07, 0xA0, 0x26, 0x93, 0xCB, 0x6C, 0xB8, 0xEC, 0x8A, 0x44, 0x7E, 0x38, 0x49, 0x32,
    0x1E, 0xFF, 0x8B, 0x1F, 0x72, 0x77, 0xBB, 0x75, 0x8D, 0x33, 0x8A, 0x9B, 0xBC, 0xF8, 0x9C, 0x3A,
    0xE8, 0x70, 0x9A, 0x28, 0x79, 0xC7, 0x7E, 0xEA, 0xD8, 0xD5, 0xEC, 0x8D, 0xAF, 0x38, 0xD4, 0x11,
    0xC6, 0x97, 0x1C, 0xDA, 0x20, 0x06, 0x77, 0x66, 0xF5, 0x68, 0xE6, 0x64, 0x6F, 0x26, 0xB5, 0x3B,
    0xF0, 0xB8, 0x1A, 0xF8, 0x2F, 0x5C, 0xAE, 0xAB, 0x80, 0x41, 0xC1, 0x4E, 0x31, 0xE8, 0xFD, 0xC5,
    0x58, 0xB2, 0xD7, 0xD9, 0xDE, 0x66, 0xE4, 0xAE, 0x4E, 0xBC, 0xC4, 0xC1, 0x6A, 0xB2, 0x23, 0x17,
    0x08, 0x76, 0x90, 0x09, 0xAC, 0xB0, 0x64, 0x84, 0x53, 0x58, 0x9D, 0xCD, 0x13, 0x67, 0x01, 0x98,
    0x7A, 0x38, 0xAD, 0x23, 0xD5, 0x96, 0x9C, 0xB5, 0x43, 0xB2, 0xC7, 0x86, 0x4C, 0x6B, 0x4D, 0x15,
    0xD6, 0x7B, 0x93, 0x88, 0x96, 0xA6, 0xBE, 0x45, 0x98, 0x60, 0xEA, 0x77, 0xD8, 0x5B, 0xD1, 0x4D,
    0x0E, 0x6E, 0x32, 0xF5, 0xDB, 0x1C, 0xE8, 0x55, 0x3B, 0xD5, 0x5B, 0x1C, 0x4F, 0x69, 0x50, 0x41,
    0xC3, 0xAD, 0xB2, 0xF3, 0xE9, 0x5F, 0xAA, 0x76, 0x49, 0xAA, 0x99, 0xB4, 0xE5, 0xA0, 0xDA, 0x70,
    0x3A, 0x59, 0xA8, 0x68, 0xF9, 0xF5, 0xC2, 0x1F, 0xF5, 0x2C, 0x0A, 0xE6, 0x34, 0x1C, 0x09, 0x90,
    0x1C, 0x15, 0x41, 0xC1, 0x84, 0x8E, 0xBE, 0x61, 0x4F, 0x5F, 0x29, 0xB6, 0x7B, 0x54, 0x3A, 0x71,
    0x25, 0xA5, 0x2C, 0x8A, 0x49, 0x31, 0x2B, 0x08, 0x7E, 0x7E, 0xB4, 0xE6, 0x0D, 0xF4, 0xE5, 0x8A,
    0x5D, 0x46, 0xEA, 0x56, 0x02, 0x72, 0xC5, 0x61, 0x81, 0xEE, 0xDE, 0xAB, 0xC2, 0x5F, 0x1E, 0x17,
    0x14, 0xFC, 0x08, 0x30, 0x79, 0x8F, 0xED, 0x8F, 0x49, 0xA2, 0x65, 0x77, 0xEE, 0xF0, 0xDF, 0xE8,
    0x32, 0xDC, 0x94, 0x91, 0xC7, 0x74, 0xD6, 0x24, 0x10, 0x9B, 0xAE, 0xE1, 0x87, 0x57, 0x7A, 0x2D,
    0xD0, 0x97, 0x0A, 0x24, 0x34, 0xD4, 0x3A, 0x97, 0x3A, 0x9C, 0x84, 0x25, 0x39, 0x9C, 0xC0, 0x68,
    0xDE, 0x7F, 0x00, 0xAC, 0x94, 0x31, 0x8E, 0xE6, 0x44, 0x14, 0x84, 0xCB, 0xF6, 0xB2, 0x46, 0xFA,
    0x91, 0x9A, 0x98, 0xC4, 0x39, 0x48, 0xDB, 0x04, 0x1B, 0x6C, 0x80, 0xD4, 0x7D, 0x08, 0x4E, 0xB1,
    0x11, 0x37, 0xB0, 0x0F, 0x43, 0xC2, 0x90, 0x92, 0xFB, 0xC1, 0x86, 0x1B, 0x8C, 0x39, 0x01, 0xBE,
    0xC1, 0x18, 0xF1, 0x23, 0xFE, 0xA0, 0xED, 0xE2, 0x15, 0x96, 0x71, 0x40, 0x30, 0x3F, 0xD2, 0x74,
    0xF0, 0xB5, 0xFC, 0x5C, 0x5D, 0xAF, 0x5F, 0x05, 0x0D, 0x54, 0xD0, 0x0A, 0x59, 0x4C, 0x26, 0x72,
    0x76, 0x34, 0x1C, 0x54, 0xDE, 0xA0, 0xF2, 0x55, 0xE4, 0xE4, 0x68, 0x49, 0x72, 0xEE, 0xC4, 0x25,
    0x51, 0xEC, 0x28, 0xEE, 0xF5, 0x8A, 0xD2, 0xA0, 0x97, 0x5E, 0x67, 0x0F, 0x1F, 0x79, 0x9E, 0xFE,
    0xEA, 0x75, 0xF4, 0xFD, 0x4C, 0x40, 0x12, 0x40, 0x93, 0x9E, 0x8B, 0x24, 0x2C, 0x2A, 0x93, 0xCE,
    0x91, 0x34, 0xD4, 0x6A, 0x82, 0xCB, 0xC6, 0xA7, 0x82, 0x58, 0xF8, 0x71, 0x43, 0xBF, 0xF0, 0x03,
    0x87, 0x68, 0xB4, 0x0D, 0x2D, 0x68, 0xEF, 0x76, 0x87, 0x3B, 0x39, 0x3A, 0x8F, 0x15, 0x04, 0xA4,
    0xBD, 0xBE, 0x88, 0xB1, 0x88, 0x17, 0x66, 0xE7, 0x39, 0x53, 0x4F, 0x72, 0xC5, 0xE8, 0x64, 0x16,
    0x69, 0x22, 0x07, 0xD5, 0xCF, 0x9C, 0x76, 0x7D, 0xCB, 0x2C, 0x9F, 0x15, 0xF2, 0xBC, 0x8A, 0x69,
    0x3A, 0x7B, 0xBD, 0xC2, 0x79, 0x07, 0xDE, 0xC9, 0xD6, 0xF9, 0x16, 0x9A, 0x57, 0xB3, 0xF3, 0x17,
    0x9F, 0xFD, 0xC6, 0x8F, 0xF4, 0x98, 0xF9, 0x5B, 0x41, 0x43, 0x2A, 0x38, 0x52, 0xD2, 0x44, 0x1E,
    0x19, 0x2A, 0xCF, 0xD3, 0x27, 0x9D, 0x99, 0x37, 0x19, 0x5F, 0x6B, 0xC6, 0xB9, 0x92, 0xAA, 0xBB,
    0x36, 0x9B, 0x86, 0x9C, 0x6B, 0x66, 0x89, 0x75, 0xB7, 0x86, 0x40, 0xF2, 0xCC, 0x49, 0xB2, 0x20,
    0x6A, 0xDB, 0x90, 0xA8, 0x75, 0x7C, 0x05, 0x6D, 0xE5, 0x50, 0x82, 0x03, 0xC6, 0x49, 0x2E, 0x95,
    0x5C, 0xE2, 0xEE, 0x19, 0xE6, 0xBA, 0xEC, 0xFD, 0xBE, 0x3B, 0x23, 0xAF, 0x26, 0xF5, 0xBE, 0x39,
    0x22, 0x1D, 0xA4, 0xA1, 0x25, 0xAF, 0xE8, 0xE4, 0xAA, 0x54, 0xAD, 0x7F, 0x2C, 0x3E, 0x61, 0x28,
    0x11, 0x9F, 0x86, 0xE2, 0x79, 0x85, 0x82, 0x13, 0x78, 0xA5, 0xDA, 0x9B, 0x50, 0xDE, 0xC0, 0x75,
    0x63, 0xD6, 0x09, 0x8B, 0xE4, 0x26, 0x17, 0x77, 0x25, 0x27, 0xA5, 0x70, 0xF4, 0xA8, 0x66, 0x68,
    0xA9, 0xC4, 0xF5, 0x84, 0x50, 0x1C, 0xF9, 0x5B, 0x87, 0x0E, 0xF0, 0x2A, 0xAC, 0x8E, 0x47, 0x66,
    0xA4, 0x0F, 0x5E, 0x4C, 0xC6, 0xAB, 0x23, 0xAD, 0x8E, 0xC0, 0x9C, 0xAC, 0xA1, 0x7D, 0x39, 0x80,
    0x72, 0xFB, 0x46, 0x00, 0x5E, 0x8F, 0xA4, 0x5D, 0x78, 0xA0, 0x15, 0xAA, 0x1C, 0x95, 0xF8, 0xE8,
    0xA8, 0xE9, 0xB8, 0x08, 0x91, 0xC9, 0x30, 0x96, 0x64, 0x35, 0x97, 0xE4, 0x62, 0x4B, 0x16, 0x29,
    0xF3, 0x82, 0xDE, 0xBA, 0x05, 0x5F, 0x0D, 0xAD, 0xE9, 0xB6, 0x38, 0x56, 0x63, 0x8E, 0xB0, 0xE0,
    0x8B, 0xC1, 0x25, 0xC9, 0x3A, 0x3A, 0x5A, 0x1D, 0xAB, 0x64, 0x80, 0xBE, 0x44, 0x43, 0x47, 0x47,
    0xCB, 0x27, 0x43, 0x45, 0x2A, 0x7C, 0x4E, 0x95, 0x17, 0xA7, 0x86, 0xFC, 0x0F, 0x0E, 0xDF, 0x9F,
    0xF0, 0x1E, 0xF5, 0x8A, 0x31, 0x5F, 0x98, 0xC7, 0x1C, 0x09, 0x62, 0x2C, 0x60, 0xCD, 0x05, 0xBC,
    0xD0, 0x40, 0x2F, 0x81, 0x5E, 0x02, 0xB9, 0x08, 0x26, 0xE0, 0x73, 0x50, 0xE9, 0x1E, 0x28, 0x82,
    0xE2, 0x7D, 0x27, 0x4F, 0x02, 0x68, 0x25, 0x8C, 0x4A, 0x91, 0xDC, 0xA0, 0x96, 0xD6, 0x39, 0x96,
    0xF0, 0x27, 0xE3, 0xD2, 0xFE, 0xCC, 0xD6, 0xAA, 0x8A, 0xC8, 0x70, 0xE0, 0x44, 0x25, 0xE8, 0xAF,
    0x85, 0xDF, 0xD9, 0x2D, 0xDD, 0xC6, 0x71, 0x51, 0x88, 0x06, 0x07, 0x90, 0xD4, 0xE3, 0xC2, 0xC9,
    0x85, 0x47, 0xEA, 0xEF, 0x1F, 0x1E, 0x1E, 0xBE, 0x1F, 0xD5, 0xFD, 0xC4, 0x3F, 0xB5, 0xFB, 0x5E,
    0x33, 0x52, 0x83, 0x8A, 0x2D, 0xC5, 0x6E, 0x85, 0xCA, 0x8B, 0xD8, 0x15, 0x71, 0xAF, 0x57, 0x14,
    0xD1, 0x8B, 0x2F, 0xF1, 0x9A, 0xFD, 0x45, 0xE7, 0xF8, 0x2B, 0x0D, 0x35, 0x27, 0xBD, 0x66, 0xCE,
    0x82, 0xE8, 0xDC, 0xD0, 0x3B, 0x39, 0xC4, 0xC7, 0xA9, 0x6C, 0x68, 0xC3, 0x54, 0x3C, 0x53, 0x27,
    0xEE, 0xE7, 0x5D, 0xAF, 0x99, 0x92, 0x9A, 0x44, 0x5E, 0x45, 0xAE, 0xFB, 0x4C, 0xF9, 0xBC, 0x2F,
    0x07, 0xD5, 0xB7, 0x53, 0xC3, 0x49, 0x67, 0x9F, 0x7F, 0xCD, 0x82, 0xFD, 0xAF, 0xDB, 0xB6, 0xCE,
    0xB7, 0xD0, 0xBC, 0xFF, 0xCE, 0x2E, 0x22, 0x38, 0xF5, 0xA0, 0x28, 0x1F, 0x38, 0x0D, 0x48, 0x7F,
    0x3C, 0xFF, 0x9A, 0x01, 0x9F, 0x60, 0x5F, 0x5D, 0x16, 0x81, 0x7E, 0x12, 0x51, 0xF3, 0x86, 0x7D,
    0xFA, 0x0D, 0x5A, 0x91, 0x1C, 0xF6, 0x64, 0x38, 0xCB, 0x8F, 0x96, 0x8A, 0xDC, 0x37, 0x57, 0xC8,
    0xF2, 0x86, 0x5A, 0xE6, 0x9C, 0x25, 0x51, 0x1C, 0x8A, 0x4F, 0xBF, 0x21, 0x41, 0xDA, 0x7E, 0xC0,
    0xEB, 0x1F, 0x69, 0x89, 0xD2, 0xD3, 0xE2, 0xBE, 0x0F, 0x61, 0xDF, 0x01, 0xF8, 0xBE, 0xE0, 0x05,
    0x76, 0x92, 0xBE, 0xFF, 0x3D, 0x4C, 0x3A, 0x34, 0x34, 0x34, 0x80, 0x81, 0x01, 0x00, 0xCD, 0xD4,
    0x21, 0x6C, 0xE4, 0x46, 0x18, 0x05, 0xE0, 0xE7, 0xDD, 0xDE, 0x5A, 0xEA, 0x02, 0xA3, 0x23, 0x57,
    0xA9, 0x5B, 0x1C, 0x62, 0x5A, 0x36, 0xC3, 0x51, 0x49, 0x54, 0x50, 0x4E, 0x8E, 0x84, 0x23, 0x5B,
    0x2A, 0x97, 0x96, 0x95, 0x16, 0x84, 0x74, 0x39, 0xEE, 0x0C, 0x47, 0xE6, 0x68, 0xC0, 0xF1, 0x9B,
    0x4A, 0xBE, 0xCA, 0x49, 0xC7, 0x7E, 0xFD, 0x9F, 0x76, 0x73, 0x77, 0xB1, 0x56, 0xD1, 0x55, 0x2D,
    0xE8, 0x9F, 0xCC, 0x17, 0xC5, 0xF3, 0xD6, 0xFF, 0x78, 0xED, 0xF1, 0xCD, 0x3D, 0x70, 0x73, 0xEF,
    0x0A, 0xE0, 0xA6, 0xD6, 0x0C, 0xF9, 0x30, 0x03, 0xCC, 0x0D, 0xCD, 0x64, 0x56, 0x8C, 0x35, 0xAD,
    0xE2, 0x56, 0xF6, 0x92, 0x7E, 0x23, 0x01, 0x63, 0x81, 0x62, 0xB3, 0x3E, 0xD8, 0xE8, 0x24, 0xF9,
    0x20, 0xC7, 0x76, 0x04, 0xDA, 0xC9, 0x65, 0xE0, 0x50, 0x64, 0x53, 0xBA, 0x04, 0xEC, 0xE7, 0x10,
    0x81, 0x7A, 0xA1, 0xB9, 0x25, 0x7B, 0x48, 0x00, 0x95, 0x04, 0xB8, 0x40, 0xCE, 0xC6, 0x86, 0x03,
    0xE0, 0x38, 0x6B, 0x8A, 0x5E, 0x44, 0x84, 0xF7, 0x4C, 0xF8, 0x1E, 0xCC, 0x50, 0x07, 0x31, 0x19,
    0x6D, 0xC1, 0xEE, 0xDE, 0xE8, 0x78, 0x57, 0xB4, 0xAC, 0xB2, 0x17, 0x8D, 0x68, 0xE7, 0x8A, 0x93,
    0x25, 0x9D, 0x16, 0xE2, 0x72, 0x97, 0xD1, 0x09, 0x26, 0x37, 0x56, 0x8C, 0x6E, 0xDE, 0xB3, 0x6F,
    0x49, 0xC2, 0xC2, 0x45, 0x2B, 0xC9, 0x40, 0xD0, 0xA2, 0x76, 0x47, 0xE0, 0xCD, 0xE9, 0x74, 0xF2,
    0x4E, 0x7D, 0x57, 0xBC, 0xBA, 0xFD, 0xF1, 0xBC, 0xFC, 0x35, 0x35, 0xC9, 0x35, 0x5B, 0xA1, 0xD9,
    0xAB, 0x38, 0xF2, 0x3A, 0xC0, 0xE9, 0x57, 0x28, 0x52, 0x3E, 0x5A, 0x73, 0x06, 0xB4, 0x52, 0xF9,
    0x97, 0x6C, 0xFF, 0xD4, 0x5A, 0xDD, 0x1F, 0x8A, 0xBB, 0x2C, 0x43, 0x62, 0x02, 0x38, 0x84, 0x6C,
    0x46, 0x97, 0xB1, 0x61, 0xEF, 0x26, 0x6C, 0xE9, 0xDB, 0x82, 0x9A, 0x68, 0x66, 0xEC, 0xCD, 0x45,
    0xBF, 0x7B, 0xE2, 0xA0, 0x83, 0x9A, 0xDA, 0x2A, 0x66, 0xE1, 0xD8, 0xD1, 0x6A, 0x10, 0xCC, 0xBC,
    0x6E, 0x2F, 0x18, 0xAF, 0x98, 0xB0, 0xFD, 0x7F, 0x78, 0x3A, 0x62, 0x73, 0xF2, 0xBA, 0xB3, 0x65,
    0x45, 0x23, 0x6A, 0xF6, 0xD0, 0xC5, 0x02, 0x60, 0x36, 0xBA, 0xCB, 0x53, 0x04, 0x34, 0x34, 0xD6,
    0xD3, 0x41, 0x30, 0x5D, 0xEE, 0xDA, 0x5E, 0x91, 0xC3, 0x62, 0xB8, 0x72, 0x49, 0x54, 0x1C, 0x2E,
    0x93, 0x0D, 0x3D, 0xA0, 0x46, 0x74, 0xCF, 0xB9, 0xB1, 0x87, 0xE9, 0xB7, 0x5B, 0x2B, 0x4F, 0xAB,
    0xF4, 0x89, 0x93, 0xD5, 0x51, 0xED, 0xD5, 0xCE, 0x79, 0xB5, 0x83, 0xD5, 0x0C, 0x60, 0x53, 0x8C,
    0xAD, 0x9A, 0xEF, 0x45, 0x13, 0x15, 0xEB, 0x15, 0x53, 0x62, 0x11, 0x45, 0x89, 0x49, 0x6B, 0xCE,
    0x4A, 0x24, 0x2D, 0x4D, 0x31, 0xA7, 0x58, 0xF7, 0x14, 0xAB, 0x8A, 0x62, 0xE3, 0xC7, 0xD8, 0xF0,
    0xAC, 0xDF, 0x0D, 0xD4, 0xAB, 0x6F, 0x47, 0x57, 0xC2, 0x1C, 0x66, 0x57, 0xDA, 0x71, 0xD3, 0x03,
    0x3A, 0x93, 0x74, 0x9F, 0xDB, 0xCB, 0xCE, 0xCB, 0x20, 0x40, 0x81, 0x45, 0x54, 0xB3, 0xDC, 0x14,
    0xB9, 0x3D, 0x3B, 0xC9, 0x5A, 0x42, 0x97, 0xF0, 0x15, 0x9A, 0x8C, 0xAA, 0xC8, 0x76, 0xD6, 0x6A,
    0xB9, 0x68, 0x1D, 0x81, 0xF2, 0x3B, 0x7A, 0x35, 0x09, 0xBD, 0x9A, 0xB8, 0xA8, 0x26, 0x6E, 0x50,
    0x93, 0x36, 0x51, 0x8B, 0xCE, 0x8B, 0xFC, 0xA0, 0x26, 0xF5, 0xE3, 0xA7, 0x5D, 0xB1, 0xE1, 0xA4,
    0xDE, 0x1C, 0x4D, 0x30, 0xCB, 0x20, 0xE1, 0x12, 0xE4, 0x60, 0xA8, 0x7E, 0x00, 0xF0, 0xE6, 0x88,
    0x03, 0x3D, 0x36, 0x9C, 0x41, 0x26, 0x34, 0xE4, 0xCF, 0xE4, 0x84, 0x96, 0x7C, 0x4F, 0xCE, 0x70,
    0x24, 0xC7, 0x9A, 0xE8, 0x1E, 0xC9, 0x58, 0x11, 0x21, 0xB6, 0x04, 0x88, 0xD0, 0xEF, 0x2F, 0x7F,
    0x75, 0x8F, 0x75, 0xBC, 0x61, 0xDE, 0x12, 0xEE, 0x43, 0xE0, 0x72, 0x47, 0x38, 0xAA, 0x66, 0x9D,
    0xEF, 0xF2, 0x1E, 0x99, 0xCE, 0xAF, 0x92, 0xAE, 0x07, 0x19, 0xA1, 0xDA, 0x3F, 0x00, 0xAF, 0x61,
    0x45, 0xFF, 0x6F, 0xD1, 0x03, 0xB3, 0x7A, 0x88, 0xDE, 0xEA, 0x18, 0xF6, 0x8F, 0x9A, 0xD6, 0x0E,
    0x20, 0x8B, 0x56, 0x43, 0xB4, 0xCB, 0x4F, 0xF4, 0x2E, 0x83, 0xB1, 0x8B, 0xE8, 0x62, 0x88, 0xFA,
    0x4E, 0x7B, 0xB8, 0xF4, 0x8F, 0x78, 0xEB, 0xF5, 0xD5, 0xA9, 0xB4, 0x35, 0x5A, 0x1B, 0x1D, 0x3D,
    0x48, 0x80, 0x03, 0x2A, 0x46, 0xBD, 0x65, 0x5E, 0x1C, 0xCA, 0xE0, 0xD9, 0x18, 0xCE, 0x23, 0xA4,
    0xF3, 0xE8, 0x34, 0xF2, 0xD5, 0xA1, 0x79, 0x65, 0x1D, 0xA3, 0x0D, 0xB5, 0x06, 0xBA, 0x02, 0xBC,
    0xF1, 0xC0, 0xCE, 0xBB, 0x1C, 0x0A, 0xED, 0x27, 0x14, 0x97, 0x77, 0x1E, 0x97, 0x5A, 0x1F, 0xB7,
    0x99, 0xAF, 0xE1, 0xB2, 0xB5, 0x09, 0x05, 0xCC, 0x2C, 0x15, 0x47, 0x8A, 0xA0, 0x7F, 0x9D, 0x26,
    0x14, 0xC1, 0xB5, 0xFA, 0xD2, 0xCF, 0x56, 0xBF, 0xEB, 0x36, 0x73, 0xB0, 0x30, 0xA7, 0x36, 0x06,
    0x92, 0x29, 0xFC, 0x42, 0xC6, 0x6F, 0x11, 0xA8, 0xDD, 0x34, 0x42, 0xF5, 0x85, 0xB9, 0x57, 0xFE,
    0x69, 0xBB, 0xF1, 0xB2, 0xB5, 0xB4, 0xA7, 0x14, 0x1E, 0x56, 0xF7, 0xFE, 0xF5, 0x2D, 0x6F, 0xFD,
    0x53, 0xE2, 0xF3, 0x37, 0xC1, 0x2A, 0x47, 0x71, 0x4E, 0x8C, 0x97, 0x04, 0xDA, 0x68, 0xDC, 0xA8,
    0xD5, 0x0B, 0xAF, 0xA6, 0x55, 0xFD, 0x97, 0xE1, 0x2A, 0x19, 0xC1, 0xB8, 0x63, 0xC2, 0x37, 0x64,
    0xAA, 0x75, 0x81, 0x81, 0x7C, 0x07, 0x72, 0x02, 0x34, 0x40, 0x26, 0xA1, 0x84, 0x79, 0xB4, 0xAC,
    0x0E, 0x04, 0x51, 0x09, 0xEC, 0x84, 0x0A, 0xD7, 0x2F, 0xFA, 0x1D, 0x34, 0x91, 0x04, 0x7B, 0xB1,
    0x78, 0x04, 0xF2, 0x01, 0x1B, 0xCD, 0x62, 0x27, 0x50, 0x1B, 0x55, 0x30, 0x02, 0x99, 0x3A, 0x65,
    0xA8, 0xF4, 0xB9, 0xB9, 0xCE, 0xF0, 0x00, 0xD5, 0x8B, 0x8D, 0xFE, 0x06, 0xBC, 0x95, 0x31, 0x8E,
    0xF5, 0x34, 0x14, 0x85, 0x4F, 0x62, 0x31, 0xAF, 0x88, 0x84, 0x69, 0xA8, 0xD3, 0xD0, 0x67, 0x09,
    0xCE, 0x0E, 0xF8, 0x8B, 0xF9, 0x2B, 0x16, 0x93, 0x48, 0x6C, 0x01, 0xF6, 0x00, 0x6C, 0x22, 0xA6,
    0xFE, 0x1B, 0x2F, 0x21, 0x3D, 0x8D, 0x91, 0x9E, 0x50, 0x46, 0x72, 0x72, 0xE0, 0xF8, 0x26, 0xD2,
    0x7B, 0x23, 0x68, 0x10, 0xFC, 0x47, 0x33, 0xE7, 0x5D, 0xDD, 0x7C, 0xD7, 0xF6, 0xBD, 0x8A, 0x9C,
    0x89, 0x64, 0xFE, 0xAF, 0x0D, 0x52, 0x20, 0xB9, 0xCB, 0x0E, 0xB3, 0x1F, 0x3F, 0x7E, 0x3C, 0xC2,
    0x08, 0xFC, 0x6B, 0x23, 0xF9, 0x60, 0xC0, 0x0B, 0xA4, 0x7E, 0x96, 0x4F, 0x2B, 0x80, 0x86, 0x1B,
    0x80, 0x1B, 0x0F, 0xA5, 0xC9, 0x19, 0x98, 0xC8, 0x15, 0x0D, 0xC9, 0x0D, 0x37, 0x15, 0x29, 0x4D,
    0xCE, 0x41, 0x9E, 0x7C, 0x8D, 0x9D, 0x2D, 0x56, 0x19, 0x04, 0xF1, 0xF0, 0xB5, 0xD6, 0x29, 0x0D,
    0x70, 0x93, 0x87, 0x55, 0xEE, 0x67, 0x79, 0x8B, 0xF7, 0xEA, 0x71, 0x69, 0x8A, 0x30, 0x35, 0xCC,
    0x30, 0xDD, 0x58, 0x2E, 0x8C, 0xBC, 0x30, 0x32, 0x9E, 0xD8, 0xEF, 0x15, 0x14, 0x16, 0xA7, 0x72,
    0x62, 0xFA, 0xAB, 0x58, 0x51, 0xDA, 0x56, 0xD3, 0xBF, 0x61, 0xCA, 0x1B, 0x26, 0x33, 0xCC, 0x1E,
    0x18, 0x22, 0xAF, 0x98, 0x9E, 0x18, 0x51, 0xC1, 0xB0, 0x43, 0xEA, 0x38, 0x7B, 0xCB, 0x0D, 0x07,
    0x9C, 0x71, 0xCB, 0x06, 0xD4, 0xDA, 0x56, 0xFD, 0x87, 0x62, 0x98, 0x26, 0x61, 0x18, 0x04, 0x1A,
    0x26, 0xD0, 0x30, 0x81, 0x86, 0x09, 0x34, 0x4C, 0x60, 0x12, 0x26, 0xF1, 0x0F, 0x61, 0x15, 0xA4,
    0x30, 0x03, 0x85, 0x19, 0x58, 0x60, 0xB2, 0xAD, 0x0D, 0x8C, 0x57, 0xE4, 0xF1, 0xB7, 0xEA, 0xEA,
    0x92, 0x93, 0x56, 0x69, 0xA9, 0x29, 0x76, 0x07, 0xA6, 0x0C, 0x9F, 0xD1, 0x6D, 0xAA, 0x6E, 0x0B,
    0xC2, 0x0C, 0xFC, 0x95, 0x54, 0x5B, 0x58, 0x04, 0x3F, 0xB9, 0xE5, 0xF5, 0x46, 0x51, 0x7C, 0xB3,
    0xA3, 0xCF, 0xB8, 0x15, 0x74, 0x05, 0x43, 0x86, 0xE3, 0x6F, 0x4C, 0xC0, 0x42, 0x8E, 0x80, 0x67,
    0x6D, 0xE4, 0x6B, 0x59, 0xF3, 0x5A, 0xDB, 0x58, 0xB5, 0xAB, 0xBA, 0x26, 0xD1, 0x6B, 0xFF, 0x40,
    0x72, 0xAD, 0x2F, 0x3D, 0x2F, 0xBB, 0x3F, 0x5B, 0x5E, 0x64, 0x95, 0x1B, 0x54, 0xE1, 0x49, 0x8E,
    0x8E, 0xDC, 0xB5, 0x4D, 0x06, 0x5E, 0x7E, 0xC1, 0xB3, 0x22, 0x4C, 0x4D, 0x82, 0xA9, 0x5D, 0x61,
    0x72, 0xF9, 0x5D, 0xA0, 0xA6, 0x4D, 0xBE, 0xBC, 0x0F, 0x86, 0x03, 0xA6, 0xC0, 0x87, 0x40, 0x6E,
    0x82, 0x67, 0x55, 0x41, 0x6B, 0xC1, 0x7A, 0x3D, 0x1B, 0x51, 0x1B, 0xAC, 0xDD, 0x37, 0x0A, 0xD2,
    0x55, 0x67, 0x3B, 0xA8, 0xE6, 0x29, 0xE8, 0xD5, 0x8D, 0x34, 0x88, 0x79, 0x82, 0x27, 0x06, 0x8E,
    0x0A, 0xB8, 0x75, 0x8C, 0x35, 0x48, 0xA8, 0x41, 0x73, 0x00, 0x43, 0x52, 0x33, 0x77, 0xE0, 0x96,
    0x15, 0x28, 0xAD, 0xE0, 0x45, 0xDC, 0x37, 0xB8, 0xF4, 0xD9, 0xE6, 0x33, 0x5D, 0x47, 0x0F, 0xE7,
    0x7C, 0x8E, 0xE1, 0x9C, 0x4F, 0xF1, 0x36, 0x9F, 0xB7, 0xD7, 0x2F, 0xBE, 0xAB, 0xF3, 0xD1, 0xE1,
    0x6D, 0x3E, 0x09, 0xE7, 0x7C, 0xB2, 0x3B, 0xE7, 0x93, 0x5D, 0xB1, 0x20, 0xFD, 0x6A, 0x41, 0xFF,
    0x69, 0xFB, 0x9F, 0xE7, 0xD3, 0xFE, 0x0C, 0xBC, 0xFC, 0x74, 0xBE, 0xA2, 0x0B, 0x13, 0x1A, 0xB2,
    0xB8, 0xEB, 0xDE, 0xF3, 0xE4, 0x0E, 0x4F, 0x13, 0x86, 0xD2, 0x90, 0x9B, 0xE3, 0x1C, 0x32, 0x42,
    0xDD, 0x2D, 0xAC, 0xF0, 0x1C, 0x31, 0xC5, 0x90, 0xE0, 0x76, 0x20, 0xA4, 0x90, 0x80, 0x3B, 0x10,
    0xF4, 0x08, 0x5F, 0x01, 0x4B, 0x1C, 0xEE, 0x90, 0x18, 0xFB, 0xDA, 0x8A, 0xE3, 0xD8, 0xD5, 0x83,
    0x7B, 0xC2, 0x31, 0xD9, 0x65, 0x00, 0x0A, 0x62, 0x06, 0xC2, 0x2E, 0x24, 0x42, 0xEB, 0x0A, 0x41,
    0x85, 0x84, 0x54, 0x48, 0x88, 0xA0, 0x8A, 0x08, 0xFA, 0x56, 0x88, 0x20, 0x0A, 0x11, 0x54, 0x11,
    0x41, 0x86, 0x08, 0x82, 0x49, 0xD3, 0x35, 0x65, 0x3C, 0xE9, 0x15, 0xF8, 0xA0, 0x9B, 0xAF, 0xD7,
    0x3D, 0x9F, 0x27, 0xC6, 0xC0, 0x8D, 0x5C, 0x17, 0x1E, 0x64, 0xA6, 0x74, 0xAF, 0xBE, 0xFD, 0x83,
    0xDB, 0xD3, 0xBC, 0x54, 0x0F, 0xF2, 0xB5, 0x7A, 0xEA, 0xE5, 0xD1, 0xCB, 0x47, 0xFB, 0x5E, 0xB4,
    0xAC, 0x27, 0x55, 0xD1, 0xF5, 0xD5, 0xE8, 0xC9, 0x08, 0x8D, 0x1B, 0x40, 0x6B, 0x6D, 0x2C, 0xD6,
    0x66, 0x92, 0xFB, 0x51, 0xDE, 0xE0, 0xD4, 0x87, 0xEA, 0xCD, 0x06, 0xE9, 0x76, 0x3C, 0x74, 0x68,
    0x53, 0xBA, 0x8A, 0xC1, 0x74, 0x8E, 0xFB, 0x11, 0x34, 0x62, 0xB8, 0x1B, 0xBF, 0x1A, 0x1F, 0x81,
    0x16, 0xE0, 0xAC, 0x6F, 0x62, 0xCB, 0x9A, 0x71, 0xE2, 0x43, 0xBE, 0x15, 0xD1, 0xD9, 0x6F, 0xB5,
    0xD6, 0x67, 0xAD, 0x54, 0x06, 0x95, 0xB9, 0xC3, 0x4E, 0xC7, 0x60, 0xDF, 0x01, 0xCE, 0x36, 0x73,
    0x3C, 0xFC, 0xF4, 0xB6, 0xE9, 0x97, 0x3F, 0xE0, 0xD4, 0x8C, 0x01, 0xED, 0xBD, 0xE5, 0xDC, 0xED,
    0x2D, 0xE3, 0x50, 0xC0, 0xBC, 0x64, 0x84, 0x37, 0x46, 0x0C, 0xA4, 0xFA, 0xD8, 0x35, 0x88, 0x0D,
    0x70, 0x1A, 0x4C, 0xC3, 0x78, 0x46, 0x1D, 0xF3, 0x79, 0xAB, 0x0E, 0x1A, 0xD0, 0x24, 0x8E, 0x9F,
    0x88, 0x86, 0xDF, 0x13, 0x8E, 0x8E, 0xE3, 0xED, 0x68, 0x19, 0x7D, 0xD1, 0x6B, 0xB6, 0x81, 0x29,
    0x64, 0x2C, 0x6B, 0x58, 0x11, 0xF2, 0x92, 0x10, 0xFE, 0xDC, 0x07, 0x90, 0x05, 0x13, 0xF4, 0x1B,
    0x18, 0x44, 0x20, 0xE1, 0x08, 0x00, 0xC5, 0x92, 0x81, 0xA6, 0xDB, 0x70, 0x14, 0xC6, 0xBF, 0x24,
    0x76, 0x8B, 0xA0, 0x60, 0x00, 0x0A, 0x03, 0x86, 0x3E, 0x42, 0xC2, 0x5E, 0xE0, 0x62, 0x05, 0x83,
    0x01, 0xEC, 0x25, 0x96, 0xFF, 0xDE, 0xA0, 0x7B, 0x83, 0x61, 0xA0, 0x7B, 0x82, 0x81, 0xC6, 0x8A,
    0x01, 0x94, 0xBD, 0xC0, 0xE6, 0x62, 0x5C, 0x10, 0x16, 0x14, 0x6D, 0x7F, 0x3B, 0xC7, 0x69, 0x9A,
    0x6D, 0x6A, 0x70, 0xD5, 0x3D, 0xD2, 0xEF, 0xFB, 0xD1, 0x84, 0xEF, 0x73, 0x8E, 0xF4, 0x54, 0xF9,
    0x3A, 0xA9, 0xA4, 0x9B, 0xD1, 0xA9, 0xA2, 0x6B, 0xF8, 0xAE, 0x35, 0x1D, 0xB4, 0x82, 0x1F, 0x66,
    0x39, 0x5D, 0x4E, 0x2B, 0xFB, 0x15, 0xA3, 0x3D, 0xE7, 0xFE, 0x13, 0xF7, 0x6A, 0xF0, 0xB9, 0x6C,
    0x45, 0xBC, 0x79, 0x45, 0x3B, 0x4D, 0xB6, 0x5E, 0x22, 0xCD, 0xF8, 0x45, 0xAB, 0x86, 0x3B, 0x53,
    0xF8, 0x46, 0x9B, 0xC1, 0x17, 0x52, 0xCE, 0x56, 0x6F, 0xE4, 0x05, 0x14, 0xEA, 0xD1, 0xF3, 0x55,
    0x6A, 0xE0, 0x05, 0xED, 0x3F, 0x5A, 0xD0, 0x5E, 0xE3, 0xB1, 0x84, 0xEF, 0x17, 0x97, 0x13, 0x6E,
    0x68, 0x2D, 0x61, 0xE1, 0xDA, 0x9E, 0xD5, 0x12, 0x9A, 0x5E, 0x29, 0x61, 0xCE, 0xCE, 0x34, 0x63,
    0x6F, 0xAA, 0xD0, 0x6A, 0x2F, 0x9B, 0x6C, 0xA9, 0x71, 0xFC, 0x2A, 0xDE, 0xA1, 0xB8, 0x0B, 0x8B,
    0x1D, 0x97, 0xF1, 0x93, 0x36, 0x6E, 0xE3, 0xEB, 0x70, 0x1D, 0x1B, 0xEA, 0xD3, 0x7D, 0x7C, 0x1E,
    0x4E, 0x43, 0x23, 0xC4, 0x95, 0xE4, 0xAB, 0x3A, 0x4E, 0xA2, 0x20, 0xFD, 0x07, 0x22, 0xDE, 0x63,
    0xC1, 0xA9, 0xF2, 0xE2, 0x5C, 0x39, 0x45, 0xE5, 0x3B, 0x52, 0x54, 0xDE, 0x90, 0x86, 0xCA, 0x29,
    0x2A, 0x17, 0x24, 0xD7, 0xBF, 0x21, 0x2A, 0x1B, 0x3C, 0x66, 0xE5, 0xF1, 0xE9, 0xFF, 0x5C, 0xFA,
    0x79, 0xE3, 0xE3, 0xD2, 0x6D, 0x9E, 0x2C, 0xAD, 0xF8, 0x47, 0xA7, 0x06, 0xB6, 0x52, 0x0E, 0x1C,
    0xA4, 0x12, 0x40, 0x9A, 0x85, 0x55, 0x18, 0xC9, 0x3F, 0x2A, 0x19, 0x6D, 0x67, 0xB6, 0xFA, 0x60,
    0x36, 0x87, 0xCE, 0x8C, 0x4B, 0x16, 0x6F, 0x3E, 0xDC, 0x6A, 0xB7, 0x09, 0xDB, 0xD7, 0x66, 0x05,
    0x74, 0xA3, 0x29, 0xCC, 0x17, 0x26, 0x9B, 0xEC, 0xA5, 0xEB, 0xCD, 0xF1, 0x74, 0xCF, 0x6B, 0xA8,
    0xDD, 0x27, 0x10, 0xFF, 0x4F, 0x81, 0xBD, 0xC3, 0x7C, 0x00, 0xEB, 0xD3, 0x04, 0x74, 0xCE, 0x23,
    0x68, 0x4E, 0xAF, 0xEA, 0xB8, 0xAA, 0x0B, 0x38, 0x66, 0x40, 0x9A, 0x01, 0xA5, 0x43, 0x05, 0x87,
    0x80, 0xE3, 0xAB, 0xFD, 0x04, 0xA8, 0x9B, 0x5E, 0xCF, 0xFC, 0x2B, 0x35, 0x3B, 0xC9, 0x41, 0x15,
    0xF5, 0x00, 0xBB, 0x80, 0x19, 0x24, 0x07, 0x4F, 0xD3, 0x3B, 0x78, 0xBE, 0x43, 0x40, 0x09, 0x01,
    0x6A, 0x06, 0x98, 0x52, 0x07, 0x4C, 0x90, 0xC3, 0x5B, 0x4D, 0x0D, 0xB8, 0x49, 0x0D, 0xE0, 0xF9,
    0x5B, 0x83, 0x83, 0xA6, 0x01, 0xBD, 0x4A, 0x83, 0x39, 0x24, 0x65, 0x2E, 0x8B, 0x5B, 0x5F, 0xEF,
    0xAD, 0x7E, 0x03, 0x35, 0xCE, 0x01, 0x06, 0x02, 0x41, 0x18, 0xC5, 0xF1, 0xD9, 0x59, 0x84, 0x50,
    0x37, 0x98, 0x6E, 0xB0, 0x47, 0xE8, 0x20, 0x5D, 0x25, 0xD2, 0xAD, 0x42, 0xD4, 0x61, 0x02, 0xA0,
    0x01, 0x84, 0x6F, 0x7B, 0xFD, 0x9F, 0xF9, 0x7A, 0xEC, 0xEE, 0x33, 0x7E, 0xFB, 0x4C, 0x21, 0xFB,
    0x92, 0x39, 0xE7, 0x77, 0x52, 0x96, 0x8D, 0x9E, 0xA3, 0x34, 0xF5, 0x51, 0x2E, 0x8A, 0x24, 0x52,
    0x12, 0x0D, 0xD4, 0x5E, 0x65, 0x01, 0x41, 0x38, 0x8C, 0x5C, 0xA9, 0x32, 0xD1, 0xF5, 0x56, 0x8C,
    0x9A, 0xDE, 0x2A, 0xEA, 0x10, 0x89, 0x12, 0x10, 0xE9, 0x5B, 0xE8, 0x5E, 0x89, 0xCA, 0x52, 0xA3,
    0xF4, 0x99, 0xE7, 0xE8, 0xDD, 0x9D, 0x14, 0x0B, 0xC5, 0x3F, 0xF4, 0xAD, 0xB4, 0x4E, 0x3E, 0xC5,
    0x05, 0x84, 0xE9, 0x87, 0x8B, 0x6F, 0x64, 0x24, 0x2F, 0x83, 0xC6, 0x85, 0x40, 0x32, 0x01, 0xAD,
    0xB3, 0x09, 0x28, 0xAA, 0x09, 0xE8, 0x33, 0x99, 0x80, 0xA2, 0x9A, 0x18, 0x9D, 0x4C, 0x8C, 0x06,
    0x01, 0x99, 0x38, 0x90, 0xCC, 0xFD, 0x5F, 0x0E, 0x7E, 0xFD, 0x00,
};

static const EpdGlyph sourcesans_18_boldGlyphs[] = {
    { 0, 0, 0, 0, 0, 0, 0 }, // U+0000
    { 0, 0, 156, 0, 0, 0, 0 }, // U+000D
    { 0, 0, 120, 0, 0, 0, 0 }, // U+0020
    { 7, 27, 204, 3, 26, 48, 0 }, // !
    { 16, 13, 322, 2, 26, 52, 48 }, // "
    { 18, 25, 317, 1, 25, 113, 100 }, // #
    { 17, 33, 317, 1, 28, 141, 213 }, // $
    { 32, 27, 514, 0, 26, 216, 354 }, // %
    { 25, 26, 400, 0, 25, 163, 570 }, // &
    { 7, 13, 180, 2, 26, 23, 733 }, // '
    { 10, 35, 206, 2, 28, 88, 756 }, // (
    { 10, 35, 206, 1, 28, 88, 844 }, // )
    { 15, 14, 274, 1, 27, 53, 932 }, // *
    { 18, 19, 317, 1, 22, 86, 985 }, // +
    { 9, 15, 180, 1, 7, 34, 1071 }, // ,
    { 10, 5, 199, 1, 12, 13, 1105 }, // -
    { 7, 8, 180, 2, 7, 14, 1118 }, // .
    { 12, 33, 203, 0, 27, 99, 1132 }, // /
    { 19, 26, 348, 1, 25, 124, 1231 }, // 0
    { 11, 24, 246, 1, 24, 66, 1355 }, // 1
    { 17, 25, 316, 1, 25, 107, 1421 }, // 2
    { 18, 26, 317, 0, 25, 117, 1528 }, // 3
    { 19, 24, 336, 1, 24, 114, 1645 }, // 4
    { 18, 25, 317, 0, 24, 113, 1759 }, // 5
    { 18, 26, 337, 2, 25, 117, 1872 }, // 6
    { 17, 24, 310, 1, 24, 102, 1989 }, // 7
    { 18, 26, 329, 1, 25, 117, 2091 }, // 8
    { 18, 26, 337, 1, 25, 117, 2208 }, // 9
    { 7, 20, 180, 2, 19, 35, 2325 }, // :
    { 9, 27, 180, 1, 19, 61, 2360 }, // ;
    { 18, 18, 317, 1, 21, 81, 2421 }, // <
    { 18, 13, 317, 1, 19, 59, 2502 }, // =
    { 18, 18, 317, 1, 21, 81, 2561 }, // >
    { 15, 27, 278, 1, 26, 102, 2642 }, // ?
    { 32, 33, 541, 1, 26, 264, 2744 }, // @
    { 23, 25, 344, -1, 25, 144, 3008 }, // A
    { 20, 25, 363, 2, 25, 125, 3152 }, // B
    { 20, 26, 349, 1, 25, 130, 3277 }, // C
    { 21, 25, 381, 2, 25, 132, 3407 }, // D
    { 17, 25, 329, 2, 25, 107, 3539 }, // E
    { 17, 25, 314, 2, 25, 107, 3646 }, // F
    { 21, 26, 383, 1, 25, 137, 3753 }, // G
    { 21, 25, 404, 2, 25, 132, 3890 }, // H
    { 7, 25, 181, 2, 25, 44, 4022 }, // I
    { 17, 26, 305, 0, 25, 111, 4066 }, // J
    { 22, 25, 368, 2, 25, 138, 4177 }, // K
    { 17, 25, 311, 2, 25, 107, 4315 }, // L
    { 24, 25, 457, 2, 25, 150, 4422 }, // M
    { 21, 25, 399, 2, 25, 132, 4572 }, // N
    { 23, 26, 410, 1, 25, 150, 4704 }, // O
    { 19, 25, 358, 2, 25, 119, 4854 }, // P
    { 25, 32, 410, 1, 25, 200, 4973 }, // Q
    { 21, 25, 368, 2, 25, 132, 5173 }, // R
    { 19, 26, 334, 1, 25, 124, 5305 }, // S
    { 20, 25, 334, 0, 25, 125, 5429 }, // T
    { 21, 26, 399, 2, 25, 137, 5554 }, // U
    { 23, 25, 334, -1, 25, 144, 5691 }, // V
    { 30, 25, 488, 0, 25, 188, 5835 }, // W
    { 21, 25, 340, 0, 25, 132, 6023 }, // X
    { 21, 25, 315, -1, 25, 132, 6155 }, // Y
    { 19, 25, 325, 1, 25, 119, 6287 }, // Z
    { 9, 33, 206, 3, 27, 75, 6406 }, // [
    { 12, 33, 203, 1, 27, 99, 6481 }, // <backslash>
    { 9, 33, 206, 1, 27, 75, 6580 }, // ]
    { 17, 16, 317, 1, 26, 68, 6655 }, // ^
    { 19, 4, 300, 0, -2, 19, 6723 }, // _
    { 11, 8, 333, 3, 29, 22, 6742 }, // `
    { 17, 21, 316, 1, 20, 90, 6764 }, // a
    { 19, 28, 344, 2, 27, 133, 6854 }, // b
    { 16, 21, 281, 1, 20, 84, 6987 }, // c
    { 19, 28, 344, 1, 27, 133, 7071 }, // d
    { 18, 21, 311, 1, 20, 95, 7204 }, // e
    { 14, 27, 205, 0, 27, 95, 7299 }, // f
    { 19, 28, 320, 1, 20, 133, 7394 }, // g
    { 18, 27, 343, 2, 27, 122, 7527 }, // h
    { 7, 28, 166, 2, 28, 49, 7649 }, // i
    { 11, 36, 167, -2, 28, 99, 7698 }, // j
    { 19, 27, 329, 2, 27, 129, 7797 }, // k
    { 9, 28, 172, 2, 27, 63, 7926 }, // l
    { 28, 20, 514, 2, 20, 140, 7989 }, // m
    { 18, 20, 343, 2, 20, 90, 8129 }, // n
    { 19, 21, 333, 1, 20, 100, 8219 }, // o
    { 19, 27, 344, 2, 20, 129, 8319 }, // p
    { 19, 27, 344, 1, 20, 129, 8448 }, // q
    { 13, 20, 239, 2, 20, 65, 8577 }, // r
    { 16, 21, 266, 0, 20, 84, 8642 }, // s
    { 14, 26, 230, 0, 25, 91, 8726 }, // t
    { 17, 20, 341, 2, 19, 85, 8817 }, // u
    { 20, 19, 314, 0, 19, 95, 8902 }, // v
    { 29, 19, 466, 0, 19, 138, 8997 }, // w
    { 19, 19, 308, 0, 19, 91, 9135 }, // x
    { 20, 27, 313, 0, 19, 135, 9226 }, // y
    { 16, 19, 276, 1, 19, 76, 9361 }, // z
    { 11, 33, 206, 1, 27, 91, 9437 }, // {
    { 4, 39, 161, 3, 29, 39, 9528 }, // |
    { 11, 33, 206, 1, 27, 91, 9567 }, // }
    { 18, 7, 317, 1, 16, 32, 9658 }, // ~
    { 0, 0, 120, 0, 0, 0, 0 }, // U+00A0
    { 7, 27, 204, 3, 20, 48, 0 }, // U+00A1
    { 17, 27, 317, 2, 25, 115, 48 }, // U+00A2
    { 18, 25, 317, 1, 25, 113, 163 }, // U+00A3
    { 20, 19, 317, 0, 22, 95, 276 }, // U+00A4
    { 20, 24, 317, 0, 24, 120, 371 }, // U+00A5
    { 4, 39, 161, 3, 29, 39, 491 }, // U+00A6
    { 18, 30, 317, 1, 26, 135, 530 }, // U+00A7
    { 15, 6, 333, 3, 27, 23, 665 }, // U+00A8
    { 26, 26, 450, 1, 25, 169, 688 }, // U+00A9
    { 11, 14, 215, 1, 27, 39, 857 }, // U+00AA
    { 15, 15, 288, 1, 17, 57, 896 }, // U+00AB
    { 18, 12, 317, 1, 15, 54, 953 }, // U+00AC
    { 10, 5, 199, 1, 12, 13, 1007 }, // U+00AD
    { 16, 16, 277, 1, 27, 64, 1020 }, // U+00AE
    { 12, 4, 333, 4, 26, 12, 1084 }, // U+00AF
    { 12, 12, 219, 1, 26, 36, 1096 }, // U+00B0
    { 18, 22, 317, 1, 22, 99, 1132 }, // U+00B1
    { 12, 16, 226, 1, 30, 48, 1231 }, // U+00B2
    { 12, 17, 226, 1, 30, 51, 1279 }, // U+00B3
    { 11, 8, 333, 7, 29, 22, 1330 }, // U+00B4
    { 21, 26, 356, 2, 19, 137, 1352 }, // U+00B5
    { 20, 28, 382, 1, 25, 140, 1489 }, // U+00B6
    { 7, 8, 180, 2, 16, 14, 1629 }, // U+00B7
    { 9, 10, 333, 6, 1, 23, 1643 }, // U+00B8
    { 9, 15, 226, 2, 29, 34, 1666 }, // U+00B9
    { 14, 14, 224, 0, 27, 49, 1700 }, // U+00BA
    { 15, 15, 288, 2, 17, 57, 1749 }, // U+00BB
    { 30, 26, 485, 1, 25, 195, 1806 }, // U+00BC
    { 30, 26, 508, 1, 25, 195, 2001 }, // U+00BD
    { 31, 27, 491, 0, 26, 210, 2196 }, // U+00BE
    { 15, 27, 278, 1, 20, 102, 2406 }, // U+00BF
    { 23, 33, 344, -1, 33, 190, 2508 }, // U+00C0
    { 23, 33, 344, -1, 33, 190, 2698 }, // U+00C1
    { 23, 33, 344, -1, 33, 190, 2888 }, // U+00C2
    { 23, 32, 344, -1, 32, 184, 3078 }, // U+00C3
    { 23, 32, 344, -1, 32, 184, 3262 }, // U+00C4
    { 23, 34, 344, -1, 34, 196, 3446 }, // U+00C5
    { 31, 25, 507, -1, 25, 194, 3642 }, // U+00C6
    { 20, 34, 349, 1, 25, 170, 3836 }, // U+00C7
    { 17, 33, 329, 2, 33, 141, 4006 }, // U+00C8
    { 17, 33, 329, 2, 33, 141, 4147 }, // U+00C9
    { 17, 33, 329, 2, 33, 141, 4288 }, // U+00CA
    { 17, 32, 329, 2, 32, 136, 4429 }, // U+00CB
    { 12, 33, 181, -3, 33, 99, 4565 }, // U+00CC
    { 12, 33, 181, 2, 33, 99, 4664 }, // U+00CD
    { 17, 33, 181, -3, 33, 141, 4763 }, // U+00CE
    { 15, 32, 181, -2, 32, 120, 4904 }, // U+00CF
    { 23, 25, 394, 0, 25, 144, 5024 }, // U+00D0
    { 21, 32, 399, 2, 32, 168, 5168 }, // U+00D1
    { 23, 34, 410, 1, 33, 196, 5336 }, // U+00D2
    { 23, 34, 410, 1, 33, 196, 5532 }, // U+00D3
    { 23, 34, 410, 1, 33, 196, 5728 }, // U+00D4
    { 23, 33, 410, 1, 32, 190, 5924 }, // U+00D5
    { 23, 33, 410, 1, 32, 190, 6114 }, // U+00D6
    { 17, 17, 317, 1, 21, 73, 6304 }, // U+00D7
    { 24, 29, 410, 1, 27, 174, 6377 }, // U+00D8
    { 21, 34, 399, 2, 33, 179, 6551 }, // U+00D9
    { 21, 34, 399, 2, 33, 179, 6730 }, // U+00DA
    { 21, 34, 399, 2, 33, 179, 6909 }, // U+00DB
    { 21, 33, 399, 2, 32, 174, 7088 }, // U+00DC
    { 21, 33, 315, -1, 33, 174, 7262 }, // U+00DD
    { 20, 25, 370, 2, 25, 125, 7436 }, // U+00DE
    { 21, 28, 379, 2, 27, 147, 7561 }, // U+00DF
    { 17, 30, 316, 1, 29, 128, 7708 }, // U+00E0
    { 17, 30, 316, 1, 29, 128, 7836 }, // U+00E1
    { 17, 30, 316, 1, 29, 128, 7964 }, // U+00E2
    { 17, 29, 316, 1, 28, 124, 8092 }, // U+00E3
    { 17, 28, 316, 1, 27, 119, 8216 }, // U+00E4
    { 17, 30, 316, 1, 29, 128, 8335 }, // U+00E5
    { 27, 21, 469, 1, 20, 142, 8463 }, // U+00E6
    { 16, 29, 280, 1, 20, 116, 8605 }, // U+00E7
    { 18, 30, 311, 1, 29, 135, 8721 }, // U+00E8
    { 18, 30, 311, 1, 29, 135, 8856 }, // U+00E9
    { 18, 30, 311, 1, 29, 135, 8991 }, // U+00EA
    { 18, 28, 311, 1, 27, 126, 9126 }, // U+00EB
    { 12, 29, 166, -3, 29, 87, 9252 }, // U+00EC
    { 12, 29, 166, 1, 29, 87, 9339 }, // U+00ED
    { 16, 29, 166, -3, 29, 116, 9426 }, // U+00EE
    { 14, 27, 166, -2, 27, 95, 9542 }, // U+00EF
    { 19, 29, 335, 1, 28, 138, 9637 }, // U+00F0
    { 18, 28, 343, 2, 28, 126, 9775 }, // U+00F1
    { 19, 30, 333, 1, 29, 143, 9901 }, // U+00F2
    { 19, 30, 333, 1, 29, 143, 10044 }, // U+00F3
    { 19, 30, 333, 1, 29, 143, 10187 }, // U+00F4
    { 19, 29, 333, 1, 28, 138, 10330 }, // U+00F5
    { 19, 28, 333, 1, 27, 133, 10468 }, // U+00F6
    { 18, 21, 317, 1, 23, 95, 10601 }, // U+00F7
    { 19, 22, 333, 1, 20, 105, 10696 }, // U+00F8
    { 17, 30, 341, 2, 29, 128, 10801 }, // U+00F9
    { 17, 30, 341, 2, 29, 128, 10929 }, // U+00FA
    { 17, 30, 341, 2, 29, 128, 11057 }, // U+00FB
    { 17, 28, 341, 2, 27, 119, 11185 }, // U+00FC
    { 20, 37, 313, 0, 29, 185, 11304 }, // U+00FD
    { 19, 34, 344, 2, 27, 162, 11489 }, // U+00FE
    { 20, 35, 313, 0, 27, 175, 11651 }, // U+00FF
    { 23, 31, 344, -1, 31, 179, 0 }, // U+0100
    { 17, 27, 316, 1, 26, 115, 179 }, // U+0101
    { 23, 32, 344, -1, 32, 184, 294 }, // U+0102
    { 17, 29, 316, 1, 28, 124, 478 }, // U+0103
    { 24, 34, 344, -1, 25, 204, 602 }, // U+0104
    { 19, 29, 316, 1, 20, 138, 806 }, // U+0105
    { 20, 34, 349, 1, 33, 170, 944 }, // U+0106
    { 17, 30, 280, 1, 29, 128, 1114 }, // U+0107
    { 20, 34, 349, 1, 33, 170, 1242 }, // U+0108
    { 17, 30, 280, 1, 29, 128, 1412 }, // U+0109
    { 20, 34, 349, 1, 33, 170, 1540 }, // U+010A
    { 16, 29, 280, 1, 28, 116, 1710 }, // U+010B
    { 20, 34, 349, 1, 33, 170, 1826 }, // U+010C
    { 17, 30, 280, 1, 29, 128, 1996 }, // U+010D
    { 21, 33, 381, 2, 33, 174, 2124 }, // U+010E
    { 24, 30, 368, 1, 29, 180, 2298 }, // U+010F
    { 23, 25, 393, 0, 25, 144, 2478 }, // U+0110
    { 21, 28, 344, 1, 27, 147, 2622 }, // U+0111
    { 17, 31, 329, 2, 31, 132, 2769 }, // U+0112
    { 18, 27, 311, 1, 26, 122, 2901 }, // U+0113
    { 17, 32, 329, 2, 32, 136, 3023 }, // U+0114
    { 18, 29, 311, 1, 28, 131, 3159 }, // U+0115
    { 17, 33, 329, 2, 33, 141, 3290 }, // U+0116
    { 18, 29, 311, 1, 28, 131, 3431 }, // U+0117
    { 18, 34, 329, 2, 25, 153, 3562 }, // U+0118
    { 18, 29, 311, 1, 20, 131, 3715 }, // U+0119
    { 17, 33, 329, 2, 33, 141, 3846 }, // U+011A
    { 18, 30, 311, 1, 29, 135, 3987 }, // U+011B
    { 21, 34, 383, 1, 33, 179, 4122 }, // U+011C
    { 19, 37, 320, 1, 29, 176, 4301 }, // U+011D
    { 21, 33, 383, 1, 32, 174, 4477 }, // U+011E
    { 19, 36, 320, 1, 28, 171, 4651 }, // U+011F
    { 21, 34, 383, 1, 33, 179, 4822 }, // U+0120
    { 19, 36, 320, 1, 28, 171, 5001 }, // U+0121
    { 21, 34, 383, 1, 25, 179, 5172 }, // U+0122
    { 19, 37, 320, 1, 29, 176, 5351 }, // U+0123
    { 21, 33, 404, 2, 33, 174, 5527 }, // U+0124
    { 18, 35, 343, 2, 35, 158, 5701 }, // U+0125
    { 26, 25, 428, 0, 25, 163, 5859 }, // U+0126
    { 21, 27, 345, -1, 27, 142, 6022 }, // U+0127
    { 16, 32, 181, -2, 32, 128, 6164 }, // U+0128
    { 15, 28, 166, -2, 28, 105, 6292 }, // U+0129
    { 13, 31, 181, -1, 31, 101, 6397 }, // U+012A
    { 12, 26, 166, -1, 26, 78, 6498 }, // U+012B
    { 13, 32, 181, -1, 32, 104, 6576 }, // U+012C
    { 14, 28, 166, -2, 28, 98, 6680 }, // U+012D
    { 10, 34, 181, 1, 25, 85, 6778 }, // U+012E
    { 9, 37, 166, 1, 28, 84, 6863 }, // U+012F
    { 7, 33, 181, 2, 33, 58, 6947 }, // U+0130
    { 6, 19, 166, 2, 19, 29, 7005 }, // U+0131
    { 18, 32, 361, 2, 25, 144, 7034 }, // U+0132
    { 17, 36, 332, 2, 28, 153, 7178 }, // U+0133
    { 22, 34, 305, 0, 33, 187, 7331 }, // U+0134
    { 16, 37, 167, -3, 29, 148, 7518 }, // U+0135
    { 22, 34, 368, 2, 25, 187, 7666 }, // U+0136
    { 19, 36, 329, 2, 27, 171, 7853 }, // U+0137
    { 19, 19, 329, 2, 19, 91, 8024 }, // U+0138
    { 17, 33, 311, 2, 33, 141, 8115 }, // U+0139
    { 12, 36, 172, 2, 35, 108, 8256 }, // U+013A
    { 17, 34, 311, 2, 25, 145, 8364 }, // U+013B
    { 10, 36, 172, 1, 27, 90, 8509 }, // U+013C
    { 17, 28, 311, 2, 28, 119, 8599 }, // U+013D
    { 11, 30, 191, 2, 29, 83, 8718 }, // U+013E
    { 17, 25, 311, 2, 25, 107, 8801 }, // U+013F
    { 15, 28, 272, 2, 27, 105, 8908 }, // U+0140
    { 21, 25, 326, -1, 25, 132, 9013 }, // U+0141
    { 15, 28, 215, -1, 27, 105, 9145 }, // U+0142
    { 21, 33, 399, 2, 33, 174, 9250 }, // U+0143
    { 18, 29, 343, 2, 29, 131, 9424 }, // U+0144
    { 21, 34, 399, 2, 25, 179, 9555 }, // U+0145
    { 18, 29, 343, 2, 20, 131, 9734 }, // U+0146
    { 21, 33, 399, 2, 33, 174, 9865 }, // U+0147
    { 18, 29, 343, 2, 29, 131, 10039 }, // U+0148
    { 29, 27, 510, 1, 27, 196, 10170 }, // U+0149
    { 22, 26, 400, 2, 25, 143, 10366 }, // U+014A
    { 18, 28, 343, 2, 20, 126, 10509 }, // U+014B
    { 23, 32, 410, 1, 31, 184, 10635 }, // U+014C
    { 19, 27, 333, 1, 26, 129, 10819 }, // U+014D
    { 23, 33, 410, 1, 32, 190, 10948 }, // U+014E
    { 19, 29, 333, 1, 28, 138, 11138 }, // U+014F
    { 23, 34, 410, 1, 33, 196, 11276 }, // U+0150
    { 19, 30, 333, 1, 29, 143, 11472 }, // U+0151
    { 30, 25, 523, 1, 25, 188, 11615 }, // U+0152
    { 29, 21, 493, 1, 20, 153, 11803 }, // U+0153
    { 21, 33, 368, 2, 33, 174, 11956 }, // U+0154
    { 15, 29, 239, 2, 29, 109, 12130 }, // U+0155
    { 21, 34, 368, 2, 25, 179, 12239 }, // U+0156
    { 15, 29, 239, 0, 20, 109, 12418 }, // U+0157
    { 21, 33, 368, 2, 33, 174, 12527 }, // U+0158
    { 16, 29, 239, 1, 29, 116, 12701 }, // U+0159
    { 19, 34, 334, 1, 33, 162, 12817 }, // U+015A
    { 17, 30, 266, 0, 29, 128, 12979 }, // U+015B
    { 19, 34, 334, 1, 33, 162, 13107 }, // U+015C
    { 17, 30, 266, 0, 29, 128, 13269 }, // U+015D
    { 19, 34, 334, 1, 25, 162, 13397 }, // U+015E
    { 16, 29, 266, 0, 20, 116, 13559 }, // U+015F
    { 19, 34, 334, 1, 33, 162, 13675 }, // U+0160
    { 17, 30, 266, 0, 29, 128, 13837 }, // U+0161
    { 20, 34, 334, 0, 25, 170, 13965 }, // U+0162
    { 14, 34, 230, 0, 25, 119, 14135 }, // U+0163
    { 20, 33, 334, 0, 33, 165, 14254 }, // U+0164
    { 14, 30, 230, 0, 29, 105, 14419 }, // U+0165
    { 20, 25, 334, 0, 25, 125, 14524 }, // U+0166
    { 14, 26, 230, 0, 25, 91, 14649 }, // U+0167
    { 21, 33, 399, 2, 32, 174, 14740 }, // U+0168
    { 17, 29, 341, 2, 28, 124, 14914 }, // U+0169
    { 21, 32, 399, 2, 31, 168, 15038 }, // U+016A
    { 17, 27, 341, 2, 26, 115, 15206 }, // U+016B
    { 21, 33, 399, 2, 32, 174, 15321 }, // U+016C
    { 17, 29, 341, 2, 28, 124, 15495 }, // U+016D
    { 21, 35, 399, 2, 34, 184, 15619 }, // U+016E
    { 17, 30, 341, 2, 29, 128, 15803 }, // U+016F
    { 21, 34, 399, 2, 33, 179, 15931 }, // U+0170
    { 18, 30, 341, 2, 29, 135, 16110 }, // U+0171
    { 21, 34, 399, 2, 25, 179, 16245 }, // U+0172
    { 19, 28, 341, 2, 19, 133, 16424 }, // U+0173
    { 30, 33, 488, 0, 33, 248, 16557 }, // U+0174
    { 29, 29, 466, 0, 29, 211, 16805 }, // U+0175
    { 21, 33, 315, -1, 33, 174, 17016 }, // U+0176
    { 20, 37, 313, 0, 29, 185, 17190 }, // U+0177
    { 21, 32, 315, -1, 32, 168, 17375 }, // U+0178
    { 19, 33, 325, 1, 33, 157, 17543 }, // U+0179
    { 16, 29, 276, 1, 29, 116, 17700 }, // U+017A
    { 19, 33, 325, 1, 33, 157, 17816 }, // U+017B
    { 16, 28, 276, 1, 28, 112, 17973 }, // U+017C
    { 19, 33, 325, 1, 33, 157, 18085 }, // U+017D
    { 16, 29, 276, 1, 29, 116, 18242 }, // U+017E
    { 14, 27, 188, 0, 27, 95, 18358 }, // U+017F
    { 24, 32, 410, 1, 31, 192, 0 }, // U+01A0
    { 21, 27, 333, 1, 26, 142, 192 }, // U+01A1
    { 26, 33, 410, 2, 32, 215, 334 }, // U+01AF
    { 21, 27, 341, 2, 26, 142, 549 }, // U+01B0
    { 46, 35, 785, 3, 35, 403, 691 }, // U+01C4
    { 43, 29, 735, 3, 29, 312, 1094 }, // U+01C5
    { 41, 30, 675, 1, 29, 308, 1406 }, // U+01C6
    { 28, 35, 538, 3, 27, 245, 1714 }, // U+01C7
    { 27, 38, 522, 3, 29, 257, 1959 }, // U+01C8
    { 19, 38, 366, 2, 29, 181, 2216 }, // U+01C9
    { 37, 35, 686, 3, 27, 324, 2397 }, // U+01CA
    { 37, 38, 671, 3, 29, 352, 2721 }, // U+01CB
    { 32, 38, 577, 2, 29, 304, 3073 }, // U+01CC
    { 23, 33, 344, -1, 33, 190, 3377 }, // U+01CD
    { 17, 30, 316, 1, 29, 128, 3567 }, // U+01CE
    { 17, 33, 181, -3, 33, 141, 3695 }, // U+01CF
    { 16, 29, 166, -3, 29, 116, 3836 }, // U+01D0
    { 23, 34, 410, 1, 33, 196, 3952 }, // U+01D1
    { 19, 30, 333, 1, 29, 143, 4148 }, // U+01D2
    { 21, 34, 399, 2, 33, 179, 4291 }, // U+01D3
    { 17, 30, 341, 2, 29, 128, 4470 }, // U+01D4
    { 21, 37, 399, 2, 36, 195, 4598 }, // U+01D5
    { 17, 33, 341, 2, 32, 141, 4793 }, // U+01D6
    { 21, 38, 399, 2, 37, 200, 4934 }, // U+01D7
    { 17, 34, 341, 2, 33, 145, 5134 }, // U+01D8
    { 21, 38, 399, 2, 37, 200, 5279 }, // U+01D9
    { 17, 33, 341, 2, 32, 141, 5479 }, // U+01DA
    { 21, 38, 399, 2, 37, 200, 5620 }, // U+01DB
    { 17, 34, 341, 2, 33, 145, 5820 }, // U+01DC
    { 18, 21, 311, 1, 20, 95, 5965 }, // U+01DD
    { 26, 39, 415, 0, 39, 254, 6060 }, // U+01DE
    { 19, 34, 359, 1, 33, 162, 6314 }, // U+01DF
    { 26, 39, 415, 0, 39, 254, 6476 }, // U+01E0
    { 19, 34, 359, 1, 33, 162, 6730 }, // U+01E1
    { 31, 31, 507, -1, 31, 241, 6892 }, // U+01E2
    { 27, 27, 469, 1, 26, 183, 7133 }, // U+01E3
    { 24, 26, 406, 1, 25, 156, 7316 }, // U+01E4
    { 21, 28, 361, 1, 20, 147, 7472 }, // U+01E5
    { 21, 34, 383, 1, 33, 179, 7619 }, // U+01E6
    { 19, 37, 320, 1, 29, 176, 7798 }, // U+01E7
    { 22, 35, 396, 3, 35, 193, 7974 }, // U+01E8
    { 26, 37, 372, -2, 37, 241, 8167 }, // U+01E9
    { 23, 34, 410, 1, 25, 196, 8408 }, // U+01EA
    { 19, 29, 333, 1, 20, 138, 8604 }, // U+01EB
    { 26, 42, 475, 2, 33, 273, 8742 }, // U+01EC
    { 21, 36, 375, 1, 27, 189, 9015 }, // U+01ED
    { 19, 34, 334, 1, 33, 162, 9204 }, // U+01EE
    { 17, 37, 276, 0, 29, 158, 9366 }, // U+01EF
    { 16, 37, 167, -3, 29, 148, 9524 }, // U+01F0
    { 46, 27, 785, 3, 27, 311, 9672 }, // U+01F1
    { 42, 27, 735, 3, 27, 284, 9983 }, // U+01F2
    { 41, 30, 675, 1, 29, 308, 10267 }, // U+01F3
    { 21, 34, 383, 1, 33, 179, 10575 }, // U+01F4
    { 19, 37, 320, 1, 29, 176, 10754 }, // U+01F5
    { 34, 28, 629, 3, 27, 238, 10930 }, // U+01F6
    { 19, 32, 358, 2, 25, 152, 11168 }, // U+01F7
    { 21, 33, 399, 2, 33, 174, 11320 }, // U+01F8
    { 18, 29, 343, 2, 29, 131, 11494 }, // U+01F9
    { 23, 37, 344, -1, 37, 213, 11625 }, // U+01FA
    { 17, 34, 316, 1, 33, 145, 11838 }, // U+01FB
    { 31, 33, 507, -1, 33, 256, 11983 }, // U+01FC
    { 27, 30, 469, 1, 29, 203, 12239 }, // U+01FD
    { 24, 35, 410, 1, 33, 210, 12442 }, // U+01FE
    { 19, 31, 333, 1, 29, 148, 12652 }, // U+01FF
    { 23, 33, 344, -1, 33, 190, 12800 }, // U+0200
    { 17, 30, 316, 1, 29, 128, 12990 }, // U+0201
    { 26, 35, 415, 0, 35, 228, 13118 }, // U+0202
    { 19, 30, 359, 1, 29, 143, 13346 }, // U+0203
    { 18, 33, 329, 1, 33, 149, 13489 }, // U+0204
    { 18, 30, 311, 1, 29, 135, 13638 }, // U+0205
    { 16, 35, 336, 3, 35, 140, 13773 }, // U+0206
    { 20, 30, 358, 1, 29, 150, 13913 }, // U+0207
    { 16, 33, 181, -4, 33, 132, 14063 }, // U+0208
    { 15, 29, 166, -4, 29, 109, 14195 }, // U+0209
    { 15, 35, 233, 0, 35, 132, 14304 }, // U+020A
    { 15, 29, 179, -2, 29, 109, 14436 }, // U+020B
    { 23, 34, 410, 1, 33, 196, 14545 }, // U+020C
    { 19, 30, 333, 1, 29, 143, 14741 }, // U+020D
    { 26, 36, 475, 2, 35, 234, 14884 }, // U+020E
    { 21, 30, 375, 1, 29, 158, 15118 }, // U+020F
    { 23, 35, 394, 2, 35, 202, 15276 }, // U+0210
    { 18, 29, 268, -1, 29, 131, 15478 }, // U+0211
    { 22, 35, 394, 3, 35, 193, 15609 }, // U+0212
    { 15, 29, 268, 2, 29, 109, 15802 }, // U+0213
    { 23, 36, 454, 3, 35, 207, 15911 }, // U+0214
    { 20, 30, 390, 2, 29, 150, 16118 }, // U+0215
    { 23, 36, 454, 3, 35, 207, 16268 }, // U+0216
    { 20, 30, 390, 2, 29, 150, 16475 }, // U+0217
    { 19, 34, 334, 1, 25, 162, 16625 }, // U+0218
    { 16, 29, 266, 0, 20, 116, 16787 }, // U+0219
    { 20, 34, 334, 0, 25, 170, 16903 }, // U+021A
    { 14, 34, 230, 0, 25, 119, 17073 }, // U+021B
    { 18, 32, 308, 0, 25, 144, 17192 }, // U+021C
    { 16, 28, 274, 0, 20, 112, 17336 }, // U+021D
    { 21, 33, 404, 2, 33, 174, 17448 }, // U+021E
    { 18, 35, 343, 2, 35, 158, 17622 }, // U+021F
    { 17, 21, 316, 2, 20, 90, 0 }, // U+0250
    { 21, 21, 344, 1, 20, 111, 90 }, // U+0251
    { 21, 21, 350, 0, 20, 111, 201 }, // U+0252
    { 19, 28, 344, 2, 27, 133, 312 }, // U+0253
    { 17, 21, 280, 0, 20, 90, 445 }, // U+0254
    { 17, 23, 286, 1, 20, 98, 535 }, // U+0255
    { 22, 35, 344, 1, 27, 193, 633 }, // U+0256
    { 22, 28, 344, 1, 27, 154, 826 }, // U+0257
    { 18, 21, 311, 1, 20, 95, 980 }, // U+0258
    { 18, 21, 311, 1, 20, 95, 1075 }, // U+0259
    { 27, 21, 436, 1, 20, 142, 1170 }, // U+025A
    { 16, 21, 267, 1, 20, 84, 1312 }, // U+025B
    { 16, 21, 269, 0, 20, 84, 1396 }, // U+025C
    { 24, 21, 374, 0, 20, 126, 1480 }, // U+025D
    { 19, 21, 340, 1, 20, 100, 1606 }, // U+025E
    { 13, 27, 201, -1, 19, 88, 1706 }, // U+025F
    { 22, 35, 344, 1, 27, 193, 1794 }, // U+0260
    { 19, 28, 344, 1, 20, 133, 1987 }, // U+0261
    { 17, 21, 310, 1, 20, 90, 2120 }, // U+0262
    { 20, 27, 314, 0, 19, 135, 2210 }, // U+0263
    { 21, 21, 341, 0, 20, 111, 2345 }, // U+0264
    { 18, 26, 343, 2, 19, 117, 2456 }, // U+0265
    { 18, 27, 343, 2, 27, 122, 2573 }, // U+0266
    { 18, 35, 343, 2, 27, 158, 2695 }, // U+0267
    { 12, 28, 200, 0, 28, 84, 2853 }, // U+0268
    { 9, 20, 172, 2, 19, 45, 2937 }, // U+0269
    { 12, 19, 237, 1, 19, 57, 2982 }, // U+026A
    { 18, 28, 256, -1, 27, 126, 3039 }, // U+026B
    { 17, 27, 261, -1, 27, 115, 3165 }, // U+026C
    { 10, 35, 172, 2, 27, 88, 3280 }, // U+026D
    { 21, 35, 374, 2, 27, 184, 3368 }, // U+026E
    { 28, 20, 514, 2, 19, 140, 3552 }, // U+026F
    { 28, 26, 514, 2, 19, 182, 3692 }, // U+0270
    { 28, 28, 514, 2, 20, 196, 3874 }, // U+0271
    { 22, 28, 343, -2, 20, 154, 4070 }, // U+0272
    { 21, 28, 343, 2, 20, 147, 4224 }, // U+0273
    { 17, 19, 337, 2, 19, 81, 4371 }, // U+0274
    { 19, 21, 333, 1, 20, 100, 4452 }, // U+0275
    { 26, 21, 436, 1, 20, 137, 4552 }, // U+0276
    { 26, 21, 448, 1, 20, 137, 4689 }, // U+0277
    { 26, 34, 443, 1, 27, 221, 4826 }, // U+0278
    { 14, 20, 239, -1, 19, 70, 5047 }, // U+0279
    { 14, 28, 239, -1, 27, 98, 5117 }, // U+027A
    { 18, 27, 239, -1, 19, 122, 5215 }, // U+027B
    { 15, 30, 268, 2, 21, 113, 5337 }, // U+027C
    { 13, 28, 239, 2, 20, 91, 5450 }, // U+027D
    { 13, 20, 226, 2, 20, 65, 5541 }, // U+027E
    { 11, 27, 185, -1, 20, 75, 5606 }, // U+027F
    { 18, 19, 319, 2, 19, 86, 5681 }, // U+0280
    { 18, 19, 320, 2, 19, 86, 5767 }, // U+0281
    { 16, 28, 266, 0, 20, 112, 5853 }, // U+0282
    { 15, 35, 167, -2, 27, 132, 5965 }, // U+0283
    { 15, 35, 197, -1, 27, 132, 6097 }, // U+0284
    { 14, 28, 194, -1, 20, 98, 6229 }, // U+0285
    { 17, 38, 185, -4, 29, 162, 6327 }, // U+0286
    { 14, 26, 230, 0, 20, 91, 6489 }, // U+0287
    { 14, 33, 230, 0, 25, 116, 6580 }, // U+0288
    { 23, 20, 374, 0, 19, 115, 6696 }, // U+0289
    { 19, 20, 341, 1, 19, 95, 6811 }, // U+028A
    { 18, 21, 331, 2, 20, 95, 6906 }, // U+028B
    { 20, 19, 314, 0, 19, 95, 7001 }, // U+028C
    { 29, 19, 466, 0, 19, 138, 7096 }, // U+028D
    { 20, 27, 313, 0, 27, 135, 7234 }, // U+028E
    { 19, 19, 280, -1, 19, 91, 7369 }, // U+028F
    { 19, 27, 276, 1, 19, 129, 7460 }, // U+0290
    { 19, 23, 313, 1, 19, 110, 7589 }, // U+0291
    { 17, 27, 276, 0, 19, 115, 7699 }, // U+0292
    { 21, 30, 349, 0, 21, 158, 7814 }, // U+0293
    { 17, 27, 269, 0, 27, 115, 7972 }, // U+0294
    { 17, 27, 269, 0, 27, 115, 8087 }, // U+0295
    { 18, 30, 287, 0, 29, 135, 8202 }, // U+0296
    { 18, 30, 304, 1, 21, 135, 8337 }, // U+0297
    { 19, 28, 334, 1, 27, 133, 8472 }, // U+0298
    { 17, 19, 317, 2, 19, 81, 8605 }, // U+0299
    { 22, 22, 380, 1, 21, 121, 8686 }, // U+029A
    { 19, 28, 310, 1, 27, 133, 8807 }, // U+029B
    { 18, 19, 349, 2, 19, 86, 8940 }, // U+029C
    { 17, 37, 235, -1, 28, 158, 9026 }, // U+029D
    { 19, 26, 329, 0, 19, 124, 9184 }, // U+029E
    { 14, 19, 259, 2, 19, 67, 9308 }, // U+029F
    { 25, 38, 382, 1, 29, 238, 9375 }, // U+02A0
    { 17, 27, 275, 0, 27, 115, 9613 }, // U+02A1
    { 17, 27, 275, 0, 27, 115, 9728 }, // U+02A2
    { 32, 28, 530, 1, 27, 224, 9843 }, // U+02A3
    { 32, 35, 538, 1, 27, 280, 10067 }, // U+02A4
    { 37, 31, 587, 1, 27, 287, 10347 }, // U+02A5
    { 27, 26, 434, 0, 25, 176, 10634 }, // U+02A6
    { 25, 35, 354, 0, 27, 219, 10810 }, // U+02A7
    { 30, 28, 478, 0, 25, 210, 11029 }, // U+02A8
    { 34, 38, 575, 0, 29, 323, 11239 }, // U+02A9
    { 24, 30, 434, 2, 29, 180, 11562 }, // U+02AA
    { 23, 29, 409, 2, 29, 167, 11742 }, // U+02AB
    { 22, 27, 322, -1, 27, 149, 11909 }, // U+02AC
    { 18, 27, 364, 2, 27, 122, 12058 }, // U+02AD
    { 23, 30, 394, -1, 21, 173, 12180 }, // U+02AE
    { 27, 30, 394, -1, 21, 203, 12353 }, // U+02AF
    { 12, 18, 230, 1, 32, 54, 12556 }, // U+02B0
    { 12, 18, 230, 1, 32, 54, 12610 }, // U+02B1
    { 8, 24, 114, -2, 33, 48, 12664 }, // U+02B2
    { 10, 13, 163, 1, 27, 33, 12712 }, // U+02B3
    { 9, 14, 163, 0, 27, 32, 12745 }, // U+02B4
    { 12, 19, 178, 0, 24, 57, 12777 }, // U+02B5
    { 13, 14, 239, 1, 24, 46, 12834 }, // U+02B6
    { 20, 13, 314, 0, 27, 65, 12880 }, // U+02B7
    { 13, 18, 212, 0, 27, 59, 12945 }, // U+02B8
    { 8, 12, 180, 2, 27, 24, 13004 }, // U+02B9
    { 17, 10, 271, 0, 27, 43, 13028 }, // U+02BA
    { 9, 14, 181, 1, 28, 32, 13071 }, // U+02BB
    { 9, 14, 181, 1, 27, 32, 13103 }, // U+02BC
    { 9, 14, 181, 1, 27, 32, 13135 }, // U+02BD
    { 8, 13, 161, 1, 27, 26, 13167 }, // U+02BE
    { 8, 13, 161, 1, 27, 26, 13193 }, // U+02BF
    { 12, 13, 208, 0, 27, 39, 13219 }, // U+02C0
    { 12, 13, 208, 1, 27, 39, 13258 }, // U+02C1
    { 10, 11, 171, 0, 30, 28, 13297 }, // U+02C2
    { 10, 11, 171, 0, 30, 28, 13325 }, // U+02C3
    { 11, 10, 170, 0, 30, 28, 13353 }, // U+02C4
    { 11, 10, 170, 0, 30, 28, 13381 }, // U+02C5
    { 16, 8, 333, 2, 29, 32, 13409 }, // U+02C6
    { 16, 8, 333, 2, 29, 32, 13441 }, // U+02C7
    { 6, 13, 127, 1, 27, 20, 13473 }, // U+02C8
    { 12, 4, 185, 0, 26, 12, 13493 }, // U+02C9
    { 11, 8, 142, 1, 29, 22, 13505 }, // U+02CA
    { 11, 8, 142, -3, 29, 22, 13527 }, // U+02CB
    { 5, 9, 88, 0, -2, 12, 13549 }, // U+02CC
    { 13, 5, 247, 1, -2, 17, 13561 }, // U+02CD
    { 12, 7, 219, 1, -1, 21, 13578 }, // U+02CE
    { 12, 7, 219, 1, -1, 21, 13599 }, // U+02CF
    { 9, 19, 180, 1, 19, 43, 13620 }, // U+02D0
    { 9, 8, 180, 1, 19, 18, 13663 }, // U+02D1
    { 8, 13, 161, 1, 16, 26, 13681 }, // U+02D2
    { 8, 13, 161, 1, 16, 26, 13707 }, // U+02D3
    { 14, 14, 226, 0, 17, 49, 13733 }, // U+02D4
    { 14, 14, 226, 0, 17, 49, 13782 }, // U+02D5
    { 14, 14, 226, 0, 17, 49, 13831 }, // U+02D6
    { 14, 4, 226, 0, 12, 14, 13880 }, // U+02D7
    { 13, 7, 333, 4, 28, 23, 13894 }, // U+02D8
    { 7, 7, 333, 7, 28, 13, 13917 }, // U+02D9
    { 11, 8, 333, 5, 29, 22, 13930 }, // U+02DA
    { 9, 10, 333, 6, 1, 23, 13952 }, // U+02DB
    { 15, 7, 333, 3, 28, 27, 13975 }, // U+02DC
    { 15, 8, 333, 5, 29, 30, 14002 }, // U+02DD
    { 14, 10, 127, -5, 17, 35, 14032 }, // U+02DE
    { 9, 9, 170, 1, 30, 21, 14067 }, // U+02DF
    { 13, 19, 212, 0, 27, 62, 14088 }, // U+02E0
    { 7, 19, 116, 1, 32, 34, 14150 }, // U+02E1
    { 11, 14, 178, 0, 27, 39, 14184 }, // U+02E2
    { 13, 13, 209, 0, 27, 43, 14223 }, // U+02E3
    { 12, 18, 206, 1, 32, 54, 14266 }, // U+02E4
    { 11, 26, 251, 2, 26, 72, 14320 }, // U+02E5
    { 11, 26, 251, 2, 26, 72, 14392 }, // U+02E6
    { 11, 26, 251, 2, 26, 72, 14464 }, // U+02E7
    { 11, 26, 251, 2, 26, 72, 14536 }, // U+02E8
    { 11, 26, 251, 2, 26, 72, 14608 }, // U+02E9
    { 12, 8, 0, -8, 29, 24, 0 }, // U+0300
    { 12, 8, 0, -4, 29, 24, 24 }, // U+0301
    { 16, 8, 0, -8, 29, 32, 48 }, // U+0302
    { 16, 7, 0, -8, 28, 28, 80 }, // U+0303
    { 12, 4, 0, -6, 26, 12, 108 }, // U+0304
    { 12, 4, 0, -6, 26, 12, 120 }, // U+0305
    { 14, 7, 0, -7, 28, 25, 132 }, // U+0306
    { 8, 7, 0, -4, 28, 14, 157 }, // U+0307
    { 14, 6, 0, -7, 27, 21, 171 }, // U+0308
    { 8, 9, 0, -4, 30, 18, 192 }, // U+0309
    { 10, 8, 0, -5, 29, 20, 210 }, // U+030A
    { 15, 8, 0, -6, 29, 30, 230 }, // U+030B
    { 16, 8, 0, -8, 29, 32, 260 }, // U+030C
    { 6, 8, 0, -3, 29, 12, 292 }, // U+030D
    { 12, 7, 0, -6, 29, 21, 304 }, // U+030E
    { 15, 8, 0, -9, 29, 30, 325 }, // U+030F
    { 14, 12, 0, -7, 33, 42, 355 }, // U+0310
    { 14, 7, 0, -7, 28, 25, 397 }, // U+0311
    { 8, 10, 0, -4, 31, 20, 422 }, // U+0312
    { 8, 10, 0, -4, 31, 20, 442 }, // U+0313
    { 8, 10, 0, -4, 27, 20, 462 }, // U+0314
    { 8, 10, 0, -4, 31, 20, 482 }, // U+0315
    { 12, 7, 0, -7, -1, 21, 502 }, // U+0316
    { 12, 7, 0, -6, -1, 21, 523 }, // U+0317
    { 8, 8, 0, -4, -2, 16, 544 }, // U+0318
    { 8, 8, 0, -4, -2, 16, 560 }, // U+0319
    { 8, 7, 0, -4, 28, 14, 576 }, // U+031A
    { 8, 9, 0, -1, 25, 18, 590 }, // U+031B
    { 7, 9, 0, -4, -1, 16, 608 }, // U+031C
    { 10, 7, 0, -5, -2, 18, 624 }, // U+031D
    { 10, 7, 0, -5, -3, 18, 642 }, // U+031E
    { 10, 8, 0, -5, -2, 20, 660 }, // U+031F
    { 10, 4, 0, -5, -4, 10, 680 }, // U+0320
    { 9, 11, 0, -9, 2, 25, 690 }, // U+0321
    { 9, 11, 0, 0, 2, 25, 715 }, // U+0322
    { 8, 7, 0, -4, -2, 14, 740 }, // U+0323
    { 14, 6, 0, -7, -3, 21, 754 }, // U+0324
    { 10, 8, 0, -5, -2, 20, 775 }, // U+0325
    { 9, 8, 0, -5, -1, 18, 795 }, // U+0326
    { 9, 10, 0, -5, 1, 23, 813 }, // U+0327
    { 10, 10, 0, -5, 1, 25, 836 }, // U+0328
    { 6, 9, 0, -3, -2, 14, 861 }, // U+0329
    { 10, 7, 0, -5, -2, 18, 875 }, // U+032A
    { 16, 5, 0, -8, -2, 20, 893 }, // U+032B
    { 16, 8, 0, -8, -1, 32, 913 }, // U+032C
    { 16, 7, 0, -8, -1, 28, 945 }, // U+032D
    { 14, 7, 0, -7, -2, 25, 973 }, // U+032E
    { 14, 7, 0, -7, -2, 25, 998 }, // U+032F
    { 16, 7, 0, -8, -2, 28, 1023 }, // U+0330
    { 12, 4, 0, -6, -3, 12, 1051 }, // U+0331
    { 22, 5, 0, -11, -2, 28, 1063 }, // U+0332
    { 16, 9, 0, -9, 0, 36, 1091 }, // U+0333
    { 18, 7, 0, -9, 13, 32, 1127 }, // U+0334
    { 16, 5, 0, -8, 13, 20, 1159 }, // U+0335
    { 28, 5, 0, -14, 13, 35, 1179 }, // U+0336
    { 19, 21, 0, -20, 20, 100, 1214 }, // U+0337
    { 25, 28, 0, -25, 26, 175, 1314 }, // U+0338
    { 7, 9, 0, -3, -1, 16, 1489 }, // U+0339
    { 10, 7, 0, -5, -2, 18, 1505 }, // U+033A
    { 10, 8, 0, -5, -2, 20, 1523 }, // U+033B
    { 16, 8, 0, -8, -2, 32, 1543 }, // U+033C
    { 8, 8, 0, -4, 28, 16, 1575 }, // U+033D
    { 6, 12, 0, -3, 33, 18, 1591 }, // U+033E
    { 16, 9, 0, -9, 37, 36, 1609 }, // U+033F
    { 8, 9, 0, -5, 30, 18, 1645 }, // U+0340
    { 12, 7, 0, -3, 29, 21, 1663 }, // U+0341
    { 16, 7, 0, -8, 28, 28, 1684 }, // U+0342
    { 8, 9, 0, -4, 30, 18, 1712 }, // U+0343
    { 16, 9, 0, -8, 30, 36, 1730 }, // U+0344
    { 8, 7, 0, -3, -2, 14, 1766 }, // U+0345
    { 18, 7, 0, -9, 29, 32, 1780 }, // U+0346
    { 16, 9, 0, -9, 0, 36, 1812 }, // U+0347
    { 12, 7, 0, -6, -1, 21, 1848 }, // U+0348
    { 8, 7, 0, -4, -2, 14, 1869 }, // U+0349
    { 14, 8, 0, -7, 29, 28, 1883 }, // U+034A
    { 15, 16, 0, -8, 36, 60, 1911 }, // U+034B
    { 14, 11, 0, -7, 33, 39, 1971 }, // U+034C
    { 14, 8, 0, -7, -1, 28, 2010 }, // U+034D
    { 8, 9, 0, -4, 0, 18, 2038 }, // U+034E
    { 0, 0, 0, 0, 0, 0, 2056 }, // U+034F
    { 7, 8, 0, -4, 30, 14, 2056 }, // U+0350
    { 5, 10, 0, -2, 31, 13, 2070 }, // U+0351
    { 14, 10, 0, -7, 32, 35, 2083 }, // U+0352
    { 8, 8, 0, -4, -1, 16, 2118 }, // U+0353
    { 7, 8, 0, -4, -1, 14, 2134 }, // U+0354
    { 7, 8, 0, -4, -1, 14, 2148 }, // U+0355
    { 15, 8, 0, -7, -1, 30, 2162 }, // U+0356
    { 7, 9, 0, -3, 30, 16, 2192 }, // U+0357
    { 8, 7, 0, -4, 28, 14, 2208 }, // U+0358
    { 8, 8, 0, -4, -1, 16, 2222 }, // U+0359
    { 16, 8, 0, -8, -1, 32, 2238 }, // U+035A
    { 8, 8, 0, -4, 30, 16, 2270 }, // U+035B
    { 36, 8, 0, -18, -1, 72, 2286 }, // U+035C
    { 30, 8, 0, -15, 30, 60, 2358 }, // U+035D
    { 36, 4, 0, -18, 26, 36, 2418 }, // U+035E
    { 36, 4, 0, -18, -3, 36, 2454 }, // U+035F
    { 30, 7, 0, -15, 29, 53, 2490 }, // U+0360
    { 36, 8, 0, -18, 28, 72, 2543 }, // U+0361
    { 31, 9, 0, -15, 0, 70, 2615 }, // U+0362
    { 10, 9, 0, -5, 32, 23, 2685 }, // U+0363
    { 9, 9, 0, -4, 32, 21, 2708 }, // U+0364
    { 3, 12, 0, -1, 35, 9, 2729 }, // U+0365
    { 10, 9, 0, -5, 32, 23, 2738 }, // U+0366
    { 9, 9, 0, -4, 32, 21, 2761 }, // U+0367
    { 9, 9, 0, -4, 32, 21, 2782 }, // U+0368
    { 10, 12, 0, -5, 35, 30, 2803 }, // U+0369
    { 9, 12, 0, -4, 35, 27, 2833 }, // U+036A
    { 15, 9, 0, -7, 32, 34, 2860 }, // U+036B
    { 7, 9, 0, -3, 32, 16, 2894 }, // U+036C
    { 7, 11, 0, -3, 34, 20, 2910 }, // U+036D
    { 11, 9, 0, -5, 32, 25, 2930 }, // U+036E
    { 11, 9, 0, -5, 32, 25, 2955 }, // U+036F
    { 20, 34, 360, 2, 27, 170, 0 }, // U+03B2
    { 18, 28, 329, 1, 27, 126, 170 }, // U+03B8
    { 21, 28, 316, 0, 20, 147, 296 }, // U+03C7
    { 17, 33, 329, 2, 33, 141, 0 }, // U+0400
    { 17, 32, 329, 2, 32, 136, 141 }, // U+0401
    { 25, 26, 421, 0, 25, 163, 277 }, // U+0402
    { 18, 33, 313, 2, 33, 149, 440 }, // U+0403
    { 20, 26, 349, 1, 25, 130, 589 }, // U+0404
    { 19, 26, 334, 1, 25, 124, 719 }, // U+0405
    { 7, 25, 181, 2, 25, 44, 843 }, // U+0406
    { 15, 32, 181, -2, 32, 120, 887 }, // U+0407
    { 17, 26, 305, 0, 25, 111, 1007 }, // U+0408
    { 34, 26, 544, -1, 25, 221, 1118 }, // U+0409
    { 32, 25, 560, 2, 25, 200, 1339 }, // U+040A
    { 25, 25, 431, 0, 25, 157, 1539 }, // U+040B
    { 22, 33, 368, 2, 33, 182, 1696 }, // U+040C
    { 21, 33, 406, 2, 33, 174, 1878 }, // U+040D
    { 21, 33, 333, 0, 32, 174, 2052 }, // U+040E
    { 20, 33, 398, 2, 25, 165, 2226 }, // U+040F
    { 23, 25, 344, -1, 25, 144, 2391 }, // U+0410
    { 20, 25, 360, 2, 25, 125, 2535 }, // U+0411
    { 20, 25, 363, 2, 25, 125, 2660 }, // U+0412
    { 17, 25, 313, 2, 25, 107, 2785 }, // U+0413
    { 25, 33, 402, 0, 25, 207, 2892 }, // U+0414
    { 17, 25, 329, 2, 25, 107, 3099 }, // U+0415
    { 33, 25, 525, 0, 25, 207, 3206 }, // U+0416
    { 19, 26, 334, 1, 25, 124, 3413 }, // U+0417
    { 21, 25, 407, 2, 25, 132, 3537 }, // U+0418
    { 21, 32, 406, 2, 32, 168, 3669 }, // U+0419
    { 22, 25, 368, 2, 25, 138, 3837 }, // U+041A
    { 23, 26, 394, -1, 25, 150, 3975 }, // U+041B
    { 24, 25, 457, 2, 25, 150, 4125 }, // U+041C
    { 21, 25, 404, 2, 25, 132, 4275 }, // U+041D
    { 23, 26, 410, 1, 25, 150, 4407 }, // U+041E
    { 20, 25, 398, 2, 25, 125, 4557 }, // U+041F
    { 19, 25, 358, 2, 25, 119, 4682 }, // U+0420
    { 20, 26, 349, 1, 25, 130, 4801 }, // U+0421
    { 20, 25, 334, 0, 25, 125, 4931 }, // U+0422
    { 21, 26, 333, 0, 25, 137, 5056 }, // U+0423
    { 26, 26, 458, 1, 25, 169, 5193 }, // U+0424
    { 21, 25, 340, 0, 25, 132, 5362 }, // U+0425
    { 23, 33, 401, 2, 25, 190, 5494 }, // U+0426
    { 19, 25, 378, 2, 25, 119, 5684 }, // U+0427
    { 30, 25, 548, 2, 25, 188, 5803 }, // U+0428
    { 33, 33, 557, 2, 25, 273, 5991 }, // U+0429
    { 26, 25, 438, 0, 25, 163, 6264 }, // U+042A
    { 28, 25, 512, 2, 25, 175, 6427 }, // U+042B
    { 20, 25, 360, 2, 25, 125, 6602 }, // U+042C
    { 21, 26, 349, 0, 25, 137, 6727 }, // U+042D
    { 32, 26, 570, 2, 25, 208, 6864 }, // U+042E
    { 21, 25, 370, 0, 25, 132, 7072 }, // U+042F
    { 17, 21, 316, 1, 20, 90, 7204 }, // U+0430
    { 19, 29, 337, 1, 28, 138, 7294 }, // U+0431
    { 17, 19, 317, 2, 19, 81, 7432 }, // U+0432
    { 14, 19, 259, 2, 19, 67, 7513 }, // U+0433
    { 22, 26, 350, 0, 19, 143, 7580 }, // U+0434
    { 18, 21, 311, 1, 20, 95, 7723 }, // U+0435
    { 29, 20, 458, 0, 20, 145, 7818 }, // U+0436
    { 16, 21, 286, 1, 20, 84, 7963 }, // U+0437
    { 18, 19, 350, 2, 19, 86, 8047 }, // U+0438
    { 18, 28, 350, 2, 28, 126, 8133 }, // U+0439
    { 19, 20, 329, 2, 20, 95, 8259 }, // U+043A
    { 20, 20, 344, 0, 19, 100, 8354 }, // U+043B
    { 21, 19, 396, 2, 19, 100, 8454 }, // U+043C
    { 18, 19, 349, 2, 19, 86, 8554 }, // U+043D
    { 19, 21, 333, 1, 20, 100, 8640 }, // U+043E
    { 18, 19, 344, 2, 19, 86, 8740 }, // U+043F
    { 19, 27, 344, 2, 20, 129, 8826 }, // U+0440
    { 16, 21, 280, 1, 20, 84, 8955 }, // U+0441
    { 18, 19, 295, 0, 19, 86, 9039 }, // U+0442
    { 20, 27, 313, 0, 19, 135, 9125 }, // U+0443
    { 27, 34, 467, 1, 27, 230, 9260 }, // U+0444
    { 19, 19, 308, 0, 19, 91, 9490 }, // U+0445
    { 20, 26, 358, 2, 19, 130, 9581 }, // U+0446
    { 18, 19, 330, 1, 19, 86, 9711 }, // U+0447
    { 26, 19, 482, 2, 19, 124, 9797 }, // U+0448
    { 29, 26, 498, 2, 19, 189, 9921 }, // U+0449
    { 23, 19, 374, 0, 19, 110, 10110 }, // U+044A
    { 24, 19, 443, 2, 19, 114, 10220 }, // U+044B
    { 16, 19, 310, 2, 19, 76, 10334 }, // U+044C
    { 17, 21, 281, 0, 20, 90, 10410 }, // U+044D
    { 26, 21, 466, 2, 20, 137, 10500 }, // U+044E
    { 18, 19, 327, 0, 19, 86, 10637 }, // U+044F
    { 18, 30, 311, 1, 29, 135, 10723 }, // U+0450
    { 18, 28, 311, 1, 27, 126, 10858 }, // U+0451
    { 22, 35, 346, -1, 27, 193, 10984 }, // U+0452
    { 15, 29, 259, 2, 29, 109, 11177 }, // U+0453
    { 16, 21, 281, 1, 20, 84, 11286 }, // U+0454
    { 16, 21, 266, 0, 20, 84, 11370 }, // U+0455
    { 7, 28, 166, 2, 28, 49, 11454 }, // U+0456
    { 14, 27, 166, -2, 27, 95, 11503 }, // U+0457
    { 11, 36, 167, -2, 28, 99, 11598 }, // U+0458
    { 28, 20, 468, 0, 19, 140, 11697 }, // U+0459
    { 27, 19, 473, 2, 19, 129, 11837 }, // U+045A
    { 21, 27, 343, -1, 27, 142, 11966 }, // U+045B
    { 19, 29, 329, 2, 29, 138, 12108 }, // U+045C
    { 18, 29, 350, 2, 29, 131, 12246 }, // U+045D
    { 20, 36, 313, 0, 28, 180, 12377 }, // U+045E
    { 18, 26, 347, 2, 19, 117, 12557 }, // U+045F
    { 35, 27, 572, 0, 27, 237, 12674 }, // U+0460
    { 32, 21, 531, 0, 21, 168, 12911 }, // U+0461
    { 23, 27, 374, 0, 27, 156, 13079 }, // U+0462
    { 22, 24, 360, 0, 24, 132, 13235 }, // U+0463
    { 32, 29, 570, 3, 28, 232, 13367 }, // U+0464
    { 27, 22, 482, 2, 21, 149, 13599 }, // U+0465
    { 28, 27, 438, 0, 27, 189, 13748 }, // U+0466
    { 24, 21, 384, 0, 21, 126, 13937 }, // U+0467
    { 35, 27, 603, 3, 27, 237, 14063 }, // U+0468
    { 32, 21, 541, 2, 21, 168, 14300 }, // U+0469
    { 30, 27, 482, 0, 27, 203, 14468 }, // U+046A
    { 23, 21, 374, 0, 21, 121, 14671 }, // U+046B
    { 37, 27, 644, 3, 27, 250, 14792 }, // U+046C
    { 31, 21, 528, 2, 21, 163, 15042 }, // U+046D
    { 23, 42, 379, 0, 33, 242, 15205 }, // U+046E
    { 20, 35, 333, 0, 26, 175, 15447 }, // U+046F
    { 27, 27, 529, 3, 27, 183, 15622 }, // U+0470
    { 27, 38, 505, 2, 29, 257, 15805 }, // U+0471
    { 23, 26, 410, 1, 25, 150, 16062 }, // U+0472
    { 19, 21, 333, 1, 20, 100, 16212 }, // U+0473
    { 24, 25, 344, -1, 25, 150, 16312 }, // U+0474
    { 21, 20, 320, 0, 20, 105, 16462 }, // U+0475
    { 27, 35, 430, 0, 35, 237, 16567 }, // U+0476
    { 23, 29, 363, 0, 29, 167, 16804 }, // U+0477
    { 48, 37, 791, 2, 28, 444, 16971 }, // U+0478
    { 44, 30, 706, 1, 21, 330, 17415 }, // U+0479
    { 28, 33, 499, 2, 30, 231, 17745 }, // U+047A
    { 23, 26, 411, 1, 23, 150, 17976 }, // U+047B
    { 37, 42, 653, 2, 41, 389, 18126 }, // U+047C
    { 33, 36, 575, 1, 35, 297, 18515 }, // U+047D
    { 35, 34, 574, 0, 34, 298, 18812 }, // U+047E
    { 32, 28, 531, 0, 28, 224, 19110 }, // U+047F
    { 23, 37, 406, 2, 28, 213, 19334 }, // U+0480
    { 18, 30, 314, 1, 21, 135, 19547 }, // U+0481
    { 20, 25, 365, 1, 24, 125, 19682 }, // U+0482
    { 15, 7, 0, -18, 28, 27, 19807 }, // U+0483
    { 16, 7, 0, -18, 29, 28, 19834 }, // U+0484
    { 6, 8, 0, -13, 30, 12, 19862 }, // U+0485
    { 6, 8, 0, -13, 30, 12, 19874 }, // U+0486
    { 16, 7, 0, -8, 35, 28, 19886 }, // U+0487
    { 44, 40, 0, -22, 30, 440, 19914 }, // U+0488
    { 42, 42, 0, -21, 31, 441, 20354 }, // U+0489
    { 31, 44, 550, 3, 36, 341, 20795 }, // U+048A
    { 28, 38, 481, 2, 30, 266, 21136 }, // U+048B
    { 23, 27, 383, 0, 27, 156, 21402 }, // U+048C
    { 22, 29, 368, 0, 29, 160, 21558 }, // U+048D
    { 19, 27, 377, 3, 27, 129, 21718 }, // U+048E
    { 21, 30, 380, 2, 21, 158, 21847 }, // U+048F
    { 17, 31, 313, 2, 31, 132, 22005 }, // U+0490
    { 14, 26, 260, 2, 26, 91, 22137 }, // U+0491
    { 19, 25, 328, 1, 25, 119, 22228 }, // U+0492
    { 17, 19, 283, 0, 19, 81, 22347 }, // U+0493
    { 23, 37, 440, 3, 27, 213, 22428 }, // U+0494
    { 20, 31, 361, 2, 21, 155, 22641 }, // U+0495
    { 34, 33, 548, 0, 25, 281, 22796 }, // U+0496
    { 30, 27, 484, 0, 20, 203, 23077 }, // U+0497
    { 19, 33, 338, 1, 25, 157, 23280 }, // U+0498
    { 16, 27, 286, 1, 20, 108, 23437 }, // U+0499
    { 23, 33, 400, 2, 25, 190, 23545 }, // U+049A
    { 20, 27, 353, 2, 20, 135, 23735 }, // U+049B
    { 23, 27, 401, 3, 27, 156, 23870 }, // U+049C
    { 22, 21, 371, 2, 21, 116, 24026 }, // U+049D
    { 25, 27, 416, 1, 27, 169, 24142 }, // U+049E
    { 24, 29, 376, 0, 29, 174, 24311 }, // U+049F
    { 29, 25, 445, 0, 25, 182, 24485 }, // U+04A0
    { 25, 20, 395, 0, 20, 125, 24667 }, // U+04A1
    { 24, 33, 413, 2, 25, 198, 24792 }, // U+04A2
    { 21, 26, 365, 2, 19, 137, 24990 }, // U+04A3
    { 29, 27, 500, 3, 27, 196, 25127 }, // U+04A4
    { 27, 21, 455, 2, 21, 142, 25323 }, // U+04A5
    { 38, 37, 675, 3, 27, 352, 25465 }, // U+04A6
    { 31, 31, 533, 2, 21, 241, 25817 }, // U+04A7
    { 27, 30, 466, 2, 28, 203, 26058 }, // U+04A8
    { 23, 23, 394, 1, 21, 133, 26261 }, // U+04A9
    { 20, 33, 349, 1, 25, 165, 26394 }, // U+04AA
    { 16, 27, 280, 1, 20, 108, 26559 }, // U+04AB
    { 21, 35, 347, 0, 27, 184, 26667 }, // U+04AC
    { 20, 29, 330, 0, 21, 145, 26851 }, // U+04AD
    { 21, 25, 315, -1, 25, 132, 26996 }, // U+04AE
    { 20, 26, 313, 0, 19, 130, 27128 }, // U+04AF
    { 21, 25, 315, -1, 25, 132, 27258 }, // U+04B0
    { 20, 26, 313, 0, 19, 130, 27390 }, // U+04B1
    { 23, 33, 363, 0, 25, 190, 27520 }, // U+04B2
    { 21, 26, 329, 0, 19, 137, 27710 }, // U+04B3
    { 35, 35, 558, 0, 27, 307, 27847 }, // U+04B4
    { 30, 29, 475, 0, 21, 218, 28154 }, // U+04B5
    { 22, 33, 387, 2, 25, 182, 28372 }, // U+04B6
    { 21, 26, 345, 1, 19, 137, 28554 }, // U+04B7
    { 23, 27, 441, 2, 27, 156, 28691 }, // U+04B8
    { 20, 21, 395, 2, 21, 105, 28847 }, // U+04B9
    { 20, 25, 378, 2, 25, 125, 28952 }, // U+04BA
    { 18, 27, 343, 2, 27, 122, 29077 }, // U+04BB
    { 33, 29, 569, 0, 28, 240, 29199 }, // U+04BC
    { 26, 22, 425, -1, 21, 143, 29439 }, // U+04BD
    { 33, 36, 569, 0, 28, 297, 29582 }, // U+04BE
    { 26, 29, 425, -1, 21, 189, 29879 }, // U+04BF
    { 7, 25, 181, 2, 25, 44, 30068 }, // U+04C0
    { 33, 32, 525, 0, 32, 264, 30112 }, // U+04C1
    { 29, 28, 458, 0, 28, 203, 30376 }, // U+04C2
    { 21, 32, 377, 2, 25, 168, 30579 }, // U+04C3
    { 18, 28, 335, 2, 20, 126, 30747 }, // U+04C4
    { 31, 35, 503, 0, 27, 272, 30873 }, // U+04C5
    { 27, 29, 436, 0, 21, 196, 31145 }, // U+04C6
    { 21, 32, 404, 2, 25, 168, 31341 }, // U+04C7
    { 18, 26, 349, 2, 19, 117, 31509 }, // U+04C8
    { 29, 35, 515, 3, 27, 254, 31626 }, // U+04C9
    { 26, 29, 446, 2, 21, 189, 31880 }, // U+04CA
    { 23, 35, 441, 2, 27, 202, 32069 }, // U+04CB
    { 20, 29, 394, 2, 21, 145, 32271 }, // U+04CC
    { 36, 35, 622, 3, 27, 315, 32416 }, // U+04CD
    { 33, 29, 556, 2, 21, 240, 32731 }, // U+04CE
    { 9, 28, 172, 2, 27, 63, 32971 }, // U+04CF
    { 23, 32, 344, -1, 32, 184, 33034 }, // U+04D0
    { 17, 29, 316, 1, 28, 124, 33218 }, // U+04D1
    { 26, 35, 415, 0, 35, 228, 33342 }, // U+04D2
    { 19, 30, 359, 1, 29, 143, 33570 }, // U+04D3
    { 31, 25, 507, -1, 25, 194, 33713 }, // U+04D4
    { 27, 21, 469, 1, 20, 142, 33907 }, // U+04D5
    { 17, 32, 329, 2, 32, 136, 34049 }, // U+04D6
    { 18, 29, 311, 1, 28, 131, 34185 }, // U+04D7
    { 23, 26, 404, 1, 25, 150, 34316 }, // U+04D8
    { 18, 21, 311, 1, 20, 95, 34466 }, // U+04D9
    { 26, 36, 490, 3, 35, 234, 34561 }, // U+04DA
    { 20, 30, 358, 1, 29, 150, 34795 }, // U+04DB
    { 38, 35, 600, 0, 35, 333, 34945 }, // U+04DC
    { 33, 29, 520, 0, 29, 240, 35278 }, // U+04DD
    { 20, 36, 356, 1, 35, 180, 35518 }, // U+04DE
    { 17, 30, 309, 1, 29, 128, 35698 }, // U+04DF
    { 20, 28, 355, 1, 27, 140, 35826 }, // U+04E0
    { 20, 30, 349, 1, 21, 150, 35966 }, // U+04E1
    { 21, 31, 406, 2, 31, 163, 36116 }, // U+04E2
    { 18, 26, 350, 2, 26, 117, 36279 }, // U+04E3
    { 24, 35, 475, 3, 35, 210, 36396 }, // U+04E4
    { 20, 29, 404, 3, 29, 145, 36606 }, // U+04E5
    { 23, 33, 410, 1, 32, 190, 36751 }, // U+04E6
    { 19, 28, 333, 1, 27, 133, 36941 }, // U+04E7
    { 23, 26, 410, 1, 25, 150, 37074 }, // U+04E8
    { 19, 21, 333, 1, 20, 100, 37224 }, // U+04E9
    { 26, 36, 475, 2, 35, 234, 37324 }, // U+04EA
    { 21, 30, 375, 1, 29, 158, 37558 }, // U+04EB
    { 22, 36, 391, 1, 35, 198, 37716 }, // U+04EC
    { 18, 30, 314, 1, 29, 135, 37914 }, // U+04ED
    { 21, 32, 333, 0, 31, 168, 38049 }, // U+04EE
    { 20, 34, 313, 0, 26, 170, 38217 }, // U+04EF
    { 25, 36, 387, 0, 35, 225, 38387 }, // U+04F0
    { 23, 38, 343, -1, 29, 219, 38612 }, // U+04F1
    { 21, 34, 333, 0, 33, 179, 38831 }, // U+04F2
    { 20, 37, 313, 0, 29, 185, 39010 }, // U+04F3
    { 22, 35, 432, 2, 35, 193, 39195 }, // U+04F4
    { 19, 29, 382, 2, 29, 138, 39388 }, // U+04F5
    { 17, 33, 313, 2, 25, 141, 39526 }, // U+04F6
    { 14, 26, 259, 2, 19, 91, 39667 }, // U+04F7
    { 29, 35, 552, 3, 35, 254, 39758 }, // U+04F8
    { 27, 29, 512, 3, 29, 196, 40012 }, // U+04F9
    { 21, 37, 335, 0, 27, 195, 40208 }, // U+04FA
    { 18, 30, 295, 0, 21, 135, 40403 }, // U+04FB
    { 27, 37, 438, 0, 27, 250, 40538 }, // U+04FC
    { 23, 30, 387, 0, 21, 173, 40788 }, // U+04FD
    { 25, 27, 402, 0, 27, 169, 40961 }, // U+04FE
    { 22, 21, 347, 0, 21, 116, 41130 }, // U+04FF
    { 23, 34, 344, -1, 25, 196, 0 }, // U+1EA0
    { 17, 29, 316, 1, 20, 124, 196 }, // U+1EA1
    { 23, 34, 344, -1, 34, 196, 320 }, // U+1EA2
    { 17, 31, 316, 1, 30, 132, 516 }, // U+1EA3
    { 24, 35, 344, -1, 35, 210, 648 }, // U+1EA4
    { 20, 32, 316, 1, 31, 160, 858 }, // U+1EA5
    { 23, 35, 344, -1, 35, 202, 1018 }, // U+1EA6
    { 19, 32, 316, -1, 31, 152, 1220 }, // U+1EA7
    { 23, 36, 344, -1, 36, 207, 1372 }, // U+1EA8
    { 20, 33, 316, 1, 32, 165, 1579 }, // U+1EA9
    { 23, 37, 344, -1, 37, 213, 1744 }, // U+1EAA
    { 17, 34, 316, 1, 33, 145, 1957 }, // U+1EAB
    { 23, 42, 344, -1, 33, 242, 2102 }, // U+1EAC
    { 17, 38, 316, 1, 29, 162, 2344 }, // U+1EAD
    { 23, 37, 344, -1, 37, 213, 2506 }, // U+1EAE
    { 17, 34, 316, 1, 33, 145, 2719 }, // U+1EAF
    { 23, 37, 344, -1, 37, 213, 2864 }, // U+1EB0
    { 17, 34, 316, 1, 33, 145, 3077 }, // U+1EB1
    { 23, 38, 344, -1, 38, 219, 3222 }, // U+1EB2
    { 17, 35, 316, 1, 34, 149, 3441 }, // U+1EB3
    { 23, 37, 344, -1, 37, 213, 3590 }, // U+1EB4
    { 17, 34, 316, 1, 33, 145, 3803 }, // U+1EB5
    { 23, 41, 344, -1, 32, 236, 3948 }, // U+1EB6
    { 17, 37, 316, 1, 28, 158, 4184 }, // U+1EB7
    { 17, 34, 329, 2, 25, 145, 4342 }, // U+1EB8
    { 18, 29, 311, 1, 20, 131, 4487 }, // U+1EB9
    { 17, 34, 329, 2, 34, 145, 4618 }, // U+1EBA
    { 18, 31, 311, 1, 30, 140, 4763 }, // U+1EBB
    { 17, 32, 329, 2, 32, 136, 4903 }, // U+1EBC
    { 18, 29, 311, 1, 28, 131, 5039 }, // U+1EBD
    { 21, 35, 329, 2, 35, 184, 5170 }, // U+1EBE
    { 20, 32, 311, 1, 31, 160, 5354 }, // U+1EBF
    { 20, 35, 329, -1, 35, 175, 5514 }, // U+1EC0
    { 20, 32, 311, -1, 31, 160, 5689 }, // U+1EC1
    { 19, 36, 329, 2, 36, 171, 5849 }, // U+1EC2
    { 20, 33, 311, 1, 32, 165, 6020 }, // U+1EC3
    { 17, 37, 329, 2, 37, 158, 6185 }, // U+1EC4
    { 18, 34, 311, 1, 33, 153, 6343 }, // U+1EC5
    { 17, 42, 329, 2, 33, 179, 6496 }, // U+1EC6
    { 18, 38, 311, 1, 29, 171, 6675 }, // U+1EC7
    { 8, 34, 181, 2, 34, 68, 6846 }, // U+1EC8
    { 8, 30, 166, 1, 30, 60, 6914 }, // U+1EC9
    { 7, 34, 181, 2, 25, 60, 6974 }, // U+1ECA
    { 7, 37, 166, 2, 28, 65, 7034 }, // U+1ECB
    { 23, 34, 410, 1, 25, 196, 7099 }, // U+1ECC
    { 19, 29, 333, 1, 20, 138, 7295 }, // U+1ECD
    { 23, 35, 410, 1, 34, 202, 7433 }, // U+1ECE
    { 19, 31, 333, 1, 30, 148, 7635 }, // U+1ECF
    { 24, 36, 410, 1, 35, 216, 7783 }, // U+1ED0
    { 21, 32, 333, 1, 31, 168, 7999 }, // U+1ED1
    { 23, 36, 410, 1, 35, 207, 8167 }, // U+1ED2
    { 21, 32, 333, -1, 31, 168, 8374 }, // U+1ED3
    { 23, 37, 410, 1, 36, 213, 8542 }, // U+1ED4
    { 20, 33, 333, 1, 32, 165, 8755 }, // U+1ED5
    { 23, 38, 410, 1, 37, 219, 8920 }, // U+1ED6
    { 19, 34, 333, 1, 33, 162, 9139 }, // U+1ED7
    { 23, 42, 410, 1, 33, 242, 9301 }, // U+1ED8
    { 19, 38, 333, 1, 29, 181, 9543 }, // U+1ED9
    { 24, 34, 410, 1, 33, 204, 9724 }, // U+1EDA
    { 21, 30, 333, 1, 29, 158, 9928 }, // U+1EDB
    { 24, 34, 410, 1, 33, 204, 10086 }, // U+1EDC
    { 21, 30, 333, 1, 29, 158, 10290 }, // U+1EDD
    { 24, 35, 410, 1, 34, 210, 10448 }, // U+1EDE
    { 21, 31, 333, 1, 30, 163, 10658 }, // U+1EDF
    { 24, 33, 410, 1, 32, 198, 10821 }, // U+1EE0
    { 21, 29, 333, 1, 28, 153, 11019 }, // U+1EE1
    { 24, 40, 410, 1, 31, 240, 11172 }, // U+1EE2
    { 21, 35, 333, 1, 26, 184, 11412 }, // U+1EE3
    { 21, 34, 399, 2, 25, 179, 11596 }, // U+1EE4
    { 17, 28, 341, 2, 19, 119, 11775 }, // U+1EE5
    { 21, 35, 399, 2, 34, 184, 11894 }, // U+1EE6
    { 17, 31, 341, 2, 30, 132, 12078 }, // U+1EE7
    { 26, 34, 410, 2, 33, 221, 12210 }, // U+1EE8
    { 21, 30, 341, 2, 29, 158, 12431 }, // U+1EE9
    { 26, 34, 410, 2, 33, 221, 12589 }, // U+1EEA
    { 21, 30, 341, 2, 29, 158, 12810 }, // U+1EEB
    { 26, 35, 410, 2, 34, 228, 12968 }, // U+1EEC
    { 21, 31, 341, 2, 30, 163, 13196 }, // U+1EED
    { 26, 33, 410, 2, 32, 215, 13359 }, // U+1EEE
    { 21, 29, 341, 2, 28, 153, 13574 }, // U+1EEF
    { 26, 41, 410, 2, 32, 267, 13727 }, // U+1EF0
    { 21, 35, 341, 2, 26, 184, 13994 }, // U+1EF1
    { 21, 33, 315, -1, 33, 174, 14178 }, // U+1EF2
    { 20, 37, 313, 0, 29, 185, 14352 }, // U+1EF3
    { 21, 34, 315, -1, 25, 179, 14537 }, // U+1EF4
    { 20, 28, 313, 0, 19, 140, 14716 }, // U+1EF5
    { 21, 34, 315, -1, 34, 179, 14856 }, // U+1EF6
    { 20, 38, 313, 0, 30, 190, 15035 }, // U+1EF7
    { 21, 32, 315, -1, 32, 168, 15225 }, // U+1EF8
    { 20, 36, 313, 0, 28, 180, 15393 }, // U+1EF9
    { 0, 0, 300, 0, 0, 0, 0 }, // U+2000
    { 0, 0, 600, 0, 0, 0, 0 }, // U+2001
    { 0, 0, 300, 0, 0, 0, 0 }, // U+2002
    { 0, 0, 600, 0, 0, 0, 0 }, // U+2003
    { 0, 0, 200, 0, 0, 0, 0 }, // U+2004
    { 0, 0, 150, 0, 0, 0, 0 }, // U+2005
    { 0, 0, 100, 0, 0, 0, 0 }, // U+2006
    { 0, 0, 317, 0, 0, 0, 0 }, // U+2007
    { 0, 0, 169, 0, 0, 0, 0 }, // U+2008
    { 0, 0, 60, 0, 0, 0, 0 }, // U+2009
    { 0, 0, 12, 0, 0, 0, 0 }, // U+200A
    { 0, 0, 0, 0, 0, 0, 0 }, // U+200B
    { 0, 0, 0, 0, 0, 0, 0 }, // U+200C
    { 0, 0, 0, 0, 0, 0, 0 }, // U+200D
    { 9, 31, 0, -1, 26, 70, 0 }, // U+200E
    { 9, 31, 0, -8, 26, 70, 70 }, // U+200F
    { 10, 5, 199, 1, 12, 13, 140 }, // U+2010
    { 10, 5, 199, 1, 12, 13, 153 }, // U+2011
    { 18, 5, 317, 1, 12, 23, 166 }, // U+2012
    { 16, 5, 288, 1, 12, 20, 189 }, // U+2013
    { 28, 5, 480, 1, 12, 35, 209 }, // U+2014
    { 28, 5, 480, 1, 12, 35, 244 }, // U+2015
    { 11, 39, 272, 3, 29, 108, 279 }, // U+2016
    { 19, 10, 300, 0, -2, 48, 387 }, // U+2017
    { 7, 14, 180, 2, 27, 25, 435 }, // U+2018
    { 8, 14, 180, 2, 27, 28, 460 }, // U+2019
    { 8, 14, 180, 2, 7, 28, 488 }, // U+201A
    { 7, 14, 180, 2, 27, 25, 516 }, // U+201B
    { 16, 14, 322, 2, 27, 56, 541 }, // U+201C
    { 17, 14, 322, 2, 27, 60, 597 }, // U+201D
    { 17, 14, 322, 2, 7, 60, 657 }, // U+201E
    { 17, 10, 267, 0, 27, 43, 717 }, // U+201F
    { 17, 30, 306, 1, 27, 128, 760 }, // U+2020
    { 17, 30, 306, 1, 27, 128, 888 }, // U+2021
    { 11, 12, 207, 1, 16, 33, 1016 }, // U+2022
    { 12, 14, 207, 1, 17, 42, 1049 }, // U+2023
    { 7, 7, 300, 6, 6, 13, 1091 }, // U+2024
    { 18, 7, 345, 2, 6, 32, 1104 }, // U+2025
    { 33, 8, 587, 2, 7, 66, 1136 }, // U+2026
    { 7, 7, 169, 2, 13, 13, 1202 }, // U+2027
    { 0, 0, 360, 0, 0, 0, 1215 }, // U+2028
    { 0, 0, 360, 0, 0, 0, 1215 }, // U+2029
    { 9, 28, 0, -1, 23, 63, 1215 }, // U+202A
    { 9, 28, 0, -8, 23, 63, 1278 }, // U+202B
    { 10, 31, 0, -5, 26, 78, 1341 }, // U+202C
    { 10, 31, 0, -5, 26, 78, 1419 }, // U+202D
    { 10, 31, 0, -5, 26, 78, 1497 }, // U+202E
    { 0, 0, 72, 0, 0, 0, 1575 }, // U+202F
    { 46, 27, 749, 0, 26, 311, 1575 }, // U+2030
    { 61, 27, 984, 0, 26, 412, 1886 }, // U+2031
    { 8, 12, 180, 2, 26, 24, 2298 }, // U+2032
    { 17, 12, 322, 2, 26, 51, 2322 }, // U+2033
    { 28, 10, 447, 1, 27, 70, 2373 }, // U+2034
    { 8, 12, 180, 1, 26, 24, 2443 }, // U+2035
    { 20, 10, 386, 1, 27, 50, 2467 }, // U+2036
    { 28, 10, 518, 1, 27, 70, 2517 }, // U+2037
    { 15, 13, 245, 0, 4, 49, 2587 }, // U+2038
    { 8, 15, 175, 1, 17, 30, 2636 }, // U+2039
    { 8, 15, 175, 2, 17, 30, 2666 }, // U+203A
    { 29, 29, 510, 1, 28, 211, 2696 }, // U+203B
    { 17, 27, 369, 3, 26, 115, 2907 }, // U+203C
    { 17, 27, 288, 0, 26, 115, 3022 }, // U+203D
    { 19, 4, 300, 0, 24, 19, 3137 }, // U+203E
    { 23, 8, 352, 0, -1, 46, 3156 }, // U+203F
    { 23, 9, 365, 0, 30, 52, 3202 }, // U+2040
    { 16, 25, 254, 0, 16, 100, 3254 }, // U+2041
    { 42, 35, 671, 0, 29, 368, 3354 }, // U+2042
    { 11, 6, 192, 1, 13, 17, 3722 }, // U+2043
    { 17, 26, 58, -7, 25, 111, 3739 }, // U+2044
    { 10, 33, 199, 2, 27, 83, 3850 }, // U+2045
    { 10, 33, 199, 0, 27, 83, 3933 }, // U+2046
    { 31, 27, 524, 1, 26, 210, 4016 }, // U+2047
    { 25, 27, 451, 1, 26, 169, 4226 }, // U+2048
    { 24, 27, 451, 3, 26, 162, 4395 }, // U+2049
    { 16, 26, 302, 1, 19, 104, 4557 }, // U+204A
    { 21, 34, 389, 2, 29, 179, 4661 }, // U+204B
    { 21, 20, 393, 1, 21, 105, 4840 }, // U+204C
    { 20, 20, 393, 3, 21, 100, 4945 }, // U+204D
    { 19, 19, 325, 1, 10, 91, 5045 }, // U+204E
    { 8, 26, 171, 2, 21, 52, 5136 }, // U+204F
    { 23, 39, 360, 0, 30, 225, 5188 }, // U+2050
    { 19, 38, 325, 1, 29, 181, 5413 }, // U+2051
    { 16, 29, 253, 0, 28, 116, 5594 }, // U+2052
    { 36, 8, 600, 1, 15, 72, 5710 }, // U+2053
    { 23, 9, 360, 0, 0, 52, 5782 }, // U+2054
    { 19, 19, 336, 1, 19, 91, 5834 }, // U+2055
    { 18, 29, 347, 2, 28, 131, 5925 }, // U+2056
    { 35, 10, 561, 1, 27, 88, 6056 }, // U+2057
    { 29, 29, 524, 2, 28, 211, 6144 }, // U+2058
    { 29, 29, 524, 2, 28, 211, 6355 }, // U+2059
    { 7, 29, 171, 2, 28, 51, 6566 }, // U+205A
    { 22, 31, 416, 2, 30, 171, 6617 }, // U+205B
    { 30, 30, 512, 1, 28, 225, 6788 }, // U+205C
    { 7, 30, 169, 2, 29, 53, 7013 }, // U+205D
    { 7, 29, 171, 2, 28, 51, 7066 }, // U+205E
    { 0, 0, 133, 0, 0, 0, 7117 }, // U+205F
    { 0, 0, 360, 0, 0, 0, 7117 }, // U+2060
    { 0, 0, 360, 0, 0, 0, 7117 }, // U+2061
    { 0, 0, 360, 0, 0, 0, 7117 }, // U+2062
    { 0, 0, 360, 0, 0, 0, 7117 }, // U+2063
    { 0, 0, 360, 0, 0, 0, 7117 }, // U+2064
    { 0, 0, 0, 0, 0, 0, 7117 }, // U+2066
    { 0, 0, 0, 0, 0, 0, 7117 }, // U+2067
    { 0, 0, 0, 0, 0, 0, 7117 }, // U+2068
    { 0, 0, 0, 0, 0, 0, 7117 }, // U+2069
    { 10, 31, 0, -5, 26, 78, 7117 }, // U+206A
    { 10, 31, 0, -5, 26, 78, 7195 }, // U+206B
    { 10, 31, 0, -5, 26, 78, 7273 }, // U+206C
    { 10, 31, 0, -5, 26, 78, 7351 }, // U+206D
    { 10, 31, 0, -5, 26, 78, 7429 }, // U+206E
    { 10, 31, 0, -5, 26, 78, 7507 }, // U+206F
    { 14, 17, 226, 0, 30, 60, 0 }, // U+2070
    { 5, 19, 113, 1, 33, 24, 60 }, // U+2071
    { 13, 15, 226, 1, 29, 49, 84 }, // U+2074
    { 12, 16, 226, 1, 29, 48, 133 }, // U+2075
    { 12, 17, 226, 1, 30, 51, 181 }, // U+2076
    { 12, 15, 226, 1, 29, 45, 232 }, // U+2077
    { 12, 17, 226, 1, 30, 51, 277 }, // U+2078
    { 12, 17, 226, 1, 30, 51, 328 }, // U+2079
    { 14, 14, 226, 0, 28, 49, 379 }, // U+207A
    { 14, 4, 226, 0, 23, 14, 428 }, // U+207B
    { 14, 10, 226, 0, 26, 35, 442 }, // U+207C
    { 7, 23, 161, 2, 33, 41, 477 }, // U+207D
    { 7, 23, 161, 1, 33, 41, 518 }, // U+207E
    { 12, 13, 230, 1, 27, 39, 559 }, // U+207F
    { 14, 17, 226, 0, 9, 60, 598 }, // U+2080
    { 9, 15, 226, 2, 8, 34, 658 }, // U+2081
    { 12, 16, 226, 1, 9, 48, 692 }, // U+2082
    { 12, 17, 226, 1, 9, 51, 740 }, // U+2083
    { 13, 15, 226, 1, 8, 49, 791 }, // U+2084
    { 12, 16, 226, 1, 8, 48, 840 }, // U+2085
    { 12, 17, 226, 1, 9, 51, 888 }, // U+2086
    { 12, 15, 226, 1, 8, 45, 939 }, // U+2087
    { 12, 17, 226, 1, 9, 51, 984 }, // U+2088
    { 12, 17, 226, 1, 9, 51, 1035 }, // U+2089
    { 14, 14, 226, 0, 7, 49, 1086 }, // U+208A
    { 14, 4, 226, 0, 2, 14, 1135 }, // U+208B
    { 14, 10, 226, 0, 5, 35, 1149 }, // U+208C
    { 7, 23, 161, 2, 12, 41, 1184 }, // U+208D
    { 7, 23, 161, 1, 12, 41, 1225 }, // U+208E
    { 13, 13, 233, 0, 9, 43, 1266 }, // U+2090
    { 13, 13, 233, 1, 9, 43, 1309 }, // U+2091
    { 14, 13, 244, 1, 9, 46, 1352 }, // U+2092
    { 14, 13, 226, 0, 9, 46, 1398 }, // U+2093
    { 13, 13, 233, 1, 9, 43, 1444 }, // U+2094
    { 14, 18, 254, 1, 14, 63, 1487 }, // U+2095
    { 15, 18, 238, 1, 14, 68, 1550 }, // U+2096
    { 5, 18, 116, 1, 14, 23, 1618 }, // U+2097
    { 22, 13, 380, 1, 9, 72, 1641 }, // U+2098
    { 14, 13, 254, 1, 9, 46, 1713 }, // U+2099
    { 14, 18, 247, 1, 9, 63, 1759 }, // U+209A
    { 11, 13, 196, 1, 9, 36, 1822 }, // U+209B
    { 10, 16, 164, 0, 12, 40, 1858 }, // U+209C
    { 21, 28, 343, 0, 28, 147, 0 }, // U+20A0
    { 18, 34, 317, 2, 29, 153, 147 }, // U+20A1
    { 20, 29, 343, 1, 28, 145, 300 }, // U+20A2
    { 18, 24, 317, 1, 24, 108, 445 }, // U+20A3
    { 18, 25, 317, 1, 25, 113, 553 }, // U+20A4
    { 32, 30, 585, 2, 25, 240, 666 }, // U+20A5
    { 20, 24, 317, 0, 24, 120, 906 }, // U+20A6
    { 20, 24, 317, 0, 24, 120, 1026 }, // U+20A7
    { 32, 28, 550, 2, 27, 224, 1146 }, // U+20A8
    { 22, 24, 317, -1, 24, 132, 1370 }, // U+20A9
    { 29, 27, 551, 3, 27, 196, 1502 }, // U+20AA
    { 18, 25, 317, 2, 25, 113, 1698 }, // U+20AB
    { 20, 26, 317, 0, 25, 130, 1811 }, // U+20AC
    { 22, 27, 343, 0, 27, 149, 1941 }, // U+20AD
    { 18, 24, 317, 1, 24, 108, 2090 }, // U+20AE
    { 37, 37, 606, 0, 28, 343, 2198 }, // U+20AF
    { 21, 37, 366, 0, 28, 195, 2541 }, // U+20B0
    { 20, 24, 317, 0, 24, 120, 2736 }, // U+20B1
    { 18, 33, 317, 1, 28, 149, 2856 }, // U+20B2
    { 25, 27, 390, 0, 27, 169, 3005 }, // U+20B3
    { 19, 26, 317, 0, 25, 124, 3174 }, // U+20B4
    { 18, 33, 317, 2, 28, 149, 3298 }, // U+20B5
    { 25, 26, 418, 0, 25, 163, 3447 }, // U+20B6
    { 26, 31, 439, 0, 28, 202, 3610 }, // U+20B7
    { 18, 24, 317, 1, 24, 108, 3812 }, // U+20B8
    { 16, 24, 317, 2, 24, 96, 3920 }, // U+20B9
    { 19, 25, 317, 0, 24, 119, 4016 }, // U+20BA
    { 30, 29, 487, 0, 28, 218, 4135 }, // U+20BB
    { 30, 27, 524, 1, 27, 203, 4353 }, // U+20BC
    { 18, 24, 317, 1, 24, 108, 4556 }, // U+20BD
    { 26, 29, 473, 2, 29, 189, 4664 }, // U+20BE
    { 18, 35, 343, 3, 31, 158, 4853 }, // U+20BF
    { 18, 28, 314, 1, 21, 126, 5011 }, // U+20C0
    { 22, 21, 370, 0, 20, 116, 0 }, // U+2190
    { 21, 21, 370, 1, 20, 111, 116 }, // U+2191
    { 22, 21, 370, 1, 20, 116, 227 }, // U+2192
    { 21, 21, 370, 1, 20, 111, 343 }, // U+2193
    { 25, 18, 370, -1, 18, 113, 454 }, // U+2194
    { 18, 24, 370, 3, 21, 108, 567 }, // U+2195
    { 18, 17, 370, 3, 17, 77, 675 }, // U+2196
    { 17, 17, 370, 2, 17, 73, 752 }, // U+2197
    { 18, 17, 370, 2, 19, 77, 825 }, // U+2198
    { 17, 17, 370, 4, 19, 73, 902 }, // U+2199
    { 19, 28, 370, 2, 21, 133, 975 }, // U+21A8
    { 22, 21, 370, 0, 20, 116, 1108 }, // U+21D0
    { 21, 21, 370, 1, 20, 111, 1224 }, // U+21D1
    { 22, 21, 370, 1, 20, 116, 1335 }, // U+21D2
    { 21, 21, 370, 1, 20, 111, 1451 }, // U+21D3
    { 30, 30, 480, 0, 27, 225, 1562 }, // U+21E7
    { 23, 25, 344, -1, 25, 144, 0 }, // U+2200
    { 19, 26, 346, 1, 25, 124, 144 }, // U+2202
    { 17, 25, 329, 1, 25, 107, 268 }, // U+2203
    { 22, 25, 384, 1, 25, 138, 375 }, // U+2206
    { 21, 29, 426, 3, 24, 153, 513 }, // U+220F
    { 20, 29, 320, 0, 24, 145, 666 }, // U+2211
    { 18, 5, 317, 1, 15, 23, 811 }, // U+2212
    { 17, 26, 58, -7, 25, 111, 834 }, // U+2215
    { 8, 8, 317, 6, 16, 16, 945 }, // U+2219
    { 22, 34, 353, 1, 31, 187, 961 }, // U+221A
    { 29, 17, 488, 1, 21, 124, 1148 }, // U+221E
    { 18, 19, 317, 1, 22, 86, 1272 }, // U+221F
    { 18, 19, 317, 1, 22, 86, 1358 }, // U+2229
    { 13, 37, 238, 1, 31, 121, 1444 }, // U+222B
    { 7, 20, 180, 2, 22, 35, 1565 }, // U+2236
    { 19, 20, 363, 2, 22, 95, 1600 }, // U+2237
    { 18, 15, 317, 1, 20, 68, 1695 }, // U+2248
    { 18, 23, 317, 1, 24, 104, 1763 }, // U+2260
    { 18, 23, 317, 1, 24, 104, 1867 }, // U+2261
    { 18, 21, 317, 1, 21, 95, 1971 }, // U+2264
    { 18, 21, 317, 1, 21, 95, 2066 }, // U+2265
    { 18, 18, 360, 2, 21, 81, 0 }, // U+25A0
    { 20, 19, 360, 1, 22, 95, 81 }, // U+25A1
    { 22, 21, 360, 0, 23, 116, 176 }, // U+25C6
    { 37, 37, 633, 1, 32, 343, 292 }, // U+25C7
    { 21, 21, 360, 1, 23, 111, 635 }, // U+25CB
    { 19, 19, 360, 2, 22, 91, 746 }, // U+25CF
    { 33, 32, 624, 3, 31, 264, 837 }, // U+2605
    { 33, 32, 624, 3, 31, 264, 1101 }, // U+2606
    { 34, 29, 611, 2, 28, 247, 1365 }, // U+2661
    { 23, 28, 360, 0, 27, 161, 1612 }, // U+2665
    { 25, 27, 388, 0, 26, 169, 1773 }, // U+2713
    { 20, 28, 339, 1, 26, 140, 1942 }, // U+2717
    { 26, 27, 394, 0, 27, 176, 0 }, // U+FB00
    { 22, 28, 370, 0, 28, 154, 176 }, // U+FB01
    { 24, 28, 376, 0, 27, 168, 330 }, // U+FB02
    { 33, 28, 560, 0, 28, 231, 498 }, // U+FB03
    { 35, 28, 566, 0, 27, 245, 729 }, // U+FB04
    { 27, 30, 469, 2, 29, 203, 974 }, // U+FB05
    { 33, 30, 559, 1, 29, 248, 1177 }, // U+FB06
    { 35, 35, 600, 1, 29, 307, 0 }, // U+FFFD
};

static const EpdUnicodeInterval sourcesans_18_boldIntervals[] = {
    { 0x0, 0x0, 0x0 },
    { 0xD, 0xD, 0x1 },
    { 0x20, 0x7E, 0x2 },
    { 0xA0, 0x17F, 0x61 },
    { 0x1A0, 0x1A1, 0x141 },
    { 0x1AF, 0x1B0, 0x143 },
    { 0x1C4, 0x21F, 0x145 },
    { 0x250, 0x2E9, 0x1A1 },
    { 0x300, 0x36F, 0x23B },
    { 0x3B2, 0x3B2, 0x2AB },
    { 0x3B8, 0x3B8, 0x2AC },
    { 0x3C7, 0x3C7, 0x2AD },
    { 0x400, 0x4FF, 0x2AE },
    { 0x1EA0, 0x1EF9, 0x3AE },
    { 0x2000, 0x2064, 0x408 },
    { 0x2066, 0x2071, 0x46D },
    { 0x2074, 0x208E, 0x479 },
    { 0x2090, 0x209C, 0x494 },
    { 0x20A0, 0x20C0, 0x4A1 },
    { 0x2190, 0x2199, 0x4C2 },
    { 0x21A8, 0x21A8, 0x4CC },
    { 0x21D0, 0x21D3, 0x4CD },
    { 0x21E7, 0x21E7, 0x4D1 },
    { 0x2200, 0x2200, 0x4D2 },
    { 0x2202, 0x2203, 0x4D3 },
    { 0x2206, 0x2206, 0x4D5 },
    { 0x220F, 0x220F, 0x4D6 },
    { 0x2211, 0x2212, 0x4D7 },
    { 0x2215, 0x2215, 0x4D9 },
    { 0x2219, 0x221A, 0x4DA },
    { 0x221E, 0x221F, 0x4DC },
    { 0x2229, 0x2229, 0x4DE },
    { 0x222B, 0x222B, 0x4DF },
    { 0x2236, 0x2237, 0x4E0 },
    { 0x2248, 0x2248, 0x4E2 },
    { 0x2260, 0x2261, 0x4E3 },
    { 0x2264, 0x2265, 0x4E5 },
    { 0x25A0, 0x25A1, 0x4E7 },
    { 0x25C6, 0x25C7, 0x4E9 },
    { 0x25CB, 0x25CB, 0x4EB },
    { 0x25CF, 0x25CF, 0x4EC },
    { 0x2605, 0x2606, 0x4ED },
    { 0x2661, 0x2661, 0x4EF },
    { 0x2665, 0x2665, 0x4F0 },
    { 0x2713, 0x2713, 0x4F1 },
    { 0x2717, 0x2717, 0x4F2 },
    { 0xFB00, 0xFB06, 0x4F3 },
    { 0xFFFD, 0xFFFD, 0x4FA },
};

static const EpdFontGroup sourcesans_18_boldGroups[] = {
    { 0, 3837, 10582, 97, 0 },
    { 3837, 3505, 12788, 96, 97 },
    { 7342, 4540, 20226, 128, 193 },
    { 11882, 4816, 19050, 96, 321 },
    { 16698, 5371, 16011, 154, 417 },
    { 22069, 1527, 3226, 112, 571 },
    { 23596, 262, 478, 3, 683 },
    { 23858, 12271, 43838, 256, 686 },
    { 36129, 2860, 16807, 90, 942 },
    { 38989, 2674, 8299, 111, 1032 },
    { 41663, 725, 2106, 42, 1143 },
    { 42388, 2111, 5516, 33, 1185 },
    { 44499, 715, 1974, 16, 1218 },
    { 45214, 814, 2378, 21, 1234 },
    { 46028, 762, 2236, 12, 1255 },
    { 46790, 413, 1509, 7, 1267 },
    { 47203, 152, 315, 1, 1274 },
};

static const uint16_t sourcesans_18_boldKernLeftCodepoints[] = {
    0x0022, 0x0024, 0x0027, 0x0028, 0x002C, 0x002D, 0x002E, 0x002F, 0x0030, 0x0031, 0x0032, 0x0033,
    0x0034, 0x0035, 0x0036, 0x0037, 0x0038, 0x0039, 0x003A, 0x003B, 0x0041, 0x0042, 0x0043, 0x0044,
    0x0045, 0x0046, 0x0047, 0x004A, 0x004B, 0x004C, 0x004F, 0x0050, 0x0051, 0x0052, 0x0053, 0x0054,
    0x0055, 0x0056, 0x0057, 0x0058, 0x0059, 0x005A, 0x005B, 0x005C, 0x0061, 0x0062, 0x0063, 0x0065,
    0x0066, 0x0067, 0x0068, 0x006B, 0x006C, 0x006D, 0x006E, 0x006F, 0x0070, 0x0071, 0x0072, 0x0073,
    0x0074, 0x0075, 0x0076, 0x0077, 0x0078, 0x0079, 0x007A, 0x007B, 0x00C0, 0x00C1, 0x00C2, 0x00C3,
    0x00C4, 0x00C5, 0x00C7, 0x00C8, 0x00C9, 0x00CA, 0x00CB, 0x00D2, 0x00D3, 0x00D4, 0x00D5, 0x00D6,
    0x00D9, 0x00DA, 0x00DB, 0x00DC, 0x00DD, 0x00E0, 0x00E1, 0x00E2, 0x00E3, 0x00E4, 0x00E5, 0x00E7,
    0x00E8, 0x00E9, 0x00EA, 0x00EB, 0x00F1, 0x00F2, 0x00F3, 0x00F4, 0x00F5, 0x00F6, 0x00F9, 0x00FA,
    0x00FB, 0x00FC, 0x00FD, 0x00FF, 0x0100, 0x0101, 0x0102, 0x0103, 0x0104, 0x0105, 0x0106, 0x0107,
    0x0108, 0x0109, 0x010A, 0x010B, 0x010C, 0x010D, 0x010E, 0x0110, 0x0112, 0x0113, 0x0114, 0x0115,
    0x0116, 0x0117, 0x0118, 0x0119, 0x011A, 0x011B, 0x011C, 0x011D, 0x011E, 0x011F, 0x0120, 0x0121,
    0x0122, 0x0123, 0x0125, 0x0134, 0x0136, 0x0137, 0x0139, 0x013A, 0x013B, 0x013C, 0x013D, 0x013E,
    0x0141, 0x0142, 0x0144, 0x0146, 0x0148, 0x014C, 0x014D, 0x014E, 0x014F, 0x0150, 0x0151, 0x0154,
    0x0155, 0x0156, 0x0157, 0x0158, 0x0159, 0x015A, 0x015B, 0x015C, 0x015D, 0x015E, 0x015F, 0x0160,
    0x0161, 0x0162, 0x0163, 0x0164, 0x0165, 0x0168, 0x0169, 0x016A, 0x016B, 0x016C, 0x016D, 0x016E,
    0x016F, 0x0170, 0x0171, 0x0172, 0x0173, 0x0174, 0x0175, 0x0176, 0x0177, 0x0178, 0x0179, 0x017A,
    0x017B, 0x017C, 0x017D, 0x017E, 0x01A0, 0x01A1, 0x01AF, 0x01B0, 0x01CD, 0x01CE, 0x01D1, 0x01D2,
    0x01D3, 0x01D4, 0x01D5, 0x01D6, 0x01D7, 0x01D8, 0x01D9, 0x01DA, 0x01DB, 0x01DC, 0x01DE, 0x01DF,
    0x01E0, 0x01E1, 0x01E6, 0x01E7, 0x01E8, 0x01E9, 0x01EA, 0x01EB, 0x01EC, 0x01ED, 0x01F4, 0x01F5,
    0x01F9, 0x01FA, 0x01FB, 0x0200, 0x0201, 0x0202, 0x0203, 0x0204, 0x0205, 0x0206, 0x0207, 0x020C,
    0x020D, 0x020E, 0x020F, 0x0210, 0x0211, 0x0212, 0x0213, 0x0214, 0x0215, 0x0216, 0x0217, 0x0218,
    0x0219, 0x021A, 0x021B, 0x021F, 0x1EA0, 0x1EA1, 0x1EA2, 0x1EA3, 0x1EA4, 0x1EA5, 0x1EA6, 0x1EA7,
    0x1EA8, 0x1EA9, 0x1EAA, 0x1EAB, 0x1EAC, 0x1EAD, 0x1EAE, 0x1EAF, 0x1EB0, 0x1EB1, 0x1EB2, 0x1EB3,
    0x1EB4, 0x1EB5, 0x1EB6, 0x1EB7, 0x1EB8, 0x1EB9, 0x1EBA, 0x1EBB, 0x1EBC, 0x1EBD, 0x1EBE, 0x1EBF,
    0x1EC0, 0x1EC1, 0x1EC2, 0x1EC3, 0x1EC4, 0x1EC5, 0x1EC6, 0x1EC7, 0x1ECC, 0x1ECD, 0x1ECE, 0x1ECF,
    0x1ED0, 0x1ED1, 0x1ED2, 0x1ED3, 0x1ED4, 0x1ED5, 0x1ED6, 0x1ED7, 0x1ED8, 0x1ED9, 0x1EDA, 0x1EDB,
    0x1EDC, 0x1EDD, 0x1EDE, 0x1EDF, 0x1EE0, 0x1EE1, 0x1EE2, 0x1EE3, 0x1EE4, 0x1EE5, 0x1EE6, 0x1EE7,
    0x1EE8, 0x1EE9, 0x1EEA, 0x1EEB, 0x1EEC, 0x1EED, 0x1EEE, 0x1EEF, 0x1EF0, 0x1EF1, 0x1EF2, 0x1EF3,
    0x1EF4, 0x1EF5, 0x1EF6, 0x1EF7, 0x1EF8, 0x1EF9,
};

static const uint8_t sourcesans_18_boldKernLeftClassIds[] = {
      1,   2,   1,   3,   4,   5,   4,   6,   7,   8,   9,  10,  11,  12,  13,  14,
     15,  16,  17,  17,  18,  19,  20,  21,  22,  23,  24,  25,  26,  27,  21,  28,
     21,  29,  30,  31,  32,  33,  34,  35,  36,  37,   3,  38,  39,  40,  41,  42,
     43,  44,  45,  46,  47,  45,  45,  40,  40,  48,  49,  50,  51,  48,  52,  53,
     54,  55,  56,   3,  18,  18,  18,  18,  18,  18,  20,  22,  22,  22,  22,  21,
     21,  21,  21,  21,  32,  32,  32,  32,  36,  39,  39,  39,  39,  39,  39,  41,
     42,  42,  42,  42,  45,  40,  40,  40,  40,  40,  48,  48,  48,  48,  55,  55,
     18,  39,  18,  39,  18,  39,  20,  41,  20,  41,  20,  41,  20,  41,  21,  21,
     22,  42,  22,  42,  22,  42,  22,  42,  22,  42,  24,  44,  24,  44,  24,  44,
     24,  44,  45,  25,  26,  46,  27,  47,  27,  47,  27,  47,  27,  47,  45,  45,
     45,  21,  40,  21,  40,  21,  40,  29,  49,  29,  49,  29,  49,  30,  50,  30,
     50,  30,  50,  30,  50,  31,  51,  31,  51,  32,  48,  32,  48,  32,  48,  32,
     48,  32,  48,  32,  48,  34,  53,  36,  55,  36,  37,  56,  37,  56,  37,  56,
     21,  40,  32,  48,  18,  39,  21,  40,  32,  48,  32,  48,  32,  48,  32,  48,
     32,  48,  18,  39,  18,  39,  24,  44,  26,  46,  21,  40,  21,  40,  24,  44,
     45,  18,  39,  18,  39,  18,  39,  22,  42,  22,  42,  21,  40,  21,  40,  29,
     49,  29,  49,  32,  48,  32,  48,  30,  50,  31,  51,  45,  18,  39,  18,  39,
     18,  39,  18,  39,  18,  39,  18,  39,  18,  39,  18,  39,  18,  39,  18,  39,
     18,  39,  18,  39,  22,  42,  22,  42,  22,  42,  22,  42,  22,  42,  22,  42,
     22,  42,  22,  42,  21,  40,  21,  40,  21,  40,  21,  40,  21,  40,  21,  40,
     21,  40,  21,  40,  21,  40,  21,  40,  21,  40,  21,  40,  32,  48,  32,  48,
     32,  48,  32,  48,  32,  48,  32,  48,  32,  48,  36,  55,  36,  55,  36,  55,
     36,  55,
};

static const uint16_t sourcesans_18_boldKernRightCodepoints[] = {
    0x0021, 0x0022, 0x0027, 0x0029, 0x002A, 0x002C, 0x002D, 0x002E, 0x002F, 0x0030, 0x0031, 0x0032,
    0x0033, 0x0034, 0x0035, 0x0036, 0x0037, 0x0038, 0x0039, 0x003A, 0x003B, 0x003F, 0x0041, 0x0043,
    0x0047, 0x004A, 0x004F, 0x0051, 0x0053, 0x0054, 0x0055, 0x0056, 0x0057, 0x0058, 0x0059, 0x005A,
    0x005C, 0x005D, 0x0061, 0x0063, 0x0064, 0x0065, 0x0066, 0x0067, 0x0069, 0x006A, 0x006D, 0x006E,
    0x006F, 0x0070, 0x0071, 0x0072, 0x0073, 0x0074, 0x0075, 0x0076, 0x0077, 0x0078, 0x0079, 0x007A,
    0x007D, 0x00C0, 0x00C1, 0x00C2, 0x00C3, 0x00C4, 0x00C5, 0x00C7, 0x00D2, 0x00D3, 0x00D4, 0x00D5,
    0x00D6, 0x00D9, 0x00DA, 0x00DB, 0x00DC, 0x00DD, 0x00E0, 0x00E1, 0x00E2, 0x00E3, 0x00E4, 0x00E5,
    0x00E7, 0x00E8, 0x00E9, 0x00EA, 0x00EB, 0x00EC, 0x00ED, 0x00EE, 0x00EF, 0x00F1, 0x00F2, 0x00F3,
    0x00F4, 0x00F5, 0x00F6, 0x00F9, 0x00FA, 0x00FB, 0x00FC, 0x00FD, 0x00FF, 0x0100, 0x0101, 0x0102,
    0x0103, 0x0104, 0x0105, 0x0106, 0x0107, 0x0108, 0x0109, 0x010A, 0x010B, 0x010C, 0x010D, 0x010F,
    0x0111, 0x0113, 0x0115, 0x0117, 0x0119, 0x011B, 0x011C, 0x011D, 0x011E, 0x011F, 0x0120, 0x0121,
    0x0122, 0x0123, 0x0129, 0x012B, 0x012D, 0x012F, 0x0131, 0x0134, 0x0135, 0x0144, 0x0146, 0x0148,
    0x014C, 0x014D, 0x014E, 0x014F, 0x0150, 0x0151, 0x0155, 0x0157, 0x0159, 0x015A, 0x015B, 0x015C,
    0x015D, 0x015E, 0x015F, 0x0160, 0x0161, 0x0162, 0x0163, 0x0164, 0x0165, 0x0168, 0x0169, 0x016A,
    0x016B, 0x016C, 0x016D, 0x016E, 0x016F, 0x0170, 0x0171, 0x0172, 0x0173, 0x0174, 0x0175, 0x0176,
    0x0177, 0x0178, 0x0179, 0x017A, 0x017B, 0x017C, 0x017D, 0x017E, 0x01A0, 0x01A1, 0x01AF, 0x01B0,
    0x01CD, 0x01CE, 0x01D0, 0x01D1, 0x01D2, 0x01D3, 0x01D4, 0x01D5, 0x01D6, 0x01D7, 0x01D8, 0x01D9,
    0x01DA, 0x01DB, 0x01DC, 0x01DE, 0x01DF, 0x01E0, 0x01E1, 0x01E6, 0x01E7, 0x01EA, 0x01EB, 0x01EC,
    0x01ED, 0x01F0, 0x01F4, 0x01F5, 0x01F9, 0x01FA, 0x01FB, 0x0200, 0x0201, 0x0202, 0x0203, 0x0205,
    0x0207, 0x0209, 0x020B, 0x020C, 0x020D, 0x020E, 0x020F, 0x0211, 0x0213, 0x0214, 0x0215, 0x0216,
    0x0217, 0x0218, 0x0219, 0x021A, 0x021B, 0x1EA0, 0x1EA1, 0x1EA2, 0x1EA3, 0x1EA4, 0x1EA5, 0x1EA6,
    0x1EA7, 0x1EA8, 0x1EA9, 0x1EAA, 0x1EAB, 0x1EAC, 0x1EAD, 0x1EAE, 0x1EAF, 0x1EB0, 0x1EB1, 0x1EB2,
    0x1EB3, 0x1EB4, 0x1EB5, 0x1EB6, 0x1EB7, 0x1EB9, 0x1EBB, 0x1EBD, 0x1EBF, 0x1EC1, 0x1EC3, 0x1EC5,
    0x1EC7, 0x1EC9, 0x1ECB, 0x1ECC, 0x1ECD, 0x1ECE, 0x1ECF, 0x1ED0, 0x1ED1, 0x1ED2, 0x1ED3, 0x1ED4,
    0x1ED5, 0x1ED6, 0x1ED7, 0x1ED8, 0x1ED9, 0x1EDA, 0x1EDB, 0x1EDC, 0x1EDD, 0x1EDE, 0x1EDF, 0x1EE0,
    0x1EE1, 0x1EE2, 0x1EE3, 0x1EE4, 0x1EE5, 0x1EE6, 0x1EE7, 0x1EE8, 0x1EE9, 0x1EEA, 0x1EEB, 0x1EEC,
    0x1EED, 0x1EEE, 0x1EEF, 0x1EF0, 0x1EF1, 0x1EF2, 0x1EF3, 0x1EF4, 0x1EF5, 0x1EF6, 0x1EF7, 0x1EF8,
    0x1EF9,
};

static const uint8_t sourcesans_18_boldKernRightClassIds[] = {
      1,   2,   2,   3,   4,   5,   6,   7,   8,   9,  10,  11,  12,  13,  14,  15,
     16,  17,  18,  19,  20,  21,  22,  23,  23,  24,  23,  23,  25,  26,  27,  28,
     29,  30,  31,  32,  33,   3,  34,  35,  35,  35,  36,  37,  38,  39,  40,  40,
     35,  40,  35,  40,  41,  42,  43,  44,  45,  46,  47,  48,   3,  22,  22,  22,
     22,  22,  22,  23,  23,  23,  23,  23,  23,  27,  27,  27,  27,  31,  34,  34,
     34,  34,  34,  34,  35,  35,  35,  35,  35,  38,  38,  38,  38,  40,  35,  35,
     35,  35,  35,  43,  43,  43,  43,  47,  47,  22,  34,  22,  34,  22,  34,  23,
     35,  23,  35,  23,  35,  23,  35,  35,  35,  35,  35,  35,  35,  35,  23,  37,
     23,  37,  23,  37,  23,  37,  38,  38,  38,  38,  38,  24,  39,  40,  40,  40,
     23,  35,  23,  35,  23,  35,  40,  40,  40,  25,  41,  25,  41,  25,  41,  25,
     41,  26,  42,  26,  42,  27,  43,  27,  43,  27,  43,  27,  43,  27,  43,  27,
     43,  29,  45,  31,  47,  31,  32,  48,  32,  48,  32,  48,  23,  35,  27,  43,
     22,  34,  38,  23,  35,  27,  43,  27,  43,  27,  43,  27,  43,  27,  43,  22,
     34,  22,  34,  23,  37,  23,  35,  23,  35,  39,  23,  37,  40,  22,  34,  22,
     34,  22,  34,  35,  35,  38,  38,  23,  35,  23,  35,  40,  40,  27,  43,  27,
     43,  25,  41,  26,  42,  22,  34,  22,  34,  22,  34,  22,  34,  22,  34,  22,
     34,  22,  34,  22,  34,  22,  34,  22,  34,  22,  34,  22,  34,  35,  35,  35,
     35,  35,  35,  35,  35,  38,  38,  23,  35,  23,  35,  23,  35,  23,  35,  23,
     35,  23,  35,  23,  35,  23,  35,  23,  35,  23,  35,  23,  35,  23,  35,  27,
     43,  27,  43,  27,  43,  27,  43,  27,  43,  27,  43,  27,  43,  31,  47,  31,
     47,  31,  47,  31,  47,
};

static const uint16_t sourcesans_18_boldKernRowOffsets[] = {
        0,     8,    14,    16,    31,    42,    52,    56,    57,    66,    72,    78,    84,    90,   102,   106,
      110,   113,   134,   148,   165,   177,   182,   206,   211,   214,   235,   256,   273,   289,   297,   323,
      336,   358,   369,   388,   414,   434,   444,   451,   471,   483,   502,   524,   537,   542,   559,   560,
      564,   582,   589,   605,   620,   634,   649,   662,   671,
};

static const uint8_t sourcesans_18_boldKernSparseCols[] = {
      4,   6,  21,  23,  24,  29,  34,  40,   9,  10,  11,  13,  15,  17,  23,  38,
      1,   3,   9,  15,  25,  26,  27,  28,  30,  34,  38,  41,  43,  44,  46,  23,
     24,  25,  27,  28,  29,  30,  31,  41,  43,  45,  21,  22,  23,  33,  34,  36,
     37,  38,  41,  42,   9,  10,  11,  15,   9,   8,   9,  10,  11,  12,  13,  14,
     15,  17,   9,  10,  11,  13,  15,  17,   9,  10,  11,  13,  15,  17,   9,  10,
     11,  13,  15,  17,   9,  10,  11,  13,  15,  17,   4,   6,   8,   9,  10,  11,
     12,  13,  14,  15,  16,  17,   9,  11,  15,  17,   9,  10,  11,  15,   3,  30,
     38,   1,   3,  20,  21,  22,  25,  26,  27,  29,  30,  31,  32,  33,  35,  40,
     41,  42,  43,  44,  45,  46,   3,  23,  24,  25,  27,  28,  29,  30,  31,  41,
     43,  44,  45,  46,   5,  22,  23,  24,  25,  26,  27,  28,  29,  30,  31,  36,
     41,  42,  43,  44,  46,   3,   7,  21,  23,  25,  27,  28,  29,  30,  31,  45,
     47,  34,  41,  43,  45,  46,   4,   6,   7,  21,  22,  23,  24,  27,  28,  29,
     30,  31,  33,  34,  36,  39,  40,  41,  42,  43,  44,  45,  46,  47,   3,  21,
     25,  27,  28,   4,   6,  23,   1,   3,   5,  20,  21,  22,  24,  25,  26,  27,
     28,  30,  34,  38,  41,  42,  43,  44,  45,  46,  47,   1,   3,   5,  20,  21,
     22,  24,  25,  26,  27,  28,  30,  32,  34,  35,  36,  41,  42,  43,  44,  46,
      4,   5,   6,   7,  21,  23,  24,  25,  29,  30,  31,  33,  34,  36,  40,  45,
     47,   3,   5,  21,  23,  24,  25,  27,  28,  29,  30,  31,  33,  34,  36,  45,
     47,   3,   5,  23,  24,  25,  30,  41,  47,   4,   5,   6,   7,  18,  19,  21,
     22,  23,  24,  29,  30,  31,  33,  34,  35,  36,  39,  40,  41,  42,  43,  44,
     45,  46,  47,   4,   6,   7,  21,  23,  24,  27,  29,  30,  33,  36,  40,  45,
      4,   5,   6,   7,  21,  22,  23,  24,  26,  27,  31,  33,  34,  36,  39,  40,
     42,  43,  44,  45,  46,  47,   4,   5,   6,   7,  22,  23,  24,  31,  33,  36,
     47,   1,   3,   5,  21,  22,  23,  24,  25,  26,  33,  34,  35,  41,  42,  43,
     44,  45,  46,  47,   4,   5,   6,   7,  18,  19,  20,  21,  22,  23,  24,  25,
     26,  31,  33,  34,  36,  39,  40,  41,  42,  43,  44,  45,  46,  47,   5,  21,
     22,  23,  24,  26,  27,  28,  30,  31,  33,  34,  35,  36,  41,  42,  43,  44,
     45,  46,  25,  26,  27,  28,  30,  36,  38,  43,  44,  46,   3,  20,  25,  27,
     28,  30,  41,   1,   3,   4,   5,   6,  20,  25,  27,  29,  30,  32,  33,  35,
     40,  41,  43,  44,  45,  46,  47,   5,  25,  27,  30,  33,  34,  36,  41,  43,
     44,  45,  46,   3,   5,  20,  23,  24,  25,  27,  28,  30,  32,  33,  35,  36,
     41,  43,  44,  45,  46,  47,   0,   1,   2,   4,   5,   6,   7,  20,  25,  27,
     28,  29,  30,  32,  33,  34,  36,  38,  40,  43,  45,  47,   2,   3,   7,  20,
     25,  30,  33,  34,  38,  43,  44,  46,  47,   3,  20,  25,  27,  30,   3,   4,
      5,   6,  18,  19,  20,  25,  30,  33,  34,  36,  38,  41,  42,  45,  47,  38,
      3,  25,  27,  30,   4,   5,   6,   7,  18,  19,  21,  23,  31,  32,  33,  34,
     36,  40,  43,  44,  46,  47,   3,   5,  20,  25,  27,  30,  41,   4,   5,   6,
      7,  18,  19,  20,  25,  30,  33,  34,  35,  36,  40,  41,  45,   3,   4,   5,
      6,   7,  21,  23,  25,  27,  30,  31,  33,  34,  38,  47,   3,   4,   6,   7,
     21,  23,  25,  27,  29,  30,  33,  34,  38,  47,   0,   3,   5,   6,  19,  22,
     24,  25,  27,  29,  30,  33,  34,  41,  46,   4,   6,   7,  23,  25,  27,  29,
     30,  33,  34,  38,  45,  47,   5,  25,  30,  33,  34,  36,  42,  43,  46,
};

static const int8_t sourcesans_18_boldKernSparseValues[] = {
     -80,  -80,  -44,  -68,   -6,   -6,   -9,  -12,  -22,   -6,  -10,  -10,  -19,  -21,  -12,   48,
     -77, -101,  -18,  -28,  -60,  -16,  -46,  -23,  -67,   -6,   22,  -38,  -36,  -21,  -12,  -12,
     -16,  -34,  -12,   -6,  -22,  -46,  -12,  -13,  -10,  -11,  -24,   -6,  -48,  -17,  -10,   -6,
       4,    4,   -3,  -12,   -6,  -11,  -16,  -17,  -10,   -6,  -13,   -7,   -6,  -24,   -6,   -7,
     -23,  -12,   -6,   -6,  -11,   -6,  -11,   -6,  -12,   -6,   -6,   -6,  -12,  -11,  -22,   -6,
     -11,   -6,  -17,  -11,  -16,  -11,  -11,   -6,  -22,  -16,  -42,  -42,  -17,   -7,  -12,  -12,
     -59,  -13,  -18,   -7,  -18,  -12,  -17,   -6,  -17,  -17,  -12,   -6,  -11,  -17,  -17,  -22,
       2,  -44,  -50,  -22,   -1,   -6,  -44,   -7,  -11,   -4,  -11,   -1,  -24,    8,   -6,    8,
     -11,   -1,  -10,   -5,   -5,  -10,  -18,  -11,  -11,  -17,   -8,   -5,   -5,  -11,   -5,   -6,
     -11,   -6,   -6,  -11,  -22,  -22,   -6,  -17,   -7,  -11,   -5,   -5,   -5,  -10,   -6,  -12,
     -22,   -6,  -11,   -6,  -11,  -14,   -7,   -6,  -32,  -17,   -6,   -1,  -16,  -12,  -12,  -11,
     -10,   -6,  -17,   -6,  -27,   -6,  -55,  -55,  -29,  -23,   -6,  -80,  -16,   -4,   -4,  -17,
      -8,  -18,  -23,  -11,  -17,  -12,  -16,   -6,  -11,  -20,  -16,  -22,  -16,  -31,  -13,   -5,
     -12,  -11,   -5,  -17,  -17,  -24,  -21,  -24,  -31,  -10,   -6,  -16,  -12,  -16,  -11,  -11,
      -6,  -16,  -10,   -6,  -32,   -7,  -20,  -16,  -16,  -20,  -11,  -84, -103,  -26,  -31,   -4,
     -22,  -17,  -72,  -22,  -47,  -35,  -52,  -48,   -8,  -11,   -5,  -16,   -6,  -32,  -23,  -32,
     -79,  -14,  -79,  -30,  -25,  -85,   -6,   -8,  -17,   -6,  -31,  -20,  -13,  -10,   -6,  -11,
     -12,   -6,  -18,   -5,   -7,   -8,  -11,   -8,    1,   -5,   -9,   -6,   -5,   -6,   -5,  -10,
     -10,   -7,   11,  -11,  -11,  -12,  -11,  -17,   -8,  -70,  -38,  -70,  -41,  -12,  -12,  -24,
     -17,  -73,  -15,  -12,  -11,  -26,  -38,  -46,   -7,  -38,  -25,  -36,   -7,  -25,  -14,  -14,
     -15,  -14,  -38,  -16,  -16,  -10,   -7,  -34,   -6,   -5,   -6,  -11,   -5,   -6,   -5,  -10,
     -46,  -12,  -46,  -16,  -11,   -6,  -38,   -6,   -6,    6,  -12,  -21,  -11,  -12,  -12,  -11,
     -18,   -6,   -6,  -11,   -6,  -13,  -23,   -6,  -23,   -5,   -1,  -28,   -1,   -1,   -7,   -2,
      -6,   -6,   -6,  -22,   -4,  -16,   -9,  -11,  -12,   -6,   -6,  -10,  -16,  -16,   -6,  -16,
     -11,   -6,  -16,  -11,  -67,  -46,  -67,  -28,  -22,  -22,  -10,  -11,  -11,  -60,  -11,  -11,
      -6,  -13,  -46,  -33,  -36,  -24,  -33,  -31,  -23,  -11,  -17,  -23,  -11,  -34,  -14,   -1,
     -12,  -14,  -18,   -6,   -1,   -1,  -11,   -7,   -7,   -8,  -12,   -7,  -11,   -8,   -7,   -7,
     -17,   -7,  -40,   -9,  -26,   -9,  -38,   14,   38,  -12,   -6,    2,  -26,  -19,  -17,  -16,
      -5,  -17,  -11,   -9,   -4,   -6,    1,   -6,  -19,  -35,  -12,   -5,  -34,  -22,   -7,   -3,
      -3,  -16,   -5,   -5,  -16,   -5,   -8,  -20,  -12,  -11,  -17,   -6,  -17,   -6,   -6,    1,
       1,   -3,    1,  -14,    6,  -10,  -12,  -12,  -17,  -16,   -6,  -22,  -20,   -7,   -3,   -6,
      -6,   -4,   -4,  -10,   -4,   -4,    2,   24,   21,  -38,  -11,  -38,   -2,   13,   25,   37,
      25,   14,   27,   19,  -12,   -6,   -7,   -6,   -5,    2,   -5,  -11,    2,  -14,   17,  -28,
     -22,  -11,  -11,  -11,   28,   -5,   -5,    2,  -11,  -14,  -10,  -17,   -6,  -16,  -12,    2,
     -51,    2,    2,    2,  -19,  -32,  -11,   -6,  -17,   -6,   -6,  -21,  -11,  -10,  -10,    7,
      -8,  -12,  -11,  -18,  -53,  -17,  -53,  -14,    4,    4,  -11,  -44,   -6,    2,  -17,   -6,
      -6,   -5,    4,    3,    4,   -5,  -17,    6,  -15,  -17,   -6,  -12,  -12,   -8,  -22,   -8,
      -2,    2,    2,  -22,  -11,   -5,  -12,  -11,  -10,   -6,   -6,  -12,   -7,   -6,  -36,  -10,
     -36,  -12,   -8,  -24,  -12,   -6,  -11,   -6,  -12,   -5,   -6,  -17,   -6,  -50,  -50,   -1,
      -5,  -18,  -17,   -6,  -11,  -17,   -6,   -5,   -6,  -16,  -11,  -13,  -11,  -10,   10,   -6,
      -5,  -14,  -11,   -6,  -23,   -6,  -16,  -17,   -9,  -36,  -36,   -2,  -24,  -12,   -5,   -5,
     -10,  -12,   -5,   -6,  -11,  -17,  -16,  -13,   -9,   -8,   -6,   -1,   -6,   -5,   -5,
};

static const EpdLigaturePair sourcesans_18_boldLigaturePairs[] = {
    { 0x00660066, 0xFB00 }, // f f -> U+FB00
};

static const EpdFontData sourcesans_18_bold = {
    sourcesans_18_boldBitmaps,
    sourcesans_18_boldGlyphs,
    sourcesans_18_boldIntervals,
    48,
    53,
    39,
    -15,
    true,
    sourcesans_18_boldGroups,
    17,
    nullptr,
    nullptr,  // kernLeftClasses: built-in fonts use the split arrays below
    nullptr,  // kernRightClasses
    sourcesans_18_boldKernLeftCodepoints,
    sourcesans_18_boldKernLeftClassIds,
    sourcesans_18_boldKernRightCodepoints,
    sourcesans_18_boldKernRightClassIds,
    nullptr,  // kernMatrix: built-in fonts use the sparse form below
    sourcesans_18_boldKernRowOffsets,
    sourcesans_18_boldKernSparseCols,
    sourcesans_18_boldKernSparseValues,
    354,
    325,
    56,
    48,
    sourcesans_18_boldLigaturePairs,
    1,
};
