/**
 * generated by fontconvert.py
 * name: sourceserif_16_bold
 * size: 16
 * mode: 2-bit  compressed: true
 * Command used: fontconvert.py sourceserif_16_bold 16 instanced_fonts/builtin-reader/sourceserif_16_bold_opsz16_wght700.ttf ../builtinFonts/source/NotoSerif/NotoSerif-Bold.ttf ../builtinFonts/source/Inter/Inter-Bold.ttf --base-font-count 2 --2bit --compress --pnum --zopfli --darken-aa --kerning-intervals 0x20,0x7E --kerning-base-aliases --additional-intervals 0x2190,0x2190 --additional-intervals 0x2192,0x2192 --additional-intervals 0x2194,0x2194 --additional-intervals 0x25A0,0x25A1 --additional-intervals 0x25C6,0x25C7 --additional-intervals 0x25CB,0x25CB --additional-intervals 0x25CF,0x25CF --additional-intervals 0x2605,0x2606 --additional-intervals 0x2661,0x2661 --additional-intervals 0x2665,0x2665 --additional-intervals 0x2713,0x2713 --additional-intervals 0x2717,0x2717
 */
#pragma once
#include "EpdFontData.h"

static const uint8_t sourceserif_16_boldBitmaps[40269] = {
    0xCD, 0xD8, 0x3F, 0xB4, 0xE5, 0xC6, 0x5D, 0x07, 0xF0, 0xAF, 0x34, 0xF1, 0x13, 0xAC, 0x8A, 0x49,
    0xE1, 0x24, 0x64, 0xF7, 0x9C, 0xA8, 0x26, 0x1C, 0xAC, 0x86, 0x82, 0x22, 0x79, 0xA3, 0x24, 0x45,
    0x0A, 0x8A, 0xA4, 0xF0, 0x3B, 0x14, 0x14, 0x69, 0x28, 0x72, 0x5C, 0xF0, 0x28, 0x29, 0x36, 0x96,
    0x1C, 0x0E, 0x50, 0x50, 0x78, 0x0B, 0xA0, 0xC5, 0xC5, 0xE3, 0x1C, 0xFB, 0x71, 0x38, 0xDB, 0x9A,
    0xC3, 0xDA, 0x33, 0x78, 0x8B, 0x14, 0x29, 0x22, 0xE2, 0xF8, 0xA4, 0x48, 0x11, 0x41, 0xEC, 0x13,
    0x88, 0x0B, 0x8F, 0x6D, 0x99, 0x68, 0xED, 0x91, 0xBE, 0xFC, 0x7E, 0xA3, 0xFB, 0x76, 0xDF, 0xAE,
    0x37, 0x8E, 0xED, 0xB8, 0x60, 0x9E, 0xE6, 0x33, 0x73, 0x47, 0xD2, 0xFC, 0xD3, 0x48, 0xBA, 0xEF,
    0x16, 0x5D, 0x1B, 0xFB, 0xE4, 0xF3, 0x5F, 0x9F, 0xDC, 0xE2, 0xE6, 0x36, 0x36, 0xD1, 0x4E, 0x76,
    0xAC, 0x43, 0x35, 0x00, 0x40, 0x3D, 0xBA, 0x59, 0x8F, 0x70, 0xA9, 0x8D, 0x47, 0xDD, 0x23, 0xF8,
    0x14, 0x5C, 0xF0, 0x83, 0x9F, 0x18, 0x78, 0x88, 0x7E, 0x64, 0xE8, 0x03, 0x83, 0x96, 0xBB, 0xD0,
    0x77, 0x6E, 0x70, 0x68, 0x3B, 0x07, 0x8B, 0xC7, 0x80, 0x2B, 0xDD, 0x55, 0xC0, 0x06, 0x07, 0x34,
    0x83, 0xD0, 0x66, 0x3A, 0xC1, 0x75, 0x4F, 0xA2, 0x21, 0x39, 0xDF, 0xE3, 0x0A, 0xCF, 0xB7, 0x67,
    0xF0, 0x02, 0x12, 0xF0, 0x42, 0xB1, 0x00, 0x49, 0xE8, 0x49, 0x86, 0x07, 0x28, 0x67, 0x13, 0x61,
    0x62, 0x35, 0x09, 0x75, 0x66, 0x14, 0x6C, 0x00, 0x8A, 0x11, 0x40, 0x39, 0x5D, 0x50, 0x2D, 0x40,
    0x41, 0x8E, 0xA8, 0xF8, 0xDE, 0x0C, 0xFB, 0xD6, 0xCF, 0x12, 0xDC, 0x4B, 0x3F, 0x5B, 0x85, 0xFF,
    0x12, 0x7E, 0x38, 0x3D, 0x0F, 0xF7, 0xD6, 0x04, 0x38, 0x0A, 0x2D, 0x17, 0xC0, 0x92, 0x01, 0x86,
    0x9C, 0x81, 0x9E, 0x09, 0x30, 0xDC, 0x84, 0x37, 0x28, 0xBC, 0x4C, 0xB4, 0x5F, 0xFB, 0x0F, 0xC2,
    0xDD, 0xCE, 0xFC, 0x70, 0x83, 0x7B, 0xF9, 0xE5, 0x04, 0xFB, 0x1E, 0xA3, 0x9E, 0x31, 0x00, 0xD7,
    0x26, 0x00, 0x66, 0xBC, 0xA0, 0x14, 0x8A, 0x7F, 0x45, 0x0E, 0x96, 0x01, 0xF8, 0x03, 0xC0, 0x7D,
    0x3D, 0x02, 0xB7, 0x80, 0xDE, 0xCC, 0x28, 0x22, 0x40, 0x93, 0x60, 0xA6, 0x3D, 0xAD, 0xC3, 0x9E,
    0x36, 0xD8, 0xD3, 0x2F, 0x1F, 0xD2, 0xB4, 0xA7, 0x65, 0xAC, 0x9F, 0x81, 0x37, 0x8B, 0x19, 0xFD,
    0x0A, 0x27, 0xC3, 0x7D, 0x2A, 0x39, 0xB4, 0x7F, 0x3B, 0xB5, 0x66, 0x6E, 0x43, 0xCD, 0xE1, 0x3B,
    0x55, 0x6C, 0x03, 0x1E, 0xC7, 0x52, 0xC7, 0x66, 0x04, 0xCA, 0xB8, 0xA7, 0x55, 0xB0, 0xB1, 0x99,
    0x00, 0x3B, 0xEC, 0x9F, 0x1D, 0xF6, 0xF4, 0x3A, 0x2A, 0x39, 0x0F, 0x98, 0x61, 0x16, 0x37, 0x68,
    0x27, 0x8A, 0xE4, 0x90, 0x3B, 0xD1, 0xEB, 0xC0, 0x3B, 0xE0, 0x91, 0x0E, 0xF7, 0xC2, 0x89, 0x52,
    0x73, 0x16, 0xDD, 0x8F, 0x57, 0xD1, 0x77, 0x14, 0x89, 0x4B, 0x0E, 0xD9, 0x97, 0x56, 0xF5, 0xED,
    0x59, 0xEC, 0x39, 0x90, 0x70, 0x1B, 0xFC, 0x06, 0xCB, 0x4E, 0x2A, 0xF7, 0xD4, 0x85, 0xF5, 0xBF,
    0x8C, 0x76, 0xB0, 0xD1, 0xA7, 0x06, 0x6E, 0x72, 0xFC, 0x7D, 0xD1, 0x32, 0xC1, 0x45, 0xC3, 0x28,
    0x16, 0x9A, 0x4F, 0xE8, 0x89, 0x86, 0xE7, 0xE4, 0x9D, 0x9A, 0xFC, 0x39, 0xB7, 0x92, 0xFC, 0x0A,
    0x37, 0x5C, 0xBD, 0x81, 0x2B, 0x67, 0x8F, 0xE8, 0x22, 0x9C, 0x28, 0x7F, 0x7E, 0xEC, 0x83, 0xD3,
    0xBF, 0xA1, 0xED, 0x2C, 0xB0, 0xCF, 0x7B, 0x1D, 0xD1, 0x06, 0xF4, 0x03, 0x08, 0xB3, 0xA2, 0x4A,
    0xB0, 0x33, 0x1A, 0x29, 0x8B, 0x70, 0x13, 0xDC, 0x88, 0x3E, 0xDC, 0xB7, 0xB9, 0xA0, 0x85, 0x6E,
    0xD2, 0x03, 0x6C, 0x44, 0xBD, 0xC0, 0x24, 0x94, 0x1B, 0x40, 0xE8, 0x3E, 0x3B, 0xE5, 0x6B, 0xD4,
    0x7D, 0x1A, 0xF8, 0x0E, 0xD0, 0x77, 0x68, 0x47, 0x3D, 0xAC, 0x4A, 0x5A, 0x79, 0x41, 0x80, 0x1D,
    0x7C, 0xAE, 0x28, 0xD7, 0xF2, 0xE0, 0xA6, 0x85, 0x79, 0x2F, 0x07, 0x50, 0xAB, 0xD5, 0x6B, 0x3D,
    0xC3, 0x4E, 0x5A, 0xEC, 0x81, 0x2F, 0x21, 0x87, 0xA3, 0x0E, 0xB0, 0x01, 0x68, 0xC6, 0x9C, 0x3E,
    0x66, 0x5F, 0x9A, 0xFC, 0xF7, 0x9F, 0x9E, 0xFD, 0x7B, 0x7E, 0x69, 0x37, 0x4E, 0xB9, 0xFC, 0x05,
    0xED, 0xD9, 0x86, 0x6A, 0xF1, 0x5D, 0x1D, 0xDD, 0x60, 0xC6, 0x16, 0x39, 0x54, 0xF1, 0x03, 0x38,
    0xF9, 0x93, 0x77, 0x4E, 0x40, 0x92, 0xDD, 0x3D, 0x3E, 0xE8, 0x0C, 0x65, 0x02, 0xCA, 0x1B, 0x4D,
    0x72, 0xF9, 0xCF, 0xA6, 0x22, 0x61, 0x31, 0xB2, 0x6C, 0x7A, 0xFC, 0x21, 0x4E, 0x4E, 0x3A, 0xCF,
    0xB0, 0x6F, 0xD7, 0x86, 0x7E, 0x62, 0xE4, 0xCC, 0xD8, 0x4F, 0x57, 0x00, 0xB8, 0x21, 0xCF, 0x0F,
    0x3C, 0x00, 0x02, 0xD8, 0x80, 0x32, 0x01, 0x46, 0xE3, 0x02, 0x54, 0x33, 0x60, 0xA3, 0xC4, 0x69,
    0x1F, 0x66, 0x1B, 0x00, 0x17, 0x3E, 0xD6, 0x29, 0xDA, 0x92, 0xBF, 0x58, 0x96, 0x47, 0x67, 0x82,
    0xE7, 0x00, 0x43, 0x1F, 0x61, 0x53, 0x9D, 0xD0, 0xCC, 0x66, 0xCB, 0xEB, 0x29, 0xD3, 0x79, 0x61,
    0xF0, 0xB1, 0x64, 0x60, 0x66, 0xBA, 0x9F, 0x28, 0xF8, 0x8C, 0x1E, 0x97, 0xCF, 0x50, 0xA4, 0x96,
    0x6A, 0x83, 0x4D, 0x36, 0xE5, 0x9A, 0x73, 0x1B, 0x87, 0xD6, 0xD0, 0x01, 0xA7, 0x23, 0x4E, 0x39,
    0xC2, 0x4B, 0xFC, 0x37, 0x06, 0x94, 0x1F, 0x33, 0x1E, 0x71, 0x02, 0xC9, 0x41, 0x23, 0xAE, 0x3E,
    0x0B, 0x94, 0xE4, 0x08, 0xFB, 0x0E, 0x67, 0xB4, 0xD1, 0x25, 0xBD, 0x37, 0x36, 0xF4, 0xA3, 0x25,
    0x5C, 0x10, 0xAE, 0x40, 0x3E, 0x02, 0xCD, 0x2A, 0xB4, 0x49, 0xE8, 0xA3, 0xC0, 0x11, 0x30, 0x04,
    0x50, 0x27, 0x2D, 0x9F, 0x04, 0x8F, 0x7D, 0x0A, 0x61, 0x5F, 0x39, 0x39, 0x81, 0x23, 0x89, 0xFE,
    0x7E, 0x70, 0xF5, 0x2C, 0xB7, 0x16, 0xF6, 0xD6, 0x9A, 0xD8, 0xE6, 0xD6, 0x56, 0xB8, 0xD1, 0x6E,
    0xB0, 0x9D, 0x00, 0xD8, 0x5C, 0xE1, 0x22, 0xF8, 0x09, 0x70, 0x1B, 0x04, 0x0E, 0x40, 0xE1, 0xE7,
    0x8B, 0x6E, 0x58, 0xE2, 0x77, 0x50, 0x13, 0xBE, 0x13, 0xA8, 0x9D, 0xF4, 0x8A, 0x0B, 0x6D, 0x42,
    0xF3, 0x0B, 0xCE, 0xA8, 0xA8, 0x67, 0x5C, 0xFD, 0x3B, 0x00, 0x28, 0x1E, 0xBF, 0x5B, 0xA9, 0xD2,
    0x2B, 0x14, 0xCA, 0x37, 0x84, 0xEA, 0x07, 0x82, 0xFD, 0x86, 0x70, 0x6C, 0x85, 0x5B, 0xCA, 0x2C,
    0x98, 0x49, 0xA8, 0x83, 0x60, 0x21, 0x38, 0x92, 0xF1, 0x01, 0x72, 0xA5, 0xEF, 0xE3, 0x11, 0x6D,
    0x0D, 0x40, 0x45, 0x6E, 0x3B, 0xF5, 0x3D, 0x02, 0x80, 0x7A, 0x10, 0xEC, 0x3D, 0xB8, 0x75, 0x02,
    0x23, 0xEA, 0x5F, 0x30, 0xE1, 0x30, 0x60, 0xCB, 0x7B, 0xA3, 0xEC, 0x7C, 0x27, 0x70, 0xB0, 0x87,
    0xA1, 0xF6, 0xC1, 0x25, 0xB4, 0xBF, 0x60, 0x3C, 0x8C, 0xF2, 0x8B, 0x37, 0xA0, 0xE1, 0xF3, 0x00,
    0x1A, 0x5D, 0xCC, 0x5C, 0x24, 0xC3, 0x0E, 0xF0, 0x33, 0xF2, 0xF5, 0x46, 0x95, 0x6B, 0xDB, 0x2E,
    0x66, 0xC0, 0xDD, 0xE1, 0x8C, 0x9E, 0xD4, 0xA7, 0xE4, 0x29, 0x3B, 0x46, 0xC3, 0xA0, 0x5C, 0x5A,
    0x96, 0xBD, 0xE2, 0x66, 0xA1, 0x5D, 0x0C, 0x3B, 0x9B, 0x2A, 0xC2, 0xF0, 0x66, 0x02, 0x3C, 0x27,
    0xE0, 0xE8, 0x59, 0xE4, 0xE0, 0x49, 0x1E, 0xE2, 0x26, 0x71, 0x05, 0x90, 0x80, 0x62, 0x01, 0x4C,
    0x04, 0xEA, 0x09, 0xB0, 0x87, 0xDB, 0xC7, 0x77, 0x00, 0x01, 0xB3, 0x01, 0x55, 0x02, 0xEC, 0x02,
    0xB4, 0xF3, 0xBE, 0x94, 0x38, 0xE6, 0x5E, 0x1A, 0x0E, 0xA8, 0x09, 0xE0, 0xE8, 0x39, 0x81, 0x9C,
    0x50, 0x6D, 0xA7, 0x09, 0x56, 0xEF, 0xAB, 0xF6, 0x70, 0x5F, 0x65, 0x36, 0xB8, 0x64, 0x12, 0x5A,
    0x3E, 0x1D, 0x61, 0xC9, 0xEE, 0x30, 0x0D, 0x64, 0xDC, 0xDF, 0xA1, 0xD5, 0x1D, 0x12, 0x6D, 0x6C,
    0xD9, 0xB9, 0xB1, 0xE2, 0xE0, 0x43, 0x79, 0xC1, 0x58, 0x5E, 0xDC, 0x66, 0x9B, 0x0C, 0xA5, 0x22,
    0xA7, 0x7D, 0x45, 0xE2, 0x8A, 0x50, 0x90, 0x01, 0xF5, 0xE6, 0x67, 0xB4, 0x8B, 0x5D, 0xD1, 0xC7,
    0x8A, 0xF0, 0x7A, 0x63, 0x72, 0x32, 0x1C, 0x94, 0xC0, 0x78, 0x41, 0xBF, 0x08, 0x8E, 0x37, 0x19,
    0x2C, 0xC9, 0xA1, 0xE0, 0x8F, 0x09, 0xA0, 0x56, 0xEC, 0x2A, 0xB8, 0x45, 0x60, 0x44, 0x1E, 0x15,
    0xDA, 0x55, 0xF7, 0x4D, 0x87, 0x7D, 0x57, 0x3A, 0xE1, 0xC1, 0x07, 0x19, 0x80, 0xF7, 0x95, 0x1E,
    0x4D, 0xCD, 0xE2, 0x92, 0x5B, 0x5D, 0x6A, 0x96, 0x72, 0x40, 0x0E, 0xBF, 0xFA, 0x31, 0x79, 0x08,
    0xD7, 0x81, 0x6A, 0x05, 0x7A, 0xC2, 0x70, 0x46, 0xCB, 0xAE, 0xDC, 0x13, 0xE4, 0xC7, 0xC9, 0x08,
    0xF4, 0xB9, 0x33, 0x92, 0xF1, 0x17, 0x19, 0xAE, 0xFB, 0xEA, 0x90, 0xDA, 0x80, 0x47, 0x4F, 0x24,
    0xBC, 0xEF, 0xE9, 0x7D, 0x7F, 0x78, 0xD8, 0x21, 0xBF, 0x05, 0x00, 0xED, 0x70, 0x31, 0xF6, 0x96,
    0xC3, 0x61, 0x29, 0x6A, 0xE3, 0x9A, 0x9D, 0x73, 0x56, 0x28, 0x0F, 0x53, 0x75, 0xA9, 0x07, 0x7E,
    0xD3, 0xCC, 0xDD, 0xBB, 0x7D, 0x12, 0xBE, 0x80, 0x8B, 0xF0, 0xDB, 0x40, 0x3F, 0x83, 0x04, 0x19,
    0x7A, 0xC6, 0xA3, 0x9B, 0x0B, 0x70, 0x0B, 0x48, 0xB8, 0x96, 0x2A, 0xA6, 0x86, 0x4B, 0xCB, 0x49,
    0xDA, 0x68, 0x46, 0xD8, 0x0E, 0x47, 0xC0, 0x7E, 0x8F, 0xB9, 0x08, 0xBF, 0xC0, 0x27, 0xF4, 0x8B,
    0xE6, 0x8F, 0x3A, 0x00, 0x85, 0xDF, 0x34, 0x69, 0xC9, 0x7C, 0x67, 0x0C, 0x47, 0x04, 0xEC, 0x84,
    0xFC, 0xEA, 0xEE, 0x80, 0x2A, 0x22, 0x01, 0x28, 0x67, 0x33, 0xA3, 0x7F, 0x69, 0x48, 0xF5, 0x64,
    0xC8, 0x70, 0xDD, 0x06, 0xFB, 0x2E, 0xC3, 0x71, 0xDB, 0xB9, 0xE0, 0xC3, 0xB1, 0x83, 0xEF, 0x38,
    0x48, 0x42, 0xB0, 0x3B, 0x7E, 0xB2, 0xDC, 0x40, 0x1C, 0xBF, 0x60, 0xD6, 0x22, 0x27, 0xA9, 0x24,
    0xAE, 0xDF, 0xCA, 0x49, 0x92, 0x42, 0xB3, 0x61, 0x7E, 0xC1, 0xF0, 0x8F, 0x36, 0x13, 0x9F, 0x34,
    0xDC, 0x78, 0x33, 0xB8, 0x82, 0x33, 0x09, 0xD7, 0xF5, 0xA1, 0x9D, 0xD1, 0x04, 0x68, 0xB0, 0x51,
    0x85, 0x49, 0x2A, 0xC0, 0x1B, 0x78, 0x14, 0x80, 0x23, 0xB5, 0xA0, 0xCA, 0xBD, 0x05, 0x8E, 0xFE,
    0x49, 0x45, 0x1B, 0x55, 0x37, 0x67, 0x93, 0xEA, 0xB3, 0x5C, 0xD5, 0x37, 0x28, 0x94, 0xAF, 0xAB,
    0xE6, 0x36, 0x07, 0xA0, 0xBA, 0xCD, 0x00, 0xD4, 0xDF, 0x55, 0x6D, 0xC1, 0x09, 0x68, 0xC0, 0x08,
    0x3C, 0x06, 0x2F, 0x1E, 0x9F, 0xF8, 0x05, 0xE8, 0x73, 0x43, 0xFB, 0xFD, 0x1B, 0xD1, 0x6C, 0x28,
    0x22, 0x2C, 0x61, 0x26, 0xD4, 0xEC, 0x2A, 0x35, 0x90, 0x20, 0xD3, 0x85, 0xBC, 0x03, 0x88, 0x1C,
    0x71, 0x8D, 0x7F, 0x9D, 0x9F, 0xB6, 0x83, 0x4B, 0x6A, 0xBB, 0x5E, 0x32, 0xA9, 0x6E, 0x51, 0xFB,
    0x28, 0xFE, 0x84, 0x9D, 0x28, 0xE7, 0x8A, 0xAF, 0x73, 0xCA, 0x7B, 0x57, 0xD5, 0x52, 0xD5, 0xB6,
    0xD4, 0xE1, 0xAE, 0x36, 0x97, 0x34, 0x44, 0xCD, 0xA7, 0x7C, 0x02, 0x49, 0x4E, 0xD8, 0x5B, 0x07,
    0xAE, 0x3E, 0x77, 0x98, 0x1A, 0x47, 0xAE, 0x05, 0xE7, 0x62, 0xAD, 0x18, 0xB0, 0x5A, 0x02, 0x6B,
    0xBB, 0x02, 0x2F, 0xB8, 0x04, 0x3C, 0xDA, 0x0B, 0xD0, 0x31, 0x82, 0xF3, 0xFB, 0xF1, 0xCB, 0x05,
    0xF9, 0x60, 0xB7, 0x02, 0xC7, 0x0D, 0x81, 0x17, 0xA5, 0x7D, 0x6C, 0x25, 0x27, 0x6C, 0xF0, 0xBC,
    0x99, 0x9F, 0xDE, 0x4B, 0x6E, 0x92, 0x39, 0x73, 0x31, 0xF6, 0xBF, 0xE2, 0x82, 0xDC, 0x43, 0x75,
    0xDF, 0x0C, 0x83, 0x58, 0x70, 0x12, 0xC1, 0x78, 0xC9, 0xF9, 0x7D, 0xC6, 0x07, 0xCC, 0x67, 0x1D,
    0x6A, 0xA8, 0xF6, 0xB1, 0x6F, 0x3A, 0x76, 0x2E, 0x20, 0xC9, 0x70, 0xA9, 0xF5, 0x49, 0x89, 0xD7,
    0x38, 0xD4, 0x51, 0x0F, 0x56, 0xCC, 0x5D, 0x00, 0xE1, 0x79, 0x25, 0x09, 0xAF, 0x28, 0xBC, 0xCB,
    0x70, 0x8F, 0x47, 0x15, 0x28, 0xC5, 0x22, 0x94, 0x8A, 0x59, 0x6A, 0x85, 0x24, 0xE7, 0xBB, 0xC4,
    0xDF, 0xB0, 0xB5, 0x5B, 0xCA, 0xB7, 0x15, 0x3C, 0x48, 0xCD, 0x00, 0x90, 0x3C, 0x00, 0x7C, 0xF6,
    0x39, 0xA1, 0x22, 0xF3, 0xBA, 0x7C, 0x63, 0x43, 0xC1, 0x19, 0x1B, 0x2A, 0x06, 0xD1, 0xEA, 0xB5,
    0xC9, 0x4F, 0xD3, 0x27, 0xF7, 0x2B, 0x86, 0x5E, 0x3C, 0x5C, 0x42, 0x70, 0xBE, 0x6C, 0x49, 0xC6,
    0x5D, 0xBF, 0xE0, 0x94, 0x37, 0x7C, 0x42, 0x4D, 0xB8, 0xDD, 0x55, 0x6D, 0xA8, 0xD6, 0x1C, 0xC4,
    0x92, 0x51, 0xD4, 0x8B, 0x4D, 0xE4, 0xAB, 0x7D, 0x58, 0x61, 0x64, 0x6A, 0xC9, 0xEE, 0x90, 0x5C,
    0xE3, 0x78, 0xC4, 0x77, 0xB0, 0x5F, 0xB0, 0x0F, 0x97, 0xFC, 0xFD, 0x49, 0x4E, 0xC8, 0xCB, 0xC9,
    0x80, 0x8F, 0x94, 0xD4, 0xBA, 0x34, 0xE2, 0x03, 0x7D, 0x91, 0x44, 0x36, 0xE9, 0x91, 0x1C, 0xF4,
    0x91, 0x36, 0xA9, 0x6D, 0x3F, 0xD7, 0x90, 0x8B, 0x46, 0x7C, 0x8B, 0xDF, 0x84, 0x25, 0x7E, 0xE3,
    0x58, 0x6F, 0x12, 0x57, 0x3C, 0x52, 0x27, 0xF4, 0xDF, 0x9F, 0x41, 0x4E, 0xF0, 0x1C, 0xD0, 0x2E,
    0x00, 0x99, 0x1A, 0xC6, 0xDD, 0x6B, 0xBC, 0x71, 0xB4, 0x76, 0x15, 0x3B, 0x13, 0x21, 0xDA, 0xA0,
    0xB6, 0x50, 0xAF, 0x67, 0x67, 0xF5, 0x6B, 0x8B, 0xFA, 0x8D, 0xA4, 0xF6, 0x9B, 0x4A, 0xAA, 0xBF,
    0x64, 0x10, 0x6F, 0x73, 0x14, 0xBF, 0xC2, 0x5C, 0x03, 0x17, 0xB5, 0x4F, 0xAA, 0xDB, 0x54, 0x9B,
    0xAF, 0xAB, 0x65, 0x20, 0x97, 0x9E, 0xE9, 0xC2, 0x0D, 0xC8, 0x5C, 0xE3, 0x8F, 0xF2, 0xF2, 0xFB,
    0x4D, 0x28, 0xA2, 0x60, 0x2E, 0x51, 0xEB, 0x9D, 0x41, 0x92, 0x3B, 0x8E, 0x33, 0x40, 0x8E, 0x8E,
    0x4B, 0x4E, 0x8F, 0x98, 0x50, 0x72, 0xED, 0x0A, 0xAE, 0x30, 0x4C, 0x28, 0xC8, 0xBB, 0x69, 0xAD,
    0xE9, 0x2F, 0xD9, 0x59, 0x2F, 0xE9, 0xDB, 0x0C, 0xD6, 0x49, 0xFA, 0x16, 0x43, 0xAB, 0xE9, 0x9B,
    0x9C, 0x8E, 0x35, 0x8D, 0x8C, 0xD7, 0x73, 0xEA, 0xE3, 0xAD, 0x9C, 0xBA, 0x65, 0xD9, 0xD3, 0x35,
    0xE6, 0xB4, 0xE5, 0x9E, 0x5A, 0x8E, 0x87, 0x34, 0xE4, 0xB4, 0x3A, 0xA4, 0x86, 0x9D, 0xA4, 0x47,
    0xB3, 0x21, 0xFA, 0x84, 0x9E, 0xFF, 0xBE, 0xD5, 0xE4, 0xD4, 0x33, 0xAC, 0x9A, 0x3A, 0x4E, 0x86,
    0x74, 0x8C, 0xA2, 0xF6, 0xF5, 0x5B, 0x3F, 0x2A, 0xF2, 0x37, 0xD6, 0x82, 0x54, 0xDF, 0x63, 0x10,
    0xDF, 0xE6, 0x24, 0xBE, 0xC9, 0x28, 0x46, 0x9F, 0x54, 0xB7, 0x55, 0x62, 0x43, 0xB5, 0xE6, 0xF7,
    0x44, 0xC3, 0x9F, 0x8B, 0x05, 0x7F, 0x29, 0xC2, 0x53, 0x75, 0xD9, 0x26, 0x5B, 0x67, 0x0D, 0x43,
    0xF9, 0x0E, 0x0A, 0x06, 0xC7, 0x08, 0x9F, 0x75, 0x01, 0x87, 0x70, 0xF5, 0x86, 0x50, 0x93, 0x1D,
    0xD0, 0x93, 0x11, 0x25, 0x43, 0x9B, 0x50, 0x53, 0x37, 0xBB, 0xC2, 0xE4, 0x97, 0x4B, 0xB9, 0x0F,
    0x8B, 0x53, 0xBF, 0x00, 0x8C, 0x3E, 0xCB, 0xF9, 0xE1, 0xFA, 0xE5, 0x9E, 0xFB, 0x59, 0x2E, 0xD7,
    0xD0, 0xE4, 0xDA, 0xF6, 0x9A, 0x8D, 0x7C, 0x4C, 0x80, 0x7F, 0x97, 0x11, 0xB0, 0xB9, 0x75, 0x3C,
    0x71, 0x03, 0x20, 0xF9, 0xAA, 0xC2, 0x41, 0xDF, 0x76, 0x31, 0xBF, 0xEC, 0x84, 0x76, 0x15, 0xEC,
    0x76, 0x1F, 0x8D, 0x96, 0xB5, 0x49, 0xE8, 0x17, 0x7D, 0xE1, 0x4D, 0x15, 0xC9, 0x4E, 0xB8, 0xF1,
    0xAB, 0xD7, 0x52, 0xAD, 0x90, 0xCC, 0xFC, 0xFF, 0x1A, 0xBD, 0x66, 0x01, 0x9F, 0xED, 0x67, 0xD5,
    0xAD, 0x6A, 0xDE, 0x7D, 0xF8, 0xDA, 0x0D, 0xBF, 0xE1, 0xDE, 0x37, 0x82, 0x29, 0xBF, 0x15, 0x2F,
    0x7D, 0x17, 0xB0, 0x7C, 0x9F, 0xAB, 0xDA, 0x2E, 0xAA, 0x9F, 0x44, 0x39, 0x57, 0x65, 0x27, 0x3E,
    0xC5, 0x98, 0xCB, 0x67, 0xD5, 0xA5, 0x07, 0x6D, 0xD7, 0xEC, 0xB6, 0xDF, 0xDD, 0x1D, 0x99, 0x2C,
    0x17, 0xD1, 0x70, 0xC9, 0x33, 0xD7, 0x5D, 0xFC, 0xF3, 0xB0, 0xA0, 0xD6, 0x97, 0x47, 0xB3, 0x60,
    0x83, 0x8B, 0x42, 0x7F, 0xE0, 0x05, 0xE8, 0x84, 0xA1, 0x67, 0x07, 0xE4, 0x5B, 0xB4, 0x25, 0x07,
    0xD4, 0xFB, 0x3C, 0x33, 0xE5, 0xCF, 0xD0, 0x6C, 0xA7, 0xD9, 0x01, 0x3A, 0x2F, 0x2F, 0xEA, 0x5C,
    0x79, 0x61, 0x20, 0x0C, 0x41, 0xD4, 0x1B, 0xF8, 0xAE, 0x5F, 0xF4, 0xD8, 0x11, 0x78, 0xE2, 0x0C,
    0x70, 0x24, 0x19, 0x0E, 0x76, 0x8C, 0x4D, 0x70, 0x60, 0xB4, 0xA1, 0xBF, 0xE4, 0xEF, 0x8A, 0x47,
    0x03, 0x44, 0xE0, 0x13, 0xB0, 0xE0, 0x8C, 0xDC, 0x70, 0xD8, 0x55, 0x40, 0x5E, 0x24, 0x15, 0x5F,
    0xC3, 0xE7, 0x5E, 0x45, 0xC9, 0x11, 0x66, 0xFC, 0xA4, 0x93, 0x09, 0x55, 0x40, 0xC1, 0x88, 0x3A,
    0x00, 0x92, 0x58, 0x49, 0x7C, 0x82, 0xCB, 0x93, 0xFA, 0x0F, 0x1B, 0x00, 0x4B, 0x26, 0xE4, 0x89,
    0x9C, 0x70, 0x78, 0x97, 0xC2, 0x73, 0x35, 0xF9, 0x31, 0x2C, 0x5E, 0xE3, 0x88, 0xD3, 0x1B, 0x86,
    0x01, 0x2D, 0x8C, 0xE4, 0x5D, 0xAE, 0xF5, 0xCB, 0xB9, 0xB6, 0x5B, 0xE2, 0x8C, 0x05, 0xE8, 0x17,
    0xCC, 0x80, 0x4B, 0x65, 0x04, 0xDA, 0xD5, 0x4C, 0x40, 0xB3, 0x99, 0x00, 0x58, 0xD6, 0x62, 0x4D,
    0x9B, 0xAF, 0xCF, 0xD3, 0x50, 0x7F, 0x9A, 0x5B, 0xDB, 0x44, 0x30, 0xDD, 0xB3, 0x5F, 0x54, 0x17,
    0xD5, 0x36, 0xAB, 0xC1, 0x33, 0x35, 0x64, 0xCD, 0x48, 0xA6, 0x36, 0x67, 0x1A, 0x8E, 0x8F, 0xF0,
    0xB5, 0xE2, 0xC5, 0xAE, 0x62, 0x28, 0x38, 0xE1, 0x56, 0x7E, 0x42, 0x31, 0x62, 0xD1, 0xEE, 0x19,
    0x46, 0xCC, 0x90, 0xF2, 0x8A, 0x73, 0x11, 0x01, 0xC6, 0xDA, 0x2F, 0x65, 0xCE, 0xD8, 0xD3, 0xA4,
    0x1D, 0xF3, 0xD1, 0xDA, 0xA4, 0x7D, 0x73, 0x4B, 0x6B, 0xD7, 0x4A, 0x33, 0xE9, 0xB8, 0xDE, 0xEA,
    0x01, 0x68, 0xD3, 0x97, 0x2A, 0x5A, 0x00, 0x4D, 0xBA, 0x6E, 0x72, 0xC6, 0xAE, 0xCF, 0x1B, 0xFE,
    0x99, 0x66, 0xB6, 0xB9, 0xE4, 0xBF, 0x00, 0xA8, 0x19, 0x0B, 0xA6, 0x3C, 0x90, 0x09, 0x87, 0xCC,
    0x08, 0xCE, 0x79, 0x50, 0x01, 0xFD, 0x7E, 0xC1, 0xC3, 0x61, 0x20, 0x1C, 0xE0, 0x26, 0xDC, 0x0B,
    0x9E, 0xAB, 0x65, 0xD8, 0xFD, 0x1C, 0x5F, 0x2D, 0xEE, 0xA0, 0x64, 0x34, 0x11, 0xE0, 0x52, 0x8D,
    0x40, 0x9F, 0x74, 0xA2, 0x1C, 0x5B, 0x00, 0x96, 0xDF, 0xC9, 0xCD, 0x2D, 0xB9, 0x89, 0x5C, 0x6D,
    0x16, 0x4C, 0x39, 0xBF, 0xE6, 0x72, 0x8A, 0xF5, 0x0F, 0x38, 0x00, 0x4D, 0xC5, 0x00, 0x1C, 0xEB,
    0x4C, 0xE0, 0x16, 0x38, 0xA3, 0x98, 0xD1, 0x27, 0x98, 0x08, 0x47, 0x90, 0x86, 0x9C, 0x77, 0x3D,
    0x37, 0xCB, 0x89, 0xD9, 0x86, 0x3F, 0x92, 0x99, 0xD4, 0x11, 0x24, 0xED, 0x49, 0x9E, 0xB1, 0xD9,
    0x88, 0x7E, 0x9F, 0xA2, 0x64, 0xC5, 0x76, 0xCB, 0x53, 0xC1, 0xC7, 0x72, 0x7F, 0x6E, 0x89, 0xFB,
    0x5D, 0x5C, 0x7E, 0x84, 0x3B, 0x20, 0xDE, 0x7F, 0x07, 0xB4, 0x24, 0x17, 0x97, 0x09, 0xB2, 0xD3,
    0x0D, 0x86, 0x93, 0x43, 0xCD, 0xE0, 0x60, 0x89, 0xCF, 0xC3, 0x6D, 0x77, 0x7F, 0xFF, 0x99, 0x0F,
    0x0D, 0x19, 0xE6, 0xF5, 0x34, 0x00, 0x2D, 0x2F, 0x9E, 0x6F, 0x5C, 0xF6, 0xBA, 0x1F, 0xCF, 0x23,
    0x90, 0xD3, 0x91, 0x2C, 0x51, 0x26, 0xB7, 0xC1, 0xA4, 0x9E, 0xE4, 0x8E, 0x67, 0xA7, 0xDB, 0x6B,
    0xF0, 0xE1, 0x13, 0xDA, 0x72, 0x85, 0x9F, 0x39, 0xC1, 0x8B, 0x00, 0x3C, 0x00, 0x37, 0x48, 0xD4,
    0xA9, 0x92, 0x68, 0x27, 0x89, 0x11, 0xA8, 0x25, 0x56, 0x33, 0x60, 0x16, 0x89, 0x09, 0x28, 0x56,
    0x00, 0x1B, 0x00, 0x3E, 0xEC, 0xA4, 0xF1, 0x23, 0x9C, 0xF4, 0x19, 0x69, 0xBA, 0x73, 0x0C, 0xB2,
    0x7D, 0x52, 0x43, 0xFA, 0xAC, 0xD6, 0xA6, 0x5B, 0xEE, 0x81, 0x5D, 0xF6, 0x09, 0xEE, 0x09, 0x6C,
    0x6E, 0x28, 0x53, 0x1B, 0xAA, 0xD9, 0x46, 0x1B, 0xCD, 0xD2, 0x06, 0x99, 0xDE, 0x01, 0x6B, 0x05,
    0xFC, 0xF9, 0x89, 0x84, 0xCB, 0x3F, 0x2C, 0x39, 0xF8, 0xD0, 0x8F, 0x2E, 0xD6, 0x4B, 0xB1, 0xE2,
    0x18, 0x9F, 0x3A, 0xFC, 0x5A, 0xC0, 0x11, 0xED, 0xE4, 0x23, 0xDC, 0xE4, 0x16, 0xF4, 0x63, 0x9B,
    0xE0, 0x82, 0x70, 0x05, 0x02, 0x8E, 0x98, 0x50, 0x50, 0xB0, 0x8B, 0xEE, 0x98, 0x04, 0x3F, 0x0A,
    0x0C, 0xCA, 0xA4, 0x6C, 0xDC, 0x86, 0x9E, 0x3F, 0x90, 0x0F, 0xAC, 0x38, 0x94, 0x67, 0xF8, 0x36,
    0x72, 0x28, 0x7C, 0xBE, 0x59, 0x84, 0x5E, 0xA9, 0xD8, 0x01, 0xE6, 0x41, 0xBE, 0xBE, 0x09, 0xA7,
    0x1C, 0x0D, 0x3D, 0x67, 0xC3, 0xD7, 0x98, 0x0C, 0x07, 0xB7, 0x0A, 0x0D, 0x05, 0xFB, 0x81, 0xB4,
    0x9B, 0xE0, 0x92, 0xE1, 0x7B, 0x5C, 0x1C, 0x7B, 0x4E, 0x8E, 0x0D, 0x07, 0x9C, 0x14, 0x67, 0x40,
    0xBB, 0x75, 0x05, 0x19, 0x6B, 0x7E, 0x3D, 0x35, 0xC9, 0x6C, 0x6E, 0x31, 0xF4, 0xB1, 0xDC, 0x18,
    0x71, 0x26, 0x11, 0xF7, 0xC5, 0x25, 0x2F, 0xE6, 0x4F, 0x39, 0x76, 0xC7, 0x0D, 0x99, 0x2A, 0x72,
    0x86, 0x67, 0xC0, 0xD1, 0x19, 0x2E, 0xC2, 0x69, 0x00, 0x5A, 0x5E, 0x50, 0x2A, 0xC5, 0x7D, 0xF4,
    0xFF, 0xC9, 0x60, 0xB8, 0x32, 0x58, 0x92, 0xA1, 0xE5, 0x1F, 0x33, 0xB8, 0xA4, 0xAF, 0xBB, 0x59,
    0x60, 0xFC, 0x20, 0xFC, 0x22, 0xC8, 0x98, 0xF5, 0x34, 0x6A, 0x05, 0x2B, 0xE5, 0xCC, 0xC8, 0x84,
    0xAB, 0xDD, 0xE3, 0x3A, 0x92, 0xC3, 0x0F, 0xCB, 0xF5, 0x6A, 0x17, 0x34, 0x4B, 0x95, 0xF6, 0x1F,
    0xEF, 0x7C, 0x34, 0x04, 0x63, 0x25, 0x90, 0x17, 0x44, 0xE0, 0xC0, 0x8C, 0x7D, 0x54, 0x70, 0xEC,
    0x5A, 0x34, 0xE4, 0x7A, 0xF8, 0x6F, 0xD0, 0x73, 0xC4, 0x61, 0x68, 0x57, 0x07, 0x94, 0x4C, 0xB0,
    0x6F, 0x6C, 0x70, 0xDF, 0xDB, 0xE0, 0x5F, 0x4A, 0xE0, 0xF0, 0xE9, 0x92, 0x03, 0x8C, 0xC4, 0x8A,
    0xAF, 0xC0, 0x91, 0x1A, 0xF5, 0xF3, 0x47, 0x8A, 0x8E, 0x49, 0xE2, 0x7A, 0x31, 0x7B, 0x1B, 0x9E,
    0x37, 0xE4, 0xCF, 0x92, 0x4D, 0x96, 0xA9, 0x59, 0x6A, 0x9E, 0xB5, 0x73, 0x45, 0xB8, 0xD9, 0x10,
    0x39, 0x27, 0x65, 0xEB, 0xC5, 0xEF, 0xF5, 0x8C, 0x00, 0xB7, 0x0E, 0xD5, 0x04, 0xC0, 0x2A, 0xED,
    0x76, 0x7E, 0x86, 0x96, 0x64, 0x67, 0x85, 0xB1, 0x12, 0x62, 0xA1, 0x34, 0x01, 0x2E, 0xBA, 0x80,
    0x26, 0xF6, 0xC2, 0xD4, 0x8F, 0x70, 0xC1, 0x6D, 0xFF, 0xBC, 0xA1, 0x26, 0x27, 0xE0, 0x89, 0xE7,
    0x80, 0x4B, 0x8B, 0x11, 0x8E, 0x6A, 0x9F, 0xCD, 0xEB, 0x11, 0xE6, 0x21, 0x7E, 0x95, 0x9D, 0xF8,
    0x0D, 0x4E, 0x62, 0xCF, 0x59, 0x24, 0x93, 0x38, 0x3A, 0x75, 0x68, 0x3F, 0xAE, 0x8E, 0x6F, 0x92,
    0x61, 0x17, 0xCF, 0xC2, 0x10, 0xE6, 0xF0, 0x53, 0x07, 0xB0, 0xE2, 0x10, 0xEA, 0xEE, 0x88, 0x83,
    0xE3, 0xD0, 0x6B, 0xF9, 0xAF, 0xD9, 0x1C, 0x67, 0xD9, 0x20, 0x75, 0xC1, 0x10, 0xA8, 0xD9, 0x69,
    0xCC, 0xF9, 0x22, 0xE1, 0x5E, 0xB8, 0x06, 0x1C, 0xB1, 0x43, 0x2F, 0xD1, 0x4B, 0xAC, 0x3E, 0x42,
    0x34, 0x39, 0xE2, 0x72, 0xB4, 0xB7, 0x37, 0xB8, 0xB7, 0x13, 0xDC, 0x7B, 0x33, 0xDA, 0xBC, 0x2C,
    0x3F, 0x68, 0x92, 0x55, 0xF3, 0x10, 0x9F, 0x3A, 0x3F, 0x17, 0xFF, 0x92, 0xD4, 0xBC, 0xFF, 0x1F,
    0x2D, 0x77, 0x50, 0x13, 0xB4, 0x3C, 0xAA, 0x4F, 0xCF, 0xAA, 0x4F, 0x2A, 0x57, 0xF5, 0xA7, 0x54,
    0xFF, 0x86, 0x5D, 0x3E, 0x37, 0xE8, 0xB9, 0x9C, 0xC4, 0x81, 0x51, 0xF5, 0x0B, 0xF2, 0x9C, 0x0C,
    0x62, 0xCB, 0x90, 0xBB, 0x74, 0x98, 0x4C, 0x9D, 0xE7, 0x8F, 0xB5, 0xE5, 0x0A, 0x17, 0x34, 0x25,
    0xBB, 0x66, 0x41, 0xC5, 0xFC, 0x72, 0x86, 0x63, 0xCF, 0xB7, 0xA9, 0x35, 0xE7, 0x10, 0xCC, 0xE1,
    0x0E, 0xD6, 0x13, 0x52, 0xF9, 0xC9, 0xA5, 0x79, 0xB5, 0x3C, 0xCD, 0xE4, 0xF8, 0x56, 0x4E, 0xB5,
    0x1F, 0xC3, 0xDE, 0x8B, 0xDC, 0x87, 0x19, 0xFD, 0x61, 0x75, 0x86, 0x4F, 0x72, 0x75, 0xB6, 0x5B,
    0x87, 0x82, 0x8C, 0xA8, 0x37, 0xBB, 0xA2, 0x49, 0x66, 0xBF, 0x57, 0x83, 0xDF, 0x1F, 0x5A, 0x05,
    0x47, 0x65, 0x62, 0xC4, 0x81, 0xFC, 0xD1, 0x0B, 0x63, 0xAF, 0x87, 0xB8, 0x45, 0x9F, 0xD1, 0xA9,
    0x22, 0x2A, 0xDE, 0x4C, 0x97, 0x9F, 0x39, 0xD7, 0xCC, 0x26, 0x39, 0x36, 0xB9, 0xFF, 0x3E, 0xF7,
    0xFF, 0x1D, 0xE6, 0x3E, 0xB8, 0x55, 0xB5, 0xFC, 0xB0, 0x36, 0xDB, 0x61, 0xD4, 0xF9, 0xF9, 0x2F,
    0x7A, 0x46, 0xF1, 0x1F, 0x39, 0x88, 0x4F, 0x9D, 0x3D, 0x7C, 0xD9, 0xA9, 0xBF, 0xC7, 0x57, 0x45,
    0xC7, 0x24, 0x7E, 0xF1, 0xFC, 0x59, 0x11, 0xFD, 0x64, 0x82, 0x61, 0x6A, 0x3F, 0xFE, 0xD3, 0x5B,
    0x38, 0x3C, 0xBD, 0x37, 0x86, 0x52, 0x66, 0x31, 0xE0, 0x8B, 0x5F, 0x11, 0x50, 0x3C, 0x84, 0x6B,
    0xFC, 0xEF, 0x43, 0x07, 0xAE, 0x4A, 0xFB, 0x5F, 0x28, 0xF3, 0xBA, 0xDA, 0xE0, 0xD8, 0x12, 0x3D,
    0x7B, 0xC2, 0xF0, 0xED, 0x55, 0x18, 0xFF, 0x54, 0x18, 0xF0, 0xA1, 0x71, 0x4C, 0xCA, 0x0A, 0x14,
    0xFE, 0x0E, 0x2C, 0x19, 0xDC, 0xE4, 0x42, 0x1F, 0x9A, 0xC0, 0x60, 0x03, 0x67, 0x80, 0xBC, 0x01,
    0x4F, 0x6D, 0x4A, 0xA7, 0x91, 0x63, 0xA1, 0x93, 0x76, 0xC4, 0x98, 0xD0, 0xC7, 0x15, 0x6E, 0xDA,
    0xD0, 0x07, 0x9E, 0xEB, 0xBA, 0x5E, 0x51, 0x9C, 0x77, 0xC8, 0xC1, 0x03, 0x20, 0x50, 0x10, 0x28,
    0x09, 0x54, 0x3C, 0x81, 0x27, 0x73, 0xAC, 0x89, 0x0F, 0x15, 0xF7, 0x67, 0xC9, 0xEB, 0x12, 0x09,
    0x70, 0xDD, 0xFF, 0x39, 0x7F, 0x02, 0xC5, 0x19, 0x7A, 0x96, 0x4C, 0xF0, 0x34, 0x62, 0x4D, 0xB8,
    0x05, 0xD5, 0x07, 0x5A, 0x3F, 0xC4, 0x2E, 0xEF, 0x7D, 0x89, 0xCB, 0xE1, 0x59, 0x5D, 0x92, 0x2D,
    0x07, 0x30, 0xA9, 0x57, 0x86, 0x47, 0x3A, 0x9C, 0x9F, 0x3F, 0x73, 0x7E, 0x46, 0x46, 0x2E, 0xA7,
    0xBC, 0x71, 0x73, 0xB2, 0x44, 0xD3, 0x55, 0x1C, 0x5A, 0x18, 0x86, 0x63, 0x94, 0x0C, 0xD7, 0x01,
    0x4E, 0x49, 0x88, 0x33, 0xD0, 0xBF, 0x19, 0x01, 0xF7, 0xEE, 0x74, 0x78, 0xDD, 0xDB, 0x9D, 0x0E,
    0xA8, 0x08, 0xC0, 0x6C, 0x42, 0x99, 0x90, 0x83, 0xD4, 0xFC, 0xDD, 0xF3, 0xE7, 0xAE, 0x3E, 0x47,
    0xBE, 0xAC, 0x8D, 0x9E, 0xF2, 0x29, 0x7F, 0xE7, 0xDA, 0x1D, 0x9B, 0x5F, 0xCF, 0x53, 0x4D, 0x70,
    0xAE, 0x42, 0x45, 0x30, 0xD5, 0xC1, 0xF0, 0xBB, 0x4C, 0x76, 0x28, 0x79, 0xFB, 0xF5, 0xD5, 0xA2,
    0xE0, 0xED, 0xEF, 0x6D, 0x2D, 0xC0, 0x9F, 0xDC, 0xE6, 0x31, 0xE0, 0xDF, 0xF8, 0x2A, 0xAF, 0x03,
    0x8E, 0x05, 0x93, 0x26, 0xE0, 0x0C, 0xB4, 0x2B, 0x7C, 0x04, 0x6C, 0x42, 0xAF, 0xC9, 0x02, 0x37,
    0x02, 0xF5, 0x8C, 0x36, 0xE0, 0x10, 0x9E, 0x38, 0x7F, 0xE6, 0x89, 0x33, 0xCF, 0x85, 0x4B, 0xCB,
    0xE9, 0x74, 0x32, 0x1C, 0xB5, 0xCA, 0x28, 0x35, 0xF9, 0x34, 0x03, 0x8E, 0xD3, 0xA1, 0xFB, 0xB5,
    0x52, 0x71, 0xD4, 0x8F, 0x11, 0x38, 0xF6, 0x09, 0xB8, 0xE5, 0x36, 0x14, 0xB3, 0x25, 0x4C, 0x94,
    0xDD, 0x3E, 0x39, 0xA6, 0xCC, 0xB9, 0x54, 0xFA, 0x2C, 0x39, 0x33, 0x9D, 0xF2, 0x99, 0xD3, 0x57,
    0x2D, 0x3B, 0x1B, 0x2A, 0x0E, 0xB6, 0x33, 0x0C, 0x0D, 0x4A, 0x9D, 0x31, 0x70, 0xFA, 0x12, 0xE0,
    0xB5, 0x21, 0x17, 0x9F, 0x17, 0x96, 0x08, 0x34, 0x49, 0xB0, 0xDB, 0x78, 0x68, 0xED, 0xB0, 0x2E,
    0x01, 0x14, 0x0A, 0x56, 0xE5, 0x96, 0xF2, 0x17, 0x40, 0x3B, 0x44, 0xA0, 0x7F, 0x7B, 0x02, 0x3C,
    0x03, 0xE0, 0x08, 0xA0, 0x5E, 0xA0, 0x77, 0xC4, 0xF9, 0xB3, 0x8E, 0xDC, 0xDC, 0x2B, 0x7D, 0x72,
    0x5D, 0xBF, 0x38, 0x30, 0x3A, 0xC3, 0x31, 0xBF, 0x4B, 0x2C, 0x0F, 0xDF, 0x7C, 0x17, 0x80, 0x11,
    0x52, 0x7C, 0x2C, 0xC5, 0xBD, 0x25, 0x5E, 0x94, 0xE2, 0xAD, 0x27, 0x73, 0x44, 0x3B, 0x95, 0x8C,
    0x15, 0x3B, 0x9B, 0x60, 0x17, 0xDD, 0xAA, 0x04, 0x93, 0x50, 0xAE, 0x28, 0x36, 0x40, 0xB6, 0x15,
    0x65, 0x42, 0x1B, 0xD1, 0x0F, 0xE8, 0x27, 0x54, 0x0B, 0x90, 0x72, 0xF9, 0xA6, 0xC7, 0x98, 0xA4,
    0xC7, 0xD7, 0xFB, 0xB9, 0x92, 0x91, 0x12, 0x4E, 0xF0, 0x11, 0xC5, 0x37, 0xFD, 0xAF, 0x0B, 0x9F,
    0x79, 0x1C, 0xD0, 0x83, 0x13, 0xAA, 0x0D, 0x86, 0x28, 0x09, 0x23, 0x99, 0xBD, 0xD2, 0x05, 0x75,
    0xD4, 0xCD, 0x44, 0x6D, 0x06, 0x7E, 0x44, 0x3B, 0x82, 0x83, 0x59, 0x50, 0xE5, 0xF2, 0x7A, 0xD6,
    0x63, 0x4C, 0xD2, 0xE3, 0xCB, 0xFD, 0x5C, 0xA2, 0x59, 0xC1, 0x05, 0x7E, 0x40, 0xB9, 0xE0, 0xF3,
    0x68, 0xD8, 0xB5, 0x70, 0x9C, 0x1C, 0xFA, 0x9B, 0xAB, 0xC7, 0x8B, 0x86, 0x1B, 0x6E, 0x81, 0x09,
    0xDF, 0x46, 0x3B, 0xE1, 0xFF, 0x00, 0xD5, 0xDA, 0x31, 0xB0, 0xE5, 0x56, 0x7D, 0xC7, 0xF1, 0xAF,
    0x74, 0xF6, 0x3D, 0x91, 0xD5, 0xC0, 0x71, 0xB1, 0x8C, 0xC1, 0x4E, 0x10, 0x05, 0x99, 0x31, 0x99,
    0xC1, 0x6A, 0x28, 0x28, 0xEC, 0x3D, 0x22, 0x2E, 0xDC, 0x6E, 0xE3, 0xA1, 0xA0, 0x20, 0x45, 0x0A,
    0x30, 0xC5, 0xA6, 0x48, 0x41, 0xB1, 0x46, 0x02, 0x4F, 0x2A, 0x0A, 0x6F, 0x93, 0xA4, 0x8C, 0x8B,
    0x97, 0x19, 0xD8, 0xC6, 0xC9, 0x4C, 0x48, 0x36, 0xC9, 0xDA, 0x3A, 0x03, 0x05, 0x05, 0x05, 0x62,
    0xC6, 0xD4, 0x11, 0xC1, 0x24, 0x05, 0x05, 0x07, 0x10, 0x20, 0x7B, 0x8F, 0xF4, 0x8B, 0x8E, 0xEE,
    0xDC, 0xB7, 0x5E, 0xEF, 0x98, 0x04, 0x07, 0xAF, 0x97, 0x23, 0xE9, 0xF3, 0x9F, 0xD1, 0x5F, 0x3A,
    0xF7, 0xA7, 0x7B, 0x25, 0x8D, 0xD7, 0xF3, 0x4E, 0x9B, 0x3A, 0xB8, 0xD8, 0x6E, 0x8B, 0x9B, 0xCA,
    0x01, 0xA0, 0xE8, 0x4A, 0x6F, 0x07, 0x3B, 0x56, 0x61, 0xEB, 0x4C, 0x6E, 0x4E, 0xBD, 0x3E, 0xF6,
    0x9B, 0x75, 0xC8, 0x1A, 0xB8, 0x09, 0x6F, 0xA2, 0x54, 0x07, 0xD2, 0x4C, 0xA1, 0x7F, 0x5D, 0xB1,
    0xF1, 0xA6, 0x70, 0xE1, 0xA6, 0x9A, 0x8D, 0x9E, 0x7E, 0xBC, 0xF9, 0xA1, 0x04, 0xE8, 0x9C, 0x3E,
    0x6C, 0xB4, 0x09, 0x37, 0xDF, 0x3C, 0xA1, 0x5E, 0x6F, 0xD6, 0x58, 0xAD, 0x2B, 0x46, 0x9A, 0xA1,
    0xD5, 0x00, 0xC4, 0xBB, 0x3E, 0x83, 0x3F, 0x07, 0xF2, 0x6F, 0xA4, 0xE6, 0x98, 0xEB, 0x6F, 0xE7,
    0x62, 0x35, 0x8B, 0x8D, 0x66, 0xB5, 0x73, 0x2E, 0x3B, 0x73, 0xCB, 0x46, 0x48, 0x5B, 0x19, 0xC1,
    0x2C, 0xE0, 0x24, 0x9F, 0x36, 0x56, 0x60, 0x81, 0x3C, 0xED, 0x0F, 0x60, 0x87, 0xBD, 0xA7, 0xF6,
    0x4D, 0x1B, 0x00, 0x97, 0xA1, 0xF4, 0xAE, 0xA1, 0x1A, 0xDC, 0xB7, 0x5E, 0x77, 0xBE, 0x94, 0x56,
    0x90, 0x02, 0x59, 0x34, 0x13, 0x26, 0x10, 0xDF, 0x4A, 0x3E, 0xE7, 0x33, 0xE8, 0x73, 0x01, 0x23,
    0x2D, 0xD4, 0xDF, 0x5D, 0x5D, 0xE7, 0x3A, 0x6A, 0xEF, 0xC0, 0xFA, 0xF7, 0x41, 0xDE, 0x00, 0x20,
    0x05, 0x4D, 0x3B, 0x56, 0x54, 0x4D, 0x21, 0x1C, 0x46, 0xDD, 0x93, 0x64, 0xF2, 0xB7, 0x40, 0xE3,
    0x04, 0xED, 0xCF, 0x03, 0xB8, 0x5F, 0x0F, 0x50, 0xC9, 0x53, 0x4A, 0x6A, 0x6C, 0x82, 0x42, 0xB0,
    0x73, 0xF1, 0x25, 0xDD, 0x38, 0xEC, 0x3B, 0xF9, 0xAC, 0x9E, 0xE1, 0x4E, 0x23, 0x93, 0x22, 0x79,
    0xA2, 0xBF, 0x6B, 0x7C, 0x10, 0x68, 0xDF, 0xBA, 0xEB, 0xF4, 0x0C, 0xA4, 0xCE, 0x2C, 0x57, 0x83,
    0x0D, 0xD5, 0x64, 0x47, 0x3B, 0xDB, 0x60, 0x82, 0x5D, 0xC1, 0x6A, 0xC4, 0x68, 0x25, 0x97, 0x06,
    0xFB, 0x77, 0x9A, 0x1C, 0x7D, 0x6C, 0x29, 0x63, 0xDF, 0xE4, 0x4B, 0x3B, 0x66, 0xD1, 0xAD, 0xD9,
    0x5C, 0xEB, 0xD7, 0xA1, 0x4C, 0xB1, 0xFA, 0x3D, 0xE5, 0x08, 0x7D, 0xB0, 0x5D, 0x15, 0xDC, 0x68,
    0x83, 0x0B, 0x76, 0xB3, 0xF5, 0x85, 0x04, 0x57, 0x5F, 0xE3, 0x84, 0x0B, 0x38, 0xDF, 0x77, 0x1A,
    0xE5, 0xD3, 0xD6, 0x7A, 0xF9, 0x8F, 0xF0, 0x38, 0xF0, 0xC8, 0x75, 0x60, 0x9F, 0x86, 0xF6, 0xC7,
    0x57, 0x03, 0x79, 0x84, 0x85, 0x72, 0x80, 0xBA, 0xB1, 0x4D, 0xFD, 0x7A, 0xE9, 0x2F, 0x67, 0x92,
    0x19, 0x9F, 0x28, 0x66, 0x4B, 0xB8, 0x69, 0x83, 0x65, 0x9A, 0xEA, 0xE1, 0x94, 0x9B, 0xC1, 0x79,
    0xB8, 0x76, 0xAF, 0x87, 0xEE, 0x76, 0x64, 0xD9, 0x4C, 0xD7, 0xCA, 0xD9, 0x36, 0xE1, 0x72, 0x2E,
    0x3D, 0x35, 0x56, 0xFB, 0x6C, 0x69, 0xE6, 0xAA, 0xC9, 0x67, 0x78, 0x19, 0xDA, 0x57, 0xAF, 0x4E,
    0x50, 0x4A, 0x1D, 0xF0, 0xEC, 0x19, 0x00, 0x18, 0x0D, 0xD8, 0xAF, 0x4D, 0xB8, 0xE7, 0x23, 0xB5,
    0x39, 0xDC, 0x46, 0xF9, 0xED, 0x48, 0xF5, 0xED, 0x88, 0x7B, 0xEA, 0xB0, 0x39, 0xAD, 0x4D, 0x3D,
    0xA9, 0xC9, 0x9A, 0x4B, 0x1C, 0x86, 0xE9, 0x4C, 0x47, 0xE5, 0x2B, 0x4F, 0x4F, 0x4F, 0xBE, 0xE4,
    0x0B, 0x76, 0xB2, 0x33, 0x6E, 0x74, 0x23, 0xF2, 0xF2, 0xA8, 0x53, 0x47, 0x3F, 0xF4, 0x03, 0x55,
    0xA8, 0x02, 0x45, 0x2C, 0x22, 0x08, 0xC1, 0x7E, 0xAB, 0x6C, 0xD1, 0x3C, 0x19, 0x19, 0x37, 0xB6,
    0xD1, 0x48, 0xD2, 0x81, 0x67, 0x6F, 0xDC, 0xE8, 0x1B, 0xC0, 0xBD, 0x1D, 0x1F, 0xE4, 0x99, 0x67,
    0x9A, 0x5E, 0xFE, 0xB0, 0xD2, 0x5F, 0xA7, 0x54, 0xA4, 0xA6, 0xE2, 0xC9, 0x1B, 0x4F, 0xF9, 0x7F,
    0x78, 0xE3, 0x3F, 0x87, 0xF0, 0xCD, 0x71, 0x1C, 0xFB, 0x2E, 0x8C, 0xFF, 0x3E, 0x84, 0xF0, 0xCF,
    0xE3, 0xF8, 0x8F, 0xCB, 0xAF, 0x86, 0x27, 0x1E, 0x7A, 0xD8, 0x57, 0x4D, 0x4D, 0xA1, 0x08, 0x57,
    0xAF, 0x23, 0x0D, 0x87, 0x15, 0xC8, 0x5E, 0xA4, 0x5A, 0xF9, 0x72, 0xD5, 0x4D, 0xC6, 0x87, 0x7D,
    0x9D, 0x8C, 0x7F, 0xCE, 0x76, 0xB5, 0xC8, 0xCF, 0xA0, 0x08, 0xBC, 0x3D, 0x77, 0x82, 0xEF, 0xFC,
    0x86, 0x83, 0x47, 0x00, 0xEE, 0x39, 0x23, 0xFF, 0x37, 0xEA, 0x7E, 0x68, 0x6D, 0x78, 0xA5, 0xDC,
    0x7E, 0xBE, 0x09, 0x1B, 0xB0, 0x23, 0xAE, 0x63, 0xC5, 0x04, 0x6C, 0x83, 0xD3, 0xDC, 0xEF, 0x2B,
    0xB0, 0x1D, 0x5C, 0x69, 0x70, 0x36, 0xB8, 0x62, 0xFA, 0x50, 0x91, 0x0E, 0xCE, 0xFA, 0x2E, 0x57,
    0x87, 0x0D, 0x98, 0x78, 0xCB, 0xC4, 0xA5, 0x88, 0x5F, 0xB6, 0x53, 0xAD, 0x21, 0x3B, 0x83, 0x97,
    0x33, 0x19, 0x95, 0xB1, 0x0A, 0xAE, 0x7B, 0x12, 0x38, 0x9D, 0xF9, 0xA2, 0x77, 0xD1, 0xC8, 0xBB,
    0xF9, 0x0E, 0xB9, 0x0E, 0xD4, 0x1B, 0x5D, 0x3D, 0xDD, 0x45, 0x75, 0xA4, 0x39, 0xB0, 0xBE, 0xA4,
    0xAE, 0x92, 0x14, 0x6B, 0xAD, 0xFD, 0x52, 0x2B, 0xBA, 0xB9, 0xFE, 0xD9, 0xF5, 0xD3, 0xCE, 0x05,
    0xE0, 0x4D, 0x4C, 0x47, 0x2E, 0x01, 0x90, 0xF5, 0x52, 0x83, 0xD3, 0x66, 0xAE, 0xD9, 0xFD, 0x92,
    0x72, 0x33, 0x60, 0x77, 0xDD, 0x3D, 0xB6, 0x07, 0xDF, 0xA6, 0x5B, 0xBD, 0xE9, 0x5C, 0xB3, 0x4B,
    0xBF, 0x5B, 0xEE, 0xC2, 0x6F, 0xE5, 0xA3, 0x5D, 0x3B, 0x2A, 0x68, 0x52, 0x68, 0xC7, 0x8B, 0x80,
    0xF1, 0x85, 0x2F, 0x23, 0x2B, 0xFD, 0x1F, 0xCB, 0xC5, 0xED, 0x61, 0xFD, 0x18, 0x75, 0xA4, 0x8F,
    0x3C, 0x1C, 0x31, 0x6F, 0xB3, 0x7E, 0x71, 0x6D, 0xA4, 0x81, 0xC3, 0xC8, 0x34, 0x52, 0xFE, 0x2A,
    0x52, 0xF9, 0x1E, 0xE7, 0xDB, 0xC6, 0x75, 0xFB, 0xE2, 0xD3, 0x96, 0xAC, 0x7D, 0x8F, 0x1D, 0x17,
    0x72, 0x4D, 0xF0, 0xE1, 0x86, 0x87, 0xB6, 0x85, 0xE7, 0xB6, 0x85, 0x74, 0x1C, 0x76, 0xB4, 0xE3,
    0xE1, 0x51, 0xC9, 0x95, 0x0B, 0x34, 0xF4, 0xC3, 0xE1, 0x99, 0x6A, 0x8F, 0x0F, 0x96, 0x59, 0xCD,
    0x4A, 0x39, 0x95, 0x53, 0x7A, 0xFC, 0x06, 0x1C, 0x0E, 0x9E, 0xD8, 0x16, 0x0E, 0xE3, 0x63, 0x89,
    0x14, 0x1A, 0x86, 0x14, 0x9C, 0x3C, 0xA4, 0xF0, 0x14, 0x3E, 0x65, 0xC5, 0x76, 0x7B, 0xA9, 0xD9,
    0xCB, 0xB5, 0x43, 0x99, 0xF6, 0x62, 0xC2, 0x5E, 0x4A, 0x7F, 0xD2, 0x6C, 0xC5, 0x36, 0xD5, 0xB0,
    0x95, 0xCB, 0xB8, 0x61, 0xBB, 0xC0, 0x5B, 0x68, 0x90, 0xBE, 0x3F, 0xE5, 0xFF, 0x31, 0x80, 0x19,
    0x8B, 0x17, 0x06, 0x28, 0xFD, 0x07, 0xEC, 0x00, 0x15, 0x4F, 0xA4, 0x72, 0x99, 0x6F, 0x7E, 0xEE,
    0x35, 0x88, 0x48, 0x2B, 0x59, 0xD8, 0x8B, 0x49, 0xED, 0x11, 0xDB, 0x81, 0x1D, 0xA8, 0xD9, 0xCB,
    0xFB, 0x01, 0xF8, 0x1D, 0xC6, 0xBD, 0x7A, 0x3D, 0xC5, 0x7D, 0x4A, 0x73, 0x8A, 0x6B, 0xBF, 0xB5,
    0xA4, 0xB8, 0x95, 0x57, 0x8A, 0x6B, 0x3B, 0xA5, 0xB8, 0x64, 0x2B, 0x94, 0x87, 0x19, 0x2B, 0x28,
    0x43, 0x8A, 0x4B, 0xED, 0x21, 0xC2, 0xCB, 0xA4, 0xB8, 0xF9, 0x48, 0x8A, 0x6B, 0x25, 0x6C, 0xB7,
    0x97, 0x9A, 0x54, 0xEE, 0x8A, 0x9B, 0x9E, 0x3F, 0x00, 0x2A, 0x0D, 0xF0, 0x49, 0x70, 0x36, 0xC0,
    0x2D, 0x70, 0xC5, 0x94, 0x26, 0x21, 0x3D, 0x93, 0x66, 0x04, 0x6C, 0xA0, 0xF4, 0x90, 0xF5, 0x1D,
    0x15, 0x90, 0xAB, 0xE3, 0x49, 0x0E, 0xFB, 0x23, 0xA4, 0xE0, 0x79, 0xC8, 0xAE, 0xB0, 0x3D, 0xB1,
    0x66, 0x28, 0x26, 0x96, 0x22, 0xDA, 0xCE, 0x4E, 0xA4, 0x67, 0x17, 0x37, 0x51, 0x6B, 0x78, 0x8E,
    0x7F, 0x99, 0xC8, 0xCE, 0x98, 0xB3, 0x1F, 0x4D, 0x40, 0x1E, 0xCC, 0xF3, 0xA9, 0x16, 0xDE, 0x9A,
    0x54, 0x6D, 0xF7, 0x89, 0xCF, 0xBC, 0x0E, 0x38, 0x9C, 0xD4, 0xC1, 0x35, 0x0E, 0x75, 0x82, 0x62,
    0x66, 0x0F, 0x91, 0x8E, 0x2B, 0xFD, 0xA1, 0x9A, 0x86, 0xBB, 0x46, 0x76, 0x1D, 0x3B, 0x53, 0x2F,
    0xB8, 0x15, 0xB7, 0x60, 0x23, 0xF9, 0x08, 0xC0, 0x75, 0xF2, 0x40, 0x11, 0x32, 0xCD, 0xA5, 0xE6,
    0x5A, 0xC1, 0x69, 0x70, 0xAF, 0x71, 0x99, 0x14, 0xBF, 0x7E, 0xE3, 0xBA, 0xD5, 0x62, 0x24, 0x24,
    0xAA, 0x05, 0xFE, 0x0C, 0x1A, 0x00, 0x33, 0x27, 0x0B, 0x25, 0x8D, 0x3C, 0x40, 0x1F, 0x92, 0xE5,
    0x9C, 0xE4, 0x2F, 0x38, 0x1F, 0x75, 0x48, 0xBA, 0x69, 0x37, 0x26, 0xFB, 0x5D, 0x2D, 0xC9, 0x9F,
    0x0A, 0xC8, 0x7F, 0x92, 0x34, 0xDF, 0x56, 0x07, 0xC5, 0xB7, 0xE5, 0xA1, 0xFC, 0x6A, 0xD2, 0x66,
    0x1A, 0xA1, 0x42, 0x01, 0x1E, 0xA7, 0xDF, 0xBC, 0xFC, 0x4C, 0x3F, 0x43, 0x2B, 0x45, 0xE8, 0xA5,
    0x05, 0x02, 0xD5, 0x7E, 0xF7, 0x59, 0x61, 0x46, 0x4A, 0x35, 0x45, 0xD2, 0x4B, 0x48, 0xF1, 0x20,
    0x70, 0x02, 0x40, 0xDB, 0x01, 0x99, 0x3C, 0x50, 0xA8, 0x01, 0xEA, 0x05, 0xC0, 0x5D, 0x4F, 0x3E,
    0xC6, 0x03, 0x96, 0x19, 0x00, 0x3B, 0x26, 0xDD, 0x9C, 0xD4, 0x0A, 0x98, 0x55, 0x5D, 0xDA, 0x5D,
    0x8D, 0xF0, 0x01, 0xF2, 0xE1, 0x81, 0xCA, 0xFC, 0x75, 0xAE, 0x83, 0xD1, 0x57, 0x02, 0x58, 0x69,
    0xDC, 0xF5, 0x50, 0x1B, 0x75, 0x70, 0x81, 0x2F, 0xF0, 0x20, 0xA5, 0x3D, 0x6D, 0x4E, 0xBB, 0x14,
    0xA4, 0x0A, 0xE0, 0x82, 0x9B, 0x92, 0xF5, 0x66, 0x35, 0xDA, 0x00, 0x19, 0x59, 0xF3, 0x20, 0xA5,
    0xA5, 0x1A, 0x01, 0xDA, 0x98, 0x9C, 0x9E, 0x48, 0x86, 0x27, 0x93, 0xF3, 0xB5, 0x3B, 0x77, 0xC8,
    0xC5, 0xEB, 0x3C, 0x50, 0x99, 0x95, 0x46, 0xC7, 0xA1, 0x7A, 0x78, 0x58, 0xC2, 0x79, 0x28, 0xBF,
    0x27, 0x6A, 0x0F, 0xF6, 0x85, 0x95, 0xCA, 0x43, 0x65, 0x57, 0xAC, 0x87, 0xCB, 0x5B, 0x05, 0xB8,
    0x66, 0xD7, 0x7C, 0x04, 0x66, 0xBB, 0x9A, 0x00, 0x59, 0xB0, 0xFA, 0x4C, 0x00, 0xB3, 0x55, 0x05,
    0x28, 0xFC, 0xA1, 0xDA, 0x1F, 0x5C, 0xDD, 0xFB, 0x95, 0xB4, 0xE6, 0x01, 0xDC, 0x56, 0xB9, 0x02,
    0xCF, 0x71, 0x98, 0x27, 0xA6, 0x5A, 0x8C, 0x4C, 0xA9, 0x96, 0xA3, 0xD9, 0xD3, 0xDA, 0xB1, 0x18,
    0xA9, 0x84, 0x1D, 0x7A, 0x19, 0x49, 0x3A, 0xAF, 0xF0, 0xC8, 0x37, 0xA0, 0x90, 0x26, 0x9C, 0xB4,
    0x64, 0x9A, 0xB2, 0xA5, 0x90, 0x67, 0xB1, 0x82, 0xA5, 0x5E, 0xE0, 0x65, 0x17, 0xE1, 0x52, 0xBB,
    0x41, 0x3F, 0x03, 0x9A, 0xEE, 0x25, 0x35, 0x0E, 0xEC, 0x07, 0xBB, 0x05, 0x2E, 0x57, 0x82, 0x57,
    0x4A, 0x75, 0xAC, 0xB9, 0x46, 0x56, 0x7A, 0xBD, 0xB4, 0x52, 0x4A, 0x33, 0x3C, 0xFA, 0x3A, 0x60,
    0x86, 0xC4, 0x02, 0xD0, 0x27, 0x5C, 0x03, 0x27, 0x3D, 0x50, 0xAF, 0xC0, 0xC5, 0x17, 0xE1, 0x04,
    0xA0, 0x1E, 0x8E, 0xBF, 0x68, 0xB5, 0x9C, 0xBF, 0xC3, 0x5A, 0x0F, 0xE4, 0x1D, 0x00, 0x48, 0xD2,
    0x98, 0x08, 0x8F, 0xAA, 0x2B, 0x43, 0xA1, 0xAE, 0x48, 0x98, 0x73, 0x60, 0xE3, 0x66, 0x22, 0x6E,
    0xFC, 0x20, 0xA1, 0x73, 0xBA, 0x3B, 0x5C, 0x4A, 0x90, 0xC8, 0xE6, 0x8D, 0x3C, 0x61, 0xE6, 0x32,
    0x21, 0x49, 0xD3, 0x0E, 0xF0, 0x10, 0x90, 0x47, 0xC0, 0x2E, 0xC7, 0xFB, 0x4C, 0x23, 0xE4, 0x2B,
    0xC0, 0xC0, 0x7B, 0x94, 0x0A, 0xA0, 0x07, 0x72, 0x79, 0x28, 0x15, 0xA0, 0xBE, 0x1D, 0xA1, 0x6F,
    0x7A, 0xF8, 0x4B, 0xEC, 0x7B, 0x92, 0xEA, 0x31, 0x3E, 0x0E, 0x6A, 0xB6, 0xBE, 0x3A, 0xF9, 0x1D,
    0x44, 0xDF, 0x70, 0x89, 0x0B, 0xEF, 0x45, 0xA0, 0x0B, 0xE0, 0x3A, 0xDA, 0x11, 0x37, 0x53, 0x0A,
    0xFA, 0x8E, 0x12, 0x40, 0x8A, 0xDB, 0xFA, 0xA8, 0x86, 0x42, 0xDD, 0x6F, 0xB5, 0x96, 0xEA, 0x0E,
    0xE7, 0xC2, 0x15, 0x8A, 0x89, 0x6A, 0xA6, 0x9F, 0x72, 0xF9, 0x62, 0x26, 0xEF, 0x7E, 0x57, 0x33,
    0x03, 0x6D, 0x43, 0xA6, 0x81, 0x42, 0x13, 0xD5, 0xED, 0x85, 0xB6, 0x6B, 0x9B, 0x4F, 0x51, 0x36,
    0x00, 0x4E, 0xDA, 0xB7, 0x53, 0x4D, 0x64, 0x1A, 0xFF, 0x5F, 0x5B, 0xAE, 0xF1, 0x7C, 0xBE, 0x8B,
    0xCD, 0x63, 0xB8, 0x41, 0xB8, 0x9F, 0xAB, 0x49, 0x5B, 0xED, 0xC5, 0x09, 0x97, 0x78, 0x37, 0x3F,
    0x53, 0xD2, 0x4C, 0x52, 0x03, 0x8F, 0xEA, 0xAF, 0x34, 0x53, 0xA8, 0xAB, 0x94, 0x3C, 0xAC, 0x46,
    0x7E, 0x33, 0xD3, 0xB8, 0x89, 0xC2, 0xC1, 0xCF, 0xEA, 0xAF, 0xD1, 0x24, 0xE9, 0xDC, 0x63, 0xF7,
    0x2E, 0xD3, 0x59, 0xC7, 0x19, 0x0A, 0x35, 0x9B, 0xD5, 0x4A, 0xA9, 0xAF, 0x68, 0x46, 0x92, 0x7C,
    0x72, 0x06, 0xF8, 0x02, 0x1F, 0x85, 0x4C, 0xC3, 0x4D, 0x30, 0xD2, 0x04, 0xA5, 0x14, 0xC0, 0x7E,
    0x45, 0x03, 0xE4, 0x3C, 0x02, 0x87, 0xE1, 0x34, 0x1A, 0xC9, 0x29, 0x6C, 0x9E, 0x2A, 0xF2, 0xB9,
    0x57, 0x33, 0xAD, 0x94, 0x3E, 0x93, 0x92, 0xB7, 0xE5, 0x37, 0x7F, 0xA1, 0x71, 0xF3, 0x67, 0x0A,
    0x9B, 0xA1, 0x8F, 0x49, 0xB7, 0x16, 0x9B, 0x95, 0x92, 0xA5, 0xBE, 0xB3, 0x69, 0xF4, 0xDF, 0x9B,
    0x99, 0x7E, 0xBD, 0x49, 0xAF, 0xA4, 0xDB, 0xAD, 0x76, 0xCB, 0x5D, 0x23, 0x9F, 0xFF, 0x92, 0x4C,
    0xDE, 0x29, 0xD0, 0xEF, 0x3A, 0xCF, 0x61, 0x64, 0x4D, 0xB2, 0x0C, 0x49, 0xBB, 0x24, 0x4B, 0x35,
    0xEC, 0x57, 0x01, 0x50, 0x85, 0x24, 0x2F, 0xF2, 0x96, 0xFF, 0x37, 0x23, 0x05, 0x72, 0xF9, 0x3A,
    0x52, 0x2A, 0xAD, 0x76, 0xC1, 0xA8, 0xAB, 0x63, 0xDA, 0xE9, 0x22, 0x99, 0xC6, 0x76, 0x06, 0x85,
    0x7E, 0x57, 0xD3, 0xBD, 0x1E, 0xBB, 0x47, 0x0F, 0x67, 0xB9, 0x7D, 0x86, 0x6A, 0x9F, 0x6D, 0x9F,
    0x39, 0x85, 0xAF, 0x22, 0xF4, 0x6F, 0x28, 0x80, 0x95, 0x1A, 0xE0, 0xD9, 0x94, 0x04, 0x2E, 0xEC,
    0xF6, 0x09, 0xA3, 0xA4, 0xDD, 0x75, 0x73, 0xB2, 0xEF, 0x92, 0x9F, 0xE4, 0x81, 0x4C, 0x0E, 0x40,
    0x7D, 0xE7, 0x5F, 0x02, 0xB9, 0x22, 0x50, 0xAE, 0x02, 0xEA, 0x21, 0x35, 0x3E, 0x81, 0xF1, 0x0F,
    0x5E, 0xF2, 0xEC, 0x2C, 0xEB, 0xA0, 0x94, 0x19, 0xA0, 0x92, 0x3C, 0xB8, 0xDD, 0x27, 0x4B, 0x01,
    0x17, 0xF8, 0x3A, 0x0F, 0x5E, 0xE6, 0x8B, 0x5C, 0x6C, 0xC0, 0x0D, 0x6E, 0x84, 0x7E, 0x74, 0xE1,
    0xA8, 0xF3, 0xF5, 0x00, 0x27, 0x64, 0x0F, 0x5E, 0xE6, 0x0B, 0xF0, 0x10, 0x35, 0x5C, 0xA3, 0xF5,
    0x99, 0x70, 0xA1, 0x58, 0xB0, 0xB1, 0x9A, 0x30, 0x6A, 0x07, 0xD8, 0x0F, 0x74, 0x0B, 0x90, 0xCE,
    0xA6, 0x15, 0x64, 0x92, 0xA7, 0x58, 0x5C, 0xA0, 0x9A, 0x6C, 0xA4, 0x1D, 0x8C, 0x70, 0x0D, 0x2B,
    0xEF, 0x87, 0x4F, 0x01, 0x1C, 0x2E, 0x32, 0xEB, 0x28, 0xA5, 0xA7, 0x47, 0xDA, 0x55, 0xF2, 0xB9,
    0xBA, 0x4A, 0x4D, 0x29, 0x0A, 0x61, 0x23, 0x87, 0x8B, 0x2C, 0xE5, 0xDD, 0x4C, 0xAD, 0xB1, 0x9D,
    0x68, 0x15, 0xFA, 0x90, 0x45, 0x05, 0x05, 0x13, 0xFA, 0x4D, 0x3B, 0x24, 0x5D, 0x93, 0x5C, 0xE9,
    0x43, 0xFF, 0xF3, 0x19, 0x85, 0xFE, 0x76, 0xD8, 0x74, 0xF2, 0x68, 0x74, 0x22, 0x3B, 0xBF, 0xC8,
    0x75, 0x9F, 0x59, 0x5D, 0x15, 0xA9, 0x95, 0x2E, 0xF2, 0xF2, 0x7E, 0x91, 0x7F, 0xB8, 0x5F, 0x24,
    0x9C, 0x24, 0xC0, 0xF9, 0x43, 0x09, 0x49, 0xEA, 0x98, 0xA4, 0x54, 0x12, 0xDA, 0x43, 0xB3, 0x68,
    0x38, 0x0E, 0x27, 0x21, 0x1D, 0x4B, 0xA1, 0x1F, 0xF3, 0xF0, 0x6B, 0xE4, 0x1A, 0x30, 0xC3, 0xEF,
    0xBA, 0x8C, 0x14, 0x9E, 0x4C, 0x81, 0xD2, 0x83, 0x02, 0xD6, 0x43, 0x1F, 0x71, 0x0D, 0x38, 0xFD,
    0xCD, 0x0A, 0x58, 0x29, 0x02, 0xB9, 0x34, 0xC2, 0xE1, 0x3F, 0x89, 0x01, 0xB8, 0xB2, 0x6B, 0x62,
    0x12, 0x7B, 0x28, 0x6E, 0x4E, 0xA2, 0x31, 0x69, 0x96, 0x24, 0xD9, 0xC0, 0xEF, 0xD7, 0x85, 0x1D,
    0x86, 0x76, 0x8D, 0x3C, 0x80, 0x55, 0x00, 0x70, 0x3F, 0x89, 0x00, 0x42, 0x00, 0xFF, 0xC4, 0x47,
    0x7E, 0x9F, 0x2E, 0xEC, 0xF3, 0x7C, 0x1C, 0xC8, 0x84, 0x1A, 0x30, 0xFA, 0xB4, 0x3C, 0xE4, 0x5B,
    0xE9, 0xEE, 0x5C, 0xD1, 0x25, 0x2E, 0xFD, 0x3E, 0x5D, 0x11, 0x59, 0x93, 0xB4, 0x21, 0xE9, 0x76,
    0xF7, 0x7E, 0xA1, 0x06, 0xB0, 0x13, 0xC0, 0x29, 0xC7, 0xD1, 0x6B, 0xB5, 0x1A, 0xB5, 0x5B, 0xE9,
    0xD5, 0xEC, 0x95, 0xC6, 0x68, 0x20, 0x92, 0x2B, 0x64, 0x01, 0x34, 0x99, 0xCD, 0x3E, 0x1A, 0x0F,
    0x2E, 0xDA, 0xCD, 0x7A, 0xB5, 0x80, 0xD5, 0xE3, 0x40, 0xA9, 0x5B, 0x80, 0xD1, 0x0C, 0xE9, 0x04,
    0x80, 0xFF, 0x83, 0xD9, 0xAE, 0x93, 0xFC, 0x41, 0xA4, 0x85, 0x8D, 0x15, 0x1E, 0xD5, 0xAB, 0x50,
    0xA8, 0x4B, 0xE8, 0x2C, 0xA1, 0xAE, 0xD0, 0x4F, 0x14, 0xB6, 0x7D, 0x2E, 0x6E, 0x54, 0xCB, 0x86,
    0x5D, 0x13, 0x3A, 0x67, 0x3D, 0x76, 0xFB, 0x39, 0x9D, 0x31, 0x6C, 0xAC, 0x14, 0xFA, 0xC1, 0x61,
    0x2A, 0xCA, 0x44, 0xDA, 0x75, 0x00, 0x4E, 0xFF, 0x1E, 0xC8, 0xA4, 0x11, 0xEC, 0xDA, 0x47, 0x70,
    0xA1, 0x48, 0x5D, 0x6F, 0x44, 0x26, 0x9F, 0x8B, 0x5C, 0xDD, 0xA6, 0x51, 0x67, 0xD6, 0x64, 0x39,
    0x6F, 0x36, 0xB5, 0x4F, 0xBE, 0xC2, 0xE6, 0x9F, 0xC6, 0xE4, 0x53, 0xBB, 0x4F, 0xAB, 0xD9, 0x9D,
    0xD2, 0x1E, 0xAD, 0xA9, 0xAB, 0x34, 0x55, 0xD3, 0x6A, 0xDC, 0x2C, 0x15, 0x8C, 0x3A, 0xFA, 0xCD,
    0xAF, 0x79, 0xB7, 0xF9, 0xC2, 0xC1, 0xC1, 0x0D, 0x4E, 0x2F, 0xBC, 0xA1, 0xCE, 0xE9, 0x6B, 0x5A,
    0x80, 0xF4, 0x6E, 0xCC, 0x66, 0xC0, 0x2C, 0x09, 0x01, 0xA8, 0x03, 0xDC, 0x00, 0x94, 0x01, 0xC8,
    0x12, 0x77, 0x46, 0xBF, 0x42, 0x29, 0x0D, 0xD4, 0x63, 0x1F, 0x70, 0xA3, 0x9B, 0x69, 0x87, 0x3A,
    0xE2, 0xFC, 0xC6, 0x45, 0x36, 0x38, 0x55, 0x24, 0xD3, 0x86, 0x9D, 0x53, 0x63, 0xDC, 0xE8, 0x87,
    0x0D, 0xF9, 0xC4, 0x98, 0x58, 0xB5, 0x76, 0xAD, 0xBE, 0xA7, 0xB1, 0x56, 0xA1, 0x2E, 0x3F, 0xE3,
    0xF3, 0x40, 0x7D, 0xFE, 0x6F, 0xE6, 0xC3, 0x03, 0x01, 0x14, 0x11, 0xB0, 0x63, 0xA2, 0xB9, 0x4F,
    0x31, 0xB2, 0xE6, 0x78, 0x23, 0xD7, 0x33, 0xD0, 0x2E, 0x80, 0x04, 0x66, 0xAE, 0x3D, 0xC5, 0x50,
    0x8C, 0xE4, 0xD0, 0xBD, 0xEB, 0x31, 0x1E, 0xA3, 0x21, 0x53, 0x17, 0x30, 0xBA, 0x1D, 0x0E, 0x9F,
    0x61, 0x9F, 0x97, 0xA7, 0xE4, 0xCB, 0xF7, 0xE7, 0x8B, 0xC8, 0x9A, 0xAC, 0xC1, 0x4E, 0x36, 0x50,
    0x45, 0x37, 0x1F, 0xB0, 0x73, 0x15, 0xC8, 0x87, 0xA2, 0xBB, 0x8F, 0x3F, 0x45, 0x3D, 0x03, 0xAF,
    0xBC, 0x02, 0xCC, 0x15, 0x10, 0x2C, 0x30, 0x55, 0xC7, 0x7D, 0x69, 0x76, 0xB2, 0xE6, 0xDD, 0xCF,
    0xD2, 0x2F, 0xB9, 0x06, 0x0A, 0xE9, 0x05, 0x45, 0xAA, 0xB1, 0xD5, 0x57, 0x95, 0xE6, 0x17, 0xEA,
    0xB6, 0x4F, 0x58, 0x91, 0x77, 0xBE, 0x5E, 0x90, 0x7F, 0x84, 0x34, 0xC5, 0xC0, 0xA9, 0x24, 0x0D,
    0x99, 0xF6, 0x62, 0xE7, 0xAD, 0x07, 0x6E, 0xAC, 0x56, 0xA0, 0x1F, 0xAC, 0x00, 0x79, 0xAB, 0x86,
    0x46, 0x63, 0xA5, 0xB1, 0x18, 0xB4, 0x4A, 0x92, 0x6F, 0x15, 0x24, 0x51, 0xCB, 0x57, 0x9A, 0xC9,
    0xCE, 0xE0, 0xD9, 0x06, 0xEA, 0xB5, 0xC9, 0xA4, 0x50, 0xEA, 0xE9, 0x58, 0x45, 0xB3, 0xBA, 0xD9,
    0xA8, 0x0F, 0xF9, 0xAA, 0xC0, 0x99, 0x02, 0xDC, 0xB5, 0xCD, 0xD0, 0x46, 0x2E, 0x38, 0x35, 0x97,
    0x2B, 0x29, 0x16, 0xD2, 0x44, 0x2F, 0xCF, 0xE9, 0x04, 0x59, 0x80, 0x4C, 0x80, 0xF3, 0x50, 0x7B,
    0x4E, 0x5A, 0x8F, 0x15, 0x9C, 0x9E, 0xC1, 0x2D, 0x00, 0xED, 0x74, 0x7B, 0x48, 0xA0, 0x0A, 0x80,
    0x99, 0x01, 0x76, 0x1E, 0x4A, 0x40, 0x0A, 0x04, 0xB9, 0x34, 0x50, 0x2E, 0x76, 0xA6, 0x9A, 0x8B,
    0x88, 0x0B, 0x66, 0xDD, 0x5F, 0x39, 0x28, 0x14, 0x1B, 0xD2, 0x91, 0x00, 0x1C, 0x98, 0x38, 0x84,
    0xC3, 0xA9, 0xA9, 0xA9, 0xA4, 0x85, 0x42, 0x9A, 0xA1, 0xD7, 0x70, 0x48, 0x01, 0xD6, 0x03, 0x6E,
    0x38, 0x46, 0x50, 0x07, 0xF9, 0x0A, 0x14, 0x13, 0x50, 0x7A, 0x20, 0xE3, 0x3E, 0xC4, 0xB8, 0x72,
    0xBC, 0x72, 0x1B, 0x81, 0x5A, 0x40, 0xDB, 0x7B, 0x58, 0xEC, 0x88, 0x09, 0x79, 0x80, 0x8E, 0x2B,
    0xEF, 0x7A, 0x8C, 0x2B, 0x34, 0x98, 0x58, 0xCE, 0xD8, 0xD5, 0xC6, 0x03, 0x45, 0xDC, 0xC8, 0xC6,
    0x7C, 0x04, 0xE0, 0xDD, 0x4E, 0x50, 0x83, 0xF3, 0xB8, 0x91, 0x7A, 0xA2, 0x88, 0xB0, 0xC2, 0x65,
    0xB8, 0x00, 0x40, 0xD9, 0x9C, 0xAA, 0x73, 0xEA, 0x5A, 0x75, 0xE6, 0x7F, 0x5B, 0x9D, 0xA6, 0x6D,
    0xC5, 0x04, 0xEC, 0x94, 0xE6, 0x72, 0x23, 0x7D, 0x97, 0x2D, 0xE4, 0x01, 0x9A, 0x77, 0x3A, 0xDB,
    0x25, 0x58, 0x31, 0xA2, 0x94, 0xAF, 0x7E, 0x1A, 0xDC, 0x53, 0x73, 0xE4, 0xD6, 0x47, 0xB9, 0xF4,
    0xCE, 0x66, 0xBB, 0xC0, 0x95, 0xFE, 0xA9, 0xA8, 0xEF, 0x6E, 0xEB, 0xD2, 0x3F, 0x1F, 0x1F, 0xCF,
    0x5E, 0x84, 0x77, 0x1A, 0xAC, 0x01, 0xF2, 0x99, 0xC7, 0xC9, 0xF5, 0x1D, 0x41, 0xAD, 0x09, 0x4A,
    0x35, 0xD0, 0xCB, 0x63, 0x56, 0x17, 0xC8, 0x06, 0x1B, 0x81, 0x72, 0x81, 0xF6, 0xB6, 0x30, 0x92,
    0x1A, 0xBB, 0x58, 0x75, 0xE9, 0xD9, 0xF6, 0xED, 0xB4, 0xD1, 0x87, 0x5C, 0x5E, 0x6F, 0x43, 0xD7,
    0x06, 0xA3, 0x26, 0x1D, 0x4C, 0x15, 0xCB, 0x48, 0xA1, 0x3E, 0x40, 0xAF, 0xEE, 0x78, 0xFF, 0xBE,
    0x98, 0x35, 0x60, 0x64, 0x3C, 0x58, 0xFD, 0x74, 0x37, 0x35, 0xAB, 0x52, 0xC0, 0x1F, 0x71, 0x8B,
    0xBB, 0x47, 0x95, 0xAB, 0xA3, 0x90, 0xD5, 0x88, 0x53, 0xAB, 0x89, 0x56, 0x52, 0xC4, 0xC8, 0xBB,
    0x64, 0x57, 0xBF, 0x53, 0x9D, 0x7E, 0x26, 0xF9, 0x83, 0xBC, 0x0C, 0xA0, 0x1D, 0x0F, 0xB4, 0x6F,
    0x79, 0xC7, 0xDC, 0x7A, 0xCB, 0x3B, 0xA6, 0x21, 0x93, 0x02, 0xE5, 0x6A, 0x17, 0xAA, 0x68, 0x84,
    0x7B, 0xD3, 0xF7, 0x92, 0x69, 0x48, 0x8C, 0x0A, 0x9C, 0x93, 0x69, 0xEC, 0x53, 0xA3, 0x4D, 0x87,
    0xA4, 0x2F, 0xA7, 0xB3, 0xB1, 0x10, 0x85, 0x5E, 0x8A, 0xF7, 0xBE, 0x63, 0xEA, 0x11, 0x68, 0x13,
    0xF2, 0x90, 0xAF, 0x80, 0x99, 0x80, 0xC2, 0x03, 0x70, 0x1F, 0x62, 0xDC, 0x79, 0xC7, 0x2C, 0x77,
    0xBF, 0x63, 0xCA, 0x91, 0xFC, 0xF8, 0x8E, 0x79, 0xD7, 0x63, 0x7C, 0x98, 0x87, 0xA0, 0x1F, 0xBE,
    0x44, 0xA6, 0x75, 0xC6, 0x48, 0x01, 0xF3, 0x7D, 0x8D, 0xE4, 0x5D, 0xDD, 0xDD, 0x9F, 0x2F, 0xE2,
    0xCA, 0xB6, 0x98, 0x58, 0xC4, 0x34, 0xF3, 0xCE, 0x42, 0xB1, 0x94, 0x91, 0xEC, 0x2C, 0x1F, 0xEF,
    0x4F, 0x82, 0xAC, 0x01, 0xCA, 0x09, 0xB0, 0xF1, 0x48, 0x39, 0x1D, 0x1B, 0x00, 0xCF, 0x6C, 0xE3,
    0x9E, 0xBF, 0x30, 0xBA, 0x33, 0x8A, 0x11, 0xB0, 0xF3, 0xF9, 0x04, 0x33, 0x60, 0xC6, 0x3B, 0xC1,
    0x9F, 0xEE, 0x32, 0x49, 0x5D, 0xB9, 0x94, 0x2B, 0xD5, 0x9C, 0x82, 0x87, 0x3D, 0xB8, 0x95, 0xD7,
    0x58, 0x6B, 0xD0, 0xF8, 0xB2, 0x46, 0xFD, 0x70, 0xDA, 0xF8, 0xD1, 0xB8, 0xA1, 0x4E, 0x63, 0x2F,
    0xB6, 0xE0, 0x11, 0x79, 0x37, 0xE5, 0x29, 0xB8, 0x11, 0x55, 0x0A, 0x7E, 0x39, 0x05, 0xFF, 0xD0,
    0x1E, 0xDC, 0x7A, 0x80, 0x2A, 0x70, 0xFC, 0x50, 0xCA, 0x98, 0xCC, 0x95, 0xA4, 0x6D, 0x92, 0xB6,
    0x4B, 0x66, 0x9C, 0x8F, 0x67, 0xC9, 0xCE, 0x68, 0x95, 0x2B, 0xD2, 0xCB, 0x6C, 0x96, 0xC2, 0xCD,
    0x14, 0xBF, 0xD1, 0x52, 0xF7, 0xDA, 0xEC, 0xDD, 0x6F, 0x69, 0xC6, 0x48, 0x8A, 0xE4, 0x52, 0xAD,
    0x0E, 0xC5, 0xE4, 0xC5, 0xEE, 0xA4, 0x01, 0x88, 0x09, 0xB3, 0x1C, 0xC3, 0x1D, 0x83, 0xBA, 0xF1,
    0x4E, 0xC2, 0x5B, 0x09, 0x1E, 0x7A, 0x8F, 0x12, 0x9E, 0x00, 0xE0, 0x9A, 0xA4, 0x3C, 0x60, 0x14,
    0x80, 0xF2, 0xF6, 0x0C, 0xD8, 0x61, 0x01, 0x1C, 0x35, 0xF0, 0x3E, 0xFE, 0xE0, 0x3D, 0x49, 0x78,
    0xC2, 0x25, 0xA0, 0xF5, 0x7D, 0x07, 0x1A, 0xE4, 0x41, 0x3F, 0x4C, 0xF6, 0x3E, 0x79, 0xF8, 0x6B,
    0x46, 0x78, 0xAF, 0x7E, 0xDF, 0x97, 0x81, 0x4C, 0x80, 0x49, 0x94, 0xF1, 0x78, 0x43, 0xBA, 0x0E,
    0x78, 0x92, 0x37, 0x8D, 0x1B, 0x37, 0x5E, 0x7C, 0xF6, 0xEB, 0xD2, 0xA4, 0x78, 0x55, 0x2F, 0x5E,
    0x7D, 0xCD, 0xAA, 0xB1, 0xBE, 0x50, 0x67, 0x1B, 0x23, 0x5F, 0x91, 0xCB, 0x5F, 0x06, 0x8D, 0x4F,
    0x40, 0x1F, 0xAE, 0x81, 0x3B, 0xFC, 0x65, 0x6E, 0x80, 0x2A, 0x6E, 0xD8, 0x75, 0x80, 0x52, 0x1E,
    0x8C, 0xBA, 0x04, 0x90, 0x25, 0x58, 0xCE, 0x6F, 0xA1, 0x2F, 0x41, 0xDD, 0x05, 0x68, 0x7F, 0x31,
    0x42, 0x2F, 0x0F, 0x4E, 0x40, 0x39, 0x73, 0x18, 0x64, 0x7D, 0x03, 0xAD, 0x8E, 0x14, 0x09, 0xF3,
    0x26, 0x48, 0x14, 0xEB, 0x46, 0xAD, 0xC1, 0x48, 0x0A, 0x46, 0xFF, 0xA5, 0xB8, 0x75, 0x5D, 0xA2,
    0x5E, 0x37, 0xAC, 0xDE, 0x86, 0x2A, 0x75, 0xEB, 0xC5, 0xA8, 0x6B, 0xA3, 0xD1, 0x6D, 0x4D, 0x46,
    0xBD, 0xC6, 0x34, 0x55, 0x63, 0xF4, 0xE9, 0xB3, 0xC3, 0x67, 0x14, 0x77, 0x53, 0xEB, 0x35, 0x68,
    0x15, 0xE1, 0x4F, 0x6E, 0x9C, 0x01, 0x27, 0xDB, 0x82, 0x1B, 0x9C, 0xA7, 0x0D, 0x1A, 0x0F, 0xB8,
    0xB1, 0xF5, 0x94, 0xCD, 0x47, 0x1E, 0x94, 0x6F, 0xF2, 0x7F, 0x00, 0xD5, 0x9B, 0x3F, 0x90, 0xDE,
    0xC6, 0x79, 0xFF, 0xBF, 0xC0, 0x8A, 0x07, 0xFF, 0x8C, 0x19, 0x43, 0x85, 0xEC, 0x9F, 0x4D, 0x4E,
    0x02, 0x15, 0x2E, 0x1C, 0x3A, 0x16, 0x52, 0x7A, 0x26, 0xD2, 0x2D, 0x6C, 0x15, 0x2E, 0x7D, 0x85,
    0x19, 0x17, 0x29, 0xEC, 0x42, 0x45, 0xCC, 0xCC, 0x84, 0x6D, 0x0A, 0xC9, 0x80, 0xE8, 0xC9, 0xA8,
    0x70, 0xE1, 0x6B, 0x9C, 0x26, 0x0D, 0x0B, 0x16, 0xE4, 0x65, 0x32, 0x4C, 0x91, 0x82, 0x99, 0xA1,
    0x89, 0x8D, 0x59, 0xB8, 0x70, 0x11, 0x78, 0x2C, 0x57, 0x29, 0x82, 0x4C, 0x64, 0x67, 0x12, 0x15,
    0x5C, 0x47, 0xE0, 0x18, 0x22, 0x17, 0xF8, 0x66, 0x9F, 0xDD, 0xF7, 0xCF, 0xE9, 0x44, 0x59, 0x24,
    0x75, 0xE2, 0x9D, 0x1E, 0xBD, 0xFB, 0x79, 0x80, 0x05, 0xB0, 0xEF, 0xB3, 0xDF, 0x5D, 0xE2, 0xDD,
    0xDD, 0x5B, 0x21, 0xB9, 0x70, 0xA1, 0x06, 0x32, 0xD2, 0x1C, 0x62, 0x8B, 0xF7, 0x5A, 0x65, 0x85,
    0x7A, 0x0C, 0x74, 0xC2, 0x2E, 0x90, 0xB3, 0xF0, 0x2E, 0x3D, 0xD2, 0xB7, 0x85, 0xEA, 0x8E, 0x3C,
    0x9B, 0xDD, 0x91, 0x72, 0xF2, 0xCB, 0xC2, 0x22, 0xE1, 0x00, 0x94, 0xA0, 0x05, 0x5E, 0x40, 0xE7,
    0xB9, 0x7B, 0xA1, 0x9B, 0x80, 0x86, 0x74, 0x40, 0x47, 0x29, 0xC2, 0xA2, 0x5C, 0x90, 0x58, 0x14,
    0x84, 0x1A, 0x90, 0xB3, 0xCE, 0x84, 0x86, 0x04, 0xE9, 0x22, 0x53, 0x09, 0xCA, 0xC3, 0x44, 0x1C,
    0xB5, 0x6E, 0x01, 0x72, 0xB2, 0x47, 0x35, 0x74, 0x16, 0x7A, 0xD0, 0x13, 0x9A, 0xBE, 0x72, 0xD0,
    0xC6, 0xE3, 0xD3, 0xF0, 0xC0, 0x0E, 0x1D, 0x12, 0x7A, 0x14, 0x93, 0x5C, 0x18, 0x3C, 0xBA, 0xDE,
    0x83, 0x46, 0x30, 0x08, 0x16, 0x2E, 0x6D, 0xC3, 0x7F, 0xF5, 0x27, 0xCC, 0xD8, 0xA6, 0x57, 0xF1,
    0x17, 0xC0, 0x0E, 0xD2, 0x1A, 0xC8, 0x4D, 0x2E, 0xCA, 0xDC, 0xEF, 0x3C, 0x53, 0x72, 0xAB, 0xC0,
    0xCE, 0xFE, 0xA9, 0x52, 0xA9, 0x4E, 0x5A, 0x64, 0xC6, 0x5F, 0x56, 0x63, 0x61, 0x10, 0x44, 0x03,
    0x29, 0xB1, 0x4D, 0x4F, 0x49, 0xAF, 0x53, 0xA0, 0x02, 0x00, 0xBC, 0x2A, 0x48, 0xAD, 0x30, 0x0B,
    0x2C, 0x22, 0xDF, 0xAD, 0x3D, 0x73, 0x0E, 0x9E, 0x8A, 0xBD, 0x27, 0xAE, 0x47, 0x35, 0xB2, 0x0F,
    0x52, 0xE3, 0xEC, 0x13, 0xA8, 0xA1, 0x82, 0x1A, 0xAF, 0xAD, 0x43, 0x28, 0x7A, 0xC1, 0xE0, 0x51,
    0xDE, 0xAB, 0x81, 0x22, 0xD4, 0x58, 0x90, 0x5C, 0x03, 0x3C, 0x05, 0x65, 0xEF, 0xD1, 0x0D, 0x40,
    0x1A, 0xAF, 0x4A, 0xD6, 0xE0, 0xF1, 0x19, 0x00, 0x38, 0x7B, 0x3D, 0x04, 0x38, 0x42, 0x93, 0x73,
    0xC2, 0x31, 0x99, 0x33, 0x1A, 0xCC, 0x05, 0x81, 0xB9, 0x9A, 0x81, 0x9F, 0x88, 0xD0, 0xCF, 0x35,
    0x1E, 0x10, 0xBD, 0xC0, 0xF1, 0x28, 0xE2, 0x85, 0x88, 0x70, 0xB3, 0x9E, 0x81, 0xDD, 0x92, 0xC0,
    0xED, 0x9C, 0x2D, 0x96, 0x94, 0x03, 0x16, 0x74, 0xBC, 0xB1, 0x20, 0x27, 0xA7, 0xF8, 0x95, 0xC8,
    0xFB, 0xD8, 0x9E, 0x7A, 0x00, 0x68, 0x90, 0x10, 0x50, 0x93, 0x4F, 0x3D, 0x36, 0x56, 0x2D, 0x75,
    0x42, 0xDA, 0x9C, 0xDF, 0x70, 0xA5, 0x53, 0x8B, 0x9E, 0x14, 0x3B, 0x9B, 0x2E, 0xB4, 0xB8, 0xEA,
    0x13, 0xDE, 0x93, 0xA4, 0x29, 0x1D, 0x9E, 0xD1, 0xAC, 0xFD, 0x37, 0xD3, 0x85, 0x1A, 0x75, 0x34,
    0xD8, 0xB9, 0x8A, 0x95, 0x65, 0xA3, 0x47, 0x39, 0x7B, 0x34, 0xAC, 0x91, 0xB0, 0xEB, 0x7D, 0x56,
    0x3E, 0x42, 0xB5, 0xF8, 0xC7, 0x93, 0x93, 0x61, 0x0F, 0x50, 0x0E, 0xC8, 0x17, 0xA0, 0x64, 0x0D,
    0x4D, 0x83, 0x25, 0xB7, 0xC9, 0x98, 0x8C, 0x68, 0xF1, 0xFC, 0xC7, 0x25, 0x43, 0xE1, 0x3C, 0xA4,
    0x5A, 0x28, 0x05, 0xE1, 0x34, 0xD9, 0xC7, 0x89, 0xC9, 0x90, 0x5C, 0x05, 0xB2, 0x19, 0x28, 0x18,
    0x93, 0xC8, 0x91, 0x4E, 0x1F, 0x53, 0x4F, 0x50, 0x43, 0x6A, 0x91, 0xCE, 0xE5, 0x00, 0x74, 0x6C,
    0x01, 0xCD, 0xB5, 0x04, 0xE9, 0x95, 0x93, 0x93, 0x60, 0x1F, 0xDF, 0xC5, 0x94, 0x8E, 0xE8, 0x8A,
    0x41, 0x7A, 0xC1, 0x46, 0x06, 0xE5, 0x8E, 0x5F, 0x86, 0x67, 0x20, 0xB6, 0x8B, 0xCA, 0xB3, 0xFA,
    0xC5, 0xE2, 0x99, 0x33, 0xD4, 0x9F, 0xD6, 0x13, 0x34, 0xC2, 0xF3, 0x58, 0x1B, 0xC9, 0x29, 0x90,
    0x3D, 0xCE, 0xF1, 0x6F, 0x38, 0x21, 0x63, 0x5B, 0x52, 0x18, 0x3F, 0x8A, 0xC6, 0x33, 0xE1, 0xE0,
    0x09, 0xDA, 0x43, 0x1C, 0xDF, 0x47, 0x7B, 0x84, 0xF1, 0xA9, 0x58, 0x42, 0xC6, 0xDA, 0xB3, 0x14,
    0x59, 0x5E, 0xE7, 0x04, 0x7A, 0x33, 0xC2, 0x09, 0xD1, 0xF6, 0x04, 0xA9, 0xF3, 0xB8, 0x74, 0xC7,
    0xB3, 0xE2, 0x8A, 0x93, 0x84, 0x7E, 0xC7, 0x02, 0xC9, 0x9A, 0x83, 0xF0, 0xA7, 0x06, 0xCD, 0x7F,
    0xD0, 0x40, 0x71, 0x0E, 0x82, 0xD2, 0xB3, 0xE2, 0xB7, 0x3D, 0xB5, 0x4B, 0x3D, 0xBB, 0x51, 0x48,
    0xFB, 0xE1, 0xEC, 0x26, 0xA1, 0x9E, 0x55, 0x28, 0x81, 0xA1, 0xB4, 0x99, 0x4E, 0x04, 0xF3, 0xC4,
    0xD9, 0xFA, 0x5B, 0x4F, 0xAA, 0xD2, 0x9F, 0xF3, 0xC7, 0xE0, 0x48, 0x32, 0xF2, 0x38, 0x54, 0x02,
    0x92, 0x1B, 0x46, 0x74, 0x59, 0x23, 0xF1, 0xC8, 0x48, 0x17, 0x91, 0xFC, 0x19, 0xDF, 0xC4, 0x19,
    0x9F, 0x97, 0xF0, 0x9E, 0x94, 0xB7, 0xD0, 0x94, 0x52, 0x84, 0x5E, 0x14, 0x4D, 0x23, 0x15, 0xA5,
    0xFD, 0x7D, 0x08, 0x5A, 0x04, 0x29, 0x82, 0x12, 0x41, 0x08, 0x15, 0x74, 0x38, 0x2F, 0x32, 0x7C,
    0xF6, 0x82, 0x87, 0xE6, 0xBC, 0x42, 0x45, 0x87, 0xAD, 0xD1, 0xDB, 0x20, 0xB0, 0xE7, 0xD8, 0xE6,
    0x56, 0x2A, 0x23, 0x50, 0x1B, 0x00, 0x1E, 0x37, 0x05, 0xCE, 0xE3, 0x57, 0x02, 0x6E, 0xD0, 0x6E,
    0xF1, 0x9C, 0x00, 0x82, 0x64, 0xF2, 0x48, 0x05, 0x6A, 0xCA, 0x05, 0xF4, 0x36, 0x06, 0x80, 0xEC,
    0xB1, 0xC5, 0x51, 0xAB, 0x16, 0x20, 0x95, 0x0B, 0xF9, 0x5C, 0x4C, 0x28, 0xA7, 0xCC, 0x41, 0x5B,
    0xB5, 0xA0, 0xB3, 0x8A, 0xA2, 0xBA, 0x07, 0xB9, 0x86, 0x05, 0x56, 0x18, 0x11, 0xFF, 0x65, 0x41,
    0xB3, 0xAE, 0x50, 0x92, 0x33, 0xB2, 0x20, 0x7E, 0xC7, 0x1E, 0xF1, 0x2D, 0xF3, 0x79, 0x7C, 0x0A,
    0x78, 0x09, 0xBB, 0x80, 0xFE, 0x8D, 0x03, 0x0A, 0xB9, 0x9A, 0x71, 0x00, 0xF0, 0xBD, 0x13, 0x11,
    0x22, 0x69, 0x71, 0x05, 0xCA, 0x26, 0x16, 0xFE, 0x26, 0xBB, 0x52, 0x43, 0xCB, 0x73, 0xF9, 0xFC,
    0x94, 0x24, 0x89, 0xD6, 0x61, 0x35, 0x08, 0x51, 0x82, 0x54, 0x00, 0xB6, 0xA2, 0xD8, 0x89, 0xE8,
    0x82, 0xE4, 0x0A, 0x80, 0xC2, 0x09, 0x16, 0x8F, 0x52, 0x10, 0x4E, 0xD3, 0xF1, 0x69, 0xE8, 0xF2,
    0xD4, 0xEB, 0x0B, 0x7C, 0x05, 0x00, 0x1C, 0x00, 0x35, 0x6D, 0xB0, 0xEC, 0x79, 0x48, 0xC4, 0x89,
    0x00, 0xE7, 0x43, 0x7D, 0x13, 0x72, 0x90, 0xDA, 0x4A, 0x65, 0xA5, 0xAE, 0x52, 0x55, 0xA9, 0xE9,
    0xC6, 0x2C, 0x10, 0xD2, 0xB8, 0xF9, 0xA1, 0xA9, 0xA4, 0x86, 0xAB, 0x1F, 0x9A, 0x1E, 0x3B, 0x1D,
    0x80, 0x5B, 0x40, 0xE2, 0x00, 0x25, 0x69, 0xF9, 0x2E, 0x52, 0x8E, 0xF1, 0xA9, 0xF3, 0x35, 0x9E,
    0xF5, 0xBA, 0xE0, 0x35, 0x68, 0x40, 0xFF, 0x74, 0x06, 0x0A, 0xB9, 0xA4, 0x38, 0xAC, 0x7B, 0xC4,
    0xC5, 0x93, 0xE9, 0x11, 0x2D, 0xF6, 0x91, 0x8E, 0xCA, 0x02, 0x4B, 0xD1, 0x03, 0x8D, 0x3C, 0x52,
    0x6D, 0x06, 0x08, 0xEA, 0x29, 0x75, 0x8B, 0xC3, 0x83, 0xB5, 0x38, 0x46, 0x8B, 0xA3, 0xD6, 0x38,
    0x6C, 0x45, 0x36, 0xC9, 0x85, 0x38, 0x70, 0xC5, 0xE7, 0xAE, 0x7B, 0xC4, 0xE7, 0x1B, 0xDE, 0x95,
    0x86, 0x1B, 0xB1, 0x20, 0xA3, 0xF1, 0x2C, 0x08, 0xDC, 0x0E, 0x03, 0xBD, 0xEF, 0xC7, 0x91, 0x08,
    0x1A, 0x4F, 0xA0, 0x9B, 0x84, 0x1C, 0x0F, 0x33, 0x25, 0x6D, 0xA4, 0xBF, 0x7A, 0x89, 0xFB, 0x9D,
    0x43, 0x4E, 0xE8, 0xC8, 0x59, 0x58, 0x52, 0xE8, 0x15, 0xF3, 0x4C, 0x69, 0x3D, 0x65, 0x10, 0xE3,
    0x19, 0x47, 0x31, 0x71, 0x40, 0x8B, 0xBD, 0xF5, 0x6F, 0x74, 0x16, 0x64, 0x13, 0x01, 0xF5, 0xDD,
    0x1E, 0xE8, 0x32, 0x0B, 0x4C, 0x98, 0xE4, 0x8E, 0xE7, 0x11, 0xED, 0xD2, 0x82, 0x9B, 0x8A, 0xFC,
    0x4F, 0x57, 0xB8, 0x82, 0xAE, 0x9C, 0x72, 0x5E, 0xAD, 0xC6, 0x8C, 0xD0, 0xA3, 0x22, 0xC2, 0x91,
    0xCF, 0x9B, 0xE1, 0xAF, 0x3A, 0xA8, 0xD8, 0xE5, 0x96, 0x1A, 0xD9, 0x20, 0x05, 0x0B, 0xAA, 0xE5,
    0xE0, 0x2A, 0x2A, 0x92, 0x75, 0xE1, 0xD1, 0x67, 0x1E, 0x36, 0x11, 0x94, 0x06, 0xDA, 0x6A, 0x83,
    0xD2, 0x36, 0x1E, 0x43, 0xD3, 0x43, 0x1B, 0xBD, 0xFC, 0xFD, 0x22, 0xA1, 0x0E, 0xC0, 0x45, 0x89,
    0x34, 0x91, 0xB6, 0x8E, 0xA3, 0x41, 0xA4, 0xCB, 0x25, 0x29, 0x8F, 0x34, 0x9E, 0x9A, 0x88, 0xE3,
    0xE1, 0xD3, 0xA7, 0xEE, 0x15, 0xBC, 0x02, 0x8C, 0x22, 0xE2, 0xAC, 0x46, 0x09, 0xC9, 0xAE, 0x7E,
    0xE3, 0xB3, 0x05, 0xC1, 0x4E, 0x5E, 0xD8, 0x23, 0x9D, 0xB7, 0x70, 0xDB, 0x2E, 0x2C, 0x94, 0x9C,
    0x53, 0x2B, 0x2F, 0xAE, 0x86, 0xF7, 0x21, 0x24, 0xD7, 0xA3, 0x10, 0x64, 0x82, 0x64, 0x3A, 0x25,
    0xF2, 0x9E, 0x46, 0xD1, 0xB0, 0x27, 0x50, 0x93, 0x30, 0x77, 0x5B, 0xAA, 0x40, 0x4C, 0x82, 0x6C,
    0x08, 0xAC, 0x85, 0x7F, 0x20, 0xF8, 0xC9, 0x7A, 0x05, 0x43, 0x39, 0xC1, 0xB2, 0x81, 0x0B, 0x25,
    0x9E, 0xA6, 0x8E, 0x8C, 0xDC, 0x0A, 0x51, 0x39, 0x21, 0x3A, 0x0A, 0x53, 0x76, 0x46, 0x2E, 0x8D,
    0xE1, 0x62, 0x5E, 0x43, 0x5C, 0x34, 0xD2, 0x55, 0x64, 0xBD, 0x72, 0xE7, 0xD8, 0xEF, 0xF0, 0x1E,
    0xE2, 0x50, 0xFE, 0xD1, 0xDC, 0x8F, 0x2F, 0x04, 0x47, 0x1E, 0x76, 0x2D, 0x1E, 0xCB, 0xE5, 0x6C,
    0x13, 0xDA, 0x23, 0xB1, 0x60, 0x65, 0xBA, 0x15, 0xAE, 0x96, 0xAA, 0x26, 0xCF, 0xE2, 0xC1, 0x12,
    0xB2, 0x9B, 0x16, 0xF8, 0xAA, 0xD4, 0x26, 0x5A, 0xD2, 0xB5, 0x92, 0x4D, 0x61, 0x13, 0x98, 0x85,
    0x42, 0xD4, 0x43, 0xF8, 0x75, 0xD6, 0x9E, 0xDF, 0xE4, 0xE0, 0xD9, 0x70, 0xF4, 0x24, 0x9D, 0x67,
    0xAF, 0x85, 0x6D, 0xF5, 0xA4, 0xD4, 0xFC, 0x2D, 0x69, 0xD6, 0x64, 0x4E, 0xF6, 0x2B, 0xB7, 0xC3,
    0x31, 0xE9, 0xE6, 0x3A, 0xE1, 0x00, 0xED, 0xB0, 0x72, 0x9A, 0x62, 0x7D, 0x23, 0xE4, 0x70, 0x9E,
    0xF7, 0x0F, 0xBA, 0x65, 0xFF, 0xF0, 0x2D, 0xE2, 0xEE, 0x5D, 0xE8, 0xC4, 0x79, 0xDB, 0x3A, 0xB9,
    0xF6, 0x48, 0x2E, 0xF5, 0xAE, 0x71, 0x78, 0x6F, 0x2C, 0x87, 0xF5, 0x6A, 0xB8, 0x55, 0x2D, 0xAA,
    0xF3, 0x65, 0xFE, 0x4F, 0x2B, 0xF9, 0x34, 0xF1, 0xF8, 0xB0, 0x6A, 0x6D, 0x50, 0xCD, 0x7A, 0x76,
    0x41, 0xB5, 0x25, 0xA8, 0x66, 0xF4, 0x71, 0xE8, 0x95, 0x5E, 0x49, 0x51, 0xCE, 0xB9, 0xE8, 0xD6,
    0x36, 0x24, 0x6E, 0x96, 0x33, 0x9E, 0x4F, 0xAE, 0x42, 0x4C, 0x93, 0x21, 0x79, 0x15, 0xA5, 0x66,
    0x1F, 0x29, 0x89, 0x24, 0xEB, 0xF2, 0x92, 0xFD, 0x04, 0xC5, 0x9C, 0xB7, 0xD2, 0xDF, 0xE4, 0xFC,
    0xA5, 0x72, 0xC6, 0x97, 0x0E, 0x8F, 0xA7, 0xD3, 0x1E, 0x49, 0x37, 0xA0, 0xE0, 0x80, 0xD2, 0x27,
    0x3C, 0x46, 0x2A, 0x38, 0x4B, 0xF2, 0x93, 0xCC, 0xBD, 0x8E, 0x93, 0xFF, 0x34, 0x9C, 0x36, 0xFF,
    0xE6, 0xFC, 0xE7, 0x1C, 0xFB, 0x8C, 0xED, 0x63, 0x7D, 0x72, 0xB6, 0xF1, 0x59, 0xCD, 0x31, 0x7E,
    0xB0, 0xB1, 0xBC, 0xDE, 0x61, 0xAB, 0x45, 0xBA, 0x56, 0x7D, 0xD8, 0x27, 0x3E, 0xFB, 0x05, 0x59,
    0xE1, 0x46, 0x85, 0xF2, 0x17, 0xB7, 0x51, 0x84, 0x86, 0x1C, 0x81, 0xAE, 0xC5, 0xDA, 0xA4, 0x21,
    0x24, 0xA5, 0xB4, 0x00, 0xFB, 0x63, 0x49, 0x09, 0x2D, 0x74, 0x14, 0xBB, 0x7D, 0x05, 0x5F, 0xBA,
    0x05, 0xD7, 0x7C, 0x63, 0xD2, 0xB4, 0x05, 0xFB, 0x74, 0x41, 0xB4, 0x8E, 0x75, 0x17, 0xAA, 0xAB,
    0x1E, 0xE1, 0x93, 0xD1, 0x34, 0x74, 0x1D, 0xDD, 0x47, 0x17, 0x15, 0x25, 0x70, 0x0B, 0xA9, 0x83,
    0x72, 0x32, 0x01, 0x10, 0x39, 0x68, 0x65, 0xF4, 0x7F, 0x0D, 0x8A, 0x50, 0xAB, 0x90, 0x80, 0xF9,
    0xC9, 0x25, 0xFF, 0xC0, 0xAF, 0x00, 0x92, 0x19, 0x8A, 0x08, 0x5F, 0x51, 0xA7, 0x04, 0x5E, 0x39,
    0x9E, 0x9E, 0xF2, 0x04, 0x41, 0x6A, 0xF2, 0x87, 0xA4, 0x5D, 0x39, 0x69, 0x7D, 0xBD, 0x84, 0xC6,
    0xAB, 0xDC, 0x49, 0xB9, 0x84, 0x56, 0x9C, 0xF4, 0x9C, 0xE8, 0x5A, 0xEF, 0xC4, 0xDE, 0xEB, 0xF4,
    0x14, 0xDD, 0x28, 0x44, 0x67, 0x85, 0x8A, 0x46, 0x5C, 0x43, 0x04, 0x37, 0x78, 0xFC, 0x33, 0x70,
    0x13, 0x5E, 0xE6, 0x75, 0xAB, 0xD6, 0x91, 0x09, 0x91, 0x2E, 0x38, 0x62, 0xEB, 0xFE, 0xE8, 0xD9,
    0x92, 0x08, 0xD2, 0x42, 0xD4, 0x3A, 0x0E, 0x66, 0x34, 0x9E, 0x0D, 0x9D, 0x67, 0x17, 0x08, 0xE0,
    0xFD, 0xCC, 0x03, 0x8B, 0x59, 0xD8, 0x4C, 0x21, 0x7B, 0x10, 0xAE, 0x83, 0x55, 0x0E, 0x28, 0x08,
    0x68, 0x1A, 0xF0, 0x86, 0x55, 0x93, 0x72, 0xAA, 0xC7, 0x5F, 0xC7, 0x02, 0x38, 0x49, 0xC2, 0x77,
    0xB8, 0x27, 0xF7, 0x7C, 0xE4, 0x94, 0x2F, 0x3E, 0xCD, 0x38, 0x93, 0x3B, 0x34, 0x3F, 0x1F, 0x41,
    0x0E, 0xA2, 0x0C, 0xAA, 0xA0, 0xFC, 0xDE, 0x6A, 0x06, 0x1D, 0xEE, 0x6D, 0xC3, 0x54, 0x4A, 0x66,
    0x52, 0x13, 0xDC, 0x76, 0x1E, 0x75, 0x0E, 0xD8, 0x61, 0x8D, 0xC6, 0xA7, 0xCE, 0xA7, 0xEC, 0x11,
    0x93, 0xDA, 0x24, 0x1C, 0x4E, 0xC5, 0x9D, 0x05, 0xFA, 0x1D, 0x07, 0xFD, 0x60, 0x44, 0x15, 0x26,
    0xB7, 0x00, 0xE9, 0x4A, 0xDA, 0xC8, 0x73, 0xDC, 0xDF, 0x99, 0x6B, 0x69, 0x62, 0x0B, 0xCF, 0xC2,
    0x08, 0x2B, 0x08, 0x5F, 0x0D, 0x1C, 0x85, 0x2F, 0x4F, 0xC2, 0x6F, 0x3A, 0x61, 0xB3, 0x08, 0x49,
    0xE1, 0xEF, 0x68, 0x3C, 0xEF, 0xB0, 0xF7, 0xFC, 0x1A, 0x43, 0x09, 0x9C, 0x84, 0x8D, 0x13, 0xEA,
    0x45, 0x58, 0x84, 0x41, 0x67, 0x41, 0x43, 0x4E, 0x0D, 0x5D, 0x24, 0x56, 0x96, 0x04, 0x16, 0x83,
    0xB0, 0xB2, 0x5B, 0x16, 0x81, 0xAA, 0x17, 0x56, 0xAD, 0xF0, 0x2B, 0x82, 0x0F, 0x1C, 0xC8, 0x08,
    0xD5, 0x43, 0xF8, 0xFA, 0xC1, 0x81, 0xE7, 0x0F, 0x48, 0x39, 0xEE, 0xFE, 0x5B, 0xF2, 0x35, 0x84,
    0x0E, 0x92, 0x6F, 0x85, 0x3F, 0x1A, 0x85, 0x9D, 0x13, 0x72, 0x16, 0xFE, 0x3B, 0x85, 0x6F, 0xB0,
    0x0E, 0xCF, 0x1A, 0x79, 0x96, 0x83, 0x67, 0x4B, 0x2B, 0xEC, 0x26, 0x84, 0xD7, 0x40, 0xEB, 0x59,
    0xD1, 0x60, 0x65, 0x67, 0x02, 0xB5, 0x11, 0x36, 0xBD, 0x50, 0x07, 0x56, 0x46, 0x58, 0x04, 0x6A,
    0x01, 0xBE, 0x2A, 0x38, 0xF7, 0x35, 0x1F, 0xDB, 0x0E, 0x2F, 0x93, 0xD2, 0xD8, 0x3E, 0x36, 0x4F,
    0x1D, 0x34, 0x0F, 0x91, 0xBC, 0x6C, 0x85, 0xDF, 0x1C, 0x85, 0xCD, 0xA1, 0xD8, 0xEE, 0x1E, 0x8A,
    0xED, 0x65, 0x9A, 0x30, 0xEC, 0xE8, 0x3D, 0xEB, 0xA0, 0x7F, 0x8C, 0xCD, 0x86, 0xD8, 0x6C, 0x25,
    0x22, 0xEC, 0xAD, 0x87, 0xF3, 0xA5, 0xF3, 0x68, 0x46, 0x20, 0x61, 0x0F, 0xA8, 0x19, 0x40, 0xDA,
    0x62, 0x65, 0xE4, 0xB2, 0xC2, 0x39, 0xBE, 0x19, 0x04, 0xFD, 0x28, 0x48, 0xAC, 0x87, 0x3A, 0x84,
    0x5C, 0x56, 0x7A, 0xE8, 0x2D, 0x02, 0x78, 0x16, 0xA9, 0x43, 0xBE, 0xA0, 0x72, 0xE8, 0x86, 0x74,
    0x01, 0x86, 0xD8, 0xB2, 0xAB, 0x37, 0xB1, 0x3C, 0xF4, 0x44, 0x9F, 0xD0, 0x2E, 0xD3, 0xD3, 0xAE,
    0x4D, 0xB0, 0x67, 0x01, 0x24, 0x8B, 0x87, 0x62, 0xC0, 0xFA, 0x34, 0xFE, 0x7D, 0x77, 0x12, 0x18,
    0x1C, 0x67, 0x2D, 0x01, 0x99, 0x12, 0x62, 0x41, 0x4A, 0xF9, 0x80, 0xC0, 0x2E, 0x92, 0x09, 0x49,
    0x8F, 0xB5, 0x65, 0xD6, 0x23, 0xB7, 0xE4, 0x12, 0x31, 0x78, 0x3D, 0xF2, 0x5E, 0x5E, 0xD2, 0x46,
    0xD0, 0x0A, 0xEA, 0x8F, 0x41, 0x8F, 0x5A, 0xBE, 0x3A, 0xE9, 0xDE, 0xB0, 0x9A, 0x6F, 0xD8, 0xC6,
    0xA7, 0x8C, 0x6F, 0x0C, 0xBE, 0xD7, 0x1A, 0xC5, 0x1F, 0x1A, 0xEF, 0xE5, 0x17, 0x05, 0x4F, 0x9A,
    0x34, 0x47, 0x9F, 0xA6, 0x0F, 0xEF, 0xB3, 0xA1, 0x7E, 0xDA, 0x7A, 0x74, 0x93, 0xC0, 0x79, 0x34,
    0xD3, 0x3A, 0x6F, 0xA7, 0x7E, 0xDC, 0x5A, 0x49, 0xCB, 0x85, 0xF7, 0x4E, 0xE3, 0x53, 0xF6, 0xD0,
    0xE8, 0x2E, 0x0F, 0xFE, 0x7D, 0xE2, 0x14, 0xBB, 0xD9, 0xA7, 0x45, 0xF1, 0xC6, 0xEC, 0xCF, 0x27,
    0xC5, 0xD7, 0xF7, 0x8F, 0xA5, 0x46, 0xAD, 0xC7, 0x0F, 0x8D, 0x07, 0x05, 0x0B, 0x3C, 0x2C, 0x90,
    0xCB, 0xD5, 0x46, 0x40, 0xC1, 0xDB, 0x8F, 0x5E, 0xA3, 0x0F, 0xEE, 0x8A, 0xD7, 0x14, 0x27, 0xC5,
    0x51, 0xD1, 0x94, 0x94, 0x7B, 0xFE, 0xF4, 0xC3, 0xBA, 0x62, 0x02, 0xB1, 0xAA, 0x17, 0x76, 0x83,
    0x47, 0x4A, 0xB3, 0xF9, 0x6D, 0x2E, 0x07, 0xE1, 0x67, 0xB0, 0x36, 0x4D, 0xAF, 0x13, 0x35, 0xAD,
    0xE7, 0x0E, 0x1D, 0xBE, 0xF3, 0x66, 0xC2, 0x05, 0xB9, 0x49, 0x48, 0xE1, 0x03, 0x1A, 0xCF, 0x77,
    0x38, 0x78, 0xFE, 0x96, 0xD6, 0xD3, 0x76, 0x4E, 0xA8, 0x97, 0xCC, 0xB3, 0xA4, 0x30, 0xE7, 0xCF,
    0x3C, 0x15, 0xFF, 0xCB, 0x33, 0xE1, 0xEF, 0x3C, 0xD1, 0x51, 0xA8, 0x03, 0xCB, 0xC0, 0x3C, 0x50,
    0xD1, 0xA4, 0xF7, 0x90, 0xD0, 0x68, 0x5A, 0x74, 0x81, 0xDA, 0x60, 0x6D, 0xDF, 0x0F, 0xA4, 0x40,
    0x05, 0x66, 0xB3, 0xB0, 0x18, 0xB7, 0x2F, 0xEF, 0x5D, 0x01, 0x9E, 0xC1, 0xC6, 0xCA, 0x34, 0x74,
    0x81, 0x82, 0x03, 0x74, 0x98, 0x21, 0x37, 0x64, 0x9C, 0xEB, 0x1D, 0xEB, 0x0C, 0xF9, 0x14, 0xA9,
    0x54, 0x0B, 0xB2, 0x49, 0x58, 0xB8, 0x2D, 0x55, 0x60, 0x32, 0x0A, 0xF3, 0x21, 0xB0, 0x7E, 0x5A,
    0xFA, 0x3C, 0xD9, 0x0F, 0xEF, 0xE1, 0x9D, 0x03, 0xAB, 0xAD, 0x03, 0xE8, 0x56, 0xB3, 0xFC, 0x6D,
    0xBD, 0xD2, 0x2B, 0xA7, 0xB0, 0xAF, 0xEE, 0x40, 0x85, 0x0A, 0x95, 0x2D, 0x90, 0xD9, 0x46, 0xC2,
    0xE4, 0xEC, 0x09, 0x4E, 0x42, 0x6D, 0x85, 0xA5, 0x11, 0xE2, 0x29, 0xF7, 0xD5, 0x23, 0xAB, 0x6B,
    0x93, 0x10, 0xFA, 0xF0, 0xEC, 0x23, 0x0A, 0xBB, 0x5D, 0x7E, 0x1D, 0x03, 0xD5, 0x80, 0x7F, 0x2A,
    0x27, 0x54, 0xA6, 0x9A, 0x3A, 0x62, 0x57, 0xF1, 0xBE, 0x14, 0xA6, 0x48, 0x71, 0xD0, 0x4B, 0xCA,
    0x3E, 0x14, 0xC0, 0xE1, 0xC9, 0x9D, 0x0E, 0x2E, 0x25, 0x7F, 0xC4, 0x79, 0xE5, 0x9E, 0xBC, 0x51,
    0x85, 0x0F, 0x6B, 0xD4, 0x07, 0x8F, 0xDE, 0xA8, 0xAD, 0x50, 0xD7, 0x40, 0x52, 0x17, 0xA2, 0x8B,
    0x7D, 0xC9, 0xB3, 0x9A, 0x27, 0xCF, 0x92, 0x83, 0x67, 0xB6, 0xC4, 0x66, 0xAB, 0x43, 0xAB, 0x85,
    0x46, 0x0B, 0x6D, 0x16, 0x9A, 0x4C, 0xB4, 0x7F, 0x3C, 0x68, 0xDA, 0x15, 0x00, 0x04, 0x94, 0x01,
    0x13, 0x70, 0xBB, 0xB4, 0x48, 0x78, 0x43, 0xD4, 0xB9, 0x6B, 0xD6, 0x7B, 0x00, 0xDF, 0x02, 0xCE,
    0x5C, 0xB8, 0x20, 0x91, 0x91, 0x1B, 0xE6, 0xC2, 0xB5, 0x9D, 0xDD, 0x8F, 0x39, 0x35, 0xD0, 0x90,
    0x16, 0x69, 0xD8, 0xDF, 0x96, 0x53, 0x3E, 0xC5, 0x1C, 0xBB, 0x87, 0x64, 0xC6, 0x85, 0xB6, 0x66,
    0x02, 0x68, 0xBB, 0x40, 0x8E, 0x0F, 0x67, 0x37, 0x6D, 0x19, 0x9F, 0xD2, 0xA1, 0x84, 0x32, 0x94,
    0x16, 0x4A, 0x16, 0x15, 0x25, 0xF0, 0xEE, 0x3E, 0x6D, 0x88, 0xAA, 0x06, 0x70, 0x51, 0x22, 0x21,
    0x7B, 0xC1, 0x10, 0x71, 0xD4, 0xAA, 0xA5, 0x46, 0x22, 0x51, 0xE6, 0x4B, 0x31, 0xA3, 0x74, 0x2A,
    0xAE, 0x38, 0x9B, 0x2E, 0x6E, 0x83, 0x48, 0xD8, 0x0B, 0x06, 0x5A, 0xAC, 0x21, 0xA7, 0x9D, 0x5C,
    0x68, 0xE4, 0x16, 0x3D, 0x29, 0xB6, 0x85, 0xCB, 0x88, 0x8C, 0x37, 0xDC, 0xF6, 0x2F, 0x7B, 0x1E,
    0x48, 0x3D, 0x8B, 0xBA, 0x68, 0x3D, 0xEF, 0x77, 0x00, 0x14, 0x17, 0xCF, 0x84, 0x53, 0x50, 0xA9,
    0x3E, 0x7D, 0x5A, 0x25, 0xFB, 0xB8, 0x82, 0xD4, 0xC2, 0x02, 0xEE, 0xE8, 0xF6, 0x81, 0xA7, 0xA4,
    0x1A, 0x5E, 0x50, 0xBD, 0x67, 0x57, 0x58, 0x4F, 0x96, 0x03, 0x90, 0xCC, 0xDA, 0x00, 0x6A, 0xD4,
    0xF0, 0x1C, 0x6E, 0x79, 0xA6, 0xED, 0x9F, 0x9C, 0x3E, 0xED, 0x80, 0xFD, 0xE7, 0x24, 0xCC, 0xDB,
    0x40, 0x3E, 0x12, 0x28, 0xFE, 0x77, 0xF6, 0xF8, 0xA5, 0x03, 0x2A, 0x99, 0x49, 0xEA, 0xBC, 0x07,
    0x5E, 0x94, 0xBE, 0xF0, 0x4C, 0xF2, 0x14, 0x54, 0x3C, 0x1B, 0x88, 0x8C, 0x62, 0x06, 0x4D, 0xF4,
    0x29, 0x87, 0x82, 0xA8, 0x64, 0x78, 0xEF, 0x7D, 0x69, 0x3C, 0xE4, 0x63, 0xAA, 0x39, 0x7A, 0xED,
    0xC4, 0x03, 0x8D, 0x78, 0x79, 0x63, 0x4D, 0xDE, 0xA7, 0x16, 0x1C, 0xBD, 0xFF, 0xF6, 0xCA, 0xF3,
    0x88, 0x4F, 0xB7, 0xF7, 0x35, 0xE2, 0xB1, 0x87, 0x75, 0x39, 0x3A, 0x94, 0xAB, 0x86, 0xF8, 0x3D,
    0x99, 0x0D, 0x53, 0x7D, 0xE4, 0x36, 0xC6, 0x51, 0x0C, 0x68, 0x78, 0x83, 0xE4, 0x80, 0x9C, 0x14,
    0xBF, 0xF9, 0x3B, 0x53, 0xB5, 0x84, 0x1D, 0xBA, 0x64, 0x4F, 0x1A, 0xAF, 0xCE, 0x03, 0x57, 0x5A,
    0xD1, 0xC7, 0x16, 0x4E, 0x14, 0xB2, 0xB9, 0x13, 0x8D, 0x86, 0x7C, 0x09, 0x8A, 0x14, 0xC1, 0x91,
    0xDE, 0x61, 0xED, 0x06, 0x40, 0x32, 0x2D, 0xD0, 0x45, 0x27, 0x8A, 0x4D, 0x78, 0x46, 0x34, 0x5B,
    0xB0, 0x2B, 0xAA, 0x91, 0x1E, 0x37, 0xDE, 0x89, 0xDB, 0x18, 0xDA, 0xD5, 0x96, 0xB9, 0x28, 0xDF,
    0xB3, 0x82, 0xD4, 0x6D, 0x57, 0x8E, 0xB4, 0x13, 0x4A, 0xA9, 0xEB, 0x65, 0xAE, 0x1E, 0x6B, 0x23,
    0xF9, 0x6E, 0x20, 0x07, 0xD9, 0x0F, 0x16, 0xB7, 0x23, 0x78, 0x49, 0xA3, 0xCA, 0x47, 0x39, 0x0B,
    0xAB, 0x49, 0xD8, 0x0D, 0x9E, 0xF2, 0xAC, 0x27, 0x6B, 0xCF, 0xD7, 0x69, 0x43, 0xFE, 0x28, 0xD4,
    0xEE, 0x28, 0xAB, 0x39, 0x70, 0x41, 0xD0, 0xB1, 0x26, 0x5D, 0xC1, 0xC9, 0x53, 0x6D, 0xDF, 0x28,
    0x6A, 0x58, 0xAF, 0x8F, 0x54, 0x02, 0x2D, 0xA7, 0xAC, 0x43, 0x5D, 0x3C, 0x24, 0x0B, 0xB5, 0x40,
    0xEC, 0x0F, 0x53, 0x89, 0xA2, 0x58, 0xA0, 0x59, 0x11, 0x0D, 0x1B, 0x42, 0xF1, 0x9D, 0xD9, 0xA3,
    0x7F, 0xC5, 0xA3, 0xC5, 0x23, 0x43, 0xD3, 0x09, 0xE6, 0xD3, 0xA5, 0x45, 0x82, 0xED, 0xEC, 0x42,
    0xDB, 0x2D, 0xCB, 0xC0, 0xEC, 0xD0, 0xF2, 0xD1, 0x1F, 0x7F, 0x5C, 0x72, 0x44, 0x7B, 0x4E, 0x40,
    0x00, 0x49, 0x44, 0xBD, 0x3A, 0x85, 0x96, 0x53, 0xE7, 0x81, 0x41, 0x10, 0x36, 0xCA, 0xC4, 0x9D,
    0x32, 0x71, 0xAB, 0x0C, 0x0A, 0x8E, 0x9B, 0x15, 0x4B, 0xB0, 0x15, 0x5E, 0x3C, 0x8D, 0xFD, 0xEE,
    0x79, 0xFF, 0x1F, 0x1C, 0xA4, 0xDA, 0xDF, 0xB0, 0x40, 0xC9, 0x1E, 0xC8, 0x69, 0xD6, 0x2B, 0x1D,
    0x1B, 0x25, 0xF0, 0xF1, 0x09, 0x9D, 0xD4, 0xEB, 0x9E, 0xAF, 0x05, 0xF4, 0x08, 0xF7, 0x14, 0x93,
    0x28, 0x28, 0x17, 0x77, 0xAE, 0x7B, 0x90, 0x13, 0x72, 0xDE, 0x5D, 0x50, 0x4E, 0x58, 0xA0, 0xAD,
    0x47, 0xB3, 0xC2, 0x4F, 0xD0, 0x4C, 0xEB, 0xED, 0x37, 0x5A, 0x84, 0xAF, 0xC8, 0x16, 0x79, 0xFC,
    0x69, 0xA1, 0x0B, 0xE7, 0x90, 0xC3, 0x5A, 0x0E, 0x43, 0x0C, 0xE6, 0x36, 0x52, 0x9A, 0xCE, 0xA3,
    0x95, 0x4A, 0x80, 0xC8, 0x17, 0xF0, 0x7E, 0x37, 0xC9, 0xBD, 0x3D, 0x70, 0xF1, 0xEA, 0x7A, 0x0E,
    0xC9, 0xA0, 0x45, 0xDC, 0xFB, 0x2C, 0x45, 0x1B, 0x60, 0x77, 0x3B, 0x6B, 0x4C, 0xBA, 0x77, 0x51,
    0x90, 0x46, 0x0F, 0xDA, 0x34, 0xA6, 0x34, 0x34, 0x85, 0x91, 0x08, 0xC8, 0x7D, 0x74, 0x14, 0xA5,
    0x44, 0x79, 0xF6, 0x49, 0x47, 0x8B, 0x1D, 0x5A, 0x87, 0xC6, 0xCE, 0xD0, 0xC3, 0x82, 0xC6, 0xF0,
    0x80, 0x6D, 0xC3, 0x19, 0xC9, 0x41, 0x8D, 0x68, 0xA9, 0x5B, 0xCF, 0xAD, 0x2B, 0x1A, 0xA0, 0xBB,
    0x6B, 0x91, 0xCE, 0x3E, 0x33, 0xED, 0xF1, 0xE2, 0xC9, 0xC9, 0x70, 0x26, 0x4C, 0x3F, 0x62, 0xF3,
    0xD0, 0x21, 0x5D, 0x96, 0x30, 0x4D, 0x29, 0xDA, 0xC2, 0xEC, 0x20, 0x3D, 0x4E, 0x19, 0x4E, 0xA4,
    0x8E, 0x7F, 0xF9, 0x16, 0x80, 0xCC, 0x6C, 0xF6, 0x44, 0x50, 0xD0, 0x01, 0xF8, 0x2C, 0x3D, 0xB4,
    0x0B, 0x03, 0x96, 0x63, 0xAA, 0x62, 0x57, 0x03, 0x2F, 0x00, 0x3E, 0x3B, 0xCE, 0xBA, 0x95, 0x4F,
    0x7F, 0x37, 0xC5, 0x5D, 0x7D, 0x52, 0x7D, 0xD9, 0x73, 0x97, 0x8C, 0x70, 0x00, 0xF3, 0x11, 0xD0,
    0x12, 0x5F, 0x11, 0xAA, 0xB1, 0x88, 0xCA, 0xD7, 0x70, 0x62, 0xBD, 0x40, 0x5A, 0x5A, 0xA6, 0xA8,
    0x6A, 0x6C, 0xE2, 0xF4, 0x94, 0x13, 0xA0, 0xED, 0x7A, 0x62, 0x7A, 0xAC, 0xBD, 0x40, 0xD3, 0x9B,
    0x59, 0xB1, 0xA6, 0x2D, 0x8D, 0x06, 0x6D, 0x61, 0x9A, 0x43, 0xFC, 0x23, 0xCF, 0x9D, 0x16, 0x9E,
    0xC0, 0x31, 0x30, 0xE1, 0xE8, 0xA9, 0x49, 0xB3, 0x26, 0x0A, 0x60, 0xC3, 0xD2, 0x1E, 0x5A, 0x15,
    0x09, 0xFC, 0x76, 0x20, 0x47, 0xE1, 0xC5, 0xFA, 0xD0, 0xE6, 0x59, 0x02, 0x49, 0x10, 0x18, 0xC8,
    0x78, 0x01, 0x1D, 0x19, 0x52, 0x4E, 0x3C, 0x52, 0x8A, 0x7F, 0xF5, 0x79, 0xDB, 0x27, 0x02, 0xA2,
    0x73, 0xB9, 0x0F, 0xE4, 0xF1, 0x75, 0x18, 0xDF, 0xC7, 0x0B, 0xF0, 0x39, 0xEF, 0xBB, 0x09, 0x38,
    0x2F, 0xA3, 0x52, 0x24, 0x00, 0x2A, 0x94, 0x72, 0xCF, 0x10, 0x67, 0x2B, 0x6E, 0x53, 0x23, 0x34,
    0xFD, 0x66, 0xCE, 0x22, 0x76, 0x4A, 0xB4, 0xCD, 0x06, 0xA0, 0xB0, 0xAB, 0x24, 0xC7, 0x3D, 0xBA,
    0xC2, 0x80, 0x45, 0x9B, 0xB0, 0x38, 0x3E, 0xED, 0xCE, 0x4A, 0xBF, 0xF3, 0xD6, 0xAF, 0x78, 0x81,
    0xF7, 0x2E, 0xF5, 0xB7, 0xC0, 0x21, 0x0B, 0x54, 0x83, 0x0B, 0xBC, 0xE9, 0x99, 0xF6, 0xF0, 0x04,
    0xDE, 0xCF, 0x94, 0xE4, 0x18, 0x19, 0x73, 0x1E, 0x8F, 0x36, 0xD6, 0xBD, 0xDD, 0x28, 0x50, 0xC7,
    0xD4, 0xD5, 0x61, 0x40, 0x51, 0x92, 0x6D, 0xE3, 0xD3, 0x97, 0x79, 0x50, 0x2B, 0xD6, 0x38, 0x9C,
    0x34, 0x29, 0x49, 0x8E, 0x1F, 0x92, 0x5A, 0xA4, 0xFC, 0x4D, 0x0B, 0x29, 0x54, 0xB3, 0x45, 0xB2,
    0x07, 0xE0, 0xD3, 0xED, 0x19, 0x4F, 0xE8, 0xA9, 0x10, 0xD7, 0x91, 0xE2, 0xC8, 0x45, 0x5C, 0x5C,
    0x28, 0xC0, 0xDE, 0x76, 0x0D, 0x2C, 0x14, 0x4E, 0xAE, 0x5D, 0xC6, 0x5F, 0xE3, 0xFF, 0xBF, 0x85,
    0x94, 0x3D, 0x54, 0x7F, 0xDC, 0x6E, 0x40, 0x66, 0xC2, 0x7B, 0x2E, 0x37, 0x41, 0x94, 0xC2, 0xBB,
    0xCE, 0x45, 0x35, 0xF8, 0xB7, 0x12, 0x60, 0x41, 0x3A, 0x04, 0xB9, 0x07, 0x6C, 0x36, 0xAE, 0x25,
    0xFB, 0x89, 0x5C, 0x72, 0x79, 0x0B, 0x54, 0xEC, 0x62, 0xCC, 0x9E, 0x2F, 0x96, 0x33, 0xB0, 0xD9,
    0xB4, 0xB2, 0xB5, 0x8B, 0x48, 0xAE, 0xA2, 0x61, 0x4A, 0x87, 0x8E, 0xCA, 0x33, 0x27, 0xF4, 0x84,
    0xEC, 0xF7, 0x32, 0x7F, 0x08, 0xEB, 0x70, 0xF5, 0xA7, 0x9C, 0xE2, 0x2E, 0x29, 0x09, 0xAB, 0x62,
    0x0B, 0x3A, 0x4F, 0x91, 0xB9, 0x46, 0xF8, 0x1F, 0x29, 0xA2, 0x8A, 0xEE, 0xA8, 0x0B, 0xF6, 0x09,
    0x92, 0xB9, 0xA0, 0x3B, 0x42, 0xB1, 0x13, 0x94, 0xF6, 0x8B, 0xF8, 0xBC, 0x27, 0x5E, 0xC5, 0x4B,
    0xE2, 0xF4, 0x81, 0x13, 0x57, 0x72, 0x14, 0x97, 0xB1, 0x87, 0xD8, 0xF7, 0x3E, 0x49, 0x0A, 0x7F,
    0x1E, 0x9F, 0xF6, 0xDC, 0x45, 0xE9, 0x59, 0xB5, 0xB7, 0x37, 0x3A, 0x67, 0xB1, 0x4E, 0x5D, 0x7F,
    0x92, 0x6A, 0x83, 0x38, 0xB4, 0x69, 0x24, 0xBF, 0x3C, 0x1C, 0x72, 0xD9, 0x9D, 0x7E, 0x7D, 0xED,
    0x13, 0x27, 0x3A, 0xCE, 0x04, 0xB2, 0xF7, 0x50, 0x0F, 0xAC, 0x67, 0x66, 0x26, 0xCF, 0xDC, 0xDC,
    0x8A, 0xC7, 0x9B, 0xFC, 0x24, 0xDC, 0x83, 0xCF, 0x9E, 0x54, 0x03, 0x4C, 0xA5, 0x30, 0x75, 0xBA,
    0x05, 0xA0, 0x5C, 0x27, 0x99, 0xB9, 0x5D, 0x3C, 0x51, 0xFC, 0x4B, 0xEC, 0xFC, 0x2F, 0x5B, 0x71,
    0xFF, 0x2F, 0x31, 0x9F, 0xA4, 0x06, 0xF8, 0x54, 0x52, 0x7B, 0x36, 0x45, 0xEF, 0xC9, 0x6A, 0x10,
    0x6A, 0xB3, 0xAE, 0xA8, 0x1A, 0x3B, 0x78, 0x0E, 0x2E, 0x34, 0xC6, 0x08, 0xB1, 0x67, 0x4F, 0xA0,
    0x01, 0x4E, 0x54, 0xC8, 0x36, 0x0A, 0x09, 0x11, 0xF2, 0xE0, 0x61, 0x42, 0xDE, 0x40, 0xB0, 0xD7,
    0x02, 0xE1, 0x02, 0x93, 0xE8, 0x52, 0x7E, 0x2B, 0x9C, 0x31, 0x9E, 0x72, 0x42, 0x78, 0xA2, 0x7D,
    0x8A, 0xEA, 0xED, 0x84, 0x20, 0x0B, 0xB3, 0x5D, 0x93, 0xD1, 0x26, 0xF0, 0x37, 0x81, 0xAC, 0x3D,
    0x4B, 0x86, 0x60, 0xAF, 0x0A, 0xB7, 0xD6, 0xD4, 0xC2, 0xCD, 0x3F, 0xBD, 0xCD, 0xAB, 0x10, 0x28,
    0x1F, 0xCC, 0xEB, 0x5B, 0xBA, 0x78, 0xD3, 0x57, 0x91, 0xE3, 0x90, 0x75, 0x74, 0x25, 0x99, 0xD3,
    0x52, 0xC2, 0x90, 0x83, 0x92, 0xFD, 0x19, 0xFE, 0x3A, 0xB9, 0x5D, 0x67, 0x34, 0x09, 0x07, 0xDC,
    0x82, 0xA2, 0x49, 0x69, 0x21, 0x61, 0xF7, 0x8A, 0x16, 0x61, 0x0B, 0x6D, 0xC6, 0x31, 0xB1, 0xA2,
    0x7B, 0xDE, 0x4D, 0x69, 0x38, 0x28, 0x2E, 0x39, 0x35, 0x00, 0x9D, 0x2D, 0x0A, 0xA7, 0x0C, 0xA0,
    0xA7, 0xAA, 0x98, 0x33, 0x39, 0x70, 0xBB, 0xF9, 0x12, 0x86, 0x1D, 0xEE, 0xC5, 0x8C, 0x85, 0x84,
    0xE5, 0x5E, 0x55, 0xE1, 0xA0, 0x98, 0x6F, 0x2A, 0xFE, 0x95, 0x1C, 0x2C, 0x63, 0xCA, 0x7F, 0x00,
    0x90, 0xD3, 0xC6, 0x46, 0x50, 0x1C, 0xB0, 0x3A, 0xE8, 0x11, 0xEA, 0x93, 0xD2, 0xA0, 0x89, 0xAF,
    0x18, 0x03, 0x2D, 0x07, 0x60, 0x0B, 0x3D, 0xE0, 0x3D, 0x16, 0xDE, 0x02, 0x9B, 0xC9, 0x54, 0xBC,
    0x2D, 0x16, 0x24, 0xF3, 0xED, 0xA0, 0x8E, 0xD5, 0x35, 0x10, 0x66, 0xDD, 0x92, 0x89, 0x14, 0x6B,
    0x3B, 0x38, 0xB8, 0x7C, 0x70, 0xFD, 0xEC, 0x75, 0xF2, 0x97, 0xD2, 0x34, 0x97, 0xF8, 0x7A, 0xF7,
    0xEE, 0xB9, 0x77, 0x8B, 0x05, 0x9D, 0x55, 0x43, 0x4E, 0x70, 0xCC, 0x4C, 0x46, 0xD0, 0xE5, 0x46,
    0xF1, 0x32, 0x5D, 0xD1, 0xA6, 0xBC, 0xF3, 0xF6, 0x5C, 0x20, 0xE1, 0x9D, 0x9F, 0x2D, 0x15, 0xC0,
    0x7F, 0xBB, 0xC3, 0x5D, 0x59, 0x6D, 0xF8, 0x3A, 0x5F, 0x05, 0x34, 0x13, 0x3A, 0x71, 0x21, 0xFC,
    0x6A, 0x46, 0x67, 0x81, 0xC2, 0xA1, 0x11, 0x37, 0x41, 0xF7, 0x40, 0x3E, 0xA2, 0x32, 0x38, 0x62,
    0xCA, 0x09, 0x0B, 0x0A, 0x35, 0xE5, 0x32, 0x6F, 0x58, 0x40, 0x4D, 0x72, 0x41, 0x36, 0xE6, 0x6D,
    0xDA, 0x6E, 0x29, 0x38, 0x30, 0xB0, 0xE4, 0x9B, 0xBE, 0xC9, 0x44, 0x2A, 0xE9, 0x57, 0x36, 0x34,
    0xCD, 0xA8, 0x3C, 0xBB, 0xD8, 0x16, 0xAE, 0xF0, 0xAC, 0x96, 0xA0, 0x39, 0x5F, 0x08, 0x3A, 0xDF,
    0xDA, 0x6C, 0x88, 0x4F, 0x1F, 0x63, 0x02, 0x62, 0x8F, 0x4E, 0x40, 0xCE, 0x6C, 0x7A, 0x6A, 0x37,
    0xAC, 0x66, 0x28, 0x8A, 0x6E, 0x35, 0x83, 0x2A, 0xEB, 0xB2, 0xC5, 0xA7, 0x90, 0xAE, 0xE5, 0xBD,
    0x72, 0xF1, 0x1A, 0x39, 0xD2, 0x5D, 0xE2, 0x95, 0x4B, 0x6F, 0x15, 0xAC, 0x8B, 0xB0, 0x0E, 0x5F,
    0x2B, 0x9A, 0x52, 0x9A, 0x77, 0x17, 0xE0, 0xF0, 0xA2, 0xF4, 0x21, 0x91, 0xCF, 0xDE, 0xF4, 0x98,
    0xAC, 0x74, 0x17, 0x8F, 0x62, 0xD9, 0x2E, 0xA8, 0xB5, 0x02, 0x09, 0x47, 0x80, 0x59, 0x20, 0xB5,
    0x11, 0x65, 0xAA, 0xD6, 0x02, 0xCD, 0x3B, 0xD2, 0x11, 0x63, 0x90, 0x52, 0xD7, 0xC9, 0x03, 0xC9,
    0x15, 0x5C, 0x01, 0x32, 0xA7, 0x66, 0xE9, 0x77, 0xF9, 0x22, 0xCC, 0x3C, 0x95, 0x0B, 0x82, 0xEF,
    0x61, 0xEF, 0x54, 0xE9, 0x7A, 0x74, 0x63, 0xDA, 0xF4, 0xD0, 0x8D, 0x69, 0x15, 0xC9, 0x49, 0x07,
    0x98, 0x84, 0x56, 0xB7, 0x8A, 0x83, 0x16, 0x99, 0x34, 0x0A, 0xE2, 0x0B, 0xD0, 0x8B, 0x3C, 0xEB,
    0x3C, 0x38, 0xC6, 0x80, 0xE2, 0xF8, 0xA3, 0xD8, 0xFC, 0xBF, 0x7E, 0x7A, 0xF6, 0xE0, 0x14, 0x63,
    0xF8, 0x56, 0xA8, 0xA9, 0xA8, 0xEC, 0x0A, 0x22, 0x75, 0x7A, 0x81, 0x72, 0x0D, 0xC9, 0x08, 0xA0,
    0x6C, 0x63, 0x63, 0xD3, 0x20, 0x61, 0x1D, 0x82, 0xC9, 0xA5, 0x71, 0x5A, 0x20, 0x41, 0xB0, 0xB3,
    0x07, 0x07, 0xD7, 0x34, 0xB9, 0xE8, 0x5F, 0x35, 0x4E, 0xD7, 0xCD, 0xA4, 0x41, 0xAB, 0xA5, 0xD8,
    0x8C, 0x2D, 0x0A, 0xCA, 0x17, 0xC6, 0xDA, 0xD0, 0xC2, 0x67, 0xEF, 0xFA, 0xEC, 0xA6, 0x20, 0x6E,
    0xFB, 0xEC, 0xA5, 0x21, 0x43, 0x42, 0x34, 0xF1, 0xB1, 0xB1, 0x37, 0xCD, 0x1E, 0x5B, 0xFC, 0x8B,
    0x27, 0x53, 0xFB, 0x74, 0x1F, 0x28, 0x1C, 0x50, 0xAD, 0x52, 0xE9, 0xE2, 0xFC, 0x1B, 0xC7, 0x58,
    0xF3, 0xB0, 0x00, 0x7E, 0x0B, 0xAF, 0x01, 0xCD, 0x0F, 0xE4, 0x2B, 0x24, 0xE6, 0x8C, 0x46, 0xA2,
    0xAF, 0x01, 0x5C, 0x3F, 0x91, 0x9A, 0x27, 0x2D, 0x64, 0x8F, 0xD4, 0x90, 0xB8, 0xCA, 0xA0, 0x63,
    0x1D, 0x8A, 0x17, 0x25, 0x32, 0x7B, 0xBC, 0xB5, 0x97, 0xE5, 0x95, 0x94, 0x13, 0x8A, 0xBB, 0x33,
    0xF4, 0xCF, 0x17, 0xF0, 0x8E, 0x4B, 0xD8, 0xEE, 0xA5, 0x9B, 0xBD, 0x60, 0xF5, 0x13, 0xA4, 0x36,
    0x84, 0xA0, 0xE9, 0x42, 0xFA, 0x3F, 0xED, 0x9B, 0x31, 0xB4, 0xE6, 0x46, 0x75, 0xC7, 0xFF, 0x92,
    0xBC, 0x4F, 0xC9, 0x2A, 0x39, 0x43, 0x01, 0x49, 0x58, 0x27, 0x47, 0x29, 0x68, 0xBC, 0x27, 0x41,
    0x4D, 0x0A, 0x8A, 0x78, 0x47, 0xC4, 0xA5, 0x0B, 0x5C, 0xEC, 0x86, 0x82, 0x02, 0x0A, 0x0A, 0xB2,
    0xCD, 0xB6, 0x29, 0xC0, 0x12, 0x76, 0x41, 0x41, 0xF3, 0x52, 0x90, 0x36, 0x5B, 0x6C, 0x61, 0x3F,
    0x17, 0xDB, 0x50, 0xB8, 0xB0, 0xAD, 0x09, 0x14, 0x29, 0x23, 0x42, 0xA8, 0x52, 0x44, 0x10, 0x38,
    0x39, 0xC7, 0x14, 0x1E, 0x1F, 0x2B, 0x07, 0xB1, 0x19, 0xE9, 0x9F, 0xB9, 0x57, 0xD2, 0xF7, 0xBE,
    0xBC, 0x5D, 0x83, 0x31, 0x7B, 0xD6, 0xEB, 0x4D, 0xEE, 0x3E, 0xFD, 0xEE, 0x5F, 0x5A, 0xBD, 0xF9,
    0xA4, 0x7B, 0x47, 0xA3, 0xEF, 0x8E, 0xF4, 0x00, 0x20, 0x3D, 0x15, 0x1A, 0x7F, 0xCE, 0x22, 0xF2,
    0xCA, 0x69, 0xE6, 0x51, 0x90, 0xCF, 0x0D, 0x68, 0xC8, 0x5F, 0xB8, 0x94, 0xAE, 0x22, 0x0A, 0xFD,
    0x31, 0x33, 0x32, 0xB6, 0x55, 0x40, 0xDC, 0x68, 0x03, 0x12, 0x0E, 0xCD, 0x04, 0xD0, 0x77, 0x4A,
    0x8E, 0x0F, 0x66, 0x37, 0x9D, 0x73, 0xFD, 0x2D, 0xAB, 0x2D, 0x94, 0xDA, 0xDA, 0xDA, 0x72, 0x16,
    0x57, 0x03, 0xD0, 0xDD, 0xA3, 0x07, 0x0C, 0x59, 0x03, 0xB8, 0x79, 0x8A, 0xC3, 0x61, 0x1A, 0xBF,
    0xA3, 0x10, 0x64, 0x1E, 0xD5, 0xF2, 0x9C, 0x4F, 0xE4, 0x00, 0x8B, 0xC5, 0xB0, 0x2E, 0x43, 0x46,
    0xD8, 0x31, 0xA3, 0xEB, 0x7C, 0x4A, 0x47, 0x9F, 0xB0, 0x17, 0x0C, 0xF4, 0xD8, 0x21, 0xAB, 0x5D,
    0x44, 0xDF, 0xC8, 0x2E, 0x76, 0xCA, 0xD8, 0x9A, 0x90, 0x13, 0x39, 0xEF, 0xCA, 0x47, 0xB3, 0x07,
    0x4E, 0xEE, 0x60, 0xB5, 0xB4, 0x55, 0x67, 0x86, 0xD5, 0xF9, 0x63, 0x57, 0x6C, 0xAE, 0xB7, 0x24,
    0xC8, 0x56, 0xDD, 0x84, 0x9C, 0x3F, 0xC3, 0x1F, 0xF6, 0x48, 0xD9, 0x23, 0x7B, 0xE8, 0x6E, 0x40,
    0xEE, 0x90, 0xD0, 0xA3, 0x70, 0x40, 0x74, 0x26, 0xBA, 0x2E, 0xC0, 0xD6, 0x80, 0xE5, 0xDF, 0x2F,
    0xD0, 0xA0, 0x05, 0x00, 0x29, 0xA9, 0xC7, 0x7C, 0xE5, 0x55, 0xAC, 0x96, 0xEC, 0x27, 0x72, 0x31,
    0xD7, 0xCA, 0x6C, 0x50, 0x3A, 0xDC, 0x44, 0xD2, 0xD5, 0x0D, 0x53, 0x06, 0x74, 0xCC, 0x22, 0x0B,
    0xC2, 0x4E, 0xC8, 0x7F, 0x25, 0x8B, 0x07, 0xB0, 0xD6, 0xFF, 0xFD, 0x1E, 0x27, 0x64, 0x24, 0x25,
    0xD1, 0xAC, 0xD8, 0x82, 0x41, 0x78, 0xB9, 0xBD, 0x54, 0x63, 0xB3, 0xE4, 0x36, 0xBE, 0x76, 0xD0,
    0x21, 0x0D, 0xD8, 0xAD, 0xF9, 0x82, 0x3F, 0xE8, 0x8A, 0xEE, 0xA0, 0x0D, 0xEB, 0x83, 0xCE, 0x16,
    0xBC, 0xAF, 0x59, 0xF2, 0x5E, 0x8D, 0x84, 0x24, 0x07, 0x1B, 0x31, 0x6D, 0x3A, 0xE5, 0xCF, 0x6E,
    0x11, 0xC9, 0x72, 0xE3, 0x8B, 0xEC, 0xC1, 0x3E, 0xA3, 0x4B, 0xE4, 0x50, 0x5B, 0xC8, 0xAA, 0x4F,
    0x46, 0x18, 0x42, 0xB4, 0x9D, 0x12, 0x8F, 0x6A, 0x5E, 0x75, 0x48, 0x3D, 0x9A, 0xA0, 0xBA, 0x9C,
    0x01, 0xD0, 0xAB, 0x36, 0x0B, 0x34, 0x2B, 0xBB, 0xCE, 0xE8, 0x56, 0xCD, 0xF5, 0x38, 0x77, 0x5D,
    0x2E, 0x38, 0x68, 0x1B, 0xCE, 0x75, 0x37, 0x6E, 0x7A, 0xD1, 0xAC, 0xEE, 0xED, 0x6B, 0x33, 0xA2,
    0x2B, 0x49, 0x40, 0x8B, 0xED, 0x18, 0xF4, 0x57, 0x46, 0xD1, 0x8D, 0x87, 0x9D, 0x91, 0xA8, 0xE6,
    0x80, 0x66, 0x42, 0x2A, 0x5A, 0x7E, 0x8F, 0x1E, 0xD9, 0x98, 0xB0, 0xBF, 0x45, 0xA4, 0xD2, 0xDA,
    0x68, 0xC9, 0x2D, 0x0B, 0x14, 0xBD, 0xD4, 0xAB, 0xDE, 0x83, 0xFB, 0x0C, 0x2E, 0xEF, 0xF1, 0xB4,
    0xAD, 0xAD, 0xD7, 0xA8, 0xC1, 0xFC, 0x78, 0xC6, 0xFA, 0x8B, 0xC8, 0x22, 0xD6, 0x98, 0xE9, 0x31,
    0x6E, 0x1F, 0x83, 0x6E, 0x3D, 0xD3, 0xBD, 0x1D, 0x0D, 0xD8, 0xB9, 0x0C, 0x29, 0x49, 0xBF, 0x9E,
    0x4E, 0xB6, 0x4B, 0xB3, 0x64, 0xCB, 0x19, 0xFB, 0x4D, 0xFA, 0x8C, 0xAD, 0x4A, 0x66, 0x7D, 0x41,
    0xAC, 0x32, 0x6D, 0x4D, 0x38, 0x8F, 0xD4, 0x74, 0x90, 0x9D, 0x3F, 0x8F, 0x93, 0x3B, 0x0F, 0x53,
    0x7D, 0x88, 0xD2, 0x72, 0x08, 0x52, 0x19, 0x80, 0x3D, 0x46, 0x23, 0xFC, 0x1A, 0x22, 0xF9, 0xF1,
    0x5B, 0xB6, 0xE9, 0x52, 0xBF, 0x06, 0x28, 0xE3, 0x77, 0xBE, 0xE4, 0xD7, 0xD3, 0x34, 0x91, 0x7E,
    0x0D, 0x8F, 0x4A, 0xE0, 0x53, 0x37, 0x6A, 0xDC, 0x8E, 0xE1, 0x01, 0x2C, 0x7B, 0xCC, 0x49, 0x00,
    0xF0, 0x74, 0x54, 0xF6, 0x5B, 0x23, 0xB6, 0x4C, 0x71, 0xD8, 0x54, 0x41, 0xB7, 0xA9, 0x8C, 0xD8,
    0x94, 0xDA, 0xA5, 0x5D, 0x25, 0x9C, 0xD8, 0x17, 0x24, 0x5D, 0xCE, 0x65, 0x53, 0x66, 0xF9, 0x32,
    0x7B, 0x73, 0xEF, 0x35, 0xD6, 0x55, 0xC8, 0xA2, 0x8A, 0x1B, 0x60, 0x25, 0x77, 0x26, 0x6E, 0x80,
    0x95, 0xE3, 0xBD, 0x2C, 0xAE, 0x11, 0x05, 0x70, 0x40, 0xA7, 0x2A, 0xA5, 0xDB, 0x54, 0x46, 0x6C,
    0xCA, 0xCC, 0xBB, 0xAA, 0x02, 0xD6, 0xDF, 0x10, 0x6E, 0x8A, 0x7D, 0xD6, 0x5B, 0x39, 0xE9, 0x94,
    0x6D, 0xD6, 0x57, 0x53, 0xC6, 0x3E, 0x27, 0x0A, 0x3D, 0x02, 0x6F, 0x96, 0x1B, 0xB7, 0x5C, 0x41,
    0x5A, 0x5A, 0x52, 0xE2, 0x33, 0x6D, 0x0A, 0x87, 0xAB, 0xD4, 0x92, 0x2D, 0x32, 0x72, 0x54, 0x91,
    0x47, 0x91, 0x6A, 0xE2, 0x2B, 0x6E, 0xA7, 0x6A, 0xE6, 0x47, 0x2E, 0xD2, 0x7A, 0x13, 0xB9, 0xDB,
    0x44, 0xB1, 0x0B, 0xB3, 0x8B, 0xB2, 0x8D, 0x22, 0x91, 0x50, 0x88, 0xB0, 0x24, 0x79, 0x2C, 0xB0,
    0x9A, 0x09, 0x17, 0x45, 0xB9, 0x8B, 0xBD, 0x4F, 0x4B, 0x1C, 0xD5, 0xD2, 0x3D, 0xB3, 0x96, 0xF5,
    0x26, 0x46, 0x6C, 0x56, 0xB4, 0xDB, 0x16, 0xAF, 0x61, 0x42, 0x33, 0xAE, 0xDE, 0xEE, 0xD1, 0x1A,
    0xF6, 0xDE, 0xF0, 0x40, 0x5F, 0xD0, 0x6F, 0x7E, 0x54, 0x8F, 0x6E, 0xF3, 0xF6, 0x43, 0xF9, 0xB4,
    0x5E, 0x7D, 0xEE, 0x56, 0x5F, 0x6C, 0xDE, 0x6C, 0xBE, 0x6C, 0xED, 0xA8, 0xA1, 0x89, 0x5E, 0x03,
    0x72, 0xE4, 0xA1, 0x76, 0xF0, 0xFE, 0xD8, 0x6B, 0x2C, 0x8E, 0x0F, 0x3E, 0xA7, 0x53, 0x6F, 0x17,
    0xAC, 0x7E, 0x88, 0xD7, 0x0E, 0xF0, 0x3A, 0x3A, 0xB6, 0x19, 0x71, 0x8B, 0x6D, 0xCE, 0x3A, 0xDB,
    0x99, 0x2E, 0x88, 0x04, 0x2E, 0xB2, 0xA3, 0x90, 0xCA, 0x42, 0x99, 0x3D, 0x0C, 0xE6, 0x74, 0x91,
    0x0D, 0x43, 0x64, 0xA7, 0x04, 0x70, 0x3F, 0x0B, 0xA5, 0x99, 0x85, 0xCD, 0xA4, 0x9B, 0x07, 0xE1,
    0x02, 0x58, 0xB6, 0xB0, 0xFC, 0x09, 0x19, 0x2C, 0xFB, 0xA8, 0xDE, 0x8B, 0x4A, 0xF2, 0x99, 0xCE,
    0x28, 0x59, 0x83, 0x01, 0x58, 0x47, 0x66, 0x2E, 0xC0, 0xA4, 0x2D, 0x91, 0xBB, 0xFA, 0x6F, 0xBA,
    0x4D, 0x4D, 0x1C, 0x76, 0xD5, 0x8D, 0xBB, 0xB2, 0x61, 0x57, 0x86, 0xBB, 0xCA, 0x59, 0x6F, 0x2A,
    0xA5, 0xDB, 0x14, 0xE8, 0x77, 0xD5, 0x4C, 0xBB, 0xAA, 0xE6, 0x5D, 0x19, 0xEE, 0x2A, 0x3B, 0xA8,
    0xE4, 0xA0, 0x70, 0xAE, 0xAC, 0xAA, 0x24, 0x00, 0xA5, 0x2A, 0xCB, 0x01, 0xC5, 0xA6, 0x3C, 0x32,
    0x55, 0x9B, 0x99, 0x73, 0xB5, 0x3C, 0x40, 0x05, 0x5C, 0xBC, 0x42, 0x12, 0xFA, 0x4D, 0x55, 0x6C,
    0x77, 0x35, 0x61, 0xB7, 0x93, 0xD3, 0xC3, 0xB6, 0x35, 0xA2, 0x83, 0xDD, 0x02, 0xEA, 0xED, 0x1E,
    0x4F, 0xE3, 0xB7, 0x70, 0x62, 0x8F, 0xA6, 0x08, 0x6E, 0x42, 0x63, 0x99, 0x71, 0x92, 0x50, 0x8A,
    0x08, 0x5B, 0x24, 0x6D, 0xD8, 0x02, 0x59, 0x45, 0x18, 0xAA, 0xD0, 0x30, 0xAA, 0xD0, 0x28, 0xAA,
    0x00, 0xFD, 0x26, 0x9A, 0x69, 0x13, 0xD5, 0xBC, 0x09, 0xC3, 0x4D, 0x64, 0xBB, 0x48, 0x76, 0x81,
    0x83, 0xB0, 0x22, 0x34, 0x78, 0x22, 0xB6, 0xD8, 0x89, 0xF0, 0xC8, 0x44, 0x40, 0xED, 0x48, 0x4C,
    0x17, 0x85, 0x1D, 0xDF, 0x6F, 0x38, 0xA9, 0x58, 0x6F, 0x62, 0xBC, 0x10, 0xB0, 0xFD, 0x97, 0x6D,
    0x38, 0xF6, 0x90, 0x60, 0xDD, 0x6F, 0xD7, 0x05, 0x96, 0x05, 0xDB, 0x6C, 0x1D, 0xC6, 0x7D, 0xC6,
    0x90, 0x73, 0xA1, 0x84, 0x29, 0x93, 0x98, 0xA3, 0x8A, 0xDE, 0x95, 0x9B, 0x37, 0xAB, 0x6F, 0x1F,
    0x92, 0x77, 0x66, 0x89, 0xBE, 0x61, 0x30, 0xEC, 0xCF, 0xFD, 0x1E, 0x96, 0x0B, 0xE7, 0xB3, 0xFB,
    0xF1, 0x38, 0x24, 0x48, 0xE9, 0x8E, 0x03, 0xA2, 0xF1, 0x48, 0x80, 0x1A, 0x30, 0x2E, 0xEF, 0x81,
    0x7C, 0xB4, 0x4E, 0xF6, 0x22, 0x00, 0x74, 0x41, 0x58, 0x79, 0xE1, 0xE5, 0x16, 0xBB, 0x6D, 0x5B,
    0xEC, 0xA8, 0x0C, 0xE7, 0x7B, 0x72, 0x16, 0xBE, 0xC3, 0x88, 0xF4, 0xE7, 0xC2, 0xEC, 0xFB, 0x6C,
    0x81, 0xFC, 0xFB, 0x74, 0x40, 0xF1, 0x92, 0xD0, 0x24, 0x1C, 0x80, 0x12, 0xF4, 0xC0, 0x67, 0xD1,
    0x45, 0x5E, 0xBB, 0xD1, 0x4D, 0x40, 0x43, 0x6A, 0x79, 0x20, 0x4D, 0x78, 0x94, 0x0B, 0x12, 0x0F,
    0x43, 0x64, 0x03, 0x0A, 0xD6, 0xB9, 0xD0, 0x91, 0x20, 0xC3, 0xCA, 0xB4, 0x4D, 0x5A, 0x64, 0x43,
    0xD1, 0x23, 0x0D, 0x55, 0x0B, 0x90, 0x00, 0xEC, 0x0C, 0xE9, 0x3C, 0xF7, 0x27, 0xAF, 0x5B, 0x80,
    0x82, 0xEC, 0x51, 0x0D, 0x9D, 0x87, 0x1D, 0xEC, 0x84, 0x46, 0x02, 0x67, 0x5D, 0xC4, 0x65, 0x44,
    0xE0, 0x84, 0x01, 0x09, 0x23, 0xCC, 0x24, 0xFF, 0x31, 0x44, 0x74, 0xB2, 0x0B, 0x9D, 0x60, 0x10,
    0x2C, 0x5C, 0xDA, 0x86, 0xFF, 0x1C, 0x57, 0x98, 0xB3, 0x4D, 0xEF, 0xE0, 0x6B, 0x78, 0x0A, 0x09,
    0xAE, 0xA1, 0x42, 0xD5, 0x2F, 0x28, 0x18, 0xA0, 0x37, 0x22, 0x3A, 0xE0, 0xEA, 0xE1, 0xC6, 0xAE,
    0xCB, 0x09, 0x47, 0x24, 0x1C, 0x7E, 0xAB, 0x25, 0xE5, 0x70, 0x68, 0xEF, 0x4F, 0xF1, 0x99, 0x37,
    0x11, 0xEC, 0xCB, 0x63, 0xC9, 0xA1, 0xD0, 0x21, 0x18, 0x33, 0x36, 0x2B, 0xEA, 0x13, 0xB6, 0x96,
    0x6D, 0xC3, 0x36, 0xFB, 0x75, 0x3F, 0x96, 0x63, 0xFC, 0xD1, 0xD3, 0x00, 0xCA, 0xDA, 0x38, 0x09,
    0x5D, 0x57, 0x03, 0xD9, 0x9A, 0x4A, 0x4E, 0x42, 0xBB, 0xD6, 0x3A, 0xAD, 0xF2, 0x14, 0x1A, 0xCB,
    0x5A, 0x53, 0xE6, 0x91, 0x4A, 0x80, 0x3E, 0xBA, 0xC2, 0xF5, 0x34, 0xFE, 0x4B, 0xC7, 0xCC, 0x03,
    0x8B, 0x19, 0x00, 0x4B, 0x07, 0x94, 0x04, 0x50, 0xCC, 0x11, 0xD9, 0x84, 0x63, 0xAB, 0x16, 0x2D,
    0x58, 0x3C, 0x8A, 0xC5, 0xCC, 0x78, 0xA8, 0xC5, 0xEC, 0x27, 0xF0, 0x94, 0xB8, 0x37, 0xF1, 0xA2,
    0x38, 0xFB, 0x52, 0x10, 0x67, 0xE8, 0xC5, 0xE5, 0xEC, 0xC5, 0x25, 0xDB, 0x15, 0xF7, 0x37, 0x82,
    0xF3, 0xEE, 0x41, 0xEE, 0x4E, 0x4B, 0xDB, 0x9F, 0x3E, 0x5E, 0xA5, 0xED, 0xEF, 0xE0, 0x77, 0x23,
    0xAB, 0xDA, 0xCA, 0x0E, 0x3F, 0x08, 0x7A, 0x36, 0x93, 0xEE, 0xA5, 0xA7, 0x46, 0x27, 0x94, 0x46,
    0x8E, 0x4D, 0xCA, 0xDC, 0x3B, 0x78, 0x54, 0x65, 0x6E, 0xB5, 0x75, 0x52, 0x86, 0x23, 0x77, 0xE5,
    0x4C, 0xD3, 0xF2, 0xC9, 0xF8, 0x0F, 0x48, 0x08, 0x02, 0xC8, 0xF8, 0x79, 0xB6, 0xBB, 0xDB, 0x37,
    0xCA, 0x2E, 0x1F, 0xA3, 0x7C, 0x18, 0x86, 0x0B, 0x5C, 0xED, 0x29, 0xED, 0x7F, 0xB6, 0xED, 0x6A,
    0x80, 0x8E, 0x6E, 0x67, 0xE3, 0xBA, 0x16, 0x31, 0x87, 0x9F, 0xFE, 0x68, 0x72, 0x03, 0xDC, 0x56,
    0xE6, 0x93, 0x3A, 0xB3, 0x3A, 0xEB, 0xD5, 0x75, 0xAD, 0xC6, 0xFF, 0x2F, 0x9E, 0xAC, 0x14, 0xED,
    0xE7, 0x9C, 0x05, 0x61, 0xAE, 0x34, 0xA3, 0xB0, 0x1C, 0x0E, 0x17, 0xCB, 0x53, 0xBF, 0x27, 0xE9,
    0x6A, 0xDA, 0xE6, 0x71, 0x4B, 0x97, 0xDA, 0xDF, 0xE2, 0xCF, 0xC5, 0x35, 0x9F, 0x9F, 0xC5, 0x55,
    0x3F, 0x9F, 0xC4, 0x15, 0xEB, 0x39, 0xA6, 0x5C, 0xB3, 0xC6, 0x27, 0x2C, 0x6B, 0x7A, 0x0B, 0xD4,
    0x7B, 0x39, 0x50, 0xFE, 0x60, 0xD1, 0x13, 0x0E, 0x17, 0x06, 0xBA, 0xA7, 0xAE, 0x3E, 0x96, 0x59,
    0xBB, 0x0C, 0xB5, 0xAA, 0x5F, 0x9D, 0x3F, 0xAE, 0x20, 0xD2, 0x05, 0x9A, 0x8B, 0x3F, 0x7E, 0xC2,
    0xD2, 0x95, 0xB4, 0xC2, 0xC2, 0x2B, 0xA7, 0xF3, 0x2B, 0x2D, 0x59, 0x84, 0xB0, 0x9A, 0xD2, 0xDF,
    0x7F, 0x1C, 0xD3, 0x75, 0xE9, 0x05, 0xC8, 0x66, 0x9D, 0x07, 0x1B, 0x50, 0xFD, 0xA8, 0x9B, 0xF0,
    0x2C, 0xCC, 0x8C, 0x3F, 0x42, 0xA1, 0xC9, 0x59, 0x51, 0x0B, 0xDA, 0x9B, 0x67, 0xAF, 0xB1, 0xED,
    0xC8, 0x1D, 0x43, 0xC6, 0x5A, 0x00, 0xEB, 0x15, 0xC5, 0x8C, 0x72, 0x2A, 0x03, 0x72, 0xD2, 0x03,
    0xE4, 0xD6, 0xBC, 0x48, 0x7F, 0xE4, 0x3A, 0x0E, 0x38, 0xB7, 0x90, 0x7B, 0xED, 0x18, 0x66, 0x14,
    0x37, 0xAB, 0x43, 0xC8, 0x06, 0xDC, 0x67, 0x45, 0x38, 0x2E, 0x4B, 0x2B, 0x1E, 0x4F, 0xCC, 0x5C,
    0x63, 0x2B, 0xEE, 0x0D, 0x3A, 0x71, 0x13, 0xFB, 0xC8, 0x64, 0xEC, 0xB4, 0xAA, 0xF7, 0xD6, 0x8B,
    0x1B, 0xB4, 0x40, 0xC8, 0xD7, 0x0A, 0xC5, 0x38, 0xA3, 0xAE, 0xD5, 0xD6, 0xAA, 0xBA, 0xA0, 0xB6,
    0x45, 0x71, 0x0D, 0x29, 0xAD, 0xBD, 0xB9, 0x16, 0x27, 0x01, 0x88, 0x2E, 0x99, 0x00, 0x0E, 0xC8,
    0x3C, 0xD0, 0x79, 0x75, 0xCD, 0x08, 0x23, 0x2E, 0x80, 0x6C, 0x0D, 0xE9, 0x48, 0x27, 0x0E, 0x67,
    0x67, 0xA7, 0xDB, 0xA9, 0x2A, 0xD4, 0xBE, 0x9B, 0xF6, 0x48, 0xE7, 0xC2, 0xAF, 0xE7, 0x99, 0x88,
    0xC2, 0x57, 0x92, 0x16, 0xAB, 0x25, 0xD7, 0xE3, 0x42, 0x9D, 0x58, 0xE4, 0x04, 0x13, 0xCC, 0x0C,
    0x33, 0x16, 0x0B, 0x0A, 0x9F, 0x13, 0x78, 0x41, 0x00, 0xC1, 0x95, 0xBB, 0x8C, 0x9E, 0x44, 0xB9,
    0x7C, 0x89, 0xB0, 0x63, 0x4E, 0x34, 0x3E, 0xA2, 0x5B, 0x51, 0xC8, 0xAA, 0x91, 0xD4, 0x37, 0x44,
    0xC5, 0xF7, 0xE8, 0x25, 0xF7, 0x7E, 0xAD, 0x12, 0x41, 0x0E, 0x38, 0x76, 0x3D, 0xCE, 0x2D, 0x1B,
    0x8F, 0x2F, 0x52, 0x33, 0x1F, 0x87, 0x3B, 0xB9, 0xFD, 0x84, 0xE4, 0x00, 0xA7, 0xFB, 0x65, 0x69,
    0xE6, 0xE3, 0x6F, 0xE4, 0x8F, 0x30, 0x07, 0x40, 0xB7, 0x1F, 0x0E, 0x77, 0x21, 0x5B, 0x1E, 0x68,
    0x05, 0x49, 0x4E, 0xBB, 0x08, 0xEB, 0xBE, 0x3F, 0xFA, 0x62, 0xD8, 0x27, 0x47, 0x44, 0xA4, 0xEF,
    0x6D, 0x22, 0xFB, 0x61, 0x14, 0x6F, 0xC8, 0xCE, 0x52, 0xDC, 0xCA, 0xD0, 0x69, 0x9E, 0xDB, 0x27,
    0xEA, 0xB2, 0x4D, 0x7C, 0x63, 0x17, 0x21, 0xE3, 0xDB, 0x67, 0xB5, 0x24, 0x27, 0x5B, 0xC3, 0x9C,
    0xF9, 0x6D, 0x4B, 0xDE, 0x6F, 0xFB, 0x18, 0x72, 0x15, 0xD5, 0x2E, 0x6C, 0xBC, 0xF8, 0x55, 0xBC,
    0x81, 0x6D, 0x9F, 0xA0, 0xA2, 0x44, 0xEA, 0x55, 0x54, 0xC8, 0x56, 0x61, 0x61, 0x56, 0xD1, 0x81,
    0xAC, 0x3B, 0x92, 0x14, 0x41, 0x15, 0x40, 0xC9, 0x19, 0xEA, 0x16, 0xEC, 0x6B, 0xBB, 0x25, 0x2F,
    0xE0, 0x92, 0xD6, 0x44, 0x2F, 0x71, 0x5E, 0x4F, 0x5B, 0x0A, 0x1C, 0xC3, 0xA1, 0xEB, 0x63, 0x32,
    0xE8, 0xAC, 0x97, 0x74, 0xD4, 0xD5, 0xA8, 0x09, 0xA9, 0x26, 0x20, 0xBA, 0x32, 0x48, 0x52, 0xC8,
    0x90, 0x93, 0xE2, 0x24, 0x31, 0x67, 0x67, 0x77, 0x34, 0x35, 0x58, 0x93, 0x03, 0x4D, 0x4F, 0x2D,
    0xAE, 0xA0, 0xC3, 0x57, 0x24, 0x45, 0x3D, 0x7C, 0x4C, 0x52, 0xF7, 0xCB, 0x2F, 0xF9, 0x8A, 0x73,
    0x45, 0xF6, 0x39, 0x7D, 0x46, 0x02, 0x9F, 0x82, 0x1C, 0xC4, 0x6E, 0x1D, 0xA7, 0x35, 0x03, 0x35,
    0x9A, 0x29, 0x65, 0x9F, 0xD0, 0x41, 0xC7, 0x3C, 0xD8, 0xC1, 0x2C, 0x91, 0xDA, 0x89, 0x9F, 0xD9,
    0xE6, 0x3B, 0xEC, 0xCA, 0xE9, 0x01, 0xAC, 0x38, 0x47, 0x5A, 0x2E, 0x91, 0x39, 0x47, 0xD9, 0x93,
    0x43, 0xA5, 0x2C, 0x43, 0x42, 0xD2, 0x2C, 0xC2, 0x9C, 0x00, 0xFB, 0x94, 0x2E, 0x12, 0xDD, 0x24,
    0x2C, 0xC9, 0xC8, 0x84, 0xFC, 0x25, 0x80, 0xE4, 0x06, 0x20, 0xAE, 0x8E, 0xC1, 0x32, 0x1E, 0x1D,
    0xBB, 0x29, 0x23, 0xEF, 0x4D, 0x31, 0x4C, 0xE1, 0xB6, 0x19, 0xF3, 0x19, 0x95, 0xCF, 0x96, 0x23,
    0x94, 0x63, 0x84, 0x99, 0x8A, 0x80, 0x7C, 0xB9, 0x35, 0x49, 0x33, 0x03, 0x20, 0x4D, 0x65, 0x1E,
    0x80, 0x19, 0x04, 0x5C, 0x6E, 0x47, 0x90, 0xC8, 0x22, 0x5C, 0x1A, 0xD1, 0x57, 0xCB, 0x6B, 0x1C,
    0xBA, 0x16, 0x76, 0x20, 0x3A, 0x06, 0x82, 0x11, 0x35, 0x3A, 0xD7, 0x0C, 0x27, 0x44, 0x45, 0x4E,
    0x48, 0xC9, 0x16, 0x9B, 0x65, 0x43, 0xEA, 0x65, 0xF8, 0x2E, 0xA5, 0xBD, 0x4E, 0xB7, 0x5B, 0x9E,
    0x8F, 0x29, 0xE9, 0x6D, 0xE1, 0x1F, 0xBC, 0x1A, 0x91, 0x93, 0x3A, 0xBF, 0xF2, 0xCE, 0x82, 0x84,
    0x23, 0x16, 0xE4, 0x74, 0x91, 0x86, 0xC0, 0x5B, 0xA8, 0x66, 0xE0, 0x45, 0x8D, 0xE2, 0x27, 0xD1,
    0xAC, 0x5D, 0x7E, 0x12, 0x72, 0x3C, 0x66, 0x4A, 0xFA, 0x95, 0xDD, 0x84, 0x5B, 0x3C, 0xED, 0xD6,
    0x3B, 0xE4, 0xCA, 0x59, 0x58, 0x52, 0x58, 0xB0, 0x8D, 0x4C, 0xE9, 0x23, 0xD1, 0xF1, 0x2E, 0xA1,
    0x57, 0xF7, 0x7E, 0xD7, 0xFE, 0x4A, 0xFC, 0x87, 0x90, 0xC8, 0xD1, 0x14, 0x7E, 0x2B, 0xD6, 0x0D,
    0xE5, 0x2A, 0x58, 0x00, 0xA4, 0x01, 0xC7, 0x76, 0x6B, 0xC1, 0xEB, 0x19, 0xF9, 0x1F, 0x41, 0xFA,
    0x63, 0x28, 0xA7, 0x82, 0x77, 0xAA, 0x31, 0x5F, 0x2B, 0x76, 0xA8, 0x8A, 0xDB, 0x66, 0x48, 0x1A,
    0x90, 0xAD, 0x23, 0xCF, 0x52, 0x23, 0xD7, 0xF0, 0x0A, 0xAA, 0x25, 0x96, 0x80, 0x15, 0xC9, 0xDA,
    0x50, 0x3B, 0x1B, 0xE9, 0x13, 0x41, 0xE9, 0x60, 0xBD, 0x75, 0x28, 0x7D, 0x13, 0x31, 0x34, 0x3D,
    0xAC, 0xB3, 0xCB, 0x6B, 0x0B, 0x0A, 0xCD, 0xD4, 0xCD, 0x57, 0xD7, 0xF0, 0xBD, 0x22, 0x2E, 0xAC,
    0xE3, 0x55, 0x67, 0xBC, 0x38, 0xBB, 0x5F, 0xAA, 0x42, 0x39, 0xE8, 0x8B, 0x66, 0xC9, 0xE7, 0xB9,
    0x88, 0xFB, 0x36, 0x17, 0x89, 0x03, 0xB6, 0x87, 0x97, 0xAC, 0xD5, 0x05, 0x88, 0xCB, 0x46, 0x75,
    0xA6, 0x57, 0x67, 0x6B, 0x75, 0x6F, 0x41, 0xDC, 0xBF, 0x4C, 0xEA, 0xFE, 0x2D, 0xA8, 0xE3, 0xB2,
    0x3A, 0xAA, 0x93, 0x21, 0x08, 0xE0, 0x4F, 0xB8, 0xFE, 0x1E, 0xBD, 0xBA, 0x66, 0x52, 0x67, 0x67,
    0x75, 0x86, 0xEA, 0x0A, 0xB6, 0xE2, 0x32, 0xED, 0xC5, 0x83, 0x64, 0xDD, 0xEA, 0xC0, 0x50, 0x47,
    0xD7, 0x3E, 0xCD, 0x16, 0x57, 0x71, 0xD2, 0x02, 0xA5, 0xAB, 0x22, 0x0B, 0x4F, 0x00, 0x19, 0xD7,
    0xCF, 0xF4, 0xC2, 0x66, 0x80, 0x3E, 0x63, 0xD8, 0x7B, 0xD6, 0x2D, 0x65, 0xF6, 0x6B, 0xF8, 0x4D,
    0xF2, 0xC0, 0xD6, 0x7A, 0x65, 0x2B, 0x5C, 0x10, 0xF9, 0xF2, 0x24, 0xFC, 0xB6, 0x17, 0xDE, 0x52,
    0x76, 0x93, 0x90, 0xB3, 0xF0, 0x1D, 0xEA, 0x3E, 0x94, 0xFD, 0x5F, 0x62, 0x1F, 0xD9, 0xD2, 0x0B,
    0x9B, 0x29, 0xD2, 0x55, 0x0B, 0x74, 0xB6, 0xD3, 0x75, 0x0C, 0xC9, 0x7E, 0x27, 0xDD, 0xAE, 0x07,
    0xBD, 0x34, 0xC0, 0x51, 0x7B, 0x5E, 0x9B, 0xD0, 0xE5, 0x04, 0xBA, 0x75, 0xAC, 0xF0, 0x65, 0x88,
    0x9C, 0xAA, 0xC8, 0x2A, 0xD8, 0x95, 0x13, 0x50, 0xCE, 0x47, 0x5C, 0x8E, 0xB8, 0x6F, 0xD7, 0x3D,
    0x2B, 0xE5, 0xDA, 0x82, 0x99, 0x23, 0xD7, 0x6E, 0x3D, 0xC8, 0xF9, 0xD2, 0x81, 0x43, 0x4E, 0xFD,
    0xF4, 0xA0, 0x47, 0xD2, 0xEF, 0x1D, 0x0F, 0x55, 0x2D, 0xEC, 0x04, 0x58, 0x8E, 0xC8, 0xB7, 0x85,
    0x0D, 0x85, 0xE5, 0x22, 0xBC, 0xAE, 0xEB, 0x03, 0x32, 0x69, 0xC4, 0xCC, 0x99, 0xF4, 0x69, 0xD0,
    0xD9, 0x51, 0xE0, 0xD1, 0x0D, 0x4D, 0x84, 0x8F, 0x68, 0x7C, 0x77, 0x40, 0xB3, 0xA1, 0xF3, 0xBA,
    0x8B, 0xEE, 0xAC, 0xBF, 0x56, 0x48, 0x03, 0x29, 0x39, 0x6B, 0xA3, 0xDB, 0xBD, 0xD6, 0xB8, 0x08,
    0xDB, 0x0A, 0xEA, 0x83, 0x7A, 0x5B, 0xC3, 0xE6, 0x80, 0x7C, 0x2D, 0x04, 0x44, 0x1E, 0x53, 0xED,
    0x09, 0x09, 0xB2, 0xDE, 0xEE, 0x29, 0x50, 0x05, 0x3C, 0xAA, 0xC0, 0xF7, 0x11, 0xD5, 0xAF, 0x0A,
    0xFC, 0xFA, 0x6A, 0x86, 0xBE, 0x93, 0xD1, 0x3C, 0xEF, 0x81, 0xEA, 0x30, 0x1E, 0x66, 0xC4, 0x91,
    0x19, 0x92, 0xEE, 0x7F, 0x03, 0xA6, 0x45, 0x40, 0x89, 0x6C, 0x8C, 0x30, 0xFD, 0xFE, 0x21, 0xF3,
    0xFE, 0xD5, 0xD2, 0x2C, 0x6D, 0x04, 0x67, 0xE0, 0xF2, 0x5D, 0x46, 0xB9, 0x5E, 0x33, 0x9D, 0x8F,
    0xB0, 0xE3, 0x89, 0xA0, 0x11, 0x50, 0x51, 0xC3, 0x7A, 0x3A, 0x3D, 0x69, 0x7D, 0x0D, 0x89, 0x0B,
    0x72, 0xF2, 0xA7, 0xC0, 0xA5, 0xEB, 0x40, 0x2A, 0x07, 0x99, 0x84, 0x74, 0x02, 0x3A, 0x73, 0x71,
    0xD0, 0xBE, 0xF0, 0xE5, 0xA9, 0x35, 0xC7, 0x90, 0x83, 0x4C, 0x02, 0x0C, 0x32, 0x1F, 0x61, 0xDC,
    0xF1, 0x41, 0xA6, 0x63, 0x44, 0x21, 0x28, 0xD9, 0x03, 0x86, 0x41, 0xE5, 0x3E, 0x98, 0x24, 0x94,
    0xBD, 0x57, 0xF4, 0x8A, 0x44, 0x56, 0x2B, 0x81, 0x6D, 0x13, 0xB6, 0xD6, 0x69, 0xFD, 0x53, 0xCE,
    0x30, 0xA4, 0x47, 0xC2, 0x05, 0xF1, 0x30, 0xAF, 0xA0, 0x41, 0x87, 0xF2, 0x87, 0x01, 0x85, 0x0E,
    0x1E, 0x3D, 0xC0, 0x16, 0xBB, 0x55, 0xEC, 0x51, 0x6D, 0x73, 0xE9, 0xF8, 0xAD, 0x97, 0x7E, 0x5B,
    0x9C, 0xCE, 0x88, 0x14, 0x04, 0x18, 0x00, 0x9E, 0xFE, 0xBA, 0x17, 0x63, 0xFE, 0xFF, 0xC5, 0x98,
    0x35, 0x3E, 0x6A, 0xEB, 0x2E, 0x6A, 0x6B, 0x74, 0xD4, 0xB6, 0x06, 0xC5, 0x9E, 0xFC, 0x57, 0x60,
    0xF6, 0x40, 0xF4, 0x9B, 0x7A, 0xFA, 0xA0, 0xF0, 0xFE, 0xEA, 0xC9, 0x7B, 0x05, 0x46, 0xEC, 0xEA,
    0x6D, 0x21, 0x87, 0xC3, 0x2C, 0x63, 0x36, 0x9F, 0x3F, 0x88, 0x2D, 0x5B, 0xAC, 0xF6, 0xF0, 0x0B,
    0x85, 0x4B, 0x37, 0xAE, 0xEF, 0x85, 0x82, 0x16, 0x0D, 0x01, 0xC9, 0x56, 0x28, 0xF4, 0xA5, 0xD2,
    0x2C, 0xC2, 0x0F, 0x56, 0x28, 0xE8, 0x49, 0x74, 0x1E, 0x48, 0xF4, 0xD6, 0xBA, 0xEC, 0xE3, 0x9C,
    0x69, 0x1F, 0x7D, 0x19, 0x81, 0x4A, 0x60, 0x7B, 0xB6, 0x68, 0x5C, 0xF3, 0xD3, 0xA7, 0x89, 0x52,
    0x87, 0xA3, 0x6E, 0xA9, 0x61, 0xC9, 0xE7, 0xC8, 0x11, 0x10, 0xF5, 0xF2, 0xAA, 0x52, 0xFA, 0x7D,
    0x86, 0x41, 0xF3, 0xFD, 0xDB, 0xAB, 0xB7, 0xCF, 0xEE, 0xCE, 0x27, 0x32, 0x37, 0x40, 0x92, 0xB3,
    0x8E, 0xD5, 0xBC, 0x17, 0xB7, 0x5D, 0xEA, 0x96, 0x17, 0xB6, 0xFD, 0x6C, 0xC0, 0xA6, 0xAA, 0xDF,
    0x54, 0xED, 0x97, 0x6F, 0x21, 0x9D, 0x5A, 0x92, 0x06, 0x99, 0x1F, 0xF3, 0xB0, 0x64, 0x0D, 0x92,
    0x4E, 0x54, 0x2B, 0x39, 0xC5, 0x66, 0x37, 0xB0, 0x9B, 0x9D, 0x53, 0x8E, 0x68, 0x96, 0x92, 0x44,
    0xCE, 0xE6, 0x35, 0xBA, 0x8C, 0x13, 0x38, 0x64, 0x94, 0xAB, 0x21, 0x63, 0x0F, 0x1B, 0xE9, 0x60,
    0x47, 0xE5, 0x94, 0xB1, 0x3D, 0x62, 0xBD, 0x73, 0x54, 0x7A, 0x61, 0xA3, 0xEC, 0x06, 0x21, 0x5D,
    0x64, 0xCA, 0x36, 0x32, 0x23, 0x22, 0xCD, 0x2C, 0xB4, 0xA3, 0x90, 0x7D, 0xE4, 0xF3, 0x44, 0x24,
    0x47, 0xE1, 0x02, 0x61, 0xAB, 0xAC, 0x1F, 0xC8, 0x9C, 0x2E, 0xB2, 0xE3, 0xAC, 0x5C, 0x20, 0xF6,
    0x09, 0x41, 0x32, 0x1F, 0x4D, 0xCA, 0x73, 0x38, 0xEF, 0xD7, 0xE9, 0x2C, 0xC4, 0x9F, 0x61, 0x33,
    0x2B, 0xA7, 0x46, 0x4B, 0x1F, 0x79, 0xC2, 0x80, 0x2F, 0xFF, 0x6B, 0xC2, 0x05, 0x85, 0x4B, 0x48,
    0x61, 0x2C, 0x2E, 0x22, 0xDF, 0xE3, 0x10, 0xF9, 0x2E, 0x7D, 0xA4, 0xEF, 0x82, 0xD0, 0x2E, 0x79,
    0x64, 0x49, 0x61, 0xC1, 0x7F, 0x8A, 0xCC, 0xF8, 0x9F, 0x91, 0x09, 0x7F, 0x11, 0x89, 0x8E, 0x42,
    0xAB, 0x2C, 0x95, 0x85, 0x32, 0xA3, 0x4B, 0xFF, 0x0B, 0x09, 0x9D, 0xA5, 0x47, 0xA7, 0xB4, 0x0E,
    0xAB, 0x65, 0xFB, 0xAC, 0xAD, 0x70, 0x16, 0x66, 0x3C, 0x7A, 0x20, 0x54, 0x3A, 0x61, 0xD6, 0x0B,
    0x8F, 0xAC, 0x94, 0x93, 0xCC, 0x69, 0x38, 0xC0, 0xB2, 0x91, 0xDC, 0x91, 0xD4, 0x19, 0x11, 0x2B,
    0x6C, 0xAB, 0x0F, 0x4B, 0xCB, 0x77, 0x49, 0xB7, 0xF2, 0xFC, 0xFD, 0x89, 0x6E, 0x10, 0x26, 0x3C,
    0x7E, 0x7C, 0x75, 0xA9, 0x3E, 0x5E, 0xAB, 0xA8, 0xEE, 0xD9, 0xF5, 0xCA, 0xFE, 0x7A, 0xE1, 0x56,
    0xA7, 0x6B, 0xF6, 0xAE, 0xEE, 0x5A, 0x12, 0x47, 0xCE, 0x12, 0x0F, 0x98, 0xB5, 0xEB, 0xFA, 0xC8,
    0xD4, 0x37, 0xFE, 0x7C, 0xD6, 0x2E, 0x1F, 0xF4, 0x20, 0x8C, 0x2B, 0xB7, 0xE9, 0xBA, 0xF9, 0xFD,
    0xA6, 0xEB, 0x82, 0x84, 0x58, 0x9C, 0x0E, 0xDA, 0xE3, 0xF9, 0x3C, 0x9D, 0x7F, 0x9F, 0x79, 0x3A,
    0x68, 0x93, 0xFA, 0x29, 0xAC, 0xB7, 0x6F, 0xAA, 0x49, 0x14, 0x48, 0x45, 0x19, 0xD9, 0x66, 0xBF,
    0xE0, 0x80, 0xBF, 0xCC, 0x22, 0x9E, 0x15, 0x54, 0xFF, 0x10, 0x61, 0x28, 0xFB, 0xDD, 0x79, 0x9F,
    0x69, 0xBB, 0x49, 0xA6, 0xED, 0xA6, 0x87, 0x3A, 0x6D, 0x87, 0xAB, 0x77, 0x36, 0x61, 0xFD, 0x26,
    0xE8, 0x56, 0x9F, 0x12, 0x38, 0xCE, 0x03, 0x50, 0x38, 0xFC, 0xDF, 0x9A, 0xD1, 0x43, 0x72, 0xD6,
    0xE2, 0x30, 0x38, 0xEC, 0xA3, 0x6D, 0xE9, 0xD5, 0xD9, 0x56, 0xDD, 0x9B, 0x78, 0x5C, 0xA7, 0xF9,
    0xD6, 0xFB, 0x7C, 0xE7, 0x85, 0xEB, 0xA8, 0xB7, 0x60, 0xBF, 0x4D, 0xC2, 0xB4, 0x38, 0xB2, 0x12,
    0x48, 0xC9, 0xB7, 0xF6, 0x0A, 0x70, 0xAF, 0x3F, 0x53, 0xAD, 0x3F, 0x33, 0xCA, 0x7D, 0xBE, 0xA0,
    0xD4, 0x9F, 0xA6, 0x91, 0xFA, 0xB3, 0xD2, 0xFA, 0xF3, 0xD9, 0xC8, 0x09, 0x41, 0xEB, 0x4C, 0x2F,
    0xCC, 0x06, 0xA9, 0x3C, 0x73, 0x27, 0x34, 0xAD, 0x6C, 0x29, 0x11, 0x19, 0xAE, 0x41, 0xF6, 0x7F,
    0x43, 0xEB, 0xCF, 0x49, 0xEA, 0x4F, 0x7A, 0xAD, 0x3F, 0x7B, 0x1D, 0xC5, 0xDD, 0x79, 0xFD, 0x69,
    0xF5, 0xD3, 0x5F, 0x24, 0x7B, 0x20, 0xE8, 0x13, 0x16, 0x59, 0x00, 0x5C, 0x7E, 0x35, 0xC2, 0x1C,
    0x2E, 0xA9, 0xCE, 0x6D, 0x75, 0x68, 0xEA, 0xD7, 0xB8, 0x03, 0xB8, 0x6E, 0x6A, 0x34, 0xA4, 0xCE,
    0x74, 0xEC, 0xA5, 0x66, 0x2A, 0x21, 0xCF, 0x04, 0x86, 0x43, 0xE3, 0x4B, 0x29, 0x35, 0xAF, 0x49,
    0x95, 0xF9, 0x86, 0x60, 0x6C, 0x7C, 0xF3, 0xDE, 0x10, 0xF1, 0x0B, 0xD7, 0x79, 0xCB, 0xBA, 0x1B,
    0x2C, 0x41, 0x57, 0x86, 0xBD, 0xD4, 0x94, 0xA6, 0x04, 0x03, 0xCC, 0x3F, 0x5E, 0x07, 0x2E, 0x41,
    0xEC, 0xEC, 0xF2, 0x1D, 0x71, 0xFC, 0x56, 0x10, 0x67, 0xBF, 0xB7, 0x88, 0x33, 0xBE, 0x13, 0x97,
    0x8D, 0xD5, 0xDA, 0xDD, 0x0A, 0xF7, 0x71, 0x7D, 0xCA, 0x73, 0xF3, 0xA5, 0x57, 0x00, 0xFB, 0x13,
    0xCA, 0x39, 0xB1, 0x46, 0x3E, 0x59, 0x69, 0xC4, 0x0C, 0xC0, 0xB5, 0xD4, 0x3F, 0xCA, 0x47, 0x0A,
    0xC9, 0xE9, 0x71, 0x9C, 0xBA, 0x35, 0x32, 0xDC, 0x46, 0xF1, 0xCC, 0x8B, 0x1B, 0x12, 0xFF, 0x71,
    0x0D, 0xF3, 0x3A, 0xC8, 0x97, 0xAC, 0xA5, 0x21, 0x07, 0xF0, 0xAE, 0x07, 0xA6, 0xD4, 0x23, 0xF1,
    0x18, 0x1F, 0x5D, 0x98, 0x4F, 0x5E, 0xB9, 0xDA, 0x02, 0xD9, 0x6C, 0x07, 0x20, 0xA1, 0x1C, 0x29,
    0x9A, 0x97, 0x43, 0x64, 0xE9, 0x66, 0xBD, 0x41, 0xDA, 0xFB, 0x26, 0x5E, 0xB9, 0xAC, 0x94, 0x4A,
    0xF2, 0xAF, 0x17, 0x80, 0x3D, 0x5E, 0x54, 0x5E, 0x3B, 0xE2, 0xA7, 0x94, 0xB8, 0xC0, 0xB7, 0x65,
    0x34, 0x25, 0x65, 0x8D, 0xF7, 0x44, 0x8B, 0xFA, 0x95, 0x34, 0xEE, 0x98, 0xDB, 0x6B, 0xDE, 0x24,
    0xB9, 0x71, 0xED, 0xAD, 0x3F, 0x5C, 0x80, 0xD2, 0x13, 0x6B, 0x6F, 0x4D, 0x82, 0xE9, 0x81, 0x17,
    0x33, 0x7F, 0x3E, 0x28, 0x4B, 0x90, 0x5B, 0xA4, 0xE4, 0x88, 0x62, 0xD6, 0x87, 0xB9, 0xE7, 0xCF,
    0x76, 0x53, 0xB6, 0x8D, 0x62, 0x7F, 0xFC, 0xEB, 0xBA, 0x7B, 0x67, 0x67, 0x75, 0xA7, 0xB1, 0x10,
    0x58, 0xC5, 0x84, 0xCB, 0x28, 0x67, 0x94, 0x28, 0xF8, 0x9D, 0x4E, 0x9A, 0x0A, 0xDB, 0x24, 0x94,
    0x64, 0x09, 0xB8, 0x72, 0xFE, 0xEA, 0x70, 0x4E, 0xED, 0x33, 0xF7, 0x96, 0xC8, 0xB2, 0xB6, 0x91,
    0x15, 0xCC, 0xE3, 0x1D, 0xC6, 0xBD, 0x37, 0xE2, 0xD0, 0x1B, 0x07, 0xB9, 0xE3, 0x6A, 0x6F, 0x7C,
    0x84, 0x61, 0xBC, 0xFA, 0xD2, 0xAB, 0xB0, 0xEF, 0x12, 0x66, 0xEC, 0xDA, 0x2C, 0x54, 0x0E, 0x4B,
    0xE1, 0x61, 0x53, 0x8F, 0xDD, 0xC8, 0x45, 0x97, 0x82, 0x0E, 0x19, 0xEB, 0x87, 0xB2, 0xE4, 0x74,
    0x20, 0x67, 0x69, 0x57, 0x3F, 0xFF, 0xC7, 0x84, 0xF1, 0xDB, 0xE7, 0xCF, 0x17, 0x3E, 0xBF, 0x63,
    0x1D, 0x97, 0x56, 0x67, 0x93, 0xB2, 0xDF, 0x70, 0x91, 0xCF, 0x69, 0x18, 0xD0, 0xC5, 0xE5, 0xD3,
    0x6B, 0x0D, 0x58, 0x30, 0x68, 0x3F, 0xA9, 0x6A, 0x8B, 0xCF, 0xA2, 0x3C, 0xEE, 0x1E, 0xAD, 0x2C,
    0xB2, 0x0F, 0xD8, 0x3F, 0x94, 0x25, 0xE1, 0x5A, 0xAF, 0x49, 0xBB, 0xF8, 0x2A, 0x0A, 0xB6, 0x15,
    0x7D, 0xF3, 0xCE, 0xF8, 0x06, 0xC2, 0xEB, 0xF8, 0xFA, 0xE1, 0xF4, 0x3A, 0xB6, 0x39, 0xDB, 0xEC,
    0x03, 0xFC, 0xE4, 0x74, 0x0D, 0x43, 0xC7, 0xB0, 0xDD, 0x11, 0xF9, 0xED, 0xB0, 0xDF, 0x0F, 0x25,
    0x80, 0xEB, 0xDD, 0xB0, 0x05, 0x30, 0x15, 0x8F, 0xFB, 0x4C, 0xB7, 0x7C, 0xD3, 0x90, 0xDC, 0x6B,
    0xF2, 0x35, 0xFB, 0xD0, 0xF4, 0x6B, 0xFE, 0x61, 0xD3, 0x47, 0x34, 0x9D, 0x9D, 0x5C, 0x3F, 0x7F,
    0x5F, 0xDE, 0xCE, 0x42, 0x6A, 0xED, 0xB0, 0x74, 0x0E, 0xFA, 0x0E, 0x76, 0xA4, 0xCB, 0xFA, 0x8F,
    0x41, 0x30, 0x81, 0x3B, 0x87, 0x2A, 0x47, 0x36, 0x76, 0x72, 0x77, 0x0B, 0xC9, 0x08, 0x78, 0x4C,
    0x8F, 0x2E, 0x98, 0xE9, 0x2B, 0x57, 0x4F, 0x25, 0x7E, 0x95, 0x07, 0xC0, 0x62, 0xD2, 0xFE, 0xA9,
    0x83, 0xB3, 0x3E, 0x06, 0xCC, 0x86, 0xEA, 0xBE, 0x61, 0x79, 0xA9, 0x85, 0x9C, 0x90, 0xF2, 0xC7,
    0xB7, 0x74, 0x58, 0x2E, 0x58, 0xEF, 0x33, 0xAF, 0x7D, 0x7A, 0x1F, 0xB3, 0x8D, 0xAD, 0xEE, 0x09,
    0xF0, 0x67, 0x5D, 0x38, 0x0C, 0xCE, 0x5C, 0x27, 0x38, 0x39, 0x08, 0x3B, 0x2F, 0xB4, 0x41, 0x58,
    0xCD, 0x42, 0x43, 0x61, 0xCE, 0x76, 0x9F, 0xCD, 0xF4, 0xF1, 0xC7, 0x92, 0xE8, 0x28, 0x2C, 0x78,
    0xF5, 0xEF, 0xCE, 0x80, 0xEA, 0x5D, 0x02, 0x66, 0x6C, 0x9C, 0xF4, 0xC9, 0x1E, 0x58, 0x72, 0x0F,
    0x54, 0x12, 0xCB, 0xCD, 0x5E, 0x80, 0x5D, 0x0A, 0xC2, 0xD2, 0x4A, 0xDA, 0x1B, 0xBA, 0x8C, 0x5E,
    0xD0, 0x37, 0x75, 0x46, 0xF7, 0x39, 0x44, 0x20, 0xA2, 0xFD, 0x80, 0x70, 0x12, 0xC0, 0x45, 0x40,
    0xED, 0x8E, 0xF5, 0xE1, 0x61, 0x75, 0xAA, 0x5B, 0xF2, 0x85, 0x35, 0x50, 0x38, 0xE3, 0x22, 0xDB,
    0xDC, 0x3D, 0xD6, 0x11, 0xBC, 0xFF, 0xC6, 0xE6, 0x91, 0x4C, 0xFB, 0x8D, 0xED, 0x91, 0x44, 0x50,
    0x07, 0x96, 0xED, 0x2B, 0xF5, 0x36, 0xB8, 0x60, 0x1B, 0x5E, 0x80, 0xB9, 0x18, 0x80, 0xF5, 0xAB,
    0xF5, 0x05, 0xEB, 0xC8, 0x84, 0xAC, 0x57, 0xD7, 0x66, 0x1C, 0x60, 0x3C, 0x24, 0x62, 0x79, 0x8F,
    0xE4, 0x91, 0xB8, 0xC2, 0xED, 0xDF, 0x1D, 0xD0, 0x79, 0x54, 0x2D, 0x60, 0x97, 0x84, 0x87, 0x17,
    0x05, 0xB7, 0x99, 0xD2, 0x6D, 0xD8, 0xBA, 0x7C, 0xE7, 0x66, 0x0B, 0x14, 0xC1, 0x3A, 0x20, 0x5D,
    0xB4, 0x42, 0x66, 0x3E, 0x46, 0xDA, 0x6F, 0xCA, 0xBE, 0x85, 0xFB, 0xC6, 0xC5, 0x4B, 0xED, 0xAF,
    0x18, 0x36, 0x4A, 0x45, 0x1C, 0x90, 0xB1, 0x2E, 0x95, 0xE6, 0x03, 0xB3, 0x14, 0xB6, 0xC2, 0xA3,
    0xBF, 0x86, 0x00, 0xEF, 0x71, 0x06, 0x3A, 0xFE, 0x3B, 0x7B, 0x54, 0x7C, 0x9E, 0x03, 0x92, 0xAD,
    0x8A, 0xFC, 0xAA, 0xB2, 0x60, 0xBB, 0x4D, 0xD4, 0x89, 0x8B, 0xB7, 0x40, 0x71, 0x01, 0x93, 0xB8,
    0x11, 0xAF, 0x7F, 0xCC, 0x13, 0x01, 0x5C, 0xA9, 0x85, 0x1C, 0xB1, 0xFF, 0x75, 0x89, 0xB9, 0x47,
    0xA1, 0xAB, 0xEA, 0x48, 0x98, 0xFA, 0xA3, 0x4E, 0xC4, 0x89, 0x5C, 0x10, 0xE4, 0x84, 0x82, 0xEF,
    0x2C, 0x28, 0x27, 0x2C, 0xB0, 0x3E, 0xA2, 0xD9, 0xF0, 0x26, 0x9A, 0x09, 0x40, 0xB3, 0xDE, 0x3E,
    0x46, 0xA0, 0x22, 0x5B, 0x14, 0xA4, 0xC4, 0x9D, 0x41, 0xD7, 0x21, 0xB2, 0x16, 0xB9, 0x5E, 0x72,
    0x6F, 0xC9, 0x87, 0x76, 0x11, 0x2D, 0x91, 0x11, 0x44, 0xB1, 0x80, 0xF7, 0xBA, 0x49, 0xF6, 0xED,
    0x81, 0x9B, 0x3A, 0xA5, 0x56, 0xEF, 0x4F, 0x39, 0xCA, 0x15, 0xFB, 0x6A, 0x36, 0xEC, 0xD3, 0xA1,
    0x7F, 0x22, 0xBB, 0x75, 0xBF, 0x84, 0x21, 0x9D, 0x1D, 0xAC, 0x6B, 0x5C, 0xE9, 0xE8, 0x8C, 0xE3,
    0x08, 0x90, 0xA7, 0xE8, 0xB8, 0xC0, 0xAE, 0x95, 0x5C, 0x9F, 0x74, 0xF4, 0x38, 0xA1, 0x0F, 0x68,
    0xFC, 0x0C, 0x3B, 0x2C, 0x68, 0x1C, 0xCF, 0xD8, 0x36, 0x9C, 0x91, 0xC8, 0x0C, 0xD5, 0xFA, 0x56,
    0x2C, 0x40, 0xB7, 0x2E, 0xD6, 0x01, 0x65, 0x0D, 0xC8, 0xBD, 0xE7, 0xBB, 0x6B, 0x11, 0x40, 0xB7,
    0xB1, 0xA6, 0x2F, 0x9D, 0x05, 0xBD, 0x71, 0xCD, 0x11, 0x9F, 0x89, 0x3C, 0x69, 0x11, 0x09, 0x3C,
    0x04, 0x26, 0xFB, 0x83, 0x08, 0xB7, 0x73, 0xB3, 0x4B, 0x4A, 0xEB, 0x84, 0x4D, 0xBF, 0x73, 0xDF,
    0x62, 0x94, 0x56, 0x80, 0xCF, 0x61, 0xB3, 0x0E, 0x00, 0x81, 0x44, 0x53, 0x01, 0xE4, 0xBC, 0x81,
    0x8E, 0xD4, 0xA5, 0x20, 0x3E, 0xD0, 0x92, 0xB3, 0x46, 0xC6, 0x9F, 0xC7, 0x85, 0x00, 0xE7, 0xF5,
    0x8F, 0x9E, 0x92, 0xED, 0x15, 0x6B, 0x3B, 0xAC, 0x35, 0x43, 0x19, 0x7D, 0xE1, 0x80, 0xAA, 0x3E,
    0xFE, 0x70, 0x0E, 0x28, 0xC8, 0x05, 0x55, 0xC8, 0xD9, 0x5A, 0x9F, 0x4A, 0xBA, 0xC0, 0xC1, 0xF6,
    0x11, 0x46, 0xB0, 0x3D, 0xDC, 0xCE, 0x04, 0x05, 0xB7, 0x5B, 0x58, 0xB5, 0x9E, 0xF8, 0x0C, 0x7C,
    0x26, 0xDF, 0x1E, 0xD7, 0xEF, 0xA1, 0xE9, 0x04, 0xCD, 0x78, 0x8E, 0x7D, 0x1B, 0x87, 0xAD, 0x15,
    0x43, 0xD9, 0x1E, 0xA4, 0xB9, 0x01, 0x27, 0x5C, 0x00, 0xCB, 0xD3, 0xF5, 0x38, 0xF1, 0x89, 0x7D,
    0xDE, 0x3A, 0xE3, 0xA2, 0x5D, 0xCE, 0x3A, 0xEB, 0xBB, 0xB6, 0x9A, 0x9A, 0xBA, 0x0C, 0x16, 0x26,
    0x24, 0x3A, 0x21, 0x5C, 0x8D, 0x5A, 0x0C, 0xA5, 0x6C, 0xD1, 0xCC, 0x00, 0xA3, 0xBF, 0xAD, 0xE7,
    0x18, 0xD6, 0xC9, 0x45, 0xB3, 0xEC, 0xCB, 0xBA, 0x5E, 0x05, 0x3D, 0x88, 0x54, 0x2F, 0x20, 0x3C,
    0xCD, 0x11, 0xDD, 0x02, 0xBC, 0x55, 0xAF, 0xDF, 0xB0, 0x9E, 0x11, 0x37, 0x23, 0x44, 0xEE, 0x7F,
    0xCD, 0x6F, 0x38, 0x1C, 0xFD, 0x29, 0x73, 0x46, 0x5C, 0x34, 0x4B, 0xA6, 0xE4, 0x18, 0x5D, 0x46,
    0x4E, 0xFB, 0x83, 0x28, 0x7D, 0xCA, 0xF3, 0x9B, 0x38, 0x79, 0xE0, 0x24, 0x8E, 0xA4, 0x38, 0x79,
    0xD4, 0xF4, 0x61, 0x5A, 0x51, 0x97, 0xE8, 0x41, 0x5C, 0x38, 0xB2, 0x87, 0xFE, 0xE6, 0xD4, 0x75,
    0xE1, 0xF3, 0x74, 0x91, 0x0D, 0x7D, 0xE4, 0xC2, 0x29, 0x72, 0xB0, 0x21, 0xD2, 0x95, 0x4A, 0x23,
    0x6C, 0x3F, 0x14, 0x9D, 0xD9, 0xDE, 0x9C, 0xEA, 0x57, 0xFE, 0x0F, 0xA5, 0x94, 0x55, 0x9C, 0xE4,
    0x4A, 0x15, 0xC6, 0xFF, 0x49, 0x66, 0xB6, 0x97, 0x6D, 0x2E, 0x75, 0x6D, 0xF5, 0x4A, 0x70, 0xAE,
    0x17, 0xAE, 0xD3, 0x5D, 0x85, 0xBD, 0x60, 0xDB, 0xB8, 0xBB, 0xBB, 0x7B, 0xEF, 0x24, 0xF8, 0xE3,
    0xD5, 0x77, 0xDC, 0xDD, 0xAD, 0x67, 0x53, 0xB8, 0x43, 0x70, 0x87, 0xC2, 0x1D, 0x0A, 0xE8, 0x87,
    0xF0, 0x23, 0x9D, 0x73, 0x2B, 0x33, 0x3D, 0x7B, 0xDD, 0x8F, 0x95, 0xF4, 0x97, 0xB2, 0xF3, 0x9D,
    0x5E, 0x47, 0xAC, 0x38, 0xE3, 0x55, 0xC8, 0x5A, 0x66, 0x1C, 0xCD, 0x46, 0x2A, 0x59, 0xA7, 0xDA,
    0x3C, 0x98, 0x72, 0x04, 0x70, 0x3C, 0x08, 0xA9, 0x94, 0x03, 0xA9, 0x95, 0x04, 0xF3, 0xEA, 0xF6,
    0x10, 0x87, 0x6E, 0xC8, 0xCE, 0xB4, 0x5C, 0xD1, 0x4D, 0x6E, 0xE4, 0x70, 0x25, 0x8B, 0xC6, 0xB4,
    0x1F, 0x1A, 0xF8, 0x4A, 0x96, 0x06, 0x3C, 0x38, 0x8A, 0x44, 0xA9, 0x44, 0xBA, 0x9B, 0xB2, 0x6F,
    0xCA, 0xC8, 0xD0, 0x6A, 0x69, 0xE2, 0x0A, 0x71, 0xA9, 0x03, 0xB6, 0xA8, 0x25, 0x48, 0xA8, 0xBC,
    0x2E, 0x57, 0x59, 0xC5, 0xD4, 0x85, 0x2B, 0x82, 0xD4, 0x55, 0x10, 0x6F, 0x7C, 0xE5, 0x86, 0xF6,
    0x64, 0x8E, 0xC6, 0xD8, 0x38, 0x1F, 0x86, 0x21, 0x0B, 0xB9, 0xCF, 0xCB, 0x15, 0x98, 0x30, 0xEC,
    0xD0, 0x1F, 0x2C, 0x47, 0x03, 0xB7, 0x96, 0xB9, 0x18, 0x63, 0x3F, 0xCE, 0x30, 0x21, 0xB5, 0x8F,
    0x53, 0xBF, 0x6D, 0xF3, 0xDF, 0xB5, 0xE6, 0x2B, 0x8D, 0x39, 0x3B, 0x14, 0xCA, 0xB5, 0xB9, 0x9D,
    0x9F, 0xC5, 0xD1, 0x2B, 0xC4, 0xDD, 0xD7, 0xD9, 0xD0, 0x5F, 0xE8, 0xB7, 0xCE, 0xC4, 0xC5, 0xDD,
    0x11, 0x8E, 0x3F, 0xD4, 0xCB, 0x29, 0x0F, 0xDA, 0xDD, 0x9A, 0x6D, 0x7D, 0xD2, 0xFE, 0x67, 0xBC,
    0xFA, 0x5D, 0x98, 0xEF, 0x77, 0xE4, 0x41, 0x18, 0x34, 0xC6, 0x25, 0xAD, 0xAA, 0x59, 0xCF, 0xC2,
    0x91, 0x17, 0x48, 0xC5, 0x22, 0xCC, 0x18, 0x17, 0x2C, 0x8C, 0xB4, 0x71, 0xC1, 0x44, 0x2C, 0x4F,
    0x67, 0xF3, 0x65, 0xE6, 0xE6, 0x6F, 0xED, 0x98, 0xD9, 0x94, 0x11, 0xCF, 0x1B, 0x84, 0xBC, 0x8C,
    0x7D, 0x04, 0x71, 0xE2, 0xC5, 0x1B, 0xB7, 0x4A, 0x6E, 0x0B, 0x5F, 0x85, 0x22, 0xE8, 0x30, 0x08,
    0x99, 0x57, 0xAE, 0xA2, 0xC1, 0x92, 0x97, 0x45, 0x1D, 0x11, 0xB5, 0xB8, 0x8E, 0x29, 0x06, 0xE5,
    0xD3, 0xC0, 0xD1, 0x3A, 0xBE, 0xCF, 0x65, 0xB1, 0xA7, 0xBD, 0x09, 0xDD, 0x30, 0x5C, 0x90, 0x0A,
    0x98, 0x92, 0xA1, 0xE3, 0x3D, 0x65, 0x2A, 0x6E, 0xD0, 0xA1, 0x1A, 0x74, 0xCD, 0x18, 0xF0, 0x89,
    0xAF, 0xA2, 0x26, 0x51, 0xE1, 0x43, 0x7C, 0x8C, 0x7E, 0xF4, 0xB1, 0xD8, 0xF6, 0x39, 0xB1, 0x22,
    0x2E, 0xDA, 0xEE, 0x47, 0x3A, 0x86, 0x97, 0xB4, 0x1D, 0xE5, 0xC9, 0x98, 0xD2, 0x38, 0xE3, 0x72,
    0xA7, 0xAC, 0xA6, 0xE5, 0x1C, 0x12, 0x5D, 0xCD, 0x43, 0x53, 0xE4, 0x89, 0xCD, 0x5C, 0xAF, 0xC5,
    0xC2, 0xB4, 0xBB, 0x1F, 0x54, 0x2C, 0x4E, 0xFF, 0x73, 0x1C, 0x2D, 0xF5, 0xF4, 0x3F, 0x17, 0x8B,
    0xBD, 0x3F, 0xC8, 0x5C, 0x5A, 0x56, 0x5D, 0xD5, 0xB1, 0x8F, 0xD1, 0x96, 0xDE, 0xAE, 0x2D, 0x5A,
    0x33, 0xDF, 0x55, 0xDE, 0x94, 0xE9, 0x52, 0xCD, 0xA3, 0xCC, 0x22, 0x6F, 0xD3, 0x37, 0x5D, 0x9D,
    0xDC, 0x27, 0x56, 0x37, 0x55, 0x37, 0xCF, 0x83, 0x6A, 0x74, 0xB1, 0xC8, 0xE7, 0x11, 0xE5, 0x8A,
    0xBA, 0xA8, 0x8D, 0x53, 0xCE, 0x70, 0x47, 0x40, 0x45, 0xCD, 0x23, 0x63, 0x93, 0xF6, 0xA1, 0xAD,
    0xCC, 0x9F, 0x61, 0x39, 0x9A, 0xB4, 0x46, 0x95, 0x18, 0x4B, 0x11, 0xED, 0x87, 0x18, 0x41, 0x77,
    0xEC, 0x78, 0x13, 0xC6, 0x5D, 0x5C, 0xDF, 0xF3, 0x9E, 0xF7, 0x88, 0x48, 0xF7, 0x9E, 0x2A, 0xA0,
    0xA2, 0x9D, 0xC3, 0x8E, 0xE7, 0xDD, 0xF1, 0xA8, 0x17, 0xAD, 0x9D, 0x38, 0x96, 0x59, 0xFE, 0xF3,
    0x39, 0x30, 0x61, 0x75, 0x41, 0x61, 0x5E, 0xDD, 0xA7, 0x37, 0x26, 0xB6, 0xE7, 0x0B, 0xC0, 0x25,
    0x2A, 0xA0, 0xA3, 0x88, 0xB0, 0xCB, 0xF2, 0x7A, 0x0B, 0xD6, 0x63, 0xA4, 0x89, 0xF3, 0xF1, 0x57,
    0xB6, 0x64, 0xD8, 0xA6, 0x5E, 0xCB, 0x1B, 0xBC, 0x11, 0x71, 0x1B, 0x5A, 0xCA, 0x4F, 0x65, 0x1D,
    0x00, 0x17, 0x2F, 0x19, 0x11, 0x09, 0x97, 0xF6, 0x58, 0x45, 0x13, 0x80, 0x8B, 0x8F, 0x93, 0x73,
    0x40, 0x75, 0x99, 0x37, 0xF2, 0xB7, 0xBA, 0x10, 0x71, 0x33, 0x25, 0xF6, 0x49, 0x49, 0x4B, 0xEC,
    0xD7, 0x95, 0x88, 0x5F, 0xB6, 0xB1, 0x27, 0xBD, 0x84, 0xAD, 0x3E, 0xA4, 0x16, 0x72, 0x47, 0x22,
    0x0E, 0xB5, 0x80, 0xCA, 0x33, 0xE8, 0xC0, 0x84, 0xE8, 0x16, 0x76, 0x02, 0x90, 0x02, 0x03, 0x07,
    0xAA, 0x77, 0x0B, 0x1A, 0x18, 0x03, 0x53, 0xA0, 0x05, 0xE6, 0x90, 0x06, 0xC8, 0xFC, 0x75, 0x82,
    0xCD, 0x96, 0xB0, 0x9B, 0x02, 0xB6, 0xE9, 0x72, 0xA5, 0x17, 0xF3, 0x98, 0x88, 0xAD, 0x8C, 0xC4,
    0xD4, 0x88, 0x48, 0x4C, 0xD3, 0x69, 0xEF, 0x79, 0x4F, 0xD9, 0xBF, 0xD7, 0x1D, 0x49, 0x8F, 0x78,
    0x3F, 0xEE, 0x7D, 0xF8, 0xFD, 0x60, 0xA4, 0xBD, 0xE3, 0xE8, 0xC4, 0xE7, 0x9D, 0x71, 0x14, 0x00,
    0x6B, 0x6B, 0xBA, 0x19, 0x06, 0x15, 0xC6, 0xB3, 0x53, 0x4E, 0x81, 0xA1, 0x33, 0xE5, 0x1A, 0x23,
    0x34, 0xCA, 0x0D, 0x22, 0x4B, 0xB5, 0x1B, 0xD3, 0x3F, 0xDD, 0xF6, 0x33, 0x02, 0x97, 0x18, 0x5F,
    0x9D, 0xCA, 0xBA, 0xA2, 0x67, 0x3F, 0x19, 0xE3, 0x8C, 0xCF, 0x7D, 0xDC, 0xA5, 0xBC, 0x23, 0x00,
    0xA8, 0x3A, 0x7A, 0xC0, 0xE4, 0x7F, 0xAB, 0xAB, 0x37, 0x7E, 0x27, 0x54, 0x1F, 0x3C, 0x18, 0x8C,
    0x1E, 0x7A, 0xCE, 0x04, 0x71, 0x9B, 0xEA, 0xAB, 0xA0, 0xEB, 0xCB, 0x52, 0xF1, 0xCA, 0xD2, 0x7E,
    0xC9, 0xFF, 0xAA, 0xF7, 0xBC, 0xA9, 0xAF, 0xA1, 0x74, 0x53, 0xA1, 0x24, 0x79, 0xA0, 0x47, 0xC9,
    0x77, 0xFB, 0xD3, 0x45, 0x17, 0xF7, 0x29, 0x23, 0xF6, 0x71, 0x87, 0x3E, 0x0D, 0xCB, 0x23, 0x71,
    0xC0, 0x82, 0xA9, 0xA1, 0xF0, 0x60, 0x1C, 0xEC, 0x4A, 0xCE, 0x19, 0x2C, 0x32, 0x9F, 0x8B, 0xD4,
    0x9B, 0xA4, 0xCC, 0x85, 0x4F, 0x31, 0x01, 0xE3, 0xB6, 0x30, 0x45, 0x0D, 0xBA, 0xBC, 0xA2, 0x5B,
    0x5F, 0xE1, 0xFC, 0x4A, 0xC2, 0x89, 0x99, 0x35, 0xE2, 0x2A, 0xF1, 0x67, 0xBD, 0xB7, 0xDC, 0x99,
    0x02, 0x40, 0xE6, 0x54, 0xD0, 0xCD, 0xA0, 0xDE, 0x52, 0xA9, 0x63, 0xBF, 0xDF, 0xB8, 0x1D, 0x48,
    0x00, 0x50, 0xDB, 0xF1, 0x89, 0x5F, 0x43, 0x4D, 0xF8, 0xCF, 0xD9, 0xAC, 0x72, 0x03, 0xF8, 0x10,
    0xCB, 0xF8, 0x38, 0xB8, 0x1E, 0x6F, 0x8A, 0x1D, 0xB5, 0x6B, 0x89, 0xAC, 0x61, 0xA0, 0x82, 0x8F,
    0xF1, 0xE0, 0x72, 0xA6, 0x07, 0x0F, 0x79, 0x5E, 0x8C, 0x3D, 0x98, 0xC7, 0x2D, 0xBF, 0x9D, 0xF0,
    0xEF, 0x83, 0xAC, 0x06, 0xDE, 0xFA, 0x75, 0xD4, 0xC5, 0xF7, 0xBA, 0xF8, 0x19, 0x6E, 0xC9, 0x18,
    0xD5, 0x24, 0xED, 0xB0, 0x31, 0xF6, 0xB6, 0x00, 0x9B, 0x7F, 0x7C, 0x55, 0x4E, 0x72, 0xD8, 0x6E,
    0x16, 0x73, 0x6B, 0x68, 0x67, 0x11, 0x74, 0x98, 0x54, 0x6C, 0x2A, 0x65, 0x22, 0x70, 0xCA, 0x36,
    0xEB, 0xFC, 0x92, 0x75, 0xD7, 0x67, 0xA6, 0x83, 0xB1, 0xDA, 0x27, 0x2D, 0x27, 0xC2, 0xA5, 0x17,
    0x9D, 0xB0, 0x8F, 0x0D, 0x46, 0x98, 0xDF, 0xAF, 0x33, 0x68, 0x84, 0x7C, 0xFE, 0xFF, 0xF2, 0x70,
    0xFA, 0x3B, 0xF7, 0xA6, 0xEC, 0xF3, 0x9E, 0xCD, 0x22, 0xE8, 0xE6, 0x0C, 0x4B, 0x13, 0x8A, 0xB9,
    0x99, 0x6B, 0x0F, 0x04, 0xCE, 0xF8, 0x6F, 0x69, 0xC4, 0xA5, 0x0D, 0x31, 0xC6, 0x3E, 0x81, 0xE1,
    0xAB, 0xBD, 0x91, 0xF6, 0x63, 0x87, 0x4E, 0x0E, 0x6B, 0x2A, 0xDA, 0xBA, 0x6C, 0xE4, 0x3F, 0x9E,
    0xC3, 0xC9, 0x9C, 0x49, 0xCF, 0x0C, 0x5E, 0xC6, 0xC7, 0x60, 0x0A, 0x90, 0xD5, 0xDA, 0x02, 0x79,
    0xA9, 0xE6, 0x90, 0x74, 0xA4, 0xF2, 0x87, 0x07, 0x57, 0x0D, 0x18, 0x11, 0x71, 0x90, 0x54, 0xF2,
    0x7B, 0x96, 0xB2, 0xFD, 0x81, 0x01, 0x50, 0x4E, 0x79, 0xA0, 0x22, 0x93, 0x0B, 0x92, 0xE7, 0x36,
    0x50, 0x88, 0x48, 0x4D, 0x4F, 0xCE, 0x86, 0x6D, 0x91, 0x23, 0x02, 0xC0, 0xEE, 0x48, 0xD0, 0x07,
    0xC9, 0x11, 0x49, 0xE4, 0x7F, 0xC0, 0x68, 0x28, 0x7D, 0x3B, 0xD3, 0x3D, 0xC9, 0x3F, 0xD8, 0x1A,
    0xBB, 0x49, 0xEF, 0x29, 0xC4, 0xD6, 0x01, 0x24, 0x0F, 0x02, 0xF6, 0xBC, 0xE7, 0x02, 0x20, 0x42,
    0xC5, 0x43, 0xD5, 0x43, 0xC9, 0xE4, 0x0F, 0x77, 0x7D, 0xA4, 0x38, 0xF5, 0x7B, 0x20, 0x0F, 0x06,
    0x20, 0x69, 0x4F, 0x01, 0xA0, 0x8F, 0x1C, 0x0D, 0x70, 0x5B, 0x89, 0xD2, 0xF6, 0xA1, 0x7B, 0x46,
    0x2C, 0xA4, 0x4F, 0x01, 0xDC, 0x10, 0x80, 0xBC, 0x61, 0x6D, 0xC4, 0xCA, 0x88, 0x7C, 0xC1, 0x74,
    0xC4, 0x6C, 0xC4, 0xBA, 0xB0, 0x6B, 0x95, 0x61, 0x33, 0x3E, 0x6B, 0x2D, 0x2F, 0x64, 0xCA, 0x38,
    0xC9, 0xFF, 0x99, 0xBC, 0x49, 0x59, 0x65, 0xC1, 0x58, 0x55, 0x6E, 0xAB, 0xAE, 0x77, 0x4F, 0x54,
    0xC3, 0x48, 0x33, 0xCB, 0x99, 0x29, 0x3B, 0x53, 0x4C, 0x73, 0xF4, 0x06, 0xE9, 0x39, 0x14, 0xB9,
    0xCB, 0x87, 0x17, 0x99, 0x3A, 0xE8, 0x94, 0xF8, 0xF4, 0xDC, 0x89, 0x9E, 0xCF, 0x66, 0xCD, 0x0D,
    0x1B, 0x1A, 0xDA, 0x15, 0xF3, 0xA9, 0x1D, 0xE7, 0xD0, 0x81, 0x01, 0x8D, 0x16, 0x66, 0x05, 0x8D,
    0xA1, 0xD1, 0x7D, 0x9C, 0x19, 0xC6, 0x52, 0xEE, 0xBA, 0xA7, 0x2D, 0x20, 0x07, 0x15, 0xAD, 0x42,
    0xFD, 0xDA, 0xA9, 0x7B, 0x3B, 0x35, 0x58, 0x9A, 0x79, 0x83, 0xDF, 0x7D, 0xD7, 0xC9, 0xE1, 0xCA,
    0x94, 0xE6, 0xB1, 0x3F, 0x77, 0x5A, 0xBD, 0xA6, 0xBE, 0xB8, 0x17, 0x07, 0xBF, 0x1F, 0x1E, 0x7C,
    0xCF, 0xBB, 0x4E, 0x4C, 0x11, 0xBF, 0x43, 0xDD, 0x03, 0x65, 0x51, 0xF4, 0xA6, 0xCF, 0x61, 0xF7,
    0x84, 0x14, 0x45, 0x11, 0x72, 0xB6, 0x55, 0x85, 0xF4, 0x1C, 0xF3, 0xE3, 0xA0, 0x5E, 0xED, 0x86,
    0x5F, 0xB0, 0x83, 0x2F, 0x90, 0xFD, 0x95, 0x74, 0x01, 0x2D, 0x4C, 0x30, 0x7F, 0xF3, 0xEA, 0x0B,
    0x36, 0xEB, 0x87, 0xA4, 0x1D, 0x03, 0x65, 0x75, 0xEE, 0x77, 0xEF, 0x9E, 0x5C, 0x08, 0xD4, 0xBB,
    0x31, 0xB0, 0xE5, 0xC6, 0x75, 0xE6, 0xFF, 0x01, 0xD0, 0xCC, 0xB5, 0x89, 0x00, 0x0C, 0x68, 0xE9,
    0xFF, 0xE7, 0x04, 0x48, 0x36, 0xA0, 0xAC, 0x5A, 0x23, 0xAF, 0x12, 0x5F, 0x83, 0x64, 0x95, 0x15,
    0x72, 0x02, 0x51, 0x0E, 0x1C, 0x30, 0xD9, 0xAD, 0xF2, 0x72, 0x83, 0x49, 0x37, 0x10, 0x09, 0x90,
    0xAA, 0x72, 0xB2, 0x81, 0xA6, 0x6A, 0x57, 0xAB, 0xC0, 0x81, 0x66, 0xAB, 0xC6, 0x55, 0xE4, 0x9B,
    0x60, 0x52, 0x05, 0x8F, 0x6C, 0xD0, 0x0C, 0x1C, 0x28, 0x20, 0x76, 0xB5, 0x2E, 0x07, 0x0C, 0x8C,
    0x52, 0xCD, 0xEE, 0x6E, 0x91, 0x55, 0xCB, 0x16, 0x89, 0xB1, 0x30, 0xC3, 0x06, 0xBE, 0x3D, 0xE7,
    0xF4, 0xBD, 0x77, 0xDE, 0xE3, 0x0C, 0x69, 0xD2, 0x36, 0x29, 0xB9, 0xF9, 0xF0, 0xFB, 0xCE, 0xBB,
    0x00, 0xBA, 0xCF, 0x6D, 0x74, 0x1F, 0x9C, 0xEE, 0xC7, 0xC1, 0x25, 0x48, 0x69, 0x46, 0x81, 0x9B,
    0x05, 0xF5, 0x2A, 0xD8, 0xB1, 0x15, 0x76, 0x83, 0x20, 0xEF, 0x61, 0x85, 0x24, 0x27, 0x45, 0xB8,
    0xC2, 0xBE, 0x0C, 0x3B, 0xF6, 0x3B, 0x45, 0x71, 0x04, 0x20, 0xF8, 0xB9, 0x22, 0x0A, 0xFE, 0x46,
    0xC1, 0x23, 0xFA, 0x07, 0x78, 0x42, 0x01, 0x45, 0xB6, 0x08, 0x72, 0x45, 0xB1, 0x94, 0x0A, 0x92,
    0x9C, 0x0D, 0x78, 0x0A, 0xDF, 0x06, 0xD8, 0xCA, 0x79, 0xF6, 0x1C, 0x0C, 0x20, 0x7C, 0x8B, 0x27,
    0xF0, 0x8D, 0xDF, 0x86, 0x43, 0x4E, 0x39, 0xE2, 0x20, 0xAF, 0x71, 0xAA, 0x45, 0x32, 0x4E, 0xD5,
    0x05, 0x29, 0x47, 0x7C, 0x5B, 0x04, 0x52, 0x8E, 0xF2, 0xBF, 0xDE, 0x30, 0x21, 0xE7, 0x24, 0xAB,
    0x9D, 0xAB, 0x68, 0x22, 0xCD, 0xA8, 0x14, 0x1C, 0x3E, 0x47, 0x7A, 0x15, 0x7D, 0x26, 0x79, 0xBA,
    0xCF, 0x49, 0xEB, 0xAB, 0x89, 0x9B, 0x53, 0x1B, 0xA3, 0x0A, 0x56, 0x9C, 0x2B, 0x57, 0x01, 0x14,
    0x8B, 0xA0, 0x8E, 0x82, 0x6E, 0xD9, 0x5F, 0x56, 0xAC, 0xE7, 0x1E, 0x2A, 0xEC, 0xEB, 0x18, 0xA4,
    0x13, 0x6B, 0x69, 0xA3, 0xAF, 0x14, 0xE5, 0x11, 0x85, 0x02, 0xF8, 0x47, 0xA2, 0x54, 0x90, 0xDC,
    0x03, 0x78, 0xF2, 0xA6, 0x7E, 0xC8, 0x09, 0x1D, 0xFD, 0x92, 0x73, 0xD0, 0x7E, 0x16, 0x2F, 0xEB,
    0x88, 0x7C, 0x71, 0x11, 0x59, 0x74, 0x8B, 0x78, 0xEE, 0x67, 0x04, 0xF8, 0x90, 0x05, 0xF0, 0xEE,
    0x0F, 0x04, 0xE4, 0x01, 0x21, 0x53, 0xE8, 0xD9, 0x19, 0x37, 0xA0, 0x17, 0x3F, 0xEE, 0x22, 0x10,
    0x6B, 0x45, 0x45, 0xA9, 0xA0, 0xE0, 0x90, 0x47, 0xF8, 0xED, 0x76, 0x44, 0xA5, 0x0D, 0xE1, 0xA5,
    0x37, 0x80, 0xCB, 0x72, 0x80, 0x5C, 0x50, 0xF2, 0xC3, 0x0D, 0xF5, 0x82, 0x0D, 0x2E, 0x08, 0xBA,
    0x3D, 0xDE, 0xB4, 0xFE, 0x41, 0xC7, 0x16, 0x70, 0x9C, 0x81, 0x86, 0xEC, 0x51, 0x6A, 0x93, 0x39,
    0x19, 0xED, 0x77, 0xA8, 0xD9, 0xAA, 0xD9, 0x03, 0xD2, 0xCA, 0x5B, 0x10, 0xFF, 0xBD, 0xA0, 0x27,
    0x0A, 0x82, 0x28, 0x37, 0xF0, 0xBE, 0x5F, 0xF4, 0xDA, 0x51, 0x9A, 0xBD, 0x09, 0x90, 0x91, 0x8C,
    0x57, 0x38, 0xEE, 0xD8, 0x7F, 0xA9, 0x9F, 0x92, 0x7D, 0xBA, 0xF7, 0xB1, 0xF6, 0x29, 0xB8, 0x91,
    0x70, 0x1F, 0xB1, 0xD5, 0xA3, 0x19, 0x88, 0x4B, 0x78, 0x02, 0x5A, 0x1C, 0x69, 0xC7, 0x65, 0xCE,
    0x3A, 0x3E, 0xFE, 0x49, 0x47, 0xCE, 0xE9, 0x58, 0x5F, 0x41, 0x2E, 0x7A, 0xE0, 0x45, 0x5E, 0x45,
    0x45, 0xFC, 0x93, 0x8F, 0x72, 0x93, 0x63, 0xC5, 0xA5, 0x32, 0xA2, 0xFB, 0xC5, 0x0C, 0x72, 0x82,
    0x67, 0x8F, 0x66, 0x81, 0x75, 0x2C, 0x57, 0x51, 0xB7, 0xD7, 0x4B, 0xEB, 0x9F, 0xF2, 0x7F, 0x88,
    0xE2, 0x6C, 0xC7, 0xFE, 0xBC, 0x2E, 0x9F, 0xA1, 0xB3, 0x4C, 0xED, 0x36, 0x29, 0x37, 0xD1, 0x20,
    0xCA, 0x11, 0x99, 0x68, 0xCF, 0x19, 0xB9, 0xAA, 0x8B, 0x28, 0x54, 0x9B, 0x15, 0x36, 0x9E, 0xEB,
    0x0D, 0xBB, 0x31, 0x69, 0x39, 0x98, 0x3E, 0xF9, 0x7C, 0xAF, 0xE7, 0x63, 0xC7, 0x56, 0xB4, 0x8B,
    0x24, 0x4A, 0xBE, 0xC6, 0xE0, 0x57, 0x90, 0x94, 0x1A, 0x16, 0xD5, 0x05, 0x97, 0x8F, 0xD1, 0x30,
    0x3A, 0xF2, 0xBC, 0x21, 0x4F, 0xF9, 0x5B, 0xE6, 0xB9, 0x4E, 0x1A, 0x0E, 0x5F, 0xDE, 0xD0, 0xB2,
    0xB5, 0x7B, 0x83, 0x41, 0x8C, 0xF7, 0x6F, 0x71, 0xF0, 0x71, 0x7F, 0x4D, 0xC5, 0x4F, 0x1B, 0x25,
    0xDB, 0xCF, 0x32, 0x8E, 0xD7, 0xE8, 0x37, 0x54, 0xE3, 0x6D, 0xBF, 0xEC, 0x5D, 0xE5, 0xB4, 0x37,
    0xEE, 0x01, 0x42, 0x72, 0x38, 0xCA, 0xB3, 0x9C, 0xEA, 0xE1, 0x10, 0xCD, 0xBA, 0xA3, 0x7C, 0x7E,
    0x50, 0x5B, 0x92, 0x6C, 0xE7, 0x83, 0xDA, 0x6E, 0x1F, 0xD4, 0x0E, 0x32, 0x7C, 0xAE, 0xE4, 0x49,
    0x1C, 0xE9, 0x18, 0x0F, 0x82, 0xF4, 0x5E, 0x82, 0xEB, 0xAD, 0x9D, 0xE1, 0xF8, 0x52, 0xAA, 0x57,
    0xFB, 0x78, 0x54, 0x3E, 0x85, 0x54, 0x7E, 0x1F, 0x64, 0x84, 0x1F, 0x84, 0x52, 0xA7, 0x3C, 0x89,
    0xC2, 0x7C, 0x28, 0x39, 0x08, 0xAB, 0x37, 0x20, 0xAC, 0xA1, 0x3C, 0x31, 0x7E, 0xD7, 0x18, 0x95,
    0x3F, 0x0D, 0x4A, 0x0E, 0xC6, 0x4D, 0xD9, 0x73, 0x54, 0x76, 0x41, 0xE9, 0xE2, 0x03, 0x36, 0xAB,
    0xB2, 0xDE, 0x94, 0x15, 0x51, 0x1A, 0xC9, 0x58, 0x32, 0x0A, 0x73, 0x46, 0x8B, 0x6F, 0x57, 0x53,
    0xE0, 0x05, 0xF2, 0xD5, 0xA4, 0x60, 0x7B, 0x3E, 0x42, 0x77, 0xB3, 0xC9, 0x2E, 0x9A, 0xA4, 0x2F,
    0x70, 0x1C, 0x51, 0x35, 0x6D, 0xDA, 0x37, 0x22, 0x57, 0x78, 0xFD, 0x12, 0xEF, 0xA2, 0x64, 0x0B,
    0x06, 0x95, 0x2C, 0x49, 0x91, 0xA4, 0x4A, 0xD2, 0x24, 0x79, 0x3A, 0xC9, 0x62, 0xF2, 0x6C, 0x30,
    0xF9, 0xDE, 0x60, 0xF2, 0x7C, 0x6F, 0xD2, 0xC1, 0xE4, 0x2C, 0xC9, 0x9C, 0x64, 0x4A, 0x32, 0x24,
    0x69, 0xCF, 0xC9, 0xDE, 0x89, 0xBD, 0x00, 0x37, 0xF0, 0x67, 0x40, 0x11, 0x41, 0x65, 0xC6, 0x83,
    0x9D, 0xDF, 0xCB, 0xDE, 0x04, 0xE0, 0x39, 0x0B, 0xCB, 0xED, 0xC1, 0x3B, 0x65, 0xCD, 0x19, 0x13,
    0xAF, 0xC8, 0x94, 0xB8, 0x76, 0x5D, 0x1F, 0x6F, 0x63, 0x31, 0xE6, 0x04, 0x5A, 0xFF, 0x99, 0x70,
    0xC6, 0x02, 0x74, 0x31, 0x0B, 0x80, 0x8B, 0xB9, 0xB0, 0xDE, 0x8A, 0x11, 0xA8, 0xB8, 0x1B, 0x80,
    0x92, 0x95, 0x05, 0xD9, 0x1F, 0x6B, 0x47, 0xF2, 0xFF, 0x0A, 0xC1, 0xB8, 0xE7, 0xB1, 0x17, 0x5D,
    0x50, 0xD6, 0xA3, 0xE0, 0x66, 0x35, 0xE8, 0xE5, 0x55, 0xAB, 0xB7, 0x52, 0x3B, 0xD8, 0x2E, 0x2C,
    0x68, 0x97, 0xBC, 0xD4, 0x1E, 0x27, 0x6A, 0xA2, 0x45, 0xE4, 0x3B, 0x69, 0x86, 0x7C, 0x75, 0x2C,
    0x95, 0x23, 0xCF, 0x15, 0xA0, 0x0A, 0xC0, 0xA7, 0x38, 0x29, 0xCB, 0xF3, 0x1C, 0x95, 0x4D, 0x50,
    0xBA, 0xD9, 0x18, 0x95, 0xDE, 0xC8, 0x55, 0xF9, 0x21, 0x05, 0xF9, 0x07, 0xCA, 0xE2, 0x1D, 0x7B,
    0xDD, 0xBE, 0x43, 0xED, 0xB7, 0xD7, 0x94, 0x95, 0xCD, 0xD2, 0x1A, 0x0C, 0xC0, 0x1F, 0xC1, 0x0B,
    0x4F, 0x5E, 0xF0, 0xDA, 0xDB, 0x64, 0x04, 0x3C, 0xB5, 0x8A, 0x80, 0x7A, 0x43, 0x16, 0x50, 0x11,
    0xC5, 0x04, 0x0D, 0x1C, 0xCA, 0x81, 0x36, 0xA4, 0x13, 0x2F, 0x24, 0x58, 0x55, 0xD8, 0x9D, 0xCB,
    0xB2, 0xDA, 0x42, 0x91, 0x5D, 0x17, 0x1C, 0x5F, 0xF7, 0xDC, 0x14, 0xDA, 0xB3, 0xCF, 0x70, 0x91,
    0x13, 0x2E, 0x0A, 0xEA, 0x4D, 0x50, 0x71, 0x8F, 0xBE, 0xDA, 0x6C, 0x22, 0xD9, 0x9C, 0xB2, 0xF8,
    0x4A, 0x52, 0x1B, 0xE5, 0x02, 0xC1, 0x3D, 0x28, 0x39, 0xE2, 0x0A, 0xFF, 0x9C, 0xF3, 0xC5, 0x99,
    0x77, 0x64, 0x54, 0xBA, 0xE5, 0x38, 0x47, 0xDF, 0x63, 0x2B, 0x94, 0x7B, 0x85, 0x1F, 0x70, 0xB2,
    0xB3, 0xAB, 0xB2, 0xA2, 0xB2, 0x64, 0x6B, 0xEC, 0x8F, 0xAC, 0xEC, 0x93, 0x9A, 0x28, 0xF9, 0xAA,
    0x8F, 0x29, 0x8D, 0xB4, 0xD6, 0xBF, 0xF6, 0x6C, 0xC8, 0x89, 0xC4, 0x3D, 0x2F, 0xDD, 0xFB, 0x53,
    0x5E, 0x07, 0x66, 0xBB, 0x26, 0x28, 0x33, 0x63, 0x7E, 0x8E, 0xC5, 0x64, 0x1C, 0x8D, 0x83, 0xB2,
    0x34, 0x56, 0x89, 0xAD, 0xB2, 0x81, 0xD2, 0x19, 0x5F, 0x36, 0x46, 0x65, 0x1E, 0x94, 0xBB, 0x49,
    0x49, 0x2B, 0x3E, 0x11, 0x52, 0x12, 0x7D, 0xE2, 0x5B, 0xCA, 0xEE, 0x4D, 0xA5, 0x3B, 0x33, 0x3E,
    0xA1, 0xFC, 0x83, 0xAF, 0x37, 0xDD, 0xCE, 0x7A, 0x68, 0xF9, 0x57, 0xA8, 0x96, 0x8C, 0x0C, 0x39,
    0xD1, 0xAC, 0x6A, 0x58, 0xD0, 0xD3, 0xC4, 0xA4, 0x66, 0x5B, 0xD9, 0x33, 0x76, 0x44, 0x7E, 0x6B,
    0x10, 0xE3, 0xE4, 0x26, 0x50, 0x8C, 0x62, 0xA8, 0xD7, 0x79, 0x10, 0xC3, 0xE6, 0x8E, 0x18, 0x59,
    0x50, 0xE3, 0xAC, 0x62, 0x31, 0xA9, 0xE1, 0x5E, 0xE4, 0xB5, 0x41, 0x8D, 0x8A, 0xDC, 0x54, 0x73,
    0x92, 0x4C, 0x99, 0xB2, 0x8E, 0x52, 0x9B, 0x76, 0x15, 0x73, 0x0E, 0x80, 0xD7, 0xDB, 0x39, 0x01,
    0x14, 0x43, 0x00, 0x70, 0x4A, 0x46, 0x46, 0x6D, 0xCB, 0xCF, 0xC8, 0xA9, 0xAD, 0x77, 0x0B, 0x0A,
    0x33, 0x5C, 0x84, 0xE7, 0xAB, 0x64, 0x70, 0x9C, 0xFC, 0xA6, 0x3E, 0x57, 0x9C, 0xBE, 0x79, 0x1D,
    0x5A, 0xFE, 0x5D, 0x8B, 0x6F, 0xBE, 0x61, 0x73, 0x65, 0x46, 0x75, 0xDF, 0x13, 0x36, 0xAB, 0xAA,
    0xA0, 0x55, 0x4C, 0xE0, 0x58, 0x8E, 0x02, 0x00, 0xDA, 0x72, 0xA6, 0x28, 0x08, 0x5C, 0x92, 0x36,
    0x50, 0xA5, 0xF1, 0x93, 0xD6, 0x66, 0xC3, 0xE1, 0x3D, 0xCC, 0xF0, 0x98, 0xC2, 0x0D, 0x8A, 0x51,
    0x31, 0xC9, 0x89, 0x66, 0x92, 0x4B, 0x4A, 0xAD, 0x3E, 0x23, 0x17, 0x4D, 0x7E, 0x7F, 0xA7, 0xDF,
    0x2E, 0x79, 0x9F, 0x5D, 0x07, 0xB4, 0x2B, 0xEC, 0x11, 0x84, 0x32, 0x5A, 0x54, 0x2C, 0x16, 0x0B,
    0x85, 0xBB, 0x90, 0x1E, 0x50, 0x8A, 0x89, 0xF7, 0xFE, 0x25, 0xBC, 0x2F, 0x7F, 0xE7, 0x32, 0x92,
    0xE6, 0x18, 0x67, 0xD6, 0x94, 0x5F, 0xA7, 0xAC, 0xFA, 0xC0, 0xE5, 0x21, 0xCE, 0xE7, 0x18, 0x94,
    0x99, 0x31, 0x37, 0x16, 0x89, 0x93, 0xD2, 0xB2, 0xE8, 0x94, 0x43, 0xA7, 0x0C, 0x3A, 0xE5, 0xCF,
    0xA4, 0xF6, 0x93, 0xE5, 0xCE, 0xAB, 0x5B, 0x94, 0x29, 0x6F, 0xB6, 0xA5, 0x15, 0x39, 0x3A, 0x2E,
    0xA6, 0x97, 0x19, 0x91, 0x73, 0x6D, 0x33, 0xAE, 0x28, 0xC4, 0xCE, 0xC8, 0xA3, 0x96, 0xAA, 0xBF,
    0x61, 0x5B, 0x79, 0xD1, 0x8F, 0x39, 0x54, 0x4E, 0xF4, 0x23, 0x0E, 0x8D, 0xEA, 0xAF, 0x39, 0x9D,
    0xA8, 0x06, 0x86, 0x1F, 0x9A, 0xFA, 0x70, 0x66, 0xEA, 0x96, 0x25, 0xE9, 0x1A, 0x4C, 0x1B, 0x26,
    0xAD, 0x38, 0xEE, 0x75, 0x30, 0xDD, 0xED, 0xB5, 0x60, 0x2B, 0x7A, 0x79, 0x2E, 0x88, 0x2E, 0xA2,
    0xE3, 0xDB, 0x5B, 0x49, 0x4E, 0x1D, 0x87, 0x55, 0x35, 0x3D, 0xD0, 0x76, 0x2F, 0x57, 0xD4, 0xE1,
    0xBB, 0x16, 0xBD, 0x18, 0xBE, 0x98, 0xFC, 0xE4, 0x05, 0x13, 0xF2, 0xBC, 0xF4, 0xF8, 0x52, 0x52,
    0xB2, 0xCF, 0x44, 0x2E, 0xFA, 0x22, 0xCF, 0x55, 0x27, 0x4D, 0x69, 0x66, 0x97, 0xD6, 0xA9, 0x43,
    0xA3, 0xA1, 0x5E, 0x7F, 0xAA, 0x15, 0x85, 0xBD, 0x2A, 0xF3, 0xF4, 0x35, 0x39, 0x75, 0x0B, 0xC0,
    0xE0, 0x8D, 0x9C, 0x1F, 0xCD, 0x74, 0x36, 0x31, 0xDD, 0xE5, 0xAC, 0x86, 0xDA, 0x6A, 0x4B, 0x35,
    0xEB, 0x92, 0x22, 0x02, 0xFE, 0x3E, 0x03, 0x50, 0x59, 0xEB, 0x78, 0x49, 0x3C, 0xE1, 0xB9, 0x72,
    0x85, 0x7F, 0xF3, 0x27, 0x96, 0x5D, 0xE5, 0x1C, 0xBF, 0x3A, 0x96, 0x1C, 0x0A, 0x4E, 0xC7, 0xAC,
    0xCE, 0xC8, 0x3B, 0x50, 0xF6, 0x9A, 0x3F, 0xA4, 0x75, 0xDF, 0x21, 0xDD, 0xA8, 0xB6, 0x0B, 0xA8,
    0x57, 0x3D, 0x11, 0x05, 0xDD, 0xA2, 0x29, 0xC4, 0xB4, 0x23, 0xD9, 0x0A, 0xAE, 0x7F, 0x99, 0xBD,
    0x8C, 0x43, 0x28, 0x77, 0xE4, 0x9A, 0x71, 0xCE, 0xA4, 0xD2, 0x01, 0x6B, 0x45, 0x60, 0x6D, 0x56,
    0xE0, 0x4D, 0x17, 0x81, 0x27, 0x3A, 0x01, 0xFC, 0x22, 0xE0, 0xFC, 0x30, 0xEC, 0x84, 0xC1, 0x2E,
    0x76, 0x2B, 0x70, 0x52, 0x13, 0x78, 0x4B, 0x5B, 0xDB, 0x34, 0x63, 0xDE, 0xE0, 0x79, 0x7B, 0x43,
    0x49, 0x2E, 0xD6, 0x64, 0x5A, 0xAC, 0xED, 0xD9, 0x32, 0xD4, 0x83, 0x03, 0x43, 0x35, 0x74, 0xE7,
    0xF8, 0x6D, 0xA1, 0xCC, 0x38, 0x21, 0xF0, 0xCF, 0xC0, 0xCC, 0x5C, 0x75, 0xE4, 0x90, 0xF8, 0x3B,
    0x9A, 0xE1, 0x23, 0x3F, 0x3D, 0xBD, 0x61, 0x9F, 0xD9, 0x87, 0xB9, 0xE7, 0x75, 0xBB, 0x3D, 0x2A,
    0x2F, 0xFB, 0xED, 0x66, 0x5A, 0xA9, 0x72, 0x40, 0x29, 0x3D, 0xCA, 0x19, 0x4D, 0xAC, 0x63, 0xBD,
    0xC2, 0x85, 0x3A, 0x96, 0x84, 0x17, 0x29, 0xD8, 0x72, 0x52, 0xE9, 0x1F, 0x29, 0xFB, 0x4B, 0xDC,
    0x6C, 0x37, 0x34, 0x6B, 0x1D, 0x6D, 0xCA, 0x51, 0x2B, 0x83, 0xA7, 0xC5, 0xFE, 0x4B, 0xB7, 0xB7,
    0x73, 0xCD, 0xE6, 0x5E, 0x7F, 0x3B, 0xBA, 0x44, 0x4E, 0x7A, 0xE1, 0x5A, 0x71, 0x48, 0xFC, 0x16,
    0xEF, 0x64, 0xF7, 0x90, 0x33, 0x14, 0x01, 0xE0, 0xB2, 0x1B, 0xB5, 0xC7, 0xB4, 0x67, 0x1C, 0x1B,
    0xCB, 0x50, 0x5E, 0x16, 0x96, 0x5C, 0x8E, 0x5F, 0x35, 0x33, 0x82, 0xD1, 0xEC, 0x35, 0xD5, 0xAD,
    0xD7, 0xBC, 0xAB, 0x8D, 0xD7, 0x96, 0x1C, 0x9C, 0xE4, 0x7A, 0xD1, 0x19, 0x38, 0x23, 0x9B, 0x35,
    0xAE, 0x49, 0xE5, 0x8E, 0x20, 0x0B, 0x72, 0x4E, 0x4C, 0x33, 0x06, 0x7B, 0x49, 0xEB, 0xA1, 0xFD,
    0x96, 0xC1, 0xD7, 0x27, 0xA5, 0xCA, 0x08, 0x5A, 0xE9, 0xF7, 0x02, 0x2D, 0xEE, 0x51, 0xD2, 0x24,
    0xA9, 0x2F, 0xC8, 0x25, 0x78, 0xC6, 0x8E, 0x5B, 0x62, 0xDA, 0x84, 0x29, 0xAC, 0xFA, 0xC4, 0xDD,
    0x43, 0x2C, 0x8C, 0x87, 0x9F, 0x49, 0x08, 0x92, 0x42, 0x67, 0xCC, 0x4E, 0xFF, 0x93, 0x10, 0x28,
    0x3E, 0x97, 0x3B, 0x23, 0xB9, 0x25, 0x92, 0x0B, 0x39, 0xDB, 0x4F, 0x34, 0x2E, 0xE2, 0x49, 0xCD,
    0xAB, 0x92, 0xA8, 0xA6, 0x77, 0xB3, 0xFC, 0xFC, 0x8E, 0x18, 0xA5, 0x1A, 0xAD, 0x18, 0xDC, 0x97,
    0xE5, 0x68, 0xFC, 0x4B, 0xFE, 0x16, 0xEB, 0xD1, 0x40, 0x2A, 0xD9, 0xC1, 0xC0, 0xD1, 0x88, 0x9F,
    0x6D, 0x9C, 0x25, 0xD1, 0x10, 0x4C, 0xB2, 0x05, 0x0E, 0xF2, 0x2C, 0xEF, 0x42, 0x24, 0xE5, 0xDB,
    0xDD, 0x79, 0x79, 0x78, 0x4F, 0xEC, 0xEE, 0x55, 0x13, 0xB2, 0x4F, 0xB2, 0xD8, 0xB9, 0xE6, 0x11,
    0x5B, 0x63, 0x8F, 0xDE, 0xE1, 0x2F, 0xD9, 0x1E, 0xAE, 0xCC, 0x39, 0xF9, 0x98, 0xBC, 0x98, 0x4C,
    0x36, 0x80, 0x5C, 0x0D, 0x07, 0xD5, 0xC8, 0x0B, 0xC1, 0xE1, 0x15, 0xF5, 0x0F, 0xEB, 0x4F, 0xDA,
    0xA4, 0xDC, 0xF6, 0xCA, 0xD1, 0xB4, 0xE7, 0x9C, 0xD4, 0xC5, 0xA4, 0xCD, 0x9A, 0xB4, 0xDE, 0x2E,
    0x6A, 0xB3, 0x5E, 0xBC, 0xAE, 0x5B, 0x04, 0xB6, 0x90, 0x2F, 0x39, 0xEC, 0x67, 0xF1, 0x2A, 0xB2,
    0x9C, 0xF7, 0xD3, 0x9C, 0xFC, 0xDC, 0xB5, 0xB1, 0xF9, 0x45, 0xB6, 0x0A, 0xED, 0x21, 0xBF, 0x1C,
    0xDA, 0xB2, 0x86, 0x2B, 0x5E, 0xC0, 0xA3, 0xF7, 0x0F, 0x2C, 0x0D, 0xB1, 0xF4, 0xDB, 0x7F, 0xA2,
    0xED, 0xA3, 0x22, 0x36, 0x9D, 0xAD, 0xEA, 0xC4, 0x18, 0x05, 0xE1, 0xFB, 0x80, 0x0F, 0x78, 0x1A,
    0xDD, 0x82, 0x13, 0xB8, 0x08, 0xF7, 0x42, 0x27, 0x20, 0x13, 0xD2, 0x67, 0x4F, 0x2B, 0x9E, 0x92,
    0x4B, 0x1E, 0xD7, 0x8B, 0xED, 0x36, 0xC5, 0xA8, 0x55, 0xF5, 0x9B, 0x56, 0xCA, 0xF7, 0xB9, 0xA4,
    0x86, 0xB2, 0xD3, 0x9B, 0xB0, 0x62, 0xEF, 0x1F, 0xAD, 0xA2, 0xE1, 0x92, 0x0C, 0x1B, 0x3D, 0xB2,
    0x28, 0x29, 0x08, 0xDB, 0x93, 0x68, 0xAB, 0x15, 0x6E, 0x56, 0xA3, 0x91, 0xAB, 0xA2, 0x1A, 0x6E,
    0x41, 0xBD, 0xAA, 0xE1, 0x67, 0x54, 0x54, 0x83, 0xE1, 0x53, 0xC6, 0x4F, 0xC4, 0x28, 0xAD, 0x5B,
    0x1E, 0x32, 0xDA, 0x64, 0x3C, 0xEA, 0xAE, 0x63, 0x85, 0xDA, 0x44, 0xB5, 0x5E, 0x68, 0xD4, 0xDC,
    0xB0, 0xAD, 0x00, 0x73, 0xCC, 0x96, 0x27, 0x1F, 0xB0, 0x4F, 0xCE, 0xCB, 0x61, 0x25, 0x3B, 0x6D,
    0xD3, 0xFB, 0xD3, 0xBE, 0xA8, 0x9E, 0xE2, 0xBD, 0x8A, 0x57, 0x73, 0x8E, 0x95, 0x65, 0x80, 0xC6,
    0xFE, 0xC8, 0xF4, 0x49, 0x6E, 0x84, 0x0F, 0xCA, 0x9A, 0x14, 0xC2, 0x2B, 0xCB, 0xED, 0x45, 0xA1,
    0x5B, 0x1E, 0x9C, 0x65, 0xE2, 0x78, 0xBC, 0xAB, 0x30, 0xEE, 0xF6, 0x13, 0x3A, 0x23, 0x23, 0x57,
    0xE5, 0xA5, 0xAB, 0xD0, 0xE2, 0x37, 0xA0, 0x24, 0x47, 0x34, 0x93, 0x0F, 0x70, 0x93, 0x5B, 0xD0,
    0x8D, 0x4D, 0x84, 0x1B, 0x04, 0x8F, 0x41, 0x80, 0xCB, 0xB6, 0x6A, 0x10, 0x54, 0x8B, 0x9E, 0x98,
    0x04, 0x5E, 0x2F, 0xE1, 0xA0, 0x98, 0x14, 0x1B, 0xB7, 0xBE, 0xE3, 0xBB, 0xF2, 0x0B, 0x35, 0x83,
    0xBC, 0x89, 0x3F, 0xB3, 0xEF, 0xDA, 0x0B, 0x8A, 0x01, 0x78, 0x92, 0x03, 0x6A, 0x0A, 0x28, 0x28,
    0x04, 0xA8, 0xC8, 0x05, 0x35, 0xAF, 0xDB, 0x6E, 0xB3, 0x00, 0x52, 0x5E, 0xC9, 0xDF, 0x6A, 0x71,
    0xA6, 0x8F, 0xF9, 0x8C, 0x2F, 0x12, 0xF7, 0x35, 0x2B, 0xF8, 0x64, 0xC9, 0x39, 0x70, 0xCE, 0x38,
    0x32, 0x80, 0x93, 0x3F, 0xA2, 0x53, 0x38, 0xC1, 0xE8, 0xE4, 0xEC, 0x50, 0xC7, 0x9C, 0x7D, 0xB9,
    0x16, 0x44, 0xCE, 0xDB, 0x11, 0xE8, 0x38, 0x01, 0xD9, 0x4D, 0xE0, 0x0F, 0x4F, 0x4F, 0xAF, 0xDB,
    0x54, 0x47, 0xC3, 0x5B, 0x1C, 0x2C, 0x09, 0x11, 0x78, 0xC3, 0x58, 0x10, 0xFA, 0xD9, 0x6D, 0x1D,
    0x81, 0xBC, 0x27, 0xF8, 0x63, 0xFD, 0x15, 0x3E, 0x08, 0xDC, 0x2C, 0x97, 0x18, 0x3A, 0xF9, 0xF5,
    0x19, 0x06, 0xB7, 0x4F, 0x0E, 0xEF, 0x69, 0xA5, 0xAF, 0x3B, 0x5B, 0x2D, 0xBC, 0xAF, 0x4E, 0xEA,
    0xB1, 0xCA, 0xF1, 0xA6, 0x1C, 0x2F, 0xCB, 0x81, 0xCF, 0x3B, 0x1C, 0xA3, 0x1E, 0x9A, 0x50, 0x9D,
    0xBE, 0xA1, 0xCD, 0x92, 0xC8, 0xFC, 0xFB, 0x52, 0x2B, 0xAA, 0x67, 0x38, 0x02, 0x75, 0xF6, 0x80,
    0x8D, 0xD1, 0x19, 0x4F, 0x8C, 0x4F, 0x1B, 0xCF, 0x8C, 0xD1, 0x38, 0x2B, 0x8B, 0xA0, 0xDC, 0x8D,
    0x4A, 0x4F, 0x92, 0xED, 0x9E, 0x00, 0x5C, 0x22, 0xDE, 0x32, 0xBE, 0x29, 0x6C, 0x2C, 0x26, 0xD7,
    0x78, 0xC2, 0x5E, 0xF2, 0x68, 0xB6, 0xFD, 0x36, 0x40, 0xB9, 0x56, 0x0B, 0xEA, 0x65, 0x17, 0xE1,
    0x42, 0xB1, 0xA5, 0x6E, 0x60, 0xD8, 0x09, 0xC8, 0x03, 0x02, 0xB0, 0xC7, 0x2C, 0xE8, 0x22, 0xBE,
    0x01, 0xC7, 0xB6, 0x41, 0x4D, 0xEA, 0x74, 0xE0, 0x02, 0x78, 0x75, 0xEB, 0xF2, 0x4D, 0xA0, 0x1A,
    0x1E, 0x3B, 0x7D, 0x3D, 0x5B, 0xE0, 0xE6, 0x9A, 0x71, 0xB7, 0x41, 0x03, 0x8B, 0x8E, 0x55, 0xB7,
    0xE9, 0xE0, 0x21, 0xC4, 0xB4, 0x45, 0x14, 0x2A, 0xD1, 0x1F, 0x02, 0x28, 0x07, 0x0E, 0x5A, 0x6D,
    0xF1, 0xF7, 0xFC, 0xDF, 0xD3, 0x3E, 0xE0, 0xDB, 0xF8, 0xF8, 0x84, 0xB6, 0x1F, 0xCB, 0x41, 0xFF,
    0x83, 0x3E, 0xC5, 0xC1, 0x07, 0x51, 0xBD, 0x3F, 0x60, 0xA7, 0x6A, 0x73, 0x2F, 0x13, 0x5D, 0xE0,
    0xB7, 0x8A, 0xB1, 0xD1, 0x58, 0x27, 0xED, 0x56, 0xEC, 0xBF, 0x69, 0x29, 0xEC, 0xBF, 0x45, 0x4E,
    0x8D, 0x32, 0x9C, 0xAA, 0xC9, 0x2D, 0xD5, 0x50, 0x45, 0x3B, 0xFA, 0x2A, 0x02, 0xCD, 0x8C, 0x9A,
    0x3D, 0xEA, 0xAD, 0xDD, 0xEF, 0x09, 0xC5, 0xC7, 0x50, 0x6D, 0x6E, 0x28, 0x37, 0x37, 0x8A, 0x4E,
    0x75, 0xAC, 0xFE, 0xDE, 0xCF, 0x05, 0xD9, 0xE3, 0xC9, 0x9B, 0xF2, 0xFC, 0x6F, 0xBC, 0x74, 0x7A,
    0xDD, 0x71, 0xF6, 0x0C, 0x0D, 0xA7, 0x46, 0x63, 0x51, 0xBB, 0x23, 0x84, 0x95, 0xD1, 0x19, 0xA9,
    0x2C, 0x7E, 0xA3, 0x2C, 0xFF, 0x5A, 0xD9, 0xEC, 0x94, 0x67, 0xC6, 0xD9, 0x38, 0x1A, 0x7B, 0xA5,
    0xD5, 0xE0, 0x38, 0x77, 0x0C, 0xA9, 0x66, 0xA4, 0x22, 0x4E, 0x8E, 0xD0, 0x69, 0x17, 0x0E, 0x6C,
    0x74, 0x47, 0x0B, 0xD5, 0xFF, 0xBC, 0x66, 0x69, 0x7B, 0x5A, 0x2F, 0xDD, 0x40, 0x2A, 0x5F, 0x93,
    0x6F, 0xD2, 0x4A, 0xB6, 0xE8, 0x27, 0xE5, 0x0A, 0x69, 0xA5, 0xB6, 0x10, 0xEE, 0x12, 0x17, 0xE5,
    0xCF, 0x21, 0x6C, 0x83, 0xF2, 0x2F, 0x46, 0x25, 0x7B, 0xE5, 0x87, 0x9B, 0xF2, 0x99, 0x34, 0x17,
    0x38, 0x18, 0x27, 0xA5, 0x0F, 0xCA, 0x2E, 0x68, 0x9D, 0x8E, 0xCA, 0x9A, 0x40, 0x9A, 0xC3, 0xA7,
    0x52, 0xD2, 0xE8, 0xBB, 0xF6, 0x3E, 0xEF, 0xA3, 0xD0, 0x47, 0xBF, 0xBB, 0x88, 0xD2, 0xD0, 0x0B,
    0x2A, 0x43, 0xAB, 0x80, 0x0F, 0xBF, 0xDF, 0x08, 0xDC, 0x26, 0xF0, 0xD1, 0xB0, 0x23, 0x5D, 0x28,
    0xC9, 0xCB, 0xAD, 0xF5, 0xD5, 0x75, 0x39, 0x7A, 0xC7, 0x00, 0x72, 0xF8, 0x0E, 0x67, 0x70, 0xEB,
    0x8B, 0x0F, 0x63, 0xFE, 0x61, 0x44, 0xF1, 0x6E, 0x94, 0x1F, 0x91, 0x6D, 0xA7, 0xF2, 0xB7, 0x2C,
    0x7F, 0x2C, 0xF2, 0x4B, 0x3E, 0x5F, 0x89, 0xFC, 0x77, 0xFE, 0x4C, 0x65, 0xE2, 0x5A, 0x9B, 0x44,
    0x93, 0x6E, 0x31, 0x71, 0xC1, 0xA4, 0x49, 0x52, 0x8D, 0x22, 0x6E, 0x7D, 0xEC, 0x55, 0x72, 0x70,
    0x2B, 0x32, 0x11, 0xE9, 0xBC, 0x53, 0x7B, 0x44, 0xD4, 0xE7, 0x33, 0x5D, 0xD3, 0x47, 0xD4, 0x57,
    0x1B, 0x2E, 0xB2, 0x35, 0x92, 0x0F, 0xF8, 0x93, 0x17, 0xD3, 0xD9, 0xCF, 0x22, 0x91, 0xEA, 0x4C,
    0x44, 0xB3, 0xB5, 0xDA, 0x5C, 0x40, 0xB9, 0x55, 0x2B, 0xEA, 0x98, 0x62, 0x9A, 0x4E, 0x1C, 0x8D,
    0xA9, 0x1A, 0x30, 0x14, 0x13, 0x03, 0xF6, 0xB0, 0x5F, 0xBD, 0x9E, 0xE8, 0xF4, 0x12, 0xB7, 0x68,
    0xA5, 0x71, 0x47, 0xEC, 0x2C, 0xA6, 0xEE, 0xA7, 0xB5, 0x76, 0x9B, 0x94, 0xDE, 0x91, 0xE4, 0xF8,
    0x1D, 0xBE, 0x7F, 0x9B, 0x7D, 0xA1, 0xCB, 0x7E, 0x7C, 0x8A, 0xD5, 0x17, 0x60, 0x7D, 0x91, 0xE6,
    0xF9, 0x98, 0x88, 0x2B, 0xC5, 0x26, 0xED, 0xB1, 0xE6, 0x04, 0x47, 0xCF, 0x19, 0x1D, 0xEF, 0x32,
    0xDA, 0x10, 0x4B, 0x35, 0xF0, 0x8B, 0xD2, 0x86, 0xE7, 0xE0, 0xA2, 0xF0, 0x13, 0x2E, 0x42, 0xCF,
    0x20, 0xFC, 0x19, 0x7B, 0xE1, 0xAB, 0x37, 0xA1, 0xD7, 0xE0, 0x51, 0xFC, 0x0E, 0xEF, 0x08, 0x1D,
    0xA3, 0x0D, 0x96, 0xD7, 0x85, 0xDA, 0xAB, 0x69, 0xB3, 0xFC, 0x7B, 0x51, 0xBA, 0x74, 0xD3, 0x4E,
    0x92, 0x0E, 0xDD, 0x18, 0x70, 0x53, 0x0E, 0x5C, 0x38, 0x96, 0x14, 0x20, 0x1D, 0xDB, 0x93, 0x9A,
    0x8C, 0xB6, 0xA1, 0xE1, 0x39, 0x68, 0x27, 0x6A, 0x1F, 0xDE, 0x74, 0x24, 0x17, 0x77, 0x8B, 0x1F,
    0x2C, 0x4E, 0xFC, 0x58, 0x4E, 0xA4, 0xD1, 0xE5, 0x69, 0xC5, 0x77, 0x6D, 0x06, 0x09, 0xF0, 0x45,
    0xE0, 0xB8, 0x28, 0x22, 0x4E, 0x65, 0xEE, 0xBF, 0x4E, 0xCE, 0x8C, 0xD7, 0x78, 0xE3, 0xDA, 0x1D,
    0xCD, 0xE2, 0x6D, 0x4F, 0xB4, 0xD5, 0xAD, 0x25, 0xCD, 0x07, 0x4E, 0x00, 0x4E, 0xDF, 0x05, 0x7C,
    0xF8, 0x21, 0xE0, 0xC2, 0xCF, 0x05, 0x4B, 0x00, 0xEA, 0x28, 0xA8, 0xB6, 0x11, 0x28, 0x39, 0x1C,
    0x6B, 0x06, 0x90, 0x29, 0xB0, 0x1E, 0xB3, 0xF8, 0xFF, 0xA0, 0x2B, 0xC5, 0x00, 0x74, 0x1F, 0x4F,
    0xB0, 0x6F, 0x02, 0x47, 0x00, 0xE5, 0x02, 0x2B, 0xD7, 0x8C, 0x1D, 0x4D, 0x7C, 0x92, 0x2B, 0x49,
    0x8A, 0x47, 0x48, 0xF7, 0x4B, 0x36, 0x77, 0xC4, 0x26, 0x53, 0x5C, 0xA6, 0x4D, 0x91, 0x1D, 0x73,
    0x8E, 0x4E, 0x43, 0x10, 0x83, 0x0F, 0x22, 0x5D, 0xE0, 0x24, 0xE2, 0xE6, 0x24, 0xCB, 0xA3, 0x25,
    0xA8, 0xCC, 0x5E, 0xC5, 0x07, 0xB7, 0x88, 0xE8, 0xE4, 0xFA, 0x19, 0xFF, 0x82, 0x43, 0xAA, 0xBA,
    0xCD, 0xF9, 0x1B, 0xFA, 0x08, 0x3C, 0xF9, 0xBD, 0x34, 0xFB, 0x77, 0x04, 0x3E, 0x4B, 0xA4, 0xFF,
    0x54, 0xB8, 0xDF, 0x02, 0x39, 0xBD, 0x61, 0x78, 0xE9, 0xA6, 0xE7, 0xC2, 0x45, 0xE7, 0xEC, 0x54,
    0x70, 0x6C, 0x00, 0x6A, 0x47, 0xFA, 0x38, 0x03, 0x8E, 0x1A, 0x93, 0x39, 0xEC, 0xFB, 0x70, 0xC7,
    0x51, 0x7F, 0x0D, 0xC0, 0x89, 0xB6, 0x79, 0xE6, 0x36, 0x64, 0xB3, 0x8E, 0x46, 0xCD, 0xE6, 0x7D,
    0x74, 0x8C, 0x06, 0x0B, 0x05, 0xBD, 0x0D, 0xF8, 0x41, 0xAA, 0xF5, 0x8F, 0x9E, 0x4A, 0xED, 0x17,
    0xE0, 0xC3, 0x53, 0x89, 0xE4, 0x6C, 0x0C, 0xF6, 0xC5, 0x8C, 0xC5, 0x43, 0xCC, 0x8D, 0xB8, 0xFA,
    0xD2, 0xE9, 0x9F, 0x9F, 0xBE, 0xE1, 0xF9, 0x1E, 0x79, 0x8D, 0xAF, 0xF1, 0x5E, 0xB5, 0x81, 0xA1,
    0x5A, 0x8F, 0xD8, 0x14, 0x14, 0x94, 0x7C, 0x9F, 0xA1, 0xB0, 0x5A, 0xFD, 0x66, 0x55, 0x3F, 0x02,
    0x15, 0x69, 0xF8, 0xC3, 0xD3, 0xFF, 0x7A, 0xFA, 0x86, 0x7C, 0x47, 0xC7, 0x8F, 0xB9, 0x39, 0x86,
    0xEF, 0xF0, 0xBF, 0xF1, 0x5E, 0x7A, 0x25, 0x75, 0x52, 0x13, 0x1E, 0xA1, 0xEE, 0xCB, 0xE9, 0xA3,
    0xEB, 0x71, 0xB4, 0x12, 0x0E, 0xFA, 0x5B, 0xF6, 0x23, 0x1E, 0x14, 0x56, 0xF2, 0xBD, 0x66, 0x7B,
    0xC5, 0x67, 0xE9, 0xE3, 0x9A, 0x68, 0x42, 0x6B, 0x89, 0xC2, 0x5B, 0xFC, 0x3F, 0x42, 0xDB, 0x23,
    0xD1, 0x48, 0x71, 0xA0, 0xC4, 0x8A, 0xF7, 0xAF, 0xC3, 0xA6, 0x91, 0xF2, 0x03, 0x8E, 0x0F, 0xDE,
    0xA7, 0x2E, 0x71, 0x3E, 0x72, 0xE8, 0x82, 0xF0, 0x6D, 0x4E, 0xE6, 0x5A, 0xAF, 0x5C, 0x24, 0x16,
    0xDD, 0xC4, 0xE5, 0xD3, 0x53, 0x27, 0x66, 0x49, 0x36, 0xBC, 0x83, 0xCB, 0xBC, 0x67, 0x75, 0xFB,
    0xF0, 0x69, 0x39, 0xBD, 0x6E, 0xC2, 0xCD, 0xE4, 0x03, 0x0E, 0x2A, 0x2D, 0x27, 0x13, 0x1F, 0x4C,
    0x3A, 0x93, 0x7E, 0x2F, 0xDE, 0xCE, 0xBD, 0xA6, 0x57, 0x6A, 0x9B, 0x25, 0x29, 0x72, 0x47, 0x44,
    0x9B, 0x4D, 0xB1, 0x4B, 0x9B, 0x7C, 0x28, 0xB2, 0x69, 0x53, 0xD6, 0x90, 0x35, 0x63, 0x8D, 0x58,
    0xDD, 0x02, 0x67, 0xD5, 0x2B, 0xBC, 0xE0, 0x55, 0x8E, 0x5A, 0x71, 0x2B, 0x98, 0x71, 0x59, 0xAA,
    0x12, 0x03, 0xEE, 0xA7, 0xF2, 0x29, 0xBA, 0xE0, 0xE0, 0x96, 0x13, 0x5B, 0xC6, 0xD4, 0x2B, 0xFE,
    0xF2, 0xDA, 0x0A, 0xAD, 0x91, 0x7E, 0xD5, 0xDF, 0xFF, 0x3F, 0xD4, 0xD1, 0xCB, 0x39, 0x4D, 0xF3,
    0x7D, 0xCF, 0xC9, 0xBD, 0xC7, 0xBE, 0xE2, 0x6A, 0x4B, 0x4E, 0x19, 0x2C, 0xF0, 0x29, 0xC3, 0x21,
    0xDB, 0x46, 0x4E, 0xCE, 0xDD, 0xA4, 0x0D, 0x8E, 0xCD, 0x2C, 0xA2, 0x2B, 0x0E, 0xFB, 0x52, 0xD5,
    0x5A, 0xF0, 0x47, 0x7A, 0x5B, 0x41, 0x5E, 0x90, 0x9F, 0x26, 0x49, 0xE7, 0x4C, 0xB6, 0x74, 0x43,
    0x4C, 0xB7, 0xAB, 0x74, 0x93, 0x0B, 0x9A, 0xE9, 0x6C, 0x1C, 0x44, 0x0A, 0x6E, 0x00, 0xD2, 0x5F,
    0x1F, 0x2E, 0xE9, 0x83, 0xF7, 0x64, 0x2C, 0x74, 0x49, 0x5C, 0x12, 0x1C, 0xAB, 0x6D, 0x8F, 0xA1,
    0x54, 0x58, 0x0E, 0x0C, 0x4F, 0xC1, 0x4E, 0xD1, 0xDD, 0x15, 0x70, 0xE0, 0x90, 0xB3, 0x4F, 0x67,
    0xC7, 0x1D, 0x33, 0x8E, 0x96, 0x0B, 0xFB, 0x28, 0xF8, 0xE6, 0xD5, 0x63, 0x1C, 0xA7, 0xA1, 0x17,
    0xF8, 0x51, 0x50, 0x07, 0x41, 0xB1, 0x08, 0x60, 0x78, 0x1C, 0x56, 0xBE, 0xC2, 0x95, 0x01, 0xAE,
    0xA2, 0x45, 0x11, 0xCB, 0x05, 0xD5, 0x56, 0xC5, 0x84, 0x5D, 0x14, 0x64, 0x53, 0x3E, 0x41, 0xCB,
    0x57, 0xEE, 0x81, 0x96, 0xCC, 0xDB, 0xEB, 0xF3, 0x80, 0x42, 0x21, 0x19, 0x4D, 0x8F, 0x8E, 0x1C,
    0x92, 0x55, 0xB0, 0x85, 0xE0, 0x39, 0x8D, 0xCC, 0x2F, 0xEA, 0x10, 0xF4, 0xFA, 0xA4, 0xEE, 0x33,
    0x6A, 0x46, 0x21, 0xE8, 0x1B, 0x45, 0xFD, 0x08, 0x34, 0x86, 0x45, 0x31, 0x0B, 0xF4, 0x51, 0x87,
    0x84, 0x51, 0xBD, 0x1B, 0x04, 0xDA, 0x7C, 0x7A, 0x18, 0xDB, 0x31, 0x2E, 0x68, 0x29, 0x07, 0xA0,
    0x99, 0x00, 0x27, 0x87, 0x6D, 0x63, 0xA5, 0xC7, 0x53, 0x8C, 0xD8, 0x97, 0x7F, 0x96, 0x25, 0x28,
    0x6A, 0x8E, 0x39, 0x19, 0x4B, 0x3E, 0x1B, 0x9B, 0x98, 0x45, 0x17, 0x10, 0x7D, 0xC0, 0xBF, 0x61,
    0x00, 0x78, 0x9F, 0x3D, 0x29, 0xC7, 0xDD, 0xD3, 0xF6, 0x90, 0xCF, 0x74, 0x0B, 0x7E, 0xCF, 0x6D,
    0x78, 0xA5, 0xB6, 0x7B, 0x38, 0x67, 0x4C, 0xB9, 0x4C, 0xE6, 0xEF, 0xA1, 0x12, 0xDB, 0x4D, 0x6E,
    0xE8, 0x86, 0x7A, 0xE0, 0x50, 0x0D, 0x9C, 0x01, 0xF2, 0x3A, 0x3C, 0x37, 0x38, 0x9B, 0x12, 0x1C,
    0x33, 0xCF, 0x80, 0xCB, 0x0C, 0x11, 0x5D, 0x58, 0xE1, 0xA6, 0x0D, 0xDD, 0xC0, 0x53, 0xF6, 0x1D,
    0xD7, 0xB4, 0x2F, 0xF2, 0x3A, 0x8A, 0xFD, 0x92, 0xA3, 0x17, 0x03, 0xEB, 0xB1, 0x3B, 0xDA, 0xCB,
    0xEC, 0x9D, 0x5E, 0xD8, 0x17, 0xFF, 0xD0, 0x8F, 0xAD, 0x1F, 0xE6, 0x6F, 0xE0, 0xAA, 0x7F, 0x2E,
    0xF2, 0x17, 0xF2, 0xB3, 0xFA, 0x1F, 0xC5, 0x3F, 0xCA, 0x6E, 0xFC, 0xA3, 0xAB, 0x52, 0xB7, 0xD4,
    0x2F, 0x94, 0x6C, 0xED, 0x50, 0x3B, 0x8B, 0x78, 0x50, 0xAE, 0x68, 0x9A, 0xDA, 0xA2, 0x93, 0xC3,
    0xCB, 0xB1, 0xFB, 0x12, 0x47, 0x61, 0x07, 0xCE, 0x1F, 0xD5, 0x3B, 0x1B, 0xDC, 0xC7, 0x11, 0xEE,
    0x93, 0x19, 0x8D, 0x0D, 0x7C, 0xA4, 0x25, 0x90, 0x08, 0x49, 0x8A, 0x5C, 0xB3, 0xED, 0x82, 0xB4,
    0x10, 0x02, 0x76, 0x9F, 0x16, 0xDD, 0x2B, 0x2D, 0x07, 0x4F, 0xF6, 0xBA, 0x24, 0xBA, 0xCF, 0xB4,
    0x28, 0x6A, 0xA2, 0x2D, 0x8B, 0x2A, 0x11, 0x88, 0xAC, 0xB6, 0x34, 0xAA, 0xA2, 0xDB, 0x44, 0xEA,
    0xE8, 0xA3, 0xA5, 0x4D, 0xB6, 0x40, 0xE2, 0x64, 0x4B, 0xA4, 0x0D, 0x96, 0x26, 0x01, 0x29, 0x49,
    0xC1, 0x3E, 0x3B, 0x07, 0x52, 0xA2, 0x82, 0x7D, 0xA2, 0x71, 0x51, 0xA3, 0xAA, 0xA6, 0x24, 0xDF,
    0x57, 0xD5, 0x32, 0x27, 0xF5, 0xC4, 0x7E, 0x4E, 0xB4, 0x7A, 0x3E, 0xE6, 0x1C, 0x4C, 0x33, 0xD5,
    0xFE, 0xA8, 0x6B, 0xBE, 0xD7, 0x1D, 0x53, 0x7B, 0x5C, 0xF7, 0x3A, 0x9D, 0x9F, 0xB3, 0xE8, 0xA8,
    0x74, 0x46, 0x9B, 0xA2, 0x69, 0xB6, 0xDA, 0xC4, 0x4D, 0x76, 0xFA, 0x5C, 0xF9, 0x2C, 0x7B, 0xE1,
    0xF3, 0x0C, 0x42, 0x6F, 0xFE, 0x6C, 0x8C, 0xC7, 0x15, 0x41, 0xDF, 0x7C, 0x79, 0x3A, 0xFE, 0x9A,
    0x1C, 0x12, 0x01, 0xDB, 0x53, 0x41, 0x4E, 0x65, 0xB1, 0x29, 0xAB, 0xA8, 0xAC, 0x83, 0xD2, 0xF5,
    0xCA, 0xA7, 0x71, 0xB1, 0x7C, 0xAD, 0x0B, 0xE8, 0x22, 0x65, 0x80, 0xD1, 0xB8, 0x3D, 0x70, 0x16,
    0x7E, 0x50, 0xD6, 0xA3, 0xB2, 0x98, 0x94, 0x68, 0xBF, 0xDE, 0x8D, 0x04, 0x58, 0x69, 0xFA, 0x66,
    0x40, 0x37, 0xB8, 0x31, 0xC1, 0xB5, 0xF5, 0x80, 0xFA, 0x2F, 0x6F, 0xF7, 0xD8, 0x71, 0x4B, 0x7F,
    0x05, 0xD7, 0xF2, 0xDB, 0x5D, 0xDF, 0x7C, 0xC5, 0xA9, 0xFA, 0x98, 0x08, 0x34, 0x03, 0x70, 0x91,
    0x75, 0xAF, 0xAC, 0x8C, 0x8F, 0xE1, 0x58, 0x1E, 0xD7, 0xD0, 0xA0, 0xC9, 0xA6, 0xD6, 0xD0, 0x4A,
    0x55, 0x62, 0x93, 0x43, 0xFA, 0x63, 0xDC, 0x9F, 0x68, 0x68, 0x1F, 0xA0, 0x3F, 0x01, 0x9C, 0xE0,
    0x06, 0xF8, 0xA0, 0xB6, 0x18, 0xDD, 0x02, 0x6F, 0x86, 0x8B, 0x70, 0xB3, 0x0E, 0xD0, 0x46, 0x8C,
    0x05, 0xAE, 0x45, 0xB5, 0x9A, 0xAD, 0xBD, 0x95, 0x0C, 0x6D, 0x40, 0x63, 0xBE, 0xAD, 0x8C, 0x3A,
    0x22, 0x22, 0x3D, 0xF4, 0x64, 0xBC, 0xFA, 0x09, 0xF3, 0x19, 0xC8, 0xF9, 0xCE, 0xC7, 0x7C, 0x2E,
    0x68, 0x7F, 0xFE, 0xF5, 0xAF, 0xF8, 0x1F, 0x47, 0x00, 0xFC, 0xBB, 0xB7, 0xF9, 0xEE, 0xA0, 0xC6,
    0x87, 0x3D, 0xB9, 0x5F, 0x0F, 0x72, 0x53, 0xA3, 0xDB, 0xE0, 0xA3, 0xA8, 0x36, 0xDF, 0xCD, 0xA2,
    0xD6, 0x76, 0x50, 0xA3, 0x31, 0xB7, 0x8E, 0x83, 0xB0, 0x8E, 0x3A, 0x42, 0x37, 0x90, 0x70, 0x23,
    0xD8, 0xFE, 0x7B, 0x4D, 0xFD, 0xE0, 0xFB, 0x9C, 0x43, 0x1D, 0xD4, 0x6F, 0x0E, 0xD5, 0x82, 0xA6,
    0x85, 0x9F, 0xAA, 0x88, 0x46, 0x1F, 0xB9, 0xE6, 0x07, 0xAA, 0xC5, 0xA6, 0x5A, 0x2F, 0x05, 0x75,
    0xEA, 0x55, 0x51, 0xF4, 0x4C, 0xB5, 0x64, 0xBB, 0x00, 0x65, 0xAC, 0xF9, 0x76, 0xD0, 0xD9, 0x7A,
    0xE2, 0xDF, 0x99, 0x44, 0x79, 0xD6, 0xFD, 0xED, 0xA0, 0x1A, 0x1C, 0x5B, 0x20, 0xE3, 0xE8, 0xCC,
    0x57, 0xDD, 0xE3, 0x36, 0x45, 0x15, 0x44, 0x1C, 0xD9, 0x3E, 0x90, 0x9C, 0xE1, 0xC1, 0xDF, 0xA8,
    0xFE, 0xE0, 0x07, 0xBC, 0xFB, 0x42, 0x9B, 0x9E, 0xE5, 0x74, 0x94, 0x67, 0x38, 0x55, 0x21, 0xFD,
    0xEB, 0x95, 0x80, 0x4E, 0xA4, 0x08, 0x38, 0xF9, 0xF4, 0xDF, 0xB6, 0xC8, 0xEB, 0x49, 0xA2, 0xCA,
    0xD4, 0x7C, 0xEE, 0x5F, 0xB3, 0xCE, 0xCB, 0xFE, 0xAF, 0x59, 0xDD, 0x06, 0x6B, 0x70, 0x36, 0xD9,
    0xD4, 0xB5, 0x6B, 0x0A, 0xC7, 0xFE, 0xC8, 0x6F, 0x19, 0x0B, 0xA5, 0x5E, 0xBA, 0x1D, 0x28, 0x9F,
    0xBC, 0x82, 0x13, 0xE1, 0x09, 0x5E, 0x36, 0xFE, 0x50, 0xF8, 0xFF, 0xA7, 0x2B, 0x95, 0x5C, 0x8D,
    0x69, 0xA7, 0x84, 0xE3, 0x85, 0x48, 0x73, 0xA4, 0x0F, 0x76, 0x76, 0xB0, 0x4A, 0x5B, 0xE5, 0x82,
    0x63, 0x71, 0xA4, 0xF8, 0xC3, 0x59, 0x0D, 0xAB, 0x4A, 0x5D, 0x86, 0x06, 0x78, 0x1B, 0x9E, 0xDD,
    0xA4, 0x4C, 0x3F, 0x5E, 0x99, 0xB3, 0x47, 0xD7, 0x5A, 0x86, 0x0B, 0x3C, 0x05, 0x31, 0x4A, 0x02,
    0x50, 0xA3, 0xFA, 0x94, 0xA1, 0x7B, 0x4F, 0xB6, 0x2B, 0x43, 0x2D, 0xDB, 0xE1, 0x93, 0x37, 0xD2,
    0x35, 0xDB, 0xA3, 0xEF, 0x3A, 0x5F, 0x61, 0xC1, 0xF6, 0x60, 0x0C, 0x80, 0x36, 0x9A, 0x71, 0x44,
    0x9E, 0x9C, 0x99, 0x51, 0xDA, 0xAF, 0x8E, 0xFF, 0xC5, 0xF7, 0xEA, 0x7C, 0x49, 0x81, 0x1A, 0xF0,
    0x9C, 0x61, 0x25, 0x7B, 0x61, 0xAF, 0xDF, 0x87, 0xE7, 0x22, 0xC7, 0x28, 0x52, 0x90, 0xCB, 0x4E,
    0x97, 0x06, 0xD5, 0xAA, 0x53, 0x7E, 0xD9, 0xA9, 0xB8, 0x50, 0xC4, 0x24, 0x69, 0x89, 0x04, 0x88,
    0x78, 0x13, 0xF3, 0x3D, 0xC9, 0xF1, 0xC3, 0xE3, 0x25, 0x6E, 0x2F, 0x33, 0x7E, 0x4F, 0xA4, 0x89,
    0xF8, 0xD7, 0x85, 0x7E, 0x93, 0x1F, 0xC4, 0x2E, 0x35, 0xE4, 0x19, 0xB5, 0xD9, 0xBD, 0x13, 0xC7,
    0x1D, 0x96, 0x92, 0xAD, 0x4A, 0xC5, 0x5E, 0xA5, 0xE6, 0xA0, 0xE2, 0xFC, 0xA8, 0x72, 0xD2, 0x05,
    0x95, 0x33, 0x67, 0x12, 0xDD, 0x22, 0xCC, 0xE6, 0xF4, 0xEA, 0x0E, 0xD5, 0xAA, 0x72, 0xFF, 0x36,
    0xAD, 0x12, 0xAA, 0x54, 0xFC, 0x44, 0xAB, 0xA9, 0x7F, 0xF6, 0x91, 0x45, 0xC4, 0x3A, 0x1C, 0x64,
    0x02, 0xDE, 0xAC, 0x83, 0xD6, 0x16, 0xEB, 0xE0, 0x66, 0x64, 0x4B, 0xAD, 0x69, 0x46, 0x1E, 0x6A,
    0xDB, 0xFB, 0x14, 0xA9, 0x36, 0x54, 0x2A, 0x6C, 0xB9, 0xD6, 0xC1, 0x73, 0xE6, 0x56, 0x07, 0x1B,
    0x1E, 0xC9, 0x15, 0x06, 0x41, 0xCE, 0xD9, 0x1C, 0x8F, 0xC2, 0xDD, 0xBB, 0xCA, 0xEA, 0x17, 0x9B,
    0xB0, 0x7E, 0x8E, 0x42, 0x77, 0x18, 0xB4, 0x03, 0xE0, 0xA9, 0x6D, 0xDE, 0xDF, 0xA4, 0xC9, 0xEC,
    0xA3, 0x4D, 0x57, 0xB4, 0xBF, 0xDA, 0xA4, 0xA5, 0xDD, 0x5F, 0xE9, 0x0E, 0x67, 0xF5, 0x57, 0x5B,
    0x49, 0xD4, 0xCA, 0x96, 0x72, 0x96, 0xC1, 0x38, 0x3B, 0x52, 0xDB, 0x68, 0x01, 0xB3, 0xEC, 0x51,
    0xE7, 0x5A, 0xCF, 0x4E, 0x2D, 0x28, 0x2A, 0x4E, 0x07, 0xCB, 0x87, 0xBD, 0xD5, 0xB8, 0x79, 0x6F,
    0xB9, 0x26, 0xEE, 0xAD, 0x97, 0xAB, 0x83, 0x15, 0xAB, 0x6D, 0x6F, 0x2D, 0x25, 0x6D, 0xE0, 0x9D,
    0xDE, 0xBA, 0x7F, 0x4B, 0x1B, 0x61, 0x2A, 0xBD, 0x7D, 0x76, 0x9B, 0xE6, 0xB7, 0x1C, 0xD5, 0xBB,
    0x33, 0xC7, 0x64, 0xFD, 0x78, 0xF6, 0xC1, 0xAC, 0xE6, 0xF9, 0xD9, 0x25, 0xCB, 0x55, 0xB3, 0x5B,
    0xCC, 0x7A, 0xA5, 0x9A, 0x9B, 0x68, 0x56, 0xAC, 0xE6, 0x6A, 0x3D, 0x5A, 0x9B, 0x5A, 0xF9, 0x52,
    0xCD, 0x25, 0x35, 0x3C, 0xED, 0xCC, 0x1A, 0x1C, 0xB7, 0x8E, 0x72, 0x2F, 0xA3, 0x23, 0xF7, 0x96,
    0x0E, 0x44, 0xF5, 0x53, 0xB5, 0xDE, 0xD2, 0xD7, 0x74, 0xB4, 0x51, 0x24, 0xDA, 0x9B, 0x9E, 0x71,
    0x30, 0x5D, 0x38, 0xAA, 0xE6, 0xA1, 0x0B, 0xAA, 0xC5, 0xA4, 0x7D, 0x4A, 0x2D, 0xF1, 0x9C, 0xB6,
    0x75, 0xF7, 0xDE, 0xA6, 0xEA, 0xDC, 0x2F, 0xA9, 0xFA, 0xB4, 0x68, 0x2F, 0x7A, 0xE6, 0x46, 0x0E,
    0xA2, 0x8B, 0xE8, 0x24, 0x89, 0x96, 0x6A, 0xE8, 0xF8, 0xE2, 0x26, 0xE7, 0xE9, 0xF9, 0x22, 0x55,
    0xD1, 0xA4, 0x60, 0x88, 0xC3, 0x66, 0x54, 0xBD, 0x9D, 0x9E, 0xDE, 0x1E, 0x81, 0x72, 0x13, 0xBB,
    0xDF, 0x3B, 0x06, 0xA4, 0xAF, 0xAA, 0xDA, 0x85, 0x22, 0xA8, 0x36, 0x4B, 0x39, 0xAA, 0x56, 0xAB,
    0x5E, 0xA6, 0x17, 0x3A, 0x95, 0x94, 0x15, 0xA4, 0x90, 0xB9, 0xEC, 0x87, 0x29, 0x5B, 0xA0, 0x8E,
    0xEE, 0xD7, 0xF6, 0xBC, 0x82, 0x0B, 0x7E, 0xD2, 0x6A, 0xD4, 0x02, 0x38, 0xBA, 0xD0, 0xCC, 0x5A,
    0xBD, 0x6D, 0xCD, 0xE7, 0xBA, 0x16, 0xB3, 0xED, 0x67, 0x7D, 0x5F, 0x50, 0xDC, 0x10, 0xB5, 0x5C,
    0x54, 0x34, 0xE7, 0xC0, 0xA5, 0x24, 0xC1, 0x85, 0xA3, 0xA8, 0xCE, 0xB8, 0xCE, 0x62, 0xEB, 0x41,
    0xDC, 0x76, 0x7A, 0x2B, 0xA8, 0x4F, 0xA8, 0xEC, 0x8D, 0x71, 0x70, 0x3D, 0x79, 0xFE, 0x71, 0x72,
    0x9C, 0xB6, 0xAC, 0x26, 0xD9, 0xA7, 0xFB, 0xD4, 0x8B, 0x77, 0xD8, 0x2C, 0xC8, 0xF8, 0x23, 0x56,
    0xDA, 0xA7, 0x05, 0xCB, 0xD5, 0xC4, 0x3C, 0x50, 0x03, 0x75, 0x2C, 0xA9, 0xED, 0xCF, 0x8E, 0x93,
    0x36, 0x2F, 0xD2, 0x2C, 0x8E, 0x44, 0x45, 0x6B, 0xFA, 0x9C, 0xA9, 0xE3, 0xB7, 0xE2, 0xA9, 0x79,
    0xB2, 0x7F, 0x94, 0xD5, 0x60, 0x66, 0x26, 0x47, 0xD3, 0x9A, 0x09, 0x1F, 0xF0, 0x0A, 0x92, 0xE9,
    0x16, 0xC4, 0xBD, 0x59, 0xAD, 0x45, 0xD8, 0x9B, 0x3B, 0x96, 0xE3, 0xDE, 0xCC, 0xF9, 0x77, 0x7D,
    0x1A, 0xC7, 0xA7, 0xA7, 0x64, 0xAB, 0x66, 0x2A, 0x1B, 0x8E, 0x23, 0xF9, 0x30, 0x94, 0xB7, 0xFA,
    0x30, 0x82, 0xAB, 0x58, 0x1F, 0x86, 0x70, 0x33, 0xD7, 0x73, 0xBD, 0x98, 0xE9, 0x42, 0x3D, 0x57,
    0xD1, 0x4C, 0x3F, 0xD5, 0x73, 0xB9, 0x99, 0xC9, 0xA1, 0x9E, 0x0B, 0xAA, 0x99, 0x25, 0xB3, 0x15,
    0x53, 0x58, 0xCF, 0x99, 0xC5, 0xDD, 0x92, 0x68, 0x16, 0x70, 0xD2, 0x31, 0xBD, 0x16, 0xE4, 0xD0,
    0xAD, 0x3A, 0xA8, 0x67, 0x35, 0xEB, 0xD5, 0x73, 0xD9, 0xA5, 0xE7, 0x7C, 0xB4, 0x74, 0x64, 0x17,
    0xE2, 0xDA, 0x7E, 0x6C, 0x73, 0x44, 0x4C, 0x96, 0x06, 0xD9, 0x64, 0x55, 0xD1, 0x1E, 0x92, 0x5D,
    0xEB, 0x90, 0xAC, 0x9C, 0xAB, 0x59, 0x56, 0x96, 0xA3, 0x95, 0x6A, 0xA9, 0xA2, 0xFB, 0x15, 0x5B,
    0x58, 0xDC, 0x76, 0x13, 0x87, 0x14, 0x82, 0xC5, 0x1A, 0x0F, 0x56, 0x37, 0xA9, 0xE5, 0x47, 0xB1,
    0x83, 0xA5, 0xE2, 0x83, 0x0F, 0x36, 0x48, 0x9E, 0xE7, 0x73, 0xDC, 0x2A, 0xF6, 0x9E, 0xCF, 0x8B,
    0xFB, 0x5B, 0xCE, 0x3E, 0xBB, 0x8A, 0xAB, 0xC8, 0x96, 0x62, 0x05, 0xBC, 0x4E, 0xE0, 0xE6, 0xC3,
    0xFF, 0x6C, 0x03, 0x07, 0xF0, 0x9C, 0x50, 0x92, 0x9A, 0x64, 0xA5, 0x6D, 0x3A, 0x5D, 0x3D, 0xEB,
    0x77, 0x1F, 0x35, 0x97, 0x51, 0x00, 0xE0, 0xA8, 0x30, 0xFF, 0x01, 0xFB, 0x57, 0x26, 0xD4, 0x8F,
    0x3C, 0x37, 0xF3, 0x7F, 0x38, 0xC4, 0x4F, 0x67, 0x98, 0x2F, 0x22, 0x08, 0x38, 0x01, 0x57, 0x38,
    0xD8, 0x1D, 0x25, 0x79, 0x1D, 0xB5, 0x9D, 0x1A, 0x12, 0xAE, 0xF5, 0x6E, 0xD8, 0x31, 0xD4, 0x1B,
    0x19, 0x76, 0xE4, 0x87, 0x01, 0x2F, 0x5D, 0x2D, 0xB4, 0xC9, 0x0C, 0x5A, 0xAA, 0xA1, 0x0C, 0xC5,
    0x2C, 0x95, 0xAD, 0xFE, 0x46, 0xFA, 0x5F, 0xF0, 0xD9, 0xD6, 0x64, 0x70, 0x93, 0x5B, 0xDC, 0xD0,
    0xC4, 0x46, 0x8E, 0xAC, 0x6D, 0x16, 0x6B, 0xEB, 0x16, 0x07, 0x70, 0xB3, 0xEF, 0x65, 0x63, 0xCD,
    0x02, 0x50, 0xB5, 0xA6, 0xA3, 0x8E, 0xC8, 0xFC, 0x92, 0x93, 0x63, 0xC3, 0x7B, 0xE8, 0xEE, 0x00,
    0x04, 0xB0, 0x21, 0xBF, 0x41, 0x74, 0xB1, 0xFB, 0x80, 0x5B, 0xC3, 0xFB, 0x6B, 0xF6, 0x86, 0xA6,
    0xDF, 0x5A, 0x45, 0x49, 0x4E, 0xDC, 0x0E, 0x5A, 0x12, 0xDD, 0x0A, 0x4E, 0x45, 0x1A, 0x1E, 0xC3,
    0x97, 0xD5, 0x9C, 0xE2, 0x64, 0xC6, 0x5E, 0x7E, 0x9A, 0x25, 0xB7, 0x41, 0xA7, 0x9B, 0x32, 0x40,
    0x27, 0xB3, 0x4B, 0x17, 0xD7, 0xCD, 0x76, 0xED, 0x9E, 0x3F, 0x8C, 0x83, 0x11, 0xDA, 0x65, 0xBC,
    0x83, 0x14, 0x7F, 0xF0, 0xB9, 0xEA, 0xA2, 0x89, 0xFA, 0xB9, 0xD7, 0xFD, 0x66, 0xBA, 0x71, 0xFE,
    0x62, 0xEC, 0x36, 0xCC, 0x0D, 0x9C, 0xD0, 0x0D, 0x85, 0xDA, 0xA3, 0xB2, 0x9C, 0x94, 0x45, 0x78,
    0xC0, 0xDC, 0x98, 0x3D, 0xC4, 0x3C, 0xE4, 0x94, 0x6B, 0x26, 0xE3, 0x00, 0x61, 0x29, 0x1C, 0xE6,
    0xA6, 0x85, 0x5B, 0xEE, 0x6A, 0x88, 0xB5, 0x51, 0x9E, 0x5B, 0x2C, 0xC2, 0xA5, 0xD4, 0xEE, 0x17,
    0xE6, 0x4B, 0x0F, 0xFE, 0x57, 0x68, 0x4F, 0x86, 0xFD, 0x5F, 0xEE, 0xCA, 0x4D, 0x0C, 0x58, 0x2C,
    0x1D, 0xF4, 0x69, 0x0B, 0x67, 0xE1, 0x64, 0x51, 0x21, 0x28, 0x7D, 0x90, 0x74, 0xF8, 0x05, 0x06,
    0x6A, 0x39, 0xD0, 0x3E, 0xF7, 0x47, 0x32, 0xA4, 0xBB, 0x52, 0x0D, 0xA9, 0xB6, 0x4A, 0x6B, 0xB6,
    0x89, 0xB8, 0xDA, 0x26, 0xD4, 0x6C, 0xFE, 0xF7, 0xEA, 0xC9, 0x0D, 0x41, 0xB3, 0xE9, 0xFC, 0xE5,
    0x8C, 0x72, 0xD5, 0x85, 0xF3, 0x6C, 0x31, 0x3C, 0xD3, 0x29, 0x08, 0x0E, 0xD4, 0x19, 0xC4, 0xFB,
    0xA7, 0x02, 0xF2, 0x60, 0x4D, 0xC9, 0x2D, 0x8E, 0x9D, 0x60, 0xD0, 0x00, 0xDF, 0x57, 0x4B, 0xF1,
    0xD0, 0xDF, 0x34, 0xB5, 0x64, 0x37, 0xC8, 0x15, 0xD5, 0x6A, 0xF3, 0x92, 0xB5, 0xA5, 0x7E, 0x3B,
    0x9D, 0x3E, 0x6B, 0x21, 0x5C, 0x6E, 0x6A, 0xD0, 0x35, 0xB7, 0x73, 0xA3, 0x2E, 0x98, 0xBD, 0x76,
    0x39, 0x5C, 0xDC, 0x19, 0xCB, 0x1E, 0x68, 0xD6, 0xAA, 0x85, 0x6E, 0x68, 0x42, 0xC8, 0x5A, 0x58,
    0xF2, 0x15, 0xD8, 0x12, 0xC3, 0x18, 0x85, 0x39, 0x17, 0x21, 0x38, 0x1B, 0x83, 0xD2, 0x1B, 0xDD,
    0xA4, 0xDC, 0x2F, 0x75, 0xB3, 0x68, 0x13, 0xF3, 0x1A, 0xAF, 0x57, 0xAC, 0x88, 0x86, 0x25, 0xDB,
    0x13, 0xDD, 0x76, 0xFC, 0xAE, 0x76, 0xD4, 0xCF, 0x35, 0x0B, 0x30, 0x3F, 0x04, 0xFE, 0x23, 0x9D,
    0x76, 0x9F, 0xD8, 0xDE, 0xCC, 0x00, 0xD4, 0xEC, 0xB5, 0xF1, 0x56, 0xDB, 0xD6, 0x46, 0x37, 0xC5,
    0x7A, 0xAC, 0xFA, 0x8F, 0x5F, 0x57, 0xE9, 0xDE, 0x59, 0x55, 0x9A, 0x89, 0x2A, 0x65, 0xE8, 0x7A,
    0xF5, 0x2C, 0xD6, 0x83, 0xE5, 0x86, 0xFA, 0xE5, 0x2E, 0x16, 0x32, 0x22, 0xA3, 0x49, 0xC9, 0xA1,
    0x62, 0x8F, 0x9A, 0xC3, 0x4E, 0xA3, 0xED, 0x7B, 0xBA, 0x63, 0x83, 0x2E, 0x57, 0xB7, 0x70, 0xF6,
    0xE0, 0x3D, 0xCE, 0x09, 0x8B, 0x88, 0xB7, 0xFE, 0xB2, 0xA0, 0xAC, 0xB2, 0x58, 0xD5, 0x8D, 0x75,
    0x99, 0x2E, 0xC8, 0x4C, 0xD6, 0x4A, 0x5B, 0xDF, 0xB1, 0x4E, 0x3B, 0x36, 0x0D, 0x4C, 0x5E, 0x51,
    0xC9, 0xF8, 0xFF, 0xCA, 0xBB, 0x02, 0x50, 0xCB, 0x8D, 0xEB, 0x3A, 0x92, 0xBC, 0x2B, 0xB2, 0x0A,
    0x1D, 0x03, 0x5D, 0x48, 0xB3, 0x14, 0x05, 0x00, 0x08, 0x6D, 0x63, 0x01, 0x14, 0x28, 0xC5, 0xFB,
    0x25, 0xC7, 0xD0, 0x00, 0x06, 0xB2, 0x40, 0x7E, 0x0C, 0x18, 0x70, 0x80, 0x02, 0x34, 0x01, 0xB6,
    0x40, 0x81, 0x00, 0xFB, 0x57, 0x2F, 0x31, 0x10, 0xC0, 0x80, 0x0D, 0x24, 0xA5, 0x00, 0x10, 0x03,
    0xA6, 0xA4, 0x0E, 0x74, 0x03, 0x14, 0x70, 0x61, 0x37, 0x92, 0x6D, 0x4A, 0x80, 0x02, 0x51, 0xD2,
    0x86, 0x02, 0x01, 0xAC, 0xD6, 0x09, 0x4D, 0x53, 0xC0, 0x6A, 0x2C, 0xA7, 0x5A, 0xAF, 0xA4, 0x5B,
    0x9D, 0x73, 0x67, 0xFE, 0xD3, 0xF7, 0xBE, 0x7D, 0xF5, 0xB7, 0xFF, 0xB2, 0xDB, 0x66, 0x78, 0xEF,
    0x9C, 0x79, 0x7A, 0x7A, 0xD2, 0xCC, 0xBC, 0xD1, 0xE8, 0xCE, 0x9D, 0x7B, 0xAF, 0x6E, 0xE9, 0xF9,
    0xC7, 0x35, 0x95, 0x3D, 0x29, 0xEF, 0x48, 0x99, 0x52, 0x8A, 0x23, 0x5F, 0x78, 0xF9, 0xCB, 0x30,
    0x7C, 0x1B, 0xA1, 0x65, 0x0D, 0x67, 0x4E, 0xDB, 0x2A, 0xBA, 0xBF, 0x64, 0xAF, 0x8D, 0x54, 0xAD,
    0x1E, 0xBC, 0xBF, 0x5E, 0xBD, 0x29, 0x6B, 0xA0, 0xB4, 0xD6, 0xAB, 0x2B, 0xE2, 0x16, 0x1A, 0x48,
    0x5B, 0x1B, 0x74, 0x17, 0xCC, 0xC3, 0xEA, 0x94, 0x03, 0x32, 0x0A, 0x56, 0xB5, 0x07, 0x3C, 0xF3,
    0x65, 0x60, 0x4F, 0x4B, 0x9A, 0x61, 0x60, 0x5D, 0xD4, 0x57, 0xB3, 0x63, 0x4D, 0x80, 0x91, 0x34,
    0xFC, 0xB7, 0xD9, 0xA4, 0xC4, 0x55, 0x0A, 0x65, 0xF6, 0xD9, 0x6C, 0xAB, 0xDD, 0xA2, 0x3D, 0x15,
    0x93, 0xEA, 0x4A, 0x98, 0x12, 0x41, 0x39, 0x98, 0x75, 0x12, 0xA1, 0xB7, 0x82, 0x96, 0xB7, 0x44,
    0xDE, 0x90, 0x21, 0x43, 0xF6, 0x1D, 0x66, 0xF3, 0x91, 0x97, 0x17, 0x2C, 0xB8, 0xF2, 0x01, 0x59,
    0x4E, 0xE3, 0x91, 0x2D, 0x7B, 0xBB, 0xCA, 0x4E, 0xE6, 0xB2, 0xCB, 0xC6, 0x98, 0x1A, 0x6B, 0x36,
    0x12, 0x33, 0x32, 0x5B, 0xE1, 0x3A, 0xE9, 0x8D, 0x1E, 0xCC, 0xC8, 0xEB, 0x1D, 0xB3, 0xB2, 0x64,
    0xDF, 0x68, 0xF5, 0xC4, 0xAD, 0x29, 0xDF, 0xAA, 0x7D, 0x71, 0xF2, 0x3B, 0xB5, 0x2F, 0x64, 0xA6,
    0x12, 0x66, 0xC4, 0x05, 0x40, 0xB6, 0x19, 0x76, 0x67, 0x36, 0xE7, 0xF8, 0x18, 0x4F, 0x6C, 0x1F,
    0xAA, 0xD5, 0x59, 0xD5, 0x73, 0x3E, 0x9A, 0x82, 0x4B, 0xEC, 0x26, 0x9A, 0x92, 0x6D, 0xD6, 0x36,
    0xCA, 0xFE, 0x06, 0xC6, 0x74, 0x5E, 0x80, 0x4C, 0x32, 0x6D, 0xB3, 0x2D, 0xE9, 0x0B, 0x44, 0x43,
    0x63, 0xB0, 0x9C, 0xF6, 0x40, 0x11, 0x96, 0xE2, 0xF0, 0xDA, 0x60, 0x66, 0x06, 0x1B, 0xE5, 0xD1,
    0xA4, 0xC3, 0x52, 0x3D, 0xA9, 0xC3, 0xDE, 0xE4, 0x3D, 0xD7, 0x4F, 0xA2, 0x0E, 0xBD, 0xAA, 0x6A,
    0xA5, 0x89, 0x5A, 0x53, 0x2E, 0xB9, 0xAE, 0xEC, 0x92, 0x1A, 0x39, 0xC8, 0x93, 0xB6, 0x36, 0x15,
    0x72, 0xD9, 0x60, 0x0B, 0xCD, 0xD9, 0x31, 0x33, 0x0B, 0x21, 0x37, 0x1D, 0x18, 0xFD, 0x45, 0x3C,
    0x5F, 0x36, 0x7A, 0x14, 0x5E, 0xF6, 0x3C, 0x32, 0x2E, 0x7A, 0x9E, 0xAD, 0xE6, 0x25, 0x4F, 0x63,
    0x35, 0xE6, 0x42, 0x4E, 0xB2, 0xCB, 0x46, 0x4B, 0xAA, 0xD5, 0xE3, 0x5C, 0xCE, 0x1B, 0x67, 0x23,
    0x57, 0xF8, 0x5C, 0x65, 0xEE, 0x32, 0xC2, 0x4D, 0x46, 0xDF, 0x1C, 0x55, 0x47, 0xE6, 0x42, 0x34,
    0x88, 0x97, 0x83, 0x72, 0xD8, 0xAF, 0xF6, 0x0D, 0xB4, 0xC3, 0xA5, 0x2A, 0xDD, 0x55, 0x77, 0x66,
    0xBA, 0x8A, 0xBF, 0xDE, 0xD3, 0x0F, 0x8A, 0x3D, 0x0B, 0xE2, 0x0A, 0xAD, 0x46, 0xD8, 0xFB, 0xB2,
    0x85, 0x62, 0xFA, 0xDF, 0x51, 0x0A, 0x1A, 0x40, 0x1B, 0xA5, 0x7A, 0x0F, 0x6D, 0xF2, 0x91, 0xA4,
    0x3F, 0xF7, 0x07, 0xE3, 0xA1, 0x67, 0x77, 0x22, 0x28, 0x0E, 0x5E, 0xA2, 0x04, 0x79, 0x67, 0xA2,
    0xF6, 0x8B, 0x82, 0x18, 0xC7, 0xF8, 0x55, 0xD5, 0x22, 0x7E, 0xF0, 0xE9, 0x55, 0xD4, 0x00, 0x05,
    0xCF, 0x28, 0x09, 0x0B, 0x04, 0xE8, 0x5B, 0x52, 0xA7, 0x83, 0xC1, 0x82, 0x1A, 0xC5, 0x7F, 0x93,
    0x0D, 0xE5, 0x02, 0xE3, 0x02, 0xE9, 0x58, 0x79, 0xD0, 0x8F, 0xFC, 0x82, 0xBB, 0x70, 0xE7, 0x74,
    0x58, 0x80, 0x07, 0xE0, 0xA1, 0xD4, 0xCE, 0x34, 0x90, 0xAD, 0xE5, 0x72, 0xE0, 0xDB, 0x3E, 0xF3,
    0x2D, 0x5E, 0xC9, 0x7B, 0x9A, 0x11, 0x11, 0x72, 0xD8, 0x5D, 0x72, 0x99, 0xF6, 0xE6, 0x55, 0xA3,
    0x69, 0x76, 0x4C, 0xBB, 0x3B, 0xA6, 0xCF, 0xAC, 0x2A, 0xC0, 0x44, 0xE7, 0xBC, 0x6D, 0xA2, 0x3B,
    0x5C, 0xE6, 0x45, 0x3C, 0xA1, 0x03, 0xD7, 0x73, 0x12, 0xC9, 0xE7, 0x84, 0x16, 0x6E, 0x4F, 0xCE,
    0x01, 0x3A, 0xEE, 0x92, 0x19, 0xF5, 0x76, 0x59, 0x05, 0xCB, 0x1B, 0xE3, 0xC5, 0x9F, 0xC2, 0xAA,
    0xB6, 0x53, 0x69, 0x04, 0x99, 0x81, 0x99, 0xBC, 0xF7, 0x99, 0xE1, 0x74, 0x19, 0x3F, 0xC2, 0x32,
    0xE3, 0x86, 0x10, 0xF3, 0x87, 0xC8, 0xE0, 0x72, 0xBF, 0xE6, 0xFC, 0x34, 0xCD, 0x64, 0x54, 0x57,
    0xCF, 0x81, 0xAA, 0x08, 0xE4, 0xF6, 0xD5, 0xB7, 0x6F, 0x5F, 0x9D, 0x39, 0xDF, 0x79, 0x8E, 0x22,
    0x47, 0x42, 0xD5, 0xC4, 0x06, 0xCA, 0xB1, 0xC2, 0x04, 0x2A, 0x14, 0x11, 0xE9, 0xF0, 0x43, 0xCE,
    0x64, 0x66, 0x26, 0x77, 0x23, 0xE0, 0x51, 0xA8, 0xFC, 0xD5, 0xF4, 0x42, 0x73, 0xE2, 0x5A, 0x4F,
    0x1D, 0xC7, 0x1B, 0xE5, 0x8C, 0xC8, 0x62, 0x6D, 0x13, 0x4F, 0x82, 0x0B, 0xA7, 0x84, 0xA8, 0xDA,
    0x70, 0xE1, 0xB0, 0x94, 0x01, 0xEA, 0xBE, 0xAE, 0x7A, 0x72, 0x36, 0xB6, 0xB7, 0x5D, 0x65, 0x20,
    0xC6, 0xDB, 0x26, 0xA7, 0x34, 0x70, 0xDE, 0x7C, 0x6C, 0x61, 0xD5, 0x87, 0x54, 0x8D, 0xE3, 0xB6,
    0x6A, 0x4F, 0x72, 0xD9, 0xAD, 0x19, 0xA2, 0xBF, 0x39, 0x67, 0xF8, 0x7B, 0x63, 0x9D, 0xE8, 0x92,
    0x43, 0xCE, 0x4C, 0xE4, 0x8B, 0x72, 0x3B, 0x15, 0x9C, 0xF7, 0x36, 0xB5, 0x79, 0x25, 0x26, 0x71,
    0x0D, 0xAE, 0x66, 0xBC, 0xA8, 0x2F, 0x3A, 0x3C, 0x04, 0xAB, 0x4E, 0x8D, 0x5B, 0xDE, 0xBD, 0xF5,
    0xAC, 0x61, 0x6A, 0xFE, 0x68, 0xA5, 0xDC, 0xFD, 0x4D, 0xD0, 0xF2, 0x1A, 0x98, 0x91, 0x81, 0x45,
    0x84, 0x9F, 0xFF, 0xEE, 0x31, 0xFD, 0x7B, 0x3F, 0xF5, 0xF1, 0x10, 0xC4, 0xF4, 0x10, 0x6B, 0x83,
    0x99, 0x02, 0xCE, 0xAB, 0xE8, 0x91, 0xDA, 0xA7, 0x12, 0xCA, 0x86, 0x33, 0xFA, 0x50, 0xEC, 0x64,
    0x82, 0x09, 0x23, 0xDE, 0x4B, 0xFC, 0x4D, 0x4E, 0x18, 0xF6, 0x01, 0x77, 0xE1, 0xCE, 0x29, 0x80,
    0x0A, 0xA6, 0x58, 0x8E, 0xC5, 0x08, 0x99, 0x9F, 0x29, 0x0C, 0xFD, 0x13, 0x43, 0x80, 0x89, 0x01,
    0xD1, 0xFB, 0x61, 0xE3, 0xD4, 0x5A, 0x22, 0x33, 0x81, 0xFD, 0xAE, 0x94, 0x06, 0xAA, 0x42, 0x28,
    0x24, 0xA1, 0x8D, 0x84, 0x2A, 0x72, 0x79, 0x53, 0x71, 0x87, 0x77, 0xB5, 0x7D, 0xF3, 0x73, 0x8E,
    0x77, 0xAF, 0x65, 0xB1, 0xF2, 0x27, 0x75, 0x24, 0x9C, 0x43, 0xAA, 0x6E, 0xC1, 0xEC, 0x7B, 0x9B,
    0x3F, 0x30, 0x6A, 0xCD, 0xFD, 0x08, 0xD6, 0xC4, 0xD2, 0x27, 0x60, 0xDB, 0x01, 0x8D, 0x48, 0x2C,
    0x2D, 0x2F, 0x20, 0x3F, 0x88, 0xE6, 0xD8, 0xF9, 0x66, 0xDA, 0x7C, 0x22, 0x18, 0xC2, 0x3A, 0x47,
    0x9F, 0xCA, 0xEE, 0xB4, 0x7E, 0x4E, 0x5B, 0x62, 0xB7, 0x1C, 0xBB, 0x4D, 0x38, 0xE7, 0x90, 0xD6,
    0x30, 0x6F, 0x76, 0x11, 0x1C, 0xC2, 0x7A, 0x75, 0xB5, 0x73, 0x96, 0x7A, 0x49, 0xD7, 0x4E, 0xEA,
    0xFC, 0x95, 0x57, 0x8A, 0x7C, 0x1D, 0xA1, 0x29, 0x9B, 0xCD, 0x55, 0xC1, 0x74, 0x5C, 0xEA, 0x6A,
    0x88, 0x9A, 0x2F, 0x9B, 0xF0, 0xC5, 0xA3, 0x79, 0xE8, 0x0F, 0xE2, 0xA3, 0x2A, 0x4B, 0x6F, 0x36,
    0x31, 0x83, 0xB4, 0xFC, 0x8C, 0xD3, 0x9A, 0x31, 0x94, 0xEE, 0x55, 0x73, 0xBE, 0xF5, 0x0B, 0x66,
    0x2E, 0xA5, 0xA2, 0xEC, 0xB5, 0xE8, 0x6E, 0xF4, 0x8E, 0x6A, 0x9F, 0xFD, 0x5E, 0xB0, 0x2A, 0xCE,
    0x7A, 0x4C, 0xE7, 0x41, 0x32, 0x5D, 0x0B, 0x94, 0xD5, 0x72, 0x65, 0xBD, 0x74, 0x72, 0xFE, 0xFC,
    0x1A, 0x66, 0xDA, 0x2F, 0xB1, 0x36, 0x7F, 0x6E, 0x1A, 0xF3, 0xD1, 0x93, 0x9D, 0x49, 0xD4, 0x66,
    0x1D, 0x0F, 0xAE, 0xF5, 0x51, 0x52, 0x33, 0x7B, 0x39, 0x6E, 0xBE, 0x17, 0xEA, 0x69, 0xFE, 0x22,
    0x68, 0xCF, 0xE0, 0x74, 0xE1, 0xCB, 0xC4, 0xEF, 0xF0, 0x34, 0xDA, 0x56, 0xC5, 0x89, 0x6A, 0xF6,
    0xAC, 0xE6, 0x57, 0x43, 0x54, 0x33, 0xC0, 0xD6, 0x2F, 0x19, 0xB6, 0xCC, 0x3A, 0x9D, 0xFF, 0x85,
    0xB2, 0x1E, 0xC4, 0xA7, 0xB2, 0x72, 0x8D, 0xCA, 0xB6, 0x22, 0xE3, 0xE7, 0x3C, 0x88, 0xA6, 0xDE,
    0x67, 0x82, 0xEE, 0x6E, 0xA1, 0x71, 0x3B, 0x73, 0x49, 0x34, 0x17, 0x1F, 0x0B, 0x8F, 0xB6, 0xC6,
    0x8B, 0xDB, 0x1A, 0x73, 0x61, 0x43, 0x11, 0x8A, 0x3F, 0xE4, 0x15, 0x17, 0x8E, 0xC7, 0x8B, 0x32,
    0x13, 0x73, 0xC6, 0x2F, 0xED, 0x7E, 0x55, 0xEF, 0x34, 0x1F, 0x36, 0xCD, 0x85, 0x17, 0x04, 0x9C,
    0xC8, 0x8F, 0xA1, 0xC2, 0xE7, 0x64, 0xD9, 0xEC, 0x84, 0xB7, 0x75, 0xC7, 0xFE, 0x90, 0x89, 0xD7,
    0xDF, 0x63, 0x3C, 0x19, 0xAB, 0xC0, 0xA5, 0x72, 0x9D, 0x41, 0x50, 0x9E, 0xE4, 0xC4, 0x29, 0x7C,
    0x89, 0xCD, 0x70, 0xC0, 0xCA, 0xC7, 0x8D, 0x6B, 0x3F, 0xDF, 0x84, 0x71, 0x6B, 0x4C, 0xCD, 0x5C,
    0x02, 0x62, 0xB2, 0xDB, 0x5C, 0x71, 0x9C, 0xF3, 0x7F, 0x01, 0x1B, 0x3C, 0xEA, 0x29, 0xC1, 0xC7,
    0x63, 0xAC, 0x16, 0x00, 0x37, 0xFA, 0x85, 0xD6, 0x0B, 0x13, 0x3E, 0xA9, 0x1D, 0x6C, 0x43, 0x13,
    0x12, 0x7A, 0x1A, 0x9B, 0x72, 0x52, 0xA5, 0xDD, 0xB0, 0x83, 0x84, 0x14, 0x2A, 0x25, 0x4A, 0x69,
    0x49, 0xBA, 0x9E, 0x83, 0x9E, 0x18, 0x48, 0x4F, 0x76, 0xA4, 0xCF, 0xD7, 0xA4, 0xD2, 0x90, 0x46,
    0xA5, 0x4E, 0xA9, 0xD9, 0x75, 0x06, 0x12, 0xA3, 0x7A, 0x8C, 0xAE, 0x64, 0xBD, 0x96, 0xAC, 0xF3,
    0xAD, 0x42, 0x6A, 0x49, 0x49, 0xB3, 0x6E, 0x8C, 0x14, 0xC4, 0x36, 0x25, 0x15, 0x26, 0x28, 0x1E,
    0xE1, 0x66, 0x7C, 0x91, 0xD7, 0x19, 0xB0, 0x2D, 0x6B, 0xEF, 0xCA, 0x1D, 0x54, 0xDB, 0xCE, 0xCE,
    0x54, 0xE2, 0x54, 0x9D, 0xE2, 0xD6, 0xF1, 0x87, 0x6D, 0xA1, 0x98, 0x12, 0x2B, 0xE0, 0x67, 0x05,
    0xF8, 0xD4, 0x9B, 0xC0, 0xEA, 0xF3, 0xC0, 0xC9, 0x02, 0x3B, 0x62, 0xBD, 0xFA, 0xD5, 0xC6, 0x6D,
    0x99, 0x71, 0xFC, 0x0A, 0xAF, 0xC1, 0x89, 0xD2, 0xE1, 0xCA, 0xE8, 0x33, 0x6E, 0xB7, 0x15, 0x49,
    0x81, 0xAC, 0x06, 0x6B, 0x71, 0x58, 0x20, 0x23, 0xCD, 0x4E, 0xCC, 0x79, 0x2C, 0x22, 0xB7, 0xEC,
    0xC3, 0x5F, 0x7E, 0x13, 0x28, 0xF8, 0x04, 0x73, 0x29, 0xCE, 0x04, 0x67, 0x60, 0x22, 0x40, 0x7A,
    0xE0, 0x37, 0xD1, 0x5D, 0x18, 0xF3, 0x5B, 0xCB, 0x45, 0x0E, 0x75, 0x21, 0x93, 0x0E, 0x38, 0x17,
    0xB4, 0x11, 0xDA, 0x69, 0x00, 0x5D, 0x69, 0xD4, 0x3B, 0x69, 0xF6, 0x19, 0x4A, 0x8B, 0x6C, 0x00,
    0x1D, 0xA7, 0x25, 0xDE, 0x46, 0xCB, 0x4E, 0x04, 0xFF, 0xB1, 0x1C, 0x4A, 0x11, 0x69, 0x2B, 0x2E,
    0x8D, 0xFA, 0x30, 0x5E, 0x14, 0x24, 0xFF, 0xB5, 0x1A, 0x58, 0x83, 0x49, 0x4B, 0xB7, 0xAE, 0x47,
    0xB1, 0x45, 0x6C, 0xF9, 0x11, 0xB7, 0xFF, 0xF4, 0x05, 0xD4, 0xF5, 0x9F, 0xDE, 0x46, 0xBD, 0x7F,
    0x2C, 0xBD, 0xCA, 0x38, 0xC0, 0xC9, 0xF0, 0x38, 0xC4, 0xA4, 0x06, 0x86, 0xBB, 0xDA, 0x8F, 0xE3,
    0xD0, 0xDA, 0x2F, 0x5C, 0x53, 0x39, 0x59, 0xD9, 0x94, 0x58, 0xDB, 0x8A, 0xE5, 0x76, 0x35, 0x44,
    0xD2, 0xA0, 0xDC, 0x35, 0x6B, 0x90, 0xCC, 0x34, 0xB2, 0xA0, 0x38, 0xBE, 0x1B, 0x9E, 0x7B, 0x7E,
    0x81, 0x1F, 0xBC, 0xB9, 0xEC, 0xF7, 0x06, 0xEC, 0xD7, 0x7A, 0x40, 0x85, 0x16, 0x79, 0x16, 0x02,
    0xE5, 0x13, 0x37, 0x6A, 0x2E, 0x01, 0x2D, 0x10, 0x36, 0x5B, 0x71, 0x22, 0xE5, 0x84, 0x84, 0x53,
    0x54, 0x80, 0x9F, 0x10, 0x25, 0xAD, 0x07, 0xDB, 0x10, 0x56, 0x01, 0x7E, 0xF6, 0x44, 0xEA, 0x39,
    0xBB, 0x70, 0x87, 0xE6, 0xC8, 0x0D, 0xCF, 0x28, 0xD4, 0xB8, 0xD8, 0xC3, 0x8D, 0xCE, 0x1E, 0xEE,
    0x3B, 0x28, 0xF6, 0x69, 0xDE, 0xB9, 0x0C, 0x7C, 0x9F, 0x2A, 0x44, 0xD1, 0x33, 0xF2, 0x2D, 0x16,
    0x65, 0x43, 0x38, 0x7D, 0x0D, 0xF6, 0x5A, 0xF0, 0xFD, 0xBE, 0xFC, 0x82, 0x16, 0x7A, 0x97, 0xE4,
    0x9B, 0x7B, 0x2D, 0xF8, 0xD6, 0x51, 0x8E, 0x42, 0xF9, 0xF9, 0xD3, 0xEC, 0x9D, 0xE6, 0x16, 0xF1,
    0xF2, 0x0A, 0x3F, 0xB3, 0xE7, 0x3A, 0x95, 0x99, 0x28, 0x54, 0xC5, 0x62, 0xFE, 0xE6, 0xAF, 0xC4,
    0x40, 0x1A, 0xEC, 0x53, 0x75, 0xC0, 0xB2, 0x07, 0xE6, 0x03, 0x71, 0x54, 0x0C, 0xA4, 0x5D, 0x10,
    0xBD, 0xD3, 0xA3, 0x13, 0xF3, 0x03, 0xCA, 0x8F, 0x69, 0x61, 0x4A, 0x4A, 0xFA, 0xD8, 0xB9, 0x81,
    0xEC, 0x48, 0xAB, 0x7E, 0xEA, 0xA3, 0xBD, 0x41, 0x13, 0x95, 0x3F, 0x95, 0x88, 0x14, 0x04, 0x38,
    0x9F, 0x16, 0xB8, 0x18, 0x01, 0xB6, 0xB8, 0xFB, 0x1A, 0x9E, 0x00, 0x9C, 0x75, 0x56, 0xBC, 0x90,
    0x87, 0xE3, 0x0B, 0x99, 0x30, 0x71, 0xE8, 0x2B, 0x65, 0xB2, 0x73, 0x05, 0x70, 0x72, 0x11, 0x35,
    0x19, 0x06, 0xDA, 0x2F, 0x4E, 0x22, 0x36, 0x98, 0xF7, 0xB7, 0x55, 0xEB, 0xA5, 0xE9, 0xC1, 0xFC,
    0x1F, 0x0E, 0x89, 0x34, 0x1D, 0x87, 0x44, 0xEA, 0x7C, 0x48, 0xA4, 0xCE, 0x85, 0x44, 0xBA, 0xDA,
    0xBD, 0x5F, 0x8D, 0x16, 0xFB, 0x4C, 0x74, 0xEF, 0x8C, 0xB9, 0xF2, 0x80, 0xDD, 0xF6, 0x6A, 0xE7,
    0xB6, 0x57, 0xAB, 0xDB, 0x1E, 0x1A, 0x0F, 0xC9, 0xDE, 0x83, 0x13, 0xC7, 0xC1, 0x83, 0x09, 0x00,
    0xF5, 0xF7, 0xC7, 0xD6, 0x7D, 0x69, 0xE1, 0x4A, 0x45, 0x38, 0xA7, 0xB7, 0xFE, 0x82, 0xCB, 0x0B,
    0x67, 0xE4, 0x79, 0x88, 0x55, 0xA9, 0xDE, 0x8D, 0x7C, 0xB9, 0xBE, 0x2F, 0xCA, 0x42, 0x23, 0x8D,
    0xC6, 0x1F, 0x68, 0x6C, 0xA4, 0x2B, 0x14, 0x9B, 0xA6, 0x05, 0x43, 0x99, 0x68, 0xC5, 0x4E, 0x34,
    0x8A, 0xE3, 0x5D, 0x78, 0x93, 0xF8, 0xDB, 0xF7, 0xD9, 0x0C, 0x72, 0xB3, 0xA0, 0xDA, 0xBE, 0x04,
    0xD5, 0x6E, 0x83, 0x3A, 0x87, 0x01, 0x17, 0xD7, 0xC3, 0x99, 0x64, 0x21, 0x71, 0x62, 0x74, 0x28,
    0xD0, 0x59, 0x8E, 0xAC, 0x01, 0x0D, 0x01, 0x88, 0xD7, 0xB6, 0xFC, 0x30, 0x6A, 0x49, 0x71, 0x4D,
    0xB2, 0x05, 0x29, 0x33, 0xA4, 0x9B, 0x24, 0x99, 0x95, 0xA4, 0xE1, 0x46, 0xE9, 0x48, 0xF9, 0x48,
    0x4A, 0x27, 0x92, 0x15, 0x12, 0xC7, 0x36, 0xF9, 0x87, 0xD0, 0x4D, 0xA2, 0xA5, 0x25, 0x55, 0xBD,
    0xA1, 0xF1, 0xD1, 0xE4, 0x8A, 0x54, 0x83, 0xB8, 0x0F, 0x52, 0x25, 0xF0, 0xD3, 0x5E, 0x30, 0x84,
    0x24, 0x50, 0xC7, 0x77, 0x30, 0x1A, 0xDA, 0xAF, 0x35, 0x91, 0xFC, 0x6D, 0x66, 0xCC, 0x82, 0x47,
    0xC4, 0x01, 0x58, 0xB5, 0x40, 0x19, 0x88, 0x52, 0x40, 0x38, 0x97, 0x1A, 0xDF, 0x4A, 0x0B, 0x64,
    0x8B, 0xFD, 0x95, 0x9A, 0xC2, 0xA6, 0x2A, 0x3C, 0x4A, 0x41, 0xE3, 0xA2, 0x9E, 0xB6, 0x45, 0x03,
    0x4D, 0x9F, 0x88, 0xF9, 0x88, 0x76, 0x91, 0xD1, 0x40, 0x5F, 0xFE, 0xF8, 0xEF, 0xC9, 0x2F, 0xA3,
    0xF6, 0xD1, 0x5C, 0x24, 0xA9, 0xCD, 0x45, 0xF9, 0x89, 0x2D, 0xA8, 0x20, 0x31, 0xC0, 0xC7, 0x89,
    0x03, 0xF0, 0x8D, 0x0E, 0x28, 0x03, 0x51, 0xB8, 0x45, 0x2B, 0xAA, 0xF5, 0x2C, 0x7B, 0x60, 0x3E,
    0x02, 0xD3, 0xC9, 0x5B, 0x69, 0x71, 0x84, 0xC7, 0x59, 0xD4, 0x20, 0x4B, 0x3A, 0x9C, 0xBD, 0x14,
    0x60, 0x22, 0x17, 0xA9, 0x41, 0x53, 0xC5, 0xE2, 0x55, 0x62, 0xB4, 0xC2, 0x8A, 0x7D, 0xB8, 0x04,
    0x6E, 0xB7, 0x87, 0x4E, 0x73, 0x46, 0xD3, 0xE2, 0xB7, 0x81, 0x79, 0x8C, 0x2D, 0xAA, 0xDE, 0xEA,
    0x81, 0xCF, 0xB5, 0xC0, 0x1B, 0x1B, 0xA0, 0xF4, 0xC4, 0x09, 0xF8, 0x0D, 0xE1, 0xB7, 0x52, 0x6F,
    0x0D, 0xE0, 0xA4, 0x03, 0xEA, 0x10, 0x9C, 0x4D, 0xA6, 0xC4, 0xE0, 0xD8, 0x54, 0xC2, 0xC6, 0x41,
    0x0A, 0x0B, 0x3A, 0x9C, 0xA7, 0x1D, 0xA9, 0x1C, 0xF2, 0xCF, 0x4A, 0x6F, 0x64, 0x80, 0x15, 0x60,
    0x28, 0x1D, 0xAD, 0x00, 0x7F, 0xB9, 0x01, 0xC5, 0x35, 0x03, 0x5D, 0xA0, 0x0B, 0x82, 0x0C, 0x29,
    0x27, 0xFD, 0x7C, 0x24, 0x49, 0xA7, 0x24, 0xBA, 0x4B, 0xDE, 0x93, 0xD2, 0x89, 0x64, 0x65, 0x4D,
    0x89, 0x14, 0x27, 0xCD, 0x06, 0x19, 0xFA, 0x46, 0xE3, 0x6A, 0x87, 0x22, 0x20, 0xEF, 0x93, 0x77,
    0xFE, 0x9B, 0x74, 0x2C, 0xBA, 0x89, 0x6D, 0x74, 0x0B, 0xFD, 0xAE, 0xFC, 0xCC, 0x2E, 0x04, 0x4D,
    0x9A, 0x98, 0x83, 0x85, 0xF2, 0x09, 0x84, 0xFF, 0xF1, 0x71, 0xAE, 0x35, 0x62, 0x04, 0xFB, 0x69,
    0x47, 0x92, 0x86, 0xF4, 0x9F, 0x42, 0xAA, 0xA5, 0x26, 0x95, 0x1D, 0x29, 0x77, 0xD4, 0x1F, 0xAF,
    0x02, 0x64, 0x5C, 0x79, 0x01, 0x51, 0xFE, 0xA1, 0x1F, 0xF6, 0xC3, 0x13, 0xFB, 0xEB, 0x5D, 0x57,
    0x96, 0xDA, 0x91, 0x41, 0xCA, 0x94, 0x52, 0x25, 0xBB, 0x87, 0x82, 0xE2, 0x3E, 0xFB, 0xF2, 0x0E,
    0x8A, 0xBC, 0x41, 0xAF, 0x30, 0x24, 0x06, 0x44, 0xA3, 0x78, 0x85, 0x7F, 0x33, 0x7F, 0x21, 0x11,
    0x18, 0xD6, 0xA9, 0xD9, 0x1C, 0x53, 0x62, 0xB3, 0x93, 0xB9, 0x17, 0x7F, 0xC7, 0xB1, 0xB9, 0x8B,
    0x61, 0xF4, 0x43, 0x5E, 0x12, 0xF9, 0x3D, 0x7E, 0xE6, 0xF7, 0x1F, 0x81, 0x03, 0x94, 0x4B, 0x8C,
    0xEB, 0x96, 0x3D, 0x98, 0xA3, 0x53, 0x05, 0x5B, 0x46, 0x58, 0xAF, 0x8D, 0x20, 0xD8, 0x4F, 0x4A,
    0x30, 0xAA, 0xBE, 0xFB, 0x24, 0xDD, 0x54, 0x32, 0xC7, 0x24, 0xB2, 0x26, 0x6E, 0xDC, 0x4B, 0x1C,
    0xE1, 0x70, 0xD9, 0x56, 0xF4, 0xC7, 0x1D, 0x85, 0xF2, 0xBF, 0x33, 0x4E, 0xDB, 0xE6, 0x20, 0x51,
    0x1F, 0x42, 0x20, 0xD6, 0xB2, 0xA7, 0xE3, 0x19, 0xE7, 0x44, 0xDA, 0xE3, 0xDC, 0xEC, 0xBF, 0x8D,
    0x17, 0x74, 0xFB, 0x55, 0x9D, 0xCF, 0x65, 0xA3, 0xCF, 0xD9, 0xD9, 0xE7, 0x12, 0xF1, 0xB9, 0xD8,
    0xE7, 0xA8, 0xCF, 0xF0, 0xB9, 0x0D, 0xA5, 0xF3, 0x09, 0xB9, 0x5C, 0xE4, 0x73, 0x22, 0x9D, 0xE6,
    0x9E, 0x67, 0xAE, 0xF0, 0x02, 0xA1, 0x1C, 0xAF, 0x32, 0x68, 0x2E, 0xEA, 0xBC, 0x26, 0x31, 0xE9,
    0x21, 0x31, 0x33, 0xC7, 0x05, 0x04, 0xB7, 0x3B, 0x0B, 0xED, 0x6F, 0x25, 0x4C, 0x58, 0x61, 0x59,
    0x59, 0xC3, 0x56, 0x6C, 0x3E, 0xCF, 0x14, 0x24, 0x78, 0x44, 0x0A, 0xE9, 0x1F, 0x90, 0x45, 0x5A,
    0xC7, 0x33, 0x19, 0x21, 0x71, 0xC8, 0x46, 0x6A, 0xE5, 0xAA, 0x55, 0x2E, 0x3B, 0xE5, 0x7C, 0xE1,
    0x3A, 0x9B, 0x17, 0x2E, 0xE5, 0x36, 0x3D, 0x58, 0x2A, 0x48, 0x23, 0xB4, 0xFF, 0x43, 0x3A, 0xC9,
    0xAF, 0x9A, 0x12, 0x1C, 0x8E, 0x6A, 0x86, 0x1A, 0xE1, 0xB8, 0xF8, 0xBC, 0xB4, 0x93, 0x57, 0x52,
    0x91, 0x19, 0xA1, 0xC4, 0x57, 0xAE, 0x62, 0xD5, 0xAD, 0xF6, 0x8D, 0xEA, 0xB6, 0xF9, 0x1E, 0x87,
    0x3A, 0xDF, 0x8A, 0x7F, 0xC6, 0xA9, 0x46, 0x22, 0x1D, 0x9A, 0x3F, 0x17, 0xAE, 0xB0, 0xC8, 0x1B,
    0x7A, 0xCF, 0xFC, 0x3A, 0xA4, 0x19, 0x9A, 0x8A, 0x81, 0x0A, 0x69, 0x9C, 0x7F, 0x72, 0x3E, 0x24,
    0x6B, 0x72, 0x1B, 0xC7, 0x18, 0xBB, 0x64, 0x23, 0x7F, 0xE0, 0xDD, 0x0C, 0xE7, 0x40, 0xDE, 0xA0,
    0x41, 0x80, 0xFC, 0xBB, 0x70, 0x84, 0x45, 0x09, 0x21, 0xDC, 0x74, 0xBA, 0x66, 0x5A, 0x7F, 0x4A,
    0xE7, 0x15, 0x1D, 0xB4, 0x6D, 0xA9, 0xFB, 0x93, 0x2E, 0xFA, 0x50, 0xDF, 0x09, 0x37, 0x54, 0xA2,
    0x56, 0x71, 0x8F, 0x7A, 0x07, 0x95, 0xAC, 0x63, 0x6C, 0xFA, 0x2E, 0xC5, 0x24, 0xB2, 0x85, 0x6D,
    0x67, 0xD9, 0x56, 0xAF, 0xC3, 0xB8, 0x4D, 0x5E, 0x83, 0xE3, 0x26, 0xB0, 0x5C, 0x61, 0xDE, 0x2D,
    0xDF, 0x9A, 0xAC, 0xCF, 0xDF, 0x12, 0x63, 0xC7, 0xEC, 0x1D, 0xC8, 0x81, 0x4F, 0x61, 0xFA, 0x84,
    0x13, 0x7F, 0xC9, 0xA4, 0xA0, 0xE5, 0xAC, 0x4F, 0x54, 0xED, 0x03, 0x89, 0xE0, 0x97, 0xC2, 0xF0,
    0x3B, 0xE2, 0x1F, 0xD9, 0xF9, 0xE1, 0x91, 0x4A, 0xDD, 0xA7, 0x79, 0x82, 0x8E, 0xC1, 0x84, 0xCE,
    0xC6, 0x83, 0x3F, 0x86, 0x28, 0xDE, 0x39, 0x39, 0xF6, 0xBA, 0x2E, 0xCB, 0x5F, 0x9C, 0xBD, 0x28,
    0xAE, 0x7D, 0xBF, 0x71, 0x78, 0x28, 0xEF, 0x5E, 0x6D, 0x6E, 0x1A, 0x69, 0x63, 0x62, 0xD4, 0x8E,
    0xC4, 0x57, 0x17, 0x0C, 0x1B, 0xB5, 0x56, 0x38, 0x73, 0x74, 0x03, 0xD9, 0x66, 0xAB, 0x3C, 0x2A,
    0x89, 0x76, 0x85, 0x09, 0x31, 0x5E, 0x61, 0x54, 0xAB, 0xBE, 0xAD, 0x24, 0x44, 0x12, 0x75, 0x47,
    0x91, 0x84, 0xDD, 0xB5, 0x48, 0x82, 0x7E, 0x01, 0xC3, 0xA9, 0x9B, 0xF9, 0xC0, 0xE0, 0x14, 0x1E,
    0x83, 0xBF, 0x9E, 0x12, 0x40, 0x08, 0x30, 0xBB, 0xE0, 0x26, 0x96, 0xBD, 0xAD, 0xB4, 0x42, 0x4C,
    0xE5, 0x9F, 0x83, 0xEF, 0x17, 0x11, 0x8D, 0x3A, 0x43, 0x3E, 0x9B, 0xC2, 0x48, 0x1F, 0x2D, 0x58,
    0x8D, 0x6A, 0x72, 0x85, 0x4A, 0x64, 0xCE, 0xCC, 0xEA, 0x31, 0x9E, 0x4D, 0x0D, 0xAC, 0xF8, 0xAF,
    0x9F, 0x22, 0xFE, 0x22, 0x90, 0x8D, 0x44, 0x84, 0xE1, 0xD5, 0x2B, 0x2F, 0x8B, 0x74, 0x32, 0x2C,
    0xF7, 0xF2, 0x1B, 0x10, 0xAE, 0x2C, 0xEE, 0x1A, 0x19, 0x63, 0x3E, 0x99, 0x08, 0x3E, 0x46, 0x21,
    0x67, 0xBD, 0xD2, 0xDC, 0x44, 0x73, 0xD3, 0x58, 0x06, 0x0B, 0x66, 0xFF, 0x05, 0xF8, 0x75, 0x8B,
    0xA5, 0x2C, 0xCE, 0xFC, 0x08, 0x9C, 0x58, 0xA2, 0x7D, 0x77, 0x40, 0x22, 0x3E, 0xD0, 0x40, 0x25,
    0x3D, 0xE3, 0x0B, 0x9C, 0x59, 0x03, 0x84, 0xEA, 0x77, 0x47, 0x0C, 0x96, 0xFE, 0x77, 0xE5, 0xC1,
    0x34, 0x40, 0x22, 0x22, 0x85, 0x05, 0x7C, 0xC0, 0x06, 0x78, 0x50, 0xF1, 0x1B, 0xAF, 0x50, 0x06,
    0x19, 0x15, 0x79, 0x25, 0xAC, 0x30, 0x24, 0x06, 0x44, 0xB3, 0xC6, 0x2F, 0x9C, 0x71, 0x48, 0x88,
    0x19, 0xE0, 0xBD, 0x81, 0x9D, 0xDD, 0xC8, 0x75, 0xC0, 0xC1, 0x31, 0x3C, 0x82, 0x31, 0x85, 0x7B,
    0x6D, 0x33, 0x4F, 0xCB, 0x5F, 0x8E, 0x91, 0x34, 0x90, 0x8B, 0x0A, 0xB8, 0x55, 0x32, 0x73, 0x13,
    0x99, 0x71, 0xC9, 0x5C, 0x43, 0xE6, 0xD5, 0x25, 0xF3, 0x38, 0x32, 0x14, 0x11, 0x1E, 0x58, 0x86,
    0xA2, 0x37, 0x33, 0xA2, 0x69, 0x95, 0x61, 0x0A, 0x7D, 0xC6, 0x94, 0x3E, 0x93, 0xFB, 0x4C, 0xE6,
    0x33, 0xE9, 0x5D, 0x19, 0x6B, 0x5C, 0x64, 0x01, 0xDA, 0xDA, 0x5B, 0xB0, 0x1D, 0x73, 0x74, 0x87,
    0x23, 0x58, 0x67, 0x49, 0x63, 0xAE, 0xD9, 0x31, 0x2D, 0xA4, 0x06, 0x5B, 0x35, 0x82, 0x1F, 0xCD,
    0x99, 0x70, 0x06, 0x86, 0xB0, 0xC2, 0x54, 0x78, 0x36, 0x4C, 0x9E, 0x73, 0xC7, 0x99, 0xE3, 0xD4,
    0xB1, 0xBD, 0x8B, 0x35, 0xD4, 0xA6, 0x51, 0xF2, 0xCF, 0x3D, 0xD1, 0xA8, 0x9A, 0x9E, 0xE2, 0x5D,
    0x14, 0x79, 0xAA, 0x95, 0x5A, 0x10, 0x1A, 0x17, 0x94, 0x2B, 0xF9, 0xE8, 0x9B, 0x26, 0xFA, 0xDF,
    0x29, 0xD6, 0x07, 0xC5, 0xB8, 0xAA, 0x90, 0x90, 0x4A, 0xA5, 0x7C, 0x0F, 0x65, 0x4A, 0xE7, 0x0C,
    0x03, 0x8A, 0x18, 0x46, 0x14, 0x31, 0x0C, 0x29, 0x62, 0x18, 0x44, 0xC4, 0xD8, 0x69, 0x85, 0x33,
    0x51, 0x80, 0x0C, 0x2C, 0x62, 0x22, 0x27, 0x3C, 0xCE, 0x7B, 0x47, 0x6D, 0x2B, 0xB2, 0x21, 0xD6,
    0x3C, 0xF3, 0x5A, 0xB5, 0x43, 0xB4, 0x2B, 0x0C, 0x38, 0xAA, 0xAA, 0x66, 0x1F, 0x84, 0x1A, 0x56,
    0x83, 0x01, 0xE5, 0xDD, 0x3D, 0xE9, 0x0A, 0xE9, 0xB5, 0x6E, 0xA1, 0xF0, 0x04, 0x05, 0xF2, 0x23,
    0x90, 0x91, 0xF7, 0x7E, 0x2D, 0x9D, 0x73, 0xEE, 0x60, 0x51, 0x68, 0x7B, 0xF7, 0x15, 0x7E, 0x67,
    0x82, 0x3D, 0x64, 0xAE, 0x28, 0x51, 0xB0, 0x71, 0x95, 0x20, 0x35, 0x95, 0xFC, 0x4A, 0xA4, 0x56,
    0x4C, 0xA4, 0xC8, 0x29, 0xDA, 0x67, 0x28, 0xEA, 0x1A, 0xD3, 0x15, 0x7E, 0x7B, 0xC1, 0x50, 0xB5,
    0xC9, 0x8A, 0x97, 0xE4, 0x2A, 0x35, 0xCB, 0xD9, 0x16, 0x7F, 0x8B, 0xA8, 0xD6, 0x25, 0xB4, 0xE4,
    0x20, 0xEA, 0x38, 0xA7, 0x13, 0xBB, 0x4B, 0xFE, 0xD9, 0x3A, 0x7B, 0xF1, 0x6B, 0x57, 0x80, 0x22,
    0x2D, 0x71, 0xC4, 0xF6, 0x52, 0xDE, 0xFF, 0x30, 0x88, 0x3D, 0xAF, 0x84, 0x2F, 0x9D, 0xE1, 0x29,
    0xAE, 0xFD, 0xB9, 0x73, 0x01, 0x96, 0xC4, 0x58, 0xFD, 0xB6, 0x77, 0xE0, 0x67, 0x17, 0x86, 0x27,
    0x77, 0xBB, 0x60, 0xE9, 0xEE, 0x70, 0xE3, 0x82, 0x8D, 0xF3, 0xE4, 0x3E, 0x23, 0x7F, 0x6E, 0x97,
    0x4A, 0x69, 0x58, 0x1A, 0x51, 0xC3, 0x9C, 0x44, 0xB0, 0xAD, 0xF5, 0x46, 0x30, 0xD2, 0xD0, 0xDE,
    0xB5, 0xEA, 0xCE, 0xA1, 0x74, 0x65, 0x57, 0xC6, 0x02, 0x4D, 0x7E, 0x95, 0x80, 0x06, 0xB1, 0xA4,
    0xEA, 0xDB, 0x72, 0x78, 0x58, 0xBA, 0xF8, 0x2F, 0xE3, 0x79, 0xD2, 0xA0, 0x26, 0x21, 0xC6, 0x53,
    0xA2, 0x14, 0x93, 0x50, 0x20, 0x92, 0x2B, 0x88, 0xB4, 0xB0, 0x9C, 0x60, 0x87, 0xA5, 0xA4, 0xFF,
    0xD7, 0x55, 0xCB, 0x22, 0x39, 0x5D, 0xD7, 0xB0, 0x72, 0x42, 0xBC, 0xE8, 0x4D, 0x08, 0xD9, 0x2B,
    0x97, 0xCD, 0x10, 0xD9, 0xB3, 0x48, 0x4C, 0xD5, 0x54, 0xF1, 0x6C, 0xCA, 0x56, 0x12, 0x04, 0x64,
    0xAE, 0x2C, 0xB0, 0xE4, 0x64, 0x21, 0x25, 0x9A, 0xAB, 0x33, 0xA2, 0x3B, 0x73, 0x92, 0xEE, 0x30,
    0x99, 0x7D, 0x91, 0x74, 0x6C, 0x69, 0x10, 0x82, 0xF5, 0x2A, 0x15, 0x6B, 0x5E, 0x59, 0xAE, 0x66,
    0x7D, 0xF7, 0x68, 0xAD, 0x74, 0xD2, 0xD6, 0xEA, 0xC2, 0x75, 0x6B, 0xC1, 0x3A, 0xED, 0x91, 0xFB,
    0xDD, 0x5A, 0x9F, 0x62, 0x6B, 0x85, 0xAE, 0xB5, 0x1A, 0x6D, 0xAD, 0x62, 0xDB, 0x5A, 0xD6, 0xFF,
    0xE4, 0x44, 0x0C, 0x9E, 0x9D, 0xF4, 0xEA, 0xE9, 0xDB, 0x35, 0xDF, 0xDF, 0xAE, 0xF6, 0xB8, 0x5D,
    0xA9, 0xB9, 0x86, 0x20, 0xB7, 0x6E, 0x57, 0x2B, 0xD3, 0xD6, 0x31, 0xB8, 0xAC, 0xB7, 0xC3, 0x6A,
    0x66, 0xB6, 0x98, 0x2A, 0x9E, 0xC5, 0x23, 0xD0, 0xE0, 0xF3, 0x60, 0x5E, 0xD6, 0x06, 0x1D, 0xA2,
    0x91, 0x19, 0x3B, 0x44, 0x5E, 0x01, 0xE0, 0x9F, 0xB3, 0xD4, 0xFB, 0x56, 0x42, 0xA5, 0x98, 0x2E,
    0xD1, 0xA6, 0xE5, 0xFF, 0xED, 0x93, 0x44, 0x8E, 0x53, 0xE9, 0xDA, 0x5F, 0x36, 0x55, 0xBD, 0xE6,
    0xCA, 0x1B, 0x4C, 0x7C, 0xAB, 0xD2, 0x46, 0xF3, 0xA3, 0x99, 0x1A, 0x34, 0x32, 0x3D, 0x7C, 0xF1,
    0x2F, 0xEF, 0xA5, 0xC9, 0x5F, 0x70, 0xD1, 0xE4, 0x2F, 0x98, 0xF0, 0x62, 0xDD, 0xAF, 0xC9, 0x9F,
    0x89, 0x6C, 0xE4, 0xBA, 0x9C, 0x80, 0x54, 0xA8, 0xD6, 0x81, 0x37, 0x44, 0x05, 0x96, 0x3D, 0x30,
    0x1F, 0x88, 0xA3, 0x22, 0x97, 0x33, 0x28, 0xB2, 0x2A, 0xEE, 0x5E, 0x2E, 0xDE, 0x18, 0xEC, 0x56,
    0xEF, 0x59, 0x2E, 0x3E, 0x5E, 0x01, 0x09, 0x64, 0xC1, 0x91, 0x01, 0x77, 0xEB, 0x14, 0xC6, 0x0B,
    0x9B, 0x83, 0xC4, 0xEC, 0xD4, 0xEA, 0x13, 0x45, 0x36, 0x8C, 0x25, 0xD5, 0x6D, 0x87, 0x7E, 0x2B,
    0xC0, 0x48, 0x91, 0x2F, 0x9A, 0x34, 0xE3, 0xEC, 0xA5, 0x0C, 0x0B, 0x56, 0x32, 0x2E, 0xC8, 0xDE,
    0xA7, 0xB8, 0x31, 0x96, 0xBE, 0x0D, 0xF9, 0x26, 0x06, 0xD6, 0x76, 0x5C, 0xB0, 0x2B, 0x7B, 0x96,
    0x93, 0xAA, 0x70, 0x5A, 0x8F, 0x23, 0x79, 0x32, 0x76, 0x71, 0x0C, 0xC6, 0xA8, 0xCD, 0x35, 0xF0,
    0xDD, 0x94, 0xD4, 0xF7, 0x26, 0xBB, 0x87, 0xD2, 0x0D, 0x29, 0x53, 0xCA, 0x0B, 0x52, 0x65, 0x40,
    0xA1, 0x90, 0x64, 0x26, 0xD1, 0x40, 0xA0, 0x31, 0x32, 0x70, 0xA4, 0x29, 0x5B, 0xD2, 0xB9, 0x95,
    0x30, 0x9A, 0x9B, 0x35, 0x7D, 0x5F, 0x69, 0x5A, 0x8F, 0x91, 0x91, 0x73, 0x09, 0x2E, 0x14, 0x4D,
    0x7E, 0x48, 0xE5, 0x93, 0xA9, 0xDA, 0x7B, 0x63, 0xBE, 0xC2, 0x03, 0xE2, 0x75, 0xE2, 0x04, 0x0C,
    0x47, 0xA0, 0x10, 0xF9, 0x20, 0x18, 0x5E, 0xBF, 0xB8, 0xC4, 0x80, 0x28, 0x5C, 0xEA, 0xCA, 0x44,
    0x5C, 0x15, 0x6C, 0x35, 0x2F, 0x8B, 0x46, 0xAF, 0x49, 0x5E, 0x28, 0xF2, 0x7A, 0x6F, 0x71, 0xEA,
    0xE6, 0x53, 0x11, 0xF5, 0xDD, 0x4E, 0xDD, 0x4D, 0x6D, 0xB7, 0xFF, 0xEE, 0xF4, 0x14, 0x48, 0x07,
    0xCA, 0x45, 0x8E, 0xC9, 0x69, 0x14, 0x95, 0xE8, 0x11, 0xB1, 0xA1, 0xDD, 0x6F, 0x4A, 0x91, 0xD3,
    0x64, 0x0D, 0x1B, 0x26, 0xED, 0xD9, 0xD3, 0x38, 0xE8, 0x39, 0x3F, 0x0D, 0xB0, 0x1A, 0xB5, 0x0F,
    0xC7, 0x2F, 0x2C, 0x42, 0xB3, 0xBF, 0xC6, 0xEB, 0x1E, 0xBC, 0x42, 0x6E, 0x17, 0x71, 0xC8, 0xED,
    0xFB, 0xB0, 0x5E, 0x90, 0x6B, 0x7E, 0xA6, 0x22, 0x2E, 0x29, 0xDE, 0x62, 0x11, 0xCF, 0xE8, 0x8D,
    0xC9, 0x82, 0x96, 0x3D, 0xDE, 0x76, 0xD9, 0xE0, 0xFD, 0x1E, 0x69, 0x8D, 0xCC, 0x2B, 0xF3, 0x61,
    0xFD, 0x23, 0x32, 0x61, 0xC9, 0xFC, 0xDA, 0x88, 0x1F, 0xAA, 0x87, 0xB5, 0x09, 0x69, 0xA4, 0x14,
    0x93, 0xB6, 0xF6, 0xA2, 0xA4, 0xBC, 0x7E, 0x9F, 0xAD, 0x5E, 0xEA, 0xB4, 0xD2, 0x0B, 0x16, 0x27,
    0x91, 0x2B, 0x3B, 0x40, 0x11, 0x87, 0xDC, 0xBE, 0x1B, 0x37, 0x40, 0x1E, 0x4D, 0x8F, 0x4C, 0x5B,
    0xBD, 0x75, 0x80, 0xC6, 0xD5, 0x23, 0xEB, 0xB4, 0x28, 0xD9, 0xCA, 0x56, 0xAF, 0x2C, 0x60, 0xE7,
    0x22, 0x18, 0xA9, 0x66, 0x50, 0xAC, 0x97, 0x37, 0xA7, 0x37, 0x1D, 0xC7, 0xAB, 0xF2, 0x34, 0x14,
    0x48, 0x03, 0x32, 0xD2, 0x9F, 0x5F, 0xCD, 0x6B, 0x52, 0xA5, 0xA0, 0x7A, 0xB9, 0xD4, 0x96, 0xD9,
    0x47, 0x95, 0x92, 0xF4, 0x40, 0xAE, 0xA6, 0x6D, 0x89, 0xDB, 0x50, 0x7E, 0x52, 0xA1, 0x64, 0xEE,
    0x41, 0x15, 0x9B, 0x43, 0xD1, 0x72, 0x4D, 0x12, 0xCE, 0x78, 0x33, 0x71, 0xDA, 0x89, 0x9B, 0x72,
    0xA2, 0x80, 0xC0, 0x6E, 0xF3, 0xE6, 0x82, 0xD9, 0x44, 0x81, 0x6B, 0x87, 0xF0, 0x95, 0x8A, 0x7F,
    0x68, 0x88, 0xC7, 0x79, 0xB5, 0xBC, 0x76, 0xB2, 0xF9, 0xD7, 0xE8, 0x43, 0x15, 0x8E, 0x54, 0xBD,
    0xE7, 0x6A, 0xE8, 0xC0, 0x80, 0x5F, 0x22, 0xE6, 0xC4, 0xFB, 0x8E, 0x14, 0xE1, 0x9D, 0x85, 0xDF,
    0x93, 0x3A, 0xC2, 0x6D, 0x7B, 0x58, 0xF8, 0xA7, 0xE4, 0x36, 0xF9, 0x47, 0x70, 0xD5, 0xD9, 0xE7,
    0xC1, 0x79, 0x67, 0x9F, 0x22, 0x0F, 0x69, 0x02, 0xCE, 0xC6, 0x03, 0xB2, 0x1D, 0x2F, 0x2B, 0xCF,
    0xD7, 0xC8, 0xB1, 0x0C, 0xE4, 0x48, 0x7A, 0xC7, 0x1D, 0x39, 0x70, 0x6C, 0xA4, 0x71, 0x5C, 0x2F,
    0x1C, 0x8C, 0xA6, 0xA4, 0x8C, 0xC3, 0x87, 0xD8, 0xC8, 0x9C, 0x43, 0x2D, 0xB5, 0xB0, 0xD1, 0x74,
    0x6D, 0x77, 0xB0, 0xC9, 0x70, 0x38, 0x69, 0x07, 0x94, 0x38, 0xB6, 0x5D, 0xA9, 0xD3, 0x72, 0x03,
    0x8E, 0x17, 0x8E, 0x28, 0x93, 0xB7, 0x0B, 0x8F, 0x0B, 0xD7, 0x0B, 0xCF, 0xE6, 0x31, 0xF0, 0x52,
    0xE7, 0xC7, 0xC1, 0xEF, 0x48, 0x71, 0x13, 0xFC, 0x2B, 0xA9, 0x7B, 0x70, 0x27, 0xAF, 0x75, 0xCA,
    0x6F, 0xB5, 0xE4, 0xF2, 0xBF, 0x6B, 0x72, 0x2E, 0x1B, 0x72, 0x26, 0x86, 0x6C, 0x1D, 0x27, 0x93,
    0x72, 0x34, 0xB2, 0x57, 0x4A, 0x34, 0xA4, 0xD4, 0x78, 0x05, 0x1D, 0xF8, 0xA4, 0x5E, 0xE8, 0xFA,
    0x3D, 0xAA, 0x43, 0xF6, 0x7F, 0x2B, 0x2F, 0xEC, 0x9C, 0x7F, 0x5D, 0x4C, 0x0D, 0xC0, 0x87, 0x7B,
    0xE9, 0x11, 0xCC, 0x85, 0x22, 0xDC, 0x60, 0xC0, 0xB6, 0x8C, 0xC8, 0x6D, 0xFB, 0x05, 0x6B, 0xE4,
    0xED, 0x8B, 0x89, 0x4E, 0xCE, 0x68, 0x99, 0xE0, 0x4E, 0xFC, 0x70, 0x3C, 0x6F, 0xD2, 0xD9, 0xC3,
    0x27, 0xCB, 0xAE, 0x9D, 0xED, 0x15, 0x2C, 0x1E, 0x00, 0x17, 0xFF, 0xC7, 0x57, 0x5A, 0x13, 0xB0,
    0xC8, 0x78, 0x7E, 0xB4, 0xB9, 0xEF, 0x0F, 0x05, 0x70, 0xFF, 0x8E, 0x6D, 0x79, 0xEF, 0xB6, 0x1D,
    0x68, 0x4A, 0x41, 0x6E, 0xA3, 0x79, 0x74, 0x97, 0xF9, 0x7B, 0x32, 0xAE, 0xBD, 0x1C, 0x32, 0x21,
    0xE5, 0x52, 0x80, 0x0E, 0xDC, 0xD3, 0x8C, 0xA5, 0x06, 0x0D, 0x6A, 0x3F, 0xDB, 0x57, 0x3C, 0x43,
    0x97, 0x77, 0xA0, 0x96, 0x8D, 0x1F, 0xA3, 0x84, 0xBC, 0x87, 0x91, 0x74, 0x5D, 0x32, 0x2B, 0x12,
    0xE7, 0x9C, 0x0A, 0x2A, 0x85, 0x6D, 0x71, 0x4B, 0x05, 0x3E, 0x55, 0xF2, 0x05, 0x83, 0xEA, 0xF8,
    0xE8, 0x22, 0x43, 0x2A, 0x7B, 0x63, 0x41, 0xA3, 0xD1, 0xD0, 0x86, 0xF5, 0xF2, 0x02, 0x19, 0xA6,
    0x31, 0xEE, 0xE0, 0x79, 0x3C, 0x28, 0x04, 0x53, 0xDC, 0x61, 0x81, 0x95, 0x45, 0x75, 0xF7, 0xF2,
    0x80, 0x11, 0x2D, 0x39, 0xB9, 0x1D, 0x11, 0x48, 0x04, 0x21, 0x32, 0x92, 0x0E, 0xF7, 0xDA, 0x2B,
    0x00, 0x03, 0xF8, 0xE4, 0x0D, 0x59, 0x58, 0xC4, 0xA4, 0xF3, 0x33, 0xA2, 0xB2, 0x70, 0x89, 0x5D,
    0x2A, 0x85, 0x04, 0x1F, 0x71, 0x95, 0x0F, 0xA5, 0x98, 0x4C, 0xDE, 0x91, 0x65, 0xF3, 0xEB, 0xD2,
    0x39, 0xAF, 0x57, 0x41, 0xDA, 0x38, 0xAE, 0x11, 0xFE, 0x49, 0x4C, 0x5E, 0x53, 0x15, 0xCE, 0x41,
    0xD8, 0xBE, 0x30, 0x53, 0x55, 0x96, 0xDA, 0x59, 0x7D, 0x01, 0x5C, 0xC3, 0x5E, 0xB3, 0x73, 0xD8,
    0x1A, 0x0E, 0x3D, 0xA8, 0x67, 0xD0, 0x59, 0x79, 0x7A, 0xE1, 0x68, 0x61, 0xAE, 0xE5, 0xD6, 0xCA,
    0xF6, 0x27, 0x57, 0xF1, 0x3D, 0x57, 0xAE, 0xC3, 0x85, 0xF3, 0x85, 0xE1, 0x72, 0x73, 0xE4, 0xFE,
    0xA0, 0x11, 0x1C, 0xB7, 0xA6, 0x07, 0x27, 0x6D, 0xC4, 0xBE, 0x69, 0xDB, 0x65, 0x4B, 0xBA, 0x70,
    0x53, 0x09, 0xA5, 0x92, 0x63, 0x36, 0xD5, 0x14, 0xD2, 0xD8, 0x4C, 0x5E, 0x90, 0xD1, 0xA4, 0x6D,
    0x29, 0x5F, 0x17, 0x74, 0x3B, 0x31, 0xB2, 0x29, 0x9B, 0x0C, 0xB3, 0xA5, 0xBC, 0xCE, 0xA6, 0x85,
    0x3E, 0x69, 0x32, 0x1A, 0x9F, 0x9E, 0xE7, 0xEF, 0x02, 0x21, 0xD9, 0x41, 0x9D, 0x8A, 0x5A, 0x3A,
    0x55, 0x54, 0x34, 0xCF, 0x36, 0xBA, 0xC8, 0x5F, 0x48, 0x9B, 0x62, 0xE1, 0x4D, 0x66, 0x36, 0x44,
    0x29, 0x9D, 0x08, 0x9A, 0xAB, 0x4E, 0x65, 0xA0, 0x93, 0x0E, 0x16, 0x04, 0x3F, 0x6D, 0x7E, 0xC7,
    0x18, 0x31, 0xE5, 0x26, 0x10, 0xF5, 0x30, 0xCB, 0x37, 0x78, 0x6A, 0x39, 0xBA, 0xD9, 0x04, 0xF9,
    0xE6, 0xC5, 0x07, 0xF2, 0x94, 0x7E, 0x9D, 0x79, 0x47, 0x58, 0x85, 0x8F, 0x71, 0x99, 0x2D, 0x10,
    0x77, 0xE1, 0x68, 0xA2, 0xDB, 0xCF, 0x74, 0x3E, 0x70, 0xC1, 0xDF, 0xDC, 0xFF, 0x30, 0xA9, 0x3C,
    0x47, 0xC0, 0x8D, 0xBA, 0x92, 0x63, 0xDF, 0x7D, 0x06, 0xA2, 0x15, 0x66, 0x7A, 0xC0, 0x7C, 0x04,
    0x66, 0x93, 0xB1, 0x85, 0xF3, 0x97, 0xB2, 0x1E, 0x2F, 0x1E, 0x1E, 0x3E, 0xEB, 0x1F, 0x44, 0x21,
    0x8A, 0xBD, 0xB1, 0xFE, 0x61, 0x2A, 0x8A, 0x15, 0xB1, 0xEC, 0x4D, 0x3A, 0x41, 0x1A, 0xCE, 0x46,
    0xBC, 0xF2, 0x9E, 0x3B, 0xB4, 0x34, 0x33, 0x2A, 0x28, 0xF9, 0x1E, 0x3F, 0x3A, 0xA5, 0x9C, 0x9C,
    0x9D, 0x62, 0x4A, 0xC7, 0x80, 0x6F, 0xC9, 0x68, 0x1E, 0xC7, 0xE9, 0xDD, 0x79, 0x13, 0x85, 0x75,
    0x75, 0x1B, 0x4E, 0x8F, 0x09, 0xC9, 0x6C, 0xCA, 0xC6, 0x8E, 0xEA, 0xF5, 0x6B, 0xE7, 0xAA, 0xA5,
    0xF4, 0xBA, 0x7E, 0x7C, 0x82, 0xC9, 0x0B, 0x2E, 0x49, 0xBF, 0x3E, 0x13, 0x05, 0x5B, 0x9E, 0xC0,
    0xD1, 0x1F, 0x61, 0x54, 0xDC, 0x75, 0xCA, 0x64, 0xF0, 0xD3, 0x4A, 0x3B, 0xDF, 0x60, 0x94, 0x4D,
    0x34, 0xE6, 0xC7, 0xFD, 0x28, 0xC5, 0xA2, 0x78, 0x1B, 0xB4, 0xD5, 0x24, 0x32, 0xF0, 0xE6, 0xD7,
    0x1A, 0x24, 0xCE, 0xE1, 0xED, 0xC3, 0x2F, 0x4A, 0x83, 0xC9, 0x30, 0x10, 0x7B, 0x2A, 0xEA, 0x3C,
    0x35, 0x05, 0x1A, 0x0D, 0xBC, 0x11, 0x73, 0x2E, 0x41, 0x93, 0x2B, 0x6F, 0xED, 0x96, 0xAE, 0xD5,
    0x71, 0xEC, 0x36, 0xB6, 0x36, 0xC9, 0x98, 0xB5, 0x80, 0x6E, 0xF9, 0x88, 0x08, 0x8F, 0x85, 0x1F,
    0x56, 0x29, 0xAA, 0xB3, 0xDE, 0xB4, 0xB3, 0xC8, 0x7F, 0x52, 0x0D, 0xE6, 0x32, 0x0E, 0xFE, 0x69,
    0x2D, 0x72, 0x44, 0x70, 0xF6, 0xFF, 0x5F, 0x7E, 0xE5, 0xBB, 0x74, 0xA1, 0xF3, 0xE0, 0x1F, 0x9E,
    0x62, 0xF2, 0x8E, 0x90, 0x4C, 0x26, 0x1D, 0x68, 0x84, 0x42, 0x8D, 0x80, 0x14, 0x7A, 0xF8, 0x75,
    0x9A, 0xA3, 0x9E, 0x1C, 0x48, 0x32, 0xAE, 0x33, 0xFC, 0x6A, 0x20, 0x73, 0x78, 0xDC, 0x95, 0x72,
    0xF9, 0x37, 0xC1, 0x5A, 0x48, 0x5B, 0xCA, 0xAF, 0x34, 0x83, 0xEA, 0xD3, 0x9E, 0xCA, 0x08, 0x8A,
    0x9B, 0x74, 0x90, 0x87, 0x13, 0xE1, 0x28, 0x66, 0x21, 0x06, 0xE5, 0x85, 0xE1, 0x92, 0x9A, 0x7A,
    0x40, 0x8D, 0x89, 0x60, 0xF8, 0xA6, 0xCD, 0x80, 0x8A, 0x36, 0xF9, 0x53, 0xA2, 0xF7, 0x99, 0xEA,
    0x6D, 0xA9, 0xB8, 0xC5, 0x87, 0xE6, 0x0E, 0x7D, 0x26, 0x92, 0xE7, 0xC5, 0x0A, 0xBB, 0x54, 0x22,
    0x8C, 0xA4, 0x96, 0xCE, 0x89, 0xF0, 0x3F, 0xCC, 0x19, 0xA3, 0x09, 0x4B, 0x91, 0x10, 0xC9, 0x58,
    0x67, 0x9C, 0x8B, 0xD6, 0x9A, 0x3C, 0x3B, 0x45, 0xFA, 0x25, 0x93, 0xCD, 0x2C, 0xA7, 0x2C, 0xB8,
    0x91, 0x39, 0xA0, 0xF1, 0xC0, 0x20, 0x7D, 0x48, 0xFB, 0xDC, 0x95, 0x6C, 0x90, 0xD6, 0x15, 0x39,
    0x6F, 0xA5, 0x58, 0x73, 0xE6, 0xB6, 0x07, 0x4B, 0xCF, 0xBB, 0x3B, 0x95, 0x18, 0x29, 0x4B, 0x29,
    0x3C, 0x47, 0x53, 0x20, 0x94, 0x44, 0x30, 0x48, 0xA2, 0x29, 0xE8, 0xDE, 0xCC, 0x7B, 0x9D, 0xD4,
    0xB7, 0x28, 0xFF, 0xC8, 0xEB, 0x5C, 0x29, 0xBD, 0x2D, 0xFF, 0x02, 0xB6, 0xAE, 0xAA, 0xD4, 0x54,
    0x52, 0x0D, 0x23, 0x3F, 0xC0, 0x89, 0xAB, 0xCE, 0xD9, 0x67, 0x36, 0xB4, 0xD0, 0x0C, 0x17, 0xE4,
    0x43, 0x36, 0xA4, 0xA0, 0xA6, 0x2A, 0xC5, 0x65, 0x89, 0x01, 0x79, 0xB4, 0x78, 0x35, 0xD2, 0x5A,
    0x5A, 0x1A, 0x6F, 0xFF, 0x69, 0xFE, 0xB9, 0x04, 0x7E, 0x5C, 0xFF, 0xB3, 0x7E, 0x42, 0x4B, 0x7B,
    0x27, 0x18, 0xBD, 0xD4, 0x55, 0x13, 0x4A, 0x43, 0x9B, 0xD7, 0x72, 0xB3, 0xC0, 0xA5, 0xC2, 0x38,
    0x9B, 0xA8, 0x95, 0x89, 0xF6, 0x85, 0x1B, 0x1C, 0x7A, 0x1A, 0xC0, 0xEC, 0x2F, 0x22, 0x1D, 0xBF,
    0x4A, 0x42, 0xFF, 0xBB, 0x90, 0xAD, 0xBE, 0x8F, 0x9C, 0xB0, 0x02, 0x30, 0xEF, 0xAB, 0xDA, 0x98,
    0x26, 0xB3, 0xA2, 0x46, 0x28, 0xE6, 0xDC, 0x17, 0xBC, 0x4F, 0x60, 0xBE, 0xB1, 0x5D, 0x59, 0xEB,
    0x3B, 0xDF, 0xA8, 0xD3, 0x96, 0xDA, 0xC9, 0x24, 0xEA, 0xF5, 0x53, 0x57, 0x4B, 0x8D, 0x71, 0xC7,
    0x2D, 0x97, 0xF7, 0x39, 0x4E, 0xCE, 0xCB, 0x96, 0xBE, 0x74, 0x5C, 0x67, 0x59, 0x98, 0x72, 0x58,
    0x36, 0x3C, 0x62, 0xD2, 0xF1, 0x68, 0x79, 0xCF, 0x2E, 0x86, 0x78, 0x79, 0x47, 0x9A, 0x14, 0x65,
    0x3C, 0xE4, 0xA5, 0x25, 0xF5, 0x49, 0xC0, 0xF8, 0x30, 0x9A, 0xD4, 0x44, 0xFD, 0x02, 0xB6, 0xF1,
    0xBA, 0xDD, 0x89, 0x17, 0x2C, 0x65, 0x1B, 0xD5, 0x00, 0xA3, 0xCA, 0xB2, 0xF1, 0xE3, 0x44, 0xA5,
    0xC1, 0x9D, 0xCE, 0x03, 0x4A, 0x80, 0x00, 0x18, 0xE4, 0x8A, 0xE1, 0xB5, 0xA8, 0x62, 0xCF, 0xDC,
    0x13, 0xC2, 0x7F, 0xA6, 0x15, 0x4D, 0x18, 0x84, 0x7C, 0x05, 0x3C, 0x79, 0x30, 0x1A, 0x4B, 0xFB,
    0x2E, 0x63, 0xEB, 0xF5, 0xC9, 0x43, 0x86, 0x2D, 0x01, 0xA4, 0xDA, 0xCA, 0x23, 0xB3, 0x7E, 0xEC,
    0x52, 0xFD, 0x97, 0x42, 0x43, 0x08, 0xA8, 0x1E, 0x04, 0xE4, 0x88, 0xAA, 0x94, 0xD7, 0x1C, 0x09,
    0xD2, 0x49, 0x6D, 0xA3, 0x02, 0x99, 0xD5, 0xD1, 0xBD, 0xE0, 0x11, 0xA4, 0xD9, 0x52, 0xB8, 0x5E,
    0x5E, 0x79, 0xF8, 0x9F, 0x35, 0x4C, 0xEB, 0x81, 0x15, 0xAE, 0xD3, 0x03, 0x08, 0x92, 0xCB, 0xD1,
    0x0C, 0xF9, 0x68, 0xB6, 0xFD, 0x96, 0x42, 0x6E, 0xDC, 0x31, 0x84, 0x3E, 0xFC, 0xBE, 0x96, 0xBE,
    0x64, 0x46, 0x93, 0x6D, 0xF3, 0x82, 0x13, 0x4E, 0xDC, 0xD2, 0x80, 0xD8, 0xB2, 0xE1, 0x10, 0xF8,
    0x00, 0x5C, 0x27, 0xBD, 0x3A, 0xE6, 0x82, 0xB9, 0x80, 0xD0, 0x91, 0x4D, 0xDE, 0xC2, 0x83, 0x3D,
    0xEF, 0x3C, 0xE6, 0x75, 0xD6, 0x60, 0xD8, 0x08, 0x8C, 0x79, 0xD8, 0x9E, 0x18, 0x6C, 0x10, 0x77,
    0x2E, 0x82, 0xD8, 0x98, 0xCC, 0x96, 0x30, 0x99, 0x78, 0xC2, 0xB8, 0xFC, 0xF2, 0x89, 0xE8, 0xFA,
    0xF7, 0xEF, 0x11, 0x41, 0xBF, 0x59, 0x81, 0xC3, 0x38, 0xD1, 0x4C, 0x31, 0xBD, 0x1A, 0xF2, 0xD6,
    0x63, 0xDC, 0x63, 0x8B, 0x8A, 0x5D, 0xEB, 0x14, 0xB2, 0x54, 0x99, 0x2E, 0xDA, 0xF7, 0x1A, 0x35,
    0x29, 0xA0, 0x7C, 0x8A, 0xC0, 0x15, 0xB3, 0xE1, 0x33, 0x73, 0x17, 0x64, 0x50, 0xA7, 0x6C, 0xCC,
    0x89, 0x54, 0x14, 0x4F, 0x39, 0x02, 0x67, 0x4E, 0x14, 0x18, 0x67, 0xE4, 0xAB, 0x59, 0xB7, 0x3B,
    0xE4, 0x9E, 0x19, 0x51, 0x8F, 0x80, 0xA6, 0xE0, 0xF3, 0x49, 0xD4, 0x5C, 0x56, 0xBD, 0x4B, 0x62,
    0xE1, 0xD9, 0x47, 0x37, 0x61, 0x58, 0xCB, 0x6B, 0xD3, 0xFE, 0xFB, 0x37, 0x95, 0xD0, 0x98, 0x08,
    0x73, 0xDE, 0x3F, 0xE1, 0x8F, 0x1C, 0xF8, 0x0F, 0x02, 0x10, 0xEC, 0x48, 0xA3, 0x25, 0xBD, 0x7B,
    0x58, 0x75, 0x95, 0x88, 0x28, 0x30, 0x32, 0x12, 0xBF, 0xE0, 0x2E, 0xDC, 0x99, 0x3F, 0x73, 0x4F,
    0xEB, 0x93, 0x89, 0x07, 0xE5, 0xBC, 0x78, 0x55, 0x8C, 0x10, 0x25, 0x20, 0x98, 0x39, 0xDE, 0x25,
    0x46, 0xBC, 0x68, 0xAC, 0x70, 0xD4, 0x89, 0x21, 0x90, 0x1A, 0xDC, 0xB5, 0x71, 0x0E, 0xAC, 0x1A,
    0x25, 0x54, 0xAC, 0xA3, 0x19, 0x3C, 0xA4, 0x93, 0xB9, 0xB0, 0xB4, 0x1C, 0x7E, 0xA2, 0xC0, 0x6D,
    0x84, 0xED, 0x7E, 0x17, 0xD0, 0x64, 0x25, 0x5A, 0x4C, 0x10, 0x43, 0x84, 0xCB, 0x59, 0x9C, 0x6C,
    0xB3, 0xB5, 0x30, 0x5C, 0x6D, 0xDB, 0x0A, 0xF1, 0x63, 0xB2, 0xAE, 0xDA, 0x64, 0x9D, 0x6C, 0x6C,
    0x53, 0x16, 0x7E, 0x88, 0x02, 0x25, 0x6A, 0x4E, 0xBE, 0xA9, 0x60, 0x41, 0x8B, 0x85, 0x61, 0x93,
    0x0D, 0x1F, 0x43, 0x9F, 0xF7, 0x41, 0x11, 0x45, 0xF8, 0x76, 0x9F, 0x47, 0x15, 0x23, 0xB2, 0x61,
    0xE6, 0x99, 0xAB, 0xA6, 0xBA, 0x23, 0x45, 0x8A, 0xDE, 0x71, 0x48, 0xA1, 0xFE, 0xF0, 0x8A, 0x6A,
    0x44, 0x4F, 0xE0, 0x2A, 0x3D, 0xAC, 0x4F, 0x8C, 0x4E, 0x64, 0x06, 0x88, 0x03, 0x9F, 0x1E, 0x7C,
    0x24, 0x77, 0x9F, 0xA2, 0x7E, 0x75, 0xC9, 0x8E, 0x7B, 0x2E, 0x59, 0xDE, 0xAC, 0x26, 0x75, 0x70,
    0x63, 0x54, 0xC0, 0x36, 0x46, 0x03, 0xD7, 0xDA, 0xCC, 0xB4, 0xB3, 0x67, 0x33, 0xDF, 0xE2, 0x23,
    0x32, 0x46, 0x34, 0x70, 0xD0, 0xB3, 0x81, 0x39, 0x2C, 0x47, 0x2D, 0x67, 0x14, 0x35, 0xF0, 0x87,
    0x1B, 0x1E, 0x8F, 0xD3, 0x0F, 0x62, 0x3E, 0x01, 0xB3, 0x11, 0x68, 0xFB, 0xAD, 0xE2, 0x55, 0xE5,
    0x43, 0xA9, 0x89, 0x05, 0x50, 0x95, 0xD7, 0x83, 0x73, 0x75, 0xF4, 0xA9, 0x84, 0xA2, 0x53, 0x9E,
    0x9B, 0x1C, 0x54, 0xF8, 0x78, 0x72, 0xAA, 0x8A, 0x01, 0x6D, 0x22, 0x40, 0xF7, 0xD2, 0x51, 0xE1,
    0x13, 0x43, 0x1E, 0xC4, 0xF5, 0x5B, 0x84, 0xB2, 0x41, 0xE1, 0xD9, 0xDE, 0xCD, 0x35, 0x88, 0xD4,
    0x5C, 0xD0, 0x44, 0xF4, 0x97, 0x77, 0x51, 0xFA, 0x3B, 0xAD, 0x13, 0xBE, 0x63, 0xDF, 0xDE, 0xCE,
    0x48, 0x8F, 0x40, 0x49, 0x8F, 0xFF, 0xFC, 0xE0, 0x4B, 0x9E, 0xB5, 0x7C, 0xDE, 0xA7, 0x2B, 0xF0,
    0x1F, 0xAB, 0xEE, 0x24, 0xEC, 0x0E, 0x0C, 0x9A, 0xB7, 0xA2, 0x42, 0x59, 0x80, 0x3F, 0xE6, 0x45,
    0xF7, 0x1C, 0x7E, 0x72, 0xC0, 0x18, 0x14, 0x9F, 0x08, 0x8B, 0x87, 0xBB, 0x43, 0x9B, 0x8F, 0xC1,
    0xDE, 0x21, 0xFF, 0x06, 0x7A, 0xD5, 0x0B, 0x0B, 0x54, 0xCF, 0xB6, 0xC6, 0xCC, 0x59, 0x6D, 0x82,
    0x31, 0x47, 0x15, 0xAF, 0xC3, 0xB2, 0x01, 0x9D, 0xAF, 0x78, 0xF4, 0x61, 0xE9, 0xE4, 0x2B, 0x99,
    0x71, 0xFA, 0x80, 0x32, 0xE3, 0x87, 0x31, 0x96, 0x5B, 0x51, 0xB8, 0x26, 0x4C, 0x61, 0x40, 0x46,
    0x6E, 0x9F, 0xBF, 0xCB, 0x58, 0x0E, 0x22, 0x82, 0xB3, 0x84, 0xDB, 0x4F, 0xBB, 0x8D, 0xE5, 0xD6,
    0xD3, 0x67, 0x9D, 0x34, 0x13, 0x39, 0x71, 0xDE, 0x35, 0x6D, 0xDE, 0x67, 0x5C, 0xB7, 0x1B, 0x37,
    0x34, 0xAE, 0x7B, 0x6F, 0x65, 0x5C, 0x37, 0xAB, 0x52, 0x3F, 0x5B, 0xE1, 0x4E, 0xE3, 0x3A, 0x3A,
    0xE4, 0x13, 0xE8, 0x94, 0x4F, 0x9F, 0x7C, 0xC0, 0xE5, 0x63, 0xF8, 0x0C, 0xC0, 0x7C, 0x54, 0xE0,
    0xD8, 0xC3, 0x7B, 0x0D, 0xC1, 0x07, 0x7C, 0xC9, 0x01, 0x29, 0xC0, 0xDE, 0x05, 0x3B, 0x7C, 0xED,
    0xF7, 0x38, 0xDC, 0xEF, 0x05, 0x8E, 0x08, 0x25, 0x17, 0xC1, 0x00, 0x2E, 0xC2, 0x28, 0xE1, 0x16,
    0xE0, 0x08, 0x70, 0x79, 0x0D, 0xEB, 0x5E, 0x19, 0x77, 0x60, 0xF6, 0x47, 0xE5, 0x81, 0xDB, 0xA7,
    0xA4, 0xBB, 0xB7, 0x42, 0x88, 0x95, 0x2C, 0x65, 0x76, 0x2C, 0xA1, 0x2E, 0xE2, 0xB5, 0x6C, 0x8B,
    0x50, 0x6A, 0x72, 0xF0, 0x41, 0x58, 0x06, 0xC7, 0xD2, 0x80, 0x21, 0x2F, 0x92, 0x9B, 0x6C, 0x54,
    0xB6, 0xA2, 0x9C, 0x38, 0x8E, 0xE5, 0x89, 0x9D, 0x9C, 0xC8, 0xC9, 0xFD, 0xD3, 0x91, 0x3E, 0xAB,
    0x3F, 0xAF, 0xFA, 0x48, 0x15, 0x7C, 0x8D, 0x96, 0x77, 0xA2, 0xED, 0x18, 0xD3, 0x76, 0xAA, 0xA3,
    0x93, 0x1D, 0x70, 0x4A, 0xE6, 0xF6, 0xCD, 0x3E, 0xAD, 0x0F, 0xE6, 0x14, 0xB2, 0xF1, 0x4C, 0x8D,
    0x54, 0xD5, 0xEB, 0xDF, 0x51, 0x76, 0xAA, 0xB4, 0xCB, 0x77, 0xB1, 0x0C, 0x8E, 0x65, 0x43, 0xFE,
    0x9A, 0xB4, 0xE4, 0x22, 0xEF, 0x1C, 0xF7, 0xF7, 0xE0, 0xAE, 0x74, 0xFB, 0x57, 0x1D, 0xAF, 0xDF,
    0xE7, 0x55, 0x15, 0x38, 0xE0, 0xFC, 0x3B, 0xFA, 0x39, 0xE1, 0xE8, 0x64, 0x67, 0x37, 0x27, 0x81,
    0x71, 0x40, 0x09, 0xA7, 0xEE, 0xE7, 0x0D, 0x81, 0x9E, 0x2A, 0x1E, 0xE2, 0x05, 0xC2, 0x67, 0x17,
    0x88, 0xB7, 0xC3, 0x24, 0x15, 0xD8, 0x22, 0x04, 0x6C, 0xAF, 0xE8, 0x05, 0x07, 0xC8, 0x8E, 0xE1,
    0x9C, 0x6B, 0x35, 0x46, 0x14, 0x07, 0xEC, 0xE9, 0xEC, 0x35, 0xF7, 0xE3, 0x41, 0xE9, 0xE3, 0xBF,
    0x05, 0xDC, 0x15, 0x4A, 0x64, 0x04, 0x30, 0xA2, 0x3C, 0x5A, 0xD2, 0x50, 0x26, 0x4F, 0x91, 0xF4,
    0x0C, 0xEC, 0x8B, 0x4A, 0x17, 0x14, 0x11, 0xAE, 0x6B, 0x1C, 0xB4, 0x91, 0x3F, 0x0C, 0x35, 0x5E,
    0xEC, 0x37, 0x54, 0x41, 0xF2, 0x26, 0xBB, 0x81, 0x88, 0x8B, 0xF6, 0x42, 0xCA, 0x95, 0x32, 0x59,
    0x47, 0x22, 0x13, 0x61, 0x13, 0x74, 0xD2, 0xD1, 0x46, 0xA0, 0x1A, 0x38, 0x18, 0x6A, 0x98, 0x39,
    0x2D, 0xCE, 0x44, 0xB5, 0x46, 0x38, 0xB2, 0x02, 0x09, 0xA8, 0x33, 0x15, 0xFF, 0xB4, 0x42, 0xA4,
    0x06, 0x69, 0x57, 0xDC, 0x41, 0xAC, 0x13, 0x6B, 0x45, 0xF2, 0x66, 0x80, 0xF0, 0x6B, 0x2B, 0xA5,
    0x50, 0xC4, 0x14, 0x9A, 0x33, 0x55, 0x3E, 0x9E, 0xB8, 0xC7, 0x78, 0x93, 0x8E, 0x07, 0x28, 0xCC,
    0xFA, 0xD6, 0x29, 0x2D, 0x71, 0xFB, 0x80, 0x07, 0xAE, 0x80, 0x9B, 0xEC, 0x49, 0x14, 0xFF, 0x3A,
    0xBF, 0x66, 0x7C, 0xC0, 0x78, 0xC1, 0xC9, 0x54, 0xF2, 0x03, 0x48, 0x2A, 0x44, 0x9E, 0x72, 0x8D,
    0x6C, 0xA0, 0x67, 0x81, 0xA8, 0x10, 0xB0, 0xE0, 0x58, 0x73, 0x56, 0xCD, 0x7D, 0x58, 0xCD, 0x87,
    0x9C, 0x0E, 0xB3, 0x69, 0x5F, 0xA9, 0xE4, 0x95, 0xE2, 0x6C, 0x9A, 0xDB, 0x68, 0x73, 0x9F, 0xA2,
    0xF5, 0xD4, 0xC2, 0x9A, 0x78, 0xDA, 0xD6, 0x6B, 0x84, 0xF8, 0x3F, 0xD5, 0x9A, 0x01, 0xA4, 0x25,
    0x59, 0x7A, 0xC7, 0x7F, 0x75, 0xAA, 0xF7, 0x55, 0x4C, 0xB1, 0xA7, 0xD1, 0x24, 0xDB, 0x63, 0x53,
    0x23, 0x06, 0xC9, 0xDA, 0x4C, 0xC1, 0x02, 0x66, 0xBB, 0x6A, 0x0D, 0x00, 0x0C, 0x04, 0x80, 0x20,
    0x18, 0x03, 0x0D, 0x8B, 0x41, 0xA4, 0x6A, 0x66, 0xB1, 0x08, 0xF2, 0x40, 0x02, 0xC8, 0xC3, 0x60,
    0x76, 0x61, 0x20, 0x98, 0x30, 0xDB, 0x75, 0x66, 0x06, 0x8B, 0x60, 0x6B, 0x22, 0x11, 0x04, 0x2A,
    0xB1, 0x09, 0xB2, 0x98, 0xB3, 0x3B, 0x57, 0x52, 0xE9, 0xAD, 0x5B, 0xFF, 0xDC, 0xAF, 0x4A, 0xDD,
    0x77, 0x77, 0xB4, 0xE9, 0x24, 0xA6, 0xDF, 0xBB, 0x7D, 0x5C, 0xBF, 0xE3, 0xDE, 0xAA, 0xF7, 0xFA,
    0xAB, 0xDF, 0xF9, 0xEA, 0x9E, 0xFF, 0xBD, 0xFD, 0xA0, 0x8C, 0x00, 0xD5, 0x6E, 0xE1, 0x64, 0xEC,
    0x16, 0x6A, 0x6F, 0xFC, 0x4C, 0x80, 0xFB, 0x85, 0x31, 0xFD, 0x44, 0x2D, 0x64, 0x9F, 0x28, 0x40,
    0xFE, 0x8E, 0xD1, 0x27, 0x1A, 0xA0, 0x40, 0x11, 0x5E, 0xA1, 0x3B, 0xF0, 0xC1, 0x1F, 0x75, 0x23,
    0x34, 0xD2, 0x04, 0x9D, 0xB4, 0x87, 0x48, 0x31, 0x93, 0x44, 0xBC, 0x48, 0x07, 0x72, 0xD5, 0x99,
    0x31, 0x48, 0x48, 0xD3, 0x4A, 0x38, 0x1D, 0x7F, 0xB0, 0x50, 0x2D, 0xE0, 0x14, 0x80, 0x74, 0x61,
    0xB2, 0x90, 0x3F, 0x33, 0x74, 0x33, 0xE4, 0x52, 0x4F, 0x39, 0x74, 0x91, 0x6A, 0xA8, 0x46, 0x9A,
    0xBE, 0x9C, 0xA8, 0xC2, 0x01, 0x2F, 0x70, 0x00, 0x17, 0x9A, 0x48, 0x74, 0x80, 0x1F, 0xED, 0xC0,
    0x70, 0x40, 0x67, 0xA7, 0x28, 0x18, 0x06, 0xC3, 0xAC, 0xB9, 0x6D, 0xF4, 0x33, 0x0D, 0xA5, 0x32,
    0xB5, 0xEE, 0x5D, 0xDE, 0x60, 0x1D, 0xEE, 0x12, 0x28, 0xC6, 0xCD, 0xC7, 0x82, 0x72, 0x04, 0xF2,
    0x01, 0xE0, 0x8E, 0x81, 0x32, 0x2C, 0x8C, 0x6C, 0x07, 0x71, 0xD3, 0xC2, 0x91, 0xE3, 0x99, 0x09,
    0xDB, 0x38, 0x0B, 0xCD, 0x4B, 0xE1, 0xBE, 0x37, 0xEC, 0x80, 0x62, 0x3A, 0x16, 0x6D, 0x48, 0x47,
    0x20, 0x1B, 0x8E, 0x65, 0x3F, 0x73, 0xD1, 0xC9, 0xC2, 0x22, 0x18, 0xAB, 0x1E, 0xFC, 0xD0, 0x05,
    0xA8, 0xC6, 0x19, 0xD0, 0xFC, 0x12, 0xA4, 0xB3, 0x5A, 0x7B, 0xB9, 0x18, 0xE0, 0xEB, 0x24, 0xFD,
    0x39, 0xB9, 0x04, 0x77, 0xAC, 0xBE, 0x0A, 0x5C, 0x5C, 0x76, 0x81, 0x62, 0x37, 0x43, 0xB3, 0xFF,
    0x3E, 0x48, 0x35, 0xE9, 0x54, 0xF5, 0xF8, 0x3E, 0x8B, 0x38, 0xB8, 0x7C, 0xD6, 0x42, 0x13, 0xC0,
    0x5C, 0x2D, 0xDC, 0x19, 0xF3, 0xC9, 0x9E, 0xB9, 0xA9, 0x1A, 0x81, 0x97, 0x35, 0x73, 0xD6, 0x42,
    0xEF, 0x01, 0xCC, 0x06, 0x19, 0xBA, 0xB7, 0xDF, 0x85, 0xF2, 0xA7, 0x7B, 0x48, 0xFF, 0x5A, 0x35,
    0x54, 0xEA, 0x41, 0x7E, 0x47, 0xBA, 0x4B, 0x26, 0x68, 0x79, 0x79, 0xAB, 0x5C, 0x2D, 0x4E, 0xDA,
    0x91, 0x9B, 0x2D, 0x3F, 0xFA, 0x99, 0x62, 0x97, 0x0B, 0x1F, 0x0F, 0x70, 0xED, 0x01, 0x24, 0x9D,
    0x96, 0x72, 0x48, 0x67, 0x3B, 0x30, 0x1E, 0x50, 0xDA, 0x29, 0x55, 0x34, 0x8C, 0x06, 0x75, 0xBA,
    0x2A, 0xF4, 0xB9, 0xC6, 0x5C, 0x1F, 0x69, 0xE0, 0x47, 0xDC, 0xE7, 0x38, 0xDC, 0xB8, 0x50, 0x2B,
    0x5B, 0x80, 0x87, 0x8B, 0xC5, 0xD2, 0xEA, 0x1A, 0x1F, 0x01, 0x9A, 0xFF, 0x18, 0xB2, 0xB3, 0xEE,
    0x56, 0xAE, 0xFD, 0x86, 0x0D, 0x45, 0xCF, 0xC5, 0x65, 0xDE, 0x53, 0xEC, 0xCA, 0x40, 0xB3, 0x7F,
    0x70, 0x1B, 0x7D, 0xBB, 0x49, 0x9E, 0xBF, 0x37, 0x40, 0x2E, 0x1D, 0xE8, 0xB5, 0x5C, 0xBA, 0x13,
    0xC7, 0x51, 0x0C, 0x47, 0x6D, 0x4E, 0x02, 0xFC, 0xD8, 0xF4, 0x07, 0xB6, 0xD9, 0x59, 0x69, 0xFE,
    0x5B, 0xAE, 0x48, 0xF5, 0x1F, 0x71, 0xBD, 0x10, 0xFF, 0xCF, 0x0A, 0x5C, 0xF0, 0xE6, 0xF6, 0xB6,
    0x6A, 0x92, 0x90, 0x20, 0x9D, 0xBB, 0x80, 0x1F, 0xF2, 0x1B, 0x35, 0x8C, 0x1F, 0x8C, 0xD5, 0x68,
    0x7C, 0xC2, 0xBB, 0x81, 0xDB, 0x4C, 0x3E, 0x97, 0x89, 0x20, 0xA9, 0x01, 0x1F, 0xB7, 0xBD, 0xB8,
    0xD9, 0x6F, 0xAA, 0xC7, 0x32, 0x90, 0xF5, 0xD9, 0x80, 0x83, 0x16, 0xB8, 0xFD, 0xF8, 0x00, 0x1C,
    0xCB, 0x46, 0x06, 0xB7, 0x30, 0xDD, 0xB3, 0x5D, 0x83, 0xCB, 0xDF, 0xA9, 0xC1, 0x87, 0x2C, 0x40,
    0xF6, 0xDF, 0xDD, 0x81, 0xA9, 0x74, 0xBD, 0x0E, 0x17, 0x97, 0x9C, 0xD5, 0x5A, 0xFD, 0x0E, 0x40,
    0x63, 0x50, 0x0D, 0x4E, 0xDB, 0xC5, 0xE4, 0x11, 0xDC, 0x0F, 0xDE, 0x6E, 0x6D, 0x01, 0xFA, 0xB5,
    0xEB, 0x13, 0xA9, 0x66, 0x5D, 0x9E, 0xA4, 0xE6, 0x86, 0x5A, 0x3F, 0x19, 0x37, 0xBF, 0x9B, 0x6B,
    0xD4, 0x1E, 0x33, 0x9C, 0x4B, 0x3F, 0x7E, 0x8E, 0x64, 0xBF, 0x7C, 0xB2, 0x4F, 0x6E, 0xD7, 0x51,
    0x05, 0x60, 0xD9, 0xEC, 0xDF, 0xF9, 0xF4, 0x36, 0x65, 0x3F, 0x3D, 0x18, 0x73, 0x91, 0xFF, 0x6B,
    0x0D, 0xF9, 0x47, 0xB9, 0xC9, 0x7E, 0x6C, 0xB2, 0xDD, 0xD9, 0xCA, 0xDE, 0x02, 0xF3, 0x60, 0x18,
    0xB7, 0xC0, 0x9C, 0x1C, 0x91, 0x45, 0x70, 0xDF, 0x4B, 0xCC, 0x78, 0xDA, 0x93, 0x3E, 0x7E, 0x7F,
    0x31, 0xDE, 0x42, 0x33, 0x2F, 0x97, 0x72, 0x03, 0xC6, 0xFF, 0x84, 0x16, 0x52, 0xFD, 0xD5, 0xBA,
    0x6B, 0xF6, 0x07, 0x7E, 0xA6, 0x00, 0x5F, 0xE7, 0x11, 0x90, 0x90, 0x00, 0x79, 0xBB, 0x36, 0xF6,
    0xC3, 0x93, 0xC6, 0xDE, 0x9F, 0xA1, 0xEB, 0x47, 0x0C, 0xA4, 0xFA, 0xF5, 0xB6, 0x77, 0xFE, 0x50,
    0x81, 0x84, 0x6F, 0x80, 0xAB, 0x57, 0xC3, 0x03, 0xE9, 0xFC, 0xFE, 0x8D, 0xF7, 0xF4, 0x05, 0xAE,
    0x86, 0x3C, 0xDC, 0x74, 0xBF, 0xDE, 0xC0, 0xAE, 0xB9, 0xA9, 0x0D, 0xA6, 0x76, 0xE7, 0x03, 0x4E,
    0x6A, 0x41, 0x3A, 0xDE, 0xB7, 0x70, 0x06, 0x1B, 0xA6, 0x24, 0x0D, 0x86, 0xF8, 0xA2, 0xDA, 0x3C,
    0x66, 0x6A, 0x33, 0x43, 0x7A, 0x04, 0x1C, 0xF0, 0x81, 0x61, 0x3A, 0xE0, 0x1F, 0x0D, 0x3A, 0xA2,
    0xBD, 0xC6, 0x3D, 0x03, 0x86, 0x64, 0x3C, 0xC0, 0x19, 0xD2, 0x31, 0x37, 0x48, 0xD2, 0x6E, 0xC1,
    0x17, 0x05, 0x26, 0x6A, 0x57, 0x71, 0x86, 0x4D, 0x9E, 0xB9, 0x2B, 0x67, 0x70, 0xA6, 0x24, 0xDF,
    0xFB, 0x91, 0x62, 0xCC, 0x26, 0xAA, 0x98, 0xCE, 0x74, 0x31, 0x15, 0x8A, 0x99, 0x90, 0xB4, 0x21,
    0x02, 0x2B, 0x76, 0x40, 0x33, 0x71, 0x87, 0x4A, 0x75, 0x49, 0x21, 0xED, 0xAD, 0xD2, 0x11, 0x3A,
    0xF5, 0x70, 0xF1, 0x2E, 0xAC, 0x23, 0xB9, 0x02, 0xF2, 0x09, 0xF0, 0xF3, 0x11, 0x7B, 0xC0, 0xED,
    0x00, 0xEA, 0x27, 0xA7, 0xF9, 0xED, 0xF3, 0x28, 0xC0, 0x5D, 0x03, 0x37, 0xEE, 0x2F, 0x01, 0xC8,
    0x07, 0xC3, 0x64, 0x98, 0x81, 0xA4, 0x03, 0x78, 0x00, 0x24, 0x7B, 0x20, 0x3D, 0xB5, 0xFC, 0x2C,
    0x4D, 0x5E, 0x5C, 0x5E, 0x40, 0x39, 0xF9, 0x9A, 0x46, 0x02, 0x19, 0x76, 0xE5, 0x04, 0x77, 0xDD,
    0xD5, 0xAD, 0xC8, 0xF9, 0x06, 0x77, 0x41, 0xFD, 0x07, 0x38, 0x7B, 0x96, 0x4A, 0x91, 0xF4, 0x53,
    0xF5, 0xB8, 0xB6, 0xAC, 0x6F, 0x46, 0x09, 0x70, 0x0F, 0x58, 0xF7, 0x07, 0x41, 0x97, 0xCE, 0x38,
    0xFD, 0x74, 0x47, 0xAE, 0x5F, 0xD6, 0x94, 0xBF, 0x9E, 0xA0, 0xAB, 0x3B, 0xF8, 0x3E, 0xF9, 0xAD,
    0x18, 0xDA, 0x92, 0xFC, 0x00, 0x14, 0x11, 0x77, 0x55, 0xF5, 0xE4, 0x53, 0x53, 0x53, 0xEA, 0x55,
    0xE8, 0x14, 0x70, 0x73, 0x11, 0x49, 0xA3, 0x1B, 0x71, 0x35, 0x2F, 0x3D, 0x6B, 0x61, 0x77, 0x00,
    0x2A, 0x43, 0x17, 0x80, 0x6A, 0xE8, 0xC0, 0xFF, 0x4A, 0x01, 0xFE, 0x5C, 0x91, 0xDB, 0x17, 0xF6,
    0x5B, 0xC7, 0xFA, 0x9A, 0xA5, 0xBE, 0xFE, 0xBD, 0xA5, 0x3E, 0x70, 0x7F, 0xA7, 0x00, 0xA5, 0x22,
    0x74, 0x3F, 0x9C, 0xC0, 0x36, 0x58, 0x2E, 0x59, 0xCE, 0x07, 0x72, 0xB5, 0xD0, 0x69, 0x87, 0xD3,
    0x6B, 0x33, 0xD9, 0x9C, 0x08, 0x3F, 0xA1, 0xB6, 0x3C, 0x20, 0x54, 0x53, 0x72, 0x80, 0xB4, 0x61,
    0x02, 0x56, 0xEC, 0x81, 0x42, 0x24, 0x78, 0xF5, 0x79, 0xC8, 0x24, 0xD5, 0x89, 0x34, 0x43, 0x69,
    0x2E, 0x93, 0x1F, 0x71, 0x1C, 0xBE, 0x37, 0x8C, 0x86, 0x2D, 0x30, 0x75, 0x4C, 0x38, 0x7D, 0x62,
    0xBD, 0xF6, 0xAB, 0xF3, 0xE8, 0xB5, 0xBB, 0x00, 0x55, 0x0D, 0x34, 0xBD, 0x21, 0x02, 0xB9, 0x75,
    0x5D, 0x1A, 0xC9, 0xA7, 0x62, 0xA0, 0x54, 0x51, 0xDF, 0x7C, 0xD7, 0x6D, 0x0A, 0x47, 0x0F, 0x95,
    0x64, 0x07, 0x66, 0xF8, 0x9B, 0x62, 0x04, 0xA8, 0x01, 0x1D, 0x90, 0x2E, 0x91, 0x41, 0x23, 0x34,
    0x7F, 0x2F, 0x78, 0x8B, 0xF2, 0x56, 0x24, 0xBE, 0xC2, 0x77, 0x48, 0xF4, 0x78, 0x64, 0x7D, 0x37,
    0xFB, 0x77, 0x0D, 0xB8, 0xFA, 0x7E, 0x0D, 0x6E, 0xB7, 0x6D, 0x59, 0x8D, 0x5A, 0x12, 0x75, 0x91,
    0x74, 0x97, 0xDD, 0xA4, 0x3F, 0xBA, 0x2D, 0xFA, 0xE4, 0x5F, 0xBC, 0x57, 0x3D, 0xC0, 0xD9, 0x66,
    0x0B, 0x5E, 0x07, 0xD2, 0xE3, 0xBD, 0x53, 0x0A, 0x68, 0xBA, 0x00, 0x7B, 0x3F, 0x58, 0x13, 0x46,
    0x68, 0x97, 0x73, 0xB8, 0xF5, 0x20, 0x82, 0x9B, 0x70, 0x22, 0x55, 0x4B, 0x79, 0x78, 0xD4, 0xCC,
    0x6B, 0xF5, 0x6B, 0x28, 0x9D, 0x5E, 0x54, 0x6F, 0x52, 0xFF, 0x2F, 0x8F, 0x5C, 0xED, 0xFA, 0xB3,
    0xD4, 0xD8, 0xED, 0x26, 0x9C, 0x5A, 0x1E, 0x06, 0x7C, 0x4B, 0x53, 0xB3, 0x67, 0x1D, 0xE4, 0xF5,
    0x85, 0xDA, 0x4A, 0x6D, 0xA3, 0x36, 0x7D, 0xDA, 0xA3, 0xD2, 0xEE, 0xF0, 0xF8, 0x0A, 0x4A, 0x5A,
    0xC7, 0x7B, 0xA4, 0x22, 0x53, 0x6D, 0x8B, 0x2C, 0xD8, 0xAF, 0xAF, 0x98, 0x84, 0xED, 0x95, 0xFF,
    0x7F, 0x91, 0xAC, 0xE3, 0x0D, 0x9C, 0xD8, 0x0E, 0xD5, 0xFC, 0x04, 0xB8, 0x7F, 0x09, 0xE4, 0x52,
    0x0D, 0x8D, 0x14, 0x71, 0x4B, 0xB4, 0xCE, 0x65, 0x0F, 0xBF, 0xB7, 0x93, 0xCB, 0xC9, 0x5E, 0xAC,
    0x26, 0x12, 0x0D, 0xCD, 0x08, 0x8A, 0xDD, 0x42, 0xED, 0x9E, 0x4C, 0x3B, 0xBA, 0x71, 0xFD, 0xA9,
    0x03, 0x9D, 0x42, 0xB1, 0xFC, 0xB6, 0xF5, 0x37, 0xA7, 0x0A, 0xC5, 0x04, 0xDD, 0x63, 0x45, 0xF0,
    0x52, 0x0D, 0xBC, 0x79, 0xC9, 0x71, 0xBC, 0x50, 0x1B, 0xAB, 0xC1, 0xD8, 0x45, 0xA3, 0x16, 0x36,
    0x0B, 0x8B, 0x16, 0x28, 0xE7, 0x9A, 0x44, 0x8A, 0xE4, 0xB3, 0xDF, 0x53, 0x4C, 0xA9, 0xA8, 0x76,
    0xA9, 0x42, 0x17, 0x9D, 0x82, 0x62, 0xA2, 0xDE, 0x30, 0x28, 0xB2, 0xC1, 0x9E, 0x76, 0x76, 0xA0,
    0xB1, 0x53, 0xAA, 0x31, 0x55, 0xEB, 0xA7, 0xCC, 0x9C, 0xBF, 0x3F, 0x3D, 0xB5, 0x43, 0x75, 0xDA,
    0xA1, 0x5B, 0x0E, 0xAE, 0xDA, 0x85, 0xF1, 0x9A, 0xD9, 0x09, 0x7D, 0x30, 0xDE, 0x81, 0xF3, 0xD3,
    0x9C, 0xAC, 0x55, 0x1A, 0x26, 0x20, 0x17, 0x40, 0x67, 0xA8, 0x80, 0xE4, 0x0B, 0x1F, 0x09, 0x78,
    0xD6, 0xBA, 0xBF, 0x76, 0x62, 0xB3, 0x0B, 0x50, 0x06, 0xD5, 0xD0, 0xFD, 0x72, 0x0F, 0x4E, 0xD3,
    0x25, 0xE4, 0x8F, 0x05, 0x94, 0x7D, 0x19, 0xE0, 0x9B, 0xA4, 0xE1, 0xEC, 0x8C, 0x6E, 0x11, 0x33,
    0x8F, 0x80, 0x8F, 0x24, 0x57, 0xD5, 0x40, 0x3E, 0x55, 0x2D, 0x85, 0xBE, 0x0D, 0x8D, 0x02, 0xC9,
    0xBA, 0xD9, 0x27, 0x93, 0x9D, 0xF9, 0xD2, 0xB3, 0xD6, 0x7A, 0xFA, 0xDF, 0xA0, 0x65, 0x34, 0xFA,
    0xD1, 0xEC, 0xA5, 0x63, 0x17, 0x81, 0xDF, 0xD3, 0xC4, 0x73, 0xA0, 0x75, 0x0D, 0xA2, 0xB5, 0x21,
    0x18, 0x86, 0x37, 0xD6, 0x20, 0x4A, 0xF2, 0x4F, 0x0A, 0x50, 0x28, 0x42, 0xB3, 0x06, 0xD1, 0x06,
    0x5E, 0x3F, 0x09, 0xA2, 0x97, 0xD0, 0x68, 0xC2, 0xE9, 0x07, 0xAA, 0x33, 0xA1, 0xE0, 0xF7, 0x28,
    0x96, 0x13, 0x9D, 0x15, 0xD1, 0xEC, 0x0C, 0xE3, 0x01, 0xD5, 0x11, 0xCD, 0x58, 0xDA, 0x81, 0xC2,
    0x4E, 0xF1, 0x33, 0x1A, 0x52, 0x25, 0x0A, 0x89, 0x7E, 0xA1, 0x27, 0x04, 0x51, 0xD2, 0xDD, 0xC2,
    0x79, 0xA1, 0x8C, 0x34, 0x40, 0x19, 0x2A, 0xA0, 0x8B, 0xD3, 0xB1, 0x73, 0xE7, 0x33, 0x57, 0x7C,
    0x1D, 0x58, 0x0D, 0x83, 0x21, 0x02, 0x59, 0x24, 0x59, 0x03, 0xAB, 0x1F, 0x28, 0xE4, 0xDB, 0x93,
    0x1E, 0xDE, 0xB9, 0x9B, 0xE9, 0x61, 0x60, 0x95, 0x6C, 0xDA, 0xBC, 0x74, 0x60, 0x29, 0xB5, 0xF0,
    0xDD, 0x6C, 0x3E, 0x29, 0xBC, 0x67, 0x8B, 0x1E, 0x99, 0x66, 0xA0, 0xDC, 0x75, 0x01, 0x7E, 0x97,
    0xFC, 0x0C, 0x65, 0xBF, 0x52, 0xBF, 0x0C, 0x7A, 0x3C, 0x91, 0x4A, 0x3B, 0xD6, 0x60, 0xDB, 0x5E,
    0x07, 0xDB, 0x19, 0xA8, 0x8E, 0xC1, 0x76, 0x34, 0xCF, 0xED, 0x8D, 0x79, 0xA6, 0x0C, 0xC7, 0xFD,
    0xD6, 0x69, 0xE2, 0x37, 0x9B, 0xF7, 0x0F, 0x49, 0xC3, 0x73, 0x9C, 0x17, 0x4E, 0xE3, 0xEF, 0xFE,
    0x37, 0xE3, 0x6F, 0x3E, 0xE0, 0x4E, 0xE3, 0xEF, 0xAD, 0x87, 0x0B, 0xEE, 0x2C, 0xEC, 0x0C, 0xA9,
    0x8C, 0x5E, 0xEE, 0x12, 0xAA, 0xD1, 0x47, 0xE8, 0x5A, 0xE3, 0x77, 0xC8, 0xA3, 0xAD, 0x86, 0xDD,
    0xA2, 0xD2, 0x6B, 0x03, 0x8D, 0xF4, 0x5F, 0xC1, 0x56, 0x43, 0xB7, 0xB8, 0x1A, 0x3E, 0x00, 0xE5,
    0x00, 0x34, 0x06, 0x05, 0x70, 0xB3, 0xBB, 0x24, 0xDD, 0xF9, 0x48, 0x16, 0x0E, 0x80, 0xDC, 0x90,
    0x46, 0xCA, 0xF9, 0xB5, 0x98, 0x58, 0xD1, 0x07, 0xC7, 0xAA, 0xBF, 0x4A, 0xC7, 0x49, 0x0D, 0x90,
    0x47, 0x36, 0xAD, 0xE4, 0xAA, 0xDD, 0x25, 0x89, 0x7A, 0xAB, 0xA0, 0x88, 0x46, 0xAE, 0xCE, 0x50,
    0xE0, 0x4F, 0x00, 0xB4, 0x20, 0x00, 0x4D, 0x8F, 0x95, 0x6B, 0x02, 0x97, 0xA5, 0xFF, 0xD0, 0x70,
    0xF7, 0x19, 0x0B, 0xFC, 0xF2, 0x78, 0xEB, 0x2E, 0x8D, 0xDE, 0xEA, 0x0E, 0xC6, 0x3B, 0x3C, 0x45,
    0xE3, 0x99, 0xC5, 0x5B, 0x6B, 0x83, 0xBD, 0x8F, 0xB8, 0xDD, 0x01, 0xD4, 0x37, 0xD0, 0x8C, 0xEF,
    0x26, 0x2D, 0xE4, 0x4A, 0x7B, 0x28, 0xA4, 0x8F, 0x2F, 0xA9, 0xA4, 0x9F, 0x45, 0xBE, 0x9B, 0xCB,
    0x47, 0xEE, 0xF0, 0xDE, 0x19, 0xFA, 0x5B, 0xBE, 0x51, 0xEE, 0xFA, 0xB7, 0x48, 0x34, 0x8F, 0xA4,
    0xD2, 0x7F, 0x5E, 0xA6, 0x9F, 0xEA, 0xB3, 0xE8, 0xDA, 0xF2, 0x2F, 0x6E, 0xE6, 0x16, 0x06, 0xDC,
    0xA5, 0xD1, 0xC7, 0x6B, 0x3E, 0xDD, 0xD4, 0xF9, 0xEE, 0x3F, 0xDB, 0x05, 0xF9, 0x68, 0xB8, 0x31,
    0x89, 0x4F, 0xD9, 0x6B, 0x2A, 0x09, 0x69, 0x9B, 0x32, 0xFD, 0x1B, 0xBF, 0xFD, 0x73, 0x9C, 0x7A,
    0xD2, 0xFE, 0xAB, 0x9E, 0x06, 0xB2, 0x40, 0xA2, 0x48, 0x1E, 0x40, 0x11, 0x1F, 0xA0, 0x9B, 0xA8,
    0x6A, 0xA8, 0xF4, 0x97, 0x6B, 0x69, 0x9A, 0x00, 0x27, 0x0D, 0x00, 0xF7, 0x4F, 0xE3, 0x36, 0xC9,
    0x7A, 0x41, 0xD9, 0xDE, 0x88, 0xD7, 0xE9, 0x94, 0xCF, 0x46, 0xDC, 0x68, 0x7C, 0xD3, 0x4E, 0x6D,
    0xE4, 0x34, 0xD1, 0x29, 0x3D, 0x30, 0x17, 0xD5, 0x48, 0xF6, 0xA5, 0xCC, 0x9F, 0xC0, 0x7A, 0x39,
    0xFA, 0xB1, 0x96, 0x1B, 0x40, 0x13, 0x4E, 0x2A, 0xD5, 0xA2, 0xC9, 0xF8, 0x42, 0xFB, 0xB5, 0x9A,
    0x6D, 0xDC, 0x5F, 0xD8, 0xF5, 0x46, 0xC5, 0x8D, 0xDB, 0x2B, 0x65, 0x6D, 0x64, 0x25, 0xFB, 0x85,
    0xA8, 0x35, 0x26, 0x0A, 0x00, 0x14, 0xA7, 0x13, 0x0D, 0xD7, 0xE1, 0x16, 0xE0, 0x39, 0x5A, 0xA6,
    0x47, 0x0B, 0xBB, 0x60, 0x5C, 0x0F, 0xBF, 0xB8, 0x30, 0x5D, 0x58, 0x06, 0x63, 0x55, 0x73, 0x32,
    0x6E, 0x7E, 0xC5, 0x5E, 0x5F, 0x98, 0x8D, 0x46, 0x8A, 0xC9, 0xB5, 0x40, 0xB3, 0xF3, 0x03, 0x5B,
    0x3E, 0x48, 0xF7, 0xD8, 0xE4, 0x5A, 0xF2, 0x08, 0x40, 0xDE, 0xAF, 0xE6, 0xDB, 0x65, 0x1A, 0xD7,
    0x05, 0xE8, 0xCF, 0x6D, 0x01, 0x26, 0xB0, 0xDA, 0x8D, 0xF9, 0x94, 0x00, 0x7E, 0xF4, 0x03, 0x54,
    0x83, 0x8F, 0xD0, 0xD4, 0xC6, 0x0F, 0xC9, 0x2D, 0x40, 0xAC, 0xCB, 0x41, 0x1A, 0x4C, 0x7D, 0x57,
    0xDF, 0x94, 0xFA, 0x3B, 0x9C, 0xA4, 0x0A, 0x9A, 0x68, 0x86, 0xA9, 0x26, 0xAC, 0xCA, 0x5C, 0xE6,
    0x7C, 0x0B, 0xB7, 0x64, 0xCF, 0x93, 0x7A, 0x1F, 0x8C, 0x45, 0x64, 0x71, 0x4E, 0x02, 0xF9, 0x72,
    0x51, 0x4E, 0x5C, 0xAB, 0xF7, 0x6D, 0x7E, 0x60, 0x72, 0x4B, 0xEA, 0x59, 0x40, 0xB2, 0x37, 0xE2,
    0x54, 0xAF, 0x53, 0x70, 0x2D, 0x50, 0x06, 0x3F, 0xD8, 0xB4, 0xAA, 0x7F, 0xC4, 0x32, 0xDD, 0x7D,
    0xCA, 0x0A, 0x9C, 0xFF, 0xBB, 0x4F, 0xB2, 0xBC, 0xFB, 0xF8, 0x01, 0xD2, 0xE5, 0x16, 0x28, 0x83,
    0xB1, 0x5A, 0x23, 0xDF, 0xED, 0xAC, 0x83, 0x4D, 0x00, 0xD5, 0xE8, 0xCD, 0x7C, 0x27, 0x59, 0x79,
    0xD2, 0x6C, 0x95, 0xC5, 0x72, 0xB2, 0xE9, 0x75, 0x77, 0xF5, 0x1C, 0x99, 0x4F, 0x2E, 0x13, 0xC0,
    0x4F, 0xF9, 0xDB, 0x50, 0xAA, 0xF3, 0x03, 0x95, 0xE4, 0x23, 0xAF, 0x16, 0xFB, 0x03, 0x7F, 0xDF,
    0xED, 0x6E, 0xD3, 0x36, 0x60, 0x9A, 0x01, 0x3F, 0xAC, 0x53, 0x3C, 0x9D, 0x9E, 0x23, 0xCD, 0xA7,
    0x61, 0x6E, 0x8B, 0x73, 0xE0, 0x67, 0x4E, 0xA7, 0xBD, 0x11, 0xB7, 0xDB, 0xCE, 0xDD, 0xAE, 0xDC,
    0x18, 0xAF, 0xF9, 0x94, 0x15, 0x39, 0x93, 0xBC, 0x74, 0xCF, 0x80, 0x56, 0x86, 0xEB, 0x73, 0xCA,
    0xC9, 0x98, 0xC8, 0xC8, 0x37, 0x17, 0x02, 0x9D, 0x66, 0xAF, 0x41, 0x0B, 0x0B, 0xFD, 0x43, 0xF2,
    0xA8, 0x4E, 0xD5, 0x63, 0x35, 0xC4, 0x24, 0x82, 0x76, 0x69, 0x34, 0xCF, 0x69, 0x80, 0x6A, 0x32,
    0xE7, 0xE5, 0xEC, 0x01, 0xAF, 0x57, 0x80, 0x5C, 0x1F, 0x02, 0xA9, 0x46, 0xC0, 0x6D, 0xF5, 0x3C,
    0x95, 0xC9, 0xC2, 0x4A, 0x0A, 0x1B, 0xB3, 0x01, 0xF0, 0x3B, 0xC3, 0x74, 0xFC, 0x6E, 0x58, 0xF5,
    0x16, 0x7C, 0x32, 0xC3, 0x36, 0x7E, 0xFC, 0xE3, 0xAB, 0x37, 0xDF, 0x93, 0x76, 0x9A, 0x1E, 0xEA,
    0xEA, 0xE1, 0xCF, 0xBD, 0x6A, 0x1F, 0x32, 0xB5, 0xBE, 0x4E, 0x15, 0x0A, 0x9C, 0xC2, 0x03, 0xD0,
    0xF0, 0x2A, 0x74, 0xF1, 0x4F, 0xA1, 0x8A, 0x1F, 0x1C, 0x30, 0x46, 0x28, 0xA6, 0x03, 0xFC, 0xDC,
    0x43, 0xAE, 0x00, 0xA9, 0x5A, 0xC3, 0xD1, 0xC8, 0xDE, 0xF0, 0xA1, 0xE1, 0x2D, 0x28, 0xDB, 0x08,
    0xCD, 0xE7, 0x03, 0x74, 0x6B, 0x91, 0x40, 0x3E, 0x9E, 0x8B, 0x2D, 0x80, 0xFF, 0x75, 0x47, 0xDC,
    0x84, 0xB0, 0x6F, 0x99, 0x30, 0x85, 0xE6, 0xF3, 0x7F, 0x51, 0xDF, 0xE9, 0x23, 0x0D, 0x95, 0x50,
    0xC8, 0x47, 0xAA, 0x1A, 0x92, 0x93, 0x2F, 0xFD, 0xB3, 0xFD, 0x42, 0x19, 0x69, 0xAE, 0x99, 0x8C,
    0x46, 0xEA, 0xB3, 0x6A, 0xCA, 0xD3, 0x2F, 0xF7, 0x4F, 0xFF, 0x1A, 0x05, 0x52, 0x83, 0x1F, 0xB6,
    0xCF, 0xA7, 0x77, 0xCE, 0xA1, 0x33, 0xE1, 0x5B, 0xDC, 0x83, 0xF5, 0x1F, 0x70, 0xD2, 0x04, 0xA9,
    0xB4, 0x83, 0x2C, 0x28, 0x42, 0x52, 0xBF, 0x50, 0x9F, 0x95, 0xDC, 0xAB, 0x04, 0xB2, 0x39, 0x0D,
    0x78, 0x7D, 0x16, 0x28, 0xA5, 0x9A, 0x07, 0x5E, 0xF0, 0xED, 0x64, 0x3C, 0x97, 0x9B, 0xFD, 0x7F,
    0x00, 0xB5, 0x99, 0x65, 0x94, 0xE5, 0x38, 0x76, 0xC7, 0x7F, 0xB6, 0xBB, 0xDB, 0x27, 0xE3, 0x33,
    0x47, 0xCB, 0xBC, 0xEB, 0x8F, 0xE1, 0x76, 0x18, 0xAB, 0x4B, 0x0E, 0x73, 0xB2, 0xD0, 0x15, 0x66,
    0x66, 0xE6, 0x54, 0xB5, 0x1D, 0xE6, 0xA4, 0x02, 0xDF, 0x33, 0x1F, 0xC3, 0xCC, 0x79, 0x19, 0x69,
    0xBA, 0xC3, 0xE8, 0x30, 0x27, 0x0A, 0x73, 0xA2, 0x64, 0xBD, 0x67, 0xBC, 0xDB, 0x7A, 0xEF, 0x46,
    0xB2, 0xDF, 0x7B, 0x55, 0x35, 0x99, 0xAE, 0x81, 0x3E, 0xFB, 0xBF, 0xD2, 0xDF, 0xD2, 0xBD, 0x57,
    0xF7, 0x5E, 0xE9, 0x95, 0x55, 0xE4, 0xEF, 0x85, 0x97, 0x7F, 0xEE, 0x83, 0x07, 0x07, 0xCA, 0x17,
    0x56, 0x79, 0x1D, 0xBE, 0xE0, 0xB7, 0x0B, 0xFB, 0xE4, 0x24, 0x6B, 0xB1, 0xE0, 0xE1, 0x00, 0x11,
    0x5E, 0x73, 0x82, 0xFF, 0x49, 0xFC, 0x80, 0xE7, 0xE9, 0xB7, 0x97, 0x03, 0x96, 0xC2, 0xA2, 0x40,
    0x8B, 0xAD, 0x3F, 0xC4, 0x96, 0x5F, 0x6D, 0xB3, 0x3B, 0x49, 0xF5, 0xF4, 0x5B, 0xD6, 0x1E, 0x1D,
    0xB5, 0x46, 0xEC, 0xD2, 0xB4, 0xB8, 0x5D, 0x1B, 0x3A, 0x11, 0xD9, 0xF5, 0xE7, 0x1E, 0x2D, 0x30,
    0x22, 0xB2, 0xED, 0x9B, 0x45, 0xF3, 0x72, 0x23, 0x09, 0xFE, 0xC2, 0xC3, 0x5D, 0x66, 0x7B, 0xF9,
    0xD5, 0x76, 0x52, 0xF6, 0xF5, 0xDD, 0x9E, 0x1B, 0xD3, 0x6B, 0x91, 0x90, 0x3A, 0x40, 0x9C, 0xDF,
    0xDC, 0xCE, 0x27, 0xC8, 0xBD, 0x72, 0x0D, 0xC7, 0xFC, 0x22, 0x62, 0xC5, 0x89, 0x37, 0x4E, 0xF7,
    0x00, 0x95, 0x6F, 0x26, 0x1D, 0x9A, 0xA0, 0x42, 0x36, 0x31, 0x16, 0xAE, 0xB1, 0x87, 0xDC, 0x5B,
    0x5F, 0x0D, 0x8D, 0xD7, 0xA3, 0xF6, 0xDA, 0xE9, 0xB6, 0x41, 0xF5, 0xC5, 0xC4, 0x8A, 0x2B, 0x90,
    0xE2, 0x17, 0x4E, 0x39, 0x35, 0x34, 0x1C, 0x72, 0xCC, 0x2A, 0xE6, 0x09, 0x29, 0x53, 0x2F, 0x7F,
    0x2B, 0x83, 0x78, 0x71, 0xC6, 0x89, 0xD5, 0x7D, 0xD7, 0x02, 0xDB, 0xF8, 0xB5, 0x8B, 0x19, 0xBC,
    0x0E, 0x7A, 0x6C, 0x82, 0x9E, 0x54, 0x68, 0xA6, 0x6C, 0xCA, 0x3D, 0x63, 0x8A, 0x54, 0x0E, 0x8D,
    0x6D, 0xDA, 0x14, 0x09, 0x9E, 0xF1, 0x54, 0xFD, 0x53, 0x95, 0x6D, 0xE3, 0x8D, 0xD5, 0xA3, 0x0C,
    0xDA, 0x8B, 0xD5, 0x4E, 0x7A, 0xDD, 0xAE, 0x69, 0x58, 0xA1, 0xFA, 0x43, 0x8A, 0xA9, 0x76, 0xAC,
    0x72, 0xCF, 0x95, 0xE8, 0x9C, 0xB5, 0xA0, 0x3C, 0x34, 0xE3, 0xD2, 0x6B, 0x3F, 0xCF, 0xF5, 0x7B,
    0xDD, 0x9E, 0xE4, 0xD1, 0xFF, 0xDE, 0x48, 0xC2, 0xDD, 0xFF, 0xDE, 0x74, 0x5F, 0x7F, 0x3B, 0xA0,
    0x5C, 0xB2, 0x2D, 0x3E, 0xCD, 0x6E, 0xCD, 0x3C, 0xDF, 0xAF, 0x5B, 0xBA, 0x4B, 0x47, 0x15, 0xBB,
    0x85, 0xD2, 0x42, 0x91, 0x7A, 0xCF, 0xBD, 0x72, 0x5D, 0x7F, 0xBF, 0x47, 0xCE, 0xE5, 0x92, 0x98,
    0xEB, 0xCE, 0x92, 0x6B, 0x9F, 0xE7, 0x2C, 0xBE, 0x7E, 0xBF, 0x58, 0xD7, 0xDD, 0xB3, 0xBA, 0xF4,
    0xD7, 0xDF, 0x9E, 0x76, 0xBE, 0xFB, 0xB8, 0x29, 0x47, 0xDE, 0x43, 0x8B, 0x5A, 0xA3, 0x05, 0x23,
    0x56, 0x76, 0xAD, 0x93, 0xBE, 0xD9, 0x90, 0xFF, 0x03, 0xC0, 0x43, 0xF0, 0x30, 0x18, 0x87, 0xD9,
    0x60, 0xC4, 0x19, 0x19, 0x8D, 0xF4, 0x66, 0xC2, 0xF4, 0xFC, 0x2C, 0x09, 0x2F, 0xC2, 0x0C, 0xE2,
    0xA2, 0x65, 0x68, 0xFA, 0x17, 0x27, 0x65, 0xE7, 0x0A, 0x41, 0x7C, 0x25, 0xAD, 0x8C, 0x4A, 0xFA,
    0x79, 0x34, 0xEB, 0x1E, 0x80, 0x4F, 0xE4, 0xC5, 0x7D, 0xEE, 0x38, 0x89, 0x4E, 0x2A, 0xE4, 0xD2,
    0x8A, 0x6F, 0x36, 0x85, 0x58, 0x19, 0x97, 0x87, 0xAF, 0xD3, 0x23, 0xD9, 0x32, 0x69, 0x1F, 0x20,
    0x3B, 0xE5, 0x8D, 0x00, 0x6D, 0xC5, 0x25, 0xE9, 0xEC, 0x55, 0x60, 0xBE, 0x39, 0x8E, 0xF0, 0xDC,
    0x6F, 0x7B, 0x39, 0x09, 0x5A, 0xEC, 0x73, 0x3F, 0xC4, 0x52, 0xDC, 0x77, 0xCB, 0x5A, 0xB9, 0x80,
    0x27, 0x7F, 0x27, 0x8A, 0xBC, 0xE6, 0xC8, 0xB1, 0xC8, 0x53, 0x5B, 0x77, 0xF4, 0x31, 0x54, 0x8B,
    0x3C, 0x95, 0x75, 0xD9, 0xCF, 0xB1, 0x83, 0x12, 0x0B, 0x6F, 0x43, 0x82, 0x7E, 0x2F, 0x0F, 0x2B,
    0x12, 0xBA, 0x62, 0x24, 0xF3, 0x24, 0x48, 0x11, 0x28, 0xDC, 0x7E, 0x58, 0xD9, 0xFD, 0xB0, 0x66,
    0x3F, 0xBC, 0x71, 0x36, 0x0C, 0xFB, 0x61, 0xEE, 0xAB, 0x87, 0xC8, 0xFF, 0x05, 0x53, 0x4C, 0xC5,
    0x60, 0xD6, 0x34, 0xD2, 0xEA, 0xC2, 0xAB, 0xAF, 0x0C, 0x9A, 0x4E, 0xD9, 0xE6, 0x9B, 0x5D, 0x53,
    0x8C, 0x8D, 0x5D, 0x57, 0xBE, 0x92, 0xFE, 0xA4, 0xF4, 0xCD, 0x23, 0x71, 0xC8, 0x4D, 0xA6, 0xCA,
    0xD7, 0xBF, 0x1F, 0xCA, 0x11, 0x72, 0xBF, 0x0C, 0x27, 0x28, 0xAD, 0xF2, 0xF5, 0xDF, 0xCD, 0x43,
    0xD5, 0xEF, 0x1D, 0x34, 0xFB, 0xE1, 0x31, 0xE5, 0xB8, 0x44, 0x60, 0xA4, 0x98, 0x74, 0xBF, 0xA9,
    0x5C, 0xAA, 0x3B, 0x0B, 0x1A, 0xAD, 0xEC, 0x5C, 0x77, 0x17, 0xA8, 0x05, 0x8A, 0x16, 0xAE, 0xB6,
    0x64, 0x2F, 0xE7, 0x9E, 0x28, 0x64, 0x48, 0x2B, 0xB6, 0x50, 0x77, 0x47, 0x54, 0xCF, 0x16, 0xFA,
    0x76, 0xA0, 0x61, 0x87, 0xAE, 0xDD, 0x70, 0xC8, 0x0E, 0x06, 0x61, 0xC5, 0x0E, 0x82, 0x30, 0x9D,
    0x9F, 0xE5, 0xFE, 0xFC, 0xAC, 0x70, 0xE7, 0x67, 0x95, 0x3D, 0x3F, 0x53, 0xFD, 0xA7, 0xC1, 0xB5,
    0x53, 0xB2, 0xEF, 0x4B, 0x31, 0x9B, 0x4A, 0x1C, 0xB2, 0x46, 0xA5, 0xEB, 0x71, 0x7D, 0xD8, 0xFC,
    0xC9, 0x54, 0xAC, 0x4D, 0xAB, 0xFF, 0xC2, 0x37, 0x77, 0xC2, 0x4A, 0x7F, 0x65, 0x28, 0x7D, 0x63,
    0x4D, 0x11, 0x2A, 0xF1, 0xC1, 0xB0, 0x51, 0xBE, 0x1E, 0x36, 0x79, 0xC8, 0x1E, 0x7E, 0x57, 0x9F,
    0x22, 0x79, 0xF5, 0xB7, 0x9B, 0x7C, 0x0D, 0xC5, 0x3C, 0x73, 0xEA, 0x7F, 0xD7, 0xD9, 0x06, 0xAA,
    0x41, 0x90, 0x7A, 0x37, 0x53, 0xF6, 0xFC, 0xAC, 0x6E, 0x17, 0xCF, 0xFF, 0x99, 0x67, 0x9A, 0xF3,
    0x51, 0x4E, 0xD8, 0x66, 0x90, 0x3C, 0x40, 0x20, 0x65, 0x1F, 0x53, 0xF6, 0x89, 0x6C, 0xA4, 0xFE,
    0xF7, 0x29, 0xDF, 0x18, 0xF4, 0xDF, 0x78, 0x0A, 0x4F, 0x29, 0x03, 0x26, 0xA4, 0xAA, 0x49, 0x78,
    0xEE, 0x7C, 0xEC, 0xDC, 0x24, 0xA3, 0x71, 0xDA, 0xCF, 0xE2, 0xB4, 0x8D, 0xD2, 0x6A, 0x6E, 0x71,
    0x4C, 0xC6, 0x95, 0x68, 0xE9, 0xAC, 0xF6, 0x26, 0xF5, 0x61, 0x7E, 0x3A, 0x89, 0x1E, 0xD2, 0xC6,
    0x8E, 0x6E, 0x37, 0x68, 0x42, 0xF4, 0x0D, 0x1C, 0x33, 0xA2, 0x36, 0xB3, 0x84, 0x24, 0xF5, 0x94,
    0xA4, 0xF1, 0x49, 0xF4, 0x30, 0x8B, 0x5D, 0x62, 0x27, 0xE9, 0x48, 0xB2, 0x40, 0x8F, 0xCD, 0xA4,
    0x42, 0x15, 0x8A, 0x90, 0xAF, 0xD9, 0x70, 0x2B, 0x69, 0x92, 0x2E, 0x69, 0x93, 0x3E, 0x59, 0x92,
    0x2D, 0x59, 0x93, 0x3D, 0x0A, 0xC9, 0x67, 0xE7, 0xA5, 0x93, 0x5F, 0xF2, 0xDC, 0xFB, 0x26, 0xEF,
    0xBD, 0x7F, 0x5A, 0x91, 0x64, 0xC1, 0x9B, 0x00, 0xD2, 0x93, 0x89, 0xA5, 0x10, 0x47, 0xF9, 0xA8,
    0x47, 0xFD, 0xFD, 0x44, 0xFD, 0x48, 0x48, 0xBB, 0x99, 0xAB, 0x5A, 0xA3, 0x7B, 0x80, 0xA2, 0xA7,
    0xB6, 0x18, 0x62, 0x1C, 0x35, 0xA2, 0x1D, 0x62, 0xD3, 0x52, 0x33, 0x50, 0x7B, 0xCA, 0x00, 0x42,
    0xF2, 0xAC, 0x2C, 0x19, 0xCF, 0x80, 0x13, 0xD0, 0x2D, 0xCA, 0x25, 0x53, 0x2E, 0x20, 0x36, 0xAD,
    0xE9, 0xD2, 0xB2, 0x62, 0x43, 0x35, 0xA6, 0x60, 0x1D, 0xBC, 0x03, 0x0B, 0xAA, 0x01, 0x0E, 0xD0,
    0x9E, 0x1F, 0x35, 0xE8, 0x31, 0x0F, 0xDA, 0xEA, 0xB1, 0xF2, 0x2A, 0x9D, 0x97, 0x2D, 0x42, 0x86,
    0x01, 0x21, 0x0F, 0xA0, 0x6D, 0xE5, 0x21, 0x1A, 0x2C, 0x2F, 0x2C, 0x82, 0xC9, 0x4E, 0x8D, 0x95,
    0xB8, 0x4F, 0x19, 0xB4, 0x57, 0x0B, 0xAF, 0x25, 0x6A, 0x54, 0xB8, 0x5E, 0x04, 0xC9, 0x1D, 0xCA,
    0x6B, 0x9B, 0x56, 0x29, 0x0F, 0x42, 0x11, 0x52, 0x43, 0x50, 0xBE, 0x5E, 0x3E, 0x5B, 0xAF, 0x7C,
    0xCA, 0x58, 0x84, 0x39, 0xBB, 0x87, 0xDA, 0x41, 0xD6, 0xF2, 0x1C, 0x1A, 0x9F, 0x49, 0xDF, 0x85,
    0x42, 0xAC, 0x89, 0x34, 0x9C, 0xD1, 0xAC, 0xD3, 0x53, 0xA2, 0x31, 0x17, 0xDB, 0x78, 0xA4, 0xAF,
    0x23, 0xA1, 0x5C, 0xA2, 0x01, 0x43, 0x65, 0x39, 0xA4, 0xEC, 0x39, 0x20, 0x61, 0xBF, 0xC5, 0x5B,
    0xE8, 0xF1, 0x42, 0x50, 0x9D, 0x46, 0x73, 0xA2, 0x6B, 0x2D, 0x6F, 0xC4, 0x8C, 0x5C, 0xE4, 0x94,
    0x46, 0x24, 0x60, 0xA6, 0x52, 0x5A, 0x71, 0x44, 0xE7, 0x5F, 0xBE, 0x29, 0xAE, 0xF9, 0xDD, 0x20,
    0x1E, 0xB5, 0x25, 0x47, 0x35, 0x89, 0xA5, 0x7A, 0x9D, 0xF4, 0x94, 0x77, 0x37, 0x50, 0xCA, 0x08,
    0x85, 0xB4, 0x91, 0x46, 0x22, 0xF9, 0x1D, 0x65, 0xA7, 0x9C, 0x87, 0x4A, 0xBA, 0x26, 0x5C, 0x20,
    0x35, 0x32, 0xEF, 0x9A, 0xF4, 0x23, 0x23, 0x5A, 0x44, 0xFA, 0x44, 0xED, 0x31, 0x40, 0x31, 0x34,
    0x2D, 0x50, 0xF7, 0xC9, 0x2B, 0xDB, 0x90, 0xCB, 0x3F, 0x1E, 0x99, 0x89, 0xD9, 0xCD, 0x42, 0x66,
    0xE4, 0x1F, 0x38, 0xC3, 0xF3, 0xBE, 0xFF, 0xBB, 0x81, 0x4A, 0x44, 0x1C, 0x18, 0x11, 0xD9, 0x50,
    0xC8, 0x3F, 0xBE, 0xCB, 0x47, 0x88, 0x55, 0xC9, 0xAD, 0xF6, 0x1A, 0x20, 0x0B, 0xCB, 0x6E, 0x13,
    0x7B, 0xC8, 0x1D, 0x14, 0x16, 0xAA, 0x1E, 0x14, 0x70, 0x1D, 0x38, 0x00, 0x7E, 0xF6, 0x31, 0x66,
    0x0B, 0xCA, 0x42, 0xE3, 0xE0, 0x86, 0x8F, 0xE6, 0x68, 0xF7, 0x07, 0xD1, 0x7C, 0x3D, 0x9A, 0x55,
    0x5C, 0x5D, 0xF5, 0x2A, 0x8E, 0xAE, 0x47, 0xCD, 0x01, 0xF8, 0x68, 0x9D, 0x58, 0xDE, 0xEA, 0x04,
    0x35, 0x6C, 0x9F, 0x96, 0x84, 0x37, 0x57, 0xD6, 0x03, 0xE8, 0xDF, 0xFC, 0xCD, 0x11, 0xA0, 0xBB,
    0x6B, 0x02, 0x4B, 0xE9, 0xA7, 0x90, 0xF6, 0xF5, 0x5A, 0x66, 0xBD, 0xC8, 0x34, 0xFB, 0xFD, 0xC9,
    0xF7, 0x2C, 0xCF, 0xEA, 0xB6, 0x07, 0x78, 0x81, 0xB2, 0x1F, 0x7B, 0x2E, 0x6E, 0x6D, 0xD5, 0xA0,
    0xFC, 0x12, 0xBD, 0x72, 0x1C, 0x28, 0xEB, 0x1E, 0x2C, 0x87, 0x1F, 0xD5, 0x1F, 0xF4, 0xCD, 0xF1,
    0x1A, 0xBC, 0x33, 0x99, 0x7F, 0xEF, 0x46, 0xFD, 0xE8, 0xDF, 0x84, 0x46, 0xC4, 0xBD, 0x58, 0xE4,
    0x1F, 0x30, 0x13, 0x74, 0x6B, 0x3E, 0x27, 0xCE, 0xA3, 0x6E, 0x32, 0x7F, 0xF1, 0x39, 0xA3, 0x7E,
    0xF5, 0xDF, 0x04, 0xAD, 0xBE, 0xDE, 0x37, 0x5F, 0x7D, 0x7B, 0x7C, 0x23, 0x65, 0x87, 0x07, 0xAB,
    0xE1, 0x73, 0x77, 0xF1, 0xA8, 0x2D, 0x28, 0xCF, 0xA7, 0x7F, 0xFF, 0x69, 0x27, 0xEE, 0x5C, 0x1B,
    0xD8, 0xA2, 0x68, 0x59, 0x4E, 0x88, 0x1A, 0xE0, 0x30, 0x51, 0x00, 0x32, 0x9F, 0x8C, 0xC9, 0x4D,
    0xF5, 0x40, 0x03, 0x70, 0x23, 0xD1, 0x04, 0xE4, 0xC9, 0x58, 0xDA, 0x0B, 0xC6, 0xE3, 0x44, 0xFB,
    0x2F, 0xA1, 0x6A, 0x36, 0xB6, 0xBB, 0x88, 0xAB, 0x44, 0x6F, 0xC3, 0x0E, 0xF1, 0xE7, 0x75, 0x11,
    0x27, 0x9B, 0x53, 0xF1, 0x88, 0xBB, 0xB4, 0xBD, 0xEE, 0x54, 0xC4, 0x25, 0xBE, 0xDC, 0xCD, 0x93,
    0xA2, 0x89, 0x7B, 0xEE, 0x51, 0xFA, 0x1D, 0x27, 0x0E, 0x3E, 0x63, 0x31, 0x98, 0xCB, 0xDA, 0xA7,
    0x8B, 0x13, 0x49, 0x7C, 0x99, 0x9B, 0xA4, 0xF6, 0x03, 0xB3, 0x67, 0x8C, 0xFC, 0x06, 0x90, 0xB7,
    0xD0, 0x8D, 0xD4, 0x6B, 0x10, 0x41, 0x8B, 0x45, 0xC4, 0x6A, 0x19, 0xE9, 0xC4, 0x2B, 0x09, 0x5C,
    0xFB, 0x91, 0x29, 0xFB, 0x01, 0x59, 0x36, 0x5D, 0x03, 0x01, 0x9A, 0x96, 0x17, 0x47, 0x83, 0xB4,
    0xA5, 0x04, 0x44, 0xA8, 0x65, 0x2A, 0x64, 0x43, 0x23, 0xAE, 0x92, 0x40, 0x93, 0xF4, 0x03, 0xF5,
    0x40, 0x31, 0x82, 0x6A, 0x29, 0x1C, 0x5C, 0xBB, 0xF0, 0x06, 0x56, 0x3D, 0xF9, 0x3F, 0x80, 0xF6,
    0xA8, 0x35, 0x98, 0x89, 0x5A, 0xC0, 0xA4, 0xA5, 0xD0, 0xC5, 0xD9, 0x66, 0xB6, 0x55, 0x01, 0xAE,
    0xB5, 0xF3, 0xBA, 0x58, 0x27, 0xCF, 0x48, 0x65, 0x16, 0x82, 0x08, 0x95, 0xF4, 0x22, 0x56, 0x89,
    0x9D, 0x6B, 0xB4, 0xB1, 0xC4, 0xA8, 0x81, 0xD5, 0xCC, 0xA1, 0x94, 0x54, 0x5F, 0x21, 0x94, 0x92,
    0xB8, 0x96, 0x29, 0x9F, 0x8B, 0xCB, 0xD6, 0x91, 0x5B, 0x42, 0x2A, 0x2D, 0xB2, 0x6A, 0xE1, 0x4B,
    0x53, 0x61, 0xE7, 0xCB, 0xE2, 0x67, 0x53, 0xE6, 0x42, 0x30, 0x53, 0xCA, 0x62, 0x42, 0x64, 0xDB,
    0xCD, 0xE3, 0x59, 0x9F, 0x0A, 0xE2, 0x13, 0xC9, 0x5A, 0x4E, 0xA1, 0xF1, 0x29, 0x55, 0x17, 0x94,
    0x38, 0x4C, 0xE4, 0x10, 0xB9, 0x14, 0x89, 0xCC, 0xA7, 0xA7, 0x0B, 0x0E, 0x2A, 0xAB, 0x27, 0x50,
    0x56, 0x8F, 0x64, 0xC6, 0x36, 0x9E, 0x4E, 0x6C, 0xED, 0x33, 0x91, 0x56, 0xB9, 0x5C, 0x36, 0xA8,
    0x21, 0x17, 0x17, 0xBD, 0xB2, 0x35, 0x94, 0x3D, 0x23, 0x09, 0x1F, 0x7B, 0xEE, 0xB2, 0xFC, 0x59,
    0xD2, 0xBD, 0x2C, 0xD0, 0x85, 0xB4, 0x39, 0x33, 0xB3, 0x9E, 0xB9, 0xF1, 0x85, 0x90, 0xEA, 0xF9,
    0x44, 0x78, 0x07, 0x78, 0x5E, 0xDB, 0x89, 0x48, 0x6F, 0x66, 0xDA, 0xDF, 0x5D, 0x75, 0x24, 0x0A,
    0xD9, 0x74, 0xFB, 0xB7, 0xE1, 0x24, 0x51, 0xD8, 0xD3, 0x04, 0xE4, 0x17, 0xAF, 0xCA, 0xD2, 0x2D,
    0xB9, 0x41, 0xD9, 0x1D, 0xD5, 0xFB, 0x17, 0x43, 0xEF, 0xE9, 0x56, 0xA2, 0x15, 0xC4, 0xDB, 0xF2,
    0x26, 0x92, 0x52, 0x7E, 0x4E, 0x24, 0x57, 0xF8, 0x4E, 0x7C, 0x1E, 0x69, 0x4C, 0x34, 0x3D, 0x0E,
    0xF9, 0x3D, 0x0D, 0x89, 0xDA, 0xDC, 0x9F, 0x40, 0xEE, 0x8F, 0x9F, 0x36, 0x15, 0x29, 0x40, 0xE9,
    0xBB, 0x16, 0xF1, 0xDD, 0x88, 0x49, 0x34, 0xA3, 0x10, 0x91, 0xB1, 0x8E, 0xF4, 0x90, 0x16, 0x77,
    0x42, 0x27, 0xEE, 0x18, 0x93, 0x48, 0xF6, 0x94, 0xA6, 0x8B, 0x21, 0xBA, 0x3C, 0x8C, 0x12, 0x11,
    0x9F, 0x99, 0x48, 0x24, 0xCC, 0x57, 0x77, 0xDA, 0x96, 0xCD, 0x7D, 0xB4, 0x27, 0xF2, 0x7B, 0x1A,
    0x17, 0xDA, 0xEB, 0x8A, 0x48, 0xC3, 0xEE, 0x03, 0x98, 0x96, 0x3B, 0xB7, 0xB6, 0x3C, 0x43, 0x59,
    0x6E, 0xA8, 0xDB, 0xAE, 0xFB, 0xF6, 0x6F, 0xF7, 0x72, 0xD7, 0x4C, 0x2F, 0x8E, 0x0E, 0x99, 0x99,
    0xE8, 0x44, 0xFE, 0x21, 0xDD, 0x78, 0xE9, 0xB6, 0x8B, 0x37, 0xDD, 0x69, 0xF2, 0x9D, 0x3B, 0xDA,
    0x1A, 0x2F, 0xDE, 0x78, 0x6D, 0x79, 0x0C, 0x1A, 0xAB, 0xA3, 0xDE, 0x38, 0xD3, 0xDF, 0xE2, 0x90,
    0xBA, 0x2F, 0x47, 0x7E, 0x92, 0x1D, 0xAE, 0x89, 0xF4, 0xDB, 0xAB, 0x3A, 0x97, 0xD3, 0x6B, 0xD2,
    0xAA, 0x11, 0x9A, 0xA1, 0xB1, 0x50, 0x8E, 0x1A, 0xC8, 0xC2, 0x73, 0x00, 0x6E, 0x72, 0xDF, 0xE8,
    0x12, 0x85, 0x14, 0xB9, 0x18, 0x95, 0x87, 0xDA, 0x15, 0x9B, 0x36, 0x97, 0x1E, 0x23, 0xB2, 0xDE,
    0x7F, 0xFB, 0xB8, 0xFA, 0x72, 0x9E, 0xEE, 0x29, 0x3C, 0xED, 0x75, 0xF5, 0x70, 0x88, 0xF6, 0x87,
    0x74, 0x7E, 0x15, 0x7B, 0x40, 0xBB, 0x89, 0xAB, 0xEF, 0xEA, 0xA1, 0x48, 0x7D, 0xFB, 0xFB, 0xBC,
    0xB2, 0xCB, 0x5D, 0x5F, 0xB7, 0xA0, 0x81, 0xC3, 0xED, 0x8B, 0x11, 0x80, 0x09, 0xB2, 0x71, 0xEB,
    0xEE, 0x85, 0xF2, 0xF7, 0xA5, 0xAF, 0xEE, 0x88, 0x55, 0xB7, 0xC5, 0xD6, 0xAD, 0x00, 0xCF, 0x61,
    0x46, 0xB9, 0x46, 0xB5, 0xB5, 0xF4, 0x75, 0xAB, 0x7F, 0xC4, 0x37, 0x9C, 0x94, 0xEB, 0x8E, 0x15,
    0xB2, 0x8E, 0xD4, 0x4C, 0xD1, 0x29, 0x6B, 0x81, 0xEC, 0xE6, 0xF6, 0x83, 0x79, 0x2D, 0x60, 0x44,
    0xC4, 0x51, 0xC8, 0x29, 0x9F, 0x13, 0x50, 0x2E, 0x69, 0xD0, 0x00, 0xCA, 0x7E, 0x29, 0x40, 0x3E,
    0x70, 0xED, 0x14, 0xAA, 0xE8, 0xF3, 0xF5, 0xBF, 0x67, 0xD5, 0x9D, 0x3F, 0xF0, 0xEA, 0xD5, 0xBF,
    0xEB, 0x73, 0x91, 0xFE, 0x19, 0xDD, 0xFA, 0x8A, 0x11, 0xD9, 0xA4, 0xFE, 0xFD, 0xDD, 0xFA, 0xFB,
    0x11, 0xA1, 0x7C, 0xF4, 0x6F, 0x06, 0xF5, 0xF7, 0xBF, 0x39, 0x56, 0xBF, 0xFA, 0xFB, 0x2E, 0xAB,
    0x5C, 0x4B, 0xE9, 0xD8, 0x41, 0x80, 0x42, 0xFA, 0x44, 0x76, 0x3B, 0x42, 0x98, 0xF1, 0x40, 0x0B,
    0x74, 0x03, 0x60, 0x3C, 0x20, 0x89, 0x8C, 0x03, 0x9A, 0x1E, 0x2E, 0x0B, 0x90, 0x09, 0xF3, 0xE6,
    0xD5, 0x66, 0x2B, 0x61, 0x91, 0x7A, 0x5A, 0xA4, 0xF1, 0x8B, 0xE8, 0x61, 0x2B, 0x76, 0x2B, 0xED,
    0x22, 0x1D, 0x8B, 0x3C, 0x16, 0x5D, 0x9F, 0x58, 0x86, 0x99, 0xDD, 0xD9, 0xD8, 0xD8, 0xC4, 0x57,
    0x81, 0x17, 0xB5, 0xF0, 0x26, 0x74, 0x0E, 0xC4, 0x1A, 0x4F, 0x26, 0x56, 0x66, 0x5E, 0x34, 0x75,
    0x0F, 0xD7, 0x9F, 0x30, 0x5A, 0x67, 0x13, 0x5F, 0x61, 0x07, 0x6D, 0xC1, 0xB4, 0xC6, 0xC3, 0x2E,
    0x9A, 0x99, 0x59, 0x0F, 0x20, 0xFD, 0xD5, 0xAD, 0xEF, 0x8B, 0x38, 0xAB, 0x44, 0xDC, 0x39, 0x9E,
    0x35, 0x4D, 0xFB, 0xFF, 0xA2, 0x65, 0x97, 0x44, 0xBB, 0xE4, 0xB5, 0xDE, 0xE3, 0xBC, 0xD7, 0x70,
    0xF5, 0xC9, 0xED, 0xEA, 0x1E, 0x38, 0x7F, 0x6A, 0x72, 0xF9, 0xA9, 0x9D, 0xE1, 0x29, 0x9C, 0x63,
    0xD3, 0xAE, 0x0A, 0xA7, 0xED, 0x4A, 0x4D, 0x5D, 0xA2, 0x79, 0x34, 0xEB, 0x60, 0x05, 0x67, 0xD4,
    0x89, 0xC8, 0x34, 0xD3, 0x73, 0x8F, 0xD6, 0x47, 0x2F, 0x3F, 0x33, 0xBC, 0x8C, 0x55, 0x9E, 0x02,
    0x54, 0x63, 0xB7, 0x8B, 0x92, 0x02, 0x94, 0xFE, 0xC2, 0x49, 0xED, 0x77, 0xD3, 0x39, 0x89, 0xBA,
    0xCE, 0xD5, 0xFD, 0xE3, 0x9E, 0x54, 0x9A, 0x39, 0x13, 0xED, 0x4D, 0xBF, 0x78, 0xA7, 0x6B, 0x52,
    0xDB, 0xC7, 0x5A, 0xEA, 0xFE, 0xCC, 0x22, 0xF2, 0x21, 0x7F, 0x54, 0xD8, 0x45, 0x9E, 0xE2, 0x9F,
    0x82, 0x3E, 0xC6, 0x55, 0x8B, 0x3C, 0xB5, 0x75, 0x3A, 0x34, 0x93, 0xF2, 0x95, 0x4B, 0xF3, 0x27,
    0xBF, 0x0E, 0xB2, 0xB6, 0xB0, 0x95, 0x53, 0xF3, 0x9F, 0x72, 0xCD, 0xE6, 0xC9, 0xAF, 0xCC, 0x7B,
    0xE5, 0x6F, 0x1C, 0x8F, 0xF5, 0xF2, 0x6F, 0x80, 0xA7, 0x50, 0xA9, 0xFD, 0x10, 0xFB, 0x74, 0x4E,
    0xE6, 0xFF, 0x00, 0xED, 0x52, 0x01, 0xC4, 0x25, 0x55, 0x14, 0xFE, 0x66, 0xEE, 0xB6, 0x63, 0x0D,
    0x9D, 0xE0, 0xA9, 0x88, 0x09, 0x81, 0xC4, 0x00, 0xC0, 0xFE, 0x7B, 0x6F, 0x16, 0x21, 0x58, 0xBC,
    0x27, 0x04, 0x50, 0xF0, 0x87, 0x85, 0x00, 0xF5, 0xCF, 0x25, 0x15, 0x82, 0x00, 0x80, 0x16, 0x41,
    0x2F, 0xDA, 0x10, 0x6A, 0xAD, 0xEE, 0x54, 0x80, 0x60, 0x16, 0x00, 0x98, 0xDD, 0x10, 0xC2, 0x3B,
    0xFC, 0x77, 0x99, 0xDA, 0x3B, 0xF7, 0x74, 0xC6, 0xFB, 0xFF, 0x76, 0xDB, 0x7D, 0x24, 0x80, 0x74,
    0xEE, 0xF9, 0xEE, 0x70, 0xEF, 0x77, 0xCE, 0x7C, 0xE7, 0x9E, 0x53, 0x7C, 0x07, 0x92, 0xDE, 0xBE,
    0xC6, 0x9D, 0x89, 0x62, 0xD2, 0x63, 0x1E, 0xCC, 0x64, 0x0D, 0xB7, 0x9F, 0x8C, 0xB5, 0x78, 0xAC,
    0x51, 0x38, 0x1A, 0x89, 0x69, 0x2C, 0x1C, 0x70, 0x91, 0x3B, 0x6E, 0x99, 0x1E, 0x59, 0x4D, 0xEC,
    0x12, 0x80, 0xE2, 0x1A, 0x50, 0x33, 0xD0, 0x28, 0xAC, 0xE2, 0x01, 0xA3, 0xFC, 0x99, 0x51, 0xBD,
    0xCE, 0x78, 0x5A, 0xCF, 0x8F, 0xDE, 0xBC, 0x0F, 0x2B, 0x82, 0x05, 0xA8, 0xA3, 0x82, 0xF7, 0x50,
    0x7B, 0x6A, 0x73, 0x8D, 0x24, 0x36, 0xEA, 0xDB, 0x1B, 0x2F, 0x00, 0xAF, 0xAC, 0xD1, 0xCA, 0x70,
    0xE9, 0x3A, 0xA3, 0x4E, 0x30, 0xE9, 0xB6, 0x49, 0x73, 0x35, 0x9D, 0x10, 0xB7, 0xD2, 0x17, 0x9F,
    0x03, 0xC5, 0x0D, 0x74, 0x5C, 0x66, 0x10, 0xC3, 0xF6, 0xE8, 0x3E, 0x84, 0x84, 0x51, 0x3E, 0x9B,
    0x16, 0xE5, 0xE5, 0xE2, 0xE1, 0x6A, 0xB2, 0x3F, 0xC5, 0x5A, 0x06, 0xBC, 0x8D, 0xD5, 0x66, 0x1D,
    0x24, 0x05, 0x99, 0x3A, 0x61, 0x80, 0x61, 0x06, 0x54, 0x3D, 0xC8, 0xC3, 0x02, 0x27, 0xC0, 0x92,
    0x7E, 0x11, 0x43, 0x0C, 0xB5, 0xE2, 0x16, 0x9A, 0xDD, 0x68, 0x4D, 0xEC, 0xCC, 0x14, 0x3E, 0x60,
    0xFB, 0x60, 0x68, 0xC5, 0xD5, 0x32, 0xAA, 0xB0, 0xAE, 0x4E, 0xD9, 0xA4, 0xAC, 0xC9, 0x4D, 0x54,
    0x6D, 0x8B, 0x8C, 0xAF, 0x1C, 0x6A, 0x89, 0x68, 0x7F, 0x48, 0xB0, 0x7D, 0x56, 0xC8, 0x5F, 0x68,
    0x44, 0x50, 0x66, 0x01, 0xCA, 0x19, 0x30, 0x13, 0xD0, 0x30, 0x0A, 0xF1, 0xA8, 0x27, 0xAD, 0x15,
    0x67, 0xD6, 0xFE, 0x1D, 0x2F, 0x87, 0xAD, 0xB3, 0x22, 0x5E, 0xE1, 0x1E, 0xBF, 0xC3, 0x25, 0xBD,
    0xDF, 0x3E, 0xBC, 0x3F, 0xFB, 0x7A, 0x3C, 0x62, 0xE7, 0x67, 0xAB, 0xCD, 0x06, 0x6A, 0x97, 0x91,
    0x4A, 0xAE, 0x46, 0xEA, 0x9B, 0xDE, 0x7A, 0xEB, 0x2C, 0x2C, 0x74, 0x77, 0xAD, 0xA7, 0xBE, 0x1E,
    0x0C, 0x63, 0x52, 0xC6, 0x05, 0xE0, 0x1B, 0x1C, 0xA1, 0x75, 0x7A, 0x36, 0x1A, 0x36, 0xB1, 0x9C,
    0xCA, 0xA4, 0x6B, 0x32, 0x93, 0xE1, 0x8A, 0x35, 0xD6, 0x5F, 0xC1, 0xB7, 0x78, 0x06, 0x8B, 0x5D,
    0xBC, 0x97, 0xD1, 0xED, 0xC4, 0xB7, 0xBF, 0x77, 0x3D, 0xB1, 0x3D, 0x08, 0x9D, 0x84, 0xC1, 0x26,
    0x89, 0x50, 0xFB, 0x57, 0x03, 0x86, 0x97, 0xD0, 0x26, 0x84, 0x84, 0x67, 0x13, 0xCC, 0x61, 0xC7,
    0x3B, 0xD9, 0x89, 0x0C, 0x00, 0xCA, 0x5B, 0x68, 0xC3, 0xD0, 0x11, 0x7F, 0x5F, 0xC7, 0xF7, 0xF6,
    0xCD, 0xA3, 0x11, 0xD6, 0x23, 0xC3, 0x30, 0xC8, 0xC1, 0xCA, 0x14, 0x64, 0xF1, 0x3D, 0xB9, 0x91,
    0xC1, 0x12, 0xDB, 0x2A, 0x3E, 0x57, 0x2D, 0xE4, 0x22, 0xF8, 0x52, 0x3C, 0x88, 0xCF, 0x47, 0x2B,
    0x9D, 0xD0, 0xBE, 0xA7, 0xFF, 0xE1, 0x19, 0xFE, 0x7F, 0x86, 0xEB, 0x0C, 0x7B, 0x73, 0xB0, 0x35,
    0x3F, 0x5F, 0x33, 0x6A, 0x6E, 0x85, 0x43, 0xCD, 0xB9, 0xE6, 0xB9, 0x66, 0x69, 0xD8, 0x9E, 0xCE,
    0x17, 0xDD, 0xBA, 0xCC, 0x68, 0x77, 0x43, 0x57, 0x71, 0x36, 0x31, 0xBF, 0x31, 0x89, 0x4C, 0x19,
    0x50, 0x0F, 0x78, 0xD1, 0xDE, 0x61, 0x5A, 0xBA, 0x81, 0x32, 0xBB, 0x76, 0xC7, 0xFA, 0xBA, 0xB9,
    0x48, 0x19, 0x69, 0xC6, 0x9C, 0xD5, 0x8B, 0x14, 0xCA, 0x64, 0xAF, 0xC6, 0x3D, 0xE7, 0xF8, 0x8B,
    0x63, 0xDF, 0xCD, 0xA1, 0xAF, 0xE2, 0x11, 0xCA, 0xF4, 0x2E, 0x20, 0x23, 0x60, 0x7B, 0x05, 0x03,
    0xA7, 0x13, 0x4C, 0x3F, 0x83, 0xBC, 0x38, 0x39, 0x15, 0x5E, 0xBD, 0xBA, 0x71, 0xF5, 0x0C, 0x2B,
    0xFD, 0xD7, 0xC4, 0xA8, 0x18, 0x26, 0x6E, 0xBF, 0x5C, 0x7E, 0x3D, 0xAB, 0x86, 0x8A, 0x3B, 0xD2,
    0xD6, 0x79, 0xED, 0xD5, 0x92, 0xA2, 0x51, 0xD0, 0x39, 0x7E, 0x9D, 0x40, 0x22, 0xA0, 0x18, 0x40,
    0x6C, 0x1D, 0x8D, 0x07, 0xC0, 0xD6, 0x87, 0x64, 0x79, 0xB5, 0x5E, 0xB9, 0x27, 0xE2, 0xEF, 0x6E,
    0x3D, 0xDD, 0x15, 0x4F, 0xE3, 0x6D, 0xD0, 0x3D, 0x06, 0xFD, 0xD6, 0x83, 0x64, 0x54, 0x44, 0xD0,
    0x2F, 0x49, 0x39, 0x19, 0xC4, 0xC1, 0x87, 0xB9, 0xD5, 0x78, 0x68, 0x7C, 0x33, 0xD2, 0xE1, 0xC5,
    0x61, 0x5E, 0xAD, 0x8F, 0x3F, 0x9E, 0x34, 0x7D, 0xB7, 0x93, 0x30, 0x2D, 0x9A, 0x7E, 0x4C, 0x58,
    0xFE, 0x3E, 0x6B, 0x9E, 0xB3, 0xDD, 0x1D, 0xDC, 0x95, 0x93, 0xB1, 0x68, 0x94, 0x7E, 0x51, 0xB9,
    0x81, 0xE6, 0xD1, 0x2C, 0xFF, 0x50, 0xD7, 0xF8, 0xB0, 0xAE, 0xE3, 0x8F, 0xE2, 0x9E, 0xBF, 0xE7,
    0xF6, 0x34, 0xB6, 0x7B, 0x0C, 0x67, 0x5F, 0xD6, 0xB3, 0xD8, 0x39, 0xDA, 0x65, 0xD0, 0x9D, 0x4F,
    0x41, 0xC3, 0xBE, 0xFE, 0xEB, 0x11, 0x08, 0x33, 0xB0, 0xF4, 0xFC, 0x66, 0x7F, 0xC5, 0xF4, 0xB6,
    0x70, 0x36, 0xA2, 0x11, 0x5F, 0xCA, 0x70, 0xA1, 0xE1, 0xCB, 0x86, 0xDF, 0xAF, 0x86, 0x76, 0x79,
    0x7B, 0x94, 0x03, 0xCC, 0x80, 0xF6, 0x0F, 0x04, 0xD1, 0xF8, 0x27, 0x7C, 0x04, 0xDD, 0x47, 0x25,
    0x0E, 0x6F, 0xE1, 0x4F, 0x9D, 0x96, 0x01, 0xA4, 0x27, 0xC7, 0x1D, 0xC7, 0xBF, 0xBB, 0x23, 0xF9,
    0x47, 0x56, 0x3B, 0x81, 0x50, 0x97, 0xB2, 0x55, 0xA5, 0x4D, 0x23, 0xB7, 0x00, 0x41, 0xDC, 0x6C,
    0x13, 0x14, 0xA5, 0x77, 0xB8, 0x17, 0x38, 0xB4, 0x00, 0x5A, 0x1C, 0x05, 0x45, 0x72, 0xBB, 0x2D,
    0x14, 0xA1, 0x39, 0x48, 0x8B, 0xA2, 0x87, 0x83, 0xBC, 0xE0, 0x0A, 0x28, 0x5E, 0x6E, 0xE7, 0xEE,
    0x68, 0xF0, 0x68, 0x56, 0x22, 0xA0, 0xC8, 0x26, 0xB9, 0xA2, 0x3D, 0xFA, 0x9F, 0xBC, 0xDB, 0x78,
    0x7B, 0x79, 0xB3, 0xFB, 0xED, 0xFC, 0x66, 0x77, 0xDF, 0xDD, 0xBB, 0x73, 0x44, 0xC6, 0x7F, 0x3F,
    0xDF, 0xEF, 0xCE, 0xEC, 0xFC, 0xE6, 0xBF, 0xBF, 0xD9, 0x9D, 0x59, 0xCC, 0xA5, 0x62, 0x0B, 0x28,
    0x72, 0x00, 0xF4, 0x90, 0x79, 0xC0, 0x38, 0x25, 0x6C, 0x55, 0x07, 0x34, 0x16, 0x00, 0xB8, 0xF0,
    0x57, 0xBB, 0xBB, 0x57, 0x69, 0x1B, 0x72, 0xA0, 0xCD, 0xA6, 0xD7, 0x86, 0xC6, 0x6E, 0x46, 0x0C,
    0xA6, 0x8D, 0x74, 0x81, 0xD0, 0x5E, 0xA8, 0xB8, 0xE5, 0x6E, 0x8D, 0x8A, 0x94, 0x9E, 0x17, 0xA6,
    0x9D, 0x12, 0x90, 0xFA, 0x07, 0xF8, 0x7C, 0xE4, 0x99, 0xC8, 0xF7, 0x20, 0x97, 0x8E, 0x40, 0x13,
    0xF9, 0xA3, 0xBF, 0x01, 0x78, 0xC9, 0xAD, 0xB8, 0x1E, 0x90, 0x71, 0x02, 0xAA, 0xAF, 0x68, 0x13,
    0x7E, 0xF1, 0x89, 0x53, 0xD3, 0xC1, 0x07, 0x4E, 0xFB, 0x83, 0x7D, 0x97, 0xF7, 0x77, 0x6F, 0xD4,
    0x85, 0xFB, 0xDC, 0xC2, 0x7C, 0x21, 0xF8, 0xF4, 0xA3, 0x1A, 0xD5, 0x67, 0xB7, 0x02, 0x3E, 0x7C,
    0x3F, 0xE0, 0xF3, 0xF7, 0xCB, 0x80, 0x7D, 0xC0, 0x44, 0xDC, 0x7D, 0x0B, 0x28, 0x0E, 0xDF, 0x7A,
    0x1A, 0x9A, 0x67, 0x8D, 0xCD, 0xF8, 0x73, 0x63, 0x15, 0xFF, 0x58, 0x59, 0x90, 0x04, 0xF2, 0x98,
    0x81, 0x4B, 0x65, 0xC0, 0xCB, 0x00, 0xBE, 0x2D, 0xF8, 0xD6, 0x4B, 0x58, 0x4A, 0x42, 0x5E, 0x46,
    0x4E, 0x7A, 0x34, 0xB7, 0x73, 0xA6, 0x2C, 0x15, 0x37, 0x13, 0x52, 0x6A, 0x8F, 0x64, 0xCC, 0x3D,
    0x70, 0xC5, 0x0C, 0x00, 0x66, 0xF4, 0xBB, 0xAF, 0x0C, 0x55, 0xCF, 0x0F, 0xA6, 0xAA, 0x37, 0x64,
    0xD5, 0xE7, 0x7D, 0x13, 0xE0, 0x5E, 0x37, 0x43, 0xEE, 0x10, 0xD0, 0xC1, 0xF8, 0x80, 0x42, 0xA0,
    0xA7, 0xBC, 0x4B, 0x32, 0xE6, 0x5D, 0xA6, 0xB8, 0xED, 0x0C, 0xC8, 0xA3, 0x09, 0x86, 0x1C, 0xB0,
    0x21, 0x5B, 0xE0, 0x89, 0x73, 0x20, 0x49, 0x1B, 0x91, 0x71, 0xA7, 0xB2, 0x8A, 0xD0, 0x82, 0xEC,
    0x18, 0x49, 0x19, 0x00, 0x3C, 0x02, 0x0E, 0x11, 0x0F, 0x37, 0x90, 0xAC, 0x67, 0x28, 0x96, 0x27,
    0x7B, 0xD4, 0xB1, 0x75, 0x01, 0xD2, 0x77, 0x80, 0x8A, 0x5D, 0xCA, 0x3F, 0x0F, 0x9B, 0x49, 0x8D,
    0xDA, 0xAB, 0x49, 0x0F, 0x29, 0xF5, 0x80, 0x3D, 0xED, 0x01, 0x39, 0x0C, 0x69, 0xE5, 0x48, 0x27,
    0x00, 0xD3, 0x03, 0xE7, 0x1E, 0x50, 0x0E, 0xD0, 0x6D, 0xAC, 0x63, 0xF5, 0xC0, 0x01, 0x29, 0xCF,
    0x60, 0x29, 0xFD, 0xA2, 0xA9, 0x5B, 0x8C, 0xEA, 0x66, 0x3D, 0xBF, 0xB9, 0x51, 0x4A, 0xE7, 0x8C,
    0xFB, 0x1C, 0xC5, 0x18, 0x2E, 0x7F, 0x7A, 0x22, 0xEF, 0xD0, 0x06, 0xD3, 0x19, 0x26, 0x6C, 0x83,
    0xB1, 0xF9, 0x04, 0x76, 0x72, 0x03, 0x7A, 0x44, 0xE3, 0xA2, 0xF1, 0xDF, 0xC4, 0xE4, 0xAB, 0x31,
    0x0F, 0x1B, 0xDB, 0x4C, 0x62, 0x2A, 0x7A, 0xB2, 0x6D, 0x18, 0xCC, 0x38, 0x1B, 0x40, 0x1D, 0xFF,
    0xF5, 0x76, 0x31, 0x99, 0x5D, 0x8C, 0xAE, 0xF1, 0x68, 0xA9, 0xF8, 0x07, 0xBA, 0x8A, 0xEF, 0xD3,
    0x29, 0xB6, 0x67, 0xE4, 0x3E, 0x4E, 0x07, 0x38, 0x41, 0x1F, 0xF0, 0xC9, 0x70, 0x1A, 0xD5, 0x27,
    0x94, 0x4B, 0x02, 0xD4, 0x3E, 0x43, 0xDD, 0xAD, 0x80, 0x17, 0xEE, 0xB0, 0xB9, 0x12, 0xEB, 0x7E,
    0xF8, 0x6F, 0x6E, 0x2F, 0x2B, 0xCB, 0xFF, 0x41, 0xD9, 0x6A, 0x0A, 0x30, 0x2B, 0xDA, 0x7C, 0x42,
    0x43, 0x3D, 0xE3, 0xC4, 0x90, 0xAC, 0x05, 0x03, 0x14, 0x7F, 0x3A, 0x05, 0xBC, 0xC2, 0x52, 0xF1,
    0x27, 0xAC, 0x2F, 0xF0, 0x4F, 0x72, 0x17, 0x64, 0x7F, 0x91, 0x6F, 0xB3, 0x8B, 0x75, 0xD2, 0xBA,
    0x5E, 0x27, 0x3D, 0xD6, 0x47, 0xE5, 0xF1, 0xA8, 0x38, 0x2E, 0x30, 0xE4, 0x3D, 0x48, 0x11, 0xC7,
    0x2E, 0xBA, 0x94, 0x37, 0x9A, 0x01, 0xB1, 0xD0, 0xE6, 0xE3, 0xEA, 0x34, 0x57, 0x97, 0x11, 0x78,
    0x76, 0x75, 0x19, 0x87, 0xC5, 0x19, 0x72, 0x71, 0x04, 0x6B, 0xE9, 0x31, 0x26, 0x13, 0x8C, 0xB8,
    0x7C, 0x48, 0x09, 0x03, 0xF0, 0xE3, 0xA6, 0x4B, 0x29, 0x49, 0x26, 0x59, 0x26, 0x1C, 0x66, 0x27,
    0x68, 0x03, 0x6E, 0xD2, 0xC2, 0xD0, 0x4B, 0x14, 0xB6, 0xD0, 0xA4, 0xB8, 0xC6, 0x01, 0x0D, 0x6D,
    0x70, 0xA6, 0x07, 0x36, 0xD1, 0x15, 0x1E, 0x3D, 0x1A, 0x71, 0x7A, 0x52, 0x03, 0x8C, 0xB8, 0x0D,
    0x95, 0x0F, 0x2E, 0x61, 0xAB, 0x78, 0x6B, 0x42, 0x53, 0x1A, 0x12, 0xF4, 0xE4, 0x04, 0x71, 0x85,
    0x2F, 0xD8, 0x63, 0x29, 0x3B, 0xC7, 0x79, 0xAE, 0x33, 0x1A, 0x96, 0x9B, 0x29, 0xF3, 0x4F, 0x94,
    0x2E, 0xF3, 0xB9, 0x75, 0x1B, 0x5F, 0xB4, 0x01, 0xA6, 0xED, 0x94, 0x37, 0x9F, 0x0A, 0x0E, 0x5A,
    0xE5, 0xAB, 0x03, 0x5B, 0x90, 0xF4, 0x01, 0x47, 0x3E, 0x9D, 0x0E, 0x0F, 0xEB, 0x64, 0x3A, 0x3C,
    0xAA, 0xC1, 0xCF, 0x59, 0x82, 0x1F, 0x11, 0xE0, 0x2D, 0xC1, 0xCD, 0x80, 0x26, 0xE2, 0x77, 0x13,
    0x50, 0x95, 0x92, 0x63, 0x78, 0xC4, 0xD2, 0x90, 0x03, 0xAA, 0x38, 0x7D, 0xF5, 0x2C, 0x5D, 0x10,
    0x0B, 0xE3, 0xA2, 0xE4, 0x7D, 0x14, 0x3D, 0xDC, 0x97, 0x9B, 0x8C, 0x72, 0xEB, 0xEB, 0x08, 0xB0,
    0x8A, 0x8D, 0xD2, 0xCC, 0x42, 0x11, 0x92, 0x88, 0x32, 0x8A, 0x2C, 0x13, 0xFD, 0x4B, 0x20, 0xE1,
    0xB0, 0x00, 0x79, 0x7C, 0x72, 0x18, 0x51, 0xC6, 0x53, 0x34, 0x67, 0x7B, 0x64, 0xDC, 0xF6, 0xC8,
    0xC9, 0x1E, 0x66, 0x28, 0x7A, 0x54, 0x2E, 0xEF, 0xD1, 0x74, 0x27, 0x10, 0xEB, 0x4C, 0x2F, 0x20,
    0x07, 0x68, 0x6E, 0x25, 0xCA, 0x59, 0xCE, 0xAB, 0xC6, 0x8F, 0x77, 0x77, 0x77, 0x51, 0x91, 0x9C,
    0x1D, 0x70, 0xEA, 0x32, 0xA0, 0x38, 0x01, 0xF9, 0x54, 0x59, 0x54, 0x9D, 0xE9, 0x64, 0x42, 0x5D,
    0xCA, 0x32, 0x77, 0x8A, 0xD8, 0xD4, 0x1B, 0xCE, 0xB9, 0x72, 0x33, 0xE2, 0x8B, 0x11, 0x91, 0x73,
    0xE7, 0xDC, 0x5C, 0x57, 0x91, 0x1D, 0xE2, 0x75, 0xB1, 0x47, 0xCA, 0x3A, 0x77, 0x31, 0x0A, 0x2A,
    0x67, 0x3A, 0x14, 0x12, 0x59, 0xC6, 0x88, 0xA3, 0x19, 0xF2, 0x67, 0x9C, 0x44, 0xDE, 0x0C, 0x92,
    0xD2, 0x81, 0x1D, 0xC0, 0x16, 0x2C, 0xA3, 0x78, 0x88, 0xA8, 0x3E, 0x8A, 0x6E, 0xA3, 0x98, 0x32,
    0xCA, 0x75, 0x88, 0x7C, 0x38, 0x04, 0xEE, 0xF0, 0xCE, 0xB8, 0x73, 0x1E, 0x94, 0xE2, 0xD1, 0xCC,
    0x02, 0x1E, 0xD1, 0x02, 0xE0, 0x67, 0x9C, 0xFB, 0xD1, 0x45, 0xA9, 0x86, 0x28, 0x66, 0x8C, 0xA2,
    0x19, 0x25, 0x63, 0x2D, 0xA2, 0xD8, 0x22, 0x61, 0x97, 0x30, 0xE6, 0xAB, 0x6C, 0x58, 0x06, 0xA9,
    0x9F, 0x63, 0xBD, 0x3E, 0x23, 0x74, 0x33, 0x32, 0x2A, 0x77, 0x5D, 0xF0, 0x9E, 0x60, 0x2F, 0x63,
    0xEA, 0x90, 0x11, 0x08, 0x78, 0x43, 0xE0, 0x05, 0xAD, 0x74, 0x01, 0x14, 0xF9, 0x1D, 0xA4, 0x6F,
    0x72, 0xC4, 0xFC, 0x42, 0x16, 0x04, 0x52, 0x4A, 0xC3, 0x36, 0x20, 0x89, 0xDD, 0x22, 0x48, 0x8F,
    0x44, 0x70, 0xB2, 0xFC, 0x7D, 0x35, 0xAA, 0x5F, 0x9D, 0xEE, 0x16, 0x93, 0x54, 0x76, 0x36, 0x4F,
    0x92, 0xD3, 0xEC, 0xAA, 0x3B, 0x6C, 0xDA, 0xE8, 0x7E, 0x9B, 0x8D, 0x7A, 0xE9, 0xA2, 0xFD, 0x66,
    0x09, 0x9B, 0x0F, 0x6A, 0xB9, 0xD0, 0xB8, 0x94, 0xAB, 0x4B, 0x58, 0xCE, 0x9D, 0x3B, 0xAC, 0x37,
    0xDB, 0x82, 0x31, 0xB6, 0xC8, 0xC3, 0x2E, 0x61, 0xBD, 0xB8, 0x94, 0xB5, 0x9C, 0xC4, 0xD9, 0x96,
    0x93, 0xE6, 0x72, 0x74, 0x8A, 0x8A, 0x7E, 0x71, 0xFA, 0x80, 0xC0, 0x66, 0x0A, 0x3F, 0xD3, 0xB2,
    0x7C, 0x72, 0x3B, 0x22, 0xF3, 0xC6, 0xB2, 0x36, 0xF4, 0xF2, 0x26, 0x05, 0xF7, 0x86, 0xF6, 0x30,
    0xAE, 0xB1, 0x2C, 0x5F, 0xD7, 0x8C, 0x0B, 0x0C, 0x61, 0x9A, 0x2D, 0x27, 0xF0, 0xC8, 0x23, 0x9F,
    0x36, 0xBC, 0x9D, 0xAC, 0x2B, 0x20, 0x52, 0x1E, 0xE7, 0xE3, 0xBE, 0x9B, 0x56, 0xB7, 0x19, 0x57,
    0xA7, 0xFD, 0xA3, 0xEE, 0xE9, 0xAB, 0xAB, 0x9B, 0x57, 0x2B, 0xE4, 0x74, 0x80, 0xB9, 0xE5, 0x65,
    0x4D, 0x08, 0x60, 0x19, 0x31, 0x06, 0xC4, 0xD3, 0xDF, 0x0B, 0x6E, 0x0D, 0x02, 0x07, 0x34, 0x77,
    0x02, 0x0C, 0x5B, 0x41, 0x3D, 0xCF, 0xE3, 0xF7, 0xF4, 0x04, 0xBC, 0x9C, 0x11, 0xB8, 0x1E, 0x90,
    0x50, 0xB3, 0x56, 0x24, 0xED, 0x26, 0xA0, 0xD3, 0xDB, 0xB1, 0x72, 0xC5, 0x5B, 0x83, 0xE9, 0xCD,
    0xC6, 0x15, 0x7E, 0x4C, 0xAD, 0xFC, 0x93, 0x52, 0x8F, 0xC0, 0x33, 0xD9, 0x88, 0xD4, 0xA9, 0x11,
    0x9B, 0x5E, 0x79, 0x64, 0x43, 0x80, 0x9A, 0x74, 0x8F, 0x34, 0xDE, 0x66, 0x31, 0x3D, 0x76, 0xAB,
    0x41, 0xDC, 0x60, 0x1A, 0xEE, 0xB2, 0x57, 0x2C, 0x69, 0x23, 0x8E, 0xEB, 0x9C, 0xE2, 0xAB, 0x84,
    0xE2, 0x35, 0x1F, 0xC0, 0x2E, 0xE0, 0x3F, 0x8F, 0xDB, 0x6A, 0x6A, 0x09, 0xEF, 0x17, 0x00, 0xA7,
    0x04, 0xC5, 0x31, 0xAA, 0xCB, 0xEB, 0xA7, 0xE2, 0xC4, 0x32, 0xA1, 0x35, 0xB5, 0x22, 0x8C, 0x7C,
    0x12, 0x14, 0xB2, 0xB1, 0xEB, 0xBA, 0xF0, 0xF7, 0xBF, 0xD1, 0xEE, 0xE3, 0xD4, 0xEE, 0x15, 0xD3,
    0x17, 0xEC, 0x4D, 0xFF, 0x1C, 0xBB, 0xD0, 0x4A, 0x1B, 0x51, 0xF8, 0xB8, 0xE3, 0x04, 0x64, 0x0C,
    0x50, 0xAC, 0x69, 0xC1, 0x23, 0xD6, 0xC8, 0x39, 0xCA, 0x68, 0xE5, 0x89, 0xC1, 0x23, 0xF2, 0x5E,
    0x08, 0xE3, 0x1F, 0x94, 0x6A, 0x8A, 0x72, 0xC4, 0x28, 0x87, 0x14, 0x26, 0x07, 0x94, 0xEE, 0xCA,
    0xD1, 0x8A, 0x74, 0x51, 0x36, 0x56, 0xDE, 0x81, 0x8A, 0x52, 0xCA, 0x46, 0xC8, 0xFA, 0xD9, 0x8B,
    0x6F, 0x57, 0xF7, 0x76, 0x00, 0x83, 0x62, 0x80, 0x88, 0xCC, 0xC6, 0xD2, 0xB6, 0x08, 0x7C, 0x5C,
    0xB9, 0x92, 0x21, 0x66, 0x49, 0x39, 0xC9, 0x93, 0x48, 0x4A, 0x0B, 0x2D, 0x67, 0x1D, 0xC8, 0xDA,
    0x70, 0x02, 0x69, 0x2B, 0x12, 0x78, 0xF2, 0x2A, 0x90, 0x90, 0x2D, 0x36, 0xF7, 0x9A, 0x1E, 0xDA,
    0x69, 0x8F, 0xDC, 0x65, 0x23, 0xB4, 0x60, 0x53, 0x07, 0x40, 0xC6, 0x21, 0xC9, 0x52, 0x50, 0xEF,
    0x5C, 0xE0, 0x0E, 0x20, 0xE9, 0xDB, 0x69, 0xBE, 0xDC, 0xC1, 0xF1, 0xE8, 0x65, 0xBE, 0x24, 0x73,
    0x90, 0x17, 0x73, 0x44, 0xD1, 0xAB, 0x11, 0xB9, 0x97, 0xA7, 0x83, 0x7F, 0xE9, 0x65, 0x0C, 0x1B,
    0x47, 0x93, 0xF7, 0x5A, 0xB0, 0xB7, 0x22, 0x99, 0x4A, 0x20, 0xEE, 0x9F, 0x9C, 0x46, 0xA8, 0x69,
    0x8F, 0xD0, 0x7E, 0x4F, 0xE2, 0xED, 0x35, 0x30, 0x6E, 0xEF, 0x79, 0x01, 0x50, 0x1D, 0xA3, 0x39,
    0x89, 0xEA, 0x18, 0x26, 0xA2, 0xDF, 0x7B, 0x11, 0xD2, 0xB7, 0x8C, 0x51, 0x14, 0xF7, 0x18, 0x23,
    0x2F, 0x63, 0xE0, 0xBD, 0x13, 0x83, 0xCB, 0x7F, 0xD1, 0x3E, 0x1B, 0x1F, 0x0F, 0x92, 0xF4, 0x11,
    0xF9, 0x78, 0x61, 0x3A, 0x1F, 0xEB, 0xBE, 0x11, 0xA6, 0x80, 0x0D, 0xDF, 0xD1, 0x5E, 0x71, 0x94,
    0x8C, 0x4A, 0x66, 0x9F, 0x28, 0x11, 0xCB, 0x73, 0x1C, 0x00, 0x92, 0x50, 0xA3, 0xA2, 0xCD, 0x7A,
    0xD0, 0x6A, 0x87, 0x46, 0x60, 0x24, 0xB1, 0x3F, 0x58, 0x76, 0x2A, 0x5A, 0x20, 0x93, 0x9E, 0x8A,
    0x6C, 0xE7, 0x05, 0x17, 0x39, 0x89, 0x98, 0x5E, 0xB1, 0xAD, 0xD8, 0x0E, 0x80, 0xE9, 0xF2, 0x6D,
    0x53, 0x74, 0x67, 0x8E, 0xB6, 0xBF, 0xE8, 0x5E, 0xBA, 0xBB, 0xFF, 0x57, 0xFB, 0xF2, 0xDD, 0xFD,
    0xC6, 0x9A, 0xBB, 0xFB, 0x84, 0x26, 0xFD, 0xF2, 0xA2, 0x1E, 0xFE, 0xAB, 0x06, 0xEE, 0xEE, 0x2F,
    0x90, 0x4D, 0xF4, 0x72, 0x45, 0xD2, 0x09, 0x24, 0x0A, 0x1E, 0xAC, 0xBB, 0xC6, 0x6B, 0xAE, 0xCA,
    0xB8, 0x71, 0x97, 0x32, 0xAA, 0x19, 0x6F, 0x64, 0x4C, 0x3B, 0x64, 0x04, 0xBE, 0x2E, 0x92, 0x13,
    0x9B, 0x84, 0xC4, 0x95, 0x03, 0x4D, 0x17, 0x9F, 0xA9, 0xDD, 0x6B, 0xD3, 0x15, 0x39, 0xDF, 0xBD,
    0xC6, 0x2B, 0xD0, 0x63, 0xAC, 0x43, 0xE5, 0x40, 0x96, 0xE0, 0x3D, 0xE0, 0x35, 0xB6, 0xF1, 0x1C,
    0xC6, 0xC7, 0x23, 0xB6, 0xE7, 0x23, 0xA0, 0x29, 0xE1, 0x7B, 0xA8, 0x70, 0xE0, 0x54, 0xB9, 0x7E,
    0x75, 0x2E, 0x48, 0x69, 0x8F, 0x71, 0xD3, 0x06, 0x6C, 0x05, 0x2C, 0x03, 0x7A, 0x40, 0x49, 0x43,
    0x21, 0x0D, 0x95, 0x34, 0xFC, 0x86, 0x53, 0x52, 0xA6, 0xEC, 0x32, 0xA7, 0x64, 0x16, 0x8C, 0xA0,
    0x0A, 0xE8, 0xBE, 0x4F, 0x9B, 0xB5, 0x69, 0x70, 0x36, 0xA0, 0x42, 0xCA, 0x3B, 0x6B, 0x1A, 0x4F,
    0x1D, 0x2F, 0xCB, 0x99, 0x17, 0x16, 0x14, 0x9E, 0xB9, 0x58, 0x07, 0xBE, 0x9E, 0x59, 0xA1, 0xFA,
    0xC7, 0xF5, 0x12, 0x66, 0xCB, 0x79, 0x67, 0xE6, 0x08, 0x4D, 0xBE, 0x4B, 0x24, 0xEF, 0x5A, 0x14,
    0x80, 0xB2, 0xD0, 0xE5, 0xCA, 0x7F, 0x7E, 0x57, 0xC8, 0x4B, 0x39, 0x02, 0x79, 0x29, 0xF0, 0x90,
    0x1E, 0xD0, 0x1F, 0xCA, 0x1A, 0x6E, 0xDA, 0xA4, 0x04, 0xE6, 0xC9, 0x39, 0x70, 0x78, 0x0A, 0x48,
    0x7A, 0x9C, 0x06, 0x30, 0xA1, 0x09, 0x6C, 0x38, 0xC5, 0xF1, 0x7D, 0x4C, 0xB7, 0x0B, 0xC4, 0xB3,
    0x82, 0xA7, 0x05, 0x12, 0xFD, 0x21, 0x5E, 0xBC, 0x1D, 0x2F, 0x8F, 0x9F, 0x0D, 0xF3, 0x3A, 0xAD,
    0xCF, 0xCA, 0x83, 0xAA, 0x5F, 0x25, 0x72, 0xA7, 0x4B, 0xD6, 0x46, 0x68, 0x4D, 0xA7, 0xCB, 0x26,
    0xB2, 0x6A, 0xAB, 0x56, 0x97, 0xA6, 0xFB, 0x66, 0x5C, 0x27, 0xE6, 0xB6, 0x80, 0x50, 0xF2, 0x59,
    0xAE, 0x68, 0x9B, 0x2E, 0xC0, 0xB8, 0x47, 0x21, 0x0D, 0x37, 0x68, 0x7F, 0xCD, 0x2D, 0xE7, 0x8D,
    0xE4, 0x05, 0x7E, 0x3C, 0xCF, 0x58, 0x70, 0xFF, 0xBD, 0xBA, 0xD4, 0x89, 0x8B, 0x75, 0x11, 0x86,
    0xD3, 0x02, 0xE0, 0xDC, 0x39, 0xA1, 0x73, 0xF7, 0xF9, 0xA5, 0x30, 0x23, 0x4B, 0xA0, 0xF9, 0x8A,
    0x0E, 0x6A, 0x72, 0x47, 0x23, 0xB2, 0xC1, 0x7D, 0x21, 0x77, 0xEC, 0x1C, 0x6B, 0xD3, 0x3A, 0x57,
    0x59, 0x63, 0x9D, 0x33, 0xB6, 0x12, 0xD6, 0x4D, 0xE0, 0x19, 0x34, 0x16, 0xC0, 0xC2, 0x2A, 0xD2,
    0x3C, 0xC0, 0xA2, 0x13, 0x6A, 0x27, 0x54, 0x83, 0x30, 0x19, 0x85, 0x15, 0xC9, 0x09, 0x4D, 0x20,
    0x4F, 0x10, 0x2F, 0x6A, 0x79, 0x46, 0x56, 0x24, 0x55, 0x1E, 0x13, 0xD3, 0x09, 0x26, 0xD9, 0x2F,
    0x59, 0xCA, 0x7E, 0x59, 0x2B, 0x26, 0xB4, 0x2B, 0xE4, 0x54, 0x11, 0x8A, 0x99, 0x0F, 0x60, 0x2D,
    0xE8, 0x03, 0x36, 0x0C, 0x00, 0xAD, 0xA0, 0x0B, 0x68, 0xDC, 0x0A, 0x39, 0x2D, 0xD9, 0x4A, 0xBC,
    0x3A, 0x46, 0x0E, 0xE8, 0x8E, 0xC7, 0x5D, 0x71, 0x5A, 0x00, 0x49, 0x89, 0x5C, 0x4A, 0x2F, 0xCB,
    0x55, 0xD1, 0xAB, 0xC9, 0x38, 0x35, 0x86, 0x30, 0xBD, 0xBC, 0x9E, 0x7C, 0xF8, 0x70, 0x40, 0xE3,
    0xE2, 0x92, 0xFF, 0x94, 0xF1, 0x21, 0x04, 0x5F, 0x1B, 0x37, 0xE4, 0x20, 0x31, 0x90, 0x9C, 0xC7,
    0x5A, 0x2A, 0xD2, 0xAF, 0xC7, 0xFF, 0x01, 0x8D, 0x91, 0x21, 0x8C, 0x14, 0x41, 0x10, 0x45, 0xFF,
    0xDE, 0x72, 0xD9, 0x84, 0x49, 0x68, 0x05, 0x8E, 0xB4, 0xBF, 0xE4, 0x18, 0x2F, 0x60, 0xDA, 0x61,
    0x11, 0x00, 0x09, 0x5E, 0xE1, 0x25, 0x64, 0x97, 0x20, 0x90, 0x87, 0x39, 0x8F, 0x41, 0xDC, 0x20,
    0xF0, 0xC9, 0x25, 0x53, 0x28, 0xEC, 0x7A, 0xC3, 0x78, 0xC3, 0x88, 0x4D, 0x58, 0xD1, 0x33, 0x45,
    0xFD, 0x4C, 0xA5, 0xD9, 0xCD, 0x0A, 0xA8, 0xA4, 0x5F, 0xEE, 0x7A, 0xAA, 0x7F, 0xD5, 0xFF, 0x0B,
    0xAF, 0x15, 0x81, 0x5A, 0xC8, 0x2E, 0x19, 0x96, 0xA3, 0x01, 0x61, 0x20, 0x1B, 0x5E, 0x2F, 0x26,
    0xB0, 0x6F, 0x4F, 0xC6, 0x2D, 0x5E, 0xB6, 0x9F, 0xD7, 0x6A, 0x35, 0x1C, 0x32, 0xF6, 0xB8, 0xDF,
    0x7E, 0x9A, 0x7B, 0xA0, 0x28, 0x6F, 0xA9, 0x53, 0x34, 0xD1, 0x6D, 0x7C, 0x56, 0x99, 0x5B, 0xAA,
    0xDC, 0xAF, 0xF9, 0x60, 0xA1, 0x99, 0xAF, 0x74, 0xA2, 0xC2, 0x4F, 0x3E, 0x6B, 0xAE, 0xAE, 0xB6,
    0xC0, 0x14, 0x3E, 0xEC, 0x70, 0x96, 0xC3, 0xF7, 0x8C, 0x6A, 0x88, 0xB2, 0x46, 0x94, 0x28, 0xB5,
    0x34, 0x88, 0x52, 0x0D, 0x0F, 0x4D, 0x61, 0x29, 0xAE, 0x73, 0xC4, 0x66, 0xFB, 0x6F, 0x1E, 0x56,
    0x45, 0x98, 0x26, 0x19, 0x76, 0xE4, 0x99, 0x1B, 0x48, 0x64, 0xEC, 0xC9, 0x62, 0xF6, 0xA2, 0x7D,
    0x66, 0x66, 0x4F, 0x33, 0xB9, 0xB8, 0x49, 0x1E, 0x82, 0xFE, 0xED, 0xAF, 0xFB, 0xD3, 0xA0, 0xCB,
    0xAC, 0x0A, 0x87, 0xF5, 0x9F, 0x9B, 0x9F, 0xF8, 0xBD, 0x04, 0x73, 0x68, 0x52, 0x94, 0xD0, 0xCF,
    0xF9, 0x54, 0x43, 0x90, 0x8E, 0xB9, 0xBD, 0xCF, 0x80, 0x86, 0x8F, 0x3B, 0x78, 0x9E, 0xE1, 0x17,
    0xB3, 0x9D, 0x73, 0x86, 0xEE, 0x4B, 0xFE, 0xDC, 0xA7, 0xD4, 0xC2, 0x8F, 0xB5, 0x6F, 0xE6, 0x63,
    0xCF, 0xFB, 0xF9, 0x00, 0xCA, 0xBF, 0xF6, 0xA0, 0x0A, 0xBF, 0x4E, 0x20, 0xFC, 0x5F, 0x7E, 0xF0,
    0x16, 0x9D, 0x17, 0xDE, 0xDB, 0x7D, 0x02, 0xAD, 0x4E, 0xD6, 0xD6, 0xB2, 0xBE, 0xEA, 0xA6, 0x51,
    0xAF, 0xBE, 0x53, 0xAF, 0xA1, 0xDC, 0x6D, 0xC3, 0xF8, 0x82, 0xF5, 0x4A, 0x13, 0x35, 0xA9, 0x3F,
    0x82, 0x9A, 0xD4, 0xA3, 0x93, 0xCC, 0xFD, 0xA8, 0x1F, 0x94, 0x31, 0x6B, 0xE2, 0x70, 0x01, 0xE2,
    0x58, 0xF6, 0xDB, 0x79, 0x5A, 0x3C, 0x14, 0x48, 0x3C, 0x47, 0x39, 0xB7, 0xD7, 0x80, 0x5A, 0x39,
    0xE4, 0xBC, 0x85, 0xF2, 0xD5, 0x44, 0x91, 0xCC, 0x94, 0x32, 0xFD, 0xDE, 0x86, 0x6C, 0x58, 0xAA,
    0x01, 0x2A, 0x06, 0x8B, 0xEB, 0x2D, 0x62, 0xC6, 0x3B, 0x54, 0x6A, 0x38, 0x53, 0x79, 0xEC, 0x3F,
    0xEF, 0x25, 0xE6, 0x3A, 0x7F, 0xD3, 0xA5, 0x48, 0x1F, 0x44, 0x7F, 0xF7, 0x1A, 0x5D, 0x0F, 0xEB,
    0xE3, 0xBE, 0xBF, 0xB9, 0xD1, 0x0F, 0x83, 0x3E, 0x15, 0xAC, 0xC6, 0x95, 0xA0, 0xDE, 0x57, 0x62,
    0x0D, 0x95, 0x98, 0x50, 0x25, 0x26, 0x19, 0xA4, 0xCE, 0x86, 0x6E, 0x30, 0x34, 0x62, 0x08, 0x38,
    0xAA, 0x40, 0xF0, 0x83, 0xD8, 0x26, 0xDE, 0xCC, 0x67, 0x14, 0xA0, 0xD4, 0x60, 0x88, 0x14, 0x5D,
    0x4D, 0x26, 0xCF, 0x41, 0x3E, 0x92, 0xC3, 0xB9, 0xC6, 0xBD, 0x2F, 0x69, 0xDD, 0x73, 0x35, 0xC2,
    0xB6, 0x5A, 0xBC, 0xFE, 0xC6, 0xED, 0xEF, 0x00, 0xB4, 0xF0, 0x84, 0x66, 0x68, 0x4B, 0x68, 0xD0,
    0xAC, 0xD6, 0x79, 0x36, 0x7D, 0xBB, 0x50, 0xF1, 0x20, 0x42, 0xF6, 0x70, 0x72, 0x97, 0x3C, 0x30,
    0x1D, 0x08, 0x79, 0xD0, 0x1E, 0x64, 0xFA, 0xE8, 0xE6, 0x39, 0xF0, 0x07, 0xBC, 0xD3, 0x81, 0x86,
    0x25, 0x47, 0x14, 0xC6, 0xF1, 0x7F, 0x77, 0xA1, 0xD9, 0x96, 0x14, 0x80, 0x18, 0x34, 0x40, 0x12,
    0x68, 0x08, 0x60, 0x67, 0xBB, 0xC9, 0x03, 0x24, 0xD0, 0x79, 0x86, 0x04, 0xE4, 0x05, 0x42, 0x37,
    0xFB, 0x02, 0xFB, 0x1A, 0x09, 0x2C, 0x40, 0xB0, 0x99, 0x6A, 0x82, 0x00, 0x34, 0x04, 0x04, 0x0A,
    0x01, 0x59, 0xA4, 0xD0, 0xA1, 0x37, 0xAA, 0xEB, 0x4B, 0xF5, 0xCC, 0xDC, 0xB9, 0xB9, 0x63, 0x82,
    0xC0, 0x1E, 0xFC, 0x0E, 0xEA, 0xAB, 0x73, 0xAF, 0x7B, 0x4F, 0x71, 0x95, 0xA0, 0x90, 0x02, 0xC5,
    0xDF, 0x6E, 0x87, 0xBE, 0x16, 0x60, 0x34, 0x41, 0xA1, 0x19, 0xD0, 0x02, 0xC8, 0xD3, 0x26, 0xF9,
    0x52, 0x92, 0xAF, 0x35, 0xC9, 0x37, 0x09, 0xF9, 0x2E, 0xA2, 0x65, 0x5C, 0x73, 0xCE, 0x85, 0x52,
    0xB3, 0x42, 0xBE, 0x76, 0x80, 0xF3, 0x55, 0x62, 0x0C, 0x36, 0xD2, 0x85, 0x36, 0x60, 0x93, 0x66,
    0x8C, 0x12, 0xF0, 0xE9, 0x2B, 0xA0, 0x10, 0x60, 0xD4, 0x1F, 0xCC, 0x50, 0x1F, 0x58, 0x79, 0x68,
    0x14, 0xE0, 0xDA, 0xAD, 0xF0, 0xBC, 0x8B, 0xF0, 0xE3, 0xC1, 0xDA, 0x26, 0x8A, 0x60, 0x85, 0xF1,
    0x56, 0xBD, 0x99, 0x2B, 0x4D, 0xF5, 0x9C, 0xEF, 0xD9, 0xBE, 0x94, 0x6F, 0x28, 0x14, 0x5E, 0x80,
    0xC2, 0x35, 0xB8, 0xED, 0xA7, 0x61, 0x70, 0x51, 0xB9, 0xF6, 0x4B, 0x24, 0xEE, 0xDB, 0x95, 0x7E,
    0xFD, 0x4A, 0xBF, 0x93, 0x87, 0xE4, 0xDB, 0x17, 0x6D, 0x79, 0xCF, 0xCD, 0x9F, 0xDB, 0x7C, 0x34,
    0x29, 0x76, 0xD2, 0xA9, 0x15, 0x03, 0x0C, 0x3D, 0x9D, 0x24, 0x7F, 0x47, 0xC4, 0x7A, 0x9B, 0xA8,
    0x7D, 0xAD, 0x8C, 0xD1, 0x64, 0x42, 0xA1, 0xA5, 0x7C, 0x85, 0x0B, 0x40, 0xB7, 0x01, 0x4D, 0x04,
    0x6C, 0x02, 0x8C, 0x80, 0xF2, 0x96, 0x08, 0x98, 0x15, 0xB0, 0x1E, 0x68, 0x67, 0x60, 0x04, 0xD8,
    0x29, 0xD7, 0x72, 0xCB, 0x47, 0x55, 0xC0, 0x04, 0x3B, 0x67, 0xBA, 0x3F, 0x7E, 0x78, 0x1D, 0x3A,
    0x49, 0xFF, 0x02, 0x80, 0x21, 0x17, 0xCA, 0xD5, 0x9F, 0x01, 0x00, 0x30, 0x3D, 0x50, 0xCF, 0x40,
    0x03, 0xF0, 0x02, 0x20, 0x02, 0x45, 0x00, 0xCC, 0x02, 0xD8, 0x09, 0x68, 0x01, 0xAE, 0x01, 0x36,
    0xA0, 0x0C, 0x40, 0x35, 0x5F, 0x1C, 0x7E, 0x07, 0xB0, 0x02, 0x26, 0x9C, 0x26, 0xDA, 0xFE, 0x34,
    0xF1, 0x0D, 0xC0, 0x67, 0x9C, 0xEA, 0x6A, 0x1A, 0xBD, 0x82, 0x56, 0x85, 0xD1, 0x3F, 0x03, 0xA8,
    0x56, 0xA0, 0xBE, 0x25, 0x00, 0xF6, 0x16, 0x7F, 0xB0, 0x00, 0xCD, 0x0C, 0xB4, 0x07, 0xDD, 0x74,
    0xD0, 0x1F, 0x00, 0x8C, 0x00, 0x37, 0x0C, 0x5F, 0xB2, 0xA3, 0x48, 0xBC, 0xC3, 0xA5, 0x62, 0x03,
    0x1D, 0xB8, 0x32, 0xC0, 0xF8, 0x79, 0xA6, 0x7B, 0x99, 0x69, 0x7F, 0xF6, 0xD0, 0xFC, 0xB2, 0x80,
    0x7D, 0x7B, 0xDA, 0xDC, 0x4A, 0xD3, 0xFD, 0x36, 0x97, 0x02, 0x0A, 0x01, 0x7C, 0x0F, 0x7C, 0x03,
    0xCF, 0x7A, 0x2A, 0xAD, 0x68, 0xA5, 0x51, 0x32, 0x8A, 0x74, 0xD2, 0x17, 0x12, 0xEE, 0x4F, 0xA9,
    0x1F, 0x89, 0x85, 0x22, 0x4D, 0xBF, 0xD1, 0x6D, 0xD8, 0x29, 0x87, 0x52, 0x6E, 0x1B, 0x56, 0x53,
    0xD3, 0xEF, 0x8C, 0xFA, 0xCB, 0x31, 0xBE, 0xDD, 0xA4, 0x44, 0xA7, 0x30, 0x2A, 0x62, 0x35, 0x5B,
    0x05, 0x8A, 0x77, 0x14, 0x37, 0xE7, 0x7F, 0x40, 0x0B, 0xB4, 0x5A, 0xC1, 0xB5, 0x2B, 0x45, 0xB2,
    0x01, 0x13, 0x8B, 0x3E, 0x03, 0xD4, 0x0F, 0xD8, 0xA7, 0xD8, 0x81, 0x3A, 0x9D, 0xA8, 0x6E, 0x11,
    0x60, 0xFE, 0x8B, 0x52, 0xFD, 0x03, 0x5C, 0x90, 0xE0, 0x13, 0x13, 0xC1, 0xBD, 0xDC, 0x40, 0xBF,
    0x05, 0x70, 0x9A, 0xA0, 0xDE, 0x80, 0x72, 0xE3, 0x23, 0x1A, 0xF5, 0x2D, 0x9D, 0x7C, 0xC7, 0xF8,
    0x7A, 0x77, 0xDC, 0x18, 0x25, 0xDE, 0xA0, 0xC8, 0xD7, 0xB4, 0x1E, 0xF8, 0x1F, 0x39, 0x20, 0x00,
    0xE5, 0xC3, 0x8E, 0xD5, 0x33, 0xEE, 0x72, 0x3F, 0x87, 0xE1, 0xDD, 0xF0, 0x28, 0xF1, 0x38, 0x92,
    0x13, 0xC3, 0xA3, 0x04, 0x15, 0xE7, 0xE2, 0x39, 0x50, 0x45, 0x60, 0x4C, 0x50, 0x6B, 0x05, 0x97,
    0xA0, 0xD1, 0x02, 0xE3, 0x0E, 0xB8, 0xE5, 0xFE, 0x8C, 0x5A, 0x1E, 0x18, 0xD5, 0x43, 0xA5, 0x0D,
    0x68, 0xD3, 0xE9, 0xF1, 0xF1, 0x31, 0x00, 0x4F, 0xBE, 0x9F, 0x0F, 0x01, 0x5A, 0x0F, 0x74, 0xE2,
    0xFE, 0x23, 0x18, 0x35, 0x41, 0x79, 0x37, 0xE5, 0xE1, 0x77, 0xFF, 0x56, 0x50, 0x9D, 0xBF, 0x81,
    0x87, 0x2E, 0x01, 0xED, 0x02, 0x7C, 0xF0, 0xCF, 0x80, 0x18, 0xAB, 0x1D, 0x00, 0xBD, 0x94, 0x21,
    0x8C, 0xD4, 0x4E, 0x14, 0xC6, 0x5F, 0x6F, 0xFF, 0xB9, 0x15, 0x15, 0xE3, 0xCD, 0xBF, 0x5E, 0xD5,
    0xAB, 0x69, 0x82, 0x77, 0x80, 0xC5, 0x2B, 0xBC, 0xA1, 0x0D, 0x06, 0x8B, 0xC3, 0x4B, 0x0E, 0x2F,
    0x2F, 0x1D, 0x8F, 0x19, 0x6F, 0x18, 0xAF, 0x2A, 0x4A, 0x32, 0x81, 0xDD, 0x7E, 0xCC, 0xF7, 0xDE,
    0x2C, 0xE9, 0x5E, 0x48, 0x8E, 0x10, 0xB8, 0x97, 0xBB, 0xF9, 0xED, 0xEE, 0xFB, 0xB5, 0x7D, 0x5F,
    0xD3, 0x8E, 0x47, 0xA9, 0xF0, 0xF4, 0xEB, 0x0B, 0x2D, 0x81, 0xD6, 0xF0, 0x00, 0x77, 0xA5, 0x0A,
    0xA4, 0xD4, 0xFC, 0x84, 0xD0, 0xFA, 0x35, 0x8A, 0x30, 0x09, 0xEB, 0xB0, 0x28, 0xDC, 0x49, 0xE1,
    0xA1, 0x00, 0x02, 0x5B, 0x00, 0x9B, 0x0E, 0x60, 0x93, 0x31, 0xB5, 0xC5, 0xE6, 0x81, 0x58, 0xD8,
    0x62, 0xD3, 0x13, 0xB8, 0xA0, 0xFE, 0x58, 0x95, 0x7A, 0x40, 0x3D, 0xBC, 0x9E, 0xAC, 0x9E, 0xBA,
    0x5E, 0x88, 0xCD, 0x3A, 0xC4, 0x7E, 0x24, 0x0E, 0x78, 0x5D, 0xB1, 0xF2, 0xB0, 0x1A, 0xC5, 0x9D,
    0x8D, 0xE2, 0x99, 0x88, 0x05, 0x44, 0x53, 0x30, 0x9B, 0xE4, 0xB6, 0xCE, 0x24, 0x9F, 0x8F, 0x26,
    0x21, 0x35, 0x88, 0xAA, 0x4C, 0x32, 0xAE, 0xAA, 0x88, 0x50, 0x2A, 0x8A, 0x88, 0x4A, 0x48, 0x22,
    0x94, 0xA8, 0x08, 0x25, 0x2A, 0x94, 0x54, 0xA1, 0x24, 0x5E, 0x67, 0x6D, 0x19, 0x97, 0x1F, 0x7A,
    0x06, 0x66, 0x96, 0x99, 0x91, 0xCB, 0xFF, 0x0D, 0xBF, 0x51, 0x6A, 0x2D, 0xB6, 0x2A, 0xA2, 0x12,
    0x15, 0x4A, 0xAA, 0x50, 0x52, 0x85, 0x92, 0x2A, 0x3C, 0x16, 0x54, 0x78, 0x36, 0x2A, 0xAC, 0x1E,
    0x46, 0x69, 0x55, 0xA1, 0x44, 0x65, 0x7F, 0x9F, 0x6E, 0xEF, 0xB8, 0x36, 0x40, 0xB6, 0xFB, 0xCC,
    0x20, 0x1E, 0x60, 0x16, 0x6C, 0x2F, 0x91, 0x35, 0x4D, 0x7F, 0x96, 0xF6, 0xCC, 0x31, 0xC4, 0x51,
    0xC3, 0xD4, 0xF3, 0x34, 0x73, 0xF0, 0x91, 0x93, 0x44, 0x1F, 0x78, 0xAD, 0x34, 0x4E, 0x4C, 0x5B,
    0xB1, 0x5C, 0x10, 0x88, 0x54, 0x15, 0x3B, 0x20, 0xD4, 0xC3, 0x79, 0xB2, 0x06, 0x43, 0xBB, 0xE9,
    0xBD, 0x39, 0x20, 0x6A, 0x74, 0xE0, 0x13, 0x56, 0x1B, 0xA2, 0xD8, 0x6D, 0x81, 0x65, 0x4A, 0x44,
    0xF3, 0xFC, 0xD1, 0xA9, 0x01, 0x4E, 0x4D, 0x94, 0xA9, 0x77, 0x0F, 0x57, 0x99, 0x5A, 0x11, 0xBC,
    0x22, 0x1A, 0xD2, 0xB8, 0xC7, 0x72, 0x85, 0xE4, 0xF7, 0x08, 0xBD, 0xC1, 0x29, 0x86, 0x56, 0x61,
    0x17, 0xD2, 0xA9, 0xF1, 0xC8, 0xD4, 0xBB, 0xBA, 0xA9, 0x3C, 0x56, 0xB6, 0x83, 0xD1, 0x4D, 0xC6,
    0x2E, 0x18, 0xFB, 0x68, 0xF4, 0xA9, 0x72, 0x31, 0xCE, 0x95, 0xC8, 0x94, 0x60, 0x79, 0x8E, 0x46,
    0x11, 0x45, 0x66, 0xC3, 0x86, 0xD1, 0x06, 0x75, 0xFB, 0x59, 0x1B, 0x91, 0xEC, 0x7E, 0xBE, 0x48,
    0x88, 0x95, 0x0B, 0x39, 0x56, 0x22, 0x63, 0x55, 0x86, 0xEE, 0xC4, 0x14, 0x9B, 0x1C, 0x48, 0xBE,
    0x48, 0xF7, 0x64, 0x10, 0xE9, 0x0A, 0x6F, 0xF9, 0x59, 0xAC, 0xFE, 0x4D, 0xCE, 0xAD, 0xE6, 0x3C,
    0xD5, 0x9C, 0xB9, 0xE6, 0x5C, 0x66, 0xCD, 0xB9, 0x16, 0x93, 0x39, 0xCB, 0x7C, 0xA8, 0xF3, 0x5A,
    0xCE, 0xD0, 0x59, 0xCE, 0xB7, 0xCE, 0x72, 0xBE, 0xFA, 0x1C, 0x95, 0xF3, 0xF7, 0xBF, 0x91, 0xF3,
    0xF6, 0xBD, 0xC8, 0x47, 0x4E, 0x09, 0x71, 0x48, 0x7C, 0x12, 0xE2, 0x88, 0x93, 0x38, 0xE0, 0x2B,
    0xE7, 0xEB, 0xCF, 0xAF, 0x81, 0x0F, 0x98, 0x7C, 0x99, 0xF8, 0x2C, 0x73, 0x18, 0x43, 0x83, 0x45,
    0x7C, 0x18, 0xA7, 0xB2, 0x94, 0xC8, 0x85, 0x4E, 0x48, 0x9B, 0x2D, 0x68, 0xF8, 0xE2, 0xF5, 0x59,
    0x5F, 0xE6, 0x41, 0x77, 0x8F, 0x16, 0x7C, 0x01, 0x6D, 0x1B, 0x40, 0xB2, 0x3B, 0xE2, 0xB3, 0xED,
    0x13, 0x6E, 0x63, 0x5B, 0x28, 0xB0, 0x4D, 0x81, 0xED, 0x22, 0x7C, 0x43, 0x20, 0x1D, 0xD8, 0xA6,
    0xC0, 0x36, 0x85, 0xC5, 0xE8, 0x83, 0xD1, 0x19, 0x7E, 0x33, 0x0F, 0xB4, 0x26, 0x6F, 0x0C, 0xE3,
    0x35, 0xE3, 0x03, 0x06, 0x5F, 0xD9, 0x1B, 0x07, 0xA7, 0x60, 0x9E, 0xDD, 0x2B, 0x03, 0xE6, 0x21,
    0x99, 0x87, 0xE4, 0xB8, 0xD6, 0x56, 0xC1, 0xF2, 0xE0, 0x8F, 0xF2, 0xD4, 0x6A, 0xE2, 0x65, 0xF3,
    0x3F, 0x52, 0x77, 0xF1, 0xF2, 0xE0, 0x79, 0xDD, 0xA6, 0xA9, 0x6C, 0x5C, 0x78, 0xCE, 0x9B, 0xD3,
    0xB5, 0x9B, 0xB8, 0x04, 0xF9, 0x9F, 0x07, 0xCC, 0x83, 0x1F, 0xB8, 0xE7, 0x71, 0xC7, 0x7B, 0xC3,
    0xAD, 0xED, 0xBE, 0xF4, 0xD6, 0x53, 0xF1, 0x4F, 0xB9, 0x2C, 0xDB, 0x5A, 0x07, 0xB2, 0x65, 0x4C,
    0x75, 0x2E, 0xBB, 0xD6, 0x7F, 0x52, 0xEB, 0x30, 0x94, 0x3F, 0x17, 0xCB, 0x18, 0x7E, 0x15, 0xBF,
    0x8E, 0x67, 0x41, 0xEE, 0xF1, 0x0C, 0xA9, 0xC5, 0x17, 0x4C, 0x0D, 0xB0, 0xF1, 0xB9, 0xCC, 0x7C,
    0x39, 0x13, 0x13, 0x47, 0xC6, 0x5F, 0x45, 0xB8, 0x9B, 0x1D, 0xEC, 0x36, 0xBE, 0x43, 0xF4, 0x5B,
    0x83, 0x75, 0xCC, 0x32, 0xE6, 0x2E, 0x49, 0x97, 0x8E, 0x93, 0x1C, 0xA7, 0xA6, 0x44, 0x95, 0x1F,
    0xBD, 0x92, 0x21, 0x6C, 0x14, 0x41, 0x18, 0x85, 0xDF, 0xED, 0xA6, 0x6D, 0xC2, 0x8A, 0x51, 0x08,
    0x6A, 0xD6, 0xAB, 0xF3, 0x6A, 0x36, 0xF8, 0x04, 0x44, 0x8B, 0x45, 0x13, 0x44, 0x7D, 0x42, 0x72,
    0x8B, 0x37, 0xE7, 0x15, 0x02, 0x01, 0x98, 0x7A, 0x01, 0x33, 0x29, 0x02, 0x7B, 0xA4, 0xA9, 0xBF,
    0x04, 0x05, 0xA6, 0x9B, 0x70, 0x69, 0x96, 0xB0, 0x3B, 0x8F, 0x79, 0xFF, 0xA4, 0xB4, 0x3E, 0x97,
    0x5E, 0x72, 0xEF, 0x7B, 0xB7, 0xFB, 0x67, 0xF7, 0x7F, 0xF3, 0x0E, 0x38, 0xEE, 0xF0, 0x0A, 0xA8,
    0x38, 0x35, 0x1C, 0xE0, 0xAE, 0x93, 0x0F, 0x23, 0xFC, 0xB7, 0xC4, 0x76, 0x44, 0xB8, 0x20, 0x9B,
    0x01, 0xEC, 0xEB, 0x84, 0xAE, 0x62, 0xDF, 0x24, 0xA0, 0x66, 0xEF, 0x32, 0x8E, 0x78, 0xF5, 0x32,
    0x9D, 0xC0, 0x93, 0xE4, 0x74, 0x8B, 0x72, 0x6F, 0xBF, 0xF0, 0x9C, 0xC8, 0xE1, 0x16, 0xC0, 0xE1,
    0x7B, 0x00, 0x08, 0xDC, 0x00, 0xCD, 0x1C, 0x06, 0x60, 0xB9, 0xF3, 0x23, 0xB0, 0xDA, 0xBA, 0xEC,
    0x19, 0xAB, 0x35, 0x16, 0x8C, 0x00, 0x2A, 0xA9, 0xD6, 0x3C, 0xFD, 0x6C, 0xEB, 0xCD, 0x45, 0xF5,
    0xD8, 0x76, 0x1F, 0xEA, 0xB9, 0x23, 0x63, 0x51, 0xE0, 0x70, 0x0D, 0x60, 0xC1, 0xF4, 0x05, 0x70,
    0x7F, 0xA9, 0xB5, 0x2F, 0xA5, 0x21, 0x4A, 0x19, 0x5D, 0x42, 0xA5, 0x38, 0x25, 0x94, 0xB6, 0xCA,
    0xEA, 0xC9, 0xA2, 0xE5, 0xFA, 0x5E, 0xD4, 0x8E, 0x69, 0x5B, 0xD4, 0xAA, 0x3D, 0x5E, 0xC3, 0xCA,
    0xAD, 0xC9, 0x0E, 0xAA, 0x77, 0x79, 0xC3, 0x08, 0x15, 0x1C, 0x36, 0x1A, 0x09, 0x17, 0x89, 0xFD,
    0x2A, 0x42, 0x25, 0x13, 0x8F, 0x00, 0xD5, 0x4C, 0xE0, 0xFF, 0xF9, 0x97, 0xAA, 0x79, 0xFA, 0x42,
    0x1D, 0xD8, 0x67, 0x77, 0x67, 0xCA, 0xCC, 0xEA, 0x41, 0x8C, 0x85, 0xBA, 0x24, 0xEF, 0x8C, 0x05,
    0x7C, 0xD2, 0x95, 0x80, 0x0D, 0x6F, 0x46, 0x0B, 0xE8, 0xAF, 0x39, 0x5A, 0x40, 0x3E, 0x93, 0x51,
    0xC0, 0x5A, 0xC6, 0x02, 0xFA, 0xD1, 0x02, 0x26, 0x19, 0x3D, 0x59, 0xA6, 0x04, 0x3C, 0xC9, 0xA6,
    0xFC, 0x8D, 0xEF, 0x9B, 0x32, 0xF3, 0x30, 0xC6, 0x72, 0xFD, 0x20, 0x7B, 0x33, 0xBF, 0xB3, 0x01,
    0xCE, 0x7F, 0x02, 0x40, 0x63, 0x6D, 0xC2, 0xFF, 0x39, 0x9B, 0x33, 0x42, 0xB4, 0x82, 0x18, 0x6B,
    0x5A, 0x5D, 0xF7, 0x50, 0x5B, 0x79, 0xC2, 0x19, 0x29, 0xB0, 0xE0, 0x35, 0x3F, 0x09, 0x47, 0xC4,
    0xFE, 0x50, 0x0B, 0x5A, 0xE2, 0x57, 0x17, 0xC8, 0xA7, 0xB4, 0x97, 0x65, 0xAB, 0x3E, 0x70, 0xF0,
    0x5C, 0xAD, 0x84, 0x77, 0xF2, 0x4B, 0xDA, 0x35, 0x5E, 0x71, 0x00, 0x16, 0xC4, 0x72, 0x02, 0xAA,
    0x84, 0x56, 0x98, 0xE1, 0x32, 0x16, 0xE5, 0xD7, 0x81, 0xDD, 0xAB, 0xC8, 0xB7, 0xE4, 0xD4, 0x92,
    0x5F, 0x33, 0x7C, 0xF4, 0xDF, 0xCF, 0xD3, 0x87, 0xD0, 0xB5, 0x9B, 0x3C, 0xC2, 0xDE, 0xF5, 0xC2,
    0x06, 0xC8, 0x08, 0xC9, 0xE0, 0xB9, 0x13, 0x5A, 0x52, 0xA8, 0xC9, 0x98, 0x81, 0x33, 0x6E, 0x85,
    0x8A, 0x43, 0xC6, 0x1B, 0x78, 0x61, 0x86, 0x13, 0x08, 0xB7, 0x15, 0xFA, 0x65, 0x74, 0xFC, 0xB8,
    0x22, 0xBB, 0x86, 0xB3, 0xA3, 0x5E, 0x3D, 0xE1, 0x71, 0x87, 0xFC, 0xFD, 0x07, 0x44, 0xCB, 0xB1,
    0x15, 0xC2, 0x20, 0x14, 0x85, 0xE1, 0x17, 0x53, 0x58, 0x32, 0x42, 0x46, 0x60, 0x04, 0xDC, 0xC3,
    0x61, 0xC2, 0x08, 0x6E, 0x94, 0x8C, 0xC0, 0x08, 0x8C, 0x40, 0x61, 0xF1, 0xF4, 0x1C, 0xB9, 0xFE,
    0x48, 0x21, 0x29, 0x6E, 0x0E, 0xDF, 0x8F, 0xFD, 0xCF, 0x35, 0xCF, 0xDD, 0xEA, 0xDC, 0xDD, 0x7F,
    0xB3, 0xA8, 0x4F, 0x96, 0x08, 0x60, 0x89, 0x00, 0x7E, 0xDC, 0x7D, 0xB0, 0x2F, 0xD6, 0x07, 0xB7,
    0x50, 0x52, 0x86, 0x1B, 0x5F, 0x85, 0x3D, 0xB6, 0xE0, 0xBC, 0x96, 0x5A, 0xE8, 0xE3, 0xB5, 0xEA,
    0xA6, 0xBC, 0xB1, 0x67, 0x54, 0xDD, 0xD9, 0xBC, 0xCB, 0x93, 0xF4, 0xB9, 0x48, 0xCF, 0x40, 0x16,
    0xA5, 0xB2, 0xF2, 0x7F, 0x48, 0x37, 0x93, 0x1C, 0x32, 0x23, 0xE0, 0xCA, 0x8C, 0x00, 0x36, 0x5B,
    0xF5, 0x1E, 0x6C, 0xA6, 0x92, 0x60, 0x82, 0x33, 0xC2, 0x04, 0x25, 0xC1, 0x04, 0xAF, 0x03, 0xE6,
    0x68, 0xF0, 0x08, 0xE0, 0x19, 0xCC, 0x5D, 0xBF, 0x73, 0x40, 0xF2, 0x34, 0x00,
};

static const EpdGlyph sourceserif_16_boldGlyphs[] = {
    { 0, 0, 0, 0, 0, 0, 0 }, // U+0000
    { 0, 0, 139, 0, 0, 0, 0 }, // U+000D
    { 0, 0, 116, 0, 0, 0, 0 }, // U+0020
    { 7, 24, 183, 2, 23, 42, 0 }, // !
    { 14, 12, 247, 1, 25, 42, 42 }, // "
    { 19, 22, 302, 0, 22, 105, 84 }, // #
    { 17, 29, 296, 1, 25, 124, 189 }, // $
    { 30, 25, 502, 1, 23, 188, 313 }, // %
    { 24, 24, 395, 0, 23, 144, 501 }, // &
    { 6, 12, 125, 1, 25, 18, 645 }, // '
    { 10, 31, 212, 2, 25, 78, 663 }, // (
    { 10, 31, 212, 1, 25, 78, 741 }, // )
    { 15, 15, 240, 0, 25, 57, 819 }, // *
    { 17, 17, 297, 1, 19, 73, 876 }, // +
    { 8, 12, 164, 1, 6, 24, 949 }, // ,
    { 10, 4, 186, 1, 11, 10, 973 }, // -
    { 7, 7, 164, 2, 6, 13, 983 }, // .
    { 13, 30, 207, 0, 24, 98, 996 }, // /
    { 17, 23, 306, 1, 22, 98, 1094 }, // 0
    { 13, 22, 226, 1, 22, 72, 1192 }, // 1
    { 17, 22, 300, 1, 22, 94, 1264 }, // 2
    { 17, 23, 296, 1, 22, 98, 1358 }, // 3
    { 19, 23, 299, 0, 22, 110, 1456 }, // 4
    { 17, 23, 298, 1, 22, 98, 1566 }, // 5
    { 18, 23, 305, 1, 22, 104, 1664 }, // 6
    { 16, 22, 287, 1, 22, 88, 1768 }, // 7
    { 17, 23, 304, 1, 22, 98, 1856 }, // 8
    { 17, 23, 306, 1, 22, 98, 1954 }, // 9
    { 7, 18, 164, 2, 17, 32, 2052 }, // :
    { 8, 23, 164, 1, 17, 46, 2084 }, // ;
    { 16, 18, 297, 1, 20, 72, 2130 }, // <
    { 17, 11, 297, 1, 17, 47, 2202 }, // =
    { 17, 18, 297, 1, 20, 77, 2249 }, // >
    { 12, 24, 239, 2, 23, 72, 2326 }, // ?
    { 28, 28, 480, 1, 22, 196, 2398 }, // @
    { 23, 22, 373, 0, 22, 127, 2594 }, // A
    { 21, 22, 359, 1, 22, 116, 2721 }, // B
    { 20, 24, 347, 1, 23, 120, 2837 }, // C
    { 23, 22, 392, 1, 22, 127, 2957 }, // D
    { 19, 22, 330, 1, 22, 105, 3084 }, // E
    { 19, 22, 319, 1, 22, 105, 3189 }, // F
    { 22, 24, 378, 1, 23, 132, 3294 }, // G
    { 25, 22, 421, 1, 22, 138, 3426 }, // H
    { 12, 22, 211, 1, 22, 66, 3564 }, // I
    { 15, 27, 215, -2, 22, 102, 3630 }, // J
    { 23, 22, 388, 1, 22, 127, 3732 }, // K
    { 19, 22, 322, 1, 22, 105, 3859 }, // L
    { 30, 22, 488, 0, 22, 165, 3964 }, // M
    { 24, 23, 395, 0, 22, 138, 4129 }, // N
    { 23, 24, 390, 1, 23, 138, 4267 }, // O
    { 20, 22, 342, 1, 22, 110, 4405 }, // P
    { 23, 30, 390, 1, 23, 173, 4515 }, // Q
    { 23, 23, 380, 1, 22, 133, 4688 }, // R
    { 17, 24, 302, 1, 23, 102, 4821 }, // S
    { 22, 22, 351, 0, 22, 121, 4923 }, // T
    { 25, 23, 399, 0, 22, 144, 5044 }, // U
    { 23, 23, 367, 0, 22, 133, 5188 }, // V
    { 34, 23, 543, 0, 22, 196, 5321 }, // W
    { 23, 22, 360, 0, 22, 127, 5517 }, // X
    { 22, 22, 348, 0, 22, 121, 5644 }, // Y
    { 19, 22, 313, 0, 22, 105, 5765 }, // Z
    { 9, 30, 197, 3, 24, 68, 5870 }, // [
    { 13, 30, 207, 0, 24, 98, 5938 }, // <backslash>
    { 9, 30, 197, 0, 25, 68, 6036 }, // ]
    { 16, 11, 297, 1, 17, 44, 6104 }, // ^
    { 16, 4, 289, 1, 1, 16, 6148 }, // _
    { 8, 8, 213, 2, 26, 16, 6164 }, // `
    { 18, 18, 297, 1, 17, 81, 6180 }, // a
    { 20, 26, 337, 0, 25, 130, 6261 }, // b
    { 16, 18, 282, 1, 17, 72, 6391 }, // c
    { 19, 26, 331, 1, 25, 124, 6463 }, // d
    { 17, 18, 287, 1, 17, 77, 6587 }, // e
    { 16, 25, 200, 0, 25, 100, 6664 }, // f
    { 19, 26, 307, 0, 18, 124, 6764 }, // g
    { 21, 25, 344, 0, 25, 132, 6888 }, // h
    { 11, 25, 179, 0, 25, 69, 7020 }, // i
    { 13, 33, 170, -4, 25, 108, 7089 }, // j
    { 21, 25, 334, 0, 25, 132, 7197 }, // k
    { 11, 25, 180, 0, 25, 69, 7329 }, // l
    { 31, 17, 506, 0, 17, 132, 7398 }, // m
    { 21, 17, 345, 0, 17, 90, 7530 }, // n
    { 18, 18, 315, 1, 17, 81, 7620 }, // o
    { 21, 25, 338, 0, 17, 132, 7701 }, // p
    { 19, 25, 326, 1, 17, 119, 7833 }, // q
    { 17, 17, 259, 0, 17, 73, 7952 }, // r
    { 14, 18, 254, 1, 17, 63, 8025 }, // s
    { 13, 23, 198, 0, 22, 75, 8088 }, // t
    { 21, 18, 340, 0, 17, 95, 8163 }, // u
    { 19, 18, 301, 0, 17, 86, 8258 }, // v
    { 28, 18, 448, 0, 17, 126, 8344 }, // w
    { 20, 17, 312, 0, 17, 85, 8470 }, // x
    { 19, 25, 308, 0, 17, 119, 8555 }, // y
    { 16, 17, 262, 0, 17, 68, 8674 }, // z
    { 10, 30, 192, 1, 24, 75, 8742 }, // {
    { 4, 34, 167, 3, 25, 34, 8817 }, // |
    { 10, 30, 192, 1, 25, 75, 8851 }, // }
    { 17, 7, 297, 1, 15, 30, 8926 }, // ~
    { 0, 0, 116, 0, 0, 0, 0 }, // U+00A0
    { 7, 24, 183, 2, 18, 42, 0 }, // U+00A1
    { 17, 24, 296, 1, 22, 102, 42 }, // U+00A2
    { 16, 22, 296, 1, 22, 88, 144 }, // U+00A3
    { 18, 18, 290, 0, 20, 81, 232 }, // U+00A4
    { 19, 22, 296, 0, 22, 105, 313 }, // U+00A5
    { 4, 34, 167, 3, 25, 34, 418 }, // U+00A6
    { 16, 27, 285, 1, 23, 108, 452 }, // U+00A7
    { 14, 6, 213, 0, 25, 21, 560 }, // U+00A8
    { 23, 24, 397, 1, 23, 138, 581 }, // U+00A9
    { 13, 13, 204, 0, 26, 43, 719 }, // U+00AA
    { 18, 16, 315, 1, 17, 72, 762 }, // U+00AB
    { 17, 10, 297, 1, 14, 43, 834 }, // U+00AC
    { 10, 4, 186, 1, 11, 10, 877 }, // U+00AD
    { 14, 14, 251, 1, 24, 49, 887 }, // U+00AE
    { 10, 4, 213, 2, 23, 10, 936 }, // U+00AF
    { 10, 10, 181, 1, 23, 25, 946 }, // U+00B0
    { 17, 19, 297, 1, 19, 81, 971 }, // U+00B1
    { 11, 15, 209, 1, 28, 42, 1052 }, // U+00B2
    { 11, 15, 209, 1, 28, 42, 1094 }, // U+00B3
    { 8, 8, 213, 3, 26, 16, 1136 }, // U+00B4
    { 20, 24, 331, 1, 17, 120, 1152 }, // U+00B5
    { 21, 26, 343, 0, 22, 137, 1272 }, // U+00B6
    { 7, 7, 164, 2, 15, 13, 1409 }, // U+00B7
    { 8, 9, 213, 2, 1, 18, 1422 }, // U+00B8
    { 10, 15, 209, 2, 28, 38, 1440 }, // U+00B9
    { 13, 13, 216, 0, 26, 43, 1478 }, // U+00BA
    { 18, 16, 315, 1, 17, 72, 1521 }, // U+00BB
    { 28, 25, 485, 2, 23, 175, 1593 }, // U+00BC
    { 28, 25, 502, 2, 23, 175, 1768 }, // U+00BD
    { 29, 25, 485, 1, 23, 182, 1943 }, // U+00BE
    { 12, 24, 239, 1, 17, 72, 2125 }, // U+00BF
    { 23, 30, 373, 0, 30, 173, 2197 }, // U+00C0
    { 23, 30, 373, 0, 30, 173, 2370 }, // U+00C1
    { 23, 30, 373, 0, 30, 173, 2543 }, // U+00C2
    { 23, 29, 373, 0, 29, 167, 2716 }, // U+00C3
    { 23, 29, 373, 0, 29, 167, 2883 }, // U+00C4
    { 23, 30, 373, 0, 30, 173, 3050 }, // U+00C5
    { 30, 22, 489, 0, 22, 165, 3223 }, // U+00C6
    { 20, 31, 347, 1, 23, 155, 3388 }, // U+00C7
    { 19, 30, 330, 1, 30, 143, 3543 }, // U+00C8
    { 19, 30, 330, 1, 30, 143, 3686 }, // U+00C9
    { 19, 30, 330, 1, 30, 143, 3829 }, // U+00CA
    { 19, 29, 330, 1, 29, 138, 3972 }, // U+00CB
    { 12, 30, 211, 1, 30, 90, 4110 }, // U+00CC
    { 12, 30, 211, 1, 30, 90, 4200 }, // U+00CD
    { 13, 30, 211, 0, 30, 98, 4290 }, // U+00CE
    { 13, 29, 211, 0, 29, 95, 4388 }, // U+00CF
    { 23, 22, 392, 1, 22, 127, 4483 }, // U+00D0
    { 24, 30, 395, 0, 29, 180, 4610 }, // U+00D1
    { 23, 31, 390, 1, 30, 179, 4790 }, // U+00D2
    { 23, 31, 390, 1, 30, 179, 4969 }, // U+00D3
    { 23, 31, 390, 1, 30, 179, 5148 }, // U+00D4
    { 23, 30, 390, 1, 29, 173, 5327 }, // U+00D5
    { 23, 30, 390, 1, 29, 173, 5500 }, // U+00D6
    { 17, 17, 297, 1, 19, 73, 5673 }, // U+00D7
    { 23, 24, 390, 1, 23, 138, 5746 }, // U+00D8
    { 25, 31, 399, 0, 30, 194, 5884 }, // U+00D9
    { 25, 31, 399, 0, 30, 194, 6078 }, // U+00DA
    { 25, 31, 399, 0, 30, 194, 6272 }, // U+00DB
    { 25, 30, 399, 0, 29, 188, 6466 }, // U+00DC
    { 22, 30, 348, 0, 30, 165, 6654 }, // U+00DD
    { 20, 22, 343, 1, 22, 110, 6819 }, // U+00DE
    { 22, 26, 361, 0, 25, 143, 6929 }, // U+00DF
    { 18, 27, 297, 1, 26, 122, 7072 }, // U+00E0
    { 18, 27, 297, 1, 26, 122, 7194 }, // U+00E1
    { 18, 27, 297, 1, 26, 122, 7316 }, // U+00E2
    { 18, 26, 297, 1, 25, 117, 7438 }, // U+00E3
    { 18, 26, 297, 1, 25, 117, 7555 }, // U+00E4
    { 18, 28, 297, 1, 27, 126, 7672 }, // U+00E5
    { 26, 18, 437, 1, 17, 117, 7798 }, // U+00E6
    { 16, 25, 282, 1, 17, 100, 7915 }, // U+00E7
    { 17, 27, 287, 1, 26, 115, 8015 }, // U+00E8
    { 17, 27, 287, 1, 26, 115, 8130 }, // U+00E9
    { 17, 27, 287, 1, 26, 115, 8245 }, // U+00EA
    { 17, 26, 287, 1, 25, 111, 8360 }, // U+00EB
    { 11, 26, 179, 0, 26, 72, 8471 }, // U+00EC
    { 11, 26, 179, 0, 26, 72, 8543 }, // U+00ED
    { 12, 26, 179, 0, 26, 78, 8615 }, // U+00EE
    { 12, 25, 179, 0, 25, 75, 8693 }, // U+00EF
    { 18, 26, 308, 1, 25, 117, 8768 }, // U+00F0
    { 21, 25, 345, 0, 25, 132, 8885 }, // U+00F1
    { 18, 27, 315, 1, 26, 122, 9017 }, // U+00F2
    { 18, 27, 315, 1, 26, 122, 9139 }, // U+00F3
    { 18, 27, 315, 1, 26, 122, 9261 }, // U+00F4
    { 18, 26, 315, 1, 25, 117, 9383 }, // U+00F5
    { 18, 26, 315, 1, 25, 117, 9500 }, // U+00F6
    { 17, 18, 297, 1, 20, 77, 9617 }, // U+00F7
    { 18, 19, 315, 1, 18, 86, 9694 }, // U+00F8
    { 21, 27, 340, 0, 26, 142, 9780 }, // U+00F9
    { 21, 27, 340, 0, 26, 142, 9922 }, // U+00FA
    { 21, 27, 340, 0, 26, 142, 10064 }, // U+00FB
    { 21, 26, 340, 0, 25, 137, 10206 }, // U+00FC
    { 19, 34, 308, 0, 26, 162, 10343 }, // U+00FD
    { 20, 33, 335, 0, 25, 165, 10505 }, // U+00FE
    { 19, 33, 308, 0, 25, 157, 10670 }, // U+00FF
    { 23, 28, 373, 0, 28, 161, 0 }, // U+0100
    { 18, 24, 297, 1, 23, 108, 161 }, // U+0101
    { 23, 29, 373, 0, 29, 167, 269 }, // U+0102
    { 18, 26, 297, 1, 25, 117, 436 }, // U+0103
    { 23, 30, 373, 0, 22, 173, 553 }, // U+0104
    { 18, 25, 297, 1, 17, 113, 726 }, // U+0105
    { 20, 31, 347, 1, 30, 155, 839 }, // U+0106
    { 16, 27, 282, 1, 26, 108, 994 }, // U+0107
    { 20, 31, 347, 1, 30, 155, 1102 }, // U+0108
    { 16, 27, 282, 1, 26, 108, 1257 }, // U+0109
    { 20, 31, 347, 1, 30, 155, 1365 }, // U+010A
    { 16, 26, 282, 1, 25, 104, 1520 }, // U+010B
    { 20, 31, 347, 1, 30, 155, 1624 }, // U+010C
    { 16, 27, 282, 1, 26, 108, 1779 }, // U+010D
    { 23, 30, 392, 1, 30, 173, 1887 }, // U+010E
    { 23, 27, 338, 1, 26, 156, 2060 }, // U+010F
    { 23, 22, 392, 1, 22, 127, 2216 }, // U+0110
    { 20, 26, 331, 1, 25, 130, 2343 }, // U+0111
    { 19, 28, 330, 1, 28, 133, 2473 }, // U+0112
    { 17, 24, 287, 1, 23, 102, 2606 }, // U+0113
    { 19, 29, 330, 1, 29, 138, 2708 }, // U+0114
    { 17, 26, 287, 1, 25, 111, 2846 }, // U+0115
    { 19, 30, 330, 1, 30, 143, 2957 }, // U+0116
    { 17, 26, 287, 1, 25, 111, 3100 }, // U+0117
    { 19, 30, 330, 1, 22, 143, 3211 }, // U+0118
    { 16, 25, 287, 1, 17, 100, 3354 }, // U+0119
    { 19, 30, 330, 1, 30, 143, 3454 }, // U+011A
    { 17, 27, 287, 1, 26, 115, 3597 }, // U+011B
    { 22, 31, 378, 1, 30, 171, 3712 }, // U+011C
    { 19, 34, 307, 0, 26, 162, 3883 }, // U+011D
    { 22, 30, 378, 1, 29, 165, 4045 }, // U+011E
    { 19, 33, 307, 0, 25, 157, 4210 }, // U+011F
    { 22, 31, 378, 1, 30, 171, 4367 }, // U+0120
    { 19, 33, 307, 0, 25, 157, 4538 }, // U+0121
    { 22, 32, 378, 1, 23, 176, 4695 }, // U+0122
    { 19, 34, 307, 0, 26, 162, 4871 }, // U+0123
    { 25, 30, 421, 1, 30, 188, 5033 }, // U+0124
    { 21, 32, 344, 0, 32, 168, 5221 }, // U+0125
    { 26, 22, 421, 0, 22, 143, 5389 }, // U+0126
    { 21, 25, 344, 0, 25, 132, 5532 }, // U+0127
    { 13, 29, 211, 0, 29, 95, 5664 }, // U+0128
    { 13, 25, 179, -1, 25, 82, 5759 }, // U+0129
    { 12, 28, 211, 1, 28, 84, 5841 }, // U+012A
    { 11, 23, 179, 0, 23, 64, 5925 }, // U+012B
    { 13, 32, 214, 0, 32, 104, 5989 }, // U+012C
    { 12, 26, 188, 0, 26, 78, 6093 }, // U+012D
    { 12, 30, 211, 1, 22, 90, 6171 }, // U+012E
    { 11, 33, 179, 0, 25, 91, 6261 }, // U+012F
    { 12, 30, 211, 1, 30, 90, 6352 }, // U+0130
    { 11, 17, 179, 0, 17, 47, 6442 }, // U+0131
    { 26, 32, 426, 0, 24, 208, 6489 }, // U+0132
    { 21, 34, 372, 0, 26, 179, 6697 }, // U+0133
    { 16, 35, 215, -2, 30, 140, 6876 }, // U+0134
    { 15, 34, 170, -4, 26, 128, 7016 }, // U+0135
    { 23, 31, 388, 1, 22, 179, 7144 }, // U+0136
    { 21, 34, 334, 0, 25, 179, 7323 }, // U+0137
    { 21, 17, 333, 0, 17, 90, 7502 }, // U+0138
    { 19, 30, 322, 1, 30, 143, 7592 }, // U+0139
    { 12, 32, 180, 0, 32, 96, 7735 }, // U+013A
    { 19, 31, 322, 1, 22, 148, 7831 }, // U+013B
    { 11, 34, 180, 0, 25, 94, 7979 }, // U+013C
    { 19, 25, 322, 1, 25, 119, 8073 }, // U+013D
    { 15, 26, 184, 0, 26, 98, 8192 }, // U+013E
    { 19, 22, 322, 1, 22, 105, 8290 }, // U+013F
    { 16, 25, 215, 0, 25, 100, 8395 }, // U+0140
    { 19, 22, 322, 1, 22, 105, 8495 }, // U+0141
    { 11, 25, 180, 0, 25, 69, 8600 }, // U+0142
    { 24, 31, 395, 0, 30, 186, 8669 }, // U+0143
    { 21, 26, 345, 0, 26, 137, 8855 }, // U+0144
    { 24, 31, 395, 0, 22, 186, 8992 }, // U+0145
    { 21, 26, 345, 0, 17, 137, 9178 }, // U+0146
    { 24, 31, 395, 0, 30, 186, 9315 }, // U+0147
    { 21, 26, 345, 0, 26, 137, 9501 }, // U+0148
    { 28, 25, 448, 0, 25, 175, 9638 }, // U+0149
    { 24, 27, 395, 0, 22, 162, 9813 }, // U+014A
    { 19, 25, 345, 0, 17, 119, 9975 }, // U+014B
    { 23, 29, 390, 1, 28, 167, 10094 }, // U+014C
    { 18, 24, 315, 1, 23, 108, 10261 }, // U+014D
    { 23, 30, 390, 1, 29, 173, 10369 }, // U+014E
    { 18, 26, 315, 1, 25, 117, 10542 }, // U+014F
    { 23, 31, 390, 1, 30, 179, 10659 }, // U+0150
    { 18, 28, 315, 1, 27, 126, 10838 }, // U+0151
    { 30, 24, 509, 1, 23, 180, 10964 }, // U+0152
    { 28, 18, 474, 1, 17, 126, 11144 }, // U+0153
    { 23, 31, 380, 1, 30, 179, 11270 }, // U+0154
    { 17, 26, 259, 0, 26, 111, 11449 }, // U+0155
    { 23, 31, 380, 1, 22, 179, 11560 }, // U+0156
    { 17, 26, 259, 0, 17, 111, 11739 }, // U+0157
    { 23, 31, 380, 1, 30, 179, 11850 }, // U+0158
    { 17, 26, 259, 0, 26, 111, 12029 }, // U+0159
    { 17, 31, 302, 1, 30, 132, 12140 }, // U+015A
    { 14, 27, 254, 1, 26, 95, 12272 }, // U+015B
    { 17, 31, 302, 1, 30, 132, 12367 }, // U+015C
    { 14, 27, 254, 1, 26, 95, 12499 }, // U+015D
    { 17, 31, 302, 1, 23, 132, 12594 }, // U+015E
    { 14, 25, 254, 1, 17, 88, 12726 }, // U+015F
    { 17, 31, 302, 1, 30, 132, 12814 }, // U+0160
    { 14, 27, 254, 1, 26, 95, 12946 }, // U+0161
    { 22, 30, 351, 0, 22, 165, 13041 }, // U+0162
    { 13, 30, 198, 0, 22, 98, 13206 }, // U+0163
    { 22, 30, 351, 0, 30, 165, 13304 }, // U+0164
    { 14, 27, 198, 0, 26, 95, 13469 }, // U+0165
    { 22, 24, 348, 0, 24, 132, 13564 }, // U+0166
    { 13, 23, 216, 0, 22, 75, 13696 }, // U+0167
    { 25, 30, 399, 0, 29, 188, 13771 }, // U+0168
    { 21, 26, 340, 0, 25, 137, 13959 }, // U+0169
    { 25, 29, 399, 0, 28, 182, 14096 }, // U+016A
    { 21, 24, 340, 0, 23, 126, 14278 }, // U+016B
    { 25, 30, 399, 0, 29, 188, 14404 }, // U+016C
    { 21, 26, 340, 0, 25, 137, 14592 }, // U+016D
    { 25, 31, 399, 0, 30, 194, 14729 }, // U+016E
    { 21, 28, 340, 0, 27, 147, 14923 }, // U+016F
    { 25, 31, 399, 0, 30, 194, 15070 }, // U+0170
    { 21, 28, 340, 0, 27, 147, 15264 }, // U+0171
    { 25, 30, 399, 0, 22, 188, 15411 }, // U+0172
    { 21, 25, 340, 0, 17, 132, 15599 }, // U+0173
    { 34, 31, 543, 0, 30, 264, 15731 }, // U+0174
    { 28, 27, 448, 0, 26, 189, 15995 }, // U+0175
    { 22, 30, 348, 0, 30, 165, 16184 }, // U+0176
    { 19, 34, 308, 0, 26, 162, 16349 }, // U+0177
    { 22, 29, 348, 0, 29, 160, 16511 }, // U+0178
    { 19, 30, 313, 0, 30, 143, 16671 }, // U+0179
    { 16, 26, 262, 0, 26, 104, 16814 }, // U+017A
    { 19, 30, 313, 0, 30, 143, 16918 }, // U+017B
    { 16, 25, 262, 0, 25, 100, 17061 }, // U+017C
    { 19, 30, 313, 0, 30, 143, 17161 }, // U+017D
    { 16, 26, 262, 0, 26, 104, 17304 }, // U+017E
    { 16, 25, 197, 0, 25, 100, 17408 }, // U+017F
    { 23, 28, 390, 1, 27, 161, 0 }, // U+01A0
    { 19, 23, 315, 1, 22, 110, 161 }, // U+01A1
    { 26, 29, 399, 0, 28, 189, 271 }, // U+01AF
    { 22, 25, 340, 0, 24, 138, 460 }, // U+01B0
    { 47, 32, 765, 0, 32, 376, 598 }, // U+01C4
    { 43, 26, 692, 0, 26, 280, 974 }, // U+01C5
    { 38, 27, 628, 1, 26, 257, 1254 }, // U+01C6
    { 35, 32, 545, 0, 24, 280, 1511 }, // U+01C7
    { 31, 34, 533, 0, 26, 264, 1791 }, // U+01C8
    { 21, 34, 372, 0, 26, 179, 2055 }, // U+01C9
    { 39, 32, 617, 0, 24, 312, 2234 }, // U+01CA
    { 35, 34, 605, 0, 26, 298, 2546 }, // U+01CB
    { 31, 34, 540, 0, 26, 264, 2844 }, // U+01CC
    { 23, 30, 373, 0, 30, 173, 3108 }, // U+01CD
    { 18, 27, 297, 1, 26, 122, 3281 }, // U+01CE
    { 13, 30, 211, 0, 30, 98, 3403 }, // U+01CF
    { 12, 26, 179, 0, 26, 78, 3501 }, // U+01D0
    { 23, 31, 390, 1, 30, 179, 3579 }, // U+01D1
    { 18, 27, 315, 1, 26, 122, 3758 }, // U+01D2
    { 25, 31, 399, 0, 30, 194, 3880 }, // U+01D3
    { 21, 27, 340, 0, 26, 142, 4074 }, // U+01D4
    { 25, 34, 399, 0, 33, 213, 4216 }, // U+01D5
    { 21, 29, 340, 0, 28, 153, 4429 }, // U+01D6
    { 25, 35, 399, 0, 34, 219, 4582 }, // U+01D7
    { 21, 31, 340, 0, 30, 163, 4801 }, // U+01D8
    { 25, 36, 399, 0, 35, 225, 4964 }, // U+01D9
    { 21, 31, 340, 0, 30, 163, 5189 }, // U+01DA
    { 25, 35, 399, 0, 34, 219, 5352 }, // U+01DB
    { 21, 31, 340, 0, 30, 163, 5571 }, // U+01DC
    { 17, 20, 305, 1, 19, 85, 5734 }, // U+01DD
    { 26, 34, 402, 0, 34, 221, 5819 }, // U+01DE
    { 18, 30, 320, 1, 29, 135, 6040 }, // U+01DF
    { 26, 34, 402, 0, 34, 221, 6175 }, // U+01E0
    { 18, 30, 320, 1, 29, 135, 6396 }, // U+01E1
    { 33, 29, 530, 0, 29, 240, 6531 }, // U+01E2
    { 27, 24, 467, 1, 23, 162, 6771 }, // U+01E3
    { 24, 26, 411, 1, 25, 156, 6933 }, // U+01E4
    { 20, 28, 299, 0, 20, 140, 7089 }, // U+01E5
    { 22, 31, 378, 1, 30, 171, 7229 }, // U+01E6
    { 19, 34, 307, 0, 26, 162, 7400 }, // U+01E7
    { 25, 32, 391, 0, 32, 200, 7562 }, // U+01E8
    { 22, 32, 340, 0, 32, 176, 7762 }, // U+01E9
    { 24, 33, 420, 1, 25, 198, 7938 }, // U+01EA
    { 18, 27, 327, 1, 19, 122, 8136 }, // U+01EB
    { 24, 37, 420, 1, 29, 222, 8258 }, // U+01EC
    { 18, 31, 327, 1, 23, 140, 8480 }, // U+01ED
    { 19, 33, 329, 1, 32, 157, 8620 }, // U+01EE
    { 18, 34, 298, 0, 26, 153, 8777 }, // U+01EF
    { 13, 34, 184, -1, 26, 111, 8930 }, // U+01F0
    { 47, 24, 765, 0, 24, 282, 9041 }, // U+01F1
    { 43, 24, 692, 0, 24, 258, 9323 }, // U+01F2
    { 38, 27, 628, 1, 26, 257, 9581 }, // U+01F3
    { 24, 33, 411, 1, 32, 198, 9838 }, // U+01F4
    { 19, 34, 299, 0, 26, 162, 10036 }, // U+01F5
    { 38, 25, 610, 0, 24, 238, 10198 }, // U+01F6
    { 23, 33, 389, 0, 25, 190, 10436 }, // U+01F7
    { 24, 31, 395, 0, 30, 186, 10626 }, // U+01F8
    { 21, 26, 345, 0, 26, 137, 10812 }, // U+01F9
    { 26, 32, 402, 0, 32, 208, 10949 }, // U+01FA
    { 18, 33, 320, 1, 32, 149, 11157 }, // U+01FB
    { 33, 32, 530, 0, 32, 264, 11306 }, // U+01FC
    { 27, 27, 467, 1, 26, 183, 11570 }, // U+01FD
    { 24, 34, 420, 1, 32, 204, 11753 }, // U+01FE
    { 18, 28, 327, 1, 26, 126, 11957 }, // U+01FF
    { 26, 32, 402, 0, 32, 208, 12083 }, // U+0200
    { 18, 27, 320, 1, 26, 122, 12291 }, // U+0201
    { 26, 32, 402, 0, 32, 208, 12413 }, // U+0202
    { 18, 27, 320, 1, 26, 122, 12621 }, // U+0203
    { 21, 32, 348, 0, 32, 168, 12743 }, // U+0204
    { 17, 27, 305, 1, 26, 115, 12911 }, // U+0205
    { 21, 32, 348, 0, 32, 168, 13026 }, // U+0206
    { 17, 27, 305, 1, 26, 115, 13194 }, // U+0207
    { 16, 32, 214, -3, 32, 128, 13309 }, // U+0208
    { 16, 26, 188, -4, 26, 104, 13437 }, // U+0209
    { 13, 32, 214, 0, 32, 104, 13541 }, // U+020A
    { 12, 26, 188, 0, 26, 78, 13645 }, // U+020B
    { 24, 33, 420, 1, 32, 198, 13723 }, // U+020C
    { 18, 27, 327, 1, 26, 122, 13921 }, // U+020D
    { 24, 33, 420, 1, 32, 198, 14043 }, // U+020E
    { 18, 27, 327, 1, 26, 122, 14241 }, // U+020F
    { 24, 32, 378, 0, 32, 192, 14363 }, // U+0210
    { 17, 26, 279, 0, 26, 111, 14555 }, // U+0211
    { 24, 32, 378, 0, 32, 192, 14666 }, // U+0212
    { 17, 26, 279, 0, 26, 111, 14858 }, // U+0213
    { 25, 33, 398, 0, 32, 207, 14969 }, // U+0214
    { 22, 27, 356, 0, 26, 149, 15176 }, // U+0215
    { 25, 33, 398, 0, 32, 207, 15325 }, // U+0216
    { 22, 27, 356, 0, 26, 149, 15532 }, // U+0217
    { 17, 32, 302, 1, 23, 136, 15681 }, // U+0218
    { 14, 26, 254, 1, 17, 91, 15817 }, // U+0219
    { 22, 31, 351, 0, 22, 171, 15908 }, // U+021A
    { 13, 31, 198, 0, 22, 101, 16079 }, // U+021B
    { 19, 31, 328, 1, 25, 148, 16180 }, // U+021C
    { 16, 27, 288, 1, 19, 108, 16328 }, // U+021D
    { 27, 32, 437, 0, 32, 216, 16436 }, // U+021E
    { 22, 32, 356, 0, 32, 176, 16652 }, // U+021F
    { 8, 8, 0, -5, 26, 16, 0 }, // U+0300
    { 8, 8, 0, -3, 26, 16, 16 }, // U+0301
    { 12, 8, 0, -6, 26, 24, 32 }, // U+0302
    { 12, 6, 0, -6, 25, 18, 56 }, // U+0303
    { 10, 4, 0, -5, 23, 10, 74 }, // U+0304
    { 16, 3, 0, -8, 28, 12, 84 }, // U+0305
    { 12, 6, 0, -6, 25, 18, 96 }, // U+0306
    { 6, 6, 0, -3, 25, 9, 114 }, // U+0307
    { 14, 6, 0, -7, 25, 21, 123 }, // U+0308
    { 6, 9, 0, -3, 27, 14, 144 }, // U+0309
    { 10, 9, 0, -5, 27, 23, 158 }, // U+030A
    { 11, 9, 0, -4, 27, 25, 181 }, // U+030B
    { 12, 7, 0, -6, 26, 21, 206 }, // U+030C
    { 4, 7, 0, -2, 26, 7, 227 }, // U+030D
    { 8, 7, 0, -4, 26, 14, 234 }, // U+030E
    { 14, 6, 0, -19, 26, 21, 248 }, // U+030F
    { 12, 10, 0, -6, 30, 30, 269 }, // U+0310
    { 12, 6, 0, -6, 26, 18, 299 }, // U+0311
    { 7, 11, 0, -3, 24, 20, 317 }, // U+0312
    { 7, 11, 0, -3, 24, 20, 337 }, // U+0313
    { 6, 11, 0, -3, 24, 17, 357 }, // U+0314
    { 6, 11, 0, -3, 24, 17, 374 }, // U+0315
    { 10, 6, 0, -5, -2, 15, 391 }, // U+0316
    { 10, 6, 0, -5, -2, 15, 406 }, // U+0317
    { 6, 7, 0, -3, -1, 11, 421 }, // U+0318
    { 6, 7, 0, -3, -1, 11, 432 }, // U+0319
    { 10, 10, 197, 0, 26, 25, 443 }, // U+031A
    { 5, 9, 0, 0, 25, 12, 468 }, // U+031B
    { 4, 8, 0, -2, 0, 8, 480 }, // U+031C
    { 8, 6, 0, -4, -1, 12, 488 }, // U+031D
    { 8, 6, 0, -4, -1, 12, 500 }, // U+031E
    { 8, 7, 0, -4, -1, 14, 512 }, // U+031F
    { 8, 2, 0, -4, -3, 4, 526 }, // U+0320
    { 8, 9, 0, -4, 2, 18, 530 }, // U+0321
    { 8, 9, 0, -4, 2, 18, 548 }, // U+0322
    { 6, 6, 0, -3, -2, 9, 566 }, // U+0323
    { 14, 6, 0, -7, -2, 21, 575 }, // U+0324
    { 8, 8, 0, -4, 0, 16, 596 }, // U+0325
    { 6, 8, 0, -3, -1, 12, 612 }, // U+0326
    { 8, 9, 0, -3, 1, 18, 624 }, // U+0327
    { 9, 9, 0, -5, 1, 21, 642 }, // U+0328
    { 6, 7, 0, -3, -2, 11, 663 }, // U+0329
    { 12, 6, 0, -6, -2, 18, 674 }, // U+032A
    { 12, 5, 0, -6, -2, 15, 692 }, // U+032B
    { 12, 7, 0, -6, -1, 21, 707 }, // U+032C
    { 12, 7, 0, -6, -1, 21, 728 }, // U+032D
    { 12, 6, 0, -6, -2, 18, 749 }, // U+032E
    { 12, 7, 0, -6, -1, 21, 767 }, // U+032F
    { 14, 7, 0, -7, -1, 25, 788 }, // U+0330
    { 10, 4, 0, -5, -3, 10, 813 }, // U+0331
    { 14, 3, 0, -7, -3, 11, 823 }, // U+0332
    { 14, 7, 0, -7, -1, 25, 834 }, // U+0333
    { 14, 6, 0, -7, 13, 21, 859 }, // U+0334
    { 14, 3, 0, -7, 11, 11, 880 }, // U+0335
    { 22, 3, 0, -11, 11, 17, 891 }, // U+0336
    { 14, 9, 0, -7, 14, 32, 908 }, // U+0337
    { 14, 29, 0, -7, 26, 102, 940 }, // U+0338
    { 4, 8, 0, -2, 0, 8, 1042 }, // U+0339
    { 12, 6, 0, -6, -2, 18, 1050 }, // U+033A
    { 14, 7, 0, -7, -1, 25, 1068 }, // U+033B
    { 12, 5, 0, -6, -2, 15, 1093 }, // U+033C
    { 8, 7, 0, -4, 26, 14, 1108 }, // U+033D
    { 6, 11, 0, -3, 30, 17, 1122 }, // U+033E
    { 14, 7, 0, -7, 32, 25, 1139 }, // U+033F
    { 10, 6, 0, -6, 26, 15, 1164 }, // U+0340
    { 10, 6, 0, -4, 26, 15, 1179 }, // U+0341
    { 14, 6, 0, -7, 26, 21, 1194 }, // U+0342
    { 6, 7, 0, -3, 27, 11, 1215 }, // U+0343
    { 14, 8, 0, -7, 27, 28, 1226 }, // U+0344
    { 7, 6, 0, 2, -2, 11, 1254 }, // U+0345
    { 12, 6, 0, -6, 26, 18, 1265 }, // U+0346
    { 14, 7, 0, -7, -1, 25, 1283 }, // U+0347
    { 8, 7, 0, -4, -2, 14, 1308 }, // U+0348
    { 6, 6, 0, -3, -2, 9, 1322 }, // U+0349
    { 14, 9, 0, -7, 27, 32, 1331 }, // U+034A
    { 14, 14, 0, -7, 33, 49, 1363 }, // U+034B
    { 14, 12, 0, -7, 31, 42, 1412 }, // U+034C
    { 10, 7, 0, -5, -1, 18, 1454 }, // U+034D
    { 8, 8, 0, -4, 0, 16, 1472 }, // U+034E
    { 24, 24, 0, -12, 24, 144, 1488 }, // U+034F
    { 8, 8, 0, -4, 26, 16, 1632 }, // U+0350
    { 4, 9, 0, -2, 28, 9, 1648 }, // U+0351
    { 12, 10, 0, -6, 29, 30, 1657 }, // U+0352
    { 8, 7, 0, -4, -1, 14, 1687 }, // U+0353
    { 8, 8, 0, -4, -1, 16, 1701 }, // U+0354
    { 8, 8, 0, -4, -1, 16, 1717 }, // U+0355
    { 14, 7, 0, -7, -1, 25, 1733 }, // U+0356
    { 4, 9, 0, -2, 28, 9, 1758 }, // U+0357
    { 7, 6, 0, 2, 26, 11, 1767 }, // U+0358
    { 10, 7, 0, -5, -1, 18, 1778 }, // U+0359
    { 12, 7, 0, -6, -1, 21, 1796 }, // U+035A
    { 8, 8, 0, -4, 27, 16, 1817 }, // U+035B
    { 26, 7, 0, -13, -1, 46, 1833 }, // U+035C
    { 26, 7, 0, -13, 26, 46, 1879 }, // U+035D
    { 20, 3, 0, -10, 23, 15, 1925 }, // U+035E
    { 20, 3, 0, -10, -2, 15, 1940 }, // U+035F
    { 28, 6, 0, -14, 26, 42, 1955 }, // U+0360
    { 28, 7, 0, -14, 28, 49, 1997 }, // U+0361
    { 20, 7, 0, -10, -1, 35, 2046 }, // U+0362
    { 9, 8, 0, -4, 28, 18, 2081 }, // U+0363
    { 8, 8, 0, -4, 28, 16, 2099 }, // U+0364
    { 6, 11, 0, -3, 31, 17, 2115 }, // U+0365
    { 9, 8, 0, -4, 28, 18, 2132 }, // U+0366
    { 10, 8, 0, -5, 28, 20, 2150 }, // U+0367
    { 7, 8, 0, -3, 28, 14, 2170 }, // U+0368
    { 9, 11, 0, -4, 31, 25, 2184 }, // U+0369
    { 10, 11, 0, -5, 31, 28, 2209 }, // U+036A
    { 15, 8, 0, -7, 28, 30, 2237 }, // U+036B
    { 9, 8, 0, -4, 28, 18, 2267 }, // U+036C
    { 7, 10, 0, -3, 30, 18, 2285 }, // U+036D
    { 10, 8, 0, -5, 28, 20, 2303 }, // U+036E
    { 11, 8, 0, -5, 28, 22, 2323 }, // U+036F
    { 19, 30, 330, 1, 30, 143, 0 }, // U+0400
    { 19, 29, 330, 1, 29, 138, 143 }, // U+0401
    { 25, 25, 408, 0, 22, 157, 281 }, // U+0402
    { 18, 30, 310, 1, 30, 135, 438 }, // U+0403
    { 19, 24, 335, 1, 23, 114, 573 }, // U+0404
    { 17, 24, 302, 1, 23, 102, 687 }, // U+0405
    { 12, 22, 211, 1, 22, 66, 789 }, // U+0406
    { 13, 29, 211, 0, 29, 95, 855 }, // U+0407
    { 15, 27, 215, -2, 22, 102, 950 }, // U+0408
    { 32, 23, 517, 0, 22, 184, 1052 }, // U+0409
    { 33, 22, 547, 1, 22, 182, 1236 }, // U+040A
    { 27, 22, 436, 0, 22, 149, 1418 }, // U+040B
    { 23, 31, 384, 1, 30, 179, 1567 }, // U+040C
    { 25, 30, 423, 1, 30, 188, 1746 }, // U+040D
    { 23, 33, 367, 0, 30, 190, 1934 }, // U+040E
    { 24, 29, 413, 1, 22, 174, 2124 }, // U+040F
    { 23, 22, 373, 0, 22, 127, 2298 }, // U+0410
    { 20, 22, 346, 1, 22, 110, 2425 }, // U+0411
    { 21, 22, 359, 1, 22, 116, 2535 }, // U+0412
    { 18, 22, 310, 1, 22, 99, 2651 }, // U+0413
    { 24, 29, 391, 0, 22, 174, 2750 }, // U+0414
    { 19, 22, 330, 1, 22, 105, 2924 }, // U+0415
    { 34, 24, 541, 0, 23, 204, 3029 }, // U+0416
    { 19, 24, 306, 0, 23, 114, 3233 }, // U+0417
    { 25, 22, 423, 1, 22, 138, 3347 }, // U+0418
    { 25, 30, 423, 1, 30, 188, 3485 }, // U+0419
    { 23, 24, 384, 1, 23, 138, 3673 }, // U+041A
    { 24, 23, 388, 0, 22, 138, 3811 }, // U+041B
    { 30, 22, 488, 0, 22, 165, 3949 }, // U+041C
    { 25, 22, 421, 1, 22, 138, 4114 }, // U+041D
    { 23, 24, 390, 1, 23, 138, 4252 }, // U+041E
    { 24, 22, 416, 1, 22, 132, 4390 }, // U+041F
    { 20, 22, 342, 1, 22, 110, 4522 }, // U+0420
    { 20, 24, 347, 1, 23, 120, 4632 }, // U+0421
    { 22, 22, 351, 0, 22, 121, 4752 }, // U+0422
    { 23, 25, 367, 0, 22, 144, 4873 }, // U+0423
    { 25, 24, 428, 1, 23, 150, 5017 }, // U+0424
    { 23, 22, 360, 0, 22, 127, 5167 }, // U+0425
    { 25, 29, 419, 1, 22, 182, 5294 }, // U+0426
    { 24, 22, 392, 0, 22, 132, 5476 }, // U+0427
    { 35, 22, 583, 1, 22, 193, 5608 }, // U+0428
    { 36, 29, 589, 1, 22, 261, 5801 }, // U+0429
    { 25, 22, 408, 0, 22, 138, 6062 }, // U+042A
    { 32, 22, 532, 1, 22, 176, 6200 }, // U+042B
    { 20, 22, 345, 1, 22, 110, 6376 }, // U+042C
    { 19, 24, 337, 1, 23, 114, 6486 }, // U+042D
    { 33, 24, 552, 1, 23, 198, 6600 }, // U+042E
    { 23, 23, 375, 0, 22, 133, 6798 }, // U+042F
    { 18, 18, 297, 1, 17, 81, 6931 }, // U+0430
    { 18, 27, 315, 1, 26, 122, 7012 }, // U+0431
    { 19, 17, 307, 0, 17, 81, 7134 }, // U+0432
    { 16, 17, 256, 0, 17, 68, 7215 }, // U+0433
    { 21, 23, 337, 0, 17, 121, 7283 }, // U+0434
    { 17, 18, 287, 1, 17, 77, 7404 }, // U+0435
    { 29, 18, 463, 0, 17, 131, 7481 }, // U+0436
    { 16, 18, 262, 0, 17, 72, 7612 }, // U+0437
    { 22, 17, 365, 0, 17, 94, 7684 }, // U+0438
    { 22, 26, 365, 0, 26, 143, 7778 }, // U+0439
    { 21, 18, 327, 0, 17, 95, 7921 }, // U+043A
    { 20, 18, 335, 0, 17, 90, 8016 }, // U+043B
    { 25, 17, 415, 0, 17, 107, 8106 }, // U+043C
    { 22, 17, 360, 0, 17, 94, 8213 }, // U+043D
    { 18, 18, 315, 1, 17, 81, 8307 }, // U+043E
    { 22, 17, 356, 0, 17, 94, 8388 }, // U+043F
    { 21, 25, 338, 0, 17, 132, 8482 }, // U+0440
    { 16, 18, 282, 1, 17, 72, 8614 }, // U+0441
    { 19, 17, 312, 0, 17, 81, 8686 }, // U+0442
    { 19, 25, 308, 0, 17, 119, 8767 }, // U+0443
    { 27, 32, 457, 1, 24, 216, 8886 }, // U+0444
    { 20, 17, 312, 0, 17, 85, 9102 }, // U+0445
    { 23, 23, 368, 0, 17, 133, 9187 }, // U+0446
    { 20, 17, 331, 0, 17, 85, 9320 }, // U+0447
    { 30, 17, 493, 0, 17, 128, 9405 }, // U+0448
    { 31, 23, 507, 0, 17, 179, 9533 }, // U+0449
    { 23, 17, 367, 0, 17, 98, 9712 }, // U+044A
    { 28, 17, 461, 0, 17, 119, 9810 }, // U+044B
    { 19, 17, 300, 0, 17, 81, 9929 }, // U+044C
    { 16, 18, 279, 1, 17, 72, 10010 }, // U+044D
    { 28, 18, 463, 0, 17, 126, 10082 }, // U+044E
    { 20, 18, 322, 0, 17, 90, 10208 }, // U+044F
    { 17, 27, 287, 1, 26, 115, 10298 }, // U+0450
    { 17, 26, 287, 1, 25, 111, 10413 }, // U+0451
    { 20, 31, 327, 0, 25, 155, 10524 }, // U+0452
    { 16, 26, 256, 0, 26, 104, 10679 }, // U+0453
    { 16, 18, 283, 1, 17, 72, 10783 }, // U+0454
    { 14, 18, 254, 1, 17, 63, 10855 }, // U+0455
    { 11, 25, 179, 0, 25, 69, 10918 }, // U+0456
    { 12, 25, 179, 0, 25, 75, 10987 }, // U+0457
    { 13, 33, 170, -4, 25, 108, 11062 }, // U+0458
    { 28, 18, 447, 0, 17, 126, 11170 }, // U+0459
    { 29, 17, 474, 0, 17, 124, 11296 }, // U+045A
    { 21, 25, 344, 0, 25, 132, 11420 }, // U+045B
    { 21, 27, 327, 0, 26, 142, 11552 }, // U+045C
    { 22, 26, 365, 0, 26, 143, 11694 }, // U+045D
    { 19, 34, 308, 0, 26, 162, 11837 }, // U+045E
    { 22, 23, 356, 0, 17, 127, 11999 }, // U+045F
    { 33, 25, 548, 0, 25, 207, 12126 }, // U+0460
    { 29, 19, 479, 0, 19, 138, 12333 }, // U+0461
    { 25, 24, 412, 0, 24, 150, 12471 }, // U+0462
    { 22, 22, 362, 0, 22, 121, 12621 }, // U+0463
    { 34, 26, 550, 0, 25, 221, 12742 }, // U+0464
    { 28, 20, 457, 0, 19, 140, 12963 }, // U+0465
    { 27, 24, 423, 0, 24, 162, 13103 }, // U+0466
    { 23, 18, 356, 0, 18, 104, 13265 }, // U+0467
    { 39, 24, 623, 0, 24, 234, 13369 }, // U+0468
    { 32, 18, 511, 0, 18, 144, 13603 }, // U+0469
    { 31, 24, 491, 0, 24, 186, 13747 }, // U+046A
    { 27, 18, 424, 0, 18, 122, 13933 }, // U+046B
    { 44, 24, 693, 0, 24, 264, 14055 }, // U+046C
    { 37, 18, 584, 0, 18, 167, 14319 }, // U+046D
    { 19, 37, 329, 1, 29, 176, 14486 }, // U+046E
    { 16, 31, 282, 1, 23, 124, 14662 }, // U+046F
    { 32, 24, 521, 0, 24, 192, 14786 }, // U+0470
    { 22, 34, 378, 0, 26, 187, 14978 }, // U+0471
    { 23, 24, 390, 1, 23, 138, 15165 }, // U+0472
    { 18, 18, 315, 1, 17, 81, 15303 }, // U+0473
    { 24, 24, 380, 0, 23, 144, 15384 }, // U+0474
    { 20, 18, 322, 0, 17, 90, 15528 }, // U+0475
    { 26, 32, 396, 0, 32, 208, 15618 }, // U+0476
    { 22, 26, 342, 0, 26, 143, 15826 }, // U+0477
    { 43, 33, 695, 1, 25, 355, 15969 }, // U+0478
    { 37, 27, 600, 1, 19, 250, 16324 }, // U+0479
    { 25, 29, 441, 1, 26, 182, 16574 }, // U+047A
    { 19, 22, 343, 1, 20, 105, 16756 }, // U+047B
    { 35, 37, 599, 1, 36, 324, 16861 }, // U+047C
    { 30, 32, 514, 1, 31, 240, 17185 }, // U+047D
    { 33, 30, 548, 0, 30, 248, 17425 }, // U+047E
    { 29, 24, 479, 0, 24, 174, 17673 }, // U+047F
    { 20, 33, 357, 1, 25, 165, 17847 }, // U+0480
    { 16, 27, 281, 1, 19, 108, 18012 }, // U+0481
    { 18, 22, 325, 1, 21, 99, 18120 }, // U+0482
    { 14, 7, 0, -7, 25, 25, 18219 }, // U+0483
    { 14, 6, 0, -7, 26, 21, 18244 }, // U+0484
    { 4, 6, 0, -2, 26, 6, 18265 }, // U+0485
    { 4, 6, 0, -2, 26, 6, 18271 }, // U+0486
    { 14, 5, 0, -7, 30, 18, 18277 }, // U+0487
    { 42, 38, 0, -21, 28, 399, 18295 }, // U+0488
    { 40, 40, 0, -20, 29, 400, 18694 }, // U+0489
    { 27, 38, 440, 1, 31, 257, 19094 }, // U+048A
    { 23, 33, 362, 0, 26, 190, 19351 }, // U+048B
    { 21, 26, 340, 0, 26, 137, 19541 }, // U+048C
    { 20, 22, 322, 0, 22, 110, 19678 }, // U+048D
    { 21, 24, 340, 0, 24, 126, 19788 }, // U+048E
    { 20, 27, 344, 0, 19, 135, 19914 }, // U+048F
    { 18, 27, 309, 1, 27, 122, 20049 }, // U+0490
    { 16, 21, 257, 0, 21, 84, 20171 }, // U+0491
    { 18, 22, 310, 1, 22, 99, 20255 }, // U+0492
    { 16, 17, 256, 0, 17, 68, 20354 }, // U+0493
    { 23, 33, 383, 0, 24, 190, 20422 }, // U+0494
    { 20, 26, 328, 0, 18, 130, 20612 }, // U+0495
    { 35, 30, 541, 0, 23, 263, 20742 }, // U+0496
    { 30, 23, 463, 0, 17, 173, 21005 }, // U+0497
    { 19, 31, 306, 0, 23, 148, 21178 }, // U+0498
    { 16, 25, 262, 0, 17, 100, 21326 }, // U+0499
    { 24, 30, 384, 1, 23, 180, 21426 }, // U+049A
    { 21, 23, 327, 0, 17, 121, 21606 }, // U+049B
    { 26, 24, 403, 0, 24, 156, 21727 }, // U+049C
    { 23, 19, 358, 0, 19, 110, 21883 }, // U+049D
    { 24, 24, 384, 0, 24, 144, 21993 }, // U+049E
    { 22, 26, 342, 0, 26, 143, 22137 }, // U+049F
    { 28, 24, 448, 0, 23, 168, 22280 }, // U+04A0
    { 25, 18, 398, 0, 17, 113, 22448 }, // U+04A1
    { 26, 29, 428, 1, 22, 189, 22561 }, // U+04A2
    { 23, 23, 374, 0, 17, 133, 22750 }, // U+04A3
    { 31, 24, 495, 0, 24, 186, 22883 }, // U+04A4
    { 27, 18, 436, 0, 18, 122, 23069 }, // U+04A5
    { 37, 33, 601, 0, 24, 306, 23191 }, // U+04A6
    { 31, 26, 498, 0, 18, 202, 23497 }, // U+04A7
    { 27, 27, 452, 1, 25, 183, 23699 }, // U+04A8
    { 22, 20, 381, 1, 19, 110, 23882 }, // U+04A9
    { 20, 31, 347, 1, 23, 155, 23992 }, // U+04AA
    { 16, 25, 282, 1, 17, 100, 24147 }, // U+04AB
    { 22, 31, 348, 0, 24, 171, 24247 }, // U+04AC
    { 19, 25, 302, 0, 18, 119, 24418 }, // U+04AD
    { 22, 22, 348, 0, 22, 121, 24537 }, // U+04AE
    { 19, 25, 302, 0, 17, 119, 24658 }, // U+04AF
    { 22, 22, 348, 0, 22, 121, 24777 }, // U+04B0
    { 19, 25, 302, 0, 17, 119, 24898 }, // U+04B1
    { 23, 29, 360, 0, 22, 167, 25017 }, // U+04B2
    { 20, 23, 312, 0, 17, 115, 25184 }, // U+04B3
    { 33, 31, 529, 0, 24, 256, 25299 }, // U+04B4
    { 29, 25, 463, 0, 18, 182, 25555 }, // U+04B5
    { 25, 29, 399, 0, 22, 182, 25737 }, // U+04B6
    { 21, 23, 345, 0, 17, 121, 25919 }, // U+04B7
    { 26, 24, 417, 0, 24, 156, 26040 }, // U+04B8
    { 22, 18, 352, 0, 18, 99, 26196 }, // U+04B9
    { 23, 22, 390, 1, 22, 127, 26295 }, // U+04BA
    { 21, 25, 344, 0, 25, 132, 26422 }, // U+04BB
    { 27, 26, 456, 0, 25, 176, 26554 }, // U+04BC
    { 23, 20, 376, 0, 19, 115, 26730 }, // U+04BD
    { 27, 32, 456, 0, 25, 216, 26845 }, // U+04BE
    { 23, 26, 375, 0, 19, 150, 27061 }, // U+04BF
    { 12, 22, 211, 1, 22, 66, 27211 }, // U+04C0
    { 34, 31, 541, 0, 30, 264, 27277 }, // U+04C1
    { 29, 27, 463, 0, 26, 196, 27541 }, // U+04C2
    { 24, 33, 388, 0, 24, 198, 27737 }, // U+04C3
    { 21, 27, 352, 0, 19, 142, 27935 }, // U+04C4
    { 25, 31, 400, 0, 24, 194, 28077 }, // U+04C5
    { 21, 25, 333, 0, 18, 132, 28271 }, // U+04C6
    { 27, 33, 437, 0, 24, 223, 28403 }, // U+04C7
    { 23, 27, 368, 0, 18, 156, 28626 }, // U+04C8
    { 27, 31, 437, 0, 24, 210, 28782 }, // U+04C9
    { 23, 25, 359, 0, 18, 144, 28992 }, // U+04CA
    { 26, 31, 416, 0, 24, 202, 29136 }, // U+04CB
    { 23, 25, 363, 0, 18, 144, 29338 }, // U+04CC
    { 32, 31, 517, 0, 24, 248, 29482 }, // U+04CD
    { 29, 25, 454, 0, 18, 182, 29730 }, // U+04CE
    { 11, 24, 188, 0, 24, 66, 29912 }, // U+04CF
    { 23, 30, 373, 0, 30, 173, 29978 }, // U+04D0
    { 18, 27, 297, 1, 26, 122, 30151 }, // U+04D1
    { 26, 32, 402, 0, 32, 208, 30273 }, // U+04D2
    { 18, 27, 320, 1, 26, 122, 30481 }, // U+04D3
    { 30, 22, 489, 0, 22, 165, 30603 }, // U+04D4
    { 26, 18, 437, 1, 17, 117, 30768 }, // U+04D5
    { 19, 30, 330, 1, 30, 143, 30885 }, // U+04D6
    { 17, 27, 287, 1, 26, 115, 31028 }, // U+04D7
    { 21, 24, 360, 1, 23, 126, 31143 }, // U+04D8
    { 17, 18, 291, 1, 17, 77, 31269 }, // U+04D9
    { 22, 33, 388, 1, 32, 182, 31346 }, // U+04DA
    { 17, 27, 305, 1, 26, 115, 31528 }, // U+04DB
    { 35, 32, 552, 0, 32, 280, 31643 }, // U+04DC
    { 30, 26, 471, 0, 26, 195, 31923 }, // U+04DD
    { 19, 33, 334, 1, 32, 157, 32118 }, // U+04DE
    { 15, 27, 270, 1, 26, 102, 32275 }, // U+04DF
    { 19, 25, 329, 1, 24, 119, 32377 }, // U+04E0
    { 18, 26, 298, 0, 18, 117, 32496 }, // U+04E1
    { 25, 28, 423, 1, 28, 175, 32613 }, // U+04E2
    { 22, 23, 365, 0, 23, 127, 32788 }, // U+04E3
    { 26, 32, 439, 1, 32, 208, 32915 }, // U+04E4
    { 23, 26, 362, 0, 26, 150, 33123 }, // U+04E5
    { 23, 30, 390, 1, 29, 173, 33273 }, // U+04E6
    { 18, 26, 315, 1, 25, 117, 33446 }, // U+04E7
    { 23, 24, 390, 1, 23, 138, 33563 }, // U+04E8
    { 18, 18, 315, 1, 17, 81, 33701 }, // U+04E9
    { 24, 33, 420, 1, 32, 198, 33782 }, // U+04EA
    { 18, 27, 327, 1, 26, 122, 33980 }, // U+04EB
    { 20, 33, 351, 1, 32, 165, 34102 }, // U+04EC
    { 16, 27, 279, 1, 26, 108, 34267 }, // U+04ED
    { 23, 31, 367, 0, 28, 179, 34375 }, // U+04EE
    { 19, 31, 308, 0, 23, 148, 34554 }, // U+04EF
    { 24, 33, 373, 0, 32, 198, 34702 }, // U+04F0
    { 20, 34, 309, 0, 26, 170, 34900 }, // U+04F1
    { 23, 33, 367, 0, 30, 190, 35070 }, // U+04F2
    { 19, 35, 308, 0, 27, 167, 35260 }, // U+04F3
    { 26, 32, 417, 0, 32, 208, 35427 }, // U+04F4
    { 22, 26, 352, 0, 26, 143, 35635 }, // U+04F5
    { 20, 31, 315, 0, 24, 155, 35778 }, // U+04F6
    { 17, 25, 271, 0, 18, 107, 35933 }, // U+04F7
    { 32, 32, 525, 0, 32, 256, 36040 }, // U+04F8
    { 29, 26, 467, 0, 26, 189, 36296 }, // U+04F9
    { 20, 31, 315, 0, 24, 155, 36485 }, // U+04FA
    { 17, 25, 271, 0, 18, 107, 36640 }, // U+04FB
    { 25, 31, 391, 0, 24, 194, 36747 }, // U+04FC
    { 22, 25, 344, 0, 18, 138, 36941 }, // U+04FD
    { 25, 24, 390, 0, 24, 150, 37079 }, // U+04FE
    { 22, 18, 344, 0, 18, 99, 37229 }, // U+04FF
    { 23, 30, 373, 0, 22, 173, 0 }, // U+1EA0
    { 18, 25, 297, 1, 17, 113, 173 }, // U+1EA1
    { 23, 31, 373, 0, 31, 179, 286 }, // U+1EA2
    { 18, 28, 297, 1, 27, 126, 465 }, // U+1EA3
    { 23, 32, 373, 0, 32, 184, 591 }, // U+1EA4
    { 18, 29, 297, 1, 28, 131, 775 }, // U+1EA5
    { 23, 32, 373, 0, 32, 184, 906 }, // U+1EA6
    { 19, 29, 297, 0, 28, 138, 1090 }, // U+1EA7
    { 23, 34, 373, 0, 34, 196, 1228 }, // U+1EA8
    { 18, 31, 297, 1, 30, 140, 1424 }, // U+1EA9
    { 23, 34, 373, 0, 34, 196, 1564 }, // U+1EAA
    { 18, 30, 297, 1, 29, 135, 1760 }, // U+1EAB
    { 23, 38, 373, 0, 30, 219, 1895 }, // U+1EAC
    { 18, 34, 297, 1, 26, 153, 2114 }, // U+1EAD
    { 23, 35, 373, 0, 35, 202, 2267 }, // U+1EAE
    { 18, 31, 297, 1, 30, 140, 2469 }, // U+1EAF
    { 23, 35, 373, 0, 35, 202, 2609 }, // U+1EB0
    { 18, 31, 297, 1, 30, 140, 2811 }, // U+1EB1
    { 23, 35, 373, 0, 35, 202, 2951 }, // U+1EB2
    { 18, 32, 297, 1, 31, 144, 3153 }, // U+1EB3
    { 23, 34, 373, 0, 34, 196, 3297 }, // U+1EB4
    { 18, 30, 297, 1, 29, 135, 3493 }, // U+1EB5
    { 23, 37, 373, 0, 29, 213, 3628 }, // U+1EB6
    { 18, 33, 297, 1, 25, 149, 3841 }, // U+1EB7
    { 19, 30, 330, 1, 22, 143, 3990 }, // U+1EB8
    { 17, 25, 287, 1, 17, 107, 4133 }, // U+1EB9
    { 19, 31, 330, 1, 31, 148, 4240 }, // U+1EBA
    { 17, 28, 287, 1, 27, 119, 4388 }, // U+1EBB
    { 19, 29, 330, 1, 29, 138, 4507 }, // U+1EBC
    { 17, 26, 287, 1, 25, 111, 4645 }, // U+1EBD
    { 20, 32, 330, 1, 32, 160, 4756 }, // U+1EBE
    { 18, 29, 287, 1, 28, 131, 4916 }, // U+1EBF
    { 19, 32, 330, 1, 32, 152, 5047 }, // U+1EC0
    { 18, 29, 287, 0, 28, 131, 5199 }, // U+1EC1
    { 20, 34, 330, 1, 34, 170, 5330 }, // U+1EC2
    { 18, 31, 287, 1, 30, 140, 5500 }, // U+1EC3
    { 19, 34, 330, 1, 34, 162, 5640 }, // U+1EC4
    { 17, 30, 287, 1, 29, 128, 5802 }, // U+1EC5
    { 19, 38, 330, 1, 30, 181, 5930 }, // U+1EC6
    { 17, 34, 287, 1, 26, 145, 6111 }, // U+1EC7
    { 12, 31, 211, 1, 31, 93, 6256 }, // U+1EC8
    { 11, 27, 179, 0, 27, 75, 6349 }, // U+1EC9
    { 12, 30, 211, 1, 22, 90, 6424 }, // U+1ECA
    { 11, 33, 179, 0, 25, 91, 6514 }, // U+1ECB
    { 23, 31, 390, 1, 23, 179, 6605 }, // U+1ECC
    { 18, 25, 315, 1, 17, 113, 6784 }, // U+1ECD
    { 23, 32, 390, 1, 31, 184, 6897 }, // U+1ECE
    { 18, 28, 315, 1, 27, 126, 7081 }, // U+1ECF
    { 23, 33, 390, 1, 32, 190, 7207 }, // U+1ED0
    { 18, 29, 315, 1, 28, 131, 7397 }, // U+1ED1
    { 23, 33, 390, 1, 32, 190, 7528 }, // U+1ED2
    { 19, 29, 315, 0, 28, 138, 7718 }, // U+1ED3
    { 23, 35, 390, 1, 34, 202, 7856 }, // U+1ED4
    { 19, 31, 315, 1, 30, 148, 8058 }, // U+1ED5
    { 23, 35, 390, 1, 34, 202, 8206 }, // U+1ED6
    { 18, 30, 315, 1, 29, 135, 8408 }, // U+1ED7
    { 23, 38, 390, 1, 30, 219, 8543 }, // U+1ED8
    { 18, 34, 315, 1, 26, 153, 8762 }, // U+1ED9
    { 23, 31, 390, 1, 30, 179, 8915 }, // U+1EDA
    { 19, 27, 315, 1, 26, 129, 9094 }, // U+1EDB
    { 23, 31, 390, 1, 30, 179, 9223 }, // U+1EDC
    { 19, 27, 315, 1, 26, 129, 9402 }, // U+1EDD
    { 23, 32, 390, 1, 31, 184, 9531 }, // U+1EDE
    { 19, 28, 315, 1, 27, 133, 9715 }, // U+1EDF
    { 23, 30, 390, 1, 29, 173, 9848 }, // U+1EE0
    { 19, 26, 315, 1, 25, 124, 10021 }, // U+1EE1
    { 23, 35, 390, 1, 27, 202, 10145 }, // U+1EE2
    { 19, 30, 315, 1, 22, 143, 10347 }, // U+1EE3
    { 25, 30, 399, 0, 22, 188, 10490 }, // U+1EE4
    { 21, 25, 340, 0, 17, 132, 10678 }, // U+1EE5
    { 25, 32, 399, 0, 31, 200, 10810 }, // U+1EE6
    { 21, 28, 340, 0, 27, 147, 11010 }, // U+1EE7
    { 26, 31, 399, 0, 30, 202, 11157 }, // U+1EE8
    { 22, 27, 340, 0, 26, 149, 11359 }, // U+1EE9
    { 26, 31, 399, 0, 30, 202, 11508 }, // U+1EEA
    { 22, 27, 340, 0, 26, 149, 11710 }, // U+1EEB
    { 26, 32, 399, 0, 31, 208, 11859 }, // U+1EEC
    { 22, 28, 340, 0, 27, 154, 12067 }, // U+1EED
    { 26, 30, 399, 0, 29, 195, 12221 }, // U+1EEE
    { 22, 26, 340, 0, 25, 143, 12416 }, // U+1EEF
    { 26, 36, 399, 0, 28, 234, 12559 }, // U+1EF0
    { 22, 32, 340, 0, 24, 176, 12793 }, // U+1EF1
    { 22, 30, 348, 0, 30, 165, 12969 }, // U+1EF2
    { 19, 34, 308, 0, 26, 162, 13134 }, // U+1EF3
    { 22, 30, 348, 0, 22, 165, 13296 }, // U+1EF4
    { 19, 25, 308, 0, 17, 119, 13461 }, // U+1EF5
    { 22, 31, 348, 0, 31, 171, 13580 }, // U+1EF6
    { 19, 35, 308, 0, 27, 167, 13751 }, // U+1EF7
    { 22, 29, 348, 0, 29, 160, 13918 }, // U+1EF8
    { 19, 33, 308, 0, 25, 157, 14078 }, // U+1EF9
    { 0, 0, 267, 0, 0, 0, 0 }, // U+2000
    { 0, 0, 533, 0, 0, 0, 0 }, // U+2001
    { 0, 0, 267, 0, 0, 0, 0 }, // U+2002
    { 0, 0, 533, 0, 0, 0, 0 }, // U+2003
    { 0, 0, 178, 0, 0, 0, 0 }, // U+2004
    { 0, 0, 133, 0, 0, 0, 0 }, // U+2005
    { 0, 0, 89, 0, 0, 0, 0 }, // U+2006
    { 0, 0, 299, 0, 0, 0, 0 }, // U+2007
    { 0, 0, 157, 0, 0, 0, 0 }, // U+2008
    { 0, 0, 67, 0, 0, 0, 0 }, // U+2009
    { 0, 0, 22, 0, 0, 0, 0 }, // U+200A
    { 0, 0, 0, 0, 0, 0, 0 }, // U+200B
    { 2, 26, 0, -1, 21, 13, 0 }, // U+200C
    { 8, 28, 0, -4, 23, 56, 13 }, // U+200D
    { 9, 28, 0, -1, 23, 63, 69 }, // U+200E
    { 9, 28, 0, -8, 23, 63, 132 }, // U+200F
    { 10, 4, 186, 1, 11, 10, 195 }, // U+2010
    { 10, 4, 165, 0, 11, 10, 205 }, // U+2011
    { 16, 4, 299, 1, 12, 16, 215 }, // U+2012
    { 16, 4, 289, 1, 11, 16, 231 }, // U+2013
    { 26, 4, 449, 1, 11, 26, 247 }, // U+2014
    { 26, 4, 449, 1, 11, 26, 273 }, // U+2015
    { 9, 34, 298, 5, 26, 77, 299 }, // U+2016
    { 15, 7, 219, -1, 0, 27, 376 }, // U+2017
    { 7, 12, 128, 1, 25, 21, 403 }, // U+2018
    { 7, 12, 128, 0, 25, 21, 424 }, // U+2019
    { 7, 12, 128, 0, 6, 21, 445 }, // U+201A
    { 7, 11, 149, 1, 24, 20, 466 }, // U+201B
    { 14, 12, 250, 1, 25, 42, 486 }, // U+201C
    { 15, 12, 249, 0, 25, 45, 528 }, // U+201D
    { 15, 12, 249, 0, 6, 45, 573 }, // U+201E
    { 14, 11, 261, 1, 24, 39, 618 }, // U+201F
    { 16, 27, 284, 1, 25, 108, 657 }, // U+2020
    { 16, 28, 284, 1, 25, 112, 765 }, // U+2021
    { 9, 10, 178, 1, 16, 23, 877 }, // U+2022
    { 11, 12, 267, 3, 18, 33, 900 }, // U+2023
    { 6, 6, 157, 2, 15, 9, 933 }, // U+2024
    { 17, 7, 328, 2, 6, 30, 942 }, // U+2025
    { 26, 7, 465, 2, 6, 46, 972 }, // U+2026
    { 6, 7, 157, 2, 14, 11, 1018 }, // U+2027
    { 0, 0, 320, 0, 0, 0, 1029 }, // U+2028
    { 0, 0, 320, 0, 0, 0, 1029 }, // U+2029
    { 9, 26, 0, -1, 21, 59, 1029 }, // U+202A
    { 9, 26, 0, -8, 21, 59, 1088 }, // U+202B
    { 8, 28, 0, -4, 23, 56, 1147 }, // U+202C
    { 8, 28, 0, -4, 23, 56, 1203 }, // U+202D
    { 8, 28, 0, -4, 23, 56, 1259 }, // U+202E
    { 0, 0, 67, 0, 0, 0, 1315 }, // U+202F
    { 43, 25, 710, 1, 23, 269, 1315 }, // U+2030
    { 56, 26, 923, 1, 25, 364, 1584 }, // U+2031
    { 6, 12, 137, 1, 25, 18, 1948 }, // U+2032
    { 14, 12, 252, 1, 25, 42, 1966 }, // U+2033
    { 24, 9, 390, 0, 24, 54, 2008 }, // U+2034
    { 8, 9, 134, 0, 24, 18, 2062 }, // U+2035
    { 16, 9, 262, 0, 24, 36, 2080 }, // U+2036
    { 24, 9, 390, 0, 24, 54, 2116 }, // U+2037
    { 13, 10, 235, 1, 2, 33, 2170 }, // U+2038
    { 10, 16, 186, 1, 17, 40, 2203 }, // U+2039
    { 10, 16, 186, 1, 17, 40, 2243 }, // U+203A
    { 24, 24, 437, 2, 24, 144, 2283 }, // U+203B
    { 18, 24, 350, 2, 23, 108, 2427 }, // U+203C
    { 18, 26, 328, 1, 25, 117, 2535 }, // U+203D
    { 17, 3, 245, -1, 28, 13, 2652 }, // U+203E
    { 26, 7, 0, -13, -1, 46, 2665 }, // U+203F
    { 28, 7, 0, -14, 28, 49, 2711 }, // U+2040
    { 15, 24, 240, 0, 24, 90, 2760 }, // U+2041
    { 32, 26, 533, 1, 26, 208, 2850 }, // U+2042
    { 10, 6, 193, 1, 15, 15, 3058 }, // U+2043
    { 18, 25, 85, -6, 23, 113, 3073 }, // U+2044
    { 10, 31, 221, 3, 26, 78, 3186 }, // U+2045
    { 10, 31, 221, 1, 26, 78, 3264 }, // U+2046
    { 25, 24, 449, 2, 23, 150, 3342 }, // U+2047
    { 21, 24, 404, 2, 23, 126, 3492 }, // U+2048
    { 22, 24, 397, 2, 23, 132, 3618 }, // U+2049
    { 17, 25, 325, 1, 19, 107, 3750 }, // U+204A
    { 19, 30, 334, 1, 26, 143, 3857 }, // U+204B
    { 19, 13, 329, 1, 19, 62, 4000 }, // U+204C
    { 19, 13, 329, 1, 19, 62, 4062 }, // U+204D
    { 15, 14, 268, 1, 19, 53, 4124 }, // U+204E
    { 7, 25, 162, 2, 19, 44, 4177 }, // U+204F
    { 24, 26, 411, 1, 25, 156, 4221 }, // U+2050
    { 15, 28, 268, 1, 26, 105, 4377 }, // U+2051
    { 13, 25, 215, 0, 24, 82, 4482 }, // U+2052
    { 17, 8, 298, 1, 16, 34, 4564 }, // U+2053
    { 26, 7, 0, -13, 0, 46, 4598 }, // U+2054
    { 16, 16, 288, 1, 20, 64, 4644 }, // U+2055
    { 17, 20, 336, 2, 19, 85, 4708 }, // U+2056
    { 32, 9, 517, 0, 24, 72, 4793 }, // U+2057
    { 22, 20, 408, 2, 19, 110, 4865 }, // U+2058
    { 22, 20, 408, 2, 19, 110, 4975 }, // U+2059
    { 6, 26, 162, 2, 25, 39, 5085 }, // U+205A
    { 22, 26, 408, 2, 25, 143, 5124 }, // U+205B
    { 19, 18, 372, 2, 18, 86, 5267 }, // U+205C
    { 6, 26, 162, 2, 25, 39, 5353 }, // U+205D
    { 6, 26, 162, 2, 25, 39, 5392 }, // U+205E
    { 0, 0, 118, 0, 0, 0, 5431 }, // U+205F
    { 0, 0, 320, 0, 0, 0, 5431 }, // U+2060
    { 0, 0, 320, 0, 0, 0, 5431 }, // U+2061
    { 0, 0, 320, 0, 0, 0, 5431 }, // U+2062
    { 0, 0, 320, 0, 0, 0, 5431 }, // U+2063
    { 0, 0, 320, 0, 0, 0, 5431 }, // U+2064
    { 0, 0, 0, 0, 0, 0, 5431 }, // U+2066
    { 0, 0, 0, 0, 0, 0, 5431 }, // U+2067
    { 0, 0, 0, 0, 0, 0, 5431 }, // U+2068
    { 0, 0, 0, 0, 0, 0, 5431 }, // U+2069
    { 8, 28, 0, -4, 23, 56, 5431 }, // U+206A
    { 8, 28, 0, -4, 23, 56, 5487 }, // U+206B
    { 8, 28, 0, -4, 23, 56, 5543 }, // U+206C
    { 8, 29, 0, -4, 24, 58, 5599 }, // U+206D
    { 8, 28, 0, -4, 23, 56, 5657 }, // U+206E
    { 8, 28, 0, -4, 23, 56, 5713 }, // U+206F
    { 12, 15, 209, 1, 28, 45, 0 }, // U+2070
    { 8, 18, 122, 0, 31, 36, 45 }, // U+2071
    { 13, 15, 209, 0, 28, 49, 81 }, // U+2074
    { 11, 15, 209, 1, 28, 42, 130 }, // U+2075
    { 12, 15, 209, 1, 28, 45, 172 }, // U+2076
    { 11, 15, 209, 1, 28, 42, 217 }, // U+2077
    { 11, 15, 209, 1, 28, 42, 259 }, // U+2078
    { 13, 15, 209, 0, 28, 49, 301 }, // U+2079
    { 13, 13, 213, 0, 26, 43, 350 }, // U+207A
    { 13, 3, 213, 0, 21, 10, 393 }, // U+207B
    { 13, 8, 213, 0, 23, 26, 403 }, // U+207C
    { 8, 20, 154, 1, 30, 40, 429 }, // U+207D
    { 7, 20, 154, 1, 30, 35, 469 }, // U+207E
    { 15, 13, 237, 0, 26, 49, 504 }, // U+207F
    { 12, 15, 209, 1, 7, 45, 553 }, // U+2080
    { 10, 15, 209, 2, 7, 38, 598 }, // U+2081
    { 11, 15, 209, 1, 7, 42, 636 }, // U+2082
    { 11, 15, 209, 1, 7, 42, 678 }, // U+2083
    { 13, 15, 209, 0, 7, 49, 720 }, // U+2084
    { 11, 15, 209, 1, 7, 42, 769 }, // U+2085
    { 12, 15, 209, 1, 7, 45, 811 }, // U+2086
    { 11, 15, 209, 1, 7, 42, 856 }, // U+2087
    { 11, 15, 209, 1, 7, 42, 898 }, // U+2088
    { 13, 15, 209, 0, 7, 49, 940 }, // U+2089
    { 13, 13, 213, 0, 10, 43, 989 }, // U+208A
    { 13, 3, 213, 0, 5, 10, 1032 }, // U+208B
    { 13, 8, 213, 0, 7, 26, 1042 }, // U+208C
    { 8, 20, 154, 1, 9, 40, 1068 }, // U+208D
    { 7, 20, 154, 1, 9, 35, 1108 }, // U+208E
    { 12, 12, 208, 1, 8, 36, 1143 }, // U+2090
    { 11, 12, 198, 1, 8, 33, 1179 }, // U+2091
    { 12, 12, 213, 1, 8, 36, 1212 }, // U+2092
    { 14, 12, 224, 0, 8, 42, 1248 }, // U+2093
    { 11, 12, 198, 1, 8, 33, 1290 }, // U+2094
    { 14, 16, 231, 0, 12, 56, 1323 }, // U+2095
    { 14, 16, 221, 0, 12, 56, 1379 }, // U+2096
    { 8, 16, 122, 0, 12, 32, 1435 }, // U+2097
    { 21, 12, 342, 0, 8, 63, 1467 }, // U+2098
    { 14, 12, 231, 0, 8, 42, 1530 }, // U+2099
    { 13, 16, 223, 0, 8, 52, 1572 }, // U+209A
    { 10, 12, 166, 0, 8, 30, 1624 }, // U+209B
    { 9, 14, 141, 0, 10, 32, 1654 }, // U+209C
    { 24, 25, 411, 1, 25, 150, 0 }, // U+20A0
    { 19, 29, 296, 0, 25, 138, 150 }, // U+20A1
    { 20, 26, 357, 1, 25, 130, 288 }, // U+20A2
    { 17, 24, 301, 1, 24, 102, 418 }, // U+20A3
    { 16, 22, 296, 1, 22, 88, 520 }, // U+20A4
    { 33, 28, 526, 0, 23, 231, 608 }, // U+20A5
    { 19, 23, 296, 0, 22, 110, 839 }, // U+20A6
    { 19, 22, 296, 0, 22, 105, 949 }, // U+20A7
    { 38, 25, 615, 0, 24, 238, 1054 }, // U+20A8
    { 20, 23, 296, -1, 22, 115, 1292 }, // U+20A9
    { 26, 20, 476, 2, 20, 130, 1407 }, // U+20AA
    { 17, 24, 296, 1, 23, 102, 1537 }, // U+20AB
    { 18, 23, 296, 0, 22, 104, 1639 }, // U+20AC
    { 25, 24, 391, 0, 24, 150, 1743 }, // U+20AD
    { 18, 22, 296, 0, 22, 99, 1893 }, // U+20AE
    { 37, 35, 590, 0, 28, 324, 1992 }, // U+20AF
    { 20, 33, 339, 0, 25, 165, 2316 }, // U+20B0
    { 19, 22, 296, 0, 22, 105, 2481 }, // U+20B1
    { 19, 29, 296, 0, 25, 138, 2586 }, // U+20B2
    { 25, 24, 402, 0, 24, 150, 2724 }, // U+20B3
    { 17, 23, 296, 1, 22, 98, 2874 }, // U+20B4
    { 17, 29, 296, 1, 25, 124, 2972 }, // U+20B5
    { 20, 25, 316, 0, 24, 125, 3096 }, // U+20B6
    { 18, 28, 301, 0, 25, 126, 3221 }, // U+20B7
    { 18, 22, 296, 0, 22, 99, 3347 }, // U+20B8
    { 15, 23, 296, 2, 22, 87, 3446 }, // U+20B9
    { 18, 23, 296, 0, 22, 104, 3533 }, // U+20BA
    { 21, 26, 348, 0, 25, 137, 3637 }, // U+20BB
    { 22, 23, 419, 2, 23, 127, 3774 }, // U+20BC
    { 18, 22, 296, 0, 22, 99, 3901 }, // U+20BD
    { 21, 26, 373, 1, 26, 137, 4000 }, // U+20BE
    { 18, 29, 296, 0, 25, 131, 4137 }, // U+20BF
    { 16, 25, 281, 1, 19, 100, 4268 }, // U+20C0
    { 22, 23, 359, 0, 21, 127, 0 }, // U+2190
    { 22, 23, 359, 0, 21, 127, 127 }, // U+2191
    { 22, 23, 359, 0, 21, 127, 254 }, // U+2192
    { 22, 23, 359, 0, 21, 127, 381 }, // U+2193
    { 39, 23, 712, 3, 22, 225, 508 }, // U+2194
    { 18, 18, 359, 3, 18, 81, 733 }, // U+2196
    { 18, 18, 359, 2, 18, 81, 814 }, // U+2197
    { 18, 18, 359, 2, 19, 81, 895 }, // U+2198
    { 18, 18, 359, 3, 19, 81, 976 }, // U+2199
    { 18, 23, 315, 1, 22, 104, 0 }, // U+2202
    { 20, 22, 338, 1, 22, 110, 104 }, // U+2206
    { 25, 27, 418, 1, 22, 169, 214 }, // U+220F
    { 19, 27, 310, 0, 22, 129, 383 }, // U+2211
    { 17, 4, 297, 1, 13, 17, 512 }, // U+2212
    { 18, 25, 85, -6, 23, 113, 529 }, // U+2215
    { 7, 7, 164, 2, 14, 13, 642 }, // U+2219
    { 19, 30, 308, 1, 26, 143, 655 }, // U+221A
    { 25, 14, 421, 1, 18, 88, 798 }, // U+221E
    { 19, 34, 201, -3, 26, 162, 886 }, // U+222B
    { 17, 15, 297, 1, 19, 64, 1048 }, // U+2248
    { 17, 20, 297, 1, 21, 85, 1112 }, // U+2260
    { 17, 20, 297, 1, 20, 85, 1197 }, // U+2264
    { 17, 20, 297, 1, 20, 85, 1282 }, // U+2265
    { 22, 20, 384, 1, 20, 110, 0 }, // U+25A0
    { 25, 25, 485, 3, 25, 157, 110 }, // U+25A1
    { 25, 24, 399, 0, 22, 150, 267 }, // U+25C6
    { 33, 33, 563, 1, 29, 273, 417 }, // U+25C7
    { 26, 26, 485, 2, 25, 169, 690 }, // U+25CB
    { 26, 26, 485, 2, 25, 169, 859 }, // U+25CF
    { 30, 29, 555, 2, 28, 218, 1028 }, // U+2605
    { 30, 29, 555, 2, 28, 218, 1246 }, // U+2606
    { 30, 26, 543, 2, 25, 195, 1464 }, // U+2661
    { 30, 26, 543, 2, 25, 195, 1659 }, // U+2665
    { 19, 29, 343, 2, 28, 138, 1854 }, // U+2713
    { 19, 20, 468, 5, 21, 95, 1992 }, // U+2717
    { 27, 25, 375, 0, 25, 169, 0 }, // U+FB00
    { 22, 25, 351, 0, 25, 138, 169 }, // U+FB01
    { 22, 25, 358, 0, 25, 138, 307 }, // U+FB02
    { 33, 25, 527, 0, 25, 207, 445 }, // U+FB03
    { 33, 25, 533, 0, 25, 207, 652 }, // U+FB04
    { 25, 27, 402, 0, 26, 169, 859 }, // U+FB05
    { 28, 27, 463, 1, 26, 189, 1028 }, // U+FB06
    { 31, 32, 533, 1, 26, 248, 0 }, // U+FFFD
};

static const EpdUnicodeInterval sourceserif_16_boldIntervals[] = {
    { 0x0, 0x0, 0x0 },
    { 0xD, 0xD, 0x1 },
    { 0x20, 0x7E, 0x2 },
    { 0xA0, 0x17F, 0x61 },
    { 0x1A0, 0x1A1, 0x141 },
    { 0x1AF, 0x1B0, 0x143 },
    { 0x1C4, 0x21F, 0x145 },
    { 0x300, 0x36F, 0x1A1 },
    { 0x400, 0x4FF, 0x211 },
    { 0x1EA0, 0x1EF9, 0x311 },
    { 0x2000, 0x2064, 0x36B },
    { 0x2066, 0x2071, 0x3D0 },
    { 0x2074, 0x208E, 0x3DC },
    { 0x2090, 0x209C, 0x3F7 },
    { 0x20A0, 0x20C0, 0x404 },
    { 0x2190, 0x2194, 0x425 },
    { 0x2196, 0x2199, 0x42A },
    { 0x2202, 0x2202, 0x42E },
    { 0x2206, 0x2206, 0x42F },
    { 0x220F, 0x220F, 0x430 },
    { 0x2211, 0x2212, 0x431 },
    { 0x2215, 0x2215, 0x433 },
    { 0x2219, 0x221A, 0x434 },
    { 0x221E, 0x221E, 0x436 },
    { 0x222B, 0x222B, 0x437 },
    { 0x2248, 0x2248, 0x438 },
    { 0x2260, 0x2260, 0x439 },
    { 0x2264, 0x2265, 0x43A },
    { 0x25A0, 0x25A1, 0x43C },
    { 0x25C6, 0x25C7, 0x43E },
    { 0x25CB, 0x25CB, 0x440 },
    { 0x25CF, 0x25CF, 0x441 },
    { 0x2605, 0x2606, 0x442 },
    { 0x2661, 0x2661, 0x444 },
    { 0x2665, 0x2665, 0x445 },
    { 0x2713, 0x2713, 0x446 },
    { 0x2717, 0x2717, 0x447 },
    { 0xFB00, 0xFB06, 0x448 },
    { 0xFFFD, 0xFFFD, 0x44F },
};

static const EpdFontGroup sourceserif_16_boldGroups[] = {
    { 0, 3878, 9749, 97, 0 },
    { 3878, 3477, 11689, 96, 97 },
    { 7355, 4443, 18858, 128, 193 },
    { 11798, 4677, 18066, 96, 321 },
    { 16475, 1395, 2573, 112, 417 },
    { 17870, 12189, 39547, 256, 529 },
    { 30059, 2550, 15243, 90, 785 },
    { 32609, 2418, 6283, 111, 875 },
    { 35027, 769, 1879, 42, 986 },
    { 35796, 2083, 4713, 33, 1028 },
    { 37879, 485, 1142, 9, 1061 },
    { 38364, 625, 1501, 14, 1070 },
    { 38989, 691, 2249, 12, 1084 },
    { 39680, 445, 1303, 7, 1096 },
    { 40125, 144, 256, 1, 1103 },
};

static const uint16_t sourceserif_16_boldKernLeftCodepoints[] = {
    0x0020, 0x0022, 0x0023, 0x0024, 0x0026, 0x0027, 0x0028, 0x0029, 0x002A, 0x002B, 0x002C, 0x002D,
    0x002E, 0x002F, 0x0030, 0x0031, 0x0032, 0x0033, 0x0034, 0x0035, 0x0036, 0x0037, 0x0038, 0x0039,
    0x003A, 0x003B, 0x003C, 0x003D, 0x003E, 0x003F, 0x0040, 0x0041, 0x0042, 0x0043, 0x0044, 0x0045,
    0x0046, 0x0047, 0x0048, 0x0049, 0x004A, 0x004B, 0x004C, 0x004D, 0x004E, 0x004F, 0x0050, 0x0051,
    0x0052, 0x0053, 0x0054, 0x0055, 0x0056, 0x0057, 0x0058, 0x0059, 0x005A, 0x005B, 0x005C, 0x005D,
    0x005F, 0x0061, 0x0062, 0x0063, 0x0064, 0x0065, 0x0066, 0x0067, 0x0068, 0x0069, 0x006A, 0x006B,
    0x006C, 0x006D, 0x006E, 0x006F, 0x0070, 0x0071, 0x0072, 0x0073, 0x0074, 0x0075, 0x0076, 0x0077,
    0x0078, 0x0079, 0x007A, 0x007B, 0x007C, 0x007D, 0x007E, 0x00C0, 0x00C1, 0x00C2, 0x00C3, 0x00C4,
    0x00C5, 0x00C7, 0x00C8, 0x00C9, 0x00CA, 0x00CB, 0x00CC, 0x00CD, 0x00CE, 0x00CF, 0x00D1, 0x00D2,
    0x00D3, 0x00D4, 0x00D5, 0x00D6, 0x00D9, 0x00DA, 0x00DB, 0x00DC, 0x00DD, 0x00E0, 0x00E1, 0x00E2,
    0x00E3, 0x00E4, 0x00E5, 0x00E7, 0x00E8, 0x00E9, 0x00EA, 0x00EB, 0x00EC, 0x00ED, 0x00EE, 0x00EF,
    0x00F1, 0x00F2, 0x00F3, 0x00F4, 0x00F5, 0x00F6, 0x00F9, 0x00FA, 0x00FB, 0x00FC, 0x00FD, 0x00FF,
    0x0100, 0x0101, 0x0102, 0x0103, 0x0104, 0x0105, 0x0106, 0x0107, 0x0108, 0x0109, 0x010A, 0x010B,
    0x010C, 0x010D, 0x010E, 0x010F, 0x0110, 0x0111, 0x0112, 0x0113, 0x0114, 0x0115, 0x0116, 0x0117,
    0x0118, 0x0119, 0x011A, 0x011B, 0x011C, 0x011D, 0x011E, 0x011F, 0x0120, 0x0121, 0x0122, 0x0123,
    0x0124, 0x0125, 0x0128, 0x0129, 0x012A, 0x012B, 0x012C, 0x012D, 0x012E, 0x012F, 0x0130, 0x0131,
    0x0134, 0x0135, 0x0136, 0x0137, 0x0139, 0x013A, 0x013B, 0x013C, 0x013D, 0x013E, 0x0141, 0x0142,
    0x0143, 0x0144, 0x0145, 0x0146, 0x0147, 0x0148, 0x014C, 0x014D, 0x014E, 0x014F, 0x0150, 0x0151,
    0x0154, 0x0155, 0x0156, 0x0157, 0x0158, 0x0159, 0x015A, 0x015B, 0x015C, 0x015D, 0x015E, 0x015F,
    0x0160, 0x0161, 0x0162, 0x0163, 0x0164, 0x0165, 0x0168, 0x0169, 0x016A, 0x016B, 0x016C, 0x016D,
    0x016E, 0x016F, 0x0170, 0x0171, 0x0172, 0x0173, 0x0174, 0x0175, 0x0176, 0x0177, 0x0178, 0x0179,
    0x017A, 0x017B, 0x017C, 0x017D, 0x017E, 0x01A0, 0x01A1, 0x01AF, 0x01B0, 0x01CD, 0x01CE, 0x01CF,
    0x01D0, 0x01D1, 0x01D2, 0x01D3, 0x01D4, 0x01D5, 0x01D6, 0x01D7, 0x01D8, 0x01D9, 0x01DA, 0x01DB,
    0x01DC, 0x01DE, 0x01DF, 0x01E0, 0x01E1, 0x01E6, 0x01E7, 0x01E8, 0x01E9, 0x01EA, 0x01EB, 0x01EC,
    0x01ED, 0x01F0, 0x01F4, 0x01F5, 0x01F8, 0x01F9, 0x01FA, 0x01FB, 0x0200, 0x0201, 0x0202, 0x0203,
    0x0204, 0x0205, 0x0206, 0x0207, 0x0208, 0x0209, 0x020A, 0x020B, 0x020C, 0x020D, 0x020E, 0x020F,
    0x0210, 0x0211, 0x0212, 0x0213, 0x0214, 0x0215, 0x0216, 0x0217, 0x0218, 0x0219, 0x021A, 0x021B,
    0x021E, 0x021F, 0x1EA0, 0x1EA1, 0x1EA2, 0x1EA3, 0x1EA4, 0x1EA5, 0x1EA6, 0x1EA7, 0x1EA8, 0x1EA9,
    0x1EAA, 0x1EAB, 0x1EAC, 0x1EAD, 0x1EAE, 0x1EAF, 0x1EB0, 0x1EB1, 0x1EB2, 0x1EB3, 0x1EB4, 0x1EB5,
    0x1EB6, 0x1EB7, 0x1EB8, 0x1EB9, 0x1EBA, 0x1EBB, 0x1EBC, 0x1EBD, 0x1EBE, 0x1EBF, 0x1EC0, 0x1EC1,
    0x1EC2, 0x1EC3, 0x1EC4, 0x1EC5, 0x1EC6, 0x1EC7, 0x1EC8, 0x1EC9, 0x1ECA, 0x1ECB, 0x1ECC, 0x1ECD,
    0x1ECE, 0x1ECF, 0x1ED0, 0x1ED1, 0x1ED2, 0x1ED3, 0x1ED4, 0x1ED5, 0x1ED6, 0x1ED7, 0x1ED8, 0x1ED9,
    0x1EDA, 0x1EDB, 0x1EDC, 0x1EDD, 0x1EDE, 0x1EDF, 0x1EE0, 0x1EE1, 0x1EE2, 0x1EE3, 0x1EE4, 0x1EE5,
    0x1EE6, 0x1EE7, 0x1EE8, 0x1EE9, 0x1EEA, 0x1EEB, 0x1EEC, 0x1EED, 0x1EEE, 0x1EEF, 0x1EF0, 0x1EF1,
    0x1EF2, 0x1EF3, 0x1EF4, 0x1EF5, 0x1EF6, 0x1EF7, 0x1EF8, 0x1EF9,
};

static const uint8_t sourceserif_16_boldKernLeftClassIds[] = {
      1,   2,   3,   4,   5,   2,   6,   7,   8,   9,  10,  11,  10,  12,  13,  14,
     15,  16,  17,  18,  19,  20,  16,  21,  22,  22,  23,  24,   9,  25,  26,  27,
     28,  29,  30,  31,  32,  33,  34,  34,  35,  36,  37,  34,  38,  39,  40,  39,
     41,  42,  43,  44,  45,  46,  47,  48,  49,   6,  50,   7,  51,  52,  53,  54,
     55,  56,  57,  58,  59,  60,  61,  62,  55,  59,  59,  53,  53,  63,  64,  65,
     66,  67,  68,  68,  69,  68,  70,   6,  71,   7,   9,  27,  27,  27,  27,  27,
     27,  29,  31,  31,  31,  31,  34,  34,  34,  34,  38,  39,  39,  39,  39,  39,
     44,  44,  44,  44,  48,  52,  52,  52,  52,  52,  52,  54,  56,  56,  56,  56,
     60,  60,  60,  60,  59,  53,  53,  53,  53,  53,  67,  67,  67,  67,  68,  68,
     27,  52,  27,  52,  27,  52,  29,  54,  29,  54,  29,  54,  29,  54,  30,  55,
     30,  55,  31,  56,  31,  56,  31,  56,  31,  56,  31,  56,  33,  58,  33,  58,
     33,  58,  33,  58,  34,  59,  34,  60,  34,  60,  34,  60,  34,  60,  34,  60,
     35,  61,  36,  62,  37,  55,  37,  55,  37,  55,  37,  55,  38,  59,  38,  59,
     38,  59,  39,  53,  39,  53,  39,  53,  41,  64,  41,  64,  41,  64,  42,  65,
     42,  65,  42,  65,  42,  65,  43,  66,  43,  66,  44,  67,  44,  67,  44,  67,
     44,  67,  44,  67,  44,  67,  46,  68,  48,  68,  48,  49,  70,  49,  70,  49,
     70,  39,  53,  44,  67,  27,  52,  34,  60,  39,  53,  44,  67,  44,  67,  44,
     67,  44,  67,  44,  67,  27,  52,  27,  52,  33,  58,  36,  62,  39,  53,  39,
     53,  61,  33,  58,  38,  59,  27,  52,  27,  52,  27,  52,  31,  56,  31,  56,
     34,  60,  34,  60,  39,  53,  39,  53,  41,  64,  41,  64,  44,  67,  44,  67,
     42,  65,  43,  66,  34,  59,  27,  52,  27,  52,  27,  52,  27,  52,  27,  52,
     27,  52,  27,  52,  27,  52,  27,  52,  27,  52,  27,  52,  27,  52,  31,  56,
     31,  56,  31,  56,  31,  56,  31,  56,  31,  56,  31,  56,  31,  56,  34,  60,
     34,  60,  39,  53,  39,  53,  39,  53,  39,  53,  39,  53,  39,  53,  39,  53,
     39,  53,  39,  53,  39,  53,  39,  53,  39,  53,  44,  67,  44,  67,  44,  67,
     44,  67,  44,  67,  44,  67,  44,  67,  48,  68,  48,  68,  48,  68,  48,  68,
};

static const uint16_t sourceserif_16_boldKernRightCodepoints[] = {
    0x0020, 0x0021, 0x0022, 0x0023, 0x0024, 0x0025, 0x0026, 0x0027, 0x0028, 0x0029, 0x002A, 0x002B,
    0x002C, 0x002D, 0x002E, 0x002F, 0x0030, 0x0031, 0x0032, 0x0033, 0x0034, 0x0035, 0x0036, 0x0037,
    0x0038, 0x0039, 0x003A, 0x003B, 0x003C, 0x003D, 0x003E, 0x003F, 0x0040, 0x0041, 0x0042, 0x0043,
    0x0044, 0x0045, 0x0046, 0x0047, 0x0048, 0x0049, 0x004A, 0x004B, 0x004C, 0x004D, 0x004E, 0x004F,
    0x0050, 0x0051, 0x0052, 0x0053, 0x0054, 0x0055, 0x0056, 0x0057, 0x0058, 0x0059, 0x005A, 0x005B,
    0x005C, 0x005D, 0x005F, 0x0061, 0x0062, 0x0063, 0x0064, 0x0065, 0x0066, 0x0067, 0x0068, 0x0069,
    0x006A, 0x006B, 0x006C, 0x006D, 0x006E, 0x006F, 0x0070, 0x0071, 0x0072, 0x0073, 0x0074, 0x0075,
    0x0076, 0x0077, 0x0078, 0x0079, 0x007A, 0x007B, 0x007C, 0x007D, 0x007E, 0x00C0, 0x00C1, 0x00C2,
    0x00C3, 0x00C4, 0x00C5, 0x00C7, 0x00C8, 0x00C9, 0x00CA, 0x00CB, 0x00CC, 0x00CD, 0x00CE, 0x00CF,
    0x00D1, 0x00D2, 0x00D3, 0x00D4, 0x00D5, 0x00D6, 0x00D9, 0x00DA, 0x00DB, 0x00DC, 0x00DD, 0x00E0,
    0x00E1, 0x00E2, 0x00E3, 0x00E4, 0x00E5, 0x00E7, 0x00E8, 0x00E9, 0x00EA, 0x00EB, 0x00EC, 0x00ED,
    0x00EE, 0x00EF, 0x00F1, 0x00F2, 0x00F3, 0x00F4, 0x00F5, 0x00F6, 0x00F9, 0x00FA, 0x00FB, 0x00FC,
    0x00FD, 0x00FF, 0x0100, 0x0101, 0x0102, 0x0103, 0x0104, 0x0105, 0x0106, 0x0107, 0x0108, 0x0109,
    0x010A, 0x010B, 0x010C, 0x010D, 0x010E, 0x010F, 0x0110, 0x0111, 0x0112, 0x0113, 0x0114, 0x0115,
    0x0116, 0x0117, 0x0118, 0x0119, 0x011A, 0x011B, 0x011C, 0x011D, 0x011E, 0x011F, 0x0120, 0x0121,
    0x0122, 0x0123, 0x0124, 0x0125, 0x0128, 0x0129, 0x012A, 0x012B, 0x012C, 0x012D, 0x012E, 0x012F,
    0x0130, 0x0131, 0x0134, 0x0135, 0x0136, 0x0137, 0x0139, 0x013A, 0x013B, 0x013C, 0x013D, 0x013E,
    0x0141, 0x0142, 0x0143, 0x0144, 0x0145, 0x0146, 0x0147, 0x0148, 0x014C, 0x014D, 0x014E, 0x014F,
    0x0150, 0x0151, 0x0154, 0x0155, 0x0156, 0x0157, 0x0158, 0x0159, 0x015A, 0x015B, 0x015C, 0x015D,
    0x015E, 0x015F, 0x0160, 0x0161, 0x0162, 0x0163, 0x0164, 0x0165, 0x0168, 0x0169, 0x016A, 0x016B,
    0x016C, 0x016D, 0x016E, 0x016F, 0x0170, 0x0171, 0x0172, 0x0173, 0x0174, 0x0175, 0x0176, 0x0177,
    0x0178, 0x0179, 0x017A, 0x017B, 0x017C, 0x017D, 0x017E, 0x01A0, 0x01A1, 0x01AF, 0x01B0, 0x01CD,
    0x01CE, 0x01CF, 0x01D0, 0x01D1, 0x01D2, 0x01D3, 0x01D4, 0x01D5, 0x01D6, 0x01D7, 0x01D8, 0x01D9,
    0x01DA, 0x01DB, 0x01DC, 0x01DE, 0x01DF, 0x01E0, 0x01E1, 0x01E6, 0x01E7, 0x01E8, 0x01E9, 0x01EA,
    0x01EB, 0x01EC, 0x01ED, 0x01F0, 0x01F4, 0x01F5, 0x01F8, 0x01F9, 0x01FA, 0x01FB, 0x0200, 0x0201,
    0x0202, 0x0203, 0x0204, 0x0205, 0x0206, 0x0207, 0x0208, 0x0209, 0x020A, 0x020B, 0x020C, 0x020D,
    0x020E, 0x020F, 0x0210, 0x0211, 0x0212, 0x0213, 0x0214, 0x0215, 0x0216, 0x0217, 0x0218, 0x0219,
    0x021A, 0x021B, 0x021E, 0x021F, 0x1EA0, 0x1EA1, 0x1EA2, 0x1EA3, 0x1EA4, 0x1EA5, 0x1EA6, 0x1EA7,
    0x1EA8, 0x1EA9, 0x1EAA, 0x1EAB, 0x1EAC, 0x1EAD, 0x1EAE, 0x1EAF, 0x1EB0, 0x1EB1, 0x1EB2, 0x1EB3,
    0x1EB4, 0x1EB5, 0x1EB6, 0x1EB7, 0x1EB8, 0x1EB9, 0x1EBA, 0x1EBB, 0x1EBC, 0x1EBD, 0x1EBE, 0x1EBF,
    0x1EC0, 0x1EC1, 0x1EC2, 0x1EC3, 0x1EC4, 0x1EC5, 0x1EC6, 0x1EC7, 0x1EC8, 0x1EC9, 0x1ECA, 0x1ECB,
    0x1ECC, 0x1ECD, 0x1ECE, 0x1ECF, 0x1ED0, 0x1ED1, 0x1ED2, 0x1ED3, 0x1ED4, 0x1ED5, 0x1ED6, 0x1ED7,
    0x1ED8, 0x1ED9, 0x1EDA, 0x1EDB, 0x1EDC, 0x1EDD, 0x1EDE, 0x1EDF, 0x1EE0, 0x1EE1, 0x1EE2, 0x1EE3,
    0x1EE4, 0x1EE5, 0x1EE6, 0x1EE7, 0x1EE8, 0x1EE9, 0x1EEA, 0x1EEB, 0x1EEC, 0x1EED, 0x1EEE, 0x1EEF,
    0x1EF0, 0x1EF1, 0x1EF2, 0x1EF3, 0x1EF4, 0x1EF5, 0x1EF6, 0x1EF7, 0x1EF8, 0x1EF9,
};

static const uint8_t sourceserif_16_boldKernRightClassIds[] = {
      1,   2,   3,   4,   5,   6,   7,   3,   8,   9,  10,  11,  12,  13,  12,  14,
     15,  16,  17,  18,  19,  20,  21,  22,  23,  24,  25,  25,  11,  26,  27,  28,
     29,  30,  31,  32,  31,  31,  31,  32,  31,  31,  33,  31,  31,  34,  34,  32,
     31,  32,  31,  35,  36,  37,  38,  39,  40,  41,  42,   8,  43,   9,  44,  45,
     46,  47,  47,  47,  48,  49,  46,  50,  51,  46,  46,  52,  52,  47,  53,  47,
     52,  54,  55,  56,  57,  57,  58,  59,  60,   8,  61,   9,  11,  30,  30,  30,
     30,  30,  30,  32,  31,  31,  31,  31,  31,  31,  31,  31,  34,  32,  32,  32,
     32,  32,  37,  37,  37,  37,  41,  45,  45,  45,  45,  45,  45,  47,  47,  47,
     47,  47,  50,  50,  50,  50,  52,  47,  47,  47,  47,  47,  56,  56,  56,  56,
     59,  59,  30,  45,  30,  45,  30,  45,  32,  47,  32,  47,  32,  47,  32,  47,
     31,  47,  31,  47,  31,  47,  31,  47,  31,  47,  31,  47,  31,  47,  32,  49,
     32,  49,  32,  49,  32,  49,  31,  46,  31,  50,  31,  50,  31,  50,  31,  50,
     31,  50,  33,  51,  31,  46,  31,  46,  31,  46,  31,  46,  31,  46,  34,  52,
     34,  52,  34,  52,  32,  47,  32,  47,  32,  47,  31,  52,  31,  52,  31,  52,
     35,  54,  35,  54,  35,  54,  35,  54,  36,  55,  36,  55,  37,  56,  37,  56,
     37,  56,  37,  56,  37,  56,  37,  56,  39,  57,  41,  59,  41,  42,  60,  42,
     60,  42,  60,  32,  47,  37,  56,  30,  45,  31,  50,  32,  47,  37,  56,  37,
     56,  37,  56,  37,  56,  37,  56,  30,  45,  30,  45,  32,  49,  31,  46,  32,
     47,  32,  47,  51,  32,  49,  34,  52,  30,  45,  30,  45,  30,  45,  31,  47,
     31,  47,  31,  50,  31,  50,  32,  47,  32,  47,  31,  52,  31,  52,  37,  56,
     37,  56,  35,  54,  36,  55,  31,  46,  30,  45,  30,  45,  30,  45,  30,  45,
     30,  45,  30,  45,  30,  45,  30,  45,  30,  45,  30,  45,  30,  45,  30,  45,
     31,  47,  31,  47,  31,  47,  31,  47,  31,  47,  31,  47,  31,  47,  31,  47,
     31,  50,  31,  50,  32,  47,  32,  47,  32,  47,  32,  47,  32,  47,  32,  47,
     32,  47,  32,  47,  32,  47,  32,  47,  32,  47,  32,  47,  37,  56,  37,  56,
     37,  56,  37,  56,  37,  56,  37,  56,  37,  56,  41,  59,  41,  59,  41,  59,
     41,  59,
};

static const uint16_t sourceserif_16_boldKernRowOffsets[] = {
        0,     4,    30,    45,    49,    63,    94,    97,   112,   118,   154,   183,   213,   240,   279,   309,
      350,   388,   419,   447,   493,   524,   534,   542,   547,   550,   569,   603,   639,   656,   692,   711,
      755,   788,   809,   849,   882,   909,   948,   976,  1016,  1052,  1083,  1124,  1171,  1213,  1255,  1284,
     1325,  1342,  1373,  1399,  1425,  1464,  1501,  1531,  1568,  1611,  1641,  1670,  1684,  1719,  1756,  1797,
     1836,  1873,  1906,  1931,  1973,  2008,  2024,  2025,
};

static const uint8_t sourceserif_16_boldKernSparseCols[] = {
     35,  37,  38,  40,   7,  11,  13,  18,  19,  20,  29,  31,  32,  34,  35,  36,
     39,  44,  45,  46,  47,  48,  49,  51,  52,  53,  54,  55,  57,  59,  13,  15,
     18,  23,  29,  31,  34,  37,  38,  39,  40,  48,  54,  56,  58,  15,  16,  21,
     23,   8,  11,  12,  18,  19,  20,  21,  32,  35,  36,  37,  38,  40,  46,   3,
      6,   7,  12,  14,  16,  17,  18,  19,  20,  22,  23,  24,  29,  31,  32,  34,
     36,  40,  44,  46,  47,  50,  51,  53,  54,  55,  56,  57,  58,  59,   8,  11,
     13,  11,  29,  31,  32,  35,  44,  46,  47,  48,  51,  52,  53,  55,  57,  59,
     15,  16,  17,  19,  21,  22,   2,   8,   9,  11,  12,  14,  15,  16,  17,  18,
     19,  20,  21,  22,  23,  31,  32,  35,  36,  37,  38,  40,  42,  44,  45,  46,
     47,  48,  50,  52,  53,  54,  55,  56,  58,  59,   8,  11,  13,  15,  16,  17,
     18,  19,  21,  23,  29,  31,  32,  33,  34,  35,  36,  37,  38,  39,  40,  41,
     42,  45,  46,  47,  56,  57,  58,   2,   3,   6,   7,  11,  12,  13,  16,  17,
     18,  19,  20,  21,  22,  23,  24,  28,  29,  37,  38,  44,  46,  47,  48,  51,
     52,  53,  55,  57,  59,   8,  11,  13,  16,  17,  19,  21,  29,  30,  31,  32,
     33,  35,  36,  37,  38,  39,  40,  43,  45,  46,  49,  50,  51,  54,  56,  58,
      2,   4,   5,   9,  10,  11,  12,  15,  16,  17,  18,  19,  20,  21,  22,  23,
     24,  25,  26,  29,  31,  33,  35,  36,  37,  38,  39,  40,  41,  44,  46,  48,
     52,  54,  55,  56,  57,  58,  59,   5,   8,  10,  11,  12,  14,  16,  17,  18,
     19,  20,  21,  22,  26,  28,  30,  31,  32,  34,  35,  36,  37,  38,  40,  42,
     46,  48,  52,  54,  55,   4,   5,   8,   9,  10,  11,  13,  14,  15,  16,  17,
     19,  20,  21,  22,  23,  26,  29,  30,  31,  32,  33,  34,  35,  36,  37,  38,
     39,  40,  41,  42,  43,  45,  47,  48,  52,  54,  55,  56,  57,  58,   2,   3,
      6,   7,   8,   9,  11,  12,  14,  16,  17,  18,  21,  22,  23,  25,  26,  28,
     29,  30,  32,  33,  35,  36,  37,  38,  39,  40,  41,  42,  43,  46,  52,  53,
     54,  56,  57,  58,   4,   6,  11,  13,  16,  17,  19,  20,  21,  22,  23,  26,
     29,  32,  36,  37,  38,  39,  40,  41,  43,  45,  47,  49,  51,  52,  54,  55,
     56,  57,  58,   4,  11,  13,  15,  16,  17,  19,  21,  23,  26,  29,  30,  32,
     35,  36,  37,  38,  39,  40,  43,  45,  46,  52,  54,  55,  56,  57,  58,   3,
      4,   6,   8,  10,  11,  12,  13,  14,  16,  17,  18,  19,  20,  21,  22,  23,
     24,  25,  26,  28,  29,  30,  31,  32,  33,  34,  36,  41,  42,  43,  44,  46,
     47,  48,  49,  50,  51,  52,  53,  54,  55,  56,  57,  58,  59,   4,   8,  11,
     13,  16,  17,  18,  19,  20,  21,  22,  26,  29,  30,  31,  32,  33,  36,  37,
     38,  39,  40,  43,  44,  45,  48,  51,  52,  54,  56,  58,  15,  21,  32,  36,
     37,  38,  39,  40,  46,  52,  15,  16,  17,  19,  20,  21,  22,  23,  15,  16,
     17,  18,  21,   8,  11,  13,  11,  19,  21,  29,  30,  31,  32,  33,  35,  36,
     37,  38,  39,  40,  43,  45,  47,  52,  57,   2,   8,   9,  12,  14,  16,  17,
     18,  19,  20,  21,  22,  23,  27,  29,  30,  31,  32,  33,  35,  36,  37,  38,
     40,  42,  46,  48,  49,  50,  52,  54,  55,  56,  58,   2,   8,   9,  11,  12,
     13,  15,  16,  17,  21,  23,  28,  29,  30,  31,  32,  33,  35,  36,  37,  38,
     39,  40,  41,  42,  43,  45,  46,  47,  48,  52,  54,  55,  56,  57,  58,   2,
      8,   9,  15,  24,  29,  31,  36,  37,  38,  40,  43,  52,  55,  56,  57,  58,
      2,   6,   8,   9,  11,  12,  13,  15,  16,  17,  18,  19,  21,  23,  28,  29,
     30,  31,  32,  33,  35,  36,  37,  38,  39,  40,  41,  42,  43,  44,  45,  48,
     52,  53,  57,  59,  14,  17,  20,  21,  23,  31,  32,  36,  37,  38,  39,  40,
     46,  48,  52,  54,  55,  56,  58,   2,   6,   8,   9,  11,  12,  13,  14,  16,
     17,  18,  19,  20,  21,  22,  24,  28,  29,  30,  31,  32,  33,  35,  36,  39,
     41,  42,  43,  44,  45,  46,  47,  48,  49,  50,  51,  52,  53,  54,  55,  56,
     57,  58,  59,   2,   8,   9,  11,  12,  13,  15,  16,  17,  19,  21,  28,  29,
     30,  31,  32,  33,  35,  36,  37,  38,  39,  40,  41,  42,  43,  44,  45,  52,
     55,  56,  57,  58,  14,  15,  16,  17,  18,  19,  20,  22,  23,  31,  44,  46,
     47,  48,  50,  52,  53,  54,  55,  56,  58,   6,  11,  12,  13,  14,  15,  16,
     17,  18,  19,  20,  22,  23,  24,  28,  29,  30,  31,  32,  33,  34,  36,  39,
     41,  43,  44,  46,  47,  48,  49,  50,  51,  52,  53,  54,  55,  56,  57,  58,
     59,   2,   8,   9,  12,  14,  16,  17,  18,  19,  20,  21,  22,  23,  27,  29,
     31,  32,  33,  35,  36,  37,  38,  40,  41,  44,  46,  48,  50,  52,  54,  55,
     56,  58,   2,   8,   9,  15,  16,  18,  21,  23,  30,  31,  32,  33,  34,  35,
     36,  37,  38,  39,  40,  41,  42,  47,  52,  54,  55,  56,  58,   6,  11,  12,
     13,  14,  15,  16,  17,  18,  19,  20,  22,  23,  24,  28,  29,  30,  31,  32,
     34,  36,  39,  41,  43,  44,  46,  47,  48,  49,  50,  51,  52,  53,  54,  55,
     56,  57,  58,  59,   2,   8,   9,  11,  12,  13,  14,  15,  16,  17,  19,  21,
     28,  29,  30,  31,  32,  33,  35,  36,  37,  38,  39,  40,  42,  43,  45,  47,
      2,   6,   8,   9,  11,  13,  16,  17,  18,  19,  20,  23,  24,  27,  28,  29,
     30,  31,  32,  33,  34,  35,  36,  37,  38,  39,  40,  41,  42,  43,  44,  45,
     46,  48,  49,  51,  53,  54,  56,  58,   2,   8,   9,  12,  14,  15,  17,  18,
     19,  20,  21,  22,  23,  27,  29,  31,  32,  33,  34,  35,  36,  37,  38,  39,
     40,  41,  42,  43,  44,  46,  48,  52,  54,  55,  56,  58,   2,   8,  11,  13,
     15,  16,  21,  23,  24,  29,  30,  32,  33,  34,  35,  36,  37,  38,  39,  40,
     41,  43,  45,  47,  48,  52,  54,  55,  56,  57,  58,   0,   2,   6,   9,  11,
     12,  13,  14,  17,  18,  19,  20,  21,  22,  28,  29,  31,  32,  33,  34,  35,
     36,  39,  41,  42,  43,  44,  46,  47,  48,  49,  50,  51,  52,  53,  54,  55,
     56,  57,  58,  59,   2,   6,   8,  11,  12,  13,  14,  15,  16,  17,  18,  19,
     20,  21,  22,  23,  24,  27,  28,  29,  30,  31,  32,  33,  34,  35,  36,  37,
     38,  39,  41,  43,  44,  46,  47,  48,  49,  50,  51,  52,  53,  54,  55,  56,
     57,  58,  59,   0,   6,  11,  12,  13,  14,  15,  16,  17,  18,  19,  20,  21,
     22,  23,  24,  28,  29,  31,  34,  36,  37,  38,  40,  41,  42,  43,  44,  46,
     47,  48,  49,  50,  51,  52,  53,  54,  55,  56,  57,  58,  59,   0,   6,  11,
     12,  13,  14,  15,  16,  17,  18,  19,  20,  22,  23,  24,  28,  29,  31,  33,
     34,  36,  37,  38,  40,  41,  42,  43,  44,  46,  47,  48,  49,  50,  51,  52,
     53,  54,  55,  56,  57,  58,  59,   2,   6,   9,  12,  14,  17,  18,  19,  20,
     21,  22,  23,  24,  31,  32,  34,  35,  36,  41,  44,  46,  49,  50,  52,  53,
     54,  55,  56,  58,   0,   6,   8,  11,  12,  13,  14,  15,  16,  17,  18,  19,
     20,  22,  23,  24,  28,  29,  31,  34,  35,  37,  38,  40,  42,  43,  44,  46,
     47,  48,  49,  50,  51,  52,  53,  54,  55,  56,  57,  58,  59,  16,  21,  23,
     29,  31,  34,  35,  36,  37,  38,  40,  46,  52,  54,  55,  56,  58,   2,  11,
     12,  14,  18,  19,  20,  21,  23,  31,  32,  33,  34,  35,  36,  37,  38,  39,
     40,  41,  42,  44,  46,  47,  48,  50,  53,  54,  55,  56,  58,  14,  17,  18,
     19,  20,  21,  22,  23,  28,  31,  32,  34,  35,  36,  37,  38,  40,  44,  46,
     50,  52,  53,  54,  55,  56,  58,   1,   2,   8,   9,  12,  15,  18,  20,  21,
     23,  27,  29,  31,  32,  35,  36,  37,  38,  40,  42,  48,  51,  52,  55,  56,
     58,   1,   2,   8,   9,  11,  12,  13,  15,  16,  17,  19,  20,  21,  24,  27,
     28,  29,  30,  32,  33,  34,  35,  36,  37,  38,  39,  40,  41,  42,  43,  44,
     45,  46,  52,  54,  55,  56,  57,  58,   2,   8,   9,  11,  13,  15,  16,  17,
     18,  19,  21,  22,  27,  28,  29,  30,  32,  33,  34,  35,  36,  37,  38,  39,
     40,  41,  42,  43,  44,  45,  46,  48,  52,  54,  56,  57,  58,   2,   6,   8,
      9,  11,  12,  14,  16,  17,  18,  19,  20,  21,  22,  23,  27,  28,  31,  32,
     35,  36,  37,  38,  40,  44,  48,  52,  55,  56,  58,   2,   8,   9,  11,  12,
     13,  14,  15,  16,  17,  18,  19,  20,  21,  27,  28,  29,  30,  32,  33,  34,
     35,  36,  37,  38,  39,  40,  41,  42,  43,  44,  45,  47,  52,  56,  57,  58,
      1,   2,   8,   9,  11,  12,  13,  14,  15,  16,  17,  18,  19,  21,  22,  23,
     24,  27,  28,  29,  30,  31,  32,  33,  34,  35,  36,  37,  38,  39,  40,  41,
     42,  43,  45,  46,  49,  50,  55,  56,  58,  59,  60,   1,   6,   8,  12,  13,
     14,  15,  17,  18,  19,  20,  21,  23,  28,  30,  32,  35,  36,  37,  38,  40,
     42,  44,  45,  46,  48,  50,  52,  56,  58,   1,   2,   6,   8,   9,  14,  16,
     17,  18,  19,  20,  21,  22,  23,  27,  31,  32,  35,  36,  37,  38,  40,  42,
     44,  52,  54,  55,  56,  58,  15,  17,  18,  19,  21,  23,  35,  36,  37,  38,
     40,  52,  56,  58,   2,   6,   8,   9,  11,  12,  13,  16,  17,  18,  19,  21,
     22,  23,  24,  27,  29,  30,  31,  32,  33,  35,  36,  37,  38,  39,  40,  43,
     44,  45,  48,  50,  52,  57,  59,   1,   2,   6,   8,   9,  11,  12,  14,  15,
     17,  18,  19,  20,  21,  23,  24,  27,  29,  31,  32,  33,  35,  36,  37,  38,
     39,  40,  41,  42,  44,  46,  52,  53,  54,  55,  57,  59,   2,   6,   8,   9,
     11,  12,  13,  15,  16,  17,  18,  19,  21,  22,  23,  24,  27,  29,  30,  31,
     33,  35,  36,  37,  38,  39,  40,  41,  42,  43,  44,  45,  46,  47,  50,  51,
     53,  55,  57,  58,  59,   1,   6,   8,   9,  11,  12,  13,  15,  16,  17,  18,
     19,  21,  22,  23,  24,  27,  28,  29,  30,  32,  33,  35,  36,  37,  38,  39,
     40,  41,  42,  43,  44,  45,  46,  48,  53,  54,  56,  58,   1,   2,   8,   9,
     11,  13,  15,  16,  17,  20,  21,  23,  27,  29,  30,  32,  33,  35,  36,  37,
     38,  39,  40,  41,  42,  43,  44,  45,  47,  48,  49,  52,  55,  56,  57,  58,
     59,   2,  12,  14,  15,  16,  18,  20,  21,  22,  23,  27,  29,  30,  32,  33,
     35,  36,  37,  38,  39,  40,  41,  42,  43,  45,  46,  52,  53,  54,  55,  56,
     58,  59,   2,   6,   9,  15,  17,  18,  19,  21,  23,  24,  27,  31,  32,  35,
     36,  37,  38,  40,  42,  46,  50,  52,  53,  56,  58,   1,   2,   6,   8,   9,
     11,  12,  13,  14,  15,  16,  17,  18,  19,  20,  21,  22,  23,  24,  27,  28,
     29,  30,  32,  33,  34,  35,  36,  37,  38,  39,  40,  41,  43,  44,  45,  46,
     48,  53,  54,  56,  58,   1,   2,   6,   8,   9,  12,  14,  15,  16,  17,  18,
     19,  20,  21,  22,  23,  27,  28,  29,  31,  32,  35,  36,  37,  38,  40,  42,
     44,  46,  48,  50,  52,  54,  55,  57,   2,   8,   9,  15,  21,  23,  32,  35,
     36,  37,  38,  40,  42,  52,  56,  58,  50,
};

static const int8_t sourceserif_16_boldKernSparseValues[] = {
      -3,  -12,  -12,  -12,  -10,  -63,  -45,  -27,   -9,   -4,  -53,   -5,   -2,   -6,    6,   -4,
      -3,  -21,    1,  -21,   -7,  -19,    1,   -5,  -10,  -17,   -4,   -3,   -3,   -6,   -6,   -2,
      -2,   11,  -15,   14,    7,   -2,   -2,   -3,   -5,   -1,    3,   15,   11,   -1,   -6,  -10,
      -4,  -10,   -2,   -6,   -4,   -1,   -2,  -10,   -6,  -31,  -14,  -35,  -32,  -35,   -1,   -2,
     -15,  -34,  -21,   -9,  -13,  -14,  -21,  -13,  -10,  -11,   -5,  -14,  -12,  -10,   18,   -8,
      -1,   -1,  -11,  -15,   -7,   60,   -6,  -12,   -4,   -9,  -11,   -9,    3,   -9,  -32,  -20,
     -13,  -52,  -67,   -9,    2,    6,  -20,  -18,   -5,  -20,   -2,   -2,  -12,   -3,   -6,   -5,
     -12,  -11,  -27,  -11,  -28,   -4,  -45,  -13,  -60,  -14,  -11,   -6,   -1,   -5,   -5,  -14,
      -4,   -8,  -20,   -4,  -24,  -19,   22,  -47,  -32,  -66,  -63,  -52,  -59,   -4,   -3,  -12,
      -3,   -3,   19,  -13,   -3,  -15,  -19,  -46,  -25,   -3,  -17,  -10,  -13,  -11,   -9,   -6,
       2,   -4,  -24,   -5,  -12,    6,   -8,   -6,   -1,  -37,   -4,  -25,  -19,  -22,  -29,   -1,
     -11,   -3,    5,   -1,   -1,  -12,   -5,    3,  -10,  -26,  -21,  -66,  -30,  -62,   -5,   -6,
     -26,  -11,  -15,    4,   -1,   -1,  -17,  -27,  -43,    3,    4,  -25,  -20,   -1,  -22,  -13,
     -10,  -17,   -9,  -12,  -16,   -8,   -7,   -6,   -6,   -1,   -3,   -9,  -12,   -4,    4,   -3,
      -3,   -3,   -6,  -12,  -12,   -9,  -17,  -21,   -3,    8,    3,   10,    3,    2,    2,    2,
     -11,   -2,   -6,   -7,  -11,    5,  -10,    6,    1,   -3,   -8,   -3,   -3,  -10,   -2,   -5,
      -3,   -9,   -5,    5,   -4,    4,  -10,  -15,  -19,  -17,   10,  -17,    6,   -2,   -6,    5,
      -8,   -2,   -5,  -12,    6,  -12,    5,   -1,   -3,  -10,   -2,  -10,   -3,   -7,   -7,   -7,
      -4,   -7,  -10,   -5,   -1,   -1,   -1,   -3,   -5,   -3,   -3,  -12,  -10,  -10,  -14,   -3,
      -6,   -1,  -10,    4,   -5,   -2,   -2,   -8,   -2,   -5,   -5,  -12,   -2,   -1,   -9,   -7,
      -3,   -1,  -15,   -4,   -5,   -3,   -7,   -4,   -3,   -7,   -5,   -3,   -7,  -14,  -19,  -18,
      -9,  -17,   -3,   -3,   -9,   -1,   -2,   -1,   -7,   -1,   -3,   -2,   -5,   -2,   -5,   18,
      18,    1,    1,   -6,   -3,    4,    4,   -4,    1,    3,  -17,    1,   -6,    4,    1,    4,
      -5,   -3,   -4,   -3,  -14,   -9,  -21,  -19,   -5,  -19,    1,   -4,   -6,   10,   -2,    6,
       2,   -8,   -1,   -6,   -1,    3,   -6,   -6,   -7,   -4,   -1,   -1,  -10,    1,   -6,    2,
      -7,   -5,   -6,   -6,   -5,   -6,   -6,   -3,  -15,   -1,   -1,   -3,   -3,   -5,    1,   -1,
      -6,   -5,   -6,   -1,   -3,   -2,   -1,   -7,   -3,   -1,  -19,   -9,   -2,   -6,   -5,   -9,
     -15,  -12,  -14,  -13,   -7,  -12,   -7,   -3,    5,   -4,   -3,   -3,  -12,   -5,  -12,   -7,
     -13,  -28,   -3,  -20,  -62,  -26,  -37,  -10,  -13,  -19,  -39,  -30,  -21,   -6,  -12,   -6,
     -13,   -7,   -7,  -26,  -51,   -1,   -7,   -5,   -1,   -5,   -1,   -5,    4,  -66,  -21,  -22,
      -4,  -21,   -5,   -4,   -9,  -15,  -20,   -1,  -11,   -1,   -7,   -1,  -11,   -2,   -7,  -35,
     -27,   -6,  -10,   -5,  -17,   -2,  -11,   -6,   -4,  -37,  -10,    4,  -12,   -7,  -11,  -14,
     -13,  -15,  -16,  -45,   -5,   -5,   -1,    4,   -1,    9,   10,    7,   -4,  -11,    9,  -10,
     -18,  -17,   -2,  -20,   -3,   -3,   -3,  -10,   -7,   -9,   -2,  -11,   -2,   -2,    2,   -1,
      -4,    3,   -6,  -28,  -58,  -44,  -17,   -1,   -9,  -24,   -5,    5,   -9,  -10,   -5,   -5,
     -20,  -19,  -14,  -14,  -39,   -4,   -3,   -4,   -5,  -45,  -12,  -62,  -12,  -12,   -3,   -6,
     -10,   -3,  -13,  -20,   -3,  -15,   -3,    2,   -2,  -14,   -7,   -1,  -44,  -30,  -58,  -46,
     -50,  -32,   -9,   -1,   -3,   -6,  -14,  -14,  -18,  -33,  -31,  -12,  -10,   -9,  -10,    7,
     -18,   -2,   -9,   -1,   -8,   -5,    5,  -17,   -7,   -2,   -7,   -7,  -10,  -13,  -23,  -19,
     -15,  -23,   -2,  -12,  -25,   -5,    4,   -7,   -5,   -5,   -2,   -6,   -3,   -9,   -5,   10,
       3,    3,    6,    4,   -3,   -6,   -8,   -1,   -1,   -2,   -1,   -5,   -6,   -9,   -3,   -7,
      -7,   -5,  -10,   -4,  -22,    4,  -20,   -2,  -14,   -9,   -2,   -6,  -11,    5,    3,  -35,
     -12,    7,  -11,   -9,  -11,  -13,  -21,  -22,  -25,  -23,   -7,  -11,  -49,   -7,   -5,   -4,
      -4,   -4,   -5,   -3,   -4,   -2,   -5,   -4,   -5,   -9,   -6,  -13,   -6,   -6,   -5,   -8,
      -4,   -2,  -12,   -7,   -9,  -17,  -14,    6,  -22,   -1,    5,  -52,  -14,  -45,   -7,   -7,
     -13,  -31,  -20,  -20,    2,   -6,   -7,  -26,  -57,   -3,   -9,   -3,   -4,    5,   -4,   -3,
      -4,    9,  -71,  -30,   -3,  -29,  -14,  -28,  -12,   -9,  -14,  -21,  -27,   -4,  -13,  -13,
     -18,  -13,  -17,   -9,   -2,   -7,  -10,    3,  -14,   -1,   -9,   -7,   -4,  -13,    3,  -14,
      -5,    5,   -9,   -7,  -17,  -15,  -22,  -22,  -11,  -20,  -14,   -9,  -21,   -3,   -4,   -5,
      -4,  -11,  -15,  -11,   -4,   -2,   -4,   -9,  -14,  -10,   -9,   -4,   -6,   -7,  -10,  -13,
      -3,   -7,   -3,  -15,   -6,  -10,  -17,  -18,  -17,  -17,  -34,   -5,  -30,   -6,   -5,  -10,
     -13,  -20,  -15,  -13,   -6,   -9,  -11,  -13,  -28,   -4,  -10,   -1,   -4,  -11,   -6,   -5,
      -7,  -42,  -22,  -14,  -18,  -20,   -9,   -6,  -12,  -20,  -18,  -15,  -20,  -21,  -19,  -17,
     -20,   -6,   -3,   -7,  -17,  -11,   -3,   -5,  -13,   -5,  -12,   -9,   -5,  -14,   -5,    5,
     -18,   -7,    3,   -9,  -13,   -6,   -5,   -5,    4,   -4,  -13,   -2,   -5,  -17,  -19,  -18,
     -29,  -28,  -61,   -7,  -53,   -2,   -7,    2,  -23,  -22,   -3,  -10,   -7,   -2,   -2,  -46,
     -28,  -59,  -52,   -2,  -47,   -1,  -28,   -1,   -7,   -6,   -9,  -31,  -27,  -14,  -28,   -7,
     -29,   -7,   -9,  -15,  -17,  -21,  -20,  -17,  -14,  -11,   -9,  -11,  -30,   -5,  -12,   -3,
      -6,   -5,   -6,   -7,  -35,  -19,  -19,  -14,  -18,  -14,  -11,  -17,  -23,  -18,  -15,  -17,
     -18,  -20,  -18,  -18,   -7,  -10,   -9,  -18,    6,   -3,    4,   -2,   -4,   -6,   -4,   -7,
      10,  -19,   -7,    8,  -11,  -11,   -9,  -11,  -20,  -15,  -17,  -18,   -2,  -30,   -4,   -3,
       5,  -18,   -9,    9,  -65,  -38,   -3,   -5,  -21,  -11,   -9,    3,    4,   -5,   -9,  -51,
      -6,    3,   -6,   -4,    1,    2,   -8,   -6,   -6,  -13,   -8,   -3,    1,  -89,   -7,   -7,
     -11,   -7,    2,   -1,   -7,    3,    8,    9,  -24,   -5,  -17,   -9,   -9,    4,   -4,  -12,
      -5,  -11,  -17,   -3,  -11,   -5,    5,  -13,  -10,    3,   -3,  -25,  -29,  -33,  -29,    2,
     -30,    2,  -20,    7,   -3,   -8,   -4,  -10,  -10,  -13,  -16,  -16,   -7,   -8,   -7,  -10,
      -6,  -11,  -13,   -4,   -1,  -14,   -2,   -9,   -2,   -6,  -13,  -14,  -14,  -14,  -10,  -17,
      -9,  -26,   -2,   -3,   -2,   -5,   -5,   -5,  -14,  -10,  -13,   -3,    7,  -22,    7,  -50,
     -39,  -42,   -3,   -7,  -31,  -11,  -22,    2,   -6,  -21,  -44,  -10,   -3,   -4,   -4,    3,
      -5,   -3,   -2,    7,  -52,  -31,  -36,  -10,  -28,   -6,   -5,  -14,  -20,  -22,   -4,  -17,
     -16,  -22,  -16,  -23,   -3,  -25,   -4,  -45,   -8,  -47,  -11,  -10,  -15,  -18,  -25,  -20,
     -21,   -1,  -14,   -7,  -12,   -3,  -10,  -43,   -7,  -15,   -6,   -7,  -11,   -4,   -6,   -2,
      -1,   -2,   -5,  -53,  -28,  -25,  -17,  -28,  -17,  -13,  -15,  -24,  -21,  -17,  -25,  -19,
     -25,  -23,  -22,  -14,  -39,  -70,  -28,  -52,  -19,   -1,  -11,  -15,  -49,  -21,  -35,    3,
     -14,   -6,  -21,  -42,  -63,  -22,  -11,   -1,    4,    4,    4,   -5,    6,  -91,  -39,  -43,
     -19,  -46,  -19,  -17,  -34,  -32,  -42,  -22,  -31,  -26,  -33,  -26,  -33,  -13,  -36,  -69,
     -27,  -44,  -17,   -3,  -13,  -17,  -45,  -22,  -32,  -14,   -8,  -21,  -42,  -58,  -20,   -1,
     -10,   -1,    4,    4,    4,   -5,    7,  -78,  -41,  -43,  -19,  -45,  -17,  -13,  -26,  -26,
     -36,  -14,  -26,  -22,  -30,  -22,  -33,   -4,   -3,   -1,  -23,   -7,   -9,  -19,   -6,  -13,
      -6,   -6,  -12,   -1,  -17,   -4,   -4,   -5,   -5,    2,   -5,  -14,   -3,   -3,  -16,   -1,
     -16,  -21,  -36,  -30,   -8,  -31,    1,  -52,  -35,  -44,  -21,   -5,  -15,  -18,  -47,  -23,
     -35,  -17,  -10,  -25,  -35,  -53,  -23,  -14,    3,    4,    4,    4,   11,  -53,  -41,  -44,
     -23,  -40,  -17,  -15,  -29,  -34,  -41,  -25,  -33,  -28,  -36,  -28,  -40,   -3,   -1,   -5,
      -1,   -1,   -4,   -5,   -7,   -2,   -2,   -2,   -1,   -5,   -3,   -7,  -12,  -12,  -44,    4,
     -18,  -11,  -12,  -10,   -3,  -20,  -13,  -14,   50,   -7,   -7,  -39,  -39,  -52,  -45,   -5,
     -37,   -5,  -63,   -6,   -7,   -6,    9,   66,   -6,  -13,  -10,  -25,   11,  -20,  -18,  -33,
     -10,  -19,  -10,  -11,  -18,   -7,  -33,   49,   -7,  -51,  -51,  -87,  -79,  -56,  -13,  -26,
      35,  -10,  -12,  -32,  -24,  -51,  -18,   -5,  -27,   -7,  -21,   -1,    6,   -1,   -1,  -14,
     -10,   -3,    2,   -9,   -8,  -30,  -19,  -43,  -39,  -39,  -24,   -3,   -1,  -10,   -4,  -14,
     -11,   -4,  -23,  -11,  -18,  -11,    5,  -10,   -4,  -11,   -4,   -4,    3,  -25,   -3,   -6,
       3,  -20,   -9,  -10,  -11,   -1,  -28,  -21,  -42,  -38,  -15,  -41,   -3,  -16,  -26,   -3,
      -2,    4,   -4,   -1,   -1,   -5,  -10,   -6,   -3,  -11,   -3,   -5,   -6,   -2,   -4,   -1,
      -2,   -5,  -17,   -3,   -4,   -1,   -9,   -7,  -14,   -5,   -1,  -17,  -20,  -35,  -31,   -9,
     -34,   -1,  -14,  -14,   -1,   -8,   -1,   -1,   -2,    1,   -4,   -5,   -1,  -11,   -3,   -1,
     -11,   -4,   -3,   -3,   -3,   -5,   -4,   -3,   -3,  -12,   -3,   -5,   -9,   -3,   -4,   -3,
     -11,  -11,  -15,  -15,  -20,   -4,   -5,   -6,   -2,  -10,  -10,  -11,  -12,  -10,   -3,    5,
      -5,    6,   -5,   -6,   -3,    3,   -3,    5,  -17,   -3,    1,   -6,   -4,  -10,   -6,   -1,
     -27,  -17,  -39,  -32,   -7,  -36,   -5,  -17,  -18,   -2,   -8,   -2,   -5,   -2,   -4,   -4,
      36,   47,   62,   50,  -12,  -11,   -3,   20,   41,   29,   24,   -7,   24,   57,   26,   30,
       5,   33,   -3,   -4,   54,    7,   55,   53,   24,   57,   55,   66,   66,   59,   65,   51,
      68,   -2,   -2,   -6,   20,   21,   -1,    5,    5,    3,    7,   -3,  -12,   -3,  -11,   12,
       2,    5,   -7,  -16,  -12,   -3,   -9,    9,   -5,   -4,   45,   -4,  -15,  -19,  -21,  -22,
     -12,  -10,   -2,  -10,   -6,   34,   -3,    5,    6,   -4,  -26,   -1,  -11,  -25,   -3,   -4,
      -6,   -7,   -5,   -4,  -20,   -3,  -10,   -4,   -4,  -10,  -35,  -19,  -47,  -42,  -42,  -25,
      -3,   -8,   -4,   -3,  -19,  -19,    3,   -4,   -1,   -3,   -6,   -4,  -11,  -14,  -18,  -14,
     -13,   -2,   -8,   -9,   -3,   -7,    3,   -4,  -17,   -4,   -2,   -7,   -7,  -10,   -7,  -10,
      -2,   -4,   -9,   -5,  -11,   -4,   -4,   22,   -6,   -9,  -12,  -16,  -14,   -7,  -13,  -20,
      -5,   -4,   -6,   18,   -4,   -5,   -5,   -7,  -11,   -3,  -14,   -7,   -3,  -23,   -1,    6,
      -3,  -13,   -3,   -7,  -10,   -1,   -6,   -6,    9,   -5,  -17,    4,  -22,  -22,  -32,  -26,
       2,  -32,    5,  -15,   -2,  -11,   -9,   -2,   -3,   -6,    2,    3,  -14,   -7,    2,  -10,
      -2,   -4,    9,   -2,   -9,  -13,   -7,   -7,  -18,   -4,   -4,   -3,   -5,   -9,  -12,   -5,
     -11,  -25,  -21,  -34,  -28,   -7,  -35,   -6,  -13,   -7,   -7,   -2,   -4,   -2,   44,   -5,
      -4,   -3,   -6,    3,   -5,   -3,  -23,  -16,    1,  -55,  -12,  -33,   -4,   -3,  -12,  -23,
     -11,  -12,   -1,   12,   -4,  -10,  -10,  -41,  -14,  -15,  -14,   -1,  -16,  -22,  -20,  -29,
     -29,   -5,  -10,  -58,  -12,  -13,   -9,   -8,   -5,    3,   10,   10,   -4,  -18,  -15,  -11,
      -8,   -7,   -2,   -6,   -5,    4,  -19,   -2,   -7,   -9,   -6,  -14,   -8,  -20,  -17,  -34,
     -28,   -4,  -39,   -5,  -23,  -23,   -4,   -9,   -1,   -6,   -3,   -6,   -5,   -6,   -5,   -6,
      -1,   -5,  -11,    3,   10,    3,   -2,    2,   -7,    7,    3,   -6,    3,   -1,  -10,    1,
      -9,  -12,  -18,  -17,    3,  -18,    3,   -9,   -1,    1,   -3,   -3,    3,   -2,   -4,    2,
       1,    3,  -14,   -3,  -10,    9,   -4,   -1,   -3,  -11,   -4,   -1,   -6,   -1,   -7,  -18,
     -15,  -31,  -26,  -28,  -12,   -2,    2,   -3,    1,  -11,   -7,   -4,   -3,  -25,  -19,   -1,
     -52,  -15,  -31,    2,    1,   -3,  -10,  -22,  -15,   -9,  -11,   -3,    6,   -5,  -14,  -14,
     -44,  -17,  -24,  -17,   -3,  -18,  -19,  -23,  -18,  -27,  -27,  -14,  -60,  -15,  -14,  -14,
     -14,   -9,    2,    2,   -1,   -3,   -6,   -6,   -9,  -10,  -21,   -3,    5,   -3,   -6,  -12,
      -7,   -7,  -17,   -4,   -3,   -6,   -3,    1,   -6,  -13,  -12,  -22,  -32,  -31,  -31,   -7,
      -2,  -12,   -6,   -4,  -10,   -3,   -6,    1,   -4,   -8,   -3,    9,   -8,    5,   -7,  -17,
     -15,  -31,  -26,  -33,   -7,   -4,    3,    3,    5,
};

static const EpdLigaturePair sourceserif_16_boldLigaturePairs[] = {
    { 0x00660066, 0xFB00 }, // f f -> U+FB00
    { 0x00660069, 0xFB01 }, // f i -> U+FB01
    { 0x0066006C, 0xFB02 }, // f l -> U+FB02
    { 0xFB000069, 0xFB03 }, // U+FB00 i -> U+FB03
    { 0xFB00006C, 0xFB04 }, // U+FB00 l -> U+FB04
};

static const EpdFontData sourceserif_16_bold = {
    sourceserif_16_boldBitmaps,
    sourceserif_16_boldGlyphs,
    sourceserif_16_boldIntervals,
    39,
    46,
    35,
    -12,
    true,
    sourceserif_16_boldGroups,
    15,
    nullptr,
    nullptr,  // kernLeftClasses: built-in fonts use the split arrays below
    nullptr,  // kernRightClasses
    sourceserif_16_boldKernLeftCodepoints,
    sourceserif_16_boldKernLeftClassIds,
    sourceserif_16_boldKernRightCodepoints,
    sourceserif_16_boldKernRightClassIds,
    nullptr,  // kernMatrix: built-in fonts use the sparse form below
    sourceserif_16_boldKernRowOffsets,
    sourceserif_16_boldKernSparseCols,
    sourceserif_16_boldKernSparseValues,
    416,
    418,
    71,
    61,
    sourceserif_16_boldLigaturePairs,
    5,
};
