/**
 * generated by fontconvert.py
 * name: sourcesans_12_italic
 * size: 12
 * mode: 2-bit  compressed: true
 * Command used: fontconvert.py sourcesans_12_italic 12 instanced_fonts/builtin-reader/sourcesans_12_italic_wght450.ttf ../builtinFonts/source/NotoSans/NotoSans-Italic.ttf ../builtinFonts/source/Inter/Inter-Regular.ttf --base-font-count 2 --2bit --compress --pnum --zopfli --darken-aa --kerning-intervals 0x20,0x7E --kerning-base-aliases --additional-intervals 0x2190,0x2190 --additional-intervals 0x2192,0x2192 --additional-intervals 0x2194,0x2194 --additional-intervals 0x25A0,0x25A1 --additional-intervals 0x25C6,0x25C7 --additional-intervals 0x25CB,0x25CB --additional-intervals 0x25CF,0x25CF --additional-intervals 0x2605,0x2606 --additional-intervals 0x2661,0x2661 --additional-intervals 0x2665,0x2665 --additional-intervals 0x2713,0x2713 --additional-intervals 0x2717,0x2717 --additional-intervals 0x0250,0x02E9 --additional-intervals 0x03B2,0x03B2 --additional-intervals 0x03B8,0x03B8 --additional-intervals 0x03C7,0x03C7
 */
#pragma once
#include "EpdFontData.h"

static const uint8_t sourcesans_12_italicBitmaps[31965] = {
    0x9D, 0x98, 0x01, 0xA4, 0x65, 0x49, 0x7A, 0xC7, 0x7F, 0xE7, 0xD4, 0x4C, 0x1F, 0x52, 0xA6, 0xEB,
    0x21, 0xCB, 0xEE, 0xCE, 0x74, 0x9F, 0x45, 0x30, 0x66, 0x5F, 0xDF, 0x03, 0x8B, 0x46, 0x9D, 0x7B,
    0x2A, 0x82, 0x05, 0x78, 0xD8, 0x04, 0x82, 0x0C, 0x16, 0xB1, 0xD8, 0x17, 0x34, 0x9A, 0x3D, 0x3D,
    0xB7, 0x64, 0x10, 0x2C, 0xA6, 0x11, 0x82, 0x20, 0x0F, 0x8D, 0xE4, 0x0D, 0xFA, 0x85, 0x47, 0xCE,
    0x4E, 0xCE, 0xCC, 0xAD, 0x44, 0x18, 0x40, 0x9F, 0x11, 0x03, 0x42, 0xA6, 0x22, 0x12, 0x49, 0xB7,
    0xD8, 0x92, 0x3D, 0x93, 0xB9, 0xD3, 0x73, 0xEF, 0xAD, 0xD4, 0x3B, 0xCE, 0xF4, 0x4D, 0x6F, 0x7A,
    0x22, 0xB3, 0x55, 0xDF, 0xBF, 0x9C, 0x7B, 0xBD, 0x53, 0xF5, 0xAF, 0xEF, 0xFB, 0xFE, 0x5F, 0xDD,
    0x7A, 0x99, 0x17, 0x5E, 0x0C, 0xC2, 0x09, 0x57, 0x58, 0x69, 0x14, 0x8A, 0xEB, 0xA9, 0xBF, 0x06,
    0x40, 0xCB, 0x36, 0xF5, 0x23, 0xF4, 0x2D, 0x5D, 0xB7, 0xBA, 0xD3, 0x17, 0x77, 0xC3, 0xE5, 0xFD,
    0x37, 0x79, 0x29, 0x83, 0x1B, 0x0A, 0x8E, 0x5F, 0x81, 0xDB, 0xC7, 0x70, 0x47, 0x23, 0x63, 0x34,
    0x2A, 0x46, 0x18, 0x02, 0xB9, 0xF3, 0x88, 0xBF, 0x71, 0x34, 0x71, 0xC3, 0x2A, 0x41, 0x15, 0x86,
    0xEB, 0x12, 0x5E, 0xBB, 0x0E, 0xC7, 0x37, 0x98, 0x5E, 0x81, 0x81, 0xDC, 0x21, 0x1C, 0xCD, 0xC8,
    0x7E, 0x27, 0xFC, 0x0D, 0xE1, 0xB8, 0xB2, 0x40, 0xB6, 0x85, 0x15, 0xA8, 0xE9, 0x03, 0x23, 0x93,
    0xE9, 0x2C, 0x34, 0x0F, 0x07, 0x19, 0x0D, 0x01, 0x3C, 0x99, 0x03, 0x00, 0xB1, 0xE5, 0x3A, 0xEA,
    0x21, 0xC7, 0x1C, 0x4B, 0xEE, 0xA0, 0xA5, 0xF1, 0xDC, 0x91, 0xB9, 0xE3, 0x42, 0x16, 0x70, 0xA1,
    0xAE, 0xC3, 0x9D, 0x9B, 0x7A, 0x65, 0x75, 0xFB, 0x97, 0xFF, 0xE5, 0xCB, 0xF0, 0xF7, 0x2E, 0x64,
    0xE2, 0x8F, 0x4C, 0x40, 0x4A, 0x02, 0xAF, 0x29, 0x02, 0xB7, 0x15, 0x9E, 0xA0, 0x72, 0x97, 0xB9,
    0xE2, 0xA7, 0x56, 0x98, 0x7C, 0x4F, 0x06, 0x47, 0x70, 0xCD, 0x43, 0xB5, 0x85, 0x56, 0x43, 0x38,
    0x4E, 0xD0, 0x09, 0x23, 0x7C, 0xE6, 0x21, 0x1A, 0xF2, 0x2D, 0x9D, 0xDA, 0x12, 0x9A, 0x2A, 0xF7,
    0xAD, 0xFA, 0x2D, 0xD7, 0x15, 0x9F, 0x98, 0x2E, 0xDF, 0xD3, 0xB3, 0xA3, 0x79, 0x18, 0x5D, 0x19,
    0x0B, 0x97, 0x9D, 0x80, 0xD6, 0x6D, 0x77, 0x11, 0xEE, 0x03, 0x37, 0x68, 0x09, 0x79, 0xF2, 0xB4,
    0x34, 0x8A, 0x9B, 0xDC, 0x42, 0xA3, 0xB9, 0x9B, 0x7A, 0xC7, 0x25, 0x97, 0xD3, 0xD3, 0x6D, 0x34,
    0xC7, 0xDC, 0xE0, 0x25, 0x60, 0x7A, 0xBC, 0x89, 0xFA, 0xE5, 0x3E, 0xBF, 0x7A, 0x97, 0x4B, 0xD2,
    0x6C, 0x85, 0x55, 0x68, 0x20, 0x73, 0xC2, 0xFD, 0xD5, 0xDF, 0xAD, 0x76, 0xCA, 0x37, 0xC3, 0x1D,
    0xCF, 0x09, 0x17, 0x70, 0x79, 0xB0, 0x18, 0x37, 0xE7, 0x4F, 0x1F, 0x70, 0xC1, 0xC1, 0xDE, 0x44,
    0x9A, 0xD2, 0x29, 0x27, 0xAC, 0xE2, 0x1E, 0x23, 0x00, 0xCD, 0xE6, 0x8D, 0x07, 0xB7, 0xDE, 0xBA,
    0x77, 0x04, 0x05, 0xA0, 0x26, 0xD2, 0xA0, 0x81, 0x3B, 0x40, 0x80, 0x6C, 0x00, 0xE1, 0xA0, 0x30,
    0xA0, 0x80, 0x57, 0x00, 0x0D, 0x7C, 0x0F, 0x08, 0x80, 0x87, 0xDC, 0x81, 0xB0, 0x20, 0x81, 0xEB,
    0xC0, 0x31, 0x70, 0x1B, 0xB8, 0x00, 0x00, 0xD6, 0x83, 0x78, 0x1A, 0xA4, 0xEB, 0x15, 0x7A, 0x89,
    0xD6, 0xE8, 0x16, 0xDD, 0xA1, 0x47, 0xDA, 0x40, 0x17, 0x18, 0x03, 0x61, 0x14, 0xBE, 0x93, 0x6E,
    0xB9, 0xA6, 0xDC, 0x92, 0x19, 0xAE, 0x85, 0xB5, 0x7F, 0x37, 0xF9, 0xAD, 0x70, 0xD2, 0x29, 0xAB,
    0x8C, 0xA2, 0xA4, 0x62, 0x49, 0x8D, 0xA6, 0xA5, 0x07, 0x0C, 0x54, 0x1B, 0xD8, 0x7F, 0x00, 0x43,
    0x09, 0xA8, 0x19, 0x25, 0xB0, 0x04, 0x5A, 0xC8, 0x46, 0x10, 0x03, 0x94, 0x16, 0xEE, 0x41, 0x3E,
    0x82, 0x74, 0x3C, 0xCB, 0x51, 0x30, 0xB0, 0xDA, 0xC2, 0x7E, 0x0D, 0xF7, 0x95, 0x81, 0x09, 0x40,
    0x05, 0xD9, 0x16, 0x1A, 0x0F, 0x55, 0x00, 0x7A, 0xA0, 0x06, 0x96, 0x1C, 0x4D, 0x0C, 0x7A, 0xAA,
    0x77, 0x47, 0x64, 0x74, 0xF0, 0x03, 0x80, 0x06, 0xF6, 0xE4, 0x3B, 0x64, 0x4F, 0x39, 0xED, 0x2E,
    0x74, 0x62, 0xB8, 0x54, 0x36, 0x2C, 0x08, 0x4D, 0x8C, 0xAB, 0xB8, 0x27, 0x1F, 0x98, 0xB2, 0x9D,
    0xC2, 0xD1, 0xC4, 0x2B, 0x58, 0x3A, 0x60, 0x9C, 0x9D, 0x9C, 0x90, 0xC7, 0x80, 0xF8, 0x62, 0x3B,
    0xF3, 0x5F, 0x00, 0x15, 0xB0, 0xE0, 0xA5, 0x69, 0xCD, 0x2D, 0xD5, 0x93, 0x40, 0x11, 0xED, 0xB4,
    0x26, 0x19, 0x34, 0x63, 0xB6, 0xEF, 0x85, 0xFF, 0xA6, 0xB2, 0x94, 0x50, 0x83, 0xFE, 0x31, 0xAB,
    0xE8, 0xD6, 0x22, 0x6C, 0x08, 0xE3, 0x64, 0x5D, 0x16, 0x5A, 0x31, 0x34, 0x0F, 0xAD, 0xDA, 0xC3,
    0x09, 0xAB, 0x38, 0xAE, 0x63, 0x40, 0x0C, 0x28, 0xC3, 0x02, 0x5A, 0x08, 0xE4, 0x7E, 0xA6, 0xA5,
    0x0C, 0x0A, 0x2A, 0x58, 0x82, 0x86, 0x76, 0x5E, 0x65, 0xC3, 0xEE, 0x83, 0xDC, 0x97, 0xC2, 0xA9,
    0x64, 0xB9, 0x5F, 0xB0, 0x69, 0x89, 0xBE, 0xF8, 0x64, 0x28, 0xB3, 0x51, 0xD3, 0x6B, 0x74, 0xB2,
    0x9A, 0xAE, 0xFA, 0x93, 0x20, 0xA3, 0x9D, 0xC8, 0xC1, 0xDA, 0x8B, 0xA7, 0x1B, 0xE9, 0x5A, 0x45,
    0xAD, 0x58, 0x94, 0x24, 0x5B, 0x2A, 0xBB, 0x2B, 0xE2, 0x36, 0xFB, 0x99, 0x86, 0x1E, 0x46, 0xF2,
    0xF0, 0x1D, 0xE9, 0x3E, 0x58, 0x9B, 0x6A, 0x8A, 0xB8, 0x70, 0x72, 0x90, 0x2E, 0xE3, 0xD0, 0x6E,
    0xF1, 0x16, 0xF7, 0x38, 0x82, 0x90, 0x8F, 0x79, 0xC0, 0xC0, 0xDC, 0x5E, 0x90, 0xC5, 0x40, 0xC7,
    0xAB, 0x63, 0x1E, 0xCD, 0xA9, 0x67, 0x07, 0x6B, 0x8B, 0xDC, 0xC1, 0xCA, 0x93, 0x6F, 0xE0, 0xD7,
    0x61, 0x92, 0xC3, 0xF9, 0x03, 0x0E, 0xED, 0xF0, 0xCD, 0xF8, 0xEC, 0xEF, 0xD3, 0xCB, 0xD9, 0x06,
    0xB9, 0xC9, 0xA3, 0x4D, 0x8F, 0x7B, 0xB8, 0x0F, 0x80, 0xDC, 0xD2, 0x44, 0x5E, 0x57, 0x16, 0x39,
    0x99, 0x82, 0x25, 0x6C, 0x10, 0x1E, 0x35, 0x7D, 0xBA, 0xC9, 0xDC, 0x34, 0xBC, 0x0F, 0x3D, 0x1C,
    0x31, 0xB7, 0x3C, 0x6E, 0xA0, 0xFA, 0xD7, 0xB5, 0x61, 0x47, 0x31, 0x08, 0x4F, 0x16, 0xA4, 0x85,
    0xCB, 0x92, 0xF7, 0xCF, 0xEE, 0x6A, 0x11, 0xBD, 0x6E, 0xD5, 0xDB, 0x83, 0xBE, 0xAC, 0x84, 0xD3,
    0xA1, 0x16, 0xEE, 0x6E, 0xD0, 0x85, 0xBD, 0x0C, 0x5A, 0xDA, 0x10, 0xEA, 0xF2, 0xED, 0x21, 0x94,
    0x5F, 0x44, 0x3B, 0x16, 0x1F, 0xED, 0x68, 0x01, 0x96, 0x00, 0xCA, 0x65, 0x20, 0xE2, 0x1A, 0x38,
    0xDD, 0x00, 0x7C, 0x1B, 0x68, 0x80, 0xB5, 0x81, 0x2F, 0x0C, 0xF9, 0x3F, 0x58, 0xC4, 0x87, 0x16,
    0xF5, 0x7D, 0x47, 0x59, 0x38, 0xD2, 0xB4, 0xB4, 0x09, 0x31, 0xBA, 0x2C, 0xC6, 0x41, 0xA4, 0x2E,
    0x9D, 0xF0, 0xCA, 0xE4, 0xBE, 0x22, 0x0F, 0x75, 0x02, 0xE7, 0x7F, 0x0C, 0x31, 0x9A, 0xEC, 0xD3,
    0xD3, 0x21, 0x0F, 0xC2, 0x0B, 0x9F, 0xC6, 0x44, 0xF7, 0x4A, 0x82, 0xC5, 0xE3, 0x35, 0x32, 0x6E,
    0x50, 0xF6, 0x14, 0x65, 0xA4, 0x53, 0x08, 0x57, 0x26, 0x54, 0x24, 0xC5, 0x52, 0x99, 0x26, 0xEE,
    0x68, 0xA2, 0x87, 0x6B, 0x1B, 0x58, 0x45, 0xB2, 0xDD, 0xAB, 0xAE, 0xF0, 0x39, 0xCA, 0x42, 0x35,
    0x73, 0xD6, 0x40, 0x3F, 0xA3, 0xE3, 0xF0, 0x5C, 0x03, 0x0D, 0xAF, 0xA3, 0x52, 0xE2, 0x27, 0x67,
    0x30, 0xC5, 0xEA, 0xDC, 0x40, 0xDC, 0x93, 0x7D, 0xBA, 0x76, 0x79, 0x28, 0x66, 0x2E, 0x04, 0xE1,
    0x18, 0x8B, 0x04, 0x99, 0xA0, 0x2C, 0x21, 0xF1, 0x0F, 0x0A, 0xE1, 0x4B, 0x0A, 0x57, 0x51, 0xDA,
    0x25, 0x6B, 0x92, 0xB8, 0x13, 0x2C, 0x9C, 0x9F, 0xDB, 0x69, 0xBF, 0x4F, 0xCF, 0x6D, 0x1E, 0x40,
    0xF8, 0x84, 0x2F, 0x2B, 0xD9, 0xE3, 0x07, 0x4C, 0xFB, 0xF9, 0xF8, 0xE4, 0x99, 0xE4, 0x4B, 0x9E,
    0x71, 0x9D, 0xE7, 0x18, 0xFF, 0xEF, 0x39, 0x12, 0xA6, 0x39, 0xE2, 0xF8, 0xC2, 0x39, 0x6A, 0x40,
    0x03, 0xB3, 0x4F, 0x4C, 0xB6, 0xFF, 0xDD, 0xE4, 0x93, 0xCC, 0xFE, 0x2F, 0x9F, 0x64, 0xE7, 0xA6,
    0x17, 0xD1, 0x76, 0xFC, 0x9E, 0xE9, 0x51, 0x24, 0x50, 0x53, 0xD2, 0xB0, 0x40, 0x3D, 0xDD, 0x4D,
    0x45, 0x81, 0x6F, 0x00, 0x67, 0x7C, 0x8B, 0x40, 0x9D, 0x05, 0x74, 0x9E, 0x20, 0x3C, 0x49, 0xD9,
    0x74, 0x93, 0x4F, 0x1E, 0x9F, 0x07, 0x19, 0x63, 0x50, 0x1F, 0xFF, 0x4E, 0xB8, 0x8A, 0xA9, 0x42,
    0xF8, 0x29, 0x3E, 0x09, 0x4B, 0x0A, 0x57, 0x23, 0xAD, 0x46, 0x59, 0xCE, 0x08, 0x59, 0x98, 0xA2,
    0xFB, 0x15, 0xA5, 0x15, 0xAE, 0x1D, 0xCA, 0x20, 0xEA, 0x59, 0x09, 0x3A, 0xEC, 0x67, 0x8E, 0xE3,
    0xF3, 0xB5, 0x6B, 0xA2, 0x53, 0x3D, 0x74, 0xC8, 0x08, 0x9C, 0x00, 0x67, 0xFC, 0x90, 0x90, 0x8D,
    0x59, 0x28, 0x86, 0x3C, 0x94, 0x46, 0xF8, 0x7B, 0x88, 0x8F, 0x36, 0x88, 0x0F, 0x3D, 0xA9, 0x72,
    0x20, 0xA3, 0x47, 0x8D, 0x01, 0x35, 0x8C, 0x28, 0xD3, 0x53, 0xA2, 0x27, 0x0E, 0x4B, 0x2A, 0x6A,
    0x14, 0x33, 0x5B, 0x02, 0x59, 0x20, 0x0F, 0x08, 0x8F, 0x18, 0xE6, 0x32, 0x25, 0x1D, 0xCA, 0xCE,
    0xC5, 0xAA, 0x9C, 0xEB, 0x15, 0x4D, 0x0C, 0xC9, 0x78, 0x40, 0x7E, 0x9F, 0x2D, 0xD2, 0x67, 0x5B,
    0xD4, 0x90, 0x6F, 0x69, 0x9C, 0xF8, 0x0F, 0x56, 0x4E, 0xFC, 0x23, 0x9F, 0x59, 0xF1, 0x28, 0x7B,
    0x62, 0x8B, 0x47, 0xE2, 0x91, 0x91, 0xEF, 0x14, 0xEF, 0xA0, 0xDE, 0x51, 0x0A, 0x25, 0x7F, 0x5C,
    0xA2, 0x8A, 0x76, 0x41, 0x29, 0xC6, 0x9A, 0x85, 0x08, 0x9A, 0xA5, 0x18, 0x34, 0x75, 0x66, 0x5A,
    0x34, 0x74, 0x70, 0xC6, 0x37, 0xD9, 0x52, 0x67, 0x5B, 0x74, 0xBE, 0x43, 0x8B, 0x9F, 0xD3, 0x8B,
    0x47, 0x74, 0xE2, 0x51, 0x92, 0xE5, 0x87, 0x2E, 0xC8, 0xB7, 0x5D, 0x50, 0x7F, 0xF8, 0x4F, 0x41,
    0xFD, 0xE6, 0x7F, 0x7A, 0xC5, 0x2F, 0x86, 0x92, 0xBF, 0x76, 0x0B, 0x56, 0x6E, 0x49, 0xE3, 0x6A,
    0x2A, 0xAB, 0x29, 0x0D, 0xD7, 0xFE, 0x6D, 0x52, 0x46, 0xBE, 0x2B, 0xDD, 0x55, 0x11, 0x50, 0x36,
    0x0F, 0x15, 0x84, 0x25, 0x8C, 0x3A, 0xA1, 0x85, 0xD0, 0x4F, 0xC8, 0x13, 0x84, 0x6F, 0xA7, 0xA8,
    0x29, 0x5B, 0xB1, 0x9A, 0x95, 0x31, 0xCC, 0xCA, 0x78, 0x00, 0x31, 0xDA, 0xA4, 0x52, 0x9F, 0x4F,
    0x91, 0x64, 0x56, 0x46, 0xD2, 0x89, 0x4B, 0xAA, 0xFE, 0xF8, 0xD4, 0xA9, 0xB8, 0x47, 0x3D, 0xBE,
    0xFF, 0xD5, 0x19, 0xF9, 0x2B, 0x73, 0x69, 0x50, 0x4F, 0x66, 0x95, 0xDE, 0x03, 0x1A, 0x48, 0xE4,
    0x20, 0x8F, 0x06, 0x60, 0xAE, 0x20, 0x76, 0xAA, 0x20, 0x13, 0xB7, 0x2C, 0x71, 0x4B, 0x70, 0xC2,
    0x5F, 0xE5, 0x9A, 0x7C, 0x1C, 0x8D, 0x8A, 0x1B, 0x52, 0xB5, 0x43, 0xE5, 0x81, 0x92, 0x40, 0xC5,
    0x86, 0x25, 0x2D, 0x75, 0xEA, 0x9A, 0x0A, 0xA4, 0x87, 0xF5, 0x9E, 0xEC, 0xF3, 0x53, 0x2B, 0xBC,
    0x40, 0xB8, 0x59, 0x71, 0x23, 0xB0, 0x07, 0x9A, 0x01, 0xE4, 0x06, 0xD8, 0x01, 0xCB, 0x09, 0xDF,
    0x49, 0x78, 0x9F, 0x9E, 0xE6, 0xC9, 0x88, 0x9C, 0xFD, 0xF4, 0xC6, 0xF9, 0x39, 0xEB, 0x18, 0xF9,
    0xD1, 0x07, 0x7F, 0x01, 0xED, 0x0B, 0x53, 0x96, 0xFC, 0x0A, 0xBF, 0xAC, 0xE8, 0x2B, 0x58, 0x50,
    0x06, 0x72, 0xCB, 0x9B, 0x73, 0xC5, 0x09, 0xD2, 0x66, 0xE1, 0xCA, 0x4F, 0xB3, 0xBA, 0x86, 0x12,
    0xE1, 0x16, 0x14, 0x6E, 0x89, 0xFC, 0x52, 0x5D, 0x26, 0x81, 0x9A, 0x05, 0x0D, 0x6D, 0x72, 0xCB,
    0xE6, 0x59, 0xCC, 0xCE, 0xB8, 0x66, 0x46, 0x14, 0x23, 0x4B, 0x36, 0x68, 0x3A, 0x36, 0x09, 0x81,
    0x3E, 0xF7, 0x53, 0x51, 0x6E, 0xA5, 0x45, 0x2B, 0xD0, 0x8B, 0x04, 0x9D, 0xD0, 0x41, 0x1D, 0xA0,
    0x19, 0x12, 0x1C, 0x54, 0x06, 0x7E, 0x83, 0x1F, 0xF2, 0x66, 0xCF, 0x96, 0xD0, 0x67, 0xDB, 0x14,
    0x16, 0xB1, 0x15, 0x43, 0x5F, 0xF4, 0x85, 0xEB, 0x55, 0x7A, 0xBD, 0x57, 0x5A, 0xD1, 0xDD, 0xD2,
    0x0B, 0x3A, 0xAD, 0x6B, 0xBA, 0x34, 0xD2, 0x05, 0xDD, 0xF1, 0x33, 0xAF, 0x43, 0xCA, 0xC6, 0xDA,
    0xA7, 0xA1, 0x71, 0xAC, 0x4D, 0x1A, 0x22, 0x8D, 0x61, 0x4F, 0x33, 0x8B, 0x74, 0x64, 0x64, 0x23,
    0x3C, 0xAD, 0x74, 0xD4, 0x0A, 0x96, 0x35, 0x94, 0x1D, 0xA8, 0x90, 0xE0, 0xA0, 0x1C, 0x60, 0xE9,
    0xE1, 0xD3, 0x40, 0xEE, 0x47, 0x0A, 0xD7, 0xA1, 0x68, 0x59, 0x52, 0xD3, 0xD3, 0xF0, 0x26, 0xDF,
    0xDA, 0xA0, 0x7B, 0x36, 0x3A, 0x0F, 0x5A, 0xB8, 0xA5, 0xB2, 0x55, 0x89, 0xD2, 0xA8, 0x11, 0x19,
    0x5E, 0xAC, 0xD6, 0x14, 0x9C, 0x07, 0xAC, 0xE3, 0x86, 0x1F, 0xBD, 0x1B, 0xA0, 0x70, 0xA0, 0x0C,
    0x2C, 0x81, 0x1E, 0xB2, 0x00, 0x62, 0x00, 0x65, 0x5F, 0xF8, 0x55, 0x15, 0x23, 0x4D, 0x02, 0x6B,
    0xCB, 0xD3, 0x2F, 0xEF, 0x05, 0xF3, 0xAD, 0x62, 0x32, 0x4B, 0x61, 0x90, 0xA0, 0x26, 0xBB, 0x0E,
    0x37, 0xE0, 0x18, 0xF4, 0x64, 0xB7, 0xE1, 0x0E, 0xBC, 0x67, 0x58, 0x4F, 0xA5, 0x90, 0x8B, 0xD4,
    0xFF, 0x80, 0xEF, 0x71, 0x3B, 0x75, 0x8D, 0xE6, 0x38, 0xF5, 0x1B, 0xBC, 0xC2, 0xF5, 0xD4, 0x15,
    0x0A, 0x49, 0x41, 0x61, 0x84, 0xA1, 0x19, 0xF8, 0xEE, 0xD7, 0x5C, 0xE5, 0x02, 0x02, 0x04, 0xDE,
    0xF0, 0x34, 0x03, 0x99, 0x47, 0x04, 0xC4, 0x88, 0xD4, 0x28, 0xCD, 0xCD, 0x9B, 0x68, 0x85, 0x96,
    0x5C, 0x16, 0x36, 0x08, 0xF7, 0x8D, 0xDF, 0xFE, 0x41, 0x8C, 0x11, 0xF8, 0x7D, 0x6A, 0x4A, 0xA4,
    0xCD, 0xDD, 0x54, 0x87, 0xD7, 0x9F, 0xD9, 0xFC, 0xF3, 0xB5, 0x95, 0xAE, 0x44, 0x19, 0x45, 0x45,
    0xC9, 0x92, 0x05, 0x35, 0x4B, 0x34, 0x9A, 0x9A, 0x96, 0x65, 0xB6, 0xA5, 0x7A, 0xB8, 0x41, 0xED,
    0x3A, 0x30, 0xC0, 0x25, 0x10, 0x26, 0x1C, 0x12, 0xFC, 0xA3, 0x33, 0xC4, 0x27, 0x3B, 0xC4, 0x7E,
    0x85, 0x1C, 0x94, 0x91, 0x56, 0x59, 0x65, 0x12, 0x48, 0x23, 0x8A, 0x8A, 0x6A, 0x9A, 0xB5, 0x61,
    0x9B, 0x44, 0x14, 0xA8, 0xA3, 0x9D, 0x12, 0x97, 0x6B, 0x96, 0xF5, 0x46, 0x7C, 0xDE, 0x49, 0x87,
    0x82, 0x0A, 0xEA, 0x79, 0x8F, 0xD4, 0xD0, 0x60, 0xCA, 0x27, 0xAE, 0x98, 0x7F, 0xF1, 0x65, 0x7E,
    0x5E, 0xEB, 0x20, 0xA8, 0x6B, 0xDF, 0x77, 0xAC, 0xBF, 0xF8, 0xFA, 0x3B, 0x48, 0x3B, 0x5F, 0x07,
    0xF1, 0x69, 0xAF, 0xAC, 0x2E, 0xB9, 0xB5, 0xA4, 0x6E, 0xE2, 0x76, 0x79, 0xFE, 0xE7, 0xF3, 0xAA,
    0xA0, 0x9E, 0xF8, 0x22, 0xBA, 0x89, 0x20, 0xAC, 0x1C, 0xD1, 0x0A, 0x7F, 0x38, 0x1A, 0x56, 0x5B,
    0x4E, 0x1F, 0x70, 0x38, 0x1A, 0x66, 0xD2, 0xB4, 0xD0, 0xC3, 0x06, 0x46, 0xE0, 0xD7, 0x0C, 0xAC,
    0x9F, 0x58, 0xF1, 0xF9, 0xDA, 0x48, 0x57, 0xA1, 0x4C, 0x49, 0x45, 0x35, 0xD3, 0xAA, 0x67, 0x6A,
    0x3D, 0x4D, 0xB1, 0xA5, 0x8C, 0x1D, 0xC5, 0xE6, 0x50, 0x36, 0x8E, 0xC4, 0xC0, 0xFE, 0xD4, 0xD1,
    0xEC, 0x21, 0xBF, 0x0F, 0x5C, 0xCE, 0x81, 0xCE, 0x93, 0x79, 0xC4, 0x70, 0x26, 0x1E, 0xED, 0xC4,
    0x7E, 0x2D, 0x7D, 0x29, 0x6D, 0xA9, 0x4C, 0xA5, 0x58, 0x28, 0xEA, 0x0A, 0xBD, 0xA0, 0xAD, 0xE9,
    0x35, 0x9D, 0x66, 0xE4, 0x24, 0x1B, 0xF3, 0x34, 0x02, 0x08, 0x27, 0xAE, 0xAA, 0xE3, 0xB3, 0x93,
    0x78, 0x31, 0x5F, 0x72, 0xE0, 0x84, 0x6C, 0x24, 0x1F, 0xE1, 0x04, 0x00, 0x0E, 0x37, 0x08, 0x39,
    0x4B, 0x6A, 0xDE, 0xE8, 0xE2, 0x10, 0x1A, 0x5A, 0xE8, 0x60, 0xE4, 0xD5, 0x40, 0xE3, 0x78, 0xF9,
    0x85, 0x29, 0x31, 0x87, 0xA8, 0x4A, 0xE8, 0x91, 0x7F, 0x1B, 0x90, 0x3F, 0x75, 0xA8, 0x53, 0x50,
    0xEB, 0x84, 0x68, 0xA8, 0x3E, 0x74, 0x54, 0xC2, 0x51, 0xE7, 0x1E, 0x4D, 0x48, 0x18, 0xC9, 0x87,
    0xFF, 0xC9, 0x54, 0x1D, 0x98, 0xD2, 0xD3, 0x31, 0xB2, 0x4D, 0x1D, 0xC8, 0xCE, 0xF2, 0x74, 0xD2,
    0x6E, 0xAB, 0x31, 0x39, 0xE1, 0xE9, 0x56, 0xFA, 0xCA, 0xF6, 0xD2, 0x56, 0xF4, 0xCA, 0x2C, 0xE9,
    0x14, 0x35, 0xA3, 0x42, 0x13, 0x2A, 0x5A, 0xC2, 0x82, 0x2E, 0x0F, 0x35, 0x9B, 0xDC, 0x6B, 0x46,
    0x31, 0x68, 0x82, 0x70, 0xF0, 0xFF, 0xF3, 0xE0, 0x9C, 0x9C, 0xEF, 0xA7, 0x00, 0x96, 0x94, 0x0B,
    0x54, 0x4D, 0xA9, 0xA9, 0x34, 0xCB, 0x9A, 0x76, 0x99, 0x8D, 0xE5, 0xCF, 0x7D, 0x11, 0x0D, 0x27,
    0x93, 0xAC, 0xF8, 0x45, 0x34, 0xC4, 0x3F, 0x73, 0x79, 0x5A, 0x25, 0x9F, 0xFE, 0xF9, 0x91, 0xE0,
    0xC4, 0xBC, 0xA3, 0x79, 0x4F, 0xAE, 0x41, 0x3D, 0xDD, 0xA2, 0x56, 0x9E, 0xEA, 0xE5, 0xE7, 0x7F,
    0xF5, 0xB4, 0x00, 0xC0, 0xD7, 0x97, 0xE5, 0x25, 0x98, 0xD9, 0xF9, 0xD9, 0xC1, 0xF9, 0x00, 0x64,
    0xF7, 0xC5, 0xA3, 0x41, 0xEC, 0xAD, 0x0C, 0x48, 0x77, 0x88, 0x67, 0xF5, 0x7C, 0x3C, 0xF9, 0xB6,
    0x21, 0x06, 0xF1, 0x2F, 0x97, 0x73, 0xED, 0x19, 0x61, 0x0F, 0x95, 0x63, 0xBA, 0x4A, 0xBC, 0x9E,
    0xFB, 0xE6, 0x4F, 0x9D, 0x9C, 0x36, 0xCA, 0x1C, 0xA2, 0xC2, 0xAD, 0xF6, 0xA7, 0xFF, 0xFE, 0x7C,
    0x32, 0xB5, 0x34, 0x67, 0x55, 0xC8, 0x00, 0x14, 0x75, 0x79, 0xF0, 0xE5, 0x46, 0x33, 0xB6, 0xD3,
    0x45, 0x71, 0x93, 0x87, 0x8D, 0xF2, 0xEB, 0xF5, 0xD0, 0xFC, 0xB3, 0x7B, 0x19, 0x80, 0x9E, 0xB6,
    0x65, 0xD4, 0x59, 0xD0, 0x29, 0x36, 0x85, 0xAB, 0x95, 0x59, 0x94, 0x2C, 0x34, 0x37, 0xEF, 0xA2,
    0x02, 0xCA, 0xA3, 0x1C, 0x47, 0x9C, 0x64, 0xA6, 0xCD, 0x83, 0x74, 0x5A, 0x04, 0x65, 0xB4, 0x0C,
    0x25, 0x5A, 0x5D, 0xD6, 0xE8, 0x9B, 0x97, 0x1A, 0xAD, 0x2F, 0x3B, 0xD2, 0x10, 0xA8, 0x2F, 0xDF,
    0xF3, 0xD4, 0xE1, 0x27, 0x8E, 0x85, 0xFF, 0x89, 0xA5, 0x72, 0x2B, 0xA8, 0xEC, 0x0A, 0x00, 0xD8,
    0x88, 0x81, 0x56, 0x59, 0xEA, 0x0A, 0x16, 0xED, 0x7C, 0xFA, 0x0C, 0x50, 0x39, 0x78, 0xCB, 0x93,
    0x85, 0x80, 0x18, 0x46, 0x94, 0xED, 0x59, 0xA2, 0x01, 0xC8, 0x43, 0x96, 0xBA, 0xF0, 0x84, 0xC2,
    0x91, 0x56, 0x66, 0x2C, 0xA1, 0xAB, 0xE1, 0x6E, 0x0B, 0xED, 0x38, 0x9F, 0xA1, 0x2E, 0xC1, 0x1E,
    0x7E, 0xC5, 0xB6, 0xC0, 0x08, 0x8D, 0x87, 0x95, 0x85, 0xB9, 0x65, 0x31, 0x66, 0xE7, 0x3B, 0xE6,
    0x0B, 0x9D, 0xA3, 0x82, 0x9E, 0xEC, 0x6A, 0x49, 0x94, 0xA5, 0x89, 0xBE, 0x89, 0x01, 0x69, 0x59,
    0x9A, 0x59, 0xED, 0x93, 0x65, 0x87, 0xA3, 0x87, 0xC6, 0xB0, 0x04, 0xC5, 0xE1, 0x50, 0xB8, 0x09,
    0xB7, 0x98, 0x43, 0xB8, 0x34, 0x28, 0xCB, 0x59, 0xF8, 0x8A, 0x76, 0xC4, 0x12, 0x2A, 0x43, 0x61,
    0x91, 0x06, 0xF9, 0xFC, 0x99, 0x72, 0x0B, 0x4A, 0x4B, 0x65, 0xD1, 0x87, 0x33, 0xE5, 0xD9, 0xB9,
    0x27, 0x1C, 0xDF, 0x75, 0x2C, 0x01, 0xA8, 0xDC, 0xD1, 0x7B, 0xE3, 0xC5, 0x59, 0xE3, 0x53, 0x75,
    0xFB, 0x6F, 0xAD, 0x98, 0x01, 0x84, 0x5D, 0xD9, 0xDD, 0xC0, 0x7F, 0xF7, 0x9E, 0x49, 0xEE, 0xB7,
    0x39, 0x9B, 0x77, 0x82, 0xF9, 0xEC, 0x26, 0x9B, 0xCC, 0x5D, 0x7C, 0xD8, 0xFD, 0xCC, 0xBC, 0x9B,
    0x56, 0xD4, 0xA3, 0xF7, 0xBE, 0x77, 0x62, 0x69, 0xB0, 0x30, 0x48, 0x01, 0x24, 0x58, 0xAC, 0x55,
    0x9B, 0x20, 0x98, 0xD6, 0xCD, 0xBE, 0xB3, 0x1B, 0x00, 0x34, 0x40, 0xA1, 0xEC, 0x20, 0x48, 0xA7,
    0x6C, 0x1E, 0x16, 0x43, 0x5F, 0xF2, 0x4E, 0x53, 0x2C, 0x96, 0xE6, 0xB6, 0x54, 0x51, 0xF4, 0xB6,
    0xDB, 0xAD, 0xDA, 0xAD, 0xCD, 0xE9, 0xEE, 0x5D, 0xB9, 0x9B, 0xDC, 0x37, 0xB7, 0x27, 0xD7, 0x98,
    0x8E, 0x58, 0x65, 0xCC, 0xBB, 0xE7, 0xFF, 0x3B, 0xAE, 0x79, 0xF3, 0xFF, 0xF9, 0x9F, 0x79, 0xE7,
    0xFE, 0x9D, 0x3B, 0xDC, 0x14, 0x4E, 0xB8, 0xA0, 0x00, 0x10, 0x26, 0xD2, 0x12, 0xD5, 0x8D, 0x15,
    0xD6, 0x48, 0x49, 0xC9, 0x79, 0x13, 0x42, 0x83, 0xE8, 0x62, 0xE6, 0x44, 0xDB, 0xA8, 0x8F, 0x4F,
    0xC4, 0x3D, 0x86, 0x3D, 0xD2, 0xE7, 0x49, 0x4F, 0x93, 0xAE, 0x32, 0x1C, 0x90, 0xFC, 0xD8, 0xAA,
    0xB6, 0x08, 0x77, 0x60, 0x02, 0x25, 0x68, 0x3A, 0xD4, 0x1C, 0x46, 0x77, 0x34, 0x4D, 0x04, 0x0E,
    0x82, 0x7D, 0xC8, 0xB6, 0x24, 0xF6, 0xE0, 0xE8, 0x08, 0x4B, 0x10, 0x16, 0x94, 0x86, 0x71, 0xEB,
    0x68, 0x3D, 0x47, 0x08, 0x51, 0xB3, 0x87, 0x5A, 0x3C, 0x9E, 0x23, 0x6D, 0x8E, 0x22, 0x25, 0xF6,
    0xAC, 0x78, 0x62, 0x6A, 0xD4, 0x0D, 0xC7, 0xB8, 0xAD, 0xB9, 0x7A, 0x7B, 0x00, 0x40, 0x64, 0x85,
    0x1F, 0x4A, 0x8B, 0x22, 0xF6, 0xBE, 0x94, 0xC0, 0x7D, 0x08, 0xCE, 0xC1, 0x57, 0x16, 0x66, 0x86,
    0xA4, 0x9D, 0x73, 0xE4, 0xFA, 0x45, 0x48, 0xE9, 0xF2, 0xFE, 0xF7, 0x9B, 0x75, 0xA8, 0xD8, 0xAB,
    0x61, 0xD3, 0xED, 0x5D, 0x9B, 0xAC, 0xBB, 0xFF, 0x5C, 0x27, 0x00, 0x12, 0xC7, 0x4E, 0x83, 0x7B,
    0x31, 0x70, 0x50, 0x21, 0x76, 0x50, 0x97, 0x8A, 0xBE, 0xA8, 0xD6, 0x98, 0xF6, 0x49, 0x95, 0x49,
    0xA3, 0x3A, 0x67, 0xE6, 0x88, 0x2D, 0x91, 0x7D, 0x39, 0xB2, 0x77, 0x63, 0x9D, 0xEC, 0x10, 0x6E,
    0x02, 0x64, 0x8A, 0x2C, 0x66, 0x69, 0x09, 0xB8, 0x48, 0xB7, 0x76, 0xD8, 0x66, 0x83, 0xB0, 0xA0,
    0x47, 0x74, 0x7E, 0x1E, 0xD1, 0x93, 0x0F, 0x85, 0x3E, 0xDD, 0x47, 0x98, 0x41, 0x4A, 0x68, 0xCE,
    0x5D, 0x43, 0x98, 0xB3, 0x13, 0x84, 0x7E, 0x3A, 0x71, 0x76, 0x63, 0x49, 0x32, 0x18, 0xDD, 0x3D,
    0xCE, 0xAA, 0x2C, 0x53, 0x7A, 0xE0, 0x10, 0x56, 0x5A, 0x98, 0xCD, 0x81, 0x00, 0x00, 0xE4, 0x13,
    0xFA, 0x63, 0x06, 0x3D, 0x26, 0x3D, 0xDC, 0x69, 0xDC, 0x2A, 0x6E, 0xCA, 0xB8, 0xE6, 0x39, 0x08,
    0xDE, 0x35, 0xD1, 0x05, 0xD3, 0x5F, 0x61, 0x3B, 0xC7, 0x39, 0x1F, 0x5C, 0xDB, 0x20, 0x5D, 0xE5,
    0x78, 0x0F, 0x00, 0x68, 0xDB, 0x7A, 0x6B, 0x6B, 0x1B, 0x06, 0xFB, 0xE2, 0xFF, 0x60, 0x54, 0xFF,
    0xFF, 0x2D, 0xEE, 0x11, 0xFD, 0xCC, 0x3E, 0xFF, 0xC6, 0xE6, 0xB9, 0x2F, 0xCE, 0x9E, 0xFD, 0xED,
    0xD9, 0xEF, 0x34, 0x67, 0xBF, 0xFB, 0xF3, 0xCD, 0xEF, 0xFD, 0x8F, 0x3D, 0x13, 0x69, 0x31, 0xE7,
    0xAD, 0xDB, 0x6D, 0x03, 0xAA, 0x1C, 0x5C, 0xBB, 0x3A, 0x98, 0x0C, 0xAE, 0x4E, 0x46, 0x45, 0x00,
    0x13, 0xF8, 0x70, 0x37, 0xDE, 0x7A, 0x7C, 0xCB, 0xBB, 0xFD, 0x0D, 0x93, 0xDD, 0xE0, 0x2A, 0xC0,
    0xD6, 0x56, 0xF7, 0x73, 0x08, 0x77, 0x90, 0x77, 0x74, 0x10, 0x19, 0x22, 0x8D, 0x82, 0x35, 0x9F,
    0x85, 0x28, 0x88, 0x7F, 0xC1, 0x68, 0x87, 0xEE, 0x17, 0x10, 0xEF, 0x6B, 0x22, 0x83, 0x84, 0xBB,
    0x30, 0x05, 0x05, 0x8A, 0xB4, 0x8F, 0x6A, 0x08, 0x34, 0xDC, 0x12, 0x4E, 0x99, 0xA1, 0x4F, 0x03,
    0xC0, 0x89, 0xC2, 0x63, 0xC3, 0xA7, 0x94, 0x91, 0x15, 0x85, 0x34, 0xC2, 0x2A, 0x1D, 0x59, 0x85,
    0x7C, 0x8A, 0x19, 0xA2, 0xEC, 0x3D, 0xD4, 0x93, 0x87, 0x3A, 0x6E, 0x2F, 0x99, 0xFE, 0x72, 0xC0,
    0x1A, 0x90, 0x01, 0x29, 0xF0, 0x0A, 0xC0, 0xD1, 0x1F, 0x10, 0xB4, 0x0F, 0x90, 0xED, 0x4F, 0x89,
    0xDB, 0x2B, 0x8C, 0xDA, 0xBE, 0x27, 0xF3, 0xA4, 0xBE, 0x28, 0xCF, 0x3C, 0x27, 0x6E, 0xB6, 0x89,
    0x9A, 0x0A, 0x2E, 0x3A, 0xF6, 0x76, 0x77, 0xB7, 0x8B, 0x0B, 0x8F, 0xED, 0x20, 0xB2, 0xAC, 0x8C,
    0x86, 0x4B, 0x20, 0x59, 0xE1, 0x25, 0x5F, 0xC7, 0x15, 0xFE, 0x46, 0xA4, 0x67, 0xFA, 0x12, 0x8A,
    0x5E, 0xF7, 0x98, 0xAD, 0x92, 0x92, 0x02, 0xB2, 0xEE, 0x5F, 0xDF, 0xE8, 0xB9, 0xA7, 0x63, 0xD5,
    0x6D, 0x8C, 0xCA, 0xA3, 0x3C, 0xF7, 0x1C, 0x52, 0x22, 0x6E, 0x98, 0xF0, 0x7E, 0x41, 0x59, 0x8A,
    0xDF, 0x17, 0xF2, 0x75, 0xB3, 0xD6, 0xE7, 0xDA, 0x39, 0x80, 0xD0, 0x72, 0x76, 0x64, 0x29, 0x5F,
    0xB0, 0xA1, 0x15, 0x26, 0xD2, 0x91, 0xEE, 0x21, 0x49, 0x51, 0x5C, 0xF5, 0x14, 0x6B, 0x3D, 0x61,
    0xA7, 0x67, 0x64, 0xF0, 0x4F, 0x8E, 0x47, 0x39, 0x83, 0xDE, 0x80, 0xC9, 0xE0, 0x5C, 0x60, 0xDB,
    0xB9, 0x30, 0x6F, 0xD5, 0x0A, 0xDC, 0x2A, 0x94, 0x27, 0xE8, 0x3C, 0x9B, 0x8C, 0x6C, 0x60, 0x79,
    0xC1, 0x0A, 0x8D, 0x30, 0x0A, 0xA4, 0x5E, 0x05, 0xC9, 0x35, 0x50, 0x94, 0xA0, 0xC2, 0xFB, 0x73,
    0x56, 0x22, 0x75, 0x87, 0xB5, 0x1E, 0x12, 0x52, 0x14, 0x4C, 0xE8, 0x41, 0x41, 0x8A, 0x30, 0x38,
    0x24, 0x91, 0xE5, 0x0C, 0xC9, 0x6D, 0x06, 0x8C, 0x1B, 0xBC, 0x18, 0x00, 0x90, 0x0D, 0x11, 0xBD,
    0xB7, 0xE9, 0x81, 0x22, 0x85, 0x15, 0x26, 0x84, 0x35, 0x05, 0x61, 0x25, 0x0C, 0xA4, 0x12, 0x58,
    0x3D, 0x13, 0x99, 0x2A, 0x1F, 0x28, 0x33, 0x72, 0x93, 0xEF, 0xEB, 0xE0, 0xBC, 0x7D, 0x04, 0xE2,
    0xB5, 0x8F, 0x41, 0x49, 0x05, 0xAB, 0x71, 0x6B, 0x39, 0x77, 0xEA, 0x03, 0x4D, 0xC9, 0x69, 0x42,
    0xCB, 0x2A, 0x01, 0x00, 0xA1, 0x46, 0x59, 0x7C, 0x44, 0x1A, 0x60, 0x09, 0x14, 0xF4, 0x21, 0x27,
    0xA8, 0x88, 0x0A, 0x94, 0x66, 0x08, 0x69, 0x17, 0xC3, 0x48, 0xC7, 0xAD, 0x8E, 0x6A, 0x00, 0x08,
    0x2A, 0xE0, 0x3A, 0x10, 0x03, 0x01, 0x70, 0x0A, 0x18, 0x01, 0x33, 0x0D, 0x4F, 0x34, 0xE1, 0x9F,
    0x0C, 0xE2, 0x23, 0x83, 0xBA, 0x60, 0x89, 0x23, 0x4B, 0x26, 0x2C, 0xB9, 0xA7, 0x6D, 0x6D, 0xD0,
    0xB6, 0x85, 0xF0, 0x43, 0x5A, 0x51, 0x2A, 0x1D, 0x96, 0x09, 0xA1, 0xCB, 0x3C, 0xBB, 0xE2, 0x06,
    0x64, 0x01, 0x09, 0xB0, 0xBC, 0x40, 0x6F, 0x6C, 0x61, 0xEC, 0x08, 0xDD, 0x36, 0x81, 0x5E, 0x5E,
    0x9C, 0x77, 0xAE, 0x10, 0xED, 0x07, 0x44, 0x17, 0x1A, 0x60, 0x7D, 0x31, 0x5E, 0x7D, 0x82, 0xD0,
    0x4D, 0x09, 0xCB, 0x6D, 0x80, 0xC5, 0x38, 0xE3, 0x02, 0x36, 0x26, 0x30, 0xF1, 0xFC, 0xA4, 0x84,
    0x63, 0x7A, 0x31, 0xDE, 0x60, 0x6B, 0xEB, 0x26, 0x88, 0xB6, 0x2D, 0x41, 0xED, 0xF8, 0x7B, 0x92,
    0x1A, 0x20, 0xAF, 0x00, 0x2A, 0x07, 0x84, 0xFF, 0x72, 0x40, 0x74, 0xFF, 0xF1, 0x6D, 0x50, 0xAF,
    0xB5, 0x0D, 0x0C, 0xC5, 0xA7, 0x17, 0xE1, 0x9D, 0x5F, 0x5A, 0xC0, 0xDB, 0x41, 0x7C, 0x7D, 0xC9,
    0x82, 0xB4, 0xCA, 0x80, 0xD2, 0x4A, 0xC3, 0x10, 0xD5, 0x36, 0x4C, 0x89, 0xFD, 0xCC, 0xD1, 0x1A,
    0xC6, 0x2D, 0xC1, 0xFC, 0x25, 0x1B, 0x95, 0x21, 0xCA, 0x40, 0x02, 0x0C, 0x81, 0x14, 0x98, 0xEE,
    0xB2, 0xBD, 0xEF, 0x3E, 0x03, 0x46, 0xBC, 0x82, 0x7A, 0xD2, 0x20, 0xDA, 0x12, 0x36, 0x00, 0x07,
    0x4C, 0x81, 0x55, 0x08, 0x6B, 0x88, 0x0C, 0x00, 0x10, 0x1B, 0x10, 0x05, 0x50, 0x01, 0xCB, 0xF8,
    0xD6, 0x6A, 0xBA, 0x55, 0x3F, 0xDE, 0x32, 0xA1, 0x03, 0xB1, 0xAF, 0x27, 0x45, 0x9F, 0xDD, 0x42,
    0xB6, 0x35, 0xEA, 0x0F, 0xEB, 0x28, 0x0D, 0x0A, 0x88, 0x61, 0xAF, 0x9E, 0x51, 0x5B, 0x7B, 0x2A,
    0x00, 0x40, 0x59, 0x78, 0x07, 0x02, 0xE7, 0xD1, 0x0B, 0xF4, 0x36, 0x10, 0x3D, 0x84, 0x58, 0x1A,
    0x96, 0x03, 0xBD, 0x10, 0xEF, 0x52, 0x00, 0x71, 0x64, 0x3B, 0x80, 0x85, 0x38, 0x51, 0x36, 0x74,
    0x6C, 0xB3, 0xCC, 0x26, 0x2E, 0x70, 0xA1, 0x13, 0xA5, 0x28, 0x84, 0x8D, 0xAC, 0xB4, 0xCA, 0x28,
    0xAD, 0x88, 0x49, 0x18, 0x92, 0x91, 0x02, 0x20, 0x4B, 0x46, 0x50, 0x13, 0x68, 0xD8, 0x04, 0x47,
    0xE0, 0x08, 0x1D, 0xA2, 0x44, 0x14, 0x08, 0x4B, 0x64, 0x91, 0x16, 0x65, 0x50, 0x1A, 0x05, 0x31,
    0x24, 0x30, 0x84, 0x8C, 0x5D, 0x01, 0xF7, 0x10, 0xAD, 0x56, 0x37, 0xEC, 0x12, 0x9A, 0x83, 0x1B,
    0x02, 0xB4, 0x7A, 0xAD, 0xF0, 0x01, 0x70, 0xF0, 0x74, 0xB6, 0x34, 0x61, 0xDB, 0x20, 0xFE, 0x3E,
    0xD3, 0xC2, 0x2A, 0x2B, 0xAC, 0x28, 0x22, 0x1B, 0x3A, 0x69, 0x42, 0x77, 0xE5, 0xB3, 0xD0, 0xB5,
    0x6D, 0xE8, 0x2E, 0x5D, 0x0C, 0xCB, 0xD8, 0xDB, 0xFA, 0xDE, 0x35, 0x44, 0x99, 0x94, 0x11, 0x69,
    0x30, 0xEF, 0x0E, 0x6C, 0xB3, 0x56, 0x03, 0x40, 0x58, 0xAF, 0x22, 0x77, 0xA6, 0xF4, 0x54, 0xB7,
    0x6F, 0xD8, 0xE4, 0x45, 0x1A, 0xB2, 0xA0, 0x21, 0x0D, 0xE7, 0xA4, 0xE2, 0x21, 0x53, 0xF1, 0x80,
    0x6D, 0xF1, 0xC0, 0x54, 0xD1, 0x47, 0xD6, 0xC9, 0x1B, 0xD6, 0xA9, 0xF7, 0xFE, 0xE2, 0xD4, 0xF9,
    0x2F, 0x4B, 0xC5, 0x57, 0x45, 0xCC, 0xAF, 0x6C, 0x9F, 0xB1, 0xF7, 0x8F, 0x6C, 0x46, 0x62, 0x52,
    0x62, 0x0D, 0x80, 0xB2, 0x20, 0x4A, 0xA0, 0x06, 0x96, 0xE1, 0xE8, 0x3F, 0x60, 0xDC, 0x12, 0xCE,
    0x63, 0x1B, 0x15, 0xA2, 0x54, 0xBE, 0xCE, 0x04, 0xDC, 0x10, 0xAA, 0xD4, 0x93, 0x83, 0x9B, 0x76,
    0x84, 0x1E, 0x51, 0xE6, 0x44, 0xDE, 0xA7, 0x4C, 0xC2, 0x78, 0xF7, 0xB1, 0x2A, 0x3A, 0x0D, 0x00,
    0xA8, 0x02, 0x86, 0x40, 0x05, 0x81, 0x5E, 0xB0, 0x7B, 0x0E, 0xE2, 0x21, 0x5D, 0x63, 0x5A, 0x46,
    0x2F, 0xD4, 0x2D, 0xCB, 0xAB, 0x24, 0x73, 0x47, 0x3A, 0x2A, 0xE0, 0x08, 0x0B, 0x73, 0x07, 0x68,
    0x94, 0xB0, 0x1D, 0xB0, 0x38, 0x2F, 0x0C, 0x70, 0x59, 0x58, 0xAA, 0xD7, 0x8D, 0xD8, 0x81, 0xC6,
    0x1B, 0x91, 0x0F, 0x74, 0x22, 0x6C, 0x8A, 0x7B, 0x99, 0x13, 0x00, 0xC0, 0xDB, 0xC6, 0x11, 0xB5,
    0x8F, 0x4A, 0x92, 0xDF, 0xB5, 0x86, 0xEB, 0x8C, 0xA0, 0xA6, 0xF5, 0xF2, 0xB0, 0xF5, 0x76, 0x9F,
    0x20, 0x6C, 0xA2, 0x74, 0x64, 0xA7, 0x0A, 0xF9, 0x6B, 0xE7, 0xA7, 0x8F, 0x6C, 0x82, 0xFC, 0x33,
    0x43, 0xA2, 0x86, 0x1C, 0x51, 0x51, 0x23, 0x5C, 0xE4, 0x50, 0xED, 0xCC, 0x92, 0x8D, 0xE6, 0xF0,
    0x62, 0xA0, 0xF7, 0xB5, 0xCB, 0xA8, 0x00, 0x1C, 0xB0, 0x4C, 0x68, 0xB8, 0x2C, 0x2C, 0x55, 0x64,
    0x71, 0xD2, 0x04, 0xEE, 0xE9, 0xDA, 0x94, 0xF6, 0x25, 0x22, 0x8A, 0x18, 0x61, 0xBB, 0xBD, 0x8E,
    0xB4, 0x19, 0xD2, 0xA4, 0x28, 0xED, 0x21, 0xA3, 0xCF, 0x88, 0x1C, 0xF5, 0xA4, 0x7E, 0xE6, 0xBB,
    0x8E, 0xF7, 0xB7, 0xCC, 0x85, 0xBA, 0x9F, 0x6D, 0x9B, 0x8B, 0x72, 0x3F, 0xDB, 0x3A, 0x17, 0x59,
    0xB3, 0x70, 0x28, 0xC3, 0x75, 0x58, 0xE7, 0x32, 0x27, 0x6B, 0xD2, 0x29, 0x75, 0x1A, 0xBA, 0x54,
    0xD8, 0xA1, 0x32, 0x49, 0x8C, 0x4A, 0x51, 0x15, 0xD2, 0x7D, 0x7B, 0x6B, 0x62, 0x73, 0xDF, 0xC1,
    0xFA, 0xF1, 0x2D, 0x6F, 0x6E, 0xB5, 0xAF, 0xC1, 0x0A, 0x2B, 0xCA, 0xC8, 0x23, 0x3D, 0xAA, 0x3B,
    0xDB, 0x2B, 0xAB, 0xB6, 0x5A, 0xE2, 0xB6, 0x26, 0xF9, 0x21, 0x0C, 0xF7, 0x9D, 0xE6, 0x01, 0x90,
    0x3B, 0x30, 0x6A, 0x0D, 0x8D, 0xB4, 0x41, 0xF7, 0x66, 0xE0, 0xB3, 0x0B, 0xA5, 0x85, 0xCD, 0x10,
    0xB6, 0x42, 0xDE, 0x2F, 0x91, 0xEF, 0x95, 0xA8, 0xF3, 0x15, 0x8A, 0x7B, 0x9E, 0x44, 0x27, 0xC8,
    0x6E, 0xA5, 0xDD, 0x2A, 0xFB, 0x57, 0x48, 0xE3, 0x39, 0xB0, 0x0E, 0x27, 0x81, 0x58, 0x83, 0xB4,
    0x10, 0x16, 0x80, 0x03, 0x80, 0xA3, 0x1A, 0x66, 0x8F, 0x4C, 0xF8, 0xCD, 0xCC, 0x48, 0x1B, 0xA3,
    0xB4, 0xB7, 0x10, 0x33, 0xA4, 0x4F, 0xC6, 0x90, 0x94, 0x94, 0x8C, 0x9C, 0x61, 0xD0, 0x90, 0xDC,
    0xA9, 0x51, 0xF3, 0x6D, 0xD0, 0x00, 0xC7, 0x80, 0x11, 0x50, 0x83, 0x28, 0x40, 0xEA, 0xC3, 0xF9,
    0x82, 0x4D, 0x10, 0x35, 0xA8, 0x1C, 0xB2, 0x15, 0x98, 0xC8, 0xC3, 0xF9, 0x00, 0x92, 0x77, 0x2D,
    0xE3, 0x4F, 0x2C, 0x6E, 0xA6, 0x59, 0x7F, 0xF5, 0xF0, 0xBE, 0x4C, 0x79, 0x62, 0x58, 0x5E, 0x3A,
    0x9C, 0x2B, 0xAC, 0x40, 0xFD, 0x08, 0x8E, 0x1F, 0x87, 0xDE, 0x2A, 0xC8, 0xEA, 0x70, 0xBE, 0x53,
    0xFA, 0x24, 0x61, 0xFB, 0xD7, 0xD6, 0x8A, 0x4F, 0x9F, 0xFC, 0xD1, 0xC1, 0x18, 0x07, 0x39, 0x13,
    0x4E, 0x35, 0x38, 0xD1, 0xB6, 0xAD, 0x8B, 0x8B, 0xC7, 0x5B, 0x37, 0x87, 0x54, 0x90, 0x52, 0x41,
    0x2E, 0x1A, 0x18, 0xDD, 0x19, 0xDF, 0x31, 0x71, 0xA3, 0x5A, 0x02, 0xCD, 0x3A, 0x1C, 0x35, 0xCC,
    0x6A, 0xF1, 0xCD, 0xB6, 0xB4, 0x28, 0x48, 0x20, 0x83, 0xB4, 0x8B, 0x0C, 0x46, 0xE8, 0xF8, 0x73,
    0x1B, 0xB5, 0x86, 0x8A, 0xB0, 0x20, 0xA8, 0x60, 0x83, 0x63, 0x8E, 0x9E, 0x86, 0x57, 0x21, 0x01,
    0x65, 0x10, 0x16, 0xCA, 0xDD, 0x85, 0xCC, 0x9C, 0xF8, 0x7A, 0xAA, 0x4C, 0x1A, 0xB3, 0x36, 0x24,
    0x1B, 0xB5, 0xCD, 0x70, 0xEB, 0xF6, 0xAE, 0x0A, 0xD4, 0xE7, 0x65, 0xD4, 0xDA, 0xBD, 0x37, 0x8D,
    0x77, 0xE8, 0x84, 0xC2, 0x82, 0x62, 0xDF, 0x9F, 0xC2, 0xE1, 0x1D, 0x78, 0x09, 0xDE, 0x82, 0xD7,
    0xE0, 0x3D, 0x78, 0x11, 0xE9, 0xDE, 0x59, 0xB3, 0x93, 0xE1, 0x6D, 0x74, 0xBA, 0x60, 0x93, 0xA8,
    0x22, 0xCE, 0xC9, 0xD7, 0x70, 0xBD, 0x03, 0xD6, 0x02, 0x69, 0x42, 0x9E, 0x70, 0x62, 0xE9, 0x40,
    0x89, 0xC7, 0x50, 0x56, 0x14, 0x38, 0xAE, 0x01, 0x08, 0x2B, 0xAC, 0xB4, 0x72, 0xEF, 0xA0, 0xD5,
    0x27, 0x23, 0x25, 0xF7, 0x3E, 0x43, 0xA2, 0x99, 0x12, 0x38, 0x84, 0x01, 0x00, 0x84, 0xC5, 0x87,
    0xF4, 0xB1, 0xBF, 0x85, 0x40, 0x1F, 0x32, 0x48, 0x21, 0x07, 0x6E, 0x11, 0x36, 0xC8, 0x2F, 0xE8,
    0x2B, 0x06, 0xC2, 0x1C, 0x20, 0x11, 0x62, 0x65, 0x12, 0x65, 0x96, 0x02, 0x0E, 0x94, 0x05, 0x55,
    0x00, 0xF7, 0xAE, 0x40, 0x3C, 0x87, 0x59, 0x89, 0xF8, 0xDA, 0x11, 0x52, 0x01, 0x53, 0xC2, 0x76,
    0xEA, 0x97, 0xDE, 0x30, 0xA2, 0x21, 0x27, 0xA7, 0xF6, 0x38, 0xB6, 0x3D, 0x95, 0x4F, 0x73, 0x34,
    0xA2, 0xF0, 0x5B, 0xCB, 0x74, 0xA9, 0xC1, 0x3A, 0x00, 0x10, 0xDB, 0x92, 0xE1, 0x97, 0x96, 0xC9,
    0xD8, 0x70, 0xF9, 0x14, 0x00, 0xB0, 0x89, 0x78, 0x30, 0x47, 0xEC, 0xCC, 0x90, 0x65, 0x8C, 0x34,
    0x31, 0x4A, 0x27, 0x28, 0xFA, 0x9E, 0x8C, 0x84, 0x94, 0x3E, 0x39, 0x19, 0x53, 0x52, 0xB6, 0x3D,
    0x15, 0x9C, 0x84, 0x58, 0x23, 0x2D, 0x61, 0x01, 0x0E, 0xF6, 0x76, 0xED, 0x5D, 0x69, 0x93, 0x98,
    0xD8, 0xA7, 0x66, 0xC4, 0x29, 0x49, 0xCA, 0x30, 0x23, 0x1F, 0x06, 0x55, 0xFC, 0xD0, 0x7F, 0x4B,
    0x9A, 0xF5, 0xFF, 0xD2, 0xB1, 0x0C, 0x5E, 0x81, 0x77, 0xE0, 0x25, 0x78, 0xCB, 0x6E, 0x05, 0x31,
    0x5E, 0x84, 0x37, 0xE1, 0x55, 0x78, 0x17, 0x5E, 0x86, 0xB7, 0xC1, 0xFA, 0xB7, 0x77, 0xAC, 0x43,
    0xF9, 0xBE, 0xBD, 0x63, 0x1D, 0xCE, 0xB7, 0xBF, 0x63, 0x1D, 0xD2, 0x55, 0x43, 0x03, 0x97, 0xF7,
    0xFF, 0xDF, 0xED, 0x16, 0xCF, 0x7C, 0x14, 0xDC, 0xBC, 0x4C, 0xB2, 0xE3, 0x98, 0x5F, 0xB1, 0xA1,
    0x8B, 0x6D, 0x64, 0xC7, 0x56, 0xBE, 0xFB, 0x95, 0x55, 0xD1, 0x6F, 0xAC, 0x52, 0x91, 0x55, 0xA9,
    0x32, 0xCA, 0xC5, 0x28, 0x9B, 0xA1, 0x3E, 0xAB, 0x19, 0xB6, 0x05, 0xCB, 0xCB, 0xC0, 0x1B, 0x70,
    0x1D, 0x12, 0x90, 0x1A, 0x61, 0x01, 0x40, 0x91, 0xC5, 0xA4, 0x7D, 0xF2, 0x8C, 0x69, 0x4A, 0x9D,
    0x52, 0xE5, 0xB8, 0xED, 0xC0, 0xD5, 0xA1, 0xAB, 0x55, 0x39, 0x9B, 0x15, 0xA3, 0x4F, 0xEC, 0x11,
    0x80, 0x57, 0xA0, 0x41, 0x94, 0x28, 0xCD, 0x1A, 0x07, 0xCB, 0x3D, 0x6A, 0x50, 0x25, 0x99, 0xA3,
    0xDA, 0x08, 0xED, 0xEA, 0xC1, 0x72, 0x81, 0xAA, 0xFB, 0x70, 0xFD, 0xC4, 0x01, 0x13, 0x43, 0x03,
    0xCA, 0xEE, 0x9D, 0xDB, 0xC3, 0x02, 0x00, 0x80, 0xD0, 0x05, 0x7E, 0x88, 0x12, 0x17, 0x59, 0x9C,
    0xD2, 0x54, 0x31, 0x6C, 0x67, 0xB0, 0x91, 0x43, 0x5E, 0x41, 0xE6, 0x60, 0x64, 0x3D, 0x06, 0x12,
    0xA0, 0x0F, 0xE4, 0x40, 0x05, 0xA3, 0x12, 0xC6, 0x06, 0x00, 0x58, 0x03, 0x52, 0x3C, 0xFB, 0xDE,
    0xD1, 0xAB, 0x37, 0xE1, 0x51, 0xAB, 0x69, 0xDF, 0xB7, 0x61, 0x25, 0x8A, 0xB0, 0x14, 0xA5, 0x28,
    0x3C, 0xD6, 0xCF, 0x5D, 0xCF, 0xDA, 0xED, 0x5A, 0x76, 0x84, 0x7A, 0xDC, 0xA0, 0xC6, 0x25, 0xC9,
    0x11, 0xE8, 0xEF, 0x3B, 0x95, 0xE4, 0xEC, 0xBB, 0xD4, 0x05, 0x8B, 0x8A, 0x2C, 0x4B, 0xC1, 0xC2,
    0xEB, 0xFF, 0x37, 0xAD, 0x99, 0x01, 0xA4, 0x25, 0x59, 0x7A, 0xC7, 0x7F, 0xA7, 0xCE, 0xBE, 0x57,
    0xF6, 0x9D, 0xA4, 0x4F, 0xA3, 0xC3, 0xF4, 0xCC, 0xA6, 0x6B, 0x31, 0xA2, 0x6D, 0xB6, 0x6F, 0xC1,
    0x60, 0x42, 0xD5, 0xAD, 0xB3, 0x1B, 0x0C, 0xC0, 0xC3, 0x6C, 0x82, 0x60, 0x07, 0x83, 0x35, 0x89,
    0xED, 0xC5, 0x62, 0x62, 0xEF, 0xE4, 0x1D, 0x33, 0x2B, 0x30, 0xC8, 0x43, 0x58, 0x04, 0x79, 0x68,
    0xEC, 0xBC, 0xC1, 0x34, 0x1A, 0x77, 0xB3, 0xD5, 0x73, 0xCF, 0x4E, 0x42, 0x43, 0x62, 0x2A, 0x62,
    0x21, 0x8B, 0xA9, 0xEC, 0x6E, 0x92, 0xD9, 0x6E, 0xB6, 0x4F, 0x76, 0x6B, 0xE4, 0x76, 0xF7, 0x7D,
    0xF7, 0xE4, 0x54, 0xB9, 0xEF, 0x7A, 0x2F, 0xFD, 0xDA, 0x74, 0x77, 0x5F, 0x7D, 0xFE, 0xE5, 0xAA,
    0xF6, 0xBE, 0xF3, 0x3B, 0x5F, 0xD5, 0x77, 0xBE, 0xEF, 0x7C, 0x05, 0x61, 0x1E, 0xD5, 0x01, 0xC0,
    0xF3, 0x40, 0x05, 0xCC, 0x0C, 0x3C, 0x30, 0x24, 0x3F, 0xB3, 0xC8, 0x5B, 0x16, 0xFD, 0x8A, 0x23,
    0x4B, 0x1D, 0xA5, 0x74, 0x4C, 0xA2, 0x42, 0x70, 0x22, 0x84, 0x46, 0xC6, 0x7F, 0xCA, 0xC9, 0x56,
    0x9B, 0xA4, 0xCD, 0x49, 0x7C, 0x19, 0xC5, 0xF3, 0xEF, 0x41, 0xB5, 0x04, 0x00, 0x80, 0x6D, 0x03,
    0xB3, 0xFF, 0xB5, 0xC9, 0xBD, 0x99, 0x55, 0x2E, 0x43, 0x1B, 0x4D, 0x4E, 0xC6, 0x98, 0x11, 0x25,
    0x63, 0x0A, 0x0A, 0x4A, 0x26, 0x8C, 0xC5, 0x82, 0xFC, 0x83, 0x39, 0xFA, 0x68, 0x0A, 0x06, 0x00,
    0x10, 0xCD, 0x57, 0xC1, 0x4F, 0x61, 0xD6, 0xC2, 0x17, 0x37, 0xC3, 0x07, 0xF0, 0xB2, 0xB4, 0x14,
    0x1A, 0xF2, 0x23, 0x48, 0xDB, 0x67, 0xE1, 0xFC, 0x1C, 0x26, 0x79, 0x8A, 0x29, 0x79, 0x24, 0x53,
    0xD2, 0x80, 0x02, 0x2E, 0x01, 0xF9, 0x79, 0xC8, 0x3C, 0x6C, 0xDB, 0xA7, 0x62, 0xFA, 0x5A, 0x0B,
    0xD2, 0x82, 0x02, 0xF4, 0x2E, 0xA8, 0x0E, 0x84, 0x01, 0x00, 0x74, 0x03, 0x63, 0x60, 0x75, 0x6F,
    0x7B, 0x0E, 0x7B, 0x01, 0x71, 0xF4, 0x82, 0x4B, 0xDB, 0x04, 0x6D, 0x21, 0x07, 0xC6, 0x40, 0x01,
    0xD4, 0x2B, 0x4D, 0x4F, 0xFC, 0x2E, 0x81, 0x8A, 0xCB, 0xE8, 0x07, 0x0B, 0x64, 0x68, 0xE1, 0xC2,
    0xB1, 0x0F, 0xDE, 0x02, 0xD1, 0x41, 0xEA, 0x40, 0x03, 0x30, 0x2C, 0x81, 0xD9, 0x1C, 0x79, 0x6F,
    0x8A, 0x5A, 0xDD, 0xCE, 0x57, 0x36, 0x8A, 0x5E, 0x6B, 0x7B, 0x86, 0xEC, 0x8E, 0x23, 0x0D, 0x16,
    0x5E, 0x05, 0x00, 0x38, 0x02, 0x79, 0x97, 0xC1, 0x8F, 0x17, 0x30, 0x1B, 0x63, 0x4D, 0x0E, 0x50,
    0x9E, 0xAC, 0x66, 0x52, 0xD2, 0x9E, 0x63, 0xA0, 0x8C, 0x90, 0x91, 0x31, 0x22, 0x6A, 0xC8, 0xA1,
    0x84, 0x62, 0x18, 0xE5, 0xC0, 0x16, 0xD1, 0x22, 0xD9, 0x00, 0xF6, 0x22, 0xB0, 0x58, 0x09, 0x36,
    0xC6, 0x84, 0x41, 0xB6, 0xA4, 0x0D, 0xC2, 0x3C, 0x21, 0x10, 0xA0, 0x93, 0x16, 0xF9, 0x89, 0x89,
    0x14, 0xC0, 0xEE, 0xE6, 0xA0, 0x5E, 0xDC, 0x36, 0x14, 0x19, 0x5C, 0x9A, 0x80, 0xF6, 0x90, 0xBA,
    0x67, 0x7F, 0xA8, 0xEA, 0xEB, 0x1E, 0x79, 0xD7, 0xC2, 0x92, 0xE1, 0xE6, 0xA1, 0x81, 0xB0, 0x44,
    0x7C, 0x36, 0x73, 0x89, 0x4F, 0x5B, 0xD9, 0x26, 0x5E, 0x36, 0x78, 0xE9, 0xE8, 0xD2, 0x28, 0x15,
    0xA5, 0x2D, 0x5E, 0x9B, 0xC4, 0x6B, 0x64, 0x9B, 0x45, 0x88, 0x9C, 0xCC, 0x8E, 0x99, 0x51, 0x85,
    0x79, 0x94, 0x05, 0x00, 0x40, 0x5A, 0x10, 0xBF, 0xB0, 0x90, 0xFC, 0x37, 0x20, 0xEF, 0x00, 0xF2,
    0xDF, 0x01, 0xF9, 0x4F, 0xB0, 0xFD, 0x8A, 0x83, 0xD9, 0x03, 0x4B, 0x1F, 0x49, 0xF4, 0xA1, 0x34,
    0xC4, 0x12, 0x39, 0x19, 0x43, 0x34, 0x51, 0x32, 0x86, 0x82, 0x02, 0x4A, 0x26, 0x0C, 0x11, 0x35,
    0x84, 0x14, 0x43, 0x4C, 0x61, 0x60, 0x80, 0x4D, 0xC2, 0x02, 0xF9, 0x5F, 0x33, 0x23, 0x9D, 0x76,
    0xD2, 0xC9, 0x26, 0x8D, 0xD8, 0xCA, 0x26, 0xFE, 0xEA, 0xED, 0xC4, 0x87, 0x90, 0xF8, 0x6F, 0xBE,
    0x9A, 0x44, 0x48, 0xD9, 0x8C, 0x22, 0xE8, 0x18, 0x6D, 0x0B, 0x2A, 0x0A, 0x71, 0xC4, 0x5E, 0xF0,
    0xCC, 0x82, 0x01, 0x44, 0x0B, 0x49, 0x4B, 0xF2, 0xFE, 0x1C, 0x19, 0x8D, 0x91, 0xBA, 0x41, 0x2F,
    0xBC, 0x6B, 0x09, 0xC1, 0xCA, 0x6E, 0x86, 0xEE, 0x97, 0xF8, 0x38, 0x3B, 0x8F, 0x0E, 0x36, 0xCA,
    0x30, 0xB0, 0x1D, 0xDA, 0x61, 0xD7, 0xBB, 0x7F, 0x18, 0x69, 0x40, 0xB6, 0x44, 0x8A, 0x28, 0x07,
    0xE9, 0xED, 0x6B, 0xA8, 0x30, 0x47, 0xFF, 0x74, 0x17, 0x6D, 0x40, 0x03, 0x19, 0xEB, 0x97, 0x62,
    0xE5, 0xC8, 0x0E, 0xBE, 0xF2, 0x1E, 0xD5, 0x11, 0xEB, 0xDD, 0x70, 0xE6, 0xE5, 0x67, 0x75, 0x5C,
    0x42, 0xC6, 0x95, 0x31, 0x65, 0x15, 0x16, 0xE3, 0xC3, 0x1F, 0x1E, 0xBF, 0x82, 0xE8, 0x3B, 0x6D,
    0x1A, 0x1C, 0x17, 0x00, 0xE0, 0x9C, 0x70, 0xE8, 0xD4, 0x91, 0x06, 0xE0, 0xB5, 0xCD, 0xD0, 0x9C,
    0x17, 0x70, 0x3D, 0x35, 0xBC, 0xA9, 0xA1, 0x5A, 0x80, 0x3A, 0xB9, 0x4F, 0x7B, 0x22, 0x1B, 0x11,
    0x8E, 0x48, 0x47, 0xC4, 0x23, 0xF2, 0x11, 0x01, 0x4F, 0xBC, 0x7E, 0x03, 0x24, 0x3D, 0x25, 0x17,
    0x60, 0xE0, 0x62, 0x01, 0xCC, 0xD9, 0x94, 0xC7, 0x56, 0x71, 0x1B, 0x87, 0x30, 0x4F, 0xE2, 0xB4,
    0xCD, 0x4C, 0x7E, 0x76, 0xCE, 0x78, 0x6C, 0x8A, 0x11, 0x14, 0x70, 0x03, 0xA6, 0xB0, 0x67, 0xB9,
    0x08, 0x00, 0x3A, 0x62, 0xA4, 0x77, 0x21, 0x59, 0x00, 0xBB, 0x9B, 0x01, 0x7D, 0x31, 0x19, 0xB2,
    0x2D, 0xD9, 0xF1, 0x46, 0xD2, 0x3C, 0xDB, 0x93, 0x7C, 0x74, 0x76, 0x30, 0x62, 0xF9, 0x67, 0x2E,
    0x6D, 0x85, 0x7D, 0x68, 0xD3, 0x13, 0x87, 0xA6, 0x96, 0xC1, 0x4E, 0xF9, 0xA6, 0xA9, 0xD1, 0xF4,
    0x2A, 0xC9, 0xA8, 0x18, 0xA1, 0xEF, 0x1F, 0x91, 0x04, 0x0F, 0xBF, 0x07, 0x88, 0x03, 0x48, 0xE7,
    0xA0, 0x27, 0x50, 0x8C, 0xE0, 0xBA, 0x02, 0x80, 0x9D, 0x9E, 0xF5, 0x8E, 0x95, 0xF7, 0x66, 0x46,
    0xB9, 0x1C, 0x6D, 0x32, 0x72, 0xF2, 0x55, 0x7C, 0x96, 0xAB, 0x18, 0xAD, 0xA9, 0xD2, 0x05, 0x59,
    0x98, 0x46, 0x13, 0x1D, 0xE0, 0x41, 0x78, 0xCE, 0xCB, 0x86, 0xE5, 0x55, 0x47, 0xB5, 0x84, 0x64,
    0x1F, 0x00, 0xD0, 0xB4, 0xA8, 0xC8, 0x2E, 0x03, 0xF0, 0x3A, 0x1B, 0xE3, 0x3F, 0x2F, 0xE0, 0xBB,
    0x27, 0xAA, 0x1B, 0xD5, 0x6E, 0x9E, 0xFF, 0x74, 0x16, 0xDC, 0x1C, 0x3B, 0x06, 0xE4, 0xEA, 0x25,
    0xC3, 0x6C, 0x9E, 0x7B, 0x53, 0x9C, 0x2F, 0x02, 0x7F, 0x05, 0x68, 0x10, 0xF5, 0xCA, 0x36, 0x7F,
    0x01, 0xF2, 0x53, 0x50, 0x26, 0xAA, 0x01, 0x61, 0x37, 0xCF, 0x0F, 0x40, 0x05, 0xE2, 0x81, 0x23,
    0xFD, 0xA8, 0x65, 0x8B, 0x5D, 0x0E, 0xB8, 0x88, 0xA7, 0x14, 0x9E, 0x22, 0x89, 0x92, 0x2D, 0x13,
    0xD9, 0x30, 0x1D, 0x12, 0xE8, 0xED, 0x43, 0xAF, 0x42, 0xF0, 0xFA, 0xA7, 0x7F, 0xD2, 0x27, 0xD0,
    0x76, 0x48, 0xA0, 0x48, 0x97, 0x47, 0x8D, 0x49, 0x5D, 0x89, 0xB2, 0x05, 0xDA, 0xAE, 0xED, 0xD2,
    0xDB, 0xFD, 0x89, 0x1F, 0xEC, 0xDE, 0x00, 0x3C, 0x83, 0x92, 0x5E, 0x43, 0xDC, 0x1F, 0x20, 0x3F,
    0x3E, 0x42, 0x2E, 0x67, 0xA8, 0x36, 0x43, 0xD9, 0x0C, 0x6D, 0x72, 0x34, 0x23, 0x34, 0x25, 0x39,
    0x05, 0x23, 0x26, 0xC3, 0x7A, 0x0A, 0xA6, 0x51, 0x1D, 0xEC, 0x73, 0x99, 0x24, 0x42, 0x11, 0xA9,
    0x6A, 0xF2, 0x10, 0x82, 0xA9, 0xE2, 0x85, 0xD4, 0xE1, 0x51, 0x56, 0x78, 0xF4, 0xED, 0xF7, 0xE3,
    0x25, 0x84, 0x16, 0xFD, 0x8D, 0x3F, 0x6D, 0xE8, 0x09, 0xE9, 0xD3, 0x27, 0x63, 0x94, 0xA3, 0x44,
    0x5B, 0x22, 0xA5, 0x61, 0x82, 0x86, 0x29, 0xD9, 0x00, 0x23, 0x5B, 0x5E, 0xB8, 0xBD, 0x5F, 0x85,
    0x56, 0x39, 0x94, 0x45, 0xFF, 0x75, 0xAB, 0xF7, 0xE6, 0xFA, 0xB3, 0x45, 0x66, 0x8B, 0x88, 0x31,
    0x66, 0x52, 0x32, 0x2D, 0xE8, 0x26, 0xF8, 0x29, 0x7E, 0x2E, 0x7C, 0x97, 0xB4, 0x80, 0xF2, 0x2F,
    0x65, 0x47, 0xBE, 0xC8, 0x1B, 0x04, 0x1C, 0x80, 0x47, 0x78, 0x12, 0x8F, 0x6C, 0x7B, 0x3C, 0xE9,
    0x48, 0x1D, 0xCA, 0xA1, 0x2D, 0xDA, 0xA0, 0x21, 0x83, 0x1C, 0xC6, 0x50, 0x42, 0x01, 0x80, 0x76,
    0xED, 0xF8, 0x37, 0xCD, 0x77, 0xF7, 0xDC, 0x97, 0x77, 0x00, 0x00, 0xE9, 0xFA, 0x31, 0x60, 0x9C,
    0xFA, 0xAB, 0xD1, 0xF1, 0x5F, 0x4D, 0x20, 0x0D, 0x4E, 0x05, 0x0B, 0x4F, 0x33, 0xE9, 0xCE, 0x21,
    0x59, 0x00, 0x9E, 0x60, 0x3A, 0x40, 0xD1, 0xAA, 0x77, 0x9C, 0x0C, 0x86, 0xD7, 0x9F, 0x6E, 0xA5,
    0xA6, 0x48, 0xDC, 0x95, 0xD4, 0xEA, 0x40, 0xD2, 0x3D, 0xC9, 0xD4, 0x3B, 0x9C, 0x61, 0x6E, 0x02,
    0x35, 0xCC, 0xA1, 0x3B, 0x8B, 0xC4, 0xF0, 0xFB, 0x50, 0xC0, 0xC4, 0x50, 0x35, 0xEC, 0x00, 0x5B,
    0x90, 0x19, 0x72, 0xC3, 0x16, 0x00, 0x40, 0x31, 0x8C, 0x1A, 0xA6, 0x2B, 0x23, 0x0C, 0x46, 0x92,
    0x95, 0x91, 0x01, 0xEC, 0xD8, 0x4E, 0x61, 0xA8, 0x1C, 0x5B, 0xC0, 0x65, 0x6A, 0x6A, 0xE0, 0x00,
    0x2F, 0x7C, 0xE2, 0x65, 0x2B, 0x1B, 0xE9, 0x52, 0xA7, 0x9C, 0xB6, 0xDA, 0x68, 0x32, 0x72, 0xC6,
    0x94, 0x14, 0x80, 0x74, 0x32, 0xDE, 0x57, 0xEB, 0xFB, 0xA3, 0xE1, 0xFE, 0x04, 0x0E, 0xB6, 0x0D,
    0x5E, 0x5B, 0x71, 0xA2, 0x06, 0x95, 0xCD, 0x89, 0x10, 0x72, 0x05, 0xDA, 0x4E, 0xD0, 0xC3, 0x96,
    0x31, 0x27, 0xA3, 0x23, 0xC7, 0x33, 0x16, 0x9E, 0x72, 0x15, 0x91, 0x3D, 0x23, 0xA9, 0x83, 0xBB,
    0x16, 0xB1, 0x04, 0x00, 0x76, 0xB7, 0x10, 0x5D, 0x66, 0x92, 0x2E, 0x37, 0xF1, 0xF7, 0x89, 0xE7,
    0x5B, 0x0C, 0x52, 0x6E, 0x82, 0xB2, 0x53, 0xB4, 0xE9, 0xD0, 0x78, 0x32, 0x3C, 0xB9, 0xF0, 0x8C,
    0x92, 0x96, 0x52, 0x36, 0x14, 0xAB, 0x53, 0xE5, 0x60, 0x57, 0x59, 0xD0, 0x06, 0x31, 0x03, 0xB9,
    0xCA, 0xDB, 0x00, 0x40, 0xEA, 0x81, 0x6C, 0x01, 0xD4, 0xA3, 0x61, 0xD2, 0x55, 0xDA, 0x45, 0x0F,
    0x17, 0x8E, 0x2F, 0x39, 0xC0, 0x08, 0xA0, 0x04, 0x28, 0xD6, 0x97, 0x1A, 0x60, 0x0A, 0xD0, 0x01,
    0x78, 0x40, 0x78, 0x86, 0x65, 0x91, 0x7F, 0xE0, 0x40, 0x05, 0xD6, 0x33, 0x5E, 0x83, 0x64, 0x01,
    0xEA, 0xD7, 0x30, 0xD2, 0xC3, 0x29, 0xFB, 0xC4, 0xBA, 0xE0, 0x34, 0x2E, 0x68, 0x06, 0x91, 0x01,
    0xA3, 0xD3, 0x27, 0x08, 0x26, 0xC0, 0x14, 0xE8, 0xE0, 0x05, 0x0F, 0x95, 0x83, 0x2D, 0x80, 0x03,
    0x5E, 0xC7, 0x8B, 0x4E, 0xF8, 0xB4, 0x49, 0x7C, 0x66, 0x64, 0xFB, 0x16, 0xF2, 0x5F, 0xE7, 0xC8,
    0x5B, 0x2D, 0xE9, 0x27, 0x4D, 0xA4, 0x69, 0xD1, 0x9D, 0x47, 0x37, 0xDD, 0xF0, 0x48, 0x32, 0x0A,
    0x72, 0xC6, 0x8C, 0xC9, 0x29, 0xD1, 0xAC, 0xF7, 0xBB, 0xE7, 0x80, 0xDC, 0x80, 0x8A, 0xFA, 0x00,
    0xF8, 0x25, 0x9C, 0xBD, 0xE7, 0xB1, 0xDA, 0x31, 0x6B, 0xD4, 0x47, 0x1E, 0xF5, 0xAE, 0x43, 0x5F,
    0x05, 0x3D, 0x03, 0x1D, 0x0C, 0xF9, 0x2D, 0x47, 0x2E, 0x1D, 0x65, 0xD2, 0x52, 0xE0, 0xA3, 0x3A,
    0x18, 0x38, 0x81, 0x1A, 0x28, 0x86, 0xB4, 0x83, 0xB2, 0x00, 0x83, 0x2D, 0xD2, 0x33, 0x6C, 0x65,
    0x8F, 0xB6, 0x85, 0x6A, 0x7B, 0xD2, 0x39, 0x98, 0x27, 0x0B, 0xE5, 0x2A, 0xF8, 0x38, 0x00, 0x72,
    0xCB, 0x4D, 0x64, 0x8B, 0x80, 0xA4, 0x39, 0x23, 0x8E, 0xF5, 0x43, 0x71, 0xBC, 0x8E, 0xB4, 0xC5,
    0x30, 0xE0, 0x69, 0xA7, 0xDE, 0x87, 0x1A, 0x0A, 0xB6, 0x3B, 0x76, 0x2C, 0x5C, 0xA1, 0xA0, 0xA0,
    0x66, 0x4A, 0x87, 0xC7, 0x27, 0x3E, 0x59, 0xC7, 0xE4, 0x10, 0x7B, 0x4E, 0x3B, 0xF8, 0x22, 0xDA,
    0x4A, 0x77, 0xD5, 0xFC, 0x10, 0x00, 0x34, 0x07, 0xE7, 0xF0, 0xBF, 0x23, 0xFC, 0x97, 0x12, 0x7F,
    0x59, 0xB6, 0xE7, 0x1F, 0x77, 0xEA, 0x94, 0xE4, 0x67, 0xC8, 0x8F, 0x91, 0xFF, 0x82, 0xFA, 0x67,
    0xD4, 0xF7, 0x9F, 0x7D, 0xB1, 0x6F, 0x2A, 0xB7, 0xD0, 0x76, 0xAE, 0xCD, 0xF9, 0x87, 0x67, 0x7C,
    0xA4, 0x63, 0x35, 0xA3, 0x8A, 0xB2, 0xA2, 0xF8, 0xC2, 0x23, 0xE6, 0xBA, 0xF8, 0x30, 0xCD, 0x73,
    0xDC, 0x5F, 0x10, 0x5A, 0x75, 0x8F, 0xCA, 0xF3, 0x07, 0x27, 0x37, 0xB9, 0xB0, 0x8C, 0xE3, 0xF4,
    0x5E, 0x88, 0xF8, 0x1F, 0x92, 0x60, 0xE5, 0x92, 0xBD, 0x96, 0x1F, 0x47, 0xCE, 0x87, 0x36, 0xE9,
    0xCC, 0xA0, 0x1D, 0x02, 0x00, 0x40, 0x76, 0xA0, 0x2D, 0xBC, 0x05, 0xEC, 0xC2, 0x01, 0xCF, 0xB1,
    0xA0, 0x14, 0x0B, 0x8A, 0xE4, 0x88, 0x42, 0xDE, 0xA5, 0x8E, 0x5E, 0x9B, 0xCA, 0x8F, 0x6D, 0x97,
    0xDE, 0x72, 0x3E, 0xE6, 0x11, 0xAF, 0xDF, 0xFE, 0x0F, 0xAF, 0xBF, 0xF6, 0x9B, 0x56, 0xF3, 0xDB,
    0x26, 0x8B, 0x73, 0x8C, 0xD8, 0x73, 0x63, 0x2A, 0x57, 0x92, 0xDB, 0x82, 0xCC, 0xC0, 0x4E, 0x54,
    0x0E, 0xD4, 0x90, 0xB4, 0x90, 0x5A, 0x00, 0xE0, 0x29, 0x4A, 0x86, 0x8D, 0xF0, 0x00, 0x97, 0x81,
    0x1C, 0xD0, 0x20, 0x3E, 0x1C, 0xB0, 0x80, 0x83, 0x88, 0x13, 0x69, 0x22, 0x4C, 0x64, 0x89, 0x28,
    0x91, 0x24, 0x82, 0x44, 0x8E, 0x88, 0x11, 0x29, 0x22, 0xC4, 0xC0, 0x00, 0x07, 0xC7, 0x2F, 0xEE,
    0x9C, 0x9D, 0x75, 0xF0, 0x76, 0x88, 0x07, 0x0D, 0xCC, 0x80, 0x0B, 0x9B, 0x01, 0x7D, 0x2E, 0xB1,
    0x5C, 0x52, 0x16, 0xFD, 0x6D, 0x90, 0x8B, 0x81, 0xF2, 0xA9, 0x1D, 0x07, 0xE4, 0x06, 0x2A, 0x07,
    0xF9, 0xF1, 0x76, 0x6B, 0x21, 0x43, 0xEC, 0x4F, 0xD5, 0xDF, 0x2F, 0x50, 0x47, 0x1F, 0xA2, 0x9B,
    0x31, 0xDA, 0x8C, 0xC9, 0x1E, 0x32, 0x32, 0x67, 0x42, 0x47, 0x8D, 0x67, 0x2A, 0x3C, 0x07, 0xDF,
    0x36, 0xFC, 0x36, 0xB4, 0x22, 0xFC, 0xC0, 0x27, 0x0B, 0xE6, 0xD2, 0x53, 0xCB, 0x26, 0xCA, 0x31,
    0x49, 0x1D, 0xB5, 0x8A, 0xD2, 0x96, 0x18, 0x0A, 0x74, 0x1A, 0xE1, 0x33, 0xA4, 0xCF, 0x91, 0xBD,
    0x71, 0x57, 0x26, 0x33, 0x0A, 0xB9, 0x00, 0xCC, 0xE3, 0x38, 0x7C, 0x5E, 0xB0, 0x2E, 0x0B, 0x5A,
    0xFE, 0xD0, 0x31, 0xB3, 0x5C, 0x00, 0x15, 0x5C, 0x94, 0x05, 0x60, 0xFB, 0x53, 0xD8, 0x0B, 0x24,
    0x47, 0x99, 0x4B, 0x1B, 0xD9, 0x6A, 0x9B, 0xF8, 0x1C, 0xFC, 0x18, 0xBA, 0x22, 0x6A, 0x02, 0xBE,
    0x1E, 0x94, 0x44, 0xC9, 0x76, 0x32, 0x64, 0x66, 0x6D, 0x73, 0xF6, 0x56, 0x1D, 0xAD, 0x06, 0x2E,
    0x40, 0xDF, 0x9A, 0xAE, 0x96, 0xC0, 0x89, 0x1E, 0xDB, 0x4D, 0xE5, 0xF2, 0x8C, 0x6C, 0x84, 0x2E,
    0xC9, 0x0A, 0xF2, 0x82, 0x71, 0xC9, 0x64, 0x1C, 0x53, 0xF3, 0xDD, 0x36, 0x0D, 0x86, 0xDD, 0xB3,
    0x8F, 0x6B, 0x1B, 0x22, 0x7A, 0x64, 0x33, 0x7A, 0xDD, 0x63, 0xBB, 0x49, 0x04, 0x24, 0x12, 0xAE,
    0x1E, 0xFC, 0x90, 0xD0, 0x88, 0x94, 0x44, 0x4C, 0x22, 0x27, 0x11, 0x94, 0x9E, 0xF4, 0x18, 0x15,
    0xA8, 0x2B, 0x10, 0x7E, 0x0E, 0xE9, 0xDB, 0x0D, 0x6C, 0x09, 0x06, 0xE0, 0x81, 0x78, 0x40, 0xA6,
    0x67, 0xA6, 0x87, 0xA6, 0xA7, 0xA6, 0xC7, 0xA6, 0xE7, 0xA6, 0x07, 0xA7, 0x27, 0xA7, 0x47, 0xA7,
    0x67, 0xA7, 0x87, 0xA7, 0xA7, 0xA7, 0xC7, 0x1F, 0xF8, 0x87, 0x05, 0x1C, 0xAF, 0xE0, 0xE0, 0x80,
    0xE4, 0xE7, 0x91, 0xE1, 0x1D, 0x87, 0xD6, 0xF0, 0xA5, 0x2F, 0x3D, 0xDB, 0x12, 0xC4, 0x1B, 0x87,
    0x87, 0x0C, 0x27, 0x05, 0xC4, 0xF2, 0x07, 0xB7, 0xDF, 0x23, 0x6D, 0xA5, 0x03, 0x6D, 0x95, 0x83,
    0x1C, 0x65, 0x61, 0x8C, 0x36, 0x50, 0xA0, 0x0F, 0xF7, 0x99, 0xA0, 0x43, 0x4B, 0x4D, 0xFE, 0x0D,
    0x43, 0xCD, 0x08, 0xA8, 0x29, 0x81, 0x09, 0x05, 0x30, 0xA6, 0x00, 0x72, 0x5B, 0x03, 0x2A, 0x9A,
    0x6C, 0x60, 0x16, 0x82, 0x83, 0x6D, 0x13, 0xF9, 0x66, 0xBE, 0xEA, 0xE4, 0xBD, 0xFA, 0x5E, 0xAD,
    0x5C, 0xE5, 0xAE, 0x64, 0xE4, 0xE6, 0xD2, 0xA8, 0xC7, 0x8C, 0x8C, 0xE1, 0x28, 0x42, 0xF6, 0x4D,
    0x93, 0x31, 0x94, 0xCC, 0x88, 0x9C, 0x81, 0x08, 0x7A, 0xEB, 0x76, 0x9B, 0x86, 0x24, 0x34, 0xEC,
    0xAE, 0x9F, 0x9F, 0x6A, 0xA1, 0x02, 0xE6, 0x20, 0x0C, 0x1C, 0xFE, 0x2D, 0x84, 0x60, 0xC5, 0x67,
    0x57, 0x9B, 0x64, 0x28, 0x3A, 0x85, 0x97, 0x4D, 0x94, 0x93, 0xED, 0x90, 0xE6, 0x6E, 0x07, 0xA3,
    0xC3, 0x1C, 0xFD, 0x4E, 0x83, 0x4E, 0x56, 0x85, 0x1D, 0x73, 0xC6, 0x4C, 0x28, 0x29, 0x29, 0xC8,
    0x81, 0x6F, 0x21, 0x3A, 0xD2, 0x86, 0x0C, 0x5E, 0x06, 0x40, 0xEC, 0xCB, 0x8F, 0x1B, 0xB9, 0xB4,
    0xCA, 0xA3, 0xDC, 0xD9, 0x99, 0xAC, 0x60, 0x23, 0x93, 0x3F, 0xB4, 0x77, 0xDE, 0x84, 0xE4, 0x00,
    0xE0, 0x22, 0xC5, 0x11, 0xD5, 0xA7, 0xCC, 0xA0, 0x7E, 0x64, 0x19, 0x0E, 0x6C, 0x83, 0x1A, 0x7E,
    0xE7, 0x96, 0xBF, 0x04, 0x00, 0xF4, 0xD7, 0x5B, 0xE4, 0x71, 0xFD, 0xFB, 0xEA, 0x46, 0x40, 0xC5,
    0xFE, 0x45, 0xFC, 0x84, 0x1F, 0x79, 0x2A, 0x47, 0xF6, 0x24, 0x5E, 0x02, 0x20, 0x73, 0xD0, 0x2F,
    0xCD, 0x83, 0x30, 0xA0, 0x5A, 0x98, 0x2D, 0x11, 0xF7, 0xAE, 0x5A, 0xD9, 0x4A, 0xA4, 0x5B, 0x15,
    0x7F, 0x1D, 0xB0, 0x04, 0xAA, 0x06, 0xD4, 0x1C, 0x38, 0x02, 0xC6, 0x83, 0xBE, 0x1C, 0x75, 0x93,
    0x9A, 0xEA, 0x4E, 0x87, 0x5A, 0x47, 0xF4, 0xF3, 0x0C, 0x76, 0xC5, 0xAA, 0x63, 0x7E, 0x0E, 0x18,
    0x6E, 0x1B, 0x08, 0x1E, 0xF9, 0x9F, 0x37, 0xD6, 0xB5, 0xF0, 0xDA, 0x76, 0xEE, 0x40, 0xB6, 0x20,
    0x3C, 0x97, 0x93, 0x96, 0xEA, 0xEF, 0x1C, 0xEA, 0x64, 0x44, 0x8B, 0x05, 0xA4, 0x01, 0x72, 0x65,
    0xB9, 0x20, 0xCC, 0xC6, 0x58, 0x93, 0x7D, 0x94, 0x27, 0x9F, 0x52, 0x17, 0xB4, 0xE7, 0x56, 0x94,
    0xC1, 0x47, 0x46, 0xE9, 0xE8, 0x47, 0x07, 0xCB, 0x01, 0x2F, 0xD2, 0x09, 0x1F, 0xD9, 0x22, 0x5A,
    0x4F, 0xB6, 0xCB, 0x46, 0x18, 0x6E, 0x00, 0xFE, 0x44, 0xA1, 0xDC, 0xC1, 0x8E, 0x7D, 0x7C, 0x0A,
    0x4F, 0xD2, 0x22, 0xE6, 0xF0, 0x26, 0x3B, 0x9E, 0x73, 0x06, 0x00, 0xB2, 0xD4, 0xA1, 0x3E, 0x58,
    0x9F, 0x84, 0x36, 0xE6, 0xAC, 0xD7, 0x56, 0x9F, 0x43, 0x46, 0xF5, 0xFA, 0x73, 0xC8, 0xB3, 0x3C,
    0xD8, 0x9D, 0xD8, 0x59, 0xCD, 0x43, 0x70, 0xCF, 0x7F, 0x70, 0x68, 0xC8, 0x80, 0x9C, 0xD3, 0xA7,
    0xA0, 0xC9, 0x89, 0xEF, 0x34, 0xC7, 0x4D, 0xA1, 0x87, 0x4E, 0x26, 0xA0, 0x0C, 0xA4, 0x0D, 0x88,
    0x96, 0x3E, 0x79, 0xF2, 0x47, 0x00, 0x24, 0x8D, 0x74, 0x7D, 0x59, 0xBD, 0xB7, 0xBC, 0xFA, 0xAB,
    0xD3, 0x07, 0xDA, 0x09, 0xD5, 0x41, 0xEE, 0x35, 0x97, 0xC8, 0xAC, 0xB4, 0x57, 0xF9, 0x25, 0x00,
    0x49, 0x3B, 0x81, 0x07, 0x1E, 0x2A, 0x0B, 0x5B, 0xF0, 0x95, 0xC3, 0x43, 0x66, 0x21, 0xF0, 0xC6,
    0x87, 0xEF, 0x3D, 0x36, 0x49, 0xDA, 0xD3, 0x9C, 0x38, 0xDE, 0x01, 0x88, 0x86, 0xC4, 0xC5, 0x91,
    0xFC, 0x9B, 0x95, 0xFF, 0x68, 0xE4, 0x4F, 0x48, 0x1D, 0x7B, 0x4B, 0xAE, 0xFE, 0xEA, 0xEC, 0xF6,
    0xC1, 0x84, 0x48, 0x47, 0xEE, 0x11, 0x9F, 0x83, 0x10, 0xB5, 0x17, 0x1C, 0x7F, 0x7E, 0xDF, 0x7E,
    0x2E, 0xC2, 0x0D, 0xF0, 0xAB, 0xFA, 0x22, 0x0B, 0xF6, 0x85, 0xFB, 0x66, 0x7D, 0x78, 0x98, 0x9D,
    0x00, 0xC9, 0x40, 0x7F, 0x8A, 0x5A, 0x80, 0x01, 0x00, 0xDD, 0x5C, 0xA7, 0xBA, 0xDF, 0xF2, 0xF2,
    0x70, 0xF4, 0x24, 0xB1, 0xBC, 0xB6, 0xFA, 0x2A, 0xE5, 0x95, 0x15, 0x5E, 0xDB, 0xE4, 0xB8, 0xA9,
    0xD6, 0x64, 0x48, 0x37, 0x7C, 0xF0, 0x41, 0x1D, 0x37, 0xD5, 0x4C, 0x14, 0x25, 0x23, 0x2A, 0x26,
    0xE8, 0x07, 0xF3, 0xD3, 0x19, 0xFF, 0xC3, 0x14, 0x11, 0xFE, 0x06, 0xF9, 0xD1, 0x11, 0xC2, 0x5C,
    0x03, 0x00, 0x58, 0x27, 0xC7, 0x93, 0x35, 0x59, 0x41, 0xC7, 0x64, 0x55, 0x93, 0xCD, 0x93, 0x28,
    0xDD, 0x32, 0x9B, 0x35, 0x54, 0xBF, 0x70, 0x6C, 0x71, 0xEA, 0x23, 0xD0, 0xE6, 0x18, 0xDF, 0xB8,
    0x46, 0x98, 0x9F, 0xC4, 0xCA, 0x4E, 0x97, 0x6B, 0x11, 0x28, 0xF2, 0x44, 0x9C, 0x48, 0x13, 0x61,
    0x22, 0xCB, 0x80, 0x02, 0xFC, 0xEE, 0xA9, 0x0F, 0x41, 0x1B, 0xF5, 0x5A, 0x7B, 0x0E, 0x5F, 0x30,
    0xEB, 0xC8, 0xEC, 0x93, 0x71, 0x89, 0x25, 0xC8, 0x77, 0x21, 0x4D, 0x41, 0xFE, 0x1A, 0xB8, 0xB6,
    0x39, 0x2E, 0xD5, 0x50, 0x5E, 0xE7, 0xA5, 0x97, 0x78, 0xF9, 0x3A, 0x79, 0xF3, 0xE4, 0xFE, 0x62,
    0x31, 0x26, 0x69, 0x3B, 0xD4, 0x1F, 0x3B, 0xBE, 0x20, 0x36, 0xC7, 0x95, 0xBC, 0x6D, 0x51, 0xEF,
    0x5A, 0x2E, 0x69, 0x28, 0x0A, 0xF8, 0xCE, 0x77, 0x9E, 0xE9, 0x2D, 0x7B, 0x5A, 0xAE, 0xFC, 0x24,
    0xD7, 0x3D, 0xD6, 0x47, 0x12, 0xF5, 0xFD, 0xA8, 0x05, 0x88, 0xFD, 0x13, 0x1E, 0xFB, 0x7F, 0x8D,
    0xDB, 0x1A, 0x3F, 0x4D, 0xFC, 0x42, 0x45, 0x8F, 0xB5, 0xD5, 0xCF, 0xDD, 0xD6, 0xA9, 0xFE, 0x5E,
    0xC3, 0xDA, 0x83, 0x7B, 0x80, 0x08, 0x0E, 0xD4, 0x47, 0x2D, 0x43, 0xEF, 0xFA, 0x45, 0x5E, 0xE7,
    0xB5, 0x9A, 0x05, 0xBE, 0x16, 0x8B, 0xC4, 0xD7, 0x72, 0x21, 0x9B, 0x3A, 0xAD, 0x53, 0x57, 0xEB,
    0x89, 0xB2, 0xB5, 0x2E, 0x34, 0xD3, 0x2B, 0xC5, 0x88, 0x69, 0x51, 0xC4, 0xD9, 0xE2, 0x95, 0xA9,
    0x2F, 0xA6, 0xFC, 0xA8, 0x2D, 0x3C, 0x3F, 0x76, 0x65, 0x1B, 0x2F, 0x95, 0x63, 0x66, 0xE2, 0x25,
    0x50, 0x19, 0x96, 0x54, 0x00, 0x97, 0x01, 0x02, 0x20, 0xEF, 0x1A, 0xD0, 0xF1, 0x89, 0x71, 0x25,
    0x71, 0x00, 0x70, 0x9E, 0x5D, 0x61, 0x26, 0x89, 0x57, 0xAE, 0x90, 0x3E, 0xAE, 0x5F, 0xF9, 0x8C,
    0x42, 0xDF, 0x28, 0x29, 0x2E, 0xDD, 0x28, 0x28, 0x8A, 0x1B, 0xD3, 0xFE, 0xE2, 0x29, 0x6F, 0xFC,
    0x43, 0x4B, 0xE9, 0xBF, 0xE7, 0x18, 0xB5, 0xDF, 0xB3, 0xE4, 0x6E, 0x0F, 0x72, 0xBB, 0x07, 0x00,
    0x95, 0xE1, 0x81, 0x8B, 0x0D, 0xF8, 0xB8, 0x86, 0xD7, 0xB8, 0x38, 0xA7, 0xA8, 0x99, 0x17, 0x89,
    0x2F, 0xA4, 0x1B, 0x6B, 0x9B, 0x67, 0xE8, 0x02, 0xDD, 0xA1, 0xFC, 0xD9, 0xBD, 0x0F, 0xF8, 0x16,
    0xB0, 0x04, 0xF9, 0x09, 0xE8, 0x57, 0x2C, 0x5F, 0x3D, 0x86, 0x83, 0xC4, 0x8B, 0xF8, 0x4F, 0xB6,
    0xF8, 0xD4, 0x11, 0xF9, 0xE8, 0x32, 0x98, 0x96, 0xF0, 0xE6, 0x04, 0x26, 0x1D, 0x11, 0x09, 0x2A,
    0x17, 0x65, 0x59, 0x27, 0xA2, 0x09, 0xD0, 0x41, 0xD5, 0xC2, 0x9E, 0x05, 0x00, 0x81, 0x89, 0x7C,
    0x71, 0x00, 0x4F, 0x85, 0x08, 0x90, 0x7A, 0xC8, 0x0C, 0xD4, 0xC0, 0x6E, 0xBF, 0xCF, 0x5F, 0x63,
    0x16, 0xE6, 0xBC, 0xF1, 0xFE, 0x2A, 0xA9, 0x6A, 0x03, 0x63, 0xA0, 0x06, 0xE1, 0x41, 0x36, 0xA0,
    0xED, 0x99, 0xB7, 0xF2, 0x10, 0xA8, 0xA2, 0x60, 0xC7, 0xAC, 0x6B, 0x70, 0xD9, 0x82, 0x32, 0xC0,
    0x0A, 0x39, 0x04, 0xC4, 0xE1, 0x11, 0xEB, 0xFF, 0xD3, 0x0E, 0xF2, 0x87, 0x6D, 0x55, 0xA1, 0x8D,
    0xF2, 0xC0, 0x73, 0xC0, 0x18, 0x28, 0x01, 0x36, 0xC4, 0x67, 0x90, 0xBE, 0x1F, 0x98, 0x35, 0xD5,
    0x00, 0x35, 0xEF, 0x91, 0xB4, 0x23, 0x87, 0x1A, 0xE1, 0x91, 0x0D, 0xDA, 0xF6, 0x2C, 0x03, 0x0A,
    0xD0, 0xFB, 0x3A, 0x79, 0xE0, 0x20, 0x00, 0x17, 0x36, 0x43, 0x73, 0x39, 0xB1, 0x5C, 0xD1, 0x06,
    0x5D, 0x82, 0x1A, 0xBC, 0xF2, 0x0C, 0xDE, 0x82, 0x3D, 0x47, 0xB0, 0xB2, 0x65, 0x9D, 0x57, 0xF7,
    0x2C, 0xB9, 0xF9, 0x9C, 0xCF, 0x00, 0xFF, 0x07, 0xCD, 0xD9, 0x3D, 0xCC, 0x25, 0x59, 0x99, 0xD8,
    0xF1, 0x5F, 0xD5, 0xD9, 0xE9, 0xEB, 0xED, 0x12, 0x73, 0xB0, 0x34, 0x48, 0x30, 0xBB, 0xA6, 0x08,
    0xC7, 0x18, 0xDE, 0x72, 0xB0, 0xC1, 0x58, 0xBA, 0x1F, 0xB5, 0x10, 0x38, 0x70, 0xB0, 0x1D, 0xC0,
    0x3A, 0x70, 0x30, 0xC4, 0xC8, 0x62, 0x1C, 0x38, 0x18, 0x59, 0xB7, 0xE9, 0x62, 0xC9, 0xE5, 0x76,
    0xB2, 0x1B, 0x6C, 0xC0, 0x04, 0x04, 0xB8, 0x1D, 0x74, 0x07, 0x13, 0xBC, 0x36, 0x77, 0xE6, 0x3D,
    0x2C, 0x96, 0x08, 0x36, 0x98, 0xEB, 0x00, 0x6D, 0x40, 0x40, 0x99, 0xF5, 0xAC, 0x56, 0x10, 0xCC,
    0xB1, 0xA7, 0xD0, 0x56, 0x0F, 0xB7, 0xDF, 0xF2, 0xAD, 0xDB, 0x57, 0xD3, 0x6D, 0x64, 0x8C, 0x81,
    0x66, 0xB4, 0xFD, 0xD6, 0x73, 0xEE, 0x4D, 0xCE, 0x7D, 0xFE, 0xE7, 0x3C, 0xF5, 0x7C, 0x36, 0x9E,
    0xC7, 0x27, 0x71, 0xE1, 0xC6, 0xDF, 0x6E, 0xDD, 0x99, 0xFA, 0xF2, 0x51, 0x9D, 0x16, 0xFB, 0xD0,
    0xC7, 0xAE, 0xCC, 0x0D, 0x79, 0xCD, 0xB0, 0x64, 0xD8, 0x92, 0x77, 0x27, 0x29, 0x8F, 0x12, 0xFA,
    0xAD, 0x45, 0x5A, 0x89, 0x5D, 0xE3, 0x8E, 0xF8, 0xB3, 0x83, 0x30, 0xF5, 0xBC, 0x00, 0x20, 0x7F,
    0x20, 0x37, 0xBE, 0xBE, 0x77, 0x35, 0xB5, 0xE1, 0xE1, 0x9B, 0xAA, 0xD4, 0xA8, 0xD5, 0x2E, 0x44,
    0x2B, 0xB5, 0xA5, 0xC6, 0xD2, 0xDA, 0xCA, 0xD6, 0xBA, 0x18, 0xD4, 0xEF, 0xF6, 0x16, 0x53, 0xCB,
    0x2D, 0x00, 0x8A, 0x1E, 0x7A, 0x94, 0xFB, 0xB2, 0xF3, 0x6A, 0x17, 0x92, 0x87, 0x16, 0x49, 0x56,
    0x75, 0x45, 0x36, 0x73, 0x8A, 0x6D, 0xD9, 0x8B, 0xC2, 0x5E, 0x2D, 0x24, 0x17, 0x16, 0xC9, 0x5A,
    0x95, 0xAC, 0x54, 0x9D, 0xA5, 0xD8, 0xCE, 0x0B, 0x2B, 0x17, 0x34, 0xB6, 0x8E, 0xC8, 0x23, 0x61,
    0xDA, 0xFB, 0x00, 0xFA, 0xA3, 0xC8, 0x78, 0x80, 0xCC, 0x62, 0x1F, 0x6D, 0xDA, 0x99, 0xF1, 0xC2,
    0xD6, 0xCA, 0xCE, 0xD2, 0x68, 0x69, 0xB0, 0x95, 0x5D, 0x16, 0xD9, 0x58, 0x1E, 0x25, 0xF6, 0xAE,
    0xAE, 0xF6, 0x36, 0x7F, 0x9D, 0x3C, 0xE7, 0xE7, 0xFE, 0xC5, 0xB0, 0x07, 0x8B, 0x1F, 0xB6, 0x20,
    0x3C, 0x02, 0x8A, 0x01, 0x40, 0x31, 0x8D, 0xCA, 0x69, 0xCA, 0x47, 0xE9, 0xC2, 0xF1, 0x33, 0xF4,
    0x75, 0x4F, 0xB5, 0x0F, 0xFB, 0x72, 0xA0, 0x9E, 0x0F, 0x3B, 0xB2, 0xB1, 0x48, 0x0E, 0x1C, 0x54,
    0xC9, 0x6C, 0x00, 0xB1, 0xB3, 0xB3, 0xD8, 0x8B, 0xAD, 0x9D, 0xD8, 0x89, 0x1C, 0x6C, 0x68, 0x18,
    0x1D, 0x68, 0x14, 0x43, 0x99, 0x59, 0x0B, 0x79, 0xB1, 0x67, 0xA5, 0xDA, 0xC7, 0x8E, 0xAD, 0xA6,
    0xDB, 0x60, 0x57, 0x5E, 0x3B, 0x60, 0x9A, 0x86, 0x62, 0x9A, 0x0E, 0xA6, 0xA9, 0x3D, 0x22, 0x8C,
    0x00, 0x20, 0xAF, 0x66, 0x3A, 0xB7, 0x87, 0x19, 0xCE, 0x66, 0x7F, 0x62, 0xAB, 0xDB, 0xC7, 0x68,
    0x66, 0xB2, 0x1B, 0xF7, 0xBE, 0x39, 0x83, 0xC5, 0x69, 0x9C, 0xB9, 0x9E, 0xFB, 0xE3, 0x7C, 0xC2,
    0x0A, 0xFB, 0x33, 0xD5, 0x19, 0xEA, 0xC4, 0xB4, 0x3B, 0x21, 0x15, 0xF9, 0x4C, 0x74, 0x06, 0x3A,
    0xF3, 0x9C, 0x70, 0x76, 0xCE, 0x34, 0xED, 0x63, 0x98, 0x16, 0x40, 0x91, 0x9F, 0x0F, 0x89, 0xB2,
    0xAF, 0xBE, 0x81, 0xD0, 0x87, 0x03, 0x42, 0x2A, 0x33, 0x16, 0x09, 0x3E, 0xFD, 0x2F, 0xD2, 0x97,
    0xEF, 0x29, 0xA7, 0x1F, 0x74, 0xC7, 0x7D, 0xD5, 0x3B, 0x53, 0xFB, 0xC5, 0x3B, 0xEA, 0x6E, 0xC3,
    0xED, 0xC7, 0xFA, 0x07, 0x2B, 0x8D, 0xD0, 0xDB, 0x59, 0x8B, 0xC9, 0xC1, 0xEA, 0x31, 0xD6, 0xD6,
    0x96, 0xD1, 0xA1, 0x18, 0x18, 0xCB, 0x43, 0xE8, 0xD9, 0x55, 0x63, 0xEC, 0xD8, 0xBC, 0x35, 0x34,
    0x53, 0x56, 0x0F, 0x79, 0x33, 0x65, 0x45, 0x7B, 0x26, 0x51, 0xE4, 0x32, 0x2B, 0x73, 0xE8, 0x67,
    0x90, 0xBD, 0xB0, 0x0F, 0x49, 0x48, 0x8B, 0x64, 0x91, 0xAA, 0xA4, 0x4A, 0xB1, 0x9B, 0x4F, 0xDE,
    0x8A, 0x6D, 0xA4, 0xD6, 0xD0, 0xB8, 0x60, 0x6D, 0xCD, 0xDA, 0x8A, 0x95, 0x2D, 0x5B, 0x3B, 0x76,
    0xA6, 0xA9, 0x1F, 0x4D, 0x53, 0x1A, 0x20, 0x23, 0x64, 0x8A, 0x57, 0xF6, 0x84, 0xA9, 0xA3, 0x7C,
    0x08, 0x74, 0x45, 0x16, 0x66, 0xBD, 0xA1, 0x9F, 0x09, 0xDB, 0xB0, 0x47, 0x48, 0x6E, 0xB4, 0x8B,
    0x24, 0x76, 0x55, 0x12, 0xDB, 0x59, 0xAF, 0xD8, 0xAA, 0x45, 0x1A, 0x0D, 0x6B, 0x17, 0xAC, 0xAC,
    0x59, 0x5A, 0xB1, 0xB3, 0xE5, 0xD2, 0x8E, 0x61, 0xD6, 0x9B, 0x4D, 0xD3, 0x77, 0x32, 0xCA, 0x8C,
    0xD0, 0x23, 0xEC, 0x51, 0x25, 0x8A, 0xA9, 0xC3, 0x35, 0x76, 0x45, 0xEB, 0x72, 0x91, 0x8C, 0x47,
    0xC9, 0x85, 0x22, 0x53, 0xE6, 0x9B, 0x42, 0x5F, 0x0B, 0xFB, 0x46, 0x48, 0xB3, 0xAB, 0xAD, 0x54,
    0x69, 0x29, 0x76, 0x5B, 0xB1, 0xDD, 0x89, 0x46, 0xB5, 0xC1, 0x85, 0x6C, 0x5D, 0x64, 0xAB, 0x32,
    0xDB, 0x86, 0x9E, 0xB0, 0x27, 0x24, 0xAA, 0x44, 0xEC, 0x84, 0x89, 0xF2, 0x40, 0x31, 0x58, 0x74,
    0x17, 0xE5, 0x41, 0xD5, 0xAD, 0xC3, 0x41, 0x6C, 0x57, 0xE1, 0x5A, 0xB4, 0x0D, 0xEF, 0xAA, 0xED,
    0x16, 0x6F, 0x6B, 0x8C, 0xD5, 0xBF, 0xEF, 0xD6, 0xC6, 0xF8, 0xCF, 0xD3, 0x4A, 0x8E, 0x61, 0xBF,
    0x2C, 0x72, 0x5D, 0xE6, 0x6D, 0x99, 0x1B, 0xF9, 0x32, 0xF4, 0x6B, 0xC3, 0x18, 0xF6, 0x2B, 0xBB,
    0x21, 0xA4, 0xA5, 0x55, 0x5E, 0xA4, 0xAD, 0x4D, 0xAE, 0xD2, 0x4E, 0xDD, 0xC7, 0x6E, 0x14, 0xF7,
    0xB1, 0x1D, 0x54, 0xA9, 0x06, 0x0D, 0x58, 0xC3, 0xC7, 0x0E, 0x70, 0x67, 0x80, 0x4D, 0x07, 0xFC,
    0xCE, 0x89, 0x67, 0x75, 0xE2, 0x59, 0x9D, 0x78, 0x5E, 0x38, 0xF1, 0x38, 0xF1, 0x7C, 0xE9, 0xC4,
    0x33, 0xCC, 0x3C, 0x45, 0x9E, 0x79, 0xCA, 0x13, 0x4F, 0xD9, 0xCF, 0x3C, 0x61, 0x7F, 0xE2, 0x49,
    0x33, 0xCF, 0x22, 0xCD, 0x3C, 0xD5, 0x89, 0x27, 0x76, 0x33, 0x4F, 0x6C, 0x4F, 0x3C, 0x66, 0x9E,
    0xDA, 0xCC, 0xF3, 0x14, 0x89, 0x15, 0xD8, 0x82, 0x03, 0x34, 0x19, 0x9A, 0x3D, 0x28, 0x5A, 0x58,
    0xA4, 0x27, 0x6B, 0x01, 0x28, 0xEE, 0xBE, 0xE9, 0xA6, 0xF0, 0x83, 0xA9, 0x8B, 0x47, 0xC2, 0x57,
    0x52, 0x23, 0x1C, 0x75, 0x5F, 0xA8, 0xF2, 0x63, 0xBB, 0x9C, 0x2C, 0x93, 0x62, 0xDA, 0x8A, 0x5D,
    0xEC, 0x76, 0x6A, 0xB1, 0x1D, 0x35, 0x66, 0x82, 0x8D, 0x46, 0xB6, 0xB6, 0x99, 0xAD, 0x64, 0x3D,
    0xDB, 0xC9, 0x2A, 0xF4, 0x10, 0xF6, 0x10, 0x12, 0x54, 0x09, 0x62, 0x87, 0x30, 0x41, 0x79, 0x00,
    0x14, 0x79, 0xCB, 0x7F, 0xC9, 0x6C, 0x12, 0xCF, 0xE1, 0x45, 0x6C, 0x70, 0xD5, 0xF2, 0xB3, 0x56,
    0xF9, 0x83, 0x4E, 0xF8, 0x5E, 0xE7, 0x78, 0x51, 0xEA, 0x45, 0xB2, 0x0A, 0xC9, 0xF6, 0x28, 0xD3,
    0x94, 0x8A, 0x69, 0xDA, 0x87, 0xE3, 0x5F, 0x95, 0x42, 0x3F, 0x47, 0xEF, 0x46, 0x99, 0x57, 0x47,
    0xF1, 0x52, 0xD9, 0xF9, 0x6C, 0x6C, 0xC5, 0x15, 0xD5, 0xC0, 0x63, 0x1E, 0x6E, 0xB4, 0x5C, 0xFD,
    0x5D, 0x57, 0x3E, 0xBC, 0xEA, 0x66, 0x4B, 0xC6, 0x36, 0x6A, 0xD4, 0xD6, 0x2E, 0x66, 0x76, 0x4B,
    0xCB, 0x73, 0x1A, 0x39, 0x68, 0xEE, 0x8F, 0xE2, 0xA3, 0x4B, 0x5A, 0x10, 0x3F, 0xD7, 0x87, 0x77,
    0xBB, 0xE2, 0x9A, 0x2F, 0xF0, 0x3A, 0x59, 0x91, 0x9D, 0x9C, 0x49, 0xD8, 0x0B, 0xC9, 0x22, 0xA9,
    0x92, 0xD8, 0x99, 0xD5, 0x52, 0xD3, 0xB0, 0x66, 0xC5, 0x92, 0x8F, 0x17, 0x77, 0xE3, 0x22, 0x55,
    0xF7, 0x85, 0x83, 0x32, 0x03, 0x4E, 0x4E, 0x6F, 0x76, 0xF8, 0xA7, 0x77, 0x71, 0xE1, 0xBC, 0x6B,
    0x0B, 0x88, 0x65, 0x2F, 0xFC, 0xB0, 0x55, 0x3C, 0xC2, 0x2D, 0xC7, 0x2C, 0xCB, 0x9D, 0xC9, 0xAF,
    0x9F, 0x65, 0xF7, 0xBC, 0xC0, 0x2F, 0xBE, 0xA6, 0x8E, 0xAB, 0xD1, 0xAF, 0x95, 0x6D, 0x63, 0xD8,
    0xAB, 0xDE, 0x25, 0x1C, 0x70, 0x4B, 0xD9, 0xF9, 0x52, 0x48, 0x86, 0x45, 0x92, 0xE7, 0x54, 0x3B,
    0xB3, 0xCE, 0xA6, 0x8A, 0xC2, 0xBE, 0x3E, 0xBB, 0xFE, 0x9C, 0x64, 0xE7, 0x1C, 0x3B, 0xA7, 0xD8,
    0xA3, 0x58, 0xB9, 0xB0, 0xB1, 0x9D, 0xD3, 0xEB, 0x13, 0xD6, 0xD7, 0x6F, 0xF2, 0xC6, 0x8A, 0xE5,
    0x40, 0xB3, 0x27, 0x76, 0x00, 0x67, 0xB2, 0x5F, 0x31, 0xC7, 0x2E, 0xA6, 0xA4, 0xF8, 0x62, 0x0B,
    0xEA, 0x90, 0x7C, 0x72, 0x91, 0xF0, 0xEC, 0x78, 0xB1, 0xB9, 0x06, 0x0C, 0x4B, 0x79, 0xAB, 0xFD,
    0xE8, 0x07, 0xB8, 0xB5, 0xE5, 0x11, 0x76, 0x65, 0xB7, 0x34, 0x2E, 0x0D, 0x5B, 0xF9, 0xC8, 0x79,
    0xC4, 0x3C, 0x52, 0x1E, 0x21, 0x8F, 0x8C, 0x27, 0xC4, 0x2A, 0xF1, 0x49, 0xBC, 0xE6, 0xB7, 0x47,
    0xB9, 0x25, 0x0B, 0xDD, 0xAF, 0x4F, 0xB9, 0xF8, 0xC3, 0xBD, 0xF2, 0xDD, 0x8E, 0x47, 0x4F, 0x28,
    0xEB, 0x67, 0x4C, 0xF9, 0xA9, 0xE7, 0x58, 0xDD, 0x26, 0x66, 0x8A, 0xF6, 0x44, 0x3A, 0xA3, 0xCE,
    0xAC, 0xBF, 0xD1, 0x3B, 0x10, 0xF6, 0xC8, 0x78, 0xF9, 0xB7, 0x77, 0xC3, 0x35, 0x55, 0x2B, 0xA4,
    0x5F, 0xFF, 0x86, 0x5F, 0x14, 0xA6, 0x3E, 0xFC, 0xE9, 0xC0, 0x8E, 0x25, 0xCB, 0xCD, 0x74, 0x38,
    0x3E, 0xAF, 0xD9, 0xBD, 0x66, 0x58, 0x86, 0xBC, 0xB9, 0x9F, 0xE2, 0x35, 0xB7, 0xF0, 0xDC, 0x17,
    0xB1, 0x99, 0xF0, 0xE2, 0x3D, 0x80, 0xE5, 0x67, 0xB1, 0x5B, 0xE1, 0x53, 0x1F, 0x07, 0x88, 0x1D,
    0x9A, 0x84, 0x4D, 0xC2, 0xB7, 0x13, 0xDE, 0x4B, 0x84, 0xBF, 0xDE, 0x13, 0xBE, 0xDB, 0x13, 0xFF,
    0xA4, 0xA7, 0x2E, 0x33, 0xEB, 0x79, 0xF9, 0xEA, 0x7F, 0xCA, 0x4C, 0x53, 0x56, 0xBE, 0x7F, 0x2F,
    0x0B, 0xFD, 0x29, 0xF5, 0x18, 0xC5, 0xD6, 0xA8, 0x61, 0x67, 0xC5, 0x8E, 0x66, 0x6A, 0x8F, 0x02,
    0xBC, 0xF0, 0x0F, 0xD8, 0xAE, 0xCF, 0x00, 0xB8, 0xF8, 0x5C, 0x5B, 0x4E, 0x7F, 0xD5, 0x55, 0x3F,
    0x9D, 0xDA, 0xBA, 0xDB, 0x98, 0xFF, 0x56, 0x1A, 0x3B, 0xEB, 0xD3, 0xF6, 0xD1, 0xD6, 0xE8, 0x30,
    0x57, 0x50, 0x73, 0xF9, 0x34, 0xD7, 0x4E, 0xEA, 0xE1, 0x5C, 0x35, 0xFD, 0xFC, 0xC9, 0x8A, 0x16,
    0x8B, 0x3D, 0x16, 0x09, 0x85, 0x0F, 0xF5, 0x64, 0x21, 0x3D, 0x56, 0x1E, 0xD2, 0x33, 0x38, 0x99,
    0x38, 0xB5, 0xA8, 0x27, 0x00, 0xC5, 0xBD, 0x7B, 0x77, 0x09, 0xD3, 0x34, 0xD3, 0x5E, 0xCF, 0xDF,
    0x9B, 0x11, 0xB6, 0x03, 0x0C, 0x19, 0xE5, 0xFF, 0xCC, 0x58, 0xFC, 0xC5, 0xFB, 0xDF, 0x22, 0x7E,
    0x7E, 0x3A, 0xB0, 0x0E, 0xEF, 0x7C, 0x61, 0x3E, 0x4D, 0xC2, 0x34, 0x25, 0xC2, 0x4F, 0x5F, 0x49,
    0x1E, 0xD7, 0x92, 0x62, 0x1B, 0x5B, 0xD6, 0xE2, 0x74, 0xB0, 0x53, 0x1F, 0x57, 0xBE, 0xFC, 0x2D,
    0x9C, 0xBE, 0x01, 0x78, 0xB1, 0xFD, 0x84, 0x72, 0xFA, 0xD1, 0x94, 0xC2, 0x3B, 0x3F, 0xFB, 0xAB,
    0xCC, 0x1D, 0x99, 0xAD, 0x07, 0x5E, 0x3C, 0xC8, 0x47, 0x9E, 0x29, 0xD7, 0xFB, 0xF7, 0xEF, 0xDD,
    0x5D, 0x1B, 0x58, 0x1A, 0xD8, 0x86, 0x03, 0x9B, 0xFB, 0x77, 0xEE, 0x77, 0xF5, 0x21, 0x4E, 0x8A,
    0xF6, 0x94, 0x9D, 0x46, 0xEE, 0x4C, 0x6D, 0x71, 0xFD, 0xAF, 0xD2, 0xA2, 0x2F, 0xBA, 0xD8, 0xD1,
    0x60, 0x8D, 0x25, 0x76, 0xCA, 0x76, 0xA7, 0xEA, 0x2E, 0xCB, 0xFB, 0xFD, 0x2E, 0x4C, 0x79, 0x77,
    0xF6, 0xDD, 0x8D, 0x0B, 0xF1, 0xFD, 0x47, 0xCA, 0x29, 0xF3, 0x31, 0xDC, 0x6C, 0xB9, 0xFA, 0x49,
    0x17, 0x1E, 0x5E, 0xB5, 0x73, 0x16, 0x8A, 0x6D, 0xAD, 0x29, 0xEE, 0xDC, 0x5A, 0x55, 0x53, 0x5E,
    0x16, 0x5F, 0x6D, 0x1F, 0x27, 0xEB, 0x9D, 0xCD, 0xE2, 0xA0, 0x9E, 0x2E, 0x2D, 0xC6, 0x01, 0x99,
    0x22, 0xFB, 0x68, 0xD8, 0xBB, 0x7E, 0x35, 0xD9, 0x5C, 0x53, 0xDE, 0xFD, 0x05, 0x59, 0xF4, 0x97,
    0x71, 0x16, 0xF7, 0xDA, 0x23, 0x5F, 0x77, 0xE9, 0x95, 0x76, 0x66, 0xFC, 0x85, 0x9C, 0x73, 0x16,
    0x5D, 0x45, 0x4F, 0xB2, 0xE8, 0x1E, 0xBF, 0x80, 0x5F, 0x73, 0x2E, 0x34, 0x56, 0x7E, 0x65, 0xFE,
    0xEA, 0x73, 0xBD, 0xF0, 0x76, 0xA7, 0xBC, 0xC6, 0x08, 0x8A, 0xEC, 0x50, 0xE6, 0x90, 0x43, 0x1F,
    0x53, 0xD8, 0x6F, 0x84, 0x74, 0xB0, 0xF8, 0x6E, 0x56, 0xFD, 0x65, 0x12, 0xEF, 0x13, 0xA7, 0xC7,
    0xD2, 0xFC, 0x51, 0xE7, 0x62, 0x91, 0xAC, 0x43, 0xFF, 0xB8, 0x94, 0x36, 0xD8, 0x39, 0x18, 0x4F,
    0xDF, 0xD6, 0x20, 0xA4, 0x41, 0xF1, 0xDE, 0x9E, 0xA9, 0x65, 0x0D, 0x80, 0x1D, 0x2E, 0x31, 0x7E,
    0x80, 0xA7, 0xCC, 0x37, 0xDA, 0xD0, 0xCF, 0x6D, 0xDC, 0x6D, 0xE1, 0x3B, 0x83, 0xC5, 0xF7, 0xF6,
    0xAA, 0x6F, 0xB4, 0xE2, 0x5B, 0x67, 0x9D, 0x47, 0xCC, 0xA6, 0x4A, 0x9A, 0xB0, 0x3F, 0x79, 0xD9,
    0xCA, 0x60, 0xEB, 0xF0, 0x0C, 0x2A, 0x97, 0x9E, 0x4B, 0xCA, 0x74, 0xEE, 0x02, 0xFE, 0x2B, 0xE1,
    0x80, 0xD7, 0x71, 0xA3, 0x75, 0x35, 0x1C, 0x6B, 0x96, 0x2A, 0x35, 0xB5, 0xFA, 0x42, 0x5C, 0xA9,
    0x97, 0x9A, 0xA5, 0xF5, 0xCA, 0x76, 0x5D, 0x0C, 0xC7, 0x52, 0x65, 0x31, 0xB5, 0x06, 0xA1, 0x53,
    0x11, 0x5B, 0xD5, 0xA8, 0x68, 0x29, 0xA7, 0x61, 0x5E, 0x32, 0xA0, 0x9A, 0x12, 0x9B, 0x69, 0x50,
    0x3C, 0x2A, 0x0E, 0x42, 0xB6, 0x31, 0x1F, 0x45, 0xEC, 0xD4, 0x1A, 0x62, 0xBB, 0x99, 0x97, 0x35,
    0xB5, 0x15, 0xCD, 0xE3, 0x65, 0xCB, 0xDA, 0x8A, 0xDB, 0xD6, 0x1C, 0x6C, 0x84, 0x41, 0x4C, 0xB1,
    0xB7, 0x98, 0xA6, 0x4E, 0x31, 0x3D, 0x42, 0x6C, 0xB1, 0x84, 0x37, 0x60, 0x80, 0x3B, 0xF0, 0x09,
    0x98, 0x0E, 0xF3, 0x83, 0x4F, 0xB7, 0x47, 0xA2, 0xEA, 0x9D, 0x43, 0xDD, 0xAE, 0xD7, 0x9A, 0xAD,
    0x7A, 0xA7, 0x19, 0xE7, 0x67, 0x3D, 0x5A, 0x1E, 0xEC, 0x6E, 0x97, 0x79, 0x33, 0xED, 0xAB, 0xA9,
    0x2D, 0x7A, 0x8B, 0x4E, 0x24, 0x52, 0x65, 0xC5, 0x5D, 0x70, 0xB2, 0x74, 0xBC, 0x22, 0x8C, 0xB8,
    0xC5, 0x31, 0x9C, 0x94, 0xD3, 0xD4, 0x17, 0xF7, 0xEE, 0x27, 0x36, 0x38, 0x10, 0x32, 0x31, 0xB1,
    0x69, 0xB9, 0x33, 0xF2, 0x0F, 0xDF, 0x42, 0x83, 0x78, 0x96, 0xC6, 0x6B, 0x6E, 0xBB, 0xF3, 0x93,
    0x51, 0x9C, 0xF6, 0x7C, 0x01, 0xBF, 0x5B, 0xDC, 0x15, 0x17, 0xC9, 0xE2, 0x1B, 0x84, 0x03, 0x45,
    0x06, 0x60, 0x3E, 0xE4, 0xBD, 0x2B, 0xAC, 0x70, 0x76, 0x82, 0xD8, 0xB1, 0xC6, 0xD4, 0x31, 0x65,
    0x1C, 0xB0, 0xC5, 0x12, 0x5B, 0x8C, 0xFE, 0x69, 0x99, 0xBD, 0xF5, 0xEA, 0x5E, 0x3D, 0x51, 0xDC,
    0xC2, 0xC7, 0xCF, 0x3A, 0xAA, 0xFB, 0x84, 0x03, 0x65, 0x06, 0x20, 0xA4, 0xC7, 0xB2, 0x48, 0x54,
    0x1D, 0xB1, 0x7D, 0x82, 0x5B, 0xE3, 0x02, 0x2B, 0x2C, 0x9F, 0x52, 0x71, 0x89, 0x81, 0xDF, 0x7B,
    0xD2, 0x5F, 0xFC, 0xBD, 0x1B, 0x97, 0xCC, 0x3C, 0x98, 0x71, 0xF0, 0x98, 0xC6, 0x87, 0x38, 0x20,
    0x29, 0x32, 0x28, 0x7B, 0x10, 0xCE, 0x1F, 0x89, 0x0F, 0x7D, 0x32, 0x02, 0xC4, 0x3D, 0x6B, 0x0C,
    0x14, 0xED, 0xB3, 0x0B, 0xD3, 0x6E, 0x62, 0x8D, 0x91, 0xB0, 0xA7, 0xF2, 0xCC, 0xC3, 0x74, 0x91,
    0x2D, 0x39, 0xC5, 0xD7, 0xC7, 0xB7, 0x21, 0xEC, 0x8D, 0x84, 0x64, 0x38, 0x8D, 0x59, 0xF2, 0x3C,
    0x67, 0x29, 0x8E, 0x6B, 0xFC, 0xFE, 0xBF, 0xEC, 0xA3, 0x38, 0x4D, 0x7D, 0x3D, 0xAF, 0xFB, 0x46,
    0x63, 0x91, 0xD6, 0x2E, 0x54, 0x69, 0xD6, 0x1C, 0xBB, 0x59, 0x6B, 0x6C, 0x77, 0xB6, 0x62, 0x3B,
    0xDA, 0x89, 0x5F, 0x1B, 0x8C, 0xAA, 0x29, 0x1B, 0x94, 0x53, 0xE2, 0xDC, 0x16, 0x7D, 0xA5, 0xF5,
    0xDE, 0xD4, 0x17, 0xD3, 0x9F, 0xE5, 0xF2, 0x50, 0xE4, 0x90, 0xE5, 0xB0, 0x3F, 0x4A, 0x2A, 0xF3,
    0x22, 0xCD, 0x9D, 0xF1, 0x22, 0xC5, 0x6E, 0x4E, 0xFF, 0x6B, 0xD1, 0x41, 0x1D, 0xB2, 0xA6, 0x4E,
    0xD6, 0xD7, 0x6C, 0x32, 0x9B, 0x96, 0x2D, 0x76, 0x18, 0x31, 0x00, 0x84, 0x8C, 0x11, 0x2B, 0x3C,
    0xC7, 0xEB, 0x3E, 0xEE, 0x60, 0x55, 0x1C, 0x2C, 0xCB, 0x47, 0x96, 0xE1, 0x5D, 0xBB, 0xF0, 0xB6,
    0xCB, 0x63, 0x3E, 0x1A, 0x16, 0xDF, 0x4B, 0xB9, 0xFA, 0x7A, 0xCA, 0xF1, 0x4F, 0xFE, 0x7B, 0x8E,
    0x7F, 0xF8, 0xBF, 0xFA, 0xE8, 0xBD, 0x7D, 0xED, 0xDB, 0xE9, 0xC2, 0x9D, 0xB4, 0xB6, 0x49, 0x2B,
    0x4D, 0xB7, 0x54, 0xB7, 0x6E, 0x12, 0x3B, 0x21, 0x29, 0x32, 0x0F, 0xC0, 0xEB, 0xE1, 0xED, 0x47,
    0xE1, 0xFA, 0xAA, 0xEA, 0xEB, 0xAA, 0xAB, 0x63, 0xDB, 0x44, 0x17, 0xD1, 0xAA, 0x79, 0x52, 0x16,
    0x5F, 0x2E, 0x0D, 0xD8, 0x11, 0x7A, 0xEA, 0xC4, 0xCB, 0xF3, 0xE6, 0x07, 0xFC, 0xBB, 0x9E, 0x17,
    0xDB, 0x67, 0x32, 0x2E, 0x98, 0xE1, 0xEC, 0x28, 0x33, 0xF1, 0x5F, 0xF3, 0x91, 0x8F, 0xF0, 0xFC,
    0x67, 0xA8, 0x86, 0xDF, 0x74, 0x6C, 0x00, 0x68, 0x3A, 0x78, 0xF3, 0x89, 0x7F, 0x15, 0xED, 0x87,
    0x56, 0xE7, 0xF9, 0xC7, 0x70, 0x38, 0xAB, 0x16, 0x3B, 0x7C, 0xF6, 0xD9, 0x56, 0x7C, 0x80, 0x47,
    0x1F, 0xE8, 0x68, 0xF1, 0x02, 0x7C, 0xA5, 0xCB, 0x16, 0xD3, 0xDF, 0xF5, 0x9A, 0xFF, 0x36, 0x75,
    0x6E, 0xDB, 0x30, 0x9A, 0x94, 0xB9, 0x9C, 0x84, 0xBE, 0x7A, 0xBB, 0x0D, 0xA9, 0x89, 0xED, 0x22,
    0xED, 0xA2, 0xEA, 0x3B, 0xF9, 0xB8, 0x7C, 0x2F, 0x35, 0xAA, 0x1F, 0x5A, 0x5B, 0x1C, 0x6C, 0x85,
    0xC1, 0x28, 0xE4, 0x45, 0x16, 0xA7, 0xAB, 0x64, 0xB5, 0x79, 0x34, 0x67, 0x88, 0x16, 0xCA, 0x8E,
    0x98, 0x58, 0x63, 0xA0, 0xDC, 0x03, 0xC5, 0xDD, 0x2F, 0x69, 0xAE, 0xB3, 0x47, 0xAF, 0xA6, 0x32,
    0xD7, 0x69, 0x91, 0xEE, 0xA4, 0xEA, 0x6B, 0xEF, 0xA5, 0xB8, 0xF8, 0x6E, 0x8A, 0x71, 0x91, 0xE2,
    0x32, 0x76, 0x31, 0xD7, 0x62, 0x5A, 0x89, 0x3F, 0x1E, 0xAD, 0xA7, 0xBD, 0x17, 0x4E, 0xA4, 0xD8,
    0xC4, 0x56, 0xFC, 0x7C, 0x12, 0xBE, 0xD3, 0xD3, 0xDE, 0x7A, 0x16, 0xAF, 0x56, 0xF1, 0x1F, 0xEE,
    0x2A, 0x66, 0x1B, 0xE6, 0xCC, 0xCB, 0x2F, 0xF3, 0xD2, 0x4B, 0xBF, 0xE1, 0x2B, 0x55, 0xDE, 0xA5,
    0x39, 0xF0, 0xD5, 0xDB, 0x3C, 0xF8, 0x08, 0x10, 0x3B, 0x9A, 0xC4, 0x26, 0xF1, 0xED, 0xC4, 0x7B,
    0x69, 0xEE, 0x77, 0xE6, 0x76, 0xE7, 0xD4, 0xED, 0xD4, 0x65, 0xB6, 0x3E, 0xCA, 0xDC, 0xEA, 0x4C,
    0x53, 0x9E, 0x1B, 0x9D, 0xD0, 0x1B, 0xAA, 0x64, 0x8C, 0xAD, 0xB1, 0x61, 0xB7, 0x62, 0xF7, 0xC1,
    0x4F, 0xAF, 0xBF, 0xC2, 0x83, 0xE7, 0x9F, 0x45, 0x6B, 0xA3, 0xCC, 0x23, 0xE3, 0x92, 0x65, 0xE4,
    0x77, 0x0A, 0xEE, 0xDD, 0xEB, 0x4E, 0xF7, 0xF5, 0xFE, 0xBD, 0xAE, 0xCC, 0x3C, 0x3D, 0xD2, 0x5D,
    0xFC, 0xF8, 0x9B, 0xAA, 0x69, 0x14, 0xBF, 0x7F, 0xEB, 0x83, 0xD4, 0x5E, 0x7B, 0x12, 0xED, 0x37,
    0xD3, 0xF8, 0xB8, 0x2C, 0xFB, 0x5A, 0x57, 0xFE, 0xA8, 0x97, 0xB3, 0x07, 0xFF, 0xD6, 0x1F, 0xBC,
    0xEC, 0x5C, 0xFA, 0xE5, 0xF0, 0xD3, 0x5D, 0xEC, 0x96, 0xB5, 0xCF, 0xAE, 0xAD, 0x36, 0xD3, 0x61,
    0x7D, 0xEF, 0x5B, 0x4B, 0x56, 0x6C, 0x88, 0x3F, 0xE9, 0x17, 0x53, 0xF2, 0x02, 0xC5, 0x37, 0xCF,
    0x15, 0xF1, 0x2B, 0xAD, 0x97, 0x43, 0x0B, 0xC5, 0x91, 0xE7, 0x54, 0x0B, 0x3C, 0xCD, 0x92, 0xA8,
    0x92, 0x23, 0xCB, 0x17, 0x66, 0x67, 0x3A, 0xCA, 0xA0, 0x79, 0x8A, 0x65, 0xE5, 0x49, 0xDC, 0x9C,
    0xA6, 0xFE, 0x28, 0x7B, 0x6E, 0x76, 0xEE, 0x64, 0x0F, 0x2F, 0x8B, 0xF4, 0x12, 0x5C, 0x74, 0xE5,
    0x94, 0xAB, 0x77, 0xC6, 0xBA, 0xDD, 0xAD, 0x5D, 0x2E, 0xCB, 0xFC, 0xD6, 0xB4, 0x9F, 0xAE, 0x3D,
    0x64, 0xE4, 0xC0, 0x9B, 0xDA, 0xCD, 0xBB, 0x29, 0x4E, 0x9D, 0x5B, 0xB0, 0xAA, 0xD5, 0x55, 0xB7,
    0xF8, 0x7A, 0x2A, 0xDA, 0xD6, 0x4B, 0x2C, 0xD9, 0xB2, 0x63, 0x64, 0xF8, 0xA5, 0x03, 0xC7, 0xF9,
    0xC5, 0x5A, 0xAD, 0x7C, 0xF2, 0x79, 0xB1, 0x12, 0x42, 0x0B, 0xC8, 0x9C, 0x76, 0x95, 0x4F, 0x76,
    0xFD, 0xFC, 0xC0, 0x51, 0x79, 0x57, 0x73, 0x38, 0xBE, 0x4F, 0x67, 0x9B, 0x4F, 0xA3, 0xAB, 0xFE,
    0xA9, 0xF9, 0xE5, 0x2F, 0x21, 0x69, 0x06, 0x57, 0x07, 0xBE, 0x65, 0x31, 0x89, 0x7F, 0xDE, 0xFD,
    0x7E, 0xD9, 0xA1, 0xB8, 0xFB, 0xFF, 0x35, 0x18, 0xDD, 0x02, 0x45, 0xDE, 0xB1, 0x5B, 0xF1, 0xD9,
    0xC8, 0x73, 0xC5, 0x33, 0x9B, 0x6F, 0x1E, 0x9D, 0x6F, 0xF6, 0xBD, 0x9C, 0x8F, 0x9E, 0x77, 0x76,
    0xBC, 0x1B, 0x9D, 0xAB, 0xF1, 0x97, 0xF7, 0x08, 0xB7, 0xCE, 0x75, 0x81, 0xAB, 0x4C, 0xF1, 0x70,
    0xA0, 0x4C, 0x7F, 0xF0, 0x5B, 0x6F, 0x0F, 0x9E, 0x83, 0x1B, 0x77, 0x6D, 0x46, 0xFF, 0x79, 0xA7,
    0xFF, 0xFD, 0x5F, 0xA9, 0x17, 0xF0, 0x51, 0x10, 0x7E, 0x34, 0x9B, 0x67, 0xE0, 0x72, 0xCB, 0x67,
    0xFE, 0x11, 0x4F, 0x0A, 0x5E, 0xA1, 0x6F, 0x52, 0xD8, 0x2F, 0x52, 0x38, 0xAF, 0x55, 0x9A, 0xB3,
    0x46, 0xDD, 0xC5, 0x3F, 0x9D, 0xC4, 0x69, 0xD4, 0x4C, 0xC9, 0x45, 0xD8, 0x5B, 0x87, 0x6C, 0x55,
    0x64, 0x5B, 0xA3, 0x9D, 0xDD, 0xD3, 0x5D, 0x62, 0xFC, 0xA3, 0xEE, 0x18, 0xA2, 0xC3, 0x5F, 0xF4,
    0xFA, 0x07, 0x28, 0xBA, 0x37, 0xC2, 0x0F, 0xC6, 0xF0, 0xEE, 0xEB, 0x61, 0xB4, 0xE8, 0xFF, 0xDF,
    0x76, 0xFE, 0x26, 0x8B, 0xC9, 0xFC, 0x8E, 0xF8, 0x4C, 0xE8, 0x9E, 0x29, 0xD7, 0xF9, 0xCE, 0xB6,
    0xFA, 0x8F, 0xFC, 0x8A, 0x50, 0xB0, 0xDB, 0x62, 0x75, 0x81, 0x18, 0xB1, 0xF8, 0x7C, 0x07, 0x94,
    0xBD, 0x28, 0xF4, 0x6A, 0x61, 0xAF, 0x11, 0x92, 0xB5, 0x45, 0xB2, 0x52, 0x25, 0x4B, 0xB1, 0xB3,
    0x13, 0x5B, 0x3B, 0x35, 0xA3, 0xC6, 0x09, 0xA5, 0xC8, 0xD6, 0xCA, 0x6C, 0x25, 0xF4, 0x56, 0x66,
    0x68, 0x55, 0xB2, 0x69, 0x9B, 0x56, 0x9C, 0xAE, 0x09, 0xD3, 0x80, 0x8F, 0x01, 0xE2, 0x5F, 0xA6,
    0x53, 0x94, 0x2E, 0x72, 0x36, 0x47, 0x33, 0xB8, 0xD1, 0xDE, 0x68, 0x63, 0x57, 0x9D, 0x8A, 0xB6,
    0xDA, 0x39, 0x2D, 0x3C, 0x55, 0x90, 0x6E, 0x6D, 0xED, 0x1C, 0x5C, 0x9E, 0x43, 0xEE, 0x9D, 0xB7,
    0x06, 0xCD, 0x90, 0x15, 0xE0, 0x45, 0x98, 0xF6, 0x84, 0xBF, 0xC9, 0x84, 0xF6, 0xC1, 0x87, 0x73,
    0x96, 0xE2, 0x75, 0xEA, 0x73, 0xEA, 0xF8, 0x37, 0x37, 0x7F, 0xF3, 0x73, 0x54, 0x3D, 0x57, 0xD7,
    0x8A, 0x87, 0xAF, 0x76, 0xA1, 0x0F, 0x42, 0x3A, 0x87, 0xE6, 0x01, 0xD7, 0xD8, 0xEC, 0xA9, 0x46,
    0x3C, 0xC2, 0xFA, 0x24, 0x9F, 0xB2, 0xF6, 0xA6, 0x9D, 0xCD, 0x4F, 0x06, 0xD5, 0x39, 0x02, 0xB8,
    0x8B, 0x1D, 0x96, 0xDC, 0x18, 0xB8, 0xD9, 0xE1, 0xC5, 0xD6, 0x94, 0xC3, 0x3B, 0x6F, 0x84, 0x64,
    0x7E, 0x06, 0xAE, 0x69, 0x92, 0x30, 0xDB, 0xE1, 0xA5, 0xB2, 0xDF, 0xFC, 0x79, 0xAA, 0x4E, 0x31,
    0xA0, 0xB8, 0xAB, 0x18, 0x78, 0xCD, 0xCD, 0xEC, 0xF9, 0xD6, 0xA7, 0xEF, 0xDD, 0x73, 0x35, 0x4D,
    0xBE, 0xFC, 0xD6, 0x7F, 0x7C, 0x12, 0xFC, 0x2F, 0xF1, 0xA4, 0x21, 0x50, 0xCE, 0xF2, 0xF3, 0x79,
    0xE4, 0xA9, 0x76, 0x15, 0x7E, 0x17, 0x75, 0xC7, 0xA2, 0xE3, 0x3E, 0xFE, 0x07, 0xE0, 0x0D, 0xF2,
    0x39, 0xBA, 0xD6, 0x53, 0xF7, 0x7B, 0xEF, 0xB7, 0xFF, 0xD7, 0x70, 0x5D, 0x13, 0xFF, 0x56, 0x75,
    0xA0, 0x75, 0xA3, 0xB5, 0xD8, 0x2B, 0x7A, 0xFF, 0x24, 0xF9, 0x67, 0xB8, 0x31, 0xB2, 0x99, 0x94,
    0x0F, 0x9B, 0x36, 0xA4, 0xA7, 0xBB, 0xE3, 0x25, 0xC5, 0xF0, 0x98, 0xE4, 0x6A, 0xE0, 0xE1, 0x9B,
    0x58, 0xE3, 0xE2, 0xA9, 0x54, 0x36, 0xB2, 0xC8, 0x34, 0x9D, 0xF2, 0x11, 0x4D, 0xCF, 0xDA, 0x93,
    0x16, 0x69, 0xCA, 0x8B, 0xBF, 0x19, 0x2A, 0x23, 0x59, 0x79, 0x72, 0xAA, 0xAF, 0x0A, 0x53, 0x2A,
    0xFF, 0xEC, 0xA9, 0x6C, 0x10, 0x93, 0x8D, 0xF2, 0xA0, 0xD9, 0xBB, 0x0D, 0x9E, 0xCC, 0x95, 0x7E,
    0x36, 0x6B, 0xC6, 0x0B, 0xBC, 0xEE, 0x13, 0x1E, 0xFB, 0xF1, 0xB2, 0x3C, 0x4A, 0xE8, 0x6D, 0xC3,
    0xDE, 0xE5, 0x69, 0xD8, 0xFE, 0xE3, 0x7B, 0xB9, 0x9A, 0xA6, 0x1C, 0xBF, 0xFF, 0xC7, 0xE7, 0x61,
    0x7B, 0xE8, 0x6B, 0x21, 0x35, 0x47, 0x59, 0x5B, 0x9C, 0x87, 0xED, 0xB1, 0x7B, 0xEA, 0x77, 0xF7,
    0x1F, 0xFC, 0xEE, 0x1B, 0xC8, 0xF8, 0x3F, 0xAC, 0xF0, 0xBA, 0x63, 0x83, 0xE1, 0xD8, 0x61, 0xA8,
    0xFA, 0x5A, 0xD5, 0xD5, 0x62, 0xDB, 0x88, 0x2E, 0x44, 0x2B, 0xCD, 0xD3, 0xFF, 0x61, 0xE0, 0xD2,
    0xD2, 0xE0, 0x7F, 0x03, 0xAD, 0x98, 0x01, 0x88, 0x26, 0x49, 0x75, 0xC7, 0x7F, 0xDD, 0xB5, 0xBB,
    0x1D, 0xB7, 0xBD, 0xAD, 0x05, 0xF6, 0x10, 0x3D, 0x6F, 0x7B, 0x01, 0x09, 0xC7, 0xB9, 0xFB, 0xF5,
    0x01, 0x02, 0x63, 0xEC, 0xEE, 0xAE, 0x18, 0x20, 0xC0, 0x41, 0xB2, 0xC0, 0x5D, 0x24, 0x08, 0xF1,
    0x00, 0x01, 0x4D, 0x8C, 0x23, 0x30, 0x81, 0x81, 0x7C, 0xBB, 0x53, 0xE7, 0x01, 0x02, 0x42, 0xB2,
    0x01, 0x54, 0x48, 0x00, 0x06, 0x22, 0x10, 0x47, 0x70, 0x87, 0x38, 0xC0, 0x97, 0xF8, 0xDD, 0x74,
    0xA1, 0x80, 0xC0, 0x81, 0xD7, 0xAA, 0x18, 0x80, 0x84, 0xEB, 0x28, 0x9B, 0x98, 0x5B, 0x92, 0x2D,
    0xB4, 0x57, 0x7B, 0xF7, 0xBE, 0xF9, 0x2A, 0xD5, 0x95, 0xF9, 0x76, 0xBE, 0xDC, 0xDE, 0x80, 0x80,
    0x5F, 0xD5, 0x7B, 0x3B, 0x33, 0xF3, 0xDE, 0xFF, 0xBD, 0x7A, 0xEF, 0xD5, 0xAB, 0x37, 0x4B, 0xAC,
    0x65, 0xDD, 0xCB, 0xFB, 0x8B, 0x4C, 0x4D, 0x27, 0xCC, 0xCA, 0xC8, 0x96, 0x9B, 0x6D, 0xBD, 0xE4,
    0xA6, 0x62, 0x8E, 0xDF, 0xAA, 0xBE, 0x6D, 0xB2, 0x25, 0xD1, 0x75, 0x38, 0xA7, 0xA0, 0xF9, 0x95,
    0x8E, 0x1F, 0x34, 0x3A, 0x35, 0x19, 0x52, 0x49, 0x72, 0x32, 0x2A, 0x26, 0x94, 0x54, 0x14, 0x14,
    0x94, 0x4C, 0xA9, 0xA2, 0x05, 0xF9, 0xED, 0x23, 0xE4, 0xD1, 0x4D, 0x50, 0x67, 0x38, 0xC7, 0x2E,
    0xF2, 0xF5, 0x25, 0xE9, 0x72, 0x87, 0xA4, 0x93, 0x5E, 0x57, 0x6A, 0xCF, 0xB5, 0xD7, 0xD7, 0x12,
    0xA9, 0x32, 0x32, 0x72, 0x2A, 0x6A, 0x16, 0xD4, 0x77, 0x2D, 0x85, 0x33, 0x70, 0x09, 0x00, 0xC8,
    0x2D, 0x34, 0x9E, 0x7A, 0x88, 0x2C, 0xC4, 0x1D, 0x88, 0xF6, 0x3A, 0xE2, 0xB5, 0x23, 0xC4, 0xB2,
    0x21, 0xED, 0xA4, 0xF2, 0x48, 0x8F, 0xB0, 0x3C, 0x91, 0x93, 0x07, 0x8F, 0x56, 0x78, 0xA5, 0xD3,
    0x01, 0x8F, 0xF7, 0x11, 0xBB, 0x4E, 0xFC, 0xB8, 0x87, 0x39, 0x4C, 0xA1, 0x08, 0x7B, 0x0A, 0x33,
    0xB0, 0x17, 0x45, 0x77, 0xB3, 0xD1, 0xF9, 0x11, 0x91, 0x82, 0x68, 0x97, 0x7C, 0xC9, 0xF2, 0xB3,
    0xB1, 0x45, 0x18, 0x52, 0x8D, 0x54, 0xC8, 0x68, 0x57, 0x66, 0x0B, 0x79, 0x54, 0xC8, 0xAE, 0x48,
    0x1F, 0x0E, 0x99, 0xEB, 0x8A, 0x27, 0xF9, 0x00, 0x40, 0xD4, 0x1D, 0x3B, 0x16, 0x9C, 0xF3, 0x64,
    0x38, 0xF7, 0xFB, 0x86, 0xE6, 0xAD, 0x55, 0xA8, 0xD4, 0xE3, 0xA1, 0x2A, 0xD7, 0x42, 0x35, 0x20,
    0x8F, 0x66, 0xA0, 0x7A, 0xC0, 0x1E, 0xD3, 0x03, 0xC0, 0x71, 0x12, 0x07, 0xD8, 0x01, 0x58, 0x12,
    0x4C, 0x05, 0x3B, 0xC1, 0x50, 0xB0, 0x34, 0x9A, 0x62, 0xB4, 0xC5, 0x68, 0x2C, 0x84, 0x21, 0x98,
    0x0B, 0xF6, 0x82, 0xC1, 0x90, 0x9C, 0x60, 0x32, 0xD8, 0x0C, 0x46, 0x83, 0x55, 0x50, 0x8C, 0xA1,
    0x51, 0x91, 0xB3, 0xC9, 0x7F, 0x0C, 0x92, 0xE9, 0x65, 0x8A, 0x92, 0xB2, 0x76, 0x8B, 0x67, 0xF7,
    0x42, 0x01, 0xD0, 0x23, 0xEC, 0xCD, 0xDB, 0xA6, 0x0E, 0x45, 0xC0, 0xFB, 0x10, 0xAE, 0x13, 0x5F,
    0x0E, 0x41, 0x0C, 0x11, 0xF4, 0x92, 0x7E, 0x6F, 0x33, 0xDF, 0xA6, 0x2F, 0x84, 0xF5, 0xE5, 0x22,
    0x97, 0x70, 0x1D, 0x9E, 0x85, 0x51, 0x16, 0xC4, 0x97, 0x07, 0x80, 0xF9, 0x0C, 0xD8, 0xE9, 0x21,
    0x59, 0x6E, 0x11, 0x35, 0x8B, 0x0F, 0x93, 0xF7, 0xD3, 0x5A, 0x1D, 0x32, 0x83, 0x03, 0x2C, 0x4C,
    0x45, 0x07, 0x5E, 0x1F, 0x46, 0x84, 0x80, 0x31, 0x7A, 0x16, 0xBB, 0x3E, 0xB9, 0xB3, 0x2F, 0x35,
    0x7E, 0x27, 0x3F, 0x22, 0x76, 0x64, 0xFF, 0x45, 0xC1, 0xAA, 0x3C, 0xBF, 0x6E, 0x32, 0xA7, 0x46,
    0xCF, 0x3E, 0x4D, 0xE2, 0xDA, 0xE4, 0x2B, 0x96, 0xC8, 0x12, 0x5B, 0x9E, 0x32, 0xC2, 0x11, 0x79,
    0x34, 0xD1, 0x8D, 0x3B, 0x31, 0x0F, 0x1B, 0xBD, 0x13, 0xD2, 0xEB, 0x25, 0x47, 0x51, 0x52, 0x2F,
    0x4B, 0xF4, 0x2B, 0x43, 0xEC, 0x34, 0xE9, 0x4F, 0xB5, 0x70, 0xE2, 0x47, 0xD1, 0xED, 0x6F, 0x0F,
    0xA3, 0x78, 0xA0, 0xC4, 0xE0, 0x95, 0xF0, 0x5A, 0x41, 0x8D, 0x73, 0xB7, 0xFC, 0xD7, 0xF1, 0x83,
    0x1D, 0x1F, 0x65, 0xA9, 0xB2, 0x3C, 0x9A, 0x57, 0xD2, 0x96, 0xE7, 0x17, 0x05, 0x55, 0x49, 0x55,
    0x33, 0xCD, 0xEE, 0x0E, 0x23, 0xEE, 0x25, 0x20, 0x28, 0xA7, 0x06, 0x19, 0x6A, 0x27, 0xF3, 0x87,
    0xB0, 0x51, 0xB3, 0x4B, 0x05, 0xE5, 0xAA, 0xEA, 0xE6, 0x30, 0x40, 0x4F, 0x64, 0xF9, 0x60, 0x47,
    0x6D, 0x78, 0x92, 0xC7, 0x93, 0x2D, 0x42, 0xB2, 0xCD, 0x31, 0x3B, 0xBF, 0x4A, 0xB6, 0x78, 0xD0,
    0x28, 0x52, 0x93, 0x13, 0xEE, 0x4F, 0x28, 0xF9, 0x55, 0x9E, 0xCB, 0x47, 0xC9, 0x9E, 0x43, 0x9D,
    0x2C, 0x20, 0x73, 0x33, 0x48, 0x86, 0x1E, 0xC0, 0xC2, 0x68, 0x90, 0x8B, 0xA2, 0x85, 0xE5, 0xA6,
    0x81, 0x3A, 0xD4, 0xD4, 0x2D, 0x80, 0xF3, 0x0A, 0x9A, 0xBB, 0x7A, 0x04, 0x1F, 0xB1, 0x3D, 0x74,
    0x40, 0x5E, 0x55, 0x6C, 0x11, 0xF8, 0x7C, 0x04, 0x0D, 0x98, 0x01, 0x12, 0x1B, 0x00, 0x3D, 0x5E,
    0x80, 0xAB, 0x97, 0x01, 0x2C, 0xC4, 0xAA, 0x39, 0x12, 0x0F, 0xFE, 0x7C, 0x8C, 0x01, 0xC1, 0xBD,
    0x64, 0x51, 0xA4, 0x8B, 0x82, 0xED, 0x92, 0x59, 0x8D, 0xCD, 0xEE, 0xDA, 0xC4, 0x99, 0xE3, 0x58,
    0xE5, 0x64, 0x64, 0x94, 0x48, 0xA6, 0x9E, 0x2C, 0xF2, 0xA3, 0x1D, 0xE9, 0x2B, 0x86, 0xF4, 0x8B,
    0x9A, 0xE4, 0x75, 0x10, 0xFF, 0xED, 0x69, 0xE1, 0xA9, 0x87, 0xD4, 0x93, 0xDC, 0x86, 0xD2, 0x53,
    0x31, 0xD2, 0x01, 0xD4, 0x1D, 0xC1, 0xF9, 0xF7, 0xFA, 0x55, 0x7F, 0xDF, 0xF1, 0xDB, 0x6F, 0xDD,
    0x81, 0x06, 0x70, 0x20, 0xDE, 0xD0, 0x48, 0x1F, 0xB7, 0x89, 0x68, 0x29, 0x3C, 0x4D, 0x47, 0x4A,
    0x0C, 0xF5, 0xA6, 0x22, 0x5B, 0x65, 0x16, 0x24, 0x55, 0x46, 0x99, 0x53, 0x54, 0x4C, 0x4B, 0x66,
    0x05, 0xC3, 0x94, 0x7E, 0x8E, 0x9D, 0xC5, 0x76, 0x91, 0x76, 0x4D, 0xD3, 0xD5, 0xBF, 0x68, 0xCF,
    0x0A, 0x13, 0xD2, 0xAA, 0x09, 0x69, 0x3D, 0x69, 0x51, 0x8D, 0x25, 0xE4, 0x31, 0xEE, 0xC6, 0xEE,
    0xE4, 0x9B, 0x93, 0x70, 0x4D, 0x6A, 0xF3, 0x50, 0x27, 0xB9, 0xA4, 0x92, 0x01, 0x79, 0x32, 0x22,
    0xCF, 0x8B, 0x11, 0xBC, 0xE7, 0x74, 0xC5, 0xE4, 0x54, 0xC5, 0x21, 0x28, 0xDA, 0x63, 0x85, 0x0F,
    0xB6, 0x34, 0x9A, 0x4B, 0x70, 0x91, 0x39, 0x0B, 0xCF, 0x21, 0x24, 0x37, 0xB6, 0xA2, 0x13, 0x6D,
    0xD2, 0x36, 0x8B, 0xCD, 0x9F, 0x85, 0xCE, 0x48, 0x46, 0x0E, 0x48, 0x24, 0x19, 0x93, 0xE3, 0x44,
    0xCE, 0x99, 0xD1, 0xB3, 0x58, 0x29, 0x4A, 0xA7, 0xCF, 0x3F, 0x3C, 0xC1, 0x16, 0xA3, 0x3F, 0x3C,
    0x3A, 0x6E, 0xD3, 0xE3, 0x2C, 0x5C, 0x86, 0x09, 0x54, 0xAC, 0x77, 0xCE, 0x7C, 0xD8, 0xFD, 0xF0,
    0xFD, 0x76, 0xDF, 0x99, 0xE8, 0xFE, 0x63, 0x8A, 0x2D, 0x49, 0x07, 0x0A, 0xAE, 0xB1, 0x5E, 0xF6,
    0x67, 0x06, 0xEA, 0x9E, 0x7F, 0xB4, 0xFC, 0xF3, 0x43, 0x55, 0x3B, 0x2D, 0xEE, 0xAC, 0xA9, 0xAC,
    0x6E, 0x8C, 0x84, 0xD0, 0x14, 0xFC, 0x69, 0x62, 0x7F, 0x1A, 0x61, 0x84, 0x49, 0x4D, 0xAA, 0x57,
    0x1D, 0x7E, 0xFD, 0x14, 0x03, 0x4B, 0x76, 0xD4, 0x59, 0x38, 0x38, 0xE9, 0x9F, 0xB1, 0x5D, 0x6B,
    0xC9, 0xCE, 0x0D, 0xE2, 0xCD, 0xAF, 0xDB, 0xD4, 0x24, 0x1E, 0x61, 0x6C, 0xC6, 0x25, 0x92, 0x1E,
    0x29, 0x5A, 0x72, 0x39, 0x30, 0x91, 0x8E, 0x12, 0xA9, 0x0B, 0x12, 0x33, 0x12, 0xA4, 0x9E, 0xA4,
    0x12, 0xD4, 0xA4, 0x6F, 0x2E, 0x88, 0x9D, 0xE5, 0xD1, 0xDD, 0x94, 0x14, 0xD8, 0x8C, 0x29, 0x76,
    0xC2, 0x3C, 0xB2, 0x25, 0xB3, 0xB8, 0x2B, 0xE8, 0x45, 0x5B, 0x60, 0x85, 0x99, 0x46, 0x9E, 0xF9,
    0x8A, 0x49, 0xCC, 0x20, 0x3A, 0xA9, 0x07, 0x69, 0x6B, 0xD5, 0x1C, 0x2E, 0x1D, 0x75, 0xE7, 0xFE,
    0x9A, 0xB3, 0x5C, 0xFA, 0xCD, 0xA0, 0x64, 0x00, 0x13, 0x80, 0x12, 0xA0, 0x78, 0xC4, 0x80, 0x68,
    0x37, 0xD6, 0xE2, 0xF5, 0x45, 0xDE, 0x27, 0xCB, 0xE6, 0xA1, 0xAF, 0xDC, 0x5C, 0xCF, 0x53, 0x9D,
    0x33, 0x97, 0xAA, 0x62, 0x26, 0x29, 0xE9, 0xB3, 0xD1, 0x78, 0x4E, 0x30, 0xEE, 0xAD, 0x94, 0x0C,
    0xEB, 0xC6, 0x21, 0x84, 0x20, 0xC4, 0x00, 0xA9, 0x21, 0xBA, 0x0D, 0x88, 0xA3, 0x55, 0x43, 0x8E,
    0x35, 0xB2, 0xEE, 0x91, 0x0F, 0x17, 0xE4, 0x7A, 0xCA, 0x84, 0x69, 0xE8, 0x09, 0x05, 0x33, 0x4F,
    0x3D, 0x73, 0x2C, 0xB3, 0xC8, 0xD2, 0xC7, 0x63, 0xEE, 0x3A, 0xAC, 0x68, 0x4F, 0xDE, 0x6D, 0xD8,
    0x34, 0xEB, 0xCF, 0xDA, 0xAE, 0x78, 0xFD, 0x48, 0x2C, 0x9B, 0xB4, 0xCB, 0x52, 0x1D, 0x0A, 0x9E,
    0xC9, 0x69, 0x05, 0x1F, 0xF6, 0x03, 0x70, 0xC7, 0xBA, 0xA2, 0x93, 0x4A, 0x58, 0x49, 0xDA, 0x7B,
    0x9A, 0x67, 0x48, 0xAF, 0x23, 0xAB, 0x12, 0x99, 0x15, 0xE4, 0xD2, 0xFB, 0x95, 0x2E, 0x28, 0xC5,
    0x40, 0x21, 0x7A, 0x8A, 0xC8, 0xC2, 0x39, 0x4D, 0x33, 0x88, 0xFB, 0xAF, 0xA6, 0x26, 0xCF, 0xC8,
    0x72, 0xB2, 0xDA, 0xB9, 0x6A, 0xAF, 0x29, 0xA8, 0x0A, 0xA6, 0x15, 0x7D, 0x76, 0xB7, 0x4B, 0x9C,
    0x62, 0x1C, 0x73, 0xBE, 0x0A, 0x34, 0xCE, 0x19, 0xF1, 0x60, 0x67, 0x4F, 0xA7, 0xA6, 0x24, 0xE4,
    0x8B, 0x09, 0x37, 0x5E, 0xA0, 0xA4, 0x59, 0x50, 0x70, 0xF8, 0x0F, 0x04, 0xD7, 0x4A, 0x2C, 0xD4,
    0x23, 0x7E, 0x76, 0xD7, 0x2D, 0x48, 0x9C, 0x67, 0x04, 0x07, 0xA3, 0xAF, 0x01, 0xB9, 0xEB, 0x60,
    0xF9, 0xF1, 0x01, 0x61, 0xB9, 0x81, 0xD4, 0xE4, 0x64, 0x58, 0x49, 0x15, 0x79, 0x56, 0xC4, 0x9D,
    0x67, 0x22, 0xB0, 0x36, 0xA7, 0x4C, 0xBB, 0x92, 0xFA, 0x1B, 0xCB, 0x05, 0x72, 0xA8, 0x3B, 0xA2,
    0xB1, 0xA2, 0xE1, 0x1A, 0x50, 0x02, 0xC5, 0x31, 0x6D, 0x43, 0x34, 0xC0, 0x8E, 0x33, 0xF1, 0x83,
    0x5F, 0xD9, 0xD4, 0xD8, 0x45, 0x16, 0x75, 0x65, 0x15, 0x77, 0x65, 0x29, 0xDA, 0xAA, 0x10, 0xA6,
    0xF4, 0x34, 0xAD, 0x7C, 0xE9, 0x64, 0xCF, 0xBF, 0x62, 0x53, 0xD7, 0x98, 0xC8, 0x1D, 0x41, 0x06,
    0x81, 0x26, 0x6B, 0x70, 0x00, 0xB0, 0x76, 0xE1, 0x0D, 0xEB, 0xFD, 0x2D, 0x83, 0x1D, 0xB2, 0x37,
    0xA8, 0xFF, 0x84, 0x4B, 0x70, 0x72, 0xE1, 0x19, 0xC0, 0x82, 0xFD, 0xB5, 0x15, 0x79, 0xC7, 0x9E,
    0x12, 0x24, 0xD5, 0x28, 0x79, 0x2F, 0x48, 0x4E, 0x56, 0x2D, 0xA2, 0x52, 0xE4, 0x86, 0xB3, 0xF0,
    0xD2, 0x35, 0x7E, 0xB9, 0xE4, 0xAD, 0x9F, 0xB1, 0x24, 0x1A, 0x88, 0xED, 0x3A, 0xC0, 0xDA, 0xD3,
    0x0A, 0x39, 0x6F, 0x7F, 0x57, 0x89, 0x6E, 0x89, 0xD7, 0x5B, 0xB1, 0xD4, 0xA9, 0x0D, 0x92, 0x0A,
    0x09, 0x32, 0x48, 0x1E, 0xDB, 0x09, 0x7B, 0xBE, 0x3A, 0xCF, 0x12, 0x1A, 0xC5, 0x59, 0xC2, 0x2B,
    0xD2, 0xB4, 0xF1, 0x43, 0x1D, 0xC6, 0xBE, 0x53, 0x15, 0xCF, 0x53, 0x9B, 0xF7, 0x84, 0xA6, 0x94,
    0x98, 0xD4, 0xAC, 0x9A, 0xEC, 0x84, 0x8A, 0x92, 0x82, 0x69, 0x68, 0x4A, 0x00, 0x08, 0xD7, 0x8B,
    0x37, 0x17, 0xA9, 0x29, 0x53, 0x5D, 0x4A, 0x35, 0x95, 0x7F, 0xDB, 0x67, 0xAE, 0xCD, 0x3F, 0xA1,
    0x26, 0xFE, 0x47, 0xC2, 0xF8, 0xE4, 0x4F, 0x23, 0x0B, 0x20, 0x4C, 0xE6, 0xA9, 0x24, 0x35, 0x03,
    0xE9, 0x2B, 0x1D, 0xF2, 0xAE, 0x41, 0xBA, 0x8E, 0x2C, 0xB6, 0xE4, 0xF4, 0x4C, 0x3C, 0x95, 0xB1,
    0xA5, 0x76, 0x2D, 0x3B, 0xCB, 0x30, 0x16, 0xE1, 0xAC, 0xB8, 0x73, 0x20, 0x0C, 0xE3, 0xEE, 0x61,
    0x09, 0x79, 0x18, 0x76, 0x22, 0x7B, 0x25, 0xEE, 0xEA, 0x8F, 0x9B, 0xC6, 0x29, 0x7B, 0x9D, 0x90,
    0x2A, 0x1E, 0xC0, 0x0E, 0xE1, 0x80, 0x00, 0xE4, 0x2D, 0x34, 0xE6, 0x6D, 0x53, 0xB5, 0x27, 0x43,
    0xA0, 0xD0, 0x03, 0x35, 0x48, 0xE5, 0x09, 0x4F, 0x8F, 0x57, 0x4F, 0xA0, 0x29, 0x30, 0x23, 0xC0,
    0x3C, 0x65, 0xA1, 0x36, 0x6B, 0x26, 0xC2, 0x77, 0x4E, 0x13, 0xDB, 0x13, 0xEC, 0x80, 0xFB, 0x36,
    0xEC, 0x0C, 0x84, 0xB3, 0x44, 0xCD, 0x2D, 0x28, 0xD7, 0x70, 0xE7, 0xC0, 0x00, 0x9C, 0x8C, 0x18,
    0xE3, 0x83, 0x47, 0x13, 0x66, 0xF9, 0xD3, 0x32, 0x90, 0x3F, 0xCA, 0xC0, 0x4D, 0x55, 0x9B, 0x95,
    0x2F, 0xC9, 0x00, 0xD2, 0x53, 0x0D, 0x94, 0xA7, 0xC3, 0x07, 0x4F, 0xD7, 0x22, 0x91, 0x1E, 0x93,
    0x3C, 0xF6, 0x36, 0x83, 0xCC, 0x59, 0x76, 0x5C, 0xC7, 0x50, 0x42, 0x3F, 0x87, 0x66, 0x80, 0xBC,
    0x1B, 0xCB, 0x4D, 0x2E, 0xCE, 0x1E, 0x52, 0xB1, 0x5E, 0x00, 0xB6, 0x5E, 0x36, 0xCB, 0xB8, 0x13,
    0xC6, 0x2F, 0x0D, 0x70, 0x70, 0x72, 0x71, 0x32, 0xA7, 0x9F, 0x7A, 0x53, 0xAD, 0x4A, 0xF9, 0xA4,
    0xD4, 0x1E, 0xAF, 0x66, 0xBF, 0x6F, 0xBE, 0x44, 0x6D, 0x39, 0xAB, 0x00, 0x10, 0x5D, 0x62, 0x44,
    0x9B, 0x6A, 0x61, 0xA4, 0x4A, 0x8C, 0x1C, 0x1B, 0x55, 0xEF, 0xC9, 0x4A, 0x35, 0x41, 0x52, 0x92,
    0x51, 0x90, 0x45, 0x0B, 0xE4, 0xBD, 0x39, 0xE9, 0xD1, 0x36, 0x5C, 0x07, 0x00, 0x39, 0xEC, 0x74,
    0xE7, 0x6D, 0xE5, 0xF5, 0xAE, 0x21, 0xD5, 0x65, 0xB2, 0x47, 0xD2, 0xB9, 0xA7, 0x8A, 0x22, 0xF0,
    0x01, 0x3F, 0x97, 0x91, 0x3A, 0x0D, 0x2F, 0x84, 0xB1, 0x50, 0x0A, 0xDF, 0x60, 0xE6, 0x39, 0x65,
    0x45, 0x59, 0x52, 0x78, 0xA9, 0x29, 0xF3, 0x39, 0xFD, 0x2C, 0xB6, 0xF3, 0xD4, 0xD4, 0x8D, 0xCA,
    0x17, 0x44, 0x0A, 0xD2, 0x16, 0xD9, 0x31, 0xB1, 0x14, 0x96, 0xDE, 0x62, 0xAD, 0x68, 0xFB, 0xC4,
    0xF4, 0x52, 0xCD, 0x32, 0xE6, 0x25, 0xD3, 0x29, 0x05, 0x80, 0x34, 0xB5, 0x22, 0x1B, 0x59, 0x65,
    0xBE, 0xA5, 0xB9, 0xD9, 0xBE, 0xA5, 0xF9, 0xE5, 0x0F, 0xFE, 0x53, 0xF3, 0xF3, 0x1F, 0x7E, 0xD7,
    0xC4, 0x3F, 0xF9, 0x97, 0x2F, 0x18, 0xF1, 0xED, 0x37, 0x7C, 0x46, 0x5F, 0x7E, 0x43, 0x18, 0x19,
    0x1D, 0x09, 0xE3, 0x8F, 0x22, 0x4C, 0x19, 0x0D, 0xC2, 0x5C, 0xE2, 0xFA, 0x68, 0x08, 0x20, 0xB5,
    0x84, 0xB0, 0x4F, 0x81, 0xFE, 0x38, 0x71, 0xAB, 0x64, 0xB5, 0x30, 0xE9, 0xA0, 0xF0, 0xD4, 0x5B,
    0xB0, 0x16, 0xD1, 0x5A, 0xBC, 0x2B, 0x78, 0x5F, 0xC8, 0x98, 0x85, 0xFC, 0xCC, 0x29, 0x80, 0xF1,
    0xA5, 0x9A, 0x8A, 0xB6, 0x48, 0x75, 0x95, 0x91, 0x95, 0xC8, 0x19, 0xD2, 0x92, 0xAE, 0xA7, 0x04,
    0x80, 0xC8, 0xB9, 0x68, 0xEF, 0x08, 0x06, 0x44, 0x87, 0x34, 0xE4, 0x30, 0x27, 0x1A, 0x91, 0x91,
    0x9A, 0xDA, 0x75, 0xB5, 0x0B, 0x1D, 0x2E, 0x6E, 0x11, 0x7E, 0x0F, 0xC4, 0x8F, 0x5E, 0x01, 0xB7,
    0x24, 0xA8, 0xD2, 0x33, 0x2A, 0x8F, 0xF2, 0xE4, 0xC0, 0xFC, 0x12, 0x91, 0x75, 0x88, 0x1F, 0xBE,
    0x86, 0x7C, 0x5E, 0x52, 0xBB, 0x23, 0x4F, 0x3D, 0x6C, 0x03, 0xFB, 0x9C, 0x7C, 0x9C, 0xD3, 0xEC,
    0x35, 0x40, 0x79, 0x8C, 0xD1, 0x12, 0x30, 0x2A, 0xC0, 0x69, 0x4F, 0x16, 0x58, 0x00, 0xD3, 0xB5,
    0xBB, 0x33, 0xF0, 0x5C, 0x6C, 0x39, 0xDC, 0x6C, 0xC9, 0x1C, 0x44, 0xD7, 0x81, 0x3F, 0xDD, 0xD3,
    0x38, 0x67, 0xD8, 0xBB, 0xAD, 0xA1, 0x26, 0xE8, 0x08, 0x4B, 0x88, 0x59, 0x0E, 0x1C, 0x02, 0xAE,
    0x83, 0x78, 0x00, 0xE6, 0x40, 0xE9, 0xDF, 0xC1, 0x92, 0xDA, 0xDD, 0xE0, 0x68, 0x73, 0x81, 0x8D,
    0x07, 0xFA, 0x64, 0x41, 0xE3, 0x96, 0x64, 0xCB, 0x27, 0x00, 0x62, 0xA7, 0x73, 0xD7, 0x8D, 0x4D,
    0x89, 0x3E, 0xEC, 0xD0, 0xA0, 0x53, 0x43, 0xAE, 0xA2, 0x05, 0x49, 0xF7, 0x0E, 0x75, 0x3D, 0x39,
    0x8E, 0x66, 0x9B, 0xBA, 0x45, 0xA6, 0x8A, 0x6A, 0xAD, 0xC6, 0x2B, 0xC8, 0x15, 0x69, 0x47, 0x7C,
    0xCA, 0x08, 0x8A, 0xD4, 0x61, 0x3F, 0x76, 0x47, 0x6E, 0x42, 0x6E, 0x46, 0x7B, 0x22, 0x68, 0x12,
    0x78, 0x6C, 0xAF, 0x24, 0x5D, 0xD3, 0x98, 0x7C, 0x19, 0xAA, 0xF3, 0xDC, 0xCF, 0xA8, 0x1D, 0xCB,
    0x3F, 0x16, 0x96, 0xF0, 0x70, 0xAC, 0x30, 0xD6, 0x1C, 0x98, 0xAF, 0xED, 0x29, 0xD4, 0x91, 0xCA,
    0x9C, 0x4E, 0x96, 0x00, 0xD4, 0x6D, 0xE4, 0xAC, 0x68, 0x07, 0xA9, 0xA7, 0x19, 0x45, 0x45, 0xB8,
    0x06, 0x17, 0xA7, 0xB3, 0xC5, 0xB4, 0x5F, 0xCC, 0xFA, 0x97, 0x42, 0xBD, 0x47, 0x63, 0xC9, 0x8F,
    0x23, 0x9B, 0x54, 0x3B, 0x87, 0xE4, 0x7D, 0xB0, 0x0B, 0x62, 0x9C, 0x3D, 0x8F, 0x52, 0x53, 0x8D,
    0x0F, 0xC0, 0xCB, 0x83, 0x74, 0x5D, 0xB6, 0x37, 0xE4, 0x4C, 0x27, 0x14, 0x25, 0x8B, 0xFA, 0xB6,
    0xDD, 0x71, 0x9A, 0xCD, 0x5B, 0x08, 0xB7, 0x20, 0xBD, 0xD3, 0x20, 0x95, 0x5F, 0x84, 0xFF, 0x20,
    0x31, 0x62, 0x99, 0x9A, 0xC4, 0x53, 0xAE, 0xA4, 0x2E, 0x90, 0x6A, 0x4A, 0xCE, 0x0D, 0x5E, 0xA5,
    0x76, 0x03, 0xA9, 0x6B, 0x59, 0x3D, 0xAF, 0x20, 0xBB, 0xD1, 0x49, 0x28, 0x78, 0x44, 0xE7, 0xE6,
    0xD0, 0x1C, 0x21, 0x1E, 0x7C, 0x86, 0x70, 0x2F, 0x56, 0xED, 0xFB, 0xBC, 0x9F, 0x5C, 0xE4, 0x40,
    0xC1, 0x8C, 0x92, 0x9E, 0x0A, 0x1B, 0xAE, 0x7C, 0xB2, 0xBA, 0xF2, 0x80, 0x30, 0xA1, 0xBD, 0xA8,
    0xD4, 0x48, 0x52, 0x2D, 0x91, 0x5F, 0xDA, 0x44, 0xBA, 0x25, 0x72, 0xEF, 0x55, 0x72, 0x8A, 0xC7,
    0x66, 0x3E, 0x38, 0x03, 0xE4, 0x40, 0x7D, 0xFC, 0x35, 0xC0, 0xA5, 0xB5, 0x4E, 0x3B, 0x3B, 0xB5,
    0xD3, 0xAE, 0xBF, 0x0B, 0xD2, 0x69, 0xAA, 0x46, 0x51, 0xE4, 0xCA, 0xFF, 0x6B, 0xC8, 0x7E, 0xD9,
    0x12, 0x29, 0x0B, 0x28, 0x00, 0xF0, 0xE1, 0xE5, 0x20, 0x35, 0x4C, 0xA5, 0xA6, 0xCC, 0x14, 0x97,
    0x77, 0x40, 0x3A, 0x4F, 0xF7, 0x20, 0xAF, 0x60, 0x5E, 0x22, 0x6C, 0x81, 0x34, 0x53, 0xEA, 0xD3,
    0x3A, 0xFC, 0xEA, 0x88, 0xE3, 0x4E, 0x4F, 0x79, 0xE4, 0x6B, 0xA7, 0xFC, 0x06, 0x00, 0x1A, 0x88,
    0xDC, 0x89, 0xBF, 0x89, 0x61, 0xF2, 0xBC, 0x89, 0xDD, 0x5D, 0x9D, 0xDE, 0x77, 0x2A, 0xD3, 0x35,
    0xE3, 0x2A, 0x83, 0xC1, 0xCA, 0x53, 0xC9, 0xC0, 0xD4, 0xD3, 0x82, 0x21, 0x5E, 0x30, 0x4F, 0x07,
    0xEA, 0xC3, 0x9E, 0xAC, 0xB7, 0x44, 0x1F, 0xB5, 0x10, 0x3F, 0x7E, 0xEC, 0x60, 0xA4, 0x4B, 0xDC,
    0x42, 0xAA, 0x1B, 0x6B, 0x75, 0x1D, 0x3A, 0x4C, 0xDA, 0xB2, 0xA3, 0x18, 0x08, 0x25, 0x4D, 0xE3,
    0x54, 0xE3, 0x4E, 0x06, 0x20, 0x00, 0x37, 0x2A, 0x66, 0x3A, 0xDC, 0xA5, 0xB0, 0x4B, 0xA8, 0x21,
    0xD3, 0xE1, 0x2E, 0xAD, 0xAE, 0x43, 0xE3, 0x74, 0x50, 0x3C, 0xD6, 0x25, 0xB8, 0x40, 0x70, 0x22,
    0xB8, 0xC1, 0xCA, 0x91, 0x54, 0x03, 0xE7, 0xE5, 0xC8, 0x9B, 0x37, 0x9C, 0xD3, 0xE2, 0x81, 0xDB,
    0xBB, 0x4D, 0x6A, 0x6A, 0x2A, 0xA4, 0x9A, 0x30, 0x27, 0xA7, 0x8C, 0x2C, 0x15, 0x85, 0x68, 0x29,
    0x43, 0x26, 0x0A, 0xE6, 0x39, 0x84, 0x61, 0x9D, 0x4A, 0xF4, 0x3D, 0xE4, 0xB7, 0x7F, 0xEE, 0x06,
    0xE4, 0xF0, 0x0B, 0xCF, 0x23, 0x05, 0xFC, 0xFA, 0x16, 0xCD, 0x68, 0xB1, 0x51, 0xA3, 0xC5, 0x32,
    0x58, 0x1C, 0x46, 0x8B, 0x22, 0x58, 0x4C, 0xCD, 0x68, 0x31, 0xD8, 0x9A, 0xEF, 0xB4, 0xA3, 0xC5,
    0x9D, 0x7E, 0xB4, 0xC8, 0xDC, 0x5B, 0xB4, 0x14, 0xC8, 0xC1, 0xF3, 0x60, 0x71, 0x0A, 0xC0, 0x00,
    0xBC, 0x3B, 0xB6, 0x8C, 0x1E, 0xB5, 0x40, 0x1A, 0x92, 0xCA, 0xF5, 0x5F, 0xC3, 0x9F, 0x2F, 0xBD,
    0x78, 0x12, 0x81, 0xE0, 0xCF, 0xE9, 0x11, 0x78, 0x39, 0x44, 0x20, 0x6F, 0xC7, 0x08, 0x1C, 0x74,
    0xDE, 0x9F, 0xFB, 0xFF, 0xDE, 0x8E, 0x11, 0x70, 0x66, 0x8C, 0x40, 0x68, 0x40, 0x12, 0x80, 0x27,
    0x58, 0xFB, 0xC4, 0xFF, 0x6F, 0xDE, 0xFA, 0x34, 0x3B, 0xCE, 0xB5, 0x9B, 0xB7, 0xBF, 0xDF, 0xC9,
    0x54, 0x93, 0x79, 0xCA, 0x45, 0xC7, 0x24, 0x3A, 0xA2, 0xA4, 0xD6, 0x05, 0xA9, 0x29, 0x10, 0xA6,
    0xF4, 0x94, 0x7F, 0xE9, 0xB6, 0x4E, 0xDD, 0x11, 0x3C, 0xA9, 0x58, 0x7D, 0x1C, 0x20, 0x96, 0x1E,
    0x32, 0x19, 0x33, 0x2C, 0xF5, 0xC8, 0x14, 0x89, 0xC9, 0x18, 0x61, 0x61, 0x73, 0xEF, 0x10, 0x24,
    0x15, 0x64, 0x94, 0x90, 0x53, 0x10, 0x2E, 0x31, 0x25, 0xB3, 0x90, 0x39, 0x98, 0xD2, 0x8F, 0xCC,
    0x42, 0xF5, 0x37, 0x16, 0xF2, 0x9F, 0x74, 0x10, 0x89, 0x2E, 0x04, 0x6A, 0x15, 0xA1, 0xDB, 0x1A,
    0x22, 0x07, 0xF0, 0xC2, 0xFA, 0x29, 0x10, 0x26, 0xB0, 0x20, 0x16, 0x7D, 0x6A, 0x34, 0xE9, 0xF4,
    0xE6, 0x5E, 0xF3, 0x77, 0x5A, 0x32, 0x87, 0x8C, 0x11, 0x2F, 0xB6, 0x30, 0x19, 0xA1, 0x4A, 0x61,
    0x3E, 0x49, 0x21, 0xBE, 0xEB, 0x98, 0x8A, 0x7B, 0x7F, 0xE8, 0xD9, 0x20, 0xBD, 0xC9, 0xE5, 0x21,
    0xF9, 0x4F, 0xC7, 0x6A, 0x49, 0x23, 0xB5, 0x3E, 0x44, 0x42, 0x6D, 0x01, 0x9C, 0x05, 0x22, 0x1B,
    0x4C, 0x76, 0x27, 0xE9, 0x4B, 0xDE, 0xDC, 0xFD, 0x2C, 0x34, 0xEE, 0x17, 0xCE, 0xF0, 0x89, 0x1F,
    0xBB, 0xAF, 0x74, 0xC8, 0xCF, 0x2F, 0x62, 0x8B, 0xFC, 0xBD, 0x7E, 0xE4, 0xC2, 0x8A, 0x8E, 0x4C,
    0xB4, 0xA2, 0x25, 0x4F, 0x8C, 0x30, 0x54, 0xA9, 0x49, 0x0C, 0xA5, 0xD4, 0xA1, 0x89, 0x28, 0xA9,
    0x99, 0x4B, 0xA4, 0x62, 0x96, 0x91, 0xC1, 0x90, 0x93, 0x13, 0x42, 0x40, 0x14, 0x78, 0x6C, 0xA1,
    0x08, 0xA6, 0x16, 0x38, 0x43, 0xDE, 0xE3, 0x20, 0x6B, 0x4F, 0x7A, 0xDA, 0xB0, 0xDE, 0x5B, 0xF2,
    0x5B, 0xE2, 0x27, 0x6E, 0x21, 0x7E, 0x78, 0x67, 0x5B, 0xBC, 0x66, 0x48, 0x3C, 0xA5, 0xDF, 0x1D,
    0x1D, 0x3A, 0x42, 0xAA, 0x46, 0x4B, 0x64, 0x97, 0x21, 0xEC, 0x84, 0xD8, 0xD6, 0x4A, 0x74, 0xF5,
    0xB2, 0x31, 0x37, 0x5C, 0x78, 0x9E, 0xDF, 0x19, 0xEF, 0xE1, 0xDE, 0xAE, 0x70, 0xE3, 0x8C, 0xFF,
    0x31, 0x2B, 0xCC, 0xE8, 0x77, 0xA6, 0x52, 0x53, 0x22, 0xF5, 0xE0, 0x8F, 0x67, 0x91, 0xA9, 0x21,
    0xCB, 0x20, 0x1F, 0x7B, 0xC6, 0x00, 0xB5, 0x73, 0x21, 0xD9, 0x69, 0xDC, 0x6D, 0xA7, 0xA2, 0xB3,
    0xE9, 0xF3, 0xB6, 0x4B, 0xFE, 0xE0, 0xE7, 0x26, 0xF9, 0xCC, 0x37, 0xB5, 0x98, 0x7D, 0x0B, 0x61,
    0x0F, 0x11, 0xDD, 0x94, 0x58, 0x7F, 0x80, 0x97, 0xDE, 0x15, 0xAB, 0xFD, 0x2A, 0x55, 0x07, 0x37,
    0x25, 0x5B, 0xEE, 0x1A, 0x7F, 0xF1, 0x46, 0xC1, 0x5F, 0xBE, 0xB6, 0x45, 0xFD, 0xBC, 0xA5, 0x4E,
    0x5B, 0xCA, 0xC4, 0x40, 0xE3, 0x7A, 0xBC, 0x7D, 0xEE, 0xFF, 0x91, 0x8D, 0x6C, 0xEC, 0x97, 0xE8,
    0xFC, 0x6A, 0x39, 0xE5, 0x23, 0x9D, 0x23, 0x1F, 0xE9, 0xC5, 0x9B, 0x54, 0x94, 0x94, 0x4C, 0x99,
    0x32, 0x67, 0x02, 0xBB, 0x8D, 0x89, 0xEC, 0x53, 0xC6, 0x23, 0x18, 0xD1, 0x79, 0x6A, 0x93, 0x30,
    0xB4, 0x87, 0xB1, 0x5D, 0x8F, 0x0F, 0x5E, 0x46, 0x4E, 0x46, 0x4D, 0x16, 0x39, 0xE4, 0xBD, 0xFF,
    0x21, 0x59, 0x96, 0x70, 0xFD, 0x1D, 0xFF, 0x12, 0xF8, 0xCD, 0xE0, 0x05, 0xDA, 0x31, 0x90, 0x9B,
    0x73, 0x48, 0x2E, 0xF0, 0x34, 0xD7, 0x8E, 0xEA, 0x6F, 0x14, 0x17, 0x36, 0x2E, 0x6C, 0x3D, 0xBD,
    0x7F, 0xD5, 0x16, 0x76, 0x43, 0x5D, 0x8C, 0x6D, 0xBA, 0xFB, 0x7F, 0xBF, 0xC9, 0xDF, 0xF6, 0x1B,
    0xA0, 0xE0, 0x03, 0xC0, 0x3E, 0x16, 0x4B, 0x17, 0xB5, 0xB1, 0x11, 0xE3, 0xD2, 0x89, 0xCA, 0x83,
    0x8D, 0x6B, 0xB6, 0xBE, 0x55, 0xB0, 0xC1, 0xD6, 0xB1, 0x88, 0x82, 0x8D, 0x93, 0x6F, 0x45, 0x57,
    0xB5, 0x57, 0x14, 0x67, 0x78, 0x3F, 0x57, 0x09, 0x62, 0xD8, 0xF7, 0xD8, 0xB2, 0xA3, 0x8D, 0x0C,
    0x03, 0x9F, 0x8C, 0x50, 0xA9, 0x30, 0x32, 0xE5, 0xC2, 0x35, 0xB2, 0x23, 0xAE, 0x4A, 0x8A, 0x94,
    0x72, 0x93, 0x7A, 0x60, 0xEB, 0xAA, 0xDC, 0x2A, 0x9F, 0xF8, 0xD0, 0xAB, 0x57, 0x37, 0xFE, 0x6D,
    0xE3, 0x77, 0xBE, 0xB7, 0xFF, 0x91, 0xBF, 0xEA, 0x6A, 0x69, 0x2A, 0xA9, 0xCF, 0x44, 0x24, 0x74,
    0xC9, 0xEF, 0xB6, 0xE2, 0x15, 0x23, 0xBE, 0x80, 0xF8, 0x1E, 0xF1, 0xBF, 0x12, 0x0D, 0x60, 0xA1,
    0x43, 0x18, 0x72, 0xC5, 0x0D, 0x38, 0x9B, 0x95, 0xC5, 0xF6, 0xBE, 0x15, 0x3F, 0xB0, 0xE9, 0x77,
    0x3A, 0xF9, 0x05, 0x93, 0x49, 0x5D, 0x4A, 0x8A, 0x6B, 0x5C, 0xBC, 0x04, 0xA1, 0x63, 0x14, 0xEC,
    0xE3, 0x70, 0xAA, 0x06, 0x20, 0x57, 0xB5, 0xC9, 0x8D, 0x30, 0x89, 0xCE, 0x98, 0x01, 0x90, 0x99,
    0xDA, 0xEC, 0x98, 0x7D, 0xB6, 0x28, 0xC8, 0x00, 0xA9, 0x92, 0x96, 0x8E, 0x2E, 0x6E, 0x73, 0x5D,
    0x92, 0x9A, 0x89, 0xDA, 0x66, 0xDF, 0xAF, 0x9B, 0x64, 0x40, 0x6E, 0xFF, 0x69, 0x16, 0x4E, 0x68,
    0x53, 0x73, 0x99, 0xAB, 0x3C, 0x03, 0x64, 0xFD, 0x8D, 0xA9, 0x65, 0x5C, 0x25, 0x12, 0xC9, 0x13,
    0x70, 0x31, 0xB2, 0x19, 0x07, 0xE4, 0x2A, 0xB2, 0xA0, 0xD8, 0x26, 0xD1, 0x1C, 0x24, 0xED, 0x36,
    0x8A, 0x18, 0xA1, 0xDF, 0x65, 0xDE, 0xBD, 0xFB, 0xCC, 0x73, 0xCF, 0x3D, 0x73, 0xF1, 0xCC, 0x95,
    0xDF, 0xFA, 0xD0, 0x33, 0xEF, 0x7F, 0xEE, 0x89, 0x97, 0xC2, 0x6D, 0x86, 0x5D, 0xC4, 0x80, 0x9C,
    0x52, 0x7A, 0xED, 0x94, 0xDD, 0xF3, 0xCC, 0x4A, 0x8A, 0x9E, 0xBC, 0x43, 0x6A, 0xAE, 0x16, 0xC5,
    0xC6, 0xD6, 0xFE, 0x3E, 0xCF, 0x7E, 0xAD, 0x3E, 0xE2, 0xAB, 0xC2, 0x4A, 0x5D, 0x71, 0xC0, 0xA7,
    0x28, 0xC9, 0x48, 0x75, 0x6C, 0x2E, 0x6D, 0x6C, 0x1C, 0xD8, 0xDD, 0xDA, 0xD5, 0x4B, 0x98, 0x07,
    0x5F, 0x12, 0x05, 0xA2, 0x93, 0x7A, 0xC2, 0x36, 0x90, 0x8C, 0xF5, 0x75, 0xD2, 0x64, 0x43, 0xBA,
    0x2A, 0x1A, 0x60, 0x87, 0x82, 0x0F, 0x01, 0xE3, 0x88, 0x14, 0x85, 0xEC, 0x87, 0xB3, 0x9B, 0x4A,
    0x1D, 0x60, 0xB1, 0xBC, 0xCA, 0x84, 0xC8, 0x10, 0x3F, 0xB6, 0x1B, 0xE7, 0x07, 0xF1, 0x91, 0xFF,
    0xD9, 0x9B, 0xEF, 0xF0, 0x5B, 0x34, 0x91, 0x5E, 0x17, 0x56, 0x1F, 0xBB, 0x43, 0xF8, 0x7A, 0x44,
    0x83, 0xF1, 0x27, 0x2F, 0xBE, 0x08, 0xB0, 0x21, 0x4C, 0x21, 0x55, 0xBE, 0x24, 0xE9, 0xB8, 0xB8,
    0x58, 0x5C, 0x4C, 0xDB, 0xF2, 0x60, 0x63, 0x63, 0x63, 0x3F, 0x6F, 0x01, 0x24, 0x57, 0xD9, 0x66,
    0xB6, 0xFA, 0x0B, 0x38, 0x7F, 0xD9, 0xEC, 0xFC, 0xD4, 0xD8, 0x46, 0x5D, 0x7F, 0x2F, 0xF1, 0xE7,
    0x75, 0xFA, 0x45, 0x23, 0x25, 0x45, 0xC1, 0xE7, 0x3E, 0x07, 0xA4, 0xBA, 0x51, 0x7F, 0xAF, 0xC4,
    0x2D, 0xD1, 0x03, 0x5C, 0xDE, 0x92, 0x9D, 0x34, 0x95, 0xBD, 0xA2, 0xB7, 0x2E, 0x6C, 0x5D, 0x1D,
    0x11, 0x8B, 0x6E, 0x62, 0x32, 0x95, 0xF3, 0x11, 0xF5, 0x4D, 0xF5, 0x16, 0x37, 0x38, 0x27, 0x2F,
    0x3C, 0x7D, 0x1C, 0xD8, 0xE1, 0x0A, 0x24, 0xC3, 0x85, 0xF7, 0x3F, 0x8D, 0xD4, 0xB1, 0x65, 0xFB,
    0xCA, 0xD6, 0x8E, 0x3D, 0xA7, 0xC4, 0xCB, 0x6D, 0xFC, 0x1D, 0xCD, 0x3D, 0x58, 0xC0, 0x80, 0x58,
    0x20, 0x9F, 0xE6, 0xAA, 0xF4, 0x29, 0x26, 0xE9, 0xB3, 0xC3, 0xE2, 0xCC, 0x16, 0xDB, 0xA1, 0x74,
    0x52, 0x95, 0x22, 0xC3, 0xE5, 0x3B, 0xC3, 0x93, 0x2F, 0xD4, 0xCB, 0x67, 0xBF, 0xC1, 0x85, 0xD3,
    0x57, 0x10, 0x0B, 0xFF, 0x72, 0xD9, 0xCB, 0x1E, 0x9E, 0x2E, 0xB3, 0xBE, 0xEA, 0x65, 0xBD, 0x3C,
    0x5D, 0xE6, 0x74, 0xD9, 0x13, 0x99, 0xD3, 0x65, 0xFF, 0x17, 0x6D, 0x94, 0x01, 0x84, 0x1C, 0xD7,
    0x1F, 0xC7, 0x3F, 0x33, 0xB3, 0xC9, 0x24, 0x99, 0xBB, 0x7D, 0xFB, 0xFF, 0xF7, 0x8E, 0xA6, 0x69,
    0x6E, 0x16, 0x8B, 0xCD, 0x65, 0xB3, 0xB3, 0x62, 0x1B, 0xDB, 0x9A, 0xDD, 0x79, 0xA0, 0x50, 0x58,
    0xDC, 0x29, 0xA5, 0x14, 0x45, 0x05, 0xBA, 0xD5, 0x20, 0xA9, 0xBD, 0xCC, 0x03, 0x00, 0x3A, 0x00,
    0x40, 0x36, 0x14, 0xE9, 0x85, 0x66, 0xE8, 0xE2, 0xAA, 0xD7, 0xDC, 0x03, 0x00, 0x3A, 0x55, 0x00,
    0x64, 0x10, 0x28, 0xE8, 0x54, 0x37, 0x9A, 0x9C, 0xBD, 0x7B, 0x9D, 0xC9, 0x69, 0x9C, 0xB4, 0xDF,
    0x67, 0xDE, 0x9B, 0xEF, 0xF7, 0xBD, 0xF9, 0x3D, 0xBE, 0xBF, 0xDF, 0x6F, 0xAE, 0x10, 0x20, 0x94,
    0xA3, 0xC9, 0xF9, 0xCC, 0x7A, 0xEE, 0x66, 0x3E, 0x21, 0x3C, 0xC0, 0x5E, 0xE2, 0x3E, 0xC1, 0xF7,
    0xE4, 0xC0, 0x51, 0x80, 0xD0, 0xC5, 0xE8, 0x8F, 0x7C, 0x10, 0xE9, 0xE6, 0x05, 0x36, 0xBF, 0x8D,
    0x8F, 0xAA, 0xA7, 0x61, 0x91, 0xBA, 0xF2, 0xB6, 0x4F, 0xB4, 0xC4, 0xCB, 0xA9, 0x8D, 0xEE, 0xAE,
    0xC1, 0xB4, 0xBB, 0x3F, 0x6A, 0xD4, 0x60, 0xA7, 0x0A, 0x4B, 0x97, 0xDB, 0x08, 0xFD, 0x6E, 0x91,
    0xA6, 0x69, 0x11, 0x69, 0x20, 0x49, 0x9C, 0x5F, 0x33, 0xEF, 0x03, 0xB9, 0x51, 0xA7, 0xDD, 0xA6,
    0x65, 0xCB, 0xD0, 0xC7, 0x9F, 0x22, 0x0A, 0x5C, 0xCD, 0xE5, 0x6B, 0x61, 0x38, 0xF0, 0xBB, 0xDD,
    0xE1, 0x30, 0x0C, 0x43, 0x98, 0x7D, 0x32, 0xDF, 0x0B, 0xC3, 0x4E, 0x67, 0x75, 0x95, 0x04, 0xBB,
    0xC0, 0xCE, 0x49, 0x1D, 0x35, 0x17, 0x44, 0x47, 0x78, 0x39, 0x34, 0x70, 0x0C, 0xE2, 0x9E, 0x0A,
    0x1D, 0xDD, 0xB7, 0x15, 0x1B, 0xB7, 0x16, 0x47, 0x53, 0x46, 0x71, 0xBD, 0x33, 0xD9, 0xDF, 0x9F,
    0x96, 0x11, 0x6A, 0x27, 0x04, 0x4A, 0x15, 0x81, 0xAB, 0xC0, 0xCD, 0x84, 0x1A, 0x31, 0xC7, 0x52,
    0xB6, 0x3E, 0x50, 0x1F, 0x4A, 0x07, 0x58, 0xA1, 0x43, 0x90, 0x0D, 0x65, 0x1F, 0x88, 0xD5, 0x55,
    0xE5, 0x94, 0xAA, 0x87, 0x40, 0xB0, 0xC3, 0x02, 0x8B, 0x11, 0x29, 0x05, 0x3B, 0x9C, 0xA3, 0xDA,
    0x71, 0x89, 0xF3, 0x75, 0x19, 0x15, 0x41, 0xE2, 0x51, 0x07, 0x6C, 0x1C, 0xA2, 0x3C, 0x48, 0xEA,
    0xD4, 0xCA, 0x75, 0x33, 0x01, 0x3B, 0x77, 0x32, 0x47, 0xBB, 0xDA, 0xD3, 0x46, 0x1E, 0x01, 0x5D,
    0x86, 0x84, 0x4C, 0xCB, 0x11, 0xEB, 0x40, 0xD5, 0x46, 0xA3, 0x35, 0x08, 0xFD, 0x69, 0xD0, 0xA8,
    0xF9, 0xEA, 0x4E, 0xE5, 0x4C, 0x1E, 0x69, 0x38, 0x8B, 0xA7, 0xED, 0x2C, 0xD0, 0x77, 0x00, 0x47,
    0x89, 0x53, 0x6C, 0x83, 0x01, 0x29, 0xCF, 0x38, 0x90, 0x6B, 0xD4, 0x2E, 0x77, 0xC2, 0xB0, 0x15,
    0x1C, 0x0F, 0x3F, 0xEE, 0xAF, 0x34, 0xCF, 0x35, 0x9B, 0xCD, 0x49, 0x9A, 0x46, 0x26, 0x3B, 0x7F,
    0xFE, 0x75, 0x2B, 0xC1, 0x29, 0xC4, 0xF3, 0x61, 0x58, 0xD4, 0x4F, 0x67, 0xE9, 0xB4, 0x6B, 0x1D,
    0x47, 0x0F, 0xEC, 0x7F, 0x52, 0xFB, 0xEC, 0x55, 0x6A, 0xA3, 0xE3, 0xF5, 0xED, 0xED, 0x71, 0x64,
    0x4C, 0x01, 0x70, 0x66, 0x7B, 0x2B, 0x32, 0x47, 0xEB, 0xDB, 0x5B, 0x40, 0x6C, 0x96, 0x37, 0x77,
    0xBF, 0x01, 0x7C, 0x9D, 0x0E, 0x17, 0xF9, 0x24, 0xD0, 0x58, 0x00, 0xE5, 0xD1, 0x03, 0x93, 0x97,
    0x5F, 0x98, 0x2C, 0x2E, 0x27, 0x0D, 0x28, 0x70, 0x14, 0x08, 0x20, 0x04, 0x0A, 0x70, 0xF4, 0xBF,
    0xA8, 0x07, 0x74, 0x80, 0x14, 0x90, 0x9C, 0x42, 0x0A, 0xD8, 0x19, 0xE0, 0x49, 0xA0, 0x0B, 0xB0,
    0x07, 0x58, 0x39, 0xE0, 0x2A, 0xC0, 0x07, 0x98, 0x02, 0x14, 0x9C, 0xC4, 0x42, 0x00, 0x84, 0xAF,
    0xA4, 0x0C, 0x10, 0x12, 0x18, 0x02, 0xAC, 0x01, 0xD4, 0xA8, 0xAA, 0xDC, 0xD1, 0x81, 0x6C, 0xD1,
    0xA9, 0x0F, 0x56, 0xA3, 0xE5, 0xE6, 0x03, 0x08, 0x8E, 0x07, 0xAB, 0xFD, 0x95, 0x68, 0x09, 0x80,
    0x78, 0xA2, 0xBB, 0x87, 0x59, 0x3F, 0xCD, 0x7A, 0x33, 0x0D, 0x9D, 0x4C, 0x28, 0x5F, 0xDE, 0xD0,
    0x60, 0xCD, 0xBC, 0x4C, 0x20, 0xF0, 0x94, 0xAB, 0x02, 0xDA, 0xA5, 0x2B, 0xDB, 0xBE, 0x39, 0x2E,
    0xBD, 0x01, 0x22, 0xB3, 0xDC, 0xDC, 0x7D, 0xB0, 0x57, 0x15, 0x1C, 0x38, 0x85, 0xA7, 0x7D, 0x42,
    0x5E, 0x6B, 0x98, 0xD3, 0xDD, 0xC0, 0x1C, 0x0A, 0x9E, 0xFD, 0xCC, 0x5F, 0x5F, 0xF3, 0x46, 0x8D,
    0xD6, 0xAD, 0xBD, 0x1D, 0x80, 0xC0, 0x98, 0xD1, 0xEE, 0x77, 0x21, 0xD7, 0x06, 0x84, 0x0D, 0xFE,
    0xE3, 0x86, 0x93, 0xA6, 0x08, 0xA7, 0x70, 0x53, 0x19, 0xED, 0x28, 0x57, 0x7A, 0x00, 0x56, 0x67,
    0xEC, 0x3F, 0xCF, 0x47, 0x46, 0x5F, 0xFF, 0x5D, 0x5A, 0x0A, 0x80, 0x21, 0x84, 0x58, 0x5B, 0x0D,
    0xB1, 0x28, 0xBA, 0x26, 0x1B, 0xF8, 0x92, 0x02, 0xAB, 0x80, 0x04, 0x64, 0xC3, 0x7B, 0x91, 0x6E,
    0xC4, 0x59, 0xCD, 0xC2, 0xCB, 0xCA, 0x94, 0xE9, 0x7E, 0x20, 0x01, 0xFB, 0x7D, 0xFC, 0x47, 0xBA,
    0xA4, 0xF5, 0x3A, 0x00, 0x6C, 0x70, 0x20, 0x3B, 0x84, 0x84, 0x24, 0x1C, 0xE1, 0xCB, 0x98, 0x05,
    0x70, 0x7E, 0x5A, 0x14, 0x7B, 0x2D, 0xF0, 0x96, 0xA5, 0x6B, 0xE2, 0xFF, 0xBF, 0x38, 0xB9, 0xA3,
    0xE1, 0x7B, 0x19, 0xAB, 0x88, 0x1F, 0xF5, 0xFF, 0x70, 0x54, 0x2C, 0xF7, 0x89, 0xA5, 0xA3, 0xFA,
    0x04, 0xCA, 0xD5, 0x51, 0xB9, 0xE6, 0x1E, 0x8F, 0x85, 0x14, 0x9F, 0xEB, 0xC7, 0xEF, 0xE9, 0x7C,
    0x92, 0xAF, 0x31, 0x42, 0x20, 0xF8, 0x89, 0xE4, 0xE4, 0x7F, 0x81, 0x20, 0xCE, 0xE3, 0x3C, 0xD0,
    0x17, 0xD5, 0x19, 0x8B, 0xC8, 0x64, 0xE9, 0xA2, 0x6A, 0x89, 0x1F, 0x5E, 0x14, 0xC1, 0x3D, 0xDD,
    0x24, 0xC5, 0xA8, 0x87, 0xD2, 0x05, 0x1A, 0x54, 0xD3, 0x1E, 0x60, 0x17, 0x7E, 0x8E, 0x75, 0xA0,
    0x2C, 0x63, 0xCC, 0x02, 0xCE, 0x9A, 0xDF, 0x60, 0x0E, 0x56, 0x31, 0x04, 0x4F, 0x07, 0x99, 0x75,
    0x80, 0x5B, 0xED, 0x70, 0xF5, 0x50, 0x72, 0x02, 0x53, 0x21, 0xDB, 0xAE, 0x70, 0x22, 0x11, 0x55,
    0x4A, 0xB1, 0x5E, 0x29, 0x63, 0x6B, 0x0B, 0xD6, 0x7C, 0xF3, 0x94, 0xF9, 0xDD, 0x8F, 0x8C, 0xC9,
    0x53, 0xCE, 0x1E, 0xCB, 0x32, 0xAC, 0x49, 0xCA, 0x5B, 0x0E, 0x1F, 0x1D, 0xE3, 0x3F, 0x85, 0x4B,
    0xF9, 0x10, 0x60, 0xCE, 0x69, 0x60, 0xCB, 0xDD, 0xDD, 0xDD, 0x87, 0xB9, 0x29, 0xB1, 0xA8, 0xA8,
    0x06, 0xC0, 0x7B, 0xDA, 0xEE, 0x95, 0x48, 0x6F, 0xE4, 0x17, 0xA5, 0xAF, 0x26, 0xDA, 0xC8, 0x8C,
    0xFB, 0x6C, 0xB2, 0x42, 0xBB, 0xDF, 0x9B, 0xCC, 0xA4, 0x97, 0xBD, 0xDC, 0x9F, 0xBC, 0x93, 0x5D,
    0x90, 0x6F, 0xB6, 0x5E, 0xBE, 0xCF, 0xAE, 0x67, 0x57, 0xA4, 0xD0, 0x7D, 0x52, 0x66, 0x7C, 0xC1,
    0x5B, 0x00, 0x6F, 0xD3, 0x16, 0x8B, 0x41, 0x75, 0x70, 0x76, 0x23, 0xBB, 0x28, 0x61, 0xA5, 0x1C,
    0x1B, 0x45, 0xA7, 0xD7, 0x2F, 0xA5, 0xC9, 0x6C, 0xAC, 0xEA, 0x7F, 0xE6, 0x97, 0xC3, 0x49, 0xBB,
    0x37, 0xEB, 0xF7, 0xAA, 0x8A, 0x6D, 0x8E, 0xD5, 0x25, 0xDD, 0xA1, 0x4F, 0x8F, 0x09, 0x63, 0x68,
    0x3D, 0xEE, 0xCD, 0x92, 0xFC, 0xD3, 0x24, 0xB9, 0xAF, 0xBF, 0x94, 0x5F, 0x11, 0xD2, 0x62, 0xA5,
    0xB7, 0x9A, 0xB9, 0x52, 0xC8, 0xBE, 0x1E, 0xAB, 0xBF, 0x01, 0x2D, 0xCB, 0x01, 0x66, 0x03, 0x41,
    0x00, 0x05, 0xD0, 0xB7, 0x3B, 0x58, 0x1A, 0x4C, 0x4F, 0xD0, 0x00, 0x14, 0x6D, 0xE6, 0x02, 0xBB,
    0x6D, 0x8E, 0xD0, 0x03, 0x55, 0x93, 0x1B, 0x05, 0xA0, 0x58, 0x3A, 0x47, 0x98, 0x23, 0xA4, 0x37,
    0x18, 0x15, 0x04, 0x69, 0xB6, 0x13, 0x8A, 0x87, 0xFF, 0xBF, 0x0F, 0xFA, 0x65, 0x2B, 0x2E, 0x45,
    0x0A, 0xD5, 0xD8, 0x55, 0x73, 0x73, 0xEA, 0x8F, 0xEA, 0x90, 0xD5, 0xA4, 0xFB, 0xB9, 0xE8, 0xBF,
    0x17, 0xA1, 0xAC, 0x72, 0xC8, 0xA1, 0x84, 0xDC, 0x1F, 0x87, 0x66, 0xB5, 0x0F, 0x25, 0xB6, 0x2E,
    0x5E, 0xBF, 0xC4, 0xD7, 0x8B, 0x87, 0x6E, 0x6B, 0x83, 0x09, 0x23, 0x1E, 0x01, 0xD6, 0x27, 0x76,
    0xBF, 0xD4, 0xA4, 0x3D, 0x84, 0x1C, 0x0D, 0xFF, 0x6E, 0xB9, 0xBF, 0x1E, 0xD8, 0x2D, 0x74, 0x1F,
    0x9E, 0x4C, 0x46, 0xEF, 0xCD, 0xD9, 0xD4, 0x55, 0x9B, 0x50, 0xC4, 0xC3, 0xDE, 0x70, 0xC5, 0x1B,
    0xEE, 0x31, 0x3B, 0x1B, 0xFB, 0xDB, 0x98, 0xAD, 0xE3, 0x5E, 0x4C, 0xAC, 0x66, 0xC2, 0x89, 0x70,
    0x64, 0x68, 0x62, 0xE5, 0xA5, 0x32, 0x7F, 0xEA, 0xEA, 0x28, 0x94, 0x49, 0xCC, 0x49, 0x12, 0x3D,
    0xBB, 0xF3, 0x07, 0xC5, 0x9C, 0x0D, 0xA8, 0x25, 0x47, 0x76, 0xDF, 0x7F, 0xDD, 0x35, 0x33, 0xED,
    0xA8, 0xC3, 0x96, 0x80, 0xD9, 0x60, 0x8D, 0x62, 0xB5, 0x01, 0x13, 0x64, 0x59, 0xBA, 0xCD, 0x47,
    0x80, 0x4D, 0xD2, 0x5F, 0xB6, 0x42, 0x0C, 0x18, 0xF0, 0x04, 0x76, 0xD7, 0xC0, 0x02, 0x2B, 0x40,
    0x40, 0x22, 0xC3, 0x8E, 0x01, 0x03, 0x0A, 0xF4, 0x9B, 0xDB, 0xB1, 0x48, 0x02, 0x04, 0xD0, 0x00,
    0xB6, 0x17, 0x58, 0x88, 0x07, 0x50, 0x40, 0x7A, 0x03, 0x3B, 0x4B, 0x70, 0xC8, 0x85, 0xF4, 0xCC,
    0xAD, 0xD5, 0xE0, 0x18, 0x58, 0x40, 0x9D, 0x75, 0xE4, 0x05, 0x04, 0xDE, 0xF6, 0xEE, 0x2A, 0x4E,
    0x34, 0xD8, 0x53, 0xEB, 0xED, 0xD9, 0x6D, 0x8D, 0xFA, 0xDD, 0x4A, 0x9F, 0xBE, 0xC5, 0x7B, 0x6F,
    0x66, 0xF6, 0x43, 0x5A, 0xCD, 0xC6, 0x7D, 0xDF, 0x39, 0xEF, 0xA1, 0xAB, 0xAE, 0x3A, 0x75, 0xEA,
    0xD4, 0xFF, 0x9C, 0x3A, 0x75, 0x6A, 0x00, 0x48, 0x1A, 0x50, 0x1D, 0x30, 0x00, 0xE7, 0xE1, 0xF0,
    0xB0, 0xC1, 0x39, 0x13, 0xDC, 0x3B, 0x6C, 0x42, 0x0B, 0xAA, 0xDF, 0x7F, 0xAD, 0x0C, 0x44, 0xEF,
    0xBD, 0x46, 0xEC, 0x46, 0xF4, 0xDB, 0x17, 0xD1, 0x15, 0x68, 0x20, 0x01, 0x52, 0xA0, 0x00, 0x4A,
    0x37, 0xCE, 0x34, 0xC0, 0x99, 0x00, 0x92, 0xC8, 0x2C, 0x04, 0x8F, 0xA4, 0xCD, 0x67, 0x0E, 0x0F,
    0xD9, 0x3A, 0xC7, 0x4B, 0xBB, 0x43, 0x18, 0x00, 0x0B, 0x81, 0x85, 0xA5, 0x3D, 0x37, 0xCE, 0xE4,
    0x50, 0x46, 0x9B, 0x68, 0xFE, 0xC4, 0x33, 0xE9, 0x66, 0xA6, 0x2A, 0x6E, 0x34, 0x09, 0xC9, 0xB9,
    0x1D, 0xA9, 0x1E, 0x20, 0xA8, 0x00, 0x00, 0x6D, 0xE0, 0xF2, 0xBE, 0x81, 0xA0, 0xFA, 0xF1, 0xF2,
    0x19, 0x88, 0x0D, 0xE8, 0x86, 0x1F, 0x2A, 0x5F, 0x0E, 0x64, 0x00, 0xE7, 0x46, 0x58, 0x3B, 0x82,
    0xA3, 0xC4, 0x44, 0x7D, 0x88, 0x6E, 0x20, 0xF5, 0xDF, 0x17, 0x87, 0x57, 0xD8, 0xBA, 0x9E, 0x1B,
    0x9F, 0xA9, 0xD8, 0xC0, 0x42, 0xAD, 0xFF, 0xAE, 0xE4, 0x69, 0xF4, 0x07, 0x13, 0xCA, 0xF5, 0x70,
    0x1E, 0x88, 0x7B, 0xD8, 0xEE, 0x08, 0xDE, 0xBF, 0xD4, 0xA8, 0x5E, 0xA1, 0x8C, 0x97, 0x65, 0x00,
    0x76, 0x40, 0xD9, 0x41, 0x3C, 0x02, 0x47, 0x40, 0xB1, 0xD0, 0x2F, 0xCE, 0x74, 0x83, 0x96, 0xF2,
    0xF6, 0x40, 0xEC, 0xBA, 0x7D, 0x3B, 0x57, 0xB1, 0x81, 0x0D, 0xED, 0xDC, 0x46, 0xA7, 0x16, 0x9D,
    0xE8, 0x46, 0x57, 0x9A, 0x84, 0x94, 0x82, 0x9C, 0x8C, 0x80, 0x4A, 0x3F, 0xDF, 0xCD, 0x3F, 0x00,
    0x57, 0xC1, 0x12, 0x58, 0x42, 0x8B, 0xEA, 0xA5, 0x43, 0x65, 0x64, 0xE8, 0xB1, 0x41, 0x37, 0xE8,
    0x0A, 0x0D, 0x09, 0xA4, 0x50, 0x40, 0x8E, 0x1F, 0x71, 0x75, 0xA2, 0x12, 0xA1, 0x14, 0x58, 0xE1,
    0x55, 0xE2, 0xA9, 0x05, 0x36, 0x9C, 0x9E, 0xB1, 0x4C, 0xF5, 0xA4, 0xD7, 0x0D, 0xB1, 0x03, 0x2E,
    0x02, 0x5C, 0x38, 0xAC, 0x80, 0xD2, 0x35, 0xC0, 0xE5, 0xEB, 0x15, 0x30, 0x68, 0x00, 0x9B, 0x00,
    0x61, 0x9F, 0x02, 0xAA, 0x2B, 0x80, 0xC8, 0x94, 0x3B, 0x88, 0x9B, 0xD2, 0x75, 0x68, 0xEA, 0xC8,
    0x92, 0xD2, 0x32, 0x92, 0xCF, 0x34, 0x52, 0x33, 0x30, 0xCE, 0x64, 0xB1, 0xA1, 0x0D, 0x6C, 0xD4,
    0x97, 0x5D, 0xE8, 0x9C, 0x29, 0x2B, 0xE5, 0xDE, 0xE7, 0x0C, 0xEC, 0x87, 0xF9, 0xF3, 0x80, 0x25,
    0x5B, 0x44, 0xA9, 0x21, 0xB4, 0xB4, 0xA0, 0x7A, 0x36, 0xD2, 0x09, 0x03, 0x28, 0x83, 0x15, 0xB3,
    0x3C, 0x74, 0xDF, 0x21, 0x76, 0xF3, 0x83, 0x7E, 0xFB, 0xB7, 0xFA, 0xB4, 0xD1, 0x95, 0xEA, 0x22,
    0xA3, 0x51, 0x46, 0x99, 0x84, 0x68, 0xE6, 0x29, 0xB1, 0x89, 0x4D, 0x41, 0xDC, 0xA4, 0xE4, 0x68,
    0x77, 0x44, 0x36, 0xF3, 0xFE, 0x27, 0x98, 0xEA, 0xE4, 0x4D, 0x55, 0x0C, 0x34, 0xF6, 0xA6, 0x1A,
    0xCB, 0xD4, 0x34, 0x1A, 0x5D, 0x25, 0x68, 0x52, 0x12, 0x00, 0x6F, 0x0B, 0x29, 0x30, 0x02, 0x15,
    0x5C, 0xE5, 0x59, 0x6C, 0x30, 0x05, 0x56, 0x8D, 0xA1, 0xD5, 0x8D, 0xEA, 0x53, 0x54, 0x97, 0xA1,
    0xCC, 0x38, 0xCB, 0x6B, 0x89, 0x45, 0x2D, 0x5F, 0xEC, 0xD1, 0xBF, 0x6A, 0xD1, 0x8C, 0x24, 0xB4,
    0x88, 0x64, 0xC5, 0xC2, 0xB5, 0x48, 0xD7, 0x00, 0x10, 0xF5, 0xBE, 0xCD, 0x1C, 0x38, 0x2B, 0xED,
    0x3E, 0x81, 0xE5, 0x72, 0x60, 0x39, 0x0A, 0x7B, 0x35, 0xA9, 0x3E, 0x6E, 0xE7, 0x31, 0xD6, 0xCA,
    0xE4, 0x9B, 0xC8, 0x8C, 0x43, 0xFC, 0x7B, 0xD6, 0xEA, 0x5F, 0x37, 0x56, 0xCF, 0x0D, 0xEB, 0x22,
    0xEC, 0x93, 0x56, 0x75, 0x2B, 0xAB, 0x4C, 0xD9, 0xCD, 0x34, 0x8F, 0xA2, 0x24, 0x6E, 0x20, 0xA8,
    0xC8, 0xA2, 0x86, 0x3C, 0x81, 0x74, 0x82, 0xE0, 0x0A, 0xE7, 0xE0, 0xAA, 0x6E, 0x42, 0x1B, 0x37,
    0x62, 0x80, 0xC2, 0x35, 0xAA, 0xCB, 0x09, 0xFB, 0x9A, 0xC0, 0x0E, 0xF0, 0xDD, 0x1E, 0xBE, 0x67,
    0xC0, 0x35, 0xB0, 0x05, 0x0E, 0x80, 0x76, 0xAF, 0xAB, 0x75, 0x07, 0xAE, 0x82, 0xF3, 0xF8, 0x59,
    0xB3, 0xE4, 0x62, 0x3C, 0xA1, 0xA5, 0x56, 0x3D, 0xB3, 0x04, 0x8C, 0xCA, 0x30, 0x44, 0x06, 0x1B,
    0x9B, 0xC0, 0x4A, 0x3F, 0xBA, 0x52, 0xBD, 0xF4, 0x90, 0x20, 0x73, 0x13, 0xC9, 0xCC, 0x98, 0xD2,
    0xB9, 0x66, 0xA6, 0xEA, 0x21, 0xC3, 0xFC, 0x14, 0xC0, 0x05, 0xA0, 0x04, 0xB6, 0x15, 0x7C, 0x50,
    0x11, 0xBE, 0xD3, 0xA0, 0xFE, 0xB4, 0x61, 0x1E, 0xEC, 0x02, 0x5D, 0xB9, 0x32, 0xD4, 0x33, 0x09,
    0x34, 0x38, 0xD7, 0xA9, 0xF9, 0x13, 0x9B, 0xB9, 0x8F, 0x4A, 0x8C, 0x32, 0xB4, 0xF9, 0x4C, 0x1C,
    0xCE, 0x6B, 0xDB, 0x39, 0x3B, 0x43, 0xC7, 0x95, 0x87, 0xA1, 0xED, 0x22, 0xB1, 0x3B, 0x42, 0x37,
    0x97, 0x2A, 0x5D, 0xC5, 0x46, 0x13, 0x2D, 0x96, 0x93, 0xA2, 0x9B, 0x82, 0x94, 0xD2, 0x1D, 0xCD,
    0xD4, 0xC3, 0xE1, 0xEF, 0xC3, 0x2C, 0x63, 0x70, 0xF7, 0x52, 0xB7, 0x2C, 0xD8, 0x7E, 0xE6, 0xDD,
    0xFC, 0x5B, 0xC0, 0xEC, 0xBD, 0xAD, 0xC0, 0xA3, 0xB4, 0xC1, 0xBE, 0x0D, 0xB1, 0xBE, 0xBD, 0xED,
    0x15, 0xA4, 0x95, 0x6F, 0xE3, 0xD1, 0x40, 0xD8, 0x6C, 0xB9, 0x0D, 0x94, 0xCE, 0xC0, 0xCD, 0x6B,
    0x06, 0xD1, 0x2C, 0xA2, 0x5A, 0xC2, 0x79, 0xCC, 0x62, 0xB2, 0x2C, 0x23, 0x40, 0x57, 0x29, 0x68,
    0x0A, 0x58, 0xED, 0xC1, 0x20, 0x83, 0x0D, 0x35, 0x58, 0x5A, 0xE9, 0x79, 0x24, 0x91, 0x75, 0x93,
    0x0A, 0xCB, 0x21, 0x25, 0x83, 0x95, 0xB0, 0x6C, 0xCF, 0x7E, 0x17, 0x3E, 0xF5, 0x48, 0x9C, 0x42,
    0x70, 0x95, 0x17, 0x78, 0x2D, 0x9C, 0xB0, 0x6A, 0x08, 0x6E, 0xCC, 0xA2, 0xF6, 0xAC, 0x42, 0x9B,
    0x82, 0x0E, 0xFB, 0x0C, 0xB4, 0xEA, 0x36, 0x10, 0x3F, 0x6F, 0x2C, 0x44, 0xB7, 0x6F, 0x77, 0xC8,
    0x82, 0x36, 0x90, 0x7C, 0xFE, 0x1B, 0x06, 0x72, 0xFD, 0x6B, 0x3D, 0x8C, 0x7A, 0x41, 0x3D, 0xCD,
    0xB0, 0x8C, 0x6D, 0x83, 0xAE, 0x56, 0xD4, 0x14, 0xE4, 0xE4, 0xB4, 0x64, 0xA4, 0x10, 0x7F, 0x07,
    0x9C, 0x23, 0x9C, 0x21, 0x99, 0x2A, 0x36, 0x5E, 0xA3, 0x0D, 0x24, 0xF0, 0xCC, 0x04, 0x6B, 0x0B,
    0x9F, 0x3C, 0x02, 0x52, 0x4E, 0xA3, 0xE1, 0xCB, 0x5C, 0x66, 0x7D, 0x7B, 0x44, 0xBB, 0x0E, 0x3E,
    0xCD, 0x23, 0x5A, 0x67, 0x9C, 0x27, 0x32, 0xBF, 0x8B, 0xFA, 0x9F, 0x96, 0xD0, 0x19, 0xF8, 0xE5,
    0x47, 0xD2, 0xEE, 0xA3, 0xC1, 0x96, 0x0B, 0xC7, 0xF6, 0x73, 0x59, 0xEC, 0x67, 0x88, 0x17, 0x23,
    0x6A, 0x90, 0xB5, 0x89, 0xEA, 0xBC, 0xFD, 0x2C, 0x80, 0x89, 0x66, 0xC5, 0xF2, 0x32, 0x39, 0x19,
    0xD4, 0xD4, 0x30, 0xD0, 0x12, 0x5A, 0x46, 0xCA, 0x8E, 0x81, 0xB2, 0xC2, 0x7A, 0xE0, 0x7E, 0x8D,
    0xF0, 0x0A, 0x13, 0x71, 0x1F, 0x4C, 0xE8, 0x2E, 0x9C, 0x28, 0x8D, 0xFA, 0x6B, 0xD6, 0x46, 0xFD,
    0x05, 0x3F, 0x68, 0xD4, 0x5B, 0xC1, 0xED, 0x26, 0x7A, 0x4B, 0xBD, 0x55, 0xC5, 0xAF, 0x46, 0xAF,
    0xA2, 0x5F, 0xD5, 0x1A, 0x1D, 0x7F, 0x21, 0x41, 0x47, 0xF5, 0x8A, 0x44, 0x0D, 0x39, 0x2B, 0x65,
    0x33, 0x0A, 0x19, 0x50, 0x1E, 0x54, 0xF5, 0x62, 0xAF, 0x5E, 0x6D, 0xC7, 0xB0, 0x22, 0x7E, 0xA9,
    0x56, 0x1D, 0x1B, 0x81, 0x95, 0x19, 0xFE, 0x6D, 0xEC, 0x9C, 0xD5, 0x6F, 0x7F, 0xD6, 0xCA, 0x72,
    0xD7, 0xA8, 0x7E, 0x59, 0x76, 0x33, 0x15, 0x44, 0x26, 0x27, 0x6E, 0x96, 0x21, 0x9F, 0xFB, 0x3F,
    0xB0, 0x76, 0x84, 0xE2, 0xF5, 0x3B, 0xD5, 0x0B, 0x0C, 0xA5, 0x60, 0x0B, 0x18, 0xB2, 0x99, 0x6A,
    0xB0, 0xED, 0x42, 0xE1, 0x4C, 0xAA, 0xAF, 0x97, 0x77, 0x75, 0x93, 0xB2, 0xF6, 0x5E, 0xDF, 0x7B,
    0xEB, 0xC3, 0xC3, 0xD7, 0x71, 0xEE, 0x68, 0x5E, 0x0C, 0xED, 0x29, 0x88, 0xDB, 0x3C, 0x0C, 0x71,
    0xE1, 0x43, 0x10, 0xE7, 0x65, 0xA9, 0x38, 0x7C, 0x0D, 0x9C, 0x6B, 0x66, 0x18, 0xE9, 0xC3, 0xC5,
    0xF3, 0x63, 0x55, 0x37, 0x93, 0x09, 0x6D, 0x64, 0x54, 0x17, 0xBF, 0x7D, 0xC9, 0x68, 0xB7, 0x43,
    0xBF, 0x77, 0xE5, 0x43, 0x44, 0x31, 0x4F, 0xDE, 0x17, 0xC5, 0x14, 0xC7, 0xEE, 0xFC, 0xC4, 0xA5,
    0xB7, 0x3F, 0x26, 0x8A, 0x39, 0x76, 0x81, 0x37, 0xDF, 0x80, 0xFA, 0x87, 0xC6, 0x01, 0x84, 0x42,
    0x0F, 0xC3, 0x14, 0xB1, 0x87, 0xA9, 0x47, 0xE6, 0x3E, 0xC8, 0x8E, 0x59, 0x8D, 0x0C, 0xAF, 0x27,
    0x72, 0x6E, 0x22, 0x69, 0xEC, 0x9A, 0x02, 0xAB, 0xAB, 0x5A, 0xB4, 0xDB, 0x86, 0xBD, 0x6E, 0x36,
    0xAA, 0xD3, 0x55, 0x2B, 0x5D, 0xE5, 0x4A, 0x00, 0xF6, 0x8B, 0xFF, 0x63, 0x12, 0xD0, 0xE8, 0xE1,
    0xFA, 0xFF, 0x05, 0x34, 0x78, 0x76, 0x16, 0xE0, 0x2A, 0x2F, 0x32, 0x30, 0x30, 0x8A, 0xED, 0xC4,
    0x86, 0x5C, 0x43, 0x91, 0x43, 0xB2, 0x01, 0x6D, 0x41, 0x1B, 0x48, 0x3A, 0x28, 0x7A, 0xB8, 0x6B,
    0x09, 0x7B, 0x01, 0x99, 0x0D, 0xDA, 0x03, 0x4C, 0x4B, 0x79, 0xBF, 0x73, 0xEB, 0x79, 0xD8, 0xB9,
    0x35, 0x0F, 0x3B, 0xB7, 0xD5, 0x89, 0x73, 0xB3, 0x42, 0x5E, 0x9F, 0xFD, 0x4C, 0x5E, 0x97, 0xAA,
    0x79, 0x82, 0x73, 0x14, 0x68, 0x72, 0x12, 0x32, 0x52, 0x6A, 0x56, 0xB4, 0x1E, 0xD2, 0x5A, 0x6A,
    0xCA, 0x3F, 0x9C, 0x48, 0xDC, 0x48, 0xF0, 0xE2, 0xA9, 0x29, 0x79, 0x10, 0x87, 0xAF, 0x86, 0xCD,
    0x63, 0x60, 0x45, 0x1D, 0x81, 0x95, 0xA5, 0x1B, 0xDA, 0xD8, 0xA4, 0x88, 0x9D, 0x17, 0x88, 0xA6,
    0x72, 0xE4, 0xBB, 0x0C, 0xF9, 0xAE, 0x46, 0xBE, 0x6B, 0x91, 0xEF, 0x46, 0xE4, 0xBB, 0x01, 0xF9,
    0xCE, 0x92, 0x30, 0x2B, 0x98, 0x14, 0x31, 0xED, 0x62, 0x51, 0xD6, 0x2C, 0xB5, 0xEB, 0x16, 0xFE,
    0xB3, 0xEE, 0x65, 0xF2, 0x1C, 0x6F, 0x80, 0xF0, 0xC7, 0x00, 0xD8, 0x53, 0xBC, 0xE7, 0x99, 0xD7,
    0x61, 0x7B, 0x04, 0x2F, 0xB5, 0x3C, 0x6C, 0xAF, 0xA2, 0x25, 0xE7, 0x9A, 0xD0, 0x3E, 0xD9, 0x85,
    0xBD, 0xB2, 0xAA, 0x0B, 0xAD, 0x5F, 0x53, 0x7D, 0x6C, 0x12, 0x13, 0x3B, 0x87, 0x76, 0x03, 0x5C,
    0x65, 0x99, 0x4A, 0xB2, 0x40, 0x58, 0x68, 0xA1, 0x55, 0x3D, 0xCC, 0x26, 0x05, 0x83, 0x32, 0x60,
    0x23, 0xD7, 0x63, 0x63, 0x77, 0x24, 0x08, 0xBB, 0x16, 0xA7, 0xAA, 0x5F, 0xE9, 0x34, 0xFA, 0x15,
    0x93, 0x08, 0x4B, 0xD1, 0xE2, 0xD4, 0x2F, 0x4B, 0x80, 0x3B, 0xE9, 0xAA, 0x74, 0x57, 0x34, 0x5C,
    0xFD, 0xD1, 0xB3, 0x23, 0xAD, 0xC5, 0x6E, 0xE7, 0xE3, 0x0B, 0x6D, 0x34, 0xB3, 0x38, 0xC4, 0x3E,
    0xBE, 0x58, 0x53, 0x2E, 0x83, 0xEF, 0xE0, 0xC9, 0x9E, 0x40, 0xE2, 0xCE, 0xEF, 0xAC, 0x09, 0xD0,
    0x0D, 0xC4, 0x06, 0xD4, 0x9E, 0x0E, 0xAF, 0x2D, 0xF1, 0x0D, 0x9F, 0xF9, 0xDC, 0xA9, 0x28, 0x21,
    0x01, 0x0A, 0x7E, 0x37, 0x98, 0x58, 0x5F, 0xB7, 0x24, 0xAE, 0x81, 0x8B, 0xC0, 0x55, 0x69, 0x09,
    0x8B, 0x3B, 0x22, 0xB0, 0x6A, 0x58, 0x23, 0xE3, 0xD0, 0x46, 0xF5, 0x02, 0x45, 0x7B, 0x6F, 0xA1,
    0x4C, 0x8B, 0xEA, 0xA2, 0xF7, 0x86, 0x99, 0xC7, 0xCE, 0xCA, 0xC4, 0xFD, 0xF9, 0xC2, 0x2B, 0x4B,
    0x6C, 0x34, 0x16, 0xDD, 0x24, 0x58, 0x12, 0x52, 0x46, 0x0A, 0x0A, 0x0E, 0x98, 0xC8, 0x29, 0xEF,
    0x58, 0x32, 0x62, 0xE9, 0x69, 0xEF, 0x2B, 0x79, 0xE9, 0x35, 0x12, 0x37, 0xB1, 0xFE, 0x83, 0x91,
    0x91, 0x21, 0xB4, 0xD8, 0xB0, 0x9F, 0x49, 0x62, 0xFB, 0x21, 0xEC, 0x71, 0xD7, 0x3A, 0x52, 0x67,
    0x48, 0x23, 0xB3, 0x2C, 0xBD, 0x21, 0x6E, 0x54, 0xBF, 0xD7, 0x42, 0x8A, 0xA6, 0x26, 0xD9, 0x6F,
    0x50, 0xB6, 0x3F, 0x68, 0xC2, 0xF7, 0xB7, 0x8D, 0x68, 0x46, 0x57, 0xFB, 0xD8, 0xBA, 0x60, 0x45,
    0x4E, 0x41, 0x46, 0x46, 0x4E, 0x4D, 0x11, 0x4C, 0xA4, 0xD7, 0x47, 0xF4, 0xD1, 0x06, 0x2A, 0x80,
    0x7F, 0xD0, 0x10, 0x3B, 0xC3, 0x7A, 0x57, 0x85, 0x23, 0x44, 0x1D, 0xE8, 0x0A, 0x56, 0x8F, 0x55,
    0xE4, 0xCE, 0x52, 0x7E, 0x7D, 0xE4, 0x26, 0x2D, 0x2D, 0x35, 0xC3, 0x31, 0x6D, 0xD8, 0xC8, 0x5F,
    0xCA, 0x52, 0x5E, 0x37, 0xE8, 0x1D, 0x7B, 0x9D, 0x9D, 0x6B, 0xD8, 0x8E, 0xE1, 0xDD, 0x36, 0x36,
    0x99, 0x26, 0x4B, 0xCF, 0x0D, 0xA5, 0xEB, 0x8A, 0x6B, 0x43, 0x46, 0x9B, 0x51, 0x17, 0x8C, 0xE9,
    0x35, 0x2B, 0xA3, 0xFE, 0x34, 0xFC, 0x6B, 0x22, 0x67, 0xF4, 0x17, 0x3B, 0xC2, 0x65, 0x03, 0x96,
    0x36, 0xE1, 0x11, 0x49, 0x4F, 0x01, 0x2D, 0x6C, 0x02, 0x2E, 0x5F, 0x6A, 0xD2, 0x23, 0x82, 0x0A,
    0x6E, 0x02, 0xDB, 0x0E, 0x44, 0x38, 0x5A, 0xA0, 0x80, 0x20, 0x81, 0xF5, 0x1D, 0xC2, 0x9D, 0x23,
    0xEE, 0x52, 0x3F, 0x56, 0xBF, 0xFC, 0x59, 0x91, 0xF9, 0x78, 0xA6, 0x08, 0x06, 0x92, 0xDB, 0x1D,
    0x91, 0xAB, 0xBC, 0x7C, 0x15, 0x5B, 0xAB, 0xEE, 0xB6, 0xBA, 0xC9, 0x12, 0x9E, 0x2B, 0xC8, 0x4B,
    0x37, 0x15, 0x87, 0xAF, 0x67, 0x90, 0x43, 0x09, 0xFA, 0x76, 0x3F, 0x8B, 0xC5, 0x79, 0x42, 0x81,
    0x53, 0x65, 0x35, 0xA3, 0x1A, 0x12, 0x35, 0xB0, 0x59, 0xC5, 0x86, 0xEC, 0x39, 0x0D, 0xF9, 0xC1,
    0x01, 0x8B, 0xB1, 0xB1, 0x9D, 0x59, 0x60, 0x37, 0x19, 0xAA, 0x1B, 0x56, 0xE8, 0xC6, 0x26, 0xA4,
    0x82, 0xAF, 0x07, 0x81, 0x44, 0x01, 0x17, 0xAA, 0xD0, 0x59, 0xF5, 0xEE, 0x04, 0x35, 0xB4, 0x9C,
    0xB3, 0x6C, 0x0D, 0xBF, 0x6D, 0x61, 0x80, 0xF1, 0x97, 0x18, 0xCA, 0x6B, 0x56, 0xBB, 0x66, 0x91,
    0x4A, 0x24, 0x4F, 0xC8, 0x56, 0xD4, 0xB9, 0x28, 0x6A, 0xCC, 0x18, 0x6A, 0xEC, 0x26, 0xB0, 0x63,
    0x68, 0x47, 0xDD, 0x6F, 0xB7, 0x5D, 0xF9, 0x6D, 0x73, 0x16, 0x00, 0xFA, 0x5F, 0xC0, 0x66, 0x6C,
    0x2D, 0x69, 0x03, 0x1F, 0xE9, 0xDD, 0x73, 0xDE, 0xA3, 0xDF, 0x24, 0x36, 0x96, 0xF8, 0xF7, 0x7A,
    0xF4, 0x17, 0x0D, 0xDA, 0x55, 0x88, 0x1C, 0x62, 0x59, 0x2B, 0x65, 0xC8, 0xC3, 0x9E, 0x0C, 0x3B,
    0xD3, 0x08, 0xC0, 0x12, 0xCF, 0x25, 0xD7, 0x0C, 0x79, 0x64, 0xC8, 0x62, 0xC3, 0xCB, 0x71, 0xC3,
    0xA0, 0x2B, 0xAC, 0x26, 0x90, 0x28, 0xA1, 0x93, 0xE5, 0xB0, 0x62, 0x5D, 0xE5, 0xDC, 0x24, 0xE3,
    0x71, 0x80, 0x33, 0x00, 0x37, 0x29, 0x2B, 0x76, 0xAC, 0xC1, 0xE1, 0xE0, 0x4E, 0x78, 0x87, 0xE0,
    0x8E, 0xFA, 0x1B, 0xC2, 0x77, 0x7E, 0xF3, 0x00, 0xF5, 0xA7, 0xFF, 0x29, 0x43, 0xDD, 0x6A, 0x33,
    0xA2, 0x5B, 0x63, 0x8D, 0x7E, 0xC5, 0x6E, 0x58, 0x87, 0xDD, 0xC0, 0x0D, 0xB0, 0xFB, 0x46, 0x00,
    0xD4, 0xE2, 0x09, 0xF7, 0x5B, 0x81, 0xB8, 0xD1, 0xE8, 0x3F, 0xB8, 0xC4, 0xE2, 0xD5, 0xDD, 0x11,
    0xE9, 0x32, 0xD5, 0xB5, 0x47, 0xF9, 0xCD, 0x4C, 0x83, 0x37, 0x40, 0xF5, 0xFE, 0x8D, 0xD8, 0xA4,
    0x09, 0xC9, 0x0A, 0x9D, 0x93, 0x64, 0xA4, 0x19, 0x45, 0x4E, 0x3D, 0x9B, 0x43, 0x72, 0xA7, 0x17,
    0x63, 0x58, 0xD6, 0xB7, 0x7A, 0xEB, 0x48, 0xED, 0xB6, 0x71, 0x9F, 0xC4, 0x4D, 0xA2, 0xAB, 0x54,
    0xB3, 0xD2, 0xE4, 0xE9, 0x89, 0x2E, 0x37, 0x4B, 0x8B, 0xFF, 0x0A, 0xBE, 0xE7, 0x2A, 0xDC, 0x1F,
    0x99, 0x70, 0x50, 0x02, 0x89, 0xFD, 0x7E, 0xB7, 0x32, 0x73, 0x33, 0x8B, 0x27, 0x9F, 0x46, 0x56,
    0x62, 0x89, 0xBE, 0x37, 0xA1, 0xD7, 0x3D, 0xE9, 0xD9, 0xFB, 0x33, 0x03, 0x35, 0x00, 0x1C, 0x0B,
    0xB7, 0x89, 0x0D, 0x1A, 0x52, 0x7C, 0x6E, 0xC1, 0x5B, 0x1F, 0x55, 0x72, 0xDB, 0x44, 0xFB, 0xD5,
    0x11, 0xCC, 0x5E, 0x42, 0xBD, 0x35, 0xA5, 0xC3, 0x2C, 0xE0, 0xBD, 0x29, 0xEE, 0xD3, 0xA6, 0x95,
    0x30, 0xB2, 0xD5, 0x55, 0xC1, 0x46, 0x93, 0x33, 0x2C, 0x5E, 0x20, 0xA5, 0xC6, 0xAE, 0xD8, 0xC8,
    0xEE, 0x6C, 0x94, 0x4D, 0xC0, 0x20, 0xB8, 0x64, 0x95, 0x01, 0x90, 0xB4, 0x40, 0xB0, 0xC4, 0x45,
    0xE2, 0x59, 0x75, 0xC5, 0x90, 0xC0, 0x26, 0x87, 0x97, 0x6B, 0xA8, 0x07, 0xC8, 0x2D, 0x94, 0x66,
    0xA6, 0xE6, 0x24, 0x9B, 0x51, 0x03, 0x03, 0x94, 0x3D, 0xAC, 0x1B, 0xFC, 0xA3, 0x8F, 0x59, 0x02,
    0xB0, 0xC2, 0x0F, 0xEE, 0x89, 0xEC, 0x45, 0x70, 0xCE, 0xA1, 0xBE, 0xEF, 0x2E, 0x35, 0xDA, 0xB4,
    0x82, 0x3B, 0x43, 0x6C, 0x56, 0xD8, 0xD8, 0xE4, 0x33, 0x6B, 0x32, 0x71, 0xE7, 0x99, 0x44, 0x71,
    0x99, 0x18, 0x4A, 0x1E, 0x75, 0x35, 0xE5, 0xF5, 0x7B, 0x23, 0xFA, 0x03, 0xD7, 0x11, 0xFC, 0xC6,
    0xBF, 0x03, 0x74, 0xF5, 0x70, 0x17, 0xC7, 0xCF, 0xA8, 0x3A, 0x6A, 0xDD, 0x90, 0xA7, 0xB0, 0xAA,
    0x7D, 0x9C, 0xD1, 0x41, 0x2A, 0x51, 0x77, 0x4F, 0x60, 0xAD, 0xAC, 0x3E, 0x74, 0xD3, 0x52, 0x90,
    0x7D, 0x98, 0xF5, 0x30, 0x96, 0x7F, 0x39, 0x9D, 0x65, 0xB3, 0x78, 0x46, 0x0B, 0x16, 0x2A, 0x20,
    0xC7, 0x66, 0xD8, 0x7A, 0x5E, 0xCE, 0x61, 0x3F, 0xBB, 0xB0, 0x9B, 0x9F, 0x33, 0xA5, 0x33, 0xE7,
    0xE6, 0xF5, 0x11, 0xFB, 0x84, 0x10, 0x1A, 0x00, 0x16, 0xBD, 0x27, 0x7B, 0xBD, 0xB7, 0x81, 0xCD,
    0xD9, 0x9C, 0xD6, 0x7B, 0x1D, 0xCC, 0x6C, 0x23, 0xDE, 0x72, 0x14, 0x87, 0x3E, 0x6A, 0x5B, 0x56,
    0xDB, 0x9B, 0x3B, 0x47, 0xD9, 0xBB, 0x57, 0x39, 0xCB, 0x79, 0x7E, 0xCA, 0x56, 0x1A, 0x69, 0xA5,
    0x9F, 0x5B, 0xF9, 0x0F, 0x76, 0x6E, 0x25, 0xEC, 0x01, 0xD5, 0x09, 0x33, 0x78, 0x16, 0x00, 0x6C,
    0x27, 0x5E, 0x1A, 0xF1, 0xC9, 0xAD, 0x0F, 0x06, 0xE5, 0x26, 0xD5, 0xE5, 0xF3, 0xF2, 0x8C, 0xCD,
    0xCC, 0x6B, 0xF5, 0xFD, 0x21, 0x58, 0xD0, 0x0D, 0x40, 0x57, 0xD4, 0x1A, 0x36, 0x09, 0x0C, 0x2B,
    0xB0, 0xC5, 0x0E, 0x5B, 0xBA, 0xAF, 0xDA, 0x36, 0x7A, 0xB3, 0x1F, 0xD5, 0xAD, 0x6E, 0x50, 0xB7,
    0xCC, 0x18, 0xBF, 0x62, 0x6E, 0x6E, 0x23, 0x93, 0x8E, 0x71, 0x13, 0x54, 0x00, 0x27, 0xD9, 0xB1,
    0x15, 0x14, 0x8E, 0xD2, 0x99, 0x56, 0x75, 0xB3, 0xED, 0x0D, 0x33, 0x8F, 0xCC, 0xCD, 0x4B, 0xA4,
    0x13, 0x41, 0x05, 0x17, 0x08, 0x5D, 0xAF, 0xFE, 0x7C, 0x84, 0xD6, 0x5B, 0xB8, 0x9B, 0x38, 0x6C,
    0xA1, 0x86, 0xE1, 0x71, 0x65, 0x8B, 0xEB, 0x26, 0xD9, 0x11, 0x5C, 0x44, 0x8C, 0x5D, 0x90, 0x69,
    0x87, 0x9A, 0x5F, 0xAF, 0xE2, 0xAF, 0xDA, 0xD8, 0xC4, 0xAF, 0x48, 0xF2, 0xE9, 0x4B, 0x46, 0x19,
    0xED, 0x9A, 0x68, 0x66, 0x55, 0x6C, 0x52, 0x49, 0x1A, 0xAD, 0xE2, 0x26, 0x11, 0x24, 0x2A, 0xC8,
    0xD4, 0xBD, 0x91, 0x0C, 0xD7, 0x03, 0x1E, 0x1A, 0x59, 0xBB, 0x2A, 0xD8, 0x5D, 0x47, 0x75, 0x27,
    0x9B, 0x17, 0xF5, 0xFE, 0x01, 0xD2, 0x33, 0xEF, 0xEF, 0x37, 0x25, 0xB3, 0x4A, 0x29, 0xAB, 0x81,
    0x03, 0x3C, 0xCA, 0xFC, 0x32, 0xA4, 0xA0, 0x1B, 0x94, 0x81, 0x9E, 0x8F, 0xE2, 0x23, 0x00, 0xB2,
    0x94, 0x3A, 0xE5, 0xF1, 0x33, 0x1F, 0xE9, 0x45, 0x71, 0x79, 0x3D, 0x4F, 0xBE, 0x77, 0xA5, 0x74,
    0x7D, 0xBC, 0x37, 0xB1, 0x7F, 0xDF, 0xEB, 0xF5, 0xA8, 0xEF, 0x4E, 0x49, 0x53, 0xA7, 0x64, 0x05,
    0x59, 0x4E, 0x96, 0x51, 0xD7, 0xB4, 0x1B, 0xC6, 0x91, 0x61, 0x08, 0xAC, 0xBC, 0x13, 0x19, 0x74,
    0x13, 0x6E, 0x51, 0x93, 0xA8, 0x4E, 0xC0, 0x29, 0x18, 0x89, 0x3A, 0x74, 0x45, 0x06, 0x7C, 0x04,
    0xB7, 0x7A, 0x1A, 0x8C, 0x12, 0x28, 0x97, 0x94, 0x64, 0x71, 0xE8, 0xF1, 0xA8, 0x80, 0x13, 0x30,
    0xBA, 0x50, 0x21, 0x9E, 0xEC, 0x8F, 0x95, 0x41, 0x7E, 0x06, 0xD8, 0x41, 0x6A, 0x50, 0xB2, 0xFE,
    0x9E, 0x0E, 0xFB, 0xF2, 0x4B, 0x26, 0xDE, 0x63, 0xEA, 0xC5, 0x60, 0x08, 0x07, 0xF9, 0x03, 0x3C,
    0x38, 0x1E, 0x67, 0x61, 0x57, 0xE4, 0x64, 0xD4, 0x00, 0x89, 0x6E, 0x52, 0xDD, 0x48, 0xD6, 0x1C,
    0x80, 0x7D, 0xB3, 0xA2, 0x87, 0xFB, 0x73, 0xAF, 0x2B, 0x3C, 0x3E, 0xD6, 0x00, 0x17, 0x09, 0x06,
    0xC2, 0x01, 0x2E, 0xDE, 0xF7, 0x5A, 0x74, 0xFF, 0x0A, 0x4D, 0x4E, 0x5E, 0xF3, 0x6F, 0x6E, 0x60,
    0xE0, 0x49, 0x4B, 0x69, 0x38, 0x0B, 0x27, 0x2E, 0x8D, 0xF4, 0x9A, 0x41, 0x4C, 0x89, 0xC5, 0xAB,
    0xF1, 0xB2, 0xDE, 0x1A, 0x06, 0xED, 0x2C, 0x36, 0xA9, 0x86, 0xA0, 0x4F, 0x65, 0x35, 0xAE, 0x04,
    0x3B, 0xD3, 0xC0, 0x96, 0xD5, 0x6C, 0x8C, 0x37, 0x89, 0x1C, 0x8F, 0x1F, 0x0B, 0x20, 0x39, 0x4D,
    0x61, 0x15, 0xE2, 0x9C, 0x10, 0xC3, 0x14, 0xF7, 0xB4, 0xAD, 0xB4, 0x73, 0x4E, 0xB6, 0x9E, 0x12,
    0x28, 0xD6, 0x61, 0xBF, 0xA2, 0x96, 0x7D, 0x5C, 0x1D, 0x99, 0x8C, 0xF2, 0x7A, 0x95, 0x91, 0x1C,
    0x01, 0x41, 0xF5, 0xE3, 0xAD, 0x20, 0x5B, 0xAC, 0xA0, 0xCE, 0xD9, 0x78, 0x00, 0xC3, 0x8E, 0x81,
    0x95, 0x50, 0x90, 0x0B, 0xEC, 0xB3, 0xF9, 0xFB, 0xEC, 0x2D, 0x1A, 0xE0, 0xA7, 0xF4, 0xEF, 0x2F,
    0xC2, 0x01, 0xA4, 0x10, 0x57, 0x4B, 0x5B, 0x1F, 0x31, 0x16, 0x41, 0xD3, 0xA1, 0x65, 0xF2, 0x9C,
    0x0F, 0xCF, 0xE0, 0x91, 0x79, 0x9E, 0x8F, 0x24, 0x8D, 0xB7, 0xA1, 0x86, 0xB3, 0x90, 0xCB, 0xEF,
    0x4D, 0x8D, 0x6E, 0x18, 0x85, 0x07, 0xB6, 0x45, 0x57, 0xE1, 0xC2, 0x55, 0xDF, 0x92, 0x54, 0x12,
    0xB6, 0x97, 0x55, 0x3C, 0xF3, 0x6D, 0x25, 0x9E, 0xC3, 0x55, 0x09, 0x75, 0x78, 0xA7, 0x29, 0xA8,
    0xD5, 0x5B, 0x4D, 0x4D, 0xAE, 0x5F, 0x35, 0x23, 0x45, 0x32, 0x63, 0x11, 0x45, 0x1E, 0xDD, 0xEA,
    0x49, 0x6B, 0xF5, 0x8E, 0x21, 0xB1, 0xCA, 0x81, 0xEE, 0xC3, 0x23, 0xD0, 0x86, 0xE3, 0x01, 0x3F,
    0x2D, 0x9F, 0x8C, 0x9A, 0x2C, 0xA3, 0xA5, 0xAD, 0x69, 0xA5, 0xE7, 0x0D, 0xB6, 0x66, 0x96, 0xB3,
    0x0E, 0x46, 0x65, 0x32, 0x35, 0x49, 0x4C, 0xDC, 0x6A, 0xF2, 0xA7, 0xB2, 0x15, 0x45, 0x96, 0xD5,
    0xA4, 0x43, 0x31, 0xA0, 0xFB, 0xB4, 0x47, 0x8B, 0x2D, 0xF1, 0xF4, 0x49, 0xBC, 0x70, 0x61, 0x77,
    0x48, 0xE9, 0x1C, 0x17, 0xEE, 0xBD, 0x71, 0xB2, 0x21, 0xBA, 0x77, 0x91, 0xD0, 0x1D, 0xA1, 0xDE,
    0xDD, 0xFA, 0x84, 0xBA, 0x6E, 0x62, 0x21, 0x59, 0x63, 0xD5, 0x1A, 0xED, 0x64, 0x8F, 0xDB, 0x01,
    0x57, 0x61, 0x8E, 0x6D, 0x20, 0xDA, 0x6D, 0x21, 0xEE, 0x13, 0xBC, 0x75, 0x56, 0xE9, 0x3C, 0x5E,
    0xD9, 0x24, 0x25, 0x14, 0x62, 0x9D, 0x59, 0xD0, 0xAF, 0x64, 0x1F, 0x9E, 0x93, 0xA9, 0xC5, 0x3A,
    0x9B, 0x0C, 0x7D, 0x04, 0x27, 0x8B, 0x2C, 0xB0, 0x24, 0xB2, 0x17, 0xC4, 0x39, 0x09, 0x7C, 0xC6,
    0xA0, 0x51, 0x9D, 0xEE, 0x10, 0x4B, 0xAB, 0x40, 0x70, 0x18, 0x44, 0x8F, 0xA0, 0xDF, 0x3E, 0xFA,
    0xCC, 0x45, 0xC4, 0xF6, 0xED, 0xC2, 0x7B, 0x52, 0x11, 0x9A, 0xD5, 0xC2, 0x8B, 0x85, 0xE7, 0x0C,
    0x40, 0xCD, 0x04, 0xB4, 0xAC, 0x79, 0x9C, 0x91, 0xD4, 0x8D, 0x0C, 0x44, 0x6E, 0x00, 0x38, 0xBF,
    0x64, 0xD2, 0xBF, 0x5C, 0xA9, 0x3E, 0x96, 0x04, 0x74, 0xFA, 0x07, 0x46, 0x99, 0x03, 0x16, 0xD0,
    0x46, 0x26, 0x43, 0x5A, 0x3E, 0x12, 0x36, 0xA1, 0x55, 0x0F, 0x89, 0xB0, 0x54, 0x58, 0x11, 0x0E,
    0x90, 0xE3, 0x6E, 0x52, 0x53, 0xFA, 0x05, 0x26, 0x2F, 0x82, 0x88, 0x9B, 0xF4, 0x50, 0xCC, 0x74,
    0xC3, 0x82, 0x15, 0x20, 0xB5, 0x44, 0x6F, 0x0F, 0x68, 0xB7, 0xEF, 0x3F, 0xCF, 0x64, 0xD6, 0xC4,
    0xF9, 0x67, 0xAA, 0x1F, 0xF2, 0xD8, 0xD8, 0x42, 0x57, 0x76, 0x35, 0x0F, 0x20, 0xCD, 0xC3, 0x3E,
    0x59, 0x9C, 0x04, 0x3B, 0x08, 0x9D, 0x28, 0x16, 0xE2, 0x57, 0x21, 0xD1, 0x95, 0x20, 0x26, 0x6B,
    0x67, 0xF8, 0xFE, 0x5F, 0x99, 0xF0, 0x7B, 0x7F, 0x66, 0xD4, 0xAD, 0x5B, 0x46, 0xBF, 0x72, 0xAB,
    0x4B, 0xE2, 0x5B, 0x7D, 0x31, 0xA7, 0x21, 0x45, 0x79, 0x84, 0x96, 0x72, 0x1E, 0x0F, 0xEB, 0x59,
    0x73, 0x7C, 0xD0, 0x28, 0x13, 0xFE, 0xC0, 0x44, 0xF3, 0xFF, 0x6A, 0xE2, 0xF9, 0xFF, 0x35, 0xFA,
    0xED, 0x4B, 0xBF, 0xD5, 0x2D, 0xEA, 0x5A, 0x58, 0xCA, 0xF0, 0xB7, 0x76, 0x15, 0x7E, 0xF7, 0xBB,
    0xB6, 0x98, 0xBD, 0xB0, 0xCD, 0xE7, 0x0D, 0xF3, 0x50, 0x27, 0xCA, 0x8C, 0x6D, 0xAE, 0xCC, 0x66,
    0x6C, 0x23, 0xD3, 0x0E, 0x43, 0xDC, 0xD4, 0xC1, 0x95, 0xE0, 0x2A, 0x32, 0x1F, 0xB2, 0xEF, 0x9C,
    0xC4, 0x1A, 0x32, 0x99, 0x8C, 0x8C, 0xD8, 0xD4, 0xB9, 0xE8, 0x67, 0xE7, 0x99, 0x7A, 0xE7, 0x8F,
    0x48, 0xE2, 0xB7, 0x3E, 0x4F, 0x9A, 0x68, 0x4D, 0x51, 0xCC, 0x52, 0xE7, 0xF5, 0x4A, 0x37, 0xF5,
    0x50, 0xC4, 0x0D, 0x92, 0x4D, 0xF1, 0x8C, 0xB8, 0x23, 0x21, 0xA9, 0xD0, 0xCD, 0x01, 0xCC, 0x3D,
    0x82, 0xFA, 0x76, 0x0F, 0x81, 0x6B, 0x20, 0x75, 0x03, 0xDC, 0xDC, 0xC9, 0x6E, 0xA7, 0x2D, 0x50,
    0xFD, 0x98, 0x12, 0x9B, 0x21, 0x45, 0x37, 0x36, 0x25, 0x09, 0x67, 0x56, 0x84, 0x12, 0xCD, 0xA8,
    0x3E, 0x91, 0x80, 0x2D, 0x91, 0xD4, 0xE8, 0x61, 0x25, 0x2D, 0xCF, 0xEC, 0xF0, 0x26, 0x68, 0x46,
    0x88, 0x5F, 0xE9, 0x41, 0x7D, 0xB3, 0x81, 0xC4, 0x19, 0xD8, 0x3A, 0x4B, 0x60, 0xAD, 0x0C, 0xC1,
    0xB6, 0x32, 0xBB, 0x35, 0x73, 0x8A, 0x3A, 0x23, 0x5D, 0xF2, 0x96, 0xCA, 0xE4, 0xCC, 0xEA, 0x77,
    0x6E, 0x0C, 0x25, 0xE9, 0x33, 0x2C, 0xBB, 0xEE, 0x5E, 0xD2, 0x23, 0xBA, 0x11, 0xC7, 0x52, 0x22,
    0x09, 0x89, 0x89, 0xD8, 0x04, 0xDF, 0xB3, 0xE8, 0xB7, 0x3F, 0xE3, 0x0C, 0xA2, 0xC2, 0x51, 0xF8,
    0xCD, 0x23, 0x52, 0x86, 0x3A, 0x95, 0x44, 0x68, 0x2B, 0xB6, 0x6E, 0xC6, 0x84, 0x5C, 0x9B, 0x41,
    0x53, 0xEB, 0xCA, 0x6A, 0xDA, 0x34, 0x98, 0xF9, 0x98, 0x4B, 0xA2, 0x69, 0x68, 0x65, 0x27, 0x1D,
    0x5C, 0x79, 0xE9, 0xF0, 0x0D, 0xD5, 0xCF, 0x4A, 0x9B, 0x83, 0xBF, 0xC3, 0x69, 0xEE, 0x5E, 0xC2,
    0xAF, 0x24, 0x96, 0x69, 0xFA, 0xF2, 0xD2, 0x72, 0x25, 0xAC, 0xD3, 0xEA, 0xCF, 0xBE, 0x6E, 0x13,
    0xFD, 0xCA, 0x57, 0x6D, 0x9A, 0x28, 0x63, 0x8B, 0x22, 0x32, 0x43, 0x5E, 0xC7, 0xCD, 0x50, 0x8F,
    0xBA, 0x1A, 0x09, 0xB8, 0x48, 0x74, 0xCB, 0x12, 0xDE, 0xB9, 0x02, 0x3B, 0x48, 0x5C, 0x85, 0xAC,
    0x85, 0x41, 0x59, 0x08, 0x4E, 0x67, 0x36, 0x3A, 0xB8, 0x24, 0x1E, 0x18, 0xB6, 0x3B, 0x20, 0xA9,
    0x20, 0x3E, 0x7D, 0x7A, 0x61, 0x60, 0x5D, 0x05, 0xD7, 0x77, 0xA4, 0xAE, 0x67, 0xFB, 0xFB, 0x30,
    0x02, 0xD3, 0xD9, 0x8A, 0xAD, 0x37, 0x5A, 0x00, 0xFE, 0x5E, 0xD8, 0xA0, 0xB5, 0x41, 0x1D, 0x41,
    0xBC, 0x6C, 0x49, 0xE1, 0xDF, 0x5C, 0x6A, 0x4E, 0x72, 0x1B, 0x29, 0x24, 0x13, 0xA4, 0x23, 0x50,
    0x9C, 0x4A, 0x83, 0x5E, 0x86, 0x4B, 0x13, 0xB1, 0xA4, 0xA5, 0xAE, 0x40, 0xE6, 0x8F, 0x6D, 0xA5,
    0xDD, 0xF0, 0x3F, 0xBF, 0x88, 0x84, 0xF0, 0xA3, 0x6E, 0x0A, 0x06, 0xDD, 0xE4, 0x58, 0x4D, 0x2D,
    0xF3, 0xDB, 0xCA, 0x4C, 0x8F, 0xAA, 0x2F, 0x64, 0x92, 0x0B, 0x01, 0xF7, 0x42, 0xC2, 0xFB, 0x52,
    0xFE, 0x73, 0xFA, 0x7C, 0x7F, 0x43, 0xD4, 0x34, 0x10, 0x3A, 0xD7, 0xC0, 0x93, 0x1D, 0x7B, 0x21,
    0xD0, 0x8D, 0xB0, 0xCA, 0xF7, 0x0D, 0xC5, 0x03, 0x3B, 0xA3, 0x0D, 0xE7, 0xAA, 0xE1, 0xE7, 0x75,
    0x63, 0x8B, 0x39, 0xDB, 0x5E, 0x24, 0xA1, 0x2D, 0xD2, 0xB0, 0x2F, 0x8A, 0xB9, 0x07, 0x31, 0x82,
    0x2C, 0x32, 0x75, 0x1D, 0x9B, 0xB6, 0xD6, 0xB3, 0x8A, 0xF5, 0xF3, 0xB6, 0xD4, 0xDA, 0xA4, 0xCE,
    0x11, 0xBB, 0x11, 0x8A, 0x1F, 0x7E, 0xF4, 0x7A, 0x9C, 0xA6, 0x7E, 0xDF, 0xA7, 0xA9, 0xAB, 0xC0,
    0xA6, 0x60, 0x73, 0x18, 0x8A, 0xC3, 0xC3, 0x61, 0xED, 0x9C, 0xBD, 0xF1, 0x99, 0xCF, 0xDA, 0xCD,
    0xA9, 0x34, 0x75, 0x86, 0x6E, 0x52, 0x4A, 0xF4, 0xED, 0x93, 0xB4, 0xAE, 0x0F, 0x91, 0xEE, 0xFA,
    0xCD, 0x64, 0x4A, 0x52, 0x3A, 0x57, 0x1C, 0x6E, 0x33, 0x8A, 0x25, 0x9B, 0x31, 0x24, 0xB7, 0xFD,
    0x66, 0xF2, 0x2A, 0xE1, 0x95, 0x81, 0x44, 0x62, 0xCB, 0x66, 0xA4, 0x65, 0xC3, 0x20, 0x61, 0xBD,
    0x78, 0x7E, 0x71, 0xFC, 0x64, 0xBA, 0x9A, 0x09, 0xB2, 0xD5, 0x4C, 0x19, 0xE4, 0x1B, 0x78, 0xCE,
    0x42, 0xDA, 0x43, 0x6A, 0x20, 0x69, 0x00, 0xCE, 0xB6, 0x94, 0x35, 0x47, 0x59, 0xD8, 0x0B, 0x1C,
    0xC7, 0x4D, 0xAE, 0x59, 0xAD, 0x58, 0x65, 0x3C, 0xF5, 0x32, 0xDA, 0xA2, 0xC5, 0x4F, 0x00, 0x90,
    0x26, 0xA0, 0x7F, 0xA3, 0x61, 0x46, 0x11, 0x82, 0xAE, 0x07, 0x60, 0x43, 0x38, 0xB5, 0xC4, 0x33,
    0xE9, 0xA6, 0xA6, 0xA4, 0x26, 0x27, 0xA3, 0x9D, 0x69, 0x20, 0x0F, 0x2D, 0xB9, 0xEA, 0x28, 0x62,
    0xC3, 0x4A, 0x57, 0xA4, 0x29, 0xA4, 0x39, 0x24, 0x35, 0xE8, 0xC1, 0x6F, 0xAA, 0x7A, 0xF0, 0xCD,
    0x33, 0xB5, 0x90, 0xE5, 0xB0, 0xD2, 0x10, 0x47, 0x15, 0x00, 0x2F, 0xF0, 0x18, 0x23, 0x6B, 0x36,
    0x8C, 0xB4, 0xA1, 0x1F, 0x5A, 0xEC, 0x87, 0x96, 0x42, 0x9E, 0xCF, 0x54, 0xCF, 0x34, 0xC0, 0xCA,
    0x42, 0xDA, 0x41, 0x62, 0x38, 0x79, 0x62, 0x67, 0x00, 0x28, 0xDD, 0x00, 0x10, 0x1C, 0x05, 0x13,
    0x80, 0xB2, 0x94, 0x00, 0xB1, 0x21, 0x3D, 0x37, 0x2F, 0x43, 0xDD, 0x90, 0x2C, 0x07, 0x32, 0x32,
    0xC4, 0x65, 0xA1, 0xCB, 0x01, 0xA5, 0xAE, 0x0A, 0x48, 0x24, 0xBE, 0xC9, 0x21, 0x15, 0x70, 0x58,
    0x7E, 0x77, 0x2D, 0x35, 0xCC, 0xB6, 0x62, 0xC9, 0xE1, 0x20, 0x9C, 0x11, 0xAB, 0x80, 0x29, 0xFC,
    0xB6, 0xA1, 0x44, 0x0D, 0xC1, 0xED, 0x06, 0x6D, 0x74, 0x8F, 0x83, 0x48, 0xCC, 0x72, 0x07, 0x81,
    0x3B, 0x82, 0xC9, 0x6F, 0x1A, 0x06, 0x7C, 0xBC, 0x02, 0xE0, 0x77, 0x54, 0x1C, 0xEB, 0x21, 0x72,
    0x00, 0x10, 0x8D, 0x00, 0xCF, 0x54, 0x22, 0x5E, 0xE8, 0x96, 0xD4, 0x5B, 0xFC, 0xEE, 0x24, 0xD0,
    0x90, 0x54, 0x85, 0x78, 0xE1, 0x82, 0x54, 0x44, 0xAB, 0x49, 0x44, 0xB2, 0x76, 0x2F, 0xD8, 0x28,
    0x8E, 0x69, 0x60, 0xA4, 0x08, 0xBF, 0x65, 0x19, 0xC9, 0x44, 0xAA, 0x89, 0x36, 0xF8, 0xA0, 0xE1,
    0x40, 0x3C, 0x2A, 0xE2, 0x89, 0xD9, 0x81, 0x04, 0xCF, 0x13, 0xF0, 0x38, 0x8C, 0xA7, 0xE5, 0xF1,
    0xE2, 0x68, 0x73, 0x22, 0x8C, 0x97, 0x85, 0x33, 0x00, 0x25, 0x10, 0xB9, 0x4E, 0xDA, 0x19, 0x61,
    0x77, 0x73, 0x87, 0xB2, 0xA4, 0xFB, 0x2A, 0x06, 0xDD, 0x2C, 0x06, 0x8D, 0x36, 0xA5, 0xB0, 0x42,
    0x58, 0x8E, 0xA0, 0xBB, 0x67, 0x8B, 0x26, 0x4B, 0x0A, 0x38, 0x20, 0x25, 0x98, 0xD0, 0xEF, 0x7C,
    0xCD, 0x8A, 0x96, 0x0C, 0xB8, 0x1D, 0x90, 0x1A, 0xE0, 0x31, 0x80, 0xB8, 0x82, 0xD4, 0x10, 0x3A,
    0x01, 0x8C, 0x1D, 0x49, 0x95, 0x50, 0xA0, 0xAB, 0x7A, 0xA6, 0x76, 0xA6, 0xD1, 0x1F, 0x91, 0x8D,
    0xA4, 0xB4, 0xE4, 0x1C, 0x3C, 0x2D, 0x89, 0x58, 0xBB, 0x4F, 0x6F, 0xFA, 0x71, 0x41, 0xF0, 0x3E,
    0x40, 0xEC, 0xBE, 0x03, 0xE8, 0x70, 0x92, 0x31, 0xD4, 0x00, 0xE4, 0x00, 0x3C, 0x0B, 0x80, 0xC5,
    0x3F, 0xE8, 0x23, 0x59, 0x59, 0x6B, 0xA7, 0x9D, 0x09, 0xA6, 0x9F, 0x3B, 0x17, 0x59, 0x65, 0x59,
    0x32, 0xE5, 0x20, 0x98, 0x03, 0x0C, 0x09, 0x80, 0x4D, 0x81, 0xC0, 0x16, 0x40, 0xB8, 0x70, 0x65,
    0xF3, 0x25, 0xCE, 0xAB, 0x49, 0x88, 0x4C, 0x4D, 0xBA, 0x0C, 0xBC, 0x24, 0xA9, 0x0A, 0x0A, 0x4A,
    0xD2, 0x6A, 0xCB, 0xB4, 0x00, 0xFA, 0x80, 0x72, 0xB7, 0x44, 0xC6, 0xF3, 0x9C, 0x07, 0x58, 0x5F,
    0x81, 0xE0, 0x03, 0x57, 0x11, 0xFE, 0x49, 0x5A, 0x81, 0x3E, 0xDE, 0x59, 0x47, 0x15, 0xF0, 0xF3,
    0x00, 0x7B, 0x3B, 0x38, 0x24, 0x74, 0x6F, 0x3A, 0x13, 0xFF, 0xEF, 0xE6, 0x4B, 0x5D, 0x52, 0xA1,
    0xA4, 0xDF, 0xD0, 0xD6, 0xC2, 0x5A, 0x61, 0x23, 0x56, 0xF5, 0x63, 0x28, 0x4C, 0xF5, 0x91, 0x99,
    0x54, 0xA7, 0x4D, 0x1B, 0x75, 0x25, 0xE5, 0x12, 0xBD, 0xEC, 0xB6, 0x03, 0x54, 0xC7, 0x9B, 0x11,
    0x02, 0x71, 0x10, 0xD0, 0x7D, 0xD5, 0x70, 0xF2, 0xFC, 0x5D, 0x84, 0xB1, 0xC4, 0xCE, 0x81, 0xBE,
    0xFE, 0x65, 0x38, 0xFB, 0x73, 0x3F, 0xF7, 0x48, 0x43, 0x5B, 0x80, 0x73, 0x6E, 0x58, 0x1C, 0xCC,
    0x8E, 0x17, 0xD4, 0x00, 0x51, 0x77, 0x92, 0x7D, 0x2F, 0xF1, 0x7E, 0xC1, 0x53, 0xED, 0x7F, 0x17,
    0xFE, 0xBB, 0xC4, 0xB0, 0xF8, 0xAA, 0xC0, 0x9D, 0xB8, 0x47, 0x7F, 0xC0, 0x7F, 0xE2, 0xD2, 0x7E,
    0x65, 0x59, 0x9C, 0x77, 0x7F, 0x27, 0x69, 0x28, 0x21, 0x83, 0x16, 0x46, 0xFF, 0xC3, 0x04, 0x37,
    0xA0, 0xDC, 0xA1, 0x77, 0x50, 0x43, 0xED, 0xBF, 0x66, 0x00, 0x0B, 0xC8, 0x70, 0x57, 0x70, 0x35,
    0x03, 0xC9, 0x8B, 0x97, 0x76, 0xBF, 0xD4, 0xC4, 0x08, 0x75, 0x6C, 0x3E, 0xB5, 0x82, 0x75, 0x0B,
    0xF1, 0x08, 0xE1, 0x0E, 0xD4, 0x9D, 0x8E, 0xF8, 0xCD, 0x0E, 0x0D, 0x7C, 0x02, 0xFF, 0x84, 0xDD,
    0xDA, 0xF5, 0xBB, 0xC3, 0xE6, 0x2B, 0xC0, 0x19, 0x42, 0x67, 0xB6, 0x7F, 0xD5, 0x6D, 0x82, 0xEE,
    0x7C, 0x3B, 0xBC, 0xFC, 0xF7, 0xCF, 0x1F, 0xAC, 0x9E, 0x7D, 0x01, 0x48, 0x06, 0x0A, 0xD7, 0x7F,
    0x25, 0xEE, 0x81, 0x0B, 0x00, 0x3E, 0xB7, 0x0D, 0xD0, 0xC9, 0x8B, 0x40, 0xF5, 0x38, 0xC0, 0x27,
    0x3D, 0x44, 0x39, 0x03, 0x65, 0x4F, 0xF8, 0xE7, 0x1D, 0xFC, 0xD7, 0x3F, 0x26, 0xA8, 0x64, 0x9B,
    0xFD, 0x4B, 0xFC, 0xA8, 0x27, 0xF0, 0xF0, 0x90, 0x58, 0x00, 0x57, 0xFD, 0x93, 0x16, 0x50, 0xB7,
    0xCD, 0x2F, 0x8A, 0xFD, 0x86, 0x34, 0xFC, 0xA4, 0x67, 0xBD, 0x2C, 0xF6, 0xBD, 0xA6, 0xD7, 0x96,
    0xB0, 0xE9, 0xA1, 0xFF, 0xC7, 0x9C, 0x7A, 0x52, 0xDF, 0x88, 0xEB, 0x01, 0xC0, 0x78, 0xB9, 0xC1,
    0xC7, 0x24, 0x00, 0xF0, 0x14, 0xA7, 0x16, 0x36, 0x19, 0xC0, 0xEF, 0x50, 0x03, 0xBC, 0x3C, 0x7F,
    0xE2, 0x86, 0x1C, 0xD8, 0x56, 0xA4, 0xA0, 0x46, 0xD0, 0x80, 0x11, 0xC9, 0x1F, 0x7E, 0x2A, 0xDF,
    0x5F, 0x03, 0xC4, 0x62, 0x53, 0x10, 0xED, 0x82, 0x0E, 0xE0, 0x02, 0x3F, 0xEE, 0x09, 0x01, 0x0B,
    0x89, 0x81, 0x01, 0x1C, 0x50, 0x13, 0xF6, 0x14, 0xE4, 0x00, 0x39, 0x9F, 0x38, 0x96, 0x4C, 0x84,
    0x02, 0xE0, 0x64, 0x2C, 0x9A, 0x0C, 0x64, 0x59, 0x11, 0x39, 0x0B, 0xDC, 0xAC, 0x4E, 0xB6, 0x44,
    0x4D, 0xD8, 0xEF, 0xA3, 0x7A, 0x87, 0xEA, 0xC2, 0x99, 0x99, 0xE8, 0x0E, 0x91, 0xD1, 0x2B, 0xE2,
    0xA6, 0x10, 0xFC, 0x19, 0x33, 0xB4, 0x40, 0x42, 0x12, 0x99, 0x96, 0x54, 0x30, 0xB2, 0x28, 0x18,
    0xC8, 0x5B, 0x2C, 0xB9, 0x0D, 0x2C, 0xEB, 0x2E, 0xEC, 0xD9, 0x36, 0xFB, 0x26, 0x8E, 0x98, 0x50,
    0x13, 0xC0, 0x06, 0xC0, 0x02, 0xAA, 0x3F, 0x15, 0x3F, 0xF9, 0x7D, 0x74, 0x83, 0x73, 0x90, 0x0E,
    0x00, 0x9C, 0x9B, 0xDD, 0xD1, 0x7E, 0xEF, 0x77, 0x5C, 0x46, 0xE5, 0xCB, 0x13, 0x0A, 0x7F, 0xD0,
    0x53, 0xD3, 0x32, 0xB1, 0x09, 0x27, 0xDA, 0x78, 0x64, 0x7D, 0xD3, 0x55, 0xE9, 0xE0, 0x08, 0x58,
    0x01, 0x99, 0xEF, 0xCB, 0x42, 0xD0, 0xFB, 0x4A, 0xB8, 0xD4, 0x49, 0xCE, 0xF3, 0xC9, 0xB7, 0x2B,
    0x5F, 0x09, 0xF7, 0x36, 0xDA, 0xF5, 0x89, 0x9B, 0x52, 0xDA, 0x54, 0xC4, 0x2F, 0x72, 0xF2, 0x9A,
    0xB6, 0x8D, 0x46, 0xE7, 0x7A, 0xB7, 0x3B, 0x29, 0x9E, 0x2B, 0x5D, 0x55, 0x3A, 0xE2, 0xC6, 0x17,
    0xCF, 0x1D, 0x57, 0xCE, 0x95, 0x52, 0x8C, 0x64, 0xEB, 0x60, 0x68, 0x19, 0x05, 0x36, 0x02, 0x5B,
    0x5E, 0xEF, 0xF5, 0x12, 0x30, 0x05, 0x12, 0x68, 0x3A, 0x87, 0xEA, 0x53, 0x23, 0x85, 0x66, 0xCA,
    0xF3, 0xD8, 0xCC, 0xBE, 0xFE, 0x95, 0xB7, 0x8C, 0x7E, 0xDE, 0x2D, 0x39, 0xFE, 0x44, 0x30, 0x83,
    0x9A, 0x82, 0x5F, 0x3A, 0x06, 0x86, 0x16, 0x18, 0x3D, 0xF1, 0xC2, 0x33, 0x70, 0xD7, 0x75, 0x7C,
    0xF0, 0x0D, 0xCB, 0x2E, 0xB0, 0xC1, 0xFE, 0xF0, 0x6C, 0xD8, 0x57, 0x03, 0x04, 0xFE, 0xE4, 0xF2,
    0xF9, 0x3E, 0xBE, 0xF5, 0x35, 0xA3, 0xBF, 0xE5, 0x1A, 0x7D, 0xD3, 0xA1, 0xD3, 0x89, 0x34, 0xC8,
    0x59, 0xF1, 0x09, 0x72, 0xCE, 0x90, 0x9D, 0xB4, 0xBB, 0x37, 0x52, 0xB0, 0xC7, 0xAA, 0x39, 0xBC,
    0xD6, 0x7D, 0xEC, 0x42, 0xA3, 0x2B, 0x84, 0x1D, 0x3E, 0x43, 0xF1, 0x06, 0xFA, 0x43, 0xE6, 0xE7,
    0xE6, 0x1D, 0x94, 0x84, 0xD2, 0xEA, 0xBD, 0xC3, 0x4A, 0x99, 0x53, 0x3D, 0x36, 0xFB, 0x1E, 0x9D,
    0x83, 0xEB, 0x87, 0x90, 0x00, 0xAB, 0x1F, 0x1A, 0x56, 0x03, 0x17, 0xAA, 0x40, 0x32, 0x77, 0x23,
    0x6C, 0xC0, 0x7E, 0xF2, 0x73, 0x43, 0xE9, 0xA6, 0x27, 0xEF, 0x7E, 0x5A, 0x37, 0xAC, 0x60, 0x45,
    0x95, 0x5C, 0xEB, 0x63, 0x3F, 0x1F, 0xCE, 0x48, 0x6F, 0x3F, 0x72, 0x7C, 0xAE, 0x99, 0xC9, 0x92,
    0x9C, 0x9B, 0x48, 0xB9, 0xEC, 0x2D, 0x2D, 0xA1, 0x46, 0xD3, 0x92, 0x1C, 0xFB, 0x7F, 0x28, 0x81,
    0x03, 0x60, 0x82, 0xC8, 0x2E, 0x11, 0x4E, 0xB9, 0x63, 0x19, 0x50, 0x70, 0xF8, 0x9A, 0x72, 0xA3,
    0xBA, 0xF7, 0xDA, 0x49, 0xB1, 0xA5, 0x6C, 0x53, 0x3B, 0xFD, 0xEB, 0x36, 0x61, 0x4C, 0x19, 0x0B,
    0xDA, 0x9C, 0xB6, 0x66, 0x84, 0x91, 0xC0, 0xA2, 0x2C, 0x12, 0xEC, 0x57, 0xC9, 0x04, 0xFC, 0x8C,
    0xAB, 0x9F, 0xCA, 0xA6, 0x25, 0x23, 0xAD, 0x00, 0x34, 0x9E, 0x1F, 0xA3, 0xD8, 0x73, 0x1E, 0xCA,
    0x3E, 0xC6, 0xA9, 0x60, 0x2F, 0xA7, 0x82, 0x3D, 0x10, 0xDE, 0x9F, 0xB6, 0x57, 0x0D, 0x10, 0x3C,
    0x9A, 0xAA, 0xAB, 0x01, 0x38, 0x5D, 0x1E, 0x61, 0xE0, 0xC1, 0x63, 0xC8, 0xF0, 0xBE, 0x63, 0xC8,
    0xF3, 0xA7, 0x8F, 0x21, 0xAD, 0xB7, 0xC9, 0xE0, 0x63, 0xD7, 0x5E, 0xF6, 0x19, 0xBA, 0x83, 0x63,
    0xB3, 0x6D, 0x20, 0xAE, 0x66, 0xFA, 0x88, 0x49, 0xCA, 0xA3, 0x85, 0x20, 0xF3, 0xF4, 0xB2, 0xC7,
    0xE7, 0x8B, 0x04, 0x96, 0x29, 0xB4, 0xCA, 0xAA, 0x5E, 0x1B, 0xF5, 0xF5, 0xEB, 0xA8, 0x5B, 0x13,
    0xD1, 0x9F, 0x5A, 0xE2, 0xAF, 0x19, 0xF4, 0x75, 0xD0, 0x0E, 0xF4, 0x0E, 0x92, 0x02, 0xD2, 0x14,
    0x8A, 0xD2, 0x90, 0x97, 0x1D, 0xF5, 0x3F, 0xB2, 0xB4, 0x8C, 0x8C, 0x0B, 0x2F, 0x99, 0xE3, 0xF9,
    0x46, 0x7D, 0x4B, 0x37, 0xEA, 0x9D, 0xCB, 0xA8, 0xB7, 0x46, 0xA2, 0xB7, 0x7A, 0xE2, 0x6F, 0x56,
    0xE8, 0x23, 0xD0, 0x13, 0xE8, 0x1C, 0x92, 0x12, 0x56, 0x6B, 0x43, 0xF1, 0xDF, 0x3A, 0xF2, 0xFF,
    0x62, 0xA9, 0x99, 0x8E, 0xFB, 0x4F, 0x76, 0xDA, 0x94, 0xBB, 0x92, 0x27, 0xFF, 0x57, 0x4B, 0xF4,
    0xE6, 0xA9, 0xFE, 0xA7, 0x3D, 0xA5, 0x39, 0xAC, 0xA4, 0x7F, 0xDD, 0xC8, 0xD9, 0x17, 0xB5, 0x3A,
    0xE9, 0x7F, 0xA0, 0x3C, 0xDE, 0xB5, 0xC6, 0xAE, 0x97, 0x19, 0xF4, 0xD9, 0x81, 0x73, 0xB3, 0xBE,
    0x93, 0x46, 0x75, 0xB3, 0x4C, 0x5F, 0x1D, 0xE7, 0x71, 0x89, 0x4C, 0x0D, 0x7A, 0xE7, 0xDB, 0x2D,
    0x20, 0x49, 0x2A, 0x52, 0x6D, 0x24, 0x8B, 0x47, 0x1E, 0x0E, 0x8B, 0x4C, 0xCF, 0xBC, 0x41, 0x5C,
    0x6D, 0x8F, 0x28, 0xAB, 0x97, 0x5A, 0x76, 0xC8, 0x96, 0x1D, 0xDA, 0xC8, 0xC0, 0xA8, 0x2B, 0x18,
    0x52, 0xE0, 0x5E, 0xCB, 0x02, 0xBD, 0x84, 0x77, 0x5B, 0x50, 0x7D, 0x06, 0x92, 0xE4, 0xC6, 0x17,
    0x3B, 0xEA, 0x06, 0xA9, 0xD0, 0x45, 0xCF, 0x9D, 0x2F, 0xB1, 0x26, 0x9C, 0xE7, 0x85, 0xED, 0xA4,
    0xEC, 0x4B, 0x53, 0xDC, 0xD3, 0x6A, 0x18, 0x73, 0x78, 0xBF, 0x05, 0x67, 0x09, 0x64, 0xB3, 0xDF,
    0xB7, 0x4B, 0x33, 0x92, 0x0F, 0xD8, 0x17, 0x0A, 0xEB, 0xEA, 0x63, 0x56, 0x9A, 0x0D, 0x19, 0xDA,
    0xDE, 0x6F, 0xC8, 0xCA, 0x40, 0x68, 0x3E, 0xDA, 0x79, 0xF0, 0x76, 0x26, 0xC7, 0x09, 0x3E, 0x3E,
    0x07, 0x64, 0xC0, 0x79, 0x69, 0x55, 0xBB, 0xBD, 0xC3, 0x43, 0xF5, 0xA4, 0x20, 0x5B, 0xE3, 0xA5,
    0x97, 0x4C, 0xB4, 0x40, 0x0D, 0xB1, 0xA1, 0x45, 0xD2, 0x4A, 0x23, 0xFB, 0xAC, 0x86, 0x70, 0x0B,
    0xE9, 0x22, 0xD3, 0x4A, 0xDE, 0x46, 0x32, 0x61, 0x90, 0xCB, 0xDB, 0xD4, 0x8B, 0x8C, 0xAD, 0xBC,
    0xC7, 0x48, 0xDC, 0xC0, 0x80, 0x6E, 0x96, 0x6C, 0xE6, 0x8C, 0x7A, 0x3D, 0x6E, 0x50, 0x5D, 0x70,
    0xEF, 0xAA, 0xB8, 0xA3, 0x25, 0x71, 0x45, 0x6C, 0x44, 0xC5, 0xCE, 0x19, 0xCF, 0xD0, 0x0D, 0x89,
    0xB0, 0x14, 0x5D, 0x51, 0x90, 0x40, 0x4E, 0x0A, 0x35, 0x05, 0x82, 0xCE, 0x3B, 0x08, 0x17, 0x2E,
    0x33, 0xBE, 0x48, 0x9C, 0x81, 0x5A, 0xA4, 0x8C, 0x84, 0x4B, 0xCF, 0x23, 0xE8, 0x86, 0x01, 0x74,
    0x15, 0xB8, 0xEF, 0xA0, 0xE5, 0x0D, 0x12, 0x94, 0xBD, 0x24, 0xFA, 0xED, 0x63, 0x99, 0xA3, 0x4E,
    0xD9, 0x9C, 0xC8, 0x48, 0x6C, 0x12, 0xCF, 0xBC, 0x45, 0xAA, 0xAD, 0x46, 0x74, 0xB5, 0x70, 0x94,
    0xC5, 0x07, 0x1F, 0x3E, 0xFA, 0xF0, 0xA9, 0x89, 0x2D, 0x10, 0xB9, 0x69, 0xE1, 0x3D, 0x3E, 0x53,
    0x2B, 0xC5, 0xC0, 0xCA, 0xB9, 0x1E, 0xF5, 0xDE, 0xB5, 0x99, 0x99, 0x05, 0xD7, 0x17, 0x64, 0xDF,
    0x6F, 0x41, 0x77, 0xE8, 0x4A, 0xF0, 0x9D, 0x05, 0xE1, 0x17, 0x8C, 0x4F, 0x69, 0x0B, 0x16, 0x9C,
    0x5F, 0x90, 0x3E, 0xA3, 0x05, 0x18, 0x01, 0x06, 0x40, 0x59, 0x7C, 0xC2, 0xD6, 0x35, 0xA0, 0x8F,
    0xB8, 0x2F, 0x7F, 0xD0, 0x40, 0x39, 0xB3, 0xE0, 0x08, 0x50, 0x76, 0x56, 0x6D, 0x6C, 0xF4, 0x84,
    0x6E, 0xCA, 0x2D, 0xFB, 0x18, 0x85, 0x21, 0x91, 0x4C, 0x73, 0x42, 0x1E, 0x0A, 0x13, 0xD4, 0x3A,
    0x50, 0x7D, 0x21, 0x7F, 0x1D, 0xC8, 0x5A, 0x99, 0x28, 0xC3, 0xBF, 0x15, 0xA7, 0xE2, 0x3A, 0x22,
    0xE7, 0xFE, 0xB9, 0x28, 0x76, 0x82, 0xB3, 0xF1, 0x74, 0x12, 0xDA, 0x2A, 0x99, 0x8D, 0x77, 0x2B,
    0x52, 0x5E, 0xA7, 0x50, 0xAE, 0xAA, 0xF5, 0x37, 0x4D, 0x9B, 0x44, 0x66, 0x4C, 0x63, 0x33, 0x16,
    0xBA, 0x99, 0xA9, 0x6A, 0xD3, 0x92, 0x83, 0x64, 0xA2, 0xBC, 0x73, 0x57, 0xBC, 0x0C, 0x5C, 0xBC,
    0xFC, 0x68, 0x6A, 0x09, 0xEB, 0xFB, 0xEB, 0x06, 0xE9, 0x79, 0xF0, 0x9C, 0x6E, 0xF5, 0x63, 0x8A,
    0x06, 0xAC, 0xC7, 0xF0, 0x40, 0x36, 0xCE, 0xAE, 0xD9, 0xCE, 0xE4, 0xBB, 0xBF, 0x3F, 0x70, 0x1A,
    0xFC, 0xCA, 0xBA, 0xBF, 0xC8, 0xEA, 0x7E, 0x7F, 0x3F, 0xF0, 0xF0, 0x2A, 0xF4, 0x90, 0x1E, 0x34,
    0x9B, 0x60, 0x83, 0x7A, 0xC7, 0x69, 0x87, 0xFA, 0x9B, 0xCF, 0x5F, 0xBE, 0x54, 0xA9, 0x21, 0xB6,
    0xBA, 0x89, 0x66, 0x0B, 0x5B, 0x4E, 0x24, 0x8C, 0x24, 0x69, 0x67, 0x42, 0x28, 0x41, 0x28, 0x5D,
    0xA8, 0x58, 0x28, 0x17, 0xF2, 0x31, 0x6A, 0xD9, 0xD4, 0xB4, 0x94, 0x06, 0x40, 0x37, 0x0B, 0x3F,
    0xE5, 0x82, 0x13, 0xEF, 0x82, 0x5F, 0xE0, 0x89, 0x91, 0xAC, 0x65, 0xCC, 0x42, 0x9B, 0x29, 0x53,
    0xE8, 0x26, 0x4D, 0xD0, 0x19, 0x7A, 0x20, 0xB6, 0x3F, 0xFC, 0xE2, 0x06, 0xD0, 0x52, 0xD7, 0x0C,
    0x59, 0x20, 0xAF, 0xE4, 0x71, 0xF3, 0xDC, 0x92, 0x4D, 0x7B, 0x2A, 0x43, 0x6F, 0xD0, 0x16, 0xDD,
    0xA1, 0xCD, 0x83, 0x07, 0x87, 0xC0, 0x39, 0x82, 0x2B, 0xFB, 0x14, 0xB3, 0x70, 0xC1, 0xA5, 0x4C,
    0x32, 0xDE, 0x84, 0xDF, 0xB5, 0xBE, 0xFE, 0xB2, 0xE2, 0x19, 0xF7, 0x3A, 0x6B, 0x37, 0x79, 0x8D,
    0x3E, 0x5C, 0xE7, 0x09, 0x2C, 0x23, 0x4E, 0xC8, 0xD1, 0xD4, 0x68, 0xAC, 0xE4, 0xB6, 0x25, 0x3A,
    0x21, 0xFE, 0x8F, 0x0D, 0xD1, 0xAB, 0xCC, 0x9A, 0x03, 0x35, 0xC1, 0x6F, 0xEF, 0x96, 0xBA, 0x70,
    0xAF, 0xDD, 0xFB, 0xE3, 0x3C, 0x3E, 0x76, 0xD5, 0x65, 0x29, 0x29, 0x02, 0xDF, 0x9A, 0xE6, 0x84,
    0x7E, 0xE1, 0x23, 0x56, 0x57, 0x6C, 0xAB, 0x82, 0x12, 0xD0, 0xA7, 0x10, 0xF5, 0x59, 0xE0, 0xBC,
    0x58, 0xDA, 0x2B, 0xFD, 0x76, 0x66, 0x1D, 0x02, 0xE0, 0x64, 0xC4, 0x86, 0x5A, 0x98, 0x60, 0x0B,
    0x02, 0x2D, 0x0C, 0x24, 0x04, 0x96, 0x94, 0xD0, 0x52, 0xA0, 0x2C, 0x39, 0xAA, 0x27, 0x43, 0x7A,
    0xDF, 0xC3, 0x97, 0xA0, 0xD7, 0x1E, 0xBC, 0x24, 0x33, 0xB3, 0x67, 0x40, 0x7A, 0x5F, 0xB9, 0x09,
    0x19, 0xC0, 0xA7, 0x78, 0xE9, 0xF0, 0xEA, 0x8B, 0xCE, 0xD9, 0xF1, 0xF0, 0xDE, 0xD5, 0x41, 0x8E,
    0x1A, 0xC3, 0x7E, 0x7F, 0x8F, 0xE0, 0x64, 0x13, 0x21, 0x93, 0xA7, 0x67, 0x4A, 0x1B, 0x11, 0x3D,
    0xFE, 0xE0, 0x9B, 0xBD, 0x72, 0xBF, 0x6E, 0x79, 0xFC, 0xFE, 0x10, 0x5E, 0xE8, 0xE3, 0x15, 0x8E,
    0x4E, 0x0B, 0x9D, 0xAC, 0x5B, 0xEB, 0xA9, 0xE7, 0x43, 0x94, 0x94, 0xF4, 0xF2, 0x73, 0xBC, 0x33,
    0x50, 0x0D, 0x81, 0x7C, 0x63, 0x25, 0xD3, 0x23, 0x70, 0xEC, 0x5D, 0x63, 0x97, 0x9E, 0x15, 0x8B,
    0x8F, 0x4D, 0x2E, 0xF4, 0x94, 0x6E, 0xCA, 0x2F, 0xB8, 0x2A, 0x71, 0x8E, 0x73, 0xBB, 0x14, 0x3E,
    0x55, 0xC0, 0xCB, 0x39, 0x7C, 0x25, 0x83, 0x17, 0x4E, 0xD6, 0xF8, 0x63, 0xF3, 0xE7, 0x64, 0x53,
    0x58, 0x92, 0x3F, 0x5B, 0x90, 0x65, 0x37, 0xC8, 0xFF, 0xE9, 0xB4, 0x04, 0xA9, 0xC9, 0x91, 0x04,
    0xD8, 0x03, 0x58, 0x0B, 0x7F, 0x69, 0xE1, 0xF7, 0xFC, 0x88, 0x7E, 0x54, 0xFD, 0xE5, 0x9F, 0x40,
    0xE4, 0x46, 0xE2, 0xF7, 0x1C, 0xBA, 0x49, 0x1A, 0xB9, 0x6A, 0xE6, 0xEB, 0x2F, 0x1B, 0x71, 0x58,
    0x7B, 0x0D, 0x6A, 0x32, 0x92, 0x93, 0xBA, 0x9A, 0xD0, 0x07, 0x94, 0x1F, 0xB2, 0xCE, 0x0A, 0x80,
    0xD4, 0x41, 0xE0, 0x04, 0x9E, 0x87, 0xC8, 0xA2, 0xC5, 0x5D, 0x96, 0x84, 0xF6, 0xE9, 0x1A, 0x65,
    0xEB, 0x89, 0xB8, 0x6F, 0x87, 0xB3, 0x5B, 0xB3, 0x16, 0x4F, 0x98, 0xB8, 0xDD, 0x95, 0x45, 0x48,
    0x94, 0xB0, 0xF0, 0x98, 0x31, 0x02, 0xEC, 0xF8, 0x87, 0x3E, 0x20, 0x8F, 0xDD, 0x08, 0x9C, 0x07,
    0xF8, 0x42, 0xB5, 0xE0, 0xAC, 0x14, 0x69, 0x96, 0x0C, 0x59, 0x8D, 0xCD, 0xA6, 0x48, 0xCE, 0x97,
    0x4C, 0x22, 0x55, 0x9E, 0x1E, 0x18, 0x11, 0x9A, 0xA8, 0x58, 0x5F, 0x37, 0x24, 0xBE, 0x74, 0xF0,
    0x67, 0x2D, 0x9F, 0x10, 0x03, 0xBE, 0xF7, 0x60, 0x61, 0xFD, 0xC7, 0x90, 0xF9, 0x41, 0x44, 0x8F,
    0xAB, 0x0F, 0x71, 0x49, 0x0E, 0x9F, 0xAD, 0xD5, 0x58, 0x60, 0xAE, 0xC2, 0x01, 0x94, 0xAB, 0x00,
    0x5E, 0xE4, 0xFF, 0xD7, 0xFD, 0x13, 0x9F, 0x88, 0xF9, 0x84, 0xB0, 0x67, 0x81, 0xF5, 0x00, 0x3C,
    0xD9, 0x00, 0xF0, 0xF1, 0xEB, 0x32, 0x7F, 0xF2, 0xD6, 0x66, 0x44, 0xFF, 0xA1, 0x43, 0x57, 0x69,
    0xA5, 0xC5, 0xD8, 0x89, 0xFD, 0xF5, 0x23, 0xDD, 0xE4, 0xE8, 0x2A, 0x3B, 0x4E, 0x58, 0xB6, 0x90,
    0x0E, 0x50, 0x76, 0x3F, 0xA1, 0xFE, 0x42, 0xC8, 0x92, 0x06, 0x03, 0x2B, 0x46, 0x3F, 0x4C, 0xA1,
    0xCD, 0x89, 0x2B, 0x96, 0x5D, 0xD7, 0xA5, 0x06, 0xE5, 0xCB, 0x68, 0x65, 0x08, 0x1D, 0x38, 0xE7,
    0x6F, 0x25, 0x85, 0xC2, 0xA4, 0x12, 0x6C, 0xA9, 0x0F, 0x5F, 0x34, 0xB7, 0x48, 0x85, 0x6E, 0x0A,
    0xD0, 0xC7, 0xB7, 0x8E, 0x0A, 0x6A, 0x96, 0xC6, 0x69, 0x19, 0x61, 0x64, 0x40, 0x59, 0x2C, 0x4E,
    0x72, 0x54, 0xAE, 0x09, 0x77, 0x9C, 0x87, 0xEC, 0xFE, 0x3C, 0x93, 0xB0, 0xC8, 0x00, 0x17, 0xAE,
    0x82, 0x9B, 0x50, 0xEF, 0x8F, 0x44, 0x66, 0x10, 0xB5, 0xA1, 0x25, 0x48, 0x96, 0x84, 0x99, 0xA0,
    0xB5, 0x32, 0xCB, 0x6E, 0x62, 0x88, 0x8D, 0x92, 0x43, 0x3F, 0xA3, 0x87, 0xB2, 0xD2, 0xFB, 0x24,
    0x09, 0xEA, 0x94, 0x8B, 0x79, 0x8A, 0x8F, 0xB8, 0x01, 0xE8, 0x1E, 0xBA, 0x6A, 0x72, 0x3A, 0x9D,
    0xA2, 0x6E, 0x40, 0x34, 0xF2, 0x53, 0x17, 0x84, 0x9E, 0x8E, 0x60, 0x7E, 0xA5, 0x83, 0x6D, 0xB3,
    0x0F, 0x5E, 0x2D, 0x1A, 0x19, 0x1E, 0xAA, 0x67, 0xB5, 0xEC, 0x00, 0xF6, 0x1B, 0x80, 0xE8, 0xC4,
    0x7B, 0x49, 0xF4, 0x2F, 0xC1, 0xBF, 0x30, 0x7B, 0xBF, 0x0B, 0xEB, 0xC9, 0xF7, 0xDE, 0x4B, 0xB4,
    0x22, 0xEF, 0x8C, 0xC4, 0x13, 0x23, 0x7A, 0xB8, 0x2F, 0x81, 0x17, 0xF9, 0x04, 0x1E, 0x24, 0xCB,
    0x5E, 0xE0, 0xEA, 0xFD, 0x79, 0x29, 0xD5, 0xCB, 0x36, 0x40, 0x36, 0x00, 0x0B, 0x89, 0xB5, 0xCD,
    0x94, 0xA2, 0x29, 0x48, 0xC8, 0x49, 0x6D, 0x4D, 0xD9, 0x9D, 0x56, 0xAF, 0xF7, 0xBC, 0x3F, 0xDC,
    0x51, 0x1C, 0xDF, 0x90, 0xD1, 0x42, 0x4D, 0xF9, 0x2F, 0x5C, 0x95, 0x3A, 0x47, 0xB4, 0x4B, 0x1F,
    0xCE, 0x0F, 0xC5, 0x13, 0xE8, 0xF1, 0xE1, 0xDB, 0xAC, 0xCF, 0xC1, 0x13, 0x3C, 0x51, 0xB0, 0x5A,
    0x92, 0x7D, 0x59, 0x4B, 0xDB, 0x32, 0xB5, 0x6A, 0x5C, 0x6F, 0x87, 0x74, 0xB2, 0xC1, 0xAF, 0xFA,
    0x3B, 0xB3, 0x22, 0x56, 0x69, 0x1E, 0xC8, 0xA2, 0x07, 0xB2, 0xF6, 0x08, 0x27, 0xF6, 0x39, 0xCD,
    0x70, 0x87, 0xFA, 0x6B, 0xD4, 0xCC, 0xFF, 0x06, 0x7D, 0x40, 0xF4, 0x17, 0x24, 0x19, 0xF1, 0x1F,
    0x91, 0xB7, 0xE8, 0xDF, 0xA4, 0xDE, 0xA0, 0x35, 0x76, 0x20, 0xD1, 0x61, 0x6F, 0x49, 0xB5, 0x92,
    0x53, 0x8A, 0xF8, 0x37, 0x66, 0x4F, 0x94, 0xC7, 0xAF, 0x8A, 0xC1, 0xC5, 0x5F, 0x16, 0x0D, 0x47,
    0x93, 0xA8, 0x58, 0x0D, 0xA2, 0x63, 0x65, 0xE3, 0x89, 0x41, 0x75, 0x7A, 0x00, 0xE0, 0xD4, 0x5E,
    0x25, 0x3A, 0x15, 0x41, 0x26, 0x0B, 0x52, 0x3D, 0x56, 0xA9, 0x91, 0xB2, 0x51, 0x13, 0x6B, 0x61,
    0xAE, 0x8A, 0xDA, 0xF0, 0x0E, 0x71, 0xAD, 0xBE, 0x89, 0x7E, 0x36, 0xFE, 0x02, 0xFA, 0x39, 0x9D,
    0xA3, 0x9F, 0xCA, 0x33, 0x9E, 0xFA, 0x44, 0x9D, 0xF1, 0x9C, 0xB6, 0x35, 0x99, 0xEE, 0x37, 0x33,
    0x33, 0x8E, 0x2C, 0x6E, 0x1C, 0x7B, 0x75, 0x3C, 0xB8, 0x62, 0x02, 0x71, 0xDA, 0xA7, 0xAB, 0xDB,
    0xF4, 0x49, 0x75, 0x9B, 0x3F, 0xFA, 0x9D, 0x98, 0xF0, 0x79, 0xF8, 0xB0, 0x7F, 0x56, 0xB0, 0x08,
    0x5C, 0x0F, 0x4F, 0x3C, 0x9A, 0x4B, 0x98, 0x00, 0x9F, 0x8A, 0x2A, 0x32, 0x0D, 0xE9, 0x04, 0x71,
    0x0F, 0xF0, 0x31, 0x2E, 0x00, 0x70, 0x06, 0xEA, 0x62, 0xA6, 0x1C, 0xFF, 0xF8, 0xE2, 0x01, 0x03,
    0xA5, 0x81, 0xFF, 0x6E, 0x96, 0xD0, 0x57, 0x7D, 0xBB, 0x43, 0xDD, 0xEA, 0xD1, 0x33, 0xB4, 0x25,
    0xB2, 0x0E, 0x66, 0xBA, 0x7C, 0xCD, 0xE2, 0x9C, 0x0D, 0xEF, 0x1D, 0x5A, 0xD5, 0x0B, 0x38, 0x30,
    0xEA, 0x8A, 0x31, 0x85, 0x36, 0x9F, 0x09, 0xCE, 0xF8, 0x53, 0xEF, 0x53, 0x4D, 0xAF, 0x7E, 0xAD,
    0x0A, 0xDD, 0x37, 0x9A, 0xF8, 0xAE, 0xAB, 0x92, 0xA6, 0x44, 0x3E, 0x39, 0x29, 0x2D, 0xC5, 0x4C,
    0x39, 0x23, 0xF5, 0x4C, 0x13, 0xA3, 0xCF, 0x5C, 0x97, 0x37, 0x07, 0x92, 0xC1, 0x12, 0x54, 0xE0,
    0x77, 0x9D, 0xFB, 0x6D, 0x27, 0x7A, 0x27, 0x7F, 0xA7, 0x23, 0x40, 0x3D, 0x00, 0x0C, 0x16, 0xF6,
    0xA1, 0x3A, 0xD1, 0x9B, 0xF7, 0x5E, 0x87, 0x39, 0x91, 0x3C, 0x41, 0xA1, 0xDE, 0xFD, 0xB4, 0xBF,
    0xA5, 0x27, 0x9A, 0x05, 0x75, 0xF7, 0xF3, 0x06, 0xC4, 0x01, 0x82, 0x64, 0xD0, 0xA1, 0x40, 0xBB,
    0x89, 0x96, 0x64, 0xE6, 0x5C, 0xA8, 0x9E, 0x20, 0x74, 0xDF, 0x72, 0x46, 0xBD, 0x2B, 0x89, 0x65,
    0xD6, 0x58, 0xA8, 0xF9, 0x0A, 0x17, 0xC4, 0xF9, 0x49, 0x8D, 0x53, 0xD2, 0xCD, 0x57, 0x60, 0x0B,
    0x06, 0xC8, 0x84, 0xD5, 0x6A, 0x82, 0xF2, 0xFA, 0xFA, 0x7A, 0x93, 0x4C, 0xDA, 0x89, 0xA8, 0x17,
    0x01, 0x2A, 0x9E, 0x0A, 0x3B, 0x39, 0xC7, 0x26, 0x76, 0x02, 0x00, 0x8F, 0xE4, 0x1A, 0xA8, 0x9F,
    0x7F, 0xC8, 0x34, 0x94, 0x0F, 0xCE, 0xBF, 0x9D, 0xC7, 0x26, 0x91, 0x77, 0x46, 0xC2, 0x73, 0x14,
    0xE4, 0x8B, 0x4F, 0x9C, 0xCB, 0x50, 0xC9, 0x8E, 0x77, 0x9C, 0x4B, 0x29, 0x2A, 0x91, 0x33, 0x70,
    0x1E, 0x78, 0x6C, 0x84, 0xAD, 0xAB, 0xD4, 0xFB, 0x49, 0x47, 0xA3, 0x2C, 0x20, 0x34, 0x00, 0xA3,
    0x90, 0x94, 0xDF, 0xAC, 0x67, 0xDA, 0xC0, 0x52, 0x32, 0x51, 0x2F, 0xFE, 0x52, 0x9B, 0xF2, 0xC1,
    0x72, 0x89, 0x0B, 0xF2, 0xA7, 0xFA, 0xC3, 0x01, 0x5A, 0xC8, 0x20, 0x9B, 0x7B, 0x9E, 0x7F, 0x5E,
    0xA6, 0x7D, 0x99, 0x21, 0x53, 0xB6, 0xBC, 0x6E, 0xF4, 0x0E, 0x2E, 0x42, 0xB0, 0x44, 0x17, 0x06,
    0x3D, 0x93, 0x7F, 0x82, 0xED, 0x4E, 0x66, 0xD5, 0xA8, 0x26, 0xEE, 0x7D, 0xA0, 0x34, 0x7A, 0x9A,
    0x16, 0xBA, 0xE0, 0xC6, 0xC8, 0xB9, 0x31, 0x7D, 0xFF, 0x5F, 0xDA, 0x35, 0xA1, 0x9D, 0x96, 0x5D,
    0x99, 0x36, 0x23, 0x69, 0x35, 0x05, 0x3B, 0xD6, 0x6E, 0x38, 0xB9, 0xBA, 0xC3, 0x19, 0xEA, 0xFC,
    0xC4, 0x9C, 0xBF, 0x5C, 0xC5, 0xCE, 0xEA, 0xCF, 0x8E, 0xC7, 0x82, 0x71, 0x61, 0x8A, 0xDC, 0x94,
    0xBC, 0x3B, 0x15, 0x0C, 0xF5, 0x3C, 0xA2, 0xA8, 0x2B, 0xB7, 0x4D, 0x72, 0x04, 0xD5, 0x71, 0x08,
    0xB4, 0x0C, 0x16, 0x96, 0x30, 0xF9, 0xC1, 0xE7, 0x29, 0x56, 0xF8, 0x3B, 0xC1, 0x2D, 0xC4, 0x4D,
    0xBE, 0xAF, 0xC5, 0xCC, 0xA2, 0x0E, 0x54, 0xDF, 0xEA, 0x06, 0x59, 0xF3, 0x25, 0xC0, 0x30, 0x4C,
    0x00, 0x37, 0x3E, 0xB0, 0x00, 0x6B, 0x67, 0xF0, 0x26, 0x08, 0xEA, 0x7B, 0x52, 0x60, 0x85, 0xBE,
    0xF5, 0x75, 0x0B, 0x94, 0xCA, 0x0C, 0xC0, 0x8D, 0xC8, 0xB4, 0x10, 0x0C, 0xB1, 0xA9, 0x21, 0xEA,
    0xF7, 0x0E, 0xDE, 0xE8, 0x2A, 0x85, 0x12, 0x8D, 0xAE, 0x00, 0x10, 0x1E, 0xDD, 0xEA, 0xBC, 0x16,
    0x4F, 0x3F, 0xC1, 0x6B, 0xBC, 0xC0, 0xEB, 0x6A, 0xC7, 0x10, 0x4F, 0xC1, 0x25, 0x6C, 0xFA, 0xFB,
    0xE8, 0x7F, 0x6B, 0x6B, 0x24, 0x1E, 0x19, 0x21, 0xBE, 0xD5, 0x5B, 0x88, 0x6F, 0x8B, 0x38, 0x7A,
    0xBF, 0x86, 0x3E, 0xF7, 0x8D, 0x1E, 0x92, 0xA5, 0x38, 0xAB, 0xD0, 0xCF, 0xF7, 0xD0, 0x8A, 0xDB,
    0xFF, 0x67, 0x83, 0x66, 0xD7, 0x94, 0x5D, 0xC2, 0xDA, 0x9C, 0x01, 0xCE, 0x02, 0x54, 0x4B, 0xA7,
    0x42, 0xFE, 0x61, 0x7B, 0x04, 0x4E, 0xD2, 0xC7, 0x7A, 0x19, 0xBA, 0xA7, 0x0E, 0x62, 0xC3, 0x27,
    0xD7, 0xB0, 0x1D, 0x17, 0xF2, 0x46, 0x57, 0x9D, 0x50, 0xCA, 0x2F, 0x72, 0x93, 0xB5, 0xBF, 0xB3,
    0xC5, 0xC5, 0xBD, 0xDA, 0x6D, 0xEB, 0xB5, 0x2E, 0xEB, 0x1C, 0xED, 0xBA, 0xC7, 0x7E, 0xCB, 0x7A,
    0xE7, 0x12, 0xDA, 0xD0, 0x35, 0xCA, 0x55, 0x2C, 0xA1, 0x10, 0xAA, 0xAB, 0x22, 0xB3, 0xDB, 0x36,
    0xB3, 0x00, 0x41, 0xB5, 0x1C, 0xA1, 0x87, 0xCE, 0xF9, 0x92, 0x93, 0x02, 0x18, 0x45, 0x7B, 0x90,
    0x34, 0x70, 0x00, 0xB8, 0x1E, 0xDC, 0x04, 0xDC, 0x00, 0x4A, 0x4F, 0x05, 0xF2, 0xE5, 0x95, 0x60,
    0xC2, 0x6D, 0x2D, 0x6B, 0xD7, 0x10, 0x88, 0x1C, 0x2F, 0xED, 0x97, 0x28, 0x87, 0xD7, 0x1B, 0x28,
    0x81, 0x09, 0x94, 0x45, 0x3A, 0x26, 0x05, 0x6E, 0xFA, 0xF6, 0x8E, 0xEF, 0x23, 0xE5, 0xA7, 0xA8,
    0x06, 0x26, 0xAE, 0x28, 0xBB, 0x34, 0x71, 0x69, 0x07, 0xCB, 0xFA, 0x08, 0x67, 0xE2, 0xD1, 0xDC,
    0x89, 0x96, 0xAB, 0x62, 0x6E, 0xFC, 0xA8, 0x05, 0xB2, 0xDE, 0xA8, 0xDB, 0x0C, 0xD8, 0x64, 0x9C,
    0x7A, 0xFC, 0xE6, 0x3B, 0x11, 0x56, 0x1A, 0x2C, 0xAE, 0x09, 0x44, 0xD7, 0xA1, 0x8D, 0xDE, 0x42,
    0xF5, 0x5A, 0x42, 0x8B, 0x5C, 0xC2, 0xB3, 0x4D, 0x41, 0xF4, 0x55, 0x9B, 0x13, 0xDF, 0x32, 0x19,
    0xFA, 0xD5, 0xAA, 0x46, 0x5F, 0xA6, 0x25, 0x69, 0x19, 0x49, 0x2D, 0x03, 0x65, 0x17, 0x58, 0xCA,
    0x26, 0x9C, 0x19, 0xAA, 0x67, 0x8F, 0xFD, 0x29, 0x22, 0x1D, 0xF0, 0x53, 0x9E, 0x5A, 0x0E, 0xA4,
    0x82, 0xFD, 0x00, 0x01, 0x15, 0x5A, 0x99, 0x85, 0x80, 0x47, 0x76, 0x1B, 0x19, 0x20, 0xD7, 0x33,
    0x25, 0x70, 0xFE, 0x8C, 0x17, 0xB4, 0x59, 0x0C, 0x77, 0xBE, 0x49, 0x44, 0x6C, 0xF6, 0xB9, 0x9C,
    0xD5, 0xA9, 0x34, 0x41, 0x46, 0xE1, 0x7D, 0xE9, 0x40, 0x72, 0xA7, 0xF7, 0x17, 0xCC, 0xFE, 0x2E,
    0x4A, 0xCF, 0xA0, 0x82, 0xE5, 0x7E, 0x3C, 0xEA, 0xCD, 0x9E, 0x07, 0x0B, 0xAE, 0xC4, 0x61, 0x2C,
    0xA5, 0x56, 0xCA, 0x52, 0x12, 0x1B, 0xD2, 0x7D, 0xA6, 0x39, 0x05, 0x5D, 0x95, 0x90, 0x54, 0x73,
    0xC3, 0x8E, 0x85, 0x65, 0x90, 0x52, 0xB3, 0x0C, 0x8D, 0x03, 0x0A, 0x98, 0x28, 0x51, 0x83, 0x00,
    0x90, 0x0C, 0x51, 0x16, 0x88, 0x3B, 0x02, 0xBC, 0x3D, 0xF9, 0xDA, 0x74, 0x00, 0x78, 0xA6, 0x91,
    0xEA, 0x8B, 0x77, 0xA7, 0xB9, 0xC1, 0x82, 0xB4, 0x26, 0xD9, 0x3A, 0x79, 0x46, 0x8A, 0x91, 0x7C,
    0xA2, 0x3D, 0x08, 0x6D, 0x79, 0xA7, 0x8B, 0x5D, 0x25, 0x2F, 0x9E, 0x01, 0x52, 0x0D, 0x2B, 0x8D,
    0x7F, 0x08, 0xDD, 0x28, 0xF8, 0x5F, 0x85, 0x55, 0x62, 0x40, 0x79, 0x1F, 0x10, 0xEC, 0xE9, 0x93,
    0x9F, 0x95, 0xF5, 0xB4, 0xA7, 0xE5, 0xBB, 0xA8, 0x3B, 0xD9, 0xD9, 0x96, 0x54, 0xE1, 0xC4, 0xD6,
    0xD9, 0x99, 0xFC, 0x12, 0xAE, 0x08, 0xAD, 0x95, 0xB0, 0x12, 0x80, 0x60, 0x39, 0x74, 0x8D, 0xBF,
    0xE4, 0x0F, 0xBD, 0xA0, 0x8D, 0xDC, 0x24, 0x9E, 0x16, 0x8F, 0x2C, 0xC4, 0xE6, 0xB2, 0xAB, 0xD6,
    0x0B, 0x94, 0x90, 0x3A, 0x48, 0x77, 0xC0, 0x23, 0xBC, 0x93, 0x7D, 0xEE, 0xB0, 0x11, 0x11, 0x80,
    0x9F, 0x45, 0x8D, 0x7C, 0x05, 0x52, 0xDC, 0x73, 0x1F, 0x30, 0x43, 0x64, 0x90, 0x55, 0xCB, 0x01,
    0xAA, 0x63, 0x22, 0xEC, 0x03, 0xCB, 0xD2, 0x21, 0x36, 0xF6, 0x87, 0x42, 0xB4, 0x29, 0x50, 0xD7,
    0x40, 0x36, 0x02, 0x85, 0x05, 0xD2, 0x0E, 0xD0, 0x06, 0x48, 0x01, 0x2E, 0x03, 0xC1, 0x04, 0x38,
    0x2B, 0xAC, 0xC1, 0x0F, 0x09, 0xAA, 0xBD, 0xD9, 0xA9, 0x37, 0x2D, 0xFE, 0x91, 0x44, 0x2D, 0x23,
    0xC5, 0xC9, 0x6D, 0xD1, 0x65, 0xFB, 0xD7, 0x91, 0xC7, 0x3E, 0x6F, 0x59, 0xC0, 0x2A, 0x83, 0xA7,
    0x36, 0xF7, 0x15, 0x1D, 0x7A, 0x8F, 0x00, 0x39, 0x30, 0xC2, 0xDA, 0x9E, 0x1A, 0x5F, 0x68, 0x47,
    0x71, 0x5B, 0xAC, 0x74, 0x25, 0xAB, 0xF3, 0x91, 0xCD, 0x09, 0x4F, 0x3F, 0x0D, 0x9B, 0x16, 0xAC,
    0x5D, 0x0A, 0x29, 0xA3, 0xE8, 0x67, 0x30, 0x37, 0x01, 0x24, 0xBA, 0x99, 0xA9, 0xC2, 0x3F, 0x12,
    0xC9, 0x27, 0xA8, 0x3E, 0x3D, 0x75, 0xB3, 0x5D, 0x10, 0x60, 0xA6, 0x6A, 0x26, 0x4A, 0x52, 0xF6,
    0x05, 0xAE, 0x3B, 0x38, 0xEF, 0x77, 0x6C, 0xB4, 0x0F, 0xA7, 0xEF, 0x1F, 0x07, 0x46, 0x8F, 0x73,
    0xFE, 0x91, 0xB4, 0xDF, 0x83, 0xA8, 0x9A, 0x73, 0x83, 0x3C, 0x9C, 0x28, 0xAF, 0x4B, 0xDA, 0x6F,
    0x43, 0x70, 0xF1, 0x81, 0x23, 0x00, 0xF5, 0xF1, 0xFE, 0x39, 0x95, 0xD2, 0xEC, 0x29, 0x7E, 0x20,
    0xCB, 0xFC, 0x89, 0x8F, 0x74, 0x1B, 0x29, 0x6A, 0x88, 0x2B, 0xB4, 0x87, 0x16, 0x02, 0x10, 0x9D,
    0x79, 0x76, 0xFC, 0xB4, 0x90, 0x30, 0x42, 0xCA, 0x00, 0x05, 0x96, 0x25, 0xC7, 0x40, 0x7D, 0x7C,
    0xF9, 0x7C, 0x54, 0xAE, 0x17, 0x36, 0xC9, 0xCC, 0x6D, 0x03, 0x1B, 0x9B, 0x44, 0x72, 0x3C, 0x73,
    0x58, 0xA3, 0xE5, 0x5F, 0x7F, 0x4A, 0xF6, 0x25, 0xA4, 0xA5, 0x14, 0x2E, 0x4F, 0xB1, 0x29, 0xDD,
    0xA0, 0x9B, 0xD2, 0x35, 0xBA, 0xF2, 0xD6, 0xFC, 0xF0, 0x22, 0x3A, 0x57, 0x21, 0x0E, 0x0B, 0x49,
    0x94, 0xA1, 0x2B, 0x0D, 0x9A, 0x14, 0x12, 0xD2, 0x37, 0x48, 0x91, 0xCB, 0xCD, 0x14, 0x9F, 0xB3,
    0x39, 0x35, 0x43, 0x26, 0xAC, 0x16, 0xB6, 0x21, 0x17, 0xA3, 0x9D, 0xE1, 0x6E, 0x40, 0xBB, 0x5F,
    0xB5, 0x3E, 0xBC, 0x59, 0xBB, 0x9E, 0xAD, 0xC8, 0x07, 0x3C, 0x9C, 0x4C, 0xA6, 0x74, 0x46, 0xC8,
    0x2B, 0xF2, 0xE1, 0xF2, 0xB6, 0xB2, 0xC7, 0x27, 0x03, 0x4E, 0x12, 0x02, 0xAE, 0x82, 0x1B, 0x00,
    0x2F, 0xBD, 0x81, 0xDB, 0xB1, 0x7B, 0x1D, 0xEB, 0x8B, 0x79, 0x9E, 0xBC, 0x27, 0x23, 0x8B, 0xCC,
    0xA9, 0xD3, 0x11, 0x4B, 0x22, 0xDF, 0xFA, 0xB9, 0x28, 0x0D, 0x25, 0xEC, 0xD3, 0xF5, 0x05, 0x49,
    0x45, 0x42, 0x0E, 0xBA, 0x1A, 0x21, 0x5E, 0xB2, 0xC1, 0x5F, 0x33, 0xA0, 0xEE, 0x54, 0x10, 0xEE,
    0x00, 0x26, 0x40, 0x09, 0x8B, 0x85, 0x25, 0x05, 0x90, 0x27, 0xEC, 0x71, 0x24, 0xB4, 0xC7, 0x27,
    0xC7, 0x95, 0x9A, 0x28, 0x4E, 0x17, 0x33, 0x1D, 0x27, 0x44, 0x92, 0x1E, 0xD0, 0x0D, 0x61, 0x13,
    0x5E, 0x91, 0xC4, 0x07, 0x36, 0xA9, 0x18, 0x73, 0xA8, 0x47, 0x28, 0x7D, 0x21, 0x74, 0x5A, 0xC1,
    0xDA, 0x10, 0xFC, 0xA0, 0x43, 0x7D, 0xCB, 0xA2, 0x1B, 0x4B, 0x89, 0xAB, 0x5A, 0xD6, 0x1C, 0x67,
    0x97, 0x28, 0x7C, 0xE6, 0x7D, 0xF8, 0x31, 0xE2, 0x47, 0xC7, 0xE2, 0xFF, 0xB6, 0x7B, 0x0D, 0xC4,
    0x11, 0x71, 0x6D, 0x77, 0xF5, 0x27, 0x8B, 0xBF, 0x24, 0x82, 0xEC, 0x8F, 0x90, 0xD2, 0x12, 0xEF,
    0x4F, 0x27, 0x16, 0x29, 0xB9, 0x4F, 0xCA, 0x91, 0x96, 0x9A, 0xFF, 0x07, 0xB5, 0xD8, 0x01, 0x84,
    0x24, 0xD9, 0xFD, 0x07, 0xF0, 0x4F, 0x55, 0xED, 0x6E, 0xBB, 0xED, 0xFF, 0x7F, 0x6B, 0x30, 0xC8,
    0xC5, 0x65, 0x3B, 0x80, 0x25, 0x33, 0xD3, 0x70, 0x38, 0x74, 0x77, 0x57, 0x02, 0x07, 0xB8, 0x01,
    0x00, 0xB1, 0xE1, 0xB0, 0x20, 0x81, 0xC3, 0xA1, 0xF7, 0xB6, 0x08, 0x90, 0x20, 0x07, 0x00, 0x58,
    0x04, 0xB1, 0x90, 0x0D, 0x8B, 0x21, 0xB3, 0x99, 0x4A, 0x42, 0x02, 0x50, 0x21, 0x11, 0x11, 0xA2,
    0xEE, 0x02, 0x91, 0x88, 0x7B, 0xA1, 0x93, 0xAB, 0xDD, 0x9D, 0x9D, 0xCE, 0x7B, 0xD2, 0xEE, 0x72,
    0x99, 0xE4, 0xD8, 0x9D, 0x1A, 0xED, 0x19, 0x78, 0xDA, 0xE7, 0xFB, 0x9D, 0x7E, 0xBF, 0xAE, 0xD7,
    0x7C, 0x11, 0x4B, 0x9C, 0x54, 0x3C, 0xAB, 0xE4, 0xBF, 0xAF, 0x15, 0xBF, 0xAC, 0x95, 0x6F, 0x36,
    0x26, 0xA3, 0xC6, 0xBC, 0x68, 0xAC, 0xE2, 0xDA, 0x6C, 0x9A, 0x6C, 0xB3, 0x69, 0x8B, 0xF8, 0x1A,
    0x37, 0x45, 0x57, 0x56, 0x79, 0x37, 0x95, 0x87, 0x79, 0x5C, 0x00, 0xAE, 0x60, 0x8A, 0x25, 0xAE,
    0xE0, 0x5A, 0xC5, 0xC9, 0xC7, 0x75, 0xFE, 0xE4, 0xA4, 0x1E, 0x37, 0x13, 0x65, 0x55, 0x9A, 0x9A,
    0x58, 0x38, 0x30, 0xB7, 0x30, 0x33, 0x33, 0xB7, 0xB2, 0xC8, 0x4E, 0x4D, 0x7F, 0xD8, 0x2B, 0x9F,
    0x1F, 0x51, 0x01, 0x76, 0xC8, 0xD6, 0xA4, 0xE5, 0x10, 0x60, 0x5A, 0x11, 0x4D, 0xA2, 0xC7, 0xA4,
    0xE2, 0x8A, 0xC1, 0xFC, 0x45, 0x47, 0xBE, 0xC6, 0x23, 0xB2, 0x40, 0x51, 0xE3, 0x62, 0x19, 0xDE,
    0x47, 0x92, 0x5E, 0x7F, 0x0B, 0xCB, 0x5F, 0x63, 0x1D, 0xC8, 0xAA, 0xDD, 0xAD, 0xDA, 0xD2, 0xD6,
    0x9D, 0xE0, 0x49, 0x2E, 0xD1, 0x25, 0xBB, 0x84, 0x97, 0xF4, 0x12, 0x5F, 0xF2, 0x4B, 0x01, 0xA4,
    0x04, 0x52, 0x04, 0x29, 0x83, 0x14, 0xC2, 0x36, 0x85, 0x5B, 0x38, 0x92, 0xFD, 0xAD, 0x35, 0x7E,
    0x52, 0x39, 0x98, 0xF3, 0xCE, 0xF5, 0x8B, 0xC5, 0x78, 0x05, 0x25, 0x8A, 0xEF, 0x54, 0xDC, 0x6B,
    0x53, 0x84, 0x94, 0x60, 0x88, 0xDA, 0xF3, 0x9A, 0xAC, 0xC5, 0x8F, 0x02, 0x5F, 0xE9, 0x0D, 0xE2,
    0x05, 0x94, 0xB5, 0x6D, 0xF7, 0x6F, 0xD6, 0x2C, 0x7F, 0x77, 0xF9, 0xDD, 0x67, 0x15, 0x45, 0xC0,
    0x23, 0x59, 0x08, 0xB1, 0xFF, 0x7A, 0x98, 0x3C, 0xFB, 0xAF, 0x70, 0xF2, 0x57, 0x7E, 0xD5, 0x6F,
    0xCF, 0x57, 0xC3, 0xEB, 0x0F, 0x31, 0xCC, 0x47, 0xFF, 0xDA, 0x57, 0x2B, 0x93, 0x67, 0xB5, 0x5B,
    0x4B, 0xB2, 0xFB, 0x8C, 0xD6, 0x4C, 0x67, 0x03, 0xB8, 0x61, 0xD2, 0x70, 0x2F, 0xC8, 0xC3, 0x51,
    0x6A, 0xFE, 0x52, 0x47, 0x4D, 0xB2, 0x17, 0x3D, 0xE5, 0x8A, 0xF9, 0x4D, 0x1E, 0x8E, 0x31, 0xF8,
    0x08, 0x7A, 0x44, 0xDE, 0x31, 0xAA, 0x64, 0xCD, 0x6B, 0x74, 0xEF, 0x72, 0xD2, 0xF1, 0x8A, 0x61,
    0xB2, 0x95, 0x15, 0xFB, 0x78, 0xA7, 0xB2, 0x97, 0xB5, 0xBE, 0x54, 0x34, 0xCA, 0x0D, 0x79, 0x7F,
    0xC1, 0x2C, 0x7B, 0xB8, 0x89, 0x91, 0x4B, 0x71, 0x67, 0x1D, 0x02, 0x5E, 0x1F, 0xD8, 0x3D, 0x6E,
    0xC8, 0x5B, 0xF2, 0x86, 0x5F, 0xEC, 0x0D, 0xEE, 0x76, 0x88, 0xC7, 0xB8, 0x89, 0xBD, 0x68, 0xFF,
    0xC6, 0x30, 0xF6, 0x73, 0xE7, 0xB6, 0xFE, 0xC2, 0xD6, 0x1E, 0x78, 0x75, 0x18, 0x7B, 0x5E, 0x1F,
    0x2A, 0x9F, 0xB6, 0xFE, 0x6F, 0x52, 0x83, 0xD7, 0x86, 0x72, 0x23, 0x6B, 0xF7, 0x08, 0x47, 0xDB,
    0xAE, 0x5D, 0xEA, 0xB9, 0x85, 0x37, 0x8A, 0xDA, 0xAC, 0x64, 0xFA, 0x9C, 0x51, 0x37, 0xFC, 0xB9,
    0x7D, 0xF0, 0xA0, 0x96, 0x6C, 0x4F, 0x1F, 0xD4, 0x49, 0x52, 0x74, 0x14, 0x2D, 0x51, 0x6C, 0xF4,
    0xE7, 0xEF, 0x1B, 0x6F, 0x7A, 0xE5, 0x6F, 0x0E, 0x95, 0x15, 0x25, 0x26, 0x98, 0x62, 0x81, 0xE5,
    0xA6, 0x8F, 0x6B, 0x0D, 0xC0, 0x0E, 0xFA, 0xED, 0x3A, 0x94, 0x9C, 0x4E, 0x42, 0xF1, 0xF7, 0xE3,
    0xB2, 0x9E, 0x4D, 0xEC, 0x2F, 0xCC, 0x97, 0x9B, 0xD3, 0xC5, 0x83, 0x1F, 0xCC, 0x98, 0xB3, 0xA4,
    0xFC, 0x4B, 0x37, 0xDA, 0x34, 0x76, 0x41, 0x25, 0x0F, 0x8A, 0x40, 0x05, 0xE8, 0x71, 0x17, 0x7B,
    0xE8, 0x51, 0x0D, 0x86, 0x1D, 0xB5, 0xF2, 0x40, 0x90, 0x75, 0x46, 0xB5, 0x17, 0x95, 0x1A, 0x77,
    0x0F, 0x4D, 0x9F, 0x06, 0x6F, 0x2C, 0x1B, 0xAE, 0x0E, 0xC6, 0xB2, 0xFC, 0x5A, 0xE3, 0xC7, 0xBF,
    0xAD, 0x75, 0x1B, 0xEA, 0x5B, 0x6C, 0x65, 0x91, 0x26, 0xDA, 0x44, 0x9C, 0xA8, 0x13, 0x79, 0xA2,
    0x4F, 0x04, 0x9A, 0x61, 0x8E, 0x25, 0x09, 0x29, 0x29, 0xB7, 0xCC, 0xEB, 0xB0, 0x8F, 0x3B, 0x8F,
    0xC8, 0xCF, 0x6A, 0xC6, 0xDF, 0xAD, 0xB8, 0x92, 0x6D, 0x8B, 0x4C, 0x64, 0xC9, 0x2C, 0xA1, 0x25,
    0xB5, 0xC4, 0x96, 0xDC, 0x12, 0x5C, 0x92, 0x4B, 0x74, 0xC9, 0xAE, 0x84, 0x09, 0x4C, 0x61, 0x61,
    0x1B, 0xC0, 0x36, 0x81, 0x64, 0x5E, 0xCB, 0x3F, 0x6C, 0x94, 0xFF, 0x60, 0x3E, 0xE3, 0xE1, 0xFF,
    0x5F, 0x2C, 0xC6, 0x7D, 0x3C, 0xC2, 0xEC, 0x0E, 0xD7, 0xCF, 0xA4, 0x08, 0x29, 0xC1, 0x10, 0x95,
    0xE7, 0x95, 0xBC, 0xE1, 0xC3, 0xCE, 0x64, 0x9D, 0xAC, 0x89, 0xFA, 0xA2, 0x9F, 0x04, 0x4E, 0xB1,
    0xC7, 0x9D, 0x95, 0xFC, 0xEC, 0x70, 0x48, 0x9E, 0x4F, 0x9F, 0x9A, 0x82, 0xFC, 0x83, 0x2E, 0x56,
    0x5A, 0x0F, 0x52, 0x69, 0xD6, 0xDD, 0x36, 0x3A, 0xEB, 0x5C, 0x2F, 0x1B, 0x76, 0xF0, 0x9C, 0x22,
    0xBA, 0x31, 0x88, 0x3B, 0x3D, 0x35, 0x4D, 0x9F, 0x55, 0x5E, 0x7F, 0x8F, 0xEC, 0x7D, 0xC6, 0x81,
    0xC5, 0xEA, 0xE2, 0x6E, 0xB6, 0xD6, 0x8F, 0x48, 0x93, 0x75, 0x37, 0xAB, 0x2E, 0x75, 0x7A, 0x65,
    0xF7, 0x8D, 0xD6, 0x26, 0x2B, 0xAB, 0x7D, 0xE1, 0x86, 0x8B, 0xCD, 0xB3, 0x53, 0xDF, 0x74, 0xD3,
    0xB1, 0xCA, 0x7D, 0x21, 0x0B, 0x79, 0x28, 0xBA, 0xA2, 0x2D, 0x9A, 0x51, 0x33, 0x6E, 0xCA, 0x3A,
    0x0D, 0xF0, 0x89, 0xA9, 0x54, 0xC3, 0x0C, 0xF9, 0x3A, 0x3B, 0x36, 0xF3, 0x28, 0x6F, 0x49, 0x61,
    0x8A, 0xB8, 0x6B, 0xFC, 0xC9, 0xAE, 0x03, 0x69, 0xD7, 0x8A, 0x5B, 0xD2, 0x9F, 0x63, 0xBD, 0xF5,
    0x7F, 0x7F, 0x4F, 0xB8, 0x62, 0xE1, 0xAE, 0x5D, 0x76, 0xDD, 0xF5, 0x78, 0x6B, 0x0B, 0xE2, 0xEE,
    0x7C, 0xBB, 0xFB, 0xD3, 0xF7, 0x86, 0x2B, 0xEE, 0x4A, 0xFB, 0x5D, 0xFB, 0x13, 0xF7, 0x36, 0xF2,
    0xE7, 0x93, 0x66, 0xD4, 0x16, 0x5D, 0x19, 0x0B, 0x9E, 0x12, 0x16, 0xAC, 0x67, 0xAC, 0x57, 0x84,
    0x63, 0x69, 0xE5, 0x71, 0x15, 0xDD, 0xCA, 0xA8, 0x99, 0x2B, 0xEB, 0xA9, 0x7B, 0xCA, 0x67, 0xA7,
    0x8A, 0x4D, 0xCB, 0xEE, 0xFF, 0xFA, 0x62, 0xA8, 0x9D, 0xF4, 0xC5, 0x93, 0xC7, 0xE3, 0x66, 0x3A,
    0x31, 0x39, 0x50, 0xCE, 0x4D, 0x66, 0xA6, 0x33, 0x8B, 0xB9, 0xD5, 0x22, 0x5B, 0x4F, 0x3E, 0x8A,
    0x45, 0x56, 0x0E, 0x41, 0xA5, 0xE8, 0x8C, 0x5A, 0xD9, 0x7F, 0x7E, 0x31, 0xEC, 0xA3, 0x47, 0x35,
    0x28, 0xB6, 0xE8, 0xE4, 0x6B, 0xD2, 0x4D, 0x45, 0x51, 0x7B, 0x41, 0xED, 0x35, 0x38, 0xC0, 0x9D,
    0x77, 0xC8, 0xFE, 0x35, 0x74, 0x6B, 0xAE, 0x66, 0x5B, 0x64, 0x52, 0x4A, 0x4C, 0xC9, 0x29, 0x41,
    0x25, 0xA9, 0x44, 0x95, 0xAC, 0x12, 0x56, 0xD2, 0x4A, 0x5C, 0xC9, 0x2B, 0x81, 0x25, 0xB1, 0x44,
    0x96, 0xCC, 0x12, 0x9A, 0x5D, 0x7C, 0xFE, 0xE5, 0xB6, 0x16, 0xF9, 0xA2, 0x5F, 0x0C, 0x60, 0x62,
    0x22, 0x46, 0x10, 0x33, 0x88, 0x21, 0xC4, 0x14, 0xDB, 0x87, 0x85, 0xB5, 0x18, 0x44, 0x4A, 0xE2,
    0x10, 0xB7, 0x71, 0x84, 0xBD, 0x4F, 0x26, 0x6F, 0x9D, 0x62, 0x0C, 0x55, 0xF5, 0xB9, 0x0B, 0xEE,
    0x10, 0x66, 0xE0, 0x14, 0xFB, 0xDC, 0x99, 0xC9, 0xCE, 0x6E, 0x0F, 0xED, 0xE6, 0xFC, 0x65, 0x76,
    0x10, 0x7B, 0xD6, 0x7D, 0xD9, 0xE8, 0x2C, 0x38, 0x3F, 0x96, 0x0D, 0x65, 0xFF, 0x9C, 0x0B, 0xED,
    0x00, 0xBD, 0x6F, 0x47, 0x73, 0x7A, 0xF0, 0xDD, 0x55, 0x5D, 0xEA, 0xFC, 0x38, 0x7F, 0xA1, 0xBD,
    0xB8, 0xBF, 0x12, 0x15, 0x8C, 0x5A, 0xB2, 0x0A, 0xA0, 0x6C, 0x59, 0xDC, 0x60, 0x7D, 0x53, 0x56,
    0x1D, 0xC4, 0x4C, 0xAB, 0x98, 0xA9, 0x7B, 0xF9, 0x4C, 0x1D, 0xBB, 0x70, 0x1D, 0x0B, 0xF4, 0x14,
    0x6D, 0x30, 0x16, 0x10, 0x5C, 0xFB, 0x76, 0xEB, 0x64, 0x53, 0xBD, 0x94, 0xBF, 0x6C, 0x52, 0x80,
    0x1B, 0xF4, 0x37, 0xD9, 0x1D, 0xCE, 0xFA, 0x2A, 0x26, 0x44, 0x10, 0xC9, 0xAA, 0xBB, 0xB8, 0xF5,
    0xD3, 0x11, 0xBE, 0xF5, 0x0E, 0xD9, 0xED, 0xB9, 0xDF, 0x2B, 0xD3, 0x1C, 0xBF, 0xB8, 0x79, 0xFA,
    0xD3, 0xD6, 0xBD, 0x8F, 0xFF, 0x20, 0x9C, 0x7C, 0x9D, 0x2B, 0xC3, 0x7A, 0x7F, 0x32, 0xAA, 0xB2,
    0xCD, 0xF7, 0xE4, 0x3F, 0x3B, 0x0B, 0x59, 0xF5, 0xF6, 0x45, 0xAD, 0x37, 0x70, 0x13, 0x43, 0x1A,
    0xCF, 0x9F, 0x41, 0x20, 0xE0, 0x82, 0xDE, 0xF3, 0x67, 0x2F, 0xAF, 0xDD, 0x2E, 0x1A, 0xEB, 0x51,
    0x23, 0x8C, 0xEB, 0x2C, 0x24, 0x77, 0xBA, 0x30, 0x97, 0x8A, 0x76, 0xA2, 0x68, 0x0E, 0xA2, 0x73,
    0x61, 0x1C, 0xAD, 0xE3, 0x7A, 0xA6, 0xAC, 0xE2, 0x32, 0x77, 0x60, 0x69, 0x15, 0xDD, 0xFD, 0x67,
    0x67, 0x47, 0x45, 0x1E, 0x28, 0x02, 0x2A, 0x48, 0x9B, 0xA3, 0xE9, 0xC0, 0x6A, 0xEE, 0x78, 0xA6,
    0x9F, 0xA5, 0x22, 0xC2, 0x51, 0x16, 0xFA, 0x3C, 0xF4, 0x65, 0x77, 0x72, 0xD2, 0x2E, 0xFF, 0xD8,
    0x5C, 0x45, 0xC2, 0x24, 0xD3, 0xB8, 0x91, 0x54, 0x90, 0xF5, 0x58, 0x61, 0x86, 0x35, 0xAA, 0x41,
    0xB1, 0x65, 0x6D, 0xDC, 0xCA, 0x5B, 0xA3, 0xC6, 0x0D, 0x5E, 0x50, 0x0B, 0x93, 0x06, 0xEF, 0x65,
    0x9D, 0x2C, 0xE8, 0x22, 0x3B, 0x6F, 0xA3, 0xEF, 0x5B, 0x75, 0x04, 0x3E, 0x91, 0x84, 0x12, 0x51,
    0x32, 0x4A, 0x48, 0x49, 0x29, 0x31, 0x25, 0xA7, 0x04, 0x95, 0xA4, 0x12, 0x55, 0xB2, 0x4A, 0x58,
    0x53, 0x2B, 0x89, 0xFB, 0xD9, 0xC7, 0x8E, 0x5B, 0x38, 0xA5, 0xE8, 0x76, 0x94, 0x55, 0xB0, 0xEF,
    0x21, 0x02, 0xA3, 0xB6, 0xB4, 0xAC, 0x22, 0x5B, 0x74, 0x8B, 0x70, 0x51, 0x2E, 0xD2, 0x45, 0xBB,
    0x88, 0x17, 0xF5, 0x22, 0x5F, 0xF4, 0x8B, 0x01, 0xFC, 0x5B, 0x82, 0x1A, 0xA3, 0x36, 0xEB, 0x48,
    0x11, 0xEC, 0x5E, 0x6A, 0x84, 0xB7, 0x71, 0x17, 0x53, 0x3B, 0xC6, 0x55, 0x50, 0x34, 0x03, 0x44,
    0xC8, 0x7A, 0x58, 0xC1, 0x2C, 0xE5, 0x58, 0xEB, 0xB8, 0xE4, 0x7F, 0x05, 0xCA, 0x9A, 0x71, 0x4B,
    0xDE, 0xEE, 0x18, 0x35, 0xC1, 0x0D, 0x03, 0x64, 0x29, 0xDB, 0x87, 0x2C, 0x9F, 0x7E, 0xD0, 0xA5,
    0x5F, 0x3B, 0x3A, 0xAE, 0x5E, 0x7A, 0x8C, 0xE7, 0x63, 0xF9, 0xE6, 0xAD, 0x9D, 0xE2, 0xE7, 0xA7,
    0x21, 0x77, 0x7F, 0x80, 0x08, 0x64, 0x1D, 0x74, 0xB8, 0x74, 0xBD, 0x0A, 0x79, 0x40, 0x11, 0xA0,
    0x02, 0x76, 0x10, 0x70, 0xE1, 0x38, 0x59, 0xC5, 0xA8, 0x95, 0x5C, 0xB2, 0x0A, 0x14, 0x81, 0x9E,
    0x39, 0x57, 0xDD, 0xF6, 0x6A, 0x6F, 0x76, 0xAC, 0x9F, 0xE5, 0x61, 0x56, 0x34, 0x8B, 0xB2, 0x9E,
    0x4E, 0x94, 0xD1, 0xBD, 0x36, 0x0E, 0x29, 0xD1, 0xB8, 0x51, 0xD6, 0x29, 0x4B, 0xC9, 0x84, 0x29,
    0xAE, 0x55, 0x8C, 0x9A, 0xAD, 0xFA, 0x11, 0xDE, 0x00, 0x90, 0x87, 0x2C, 0xBE, 0x8A, 0x4E, 0x48,
    0x65, 0x95, 0x95, 0xF5, 0x84, 0xA3, 0x39, 0xEF, 0xAE, 0x58, 0xAD, 0x99, 0x07, 0x96, 0x0D, 0xCB,
    0x9A, 0x29, 0x0E, 0xB0, 0xC2, 0x9A, 0x65, 0xC7, 0xBD, 0x1A, 0xBC, 0x14, 0x0B, 0xEC, 0x72, 0x97,
    0xC7, 0xEC, 0x5E, 0x14, 0xB4, 0x13, 0x41, 0x7D, 0x04, 0xF5, 0xD8, 0x01, 0x0B, 0x26, 0x95, 0x31,
    0x0B, 0x76, 0x5E, 0x9E, 0xD8, 0x93, 0x80, 0xF6, 0xB1, 0x42, 0x37, 0x78, 0x7B, 0xC8, 0xFB, 0xBD,
    0xF1, 0xD9, 0xF1, 0x8D, 0x32, 0xC8, 0xAA, 0x97, 0x95, 0x8E, 0xDB, 0x87, 0xA6, 0xEB, 0x60, 0xB6,
    0x6C, 0xED, 0x5E, 0xAF, 0x86, 0x56, 0xFE, 0x13, 0xAD, 0x96, 0x01, 0x84, 0x24, 0xD9, 0x19, 0xC7,
    0x7F, 0xAF, 0xDF, 0xEC, 0xD6, 0xCD, 0x3E, 0xD7, 0xAF, 0x30, 0xC7, 0xE5, 0xEC, 0x4C, 0x1F, 0x0E,
    0x63, 0xF5, 0x4C, 0x2F, 0x0E, 0x2D, 0xAA, 0xBB, 0x2A, 0x82, 0x45, 0x84, 0xC1, 0x2D, 0x02, 0x0C,
    0x0E, 0x92, 0x43, 0x60, 0x30, 0xA4, 0x77, 0xFB, 0x65, 0x0F, 0x87, 0x60, 0x17, 0x80, 0xC0, 0x90,
    0x43, 0x6C, 0x44, 0x26, 0x8C, 0x68, 0xF4, 0xA4, 0x9E, 0x2C, 0x0E, 0xC1, 0x15, 0x41, 0x20, 0x92,
    0xB2, 0x97, 0x44, 0x24, 0x2E, 0xFB, 0x36, 0xA9, 0x44, 0xBB, 0xD4, 0xCC, 0x4B, 0x55, 0xA5, 0x5A,
    0x8F, 0xDD, 0xCD, 0xCE, 0x86, 0xFC, 0xBF, 0xF7, 0xFF, 0xBA, 0xDE, 0xFB, 0xBE, 0xEF, 0xEB, 0xFF,
    0x3C, 0x53, 0xEF, 0x35, 0xC8, 0x84, 0x3C, 0x75, 0x47, 0xD9, 0x0F, 0x92, 0x23, 0x5E, 0x66, 0x00,
    0x8A, 0x3E, 0xF1, 0xE2, 0xFA, 0x76, 0xB0, 0xCD, 0xCB, 0x0D, 0xAA, 0xBC, 0x1B, 0x1F, 0x2F, 0x3D,
    0xB1, 0x2F, 0x6F, 0x3C, 0xFC, 0x61, 0xF3, 0xB0, 0xB8, 0xF1, 0xF0, 0x08, 0x9A, 0x47, 0xEF, 0x8B,
    0x1B, 0x0F, 0x1F, 0x3E, 0x37, 0x3D, 0x3A, 0x72, 0xFF, 0x23, 0xC2, 0xE4, 0xCA, 0xED, 0xDB, 0x75,
    0x07, 0x0B, 0xF0, 0x46, 0xF5, 0x9C, 0x7A, 0x0F, 0x80, 0x40, 0x25, 0x3B, 0x0C, 0x89, 0xB8, 0xCB,
    0x08, 0xB8, 0x8A, 0x36, 0xDA, 0x48, 0x13, 0xB0, 0xC5, 0x70, 0x39, 0xB7, 0xD5, 0x3C, 0x59, 0xCE,
    0x7B, 0x26, 0x66, 0xD8, 0x54, 0xBC, 0x0E, 0x08, 0x12, 0x75, 0xCB, 0xEE, 0x74, 0x19, 0xF6, 0x89,
    0x46, 0xDC, 0x8D, 0x19, 0xED, 0x52, 0xE7, 0x75, 0xD0, 0xF7, 0x6D, 0x35, 0xE4, 0x87, 0x36, 0x90,
    0x66, 0x4B, 0x33, 0x8C, 0x2E, 0xAC, 0x7F, 0x6A, 0xE5, 0x3D, 0x1B, 0x7C, 0x75, 0xB5, 0x3E, 0x19,
    0x45, 0xE3, 0xCA, 0x76, 0x47, 0x5B, 0x3B, 0xDD, 0xB5, 0x35, 0x86, 0x70, 0x08, 0xC7, 0xE0, 0xB8,
    0xFB, 0x2F, 0x9B, 0x7A, 0x2B, 0x32, 0x3A, 0xB6, 0x1E, 0xB2, 0x1A, 0x86, 0xC0, 0xA0, 0x12, 0x34,
    0x68, 0xE8, 0xC2, 0x16, 0xEC, 0x40, 0xD4, 0x8C, 0x65, 0x18, 0x34, 0xC1, 0x93, 0xB9, 0xF2, 0x25,
    0x9B, 0xD0, 0x6F, 0xC3, 0x17, 0x3B, 0x4F, 0xFD, 0xB2, 0x73, 0xD6, 0xB4, 0xB5, 0x5C, 0x4B, 0xA6,
    0xD6, 0xE7, 0x95, 0x65, 0xA9, 0xF9, 0x12, 0x19, 0x25, 0xDE, 0x78, 0xE7, 0xCD, 0x02, 0x03, 0xE3,
    0xF4, 0x74, 0x03, 0x18, 0x77, 0x5C, 0x2A, 0xDD, 0xA9, 0xCC, 0x37, 0x44, 0x72, 0x48, 0x44, 0x54,
    0x72, 0xC6, 0xCF, 0x4B, 0x4A, 0xE6, 0x21, 0xB5, 0x8D, 0xA7, 0x77, 0x37, 0x20, 0x2D, 0x8E, 0xB8,
    0xCC, 0x00, 0xA6, 0x0B, 0xB6, 0x2F, 0x35, 0x6E, 0xEF, 0x79, 0xB7, 0xB4, 0x6B, 0xBC, 0xCC, 0x68,
    0x72, 0x2D, 0xB5, 0xBD, 0x5A, 0x2E, 0x37, 0x6B, 0xBB, 0x3C, 0xB7, 0x85, 0x2C, 0xE9, 0x02, 0xFA,
    0x27, 0xF4, 0x81, 0xBE, 0xE2, 0x00, 0x88, 0x54, 0x92, 0x03, 0x07, 0xAA, 0x63, 0x81, 0x63, 0x15,
    0x50, 0x7F, 0xE8, 0x2E, 0xC0, 0xC1, 0x56, 0x34, 0x35, 0xBD, 0x3C, 0x9A, 0xFC, 0xF4, 0x9F, 0xF9,
    0x9D, 0xA2, 0xE7, 0x7E, 0x65, 0x9D, 0x8B, 0x84, 0xFC, 0x28, 0x79, 0x9A, 0x45, 0x28, 0xC5, 0xDF,
    0x6D, 0xC4, 0x75, 0xDD, 0x7C, 0x0C, 0x35, 0x9F, 0xD9, 0x43, 0x9C, 0xEE, 0x3C, 0xB2, 0x4E, 0xD8,
    0xE0, 0x7B, 0xF7, 0x1E, 0xE7, 0x32, 0xE9, 0x9C, 0xE3, 0x8D, 0x80, 0x90, 0x8D, 0xE7, 0x64, 0x2C,
    0x85, 0xAC, 0xA4, 0x2C, 0xC5, 0xAC, 0xE4, 0xB4, 0x82, 0x56, 0x92, 0x56, 0xA2, 0x82, 0x62, 0x29,
    0xEB, 0x4E, 0x2B, 0x2C, 0xEA, 0xB6, 0xD2, 0x8E, 0x75, 0x2B, 0xCE, 0xE9, 0x56, 0x9E, 0xEB, 0xB6,
    0x02, 0xDD, 0x66, 0x2B, 0xD1, 0x45, 0xAD, 0xC8, 0x93, 0x93, 0x56, 0x66, 0x9C, 0xB7, 0x42, 0xAF,
    0x20, 0x50, 0x46, 0xA3, 0xD9, 0x21, 0x62, 0x88, 0x10, 0x89, 0xFA, 0xC8, 0xEA, 0x6A, 0xA9, 0x5A,
    0xE9, 0x12, 0xED, 0x30, 0x8C, 0x10, 0xAE, 0x58, 0xC8, 0xC7, 0x4F, 0x5D, 0xF0, 0xE8, 0x51, 0xA6,
    0xD5, 0x2D, 0xB3, 0xA5, 0x35, 0x51, 0x7F, 0x93, 0xB7, 0xDF, 0xD9, 0x26, 0x9C, 0x1D, 0x4E, 0xA2,
    0xA8, 0xFF, 0xDA, 0xEC, 0x64, 0x32, 0x8B, 0x2A, 0xEC, 0xF4, 0xBB, 0x9B, 0xEB, 0xEB, 0xB3, 0x93,
    0x62, 0x32, 0xAB, 0xE6, 0x87, 0xCD, 0x4A, 0xD4, 0xDD, 0xEC, 0xAF, 0xAF, 0xAF, 0x03, 0x68, 0x18,
    0xC0, 0x77, 0x12, 0x3E, 0x33, 0xF2, 0x17, 0x56, 0x7D, 0xC5, 0x76, 0xC9, 0x22, 0x9C, 0x30, 0x41,
    0xB2, 0xCB, 0x0C, 0x87, 0xE3, 0xA0, 0x7D, 0x67, 0xD7, 0x51, 0x48, 0xD3, 0xB1, 0xE4, 0x32, 0xAB,
    0xDF, 0xFE, 0x03, 0x5A, 0xBC, 0xCD, 0x82, 0xFD, 0x88, 0x52, 0xB8, 0x1E, 0x27, 0x41, 0x16, 0x58,
    0x7A, 0x89, 0x70, 0xDC, 0x81, 0x89, 0x28, 0xA0, 0x17, 0x64, 0x84, 0xC1, 0xEF, 0x92, 0x70, 0x2E,
    0xCE, 0x58, 0x94, 0xA2, 0xA4, 0x7C, 0x5F, 0x3E, 0x61, 0x1F, 0x7D, 0xCB, 0xC2, 0x48, 0x38, 0x28,
    0x98, 0x23, 0x33, 0x06, 0xE8, 0x64, 0x5F, 0xD9, 0x11, 0x65, 0xC7, 0xBD, 0xCB, 0x82, 0x63, 0x08,
    0x41, 0xE4, 0x1A, 0x59, 0x33, 0xEB, 0x21, 0xED, 0x6E, 0xC5, 0x11, 0x81, 0x89, 0x50, 0x49, 0x84,
    0xE6, 0x10, 0xCD, 0x01, 0x5D, 0x8E, 0x2B, 0x3A, 0xAE, 0x93, 0xB3, 0xC4, 0xA4, 0x93, 0x51, 0x06,
    0x79, 0xC5, 0x8C, 0x50, 0x00, 0xA0, 0xCE, 0x98, 0xA6, 0xC9, 0xBB, 0xCA, 0x8A, 0xC0, 0xCA, 0x4F,
    0xAC, 0xBC, 0x9F, 0x04, 0xDF, 0x46, 0x4D, 0xD0, 0x39, 0xDA, 0xA0, 0xA1, 0x4B, 0x8B, 0x08, 0x4E,
    0x61, 0x0E, 0x21, 0xB4, 0x87, 0xA0, 0xA1, 0xC5, 0x31, 0xC2, 0x8D, 0xE9, 0x59, 0xED, 0xCF, 0x11,
    0xE9, 0x03, 0x98, 0x66, 0xC8, 0x2F, 0x4A, 0x7A, 0x68, 0x86, 0x48, 0x72, 0xA4, 0x61, 0x89, 0x2E,
    0xF4, 0xE1, 0x5D, 0x70, 0x08, 0x5B, 0x07, 0x14, 0xBC, 0x0E, 0x11, 0xCC, 0xA1, 0xA4, 0xF3, 0x1B,
    0x82, 0xAF, 0xA3, 0xBB, 0xF4, 0x35, 0x43, 0xC5, 0x0A, 0x3A, 0x01, 0x40, 0x03, 0x10, 0x6A, 0x00,
    0xC6, 0x5D, 0x00, 0xE2, 0xCF, 0x05, 0x80, 0x48, 0x3D, 0x00, 0xE9, 0x07, 0x00, 0xF2, 0x09, 0x00,
    0xFA, 0x97, 0x06, 0xA0, 0x27, 0x2D, 0xB0, 0xB6, 0x26, 0x33, 0xA0, 0x87, 0x60, 0x0E, 0xBB, 0xC0,
    0x8C, 0xFD, 0x1D, 0x44, 0xE2, 0x38, 0xEF, 0x23, 0x0B, 0xC7, 0xF4, 0xEC, 0x9B, 0x1D, 0xFF, 0x87,
    0x8F, 0x85, 0x3F, 0x27, 0xF0, 0x8B, 0x4E, 0xF9, 0x0D, 0xD4, 0xD3, 0xF7, 0xD5, 0x6F, 0x61, 0x7C,
    0xC0, 0x40, 0x43, 0x19, 0xD1, 0xD7, 0x06, 0x37, 0x62, 0x4D, 0x19, 0xC2, 0x5D, 0x5A, 0xC4, 0x45,
    0x5C, 0xBC, 0xB1, 0x07, 0x1C, 0x03, 0x19, 0x48, 0x03, 0x0A, 0xB8, 0x0E, 0x0C, 0x01, 0x07, 0xC2,
    0x82, 0x4C, 0xA0, 0x0B, 0xF4, 0x81, 0x03, 0x20, 0x87, 0x8E, 0x85, 0x00, 0x78, 0x1D, 0x88, 0x80,
    0x10, 0x60, 0xE0, 0x88, 0x1D, 0x11, 0x4C, 0x60, 0x06, 0x05, 0x38, 0x70, 0x08, 0x47, 0x27, 0x47,
    0xFA, 0x7A, 0x04, 0x16, 0x65, 0xD1, 0x06, 0x9D, 0xA0, 0xA1, 0x07, 0xBB, 0x30, 0x86, 0xB8, 0x29,
    0x65, 0x9A, 0x93, 0xB6, 0xC7, 0x71, 0x93, 0x7A, 0x21, 0x6F, 0x40, 0x70, 0x8E, 0x3A, 0x63, 0xD5,
    0x7F, 0x71, 0xB1, 0x7F, 0x5D, 0xE7, 0x2D, 0x00, 0xA8, 0x92, 0xD4, 0xC6, 0x5E, 0x7A, 0xB7, 0xAD,
    0xEF, 0x25, 0x05, 0xCA, 0xB0, 0xA8, 0x5D, 0x81, 0xAE, 0x93, 0xC7, 0xC8, 0x8C, 0x05, 0xBD, 0x44,
    0xE6, 0x8C, 0xD0, 0x75, 0xB0, 0x59, 0xDF, 0xA2, 0x93, 0xB1, 0x42, 0x84, 0xB4, 0x9C, 0xA2, 0x2D,
    0xF3, 0xDA, 0x85, 0x88, 0x65, 0x77, 0x4E, 0x62, 0x4F, 0xB1, 0xAD, 0x8D, 0x43, 0xD5, 0xFC, 0x6E,
    0x8E, 0xAE, 0x4A, 0xC7, 0xD2, 0xB2, 0x90, 0x56, 0xE6, 0xD2, 0xD6, 0x97, 0xA8, 0xA6, 0xBE, 0x36,
    0xD5, 0x85, 0x7E, 0x5B, 0x9C, 0x12, 0x33, 0x67, 0x4C, 0xC8, 0x1A, 0x00, 0x22, 0xEF, 0x2D, 0x64,
    0x9E, 0x9E, 0xCB, 0xEC, 0xE6, 0x40, 0x5A, 0x74, 0xC5, 0x5E, 0x60, 0x18, 0xAB, 0x84, 0xB9, 0xA6,
    0xE3, 0x34, 0xCA, 0x76, 0xE9, 0xD1, 0x65, 0xC4, 0x75, 0x22, 0x96, 0x98, 0x70, 0x42, 0xD9, 0x58,
    0x41, 0x08, 0x00, 0x03, 0xEF, 0xDE, 0xFA, 0x91, 0x6B, 0xF7, 0xAE, 0xD9, 0x35, 0x46, 0x10, 0xC1,
    0x0C, 0x9A, 0x0D, 0x92, 0xFF, 0xD9, 0x4F, 0x18, 0x34, 0x91, 0x77, 0x20, 0xF5, 0x45, 0xC5, 0x73,
    0x8E, 0x53, 0x9F, 0x54, 0xB4, 0xFF, 0x85, 0xA6, 0x62, 0x95, 0x73, 0xC6, 0xF1, 0xCF, 0xF6, 0x38,
    0x3E, 0xE6, 0x52, 0x02, 0xF0, 0xAD, 0x87, 0x89, 0xF2, 0xDE, 0x0E, 0xFC, 0xAF, 0x6D, 0xEC, 0x1F,
    0xD9, 0xB4, 0xA5, 0xAF, 0xD9, 0x3E, 0x4F, 0x2B, 0xD6, 0xB1, 0x5E, 0x95, 0x17, 0x54, 0x6C, 0xCB,
    0xF0, 0x7E, 0xC1, 0x3F, 0xFC, 0x39, 0xCE, 0xFB, 0x9A, 0xE6, 0x05, 0x4C, 0x2A, 0xE2, 0xFD, 0x59,
    0xC5, 0x82, 0x25, 0x50, 0xA6, 0x61, 0xA8, 0x61, 0xAC, 0x21, 0xFE, 0xAB, 0xA8, 0x5F, 0xAF, 0x84,
    0xF4, 0x83, 0xA4, 0xF3, 0x17, 0x50, 0x9F, 0x98, 0x66, 0x8B, 0x85, 0xCC, 0x41, 0x24, 0x74, 0xB2,
    0x20, 0x57, 0x79, 0xC7, 0x70, 0x11, 0x44, 0x17, 0x6C, 0x0D, 0x98, 0x66, 0x34, 0xE7, 0x02, 0x3D,
    0x34, 0x0C, 0x91, 0xB4, 0x47, 0xC3, 0xFF, 0x17, 0x37, 0xC1, 0xD6, 0xDD, 0x0D, 0x9B, 0xF4, 0x40,
    0xFD, 0xB1, 0x04, 0xE1, 0x33, 0x5A, 0x14, 0x80, 0x43, 0xE0, 0x90, 0x79, 0x8E, 0x3C, 0xB7, 0x21,
    0x3D, 0xEF, 0xD0, 0x7F, 0x76, 0x8C, 0x1C, 0x2C, 0x4E, 0x10, 0x6E, 0x02, 0xC9, 0x08, 0x08, 0x01,
    0x60, 0x0B, 0xD8, 0x05, 0xFA, 0xB0, 0x88, 0x20, 0x9D, 0xAD, 0x71, 0xB5, 0x3E, 0xEB, 0xCE, 0x7E,
    0x8C, 0xFA, 0x1C, 0x06, 0x1A, 0x46, 0x3A, 0xE1, 0x35, 0x65, 0x41, 0x00, 0x30, 0x97, 0xB6, 0x0C,
    0xCC, 0x5C, 0x27, 0x68, 0xD8, 0x5D, 0xBE, 0x6A, 0xC5, 0xEA, 0x1F, 0x28, 0xB0, 0xAC, 0x82, 0x81,
    0x99, 0x68, 0x5B, 0x28, 0x8B, 0x80, 0xF7, 0x00, 0x94, 0x5F, 0x40, 0x1E, 0x7F, 0xDF, 0xFF, 0x3E,
    0xB0, 0x87, 0x28, 0xEF, 0x93, 0x7D, 0x78, 0xEB, 0x4F, 0x70, 0xF5, 0x01, 0xA4, 0x67, 0xC8, 0x5C,
    0x25, 0x9A, 0x8E, 0xED, 0x43, 0xF6, 0x36, 0x18, 0xAE, 0x01, 0x1A, 0xB4, 0xD6, 0x04, 0x9F, 0x8E,
    0x11, 0x75, 0xFD, 0x34, 0x67, 0xEA, 0x7D, 0x7E, 0x23, 0xFD, 0xE2, 0x01, 0xDE, 0x21, 0x9F, 0x4C,
    0xD0, 0xF7, 0x7B, 0x5C, 0xD5, 0x57, 0x40, 0xB3, 0xC2, 0x02, 0xB1, 0x00, 0xC7, 0x05, 0x84, 0xED,
    0x69, 0xCC, 0x36, 0xCF, 0xE0, 0xA8, 0x49, 0x5E, 0xC0, 0x9E, 0x70, 0x45, 0x31, 0x93, 0x8F, 0xFF,
    0xE6, 0xEA, 0x6B, 0xF7, 0x51, 0xAE, 0xD5, 0xD7, 0x3E, 0xB4, 0x5B, 0xBA, 0xB9, 0x79, 0x77, 0xBA,
    0xF5, 0xD5, 0xFB, 0xE6, 0xEA, 0x0B, 0x68, 0xAA, 0xC0, 0xF1, 0x42, 0x84, 0x40, 0x32, 0x87, 0x8E,
    0x2B, 0x6B, 0xB7, 0x0D, 0x1C, 0xF1, 0x42, 0x1C, 0x2D, 0x5B, 0xD1, 0xB8, 0x3D, 0x00, 0x60, 0x0E,
    0xA2, 0xA8, 0x6B, 0x17, 0x87, 0x80, 0x7B, 0xA5, 0xDA, 0x7D, 0x5E, 0x88, 0xE6, 0xCB, 0xE7, 0x20,
    0x5D, 0x23, 0x68, 0x03, 0xD8, 0x63, 0x5E, 0x4E, 0xB8, 0x80, 0xC3, 0x72, 0x1E, 0xA2, 0x80, 0x9E,
    0xA9, 0x98, 0xC0, 0x15, 0x9E, 0xC3, 0x10, 0x91, 0x97, 0x4D, 0x17, 0x59, 0x37, 0x49, 0x78, 0x16,
    0xFA, 0x42, 0xBD, 0x00, 0xD8, 0x00, 0x88, 0x80, 0x24, 0x12, 0xC8, 0x3C, 0xD2, 0x56, 0xBA, 0xCA,
    0x75, 0xB2, 0x48, 0x19, 0x88, 0x60, 0xE5, 0x62, 0xEF, 0x7D, 0xD9, 0xB8, 0x67, 0x02, 0x75, 0x72,
    0xD2, 0x94, 0xD5, 0xCE, 0x34, 0xAD, 0xDA, 0xE8, 0x36, 0xBC, 0x19, 0xC7, 0x63, 0x80, 0x78, 0xDA,
    0x7C, 0x8C, 0xE3, 0x78, 0x8D, 0xF9, 0xD9, 0x3C, 0x5C, 0xBA, 0xD3, 0x90, 0x49, 0xE5, 0x6E, 0xEF,
    0x2D, 0x7F, 0xC5, 0xBE, 0xE2, 0xAF, 0xE4, 0x9B, 0xB5, 0xBD, 0x4A, 0x6E, 0x9A, 0xC7, 0x76, 0x60,
    0x34, 0xD7, 0x2E, 0x31, 0xA0, 0xF2, 0x9A, 0x81, 0x89, 0x6D, 0x9A, 0x5F, 0x9E, 0xAB, 0xF9, 0xB2,
    0x75, 0x2E, 0xB6, 0x97, 0x75, 0x86, 0xF7, 0x38, 0xE7, 0x55, 0xFF, 0xB6, 0x7F, 0x03, 0x6D, 0x92,
    0x31, 0x8C, 0xE3, 0x44, 0x14, 0x86, 0xBF, 0xB1, 0x77, 0x31, 0xB7, 0xBE, 0x9D, 0xA1, 0xA0, 0x40,
    0x28, 0x49, 0x68, 0x39, 0x4D, 0x12, 0x8A, 0x14, 0x83, 0xF4, 0xD8, 0xB8, 0xAF, 0x42, 0x71, 0xA2,
    0x83, 0x16, 0x9D, 0x60, 0xB5, 0x45, 0x8A, 0x48, 0x64, 0xF7, 0x0C, 0x7D, 0x71, 0xF5, 0xD5, 0x57,
    0xA2, 0x63, 0x8A, 0x48, 0x50, 0xEC, 0x11, 0xF7, 0x95, 0x1B, 0xEA, 0x4B, 0xAF, 0x95, 0x18, 0x21,
    0x4B, 0x18, 0xC8, 0x26, 0x64, 0x94, 0x6C, 0x81, 0x84, 0xFE, 0x27, 0xBF, 0x66, 0xEC, 0xEF, 0x9F,
    0x4F, 0x86, 0xAC, 0x35, 0x97, 0x62, 0xE6, 0xC6, 0x9B, 0x60, 0x82, 0xF6, 0x76, 0x3E, 0x1F, 0xAD,
    0x15, 0x98, 0x47, 0x58, 0x11, 0x37, 0xF3, 0x21, 0x14, 0x0C, 0xB8, 0x55, 0x77, 0xD9, 0x42, 0x3B,
    0x37, 0xDE, 0x6D, 0x9F, 0xB5, 0x04, 0xD6, 0x6A, 0x57, 0xA6, 0xFB, 0x29, 0xC9, 0xA6, 0xE4, 0xF7,
    0x28, 0x03, 0x39, 0x18, 0x64, 0x88, 0x69, 0x51, 0x05, 0x90, 0x6C, 0xCD, 0x4B, 0x8B, 0xE3, 0xBB,
    0xE6, 0x8D, 0x78, 0xEB, 0xAD, 0x2C, 0xFA, 0x41, 0xF1, 0xFC, 0xFE, 0xF9, 0x06, 0xAF, 0xEA, 0xB4,
    0xCC, 0xD1, 0x58, 0x04, 0xC7, 0xA1, 0x45, 0x47, 0xF7, 0xBA, 0xA6, 0x1D, 0x06, 0x2F, 0x41, 0x9A,
    0xF9, 0x24, 0x9C, 0x02, 0x79, 0x33, 0x5C, 0x48, 0xCF, 0x69, 0x19, 0x8E, 0xB6, 0xCA, 0x22, 0x9F,
    0x87, 0x55, 0x75, 0x82, 0x2A, 0xD2, 0x2A, 0x66, 0xB7, 0xFB, 0xE2, 0xB7, 0xB8, 0xD3, 0x12, 0x76,
    0xBB, 0xA7, 0x4F, 0x1F, 0x9E, 0xC7, 0xFD, 0x22, 0x52, 0xCC, 0x03, 0xE5, 0x21, 0x58, 0x3A, 0x40,
    0x42, 0x5A, 0xA6, 0x55, 0x72, 0x4C, 0xFC, 0x4A, 0x56, 0x18, 0xBA, 0x38, 0xAE, 0x00, 0x18, 0xDC,
    0x4F, 0x5E, 0x8B, 0x76, 0x7A, 0xD6, 0xF5, 0x36, 0x48, 0x70, 0xC5, 0x7B, 0x40, 0xDA, 0x62, 0x2E,
    0x11, 0x83, 0xCB, 0x59, 0xE6, 0x78, 0x43, 0x9C, 0x01, 0xB2, 0x60, 0x14, 0x50, 0x90, 0x95, 0xAB,
    0xE2, 0x2B, 0x0C, 0x91, 0xDA, 0x8D, 0x5C, 0x84, 0x78, 0xBB, 0xFE, 0xF5, 0x89, 0x46, 0x63, 0x59,
    0x26, 0x6B, 0x53, 0xDC, 0xBC, 0xDA, 0x6D, 0x20, 0x6F, 0xF5, 0x0D, 0x9A, 0x41, 0xD2, 0x26, 0x0D,
    0x82, 0x34, 0x8B, 0x78, 0x67, 0x06, 0x5C, 0xAB, 0xBB, 0xF4, 0x1B, 0x2D, 0xE2, 0x56, 0xDB, 0x67,
    0x7F, 0xE1, 0x09, 0xD9, 0x8E, 0x7C, 0x8B, 0x06, 0x5D, 0x30, 0x6A, 0x39, 0x11, 0x18, 0x80, 0xA5,
    0x59, 0x30, 0x09, 0x9C, 0x02, 0xD1, 0x36, 0xE6, 0x25, 0x03, 0x10, 0xF6, 0xC6, 0xB9, 0x16, 0x96,
    0x5D, 0x66, 0x16, 0x11, 0xFA, 0x01, 0x55, 0x30, 0xB9, 0x9F, 0x6C, 0x98, 0x51, 0xA7, 0x55, 0x8E,
    0xA1, 0x7B, 0xAC, 0x96, 0x6E, 0xCC, 0x97, 0x5D, 0xA3, 0x75, 0xDE, 0x0E, 0x9B, 0x99, 0x04, 0xBB,
    0x94, 0x49, 0x50, 0x40, 0xD6, 0xF4, 0x16, 0xA2, 0x9D, 0x91, 0x51, 0x7F, 0xAB, 0xBA, 0xC8, 0x47,
    0xCD, 0xAA, 0x3E, 0x45, 0x95, 0xFF, 0x15, 0x9F, 0x54, 0xFF, 0x27, 0x5E, 0x15, 0x51, 0xA5, 0xC5,
    0xE1, 0x09, 0x04, 0xD6, 0xFB, 0xC4, 0xED, 0xF9, 0x04, 0x48, 0x8A, 0xB4, 0x8C, 0xCA, 0x55, 0xA5,
    0xEA, 0x83, 0xFA, 0xAC, 0x3C, 0xF4, 0x89, 0xE2, 0x93, 0x3F, 0x4A, 0xF3, 0x53, 0x29, 0x39, 0xEE,
    0xA0, 0xB7, 0x87, 0xFF, 0x8C, 0x8B, 0x3B, 0xCE, 0x4E, 0x48, 0x5A, 0xF3, 0xAD, 0x9C, 0x7F, 0x7A,
    0xBB, 0x5A, 0x7B, 0x3C, 0x17, 0xCB, 0xB3, 0x17, 0x49, 0x8B, 0x79, 0x8D, 0xE4, 0xCC, 0x72, 0x7C,
    0x3C, 0xCF, 0xD5, 0x80, 0x8B, 0x96, 0x77, 0x4A, 0x1E, 0x25, 0x65, 0x6E, 0x48, 0x7F, 0x24, 0x69,
    0x48, 0xD6, 0x64, 0x81, 0x9E, 0xC3, 0x59, 0xA6, 0xEF, 0xD2, 0x5F, 0x7F, 0xFC, 0x0B, 0x82, 0x1D,
    0x6D, 0x96, 0x6E, 0xED, 0xFF, 0xA9, 0x9F, 0x90, 0x41, 0x0E, 0x1A, 0xCE, 0xDF, 0xD0, 0x7F, 0xCB,
    0x30, 0x23, 0x16, 0x30, 0x8C, 0x35, 0xFE, 0x9C, 0xD0, 0x61, 0xFA, 0xC1, 0xF1, 0x8C, 0x01, 0x7D,
    0x46, 0x47, 0xB0, 0x81, 0x49, 0x15, 0x67, 0x5C, 0xE3, 0x03, 0x61, 0xCE, 0xF4, 0x7D, 0x32, 0xA2,
    0x5A, 0x4D, 0xE7, 0xF8, 0xC7, 0x8D, 0x89, 0x4D, 0xA7, 0x3C, 0xBE, 0x1D, 0x15, 0xFD, 0xB7, 0x7F,
    0x56, 0xC3, 0xFC, 0x87, 0x4A, 0x4C, 0x52, 0x39, 0x9D, 0x96, 0xE3, 0xF3, 0xB4, 0xF4, 0x9D, 0x0C,
    0x6F, 0xF3, 0xFD, 0xAB, 0xA7, 0x3C, 0xDE, 0xA3, 0x7F, 0xDF, 0xA3, 0x8B, 0x03, 0x7A, 0xA6, 0xF1,
    0x9A, 0x60, 0x23, 0x3A, 0xED, 0x17, 0xD9, 0xCF, 0x55, 0xFE, 0x7D, 0x6D, 0x54, 0xAD, 0x55, 0x75,
    0x9E, 0x56, 0xC3, 0xAC, 0x9C, 0xFC, 0x8A, 0x7B, 0xC5, 0x98, 0x68, 0xCD, 0x43, 0xD6, 0xF6, 0xBE,
    0xB6, 0xF4, 0xC8, 0xEA, 0x28, 0xFA, 0xEF, 0xF0, 0xA4, 0x50, 0x9C, 0x31, 0xAA, 0x2F, 0xCB, 0x87,
    0x2A, 0x57, 0xDC, 0xF0, 0x21, 0xFF, 0x02, 0x6D, 0xD5, 0x05, 0x90, 0xE4, 0x58, 0x1D, 0xC7, 0xF1,
    0x6F, 0xF2, 0x76, 0x2E, 0x57, 0x97, 0xDD, 0xF9, 0xE3, 0xCE, 0x06, 0x2B, 0xBB, 0x9A, 0x99, 0xE0,
    0x9C, 0xA4, 0x93, 0xE0, 0xEE, 0xEE, 0xA5, 0xB8, 0xBB, 0x64, 0xA7, 0x43, 0xE1, 0xEE, 0x25, 0xB8,
    0xBB, 0xEB, 0x4A, 0x6E, 0xFB, 0xE1, 0x0E, 0xC1, 0x1D, 0x1E, 0xEE, 0xCC, 0x83, 0xCD, 0x55, 0xE5,
    0x66, 0x32, 0xFD, 0x27, 0xDB, 0xC1, 0xA1, 0xBA, 0x3F, 0xBF, 0xF6, 0xCE, 0xFF, 0x39, 0x00, 0x0B,
    0x8F, 0x59, 0x7A, 0xC4, 0x42, 0x02, 0x14, 0xC0, 0x2C, 0x7C, 0x57, 0x9D, 0xC5, 0x6A, 0x2B, 0x79,
    0x25, 0x99, 0xC0, 0x6C, 0x54, 0xBC, 0xFF, 0xAE, 0x88, 0x2E, 0x61, 0xFB, 0x2E, 0x90, 0x31, 0x69,
    0x80, 0x45, 0x0F, 0x3A, 0x00, 0x5F, 0x20, 0xFC, 0x32, 0xE6, 0x35, 0xA4, 0x03, 0x7A, 0xD2, 0xFC,
    0x79, 0x5B, 0x5E, 0xF0, 0x86, 0xE4, 0x4A, 0x6D, 0x7E, 0xAE, 0xCD, 0xAE, 0x5D, 0x57, 0x8F, 0x2D,
    0x9B, 0x37, 0x73, 0xF4, 0x87, 0x5C, 0xF0, 0x15, 0xB6, 0x5F, 0x40, 0xF1, 0x30, 0x8A, 0x73, 0xEE,
    0x20, 0x7B, 0x4E, 0xB4, 0x3E, 0xF8, 0x4B, 0x36, 0x2C, 0xD7, 0xB0, 0x00, 0x10, 0x6B, 0xCD, 0x5C,
    0xDB, 0x70, 0x3F, 0xA8, 0x23, 0xC7, 0x7F, 0x56, 0x15, 0xA7, 0x65, 0x26, 0x4A, 0x25, 0x96, 0x26,
    0x29, 0x69, 0x52, 0x68, 0x72, 0xA8, 0x66, 0x90, 0x67, 0x90, 0x36, 0x17, 0x43, 0xB4, 0x23, 0x54,
    0x0F, 0x97, 0x02, 0x0A, 0xB5, 0xCC, 0x47, 0x47, 0x81, 0x0E, 0xF0, 0x93, 0xE0, 0xC2, 0x3B, 0x10,
    0x6A, 0x8F, 0xD9, 0x7D, 0x0B, 0xC6, 0xB2, 0x92, 0xFE, 0x1E, 0x16, 0x0A, 0x52, 0x8E, 0x98, 0x40,
    0x09, 0xB2, 0xCF, 0xD8, 0xF4, 0x92, 0x21, 0x9A, 0x7E, 0x3B, 0x41, 0xD4, 0xAF, 0x1E, 0x19, 0xA5,
    0x6A, 0x59, 0xBB, 0xB0, 0x24, 0x74, 0x60, 0x2C, 0x48, 0x09, 0x73, 0xF5, 0xE8, 0x08, 0x08, 0x2D,
    0x4C, 0x1F, 0x80, 0x40, 0x50, 0x1F, 0x4D, 0x8F, 0x62, 0xBE, 0xAB, 0x85, 0x62, 0xFE, 0x7C, 0xFF,
    0xE5, 0x23, 0x4B, 0xD3, 0xC5, 0x5E, 0xC6, 0xD6, 0xC6, 0xAD, 0xD4, 0xB1, 0x15, 0x2B, 0xA5, 0xD4,
    0x49, 0x29, 0x48, 0x59, 0x90, 0x20, 0x2C, 0x48, 0x49, 0x02, 0x25, 0x27, 0x35, 0x4B, 0x66, 0xE4,
    0xF1, 0x11, 0x2A, 0x66, 0x52, 0xD1, 0x50, 0x65, 0x0D, 0x3D, 0x1C, 0x05, 0xE0, 0x5F, 0x97, 0x03,
    0x2F, 0x04, 0xDD, 0x3A, 0x61, 0x77, 0x18, 0xD3, 0x6F, 0x62, 0x9A, 0x8C, 0x68, 0x54, 0xA8, 0x96,
    0xF1, 0x91, 0xA3, 0xC8, 0xE6, 0x47, 0x50, 0x55, 0x92, 0xFB, 0x75, 0x1C, 0x5E, 0x77, 0x6C, 0x8A,
    0x23, 0x93, 0x96, 0x2C, 0xB6, 0x9C, 0x33, 0x42, 0x1D, 0xE1, 0x5E, 0x4F, 0xE8, 0x32, 0x4C, 0x3B,
    0xA3, 0x50, 0xB5, 0xA3, 0xB1, 0xBE, 0x8A, 0xF8, 0x69, 0x1D, 0xB2, 0xD3, 0x22, 0x4B, 0x48, 0x80,
    0x2D, 0x26, 0x33, 0x20, 0x03, 0x2A, 0x80, 0x85, 0x03, 0xD0, 0x7D, 0x80, 0x6E, 0x0E, 0x04, 0x3E,
    0x01, 0x42, 0x2F, 0x37, 0xFA, 0x2D, 0xC6, 0x49, 0xA2, 0x98, 0x36, 0xC9, 0xEF, 0x85, 0xB1, 0x79,
    0x05, 0xD1, 0x77, 0x86, 0x0A, 0x62, 0xF5, 0x39, 0x88, 0xDA, 0xB4, 0x46, 0x6E, 0x6E, 0x63, 0x8F,
    0x18, 0x1B, 0xF6, 0xA4, 0xA6, 0x65, 0x60, 0xCB, 0x38, 0x1A, 0x66, 0xE1, 0x5F, 0xE8, 0xC9, 0xC2,
    0x53, 0x7F, 0xF0, 0x54, 0xC1, 0x29, 0x6D, 0x01, 0x2E, 0x05, 0xC6, 0xF2, 0x24, 0xF3, 0x49, 0xFF,
    0x11, 0xF3, 0x29, 0xEF, 0xCD, 0xA7, 0x9C, 0x33, 0x9F, 0xFB, 0x79, 0x1B, 0xBD, 0xE8, 0x17, 0x36,
    0x7A, 0xE1, 0x37, 0xEB, 0x42, 0xD5, 0xA5, 0xAA, 0x2F, 0x89, 0xAF, 0xF7, 0x35, 0xE2, 0x47, 0xFF,
    0x18, 0xF9, 0xD0, 0x1F, 0x91, 0x9F, 0x0F, 0xC8, 0x27, 0x7B, 0xE4, 0x53, 0x1E, 0x79, 0xBA, 0x87,
    0x85, 0x96, 0x52, 0xA2, 0xEA, 0x04, 0xFC, 0x58, 0x2D, 0x81, 0xA7, 0xDF, 0x22, 0x74, 0x77, 0x38,
    0x9A, 0x63, 0x9C, 0x3F, 0x9A, 0x61, 0x3E, 0xE1, 0xBB, 0x31, 0x3F, 0xE9, 0x7C, 0x45, 0xF4, 0xA9,
    0xD6, 0x1F, 0x25, 0x7E, 0xFA, 0x27, 0x7D, 0x87, 0xDC, 0x78, 0x7C, 0x0B, 0x39, 0xFD, 0x16, 0x12,
    0x3F, 0xFD, 0x13, 0x9E, 0x44, 0x6E, 0xF4, 0x74, 0xC7, 0x96, 0x60, 0x2C, 0xB3, 0x84, 0xA4, 0x26,
    0x4B, 0x55, 0xA1, 0x2A, 0xB4, 0x03, 0x08, 0x00, 0x81, 0x58, 0x1D, 0x67, 0x2C, 0x6A, 0xD8, 0x84,
    0xB3, 0x33, 0x02, 0x1D, 0x30, 0xED, 0x80, 0x94, 0x47, 0x11, 0x3E, 0x32, 0xF2, 0x93, 0x57, 0x3B,
    0xA2, 0x7D, 0x07, 0x25, 0x5C, 0xFA, 0xAE, 0x77, 0xA0, 0x50, 0x07, 0x5C, 0x0C, 0x22, 0x85, 0x74,
    0xC7, 0xD2, 0x18, 0x8B, 0x07, 0xE3, 0x20, 0x6A, 0xA1, 0xD0, 0x01, 0xA9, 0x61, 0x9A, 0x89, 0x8E,
    0xE4, 0x95, 0xE5, 0xEA, 0x75, 0x6C, 0xC1, 0xB4, 0x07, 0x08, 0x77, 0x07, 0x58, 0x78, 0x58, 0x03,
    0x2A, 0x0A, 0x68, 0x18, 0xA0, 0x37, 0x1E, 0x3A, 0xB1, 0xE0, 0x0B, 0x08, 0xFC, 0x00, 0xE1, 0x5F,
    0x3D, 0x98, 0x3F, 0x58, 0x56, 0x33, 0x80, 0x31, 0x6A, 0xE2, 0x6F, 0x3A, 0xC6, 0x49, 0xE0, 0x41,
    0xEA, 0x1E, 0xA4, 0x6C, 0x20, 0x61, 0x06, 0x29, 0x05, 0xE4, 0x24, 0x30, 0x43, 0x6A, 0x62, 0x55,
    0x7B, 0x1A, 0xF1, 0x54, 0x0A, 0x72, 0x65, 0x48, 0x06, 0x48, 0x2D, 0xE1, 0xF2, 0x00, 0xC9, 0x76,
    0xCF, 0x81, 0xA2, 0x25, 0x1C, 0x20, 0x1D, 0x9D, 0xD3, 0xFF, 0x6B, 0x9D, 0x06, 0x23, 0x00, 0x48,
    0xD5, 0x01, 0x85, 0xEE, 0x03, 0xD7, 0x60, 0x5E, 0x02, 0x6F, 0x10, 0x0B, 0x78, 0xE3, 0x20, 0xF0,
    0xA1, 0x87, 0x70, 0x4A, 0x17, 0x78, 0x30, 0xED, 0x2A, 0x6D, 0xE8, 0xD7, 0xCA, 0xC8, 0x1A, 0x3F,
    0xEF, 0x62, 0x6B, 0xBE, 0xBE, 0x1C, 0xA4, 0x8E, 0x3F, 0xE5, 0x66, 0x52, 0x26, 0x4F, 0xB7, 0x33,
    0x61, 0x1E, 0xDB, 0x59, 0x12, 0x0D, 0xB1, 0x6D, 0x52, 0x75, 0xB2, 0xD7, 0x15, 0x4B, 0x44, 0x5B,
    0x20, 0x39, 0x00, 0x90, 0x02, 0x90, 0x03, 0x30, 0x03, 0x20, 0x03, 0xA0, 0x02, 0x00, 0x88, 0x06,
    0x90, 0x25, 0xE4, 0x09, 0x64, 0xA7, 0x1D, 0x1E, 0x65, 0xA3, 0x6A, 0xD4, 0x41, 0xEE, 0xA0, 0xB0,
    0x23, 0x20, 0x87, 0x6B, 0xCE, 0xA1, 0x53, 0xC2, 0xBD, 0xAF, 0x11, 0xE9, 0xED, 0x91, 0xC3, 0x52,
    0xCE, 0x0E, 0xC6, 0x35, 0x4C, 0x40, 0x4A, 0x48, 0x20, 0x5E, 0x42, 0xD4, 0x83, 0xB6, 0x4C, 0xAB,
    0xAF, 0x22, 0x55, 0xB5, 0xD1, 0xB7, 0xB7, 0xC7, 0xB6, 0xAC, 0x56, 0x61, 0x99, 0xBC, 0xF2, 0xA2,
    0xD5, 0x7C, 0x10, 0x2D, 0x49, 0x80, 0xF4, 0xFF, 0xAD, 0xBE, 0xC0, 0x62, 0x56, 0xF7, 0xB9, 0x0F,
    0x97, 0x43, 0xDC, 0x6E, 0x48, 0x49, 0x0E, 0x19, 0x54, 0x70, 0x74, 0xED, 0x0E, 0x9D, 0xF4, 0xDD,
    0x59, 0x5D, 0x87, 0xEF, 0xF1, 0x4D, 0xE0, 0x8F, 0x84, 0x2E, 0x7D, 0xBF, 0x8D, 0x15, 0x1C, 0x41,
    0x4B, 0x60, 0x01, 0xA9, 0x81, 0xD4, 0x32, 0xB5, 0x83, 0x13, 0x16, 0x38, 0xD5, 0x82, 0x19, 0x83,
    0xE8, 0x9B, 0x0E, 0xA3, 0xAA, 0x36, 0x5C, 0xBC, 0x7B, 0xB7, 0x24, 0x0F, 0x3C, 0x67, 0x2C, 0xDF,
    0xBD, 0x8B, 0xA8, 0x2A, 0xA1, 0xA7, 0xC3, 0x38, 0x3A, 0x62, 0x4B, 0x8F, 0x94, 0xF4, 0xA4, 0xD0,
    0x30, 0x83, 0x06, 0x02, 0x60, 0xEE, 0x09, 0x76, 0x07, 0xA8, 0xB3, 0x7F, 0x55, 0x1D, 0xF4, 0x14,
    0xAA, 0x30, 0x2F, 0x09, 0x07, 0x58, 0xE8, 0x92, 0xE4, 0xAE, 0x77, 0x99, 0xDA, 0xB7, 0xF2, 0x06,
    0x92, 0x77, 0x3B, 0x62, 0x2D, 0xE1, 0x0E, 0x00, 0x2F, 0x81, 0x96, 0xD0, 0x52, 0x74, 0x81, 0x0E,
    0xE6, 0x17, 0xAF, 0x95, 0xA7, 0x97, 0x49, 0x44, 0x1E, 0x93, 0x09, 0xD5, 0x3A, 0xCD, 0x21, 0x9A,
    0x2B, 0xD1, 0x6C, 0x50, 0x65, 0x64, 0xE7, 0x50, 0x5C, 0xB7, 0x4E, 0xF6, 0xDA, 0x48, 0x4B, 0x3A,
    0x70, 0xD0, 0xC2, 0x55, 0x42, 0xF8, 0x48, 0x0C, 0x5E, 0x88, 0x76, 0x17, 0xEF, 0x28, 0x54, 0x87,
    0xCB, 0xFE, 0x6A, 0xFB, 0x2E, 0xC6, 0x66, 0x44, 0xB6, 0x22, 0xB6, 0xCD, 0x6A, 0x86, 0x4B, 0xD9,
    0x21, 0x81, 0x27, 0x09, 0x3D, 0x69, 0xE8, 0xC8, 0x8D, 0x67, 0x16, 0xEE, 0xD6, 0x15, 0x5A, 0xC3,
    0x01, 0xF8, 0xD7, 0xC9, 0x35, 0xAD, 0xCC, 0xFD, 0xC0, 0x12, 0x74, 0x40, 0xE8, 0xA7, 0x60, 0x7A,
    0xC9, 0x12, 0xA0, 0x68, 0x81, 0xB8, 0x07, 0xD8, 0x07, 0x28, 0xD8, 0xDA, 0xDC, 0x4C, 0x39, 0x7F,
    0x67, 0x27, 0xE5, 0x89, 0xCF, 0xBE, 0x75, 0x41, 0x11, 0xC7, 0x47, 0x48, 0x76, 0x92, 0x0E, 0x51,
    0xAD, 0x39, 0x74, 0xE8, 0x61, 0x70, 0xA5, 0x2B, 0x6D, 0x40, 0xAA, 0xCA, 0x15, 0xDE, 0xF5, 0x4E,
    0x00, 0x0A, 0x5D, 0x72, 0xF6, 0xC9, 0x77, 0x40, 0x05, 0x34, 0xC0, 0x7F, 0x2D, 0x9E, 0x70, 0x64,
    0xDC, 0xA8, 0x1D, 0x59, 0x88, 0x46, 0x40, 0xA4, 0x1A, 0xA9, 0x25, 0x6A, 0xD7, 0xDE, 0xDD, 0xCB,
    0x6A, 0xB7, 0x21, 0xB6, 0xCC, 0xCB, 0x62, 0xA0, 0x70, 0x04, 0x1E, 0x3A, 0x38, 0x0A, 0x15, 0xE4,
    0x90, 0xFE, 0x73, 0xCA, 0x3C, 0x89, 0x3D, 0x8F, 0x12, 0xFB, 0x8B, 0x15, 0xA7, 0xFC, 0x25, 0xB4,
    0x8C, 0x3A, 0xE6, 0xF6, 0xF0, 0x03, 0xED, 0x56, 0x64, 0xB3, 0xB8, 0xEE, 0xE5, 0xD9, 0x5E, 0xB4,
    0x96, 0x9E, 0x35, 0x00, 0x48, 0x5A, 0xC8, 0x3D, 0x7C, 0xE0, 0x23, 0x93, 0x0B, 0x2E, 0xBA, 0x6B,
    0x59, 0xA8, 0x76, 0x67, 0xED, 0xBE, 0x6B, 0x3F, 0x70, 0xAC, 0x87, 0x2D, 0x62, 0x3E, 0x77, 0x50,
    0xCC, 0xCE, 0x62, 0xDD, 0xEC, 0xED, 0x0D, 0xA6, 0xFD, 0x64, 0x97, 0x58, 0x78, 0xEA, 0xE8, 0x92,
    0x0E, 0x02, 0x1D, 0x60, 0xDE, 0x43, 0x00, 0x10, 0x3A, 0xC0, 0xAC, 0xA2, 0x85, 0xA9, 0x29, 0xB1,
    0x05, 0x1E, 0xF9, 0x2D, 0x48, 0x55, 0x4B, 0xF4, 0xFD, 0xEF, 0x6F, 0xC3, 0x3E, 0x31, 0xDE, 0xB8,
    0x34, 0xF0, 0xB1, 0xCD, 0xF1, 0x52, 0xCF, 0xC6, 0x28, 0xB3, 0xC0, 0x27, 0x54, 0xA1, 0x4F, 0xC1,
    0xB8, 0x02, 0x4C, 0x9B, 0x83, 0xB1, 0x33, 0x88, 0x2C, 0xF3, 0x0E, 0x4E, 0x2E, 0xA1, 0x4B, 0xC0,
    0x4B, 0x39, 0x22, 0x18, 0x85, 0x2E, 0x27, 0xFA, 0x75, 0x4F, 0xA1, 0x2D, 0x91, 0x85, 0xF8, 0xDB,
    0x25, 0x73, 0x75, 0x48, 0x0D, 0xC2, 0x24, 0x01, 0x60, 0xED, 0x4C, 0x40, 0xAE, 0x0C, 0xAC, 0x6F,
    0x00, 0xE9, 0x12, 0x42, 0xD5, 0x1A, 0x19, 0x9E, 0x52, 0x52, 0x64, 0x8F, 0x82, 0xE6, 0x9C, 0x0F,
    0x40, 0xF7, 0x38, 0x4F, 0xE8, 0x3F, 0xE0, 0x30, 0xEE, 0x0D, 0xED, 0xD4, 0x08, 0x63, 0xFF, 0x33,
    0x1C, 0x10, 0x7A, 0x80, 0x01, 0xA0, 0xA8, 0x47, 0xAA, 0x9E, 0x31, 0xDC, 0x74, 0x1D, 0xD9, 0x80,
    0xF5, 0xE9, 0x8C, 0x08, 0x55, 0x31, 0xEE, 0x91, 0xB5, 0x69, 0xC5, 0x1A, 0x1B, 0xDB, 0xC8, 0x4A,
    0x1D, 0xDB, 0x04, 0xF9, 0xF6, 0x49, 0x44, 0x1D, 0xF2, 0xEE, 0x8E, 0x94, 0x66, 0x94, 0xAF, 0x6E,
    0xB3, 0x51, 0xC5, 0x11, 0x9A, 0x70, 0x40, 0xD5, 0x8F, 0x4A, 0xD6, 0x33, 0xB8, 0xF2, 0x39, 0x70,
    0xE6, 0x55, 0xE0, 0x6F, 0x85, 0x92, 0x01, 0x67, 0x1C, 0x41, 0x18, 0x86, 0x9F, 0xDD, 0x39, 0xAE,
    0x32, 0x74, 0x0F, 0x29, 0xD0, 0x73, 0x41, 0x40, 0xE4, 0x6E, 0x01, 0xB6, 0x72, 0xB7, 0xBB, 0x5A,
    0x40, 0xD0, 0x40, 0xA0, 0xA0, 0x00, 0x02, 0x0D, 0x0E, 0x45, 0xAE, 0xD9, 0x9F, 0x72, 0x48, 0xA9,
    0xAD, 0x32, 0xAD, 0xD3, 0x2E, 0xB9, 0x66, 0x87, 0x02, 0x0A, 0x0B, 0x40, 0x95, 0xFD, 0x09, 0x83,
    0x2D, 0x4B, 0x73, 0x9D, 0xEE, 0x92, 0x73, 0xDA, 0xA4, 0xBA, 0xF6, 0x19, 0xBE, 0xF9, 0xC6, 0xEB,
    0x9B, 0x79, 0x5F, 0xB6, 0x00, 0x1F, 0x58, 0x82, 0x6B, 0x40, 0x6A, 0xF0, 0x81, 0x73, 0x6B, 0xAB,
    0x28, 0x4D, 0x2F, 0xBC, 0x18, 0x44, 0x01, 0x54, 0xC0, 0x04, 0xF0, 0xD8, 0x7C, 0x32, 0x06, 0xBF,
    0x80, 0xBC, 0xC2, 0xFD, 0x39, 0x43, 0x7E, 0x7D, 0x1A, 0xFB, 0xF2, 0x49, 0x31, 0x96, 0xB1, 0x69,
    0x7B, 0x77, 0xD2, 0x6D, 0x70, 0x6F, 0x89, 0xB6, 0x8D, 0x22, 0xB7, 0xD6, 0x9C, 0xA4, 0x6F, 0xD7,
    0x53, 0x6C, 0x86, 0x12, 0x1A, 0x00, 0x1C, 0xF8, 0x97, 0xEE, 0xAE, 0x8C, 0xE7, 0x13, 0xF9, 0xD8,
    0x78, 0x87, 0x87, 0x5A, 0x7C, 0x7B, 0x01, 0xF6, 0x1A, 0x22, 0x03, 0x9E, 0x06, 0x17, 0xE8, 0xB9,
    0x80, 0x11, 0x1A, 0x51, 0x38, 0x25, 0x32, 0x26, 0x63, 0x04, 0x13, 0x22, 0x6B, 0x2D, 0xCD, 0x4D,
    0xAF, 0xF0, 0x60, 0x8C, 0xD0, 0x18, 0x9C, 0xF6, 0x1C, 0xA7, 0x22, 0x06, 0x00, 0xA6, 0xB8, 0x2B,
    0xA4, 0x4D, 0xC2, 0x8F, 0xA6, 0x5E, 0x64, 0xBD, 0x45, 0x8F, 0x05, 0xEB, 0x1F, 0xB5, 0x08, 0xCE,
    0x16, 0xD5, 0xE0, 0x52, 0x0B, 0x0B, 0x35, 0xF4, 0xD8, 0x86, 0xDC, 0x9A, 0xAB, 0x67, 0xF3, 0x3C,
    0xE6, 0x53, 0xC1, 0xFB, 0x0A, 0x35, 0x43, 0x0D, 0x62, 0xD5, 0x2D, 0x94, 0x53, 0xF5, 0x98, 0x02,
    0xD0, 0xF1, 0xEC, 0x6A, 0xEB, 0xF5, 0x8A, 0x56, 0xFA, 0x3B, 0x7E, 0x9F, 0x65, 0xDF, 0x35, 0x7D,
    0xA9, 0xFB, 0x3E, 0xFD, 0x7D, 0x3A, 0xC0, 0x0E, 0xD4, 0x04, 0x21, 0x81, 0x97, 0x04, 0xA2, 0x0C,
    0xA8, 0x03, 0xC2, 0x00, 0x2F, 0x43, 0xD4, 0x91, 0xAD, 0xF7, 0xD2, 0x0B, 0xD8, 0x99, 0xB2, 0x9C,
    0xBA, 0xE6, 0x54, 0x6A, 0xE5, 0xA3, 0x96, 0x7C, 0x30, 0x5C, 0x6A, 0x72, 0xC8, 0xDB, 0xA7, 0x9C,
    0xF3, 0x10, 0xC8, 0x63, 0x5C, 0x5B, 0xE2, 0xBD, 0xCB, 0x98, 0x0C, 0x47, 0x74, 0x86, 0x1D, 0x18,
    0xF2, 0x07, 0xFB, 0xC3, 0xFB, 0x0C, 0x86, 0x33, 0xBA, 0xBF, 0x0C, 0x58, 0x0D, 0x21, 0x70, 0x0F,
    0x1A, 0x47, 0x92, 0x93, 0x34, 0x8D, 0xE9, 0x02, 0x83, 0x1B, 0x43, 0x7E, 0x1C, 0x1F, 0x49, 0x6B,
    0xCD, 0x08, 0xC8, 0xD6, 0xFE, 0x35, 0xB5, 0x68, 0xA0, 0x06, 0xC2, 0xBF, 0x52, 0xD2, 0x3A, 0x3E,
    0x28, 0xE0, 0xAC, 0xC2, 0x31, 0x63, 0xBA, 0x26, 0x62, 0xA0, 0x0E, 0xF4, 0x58, 0x3D, 0x32, 0xDB,
    0x2A, 0x38, 0x42, 0x05, 0xDC, 0xE2, 0xF9, 0x2E, 0x88, 0x4D, 0x4A, 0x1E, 0x1C, 0xCF, 0xDA, 0x44,
    0x6E, 0x36, 0x70, 0x4C, 0x53, 0xEB, 0x86, 0x9B, 0xA1, 0x4A, 0x10, 0x09, 0x00, 0xD0, 0x6B, 0x35,
    0xEE, 0x64, 0xAC, 0x02, 0x33, 0x52, 0x07, 0xA5, 0x34, 0x51, 0xE2, 0x9A, 0x10, 0xB2, 0x0C, 0xC2,
    0x12, 0xBC, 0x04, 0x5C, 0x80, 0x6D, 0x80, 0x19, 0xE0, 0xD8, 0x18, 0xE4, 0x97, 0x12, 0x7C, 0x6A,
    0x58, 0x12, 0xE2, 0x1A, 0xBC, 0x44, 0x6A, 0x44, 0x19, 0x01, 0xD7, 0xE7, 0x2B, 0xCE, 0x57, 0x7B,
    0x9F, 0x79, 0xF5, 0x86, 0x21, 0x2F, 0xF9, 0xCF, 0xE2, 0xDB, 0x1A, 0xB6, 0xD2, 0x39, 0xBF, 0x01,
    0xA5, 0xD2, 0x01, 0xA4, 0x2C, 0x55, 0x18, 0x07, 0xF0, 0xDF, 0xEC, 0x3C, 0x6D, 0x1A, 0xAF, 0x73,
    0x01, 0x90, 0x26, 0x40, 0xF2, 0xBA, 0x0B, 0xE1, 0x62, 0xB6, 0x19, 0x00, 0xC0, 0xA2, 0x1B, 0x80,
    0x00, 0x79, 0xE8, 0xC1, 0xC5, 0xC3, 0xE5, 0x8D, 0x00, 0xA0, 0x0B, 0x00, 0x14, 0x82, 0x36, 0xBC,
    0x8B, 0x87, 0x5B, 0x7A, 0xED, 0x10, 0x02, 0xB4, 0x00, 0x10, 0x0B, 0x01, 0xD4, 0xC1, 0x62, 0x68,
    0xEF, 0x9E, 0xCE, 0xE4, 0xCA, 0xAB, 0x2A, 0x68, 0x7C, 0xBF, 0x39, 0xCE, 0x9C, 0xBF, 0x8F, 0x39,
    0xBE, 0x37, 0x15, 0x57, 0x8D, 0x72, 0xD7, 0xA8, 0x86, 0xA5, 0xD0, 0x2F, 0x2D, 0xB4, 0xEB, 0xE7,
    0x16, 0xE9, 0x60, 0x71, 0xBE, 0xB7, 0x98, 0x45, 0x75, 0x39, 0x08, 0x55, 0x2F, 0x04, 0xC2, 0x69,
    0xD6, 0x64, 0x37, 0x54, 0x31, 0xDB, 0xA2, 0xDA, 0xF1, 0xE4, 0x96, 0x77, 0x5A, 0x84, 0x2E, 0xEB,
    0xA9, 0x7E, 0x57, 0xA4, 0x4F, 0xFA, 0xEA, 0xD7, 0x5F, 0xBA, 0xDA, 0xC6, 0x52, 0xAB, 0xB1, 0xF4,
    0xD8, 0xA5, 0x1B, 0x7B, 0x97, 0xE5, 0x4E, 0xFB, 0x74, 0x10, 0x8E, 0x58, 0xE1, 0xE1, 0xFA, 0x4A,
    0x4A, 0x5B, 0x0F, 0xBF, 0x1C, 0x28, 0xB3, 0x79, 0x56, 0xF5, 0x84, 0xCE, 0xFA, 0x29, 0x29, 0x71,
    0xFE, 0x08, 0xA7, 0x58, 0xA2, 0xB9, 0x73, 0xA9, 0x4D, 0x63, 0xB6, 0xC7, 0x87, 0xB8, 0x65, 0x76,
    0xA4, 0xFC, 0x99, 0xEA, 0x53, 0x42, 0xCD, 0x69, 0xA0, 0xC9, 0xC6, 0x2C, 0x86, 0xAE, 0xDC, 0x85,
    0x7E, 0x3E, 0x54, 0x7D, 0xE8, 0xAA, 0xA1, 0x9E, 0xFE, 0xDD, 0x7C, 0xD8, 0xA4, 0x34, 0xA4, 0x2C,
    0xAF, 0x5D, 0x5E, 0xFB, 0x51, 0xF8, 0xDF, 0xDA, 0x74, 0x34, 0xA9, 0x51, 0x0D, 0x94, 0x5B, 0x44,
    0x7C, 0x83, 0x25, 0xC2, 0xA4, 0xA7, 0xC6, 0x12, 0x23, 0x45, 0x9C, 0x72, 0x84, 0x9E, 0x05, 0xDA,
    0x94, 0xBA, 0x09, 0x52, 0x1A, 0xD7, 0xEB, 0xCF, 0x71, 0x8D, 0x2D, 0x65, 0x4F, 0x85, 0xD7, 0x70,
    0x86, 0x48, 0x31, 0x50, 0x76, 0xBC, 0x8A, 0x07, 0xB8, 0xC0, 0x8E, 0xD9, 0xC0, 0x1C, 0xF7, 0xD1,
    0xE0, 0x04, 0xAF, 0xB7, 0xEF, 0xDE, 0xC3, 0xCB, 0x77, 0xC9, 0x33, 0x5C, 0xDF, 0x35, 0x99, 0x7A,
    0x0F, 0x7F, 0xF4, 0xBF, 0x6B, 0x56, 0x69, 0x6C, 0xBA, 0x0B, 0xF3, 0x3E, 0xE6, 0x93, 0x9D, 0xF2,
    0xE3, 0x41, 0xF9, 0x5D, 0xAF, 0xFC, 0x9E, 0xD9, 0x0F, 0xD9, 0x8F, 0x14, 0x87, 0x6C, 0x44, 0xC4,
    0x6A, 0x52, 0x3C, 0x17, 0x6E, 0xAB, 0xD4, 0x2F, 0x36, 0x1F, 0x95, 0xDB, 0x66, 0x3E, 0x8A, 0x67,
    0xB3, 0x38, 0xBD, 0x46, 0xB1, 0xA9, 0xBE, 0x9D, 0xED, 0xEA, 0x63, 0x9D, 0x86, 0xF9, 0x7E, 0x9E,
    0xE0, 0x3D, 0x67, 0xFE, 0xB5, 0x1A, 0xD3, 0x65, 0xBE, 0xB5, 0xFE, 0xC2, 0x4A, 0x95, 0xA6, 0xE1,
    0xB9, 0x9C, 0xC5, 0x28, 0xD7, 0x75, 0xF4, 0xEC, 0x2F, 0xB5, 0xF2, 0x01, 0x07, 0xE5, 0x41, 0xD5,
    0x0B, 0xD4, 0x9C, 0xF2, 0x36, 0xCD, 0x9F, 0xEB, 0x92, 0xC7, 0xDC, 0xF0, 0x8C, 0x3D, 0x91, 0xA8,
    0xD8, 0x99, 0x6D, 0xCD, 0x07, 0x4F, 0x3A, 0x5F, 0x31, 0xEF, 0xC3, 0x10, 0xFA, 0x02, 0x00, 0x8D,
    0x83, 0x83, 0x93, 0xE9, 0x44, 0x18, 0x5A, 0xA1, 0x6F, 0x15, 0xEE, 0xF9, 0xA7, 0xA7, 0x11, 0x1D,
    0x66, 0xFB, 0x2C, 0x3A, 0xD1, 0xC1, 0x62, 0x38, 0xF9, 0x7A, 0x7F, 0xFD, 0x59, 0xBB, 0xF3, 0x4A,
    0xC7, 0xDF, 0xBF, 0x44, 0xC5, 0xA0, 0xEC, 0x37, 0x69, 0x4C, 0x69, 0xF4, 0x80, 0x0B, 0xA2, 0xF7,
    0x7F, 0x5A, 0xE5, 0x6D, 0x7D, 0xBE, 0xBA, 0x4F, 0xC3, 0x1B, 0xBC, 0x38, 0x12, 0xFE, 0x7B, 0xEB,
    0xC6, 0x22, 0xDF, 0x71, 0xB7, 0xD9, 0xBA, 0x65, 0xB3, 0xF3, 0x52, 0xEA, 0xD5, 0x23, 0x37, 0x40,
    0x8E, 0xE5, 0x30, 0xB2, 0x9C, 0xA9, 0x8E, 0x5D, 0xCE, 0x2B, 0x46, 0x8F, 0xF6, 0xD5, 0x51, 0xBA,
    0xB2, 0xE7, 0xC5, 0xE4, 0x6F, 0x95, 0x92, 0x21, 0x8C, 0xD4, 0x5C, 0x14, 0x85, 0xBF, 0xB6, 0xF9,
    0xF3, 0xFE, 0xA4, 0xC9, 0x3E, 0xB5, 0x28, 0xE0, 0x19, 0x14, 0x01, 0x6A, 0x57, 0x74, 0x68, 0xBD,
    0x47, 0x61, 0xD0, 0x08, 0x82, 0x58, 0x43, 0x58, 0xDA, 0x6A, 0xD4, 0xE2, 0x7D, 0x42, 0x46, 0x21,
    0x10, 0x2B, 0x08, 0x53, 0x14, 0x76, 0xBC, 0xE1, 0x79, 0x55, 0x51, 0x92, 0x02, 0xDD, 0xBD, 0xBC,
    0x83, 0xD8, 0x6C, 0x42, 0xD8, 0xC0, 0xCD, 0xDC, 0x33, 0xE9, 0x79, 0xF7, 0xB4, 0xA7, 0xA7, 0x77,
    0xBB, 0x7D, 0x6B, 0xB6, 0x5E, 0xF3, 0x03, 0x7A, 0xB3, 0xF6, 0xC5, 0xA3, 0xC7, 0xED, 0x73, 0x8A,
    0x6B, 0x5B, 0x73, 0x77, 0xB7, 0x5B, 0x54, 0xB8, 0x16, 0xC2, 0x1E, 0xFA, 0x99, 0xCC, 0xCE, 0x71,
    0xE9, 0x2C, 0x98, 0xED, 0x1B, 0xB3, 0x49, 0xFF, 0xBA, 0x16, 0xAF, 0x73, 0xCD, 0x69, 0xFE, 0x6A,
    0xE5, 0x83, 0xB0, 0x8C, 0xC2, 0x6A, 0x11, 0x7E, 0xEC, 0x44, 0x2F, 0x61, 0x10, 0xED, 0x22, 0x54,
    0x43, 0xB6, 0x24, 0x1A, 0xBA, 0x44, 0x43, 0x18, 0x34, 0xED, 0x62, 0x35, 0x40, 0xB6, 0x24, 0x1A,
    0xBA, 0x0E, 0x09, 0xC3, 0x20, 0xA1, 0x8B, 0x12, 0x4A, 0x92, 0x26, 0xBA, 0x44, 0x4B, 0x22, 0xA1,
    0x8B, 0x65, 0x94, 0x44, 0x42, 0x3A, 0x09, 0x09, 0x8B, 0x50, 0x0A, 0xC8, 0x44, 0x03, 0xB9, 0x45,
    0xFC, 0x9B, 0x0F, 0xDC, 0xE7, 0x36, 0x47, 0x94, 0xE8, 0x8D, 0xDF, 0x51, 0x0C, 0xEA, 0x63, 0x5C,
    0x5B, 0xE3, 0x09, 0x6C, 0x70, 0x3F, 0x66, 0x78, 0xD6, 0xC2, 0x6E, 0xC0, 0xD9, 0x4C, 0xB0, 0x73,
    0x1A, 0xB3, 0xDF, 0xBA, 0xB2, 0x0B, 0xBC, 0xAD, 0xE8, 0xBE, 0x1C, 0x72, 0x59, 0xFF, 0x09, 0x38,
    0x10, 0xE0, 0x05, 0x84, 0x16, 0xE4, 0x5A, 0xD8, 0x8C, 0xC2, 0x7E, 0x0F, 0x4F, 0xB7, 0xF6, 0x7D,
    0x7B, 0x1A, 0x2C, 0x55, 0x5B, 0x24, 0x58, 0x61, 0x67, 0x16, 0x21, 0x24, 0x02, 0x9C, 0xC2, 0xA5,
    0xB4, 0x0B, 0xC0, 0x9B, 0x5D, 0x62, 0x15, 0x93, 0x2F, 0x1A, 0xC2, 0x08, 0x47, 0xE4, 0x09, 0x4F,
    0xE1, 0x09, 0xAA, 0x7F, 0xF3, 0xF0, 0xF2, 0x97, 0x87, 0xAF, 0xF2, 0x60, 0x93, 0x3C, 0x7C, 0x6B,
    0x6F, 0xAC, 0x8A, 0xB5, 0x94, 0x87, 0xB1, 0x91, 0x87, 0x71, 0x03, 0x94, 0xAF, 0x1F, 0x00, 0xBE,
    0xFF, 0xF2, 0x97, 0x1E, 0x0E, 0xC9, 0x4E, 0x95, 0x4A, 0x30, 0xE5, 0xB3, 0xB3, 0xB1, 0x6A, 0xFB,
    0xA5, 0x98, 0x1E, 0xE2, 0x23, 0x73, 0x4D, 0x31, 0xB0, 0xD4, 0x00, 0x67, 0x1B, 0xE1, 0x5C, 0x01,
    0xF9, 0xE4, 0x47, 0x70, 0xFB, 0x62, 0x82, 0x30, 0xB0, 0x42, 0x07, 0x0D, 0xFA, 0xD8, 0x7E, 0x74,
    0x11, 0x8A, 0x29, 0xD1, 0xB0, 0x76, 0x00, 0xCD, 0x22, 0xF4, 0x51, 0x58, 0x88, 0x56, 0x51, 0xA6,
    0xCD, 0x69, 0x96, 0xDD, 0xD4, 0x5F, 0xD8, 0xAC, 0x38, 0xAF, 0x76, 0x0A, 0x76, 0xE9, 0xCD, 0x66,
    0x6D, 0x6F, 0x65, 0x16, 0xBD, 0xD9, 0xA8, 0x0D, 0xCE, 0x15, 0xAF, 0x92, 0x6F, 0xA6, 0x3F, 0x6F,
    0x71, 0x39, 0x02, 0x15, 0x72, 0x2C, 0x2A, 0x02, 0x4E, 0x94, 0x07, 0xA8, 0x05, 0xEF, 0xE1, 0x4E,
    0x16, 0xA1, 0x2E, 0xC6, 0x04, 0x25, 0x70, 0xEB, 0x40, 0xF9, 0xEB, 0xD0, 0x1F, 0x03, 0xE5, 0x24,
    0xD8, 0x4B, 0x7E, 0xF9, 0x00, 0xC7, 0x4D, 0x7C, 0xFB, 0x8A, 0xF2, 0xD3, 0x4C, 0xF1, 0x79, 0xA4,
    0x30, 0xC8, 0x57, 0xC8, 0x66, 0x28, 0x52, 0x7B, 0x6D, 0xFA, 0x19, 0x9C, 0x9C, 0xA0, 0xD8, 0xF2,
    0x58, 0xE3, 0xC6, 0x3A, 0x49, 0x36, 0x5A, 0x53, 0x6A, 0xEE, 0xF1, 0x3F, 0xF0, 0x13, 0x9D, 0x8F,
    0x21, 0x8C, 0xD5, 0x40, 0x14, 0x45, 0x4F, 0x3B, 0x21, 0x15, 0x5F, 0x8C, 0x59, 0x3F, 0x5E, 0xC0,
    0xF8, 0xA4, 0xED, 0x8E, 0xD7, 0xF8, 0xF5, 0x6A, 0x7D, 0x52, 0xD2, 0xE2, 0x05, 0x18, 0xFC, 0x0A,
    0x14, 0x82, 0x20, 0x57, 0x94, 0xFD, 0x0F, 0x85, 0xC0, 0x7C, 0x83, 0xAF, 0x05, 0x35, 0xA2, 0xA2,
    0x62, 0xB7, 0xC3, 0x7B, 0xC9, 0x4F, 0x3E, 0x01, 0x05, 0x57, 0x1C, 0x31, 0x2F, 0x39, 0x73, 0x2F,
    0x96, 0xF8, 0x7A, 0xA7, 0x7C, 0xDD, 0xEB, 0xEC, 0x93, 0x93, 0x40, 0x23, 0x91, 0x83, 0xF4, 0x8C,
    0xA5, 0xE4, 0xDB, 0x0F, 0x0F, 0x6F, 0x3D, 0x03, 0x81, 0x99, 0xC8, 0x46, 0xCF, 0x4A, 0x47, 0xA6,
    0xAD, 0x32, 0x43, 0x9D, 0x99, 0xDD, 0xC2, 0xE6, 0x4E, 0xAC, 0x4E, 0xB0, 0x30, 0x7E, 0x81, 0xF2,
    0x66, 0x72, 0x4B, 0x98, 0x9C, 0x3C, 0x53, 0x17, 0xEA, 0x82, 0xF1, 0xB1, 0xE3, 0xF6, 0x7D, 0x8B,
    0xA7, 0x3D, 0xBB, 0xEE, 0xFF, 0x76, 0xD5, 0x7F, 0xBA, 0xBE, 0x4D, 0xEA, 0x4A, 0x6E, 0xF1, 0x38,
    0xF1, 0xE7, 0x5E, 0x2F, 0xFE, 0xC1, 0x95, 0x59, 0xEB, 0x95, 0x4B, 0x74, 0xE8, 0x95, 0x2D, 0x7D,
    0x65, 0x53, 0x3F, 0xDB, 0xD6, 0x2B, 0x93, 0x62, 0x6B, 0xB1, 0xB9, 0xD9, 0xF6, 0x66, 0x6F, 0x8A,
    0x60, 0x8E, 0x68, 0x85, 0x7A, 0x6B, 0xA4, 0xF2, 0x46, 0xD4, 0x7E, 0x10, 0xBD, 0x1D, 0x26, 0xDD,
    0xED, 0x93, 0xDE, 0xBC, 0xDD, 0xC2, 0x45, 0xFF, 0xDC, 0xF4, 0xAD, 0xE9, 0x5B, 0x7B, 0x9F, 0x4D,
    0x7F, 0x6F, 0xFA, 0xF5, 0xFF, 0xF4, 0xA2, 0x37, 0x2F, 0xFC, 0x1E, 0xBF, 0x1B, 0xAF, 0x8B, 0x00,
    0x8F, 0xCD, 0x09, 0x58, 0x9D, 0xB2, 0xCA, 0x4E, 0x40, 0xC5, 0x3F, 0xC1, 0x2D, 0xC7, 0xA2, 0x3C,
    0xDD, 0xBC, 0x53, 0x8A, 0x4F, 0xD0, 0x48, 0xC0, 0x76, 0x46, 0x13, 0x4C, 0xBD, 0x31, 0x75, 0x46,
    0x5A, 0x20, 0x30, 0x00, 0x91, 0x19, 0xE8, 0x31, 0x76, 0x8C, 0x77, 0x30, 0x10, 0x33, 0xCC, 0x54,
    0xC0, 0x86, 0x65, 0x35, 0xD4, 0xD9, 0x78, 0xBD, 0x60, 0x9C, 0xB8, 0x24, 0x3C, 0x01, 0x63, 0x99,
    0x60, 0x6B, 0x04, 0xB2, 0x41, 0x27, 0xF1, 0x31, 0x87, 0x1F, 0x4D, 0xC9, 0xA5, 0xF8, 0xEF, 0x9F,
    0x6E, 0x5E, 0x06, 0x08, 0x28, 0x22, 0x5E, 0xE8, 0x69, 0x36, 0x3A, 0xAA, 0x42, 0x0B, 0x51, 0x06,
    0x2B, 0x39, 0x5B, 0xDF, 0x8D, 0x74, 0x50, 0xEC, 0xC7, 0xF4, 0x70, 0x77, 0x7C, 0xD2, 0xDF, 0xAA,
    0x44, 0xC5, 0x2F, 0x14, 0x8C, 0x81, 0x09, 0x80, 0x50, 0x08, 0x44, 0x05, 0x07, 0x70, 0x84, 0x36,
    0xC9, 0xD5, 0x6A, 0xB3, 0x5F, 0x13, 0x09, 0x10, 0x44, 0x08, 0x2F, 0x4F, 0xE4, 0x81, 0x77, 0x3C,
    0xCD, 0xDC, 0x34, 0xB1, 0xC4, 0x2C, 0x91, 0x1E, 0x38, 0x28, 0x3E, 0x54, 0xEC, 0xE6, 0x53, 0xB0,
    0x9D, 0xAD, 0xF8, 0xC2, 0x02, 0x6E, 0x56, 0x82, 0x53, 0xF0, 0x06, 0x9D, 0xD4, 0x6C, 0xE8, 0x5C,
    0xCE, 0x27, 0x19, 0xF4, 0x28, 0x1F, 0xC6, 0x8D, 0x7F, 0x0F, 0xEA, 0x81, 0xE6, 0x30, 0x3F, 0xA8,
    0x07, 0x99, 0xFF, 0xEB, 0x0F, 0xC4, 0x2E, 0x98, 0xBD, 0x10, 0x37, 0x00, 0x00,
};

static const EpdGlyph sourcesans_12_italicGlyphs[] = {
    { 0, 0, 0, 0, 0, 0, 0 }, // U+0000
    { 0, 0, 104, 0, 0, 0, 0 }, // U+000D
    { 0, 0, 80, 0, 0, 0, 0 }, // U+0020
    { 6, 18, 115, 1, 17, 27, 0 }, // !
    { 8, 7, 168, 3, 17, 14, 27 }, // "
    { 13, 17, 193, 0, 17, 56, 41 }, // #
    { 12, 22, 193, 0, 19, 66, 97 }, // $
    { 18, 19, 318, 1, 18, 86, 163 }, // %
    { 15, 18, 236, 0, 17, 68, 249 }, // &
    { 4, 7, 99, 3, 17, 7, 317 }, // '
    { 8, 24, 118, 1, 19, 48, 324 }, // (
    { 8, 24, 119, -2, 19, 48, 372 }, // )
    { 8, 8, 163, 3, 18, 16, 420 }, // *
    { 11, 12, 193, 1, 14, 33, 436 }, // +
    { 5, 8, 99, -1, 3, 10, 469 }, // ,
    { 7, 3, 121, 0, 8, 6, 479 }, // -
    { 4, 4, 99, 0, 3, 4, 485 }, // .
    { 13, 22, 136, -2, 18, 72, 489 }, // /
    { 12, 18, 204, 1, 17, 54, 561 }, // 0
    { 6, 16, 138, 2, 16, 24, 615 }, // 1
    { 13, 17, 188, -1, 17, 56, 639 }, // 2
    { 13, 18, 186, -1, 17, 59, 695 }, // 3
    { 12, 16, 196, 0, 16, 48, 754 }, // 4
    { 13, 17, 186, -1, 16, 56, 802 }, // 5
    { 12, 18, 193, 1, 17, 54, 858 }, // 6
    { 11, 16, 184, 2, 16, 44, 912 }, // 7
    { 12, 18, 193, 0, 17, 54, 956 }, // 8
    { 12, 18, 193, 0, 17, 54, 1010 }, // 9
    { 6, 13, 99, 0, 12, 20, 1064 }, // :
    { 7, 17, 99, -1, 12, 30, 1084 }, // ;
    { 11, 11, 193, 1, 14, 31, 1114 }, // <
    { 11, 9, 193, 1, 13, 25, 1145 }, // =
    { 11, 11, 193, 1, 14, 31, 1170 }, // >
    { 9, 19, 165, 2, 18, 43, 1201 }, // ?
    { 19, 21, 328, 1, 17, 100, 1244 }, // @
    { 14, 17, 206, -2, 17, 60, 1344 }, // A
    { 14, 17, 229, 0, 17, 60, 1404 }, // B
    { 13, 18, 221, 1, 17, 59, 1464 }, // C
    { 15, 17, 239, 0, 17, 64, 1523 }, // D
    { 14, 17, 202, 0, 17, 60, 1587 }, // E
    { 14, 17, 191, 0, 17, 60, 1647 }, // F
    { 14, 18, 236, 1, 17, 63, 1707 }, // G
    { 16, 17, 250, 0, 17, 68, 1770 }, // H
    { 7, 17, 102, 0, 17, 30, 1838 }, // I
    { 13, 18, 184, -1, 17, 59, 1868 }, // J
    { 16, 17, 224, 0, 17, 68, 1927 }, // K
    { 11, 17, 187, 0, 17, 47, 1995 }, // L
    { 18, 17, 284, 0, 17, 77, 2042 }, // M
    { 16, 17, 249, 0, 17, 68, 2119 }, // N
    { 15, 18, 255, 1, 17, 68, 2187 }, // O
    { 15, 17, 222, 0, 17, 64, 2255 }, // P
    { 15, 22, 255, 1, 17, 83, 2319 }, // Q
    { 14, 17, 224, 0, 17, 60, 2402 }, // R
    { 13, 18, 204, 0, 17, 59, 2462 }, // S
    { 13, 17, 205, 2, 17, 56, 2521 }, // T
    { 15, 18, 248, 1, 17, 68, 2577 }, // U
    { 13, 17, 202, 2, 17, 56, 2645 }, // V
    { 19, 17, 304, 2, 17, 81, 2701 }, // W
    { 15, 17, 199, -1, 17, 64, 2782 }, // X
    { 12, 17, 187, 2, 17, 51, 2846 }, // Y
    { 15, 17, 206, -1, 17, 64, 2897 }, // Z
    { 9, 22, 119, 0, 18, 50, 2961 }, // [
    { 5, 22, 136, 2, 18, 28, 3011 }, // <backslash>
    { 10, 22, 119, -2, 18, 55, 3039 }, // ]
    { 10, 10, 193, 2, 17, 25, 3094 }, // ^
    { 12, 3, 193, -1, -1, 9, 3119 }, // _
    { 6, 5, 208, 5, 19, 8, 3128 }, // `
    { 13, 14, 215, 0, 13, 46, 3136 }, // a
    { 13, 19, 215, 0, 18, 62, 3182 }, // b
    { 11, 14, 174, 0, 13, 39, 3244 }, // c
    { 14, 19, 214, 0, 18, 67, 3283 }, // d
    { 12, 14, 193, 0, 13, 42, 3350 }, // e
    { 10, 19, 115, 1, 19, 48, 3392 }, // f
    { 13, 19, 213, 0, 13, 62, 3440 }, // g
    { 12, 18, 210, 0, 18, 54, 3502 }, // h
    { 7, 18, 96, 0, 18, 32, 3556 }, // i
    { 11, 24, 96, -4, 18, 66, 3588 }, // j
    { 13, 18, 193, 0, 18, 59, 3654 }, // k
    { 6, 19, 101, 1, 18, 29, 3713 }, // l
    { 19, 13, 321, 0, 13, 62, 3742 }, // m
    { 12, 13, 212, 0, 13, 39, 3804 }, // n
    { 12, 14, 206, 0, 13, 42, 3843 }, // o
    { 14, 19, 215, -1, 13, 67, 3885 }, // p
    { 13, 19, 214, 0, 13, 62, 3952 }, // q
    { 10, 13, 139, 0, 13, 33, 4014 }, // r
    { 11, 14, 162, -1, 13, 39, 4047 }, // s
    { 8, 18, 132, 1, 17, 36, 4086 }, // t
    { 12, 14, 210, 1, 13, 42, 4122 }, // u
    { 12, 13, 182, 1, 13, 39, 4164 }, // v
    { 17, 13, 285, 1, 13, 56, 4203 }, // w
    { 14, 13, 175, -2, 13, 46, 4259 }, // x
    { 15, 19, 182, -2, 13, 72, 4305 }, // y
    { 12, 13, 166, -1, 13, 39, 4377 }, // z
    { 9, 22, 118, 0, 18, 50, 4416 }, // {
    { 2, 26, 94, 2, 19, 13, 4466 }, // |
    { 9, 22, 119, -2, 18, 50, 4479 }, // }
    { 11, 5, 193, 1, 11, 14, 4529 }, // ~
    { 0, 0, 80, 0, 0, 0, 0 }, // U+00A0
    { 7, 18, 115, 0, 13, 32, 0 }, // U+00A1
    { 12, 18, 193, 1, 17, 54, 32 }, // U+00A2
    { 13, 17, 193, 0, 17, 56, 86 }, // U+00A3
    { 13, 12, 193, 0, 14, 39, 142 }, // U+00A4
    { 14, 16, 193, 0, 16, 56, 181 }, // U+00A5
    { 2, 26, 94, 2, 19, 13, 237 }, // U+00A6
    { 12, 20, 192, 0, 18, 60, 250 }, // U+00A7
    { 9, 4, 208, 4, 18, 9, 310 }, // U+00A8
    { 17, 18, 266, 0, 17, 77, 319 }, // U+00A9
    { 9, 10, 142, 2, 19, 23, 396 }, // U+00AA
    { 9, 10, 167, 1, 11, 23, 419 }, // U+00AB
    { 11, 8, 193, 1, 10, 22, 442 }, // U+00AC
    { 7, 3, 121, 0, 8, 6, 464 }, // U+00AD
    { 10, 10, 164, 1, 18, 25, 470 }, // U+00AE
    { 7, 2, 208, 5, 17, 4, 495 }, // U+00AF
    { 7, 8, 127, 2, 18, 14, 499 }, // U+00B0
    { 11, 14, 193, 1, 14, 39, 513 }, // U+00B1
    { 9, 11, 142, 1, 21, 25, 552 }, // U+00B2
    { 9, 12, 141, 1, 21, 27, 577 }, // U+00B3
    { 7, 5, 208, 6, 19, 9, 604 }, // U+00B4
    { 14, 18, 209, -1, 13, 63, 613 }, // U+00B5
    { 13, 19, 218, 1, 17, 62, 676 }, // U+00B6
    { 4, 4, 99, 1, 10, 4, 738 }, // U+00B7
    { 5, 7, 208, 2, 1, 9, 742 }, // U+00B8
    { 5, 10, 144, 4, 20, 13, 751 }, // U+00B9
    { 8, 10, 140, 2, 19, 20, 764 }, // U+00BA
    { 10, 10, 167, 0, 11, 25, 784 }, // U+00BB
    { 16, 18, 300, 2, 17, 72, 809 }, // U+00BC
    { 17, 18, 311, 2, 17, 77, 881 }, // U+00BD
    { 17, 19, 307, 1, 18, 81, 958 }, // U+00BE
    { 10, 18, 165, -1, 13, 45, 1039 }, // U+00BF
    { 14, 22, 206, -2, 22, 77, 1084 }, // U+00C0
    { 16, 22, 206, -2, 22, 88, 1161 }, // U+00C1
    { 16, 22, 206, -2, 22, 88, 1249 }, // U+00C2
    { 16, 22, 206, -2, 22, 88, 1337 }, // U+00C3
    { 15, 21, 206, -2, 21, 79, 1425 }, // U+00C4
    { 14, 22, 206, -2, 22, 77, 1504 }, // U+00C5
    { 22, 17, 323, -1, 17, 94, 1581 }, // U+00C6
    { 13, 23, 221, 1, 17, 75, 1675 }, // U+00C7
    { 14, 22, 202, 0, 22, 77, 1750 }, // U+00C8
    { 14, 22, 202, 0, 22, 77, 1827 }, // U+00C9
    { 14, 22, 202, 0, 22, 77, 1904 }, // U+00CA
    { 14, 21, 202, 0, 21, 74, 1981 }, // U+00CB
    { 8, 22, 102, 0, 22, 44, 2055 }, // U+00CC
    { 10, 22, 102, 0, 22, 55, 2099 }, // U+00CD
    { 10, 22, 102, 0, 22, 55, 2154 }, // U+00CE
    { 10, 21, 102, 0, 21, 53, 2209 }, // U+00CF
    { 14, 17, 247, 1, 17, 60, 2262 }, // U+00D0
    { 16, 22, 249, 0, 22, 88, 2322 }, // U+00D1
    { 15, 23, 255, 1, 22, 87, 2410 }, // U+00D2
    { 15, 23, 255, 1, 22, 87, 2497 }, // U+00D3
    { 15, 23, 255, 1, 22, 87, 2584 }, // U+00D4
    { 15, 23, 255, 1, 22, 87, 2671 }, // U+00D5
    { 15, 22, 255, 1, 21, 83, 2758 }, // U+00D6
    { 11, 11, 193, 1, 14, 31, 2841 }, // U+00D7
    { 19, 19, 255, -1, 18, 91, 2872 }, // U+00D8
    { 15, 23, 248, 1, 22, 87, 2963 }, // U+00D9
    { 15, 23, 248, 1, 22, 87, 3050 }, // U+00DA
    { 15, 23, 248, 1, 22, 87, 3137 }, // U+00DB
    { 15, 22, 248, 1, 21, 83, 3224 }, // U+00DC
    { 12, 22, 187, 2, 22, 66, 3307 }, // U+00DD
    { 14, 17, 227, 0, 17, 60, 3373 }, // U+00DE
    { 13, 20, 225, 0, 19, 65, 3433 }, // U+00DF
    { 13, 20, 216, 0, 19, 65, 3498 }, // U+00E0
    { 13, 20, 216, 0, 19, 65, 3563 }, // U+00E1
    { 13, 20, 216, 0, 19, 65, 3628 }, // U+00E2
    { 14, 20, 216, 0, 19, 70, 3693 }, // U+00E3
    { 13, 19, 216, 0, 18, 62, 3763 }, // U+00E4
    { 13, 20, 216, 0, 19, 65, 3825 }, // U+00E5
    { 19, 14, 304, 0, 13, 67, 3890 }, // U+00E6
    { 11, 19, 174, 0, 13, 53, 3957 }, // U+00E7
    { 12, 20, 193, 0, 19, 60, 4010 }, // U+00E8
    { 13, 20, 193, 0, 19, 65, 4070 }, // U+00E9
    { 12, 20, 193, 0, 19, 60, 4135 }, // U+00EA
    { 12, 19, 193, 0, 18, 57, 4195 }, // U+00EB
    { 7, 19, 96, 0, 19, 34, 4252 }, // U+00EC
    { 9, 19, 96, 0, 19, 43, 4286 }, // U+00ED
    { 9, 19, 96, 0, 19, 43, 4329 }, // U+00EE
    { 9, 18, 96, 0, 18, 41, 4372 }, // U+00EF
    { 13, 20, 213, 1, 19, 65, 4413 }, // U+00F0
    { 14, 19, 212, 0, 19, 67, 4478 }, // U+00F1
    { 12, 20, 206, 0, 19, 60, 4545 }, // U+00F2
    { 13, 20, 206, 0, 19, 65, 4605 }, // U+00F3
    { 13, 20, 206, 0, 19, 65, 4670 }, // U+00F4
    { 14, 20, 206, 0, 19, 70, 4735 }, // U+00F5
    { 13, 19, 206, 0, 18, 62, 4805 }, // U+00F6
    { 11, 13, 193, 1, 15, 36, 4867 }, // U+00F7
    { 15, 14, 207, -1, 13, 53, 4903 }, // U+00F8
    { 12, 20, 210, 1, 19, 60, 4956 }, // U+00F9
    { 12, 20, 210, 1, 19, 60, 5016 }, // U+00FA
    { 12, 20, 210, 1, 19, 60, 5076 }, // U+00FB
    { 12, 19, 210, 1, 18, 57, 5136 }, // U+00FC
    { 15, 25, 182, -2, 19, 94, 5193 }, // U+00FD
    { 14, 24, 215, -1, 18, 84, 5287 }, // U+00FE
    { 15, 24, 182, -2, 18, 90, 5371 }, // U+00FF
    { 15, 20, 206, -2, 20, 75, 0 }, // U+0100
    { 13, 18, 216, 0, 17, 59, 75 }, // U+0101
    { 16, 22, 206, -2, 22, 88, 134 }, // U+0102
    { 13, 20, 216, 0, 19, 65, 222 }, // U+0103
    { 15, 23, 206, -2, 17, 87, 287 }, // U+0104
    { 13, 19, 216, 0, 13, 62, 374 }, // U+0105
    { 14, 23, 221, 1, 22, 81, 436 }, // U+0106
    { 13, 20, 174, 0, 19, 65, 517 }, // U+0107
    { 14, 23, 221, 1, 22, 81, 582 }, // U+0108
    { 12, 20, 174, 0, 19, 60, 663 }, // U+0109
    { 13, 22, 221, 1, 21, 72, 723 }, // U+010A
    { 11, 19, 174, 0, 18, 53, 795 }, // U+010B
    { 15, 23, 221, 1, 22, 87, 848 }, // U+010C
    { 13, 20, 174, 0, 19, 65, 935 }, // U+010D
    { 15, 22, 239, 0, 22, 83, 1000 }, // U+010E
    { 17, 21, 218, 0, 20, 90, 1083 }, // U+010F
    { 14, 17, 247, 1, 17, 60, 1173 }, // U+0110
    { 16, 19, 215, 0, 18, 76, 1233 }, // U+0111
    { 14, 20, 202, 0, 20, 70, 1309 }, // U+0112
    { 12, 18, 193, 0, 17, 54, 1379 }, // U+0113
    { 14, 22, 202, 0, 22, 77, 1433 }, // U+0114
    { 13, 20, 193, 0, 19, 65, 1510 }, // U+0115
    { 14, 21, 202, 0, 21, 74, 1575 }, // U+0116
    { 12, 19, 193, 0, 18, 57, 1649 }, // U+0117
    { 14, 23, 202, 0, 17, 81, 1706 }, // U+0118
    { 12, 19, 193, 0, 13, 57, 1787 }, // U+0119
    { 14, 22, 202, 0, 22, 77, 1844 }, // U+011A
    { 13, 20, 193, 0, 19, 65, 1921 }, // U+011B
    { 14, 23, 236, 1, 22, 81, 1986 }, // U+011C
    { 13, 25, 213, 0, 19, 82, 2067 }, // U+011D
    { 14, 23, 236, 1, 22, 81, 2149 }, // U+011E
    { 13, 25, 213, 0, 19, 82, 2230 }, // U+011F
    { 14, 22, 236, 1, 21, 77, 2312 }, // U+0120
    { 13, 24, 213, 0, 18, 78, 2389 }, // U+0121
    { 14, 23, 236, 1, 17, 81, 2467 }, // U+0122
    { 13, 25, 213, 0, 19, 82, 2548 }, // U+0123
    { 16, 22, 250, 0, 22, 88, 2630 }, // U+0124
    { 15, 23, 210, 0, 23, 87, 2718 }, // U+0125
    { 17, 17, 266, 1, 17, 73, 2805 }, // U+0126
    { 12, 18, 215, 1, 18, 54, 2878 }, // U+0127
    { 11, 22, 102, 0, 22, 61, 2932 }, // U+0128
    { 10, 19, 96, 0, 19, 48, 2993 }, // U+0129
    { 10, 20, 102, 0, 20, 50, 3041 }, // U+012A
    { 9, 17, 96, 0, 17, 39, 3091 }, // U+012B
    { 10, 22, 102, 0, 22, 55, 3130 }, // U+012C
    { 10, 19, 96, 0, 19, 48, 3185 }, // U+012D
    { 9, 23, 102, -2, 17, 52, 3233 }, // U+012E
    { 9, 24, 96, -2, 18, 54, 3285 }, // U+012F
    { 8, 21, 102, 0, 21, 42, 3339 }, // U+0130
    { 6, 13, 96, 0, 13, 20, 3381 }, // U+0131
    { 13, 22, 204, 0, 17, 72, 3401 }, // U+0132
    { 13, 24, 193, 0, 18, 78, 3473 }, // U+0133
    { 17, 23, 184, -1, 22, 98, 3551 }, // U+0134
    { 13, 25, 96, -4, 19, 82, 3649 }, // U+0135
    { 16, 23, 224, 0, 17, 92, 3731 }, // U+0136
    { 13, 24, 193, 0, 18, 78, 3823 }, // U+0137
    { 13, 13, 193, 0, 13, 43, 3901 }, // U+0138
    { 11, 22, 187, 0, 22, 61, 3944 }, // U+0139
    { 10, 24, 101, 1, 23, 60, 4005 }, // U+013A
    { 11, 23, 187, 0, 17, 64, 4065 }, // U+013B
    { 8, 24, 101, -1, 18, 48, 4129 }, // U+013C
    { 12, 19, 187, 0, 19, 57, 4177 }, // U+013D
    { 9, 21, 99, 1, 20, 48, 4234 }, // U+013E
    { 11, 17, 187, 0, 17, 47, 4282 }, // U+013F
    { 9, 19, 137, 1, 18, 43, 4329 }, // U+0140
    { 12, 17, 194, -1, 17, 51, 4372 }, // U+0141
    { 9, 19, 118, 0, 18, 43, 4423 }, // U+0142
    { 16, 22, 249, 0, 22, 88, 4466 }, // U+0143
    { 13, 19, 212, 0, 19, 62, 4554 }, // U+0144
    { 16, 23, 249, 0, 17, 92, 4616 }, // U+0145
    { 12, 19, 212, 0, 13, 57, 4708 }, // U+0146
    { 16, 22, 249, 0, 22, 88, 4765 }, // U+0147
    { 14, 19, 212, 0, 19, 67, 4853 }, // U+0148
    { 16, 19, 301, 2, 19, 76, 4920 }, // U+0149
    { 15, 18, 246, 0, 17, 68, 4996 }, // U+014A
    { 12, 19, 212, 0, 13, 57, 5064 }, // U+014B
    { 15, 21, 255, 1, 20, 79, 5121 }, // U+014C
    { 12, 18, 206, 0, 17, 54, 5200 }, // U+014D
    { 15, 23, 255, 1, 22, 87, 5254 }, // U+014E
    { 13, 20, 206, 0, 19, 65, 5341 }, // U+014F
    { 17, 23, 255, 1, 22, 98, 5406 }, // U+0150
    { 15, 20, 206, 0, 19, 75, 5504 }, // U+0151
    { 21, 17, 327, 1, 17, 90, 5579 }, // U+0152
    { 20, 14, 324, 0, 13, 70, 5669 }, // U+0153
    { 14, 22, 224, 0, 22, 77, 5739 }, // U+0154
    { 12, 19, 139, 0, 19, 57, 5816 }, // U+0155
    { 14, 23, 224, 0, 17, 81, 5873 }, // U+0156
    { 12, 19, 139, -2, 13, 57, 5954 }, // U+0157
    { 15, 22, 224, 0, 22, 83, 6011 }, // U+0158
    { 12, 19, 139, 0, 19, 57, 6094 }, // U+0159
    { 14, 23, 204, 0, 22, 81, 6151 }, // U+015A
    { 13, 20, 162, -1, 19, 65, 6232 }, // U+015B
    { 14, 23, 204, 0, 22, 81, 6297 }, // U+015C
    { 12, 20, 162, -1, 19, 60, 6378 }, // U+015D
    { 13, 23, 204, 0, 17, 75, 6438 }, // U+015E
    { 11, 19, 162, -1, 13, 53, 6513 }, // U+015F
    { 14, 23, 204, 0, 22, 81, 6566 }, // U+0160
    { 13, 20, 162, -1, 19, 65, 6647 }, // U+0161
    { 14, 23, 205, 1, 17, 81, 6712 }, // U+0162
    { 8, 23, 132, 1, 17, 46, 6793 }, // U+0163
    { 13, 22, 205, 2, 22, 72, 6839 }, // U+0164
    { 10, 21, 132, 1, 20, 53, 6911 }, // U+0165
    { 13, 17, 205, 2, 17, 56, 6964 }, // U+0166
    { 9, 18, 132, 0, 17, 41, 7020 }, // U+0167
    { 15, 23, 248, 1, 22, 87, 7061 }, // U+0168
    { 13, 20, 210, 1, 19, 65, 7148 }, // U+0169
    { 15, 21, 248, 1, 20, 79, 7213 }, // U+016A
    { 12, 18, 210, 1, 17, 54, 7292 }, // U+016B
    { 15, 23, 248, 1, 22, 87, 7346 }, // U+016C
    { 12, 20, 210, 1, 19, 60, 7433 }, // U+016D
    { 15, 23, 248, 1, 22, 87, 7493 }, // U+016E
    { 12, 20, 210, 1, 19, 60, 7580 }, // U+016F
    { 16, 23, 248, 1, 22, 92, 7640 }, // U+0170
    { 14, 20, 210, 1, 19, 70, 7732 }, // U+0171
    { 15, 23, 248, 1, 17, 87, 7802 }, // U+0172
    { 12, 19, 210, 1, 13, 57, 7889 }, // U+0173
    { 19, 22, 304, 2, 22, 105, 7946 }, // U+0174
    { 17, 19, 285, 1, 19, 81, 8051 }, // U+0175
    { 12, 22, 187, 2, 22, 66, 8132 }, // U+0176
    { 15, 25, 182, -2, 19, 94, 8198 }, // U+0177
    { 12, 21, 187, 2, 21, 63, 8292 }, // U+0178
    { 15, 22, 206, -1, 22, 83, 8355 }, // U+0179
    { 13, 19, 166, -1, 19, 62, 8438 }, // U+017A
    { 15, 21, 206, -1, 21, 79, 8500 }, // U+017B
    { 12, 18, 166, -1, 18, 54, 8579 }, // U+017C
    { 15, 22, 206, -1, 22, 83, 8633 }, // U+017D
    { 14, 19, 166, -1, 19, 67, 8716 }, // U+017E
    { 10, 19, 115, 1, 19, 48, 8783 }, // U+017F
    { 16, 21, 255, 1, 20, 84, 0 }, // U+01A0
    { 14, 18, 208, 0, 17, 63, 84 }, // U+01A1
    { 18, 22, 254, 1, 21, 99, 147 }, // U+01AF
    { 15, 18, 218, 1, 17, 68, 246 }, // U+01B0
    { 30, 24, 479, 1, 24, 180, 314 }, // U+01C4
    { 28, 20, 445, 1, 20, 140, 494 }, // U+01C5
    { 26, 21, 410, 1, 20, 137, 634 }, // U+01C6
    { 18, 23, 300, 1, 18, 104, 771 }, // U+01C7
    { 18, 25, 294, 1, 19, 113, 875 }, // U+01C8
    { 14, 25, 206, 0, 19, 88, 988 }, // U+01C9
    { 24, 23, 392, 1, 18, 138, 1076 }, // U+01CA
    { 24, 25, 386, 1, 19, 150, 1214 }, // U+01CB
    { 22, 25, 335, 0, 19, 138, 1364 }, // U+01CC
    { 16, 22, 206, -2, 22, 88, 1502 }, // U+01CD
    { 14, 20, 216, 0, 19, 70, 1590 }, // U+01CE
    { 11, 22, 102, 0, 22, 61, 1660 }, // U+01CF
    { 10, 19, 96, 0, 19, 48, 1721 }, // U+01D0
    { 15, 23, 255, 1, 22, 87, 1769 }, // U+01D1
    { 14, 20, 206, 0, 19, 70, 1856 }, // U+01D2
    { 15, 23, 248, 1, 22, 87, 1926 }, // U+01D3
    { 13, 20, 210, 1, 19, 65, 2013 }, // U+01D4
    { 15, 24, 248, 1, 23, 90, 2078 }, // U+01D5
    { 12, 22, 210, 1, 21, 66, 2168 }, // U+01D6
    { 15, 25, 248, 1, 24, 94, 2234 }, // U+01D7
    { 12, 22, 210, 1, 21, 66, 2328 }, // U+01D8
    { 15, 25, 248, 1, 24, 94, 2394 }, // U+01D9
    { 13, 22, 210, 1, 21, 72, 2488 }, // U+01DA
    { 15, 25, 248, 1, 24, 94, 2560 }, // U+01DB
    { 12, 22, 210, 1, 21, 66, 2654 }, // U+01DC
    { 12, 14, 193, 0, 13, 42, 2720 }, // U+01DD
    { 17, 26, 225, -2, 26, 111, 2762 }, // U+01DE
    { 13, 22, 227, 1, 21, 72, 2873 }, // U+01DF
    { 17, 26, 225, -2, 26, 111, 2945 }, // U+01E0
    { 13, 22, 227, 1, 21, 72, 3056 }, // U+01E1
    { 22, 20, 323, -1, 20, 110, 3128 }, // U+01E2
    { 19, 18, 304, 0, 17, 86, 3238 }, // U+01E3
    { 15, 18, 252, 1, 17, 68, 3324 }, // U+01E4
    { 14, 19, 220, 0, 13, 67, 3392 }, // U+01E5
    { 15, 23, 236, 1, 22, 87, 3459 }, // U+01E6
    { 14, 25, 213, 0, 19, 88, 3546 }, // U+01E7
    { 16, 24, 225, 1, 24, 96, 3634 }, // U+01E8
    { 14, 26, 198, 0, 26, 91, 3730 }, // U+01E9
    { 15, 23, 255, 1, 17, 87, 3821 }, // U+01EA
    { 12, 19, 206, 0, 13, 57, 3908 }, // U+01EB
    { 17, 27, 288, 1, 21, 115, 3965 }, // U+01EC
    { 12, 23, 225, 1, 17, 69, 4080 }, // U+01ED
    { 14, 23, 213, 0, 22, 81, 4149 }, // U+01EE
    { 14, 25, 169, -2, 19, 88, 4230 }, // U+01EF
    { 14, 25, 96, -4, 19, 88, 4318 }, // U+01F0
    { 30, 18, 479, 1, 18, 135, 4406 }, // U+01F1
    { 27, 18, 445, 1, 18, 122, 4541 }, // U+01F2
    { 25, 20, 410, 1, 19, 125, 4663 }, // U+01F3
    { 14, 23, 236, 1, 22, 81, 4788 }, // U+01F4
    { 13, 25, 213, 0, 19, 82, 4869 }, // U+01F5
    { 21, 19, 359, 1, 18, 100, 4951 }, // U+01F6
    { 15, 21, 222, 0, 17, 79, 5051 }, // U+01F7
    { 16, 22, 249, 0, 22, 88, 5130 }, // U+01F8
    { 12, 19, 212, 0, 19, 57, 5218 }, // U+01F9
    { 16, 24, 206, -2, 24, 96, 5275 }, // U+01FA
    { 13, 22, 216, 0, 21, 72, 5371 }, // U+01FB
    { 22, 22, 323, -1, 22, 121, 5443 }, // U+01FC
    { 19, 20, 304, 0, 19, 95, 5564 }, // U+01FD
    { 19, 23, 255, -1, 22, 110, 5659 }, // U+01FE
    { 15, 20, 206, -1, 19, 75, 5769 }, // U+01FF
    { 15, 22, 206, -2, 22, 83, 5844 }, // U+0200
    { 13, 20, 216, 0, 19, 65, 5927 }, // U+0201
    { 16, 23, 225, -2, 23, 92, 5992 }, // U+0202
    { 13, 20, 227, 1, 19, 65, 6084 }, // U+0203
    { 14, 22, 202, 0, 22, 77, 6149 }, // U+0204
    { 12, 20, 193, 0, 19, 60, 6226 }, // U+0205
    { 13, 23, 206, 1, 23, 75, 6286 }, // U+0206
    { 11, 20, 200, 1, 19, 55, 6361 }, // U+0207
    { 10, 22, 102, -1, 22, 55, 6416 }, // U+0208
    { 9, 19, 96, -1, 19, 43, 6471 }, // U+0209
    { 12, 23, 130, -1, 23, 69, 6514 }, // U+020A
    { 9, 19, 103, 0, 19, 43, 6583 }, // U+020B
    { 15, 23, 255, 1, 22, 87, 6626 }, // U+020C
    { 12, 20, 206, 0, 19, 60, 6713 }, // U+020D
    { 17, 24, 288, 1, 23, 102, 6773 }, // U+020E
    { 12, 20, 225, 1, 19, 60, 6875 }, // U+020F
    { 14, 24, 229, 1, 24, 84, 6935 }, // U+0210
    { 11, 20, 159, 0, 20, 55, 7019 }, // U+0211
    { 14, 23, 229, 1, 23, 81, 7074 }, // U+0212
    { 12, 19, 159, 0, 19, 57, 7155 }, // U+0213
    { 17, 25, 271, 1, 24, 107, 7212 }, // U+0214
    { 13, 21, 232, 1, 20, 69, 7319 }, // U+0215
    { 17, 24, 271, 1, 23, 102, 7388 }, // U+0216
    { 13, 20, 232, 1, 19, 65, 7490 }, // U+0217
    { 13, 23, 204, 0, 17, 75, 7555 }, // U+0218
    { 11, 19, 162, -1, 13, 53, 7630 }, // U+0219
    { 13, 23, 205, 2, 17, 75, 7683 }, // U+021A
    { 9, 23, 132, 0, 17, 52, 7758 }, // U+021B
    { 13, 22, 192, -1, 17, 72, 7810 }, // U+021C
    { 11, 19, 168, -1, 13, 53, 7882 }, // U+021D
    { 16, 22, 250, 0, 22, 88, 7935 }, // U+021E
    { 15, 23, 210, 0, 23, 87, 8023 }, // U+021F
    { 11, 14, 197, 1, 13, 39, 0 }, // U+0250
    { 13, 14, 217, 0, 13, 46, 39 }, // U+0251
    { 13, 14, 217, 0, 13, 46, 85 }, // U+0252
    { 13, 20, 215, 0, 19, 65, 131 }, // U+0253
    { 12, 14, 176, -1, 13, 42, 196 }, // U+0254
    { 12, 15, 181, -1, 13, 45, 238 }, // U+0255
    { 14, 24, 216, 0, 18, 84, 283 }, // U+0256
    { 17, 20, 216, 0, 19, 85, 367 }, // U+0257
    { 12, 14, 193, 0, 13, 42, 452 }, // U+0258
    { 12, 14, 193, 0, 13, 42, 494 }, // U+0259
    { 17, 14, 260, 0, 13, 60, 536 }, // U+025A
    { 11, 14, 168, 0, 13, 39, 596 }, // U+025B
    { 10, 14, 168, 0, 13, 35, 635 }, // U+025C
    { 15, 14, 231, 0, 13, 53, 670 }, // U+025D
    { 12, 14, 200, 0, 13, 42, 723 }, // U+025E
    { 11, 19, 119, -3, 13, 53, 765 }, // U+025F
    { 17, 25, 216, 0, 19, 107, 818 }, // U+0260
    { 13, 19, 213, 0, 13, 62, 925 }, // U+0261
    { 12, 14, 194, 0, 13, 42, 987 }, // U+0262
    { 13, 19, 182, 0, 13, 62, 1029 }, // U+0263
    { 13, 14, 203, 1, 13, 46, 1091 }, // U+0264
    { 12, 19, 213, 1, 13, 57, 1137 }, // U+0265
    { 12, 19, 209, 0, 19, 57, 1194 }, // U+0266
    { 12, 25, 209, 0, 19, 75, 1251 }, // U+0267
    { 8, 19, 114, 0, 19, 38, 1326 }, // U+0268
    { 5, 14, 101, 1, 13, 18, 1364 }, // U+0269
    { 9, 13, 135, 0, 13, 30, 1382 }, // U+026A
    { 10, 19, 143, 0, 18, 48, 1412 }, // U+026B
    { 9, 18, 132, 0, 18, 41, 1460 }, // U+026C
    { 7, 24, 98, 0, 18, 42, 1501 }, // U+026D
    { 15, 24, 231, 0, 18, 90, 1543 }, // U+026E
    { 19, 14, 320, 1, 13, 67, 1633 }, // U+026F
    { 19, 19, 320, 1, 13, 91, 1700 }, // U+0270
    { 19, 19, 321, 0, 13, 91, 1791 }, // U+0271
    { 15, 19, 212, -3, 13, 72, 1882 }, // U+0272
    { 12, 19, 212, 0, 13, 57, 1954 }, // U+0273
    { 13, 13, 210, 0, 13, 43, 2011 }, // U+0274
    { 12, 14, 207, 0, 13, 42, 2054 }, // U+0275
    { 18, 14, 272, 0, 13, 63, 2096 }, // U+0276
    { 17, 14, 275, 0, 13, 60, 2159 }, // U+0277
    { 16, 24, 262, 0, 18, 96, 2219 }, // U+0278
    { 10, 14, 139, -2, 13, 35, 2315 }, // U+0279
    { 12, 19, 139, -2, 18, 57, 2350 }, // U+027A
    { 10, 19, 139, -2, 13, 48, 2407 }, // U+027B
    { 12, 20, 159, -1, 14, 60, 2455 }, // U+027C
    { 10, 19, 139, 0, 13, 48, 2515 }, // U+027D
    { 10, 13, 136, 0, 13, 33, 2563 }, // U+027E
    { 6, 19, 102, 0, 13, 29, 2596 }, // U+027F
    { 12, 13, 190, 0, 13, 39, 2625 }, // U+0280
    { 13, 13, 190, 0, 13, 43, 2664 }, // U+0281
    { 11, 19, 162, -1, 13, 53, 2707 }, // U+0282
    { 14, 25, 96, -4, 19, 88, 2760 }, // U+0283
    { 13, 25, 108, -3, 19, 82, 2848 }, // U+0284
    { 6, 19, 106, 0, 13, 29, 2930 }, // U+0285
    { 15, 26, 104, -5, 20, 98, 2959 }, // U+0286
    { 8, 17, 132, -1, 13, 34, 3057 }, // U+0287
    { 9, 23, 132, 0, 17, 52, 3091 }, // U+0288
    { 15, 14, 226, 0, 13, 53, 3143 }, // U+0289
    { 14, 14, 207, 0, 13, 49, 3196 }, // U+028A
    { 12, 14, 211, 1, 13, 42, 3245 }, // U+028B
    { 12, 13, 182, -1, 12, 39, 3287 }, // U+028C
    { 18, 13, 285, -1, 12, 59, 3326 }, // U+028D
    { 15, 19, 182, -1, 19, 72, 3385 }, // U+028E
    { 11, 13, 166, 1, 13, 36, 3457 }, // U+028F
    { 12, 19, 169, -1, 13, 57, 3493 }, // U+0290
    { 13, 16, 178, -1, 13, 52, 3550 }, // U+0291
    { 13, 19, 169, -2, 13, 62, 3602 }, // U+0292
    { 14, 20, 186, -2, 14, 70, 3664 }, // U+0293
    { 11, 19, 165, 1, 19, 53, 3734 }, // U+0294
    { 12, 19, 165, 1, 19, 57, 3787 }, // U+0295
    { 11, 20, 162, -1, 19, 55, 3844 }, // U+0296
    { 12, 20, 188, 0, 14, 60, 3899 }, // U+0297
    { 11, 20, 194, 1, 19, 55, 3959 }, // U+0298
    { 12, 13, 194, 0, 13, 39, 4014 }, // U+0299
    { 13, 15, 221, 0, 14, 49, 4053 }, // U+029A
    { 14, 20, 192, 0, 19, 70, 4102 }, // U+029B
    { 13, 13, 215, 0, 13, 43, 4172 }, // U+029C
    { 13, 25, 116, -4, 18, 82, 4215 }, // U+029D
    { 13, 19, 193, -1, 13, 62, 4297 }, // U+029E
    { 9, 13, 160, 0, 13, 30, 4359 }, // U+029F
    { 16, 26, 232, 1, 20, 104, 4389 }, // U+02A0
    { 12, 19, 170, 0, 19, 57, 4493 }, // U+02A1
    { 12, 19, 170, 1, 19, 57, 4550 }, // U+02A2
    { 21, 19, 323, 0, 18, 100, 4607 }, // U+02A3
    { 21, 24, 330, 0, 18, 126, 4707 }, // U+02A4
    { 22, 21, 344, 0, 18, 116, 4833 }, // U+02A5
    { 14, 18, 247, 1, 17, 63, 4949 }, // U+02A6
    { 17, 25, 219, 1, 19, 107, 5012 }, // U+02A7
    { 17, 19, 293, 1, 17, 81, 5119 }, // U+02A8
    { 22, 26, 322, -3, 20, 143, 5200 }, // U+02A9
    { 16, 20, 249, 0, 19, 80, 5343 }, // U+02AA
    { 15, 19, 230, 0, 19, 72, 5423 }, // U+02AB
    { 15, 18, 200, 0, 18, 68, 5495 }, // U+02AC
    { 15, 18, 228, 0, 18, 68, 5563 }, // U+02AD
    { 15, 20, 236, 0, 14, 75, 5631 }, // U+02AE
    { 15, 20, 236, 0, 14, 75, 5706 }, // U+02AF
    { 8, 13, 142, 2, 22, 26, 5781 }, // U+02B0
    { 8, 13, 142, 2, 22, 26, 5807 }, // U+02B1
    { 7, 16, 66, -1, 22, 28, 5833 }, // U+02B2
    { 6, 10, 91, 2, 19, 15, 5861 }, // U+02B3
    { 7, 9, 91, 0, 18, 16, 5876 }, // U+02B4
    { 8, 13, 104, 0, 16, 26, 5892 }, // U+02B5
    { 10, 9, 140, 1, 16, 23, 5918 }, // U+02B6
    { 12, 9, 193, 2, 18, 27, 5941 }, // U+02B7
    { 10, 12, 124, 0, 18, 30, 5968 }, // U+02B8
    { 4, 7, 99, 3, 19, 7, 5998 }, // U+02B9
    { 11, 7, 143, 1, 18, 20, 6005 }, // U+02BA
    { 5, 9, 101, 2, 19, 12, 6025 }, // U+02BB
    { 5, 9, 101, 2, 19, 12, 6037 }, // U+02BC
    { 6, 9, 101, 2, 19, 14, 6049 }, // U+02BD
    { 6, 7, 94, 1, 18, 11, 6063 }, // U+02BE
    { 6, 7, 94, 2, 18, 11, 6074 }, // U+02BF
    { 7, 10, 120, 2, 19, 18, 6085 }, // U+02C0
    { 8, 10, 120, 2, 19, 20, 6103 }, // U+02C1
    { 7, 7, 114, 3, 20, 13, 6123 }, // U+02C2
    { 7, 7, 114, 3, 20, 13, 6136 }, // U+02C3
    { 7, 7, 114, 2, 20, 13, 6149 }, // U+02C4
    { 7, 7, 114, 2, 20, 13, 6162 }, // U+02C5
    { 9, 5, 208, 4, 19, 12, 6175 }, // U+02C6
    { 9, 5, 208, 5, 19, 12, 6187 }, // U+02C7
    { 4, 8, 68, 2, 18, 8, 6199 }, // U+02C8
    { 8, 2, 106, 1, 17, 4, 6207 }, // U+02C9
    { 7, 5, 86, 2, 19, 9, 6211 }, // U+02CA
    { 6, 5, 86, 1, 19, 8, 6220 }, // U+02CB
    { 3, 6, 45, -2, -1, 5, 6228 }, // U+02CC
    { 8, 2, 140, -2, -2, 4, 6233 }, // U+02CD
    { 5, 5, 111, -1, 0, 7, 6237 }, // U+02CE
    { 6, 5, 105, -2, 0, 8, 6244 }, // U+02CF
    { 7, 13, 99, 0, 13, 23, 6252 }, // U+02D0
    { 5, 5, 99, 2, 13, 7, 6275 }, // U+02D1
    { 6, 7, 94, 0, 10, 11, 6282 }, // U+02D2
    { 5, 7, 94, 1, 10, 9, 6293 }, // U+02D3
    { 9, 9, 142, 0, 11, 21, 6302 }, // U+02D4
    { 9, 9, 142, 0, 11, 21, 6323 }, // U+02D5
    { 9, 9, 142, 0, 11, 21, 6344 }, // U+02D6
    { 9, 3, 142, 0, 8, 7, 6365 }, // U+02D7
    { 9, 5, 208, 4, 19, 12, 6372 }, // U+02D8
    { 3, 4, 208, 7, 18, 3, 6384 }, // U+02D9
    { 7, 6, 208, 5, 19, 11, 6387 }, // U+02DA
    { 5, 7, 208, 2, 1, 9, 6398 }, // U+02DB
    { 10, 5, 208, 4, 19, 13, 6407 }, // U+02DC
    { 10, 5, 208, 5, 19, 13, 6420 }, // U+02DD
    { 7, 7, 75, -2, 11, 13, 6433 }, // U+02DE
    { 7, 6, 114, 2, 20, 11, 6446 }, // U+02DF
    { 8, 12, 124, 2, 18, 24, 6457 }, // U+02E0
    { 4, 13, 67, 2, 22, 13, 6481 }, // U+02E1
    { 8, 10, 109, 1, 19, 20, 6494 }, // U+02E2
    { 10, 9, 125, 0, 18, 23, 6514 }, // U+02E3
    { 8, 13, 121, 2, 22, 26, 6537 }, // U+02E4
    { 8, 18, 167, 1, 18, 36, 6563 }, // U+02E5
    { 8, 18, 167, 1, 18, 36, 6599 }, // U+02E6
    { 8, 18, 167, 1, 18, 36, 6635 }, // U+02E7
    { 8, 18, 167, 1, 18, 36, 6671 }, // U+02E8
    { 8, 18, 167, 1, 18, 36, 6707 }, // U+02E9
    { 6, 5, 0, -1, 19, 8, 0 }, // U+0300
    { 8, 5, 0, 0, 19, 10, 8 }, // U+0301
    { 9, 5, 0, -2, 19, 12, 18 }, // U+0302
    { 10, 5, 0, -2, 19, 13, 30 }, // U+0303
    { 8, 2, 0, -1, 17, 4, 43 }, // U+0304
    { 8, 2, 0, -1, 17, 4, 47 }, // U+0305
    { 9, 5, 0, -1, 19, 12, 51 }, // U+0306
    { 4, 4, 0, 1, 18, 4, 63 }, // U+0307
    { 8, 4, 0, -1, 18, 8, 67 }, // U+0308
    { 5, 6, 0, 1, 20, 8, 75 }, // U+0309
    { 6, 6, 0, 0, 19, 9, 83 }, // U+030A
    { 10, 5, 0, -1, 19, 13, 92 }, // U+030B
    { 9, 5, 0, -1, 19, 12, 105 }, // U+030C
    { 4, 5, 0, 1, 19, 5, 117 }, // U+030D
    { 8, 5, 0, -2, 19, 10, 122 }, // U+030E
    { 8, 5, 0, -2, 19, 10, 132 }, // U+030F
    { 9, 7, 0, -1, 21, 16, 142 }, // U+0310
    { 9, 5, 0, -2, 19, 12, 158 }, // U+0311
    { 4, 6, 0, 1, 20, 6, 170 }, // U+0312
    { 4, 6, 0, 1, 20, 6, 176 }, // U+0313
    { 4, 7, 0, 0, 18, 7, 182 }, // U+0314
    { 4, 6, 114, 1, 20, 6, 189 }, // U+0315
    { 5, 5, 0, -5, 0, 7, 195 }, // U+0316
    { 6, 5, 0, -4, 0, 8, 202 }, // U+0317
    { 5, 6, 0, -3, -1, 8, 210 }, // U+0318
    { 6, 6, 0, -4, -1, 9, 218 }, // U+0319
    { 5, 4, 0, 1, 18, 5, 227 }, // U+031A
    { 5, 5, 0, 2, 16, 7, 232 }, // U+031B
    { 5, 6, 0, -3, -1, 8, 239 }, // U+031C
    { 6, 5, 0, -4, -1, 8, 247 }, // U+031D
    { 6, 5, 0, -4, -2, 8, 255 }, // U+031E
    { 6, 6, 0, -4, -1, 9, 263 }, // U+031F
    { 6, 2, 0, -4, -3, 3, 272 }, // U+0320
    { 6, 8, 0, -5, 2, 12, 275 }, // U+0321
    { 5, 8, 0, -3, 2, 10, 287 }, // U+0322
    { 4, 4, 0, -3, -2, 4, 297 }, // U+0323
    { 8, 4, 0, -5, -2, 8, 301 }, // U+0324
    { 6, 6, 0, -4, -1, 9, 309 }, // U+0325
    { 6, 5, 0, -4, -1, 8, 318 }, // U+0326
    { 6, 7, 0, -4, 1, 11, 326 }, // U+0327
    { 5, 7, 0, -3, 1, 9, 337 }, // U+0328
    { 4, 6, 0, -3, -1, 6, 346 }, // U+0329
    { 8, 4, 0, -5, -2, 8, 352 }, // U+032A
    { 11, 4, 0, -7, -1, 11, 360 }, // U+032B
    { 9, 5, 0, -5, -1, 12, 371 }, // U+032C
    { 8, 5, 0, -6, 0, 10, 383 }, // U+032D
    { 9, 5, 0, -5, -1, 12, 393 }, // U+032E
    { 9, 5, 0, -6, -1, 12, 405 }, // U+032F
    { 10, 5, 0, -6, -1, 13, 417 }, // U+0330
    { 8, 2, 0, -5, -2, 4, 430 }, // U+0331
    { 14, 3, 0, -8, -2, 11, 434 }, // U+0332
    { 12, 6, 0, -8, 0, 18, 445 }, // U+0333
    { 10, 5, 0, -4, 9, 13, 463 }, // U+0334
    { 10, 3, 0, -5, 9, 8, 476 }, // U+0335
    { 18, 2, 0, -9, 8, 9, 484 }, // U+0336
    { 14, 14, 0, -13, 13, 49, 493 }, // U+0337
    { 19, 19, 0, -17, 18, 91, 542 }, // U+0338
    { 5, 6, 0, -4, -1, 8, 633 }, // U+0339
    { 8, 4, 0, -5, -2, 8, 641 }, // U+033A
    { 8, 6, 0, -5, -1, 12, 649 }, // U+033B
    { 10, 5, 0, -6, -1, 13, 661 }, // U+033C
    { 6, 6, 0, 0, 19, 9, 674 }, // U+033D
    { 6, 8, 0, -1, 22, 12, 683 }, // U+033E
    { 12, 6, 0, -3, 25, 18, 695 }, // U+033F
    { 3, 5, 0, 1, 19, 4, 713 }, // U+0340
    { 7, 5, 0, 0, 20, 9, 717 }, // U+0341
    { 10, 5, 0, -2, 19, 13, 726 }, // U+0342
    { 5, 6, 0, 1, 20, 8, 739 }, // U+0343
    { 9, 5, 0, -1, 19, 12, 747 }, // U+0344
    { 4, 5, 0, -2, -1, 5, 759 }, // U+0345
    { 12, 6, 0, -4, 20, 18, 764 }, // U+0346
    { 12, 6, 0, -8, 0, 18, 782 }, // U+0347
    { 8, 5, 0, -6, -1, 10, 800 }, // U+0348
    { 5, 5, 0, -4, -1, 7, 810 }, // U+0349
    { 10, 6, 0, -3, 20, 15, 817 }, // U+034A
    { 11, 10, 0, -3, 24, 28, 832 }, // U+034B
    { 11, 7, 0, -3, 22, 20, 860 }, // U+034C
    { 10, 6, 0, -7, 0, 15, 880 }, // U+034D
    { 5, 6, 0, -4, 0, 8, 895 }, // U+034E
    { 0, 0, 0, 0, 0, 0, 903 }, // U+034F
    { 5, 6, 0, 0, 20, 8, 903 }, // U+0350
    { 4, 6, 0, 3, 21, 6, 911 }, // U+0351
    { 8, 7, 0, -2, 22, 14, 917 }, // U+0352
    { 5, 6, 0, -4, 0, 8, 931 }, // U+0353
    { 5, 5, 0, -4, -1, 7, 939 }, // U+0354
    { 5, 5, 0, -4, -1, 7, 946 }, // U+0355
    { 10, 5, 0, -6, -1, 13, 953 }, // U+0356
    { 5, 6, 0, 1, 19, 8, 966 }, // U+0357
    { 4, 4, 0, 1, 18, 4, 974 }, // U+0358
    { 6, 6, 0, -5, 0, 9, 978 }, // U+0359
    { 10, 6, 0, -7, 0, 15, 987 }, // U+035A
    { 5, 6, 0, 0, 20, 8, 1002 }, // U+035B
    { 23, 5, 0, -12, -1, 29, 1010 }, // U+035C
    { 18, 5, 0, -7, 19, 23, 1039 }, // U+035D
    { 22, 3, 0, -9, 17, 17, 1062 }, // U+035E
    { 22, 3, 0, -13, -2, 17, 1079 }, // U+035F
    { 19, 4, 0, -7, 19, 19, 1096 }, // U+0360
    { 23, 5, 0, -10, 18, 29, 1115 }, // U+0361
    { 19, 6, 0, -12, 0, 29, 1144 }, // U+0362
    { 7, 6, 0, -1, 21, 11, 1173 }, // U+0363
    { 5, 6, 0, 0, 21, 8, 1184 }, // U+0364
    { 4, 8, 0, 1, 23, 8, 1192 }, // U+0365
    { 7, 6, 0, -1, 21, 11, 1200 }, // U+0366
    { 7, 6, 0, -1, 21, 11, 1211 }, // U+0367
    { 6, 6, 0, 0, 21, 9, 1222 }, // U+0368
    { 7, 9, 0, -1, 24, 16, 1231 }, // U+0369
    { 7, 9, 0, -1, 24, 16, 1247 }, // U+036A
    { 10, 6, 0, -3, 21, 15, 1263 }, // U+036B
    { 6, 6, 0, 0, 21, 9, 1278 }, // U+036C
    { 4, 8, 0, 1, 23, 8, 1287 }, // U+036D
    { 6, 6, 0, 0, 21, 9, 1295 }, // U+036E
    { 7, 6, 0, -1, 21, 11, 1304 }, // U+036F
    { 14, 24, 216, -1, 19, 84, 0 }, // U+03B2
    { 13, 20, 201, 0, 19, 65, 84 }, // U+03B8
    { 16, 18, 178, -3, 13, 72, 149 }, // U+03C7
    { 14, 22, 202, 0, 22, 77, 0 }, // U+0400
    { 14, 21, 202, 0, 21, 74, 77 }, // U+0401
    { 13, 18, 264, 2, 17, 59, 151 }, // U+0402
    { 14, 22, 190, 0, 22, 77, 210 }, // U+0403
    { 13, 18, 221, 1, 17, 59, 287 }, // U+0404
    { 13, 18, 204, 0, 17, 59, 346 }, // U+0405
    { 7, 17, 102, 0, 17, 30, 405 }, // U+0406
    { 10, 21, 102, 0, 21, 53, 435 }, // U+0407
    { 13, 18, 184, -1, 17, 59, 488 }, // U+0408
    { 23, 18, 348, -2, 17, 104, 547 }, // U+0409
    { 22, 17, 357, 0, 17, 94, 651 }, // U+040A
    { 13, 17, 263, 2, 17, 56, 745 }, // U+040B
    { 16, 22, 224, 0, 22, 88, 801 }, // U+040C
    { 16, 22, 254, 0, 22, 88, 889 }, // U+040D
    { 15, 23, 195, 0, 22, 87, 977 }, // U+040E
    { 16, 22, 249, 0, 17, 88, 1064 }, // U+040F
    { 14, 17, 206, -2, 17, 60, 1152 }, // U+0410
    { 14, 17, 223, 0, 17, 60, 1212 }, // U+0411
    { 14, 17, 229, 0, 17, 60, 1272 }, // U+0412
    { 14, 17, 190, 0, 17, 60, 1332 }, // U+0413
    { 18, 22, 251, -2, 17, 99, 1392 }, // U+0414
    { 14, 17, 202, 0, 17, 60, 1491 }, // U+0415
    { 23, 17, 326, -1, 17, 98, 1551 }, // U+0416
    { 13, 18, 213, 0, 17, 59, 1649 }, // U+0417
    { 16, 17, 254, 0, 17, 68, 1708 }, // U+0418
    { 16, 22, 254, 0, 22, 88, 1776 }, // U+0419
    { 16, 17, 224, 0, 17, 68, 1864 }, // U+041A
    { 18, 18, 251, -2, 17, 81, 1932 }, // U+041B
    { 18, 17, 284, 0, 17, 77, 2013 }, // U+041C
    { 16, 17, 250, 0, 17, 68, 2090 }, // U+041D
    { 15, 18, 255, 1, 17, 68, 2158 }, // U+041E
    { 16, 17, 249, 0, 17, 68, 2226 }, // U+041F
    { 15, 17, 222, 0, 17, 64, 2294 }, // U+0420
    { 13, 18, 221, 1, 17, 59, 2358 }, // U+0421
    { 13, 17, 205, 2, 17, 56, 2417 }, // U+0422
    { 15, 18, 195, 0, 17, 68, 2473 }, // U+0423
    { 17, 18, 288, 1, 17, 77, 2541 }, // U+0424
    { 15, 17, 199, -1, 17, 64, 2618 }, // U+0425
    { 16, 22, 254, 0, 17, 88, 2682 }, // U+0426
    { 13, 17, 230, 2, 17, 56, 2770 }, // U+0427
    { 21, 17, 326, 0, 17, 90, 2826 }, // U+0428
    { 21, 22, 330, 0, 17, 116, 2916 }, // U+0429
    { 14, 17, 272, 2, 17, 60, 3032 }, // U+042A
    { 20, 17, 311, 0, 17, 85, 3092 }, // U+042B
    { 13, 17, 224, 0, 17, 56, 3177 }, // U+042C
    { 14, 18, 219, 0, 17, 63, 3233 }, // U+042D
    { 22, 18, 351, 0, 17, 99, 3296 }, // U+042E
    { 15, 17, 226, -1, 17, 64, 3395 }, // U+042F
    { 13, 14, 216, 0, 13, 46, 3459 }, // U+0430
    { 13, 19, 206, 1, 18, 62, 3505 }, // U+0431
    { 12, 14, 190, 0, 13, 42, 3567 }, // U+0432
    { 10, 14, 157, 0, 13, 35, 3609 }, // U+0433
    { 13, 19, 208, 0, 18, 62, 3644 }, // U+0434
    { 12, 14, 193, 0, 13, 42, 3706 }, // U+0435
    { 19, 13, 278, -1, 13, 62, 3748 }, // U+0436
    { 11, 14, 169, -1, 13, 39, 3810 }, // U+0437
    { 12, 14, 210, 1, 13, 42, 3849 }, // U+0438
    { 12, 20, 210, 1, 19, 60, 3891 }, // U+0439
    { 13, 13, 193, 0, 13, 43, 3951 }, // U+043A
    { 14, 14, 211, -1, 13, 49, 3994 }, // U+043B
    { 17, 14, 259, -1, 13, 60, 4043 }, // U+043C
    { 13, 13, 215, 0, 13, 43, 4103 }, // U+043D
    { 12, 14, 206, 0, 13, 42, 4146 }, // U+043E
    { 12, 13, 212, 0, 13, 39, 4188 }, // U+043F
    { 14, 19, 215, -1, 13, 67, 4227 }, // U+0440
    { 11, 14, 174, 0, 13, 39, 4294 }, // U+0441
    { 19, 13, 321, 0, 13, 62, 4333 }, // U+0442
    { 15, 19, 182, -2, 13, 72, 4395 }, // U+0443
    { 17, 24, 283, 0, 18, 102, 4467 }, // U+0444
    { 14, 13, 175, -2, 13, 46, 4569 }, // U+0445
    { 12, 18, 217, 1, 13, 54, 4615 }, // U+0446
    { 11, 13, 193, 1, 13, 36, 4669 }, // U+0447
    { 19, 14, 320, 1, 13, 67, 4705 }, // U+0448
    { 19, 18, 327, 1, 13, 86, 4772 }, // U+0449
    { 12, 14, 217, 1, 13, 42, 4858 }, // U+044A
    { 15, 14, 267, 1, 13, 53, 4900 }, // U+044B
    { 10, 14, 185, 1, 13, 35, 4953 }, // U+044C
    { 12, 14, 178, -1, 13, 42, 4988 }, // U+044D
    { 17, 14, 287, 0, 13, 60, 5030 }, // U+044E
    { 13, 14, 195, -1, 13, 46, 5090 }, // U+044F
    { 12, 20, 193, 0, 19, 60, 5136 }, // U+0450
    { 12, 19, 193, 0, 18, 57, 5196 }, // U+0451
    { 12, 24, 215, 1, 18, 72, 5253 }, // U+0452
    { 12, 20, 157, 0, 19, 60, 5325 }, // U+0453
    { 11, 14, 174, 0, 13, 39, 5385 }, // U+0454
    { 11, 14, 162, -1, 13, 39, 5424 }, // U+0455
    { 7, 18, 96, 0, 18, 32, 5463 }, // U+0456
    { 9, 18, 96, 0, 18, 41, 5495 }, // U+0457
    { 11, 24, 96, -4, 18, 66, 5536 }, // U+0458
    { 19, 14, 294, -1, 13, 67, 5602 }, // U+0459
    { 18, 14, 298, 0, 13, 63, 5669 }, // U+045A
    { 12, 18, 210, 1, 18, 54, 5732 }, // U+045B
    { 13, 19, 193, 0, 19, 62, 5786 }, // U+045C
    { 12, 20, 210, 1, 19, 60, 5848 }, // U+045D
    { 15, 25, 182, -2, 19, 94, 5908 }, // U+045E
    { 12, 18, 210, 1, 13, 54, 6002 }, // U+045F
    { 23, 19, 368, 2, 18, 110, 6056 }, // U+0460
    { 20, 14, 316, 1, 14, 70, 6166 }, // U+0461
    { 13, 18, 237, 1, 18, 59, 6236 }, // U+0462
    { 18, 14, 300, 0, 13, 63, 6295 }, // U+0463
    { 22, 20, 345, 1, 19, 110, 6358 }, // U+0464
    { 18, 15, 277, 0, 14, 68, 6468 }, // U+0465
    { 16, 18, 243, -2, 18, 72, 6536 }, // U+0466
    { 14, 14, 214, -2, 14, 49, 6608 }, // U+0467
    { 19, 18, 340, 1, 18, 86, 6657 }, // U+0468
    { 17, 14, 292, 0, 14, 60, 6743 }, // U+0469
    { 19, 18, 266, -1, 18, 86, 6803 }, // U+046A
    { 17, 14, 240, -2, 14, 60, 6889 }, // U+046B
    { 23, 18, 368, 1, 18, 104, 6949 }, // U+046C
    { 20, 14, 321, 0, 14, 70, 7053 }, // U+046D
    { 15, 28, 215, -1, 22, 105, 7123 }, // U+046E
    { 14, 22, 182, -2, 17, 77, 7228 }, // U+046F
    { 19, 18, 297, 2, 18, 86, 7305 }, // U+0470
    { 16, 25, 289, 1, 19, 100, 7391 }, // U+0471
    { 15, 18, 255, 1, 17, 68, 7491 }, // U+0472
    { 12, 14, 206, 0, 13, 42, 7559 }, // U+0473
    { 14, 17, 204, 2, 17, 60, 7601 }, // U+0474
    { 12, 13, 184, 1, 13, 39, 7661 }, // U+0475
    { 15, 24, 227, 2, 24, 90, 7700 }, // U+0476
    { 13, 20, 180, 1, 20, 65, 7790 }, // U+0477
    { 30, 25, 475, 1, 19, 188, 7855 }, // U+0478
    { 26, 20, 412, 1, 14, 130, 8043 }, // U+0479
    { 17, 22, 296, 1, 20, 94, 8173 }, // U+047A
    { 13, 17, 233, 1, 15, 56, 8267 }, // U+047B
    { 23, 27, 384, 1, 26, 156, 8323 }, // U+047C
    { 18, 23, 319, 1, 22, 104, 8479 }, // U+047D
    { 23, 24, 368, 2, 23, 138, 8583 }, // U+047E
    { 20, 18, 316, 1, 18, 90, 8721 }, // U+047F
    { 15, 25, 235, 1, 19, 94, 8811 }, // U+0480
    { 11, 20, 181, 1, 14, 55, 8905 }, // U+0481
    { 14, 17, 244, 1, 16, 60, 8960 }, // U+0482
    { 10, 4, 0, -10, 18, 10, 9020 }, // U+0483
    { 10, 4, 0, -10, 19, 10, 9030 }, // U+0484
    { 4, 5, 0, -7, 20, 5, 9040 }, // U+0485
    { 4, 5, 0, -7, 20, 5, 9045 }, // U+0486
    { 10, 4, 0, -2, 23, 10, 9050 }, // U+0487
    { 30, 27, 0, -15, 20, 203, 9060 }, // U+0488
    { 28, 28, 0, -14, 21, 196, 9263 }, // U+0489
    { 17, 29, 284, 1, 24, 124, 9459 }, // U+048A
    { 13, 24, 233, 1, 19, 78, 9583 }, // U+048B
    { 12, 18, 222, 1, 18, 54, 9661 }, // U+048C
    { 11, 20, 209, 1, 19, 55, 9715 }, // U+048D
    { 14, 18, 227, 1, 18, 63, 9770 }, // U+048E
    { 15, 20, 232, -1, 14, 75, 9833 }, // U+048F
    { 15, 21, 190, 0, 21, 79, 9908 }, // U+0490
    { 10, 18, 157, 0, 17, 45, 9987 }, // U+0491
    { 13, 17, 198, 1, 17, 56, 10032 }, // U+0492
    { 12, 14, 157, -1, 13, 42, 10088 }, // U+0493
    { 13, 25, 244, 1, 18, 82, 10130 }, // U+0494
    { 11, 21, 199, 0, 14, 58, 10212 }, // U+0495
    { 23, 22, 335, -1, 17, 127, 10270 }, // U+0496
    { 19, 18, 292, -1, 13, 86, 10397 }, // U+0497
    { 13, 22, 213, 0, 17, 72, 10483 }, // U+0498
    { 11, 18, 169, -1, 13, 50, 10555 }, // U+0499
    { 16, 22, 237, 0, 17, 88, 10605 }, // U+049A
    { 13, 18, 204, 0, 13, 59, 10693 }, // U+049B
    { 16, 18, 230, 1, 18, 72, 10752 }, // U+049C
    { 14, 14, 194, 0, 14, 49, 10824 }, // U+049D
    { 16, 18, 225, 1, 18, 72, 10873 }, // U+049E
    { 14, 19, 194, 0, 19, 67, 10945 }, // U+049F
    { 17, 17, 276, 2, 17, 73, 11012 }, // U+04A0
    { 15, 13, 239, 1, 13, 49, 11085 }, // U+04A1
    { 16, 22, 256, 0, 17, 88, 11134 }, // U+04A2
    { 13, 18, 221, 0, 13, 59, 11222 }, // U+04A3
    { 21, 18, 302, 1, 18, 95, 11281 }, // U+04A4
    { 19, 14, 276, 0, 14, 67, 11376 }, // U+04A5
    { 22, 25, 400, 1, 18, 138, 11443 }, // U+04A6
    { 19, 21, 329, 0, 14, 100, 11581 }, // U+04A7
    { 17, 21, 288, 1, 19, 90, 11681 }, // U+04A8
    { 13, 15, 240, 1, 14, 49, 11771 }, // U+04A9
    { 13, 22, 221, 1, 17, 72, 11820 }, // U+04AA
    { 11, 18, 174, 0, 13, 50, 11892 }, // U+04AB
    { 13, 23, 200, 2, 18, 75, 11942 }, // U+04AC
    { 21, 19, 356, 0, 14, 100, 12017 }, // U+04AD
    { 12, 17, 187, 2, 17, 51, 12117 }, // U+04AE
    { 12, 19, 182, 1, 13, 57, 12168 }, // U+04AF
    { 14, 17, 187, 0, 17, 60, 12225 }, // U+04B0
    { 13, 19, 182, 0, 13, 62, 12285 }, // U+04B1
    { 15, 22, 205, -1, 17, 83, 12347 }, // U+04B2
    { 14, 18, 170, -2, 13, 63, 12430 }, // U+04B3
    { 18, 23, 313, 2, 18, 104, 12493 }, // U+04B4
    { 15, 19, 264, 1, 14, 72, 12597 }, // U+04B5
    { 13, 22, 236, 2, 17, 72, 12669 }, // U+04B6
    { 11, 18, 200, 1, 13, 50, 12741 }, // U+04B7
    { 15, 18, 257, 2, 18, 68, 12791 }, // U+04B8
    { 13, 14, 224, 1, 14, 46, 12859 }, // U+04B9
    { 13, 17, 230, 0, 17, 56, 12905 }, // U+04BA
    { 12, 18, 209, 0, 18, 54, 12961 }, // U+04BB
    { 18, 20, 306, 1, 19, 90, 13015 }, // U+04BC
    { 15, 15, 240, 0, 14, 57, 13105 }, // U+04BD
    { 18, 24, 306, 1, 19, 108, 13162 }, // U+04BE
    { 15, 19, 240, 0, 14, 72, 13270 }, // U+04BF
    { 7, 17, 102, 0, 17, 30, 13342 }, // U+04C0
    { 23, 22, 326, -1, 22, 127, 13372 }, // U+04C1
    { 19, 19, 278, -1, 19, 91, 13499 }, // U+04C2
    { 16, 22, 228, 0, 17, 88, 13590 }, // U+04C3
    { 13, 19, 197, 0, 13, 62, 13678 }, // U+04C4
    { 18, 23, 264, -1, 18, 104, 13740 }, // U+04C5
    { 15, 19, 219, -2, 14, 72, 13844 }, // U+04C6
    { 16, 22, 250, 0, 17, 88, 13916 }, // U+04C7
    { 13, 19, 215, 0, 13, 62, 14004 }, // U+04C8
    { 17, 23, 277, 1, 18, 98, 14066 }, // U+04C9
    { 15, 19, 242, 0, 14, 72, 14164 }, // U+04CA
    { 15, 23, 257, 2, 18, 87, 14236 }, // U+04CB
    { 12, 19, 232, 2, 14, 57, 14323 }, // U+04CC
    { 21, 23, 340, 1, 18, 121, 14380 }, // U+04CD
    { 17, 19, 281, 0, 14, 81, 14501 }, // U+04CE
    { 6, 19, 101, 1, 18, 29, 14582 }, // U+04CF
    { 16, 22, 206, -2, 22, 88, 14611 }, // U+04D0
    { 13, 20, 216, 0, 19, 65, 14699 }, // U+04D1
    { 16, 23, 225, -2, 23, 92, 14764 }, // U+04D2
    { 13, 20, 227, 1, 19, 65, 14856 }, // U+04D3
    { 22, 17, 323, -1, 17, 94, 14921 }, // U+04D4
    { 19, 14, 304, 0, 13, 67, 15015 }, // U+04D5
    { 14, 22, 202, 0, 22, 77, 15082 }, // U+04D6
    { 13, 20, 193, 0, 19, 65, 15159 }, // U+04D7
    { 15, 18, 256, 1, 17, 68, 15224 }, // U+04D8
    { 12, 14, 192, 0, 13, 42, 15292 }, // U+04D9
    { 15, 24, 264, 1, 23, 90, 15334 }, // U+04DA
    { 12, 20, 197, 0, 19, 60, 15424 }, // U+04DB
    { 25, 23, 321, -2, 23, 144, 15484 }, // U+04DC
    { 24, 20, 351, -1, 19, 120, 15628 }, // U+04DD
    { 14, 24, 209, -1, 23, 84, 15748 }, // U+04DE
    { 11, 20, 178, 0, 19, 55, 15832 }, // U+04DF
    { 14, 19, 212, 0, 18, 67, 15887 }, // U+04E0
    { 14, 20, 186, -2, 14, 70, 15954 }, // U+04E1
    { 16, 20, 254, 0, 20, 80, 16024 }, // U+04E2
    { 12, 18, 210, 1, 17, 54, 16104 }, // U+04E3
    { 18, 23, 275, 0, 23, 104, 16158 }, // U+04E4
    { 13, 20, 232, 1, 19, 65, 16262 }, // U+04E5
    { 15, 22, 255, 1, 21, 83, 16327 }, // U+04E6
    { 13, 19, 206, 0, 18, 62, 16410 }, // U+04E7
    { 15, 18, 255, 1, 17, 68, 16472 }, // U+04E8
    { 12, 14, 206, 0, 13, 42, 16540 }, // U+04E9
    { 17, 24, 288, 1, 23, 102, 16582 }, // U+04EA
    { 12, 20, 225, 1, 19, 60, 16684 }, // U+04EB
    { 15, 24, 234, 0, 23, 90, 16744 }, // U+04EC
    { 11, 20, 190, 0, 19, 55, 16834 }, // U+04ED
    { 15, 21, 195, 0, 20, 79, 16889 }, // U+04EE
    { 15, 23, 182, -2, 17, 87, 16968 }, // U+04EF
    { 17, 24, 225, 0, 23, 102, 17055 }, // U+04F0
    { 16, 25, 187, -3, 19, 100, 17157 }, // U+04F1
    { 16, 23, 195, 0, 22, 92, 17257 }, // U+04F2
    { 16, 25, 182, -2, 19, 100, 17349 }, // U+04F3
    { 14, 23, 249, 2, 23, 81, 17449 }, // U+04F4
    { 13, 19, 222, 1, 19, 62, 17530 }, // U+04F5
    { 14, 22, 190, 0, 17, 77, 17592 }, // U+04F6
    { 10, 18, 157, 0, 13, 45, 17669 }, // U+04F7
    { 20, 23, 317, 0, 23, 115, 17714 }, // U+04F8
    { 17, 20, 293, 1, 19, 85, 17829 }, // U+04F9
    { 14, 23, 190, 0, 18, 81, 17914 }, // U+04FA
    { 12, 19, 156, -1, 14, 57, 17995 }, // U+04FB
    { 18, 23, 210, -2, 18, 104, 18052 }, // U+04FC
    { 14, 19, 192, -1, 14, 67, 18156 }, // U+04FD
    { 18, 18, 211, -2, 18, 81, 18223 }, // U+04FE
    { 14, 14, 193, -1, 14, 49, 18304 }, // U+04FF
    { 14, 23, 206, -2, 17, 81, 0 }, // U+1EA0
    { 13, 19, 216, 0, 13, 62, 81 }, // U+1EA1
    { 14, 23, 206, -2, 23, 81, 143 }, // U+1EA2
    { 13, 21, 216, 0, 20, 69, 224 }, // U+1EA3
    { 18, 23, 206, -2, 23, 104, 293 }, // U+1EA4
    { 16, 21, 216, 0, 20, 84, 397 }, // U+1EA5
    { 15, 23, 206, -2, 23, 87, 481 }, // U+1EA6
    { 13, 21, 216, 0, 20, 69, 568 }, // U+1EA7
    { 17, 24, 206, -2, 24, 102, 637 }, // U+1EA8
    { 15, 22, 216, 0, 21, 83, 739 }, // U+1EA9
    { 16, 24, 206, -2, 24, 96, 822 }, // U+1EAA
    { 13, 22, 216, 0, 21, 72, 918 }, // U+1EAB
    { 16, 28, 206, -2, 22, 112, 990 }, // U+1EAC
    { 13, 25, 216, 0, 19, 82, 1102 }, // U+1EAD
    { 16, 24, 206, -2, 24, 96, 1184 }, // U+1EAE
    { 14, 22, 216, 0, 21, 77, 1280 }, // U+1EAF
    { 16, 24, 206, -2, 24, 96, 1357 }, // U+1EB0
    { 14, 22, 216, 0, 21, 77, 1453 }, // U+1EB1
    { 16, 24, 206, -2, 24, 96, 1530 }, // U+1EB2
    { 14, 23, 216, 0, 22, 81, 1626 }, // U+1EB3
    { 16, 24, 206, -2, 24, 96, 1707 }, // U+1EB4
    { 14, 22, 216, 0, 21, 77, 1803 }, // U+1EB5
    { 16, 28, 206, -2, 22, 112, 1880 }, // U+1EB6
    { 13, 25, 216, 0, 19, 82, 1992 }, // U+1EB7
    { 14, 23, 202, 0, 17, 81, 2074 }, // U+1EB8
    { 12, 19, 193, 0, 13, 57, 2155 }, // U+1EB9
    { 14, 23, 202, 0, 23, 81, 2212 }, // U+1EBA
    { 12, 21, 193, 0, 20, 63, 2293 }, // U+1EBB
    { 15, 22, 202, 0, 22, 83, 2356 }, // U+1EBC
    { 13, 20, 193, 0, 19, 65, 2439 }, // U+1EBD
    { 17, 23, 202, 0, 23, 98, 2504 }, // U+1EBE
    { 16, 21, 193, 0, 20, 84, 2602 }, // U+1EBF
    { 14, 23, 202, 0, 23, 81, 2686 }, // U+1EC0
    { 12, 21, 193, 0, 20, 63, 2767 }, // U+1EC1
    { 16, 24, 202, 0, 24, 96, 2830 }, // U+1EC2
    { 14, 22, 193, 0, 21, 77, 2926 }, // U+1EC3
    { 14, 24, 202, 0, 24, 84, 3003 }, // U+1EC4
    { 13, 22, 193, 0, 21, 72, 3087 }, // U+1EC5
    { 14, 28, 202, 0, 22, 98, 3159 }, // U+1EC6
    { 12, 25, 193, 0, 19, 75, 3257 }, // U+1EC7
    { 8, 23, 102, 0, 23, 46, 3332 }, // U+1EC8
    { 7, 20, 96, 0, 20, 35, 3378 }, // U+1EC9
    { 8, 23, 102, -1, 17, 46, 3413 }, // U+1ECA
    { 8, 24, 96, -1, 18, 48, 3459 }, // U+1ECB
    { 15, 23, 255, 1, 17, 87, 3507 }, // U+1ECC
    { 12, 19, 206, 0, 13, 57, 3594 }, // U+1ECD
    { 15, 24, 255, 1, 23, 90, 3651 }, // U+1ECE
    { 12, 21, 206, 0, 20, 63, 3741 }, // U+1ECF
    { 17, 24, 255, 1, 23, 102, 3804 }, // U+1ED0
    { 16, 21, 206, 0, 20, 84, 3906 }, // U+1ED1
    { 15, 24, 255, 1, 23, 90, 3990 }, // U+1ED2
    { 13, 21, 206, 0, 20, 69, 4080 }, // U+1ED3
    { 16, 25, 255, 1, 24, 100, 4149 }, // U+1ED4
    { 15, 22, 206, 0, 21, 83, 4249 }, // U+1ED5
    { 15, 25, 255, 1, 24, 94, 4332 }, // U+1ED6
    { 13, 22, 206, 0, 21, 72, 4426 }, // U+1ED7
    { 15, 28, 255, 1, 22, 105, 4498 }, // U+1ED8
    { 13, 25, 206, 0, 19, 82, 4603 }, // U+1ED9
    { 16, 23, 255, 1, 22, 92, 4685 }, // U+1EDA
    { 14, 20, 208, 0, 19, 70, 4777 }, // U+1EDB
    { 16, 23, 255, 1, 22, 92, 4847 }, // U+1EDC
    { 14, 20, 208, 0, 19, 70, 4939 }, // U+1EDD
    { 16, 24, 255, 1, 23, 96, 5009 }, // U+1EDE
    { 14, 21, 208, 0, 20, 74, 5105 }, // U+1EDF
    { 16, 23, 255, 1, 22, 92, 5179 }, // U+1EE0
    { 14, 20, 208, 0, 19, 70, 5271 }, // U+1EE1
    { 16, 26, 255, 1, 20, 104, 5341 }, // U+1EE2
    { 14, 23, 208, 0, 17, 81, 5445 }, // U+1EE3
    { 15, 23, 248, 1, 17, 87, 5526 }, // U+1EE4
    { 12, 19, 210, 1, 13, 57, 5613 }, // U+1EE5
    { 15, 24, 248, 1, 23, 90, 5670 }, // U+1EE6
    { 12, 21, 210, 1, 20, 63, 5760 }, // U+1EE7
    { 18, 23, 254, 1, 22, 104, 5823 }, // U+1EE8
    { 15, 20, 218, 1, 19, 75, 5927 }, // U+1EE9
    { 18, 23, 254, 1, 22, 104, 6002 }, // U+1EEA
    { 15, 20, 218, 1, 19, 75, 6106 }, // U+1EEB
    { 18, 24, 254, 1, 23, 108, 6181 }, // U+1EEC
    { 15, 21, 218, 1, 20, 79, 6289 }, // U+1EED
    { 18, 23, 254, 1, 22, 104, 6368 }, // U+1EEE
    { 15, 20, 218, 1, 19, 75, 6472 }, // U+1EEF
    { 18, 27, 254, 1, 21, 122, 6547 }, // U+1EF0
    { 15, 23, 218, 1, 17, 87, 6669 }, // U+1EF1
    { 12, 22, 187, 2, 22, 66, 6756 }, // U+1EF2
    { 15, 25, 182, -2, 19, 94, 6822 }, // U+1EF3
    { 12, 23, 187, 2, 17, 69, 6916 }, // U+1EF4
    { 15, 19, 182, -2, 13, 72, 6985 }, // U+1EF5
    { 12, 23, 187, 2, 23, 69, 7057 }, // U+1EF6
    { 15, 26, 182, -2, 20, 98, 7126 }, // U+1EF7
    { 12, 22, 187, 2, 22, 66, 7224 }, // U+1EF8
    { 15, 25, 182, -2, 19, 94, 7290 }, // U+1EF9
    { 0, 0, 200, 0, 0, 0, 0 }, // U+2000
    { 0, 0, 400, 0, 0, 0, 0 }, // U+2001
    { 0, 0, 200, 0, 0, 0, 0 }, // U+2002
    { 0, 0, 400, 0, 0, 0, 0 }, // U+2003
    { 0, 0, 133, 0, 0, 0, 0 }, // U+2004
    { 0, 0, 100, 0, 0, 0, 0 }, // U+2005
    { 0, 0, 67, 0, 0, 0, 0 }, // U+2006
    { 0, 0, 193, 0, 0, 0, 0 }, // U+2007
    { 0, 0, 102, 0, 0, 0, 0 }, // U+2008
    { 0, 0, 40, 0, 0, 0, 0 }, // U+2009
    { 0, 0, 8, 0, 0, 0, 0 }, // U+200A
    { 0, 0, 0, 0, 0, 0, 0 }, // U+200B
    { 0, 0, 0, 0, 0, 0, 0 }, // U+200C
    { 0, 0, 0, 0, 0, 0, 0 }, // U+200D
    { 7, 22, 0, -1, 18, 39, 0 }, // U+200E
    { 7, 22, 0, -6, 18, 39, 39 }, // U+200F
    { 7, 3, 121, 0, 8, 6, 78 }, // U+2010
    { 7, 3, 121, 0, 8, 6, 84 }, // U+2011
    { 12, 3, 193, 0, 8, 9, 90 }, // U+2012
    { 11, 3, 185, 0, 8, 9, 99 }, // U+2013
    { 19, 3, 308, 0, 8, 15, 108 }, // U+2014
    { 19, 3, 308, 0, 8, 15, 123 }, // U+2015
    { 6, 26, 155, 2, 19, 39, 138 }, // U+2016
    { 13, 6, 193, -2, -1, 20, 177 }, // U+2017
    { 5, 8, 99, 2, 18, 10, 197 }, // U+2018
    { 5, 8, 99, 2, 18, 10, 207 }, // U+2019
    { 5, 8, 99, -1, 3, 10, 217 }, // U+201A
    { 5, 8, 99, 2, 18, 10, 227 }, // U+201B
    { 9, 8, 168, 2, 18, 18, 237 }, // U+201C
    { 9, 8, 168, 2, 18, 18, 255 }, // U+201D
    { 9, 8, 168, -1, 3, 18, 273 }, // U+201E
    { 8, 7, 143, 2, 18, 14, 291 }, // U+201F
    { 10, 20, 177, 2, 18, 50, 305 }, // U+2020
    { 12, 20, 177, 0, 18, 60, 355 }, // U+2021
    { 6, 7, 120, 1, 10, 11, 415 }, // U+2022
    { 7, 7, 120, 1, 10, 13, 426 }, // U+2023
    { 4, 5, 200, 3, 4, 5, 439 }, // U+2024
    { 10, 5, 203, 0, 4, 13, 444 }, // U+2025
    { 20, 4, 384, 2, 3, 20, 457 }, // U+2026
    { 4, 5, 102, 1, 9, 5, 477 }, // U+2027
    { 0, 0, 240, 0, 0, 0, 482 }, // U+2028
    { 0, 0, 240, 0, 0, 0, 482 }, // U+2029
    { 7, 20, 0, -1, 16, 35, 482 }, // U+202A
    { 7, 20, 0, -6, 16, 35, 517 }, // U+202B
    { 6, 22, 0, -3, 18, 33, 552 }, // U+202C
    { 6, 22, 0, -3, 18, 33, 585 }, // U+202D
    { 6, 22, 0, -3, 18, 33, 618 }, // U+202E
    { 0, 0, 48, 0, 0, 0, 651 }, // U+202F
    { 27, 19, 461, 1, 18, 129, 651 }, // U+2030
    { 36, 19, 603, 1, 18, 171, 780 }, // U+2031
    { 5, 7, 99, 2, 18, 9, 951 }, // U+2032
    { 10, 7, 168, 2, 18, 18, 960 }, // U+2033
    { 15, 7, 223, 1, 18, 27, 978 }, // U+2034
    { 3, 8, 99, 2, 18, 6, 1005 }, // U+2035
    { 8, 7, 170, 3, 18, 14, 1011 }, // U+2036
    { 12, 7, 231, 3, 18, 21, 1025 }, // U+2037
    { 10, 9, 160, -3, 3, 23, 1046 }, // U+2038
    { 5, 10, 102, 1, 11, 13, 1069 }, // U+2039
    { 6, 10, 102, 0, 11, 15, 1082 }, // U+203A
    { 19, 20, 335, 1, 19, 95, 1097 }, // U+203B
    { 13, 18, 218, 1, 17, 59, 1192 }, // U+203C
    { 9, 19, 168, 2, 18, 43, 1251 }, // U+203D
    { 13, 3, 193, 1, 16, 10, 1294 }, // U+203E
    { 14, 5, 217, -1, -1, 18, 1304 }, // U+203F
    { 13, 6, 217, 2, 20, 20, 1322 }, // U+2040
    { 12, 17, 136, -3, 11, 51, 1342 }, // U+2041
    { 27, 24, 447, 0, 20, 162, 1393 }, // U+2042
    { 7, 3, 114, 0, 8, 6, 1555 }, // U+2043
    { 15, 18, 34, -6, 17, 68, 1561 }, // U+2044
    { 11, 22, 116, -1, 18, 61, 1629 }, // U+2045
    { 10, 22, 116, -2, 18, 55, 1690 }, // U+2046
    { 19, 19, 322, 2, 18, 91, 1745 }, // U+2047
    { 15, 19, 272, 2, 18, 72, 1836 }, // U+2048
    { 16, 19, 268, 1, 18, 76, 1908 }, // U+2049
    { 11, 18, 166, 0, 13, 50, 1984 }, // U+204A
    { 13, 23, 240, 2, 19, 75, 2034 }, // U+204B
    { 13, 14, 256, 1, 14, 46, 2109 }, // U+204C
    { 13, 14, 256, 2, 14, 46, 2155 }, // U+204D
    { 13, 13, 220, -1, 7, 43, 2201 }, // U+204E
    { 6, 18, 102, 0, 14, 27, 2244 }, // U+204F
    { 17, 26, 217, -2, 20, 111, 2271 }, // U+2050
    { 15, 26, 220, 0, 20, 98, 2382 }, // U+2051
    { 10, 20, 149, 0, 19, 50, 2480 }, // U+2052
    { 22, 5, 400, 2, 10, 28, 2530 }, // U+2053
    { 14, 6, 217, -3, 0, 21, 2558 }, // U+2054
    { 14, 14, 229, 0, 13, 49, 2579 }, // U+2055
    { 11, 20, 207, 1, 19, 55, 2628 }, // U+2056
    { 19, 7, 290, 1, 18, 34, 2683 }, // U+2057
    { 19, 20, 329, 1, 19, 95, 2717 }, // U+2058
    { 19, 20, 332, 1, 19, 95, 2812 }, // U+2059
    { 4, 20, 88, 1, 19, 20, 2907 }, // U+205A
    { 15, 20, 262, 1, 19, 75, 2927 }, // U+205B
    { 19, 20, 318, 0, 19, 95, 3002 }, // U+205C
    { 4, 19, 107, 1, 18, 19, 3097 }, // U+205D
    { 4, 20, 107, 2, 19, 20, 3116 }, // U+205E
    { 0, 0, 89, 0, 0, 0, 3136 }, // U+205F
    { 0, 0, 240, 0, 0, 0, 3136 }, // U+2060
    { 0, 0, 240, 0, 0, 0, 3136 }, // U+2061
    { 0, 0, 240, 0, 0, 0, 3136 }, // U+2062
    { 0, 0, 240, 0, 0, 0, 3136 }, // U+2063
    { 0, 0, 240, 0, 0, 0, 3136 }, // U+2064
    { 0, 0, 240, 0, 0, 0, 3136 }, // U+2066
    { 0, 0, 240, 0, 0, 0, 3136 }, // U+2067
    { 0, 0, 240, 0, 0, 0, 3136 }, // U+2068
    { 0, 0, 240, 0, 0, 0, 3136 }, // U+2069
    { 6, 22, 0, -3, 18, 33, 3136 }, // U+206A
    { 6, 22, 0, -3, 18, 33, 3169 }, // U+206B
    { 6, 22, 0, -3, 18, 33, 3202 }, // U+206C
    { 6, 22, 0, -3, 18, 33, 3235 }, // U+206D
    { 6, 22, 0, -3, 18, 33, 3268 }, // U+206E
    { 6, 22, 0, -3, 18, 33, 3301 }, // U+206F
    { 8, 12, 144, 2, 21, 24, 0 }, // U+2070
    { 4, 13, 66, 2, 22, 13, 24 }, // U+2071
    { 8, 10, 142, 2, 20, 20, 37 }, // U+2074
    { 9, 11, 141, 1, 20, 25, 57 }, // U+2075
    { 8, 12, 142, 2, 21, 24, 82 }, // U+2076
    { 8, 10, 142, 3, 20, 20, 106 }, // U+2077
    { 8, 12, 142, 2, 21, 24, 126 }, // U+2078
    { 8, 12, 142, 2, 21, 24, 150 }, // U+2079
    { 8, 9, 142, 2, 19, 18, 174 }, // U+207A
    { 8, 3, 142, 2, 16, 6, 192 }, // U+207B
    { 8, 7, 142, 2, 18, 14, 198 }, // U+207C
    { 6, 15, 92, 2, 22, 23, 212 }, // U+207D
    { 6, 15, 92, 1, 22, 23, 235 }, // U+207E
    { 8, 10, 143, 2, 19, 20, 258 }, // U+207F
    { 9, 12, 144, -1, 7, 27, 278 }, // U+2080
    { 5, 10, 144, 1, 6, 13, 305 }, // U+2081
    { 8, 11, 142, -1, 7, 22, 318 }, // U+2082
    { 8, 12, 141, -1, 7, 24, 340 }, // U+2083
    { 8, 10, 142, -1, 6, 20, 364 }, // U+2084
    { 9, 11, 141, -1, 6, 25, 384 }, // U+2085
    { 9, 12, 142, -1, 7, 27, 409 }, // U+2086
    { 8, 10, 142, 0, 6, 20, 436 }, // U+2087
    { 8, 12, 142, -1, 7, 24, 456 }, // U+2088
    { 8, 12, 142, -1, 7, 24, 480 }, // U+2089
    { 8, 9, 142, -1, 5, 18, 504 }, // U+208A
    { 8, 3, 142, -1, 2, 6, 522 }, // U+208B
    { 8, 7, 142, -1, 4, 14, 528 }, // U+208C
    { 5, 15, 92, 0, 8, 19, 542 }, // U+208D
    { 6, 15, 92, -2, 8, 23, 561 }, // U+208E
    { 9, 9, 148, -1, 6, 21, 584 }, // U+2090
    { 8, 9, 130, -1, 6, 18, 605 }, // U+2091
    { 9, 9, 146, -1, 6, 21, 623 }, // U+2092
    { 9, 9, 126, -2, 6, 21, 644 }, // U+2093
    { 7, 9, 130, -1, 6, 16, 665 }, // U+2094
    { 9, 12, 174, 0, 9, 27, 681 }, // U+2095
    { 9, 12, 140, 0, 9, 27, 708 }, // U+2096
    { 5, 12, 94, 0, 9, 15, 735 }, // U+2097
    { 14, 9, 252, 0, 6, 32, 750 }, // U+2098
    { 9, 9, 150, -1, 6, 21, 782 }, // U+2099
    { 10, 12, 150, -2, 6, 30, 803 }, // U+209A
    { 7, 9, 123, -1, 6, 16, 833 }, // U+209B
    { 6, 11, 86, -1, 8, 17, 849 }, // U+209C
    { 14, 19, 220, 1, 19, 67, 0 }, // U+20A0
    { 12, 22, 193, 1, 19, 66, 67 }, // U+20A1
    { 14, 20, 220, 1, 19, 70, 133 }, // U+20A2
    { 14, 16, 193, 0, 16, 56, 203 }, // U+20A3
    { 13, 17, 193, 0, 17, 56, 259 }, // U+20A4
    { 21, 20, 350, 0, 17, 105, 315 }, // U+20A5
    { 13, 16, 193, 0, 16, 52, 420 }, // U+20A6
    { 13, 16, 193, 0, 16, 52, 472 }, // U+20A7
    { 21, 19, 321, 0, 18, 100, 524 }, // U+20A8
    { 15, 16, 193, -1, 16, 60, 624 }, // U+20A9
    { 21, 18, 320, 0, 18, 95, 684 }, // U+20AA
    { 14, 17, 193, 0, 17, 60, 779 }, // U+20AB
    { 14, 18, 193, 0, 17, 63, 839 }, // U+20AC
    { 17, 18, 225, 0, 18, 77, 902 }, // U+20AD
    { 14, 16, 193, 0, 16, 56, 979 }, // U+20AE
    { 24, 25, 388, 0, 19, 150, 1035 }, // U+20AF
    { 16, 25, 220, -2, 19, 100, 1185 }, // U+20B0
    { 14, 16, 193, 0, 16, 56, 1285 }, // U+20B1
    { 12, 22, 193, 1, 19, 66, 1341 }, // U+20B2
    { 17, 18, 225, -2, 18, 77, 1407 }, // U+20B3
    { 13, 18, 193, 0, 17, 59, 1484 }, // U+20B4
    { 12, 22, 193, 1, 19, 66, 1543 }, // U+20B5
    { 16, 18, 228, 0, 17, 72, 1609 }, // U+20B6
    { 18, 21, 263, -1, 19, 95, 1681 }, // U+20B7
    { 13, 16, 193, 1, 16, 52, 1776 }, // U+20B8
    { 12, 17, 193, 1, 17, 51, 1828 }, // U+20B9
    { 12, 17, 193, 0, 16, 51, 1879 }, // U+20BA
    { 16, 20, 268, 1, 19, 80, 1930 }, // U+20BB
    { 19, 18, 297, -1, 18, 86, 2010 }, // U+20BC
    { 13, 16, 193, 0, 16, 52, 2096 }, // U+20BD
    { 17, 21, 235, -1, 21, 90, 2148 }, // U+20BE
    { 13, 24, 220, 1, 21, 78, 2238 }, // U+20BF
    { 15, 14, 237, 0, 13, 53, 0 }, // U+2190
    { 15, 15, 237, 0, 14, 57, 53 }, // U+2191
    { 15, 14, 237, 0, 13, 53, 110 }, // U+2192
    { 15, 15, 237, 0, 14, 57, 163 }, // U+2193
    { 17, 12, 239, -1, 12, 51, 220 }, // U+2194
    { 11, 16, 239, 2, 14, 44, 271 }, // U+2195
    { 11, 12, 239, 2, 12, 33, 315 }, // U+2196
    { 12, 12, 239, 1, 12, 36, 348 }, // U+2197
    { 11, 11, 239, 2, 12, 31, 384 }, // U+2198
    { 11, 11, 239, 2, 12, 31, 415 }, // U+2199
    { 13, 18, 239, 1, 14, 59, 446 }, // U+21A8
    { 15, 14, 239, 0, 13, 53, 505 }, // U+21D0
    { 15, 15, 239, 0, 14, 57, 558 }, // U+21D1
    { 15, 14, 239, 0, 13, 53, 615 }, // U+21D2
    { 15, 15, 239, 0, 14, 57, 668 }, // U+21D3
    { 20, 20, 320, 0, 18, 100, 725 }, // U+21E7
    { 14, 17, 206, 1, 17, 60, 0 }, // U+2200
    { 13, 18, 210, 0, 17, 59, 60 }, // U+2202
    { 14, 17, 202, -1, 17, 60, 119 }, // U+2203
    { 14, 17, 212, -1, 17, 60, 179 }, // U+2206
    { 13, 19, 260, 2, 16, 62, 239 }, // U+220F
    { 13, 19, 196, 0, 16, 62, 301 }, // U+2211
    { 11, 3, 193, 1, 10, 9, 363 }, // U+2212
    { 15, 18, 34, -6, 17, 68, 372 }, // U+2215
    { 4, 4, 193, 4, 10, 4, 440 }, // U+2219
    { 16, 24, 216, 1, 21, 96, 444 }, // U+221A
    { 18, 10, 302, 0, 13, 45, 540 }, // U+221E
    { 12, 12, 193, 0, 14, 36, 585 }, // U+221F
    { 11, 13, 193, 1, 15, 36, 621 }, // U+2229
    { 12, 24, 139, -1, 20, 72, 657 }, // U+222B
    { 5, 13, 99, 1, 14, 17, 729 }, // U+2236
    { 13, 13, 215, 1, 14, 43, 746 }, // U+2237
    { 11, 11, 193, 1, 14, 31, 789 }, // U+2248
    { 11, 14, 193, 1, 15, 39, 820 }, // U+2260
    { 11, 13, 193, 1, 15, 36, 859 }, // U+2261
    { 11, 14, 193, 1, 14, 39, 895 }, // U+2264
    { 11, 14, 193, 1, 14, 39, 934 }, // U+2265
    { 11, 12, 240, 2, 14, 33, 0 }, // U+25A0
    { 13, 12, 240, 1, 14, 39, 33 }, // U+25A1
    { 15, 15, 240, 0, 16, 57, 72 }, // U+25C6
    { 24, 25, 418, 1, 22, 150, 129 }, // U+25C7
    { 13, 13, 240, 1, 15, 43, 279 }, // U+25CB
    { 13, 12, 240, 1, 14, 39, 322 }, // U+25CF
    { 22, 22, 415, 2, 21, 121, 361 }, // U+2605
    { 22, 22, 415, 2, 21, 121, 482 }, // U+2606
    { 23, 20, 406, 1, 19, 115, 603 }, // U+2661
    { 15, 19, 240, 0, 18, 72, 718 }, // U+2665
    { 18, 19, 218, -1, 18, 86, 790 }, // U+2713
    { 16, 19, 216, -1, 18, 76, 876 }, // U+2717
    { 16, 19, 224, 1, 19, 76, 0 }, // U+FB00
    { 13, 19, 211, 1, 19, 62, 76 }, // U+FB01
    { 13, 20, 216, 1, 19, 65, 138 }, // U+FB02
    { 20, 19, 320, 1, 19, 95, 203 }, // U+FB03
    { 20, 20, 324, 1, 19, 100, 298 }, // U+FB04
    { 21, 26, 246, -4, 20, 137, 398 }, // U+FB05
    { 20, 21, 306, 0, 20, 105, 535 }, // U+FB06
    { 23, 23, 400, 1, 19, 133, 0 }, // U+FFFD
};

static const EpdUnicodeInterval sourcesans_12_italicIntervals[] = {
    { 0x0, 0x0, 0x0 },
    { 0xD, 0xD, 0x1 },
    { 0x20, 0x7E, 0x2 },
    { 0xA0, 0x17F, 0x61 },
    { 0x1A0, 0x1A1, 0x141 },
    { 0x1AF, 0x1B0, 0x143 },
    { 0x1C4, 0x21F, 0x145 },
    { 0x250, 0x2E9, 0x1A1 },
    { 0x300, 0x36F, 0x23B },
    { 0x3B2, 0x3B2, 0x2AB },
    { 0x3B8, 0x3B8, 0x2AC },
    { 0x3C7, 0x3C7, 0x2AD },
    { 0x400, 0x4FF, 0x2AE },
    { 0x1EA0, 0x1EF9, 0x3AE },
    { 0x2000, 0x2064, 0x408 },
    { 0x2066, 0x2071, 0x46D },
    { 0x2074, 0x208E, 0x479 },
    { 0x2090, 0x209C, 0x494 },
    { 0x20A0, 0x20BF, 0x4A1 },
    { 0x2190, 0x2199, 0x4C1 },
    { 0x21A8, 0x21A8, 0x4CB },
    { 0x21D0, 0x21D3, 0x4CC },
    { 0x21E7, 0x21E7, 0x4D0 },
    { 0x2200, 0x2200, 0x4D1 },
    { 0x2202, 0x2203, 0x4D2 },
    { 0x2206, 0x2206, 0x4D4 },
    { 0x220F, 0x220F, 0x4D5 },
    { 0x2211, 0x2212, 0x4D6 },
    { 0x2215, 0x2215, 0x4D8 },
    { 0x2219, 0x221A, 0x4D9 },
    { 0x221E, 0x221F, 0x4DB },
    { 0x2229, 0x2229, 0x4DD },
    { 0x222B, 0x222B, 0x4DE },
    { 0x2236, 0x2237, 0x4DF },
    { 0x2248, 0x2248, 0x4E1 },
    { 0x2260, 0x2261, 0x4E2 },
    { 0x2264, 0x2265, 0x4E4 },
    { 0x25A0, 0x25A1, 0x4E6 },
    { 0x25C6, 0x25C7, 0x4E8 },
    { 0x25CB, 0x25CB, 0x4EA },
    { 0x25CF, 0x25CF, 0x4EB },
    { 0x2605, 0x2606, 0x4EC },
    { 0x2661, 0x2661, 0x4EE },
    { 0x2665, 0x2665, 0x4EF },
    { 0x2713, 0x2713, 0x4F0 },
    { 0x2717, 0x2717, 0x4F1 },
    { 0xFB00, 0xFB06, 0x4F2 },
    { 0xFFFD, 0xFFFD, 0x4F9 },
};

static const EpdFontGroup sourcesans_12_italicGroups[] = {
    { 0, 2562, 5088, 97, 0 },
    { 2562, 2321, 6111, 96, 97 },
    { 4883, 3173, 9847, 128, 193 },
    { 8056, 3308, 8911, 96, 321 },
    { 11364, 3686, 7481, 154, 417 },
    { 15050, 992, 1528, 112, 571 },
    { 16042, 169, 248, 3, 683 },
    { 16211, 8361, 20069, 256, 686 },
    { 24572, 1628, 7982, 90, 942 },
    { 26200, 1654, 3765, 111, 1032 },
    { 27854, 665, 1009, 42, 1143 },
    { 28519, 1501, 2568, 32, 1185 },
    { 30020, 492, 882, 16, 1217 },
    { 30512, 533, 1082, 21, 1233 },
    { 31045, 489, 1025, 12, 1254 },
    { 31534, 341, 688, 7, 1266 },
    { 31875, 90, 138, 1, 1273 },
};

static const uint16_t sourcesans_12_italicKernLeftCodepoints[] = {
    0x0022, 0x0024, 0x0027, 0x0028, 0x002C, 0x002D, 0x002E, 0x002F, 0x0030, 0x0031, 0x0032, 0x0033,
    0x0034, 0x0035, 0x0036, 0x0037, 0x0038, 0x0039, 0x003A, 0x003B, 0x0041, 0x0042, 0x0043, 0x0044,
    0x0045, 0x0046, 0x0047, 0x004A, 0x004B, 0x004C, 0x004F, 0x0050, 0x0051, 0x0052, 0x0053, 0x0054,
    0x0055, 0x0056, 0x0057, 0x0058, 0x0059, 0x005A, 0x005B, 0x005C, 0x0061, 0x0062, 0x0063, 0x0065,
    0x0066, 0x0067, 0x0068, 0x006B, 0x006D, 0x006E, 0x006F, 0x0070, 0x0071, 0x0072, 0x0073, 0x0074,
    0x0075, 0x0076, 0x0077, 0x0078, 0x0079, 0x007A, 0x007B, 0x00C0, 0x00C1, 0x00C2, 0x00C3, 0x00C4,
    0x00C5, 0x00C7, 0x00C8, 0x00C9, 0x00CA, 0x00CB, 0x00D2, 0x00D3, 0x00D4, 0x00D5, 0x00D6, 0x00D9,
    0x00DA, 0x00DB, 0x00DC, 0x00DD, 0x00E0, 0x00E1, 0x00E2, 0x00E3, 0x00E4, 0x00E5, 0x00E7, 0x00E8,
    0x00E9, 0x00EA, 0x00EB, 0x00F1, 0x00F2, 0x00F3, 0x00F4, 0x00F5, 0x00F6, 0x00F9, 0x00FA, 0x00FB,
    0x00FC, 0x00FD, 0x00FF, 0x0100, 0x0101, 0x0102, 0x0103, 0x0104, 0x0105, 0x0106, 0x0107, 0x0108,
    0x0109, 0x010A, 0x010B, 0x010C, 0x010D, 0x010E, 0x0110, 0x0112, 0x0113, 0x0114, 0x0115, 0x0116,
    0x0117, 0x0118, 0x0119, 0x011A, 0x011B, 0x011C, 0x011D, 0x011E, 0x011F, 0x0120, 0x0121, 0x0122,
    0x0123, 0x0125, 0x0134, 0x0136, 0x0137, 0x0139, 0x013B, 0x013D, 0x0141, 0x0144, 0x0146, 0x0148,
    0x014C, 0x014D, 0x014E, 0x014F, 0x0150, 0x0151, 0x0154, 0x0155, 0x0156, 0x0157, 0x0158, 0x0159,
    0x015A, 0x015B, 0x015C, 0x015D, 0x015E, 0x015F, 0x0160, 0x0161, 0x0162, 0x0163, 0x0164, 0x0165,
    0x0168, 0x0169, 0x016A, 0x016B, 0x016C, 0x016D, 0x016E, 0x016F, 0x0170, 0x0171, 0x0172, 0x0173,
    0x0174, 0x0175, 0x0176, 0x0177, 0x0178, 0x0179, 0x017A, 0x017B, 0x017C, 0x017D, 0x017E, 0x01A0,
    0x01A1, 0x01AF, 0x01B0, 0x01CD, 0x01CE, 0x01D1, 0x01D2, 0x01D3, 0x01D4, 0x01D5, 0x01D6, 0x01D7,
    0x01D8, 0x01D9, 0x01DA, 0x01DB, 0x01DC, 0x01DE, 0x01DF, 0x01E0, 0x01E1, 0x01E6, 0x01E7, 0x01E8,
    0x01E9, 0x01EA, 0x01EB, 0x01EC, 0x01ED, 0x01F4, 0x01F5, 0x01F9, 0x01FA, 0x01FB, 0x0200, 0x0201,
    0x0202, 0x0203, 0x0204, 0x0205, 0x0206, 0x0207, 0x020C, 0x020D, 0x020E, 0x020F, 0x0210, 0x0211,
    0x0212, 0x0213, 0x0214, 0x0215, 0x0216, 0x0217, 0x0218, 0x0219, 0x021A, 0x021B, 0x021F, 0x1EA0,
    0x1EA1, 0x1EA2, 0x1EA3, 0x1EA4, 0x1EA5, 0x1EA6, 0x1EA7, 0x1EA8, 0x1EA9, 0x1EAA, 0x1EAB, 0x1EAC,
    0x1EAD, 0x1EAE, 0x1EAF, 0x1EB0, 0x1EB1, 0x1EB2, 0x1EB3, 0x1EB4, 0x1EB5, 0x1EB6, 0x1EB7, 0x1EB8,
    0x1EB9, 0x1EBA, 0x1EBB, 0x1EBC, 0x1EBD, 0x1EBE, 0x1EBF, 0x1EC0, 0x1EC1, 0x1EC2, 0x1EC3, 0x1EC4,
    0x1EC5, 0x1EC6, 0x1EC7, 0x1ECC, 0x1ECD, 0x1ECE, 0x1ECF, 0x1ED0, 0x1ED1, 0x1ED2, 0x1ED3, 0x1ED4,
    0x1ED5, 0x1ED6, 0x1ED7, 0x1ED8, 0x1ED9, 0x1EDA, 0x1EDB, 0x1EDC, 0x1EDD, 0x1EDE, 0x1EDF, 0x1EE0,
    0x1EE1, 0x1EE2, 0x1EE3, 0x1EE4, 0x1EE5, 0x1EE6, 0x1EE7, 0x1EE8, 0x1EE9, 0x1EEA, 0x1EEB, 0x1EEC,
    0x1EED, 0x1EEE, 0x1EEF, 0x1EF0, 0x1EF1, 0x1EF2, 0x1EF3, 0x1EF4, 0x1EF5, 0x1EF6, 0x1EF7, 0x1EF8,
    0x1EF9,
};

static const uint8_t sourcesans_12_italicKernLeftClassIds[] = {
      1,   2,   1,   3,   4,   5,   6,   7,   8,   9,  10,  11,  12,  13,  14,  15,
     16,  17,  18,  19,  20,  21,  22,  23,  24,  25,  26,  27,  28,  29,  23,  30,
     23,  31,  32,  33,  34,  35,  36,  37,  38,  39,   3,  40,  41,  42,  43,  44,
     45,  46,  47,  48,  47,  47,  42,  42,  46,  49,  50,  51,  41,  52,  53,  54,
     55,  56,   3,  20,  20,  20,  20,  20,  20,  22,  24,  24,  24,  24,  23,  23,
     23,  23,  23,  34,  34,  34,  34,  38,  41,  41,  41,  41,  41,  41,  43,  44,
     44,  44,  44,  47,  42,  42,  42,  42,  42,  41,  41,  41,  41,  55,  55,  20,
     41,  20,  41,  20,  41,  22,  43,  22,  43,  22,  43,  22,  43,  23,  23,  24,
     44,  24,  44,  24,  44,  24,  44,  24,  44,  26,  46,  26,  46,  26,  46,  26,
     46,  47,  27,  28,  48,  29,  29,  29,  29,  47,  47,  47,  23,  42,  23,  42,
     23,  42,  31,  49,  31,  49,  31,  49,  32,  50,  32,  50,  32,  50,  32,  50,
     33,  51,  33,  51,  34,  41,  34,  41,  34,  41,  34,  41,  34,  41,  34,  41,
     36,  53,  38,  55,  38,  39,  56,  39,  56,  39,  56,  23,  42,  34,  41,  20,
     41,  23,  42,  34,  41,  34,  41,  34,  41,  34,  41,  34,  41,  20,  41,  20,
     41,  26,  46,  28,  48,  23,  42,  23,  42,  26,  46,  47,  20,  41,  20,  41,
     20,  41,  24,  44,  24,  44,  23,  42,  23,  42,  31,  49,  31,  49,  34,  41,
     34,  41,  32,  50,  33,  51,  47,  20,  41,  20,  41,  20,  41,  20,  41,  20,
     41,  20,  41,  20,  41,  20,  41,  20,  41,  20,  41,  20,  41,  20,  41,  24,
     44,  24,  44,  24,  44,  24,  44,  24,  44,  24,  44,  24,  44,  24,  44,  23,
     42,  23,  42,  23,  42,  23,  42,  23,  42,  23,  42,  23,  42,  23,  42,  23,
     42,  23,  42,  23,  42,  23,  42,  34,  41,  34,  41,  34,  41,  34,  41,  34,
     41,  34,  41,  34,  41,  38,  55,  38,  55,  38,  55,  38,  55,
};

static const uint16_t sourcesans_12_italicKernRightCodepoints[] = {
    0x0021, 0x0022, 0x0027, 0x0029, 0x002A, 0x002C, 0x002D, 0x002E, 0x002F, 0x0030, 0x0031, 0x0032,
    0x0033, 0x0034, 0x0035, 0x0036, 0x0037, 0x0038, 0x0039, 0x003A, 0x003B, 0x003F, 0x0041, 0x0043,
    0x0047, 0x004A, 0x004F, 0x0051, 0x0053, 0x0054, 0x0055, 0x0056, 0x0057, 0x0058, 0x0059, 0x005A,
    0x005C, 0x005D, 0x0061, 0x0063, 0x0064, 0x0065, 0x0066, 0x0067, 0x006A, 0x006D, 0x006E, 0x006F,
    0x0070, 0x0071, 0x0072, 0x0073, 0x0074, 0x0075, 0x0076, 0x0077, 0x0078, 0x0079, 0x007A, 0x007D,
    0x00C0, 0x00C1, 0x00C2, 0x00C3, 0x00C4, 0x00C5, 0x00C7, 0x00D2, 0x00D3, 0x00D4, 0x00D5, 0x00D6,
    0x00D9, 0x00DA, 0x00DB, 0x00DC, 0x00DD, 0x00E0, 0x00E1, 0x00E2, 0x00E3, 0x00E4, 0x00E5, 0x00E7,
    0x00E8, 0x00E9, 0x00EA, 0x00EB, 0x00F1, 0x00F2, 0x00F3, 0x00F4, 0x00F5, 0x00F6, 0x00F9, 0x00FA,
    0x00FB, 0x00FC, 0x00FD, 0x00FF, 0x0100, 0x0101, 0x0102, 0x0103, 0x0104, 0x0105, 0x0106, 0x0107,
    0x0108, 0x0109, 0x010A, 0x010B, 0x010C, 0x010D, 0x010F, 0x0111, 0x0113, 0x0115, 0x0117, 0x0119,
    0x011B, 0x011C, 0x011D, 0x011E, 0x011F, 0x0120, 0x0121, 0x0122, 0x0123, 0x0134, 0x0135, 0x0144,
    0x0146, 0x0148, 0x014C, 0x014D, 0x014E, 0x014F, 0x0150, 0x0151, 0x0155, 0x0157, 0x0159, 0x015A,
    0x015B, 0x015C, 0x015D, 0x015E, 0x015F, 0x0160, 0x0161, 0x0162, 0x0163, 0x0164, 0x0165, 0x0168,
    0x0169, 0x016A, 0x016B, 0x016C, 0x016D, 0x016E, 0x016F, 0x0170, 0x0171, 0x0172, 0x0173, 0x0174,
    0x0175, 0x0176, 0x0177, 0x0178, 0x0179, 0x017A, 0x017B, 0x017C, 0x017D, 0x017E, 0x01A0, 0x01A1,
    0x01AF, 0x01B0, 0x01CD, 0x01CE, 0x01D1, 0x01D2, 0x01D3, 0x01D4, 0x01D5, 0x01D6, 0x01D7, 0x01D8,
    0x01D9, 0x01DA, 0x01DB, 0x01DC, 0x01DE, 0x01DF, 0x01E0, 0x01E1, 0x01E6, 0x01E7, 0x01EA, 0x01EB,
    0x01EC, 0x01ED, 0x01F0, 0x01F4, 0x01F5, 0x01F9, 0x01FA, 0x01FB, 0x0200, 0x0201, 0x0202, 0x0203,
    0x0205, 0x0207, 0x020C, 0x020D, 0x020E, 0x020F, 0x0211, 0x0213, 0x0214, 0x0215, 0x0216, 0x0217,
    0x0218, 0x0219, 0x021A, 0x021B, 0x1EA0, 0x1EA1, 0x1EA2, 0x1EA3, 0x1EA4, 0x1EA5, 0x1EA6, 0x1EA7,
    0x1EA8, 0x1EA9, 0x1EAA, 0x1EAB, 0x1EAC, 0x1EAD, 0x1EAE, 0x1EAF, 0x1EB0, 0x1EB1, 0x1EB2, 0x1EB3,
    0x1EB4, 0x1EB5, 0x1EB6, 0x1EB7, 0x1EB9, 0x1EBB, 0x1EBD, 0x1EBF, 0x1EC1, 0x1EC3, 0x1EC5, 0x1EC7,
    0x1ECC, 0x1ECD, 0x1ECE, 0x1ECF, 0x1ED0, 0x1ED1, 0x1ED2, 0x1ED3, 0x1ED4, 0x1ED5, 0x1ED6, 0x1ED7,
    0x1ED8, 0x1ED9, 0x1EDA, 0x1EDB, 0x1EDC, 0x1EDD, 0x1EDE, 0x1EDF, 0x1EE0, 0x1EE1, 0x1EE2, 0x1EE3,
    0x1EE4, 0x1EE5, 0x1EE6, 0x1EE7, 0x1EE8, 0x1EE9, 0x1EEA, 0x1EEB, 0x1EEC, 0x1EED, 0x1EEE, 0x1EEF,
    0x1EF0, 0x1EF1, 0x1EF2, 0x1EF3, 0x1EF4, 0x1EF5, 0x1EF6, 0x1EF7, 0x1EF8, 0x1EF9,
};

static const uint8_t sourcesans_12_italicKernRightClassIds[] = {
      1,   2,   2,   3,   4,   5,   6,   5,   7,   8,   9,  10,  11,  12,  11,  13,
     14,  15,  16,  17,  17,  18,  19,  20,  20,  21,  20,  20,  22,  23,  24,  25,
     26,  27,  28,  29,  30,   3,  31,  31,  31,  31,  32,  31,  33,  34,  34,  31,
     34,  31,  34,  35,  36,  37,  38,  39,  40,  41,  42,   3,  19,  19,  19,  19,
     19,  19,  20,  20,  20,  20,  20,  20,  24,  24,  24,  24,  28,  31,  31,  31,
     31,  31,  31,  31,  31,  31,  31,  31,  34,  31,  31,  31,  31,  31,  37,  37,
     37,  37,  41,  41,  19,  31,  19,  31,  19,  31,  20,  31,  20,  31,  20,  31,
     20,  31,  31,  31,  31,  31,  31,  31,  31,  20,  31,  20,  31,  20,  31,  20,
     31,  21,  33,  34,  34,  34,  20,  31,  20,  31,  20,  31,  34,  34,  34,  22,
     35,  22,  35,  22,  35,  22,  35,  23,  36,  23,  36,  24,  37,  24,  37,  24,
     37,  24,  37,  24,  37,  24,  37,  26,  39,  28,  41,  28,  29,  42,  29,  42,
     29,  42,  20,  31,  24,  37,  19,  31,  20,  31,  24,  37,  24,  37,  24,  37,
     24,  37,  24,  37,  19,  31,  19,  31,  20,  31,  20,  31,  20,  31,  33,  20,
     31,  34,  19,  31,  19,  31,  19,  31,  31,  31,  20,  31,  20,  31,  34,  34,
     24,  37,  24,  37,  22,  35,  23,  36,  19,  31,  19,  31,  19,  31,  19,  31,
     19,  31,  19,  31,  19,  31,  19,  31,  19,  31,  19,  31,  19,  31,  19,  31,
     31,  31,  31,  31,  31,  31,  31,  31,  20,  31,  20,  31,  20,  31,  20,  31,
     20,  31,  20,  31,  20,  31,  20,  31,  20,  31,  20,  31,  20,  31,  20,  31,
     24,  37,  24,  37,  24,  37,  24,  37,  24,  37,  24,  37,  24,  37,  28,  41,
     28,  41,  28,  41,  28,  41,
};

static const uint16_t sourcesans_12_italicKernRowOffsets[] = {
        0,     3,     6,     8,    21,    29,    42,    48,    49,    52,    56,    60,    64,    67,    71,    77,
       80,    84,    88,    92,   112,   123,   135,   143,   146,   166,   169,   171,   188,   207,   221,   234,
      238,   261,   269,   284,   293,   299,   321,   337,   346,   350,   362,   371,   385,   400,   404,   409,
      418,   431,   437,   444,   456,   466,   472,   480,   486,
};

static const uint8_t sourcesans_12_italicKernSparseCols[] = {
      4,  18,  34,  12,  13,  15,  32,  37,   1,   3,  22,  23,  24,  25,  27,  30,
     32,  35,  37,  38,  40,  20,  22,  24,  26,  27,  28,  37,  39,   1,   3,  22,
     23,  24,  25,  27,  30,  32,  35,  37,  38,  40,  18,  20,  30,  32,  35,  36,
     13,  10,  11,  13,  11,  13,  14,  15,   8,  10,  13,  15,   8,  10,  13,  15,
      8,  13,  15,   8,  10,  13,  15,   7,   9,  10,  11,  12,  14,  10,  13,  15,
      8,   9,  10,  13,   3,  22,  27,  32,   3,  22,  27,  32,   1,   3,  17,  18,
     19,  21,  22,  23,  24,  25,  27,  28,  29,  31,  32,  35,  36,  37,  38,  40,
      3,  19,  20,  21,  22,  27,  35,  37,  38,  39,  40,   5,  19,  20,  21,  22,
     23,  28,  35,  36,  37,  38,  40,   3,   6,  20,  22,  24,  26,  27,  28,  19,
     22,  28,   4,   6,  18,  19,  20,  21,  24,  25,  27,  28,  30,  33,  34,  35,
     36,  37,  38,  39,  40,  41,   3,  22,  24,   4,  20,   1,   3,   5,  18,  19,
     21,  22,  23,  24,  25,  26,  27,  28,  30,  32,  35,  36,   1,   3,   5,  17,
     19,  21,  22,  23,  24,  25,  27,  29,  30,  31,  35,  36,  37,  38,  40,   4,
      5,   6,  17,  18,  20,  21,  22,  26,  27,  28,  30,  39,  41,   3,   5,  18,
     20,  21,  22,  24,  26,  27,  28,  30,  39,  41,   3,  20,  21,  22,   4,   5,
      6,  16,  17,  18,  19,  20,  21,  26,  27,  28,  30,  31,  33,  34,  35,  36,
     37,  38,  39,  40,  41,   4,   6,  18,  20,  21,  24,  26,  27,   4,   5,   6,
     18,  20,  21,  23,  28,  30,  31,  33,  34,  36,  39,  41,   4,   6,  18,  20,
     21,  28,  30,  31,  41,   5,  19,  22,  27,  30,  36,   4,   5,   6,  16,  17,
     18,  19,  20,  21,  22,  26,  27,  28,  30,  33,  34,  36,  37,  38,  39,  40,
     41,   5,  18,  19,  20,  21,  23,  24,  25,  27,  28,  30,  35,  36,  37,  38,
     40,  22,  23,  24,  25,  27,  32,  37,  38,  40,   3,  22,  24,  27,   2,   4,
      5,  22,  24,  27,  29,  37,  38,  39,  40,  41,   5,  22,  24,  27,  30,  37,
     38,  39,  40,   3,   5,  19,  20,  21,  22,  24,  25,  27,  29,  35,  37,  38,
     40,   0,   1,   2,   4,   5,   6,  17,  22,  24,  25,  26,  27,  29,  30,  33,
      3,  22,  24,  27,   3,  22,  24,  27,  40,   3,   4,   5,  22,  27,  30,  32,
     35,  36,   4,   5,   6,  20,  28,  29,  30,  32,  34,  37,  38,  40,  41,   3,
     22,  24,  27,  37,  40,   4,   5,   6,  16,  22,  30,  36,   2,   3,   4,   5,
      6,  18,  20,  22,  27,  30,  32,  41,   3,   4,   6,  18,  20,  22,  27,  30,
     32,  41,   3,   5,  22,  24,  27,  30,   4,   6,  20,  22,  27,  30,  32,  41,
      5,  22,  24,  27,  30,  36,
};

static const int8_t sourcesans_12_italicKernSparseValues[] = {
     -42,  -28,   -8,   -4,   -9,   -6,   28,   -4,  -50,  -63,  -44,  -33,  -34,  -12,  -34,   -4,
      13,  -12,  -15,   -8,   -8,   -4,  -28,  -10,   -8,  -29,   -8,   -6,   -8,  -50,  -63,  -44,
     -33,  -34,  -12,  -34,   -4,   22,  -12,  -15,   -8,   -8,  -16,  -32,   -8,   24,    8,   -8,
     -12,   -2,   -2,   -6,   -4,  -10,   -4,   -4,   -2,    4,  -10,   -2,   -4,   -6,   -6,   -6,
      -6,  -14,   -6,   -4,   -4,   -6,   -6,  -12,   -4,   -8,  -14,   -2,   -6,    4,  -12,   -4,
      -2,   -4,   -4,  -12,  -28,  -33,  -14,   11,  -28,  -33,  -14,   24,  -36,  -48,  -22,   -2,
      -6,   -4,  -25,  -14,  -22,   -8,  -12,   -4,  -16,   -8,   -4,   -8,   -4,   -6,   -4,   -6,
     -38,   -2,   -4,   -6,  -12,  -10,   -4,   -6,   -4,   -4,   -6,  -26,  -15,   -4,   -8,  -12,
      -6,   -4,   -6,   -4,   -8,   -8,   -8,  -28,   -8,   -8,  -10,   -8,   -8,  -14,   -4,  -10,
      -4,   -4,  -28,  -32,  -16,   -4,  -56,   -6,   -4,   -2,   -4,   -8,   -4,   -8,   -6,   -4,
      -6,   -4,   -4,   -8,   -4,   -8,  -20,  -12,   -4,   -8,  -16,  -19,   -8,  -16,   -8,  -14,
      -4,   -8,   -6,   -4,   -4,   -5,   -8,   -6,   -4,   -4,  -10,   -6,  -58,  -68,  -32,  -20,
     -19,  -12,  -48,  -17,  -36,  -20,  -35,  -40,   -6,   -8,  -10,   -4,  -35,  -26,  -20,  -34,
      -4,  -38,  -12,  -23,  -54,   -4,  -16,  -16,   -6,  -40,   -6,   -4,   -8,   -6,  -16,   -4,
      -8,   -6,  -14,   -4,   -4,   -8,   -4,   -4,   -4,   -4,  -12,   -4,   -4,  -12,  -28,  -28,
     -36,  -20,   -8,  -25,   -8,  -50,  -30,   -8,   -6,  -19,  -28,  -12,  -32,  -24,   -8,  -40,
     -16,  -16,  -16,  -16,  -40,   -4,  -16,   -4,  -28,   -4,   -4,   -4,   -6,  -29,  -22,  -24,
     -22,  -34,   -8,   -4,   -8,  -12,   -1,   -8,   -8,   -8,  -12,  -24,  -24,  -16,   -8,  -40,
      -4,   -4,   -4,    2,   -8,  -22,  -10,   -6,   -5,   -8,   -6,  -36,  -28,  -32,   -6,    4,
     -12,   -4,  -38,   -4,   -6,   -5,   -4,  -10,  -14,  -12,  -26,  -12,  -10,  -10,  -14,  -10,
     -26,  -26,   -6,   -8,  -12,  -12,   -4,   -4,   -4,   -6,   -6,  -10,   -6,  -14,  -10,  -10,
     -10,  -40,  -16,  -24,  -16,  -32,   40,   -8,   -4,    8,  -40,  -14,   -4,  -14,   -4,   -4,
       8,  -26,  -10,  -26,  -16,   -5,   -4,   -8,   -5,   -6,   -8,  -14,   -6,  -10,   -5,    2,
       2,    2,    2,  -32,    4,   -6,   -8,   -8,  -22,   -6,   -4,  -12,   -4,   -7,   -6,   -6,
      -6,   12,   16,   20,  -26,   -4,   -8,   12,   20,   20,   20,   16,   20,   32,   -4,   -2,
     -17,   -7,   -2,   -7,  -32,  -10,   -4,  -14,   -2,  -24,    4,  -15,   -8,   -8,   -8,   -4,
      -4,   -4,  -21,   -8,  -16,  -33,   -8,    8,   -4,   -2,   -2,    2,    2,    2,   -4,  -28,
     -14,   -6,  -10,   -2,   -2,    4,  -12,    8,    8,   -8,   -5,   -4,   -4,  -10,  -15,   -6,
      -8,   -6,  -14,  -16,   -8,   -2,   -4,   -6,  -12,  -10,   -4,   -3,  -12,  -16,   -8,   -2,
      -4,   -6,  -16,   -9,  -26,   -4,  -10,   -8,  -15,   -8,  -14,  -16,  -12,   -2,   -4,   -4,
      -4,  -12,   -4,  -10,   -4,   -8,
};

static const EpdLigaturePair sourcesans_12_italicLigaturePairs[] = {
    { 0x00660066, 0xFB00 }, // f f -> U+FB00
};

static const EpdFontData sourcesans_12_italic = {
    sourcesans_12_italicBitmaps,
    sourcesans_12_italicGlyphs,
    sourcesans_12_italicIntervals,
    48,
    36,
    26,
    -10,
    true,
    sourcesans_12_italicGroups,
    17,
    nullptr,
    nullptr,  // kernLeftClasses: built-in fonts use the split arrays below
    nullptr,  // kernRightClasses
    sourcesans_12_italicKernLeftCodepoints,
    sourcesans_12_italicKernLeftClassIds,
    sourcesans_12_italicKernRightCodepoints,
    sourcesans_12_italicKernRightClassIds,
    nullptr,  // kernMatrix: built-in fonts use the sparse form below
    sourcesans_12_italicKernRowOffsets,
    sourcesans_12_italicKernSparseCols,
    sourcesans_12_italicKernSparseValues,
    349,
    310,
    56,
    42,
    sourcesans_12_italicLigaturePairs,
    1,
};
