/**
 * generated by fontconvert.py
 * name: sourceserif_18_italic
 * size: 18
 * mode: 2-bit  compressed: true
 * Command used: fontconvert.py sourceserif_18_italic 18 instanced_fonts/builtin-reader/sourceserif_18_italic_opsz18_wght450.ttf ../builtinFonts/source/NotoSerif/NotoSerif-Italic.ttf ../builtinFonts/source/Inter/Inter-Regular.ttf --base-font-count 2 --2bit --compress --pnum --zopfli --darken-aa --kerning-intervals 0x20,0x7E --kerning-base-aliases --additional-intervals 0x2190,0x2190 --additional-intervals 0x2192,0x2192 --additional-intervals 0x2194,0x2194 --additional-intervals 0x25A0,0x25A1 --additional-intervals 0x25C6,0x25C7 --additional-intervals 0x25CB,0x25CB --additional-intervals 0x25CF,0x25CF --additional-intervals 0x2605,0x2606 --additional-intervals 0x2661,0x2661 --additional-intervals 0x2665,0x2665 --additional-intervals 0x2713,0x2713 --additional-intervals 0x2717,0x2717
 */
#pragma once
#include "EpdFontData.h"

static const uint8_t sourceserif_18_italicBitmaps[51019] = {
    0xCD, 0x7A, 0x01, 0xA4, 0x26, 0xD9, 0x99, 0xF6, 0x53, 0x75, 0x32, 0xB7, 0x32, 0x53, 0xE4, 0x34,
    0xF2, 0xFF, 0xFE, 0x7F, 0xF2, 0x27, 0xF5, 0x23, 0x18, 0x49, 0xA6, 0x2B, 0x58, 0x2C, 0x6E, 0xDF,
    0x53, 0x99, 0x05, 0x04, 0x19, 0x64, 0xB2, 0x80, 0x0D, 0x02, 0x99, 0xA0, 0x17, 0x8B, 0x41, 0xF7,
    0xAD, 0x9A, 0x09, 0x20, 0x48, 0x2F, 0x6B, 0xC3, 0x2E, 0xD2, 0x18, 0x24, 0xBD, 0x98, 0xC5, 0x2C,
    0x6D, 0xF5, 0xFD, 0xEA, 0x4C, 0x06, 0x8B, 0xC5, 0xD4, 0xEE, 0x62, 0x31, 0x48, 0x49, 0x92, 0xC4,
    0x26, 0x22, 0x27, 0x9B, 0x4A, 0x52, 0x9D, 0xA9, 0xAA, 0xB3, 0xE7, 0x79, 0x5F, 0xDF, 0x7C, 0x25,
    0xBA, 0x4D, 0x2F, 0xB0, 0x55, 0xDF, 0x79, 0x9E, 0x52, 0x75, 0xEE, 0x39, 0xCF, 0xFB, 0x9E, 0xF7,
    0xBC, 0xE7, 0x3B, 0xF5, 0x5D, 0x9C, 0x75, 0xA8, 0x46, 0x38, 0xFD, 0x0C, 0x68, 0x3D, 0x3F, 0x7D,
    0x83, 0x1E, 0xFC, 0x6C, 0xC0, 0x22, 0x9F, 0x19, 0x08, 0xC8, 0xD2, 0x67, 0x44, 0xEE, 0x91, 0x75,
    0xD0, 0xE3, 0x99, 0x46, 0xFE, 0x28, 0xA0, 0x1D, 0xE1, 0x3C, 0x9E, 0x4E, 0x77, 0xF0, 0x15, 0xD7,
    0x2C, 0xED, 0x6B, 0x4B, 0xFB, 0xC2, 0xD2, 0x9B, 0xF4, 0x99, 0x0F, 0x66, 0x5A, 0x4C, 0x58, 0xCC,
    0x38, 0x9B, 0x21, 0x18, 0x1F, 0x4C, 0x07, 0xBC, 0x88, 0x6B, 0x60, 0x8B, 0x93, 0x60, 0x00, 0xB2,
    0x90, 0x25, 0xCC, 0x87, 0x7C, 0x04, 0x8C, 0x37, 0x5E, 0x11, 0x45, 0x4C, 0x07, 0x4A, 0x41, 0x2B,
    0xF8, 0xD4, 0xCD, 0x97, 0x6E, 0x7E, 0x11, 0xB8, 0x9E, 0x4E, 0xE0, 0x46, 0x3A, 0x81, 0xF3, 0x74,
    0x02, 0xB7, 0xD2, 0x89, 0x36, 0xC6, 0x18, 0xD0, 0x0B, 0xB2, 0xFA, 0x88, 0x2F, 0xFD, 0xE6, 0x4B,
    0xBF, 0x69, 0xD8, 0xF0, 0xB0, 0x6F, 0x18, 0x28, 0xBB, 0xA2, 0x03, 0x6C, 0x63, 0x9B, 0x84, 0xB0,
    0x78, 0xFF, 0xC8, 0x06, 0x80, 0x36, 0x02, 0x86, 0xF0, 0xB5, 0x1F, 0x81, 0xFD, 0x03, 0xEE, 0x5B,
    0x5F, 0xF0, 0xB8, 0x2A, 0xED, 0x88, 0xD9, 0x96, 0x21, 0x9F, 0x12, 0x98, 0xE9, 0x23, 0xF9, 0x60,
    0xE6, 0x8F, 0x03, 0x66, 0xF9, 0x0C, 0x90, 0x47, 0xEA, 0x88, 0x0B, 0x80, 0x96, 0x50, 0xC5, 0x06,
    0x30, 0x71, 0xE4, 0xCD, 0xF9, 0xF8, 0xE4, 0x07, 0x1B, 0xBB, 0x88, 0xEC, 0xA2, 0xC7, 0xA5, 0xF1,
    0x2D, 0x7A, 0xE3, 0x0F, 0x09, 0xBA, 0x05, 0xAE, 0x78, 0x61, 0x42, 0xFD, 0xB7, 0x37, 0x07, 0x14,
    0x71, 0x03, 0x70, 0xF3, 0x0E, 0x80, 0x8F, 0x00, 0xC0, 0xC7, 0x09, 0x9F, 0x21, 0x7C, 0x54, 0x34,
    0x36, 0x90, 0xA3, 0x9D, 0x80, 0xBC, 0x41, 0x3E, 0x5D, 0x01, 0xA5, 0x47, 0x31, 0x38, 0xA0, 0x02,
    0xAC, 0x77, 0xF4, 0x0D, 0xEA, 0xC6, 0xC9, 0xC8, 0x39, 0x38, 0xE4, 0x41, 0xB9, 0xF0, 0xC0, 0x25,
    0x9C, 0x58, 0x7C, 0x40, 0x8B, 0x0B, 0x00, 0x57, 0xE9, 0xEA, 0x3E, 0x5E, 0x4C, 0xBC, 0x64, 0xA1,
    0x8C, 0xB8, 0xCA, 0x66, 0xE3, 0x9D, 0xF5, 0x97, 0x26, 0xD8, 0x66, 0x49, 0xAD, 0x96, 0xFE, 0x7A,
    0x36, 0x15, 0xA3, 0x8D, 0x78, 0x60, 0x82, 0x09, 0xA9, 0x6A, 0x28, 0xC6, 0x22, 0x00, 0x66, 0x28,
    0x07, 0xB2, 0xED, 0xAC, 0x2F, 0x47, 0xA0, 0x86, 0xF5, 0x76, 0x00, 0x6E, 0x91, 0x3D, 0x30, 0x25,
    0xAE, 0x3C, 0xCC, 0x98, 0xB8, 0xA6, 0xC6, 0xC4, 0x17, 0xA2, 0xB1, 0x18, 0x67, 0xD1, 0x98, 0xD1,
    0x3F, 0x1F, 0x02, 0xF0, 0xBF, 0x40, 0xBF, 0x1F, 0x1A, 0x92, 0x8B, 0x81, 0xB4, 0x1A, 0x7A, 0xCC,
    0x84, 0x9C, 0x54, 0xFA, 0xA4, 0x11, 0x60, 0xAB, 0xA4, 0xEE, 0x7D, 0xCA, 0x79, 0x93, 0x0D, 0xB2,
    0x0A, 0x6C, 0xA2, 0xD8, 0xA1, 0xF2, 0xE8, 0xE3, 0x00, 0x07, 0x33, 0xD5, 0x3E, 0x5B, 0x51, 0x0E,
    0x40, 0x39, 0xF1, 0x76, 0x19, 0x1B, 0xB8, 0x86, 0x41, 0x0F, 0x27, 0xF7, 0x48, 0x12, 0x3B, 0x12,
    0x50, 0x7C, 0xC6, 0xD8, 0x72, 0x1E, 0x78, 0x1E, 0x8C, 0x6E, 0x46, 0x57, 0x35, 0x03, 0x0B, 0x03,
    0xE1, 0xCE, 0x4D, 0x86, 0x69, 0x8C, 0x91, 0x51, 0x52, 0xCB, 0x28, 0x21, 0xBB, 0x77, 0x07, 0x0C,
    0x7C, 0xD7, 0xB4, 0x5D, 0xDB, 0xF4, 0xE8, 0x71, 0xC0, 0x92, 0xCE, 0x59, 0x43, 0x1B, 0x18, 0x44,
    0x1D, 0xEA, 0x0E, 0x58, 0x01, 0x33, 0x41, 0xE4, 0xD4, 0x9D, 0xF6, 0xB9, 0x00, 0xF9, 0x4C, 0x33,
    0x81, 0x72, 0x14, 0x5B, 0x28, 0x13, 0xAE, 0x53, 0x2D, 0x0E, 0x5A, 0xAD, 0xDF, 0x17, 0xBD, 0x27,
    0xC5, 0xB1, 0x34, 0xDA, 0x9C, 0xF5, 0x52, 0xE8, 0x6F, 0x19, 0x70, 0xCC, 0x62, 0x9A, 0x18, 0x84,
    0x0F, 0xD3, 0xBF, 0x60, 0xE4, 0x73, 0xDC, 0x76, 0x15, 0x16, 0x30, 0x24, 0xB4, 0xA5, 0xBA, 0xD1,
    0xDE, 0xED, 0xB1, 0x0C, 0x8F, 0x28, 0xFE, 0xA4, 0xB2, 0xDE, 0xA9, 0x3C, 0x9C, 0x8C, 0x91, 0x98,
    0xF0, 0xDA, 0xDC, 0x41, 0x6F, 0x95, 0xE2, 0x01, 0x06, 0x1B, 0xF0, 0xE7, 0x80, 0x1E, 0x16, 0x7A,
    0xB3, 0xA2, 0xF8, 0xEE, 0x39, 0x94, 0xAF, 0xAE, 0x9F, 0x34, 0xDF, 0x58, 0xFA, 0x1F, 0xF6, 0x63,
    0x1F, 0x67, 0x3C, 0xF5, 0xA7, 0x74, 0xCA, 0x25, 0x50, 0x55, 0x1E, 0x17, 0x36, 0x60, 0x31, 0x13,
    0x16, 0xDC, 0x45, 0xC0, 0xFE, 0x98, 0x3E, 0x08, 0x3E, 0x75, 0xEF, 0xF7, 0xF7, 0xEE, 0x30, 0x37,
    0x8C, 0x02, 0x4F, 0xF0, 0x17, 0x90, 0x2E, 0xEE, 0x9B, 0xAD, 0x88, 0xC5, 0x66, 0x36, 0x5C, 0xE1,
    0x16, 0x26, 0x33, 0xD6, 0xDD, 0x95, 0x64, 0x2E, 0x06, 0x57, 0xFA, 0xBC, 0x7C, 0xAF, 0x2B, 0x3B,
    0x37, 0xB6, 0xA1, 0x0D, 0xCE, 0x3F, 0x05, 0xA8, 0xB7, 0xD5, 0xA3, 0xD9, 0x04, 0x1D, 0x54, 0x14,
    0xC3, 0x31, 0x6E, 0xAB, 0x06, 0xEA, 0x2A, 0xDC, 0x7E, 0xB2, 0x6A, 0x57, 0xC7, 0x6A, 0xF9, 0xB1,
    0x9A, 0x04, 0xB9, 0x56, 0xAB, 0x71, 0xAC, 0xF6, 0x80, 0x30, 0x43, 0xC6, 0x54, 0x46, 0xFF, 0x58,
    0xAD, 0x3B, 0x56, 0xBB, 0xD0, 0x6A, 0x72, 0x3C, 0x7B, 0x87, 0x21, 0xBC, 0x01, 0x76, 0xEA, 0x3B,
    0xB8, 0xAE, 0xF2, 0xD8, 0x60, 0xC7, 0x7C, 0x01, 0x53, 0x1A, 0x8A, 0x50, 0x86, 0x04, 0x76, 0x4C,
    0x50, 0xF9, 0x04, 0x35, 0xC1, 0x75, 0x28, 0x83, 0x6B, 0x12, 0xB4, 0x80, 0x15, 0x18, 0x7B, 0x0A,
    0x49, 0x50, 0x13, 0x5C, 0x97, 0xA0, 0x4D, 0x27, 0x36, 0x38, 0x64, 0x0B, 0x5C, 0x67, 0x02, 0x2A,
    0xA6, 0x83, 0xF2, 0x61, 0xDF, 0x20, 0x8B, 0x33, 0x67, 0x79, 0x03, 0xCD, 0x5F, 0x59, 0xEF, 0xE1,
    0x62, 0x87, 0x3E, 0x36, 0xA7, 0xF8, 0xDE, 0x00, 0xAC, 0x6A, 0x71, 0xC6, 0x48, 0x4A, 0xC5, 0xCC,
    0x3A, 0x63, 0x4C, 0xD0, 0xA8, 0x2A, 0x03, 0x7B, 0x3E, 0x05, 0xA2, 0x04, 0xE1, 0x69, 0xBA, 0xDC,
    0x8C, 0xB1, 0x8B, 0x31, 0x7A, 0xE0, 0xE6, 0x5D, 0xA0, 0x8C, 0x1B, 0xEF, 0xF6, 0x1D, 0xAE, 0x50,
    0x0D, 0x58, 0x8E, 0x56, 0x0A, 0x30, 0x39, 0x05, 0x68, 0x4B, 0xD2, 0x04, 0xDA, 0x46, 0xFA, 0xD7,
    0x4E, 0xE5, 0xBE, 0xC4, 0x36, 0x34, 0x0B, 0x1D, 0xFD, 0x79, 0x79, 0x1C, 0xB5, 0xC2, 0xEB, 0x84,
    0x91, 0x65, 0x67, 0x43, 0x8C, 0x71, 0x25, 0xB0, 0xF6, 0x1B, 0x77, 0xD8, 0xF9, 0x0A, 0x38, 0xF4,
    0x0D, 0xAE, 0xD8, 0xFC, 0x0A, 0x3B, 0x64, 0x54, 0x00, 0x01, 0x6D, 0x5F, 0xE4, 0x6B, 0x27, 0x5C,
    0x17, 0x6E, 0xD2, 0xD0, 0xC8, 0x71, 0xEC, 0x59, 0xC3, 0x2C, 0xD0, 0x07, 0xEA, 0x1D, 0x66, 0x6B,
    0x8A, 0x6C, 0xC5, 0xCF, 0xBC, 0xE7, 0xC4, 0xD9, 0xAC, 0x67, 0xFF, 0xEA, 0x66, 0x80, 0x89, 0xB1,
    0x91, 0xE1, 0x95, 0xE3, 0xC5, 0xF7, 0x55, 0x13, 0x1C, 0x21, 0x32, 0x2F, 0x7C, 0x9F, 0xA9, 0xF0,
    0x9B, 0x1E, 0xB8, 0x4E, 0xFF, 0xBD, 0x52, 0x77, 0xC8, 0x42, 0x82, 0xC2, 0x3B, 0xC0, 0x22, 0xC1,
    0x39, 0x1B, 0x0F, 0x38, 0xC0, 0x78, 0x5C, 0xC1, 0xD2, 0x7E, 0x77, 0xEF, 0xDE, 0xF6, 0x1D, 0x47,
    0xE3, 0xDA, 0x04, 0x3A, 0x24, 0xDA, 0xBA, 0x42, 0x41, 0x28, 0xDF, 0xB7, 0xEA, 0x99, 0x0E, 0xC8,
    0x5E, 0x7A, 0xE9, 0x45, 0xD8, 0x18, 0x03, 0x2A, 0x42, 0x1D, 0xE3, 0x28, 0xEB, 0xB4, 0xC2, 0x2B,
    0x84, 0x37, 0x09, 0xE1, 0x08, 0xD9, 0x4F, 0xBE, 0x0B, 0xE4, 0xAC, 0x96, 0x0F, 0x95, 0x04, 0xF3,
    0x0A, 0x6A, 0x26, 0xF4, 0x3B, 0x78, 0x8E, 0xB0, 0xF1, 0x41, 0xE4, 0x68, 0xF5, 0x34, 0xDF, 0x71,
    0x3C, 0xEB, 0xCF, 0xF5, 0x1E, 0xBA, 0x72, 0xBE, 0xDC, 0x80, 0xC7, 0xD9, 0x5D, 0xB6, 0x18, 0x80,
    0xFA, 0x21, 0x90, 0xC5, 0x46, 0xF3, 0x3D, 0x9C, 0xD7, 0x76, 0x25, 0xC0, 0x50, 0x4C, 0x47, 0x1F,
    0x55, 0xFE, 0x65, 0xA0, 0x7E, 0x27, 0x8E, 0x70, 0x1C, 0xC6, 0x76, 0x30, 0x6C, 0x1E, 0x91, 0xD0,
    0x13, 0xDA, 0x23, 0xEC, 0x06, 0x60, 0x85, 0xEB, 0xB2, 0x05, 0x95, 0x37, 0x01, 0xE5, 0x5C, 0x7B,
    0x64, 0xA2, 0x40, 0x46, 0xE1, 0xA5, 0xE4, 0x03, 0x13, 0x63, 0x9C, 0x08, 0xA1, 0x48, 0x20, 0xC3,
    0x2A, 0x53, 0x93, 0x0A, 0x6B, 0xF1, 0xC7, 0x7E, 0xF2, 0xEE, 0xB2, 0x80, 0x3C, 0xBC, 0x24, 0x2C,
    0x50, 0x87, 0xD3, 0x48, 0x7D, 0x28, 0xE1, 0x2E, 0x0E, 0xC9, 0xD6, 0x63, 0xA0, 0xA8, 0x09, 0xE3,
    0xD1, 0x3E, 0xFD, 0xFA, 0x50, 0x30, 0x08, 0xEB, 0xCE, 0x35, 0xB8, 0xE4, 0x1F, 0x2E, 0x28, 0x87,
    0x6C, 0x46, 0x39, 0xE6, 0x09, 0x86, 0x7C, 0x81, 0xF5, 0x19, 0x01, 0x91, 0xA6, 0xF4, 0x7E, 0x01,
    0xEA, 0xF7, 0x18, 0x1F, 0x91, 0x6D, 0xC5, 0x01, 0x78, 0xE0, 0x26, 0x98, 0x50, 0xB2, 0x52, 0xBE,
    0x31, 0xDA, 0xB5, 0x26, 0xA1, 0x25, 0x1C, 0x08, 0x0B, 0xEA, 0x2E, 0xB5, 0x68, 0xA7, 0x6A, 0x44,
    0xBE, 0x0B, 0xC2, 0x9B, 0x1D, 0x9B, 0x5A, 0x34, 0x39, 0x48, 0x2D, 0x33, 0xC1, 0xD2, 0x53, 0x76,
    0x2C, 0xC7, 0x24, 0xC3, 0x26, 0x08, 0x3B, 0x08, 0x09, 0x8A, 0x09, 0x76, 0x34, 0x2B, 0xEA, 0x01,
    0x32, 0x93, 0xEB, 0xC8, 0x66, 0x1A, 0x07, 0xB0, 0x37, 0x20, 0x3B, 0x0E, 0x1A, 0xA7, 0x34, 0x38,
    0xBF, 0x50, 0xF0, 0x56, 0x3B, 0x02, 0xE5, 0x06, 0x5D, 0xB3, 0xF1, 0x49, 0x68, 0x98, 0xE5, 0x11,
    0x86, 0x1F, 0x89, 0xA6, 0x2F, 0xE3, 0x91, 0x47, 0xD9, 0xC1, 0x8D, 0x68, 0x03, 0x3F, 0xCE, 0x83,
    0x89, 0xBC, 0xE8, 0x50, 0x07, 0x38, 0x7E, 0x28, 0xE4, 0x0C, 0x8F, 0x3E, 0xEE, 0xC3, 0x6C, 0x28,
    0x22, 0x8A, 0x8D, 0x17, 0xB8, 0x92, 0xFC, 0x3F, 0x31, 0x03, 0xD7, 0xCC, 0x39, 0xBA, 0x56, 0x40,
    0x47, 0x59, 0x14, 0x54, 0x33, 0xB2, 0xD8, 0xC1, 0x2E, 0x40, 0x3F, 0xA0, 0x58, 0xC1, 0x9E, 0x75,
    0x3D, 0xEF, 0x00, 0x3B, 0x43, 0x1E, 0xA3, 0x9E, 0x18, 0xB8, 0x0D, 0xD8, 0xBD, 0xD4, 0x92, 0xDC,
    0xFD, 0x21, 0x59, 0xBD, 0x4E, 0x80, 0xC7, 0x1D, 0x7F, 0x50, 0x8F, 0x2A, 0x6E, 0x83, 0xE3, 0x2B,
    0x02, 0xF6, 0x5D, 0x00, 0xA8, 0x47, 0x68, 0x00, 0xAD, 0x40, 0xB9, 0xA8, 0xAE, 0x4D, 0xDC, 0x69,
    0xA2, 0x56, 0xEB, 0x3B, 0xE0, 0x8F, 0x01, 0x3D, 0xCE, 0xFE, 0x11, 0x70, 0x71, 0xCC, 0x56, 0xB3,
    0x98, 0x05, 0x4B, 0x31, 0xE1, 0x60, 0x02, 0xFF, 0x96, 0x85, 0xED, 0xD8, 0x49, 0xDA, 0x30, 0xB1,
    0x41, 0x3D, 0x4B, 0xA7, 0xF9, 0x06, 0xCD, 0xDF, 0x5E, 0x7C, 0x8D, 0xB2, 0x49, 0x05, 0xA7, 0xE3,
    0x19, 0x4A, 0xF6, 0x40, 0xD4, 0x22, 0x43, 0xFA, 0x7F, 0xA1, 0xBD, 0xF5, 0x3F, 0x12, 0xEE, 0x23,
    0x35, 0xC3, 0x3E, 0xC4, 0xC7, 0x26, 0x68, 0x8D, 0x0D, 0xC8, 0x67, 0xC9, 0xC0, 0x32, 0x25, 0x08,
    0x35, 0xF0, 0xD1, 0x0F, 0x9B, 0x01, 0x0F, 0x90, 0xC7, 0x25, 0x97, 0x0C, 0x1F, 0xE7, 0x2C, 0x98,
    0x80, 0x0B, 0x33, 0x21, 0x14, 0x1E, 0x53, 0xBA, 0x9E, 0xAC, 0x37, 0x83, 0x70, 0x53, 0xFA, 0x22,
    0x71, 0x05, 0xCB, 0xE4, 0x15, 0x6A, 0x38, 0xE6, 0xAF, 0x70, 0x81, 0x0B, 0x86, 0x7B, 0xE2, 0x2B,
    0x46, 0xEB, 0x78, 0x03, 0x0B, 0xAA, 0xAE, 0xF0, 0x37, 0x38, 0xD9, 0x1B, 0xDB, 0xDC, 0xC0, 0x26,
    0xD3, 0xE0, 0x02, 0xF1, 0xF3, 0xFD, 0xE7, 0x96, 0xC4, 0xED, 0x56, 0x33, 0x6B, 0xC0, 0x4D, 0x36,
    0x36, 0xA8, 0x9A, 0xB3, 0x26, 0xBB, 0x23, 0x8A, 0xE4, 0x28, 0x46, 0x65, 0x33, 0x2B, 0x23, 0x2A,
    0xA1, 0x4E, 0xE6, 0x34, 0xAC, 0x10, 0xA3, 0xDE, 0xFA, 0x58, 0xBC, 0x03, 0xEC, 0x8F, 0x45, 0x30,
    0x5B, 0x85, 0xCC, 0x26, 0x54, 0x2A, 0xD9, 0x28, 0xF4, 0x19, 0xA5, 0xF3, 0x5E, 0x28, 0x08, 0x65,
    0x63, 0xDB, 0x48, 0xA2, 0x71, 0x9D, 0xC4, 0xB2, 0x90, 0xD5, 0xBC, 0x70, 0x5D, 0xE9, 0x9C, 0x24,
    0x7E, 0x25, 0xE9, 0x17, 0x5A, 0x33, 0x4A, 0xFE, 0x28, 0xBC, 0xAE, 0xB0, 0x8D, 0xA4, 0x94, 0x0A,
    0x42, 0x37, 0x94, 0x1E, 0x68, 0x12, 0x9A, 0x24, 0x93, 0xB6, 0xD1, 0x33, 0x5F, 0xF7, 0xD1, 0x1B,
    0xF9, 0x7B, 0x39, 0x5C, 0x8C, 0xB3, 0x20, 0x07, 0x2C, 0xCA, 0xAC, 0x8C, 0xF2, 0xA7, 0x1B, 0xCA,
    0x89, 0x96, 0x14, 0x33, 0xF3, 0x6E, 0x31, 0xC1, 0x70, 0x15, 0x26, 0xDA, 0x91, 0xAE, 0x71, 0x5D,
    0x7A, 0x74, 0xB6, 0x89, 0x37, 0x38, 0x95, 0xA5, 0x1D, 0x1B, 0xB2, 0x08, 0x56, 0x70, 0x14, 0xC5,
    0x4F, 0x35, 0xB0, 0xB5, 0xDA, 0x13, 0xDD, 0x1E, 0x3B, 0x46, 0x72, 0xDB, 0x31, 0xE0, 0xFA, 0xA6,
    0x88, 0xA8, 0xB9, 0x52, 0x51, 0xC8, 0xD6, 0xD0, 0x25, 0x6F, 0xDC, 0x05, 0x78, 0xAF, 0x41, 0x1E,
    0x7F, 0xD2, 0x8F, 0xB0, 0x33, 0xC7, 0xDA, 0x79, 0xCD, 0x7E, 0x09, 0x93, 0x28, 0xA4, 0x78, 0x98,
    0x13, 0x76, 0xD4, 0xCB, 0x64, 0x4A, 0xAC, 0x3D, 0xD1, 0xED, 0xB0, 0xED, 0x4E, 0xD8, 0x9F, 0xAE,
    0x05, 0xF7, 0x35, 0xCF, 0xA9, 0x08, 0x0F, 0xC4, 0xFA, 0x05, 0xE5, 0x42, 0x34, 0xB1, 0x61, 0xD4,
    0xF6, 0xBF, 0x7F, 0x23, 0x61, 0xA5, 0x6E, 0x7B, 0xF9, 0x75, 0x1C, 0x0F, 0xD1, 0xAB, 0x14, 0xA9,
    0x21, 0xA2, 0x5A, 0x85, 0xE8, 0x06, 0x70, 0x5A, 0x7A, 0x89, 0x06, 0x37, 0x80, 0x7A, 0xAB, 0xA0,
    0x53, 0xEE, 0x44, 0xF4, 0xD9, 0x44, 0xEF, 0x0A, 0x05, 0xA1, 0x92, 0x14, 0xF8, 0x11, 0x1A, 0x81,
    0x4A, 0xA9, 0x16, 0x77, 0x52, 0x6B, 0xED, 0x45, 0x3E, 0x55, 0x47, 0x90, 0x0C, 0x3B, 0xE9, 0x50,
    0xCE, 0x72, 0x5F, 0x92, 0x54, 0x73, 0x16, 0x1B, 0xA8, 0x57, 0xD5, 0xAD, 0x7B, 0xD1, 0x71, 0x51,
    0x94, 0xBF, 0x9F, 0x15, 0x45, 0xB0, 0x8C, 0x39, 0x82, 0xC8, 0xBD, 0x4B, 0x99, 0xD7, 0x40, 0x7C,
    0x05, 0xD4, 0x3A, 0x81, 0x52, 0x43, 0x42, 0x31, 0xB7, 0x14, 0xB4, 0xC1, 0x8C, 0x09, 0x47, 0x33,
    0x08, 0x7A, 0x26, 0xFA, 0xBC, 0xDB, 0x0D, 0x44, 0x3E, 0x10, 0x8D, 0x17, 0x81, 0x9E, 0xFA, 0x2C,
    0xC7, 0x1C, 0x55, 0x47, 0x75, 0xB1, 0x71, 0xC4, 0xBD, 0xB6, 0x75, 0xA7, 0xED, 0x88, 0xD4, 0x36,
    0x8B, 0xB6, 0xE9, 0xA4, 0x0D, 0x4F, 0xAC, 0x4D, 0x71, 0xA0, 0x36, 0xE3, 0x4F, 0xDA, 0x76, 0xB8,
    0x0F, 0x12, 0x59, 0xEC, 0x75, 0x60, 0x89, 0x12, 0x8F, 0xAF, 0x6B, 0x3C, 0x76, 0xC8, 0xE3, 0x8F,
    0xDF, 0x08, 0x8C, 0x47, 0xC3, 0x58, 0x26, 0xC6, 0xE3, 0xAE, 0xD7, 0x8C, 0x8C, 0xC7, 0x7C, 0x78,
    0xB2, 0x78, 0x64, 0x17, 0x3D, 0x71, 0xE5, 0x1D, 0xD7, 0x11, 0xDB, 0x86, 0x75, 0x7A, 0x28, 0xD6,
    0x3A, 0x1B, 0x27, 0x5A, 0x5F, 0xAC, 0xC4, 0x3C, 0x76, 0xF4, 0x41, 0xBF, 0xFD, 0xDD, 0x22, 0x36,
    0x8E, 0xFB, 0x78, 0x54, 0xFF, 0xAD, 0xD0, 0x89, 0xB4, 0x24, 0x9E, 0x20, 0xE2, 0x16, 0x9C, 0x78,
    0x13, 0x6F, 0x89, 0x27, 0x45, 0x2C, 0xDB, 0x99, 0x00, 0x43, 0x0E, 0xCA, 0x96, 0x3C, 0x2B, 0x4B,
    0x68, 0x8E, 0xE2, 0x55, 0x89, 0xFE, 0x92, 0xEC, 0xF5, 0x99, 0x23, 0x8F, 0x3B, 0xEE, 0xE8, 0x5F,
    0x1A, 0xA1, 0x66, 0xF7, 0xD4, 0xB3, 0xE3, 0x48, 0xEE, 0x94, 0x69, 0xEC, 0x26, 0xBE, 0xA6, 0x14,
    0x3A, 0x01, 0xBD, 0xC8, 0x16, 0xF9, 0x27, 0x5B, 0x9C, 0xC6, 0x81, 0x96, 0x4D, 0x75, 0x8B, 0xAB,
    0x8F, 0x65, 0x16, 0x8D, 0xA7, 0xCD, 0x06, 0xCB, 0x28, 0x85, 0x5A, 0x44, 0x87, 0x3B, 0x96, 0x4E,
    0xFB, 0xED, 0x1B, 0xF6, 0x27, 0xCD, 0x9F, 0xA2, 0x8E, 0x20, 0x82, 0x20, 0x9D, 0x1D, 0x61, 0x83,
    0xF4, 0xA9, 0x9D, 0x2A, 0x18, 0x81, 0x99, 0x30, 0x41, 0x7B, 0x46, 0x49, 0xB0, 0x02, 0x23, 0x61,
    0xBF, 0x63, 0x10, 0x11, 0xD2, 0xFB, 0x11, 0x64, 0xFC, 0xF7, 0x1B, 0xC6, 0xF2, 0xD5, 0x09, 0x70,
    0xBF, 0x1B, 0x29, 0xA2, 0x91, 0x55, 0x7F, 0x7F, 0xA8, 0x2B, 0x4C, 0xDC, 0xE8, 0x0D, 0xA3, 0x0E,
    0xC1, 0x6D, 0x90, 0xB2, 0x20, 0x1A, 0x4B, 0x2F, 0x2A, 0x6B, 0x95, 0xF8, 0x40, 0x44, 0x9A, 0x51,
    0xC8, 0x76, 0xA2, 0xF6, 0x02, 0xA0, 0xA3, 0x36, 0x52, 0xF9, 0xBB, 0x28, 0x14, 0x25, 0x1B, 0xDA,
    0xC5, 0x79, 0x52, 0xA8, 0x54, 0x3E, 0xAD, 0xE0, 0x34, 0x59, 0x44, 0xB8, 0x59, 0x75, 0xF0, 0xA2,
    0x52, 0xDF, 0xD0, 0x06, 0x5E, 0x71, 0x94, 0xEB, 0x41, 0x9C, 0x69, 0x03, 0xFD, 0x99, 0xC7, 0xE8,
    0xA9, 0x2F, 0xD1, 0xC9, 0xAB, 0xA7, 0x29, 0x14, 0x71, 0x42, 0xDE, 0xA0, 0x5E, 0x91, 0x4B, 0x34,
    0x7B, 0x9C, 0x55, 0xAA, 0x60, 0x10, 0xA1, 0x82, 0x56, 0x71, 0x3C, 0x21, 0xC7, 0x77, 0x37, 0xC1,
    0x8C, 0x27, 0x96, 0x92, 0x67, 0xAC, 0xE4, 0x99, 0xAA, 0xA3, 0x3C, 0xD7, 0x48, 0x9E, 0x81, 0x13,
    0x3C, 0x1D, 0x56, 0x66, 0x4F, 0x1F, 0x61, 0x35, 0x77, 0x33, 0x5D, 0x33, 0xF2, 0x23, 0xEF, 0x4A,
    0x22, 0xE1, 0x5D, 0xC6, 0x3F, 0x2F, 0xDE, 0x9B, 0x81, 0x4F, 0x44, 0x20, 0xFB, 0xDD, 0x0C, 0x9C,
    0x6F, 0x40, 0xFE, 0xC3, 0x05, 0xB8, 0xCF, 0xE9, 0xF4, 0x6F, 0x0B, 0xF0, 0xAB, 0x15, 0x30, 0xDF,
    0x5B, 0x61, 0xFE, 0x85, 0x41, 0xF9, 0xD6, 0x86, 0xE2, 0x7B, 0x0B, 0x50, 0x74, 0x1B, 0xAC, 0x4C,
    0xAD, 0x26, 0xE2, 0x3A, 0x2F, 0x2C, 0x22, 0xCE, 0x65, 0x72, 0xA1, 0x6F, 0xDE, 0xE4, 0x45, 0x85,
    0xF6, 0xD5, 0x50, 0x4C, 0xB2, 0xD4, 0x7F, 0xDD, 0x97, 0x93, 0x2C, 0xF6, 0xFF, 0xD4, 0x95, 0x81,
    0x17, 0xF5, 0x3B, 0x62, 0xF7, 0x2D, 0xD4, 0x9B, 0x5C, 0xDC, 0x47, 0xB5, 0xC8, 0xC5, 0x04, 0x3B,
    0x89, 0x1B, 0x64, 0xA1, 0xA8, 0x46, 0xF4, 0x71, 0x28, 0x7D, 0x29, 0xFB, 0x69, 0x5F, 0x74, 0xBC,
    0xD8, 0x05, 0x0F, 0x4B, 0x48, 0xA5, 0x13, 0x46, 0xF4, 0x6C, 0x32, 0xF1, 0xC8, 0x16, 0x91, 0x45,
    0x36, 0xC8, 0xBD, 0xE6, 0x0C, 0xD0, 0x03, 0xFF, 0xBE, 0x28, 0xBF, 0xBD, 0x21, 0x23, 0xFB, 0x88,
    0x5C, 0xBE, 0x69, 0xC4, 0x8E, 0x5C, 0x76, 0xCE, 0x4B, 0xB6, 0x6F, 0x6A, 0xC9, 0xF7, 0x16, 0x36,
    0x28, 0x97, 0x73, 0x91, 0xB8, 0x82, 0x59, 0xCA, 0x8E, 0x06, 0xE5, 0xD1, 0x36, 0xF2, 0x65, 0x24,
    0x5A, 0xD0, 0x1C, 0xF4, 0xEF, 0x28, 0xBB, 0xEF, 0x43, 0x24, 0x54, 0x1B, 0x44, 0x82, 0x5D, 0x85,
    0x75, 0x6B, 0x20, 0xE9, 0x48, 0x25, 0x67, 0x89, 0xDB, 0xC4, 0x48, 0x2C, 0xC7, 0x35, 0x42, 0x76,
    0xD0, 0x6D, 0xFC, 0xCC, 0xD1, 0xFA, 0x9B, 0x28, 0x11, 0xE8, 0x38, 0xFA, 0xBC, 0x88, 0x4C, 0x68,
    0x9A, 0x22, 0xCC, 0x4C, 0xD4, 0xB4, 0x66, 0x03, 0x83, 0xAD, 0x1A, 0x13, 0xAE, 0xB5, 0x27, 0x3A,
    0xE2, 0x42, 0x34, 0x47, 0xEC, 0x18, 0x7E, 0xC4, 0x62, 0x92, 0xA4, 0x16, 0x04, 0x47, 0x62, 0xED,
    0xF5, 0xBD, 0x05, 0x7D, 0x1E, 0xF5, 0x9B, 0x10, 0x3F, 0x6C, 0x36, 0xFE, 0x2C, 0x76, 0x92, 0xC2,
    0xE4, 0xED, 0xE2, 0x7E, 0x9D, 0x8D, 0x93, 0x60, 0x6C, 0x64, 0x5B, 0x3A, 0x10, 0xAB, 0x3F, 0xFC,
    0x6E, 0xA5, 0x0D, 0xA5, 0xEB, 0x23, 0xCE, 0x6C, 0x9D, 0xDB, 0xAA, 0x84, 0x62, 0x57, 0x19, 0x32,
    0xDA, 0xF8, 0xFB, 0x9E, 0xF1, 0x23, 0x59, 0xD8, 0xFE, 0xF8, 0xC5, 0x7D, 0xFC, 0x3F, 0xF9, 0x5A,
    0xF6, 0x3F, 0xDD, 0x7B, 0xB1, 0xD1, 0xFC, 0x70, 0xC2, 0x1E, 0x27, 0x63, 0x9C, 0x4E, 0xFE, 0xED,
    0xAF, 0xA9, 0x2F, 0xC6, 0x20, 0x66, 0xA8, 0xBF, 0xF7, 0x4E, 0x5F, 0x95, 0xF4, 0xAB, 0x32, 0xEA,
    0x20, 0x24, 0x91, 0xB5, 0xB1, 0x53, 0x7A, 0x9E, 0xA4, 0xAE, 0x87, 0x39, 0xD1, 0x0C, 0x16, 0x5D,
    0xF6, 0xE0, 0x86, 0x44, 0x0F, 0xBF, 0x16, 0x71, 0x5C, 0x68, 0x39, 0x02, 0x8D, 0xA6, 0xC8, 0x41,
    0xA8, 0x0C, 0x9A, 0x29, 0x67, 0xCD, 0x94, 0x8B, 0x0C, 0x40, 0xAE, 0x84, 0x4D, 0x07, 0x22, 0x8A,
    0x78, 0x0E, 0x03, 0x8B, 0x2E, 0xFA, 0x4C, 0xF2, 0x1C, 0x0C, 0xAB, 0xDA, 0xB3, 0x2F, 0x02, 0x78,
    0xF6, 0x3F, 0xF4, 0x6D, 0x4A, 0xEA, 0xE4, 0x6B, 0x33, 0x1C, 0x77, 0xDE, 0x07, 0x70, 0xA7, 0x46,
    0x58, 0xF4, 0x2A, 0x7B, 0x51, 0x9A, 0x43, 0xEC, 0x74, 0xFF, 0x0C, 0xD9, 0xB1, 0x69, 0x7A, 0x32,
    0x62, 0x6D, 0x2F, 0x8A, 0x96, 0xE3, 0xE6, 0x23, 0xD3, 0xEA, 0x78, 0x56, 0x76, 0xFF, 0x02, 0xA7,
    0xD7, 0x20, 0xB4, 0xB8, 0xFD, 0x59, 0x2F, 0x2F, 0x7C, 0xBA, 0xFD, 0xB7, 0x08, 0xC9, 0x96, 0xA3,
    0x23, 0x0E, 0x0E, 0xCE, 0x5B, 0x7F, 0x21, 0x78, 0x5B, 0xF0, 0x01, 0x47, 0xD1, 0xDF, 0x47, 0xDB,
    0x94, 0x1D, 0x1B, 0xFB, 0xC0, 0xDC, 0x4E, 0xDC, 0xE7, 0xF6, 0x7D, 0x86, 0xDF, 0xE7, 0x76, 0xC1,
    0x53, 0x6E, 0x27, 0x5A, 0x19, 0x43, 0xC1, 0xE3, 0xD1, 0xC7, 0x25, 0x95, 0xB1, 0x8F, 0x53, 0xA2,
    0x41, 0xDA, 0x0E, 0x3A, 0xA8, 0x4A, 0x79, 0xA2, 0x39, 0xD1, 0x28, 0x64, 0x06, 0xE9, 0xC6, 0x70,
    0x0E, 0x09, 0xC9, 0xD8, 0x2A, 0x95, 0xDD, 0x71, 0xDF, 0x54, 0x0D, 0x89, 0x38, 0x84, 0x42, 0x0C,
    0xD7, 0x4A, 0xE9, 0xBA, 0xCE, 0xA5, 0x1B, 0x4A, 0xE7, 0x4A, 0x0F, 0xF4, 0xD9, 0x24, 0x64, 0x02,
    0x18, 0x60, 0x25, 0x5B, 0xD8, 0xB2, 0x9E, 0xB1, 0x1F, 0x75, 0x9A, 0x69, 0x78, 0xE2, 0xEC, 0xBB,
    0xFB, 0xD8, 0xE4, 0xD8, 0xD3, 0xB5, 0x4B, 0x22, 0x8F, 0x28, 0xAA, 0x49, 0x66, 0x10, 0x2A, 0xBD,
    0x90, 0xD5, 0x60, 0xA9, 0x35, 0x74, 0xCE, 0x35, 0x90, 0xEE, 0x93, 0x3C, 0x82, 0x50, 0x3E, 0x0A,
    0x19, 0x2F, 0x91, 0x67, 0x3B, 0xD2, 0x50, 0x41, 0xC2, 0xF1, 0x42, 0x9D, 0x78, 0x4B, 0x69, 0x12,
    0xFA, 0x55, 0x20, 0x95, 0xBF, 0x1E, 0x84, 0xDE, 0xF3, 0xA4, 0x22, 0xEE, 0x77, 0xA9, 0x66, 0x51,
    0x9A, 0x95, 0xC2, 0xE9, 0xA5, 0xE4, 0x5E, 0xFE, 0x62, 0x63, 0x34, 0x71, 0x73, 0x71, 0xAE, 0xE2,
    0x66, 0xE2, 0x2A, 0x5B, 0x9C, 0x06, 0x16, 0xBC, 0x88, 0x1D, 0x6A, 0xDD, 0xFB, 0x74, 0x92, 0xF2,
    0x25, 0x26, 0x6F, 0xC9, 0xC5, 0x2F, 0x3D, 0x26, 0x99, 0xF8, 0x6F, 0x78, 0xB5, 0xD8, 0x56, 0xDE,
    0x8C, 0x40, 0x8F, 0xEB, 0x95, 0x58, 0xD1, 0xE3, 0xDC, 0x7A, 0x06, 0x54, 0x8B, 0xFB, 0x76, 0xB0,
    0xE0, 0x45, 0xB0, 0xC3, 0x75, 0x5E, 0xBC, 0x30, 0xDA, 0x51, 0x9C, 0xF0, 0x27, 0xBE, 0x14, 0xB3,
    0xDC, 0xE7, 0x7D, 0x19, 0x26, 0x5E, 0x7C, 0x01, 0xA5, 0x98, 0xE6, 0xBE, 0x8D, 0x42, 0x8C, 0x73,
    0x57, 0x30, 0xBF, 0xF6, 0xBC, 0x90, 0xBD, 0x1B, 0xFD, 0x32, 0xC9, 0x8A, 0x2E, 0xC3, 0xA4, 0xB6,
    0xD6, 0x83, 0x5A, 0x8B, 0xCA, 0x23, 0x9F, 0xE5, 0xA2, 0x41, 0x2E, 0x16, 0x3F, 0x75, 0xB2, 0xF9,
    0x64, 0xF1, 0x9A, 0x68, 0x2E, 0xF5, 0x6B, 0x17, 0x2E, 0x20, 0x34, 0xCB, 0xD8, 0xE4, 0x3A, 0x1A,
    0x85, 0x0C, 0xC3, 0x68, 0x35, 0x86, 0x6F, 0x90, 0xCA, 0x69, 0x52, 0xE7, 0x8E, 0x42, 0x1A, 0xC0,
    0x59, 0x84, 0x1C, 0x42, 0xE2, 0xA6, 0xD3, 0x33, 0x7B, 0x53, 0x6A, 0xDE, 0xD0, 0x39, 0x70, 0xBF,
    0x9C, 0xC0, 0x58, 0x16, 0x9D, 0x85, 0x17, 0xB2, 0x4D, 0xB6, 0x41, 0x04, 0x44, 0x88, 0x80, 0xBE,
    0x43, 0x1B, 0xC7, 0x2A, 0x46, 0x4E, 0x88, 0x3A, 0xD1, 0xFE, 0xAB, 0x62, 0x52, 0xCE, 0xF1, 0x89,
    0x12, 0xCB, 0xB1, 0x61, 0x14, 0xB5, 0x9E, 0x41, 0xE4, 0x64, 0x04, 0xEA, 0x41, 0x36, 0x43, 0x63,
    0xD9, 0x51, 0xB2, 0x15, 0xC5, 0x14, 0x5E, 0xCC, 0xF7, 0x25, 0x18, 0x02, 0xBB, 0x8F, 0x83, 0x66,
    0x9B, 0xFD, 0xE4, 0x7E, 0xD2, 0xAF, 0x6F, 0x44, 0x49, 0xD1, 0x8A, 0xFB, 0xED, 0xDD, 0x8C, 0x36,
    0xE1, 0x84, 0x03, 0x9D, 0x86, 0x2B, 0x11, 0x76, 0xDC, 0x88, 0x9A, 0x15, 0x90, 0xCD, 0x15, 0xE4,
    0x21, 0xF8, 0xF0, 0xD8, 0xBD, 0x3C, 0x04, 0xCA, 0x0F, 0x7E, 0x58, 0x1D, 0x1F, 0x56, 0xF2, 0xB0,
    0x96, 0x87, 0x4E, 0x1E, 0x5E, 0xCA, 0x02, 0x7C, 0xDC, 0x61, 0xB6, 0x44, 0x4A, 0x64, 0x90, 0xC8,
    0xA2, 0x8B, 0x72, 0x7C, 0xF4, 0xCF, 0x66, 0x75, 0xC3, 0x26, 0x4E, 0xE5, 0x12, 0xA0, 0x76, 0x2C,
    0xA7, 0x92, 0x31, 0xF1, 0x9C, 0x7E, 0x00, 0x91, 0x52, 0x84, 0xC7, 0x37, 0xC9, 0xE2, 0x62, 0x93,
    0x0A, 0xF0, 0x8A, 0xFC, 0x22, 0x7E, 0x23, 0x9D, 0x17, 0xE9, 0x74, 0xA8, 0xD3, 0x59, 0xA5, 0xD3,
    0xC2, 0x36, 0xB6, 0x93, 0xD3, 0x97, 0xE9, 0x2C, 0xD2, 0x69, 0x86, 0x74, 0x8E, 0x72, 0x86, 0x3C,
    0x9D, 0x59, 0x3A, 0x31, 0xA1, 0xE4, 0xEA, 0x11, 0x9F, 0x50, 0xFA, 0x01, 0xC0, 0xBA, 0x93, 0xBE,
    0x3C, 0x5E, 0x7A, 0xF9, 0x01, 0x4D, 0xB6, 0xCC, 0xCA, 0x40, 0xDC, 0x74, 0x02, 0xE9, 0x96, 0x6B,
    0x04, 0x62, 0x40, 0x3E, 0x71, 0xE9, 0xE2, 0x6B, 0x39, 0x87, 0xAA, 0xAB, 0x3A, 0x97, 0x1A, 0xBB,
    0x82, 0x09, 0xAF, 0x20, 0x1B, 0x77, 0x29, 0x3D, 0x46, 0x2F, 0xF0, 0xA9, 0x7B, 0xF7, 0xEE, 0x75,
    0xCF, 0xA3, 0x45, 0xDB, 0xD4, 0xDE, 0xFA, 0x62, 0xCC, 0x03, 0x02, 0x3E, 0x0B, 0x9C, 0xBD, 0xE6,
    0x59, 0xCF, 0xA3, 0x88, 0xF2, 0x6B, 0x71, 0xDF, 0xE0, 0x92, 0xFD, 0x4E, 0xE8, 0x61, 0x46, 0xDD,
    0x00, 0xAD, 0xB0, 0x1D, 0x16, 0xD4, 0xB4, 0xC5, 0x31, 0x30, 0x5B, 0xC6, 0xE2, 0x01, 0x66, 0xE2,
    0xF3, 0x90, 0xA0, 0x0A, 0xCF, 0x45, 0xF4, 0xE1, 0x95, 0xF8, 0xEE, 0xBB, 0xBF, 0x0D, 0x6D, 0xFC,
    0x7C, 0xF4, 0xF5, 0x52, 0x6C, 0x38, 0xEB, 0x70, 0x17, 0x38, 0x43, 0x2A, 0x91, 0x26, 0x11, 0x3E,
    0x4D, 0xC0, 0x06, 0xF5, 0x92, 0xBA, 0x29, 0x3B, 0xED, 0x00, 0xE7, 0xEC, 0x2E, 0xCC, 0x54, 0x73,
    0x71, 0x8E, 0x31, 0xA5, 0x9E, 0x1F, 0xC7, 0xA6, 0xFC, 0x25, 0x17, 0xC6, 0x85, 0x10, 0x08, 0x1E,
    0xAE, 0xA9, 0x12, 0xA0, 0x26, 0xB8, 0x0E, 0x57, 0x70, 0x0D, 0x28, 0x2D, 0x9B, 0x28, 0x6D, 0x44,
    0x4F, 0xD5, 0x3D, 0x6A, 0x80, 0x6F, 0x25, 0x39, 0x97, 0x81, 0x3A, 0x36, 0xC0, 0xD9, 0x1D, 0xF0,
    0x78, 0x19, 0x32, 0xA4, 0xEE, 0x9B, 0x33, 0xD6, 0x62, 0x36, 0x53, 0x16, 0x24, 0x90, 0x4E, 0x3F,
    0xE3, 0x3E, 0xEA, 0x87, 0x66, 0x96, 0x81, 0x29, 0xC9, 0x3D, 0x6C, 0xC1, 0xDC, 0xC5, 0xB8, 0xC6,
    0x57, 0x21, 0xC7, 0x57, 0x00, 0xD4, 0x0C, 0xD2, 0x38, 0xF1, 0x95, 0xC6, 0xFE, 0xA7, 0x20, 0x01,
    0x09, 0x53, 0xED, 0xE2, 0x99, 0x6F, 0x27, 0xA0, 0xB3, 0x0B, 0x42, 0xDD, 0xC9, 0xEF, 0x62, 0x2D,
    0xB5, 0x8B, 0xC7, 0x0F, 0xD4, 0xBE, 0xA9, 0xC7, 0xDD, 0x23, 0x3D, 0x5E, 0x04, 0xF9, 0xB2, 0xFB,
    0xFF, 0xE8, 0xF1, 0xF3, 0xFE, 0xDD, 0x9F, 0xBF, 0xEF, 0x71, 0x13, 0xE9, 0xF1, 0xD7, 0x69, 0x60,
    0xA3, 0x06, 0x7E, 0x6B, 0xC2, 0x9A, 0xD3, 0xC0, 0xB9, 0x1C, 0x73, 0xBE, 0xEE, 0x0D, 0x75, 0xC3,
    0x88, 0x69, 0xD1, 0x16, 0x33, 0xFA, 0xBE, 0x43, 0x3F, 0x01, 0x87, 0xBD, 0x81, 0x1D, 0x0D, 0xEC,
    0x4F, 0x06, 0xBE, 0x8C, 0xFD, 0x51, 0xCD, 0x42, 0x5B, 0x24, 0x9A, 0xD0, 0x7B, 0x30, 0x8A, 0x19,
    0xB3, 0x12, 0xC0, 0x10, 0xEF, 0x09, 0x09, 0xA2, 0x55, 0x3A, 0x28, 0x6D, 0xC7, 0xA8, 0x24, 0x45,
    0x21, 0x19, 0x7B, 0x19, 0x7D, 0xA5, 0x19, 0xFB, 0xC5, 0x72, 0x52, 0x0A, 0x7B, 0x2A, 0x94, 0x4A,
    0x25, 0x3B, 0x2A, 0x0D, 0x4A, 0x7E, 0x4F, 0xA2, 0x48, 0xC7, 0x74, 0x2F, 0x6C, 0x4F, 0x97, 0x4A,
    0x0F, 0x94, 0x16, 0xC2, 0xB3, 0xB9, 0xF4, 0xEA, 0xDE, 0x1E, 0x85, 0x34, 0x49, 0x57, 0x2B, 0xE4,
    0x68, 0xB0, 0x3F, 0x9E, 0xB9, 0xC3, 0xA1, 0x8D, 0x4B, 0x15, 0x50, 0x8C, 0xCE, 0x0D, 0xB0, 0xBE,
    0x3A, 0xB0, 0x27, 0x1B, 0x12, 0x8A, 0xB6, 0x56, 0xC4, 0xF4, 0x47, 0xEC, 0x78, 0xA7, 0x66, 0xBB,
    0xDD, 0x0D, 0x0A, 0xFD, 0xC9, 0xC4, 0xC6, 0xA5, 0x8F, 0x5B, 0xE0, 0x31, 0xAB, 0x33, 0x04, 0xE3,
    0xC6, 0x70, 0x7D, 0xFF, 0x3D, 0xA8, 0x47, 0x1E, 0xFE, 0x77, 0x1C, 0xD9, 0x08, 0x27, 0x02, 0x3D,
    0x41, 0xFD, 0x12, 0xEF, 0x28, 0x3C, 0xB1, 0x6A, 0xE0, 0xC6, 0xEC, 0x8A, 0x4D, 0xC6, 0x91, 0x2D,
    0x3C, 0x14, 0x17, 0x77, 0xA9, 0xF4, 0xCC, 0x35, 0x91, 0xF1, 0x17, 0x1F, 0xF7, 0xCE, 0xA4, 0x27,
    0x1C, 0x38, 0xE2, 0x6B, 0x11, 0x3D, 0x96, 0x3A, 0xFA, 0x6C, 0x59, 0x5B, 0x9F, 0xC7, 0xA1, 0x96,
    0x1F, 0xBD, 0xBC, 0x99, 0x09, 0x9C, 0x85, 0x45, 0x02, 0x94, 0x81, 0xF6, 0xB1, 0x7F, 0x3B, 0x30,
    0x66, 0x99, 0x2A, 0xAA, 0xF4, 0x37, 0x48, 0xD5, 0x97, 0xA7, 0x5D, 0x67, 0xE6, 0xE7, 0x13, 0xAC,
    0xB3, 0x6B, 0x4C, 0x1C, 0x5B, 0x98, 0xD8, 0x5C, 0x03, 0xE3, 0xB3, 0x18, 0x64, 0x6B, 0x1D, 0x88,
    0x45, 0x87, 0xFD, 0x71, 0x86, 0x2C, 0xC2, 0xA5, 0xCF, 0x26, 0xF9, 0x61, 0x61, 0x7C, 0x70, 0x3B,
    0x31, 0x33, 0x18, 0x4C, 0xA0, 0xCD, 0x65, 0x60, 0x9F, 0x76, 0xF8, 0xAC, 0xF5, 0xA1, 0xFA, 0xA9,
    0xAF, 0x62, 0x63, 0x53, 0x1D, 0xBA, 0x2A, 0x3B, 0xBE, 0x6E, 0x5B, 0x74, 0xBF, 0x9B, 0x8F, 0xF8,
    0xC3, 0x43, 0x9C, 0xD1, 0x7A, 0xD8, 0xC8, 0x22, 0xB3, 0x7D, 0x9F, 0x6F, 0x1F, 0x9F, 0xBE, 0x59,
    0xA6, 0x47, 0xAF, 0x3C, 0x95, 0x3F, 0x25, 0x8D, 0x45, 0xAA, 0xC8, 0xAD, 0x8B, 0x7D, 0x97, 0x59,
    0xEF, 0x1F, 0xE1, 0xFF, 0xE6, 0x51, 0xFE, 0x17, 0x01, 0x85, 0x67, 0xC6, 0x1D, 0xB2, 0x05, 0x31,
    0xF9, 0xD2, 0x6C, 0x30, 0x73, 0x35, 0xC2, 0x4C, 0x07, 0xC0, 0xFC, 0x7A, 0x04, 0x0A, 0x06, 0x45,
    0x49, 0xB0, 0x3F, 0xA7, 0x94, 0x7F, 0x9D, 0xA9, 0x65, 0x65, 0xCF, 0x3D, 0x50, 0x7B, 0xD7, 0xC0,
    0x75, 0x4E, 0x52, 0xE5, 0xC0, 0x50, 0x7C, 0xD8, 0xD0, 0xFF, 0xFE, 0x9A, 0x64, 0xAC, 0x33, 0x9C,
    0xD1, 0xC9, 0x92, 0x8B, 0x3F, 0xD8, 0xCF, 0xB4, 0xB1, 0xF2, 0x92, 0x6D, 0x3B, 0xB0, 0x5D, 0x91,
    0x7B, 0xC8, 0x9B, 0xAD, 0x6C, 0xE2, 0x25, 0xE2, 0x8C, 0x7E, 0xC4, 0xB3, 0x32, 0x76, 0xCF, 0x36,
    0xD9, 0xEB, 0xC8, 0x22, 0x03, 0x66, 0x85, 0x8B, 0x36, 0x8E, 0x71, 0x83, 0xDB, 0x2E, 0xFF, 0x2C,
    0xE5, 0x71, 0x60, 0x1B, 0x6D, 0x64, 0x7F, 0xB1, 0xB1, 0x73, 0xE2, 0x6C, 0x61, 0xE3, 0xD2, 0xAD,
    0x04, 0x8D, 0x04, 0x17, 0x35, 0x4C, 0x60, 0xE8, 0x80, 0x71, 0xD6, 0xA8, 0x14, 0x47, 0x90, 0x68,
    0x53, 0x51, 0x3D, 0x41, 0x63, 0x6E, 0xF8, 0xB2, 0x86, 0x9D, 0x0F, 0xB5, 0xB8, 0xEC, 0x5D, 0x5F,
    0x4B, 0x04, 0x46, 0xB8, 0x8E, 0x2D, 0x2F, 0xF8, 0x28, 0xD0, 0x30, 0x31, 0x8A, 0x3E, 0x55, 0x27,
    0xDA, 0x82, 0x28, 0x0B, 0xA2, 0x2B, 0x88, 0xAA, 0x51, 0x35, 0x51, 0x91, 0xF5, 0xAA, 0x87, 0x6A,
    0xEA, 0x4E, 0xB5, 0xA8, 0x12, 0xD5, 0x41, 0x01, 0x07, 0x09, 0x81, 0xD5, 0xB0, 0xF2, 0x62, 0x91,
    0xFA, 0x5D, 0x1F, 0xD0, 0x84, 0x48, 0x03, 0x10, 0x3D, 0x7B, 0x7E, 0x0E, 0x9A, 0x8E, 0x51, 0xCA,
    0x1B, 0x8B, 0xD7, 0xC4, 0xD7, 0xBD, 0xB4, 0xD7, 0x95, 0xA3, 0xEC, 0xFB, 0x64, 0x0B, 0x2F, 0x43,
    0x96, 0xA0, 0x05, 0x9C, 0xFE, 0x17, 0x09, 0xA1, 0x39, 0xFE, 0xCC, 0xBE, 0x25, 0xE0, 0x5A, 0xD0,
    0xD0, 0x39, 0x9E, 0x63, 0x32, 0xB5, 0x0D, 0xE4, 0x8D, 0x25, 0x8D, 0x12, 0xE7, 0x7F, 0x0A, 0xC8,
    0xA2, 0x89, 0x1E, 0x2E, 0x56, 0x62, 0xDC, 0xE1, 0xA6, 0x18, 0x57, 0x8A, 0x71, 0x45, 0x90, 0xDD,
    0x79, 0xA0, 0x71, 0xE9, 0xDA, 0xCC, 0x82, 0x13, 0x03, 0xD9, 0x04, 0x5A, 0x50, 0x24, 0xEC, 0x68,
    0x9C, 0x13, 0xE3, 0x6E, 0x8B, 0x71, 0x12, 0x55, 0x12, 0xD0, 0x3F, 0xAA, 0xFD, 0xE9, 0x75, 0xC7,
    0x44, 0xFC, 0x2A, 0x88, 0xBB, 0x34, 0x7F, 0x10, 0x5C, 0x05, 0x97, 0x53, 0x6E, 0x97, 0xB7, 0x4C,
    0xE8, 0x89, 0xD4, 0xF9, 0x97, 0x1D, 0xF6, 0x5F, 0x38, 0xDA, 0x0E, 0xB7, 0xD9, 0xCA, 0x94, 0xC0,
    0x8C, 0x1C, 0x61, 0x8F, 0x03, 0x95, 0xAC, 0xA8, 0x71, 0x5C, 0x03, 0x5B, 0xAA, 0x3E, 0x50, 0xF4,
    0xA6, 0x6B, 0xA0, 0xBC, 0x4F, 0x69, 0x03, 0xFA, 0x77, 0xDF, 0x0B, 0x68, 0xE3, 0x37, 0x46, 0xD4,
    0xAB, 0x1D, 0xD2, 0x28, 0x5B, 0x7F, 0x7A, 0x35, 0xFC, 0xE8, 0x69, 0x56, 0xEB, 0xCF, 0x36, 0x0B,
    0xF0, 0x54, 0x76, 0x37, 0x8F, 0xE5, 0xEA, 0xB6, 0x7A, 0x75, 0xEB, 0x3F, 0x2C, 0x58, 0x47, 0x70,
    0xD4, 0xB2, 0x08, 0xE4, 0xDB, 0xE9, 0x25, 0xF8, 0xE3, 0xFE, 0xE3, 0xA6, 0x96, 0xA2, 0x7D, 0xE8,
    0x7F, 0x23, 0x7E, 0x97, 0xAD, 0x27, 0xF9, 0x76, 0xCC, 0x96, 0x22, 0xE4, 0x53, 0x1E, 0x8C, 0x66,
    0x24, 0x69, 0x0F, 0xB1, 0x03, 0x35, 0xA3, 0x62, 0xC3, 0x91, 0x37, 0x44, 0xDC, 0xFF, 0x49, 0xA5,
    0x85, 0x53, 0x7C, 0x6D, 0xD1, 0xB7, 0xA7, 0xBA, 0xB9, 0x95, 0xBC, 0x4E, 0x8F, 0xD0, 0x21, 0xA8,
    0x24, 0x5D, 0xC9, 0x52, 0x90, 0x4A, 0x87, 0xC3, 0x7F, 0xE7, 0xBF, 0x84, 0xFE, 0x08, 0xD6, 0x07,
    0x54, 0x3F, 0x1D, 0x50, 0xC5, 0x06, 0x76, 0x85, 0xA6, 0xCC, 0x33, 0xE0, 0xCB, 0xC8, 0x7A, 0x89,
    0xAB, 0x28, 0x01, 0x1E, 0xE5, 0x8F, 0x36, 0xF9, 0xB3, 0x55, 0x8C, 0x95, 0xD9, 0x20, 0xB3, 0xF4,
    0x34, 0x27, 0xDC, 0x63, 0xE6, 0x44, 0x24, 0x9A, 0xCD, 0x34, 0x76, 0xAC, 0x56, 0xDB, 0xD8, 0xDF,
    0x2C, 0xDB, 0x6D, 0x5A, 0x14, 0x67, 0x94, 0xB1, 0x89, 0x03, 0xB2, 0xD7, 0xE5, 0x27, 0xED, 0xEF,
    0x00, 0x77, 0x25, 0xAB, 0xD9, 0x88, 0x62, 0xB9, 0xE8, 0x9B, 0x62, 0xFE, 0x0B, 0xCE, 0xF6, 0xFF,
    0x2F, 0xFF, 0x2D, 0x95, 0x60, 0xD0, 0xED, 0x5F, 0xED, 0x6D, 0x93, 0xE0, 0x3A, 0x07, 0xF5, 0x9C,
    0x30, 0x25, 0xF8, 0x1E, 0x2D, 0x7A, 0xDB, 0x27, 0x78, 0x07, 0x09, 0x56, 0xC2, 0x44, 0x18, 0x09,
    0x9D, 0x7C, 0x5B, 0x66, 0x1F, 0x84, 0x67, 0x64, 0x6F, 0x3A, 0xA1, 0x6D, 0x6C, 0x44, 0x3E, 0xA1,
    0xEF, 0xAE, 0x8B, 0xB5, 0x7D, 0x93, 0xFA, 0x2B, 0x12, 0x23, 0x75, 0x69, 0x67, 0x5C, 0x70, 0x20,
    0xAB, 0x19, 0xE7, 0x64, 0x37, 0x63, 0xE6, 0xE0, 0x5E, 0xCE, 0x59, 0x20, 0xFF, 0xE7, 0x6C, 0x86,
    0xC4, 0x6F, 0xFD, 0x60, 0xE1, 0x58, 0x54, 0x6F, 0xBF, 0xB5, 0x58, 0x24, 0xFE, 0xE7, 0x57, 0x97,
    0x1B, 0xA0, 0x8A, 0x6C, 0xB9, 0x4F, 0xFE, 0x45, 0xB6, 0x06, 0xF2, 0x8C, 0xE8, 0xC9, 0x01, 0xB1,
    0x81, 0x26, 0x09, 0xA8, 0xB2, 0x19, 0x2A, 0x4E, 0xA7, 0x6C, 0x87, 0x67, 0x1A, 0xD4, 0x01, 0xED,
    0x88, 0x7E, 0x46, 0x0C, 0xF8, 0xED, 0x62, 0xDE, 0x0D, 0xC6, 0xAF, 0xE5, 0xAB, 0x5D, 0x86, 0xC3,
    0x27, 0x24, 0x64, 0xCF, 0x89, 0xEE, 0xEF, 0x05, 0x77, 0xBF, 0x7B, 0x55, 0x82, 0x6E, 0x90, 0x3A,
    0x72, 0xFF, 0xA7, 0xEC, 0xDB, 0xBC, 0x1D, 0xF2, 0xE6, 0xF9, 0xF2, 0x85, 0xB9, 0x6C, 0xFA, 0xEB,
    0xD9, 0x7A, 0x89, 0x7E, 0x61, 0x86, 0x76, 0x81, 0x49, 0xFA, 0xAC, 0x91, 0x3C, 0xCD, 0x25, 0xF8,
    0x4D, 0x18, 0xCD, 0xC0, 0x91, 0xF1, 0x79, 0x3D, 0xE1, 0x8C, 0xE4, 0x90, 0x32, 0xE0, 0x9A, 0xBE,
    0x4B, 0x4C, 0xE8, 0x89, 0x55, 0x27, 0xCB, 0x09, 0x88, 0x17, 0xD2, 0xEF, 0x03, 0x30, 0xFE, 0x27,
    0xE2, 0x5B, 0x01, 0x32, 0x12, 0x82, 0x1D, 0x91, 0x03, 0x82, 0xF2, 0x17, 0x82, 0x0B, 0xB1, 0x08,
    0x82, 0x83, 0xA0, 0x27, 0x5A, 0x02, 0x9E, 0x17, 0x7C, 0x93, 0x36, 0x7C, 0x9D, 0x0F, 0xA3, 0xB8,
    0xAA, 0x5F, 0x4F, 0x5B, 0x50, 0x3C, 0x0D, 0xA4, 0xB9, 0x31, 0xE3, 0x0A, 0x31, 0x0E, 0x4B, 0x16,
    0x63, 0x0C, 0x79, 0xA8, 0xA3, 0xCF, 0x47, 0xDC, 0x84, 0x19, 0x70, 0x0E, 0xE3, 0x11, 0x90, 0x77,
    0xD2, 0x6E, 0x05, 0x00, 0x1C, 0x86, 0x5C, 0xA2, 0xA0, 0x49, 0x5D, 0xDE, 0x60, 0x44, 0xCC, 0x28,
    0x83, 0x89, 0x8D, 0x19, 0xED, 0x1B, 0x0F, 0x0B, 0x5F, 0xD9, 0x18, 0x1B, 0x97, 0xC7, 0x15, 0xD7,
    0xB4, 0x9B, 0x4F, 0x07, 0xE4, 0x31, 0xA0, 0x9C, 0x4E, 0x1B, 0x00, 0x29, 0x8D, 0x16, 0x9A, 0x6F,
    0xF7, 0x85, 0xF7, 0xF5, 0x8B, 0xE3, 0xC7, 0x98, 0x47, 0x58, 0x35, 0xE8, 0x06, 0x15, 0x0F, 0xA0,
    0x85, 0xD7, 0x13, 0xF4, 0x05, 0x3F, 0xCB, 0x69, 0xA7, 0x77, 0x2A, 0x23, 0x50, 0x30, 0x48, 0xFA,
    0x54, 0x96, 0x27, 0x39, 0x34, 0xCE, 0xCB, 0xC8, 0x0E, 0xA5, 0x91, 0x7D, 0x39, 0x6D, 0x1B, 0x39,
    0x44, 0xF2, 0x5F, 0xE0, 0x3B, 0x3D, 0xB7, 0xC5, 0xA5, 0x9A, 0x0C, 0xDA, 0x3B, 0xA2, 0x55, 0x74,
    0x0D, 0x3A, 0x22, 0x05, 0x99, 0x85, 0x9A, 0x1E, 0xB1, 0xB9, 0x6E, 0x3D, 0xDC, 0xA6, 0xC1, 0x97,
    0x4F, 0x78, 0xBA, 0x8A, 0xB0, 0xAE, 0x1F, 0xEA, 0x5B, 0xC5, 0x76, 0x75, 0x1F, 0x71, 0xF9, 0x0A,
    0xAA, 0xF1, 0xBF, 0x00, 0xDD, 0xDA, 0x01, 0xC4, 0x2D, 0x69, 0x9E, 0xDF, 0xF1, 0x4F, 0xD5, 0xB3,
    0xF7, 0x9E, 0xD1, 0x95, 0xE9, 0x1A, 0xCC, 0x32, 0x99, 0xDE, 0xD9, 0x5A, 0x34, 0x3A, 0xD9, 0x3B,
    0x5D, 0x0B, 0x68, 0xBC, 0xF7, 0x56, 0x65, 0x82, 0x41, 0xB0, 0x8D, 0x34, 0x08, 0x66, 0xD0, 0x90,
    0x41, 0x7A, 0x31, 0x18, 0x71, 0xFB, 0x9E, 0xDA, 0x19, 0x04, 0x90, 0x8B, 0x10, 0x02, 0x69, 0x5C,
    0x64, 0x7B, 0x48, 0x37, 0x86, 0xDC, 0xF0, 0xDE, 0x7B, 0x6A, 0xA6, 0x49, 0x00, 0x53, 0x11, 0x6B,
    0x31, 0x98, 0x12, 0x92, 0xC4, 0x8C, 0x98, 0x27, 0x51, 0xBB, 0x5B, 0xDD, 0x53, 0xE7, 0x3C, 0x79,
    0xAB, 0x8E, 0x37, 0xF7, 0x4D, 0xDF, 0x64, 0x10, 0xA6, 0x67, 0xEF, 0x56, 0x3F, 0xF5, 0xFD, 0x3D,
    0xDE, 0x3E, 0xCF, 0x79, 0xBE, 0xFF, 0xE7, 0x39, 0xE7, 0x5C, 0xE7, 0x71, 0xDC, 0x6E, 0xD5, 0xA3,
    0x26, 0x6E, 0x6D, 0xF0, 0x12, 0xC0, 0x97, 0xB8, 0xD8, 0xDA, 0x7D, 0x2E, 0x99, 0x65, 0xB3, 0x7C,
    0x12, 0x26, 0xBB, 0xA8, 0x88, 0xCA, 0xAD, 0xD5, 0x51, 0x33, 0x6E, 0xAD, 0x5F, 0xDB, 0xEF, 0xC2,
    0x4B, 0x28, 0xF1, 0x32, 0xBE, 0x42, 0x9E, 0x3A, 0x55, 0x9A, 0x1C, 0xDE, 0x58, 0xB2, 0xF9, 0x8D,
    0x53, 0x88, 0xDF, 0x4E, 0x65, 0xFF, 0xE1, 0xA1, 0xEA, 0xE3, 0x9D, 0xA6, 0x1D, 0x35, 0x46, 0xFB,
    0x6C, 0xB0, 0xCF, 0x7B, 0x87, 0xB0, 0xDE, 0x9D, 0x7D, 0xE8, 0xDA, 0xE6, 0x9F, 0x7C, 0x6D, 0x68,
    0x7E, 0x5E, 0x76, 0x55, 0x4A, 0x8A, 0x34, 0x73, 0xE8, 0xF8, 0x0A, 0xEE, 0xE0, 0x02, 0xAF, 0xC1,
    0xED, 0x8F, 0x71, 0x48, 0xA3, 0x3C, 0x7D, 0x6D, 0x52, 0xCC, 0xF9, 0xA2, 0x8C, 0xD9, 0x51, 0x35,
    0x64, 0x27, 0x75, 0xEF, 0xB8, 0xE2, 0xD5, 0x15, 0x94, 0x1B, 0x46, 0xEC, 0x22, 0xD9, 0xF7, 0x3F,
    0xF9, 0x57, 0x42, 0x4A, 0x8B, 0x7C, 0xED, 0x09, 0x11, 0xBB, 0x01, 0x65, 0x8F, 0x0A, 0xEE, 0xC2,
    0x84, 0xDD, 0x9F, 0xBE, 0xF5, 0x96, 0x3A, 0xA5, 0xD4, 0x37, 0x57, 0xE8, 0x56, 0xB4, 0x77, 0xC8,
    0x87, 0x86, 0x5D, 0x6C, 0xFE, 0xF8, 0x51, 0x39, 0x16, 0xBF, 0x48, 0x1F, 0xB4, 0xD2, 0x07, 0x33,
    0x8B, 0x45, 0x1E, 0xDD, 0x17, 0x46, 0xF7, 0x84, 0x61, 0xC5, 0xD6, 0x8B, 0xEE, 0xCA, 0x26, 0x0B,
    0xA7, 0xAF, 0xCF, 0x42, 0x4A, 0x27, 0xF5, 0xBF, 0x3B, 0x95, 0x7D, 0xD3, 0x2A, 0xE2, 0x3D, 0xC2,
    0x08, 0x6E, 0xBD, 0xF5, 0xE6, 0xAD, 0xB7, 0x34, 0x69, 0xAA, 0x53, 0xF7, 0xFB, 0x69, 0xAC, 0x4E,
    0xAD, 0xA3, 0x30, 0x72, 0xB2, 0xEB, 0x39, 0x28, 0xB1, 0xF7, 0x3A, 0x9A, 0xF6, 0xFE, 0xCA, 0x6E,
    0x42, 0xF5, 0xA3, 0x11, 0xE5, 0x47, 0xFD, 0xCA, 0x5F, 0xB4, 0x28, 0x12, 0x9B, 0x76, 0x6B, 0x55,
    0x46, 0x88, 0xB0, 0x5B, 0xF9, 0xDB, 0xDF, 0xF8, 0xF3, 0xBF, 0xCF, 0x21, 0xA5, 0xE3, 0xC6, 0xE5,
    0xBA, 0x72, 0xD5, 0xC6, 0xBA, 0x3F, 0x8F, 0x45, 0xB3, 0xD1, 0xF2, 0x7F, 0x5E, 0x33, 0xBC, 0xBD,
    0x7C, 0xEA, 0xC2, 0xEF, 0x3F, 0x24, 0xA4, 0x85, 0x72, 0x38, 0x50, 0xB5, 0x7B, 0x1A, 0xAF, 0xAF,
    0xD8, 0x54, 0x51, 0x6F, 0xA2, 0x0B, 0x42, 0xC2, 0x21, 0x0D, 0x42, 0xAC, 0x26, 0x65, 0x17, 0x16,
    0x35, 0x27, 0x0D, 0x4F, 0x57, 0x3C, 0xD0, 0xB4, 0xDE, 0x55, 0x0F, 0x16, 0xE5, 0x1C, 0xA2, 0x90,
    0x0E, 0x1D, 0x69, 0x44, 0x3D, 0x61, 0xB7, 0x20, 0x3B, 0xC2, 0x53, 0xDE, 0x5E, 0x71, 0xF4, 0x84,
    0x93, 0x85, 0xE6, 0x95, 0x48, 0x95, 0x3A, 0xBC, 0x89, 0x2F, 0x79, 0xF5, 0xE0, 0x98, 0xF2, 0x53,
    0xCA, 0x8E, 0xAF, 0x79, 0x44, 0xF6, 0xAF, 0x1F, 0xC2, 0x3E, 0xA5, 0x96, 0xDD, 0xC7, 0xD6, 0x87,
    0xD7, 0x1D, 0x47, 0x2E, 0x51, 0xCB, 0xA3, 0x5B, 0x8A, 0x7E, 0xD7, 0xE7, 0x69, 0x0E, 0x43, 0xD9,
    0x56, 0xFF, 0xF9, 0x32, 0x8B, 0xB5, 0x07, 0xEE, 0x8B, 0x17, 0x66, 0xDF, 0x31, 0x5D, 0xE4, 0xD1,
    0x17, 0x3C, 0x7E, 0x1C, 0x22, 0x6B, 0x8C, 0x6B, 0x4C, 0xBB, 0xE1, 0x59, 0x4C, 0x53, 0x18, 0x11,
    0xA7, 0x10, 0xBD, 0x27, 0x3E, 0xCE, 0x63, 0x36, 0xE6, 0xE3, 0x7D, 0x4B, 0x3E, 0x86, 0xFE, 0x42,
    0xF3, 0xF3, 0xA1, 0xE8, 0x5E, 0x57, 0xA4, 0xB6, 0x52, 0xB6, 0x78, 0xD7, 0x3A, 0x2C, 0x9B, 0xE4,
    0x33, 0xE5, 0xC0, 0xFE, 0xE1, 0xED, 0x84, 0x22, 0xA5, 0x11, 0xBE, 0xFC, 0x27, 0xE0, 0xEF, 0x50,
    0xA6, 0xD6, 0x83, 0x24, 0x1F, 0x1B, 0xBB, 0xFE, 0x9E, 0x72, 0x5D, 0x29, 0x97, 0xEE, 0x5A, 0xBC,
    0x6B, 0xF6, 0x24, 0x9B, 0x3D, 0x2D, 0xA6, 0x71, 0x7F, 0x4A, 0x7D, 0x13, 0x93, 0xDB, 0xDE, 0x06,
    0x64, 0x31, 0x8B, 0x8A, 0xA1, 0x18, 0xD4, 0x6D, 0xDD, 0x3A, 0x3A, 0xDA, 0xC5, 0xDD, 0xA4, 0xEE,
    0xEB, 0xDE, 0xC1, 0xC1, 0xF6, 0x27, 0x49, 0xA2, 0xE9, 0x9B, 0x5E, 0x39, 0x96, 0xA3, 0x30, 0x85,
    0x89, 0xC5, 0x42, 0xA3, 0xE1, 0x65, 0x2F, 0x03, 0x87, 0x94, 0xD2, 0xB0, 0xE1, 0x5B, 0xEF, 0xBF,
    0xFF, 0xFD, 0x01, 0xE1, 0x57, 0xE2, 0x90, 0x86, 0xC3, 0xFA, 0xD8, 0x4E, 0x31, 0x73, 0xFA, 0xA0,
    0x0B, 0x43, 0x16, 0xCB, 0x5B, 0xED, 0x77, 0xEE, 0x54, 0x97, 0x17, 0x6F, 0x94, 0x77, 0x7E, 0xE7,
    0x8F, 0x5E, 0xBE, 0xF3, 0xF9, 0x0F, 0xAB, 0xF1, 0x2B, 0x1F, 0xDE, 0x89, 0xBF, 0xF3, 0xE1, 0xC5,
    0x87, 0x77, 0xBE, 0xFD, 0xE4, 0xE2, 0x8D, 0x8B, 0xB7, 0xBF, 0x14, 0x5F, 0x17, 0xAE, 0xA4, 0xEB,
    0x36, 0x4B, 0x33, 0xF8, 0xDB, 0xEF, 0x3F, 0x3C, 0xA4, 0x21, 0xA5, 0xDE, 0xBF, 0x55, 0xA4, 0xBE,
    0xCE, 0xC7, 0x0B, 0xF1, 0x0D, 0xDF, 0xBE, 0x6A, 0x17, 0x7E, 0x70, 0x57, 0x2C, 0xBF, 0x3F, 0xE4,
    0x09, 0x78, 0x0F, 0x59, 0xFC, 0x15, 0xF8, 0xD6, 0xF7, 0x3F, 0x59, 0x9F, 0x2E, 0xA5, 0x71, 0xBF,
    0x96, 0xF2, 0xAB, 0x1F, 0xCC, 0x06, 0xFC, 0xF6, 0x5B, 0x6F, 0xBD, 0xD5, 0x6E, 0xC3, 0x36, 0xB8,
    0xD5, 0x3A, 0xCC, 0xA1, 0x3F, 0x16, 0x7D, 0x53, 0xF6, 0x4D, 0xD1, 0xED, 0x59, 0xE4, 0x93, 0xDD,
    0xA0, 0x6A, 0xDD, 0x97, 0x8F, 0x8A, 0xD6, 0xBD, 0xF7, 0x1F, 0x1D, 0xD2, 0x9C, 0xD2, 0x04, 0xB7,
    0x48, 0x53, 0x18, 0x8E, 0xBB, 0xBE, 0xB9, 0x6A, 0xDC, 0x63, 0xF1, 0x4A, 0x74, 0xE8, 0x14, 0x51,
    0xB6, 0xBC, 0x6A, 0xB9, 0x7F, 0xD5, 0xB2, 0xE5, 0xEE, 0x2E, 0x56, 0xA9, 0xCF, 0x1E, 0xF1, 0x83,
    0x7C, 0x09, 0xCB, 0x2E, 0x96, 0x43, 0xD5, 0xDD, 0x73, 0xE1, 0x0F, 0xC8, 0x3A, 0xB7, 0xA9, 0x07,
    0x07, 0xEA, 0xFE, 0xBC, 0x73, 0x4E, 0x34, 0x5D, 0x76, 0xA4, 0x69, 0xF3, 0x85, 0xBD, 0x95, 0x07,
    0x61, 0xE6, 0xA9, 0x30, 0x71, 0x12, 0x22, 0x8B, 0xDD, 0xC6, 0x62, 0x5C, 0x59, 0x0E, 0xB2, 0x59,
    0xD9, 0xAF, 0xD6, 0x4D, 0x2F, 0x2C, 0x59, 0xBA, 0x62, 0x4A, 0x3F, 0xFD, 0xB3, 0x6E, 0x97, 0xD2,
    0x1F, 0x26, 0xC5, 0x8F, 0x97, 0x62, 0x51, 0xFE, 0xF0, 0x61, 0xF6, 0x50, 0xD9, 0x43, 0xBD, 0xB1,
    0xE9, 0x9E, 0x71, 0xDF, 0xC2, 0xC1, 0xF3, 0xD7, 0x3B, 0x29, 0x2D, 0x8A, 0x94, 0xD2, 0xAC, 0x49,
    0xC3, 0x22, 0x4B, 0xE9, 0x87, 0x8B, 0x90, 0xD2, 0x8F, 0x66, 0x65, 0x4A, 0x1F, 0xCD, 0xAA, 0x94,
    0xBE, 0x37, 0xA9, 0x53, 0xFA, 0xBB, 0x51, 0x93, 0xD2, 0x6E, 0x63, 0x71, 0xE6, 0x78, 0xC5, 0x53,
    0x39, 0x6C, 0xEC, 0xAF, 0x78, 0xBC, 0x62, 0x9D, 0x96, 0xAA, 0x57, 0xA6, 0xA5, 0xEE, 0x84, 0xB4,
    0x34, 0x2D, 0x69, 0x6E, 0xF0, 0xCA, 0xB4, 0xD2, 0x37, 0xF7, 0xE0, 0xE9, 0x0D, 0x1E, 0xC1, 0xF2,
    0x8C, 0xD9, 0xC6, 0x7C, 0x86, 0x70, 0xE6, 0xB4, 0x31, 0x52, 0x74, 0x75, 0x6C, 0xD6, 0xFF, 0x86,
    0x5B, 0x8C, 0xF4, 0x42, 0x2F, 0x5F, 0xA8, 0xA9, 0x56, 0x36, 0x47, 0xAF, 0x8C, 0xE0, 0x95, 0x98,
    0xA5, 0x51, 0x39, 0x28, 0xFB, 0xB5, 0x55, 0x9D, 0xBA, 0xD5, 0x38, 0x37, 0x0F, 0x78, 0xC2, 0xE2,
    0xD6, 0xB1, 0xDD, 0xA7, 0x08, 0x19, 0xF6, 0xB3, 0x7C, 0x7A, 0xAA, 0xE8, 0x1B, 0x65, 0x57, 0x6B,
    0xD4, 0x6D, 0xA3, 0x76, 0x4F, 0xE3, 0xC1, 0x76, 0xBF, 0xEB, 0x9E, 0x59, 0x1D, 0xA2, 0x22, 0x75,
    0xBC, 0x0D, 0xC8, 0xBB, 0xBC, 0x13, 0xC6, 0x10, 0x99, 0x2D, 0x3C, 0xB0, 0x77, 0x7E, 0x0B, 0x97,
    0xB1, 0x8C, 0xC2, 0x1C, 0x66, 0xF9, 0x92, 0x2F, 0xE7, 0x5E, 0x35, 0x96, 0xA3, 0x7D, 0xBB, 0x6F,
    0xB3, 0x25, 0x5B, 0xEC, 0xC6, 0xDD, 0xA8, 0x6E, 0xAB, 0xD6, 0x85, 0x0B, 0x9F, 0xBA, 0xD6, 0x5A,
    0xF2, 0x56, 0x9E, 0x06, 0x8A, 0x9E, 0xB2, 0xA7, 0x72, 0xCE, 0xBB, 0xA8, 0x3A, 0x66, 0xD4, 0xAD,
    0x3C, 0xA2, 0x61, 0xD7, 0x9F, 0xB3, 0x74, 0xCE, 0x7B, 0xF0, 0x94, 0xC7, 0xF0, 0x44, 0x16, 0x35,
    0x2C, 0x42, 0xEF, 0xC4, 0xA2, 0x6C, 0xC3, 0xD1, 0xED, 0xA3, 0xD7, 0x95, 0x97, 0x0E, 0x29, 0x5E,
    0xBA, 0x58, 0x20, 0xFA, 0x70, 0x41, 0x18, 0xF2, 0x7E, 0x46, 0xD9, 0x15, 0xD9, 0x84, 0xDA, 0x9D,
    0x3C, 0xE2, 0xBE, 0x7F, 0xFC, 0xFD, 0x4F, 0x30, 0x39, 0xA4, 0x44, 0x18, 0xD7, 0x37, 0xED, 0xD9,
    0xB1, 0x18, 0xA8, 0x50, 0x6C, 0x8E, 0x67, 0xD7, 0xDF, 0xC2, 0x4B, 0xED, 0xAF, 0xA9, 0xAE, 0x37,
    0xCF, 0x75, 0xD5, 0xE9, 0x5C, 0xD7, 0xE3, 0xBA, 0xDF, 0xEA, 0x9A, 0xCA, 0x7E, 0xAD, 0x2B, 0xBF,
    0xCA, 0xB5, 0xAE, 0x2C, 0x96, 0x3D, 0x22, 0x55, 0x47, 0x18, 0x68, 0x50, 0x76, 0x2C, 0xA8, 0x09,
    0x23, 0xEE, 0x53, 0xB6, 0x98, 0xB8, 0x40, 0x18, 0x65, 0xD1, 0xE6, 0xB8, 0xFB, 0xD9, 0xFB, 0x54,
    0x94, 0x29, 0x6D, 0x8E, 0x55, 0x3A, 0x9D, 0xEB, 0x82, 0x5B, 0x80, 0x34, 0x6D, 0x75, 0x85, 0x7E,
    0xD9, 0xC6, 0x14, 0xFD, 0x03, 0x2A, 0x8A, 0xEE, 0x01, 0x77, 0xE1, 0x09, 0x33, 0x2C, 0xF2, 0x78,
    0x5E, 0x87, 0xAD, 0xAE, 0xD4, 0x2A, 0xE1, 0x95, 0xE8, 0x1E, 0xE4, 0xB3, 0xC7, 0xF8, 0xBD, 0x6C,
    0xD9, 0xF6, 0xEB, 0x32, 0x5B, 0xB6, 0xFD, 0xBA, 0xCC, 0xE7, 0x6D, 0xBF, 0xEE, 0x17, 0x71, 0xDB,
    0xAF, 0x2A, 0x75, 0xDB, 0x7E, 0x65, 0xFF, 0xEC, 0xD7, 0xB6, 0x5F, 0xAF, 0x41, 0x42, 0x9E, 0x10,
    0x12, 0xB2, 0x13, 0xBC, 0xED, 0xE6, 0x25, 0x5E, 0x23, 0x5B, 0x11, 0x46, 0x94, 0x03, 0xF6, 0xFD,
    0x79, 0xA8, 0x6A, 0x41, 0x1A, 0x08, 0x27, 0x94, 0x9B, 0x5C, 0x8F, 0xA6, 0x5D, 0xB1, 0x5A, 0x34,
    0xCA, 0x51, 0xA3, 0x1E, 0xAE, 0x5A, 0xD3, 0x29, 0xD2, 0x11, 0xEF, 0x3C, 0x04, 0x33, 0xC8, 0x12,
    0x90, 0x7A, 0x50, 0x47, 0x90, 0x2F, 0xC0, 0x1D, 0xCF, 0x5F, 0x16, 0x90, 0x1D, 0x71, 0x9E, 0x1A,
    0xC5, 0x39, 0xCA, 0x04, 0xEE, 0x9C, 0xE3, 0xE2, 0x00, 0xE2, 0x16, 0xD9, 0xB8, 0x6F, 0x11, 0xFA,
    0xA6, 0xC3, 0xAE, 0xDB, 0xA2, 0xD4, 0xF4, 0x78, 0xFD, 0x1C, 0x17, 0xE7, 0x38, 0xA4, 0x4D, 0x26,
    0xA5, 0xAD, 0xB4, 0x51, 0x35, 0xB2, 0xEB, 0x95, 0x23, 0x65, 0xAB, 0x8C, 0x54, 0xB6, 0xB8, 0x7B,
    0x8E, 0x4B, 0x8A, 0xC8, 0x44, 0x31, 0xD9, 0xA7, 0x3E, 0xDF, 0xFE, 0xB9, 0xEA, 0xC3, 0x36, 0x1E,
    0xAF, 0x81, 0xEC, 0xA6, 0xA8, 0x7A, 0x02, 0xA9, 0x85, 0x7C, 0x7A, 0xF1, 0xCB, 0x74, 0x0B, 0x68,
    0x3A, 0xC8, 0xD2, 0x08, 0xBB, 0xBF, 0x9C, 0xA0, 0x6E, 0x9F, 0xC0, 0x77, 0x54, 0x2F, 0x7C, 0x99,
    0x59, 0x0B, 0xCA, 0x39, 0xEB, 0xD1, 0x9C, 0x42, 0x8F, 0xC7, 0xFB, 0x5F, 0xB4, 0x88, 0xD5, 0x09,
    0xFA, 0x30, 0xBF, 0xF0, 0x65, 0xDE, 0x53, 0x43, 0xB2, 0xEF, 0xB6, 0x38, 0x74, 0x78, 0xAA, 0x01,
    0xBC, 0xF0, 0xF5, 0x79, 0xBD, 0x05, 0x69, 0x84, 0xD0, 0xC7, 0x2D, 0xBA, 0x0F, 0x6F, 0xC6, 0x7F,
    0x88, 0x90, 0xA5, 0x1E, 0x7C, 0xF1, 0x45, 0xAE, 0x16, 0x20, 0xA4, 0xAB, 0x6B, 0xB9, 0xD9, 0xD9,
    0x74, 0x17, 0xB8, 0x7B, 0xDD, 0x79, 0x9C, 0x98, 0x91, 0xC5, 0x13, 0xD3, 0xB6, 0x12, 0x47, 0xDE,
    0x43, 0xF1, 0xDD, 0xC5, 0x17, 0xA1, 0xCA, 0x17, 0x17, 0x70, 0x37, 0x2C, 0x1E, 0xC3, 0x1C, 0x16,
    0xE7, 0x41, 0x21, 0xA5, 0x6D, 0x50, 0xBF, 0x4B, 0x29, 0xA2, 0xEC, 0x8A, 0x98, 0x47, 0xD4, 0x29,
    0x9D, 0x3B, 0xCD, 0xDA, 0x19, 0x31, 0x2B, 0xC7, 0xAC, 0x23, 0x8F, 0xAA, 0x81, 0xAD, 0xC4, 0xBA,
    0x97, 0x8F, 0xCA, 0x76, 0xED, 0x84, 0x41, 0x43, 0xD3, 0xDB, 0xF5, 0xEE, 0x6F, 0x9D, 0xB2, 0x37,
    0xD1, 0x74, 0xCA, 0xFE, 0x90, 0xFA, 0x7A, 0xAD, 0xA2, 0x4B, 0xE7, 0x83, 0x83, 0xD4, 0x92, 0x7D,
    0xB0, 0x6A, 0xD6, 0x6B, 0x3F, 0x4F, 0xFF, 0xE5, 0x30, 0x2A, 0x67, 0xE5, 0x70, 0x1E, 0x28, 0xB9,
    0x62, 0xBE, 0x50, 0xF4, 0xBB, 0x99, 0xA2, 0x2B, 0x23, 0x54, 0x23, 0xD4, 0x3D, 0x34, 0x37, 0xB8,
    0xEF, 0x9E, 0xF1, 0xF0, 0xAC, 0xBF, 0xF1, 0xE6, 0x23, 0x2F, 0xD4, 0x23, 0x97, 0xCA, 0xC8, 0xA2,
    0x58, 0x56, 0x86, 0xD4, 0xE6, 0x33, 0x87, 0x4F, 0x3E, 0x98, 0xA9, 0xCE, 0x9B, 0xF0, 0xCE, 0x23,
    0x78, 0x19, 0xFC, 0x2E, 0x78, 0x65, 0x80, 0x2C, 0x82, 0x19, 0x4C, 0x08, 0x29, 0xC2, 0xD3, 0x16,
    0x6A, 0xCF, 0x66, 0xAB, 0x23, 0xEC, 0x16, 0x70, 0x00, 0x45, 0xEB, 0xE6, 0xA5, 0xD9, 0xB6, 0xF5,
    0x4C, 0x89, 0xF9, 0x9A, 0x27, 0x26, 0xD9, 0x91, 0x28, 0x5F, 0x78, 0x4F, 0x58, 0x7C, 0xC1, 0xCA,
    0xEF, 0x10, 0x66, 0x13, 0xBB, 0x49, 0xE4, 0xBC, 0x6B, 0xC5, 0xC6, 0x32, 0x86, 0x91, 0x72, 0x0C,
    0xC3, 0xC6, 0x9E, 0x6A, 0xC8, 0xBB, 0x1B, 0x8B, 0x95, 0x0F, 0x2B, 0x43, 0xAF, 0xE9, 0x14, 0xBD,
    0x7D, 0xA7, 0xEC, 0x1D, 0x5A, 0x55, 0xB7, 0x6D, 0x4D, 0xDB, 0xAC, 0x04, 0x2F, 0xB5, 0xD7, 0x75,
    0xC8, 0xD2, 0xCA, 0xDD, 0x09, 0xEA, 0x11, 0xDE, 0xF5, 0x62, 0x54, 0x91, 0xB5, 0x50, 0x44, 0x68,
    0x16, 0x38, 0x1E, 0xB0, 0x1B, 0xAB, 0x8E, 0x52, 0xE8, 0x5F, 0x84, 0x2A, 0x8A, 0x7E, 0x37, 0x50,
    0x8D, 0x65, 0xA4, 0x1E, 0x56, 0x96, 0x7D, 0xD9, 0x03, 0x2F, 0x80, 0xFF, 0x5D, 0x1C, 0x3A, 0x9A,
    0x91, 0x62, 0xC6, 0x09, 0xE5, 0x4D, 0xEB, 0xA3, 0xE6, 0x6C, 0x4C, 0xC2, 0xC9, 0xEA, 0xBA, 0x99,
    0x86, 0xEB, 0x7B, 0xDE, 0x0C, 0xED, 0x22, 0xC5, 0xE6, 0x46, 0xB9, 0xD9, 0xAD, 0x56, 0x67, 0xA7,
    0xE6, 0xFA, 0xEE, 0xAC, 0x2E, 0xAB, 0x49, 0xBD, 0x3D, 0xF5, 0x11, 0x5E, 0x62, 0xFB, 0x93, 0x3C,
    0xB5, 0x94, 0x47, 0x34, 0x03, 0x66, 0xB8, 0xE9, 0xE2, 0x2C, 0x23, 0xB9, 0xC6, 0xC9, 0x26, 0x74,
    0x36, 0x12, 0x9E, 0x61, 0xB6, 0x59, 0x6D, 0x5A, 0x67, 0x2F, 0xE5, 0x86, 0xF1, 0x8C, 0xCD, 0xED,
    0x2C, 0xA7, 0x79, 0x86, 0xCE, 0x26, 0xB8, 0xE9, 0x6C, 0x8A, 0xD7, 0x8E, 0x59, 0x7B, 0x3D, 0x64,
    0x3F, 0x91, 0x7F, 0x7C, 0xA4, 0x1C, 0x1A, 0xBE, 0x6A, 0xD7, 0xFD, 0x55, 0x91, 0xDC, 0x0D, 0x15,
    0x65, 0x6C, 0xFA, 0x2B, 0xEC, 0x7B, 0xC5, 0xEA, 0x07, 0x7F, 0x45, 0xFC, 0x9E, 0x39, 0xA4, 0xD3,
    0x39, 0x52, 0x44, 0x52, 0x1D, 0xB7, 0xC8, 0x12, 0x4E, 0xEC, 0xFB, 0xCD, 0xA6, 0x19, 0x36, 0x9F,
    0x2A, 0x6E, 0x32, 0xE5, 0xB3, 0x98, 0x29, 0x27, 0xBB, 0x69, 0x8D, 0xED, 0x64, 0xBA, 0x9C, 0x76,
    0x29, 0x25, 0x65, 0x5C, 0xDB, 0x16, 0x23, 0xD5, 0x39, 0xEA, 0x71, 0x73, 0x6C, 0x7A, 0x75, 0xBF,
    0x59, 0x35, 0x3D, 0xC9, 0x1A, 0xE1, 0xB8, 0xB9, 0x16, 0xF3, 0xF9, 0xEF, 0xE3, 0xEA, 0x7B, 0x3B,
    0xB5, 0xEA, 0x94, 0xD2, 0x7C, 0xD6, 0x6C, 0x41, 0x76, 0x0E, 0x75, 0x0C, 0x1D, 0xEC, 0x97, 0x02,
    0x4C, 0xE9, 0x00, 0x59, 0xDF, 0x2C, 0x90, 0x77, 0x45, 0xC4, 0xF3, 0x4B, 0xBE, 0xDE, 0x51, 0x93,
    0xBA, 0x2D, 0xA5, 0x9E, 0xFB, 0x48, 0x23, 0x8F, 0xC9, 0x52, 0x64, 0x22, 0xFF, 0xE9, 0x4C, 0x24,
    0xFC, 0xD9, 0x72, 0xCE, 0x8F, 0x4E, 0xB2, 0x35, 0xFB, 0x24, 0x1F, 0xD9, 0xF5, 0xA9, 0x5B, 0xB3,
    0xE8, 0x9A, 0x3E, 0x0C, 0x94, 0x6D, 0x3D, 0x86, 0x9E, 0x52, 0x19, 0xCF, 0x59, 0xCC, 0xBB, 0x9E,
    0x4A, 0x58, 0x8A, 0x8E, 0xD7, 0xE5, 0xA9, 0x6C, 0xB9, 0x4B, 0x2A, 0x71, 0xC1, 0xE1, 0xC7, 0xE7,
    0x6C, 0x7E, 0x6A, 0x53, 0xA8, 0x4E, 0x36, 0x85, 0xF2, 0x78, 0xCE, 0xDD, 0x82, 0x89, 0xB0, 0x9C,
    0x95, 0xB3, 0x85, 0x7D, 0x8A, 0x2C, 0x80, 0x2F, 0xC0, 0x25, 0x48, 0xE0, 0xD0, 0x43, 0x15, 0x21,
    0x5F, 0xC0, 0x57, 0x01, 0xC8, 0x9E, 0xB6, 0xD8, 0xA7, 0x99, 0x90, 0xFE, 0x45, 0x6A, 0x95, 0x51,
    0xD3, 0xAF, 0xAD, 0x8C, 0x12, 0xC5, 0x74, 0xFE, 0x20, 0x09, 0xF3, 0xCA, 0x22, 0xAE, 0x2C, 0x23,
    0xF9, 0x52, 0x8D, 0xE4, 0xC7, 0xBA, 0x5F, 0xD9, 0xAC, 0x5C, 0x56, 0x86, 0x6B, 0x76, 0x84, 0x79,
    0xE5, 0x6E, 0x6A, 0x7A, 0xCA, 0xB8, 0x71, 0x5C, 0xB9, 0x9D, 0x2A, 0x69, 0xBA, 0x72, 0x24, 0x29,
    0xA2, 0xB0, 0xAC, 0xAD, 0x8C, 0xA4, 0x9F, 0xA5, 0xEE, 0xFC, 0x82, 0x24, 0x7B, 0xBF, 0x05, 0xFE,
    0x16, 0x48, 0xB0, 0xDB, 0x58, 0xCD, 0x70, 0xE8, 0x90, 0x4D, 0x2F, 0x54, 0x2D, 0xB7, 0x40, 0xDD,
    0x43, 0x8A, 0xD8, 0xFD, 0xC5, 0x8C, 0xAA, 0x7B, 0x80, 0x37, 0x94, 0x2F, 0x52, 0x2D, 0x6F, 0x42,
    0xB9, 0x18, 0xA8, 0x53, 0xE8, 0xB9, 0xBB, 0xFF, 0x45, 0xC7, 0x87, 0x65, 0xC2, 0xC3, 0x30, 0xBF,
    0x40, 0xB5, 0xD4, 0xAA, 0x96, 0x43, 0xD7, 0xF4, 0x1C, 0xDA, 0x95, 0x8D, 0x06, 0x78, 0x81, 0xAA,
    0xC0, 0x1B, 0x7C, 0xC5, 0x53, 0xF6, 0x9A, 0x2E, 0x5B, 0x94, 0xE3, 0x2E, 0x0A, 0x73, 0xD5, 0x73,
    0xDA, 0xA3, 0x59, 0x50, 0x46, 0x54, 0x33, 0xF6, 0x27, 0xB2, 0x55, 0x60, 0x17, 0xCB, 0x51, 0xD5,
    0x87, 0xD9, 0x9E, 0x93, 0x4B, 0xEE, 0xF9, 0x02, 0xBF, 0x05, 0xAF, 0xFC, 0x37, 0xDF, 0x24, 0xA4,
    0xF4, 0xC7, 0x13, 0xF5, 0xC7, 0xEF, 0xFC, 0x72, 0x24, 0xB5, 0x79, 0xEA, 0x84, 0x85, 0x44, 0x11,
    0x49, 0xAD, 0xAA, 0x17, 0x52, 0xA7, 0xE9, 0x94, 0xBF, 0xE8, 0x1D, 0x68, 0xEA, 0xDE, 0x89, 0xA5,
    0xEA, 0xB3, 0xA3, 0x10, 0xAB, 0x21, 0x5F, 0x94, 0x7D, 0x35, 0x84, 0x45, 0xA3, 0x5E, 0x27, 0x5B,
    0xB6, 0x08, 0x51, 0x73, 0x15, 0x65, 0xAF, 0xE9, 0xC2, 0xDC, 0xB0, 0x6F, 0xC3, 0x7C, 0xC9, 0x41,
    0xF8, 0x64, 0xE2, 0x24, 0xA4, 0x41, 0xBE, 0xC8, 0x53, 0x2B, 0xCC, 0x9C, 0x28, 0xA3, 0x3C, 0xD1,
    0xF4, 0x8A, 0xD4, 0x67, 0x89, 0xEA, 0x0F, 0x3F, 0x79, 0x67, 0xE6, 0x5E, 0x9E, 0x52, 0xC7, 0x97,
    0x7C, 0xF9, 0xD1, 0xCD, 0x23, 0xB7, 0xD3, 0xAF, 0x3A, 0x72, 0xBB, 0xF0, 0xE9, 0xEB, 0x90, 0x16,
    0x87, 0x34, 0x1E, 0xD2, 0x74, 0x15, 0xAB, 0x35, 0xDB, 0xCA, 0xCB, 0xCE, 0x91, 0xC7, 0xCD, 0x23,
    0x1F, 0xB7, 0x08, 0x83, 0xDD, 0x44, 0xE8, 0x15, 0x71, 0x8B, 0x32, 0xB2, 0x3B, 0x47, 0xD1, 0x5D,
    0x7F, 0x85, 0xAD, 0x06, 0x4A, 0xEA, 0x9E, 0x72, 0x13, 0x57, 0x9D, 0xE3, 0x75, 0x9A, 0x8E, 0xBB,
    0xE7, 0xB8, 0x38, 0xC7, 0x25, 0x4D, 0xCF, 0xB4, 0x45, 0x88, 0x9B, 0x73, 0x31, 0x50, 0x9E, 0xB2,
    0x43, 0xC7, 0x2E, 0xA5, 0x13, 0xA4, 0x14, 0xE1, 0xF6, 0x9F, 0xC0, 0xF3, 0x27, 0x6F, 0xC7, 0xE7,
    0x4F, 0xDE, 0xC2, 0xF8, 0xD7, 0xA4, 0xDA, 0xE7, 0x0F, 0xE0, 0x06, 0x28, 0xCE, 0x07, 0x70, 0x4D,
    0xFB, 0x04, 0x1E, 0xAB, 0xFE, 0x9A, 0x54, 0xFB, 0xFC, 0x01, 0x55, 0xFB, 0xFC, 0x01, 0xD5, 0x8B,
    0x5F, 0x26, 0xDE, 0x86, 0x4D, 0x58, 0xB9, 0xB1, 0x89, 0xC8, 0x4E, 0xCF, 0xBF, 0x7A, 0x69, 0xD2,
    0x31, 0xA4, 0x53, 0x93, 0x96, 0x90, 0x8E, 0x12, 0x15, 0xA9, 0x75, 0xC1, 0xBE, 0xF7, 0x98, 0xA6,
    0xCF, 0x22, 0xF5, 0x10, 0x06, 0xAA, 0xB1, 0xE8, 0x28, 0x63, 0x89, 0x62, 0xBA, 0x8B, 0xDD, 0xFC,
    0x18, 0x61, 0x89, 0xC8, 0xD3, 0x00, 0xA9, 0xDB, 0x08, 0x4E, 0xCF, 0x98, 0x1D, 0x9F, 0x39, 0x85,
    0x9B, 0x9C, 0x61, 0xB7, 0x32, 0xA4, 0x14, 0xCF, 0xBC, 0x29, 0xB7, 0x71, 0x81, 0xE4, 0x53, 0xCF,
    0x9C, 0xA5, 0x34, 0x92, 0x6F, 0xAB, 0x10, 0x96, 0xEC, 0xFC, 0x69, 0xDA, 0x0C, 0xC2, 0xAC, 0x8C,
    0x76, 0xD3, 0xC6, 0xB8, 0xB2, 0xD8, 0xB8, 0xB6, 0x71, 0x6D, 0xF5, 0xB0, 0x72, 0xDF, 0xA9, 0x86,
    0x3C, 0x51, 0xFF, 0xEC, 0x30, 0xD3, 0xA4, 0xD4, 0xD1, 0xFC, 0x69, 0x8B, 0xE6, 0xE6, 0x39, 0x4E,
    0x8B, 0xFA, 0x2C, 0xB2, 0xF1, 0xC6, 0x55, 0xA4, 0xF3, 0x43, 0xFE, 0x41, 0x44, 0x3E, 0x65, 0x0B,
    0x8A, 0xC1, 0x82, 0xB2, 0xDF, 0xA2, 0x6E, 0xB7, 0x68, 0x64, 0x33, 0xF6, 0x42, 0xC4, 0x53, 0x65,
    0x8F, 0xA3, 0x7B, 0xB0, 0x98, 0xB6, 0x08, 0x03, 0xB2, 0xA5, 0xE8, 0x91, 0x2F, 0x65, 0xB7, 0xC6,
    0x5C, 0x75, 0x08, 0x53, 0xD5, 0x9F, 0x63, 0x40, 0x88, 0xE5, 0x84, 0x5D, 0xDC, 0x9D, 0x50, 0xC4,
    0xB5, 0x70, 0xC5, 0x68, 0x3F, 0xD8, 0xEA, 0x8B, 0x94, 0x83, 0x62, 0x8D, 0xBE, 0x0D, 0x6B, 0x7C,
    0x14, 0xD7, 0xA8, 0xFE, 0x7D, 0x2C, 0x06, 0xEA, 0xEF, 0x4D, 0x75, 0x47, 0xD3, 0xA6, 0x13, 0x1A,
    0x5F, 0x7E, 0xB8, 0x05, 0x78, 0x00, 0x2C, 0x37, 0xE2, 0xCB, 0x79, 0x84, 0xE6, 0xA3, 0x71, 0x8B,
    0xD4, 0x41, 0x75, 0x04, 0x5A, 0x20, 0x1B, 0x11, 0xE6, 0x15, 0x0B, 0x1C, 0xE1, 0x29, 0x34, 0x50,
    0xB6, 0xD8, 0x6D, 0xF5, 0xB4, 0x00, 0xB7, 0xBF, 0xDB, 0x73, 0x48, 0xBD, 0x5D, 0x4A, 0x9D, 0xAA,
    0x3F, 0xB4, 0x1E, 0xD8, 0x33, 0x39, 0x08, 0xA3, 0x93, 0xA2, 0x77, 0x54, 0x76, 0x16, 0xB5, 0x6C,
    0xD1, 0xC8, 0x17, 0x7B, 0x61, 0xF6, 0x54, 0x98, 0x9C, 0x14, 0xD1, 0x49, 0x15, 0x5F, 0x4B, 0x0E,
    0xF1, 0x3B, 0xE9, 0x27, 0x3F, 0xF9, 0x8B, 0xB8, 0x4F, 0x7F, 0x2F, 0xF5, 0xF5, 0xB2, 0x3B, 0xB9,
    0xDD, 0x79, 0x0F, 0xF2, 0x01, 0xBB, 0x88, 0x72, 0x45, 0x35, 0xA0, 0xE9, 0x70, 0x0F, 0x2E, 0x21,
    0x42, 0xF7, 0x99, 0x5A, 0x81, 0x4B, 0x64, 0x27, 0xEC, 0x12, 0xAA, 0x7F, 0xD9, 0x71, 0x6F, 0xD7,
    0x33, 0xE5, 0x71, 0xD5, 0xFE, 0x10, 0x3E, 0x73, 0xAB, 0xBA, 0xFF, 0x3C, 0x29, 0xDE, 0x91, 0xFD,
    0x72, 0xB9, 0x2F, 0xF4, 0x29, 0x0A, 0x6D, 0x33, 0xE0, 0x96, 0xCF, 0x5A, 0xE8, 0x55, 0xDF, 0xE4,
    0x94, 0x2F, 0xF2, 0x14, 0x16, 0xD9, 0xF1, 0x0A, 0x1E, 0x3D, 0x53, 0xF5, 0x99, 0x0B, 0x79, 0x84,
    0x5D, 0x6A, 0xA9, 0xBE, 0xDE, 0x73, 0x37, 0xF4, 0x5C, 0x5C, 0x43, 0xFD, 0x8D, 0x8E, 0xE2, 0x08,
    0x6F, 0x7E, 0x96, 0x56, 0xB7, 0x1F, 0xDE, 0x7E, 0x84, 0xC3, 0x7C, 0x48, 0xD6, 0x79, 0x3E, 0xDE,
    0xAF, 0x33, 0xED, 0x87, 0xAA, 0xF7, 0xAE, 0xA6, 0x2D, 0x7B, 0x93, 0xA7, 0xEA, 0x2E, 0x8C, 0x16,
    0x8D, 0xA2, 0xCF, 0x67, 0x8B, 0xB2, 0x0B, 0x71, 0x17, 0x35, 0x42, 0xDC, 0x77, 0x1A, 0xBB, 0x5F,
    0xCE, 0xEC, 0x15, 0xA9, 0xE5, 0xA9, 0x22, 0xE2, 0x74, 0x1D, 0x75, 0xF4, 0x79, 0xC9, 0xBF, 0x59,
    0x5C, 0x48, 0x3F, 0xF9, 0x4F, 0xE9, 0x9F, 0x4F, 0xF6, 0xA9, 0x4D, 0x69, 0x50, 0x2F, 0x9A, 0xB4,
    0x2A, 0xC8, 0x57, 0x15, 0xDF, 0xA2, 0x48, 0xA3, 0xE6, 0x9F, 0xCE, 0x8E, 0xBB, 0x39, 0x4C, 0x59,
    0x2C, 0x46, 0xCA, 0x9E, 0xF3, 0x07, 0x0E, 0x7B, 0x1C, 0x9E, 0xBF, 0x87, 0xA6, 0xDF, 0xF5, 0xCD,
    0xC7, 0x7B, 0x65, 0x3A, 0x0A, 0x29, 0xF2, 0x8F, 0x70, 0x07, 0x6F, 0x38, 0x0F, 0x0E, 0x23, 0x21,
    0x6E, 0x59, 0xA4, 0x5E, 0xF6, 0x14, 0x45, 0x4B, 0xD9, 0x53, 0x8E, 0x36, 0xD7, 0x30, 0x61, 0xC6,
    0x7D, 0x7C, 0x15, 0x9F, 0xC3, 0xE6, 0xD5, 0x9E, 0xBD, 0xAE, 0xCC, 0x8F, 0xF9, 0xEA, 0x35, 0x17,
    0x63, 0x3E, 0x95, 0x7D, 0x88, 0x75, 0x5B, 0xF6, 0x8D, 0xBD, 0xFD, 0x6E, 0x76, 0x38, 0x74, 0x0E,
    0x13, 0x4F, 0x6F, 0x7A, 0x75, 0xAB, 0xD7, 0xE1, 0x99, 0xD7, 0xB7, 0x40, 0xE1, 0xE6, 0x21, 0x90,
    0x03, 0x2C, 0xC8, 0x27, 0x67, 0x55, 0xBB, 0x0E, 0xB7, 0x79, 0x66, 0xB0, 0x29, 0x6C, 0x0E, 0xAB,
    0x84, 0xD5, 0xC2, 0xAA, 0x61, 0xF5, 0xB0, 0x8A, 0x58, 0x4D, 0x36, 0x95, 0xCD, 0x65, 0x93, 0xF1,
    0x14, 0x0E, 0x67, 0x18, 0xAC, 0x42, 0x56, 0xA3, 0x4D, 0x69, 0x73, 0xBA, 0x96, 0xE2, 0x7A, 0xF2,
    0x32, 0xA2, 0x5E, 0xF0, 0xE4, 0x09, 0xD9, 0xD4, 0xB0, 0xEB, 0xCB, 0x56, 0x29, 0xF4, 0xF8, 0x4C,
    0xAD, 0x1E, 0xE6, 0xED, 0xF9, 0x9B, 0x51, 0x39, 0x55, 0x51, 0xB1, 0xF6, 0xF2, 0xEE, 0x76, 0x07,
    0xC0, 0x67, 0x2B, 0x54, 0xB4, 0xAA, 0x5E, 0x35, 0x2A, 0xA2, 0x10, 0x99, 0xB9, 0xE4, 0x82, 0xBF,
    0x01, 0x6E, 0xCB, 0x92, 0x26, 0x69, 0x4E, 0x1C, 0x59, 0x64, 0x8B, 0x7C, 0x11, 0x56, 0x11, 0x21,
    0x5E, 0xFF, 0xD2, 0x76, 0x54, 0x0E, 0x7F, 0x50, 0xF6, 0xB1, 0xFA, 0xAF, 0x7D, 0x95, 0xDA, 0x72,
    0x91, 0x3F, 0xC4, 0x4B, 0x9E, 0x9D, 0xFC, 0x26, 0x2C, 0xE4, 0x91, 0x30, 0x50, 0x74, 0xDC, 0x06,
    0x5B, 0x66, 0x89, 0x66, 0xBD, 0x4F, 0x38, 0x62, 0x21, 0x5B, 0xC8, 0x17, 0xC2, 0x4C, 0x98, 0x08,
    0xF1, 0xC6, 0x59, 0xF3, 0x68, 0x9D, 0x51, 0xD9, 0x47, 0x57, 0x73, 0xAA, 0x52, 0xAB, 0x5C, 0x9C,
    0xA7, 0x85, 0x30, 0x52, 0x46, 0x9A, 0x99, 0x27, 0x8B, 0x3C, 0x36, 0xDB, 0x8E, 0x97, 0x42, 0xC7,
    0xAF, 0x69, 0xDE, 0x87, 0xB7, 0xB7, 0x6F, 0xC5, 0xC5, 0xDC, 0x0C, 0xEB, 0x97, 0xEE, 0xFC, 0xE1,
    0x4B, 0x00, 0x7E, 0x6D, 0x73, 0x86, 0x0E, 0xBB, 0x58, 0x74, 0x1C, 0x0F, 0xA8, 0x27, 0xEC, 0x07,
    0x76, 0xBF, 0x8C, 0xD4, 0xDD, 0xCC, 0xE7, 0x5C, 0xC2, 0x3D, 0x68, 0xD8, 0xA5, 0x0F, 0x5A, 0xCD,
    0xCF, 0x53, 0xE7, 0xE4, 0xD0, 0x87, 0x49, 0xD3, 0x97, 0xE3, 0x15, 0xAA, 0x5E, 0xDD, 0x37, 0x1B,
    0xDA, 0x2B, 0xEC, 0x69, 0xBA, 0xC3, 0x35, 0x1C, 0xD8, 0xAF, 0x38, 0xDA, 0xB3, 0x68, 0xDA, 0x30,
    0xA9, 0xFB, 0x62, 0x50, 0x4E, 0xFB, 0x56, 0x9E, 0x16, 0x7C, 0xB9, 0x05, 0x60, 0xDF, 0xBE, 0x46,
    0x96, 0x86, 0x37, 0x08, 0x3F, 0x9F, 0x22, 0xBB, 0xAF, 0xA5, 0x91, 0xD2, 0xA1, 0x87, 0x5B, 0x9F,
    0x5E, 0x96, 0x75, 0x70, 0x96, 0xF2, 0x34, 0x68, 0x52, 0x99, 0xA2, 0xE6, 0xF4, 0xE0, 0x1B, 0x91,
    0xD3, 0x58, 0x46, 0x52, 0x5B, 0x8E, 0xB2, 0x45, 0x39, 0xD8, 0xBE, 0xED, 0x0B, 0xB3, 0xBA, 0xB7,
    0x2A, 0x74, 0x42, 0xD4, 0xB4, 0x76, 0x57, 0xA4, 0x88, 0xF6, 0x94, 0xA3, 0xA7, 0x94, 0x83, 0x63,
    0x50, 0xF6, 0x96, 0x52, 0xDD, 0x67, 0xC7, 0xCB, 0x2B, 0xE6, 0x69, 0xD2, 0x74, 0x52, 0xEF, 0x8B,
    0xBC, 0x86, 0xA2, 0x45, 0xD5, 0xAF, 0x18, 0x50, 0x46, 0x84, 0x15, 0xD9, 0x0C, 0x97, 0x70, 0x01,
    0x9F, 0xFB, 0xD4, 0x5B, 0x72, 0xA2, 0xF9, 0xEE, 0x91, 0xC5, 0x61, 0x33, 0xE8, 0x8A, 0x75, 0x0D,
    0xCB, 0x7E, 0x3B, 0x5C, 0xB9, 0xB9, 0x86, 0xFD, 0xFF, 0x5E, 0xC3, 0xF6, 0x7A, 0x0D, 0x4F, 0x0E,
    0xB2, 0xF3, 0x1A, 0xAE, 0x63, 0xCE, 0x6B, 0x28, 0xDC, 0x5C, 0xC3, 0x97, 0xB9, 0x3E, 0x4F, 0x6F,
    0x91, 0x90, 0x2D, 0xD7, 0x6E, 0x61, 0xB8, 0x36, 0xBF, 0xFD, 0xD9, 0x5A, 0x41, 0xB8, 0x5E, 0x27,
    0xCD, 0x8C, 0xE3, 0x42, 0x1E, 0xEF, 0x51, 0xF4, 0x65, 0xEB, 0x65, 0xA1, 0xC3, 0x67, 0x6E, 0x95,
    0x1D, 0xFD, 0x91, 0x90, 0xDA, 0x51, 0xF9, 0xC1, 0x7F, 0xEC, 0x7D, 0xA5, 0x48, 0x9D, 0x3B, 0x79,
    0x82, 0x2F, 0xFA, 0x8C, 0x85, 0xB2, 0x2E, 0x6F, 0x15, 0x71, 0xFD, 0x3F, 0xB1, 0x1E, 0xAF, 0x50,
    0x0D, 0xF2, 0xEE, 0xE6, 0x6F, 0xFC, 0x7E, 0x13, 0x2B, 0x94, 0xCF, 0x08, 0x27, 0xEC, 0x56, 0x84,
    0x23, 0xB2, 0xC9, 0xA7, 0xAF, 0x7D, 0x4A, 0x69, 0x7C, 0x06, 0x9F, 0xBE, 0xDE, 0x44, 0x58, 0xB0,
    0x7B, 0xF6, 0x54, 0x0B, 0xBC, 0x09, 0xC0, 0xED, 0x47, 0x3B, 0x1C, 0xD2, 0x37, 0x08, 0x73, 0xBD,
    0x50, 0xF6, 0xBB, 0x89, 0xC6, 0x6E, 0xE6, 0xA9, 0x6A, 0x61, 0xF1, 0x60, 0x91, 0xCF, 0xD9, 0xFF,
    0x5C, 0x84, 0x69, 0xF7, 0xA3, 0xC5, 0x2E, 0x56, 0xF9, 0xA2, 0x88, 0xF7, 0xC3, 0xAC, 0xF8, 0x1F,
    0x31, 0x4C, 0x8A, 0xBF, 0xEC, 0x77, 0x51, 0x91, 0x14, 0xA3, 0x62, 0x51, 0xF6, 0xD6, 0xFA, 0x5A,
    0xBB, 0xD9, 0x13, 0xAA, 0xF4, 0xF5, 0x89, 0xFB, 0x4D, 0xEA, 0xF9, 0xBD, 0xEC, 0x11, 0xE4, 0x03,
    0x84, 0x69, 0xE3, 0x0C, 0xF9, 0x02, 0x8E, 0xA0, 0x01, 0x15, 0x28, 0x5A, 0xC8, 0xDB, 0x67, 0xCA,
    0x7C, 0x53, 0x76, 0xD8, 0x96, 0x30, 0xD9, 0xC5, 0x95, 0x45, 0xE4, 0xA4, 0x1C, 0x39, 0x2A, 0x07,
    0x36, 0x87, 0x7C, 0x51, 0xDD, 0xF8, 0xF8, 0x69, 0xFE, 0x1F, 0x1F, 0x3F, 0x69, 0x65, 0x38, 0x85,
    0xB6, 0x1C, 0xAB, 0x63, 0xD9, 0x96, 0x7F, 0xBE, 0x9C, 0xDE, 0x55, 0xA6, 0x31, 0xCD, 0x8A, 0xD4,
    0xA6, 0x41, 0xF6, 0xC8, 0xDF, 0x04, 0x79, 0xCF, 0x36, 0x10, 0xE5, 0xCD, 0xDF, 0x50, 0x80, 0x27,
    0x60, 0x86, 0x6C, 0xDC, 0xD8, 0xFD, 0xE6, 0x9D, 0x01, 0x37, 0x96, 0xB8, 0x48, 0x50, 0xBF, 0xD3,
    0xE2, 0xDD, 0xA2, 0x27, 0x8B, 0x61, 0x24, 0xF4, 0x22, 0xF8, 0xCD, 0x3B, 0xBF, 0xEA, 0x4D, 0xB2,
    0x63, 0x98, 0x09, 0xA7, 0xB0, 0xAC, 0xE2, 0x6B, 0xDF, 0xA3, 0xEC, 0xF9, 0xEF, 0x4F, 0xBF, 0x79,
    0x5B, 0xF2, 0x1E, 0xCA, 0xFF, 0x8F, 0x97, 0xC5, 0x23, 0x7E, 0x20, 0x9C, 0x64, 0x8B, 0x32, 0x09,
    0x8B, 0xD7, 0xD3, 0x6A, 0xF6, 0xED, 0xA6, 0x2D, 0xA2, 0x2F, 0x9C, 0x0F, 0xFD, 0xAF, 0xD8, 0xAF,
    0xAC, 0x3A, 0xEA, 0xBE, 0xB1, 0xF2, 0x1E, 0xAA, 0xFE, 0x12, 0x65, 0x3F, 0xAD, 0xFC, 0x61, 0x5C,
    0xF9, 0x51, 0xBF, 0xB1, 0x5B, 0xF9, 0x63, 0x28, 0xFE, 0xFB, 0xC6, 0x05, 0x76, 0x71, 0xE3, 0xB0,
    0xF1, 0x6C, 0x0C, 0xBE, 0x8A, 0x55, 0x83, 0xE6, 0x7B, 0x03, 0x52, 0x6A, 0x71, 0x38, 0x42, 0x3D,
    0x02, 0xD9, 0x43, 0x38, 0x8C, 0x28, 0xD2, 0x80, 0xDB, 0x87, 0x1E, 0xAA, 0xE7, 0x7F, 0xAC, 0xDF,
    0x6E, 0x04, 0x7B, 0xFF, 0x10, 0x4F, 0x77, 0xA9, 0xE7, 0x54, 0xA7, 0x81, 0xE3, 0xF1, 0x9D, 0x48,
    0x1A, 0xCA, 0x28, 0xDB, 0xB6, 0x27, 0x5F, 0x56, 0x86, 0x79, 0xE3, 0xA4, 0x18, 0x85, 0xA8, 0xEC,
    0xED, 0x36, 0x16, 0x51, 0xDD, 0x2A, 0x47, 0x0D, 0xE5, 0xE0, 0x92, 0xB2, 0xCF, 0x26, 0xAA, 0x7E,
    0x37, 0xAE, 0x72, 0x75, 0xF7, 0xEC, 0x8C, 0x6D, 0xC4, 0x7E, 0x9D, 0xCF, 0xE1, 0xFF, 0xFE, 0xB3,
    0xFC, 0x6C, 0x63, 0xBE, 0xF1, 0x90, 0x22, 0xD2, 0x46, 0xBC, 0xEA, 0x21, 0xD9, 0x12, 0x66, 0xC2,
    0x71, 0xF7, 0xEC, 0x05, 0xF7, 0xDE, 0xF3, 0x2F, 0x38, 0x2F, 0xD8, 0xDE, 0xFD, 0x2F, 0xE5, 0x5C,
    0x31, 0xAC, 0xE5, 0xC6, 0x75, 0x3D, 0x24, 0xE5, 0xA5, 0x2D, 0xC6, 0x9A, 0x2D, 0x16, 0x81, 0xBD,
    0x4A, 0x4C, 0x15, 0x2A, 0x04, 0x5B, 0x5A, 0xA6, 0x70, 0xE1, 0xE2, 0xEF, 0x27, 0x11, 0x03, 0x49,
    0xE1, 0xC2, 0x2A, 0xD2, 0x47, 0x85, 0x0B, 0xC7, 0x46, 0xB0, 0x2A, 0x5C, 0x6C, 0xA1, 0xDD, 0x47,
    0xAD, 0xCB, 0x14, 0xD9, 0x2E, 0x40, 0x52, 0x58, 0xC5, 0x16, 0x8E, 0x52, 0xAC, 0x0A, 0x05, 0xF8,
    0x01, 0x76, 0x3F, 0x47, 0x52, 0x99, 0x42, 0x84, 0x53, 0xA4, 0x50, 0x21, 0xC2, 0x70, 0x6C, 0xD8,
    0x82, 0xE1, 0x71, 0xC4, 0x48, 0x5C, 0x89, 0x7C, 0x93, 0x77, 0xCE, 0x3C, 0x86, 0xEF, 0x49, 0x5F,
    0x92, 0x25, 0x58, 0xEB, 0xFF, 0x95, 0xC1, 0x7B, 0xE7, 0xF0, 0x2F, 0x1F, 0x39, 0x77, 0xCE, 0xBD,
    0x9C, 0xB9, 0x33, 0x43, 0x09, 0x40, 0xE1, 0xD7, 0x00, 0x50, 0x7A, 0x1F, 0x68, 0xC2, 0x07, 0x96,
    0x51, 0x18, 0x4D, 0xA2, 0x64, 0x2D, 0xCA, 0x02, 0x19, 0x2F, 0x7A, 0x3C, 0xD0, 0x41, 0x23, 0x72,
    0xA2, 0xA8, 0x5B, 0x55, 0xFC, 0xBD, 0x2D, 0x6B, 0x00, 0x69, 0x2D, 0x32, 0x28, 0x2D, 0x80, 0x4B,
    0x81, 0x0E, 0x02, 0x35, 0xDE, 0x93, 0xBC, 0xF7, 0x2D, 0x90, 0x74, 0xC8, 0x3B, 0x20, 0xB5, 0x30,
    0x1B, 0x32, 0x15, 0x8C, 0x03, 0x72, 0x88, 0x2E, 0x07, 0xBA, 0x03, 0x64, 0x1B, 0xEA, 0x37, 0xD4,
    0x63, 0xE5, 0x6D, 0xEC, 0x7D, 0xD7, 0x78, 0x9B, 0xE8, 0xFA, 0xAF, 0x3E, 0x7F, 0x13, 0x58, 0xF9,
    0x8E, 0xB7, 0x6D, 0x71, 0x62, 0x39, 0x77, 0xC3, 0xF2, 0xAC, 0x45, 0xEA, 0x7D, 0x8D, 0xDC, 0x36,
    0x15, 0xAE, 0x63, 0xC5, 0x1B, 0x36, 0xAC, 0x7E, 0x8D, 0xCC, 0x62, 0x82, 0xA9, 0x31, 0xA2, 0x40,
    0x34, 0xA2, 0x44, 0x3C, 0x62, 0x85, 0x64, 0xC0, 0x31, 0x92, 0x9E, 0xE7, 0xDD, 0x06, 0x72, 0xF7,
    0x98, 0x47, 0xE3, 0xAE, 0xFA, 0xD7, 0x5E, 0x7B, 0xCB, 0xAD, 0xFC, 0xB7, 0xBC, 0x2D, 0xC6, 0x74,
    0x8D, 0x73, 0x35, 0x9E, 0x03, 0x80, 0x47, 0x10, 0x93, 0xBE, 0x01, 0x43, 0x3A, 0xC4, 0x35, 0x52,
    0xEE, 0x07, 0x89, 0xE7, 0x3B, 0x12, 0x8E, 0xCF, 0xBC, 0xDA, 0x35, 0x2E, 0x20, 0x6E, 0x71, 0x80,
    0xC8, 0xF1, 0x17, 0xD3, 0xC3, 0x2E, 0x28, 0x8B, 0x82, 0x16, 0x47, 0x37, 0xEF, 0xBF, 0xEE, 0x67,
    0x51, 0x46, 0x96, 0x4E, 0x98, 0x58, 0x91, 0x11, 0xE2, 0x52, 0xA0, 0xCB, 0x81, 0xAE, 0x05, 0x5A,
    0x3D, 0x20, 0x2A, 0x27, 0x51, 0xD6, 0x7F, 0xBA, 0xC2, 0x7A, 0x0A, 0x7B, 0x47, 0x02, 0x01, 0x88,
    0x2D, 0x55, 0x21, 0x98, 0x1A, 0x33, 0x58, 0x45, 0x74, 0x0D, 0xC4, 0x41, 0xDE, 0x07, 0x2B, 0xA2,
    0x44, 0x8A, 0xBC, 0x2E, 0xD0, 0xBF, 0x17, 0xDD, 0xD2, 0x08, 0x95, 0xE8, 0x36, 0x1D, 0x56, 0x78,
    0x5F, 0x21, 0xF6, 0x3F, 0x6F, 0x3A, 0x98, 0x01, 0xA6, 0xE5, 0x85, 0xC6, 0xC2, 0x63, 0x83, 0xF1,
    0x08, 0x64, 0x36, 0x1D, 0x36, 0x58, 0x53, 0x43, 0x48, 0x65, 0xA0, 0xB0, 0xC4, 0x72, 0x07, 0x57,
    0xF5, 0x82, 0xCD, 0x72, 0x2C, 0xDC, 0xFD, 0xE5, 0x81, 0xCC, 0xB8, 0x23, 0x8F, 0x8C, 0xC8, 0x46,
    0x62, 0xE2, 0xAB, 0x78, 0x00, 0x9A, 0x77, 0x6E, 0x6F, 0x30, 0x0F, 0xFE, 0xF8, 0xDE, 0x2D, 0xB0,
    0x3C, 0x44, 0x50, 0x0C, 0x28, 0x2C, 0x3C, 0x40, 0xF9, 0x80, 0xC4, 0x11, 0xF8, 0xC3, 0xAC, 0xA2,
    0xFE, 0x50, 0xE1, 0x75, 0xF3, 0xD3, 0x5D, 0xFE, 0xFD, 0x00, 0x4C, 0xE9, 0x80, 0xA4, 0x8F, 0x1C,
    0xB2, 0x6E, 0x16, 0xAA, 0xE0, 0xCD, 0xCA, 0x8A, 0x77, 0x94, 0xAD, 0x27, 0x03, 0x55, 0x48, 0x2D,
    0xCA, 0x7B, 0x2B, 0x46, 0xEB, 0x04, 0x24, 0x9E, 0x35, 0xFE, 0xCD, 0x56, 0x38, 0x09, 0x9C, 0x39,
    0x62, 0x39, 0x2A, 0xCA, 0x8F, 0x29, 0x73, 0x97, 0xD7, 0x34, 0x39, 0xB1, 0x67, 0x48, 0x61, 0xCC,
    0x42, 0xAA, 0xF6, 0x72, 0x00, 0x30, 0x8D, 0x40, 0xEC, 0x0E, 0x69, 0x98, 0xA9, 0xD8, 0x1E, 0xD5,
    0x70, 0x5F, 0x15, 0xCE, 0x5A, 0x49, 0xE1, 0x24, 0xC5, 0x8E, 0x2C, 0x59, 0x7D, 0x86, 0xA2, 0x37,
    0x6D, 0xA9, 0xAA, 0x9A, 0x21, 0x4E, 0x17, 0xE3, 0x17, 0x35, 0x25, 0x26, 0xB5, 0xA4, 0x94, 0x54,
    0x92, 0x42, 0x1A, 0x4B, 0x19, 0xA5, 0xA2, 0x44, 0x6C, 0xDE, 0xFF, 0x6D, 0x29, 0x1F, 0xD5, 0xA3,
    0x78, 0xD2, 0x4E, 0xD2, 0xC5, 0x40, 0xCD, 0x1E, 0x82, 0x75, 0xC7, 0x7D, 0x41, 0x2F, 0x1C, 0x8F,
    0x32, 0xDF, 0x21, 0x38, 0xE8, 0x6C, 0xC5, 0x66, 0x5A, 0xC7, 0x2D, 0x92, 0xD6, 0x58, 0x44, 0xAE,
    0x54, 0x6C, 0xF2, 0xB6, 0x6E, 0xBE, 0xAB, 0xA9, 0x70, 0xBF, 0x63, 0x33, 0xAE, 0xF0, 0x14, 0x38,
    0xE2, 0xC4, 0x12, 0x63, 0xC8, 0x43, 0x4B, 0xD7, 0x90, 0x40, 0xFD, 0x12, 0xBE, 0xFB, 0xA5, 0xF4,
    0x7E, 0x1D, 0x48, 0xF7, 0xF2, 0xC8, 0x27, 0x51, 0xE4, 0x01, 0xAC, 0x81, 0x95, 0xD5, 0x58, 0x59,
    0xB6, 0x88, 0x47, 0x85, 0x4C, 0xB2, 0x21, 0xB3, 0xD0, 0xB0, 0xA1, 0x1E, 0x69, 0x1F, 0xC8, 0x89,
    0x32, 0x92, 0xE3, 0x47, 0xD4, 0x01, 0xB9, 0x88, 0x2A, 0xE7, 0xAD, 0x24, 0x2A, 0xAC, 0xBC, 0x40,
    0xB1, 0x3C, 0x48, 0x09, 0x2B, 0xA9, 0x91, 0x0D, 0xE1, 0xDF, 0x99, 0xA6, 0x55, 0xE7, 0x7C, 0xC5,
    0x40, 0xF0, 0x43, 0x30, 0x73, 0xAB, 0xE9, 0x77, 0x72, 0x1E, 0x14, 0x03, 0x35, 0x8B, 0x7D, 0x5F,
    0x56, 0x8C, 0x19, 0x39, 0x01, 0xA9, 0x3B, 0x24, 0x65, 0xDD, 0x33, 0x81, 0x8E, 0x48, 0xA6, 0x75,
    0x22, 0x7B, 0x93, 0x63, 0xD0, 0x8F, 0xE4, 0x74, 0xEF, 0x35, 0x8C, 0x93, 0x28, 0x7E, 0xC3, 0x3B,
    0xDE, 0x95, 0xF6, 0x51, 0x8F, 0x46, 0x32, 0x2A, 0x09, 0xCB, 0x2C, 0x35, 0xD0, 0x08, 0x49, 0x91,
    0x10, 0x89, 0x24, 0x45, 0x18, 0x27, 0xA1, 0x91, 0x52, 0x52, 0xA5, 0x5B, 0xFD, 0xDC, 0x9F, 0x90,
    0x1A, 0x77, 0x00, 0x34, 0xAF, 0xBD, 0xF1, 0x96, 0x03, 0x34, 0x66, 0x02, 0xC5, 0x98, 0x78, 0x80,
    0xE3, 0xE6, 0xAD, 0x4F, 0xC9, 0x01, 0x09, 0xEF, 0x65, 0xFA, 0xD4, 0x7B, 0xFF, 0x69, 0x3A, 0x00,
    0xD2, 0x1F, 0x92, 0x1F, 0x52, 0x3F, 0x88, 0x1F, 0x44, 0x9F, 0x73, 0x20, 0xA1, 0x84, 0x57, 0x04,
    0x12, 0x0B, 0x2F, 0x9F, 0x11, 0xCD, 0xBB, 0xBE, 0x02, 0x4A, 0x69, 0x3E, 0xA2, 0xD1, 0xD0, 0xB9,
    0x66, 0x84, 0x12, 0x8D, 0xA5, 0xDE, 0x45, 0x45, 0xB9, 0xA5, 0xB6, 0xC4, 0x9E, 0xB5, 0x96, 0xD4,
    0x41, 0xE9, 0x20, 0x74, 0xD0, 0x39, 0xC8, 0x2C, 0x95, 0x17, 0x91, 0x53, 0xD9, 0x90, 0xCD, 0x78,
    0x42, 0x4F, 0x27, 0xE5, 0xC7, 0x80, 0xD2, 0x62, 0x08, 0x28, 0xF1, 0x7B, 0x69, 0xEF, 0x64, 0xC2,
    0x73, 0x94, 0xFC, 0x3C, 0x88, 0x57, 0x41, 0x73, 0x7A, 0x50, 0x76, 0xA7, 0x4A, 0x9C, 0x6E, 0x2F,
    0xBD, 0x93, 0x6E, 0x83, 0x5D, 0xD2, 0x0A, 0x2D, 0x90, 0xB7, 0x71, 0xBD, 0xD3, 0x39, 0xC5, 0xAD,
    0xD4, 0xB6, 0x12, 0xDB, 0x52, 0x6B, 0x63, 0xD1, 0x54, 0xC8, 0x6B, 0x2A, 0xED, 0xAB, 0x92, 0x08,
    0xE0, 0xF9, 0xE7, 0x25, 0x55, 0x85, 0xC4, 0x7B, 0x9C, 0x5C, 0xBE, 0x57, 0xCD, 0xDD, 0xCA, 0x3F,
    0x30, 0xC7, 0x8E, 0xD5, 0xAD, 0x0C, 0xC8, 0xBA, 0xB8, 0x87, 0xB1, 0x89, 0x43, 0x51, 0x19, 0x1B,
    0x34, 0x5E, 0xB1, 0xBB, 0x6C, 0x9A, 0x7A, 0x03, 0xBD, 0x82, 0x76, 0xBF, 0x5B, 0xA9, 0xD5, 0xAD,
    0x34, 0x7B, 0xDD, 0xCA, 0xF7, 0xC0, 0xF2, 0x39, 0x80, 0xDE, 0xA2, 0xC1, 0x1C, 0x77, 0x6B, 0x6C,
    0xED, 0x89, 0xFC, 0xA8, 0x30, 0xB8, 0x79, 0x06, 0xC4, 0x64, 0x23, 0x6E, 0xC2, 0x20, 0xEA, 0x60,
    0xD8, 0xD2, 0xB4, 0xBF, 0x42, 0x59, 0xD7, 0x00, 0x18, 0xDA, 0x38, 0x57, 0xDD, 0x77, 0x59, 0x3F,
    0x30, 0x93, 0x48, 0xEB, 0x33, 0x11, 0x9D, 0xBA, 0x81, 0x6E, 0xF8, 0x21, 0x39, 0x44, 0x45, 0x19,
    0xA9, 0x22, 0x45, 0xA4, 0x86, 0x94, 0x90, 0x0A, 0x52, 0x40, 0xEA, 0x47, 0xF9, 0xA8, 0x1E, 0xC5,
    0x3B, 0xDE, 0xC9, 0x21, 0x28, 0x1C, 0x75, 0x9B, 0x73, 0x08, 0x89, 0x76, 0xAA, 0xF5, 0x40, 0x52,
    0x11, 0xBF, 0x42, 0xC0, 0x81, 0xB0, 0x27, 0x44, 0x8E, 0x18, 0x07, 0x1C, 0xCE, 0x93, 0xBC, 0x23,
    0x96, 0xF5, 0xEF, 0x57, 0xA1, 0xEF, 0xF3, 0xF9, 0x04, 0xF0, 0xC4, 0xB6, 0xFE, 0x3B, 0xDB, 0xA9,
    0xEE, 0xC4, 0x0B, 0x46, 0xF5, 0xFC, 0x1F, 0x23, 0x0B, 0x3B, 0xD5, 0x5A, 0x4B, 0x6E, 0x1B, 0x75,
    0x48, 0xBA, 0xCC, 0x02, 0x7D, 0xC9, 0xC1, 0x7B, 0x9C, 0x5B, 0x51, 0x68, 0xD2, 0x70, 0xDF, 0x9F,
    0xE8, 0x13, 0x66, 0x5F, 0x58, 0x37, 0x61, 0xF6, 0x65, 0x01, 0xB3, 0x37, 0xFB, 0xBA, 0x15, 0x32,
    0xDC, 0x1A, 0xB1, 0xFF, 0xAF, 0xDB, 0x0E, 0x66, 0xE0, 0xE8, 0x57, 0x5A, 0xA2, 0xC7, 0x06, 0x29,
    0x6A, 0xD2, 0xD1, 0x92, 0xB8, 0xFD, 0x1D, 0x33, 0xDC, 0xC2, 0xAF, 0x1B, 0xE2, 0xC4, 0x7F, 0x29,
    0x6B, 0xE2, 0xAA, 0xE2, 0x6F, 0x1A, 0x08, 0x15, 0x00, 0x1E, 0x26, 0x8C, 0x9F, 0x13, 0x31, 0xF6,
    0x35, 0x7D, 0xD8, 0xAC, 0xFF, 0x65, 0x94, 0x8F, 0xBA, 0x25, 0xC3, 0xDD, 0x5D, 0x5F, 0x08, 0xE1,
    0xED, 0x2B, 0xCA, 0xFA, 0xAA, 0x65, 0xCD, 0xF4, 0x23, 0x8E, 0xE8, 0xDF, 0xA8, 0xA3, 0xC7, 0xF7,
    0xCA, 0x83, 0x37, 0x33, 0xD6, 0x34, 0xE6, 0x0E, 0x69, 0x57, 0x96, 0x2D, 0x8C, 0xCD, 0x8F, 0x99,
    0xDC, 0xB2, 0x21, 0xA5, 0xB2, 0x90, 0x95, 0x22, 0xAD, 0x99, 0x91, 0xA6, 0xA2, 0x00, 0xCD, 0x66,
    0x8D, 0xE6, 0xE7, 0x14, 0x3E, 0xD7, 0x58, 0xAD, 0x3C, 0x0E, 0x03, 0x21, 0x1E, 0x85, 0x7E, 0xCD,
    0x11, 0xE7, 0xFF, 0x72, 0x26, 0x8B, 0xD8, 0xFD, 0xB1, 0xEF, 0x78, 0x13, 0xE3, 0x50, 0x2A, 0x0B,
    0xB9, 0x4E, 0xF1, 0xD0, 0x30, 0xD0, 0x89, 0x79, 0x85, 0xB2, 0x8B, 0xEE, 0x02, 0xB9, 0x9A, 0x18,
    0xFB, 0x7B, 0x7B, 0x03, 0x5B, 0xDC, 0x7E, 0xF0, 0xC0, 0x76, 0x56, 0xFC, 0x55, 0xE3, 0xF3, 0xF2,
    0xC5, 0x81, 0xBA, 0x9D, 0x23, 0x86, 0xDE, 0x5F, 0x3A, 0x09, 0xD4, 0x4A, 0xCA, 0x2A, 0xAC, 0xB9,
    0x9D, 0x51, 0x4F, 0x21, 0x6D, 0x89, 0x66, 0x77, 0xAC, 0x14, 0xA6, 0xF5, 0x19, 0xF2, 0x51, 0x50,
    0x28, 0xF2, 0x41, 0x1B, 0x1D, 0xAF, 0x89, 0x72, 0xD7, 0x52, 0xCE, 0xA8, 0x8F, 0xCE, 0x4A, 0x9F,
    0xF6, 0x20, 0x76, 0x6B, 0x5B, 0xD0, 0xD4, 0x42, 0x02, 0xEE, 0x08, 0x3B, 0x21, 0x22, 0x61, 0xBE,
    0x78, 0x10, 0x8E, 0x10, 0x05, 0xFD, 0x76, 0x30, 0x1A, 0xCE, 0xB6, 0x07, 0xD5, 0x23, 0xAA, 0x94,
    0x75, 0x60, 0xDF, 0x89, 0xD2, 0xB7, 0x07, 0x71, 0x51, 0x1D, 0x8B, 0xAF, 0xC2, 0x9C, 0x38, 0x8B,
    0x9A, 0xE0, 0xFD, 0xB0, 0xE1, 0x71, 0xC3, 0x3D, 0xE4, 0xF4, 0x11, 0x0B, 0xAF, 0x95, 0x19, 0x80,
    0xDE, 0x51, 0x10, 0x8C, 0x61, 0x8D, 0x3A, 0x21, 0xBB, 0xC0, 0x86, 0x3C, 0x88, 0xC3, 0x84, 0xB6,
    0xDB, 0xB0, 0x0F, 0x2B, 0xE9, 0x19, 0xD9, 0x02, 0x52, 0x8D, 0xDC, 0xED, 0x70, 0xCD, 0x5C, 0x82,
    0xC1, 0x11, 0xC2, 0xA9, 0x91, 0x5B, 0x17, 0xF6, 0xE4, 0x5A, 0xAC, 0xE0, 0xA2, 0x56, 0x4D, 0x45,
    0x53, 0x18, 0x5C, 0x68, 0x64, 0x76, 0x30, 0x1F, 0xC0, 0x05, 0x42, 0x43, 0x6D, 0x55, 0xDF, 0x1B,
    0x0E, 0x1B, 0x05, 0x47, 0xA0, 0xC7, 0x13, 0x50, 0x89, 0x6A, 0x20, 0x6A, 0x5A, 0xC0, 0xF0, 0x07,
    0x0F, 0x12, 0x82, 0x66, 0x01, 0xB0, 0xB7, 0x8A, 0x73, 0xCC, 0xF4, 0x60, 0x4A, 0xBD, 0xC5, 0x58,
    0x78, 0x1B, 0x8D, 0xD3, 0xCA, 0xC6, 0xBE, 0x2D, 0x6C, 0xBC, 0x46, 0x61, 0x93, 0x81, 0xE0, 0x98,
    0x56, 0x6C, 0x80, 0x3A, 0xAC, 0x60, 0xE8, 0x2A, 0xD3, 0x62, 0xCD, 0x70, 0x98, 0x90, 0x6F, 0xAE,
    0xC1, 0xE6, 0xE7, 0xE3, 0x17, 0xCA, 0x3A, 0x19, 0x9E, 0xD8, 0xC0, 0x34, 0x94, 0x55, 0xE2, 0xBB,
    0x15, 0xC7, 0xE4, 0xF3, 0xC0, 0xAD, 0x8F, 0xEF, 0x83, 0x78, 0x2D, 0x1F, 0xC4, 0x5E, 0x65, 0xD8,
    0x72, 0xFF, 0xC1, 0x3E, 0x70, 0xD2, 0x77, 0xF1, 0x81, 0xF8, 0x53, 0xF3, 0xC1, 0x7B, 0x05, 0x6E,
    0xF6, 0x04, 0x2E, 0xD4, 0x42, 0x35, 0x2F, 0x08, 0x4C, 0x98, 0x22, 0x0F, 0x8C, 0x86, 0x02, 0x73,
    0x0B, 0x65, 0xED, 0x4A, 0x1B, 0xFB, 0x6A, 0xA3, 0xED, 0x88, 0xA2, 0xFE, 0x78, 0x02, 0x57, 0x27,
    0x09, 0xFC, 0x24, 0xC0, 0x0E, 0xE6, 0x05, 0x18, 0xFF, 0x6C, 0x87, 0xC3, 0xE2, 0x0D, 0x8B, 0x6F,
    0x64, 0xBE, 0xC2, 0xD3, 0xB4, 0x7F, 0xCF, 0x01, 0x84, 0x20, 0xB9, 0x20, 0x88, 0xAE, 0x66, 0x2A,
    0xE4, 0x91, 0x2C, 0x30, 0x20, 0x48, 0x2C, 0x7D, 0x91, 0x11, 0x8C, 0xA0, 0x0B, 0x10, 0x04, 0x95,
    0x9A, 0x28, 0x17, 0xA8, 0x83, 0x82, 0x92, 0x4F, 0xDA, 0x85, 0x6A, 0x11, 0xAA, 0x79, 0x3A, 0xF1,
    0x95, 0x33, 0xB7, 0x7F, 0xD2, 0x3E, 0x94, 0x7A, 0xFB, 0x78, 0xEC, 0x43, 0x40, 0xCF, 0xE5, 0x5C,
    0x18, 0x81, 0x4A, 0x7E, 0x69, 0x17, 0xAF, 0x1B, 0xD9, 0x9B, 0xC9, 0x3A, 0x99, 0x94, 0xF0, 0xA1,
    0x74, 0x34, 0x4A, 0x36, 0xC9, 0x10, 0xD3, 0xFE, 0x19, 0x8C, 0x75, 0xC8, 0x7F, 0x61, 0x95, 0x4D,
    0x18, 0xFE, 0xFE, 0x26, 0xB6, 0x4B, 0x2A, 0x66, 0x0B, 0x50, 0x39, 0x25, 0x72, 0x44, 0x9B, 0xF5,
    0x93, 0xC4, 0x7B, 0x7D, 0x97, 0xF2, 0x29, 0xC9, 0x90, 0xD4, 0x9C, 0x8D, 0xD8, 0xC4, 0x22, 0xB9,
    0x77, 0x85, 0x41, 0xAE, 0x28, 0x1F, 0xC2, 0xA4, 0x20, 0x14, 0x89, 0x94, 0x13, 0xD0, 0x74, 0x3C,
    0x6B, 0x65, 0xF2, 0xAE, 0x34, 0x02, 0x25, 0x05, 0xF1, 0xB4, 0x27, 0x8D, 0x20, 0x1D, 0xA8, 0x4A,
    0x2F, 0x55, 0x04, 0xF3, 0x08, 0x5A, 0xB4, 0xBB, 0x82, 0x08, 0x16, 0x41, 0x22, 0x56, 0x78, 0x85,
    0x5D, 0xBC, 0xA7, 0x2A, 0x57, 0xF1, 0xC4, 0x01, 0x9E, 0x29, 0xFF, 0x69, 0xC8, 0x7D, 0x97, 0xF9,
    0x5A, 0x71, 0xCD, 0xD2, 0x4C, 0xB8, 0x32, 0xB2, 0x9E, 0x64, 0xE0, 0x27, 0xD5, 0x1A, 0x6E, 0x58,
    0x3A, 0x34, 0x2D, 0x0A, 0xCB, 0x4F, 0xC9, 0x89, 0x19, 0x3F, 0xAB, 0x4A, 0x9F, 0x97, 0xEB, 0xD2,
    0xD7, 0xF9, 0x38, 0x37, 0x51, 0xB2, 0xCB, 0xD9, 0x1E, 0xE1, 0xBB, 0x0E, 0x8E, 0x96, 0xA2, 0xF3,
    0x77, 0x90, 0x8F, 0x17, 0x55, 0x67, 0x65, 0x3B, 0x79, 0x57, 0xCE, 0x2D, 0xE7, 0x6F, 0x1D, 0xDA,
    0xD1, 0x54, 0x72, 0xAB, 0xBC, 0x7A, 0x10, 0xC6, 0xDF, 0xB0, 0x18, 0xA5, 0x51, 0x3B, 0x7C, 0x79,
    0xEC, 0xEB, 0xA0, 0x5B, 0xDA, 0xF2, 0xB6, 0xB9, 0x23, 0xA6, 0xF5, 0xBE, 0xDF, 0xE9, 0xF6, 0xD2,
    0xCB, 0xE9, 0x13, 0x30, 0xD2, 0xE3, 0x71, 0x68, 0x74, 0x4F, 0x6F, 0xA7, 0x4E, 0xED, 0xEE, 0xE8,
    0x69, 0x63, 0xDD, 0xC6, 0xCF, 0xB9, 0xAF, 0xCC, 0x84, 0xD8, 0x21, 0x6A, 0x59, 0xAB, 0x51, 0x2A,
    0x50, 0x00, 0x05, 0x23, 0x5E, 0x3E, 0x51, 0xE5, 0x65, 0x0B, 0x94, 0x5D, 0xB0, 0x3B, 0x93, 0x1E,
    0xF7, 0x4D, 0x92, 0x4F, 0xD6, 0xA6, 0x51, 0x81, 0x6B, 0xBC, 0xBF, 0xE1, 0x7D, 0xCF, 0xB8, 0xFC,
    0xA1, 0xF7, 0x4E, 0xA1, 0x69, 0xC6, 0x10, 0x9D, 0xA6, 0x57, 0x08, 0xD1, 0x1E, 0xD9, 0x3E, 0x73,
    0xDE, 0x89, 0x15, 0x76, 0xD1, 0x5A, 0x76, 0x51, 0x77, 0x71, 0x32, 0x2E, 0xBC, 0xAA, 0xC5, 0xBC,
    0x85, 0x74, 0xF2, 0x0A, 0xDF, 0xC0, 0xC6, 0xF1, 0x52, 0xB1, 0x5C, 0x96, 0x77, 0xFA, 0x29, 0xEF,
    0x29, 0x2E, 0xED, 0xCC, 0xBC, 0x54, 0xCC, 0x4B, 0x79, 0x4F, 0x99, 0x21, 0xB3, 0x14, 0xDC, 0x64,
    0xC5, 0x77, 0xDE, 0x29, 0xC4, 0x65, 0x16, 0x74, 0xC9, 0x2E, 0xEB, 0x52, 0x95, 0x26, 0x10, 0xBC,
    0x30, 0x54, 0x23, 0xCB, 0x44, 0xA5, 0x6F, 0x03, 0xAF, 0x45, 0x5F, 0x06, 0x1E, 0xD3, 0xA5, 0x1E,
    0xF0, 0x36, 0x22, 0xD6, 0xC4, 0x95, 0x3C, 0x79, 0x62, 0xD1, 0xB3, 0xE4, 0x47, 0x3E, 0x4E, 0xB7,
    0x07, 0xDE, 0x3E, 0xEB, 0xE9, 0x8B, 0xCC, 0x11, 0x19, 0x91, 0x3D, 0x51, 0x1E, 0x51, 0x98, 0xB6,
    0x3C, 0x28, 0x6C, 0xD8, 0xE2, 0xE2, 0x41, 0x59, 0x0B, 0x2B, 0xFE, 0xB9, 0x92, 0xCB, 0x1B, 0xA1,
    0xD7, 0xD8, 0xBA, 0x26, 0x32, 0x84, 0x56, 0x2F, 0xDF, 0xA0, 0xD8, 0xFE, 0x87, 0x1B, 0xCC, 0x47,
    0x36, 0x23, 0xAA, 0x18, 0x4A, 0x21, 0x98, 0x42, 0x28, 0x29, 0x88, 0x28, 0xAF, 0x5D, 0x94, 0xF0,
    0x32, 0x71, 0x5C, 0xF2, 0x3B, 0x5E, 0xB8, 0xFC, 0x34, 0x74, 0x5A, 0xD3, 0xA4, 0x15, 0xCA, 0xA2,
    0xE2, 0x8A, 0x56, 0xFA, 0xFE, 0x55, 0x21, 0xE1, 0x7A, 0x91, 0xD3, 0x2F, 0x18, 0x84, 0xA1, 0x85,
    0xFB, 0xE9, 0x71, 0x12, 0x70, 0x10, 0xF6, 0xB2, 0xD3, 0xED, 0xD8, 0x19, 0xB0, 0xDB, 0xC1, 0x76,
    0xB1, 0xBC, 0x10, 0x96, 0xF5, 0x0E, 0x06, 0x9F, 0x0A, 0xEF, 0x0A, 0x47, 0xDE, 0xEB, 0xD9, 0x9E,
    0xE7, 0xDE, 0xEE, 0x88, 0xBE, 0xE2, 0xF5, 0x27, 0x24, 0xE5, 0xC3, 0x6C, 0x4D, 0x46, 0x53, 0x8B,
    0x2B, 0xCC, 0xF8, 0xB5, 0x8F, 0x97, 0xE8, 0x11, 0x77, 0xD8, 0x29, 0x91, 0x46, 0x17, 0xF5, 0x2E,
    0x82, 0xB0, 0x4D, 0x47, 0xC0, 0x0C, 0xAB, 0x25, 0x09, 0x21, 0x8C, 0x33, 0x44, 0x84, 0x58, 0x95,
    0x09, 0x7A, 0x82, 0x9B, 0xDB, 0x9D, 0x75, 0x6A, 0x23, 0xC1, 0xAA, 0x9D, 0x7B, 0xFB, 0x7F, 0xA3,
    0x7E, 0x3B, 0xFF, 0xFB, 0xE1, 0x49, 0x03, 0x6B, 0xE2, 0xD7, 0x1B, 0x1A, 0x93, 0x6D, 0xEF, 0x72,
    0x0D, 0xA4, 0xC8, 0xC9, 0x01, 0x99, 0x95, 0x07, 0x8A, 0x20, 0xFE, 0x1D, 0xB5, 0x37, 0xE9, 0x44,
    0xA6, 0x26, 0x0D, 0x87, 0x21, 0x50, 0xD6, 0xA4, 0xEC, 0x6D, 0x2F, 0xF2, 0x0D, 0xCF, 0x99, 0xB1,
    0xB4, 0x24, 0x97, 0x3B, 0x52, 0x67, 0x64, 0x46, 0x1B, 0x1E, 0x4F, 0x9B, 0x4C, 0x21, 0x90, 0x7C,
    0xA0, 0xA6, 0x92, 0x43, 0x4A, 0xAB, 0xD8, 0x2C, 0xDA, 0xF9, 0xC9, 0x2C, 0xFC, 0x14, 0x7B, 0x6F,
    0x65, 0x9F, 0xDF, 0x0F, 0x9F, 0x65, 0x25, 0x42, 0x9E, 0x67, 0x4D, 0xBB, 0x7F, 0x25, 0x5B, 0x6A,
    0x45, 0x79, 0x25, 0x7A, 0x7C, 0x27, 0xED, 0xB6, 0x27, 0xA4, 0xDD, 0xD5, 0x09, 0x69, 0x37, 0x61,
    0x62, 0xEC, 0x8E, 0x28, 0xDA, 0x68, 0x84, 0xB7, 0xF1, 0x98, 0xAC, 0x91, 0x0C, 0xEC, 0x6B, 0xFA,
    0x63, 0x20, 0x79, 0x93, 0x99, 0xED, 0x7A, 0x8E, 0x03, 0xF3, 0x46, 0xB7, 0x81, 0x9F, 0x0C, 0x74,
    0xC8, 0x44, 0xE1, 0x1B, 0xB6, 0x97, 0x8F, 0x61, 0x5D, 0xF2, 0x71, 0xCC, 0x5B, 0x94, 0x30, 0xF7,
    0x2A, 0x66, 0x85, 0xF6, 0xBC, 0x36, 0x5D, 0x97, 0x09, 0xE5, 0x92, 0x84, 0xC8, 0x96, 0x7C, 0x5E,
    0x0A, 0xC6, 0x48, 0x68, 0xB7, 0x29, 0x47, 0x15, 0x79, 0xC4, 0xAE, 0xF4, 0x30, 0x6E, 0xB5, 0x46,
    0xD9, 0x6D, 0xB3, 0xD6, 0xAC, 0x47, 0x34, 0x96, 0x35, 0xE2, 0x71, 0x00, 0x6F, 0x0E, 0x48, 0xE5,
    0xC4, 0xD3, 0xBE, 0xDF, 0x6A, 0x7A, 0xD4, 0xD0, 0x13, 0x65, 0x05, 0xD3, 0x16, 0x16, 0xB9, 0xD5,
    0x90, 0x6C, 0x38, 0xBB, 0x4E, 0xD7, 0x55, 0x59, 0xC7, 0xBE, 0xBB, 0x00, 0x7C, 0x95, 0x35, 0x5F,
    0x84, 0x14, 0xE0, 0x61, 0xEC, 0xA5, 0xEE, 0x44, 0x2C, 0xDB, 0x39, 0xF0, 0x4F, 0x7E, 0x92, 0x3F,
    0xF2, 0x19, 0x4E, 0x76, 0x70, 0xE9, 0x65, 0x3E, 0xEA, 0x19, 0xCE, 0xDB, 0xBD, 0x09, 0x7E, 0x62,
    0x89, 0x99, 0xBA, 0x38, 0x63, 0xA9, 0x57, 0x5E, 0xD3, 0xD6, 0xB2, 0xD2, 0xFA, 0x2E, 0x4A, 0xA1,
    0xE2, 0x43, 0x37, 0x2B, 0x1D, 0x7B, 0x78, 0x8D, 0x00, 0x0A, 0xDB, 0xA0, 0xE2, 0xB9, 0x6D, 0xE2,
    0xF6, 0x35, 0xFE, 0xF4, 0x63, 0x25, 0x6F, 0x74, 0x2D, 0x3D, 0x2B, 0x93, 0x68, 0x84, 0xBC, 0x55,
    0x6E, 0xE3, 0xE6, 0x38, 0xAE, 0xB0, 0xCE, 0x2A, 0xF8, 0xEB, 0x80, 0x1F, 0x42, 0x96, 0x76, 0xF1,
    0xD4, 0x6B, 0xA5, 0xB2, 0xBF, 0xB6, 0x51, 0x41, 0xC1, 0xB8, 0x1C, 0xE7, 0x3B, 0xEF, 0x8C, 0x8D,
    0xC2, 0x36, 0x3C, 0x4F, 0x51, 0x63, 0x8D, 0xB7, 0x0F, 0x7A, 0xD5, 0xC2, 0x50, 0x97, 0x12, 0x0D,
    0xF0, 0xD1, 0xA9, 0x04, 0x8C, 0xA5, 0x92, 0x45, 0x7D, 0xB3, 0xBC, 0xD1, 0x96, 0xAF, 0xD7, 0xE5,
    0x1A, 0xC5, 0x80, 0x73, 0xB5, 0x9C, 0x54, 0x85, 0x74, 0x91, 0x68, 0x36, 0x1F, 0xF5, 0x4E, 0x2F,
    0x20, 0x94, 0xEF, 0x0A, 0x27, 0xE9, 0x39, 0x52, 0x4F, 0xFA, 0xCD, 0x23, 0x1E, 0x84, 0x8E, 0x75,
    0x27, 0x2D, 0xF5, 0x4C, 0x2C, 0xEB, 0x4E, 0xAB, 0xFB, 0xAA, 0xE7, 0xB9, 0xD8, 0x9D, 0xF3, 0x89,
    0x2B, 0x37, 0xDF, 0xAF, 0xF9, 0xB4, 0xC3, 0x9A, 0x2F, 0xC8, 0x71, 0xF7, 0xDF, 0x20, 0x1A, 0x1F,
    0x42, 0x3C, 0x7E, 0xFE, 0x14, 0xC5, 0x57, 0x56, 0xD1, 0x98, 0xB2, 0xA5, 0x1E, 0x8D, 0xBC, 0xD3,
    0x74, 0x34, 0xA7, 0xB4, 0xD4, 0xE3, 0x73, 0xBF, 0x17, 0x3D, 0x70, 0x8E, 0xC7, 0x7A, 0xD8, 0x4E,
    0x0E, 0x8A, 0xA3, 0xF4, 0xCD, 0x75, 0xF6, 0xA6, 0x37, 0xBF, 0xF0, 0xE6, 0x3F, 0x46, 0x63, 0x9F,
    0x64, 0x50, 0xEC, 0xC6, 0x93, 0x1A, 0xBE, 0x69, 0xB7, 0xBF, 0x0E, 0x3F, 0xD0, 0xC0, 0x8B, 0x9F,
    0xAC, 0xC9, 0x35, 0x31, 0xB3, 0x0C, 0x01, 0x65, 0x94, 0x7E, 0x00, 0xB1, 0x9E, 0x07, 0xF9, 0xC8,
    0xBB, 0xF9, 0x25, 0x1B, 0x98, 0x6F, 0x13, 0x1F, 0xF8, 0x84, 0x8F, 0xD4, 0x53, 0xB8, 0xE2, 0x12,
    0xEF, 0xE2, 0x66, 0x27, 0xD4, 0x97, 0x56, 0xFD, 0x05, 0xCA, 0xBB, 0x58, 0x0D, 0x91, 0xAF, 0xF3,
    0x35, 0x0E, 0x27, 0x3C, 0x75, 0xE2, 0x53, 0xD2, 0x3D, 0x6A, 0xBA, 0x17, 0xCD, 0xDB, 0x9D, 0xF1,
    0x75, 0xB6, 0x46, 0xF4, 0xDC, 0xF2, 0xE2, 0x84, 0xDA, 0x14, 0xD8, 0x88, 0xD5, 0xCF, 0x2D, 0xCB,
    0xC1, 0x5A, 0xAB, 0x3B, 0xA1, 0x94, 0x9E, 0x5F, 0xB7, 0xF9, 0xD6, 0x62, 0x78, 0x1B, 0x96, 0x03,
    0xD9, 0xE2, 0xA3, 0x6D, 0xFB, 0x7B, 0x20, 0x7E, 0x7D, 0x08, 0x53, 0xA4, 0xFF, 0x1C, 0x03, 0xBF,
    0xB2, 0x46, 0x44, 0xB6, 0x1E, 0xB1, 0x5E, 0x45, 0xF5, 0x35, 0x39, 0xAB, 0x4B, 0xAB, 0x9D, 0xB8,
    0xAA, 0xD0, 0x5E, 0x9C, 0x81, 0x71, 0x81, 0xB3, 0x21, 0x65, 0x18, 0x53, 0xEE, 0x9A, 0xDD, 0x46,
    0xEC, 0x4D, 0xA5, 0xBD, 0x20, 0x6F, 0xC2, 0xDE, 0x62, 0xF3, 0x6A, 0xE0, 0xF2, 0x75, 0xC8, 0x84,
    0x8D, 0x10, 0x32, 0xC1, 0x4C, 0x81, 0x53, 0xB6, 0x4B, 0x4B, 0x7B, 0x32, 0x99, 0xFA, 0x60, 0x45,
    0xF3, 0x36, 0xAC, 0x72, 0x5E, 0x98, 0xD4, 0x4B, 0x74, 0x16, 0xED, 0xCE, 0xF2, 0xEF, 0x4E, 0x47,
    0xE5, 0xA4, 0x57, 0x2B, 0xAC, 0x77, 0xA6, 0x71, 0x17, 0x2B, 0x44, 0x3E, 0xF6, 0x2D, 0x4A, 0x6F,
    0x28, 0xCA, 0xFA, 0xFA, 0x5F, 0xB3, 0xEB, 0x50, 0xB6, 0xE2, 0x2B, 0xD3, 0xB1, 0x4E, 0xD3, 0x52,
    0x69, 0x63, 0xA1, 0x55, 0x36, 0x3A, 0xA7, 0xA8, 0xB5, 0x26, 0x5D, 0x41, 0x8B, 0x41, 0x5A, 0x0D,
    0x92, 0x01, 0xC7, 0x7A, 0x7A, 0xA7, 0x84, 0x3F, 0x1E, 0x0D, 0x0A, 0x1B, 0x4D, 0x77, 0x36, 0x18,
    0xFB, 0x5E, 0x89, 0xB7, 0xE5, 0x0A, 0xCA, 0x63, 0x9F, 0x61, 0x5F, 0x2C, 0xE5, 0xA9, 0xFD, 0x08,
    0x4D, 0xC4, 0xCB, 0xDF, 0x18, 0xB6, 0xEC, 0x02, 0xA5, 0x6D, 0xE0, 0x07, 0x4F, 0x83, 0x5F, 0xCE,
    0x55, 0x3B, 0x33, 0x86, 0x76, 0x39, 0xCE, 0x02, 0xEA, 0xEC, 0x75, 0x02, 0x7E, 0x80, 0x50, 0x1E,
    0xD5, 0x92, 0x37, 0xF5, 0x3C, 0x14, 0xE7, 0x37, 0x7A, 0x71, 0xEA, 0x5B, 0x71, 0xEC, 0x2B, 0x31,
    0xEE, 0xFC, 0xBF, 0x78, 0x22, 0x55, 0xA2, 0x16, 0x2F, 0xF2, 0xC7, 0x49, 0x17, 0xE6, 0x45, 0x6C,
    0xE8, 0x4A, 0xE2, 0x8C, 0xCB, 0x40, 0xBB, 0x33, 0x25, 0x3C, 0x0D, 0x9E, 0x4F, 0x7B, 0x91, 0x19,
    0xF7, 0x68, 0x10, 0xC5, 0xBD, 0x08, 0x6E, 0xB7, 0x6F, 0x35, 0xB5, 0xE8, 0x58, 0xC8, 0xD4, 0xE4,
    0x02, 0x7E, 0xCC, 0x18, 0x19, 0x33, 0x4F, 0xBF, 0x0D, 0x2B, 0x5F, 0x6F, 0xE8, 0xAD, 0x7B, 0x0D,
    0x47, 0x9D, 0x77, 0xEB, 0xB2, 0x96, 0x84, 0x65, 0x25, 0x0B, 0x4B, 0xC8, 0xC4, 0x15, 0xA9, 0xD5,
    0x3D, 0xB4, 0x8E, 0xAC, 0x70, 0x1B, 0x01, 0x1A, 0x4B, 0x2A, 0xEB, 0x78, 0x20, 0x55, 0x49, 0x4F,
    0x42, 0xE2, 0xBE, 0x04, 0x34, 0x48, 0xDD, 0x33, 0xA4, 0xEC, 0x2D, 0xAA, 0x83, 0x8C, 0x31, 0x33,
    0x85, 0x69, 0x48, 0xA5, 0x71, 0xE2, 0x43, 0xA3, 0xEB, 0xE8, 0x93, 0x45, 0x17, 0xA3, 0x4A, 0xD1,
    0x65, 0xEF, 0x4F, 0x74, 0x0D, 0x8A, 0xAE, 0x59, 0xF3, 0x99, 0x2F, 0x25, 0x56, 0xEC, 0x5F, 0xAB,
    0x02, 0x4F, 0x22, 0x94, 0xDD, 0x7B, 0x23, 0x49, 0x81, 0xA4, 0x38, 0x52, 0x18, 0x29, 0x8A, 0x14,
    0x44, 0x8A, 0x21, 0x85, 0x50, 0x32, 0x20, 0xB7, 0x49, 0xBF, 0xBB, 0x7D, 0x52, 0xC9, 0x37, 0xF2,
    0x8C, 0x69, 0xC3, 0x6E, 0xDA, 0x9A, 0x61, 0x36, 0x11, 0x46, 0x94, 0x75, 0x34, 0xE2, 0x02, 0xE2,
    0xBD, 0xC9, 0xF8, 0xEE, 0x2B, 0xB8, 0x7A, 0x07, 0x54, 0x27, 0x97, 0x08, 0x61, 0xC9, 0xBD, 0xE7,
    0xE9, 0x2D, 0xAE, 0xB1, 0x5F, 0xA2, 0x63, 0xCD, 0xDA, 0xBD, 0xE6, 0x6E, 0xFF, 0xE8, 0x2B, 0x68,
    0x5E, 0xC6, 0x0F, 0x6D, 0xE6, 0xC2, 0x52, 0x58, 0xEC, 0x4B, 0x06, 0x62, 0xE6, 0x88, 0x66, 0x83,
    0xF1, 0x98, 0x77, 0x1B, 0x9C, 0x0A, 0x4B, 0x2C, 0x89, 0x23, 0x31, 0x99, 0x91, 0xA1, 0x37, 0x10,
    0xD3, 0x5E, 0x7B, 0x2C, 0x4E, 0xD8, 0x11, 0x0B, 0x1B, 0x12, 0x4C, 0x8E, 0x9D, 0x5E, 0x4B, 0x4B,
    0x23, 0x3F, 0x7A, 0xD4, 0x7E, 0xE5, 0xEB, 0xB0, 0x0C, 0xCE, 0x25, 0xF0, 0x4A, 0xF8, 0x3C, 0x4D,
    0xF3, 0xF8, 0xC8, 0x17, 0x09, 0x7B, 0xA0, 0xBC, 0xA1, 0x14, 0xAF, 0x81, 0x54, 0xCD, 0x3A, 0x94,
    0xD6, 0x58, 0xD6, 0x47, 0x28, 0xAB, 0x0D, 0xAC, 0x80, 0xD2, 0x6A, 0x45, 0x8A, 0x50, 0x6D, 0x60,
    0xA5, 0x19, 0xC3, 0x06, 0xA2, 0x51, 0xD1, 0xCE, 0x6B, 0x5A, 0x98, 0x7E, 0x55, 0x41, 0xAB, 0x13,
    0xEC, 0x1A, 0x00, 0x4A, 0xAF, 0x30, 0x32, 0x94, 0x51, 0x1D, 0xAE, 0xD1, 0xD9, 0xD4, 0x2B, 0x3C,
    0x24, 0xE3, 0x19, 0x91, 0x54, 0xAF, 0x8E, 0xE8, 0xCD, 0x11, 0x53, 0x67, 0x16, 0xD9, 0xCF, 0xD8,
    0x54, 0x45, 0x06, 0x35, 0xC4, 0x97, 0xAB, 0xFB, 0x2B, 0xEE, 0x52, 0x8A, 0x58, 0xAB, 0xA3, 0x19,
    0x71, 0x4D, 0x31, 0x92, 0x5E, 0x9D, 0x96, 0xBD, 0x43, 0xB9, 0xE1, 0xCE, 0x8A, 0xC4, 0xA4, 0xFA,
    0x51, 0x3E, 0x9D, 0x23, 0x60, 0x7E, 0xBA, 0x81, 0xF2, 0x95, 0x1E, 0x58, 0x99, 0x16, 0x18, 0xF3,
    0x0A, 0xB1, 0xBB, 0x0C, 0xC4, 0xF6, 0xEB, 0xF7, 0x5F, 0x67, 0xBD, 0xE6, 0x00, 0xDA, 0xCA, 0x02,
    0x44, 0xFE, 0x97, 0x8D, 0x0E, 0x32, 0xAE, 0x33, 0xA1, 0x04, 0x0A, 0xD6, 0xC7, 0x83, 0xA6, 0xE2,
    0xC1, 0xE1, 0xBC, 0x48, 0x7E, 0x39, 0xF4, 0x8F, 0x35, 0x1E, 0x43, 0xDA, 0x6B, 0x15, 0x17, 0x6A,
    0x7B, 0xA3, 0x4D, 0x05, 0x69, 0x52, 0x84, 0xC4, 0xC5, 0xE3, 0x50, 0x57, 0xC0, 0xFB, 0x49, 0x07,
    0x91, 0xF7, 0xA3, 0x0E, 0xE2, 0x89, 0xA9, 0x88, 0xD6, 0x8A, 0xF0, 0x0C, 0x0F, 0x78, 0xCF, 0x23,
    0x9D, 0x4A, 0x06, 0x7C, 0x67, 0x3E, 0x00, 0x0F, 0x54, 0xCB, 0x11, 0x6F, 0x48, 0xF7, 0x71, 0xD5,
    0x99, 0x9F, 0xC8, 0x21, 0x1B, 0x78, 0x90, 0x6C, 0x3E, 0x6B, 0x98, 0x8E, 0x07, 0xF0, 0xEF, 0xB0,
    0x11, 0x1D, 0x90, 0x7B, 0x96, 0x96, 0x6A, 0xDE, 0x5C, 0x64, 0xBD, 0x58, 0x23, 0xF3, 0x2E, 0xF6,
    0x03, 0x56, 0x37, 0xC6, 0x8D, 0x3B, 0xA2, 0x11, 0x4D, 0x89, 0x89, 0xF2, 0x8E, 0xB8, 0x4B, 0x81,
    0x1D, 0x46, 0x4A, 0xDC, 0x45, 0x83, 0x44, 0x4E, 0x9D, 0x64, 0x2E, 0xEA, 0x55, 0xF0, 0x06, 0x55,
    0xBE, 0xDD, 0x8A, 0xEE, 0x81, 0xD4, 0x54, 0x22, 0x2F, 0x8A, 0xBC, 0xC5, 0xD3, 0xDC, 0x72, 0x6D,
    0x63, 0xB7, 0x91, 0xFD, 0xD5, 0x7B, 0x57, 0xEC, 0x46, 0xF8, 0x54, 0x9B, 0x77, 0x43, 0xE4, 0x07,
    0x8A, 0xCF, 0xCF, 0x92, 0x69, 0xF2, 0xFA, 0x25, 0x3F, 0x33, 0x13, 0x96, 0x45, 0x2E, 0x0C, 0x27,
    0xBE, 0xE1, 0x3D, 0x05, 0xF2, 0x16, 0x12, 0xDA, 0x89, 0x34, 0x70, 0xAD, 0xE5, 0x97, 0x68, 0x12,
    0xC5, 0xA3, 0x28, 0x59, 0x68, 0x00, 0xBF, 0x61, 0x37, 0x5C, 0x55, 0xA4, 0xF7, 0xBE, 0xEF, 0x31,
    0xBF, 0x5B, 0x02, 0xF3, 0x8E, 0x4C, 0x31, 0x9D, 0x69, 0x45, 0x59, 0x58, 0x2E, 0x95, 0x13, 0xB8,
    0xFD, 0x2C, 0x57, 0xC4, 0x81, 0xB0, 0x26, 0xD5, 0xF3, 0x16, 0xB8, 0x34, 0xA8, 0x78, 0x54, 0x68,
    0x2D, 0xB7, 0x2A, 0x37, 0x64, 0x7C, 0x88, 0xFE, 0xBF, 0x22, 0x3E, 0x2E, 0xF3, 0x14, 0x40, 0x32,
    0xC7, 0x01, 0x99, 0x12, 0xC4, 0xB0, 0x9A, 0xF3, 0x25, 0xA8, 0x7C, 0x2E, 0x7A, 0x2E, 0xF6, 0xD9,
    0x54, 0xAE, 0x8B, 0xA9, 0x9C, 0xFE, 0x75, 0xC4, 0xC4, 0x58, 0x62, 0xD0, 0x00, 0xF1, 0x7C, 0xE5,
    0xF0, 0xC1, 0xEB, 0x15, 0xC5, 0xCE, 0x7A, 0xC5, 0x85, 0xB3, 0x2E, 0xDA, 0x52, 0x9E, 0x13, 0x26,
    0xBD, 0x28, 0x1D, 0x76, 0xFF, 0x8A, 0x9C, 0x28, 0xEE, 0x44, 0xC6, 0x8A, 0xBE, 0x28, 0x8C, 0xAA,
    0xEF, 0x02, 0xCD, 0xCB, 0xBE, 0x32, 0xFE, 0xEF, 0x08, 0x7F, 0xCB, 0x00, 0xBE, 0x1A, 0xE6, 0xE8,
    0xF3, 0x9E, 0x6D, 0xBD, 0xEC, 0x64, 0xEF, 0x2D, 0xF5, 0x13, 0x92, 0xF7, 0x64, 0x17, 0x01, 0xD4,
    0x48, 0x7A, 0x6A, 0x7F, 0xAE, 0xA2, 0xD6, 0x17, 0x84, 0x9C, 0x90, 0x59, 0x02, 0xEF, 0x7E, 0xB8,
    0x33, 0x49, 0x39, 0x07, 0xD4, 0x80, 0x06, 0x1A, 0xDD, 0x35, 0xCC, 0x60, 0xFC, 0x20, 0x5A, 0x75,
    0xA2, 0xA2, 0xFA, 0x8C, 0x84, 0xBC, 0xCA, 0x43, 0x48, 0x6B, 0x98, 0xBA, 0xE0, 0xF4, 0x92, 0x16,
    0xBD, 0x2D, 0xCB, 0x25, 0x7D, 0xA5, 0xC9, 0xDA, 0x52, 0x14, 0xFC, 0x60, 0xF4, 0x83, 0xE1, 0x0F,
    0xC5, 0xBF, 0x1E, 0x00, 0x5D, 0x10, 0x79, 0x84, 0x67, 0x00, 0xC9, 0xE2, 0x1C, 0xB7, 0xFF, 0x86,
    0xC1, 0xFE, 0x3E, 0x4C, 0x11, 0x20, 0x18, 0xBD, 0x3C, 0x0F, 0x4A, 0xCC, 0xB3, 0x7E, 0x8E, 0x03,
    0xDF, 0x6A, 0x8D, 0x7E, 0x37, 0x4B, 0xBC, 0xF8, 0x4B, 0x20, 0xA6, 0x3E, 0xE6, 0x9D, 0xEF, 0x0F,
    0x28, 0xEB, 0xA4, 0xC7, 0x31, 0xEB, 0x9A, 0x08, 0x63, 0x38, 0x8A, 0x9E, 0x94, 0x0E, 0xF0, 0xF5,
    0xEC, 0xBA, 0x82, 0x16, 0x19, 0x4F, 0xB3, 0x42, 0x03, 0x25, 0xA5, 0x6C, 0xA5, 0xD5, 0xB2, 0x1F,
    0x9E, 0x4B, 0x66, 0x2B, 0x94, 0x5B, 0x68, 0x08, 0x13, 0x4A, 0xB6, 0x69, 0xF5, 0xAB, 0xC6, 0x85,
    0x97, 0x0A, 0xE6, 0x97, 0xDC, 0x1E, 0x5F, 0x36, 0x9A, 0xE3, 0xA5, 0xCB, 0x90, 0xA1, 0x5F, 0x59,
    0xBA, 0x8C, 0xE8, 0x9F, 0x81, 0xC2, 0x5B, 0x1C, 0x33, 0xA5, 0x4E, 0x5D, 0xDC, 0xC7, 0x2E, 0xE9,
    0xA5, 0x92, 0xE4, 0x92, 0x85, 0x2B, 0x17, 0x4C, 0x49, 0xFC, 0xF6, 0x96, 0x65, 0xF5, 0xA5, 0xCD,
    0x97, 0x36, 0x08, 0x6F, 0x8C, 0x30, 0x8C, 0x87, 0xCD, 0xAD, 0xA4, 0x94, 0x02, 0x8A, 0x41, 0xC2,
    0x76, 0xFD, 0xC8, 0x02, 0x63, 0xE2, 0x98, 0x22, 0x1D, 0x9D, 0x32, 0x85, 0x10, 0xD4, 0x28, 0xAD,
    0x6E, 0x16, 0xBF, 0xD5, 0x2B, 0xCC, 0x72, 0x5C, 0xDE, 0xE6, 0xA6, 0x9F, 0x82, 0x42, 0xA7, 0xA2,
    0xF9, 0x57, 0x6E, 0xE9, 0xD9, 0x9A, 0x21, 0x6B, 0x89, 0x3D, 0x61, 0x10, 0xD0, 0x3C, 0xC7, 0x0C,
    0xA7, 0xFE, 0x3D, 0x37, 0xFF, 0xDF, 0xC2, 0x14, 0x1B, 0xBC, 0xF9, 0xB1, 0xD4, 0x57, 0x5F, 0xA7,
    0x65, 0x55, 0x2E, 0x31, 0xAB, 0xFA, 0x27, 0x19, 0x9A, 0x83, 0xB2, 0x9B, 0xB4, 0xDB, 0xEE, 0xB4,
    0xA6, 0x53, 0x98, 0xBF, 0x9F, 0xBE, 0x00, 0x5A, 0xBA, 0xA8, 0xA4, 0xA5, 0x24, 0x1F, 0xD6, 0x45,
    0x49, 0x4B, 0x89, 0x49, 0x35, 0x41, 0x39, 0x41, 0x3D, 0x41, 0x41, 0xA5, 0xA8, 0x24, 0x9D, 0x6D,
    0x5E, 0xCC, 0xDB, 0x5A, 0x26, 0x61, 0x41, 0x65, 0x65, 0x9C, 0xB4, 0x95, 0xB8, 0x52, 0x37, 0x44,
    0xD7, 0x4E, 0x4E, 0xDA, 0x95, 0xC4, 0xB6, 0x54, 0xD2, 0x7B, 0x28, 0xBC, 0x26, 0xBC, 0xC3, 0xD4,
    0xDB, 0x1E, 0x61, 0x55, 0x65, 0xF5, 0x27, 0xDC, 0xB7, 0x3F, 0xE1, 0xFD, 0x82, 0x5D, 0xEC, 0x88,
    0x39, 0xD1, 0x78, 0x6F, 0x67, 0x44, 0xB6, 0x33, 0xBE, 0x3E, 0x21, 0xCC, 0xDB, 0x9D, 0x61, 0xB8,
    0xD7, 0xB1, 0xB4, 0xF0, 0xDD, 0xDE, 0x4C, 0x50, 0xBF, 0x88, 0x5D, 0x58, 0xB5, 0x51, 0x54, 0xB4,
    0xBC, 0xA7, 0x33, 0x0C, 0x82, 0xE2, 0x3D, 0xDB, 0x2B, 0xCD, 0x87, 0xED, 0x06, 0x7E, 0x11, 0x89,
    0x3B, 0x40, 0x7A, 0xAF, 0xD7, 0xD2, 0x5E, 0xE2, 0xAB, 0x50, 0xAD, 0xD5, 0xDA, 0xB2, 0x7E, 0x8B,
    0x82, 0x66, 0x07, 0x2E, 0xD7, 0xC0, 0xC3, 0x3F, 0x0B, 0x3B, 0xCE, 0x8F, 0x30, 0x4F, 0xA0, 0x0D,
    0x18, 0xC3, 0x1E, 0xFD, 0xB1, 0x9A, 0x3A, 0xEC, 0xAC, 0x7E, 0x9E, 0x76, 0xFD, 0x81, 0x07, 0x76,
    0x34, 0x3A, 0x0E, 0xFA, 0x60, 0x40, 0xFA, 0x92, 0x43, 0xF6, 0x72, 0x07, 0x73, 0xC3, 0x22, 0x0F,
    0x6A, 0x96, 0xDA, 0xB4, 0xF7, 0x35, 0x8E, 0x3F, 0xCE, 0xBE, 0xEA, 0xD7, 0xB7, 0x2F, 0xC5, 0xB5,
    0xE1, 0xA5, 0xB8, 0x29, 0xBC, 0x14, 0x97, 0x51, 0x87, 0xC9, 0x04, 0xEC, 0xB2, 0x21, 0x1E, 0xF3,
    0xCA, 0x38, 0xDC, 0x29, 0x40, 0xBC, 0x4C, 0x3C, 0x3A, 0xA0, 0xB9, 0x2F, 0xEE, 0x2F, 0xFF, 0x2F,
    0xB8, 0xFB, 0x5F, 0x6E, 0xF3, 0x3E, 0xBD, 0xD0, 0xCD, 0x5A, 0xC5, 0xC2, 0x45, 0x25, 0xE2, 0x92,
    0xEC, 0x65, 0xFD, 0x7B, 0xF5, 0x29, 0x1C, 0x64, 0xD5, 0x4D, 0x79, 0xAA, 0xA5, 0xDA, 0xED, 0xF2,
    0x2A, 0x59, 0x6E, 0x59, 0x1D, 0xCF, 0x5B, 0x3D, 0xED, 0x27, 0xBC, 0xB1, 0xB5, 0xF2, 0x23, 0x1A,
    0x3F, 0xB2, 0x82, 0x45, 0x81, 0x9D, 0x6C, 0x3A, 0xDF, 0x7E, 0x8D, 0x7B, 0x54, 0x6B, 0x1B, 0x8A,
    0x67, 0x65, 0x35, 0x51, 0x85, 0x10, 0x36, 0x91, 0x62, 0x68, 0xAD, 0xAD, 0x8F, 0xA3, 0xE6, 0x37,
    0x00, 0xD0, 0xE5, 0x6B, 0x92, 0x95, 0x5B, 0xF7, 0x4A, 0xA3, 0xFA, 0xBA, 0xC6, 0xF7, 0x1B, 0x6A,
    0xD5, 0x50, 0x17, 0x32, 0xB7, 0x40, 0xF1, 0x86, 0x06, 0xC6, 0xA7, 0x28, 0x69, 0x15, 0x19, 0x89,
    0xA5, 0x5D, 0x24, 0x25, 0x70, 0x81, 0xB2, 0x3A, 0x18, 0x59, 0x05, 0xFB, 0x98, 0xE2, 0x90, 0xA4,
    0x72, 0x1E, 0xE8, 0x52, 0x48, 0x79, 0x2E, 0x07, 0x3A, 0x08, 0x74, 0x27, 0x9C, 0xEB, 0x45, 0x89,
    0x93, 0x86, 0x4A, 0x27, 0xD6, 0x11, 0x9D, 0x92, 0x7A, 0x2F, 0xDB, 0x83, 0x53, 0x70, 0x6E, 0xE9,
    0x8A, 0xC0, 0xEB, 0xFF, 0x88, 0xA7, 0xBA, 0x03, 0x20, 0x7E, 0x77, 0x38, 0x02, 0x92, 0x67, 0x3D,
    0x2D, 0xC2, 0xCA, 0x2A, 0x71, 0x7B, 0xFF, 0x2B, 0x99, 0x4F, 0x21, 0x6A, 0x34, 0xF5, 0xF6, 0x48,
    0x1D, 0x91, 0x0D, 0x59, 0xCB, 0xF2, 0x49, 0x02, 0x73, 0xE1, 0x8F, 0x9E, 0xC8, 0x77, 0x56, 0x90,
    0xCB, 0x0F, 0x58, 0x41, 0xF6, 0xC4, 0x64, 0x9D, 0x54, 0xA6, 0xCB, 0x27, 0x53, 0x99, 0xFF, 0x19,
    0xD7, 0xD7, 0xD8, 0x63, 0xFA, 0x01, 0x99, 0xAF, 0x7C, 0x8B, 0xE8, 0x16, 0xBE, 0x8C, 0x65, 0x49,
    0xAF, 0x9C, 0x69, 0x42, 0x28, 0x9F, 0x15, 0x6F, 0xE8, 0xFF, 0x7B, 0x44, 0x93, 0x75, 0xCA, 0x62,
    0x29, 0xA7, 0xC5, 0x03, 0x8F, 0x84, 0x60, 0xB8, 0xBA, 0xF7, 0x7F, 0x44, 0x2A, 0xF6, 0xFE, 0x8F,
    0x48, 0xD1, 0xF1, 0x67, 0xC5, 0x1F, 0x51, 0x85, 0x47, 0x65, 0xC0, 0xD5, 0x0D, 0xBA, 0xC8, 0xB1,
    0x7B, 0x79, 0xB8, 0xD3, 0xCF, 0x6A, 0xF5, 0x0D, 0xE1, 0x0D, 0xA9, 0xD3, 0xE2, 0x1B, 0x5C, 0xAA,
    0x44, 0xC1, 0x0D, 0x89, 0x75, 0xA2, 0xFA, 0x05, 0x52, 0x5A, 0x87, 0xBF, 0x7E, 0x12, 0x5C, 0x24,
    0xFB, 0x81, 0x0B, 0x9F, 0x81, 0x0E, 0xEC, 0x56, 0x08, 0x3D, 0x62, 0xA1, 0x79, 0xF7, 0x41, 0xB2,
    0x83, 0x29, 0xF1, 0xF0, 0xCA, 0xCE, 0xD2, 0x53, 0x75, 0x0A, 0x1C, 0xB5, 0x2D, 0x65, 0xE2, 0x48,
    0xDE, 0x90, 0xE2, 0x91, 0x3A, 0x21, 0x75, 0x2B, 0x19, 0x6B, 0x07, 0xD2, 0x57, 0xA2, 0xEE, 0x33,
    0x33, 0xD2, 0x3C, 0xF2, 0x05, 0x2D, 0xBF, 0x94, 0x15, 0x07, 0xFF, 0x15, 0x28, 0x1C, 0x7F, 0x67,
    0x5E, 0x1E, 0x24, 0x05, 0x1B, 0xFA, 0x8C, 0x26, 0xE9, 0x4F, 0x3F, 0x74, 0x6A, 0x9E, 0xA8, 0x3F,
    0x94, 0xE0, 0x87, 0x9F, 0x4C, 0xF0, 0x5E, 0x6A, 0x3D, 0xDF, 0x22, 0x3C, 0xF2, 0x22, 0x23, 0xA4,
    0x0B, 0x41, 0x85, 0xF7, 0x36, 0xC9, 0x8F, 0x1F, 0x10, 0x95, 0xA3, 0x28, 0xEF, 0xFE, 0x00, 0x62,
    0x77, 0x14, 0xFB, 0x61, 0x99, 0x1A, 0xDC, 0x7E, 0x20, 0x3C, 0xDA, 0x9D, 0x6F, 0x08, 0xC7, 0xE5,
    0x3F, 0xC8, 0x57, 0x0E, 0xBA, 0xA4, 0x6A, 0xAA, 0x26, 0x94, 0xD5, 0x10, 0x38, 0x9A, 0xA4, 0xC8,
    0xFC, 0x62, 0x34, 0x4E, 0x7A, 0x37, 0x3A, 0x94, 0xD2, 0x8F, 0xC6, 0xFB, 0xC4, 0xAF, 0x4B, 0x3F,
    0xE4, 0x7E, 0x9D, 0xF8, 0x29, 0xBC, 0xB7, 0x0D, 0x03, 0x1E, 0xF8, 0x1A, 0xC5, 0x06, 0xD9, 0x63,
    0x52, 0x42, 0xAF, 0x99, 0xE9, 0x33, 0x3A, 0xF8, 0x8D, 0x45, 0xCF, 0x83, 0xEC, 0xB6, 0x8D, 0x1C,
    0x0F, 0x4C, 0x6E, 0x19, 0xC5, 0x0D, 0x2E, 0x6D, 0x0E, 0x2C, 0x0F, 0x0E, 0x8C, 0xCD, 0x38, 0xFB,
    0xC6, 0x91, 0x69, 0x0D, 0x78, 0xE0, 0x4C, 0x7B, 0x89, 0x07, 0x7F, 0xDE, 0x99, 0x8E, 0x2D, 0x2D,
    0xBF, 0x69, 0xB3, 0x8E, 0x4E, 0x29, 0xBF, 0x65, 0x33, 0xD7, 0xF3, 0xE0, 0xDB, 0xC8, 0x7E, 0xEB,
    0x78, 0xF0, 0x23, 0xA4, 0x6F, 0xB6, 0x3C, 0xB8, 0x8B, 0xE4, 0x4D, 0x2B, 0x3F, 0x85, 0xF9, 0x10,
    0x8A, 0x1E, 0x89, 0x97, 0x10, 0xDA, 0x19, 0xD8, 0x79, 0x1B, 0x9F, 0x2E, 0x89, 0x25, 0x82, 0xB6,
    0x5E, 0xE6, 0xEC, 0xED, 0x49, 0xEC, 0x97, 0x1C, 0xFB, 0x6F, 0xDC, 0xFB, 0x56, 0x94, 0xBC, 0xE9,
    0xB0, 0xF4, 0x3E, 0x0C, 0xC3, 0x10, 0x2F, 0x57, 0xF1, 0xA7, 0x27, 0x48, 0xF7, 0x63, 0xC2, 0x83,
    0x32, 0xA0, 0xC7, 0xAA, 0x32, 0x1E, 0x71, 0x8F, 0xA6, 0xBE, 0xA4, 0xD8, 0x69, 0xAA, 0x1F, 0x94,
    0x55, 0xBA, 0x61, 0x3C, 0x52, 0xD6, 0x66, 0x08, 0x11, 0x9D, 0x0F, 0x21, 0xA4, 0xCB, 0x01, 0x03,
    0xA3, 0xFF, 0xFA, 0x10, 0x39, 0xF2, 0x7F, 0x0F, 0x49, 0xBB, 0xE1, 0x97, 0x7E, 0x3A, 0x2A, 0xBD,
    0x7F, 0xE5, 0xA5, 0xD1, 0xD0, 0xC8, 0x7F, 0x7F, 0x76, 0x64, 0xD8, 0x9A, 0x57, 0xA3, 0xF1, 0x88,
    0xFC, 0xEB, 0x68, 0x72, 0xE4, 0x01, 0xDE, 0x92, 0x1D, 0x7C, 0x45, 0x6E, 0x31, 0x81, 0x5C, 0x63,
    0xD8, 0x36, 0xB8, 0x82, 0x4A, 0x08, 0xEF, 0x15, 0x21, 0x0E, 0x97, 0xBC, 0x21, 0x65, 0x31, 0x2A,
    0xB8, 0x9E, 0x38, 0xE1, 0x45, 0xED, 0xD2, 0x8F, 0x8C, 0x01, 0x2F, 0x8D, 0x7C, 0x45, 0x7B, 0x57,
    0x36, 0xEC, 0xDB, 0xC8, 0xD6, 0x96, 0x96, 0xE6, 0x1D, 0xDD, 0x6A, 0x9C, 0xD1, 0xE4, 0x85, 0x36,
    0xA6, 0x03, 0x2D, 0x4C, 0x46, 0xA7, 0xAA, 0xA4, 0xA6, 0xAF, 0x77, 0x27, 0x8C, 0xBF, 0xEB, 0xEB,
    0xA7, 0xC4, 0xC4, 0x7B, 0x37, 0xE3, 0x52, 0x86, 0xF0, 0xDB, 0x9D, 0xE1, 0xEE, 0x0A, 0x9B, 0x79,
    0xCD, 0x58, 0x84, 0x17, 0xE2, 0x77, 0xDF, 0x88, 0x5F, 0x06, 0xC7, 0x17, 0xE9, 0x20, 0x6E, 0xC6,
    0x7B, 0x5E, 0x7C, 0xC9, 0xB3, 0xA2, 0x1F, 0x68, 0x03, 0xFE, 0x7C, 0xD8, 0xDF, 0xDB, 0xA0, 0x25,
    0xE6, 0x35, 0x5D, 0x51, 0x82, 0x78, 0xA8, 0x48, 0xBA, 0xA3, 0x50, 0xE8, 0x89, 0x2F, 0x39, 0xE2,
    0x2B, 0x56, 0x58, 0xCB, 0x29, 0x32, 0xE4, 0xD7, 0xC2, 0x51, 0xA6, 0x3B, 0x61, 0x2B, 0xB4, 0x4B,
    0xD7, 0x13, 0x54, 0x7E, 0x91, 0x0A, 0xFF, 0x90, 0x27, 0xBD, 0x9C, 0xD6, 0x48, 0x86, 0xA2, 0x83,
    0xCA, 0x35, 0xB0, 0x46, 0x4F, 0xB5, 0x22, 0x21, 0x46, 0xDC, 0x85, 0xCA, 0x19, 0xF1, 0xD1, 0x63,
    0xCB, 0x6B, 0x81, 0xA9, 0xB0, 0x18, 0x88, 0x6A, 0x6B, 0xDC, 0xBF, 0xAF, 0x19, 0x9E, 0x1B, 0x74,
    0x9A, 0x27, 0x1F, 0x4B, 0x85, 0xBB, 0x6A, 0xC2, 0x28, 0x5B, 0x06, 0x2D, 0x58, 0x3B, 0x98, 0x61,
    0x91, 0x68, 0x65, 0x67, 0x43, 0x75, 0x12, 0xC8, 0x3E, 0xFA, 0x64, 0x3E, 0x9F, 0xCC, 0x75, 0xB2,
    0xD0, 0xC9, 0x52, 0x27, 0xAF, 0x23, 0x77, 0xC0, 0x24, 0x43, 0x46, 0xAC, 0x84, 0x2C, 0x2F, 0xCC,
    0x8D, 0x4C, 0x09, 0xC6, 0xED, 0xBD, 0x70, 0x41, 0x0D, 0xA9, 0x32, 0x07, 0x88, 0x50, 0xBE, 0x00,
    0x2E, 0x76, 0x0D, 0xB8, 0x0B, 0xEF, 0xDB, 0x31, 0xE2, 0x8C, 0x3F, 0x76, 0x85, 0xB7, 0x71, 0x87,
    0x2B, 0x1C, 0x09, 0x0F, 0x42, 0x48, 0xC6, 0xB5, 0xE2, 0x21, 0x9F, 0xAF, 0x8F, 0x69, 0x98, 0xA9,
    0xD2, 0x16, 0x97, 0xD9, 0x75, 0x0F, 0xC8, 0x5C, 0xE2, 0xAB, 0xA4, 0x33, 0xB7, 0xEF, 0xA5, 0x36,
    0x37, 0xDE, 0x57, 0x65, 0xEC, 0x27, 0x9C, 0xDF, 0x36, 0xAF, 0x20, 0xA0, 0x09, 0x8D, 0x14, 0x36,
    0x95, 0x02, 0xEB, 0x8C, 0xA8, 0x2A, 0xDD, 0xFC, 0x3E, 0x5C, 0xC5, 0x7E, 0xB9, 0x9F, 0x82, 0x7E,
    0x1E, 0xB1, 0x54, 0xE5, 0xE5, 0x99, 0xD5, 0xFA, 0xE5, 0xBB, 0x6E, 0x79, 0x1A, 0xAE, 0x9F, 0x0D,
    0x59, 0x55, 0xBE, 0xC1, 0x9D, 0x92, 0x43, 0xA6, 0x33, 0xF9, 0x37, 0x1D, 0x60, 0x5E, 0xB7, 0x08,
    0x23, 0x63, 0xAC, 0x5B, 0xF7, 0xF7, 0x5B, 0xDB, 0xA5, 0xE4, 0x83, 0x68, 0x1D, 0x1A, 0xEA, 0x9A,
    0x7A, 0x49, 0x46, 0x72, 0x1B, 0x74, 0xAD, 0x02, 0x09, 0xB1, 0x0A, 0x74, 0x1C, 0x68, 0xDA, 0xA3,
    0x51, 0x18, 0x05, 0x8A, 0xB7, 0x34, 0x88, 0x92, 0x2D, 0xF5, 0x81, 0x9C, 0x28, 0xDD, 0xA3, 0xAC,
    0x13, 0x99, 0x2D, 0xB5, 0x81, 0xEC, 0x2E, 0xE5, 0x81, 0x8A, 0xFA, 0x04, 0xC3, 0x48, 0x4B, 0x54,
    0x8C, 0x3B, 0x74, 0x31, 0x76, 0xA4, 0xF2, 0x95, 0x4E, 0x14, 0xA2, 0x27, 0xDF, 0xDA, 0x5C, 0x09,
    0xFF, 0x17, 0x64, 0x94, 0x21, 0x0C, 0xE5, 0x44, 0x17, 0x85, 0xBF, 0x76, 0xF2, 0x6F, 0x93, 0xBF,
    0x09, 0x55, 0x08, 0x20, 0xA4, 0x16, 0x01, 0xD4, 0x22, 0x76, 0xB7, 0xE3, 0x90, 0x20, 0xD6, 0xFB,
    0x60, 0xD6, 0x27, 0x90, 0x36, 0x8B, 0x4F, 0xC0, 0xA2, 0x10, 0x18, 0xD6, 0x80, 0x5C, 0xB1, 0x4B,
    0x27, 0xEB, 0x45, 0xBD, 0xAA, 0x46, 0x8D, 0xE8, 0x26, 0x25, 0xF4, 0xF5, 0x92, 0x93, 0x9B, 0xC9,
    0xDB, 0xCD, 0xDE, 0xBC, 0xCC, 0x3D, 0x93, 0xF6, 0xCC, 0x9D, 0xF9, 0x7A, 0xE7, 0xA1, 0xA8, 0x66,
    0x14, 0xED, 0xF6, 0x76, 0x6A, 0x36, 0xA8, 0xFE, 0x8A, 0x61, 0x85, 0xC9, 0x8E, 0x26, 0x11, 0xEC,
    0x17, 0xFB, 0x06, 0xBA, 0xCC, 0x78, 0x83, 0x31, 0x49, 0x61, 0xD0, 0xEE, 0xD4, 0x27, 0x84, 0x93,
    0x70, 0xA0, 0xD4, 0x66, 0x25, 0x3D, 0xD6, 0x83, 0x7E, 0x83, 0xFA, 0xC6, 0x90, 0x50, 0x1A, 0x95,
    0x4E, 0x94, 0xC2, 0x3D, 0xCD, 0xC8, 0xAB, 0xD4, 0xEC, 0x8C, 0xC9, 0x8B, 0x28, 0x6D, 0x4A, 0xF2,
    0xCA, 0x3E, 0xCE, 0x74, 0x9B, 0x97, 0xCC, 0xB2, 0x95, 0x22, 0xD8, 0xDF, 0x36, 0x03, 0x83, 0xDD,
    0x00, 0xAA, 0xE7, 0x11, 0x8F, 0x8F, 0x34, 0x8C, 0x1A, 0x26, 0x8A, 0x7A, 0x0C, 0xDF, 0xC5, 0x87,
    0xB4, 0xB6, 0xBF, 0x60, 0x7C, 0x66, 0x1B, 0x27, 0x4B, 0x0C, 0x99, 0x71, 0x6E, 0x55, 0xAC, 0x53,
    0xA9, 0x41, 0xC3, 0x18, 0x19, 0xD2, 0xA4, 0x83, 0x2E, 0x2A, 0xAD, 0x21, 0x2E, 0x5A, 0x69, 0x81,
    0x8B, 0x85, 0xEA, 0x64, 0x8C, 0x61, 0x97, 0x67, 0xA5, 0xDB, 0xA7, 0x48, 0xB0, 0x13, 0xF8, 0xB8,
    0x54, 0xE7, 0x2B, 0x4F, 0xD7, 0x3B, 0xE9, 0x95, 0xA7, 0xEF, 0x1D, 0xFC, 0xBE, 0xD8, 0xC9, 0x62,
    0xEB, 0x62, 0x3B, 0xCB, 0x81, 0x38, 0xE2, 0x67, 0xAB, 0x3C, 0xD5, 0x19, 0x51, 0xAD, 0x37, 0x87,
    0xBB, 0x0A, 0x10, 0x21, 0x39, 0x63, 0xFF, 0x04, 0x8D, 0xA7, 0xD6, 0xE9, 0x74, 0x91, 0x7E, 0x85,
    0x0E, 0x21, 0x53, 0x12, 0xC0, 0xDE, 0xD3, 0x97, 0x20, 0xC6, 0x8F, 0x3C, 0x3D, 0xF4, 0xF4, 0xD2,
    0x9F, 0xED, 0x28, 0x85, 0x0C, 0x43, 0xA6, 0xD5, 0x0A, 0x57, 0xB5, 0xE8, 0x83, 0x98, 0x5D, 0x00,
    0x66, 0x59, 0xE9, 0xC1, 0xEF, 0xBC, 0x1B, 0x27, 0x20, 0x16, 0x45, 0x97, 0x71, 0x07, 0xB4, 0xED,
    0x07, 0x30, 0xCC, 0xD5, 0x12, 0xF5, 0x7D, 0x8D, 0x26, 0x6B, 0x6C, 0xB3, 0x70, 0x68, 0xB7, 0x37,
    0xBA, 0x55, 0x8E, 0x2E, 0xA1, 0x56, 0x49, 0x3A, 0xE5, 0x90, 0x10, 0xD6, 0x19, 0x7D, 0x95, 0x88,
    0x2C, 0xC8, 0x32, 0x21, 0x8B, 0x69, 0x0C, 0x57, 0x88, 0xDD, 0xD6, 0xDF, 0xBA, 0xD8, 0xBD, 0x39,
    0xAF, 0x1F, 0xE8, 0x6C, 0xB3, 0x83, 0xD6, 0xA2, 0xAD, 0x54, 0xBF, 0xF9, 0x77, 0x2F, 0xF1, 0x27,
    0x5F, 0xE0, 0x21, 0xEC, 0xBE, 0x53, 0x8F, 0x51, 0xFB, 0x28, 0xD1, 0x5B, 0xA2, 0x04, 0x9D, 0x71,
    0x8F, 0xD6, 0x2D, 0x1E, 0xD5, 0xB7, 0x94, 0x28, 0xAF, 0xDA, 0x15, 0xD5, 0x7B, 0xE2, 0xD4, 0x9B,
    0xD9, 0x01, 0xA3, 0x26, 0xB0, 0xA4, 0x4F, 0x0C, 0xA6, 0x48, 0x77, 0xC2, 0x34, 0xB3, 0x24, 0x5E,
    0x0A, 0x2F, 0x2C, 0x91, 0x61, 0xE3, 0x80, 0x69, 0x05, 0x9D, 0x28, 0x93, 0xC1, 0x66, 0x6F, 0xEE,
    0x43, 0x2D, 0x60, 0x68, 0x42, 0xA3, 0xE2, 0xF2, 0x57, 0x97, 0xFA, 0x1D, 0xF7, 0xD7, 0x37, 0x9F,
    0xC8, 0x5F, 0x6E, 0x82, 0xFB, 0x7D, 0x82, 0xFB, 0x25, 0xB4, 0x80, 0xFC, 0x34, 0x87, 0x26, 0xEE,
    0xA7, 0xDD, 0xFD, 0x5C, 0xF2, 0xAB, 0x3A, 0xDD, 0xE1, 0x7E, 0x9F, 0x78, 0x7D, 0x74, 0x77, 0xE9,
    0xB3, 0xFB, 0x19, 0x56, 0x18, 0x57, 0xF7, 0xAB, 0x57, 0x98, 0x92, 0xFB, 0x35, 0xC1, 0xA2, 0xFC,
    0xF5, 0xAC, 0x49, 0xB8, 0xF4, 0x53, 0x63, 0x4E, 0xB3, 0xCC, 0xF2, 0x77, 0xB3, 0x4E, 0x3D, 0x65,
    0xF9, 0xE9, 0x63, 0x65, 0x34, 0x36, 0xCB, 0xCF, 0xC4, 0x53, 0x33, 0x3B, 0xC1, 0x14, 0x68, 0x98,
    0xA9, 0xCC, 0x19, 0x96, 0xF8, 0x9C, 0x36, 0x52, 0xA2, 0x67, 0x2A, 0xE0, 0xA1, 0x7B, 0x7D, 0x52,
    0xC0, 0xD3, 0x58, 0xA6, 0x80, 0x27, 0x58, 0xA2, 0x80, 0xA7, 0x36, 0x28, 0xE0, 0xE1, 0x09, 0x14,
    0xF0, 0x1E, 0x0E, 0xDE, 0x65, 0x01, 0xBF, 0xA8, 0xE7, 0x0B, 0x78, 0x33, 0xDB, 0x28, 0xE0, 0x4F,
    0xA6, 0x54, 0x58, 0x57, 0x19, 0xA3, 0x4C, 0xEA, 0x35, 0xDC, 0xEE, 0xE0, 0xA3, 0x56, 0xA4, 0x80,
    0xEF, 0xEF, 0xE0, 0x1D, 0xD9, 0x1D, 0x3C, 0x77, 0xF0, 0xAA, 0x50, 0xC0, 0xCB, 0x7A, 0x07, 0xDF,
    0xBD, 0x0D, 0x5E, 0xE9, 0x0E, 0x5E, 0x1C, 0x70, 0xF0, 0xF5, 0x45, 0x33, 0xE3, 0xE0, 0x55, 0xB6,
    0x8B, 0x38, 0x78, 0xF9, 0x7B, 0x70, 0xF0, 0x5A, 0x6F, 0xA2, 0x80, 0x5F, 0x84, 0x1A, 0x07, 0xAF,
    0x74, 0x43, 0xF1, 0xFF, 0xE7, 0x33, 0x1F, 0x50, 0x27, 0x84, 0x77, 0xA6, 0x4D, 0xC3, 0x8C, 0xFC,
    0xBA, 0x98, 0x17, 0x38, 0xCD, 0xDA, 0x0E, 0x97, 0x80, 0x6D, 0x05, 0x1E, 0x7E, 0x99, 0xD0, 0x6B,
    0x1F, 0x82, 0xE2, 0x06, 0x1E, 0x0F, 0x7E, 0x3E, 0xF1, 0xA8, 0x55, 0x7C, 0x34, 0xDB, 0xA1, 0xFB,
    0xE7, 0xA9, 0xA4, 0x65, 0x1D, 0xA3, 0x39, 0x78, 0xA5, 0x0D, 0x62, 0x34, 0x3B, 0x3B, 0xCB, 0x4C,
    0x7D, 0xD2, 0x66, 0x72, 0x65, 0xC2, 0xA9, 0x93, 0x44, 0x21, 0xEE, 0xB2, 0x53, 0xD3, 0x02, 0x1B,
    0x62, 0x36, 0x6C, 0xC2, 0xA5, 0x9F, 0x08, 0x30, 0x3A, 0x28, 0xA3, 0x48, 0xBF, 0x34, 0xB3, 0x7E,
    0xED, 0xEE, 0xD2, 0x22, 0x72, 0xB2, 0x48, 0x3A, 0xD7, 0x69, 0x0E, 0x26, 0x57, 0x50, 0x03, 0xB7,
    0x0B, 0xE1, 0x26, 0x39, 0xA6, 0x4F, 0x8D, 0xF6, 0x50, 0x27, 0x8F, 0xDB, 0x0B, 0xFB, 0xBA, 0xCF,
    0xE8, 0x6E, 0x5B, 0x5E, 0x6C, 0x32, 0x33, 0xC4, 0x75, 0x3C, 0x5C, 0xF2, 0x84, 0xFF, 0x45, 0x3C,
    0x3A, 0x61, 0xD5, 0xE1, 0xE8, 0x5D, 0x09, 0xF6, 0xB2, 0x09, 0x80, 0xA6, 0xEA, 0x24, 0x30, 0xC7,
    0xA9, 0x76, 0xF3, 0x99, 0xF7, 0x9A, 0xAB, 0x70, 0xDE, 0x95, 0xBF, 0xE1, 0x4A, 0x6F, 0x08, 0x88,
    0xCF, 0xBC, 0xB9, 0x5C, 0x09, 0x4B, 0x51, 0xFE, 0x86, 0x7A, 0xCA, 0xDF, 0x10, 0xA1, 0xD2, 0xF9,
    0x43, 0x72, 0x25, 0x3E, 0xFE, 0x86, 0x2B, 0xBD, 0x41, 0x41, 0x48, 0xD6, 0xD6, 0xA4, 0xBC, 0xD7,
    0xA5, 0x6A, 0x57, 0xD3, 0x4C, 0xD8, 0xCA, 0xE6, 0xDB, 0xA4, 0xAD, 0x55, 0xA6, 0x65, 0xEB, 0x9B,
    0x77, 0x97, 0xA5, 0x50, 0x6E, 0xF6, 0x2C, 0xE5, 0x11, 0x0E, 0xCF, 0x65, 0x43, 0xBE, 0xD1, 0xF7,
    0x95, 0x6F, 0x03, 0x2F, 0xE9, 0x51, 0x59, 0x59, 0xC3, 0x7C, 0x39, 0x71, 0xFF, 0x89, 0x7B, 0xFC,
    0x5A, 0x9E, 0x9F, 0x4E, 0x5E, 0x97, 0xA0, 0x2F, 0xC2, 0xB9, 0x87, 0xBD, 0x60, 0x2F, 0xD4, 0x15,
    0xC6, 0xFB, 0x42, 0x65, 0xB2, 0x13, 0xAF, 0x6D, 0xC3, 0x81, 0x0F, 0xAB, 0xB3, 0x15, 0x3D, 0x17,
    0x63, 0x2A, 0x62, 0x16, 0x6C, 0x89, 0x88, 0x1F, 0x6D, 0x2A, 0xE7, 0x59, 0x8A, 0xB0, 0x02, 0xFA,
    0xC2, 0x0F, 0x58, 0xDD, 0x70, 0xCC, 0xF5, 0xE9, 0x94, 0x5D, 0x08, 0x72, 0x38, 0x71, 0xC6, 0xE1,
    0xC0, 0x11, 0x37, 0x3B, 0x4E, 0xB8, 0xCD, 0x38, 0xE0, 0x2E, 0xE3, 0x7C, 0xBB, 0x0D, 0x8F, 0x22,
    0xE8, 0x53, 0x01, 0x59, 0xC4, 0x38, 0xE3, 0x31, 0x81, 0xC7, 0x75, 0xE7, 0xE5, 0xD9, 0x72, 0x11,
    0xB3, 0xFF, 0x09, 0x7C, 0x46, 0x67, 0x09, 0xA3, 0xB2, 0xA4, 0xD2, 0xD3, 0xAC, 0x71, 0x8A, 0x5C,
    0x65, 0x95, 0x85, 0x3B, 0xB6, 0x0B, 0x3F, 0x91, 0x9D, 0xBA, 0xB4, 0x7F, 0x1C, 0x84, 0x53, 0x24,
    0x34, 0x66, 0xC2, 0x21, 0x06, 0xCD, 0xAE, 0xB1, 0xCD, 0x74, 0x9B, 0x44, 0xBF, 0x4A, 0x0C, 0x49,
    0xE3, 0x98, 0xB4, 0xE7, 0x71, 0xD6, 0x74, 0x8C, 0x9A, 0x4E, 0x68, 0xBA, 0xA0, 0xD1, 0x60, 0xF4,
    0xB2, 0x51, 0xCC, 0xA6, 0xD7, 0xCF, 0xC4, 0xC9, 0x7E, 0x3C, 0xA1, 0x3F, 0xB5, 0xFF, 0x2A, 0x8A,
    0x13, 0xAA, 0x00, 0xAA, 0xE0, 0x30, 0x0A, 0x09, 0xAD, 0x57, 0x36, 0xBA, 0x9C, 0x48, 0xEA, 0x21,
    0x3A, 0x5E, 0x6B, 0xD6, 0x9A, 0x25, 0x7A, 0x5B, 0x69, 0xED, 0xEA, 0xA4, 0x59, 0x32, 0xF2, 0x8C,
    0x59, 0xC0, 0x32, 0x0C, 0xF8, 0x12, 0xCB, 0x01, 0x8F, 0x5D, 0xEB, 0xA0, 0x3C, 0xF2, 0xBB, 0xC2,
    0xBF, 0x17, 0x3C, 0xC4, 0x5B, 0xEA, 0x8D, 0xC1, 0x4B, 0x2F, 0x56, 0x65, 0x8B, 0x45, 0xD7, 0x79,
    0x4A, 0x1C, 0xAE, 0xC3, 0x36, 0xAE, 0xEC, 0xDE, 0x5E, 0x61, 0x1D, 0x72, 0xA5, 0xBF, 0x7F, 0xE9,
    0xD4, 0xE5, 0x3A, 0xFB, 0x17, 0x69, 0x52, 0x7B, 0x04, 0xD7, 0xB4, 0x29, 0x9C, 0x61, 0xF3, 0xDB,
    0xD3, 0xCD, 0xE1, 0x0A, 0xAB, 0x77, 0x5B, 0x17, 0x2B, 0xFB, 0xAF, 0x9D, 0xEB, 0x8A, 0xD2, 0x1C,
    0xD9, 0xC9, 0xB2, 0xBD, 0x3B, 0x5E, 0xF6, 0x3F, 0x50, 0x37, 0xE7, 0x7B, 0xCD, 0x1B, 0x19, 0x93,
    0x33, 0x5D, 0x26, 0x67, 0xB8, 0x69, 0x5E, 0xC8, 0x39, 0xE7, 0x1C, 0x7A, 0xC6, 0x66, 0x78, 0x23,
    0xC7, 0x67, 0x72, 0xCE, 0x39, 0xF5, 0xB4, 0x4D, 0x7E, 0x5C, 0x93, 0x33, 0x98, 0x9C, 0xC1, 0xE7,
    0x60, 0x16, 0xEF, 0x5C, 0xFF, 0x2E, 0x5A, 0xDF, 0xE7, 0xB5, 0xFE, 0xF6, 0xD0, 0xBB, 0xC4, 0xC9,
    0x3E, 0x63, 0xA9, 0xB6, 0xC7, 0x3B, 0x5D, 0x25, 0xA9, 0x24, 0xD5, 0x27, 0xD9, 0x29, 0x73, 0x42,
    0x75, 0xF1, 0xE1, 0xFD, 0x90, 0x11, 0x62, 0xBA, 0xF5, 0x63, 0x15, 0xC7, 0x5E, 0xC4, 0x3F, 0x06,
    0x57, 0x87, 0xA9, 0xE7, 0x01, 0xC6, 0x87, 0xA9, 0xBB, 0xB0, 0x2C, 0xE5, 0xD8, 0xC6, 0x3A, 0xDD,
    0x74, 0xE6, 0x38, 0xD2, 0xD0, 0xB6, 0xE7, 0x12, 0x3F, 0x23, 0x74, 0xFA, 0xDF, 0x58, 0x22, 0xDC,
    0xF5, 0xC4, 0xA5, 0xF0, 0x3A, 0x3F, 0x9E, 0x6D, 0x88, 0x65, 0x6D, 0x0C, 0x8D, 0xBE, 0x8B, 0xDC,
    0xB6, 0x3D, 0x2F, 0xDF, 0xDA, 0xBF, 0x18, 0x0A, 0x1B, 0xAB, 0x5E, 0xED, 0x7A, 0x7D, 0x1B, 0xD6,
    0xAB, 0x16, 0xE1, 0xD0, 0xA9, 0x44, 0x3A, 0x26, 0xEA, 0xF0, 0xD4, 0x54, 0x28, 0xA6, 0x41, 0x31,
    0x05, 0x8A, 0xE9, 0x4F, 0x56, 0xF5, 0x85, 0x69, 0xD5, 0xDE, 0x0F, 0x4F, 0xAB, 0xF2, 0x74, 0xD6,
    0xD4, 0x1D, 0x2C, 0x8D, 0xAA, 0x83, 0xF8, 0xA9, 0x39, 0x2C, 0x85, 0x8A, 0x83, 0xF9, 0x51, 0x6F,
    0x18, 0x52, 0x6D, 0x4C, 0xD1, 0xA9, 0xB5, 0xBC, 0x59, 0x95, 0xE6, 0x9B, 0x55, 0x67, 0xBE, 0x5A,
    0x55, 0xE6, 0x8B, 0x55, 0x63, 0xA5, 0x29, 0xAC, 0x36, 0x7D, 0x05, 0x53, 0xD7, 0xBC, 0x6A, 0x2B,
    0xDA, 0xAF, 0xCA, 0x8A, 0xA7, 0x55, 0x57, 0x26, 0xFB, 0x73, 0x43, 0xD3, 0x42, 0xDA, 0xDF, 0xA4,
    0x0F, 0x73, 0x28, 0xE6, 0x49, 0xCC, 0x73, 0x72, 0x64, 0xEA, 0x85, 0x83, 0xDD, 0xEA, 0x27, 0x5C,
    0x3C, 0x98, 0xE5, 0xA9, 0x2F, 0xE6, 0xF2, 0x3E, 0xBC, 0x6B, 0x68, 0x55, 0x1B, 0x6F, 0x14, 0x5C,
    0xE8, 0xD5, 0xAD, 0x48, 0x38, 0xDA, 0x8D, 0xF0, 0xB1, 0xF3, 0x4F, 0x24, 0x23, 0x84, 0x1F, 0x5A,
    0x0E, 0xA2, 0x50, 0xD1, 0xD1, 0xC4, 0x38, 0x70, 0xB8, 0x4E, 0xE5, 0xB1, 0x83, 0xA3, 0xE1, 0x89,
    0x31, 0xC7, 0x39, 0x83, 0xEE, 0x26, 0xC5, 0xCF, 0x3D, 0x76, 0x4F, 0x0E, 0xD7, 0xC3, 0xB3, 0x67,
    0x59, 0x2C, 0x0F, 0xD4, 0x82, 0x07, 0xE0, 0x7D, 0xF8, 0xC0, 0xFC, 0xE4, 0x80, 0x7E, 0xDB, 0xFF,
    0xE2, 0xBB, 0x4C, 0x70, 0x4F, 0x3E, 0x5C, 0x9B, 0x98, 0xEF, 0xEF, 0x17, 0xE1, 0x46, 0x2F, 0x87,
    0x68, 0xCD, 0x25, 0xD1, 0x2B, 0x6D, 0xE4, 0x9B, 0xB5, 0xDB, 0x20, 0x57, 0x3F, 0xC9, 0xA7, 0x8D,
    0x54, 0x1F, 0x91, 0x18, 0x4A, 0xA0, 0x19, 0xBB, 0x66, 0x82, 0xFA, 0x5E, 0xD3, 0x53, 0xA6, 0x15,
    0xD8, 0x55, 0xD0, 0xCD, 0xB5, 0xCC, 0x87, 0x7A, 0x4A, 0x66, 0xCE, 0x84, 0xCC, 0x05, 0x66, 0xD8,
    0x64, 0xEF, 0x54, 0x83, 0xF5, 0x60, 0x51, 0x57, 0x16, 0xF0, 0x47, 0x08, 0x1B, 0x69, 0x05, 0xE6,
    0x38, 0xCF, 0x37, 0x25, 0x7B, 0x27, 0xB2, 0x3A, 0x04, 0x65, 0x21, 0x04, 0x3D, 0x91, 0x30, 0x19,
    0x4B, 0x9B, 0xE5, 0x44, 0x8A, 0xA5, 0x66, 0x02, 0xF6, 0xCE, 0x64, 0x27, 0x14, 0xC4, 0x80, 0x0C,
    0xA0, 0x0C, 0x4D, 0x1C, 0x42, 0x57, 0x87, 0x26, 0xC1, 0xFF, 0xCF, 0x19, 0xE8, 0x4E, 0x3C, 0x8E,
    0x06, 0x91, 0x23, 0x3D, 0x8E, 0x66, 0x3F, 0x5C, 0xE8, 0x99, 0x74, 0xF1, 0x19, 0x38, 0xA8, 0x1E,
    0x5C, 0x97, 0xAE, 0x35, 0x3A, 0x87, 0x46, 0x52, 0x8D, 0xF4, 0x59, 0x53, 0x17, 0x67, 0x62, 0x28,
    0x45, 0x93, 0x47, 0x9D, 0xCD, 0x2C, 0xBB, 0x46, 0xCF, 0x9A, 0x95, 0x4C, 0x92, 0xE3, 0xE4, 0xAE,
    0x9B, 0xA2, 0x54, 0x2B, 0x38, 0xD5, 0x6C, 0x60, 0xD6, 0xC9, 0xCC, 0x92, 0xF5, 0xAF, 0x1F, 0xA4,
    0xEE, 0xBF, 0x30, 0xFC, 0xE1, 0x1F, 0x3E, 0xDE, 0x97, 0xE1, 0xFD, 0x42, 0x93, 0x4F, 0xE9, 0x2C,
    0x97, 0x2A, 0x4D, 0x2A, 0x2E, 0x29, 0x4C, 0xE2, 0xAA, 0x9D, 0x1E, 0x92, 0x55, 0xC4, 0x48, 0x7C,
    0x4B, 0xD5, 0x4B, 0x6E, 0x0E, 0x0A, 0xA6, 0xBA, 0x57, 0xB2, 0xA6, 0x6C, 0x20, 0xF3, 0x22, 0x7C,
    0x9E, 0xF0, 0x13, 0x23, 0x23, 0x4D, 0x83, 0x1B, 0x8F, 0xB6, 0xE1, 0x40, 0x3A, 0x12, 0x5A, 0x07,
    0x77, 0x9D, 0x37, 0x52, 0x31, 0xF7, 0xE2, 0x1E, 0xCC, 0xF1, 0x1B, 0x95, 0x40, 0xB9, 0x55, 0xDC,
    0x25, 0xED, 0xAE, 0x89, 0x06, 0x2F, 0xB2, 0x57, 0xCB, 0x84, 0x03, 0x84, 0x1E, 0x4C, 0x5E, 0x4C,
    0xA4, 0xBC, 0xDE, 0xF3, 0x92, 0x9D, 0x4F, 0xF0, 0x1D, 0x98, 0x21, 0xB0, 0x86, 0x81, 0x52, 0x4E,
    0x7B, 0xCE, 0x0B, 0xAA, 0x6C, 0xDF, 0x4C, 0x5C, 0xD3, 0x4B, 0xF6, 0x37, 0x1A, 0x28, 0x79, 0xB0,
    0x8D, 0xBF, 0xD6, 0x0C, 0x33, 0x93, 0xAC, 0x10, 0xD9, 0xB5, 0xD7, 0x75, 0xA5, 0xB4, 0xCA, 0xC0,
    0xC0, 0x2B, 0xCB, 0x05, 0x4C, 0x49, 0x00, 0x29, 0x09, 0x10, 0xA5, 0x82, 0xFB, 0x8D, 0x78, 0x12,
    0xE1, 0x24, 0xA2, 0x49, 0x04, 0x93, 0x88, 0x25, 0x11, 0x4A, 0x22, 0x92, 0x44, 0x20, 0x89, 0x38,
    0x12, 0xF1, 0x23, 0x52, 0x82, 0x48, 0xC4, 0x90, 0x08, 0x21, 0x81, 0x76, 0x04, 0x90, 0x88, 0x1F,
    0x11, 0x3E, 0x22, 0x7A, 0x04, 0x57, 0x40, 0xEC, 0x88, 0x22, 0x34, 0xE4, 0x08, 0xB6, 0x1E, 0xB7,
    0x92, 0xB4, 0x4E, 0xB3, 0x31, 0x2F, 0x14, 0x24, 0xE2, 0x07, 0x15, 0x60, 0xB2, 0xC4, 0xF5, 0xC9,
    0xBA, 0xEA, 0xA0, 0x10, 0xCA, 0xB5, 0xBD, 0x0A, 0xB2, 0x96, 0xFF, 0x7B, 0x44, 0xE9, 0x05, 0xE7,
    0xB7, 0xFE, 0x2F, 0x2C, 0x5B, 0xBF, 0x7B, 0xEA, 0xAD, 0x4F, 0x7C, 0xA9, 0x03, 0xBE, 0x14, 0xDA,
    0xBB, 0x0D, 0x5F, 0xEA, 0xE5, 0x0B, 0xCF, 0xE8, 0xCF, 0xC4, 0xBD, 0xC6, 0x3D, 0xD7, 0xE8, 0xF2,
    0x4B, 0xAC, 0x7E, 0x6F, 0x67, 0x87, 0x84, 0x12, 0x38, 0x67, 0xDB, 0x1F, 0x29, 0x8A, 0x38, 0x0D,
    0xB7, 0x18, 0x71, 0xBA, 0xF4, 0x7D, 0xB0, 0x1F, 0x9C, 0x3A, 0xC0, 0x0A, 0xD9, 0x5E, 0x47, 0xD8,
    0x20, 0x12, 0xC4, 0x37, 0xC6, 0x4E, 0x6D, 0x7B, 0xDC, 0x53, 0xDA, 0xCB, 0x91, 0xAE, 0x79, 0xFC,
    0xD5, 0x73, 0x2F, 0x1B, 0x70, 0xF6, 0x72, 0xF9, 0x5A, 0xDD, 0xAA, 0xEA, 0x60, 0xD2, 0x69, 0x37,
    0xEA, 0x58, 0xE7, 0x1D, 0x75, 0x71, 0x7B, 0x87, 0x68, 0x92, 0x1B, 0xDC, 0x8E, 0x4B, 0xD4, 0x64,
    0xB2, 0x3F, 0xC4, 0xC7, 0xF9, 0xC4, 0xD1, 0x43, 0xF7, 0x87, 0x42, 0x63, 0xAC, 0xD6, 0xB5, 0x96,
    0xAF, 0xF8, 0xCA, 0x3C, 0xCE, 0x08, 0xB5, 0xBE, 0xFC, 0x8E, 0x56, 0xAB, 0x65, 0x4F, 0xAE, 0x70,
    0x48, 0x67, 0xBA, 0xEB, 0x04, 0x14, 0x06, 0xAA, 0xA6, 0x01, 0xCB, 0xEF, 0xA7, 0x7D, 0xFA, 0xBA,
    0xF2, 0x08, 0xCE, 0x0E, 0x27, 0xAA, 0x4F, 0xA4, 0x54, 0xEE, 0x5F, 0x9A, 0x35, 0x41, 0x8C, 0xC6,
    0xBB, 0x63, 0xB7, 0xBA, 0xC2, 0xC0, 0x22, 0xC2, 0xAC, 0x48, 0xAF, 0x2C, 0x95, 0xB6, 0xDD, 0x1A,
    0xDD, 0x17, 0x6A, 0x7D, 0x04, 0xD4, 0x93, 0x56, 0x3C, 0xB5, 0x99, 0xE7, 0x8A, 0xFB, 0xBB, 0x62,
    0xB7, 0x46, 0xBA, 0x98, 0x3C, 0x68, 0xC6, 0xA6, 0x58, 0xD2, 0xA0, 0x45, 0x85, 0x4A, 0x51, 0x28,
    0x40, 0xB5, 0x94, 0x8B, 0x91, 0x17, 0xD5, 0x8D, 0x00, 0xBF, 0xA9, 0xFF, 0x2E, 0x54, 0xC9, 0x2C,
    0x81, 0xD9, 0x64, 0xDE, 0xC6, 0xB3, 0x78, 0xC5, 0x20, 0x4B, 0x45, 0xCE, 0xCA, 0x0A, 0x67, 0x3A,
    0xDF, 0x48, 0x7E, 0x63, 0xD6, 0x94, 0x4D, 0x05, 0x72, 0x59, 0x78, 0x7D, 0xDF, 0xF7, 0x7D, 0x0F,
    0xDC, 0x41, 0x98, 0xC8, 0x06, 0xB1, 0xEB, 0xE5, 0x51, 0x81, 0x6C, 0x5D, 0x17, 0xCE, 0x7C, 0x94,
    0x0C, 0xE2, 0x4C, 0x5B, 0xD9, 0x5E, 0x50, 0x12, 0x30, 0x57, 0x30, 0xDF, 0x83, 0xD5, 0x64, 0x4C,
    0x8C, 0x93, 0x7F, 0x07, 0x4B, 0x7F, 0x6D, 0x50, 0xE6, 0xBE, 0x8C, 0x50, 0x3F, 0xCD, 0xF6, 0x88,
    0xEC, 0x84, 0x6C, 0xE0, 0xA1, 0xA1, 0x07, 0x88, 0x92, 0x02, 0x64, 0xD5, 0xA3, 0x8C, 0xB2, 0x7C,
    0x01, 0xB7, 0x09, 0x3A, 0x07, 0x30, 0x3D, 0x32, 0x05, 0x7D, 0x7E, 0x41, 0x0C, 0x59, 0x0C, 0x20,
    0x94, 0x9B, 0x0B, 0xD8, 0x55, 0xB2, 0x59, 0xE7, 0xD4, 0xE6, 0xE1, 0x2F, 0xE5, 0xC5, 0x61, 0xEF,
    0xC3, 0x40, 0x68, 0xFA, 0xF2, 0xE5, 0x57, 0x0B, 0x85, 0x4E, 0x7A, 0xEE, 0x8A, 0xA6, 0xB4, 0x3F,
    0x9F, 0x97, 0x47, 0x63, 0x7A, 0x53, 0x06, 0xF6, 0xB5, 0xC0, 0x4B, 0xE7, 0xE3, 0x05, 0xD8, 0x27,
    0xA6, 0x4F, 0x38, 0x9F, 0x48, 0x3E, 0x41, 0x7C, 0xFE, 0x21, 0x74, 0x4F, 0xD4, 0xDE, 0x37, 0xF6,
    0x87, 0x30, 0x3D, 0x11, 0xFA, 0x1A, 0x14, 0xB8, 0x3C, 0x21, 0x79, 0xA2, 0xF1, 0x04, 0xE2, 0x89,
    0xC1, 0x13, 0x7E, 0x3F, 0x40, 0xDE, 0x3F, 0x19, 0xFA, 0xE4, 0x12, 0xC8, 0x36, 0x17, 0x64, 0x64,
    0x89, 0x24, 0x99, 0x41, 0x20, 0xC5, 0x7D, 0xA0, 0x4F, 0x38, 0x2F, 0x03, 0x4C, 0x07, 0x5B, 0x7F,
    0x54, 0xDD, 0x69, 0xFA, 0xE4, 0xEC, 0xB7, 0xA3, 0xCB, 0x96, 0x58, 0xDA, 0x65, 0x95, 0x97, 0xE5,
    0xC1, 0x0C, 0x23, 0x6A, 0x0B, 0x65, 0x31, 0x5D, 0xE1, 0xBF, 0x9E, 0x31, 0x68, 0x29, 0xF9, 0xA5,
    0xB3, 0x11, 0xD5, 0xF6, 0x15, 0xA3, 0x08, 0x2B, 0x23, 0x2A, 0x0C, 0x8C, 0x8E, 0x57, 0xA0, 0x66,
    0xC4, 0x08, 0xBA, 0x5B, 0x0C, 0x41, 0xAB, 0x62, 0x2D, 0x47, 0x59, 0x01, 0x67, 0x84, 0xE4, 0xC1,
    0x2F, 0x0E, 0x79, 0xE2, 0x08, 0x3E, 0xB7, 0xA4, 0x40, 0x93, 0x96, 0xB8, 0x19, 0x67, 0x27, 0xB8,
    0xF2, 0x75, 0x74, 0x65, 0x45, 0xC6, 0x46, 0xC2, 0xC2, 0xD0, 0xBB, 0x1A, 0xCA, 0xA3, 0xA2, 0xAA,
    0x47, 0xD5, 0x4B, 0x7F, 0x17, 0x46, 0x39, 0x9C, 0x7C, 0x4A, 0x28, 0x33, 0xA0, 0x10, 0x16, 0xED,
    0xD5, 0x67, 0xC6, 0x5C, 0xAE, 0x0F, 0xFD, 0x6E, 0x5D, 0x38, 0x98, 0x71, 0x9A, 0x85, 0x5D, 0x2F,
    0xFA, 0x5A, 0xFD, 0xA3, 0x5A, 0x8E, 0xF5, 0x2C, 0x9C, 0x3D, 0x51, 0xFE, 0xCB, 0xE3, 0x41, 0x5D,
    0xED, 0x2E, 0x14, 0x65, 0x15, 0xCD, 0x92, 0xD0, 0x91, 0xB2, 0x6D, 0x63, 0x37, 0xA8, 0xB1, 0xD4,
    0x15, 0x35, 0x1E, 0x24, 0x57, 0x9D, 0x27, 0x7B, 0x98, 0x64, 0x9B, 0x8D, 0xD0, 0xF8, 0xDF, 0x07,
    0xEA, 0x3F, 0x10, 0x3A, 0x2E, 0x7F, 0x9B, 0x45, 0xB6, 0xBA, 0x22, 0x0F, 0xCA, 0xB5, 0x96, 0x40,
    0x17, 0x9E, 0x9C, 0xF1, 0x67, 0xE8, 0xBF, 0xFC, 0x19, 0x9D, 0x7C, 0xAE, 0xE4, 0x43, 0xEE, 0x46,
    0xC5, 0xEE, 0xC2, 0x04, 0x48, 0x48, 0x8B, 0x2F, 0x75, 0x28, 0x50, 0x4D, 0x7C, 0xF8, 0x50, 0xE1,
    0x51, 0x1D, 0xFE, 0x92, 0xFA, 0xC5, 0x86, 0x69, 0xD3, 0x50, 0x01, 0x08, 0x55, 0x24, 0x7F, 0x40,
    0x52, 0xE7, 0x5B, 0xD6, 0x0E, 0x10, 0x5B, 0x51, 0x05, 0xB6, 0x4C, 0x9E, 0x92, 0x70, 0xC3, 0x61,
    0xE2, 0x90, 0x93, 0xF9, 0x8E, 0xAC, 0x95, 0xE8, 0xFB, 0xBE, 0xAF, 0xD2, 0xE8, 0x1B, 0x82, 0x06,
    0x8E, 0xA8, 0x9C, 0x8B, 0x83, 0x0E, 0x95, 0xAC, 0x53, 0xF6, 0xA2, 0xFA, 0x86, 0x3E, 0x89, 0x1A,
    0x5F, 0x2F, 0xCF, 0x3D, 0x5B, 0xAA, 0x63, 0xC8, 0x4E, 0x59, 0xBF, 0x89, 0x43, 0x05, 0xAD, 0xD7,
    0x9C, 0xE6, 0x2E, 0x60, 0xD2, 0xF2, 0xDC, 0x55, 0x03, 0x25, 0x1C, 0xD6, 0xBB, 0x86, 0x4A, 0xFF,
    0xF2, 0x35, 0xBA, 0x50, 0xFF, 0x3B, 0xC1, 0x01, 0x38, 0x5A, 0x8A, 0xCB, 0x25, 0x76, 0x26, 0x98,
    0x5B, 0x58, 0x27, 0x35, 0xD9, 0x0C, 0x16, 0x4D, 0x60, 0xC9, 0x88, 0x9D, 0x9C, 0xB1, 0xC0, 0x18,
    0x2A, 0x21, 0x56, 0x65, 0x3E, 0x2C, 0x17, 0xAE, 0x6C, 0x61, 0x37, 0x20, 0xCE, 0x9C, 0x4F, 0x3A,
    0x9A, 0x6B, 0x5D, 0x87, 0x51, 0x43, 0x36, 0x24, 0x94, 0xA3, 0xFC, 0x2A, 0x5E, 0xFF, 0xB2, 0x93,
    0x52, 0x72, 0x32, 0xE4, 0x3C, 0xBE, 0xD0, 0xA7, 0x54, 0xFD, 0x65, 0x83, 0x75, 0xCD, 0xCC, 0x9B,
    0x28, 0xBC, 0x58, 0xA4, 0x52, 0x8B, 0x4F, 0x5B, 0xF5, 0x62, 0x80, 0xC9, 0x4E, 0x27, 0xF3, 0x9F,
    0xAE, 0x31, 0x35, 0xFE, 0xF0, 0x77, 0x70, 0x12, 0x2A, 0xAB, 0xBF, 0xFA, 0xE1, 0x5E, 0xCB, 0xE2,
    0x49, 0xCF, 0xA4, 0x87, 0xCE, 0x0F, 0xA0, 0x50, 0xA7, 0xB6, 0x1E, 0xB7, 0xAE, 0xA7, 0x2F, 0xB6,
    0xCC, 0xC6, 0x1B, 0x55, 0x79, 0x93, 0xE6, 0x61, 0xAE, 0x95, 0xEE, 0x51, 0xC7, 0xAC, 0x94, 0x96,
    0xD0, 0x5D, 0x2D, 0xA0, 0xA8, 0x16, 0x07, 0xA8, 0x6A, 0x96, 0x74, 0xAF, 0x34, 0x0E, 0x95, 0xC2,
    0x74, 0xF5, 0xFC, 0xFD, 0x13, 0x96, 0xD3, 0xA9, 0x5A, 0x74, 0x6A, 0xCB, 0xF5, 0xB9, 0xF2, 0xC6,
    0xC0, 0x3C, 0x47, 0xF8, 0x76, 0x60, 0x74, 0x7F, 0xDA, 0x40, 0xA3, 0x96, 0x73, 0x46, 0xBD, 0x6C,
    0xAE, 0x47, 0xBF, 0x56, 0x33, 0xAF, 0x30, 0x69, 0x45, 0xBF, 0xF3, 0x5A, 0xCA, 0x6F, 0xB2, 0x53,
    0x15, 0x9E, 0xEB, 0x21, 0xD7, 0x4E, 0x0D, 0xC0, 0x61, 0x4A, 0x0B, 0xD5, 0xA9, 0xD2, 0xB9, 0x57,
    0x5A, 0x9A, 0x70, 0x7F, 0x3D, 0xB0, 0x0A, 0x0F, 0xD0, 0x9F, 0xEE, 0x81, 0x60, 0x22, 0x1D, 0xB3,
    0xFA, 0x67, 0xCA, 0xDE, 0x87, 0xA0, 0x75, 0xC3, 0xE7, 0x85, 0x4E, 0x1C, 0xA1, 0x6C, 0x98, 0xCD,
    0x55, 0xE0, 0x24, 0x35, 0xF2, 0xD1, 0x1A, 0xFE, 0xC3, 0x77, 0xD1, 0xF5, 0xB3, 0x01, 0xBB, 0x1A,
    0xC2, 0x13, 0x6B, 0xB3, 0xCC, 0x1B, 0x83, 0x9F, 0x44, 0x23, 0xB8, 0xD7, 0xB9, 0x41, 0x33, 0x95,
    0x61, 0xC5, 0xDC, 0x39, 0xDB, 0x76, 0x18, 0x02, 0x1F, 0x3E, 0xB4, 0x92, 0x81, 0xEB, 0x42, 0x3A,
    0x3E, 0x58, 0x12, 0x08, 0x96, 0x9A, 0xC5, 0x0C, 0x55, 0xE8, 0x5E, 0xC0, 0x93, 0x9E, 0xDC, 0x35,
    0x2C, 0x7D, 0x7B, 0x16, 0x8B, 0xA2, 0x89, 0xE2, 0x4C, 0x7B, 0xF2, 0xAC, 0x01, 0x1F, 0x6B, 0xF0,
    0xF4, 0x71, 0xDA, 0xD7, 0x2E, 0xFC, 0x0B, 0xED, 0x28, 0xB8, 0x01, 0x7C, 0xE0, 0xB4, 0xB2, 0x2E,
    0x05, 0xCF, 0xDB, 0x64, 0xA6, 0x59, 0xC4, 0x81, 0x5C, 0x83, 0x0E, 0x39, 0xCB, 0xFC, 0x3A, 0x33,
    0x4E, 0xAB, 0x67, 0x67, 0x43, 0x3E, 0x6A, 0xD5, 0xE4, 0x09, 0x71, 0x67, 0x63, 0xED, 0x83, 0x88,
    0xB8, 0xEE, 0x0E, 0x38, 0xD4, 0x88, 0xD9, 0x5E, 0xC5, 0x64, 0x3C, 0x9C, 0x78, 0xAE, 0xCB, 0x40,
    0x0B, 0x07, 0xDC, 0x52, 0xFC, 0x7D, 0xDF, 0x62, 0x05, 0xD4, 0xD2, 0x8C, 0x14, 0x49, 0x3F, 0x4D,
    0x75, 0x63, 0xB0, 0x34, 0xD5, 0x42, 0xA5, 0x56, 0x43, 0xC8, 0x81, 0x25, 0x0D, 0x08, 0x64, 0xAF,
    0x6E, 0x3D, 0x9A, 0x54, 0x15, 0xF1, 0x94, 0x76, 0x2A, 0x88, 0xBC, 0x82, 0x18, 0x90, 0x6E, 0xE8,
    0x5A, 0x52, 0xC0, 0xEE, 0xBB, 0x99, 0x15, 0x7D, 0x07, 0x98, 0x56, 0x69, 0xD6, 0xEA, 0x4E, 0xC9,
    0x9B, 0x64, 0x52, 0x1A, 0xCF, 0xCB, 0xE2, 0xF5, 0x17, 0x96, 0x7F, 0xA9, 0x25, 0x8A, 0x8C, 0x0A,
    0x7C, 0x86, 0xF0, 0xA2, 0x19, 0x15, 0xDC, 0x83, 0x94, 0xC5, 0x8E, 0x3D, 0x2C, 0x51, 0xA0, 0x67,
    0xAC, 0x2B, 0xCC, 0x79, 0x91, 0xA1, 0x6F, 0x21, 0xD2, 0x5C, 0x7D, 0xBE, 0xB2, 0x1D, 0x3B, 0x93,
    0xDC, 0x48, 0xD6, 0xC3, 0x81, 0xE6, 0x64, 0xBE, 0x53, 0xD6, 0xFA, 0x16, 0xCB, 0x06, 0xAB, 0x1B,
    0x1E, 0xC0, 0x2A, 0x32, 0x76, 0x05, 0x92, 0x25, 0x13, 0x3C, 0xF6, 0x6E, 0x5C, 0x9B, 0x8F, 0x00,
    0x5F, 0x73, 0x2A, 0x85, 0x3E, 0xB5, 0xDB, 0xB3, 0xDE, 0xD0, 0xC1, 0x04, 0xE6, 0xC3, 0xB3, 0xDF,
    0x75, 0xD0, 0xE4, 0x5C, 0x1E, 0xB7, 0x23, 0x73, 0x64, 0xBB, 0xFD, 0x47, 0x5A, 0x91, 0x7B, 0xAD,
    0xAB, 0x2C, 0x91, 0x4F, 0x24, 0xBB, 0x51, 0x37, 0x08, 0x6B, 0xD1, 0x2C, 0xBB, 0x01, 0x2D, 0x8D,
    0x40, 0x8B, 0x9D, 0x92, 0xBC, 0x23, 0xD8, 0x0C, 0x92, 0x4E, 0x65, 0x23, 0xBB, 0x51, 0x4D, 0x7B,
    0xA8, 0x75, 0xA7, 0x95, 0x95, 0x64, 0x5D, 0xA9, 0x52, 0x42, 0xAE, 0xA3, 0x82, 0x12, 0xA7, 0x05,
    0xFC, 0x74, 0xAE, 0x3B, 0x96, 0x31, 0xB9, 0x0B, 0x4A, 0x36, 0xCC, 0x71, 0x9E, 0xDC, 0x01, 0x1C,
    0xCD, 0x1F, 0xAB, 0xB3, 0x18, 0x57, 0xDB, 0x49, 0xE8, 0x8C, 0x53, 0xB2, 0xE8, 0xF2, 0x65, 0xCB,
    0x48, 0x1F, 0x28, 0x8D, 0xD2, 0x01, 0xA1, 0x64, 0xEE, 0x54, 0x45, 0x32, 0x6C, 0xBC, 0x0C, 0x95,
    0x5B, 0x08, 0xFC, 0xBD, 0x0C, 0x67, 0xD9, 0x05, 0xCB, 0x46, 0x22, 0x26, 0x03, 0x54, 0x78, 0x18,
    0x64, 0x17, 0x74, 0x6D, 0x0E, 0x15, 0x35, 0xF7, 0x4D, 0x97, 0xCB, 0x42, 0xFF, 0x8D, 0x49, 0x3B,
    0xE1, 0x12, 0x8B, 0x9E, 0xC4, 0xDF, 0x22, 0x0B, 0xEF, 0x4B, 0x31, 0xEA, 0xB4, 0xA0, 0x71, 0x80,
    0x06, 0xFE, 0x05, 0x93, 0xFB, 0xC9, 0x0A, 0x80, 0x31, 0x69, 0x90, 0x08, 0xE3, 0x1C, 0x3F, 0x2F,
    0xA1, 0xCD, 0xBA, 0x52, 0xCF, 0x5D, 0x37, 0xAA, 0x4B, 0x3F, 0x48, 0x0D, 0xA7, 0x0E, 0x4D, 0x62,
    0x59, 0x0F, 0x7F, 0xA7, 0xE0, 0xEA, 0x10, 0x2E, 0x4E, 0xE2, 0x71, 0x0D, 0x15, 0x0C, 0x14, 0x6E,
    0xC6, 0x0C, 0xA7, 0xF3, 0x21, 0xC2, 0x56, 0xD7, 0xC8, 0x0E, 0x94, 0x29, 0xB0, 0xAB, 0x14, 0xE7,
    0xC8, 0x00, 0x4C, 0xBC, 0x54, 0x76, 0xF4, 0x92, 0x0C, 0x43, 0x86, 0x57, 0xD8, 0x8F, 0x97, 0xD5,
    0x45, 0x4C, 0x6A, 0x7E, 0x38, 0x14, 0x86, 0xDE, 0x65, 0x94, 0x0C, 0x68, 0xCA, 0xF5, 0x8E, 0x2B,
    0xB5, 0xAE, 0x90, 0x17, 0xE2, 0x99, 0xAB, 0xF0, 0xCE, 0x61, 0xD9, 0x1E, 0x38, 0x8F, 0x74, 0xE9,
    0x9E, 0x9B, 0x89, 0xC2, 0xC3, 0xF4, 0x0F, 0x7D, 0xFF, 0xF5, 0xC5, 0xF7, 0x8B, 0xF9, 0xFE, 0x61,
    0xF1, 0xFD, 0x76, 0x59, 0x41, 0xFC, 0x33, 0x28, 0xEC, 0x43, 0x7A, 0x73, 0x7B, 0x0A, 0x69, 0x67,
    0x34, 0xBB, 0x28, 0x4C, 0x70, 0xA1, 0x17, 0x75, 0xDC, 0x40, 0x54, 0x17, 0xFC, 0xAA, 0x25, 0x61,
    0x5A, 0x9B, 0xBA, 0x58, 0xF4, 0x53, 0xCD, 0x3E, 0x68, 0x61, 0xFD, 0x7F, 0x6F, 0x61, 0xA5, 0x78,
    0x79, 0x51, 0xBA, 0xBC, 0x28, 0x5C, 0x5E, 0x94, 0x2D, 0x46, 0xD6, 0xA4, 0xBA, 0xED, 0x51, 0xA5,
    0x60, 0xB7, 0x1D, 0xAA, 0xE7, 0x1A, 0x54, 0x0F, 0xFB, 0x53, 0xAD, 0x3D, 0xF5, 0x7C, 0x77, 0xAA,
    0x35, 0xA7, 0x9E, 0xEF, 0x4D, 0x3D, 0x68, 0x4D, 0x35, 0x79, 0x6E, 0x1A, 0x53, 0xAD, 0x2F, 0xF5,
    0x7C, 0x5B, 0xAA, 0x75, 0xA5, 0x9A, 0x28, 0x8B, 0x4D, 0x4F, 0xEA, 0x61, 0x4B, 0xAA, 0x75, 0xA4,
    0x1E, 0x36, 0xA4, 0x1E, 0xF6, 0xA3, 0x6E, 0xDA, 0x51, 0xB5, 0x11, 0x6D, 0x95, 0x21, 0x47, 0xCC,
    0xD8, 0x6E, 0xEE, 0x45, 0x21, 0xA3, 0x8C, 0x6E, 0x6A, 0x32, 0xD9, 0x6F, 0xBA, 0x50, 0xAD, 0x09,
    0xD5, 0x7A, 0x50, 0xAD, 0x05, 0xD5, 0x3A, 0x50, 0xAD, 0x01, 0xD5, 0xFA, 0x4F, 0xAD, 0xFD, 0xD4,
    0xBA, 0x4F, 0xAD, 0xF9, 0xD4, 0x7A, 0x4F, 0xAD, 0xF5, 0xD4, 0x3A, 0x4F, 0xAD, 0xF1, 0xD4, 0xFA,
    0x4E, 0xAD, 0xED, 0xD4, 0xBA, 0x4E, 0xAD, 0xE9, 0xD4, 0x7A, 0x4E, 0xAD, 0xE5, 0xD4, 0x3A, 0x4E,
    0x0D, 0x26, 0x31, 0x20, 0x07, 0x56, 0x44, 0xF7, 0x61, 0x42, 0x88, 0x97, 0x38, 0xDB, 0x80, 0x3D,
    0x2C, 0x77, 0xDA, 0x59, 0x1A, 0xB3, 0xF6, 0x2D, 0x1C, 0x60, 0xC6, 0x2C, 0xE2, 0xBF, 0x77, 0x96,
    0xAE, 0x0B, 0x6B, 0x13, 0x85, 0xD0, 0x2D, 0x9D, 0xC8, 0x2A, 0xB0, 0xA5, 0xD9, 0xEB, 0x19, 0x77,
    0xD3, 0xE1, 0x9B, 0x99, 0x46, 0x49, 0xF6, 0xF4, 0x87, 0x6F, 0x1E, 0xC6, 0xF4, 0xA6, 0x42, 0x2B,
    0xBD, 0x99, 0x3B, 0xF1, 0xC6, 0xA9, 0x8C, 0x37, 0x64, 0x86, 0x1B, 0xB3, 0xE5, 0x7D, 0xE1, 0x30,
    0x9A, 0x79, 0xE3, 0x9C, 0xC6, 0x5B, 0xCC, 0x67, 0x6F, 0x86, 0x41, 0xDD, 0x1D, 0x60, 0xF9, 0x14,
    0x43, 0x4C, 0x68, 0xD7, 0x53, 0xE3, 0x64, 0x54, 0x3E, 0x98, 0xD9, 0x01, 0xEE, 0xB2, 0x52, 0x1F,
    0x83, 0x9B, 0xED, 0xC7, 0xB8, 0x83, 0x5C, 0x34, 0x64, 0xB7, 0x32, 0x26, 0xC4, 0xE7, 0x93, 0x89,
    0x2E, 0x02, 0x78, 0x15, 0xCF, 0x75, 0xE2, 0x6E, 0x30, 0x87, 0xDB, 0x63, 0x76, 0xEB, 0x8E, 0x79,
    0xEE, 0xF9, 0x00, 0x1E, 0xA6, 0x38, 0x68, 0x31, 0x24, 0x4C, 0x39, 0x8D, 0x6C, 0xAC, 0xFF, 0x25,
    0x54, 0x7A, 0xF2, 0x1C, 0xA4, 0x86, 0xAC, 0x2B, 0x18, 0xB5, 0x9B, 0x69, 0xE3, 0x6E, 0x71, 0xA1,
    0x6E, 0x50, 0x6E, 0x37, 0xA6, 0x7F, 0xC6, 0x69, 0xD6, 0xE4, 0xBE, 0x25, 0xE7, 0x8E, 0xC7, 0xFE,
    0xC7, 0x7C, 0x29, 0x62, 0x26, 0x65, 0xC1, 0x3A, 0xBD, 0xDD, 0xC0, 0x9F, 0xE5, 0x1D, 0x7F, 0x56,
    0x57, 0xCA, 0xF1, 0x23, 0xE5, 0x8E, 0x6F, 0x18, 0x30, 0x8A, 0xED, 0x86, 0x74, 0x66, 0xB8, 0xAF,
    0x7B, 0xF0, 0x30, 0x0B, 0xB9, 0xA1, 0xD7, 0x96, 0x78, 0x63, 0x0A, 0xC6, 0x21, 0x41, 0xF2, 0x7A,
    0xE1, 0x81, 0x1C, 0x82, 0x13, 0x4A, 0x0D, 0x17, 0x21, 0x0E, 0xDB, 0xFB, 0x48, 0xF2, 0x71, 0x95,
    0xED, 0xA6, 0xDB, 0xED, 0x0B, 0xE5, 0xE6, 0x8B, 0x6D, 0x47, 0xEA, 0x67, 0x43, 0x05, 0x8E, 0xE3,
    0xF8, 0xF1, 0xD2, 0x8E, 0xFB, 0x33, 0xFA, 0xCF, 0xB1, 0x35, 0x2C, 0xFE, 0x53, 0xA2, 0xB1, 0xC9,
    0xEF, 0x4E, 0xE4, 0xBF, 0x34, 0x4B, 0xA4, 0xBC, 0x09, 0xC0, 0xAD, 0xD3, 0x26, 0x54, 0xCA, 0x77,
    0x95, 0x6F, 0x12, 0x74, 0x54, 0xE6, 0x5D, 0x82, 0xC2, 0x9A, 0xEB, 0xC9, 0x77, 0x63, 0xAA, 0x06,
    0xA5, 0x05, 0x8B, 0x4A, 0x4B, 0x6C, 0x71, 0x70, 0x05, 0x1C, 0x40, 0x70, 0xC2, 0x56, 0xDD, 0xC7,
    0xC8, 0xFD, 0x9F, 0x12, 0x5A, 0xC9, 0x66, 0xC1, 0x14, 0xDC, 0x9E, 0x1C, 0xC9, 0x0B, 0xDB, 0xEA,
    0x31, 0x55, 0x6C, 0x3F, 0xF6, 0x52, 0x9A, 0x17, 0x89, 0x1B, 0x3A, 0x19, 0xAE, 0xDC, 0x92, 0xAF,
    0xE5, 0xA1, 0x2B, 0x07, 0x3B, 0xDF, 0x81, 0xC6, 0x07, 0xD8, 0xBA, 0xB6, 0xF7, 0x44, 0x21, 0x56,
    0xB0, 0x14, 0xBD, 0x8D, 0x7E, 0xBE, 0xFA, 0x11, 0x5A, 0x5E, 0xC3, 0x39, 0x3E, 0x14, 0x0E, 0x2D,
    0x9C, 0xAE, 0x55, 0x37, 0xE0, 0x0E, 0xCA, 0x6B, 0xF9, 0x05, 0xE5, 0xB5, 0x53, 0x54, 0xE9, 0xF7,
    0x89, 0x3E, 0x3C, 0x39, 0xC9, 0x9B, 0x68, 0x7F, 0x72, 0x46, 0xD5, 0x9E, 0x7D, 0xA5, 0x82, 0x7E,
    0x0E, 0xFB, 0x32, 0xCD, 0x3B, 0x62, 0xEB, 0x59, 0x98, 0xA0, 0x4A, 0xE3, 0x8E, 0xB3, 0x2B, 0xA8,
    0x56, 0x3E, 0x38, 0xD7, 0xCC, 0xC7, 0x1D, 0x81, 0x6C, 0x57, 0x28, 0xEB, 0xC0, 0xA2, 0x21, 0x5F,
    0x13, 0x5F, 0x2B, 0x90, 0x94, 0x64, 0x01, 0x2C, 0x7E, 0x8A, 0x02, 0xC9, 0x15, 0xB2, 0x11, 0x2C,
    0x66, 0x65, 0x24, 0x69, 0x23, 0x65, 0xAE, 0xB9, 0xB0, 0x32, 0x12, 0x0F, 0xD8, 0x3A, 0x09, 0xA3,
    0xA8, 0xE3, 0x86, 0x5A, 0x4A, 0x22, 0xDE, 0x4A, 0x22, 0xE5, 0xB6, 0x24, 0xB2, 0xBE, 0x6B, 0x11,
    0x4C, 0x57, 0xAE, 0xB3, 0xD3, 0xD3, 0xB1, 0x60, 0x45, 0x4A, 0x33, 0xA6, 0x31, 0x1F, 0xD1, 0xA0,
    0x7C, 0xD3, 0xA2, 0x1B, 0xA9, 0xC3, 0x58, 0xE9, 0xD1, 0x87, 0x34, 0xEB, 0x33, 0xF1, 0x78, 0xC7,
    0x15, 0x4C, 0xAC, 0x0A, 0x6E, 0x99, 0xA3, 0x79, 0x01, 0x21, 0x18, 0x67, 0x4A, 0xB7, 0xC3, 0x16,
    0xD6, 0x5F, 0x3C, 0x28, 0xA7, 0x5C, 0x5C, 0x4E, 0xA1, 0x73, 0x36, 0x11, 0x73, 0xFB, 0xDB, 0xF1,
    0xCD, 0x5A, 0x1E, 0xC7, 0x85, 0x17, 0x72, 0x37, 0x97, 0x5B, 0xCC, 0x4B, 0x50, 0x3F, 0x65, 0xB1,
    0xDA, 0x8D, 0x95, 0x51, 0x97, 0x9C, 0x92, 0xA6, 0xA3, 0xEE, 0x19, 0x0B, 0xFC, 0x20, 0xAA, 0x64,
    0x7F, 0x08, 0x50, 0xC5, 0x04, 0xA8, 0x92, 0x80, 0x3C, 0xD9, 0xD5, 0x38, 0x81, 0xE7, 0x04, 0xA8,
    0x8E, 0x09, 0x50, 0x0D, 0x00, 0xA8, 0x92, 0x0E, 0x00, 0xD5, 0xAE, 0x01, 0x40, 0xE5, 0x08, 0x50,
    0xBD, 0x33, 0x01, 0xAA, 0x13, 0x00, 0x54, 0x51, 0x0F, 0x80, 0x2A, 0x69, 0x01, 0x50, 0xB9, 0x0A,
    0x00, 0x55, 0x4E, 0x80, 0xEA, 0x98, 0x00, 0xD5, 0x00, 0x29, 0xFE, 0x66, 0x07, 0x80, 0xEA, 0x1F,
    0x90, 0x57, 0xBA, 0xC0, 0x9C, 0x72, 0x7F, 0x08, 0x50, 0x45, 0x7C, 0xC9, 0x2F, 0xF9, 0xC3, 0xC0,
    0x92, 0x2C, 0x1A, 0x2F, 0x1F, 0xDD, 0xBC, 0xC4, 0x90, 0x4E, 0x94, 0x86, 0xB9, 0xCC, 0x53, 0xBA,
    0x8B, 0x43, 0x2D, 0x6B, 0xF4, 0xB9, 0xF4, 0x1D, 0x0E, 0x69, 0xEA, 0xA9, 0xB6, 0xE6, 0xFF, 0xB0,
    0xDA, 0x57, 0xC7, 0x33, 0x80, 0xAE, 0x2E, 0x88, 0x9B, 0xD5, 0x15, 0x1C, 0x05, 0x9D, 0xDB, 0x89,
    0xE6, 0xF8, 0x51, 0x1F, 0x10, 0xB7, 0x94, 0xBA, 0x77, 0xD1, 0x4A, 0xD2, 0x51, 0x3C, 0x9F, 0xD1,
    0x93, 0xB3, 0xE7, 0xF3, 0x3F, 0x53, 0x00, 0x2A, 0xFB, 0x0B, 0x75, 0x23, 0x59, 0x28, 0x54, 0x14,
    0xB3, 0x6E, 0x64, 0x37, 0xF1, 0x68, 0x81, 0x8C, 0x21, 0x68, 0x5B, 0xBC, 0xAB, 0x35, 0xD8, 0x1F,
    0x01, 0x4D, 0x3A, 0x11, 0x5E, 0xD1, 0x9E, 0xC6, 0x19, 0x88, 0x83, 0xF8, 0x6B, 0x13, 0x0D, 0x15,
    0x13, 0x4F, 0xBB, 0x9C, 0x0E, 0x9C, 0xEA, 0x7B, 0x46, 0x54, 0xDC, 0x4B, 0xDD, 0x0C, 0x33, 0xE2,
    0x71, 0x8D, 0x5F, 0xED, 0x7F, 0x01, 0xF1, 0xA4, 0x2D, 0xF1, 0xFB, 0x73, 0xD5, 0xDD, 0xB8, 0x6B,
    0xB8, 0xE6, 0x3B, 0xCC, 0x75, 0xEF, 0x96, 0x30, 0xCA, 0xBC, 0x0A, 0x20, 0xBF, 0xB6, 0xC0, 0xB4,
    0x30, 0xAD, 0xA8, 0x53, 0x7D, 0xD1, 0xD6, 0xEE, 0x7E, 0x0D, 0x49, 0xBA, 0xE7, 0x52, 0xE1, 0xA8,
    0x02, 0x4A, 0x85, 0x49, 0x07, 0xCF, 0xDE, 0x23, 0x0A, 0xBD, 0xFC, 0x4E, 0xD2, 0x4D, 0x3C, 0x31,
    0x51, 0x98, 0x97, 0xB7, 0xFB, 0x28, 0xB1, 0xBC, 0xD9, 0x53, 0x09, 0x7E, 0x49, 0x90, 0x2A, 0xE5,
    0x2F, 0xBF, 0x20, 0x84, 0x56, 0x92, 0x91, 0x49, 0xC0, 0x7B, 0x26, 0xCC, 0x5A, 0x20, 0xBD, 0x8C,
    0xC9, 0xFF, 0xC2, 0x5E, 0x46, 0x66, 0xC1, 0xC6, 0x4E, 0x5B, 0x87, 0x8C, 0x07, 0xBF, 0xDD, 0xC2,
    0x06, 0xF3, 0xD6, 0x64, 0x66, 0x16, 0x79, 0x6B, 0xE9, 0x3E, 0xD9, 0xB7, 0x80, 0xC5, 0xFD, 0xF2,
    0x96, 0x21, 0x35, 0xD8, 0x2E, 0x6F, 0x18, 0x2E, 0xEF, 0x17, 0x12, 0xD4, 0xAA, 0xB8, 0x74, 0x2E,
    0x1C, 0xCB, 0xC6, 0xA2, 0xB1, 0x64, 0x2E, 0xD8, 0x96, 0x8B, 0xC8, 0x86, 0xB0, 0xA6, 0x31, 0xAD,
    0x64, 0x40, 0xF3, 0xCD, 0x12, 0xCA, 0x18, 0xC7, 0x02, 0xEB, 0x10, 0x1E, 0xE1, 0x4B, 0x63, 0x57,
    0x89, 0xC0, 0xC5, 0xA8, 0xA5, 0x92, 0x05, 0x69, 0x38, 0xCF, 0x67, 0x48, 0xAE, 0x61, 0x0A, 0x31,
    0x2A, 0x05, 0x9E, 0x5D, 0x07, 0x83, 0x5D, 0x61, 0x40, 0xB0, 0x20, 0xDB, 0x2C, 0xB4, 0x21, 0x1A,
    0x11, 0xAD, 0xE8, 0x9E, 0xD0, 0xC1, 0x92, 0xC7, 0x95, 0x61, 0x59, 0x68, 0xD2, 0xA7, 0x67, 0xA4,
    0x89, 0x5B, 0xFA, 0x83, 0x5B, 0x2F, 0x7E, 0x86, 0x96, 0x00, 0x38, 0xE2, 0x4B, 0x27, 0x0D, 0x2A,
    0xB5, 0x42, 0x25, 0x79, 0xC1, 0x80, 0xB2, 0x09, 0x27, 0x0E, 0x82, 0x57, 0x42, 0x10, 0x62, 0x29,
    0xBF, 0x52, 0xC4, 0x46, 0x28, 0x6A, 0x08, 0x1A, 0xF2, 0x35, 0x92, 0x12, 0x5F, 0xA1, 0x54, 0x49,
    0x28, 0xD8, 0x9C, 0x85, 0x2A, 0x23, 0xF6, 0x82, 0x0C, 0x41, 0x00, 0x9E, 0x62, 0x91, 0x86, 0xD4,
    0xC9, 0x28, 0xE5, 0xB5, 0x49, 0xF2, 0x46, 0x7B, 0x18, 0xBD, 0x24, 0xBD, 0x9E, 0x95, 0x92, 0x4E,
    0x9E, 0x23, 0x36, 0xD9, 0x7A, 0x4F, 0xFC, 0x3E, 0xD1, 0x7B, 0xC4, 0xAD, 0x6E, 0x86, 0xE8, 0xC5,
    0xFA, 0x3A, 0x0C, 0x54, 0x84, 0xDB, 0xEB, 0x5D, 0xF1, 0x2E, 0x8B, 0xE5, 0xFE, 0xC5, 0x0A, 0x56,
    0x99, 0x4D, 0x4B, 0x3A, 0x7D, 0x09, 0x3E, 0x34, 0x34, 0x74, 0x74, 0x28, 0x2A, 0xC4, 0x6A, 0xA1,
    0xB4, 0xCF, 0x3B, 0x4C, 0x4C, 0xAA, 0xF4, 0x28, 0x4C, 0x6A, 0xDB, 0xDA, 0xB0, 0x20, 0x99, 0xEC,
    0x8A, 0x87, 0x24, 0xFA, 0x7F, 0x95, 0x10, 0x95, 0x83, 0x1C, 0x65, 0xCF, 0x1C, 0x25, 0x30, 0xB7,
    0xF6, 0x05, 0x22, 0x20, 0x8B, 0x5E, 0x3C, 0x7C, 0x9D, 0xA9, 0xEB, 0xE5, 0xF7, 0x56, 0x41, 0x94,
    0x2F, 0xFA, 0xCC, 0xE7, 0x77, 0x94, 0xBB, 0x79, 0x47, 0xDD, 0xE2, 0x62, 0xE7, 0xE2, 0x66, 0x21,
    0x9D, 0x6D, 0x4E, 0xD2, 0x6F, 0x73, 0x92, 0x7B, 0x4A, 0x15, 0x4F, 0xE7, 0x6D, 0x6F, 0xBD, 0x16,
    0x98, 0xC9, 0xD3, 0x3C, 0x16, 0x03, 0xA1, 0x89, 0x00, 0xA1, 0x7E, 0xBA, 0x4C, 0xDE, 0x85, 0x70,
    0x63, 0x39, 0xBE, 0x77, 0x90, 0x5A, 0xC6, 0xEF, 0x61, 0xC4, 0x33, 0x5D, 0xC0, 0x82, 0x41, 0x86,
    0x62, 0xC3, 0xD4, 0xD1, 0x04, 0xBA, 0x1A, 0x40, 0x93, 0x18, 0xE9, 0xF4, 0x26, 0xB0, 0xBC, 0xC3,
    0x11, 0x27, 0x14, 0x88, 0x80, 0xF0, 0x38, 0xFF, 0xF6, 0x11, 0x60, 0xFD, 0xE2, 0x7A, 0x76, 0x2C,
    0x18, 0xE9, 0xF3, 0x88, 0x44, 0x64, 0x33, 0x58, 0xB4, 0x80, 0xB7, 0x61, 0x99, 0x43, 0x05, 0x47,
    0x54, 0x6A, 0xE8, 0xBB, 0xA1, 0x55, 0x56, 0x14, 0x3A, 0xF6, 0xEA, 0x03, 0x2A, 0xBE, 0xDA, 0xB7,
    0x24, 0x22, 0x89, 0xEA, 0x31, 0xC2, 0x0E, 0xB9, 0xA2, 0xDE, 0xE3, 0xA1, 0x75, 0x99, 0x9F, 0x28,
    0x7E, 0xDE, 0x85, 0x22, 0x9F, 0xD5, 0xD5, 0xEE, 0x8F, 0x7D, 0x23, 0x93, 0xA6, 0xFB, 0xFB, 0xE6,
    0x4D, 0xE9, 0xE3, 0x60, 0x6A, 0xC9, 0x7C, 0xDE, 0x65, 0x0E, 0xF6, 0xFE, 0xE5, 0xCD, 0xAF, 0x5E,
    0xE6, 0x9B, 0x57, 0x2F, 0x8B, 0x73, 0xA0, 0x4A, 0x1D, 0x68, 0xEF, 0x81, 0x80, 0x18, 0xC4, 0xBF,
    0xAB, 0x92, 0xC6, 0x0E, 0xC3, 0x77, 0xBF, 0xF8, 0xB1, 0x61, 0xF9, 0x7D, 0x1D, 0x17, 0x50, 0x91,
    0x38, 0x56, 0xE0, 0xF4, 0x4D, 0x14, 0x01, 0xBD, 0xE5, 0x92, 0x77, 0x88, 0x07, 0xB4, 0x06, 0xCB,
    0xC9, 0x61, 0x11, 0x8B, 0x4D, 0x2C, 0x56, 0x61, 0x76, 0x61, 0x17, 0xDA, 0x34, 0xF3, 0x30, 0xEA,
    0xE1, 0xC3, 0x87, 0x11, 0x88, 0x08, 0x05, 0x2C, 0x13, 0x43, 0xEA, 0x08, 0x01, 0x6F, 0xDE, 0xF5,
    0x20, 0x4B, 0x3A, 0xBE, 0xFD, 0xDF, 0xF2, 0x63, 0x2B, 0xCB, 0xDB, 0x1D, 0xC6, 0x3A, 0x1C, 0x95,
    0x32, 0x65, 0x05, 0xA2, 0x6D, 0xC6, 0xD9, 0xE7, 0x64, 0x9E, 0xCB, 0x38, 0x62, 0xD4, 0x7D, 0x67,
    0xC6, 0xDD, 0x13, 0xB2, 0x11, 0x3F, 0x8C, 0x16, 0xEF, 0xA4, 0xBE, 0x6A, 0xDC, 0x14, 0x76, 0x06,
    0xEB, 0x13, 0x49, 0x07, 0x7C, 0x7C, 0x24, 0xEB, 0x96, 0x78, 0x51, 0x2A, 0xFC, 0x98, 0x55, 0xD7,
    0x45, 0xD2, 0x56, 0xF3, 0xD8, 0xE2, 0xB0, 0xB2, 0x17, 0xF6, 0x92, 0x8C, 0x3F, 0x3C, 0x49, 0x3A,
    0xE0, 0x33, 0x1C, 0x28, 0x5D, 0xE2, 0x0D, 0xF9, 0x54, 0x4B, 0x97, 0x78, 0x33, 0x1E, 0x6F, 0xC5,
    0xBB, 0x8E, 0xEF, 0x9E, 0xFA, 0x26, 0x57, 0x37, 0x74, 0x46, 0xEA, 0x02, 0xBE, 0xC8, 0x57, 0x71,
    0x90, 0xB2, 0x48, 0x95, 0xBC, 0xF6, 0x2C, 0x75, 0xF1, 0x76, 0xF3, 0x59, 0xE8, 0xEE, 0xC3, 0x6B,
    0xF9, 0xD0, 0x84, 0xD9, 0xCD, 0xE2, 0x87, 0xE8, 0xE5, 0xF2, 0xB0, 0xD5, 0x1C, 0x35, 0x6F, 0x60,
    0x5A, 0x4C, 0x55, 0x64, 0x60, 0xFC, 0x86, 0x13, 0x73, 0x88, 0x7B, 0x44, 0x15, 0xB8, 0x5E, 0x3C,
    0xE2, 0x67, 0x74, 0x01, 0x70, 0x00, 0xDC, 0xFE, 0xB6, 0xF9, 0x6F, 0xB1, 0x16, 0x5E, 0xF4, 0x77,
    0x98, 0x4B, 0x27, 0xEE, 0xC6, 0xA7, 0x8C, 0xE2, 0xAB, 0x64, 0x90, 0x53, 0x3D, 0xA0, 0xEF, 0x95,
    0x4C, 0x1C, 0x9D, 0x3D, 0x1A, 0xD6, 0x22, 0x0F, 0xDF, 0x63, 0xD7, 0x65, 0x38, 0xFB, 0x72, 0x16,
    0xE0, 0x03, 0xB8, 0x28, 0xEC, 0xD8, 0x88, 0x8F, 0xCB, 0x8B, 0xB4, 0x00, 0xE9, 0x17, 0x52, 0x2B,
    0xD9, 0x8B, 0x47, 0x95, 0xF4, 0xEF, 0xEB, 0x9E, 0x69, 0xAB, 0xF5, 0xCC, 0xB2, 0x82, 0xC0, 0xB6,
    0x99, 0x75, 0x3B, 0x3B, 0x90, 0x02, 0x00, 0x2D, 0x9A, 0x4E, 0xF1, 0xBA, 0x0F, 0x33, 0xE3, 0x53,
    0xAD, 0xA5, 0xA6, 0x7D, 0x3C, 0xC4, 0x7D, 0x32, 0x08, 0xF5, 0x3D, 0x2F, 0xD3, 0x2C, 0x7B, 0xCE,
    0x87, 0x9D, 0x25, 0x00, 0xB0, 0x5F, 0x70, 0x76, 0xEB, 0x44, 0x94, 0x2A, 0xAE, 0xE5, 0xD4, 0xB3,
    0x7E, 0xAF, 0x7D, 0x0A, 0x28, 0x99, 0xEC, 0x06, 0x14, 0x4B, 0xE3, 0x90, 0xD7, 0x11, 0x5E, 0x44,
    0x8B, 0x43, 0xE7, 0x95, 0xB6, 0x5E, 0x25, 0xDF, 0x1C, 0x81, 0x5E, 0x01, 0x3D, 0x11, 0x5F, 0xB9,
    0xE6, 0x67, 0xA4, 0x2C, 0x76, 0x95, 0xB5, 0xDD, 0x5C, 0xDC, 0x7C, 0xB3, 0x6D, 0xC1, 0xB9, 0xA8,
    0xE7, 0xC7, 0x68, 0xC7, 0xC3, 0x21, 0xC3, 0x43, 0x43, 0xBA, 0xED, 0x1F, 0x06, 0xF5, 0xD5, 0xB6,
    0x23, 0x28, 0x2B, 0x40, 0xAD, 0x55, 0x4A, 0x3A, 0x50, 0x82, 0xAF, 0x5C, 0xA8, 0xAB, 0x58, 0xF7,
    0xF6, 0x05, 0x7A, 0x83, 0xBD, 0xAA, 0xE7, 0xF4, 0xBF, 0xF3, 0xC6, 0xFF, 0x5B, 0x2D, 0x6F, 0xFC,
    0xB7, 0x7C, 0xE3, 0x7F, 0xCF, 0x37, 0xFE, 0xB1, 0xD4, 0x4A, 0x17, 0x61, 0x37, 0x50, 0x1B, 0x6E,
    0x30, 0x79, 0x3B, 0xB1, 0x8B, 0x39, 0x55, 0x1D, 0x42, 0xAB, 0x86, 0x94, 0xF7, 0xBA, 0x5F, 0x1D,
    0xBF, 0x04, 0x84, 0xCA, 0x96, 0xEE, 0x04, 0x96, 0xF7, 0x0B, 0x46, 0x54, 0x8A, 0x86, 0xAE, 0x84,
    0x6D, 0x31, 0x29, 0x0C, 0x10, 0x06, 0x59, 0x87, 0x4A, 0x6D, 0xF1, 0x87, 0xB5, 0x3E, 0xFB, 0xB5,
    0xC9, 0x7C, 0xA0, 0x8B, 0xBA, 0xE2, 0xF3, 0x5B, 0x1A, 0x2A, 0x50, 0xB6, 0xC4, 0x41, 0x36, 0xD6,
    0xB6, 0x4B, 0xCB, 0x4F, 0xF0, 0x97, 0xA8, 0x72, 0xBD, 0x38, 0x34, 0x4A, 0xB0, 0xA3, 0xF1, 0x8F,
    0xFF, 0xAC, 0x12, 0x51, 0x38, 0x57, 0x24, 0x42, 0xEB, 0xDA, 0xFC, 0x19, 0xBA, 0x57, 0xF1, 0xDD,
    0xCA, 0xF8, 0x8C, 0xE0, 0xEB, 0x96, 0xDB, 0x63, 0x98, 0xC3, 0x54, 0x1B, 0x22, 0x79, 0x28, 0x26,
    0xA7, 0x4F, 0x04, 0x91, 0x4B, 0xD4, 0x5C, 0xDE, 0xAC, 0x3A, 0x27, 0xE1, 0x7F, 0x5A, 0xB4, 0xE3,
    0x74, 0xB1, 0xBA, 0x4C, 0xA7, 0x12, 0xD4, 0x7D, 0x3D, 0xF9, 0xC6, 0x1A, 0x26, 0xB7, 0x74, 0x6C,
    0xA3, 0x63, 0xAE, 0xC2, 0xC0, 0x15, 0x7E, 0x91, 0xF7, 0x6F, 0xE8, 0x0C, 0xEC, 0xC3, 0x20, 0x3A,
    0x81, 0x66, 0x53, 0xA8, 0x95, 0xCB, 0x62, 0x97, 0x75, 0x0B, 0x58, 0xAF, 0x80, 0x75, 0x0A, 0x94,
    0x0D, 0x6F, 0xEB, 0x12, 0x08, 0xBC, 0xB7, 0x03, 0xEB, 0x0E, 0xB0, 0xDE, 0x00, 0xDB, 0x7C, 0x36,
    0x08, 0xEB, 0xC7, 0xFA, 0x30, 0xB0, 0x13, 0xA3, 0x92, 0xCD, 0x20, 0xEB, 0xEC, 0xE4, 0x6A, 0xA7,
    0x57, 0xBD, 0xB7, 0x03, 0x66, 0x31, 0x76, 0x9A, 0x5D, 0x4E, 0xB4, 0x76, 0xAA, 0x5D, 0x4F, 0xB6,
    0x7A, 0xDB, 0x97, 0x21, 0x8F, 0xD1, 0x3D, 0xE9, 0x77, 0xD0, 0x01, 0xE4, 0xE4, 0x82, 0x1D, 0x77,
    0xA2, 0xFF, 0xB4, 0xAB, 0xDB, 0x3D, 0x4D, 0x57, 0xF7, 0x0B, 0xF5, 0xC9, 0x77, 0x05, 0x50, 0xA2,
    0x25, 0x5D, 0x7E, 0xAB, 0x86, 0x1F, 0xAA, 0xE1, 0x57, 0x6A, 0xF8, 0x89, 0x1A, 0x7E, 0x9F, 0x86,
    0x1F, 0xA7, 0x41, 0x38, 0xE0, 0x67, 0x69, 0xF8, 0x4D, 0x1A, 0x7E, 0x90, 0x06, 0x3D, 0x11, 0xEB,
    0xA7, 0xB1, 0x5A, 0x7E, 0x1A, 0xCB, 0x28, 0x3E, 0x3F, 0x53, 0xE8, 0x20, 0x54, 0x25, 0x76, 0x27,
    0xE7, 0xFC, 0x1F, 0x9D, 0x95, 0x01, 0x84, 0x25, 0xC9, 0x19, 0xC7, 0x7F, 0x5D, 0x35, 0xBB, 0x7D,
    0x3B, 0xED, 0xA6, 0x06, 0x33, 0xEC, 0x5E, 0xF6, 0xA6, 0x17, 0x8B, 0xBD, 0xB3, 0xF3, 0x1A, 0x60,
    0xD0, 0xF3, 0xAA, 0x92, 0x23, 0x27, 0x42, 0x32, 0xD8, 0x85, 0x04, 0x59, 0x2C, 0x59, 0x47, 0xCC,
    0x89, 0xC5, 0x93, 0xBC, 0xDD, 0x2E, 0x17, 0xC0, 0x11, 0x03, 0xC0, 0x91, 0x1B, 0x6C, 0x90, 0x09,
    0x77, 0x1B, 0x06, 0x4F, 0xBC, 0xDD, 0x2E, 0x12, 0x02, 0x44, 0xE7, 0x20, 0x08, 0xD2, 0xE2, 0x10,
    0x09, 0xAE, 0x4E, 0x7A, 0xA5, 0xEF, 0xD2, 0xEF, 0x55, 0xBA, 0xBD, 0x67, 0x6D, 0x62, 0xC1, 0x7D,
    0x5F, 0x7D, 0x5F, 0x95, 0x99, 0xAF, 0xFE, 0xF5, 0x55, 0xD7, 0xF7, 0xFF, 0xDE, 0x1E, 0xDA, 0x68,
    0x97, 0xBA, 0xA4, 0x96, 0x1E, 0xCF, 0x8C, 0xEB, 0x9C, 0x8B, 0x4E, 0x76, 0x89, 0x57, 0x55, 0x6A,
    0xC7, 0xE4, 0x5C, 0x03, 0x20, 0x83, 0xD2, 0x88, 0xE0, 0xE2, 0x7F, 0x56, 0xE9, 0x37, 0xFC, 0x21,
    0xAD, 0x27, 0x07, 0x00, 0x64, 0x8B, 0x53, 0x4B, 0xE1, 0xB2, 0xF2, 0x7D, 0x9B, 0xAB, 0xC0, 0xBB,
    0xF1, 0x02, 0x38, 0xE2, 0xCD, 0xB3, 0x93, 0x32, 0xD4, 0x65, 0x70, 0x3A, 0x04, 0x06, 0xDB, 0xBD,
    0x7D, 0x8B, 0x23, 0x2E, 0x79, 0xF6, 0xE6, 0x4C, 0x8B, 0x6F, 0xB6, 0x3A, 0x78, 0x15, 0x2C, 0x77,
    0x19, 0x13, 0x4C, 0xAF, 0xDC, 0xE4, 0x12, 0x97, 0x0B, 0x13, 0x4A, 0x1B, 0x4A, 0xB3, 0x7C, 0x83,
    0x7B, 0xDB, 0x3C, 0x25, 0xB8, 0x63, 0x27, 0x7B, 0x4D, 0xED, 0x21, 0xC0, 0x23, 0x92, 0x40, 0x9A,
    0xB8, 0x5C, 0xAE, 0x47, 0x76, 0x6C, 0xD4, 0x02, 0x0C, 0x5C, 0xBB, 0x08, 0x5D, 0x66, 0x64, 0x57,
    0x98, 0xD8, 0x2F, 0x51, 0x9F, 0xB4, 0x64, 0x6F, 0xD5, 0xE4, 0xCA, 0xF2, 0xEE, 0x16, 0x6B, 0x21,
    0x27, 0x1D, 0x31, 0x55, 0xEF, 0xF9, 0xE4, 0xAF, 0x95, 0x0C, 0x26, 0x5A, 0x42, 0x0B, 0xB0, 0x99,
    0x8E, 0x0E, 0xF3, 0x7C, 0xB2, 0x29, 0x6C, 0x2A, 0xDD, 0x48, 0xBA, 0xC3, 0xD8, 0xE5, 0x89, 0xCD,
    0x95, 0x99, 0x28, 0xF4, 0x7B, 0x1D, 0xDA, 0x05, 0x54, 0x5D, 0x18, 0xE9, 0x33, 0x47, 0x97, 0xD4,
    0x3C, 0x14, 0x9E, 0x0D, 0x8E, 0xB8, 0x07, 0x0B, 0xC4, 0x92, 0x68, 0x81, 0x3F, 0xCF, 0x67, 0xB4,
    0xC5, 0xF7, 0xBD, 0x0E, 0x95, 0x0A, 0x70, 0x04, 0xA5, 0x4D, 0x82, 0x4F, 0x43, 0x3B, 0x66, 0x3E,
    0x23, 0xDF, 0x66, 0x83, 0xAB, 0xA2, 0x53, 0xD5, 0x88, 0x9C, 0x27, 0x04, 0x1B, 0xAA, 0xB2, 0xD6,
    0x6E, 0x13, 0x59, 0xAB, 0x6E, 0x50, 0xD1, 0xD1, 0xD1, 0x0A, 0x9F, 0xBA, 0xA7, 0x1C, 0x91, 0x38,
    0xED, 0x4B, 0x1F, 0xAA, 0x60, 0x5A, 0x1A, 0xA6, 0x8C, 0x51, 0x2E, 0x72, 0x2F, 0x8F, 0x2D, 0xD1,
    0x76, 0xFD, 0x8E, 0x2D, 0xDB, 0x14, 0x96, 0x80, 0xEC, 0x48, 0x3C, 0xCA, 0x31, 0x86, 0x6D, 0xE0,
    0x0A, 0xF9, 0xEE, 0xB4, 0xE8, 0x8A, 0x96, 0x73, 0xFC, 0x25, 0x46, 0x8C, 0x6F, 0xE9, 0x4E, 0xB7,
    0x53, 0x66, 0xFD, 0x6B, 0xD9, 0x32, 0xB8, 0x77, 0x3E, 0xB6, 0x24, 0x16, 0xC5, 0x30, 0x52, 0x18,
    0xC1, 0x21, 0x6C, 0xC0, 0xA9, 0x68, 0x64, 0x2B, 0x9A, 0xC8, 0x8B, 0x5A, 0xBA, 0x8C, 0x09, 0x0C,
    0xC9, 0xB9, 0x39, 0x1E, 0xCF, 0x82, 0x82, 0x3D, 0x00, 0x66, 0xD0, 0x80, 0x67, 0xF7, 0x19, 0x3A,
    0x18, 0x1D, 0x80, 0xF5, 0x42, 0x56, 0x48, 0xC7, 0x30, 0x2C, 0x9C, 0x46, 0xB5, 0xA8, 0x8B, 0x50,
    0x2E, 0x63, 0x97, 0xD8, 0x64, 0x38, 0x5B, 0xF7, 0x67, 0x9F, 0x59, 0x36, 0x0D, 0xCA, 0xAC, 0xCF,
    0xCE, 0x60, 0xCC, 0x4F, 0x3A, 0x42, 0x4B, 0xE1, 0xB9, 0x00, 0x6F, 0x70, 0x48, 0xCE, 0x94, 0x79,
    0xAF, 0xE5, 0xAC, 0xEC, 0xB4, 0xBF, 0x68, 0x52, 0xB4, 0x2B, 0x5D, 0x61, 0x47, 0x5C, 0xE4, 0x12,
    0x99, 0x1B, 0xAA, 0xB9, 0xB4, 0xBD, 0xB1, 0xD9, 0xC7, 0x47, 0x8F, 0x48, 0x03, 0xFA, 0xD8, 0xCD,
    0x64, 0xD5, 0xCA, 0xAA, 0xF7, 0x0F, 0x7F, 0xE0, 0xB2, 0x60, 0xC4, 0xDF, 0xD9, 0x1C, 0x82, 0x7B,
    0x55, 0x56, 0xF1, 0x84, 0x53, 0xA8, 0x84, 0x93, 0x4E, 0xB4, 0x8C, 0xC9, 0xD0, 0x45, 0xF7, 0xB5,
    0x9A, 0x6B, 0x54, 0xD2, 0x2A, 0xC6, 0xE4, 0x3C, 0xA0, 0xD8, 0xD0, 0x5D, 0xD2, 0x6C, 0xA2, 0x4C,
    0x36, 0x04, 0xA0, 0x79, 0xC8, 0x53, 0x2E, 0xDC, 0xBE, 0x7D, 0x4B, 0x87, 0xD0, 0xF5, 0xD6, 0x8E,
    0x11, 0xCD, 0x14, 0xFC, 0x39, 0xF8, 0x3B, 0x70, 0x72, 0xE7, 0xB2, 0x30, 0x3E, 0x4F, 0x8C, 0x9F,
    0xA7, 0x94, 0x9F, 0x2D, 0xD0, 0x6F, 0x37, 0x3C, 0x66, 0x7F, 0x1A, 0x75, 0x3A, 0xF1, 0x69, 0x70,
    0x2A, 0x90, 0x74, 0x44, 0x47, 0x90, 0x39, 0xCA, 0x5A, 0x04, 0x1F, 0xFF, 0xBB, 0x49, 0x5D, 0xF7,
    0x90, 0xC3, 0xBE, 0x4C, 0x5E, 0x46, 0x94, 0x97, 0x55, 0xD3, 0x3D, 0x88, 0xC3, 0xC0, 0xBB, 0x67,
    0xCD, 0xA1, 0x0A, 0x3E, 0x17, 0xC1, 0xC2, 0x0E, 0xCF, 0xC9, 0x07, 0x40, 0x11, 0x42, 0xB0, 0x65,
    0xEF, 0x0C, 0x00, 0xAA, 0x5F, 0x55, 0xD9, 0xE0, 0x5E, 0x3B, 0x3B, 0x3B, 0xB3, 0x00, 0x3D, 0x39,
    0x6F, 0xDF, 0x7E, 0x31, 0xEE, 0x1E, 0xC8, 0x15, 0x6E, 0xBB, 0x3F, 0xE0, 0x46, 0xC1, 0xAD, 0x70,
    0xCF, 0x4E, 0xFB, 0x28, 0xDF, 0x5B, 0xD5, 0xAF, 0x7B, 0xA1, 0x08, 0x83, 0xAC, 0xA6, 0x25, 0x80,
    0x85, 0xA4, 0x86, 0xB2, 0x22, 0x5E, 0x40, 0x51, 0x13, 0x2F, 0x41, 0xD7, 0xF0, 0x14, 0xD6, 0xED,
    0x04, 0x84, 0x01, 0x88, 0x1D, 0x80, 0xB2, 0x00, 0x19, 0x00, 0x0F, 0x00, 0xE8, 0x00, 0x84, 0x07,
    0x90, 0x35, 0x80, 0x72, 0x00, 0xA9, 0x01, 0x18, 0x03, 0x30, 0x07, 0xA0, 0x01, 0x90, 0xFE, 0xAB,
    0x60, 0xF1, 0x15, 0xB0, 0x6E, 0x00, 0x00, 0x89, 0x4D, 0x6A, 0xE1, 0xE9, 0x35, 0xAE, 0xB5, 0x1B,
    0xB3, 0x01, 0x3B, 0x39, 0xE4, 0x39, 0x4C, 0xC6, 0x44, 0xCD, 0xF0, 0x89, 0xCA, 0xDE, 0xDE, 0x39,
    0x3B, 0x3B, 0x19, 0x6A, 0x24, 0x0B, 0xA1, 0x1B, 0x9F, 0x9D, 0xCD, 0x73, 0x38, 0x98, 0xC0, 0xE4,
    0x1C, 0xCE, 0xC3, 0x2A, 0xA6, 0x16, 0x27, 0xF7, 0x48, 0xBF, 0x0C, 0x1C, 0x16, 0x1F, 0x9A, 0xF3,
    0xBD, 0xD8, 0xF8, 0xAB, 0xB1, 0x81, 0x57, 0xAF, 0xA6, 0x4F, 0x54, 0xA3, 0xBC, 0x6E, 0x0E, 0xEE,
    0x03, 0xF7, 0xE2, 0x56, 0xB9, 0xCC, 0x64, 0x46, 0x39, 0x55, 0xC5, 0x75, 0x5C, 0xA7, 0xAE, 0xE4,
    0x0E, 0x51, 0xFF, 0x6A, 0x47, 0x6A, 0x40, 0x1A, 0x5C, 0xCD, 0x73, 0x19, 0x5E, 0xD7, 0xE9, 0xC1,
    0x0D, 0xAF, 0x64, 0xCA, 0x75, 0x93, 0x17, 0x2F, 0x34, 0x07, 0xD1, 0x11, 0xBF, 0xD0, 0x1C, 0x7A,
    0xAE, 0xA0, 0x02, 0x5E, 0x87, 0xBF, 0xF9, 0x49, 0x16, 0x9C, 0x8F, 0x03, 0xB0, 0x4D, 0x6A, 0x06,
    0x9A, 0x24, 0x2E, 0x76, 0x8A, 0x19, 0x00, 0x86, 0x61, 0x2F, 0xB2, 0x23, 0x7D, 0xAB, 0x9D, 0xEB,
    0xDF, 0x7D, 0xBE, 0xD4, 0x7F, 0xF8, 0x64, 0xA9, 0xDF, 0x77, 0xDD, 0x86, 0x62, 0x1B, 0x60, 0x97,
    0xC2, 0x94, 0x04, 0xC2, 0x49, 0x59, 0xBD, 0xC9, 0xEE, 0x8A, 0x24, 0x6D, 0x6F, 0xCD, 0x03, 0xA4,
    0x9F, 0x81, 0xF7, 0xE0, 0x4F, 0xE1, 0x64, 0xB3, 0xCF, 0xEE, 0x24, 0x5B, 0xD7, 0x63, 0x70, 0x00,
    0xFC, 0x5F, 0xC9, 0x0E, 0x95, 0xC9, 0x25, 0x61, 0x5F, 0xEC, 0xC9, 0x53, 0xC5, 0x7D, 0x05, 0x04,
    0x1F, 0xFC, 0xD0, 0x93, 0x64, 0x25, 0x2C, 0xC3, 0xF7, 0x78, 0xE4, 0x51, 0xA1, 0x1A, 0x2E, 0x51,
    0xCF, 0x74, 0x70, 0xFD, 0x02, 0x9A, 0xED, 0x75, 0xD9, 0x9D, 0x80, 0x6C, 0x40, 0xB6, 0xEB, 0x67,
    0xB6, 0xC8, 0x60, 0x0E, 0x54, 0xF8, 0xB2, 0x19, 0x1F, 0x07, 0x7F, 0x30, 0x50, 0x67, 0x03, 0xD0,
    0x06, 0xB4, 0x5D, 0xCD, 0x57, 0x80, 0x60, 0x2E, 0xC7, 0xA1, 0x99, 0xAA, 0x32, 0x34, 0xFB, 0x22,
    0xD4, 0xB0, 0x0B, 0x47, 0xA0, 0x82, 0xE9, 0xE1, 0xFF, 0x53, 0xCF, 0xB2, 0xE0, 0x4E, 0xC5, 0x12,
    0x30, 0xD2, 0xD4, 0xE9, 0x3F, 0x9A, 0x62, 0xE8, 0x07, 0xED, 0x9E, 0xA8, 0x2E, 0x09, 0x00, 0x10,
    0x55, 0xE2, 0x75, 0xA7, 0x2A, 0xE5, 0x94, 0x4B, 0x6D, 0x66, 0x8A, 0x46, 0x06, 0x97, 0x2E, 0xCA,
    0xB6, 0x9F, 0xB2, 0xE5, 0x93, 0xA3, 0xE8, 0xB6, 0xB9, 0xF0, 0x70, 0x0E, 0xC0, 0x68, 0x0E, 0x37,
    0x18, 0xA6, 0xAD, 0xFC, 0x31, 0x23, 0x50, 0x3B, 0x1E, 0xD6, 0xAD, 0x13, 0xB1, 0x6A, 0x9F, 0xAF,
    0x00, 0xD7, 0xD9, 0x19, 0x01, 0xD3, 0x9D, 0xF9, 0x2B, 0xC0, 0xF6, 0x68, 0xBE, 0x03, 0x6C, 0x8C,
    0xE6, 0x39, 0x70, 0x38, 0x9A, 0x5F, 0x07, 0x2E, 0x8F, 0xD6, 0x98, 0x77, 0x47, 0xC0, 0xE4, 0x0A,
    0xAF, 0x03, 0x07, 0x10, 0x59, 0x84, 0x79, 0x8E, 0x19, 0x7D, 0x87, 0xDF, 0x18, 0x26, 0xA8, 0xDC,
    0xB3, 0x3F, 0x87, 0x1C, 0x56, 0xFB, 0x9E, 0x4F, 0xEB, 0x3C, 0xD7, 0x13, 0xD4, 0x2C, 0xC8, 0x3E,
    0x8D, 0x3B, 0xD5, 0x95, 0xB6, 0xC5, 0x12, 0x9D, 0x2A, 0x9F, 0x9D, 0xE4, 0x0C, 0xAA, 0xAD, 0x32,
    0x11, 0x7C, 0x44, 0x1C, 0xEA, 0x34, 0x34, 0xE3, 0xA8, 0x9D, 0x91, 0xDF, 0x69, 0x6F, 0x88, 0x0E,
    0xD9, 0xD1, 0x7B, 0x00, 0xB8, 0xBA, 0x85, 0x2E, 0x50, 0x1D, 0xB2, 0x19, 0xBC, 0xD6, 0x5C, 0x7D,
    0x15, 0x22, 0x48, 0x11, 0x01, 0xDD, 0xA2, 0x6B, 0xB2, 0x05, 0x94, 0x10, 0x73, 0x0D, 0xC6, 0xA0,
    0x1B, 0xE2, 0x40, 0x14, 0x48, 0x97, 0x68, 0xCB, 0x01, 0x18, 0x2E, 0xD0, 0xA2, 0x6C, 0x59, 0x65,
    0x2E, 0xED, 0xB4, 0x8B, 0x3B, 0x5D, 0xE9, 0xF6, 0xA9, 0x5F, 0xD2, 0x34, 0xB5, 0xF0, 0xD3, 0x4D,
    0x94, 0x1B, 0x4A, 0x3E, 0xF2, 0xB2, 0x1E, 0x7E, 0x19, 0xAE, 0x73, 0x85, 0xC2, 0x06, 0x17, 0x6C,
    0x01, 0x00, 0x1B, 0x13, 0x0E, 0x27, 0x64, 0x3F, 0xAE, 0x44, 0xA8, 0xCB, 0x2F, 0x98, 0x7C, 0x66,
    0xC5, 0x9F, 0x9D, 0xFC, 0x04, 0x40, 0x0C, 0xA4, 0x0C, 0xC1, 0x8E, 0x8B, 0xBF, 0x54, 0x53, 0x25,
    0xEA, 0x59, 0x6F, 0xD3, 0xF4, 0xAD, 0x5A, 0x87, 0xE0, 0x92, 0x67, 0x81, 0x0B, 0x8C, 0xC8, 0xD1,
    0x8B, 0xB2, 0x63, 0xCA, 0x84, 0xFB, 0xAC, 0x25, 0x07, 0x20, 0x31, 0x63, 0x00, 0xC6, 0x28, 0x07,
    0x88, 0x16, 0xB9, 0x00, 0x8E, 0x2B, 0x28, 0xC3, 0x59, 0x08, 0x40, 0xB2, 0xE6, 0x2B, 0xAF, 0x85,
    0x47, 0xC0, 0xFF, 0xEE, 0x97, 0x2E, 0x05, 0x20, 0x25, 0xA9, 0x80, 0xA8, 0x43, 0x2C, 0x81, 0xE3,
    0x1A, 0x8A, 0x61, 0xBF, 0x59, 0xED, 0x6F, 0x56, 0xFB, 0x7F, 0x05, 0xE8, 0xD0, 0x4B, 0x57, 0x84,
    0xC1, 0x0F, 0x84, 0x19, 0x18, 0x37, 0xAC, 0xF5, 0x0B, 0x7F, 0xE1, 0xB5, 0x21, 0x92, 0x53, 0x11,
    0xC2, 0x17, 0x20, 0x6A, 0x15, 0x86, 0x45, 0xEA, 0xC6, 0x30, 0x10, 0x8D, 0x09, 0x44, 0x65, 0x68,
    0x59, 0x53, 0x18, 0xE0, 0x7B, 0xBF, 0x04, 0x18, 0xFE, 0xDD, 0xAE, 0x73, 0x0E, 0x0E, 0x8A, 0x4F,
    0xE1, 0xB8, 0x41, 0xB4, 0x00, 0x4F, 0x48, 0x2C, 0x80, 0x62, 0x7F, 0x9D, 0xFB, 0x0E, 0x00, 0x91,
    0x01, 0x60, 0xE5, 0xDD, 0xD0, 0x85, 0x7E, 0xED, 0x57, 0xD9, 0x94, 0x83, 0xF7, 0xAB, 0x58, 0x00,
    0xC1, 0x5A, 0xEE, 0x9A, 0xF8, 0x03, 0xBB, 0x17, 0xDB, 0x3C, 0x61, 0xA2, 0x38, 0xEF, 0xC7, 0x88,
    0xC9, 0x47, 0x64, 0xDF, 0xB5, 0xDC, 0x4D, 0x7E, 0x74, 0x73, 0x6F, 0x92, 0xFF, 0xD6, 0x3F, 0xC3,
    0x33, 0xB9, 0x9E, 0xD6, 0x9B, 0x28, 0xE0, 0x16, 0x53, 0x72, 0x72, 0x0E, 0xB8, 0xCF, 0x63, 0x3E,
    0xE7, 0x01, 0xDC, 0x25, 0xFE, 0x90, 0xD7, 0xA5, 0xCD, 0xA5, 0x9B, 0x48, 0x77, 0x1E, 0xDB, 0x1E,
    0x27, 0xDF, 0x47, 0xD5, 0xEC, 0x46, 0x26, 0x93, 0x6E, 0x4B, 0xDA, 0x9B, 0xB1, 0xC9, 0x13, 0x72,
    0xC5, 0xC1, 0x88, 0x83, 0x5F, 0x90, 0x7D, 0x7B, 0xC0, 0xFF, 0xE8, 0xE6, 0xD6, 0x01, 0xE7, 0x78,
    0x3C, 0xD3, 0x1B, 0x69, 0x4D, 0x5C, 0x21, 0xFA, 0xE1, 0xF8, 0xA1, 0x8B, 0x3F, 0x70, 0x2F, 0xCD,
    0x2A, 0x35, 0x24, 0xFD, 0x00, 0x75, 0x85, 0xAD, 0xD2, 0xA8, 0xB7, 0xED, 0x28, 0x31, 0xB9, 0x62,
    0x40, 0xDE, 0xE2, 0xFE, 0x16, 0x8F, 0x95, 0xDB, 0xBD, 0x18, 0xD9, 0xF4, 0xA7, 0x7F, 0xF4, 0xEA,
    0x67, 0xB5, 0x57, 0xD2, 0xF9, 0xFE, 0xF8, 0x7A, 0x3F, 0xF9, 0x7A, 0x75, 0x33, 0x11, 0x2E, 0x57,
    0xF2, 0xF7, 0x07, 0x5B, 0x51, 0xB3, 0x73, 0x79, 0xF4, 0xB1, 0xFA, 0x56, 0xCA, 0xFE, 0xFA, 0x26,
    0xEF, 0x02, 0x12, 0x75, 0x94, 0x9D, 0xEE, 0x71, 0x73, 0x7D, 0xBF, 0x03, 0x32, 0xBB, 0x13, 0x71,
    0x98, 0xD8, 0x3D, 0x69, 0xB7, 0xA4, 0x51, 0x12, 0xF5, 0x2A, 0xC9, 0x0D, 0xE2, 0xC7, 0x48, 0x47,
    0x64, 0x8E, 0xE4, 0x9F, 0x6A, 0xFE, 0x65, 0x78, 0x0A, 0x39, 0x74, 0x88, 0x9F, 0x93, 0x28, 0xF2,
    0xD8, 0xFD, 0x17, 0xE4, 0x7B, 0x01, 0xA4, 0x26, 0x57, 0x96, 0xFF, 0xA9, 0x2A, 0xD3, 0xF5, 0xD7,
    0xC5, 0xFF, 0x06, 0x19, 0x3B, 0xD3, 0xBB, 0x52, 0xB0, 0x88, 0x98, 0x74, 0x2D, 0x60, 0xD1, 0xE9,
    0xAA, 0x99, 0xB5, 0x60, 0x31, 0x8D, 0xE9, 0x59, 0x2C, 0x32, 0x80, 0x9D, 0x04, 0x0D, 0x8B, 0xB0,
    0xC9, 0xAB, 0x9B, 0x1E, 0x16, 0x06, 0xFB, 0x60, 0x77, 0xD8, 0x59, 0xA6, 0xD1, 0xBB, 0x76, 0x1A,
    0x32, 0x6C, 0xA3, 0x97, 0x37, 0xAF, 0x6E, 0x12, 0x0C, 0x16, 0xA9, 0xCC, 0x9A, 0x85, 0xC6, 0xD6,
    0x9A, 0x64, 0xC7, 0x64, 0xAD, 0xDC, 0x48, 0x25, 0x53, 0xDD, 0xA9, 0xAA, 0xBB, 0xF7, 0xF7, 0x3B,
    0xF5, 0x54, 0xFA, 0xE5, 0x25, 0xC9, 0xAC, 0xD9, 0x99, 0x99, 0xEC, 0x27, 0xDF, 0xEF, 0x77, 0xDF,
    0xD7, 0xF5, 0xDD, 0x73, 0xEE, 0x39, 0xE7, 0x9E, 0x7B, 0xEE, 0xF9, 0x44, 0xA4, 0x12, 0xBC, 0x6A,
    0x07, 0xAC, 0x3C, 0x30, 0x9F, 0x81, 0xD2, 0x11, 0x8B, 0x06, 0xB8, 0xBF, 0xEA, 0x10, 0xC2, 0xBC,
    0xA1, 0x04, 0x91, 0xE9, 0x04, 0x57, 0x91, 0x51, 0x92, 0x45, 0xC4, 0x4B, 0x3A, 0x8B, 0xDC, 0x90,
    0x6C, 0x96, 0x87, 0x04, 0xF8, 0x4C, 0xC4, 0x49, 0x46, 0x91, 0x7C, 0x14, 0x1F, 0x31, 0x84, 0x88,
    0x05, 0xD1, 0xF8, 0x6C, 0x88, 0x38, 0x64, 0x3D, 0xD1, 0x89, 0x94, 0x7D, 0x6A, 0x45, 0x2A, 0xB7,
    0x29, 0x95, 0xF6, 0xC0, 0xCC, 0x49, 0x6D, 0xA5, 0x70, 0xD2, 0x5A, 0x31, 0x4E, 0xBA, 0x46, 0x4A,
    0x5B, 0x85, 0xF8, 0x6A, 0x6A, 0x20, 0xD4, 0x74, 0x79, 0x2F, 0x52, 0x0E, 0xC6, 0x8B, 0x54, 0x3D,
    0xD0, 0x38, 0xC3, 0x49, 0xE4, 0x37, 0x42, 0x7F, 0xBC, 0xF8, 0x89, 0xAB, 0x15, 0xA5, 0x8E, 0xFA,
    0x5F, 0x96, 0xDA, 0x1A, 0xF7, 0x9C, 0xB4, 0xD6, 0xD8, 0x23, 0xE9, 0x1A, 0xD3, 0xDC, 0x96, 0x4E,
    0x0A, 0xA1, 0xCE, 0x40, 0xE2, 0x0A, 0x48, 0xC2, 0xAD, 0x43, 0x91, 0x34, 0x84, 0x55, 0x24, 0x5B,
    0x9F, 0x0E, 0x0E, 0x9A, 0xD7, 0x03, 0x34, 0x37, 0x1E, 0x9A, 0x17, 0xFC, 0x2F, 0x9F, 0xA4, 0xF0,
    0x40, 0x73, 0x82, 0x45, 0xC4, 0x01, 0x1F, 0x96, 0x3D, 0xFE, 0xAC, 0x5C, 0x1C, 0x98, 0xE0, 0xA2,
    0xFC, 0x32, 0x62, 0xD0, 0x80, 0x80, 0x80, 0x6E, 0x88, 0x98, 0xAE, 0xB2, 0xBF, 0xE4, 0x7C, 0xB3,
    0xC7, 0x4E, 0x00, 0xE6, 0x2B, 0x17, 0x32, 0x00, 0x9F, 0x38, 0xC3, 0xF2, 0xA3, 0x22, 0x34, 0xCF,
    0xFC, 0x09, 0xAE, 0xC0, 0x64, 0x01, 0xA6, 0xB3, 0x64, 0x03, 0x34, 0x17, 0x39, 0xC1, 0x89, 0x1A,
    0x8C, 0x44, 0x0F, 0x2C, 0x88, 0x46, 0x71, 0xD8, 0xB1, 0xEC, 0x23, 0xEC, 0x96, 0xDF, 0xD1, 0x02,
    0x5B, 0x62, 0xD7, 0xD0, 0xCE, 0xD0, 0xB2, 0x06, 0x62, 0x5D, 0x2F, 0xDC, 0x50, 0xDB, 0x37, 0x92,
    0x86, 0xFF, 0xE8, 0x06, 0x31, 0x93, 0x18, 0x7A, 0xCD, 0x60, 0xF9, 0x11, 0xD3, 0x99, 0xF1, 0x35,
    0x45, 0xB4, 0x2A, 0xB6, 0x8C, 0x4F, 0x51, 0xD4, 0x45, 0x0A, 0xB9, 0xCC, 0xC5, 0x2D, 0x22, 0x2D,
    0xA2, 0x0A, 0xA2, 0x8E, 0x44, 0x3A, 0x20, 0xC6, 0x77, 0x88, 0xB7, 0xDF, 0xAF, 0xD4, 0x25, 0x9A,
    0xE8, 0x88, 0x8B, 0x98, 0xA5, 0x98, 0x81, 0x59, 0x68, 0xD2, 0x49, 0xA4, 0xBB, 0xFF, 0x42, 0xC4,
    0x32, 0x04, 0xAC, 0xE6, 0xA9, 0x9B, 0x11, 0xE4, 0xC2, 0x4F, 0xE9, 0xD8, 0x28, 0xF3, 0xFE, 0xD3,
    0x93, 0xD4, 0x36, 0x1B, 0xE5, 0x18, 0xC6, 0x5A, 0x00, 0xB3, 0x8E, 0x92, 0x2B, 0xEA, 0xAA, 0x60,
    0xB1, 0xD6, 0x01, 0x2B, 0x82, 0xE1, 0x4C, 0x80, 0x09, 0xE9, 0x9A, 0xCE, 0x43, 0xF1, 0x19, 0x7F,
    0xAF, 0x58, 0xB6, 0x3E, 0x2E, 0x17, 0x44, 0x5A, 0xA9, 0x37, 0xE8, 0x00, 0x8B, 0xD4, 0xB0, 0x7D,
    0xFB, 0x46, 0xE7, 0xA1, 0x87, 0xDD, 0xD4, 0x50, 0x17, 0x2E, 0x52, 0xEB, 0xC6, 0xD1, 0xF7, 0x2A,
    0xDC, 0x32, 0xB0, 0x50, 0x76, 0xF2, 0x9E, 0xD4, 0x5D, 0xB9, 0x57, 0x57, 0x19, 0xBC, 0x07, 0xBC,
    0xE9, 0x22, 0x3A, 0xA8, 0x3E, 0x79, 0x5B, 0xDA, 0x06, 0x6E, 0xA9, 0x30, 0x35, 0x6C, 0x98, 0xF7,
    0x25, 0xBE, 0x04, 0xFB, 0xFB, 0xD6, 0x49, 0xD1, 0xD7, 0x67, 0xEC, 0xE1, 0x05, 0x30, 0x53, 0x09,
    0x02, 0x55, 0xA1, 0x2E, 0xAA, 0x8C, 0x64, 0x3B, 0x4C, 0x1A, 0x3F, 0xAA, 0x91, 0x46, 0x8F, 0x21,
    0x0C, 0x0A, 0xAA, 0x96, 0x06, 0x4E, 0xBD, 0x83, 0xD5, 0xA0, 0xA1, 0x72, 0xD4, 0x4E, 0xC5, 0xEE,
    0xC1, 0x0C, 0x80, 0xD0, 0x4E, 0x3E, 0x42, 0x0F, 0xC2, 0xAE, 0x47, 0xF6, 0x91, 0x7A, 0x18, 0xE8,
    0x51, 0x3A, 0x55, 0x66, 0x53, 0x41, 0x81, 0x11, 0x0C, 0xF8, 0x3E, 0x00, 0xF1, 0xF8, 0xFC, 0x28,
    0x52, 0xFF, 0x6C, 0x80, 0x12, 0x8D, 0x48, 0x39, 0xC9, 0x07, 0x5E, 0x70, 0x1E, 0xDD, 0xA7, 0x83,
    0x86, 0x7B, 0x52, 0xE7, 0x43, 0x04, 0xB6, 0xCD, 0x36, 0xE8, 0xC8, 0xF2, 0xAC, 0x04, 0x1D, 0xDC,
    0x39, 0x19, 0x8C, 0xB2, 0xEA, 0xC0, 0x6F, 0x83, 0xC4, 0x63, 0x61, 0x58, 0xD5, 0x90, 0x86, 0xF0,
    0x1A, 0xD6, 0xD3, 0x67, 0x9A, 0xBF, 0x32, 0x97, 0xCD, 0x09, 0x62, 0xB6, 0x70, 0x71, 0xA1, 0x25,
    0x7C, 0xDE, 0x20, 0xE9, 0x20, 0x96, 0xB1, 0x56, 0x98, 0xE0, 0xA2, 0x18, 0x1D, 0x5C, 0xD2, 0x01,
    0x77, 0xC0, 0xC0, 0xC1, 0x88, 0x2D, 0x55, 0x8C, 0x92, 0x7A, 0xA9, 0x90, 0x86, 0xCA, 0x3F, 0xE8,
    0x61, 0x83, 0xBA, 0xAF, 0xFF, 0xCD, 0x4A, 0xED, 0xD2, 0xD0, 0xB4, 0x41, 0x4C, 0x14, 0x35, 0x49,
    0x1D, 0xA7, 0xE7, 0xBA, 0xCE, 0x5B, 0x39, 0x2B, 0x32, 0x92, 0x10, 0x3C, 0x47, 0x73, 0x1C, 0x0D,
    0xEA, 0x16, 0xA4, 0x3A, 0x1D, 0x41, 0x88, 0x7A, 0x09, 0x5A, 0xD1, 0x55, 0xEA, 0x06, 0x75, 0x95,
    0x8E, 0x32, 0x8C, 0x06, 0x1D, 0x69, 0x74, 0xA8, 0xFB, 0x34, 0xB7, 0xE4, 0xF7, 0xAE, 0x5E, 0x6D,
    0xC3, 0xDA, 0xC4, 0x51, 0xE0, 0x0B, 0x89, 0x01, 0x6C, 0x8B, 0xC0, 0x19, 0x60, 0xDA, 0x60, 0x39,
    0x43, 0xC7, 0x68, 0xDA, 0x47, 0x65, 0x4F, 0x25, 0x2A, 0xAE, 0x4E, 0x47, 0x0C, 0xB7, 0x55, 0x40,
    0xB5, 0xA3, 0x3A, 0x18, 0x59, 0xA8, 0x83, 0xD0, 0x6B, 0x2D, 0x94, 0x48, 0x57, 0xFC, 0x81, 0x51,
    0x39, 0x31, 0x18, 0x21, 0xAF, 0xC7, 0x72, 0xD3, 0x38, 0xB8, 0x27, 0xB2, 0x1F, 0x21, 0xFC, 0x1C,
    0xE4, 0x44, 0x0F, 0x11, 0xD1, 0x53, 0x44, 0xF4, 0x18, 0x11, 0x9C, 0x23, 0x91, 0x78, 0x90, 0x34,
    0x6A, 0x13, 0xD9, 0x69, 0x73, 0x74, 0xE8, 0x30, 0x67, 0xCA, 0x59, 0x24, 0x5B, 0xBE, 0xD8, 0x79,
    0xDA, 0xC2, 0x8C, 0x34, 0x44, 0xCE, 0x2D, 0x4E, 0x2A, 0x3C, 0x46, 0x20, 0x18, 0xD6, 0x78, 0x8C,
    0x40, 0xBA, 0xEB, 0x49, 0x65, 0x8F, 0x91, 0x1E, 0x2C, 0xF0, 0xE1, 0x37, 0x43, 0x80, 0x07, 0xBF,
    0x1C, 0x89, 0xAF, 0x3F, 0x25, 0xA6, 0x0B, 0xC9, 0xCC, 0xA4, 0x7A, 0x24, 0x31, 0x68, 0x71, 0x22,
    0x3C, 0xF8, 0xBA, 0xC1, 0xAD, 0x58, 0xCC, 0xCC, 0x01, 0x95, 0xA6, 0xA3, 0x4E, 0xE9, 0xDD, 0x43,
    0x9E, 0x27, 0x03, 0x1D, 0x9B, 0x3B, 0x7A, 0xD5, 0xA8, 0x23, 0x2F, 0x2A, 0x3D, 0xAB, 0xCE, 0x1C,
    0x99, 0x15, 0xF2, 0x5E, 0xE8, 0xBC, 0x86, 0xC4, 0xC5, 0x33, 0xF5, 0x40, 0x79, 0xE3, 0x49, 0x0C,
    0x98, 0xB2, 0xCF, 0x66, 0x6E, 0x4B, 0x52, 0xED, 0x92, 0x95, 0x24, 0x01, 0x64, 0x99, 0x22, 0xDA,
    0x06, 0x1F, 0x60, 0x58, 0xF7, 0x74, 0x51, 0x19, 0x2C, 0xF4, 0x2B, 0x82, 0xC6, 0xE9, 0x55, 0xC0,
    0x11, 0x60, 0xB7, 0xB6, 0x74, 0xBD, 0x72, 0x39, 0x02, 0xA9, 0xB4, 0xBE, 0x1E, 0x07, 0x9C, 0x95,
    0xF7, 0xBA, 0xC0, 0x65, 0x47, 0x66, 0xE5, 0xA2, 0xDF, 0x58, 0xB9, 0x32, 0x32, 0x0C, 0xC8, 0x20,
    0x9A, 0x35, 0xA2, 0xDF, 0x9B, 0xF8, 0x6F, 0xD9, 0xDB, 0x23, 0xD9, 0xFC, 0xC0, 0x73, 0xF9, 0x55,
    0xE1, 0xE9, 0xC3, 0x23, 0xB2, 0x4F, 0x3C, 0x5C, 0x54, 0xF8, 0xBC, 0x07, 0x1B, 0x6F, 0x1A, 0xC3,
    0x8A, 0xE6, 0x32, 0xD3, 0x91, 0xE9, 0x27, 0xC6, 0x6B, 0xF9, 0xF2, 0xC0, 0x35, 0x56, 0xAF, 0x30,
    0x42, 0xA5, 0x7E, 0x33, 0xBE, 0x1B, 0x95, 0xD5, 0x42, 0x3F, 0xAF, 0xD9, 0xB0, 0x65, 0x6C, 0xC3,
    0x16, 0x64, 0x18, 0xA3, 0xA5, 0xDA, 0xAA, 0x3E, 0xCE, 0xD1, 0xA4, 0x51, 0x73, 0x5A, 0x92, 0xA1,
    0x0D, 0x7E, 0xC4, 0xE4, 0x56, 0x04, 0xB5, 0xC5, 0x71, 0xF3, 0xC1, 0x7C, 0x86, 0x23, 0xA2, 0x2F,
    0x39, 0x95, 0xE3, 0xE2, 0x3D, 0x85, 0xC0, 0xDD, 0x2D, 0xEB, 0x2B, 0xEE, 0xB6, 0x86, 0x54, 0x09,
    0x77, 0xD7, 0x25, 0x4D, 0xAE, 0x77, 0x40, 0x5E, 0x34, 0xF3, 0xE2, 0x79, 0x38, 0xDF, 0x31, 0x14,
    0x4C, 0x03, 0x9A, 0x4B, 0xCD, 0x01, 0x97, 0xD4, 0x0D, 0x77, 0x74, 0x37, 0x78, 0x52, 0xE8, 0x49,
    0x9D, 0x23, 0xD5, 0x0D, 0xE9, 0x32, 0x51, 0x2E, 0x29, 0x51, 0xE7, 0xEA, 0x87, 0x03, 0x08, 0xCA,
    0x91, 0x80, 0x52, 0xBC, 0xF6, 0x41, 0x27, 0x86, 0x30, 0xD1, 0x89, 0x4C, 0x55, 0x81, 0x8E, 0xD9,
    0x79, 0x85, 0x52, 0xD0, 0x01, 0x3A, 0xAA, 0x13, 0x0B, 0x6E, 0xBF, 0x9D, 0x0D, 0x78, 0xE2, 0xC2,
    0xF8, 0x0C, 0x99, 0x5B, 0x4D, 0x9F, 0xA9, 0x9C, 0x3E, 0x53, 0x83, 0x07, 0xD9, 0xD9, 0xEA, 0x33,
    0x6D, 0xA3, 0xCF, 0x74, 0xD0, 0x47, 0x9D, 0xB5, 0xB3, 0x85, 0x0A, 0x34, 0x68, 0x02, 0xEE, 0x1A,
    0xEE, 0x4D, 0x66, 0x16, 0xAD, 0xDF, 0xC8, 0x7A, 0x0C, 0xC9, 0x19, 0x9C, 0x4C, 0x1B, 0x8F, 0x1B,
    0x7B, 0xE5, 0x74, 0xE3, 0xE4, 0x90, 0xB4, 0xBF, 0xE6, 0xF7, 0x87, 0x7E, 0xB6, 0x92, 0x0A, 0x25,
    0x13, 0x48, 0x5F, 0x50, 0xBA, 0xD4, 0x91, 0x3C, 0x29, 0x19, 0x5A, 0x3A, 0xCE, 0x41, 0x61, 0xC9,
    0x2D, 0xC9, 0x70, 0x19, 0x72, 0x51, 0xE9, 0x92, 0x52, 0x17, 0x02, 0x88, 0x99, 0x11, 0xB1, 0x52,
    0xC2, 0x5A, 0x9A, 0x95, 0x4D, 0xA3, 0x29, 0x4A, 0x48, 0x4F, 0x28, 0x1D, 0xA9, 0x11, 0x47, 0x1E,
    0x16, 0x6D, 0x70, 0xA8, 0xBD, 0xBA, 0xE0, 0x32, 0x7C, 0xFF, 0xF4, 0x25, 0x82, 0x9B, 0x30, 0x51,
    0x1C, 0x61, 0xB8, 0x04, 0xA5, 0x2C, 0x30, 0x9D, 0x81, 0x67, 0x94, 0xB2, 0xEB, 0xAD, 0x26, 0xA2,
    0x1E, 0x1B, 0xF7, 0xFE, 0x24, 0x50, 0x66, 0x4B, 0x75, 0xCA, 0x01, 0x68, 0xF6, 0x52, 0x1C, 0x58,
    0x2B, 0xF2, 0x81, 0x1A, 0x87, 0x21, 0x3C, 0xD3, 0x21, 0xE7, 0xE4, 0x2B, 0xBD, 0x42, 0x9F, 0xAC,
    0x8D, 0xEC, 0xBA, 0x4D, 0xC4, 0x60, 0xA1, 0x55, 0x3B, 0x00, 0xB1, 0xAC, 0x15, 0xCB, 0x41, 0x56,
    0x9C, 0xA0, 0x5B, 0x3E, 0x42, 0x2B, 0x9E, 0xCC, 0x3C, 0x84, 0x27, 0x4C, 0x9E, 0x4F, 0xE7, 0x56,
    0xEA, 0x86, 0x64, 0xC0, 0x79, 0x8C, 0x4F, 0xA0, 0xE1, 0x40, 0x05, 0xA0, 0xDE, 0xD9, 0xBA, 0x01,
    0xAD, 0x54, 0x03, 0x75, 0x73, 0xD0, 0x2D, 0x50, 0xB7, 0x49, 0x75, 0xFB, 0xB5, 0xBE, 0x02, 0xEC,
    0x2F, 0x9E, 0xE7, 0x9E, 0xAC, 0xBE, 0x36, 0xCD, 0x26, 0x43, 0x94, 0xCB, 0x4D, 0x4E, 0xB5, 0xF1,
    0xE5, 0x4D, 0xE2, 0x13, 0x90, 0xB9, 0x07, 0x9C, 0x1C, 0x6D, 0x0C, 0xA3, 0x82, 0x47, 0xEE, 0x38,
    0xC4, 0x43, 0xB7, 0x1D, 0x68, 0xCA, 0xBD, 0x04, 0x70, 0xE1, 0x44, 0x8F, 0x1E, 0xAB, 0x5C, 0xC1,
    0x14, 0x9C, 0x3E, 0x9D, 0xC1, 0xB3, 0x1A, 0x22, 0xF5, 0xCA, 0x45, 0xAF, 0x26, 0xA9, 0x1A, 0x1E,
    0xC1, 0x26, 0x50, 0xED, 0x9D, 0x99, 0xD6, 0xBC, 0x94, 0x1B, 0x57, 0x96, 0x22, 0xF1, 0x38, 0xB9,
    0xE6, 0x52, 0x7B, 0xB9, 0x4C, 0x76, 0x51, 0x79, 0xF2, 0xAF, 0xF7, 0x05, 0x19, 0xDF, 0x11, 0x92,
    0x19, 0xF5, 0xD8, 0x8F, 0x0B, 0xDB, 0x4E, 0x42, 0x2F, 0x66, 0xE5, 0x06, 0x0C, 0x83, 0x9C, 0xFB,
    0x0E, 0x83, 0xE9, 0x8D, 0x06, 0xCE, 0x8B, 0xCA, 0x16, 0x9A, 0x1C, 0xB4, 0x0A, 0xD0, 0x32, 0x55,
    0x17, 0xCC, 0xD1, 0xB3, 0x5A, 0xCC, 0x46, 0xE5, 0xBD, 0x66, 0x96, 0x7C, 0x82, 0xBA, 0xF0, 0x60,
    0x31, 0xD2, 0x8E, 0x4C, 0x7C, 0x5B, 0x94, 0x74, 0x27, 0xA3, 0x62, 0x62, 0x91, 0xC0, 0x03, 0x86,
    0x75, 0x02, 0x43, 0xAC, 0xEC, 0x0B, 0x8E, 0x82, 0x54, 0xBC, 0x2C, 0x22, 0x7D, 0xD6, 0x90, 0x42,
    0x1B, 0x6D, 0xA3, 0x82, 0x17, 0xB8, 0x45, 0x74, 0xD7, 0x37, 0xE9, 0xCA, 0x49, 0xB0, 0x60, 0xCD,
    0xC1, 0x20, 0x1E, 0x99, 0x0D, 0x96, 0x86, 0x03, 0x6F, 0x15, 0x8C, 0xEA, 0x45, 0x3E, 0x73, 0x85,
    0xC2, 0x49, 0xB8, 0x91, 0x95, 0x28, 0x5B, 0xEA, 0xBF, 0xEB, 0x7A, 0x39, 0xC0, 0x64, 0x47, 0xF0,
    0x01, 0x23, 0x65, 0x3A, 0x7D, 0xFB, 0x81, 0x5E, 0x0C, 0x87, 0xA4, 0x8B, 0xEF, 0x80, 0x43, 0x05,
    0x10, 0x51, 0x9D, 0xA0, 0x3A, 0xC0, 0x41, 0x00, 0x7F, 0x01, 0xA3, 0xDA, 0x4A, 0x39, 0xB0, 0x26,
    0x8D, 0xD0, 0xD9, 0xCA, 0xC6, 0x87, 0xCD, 0xEB, 0x5D, 0x9C, 0x3B, 0x04, 0x07, 0x05, 0x3E, 0x7D,
    0x75, 0xC9, 0x5E, 0x98, 0x68, 0x65, 0x42, 0x36, 0xB2, 0xD7, 0x26, 0x7B, 0x71, 0x82, 0xEA, 0xE4,
    0x53, 0x5C, 0x9F, 0xFD, 0xE6, 0x16, 0xD9, 0xA7, 0xAF, 0xBF, 0x3B, 0xEF, 0x97, 0x5F, 0xDE, 0x7D,
    0xC9, 0xDD, 0x03, 0x37, 0xDF, 0x3B, 0xE4, 0xFD, 0xDE, 0xCB, 0xDB, 0x2E, 0x6F, 0xBD, 0xF3, 0x76,
    0xE9, 0x05, 0xE3, 0xCE, 0xAB, 0xEC, 0xC8, 0x7A, 0xE3, 0x15, 0xBD, 0xF0, 0x52, 0xAE, 0xEE, 0x37,
    0xBD, 0xEE, 0x52, 0x2C, 0x99, 0x97, 0x5D, 0xF0, 0xA8, 0x9C, 0xF2, 0x98, 0x97, 0xED, 0xA6, 0x2B,
    0x7A, 0xD1, 0x15, 0xD1, 0x7B, 0xAE, 0x6C, 0xD7, 0x5C, 0x39, 0xE3, 0x96, 0x6B, 0x78, 0xAB, 0xED,
    0xF0, 0x1C, 0xE6, 0x85, 0x41, 0x5B, 0x04, 0x0D, 0x3D, 0xCA, 0xF4, 0x8B, 0x4F, 0x47, 0x3C, 0x28,
    0x1A, 0x5F, 0x8F, 0x20, 0x0E, 0x7F, 0x16, 0x07, 0x97, 0x56, 0x91, 0xF4, 0xC7, 0x73, 0x5C, 0x2A,
    0x22, 0xF2, 0x5F, 0xE2, 0xE0, 0xAD, 0x25, 0x0E, 0x5E, 0x5A, 0x24, 0x7B, 0x75, 0x8E, 0x83, 0x17,
    0x57, 0xC9, 0x5F, 0x9A, 0x91, 0x30, 0x57, 0x31, 0x2C, 0x38, 0x9B, 0x20, 0x17, 0x31, 0x30, 0x12,
    0xE4, 0x12, 0x4B, 0x4E, 0xE9, 0x9A, 0xDB, 0x18, 0x94, 0xD2, 0x3E, 0xEF, 0xF3, 0x91, 0xC5, 0xD6,
    0x37, 0x5C, 0x31, 0xF2, 0xF4, 0xFB, 0x81, 0x2D, 0x3C, 0x06, 0xD5, 0x2B, 0x5C, 0xF4, 0xB3, 0x52,
    0xAD, 0x1C, 0xDC, 0x91, 0x72, 0xC6, 0x00, 0x8B, 0xD7, 0xF5, 0x7B, 0xD6, 0x39, 0x83, 0x74, 0xA1,
    0x2F, 0x5C, 0x11, 0x82, 0x0D, 0xC1, 0xE5, 0x16, 0x83, 0x0F, 0xA9, 0x94, 0xC7, 0x8F, 0xAE, 0x94,
    0x23, 0xB3, 0x52, 0x1E, 0xCF, 0xAE, 0x94, 0xC1, 0x5A, 0x29, 0xEF, 0xC7, 0x7B, 0x01, 0xFE, 0xB9,
    0x2A, 0xE5, 0x9D, 0x35, 0x26, 0x95, 0xDB, 0xC8, 0x5A, 0x29, 0x43, 0x15, 0x86, 0x65, 0x47, 0xB5,
    0x55, 0x7D, 0x91, 0x84, 0xD9, 0xA2, 0xC5, 0x38, 0x0B, 0x7F, 0x13, 0x58, 0x73, 0x32, 0xB5, 0x62,
    0x10, 0xA0, 0xB4, 0x36, 0xD0, 0xB2, 0x09, 0xA8, 0xAA, 0x1B, 0x8F, 0x05, 0x95, 0x43, 0xC4, 0xA5,
    0x72, 0xC0, 0x1A, 0x38, 0x03, 0xB3, 0x13, 0xB4, 0x58, 0x1C, 0x30, 0x1F, 0xA9, 0xB8, 0x27, 0x0E,
    0xC0, 0xCA, 0x31, 0xAA, 0x2C, 0x16, 0x13, 0xB6, 0x3A, 0x2F, 0x53, 0x1F, 0x84, 0x37, 0x82, 0xA5,
    0x9A, 0x50, 0x0D, 0xC5, 0xE8, 0x6E, 0xF1, 0xAD, 0x84, 0x50, 0x1E, 0xF6, 0xD6, 0x09, 0x95, 0xDC,
    0xDB, 0x26, 0x58, 0xA6, 0x2A, 0xA8, 0x9C, 0x81, 0x87, 0xBD, 0x5D, 0xA2, 0xCD, 0x12, 0xB5, 0x78,
    0x0D, 0xF6, 0xCA, 0x05, 0xD8, 0xF2, 0x3B, 0xB4, 0xAC, 0x36, 0x46, 0x76, 0xD6, 0xF6, 0x08, 0xBF,
    0x4B, 0x66, 0x6B, 0x84, 0x4C, 0x91, 0x27, 0x6D, 0x11, 0x6D, 0x8A, 0xD0, 0xE2, 0x64, 0x2C, 0x45,
    0xD5, 0xD6, 0xEE, 0xCF, 0xBE, 0x9A, 0x91, 0x18, 0x98, 0xE7, 0x3A, 0x4E, 0x5E, 0x9E, 0xAE, 0x84,
    0xD5, 0x30, 0x18, 0x6F, 0x38, 0x6D, 0x4D, 0x0D, 0x13, 0x91, 0x7E, 0x2A, 0x7C, 0x02, 0x9F, 0xDD,
    0xEF, 0xB0, 0x4A, 0x46, 0x8E, 0x79, 0xFD, 0xCA, 0x2F, 0xBB, 0xE1, 0x7C, 0xB6, 0xA8, 0xF6, 0xFD,
    0xA2, 0xF6, 0x31, 0xF1, 0x7F, 0xDC, 0x70, 0xDE, 0x3B, 0x49, 0x43, 0x0D, 0xEC, 0xB7, 0x1F, 0x23,
    0x88, 0xCF, 0x11, 0x8F, 0xD8, 0x52, 0xBA, 0x23, 0x6D, 0x53, 0x58, 0xBA, 0xEE, 0xCC, 0x9F, 0x24,
    0x16, 0xBD, 0x52, 0x13, 0x4F, 0xD7, 0xF3, 0x7B, 0x55, 0x7F, 0xBA, 0x9E, 0x57, 0x1C, 0xB6, 0x65,
    0xD3, 0xE4, 0x4E, 0xF1, 0xD3, 0xD2, 0x09, 0x38, 0x77, 0xEB, 0x96, 0xC5, 0xDF, 0xBA, 0xA4, 0xA4,
    0xFB, 0xA9, 0xEC, 0xDE, 0x95, 0x16, 0x22, 0x52, 0xDD, 0x7E, 0xD5, 0xDA, 0xBD, 0x89, 0xD2, 0xD6,
    0xB6, 0x4D, 0x67, 0xB3, 0x59, 0x3A, 0x18, 0xDF, 0x47, 0x32, 0x43, 0x39, 0xF0, 0x5A, 0x17, 0xBF,
    0xB4, 0xEA, 0xBE, 0x57, 0x4A, 0x66, 0x90, 0x4D, 0x95, 0xB2, 0x99, 0xD9, 0x20, 0x9B, 0x90, 0x0E,
    0x40, 0xAD, 0x35, 0x43, 0x3E, 0x22, 0x21, 0x4C, 0x85, 0x2F, 0xA6, 0x28, 0xE7, 0xCD, 0xFB, 0x58,
    0x53, 0xA5, 0x4D, 0x44, 0xEE, 0x0E, 0xB5, 0x3B, 0x15, 0xE3, 0x67, 0x46, 0x73, 0xF2, 0xF9, 0x5B,
    0xB7, 0x1E, 0xC8, 0x14, 0xB3, 0xA1, 0x13, 0xA6, 0x82, 0xF7, 0x04, 0x58, 0x81, 0x34, 0x31, 0xFA,
    0x52, 0xCF, 0xC0, 0xA3, 0x5D, 0xAB, 0xC1, 0xA8, 0x5F, 0x59, 0x77, 0x17, 0xE3, 0xA8, 0xD7, 0xFC,
    0x81, 0xA4, 0x06, 0x4A, 0xF6, 0x26, 0x24, 0xFF, 0xB2, 0xB2, 0xFF, 0x9B, 0xB9, 0xA6, 0xBF, 0x26,
    0x69, 0x5C, 0xDC, 0x61, 0x1A, 0x4A, 0x3D, 0x23, 0x29, 0x77, 0x20, 0x14, 0xFA, 0x2B, 0xDD, 0xC0,
    0xEF, 0x4F, 0xDC, 0x09, 0x6D, 0x18, 0x70, 0x7C, 0x76, 0x61, 0xA8, 0x22, 0x9D, 0xBC, 0x90, 0x8F,
    0x33, 0x58, 0x36, 0x04, 0x1F, 0xB9, 0xD7, 0xC4, 0x75, 0x76, 0x53, 0x85, 0x46, 0x60, 0x33, 0xE5,
    0x17, 0xD9, 0x54, 0xE1, 0x11, 0xC1, 0x67, 0xB8, 0x23, 0xC2, 0xCE, 0x7A, 0xA2, 0x29, 0x27, 0xE0,
    0x09, 0x49, 0x5F, 0x55, 0xE9, 0xB6, 0xBC, 0x0C, 0x04, 0xF3, 0x95, 0x9D, 0xE2, 0x7C, 0x38, 0xC5,
    0xFD, 0xC6, 0xEE, 0x41, 0x86, 0xEF, 0xCA, 0x10, 0xA2, 0xEB, 0xCA, 0xB0, 0x42, 0x9B, 0xB6, 0x81,
    0x0E, 0x9D, 0x00, 0x83, 0x64, 0x8A, 0x13, 0x4B, 0xBC, 0x11, 0x98, 0xF3, 0x6A, 0x5E, 0xF8, 0xBD,
    0x6D, 0x90, 0x6B, 0xD6, 0x0C, 0x7F, 0x85, 0xD4, 0xA1, 0xB7, 0xF9, 0x32, 0x7C, 0x5B, 0x37, 0xEE,
    0xCF, 0x77, 0x35, 0x87, 0x93, 0x18, 0x7E, 0xA7, 0x0B, 0x69, 0x13, 0x02, 0x8B, 0x01, 0x2A, 0xBB,
    0x16, 0x9A, 0xC3, 0x11, 0x5A, 0x9C, 0x83, 0xC3, 0x46, 0xA7, 0x58, 0xA1, 0x3B, 0x87, 0x58, 0x4C,
    0x50, 0x63, 0x73, 0x2D, 0x7C, 0x06, 0x9A, 0xEA, 0x33, 0x1C, 0xEA, 0x33, 0x34, 0xAF, 0x3E, 0x03,
    0x0B, 0x73, 0xB8, 0x6A, 0x22, 0xE2, 0x33, 0x1C, 0xEA, 0x33, 0x5C, 0xCD, 0x3E, 0x1C, 0xD4, 0x04,
    0x3A, 0xD4, 0x67, 0xB8, 0x38, 0xA3, 0x43, 0x6D, 0x8C, 0xE0, 0x19, 0xAA, 0xC4, 0x67, 0x74, 0xA8,
    0xCF, 0x50, 0x3B, 0x7D, 0x66, 0x5B, 0x81, 0xDA, 0xA7, 0xE3, 0xB0, 0x1C, 0x60, 0x0B, 0xBE, 0xB8,
    0xF6, 0x7D, 0xF8, 0x89, 0xAD, 0x53, 0xFF, 0x1F, 0xB1, 0x4E, 0xBF, 0x5B, 0x67, 0x3F, 0x17, 0xCC,
    0xC7, 0x0E, 0xED, 0x3E, 0x6C, 0xCE, 0x1C, 0x2A, 0xA9, 0x20, 0x27, 0xB5, 0xFA, 0x81, 0xF6, 0xBB,
    0x4C, 0xD3, 0x3D, 0xC7, 0xB3, 0xF5, 0x08, 0x2A, 0xC9, 0x9D, 0x0F, 0x3D, 0xF9, 0xD6, 0xED, 0xC7,
    0x78, 0xEC, 0xEB, 0xE5, 0xAB, 0x9A, 0x68, 0x4A, 0xDA, 0x20, 0x9F, 0x1E, 0x68, 0xBD, 0x29, 0x9A,
    0x13, 0xCC, 0xA7, 0xBD, 0x03, 0x58, 0x0F, 0x52, 0xB9, 0x34, 0x58, 0xF4, 0x75, 0x16, 0x01, 0xC6,
    0x39, 0x3F, 0xF0, 0x03, 0x24, 0xDE, 0xD0, 0x56, 0x1D, 0x47, 0xD8, 0x07, 0xAB, 0x0E, 0xD4, 0x65,
    0xB2, 0xD2, 0xF1, 0xFC, 0x0B, 0xE2, 0xF8, 0x17, 0x07, 0x00, 0xE8, 0xA6, 0x83, 0x1C, 0x82, 0xB2,
    0x89, 0x83, 0x75, 0xFB, 0x75, 0x27, 0xAA, 0xB1, 0xFD, 0xB0, 0x53, 0xF7, 0x1C, 0x40, 0x49, 0x73,
    0x32, 0x88, 0x00, 0x85, 0x39, 0x50, 0xF7, 0x95, 0x3D, 0xBD, 0xCA, 0xF3, 0x49, 0x07, 0x11, 0xD8,
    0xBE, 0xEC, 0x31, 0x60, 0x07, 0x13, 0xD6, 0x64, 0x13, 0xB3, 0xB5, 0xDA, 0xC7, 0x44, 0x99, 0xC4,
    0x76, 0x21, 0x97, 0xB4, 0x2F, 0x13, 0xB8, 0x7E, 0x5C, 0x85, 0x71, 0x56, 0xC7, 0x90, 0x16, 0xE3,
    0x2A, 0x74, 0x09, 0xAA, 0xBF, 0xEA, 0xFC, 0x91, 0x9D, 0x56, 0xAF, 0xAA, 0x7E, 0x78, 0xA7, 0xF5,
    0xE9, 0x9B, 0x1A, 0x22, 0x58, 0xC2, 0xDF, 0x77, 0xA3, 0xC8, 0x22, 0xC5, 0x22, 0x32, 0xF3, 0x24,
    0xE3, 0x09, 0x94, 0xF0, 0xA4, 0x48, 0x6E, 0xF0, 0xFC, 0xD0, 0x23, 0x35, 0xA1, 0xC4, 0x94, 0x98,
    0x29, 0xDE, 0xBF, 0xF5, 0x42, 0x44, 0xE6, 0xF4, 0xFC, 0x47, 0x57, 0xE3, 0x49, 0x57, 0x38, 0x3C,
    0x5F, 0x58, 0xAA, 0x41, 0x8B, 0xF1, 0xB4, 0xB8, 0xA8, 0xDD, 0x24, 0xAC, 0x0F, 0x08, 0x05, 0x85,
    0x0A, 0xA2, 0x87, 0x83, 0x9F, 0xEA, 0xB5, 0x84, 0xB3, 0x0F, 0x94, 0x70, 0xF2, 0xDB, 0xAF, 0xA9,
    0xED, 0x20, 0xC1, 0x8A, 0x5E, 0xE4, 0xEF, 0x75, 0x5E, 0x6D, 0x18, 0x9A, 0xED, 0x2E, 0xA5, 0x19,
    0x00, 0x6F, 0x78, 0x56, 0xA3, 0x05, 0x8E, 0x6C, 0x1B, 0x58, 0x56, 0xFD, 0x46, 0xB9, 0x96, 0xAE,
    0x64, 0x19, 0xA2, 0xA3, 0x89, 0xBE, 0xD0, 0xD1, 0xCA, 0x11, 0xAC, 0xBD, 0xE8, 0xA8, 0x08, 0x61,
    0xC6, 0x08, 0x56, 0xA7, 0xA4, 0x56, 0x47, 0xBA, 0x9D, 0xCD, 0xA0, 0xD2, 0xF5, 0xD6, 0x4F, 0xE9,
    0xBC, 0xF8, 0xAB, 0x37, 0x6B, 0x07, 0xCC, 0x38, 0x82, 0x8F, 0xB7, 0x7B, 0x43, 0x10, 0x55, 0xCC,
    0x42, 0x37, 0xA8, 0xC3, 0x3E, 0x40, 0xB2, 0xC5, 0xBF, 0x59, 0x71, 0x1A, 0xD5, 0x71, 0x94, 0xEE,
    0x19, 0xF3, 0xC2, 0x6E, 0x0D, 0x5A, 0x92, 0x4A, 0x19, 0x6D, 0xDC, 0xB7, 0x03, 0xBE, 0x9A, 0x04,
    0x49, 0x75, 0x43, 0xA8, 0x4C, 0xDD, 0x03, 0x13, 0xA9, 0x18, 0x19, 0x4A, 0xBA, 0x67, 0x75, 0xBB,
    0xD2, 0x11, 0x9A, 0x9F, 0x7A, 0x10, 0xD6, 0x39, 0x28, 0xF5, 0x5C, 0xF8, 0x76, 0x3C, 0x81, 0x12,
    0x35, 0x5F, 0x36, 0x91, 0x0A, 0x46, 0x15, 0x56, 0xA0, 0x95, 0x82, 0x9A, 0xB1, 0xD1, 0x1D, 0xAB,
    0xF9, 0x78, 0xD1, 0xD6, 0xD1, 0xC8, 0x36, 0xCC, 0x67, 0x9B, 0x93, 0x72, 0xF1, 0xBA, 0x83, 0xE6,
    0x34, 0xAE, 0x95, 0xD2, 0x75, 0x8D, 0x1C, 0x48, 0x2B, 0x12, 0x1F, 0x43, 0x1C, 0xAD, 0x08, 0x9A,
    0x05, 0xA9, 0x2D, 0xBA, 0x97, 0x32, 0xB1, 0x92, 0x16, 0x62, 0x8F, 0x25, 0x1B, 0xE9, 0xD7, 0x08,
    0xA5, 0x7F, 0x34, 0x48, 0xE7, 0x9F, 0x09, 0x77, 0xEF, 0xBE, 0xEB, 0xDB, 0xF0, 0x47, 0xC1, 0x55,
    0x73, 0xBE, 0xCA, 0x39, 0x2B, 0x37, 0x54, 0x4C, 0x0F, 0xF8, 0x2D, 0x17, 0xE5, 0x31, 0xA5, 0xB6,
    0x6C, 0xBB, 0xD2, 0x9D, 0x45, 0x40, 0x3F, 0xB5, 0x3C, 0xDC, 0x8B, 0xDD, 0x3B, 0x44, 0x0F, 0x48,
    0xB5, 0x90, 0x73, 0x5D, 0xE4, 0xE2, 0x9F, 0xF1, 0xB8, 0x69, 0x1B, 0x78, 0xEA, 0x8E, 0xB0, 0x87,
    0xC8, 0x0A, 0x9C, 0xFF, 0xD5, 0x96, 0xD8, 0x10, 0x05, 0xD8, 0xC2, 0x60, 0x44, 0x0B, 0xD4, 0xFF,
    0x3A, 0x5A, 0x65, 0xC6, 0x87, 0xEC, 0x33, 0xB8, 0x02, 0x33, 0x8F, 0xAD, 0x85, 0x3A, 0x33, 0x9D,
    0xDA, 0x08, 0x89, 0x39, 0x96, 0x57, 0x4E, 0x18, 0x4F, 0x6A, 0x5D, 0x7C, 0xE6, 0x23, 0x14, 0x03,
    0x4C, 0x82, 0x92, 0xB7, 0x74, 0xD7, 0xFA, 0x2D, 0x5B, 0xDE, 0x7F, 0x72, 0xA0, 0x5D, 0x00, 0xB0,
    0xD0, 0x89, 0x99, 0xEA, 0x06, 0xDF, 0xB1, 0xFC, 0x05, 0xA6, 0xB3, 0x92, 0x53, 0xCA, 0x53, 0x14,
    0xF2, 0x5D, 0x44, 0x4B, 0x2F, 0x6D, 0xF0, 0x89, 0xCF, 0x7D, 0xE6, 0xB2, 0x31, 0x85, 0x00, 0x31,
    0x3D, 0x95, 0xE6, 0x2F, 0x63, 0xDB, 0x3D, 0x79, 0x84, 0xAE, 0xA2, 0xDB, 0x84, 0x9E, 0xCD, 0x9B,
    0xDA, 0xB5, 0x52, 0x85, 0x09, 0x53, 0x70, 0x2A, 0x91, 0x6B, 0xCC, 0x48, 0x58, 0xDC, 0x5F, 0x07,
    0x91, 0x67, 0xB6, 0x22, 0x08, 0x60, 0x7A, 0x00, 0x43, 0x89, 0xE0, 0x75, 0x94, 0x86, 0xBB, 0x51,
    0xAD, 0xFB, 0x61, 0x90, 0x2E, 0x4A, 0x42, 0x5D, 0xDF, 0xE7, 0xE8, 0xF1, 0x23, 0x7D, 0x21, 0xD6,
    0x4A, 0x07, 0xB3, 0xDA, 0xBA, 0x89, 0x02, 0x61, 0x48, 0x98, 0xEF, 0x00, 0x30, 0x47, 0x48, 0x26,
    0xE9, 0xA0, 0x6E, 0x2B, 0x45, 0x8F, 0xD0, 0x6C, 0xE2, 0x4C, 0x0B, 0x14, 0x80, 0x84, 0xCF, 0x8A,
    0xE8, 0x32, 0x8B, 0x30, 0x48, 0xFD, 0xAD, 0x51, 0x96, 0x74, 0xCA, 0xC6, 0x64, 0x2A, 0x86, 0x74,
    0x8C, 0x96, 0xF3, 0x55, 0x63, 0x5C, 0x2D, 0xAD, 0xB4, 0x79, 0x9C, 0x05, 0x69, 0x70, 0x14, 0x39,
    0x66, 0x36, 0xE2, 0xBB, 0xAF, 0x6D, 0xEE, 0xEA, 0x7B, 0x9D, 0xE0, 0x1E, 0x90, 0x05, 0x1F, 0xA7,
    0x12, 0x41, 0x38, 0x3D, 0x2C, 0xE9, 0xA1, 0xD4, 0xA3, 0xCC, 0x52, 0x4E, 0x12, 0xE6, 0xC8, 0x47,
    0x73, 0xF6, 0xEA, 0x22, 0x73, 0x32, 0xAE, 0xB9, 0x3D, 0x4E, 0xA6, 0x6C, 0x38, 0x2E, 0xA4, 0x4D,
    0xC7, 0xC2, 0x3D, 0x2A, 0xD2, 0x66, 0x9E, 0x87, 0xF2, 0x41, 0x14, 0x28, 0xE0, 0x3F, 0x7E, 0xA7,
    0xDD, 0x76, 0x6A, 0x00, 0xAF, 0x4F, 0xF6, 0x07, 0xE0, 0xD9, 0x38, 0xB4, 0x60, 0x93, 0x49, 0x39,
    0xF5, 0xA5, 0x5D, 0x44, 0xBE, 0x90, 0x0D, 0x55, 0xE4, 0xA1, 0x2B, 0xE2, 0xE2, 0x8E, 0x53, 0xD7,
    0x96, 0x4D, 0x54, 0xF9, 0x9B, 0xB6, 0x3E, 0xC0, 0xA1, 0x1D, 0xA4, 0x1C, 0xA5, 0x45, 0xCB, 0x35,
    0x6D, 0xE4, 0x21, 0xFD, 0xE1, 0xF1, 0x56, 0xC3, 0xBE, 0x59, 0xFB, 0xED, 0xA8, 0x4E, 0xB2, 0xA4,
    0xFA, 0xCB, 0xCB, 0xC2, 0xBD, 0x8A, 0xCD, 0xF2, 0x99, 0x17, 0x1C, 0x9B, 0x9D, 0x17, 0x3A, 0x6E,
    0x55, 0xF8, 0xE1, 0xE1, 0xF8, 0x3E, 0x88, 0x6F, 0xDC, 0xBA, 0x6A, 0xA9, 0x5C, 0x9D, 0x04, 0x29,
    0xC2, 0xC4, 0xA9, 0xE4, 0x9C, 0xC8, 0xD7, 0x24, 0xE9, 0x9A, 0x6C, 0x84, 0xB8, 0xDC, 0x03, 0xE1,
    0xBA, 0x95, 0x5F, 0x5E, 0xE8, 0xD5, 0x19, 0x15, 0x48, 0x3A, 0xC3, 0xCD, 0xBC, 0x89, 0x09, 0x1E,
    0xB6, 0x8C, 0xD3, 0x86, 0x5F, 0xA1, 0xB7, 0x5B, 0xCA, 0x0B, 0xC0, 0x6C, 0xCD, 0x1A, 0x33, 0x94,
    0x8B, 0x69, 0xCC, 0x3B, 0xF3, 0xFA, 0x1C, 0x3A, 0x7E, 0x51, 0x5E, 0x11, 0x9A, 0xD0, 0x4B, 0x72,
    0x53, 0x3E, 0x2F, 0x02, 0xA9, 0x0F, 0x51, 0xE9, 0xDF, 0x67, 0x5E, 0x42, 0x2F, 0x46, 0x7F, 0xBA,
    0x08, 0xBC, 0x9B, 0xD6, 0x7A, 0x3C, 0x5E, 0x01, 0xEE, 0xAF, 0x5F, 0x95, 0xB6, 0x90, 0xDB, 0x20,
    0xCF, 0xFA, 0x3A, 0xA0, 0x14, 0x58, 0x51, 0xDB, 0xAC, 0x68, 0xAA, 0x2C, 0x68, 0xC4, 0xCC, 0x15,
    0xDA, 0x3A, 0x13, 0x6F, 0x7C, 0x11, 0x56, 0xC1, 0x08, 0x97, 0xB0, 0xB7, 0x66, 0xA1, 0xDD, 0x61,
    0xF8, 0x26, 0x2A, 0x57, 0x39, 0x04, 0x3E, 0xFA, 0xA5, 0x3C, 0xB3, 0xB3, 0xB5, 0xA9, 0x6D, 0x1A,
    0x86, 0x87, 0x45, 0x1E, 0x6B, 0xE4, 0x24, 0xD7, 0x07, 0xFD, 0x3E, 0x7F, 0x62, 0x79, 0x71, 0x8E,
    0x78, 0x31, 0x05, 0xB2, 0x79, 0x29, 0xB7, 0xB3, 0x31, 0xA2, 0xCF, 0x90, 0xC6, 0x87, 0x1C, 0x56,
    0x73, 0x6C, 0xB7, 0x39, 0x03, 0x79, 0x96, 0x4D, 0xF5, 0x28, 0x03, 0x58, 0x45, 0xBC, 0x28, 0x95,
    0x3D, 0x34, 0x47, 0x52, 0x5F, 0xEF, 0xEB, 0x09, 0x2D, 0xDA, 0x76, 0x14, 0xD5, 0xBE, 0x9A, 0xE4,
    0x7C, 0x23, 0xE7, 0x20, 0x36, 0xB1, 0xB0, 0x2A, 0x37, 0xB0, 0xB6, 0xB1, 0x79, 0xB4, 0x33, 0x2F,
    0xD4, 0x91, 0x01, 0x2D, 0xF8, 0xCF, 0xBD, 0xBC, 0x07, 0xFE, 0x47, 0x9F, 0xFE, 0x27, 0x3C, 0xF5,
    0xB6, 0xCF, 0x5E, 0xE9, 0x45, 0x92, 0x1F, 0xFB, 0xE2, 0xCB, 0x68, 0xED, 0xFD, 0x70, 0x34, 0x90,
    0x9C, 0xBD, 0x34, 0x5E, 0x2A, 0x23, 0xE7, 0xD7, 0xA7, 0x67, 0xA0, 0x43, 0xF1, 0xC5, 0xC9, 0xF3,
    0xDC, 0x48, 0xEE, 0xF7, 0x68, 0x38, 0x3C, 0x22, 0xC1, 0xD5, 0xE2, 0x8A, 0x23, 0x09, 0x52, 0x67,
    0xAE, 0xC6, 0xD1, 0xDB, 0x5E, 0x83, 0x94, 0x99, 0x07, 0xC8, 0x80, 0xCE, 0xBD, 0x87, 0x76, 0x42,
    0x50, 0x9F, 0x07, 0xD9, 0x7D, 0xAE, 0x07, 0xBD, 0x22, 0x8F, 0xFA, 0x04, 0x59, 0xE5, 0xC4, 0xE7,
    0xCB, 0xD5, 0x6B, 0x11, 0x59, 0xF7, 0x66, 0xEF, 0x5C, 0xA9, 0xED, 0x69, 0x9F, 0x77, 0x5C, 0xE9,
    0x9A, 0x36, 0x51, 0xD9, 0xB5, 0x68, 0xA2, 0x8A, 0xE1, 0x40, 0x80, 0x13, 0x8F, 0xE8, 0x3E, 0xEE,
    0x7F, 0xFA, 0x9C, 0x09, 0xB4, 0x60, 0x07, 0xEE, 0xFA, 0xA2, 0xE9, 0x88, 0x59, 0xB6, 0x18, 0xD8,
    0x41, 0x42, 0x47, 0x02, 0xC0, 0xE3, 0x80, 0xE7, 0x40, 0x17, 0xC1, 0x02, 0x9A, 0x08, 0x2D, 0xE4,
    0xAC, 0x11, 0x90, 0xD2, 0x19, 0xAF, 0x70, 0xBC, 0x19, 0xDB, 0x26, 0xEA, 0x36, 0x9F, 0x9C, 0x01,
    0xE7, 0x40, 0x49, 0x48, 0x79, 0x1B, 0x30, 0x01, 0x6B, 0x3B, 0x78, 0x12, 0x6B, 0x1B, 0xD8, 0xE7,
    0x6C, 0xF6, 0xB5, 0x45, 0xDC, 0xE3, 0x59, 0xAA, 0x0F, 0x89, 0xE7, 0x63, 0xAE, 0x6D, 0xC9, 0xF0,
    0xF0, 0x8C, 0x10, 0x48, 0x96, 0x23, 0x16, 0xE1, 0x23, 0xD7, 0xE6, 0xB0, 0xB6, 0x47, 0x85, 0x82,
    0x1F, 0x43, 0xE5, 0x90, 0xF1, 0x8A, 0x50, 0x52, 0xF0, 0xF1, 0x35, 0x0A, 0x2E, 0x28, 0x38, 0xDF,
    0x7F, 0xCD, 0x86, 0x8C, 0x6C, 0x22, 0x8E, 0x48, 0xE8, 0x99, 0xC7, 0xEC, 0x79, 0x44, 0xCB, 0x92,
    0x80, 0x82, 0x9F, 0xA3, 0xE0, 0x29, 0xA2, 0x43, 0x6C, 0x96, 0xAF, 0x55, 0x6E, 0x6F, 0x1B, 0x8E,
    0xC0, 0xAF, 0x0B, 0x10, 0x20, 0x2D, 0xF1, 0x98, 0xB8, 0x10, 0x67, 0x40, 0x42, 0x6C, 0xD9, 0x1E,
    0xE8, 0x88, 0x4C, 0xC9, 0xCC, 0xEE, 0x7F, 0x39, 0xC9, 0x92, 0x23, 0xBB, 0xFB, 0xA8, 0x01, 0xE4,
    0xC3, 0x04, 0x30, 0x00, 0x27, 0xEB, 0x3E, 0xF8, 0xEE, 0x6B, 0x87, 0xEC, 0xDE, 0xEE, 0xD9, 0x1D,
    0x0A, 0xC0, 0xDE, 0xC9, 0x4D, 0xB5, 0x78, 0xB5, 0xD0, 0xE6, 0x43, 0x58, 0x69, 0xF5, 0xB7, 0x5F,
    0x0F, 0xB4, 0x7B, 0x90, 0x95, 0x96, 0x47, 0x58, 0xAA, 0xED, 0x67, 0x8D, 0xAC, 0x64, 0x56, 0xFB,
    0xA7, 0x91, 0x47, 0x9E, 0xED, 0xEA, 0x83, 0x08, 0xF0, 0x02, 0x00, 0x7E, 0x00, 0x20, 0xCA, 0x00,
    0x88, 0xB3, 0x08, 0x5F, 0x33, 0xA8, 0x6F, 0x4A, 0x87, 0xCB, 0xC4, 0x2C, 0xD5, 0x5D, 0x17, 0xFD,
    0x12, 0x39, 0x48, 0x6D, 0x31, 0xF3, 0x0C, 0xAF, 0x34, 0x38, 0x79, 0x44, 0x6E, 0x8A, 0xDC, 0x96,
    0x4C, 0x25, 0x07, 0xFE, 0x1E, 0x15, 0x20, 0xF5, 0xCF, 0xEA, 0xA6, 0xF0, 0xF2, 0x90, 0x76, 0xC3,
    0x23, 0x3A, 0x60, 0x69, 0x05, 0xF1, 0x27, 0xC0, 0xCB, 0x3C, 0x85, 0x8F, 0x78, 0x59, 0x1C, 0x99,
    0x39, 0x3C, 0xF0, 0x65, 0x47, 0xB4, 0xC0, 0x57, 0xD8, 0xBD, 0xFA, 0x2F, 0xE2, 0x0C, 0xCC, 0x3D,
    0xB1, 0x27, 0xBA, 0xFD, 0xF2, 0xF8, 0x38, 0xF1, 0x36, 0xDC, 0xF5, 0x0D, 0xFC, 0x23, 0x2F, 0xE7,
    0xD2, 0x2D, 0xA2, 0x39, 0x61, 0x7B, 0xDD, 0x20, 0x22, 0x66, 0x78, 0x1E, 0x83, 0xD2, 0x8E, 0x44,
    0xF7, 0xEC, 0x54, 0x82, 0xE8, 0xAF, 0xBD, 0xE5, 0xF8, 0xF5, 0xFA, 0xDC, 0x0D, 0xDE, 0x6C, 0x30,
    0x2B, 0xAF, 0xC4, 0x6C, 0x70, 0x37, 0x9D, 0x4D, 0xA3, 0xA3, 0xD1, 0x78, 0xF3, 0xB0, 0x14, 0xB6,
    0x19, 0xA8, 0xB4, 0xC9, 0xC4, 0xAD, 0x96, 0x46, 0xB2, 0xB5, 0xDA, 0xBD, 0x23, 0xC9, 0x31, 0xA8,
    0x45, 0x97, 0x67, 0x90, 0xEF, 0x47, 0x2A, 0xE0, 0xB0, 0x15, 0x71, 0x38, 0x4A, 0x88, 0x54, 0x0C,
    0xD2, 0xD9, 0xD6, 0xD5, 0xDA, 0x8D, 0x58, 0x71, 0xCD, 0xE8, 0xF8, 0x0B, 0xF2, 0xCD, 0xFA, 0x42,
    0xB3, 0xC7, 0xA4, 0xB4, 0x4A, 0xC7, 0x4A, 0x8B, 0xD2, 0xBC, 0x93, 0x46, 0xE6, 0x1E, 0x9A, 0xE7,
    0x2C, 0xB2, 0x53, 0x15, 0x65, 0x47, 0x01, 0x93, 0x04, 0x2F, 0xEF, 0xCE, 0xD9, 0x5D, 0x9F, 0xB9,
    0xA5, 0x78, 0xDE, 0x26, 0x72, 0xFC, 0x08, 0xBF, 0x72, 0x89, 0x12, 0xBE, 0x47, 0xDC, 0x5B, 0xE0,
    0x52, 0x12, 0xEB, 0x9E, 0xCF, 0x0C, 0xC0, 0x9F, 0x60, 0xD2, 0xEC, 0x65, 0x9F, 0x36, 0x8F, 0x17,
    0x5F, 0x9A, 0x8A, 0xA6, 0xBB, 0x98, 0x2C, 0x07, 0xD2, 0xCD, 0x4C, 0x4B, 0x5E, 0xBA, 0x01, 0xB9,
    0xFA, 0xC2, 0x2F, 0xE7, 0x08, 0x3C, 0xE0, 0x11, 0x38, 0xF3, 0x08, 0x1C, 0x79, 0x04, 0x72, 0x01,
    0x89, 0x16, 0xCA, 0x1A, 0x2F, 0xC4, 0x42, 0xD1, 0xED, 0xDE, 0xAE, 0xF7, 0xEA, 0x9A, 0xAF, 0xCF,
    0x49, 0x62, 0xCF, 0xC1, 0x85, 0xDD, 0x8C, 0x0C, 0x89, 0x14, 0x0B, 0x5D, 0x1A, 0xF8, 0x0C, 0x9A,
    0x74, 0xAC, 0xED, 0x23, 0x64, 0x0B, 0x2E, 0xDB, 0x90, 0x79, 0x6F, 0x96, 0x3C, 0xBC, 0x34, 0x4B,
    0xF2, 0x4F, 0x7A, 0xA3, 0x1F, 0x01, 0xFE, 0x77, 0x10, 0xAF, 0xD1, 0x9A, 0xC5, 0xBB, 0x3E, 0x42,
    0x70, 0x88, 0x1E, 0xE1, 0x86, 0x81, 0x45, 0xAE, 0xC8, 0xFF, 0x93, 0x64, 0x9B, 0xAB, 0x0E, 0x58,
    0xD6, 0x4C, 0xEE, 0x93, 0x99, 0x96, 0xC1, 0xA6, 0xE5, 0x16, 0xC4, 0x94, 0x50, 0x27, 0x43, 0x53,
    0x08, 0xCA, 0x78, 0xAD, 0x9F, 0x35, 0xBB, 0xD5, 0x98, 0x81, 0xAA, 0x99, 0x01, 0xDA, 0x1D, 0xF3,
    0x4C, 0xF4, 0x9C, 0x01, 0x1F, 0x61, 0x86, 0xF8, 0x11, 0x6F, 0x95, 0x87, 0xA6, 0x37, 0x73, 0x12,
    0xAE, 0xF7, 0xE6, 0x9D, 0x35, 0x5C, 0xEB, 0xEE, 0x5A, 0x13, 0xFE, 0x3D, 0x2C, 0x75, 0xA0, 0xD5,
    0x7C, 0x35, 0x49, 0x72, 0x43, 0x3E, 0x8F, 0x28, 0xF9, 0x15, 0xEB, 0x37, 0x6C, 0xFA, 0xB9, 0x07,
    0xF5, 0x5B, 0x37, 0xFD, 0xFE, 0x56, 0x1E, 0x68, 0xFE, 0xCB, 0xF4, 0x20, 0x27, 0x1B, 0xA7, 0xE3,
    0xDE, 0xAB, 0xDD, 0x3D, 0x8F, 0x02, 0xE3, 0xE4, 0x85, 0x38, 0xF9, 0x5D, 0xB8, 0xEF, 0x58, 0xFF,
    0x5F, 0x82, 0xCB, 0x4F, 0x85, 0x01, 0x3F, 0xDB, 0xE0, 0x47, 0x54, 0xFC, 0x60, 0x8B, 0x6F, 0x7E,
    0x2F, 0xDE, 0xAF, 0x44, 0x4A, 0x36, 0xA6, 0x86, 0x72, 0xC0, 0x3A, 0x3C, 0x3A, 0x0F, 0x30, 0x87,
    0x01, 0xC0, 0x20, 0x58, 0x03, 0xCE, 0x4C, 0x59, 0xB1, 0x19, 0xBB, 0x6F, 0x8D, 0xC8, 0x10, 0x8E,
    0xF3, 0xD3, 0x96, 0x51, 0xEB, 0x54, 0xAF, 0x9C, 0xB5, 0xDE, 0xFA, 0xDB, 0x45, 0x37, 0xEC, 0xCC,
    0x23, 0x24, 0xD1, 0x2B, 0x78, 0x3A, 0xF1, 0xDE, 0x9A, 0x8D, 0xDD, 0x08, 0x7A, 0x2F, 0xCC, 0xC8,
    0xD3, 0xAB, 0xAC, 0x9A, 0xA6, 0xBB, 0xC2, 0xC3, 0x76, 0x1D, 0x6F, 0x21, 0x72, 0x6C, 0x7A, 0xD0,
    0x62, 0x1C, 0x68, 0x2E, 0x5D, 0xCC, 0xD8, 0xE9, 0x58, 0xBD, 0x38, 0x98, 0xA1, 0x18, 0x62, 0xBE,
    0xCE, 0xEF, 0xB5, 0xB6, 0x0E, 0xBC, 0xAB, 0x95, 0x13, 0x8F, 0x6E, 0xF5, 0x2B, 0x14, 0xA1, 0x16,
    0x54, 0x41, 0xE5, 0x43, 0x32, 0xC5, 0x42, 0x26, 0x04, 0x42, 0x1A, 0x44, 0x51, 0x8E, 0x0A, 0x99,
    0x31, 0x3D, 0xE6, 0xC6, 0xC4, 0x98, 0x15, 0x53, 0x4A, 0xF2, 0x5D, 0xD8, 0xA6, 0x97, 0xE3, 0x17,
    0x7C, 0x3A, 0x64, 0x73, 0x86, 0xC3, 0x81, 0x0B, 0xE3, 0x7B, 0x95, 0xCF, 0x7C, 0x65, 0x61, 0x77,
    0xE0, 0xC2, 0x57, 0xDF, 0x2F, 0xC9, 0x3F, 0x2E, 0xC5, 0x50, 0x47, 0xBD, 0xEB, 0xA6, 0x96, 0xEA,
    0xFA, 0x8C, 0xBD, 0x8B, 0xA9, 0xA8, 0xDF, 0x63, 0x87, 0xAC, 0x9C, 0x02, 0xA3, 0xAD, 0x7A, 0x95,
    0x26, 0xEB, 0x70, 0x67, 0x5B, 0xD5, 0xCE, 0x0B, 0x0E, 0xF3, 0x21, 0x99, 0x0B, 0x50, 0x3A, 0xC3,
    0x0C, 0x51, 0x72, 0xE9, 0x40, 0x21, 0x20, 0x96, 0xB2, 0x7B, 0x2D, 0x8C, 0x92, 0xFB, 0xDA, 0xE2,
    0x26, 0x0B, 0xC2, 0x29, 0x04, 0x12, 0x83, 0x5E, 0xD8, 0xB1, 0x5E, 0xE3, 0x98, 0xAD, 0x87, 0xCC,
    0x47, 0xCA, 0xEF, 0x5D, 0xC3, 0x5D, 0x39, 0x09, 0xAB, 0xE0, 0x64, 0x3B, 0x7F, 0x28, 0x82, 0xC5,
    0xFD, 0x7F, 0xA6, 0x50, 0xF4, 0xF0, 0xD6, 0x2F, 0xB1, 0x25, 0x82, 0x25, 0x68, 0xE4, 0x57, 0x8C,
    0xFB, 0x0A, 0xA9, 0x01, 0xDF, 0xE7, 0xF5, 0xB4, 0x88, 0x98, 0xAF, 0x3C, 0x51, 0xAE, 0xB1, 0x33,
    0x71, 0x60, 0x1C, 0xE2, 0x90, 0x25, 0x25, 0xE4, 0xE3, 0xE6, 0xD8, 0x40, 0x50, 0x9D, 0x39, 0x09,
    0xD2, 0x7E, 0xA7, 0xC9, 0x17, 0x16, 0x90, 0x13, 0x2E, 0x6F, 0x17, 0x98, 0x9E, 0xA5, 0x68, 0x20,
    0xE3, 0xE4, 0x26, 0xA4, 0xD9, 0x84, 0xB1, 0xFD, 0xAC, 0x1E, 0x74, 0x71, 0x5F, 0xCA, 0xFF, 0xC6,
    0x35, 0x52, 0x0E, 0x53, 0x64, 0x5A, 0x84, 0xD7, 0x58, 0x7A, 0x29, 0x30, 0x4A, 0x2D, 0xA2, 0xE6,
    0x8C, 0x17, 0x84, 0x53, 0x3A, 0xC5, 0x43, 0xBE, 0x40, 0x01, 0x81, 0x06, 0x5A, 0x50, 0x41, 0x07,
    0x81, 0x12, 0xD4, 0x82, 0x6A, 0x50, 0x0F, 0x2A, 0x42, 0x4D, 0xA8, 0x8A, 0x40, 0x17, 0x81, 0x32,
    0xD4, 0x46, 0xD5, 0xA1, 0x3E, 0x2C, 0xF2, 0x93, 0xAE, 0xC7, 0x3F, 0xB8, 0xE8, 0x13, 0xBD, 0x64,
    0x59, 0x02, 0x4F, 0xE0, 0x09, 0x30, 0x72, 0x1A, 0xCE, 0x0A, 0x35, 0xB0, 0xA7, 0xCA, 0x20, 0xC9,
    0xDC, 0x05, 0x9B, 0xAE, 0x03, 0xFF, 0x37, 0x86, 0xDA, 0x65, 0x8B, 0x44, 0x18, 0x21, 0x8B, 0xE5,
    0xF0, 0xD6, 0x79, 0xA8, 0x1B, 0x13, 0xE5, 0xC3, 0xD8, 0x2D, 0x22, 0xEB, 0x18, 0xC7, 0xCE, 0x82,
    0xD9, 0xE7, 0x08, 0x27, 0x45, 0x70, 0x8B, 0x04, 0xF2, 0x10, 0x36, 0x3C, 0xDD, 0x02, 0x9F, 0x9F,
    0x1C, 0x1A, 0x47, 0x50, 0x72, 0x3C, 0xF9, 0xF9, 0xA7, 0x6A, 0xF8, 0xD1, 0xFE, 0x82, 0xAF, 0xBA,
    0xBD, 0x07, 0x0C, 0x3F, 0xE6, 0x58, 0x0D, 0xE2, 0x60, 0x77, 0xE3, 0x2F, 0xBC, 0xDD, 0xF1, 0x31,
    0xF5, 0xE7, 0x1F, 0x7E, 0x25, 0x8A, 0x9A, 0xA4, 0xBB, 0x7A, 0xE3, 0x93, 0xD5, 0x9F, 0xD8, 0x97,
    0x48, 0x66, 0xC7, 0xD8, 0x74, 0xB9, 0x4F, 0xC7, 0xD4, 0x63, 0x25, 0x6C, 0x1B, 0x22, 0x99, 0x05,
    0x2B, 0xBC, 0x6B, 0x95, 0x58, 0x22, 0x93, 0x1C, 0x35, 0xFB, 0x1C, 0x7B, 0x23, 0xB5, 0xA2, 0x6E,
    0x71, 0xD5, 0x2F, 0x67, 0xF7, 0xB7, 0xF4, 0xC0, 0xDC, 0x9E, 0xBA, 0x2A, 0x27, 0x41, 0x6A, 0x4D,
    0x92, 0xDA, 0xD9, 0x65, 0x1D, 0xCB, 0x9C, 0x08, 0x93, 0x68, 0x1E, 0x64, 0x91, 0xFA, 0x7B, 0xC6,
    0xF9, 0xF2, 0x27, 0xAE, 0x0C, 0x8D, 0x99, 0xD1, 0xFB, 0x90, 0xC3, 0x73, 0xF1, 0xB9, 0xD2, 0x15,
    0x53, 0xDD, 0xE7, 0x63, 0x74, 0xFB, 0xE1, 0xF9, 0x7D, 0xDE, 0x7D, 0x7E, 0x08, 0x80, 0x04, 0x8A,
    0x90, 0x3D, 0x03, 0xAA, 0x83, 0x98, 0x05, 0x05, 0x92, 0x20, 0x0A, 0xB2, 0x20, 0x0C, 0xD2, 0x24,
    0x8A, 0x93, 0x28, 0x4F, 0xA2, 0x40, 0x31, 0x78, 0x5E, 0x33, 0x84, 0x1A, 0x82, 0xC5, 0x69, 0x8E,
    0x4F, 0x87, 0xD3, 0x22, 0x35, 0x8A, 0x91, 0x8F, 0x02, 0xDE, 0x7A, 0x01, 0x50, 0xE7, 0x6D, 0x05,
    0xDC, 0xF1, 0xAE, 0xC8, 0x9E, 0x8E, 0xCF, 0x50, 0x86, 0x8A, 0xA8, 0x1F, 0x4B, 0xB7, 0xDF, 0x23,
    0x66, 0x3E, 0xC2, 0x8F, 0x50, 0x50, 0x3F, 0xD8, 0x82, 0x0D, 0x5A, 0x34, 0x2B, 0x99, 0x97, 0x48,
    0x17, 0x31, 0x33, 0xEE, 0xE6, 0x23, 0xE8, 0xB6, 0x56, 0xD4, 0xBE, 0x78, 0xAB, 0x43, 0xB3, 0xDC,
    0xBC, 0x19, 0x26, 0x49, 0x9D, 0x59, 0x60, 0x76, 0xC7, 0xE3, 0x39, 0xB7, 0x48, 0xBA, 0x7A, 0x39,
    0x9F, 0x23, 0x71, 0x67, 0x5C, 0x8C, 0x94, 0x8E, 0xE6, 0x88, 0xC7, 0x7D, 0x3D, 0xB1, 0xEC, 0x6D,
    0x47, 0x31, 0xEF, 0x74, 0xA8, 0x19, 0xB3, 0x80, 0x9B, 0x3A, 0x73, 0x04, 0x6B, 0x3F, 0x9A, 0x1D,
    0x82, 0x70, 0x94, 0x83, 0xB4, 0xF0, 0xE3, 0x45, 0x83, 0xAB, 0xC7, 0xA2, 0x98, 0xDD, 0xE9, 0x88,
    0xEA, 0x2F, 0x82, 0x8D, 0x57, 0xE2, 0xB6, 0x0B, 0xC8, 0xE8, 0x61, 0x34, 0x3E, 0x5E, 0x8A, 0xDB,
    0x26, 0xF7, 0x2C, 0xBE, 0x32, 0x5F, 0xA0, 0x8A, 0x60, 0xA2, 0x5A, 0x91, 0xA5, 0x7A, 0x56, 0x90,
    0xDB, 0x7D, 0x85, 0x2D, 0xDE, 0x1A, 0xBA, 0xD6, 0xFF, 0x3A, 0xB3, 0x19, 0xAA, 0xB7, 0xE3, 0xE4,
    0x1F, 0x3E, 0x51, 0x42, 0xA9, 0x4F, 0x27, 0x14, 0xC4, 0xCB, 0x1C, 0x1F, 0xFF, 0xEF, 0xF6, 0xBE,
    0x06, 0xD4, 0x73, 0xEB, 0xCA, 0xEF, 0x4A, 0xCA, 0x58, 0x89, 0xC5, 0x46, 0x86, 0xBA, 0xCB, 0x26,
    0x66, 0xA3, 0x05, 0x0C, 0xA4, 0x24, 0x1E, 0xF1, 0x4D, 0x80, 0x37, 0x4F, 0x8A, 0x03, 0x0D, 0xB0,
    0x40, 0xDC, 0x92, 0xC9, 0x42, 0x0D, 0x4D, 0x81, 0x40, 0x5B, 0x02, 0xCC, 0x02, 0x01, 0x5C, 0x98,
    0x19, 0x29, 0x31, 0x10, 0xA0, 0x40, 0x86, 0x8F, 0x6C, 0xA1, 0x0B, 0xB5, 0x81, 0x5D, 0x4A, 0x26,
    0xC0, 0x2C, 0x60, 0xE8, 0xB4, 0x3C, 0x8F, 0x14, 0x1B, 0x08, 0x10, 0xC0, 0x22, 0x10, 0x02, 0x04,
    0x5A, 0x25, 0xEB, 0x40, 0x37, 0x2E, 0xCC, 0xB5, 0x2D, 0x13, 0xCD, 0xB3, 0xA4, 0xD3, 0xFF, 0xF9,
    0xFD, 0xAE, 0xF4, 0xEE, 0xBC, 0xFF, 0x7B, 0x99, 0x38, 0x6B, 0x3B, 0x4E, 0x36, 0x7F, 0xE6, 0x9D,
    0xDF, 0x99, 0x37, 0x1F, 0x4F, 0xBA, 0xF7, 0x9E, 0x7B, 0xCF, 0xF7, 0x0D, 0x26, 0x4D, 0x4A, 0x5F,
    0x2C, 0x36, 0x14, 0x38, 0xCD, 0x73, 0x55, 0x74, 0xB8, 0xA1, 0x40, 0x33, 0xA5, 0x05, 0x45, 0xF3,
    0x89, 0xCF, 0x12, 0x4C, 0x30, 0xBD, 0x3E, 0xA2, 0x76, 0xD7, 0x13, 0x45, 0x19, 0xCD, 0xE3, 0x8E,
    0x48, 0x5F, 0x69, 0x16, 0xC8, 0x23, 0x50, 0x03, 0xD5, 0x17, 0xB2, 0xD5, 0xA5, 0xF5, 0x5B, 0x0D,
    0xDA, 0x56, 0x74, 0x36, 0x42, 0x85, 0xE5, 0x93, 0xE3, 0xF3, 0xBE, 0x78, 0x75, 0x42, 0x16, 0x5F,
    0x0D, 0xA0, 0x23, 0xA3, 0x3D, 0x9E, 0x85, 0x51, 0x80, 0x66, 0x5E, 0xA5, 0x72, 0x58, 0xFE, 0xD6,
    0xBD, 0x5D, 0xCE, 0x39, 0x17, 0xEE, 0x3B, 0xE7, 0x16, 0x4C, 0x73, 0x75, 0xB6, 0x73, 0xEE, 0x83,
    0x6F, 0xBB, 0xBE, 0xFF, 0xA3, 0xFA, 0x14, 0x46, 0xF5, 0xEF, 0x3E, 0x76, 0x62, 0x3E, 0x81, 0xC6,
    0xA0, 0x49, 0x47, 0xEA, 0x99, 0x4F, 0xA5, 0x67, 0x3E, 0xE1, 0xF3, 0x88, 0xC3, 0x98, 0xF1, 0xD1,
    0xC6, 0xE4, 0xA2, 0x4C, 0x28, 0x6D, 0x23, 0x35, 0x99, 0xA7, 0x9A, 0x96, 0x81, 0x24, 0x57, 0x5B,
    0x91, 0xAF, 0x4C, 0xD6, 0x82, 0x07, 0x93, 0xE1, 0x9B, 0xF9, 0x1A, 0xD0, 0xD0, 0x85, 0x4B, 0xC6,
    0x38, 0xE6, 0xCE, 0xCA, 0x4C, 0x86, 0x51, 0xC4, 0x60, 0x04, 0x23, 0x6D, 0x64, 0x95, 0x09, 0xA5,
    0x8B, 0x7A, 0x65, 0xA2, 0xBB, 0x5D, 0xDA, 0x2A, 0x93, 0x3E, 0xD7, 0x65, 0xA5, 0x32, 0x79, 0xD6,
    0x1D, 0x1A, 0x65, 0x0E, 0xB2, 0xEE, 0x08, 0xCC, 0x98, 0xF5, 0x83, 0xBE, 0xDA, 0x1B, 0x36, 0xFB,
    0xFB, 0x5E, 0x99, 0x37, 0xDB, 0xEC, 0x35, 0x48, 0xA7, 0xD4, 0x99, 0x18, 0x30, 0x26, 0x9D, 0xDD,
    0x7C, 0xA6, 0x23, 0x18, 0xE6, 0x55, 0x62, 0x64, 0x31, 0x1A, 0x01, 0x5E, 0xFC, 0xF1, 0x5C, 0x75,
    0x8B, 0x60, 0x81, 0x0B, 0x2B, 0x94, 0xBF, 0xC0, 0x46, 0xD4, 0x30, 0xB0, 0x57, 0x05, 0x33, 0xA3,
    0x30, 0x30, 0x7C, 0xAE, 0x9B, 0x45, 0xE1, 0xC8, 0x08, 0xB4, 0x78, 0x6C, 0x20, 0xC1, 0x00, 0x80,
    0xCD, 0x54, 0xF4, 0x71, 0xB7, 0x83, 0xA6, 0x4F, 0x6B, 0x53, 0x04, 0x6F, 0xF7, 0xB9, 0x31, 0xC5,
    0xE7, 0x7E, 0x60, 0xAF, 0xED, 0xE0, 0x0B, 0x7F, 0x6E, 0xC7, 0x1D, 0xDC, 0x89, 0xDF, 0xD4, 0x35,
    0x3A, 0xC5, 0xA2, 0x8B, 0xD4, 0xC2, 0xC2, 0xCC, 0x5D, 0x52, 0x6F, 0x0D, 0xD3, 0x27, 0xB8, 0x7C,
    0x59, 0x97, 0x7D, 0xC4, 0x24, 0x96, 0xB0, 0x59, 0x6E, 0xB8, 0x6C, 0x11, 0x40, 0x0F, 0xC8, 0x3A,
    0xE5, 0x59, 0x58, 0x99, 0x11, 0xF2, 0x6F, 0x57, 0x3F, 0xFA, 0xD2, 0x68, 0x0A, 0xDD, 0xF0, 0x07,
    0x73, 0xA8, 0x60, 0x91, 0xC6, 0xBB, 0x03, 0x9D, 0x54, 0x7C, 0xC4, 0x81, 0x2C, 0x04, 0x61, 0x7E,
    0x72, 0xC6, 0x13, 0x35, 0x5A, 0x00, 0xCC, 0xB4, 0x21, 0x8C, 0x3E, 0xC4, 0x83, 0x02, 0x0C, 0x44,
    0x26, 0x37, 0x26, 0x23, 0xA0, 0xEA, 0x99, 0x2F, 0x5A, 0x22, 0x5D, 0xB4, 0x5F, 0x9D, 0x8E, 0xCE,
    0xEB, 0xE8, 0xDC, 0x8E, 0xAB, 0xDF, 0xD1, 0x48, 0x8F, 0x97, 0x80, 0xE7, 0x11, 0x82, 0xEC, 0x92,
    0xA3, 0x5F, 0x92, 0x5A, 0x05, 0xE1, 0xAE, 0x58, 0x95, 0x84, 0x21, 0x19, 0xB0, 0x5F, 0x47, 0x23,
    0x64, 0x21, 0x1A, 0x21, 0x0C, 0xD1, 0x80, 0x5D, 0x3B, 0xD2, 0x53, 0xE4, 0x8E, 0x49, 0x7A, 0xAD,
    0x83, 0x80, 0x71, 0xA0, 0x63, 0x5F, 0xE2, 0x14, 0x81, 0x42, 0xA8, 0xDA, 0xCB, 0xA3, 0xD0, 0xD5,
    0xFC, 0x4F, 0x8A, 0xD8, 0xA0, 0x0C, 0x8C, 0x03, 0x07, 0x8C, 0x9E, 0x20, 0xB9, 0x30, 0x10, 0x9E,
    0xFA, 0x45, 0x67, 0x1A, 0xC6, 0x4C, 0xC5, 0xE5, 0xAE, 0xE2, 0x55, 0x0B, 0x0C, 0x9D, 0xAA, 0xC5,
    0x9F, 0x01, 0xE7, 0x26, 0x23, 0x58, 0x56, 0x81, 0x0F, 0x67, 0xE7, 0x69, 0x41, 0xD0, 0xAC, 0x5D,
    0xB9, 0xA6, 0x26, 0x27, 0xE2, 0xC6, 0x25, 0x5E, 0x39, 0x24, 0x4C, 0xBA, 0xA7, 0x3A, 0x83, 0xCB,
    0xFA, 0x95, 0xCB, 0xBB, 0x95, 0x2B, 0xDA, 0x13, 0xCE, 0x78, 0x5C, 0x09, 0x8E, 0x45, 0x45, 0x51,
    0xC9, 0x80, 0xAF, 0xD5, 0x7C, 0x0D, 0x7D, 0xA9, 0x74, 0x09, 0x1A, 0xB5, 0x6E, 0xEE, 0x99, 0x18,
    0x61, 0x5D, 0xC4, 0x2A, 0x1B, 0x3C, 0x01, 0xDE, 0xE0, 0x8B, 0x00, 0x75, 0x97, 0xA1, 0x48, 0x3A,
    0x13, 0xFB, 0x29, 0x15, 0xFE, 0xE7, 0x26, 0x04, 0xBD, 0xC3, 0xC5, 0x20, 0x90, 0xAB, 0xA0, 0xEA,
    0x44, 0x00, 0xC9, 0x78, 0x3E, 0x9C, 0xD6, 0x5C, 0x18, 0x01, 0x04, 0xCB, 0xF6, 0x92, 0x26, 0x3E,
    0xFE, 0xAE, 0x08, 0xBC, 0x2D, 0xCC, 0x7B, 0x21, 0xF4, 0x80, 0x2D, 0x79, 0x5D, 0x75, 0x64, 0x78,
    0xC5, 0x4D, 0x84, 0xD2, 0x89, 0x2E, 0x2F, 0xE1, 0x3C, 0x5B, 0x4C, 0xA5, 0x6B, 0x68, 0xF0, 0xF3,
    0xD4, 0xB3, 0xDA, 0xBD, 0x29, 0xA0, 0x21, 0x30, 0xC7, 0x30, 0xBC, 0xCB, 0xFD, 0xEE, 0x15, 0x40,
    0xFA, 0x2D, 0xA6, 0x81, 0x26, 0x80, 0x4B, 0x84, 0x23, 0x26, 0x4F, 0x5A, 0xFA, 0x79, 0xF8, 0x18,
    0x1C, 0x09, 0x93, 0x12, 0xF2, 0xF4, 0x87, 0x0A, 0x97, 0xB2, 0xEF, 0xE9, 0x5E, 0x31, 0xE6, 0xAD,
    0xC6, 0xBB, 0x6D, 0xD1, 0x8A, 0xFE, 0xFD, 0xA2, 0xD6, 0xF5, 0xDE, 0x32, 0x58, 0x5B, 0x36, 0x18,
    0x5B, 0xF5, 0x22, 0xD6, 0x48, 0x88, 0xAF, 0x6A, 0xF8, 0x01, 0x2B, 0xAD, 0xEB, 0x9E, 0x4D, 0xD3,
    0xE6, 0xF2, 0xE4, 0x94, 0xC8, 0x58, 0xC9, 0xB3, 0x53, 0x46, 0x1D, 0xCE, 0x7B, 0xF4, 0x06, 0x54,
    0xBA, 0xED, 0x81, 0xE3, 0xFF, 0x8C, 0x33, 0x28, 0x56, 0xFA, 0x44, 0xA4, 0xF4, 0x2A, 0xCE, 0xF0,
    0x01, 0x59, 0x6D, 0x78, 0xB8, 0xE8, 0xEE, 0xDB, 0xBA, 0x55, 0xFE, 0xF9, 0x4F, 0x27, 0x7D, 0xCE,
    0x6E, 0x36, 0xE6, 0x20, 0xD5, 0xE7, 0x1B, 0xB3, 0x56, 0x4C, 0x60, 0xF3, 0xB6, 0x31, 0x51, 0x57,
    0xD4, 0x0D, 0x4C, 0x73, 0xA9, 0x1B, 0x5B, 0x44, 0xD2, 0x8B, 0x6D, 0x12, 0x96, 0x3A, 0x39, 0xB3,
    0x23, 0x03, 0x27, 0x86, 0x8B, 0x9D, 0x89, 0x84, 0x58, 0xA4, 0x11, 0x4F, 0xAE, 0x12, 0x7B, 0xA6,
    0xDB, 0x1D, 0xD2, 0xA2, 0x75, 0xDC, 0x61, 0xBE, 0x72, 0x57, 0x95, 0xC3, 0x24, 0x8F, 0x59, 0xC7,
    0x8C, 0xBB, 0xD0, 0xAE, 0xB9, 0xCC, 0x51, 0xB7, 0x72, 0x69, 0x8B, 0xF4, 0xC0, 0x2D, 0x01, 0x2F,
    0x26, 0xE7, 0x34, 0xF3, 0xA3, 0xE2, 0x9B, 0x03, 0xB7, 0xB1, 0xA1, 0xFA, 0xDC, 0x08, 0x2E, 0xB4,
    0x4D, 0x34, 0x21, 0x18, 0x14, 0xB7, 0xA2, 0x9C, 0xD6, 0xB5, 0xD7, 0xE0, 0x90, 0x92, 0xBA, 0x84,
    0xE4, 0x0E, 0x03, 0x35, 0x14, 0x95, 0x3B, 0x0A, 0x75, 0xB1, 0xE9, 0xC0, 0x0F, 0x5A, 0x4B, 0xAF,
    0x0F, 0x1F, 0xE9, 0xDC, 0x8A, 0x2E, 0xF6, 0xD4, 0x46, 0x43, 0x28, 0xE5, 0x6E, 0xB1, 0x37, 0x4B,
    0x62, 0x73, 0xE9, 0x45, 0x66, 0xD9, 0x71, 0xC5, 0x9A, 0x0D, 0x88, 0x25, 0x1E, 0x0F, 0x46, 0x97,
    0x78, 0x3A, 0x32, 0x23, 0x93, 0x45, 0x5B, 0xFF, 0x69, 0x02, 0x58, 0x9A, 0x30, 0xFD, 0x8C, 0x98,
    0x44, 0xBB, 0x20, 0xE3, 0xC8, 0x34, 0x0A, 0xB9, 0xC2, 0xBA, 0xC4, 0x6F, 0x1E, 0x2F, 0x4D, 0x99,
    0xD8, 0xF0, 0xF5, 0xA9, 0xD0, 0x9F, 0xFA, 0xD2, 0x54, 0xB4, 0x69, 0x9F, 0x3E, 0x3B, 0xE6, 0x6D,
    0xD6, 0x65, 0xD1, 0xA0, 0x6A, 0xED, 0x41, 0x64, 0x55, 0x6D, 0x9B, 0x54, 0xEF, 0x2D, 0x5E, 0x1A,
    0x93, 0x3E, 0xB3, 0xC5, 0x73, 0x73, 0xDA, 0x35, 0x73, 0x75, 0x65, 0x4E, 0x5B, 0x9A, 0xCE, 0xC2,
    0xBC, 0x1B, 0x22, 0xC7, 0x6B, 0x72, 0xA3, 0x6A, 0x39, 0xE2, 0xA9, 0x9B, 0x83, 0xC2, 0xC9, 0xF8,
    0xCC, 0x05, 0x15, 0x0E, 0x3C, 0x0C, 0xDC, 0xC1, 0x6E, 0xF3, 0x92, 0x3B, 0x0E, 0x2B, 0x70, 0xC2,
    0x65, 0x58, 0x33, 0x39, 0x5C, 0x0E, 0x2D, 0x46, 0x20, 0x1B, 0x9A, 0x98, 0x55, 0x23, 0xE2, 0x52,
    0x4C, 0x04, 0x15, 0xE5, 0x62, 0x90, 0xE2, 0x18, 0xCD, 0xC1, 0x8C, 0xA4, 0xCA, 0x29, 0x9C, 0x50,
    0x85, 0x33, 0x50, 0xC0, 0x33, 0x0E, 0xB0, 0x29, 0x3A, 0x62, 0xD3, 0xC6, 0x03, 0x06, 0x5C, 0xC7,
    0x50, 0xEA, 0x5C, 0xCB, 0xEB, 0xEB, 0x6A, 0x28, 0xE0, 0xCE, 0xF1, 0x9A, 0x2C, 0x70, 0xEE, 0x57,
    0x68, 0x2E, 0x5F, 0xFE, 0xB2, 0x4B, 0x6F, 0xA2, 0x2A, 0x32, 0x31, 0xB9, 0xD8, 0x42, 0x75, 0x4D,
    0x6B, 0x04, 0x67, 0x0E, 0xA1, 0x3C, 0xC9, 0xEC, 0x1E, 0x5E, 0x57, 0xD3, 0x72, 0xE5, 0x27, 0x48,
    0x32, 0xC9, 0x55, 0x3C, 0x33, 0x5B, 0xD4, 0x68, 0x03, 0x50, 0x94, 0xFA, 0x20, 0x35, 0x22, 0x60,
    0xB2, 0x23, 0x95, 0x6E, 0xD3, 0xA2, 0xAE, 0x02, 0x5D, 0x15, 0x45, 0x5B, 0xD9, 0x4C, 0xFA, 0x7C,
    0x6C, 0xEA, 0x42, 0xFA, 0x64, 0x84, 0x2C, 0x9C, 0x9C, 0x96, 0x75, 0x0E, 0x16, 0xD2, 0x00, 0xD6,
    0xD2, 0xE2, 0xB3, 0x1C, 0xEE, 0x86, 0x25, 0x83, 0xC5, 0x49, 0xCA, 0xE9, 0x44, 0x36, 0x40, 0x05,
    0x26, 0x58, 0x9E, 0xFF, 0x94, 0x89, 0xAA, 0xD6, 0xD1, 0xC7, 0x48, 0x16, 0x88, 0xBB, 0x73, 0xCB,
    0x7B, 0x63, 0x58, 0xD9, 0xE4, 0xED, 0x8E, 0xFB, 0x23, 0xE7, 0x79, 0x13, 0x0C, 0x71, 0xD9, 0xFE,
    0xD5, 0x0F, 0xA7, 0xCC, 0x52, 0x34, 0x24, 0x9A, 0x52, 0xB2, 0xE1, 0x1C, 0x4D, 0x09, 0x32, 0x6C,
    0x51, 0xF4, 0x10, 0x0F, 0x94, 0x8E, 0x21, 0x1E, 0xE2, 0x91, 0xD9, 0x80, 0x36, 0xB1, 0x8E, 0x2D,
    0x3A, 0xEC, 0xB3, 0xCA, 0x56, 0x2D, 0xF7, 0xDA, 0xAA, 0xD6, 0x03, 0xB6, 0x53, 0xB6, 0x29, 0x43,
    0x81, 0x8A, 0xA1, 0x32, 0x12, 0x6B, 0xC3, 0x9B, 0x68, 0x31, 0x2A, 0x24, 0x43, 0x22, 0x4B, 0x20,
    0x9D, 0xC8, 0x8C, 0xD1, 0x61, 0x94, 0x60, 0x95, 0x13, 0x1D, 0x98, 0xF9, 0x53, 0xE2, 0x8A, 0x1C,
    0xC5, 0x64, 0x3F, 0xBA, 0xFC, 0xA5, 0x81, 0x0A, 0x6C, 0xDC, 0xED, 0x10, 0x1E, 0x23, 0xDA, 0xFB,
    0x47, 0x4A, 0xCC, 0xEC, 0x4A, 0x2F, 0xAB, 0xA4, 0x05, 0x16, 0xCD, 0xFA, 0xCE, 0x93, 0x4A, 0x8C,
    0xBC, 0x76, 0x2C, 0x9A, 0x61, 0xA6, 0xF2, 0x58, 0xEB, 0xE3, 0xA6, 0x16, 0x42, 0x33, 0xA4, 0x3D,
    0xA4, 0xA6, 0x57, 0x69, 0xC9, 0xDB, 0xA2, 0xCD, 0xDA, 0x6C, 0xC7, 0x35, 0xB5, 0xFA, 0xFA, 0x8A,
    0xEF, 0x09, 0xB2, 0xB9, 0x8B, 0x6F, 0x4D, 0xB1, 0x8C, 0xF1, 0x52, 0x5D, 0xE9, 0x13, 0x99, 0x42,
    0x55, 0x45, 0xA0, 0x2B, 0x45, 0x3D, 0xD6, 0xDB, 0x78, 0x5D, 0x15, 0xA6, 0xEB, 0xC3, 0x16, 0x02,
    0xC9, 0x64, 0xE4, 0x02, 0x2C, 0x55, 0xA7, 0x29, 0x58, 0x3E, 0x60, 0xB7, 0x4E, 0x3E, 0xE8, 0xF0,
    0xD3, 0x2A, 0x6F, 0x4A, 0xC4, 0xA3, 0x39, 0xF8, 0xAB, 0xFA, 0xDE, 0x6C, 0x5D, 0x7A, 0x78, 0x50,
    0x52, 0x8A, 0x2E, 0x37, 0x2E, 0x29, 0xDB, 0x4B, 0xC6, 0x16, 0xA6, 0x9E, 0x79, 0x54, 0x48, 0xCB,
    0xAD, 0x72, 0x30, 0x99, 0xB0, 0xA4, 0x07, 0x63, 0x1E, 0x43, 0xB8, 0x18, 0xF9, 0x76, 0xE9, 0x3D,
    0xC6, 0x66, 0xFC, 0x44, 0x5F, 0x1D, 0xFE, 0xA2, 0x7F, 0x4C, 0x06, 0x93, 0x61, 0x75, 0xC6, 0x72,
    0xFC, 0xB9, 0x61, 0x4B, 0x3A, 0xB2, 0xE6, 0xBA, 0x9E, 0x0F, 0xA2, 0xE7, 0xC0, 0xCF, 0x5D, 0xD9,
    0xD2, 0x63, 0x93, 0x61, 0x1A, 0x57, 0x7A, 0xEF, 0x8A, 0x6A, 0xD3, 0x31, 0xB2, 0x74, 0x26, 0xB6,
    0xA6, 0xB9, 0x60, 0x78, 0xD6, 0xB9, 0x68, 0x7B, 0x78, 0x53, 0xC7, 0x02, 0x41, 0xA9, 0xEF, 0x9E,
    0x59, 0xD1, 0xD8, 0xF3, 0xB7, 0x3C, 0x18, 0x42, 0x29, 0xCD, 0xC7, 0x65, 0x62, 0x32, 0x55, 0x7E,
    0x8F, 0x45, 0x65, 0x5B, 0xCE, 0x64, 0xB2, 0x98, 0xE6, 0xAF, 0x84, 0x4B, 0xC3, 0x3C, 0xB4, 0x94,
    0xCE, 0x41, 0x5F, 0x2C, 0x81, 0x88, 0x91, 0xA9, 0x5A, 0x42, 0x20, 0x96, 0x5A, 0x20, 0x65, 0x04,
    0xB3, 0x7A, 0xD9, 0x0A, 0x3C, 0xA3, 0x91, 0x98, 0x30, 0xC2, 0x09, 0x57, 0x79, 0xA9, 0x49, 0x9D,
    0x0C, 0xD5, 0x28, 0x8A, 0x2B, 0x7C, 0x5A, 0x88, 0xAA, 0x82, 0x77, 0x3B, 0xA4, 0x46, 0x9E, 0xE9,
    0x02, 0x5F, 0x13, 0xE5, 0x04, 0xFB, 0xD4, 0x18, 0xCD, 0x3A, 0x63, 0xF1, 0x70, 0x65, 0xD0, 0xB9,
    0x11, 0xCE, 0xD8, 0xC7, 0x45, 0xE8, 0x56, 0xE1, 0xE4, 0xBA, 0x97, 0xE4, 0x7B, 0x12, 0x5B, 0x62,
    0xE1, 0xB0, 0x21, 0x32, 0xA6, 0xCC, 0xBC, 0x4A, 0xBF, 0x1C, 0xDF, 0xD9, 0xD9, 0xED, 0x09, 0x8D,
    0x41, 0x93, 0x5A, 0x69, 0x4A, 0x5A, 0xEA, 0x9A, 0xCA, 0xCC, 0x0D, 0xED, 0x41, 0x12, 0x8F, 0xD5,
    0x64, 0x8A, 0x74, 0xFA, 0x67, 0x93, 0x39, 0x8C, 0xF4, 0x30, 0xBB, 0x66, 0x96, 0x48, 0xE5, 0xE5,
    0x7A, 0x34, 0x1A, 0xFD, 0xDE, 0xB0, 0xA3, 0x17, 0x13, 0x6B, 0x46, 0xA5, 0xC1, 0x68, 0x9E, 0x48,
    0x6D, 0x38, 0x98, 0x03, 0x38, 0xB9, 0x0F, 0x32, 0x35, 0x29, 0x9E, 0x81, 0xAF, 0xDA, 0xE6, 0x6D,
    0xD2, 0x07, 0x36, 0xEF, 0xD2, 0x2E, 0x6A, 0xF3, 0x3E, 0x6D, 0xD3, 0x3A, 0xB5, 0x59, 0x7B, 0xDD,
    0xA4, 0xBB, 0xED, 0x71, 0x34, 0x11, 0x6B, 0xB5, 0x1A, 0x3C, 0x77, 0xD0, 0x94, 0xF4, 0xD5, 0xBE,
    0x93, 0x6C, 0xD0, 0xB3, 0xEB, 0xAF, 0x98, 0x8F, 0x86, 0xE0, 0x8F, 0x89, 0xD6, 0xFA, 0x2B, 0xB4,
    0x5B, 0x40, 0x8E, 0xDF, 0x04, 0x6F, 0xD0, 0x84, 0x40, 0xE3, 0x9C, 0x83, 0x16, 0x90, 0x77, 0x47,
    0x75, 0x57, 0x04, 0x8D, 0xC6, 0x02, 0xBB, 0xBC, 0xF2, 0xB1, 0x55, 0x0A, 0xEF, 0x3E, 0xDD, 0x3F,
    0xB4, 0xD7, 0x39, 0xF5, 0xE1, 0xF9, 0xF5, 0x57, 0xFB, 0xB9, 0x12, 0x85, 0xCB, 0x95, 0x80, 0x57,
    0xA4, 0xD5, 0xFF, 0x4C, 0xAD, 0xD0, 0xE2, 0xF2, 0x2E, 0x37, 0xA3, 0xD2, 0xCD, 0xB5, 0xB9, 0x79,
    0xB3, 0xA9, 0xEF, 0xA8, 0xC1, 0xAB, 0xC4, 0xEC, 0xC8, 0x1D, 0xE6, 0x7C, 0x15, 0x34, 0xB5, 0x93,
    0xFD, 0x5C, 0x09, 0xF6, 0xEB, 0x2A, 0xA0, 0x23, 0x77, 0x85, 0xE8, 0x8E, 0x69, 0x71, 0x08, 0x48,
    0xAF, 0x90, 0xBC, 0xC2, 0xE2, 0x23, 0x0E, 0xE9, 0x45, 0xEA, 0x4E, 0x07, 0x86, 0x1D, 0xAC, 0xE8,
    0x96, 0xB2, 0x3C, 0x9E, 0x7B, 0x40, 0xD4, 0x02, 0x12, 0xAF, 0x81, 0x47, 0xDE, 0x5D, 0xA4, 0xFD,
    0x76, 0xC0, 0x05, 0x79, 0x1B, 0x60, 0x2D, 0xE0, 0x8D, 0xDE, 0xD0, 0x90, 0x05, 0xBC, 0x5D, 0xD3,
    0x19, 0xE8, 0xB7, 0x7C, 0x88, 0x26, 0xC2, 0x78, 0x5F, 0xA4, 0x8C, 0x5E, 0x92, 0x9D, 0xC7, 0xEC,
    0x5F, 0xE0, 0xEF, 0xE9, 0x6E, 0xAE, 0x1E, 0xA5, 0x8B, 0x4D, 0x99, 0x34, 0xED, 0xD7, 0x8A, 0x3A,
    0x7B, 0xC8, 0xFC, 0x59, 0x51, 0x5F, 0xC2, 0xC3, 0x3C, 0x83, 0x67, 0xB1, 0x4A, 0xBF, 0x87, 0xAD,
    0xD2, 0xF7, 0x81, 0xFC, 0xC0, 0x28, 0xFD, 0xDF, 0xA0, 0xFF, 0x0F, 0x74, 0x3C, 0x5D, 0xA9, 0x90,
    0x78, 0x4B, 0x9E, 0xD6, 0x73, 0x3C, 0xE4, 0x2D, 0x1E, 0x8D, 0x15, 0x31, 0x33, 0x15, 0xEF, 0x8A,
    0xCF, 0x98, 0xD5, 0x13, 0x05, 0x85, 0x5E, 0xA8, 0xF2, 0x82, 0x39, 0xF5, 0x41, 0x0D, 0x70, 0xDE,
    0xB3, 0x76, 0x71, 0x48, 0x19, 0x51, 0x88, 0xF5, 0xC8, 0xEF, 0x9F, 0x82, 0x72, 0x58, 0xF3, 0x34,
    0x31, 0x80, 0x6B, 0x84, 0x09, 0xE7, 0x6D, 0x30, 0xC0, 0xA5, 0xED, 0x54, 0xA5, 0xB8, 0x73, 0xC7,
    0x32, 0x20, 0x2B, 0x01, 0x85, 0x01, 0x5C, 0xA3, 0x44, 0x4C, 0x80, 0xCF, 0x0E, 0x0A, 0xD5, 0xE7,
    0x58, 0x92, 0xFE, 0xCD, 0x0E, 0xF0, 0xAD, 0x96, 0x50, 0x02, 0xEE, 0x72, 0x1F, 0x98, 0x09, 0x13,
    0x20, 0x1B, 0x08, 0x16, 0x90, 0x76, 0x80, 0xE2, 0xEB, 0x33, 0x26, 0x55, 0x30, 0x4A, 0xA8, 0x35,
    0x1C, 0x20, 0x0F, 0x13, 0xDC, 0x2F, 0x87, 0x88, 0x36, 0x5C, 0xD8, 0x3C, 0x2C, 0x9C, 0xAD, 0x42,
    0x75, 0xE5, 0x29, 0xD7, 0xB7, 0x5A, 0xF4, 0x6D, 0xEE, 0x5C, 0xD5, 0x3E, 0x18, 0x03, 0xB3, 0x61,
    0x50, 0x4C, 0xD2, 0x2A, 0x4D, 0x6B, 0xBC, 0x88, 0x51, 0x7A, 0x88, 0xE7, 0xBF, 0x8A, 0x8C, 0x7F,
    0x1D, 0xD7, 0xE2, 0x49, 0x0B, 0xFF, 0x53, 0x8F, 0x57, 0x68, 0x95, 0xBE, 0x82, 0x55, 0xF6, 0x7F,
    0x8C, 0xD2, 0x05, 0x4F, 0x4A, 0x2F, 0xB2, 0x77, 0xBC, 0xED, 0x0D, 0xBE, 0x89, 0x65, 0x5C, 0xD9,
    0xCA, 0x25, 0x04, 0x63, 0xF7, 0xC7, 0x29, 0xCA, 0xF9, 0x4F, 0x46, 0x70, 0xF0, 0x13, 0x4F, 0xDB,
    0x3E, 0x19, 0x2E, 0x64, 0xC5, 0x9D, 0x85, 0x41, 0x8D, 0x15, 0x2A, 0xF9, 0xB4, 0xDA, 0x7C, 0xF2,
    0xD8, 0x6C, 0xB2, 0x31, 0x01, 0x1B, 0x2C, 0x26, 0x19, 0xF1, 0x24, 0x82, 0xBA, 0x99, 0xCC, 0x3A,
    0x36, 0x1C, 0x73, 0x8B, 0xFF, 0xA1, 0x31, 0xE1, 0x50, 0xF4, 0x38, 0x34, 0xAB, 0x32, 0xB2, 0x45,
    0x07, 0xB6, 0xA8, 0xA3, 0x5E, 0x59, 0x3D, 0xC4, 0xDB, 0xB8, 0x63, 0x45, 0x27, 0xC4, 0x5D, 0xD9,
    0x64, 0xD2, 0x36, 0x7C, 0xA5, 0xB2, 0x28, 0x98, 0xCD, 0x8D, 0xB2, 0x99, 0x46, 0x1C, 0x2E, 0xE9,
    0xE1, 0xAA, 0x5F, 0x89, 0x3D, 0x32, 0x59, 0x8F, 0x47, 0x8E, 0xAD, 0x9E, 0x2D, 0x78, 0xDC, 0xE8,
    0xCD, 0x7E, 0x4D, 0x5F, 0x8E, 0x04, 0x2F, 0x93, 0x5B, 0x65, 0x4B, 0xD7, 0x08, 0x85, 0xAF, 0x97,
    0x71, 0xF7, 0x99, 0x60, 0x1E, 0x97, 0x5E, 0x84, 0x1A, 0xDE, 0xB5, 0xB3, 0x4A, 0x27, 0x0A, 0x82,
    0xDF, 0xA4, 0x08, 0x4E, 0x27, 0x7E, 0xC2, 0xCF, 0xB2, 0x95, 0x11, 0x95, 0x41, 0x20, 0x46, 0xFB,
    0x55, 0x17, 0x03, 0xA8, 0xE9, 0x16, 0x8D, 0x65, 0x8E, 0x05, 0xEF, 0x79, 0x2C, 0xFF, 0x52, 0xCA,
    0x68, 0x31, 0x1A, 0x12, 0xD3, 0x20, 0x6E, 0x38, 0xB3, 0xDF, 0x40, 0x13, 0xEB, 0x28, 0xE7, 0x1A,
    0xE3, 0xB1, 0x2C, 0x24, 0x78, 0x31, 0x53, 0x46, 0xE3, 0xDB, 0xB9, 0xAB, 0x3A, 0x98, 0x8A, 0x16,
    0x4C, 0x30, 0x80, 0x49, 0x6C, 0x68, 0x2B, 0x65, 0xA2, 0x21, 0xEA, 0xAB, 0x5A, 0x0F, 0xD1, 0x31,
    0x69, 0x9B, 0x1A, 0x8A, 0x61, 0x5A, 0x56, 0x35, 0xF2, 0xC9, 0x73, 0xE4, 0x8D, 0xD7, 0xC1, 0x74,
    0xC9, 0xF9, 0x18, 0xE6, 0xD1, 0x14, 0xB0, 0xD6, 0x45, 0x47, 0x55, 0x97, 0x42, 0xD3, 0x69, 0xC8,
    0xB4, 0x83, 0x9E, 0x10, 0x30, 0xF9, 0x6A, 0x6D, 0xB8, 0x70, 0xCD, 0x6F, 0x56, 0xE3, 0xEF, 0x4F,
    0x90, 0x16, 0x2F, 0x35, 0x87, 0xE3, 0x0B, 0x59, 0xB8, 0x32, 0x92, 0xD9, 0xFA, 0xC6, 0xB0, 0x9E,
    0x8E, 0x1F, 0xCF, 0x95, 0x9D, 0xF0, 0xF4, 0x6A, 0xF0, 0xD7, 0x72, 0x5A, 0xEE, 0x72, 0x77, 0x91,
    0x52, 0x8F, 0x7D, 0x5D, 0x23, 0xD9, 0xE0, 0x4A, 0x2F, 0x30, 0xE0, 0xBA, 0x94, 0x63, 0x55, 0x14,
    0x71, 0x64, 0xCD, 0x80, 0x64, 0x02, 0xA4, 0x23, 0x20, 0xB3, 0x80, 0x5C, 0x21, 0x9E, 0xB0, 0xDE,
    0x93, 0xA9, 0xE8, 0xB0, 0xE6, 0x09, 0x03, 0xF3, 0x8E, 0x2D, 0xA0, 0x70, 0xD0, 0x01, 0x9A, 0x36,
    0xEF, 0xB0, 0x6C, 0xB3, 0x1E, 0x8B, 0x13, 0x3A, 0xBB, 0xAE, 0xA7, 0x87, 0xEA, 0xA2, 0x37, 0x81,
    0x5C, 0x79, 0x03, 0xFE, 0x24, 0x3E, 0x66, 0xE2, 0x8A, 0x52, 0x1A, 0xEB, 0x2B, 0x1B, 0x17, 0xF6,
    0x5F, 0x12, 0x2A, 0x27, 0x1B, 0xB2, 0xD1, 0x37, 0x51, 0xFD, 0xF8, 0x2D, 0xA1, 0x4B, 0xB6, 0xA4,
    0x7A, 0x9F, 0x8C, 0x4A, 0x59, 0x60, 0x97, 0xF7, 0x4A, 0x8B, 0xF6, 0x84, 0x56, 0xA4, 0xB5, 0xEA,
    0xA2, 0xAA, 0x8D, 0x8A, 0x4E, 0x2B, 0xDC, 0x14, 0xF0, 0x4F, 0xB5, 0xBA, 0xE4, 0xF3, 0xEE, 0x11,
    0x5D, 0x2A, 0x6F, 0x4C, 0x0D, 0x12, 0x18, 0xA9, 0xE4, 0xF2, 0xE5, 0xB7, 0x20, 0x02, 0x3F, 0xCC,
    0x1E, 0x77, 0x4C, 0xB3, 0x94, 0x6E, 0xB1, 0x0A, 0xB9, 0xA8, 0xCD, 0xB8, 0x5D, 0x24, 0x9F, 0xED,
    0x1B, 0xE3, 0x1F, 0x4A, 0x10, 0xD1, 0x53, 0x99, 0x1E, 0xC6, 0x3A, 0xCC, 0x5A, 0x22, 0x32, 0x04,
    0xFD, 0x4F, 0xB5, 0x30, 0xC3, 0x2B, 0x42, 0x77, 0x4F, 0x98, 0x7A, 0x79, 0xD7, 0xB4, 0x0D, 0xDE,
    0xB7, 0x13, 0x2E, 0xC7, 0xA4, 0x3D, 0xA2, 0xF3, 0xE8, 0x21, 0xF3, 0x49, 0x3A, 0x93, 0xE8, 0x2B,
    0xA3, 0x84, 0xB1, 0xB3, 0x29, 0x19, 0xE7, 0x96, 0xCB, 0xB1, 0x7B, 0x90, 0x69, 0x1D, 0x53, 0x91,
    0x29, 0xBA, 0x66, 0x63, 0x6A, 0x32, 0xAD, 0x94, 0x60, 0x9A, 0x95, 0x91, 0x5A, 0x0C, 0x99, 0x92,
    0x4C, 0x20, 0x6B, 0xBB, 0xB5, 0xC5, 0x31, 0x31, 0x9C, 0x7C, 0x17, 0x30, 0xFD, 0x15, 0xCA, 0x68,
    0x73, 0xAB, 0x5B, 0x65, 0xD3, 0xE9, 0xAF, 0xFC, 0xDE, 0x63, 0x72, 0x2F, 0xA6, 0x5F, 0xF4, 0x67,
    0x70, 0xBD, 0xA9, 0xC8, 0x54, 0xD2, 0x53, 0x64, 0x56, 0xEF, 0x5B, 0x3E, 0x00, 0xB8, 0x4E, 0xA2,
    0x63, 0xC1, 0xEA, 0xAD, 0x63, 0xD1, 0x70, 0x5C, 0x34, 0x7C, 0xDC, 0x1B, 0xD3, 0xD0, 0x8D, 0xE8,
    0xC0, 0xDF, 0xB9, 0xB7, 0x2C, 0xCD, 0xDE, 0xE7, 0x3F, 0x22, 0x97, 0x45, 0x8D, 0x60, 0xA9, 0x4D,
    0xF5, 0xDA, 0xD0, 0xDC, 0xEA, 0x83, 0x25, 0x1C, 0xA7, 0x68, 0x88, 0xA6, 0xD0, 0x8E, 0xEA, 0x4E,
    0x0D, 0x6E, 0x7C, 0x2D, 0x84, 0xB5, 0xA9, 0x35, 0xF4, 0x1D, 0x00, 0x83, 0x14, 0x6D, 0x50, 0x03,
    0xAA, 0xF2, 0x04, 0xE2, 0xB1, 0xA1, 0xFB, 0x1C, 0x90, 0xDA, 0x0A, 0xA0, 0x31, 0x2A, 0xD5, 0xC2,
    0x90, 0x4B, 0x54, 0xD5, 0x39, 0xB2, 0x82, 0x74, 0x0D, 0x6B, 0xC7, 0x8C, 0x50, 0x46, 0x8D, 0x75,
    0x6B, 0xA9, 0x06, 0x5F, 0x77, 0xFD, 0x20, 0x56, 0xB8, 0x32, 0x3D, 0x15, 0xEC, 0x4F, 0x47, 0x9C,
    0x94, 0xFA, 0xD1, 0xA0, 0x04, 0xF3, 0x87, 0x10, 0xC5, 0x2E, 0xC4, 0x77, 0xF3, 0xE6, 0x77, 0x78,
    0x40, 0xA3, 0x84, 0xF7, 0xE9, 0x1F, 0xE9, 0x5A, 0xF8, 0x4C, 0x54, 0xFE, 0xA5, 0x3F, 0x42, 0x1F,
    0xD0, 0x60, 0xC6, 0xFA, 0x68, 0x58, 0xD3, 0x19, 0xB5, 0xBC, 0x2E, 0x9D, 0x74, 0x22, 0xA3, 0xD9,
    0x64, 0x56, 0x69, 0x81, 0x38, 0x98, 0xD4, 0x26, 0xE8, 0x69, 0x33, 0x47, 0x6E, 0x48, 0x4E, 0x6B,
    0xA0, 0x39, 0x68, 0xD1, 0x83, 0x76, 0x1E, 0x6D, 0xCF, 0xA1, 0x9D, 0xFB, 0x57, 0x9B, 0x1E, 0x14,
    0xD3, 0xFC, 0xE1, 0x61, 0xD3, 0x08, 0x66, 0x47, 0xE8, 0x36, 0x06, 0xBD, 0xAF, 0x93, 0xC0, 0xDE,
    0xFF, 0xDD, 0xB4, 0x5E, 0xA3, 0x02, 0xD9, 0xCA, 0x6B, 0x90, 0xF1, 0x79, 0x2C, 0xBA, 0xD8, 0xD0,
    0x90, 0x05, 0x23, 0x90, 0x6A, 0xBB, 0x8F, 0x8F, 0x6E, 0x59, 0xEE, 0x7C, 0x18, 0xFE, 0x3F, 0x15,
    0x48, 0x4D, 0x9F, 0x01, 0x39, 0x7E, 0x8F, 0x36, 0x79, 0x8F, 0xB7, 0x0E, 0xE1, 0x26, 0xC2, 0xD6,
    0xAB, 0x0E, 0x84, 0xB3, 0x3A, 0xB7, 0x8E, 0x20, 0xA7, 0x9B, 0xA5, 0x62, 0xB8, 0x21, 0xB2, 0xAE,
    0x4E, 0x06, 0x99, 0xDA, 0x48, 0x67, 0x4A, 0x97, 0x4A, 0xA7, 0x62, 0x5E, 0x95, 0xDA, 0x48, 0x6A,
    0x67, 0x52, 0xA5, 0xDF, 0x47, 0xBC, 0xE3, 0xC5, 0x4F, 0x98, 0xCA, 0x7C, 0xB8, 0xE8, 0x74, 0xFF,
    0x5D, 0xE0, 0x5D, 0x80, 0x9A, 0x39, 0x42, 0x19, 0x2A, 0x77, 0x1C, 0x5C, 0x65, 0x09, 0x12, 0x09,
    0x2D, 0x1F, 0x85, 0x21, 0xAB, 0xDE, 0x9B, 0x6A, 0x0B, 0x83, 0x4F, 0x64, 0x6C, 0xB4, 0x27, 0x9C,
    0xDB, 0xEB, 0x91, 0x9B, 0x92, 0x49, 0xFB, 0x98, 0x88, 0x95, 0x25, 0xB2, 0xC2, 0xF2, 0x77, 0xA8,
    0x0F, 0x4D, 0xB9, 0x68, 0x37, 0x30, 0x67, 0x5A, 0xE4, 0x75, 0xD1, 0x25, 0x5D, 0xD4, 0x66, 0x30,
    0x58, 0xE2, 0x45, 0xDB, 0xDE, 0xDE, 0x33, 0x87, 0xB7, 0xC4, 0xBE, 0x60, 0x1A, 0xFB, 0xBC, 0xE6,
    0x14, 0x7A, 0x7B, 0x26, 0x3E, 0xB2, 0xF8, 0x9B, 0xCA, 0x09, 0x4F, 0xCB, 0x8B, 0x7C, 0x1D, 0x81,
    0x3F, 0xF7, 0x13, 0x4A, 0xAB, 0x80, 0x4D, 0x37, 0x15, 0x2E, 0x37, 0xB4, 0x17, 0xB8, 0x39, 0xE1,
    0x29, 0xBF, 0x8B, 0xDE, 0x77, 0xB0, 0xDA, 0x9E, 0x31, 0xA3, 0xBE, 0x14, 0x5E, 0xEB, 0x2B, 0xE6,
    0x71, 0xF3, 0xAE, 0x7D, 0x10, 0xAD, 0x62, 0x4A, 0x50, 0x22, 0x1D, 0xD9, 0x58, 0xB7, 0x70, 0x4B,
    0x3E, 0x95, 0xE1, 0x30, 0x18, 0xC9, 0xE7, 0x66, 0x3A, 0x58, 0x33, 0x2A, 0xC1, 0xBC, 0x17, 0x9F,
    0x9B, 0xA0, 0xC1, 0xFF, 0x34, 0x2E, 0x77, 0x8C, 0x99, 0x18, 0x0C, 0xA1, 0xB9, 0xD5, 0x70, 0xC8,
    0x14, 0xAA, 0x6B, 0xC1, 0xB0, 0x3D, 0xC7, 0x6D, 0x46, 0x97, 0xCF, 0xFF, 0x14, 0xE7, 0xCC, 0xDD,
    0xD2, 0x94, 0x0F, 0x9C, 0x3B, 0xBF, 0x33, 0xA2, 0xDF, 0xF4, 0x14, 0x8B, 0x67, 0x5F, 0x23, 0x37,
    0x99, 0xC7, 0x17, 0xB5, 0x63, 0x7A, 0x4F, 0x13, 0x65, 0x9B, 0x15, 0x7E, 0x26, 0xFA, 0x4D, 0x72,
    0xBA, 0x4B, 0xB6, 0xF5, 0x60, 0x2A, 0xF0, 0xD5, 0xB4, 0x6D, 0x05, 0x21, 0x47, 0x23, 0x03, 0x15,
    0xEF, 0x87, 0x7E, 0x06, 0x7C, 0xFC, 0xAE, 0x8C, 0xFE, 0x57, 0x08, 0x10, 0xA0, 0x8A, 0x6A, 0x31,
    0x0B, 0x5A, 0xA5, 0x75, 0xFC, 0x62, 0xE2, 0x8D, 0x97, 0xCE, 0xE4, 0xE4, 0x99, 0x33, 0xB3, 0x0D,
    0x59, 0xF9, 0x6E, 0x3C, 0xCB, 0x87, 0x3C, 0xFE, 0x13, 0xA0, 0x11, 0x33, 0xCB, 0x9D, 0x6D, 0xEC,
    0x79, 0x40, 0xC7, 0x6D, 0x94, 0x18, 0x55, 0x72, 0x2D, 0x9B, 0xD9, 0x35, 0x82, 0x5B, 0x55, 0x89,
    0x08, 0xF6, 0xAA, 0x6C, 0xE2, 0xB9, 0x37, 0xBE, 0x66, 0xDE, 0xBF, 0x6F, 0x2D, 0x80, 0x27, 0xE0,
    0x73, 0xDD, 0xE3, 0x8F, 0xCE, 0xD0, 0x12, 0x38, 0x08, 0xEB, 0xF7, 0x12, 0x2A, 0x6A, 0x76, 0x4D,
    0x81, 0xB1, 0xE6, 0x88, 0xCC, 0x80, 0x87, 0xA1, 0xCE, 0x79, 0xB6, 0xF1, 0xE1, 0x07, 0x8E, 0xD1,
    0x5C, 0x25, 0x73, 0x0C, 0x62, 0x07, 0x2C, 0x59, 0xA2, 0xD6, 0x4D, 0x5F, 0x10, 0x19, 0x59, 0xC7,
    0x42, 0x60, 0x4B, 0x93, 0x49, 0x05, 0x01, 0x63, 0x66, 0xB3, 0x21, 0x5A, 0x30, 0x2F, 0xDC, 0xC9,
    0xE3, 0x9F, 0x39, 0x26, 0x7B, 0x76, 0x26, 0xF3, 0x22, 0x5D, 0xB7, 0x63, 0x38, 0x80, 0xD1, 0x36,
    0x7B, 0xF1, 0x48, 0x0F, 0x83, 0x49, 0x06, 0x30, 0xF4, 0x92, 0xED, 0x52, 0xDC, 0x7A, 0x32, 0xB9,
    0xD4, 0x64, 0x8A, 0xD9, 0x2D, 0xCB, 0x82, 0x11, 0x03, 0x3E, 0x13, 0xCF, 0x9D, 0x7A, 0x7B, 0x52,
    0x3E, 0x36, 0xA2, 0xDE, 0xD2, 0x22, 0x3E, 0xCC, 0x4A, 0x6D, 0x41, 0x9B, 0x33, 0x59, 0xC7, 0x3D,
    0x73, 0x68, 0x0E, 0x4F, 0x0F, 0x77, 0x30, 0x9E, 0xB6, 0xF1, 0x92, 0xFE, 0xB4, 0xC4, 0x15, 0xFE,
    0x8E, 0xFB, 0x51, 0x15, 0x90, 0x4B, 0xFA, 0x87, 0xA3, 0xC9, 0xBA, 0xA4, 0x37, 0xA9, 0xC0, 0x23,
    0x3D, 0xA2, 0xCA, 0xD2, 0xFB, 0x68, 0x2E, 0xE3, 0x78, 0x4B, 0xBB, 0x68, 0xA0, 0x96, 0x18, 0xFE,
    0x40, 0x34, 0xE8, 0x8F, 0x55, 0x33, 0x42, 0x0F, 0x7E, 0xB8, 0x26, 0xA1, 0xA6, 0xA5, 0x28, 0xD9,
    0xD4, 0x93, 0x37, 0x57, 0xED, 0x0F, 0x56, 0x42, 0x51, 0xC3, 0x89, 0x10, 0x2B, 0xF9, 0xA3, 0xC5,
    0x34, 0xE5, 0x67, 0x16, 0x53, 0xBD, 0x64, 0xE5, 0x23, 0x85, 0xB4, 0x22, 0xE9, 0x62, 0x8A, 0x39,
    0x78, 0xCA, 0x5C, 0xB8, 0xBA, 0xEA, 0xD1, 0x38, 0x88, 0xA2, 0x33, 0xD2, 0x45, 0x17, 0xC3, 0xCC,
    0x62, 0x8C, 0xE3, 0xF9, 0xAD, 0x85, 0x0A, 0x16, 0x4A, 0x83, 0x6E, 0x0E, 0x57, 0x4E, 0x36, 0x66,
    0xFA, 0xB4, 0xAB, 0x95, 0x21, 0x80, 0xC4, 0x95, 0xDC, 0x07, 0xD2, 0xC2, 0xD5, 0x6A, 0x95, 0xD2,
    0xEB, 0x9D, 0x0E, 0x08, 0xF5, 0xA8, 0xE9, 0xAD, 0xFC, 0x09, 0xB5, 0xD0, 0x6B, 0x7B, 0x9D, 0xBF,
    0xA6, 0xD5, 0x14, 0x3D, 0x31, 0x57, 0x10, 0x2B, 0xD8, 0x7A, 0x97, 0xDF, 0xDF, 0x99, 0xBD, 0xF4,
    0x3B, 0xAF, 0xC3, 0xB1, 0x01, 0x72, 0xBE, 0x1E, 0x71, 0x7C, 0xB3, 0x66, 0x4D, 0x7A, 0x7A, 0xFC,
    0xB4, 0xE0, 0xE7, 0x71, 0x98, 0x33, 0xDD, 0x5B, 0x48, 0x30, 0xEA, 0xF8, 0x03, 0x0D, 0x02, 0x46,
    0x72, 0xCB, 0xE5, 0x13, 0xD0, 0x98, 0x49, 0x31, 0x0A, 0x88, 0x60, 0xD0, 0x4E, 0xBE, 0x32, 0x60,
    0x98, 0x62, 0xC6, 0x1B, 0x99, 0x80, 0x8A, 0x5F, 0x3E, 0x70, 0xAC, 0x84, 0x83, 0x25, 0xB0, 0xD5,
    0xC3, 0x05, 0xF0, 0x32, 0x7D, 0xCE, 0xAF, 0xB1, 0xC0, 0x1C, 0xA1, 0xE4, 0x7B, 0xFF, 0x86, 0xAD,
    0x8E, 0x70, 0x70, 0xA4, 0xC7, 0x37, 0xBF, 0x50, 0xBA, 0x08, 0x32, 0xA6, 0x29, 0x5A, 0x17, 0xFB,
    0x29, 0xC0, 0x54, 0xE1, 0x19, 0xBC, 0xEE, 0x39, 0x57, 0xE4, 0xD8, 0x05, 0x2A, 0xD7, 0x6C, 0xB8,
    0x1B, 0xEA, 0x7D, 0xAC, 0x26, 0x13, 0x36, 0xAF, 0x8B, 0x0A, 0xED, 0x9B, 0x9D, 0xCA, 0xD5, 0x5D,
    0x84, 0x07, 0x19, 0x7C, 0x18, 0x94, 0xE6, 0x96, 0x61, 0x37, 0x50, 0xFE, 0xAA, 0x95, 0xEA, 0xC4,
    0xD4, 0x8C, 0x49, 0xBA, 0x5F, 0x4B, 0xA0, 0x8E, 0xCA, 0x25, 0x79, 0x56, 0x23, 0x65, 0xD1, 0x0F,
    0xAC, 0x46, 0x57, 0x05, 0x9E, 0x34, 0x04, 0x83, 0xFE, 0x9A, 0x61, 0x5F, 0x24, 0xD5, 0x5C, 0x4E,
    0x21, 0xC2, 0x51, 0x87, 0x72, 0xC3, 0x1D, 0xDF, 0x51, 0x9A, 0xBC, 0xA5, 0xD7, 0x81, 0x2E, 0xA0,
    0x27, 0x7A, 0xCE, 0xC7, 0x3C, 0x11, 0xBD, 0x06, 0x3A, 0x9D, 0xD0, 0x70, 0xF4, 0x3A, 0xCA, 0xDA,
    0x07, 0x45, 0x04, 0xDE, 0xFF, 0x8E, 0xB2, 0xE9, 0x46, 0xF2, 0xF5, 0x2D, 0x02, 0x0D, 0xA2, 0x16,
    0x68, 0xF1, 0x53, 0xDE, 0x77, 0x1D, 0x80, 0x7F, 0x09, 0x80, 0x93, 0xD6, 0x8C, 0x64, 0x93, 0x5B,
    0x90, 0xD2, 0xBF, 0x0E, 0xE0, 0x85, 0x46, 0x99, 0x99, 0x0E, 0x51, 0x26, 0x02, 0xBF, 0x6B, 0xAD,
    0x76, 0x5D, 0x96, 0x06, 0xE8, 0xBB, 0x36, 0x30, 0x0F, 0x48, 0x30, 0x4F, 0x8F, 0x67, 0xF6, 0x8D,
    0x5D, 0xFE, 0xF8, 0x79, 0x74, 0xEB, 0x5B, 0x13, 0xCC, 0x4B, 0xFD, 0x8A, 0x6B, 0x26, 0x98, 0x4F,
    0x26, 0x59, 0x13, 0xB8, 0x53, 0xEE, 0x0E, 0x19, 0x01, 0xAD, 0x87, 0xF9, 0xD3, 0x73, 0xFC, 0x78,
    0x00, 0xC2, 0x19, 0x80, 0x27, 0x08, 0xEB, 0xFE, 0x45, 0x99, 0xE4, 0xBB, 0xFB, 0xB0, 0x2C, 0x2E,
    0xB3, 0x60, 0x56, 0x58, 0x6E, 0x09, 0x3B, 0xD6, 0x35, 0x1D, 0x20, 0xB3, 0x90, 0xC9, 0x64, 0xA4,
    0x4C, 0xC2, 0x77, 0xB5, 0x0F, 0x6C, 0x51, 0x87, 0x67, 0x60, 0x70, 0x5A, 0x41, 0x65, 0x32, 0x9E,
    0x20, 0x93, 0xC9, 0xE8, 0x45, 0xEF, 0x00, 0x8F, 0x40, 0x06, 0xC2, 0x01, 0xC7, 0x57, 0x84, 0x49,
    0x43, 0x9F, 0xA5, 0x19, 0x1E, 0x99, 0x6C, 0xD8, 0xDA, 0xF1, 0x9B, 0x4A, 0xD8, 0x97, 0xF2, 0x72,
    0xE9, 0x9D, 0xE1, 0x62, 0x1F, 0xDE, 0x11, 0x9E, 0x1B, 0xAC, 0x63, 0x00, 0xA9, 0x4C, 0x54, 0x7B,
    0x37, 0x54, 0x2C, 0x8F, 0x2A, 0x27, 0xEA, 0xC7, 0x13, 0x4D, 0x04, 0x61, 0x08, 0xD3, 0x75, 0x08,
    0x8B, 0x07, 0x3D, 0xBD, 0x74, 0x9B, 0x06, 0x49, 0x71, 0x1C, 0xF5, 0x26, 0xEF, 0xB0, 0x3B, 0xDE,
    0xBF, 0xFD, 0x9A, 0x94, 0x21, 0x88, 0x70, 0xD6, 0x89, 0x19, 0xE9, 0xB3, 0xCB, 0xD8, 0xD3, 0x6E,
    0x34, 0xFF, 0x64, 0xFB, 0xF5, 0xCA, 0xD6, 0xAF, 0x57, 0xB6, 0x7E, 0xBD, 0xCD, 0x9E, 0x9E, 0xE7,
    0x73, 0x87, 0x1B, 0x77, 0xE9, 0x0C, 0xEE, 0xE0, 0xB7, 0xDD, 0x51, 0xA1, 0x73, 0x1D, 0x15, 0x5A,
    0xD7, 0x51, 0xA1, 0x64, 0x47, 0x05, 0x71, 0x1D, 0x15, 0xFE, 0xDB, 0xA9, 0xEB, 0x0A, 0xAE, 0x3A,
    0x9C, 0xCE, 0xC1, 0x91, 0x10, 0xDB, 0xBD, 0xC6, 0x4B, 0x1F, 0x80, 0x9E, 0xC6, 0x5F, 0x1D, 0x36,
    0x77, 0x2E, 0xB8, 0xD1, 0x11, 0x6A, 0x51, 0x4F, 0xC3, 0x83, 0x5B, 0x32, 0x24, 0xF9, 0xEE, 0x36,
    0x92, 0xB8, 0x55, 0xF2, 0x98, 0x48, 0x15, 0x6B, 0x7E, 0xE5, 0x3B, 0xD5, 0xF1, 0x0E, 0x35, 0xDD,
    0x0B, 0xBF, 0x73, 0x17, 0x5F, 0xF4, 0x85, 0xDB, 0xA4, 0xF5, 0xF3, 0xE5, 0x0E, 0x90, 0x3A, 0x68,
    0xCF, 0x82, 0x7A, 0x85, 0xFD, 0x9A, 0x82, 0xCE, 0x2C, 0x81, 0x46, 0x6B, 0xE2, 0xAD, 0xA6, 0x00,
    0xC7, 0x52, 0x77, 0x5F, 0x4D, 0xC1, 0x1B, 0x7B, 0x35, 0x05, 0x8F, 0x6B, 0x4D, 0xC1, 0x33, 0x79,
    0x9B, 0xBE, 0x6E, 0xF3, 0x36, 0x96, 0x56, 0x35, 0xE7, 0xFA, 0x51, 0x63, 0xFE, 0xFD, 0x76, 0x26,
    0x1F, 0x6E, 0xE4, 0xBA, 0x7F, 0xB3, 0x0E, 0x23, 0x61, 0x71, 0xED, 0xE7, 0xD5, 0x36, 0xB4, 0x8E,
    0x62, 0xB1, 0x30, 0x8E, 0x32, 0x66, 0x55, 0xA9, 0xA4, 0xE1, 0xBD, 0xC7, 0xB0, 0x85, 0xC7, 0x96,
    0xDB, 0xC9, 0xC3, 0x51, 0x07, 0x4C, 0x93, 0x1A, 0x9B, 0x4A, 0x96, 0xF2, 0xA8, 0xC9, 0x0F, 0x79,
    0xC8, 0x1C, 0x1E, 0x39, 0xB4, 0xC0, 0x99, 0x81, 0xB3, 0xD8, 0x39, 0x8C, 0x93, 0x63, 0x99, 0x38,
    0x1B, 0x6F, 0x09, 0xD1, 0x02, 0xB3, 0x9F, 0x5A, 0x1E, 0xA7, 0x3F, 0xB4, 0xF4, 0xA7, 0xBD, 0xDC,
    0x17, 0xC0, 0x97, 0xEA, 0xD5, 0x12, 0xCA, 0xEC, 0xDA, 0x65, 0xC9, 0xF5, 0x58, 0x1A, 0xA9, 0x0D,
    0xC6, 0x0B, 0xAC, 0x20, 0x0C, 0x15, 0x73, 0x64, 0x57, 0x4F, 0x5A, 0xA1, 0xD2, 0x36, 0x20, 0x2B,
    0x16, 0x49, 0xB1, 0x6F, 0x29, 0x4D, 0xEB, 0xAF, 0x99, 0xE5, 0x4F, 0x0E, 0x75, 0x21, 0x5D, 0x3A,
    0xD2, 0x75, 0x74, 0xC9, 0xC2, 0x47, 0x8E, 0x4E, 0x46, 0xFA, 0x0C, 0x11, 0x9D, 0xF8, 0x2E, 0xFB,
    0xF1, 0x97, 0xEA, 0x4D, 0x7E, 0xFD, 0x4D, 0xA5, 0x3F, 0xFB, 0xA9, 0x7A, 0x0B, 0x7F, 0xD8, 0x09,
    0xDB, 0x1B, 0xD5, 0x27, 0x2A, 0x64, 0x6E, 0x99, 0xB9, 0x8C, 0xA6, 0x52, 0xC2, 0x51, 0x55, 0x64,
    0xC6, 0x1A, 0x4D, 0xCE, 0x46, 0xB1, 0x6A, 0x83, 0x31, 0xAD, 0xCD, 0x3F, 0x6F, 0xBE, 0x1D, 0xF5,
    0x0F, 0x43, 0x8B, 0x49, 0x5A, 0x75, 0x13, 0xCB, 0x77, 0x30, 0x8A, 0x08, 0x17, 0x63, 0x54, 0xDD,
    0x59, 0x30, 0x53, 0x54, 0xD5, 0xF1, 0x4F, 0x4C, 0x5A, 0x37, 0xAA, 0xC6, 0x8D, 0x6A, 0xC7, 0x51,
    0x6D, 0x9C, 0x82, 0x97, 0x8C, 0x44, 0x1E, 0xF6, 0x59, 0x1F, 0xCD, 0x2E, 0x13, 0x79, 0xF1, 0xB2,
    0x8F, 0x81, 0x25, 0xD1, 0xF9, 0x31, 0x95, 0xE5, 0x22, 0xEF, 0x39, 0xAA, 0xF9, 0xC0, 0x51, 0x4D,
    0x9D, 0x69, 0x19, 0xEE, 0x30, 0xBC, 0xF9, 0x3C, 0x96, 0x24, 0xB3, 0x04, 0x7C, 0x9D, 0xC9, 0xE5,
    0xB4, 0x5B, 0x52, 0x5F, 0x5B, 0xBA, 0x00, 0x09, 0x92, 0xCE, 0x34, 0x26, 0x16, 0xF4, 0xF6, 0xFC,
    0x71, 0xAF, 0xAF, 0x89, 0x1D, 0x05, 0xDD, 0x8D, 0xC3, 0x1E, 0x69, 0x29, 0x2D, 0x62, 0x7A, 0x46,
    0xE9, 0x91, 0x52, 0x97, 0x6E, 0xC7, 0x4C, 0xBB, 0xBC, 0x37, 0x5B, 0x47, 0xB6, 0x64, 0xA4, 0xDC,
    0x32, 0x1B, 0x99, 0xC9, 0xD5, 0x7C, 0xA5, 0x1A, 0xBA, 0xFC, 0xA8, 0x3F, 0x90, 0x11, 0xF4, 0x2D,
    0x6C, 0xF1, 0xC9, 0x5C, 0x35, 0xA8, 0x50, 0x90, 0xF7, 0x94, 0x4A, 0x81, 0x49, 0x13, 0xB4, 0xBC,
    0xBB, 0xF6, 0x37, 0xD7, 0xF4, 0x1F, 0x0C, 0xDA, 0xF4, 0xCE, 0x84, 0x16, 0x5D, 0xEF, 0x10, 0xCA,
    0x10, 0x9E, 0xD6, 0x8B, 0xC9, 0x0C, 0xE0, 0xC0, 0xE0, 0x69, 0x9D, 0xF2, 0xD8, 0xD2, 0x1C, 0x2C,
    0x19, 0x98, 0xB4, 0x0A, 0x23, 0x2D, 0x31, 0x64, 0xDB, 0x30, 0xF5, 0x86, 0xF1, 0x07, 0x42, 0x85,
    0x8D, 0x92, 0x71, 0x6E, 0xD5, 0x3A, 0x98, 0x14, 0x68, 0x5D, 0x47, 0x39, 0x1D, 0x37, 0x75, 0x18,
    0x2A, 0xC0, 0x43, 0x05, 0xDB, 0x3A, 0xC0, 0x86, 0x91, 0xE9, 0xF7, 0x6C, 0xA5, 0x4F, 0x6E, 0xAF,
    0x19, 0x2D, 0xFB, 0x3A, 0x32, 0x1A, 0xC4, 0x3A, 0xC2, 0xAE, 0x71, 0xDB, 0xE8, 0xB6, 0x31, 0x04,
    0x3A, 0x6A, 0x8F, 0xD0, 0x3D, 0x8E, 0x9D, 0x03, 0xF2, 0x80, 0x7A, 0x24, 0x3C, 0x4D, 0xB5, 0x46,
    0x7B, 0x58, 0x92, 0xC4, 0x9A, 0x24, 0xD4, 0xEC, 0x1A, 0x56, 0x25, 0xA1, 0x26, 0xB7, 0x37, 0x1F,
    0x42, 0x5D, 0xD2, 0xEF, 0x45, 0x8F, 0xEA, 0xC9, 0x3D, 0xFE, 0xE9, 0x0B, 0x5C, 0x56, 0x1C, 0xCF,
    0xBF, 0xD0, 0x85, 0xF8, 0x3E, 0x76, 0x97, 0x41, 0xA8, 0x47, 0x06, 0x74, 0x97, 0x61, 0x70, 0x88,
    0x02, 0x7F, 0x4E, 0x55, 0x10, 0x0F, 0x96, 0x9C, 0xF5, 0x40, 0xA7, 0x7D, 0x5D, 0xB4, 0x18, 0xEA,
    0xCC, 0x19, 0x0D, 0x48, 0xA1, 0xA8, 0x9C, 0xBB, 0xAB, 0xAA, 0x69, 0x3A, 0xE8, 0x97, 0x72, 0x82,
    0xAF, 0x8B, 0x1B, 0xF7, 0xE1, 0x95, 0xE3, 0x36, 0xE4, 0xBB, 0x42, 0x56, 0x77, 0x88, 0x7E, 0x9D,
    0xE2, 0x98, 0x94, 0x4B, 0x79, 0x25, 0xB7, 0xDD, 0x8D, 0x07, 0xBA, 0xC7, 0x65, 0xBD, 0x1F, 0xAA,
    0x59, 0xC3, 0x35, 0xFC, 0x3A, 0x9B, 0xAB, 0x6A, 0x7E, 0xAD, 0x0F, 0x4F, 0x57, 0x00, 0xBE, 0xB0,
    0x51, 0xE1, 0x0B, 0x45, 0x12, 0xF8, 0xDA, 0x3E, 0x38, 0x03, 0x64, 0xD1, 0x43, 0xA0, 0x7A, 0x6D,
    0x36, 0xC2, 0x64, 0x1C, 0x28, 0xE8, 0x07, 0x0E, 0xD8, 0x65, 0xE1, 0xF1, 0x70, 0xDA, 0xEF, 0x94,
    0x87, 0x57, 0x1B, 0xE1, 0x5E, 0xD1, 0xEE, 0x7B, 0xC9, 0xAF, 0xBE, 0x00, 0x8C, 0x80, 0x17, 0xC3,
    0x79, 0x75, 0x63, 0xAD, 0x67, 0xA9, 0x4A, 0xE7, 0x8D, 0xA6, 0x76, 0x95, 0x6E, 0xE9, 0xC4, 0x19,
    0xB8, 0xD9, 0x45, 0xA8, 0x02, 0x29, 0xF9, 0xAA, 0x48, 0xB2, 0xC0, 0xAB, 0xE2, 0x59, 0x9C, 0xBC,
    0xED, 0x73, 0x90, 0x39, 0xCE, 0x51, 0x32, 0x70, 0x9E, 0xBC, 0x4B, 0xDE, 0xCE, 0xE4, 0xB2, 0xB7,
    0xEF, 0xC1, 0x41, 0x09, 0x4B, 0xC2, 0xF2, 0xDF, 0x15, 0xBF, 0x90, 0x79, 0x95, 0x41, 0x7D, 0x4E,
    0x72, 0x50, 0x0B, 0xD0, 0x8F, 0x10, 0x9A, 0x4F, 0x87, 0xC7, 0xC9, 0xEC, 0x2A, 0x7B, 0xE9, 0x29,
    0x2E, 0x58, 0xD6, 0x6D, 0x8E, 0x0F, 0x41, 0xDB, 0x50, 0x39, 0x1C, 0xD2, 0xF8, 0xDE, 0x6E, 0x8E,
    0x42, 0xF5, 0x38, 0x65, 0x9A, 0xDF, 0x8F, 0x2A, 0x29, 0x4E, 0xFD, 0xA6, 0xD3, 0xFA, 0xFE, 0x9E,
    0x72, 0xB5, 0x66, 0x93, 0x96, 0xE3, 0x41, 0xCF, 0xF3, 0x44, 0x8E, 0x63, 0xCF, 0x28, 0x23, 0x55,
    0x0C, 0x6C, 0x26, 0x5B, 0xCC, 0x72, 0x20, 0x67, 0x2E, 0x5C, 0xDE, 0x6B, 0x00, 0x5F, 0x9A, 0x4F,
    0x29, 0x1C, 0x73, 0x08, 0xD7, 0x36, 0xB2, 0x55, 0x49, 0x6C, 0x9C, 0x63, 0x45, 0xE8, 0x5A, 0x01,
    0xB2, 0x87, 0x24, 0xB6, 0xB1, 0x60, 0x7E, 0x14, 0x0A, 0x30, 0x6E, 0xAC, 0x8C, 0x2D, 0x3D, 0x08,
    0x68, 0x05, 0x1B, 0xC2, 0xED, 0xC6, 0x2E, 0xD4, 0xF8, 0x23, 0x38, 0xDF, 0x12, 0xCB, 0x56, 0x50,
    0xE9, 0x8A, 0xFD, 0x0E, 0xD1, 0x11, 0x56, 0x91, 0x2D, 0x03, 0x5B, 0xD5, 0x31, 0x15, 0x7D, 0xE7,
    0xEB, 0x49, 0x6C, 0x43, 0x9C, 0xE7, 0x9E, 0x47, 0xB8, 0x1B, 0x81, 0xC6, 0xCD, 0x78, 0xD5, 0x3A,
    0x0F, 0xA7, 0x7B, 0xF7, 0x58, 0x86, 0xFB, 0x42, 0x63, 0xB3, 0xFB, 0x43, 0xCA, 0xCB, 0xC3, 0xCC,
    0x7B, 0xD8, 0xA2, 0xA6, 0x9C, 0xE7, 0x1E, 0x3D, 0x9D, 0x10, 0xF0, 0x37, 0xD9, 0x20, 0x0C, 0xEC,
    0x56, 0x65, 0x32, 0x69, 0xFA, 0x52, 0x9D, 0x8E, 0x86, 0xA9, 0xDC, 0xE1, 0xB2, 0x83, 0xDC, 0xA2,
    0x4C, 0xAA, 0xE8, 0x63, 0x40, 0x97, 0x68, 0x16, 0xC5, 0x0E, 0xB4, 0x9E, 0xA0, 0xA0, 0x67, 0x51,
    0x21, 0x20, 0x44, 0x0B, 0x61, 0x32, 0x79, 0x97, 0x8C, 0xC9, 0xA0, 0xC6, 0xF7, 0x88, 0xB9, 0x43,
    0xAA, 0x42, 0x3C, 0x45, 0x0B, 0x3C, 0xED, 0x81, 0x8C, 0x34, 0xE1, 0xFA, 0x0F, 0xD3, 0xBF, 0xAA,
    0x2A, 0xC0, 0xE5, 0xCF, 0xCB, 0xC8, 0x28, 0x7A, 0xAD, 0x0E, 0xBE, 0xBF, 0xC1, 0xFB, 0xE0, 0x34,
    0x5D, 0x6E, 0xE1, 0xCD, 0xF1, 0x4E, 0x6E, 0x61, 0xE7, 0xBD, 0xDE, 0x33, 0x20, 0x93, 0xEA, 0x40,
    0x43, 0xA3, 0x5D, 0xB9, 0xFB, 0x02, 0x96, 0x50, 0x51, 0xEE, 0xBE, 0xEA, 0xAA, 0xAC, 0xDA, 0xAA,
    0x54, 0xDA, 0x98, 0x46, 0x93, 0x6C, 0x90, 0x5C, 0xD3, 0x98, 0x45, 0x29, 0xEC, 0xE1, 0xE2, 0xF3,
    0xA3, 0xE6, 0x08, 0xBD, 0x82, 0xB4, 0x2C, 0x74, 0xA3, 0xBC, 0xB5, 0x04, 0x34, 0x2B, 0xD5, 0x43,
    0xCA, 0x8C, 0xC2, 0x0F, 0x7C, 0x87, 0xFB, 0x2B, 0xAF, 0x9E, 0x4E, 0x74, 0xF6, 0x3B, 0xF2, 0xE0,
    0xD8, 0xB8, 0x50, 0x95, 0xCA, 0xD2, 0xC9, 0x52, 0xBE, 0xDB, 0x7D, 0xB4, 0xAE, 0x38, 0xFB, 0x23,
    0xA9, 0x21, 0xB8, 0x2C, 0xA2, 0x2F, 0xE1, 0x26, 0xC8, 0x47, 0x63, 0x2E, 0x94, 0xEE, 0xD0, 0x9F,
    0x53, 0xD2, 0x3E, 0x19, 0xC3, 0x29, 0x2B, 0xD5, 0x1A, 0xCE, 0x8D, 0xD2, 0x4B, 0x4A, 0x6F, 0x1F,
    0xE8, 0x88, 0xBD, 0xB0, 0x1F, 0xC9, 0x27, 0xF5, 0x8F, 0x82, 0x33, 0xFC, 0xA2, 0xE1, 0x72, 0xB6,
    0x5F, 0x14, 0xBB, 0xA5, 0x5F, 0x35, 0xE0, 0x27, 0x27, 0x30, 0xD7, 0x2B, 0xE7, 0x30, 0x06, 0xE2,
    0xFD, 0xAC, 0xCC, 0xA5, 0x87, 0x83, 0x9A, 0xD3, 0xF4, 0xA3, 0x9B, 0x27, 0xF7, 0x3F, 0x98, 0x42,
    0x9E, 0x94, 0x2E, 0x91, 0xFA, 0x53, 0x5A, 0x36, 0xA9, 0x61, 0x3D, 0x39, 0x4C, 0xC6, 0xDB, 0x79,
    0x6F, 0x96, 0x17, 0xA2, 0x63, 0x8D, 0x7D, 0x48, 0x17, 0x49, 0x89, 0x1D, 0x51, 0x53, 0xCF, 0x34,
    0x67, 0x22, 0x9E, 0x54, 0x99, 0x9D, 0x4D, 0x32, 0xC2, 0x0A, 0xE5, 0x66, 0x1A, 0x8D, 0x54, 0x15,
    0x63, 0x76, 0x4A, 0xAE, 0xB1, 0x89, 0x98, 0xAA, 0xE4, 0x4E, 0xDB, 0x38, 0x3D, 0x52, 0xF8, 0x87,
    0x46, 0x5C, 0xDF, 0xD1, 0x45, 0xB1, 0x52, 0xD4, 0xBF, 0xA4, 0xA6, 0x5A, 0x51, 0x03, 0xA5, 0x62,
    0x51, 0xA4, 0xB8, 0x2D, 0xF1, 0xDF, 0x9E, 0x72, 0x6B, 0x1C, 0x9C, 0x8A, 0x10, 0x8D, 0xF7, 0xC5,
    0x87, 0xC2, 0x2B, 0x44, 0xC6, 0x2B, 0xD9, 0xA5, 0x62, 0x55, 0x0E, 0x23, 0x59, 0x0A, 0x99, 0x22,
    0xC1, 0xC1, 0x9A, 0xA1, 0x7A, 0xE2, 0x00, 0x92, 0x79, 0x1B, 0x7A, 0xB9, 0x45, 0x4E, 0x49, 0x87,
    0x44, 0xAF, 0x1A, 0x1A, 0x3C, 0xC6, 0xFF, 0x12, 0xE6, 0xE2, 0x36, 0xE6, 0xC5, 0x9E, 0x24, 0x75,
    0x48, 0xED, 0xCF, 0xE3, 0xAF, 0xEB, 0xE5, 0x56, 0x8A, 0xA3, 0x04, 0x94, 0xC9, 0xD4, 0xCF, 0x47,
    0x8B, 0xDE, 0x77, 0xA0, 0xA3, 0x7B, 0xA8, 0x05, 0x0A, 0x5F, 0xD3, 0x96, 0x52, 0xBB, 0x3C, 0x6A,
    0x96, 0xA5, 0x76, 0x6C, 0xDD, 0x9F, 0xB7, 0x69, 0xB9, 0x23, 0x17, 0x55, 0x2C, 0x0F, 0x54, 0x15,
    0x1E, 0x76, 0xE4, 0xA5, 0x1E, 0xB5, 0xE5, 0x2C, 0x2A, 0xA7, 0x90, 0xA4, 0xC3, 0xE6, 0x67, 0x79,
    0xA0, 0xC7, 0x9A, 0x31, 0x68, 0x19, 0xD9, 0x8D, 0xF8, 0x3D, 0x1C, 0xA7, 0x18, 0xDE, 0xD0, 0x04,
    0xD4, 0x04, 0x1F, 0x94, 0x71, 0x42, 0x28, 0x0D, 0x5D, 0x88, 0xDF, 0xC9, 0x38, 0xFD, 0xAE, 0x5D,
    0xBB, 0x50, 0xF3, 0xDA, 0x05, 0xBF, 0x71, 0xDD, 0x06, 0x25, 0xC1, 0x9C, 0x0D, 0xEF, 0x5B, 0x57,
    0xB8, 0x09, 0x5D, 0xE1, 0x06, 0x74, 0x85, 0xFB, 0xCB, 0xF3, 0xBB, 0xB3, 0x81, 0x9E, 0xD7, 0x9D,
    0x0D, 0xDB, 0xF4, 0x37, 0x45, 0xBA, 0x54, 0x99, 0xCF, 0x2B, 0xD3, 0x17, 0x5D, 0xA3, 0x3E, 0xBB,
    0xAC, 0x2C, 0xDA, 0x5C, 0x4F, 0xA4, 0x8B, 0x46, 0x99, 0x42, 0xC3, 0xC3, 0x55, 0xAD, 0xBF, 0xD1,
    0x5B, 0xA7, 0xCA, 0x27, 0x94, 0xD9, 0x0C, 0x33, 0x32, 0x4D, 0x09, 0x86, 0x5F, 0x18, 0x59, 0x06,
    0xD3, 0xF1, 0x1B, 0xAF, 0xC7, 0x0D, 0x18, 0xC6, 0xD0, 0xD7, 0x1A, 0x3C, 0xC7, 0xD0, 0x80, 0x1C,
    0x1D, 0x93, 0x0C, 0xBE, 0x41, 0x91, 0xF5, 0x8E, 0xC9, 0x3B, 0xC7, 0xD0, 0xCE, 0x06, 0x73, 0x3A,
    0x98, 0x2E, 0x35, 0x99, 0x9C, 0x6A, 0x78, 0xA9, 0xAB, 0xD6, 0x0B, 0xC3, 0xC6, 0xB2, 0xC5, 0xB3,
    0xF7, 0xFC, 0xD9, 0x87, 0x7B, 0x3E, 0xEC, 0x83, 0x3D, 0xE6, 0x33, 0x84, 0xB5, 0xC9, 0x7E, 0x55,
    0x17, 0x0A, 0x4D, 0x59, 0x44, 0x53, 0xDA, 0x36, 0xDA, 0xA9, 0x35, 0x69, 0xC5, 0xDC, 0x8E, 0x87,
    0xA4, 0x5E, 0xCC, 0x0B, 0x89, 0x4D, 0x3E, 0x4B, 0xCD, 0x39, 0x9C, 0x00, 0x91, 0x42, 0x0F, 0xC8,
    0x5A, 0x77, 0xD5, 0x10, 0xDE, 0x96, 0x61, 0x64, 0x64, 0x43, 0x5A, 0xBA, 0x25, 0xE9, 0x9E, 0x93,
    0x1E, 0xB7, 0x5B, 0xBC, 0xA2, 0x50, 0xA6, 0xE8, 0x20, 0xFE, 0xBD, 0x17, 0x53, 0x35, 0x3E, 0x64,
    0x48, 0x51, 0x4D, 0x5C, 0xC7, 0xD2, 0xC3, 0x17, 0xF2, 0xAF, 0x3B, 0x97, 0xA1, 0xE3, 0x43, 0x4A,
    0xC8, 0x4A, 0x40, 0x05, 0xFA, 0xC7, 0x0B, 0xA0, 0x99, 0x5C, 0x2E, 0xF1, 0x07, 0xF3, 0x6A, 0x8D,
    0x92, 0x5A, 0x18, 0xBE, 0x45, 0x6A, 0xCE, 0xA6, 0x87, 0x9C, 0xB3, 0xF7, 0xAE, 0xE1, 0x60, 0xBF,
    0x1E, 0x8F, 0xFF, 0xBD, 0xBC, 0x2F, 0x26, 0x5A, 0xF8, 0x84, 0x21, 0xDE, 0x60, 0xDC, 0x04, 0x91,
    0xB9, 0x88, 0x8D, 0xCC, 0x0A, 0x22, 0x93, 0x6A, 0x1D, 0x91, 0xD0, 0xC4, 0x9B, 0x09, 0x13, 0xC4,
    0x23, 0x82, 0x69, 0xEA, 0xB7, 0x6D, 0x9F, 0xC2, 0x1B, 0x30, 0x36, 0xA2, 0x0E, 0xD7, 0x2A, 0x44,
    0x2D, 0x4A, 0x23, 0x93, 0x36, 0xDF, 0xC1, 0x94, 0xD4, 0xB9, 0xFA, 0x22, 0xD2, 0xBA, 0xD8, 0x81,
    0x3C, 0xF7, 0xD7, 0xD2, 0x62, 0xAC, 0x5D, 0x59, 0x56, 0x53, 0xC2, 0x27, 0x2C, 0x1C, 0x12, 0xC0,
    0x01, 0xE1, 0x2A, 0x0F, 0x92, 0x23, 0x5A, 0xFA, 0xE3, 0xFD, 0x71, 0xC3, 0x14, 0x00, 0xB3, 0xC7,
    0x1D, 0x21, 0xF8, 0x88, 0xCE, 0xEF, 0x2D, 0x57, 0x3A, 0x42, 0xA2, 0x01, 0xAC, 0xAC, 0x8B, 0x07,
    0x93, 0xB7, 0x89, 0xFD, 0x8A, 0x5A, 0x0E, 0xA3, 0xB6, 0x77, 0x19, 0x76, 0xC4, 0xDA, 0xC6, 0x24,
    0xC7, 0x6F, 0x0B, 0xEC, 0x6A, 0xF5, 0xD4, 0xEA, 0xCB, 0x7D, 0x6F, 0x56, 0x32, 0x19, 0x77, 0x39,
    0xDB, 0x93, 0x13, 0x54, 0xB8, 0x3F, 0xD1, 0x2D, 0x5B, 0xD9, 0xC6, 0xFA, 0x79, 0x26, 0x2E, 0xD4,
    0xCA, 0x73, 0xE3, 0xBC, 0xFB, 0xBD, 0x67, 0x40, 0xB8, 0x3D, 0xBF, 0x0F, 0x23, 0x20, 0x5E, 0x9C,
    0x7F, 0x91, 0x0E, 0xC6, 0x7B, 0xFF, 0xAA, 0x71, 0x76, 0x3D, 0x1D, 0x54, 0x31, 0x00, 0x93, 0x9D,
    0x75, 0xF8, 0x5D, 0x8E, 0xA6, 0xB6, 0xBC, 0x2F, 0xCB, 0x97, 0x45, 0xC8, 0xDB, 0x0E, 0x9C, 0x79,
    0xDC, 0xEA, 0x08, 0x27, 0x22, 0xEE, 0x16, 0x93, 0xBD, 0x46, 0x48, 0x72, 0xDE, 0xCD, 0xF7, 0x6C,
    0x84, 0xA4, 0x9A, 0xF8, 0xAC, 0x2B, 0x69, 0xCA, 0xB5, 0x11, 0xD2, 0x5C, 0xB5, 0xA1, 0x74, 0x28,
    0xC1, 0xCC, 0x19, 0xC4, 0x7C, 0x67, 0x8D, 0x90, 0xEA, 0xFD, 0x46, 0x48, 0xDE, 0x27, 0x68, 0x5C,
    0x92, 0x97, 0x73, 0xD9, 0x34, 0x7D, 0xBC, 0xB8, 0x10, 0x93, 0xB8, 0x7D, 0x17, 0x22, 0x66, 0x69,
    0x9A, 0x14, 0xAD, 0xE2, 0x05, 0x6C, 0x9F, 0x52, 0x16, 0x5F, 0xE7, 0x66, 0x5E, 0x45, 0x0B, 0x1C,
    0x8E, 0x4D, 0x34, 0x61, 0x8D, 0x34, 0xC9, 0x84, 0xC8, 0x67, 0x71, 0x77, 0xFE, 0x52, 0x23, 0x25,
    0x7D, 0x1D, 0x68, 0xD3, 0x77, 0x7C, 0xF3, 0x29, 0xCF, 0xEE, 0x3C, 0x17, 0x53, 0x1F, 0xDD, 0x63,
    0x04, 0xCE, 0x6C, 0x4D, 0xB0, 0xF4, 0xDC, 0x88, 0xC9, 0xAB, 0x8F, 0xB1, 0xA4, 0xFE, 0xC4, 0xF7,
    0x54, 0xD3, 0x6F, 0x8A, 0x9F, 0xE3, 0x2C, 0x46, 0xA3, 0x0F, 0x61, 0xE2, 0xB9, 0xC1, 0xDD, 0xAC,
    0x19, 0x9B, 0x0C, 0xD9, 0x80, 0xB7, 0x4B, 0x7D, 0x03, 0x55, 0x39, 0x30, 0xFF, 0xAA, 0x64, 0xD4,
    0xB7, 0xFA, 0xC2, 0x80, 0xCB, 0x30, 0x8E, 0x9B, 0xC1, 0xC4, 0x3C, 0x12, 0xB2, 0xB7, 0x4A, 0x1E,
    0x30, 0xA4, 0x7E, 0xBE, 0x71, 0x80, 0xA7, 0xFB, 0x84, 0xBE, 0x7F, 0x30, 0x6D, 0x5E, 0x87, 0x5C,
    0x5A, 0xB6, 0xE7, 0xF8, 0x3D, 0x1E, 0xEB, 0xC4, 0x8D, 0x75, 0xB8, 0x6D, 0x03, 0x2D, 0xB1, 0x21,
    0x98, 0x6B, 0xA7, 0x22, 0xA6, 0xB7, 0x1D, 0xBE, 0xE0, 0xF0, 0xEF, 0xCC, 0x6F, 0x75, 0x8E, 0x0A,
    0x3C, 0x6F, 0x3A, 0x9E, 0x5D, 0x1C, 0x99, 0x96, 0xE7, 0x18, 0x79, 0x74, 0x88, 0x17, 0xD4, 0x4D,
    0xF9, 0xB5, 0x70, 0xBB, 0x71, 0x2E, 0x43, 0x7E, 0x8D, 0x74, 0x74, 0x6F, 0x8D, 0xED, 0xF4, 0xAB,
    0xE7, 0x57, 0xD6, 0xF1, 0x28, 0x2B, 0xD6, 0x2F, 0xBA, 0x35, 0x91, 0xCC, 0x21, 0x6C, 0xE0, 0xE9,
    0x5D, 0xD4, 0x0A, 0xAD, 0x8F, 0xC7, 0x34, 0xCB, 0x50, 0xF9, 0x49, 0x7F, 0x7E, 0x87, 0x8C, 0xEF,
    0xED, 0xB9, 0x53, 0x1B, 0xFF, 0xE3, 0xA7, 0x28, 0xFC, 0xE1, 0x4A, 0x61, 0x76, 0x3C, 0x34, 0xFE,
    0xDD, 0xB7, 0x85, 0x1B, 0xCE, 0xBC, 0x3E, 0x04, 0xA6, 0xAF, 0x4D, 0x40, 0xE8, 0x4A, 0x0C, 0xBF,
    0xEC, 0x7F, 0x3E, 0xE8, 0x17, 0x40, 0x3C, 0x20, 0xF2, 0x88, 0x85, 0x86, 0xC8, 0x23, 0x4A, 0xB2,
    0x0C, 0xF0, 0x9D, 0x46, 0x1E, 0x5F, 0xE5, 0x28, 0xB9, 0xE0, 0xFA, 0xF2, 0x5D, 0xB1, 0x9C, 0x9B,
    0x7C, 0x22, 0xC6, 0xB3, 0xEB, 0x5B, 0x20, 0x4E, 0x1F, 0x57, 0x64, 0x08, 0xDD, 0x61, 0xED, 0x70,
    0x5B, 0xFB, 0xDB, 0x17, 0xD3, 0x5A, 0xE1, 0xD0, 0x07, 0x8A, 0xCC, 0x40, 0x3E, 0x92, 0x57, 0xA3,
    0xF6, 0x21, 0x67, 0x0A, 0x5C, 0xA7, 0x78, 0xB1, 0xC9, 0x09, 0x91, 0xF9, 0xBB, 0x6D, 0xEC, 0xD4,
    0x04, 0x4A, 0x48, 0xEA, 0x1F, 0x0E, 0xFC, 0x5C, 0x40, 0x6C, 0x40, 0xBA, 0x4F, 0x09, 0x22, 0x93,
    0xF2, 0xEB, 0x44, 0x26, 0x9B, 0x1B, 0xC6, 0xD5, 0xDE, 0xC5, 0xCB, 0x7F, 0x15, 0xE8, 0x02, 0x45,
    0xEF, 0xE2, 0x01, 0xD0, 0xC0, 0x9C, 0x8B, 0x3A, 0x6F, 0x95, 0x16, 0x3E, 0xAD, 0xE1, 0x1A, 0x2E,
    0xBD, 0x1C, 0x34, 0x4F, 0xD9, 0x0D, 0x3B, 0x68, 0xF9, 0xB8, 0x02, 0x7F, 0xBD, 0x34, 0x35, 0x66,
    0xF8, 0xA1, 0x67, 0x21, 0xC9, 0x16, 0x67, 0x19, 0x88, 0x1C, 0xF5, 0xDA, 0x55, 0xDA, 0xA8, 0x8C,
    0xF3, 0x02, 0xF7, 0x53, 0x77, 0xF3, 0x66, 0x3D, 0xF5, 0xBB, 0xBC, 0xF3, 0x2F, 0x6E, 0x1F, 0x1C,
    0xAA, 0x32, 0x81, 0xC5, 0xC6, 0x41, 0x8B, 0x34, 0x3F, 0x55, 0xD1, 0x85, 0x89, 0x13, 0xE2, 0x6A,
    0x0A, 0x9B, 0xCC, 0xCD, 0xC1, 0xA1, 0x53, 0xA6, 0x0E, 0x1C, 0x1E, 0x39, 0x1C, 0x9C, 0x97, 0xC1,
    0xC2, 0x5E, 0x79, 0x3C, 0x61, 0x7C, 0xF3, 0x28, 0x6F, 0x81, 0x22, 0x2C, 0xFD, 0x10, 0x26, 0xC1,
    0xA9, 0x08, 0xA5, 0xFA, 0x7A, 0x17, 0x36, 0x5B, 0x04, 0x6F, 0x44, 0xCC, 0x4E, 0x59, 0x5E, 0xB3,
    0x17, 0xBB, 0xF3, 0x8A, 0x1D, 0x13, 0xEB, 0xF5, 0xC2, 0x62, 0xB3, 0xA0, 0xE5, 0x16, 0xBA, 0x8B,
    0xC0, 0x58, 0x6C, 0x91, 0x99, 0x52, 0x67, 0xDD, 0x7A, 0xE3, 0x05, 0xEB, 0x8C, 0x2F, 0x81, 0x1E,
    0xE0, 0xE5, 0x6F, 0xC3, 0xCD, 0x8E, 0x9B, 0xEB, 0x03, 0x36, 0x0C, 0xE8, 0x41, 0x91, 0xF0, 0x92,
    0xD4, 0xE1, 0x6C, 0xFE, 0x2C, 0xD3, 0xDD, 0x7D, 0x3C, 0x54, 0x2A, 0x93, 0x6A, 0xA6, 0x32, 0x68,
    0x29, 0x4E, 0xA5, 0x2A, 0xDF, 0xF4, 0x21, 0x5D, 0x49, 0xB7, 0x4F, 0x47, 0xEC, 0x28, 0x2C, 0x7C,
    0x99, 0xDC, 0xB3, 0xAB, 0xE6, 0x2D, 0x48, 0x57, 0x43, 0x44, 0xF5, 0x0B, 0x32, 0x8A, 0x2F, 0x46,
    0xE8, 0x18, 0x88, 0x3F, 0x65, 0x31, 0xEF, 0x33, 0x0C, 0xCE, 0xF9, 0xB1, 0x39, 0x9E, 0x3F, 0x3E,
    0xB3, 0x05, 0xE6, 0x62, 0xC7, 0xF0, 0x3C, 0xF2, 0x4D, 0x67, 0xC7, 0xF8, 0x31, 0xB9, 0xBC, 0x3B,
    0x6D, 0x31, 0xEF, 0x33, 0x0C, 0xC7, 0x79, 0x4F, 0xEA, 0x24, 0x77, 0x13, 0x5D, 0xCA, 0x2E, 0x1E,
    0x90, 0xC2, 0x7B, 0xBA, 0xC2, 0x34, 0x61, 0x6F, 0xD4, 0x55, 0x08, 0xE6, 0xD5, 0xB5, 0x21, 0x5B,
    0x6F, 0x16, 0x8A, 0xB0, 0x93, 0x61, 0xB6, 0x17, 0x5A, 0xCA, 0x53, 0x91, 0xBD, 0x1A, 0x81, 0xBD,
    0x92, 0x71, 0x3D, 0xC6, 0xF3, 0x48, 0x19, 0xD4, 0x63, 0x4C, 0x8F, 0x21, 0xBD, 0x88, 0xBF, 0xD0,
    0xD5, 0x86, 0xF1, 0xBC, 0x04, 0x0B, 0x75, 0x95, 0x5E, 0xA5, 0x8C, 0xE5, 0xE5, 0x2E, 0x3C, 0xA3,
    0xBF, 0xBC, 0x1C, 0x61, 0xD8, 0xDC, 0x67, 0xF9, 0x9D, 0x9F, 0x80, 0x0A, 0x70, 0xC7, 0x19, 0xC0,
    0x29, 0xCC, 0xF2, 0xA2, 0xC3, 0x83, 0xC3, 0xDD, 0x8D, 0x1D, 0xF3, 0x03, 0x30, 0xEF, 0xF6, 0x3D,
    0x9A, 0x77, 0x78, 0xCB, 0x19, 0x83, 0x95, 0x12, 0xF3, 0x8E, 0xC3, 0xED, 0x54, 0x0F, 0xF8, 0xAB,
    0xA7, 0x4B, 0x8B, 0x43, 0xEB, 0x98, 0xD8, 0x9E, 0xAE, 0xFE, 0xC9, 0x57, 0xA6, 0x28, 0xFF, 0xF1,
    0xD3, 0x3D, 0x7A, 0xD3, 0x6D, 0xCF, 0x9E, 0x6E, 0xD2, 0xAC, 0x77, 0x71, 0x5B, 0x84, 0x6D, 0x2D,
    0xA2, 0xB6, 0x58, 0x93, 0x4F, 0x53, 0x9C, 0xCB, 0x13, 0x71, 0xBE, 0xEE, 0xA7, 0x69, 0x6F, 0xEF,
    0x00, 0x7B, 0x0C, 0xB7, 0x34, 0x8F, 0x0E, 0x34, 0xA5, 0x2E, 0x59, 0xF6, 0xAC, 0x77, 0x1E, 0x94,
    0x23, 0x20, 0x19, 0x00, 0x08, 0x25, 0xF7, 0x80, 0xBC, 0x03, 0x14, 0xAD, 0x07, 0x30, 0x32, 0x69,
    0x25, 0x24, 0xF2, 0xD9, 0x5B, 0x88, 0x9A, 0x71, 0x94, 0x2B, 0xE9, 0x1F, 0x9C, 0xF5, 0xEB, 0x20,
    0x1E, 0xFD, 0xBE, 0x06, 0x19, 0xE0, 0x61, 0x04, 0x3E, 0xD6, 0x1B, 0x88, 0xB3, 0x7B, 0xFE, 0x04,
    0x14, 0xE6, 0x8C, 0x2B, 0x80, 0x9F, 0xD9, 0x54, 0x79, 0x5F, 0x93, 0x67, 0xE3, 0x57, 0xB9, 0xA2,
    0x07, 0x36, 0xDC, 0x16, 0x70, 0x5A, 0x60, 0x16, 0x22, 0x7D, 0xF3, 0x78, 0x60, 0x27, 0xC8, 0x78,
    0xC0, 0x3C, 0xA8, 0xF9, 0x6A, 0xE3, 0xE5, 0x16, 0x6E, 0xAA, 0x7D, 0xAE, 0x37, 0x0D, 0xFA, 0xD3,
    0xF9, 0x89, 0xB8, 0x20, 0x3C, 0xCB, 0x75, 0xF6, 0xEF, 0x31, 0x33, 0x98, 0xC1, 0xDE, 0x65, 0x1B,
    0x7D, 0xBB, 0x66, 0x6C, 0x84, 0x3D, 0x8F, 0x11, 0x47, 0x52, 0xEC, 0x19, 0x99, 0x58, 0x76, 0x94,
    0xE2, 0xE1, 0x00, 0x7F, 0x16, 0x48, 0xA5, 0x44, 0xAC, 0xFB, 0x6D, 0x08, 0xEE, 0x58, 0xBD, 0x0F,
    0xE8, 0xEF, 0x77, 0x4F, 0xF7, 0xE9, 0xE7, 0xF4, 0x07, 0xBD, 0xAE, 0x29, 0x5F, 0xE8, 0xA1, 0xA7,
    0x79, 0x6A, 0x97, 0x70, 0x49, 0xB9, 0x72, 0x47, 0xCA, 0x45, 0x3A, 0xF0, 0x03, 0x5A, 0x87, 0x74,
    0xDA, 0xD9, 0x12, 0x17, 0x8E, 0xB6, 0x4D, 0x19, 0xB7, 0x0D, 0xFC, 0xC8, 0x55, 0x99, 0xD6, 0x82,
    0xD3, 0xA0, 0xA8, 0x33, 0x3C, 0xB3, 0xBA, 0x64, 0x2E, 0x05, 0xE0, 0xCA, 0xA2, 0xA5, 0xA3, 0x25,
    0x33, 0x45, 0xCB, 0x9C, 0xA1, 0xDC, 0xE4, 0x2F, 0xD3, 0x07, 0x5D, 0x98, 0xFC, 0xC7, 0x6D, 0x34,
    0x62, 0xE8, 0xB3, 0xBB, 0x75, 0x3C, 0xF0, 0xA2, 0x7D, 0x6D, 0xC3, 0x05, 0x49, 0x4A, 0xD5, 0x3D,
    0xC5, 0x4B, 0xF7, 0x27, 0x70, 0x01, 0x9A, 0x32, 0xE5, 0x56, 0xE5, 0xB0, 0x4F, 0x6C, 0xE8, 0x6E,
    0x01, 0x8E, 0xDB, 0x58, 0x39, 0xF7, 0x89, 0xDB, 0xFD, 0x8B, 0x42, 0xF3, 0x33, 0x52, 0x75, 0x27,
    0x87, 0x5C, 0xDA, 0x7E, 0x2C, 0x88, 0x4B, 0xDC, 0xFF, 0xC8, 0xE4, 0xF2, 0x8D, 0x6E, 0x4D, 0xAC,
    0xD1, 0x65, 0x83, 0xD1, 0x09, 0x3E, 0x16, 0xD6, 0x02, 0xC0, 0xD8, 0x68, 0xC0, 0x08, 0x6F, 0xEC,
    0x47, 0xEF, 0xDF, 0xD7, 0xF0, 0x52, 0x8D, 0x49, 0x5E, 0xB1, 0xBA, 0xB6, 0x2A, 0x93, 0xE1, 0x95,
    0x6E, 0x57, 0xE5, 0x25, 0xFC, 0x0C, 0x5B, 0xD4, 0x28, 0x6E, 0x0F, 0x6C, 0xF1, 0x75, 0x9B, 0x63,
    0xB8, 0x8B, 0x97, 0xD9, 0x48, 0xA4, 0xCD, 0x5F, 0xA9, 0x95, 0x49, 0xEA, 0xFC, 0xAE, 0x29, 0x6A,
    0x3D, 0xA2, 0xB3, 0x19, 0xAD, 0x7C, 0x0E, 0x4D, 0x3A, 0x2A, 0x23, 0x18, 0x96, 0xEA, 0xA5, 0x52,
    0x06, 0xC4, 0x66, 0xA5, 0xAD, 0x3A, 0x7D, 0xEB, 0x4C, 0x4A, 0xD6, 0xC3, 0x05, 0x57, 0xF6, 0x5C,
    0xB9, 0x93, 0xC3, 0x60, 0xF8, 0xF5, 0x0A, 0xA4, 0x2E, 0x5C, 0xFE, 0x22, 0x1A, 0x8D, 0x3C, 0x2C,
    0xFF, 0xF7, 0x24, 0x28, 0xFA, 0x4E, 0x9A, 0x9D, 0x7B, 0x3D, 0xC6, 0x73, 0xBF, 0x14, 0x80, 0xEA,
    0xC2, 0xFA, 0xDF, 0x15, 0x32, 0xE2, 0x0B, 0x7A, 0x5E, 0xC8, 0x1F, 0x9E, 0x10, 0x2E, 0x02, 0xFE,
    0x8A, 0x3A, 0xA0, 0xD8, 0xB5, 0x19, 0xD4, 0xFE, 0x67, 0xF2, 0xFD, 0x62, 0x91, 0xB3, 0xC9, 0x08,
    0xA9, 0x00, 0x3E, 0x4D, 0x38, 0x68, 0x00, 0x16, 0x10, 0xF4, 0x15, 0xD5, 0xC1, 0x82, 0x36, 0x21,
    0x20, 0xA5, 0x64, 0x5E, 0x24, 0x1C, 0x10, 0x1A, 0x6E, 0x1E, 0x4C, 0xEA, 0x8A, 0x7A, 0x9C, 0x27,
    0x71, 0xCB, 0xB7, 0x2C, 0xB9, 0xB5, 0x19, 0xC0, 0x25, 0xC2, 0x11, 0x47, 0x61, 0xC0, 0x56, 0x54,
    0x49, 0xAB, 0xEB, 0xB5, 0x91, 0x36, 0xC2, 0xBF, 0x7F, 0x9C, 0x4F, 0x7C, 0xA0, 0x3B, 0xD9, 0x6D,
    0x13, 0xC0, 0x02, 0x91, 0x46, 0x07, 0x68, 0xF1, 0x1A, 0x4B, 0xBF, 0x9F, 0xB7, 0x47, 0x06, 0x43,
    0xDC, 0x7B, 0x89, 0x7E, 0x0E, 0x46, 0x2E, 0x8B, 0x32, 0x38, 0x63, 0xC4, 0x93, 0x0E, 0x90, 0xF5,
    0x80, 0xC2, 0x02, 0x1A, 0xC2, 0xDB, 0x80, 0xE8, 0x97, 0x80, 0xF8, 0xFB, 0xB4, 0x04, 0x9E, 0x1D,
    0x15, 0x72, 0xEE, 0xD3, 0x87, 0x84, 0x23, 0xC2, 0xE0, 0xAA, 0xB5, 0xC3, 0x19, 0x32, 0x1C, 0x2C,
    0x14, 0x60, 0x85, 0xDC, 0x59, 0x57, 0x3C, 0x09, 0x04, 0x10, 0xB8, 0x34, 0x3D, 0x46, 0x07, 0x92,
    0x96, 0x47, 0x47, 0xED, 0x1A, 0x73, 0x02, 0xAE, 0x13, 0x90, 0x31, 0xD7, 0xE5, 0xF2, 0xAA, 0x79,
    0x4C, 0x7D, 0xD0, 0x03, 0x2F, 0x53, 0xED, 0xD3, 0x56, 0xA7, 0x05, 0x91, 0x14, 0xD0, 0xD8, 0x66,
    0x2D, 0xDE, 0x73, 0xCF, 0x18, 0xBE, 0x01, 0x17, 0xD0, 0x72, 0xD5, 0x68, 0x1F, 0xBB, 0xC9, 0xB0,
    0x91, 0x9D, 0x11, 0x77, 0xA9, 0x72, 0xC2, 0x0B, 0x7F, 0xBD, 0x23, 0x97, 0x89, 0x8F, 0xB9, 0x5F,
    0x7C, 0x85, 0x3E, 0x0F, 0xFC, 0x25, 0xA5, 0x69, 0x40, 0xAB, 0x1A, 0x8E, 0xA7, 0x3A, 0x41, 0x0F,
    0x91, 0x3F, 0x15, 0x8D, 0x83, 0xDD, 0x96, 0xCF, 0xEB, 0x12, 0x6F, 0xD4, 0x58, 0xAB, 0x8B, 0x51,
    0xC3, 0x19, 0x17, 0xCA, 0xBD, 0xA6, 0x14, 0x32, 0xF9, 0x0C, 0xD6, 0x36, 0x98, 0x4B, 0x2B, 0x73,
    0xDB, 0x05, 0x13, 0x03, 0xBB, 0x30, 0x0D, 0x5E, 0x2D, 0x77, 0x4C, 0x72, 0xF2, 0x8D, 0xC9, 0x3C,
    0x8A, 0x39, 0x0B, 0x27, 0x9E, 0x74, 0x97, 0xA2, 0xC9, 0xDC, 0x5E, 0x3D, 0xE1, 0xFC, 0x47, 0x11,
    0x55, 0xD1, 0xA8, 0x8D, 0x37, 0x03, 0xCC, 0x86, 0x96, 0x3E, 0x0F, 0x32, 0x85, 0x32, 0x3A, 0xEB,
    0x1A, 0xC2, 0x0F, 0x6A, 0x68, 0x39, 0x8C, 0x60, 0x20, 0x94, 0x8A, 0xFB, 0x71, 0x4B, 0x65, 0x34,
    0xBC, 0x8A, 0x59, 0x88, 0x5B, 0x55, 0x8D, 0x98, 0x3D, 0x32, 0xD0, 0xA7, 0xDC, 0x36, 0xD2, 0x22,
    0x3A, 0x55, 0x8B, 0xB4, 0x85, 0x32, 0xA5, 0x8E, 0x36, 0x9C, 0x65, 0xCD, 0xD8, 0x08, 0x14, 0xBB,
    0x7B, 0x68, 0x90, 0x51, 0x75, 0x59, 0x6B, 0xAE, 0x99, 0xA2, 0xC4, 0xBF, 0xBE, 0xA3, 0xCD, 0x1B,
    0x7A, 0x33, 0xA1, 0x24, 0x3F, 0x1C, 0x77, 0x4C, 0x5A, 0x47, 0x96, 0x6D, 0x98, 0x6D, 0x55, 0xEF,
    0x20, 0xD6, 0xFD, 0xB7, 0x32, 0x89, 0xFE, 0x8F, 0x77, 0x78, 0x9C, 0x2C, 0x2B, 0xE4, 0xD6, 0xFC,
    0x91, 0x11, 0xF3, 0x3F, 0xF4, 0xFD, 0xE5, 0x27, 0x3F, 0x93, 0xFF, 0xA2, 0xB2, 0x59, 0x8A, 0x74,
    0x74, 0x1C, 0x61, 0xC2, 0xC3, 0xE7, 0x5D, 0x20, 0xF1, 0x06, 0x4A, 0x20, 0x11, 0x77, 0xD3, 0x73,
    0x25, 0x7E, 0xEB, 0x4A, 0xB9, 0xDD, 0x60, 0x9A, 0xEB, 0xC2, 0x38, 0x95, 0x77, 0x35, 0x91, 0x32,
    0x9C, 0xBB, 0x52, 0x9D, 0x04, 0x6C, 0x4B, 0x0C, 0x7F, 0x3D, 0xAF, 0x7A, 0xCA, 0x23, 0x46, 0xE9,
    0x33, 0xCC, 0xE6, 0x87, 0xA5, 0x6C, 0xB7, 0x74, 0x6C, 0xD0, 0xD4, 0x46, 0xF0, 0xA6, 0x45, 0x1D,
    0x28, 0x9C, 0x86, 0x61, 0xED, 0x85, 0x88, 0xC2, 0x4E, 0x69, 0xC4, 0x16, 0x78, 0x2D, 0x96, 0x7F,
    0x0B, 0xEF, 0x3C, 0xDB, 0x87, 0x96, 0x18, 0x51, 0xB8, 0xE6, 0x4B, 0x7D, 0x75, 0xA4, 0x23, 0xA9,
    0xF5, 0x9D, 0xD6, 0xDA, 0xC2, 0xC5, 0x18, 0x66, 0x23, 0x5D, 0x28, 0xDF, 0xEF, 0x5B, 0x58, 0xCC,
    0x57, 0xFF, 0x61, 0xBB, 0x6A, 0xB7, 0x39, 0x6E, 0x46, 0x63, 0x66, 0x6C, 0xD6, 0x18, 0xB4, 0x60,
    0x44, 0x7B, 0x3A, 0x4B, 0xEA, 0xDD, 0xBB, 0xBC, 0xD1, 0xD4, 0xF1, 0x78, 0xC9, 0x1E, 0x2F, 0xD9,
    0x31, 0xFA, 0x59, 0x40, 0xFA, 0xAB, 0x72, 0xA5, 0x55, 0xA9, 0x54, 0x8C, 0x52, 0x34, 0xDD, 0xA6,
    0x9B, 0x82, 0xE9, 0x26, 0x59, 0x47, 0x4F, 0x9B, 0xD6, 0x38, 0xCE, 0x5B, 0x93, 0xA1, 0x87, 0xBE,
    0xE3, 0xDA, 0x0A, 0xA0, 0xBF, 0x81, 0x6E, 0x16, 0xF7, 0x92, 0x29, 0xEA, 0xC2, 0x29, 0xE2, 0x79,
    0x87, 0x9B, 0x7B, 0xE0, 0xA9, 0x48, 0x86, 0xD9, 0x54, 0xE5, 0x14, 0x8E, 0xC1, 0x94, 0x74, 0xD1,
    0x90, 0xD5, 0xB1, 0xC5, 0x65, 0x40, 0xB8, 0x9B, 0xED, 0x8E, 0x29, 0x7E, 0x3C, 0x6A, 0x2C, 0x04,
    0x4D, 0x6E, 0xA0, 0x10, 0x41, 0xEB, 0x83, 0x6F, 0x08, 0x34, 0x47, 0xAE, 0x6A, 0xA0, 0x1E, 0x1E,
    0xFF, 0xC3, 0xC7, 0x60, 0xD5, 0x5A, 0x71, 0xFC, 0x55, 0x29, 0xF5, 0x09, 0x9B, 0x16, 0x39, 0x42,
    0xD6, 0xA0, 0x8B, 0xCB, 0x89, 0x55, 0x19, 0x4F, 0x67, 0x52, 0xE4, 0x4D, 0x5D, 0xF8, 0xAE, 0x4C,
    0xE6, 0x21, 0x98, 0x05, 0x95, 0xFC, 0xED, 0x97, 0x87, 0x48, 0x6E, 0x68, 0xC2, 0xC5, 0xA4, 0xFF,
    0x4F, 0xA1, 0xA3, 0xDB, 0xD3, 0x1A, 0x83, 0x3D, 0x5B, 0x63, 0x35, 0xB8, 0x80, 0x9C, 0x30, 0xD9,
    0xB0, 0x56, 0x97, 0x4F, 0xD1, 0x85, 0x4C, 0xB3, 0x65, 0x23, 0xCF, 0x6E, 0x73, 0x33, 0xC6, 0x5D,
    0x56, 0xB3, 0xD6, 0x84, 0xA4, 0xCF, 0x6B, 0x13, 0xF8, 0x2D, 0xA3, 0x98, 0x40, 0xC3, 0x0E, 0x15,
    0xFA, 0xCF, 0x43, 0x4D, 0x92, 0x8B, 0x6A, 0x9D, 0x61, 0xE7, 0xBB, 0x2A, 0x5A, 0x9F, 0x7C, 0xBC,
    0x69, 0x4D, 0x82, 0x02, 0xE0, 0x7F, 0x40, 0xD6, 0x90, 0xD0, 0x41, 0x94, 0x77, 0x48, 0xC7, 0x43,
    0x32, 0x5E, 0x3C, 0x20, 0xE7, 0x90, 0x85, 0x3F, 0xF9, 0xF1, 0xB2, 0xB6, 0x7C, 0xD8, 0x52, 0x1F,
    0x8F, 0x82, 0x61, 0x65, 0x97, 0x68, 0x53, 0x73, 0xC8, 0xE2, 0x33, 0x47, 0xC3, 0xCA, 0x3E, 0xF2,
    0xAB, 0xBA, 0x0E, 0x44, 0xA2, 0x2D, 0x83, 0xAD, 0xEA, 0x1A, 0x11, 0x33, 0x38, 0x33, 0x88, 0x44,
    0x67, 0xD2, 0x89, 0x7A, 0x45, 0x8A, 0xD5, 0xE3, 0xA2, 0xA4, 0xCA, 0xB2, 0x59, 0xBF, 0x85, 0x71,
    0x45, 0x5D, 0x44, 0x97, 0xEE, 0xC4, 0x28, 0x81, 0xBE, 0x81, 0x05, 0x5B, 0xF0, 0xDA, 0x4C, 0xE3,
    0x54, 0x63, 0x67, 0xF7, 0x25, 0x6D, 0x55, 0xBF, 0xB8, 0x9E, 0xA8, 0xCD, 0x93, 0x03, 0xD9, 0x8C,
    0xEE, 0xAF, 0x75, 0x67, 0x19, 0xC9, 0x4A, 0x2B, 0xF1, 0xE4, 0x9E, 0x32, 0x58, 0x22, 0xE7, 0x48,
    0x9F, 0xC2, 0x39, 0x10, 0xB0, 0x39, 0x9A, 0x22, 0x33, 0xC3, 0xB6, 0xDB, 0xB1, 0x0D, 0xF3, 0x07,
    0x6B, 0x94, 0xF7, 0x31, 0xD8, 0x91, 0x0C, 0xCC, 0xB8, 0xA0, 0x52, 0x9D, 0x61, 0x3F, 0xE7, 0x4B,
    0x8C, 0xF8, 0x01, 0xCA, 0x26, 0x70, 0xCB, 0x21, 0xFA, 0x8E, 0x53, 0x0A, 0xDE, 0xAC, 0x3A, 0x10,
    0xCB, 0xD2, 0x19, 0xED, 0x25, 0x63, 0x39, 0xE8, 0xA1, 0x22, 0xC6, 0x79, 0x74, 0x4C, 0x4C, 0xC6,
    0x4C, 0xD1, 0xF0, 0x2B, 0x07, 0x1B, 0xAE, 0x5C, 0x54, 0xB0, 0x17, 0x08, 0x9F, 0x23, 0xFB, 0xBE,
    0x4C, 0xFB, 0xE8, 0xAD, 0x25, 0xEA, 0xAB, 0x56, 0xAF, 0x60, 0x69, 0xA2, 0x3A, 0x6F, 0xF5, 0x8E,
    0xAB, 0xEB, 0x81, 0x8A, 0x7C, 0x5B, 0xC1, 0x95, 0xD2, 0x17, 0xDA, 0x63, 0x1C, 0x4C, 0x3D, 0x39,
    0xE6, 0x49, 0x32, 0x3F, 0x6F, 0xFE, 0x62, 0x5C, 0x07, 0x6F, 0x63, 0x06, 0xDA, 0x7A, 0x4B, 0x3C,
    0xB8, 0x96, 0x88, 0x09, 0x99, 0x27, 0x27, 0x65, 0x3E, 0x64, 0xAA, 0x10, 0xCC, 0x25, 0x33, 0x47,
    0x63, 0x3C, 0x9A, 0xF2, 0xC5, 0x80, 0x6D, 0xA8, 0xDA, 0x45, 0x4F, 0x95, 0x70, 0x49, 0xDA, 0xE6,
    0x96, 0x96, 0x10, 0x60, 0x53, 0x45, 0xEE, 0xDA, 0xB4, 0xDE, 0xD7, 0xC3, 0x28, 0x33, 0xC6, 0x2D,
    0x9A, 0x36, 0x7A, 0x27, 0x54, 0xFA, 0xA8, 0x79, 0x6A, 0x4F, 0xBA, 0x59, 0x58, 0x3F, 0xA2, 0x19,
    0xD1, 0x02, 0x49, 0x90, 0xD5, 0x19, 0xD4, 0xE0, 0xB7, 0x17, 0x4F, 0x35, 0xEA, 0xE5, 0x90, 0x9E,
    0x08, 0x37, 0x32, 0x7A, 0x64, 0x31, 0x8E, 0x42, 0xB7, 0xF1, 0xDA, 0x07, 0xF9, 0x19, 0x51, 0xB3,
    0xA3, 0x29, 0xE8, 0x76, 0xEF, 0x7C, 0x32, 0xBA, 0x3A, 0xA3, 0x02, 0xE5, 0xB0, 0xA9, 0x38, 0x33,
    0x1B, 0x9D, 0x20, 0xBF, 0x48, 0x07, 0x45, 0xAE, 0xA7, 0x0D, 0x7A, 0x54, 0xE1, 0xF8, 0x2D, 0x4E,
    0x6F, 0x55, 0x68, 0x79, 0x8A, 0xD4, 0xA6, 0x40, 0x4B, 0xC4, 0xA3, 0x11, 0x75, 0xC9, 0x70, 0xBB,
    0xEB, 0x8E, 0x55, 0xF2, 0x20, 0x58, 0x93, 0x8B, 0x2F, 0xE8, 0x43, 0x67, 0x62, 0x54, 0xCC, 0x3B,
    0xE8, 0x94, 0xF8, 0x03, 0xEA, 0xEA, 0x1F, 0x56, 0x72, 0xC9, 0x84, 0x33, 0x5D, 0x4B, 0x0D, 0x02,
    0x39, 0xC7, 0x78, 0xB0, 0x45, 0xA5, 0xBB, 0x74, 0x0E, 0x9E, 0xC1, 0xB5, 0x09, 0x4F, 0xA1, 0x7E,
    0xA7, 0xDF, 0xBE, 0x5C, 0x95, 0xE6, 0x13, 0x38, 0x35, 0x3E, 0x4D, 0x13, 0x86, 0x32, 0x48, 0x9F,
    0x45, 0x30, 0x52, 0x98, 0x4E, 0xB2, 0x95, 0xEE, 0x94, 0xD4, 0xE2, 0x40, 0x85, 0x7F, 0xE0, 0x0F,
    0x99, 0x9F, 0x52, 0x29, 0x26, 0x00, 0x9F, 0xE3, 0xFB, 0xD5, 0x7A, 0x53, 0x42, 0xB2, 0xA3, 0x1C,
    0xB8, 0x41, 0x07, 0x2E, 0x13, 0xE6, 0xC6, 0xF2, 0x18, 0xFD, 0x5B, 0xC3, 0xCF, 0x16, 0x6E, 0x4F,
    0x94, 0xE2, 0x69, 0xA1, 0xC7, 0x1E, 0xC1, 0xB1, 0x6C, 0x8D, 0xF9, 0xD3, 0xB5, 0x8D, 0x10, 0xC5,
    0x67, 0x73, 0x11, 0xF9, 0xDF, 0xE6, 0xD3, 0xF2, 0x80, 0x36, 0xB7, 0x28, 0xCD, 0x4D, 0xEB, 0x47,
    0xFC, 0xBC, 0xD2, 0xF7, 0xD1, 0xA3, 0x83, 0x73, 0x17, 0x7F, 0x0C, 0x7F, 0xE7, 0x3A, 0xCE, 0x4C,
    0x71, 0x95, 0x50, 0xD0, 0x39, 0xFB, 0x78, 0xA6, 0x1A, 0xB7, 0x0E, 0x06, 0x7D, 0x22, 0xC0, 0x7C,
    0xC3, 0xC5, 0x9C, 0xFF, 0x29, 0xB6, 0xAA, 0x93, 0x89, 0xBD, 0x51, 0xC5, 0x99, 0x5C, 0xCC, 0xE0,
    0x00, 0xA6, 0x13, 0xBF, 0x57, 0xC0, 0x36, 0x84, 0x35, 0x0C, 0x37, 0xD5, 0x9B, 0x03, 0x30, 0xFD,
    0x3E, 0x8B, 0x65, 0xF2, 0x84, 0xC5, 0x32, 0x47, 0x40, 0x1B, 0x58, 0x96, 0x58, 0xC6, 0x5D, 0xCA,
    0x42, 0xA8, 0x32, 0x85, 0xEE, 0x73, 0x08, 0xDB, 0x31, 0xED, 0x46, 0xE8, 0x3E, 0xD9, 0xCB, 0x3D,
    0xF3, 0x9A, 0x5E, 0x69, 0x69, 0x4B, 0xDE, 0x75, 0xF6, 0xE4, 0x44, 0x7B, 0x12, 0xF9, 0x42, 0xF4,
    0x36, 0xBA, 0x94, 0x2C, 0x60, 0x8E, 0xC6, 0x21, 0xD3, 0xFA, 0xF8, 0xE8, 0x5A, 0xA6, 0x22, 0xCC,
    0x86, 0x8D, 0x3A, 0x55, 0x7B, 0x9F, 0xDF, 0xFE, 0x15, 0x44, 0xA1, 0x4D, 0x5A, 0xE7, 0xD1, 0x4A,
    0x7B, 0xC7, 0x64, 0x64, 0x70, 0xC3, 0x08, 0x3E, 0x65, 0x70, 0x7E, 0x4F, 0x98, 0x64, 0xBF, 0x27,
    0x4C, 0x71, 0x7F, 0x4F, 0x18, 0xBF, 0xE5, 0xCA, 0xDA, 0x13, 0x26, 0x3A, 0xB7, 0x27, 0x4C, 0x30,
    0x89, 0xEB, 0x09, 0xF3, 0xD3, 0x85, 0x4C, 0xFE, 0x8D, 0x73, 0x7B, 0xC2, 0x74, 0x60, 0xD0, 0x13,
    0x66, 0x04, 0x33, 0xB9, 0x7C, 0xB6, 0x5F, 0x5A, 0xE7, 0x93, 0x95, 0x9A, 0x4C, 0xBE, 0xEC, 0xF5,
    0x84, 0xE9, 0xF6, 0x7A, 0xC2, 0x80, 0xD9, 0xEB, 0x09, 0xB3, 0xD0, 0x05, 0x5F, 0x29, 0x83, 0xF1,
    0xE2, 0x58, 0x21, 0xFF, 0x9E, 0x63, 0xC4, 0xF1, 0x79, 0xFF, 0x3A, 0xB8, 0x2C, 0xDA, 0xC1, 0x65,
    0xD0, 0x0E, 0x2E, 0x10, 0xE7, 0x0C, 0x03, 0xCB, 0xC8, 0xA0, 0xD2, 0xC2, 0xEF, 0x14, 0x74, 0x6E,
    0x67, 0x6B, 0x1A, 0x8D, 0x2E, 0x48, 0xB6, 0x76, 0xB6, 0x1E, 0x95, 0x26, 0x96, 0xB6, 0x39, 0xBA,
    0x22, 0xF6, 0xA8, 0x49, 0x6D, 0x95, 0x16, 0x4A, 0x27, 0xA5, 0xD1, 0x4A, 0x6B, 0x95, 0x32, 0xA5,
    0xF1, 0x80, 0x72, 0x33, 0x0B, 0xDA, 0x2B, 0xCD, 0xD7, 0xCE, 0xD6, 0xAA, 0x9F, 0xA1, 0xB2, 0xE3,
    0x57, 0x74, 0xB6, 0x0E, 0xEA, 0x50, 0x4D, 0x08, 0x28, 0x3D, 0x79, 0xCF, 0x86, 0xAE, 0x61, 0xFD,
    0xF0, 0x19, 0x87, 0xFA, 0xFB, 0x74, 0x65, 0x38, 0x87, 0xEC, 0x0F, 0xCD, 0xC0, 0x19, 0xB6, 0x0E,
    0xE7, 0x78, 0x04, 0x24, 0x0A, 0xC1, 0x14, 0xD9, 0xF3, 0x94, 0xAE, 0x10, 0xA1, 0x25, 0xEC, 0xFF,
    0x10, 0x24, 0x77, 0xCD, 0x60, 0x20, 0x3C, 0x58, 0x58, 0xEC, 0xEB, 0x4E, 0x0B, 0x28, 0xFF, 0x48,
    0x41, 0x8E, 0x66, 0x40, 0x32, 0x29, 0xD8, 0x74, 0x24, 0x40, 0x6D, 0xA4, 0x15, 0x06, 0x33, 0x0C,
    0x76, 0x18, 0xC3, 0x3C, 0x45, 0x87, 0xF3, 0xCA, 0xA5, 0xA1, 0x12, 0x8C, 0x42, 0x48, 0x88, 0x26,
    0xB6, 0xC1, 0x1D, 0x19, 0x95, 0xB1, 0x2E, 0x00, 0xC0, 0x47, 0x41, 0x6D, 0x71, 0x32, 0xBB, 0x42,
    0x99, 0xAD, 0xB2, 0x9D, 0xEF, 0xEC, 0x8B, 0x78, 0x7C, 0x9E, 0x88, 0xFB, 0x4D, 0x0F, 0xB5, 0x99,
    0x88, 0x66, 0xD9, 0xA8, 0xC1, 0x86, 0xD6, 0xFE, 0x58, 0xEA, 0xA9, 0x92, 0xBC, 0x57, 0x19, 0xF9,
    0xF9, 0xE5, 0xA7, 0xB1, 0x02, 0xA6, 0xEA, 0x17, 0xBB, 0xE8, 0x89, 0xB6, 0xD1, 0x19, 0x1A, 0xDD,
    0x95, 0xD0, 0x82, 0x18, 0x15, 0xC3, 0x70, 0xDE, 0x40, 0xEC, 0x91, 0xF8, 0xC7, 0xFB, 0x58, 0x45,
    0x4A, 0xD8, 0x42, 0xEF, 0x50, 0xFD, 0xAB, 0x4F, 0xD4, 0x3F, 0x1D, 0x5C, 0x3C, 0x9D, 0x3B, 0xA0,
    0x1B, 0x83, 0x54, 0xE3, 0x53, 0x19, 0xA2, 0xC3, 0x59, 0x14, 0x7A, 0x50, 0x00, 0x0A, 0x95, 0x60,
    0xAF, 0xF5, 0xA4, 0x7F, 0x9F, 0x4F, 0x99, 0xEA, 0x54, 0x6F, 0xEA, 0x1F, 0xD4, 0x2B, 0x1A, 0x77,
    0x7D, 0x00, 0xE3, 0xAE, 0x71, 0xC6, 0xDD, 0x3B, 0x52, 0xFF, 0x68, 0xDC, 0x59, 0x55, 0xFF, 0x66,
    0xAA, 0x7F, 0xCC, 0xA6, 0xC7, 0xD9, 0x5C, 0x2A, 0x39, 0x15, 0xE5, 0x80, 0xCD, 0x90, 0x2B, 0xF1,
    0x42, 0x6B, 0x46, 0x56, 0xF5, 0x2F, 0x9A, 0xE8, 0xA7, 0x69, 0x74, 0xFB, 0xAF, 0x7E, 0x21, 0x6B,
    0x0F, 0xBF, 0xCB, 0xBE, 0x86, 0x92, 0x39, 0x38, 0x57, 0x3F, 0xC9, 0x90, 0x5C, 0xD4, 0x65, 0x38,
    0xE7, 0x5B, 0x68, 0x26, 0xF4, 0x0F, 0x46, 0xCC, 0x5F, 0x4C, 0xB8, 0xBA, 0xD3, 0x12, 0x90, 0x33,
    0x1A, 0x78, 0x40, 0xA7, 0xC2, 0x6D, 0x0E, 0x3A, 0x3B, 0x55, 0x46, 0x3D, 0x1B, 0x2C, 0xB4, 0xD0,
    0x56, 0x53, 0xD6, 0x3F, 0x67, 0x4C, 0xB7, 0x3C, 0xA0, 0x93, 0x99, 0xD1, 0xF0, 0xC5, 0x02, 0x30,
    0x7A, 0x1C, 0x72, 0x86, 0xF3, 0xF6, 0xE3, 0x49, 0x34, 0x42, 0x7E, 0xC8, 0x09, 0x92, 0x96, 0x40,
    0xEB, 0xED, 0x55, 0x00, 0x54, 0x92, 0xFA, 0xD7, 0x53, 0x49, 0x7E, 0x57, 0xAE, 0xC8, 0x2F, 0xCC,
    0x11, 0x5B, 0xDA, 0x2F, 0x80, 0x27, 0x01, 0x95, 0x99, 0xD8, 0xB1, 0xEF, 0x91, 0xB3, 0x7A, 0xED,
    0xC3, 0x1D, 0x38, 0x06, 0xD0, 0x59, 0xB0, 0x5A, 0xE3, 0x19, 0x9A, 0x3C, 0x02, 0x2E, 0x35, 0x14,
    0xF5, 0x1C, 0x2B, 0x1A, 0x21, 0x0D, 0xE7, 0xF1, 0x14, 0x77, 0x89, 0x5C, 0x1D, 0x71, 0x07, 0x4A,
    0xB8, 0xEA, 0xD2, 0x52, 0xA1, 0xCB, 0xE9, 0x31, 0x3A, 0xA0, 0x5C, 0x8D, 0x80, 0xD7, 0xA9, 0x73,
    0xFF, 0xB2, 0xF3, 0x8A, 0x7E, 0x22, 0xF1, 0x23, 0x07, 0xE1, 0xE4, 0xC7, 0x49, 0xE2, 0x1E, 0x70,
    0x85, 0xA2, 0x25, 0x06, 0x30, 0x7B, 0xDD, 0x22, 0x3D, 0x4F, 0x5A, 0xCE, 0xB7, 0xAE, 0x6A, 0x01,
    0x7C, 0x1D, 0x50, 0x98, 0x79, 0xFF, 0xAD, 0x7D, 0x1D, 0x33, 0x12, 0x3D, 0xF3, 0x51, 0xFE, 0x52,
    0xF5, 0x18, 0xC2, 0xDC, 0x65, 0xEB, 0xF6, 0x80, 0xA4, 0xC7, 0x96, 0x99, 0x74, 0xD4, 0xA1, 0xDB,
    0x0D, 0xB4, 0xEB, 0x7A, 0xC9, 0xB4, 0x32, 0xAC, 0x45, 0xC6, 0x7A, 0x9A, 0xF5, 0x21, 0x68, 0xEB,
    0xBE, 0x64, 0x01, 0x3A, 0xD3, 0xAA, 0x3B, 0xD7, 0xCE, 0x71, 0x0C, 0x98, 0xB7, 0x54, 0x05, 0x4E,
    0xB7, 0xEF, 0xDA, 0xAF, 0x01, 0x95, 0x9F, 0x97, 0x42, 0x2B, 0x83, 0x89, 0x0C, 0x8F, 0x3E, 0x26,
    0x18, 0x63, 0xE7, 0x11, 0x95, 0x53, 0xE9, 0x79, 0x39, 0x9D, 0x19, 0xD5, 0xE7, 0x01, 0xA2, 0x6F,
    0x02, 0x95, 0x04, 0x3F, 0xE0, 0x45, 0xAE, 0x25, 0xFB, 0xFB, 0x26, 0xC5, 0xE6, 0xDF, 0x7D, 0x84,
    0xA3, 0x55, 0xE0, 0x27, 0xAE, 0x1D, 0xA9, 0x17, 0xDE, 0x99, 0x3B, 0x2A, 0x14, 0x4C, 0xA0, 0xB9,
    0x9A, 0xD6, 0x08, 0x2E, 0x7F, 0xF4, 0x1C, 0x09, 0x77, 0x22, 0xEE, 0x64, 0xDC, 0x09, 0xB9, 0x93,
    0xF2, 0x55, 0xCC, 0x29, 0xE7, 0x4E, 0xD0, 0x29, 0xE9, 0x9B, 0xA8, 0x53, 0xD6, 0x29, 0xEC, 0x9B,
    0xB4, 0x53, 0xDC, 0x29, 0xEF, 0x14, 0x78, 0x4A, 0x3C, 0xC1, 0x4D, 0xB1, 0x25, 0x74, 0x84, 0x16,
    0x90, 0x7A, 0xF5, 0x74, 0x78, 0x3A, 0x4A, 0x3E, 0x45, 0xDF, 0x93, 0x07, 0x08, 0x3F, 0x2D, 0x5A,
    0x27, 0x79, 0x45, 0x0D, 0xA8, 0x14, 0xF4, 0x26, 0xB8, 0x3D, 0xD7, 0xE7, 0x3F, 0xB2, 0x4C, 0xC0,
    0xB0, 0x26, 0x19, 0x10, 0x2B, 0xF4, 0x00, 0x94, 0x09, 0x18, 0x58, 0x63, 0xE8, 0xA0, 0xA1, 0x15,
    0x19, 0x4F, 0x9F, 0x51, 0x26, 0x70, 0xD9, 0xCF, 0xAF, 0x7F, 0x70, 0x7B, 0xB1, 0xB3, 0xCB, 0x04,
    0x22, 0x55, 0x4C, 0x92, 0x21, 0xEB, 0x77, 0x44, 0x7F, 0xB0, 0x4D, 0xDB, 0x7D, 0xDB, 0xE3, 0xC1,
    0x95, 0x04, 0xEC, 0x5E, 0xA8, 0x53, 0xAB, 0x04, 0xB5, 0x1A, 0xE3, 0x63, 0x5B, 0x25, 0x41, 0xCF,
    0x36, 0xCB, 0xAB, 0x2C, 0x86, 0x20, 0x67, 0x57, 0x12, 0xBC, 0x37, 0x6D, 0xD5, 0x08, 0x89, 0x97,
    0x60, 0x81, 0x41, 0xF7, 0x80, 0xF6, 0x29, 0xAD, 0xB8, 0xDF, 0xBC, 0xD5, 0x61, 0x4C, 0x30, 0x0B,
    0xE1, 0x45, 0xC2, 0x55, 0xC2, 0xC1, 0xD9, 0x89, 0x1A, 0xEF, 0xBC, 0x91, 0x9A, 0x12, 0x0E, 0xE6,
    0x7E, 0xC3, 0xC9, 0x78, 0x80, 0xD4, 0xAE, 0x24, 0x05, 0x91, 0x0E, 0x4D, 0xA2, 0xFD, 0x1C, 0x0C,
    0xA6, 0x12, 0xF3, 0xA4, 0x59, 0xAF, 0x79, 0x7E, 0x1A, 0x67, 0xD2, 0xC0, 0xA2, 0x6E, 0x7E, 0x32,
    0x24, 0xE0, 0x72, 0x10, 0x64, 0x8F, 0xCB, 0xEB, 0xC6, 0x71, 0x17, 0x10, 0x9E, 0x3B, 0xD7, 0xA0,
    0x37, 0x9B, 0x45, 0x6F, 0x36, 0x93, 0xDE, 0xB3, 0xE9, 0x37, 0x5B, 0xDE, 0x71, 0xB2, 0x46, 0xF1,
    0xC9, 0x35, 0x27, 0x1C, 0x27, 0xDA, 0x2B, 0x50, 0x23, 0x17, 0x2D, 0x97, 0xF1, 0x07, 0x58, 0xD5,
    0x23, 0xFE, 0x80, 0x6B, 0xCF, 0x59, 0xF7, 0xA6, 0x69, 0x95, 0x43, 0x1A, 0x46, 0x0F, 0x0E, 0x61,
    0xCF, 0x78, 0x5C, 0x39, 0xAC, 0x09, 0x5C, 0xF9, 0x4F, 0xCB, 0x7E, 0xE3, 0x90, 0x1F, 0x09, 0x0E,
    0xDE, 0xC7, 0xBC, 0x27, 0x57, 0xF4, 0x79, 0xC7, 0x25, 0x51, 0xB5, 0xEE, 0xE1, 0x71, 0xC3, 0x3E,
    0x8E, 0xF8, 0x2B, 0x33, 0x2D, 0x7D, 0x9D, 0x50, 0x67, 0xEA, 0xE3, 0x7A, 0x02, 0xF9, 0xCD, 0xC2,
    0xD5, 0xEB, 0x6E, 0x1D, 0xEB, 0xFF, 0xA6, 0x89, 0x76, 0x7D, 0xB8, 0xE0, 0x20, 0xC3, 0x6B, 0x6A,
    0x45, 0x09, 0x9E, 0x29, 0x72, 0x30, 0x2A, 0xD4, 0x80, 0xAA, 0x44, 0x86, 0x49, 0xC3, 0xD0, 0x8C,
    0xA0, 0xCF, 0x3E, 0xFD, 0x3F, 0x4D, 0x3D, 0x2B, 0x54, 0x2F, 0x4D, 0xA8, 0x53, 0x26, 0x54, 0x2F,
    0x4F, 0x2A, 0x07, 0xCD, 0xB3, 0x30, 0x0F, 0x05, 0x77, 0x89, 0x85, 0x4B, 0x34, 0x7D, 0x32, 0x92,
    0x5B, 0x63, 0x28, 0x13, 0x54, 0x3C, 0xE9, 0x91, 0xD1, 0xF9, 0xDE, 0x48, 0xAA, 0xCB, 0x5C, 0x4E,
    0x08, 0x26, 0x7D, 0xEF, 0x24, 0xD5, 0x64, 0x84, 0x8B, 0x84, 0x43, 0x5F, 0x52, 0xFF, 0xD7, 0x04,
    0x90, 0x01, 0xD0, 0xF4, 0x5B, 0x37, 0xD0, 0x07, 0x4B, 0x6A, 0xB9, 0x27, 0xA9, 0x22, 0xA2, 0x64,
    0x79, 0xA0, 0xA4, 0x0E, 0x9B, 0xA4, 0x2A, 0xA1, 0x90, 0xC6, 0x4A, 0x92, 0xD6, 0x25, 0x05, 0x7D,
    0xA2, 0x59, 0xDB, 0x94, 0x66, 0x13, 0xBD, 0xF8, 0x7C, 0x98, 0xB2, 0xA2, 0xCB, 0xD6, 0x28, 0xF2,
    0xE2, 0x5D, 0x1A, 0x55, 0x69, 0x47, 0x43, 0x2B, 0x77, 0x83, 0x79, 0x8D, 0x67, 0x65, 0x30, 0x72,
    0xC4, 0xA3, 0x1E, 0xB8, 0xA4, 0x35, 0xC7, 0xA9, 0xD8, 0xB2, 0x86, 0xFC, 0x8C, 0x08, 0x0E, 0x2A,
    0xFF, 0x43, 0xFF, 0xFB, 0x81, 0x1B, 0x9F, 0xF8, 0x27, 0x13, 0x30, 0x7B, 0x96, 0x78, 0xE8, 0x14,
    0xD1, 0x31, 0x10, 0x97, 0xA7, 0xC3, 0xB9, 0x6C, 0xA9, 0xA1, 0x30, 0xAE, 0xCE, 0x9C, 0xD2, 0x9E,
    0xE3, 0x51, 0xA0, 0x38, 0xF9, 0xC6, 0x43, 0xEC, 0x94, 0xDC, 0x72, 0x87, 0xF0, 0x13, 0x8F, 0x13,
    0x2F, 0x01, 0x19, 0x58, 0x72, 0xEE, 0x1A, 0xF7, 0x60, 0x0B, 0x31, 0x1F, 0x89, 0x9E, 0x10, 0x35,
    0x88, 0x17, 0x5C, 0xB1, 0x46, 0x6E, 0x98, 0x64, 0x0C, 0x46, 0xBC, 0xB6, 0xD5, 0xC5, 0x07, 0xED,
    0x63, 0xC9, 0xF0, 0xC2, 0xD0, 0x3C, 0x2B, 0xAA, 0x38, 0xD6, 0x6B, 0x4C, 0x0C, 0xBE, 0x52, 0x1A,
    0xFC, 0x12, 0xC9, 0xD3, 0x7F, 0x3F, 0x41, 0x1F, 0x99, 0xF1, 0x1E, 0x62, 0xE8, 0xED, 0x40, 0xD2,
    0x4A, 0xAB, 0x3F, 0xA4, 0xB8, 0x67, 0x34, 0x1E, 0xBF, 0x78, 0xA9, 0x4B, 0x07, 0xDE, 0xBA, 0x1A,
    0x95, 0x20, 0xB3, 0xCA, 0x95, 0xE6, 0xF0, 0x3D, 0x3F, 0xF6, 0x3E, 0xCC, 0x22, 0x64, 0xB5, 0x65,
    0x5C, 0x89, 0xF2, 0x50, 0x9D, 0x3D, 0x8B, 0xE9, 0xBB, 0x30, 0x8B, 0xA5, 0x9B, 0xC5, 0xFA, 0x9C,
    0x59, 0x98, 0x1E, 0x30, 0x0B, 0x01, 0x52, 0x00, 0x42, 0xD0, 0xDF, 0x64, 0x16, 0x46, 0xC3, 0xAC,
    0x88, 0xFF, 0x0F, 0xE5, 0xDB, 0x01, 0xC4, 0x25, 0x59, 0x7E, 0xF7, 0xF1, 0x4F, 0x55, 0xCD, 0xF4,
    0x9D, 0x7D, 0xEB, 0x35, 0xD5, 0x18, 0x98, 0x6C, 0x92, 0xBB, 0x58, 0x6C, 0x98, 0xED, 0x3B, 0x58,
    0x0C, 0xBA, 0xBB, 0x4A, 0x88, 0x60, 0x91, 0x05, 0x01, 0xC8, 0x02, 0x58, 0x64, 0x17, 0xC1, 0x60,
    0x66, 0x6E, 0xCD, 0x06, 0x10, 0x18, 0x20, 0x92, 0x45, 0x16, 0x0B, 0x09, 0x64, 0x31, 0x68, 0x74,
    0xF7, 0xAD, 0x15, 0x11, 0x20, 0xB9, 0xB2, 0x80, 0xC5, 0x96, 0x0D, 0x42, 0x88, 0xAD, 0xA5, 0x76,
    0xF6, 0xC6, 0xD6, 0xBD, 0x27, 0x39, 0xE7, 0x18, 0xF7, 0x3E, 0xB6, 0x19, 0x64, 0xF3, 0xF4, 0xF3,
    0x3C, 0xFB, 0x77, 0xEB, 0xF7, 0xD7, 0xBA, 0xEB, 0xA9, 0x73, 0xBE, 0xDF, 0x7B, 0x6E, 0x9D, 0x7A,
    0xDC, 0x76, 0xAE, 0x05, 0x14, 0x47, 0x50, 0x9D, 0x40, 0x9D, 0x5B, 0x13, 0xC0, 0x5B, 0xB9, 0x3D,
    0xDC, 0x81, 0x29, 0xB5, 0x62, 0xDC, 0x76, 0xA8, 0x86, 0xB6, 0xC7, 0xAA, 0x4F, 0xAD, 0xD1, 0x0E,
    0x78, 0x90, 0xDB, 0xC3, 0xDC, 0x76, 0x21, 0xC4, 0x16, 0x42, 0xD8, 0x53, 0x8D, 0xD6, 0x23, 0xAB,
    0x41, 0x33, 0xD2, 0x74, 0x9A, 0x89, 0xB5, 0xD4, 0x1E, 0xE5, 0xF6, 0x94, 0x7A, 0x62, 0xA6, 0x9E,
    0x6D, 0xC3, 0x50, 0x86, 0x30, 0xEE, 0xC2, 0x50, 0xC5, 0xF3, 0x5F, 0x5C, 0x4D, 0x0F, 0xDA, 0x21,
    0xB7, 0xFD, 0xE5, 0x9F, 0x1A, 0xE0, 0xDE, 0xB7, 0x07, 0x76, 0x61, 0xB0, 0x0A, 0xA1, 0xB7, 0x1E,
    0x76, 0x9D, 0x0F, 0x6C, 0x99, 0xED, 0x54, 0xA3, 0x93, 0x7A, 0x70, 0xD4, 0xF4, 0x16, 0x1B, 0xC5,
    0xA2, 0x55, 0x2E, 0xB6, 0xAA, 0x83, 0xE7, 0xAA, 0xD9, 0x49, 0x3D, 0x39, 0x59, 0x4F, 0x5F, 0x0A,
    0x76, 0xD3, 0xBB, 0xE1, 0x47, 0x3F, 0xFA, 0x64, 0xDA, 0x86, 0xAF, 0x86, 0x61, 0xB3, 0xAC, 0x4E,
    0xEE, 0xF5, 0xBE, 0x7B, 0x65, 0x3C, 0x5D, 0xBE, 0xFE, 0x65, 0xFC, 0xAE, 0x2B, 0xD5, 0x76, 0x97,
    0x63, 0xDD, 0x8C, 0xA0, 0xCC, 0x6D, 0x35, 0x80, 0x8D, 0x73, 0xDD, 0x52, 0x59, 0x1D, 0x11, 0x26,
    0x65, 0x40, 0xB1, 0xEB, 0xD0, 0xA4, 0x80, 0x3F, 0x85, 0x83, 0x5C, 0xD7, 0xAB, 0xE9, 0x5D, 0xF2,
    0xD0, 0x10, 0xCF, 0x46, 0xDB, 0xEC, 0x21, 0xFC, 0x33, 0xAC, 0xC2, 0x04, 0xEB, 0x0F, 0x17, 0x78,
    0xCF, 0x03, 0xB8, 0xEF, 0x95, 0xDB, 0xAB, 0x82, 0x8F, 0xA0, 0x9A, 0xA0, 0x89, 0x39, 0x6F, 0x06,
    0xAA, 0xE5, 0x03, 0x34, 0xE1, 0x5B, 0xD8, 0x7C, 0xB3, 0xC7, 0xD3, 0xD5, 0x40, 0x39, 0x16, 0x13,
    0x45, 0xEF, 0x6B, 0x57, 0xD4, 0x64, 0x37, 0x59, 0x4E, 0xB6, 0x93, 0xF5, 0x24, 0x3F, 0x59, 0x50,
    0x36, 0x94, 0x15, 0x65, 0x47, 0x59, 0x52, 0xB6, 0x94, 0x35, 0x65, 0x4F, 0x59, 0x94, 0x64, 0x4A,
    0x52, 0x25, 0xB9, 0x92, 0x64, 0x65, 0x5B, 0xD2, 0x20, 0xF2, 0xC0, 0x2F, 0x5C, 0xF1, 0xAC, 0x05,
    0xAF, 0x85, 0xE1, 0x2E, 0xEA, 0xFA, 0x3A, 0x2C, 0x10, 0xA0, 0xED, 0x67, 0xEA, 0x1F, 0x2E, 0x14,
    0x3F, 0x0E, 0x59, 0x54, 0xF6, 0x14, 0x35, 0x65, 0x4B, 0xD7, 0xBA, 0x7C, 0xEA, 0xAC, 0xA4, 0x99,
    0x72, 0x9B, 0x81, 0xD4, 0x5A, 0x13, 0x84, 0x7F, 0xDA, 0x27, 0x2D, 0x3F, 0xBB, 0x6B, 0xAB, 0xE8,
    0x09, 0x08, 0x39, 0x7B, 0x68, 0x06, 0xCC, 0xAB, 0x9E, 0x6A, 0x69, 0xD0, 0x84, 0xF7, 0x93, 0xA2,
    0x8F, 0x6E, 0xDC, 0x5A, 0x3A, 0x57, 0x7D, 0x28, 0x7B, 0xAC, 0xC3, 0x77, 0x62, 0x7B, 0xB4, 0x09,
    0xF0, 0x76, 0x79, 0x90, 0x15, 0x82, 0x17, 0xAD, 0xAC, 0xF7, 0x6F, 0xBF, 0xC2, 0xA2, 0xC3, 0x66,
    0x7E, 0x9D, 0x5D, 0x78, 0xCA, 0xD4, 0x1E, 0xE8, 0xFE, 0xF8, 0x23, 0x89, 0x6B, 0x1E, 0xF6, 0x26,
    0xBA, 0x78, 0x56, 0x0F, 0xCA, 0xA9, 0x7C, 0x09, 0xCB, 0xEB, 0x55, 0x20, 0xF1, 0x50, 0x84, 0x11,
    0x56, 0xBF, 0x98, 0x61, 0xD3, 0x3D, 0x83, 0x77, 0xAD, 0xE5, 0xF2, 0x9B, 0xB6, 0x8F, 0xCB, 0xF5,
    0x14, 0xC5, 0x09, 0xAB, 0x80, 0xF5, 0xDF, 0xF4, 0x3C, 0x5E, 0x0D, 0xCC, 0xE5, 0xA4, 0xDC, 0xFB,
    0x3E, 0x70, 0xD3, 0x76, 0x7E, 0x0F, 0x80, 0x00, 0xCA, 0x6C, 0xA6, 0x3E, 0x80, 0xF5, 0x00, 0xF7,
    0x1F, 0x25, 0xF7, 0xEF, 0x68, 0xE0, 0xB1, 0xF7, 0x61, 0x1D, 0x0E, 0x50, 0x87, 0x11, 0x3C, 0x77,
    0xEB, 0xD5, 0x97, 0xD0, 0x64, 0x3E, 0x48, 0x83, 0x38, 0x52, 0xFC, 0x60, 0x7A, 0x5B, 0x39, 0xF6,
    0x13, 0x87, 0xD5, 0x98, 0x9D, 0x69, 0x03, 0xCA, 0xEF, 0xBA, 0x6E, 0xA3, 0xD9, 0x24, 0x9B, 0xFD,
    0xE5, 0x3D, 0xAE, 0x5A, 0x80, 0x9D, 0xA4, 0xAB, 0xF9, 0x83, 0xA4, 0xAB, 0xB8, 0xD3, 0xBA, 0x5E,
    0x85, 0x4D, 0x27, 0xDB, 0xB2, 0xDE, 0x63, 0x35, 0x45, 0x5D, 0x73, 0xD4, 0xF5, 0x85, 0x9B, 0xA1,
    0xCB, 0xFD, 0x2B, 0xCF, 0x55, 0xDB, 0x01, 0x7C, 0x33, 0x4B, 0xA8, 0xF6, 0x70, 0xBF, 0xFE, 0xC7,
    0xA4, 0xEB, 0xC1, 0x9D, 0xD6, 0x05, 0xCA, 0x03, 0xAA, 0xE4, 0x22, 0xB8, 0x78, 0xDC, 0x2A, 0x86,
    0xE4, 0xCC, 0xCD, 0x70, 0xB6, 0xFA, 0x74, 0x17, 0xF2, 0xD5, 0xD8, 0x1E, 0x7D, 0x33, 0xEF, 0x42,
    0xAA, 0x25, 0xEB, 0xFC, 0x8D, 0xF8, 0x28, 0x84, 0x76, 0xFC, 0x6D, 0xC2, 0xE9, 0xA9, 0x62, 0xBF,
    0x9B, 0x14, 0xFD, 0xE7, 0x7B, 0xC5, 0xE0, 0x06, 0x79, 0xFA, 0x82, 0xF2, 0x1A, 0x5C, 0xDC, 0xD6,
    0x1D, 0x49, 0xEF, 0x0D, 0xE5, 0xDE, 0x43, 0xC5, 0x64, 0xE6, 0xF8, 0xF9, 0x49, 0xF6, 0xB5, 0x39,
    0xA1, 0xF8, 0xC8, 0xCD, 0xDC, 0x8C, 0xD0, 0x86, 0x10, 0x16, 0x39, 0x05, 0x0E, 0xE4, 0x3C, 0x31,
    0x27, 0x6B, 0x93, 0x72, 0xE1, 0xBB, 0xAA, 0xC5, 0x7D, 0x31, 0xDF, 0xA5, 0x3A, 0x98, 0x59, 0xCD,
    0x26, 0x71, 0x12, 0x13, 0x75, 0xCA, 0x66, 0xAA, 0x22, 0xF6, 0xB1, 0xDA, 0xA7, 0x1C, 0x58, 0xEF,
    0xCB, 0x9E, 0xCD, 0x90, 0x91, 0x29, 0xF7, 0x31, 0xAB, 0x41, 0xDB, 0xAB, 0x07, 0xDB, 0x5E, 0x33,
    0xD8, 0x75, 0xD6, 0xFD, 0x26, 0x84, 0x10, 0xBA, 0x36, 0xA6, 0x17, 0xD5, 0xE6, 0xE2, 0x23, 0x7D,
    0x97, 0x72, 0xDB, 0x9F, 0xF7, 0x53, 0xDF, 0xE8, 0xD2, 0x9B, 0xB0, 0xFD, 0xCB, 0xD9, 0xB1, 0x3C,
    0x54, 0x73, 0x71, 0xA8, 0xC7, 0x72, 0x6E, 0x86, 0x6A, 0xDA, 0x74, 0xCD, 0xD0, 0xDA, 0xDA, 0xAE,
    0x0E, 0x76, 0xBB, 0xDE, 0x6E, 0xE6, 0x39, 0x76, 0xF9, 0xD8, 0xB7, 0xFD, 0x6A, 0x68, 0xFF, 0x6B,
    0xA7, 0x09, 0x47, 0x55, 0x98, 0xF8, 0x86, 0x73, 0x1D, 0xA8, 0x8E, 0xF2, 0xB1, 0xE0, 0x63, 0xE7,
    0xAA, 0x47, 0x68, 0xF2, 0x02, 0x58, 0xC0, 0x7B, 0x50, 0x1C, 0xCE, 0x77, 0x9B, 0xDB, 0xC0, 0x39,
    0xAF, 0x94, 0x03, 0xF7, 0x16, 0x3C, 0xCC, 0x47, 0x31, 0x9F, 0xA7, 0xF0, 0x7F, 0xC2, 0xF7, 0x0D,
    0x28, 0x83, 0xAF, 0x50, 0x87, 0x61, 0xA2, 0xF9, 0x93, 0x5F, 0x8E, 0xBC, 0x55, 0x85, 0x81, 0x2F,
    0x7A, 0x7E, 0x6B, 0xE8, 0x39, 0x79, 0x5B, 0x15, 0xFA, 0x49, 0xFD, 0xD3, 0x9F, 0xEC, 0xBD, 0xBE,
    0x0A, 0x83, 0xB7, 0x8A, 0x40, 0x9E, 0xE3, 0x15, 0x84, 0x89, 0x61, 0x82, 0x18, 0x29, 0x8A, 0x18,
    0x45, 0x8E, 0x22, 0x48, 0x91, 0xA4, 0x88, 0x32, 0xB1, 0x4C, 0x30, 0x13, 0xCD, 0x0C, 0x63, 0x27,
    0xC7, 0x5E, 0x24, 0x2A, 0x22, 0x4D, 0x4C, 0x33, 0x54, 0x99, 0xEA, 0x79, 0x6D, 0xB7, 0x40, 0x80,
    0xFA, 0x5F, 0x0F, 0xD0, 0x7E, 0x32, 0x40, 0x3C, 0x87, 0x6A, 0x6E, 0xA1, 0xE9, 0xEA, 0x01, 0xAF,
    0xFC, 0x2A, 0x6C, 0xB9, 0x65, 0xD0, 0xE7, 0x96, 0x80, 0xCB, 0xC4, 0x65, 0xE4, 0x32, 0x73, 0x19,
    0xBA, 0x4C, 0x5D, 0xC6, 0x2E, 0x73, 0x97, 0xC1, 0x67, 0xF2, 0x19, 0x7D, 0x6E, 0x03, 0x19, 0x7E,
    0xA2, 0x7F, 0xC6, 0x2F, 0xF3, 0x97, 0x05, 0xC8, 0x06, 0xB2, 0x02, 0xD9, 0x81, 0x0B, 0x09, 0xF7,
    0xC0, 0xA6, 0x27, 0x9D, 0xA1, 0x1A, 0x4E, 0x68, 0x7E, 0x32, 0xA7, 0x59, 0xF7, 0x58, 0x16, 0x54,
    0x63, 0x9B, 0xA7, 0xDC, 0xF3, 0x9A, 0xF2, 0x8A, 0x9A, 0xEC, 0x26, 0xCB, 0xC9, 0x76, 0xB2, 0x9E,
    0xEC, 0x27, 0x0B, 0xCA, 0x86, 0xB2, 0xA2, 0xEC, 0x28, 0x4B, 0xCA, 0x96, 0xB2, 0xA6, 0xEC, 0x29,
    0x8B, 0xCA, 0xA6, 0x92, 0xAA, 0xEC, 0x2A, 0xCB, 0x3A, 0xDB, 0xFA, 0x22, 0x38, 0x5E, 0x9C, 0xB7,
    0xF9, 0x8B, 0x3D, 0xCA, 0xED, 0x8C, 0x6C, 0x2A, 0x8B, 0xCA, 0x9E, 0x5E, 0xB9, 0xE1, 0x2B, 0x22,
    0x79, 0x5C, 0x4D, 0xD2, 0x85, 0x28, 0x96, 0xA4, 0xB0, 0x19, 0xA9, 0xDB, 0x39, 0x5B, 0xC8, 0x12,
    0xA2, 0x83, 0xAC, 0xE0, 0x3A, 0xD7, 0x46, 0x31, 0x22, 0x52, 0x39, 0x6F, 0x44, 0x36, 0xA8, 0xF7,
    0x5F, 0x46, 0x3B, 0x1F, 0x12, 0xF2, 0xEE, 0x76, 0x21, 0x17, 0x89, 0xC6, 0x58, 0xC8, 0xE1, 0x11,
    0xD5, 0xF0, 0x88, 0x66, 0x7C, 0x8F, 0xF6, 0x93, 0x89, 0xE5, 0xF8, 0x52, 0xB9, 0x43, 0x11, 0xBA,
    0x6F, 0x51, 0x85, 0x38, 0x9C, 0xFA, 0x0F, 0xC3, 0xC0, 0xE7, 0xEC, 0xBA, 0x44, 0x1F, 0xDA, 0xDB,
    0xF9, 0x86, 0xE7, 0x0D, 0x08, 0xC3, 0x57, 0x54, 0xF1, 0xE7, 0x56, 0x1F, 0x86, 0xBD, 0xB2, 0xF8,
    0x06, 0x9A, 0x3D, 0x79, 0x5A, 0xA7, 0x85, 0x6A, 0x6A, 0x69, 0xFA, 0xA6, 0xF7, 0xB9, 0x6B, 0xA6,
    0x5F, 0x74, 0x50, 0x4F, 0xD0, 0x2E, 0x70, 0xDC, 0x61, 0x35, 0xAE, 0x7B, 0x1A, 0xD5, 0x80, 0x3B,
    0xB7, 0x1D, 0x04, 0xF9, 0x56, 0x33, 0x61, 0xB3, 0xE0, 0xD9, 0x33, 0x8A, 0xB9, 0x65, 0x35, 0x34,
    0xDD, 0x79, 0xE6, 0xD7, 0xBE, 0x12, 0x70, 0x40, 0x75, 0x44, 0x8E, 0xC5, 0x95, 0xAD, 0x65, 0x13,
    0x39, 0x4D, 0x7C, 0xFE, 0x80, 0x99, 0x32, 0xF2, 0xEC, 0x2F, 0x14, 0x1D, 0xB5, 0x59, 0x4F, 0x3E,
    0x4E, 0x92, 0x98, 0xA8, 0xA5, 0xFA, 0xF4, 0x38, 0x24, 0x1D, 0x56, 0x53, 0x56, 0xDF, 0xC4, 0x23,
    0xA9, 0x88, 0x0A, 0xB2, 0x80, 0xF6, 0xD3, 0xA3, 0xCF, 0xEC, 0x76, 0x9D, 0x4D, 0xFA, 0xD1, 0x47,
    0xD0, 0x8C, 0x9A, 0x83, 0x7B, 0x0B, 0xEF, 0xC5, 0x57, 0x31, 0x5B, 0xED, 0xE5, 0xBA, 0xA7, 0x08,
    0xDA, 0xA0, 0x3D, 0x71, 0x64, 0x51, 0x2C, 0xCA, 0x45, 0x15, 0x99, 0xA9, 0x26, 0xAB, 0x49, 0x3D,
    0xA5, 0x1F, 0xB0, 0x7F, 0xBB, 0x19, 0xA6, 0xF5, 0xBF, 0x0F, 0xEB, 0xD0, 0x35, 0x8B, 0xF2, 0xA3,
    0x6B, 0x9D, 0xC1, 0x25, 0xEE, 0x6A, 0x39, 0x1F, 0x46, 0xAC, 0xF6, 0x9A, 0xC9, 0x7A, 0x8A, 0xB9,
    0xEA, 0x81, 0x5F, 0xD3, 0xF4, 0xA2, 0xAC, 0xCD, 0xA8, 0x1D, 0x6D, 0xF6, 0xEA, 0x0E, 0xC5, 0xF3,
    0x98, 0xDB, 0x70, 0xA0, 0x0A, 0x7F, 0x1D, 0x3A, 0xCD, 0xA4, 0x1D, 0xE2, 0xAB, 0x99, 0x04, 0xEA,
    0x39, 0x4F, 0xBD, 0x3A, 0xC4, 0xAC, 0xA7, 0x98, 0x4D, 0xDA, 0x5F, 0xAD, 0x47, 0xCA, 0xE3, 0x66,
    0x88, 0xD9, 0xC6, 0x5C, 0x62, 0x56, 0x9F, 0x66, 0x1F, 0x41, 0xC5, 0x5C, 0xCD, 0xED, 0x40, 0x33,
    0xA5, 0x1C, 0x63, 0x6E, 0x86, 0x84, 0xA8, 0x8F, 0xC0, 0x82, 0x7A, 0x52, 0x2D, 0xF1, 0xD5, 0x4C,
    0x84, 0xFF, 0x08, 0xBD, 0x84, 0x8A, 0xE2, 0xEF, 0x3A, 0xAE, 0xD6, 0x13, 0x28, 0x4F, 0x50, 0xA5,
    0x2C, 0x33, 0xCF, 0x8F, 0x2F, 0x16, 0xCA, 0x4C, 0xFB, 0xED, 0x04, 0x67, 0xA7, 0x9A, 0xB4, 0x7D,
    0x3D, 0x6A, 0x87, 0x66, 0x88, 0x97, 0x8D, 0xD1, 0x76, 0x36, 0xC3, 0x36, 0xEA, 0xD9, 0xD1, 0xF6,
    0x31, 0xBA, 0x1D, 0x5B, 0x3B, 0x4E, 0x76, 0x11, 0x69, 0xDB, 0x55, 0x73, 0x3C, 0x67, 0xAF, 0x99,
    0xB7, 0x9D, 0x2A, 0x2C, 0xF8, 0xAD, 0xAB, 0xA3, 0x79, 0x0C, 0x21, 0x45, 0x17, 0x03, 0x1E, 0xCA,
    0x75, 0xB9, 0xE7, 0x1B, 0x61, 0x33, 0x41, 0x31, 0xC9, 0x7A, 0xD1, 0x74, 0xC0, 0xAD, 0x50, 0xF0,
    0x0A, 0x34, 0xFB, 0x18, 0x33, 0x69, 0xE5, 0xF1, 0x9E, 0x1C, 0x79, 0x5A, 0xAB, 0x81, 0x5C, 0xD7,
    0xA9, 0xE2, 0x5D, 0xB0, 0x40, 0x15, 0x73, 0xF3, 0xD5, 0x11, 0xE1, 0xC7, 0xA8, 0xC2, 0x8C, 0xF5,
    0xB0, 0xE0, 0x91, 0x0D, 0xEE, 0xDF, 0x12, 0xDA, 0xFC, 0x3F, 0xB0, 0xE9, 0x60, 0xDB, 0xB1, 0xEA,
    0x8F, 0x58, 0xFF, 0xDB, 0x84, 0xED, 0xE5, 0x43, 0xC3, 0x63, 0x34, 0x5D, 0xD3, 0xBD, 0xF8, 0xA1,
    0x61, 0x96, 0xF9, 0x67, 0x01, 0xD9, 0x80, 0xA4, 0x40, 0x72, 0x20, 0xBF, 0x92, 0x05, 0x49, 0x83,
    0xE4, 0x21, 0x65, 0x27, 0x99, 0xC8, 0x2A, 0xB2, 0x8B, 0x2C, 0x23, 0xDB, 0xC8, 0x3A, 0x92, 0x8F,
    0xB3, 0x90, 0x1E, 0xAA, 0xE9, 0xBC, 0x95, 0xF5, 0x3C, 0x4D, 0xE2, 0xB5, 0xB0, 0x4F, 0x46, 0xA6,
    0x5B, 0x69, 0xA4, 0xEC, 0x89, 0xD8, 0x58, 0xCD, 0x69, 0x66, 0xAB, 0x9E, 0x36, 0x5E, 0xBB, 0xDE,
    0x9E, 0x1F, 0x1D, 0x1E, 0x67, 0x13, 0x59, 0xC4, 0x75, 0x2E, 0x82, 0x55, 0x0F, 0xCD, 0x94, 0xF2,
    0x00, 0x9E, 0x60, 0xD3, 0x7D, 0x8C, 0xF0, 0xC3, 0x91, 0x2A, 0xFC, 0xFC, 0xB6, 0x2E, 0x85, 0x6A,
    0x1F, 0xE3, 0x80, 0x55, 0xFE, 0xD0, 0x61, 0xD5, 0x3F, 0x64, 0x3D, 0x3E, 0x61, 0xFB, 0x8B, 0x91,
    0xE5, 0xF8, 0x52, 0xE9, 0x4B, 0x43, 0x2B, 0x06, 0x9A, 0xF0, 0x9D, 0x81, 0x47, 0xEB, 0x80, 0x2F,
    0x96, 0xC7, 0xF3, 0x0A, 0xBE, 0x7C, 0xF3, 0xEF, 0x6F, 0x9F, 0x83, 0xFC, 0x18, 0xD1, 0x7F, 0x2B,
    0x3F, 0x46, 0xAC, 0x7E, 0x3F, 0x0C, 0x8A, 0x8B, 0xC7, 0x88, 0x09, 0xA7, 0x97, 0xBA, 0x02, 0x5E,
    0x05, 0x9B, 0x01, 0x12, 0xE5, 0xD5, 0x27, 0x07, 0xAC, 0xFB, 0x0F, 0xF0, 0x8E, 0x06, 0xB8, 0x63,
    0x7B, 0x9D, 0xF3, 0xEA, 0x68, 0x26, 0xB4, 0x07, 0x1C, 0x17, 0xCA, 0xE9, 0x31, 0xF5, 0xD0, 0x74,
    0x5E, 0x57, 0xF5, 0x72, 0xDD, 0xAC, 0xDD, 0xD1, 0xEF, 0x01, 0x01, 0xAC, 0x72, 0x5B, 0x1F, 0x8A,
    0x1E, 0xBB, 0x38, 0x1C, 0xC5, 0x2C, 0x36, 0xAC, 0xC6, 0x64, 0xAD, 0xDA, 0x27, 0x6D, 0xAB, 0x21,
    0x79, 0xFB, 0x23, 0x49, 0xDC, 0x91, 0x6C, 0x2E, 0xAB, 0x93, 0xDD, 0xC9, 0xF2, 0x64, 0x7B, 0xB2,
    0x3E, 0xD9, 0x9F, 0x2C, 0x50, 0x36, 0x28, 0xCB, 0x93, 0x9B, 0x2C, 0x51, 0xB6, 0x28, 0x6B, 0x94,
    0x3D, 0xCA, 0x22, 0x65, 0x93, 0xB2, 0x4A, 0xD9, 0xA5, 0x7C, 0x11, 0xD9, 0x66, 0xD6, 0x79, 0xE9,
    0xF3, 0x75, 0xD2, 0x49, 0x6C, 0x33, 0x08, 0x11, 0x21, 0xD5, 0xF4, 0x66, 0xF4, 0xD7, 0x52, 0x77,
    0x5B, 0xEE, 0x69, 0x13, 0xB6, 0xA8, 0xE9, 0x61, 0xD4, 0xF4, 0x44, 0xFB, 0xED, 0x30, 0x46, 0x4D,
    0xDD, 0xAF, 0x5F, 0xD3, 0xD3, 0x4B, 0x03, 0x76, 0x43, 0x56, 0x30, 0x89, 0x0E, 0xCA, 0x25, 0xC3,
    0xFF, 0xF2, 0x5D, 0x71, 0x50, 0xC7, 0x5C, 0x0F, 0x31, 0xF2, 0x72, 0x41, 0x15, 0xA3, 0x38, 0x78,
    0x93, 0xA7, 0x5A, 0x1E, 0xDA, 0xF2, 0xDA, 0xB5, 0x3A, 0xB8, 0xFA, 0x98, 0xA0, 0x1D, 0x9D, 0x1F,
    0x14, 0x14, 0x53, 0x54, 0x61, 0xB5, 0x4F, 0x0E, 0x9A, 0xEE, 0x2E, 0xA8, 0xF8, 0x8C, 0x07, 0x89,
    0x37, 0x29, 0xA6, 0x96, 0x55, 0x44, 0xEA, 0x7A, 0x55, 0x7C, 0x0D, 0x34, 0x8B, 0x7D, 0x1A, 0x72,
    0x35, 0xE0, 0xD1, 0xF6, 0xA7, 0x1F, 0xF6, 0x7C, 0xBF, 0x09, 0x11, 0xFE, 0x47, 0xD5, 0xE1, 0xAE,
    0x38, 0x80, 0xE2, 0x28, 0xDE, 0xCF, 0xBB, 0x51, 0xF3, 0xF7, 0x3F, 0x1C, 0xFC, 0x4E, 0x1D, 0xFE,
    0xCA, 0x5B, 0x65, 0x68, 0xF1, 0xC6, 0xF5, 0xE3, 0xA7, 0xE8, 0x41, 0x46, 0xEC, 0x2E, 0x91, 0x3E,
    0xD7, 0x13, 0xE7, 0x1B, 0xBA, 0x2A, 0xB7, 0xF2, 0xE8, 0xEA, 0x3D, 0xFD, 0x4D, 0x68, 0xE1, 0xB3,
    0x35, 0xBC, 0xA4, 0xDF, 0x6C, 0xEC, 0xC2, 0x62, 0x17, 0xC6, 0x5D, 0x98, 0xED, 0xC2, 0x3E, 0x82,
    0x97, 0x61, 0x14, 0xB9, 0x95, 0x53, 0xD2, 0x50, 0x8E, 0xD9, 0xC6, 0x3E, 0x12, 0x55, 0x0D, 0x59,
    0x4A, 0x76, 0xB6, 0xCA, 0xAD, 0xCE, 0x38, 0x9B, 0xCE, 0x7A, 0x4F, 0x23, 0x31, 0x6E, 0x92, 0x59,
    0xEB, 0xDC, 0x1E, 0x48, 0x52, 0x1E, 0xE5, 0xF6, 0x30, 0xB7, 0xA7, 0xF9, 0xEF, 0xE6, 0xD4, 0xAA,
    0x89, 0xCD, 0xA4, 0xDE, 0xD3, 0x9C, 0x8A, 0x5D, 0x34, 0x18, 0xC2, 0x09, 0x42, 0x98, 0xE0, 0xDE,
    0xDF, 0xFA, 0xD5, 0xAA, 0x46, 0xD0, 0xCC, 0x57, 0xDA, 0x94, 0xA5, 0xEC, 0xA5, 0xF3, 0xF8, 0xBA,
    0x62, 0x97, 0x80, 0x05, 0xAB, 0x29, 0x66, 0x3D, 0x71, 0x4A, 0x83, 0x3E, 0x6A, 0xF6, 0x2C, 0x9A,
    0x21, 0xBD, 0xC5, 0x06, 0xD5, 0xC1, 0x66, 0x10, 0xFF, 0x71, 0x2F, 0xCA, 0xE9, 0xD2, 0x29, 0xE2,
    0x29, 0x5B, 0xF1, 0x94, 0x10, 0xB3, 0x3A, 0x55, 0x5D, 0x33, 0xAE, 0x8F, 0x4D, 0xD7, 0xFC, 0x7C,
    0x39, 0xBD, 0xAF, 0x09, 0x63, 0x38, 0xA8, 0x43, 0x17, 0xF6, 0x8A, 0xEF, 0x65, 0xFD, 0xE7, 0x8A,
    0x10, 0x51, 0xCF, 0xD0, 0x1C, 0x52, 0x4E, 0x17, 0x43, 0xC4, 0xD5, 0x2F, 0x95, 0x7D, 0xF6, 0x7F,
    0xD6, 0xB9, 0x2B, 0x1E, 0xAB, 0xC3, 0x79, 0x19, 0x15, 0xBB, 0xAC, 0xEF, 0x22, 0xDF, 0x07, 0xB3,
    0x73, 0xBD, 0x64, 0xA5, 0x5F, 0x02, 0xC5, 0x09, 0xD4, 0x47, 0xEF, 0xA0, 0x9D, 0x9D, 0x10, 0xBA,
    0xD8, 0xAA, 0x91, 0x67, 0xC0, 0x7B, 0xA0, 0x98, 0xB3, 0xA1, 0x7D, 0x32, 0x74, 0x70, 0x8B, 0x0C,
    0x95, 0x03, 0x09, 0x93, 0x84, 0x49, 0xBE, 0x1E, 0xAD, 0x05, 0xCF, 0x8A, 0x98, 0x07, 0x0B, 0xC5,
    0x98, 0xB2, 0x37, 0x93, 0x26, 0x72, 0x8F, 0x4D, 0x1F, 0x0D, 0x1D, 0xAE, 0xD9, 0xD0, 0xE1, 0xD2,
    0x8F, 0xD0, 0x8B, 0x86, 0x36, 0xE9, 0xCA, 0xCA, 0x43, 0x6A, 0x1E, 0xDE, 0x15, 0x43, 0xE5, 0x1E,
    0xAA, 0x39, 0xE5, 0x01, 0x79, 0xE8, 0x1C, 0x59, 0x68, 0x45, 0x43, 0x6B, 0x16, 0xEA, 0x2E, 0x66,
    0xD9, 0xBD, 0x7C, 0x43, 0xBC, 0xF8, 0x1B, 0xB4, 0xDE, 0xC9, 0x03, 0x3B, 0xA1, 0x1E, 0x52, 0x7B,
    0x70, 0xFD, 0xA2, 0xAE, 0xFF, 0xC3, 0x6E, 0x89, 0x59, 0xC4, 0x7C, 0x5F, 0xCC, 0x39, 0xA5, 0x97,
    0x2F, 0xAA, 0xC8, 0x82, 0x9A, 0x43, 0x39, 0xA0, 0x3D, 0x55, 0xFD, 0x3B, 0x3C, 0xD9, 0xFD, 0xD4,
    0x89, 0x71, 0x7D, 0x8A, 0x6D, 0x58, 0xCD, 0x77, 0xCB, 0x50, 0xDB, 0xFF, 0x7F, 0x84, 0xF1, 0x21,
    0xE5, 0x2F, 0x0F, 0x4F, 0x16, 0xD5, 0x87, 0xE1, 0x67, 0x8B, 0x95, 0xED, 0xB0, 0xE0, 0xD5, 0x9B,
    0xE2, 0x06, 0xDE, 0x01, 0x4E, 0x97, 0xED, 0xFA, 0x6D, 0x5C, 0xE3, 0x26, 0x6F, 0x7A, 0xC1, 0x26,
    0xAF, 0x1A, 0x5C, 0xAD, 0x05, 0x8A, 0x94, 0x72, 0x7E, 0x86, 0xB2, 0x1B, 0xB7, 0x1D, 0x2C, 0x66,
    0xA8, 0x8E, 0x50, 0x84, 0x0E, 0xDA, 0x3D, 0x92, 0x1B, 0xBC, 0xEB, 0x4A, 0xB5, 0xE1, 0x58, 0x85,
    0x53, 0x1B, 0x96, 0x2A, 0x1C, 0x05, 0xD6, 0x84, 0xCE, 0x43, 0xB6, 0x83, 0x27, 0xB4, 0x43, 0x11,
    0xA1, 0xEF, 0xAB, 0x3D, 0xEB, 0xB1, 0xEE, 0x69, 0xA6, 0x26, 0x5D, 0xFD, 0x11, 0x56, 0x87, 0x27,
    0xA8, 0x96, 0x09, 0x65, 0xD8, 0x43, 0xE8, 0x53, 0x82, 0xD3, 0x39, 0x8B, 0xE3, 0xC5, 0x37, 0x9B,
    0x2E, 0xF3, 0x00, 0xAB, 0x98, 0x55, 0x94, 0x98, 0xF3, 0x7C, 0x73, 0x9A, 0x5E, 0x74, 0x73, 0xC2,
    0x63, 0xB0, 0x06, 0x75, 0x07, 0xA5, 0x5C, 0xF8, 0x1E, 0x1F, 0xAB, 0x4E, 0xD1, 0x63, 0x13, 0x54,
    0x8B, 0x07, 0x41, 0x75, 0xF0, 0x67, 0x6D, 0x57, 0x4F, 0xEE, 0xE7, 0xDF, 0xC2, 0xFE, 0x4F, 0x0E,
    0x31, 0xD7, 0x3D, 0x9B, 0xA1, 0x15, 0xF3, 0x31, 0xD6, 0xC3, 0x53, 0x34, 0xC3, 0x1C, 0xF3, 0x07,
    0x53, 0xCC, 0x7F, 0x18, 0x52, 0xF6, 0x31, 0xFF, 0x05, 0xEA, 0xFF, 0x4C, 0xB9, 0x20, 0xFA, 0x8C,
    0x99, 0x09, 0x0F, 0xD0, 0x80, 0x2F, 0x83, 0x8F, 0xD1, 0xFE, 0xF9, 0x1E, 0x21, 0xA9, 0xD8, 0x1D,
    0x61, 0x33, 0xDE, 0x70, 0xFE, 0x2F, 0xAA, 0xBA, 0x27, 0x8E, 0x04, 0xDA, 0x31, 0xE5, 0x90, 0xE9,
    0xDF, 0x4C, 0xE6, 0xEB, 0xC4, 0x7C, 0x3B, 0x44, 0xE6, 0xBB, 0xC1, 0x66, 0xFC, 0xD5, 0xEF, 0xDF,
    0xF8, 0xC0, 0xC5, 0xB7, 0x73, 0x52, 0x56, 0x29, 0xEB, 0x94, 0x8F, 0x6F, 0xC1, 0x4A, 0xF9, 0x5F,
    0x3E, 0x0A, 0xDD, 0x96, 0x95, 0x52, 0x74, 0xB0, 0x99, 0xAA, 0x9E, 0xED, 0xB1, 0xEE, 0x98, 0xC3,
    0x8E, 0x62, 0xDF, 0xA6, 0x07, 0x87, 0x7A, 0xBA, 0x4D, 0xA6, 0xAE, 0xEE, 0x12, 0x3E, 0x16, 0x77,
    0x09, 0x13, 0xB5, 0xED, 0x00, 0xAF, 0xDE, 0x4A, 0x47, 0xFF, 0x0D, 0xBD, 0x99, 0x01, 0xA4, 0x26,
    0x59, 0x7A, 0xFE, 0x7F, 0xA7, 0xAA, 0xA7, 0x4B, 0x4F, 0x31, 0xA7, 0x31, 0x33, 0x66, 0x7B, 0x57,
    0xD7, 0x1F, 0x03, 0x33, 0x76, 0xBB, 0xE0, 0x8F, 0xC5, 0xBD, 0xF7, 0x1C, 0x09, 0x16, 0x8B, 0x34,
    0xEC, 0x22, 0xB0, 0xC1, 0x22, 0x66, 0x49, 0x0F, 0x82, 0x4C, 0xDC, 0xE9, 0x3A, 0xD9, 0x21, 0x0B,
    0xC8, 0xC5, 0x06, 0x80, 0xC6, 0x84, 0xCC, 0x0D, 0x99, 0x41, 0x87, 0x16, 0xDD, 0xB7, 0xCE, 0xCC,
    0x02, 0x02, 0xB5, 0x0B, 0x03, 0x24, 0x35, 0xB2, 0x92, 0x25, 0x98, 0xB3, 0xA6, 0x46, 0x6A, 0x66,
    0xCE, 0x57, 0x6F, 0xEA, 0x54, 0x95, 0xEF, 0xDE, 0xBE, 0x69, 0xB3, 0xC1, 0x4D, 0x9E, 0x3A, 0xE7,
    0x39, 0x55, 0x75, 0xDE, 0xFB, 0x9C, 0xE7, 0xAD, 0x73, 0x7C, 0x5D, 0xA7, 0xFA, 0x41, 0xF8, 0x1A,
    0xBC, 0xAA, 0xDC, 0x61, 0xE1, 0xF5, 0x8F, 0xC8, 0x23, 0xD9, 0x48, 0xB1, 0xA3, 0x12, 0x7B, 0xF0,
    0x99, 0x27, 0x70, 0x05, 0xE5, 0x04, 0x06, 0x38, 0xE4, 0xF4, 0x7D, 0x2B, 0xE2, 0xC2, 0x6D, 0xC2,
    0x23, 0x42, 0x7F, 0x35, 0xDA, 0xCA, 0x51, 0x78, 0x2A, 0xB8, 0x7F, 0xEA, 0x5A, 0xF1, 0xDF, 0xC9,
    0x7D, 0xF9, 0x8E, 0xCF, 0x7E, 0xE1, 0xC9, 0xAF, 0xA2, 0x40, 0x2B, 0xDD, 0x5C, 0xDE, 0x38, 0x75,
    0xB5, 0x8C, 0x46, 0x62, 0x23, 0xE3, 0x4B, 0x3F, 0xB8, 0x0B, 0x80, 0xCC, 0xB0, 0x0B, 0x9D, 0xCE,
    0x00, 0x96, 0x68, 0x11, 0xBF, 0xD0, 0x1B, 0xF3, 0x3D, 0xCB, 0xFE, 0x6E, 0xC2, 0xD6, 0xCC, 0x3D,
    0x09, 0x5F, 0xD7, 0xF7, 0xC7, 0xEA, 0xE4, 0x71, 0xDE, 0xFF, 0x5F, 0x16, 0x00, 0x6A, 0x11, 0xE9,
    0x13, 0x75, 0xEC, 0x61, 0x52, 0x82, 0x6D, 0xA2, 0xE4, 0x0D, 0xBE, 0x45, 0xCC, 0x7B, 0x6D, 0x6F,
    0x63, 0xAC, 0xE9, 0x4C, 0x3F, 0x1F, 0x1E, 0xA0, 0x18, 0x74, 0x9C, 0x8F, 0x31, 0x1B, 0x08, 0x73,
    0xBF, 0x3B, 0xE3, 0x03, 0x20, 0x1F, 0xD3, 0xDD, 0x32, 0xAA, 0x91, 0x90, 0xF5, 0xA5, 0xBF, 0xCF,
    0x9F, 0x92, 0xF5, 0x7A, 0x34, 0xA3, 0x09, 0x8D, 0x7F, 0x9B, 0x03, 0x0E, 0xD1, 0xAE, 0x08, 0x3C,
    0x98, 0x75, 0xBF, 0x4D, 0x54, 0xB3, 0x76, 0xD1, 0x69, 0xAB, 0xB9, 0xCD, 0x21, 0xC6, 0x1E, 0x61,
    0xBA, 0xC6, 0x9B, 0xBE, 0x9D, 0x47, 0x9A, 0x5B, 0x6F, 0x1C, 0x1B, 0x8A, 0xA1, 0x0C, 0x69, 0xBC,
    0x54, 0xE7, 0x63, 0xC8, 0x86, 0x2C, 0x10, 0xD4, 0x3C, 0x4A, 0xEE, 0xB5, 0xAB, 0xEC, 0x19, 0x3B,
    0x3E, 0xA0, 0x87, 0xC5, 0x45, 0x72, 0xB7, 0xC6, 0x96, 0x73, 0x55, 0x8B, 0x4B, 0x52, 0x6C, 0x57,
    0xCE, 0xD1, 0xF7, 0x79, 0x32, 0xFB, 0x7A, 0xC0, 0xEC, 0xB0, 0xD3, 0x63, 0x1D, 0xCC, 0xD8, 0x04,
    0x13, 0xDA, 0x79, 0x44, 0xB1, 0x6F, 0x13, 0x39, 0xE0, 0x11, 0x87, 0x1C, 0xA3, 0x5D, 0x4D, 0x11,
    0xCA, 0x8E, 0x07, 0x9C, 0x40, 0x05, 0x60, 0xF6, 0x74, 0x04, 0x70, 0xB0, 0xA7, 0x3F, 0x83, 0xD7,
    0xED, 0x9B, 0xB7, 0x5C, 0x7A, 0x72, 0x7D, 0x3B, 0x7D, 0x25, 0xDD, 0x6B, 0xF4, 0x2F, 0x5B, 0x54,
    0x0F, 0xE4, 0x0B, 0x75, 0x40, 0x91, 0xA8, 0xF4, 0x80, 0x3E, 0x27, 0x97, 0x08, 0xB6, 0x21, 0x6A,
    0x80, 0xEF, 0x3C, 0xAD, 0xFE, 0x5D, 0x80, 0xFF, 0x0F, 0xF0, 0x26, 0xC0, 0x07, 0x00, 0x0F, 0xD8,
    0x43, 0x05, 0x20, 0x3F, 0xA7, 0x1E, 0x28, 0xFC, 0x9E, 0x1C, 0xD9, 0xBB, 0x85, 0xFA, 0xDB, 0x52,
    0x44, 0xA6, 0x52, 0x3E, 0x6D, 0x77, 0xD9, 0xC9, 0x0B, 0xEA, 0xC7, 0x70, 0x1B, 0xE0, 0xCE, 0x3E,
    0x99, 0x43, 0x80, 0x63, 0x80, 0xC7, 0x7B, 0x1A, 0xB7, 0xE1, 0xCC, 0xC9, 0x07, 0x3F, 0xF1, 0x32,
    0xA3, 0x97, 0x2F, 0xFE, 0x43, 0xFC, 0x8B, 0xCA, 0x2B, 0xC8, 0x3D, 0x1B, 0x15, 0x97, 0x32, 0x4A,
    0xF4, 0x3C, 0x90, 0xFD, 0x9A, 0x6A, 0xC2, 0x08, 0xAD, 0x20, 0x0B, 0x37, 0x3B, 0xEA, 0x01, 0x05,
    0xDB, 0x43, 0xA3, 0x71, 0xD0, 0x8C, 0xD0, 0x88, 0x9B, 0xEB, 0x38, 0x57, 0xB1, 0x8D, 0xEC, 0xE6,
    0xB6, 0x4B, 0xC1, 0x34, 0x1D, 0xBC, 0x0D, 0xDC, 0x04, 0x0C, 0xAD, 0x97, 0xF9, 0x68, 0xEC, 0x35,
    0x6E, 0xC1, 0x6B, 0x34, 0x1E, 0xB1, 0xE2, 0x33, 0x71, 0x89, 0x6C, 0xEB, 0x94, 0xF0, 0x0A, 0xBC,
    0x4A, 0xE9, 0x78, 0x48, 0x69, 0x4D, 0x9F, 0xEF, 0xD2, 0x92, 0x0A, 0xE5, 0x44, 0xDB, 0x6F, 0x8D,
    0xF1, 0x79, 0xC4, 0xF8, 0xE7, 0xE0, 0x2E, 0x37, 0xA8, 0x9C, 0xF1, 0x6D, 0xD7, 0xFA, 0xC6, 0x5D,
    0xE3, 0xF4, 0xD4, 0x89, 0xF8, 0x00, 0x57, 0x58, 0x56, 0x4D, 0xF2, 0xAB, 0x2C, 0x8D, 0x74, 0xCF,
    0x2C, 0x57, 0xE2, 0x78, 0x95, 0x7A, 0x13, 0xF6, 0xE5, 0xAD, 0x1F, 0xD8, 0xAB, 0x15, 0x87, 0xF3,
    0xF2, 0xD2, 0x0F, 0xAF, 0xCC, 0x39, 0xCA, 0xB2, 0x81, 0x66, 0x80, 0xCC, 0x02, 0x64, 0xC3, 0x13,
    0x28, 0x3D, 0x40, 0xD1, 0x19, 0xA8, 0x00, 0xD0, 0xDE, 0x6C, 0x2B, 0x9E, 0xDA, 0x1A, 0x18, 0x01,
    0x30, 0x18, 0xB2, 0xB0, 0x3F, 0x2D, 0x3C, 0x00, 0xF7, 0x31, 0x68, 0x16, 0x9C, 0xD1, 0x70, 0xC4,
    0x82, 0x27, 0x9C, 0xF1, 0x88, 0xBB, 0xF0, 0x1C, 0x4F, 0x88, 0x2A, 0x94, 0x82, 0x92, 0xFE, 0x89,
    0x1A, 0x73, 0x6F, 0xB4, 0x2F, 0x7F, 0x35, 0xDC, 0xCF, 0x83, 0xB6, 0xB1, 0xE8, 0x2A, 0x17, 0x4D,
    0xE9, 0xEF, 0xA8, 0xA1, 0xE8, 0x0D, 0x51, 0x0B, 0x8F, 0xF3, 0x90, 0x87, 0x33, 0x22, 0x77, 0x09,
    0x45, 0x5F, 0x84, 0x48, 0x84, 0xBC, 0x2B, 0xBB, 0xED, 0x54, 0x3B, 0xED, 0xCB, 0x4F, 0x46, 0x22,
    0xD4, 0x68, 0xAF, 0x7F, 0x35, 0xAA, 0x08, 0xC7, 0xE9, 0xF4, 0xA3, 0x31, 0x1B, 0x61, 0x40, 0xFB,
    0xEA, 0xA3, 0x21, 0x0F, 0xE4, 0x3D, 0xDA, 0xD7, 0xD9, 0x38, 0xB7, 0xA5, 0x47, 0xFB, 0x23, 0x35,
    0x6A, 0x4F, 0x05, 0x45, 0x3F, 0x12, 0x6B, 0x38, 0x24, 0xB9, 0xC2, 0x44, 0xB8, 0x06, 0xBC, 0x04,
    0xCA, 0x72, 0x19, 0xF5, 0x32, 0x3E, 0x1B, 0x98, 0x5A, 0xD0, 0x9E, 0x0D, 0x79, 0xA8, 0x3C, 0x35,
    0x1B, 0x28, 0x3B, 0xED, 0xB9, 0xCF, 0x86, 0xE4, 0xA9, 0x23, 0x9E, 0x2B, 0x39, 0xDD, 0x65, 0x81,
    0x0D, 0x18, 0x74, 0x57, 0x74, 0x4F, 0x5D, 0x9E, 0x0B, 0xD3, 0x2C, 0xB3, 0xB0, 0xC7, 0x19, 0xB5,
    0x7F, 0x72, 0xF1, 0xD2, 0xB8, 0x71, 0x79, 0xBE, 0x16, 0x5E, 0x4C, 0x97, 0xB3, 0x13, 0x81, 0x76,
    0xA4, 0x10, 0x7F, 0x9F, 0xB3, 0xD2, 0x9F, 0xDD, 0xF3, 0xF9, 0x17, 0x3B, 0xEA, 0x8F, 0x83, 0x21,
    0x56, 0x3F, 0x1D, 0x93, 0x37, 0x43, 0x93, 0x8D, 0xF5, 0xCF, 0xC2, 0x1C, 0x5D, 0x84, 0xDA, 0x19,
    0x1B, 0x55, 0xD4, 0xE2, 0x62, 0x7A, 0xBA, 0x06, 0xF3, 0xD3, 0x91, 0xC8, 0xBB, 0x6A, 0xD0, 0xBE,
    0x08, 0xB3, 0xE4, 0x3B, 0x81, 0xB8, 0xA6, 0x58, 0x84, 0x1D, 0xE6, 0x67, 0xCB, 0xA5, 0xF6, 0xB5,
    0x2B, 0x43, 0xC4, 0x7C, 0xBF, 0x57, 0x71, 0x59, 0x1F, 0xB6, 0xFC, 0x24, 0x62, 0xE6, 0xD4, 0xE2,
    0xB6, 0x1A, 0x7E, 0x19, 0x69, 0x74, 0x97, 0x8F, 0x10, 0x31, 0xCC, 0xD3, 0xC2, 0xA4, 0x7D, 0x1E,
    0xC8, 0x06, 0x0C, 0xF5, 0x5F, 0x8C, 0x44, 0xED, 0xCB, 0x9E, 0xA2, 0xC7, 0x60, 0x54, 0xCC, 0xC6,
    0x25, 0xF1, 0xB9, 0xD4, 0x6E, 0x47, 0x2C, 0x42, 0xD1, 0xD7, 0x16, 0x03, 0xFA, 0xE3, 0x81, 0x66,
    0xCE, 0xE2, 0xF3, 0x09, 0xCE, 0x20, 0x97, 0x8E, 0x6A, 0x02, 0x19, 0x00, 0x52, 0xDA, 0xA8, 0x65,
    0x85, 0x91, 0x3D, 0x28, 0x86, 0x72, 0xD0, 0x41, 0xF7, 0xD5, 0xEC, 0xCE, 0x70, 0xC4, 0x31, 0x0F,
    0x09, 0xF3, 0xFD, 0xEB, 0xAE, 0x18, 0x74, 0x5F, 0x0E, 0x55, 0xAF, 0x43, 0xED, 0x75, 0x6F, 0x7C,
    0xE5, 0x8D, 0xAD, 0x5D, 0x83, 0xE1, 0x09, 0x47, 0x44, 0x8E, 0x09, 0x3C, 0x54, 0x3D, 0x21, 0xF3,
    0xE4, 0xB1, 0x9C, 0xA3, 0xF2, 0x51, 0x07, 0xE3, 0x8B, 0x39, 0xED, 0xC6, 0x96, 0x7D, 0xED, 0xDA,
    0x65, 0x26, 0x22, 0xDA, 0xA5, 0xF8, 0x8A, 0x63, 0x15, 0x38, 0xE2, 0x51, 0xD6, 0x73, 0x40, 0xC8,
    0x3D, 0x2B, 0x8C, 0x4F, 0xDA, 0xDA, 0xA7, 0x39, 0xCD, 0xFB, 0xAC, 0x57, 0x7D, 0xBA, 0x27, 0x73,
    0x6D, 0x99, 0x95, 0x92, 0x86, 0xD5, 0x5D, 0x6D, 0xD3, 0x92, 0x4F, 0xEF, 0x04, 0x59, 0x5F, 0x3A,
    0xD5, 0x17, 0x1E, 0x96, 0xB8, 0x3C, 0xCE, 0x81, 0x59, 0x9C, 0x23, 0x55, 0x4C, 0xA1, 0xBB, 0x14,
    0xFB, 0x24, 0x05, 0x1F, 0xA5, 0xE8, 0xA3, 0x14, 0x7E, 0x27, 0xC5, 0x6B, 0x16, 0xBC, 0x02, 0x47,
    0xD0, 0x80, 0x58, 0xF5, 0x95, 0xCF, 0xFF, 0xB5, 0x2B, 0x3E, 0x0A, 0xDA, 0x0D, 0x15, 0xD1, 0x70,
    0x70, 0x88, 0x01, 0x50, 0x81, 0xB2, 0xA3, 0xB6, 0xEC, 0x28, 0x02, 0xB5, 0xA7, 0x85, 0x1D, 0x08,
    0x18, 0x8F, 0xEE, 0xC9, 0x07, 0x88, 0x60, 0xE0, 0x05, 0x56, 0x64, 0x8E, 0xBC, 0x87, 0x08, 0x0D,
    0xD4, 0x1E, 0x1D, 0xC8, 0x47, 0xB2, 0x98, 0xB8, 0xEA, 0x69, 0xAC, 0x8A, 0x14, 0x3D, 0x95, 0xE5,
    0x80, 0x0D, 0x23, 0xF0, 0x2D, 0xF2, 0x1D, 0xCA, 0x1B, 0xF2, 0x89, 0xF4, 0xDC, 0xE6, 0xAB, 0xB4,
    0x66, 0x18, 0x69, 0x50, 0x91, 0xA5, 0x36, 0x24, 0x13, 0x54, 0x3E, 0x95, 0x74, 0x6A, 0x58, 0x3A,
    0x22, 0x40, 0x93, 0x07, 0x78, 0x9D, 0xEA, 0x5F, 0x7C, 0x76, 0xD2, 0xBA, 0x42, 0xD0, 0x83, 0xB8,
    0x2C, 0xA2, 0xC7, 0xED, 0xCA, 0x50, 0x7D, 0xEA, 0x8B, 0x1E, 0x9A, 0x24, 0x82, 0x8A, 0x49, 0x32,
    0xA9, 0x34, 0x6C, 0x9A, 0xDB, 0x08, 0xDB, 0x78, 0xE9, 0xEC, 0x5D, 0x1A, 0x2A, 0x9F, 0x25, 0x2F,
    0x9B, 0xB3, 0xCD, 0xE7, 0x6A, 0x08, 0xAE, 0x3B, 0x6E, 0xB3, 0xE6, 0x85, 0xE9, 0x11, 0xB7, 0xB0,
    0xC5, 0x74, 0x08, 0x34, 0x5E, 0x2D, 0x9C, 0x4D, 0xD0, 0xDA, 0x59, 0x86, 0x96, 0x2C, 0x26, 0xCE,
    0x47, 0x98, 0xB6, 0xA7, 0x97, 0x07, 0x36, 0x1E, 0xC9, 0x3B, 0x08, 0x14, 0x1E, 0xB5, 0x72, 0x4F,
    0xE9, 0xC8, 0x3C, 0x25, 0x28, 0xC7, 0x75, 0x9E, 0xC2, 0xF3, 0x96, 0xD7, 0x58, 0x86, 0xB2, 0x34,
    0x41, 0x89, 0xA3, 0xE9, 0xB3, 0x64, 0xC1, 0x23, 0x70, 0x03, 0x5E, 0x65, 0x45, 0x2B, 0xB6, 0x10,
    0x09, 0x55, 0x28, 0xA3, 0xF1, 0x59, 0x34, 0x56, 0x4D, 0x06, 0xA6, 0xAA, 0xEE, 0x26, 0xCC, 0x87,
    0x73, 0x7D, 0x27, 0x62, 0xBE, 0x37, 0x62, 0x74, 0xA0, 0x69, 0x3C, 0xAD, 0x40, 0x3B, 0x90, 0x74,
    0x19, 0x81, 0x81, 0xE4, 0x87, 0x2C, 0x80, 0x3A, 0x61, 0x8F, 0xB2, 0x83, 0x3A, 0x80, 0xD9, 0x6A,
    0xDD, 0x81, 0xDA, 0x5E, 0x7B, 0x47, 0x93, 0xE8, 0xF5, 0xF9, 0x15, 0xF7, 0x5D, 0x36, 0xAC, 0xF3,
    0x5D, 0xDA, 0x3B, 0x00, 0xDC, 0x41, 0x7B, 0x20, 0x1B, 0xC9, 0x77, 0xC0, 0xBD, 0x2E, 0xD9, 0x3C,
    0x15, 0x01, 0x4A, 0x11, 0xE9, 0x01, 0x6E, 0xC9, 0xFA, 0xC7, 0xEA, 0x0F, 0x7F, 0xBE, 0x34, 0xAD,
    0xC8, 0xB0, 0xE9, 0x8B, 0x05, 0x39, 0x81, 0x7B, 0x81, 0x62, 0x00, 0x54, 0xA4, 0xB2, 0x00, 0x47,
    0xDB, 0x38, 0x9A, 0xBB, 0xC0, 0x6A, 0x88, 0x7A, 0xED, 0xB9, 0xF8, 0xD6, 0x95, 0xED, 0xDF, 0xE4,
    0xD6, 0xD7, 0x45, 0xF7, 0x75, 0x61, 0x89, 0xCA, 0x11, 0xD0, 0x11, 0xA8, 0x8F, 0x52, 0x58, 0x9D,
    0xC2, 0xB4, 0x83, 0xB1, 0xF4, 0x64, 0x21, 0xEF, 0xC9, 0xFB, 0x2C, 0x24, 0xB5, 0x31, 0xA9, 0x3D,
    0xA6, 0x86, 0xA3, 0xA4, 0x56, 0xF3, 0x78, 0xD3, 0xDF, 0x4F, 0x08, 0x86, 0x05, 0xB9, 0xBF, 0xCF,
    0x02, 0x1D, 0x8E, 0x59, 0x50, 0xC6, 0xE3, 0xCC, 0x02, 0x20, 0x0F, 0x1B, 0x07, 0x40, 0x25, 0xE2,
    0x01, 0x9E, 0xFB, 0x3B, 0x99, 0x1C, 0x80, 0x91, 0x69, 0x53, 0xF9, 0xFC, 0xD3, 0x0E, 0x80, 0x3B,
    0xD9, 0xC7, 0xBB, 0x4D, 0xB1, 0x93, 0x4D, 0xC8, 0x1F, 0x6C, 0xD2, 0xFE, 0x1A, 0x00, 0x27, 0xA5,
    0xE7, 0x06, 0x40, 0x5C, 0x6E, 0xF2, 0x02, 0x11, 0xFA, 0xE5, 0x27, 0x73, 0x20, 0x1B, 0xB5, 0xC5,
    0x7C, 0x12, 0xAE, 0xE5, 0x53, 0x85, 0x2D, 0x76, 0xFD, 0x19, 0xCD, 0x3F, 0x97, 0x3D, 0xCD, 0xA7,
    0x42, 0x31, 0x49, 0x50, 0xF7, 0x44, 0x78, 0x59, 0x24, 0xA4, 0x19, 0xD0, 0x22, 0x96, 0xF6, 0xDF,
    0xC5, 0x96, 0x53, 0x33, 0xF0, 0x56, 0xF9, 0xA3, 0x50, 0x9C, 0xFC, 0x83, 0x80, 0xFE, 0x5E, 0x84,
    0xA1, 0xF1, 0x54, 0x76, 0x40, 0x0D, 0xDA, 0x52, 0xDB, 0xFF, 0x47, 0x36, 0x64, 0xCC, 0x27, 0xCC,
    0x27, 0x17, 0xD7, 0xEE, 0xE9, 0x7B, 0x95, 0x4C, 0xB5, 0xEC, 0x8C, 0xC4, 0xB9, 0x34, 0xA9, 0x0C,
    0xC0, 0xB6, 0xC6, 0xF5, 0x36, 0x97, 0xFB, 0xB9, 0x50, 0x61, 0xCD, 0x8E, 0x6D, 0xAE, 0xA0, 0x66,
    0xFF, 0x3E, 0xCD, 0xDA, 0xD9, 0x03, 0x94, 0x0E, 0xA0, 0xBA, 0xB0, 0xE2, 0x06, 0x80, 0xAC, 0x07,
    0x28, 0x3C, 0x80, 0x66, 0xFF, 0x3A, 0xCE, 0x08, 0x90, 0x85, 0xB5, 0xF3, 0xF2, 0xC8, 0xAB, 0xF8,
    0x4D, 0x16, 0x64, 0xA7, 0xEF, 0x91, 0xCB, 0x44, 0x3E, 0x59, 0x8A, 0x11, 0xCA, 0x00, 0x7A, 0xAB,
    0x55, 0xBF, 0xAE, 0x7E, 0xE3, 0xB7, 0xEA, 0xA0, 0x71, 0xD0, 0x5A, 0x10, 0xB6, 0x3A, 0xA1, 0xE6,
    0x9A, 0x45, 0xC8, 0xD7, 0xBA, 0xCA, 0x0C, 0x17, 0xA4, 0xFA, 0x4D, 0x6A, 0x95, 0xD9, 0xD7, 0xC6,
    0x43, 0x2B, 0x7E, 0xAE, 0xEE, 0xDC, 0x07, 0xE5, 0xEE, 0x5C, 0x29, 0x1F, 0xB9, 0x6C, 0x6A, 0x55,
    0xEB, 0x2E, 0xA9, 0x39, 0x5A, 0xB1, 0xC8, 0xDE, 0x14, 0xA8, 0x09, 0xB2, 0xCB, 0x52, 0xC3, 0x65,
    0xA9, 0x35, 0xBF, 0xC6, 0xD3, 0x6C, 0x3E, 0xB8, 0xFE, 0x8F, 0xA0, 0xCE, 0x2C, 0x18, 0xE9, 0xA9,
    0x64, 0x44, 0xED, 0xF2, 0x48, 0xAB, 0xA6, 0xA4, 0x12, 0xE7, 0xC6, 0x24, 0x99, 0xB3, 0x2C, 0x62,
    0xC8, 0x03, 0x3B, 0x35, 0x62, 0x00, 0x76, 0x40, 0xC3, 0x3A, 0x16, 0x13, 0xA0, 0x07, 0x28, 0x22,
    0xD0, 0x6E, 0xBF, 0x27, 0xB9, 0x58, 0x94, 0x78, 0xA8, 0x47, 0xD0, 0x3B, 0xA0, 0xF5, 0x60, 0x7A,
    0xC8, 0x26, 0x40, 0x2C, 0x49, 0x90, 0xF5, 0xF7, 0xDB, 0x6F, 0xD3, 0x57, 0xBA, 0x6D, 0x79, 0x94,
    0xA9, 0xDB, 0x03, 0x25, 0xEB, 0xC9, 0x33, 0xF0, 0x3C, 0x70, 0xDD, 0x02, 0x8D, 0x5F, 0x13, 0x43,
    0x3C, 0x98, 0xC0, 0x76, 0xD2, 0xB3, 0xCE, 0x9D, 0xF1, 0xC0, 0x37, 0xB6, 0x3F, 0x58, 0x53, 0x2E,
    0xED, 0x92, 0x70, 0xED, 0x97, 0x74, 0x4D, 0x97, 0x92, 0xA5, 0xF1, 0x29, 0xD5, 0xB9, 0x49, 0x89,
    0xD2, 0x3A, 0x48, 0x8D, 0x5D, 0x92, 0x94, 0x35, 0x45, 0x59, 0x13, 0x9C, 0xD6, 0xF4, 0xE2, 0x9A,
    0x5C, 0x5C, 0x52, 0x53, 0xE3, 0x92, 0x98, 0x0A, 0x4B, 0x5A, 0x59, 0x58, 0x93, 0xEA, 0xD7, 0x94,
    0x3C, 0x5B, 0x42, 0x25, 0x90, 0xD9, 0xCB, 0x89, 0xAC, 0xB5, 0x59, 0xA7, 0x57, 0xFC, 0x32, 0xC6,
    0xD6, 0xB4, 0x36, 0x75, 0x2C, 0xF6, 0x6F, 0x24, 0xF3, 0x6E, 0xF1, 0x5F, 0xF5, 0x34, 0xD2, 0x63,
    0xFA, 0xD9, 0xFF, 0x38, 0x37, 0x8B, 0x7F, 0xD3, 0x95, 0x03, 0xBB, 0xCD, 0xFF, 0xA2, 0x46, 0x64,
    0xF3, 0xDF, 0xAE, 0xFE, 0xDB, 0xBD, 0xFF, 0x42, 0x78, 0xDA, 0x3F, 0xAB, 0x7F, 0x56, 0xFF, 0x6A,
    0xF5, 0xAF, 0x56, 0xFF, 0xD9, 0x6A, 0x5C, 0xB9, 0xD4, 0x5C, 0x36, 0x6F, 0x17, 0x63, 0xA6, 0x5B,
    0x37, 0xA9, 0x01, 0xF1, 0xD0, 0xF4, 0xC8, 0x9A, 0x4D, 0x6B, 0x49, 0xFD, 0xAF, 0xB0, 0xE1, 0xE8,
    0xAE, 0xFA, 0x49, 0x67, 0x44, 0x64, 0x21, 0xAF, 0x13, 0xF1, 0xC6, 0xCF, 0xB5, 0x03, 0x12, 0xED,
    0xB7, 0xF7, 0x17, 0xBF, 0x20, 0xBC, 0xBD, 0xFF, 0x05, 0x89, 0x7B, 0x1A, 0x01, 0x35, 0x00, 0xD9,
    0xB3, 0xF6, 0xF5, 0xCF, 0xF8, 0x82, 0x50, 0x39, 0xA0, 0xB6, 0x6C, 0xC2, 0x77, 0x60, 0xFD, 0x1A,
    0x25, 0x33, 0x06, 0x8A, 0x2F, 0xDF, 0x97, 0x1D, 0x2A, 0x54, 0x22, 0x70, 0xCE, 0x76, 0x61, 0x77,
    0x81, 0xED, 0x05, 0x26, 0xF1, 0xB4, 0x70, 0x5C, 0x78, 0x48, 0x7C, 0x6A, 0x13, 0xC3, 0x15, 0xB3,
    0x5A, 0x38, 0x0B, 0x29, 0x8F, 0x7B, 0xA1, 0xFA, 0x02, 0x24, 0x54, 0x13, 0x1B, 0x52, 0x32, 0xEF,
    0x2D, 0x1F, 0x2F, 0x6A, 0xF9, 0xB2, 0xFD, 0xB5, 0x91, 0xA1, 0xB2, 0xED, 0x4C, 0x2C, 0x24, 0xE7,
    0xB4, 0xBF, 0xD7, 0x24, 0x4A, 0x71, 0x2E, 0x4D, 0xC2, 0x2E, 0x4B, 0x7F, 0x3B, 0x8B, 0xFC, 0x0D,
    0x32, 0xA3, 0xFB, 0xE6, 0x97, 0x73, 0x50, 0xB6, 0x24, 0x36, 0xD3, 0x2E, 0xD1, 0xB4, 0x27, 0x39,
    0xBF, 0x54, 0x29, 0x24, 0x4F, 0xD4, 0x8A, 0x48, 0x90, 0x19, 0x0E, 0x7E, 0x0C, 0x70, 0x06, 0x85,
    0x7D, 0x0C, 0xBA, 0x4F, 0x34, 0x3E, 0xCC, 0x50, 0x53, 0x68, 0x2D, 0xF5, 0x1C, 0x92, 0xFE, 0x19,
    0xB4, 0x46, 0x76, 0x60, 0xFE, 0xED, 0x53, 0xCF, 0x61, 0xFE, 0x4F, 0x11, 0x8A, 0x0F, 0x27, 0xD0,
    0xFE, 0x38, 0xD1, 0x4D, 0x28, 0x3D, 0x1B, 0x6E, 0xAA, 0x5D, 0x2E, 0xF3, 0x31, 0xA9, 0x91, 0x67,
    0xA0, 0x08, 0x7A, 0x34, 0xD1, 0x0C, 0xC6, 0x1D, 0x72, 0xC0, 0x6D, 0xB4, 0xCB, 0x03, 0x7F, 0xC4,
    0x8A, 0x6C, 0x31, 0x64, 0x44, 0x22, 0x99, 0x58, 0x25, 0xB6, 0x0C, 0x50, 0x75, 0x95, 0x83, 0x7C,
    0x38, 0x02, 0x88, 0x11, 0xE0, 0x88, 0x2B, 0xC5, 0x23, 0x80, 0x3B, 0xEB, 0xC2, 0xAD, 0x2D, 0xA8,
    0x51, 0xF7, 0x50, 0x86, 0x7C, 0x82, 0xD6, 0xD1, 0x48, 0xCA, 0xBD, 0x14, 0xE9, 0x80, 0x97, 0xEE,
    0x02, 0x64, 0x27, 0x24, 0x4B, 0xF0, 0xED, 0x3C, 0x40, 0x93, 0xF7, 0xD0, 0xFE, 0xC2, 0xBF, 0x42,
    0xF9, 0x9F, 0x7F, 0x19, 0xA1, 0x95, 0xC8, 0x0F, 0x5B, 0xF9, 0x4D, 0x26, 0xD2, 0xA3, 0xE4, 0xAF,
    0x26, 0xE8, 0x6F, 0x9B, 0x1E, 0x8E, 0x74, 0x98, 0x29, 0xEB, 0xE1, 0x0C, 0x0B, 0x7F, 0xC2, 0x06,
    0x92, 0x1C, 0x11, 0xB4, 0x1A, 0xC1, 0x7C, 0x18, 0xA0, 0xFE, 0x6D, 0xB8, 0x41, 0xBE, 0xFB, 0xE5,
    0x44, 0x1A, 0x9F, 0x97, 0xDF, 0x97, 0x2F, 0x11, 0x19, 0xA1, 0xFD, 0xB8, 0xB5, 0x3C, 0x2A, 0xFF,
    0x60, 0x00, 0xFD, 0xFB, 0x11, 0x2A, 0x1B, 0xC0, 0x70, 0x13, 0x6A, 0x36, 0x68, 0x7F, 0xA7, 0x0E,
    0x87, 0x75, 0x38, 0xAE, 0xFA, 0xF1, 0xBA, 0x0B, 0xA8, 0x40, 0xDE, 0x93, 0x7B, 0x4A, 0x8F, 0x76,
    0x68, 0x58, 0xF7, 0xD1, 0x07, 0xF0, 0x18, 0x86, 0xD4, 0x9F, 0xF5, 0xE4, 0x1D, 0x85, 0xA7, 0x74,
    0x68, 0x4B, 0xA5, 0xEC, 0xEC, 0xF5, 0x40, 0x0F, 0x8F, 0x75, 0x18, 0xCB, 0x00, 0x64, 0xBF, 0x21,
    0xF7, 0x5A, 0x6C, 0xEE, 0x6B, 0xE9, 0x0A, 0x7F, 0x94, 0x8F, 0xDA, 0x1D, 0x23, 0xF7, 0xEC, 0x63,
    0xCC, 0xC4, 0x23, 0x8A, 0x11, 0xF8, 0xE6, 0x32, 0x7F, 0x2C, 0x4B, 0x1B, 0x68, 0xA6, 0xBF, 0x7E,
    0x43, 0x3A, 0xB2, 0x1D, 0x50, 0x0C, 0x68, 0x0F, 0xF0, 0x36, 0x87, 0x00, 0x54, 0x3C, 0x04, 0xA0,
    0xB4, 0xA8, 0x77, 0x81, 0x6C, 0x80, 0xFC, 0xC3, 0xF0, 0x5D, 0xCA, 0x3E, 0x9C, 0xCD, 0xE1, 0xBF,
    0xDD, 0x41, 0xFC, 0x2C, 0x40, 0x2D, 0x8E, 0x3F, 0xFF, 0xFE, 0xEE, 0x96, 0x6F, 0xD3, 0x5A, 0x6F,
    0xBF, 0x9A, 0xA4, 0x43, 0x0B, 0xF0, 0xE4, 0xAB, 0x8E, 0x6C, 0xFC, 0x6C, 0x44, 0x87, 0x30, 0xA5,
    0xBF, 0x3D, 0x80, 0xDF, 0x1B, 0x6E, 0xAE, 0x52, 0xC0, 0x73, 0x00, 0xC6, 0x27, 0xEA, 0xF7, 0xD4,
    0x01, 0x95, 0x63, 0x8F, 0x5B, 0xFB, 0xA0, 0xB6, 0x5B, 0x69, 0xBB, 0x7C, 0x9E, 0xCB, 0xA8, 0xDC,
    0x26, 0x40, 0x73, 0xAE, 0xE7, 0x01, 0xB5, 0x6D, 0x42, 0x5B, 0xD6, 0x6D, 0xA8, 0xB0, 0x6E, 0x44,
    0x77, 0x2C, 0x5B, 0xD1, 0x2C, 0xAE, 0x9B, 0xD1, 0x7C, 0x58, 0xB7, 0xA3, 0x79, 0x58, 0x37, 0xA4,
    0x85, 0x5F, 0xB7, 0xA4, 0xA5, 0x5F, 0x37, 0xA5, 0x9A, 0x0B, 0xB8, 0x06, 0x40, 0xE3, 0x00, 0xC4,
    0x9F, 0x73, 0xBB, 0x70, 0xCD, 0x1E, 0xFB, 0x2C, 0xBE, 0xB1, 0xBE, 0xB5, 0x38, 0xF1, 0x29, 0x76,
    0xE5, 0xF5, 0xCE, 0xDA, 0xFB, 0x34, 0x6A, 0x56, 0xB5, 0xCB, 0xFA, 0x8D, 0xDB, 0x46, 0xE7, 0xB9,
    0xD4, 0x6E, 0xEF, 0x30, 0xAD, 0x4F, 0xB1, 0x6D, 0x97, 0xB8, 0x59, 0xCE, 0x6B, 0xFB, 0x6C, 0x17,
    0xD0, 0x6C, 0x3E, 0xF7, 0xBC, 0xDD, 0xB9, 0x75, 0xD9, 0x81, 0x4D, 0xB5, 0xD9, 0x2B, 0x8B, 0x5F,
    0x47, 0x59, 0x47, 0x4C, 0x0E, 0x52, 0x4D, 0x63, 0xA7, 0x23, 0x45, 0xFF, 0x2E, 0xDC, 0xA1, 0x59,
    0x62, 0x97, 0x4F, 0xA1, 0x1B, 0x5A, 0x00, 0xE4, 0xFC, 0x39, 0x6E, 0xE7, 0x0D, 0xFF, 0x33, 0x34,
    0xC0, 0x7D, 0xC4, 0x31, 0x57, 0xF1, 0xE7, 0xDC, 0xEC, 0xB5, 0x7F, 0x37, 0x8E, 0x9E, 0xED, 0x81,
    0x76, 0x3F, 0xD3, 0xFB, 0x6F, 0x4D, 0x18, 0x67, 0xBC, 0xA6, 0xF1, 0xE7, 0x6C, 0xFC, 0xF3, 0x68,
    0x6E, 0x00, 0x1A, 0x2E, 0x71, 0x05, 0x18, 0x99, 0xE1, 0x57, 0x7E, 0x56, 0x4C, 0xE2, 0xA4, 0x70,
    0x8B, 0x55, 0xED, 0xA2, 0x72, 0x1A, 0xB1, 0xB6, 0x60, 0x7C, 0xD3, 0xA5, 0xA3, 0x76, 0xC0, 0x05,
    0x3F, 0xEB, 0x5D, 0xE3, 0xB9, 0x80, 0xCA, 0xAE, 0xD1, 0xEB, 0x53, 0x6E, 0xAC, 0xF8, 0xF9, 0x70,
    0xCD, 0x36, 0x03, 0xE2, 0xD2, 0x75, 0x6B, 0x5F, 0x81, 0x0B, 0xBD, 0xE6, 0x52, 0xEF, 0x8B, 0xFC,
    0xF7, 0xEF, 0xBB, 0x2F, 0x7D, 0x6E, 0xAF, 0xFA, 0x8B, 0xEF, 0x79, 0x79, 0xEB, 0xEA, 0x3E, 0xCA,
    0x1A, 0xF1, 0x73, 0xD1, 0x42, 0x39, 0x6D, 0xFF, 0xD9, 0x48, 0xB8, 0xBA, 0x72, 0x37, 0xB1, 0x1A,
    0xC8, 0x63, 0xD2, 0xD7, 0x42, 0x2D, 0xCE, 0x88, 0xBF, 0x1A, 0xF1, 0x07, 0xC9, 0x6D, 0xF9, 0xF7,
    0x1C, 0x95, 0xFE, 0x20, 0x5F, 0xFF, 0xB3, 0xF4, 0xCA, 0x9C, 0x37, 0x4B, 0xF9, 0x5F, 0x9A, 0xD0,
    0xFF, 0x02, 0xAC, 0x94, 0x01, 0xA4, 0x1C, 0xC7, 0x1F, 0xC7, 0x3F, 0xBB, 0xF3, 0xBF, 0x5B, 0xFE,
    0xAB, 0x99, 0x20, 0xA5, 0x14, 0x0B, 0x05, 0x4F, 0x9B, 0x81, 0xA0, 0x78, 0xB7, 0x33, 0x00, 0x50,
    0x82, 0x06, 0x04, 0x8A, 0x82, 0x40, 0x00, 0x82, 0xBB, 0xDC, 0x44, 0x01, 0xD0, 0xA7, 0x0A, 0x80,
    0xE0, 0x50, 0x57, 0xB4, 0x80, 0x60, 0x2F, 0x3B, 0x01, 0x00, 0x59, 0x00, 0xC0, 0x96, 0xB4, 0x08,
    0x74, 0x70, 0xD5, 0x4D, 0x32, 0xEF, 0xA6, 0xB3, 0xF7, 0x2E, 0xF1, 0x22, 0xAF, 0x6D, 0xA2, 0xD9,
    0xFB, 0x7D, 0xDC, 0x30, 0x7B, 0xBF, 0xDF, 0x77, 0xD6, 0x7E, 0x8E, 0xCC, 0x80, 0x1E, 0xC8, 0x86,
    0xBB, 0x88, 0x5E, 0x23, 0x9D, 0x32, 0x95, 0x55, 0x66, 0xFC, 0x68, 0xF4, 0x08, 0xCB, 0xC4, 0x5D,
    0x96, 0x89, 0x4D, 0x22, 0xA0, 0x73, 0x8F, 0x2A, 0x3A, 0xCA, 0x68, 0xE0, 0x3A, 0x70, 0x85, 0x0D,
    0xA7, 0x34, 0x00, 0x30, 0xF5, 0xDA, 0x17, 0x5E, 0xF4, 0x65, 0x57, 0x3A, 0xE9, 0xA4, 0xAD, 0x8C,
    0xFA, 0x42, 0x05, 0xD5, 0x4F, 0x01, 0x80, 0xCA, 0xC0, 0x12, 0x88, 0x20, 0x5A, 0xB8, 0x54, 0xC3,
    0xE7, 0x0B, 0xF0, 0x0D, 0xC2, 0x05, 0x24, 0x81, 0xAB, 0xEB, 0x9D, 0xD5, 0x31, 0xBA, 0xA3, 0x1F,
    0x9F, 0x1B, 0x84, 0xE7, 0x8C, 0x1E, 0xF2, 0x13, 0x88, 0xD1, 0x24, 0xC8, 0x9E, 0xAE, 0xC9, 0x1D,
    0x08, 0x9B, 0x00, 0x8A, 0xD8, 0x31, 0xBD, 0x39, 0x40, 0x16, 0x80, 0xC0, 0xE5, 0xC4, 0x3C, 0xD1,
    0xE4, 0x03, 0xB3, 0xD2, 0x53, 0x45, 0x4B, 0xF6, 0x3D, 0x40, 0x96, 0x2A, 0x5A, 0xAA, 0x1E, 0x1E,
    0x42, 0xDA, 0xA6, 0xE8, 0x41, 0x3E, 0x02, 0xD5, 0x6E, 0xD1, 0xBF, 0x05, 0x34, 0x0F, 0x13, 0x4B,
    0x96, 0x87, 0x93, 0x6B, 0x02, 0xD5, 0xBD, 0xED, 0x7E, 0x06, 0x5F, 0x43, 0x15, 0xA3, 0x8A, 0xBB,
    0xA3, 0x75, 0x03, 0x77, 0xC0, 0x23, 0x1C, 0xD2, 0xA2, 0x60, 0x01, 0x03, 0xC2, 0x53, 0x76, 0x54,
    0x0E, 0x0D, 0x3B, 0x00, 0x98, 0x90, 0xC7, 0xBE, 0x74, 0x83, 0x34, 0xF3, 0x2A, 0x95, 0x6D, 0xE4,
    0x2F, 0xBE, 0x88, 0x36, 0x8F, 0xA6, 0x6C, 0xBB, 0x99, 0xF4, 0x8D, 0xF0, 0x43, 0xEE, 0x07, 0xE1,
    0x9B, 0xA2, 0x53, 0xD1, 0x8C, 0x39, 0x27, 0x40, 0x8A, 0x23, 0xFC, 0x06, 0xE9, 0x34, 0x95, 0xD5,
    0x28, 0xA3, 0x12, 0x67, 0x6B, 0xD9, 0x2F, 0x29, 0xE2, 0x0E, 0xBE, 0x0C, 0x90, 0x6F, 0x19, 0x47,
    0xA2, 0x0D, 0xD3, 0x01, 0xB4, 0x85, 0xCB, 0x00, 0x9F, 0x02, 0xC7, 0xAF, 0xD3, 0xC6, 0x68, 0x62,
    0x8C, 0x76, 0x5C, 0xBF, 0xC1, 0x95, 0x73, 0xFB, 0xC0, 0x7A, 0xBD, 0xDE, 0xAF, 0x3F, 0xBC, 0x71,
    0x83, 0xF3, 0x57, 0x3C, 0xBB, 0xC7, 0x20, 0xA0, 0x32, 0x34, 0x64, 0x9E, 0xA2, 0x3B, 0x3C, 0x82,
    0x1A, 0x16, 0xD0, 0x40, 0x80, 0xE1, 0x5C, 0x05, 0x98, 0xC3, 0x0C, 0x14, 0x48, 0x10, 0x96, 0x0C,
    0x30, 0xE0, 0xCF, 0x6F, 0x18, 0xA4, 0x45, 0xBA, 0xD7, 0xCB, 0x52, 0x81, 0x86, 0x19, 0x84, 0x97,
    0xB3, 0x0C, 0x0B, 0xF8, 0x0A, 0xE0, 0x7F, 0x4C, 0x7D, 0x6B, 0xF5, 0x9F, 0xD1, 0x15, 0x3B, 0xE9,
    0x84, 0x97, 0xB6, 0xE8, 0xA4, 0x29, 0x9D, 0x42, 0x3A, 0x9D, 0xA8, 0x91, 0x76, 0x46, 0x65, 0x9A,
    0x6B, 0x8A, 0xB6, 0xD7, 0xB4, 0xF6, 0x0A, 0x1F, 0xF1, 0x5E, 0x5E, 0x7B, 0xE0, 0x63, 0x9F, 0xC5,
    0x1E, 0xD9, 0x1D, 0xB2, 0x56, 0x16, 0x65, 0xD1, 0x1C, 0xEA, 0x2E, 0x6C, 0x20, 0x30, 0x39, 0x35,
    0x3A, 0x7A, 0x80, 0x89, 0xA1, 0x1D, 0x84, 0xDB, 0x95, 0x4E, 0xA7, 0x78, 0xA5, 0x5D, 0xC2, 0x29,
    0xF9, 0x96, 0xA2, 0xA3, 0x32, 0xCC, 0xC9, 0x7B, 0x4A, 0x93, 0x04, 0x58, 0xB5, 0x71, 0x68, 0xE3,
    0x16, 0x60, 0xC2, 0xF8, 0x93, 0xEE, 0xB4, 0x70, 0x3A, 0x15, 0xD4, 0x10, 0xD2, 0x5C, 0x5A, 0x4B,
    0xE9, 0xC9, 0xC2, 0x27, 0x84, 0x79, 0xAA, 0x2C, 0xCC, 0x0A, 0x5F, 0x45, 0x97, 0xAD, 0xDE, 0xA7,
    0x67, 0xE6, 0x35, 0xCF, 0x0C, 0x14, 0xB1, 0xBF, 0xD0, 0xB3, 0xC5, 0xBB, 0x78, 0x16, 0xFF, 0xCE,
    0xB3, 0xE6, 0xAD, 0x3D, 0x0B, 0x6F, 0xE1, 0x99, 0xFB, 0x07, 0xCF, 0xFA, 0x8B, 0x3D, 0x93, 0xFF,
    0xEA, 0x59, 0xFF, 0xA6, 0x67, 0xF2, 0x4D, 0xC6, 0xC7, 0x3A, 0x72, 0xD1, 0x1E, 0x93, 0x57, 0xFB,
    0x1D, 0xC0, 0xD1, 0x7A, 0x6D, 0xC7, 0x75, 0xF2, 0xCC, 0x70, 0xEE, 0x7A, 0xD5, 0x43, 0x98, 0xB3,
    0x97, 0x23, 0xF3, 0x88, 0x8B, 0x3C, 0x0B, 0xE7, 0x24, 0x6B, 0x2E, 0xF4, 0x8C, 0xFF, 0xEC, 0x99,
    0xFA, 0x8E, 0xEC, 0x59, 0x4B, 0xE9, 0x6A, 0x2A, 0x53, 0x53, 0x33, 0x67, 0x41, 0x43, 0x43, 0x20,
    0x30, 0x30, 0xE4, 0x5B, 0x82, 0xF0, 0x84, 0x0F, 0x3C, 0xCB, 0x3F, 0xA2, 0xAB, 0xEC, 0x06, 0x94,
    0xCD, 0x5F, 0x6C, 0x4B, 0x37, 0x28, 0x86, 0x3A, 0xF7, 0x4D, 0xD9, 0xC5, 0xC8, 0xEE, 0xFA, 0x21,
    0xF1, 0x06, 0xA7, 0x7F, 0xB7, 0xC5, 0x29, 0xA8, 0x93, 0xFC, 0x79, 0x48, 0xA2, 0x2A, 0x74, 0x8D,
    0x6A, 0x50, 0x01, 0x1D, 0xA8, 0x03, 0x8B, 0x40, 0x68, 0x72, 0xAF, 0x7F, 0x72, 0xE9, 0xB6, 0x6C,
    0x95, 0xAD, 0xF2, 0x20, 0x9E, 0x50, 0x4B, 0x50, 0x9F, 0x81, 0xBC, 0x93, 0xE8, 0xA1, 0x70, 0x67,
    0xDF, 0x33, 0x0F, 0x7E, 0x40, 0x74, 0x0D, 0xCA, 0x6A, 0x73, 0x8B, 0x23, 0xC3, 0x43, 0x53, 0xC4,
    0xFE, 0x52, 0xF6, 0xF2, 0xD1, 0x4C, 0x42, 0x1E, 0x83, 0xEC, 0x06, 0x9D, 0xF9, 0x46, 0xF4, 0x4D,
    0x3A, 0xCC, 0x6D, 0xAA, 0x27, 0xFC, 0xFF, 0x3E, 0x94, 0x1E, 0xF2, 0x84, 0xE8, 0x0F, 0x3C, 0x7A,
    0x40, 0xF1, 0x78, 0x47, 0x39, 0x68, 0x64, 0xAF, 0x90, 0xFB, 0x83, 0xCF, 0x50, 0xCC, 0xA9, 0x69,
    0x98, 0x31, 0x70, 0x9C, 0x68, 0xF6, 0x44, 0xB7, 0xA2, 0xBE, 0xB8, 0x8F, 0xBB, 0x75, 0x52, 0xB8,
    0xB6, 0x2B, 0xDD, 0x1C, 0x79, 0xAF, 0x47, 0x96, 0x96, 0xEA, 0x2A, 0xA8, 0x08, 0xFA, 0x5B, 0xC3,
    0x4C, 0x3A, 0x8E, 0x8B, 0x8E, 0x46, 0x78, 0x9A, 0xEC, 0x94, 0x15, 0x2A, 0xF5, 0x29, 0x7D, 0xEE,
    0x85, 0x17, 0xBD, 0x70, 0x85, 0x2B, 0x9D, 0xB4, 0xD2, 0x54, 0x28, 0x6A, 0x66, 0xCC, 0x38, 0x46,
    0xFB, 0xCA, 0xDE, 0xBA, 0xF7, 0x20, 0xEF, 0xB9, 0xFD, 0x78, 0xA7, 0x02, 0x72, 0xD0, 0x3F, 0x37,
    0x63, 0xCA, 0x71, 0x86, 0xDB, 0x5B, 0x64, 0x6A, 0x86, 0x7D, 0xD6, 0xED, 0x98, 0x36, 0xF3, 0x63,
    0xDE, 0xDC, 0x8F, 0x89, 0xC7, 0x39, 0x6C, 0xF7, 0xD3, 0x7C, 0x12, 0x63, 0xC5, 0x7D, 0x36, 0xA4,
    0x6E, 0x63, 0x2F, 0xE4, 0x3B, 0x9C, 0x76, 0xFA, 0x83, 0x32, 0xD3, 0x10, 0x3B, 0x5E, 0x7C, 0xE3,
    0xD9, 0xE5, 0x9E, 0x90, 0xFB, 0x6C, 0x9B, 0xEF, 0x93, 0xEF, 0xB3, 0x27, 0x13, 0x8B, 0x94, 0xBD,
    0x1C, 0xB5, 0xFA, 0x75, 0x40, 0xC6, 0x13, 0xA4, 0x81, 0x0A, 0x50, 0x80, 0x1E, 0xE9, 0x81, 0xDB,
    0x56, 0x3C, 0xDF, 0x96, 0xB6, 0x91, 0xE6, 0x9A, 0x74, 0x14, 0xC3, 0xD9, 0xDF, 0x46, 0x87, 0xF0,
    0xD7, 0x72, 0x7F, 0x27, 0xEF, 0xF5, 0x4D, 0x57, 0x3E, 0x03, 0xC0, 0x93, 0xF5, 0x94, 0x4F, 0xD1,
    0x91, 0xD2, 0x21, 0x2D, 0xD2, 0x50, 0x71, 0xD0, 0x61, 0x06, 0xC7, 0xFB, 0xD2, 0x7F, 0x6D, 0x07,
    0xA8, 0xD0, 0x01, 0x00, 0x8D, 0x97, 0x01, 0xA4, 0x26, 0x59, 0x76, 0xC7, 0x7F, 0x55, 0xD5, 0x3D,
    0x95, 0x4C, 0xD1, 0xB7, 0x61, 0x12, 0x49, 0xCF, 0x76, 0x2D, 0x82, 0x48, 0x7A, 0xBA, 0x82, 0x41,
    0x93, 0xD7, 0xAF, 0xCA, 0x04, 0xC1, 0xA2, 0x1B, 0xF3, 0xD2, 0xA2, 0x23, 0x03, 0x10, 0x6B, 0x69,
    0x18, 0xB2, 0x92, 0xD9, 0xAD, 0xCA, 0x0E, 0x06, 0x83, 0x69, 0x64, 0x01, 0x6C, 0x03, 0xA6, 0xBF,
    0x21, 0xAF, 0x27, 0x06, 0x8D, 0xEE, 0xAE, 0x6B, 0x1E, 0x1A, 0x8B, 0xAE, 0xDD, 0x36, 0x82, 0x4E,
    0xA4, 0x32, 0x9B, 0xC4, 0x66, 0xA1, 0xEF, 0x8E, 0xEA, 0x74, 0x75, 0x77, 0x55, 0x9D, 0xDC, 0x73,
    0xEB, 0x7B, 0x9F, 0xE9, 0x64, 0x90, 0xE3, 0xF9, 0xFD, 0x8F, 0xEF, 0x7B, 0x75, 0xEF, 0xBD, 0xE7,
    0x9C, 0x3A, 0xC7, 0xC7, 0x6A, 0x91, 0xCC, 0x80, 0x79, 0x2E, 0x15, 0xD4, 0x55, 0xD9, 0x10, 0xCD,
    0x78, 0x26, 0x23, 0xE7, 0xC1, 0x38, 0xF0, 0xEC, 0x94, 0x85, 0x55, 0x96, 0xF6, 0x0F, 0x36, 0x9B,
    0x1B, 0x65, 0x53, 0x8B, 0x0C, 0x75, 0x95, 0x3D, 0xB9, 0xE2, 0x6A, 0x52, 0x17, 0x79, 0x66, 0x9E,
    0x65, 0x65, 0x7A, 0xFA, 0xB2, 0xD1, 0x27, 0xF2, 0xCE, 0x58, 0xC8, 0x96, 0xC3, 0x5F, 0x7D, 0x4C,
    0x24, 0x22, 0x13, 0x50, 0xFF, 0xF8, 0x32, 0x50, 0x56, 0x28, 0x15, 0xD4, 0xC4, 0x15, 0xB4, 0xA4,
    0x0D, 0x2C, 0x98, 0x0A, 0x66, 0x72, 0x38, 0xB3, 0x6C, 0x04, 0x4A, 0x91, 0x85, 0xAD, 0xC5, 0x47,
    0x16, 0x92, 0xA3, 0xCA, 0xE3, 0x3B, 0x40, 0xF6, 0x18, 0x68, 0xC5, 0x92, 0x2E, 0xD7, 0x1C, 0xF9,
    0x54, 0x0C, 0xD4, 0xDF, 0xFB, 0xE3, 0x89, 0xE5, 0xC2, 0x5F, 0x4F, 0xC9, 0xF4, 0xEE, 0xA7, 0x63,
    0xEA, 0x6E, 0xF5, 0x97, 0x8D, 0xEB, 0x3B, 0x4C, 0xF7, 0x73, 0x4B, 0xF1, 0xB9, 0x7F, 0xBE, 0x3C,
    0x3A, 0x6A, 0x28, 0xDF, 0xFF, 0x00, 0xCA, 0x3F, 0x35, 0x1E, 0x97, 0x4E, 0x79, 0x9C, 0x7A, 0xDD,
    0xE3, 0x2F, 0xCE, 0x79, 0x7C, 0xEF, 0x82, 0xC7, 0xF7, 0xDF, 0xF4, 0x18, 0x6E, 0x9D, 0x27, 0x77,
    0xAE, 0xC5, 0xB8, 0x4E, 0x48, 0x9F, 0x7C, 0x3E, 0x13, 0xCB, 0x3F, 0x8D, 0x24, 0x22, 0x1D, 0xC9,
    0x87, 0x37, 0x21, 0xCD, 0x80, 0xEC, 0x14, 0x70, 0xEA, 0x5B, 0xC0, 0x89, 0x13, 0xB0, 0xB3, 0x58,
    0x16, 0xC2, 0xE1, 0x3B, 0xEF, 0x56, 0xA5, 0xC3, 0x0C, 0x98, 0x91, 0xB2, 0x23, 0x1B, 0x69, 0x2B,
    0x8D, 0xD7, 0x02, 0xA9, 0x4D, 0x26, 0x80, 0x6C, 0x50, 0x1A, 0xA7, 0xCC, 0xFB, 0xCD, 0x8D, 0x96,
    0xD2, 0xCA, 0x2F, 0xC4, 0x96, 0x36, 0x7F, 0xD4, 0x7A, 0x9A, 0x7F, 0x36, 0x4D, 0xDD, 0x98, 0xF1,
    0x14, 0x6D, 0x65, 0x1C, 0x9E, 0x79, 0xEF, 0x49, 0x61, 0x95, 0xA5, 0xDD, 0xA6, 0x8D, 0xB2, 0x29,
    0xF1, 0xB4, 0x2D, 0x50, 0x74, 0x2D, 0x6F, 0x62, 0x86, 0x25, 0x72, 0xA4, 0x32, 0x5F, 0x73, 0x21,
    0x03, 0x16, 0x8A, 0x90, 0x6D, 0xFE, 0xBC, 0x02, 0x32, 0xF1, 0x06, 0x26, 0x88, 0x3E, 0x19, 0xAD,
    0xC2, 0xBE, 0x4A, 0xC3, 0x45, 0x74, 0x69, 0xF6, 0x80, 0x96, 0x20, 0x42, 0xB0, 0x25, 0x90, 0x39,
    0x30, 0x9A, 0x82, 0xC4, 0xAB, 0x24, 0x5B, 0xD1, 0x74, 0xEF, 0x24, 0x75, 0xA8, 0x65, 0xAB, 0x98,
    0x20, 0xAF, 0x1C, 0x3E, 0xFF, 0x78, 0x3D, 0xC3, 0x44, 0x38, 0x30, 0xBB, 0x1A, 0xD3, 0xCD, 0xBF,
    0x2E, 0x62, 0x95, 0x85, 0x3C, 0x57, 0xA9, 0x45, 0x20, 0x2C, 0xF0, 0x2C, 0x14, 0x40, 0x4F, 0x2C,
    0x6F, 0x0D, 0x64, 0x63, 0x3C, 0x61, 0x5C, 0x34, 0x93, 0x77, 0xD1, 0xA2, 0xEB, 0xCC, 0x8A, 0xDF,
    0x53, 0x80, 0xE9, 0xC2, 0x59, 0x96, 0x15, 0x24, 0x8E, 0x1D, 0xD6, 0x23, 0x28, 0x06, 0x30, 0x16,
    0xC8, 0x01, 0x2E, 0x2A, 0x06, 0x20, 0xFD, 0xE2, 0xE0, 0x80, 0x42, 0x83, 0x57, 0x7A, 0x34, 0x8A,
    0x0A, 0xB5, 0xC4, 0x12, 0x2C, 0x6B, 0x56, 0x35, 0x81, 0x70, 0x3E, 0xF0, 0x77, 0x78, 0xEF, 0xAF,
    0x28, 0xE5, 0x2D, 0xE9, 0x44, 0x9A, 0x3F, 0x14, 0x23, 0xBF, 0xD6, 0x6A, 0x90, 0xFD, 0xEC, 0xC5,
    0x58, 0xF4, 0x2C, 0x9F, 0x25, 0xD2, 0x19, 0x87, 0x74, 0x89, 0x54, 0xC6, 0x45, 0xD2, 0x24, 0x0B,
    0xA6, 0x8F, 0x85, 0x74, 0x22, 0xEF, 0x92, 0x59, 0x0B, 0xA5, 0xB0, 0x89, 0x5E, 0x89, 0xD2, 0x26,
    0x23, 0xA6, 0xF7, 0x9A, 0x3A, 0xF2, 0x8E, 0xB2, 0xC9, 0x9C, 0x5E, 0xAB, 0xAE, 0xC2, 0x97, 0xB4,
    0xEB, 0x97, 0x88, 0x7E, 0x29, 0x0D, 0x42, 0x61, 0x23, 0xA9, 0x58, 0x74, 0x85, 0xA0, 0xA5, 0xCD,
    0x04, 0xE4, 0xD5, 0xB2, 0x31, 0xAA, 0x4B, 0x5D, 0x9D, 0x17, 0x2D, 0xF2, 0x35, 0xA9, 0x27, 0x2B,
    0x18, 0x09, 0x16, 0xB9, 0x55, 0x93, 0x8E, 0x97, 0xEC, 0xE4, 0xDB, 0x1C, 0xBC, 0x4D, 0xB1, 0x44,
    0xB2, 0x70, 0x46, 0xA2, 0x76, 0x24, 0x12, 0xD2, 0x46, 0xAB, 0x3B, 0xAB, 0x48, 0x1E, 0x37, 0x06,
    0x92, 0x9F, 0x58, 0xE5, 0x47, 0xCA, 0xF4, 0x92, 0x3D, 0x0B, 0x87, 0x97, 0x9E, 0xB7, 0x37, 0x22,
    0xF1, 0xD6, 0xF3, 0xCE, 0xD5, 0x27, 0x3F, 0xA8, 0x30, 0x89, 0xDB, 0x83, 0x53, 0x89, 0xBB, 0x40,
    0xA2, 0x9F, 0x5B, 0xCF, 0x45, 0x2C, 0x7B, 0x4C, 0xB7, 0x50, 0x3A, 0xE5, 0xEC, 0xF9, 0x7D, 0xEE,
    0xF5, 0xF0, 0x19, 0x75, 0x07, 0x7A, 0xCB, 0x2D, 0x0B, 0xB1, 0x85, 0xA5, 0x14, 0x9B, 0x37, 0xBB,
    0xB3, 0x1D, 0x28, 0x4B, 0x91, 0x06, 0xCD, 0x93, 0x03, 0xE6, 0x64, 0x0A, 0x75, 0xB9, 0x84, 0xB2,
    0x6C, 0x21, 0x19, 0x3D, 0xD7, 0x93, 0x24, 0x4A, 0xC7, 0x55, 0x87, 0x54, 0x64, 0x8E, 0x19, 0x0D,
    0xFC, 0xA4, 0xCC, 0x9C, 0x67, 0xD7, 0x76, 0x90, 0xCB, 0x82, 0xAE, 0x76, 0x7D, 0x5B, 0x84, 0x3B,
    0x56, 0xCA, 0x5A, 0x41, 0x1B, 0x28, 0x81, 0x8B, 0xA2, 0x94, 0x01, 0xA8, 0x03, 0x31, 0x22, 0xCF,
    0x60, 0xEB, 0x49, 0x47, 0xB0, 0xDA, 0x16, 0x03, 0xC1, 0x4A, 0xCD, 0xED, 0xD6, 0x8B, 0x97, 0xED,
    0xB7, 0x4D, 0x24, 0x04, 0x6B, 0x2B, 0xEF, 0x45, 0x37, 0x01, 0x2F, 0x42, 0x29, 0xBD, 0x7A, 0xF1,
    0x12, 0x2D, 0x57, 0x27, 0xF5, 0x92, 0x39, 0x19, 0xE2, 0x89, 0x68, 0x21, 0x99, 0xC2, 0x15, 0xE2,
    0x19, 0xE3, 0x4C, 0xCF, 0x1D, 0x92, 0x89, 0xDA, 0x1A, 0xC7, 0x65, 0x92, 0xE5, 0x70, 0xC1, 0x84,
    0x12, 0xD6, 0x03, 0xA4, 0x0B, 0x90, 0x3D, 0xAB, 0x2D, 0x89, 0x2E, 0x67, 0x5C, 0xE1, 0x29, 0xB3,
    0x7A, 0xC6, 0xE9, 0x8D, 0x9B, 0xAD, 0x17, 0x89, 0x25, 0xEF, 0xB3, 0x11, 0x28, 0x7B, 0x8A, 0x2E,
    0x9D, 0x38, 0xBD, 0x2D, 0xC3, 0x89, 0x81, 0x2C, 0x78, 0x0B, 0xE3, 0xEA, 0x45, 0xC2, 0x84, 0xE9,
    0x10, 0x8B, 0x34, 0x5A, 0x71, 0x85, 0x2C, 0x55, 0x3D, 0xD6, 0xBF, 0x12, 0x6A, 0x91, 0x2A, 0x9B,
    0x72, 0x19, 0xD9, 0xDA, 0x01, 0x44, 0x07, 0x15, 0x27, 0x2F, 0x67, 0xD2, 0x51, 0x8E, 0x99, 0x34,
    0x14, 0x3D, 0x13, 0x64, 0x30, 0xC5, 0x9D, 0xF1, 0x4C, 0xBA, 0xB3, 0x44, 0x63, 0xDA, 0x9D, 0xF3,
    0x34, 0xDD, 0x5E, 0xE0, 0xBB, 0x9E, 0x45, 0xE7, 0x3C, 0xCB, 0xAE, 0xF7, 0xFC, 0xDB, 0x9F, 0x77,
    0xE1, 0x85, 0x1C, 0x29, 0x3D, 0x27, 0x7E, 0xEB, 0xC9, 0xFD, 0x9F, 0x5E, 0x26, 0x7E, 0x7A, 0xFF,
    0x01, 0x9E, 0x1F, 0xFC, 0x8B, 0xE7, 0x8B, 0x74, 0xF2, 0x5C, 0x02, 0xE7, 0x74, 0xF0, 0x9C, 0x52,
    0xA7, 0x65, 0x90, 0xF6, 0x9E, 0x2E, 0xB3, 0x3B, 0x76, 0x59, 0x03, 0x54, 0x11, 0xB0, 0xD9, 0x6C,
    0x2A, 0x5E, 0xBD, 0x1E, 0xD6, 0x34, 0xBD, 0x6C, 0x3E, 0x91, 0xCA, 0xF4, 0x8B, 0x66, 0x28, 0x48,
    0xDE, 0x07, 0x31, 0x2E, 0x48, 0xF6, 0x35, 0x89, 0x3F, 0x0E, 0x92, 0x4C, 0xFF, 0x7F, 0x81, 0xAD,
    0xE4, 0x5D, 0x90, 0xC2, 0x06, 0x29, 0x57, 0xA9, 0x1B, 0x95, 0x58, 0x58, 0x92, 0x70, 0x9A, 0x20,
    0x5D, 0x68, 0x7A, 0x9E, 0xAF, 0xA8, 0x9B, 0x89, 0x05, 0x8C, 0x25, 0xDE, 0x1C, 0xFE, 0x52, 0x33,
    0x3C, 0xF1, 0xCA, 0xA6, 0xFD, 0x25, 0x50, 0x02, 0x45, 0x0B, 0x71, 0xE8, 0xED, 0xFF, 0xB9, 0xC0,
    0x3E, 0x77, 0xE1, 0x0E, 0x13, 0x91, 0xF3, 0x48, 0x5C, 0xE4, 0xD1, 0xC7, 0x23, 0x59, 0x17, 0x0F,
    0x98, 0x2E, 0x71, 0x6B, 0xED, 0x1B, 0x57, 0xBA, 0x3E, 0x93, 0xA7, 0xFA, 0x56, 0x1E, 0x09, 0xDC,
    0x8D, 0x46, 0x82, 0xF9, 0x81, 0xBF, 0x69, 0x5A, 0xED, 0x7E, 0xAF, 0x1D, 0xF8, 0x66, 0x08, 0xFC,
    0x43, 0x03, 0xE4, 0xA1, 0xD2, 0xDB, 0x9F, 0xDD, 0x25, 0x54, 0x1D, 0x18, 0x47, 0x5D, 0xA1, 0xEF,
    0x67, 0x15, 0xFE, 0xA0, 0x85, 0x13, 0x30, 0x03, 0x9A, 0x31, 0xAF, 0x65, 0xE0, 0x6F, 0x3F, 0xF3,
    0xDD, 0x84, 0x64, 0x60, 0x37, 0x1B, 0xDA, 0xD0, 0x7E, 0x25, 0xF0, 0xEA, 0x93, 0x83, 0xCB, 0xC7,
    0x9F, 0x27, 0x2B, 0x07, 0x92, 0x8E, 0x78, 0xD4, 0x1D, 0xA2, 0x89, 0xBC, 0x3F, 0x1E, 0x7C, 0xE5,
    0x7F, 0xB4, 0x15, 0x64, 0xEB, 0x08, 0xF9, 0x6E, 0xB3, 0xBE, 0x6D, 0x7F, 0x27, 0x42, 0x2E, 0xF2,
    0x23, 0x59, 0xA0, 0xED, 0x29, 0x7B, 0xA8, 0x2D, 0xF5, 0xFA, 0x5E, 0x4D, 0x80, 0xE8, 0xE2, 0x2A,
    0x45, 0x13, 0xE4, 0x1E, 0x10, 0x2D, 0xF1, 0x80, 0x56, 0x8B, 0xE9, 0xD0, 0xFB, 0x94, 0x55, 0x90,
    0xF9, 0x78, 0x4C, 0x2E, 0x18, 0x95, 0x19, 0xB2, 0x41, 0x2A, 0xC0, 0xB8, 0xD6, 0x06, 0x29, 0x55,
    0xF2, 0x5E, 0xB7, 0xA1, 0xE8, 0x72, 0x47, 0xA8, 0x98, 0x31, 0x48, 0x36, 0x05, 0x49, 0x66, 0x34,
    0xA9, 0x89, 0x1C, 0xBF, 0xDB, 0x44, 0xDA, 0xA7, 0x2D, 0xD7, 0xE4, 0x19, 0xF5, 0x84, 0xAE, 0x9B,
    0x4D, 0x9C, 0xF4, 0xD1, 0x7D, 0x5B, 0xB7, 0x99, 0x8A, 0x00, 0x5A, 0xC6, 0x92, 0x85, 0xE1, 0x22,
    0x33, 0xEE, 0x3D, 0x26, 0xC2, 0xF5, 0x21, 0x56, 0x24, 0xE3, 0x6D, 0x0F, 0x0D, 0x58, 0x26, 0x15,
    0x51, 0xEB, 0xC0, 0x88, 0xC7, 0x29, 0xF3, 0x65, 0x70, 0x3B, 0xC8, 0x67, 0x88, 0xC3, 0xD4, 0x57,
    0x5C, 0x0C, 0x3D, 0xAC, 0xAC, 0x14, 0x00, 0xB5, 0x3A, 0x7A, 0xA3, 0x5A, 0xF1, 0xB2, 0x9D, 0xDB,
    0x79, 0x83, 0xE2, 0xE5, 0x99, 0xF0, 0x8E, 0x5D, 0x35, 0xDE, 0xCD, 0xC2, 0xF2, 0xEF, 0xEF, 0xE5,
    0x3D, 0x6A, 0xDF, 0x8E, 0xA6, 0x70, 0xBA, 0x70, 0x40, 0xEE, 0x6D, 0x3D, 0x47, 0x49, 0xB0, 0xCC,
    0xAD, 0x41, 0x07, 0xD3, 0xAF, 0xD3, 0x16, 0x15, 0xB3, 0x9B, 0xFE, 0xA6, 0xDF, 0x76, 0x45, 0xB2,
    0xAD, 0xD7, 0xE8, 0x43, 0xC1, 0xAB, 0x8E, 0xBD, 0x9A, 0x63, 0xAF, 0xE5, 0xF8, 0x89, 0xE5, 0x25,
    0xAF, 0x3B, 0xA3, 0xFE, 0x04, 0xB9, 0x95, 0x85, 0x10, 0xB5, 0xE2, 0x68, 0x28, 0x9B, 0x10, 0xBA,
    0xF2, 0x03, 0x6B, 0xAC, 0x1E, 0x8F, 0xD6, 0xD8, 0xAC, 0xCB, 0x5E, 0x38, 0x58, 0xD4, 0xDB, 0x3F,
    0x74, 0x24, 0x53, 0x6E, 0x33, 0x7B, 0x21, 0x73, 0x64, 0xAE, 0xB0, 0xC6, 0xBE, 0x69, 0x66, 0x4A,
    0x5B, 0xF6, 0x79, 0x73, 0xB1, 0x36, 0x2F, 0x84, 0xF2, 0x59, 0x8B, 0x19, 0x23, 0xE9, 0xA9, 0xCB,
    0x81, 0xD5, 0xEE, 0x71, 0x6C, 0xF3, 0xCE, 0x9B, 0xD8, 0x5A, 0xB4, 0xF3, 0xE2, 0x9D, 0xB7, 0x96,
    0xFE, 0xAE, 0xFC, 0x83, 0xBD, 0x72, 0x9D, 0x9D, 0xE9, 0xF2, 0xA4, 0x32, 0xEA, 0x4D, 0xEE, 0x40,
    0xD1, 0xEC, 0x7B, 0x54, 0xE7, 0x35, 0x06, 0x85, 0x42, 0x3D, 0xFD, 0xAC, 0xB4, 0x17, 0x35, 0x6A,
    0x7B, 0x7A, 0xCF, 0xDB, 0x1A, 0x00, 0xE7, 0xF1, 0x95, 0x47, 0xF6, 0xB4, 0xD3, 0x05, 0x2C, 0x24,
    0x12, 0x32, 0x05, 0x27, 0xF0, 0xD8, 0x43, 0x2A, 0x7E, 0xA8, 0x35, 0x21, 0x89, 0x74, 0x91, 0x7C,
    0x74, 0xAD, 0x4F, 0x1E, 0x3C, 0x36, 0x2E, 0xFB, 0x70, 0xCA, 0x06, 0x93, 0x8C, 0xE9, 0xF4, 0x46,
    0xE4, 0x92, 0x69, 0x8F, 0x2E, 0x9E, 0x01, 0x96, 0x2D, 0xBE, 0xAD, 0x70, 0xDC, 0x23, 0x1A, 0xB8,
    0x4B, 0x34, 0x32, 0xC1, 0x12, 0x6B, 0x04, 0xA5, 0x87, 0x33, 0x52, 0x7D, 0xD3, 0x18, 0x9E, 0xB6,
    0x63, 0x78, 0x06, 0xF1, 0x36, 0x04, 0x3A, 0xBD, 0x7C, 0x1D, 0x6A, 0xA2, 0x25, 0x3E, 0x7C, 0xBE,
    0x91, 0xEB, 0x61, 0x24, 0x77, 0xF1, 0xE1, 0x93, 0x2B, 0x4B, 0x83, 0xE9, 0x34, 0x24, 0xC6, 0xD6,
    0xDF, 0x3C, 0x86, 0xAB, 0x40, 0xFE, 0xF7, 0x18, 0x5E, 0xBE, 0x71, 0x0C, 0xEF, 0x6C, 0x4F, 0x71,
    0x41, 0xF1, 0x2E, 0xF0, 0xBB, 0xCF, 0x20, 0x12, 0xE9, 0x30, 0xCF, 0xAE, 0xEA, 0x0C, 0x4B, 0x7B,
    0x16, 0xD2, 0x3E, 0x99, 0x48, 0x75, 0xF3, 0xD4, 0x9A, 0x9E, 0xA8, 0xCA, 0x2D, 0x50, 0x06, 0x54,
    0xC7, 0xBB, 0xB5, 0x2B, 0x72, 0xE9, 0x75, 0x2A, 0xBB, 0x05, 0x5A, 0x3C, 0xEE, 0x79, 0x61, 0x56,
    0x4C, 0xD4, 0x7A, 0xE3, 0xB2, 0x8A, 0x27, 0x0A, 0x1B, 0x3A, 0x96, 0x36, 0xAF, 0xE5, 0x8A, 0x83,
    0x56, 0xB4, 0x79, 0x8F, 0x40, 0xDC, 0x29, 0x2C, 0x90, 0x28, 0x22, 0x56, 0xCB, 0xBA, 0x55, 0xF3,
    0x7E, 0xD5, 0xD2, 0xAD, 0xDA, 0x6E, 0xF5, 0xC5, 0xAA, 0xC9, 0xD3, 0x55, 0xD3, 0xFB, 0x43, 0x50,
    0xF3, 0xFE, 0x18, 0xB4, 0x48, 0xA6, 0xA0, 0xFB, 0xAA, 0xBE, 0x69, 0x2F, 0x9F, 0x2C, 0x9B, 0x1B,
    0xD4, 0xA2, 0xE6, 0x78, 0xED, 0xCA, 0x93, 0x3F, 0x5B, 0x42, 0x63, 0xB5, 0xD1, 0x12, 0x1E, 0x6B,
    0x08, 0x5A, 0x40, 0x68, 0x48, 0xC1, 0x6C, 0xBC, 0x55, 0x4D, 0x34, 0xED, 0xB6, 0x03, 0x87, 0x26,
    0x6B, 0xA1, 0x6E, 0xC2, 0x63, 0x21, 0x2A, 0x05, 0xAB, 0xFE, 0x70, 0xAB, 0x0B, 0xD0, 0xEA, 0x60,
    0xFE, 0x77, 0xCE, 0xC8, 0x1C, 0xB2, 0x50, 0x86, 0xF4, 0x5D, 0xBB, 0x0E, 0x99, 0xCC, 0x50, 0xFC,
    0xB8, 0xDD, 0xFE, 0x6C, 0x11, 0x72, 0x1B, 0xCD, 0x18, 0xCB, 0x6D, 0xEF, 0xC1, 0xDA, 0x13, 0x4A,
    0xCE, 0xDE, 0x3C, 0x98, 0xC3, 0x68, 0x77, 0x27, 0x37, 0xAD, 0xB8, 0x75, 0xD1, 0xCC, 0xAB, 0xC8,
    0xF3, 0x9B, 0x95, 0x78, 0x6B, 0x52, 0x77, 0xB0, 0xA9, 0x4C, 0x78, 0x46, 0x51, 0x36, 0x4C, 0x1E,
    0xB1, 0x22, 0x99, 0x28, 0xC2, 0x30, 0x5B, 0xAE, 0x75, 0x24, 0x22, 0x9A, 0xE9, 0xEB, 0xEC, 0xCC,
    0xED, 0xD0, 0x03, 0xE9, 0x08, 0x68, 0xB1, 0x66, 0xF2, 0xA8, 0xA7, 0x78, 0x78, 0xE4, 0x68, 0x93,
    0xA3, 0x31, 0x9A, 0xD2, 0xF7, 0xC7, 0x64, 0xCC, 0xDE, 0x1A, 0x32, 0x97, 0x71, 0xD9, 0xF4, 0x06,
    0x72, 0x6B, 0x74, 0xB7, 0xB3, 0xBA, 0xDB, 0x1B, 0x1E, 0xD5, 0x39, 0x0F, 0xF6, 0xA0, 0x5E, 0x71,
    0x41, 0xF1, 0xAE, 0xE2, 0x16, 0x94, 0x38, 0x8F, 0xC6, 0x5D, 0xA4, 0xB0, 0x7D, 0x8B, 0xF9, 0x59,
    0x27, 0x64, 0xFF, 0x7D, 0xFC, 0xF3, 0x91, 0x5A, 0x3A, 0x48, 0xFF, 0x0B, 0x8F, 0x06, 0xC8, 0xC2,
    0x24, 0x01, 0x38, 0xA9, 0xC8, 0x74, 0x0C, 0xE3, 0x37, 0x55, 0x76, 0xA6, 0xD7, 0xBD, 0xF3, 0x4E,
    0x37, 0x2F, 0x2C, 0xDA, 0x85, 0x94, 0x4D, 0xD9, 0x84, 0x18, 0x49, 0x57, 0x2A, 0x2D, 0x42, 0x0B,
    0x2C, 0x48, 0xE0, 0x72, 0xFC, 0xCA, 0xC5, 0xA1, 0x11, 0x27, 0x2B, 0xC7, 0x44, 0x39, 0x24, 0x23,
    0xA4, 0x2E, 0x1D, 0x34, 0xAA, 0x61, 0x2B, 0x67, 0xD6, 0x0D, 0xFB, 0xB0, 0x61, 0xD8, 0x6A, 0xBB,
    0xA1, 0x67, 0x69, 0xF3, 0x5E, 0x37, 0x34, 0x4B, 0x4F, 0x5D, 0xA5, 0xD2, 0x03, 0x1C, 0xB0, 0xB3,
    0x42, 0x86, 0x75, 0x08, 0x40, 0x36, 0x22, 0x8D, 0x16, 0x6E, 0x69, 0x8F, 0xFF, 0x1A, 0xCD, 0x6A,
    0xDD, 0xF0, 0x1B, 0x28, 0xD1, 0xE5, 0x02, 0x7B, 0x65, 0x31, 0x2A, 0x8D, 0x84, 0x29, 0xBB, 0x2E,
    0x2C, 0xB3, 0xB2, 0xD8, 0x7E, 0xD4, 0xED, 0x0A, 0x9F, 0x7C, 0x50, 0x9A, 0x51, 0xA9, 0x3F, 0x8F,
    0x1E, 0x3C, 0xB8, 0x3F, 0xB2, 0xFF, 0xE2, 0x85, 0x8F, 0xE7, 0xA7, 0x5F, 0xFD, 0xE2, 0x91, 0xE3,
    0x1F, 0xBF, 0x7C, 0xF8, 0xA0, 0xE7, 0x6F, 0x1E, 0x1E, 0x3D, 0xB6, 0x94, 0x0F, 0x1F, 0x2D, 0x90,
    0x49, 0x68, 0xA0, 0xFF, 0xFA, 0x13, 0x20, 0xFB, 0xE8, 0x12, 0x60, 0x2E, 0x19, 0x8D, 0xF2, 0x49,
    0x8D, 0x73, 0xBC, 0xD9, 0x6C, 0x6E, 0x86, 0xA6, 0x13, 0x3C, 0x76, 0x16, 0x66, 0x6F, 0x40, 0x5E,
    0xB5, 0xAC, 0x03, 0x78, 0x7F, 0x37, 0x80, 0x7F, 0x9F, 0x89, 0x1B, 0x2F, 0x0D, 0x60, 0xC5, 0xA0,
    0x70, 0x40, 0xAA, 0xC8, 0x14, 0xA6, 0x57, 0x74, 0x0A, 0x8B, 0xE6, 0x30, 0xAC, 0x5C, 0x91, 0x2B,
    0x22, 0x3F, 0xE4, 0x49, 0x35, 0x68, 0x99, 0x82, 0xB5, 0xCF, 0xB6, 0x8A, 0x1A, 0xFD, 0x97, 0x89,
    0x42, 0xB1, 0xFD, 0x6C, 0x39, 0xDE, 0x2D, 0x0F, 0x1D, 0xA4, 0x02, 0x0D, 0x3A, 0x57, 0xA6, 0xDD,
    0xDC, 0xA9, 0xD9, 0x4D, 0xF5, 0x06, 0x28, 0xD6, 0x2D, 0x77, 0x27, 0xE8, 0x81, 0x4C, 0x1A, 0x48,
    0x14, 0x21, 0x7D, 0xAF, 0x69, 0x1B, 0x10, 0x59, 0xBB, 0xF7, 0xEE, 0x32, 0x91, 0xC7, 0x70, 0xD6,
    0xE3, 0xD7, 0xB3, 0x3E, 0xD1, 0x2B, 0x80, 0xC2, 0x41, 0x2C, 0xDD, 0x09, 0xCC, 0x63, 0x3B, 0x70,
    0x2A, 0x7F, 0xE0, 0xB6, 0x49, 0x2A, 0x07, 0x88, 0xA4, 0x89, 0xAF, 0xE7, 0x42, 0xE6, 0xCA, 0x16,
    0xE3, 0xFE, 0xA8, 0xF5, 0x1E, 0x0B, 0x59, 0xC7, 0x4C, 0x66, 0x99, 0xC8, 0x35, 0x5E, 0x77, 0x89,
    0xE7, 0x6B, 0x8E, 0x44, 0xAF, 0xCF, 0x77, 0x77, 0xAF, 0x64, 0xB6, 0x6D, 0xD7, 0x0D, 0x70, 0x27,
    0xB3, 0xC0, 0x90, 0xEC, 0xC8, 0x94, 0x3C, 0x96, 0x9E, 0x56, 0x24, 0x34, 0x93, 0xE5, 0x13, 0xE1,
    0xD5, 0xC3, 0x46, 0xEF, 0x99, 0x55, 0x98, 0x06, 0xC3, 0x8E, 0xE4, 0xA7, 0x4F, 0x9B, 0x8A, 0xF3,
    0xB7, 0x6F, 0xE5, 0x50, 0x2E, 0xE3, 0x45, 0xCF, 0x76, 0x1E, 0xE1, 0x07, 0x45, 0xD9, 0x13, 0x8F,
    0xAF, 0x9F, 0x3F, 0xAE, 0x9E, 0xFD, 0x41, 0xF9, 0x59, 0x20, 0x23, 0x54, 0x70, 0x07, 0xDD, 0xED,
    0x1E, 0xC6, 0xB3, 0xFC, 0xA2, 0xB5, 0x21, 0x05, 0xAC, 0xC3, 0x57, 0x43, 0xC5, 0x6A, 0x97, 0x03,
    0x71, 0x81, 0xD1, 0x2A, 0x71, 0x1F, 0x24, 0xE9, 0x94, 0x51, 0xBB, 0x54, 0x84, 0xC9, 0x17, 0xC2,
    0xF2, 0xE1, 0x23, 0x0D, 0xE2, 0x98, 0x35, 0x12, 0x7E, 0x38, 0x54, 0x75, 0xA3, 0xEF, 0xD1, 0xFA,
    0x6B, 0x3D, 0xD7, 0x1C, 0x2D, 0x9C, 0xF7, 0x12, 0x4F, 0xBC, 0xB1, 0xFE, 0xCE, 0xDF, 0x53, 0x19,
    0x83, 0x64, 0x8E, 0xF7, 0x28, 0xAD, 0x71, 0xDC, 0x5E, 0x65, 0xD0, 0x67, 0x7B, 0x1C, 0x75, 0x95,
    0x77, 0xB8, 0xD0, 0x43, 0x23, 0x87, 0x50, 0xDA, 0xB8, 0x57, 0x69, 0x92, 0x8E, 0x85, 0xB2, 0x4A,
    0xB4, 0xAB, 0xB6, 0x24, 0xBA, 0xAE, 0x1F, 0xC8, 0x15, 0xE1, 0x36, 0x9D, 0x0E, 0xE8, 0xC3, 0x11,
    0x58, 0x42, 0xE7, 0x9F, 0xA9, 0x59, 0x87, 0x14, 0xA1, 0x6F, 0x6E, 0x99, 0x8C, 0xFA, 0xC9, 0x3A,
    0x9C, 0x53, 0x5D, 0x9D, 0xCC, 0xC5, 0x93, 0x32, 0x0F, 0xB9, 0x13, 0x4B, 0x1A, 0x8A, 0x86, 0xBC,
    0x23, 0x14, 0xDA, 0x8E, 0x46, 0x93, 0x14, 0x6A, 0xF7, 0xE5, 0xB1, 0xBC, 0xB2, 0x08, 0x0F, 0x95,
    0x32, 0x11, 0xEC, 0xF5, 0x0B, 0xCA, 0x73, 0x6F, 0x2A, 0xF7, 0x6E, 0x29, 0xB5, 0xAC, 0xB7, 0xAF,
    0x6C, 0xE9, 0xC4, 0x81, 0x7C, 0xFA, 0xC8, 0x91, 0x4C, 0x5F, 0xDD, 0x77, 0x18, 0xF7, 0xE5, 0x51,
    0x47, 0xFE, 0x6F, 0x0F, 0x35, 0x3F, 0x9F, 0x1F, 0x35, 0x9E, 0x3F, 0xBA, 0x5F, 0x41, 0xFB, 0x27,
    0x3F, 0x05, 0x24, 0xF9, 0x48, 0x19, 0xFF, 0xA6, 0x12, 0xB5, 0xE5, 0xFF, 0x50, 0xBE, 0xC6, 0xB6,
    0x52, 0x96, 0x96, 0xDD, 0x2D, 0xB2, 0x41, 0x19, 0x2F, 0x4A, 0x6A, 0x3D, 0x81, 0x76, 0xD6, 0x40,
    0x4B, 0x1D, 0xB8, 0xB5, 0xEC, 0x3B, 0x0A, 0x03, 0x18, 0x8F, 0x93, 0xEF, 0xFC, 0x65, 0xF8, 0xDF,
    0x86, 0x33, 0xD2, 0x3A, 0x98, 0x92, 0x89, 0x68, 0x8A, 0x66, 0x0D, 0xE6, 0x42, 0x32, 0x2A, 0x06,
    0x66, 0x12, 0xC7, 0x44, 0xEA, 0x92, 0x31, 0xFC, 0x54, 0xC4, 0x3C, 0x17, 0x30, 0x32, 0x7A, 0x7C,
    0xD1, 0x36, 0x3A, 0x5A, 0x7A, 0x4D, 0xBC, 0x66, 0x38, 0xD6, 0xF8, 0x6B, 0x5A, 0x74, 0x89, 0x5A,
    0xD1, 0xAE, 0xEB, 0x18, 0xE7, 0x51, 0x5B, 0xED, 0xF9, 0xD4, 0x21, 0x4A, 0x6F, 0x7C, 0x4B, 0x23,
    0x78, 0x0E, 0xD8, 0xDB, 0x03, 0x2E, 0x28, 0x4E, 0x9F, 0x86, 0xFF, 0x01, 0x94, 0xD3, 0x21, 0x8C,
    0xD4, 0x40, 0x18, 0x05, 0xE0, 0xD7, 0x4E, 0x42, 0x13, 0x1A, 0x32, 0x0A, 0xCB, 0x1A, 0x0C, 0xAA,
    0x06, 0x71, 0x02, 0x6E, 0x9A, 0xE0, 0xDD, 0x2D, 0x16, 0x8F, 0x17, 0x6B, 0xB8, 0x6D, 0x82, 0x0F,
    0xDE, 0x61, 0xAF, 0x88, 0xB3, 0x2B, 0x80, 0x9D, 0x80, 0xC4, 0x34, 0xC1, 0x27, 0x4D, 0xF0, 0xC9,
    0x88, 0x21, 0x34, 0x5C, 0xF7, 0xCA, 0x7B, 0x19, 0x9A, 0x1B, 0x47, 0x78, 0xE2, 0xCB, 0x25, 0xF7,
    0x77, 0xE6, 0xCD, 0xCC, 0x1D, 0x52, 0x60, 0x5A, 0x69, 0x3B, 0xE9, 0x44, 0x31, 0xC9, 0x6A, 0x94,
    0x9B, 0x4E, 0x7E, 0x16, 0xE5, 0x24, 0xEB, 0x51, 0xBA, 0x0E, 0xC5, 0xF6, 0x62, 0x51, 0x6E, 0x93,
    0xAE, 0x7D, 0xF8, 0xBA, 0xBF, 0xB2, 0x03, 0x18, 0x13, 0x25, 0x4E, 0x02, 0xAE, 0x95, 0xF5, 0x20,
    0xCB, 0x28, 0xF1, 0x09, 0x77, 0x4B, 0x57, 0x74, 0x4D, 0x99, 0x9A, 0x0C, 0xB2, 0x89, 0xF2, 0x78,
    0x22, 0xE5, 0xCD, 0x91, 0x56, 0x3F, 0xDE, 0x79, 0x7E, 0xF4, 0xF6, 0x6B, 0x00, 0x2E, 0x8D, 0x9F,
    0x81, 0xC9, 0x78, 0x07, 0x33, 0x56, 0xDE, 0x7A, 0xDB, 0x55, 0xDE, 0x8C, 0xE7, 0xA8, 0x3C, 0xA6,
    0x67, 0xA8, 0x3D, 0xCE, 0x20, 0x91, 0xBB, 0x96, 0xB0, 0xFF, 0x96, 0xF3, 0x59, 0xAB, 0x4E, 0x9A,
    0x51, 0x62, 0x16, 0x70, 0x02, 0xD6, 0x4B, 0x13, 0xF2, 0x5F, 0xFC, 0x3D, 0xC1, 0x76, 0xDB, 0xC2,
    0xC4, 0x45, 0x39, 0xA5, 0xFB, 0xE9, 0xFB, 0xAB, 0x8B, 0xFC, 0x06, 0x9B, 0xEC, 0x62, 0xE3, 0xDD,
    0xC6, 0x4E, 0x60, 0x5E, 0x17, 0xA6, 0x59, 0x93, 0x7B, 0x9D, 0xB4, 0xFF, 0x77, 0x8A, 0xCC, 0xC7,
    0xF2, 0xE9, 0x73, 0xDD, 0xD2, 0xBC, 0x69, 0x79, 0x63, 0xA1, 0x1A, 0x2A, 0x5F, 0xFB, 0x22, 0x1A,
    0xDF, 0xF0, 0x59, 0x8C, 0xFF, 0xC8, 0x62, 0x2F, 0xBE, 0x44, 0x8E, 0x7F, 0xFF, 0x36, 0x00, 0xE6,
    0xD7, 0xB5, 0x0E, 0xB4, 0xDC, 0x12, 0xB8, 0x49, 0xDA, 0x51, 0x9A, 0x4E, 0x42, 0x96, 0x58, 0xCB,
    0xEA, 0x42, 0x64, 0x24, 0x9B, 0x40, 0xE0, 0x06, 0x52, 0xCD, 0x04, 0x4B, 0x4B, 0x8A, 0x85, 0x98,
    0x13, 0x94, 0xBD, 0x4F, 0xA3, 0x69, 0x38, 0x8D, 0xA6, 0x61, 0x8D, 0xA6, 0x61, 0x33, 0x23, 0xC5,
    0x79, 0xFB, 0xB3, 0x4F, 0x79, 0x15, 0xDC, 0xB2, 0x66, 0xCE, 0x7E, 0xB4, 0xBF, 0xFB, 0x94, 0xEB,
    0x90, 0x7D, 0x86, 0x05, 0x29, 0xCB, 0xBA, 0x05, 0x17, 0xCD, 0x37, 0xCE, 0xEA, 0x64, 0x25, 0xB3,
    0xEA, 0xF9, 0x81, 0xF2, 0x63, 0x42, 0x1A, 0x00, 0x4F, 0x2E, 0x88, 0x2A, 0x74, 0x09, 0xAD, 0x71,
    0x33, 0x92, 0xC3, 0x24, 0x2E, 0xC5, 0xC6, 0x93, 0x2A, 0x90, 0x72, 0x26, 0x38, 0xB6, 0xD8, 0x71,
    0x0B, 0x62, 0x23, 0x31, 0x27, 0xC2, 0xDD, 0xCF, 0xB4, 0x2F, 0xB1, 0x21, 0x7F, 0xF9, 0xE2, 0xE5,
    0x7B, 0xCB, 0x95, 0xA3, 0x98, 0xD6, 0x3E, 0xE7, 0x62, 0x26, 0x26, 0x90, 0x8D, 0x0F, 0xC0, 0x1E,
    0x01, 0xC5, 0x4C, 0xEA, 0x48, 0x9A, 0x81, 0x1C, 0x3B, 0x84, 0xF2, 0x16, 0x08, 0xF5, 0x44, 0x9A,
    0x91, 0xEC, 0x3B, 0xF2, 0x08, 0xC8, 0xF3, 0x60, 0xFD, 0xDB, 0x1D, 0x75, 0xEC, 0x60, 0x23, 0x31,
    0x27, 0xC2, 0x4E, 0xC4, 0x79, 0x62, 0x03, 0x31, 0x33, 0xC1, 0x51, 0x34, 0x9E, 0x54, 0x63, 0x64,
    0xBF, 0x89, 0xE0, 0x8D, 0xB0, 0xF1, 0x7E, 0xDF, 0x7F, 0x98, 0x52, 0xD3, 0x2D, 0x9F, 0xE2, 0xEE,
    0x9F, 0xE8, 0x0C, 0xA8, 0x47, 0xD2, 0x8C, 0x3B, 0xB0, 0xD7, 0x0E, 0xEC, 0xB5, 0x43, 0x3D, 0x11,
    0xF6, 0x3A, 0x80, 0xBD, 0x0E, 0x05, 0xF7, 0x3C, 0x98, 0x48, 0xAC, 0x27, 0x0E, 0x64, 0x26, 0x37,
    0x81, 0x2C, 0x9D, 0xE0, 0x03, 0xB7, 0x0B, 0xE3, 0xF7, 0x7F, 0xF6, 0x6A, 0x69, 0x00, 0x03, 0x00,
    0xD5, 0xD3, 0x21, 0x8C, 0xF4, 0x44, 0x14, 0x07, 0xF0, 0x7F, 0x3B, 0xF9, 0x28, 0x7C, 0x15, 0x83,
    0x00, 0x4B, 0x3D, 0xA6, 0x3E, 0xB9, 0xEF, 0x3A, 0x01, 0x9F, 0x60, 0xCE, 0x1B, 0xD4, 0x19, 0xEC,
    0x89, 0xCD, 0xB5, 0x1E, 0x73, 0x0A, 0x8D, 0x3E, 0x04, 0x16, 0x71, 0xB7, 0x1D, 0x14, 0x02, 0x71,
    0xF5, 0x86, 0x11, 0xA0, 0x30, 0x4D, 0xA8, 0x28, 0xA4, 0xBB, 0x8F, 0xF7, 0x7F, 0x7B, 0xA4, 0x65,
    0x2F, 0x97, 0x60, 0x79, 0xE2, 0x37, 0x2F, 0xE9, 0xEC, 0xBE, 0x79, 0x6F, 0x5A, 0xBC, 0xFD, 0x13,
    0x80, 0x48, 0x44, 0xF6, 0xEB, 0x57, 0x13, 0x00, 0xB7, 0x28, 0x10, 0xD2, 0x06, 0xA5, 0xE9, 0x48,
    0x54, 0x6A, 0xE5, 0x0B, 0xA5, 0x96, 0xEF, 0x63, 0x26, 0xBF, 0x4B, 0x2C, 0x66, 0xB4, 0xD1, 0x27,
    0x7D, 0x50, 0x47, 0xA5, 0xE9, 0x74, 0x73, 0x0B, 0x34, 0xA1, 0x07, 0x5A, 0x28, 0x7B, 0x72, 0x50,
    0xF2, 0x05, 0x6D, 0x70, 0x23, 0x9A, 0xE8, 0x07, 0xF8, 0xA9, 0x0F, 0x70, 0x32, 0x03, 0xF8, 0x34,
    0x60, 0x8D, 0x2A, 0xD2, 0xC6, 0x6C, 0x07, 0x2A, 0x49, 0xC9, 0x7F, 0x19, 0x55, 0xF7, 0x44, 0xCB,
    0x92, 0xFA, 0x62, 0x52, 0x2F, 0xDC, 0xAC, 0xDE, 0xD8, 0x79, 0x47, 0x9A, 0xA7, 0x5C, 0x75, 0x31,
    0x3B, 0x00, 0x65, 0xC0, 0x11, 0xF0, 0xD6, 0xC8, 0x3B, 0x73, 0x07, 0x1E, 0x66, 0x62, 0x57, 0xF9,
    0xC8, 0xB6, 0x5C, 0x54, 0x63, 0xD9, 0x51, 0x0F, 0xB0, 0x0B, 0xD1, 0x18, 0x1A, 0x1A, 0x4F, 0x02,
    0x16, 0x62, 0x31, 0xF7, 0x54, 0x26, 0x1C, 0x6D, 0x4A, 0xFF, 0x97, 0x25, 0x13, 0x5B, 0x44, 0x96,
    0x4C, 0x64, 0x7E, 0x5E, 0x60, 0xC1, 0x26, 0x0F, 0xCF, 0xD6, 0x23, 0xAF, 0xCA, 0xCF, 0xBC, 0xB5,
    0xE2, 0x00, 0xDC, 0x22, 0x17, 0xE0, 0x12, 0x90, 0x8E, 0xB6, 0xD1, 0x7E, 0x90, 0xA8, 0x9F, 0x68,
    0xB1, 0x50, 0x77, 0xA4, 0x10, 0xB3, 0xDF, 0xDC, 0x60, 0xDD, 0x59, 0x4E, 0xB0, 0x90, 0x7C, 0xA4,
    0xC5, 0x40, 0xFD, 0xBF, 0x1F, 0x56, 0x21, 0x9F, 0x80, 0x3A, 0x14, 0x89, 0xFA, 0xC8, 0x47, 0xCD,
    0xD5, 0xD5, 0x55, 0x8B, 0x56, 0x34, 0xD0, 0x9B, 0x96, 0x9B, 0x69, 0x05, 0x1A, 0xEF, 0x11, 0xF8,
    0x40, 0x2F, 0x09, 0x1E, 0x48, 0x36, 0x52, 0xB7, 0x29, 0x58, 0x13, 0xEC, 0xCC, 0xD3, 0xC3, 0x44,
    0xCB, 0x8E, 0x56, 0x04, 0x17, 0xE6, 0x44, 0xF2, 0x44, 0x8B, 0x48, 0x3D, 0xC1, 0x3B, 0x73, 0xDE,
    0x74, 0x13, 0xCF, 0x2B, 0xEF, 0xCC, 0x0F, 0x4D, 0x8E, 0xA2, 0x4D, 0xFD, 0xD8, 0xA6, 0x26, 0xBE,
    0x01, 0xE3, 0x4D, 0xD8, 0xBC, 0xE8, 0x9B, 0x19, 0xB4, 0xE6, 0xDE, 0x5C, 0x56, 0xB3, 0x4D, 0x29,
    0x67, 0x16, 0x89, 0x96, 0x91, 0xFA, 0x93, 0xFF, 0x1C, 0xFE, 0xFA, 0x5B, 0xF6, 0xD7, 0x4F, 0x76,
    0x5B, 0xB3, 0x9D, 0x75, 0xC1, 0x83, 0x39, 0xAB, 0x8F, 0xD6, 0xD4, 0xAD, 0x0D, 0xA5, 0xC9, 0x13,
    0xB5, 0xD1, 0xD4, 0x9F, 0x47, 0xD5, 0x7F, 0xDD, 0xD1, 0xA7, 0xA0, 0x96, 0x4F, 0x56, 0xE9, 0x48,
    0xDD, 0xC1, 0x5C, 0x68, 0x3E, 0xAF, 0xB3, 0xE9, 0x13, 0xCA, 0x19, 0x85, 0x2C, 0xE8, 0x25, 0x78,
    0x91, 0xCF, 0x44, 0x62, 0xFD, 0x8D, 0xFC, 0x34, 0x14, 0xE9, 0x12, 0x8D, 0x20, 0x1F, 0x77, 0xF0,
    0x0B, 0xA0, 0x8B, 0x3B, 0xDA, 0x92, 0x49, 0xC0, 0x78, 0x01, 0x27, 0x43, 0x3E, 0x36, 0xF0, 0xED,
    0x5C, 0xA6, 0xFA, 0xB7, 0xBD, 0x17, 0x89, 0x5E, 0x66, 0x27, 0x12, 0x72, 0x19, 0xD0, 0x2E, 0xC0,
    0x47, 0x40, 0x16, 0xC0, 0x28, 0x13, 0xED, 0x17, 0xC5, 0xFD, 0x41, 0xCB, 0x1F, 0x67, 0xB5, 0x0A,
    0xEB, 0xE0, 0x6E, 0xCD, 0xC7, 0x57, 0x06, 0x77, 0x72, 0x5A, 0xC7, 0xF7, 0xD2, 0xC2, 0x2C, 0xD3,
    0xB9, 0x7E, 0x30, 0xE3, 0xB9, 0x95, 0x59, 0x77, 0xE6, 0x7A, 0x90, 0xD7, 0x8E, 0x93, 0x4D, 0xCA,
    0x27, 0x56, 0xAA, 0xF9, 0x39, 0x52, 0xB1, 0x5F, 0xCE, 0x94, 0x61, 0xE7, 0xFB, 0xA0, 0x12, 0xF8,
    0xA6, 0x1F, 0xEA, 0x87, 0xE2, 0xF8, 0xF8, 0x03, 0x64, 0xF9, 0x12, 0x55, 0x02, 0xFE, 0xD3, 0x9E,
    0xF7, 0xED, 0xC5, 0x24, 0x3B, 0x32, 0x72, 0x77, 0xC2, 0xF5, 0xFD, 0x77, 0x7F, 0xDD, 0x6D, 0xBF,
    0x12, 0xDB, 0x71, 0xB3, 0xEE, 0x50, 0x5C, 0x04, 0xD6, 0x2D, 0xD7, 0xFB, 0xFB, 0xFB, 0xBB, 0x17,
    0x3B, 0x48, 0xC0, 0x1A, 0x15, 0x60, 0x37, 0x89, 0xEA, 0xC0, 0x64, 0x38, 0x4B, 0xD0, 0x44, 0x92,
    0x94, 0xF2, 0xA8, 0xA0, 0x3F, 0x4F, 0xC5, 0x52, 0xF2, 0x16, 0x16, 0x1F, 0xEB, 0x77, 0x1E, 0x44,
    0x23, 0x1A, 0xEB, 0xA7, 0x5C, 0x4D, 0x4A, 0x21, 0x4C, 0xDB, 0xB3, 0xD4, 0x59, 0x6A, 0xB5, 0x7A,
    0xC5, 0xFE, 0xBF, 0x4F, 0xE7, 0x89, 0x4F, 0xCF, 0x55, 0x36, 0x85, 0x1A, 0x11, 0x19, 0x8D, 0xBF,
    0x01, 0xCD, 0x96, 0x21, 0xAC, 0xE5, 0x44, 0x14, 0x86, 0xFF, 0xDB, 0x21, 0x94, 0x64, 0x13, 0x06,
    0x83, 0xAE, 0x41, 0x33, 0xF8, 0xC0, 0x4E, 0xBD, 0xC2, 0x60, 0x50, 0x68, 0xBC, 0x24, 0xDC, 0x06,
    0x9F, 0xE0, 0x15, 0x06, 0xC1, 0x82, 0x58, 0x8B, 0x61, 0x3B, 0xDE, 0x50, 0xAF, 0xAA, 0x51, 0x0D,
    0x79, 0x09, 0x15, 0xBD, 0x3D, 0xF4, 0xE3, 0xB4, 0xDC, 0x74, 0x21, 0xC0, 0x4B, 0x20, 0xEC, 0x97,
    0x77, 0xE7, 0xCC, 0xEB, 0xF9, 0x66, 0x3A, 0x3D, 0x77, 0xA6, 0xB9, 0x9F, 0x7E, 0xBB, 0xF1, 0xAC,
    0xB7, 0x8D, 0xF5, 0xFF, 0x6D, 0xDF, 0xFE, 0xE8, 0x37, 0x7A, 0x33, 0x38, 0x87, 0x17, 0x82, 0xEB,
    0xAB, 0x14, 0xFE, 0x74, 0x9D, 0x92, 0xDE, 0x92, 0xE0, 0x7B, 0x41, 0xB5, 0x0A, 0x9E, 0x58, 0x47,
    0x48, 0x36, 0x12, 0x7A, 0x9B, 0x49, 0x99, 0xAD, 0x22, 0x65, 0x24, 0x93, 0x19, 0x49, 0xA6, 0x99,
    0x49, 0x91, 0x24, 0xB5, 0x25, 0x93, 0xC1, 0xE8, 0x77, 0x98, 0xB3, 0xC1, 0x14, 0x0D, 0x4A, 0x30,
    0x90, 0x68, 0x17, 0x29, 0x93, 0x92, 0x48, 0x16, 0x89, 0xA4, 0x36, 0x48, 0x89, 0xE4, 0x44, 0x88,
    0xA4, 0x48, 0x4A, 0xB0, 0x78, 0x78, 0x4F, 0x27, 0x5E, 0xD3, 0x41, 0xA3, 0x83, 0x6B, 0x91, 0x53,
    0x31, 0xD1, 0xFE, 0x5C, 0x8B, 0x9C, 0xF4, 0xB3, 0xC9, 0xE9, 0x4B, 0x5F, 0x76, 0x4D, 0x69, 0x72,
    0x6D, 0xE1, 0x0F, 0xD2, 0xC4, 0x65, 0xD7, 0xFC, 0xE3, 0xFF, 0x23, 0xBA, 0x43, 0xE3, 0xFF, 0x56,
    0xAB, 0x6B, 0xB4, 0x1D, 0x1A, 0xA4, 0x51, 0x18, 0x88, 0xB3, 0x6B, 0x42, 0xCC, 0x83, 0x04, 0xD6,
    0x36, 0x7E, 0x2D, 0xAC, 0xAA, 0xDD, 0x8B, 0xB3, 0x2E, 0x26, 0xC8, 0xA3, 0x74, 0x45, 0x14, 0x15,
    0x6F, 0x1E, 0x5C, 0x93, 0xEA, 0x9B, 0x6B, 0xDA, 0xC4, 0xD6, 0x35, 0x17, 0xD1, 0x10, 0x5D, 0x43,
    0x74, 0x4D, 0x88, 0xAE, 0x21, 0xA2, 0x41, 0xFC, 0x05, 0x0D, 0x82, 0xA1, 0x09, 0x0C, 0x4D, 0x90,
    0xD1, 0x04, 0x6F, 0xEA, 0x65, 0x2E, 0xCF, 0xBF, 0x16, 0x24, 0x33, 0x2C, 0x36, 0x00, 0x33, 0x44,
    0xFB, 0xA9, 0x37, 0x86, 0xB2, 0x27, 0x8A, 0x2F, 0x28, 0x4D, 0x0A, 0xAB, 0x17, 0xAA, 0x9E, 0x71,
    0x6F, 0x8A, 0x93, 0x36, 0x4C, 0xCD, 0x40, 0xBC, 0xB6, 0xA9, 0xF8, 0xFD, 0xFC, 0x8E, 0xA9, 0xE4,
    0x96, 0xD8, 0x94, 0x2C, 0x88, 0x7F, 0x8C, 0x7B, 0xFE, 0xF0, 0x8F, 0xF1, 0xD1, 0xB7, 0xEB, 0xEF,
    0xF3, 0x87, 0x45, 0xA2, 0xA9, 0x6C, 0x2F, 0x98, 0x0D, 0xD2, 0x75, 0x92, 0xF2, 0x4D, 0xB5, 0x15,
    0xDF, 0xCC, 0xAB, 0x28, 0x8F, 0x19, 0xE5, 0x55, 0x63, 0xD6, 0x0A, 0x3E, 0xFE, 0xF0, 0xAF, 0x9F,
    0x73, 0x83, 0x5B, 0x12, 0x79, 0x4E, 0x98, 0x14, 0x0C, 0x16, 0xD5, 0x06, 0x37, 0x34, 0x60, 0x56,
    0x68, 0x93, 0xC7, 0x2E, 0x7B, 0x2C, 0x8F, 0x8D, 0xC7, 0xF8, 0x63, 0xDE, 0x23, 0x1E, 0xF7, 0xAD,
    0x0C, 0xE6, 0x63, 0x3D, 0xBE, 0xBE, 0xBF, 0x7F, 0xCE, 0x33, 0x45, 0xCE, 0xE5, 0xE8, 0x54, 0xA3,
    0x9C, 0x30, 0xC9, 0xA9, 0xF7, 0x0E, 0x7B, 0xDA, 0x89, 0xCB, 0xCB, 0x9D, 0xB4, 0xCA, 0xC9, 0x76,
    0xEA, 0x64, 0x3B, 0x2D, 0xDE, 0x57, 0x0D, 0x6C, 0x76, 0x03, 0xE6, 0x25, 0xFA, 0x06, 0xDF, 0x18,
    0x8E, 0x71, 0x82, 0xC8, 0x98, 0x53, 0xA7, 0xA1, 0xD6, 0xBB, 0xB3, 0xEA, 0x24, 0x5F, 0x2D, 0xFB,
    0x83, 0xDA, 0xBC, 0xBF, 0xD3, 0xAC, 0x5C, 0xAC, 0x30, 0xF3, 0x2A, 0x3F, 0x85, 0xE1, 0x41, 0xAA,
    0x47, 0x3A, 0x5C, 0xE6, 0xC9, 0x5E, 0xC7, 0x7B, 0x47, 0x3B, 0xFF, 0x79, 0x7D, 0xF2, 0xA9, 0x93,
    0xCD, 0x6E, 0x69, 0xAF, 0xCF, 0xC2, 0x47, 0x15, 0x1D, 0xAF, 0xCF, 0xC8, 0x16, 0xF4, 0xB3, 0x74,
    0x7F, 0x01, 0xF4, 0x5E, 0x9F, 0x81, 0x0C, 0x77, 0x28, 0x97, 0x65, 0xEF, 0xC8, 0x3B, 0xCD, 0x17,
    0xE3, 0x0F, 0x82, 0xDC, 0x2C, 0x9F, 0x7B, 0xA7, 0xB7, 0xFE, 0xDF, 0xAC, 0x4F, 0xF5, 0x6C, 0xBB,
    0xFA, 0x0D, 0x13, 0xDB, 0xA8, 0xDE, 0x06, 0xBE, 0xB7, 0x25, 0xB0, 0xD7, 0x6A, 0xFB, 0xCE, 0xE2,
    0xFA, 0xFC, 0xA6, 0xF8, 0xB0, 0x25, 0xC6, 0x8B, 0x29, 0x15, 0x35, 0xD6, 0xF9, 0x69, 0xAF, 0xD7,
    0xFD, 0x98, 0x5F, 0xE6, 0xE3, 0x7C, 0x7F, 0xE2, 0x9D, 0xD3, 0x49, 0xA7, 0x53, 0x04, 0xA9, 0x34,
    0xA3, 0x2F, 0xBC, 0xE5, 0xF9, 0x29, 0xC0, 0xFE, 0xB2, 0xAB, 0x97, 0xFD, 0xFD, 0xD7, 0xB0, 0xEF,
    0x47, 0x94, 0x22, 0x8A, 0x84, 0x22, 0x21, 0xA1, 0x08, 0x09, 0x45, 0x48, 0x28, 0x48, 0x28, 0x42,
    0x42, 0x01, 0xFB, 0x0A, 0x05, 0xC9, 0x50, 0x90, 0x4C, 0x4E, 0x70, 0xC5, 0x6B, 0xF1, 0x4F, 0x8B,
    0x60, 0x16, 0xFD, 0x85, 0xE0, 0x28, 0xD9, 0xF9, 0x55, 0x60, 0xE5, 0x51, 0x9D, 0xC6, 0x9C, 0x36,
    0x9A, 0xA3, 0xE0, 0x91, 0x22, 0x9C, 0x0E, 0x3F, 0xCB, 0x77, 0x49, 0x72, 0xC9, 0x8B, 0xE0, 0x8A,
    0x4B, 0x5E, 0x04, 0x57, 0x90, 0x5C, 0x41, 0x7A, 0x54, 0x11, 0xCE, 0x3C, 0xF1, 0x01, 0x82, 0x77,
    0x05, 0xEF, 0x0B, 0xE6, 0xFB, 0xA8, 0x30, 0xCA, 0xB7, 0x15, 0x7A, 0x77, 0xD7, 0x93, 0xE0, 0x03,
    0xC1, 0x67, 0xF7, 0x41, 0x97, 0x69, 0xFB, 0xA8, 0x9A, 0x10, 0xC2, 0x20, 0xE5, 0xB6, 0x2E, 0xEC,
    0x88, 0xD8, 0x49, 0x71, 0x60, 0x68, 0x3D, 0x25, 0xB1, 0x61, 0x9F, 0x4A, 0xAA, 0x16, 0xEE, 0xA7,
    0x85, 0x09, 0xF4, 0x62, 0xA6, 0xCD, 0x13, 0x6D, 0xA2, 0x55, 0x1C, 0x25, 0x86, 0xD1, 0x32, 0xCD,
    0xCE, 0x1B, 0x92, 0xBA, 0xA7, 0x1C, 0xE5, 0xBE, 0x53, 0x9C, 0xF3, 0xB8, 0x0D, 0x8A, 0xB3, 0xAC,
    0x84, 0x35, 0x98, 0x64, 0x5F, 0x2E, 0xFB, 0xEF, 0x92, 0xE8, 0x3F, 0x58, 0x44, 0xAF, 0xF3, 0xAF,
    0x5C, 0xF6, 0xE3, 0xAC, 0x60, 0xC1, 0x38, 0xE4, 0x56, 0xF2, 0xB4, 0x8D, 0xED, 0x0B, 0xB3, 0x30,
    0x1F, 0x33, 0x77, 0xBF, 0x02, 0xB5, 0x94, 0x21, 0xAC, 0xD4, 0x5C, 0x10, 0x85, 0xA7, 0xDD, 0xFF,
    0xFF, 0x2B, 0x9A, 0x3F, 0x45, 0x40, 0xF2, 0x82, 0x59, 0x8D, 0x20, 0xEB, 0x13, 0xC2, 0x2D, 0xDE,
    0xE0, 0x15, 0x02, 0x85, 0xC1, 0xA2, 0x5E, 0x8B, 0xF7, 0x68, 0x04, 0xDE, 0x8B, 0x97, 0xD7, 0xC2,
    0xFA, 0xA4, 0x1E, 0x41, 0xF1, 0xE2, 0x55, 0x34, 0xA4, 0x90, 0xF6, 0x0E, 0x73, 0xCF, 0xCC, 0x4E,
    0x76, 0x49, 0x90, 0xEF, 0x9A, 0x73, 0x44, 0xB7, 0x3D, 0xF7, 0x3B, 0x33, 0x4B, 0xE7, 0xA7, 0x8C,
    0xD4, 0x8D, 0xC9, 0x74, 0xDD, 0x91, 0x57, 0xD1, 0x7C, 0x09, 0xDF, 0x8E, 0x51, 0x4C, 0x31, 0x56,
    0x4C, 0xAB, 0x98, 0xAA, 0xA7, 0x5B, 0x3C, 0x7B, 0x68, 0x69, 0x85, 0x09, 0x94, 0xA9, 0x69, 0xE4,
    0x71, 0x98, 0x5B, 0xDA, 0xCD, 0x30, 0xD1, 0x4C, 0xC7, 0xCC, 0x78, 0x1F, 0x9B, 0x49, 0x3F, 0x29,
    0x27, 0x51, 0xCA, 0xC5, 0x8C, 0x30, 0x0B, 0x55, 0x43, 0x32, 0x3B, 0x31, 0x3D, 0xCC, 0x7C, 0x32,
    0x13, 0xED, 0x61, 0x8A, 0x89, 0x0E, 0x6E, 0x5A, 0x24, 0x1E, 0x29, 0xC0, 0x54, 0x62, 0x6A, 0x98,
    0x81, 0x82, 0x08, 0x92, 0x36, 0x97, 0x66, 0x7F, 0x96, 0x7D, 0x83, 0x09, 0xB5, 0x5F, 0xC2, 0x4D,
    0xB6, 0xC0, 0x5C, 0x53, 0x3E, 0xC3, 0xDC, 0xC8, 0xF7, 0x61, 0x56, 0xA1, 0x20, 0xF2, 0x38, 0x9F,
    0x3F, 0x21, 0x57, 0x38, 0x7E, 0x8F, 0xFB, 0x3A, 0x19, 0x7E, 0xCF, 0x1B, 0x3E, 0xB0, 0x51, 0xA3,
    0xCF, 0xD6, 0x94, 0xD1, 0x9F, 0xA7, 0xE0, 0x01, 0xDA, 0xDC, 0xE1, 0x0B, 0xD9, 0x56, 0xAC, 0x7A,
    0x97, 0x6C, 0xB5, 0x98, 0x0F, 0x2C, 0x9C, 0x25, 0xD1, 0xD3, 0x98, 0x22, 0x3A, 0xA0, 0xD2, 0x2B,
    0x63, 0x3A, 0x89, 0x32, 0x14, 0x44, 0x85, 0x01, 0x80, 0x82, 0x63, 0x0E, 0x8C, 0xC0, 0xB9, 0x87,
    0xCE, 0x74, 0x80, 0x4E, 0x4A, 0xAC, 0x10, 0xAD, 0x4D, 0x8D, 0x64, 0x63, 0x20, 0x6F, 0x8D, 0xE3,
    0x66, 0xB1, 0xB6, 0x1D, 0x34, 0x5B, 0x2B, 0x40, 0xCC, 0xE2, 0x0D, 0x62, 0xE6, 0x3C, 0x29, 0x42,
    0xEE, 0x35, 0xEE, 0x93, 0xF3, 0xD8, 0xD7, 0xA6, 0x37, 0x2A, 0xC0, 0x0B, 0x78, 0xD0, 0x70, 0x1C,
    0x55, 0xB9, 0x25, 0x23, 0xA7, 0xA7, 0x36, 0xBD, 0x98, 0xCA, 0xFF, 0xA0, 0x5D, 0xC7, 0xA4, 0x33,
    0xC9, 0xCA, 0xAD, 0x64, 0x0B, 0x18, 0xBD, 0xD4, 0xB3, 0x2A, 0x9B, 0x84, 0x04, 0xDC, 0x72, 0x68,
    0x4C, 0x28, 0xC0, 0x0D, 0x43, 0xC9, 0xA2, 0xC6, 0xAD, 0x98, 0x6C, 0x10, 0xA1, 0x0B, 0x38, 0x62,
    0x0C, 0x07, 0x9F, 0x42, 0x1F, 0x42, 0x8C, 0x1E, 0xD4, 0x38, 0x96, 0x36, 0x78, 0x95, 0xA8, 0x71,
    0x6B, 0x2C, 0x56, 0x97, 0xB7, 0xD0, 0x58, 0xD6, 0x18, 0x3E, 0xBE, 0xD6, 0x98, 0xBC, 0x2A, 0x37,
    0xEC, 0x5A, 0x10, 0x28, 0xF7, 0xC3, 0x0D, 0xFB, 0x7C, 0x88, 0xC6, 0xEE, 0x33, 0x77, 0x83, 0xD2,
    0xFB, 0x3A, 0x1D, 0x26, 0xE5, 0x77, 0xD7, 0xE3, 0xCA, 0xB6, 0x20, 0xCE, 0xD0, 0x29, 0x5E, 0xAE,
    0xB5, 0xED, 0xB5, 0x2F, 0x76, 0x5E, 0x83, 0x66, 0x3A, 0x02, 0x44, 0x0D, 0xB7, 0xB6, 0xDB, 0x80,
    0xA2, 0xCB, 0x1D, 0x7C, 0xBB, 0x1B, 0x5F, 0xEF, 0xCE, 0xC9, 0x46, 0x67, 0xBB, 0x39, 0xDD, 0xD5,
    0x5C, 0x8B, 0xE6, 0xB0, 0xE3, 0xC8, 0x80, 0x25, 0x47, 0x8B, 0xD8, 0xF2, 0x9D, 0x87, 0x2F, 0xA6,
    0x2B, 0x73, 0xE5, 0xF4, 0xCE, 0x16, 0xBD, 0xFC, 0x31, 0xD9, 0x85, 0x4A, 0xEE, 0x6D, 0xD5, 0x8B,
    0xE8, 0x57, 0xFB, 0xE8, 0xCB, 0x7E, 0xB1, 0xED, 0xBE, 0xEE, 0xBE, 0xEF, 0xBE, 0xF0, 0xBE, 0xF1,
    0xBE, 0xF2, 0x17, 0x3B, 0x8F, 0xA5, 0xFF, 0x5B, 0x0B, 0xF3, 0x95, 0xB6, 0xF0, 0x85, 0xFD, 0x7F,
    0x75, 0x80, 0x4B, 0x2D, 0xB4, 0x61, 0xB1, 0x8B, 0x00, 0x30, 0x42, 0x23, 0x05, 0xA2, 0x26, 0x12,
    0xD6, 0x02, 0xDA, 0x42, 0x0B, 0x18, 0xD1, 0x08, 0x37, 0x58, 0x0B, 0x6B, 0xCA, 0xC8, 0x70, 0xFB,
    0xDE, 0x5A, 0xC0, 0xA8, 0xE6, 0x2B, 0xC0, 0xB5, 0xD6, 0x02, 0x9A, 0xD1, 0x16, 0x82, 0xB7, 0xD0,
    0x78, 0x0B, 0x9D, 0xB7, 0x10, 0xE1, 0x90, 0xC6, 0xE7, 0x7C, 0x3D, 0xB5, 0x80, 0xDD, 0x42, 0x0B,
    0xF9, 0xEA, 0xE1, 0x97, 0xFF, 0xFD, 0x1A, 0xCF, 0xAC, 0x85, 0xDD, 0xCF, 0xF9, 0x74, 0x21, 0x1E,
    0xB5, 0x05, 0x71, 0xF5, 0xA9, 0x85, 0xD7, 0xF7, 0xDC, 0x82, 0x8D, 0x7F, 0xCE, 0x3C, 0xA0, 0x8A,
    0xB9, 0x98, 0xF1, 0x78, 0x8F, 0xD4, 0x02, 0x25, 0xBB, 0xF8, 0xAF, 0xE8, 0x28, 0x87, 0x72, 0x02,
    0x04, 0xC2, 0x65, 0xD2, 0x6C, 0x13, 0xC4, 0x6B, 0x22, 0x99, 0x33, 0x2F, 0x42, 0x4A, 0x88, 0x4E,
    0xA4, 0x3A, 0xDA, 0x7F, 0xEC, 0x90, 0x68, 0xCD, 0x00, 0x8E, 0xF1, 0x4F, 0x5A, 0x99, 0x1A, 0x7E,
    0xAC, 0x40, 0x9D, 0x52, 0x01, 0x33, 0x94, 0x11, 0x03, 0xB0, 0x53, 0x1C, 0xD5, 0xA6, 0xCE, 0x36,
    0xC4, 0xB1, 0x58, 0xEC, 0x4A, 0x9C, 0xB6, 0x2E, 0x8A, 0x72, 0x9B, 0x62, 0x51, 0xD8, 0x08, 0x99,
    0xFF, 0xAD, 0x11, 0x07, 0x07, 0xD9, 0x51, 0x9E, 0x6A, 0xA5, 0x8A, 0x8C, 0x78, 0x7D, 0x0B, 0x09,
    0x91, 0x54, 0x67, 0xF2, 0xF3, 0x36, 0x42, 0x4A, 0x66, 0x40, 0x0F, 0x63, 0x81, 0x77, 0x31, 0x9A,
    0xC7, 0x87, 0x37, 0xF0, 0x80, 0x85, 0x22, 0xE8, 0xA6, 0x01, 0xDF, 0x44, 0x64, 0x28, 0x99, 0xA9,
    0x61, 0x69, 0xE4, 0x03, 0x53, 0x9A, 0x77, 0x71, 0x6D, 0x31, 0xA7, 0x98, 0xA1, 0x2E, 0xA7, 0x14,
    0xEF, 0x90, 0x32, 0xC9, 0xA3, 0x0F, 0x13, 0x9A, 0x3C, 0x2A, 0xA2, 0x8C, 0x7B, 0xCD, 0xD8, 0x2D,
    0x04, 0x8E, 0x07, 0x6E, 0xC1, 0xAF, 0x60, 0xE3, 0xD7, 0xCC, 0x18, 0x5E, 0x2A, 0xD7, 0xC4, 0xEF,
    0x1F, 0xDA, 0x41, 0x9F, 0xA6, 0x37, 0x33, 0xD1, 0x73, 0xD3, 0x20, 0x5F, 0x80, 0xF6, 0x02, 0x80,
    0x5F, 0xB4, 0xFB, 0x5F, 0x5D, 0x2F, 0x79, 0xFA, 0x1D, 0x47, 0x1D, 0x88, 0x47, 0xB5, 0x44, 0x7F,
    0x49, 0xBF, 0x01, 0x62, 0x00, 0x02, 0x01, 0x06, 0x28, 0xA8, 0x81, 0xD2, 0x00, 0x16, 0xE5, 0xD8,
    0x8A, 0x41, 0x18, 0x80, 0x81, 0xA8, 0x0C, 0x05, 0x45, 0x86, 0xA0, 0x49, 0xCF, 0x08, 0x0C, 0x90,
    0xA1, 0x3C, 0x48, 0x8A, 0x8C, 0x02, 0xA3, 0x64, 0x04, 0x8A, 0x94, 0x86, 0x8B, 0xF4, 0x70, 0x77,
    0xD2, 0xFB, 0x85, 0x1E, 0x13, 0xFB, 0x1D, 0x33, 0xC7, 0x1D, 0x95, 0xD6, 0x09, 0x74, 0x42, 0x90,
    0xC9, 0x57, 0x8B, 0x91, 0x89, 0x9E, 0x63, 0x0B, 0x39, 0x75, 0x89, 0x90, 0xB3, 0xA0, 0xCD, 0x68,
    0x66, 0x40, 0xD5, 0xA8, 0x02, 0x5A, 0x9B, 0x0A, 0x89, 0x8A, 0x26, 0xC0, 0x86, 0x7D, 0x06, 0x9A,
    0xE0, 0x08, 0xF9, 0x8D, 0xD0, 0x56, 0xC8, 0xCD, 0xF1, 0x00, 0x4A, 0xC6, 0x00, 0x4C, 0xF1, 0xDA,
    0xE0, 0x15, 0xAF, 0x05, 0x3E, 0x26, 0x92, 0x51, 0x88, 0x14, 0x14, 0x62, 0x74, 0x8D, 0x21, 0x46,
    0xAD, 0x84, 0x18, 0x39, 0x4C, 0x8C, 0xDA, 0x10, 0x12, 0xF4, 0x0E, 0x09, 0x22, 0x24, 0x88, 0x90,
    0xA0, 0x4E, 0xA4, 0xFF, 0xF6, 0xC0, 0x18, 0x0A, 0x20, 0x02, 0x00,
};

static const EpdGlyph sourceserif_18_italicGlyphs[] = {
    { 0, 0, 0, 0, 0, 0, 0 }, // U+0000
    { 0, 0, 156, 0, 0, 0, 0 }, // U+000D
    { 0, 0, 138, 0, 0, 0, 0 }, // U+0020
    { 10, 27, 178, 1, 26, 68, 0 }, // !
    { 12, 12, 265, 5, 28, 36, 68 }, // "
    { 21, 25, 339, 1, 25, 132, 104 }, // #
    { 18, 34, 312, 1, 29, 153, 236 }, // $
    { 30, 27, 532, 2, 26, 203, 389 }, // %
    { 26, 27, 421, 1, 26, 176, 592 }, // &
    { 5, 12, 157, 5, 28, 15, 768 }, // '
    { 14, 35, 228, 2, 27, 123, 783 }, // (
    { 14, 35, 228, -2, 27, 123, 906 }, // )
    { 16, 17, 287, 3, 29, 68, 1029 }, // *
    { 18, 19, 320, 1, 22, 86, 1097 }, // +
    { 8, 12, 181, -1, 5, 24, 1183 }, // ,
    { 10, 4, 190, 1, 12, 10, 1207 }, // -
    { 6, 6, 181, 1, 5, 9, 1217 }, // .
    { 20, 33, 203, -4, 27, 165, 1226 }, // /
    { 19, 26, 312, 1, 25, 124, 1391 }, // 0
    { 13, 25, 241, 0, 25, 82, 1515 }, // 1
    { 18, 25, 319, 1, 25, 113, 1597 }, // 2
    { 18, 26, 313, 1, 25, 117, 1710 }, // 3
    { 19, 26, 315, 0, 25, 124, 1827 }, // 4
    { 19, 26, 304, 1, 25, 124, 1951 }, // 5
    { 19, 26, 317, 2, 25, 124, 2075 }, // 6
    { 19, 25, 286, 1, 25, 119, 2199 }, // 7
    { 18, 26, 311, 1, 25, 117, 2318 }, // 8
    { 18, 26, 312, 1, 25, 117, 2435 }, // 9
    { 9, 19, 181, 1, 18, 43, 2552 }, // :
    { 11, 25, 181, -1, 18, 69, 2595 }, // ;
    { 16, 19, 320, 2, 22, 76, 2664 }, // <
    { 18, 11, 320, 1, 18, 50, 2740 }, // =
    { 16, 19, 320, 3, 22, 76, 2790 }, // >
    { 16, 27, 270, 2, 26, 108, 2866 }, // ?
    { 31, 31, 524, 1, 25, 241, 2974 }, // @
    { 26, 26, 408, -2, 26, 169, 3215 }, // A
    { 23, 26, 375, -1, 26, 150, 3384 }, // B
    { 22, 27, 361, 1, 26, 149, 3534 }, // C
    { 27, 26, 421, -1, 26, 176, 3683 }, // D
    { 23, 26, 355, -1, 26, 150, 3859 }, // E
    { 24, 26, 335, -1, 26, 156, 4009 }, // F
    { 24, 27, 397, 1, 26, 162, 4165 }, // G
    { 31, 26, 460, -1, 26, 202, 4327 }, // H
    { 16, 26, 218, -1, 26, 104, 4529 }, // I
    { 20, 32, 214, -5, 26, 160, 4633 }, // J
    { 28, 26, 404, -1, 26, 182, 4793 }, // K
    { 22, 26, 344, -1, 26, 143, 4975 }, // L
    { 36, 26, 556, -1, 26, 234, 5118 }, // M
    { 31, 27, 438, -1, 26, 210, 5352 }, // N
    { 24, 27, 400, 1, 26, 162, 5562 }, // O
    { 23, 26, 342, -1, 26, 150, 5724 }, // P
    { 24, 36, 400, 1, 26, 216, 5874 }, // Q
    { 25, 27, 390, -1, 26, 169, 6090 }, // R
    { 19, 27, 299, 0, 26, 129, 6259 }, // S
    { 22, 26, 349, 2, 26, 143, 6388 }, // T
    { 26, 27, 428, 3, 26, 176, 6531 }, // U
    { 26, 27, 373, 1, 26, 176, 6707 }, // V
    { 36, 27, 534, 1, 26, 243, 6883 }, // W
    { 28, 26, 397, -1, 26, 182, 7126 }, // X
    { 24, 26, 342, 1, 26, 156, 7308 }, // Y
    { 23, 26, 328, -1, 26, 150, 7464 }, // Z
    { 15, 33, 201, 0, 27, 124, 7614 }, // [
    { 7, 33, 196, 3, 27, 58, 7738 }, // <backslash>
    { 14, 33, 201, -2, 27, 116, 7796 }, // ]
    { 15, 12, 320, 3, 19, 45, 7912 }, // ^
    { 17, 4, 309, -1, 1, 17, 7957 }, // _
    { 7, 9, 240, 7, 29, 16, 7974 }, // `
    { 19, 20, 323, 1, 19, 95, 7990 }, // a
    { 17, 29, 306, 2, 28, 124, 8085 }, // b
    { 15, 20, 254, 1, 19, 75, 8209 }, // c
    { 20, 29, 325, 1, 28, 145, 8284 }, // d
    { 15, 20, 256, 1, 19, 75, 8429 }, // e
    { 25, 39, 186, -7, 29, 244, 8504 }, // f
    { 22, 29, 301, -2, 20, 160, 8748 }, // g
    { 20, 29, 337, 1, 28, 145, 8908 }, // h
    { 11, 29, 187, 1, 28, 80, 9053 }, // i
    { 15, 38, 158, -4, 28, 143, 9133 }, // j
    { 18, 29, 293, 1, 28, 131, 9276 }, // k
    { 9, 29, 173, 2, 28, 66, 9407 }, // l
    { 31, 20, 505, 1, 19, 155, 9473 }, // m
    { 21, 20, 347, 1, 19, 105, 9628 }, // n
    { 17, 20, 304, 1, 19, 85, 9733 }, // o
    { 23, 28, 317, -3, 19, 161, 9818 }, // p
    { 17, 28, 304, 1, 19, 119, 9979 }, // q
    { 16, 20, 250, 1, 19, 80, 10098 }, // r
    { 15, 20, 225, 0, 19, 75, 10178 }, // s
    { 13, 25, 204, 1, 24, 82, 10253 }, // t
    { 21, 20, 350, 1, 19, 105, 10335 }, // u
    { 19, 20, 296, 0, 19, 95, 10440 }, // v
    { 29, 20, 452, 0, 19, 145, 10535 }, // w
    { 23, 20, 325, -1, 19, 115, 10680 }, // x
    { 23, 28, 298, -4, 19, 161, 10795 }, // y
    { 20, 20, 286, -1, 19, 100, 10956 }, // z
    { 15, 33, 227, 1, 27, 124, 11056 }, // {
    { 3, 39, 175, 4, 29, 30, 11180 }, // |
    { 15, 33, 227, -2, 27, 124, 11210 }, // }
    { 16, 6, 320, 2, 16, 24, 11334 }, // ~
    { 0, 0, 138, 0, 0, 0, 0 }, // U+00A0
    { 10, 27, 178, -1, 19, 68, 0 }, // U+00A1
    { 16, 27, 312, 2, 25, 108, 68 }, // U+00A2
    { 20, 25, 312, -1, 25, 125, 176 }, // U+00A3
    { 18, 18, 309, 1, 21, 81, 301 }, // U+00A4
    { 21, 25, 312, 1, 25, 132, 382 }, // U+00A5
    { 3, 39, 175, 4, 29, 30, 514 }, // U+00A6
    { 17, 31, 282, 1, 26, 132, 544 }, // U+00A7
    { 12, 5, 240, 5, 28, 15, 676 }, // U+00A8
    { 27, 27, 469, 2, 26, 183, 691 }, // U+00A9
    { 14, 14, 228, 3, 29, 49, 874 }, // U+00AA
    { 19, 17, 341, 2, 18, 81, 923 }, // U+00AB
    { 18, 9, 320, 1, 15, 41, 1004 }, // U+00AC
    { 10, 4, 190, 1, 12, 10, 1045 }, // U+00AD
    { 16, 16, 280, 3, 27, 64, 1055 }, // U+00AE
    { 10, 3, 240, 6, 26, 8, 1119 }, // U+00AF
    { 11, 11, 197, 3, 26, 31, 1127 }, // U+00B0
    { 18, 21, 320, 1, 21, 95, 1158 }, // U+00B1
    { 12, 17, 215, 3, 32, 51, 1253 }, // U+00B2
    { 12, 17, 215, 3, 32, 51, 1304 }, // U+00B3
    { 7, 9, 240, 7, 29, 16, 1355 }, // U+00B4
    { 21, 27, 329, -1, 19, 142, 1371 }, // U+00B5
    { 23, 31, 362, 2, 26, 179, 1513 }, // U+00B6
    { 6, 6, 181, 3, 15, 9, 1692 }, // U+00B7
    { 9, 9, 240, 0, 0, 21, 1701 }, // U+00B8
    { 11, 17, 215, 3, 32, 47, 1722 }, // U+00B9
    { 13, 14, 215, 3, 29, 46, 1769 }, // U+00BA
    { 19, 17, 341, 0, 18, 81, 1815 }, // U+00BB
    { 29, 27, 515, 2, 26, 196, 1896 }, // U+00BC
    { 30, 27, 532, 2, 26, 203, 2092 }, // U+00BD
    { 29, 27, 515, 2, 26, 196, 2295 }, // U+00BE
    { 17, 27, 270, -2, 19, 115, 2491 }, // U+00BF
    { 26, 33, 408, -2, 33, 215, 2606 }, // U+00C0
    { 26, 33, 408, -2, 33, 215, 2821 }, // U+00C1
    { 26, 33, 408, -2, 33, 215, 3036 }, // U+00C2
    { 26, 33, 408, -2, 33, 215, 3251 }, // U+00C3
    { 26, 32, 408, -2, 32, 208, 3466 }, // U+00C4
    { 26, 34, 408, -2, 34, 221, 3674 }, // U+00C5
    { 36, 26, 535, -2, 26, 234, 3895 }, // U+00C6
    { 22, 35, 361, 1, 26, 193, 4129 }, // U+00C7
    { 23, 33, 355, -1, 33, 190, 4322 }, // U+00C8
    { 23, 33, 355, -1, 33, 190, 4512 }, // U+00C9
    { 23, 33, 355, -1, 33, 190, 4702 }, // U+00CA
    { 23, 32, 355, -1, 32, 184, 4892 }, // U+00CB
    { 16, 33, 218, -1, 33, 132, 5076 }, // U+00CC
    { 17, 33, 218, -1, 33, 141, 5208 }, // U+00CD
    { 17, 33, 218, -1, 33, 141, 5349 }, // U+00CE
    { 17, 32, 218, -1, 32, 136, 5490 }, // U+00CF
    { 27, 26, 421, -1, 26, 176, 5626 }, // U+00D0
    { 31, 34, 438, -1, 33, 264, 5802 }, // U+00D1
    { 24, 34, 400, 1, 33, 204, 6066 }, // U+00D2
    { 24, 34, 400, 1, 33, 204, 6270 }, // U+00D3
    { 24, 34, 400, 1, 33, 204, 6474 }, // U+00D4
    { 24, 34, 400, 1, 33, 204, 6678 }, // U+00D5
    { 24, 33, 400, 1, 32, 198, 6882 }, // U+00D6
    { 17, 17, 320, 2, 21, 73, 7080 }, // U+00D7
    { 27, 27, 400, -1, 26, 183, 7153 }, // U+00D8
    { 26, 34, 428, 3, 33, 221, 7336 }, // U+00D9
    { 26, 34, 428, 3, 33, 221, 7557 }, // U+00DA
    { 26, 34, 428, 3, 33, 221, 7778 }, // U+00DB
    { 26, 33, 428, 3, 32, 215, 7999 }, // U+00DC
    { 24, 33, 342, 1, 33, 198, 8214 }, // U+00DD
    { 22, 26, 341, -1, 26, 143, 8412 }, // U+00DE
    { 28, 39, 317, -7, 29, 273, 8555 }, // U+00DF
    { 19, 30, 323, 1, 29, 143, 8828 }, // U+00E0
    { 19, 30, 323, 1, 29, 143, 8971 }, // U+00E1
    { 19, 30, 323, 1, 29, 143, 9114 }, // U+00E2
    { 20, 29, 323, 1, 28, 145, 9257 }, // U+00E3
    { 20, 29, 323, 1, 28, 145, 9402 }, // U+00E4
    { 19, 30, 323, 1, 29, 143, 9547 }, // U+00E5
    { 25, 20, 418, 1, 19, 125, 9690 }, // U+00E6
    { 15, 28, 254, 1, 19, 105, 9815 }, // U+00E7
    { 15, 30, 256, 1, 29, 113, 9920 }, // U+00E8
    { 17, 30, 256, 1, 29, 128, 10033 }, // U+00E9
    { 17, 30, 256, 1, 29, 128, 10161 }, // U+00EA
    { 18, 29, 256, 1, 28, 131, 10289 }, // U+00EB
    { 11, 30, 187, 1, 29, 83, 10420 }, // U+00EC
    { 13, 30, 187, 1, 29, 98, 10503 }, // U+00ED
    { 13, 30, 187, 1, 29, 98, 10601 }, // U+00EE
    { 14, 29, 187, 1, 28, 102, 10699 }, // U+00EF
    { 17, 29, 302, 1, 28, 124, 10801 }, // U+00F0
    { 21, 29, 347, 1, 28, 153, 10925 }, // U+00F1
    { 17, 30, 304, 1, 29, 128, 11078 }, // U+00F2
    { 17, 30, 304, 1, 29, 128, 11206 }, // U+00F3
    { 17, 30, 304, 1, 29, 128, 11334 }, // U+00F4
    { 18, 29, 304, 1, 28, 131, 11462 }, // U+00F5
    { 18, 29, 304, 1, 28, 131, 11593 }, // U+00F6
    { 18, 21, 320, 1, 23, 95, 11724 }, // U+00F7
    { 21, 21, 304, -1, 20, 111, 11819 }, // U+00F8
    { 21, 30, 350, 1, 29, 158, 11930 }, // U+00F9
    { 21, 30, 350, 1, 29, 158, 12088 }, // U+00FA
    { 21, 30, 350, 1, 29, 158, 12246 }, // U+00FB
    { 21, 29, 350, 1, 28, 153, 12404 }, // U+00FC
    { 23, 38, 298, -4, 29, 219, 12557 }, // U+00FD
    { 22, 37, 312, -3, 28, 204, 12776 }, // U+00FE
    { 23, 37, 298, -4, 28, 213, 12980 }, // U+00FF
    { 26, 31, 408, -2, 31, 202, 0 }, // U+0100
    { 19, 27, 323, 1, 26, 129, 202 }, // U+0101
    { 26, 33, 408, -2, 33, 215, 331 }, // U+0102
    { 19, 29, 323, 1, 28, 138, 546 }, // U+0103
    { 26, 35, 408, -2, 26, 228, 684 }, // U+0104
    { 19, 28, 323, 1, 19, 133, 912 }, // U+0105
    { 22, 34, 361, 1, 33, 187, 1045 }, // U+0106
    { 17, 30, 254, 1, 29, 128, 1232 }, // U+0107
    { 22, 34, 361, 1, 33, 187, 1360 }, // U+0108
    { 17, 30, 254, 1, 29, 128, 1547 }, // U+0109
    { 22, 33, 361, 1, 32, 182, 1675 }, // U+010A
    { 15, 29, 254, 1, 28, 109, 1857 }, // U+010B
    { 22, 34, 361, 1, 33, 187, 1966 }, // U+010C
    { 18, 30, 254, 1, 29, 135, 2153 }, // U+010D
    { 27, 33, 421, -1, 33, 223, 2288 }, // U+010E
    { 25, 29, 333, 1, 28, 182, 2511 }, // U+010F
    { 27, 26, 421, -1, 26, 176, 2693 }, // U+0110
    { 22, 29, 325, 1, 28, 160, 2869 }, // U+0111
    { 23, 31, 355, -1, 31, 179, 3029 }, // U+0112
    { 17, 27, 256, 1, 26, 115, 3208 }, // U+0113
    { 23, 33, 355, -1, 33, 190, 3323 }, // U+0114
    { 18, 29, 256, 1, 28, 131, 3513 }, // U+0115
    { 23, 32, 355, -1, 32, 184, 3644 }, // U+0116
    { 15, 29, 256, 1, 28, 109, 3828 }, // U+0117
    { 23, 35, 355, -1, 26, 202, 3937 }, // U+0118
    { 15, 28, 256, 1, 19, 105, 4139 }, // U+0119
    { 23, 33, 355, -1, 33, 190, 4244 }, // U+011A
    { 18, 30, 256, 1, 29, 135, 4434 }, // U+011B
    { 24, 34, 397, 1, 33, 204, 4569 }, // U+011C
    { 22, 38, 301, -2, 29, 209, 4773 }, // U+011D
    { 24, 34, 397, 1, 33, 204, 4982 }, // U+011E
    { 22, 37, 301, -2, 28, 204, 5186 }, // U+011F
    { 24, 33, 397, 1, 32, 198, 5390 }, // U+0120
    { 22, 37, 301, -2, 28, 204, 5588 }, // U+0121
    { 24, 36, 397, 1, 26, 216, 5792 }, // U+0122
    { 22, 39, 301, -2, 30, 215, 6008 }, // U+0123
    { 31, 33, 460, -1, 33, 256, 6223 }, // U+0124
    { 20, 36, 337, 1, 35, 180, 6479 }, // U+0125
    { 31, 26, 460, -1, 26, 202, 6659 }, // U+0126
    { 20, 29, 337, 1, 28, 145, 6861 }, // U+0127
    { 18, 33, 218, -1, 33, 149, 7006 }, // U+0128
    { 15, 29, 187, 1, 28, 109, 7155 }, // U+0129
    { 17, 31, 218, -1, 31, 132, 7264 }, // U+012A
    { 13, 27, 187, 1, 26, 88, 7396 }, // U+012B
    { 18, 34, 220, -1, 34, 153, 7484 }, // U+012C
    { 12, 29, 182, 2, 28, 87, 7637 }, // U+012D
    { 16, 35, 218, -1, 26, 140, 7724 }, // U+012E
    { 11, 37, 187, 1, 28, 102, 7864 }, // U+012F
    { 16, 32, 218, -1, 32, 128, 7966 }, // U+0130
    { 11, 20, 187, 1, 19, 55, 8094 }, // U+0131
    { 31, 36, 434, -1, 27, 279, 8149 }, // U+0132
    { 21, 38, 357, 2, 29, 200, 8428 }, // U+0133
    { 22, 39, 214, -5, 33, 215, 8628 }, // U+0134
    { 18, 39, 158, -4, 29, 176, 8843 }, // U+0135
    { 28, 36, 404, -1, 26, 252, 9019 }, // U+0136
    { 18, 38, 293, 1, 28, 171, 9271 }, // U+0137
    { 18, 20, 303, 1, 19, 90, 9442 }, // U+0138
    { 22, 33, 344, -1, 33, 182, 9532 }, // U+0139
    { 15, 36, 173, 2, 35, 135, 9714 }, // U+013A
    { 22, 36, 344, -1, 26, 198, 9849 }, // U+013B
    { 10, 38, 173, 1, 28, 95, 10047 }, // U+013C
    { 24, 27, 344, -1, 27, 162, 10142 }, // U+013D
    { 15, 29, 182, 2, 28, 109, 10304 }, // U+013E
    { 22, 26, 344, -1, 26, 143, 10413 }, // U+013F
    { 12, 29, 178, 2, 28, 87, 10556 }, // U+0140
    { 22, 26, 344, -1, 26, 143, 10643 }, // U+0141
    { 12, 29, 173, 0, 28, 87, 10786 }, // U+0142
    { 31, 34, 438, -1, 33, 264, 10873 }, // U+0143
    { 21, 30, 347, 1, 29, 158, 11137 }, // U+0144
    { 31, 36, 438, -1, 26, 279, 11295 }, // U+0145
    { 21, 29, 347, 1, 19, 153, 11574 }, // U+0146
    { 31, 34, 438, -1, 33, 264, 11727 }, // U+0147
    { 21, 30, 347, 1, 29, 158, 11991 }, // U+0148
    { 28, 30, 503, 4, 29, 210, 12149 }, // U+0149
    { 31, 32, 443, -1, 26, 248, 12359 }, // U+014A
    { 18, 29, 354, 1, 19, 131, 12607 }, // U+014B
    { 24, 32, 400, 1, 31, 192, 12738 }, // U+014C
    { 17, 27, 304, 1, 26, 115, 12930 }, // U+014D
    { 24, 34, 400, 1, 33, 204, 13045 }, // U+014E
    { 18, 29, 304, 1, 28, 131, 13249 }, // U+014F
    { 24, 35, 400, 1, 34, 210, 13380 }, // U+0150
    { 20, 30, 304, 1, 29, 150, 13590 }, // U+0151
    { 33, 27, 536, 1, 26, 223, 13740 }, // U+0152
    { 28, 20, 460, 1, 19, 140, 13963 }, // U+0153
    { 25, 34, 390, -1, 33, 213, 14103 }, // U+0154
    { 16, 30, 250, 1, 29, 120, 14316 }, // U+0155
    { 25, 36, 390, -1, 26, 225, 14436 }, // U+0156
    { 17, 29, 250, 0, 19, 124, 14661 }, // U+0157
    { 25, 34, 390, -1, 33, 213, 14785 }, // U+0158
    { 17, 30, 250, 1, 29, 128, 14998 }, // U+0159
    { 19, 34, 299, 0, 33, 162, 15126 }, // U+015A
    { 16, 30, 225, 0, 29, 120, 15288 }, // U+015B
    { 19, 34, 299, 0, 33, 162, 15408 }, // U+015C
    { 16, 30, 225, 0, 29, 120, 15570 }, // U+015D
    { 19, 35, 299, 0, 26, 167, 15690 }, // U+015E
    { 15, 28, 225, 0, 19, 105, 15857 }, // U+015F
    { 20, 34, 299, 0, 33, 170, 15962 }, // U+0160
    { 17, 30, 225, 0, 29, 128, 16132 }, // U+0161
    { 22, 35, 349, 2, 26, 193, 16260 }, // U+0162
    { 14, 33, 204, 0, 24, 116, 16453 }, // U+0163
    { 22, 33, 349, 2, 33, 182, 16569 }, // U+0164
    { 16, 30, 204, 1, 29, 120, 16751 }, // U+0165
    { 24, 27, 368, 2, 27, 162, 16871 }, // U+0166
    { 13, 26, 221, 1, 25, 85, 17033 }, // U+0167
    { 26, 34, 428, 3, 33, 221, 17118 }, // U+0168
    { 21, 29, 350, 1, 28, 153, 17339 }, // U+0169
    { 26, 32, 428, 3, 31, 208, 17492 }, // U+016A
    { 21, 27, 350, 1, 26, 142, 17700 }, // U+016B
    { 26, 34, 428, 3, 33, 221, 17842 }, // U+016C
    { 21, 29, 350, 1, 28, 153, 18063 }, // U+016D
    { 26, 35, 428, 3, 34, 228, 18216 }, // U+016E
    { 21, 30, 350, 1, 29, 158, 18444 }, // U+016F
    { 26, 35, 428, 3, 34, 228, 18602 }, // U+0170
    { 21, 30, 350, 1, 29, 158, 18830 }, // U+0171
    { 26, 35, 428, 3, 26, 228, 18988 }, // U+0172
    { 21, 28, 350, 1, 19, 147, 19216 }, // U+0173
    { 36, 34, 534, 1, 33, 306, 19363 }, // U+0174
    { 29, 30, 452, 0, 29, 218, 19669 }, // U+0175
    { 24, 33, 342, 1, 33, 198, 19887 }, // U+0176
    { 23, 38, 298, -4, 29, 219, 20085 }, // U+0177
    { 24, 32, 342, 1, 32, 192, 20304 }, // U+0178
    { 23, 33, 328, -1, 33, 190, 20496 }, // U+0179
    { 20, 30, 286, -1, 29, 150, 20686 }, // U+017A
    { 23, 32, 328, -1, 32, 184, 20836 }, // U+017B
    { 20, 29, 286, -1, 28, 145, 21020 }, // U+017C
    { 23, 33, 328, -1, 33, 190, 21165 }, // U+017D
    { 20, 30, 286, -1, 29, 150, 21355 }, // U+017E
    { 25, 39, 186, -7, 29, 244, 21505 }, // U+017F
    { 26, 31, 400, 1, 30, 202, 0 }, // U+01A0
    { 20, 25, 304, 1, 24, 125, 202 }, // U+01A1
    { 28, 32, 428, 3, 31, 224, 327 }, // U+01AF
    { 23, 27, 350, 1, 26, 156, 551 }, // U+01B0
    { 52, 35, 798, -1, 35, 455, 707 }, // U+01C4
    { 49, 29, 742, -1, 29, 356, 1162 }, // U+01C5
    { 42, 30, 654, 1, 29, 315, 1518 }, // U+01C6
    { 40, 36, 588, -1, 27, 360, 1833 }, // U+01C7
    { 36, 38, 548, -1, 29, 342, 2193 }, // U+01C8
    { 21, 38, 357, 2, 29, 200, 2535 }, // U+01C9
    { 46, 36, 672, -1, 27, 414, 2735 }, // U+01CA
    { 41, 38, 632, -1, 29, 390, 3149 }, // U+01CB
    { 33, 38, 534, 1, 29, 314, 3539 }, // U+01CC
    { 26, 33, 408, -2, 33, 215, 3853 }, // U+01CD
    { 20, 30, 323, 1, 29, 150, 4068 }, // U+01CE
    { 18, 33, 218, -1, 33, 149, 4218 }, // U+01CF
    { 14, 30, 187, 1, 29, 105, 4367 }, // U+01D0
    { 24, 34, 400, 1, 33, 204, 4472 }, // U+01D1
    { 18, 30, 304, 1, 29, 135, 4676 }, // U+01D2
    { 26, 34, 428, 3, 33, 221, 4811 }, // U+01D3
    { 21, 30, 350, 1, 29, 158, 5032 }, // U+01D4
    { 26, 38, 428, 3, 37, 247, 5190 }, // U+01D5
    { 21, 32, 350, 1, 31, 168, 5437 }, // U+01D6
    { 26, 39, 428, 3, 38, 254, 5605 }, // U+01D7
    { 21, 33, 350, 1, 32, 174, 5859 }, // U+01D8
    { 26, 39, 428, 3, 38, 254, 6033 }, // U+01D9
    { 21, 33, 350, 1, 32, 174, 6287 }, // U+01DA
    { 26, 39, 428, 3, 38, 254, 6461 }, // U+01DB
    { 21, 33, 350, 1, 32, 174, 6715 }, // U+01DC
    { 17, 22, 296, 0, 21, 94, 6889 }, // U+01DD
    { 28, 38, 423, -3, 38, 266, 6983 }, // U+01DE
    { 21, 33, 347, 1, 32, 174, 7249 }, // U+01DF
    { 28, 38, 423, -3, 38, 266, 7423 }, // U+01E0
    { 21, 33, 347, 1, 32, 174, 7689 }, // U+01E1
    { 40, 32, 571, -3, 32, 320, 7863 }, // U+01E2
    { 29, 26, 488, 1, 25, 189, 8183 }, // U+01E3
    { 26, 29, 428, 1, 28, 189, 8372 }, // U+01E4
    { 25, 31, 334, -2, 22, 194, 8561 }, // U+01E5
    { 24, 34, 397, 1, 33, 204, 8755 }, // U+01E6
    { 22, 38, 301, -2, 29, 209, 8959 }, // U+01E7
    { 30, 35, 420, -1, 35, 263, 9168 }, // U+01E8
    { 23, 37, 341, 1, 36, 213, 9431 }, // U+01E9
    { 26, 37, 445, 1, 28, 241, 9644 }, // U+01EA
    { 19, 30, 344, 1, 21, 143, 9885 }, // U+01EB
    { 26, 41, 445, 1, 32, 267, 10028 }, // U+01EC
    { 19, 34, 344, 1, 25, 162, 10295 }, // U+01ED
    { 24, 36, 362, 0, 35, 216, 10457 }, // U+01EE
    { 24, 38, 328, -2, 29, 228, 10673 }, // U+01EF
    { 23, 38, 175, -6, 29, 219, 10901 }, // U+01F0
    { 52, 27, 798, -1, 27, 351, 11120 }, // U+01F1
    { 46, 27, 742, -1, 27, 311, 11471 }, // U+01F2
    { 39, 30, 654, 1, 29, 293, 11782 }, // U+01F3
    { 26, 36, 428, 1, 35, 234, 12075 }, // U+01F4
    { 25, 38, 334, -2, 29, 238, 12309 }, // U+01F5
    { 41, 28, 623, -1, 27, 287, 12547 }, // U+01F6
    { 30, 37, 443, -3, 28, 278, 12834 }, // U+01F7
    { 31, 34, 438, -1, 33, 264, 13112 }, // U+01F8
    { 21, 30, 347, 1, 29, 158, 13376 }, // U+01F9
    { 28, 36, 423, -3, 36, 252, 13534 }, // U+01FA
    { 21, 38, 347, 1, 37, 200, 13786 }, // U+01FB
    { 40, 35, 571, -3, 35, 350, 13986 }, // U+01FC
    { 29, 30, 488, 1, 29, 218, 14336 }, // U+01FD
    { 26, 37, 445, 1, 35, 241, 14554 }, // U+01FE
    { 22, 31, 344, 0, 29, 171, 14795 }, // U+01FF
    { 28, 36, 423, -3, 36, 252, 14966 }, // U+0200
    { 21, 30, 347, 1, 29, 158, 15218 }, // U+0201
    { 28, 34, 423, -3, 34, 238, 15376 }, // U+0202
    { 21, 29, 347, 1, 28, 153, 15614 }, // U+0203
    { 25, 36, 374, -1, 36, 225, 15767 }, // U+0204
    { 17, 30, 296, 1, 29, 128, 15992 }, // U+0205
    { 25, 34, 374, -1, 34, 213, 16120 }, // U+0206
    { 18, 29, 296, 1, 28, 131, 16333 }, // U+0207
    { 18, 36, 220, -1, 36, 162, 16464 }, // U+0208
    { 14, 30, 182, -2, 29, 105, 16626 }, // U+0209
    { 18, 35, 220, -1, 35, 158, 16731 }, // U+020A
    { 13, 29, 182, 2, 28, 95, 16889 }, // U+020B
    { 26, 37, 445, 1, 36, 241, 16984 }, // U+020C
    { 19, 30, 344, 1, 29, 143, 17225 }, // U+020D
    { 26, 35, 445, 1, 34, 228, 17368 }, // U+020E
    { 19, 29, 344, 1, 28, 138, 17596 }, // U+020F
    { 25, 36, 398, -1, 36, 225, 17734 }, // U+0210
    { 17, 29, 281, 1, 29, 124, 17959 }, // U+0211
    { 25, 34, 398, -1, 34, 213, 18083 }, // U+0212
    { 17, 28, 281, 1, 28, 119, 18296 }, // U+0213
    { 27, 37, 438, 3, 36, 250, 18415 }, // U+0214
    { 20, 30, 359, 2, 29, 150, 18665 }, // U+0215
    { 27, 35, 438, 3, 34, 237, 18815 }, // U+0216
    { 20, 29, 359, 2, 28, 145, 19052 }, // U+0217
    { 19, 36, 299, 0, 26, 171, 19197 }, // U+0218
    { 15, 29, 225, 0, 19, 109, 19368 }, // U+0219
    { 22, 36, 349, 2, 26, 198, 19477 }, // U+021A
    { 13, 34, 204, 1, 24, 111, 19675 }, // U+021B
    { 23, 34, 362, -1, 28, 196, 19786 }, // U+021C
    { 20, 30, 282, -3, 21, 150, 19982 }, // U+021D
    { 33, 35, 476, -1, 35, 289, 20132 }, // U+021E
    { 24, 37, 359, 1, 36, 222, 20421 }, // U+021F
    { 7, 9, 0, -4, 29, 16, 0 }, // U+0300
    { 7, 9, 0, 1, 29, 16, 16 }, // U+0301
    { 12, 9, 0, -3, 29, 27, 32 }, // U+0302
    { 14, 7, 0, -4, 28, 25, 59 }, // U+0303
    { 10, 3, 0, -2, 26, 8, 84 }, // U+0304
    { 13, 3, 0, -2, 31, 10, 92 }, // U+0305
    { 12, 7, 0, -3, 28, 21, 102 }, // U+0306
    { 5, 5, 0, 1, 28, 7, 123 }, // U+0307
    { 12, 5, 0, -3, 28, 15, 130 }, // U+0308
    { 6, 9, 0, 1, 29, 14, 145 }, // U+0309
    { 10, 9, 0, -2, 29, 23, 159 }, // U+030A
    { 13, 9, 0, -2, 29, 30, 182 }, // U+030B
    { 12, 9, 0, -3, 29, 27, 212 }, // U+030C
    { 4, 7, 0, 1, 29, 7, 239 }, // U+030D
    { 10, 7, 0, -2, 29, 18, 246 }, // U+030E
    { 15, 7, 0, -16, 29, 27, 264 }, // U+030F
    { 11, 10, 0, -2, 32, 28, 291 }, // U+0310
    { 12, 6, 0, -3, 28, 18, 319 }, // U+0311
    { 8, 11, 0, -1, 27, 22, 337 }, // U+0312
    { 8, 11, 0, -2, 27, 22, 359 }, // U+0313
    { 6, 11, 0, 0, 27, 17, 381 }, // U+0314
    { 8, 11, 0, -2, 27, 22, 398 }, // U+0315
    { 7, 7, 0, -6, -2, 13, 420 }, // U+0316
    { 9, 7, 0, -8, -2, 16, 433 }, // U+0317
    { 8, 7, 0, -6, -1, 14, 449 }, // U+0318
    { 8, 7, 0, -7, -1, 14, 463 }, // U+0319
    { 10, 10, 187, 4, 29, 25, 477 }, // U+031A
    { 7, 9, 0, 1, 27, 16, 502 }, // U+031B
    { 6, 9, 0, -5, 0, 14, 518 }, // U+031C
    { 9, 7, 0, -8, -1, 16, 532 }, // U+031D
    { 9, 7, 0, -7, -1, 16, 548 }, // U+031E
    { 8, 8, 0, -7, -1, 16, 564 }, // U+031F
    { 10, 3, 0, -8, -3, 8, 580 }, // U+0320
    { 9, 10, 0, -8, 2, 23, 588 }, // U+0321
    { 7, 10, 0, -3, 2, 18, 611 }, // U+0322
    { 5, 5, 0, -6, -3, 7, 629 }, // U+0323
    { 13, 5, 0, -10, -2, 17, 636 }, // U+0324
    { 10, 9, 0, -8, -1, 23, 653 }, // U+0325
    { 5, 8, 0, -6, -2, 10, 676 }, // U+0326
    { 8, 9, 0, -7, 0, 18, 686 }, // U+0327
    { 8, 10, 0, -7, 1, 20, 704 }, // U+0328
    { 5, 8, 0, -6, -2, 10, 724 }, // U+0329
    { 15, 7, 0, -11, -2, 27, 734 }, // U+032A
    { 13, 5, 0, -9, -2, 17, 761 }, // U+032B
    { 12, 7, 0, -6, -2, 21, 778 }, // U+032C
    { 12, 7, 0, -10, -2, 21, 799 }, // U+032D
    { 12, 7, 0, -9, -2, 21, 820 }, // U+032E
    { 12, 6, 0, -9, -2, 18, 841 }, // U+032F
    { 16, 6, 0, -11, -2, 24, 859 }, // U+0330
    { 10, 3, 0, -8, -3, 8, 883 }, // U+0331
    { 17, 4, 0, -19, -2, 17, 891 }, // U+0332
    { 18, 7, 0, -20, -2, 32, 908 }, // U+0333
    { 16, 6, 0, -8, 13, 24, 940 }, // U+0334
    { 14, 3, 0, -7, 12, 11, 964 }, // U+0335
    { 25, 3, 0, -12, 12, 19, 975 }, // U+0336
    { 14, 9, 0, -7, 15, 32, 994 }, // U+0337
    { 22, 32, 0, -10, 29, 176, 1026 }, // U+0338
    { 7, 9, 0, -7, 0, 16, 1202 }, // U+0339
    { 15, 7, 0, -11, -2, 27, 1218 }, // U+033A
    { 16, 8, 0, -11, -1, 32, 1245 }, // U+033B
    { 13, 5, 0, -10, -2, 17, 1277 }, // U+033C
    { 8, 8, 0, -1, 29, 16, 1294 }, // U+033D
    { 7, 12, 0, 0, 33, 21, 1310 }, // U+033E
    { 18, 8, 0, -5, 36, 36, 1331 }, // U+033F
    { 7, 7, 0, -1, 29, 13, 1367 }, // U+0340
    { 9, 7, 0, -1, 29, 16, 1380 }, // U+0341
    { 15, 6, 0, -4, 28, 23, 1396 }, // U+0342
    { 6, 8, 0, 1, 30, 12, 1419 }, // U+0343
    { 16, 9, 0, -5, 30, 36, 1431 }, // U+0344
    { 6, 7, 0, -1, -2, 11, 1467 }, // U+0345
    { 15, 7, 0, -4, 29, 27, 1478 }, // U+0346
    { 18, 8, 0, -12, -1, 36, 1505 }, // U+0347
    { 10, 7, 0, -8, -1, 18, 1541 }, // U+0348
    { 7, 7, 0, -6, -2, 13, 1559 }, // U+0349
    { 15, 8, 0, -4, 29, 30, 1572 }, // U+034A
    { 15, 14, 0, -4, 35, 53, 1602 }, // U+034B
    { 16, 10, 0, -4, 32, 40, 1655 }, // U+034C
    { 12, 8, 0, -9, -1, 24, 1695 }, // U+034D
    { 8, 9, 0, -7, 0, 18, 1719 }, // U+034E
    { 28, 27, 0, -14, 27, 189, 1737 }, // U+034F
    { 7, 9, 0, -1, 30, 16, 1926 }, // U+0350
    { 6, 9, 0, 0, 31, 14, 1942 }, // U+0351
    { 11, 10, 0, -2, 32, 28, 1956 }, // U+0352
    { 9, 8, 0, -7, -1, 18, 1984 }, // U+0353
    { 9, 8, 0, -7, -1, 18, 2002 }, // U+0354
    { 9, 8, 0, -7, -1, 18, 2020 }, // U+0355
    { 15, 8, 0, -10, -1, 30, 2038 }, // U+0356
    { 6, 9, 0, 0, 31, 14, 2068 }, // U+0357
    { 5, 6, 0, 6, 28, 8, 2082 }, // U+0358
    { 10, 10, 0, -5, 0, 25, 2090 }, // U+0359
    { 14, 8, 0, -10, -1, 28, 2115 }, // U+035A
    { 8, 8, 0, -1, 30, 16, 2143 }, // U+035B
    { 29, 8, 0, -17, 0, 58, 2159 }, // U+035C
    { 30, 8, 0, -11, 30, 60, 2217 }, // U+035D
    { 24, 3, 0, -9, 25, 18, 2277 }, // U+035E
    { 24, 3, 0, -15, -3, 18, 2295 }, // U+035F
    { 31, 6, 0, -12, 28, 47, 2313 }, // U+0360
    { 30, 8, 0, -12, 32, 60, 2360 }, // U+0361
    { 23, 8, 0, -15, -1, 46, 2420 }, // U+0362
    { 10, 9, 0, -1, 32, 23, 2466 }, // U+0363
    { 8, 9, 0, 0, 32, 18, 2489 }, // U+0364
    { 5, 12, 0, 2, 35, 15, 2507 }, // U+0365
    { 9, 9, 0, -1, 32, 21, 2522 }, // U+0366
    { 10, 9, 0, -1, 32, 23, 2543 }, // U+0367
    { 8, 9, 0, 0, 32, 18, 2566 }, // U+0368
    { 10, 12, 0, -1, 35, 30, 2584 }, // U+0369
    { 10, 12, 0, -1, 35, 30, 2614 }, // U+036A
    { 15, 9, 0, -4, 32, 34, 2644 }, // U+036B
    { 8, 9, 0, 0, 32, 18, 2678 }, // U+036C
    { 6, 11, 0, 1, 34, 17, 2696 }, // U+036D
    { 9, 9, 0, -1, 32, 21, 2713 }, // U+036E
    { 11, 9, 0, -2, 32, 25, 2734 }, // U+036F
    { 23, 33, 355, -1, 33, 190, 0 }, // U+0400
    { 23, 32, 355, -1, 32, 184, 190 }, // U+0401
    { 23, 30, 411, 2, 26, 173, 374 }, // U+0402
    { 23, 33, 320, -1, 33, 190, 547 }, // U+0403
    { 22, 27, 361, 1, 26, 149, 737 }, // U+0404
    { 19, 27, 299, 0, 26, 129, 886 }, // U+0405
    { 16, 26, 218, -1, 26, 104, 1015 }, // U+0406
    { 17, 32, 218, -1, 32, 136, 1119 }, // U+0407
    { 20, 32, 214, -5, 26, 160, 1255 }, // U+0408
    { 35, 27, 545, -2, 26, 237, 1415 }, // U+0409
    { 38, 26, 600, -1, 26, 247, 1652 }, // U+040A
    { 25, 26, 443, 2, 26, 163, 1899 }, // U+040B
    { 28, 34, 397, -1, 33, 238, 2062 }, // U+040C
    { 31, 33, 465, -1, 33, 256, 2300 }, // U+040D
    { 26, 35, 371, 1, 33, 228, 2556 }, // U+040E
    { 31, 34, 455, -1, 26, 264, 2784 }, // U+040F
    { 26, 26, 408, -2, 26, 169, 3048 }, // U+0410
    { 23, 26, 377, -1, 26, 150, 3217 }, // U+0411
    { 23, 26, 375, -1, 26, 150, 3367 }, // U+0412
    { 23, 26, 320, -1, 26, 150, 3517 }, // U+0413
    { 30, 33, 413, -3, 26, 248, 3667 }, // U+0414
    { 23, 26, 355, -1, 26, 150, 3915 }, // U+0415
    { 38, 27, 565, -2, 26, 257, 4065 }, // U+0416
    { 19, 27, 319, 0, 26, 129, 4322 }, // U+0417
    { 31, 26, 465, -1, 26, 202, 4451 }, // U+0418
    { 31, 33, 465, -1, 33, 256, 4653 }, // U+0419
    { 28, 27, 397, -1, 26, 189, 4909 }, // U+041A
    { 29, 27, 406, -2, 26, 196, 5098 }, // U+041B
    { 36, 26, 556, -1, 26, 234, 5294 }, // U+041C
    { 31, 26, 460, -1, 26, 202, 5528 }, // U+041D
    { 24, 27, 400, 1, 26, 162, 5730 }, // U+041E
    { 31, 26, 451, -1, 26, 202, 5892 }, // U+041F
    { 23, 26, 342, -1, 26, 150, 6094 }, // U+0420
    { 22, 27, 361, 1, 26, 149, 6244 }, // U+0421
    { 22, 26, 349, 2, 26, 143, 6393 }, // U+0422
    { 26, 28, 371, 1, 26, 182, 6536 }, // U+0423
    { 26, 27, 445, 1, 26, 176, 6718 }, // U+0424
    { 28, 26, 397, -1, 26, 182, 6894 }, // U+0425
    { 30, 33, 444, -1, 26, 248, 7076 }, // U+0426
    { 24, 26, 402, 2, 26, 156, 7324 }, // U+0427
    { 41, 26, 620, -1, 26, 267, 7480 }, // U+0428
    { 41, 33, 622, -1, 26, 339, 7747 }, // U+0429
    { 24, 26, 421, 2, 26, 156, 8086 }, // U+042A
    { 36, 26, 541, -1, 26, 234, 8242 }, // U+042B
    { 23, 26, 358, -1, 26, 150, 8476 }, // U+042C
    { 22, 27, 362, 0, 26, 149, 8626 }, // U+042D
    { 37, 27, 586, -1, 26, 250, 8775 }, // U+042E
    { 28, 27, 386, -2, 26, 189, 9025 }, // U+042F
    { 19, 20, 323, 1, 19, 95, 9214 }, // U+0430
    { 22, 30, 308, 1, 29, 165, 9309 }, // U+0431
    { 17, 20, 287, 1, 19, 85, 9474 }, // U+0432
    { 15, 20, 235, 0, 19, 75, 9559 }, // U+0433
    { 18, 29, 299, 1, 28, 131, 9634 }, // U+0434
    { 15, 20, 256, 1, 19, 75, 9765 }, // U+0435
    { 32, 20, 501, 0, 19, 160, 9840 }, // U+0436
    { 16, 20, 255, 0, 19, 80, 10000 }, // U+0437
    { 21, 20, 350, 1, 19, 105, 10080 }, // U+0438
    { 21, 29, 350, 1, 28, 153, 10185 }, // U+0439
    { 19, 20, 304, 1, 19, 95, 10338 }, // U+043A
    { 22, 20, 337, -1, 19, 110, 10433 }, // U+043B
    { 30, 20, 457, -1, 19, 150, 10543 }, // U+043C
    { 21, 20, 352, 1, 19, 105, 10693 }, // U+043D
    { 17, 20, 304, 1, 19, 85, 10798 }, // U+043E
    { 21, 20, 347, 1, 19, 105, 10883 }, // U+043F
    { 23, 28, 317, -3, 19, 161, 10988 }, // U+0440
    { 15, 20, 254, 1, 19, 75, 11149 }, // U+0441
    { 31, 20, 505, 1, 19, 155, 11224 }, // U+0442
    { 23, 28, 298, -4, 19, 161, 11379 }, // U+0443
    { 25, 37, 426, 1, 28, 232, 11540 }, // U+0444
    { 23, 20, 325, -1, 19, 115, 11772 }, // U+0445
    { 21, 29, 350, 1, 19, 153, 11887 }, // U+0446
    { 20, 20, 328, 1, 19, 100, 12040 }, // U+0447
    { 30, 20, 497, 1, 19, 150, 12140 }, // U+0448
    { 30, 29, 497, 1, 19, 218, 12290 }, // U+0449
    { 18, 20, 297, 0, 19, 90, 12508 }, // U+044A
    { 27, 20, 437, 1, 19, 135, 12598 }, // U+044B
    { 16, 20, 283, 1, 19, 80, 12733 }, // U+044C
    { 16, 20, 265, 0, 19, 80, 12813 }, // U+044D
    { 26, 20, 443, 1, 19, 130, 12893 }, // U+044E
    { 22, 20, 315, -2, 19, 110, 13023 }, // U+044F
    { 15, 30, 256, 1, 29, 113, 13133 }, // U+0450
    { 18, 29, 256, 1, 28, 131, 13246 }, // U+0451
    { 17, 38, 298, 1, 28, 162, 13377 }, // U+0452
    { 16, 30, 235, 0, 29, 120, 13539 }, // U+0453
    { 15, 20, 254, 1, 19, 75, 13659 }, // U+0454
    { 15, 20, 225, 0, 19, 75, 13734 }, // U+0455
    { 11, 29, 187, 1, 28, 80, 13809 }, // U+0456
    { 14, 29, 187, 1, 28, 102, 13889 }, // U+0457
    { 15, 38, 158, -4, 28, 143, 13991 }, // U+0458
    { 28, 20, 434, -1, 19, 140, 14134 }, // U+0459
    { 27, 20, 448, 1, 19, 135, 14274 }, // U+045A
    { 20, 29, 337, 1, 28, 145, 14409 }, // U+045B
    { 19, 30, 304, 1, 29, 143, 14554 }, // U+045C
    { 21, 30, 350, 1, 29, 158, 14697 }, // U+045D
    { 23, 37, 298, -4, 28, 213, 14855 }, // U+045E
    { 21, 29, 350, 1, 19, 153, 15068 }, // U+045F
    { 34, 28, 577, 2, 28, 238, 15221 }, // U+0460
    { 28, 21, 479, 1, 21, 147, 15459 }, // U+0461
    { 25, 28, 421, 1, 28, 175, 15606 }, // U+0462
    { 27, 20, 454, 1, 19, 135, 15781 }, // U+0463
    { 37, 29, 547, -1, 28, 269, 15916 }, // U+0464
    { 28, 22, 460, 1, 21, 154, 16185 }, // U+0465
    { 28, 27, 415, -3, 27, 189, 16339 }, // U+0466
    { 22, 21, 346, -2, 21, 116, 16528 }, // U+0467
    { 39, 27, 622, -1, 27, 264, 16644 }, // U+0468
    { 28, 21, 481, 1, 21, 147, 16908 }, // U+0469
    { 32, 27, 472, -3, 27, 216, 17055 }, // U+046A
    { 27, 21, 421, -2, 21, 142, 17271 }, // U+046B
    { 43, 27, 680, -1, 27, 291, 17413 }, // U+046C
    { 32, 21, 545, 1, 21, 168, 17704 }, // U+046D
    { 23, 40, 362, -1, 32, 230, 17872 }, // U+046E
    { 20, 33, 286, -2, 25, 165, 18102 }, // U+046F
    { 32, 27, 497, 4, 27, 216, 18267 }, // U+0470
    { 24, 38, 425, 2, 29, 228, 18483 }, // U+0471
    { 24, 27, 400, 1, 26, 162, 18711 }, // U+0472
    { 17, 20, 304, 1, 19, 85, 18873 }, // U+0473
    { 26, 27, 371, 1, 26, 176, 18958 }, // U+0474
    { 22, 20, 319, 0, 19, 110, 19134 }, // U+0475
    { 27, 36, 416, 3, 36, 243, 19244 }, // U+0476
    { 24, 30, 352, 0, 29, 180, 19487 }, // U+0477
    { 43, 37, 710, 1, 28, 398, 19667 }, // U+0478
    { 36, 30, 600, 1, 21, 270, 20065 }, // U+0479
    { 28, 33, 469, 1, 30, 231, 20335 }, // U+047A
    { 22, 26, 380, 1, 23, 143, 20566 }, // U+047B
    { 34, 40, 589, 2, 39, 340, 20709 }, // U+047C
    { 27, 34, 473, 1, 33, 230, 21049 }, // U+047D
    { 34, 34, 577, 2, 34, 289, 21279 }, // U+047E
    { 28, 27, 479, 1, 27, 189, 21568 }, // U+047F
    { 24, 37, 376, 1, 28, 222, 21757 }, // U+0480
    { 18, 30, 292, 1, 21, 135, 21979 }, // U+0481
    { 20, 25, 365, 1, 24, 125, 22114 }, // U+0482
    { 15, 6, 0, -5, 27, 23, 22239 }, // U+0483
    { 14, 6, 0, -4, 28, 21, 22262 }, // U+0484
    { 5, 8, 0, 1, 30, 10, 22283 }, // U+0485
    { 6, 8, 0, 0, 30, 12, 22293 }, // U+0486
    { 15, 5, 0, -3, 33, 19, 22305 }, // U+0487
    { 48, 42, 0, -24, 31, 504, 22324 }, // U+0488
    { 46, 46, 0, -23, 33, 529, 22828 }, // U+0489
    { 34, 44, 482, -1, 36, 374, 23357 }, // U+048A
    { 20, 38, 359, 2, 30, 190, 23731 }, // U+048B
    { 23, 29, 368, -1, 29, 167, 23921 }, // U+048C
    { 18, 26, 317, 1, 25, 117, 24088 }, // U+048D
    { 25, 27, 372, -1, 27, 169, 24205 }, // U+048E
    { 22, 30, 346, -1, 21, 165, 24374 }, // U+048F
    { 24, 31, 318, -1, 31, 186, 24539 }, // U+0490
    { 17, 25, 224, 0, 24, 107, 24725 }, // U+0491
    { 23, 26, 320, -1, 26, 150, 24832 }, // U+0492
    { 15, 20, 235, 0, 19, 75, 24982 }, // U+0493
    { 25, 37, 395, -1, 27, 232, 25057 }, // U+0494
    { 18, 30, 311, 0, 21, 135, 25289 }, // U+0495
    { 38, 33, 565, -2, 26, 314, 25424 }, // U+0496
    { 32, 29, 501, 0, 19, 232, 25738 }, // U+0497
    { 19, 35, 319, 0, 26, 167, 25970 }, // U+0498
    { 16, 28, 255, 0, 19, 112, 26137 }, // U+0499
    { 28, 33, 397, -1, 26, 231, 26249 }, // U+049A
    { 19, 29, 304, 1, 19, 138, 26480 }, // U+049B
    { 30, 27, 438, -1, 27, 203, 26618 }, // U+049C
    { 23, 21, 381, 1, 21, 121, 26821 }, // U+049D
    { 29, 27, 420, -1, 27, 196, 26942 }, // U+049E
    { 22, 30, 363, 1, 29, 165, 27138 }, // U+049F
    { 28, 27, 459, 2, 26, 189, 27303 }, // U+04A0
    { 23, 20, 369, 1, 19, 115, 27492 }, // U+04A1
    { 31, 33, 460, -1, 26, 256, 27607 }, // U+04A2
    { 21, 29, 352, 1, 19, 153, 27863 }, // U+04A3
    { 37, 27, 527, -1, 27, 250, 28016 }, // U+04A4
    { 28, 22, 452, 1, 21, 154, 28266 }, // U+04A5
    { 38, 37, 632, -1, 27, 352, 28420 }, // U+04A6
    { 30, 30, 515, 1, 21, 225, 28772 }, // U+04A7
    { 25, 30, 439, 1, 28, 188, 28997 }, // U+04A8
    { 21, 23, 367, 1, 21, 121, 29185 }, // U+04A9
    { 22, 35, 361, 1, 26, 193, 29306 }, // U+04AA
    { 15, 28, 254, 1, 19, 105, 29499 }, // U+04AB
    { 24, 35, 368, 2, 27, 210, 29604 }, // U+04AC
    { 32, 30, 538, 1, 21, 240, 29814 }, // U+04AD
    { 24, 26, 342, 1, 26, 156, 30054 }, // U+04AE
    { 19, 28, 296, 0, 19, 133, 30210 }, // U+04AF
    { 24, 26, 342, 1, 26, 156, 30343 }, // U+04B0
    { 19, 28, 296, 0, 19, 133, 30499 }, // U+04B1
    { 28, 33, 397, -1, 26, 231, 30632 }, // U+04B2
    { 23, 29, 325, -1, 19, 167, 30863 }, // U+04B3
    { 34, 35, 535, 2, 27, 298, 31030 }, // U+04B4
    { 26, 30, 442, 1, 21, 195, 31328 }, // U+04B5
    { 24, 33, 403, 2, 26, 198, 31523 }, // U+04B6
    { 20, 29, 328, 1, 19, 145, 31721 }, // U+04B7
    { 28, 27, 454, 3, 27, 189, 31866 }, // U+04B8
    { 20, 22, 337, 1, 21, 110, 32055 }, // U+04B9
    { 25, 26, 391, -1, 26, 163, 32165 }, // U+04BA
    { 20, 29, 337, 1, 28, 145, 32328 }, // U+04BB
    { 29, 29, 479, 1, 28, 211, 32473 }, // U+04BC
    { 22, 22, 360, 0, 21, 121, 32684 }, // U+04BD
    { 29, 36, 479, 1, 28, 261, 32805 }, // U+04BE
    { 22, 29, 360, 0, 21, 160, 33066 }, // U+04BF
    { 16, 26, 218, -1, 26, 104, 33226 }, // U+04C0
    { 38, 34, 565, -2, 33, 323, 33330 }, // U+04C1
    { 32, 29, 501, 0, 28, 232, 33653 }, // U+04C2
    { 29, 37, 416, -1, 27, 269, 33885 }, // U+04C3
    { 22, 30, 367, 1, 21, 165, 34154 }, // U+04C4
    { 31, 35, 421, -2, 27, 272, 34319 }, // U+04C5
    { 24, 29, 385, 0, 21, 174, 34591 }, // U+04C6
    { 33, 36, 473, -1, 27, 297, 34765 }, // U+04C7
    { 21, 30, 370, 1, 21, 158, 35062 }, // U+04C8
    { 33, 35, 476, -1, 27, 289, 35220 }, // U+04C9
    { 22, 29, 377, 1, 21, 160, 35509 }, // U+04CA
    { 27, 35, 454, 3, 27, 237, 35669 }, // U+04CB
    { 20, 29, 365, 1, 21, 145, 35906 }, // U+04CC
    { 39, 35, 563, -1, 27, 342, 36051 }, // U+04CD
    { 33, 29, 540, 0, 21, 240, 36393 }, // U+04CE
    { 16, 28, 179, -1, 28, 112, 36633 }, // U+04CF
    { 26, 33, 408, -2, 33, 215, 36745 }, // U+04D0
    { 19, 29, 323, 1, 28, 138, 36960 }, // U+04D1
    { 28, 34, 423, -3, 34, 238, 37098 }, // U+04D2
    { 21, 29, 347, 1, 28, 153, 37336 }, // U+04D3
    { 36, 26, 535, -2, 26, 234, 37489 }, // U+04D4
    { 25, 20, 418, 1, 19, 125, 37723 }, // U+04D5
    { 23, 33, 355, -1, 33, 190, 37848 }, // U+04D6
    { 18, 29, 256, 1, 28, 131, 38038 }, // U+04D7
    { 22, 27, 373, 1, 26, 149, 38169 }, // U+04D8
    { 16, 20, 265, 0, 19, 80, 38318 }, // U+04D9
    { 23, 35, 401, 1, 34, 202, 38398 }, // U+04DA
    { 17, 29, 296, 0, 28, 124, 38600 }, // U+04DB
    { 43, 34, 588, -3, 34, 366, 38724 }, // U+04DC
    { 36, 29, 552, -1, 28, 261, 39090 }, // U+04DD
    { 21, 35, 357, 0, 34, 184, 39351 }, // U+04DE
    { 17, 29, 288, 0, 28, 124, 39535 }, // U+04DF
    { 23, 28, 362, 0, 27, 161, 39659 }, // U+04E0
    { 22, 30, 328, -2, 21, 165, 39820 }, // U+04E1
    { 31, 31, 465, -1, 31, 241, 39985 }, // U+04E2
    { 21, 27, 350, 1, 26, 142, 40226 }, // U+04E3
    { 34, 34, 484, -1, 34, 289, 40368 }, // U+04E4
    { 20, 29, 359, 2, 28, 145, 40657 }, // U+04E5
    { 24, 33, 400, 1, 32, 198, 40802 }, // U+04E6
    { 18, 29, 304, 1, 28, 131, 41000 }, // U+04E7
    { 24, 27, 400, 1, 26, 162, 41131 }, // U+04E8
    { 17, 20, 304, 1, 19, 85, 41293 }, // U+04E9
    { 26, 35, 445, 1, 34, 228, 41378 }, // U+04EA
    { 19, 29, 344, 1, 28, 138, 41606 }, // U+04EB
    { 23, 35, 376, 0, 34, 202, 41744 }, // U+04EC
    { 18, 29, 300, 0, 28, 131, 41946 }, // U+04ED
    { 26, 33, 371, 1, 31, 215, 42077 }, // U+04EE
    { 23, 35, 298, -4, 26, 202, 42292 }, // U+04EF
    { 25, 35, 390, 3, 34, 219, 42494 }, // U+04F0
    { 26, 37, 317, -7, 28, 241, 42713 }, // U+04F1
    { 26, 36, 371, 1, 34, 234, 42954 }, // U+04F2
    { 25, 38, 298, -4, 29, 238, 43188 }, // U+04F3
    { 28, 34, 454, 3, 34, 238, 43426 }, // U+04F4
    { 20, 29, 337, 1, 28, 145, 43664 }, // U+04F5
    { 25, 35, 337, -1, 27, 219, 43809 }, // U+04F6
    { 18, 30, 275, 0, 21, 135, 44028 }, // U+04F7
    { 38, 34, 549, -1, 34, 323, 44163 }, // U+04F8
    { 27, 29, 459, 1, 28, 196, 44486 }, // U+04F9
    { 25, 35, 337, -1, 27, 219, 44682 }, // U+04FA
    { 18, 29, 275, 0, 21, 131, 44901 }, // U+04FB
    { 30, 35, 396, -2, 27, 263, 45032 }, // U+04FC
    { 23, 29, 328, -1, 21, 167, 45295 }, // U+04FD
    { 30, 27, 396, -2, 27, 203, 45462 }, // U+04FE
    { 22, 21, 328, -1, 21, 116, 45665 }, // U+04FF
    { 26, 34, 408, -2, 26, 221, 0 }, // U+1EA0
    { 19, 27, 323, 1, 19, 129, 221 }, // U+1EA1
    { 26, 34, 408, -2, 34, 221, 350 }, // U+1EA2
    { 19, 30, 323, 1, 29, 143, 571 }, // U+1EA3
    { 27, 35, 408, -2, 35, 237, 714 }, // U+1EA4
    { 22, 31, 323, 1, 30, 171, 951 }, // U+1EA5
    { 26, 35, 408, -2, 35, 228, 1122 }, // U+1EA6
    { 19, 31, 323, 1, 30, 148, 1350 }, // U+1EA7
    { 27, 36, 408, -2, 36, 243, 1498 }, // U+1EA8
    { 21, 32, 323, 1, 31, 168, 1741 }, // U+1EA9
    { 26, 37, 408, -2, 37, 241, 1909 }, // U+1EAA
    { 20, 32, 323, 1, 31, 160, 2150 }, // U+1EAB
    { 26, 41, 408, -2, 33, 267, 2310 }, // U+1EAC
    { 19, 37, 323, 1, 29, 176, 2577 }, // U+1EAD
    { 26, 38, 408, -2, 38, 247, 2753 }, // U+1EAE
    { 19, 33, 323, 1, 32, 157, 3000 }, // U+1EAF
    { 26, 38, 408, -2, 38, 247, 3157 }, // U+1EB0
    { 19, 33, 323, 1, 32, 157, 3404 }, // U+1EB1
    { 26, 38, 408, -2, 38, 247, 3561 }, // U+1EB2
    { 19, 34, 323, 1, 33, 162, 3808 }, // U+1EB3
    { 26, 37, 408, -2, 37, 241, 3970 }, // U+1EB4
    { 20, 33, 323, 1, 32, 165, 4211 }, // U+1EB5
    { 26, 41, 408, -2, 33, 267, 4376 }, // U+1EB6
    { 19, 36, 323, 1, 28, 171, 4643 }, // U+1EB7
    { 23, 34, 355, -1, 26, 196, 4814 }, // U+1EB8
    { 15, 27, 256, 1, 19, 102, 5010 }, // U+1EB9
    { 23, 34, 355, -1, 34, 196, 5112 }, // U+1EBA
    { 16, 30, 256, 1, 29, 120, 5308 }, // U+1EBB
    { 23, 33, 355, -1, 33, 190, 5428 }, // U+1EBC
    { 19, 29, 256, 1, 28, 138, 5618 }, // U+1EBD
    { 25, 35, 355, -1, 35, 219, 5756 }, // U+1EBE
    { 21, 31, 256, 1, 30, 163, 5975 }, // U+1EBF
    { 23, 35, 355, -1, 35, 202, 6138 }, // U+1EC0
    { 17, 31, 256, 1, 30, 132, 6340 }, // U+1EC1
    { 24, 36, 355, -1, 36, 216, 6472 }, // U+1EC2
    { 20, 32, 256, 1, 31, 160, 6688 }, // U+1EC3
    { 23, 37, 355, -1, 37, 213, 6848 }, // U+1EC4
    { 19, 32, 256, 1, 31, 152, 7061 }, // U+1EC5
    { 23, 41, 355, -1, 33, 236, 7213 }, // U+1EC6
    { 17, 37, 256, 1, 29, 158, 7449 }, // U+1EC7
    { 16, 34, 218, -1, 34, 136, 7607 }, // U+1EC8
    { 11, 30, 187, 1, 29, 83, 7743 }, // U+1EC9
    { 16, 34, 218, -1, 26, 136, 7826 }, // U+1ECA
    { 11, 36, 187, 1, 28, 99, 7962 }, // U+1ECB
    { 24, 34, 400, 1, 26, 204, 8061 }, // U+1ECC
    { 17, 27, 304, 1, 19, 115, 8265 }, // U+1ECD
    { 24, 35, 400, 1, 34, 210, 8380 }, // U+1ECE
    { 17, 30, 304, 1, 29, 128, 8590 }, // U+1ECF
    { 24, 36, 400, 1, 35, 216, 8718 }, // U+1ED0
    { 21, 31, 304, 1, 30, 163, 8934 }, // U+1ED1
    { 24, 36, 400, 1, 35, 216, 9097 }, // U+1ED2
    { 17, 31, 304, 1, 30, 132, 9313 }, // U+1ED3
    { 24, 37, 400, 1, 36, 222, 9445 }, // U+1ED4
    { 20, 32, 304, 1, 31, 160, 9667 }, // U+1ED5
    { 24, 38, 400, 1, 37, 228, 9827 }, // U+1ED6
    { 19, 32, 304, 1, 31, 152, 10055 }, // U+1ED7
    { 24, 41, 400, 1, 33, 246, 10207 }, // U+1ED8
    { 17, 37, 304, 1, 29, 158, 10453 }, // U+1ED9
    { 26, 34, 400, 1, 33, 221, 10611 }, // U+1EDA
    { 20, 30, 304, 1, 29, 150, 10832 }, // U+1EDB
    { 26, 34, 400, 1, 33, 221, 10982 }, // U+1EDC
    { 20, 30, 304, 1, 29, 150, 11203 }, // U+1EDD
    { 26, 35, 400, 1, 34, 228, 11353 }, // U+1EDE
    { 20, 30, 304, 1, 29, 150, 11581 }, // U+1EDF
    { 26, 34, 400, 1, 33, 221, 11731 }, // U+1EE0
    { 20, 29, 304, 1, 28, 145, 11952 }, // U+1EE1
    { 26, 38, 400, 1, 30, 247, 12097 }, // U+1EE2
    { 20, 32, 304, 1, 24, 160, 12344 }, // U+1EE3
    { 26, 34, 428, 3, 26, 221, 12504 }, // U+1EE4
    { 21, 27, 350, 1, 19, 142, 12725 }, // U+1EE5
    { 26, 35, 428, 3, 34, 228, 12867 }, // U+1EE6
    { 21, 30, 350, 1, 29, 158, 13095 }, // U+1EE7
    { 28, 34, 428, 3, 33, 238, 13253 }, // U+1EE8
    { 23, 30, 350, 1, 29, 173, 13491 }, // U+1EE9
    { 28, 34, 428, 3, 33, 238, 13664 }, // U+1EEA
    { 23, 30, 350, 1, 29, 173, 13902 }, // U+1EEB
    { 28, 35, 428, 3, 34, 245, 14075 }, // U+1EEC
    { 23, 30, 350, 1, 29, 173, 14320 }, // U+1EED
    { 28, 34, 428, 3, 33, 238, 14493 }, // U+1EEE
    { 23, 29, 350, 1, 28, 167, 14731 }, // U+1EEF
    { 28, 39, 428, 3, 31, 273, 14898 }, // U+1EF0
    { 23, 34, 350, 1, 26, 196, 15171 }, // U+1EF1
    { 24, 33, 342, 1, 33, 198, 15367 }, // U+1EF2
    { 23, 38, 298, -4, 29, 219, 15565 }, // U+1EF3
    { 24, 34, 342, 1, 26, 204, 15784 }, // U+1EF4
    { 23, 29, 298, -4, 19, 167, 15988 }, // U+1EF5
    { 24, 34, 342, 1, 34, 204, 16155 }, // U+1EF6
    { 23, 38, 298, -4, 29, 219, 16359 }, // U+1EF7
    { 24, 33, 342, 1, 33, 198, 16578 }, // U+1EF8
    { 24, 37, 298, -4, 28, 222, 16776 }, // U+1EF9
    { 0, 0, 300, 0, 0, 0, 0 }, // U+2000
    { 0, 0, 600, 0, 0, 0, 0 }, // U+2001
    { 0, 0, 300, 0, 0, 0, 0 }, // U+2002
    { 0, 0, 600, 0, 0, 0, 0 }, // U+2003
    { 0, 0, 200, 0, 0, 0, 0 }, // U+2004
    { 0, 0, 150, 0, 0, 0, 0 }, // U+2005
    { 0, 0, 100, 0, 0, 0, 0 }, // U+2006
    { 0, 0, 314, 0, 0, 0, 0 }, // U+2007
    { 0, 0, 150, 0, 0, 0, 0 }, // U+2008
    { 0, 0, 75, 0, 0, 0, 0 }, // U+2009
    { 0, 0, 25, 0, 0, 0, 0 }, // U+200A
    { 0, 0, 0, 0, 0, 0, 0 }, // U+200B
    { 2, 29, 0, -1, 24, 15, 0 }, // U+200C
    { 10, 31, 0, -5, 26, 78, 15 }, // U+200D
    { 9, 31, 0, -1, 26, 70, 93 }, // U+200E
    { 9, 31, 0, -8, 26, 70, 163 }, // U+200F
    { 10, 4, 190, 1, 12, 10, 233 }, // U+2010
    { 11, 4, 186, 0, 12, 11, 243 }, // U+2011
    { 17, 4, 314, 2, 14, 17, 254 }, // U+2012
    { 17, 4, 309, 1, 12, 17, 271 }, // U+2013
    { 28, 4, 489, 1, 12, 28, 288 }, // U+2014
    { 28, 4, 489, 1, 12, 28, 316 }, // U+2015
    { 10, 38, 335, 6, 29, 95, 344 }, // U+2016
    { 18, 8, 247, -4, 0, 36, 439 }, // U+2017
    { 8, 11, 165, 4, 28, 22, 475 }, // U+2018
    { 7, 11, 165, 4, 29, 20, 497 }, // U+2019
    { 7, 11, 165, -1, 6, 20, 517 }, // U+201A
    { 7, 11, 150, 4, 27, 20, 537 }, // U+201B
    { 16, 11, 289, 4, 28, 44, 557 }, // U+201C
    { 15, 11, 289, 4, 29, 42, 601 }, // U+201D
    { 15, 11, 289, -1, 6, 42, 643 }, // U+201E
    { 14, 11, 270, 4, 27, 39, 685 }, // U+201F
    { 18, 31, 296, 2, 28, 140, 724 }, // U+2020
    { 20, 31, 296, 0, 28, 155, 864 }, // U+2021
    { 9, 9, 180, 2, 17, 21, 1019 }, // U+2022
    { 13, 13, 300, 5, 20, 43, 1040 }, // U+2023
    { 5, 6, 172, 3, 16, 8, 1083 }, // U+2024
    { 17, 6, 362, 3, 5, 26, 1091 }, // U+2025
    { 26, 6, 497, 1, 5, 39, 1117 }, // U+2026
    { 6, 6, 150, 2, 13, 9, 1156 }, // U+2027
    { 0, 0, 360, 0, 0, 0, 1165 }, // U+2028
    { 0, 0, 360, 0, 0, 0, 1165 }, // U+2029
    { 9, 28, 0, -1, 23, 63, 1165 }, // U+202A
    { 9, 28, 0, -8, 23, 63, 1228 }, // U+202B
    { 10, 31, 0, -5, 26, 78, 1291 }, // U+202C
    { 10, 31, 0, -5, 26, 78, 1369 }, // U+202D
    { 10, 31, 0, -5, 26, 78, 1447 }, // U+202E
    { 0, 0, 75, 0, 0, 0, 1525 }, // U+202F
    { 44, 27, 747, 2, 26, 297, 1525 }, // U+2030
    { 60, 29, 1003, 2, 28, 435, 1822 }, // U+2031
    { 7, 12, 150, 4, 28, 21, 2257 }, // U+2032
    { 14, 12, 266, 4, 28, 42, 2278 }, // U+2033
    { 22, 10, 358, 3, 27, 55, 2320 }, // U+2034
    { 6, 10, 132, 4, 27, 15, 2375 }, // U+2035
    { 13, 10, 245, 4, 27, 33, 2390 }, // U+2036
    { 20, 10, 358, 4, 27, 50, 2423 }, // U+2037
    { 12, 11, 240, -1, 2, 33, 2473 }, // U+2038
    { 10, 17, 212, 2, 18, 43, 2506 }, // U+2039
    { 11, 17, 212, 0, 18, 47, 2549 }, // U+203A
    { 27, 27, 491, 2, 27, 183, 2596 }, // U+203B
    { 21, 27, 353, 1, 26, 142, 2779 }, // U+203C
    { 16, 29, 300, 4, 28, 116, 2921 }, // U+203D
    { 19, 3, 275, 3, 31, 15, 3037 }, // U+203E
    { 29, 8, 0, -28, 0, 58, 3052 }, // U+203F
    { 29, 8, 0, -22, 32, 58, 3110 }, // U+2040
    { 17, 27, 270, -2, 27, 115, 3168 }, // U+2041
    { 35, 30, 600, 1, 29, 263, 3283 }, // U+2042
    { 12, 7, 217, 1, 17, 21, 3546 }, // U+2043
    { 21, 26, 101, -7, 25, 137, 3567 }, // U+2044
    { 16, 34, 216, 0, 29, 136, 3704 }, // U+2045
    { 16, 34, 216, -2, 29, 136, 3840 }, // U+2046
    { 33, 27, 538, 2, 26, 223, 3976 }, // U+2047
    { 26, 27, 445, 2, 26, 176, 4199 }, // U+2048
    { 28, 27, 445, 1, 26, 189, 4375 }, // U+2049
    { 18, 29, 335, 1, 22, 131, 4564 }, // U+204A
    { 21, 34, 370, 3, 29, 179, 4695 }, // U+204B
    { 20, 14, 358, 2, 21, 70, 4874 }, // U+204C
    { 20, 14, 358, 2, 21, 70, 4944 }, // U+204D
    { 17, 16, 300, 1, 22, 68, 5014 }, // U+204E
    { 8, 27, 172, 1, 21, 54, 5082 }, // U+204F
    { 24, 29, 438, 3, 28, 174, 5136 }, // U+2050
    { 20, 32, 300, 1, 29, 160, 5310 }, // U+2051
    { 12, 28, 197, 1, 27, 84, 5470 }, // U+2052
    { 18, 7, 335, 2, 17, 32, 5554 }, // U+2053
    { 29, 7, 0, -7, -1, 51, 5586 }, // U+2054
    { 18, 17, 324, 2, 22, 77, 5637 }, // U+2055
    { 18, 22, 368, 1, 21, 99, 5714 }, // U+2056
    { 29, 10, 470, 3, 27, 73, 5813 }, // U+2057
    { 21, 22, 425, 2, 21, 116, 5886 }, // U+2058
    { 22, 22, 425, 1, 21, 121, 6002 }, // U+2059
    { 6, 29, 172, 3, 28, 44, 6123 }, // U+205A
    { 21, 29, 425, 3, 28, 153, 6167 }, // U+205B
    { 22, 21, 418, 1, 21, 116, 6320 }, // U+205C
    { 6, 29, 172, 3, 28, 44, 6436 }, // U+205D
    { 5, 29, 172, 3, 28, 37, 6480 }, // U+205E
    { 0, 0, 133, 0, 0, 0, 6517 }, // U+205F
    { 0, 0, 360, 0, 0, 0, 6517 }, // U+2060
    { 0, 0, 360, 0, 0, 0, 6517 }, // U+2061
    { 0, 0, 360, 0, 0, 0, 6517 }, // U+2062
    { 0, 0, 360, 0, 0, 0, 6517 }, // U+2063
    { 0, 0, 360, 0, 0, 0, 6517 }, // U+2064
    { 0, 0, 360, 0, 0, 0, 6517 }, // U+2066
    { 0, 0, 360, 0, 0, 0, 6517 }, // U+2067
    { 0, 0, 360, 0, 0, 0, 6517 }, // U+2068
    { 0, 0, 360, 0, 0, 0, 6517 }, // U+2069
    { 10, 31, 0, -5, 26, 78, 6517 }, // U+206A
    { 10, 31, 0, -5, 26, 78, 6595 }, // U+206B
    { 10, 31, 0, -5, 26, 78, 6673 }, // U+206C
    { 10, 31, 0, -5, 26, 78, 6751 }, // U+206D
    { 10, 31, 0, -5, 26, 78, 6829 }, // U+206E
    { 10, 31, 0, -5, 26, 78, 6907 }, // U+206F
    { 13, 17, 215, 3, 32, 56, 0 }, // U+2070
    { 8, 20, 133, 3, 35, 40, 56 }, // U+2071
    { 13, 17, 215, 2, 32, 56, 96 }, // U+2074
    { 13, 16, 215, 3, 31, 52, 152 }, // U+2075
    { 13, 17, 215, 3, 32, 56, 204 }, // U+2076
    { 12, 16, 215, 4, 31, 48, 260 }, // U+2077
    { 11, 17, 215, 4, 32, 47, 308 }, // U+2078
    { 13, 17, 215, 3, 32, 56, 355 }, // U+2079
    { 13, 13, 236, 3, 28, 43, 411 }, // U+207A
    { 13, 3, 236, 3, 23, 10, 454 }, // U+207B
    { 13, 8, 235, 3, 26, 26, 464 }, // U+207C
    { 9, 22, 174, 5, 33, 50, 490 }, // U+207D
    { 9, 22, 174, 2, 33, 50, 540 }, // U+207E
    { 15, 14, 243, 3, 29, 53, 590 }, // U+207F
    { 13, 17, 215, -2, 9, 56, 643 }, // U+2080
    { 11, 17, 215, -2, 9, 47, 699 }, // U+2081
    { 12, 17, 215, -2, 9, 51, 746 }, // U+2082
    { 12, 17, 215, -2, 9, 51, 797 }, // U+2083
    { 14, 17, 215, -3, 9, 60, 848 }, // U+2084
    { 13, 16, 215, -2, 8, 52, 908 }, // U+2085
    { 13, 17, 215, -2, 9, 56, 960 }, // U+2086
    { 12, 16, 215, -1, 8, 48, 1016 }, // U+2087
    { 12, 17, 215, -1, 9, 51, 1064 }, // U+2088
    { 13, 17, 215, -2, 9, 56, 1115 }, // U+2089
    { 14, 13, 236, -1, 10, 46, 1171 }, // U+208A
    { 14, 3, 236, -1, 5, 11, 1217 }, // U+208B
    { 14, 8, 236, -1, 8, 28, 1228 }, // U+208C
    { 9, 22, 174, 0, 10, 50, 1256 }, // U+208D
    { 9, 22, 174, -3, 10, 50, 1306 }, // U+208E
    { 14, 13, 226, -1, 9, 46, 1356 }, // U+2090
    { 11, 13, 192, -1, 9, 36, 1402 }, // U+2091
    { 12, 13, 224, -1, 9, 39, 1438 }, // U+2092
    { 15, 13, 213, -3, 9, 49, 1477 }, // U+2093
    { 12, 13, 192, -2, 9, 39, 1526 }, // U+2094
    { 14, 18, 233, -1, 14, 63, 1565 }, // U+2095
    { 14, 18, 222, -1, 14, 63, 1628 }, // U+2096
    { 7, 18, 119, -1, 14, 32, 1691 }, // U+2097
    { 21, 13, 349, -1, 9, 69, 1723 }, // U+2098
    { 14, 13, 233, -1, 9, 46, 1792 }, // U+2099
    { 15, 18, 225, -3, 9, 68, 1838 }, // U+209A
    { 11, 13, 181, -2, 9, 36, 1906 }, // U+209B
    { 9, 16, 143, -1, 12, 36, 1942 }, // U+209C
    { 23, 28, 383, 1, 28, 161, 0 }, // U+20A0
    { 19, 34, 312, 1, 29, 162, 161 }, // U+20A1
    { 23, 29, 362, 1, 28, 167, 323 }, // U+20A2
    { 25, 27, 335, -2, 27, 169, 490 }, // U+20A3
    { 20, 25, 312, -1, 25, 125, 659 }, // U+20A4
    { 32, 30, 538, 1, 25, 240, 784 }, // U+20A5
    { 24, 26, 312, -2, 25, 156, 1024 }, // U+20A6
    { 22, 25, 312, -1, 25, 138, 1180 }, // U+20A7
    { 40, 28, 613, -2, 27, 280, 1318 }, // U+20A8
    { 23, 26, 312, 0, 25, 150, 1598 }, // U+20A9
    { 26, 23, 535, 4, 23, 150, 1748 }, // U+20AA
    { 20, 27, 312, 0, 26, 135, 1898 }, // U+20AB
    { 21, 26, 312, 0, 25, 137, 2033 }, // U+20AC
    { 28, 27, 390, -1, 27, 189, 2170 }, // U+20AD
    { 20, 25, 312, 2, 25, 125, 2359 }, // U+20AE
    { 38, 39, 600, -2, 31, 371, 2484 }, // U+20AF
    { 20, 37, 335, -2, 28, 185, 2855 }, // U+20B0
    { 23, 25, 312, -1, 25, 144, 3040 }, // U+20B1
    { 19, 34, 312, 1, 29, 162, 3184 }, // U+20B2
    { 31, 27, 423, -3, 27, 210, 3346 }, // U+20B3
    { 19, 26, 312, 1, 25, 124, 3556 }, // U+20B4
    { 19, 34, 312, 1, 29, 162, 3680 }, // U+20B5
    { 22, 28, 330, 1, 27, 154, 3842 }, // U+20B6
    { 21, 32, 335, 0, 28, 168, 3996 }, // U+20B7
    { 20, 25, 312, 1, 25, 125, 4164 }, // U+20B8
    { 17, 26, 312, 3, 25, 111, 4289 }, // U+20B9
    { 18, 26, 312, 0, 25, 117, 4400 }, // U+20BA
    { 21, 29, 392, 3, 28, 153, 4517 }, // U+20BB
    { 26, 26, 472, 1, 26, 169, 4670 }, // U+20BC
    { 21, 25, 312, -1, 25, 132, 4839 }, // U+20BD
    { 23, 30, 335, 0, 30, 173, 4971 }, // U+20BE
    { 20, 34, 312, -1, 29, 170, 5144 }, // U+20BF
    { 24, 24, 397, 0, 23, 144, 0 }, // U+2190
    { 24, 24, 397, 0, 23, 144, 144 }, // U+2191
    { 24, 24, 397, 0, 23, 144, 288 }, // U+2192
    { 24, 24, 397, 0, 23, 144, 432 }, // U+2193
    { 44, 24, 800, 3, 24, 264, 576 }, // U+2194
    { 19, 19, 397, 3, 20, 91, 840 }, // U+2196
    { 19, 19, 397, 2, 20, 91, 931 }, // U+2197
    { 19, 19, 397, 2, 21, 91, 1022 }, // U+2198
    { 19, 19, 397, 3, 21, 91, 1113 }, // U+2199
    { 18, 26, 321, 1, 25, 117, 0 }, // U+2202
    { 22, 26, 365, -1, 26, 143, 117 }, // U+2206
    { 27, 31, 473, 2, 26, 210, 260 }, // U+220F
    { 21, 31, 354, 1, 26, 163, 470 }, // U+2211
    { 18, 3, 320, 1, 14, 14, 633 }, // U+2212
    { 21, 26, 101, -7, 25, 137, 647 }, // U+2215
    { 6, 7, 181, 3, 16, 11, 784 }, // U+2219
    { 22, 34, 335, 2, 30, 187, 795 }, // U+221A
    { 27, 14, 479, 2, 19, 95, 982 }, // U+221E
    { 24, 39, 225, -5, 29, 234, 1077 }, // U+222B
    { 16, 15, 320, 2, 20, 60, 1311 }, // U+2248
    { 18, 21, 320, 1, 23, 95, 1371 }, // U+2260
    { 18, 21, 320, 1, 21, 95, 1466 }, // U+2264
    { 18, 21, 320, 1, 21, 95, 1561 }, // U+2265
    { 24, 23, 432, 1, 23, 138, 0 }, // U+25A0
    { 28, 28, 544, 3, 28, 196, 138 }, // U+25A1
    { 27, 28, 449, 0, 25, 189, 334 }, // U+25C6
    { 37, 37, 626, 1, 32, 343, 523 }, // U+25C7
    { 30, 29, 544, 2, 28, 218, 866 }, // U+25CB
    { 30, 29, 544, 2, 28, 218, 1084 }, // U+25CF
    { 33, 32, 623, 3, 31, 264, 1302 }, // U+2605
    { 33, 32, 623, 3, 31, 264, 1566 }, // U+2606
    { 34, 29, 609, 2, 28, 247, 1830 }, // U+2661
    { 34, 29, 609, 2, 28, 247, 2077 }, // U+2665
    { 21, 32, 365, 1, 31, 168, 2324 }, // U+2713
    { 19, 19, 527, 7, 22, 91, 2492 }, // U+2717
    { 36, 39, 359, -7, 29, 351, 0 }, // U+FB00
    { 29, 39, 346, -7, 29, 283, 351 }, // U+FB01
    { 29, 39, 350, -7, 29, 283, 634 }, // U+FB02
    { 40, 39, 518, -7, 29, 390, 917 }, // U+FB03
    { 40, 39, 523, -7, 29, 390, 1307 }, // U+FB04
    { 31, 38, 395, -6, 29, 295, 1697 }, // U+FB05
    { 32, 30, 499, 0, 29, 240, 1992 }, // U+FB06
    { 35, 35, 600, 1, 29, 307, 0 }, // U+FFFD
};

static const EpdUnicodeInterval sourceserif_18_italicIntervals[] = {
    { 0x0, 0x0, 0x0 },
    { 0xD, 0xD, 0x1 },
    { 0x20, 0x7E, 0x2 },
    { 0xA0, 0x17F, 0x61 },
    { 0x1A0, 0x1A1, 0x141 },
    { 0x1AF, 0x1B0, 0x143 },
    { 0x1C4, 0x21F, 0x145 },
    { 0x300, 0x36F, 0x1A1 },
    { 0x400, 0x4FF, 0x211 },
    { 0x1EA0, 0x1EF9, 0x311 },
    { 0x2000, 0x2064, 0x36B },
    { 0x2066, 0x2071, 0x3D0 },
    { 0x2074, 0x208E, 0x3DC },
    { 0x2090, 0x209C, 0x3F7 },
    { 0x20A0, 0x20BF, 0x404 },
    { 0x2190, 0x2194, 0x424 },
    { 0x2196, 0x2199, 0x429 },
    { 0x2202, 0x2202, 0x42D },
    { 0x2206, 0x2206, 0x42E },
    { 0x220F, 0x220F, 0x42F },
    { 0x2211, 0x2212, 0x430 },
    { 0x2215, 0x2215, 0x432 },
    { 0x2219, 0x221A, 0x433 },
    { 0x221E, 0x221E, 0x435 },
    { 0x222B, 0x222B, 0x436 },
    { 0x2248, 0x2248, 0x437 },
    { 0x2260, 0x2260, 0x438 },
    { 0x2264, 0x2265, 0x439 },
    { 0x25A0, 0x25A1, 0x43B },
    { 0x25C6, 0x25C7, 0x43D },
    { 0x25CB, 0x25CB, 0x43F },
    { 0x25CF, 0x25CF, 0x440 },
    { 0x2605, 0x2606, 0x441 },
    { 0x2661, 0x2661, 0x443 },
    { 0x2665, 0x2665, 0x444 },
    { 0x2713, 0x2713, 0x445 },
    { 0x2717, 0x2717, 0x446 },
    { 0xFB00, 0xFB06, 0x447 },
    { 0xFFFD, 0xFFFD, 0x44E },
};

static const EpdFontGroup sourceserif_18_italicGroups[] = {
    { 0, 5076, 12094, 97, 0 },
    { 5076, 4186, 14224, 96, 97 },
    { 9262, 5684, 23204, 128, 193 },
    { 14946, 5985, 21975, 96, 321 },
    { 20931, 1744, 3043, 112, 417 },
    { 22675, 15968, 48225, 256, 529 },
    { 38643, 2760, 17834, 90, 785 },
    { 41403, 2935, 7675, 111, 875 },
    { 44338, 994, 2265, 42, 986 },
    { 45332, 2744, 5586, 32, 1028 },
    { 48076, 516, 1220, 9, 1060 },
    { 48592, 657, 1785, 14, 1069 },
    { 49249, 804, 2749, 12, 1083 },
    { 50053, 814, 2299, 7, 1095 },
    { 50867, 152, 315, 1, 1102 },
};

static const uint16_t sourceserif_18_italicKernLeftCodepoints[] = {
    0x0022, 0x0023, 0x0026, 0x0027, 0x0028, 0x0029, 0x002A, 0x002B, 0x002C, 0x002D, 0x002E, 0x002F,
    0x0030, 0x0031, 0x0032, 0x0033, 0x0034, 0x0035, 0x0036, 0x0037, 0x0038, 0x0039, 0x003A, 0x003B,
    0x003D, 0x003E, 0x003F, 0x0040, 0x0041, 0x0042, 0x0043, 0x0044, 0x0045, 0x0046, 0x0047, 0x0048,
    0x0049, 0x004A, 0x004B, 0x004C, 0x004D, 0x004E, 0x004F, 0x0050, 0x0051, 0x0052, 0x0053, 0x0054,
    0x0055, 0x0056, 0x0057, 0x0058, 0x0059, 0x005A, 0x005B, 0x005C, 0x005D, 0x005F, 0x0061, 0x0062,
    0x0063, 0x0064, 0x0065, 0x0066, 0x0067, 0x0068, 0x0069, 0x006A, 0x006B, 0x006C, 0x006D, 0x006E,
    0x006F, 0x0070, 0x0071, 0x0072, 0x0073, 0x0074, 0x0075, 0x0076, 0x0077, 0x0078, 0x0079, 0x007A,
    0x007B, 0x007C, 0x007D, 0x007E, 0x00C0, 0x00C1, 0x00C2, 0x00C3, 0x00C4, 0x00C5, 0x00C7, 0x00C8,
    0x00C9, 0x00CA, 0x00CB, 0x00CC, 0x00CD, 0x00CE, 0x00CF, 0x00D1, 0x00D2, 0x00D3, 0x00D4, 0x00D5,
    0x00D6, 0x00D9, 0x00DA, 0x00DB, 0x00DC, 0x00DD, 0x00E0, 0x00E1, 0x00E2, 0x00E3, 0x00E4, 0x00E5,
    0x00E7, 0x00E8, 0x00E9, 0x00EA, 0x00EB, 0x00EC, 0x00ED, 0x00EE, 0x00EF, 0x00F1, 0x00F2, 0x00F3,
    0x00F4, 0x00F5, 0x00F6, 0x00F9, 0x00FA, 0x00FB, 0x00FC, 0x00FD, 0x00FF, 0x0100, 0x0101, 0x0102,
    0x0103, 0x0104, 0x0105, 0x0106, 0x0107, 0x0108, 0x0109, 0x010A, 0x010B, 0x010C, 0x010D, 0x010E,
    0x010F, 0x0110, 0x0111, 0x0112, 0x0113, 0x0114, 0x0115, 0x0116, 0x0117, 0x0118, 0x0119, 0x011A,
    0x011B, 0x011C, 0x011D, 0x011E, 0x011F, 0x0120, 0x0121, 0x0122, 0x0123, 0x0124, 0x0125, 0x0128,
    0x0129, 0x012A, 0x012B, 0x012C, 0x012D, 0x012E, 0x012F, 0x0130, 0x0131, 0x0134, 0x0135, 0x0136,
    0x0137, 0x0139, 0x013A, 0x013B, 0x013C, 0x013D, 0x013E, 0x0141, 0x0142, 0x0143, 0x0144, 0x0145,
    0x0146, 0x0147, 0x0148, 0x014C, 0x014D, 0x014E, 0x014F, 0x0150, 0x0151, 0x0154, 0x0155, 0x0156,
    0x0157, 0x0158, 0x0159, 0x015A, 0x015B, 0x015C, 0x015D, 0x015E, 0x015F, 0x0160, 0x0161, 0x0162,
    0x0163, 0x0164, 0x0165, 0x0168, 0x0169, 0x016A, 0x016B, 0x016C, 0x016D, 0x016E, 0x016F, 0x0170,
    0x0171, 0x0172, 0x0173, 0x0174, 0x0175, 0x0176, 0x0177, 0x0178, 0x0179, 0x017A, 0x017B, 0x017C,
    0x017D, 0x017E, 0x01A0, 0x01A1, 0x01AF, 0x01B0, 0x01CD, 0x01CE, 0x01CF, 0x01D0, 0x01D1, 0x01D2,
    0x01D3, 0x01D4, 0x01D5, 0x01D6, 0x01D7, 0x01D8, 0x01D9, 0x01DA, 0x01DB, 0x01DC, 0x01DE, 0x01DF,
    0x01E0, 0x01E1, 0x01E6, 0x01E7, 0x01E8, 0x01E9, 0x01EA, 0x01EB, 0x01EC, 0x01ED, 0x01F0, 0x01F4,
    0x01F5, 0x01F8, 0x01F9, 0x01FA, 0x01FB, 0x0200, 0x0201, 0x0202, 0x0203, 0x0204, 0x0205, 0x0206,
    0x0207, 0x0208, 0x0209, 0x020A, 0x020B, 0x020C, 0x020D, 0x020E, 0x020F, 0x0210, 0x0211, 0x0212,
    0x0213, 0x0214, 0x0215, 0x0216, 0x0217, 0x0218, 0x0219, 0x021A, 0x021B, 0x021E, 0x021F, 0x1EA0,
    0x1EA1, 0x1EA2, 0x1EA3, 0x1EA4, 0x1EA5, 0x1EA6, 0x1EA7, 0x1EA8, 0x1EA9, 0x1EAA, 0x1EAB, 0x1EAC,
    0x1EAD, 0x1EAE, 0x1EAF, 0x1EB0, 0x1EB1, 0x1EB2, 0x1EB3, 0x1EB4, 0x1EB5, 0x1EB6, 0x1EB7, 0x1EB8,
    0x1EB9, 0x1EBA, 0x1EBB, 0x1EBC, 0x1EBD, 0x1EBE, 0x1EBF, 0x1EC0, 0x1EC1, 0x1EC2, 0x1EC3, 0x1EC4,
    0x1EC5, 0x1EC6, 0x1EC7, 0x1EC8, 0x1EC9, 0x1ECA, 0x1ECB, 0x1ECC, 0x1ECD, 0x1ECE, 0x1ECF, 0x1ED0,
    0x1ED1, 0x1ED2, 0x1ED3, 0x1ED4, 0x1ED5, 0x1ED6, 0x1ED7, 0x1ED8, 0x1ED9, 0x1EDA, 0x1EDB, 0x1EDC,
    0x1EDD, 0x1EDE, 0x1EDF, 0x1EE0, 0x1EE1, 0x1EE2, 0x1EE3, 0x1EE4, 0x1EE5, 0x1EE6, 0x1EE7, 0x1EE8,
    0x1EE9, 0x1EEA, 0x1EEB, 0x1EEC, 0x1EED, 0x1EEE, 0x1EEF, 0x1EF0, 0x1EF1, 0x1EF2, 0x1EF3, 0x1EF4,
    0x1EF5, 0x1EF6, 0x1EF7, 0x1EF8, 0x1EF9,
};

static const uint8_t sourceserif_18_italicKernLeftClassIds[] = {
      1,   2,   3,   1,   4,   5,   6,   7,   8,   9,   8,  10,  11,  12,  13,  14,
     15,  16,  17,  18,  14,  19,  20,  20,  21,   7,  22,  23,  24,  25,  26,  27,
     28,  29,  30,  31,  31,  32,  33,  34,  31,  35,  36,  37,  36,  38,  39,  40,
     41,  42,  43,  44,  45,  46,   4,  47,   5,  48,  49,  50,  51,  52,  53,  54,
     55,  56,  57,  58,  59,  52,  56,  56,  60,  50,  61,  62,  63,  64,  65,  66,
     66,  67,  66,  68,   4,  69,   5,   7,  24,  24,  24,  24,  24,  24,  26,  28,
     28,  28,  28,  31,  31,  31,  31,  35,  36,  36,  36,  36,  36,  41,  41,  41,
     41,  45,  49,  49,  49,  49,  49,  49,  51,  53,  53,  53,  53,  57,  57,  57,
     57,  56,  60,  60,  60,  60,  60,  65,  65,  65,  65,  66,  66,  24,  49,  24,
     49,  24,  49,  26,  51,  26,  51,  26,  51,  26,  51,  27,  52,  27,  52,  28,
     53,  28,  53,  28,  53,  28,  53,  28,  53,  30,  55,  30,  55,  30,  55,  30,
     55,  31,  56,  31,  57,  31,  57,  31,  57,  31,  57,  31,  57,  32,  58,  33,
     59,  34,  52,  34,  52,  34,  52,  34,  52,  35,  56,  35,  56,  35,  56,  36,
     60,  36,  60,  36,  60,  38,  62,  38,  62,  38,  62,  39,  63,  39,  63,  39,
     63,  39,  63,  40,  64,  40,  64,  41,  65,  41,  65,  41,  65,  41,  65,  41,
     65,  41,  65,  43,  66,  45,  66,  45,  46,  68,  46,  68,  46,  68,  36,  60,
     41,  65,  24,  49,  31,  57,  36,  60,  41,  65,  41,  65,  41,  65,  41,  65,
     41,  65,  24,  49,  24,  49,  30,  55,  33,  59,  36,  60,  36,  60,  58,  30,
     55,  35,  56,  24,  49,  24,  49,  24,  49,  28,  53,  28,  53,  31,  57,  31,
     57,  36,  60,  36,  60,  38,  62,  38,  62,  41,  65,  41,  65,  39,  63,  40,
     64,  31,  56,  24,  49,  24,  49,  24,  49,  24,  49,  24,  49,  24,  49,  24,
     49,  24,  49,  24,  49,  24,  49,  24,  49,  24,  49,  28,  53,  28,  53,  28,
     53,  28,  53,  28,  53,  28,  53,  28,  53,  28,  53,  31,  57,  31,  57,  36,
     60,  36,  60,  36,  60,  36,  60,  36,  60,  36,  60,  36,  60,  36,  60,  36,
     60,  36,  60,  36,  60,  36,  60,  41,  65,  41,  65,  41,  65,  41,  65,  41,
     65,  41,  65,  41,  65,  45,  66,  45,  66,  45,  66,  45,  66,
};

static const uint16_t sourceserif_18_italicKernRightCodepoints[] = {
    0x0021, 0x0022, 0x0023, 0x0025, 0x0027, 0x0028, 0x0029, 0x002A, 0x002B, 0x002C, 0x002D, 0x002E,
    0x002F, 0x0030, 0x0031, 0x0032, 0x0033, 0x0034, 0x0035, 0x0036, 0x0037, 0x0038, 0x0039, 0x003A,
    0x003B, 0x003C, 0x003D, 0x003F, 0x0040, 0x0041, 0x0042, 0x0043, 0x0044, 0x0045, 0x0046, 0x0047,
    0x0048, 0x0049, 0x004A, 0x004B, 0x004C, 0x004D, 0x004E, 0x004F, 0x0050, 0x0051, 0x0052, 0x0053,
    0x0054, 0x0055, 0x0056, 0x0057, 0x0058, 0x0059, 0x005A, 0x005B, 0x005C, 0x005D, 0x005F, 0x0061,
    0x0062, 0x0063, 0x0064, 0x0065, 0x0066, 0x0067, 0x0068, 0x0069, 0x006A, 0x006B, 0x006C, 0x006D,
    0x006E, 0x006F, 0x0070, 0x0071, 0x0072, 0x0073, 0x0074, 0x0075, 0x0076, 0x0077, 0x0078, 0x0079,
    0x007A, 0x007B, 0x007C, 0x007D, 0x007E, 0x00C0, 0x00C1, 0x00C2, 0x00C3, 0x00C4, 0x00C5, 0x00C7,
    0x00C8, 0x00C9, 0x00CA, 0x00CB, 0x00CC, 0x00CD, 0x00CE, 0x00CF, 0x00D1, 0x00D2, 0x00D3, 0x00D4,
    0x00D5, 0x00D6, 0x00D9, 0x00DA, 0x00DB, 0x00DC, 0x00DD, 0x00E0, 0x00E1, 0x00E2, 0x00E3, 0x00E4,
    0x00E5, 0x00E7, 0x00E8, 0x00E9, 0x00EA, 0x00EB, 0x00EC, 0x00ED, 0x00EE, 0x00EF, 0x00F1, 0x00F2,
    0x00F3, 0x00F4, 0x00F5, 0x00F6, 0x00F9, 0x00FA, 0x00FB, 0x00FC, 0x00FD, 0x00FF, 0x0100, 0x0101,
    0x0102, 0x0103, 0x0104, 0x0105, 0x0106, 0x0107, 0x0108, 0x0109, 0x010A, 0x010B, 0x010C, 0x010D,
    0x010E, 0x010F, 0x0110, 0x0111, 0x0112, 0x0113, 0x0114, 0x0115, 0x0116, 0x0117, 0x0118, 0x0119,
    0x011A, 0x011B, 0x011C, 0x011D, 0x011E, 0x011F, 0x0120, 0x0121, 0x0122, 0x0123, 0x0124, 0x0125,
    0x0128, 0x0129, 0x012A, 0x012B, 0x012C, 0x012D, 0x012E, 0x012F, 0x0130, 0x0131, 0x0134, 0x0135,
    0x0136, 0x0137, 0x0139, 0x013A, 0x013B, 0x013C, 0x013D, 0x013E, 0x0141, 0x0142, 0x0143, 0x0144,
    0x0145, 0x0146, 0x0147, 0x0148, 0x014C, 0x014D, 0x014E, 0x014F, 0x0150, 0x0151, 0x0154, 0x0155,
    0x0156, 0x0157, 0x0158, 0x0159, 0x015A, 0x015B, 0x015C, 0x015D, 0x015E, 0x015F, 0x0160, 0x0161,
    0x0162, 0x0163, 0x0164, 0x0165, 0x0168, 0x0169, 0x016A, 0x016B, 0x016C, 0x016D, 0x016E, 0x016F,
    0x0170, 0x0171, 0x0172, 0x0173, 0x0174, 0x0175, 0x0176, 0x0177, 0x0178, 0x0179, 0x017A, 0x017B,
    0x017C, 0x017D, 0x017E, 0x01A0, 0x01A1, 0x01AF, 0x01B0, 0x01CD, 0x01CE, 0x01CF, 0x01D0, 0x01D1,
    0x01D2, 0x01D3, 0x01D4, 0x01D5, 0x01D6, 0x01D7, 0x01D8, 0x01D9, 0x01DA, 0x01DB, 0x01DC, 0x01DE,
    0x01DF, 0x01E0, 0x01E1, 0x01E6, 0x01E7, 0x01E8, 0x01E9, 0x01EA, 0x01EB, 0x01EC, 0x01ED, 0x01F0,
    0x01F4, 0x01F5, 0x01F8, 0x01F9, 0x01FA, 0x01FB, 0x0200, 0x0201, 0x0202, 0x0203, 0x0204, 0x0205,
    0x0206, 0x0207, 0x0208, 0x0209, 0x020A, 0x020B, 0x020C, 0x020D, 0x020E, 0x020F, 0x0210, 0x0211,
    0x0212, 0x0213, 0x0214, 0x0215, 0x0216, 0x0217, 0x0218, 0x0219, 0x021A, 0x021B, 0x021E, 0x021F,
    0x1EA0, 0x1EA1, 0x1EA2, 0x1EA3, 0x1EA4, 0x1EA5, 0x1EA6, 0x1EA7, 0x1EA8, 0x1EA9, 0x1EAA, 0x1EAB,
    0x1EAC, 0x1EAD, 0x1EAE, 0x1EAF, 0x1EB0, 0x1EB1, 0x1EB2, 0x1EB3, 0x1EB4, 0x1EB5, 0x1EB6, 0x1EB7,
    0x1EB8, 0x1EB9, 0x1EBA, 0x1EBB, 0x1EBC, 0x1EBD, 0x1EBE, 0x1EBF, 0x1EC0, 0x1EC1, 0x1EC2, 0x1EC3,
    0x1EC4, 0x1EC5, 0x1EC6, 0x1EC7, 0x1EC8, 0x1EC9, 0x1ECA, 0x1ECB, 0x1ECC, 0x1ECD, 0x1ECE, 0x1ECF,
    0x1ED0, 0x1ED1, 0x1ED2, 0x1ED3, 0x1ED4, 0x1ED5, 0x1ED6, 0x1ED7, 0x1ED8, 0x1ED9, 0x1EDA, 0x1EDB,
    0x1EDC, 0x1EDD, 0x1EDE, 0x1EDF, 0x1EE0, 0x1EE1, 0x1EE2, 0x1EE3, 0x1EE4, 0x1EE5, 0x1EE6, 0x1EE7,
    0x1EE8, 0x1EE9, 0x1EEA, 0x1EEB, 0x1EEC, 0x1EED, 0x1EEE, 0x1EEF, 0x1EF0, 0x1EF1, 0x1EF2, 0x1EF3,
    0x1EF4, 0x1EF5, 0x1EF6, 0x1EF7, 0x1EF8, 0x1EF9,
};

static const uint8_t sourceserif_18_italicKernRightClassIds[] = {
      1,   2,   3,   4,   2,   5,   6,   7,   8,   9,  10,   9,  11,  12,  13,  14,
     15,  16,  17,  18,  19,  20,  21,  22,  22,   8,  23,  24,  25,  26,  27,  28,
     27,  27,  27,  28,  27,  27,  29,  27,  27,  30,  30,  28,  27,  28,  27,  31,
     32,  33,  34,  35,  36,  37,  38,   5,  39,   6,  40,  41,  42,  43,  41,  43,
     44,  45,  42,  46,  47,  42,  42,  48,  48,  43,  49,  41,  48,  50,  51,  52,
     53,  53,  54,  55,  56,   5,  57,   6,   8,  26,  26,  26,  26,  26,  26,  28,
     27,  27,  27,  27,  27,  27,  27,  27,  30,  28,  28,  28,  28,  28,  33,  33,
     33,  33,  37,  41,  41,  41,  41,  41,  41,  43,  43,  43,  43,  43,  46,  46,
     46,  46,  48,  43,  43,  43,  43,  43,  52,  52,  52,  52,  55,  55,  26,  41,
     26,  41,  26,  41,  28,  43,  28,  43,  28,  43,  28,  43,  27,  41,  27,  41,
     27,  43,  27,  43,  27,  43,  27,  43,  27,  43,  28,  45,  28,  45,  28,  45,
     28,  45,  27,  42,  27,  46,  27,  46,  27,  46,  27,  46,  27,  46,  29,  47,
     27,  42,  27,  42,  27,  42,  27,  42,  27,  42,  30,  48,  30,  48,  30,  48,
     28,  43,  28,  43,  28,  43,  27,  48,  27,  48,  27,  48,  31,  50,  31,  50,
     31,  50,  31,  50,  32,  51,  32,  51,  33,  52,  33,  52,  33,  52,  33,  52,
     33,  52,  33,  52,  35,  53,  37,  55,  37,  38,  56,  38,  56,  38,  56,  28,
     43,  33,  52,  26,  41,  27,  46,  28,  43,  33,  52,  33,  52,  33,  52,  33,
     52,  33,  52,  26,  41,  26,  41,  28,  45,  27,  42,  28,  43,  28,  43,  47,
     28,  45,  30,  48,  26,  41,  26,  41,  26,  41,  27,  43,  27,  43,  27,  46,
     27,  46,  28,  43,  28,  43,  27,  48,  27,  48,  33,  52,  33,  52,  31,  50,
     32,  51,  27,  42,  26,  41,  26,  41,  26,  41,  26,  41,  26,  41,  26,  41,
     26,  41,  26,  41,  26,  41,  26,  41,  26,  41,  26,  41,  27,  43,  27,  43,
     27,  43,  27,  43,  27,  43,  27,  43,  27,  43,  27,  43,  27,  46,  27,  46,
     28,  43,  28,  43,  28,  43,  28,  43,  28,  43,  28,  43,  28,  43,  28,  43,
     28,  43,  28,  43,  28,  43,  28,  43,  33,  52,  33,  52,  33,  52,  33,  52,
     33,  52,  33,  52,  33,  52,  37,  55,  37,  55,  37,  55,  37,  55,
};

static const uint16_t sourceserif_18_italicKernRowOffsets[] = {
        0,    20,    23,    35,    62,    64,    73,    79,   117,   143,   173,   190,   213,   233,   253,   263,
      276,   287,   310,   328,   347,   352,   355,   359,   403,   446,   464,   499,   527,   571,   603,   628,
      662,   701,   733,   766,   801,   842,   881,   920,   955,   988,  1030,  1064,  1097,  1130,  1140,  1163,
     1189,  1208,  1232,  1254,  1272,  1292,  1337,  1358,  1380,  1403,  1420,  1441,  1463,  1484,  1508,  1532,
     1550,  1575,  1602,  1621,  1643,  1648,
};

static const uint8_t sourceserif_18_italicKernSparseCols[] = {
      4,   8,  10,  15,  16,  25,  28,  29,  31,  33,  34,  40,  42,  43,  44,  46,
     49,  53,  54,  55,  20,  27,  30,  25,  32,  33,  35,  36,  40,  41,  42,  43,
     44,  49,  53,   2,   4,   9,  11,  13,  14,  15,  16,  20,  21,  25,  27,  28,
     30,  36,  40,  42,  43,  45,  47,  48,  49,  51,  52,  53,  54,  55,   5,   8,
      8,  25,  27,  28,  33,  34,  36,  37,  40,  12,  13,  14,  16,  18,  20,   1,
      4,   5,   6,   8,   9,  10,  11,  12,  13,  14,  15,  16,  18,  20,  27,  28,
     31,  32,  33,  34,  36,  38,  40,  41,  42,  43,  45,  46,  47,  48,  49,  50,
     51,  52,  53,  54,  55,   5,   8,  10,  12,  13,  14,  15,  16,  18,  20,  25,
     27,  28,  29,  30,  31,  32,  33,  34,  35,  36,  37,  38,  52,  53,  55,   4,
      8,   9,  10,  13,  14,  15,  16,  18,  20,  21,  25,  31,  33,  34,  36,  38,
     40,  41,  42,  44,  47,  48,  49,  50,  51,  52,  53,  54,  55,   5,   8,  10,
     13,  14,  16,  18,  19,  20,  25,  27,  30,  33,  34,  35,  36,  39,   1,   3,
      6,   7,   8,   9,  12,  13,  14,  15,  16,  17,  18,  19,  20,  21,  22,  25,
     31,  32,  33,  34,  36,   5,   8,   9,  12,  13,  14,  15,  16,  17,  18,  19,
     20,  24,  27,  28,  32,  33,  34,  36,  38,   5,   6,   8,  10,  12,  13,  14,
     16,  17,  18,  19,  20,  26,  32,  33,  34,  35,  36,  38,  39,  13,  14,  16,
     18,  20,  27,  32,  33,  36,  39,   8,  10,  11,  12,  13,  14,  16,  17,  18,
     19,  20,  36,  39,  13,  14,  16,  17,  18,  19,  20,  26,  27,  29,  35,   2,
      7,   8,   9,  10,  13,  14,  15,  16,  17,  18,  19,  20,  21,  24,  25,  28,
     33,  34,  35,  36,  38,  39,   5,   8,  10,  12,  13,  14,  15,  16,  18,  20,
     25,  26,  27,  32,  33,  35,  36,  39,  12,  18,  28,  32,  33,  34,  36,  38,
     40,  41,  42,  44,  46,  49,  50,  52,  53,  54,  55,  12,  13,  14,  15,  18,
      5,   8,  10,  27,  30,  35,  36,   1,   5,   6,   9,  11,  13,  14,  15,  16,
     17,  18,  19,  20,  23,  25,  26,  27,  28,  30,  31,  32,  33,  34,  35,  36,
     37,  38,  39,  40,  41,  42,  43,  44,  45,  46,  47,  48,  49,  50,  51,  52,
     53,  54,  55,   1,   5,   6,   8,   9,  10,  12,  13,  14,  16,  17,  18,  19,
     20,  25,  26,  27,  28,  29,  30,  31,  32,  33,  34,  35,  36,  37,  38,  39,
     41,  42,  43,  45,  46,  47,  48,  49,  50,  51,  52,  53,  54,  55,   5,  21,
     25,  27,  28,  32,  33,  34,  35,  36,  39,  48,  49,  51,  52,  53,  54,  55,
      1,   5,   6,   8,   9,  10,  11,  12,  13,  14,  15,  16,  18,  19,  24,  25,
     26,  27,  28,  29,  31,  32,  33,  34,  35,  36,  37,  38,  39,  41,  43,  49,
     52,  53,  54,   1,  14,  18,  26,  27,  28,  29,  31,  32,  33,  34,  35,  36,
     37,  40,  41,  42,  43,  44,  46,  47,  48,  49,  51,  52,  53,  54,  55,   5,
      6,   8,   9,  10,  11,  12,  13,  14,  15,  16,  17,  18,  19,  21,  25,  26,
     27,  28,  29,  31,  32,  33,  34,  35,  36,  37,  38,  39,  40,  42,  43,  44,
     45,  46,  47,  48,  49,  50,  51,  52,  53,  54,  55,   1,   4,   5,   6,   8,
      9,  12,  13,  14,  18,  19,  24,  25,  26,  27,  28,  29,  31,  32,  33,  34,
     35,  36,  37,  38,  39,  40,  42,  49,  52,  53,  54,  12,  13,  14,  15,  16,
     17,  19,  20,  27,  30,  40,  42,  43,  44,  45,  46,  47,  48,  49,  50,  51,
     52,  53,  54,  55,   8,  10,  11,  12,  13,  14,  15,  16,  17,  19,  20,  21,
     25,  28,  29,  32,  33,  34,  35,  39,  40,  42,  44,  45,  46,  47,  48,  49,
     50,  51,  52,  53,  54,  55,   1,   5,   6,   9,  11,  13,  14,  15,  16,  17,
     18,  19,  20,  25,  26,  27,  28,  29,  31,  32,  33,  34,  35,  36,  37,  39,
     40,  42,  43,  45,  46,  47,  48,  49,  50,  51,  52,  53,  54,   1,   5,   6,
     12,  13,  14,  15,  16,  18,  20,  25,  26,  27,  28,  29,  30,  31,  32,  33,
     34,  35,  36,  37,  38,  43,  45,  49,  50,  51,  52,  53,  54,   8,  10,  11,
     12,  13,  14,  15,  16,  17,  20,  24,  25,  26,  28,  32,  35,  37,  39,  40,
     42,  43,  44,  45,  46,  47,  48,  49,  50,  51,  52,  53,  54,  55,   0,   1,
      5,   6,   8,   9,  11,  13,  14,  15,  17,  20,  24,  25,  26,  27,  28,  29,
     31,  32,  33,  34,  35,  36,  39,  40,  45,  46,  47,  48,  50,  51,  52,  53,
     54,   5,   6,   8,  10,  12,  13,  14,  15,  16,  17,  21,  23,  25,  26,  27,
     28,  29,  30,  31,  32,  33,  34,  35,  36,  37,  39,  40,  42,  43,  44,  45,
     46,  47,  48,  49,  50,  51,  52,  53,  54,  55,   1,   5,   6,   9,  11,  14,
     15,  16,  17,  18,  20,  23,  25,  26,  27,  28,  29,  30,  31,  32,  33,  34,
     35,  36,  38,  39,  40,  41,  42,  43,  45,  46,  47,  48,  49,  50,  51,  52,
     54,   1,   5,   9,  11,  12,  13,  14,  15,  17,  18,  19,  20,  25,  26,  27,
     29,  30,  31,  32,  33,  34,  35,  36,  37,  39,  41,  42,  43,  45,  46,  47,
     48,  49,  50,  51,  52,  53,  54,  55,   1,   5,   8,   9,  10,  13,  14,  15,
     16,  17,  18,  24,  25,  28,  29,  31,  33,  34,  35,  36,  37,  39,  40,  42,
     44,  45,  46,  47,  48,  49,  51,  52,  53,  54,  55,   8,  10,  12,  13,  14,
     15,  16,  17,  20,  21,  23,  25,  28,  29,  33,  34,  35,  39,  40,  42,  43,
     44,  45,  46,  47,  48,  49,  50,  51,  52,  53,  54,  55,   1,   8,   9,  10,
     11,  12,  13,  15,  16,  17,  18,  20,  21,  24,  25,  27,  28,  29,  31,  32,
     35,  36,  37,  38,  39,  40,  41,  42,  43,  44,  45,  46,  47,  48,  49,  50,
     51,  52,  53,  54,  55,  56,   1,   8,   9,  10,  12,  13,  14,  15,  16,  17,
     19,  21,  24,  25,  28,  29,  31,  32,  35,  38,  39,  40,  42,  44,  46,  47,
     48,  49,  50,  51,  52,  53,  54,  55,   1,   6,   9,  11,  14,  15,  16,  17,
     19,  20,  27,  28,  30,  31,  32,  33,  34,  35,  36,  39,  40,  42,  43,  45,
     46,  47,  48,  49,  50,  51,  52,  53,  54,   1,   8,   9,  10,  11,  13,  14,
     15,  16,  17,  18,  21,  24,  25,  27,  28,  30,  31,  38,  39,  40,  42,  44,
     46,  47,  48,  49,  50,  51,  52,  53,  54,  55,   1,  18,  21,  28,  31,  33,
     34,  36,  52,  54,   1,   9,  11,  15,  16,  18,  20,  27,  28,  31,  32,  33,
     34,  36,  38,  41,  43,  44,  46,  48,  52,  53,  54,  11,  14,  15,  16,  18,
     20,  27,  28,  30,  31,  32,  33,  34,  36,  40,  41,  42,  43,  45,  47,  49,
     50,  51,  52,  53,  54,   1,   8,  10,  21,  25,  27,  28,  30,  31,  32,  33,
     34,  35,  36,  37,  49,  50,  52,  54,   1,   5,   6,   8,   9,  23,  25,  27,
     28,  31,  33,  34,  35,  36,  39,  40,  41,  42,  44,  49,  52,  53,  54,  55,
      1,  25,  26,  27,  29,  30,  31,  32,  33,  34,  36,  40,  41,  42,  43,  44,
     48,  49,  52,  53,  54,  55,   1,   8,  25,  26,  27,  30,  31,  32,  35,  36,
     37,  38,  42,  49,  50,  51,  52,  54,   1,   6,   9,  25,  27,  31,  32,  33,
     34,  35,  36,  40,  41,  42,  44,  49,  52,  53,  54,  55,   0,   1,   5,   6,
      8,   9,  11,  12,  13,  14,  15,  16,  18,  19,  20,  23,  25,  26,  27,  28,
     29,  30,  31,  32,  33,  34,  35,  36,  37,  38,  39,  40,  41,  42,  43,  44,
     45,  46,  47,  49,  52,  53,  54,  55,  56,   6,   8,  10,  27,  28,  30,  31,
     32,  33,  34,  36,  37,  39,  40,  41,  42,  43,  44,  49,  53,  55,   0,   1,
      6,   8,   9,  23,  25,  30,  31,  32,  33,  34,  36,  37,  38,  41,  43,  49,
     50,  52,  54,  55,   1,   6,   8,   9,  10,  21,  25,  26,  27,  28,  29,  30,
     32,  33,  34,  35,  37,  39,  46,  52,  53,  54,  56,   9,  26,  27,  28,  29,
     30,  33,  34,  36,  40,  41,  42,  43,  44,  49,  52,  53,   1,   8,  10,  26,
     28,  31,  32,  33,  34,  36,  37,  38,  39,  40,  41,  42,  43,  49,  52,  53,
     54,   1,   6,   9,  10,  23,  25,  27,  31,  32,  33,  34,  35,  36,  38,  41,
     43,  44,  49,  52,  53,  54,  55,   9,  26,  27,  28,  30,  31,  32,  33,  34,
     36,  40,  41,  42,  45,  46,  47,  49,  52,  53,  54,  55,   8,  10,  23,  25,
     26,  27,  28,  29,  31,  32,  33,  34,  35,  36,  38,  39,  40,  41,  42,  44,
     49,  53,  54,  55,   1,   6,   8,   9,  10,  23,  25,  27,  29,  30,  31,  32,
     33,  34,  36,  37,  39,  41,  42,  44,  49,  52,  53,  54,   0,   1,  10,  23,
     27,  28,  30,  37,  40,  41,  42,  43,  44,  47,  49,  53,  55,  56,   0,   1,
      6,   8,   9,  10,  21,  25,  27,  29,  30,  31,  32,  33,  34,  36,  37,  38,
     39,  41,  42,  49,  52,  53,  54,   1,   5,   8,   9,  25,  27,  28,  29,  30,
     31,  32,  33,  34,  35,  36,  37,  38,  39,  40,  41,  42,  44,  49,  52,  53,
     54,  55,  10,  25,  27,  28,  30,  31,  33,  34,  35,  36,  37,  40,  41,  42,
     43,  44,  49,  52,  54,   1,   6,   8,  27,  29,  30,  31,  33,  34,  35,  36,
     40,  41,  43,  44,  45,  49,  51,  52,  53,  54,  55,  28,  43,  46,  48,  54,
};

static const int8_t sourceserif_18_italicKernSparseValues[] = {
      -1,  -47,  -36,  -32,  -12,  -44,  -10,   -1,   11,    5,    5,  -19,  -13,   -1,  -12,   -1,
     -13,   -2,   -1,   -1,    1,   14,    1,  -11,  -11,  -11,  -22,   -7,  -17,   -7,  -12,   10,
     -10,   -1,   -1,   -9,  -37,  -22,  -10,  -12,  -12,  -18,  -12,   -5,  -21,  -11,  -11,    2,
      -5,    5,  -16,  -11,   45,   -1,   -2,    5,  -16,  -16,  -18,  -11,    2,   -9,  -37,  -22,
      -2,  -33,    9,   -5,    9,    9,    9,    1,   -1,  -21,  -23,  -19,  -12,  -34,   -5,  -48,
     -28,  -28,  -77,  -23,  -27,   27,  -18,  -22,  -17,  -15,  -41,  -15,  -17,  -41,  -29,    1,
     -39,  -41,  -52,  -50,  -45,  -76,  -18,  -23,  -24,   11,  -33,  -14,  -23,   -1,  -17,  -23,
     -33,  -44,  -13,  -25,  -12,  -22,  -15,  -15,  -23,  -25,  -14,    6,  -14,  -40,  -10,   -1,
      11,  -13,   -1,   -1,  -21,   -1,  -20,  -14,  -29,  -31,   -1,  -21,   -1,   -2,   -1,   -4,
     -71,  -34,  -49,   -1,   -1,  -27,   -2,    9,   -5,   -2,  -38,    5,   22,   23,   18,  -17,
     -28,   14,  -23,  -22,  -15,  -10,  -36,   -1,  -10,   -2,  -27,   -1,  -11,  -12,  -15,   -1,
      -1,   -2,   -1,  -10,   -1,   -5,    3,    5,    1,   -1,   -1,   -5,   -1,  -22,  -23,  -20,
     -26,  -16,    1,  -20,   -1,   -7,  -11,  -17,   -8,  -10,   -5,   -8,  -10,  -11,  -14,    5,
      -1,   -7,   -7,   -2,   -7,   -1,   -7,  -21,   -1,  -16,  -17,  -19,  -15,  -14,  -11,  -10,
     -10,   -1,    1,    1,   -7,   -1,   -7,   -7,   -1,  -12,   -7,  -15,  -14,  -12,  -14,  -15,
     -15,  -10,  -17,  -10,  -10,   -7,   -7,   -7,   -7,   -9,   -7,  -11,  -14,   -1,   -1,   -1,
      -1,   -5,    1,   -1,   -1,   -7,  -14,  -20,  -10,   -1,   -1,  -13,   -1,  -10,  -10,  -13,
      -5,  -15,   -1,  -16,  -11,   -7,   -5,   -9,   -7,   -2,  -12,    1,    1,    1,   -5,  -10,
     -11,  -77,  -32,  -39,  -10,  -10,  -25,  -23,  -17,   -1,   -5,  -10,  -13,  -23,  -30,   -1,
      11,   11,   -5,   11,   11,  -71,  -12,  -53,  -34,   -5,  -12,   -6,   -1,   -8,   -7,   -2,
     -13,   -9,    5,   -2,   -5,  -16,   -7,  -50,  -13,  -12,    1,   -1,  -10,   -7,  -28,   -1,
      -2,   -1,   -1,   -1,   -1,   -1,   -1,   -1,   -2,   -1,   -1,  -14,   -5,  -10,    5,  -17,
     -25,  -70,  -47,    5,    1,   -9,   -7,  -70,  -14,  -78,  -12,  -10,   -1,  -17,  -21,  -10,
     -18,  -17,  -14,  -13,   -1,    5,   -5,  -17,   -1,   -4,  -40,  -37,  -56,  -46,   -1,  -42,
      -5,  -41,   -5,   -2,  -17,  -16,   -8,   -1,  -20,  -15,  -13,  -17,  -13,  -22,  -22,  -40,
      -1,  -30,   -1,  -32,  -12,  -23,  -15,    1,   -9,  -11,  -14,   -7,   -1,   -8,  -14,   -7,
     -17,  -16,  -15,   -5,   -9,  -11,   -8,  -17,  -27,  -32,  -23,  -19,  -29,   -5,  -14,  -22,
     -12,   -9,  -10,   -7,   -7,  -11,   -9,  -14,  -13,  -11,  -20,   -7,  -14,  -15,    1,   14,
      -1,   -2,    4,  -12,  -10,   -7,   -1,  -11,   -9,   -5,   -1,   -5,  -11,   -1,  -10,   -1,
     -17,  -12,  -13,  -23,    1,  -13,    7,   -7,  -14,   -7,   -5,   -1,   -8,   -1,    9,  -33,
     -10,    6,   -9,  -10,  -11,  -12,  -25,  -19,  -23,  -25,   -5,  -12,  -49,   -5,    2,   -7,
       2,   -1,    2,   -1,   -1,   -1,   -5,   -2,   -1,   -2,   -1,  -15,  -11,  -11,   -7,  -10,
      -7,   -1,   -5,   -1,   -1,   -5,   -1,   -9,   -5,   -5,   -5,  -11,   -1,  -10,   -2,   -1,
      13,  -52,   -1,   -3,    5,   -1,  -10,   -9,  -16,  -14,   -5,    3,   -1,   -1,  -40,   -5,
      -7,   -3,   -8,    5,   -7,    3,    3,   -7,    3,   -1,    5,  -29,  -25,  -22,   -5,  -24,
      -1,   -3,  -12,  -16,  -29,   -5,  -12,  -11,  -27,  -10,  -17,   -2,    7,   -7,   -9,   -7,
      14,   -7,  -14,   -5,   -2,   -1,    5,   -8,   -6,    5,   -7,   -1,  -14,  -15,  -25,  -24,
     -17,  -19,   -5,   -1,  -12,   -1,    2,   -1,   -5,   -2,   -1,   -9,   -7,   -7,  -22,   -7,
     -10,   -5,  -10,   -8,   -2,  -10,  -15,  -10,  -10,   -4,   -5,  -10,  -16,  -19,  -14,  -19,
     -15,   -7,  -20,   -7,  -32,  -16,   -1,   -1,   -2,   -8,  -13,   -2,   -1,   -1,   -1,   -1,
     -25,  -11,   -1,   -5,    4,    4,   -6,  -47,  -16,  -16,  -16,   -2,   -5,  -14,  -14,  -26,
      -9,  -17,  -14,  -25,  -10,  -17,   -7,   -1,  -10,  -12,   -1,   -1,   -1,  -17,   -1,  -10,
      -1,   -1,   -5,  -25,   -1,  -22,   -1,    3,   -7,  -17,  -28,  -23,  -16,  -31,   10,   11,
      -5,   -7,   -6,   -6,   -7,  -11,   -7,   -6,  -12,  -11,  -30,   -1,  -29,  -65,  -17,  -58,
      -1,   -1,   -1,   -9,   -1,   -2,   -9,    5,  -11,  -11,  -12,   -7,  -11,  -49,  -31,  -55,
     -46,   -1,  -44,  -10,  -33,   -1,   -1,   -1,   -1,   -5,  -20,   -1,  -18,  -23,  -16,   -1,
      -6,   -9,   -7,  -13,   -8,  -11,   -1,   -7,   -9,   -1,   -1,   -1,  -14,   -1,  -38,   -7,
     -10,   -5,  -10,   -1,   -5,  -10,  -10,  -17,   -5,  -14,   -7,  -15,  -10,   -8,    5,  -17,
     -11,  -17,  -13,   13,    5,   -1,   -7,    1,    1,   -7,   10,   -7,   -8,    5,   -7,   -6,
     -10,   -7,  -14,   -9,  -22,  -13,  -22,    5,    1,    1,    1,    1,    1,    1,    1,   -3,
       1,   -7,   10,  -61,   -3,   -1,  -10,   -1,  -13,   -1,   -1,    3,   -1,  -36,  -10,    2,
      -8,   -8,    5,    5,  -16,   -8,   -8,  -23,   -8,    4,  -32,  -13,   -1,    7,   -5,    2,
       2,    1,    1,   -5,    1,    2,    8,   -8,    8,   -5,  -37,   -1,  -29,   -5,   -1,   -1,
     -15,   -1,   -5,   -5,   -5,   -1,  -11,   -1,   -7,  -17,   -1,   -1,  -16,  -29,  -36,  -26,
     -25,  -29,  -17,   13,   -1,  -10,   -5,   -1,   -5,   -5,   -5,   -5,   -5,  -11,   -5,  -17,
     -16,   -1,   -5,    1,    1,   -5,  -13,   -7,    1,   -7,   -7,   -5,   -7,   -5,   -7,    1,
      -1,   -5,   -7,   -7,   -7,   -3,  -16,   -8,   -5,   -7,   -5,   -7,   -5,   -4,   -4,   -9,
      -9,   -9,  -14,  -10,  -21,   -7,  -14,   -9,   11,   -5,  -44,  -19,  -20,   -1,   -1,  -25,
      -1,   -1,    7,   -7,  -28,   -1,   -1,    5,    9,    9,   -5,   13,   -1,  -21,  -32,  -24,
     -29,   -1,  -11,  -16,  -17,  -20,  -17,  -15,  -21,  -15,  -15,  -32,  -17,   -5,   -7,  -11,
     -19,  -11,  -11,   -1,   -1,   -1,  -14,   -1,   -7,   -5,   -5,  -19,  -28,  -20,  -15,   -5,
     -15,   -5,   -5,  -14,  -15,  -22,  -12,  -15,   -7,  -22,  -16,  -11,    7,  -55,  -15,  -25,
      -1,   -1,   -1,  -25,  -12,  -13,   13,   -1,   -7,   -7,  -47,   -7,   -2,   -1,    9,   -7,
      -7,   -5,    1,   11,  -46,  -37,    9,  -24,   -2,  -29,   -1,   -4,  -16,  -17,  -25,  -15,
     -17,  -16,  -31,  -21,  -26,    1,    5,  -34,   -5,  -24,   -1,   -1,   -1,  -19,   -1,  -10,
      -1,   -6,   -8,  -38,   -2,   -1,    9,   -5,   -7,   11,  -46,  -31,  -20,  -20,   -2,  -12,
     -17,  -29,  -10,  -16,  -12,  -23,  -11,  -14,   -1,   -5,  -23,   -1,   -1,  -17,   -1,  -13,
      -7,   -7,  -17,   -1,   -6,   -6,  -19,   -7,   -2,   -1,   -1,    2,  -11,  -17,   -1,  -11,
     -11,  -11,  -11,  -13,  -18,  -16,  -27,   -1,  -25,   10,  -38,  -17,  -25,   -1,   -1,   -7,
     -30,   -9,  -13,    9,  -20,  -10,  -26,   -7,   -1,    4,   14,   22,  -23,  -31,  -26,  -28,
      -5,  -16,  -17,  -29,  -10,  -26,  -22,  -25,  -22,  -26,   -1,   -1,    1,   -1,   -6,   -2,
      -2,   -2,  -10,  -10,  -44,  -13,  -10,  -19,  -14,  -28,  -14,  -14,   23,  -50,  -37,  -40,
     -33,  -43,  -40,   -1,   68,   13,   31,   11,  -11,   -1,   34,  -20,  -13,  -39,  -12,  -12,
     -13,  -32,    2,   -1,  -32,  -45,  -51,  -53,  -46,  -12,  -23,  -12,   16,  -23,   -8,  -23,
     -17,  -22,  -49,   -1,    5,  -28,    2,   13,    1,    1,    1,    1,    1,  -15,  -11,  -20,
     -16,    1,  -20,    1,   -2,   -2,  -11,  -10,   -8,   -3,  -14,   -1,   16,   -2,   -2,   10,
      -1,  -13,  -16,   -9,  -10,  -21,  -13,   -1,   -1,    4,   -1,   -7,   -1,   -4,   -1,   -7,
      -1,   -1,   -5,    5,   -5,    1,  -17,   -7,  -16,  -14,  -23,   -1,  -10,   -7,   -1,   -1,
      -1,   -7,    1,   -8,    1,   -7,  -13,    1,    1,    1,    1,    5,   -8,   -4,    1,   -8,
       1,    1,   -1,   -2,   -5,   -2,  -10,   -7,   -1,  -17,   11,   -1,    5,  -17,   -1,  -16,
     -12,  -14,  -19,   -5,   -6,   -1,   -1,   -1,    2,   -2,    2,   -1,   26,   36,   43,   24,
     -31,    9,   20,   22,   13,   14,   -1,   13,   35,   11,   16,   22,  -11,   15,   16,   10,
      11,   12,   30,   14,   23,   23,   13,   20,   18,   58,  -20,  -13,    2,   -4,    5,   -3,
      15,   13,    5,   -3,   -1,   -4,    5,   -2,   47,    1,    1,   27,    4,   22,   -7,   -6,
     -13,  -14,   -8,  -14,    1,    1,  -14,   -6,  -12,   13,   -4,   -9,  -10,   -8,    1,  -35,
     -35,    1,    1,    1,    6,    1,  -27,  -20,  -30,  -29,  -25,    1,   -1,   -1,   -4,   -5,
      -2,   -9,   -4,   -1,  -14,  -23,    1,    1,   13,    1,   11,    1,    5,    1,    1,    1,
      -7,   -8,   -7,    1,    5,    4,   -5,   -5,    2,   -1,   12,    1,    1,   12,   10,    1,
       3,    1,    3,    1,   -1,   -1,   -1,    7,   -1,   -4,   -1,   -4,   -8,    1,   23,    1,
       1,   -8,   -7,  -16,   -1,  -14,    1,   -2,   13,   -1,   -1,   -5,   -1,   -5,   -1,    7,
      -1,  -19,   -3,   11,    5,   -1,   -1,    1,  -21,   -1,  -25,  -18,  -12,  -32,   -2,   -8,
      -1,   -1,   -2,   -1,   -5,   -5,   -2,    1,   -9,    1,    1,    1,  -22,  -14,  -17,  -15,
     -23,   -7,   -5,   -2,   -1,    7,   -1,   -9,   -1,   -3,    7,   -1,  -45,   -8,   -1,  -24,
     -12,   10,  -22,   -8,  -11,  -11,  -14,  -17,  -29,  -19,  -11,  -47,  -32,  -12,  -17,  -13,
     -16,  -17,    7,  -10,  -10,   -1,    1,    1,   11,    5,   10,   10,    5,    5,  -15,   -1,
     -17,  -14,  -17,    1,    5,   -5,   -1,    5,   -1,    3,   -1,   -1,    5,    4,   11,    3,
      10,   -2,    3,    1,   -1,   -1,   -1,    5,    4,    2,   -1,   -2,   -1,    1,    1,  -25,
     -37,    1,    1,   14,    1,    9,    1,    1,    5,  -19,   -8,  -19,  -17,  -23,    1,   -2,
      11,  -10,   -1,   -5,  -10,    4,   -5,   -1,   -1,  -16,    1,  -20,   10,   -1,   -2,    1,
      -1,   -1,  -14,   -1,  -20,  -21,   -1,   -1,  -17,   -7,   -1,   -3,   -2,   -7,    4,   -4,
      -1,   -2,   11,    9,    8,   -2,   -2,   -7,  -11,   -1,   -1,  -17,    4,   -2,   -3,   -2,
       5,   -1,   -1,    7,    5,   -1,   -1,    3,    1,   -1,    5,  -11,  -14,   -8,   -1,  -16,
      -1,   -5,    4,   -1,   -1,   -1,   -1,   -1,   -1,   -1,   -1,   14,   45,    2,   13,    5,
};

static const EpdLigaturePair sourceserif_18_italicLigaturePairs[] = {
    { 0x00660066, 0xFB00 }, // f f -> U+FB00
    { 0x00660069, 0xFB01 }, // f i -> U+FB01
    { 0x0066006C, 0xFB02 }, // f l -> U+FB02
    { 0xFB000069, 0xFB03 }, // U+FB00 i -> U+FB03
    { 0xFB00006C, 0xFB04 }, // U+FB00 l -> U+FB04
};

static const EpdFontData sourceserif_18_italic = {
    sourceserif_18_italicBitmaps,
    sourceserif_18_italicGlyphs,
    sourceserif_18_italicIntervals,
    39,
    51,
    39,
    -13,
    true,
    sourceserif_18_italicGroups,
    15,
    nullptr,
    nullptr,  // kernLeftClasses: built-in fonts use the split arrays below
    nullptr,  // kernRightClasses
    sourceserif_18_italicKernLeftCodepoints,
    sourceserif_18_italicKernLeftClassIds,
    sourceserif_18_italicKernRightCodepoints,
    sourceserif_18_italicKernRightClassIds,
    nullptr,  // kernMatrix: built-in fonts use the sparse form below
    sourceserif_18_italicKernRowOffsets,
    sourceserif_18_italicKernSparseCols,
    sourceserif_18_italicKernSparseValues,
    413,
    414,
    69,
    57,
    sourceserif_18_italicLigaturePairs,
    5,
};
