/**
 * generated by fontconvert.py
 * name: sourceserif_14_bolditalic
 * size: 14
 * mode: 2-bit  compressed: true
 * Command used: fontconvert.py sourceserif_14_bolditalic 14 instanced_fonts/builtin-reader/sourceserif_14_bolditalic_opsz14_wght700.ttf ../builtinFonts/source/NotoSerif/NotoSerif-BoldItalic.ttf ../builtinFonts/source/Inter/Inter-Bold.ttf --base-font-count 2 --2bit --compress --pnum --zopfli --darken-aa --kerning-intervals 0x20,0x7E --kerning-base-aliases --additional-intervals 0x2190,0x2190 --additional-intervals 0x2192,0x2192 --additional-intervals 0x2194,0x2194 --additional-intervals 0x25A0,0x25A1 --additional-intervals 0x25C6,0x25C7 --additional-intervals 0x25CB,0x25CB --additional-intervals 0x25CF,0x25CF --additional-intervals 0x2605,0x2606 --additional-intervals 0x2661,0x2661 --additional-intervals 0x2665,0x2665 --additional-intervals 0x2713,0x2713 --additional-intervals 0x2717,0x2717
 */
#pragma once
#include "EpdFontData.h"

static const uint8_t sourceserif_14_bolditalicBitmaps[40289] = {
    0xB5, 0x98, 0x01, 0xC4, 0x2F, 0xD9, 0x79, 0xFF, 0x3F, 0x33, 0x27, 0xF7, 0x4E, 0xFE, 0x3B, 0xE4,
    0x04, 0x77, 0xFF, 0xFE, 0xFF, 0x5D, 0xDD, 0x81, 0x22, 0x49, 0xB3, 0x99, 0x02, 0x52, 0xEE, 0xFB,
    0x9E, 0xC9, 0x42, 0x80, 0xE6, 0x62, 0x17, 0x14, 0x37, 0x28, 0x9A, 0x04, 0x1B, 0x94, 0x44, 0x7B,
    0x77, 0x67, 0x92, 0xA0, 0x08, 0xF6, 0x85, 0x2A, 0xAA, 0xB2, 0xD8, 0x92, 0xDC, 0xB6, 0x4D, 0x10,
    0x6C, 0xB9, 0x7B, 0xE7, 0x6C, 0x16, 0x41, 0x91, 0x91, 0x56, 0x83, 0xC5, 0x4E, 0x24, 0x4D, 0xDA,
    0x0D, 0xDD, 0xD3, 0x64, 0xA2, 0xB3, 0x7B, 0xCF, 0xCC, 0xD3, 0xF3, 0x9C, 0xF7, 0xF7, 0xBB, 0xF7,
    0x97, 0xBD, 0x92, 0x55, 0xF4, 0xBC, 0xE7, 0xF9, 0x3E, 0x3F, 0xBF, 0x99, 0x79, 0x9E, 0xE7, 0xFB,
    0x3C, 0xCF, 0x9C, 0xF3, 0xFE, 0x0E, 0x9F, 0xA1, 0x10, 0x8C, 0x74, 0x79, 0x52, 0xA5, 0xB9, 0x51,
    0x45, 0xAA, 0x95, 0x2A, 0x50, 0xCD, 0x54, 0x3E, 0xCF, 0x0E, 0xE0, 0x11, 0x70, 0x1E, 0xC9, 0xB3,
    0x1F, 0x78, 0x1F, 0x3A, 0xAC, 0x7F, 0xDE, 0x79, 0x71, 0xAF, 0xE6, 0xF9, 0xE5, 0xCD, 0x3D, 0x15,
    0x5D, 0xB9, 0x9E, 0x97, 0xE1, 0x56, 0x19, 0x3E, 0x5E, 0x4C, 0x94, 0xB3, 0x05, 0x33, 0x35, 0x09,
    0x7C, 0x0B, 0xB5, 0x3F, 0xD7, 0x47, 0x9E, 0xC3, 0x88, 0x48, 0x50, 0x98, 0xAB, 0x04, 0x13, 0xE7,
    0x45, 0x80, 0xB3, 0x32, 0xC1, 0x2D, 0x33, 0xF3, 0xD8, 0xFE, 0x37, 0xEF, 0xE0, 0x44, 0x44, 0x61,
    0xE7, 0xFF, 0xFE, 0xF2, 0xE6, 0x3F, 0x53, 0x06, 0xDB, 0xBD, 0xDB, 0x12, 0x7C, 0x08, 0xB8, 0x0E,
    0x7C, 0x1C, 0xEA, 0xBD, 0x63, 0x94, 0xD9, 0x6C, 0xBF, 0x58, 0xAB, 0xE5, 0x17, 0xD1, 0x86, 0x9F,
    0x47, 0xFB, 0xCB, 0xF9, 0xD3, 0x76, 0x9F, 0xA8, 0xC5, 0x63, 0x24, 0x50, 0xC8, 0x0E, 0x4E, 0x06,
    0xAC, 0xF8, 0x24, 0xF3, 0xB5, 0x0F, 0xB8, 0xF9, 0xEE, 0x07, 0xDA, 0x59, 0x7E, 0xCB, 0x4D, 0xE3,
    0x47, 0x9D, 0x77, 0xCF, 0x0B, 0x56, 0x56, 0x78, 0x05, 0xF8, 0x63, 0xE0, 0x5B, 0xC0, 0x0D, 0xE0,
    0x4A, 0x87, 0x0E, 0x09, 0x94, 0x13, 0x26, 0x44, 0x4D, 0x8A, 0x9D, 0x22, 0xB6, 0xA3, 0xF1, 0x91,
    0x73, 0x68, 0x87, 0xC8, 0x1D, 0x70, 0x9F, 0x88, 0xCA, 0x24, 0xA5, 0xC1, 0x4C, 0x8F, 0xE2, 0xCC,
    0x6A, 0xBF, 0x24, 0xB3, 0x33, 0xA1, 0xAD, 0x7F, 0x14, 0x5C, 0x3D, 0xDF, 0x6A, 0xBE, 0xB3, 0xB6,
    0x5F, 0xF3, 0x8B, 0xFB, 0x72, 0xAC, 0x77, 0x33, 0xBB, 0x32, 0x2A, 0x93, 0xD1, 0xAC, 0xD0, 0x90,
    0xD5, 0x19, 0xBB, 0x09, 0xB0, 0xB2, 0xD7, 0x81, 0x32, 0x70, 0xD7, 0xE6, 0x0A, 0x38, 0xD7, 0x61,
    0xD3, 0x8C, 0x50, 0x70, 0x39, 0xFE, 0x7E, 0x80, 0x1C, 0xAD, 0x96, 0x65, 0x07, 0x46, 0x14, 0x25,
    0xE7, 0x64, 0x07, 0x3B, 0x70, 0x17, 0x9A, 0x09, 0x77, 0xA1, 0x75, 0x6B, 0x37, 0x04, 0x73, 0x6F,
    0xAF, 0x22, 0x76, 0xFA, 0xA3, 0x71, 0xD2, 0xEF, 0x56, 0xE8, 0x3D, 0x2D, 0x8C, 0x5E, 0xAD, 0x2B,
    0x0E, 0x8C, 0xB3, 0x7E, 0x76, 0x2B, 0x8E, 0x9C, 0x7E, 0x75, 0x22, 0xEA, 0x57, 0xEB, 0x04, 0x57,
    0x5F, 0x3A, 0xD4, 0xDD, 0x5D, 0xFE, 0x0D, 0xAE, 0x73, 0x9C, 0x73, 0x4B, 0x4B, 0xC0, 0xE7, 0x29,
    0x57, 0xEC, 0x8C, 0x1B, 0x10, 0xCA, 0x48, 0xB5, 0x60, 0x03, 0xAD, 0x3A, 0xD3, 0xEF, 0xC6, 0x0E,
    0xE1, 0xDD, 0x73, 0x84, 0x1E, 0xBD, 0xDA, 0x7A, 0x94, 0xEC, 0xAC, 0xB4, 0x09, 0x1C, 0xC6, 0x75,
    0x72, 0x7A, 0x3B, 0xAC, 0x57, 0xCB, 0x75, 0x50, 0xA3, 0x66, 0xC5, 0xC4, 0x77, 0xCF, 0x6A, 0xD5,
    0xAB, 0x36, 0x64, 0xCE, 0x9E, 0xBE, 0x63, 0xD7, 0xAF, 0xEB, 0xA0, 0x96, 0xEF, 0xC2, 0xEF, 0x02,
    0xBF, 0xCD, 0x65, 0x71, 0x77, 0xE0, 0xB9, 0x86, 0x6B, 0x67, 0xFD, 0x30, 0xFE, 0x95, 0x30, 0xCA,
    0x8F, 0xF9, 0xC8, 0xB3, 0x03, 0xFC, 0xE9, 0x4A, 0xB1, 0xEC, 0x98, 0x30, 0x26, 0xF9, 0x28, 0xC5,
    0x70, 0x28, 0xBE, 0xF5, 0x0F, 0x49, 0x2F, 0xB2, 0x24, 0x59, 0x55, 0x78, 0xF8, 0xBA, 0x16, 0x36,
    0xD9, 0xAA, 0xA2, 0xDD, 0xEC, 0x66, 0x22, 0x91, 0xA5, 0x9A, 0xDB, 0xE1, 0x0C, 0xF8, 0xEC, 0x6D,
    0x49, 0xE3, 0xB3, 0xB7, 0x9B, 0xA1, 0x9F, 0x64, 0x96, 0xA9, 0xF7, 0x57, 0x20, 0x73, 0x84, 0x9E,
    0x43, 0x74, 0x45, 0x04, 0xE5, 0x09, 0x55, 0x00, 0xEC, 0x04, 0x34, 0x1E, 0x70, 0xF7, 0x6F, 0xDB,
    0x80, 0x32, 0xDF, 0xB6, 0x00, 0xF5, 0xFD, 0xDB, 0xDA, 0xFB, 0xB7, 0x8D, 0xEF, 0x7D, 0x1B, 0xC0,
    0xF3, 0x0A, 0x94, 0xD2, 0xD1, 0xCA, 0x8C, 0xD4, 0xAB, 0x89, 0x26, 0x26, 0xDC, 0x6C, 0x30, 0x7B,
    0x9B, 0xC4, 0xCD, 0x49, 0xBC, 0xD9, 0x46, 0x5F, 0x25, 0xA9, 0xA3, 0xA8, 0x0C, 0x76, 0x95, 0xA1,
    0x09, 0x32, 0xB4, 0xF3, 0x98, 0x7B, 0x41, 0x68, 0xFF, 0x6B, 0xA3, 0x92, 0x19, 0x3E, 0x03, 0xF0,
    0x61, 0x1E, 0xDF, 0x4A, 0x89, 0xE5, 0x5B, 0x11, 0xBB, 0xD2, 0x2C, 0xB4, 0x41, 0xA7, 0x4B, 0x73,
    0xA6, 0x9F, 0xB4, 0xDF, 0xE4, 0x72, 0x0E, 0x85, 0x74, 0xA5, 0x96, 0x21, 0x8A, 0x44, 0xAE, 0xCA,
    0x80, 0x93, 0x85, 0x68, 0x63, 0x19, 0xCD, 0x9E, 0x82, 0x11, 0x95, 0x62, 0x31, 0x3B, 0xD4, 0x11,
    0x9A, 0x80, 0x56, 0x18, 0x81, 0x6A, 0xD1, 0xB4, 0xE4, 0xA2, 0x96, 0x33, 0xD8, 0x37, 0x6F, 0xBF,
    0xE8, 0x44, 0x82, 0x4A, 0x9F, 0x84, 0x5A, 0x3A, 0x7A, 0x09, 0x07, 0x5B, 0x9B, 0x49, 0x42, 0x48,
    0x42, 0x15, 0xC1, 0x06, 0xAE, 0x8E, 0x83, 0x06, 0xC7, 0x23, 0x32, 0xA0, 0x91, 0xD1, 0x86, 0x27,
    0x68, 0x16, 0xD7, 0x35, 0xAB, 0xEB, 0xDA, 0xE0, 0x86, 0x3E, 0x34, 0xAF, 0x8B, 0xAF, 0x64, 0x4B,
    0x75, 0xEB, 0x00, 0xBE, 0x0E, 0x46, 0x9F, 0x4D, 0xE2, 0x92, 0xDC, 0x5B, 0x31, 0xAF, 0x2F, 0xD4,
    0x9F, 0x0A, 0x7C, 0xCC, 0x06, 0x5E, 0x6E, 0x42, 0x39, 0xB7, 0x73, 0x35, 0xB8, 0xE9, 0x09, 0x9C,
    0x3F, 0xBF, 0x3D, 0xBE, 0xD9, 0x8B, 0xC8, 0x28, 0xB2, 0x83, 0x74, 0x20, 0x50, 0x08, 0x94, 0x02,
    0x3C, 0x03, 0x8F, 0xDD, 0xBE, 0x0D, 0xAD, 0x08, 0x38, 0xD9, 0x0F, 0xF0, 0x6D, 0x80, 0x70, 0x84,
    0x62, 0xBE, 0x01, 0xE5, 0x5B, 0xD2, 0x61, 0x44, 0x66, 0xC0, 0x2D, 0x40, 0xB3, 0x92, 0x63, 0x78,
    0x44, 0xC1, 0xA5, 0x52, 0xE0, 0x7C, 0x1B, 0x12, 0xF4, 0x33, 0xCD, 0xBF, 0xC8, 0x80, 0x46, 0x7C,
    0x0C, 0xB9, 0x18, 0xD5, 0x07, 0x46, 0x2E, 0x68, 0x57, 0x34, 0xEF, 0xEA, 0xBE, 0x56, 0x16, 0xCB,
    0x07, 0x53, 0xD1, 0x64, 0x70, 0x22, 0xB3, 0x9B, 0xDA, 0xA5, 0xF7, 0x76, 0xD5, 0x02, 0xAB, 0xF4,
    0xBE, 0x5E, 0x9D, 0xB7, 0xA1, 0x4D, 0x7C, 0xEC, 0xDB, 0xA3, 0x2F, 0xD5, 0xE2, 0x63, 0x1D, 0x57,
    0x6F, 0xDF, 0xFE, 0xBA, 0x15, 0xD9, 0x92, 0xC4, 0x46, 0x64, 0x05, 0x02, 0x98, 0xE9, 0xB2, 0xEB,
    0x5B, 0xE0, 0x6E, 0x6E, 0xDF, 0xDC, 0x6F, 0x76, 0xBE, 0x2C, 0xD5, 0xD8, 0x65, 0x9F, 0x55, 0xCC,
    0xA1, 0xE7, 0x4C, 0x8F, 0x13, 0x50, 0xEF, 0xE4, 0x55, 0x3B, 0x56, 0x4B, 0xB5, 0x98, 0x58, 0x07,
    0x13, 0xED, 0x6A, 0xD6, 0x7A, 0xAB, 0x42, 0x25, 0x2F, 0x5C, 0xFA, 0x1C, 0x55, 0xA4, 0xAB, 0x7F,
    0x24, 0xDE, 0x0D, 0x32, 0xF7, 0xB8, 0x20, 0xB4, 0x2A, 0xF3, 0x88, 0xF3, 0xEE, 0x27, 0xD2, 0x59,
    0x59, 0x95, 0xEC, 0xD1, 0xDE, 0x94, 0xAC, 0x2C, 0x36, 0xD9, 0x6B, 0x92, 0xBD, 0x76, 0x36, 0x9B,
    0x3B, 0x48, 0xAB, 0xF6, 0x63, 0x1D, 0x2B, 0x8D, 0x7B, 0x7C, 0x21, 0x80, 0x9B, 0x8F, 0x09, 0xC9,
    0x25, 0x1D, 0x67, 0xDA, 0x1D, 0x64, 0x86, 0xA7, 0x81, 0x72, 0xA9, 0xF5, 0x05, 0x8E, 0xF5, 0x5A,
    0x74, 0x1C, 0xC6, 0xE9, 0x6B, 0x4B, 0x9B, 0x97, 0x4D, 0x99, 0x10, 0xCF, 0x38, 0x70, 0x8D, 0xD3,
    0x51, 0x2C, 0x4A, 0xD8, 0x6E, 0x3A, 0x4D, 0x84, 0x08, 0x0B, 0xD5, 0x4C, 0x3B, 0x70, 0xC6, 0x61,
    0x0C, 0x50, 0x4F, 0x30, 0x6A, 0xAB, 0x0E, 0xF4, 0x2B, 0x55, 0x52, 0x4E, 0x53, 0xE4, 0x73, 0xA9,
    0x73, 0x07, 0x33, 0xAE, 0xE8, 0xF5, 0x7C, 0x1F, 0xF5, 0x0C, 0x0C, 0xC7, 0xB5, 0x47, 0x85, 0x93,
    0x71, 0xFA, 0xBD, 0x2E, 0x77, 0x4E, 0x1F, 0x5F, 0xA0, 0xC9, 0x9D, 0x17, 0xA0, 0xD9, 0x41, 0x23,
    0xA6, 0x9D, 0x28, 0xC4, 0x2B, 0xDF, 0x52, 0x32, 0x6D, 0x65, 0xCF, 0x39, 0xF0, 0x41, 0x80, 0xDF,
    0x79, 0x91, 0x52, 0x84, 0x2A, 0xB6, 0x3E, 0x25, 0xD3, 0x57, 0xA1, 0xD1, 0x88, 0x34, 0x55, 0x9E,
    0x46, 0x3A, 0x2D, 0x4B, 0x29, 0x81, 0x4A, 0x3A, 0x6A, 0x8D, 0xD3, 0x27, 0x01, 0x0A, 0xE0, 0x0A,
    0x87, 0xAA, 0x1F, 0xA4, 0x1F, 0xE0, 0xFF, 0x70, 0x32, 0x6A, 0x79, 0x5B, 0x95, 0xBC, 0x23, 0x1E,
    0x7D, 0xBA, 0xD2, 0x4A, 0x0C, 0x10, 0x75, 0x7E, 0xF8, 0xFD, 0x67, 0x94, 0xC1, 0x48, 0x6C, 0xA9,
    0xA6, 0xF6, 0xAD, 0x68, 0xB1, 0xFE, 0x6E, 0xB5, 0x5A, 0x9A, 0x22, 0xD6, 0x8B, 0xED, 0x9C, 0x59,
    0x6C, 0xB0, 0xDD, 0x79, 0x1D, 0x92, 0xE2, 0x39, 0x1B, 0x9A, 0xD0, 0x70, 0x4B, 0x1B, 0xF5, 0x9C,
    0x3B, 0x4D, 0x70, 0xFE, 0x56, 0x52, 0xA9, 0x95, 0x57, 0xEE, 0x58, 0x91, 0x9F, 0xCD, 0xE9, 0x16,
    0x69, 0x35, 0xAB, 0x66, 0xAD, 0xD7, 0x5C, 0x32, 0x1D, 0xD6, 0x2B, 0x52, 0xAD, 0x8A, 0x14, 0xF2,
    0xAF, 0xDF, 0x54, 0xDD, 0xCA, 0xAE, 0xAA, 0xB8, 0x3D, 0xF0, 0x60, 0x94, 0xBB, 0xA2, 0x11, 0x45,
    0x7B, 0x82, 0x67, 0x19, 0xBF, 0x28, 0x6A, 0x30, 0xC8, 0x00, 0xC5, 0xAC, 0x68, 0xBC, 0xB2, 0xAA,
    0x06, 0x65, 0x6E, 0x51, 0x6C, 0x6F, 0xCB, 0x04, 0xFA, 0x92, 0xC1, 0x3F, 0x3C, 0xD3, 0x27, 0xCC,
    0xCB, 0x60, 0x39, 0x2B, 0x1A, 0x4F, 0x1B, 0x18, 0xA3, 0x11, 0xE9, 0x44, 0x3B, 0x13, 0xAE, 0x3C,
    0x03, 0x88, 0xC8, 0xA0, 0x10, 0xB0, 0xD1, 0xEA, 0x12, 0x5A, 0x47, 0x9A, 0xB5, 0x8A, 0xB4, 0x4B,
    0x9D, 0x20, 0xD8, 0x05, 0x17, 0xDC, 0x84, 0xD3, 0x5C, 0xE6, 0x85, 0xA3, 0x9F, 0xDC, 0xCC, 0x98,
    0xAA, 0x85, 0x78, 0x1B, 0x0F, 0x30, 0xD8, 0x58, 0xC8, 0xD0, 0x2E, 0xA5, 0x74, 0x63, 0x70, 0x6A,
    0x34, 0xC1, 0x0A, 0x7C, 0xEE, 0xDF, 0xB4, 0x0E, 0x32, 0xD1, 0xBF, 0x7D, 0x73, 0x4A, 0xB7, 0xD8,
    0xA9, 0xDA, 0xA9, 0xD3, 0x33, 0x09, 0xDA, 0x85, 0xA2, 0x73, 0x01, 0xE8, 0x67, 0x0E, 0xAF, 0xAA,
    0xF8, 0x87, 0x40, 0x2F, 0xFC, 0x7F, 0xBD, 0xE5, 0x5C, 0x89, 0x3C, 0x8F, 0x8D, 0xE8, 0x06, 0xF0,
    0x66, 0x84, 0x51, 0x7D, 0x5C, 0xFD, 0x06, 0x99, 0xCC, 0x91, 0x8D, 0xE2, 0x0A, 0x36, 0x56, 0x92,
    0x70, 0x4D, 0x4E, 0x69, 0x56, 0xB4, 0x07, 0x17, 0xFA, 0x49, 0xD3, 0xD0, 0x6B, 0x4A, 0x4E, 0xE6,
    0x4C, 0x7F, 0xB9, 0x57, 0x28, 0x31, 0xE4, 0xC1, 0x4C, 0x74, 0x90, 0xA1, 0xDA, 0x49, 0x46, 0x9A,
    0x88, 0xB2, 0x9B, 0x51, 0x7A, 0x9D, 0xE2, 0x8F, 0x79, 0x90, 0xC4, 0x78, 0x09, 0x29, 0x0D, 0x2B,
    0x76, 0x65, 0x55, 0x97, 0x8B, 0x7A, 0x84, 0x36, 0x9C, 0x81, 0x0B, 0xD7, 0x13, 0x48, 0x3C, 0x40,
    0x3F, 0xE5, 0x25, 0x72, 0x51, 0x86, 0x37, 0x8E, 0x5C, 0x07, 0xA3, 0x19, 0xAA, 0xD5, 0xAB, 0xF5,
    0xEA, 0x25, 0xC3, 0xF0, 0xB0, 0x0F, 0xE2, 0xFF, 0xD4, 0xC7, 0xA7, 0xEF, 0xFB, 0x40, 0xB9, 0xA0,
    0x54, 0x4E, 0xEE, 0xD5, 0x42, 0xFD, 0x7B, 0x2E, 0xD4, 0x9C, 0x0A, 0xF5, 0x07, 0xA1, 0x10, 0x5F,
    0x85, 0x6A, 0xC7, 0xCC, 0x36, 0x62, 0xA6, 0xE4, 0xA2, 0x1C, 0x1E, 0x2A, 0x94, 0x95, 0x55, 0x7C,
    0x23, 0x51, 0xFC, 0x15, 0x99, 0xF2, 0x06, 0x3B, 0x4E, 0x48, 0xD7, 0xCF, 0x85, 0xE0, 0x42, 0x29,
    0xD8, 0x98, 0xA0, 0x92, 0xBF, 0xD8, 0x73, 0xA1, 0xB4, 0xDF, 0x3B, 0x94, 0xCC, 0x95, 0xA7, 0x41,
    0xE4, 0xFB, 0xA2, 0xCF, 0xC8, 0x77, 0x94, 0xA1, 0xD5, 0x56, 0x43, 0x49, 0xA9, 0x97, 0x26, 0x2B,
    0x25, 0xE6, 0x66, 0x0E, 0xF5, 0xD2, 0x6F, 0xD4, 0x6F, 0x4E, 0xCB, 0x51, 0xE9, 0x05, 0x55, 0xA3,
    0x3A, 0x07, 0xF1, 0x85, 0x74, 0xE4, 0xB2, 0x5D, 0xA6, 0x53, 0xA0, 0xC8, 0x4A, 0xE9, 0x9A, 0x1D,
    0x9C, 0x2C, 0xA3, 0x84, 0xA4, 0x82, 0x32, 0xCD, 0x89, 0xD5, 0x0F, 0x22, 0x93, 0x86, 0xA0, 0xFE,
    0xD5, 0xB9, 0x7A, 0x56, 0xB7, 0xB8, 0xA3, 0xCC, 0x9A, 0xCD, 0xEC, 0x07, 0x39, 0xCA, 0xA0, 0xB6,
    0xD5, 0xB0, 0x5A, 0xCD, 0x02, 0x8F, 0x26, 0x66, 0x46, 0x64, 0x50, 0xE8, 0xF2, 0xB3, 0x47, 0x98,
    0x4F, 0x93, 0xA7, 0x86, 0x4E, 0x0A, 0x92, 0x21, 0x87, 0x9E, 0x03, 0x37, 0x19, 0x76, 0x85, 0x4D,
    0x21, 0x02, 0x55, 0x86, 0x05, 0xAE, 0xD4, 0x1A, 0xCF, 0xF7, 0x94, 0xB4, 0x00, 0x6E, 0x05, 0x8A,
    0x0E, 0x32, 0x99, 0xE2, 0x69, 0x44, 0x5E, 0x95, 0x98, 0x71, 0x55, 0x4A, 0x67, 0x99, 0xD4, 0x02,
    0xCD, 0x52, 0x79, 0x25, 0xD5, 0xE4, 0x88, 0x6E, 0x29, 0xFE, 0xE7, 0xA2, 0xF8, 0xD3, 0x08, 0xF4,
    0xA2, 0x9E, 0xC6, 0x7B, 0xA2, 0xF8, 0xFD, 0xCB, 0x24, 0x8A, 0x57, 0xD4, 0x70, 0x45, 0x6B, 0x9F,
    0xE2, 0x73, 0x8B, 0x06, 0xD8, 0x44, 0xCD, 0xDF, 0x28, 0x3E, 0xA1, 0x88, 0x3F, 0x76, 0x67, 0x50,
    0x98, 0x51, 0xA7, 0xD9, 0x27, 0x34, 0x0A, 0x87, 0xEE, 0xE4, 0xE1, 0x64, 0x9C, 0xE6, 0x41, 0xA1,
    0xD2, 0x22, 0x5A, 0x5F, 0x24, 0x18, 0x4A, 0xE9, 0xDA, 0x4E, 0x6B, 0x4C, 0x86, 0xCC, 0xF0, 0xCA,
    0x0D, 0x8D, 0x53, 0x79, 0x77, 0xF4, 0x49, 0x44, 0xA0, 0x92, 0xA1, 0x54, 0xCF, 0xB5, 0x56, 0x59,
    0x9D, 0x8B, 0xAF, 0xB3, 0x1E, 0xBD, 0xD5, 0xC8, 0x9F, 0xE8, 0x7D, 0xAB, 0x3E, 0x9E, 0xEC, 0xFD,
    0x75, 0xD5, 0xD7, 0xDD, 0x14, 0x25, 0xEB, 0x39, 0xA8, 0xBE, 0xE5, 0x7E, 0x94, 0x17, 0xD3, 0x97,
    0xDD, 0x2F, 0xBC, 0xB2, 0x5E, 0xDA, 0x7B, 0x5F, 0x52, 0x1D, 0x1A, 0x29, 0x05, 0xD5, 0xBB, 0xEA,
    0x62, 0xB6, 0x31, 0x77, 0xD1, 0x64, 0x17, 0xD5, 0xFD, 0x6E, 0x83, 0x93, 0xC0, 0xB8, 0xD7, 0x53,
    0x9F, 0xB4, 0x8E, 0xE2, 0x06, 0xB2, 0x21, 0x7B, 0x9E, 0x1B, 0x56, 0xA8, 0x7C, 0xC2, 0xA1, 0x1E,
    0x78, 0x42, 0x7C, 0xC2, 0x27, 0xC7, 0xC9, 0x76, 0xC9, 0x73, 0xB0, 0x1C, 0xB1, 0x59, 0x1B, 0xB8,
    0x65, 0xE3, 0xC7, 0xE0, 0xE5, 0x7A, 0x7B, 0x32, 0xA1, 0x91, 0xEB, 0xB0, 0x64, 0x0C, 0x85, 0xDC,
    0x49, 0x88, 0xAC, 0x14, 0x81, 0x71, 0xCD, 0x0B, 0xB9, 0x36, 0x5A, 0xA7, 0x6F, 0x84, 0x60, 0x03,
    0xC7, 0xF1, 0xB9, 0x17, 0xA1, 0x16, 0x0D, 0xEC, 0x97, 0xA3, 0x2F, 0xF4, 0x06, 0xB3, 0x63, 0x17,
    0x5D, 0xCF, 0x63, 0xB3, 0x26, 0x70, 0xE1, 0x08, 0xE3, 0xAC, 0x30, 0x25, 0x10, 0x4F, 0xA3, 0xD0,
    0x2E, 0x09, 0x5C, 0x18, 0x13, 0xCC, 0xBD, 0x47, 0xBC, 0x9B, 0xB3, 0x89, 0x6A, 0xA3, 0xDE, 0xC7,
    0x85, 0x42, 0x64, 0x80, 0x47, 0x5E, 0x3A, 0x59, 0xEC, 0x3A, 0x4E, 0x77, 0x8C, 0x4A, 0x77, 0x0C,
    0xB3, 0x25, 0x43, 0x66, 0x27, 0x3F, 0x97, 0xD8, 0xC5, 0x04, 0xCD, 0x82, 0xFB, 0x61, 0xF2, 0xD5,
    0x8B, 0xC0, 0xB8, 0x5F, 0xE4, 0x52, 0xBF, 0xF7, 0x42, 0xF4, 0xBF, 0x4D, 0xE6, 0xB4, 0x29, 0x1B,
    0xFD, 0x64, 0x37, 0x3A, 0x2A, 0x91, 0x49, 0x2F, 0x7B, 0x78, 0x7C, 0x3D, 0xD9, 0x4F, 0xA6, 0x07,
    0xFB, 0x49, 0xBD, 0x25, 0x5C, 0xCD, 0x8E, 0xF2, 0x15, 0x32, 0x61, 0xB5, 0x53, 0x47, 0x94, 0x6D,
    0x48, 0xF8, 0x8E, 0x0C, 0x1C, 0xD6, 0x82, 0xFE, 0x27, 0x7B, 0xEE, 0xF0, 0xCB, 0x95, 0x69, 0xF4,
    0x8A, 0xFD, 0xE5, 0xDB, 0x34, 0x53, 0x24, 0x0C, 0xCA, 0x3D, 0xA1, 0x93, 0xB5, 0x49, 0x1F, 0x64,
    0xA9, 0xA5, 0x03, 0x78, 0x1A, 0x8A, 0xBB, 0x03, 0xAD, 0x44, 0xE4, 0xCF, 0xA3, 0xD9, 0x88, 0x26,
    0x12, 0x2B, 0x95, 0x1D, 0x8C, 0x0C, 0x87, 0x63, 0x86, 0x8D, 0xFC, 0x1E, 0x34, 0xE2, 0xC9, 0xCD,
    0x3F, 0x86, 0xFF, 0x87, 0x0B, 0xE7, 0xB4, 0x2A, 0x73, 0x8F, 0xF3, 0xE3, 0x6D, 0xB5, 0x1B, 0x2F,
    0x17, 0x5E, 0x9E, 0xD1, 0x7B, 0x45, 0xD6, 0x36, 0xC1, 0xD2, 0x3E, 0x25, 0xE5, 0xE2, 0x8C, 0x94,
    0xE1, 0x5C, 0xE1, 0x43, 0x66, 0x2F, 0x2E, 0x50, 0xFB, 0x28, 0x4B, 0x94, 0x12, 0x56, 0xE1, 0xE4,
    0x7D, 0xFE, 0x35, 0xAF, 0xB2, 0x15, 0x39, 0x40, 0xF1, 0x0C, 0xDC, 0xA0, 0x97, 0xE0, 0xA4, 0x4B,
    0xD8, 0x0A, 0xF5, 0x4E, 0x39, 0xAB, 0x49, 0x33, 0x93, 0xB7, 0x92, 0x8C, 0x5E, 0xB1, 0xF2, 0x34,
    0x2B, 0xB5, 0xD6, 0x8C, 0x7A, 0x40, 0x0B, 0xDA, 0x65, 0xE4, 0x01, 0xB6, 0xD9, 0xC3, 0x79, 0xFE,
    0x7C, 0x3D, 0xE3, 0x0A, 0x6D, 0x34, 0x21, 0x3B, 0xF4, 0x50, 0x8A, 0x00, 0x3C, 0x76, 0x71, 0xE8,
    0xCE, 0x47, 0x35, 0x9B, 0x56, 0x06, 0x27, 0xC1, 0x4A, 0x67, 0x84, 0x22, 0x90, 0xD0, 0x4C, 0x8A,
    0x95, 0xA7, 0x14, 0x6C, 0x97, 0xB0, 0x6B, 0xD0, 0x1A, 0x9C, 0x01, 0x32, 0xDC, 0x52, 0xF4, 0x41,
    0xF1, 0xD5, 0x19, 0x18, 0x5F, 0xF3, 0x8A, 0xDF, 0x1D, 0x80, 0xFE, 0x0D, 0x00, 0xF7, 0x1F, 0x19,
    0x63, 0xC6, 0x35, 0x63, 0x50, 0x6C, 0x67, 0x8E, 0x43, 0xF7, 0xB5, 0x1B, 0xD9, 0x7F, 0x10, 0xF9,
    0x33, 0x5D, 0x1D, 0x7F, 0x28, 0xF2, 0x49, 0x19, 0xCC, 0x8E, 0x5B, 0x58, 0x30, 0x92, 0xF4, 0x65,
    0x34, 0xE3, 0x5A, 0xCE, 0xAA, 0x65, 0x35, 0x5A, 0xBA, 0xF2, 0xAD, 0xB5, 0xD6, 0x9A, 0x9A, 0xD7,
    0xA3, 0x55, 0x46, 0xD5, 0x3F, 0xC6, 0x46, 0xB5, 0xFD, 0x6A, 0x3C, 0xD3, 0x28, 0x6D, 0x15, 0xAF,
    0xAB, 0xFE, 0x58, 0x15, 0x5F, 0x06, 0xE4, 0xBA, 0x89, 0x41, 0xF5, 0x17, 0xCD, 0x36, 0xAB, 0x0E,
    0x46, 0xFC, 0xA9, 0x9E, 0x8C, 0x74, 0xDC, 0xDF, 0x06, 0x19, 0x87, 0x72, 0xE7, 0x64, 0x3C, 0x73,
    0x83, 0x2B, 0x1D, 0x22, 0xAF, 0xC9, 0x5C, 0x88, 0x7C, 0x45, 0x72, 0x49, 0x22, 0xD8, 0xAD, 0x0C,
    0x50, 0x49, 0xE5, 0xC1, 0x88, 0xCD, 0xBB, 0xD1, 0x5D, 0x00, 0x59, 0x33, 0x06, 0xC5, 0x3E, 0xA3,
    0x28, 0x96, 0xF9, 0xFB, 0xFA, 0x7B, 0x11, 0x68, 0x72, 0xD3, 0x9C, 0x19, 0x01, 0x56, 0x45, 0x93,
    0x6C, 0x0F, 0xF4, 0xB1, 0x91, 0xC8, 0x18, 0xDB, 0x84, 0x5A, 0x9D, 0xA7, 0x9D, 0x2C, 0x7D, 0x74,
    0x12, 0xFA, 0x68, 0x84, 0xBC, 0xCC, 0x37, 0x5A, 0x86, 0xEB, 0x20, 0xFE, 0x65, 0x4D, 0x7F, 0x80,
    0xFE, 0x9F, 0x26, 0xDD, 0x96, 0x86, 0x04, 0x02, 0xB4, 0xDB, 0x7B, 0x35, 0xA1, 0x15, 0xE9, 0x14,
    0x38, 0x0C, 0x11, 0x89, 0xEC, 0xB7, 0xC7, 0xA5, 0x58, 0x19, 0x43, 0x19, 0x0A, 0xF1, 0x26, 0x68,
    0x2B, 0x74, 0x56, 0x6D, 0xB5, 0xEB, 0x91, 0x87, 0x64, 0xA6, 0x87, 0xDF, 0x73, 0x34, 0xF1, 0x68,
    0x54, 0xFC, 0xD5, 0xC1, 0xE8, 0x5E, 0x54, 0xEF, 0x34, 0x83, 0xEE, 0x77, 0xA7, 0x7B, 0x51, 0x2B,
    0xE0, 0x54, 0x34, 0xCC, 0x01, 0xFA, 0x0E, 0x46, 0x40, 0x0E, 0xB2, 0x43, 0xB1, 0x41, 0x19, 0xC1,
    0x1C, 0x65, 0x85, 0x6A, 0x81, 0x3A, 0x5C, 0x8A, 0x55, 0x99, 0x93, 0x4C, 0xD0, 0x78, 0x68, 0x93,
    0x38, 0x95, 0x1F, 0x27, 0xD9, 0x93, 0xC4, 0x24, 0xFA, 0xA7, 0x9E, 0xBB, 0x76, 0x68, 0x87, 0xC6,
    0x37, 0xDE, 0x1E, 0xFF, 0xA6, 0x7A, 0xAA, 0xE7, 0x7A, 0xAE, 0x42, 0x15, 0xCC, 0xE5, 0xDF, 0x62,
    0x96, 0x72, 0x2D, 0x16, 0xEC, 0x21, 0xBE, 0xAB, 0x27, 0xC1, 0xB0, 0x41, 0x11, 0x4F, 0x02, 0x5A,
    0x7F, 0x35, 0x20, 0x7B, 0x12, 0x50, 0x33, 0x9D, 0x04, 0xE3, 0x4F, 0xF9, 0x51, 0x1C, 0x69, 0xE7,
    0x5C, 0x0D, 0x97, 0xFC, 0xF3, 0x3A, 0xB4, 0x62, 0x96, 0x48, 0x3D, 0x8F, 0x34, 0xF9, 0xA4, 0x2E,
    0x21, 0xF5, 0xF4, 0x7E, 0x4A, 0x3E, 0x72, 0xFB, 0xC1, 0x41, 0x89, 0x7E, 0x3E, 0x4F, 0xC6, 0x7A,
    0xDF, 0x26, 0x06, 0x26, 0x30, 0x73, 0x1C, 0xE3, 0x1B, 0x03, 0xB5, 0x16, 0xD1, 0xFD, 0x40, 0x60,
    0x37, 0x82, 0x9E, 0xC8, 0x50, 0x2D, 0x66, 0xC3, 0x06, 0xDD, 0x5E, 0x74, 0x89, 0x75, 0xB3, 0xCD,
    0xB0, 0x26, 0x68, 0xF2, 0xAF, 0x92, 0x30, 0x3B, 0x79, 0xEB, 0x9E, 0x77, 0x72, 0x53, 0x3A, 0x3D,
    0x00, 0xA3, 0xB8, 0x28, 0x2E, 0xC8, 0xE3, 0xD9, 0xEE, 0x7E, 0x9D, 0x8C, 0xCA, 0x0E, 0x97, 0xE7,
    0x31, 0xCD, 0x5C, 0x47, 0x89, 0xF6, 0x5E, 0x12, 0xB9, 0xB9, 0xD9, 0x58, 0x6D, 0x4D, 0x30, 0x5B,
    0x9B, 0xBC, 0x38, 0x95, 0xB9, 0x5E, 0xDD, 0x64, 0x43, 0xEF, 0x9B, 0xA9, 0x4F, 0x64, 0xFA, 0x69,
    0xCF, 0xAB, 0x79, 0x23, 0x03, 0xC5, 0x4B, 0x40, 0xB3, 0x81, 0xC8, 0x60, 0x62, 0xEF, 0x6D, 0x70,
    0xBE, 0x9D, 0xEB, 0xEE, 0xF8, 0x13, 0x54, 0x86, 0x13, 0xF1, 0x15, 0x32, 0x37, 0xF4, 0xB2, 0xE5,
    0xE7, 0xAD, 0x78, 0xF8, 0x43, 0xEE, 0x8F, 0xC7, 0x67, 0xA8, 0x24, 0x41, 0x2D, 0x13, 0xD0, 0x7B,
    0x60, 0x3C, 0xC2, 0x28, 0xBF, 0x2E, 0x1D, 0x3B, 0xEF, 0x9D, 0x8E, 0x49, 0xD3, 0x31, 0x9C, 0xA4,
    0xE3, 0xF1, 0x1D, 0x44, 0xBC, 0x89, 0xAD, 0x1E, 0xB3, 0x4C, 0xED, 0xAC, 0xA7, 0x68, 0xFD, 0x30,
    0x7E, 0x67, 0x47, 0xBE, 0x16, 0x10, 0xBD, 0xEC, 0x55, 0x0C, 0x32, 0x35, 0x8C, 0xA2, 0x94, 0x57,
    0xAC, 0x46, 0xF6, 0x19, 0xB8, 0x7F, 0x30, 0x3D, 0x6E, 0x68, 0x12, 0x05, 0x6D, 0x1B, 0x45, 0x1B,
    0x9E, 0xBC, 0xBF, 0x04, 0x3A, 0xC5, 0x62, 0x7C, 0x67, 0x38, 0x2E, 0xCC, 0x57, 0xE4, 0xCD, 0xEE,
    0x48, 0x0A, 0xB9, 0xC4, 0xE1, 0x04, 0xBB, 0x8C, 0x0A, 0x45, 0xC6, 0xF2, 0x04, 0xCD, 0x9E, 0x71,
    0xCB, 0x18, 0x1F, 0x60, 0xBD, 0x66, 0x0C, 0xC0, 0xB9, 0x9D, 0xD5, 0xFA, 0x4D, 0x0F, 0xF4, 0xC2,
    0x71, 0x61, 0xC8, 0xE3, 0xC3, 0x14, 0xE2, 0x77, 0xEC, 0xCF, 0x7E, 0xBE, 0xE3, 0xBE, 0x2C, 0x91,
    0xF1, 0x13, 0x72, 0x81, 0x20, 0x1C, 0xA0, 0xD0, 0x22, 0x3E, 0x15, 0xA1, 0xFF, 0x41, 0x20, 0xD7,
    0x96, 0x97, 0x6F, 0x1C, 0x9C, 0x18, 0xD9, 0x2F, 0x12, 0xC8, 0x46, 0x21, 0x22, 0x19, 0xBA, 0xFC,
    0x4F, 0x69, 0x3E, 0x59, 0xEE, 0x07, 0x04, 0x37, 0x6B, 0x0D, 0x44, 0x66, 0xCA, 0xF1, 0xED, 0x5F,
    0xAD, 0xE8, 0xA4, 0x15, 0xF5, 0x3C, 0xFC, 0x0F, 0xFE, 0x53, 0x3B, 0x85, 0x34, 0xD2, 0x95, 0xD2,
    0xCB, 0x60, 0xE4, 0x27, 0x0A, 0x85, 0x74, 0x66, 0x2B, 0x85, 0x2A, 0x1A, 0xA1, 0x8E, 0x5A, 0xDD,
    0x68, 0xB6, 0xC3, 0x4F, 0xF0, 0xC5, 0xE6, 0x5F, 0xDF, 0xF1, 0xF3, 0x2E, 0xD8, 0x7D, 0x4E, 0x20,
    0x3E, 0x15, 0x7B, 0xE7, 0x1A, 0x5A, 0xD3, 0x5E, 0xED, 0x16, 0x32, 0x20, 0x1D, 0xCF, 0x71, 0x18,
    0xAF, 0xF0, 0xEC, 0x86, 0x44, 0x6E, 0x46, 0xEC, 0xC9, 0x61, 0xA8, 0x4B, 0x73, 0xC6, 0x4D, 0xF4,
    0xAF, 0x0D, 0xE3, 0x5B, 0x5A, 0x46, 0xB7, 0x70, 0xB5, 0x23, 0x5B, 0x39, 0xFE, 0x8C, 0x51, 0x43,
    0x47, 0x4B, 0x07, 0x63, 0x6A, 0x0D, 0x89, 0x49, 0x27, 0xB1, 0x2A, 0x6B, 0x92, 0x05, 0x9A, 0x70,
    0xF2, 0xEB, 0x68, 0x46, 0x4D, 0xE7, 0x0E, 0x1E, 0x4F, 0x5F, 0x04, 0x28, 0xF7, 0xC3, 0x19, 0xE6,
    0xE1, 0x1C, 0xF5, 0xF7, 0x7E, 0x4D, 0xF7, 0x3F, 0x94, 0xAB, 0xE1, 0x03, 0x14, 0xD2, 0xF5, 0x5D,
    0x29, 0x85, 0xA6, 0xA9, 0x16, 0xCC, 0xEE, 0xD6, 0x04, 0x7B, 0x47, 0x25, 0x17, 0xFA, 0xD8, 0x8B,
    0x60, 0xF7, 0x5D, 0x43, 0x92, 0x8E, 0x66, 0x11, 0x4F, 0x1B, 0xFA, 0x29, 0xBF, 0x04, 0x09, 0xDA,
    0x4D, 0x5F, 0x0C, 0xD1, 0x5C, 0xBD, 0x84, 0x8E, 0x67, 0x87, 0x46, 0x86, 0x56, 0xB3, 0x8F, 0xB9,
    0x9C, 0x3B, 0xD5, 0x46, 0x7D, 0x48, 0x94, 0xB2, 0x6A, 0xDE, 0x75, 0x6A, 0x7C, 0x92, 0xAB, 0x47,
    0x3A, 0x78, 0xA5, 0x5E, 0xCB, 0x8D, 0x76, 0x73, 0x5B, 0x23, 0x8C, 0x51, 0xF6, 0x51, 0xBA, 0x9B,
    0xF2, 0xBA, 0xFC, 0x54, 0x57, 0x1E, 0x23, 0xA5, 0xA0, 0x4B, 0x89, 0x91, 0x5C, 0x3D, 0xB3, 0x6B,
    0xFD, 0xB4, 0x96, 0x5A, 0x41, 0x7D, 0x57, 0x83, 0x5D, 0x6D, 0xCC, 0x2F, 0x6A, 0x56, 0xE9, 0xEB,
    0xF5, 0x5B, 0xFD, 0xE4, 0x42, 0xB3, 0xCF, 0xA3, 0x4F, 0x4A, 0x86, 0x63, 0x79, 0x0F, 0x05, 0x7E,
    0xA5, 0x8A, 0xEA, 0x6D, 0x57, 0x5F, 0x82, 0x7A, 0xC2, 0xEE, 0x0F, 0x3A, 0x44, 0x1B, 0xF0, 0x70,
    0x3E, 0x73, 0x69, 0x5D, 0x6D, 0x87, 0x6C, 0x79, 0x4A, 0x76, 0xEF, 0xF9, 0x64, 0x55, 0x10, 0xDF,
    0xC4, 0x64, 0xAF, 0xBC, 0x80, 0xEA, 0x70, 0xDA, 0x2D, 0x26, 0x19, 0x30, 0x7B, 0x1D, 0x4B, 0xB1,
    0x4B, 0x29, 0x6D, 0x30, 0xE2, 0x2E, 0x65, 0x77, 0x73, 0xB5, 0xB9, 0xB9, 0x8E, 0xC9, 0xDC, 0xD2,
    0x86, 0x14, 0xCD, 0x26, 0x43, 0x29, 0x31, 0x9F, 0xC6, 0x6A, 0x02, 0x16, 0xDA, 0xAD, 0x8F, 0x8C,
    0x9B, 0xEC, 0xDC, 0x94, 0xBF, 0xCC, 0x2D, 0x2B, 0xD8, 0x0C, 0x6B, 0xA6, 0x9C, 0x09, 0x1B, 0x0D,
    0xA8, 0x5E, 0x12, 0xD8, 0x1C, 0x90, 0xA7, 0x9F, 0x46, 0x18, 0xD5, 0x92, 0xC8, 0x0C, 0xF2, 0x8D,
    0xC3, 0xFB, 0x5F, 0x08, 0xA7, 0xBF, 0x78, 0x9D, 0x04, 0xD2, 0x8E, 0xF1, 0x22, 0x3A, 0x8A, 0x87,
    0xB6, 0x05, 0xCD, 0x71, 0xA9, 0xCE, 0x8E, 0xEB, 0xE0, 0xF6, 0xF0, 0x3A, 0xA8, 0x90, 0x5B, 0x40,
    0x44, 0xE1, 0x9B, 0x01, 0x9B, 0x28, 0xA5, 0x84, 0x6A, 0x8B, 0xE2, 0xFC, 0xE9, 0x52, 0x5B, 0x48,
    0x82, 0x46, 0x56, 0x3D, 0x1D, 0x7F, 0x09, 0xEE, 0x34, 0x43, 0x1B, 0xC7, 0x39, 0xB1, 0x9B, 0x6F,
    0xDE, 0x7B, 0xC3, 0xDB, 0x7B, 0x05, 0x76, 0xBF, 0xEC, 0xFB, 0x66, 0xFD, 0xCD, 0xA7, 0x01, 0xD7,
    0x00, 0xDA, 0x95, 0x62, 0x17, 0xCC, 0xDA, 0x0F, 0xF5, 0xE2, 0x06, 0x1B, 0x1F, 0xC9, 0xCF, 0x57,
    0xE2, 0x31, 0x4A, 0x4C, 0xE9, 0xB7, 0xA9, 0xBE, 0xD5, 0x4E, 0x6F, 0x76, 0xC6, 0xAF, 0x6C, 0xB8,
    0xEF, 0xAE, 0x34, 0x32, 0x53, 0xFC, 0x35, 0x39, 0xC9, 0xAE, 0x63, 0x04, 0xE1, 0x71, 0xF9, 0xFA,
    0x28, 0xF1, 0x73, 0xFB, 0x4B, 0xC7, 0xFE, 0xD4, 0x79, 0xDA, 0x9F, 0xEE, 0xFB, 0xBE, 0xBF, 0x37,
    0xF4, 0x3B, 0x6E, 0xCD, 0x2F, 0xF2, 0xF3, 0x3C, 0x4B, 0xBB, 0x97, 0xC2, 0xA8, 0x1D, 0x78, 0xF3,
    0x50, 0x96, 0x5D, 0xFB, 0x64, 0xC3, 0x6A, 0x9F, 0x34, 0xDA, 0x27, 0xDA, 0x75, 0x68, 0x75, 0x73,
    0x9F, 0xD0, 0xCF, 0x63, 0x6A, 0x16, 0xDD, 0x40, 0x7B, 0x69, 0xA5, 0x73, 0xD1, 0x6E, 0xC9, 0xDA,
    0x61, 0x03, 0x2D, 0x23, 0x77, 0xED, 0x5E, 0x88, 0x93, 0x52, 0xBE, 0x20, 0x45, 0x42, 0xB6, 0x42,
    0xB8, 0x83, 0x74, 0x2B, 0xF2, 0x89, 0x80, 0x7C, 0x65, 0x42, 0xBE, 0x3A, 0x20, 0x2F, 0xC0, 0x78,
    0x27, 0xC9, 0x92, 0x44, 0x13, 0x33, 0x1C, 0x12, 0x72, 0x34, 0xF3, 0x28, 0x4E, 0x33, 0xE1, 0xBA,
    0xE4, 0x42, 0x18, 0x07, 0xE9, 0xBE, 0x20, 0xC8, 0x20, 0x94, 0x52, 0x8A, 0x1F, 0x29, 0xC4, 0x88,
    0x3F, 0x03, 0xF9, 0xA4, 0xF8, 0x5B, 0x20, 0x9F, 0xEA, 0xFD, 0x02, 0xF2, 0xFB, 0xEE, 0xD5, 0x00,
    0xF2, 0xB7, 0xEE, 0x35, 0x0F, 0x72, 0xC7, 0xBD, 0xD1, 0xA9, 0x8F, 0xFC, 0x7F, 0xF8, 0x18, 0x5C,
    0x44, 0x4B, 0xD0, 0x06, 0x55, 0xBE, 0xF5, 0xA8, 0xCF, 0xF7, 0x01, 0xB4, 0x53, 0xB5, 0x20, 0x89,
    0x6D, 0x29, 0x8B, 0xDB, 0xCC, 0x0B, 0xF1, 0xDB, 0x91, 0x2A, 0xCE, 0x90, 0x9C, 0x1C, 0x9A, 0xAD,
    0x90, 0x0E, 0x90, 0xE1, 0xD0, 0x02, 0x66, 0x9C, 0x68, 0xAC, 0x9B, 0x67, 0xF7, 0x77, 0x6D, 0xDA,
    0x3C, 0xA3, 0x95, 0xA1, 0x0D, 0xD5, 0xAE, 0x89, 0xD5, 0x56, 0x3C, 0xEC, 0x38, 0xAF, 0xE0, 0xD6,
    0x62, 0x47, 0x62, 0xB9, 0x17, 0x6F, 0x44, 0x13, 0xB5, 0xF9, 0x57, 0xAA, 0x58, 0x07, 0x4C, 0xB4,
    0x33, 0x66, 0xB3, 0x3E, 0x41, 0xD3, 0x51, 0xEE, 0x2D, 0x09, 0xAE, 0x43, 0xB1, 0x7F, 0x11, 0x90,
    0x6F, 0xFD, 0xEA, 0xEA, 0x06, 0x10, 0x49, 0xD1, 0x06, 0x70, 0x29, 0x89, 0x8C, 0x4A, 0xCD, 0x6D,
    0xEA, 0xE7, 0x82, 0xE3, 0x38, 0xA7, 0xF6, 0x85, 0xAC, 0xCD, 0x60, 0x44, 0x46, 0x12, 0x6C, 0x98,
    0xD7, 0x65, 0xA1, 0xF2, 0xD6, 0x53, 0x0D, 0x2D, 0x14, 0xAC, 0x1F, 0x82, 0x6A, 0xBA, 0x0B, 0x2D,
    0x02, 0x11, 0xBD, 0xEF, 0xE2, 0x09, 0xAC, 0x48, 0xA4, 0x7D, 0x56, 0x16, 0x9C, 0xAE, 0xAF, 0xD7,
    0xB8, 0xAB, 0xA6, 0x23, 0xFD, 0x8A, 0x74, 0x65, 0xB2, 0x13, 0x75, 0x96, 0x91, 0x22, 0x42, 0x9E,
    0xE5, 0xCA, 0xE3, 0x81, 0xBB, 0x1D, 0xE3, 0x80, 0x9D, 0xA8, 0x82, 0x32, 0xB6, 0x33, 0x8D, 0xC7,
    0x79, 0xAD, 0xE8, 0xD8, 0xE5, 0x39, 0xE5, 0x86, 0xFB, 0x36, 0xF1, 0x37, 0x0D, 0xF8, 0x13, 0x90,
    0x99, 0x66, 0xA1, 0x5E, 0xA9, 0x17, 0xEC, 0x7D, 0x5B, 0x03, 0xAE, 0xC3, 0x41, 0x3B, 0xE8, 0xA5,
    0x6A, 0xC5, 0x5D, 0xB0, 0x41, 0x8E, 0x44, 0xE7, 0x46, 0xB1, 0xEB, 0x2C, 0x37, 0xAA, 0x88, 0x04,
    0xA4, 0xA3, 0x5C, 0xB8, 0xB0, 0xD2, 0x2D, 0xAD, 0xFC, 0x34, 0xB8, 0x9B, 0x12, 0xCE, 0x4A, 0x99,
    0xAE, 0xF1, 0x11, 0xFE, 0x1B, 0xCD, 0x9A, 0x01, 0xA4, 0x26, 0xD9, 0x95, 0xC7, 0x7F, 0x55, 0x77,
    0xFA, 0x55, 0xD2, 0x65, 0xE7, 0x06, 0x33, 0x64, 0x7A, 0x4C, 0x2A, 0x18, 0x64, 0xB3, 0x3B, 0x5D,
    0x10, 0xF4, 0xF2, 0xDE, 0xBB, 0x37, 0x1A, 0x8B, 0x45, 0x66, 0xC9, 0x80, 0x45, 0x07, 0x03, 0x3B,
    0xC1, 0x5B, 0x0C, 0x66, 0x57, 0x6F, 0xEA, 0x4E, 0x06, 0x83, 0x60, 0x1F, 0xCB, 0x02, 0xA4, 0x11,
    0xEC, 0xBE, 0x20, 0xC1, 0xA2, 0x77, 0xB7, 0xBB, 0xEB, 0x4E, 0x3F, 0x04, 0x0B, 0x35, 0xDA, 0x5A,
    0x2C, 0xA6, 0x36, 0x3B, 0x64, 0xCD, 0x20, 0x37, 0x99, 0x4A, 0x52, 0x99, 0xBE, 0x55, 0x67, 0xEB,
    0x98, 0xFE, 0xDE, 0x4B, 0x12, 0xB0, 0xD9, 0xEE, 0xEE, 0xBD, 0xF7, 0x9E, 0xDF, 0x7D, 0xD4, 0xF9,
    0xCE, 0xFF, 0xFF, 0x9D, 0xEB, 0xAB, 0x2A, 0xAD, 0x79, 0x0A, 0x7A, 0x8F, 0x44, 0x24, 0x20, 0xF0,
    0x05, 0x00, 0x5E, 0x87, 0x89, 0x62, 0xC2, 0xE8, 0xA2, 0x9E, 0xB0, 0x13, 0xCD, 0x84, 0x4B, 0xBA,
    0xBA, 0x44, 0xBF, 0x71, 0xE0, 0x92, 0x07, 0x00, 0xF6, 0x81, 0x2B, 0xC0, 0x4D, 0x68, 0xB5, 0xCC,
    0x2F, 0x46, 0x93, 0x3F, 0x4A, 0x75, 0xFA, 0x68, 0xB2, 0xE3, 0x0F, 0x53, 0xFB, 0xEE, 0xE0, 0xDD,
    0xDD, 0x88, 0x3B, 0xDD, 0xC5, 0x9B, 0xDE, 0xFD, 0xE8, 0xED, 0xE8, 0xA4, 0xF7, 0x56, 0x16, 0x2A,
    0x99, 0xE0, 0xC8, 0xC3, 0xD3, 0xC0, 0x0B, 0xA0, 0x96, 0x28, 0x25, 0xD0, 0xCA, 0x44, 0x3F, 0x64,
    0x24, 0xAC, 0xA5, 0xA0, 0x71, 0xBB, 0x10, 0x0F, 0x12, 0xA0, 0x0F, 0x14, 0xDD, 0xBF, 0x51, 0x8B,
    0xF8, 0xBD, 0xFE, 0x03, 0x70, 0xC0, 0x6D, 0x28, 0x27, 0xB0, 0x1F, 0x9C, 0x1C, 0x3B, 0x91, 0xD4,
    0x89, 0x8C, 0xBD, 0xC8, 0xF0, 0x22, 0xBC, 0x7A, 0x1B, 0x72, 0x77, 0xF1, 0x6F, 0xE7, 0x46, 0x64,
    0x30, 0xAB, 0x50, 0x8D, 0x8D, 0xAF, 0xA3, 0x8D, 0xF5, 0x36, 0x75, 0xAF, 0x06, 0x1B, 0xCC, 0xC7,
    0x3D, 0x56, 0x64, 0xE8, 0x9E, 0xBF, 0x37, 0x6B, 0xFE, 0x15, 0x78, 0xFD, 0xD2, 0x49, 0x38, 0x09,
    0x4E, 0xEE, 0x4A, 0x7C, 0x7E, 0xFD, 0xF2, 0x1D, 0x6F, 0x16, 0x6E, 0x62, 0xD6, 0x22, 0x51, 0x8A,
    0x19, 0x40, 0xEA, 0x00, 0xF2, 0x15, 0xA0, 0xBF, 0x0D, 0x17, 0xFA, 0xC5, 0xA3, 0x0A, 0x5C, 0xE8,
    0x7E, 0xE6, 0xC1, 0x0D, 0xE0, 0x44, 0x02, 0x0A, 0xE8, 0x23, 0x20, 0x01, 0x5A, 0xC9, 0xE0, 0x14,
    0xF9, 0x57, 0xC6, 0xDF, 0x03, 0xF9, 0x57, 0x07, 0x14, 0x77, 0x3C, 0x56, 0x46, 0xDC, 0xDB, 0x13,
    0xBD, 0x99, 0xE9, 0xFD, 0x0D, 0xFA, 0x01, 0xBA, 0x09, 0xDA, 0x15, 0x8E, 0x24, 0x9A, 0x9F, 0xC8,
    0x68, 0x07, 0x97, 0x6C, 0xB4, 0xA9, 0x19, 0xEB, 0xD4, 0x4C, 0x76, 0xB4, 0x6B, 0x13, 0x2A, 0x99,
    0x29, 0x24, 0x41, 0x97, 0xC1, 0x66, 0x0E, 0xCC, 0x42, 0x5F, 0x66, 0xBA, 0xAB, 0x99, 0xF6, 0xDB,
    0x89, 0xBD, 0xD5, 0x63, 0xFD, 0x4D, 0xF7, 0xCE, 0xEA, 0xEE, 0x8A, 0xBB, 0xBB, 0x5C, 0xE4, 0x55,
    0xF8, 0x83, 0xF7, 0x81, 0x4A, 0xCD, 0xE2, 0x42, 0x35, 0xC1, 0x0C, 0xD7, 0x31, 0x63, 0xFD, 0x7E,
    0x43, 0x1D, 0xFA, 0xD5, 0x7A, 0x6B, 0xE6, 0xCB, 0x55, 0x7C, 0xA9, 0x1E, 0x5F, 0x30, 0x71, 0xDF,
    0x46, 0x36, 0x36, 0x51, 0xD9, 0x86, 0x73, 0x36, 0xF1, 0x99, 0x4A, 0xAF, 0x5E, 0xA9, 0xFD, 0x7E,
    0x3D, 0xDD, 0xB4, 0x5C, 0x2E, 0x24, 0x1D, 0x60, 0xFD, 0xB3, 0x7E, 0xC6, 0x8C, 0x98, 0x44, 0xB1,
    0xD2, 0x05, 0x68, 0x65, 0x06, 0x8A, 0x13, 0x0F, 0x00, 0xB8, 0x85, 0xE2, 0xE3, 0x4C, 0xF5, 0x4E,
    0xC6, 0x7E, 0x33, 0xD3, 0x9A, 0x19, 0x67, 0x26, 0xBA, 0x2A, 0xD1, 0x5D, 0xFB, 0x08, 0x77, 0x7F,
    0xA5, 0x3D, 0x9D, 0x39, 0x1F, 0x26, 0xD6, 0x81, 0x26, 0x3A, 0xE8, 0x8B, 0x8C, 0xC9, 0x75, 0xA2,
    0x49, 0x2E, 0xE2, 0xA2, 0x40, 0xE7, 0x05, 0x5C, 0xEC, 0x3D, 0x36, 0xB5, 0x11, 0x33, 0xD7, 0x09,
    0x72, 0x39, 0xC3, 0x21, 0xD7, 0xE1, 0x53, 0x3C, 0x43, 0x2F, 0x92, 0xB6, 0x98, 0x34, 0xA0, 0xFC,
    0xAD, 0x78, 0xED, 0x44, 0xB6, 0xF1, 0xDA, 0x09, 0x47, 0x23, 0xE6, 0xE3, 0x5B, 0x58, 0x6F, 0xF9,
    0xC3, 0xEE, 0x07, 0xFE, 0xCA, 0x95, 0xFF, 0x0A, 0x5F, 0xFA, 0xAB, 0xD3, 0xF0, 0xFA, 0xBF, 0x5C,
    0x0D, 0x5F, 0xFA, 0xE8, 0xD4, 0xFF, 0xD1, 0xCF, 0x7F, 0xCC, 0x4B, 0xDB, 0xB4, 0x7F, 0x37, 0x51,
    0x4A, 0x00, 0x00, 0xE8, 0x24, 0xF4, 0xE2, 0x9F, 0x7D, 0x85, 0xF2, 0x7D, 0x9A, 0x95, 0xFD, 0xDA,
    0x5F, 0x31, 0x61, 0x5B, 0xFB, 0x55, 0x68, 0x8F, 0xA8, 0x33, 0xBB, 0x61, 0xE3, 0xAF, 0xC5, 0x6B,
    0xDF, 0xFB, 0xE0, 0x86, 0x5A, 0xD3, 0xA0, 0x89, 0xBF, 0x71, 0x3D, 0x00, 0xF0, 0xDA, 0xC9, 0xC9,
    0x79, 0xCE, 0x05, 0x0A, 0x49, 0xE6, 0x74, 0xAE, 0xEF, 0xE6, 0x6D, 0x15, 0x66, 0xC2, 0x0E, 0x38,
    0x98, 0xA9, 0x22, 0xAD, 0x24, 0xA7, 0x6B, 0xE4, 0x59, 0x34, 0xED, 0x5E, 0xAE, 0xB6, 0x9C, 0x72,
    0xA6, 0x4A, 0xDC, 0xF1, 0x1C, 0x0D, 0x54, 0xE9, 0xC0, 0x4C, 0x87, 0x55, 0x72, 0xED, 0x58, 0x8B,
    0x07, 0x3D, 0xF3, 0x64, 0x53, 0x33, 0x38, 0x7F, 0xC8, 0x1B, 0x00, 0x47, 0xF1, 0xF9, 0x09, 0x89,
    0x2E, 0x3D, 0x40, 0x70, 0x63, 0x21, 0xA1, 0xDB, 0xE0, 0xBB, 0x58, 0x0A, 0x7D, 0x34, 0x82, 0x44,
    0xB3, 0x22, 0x41, 0x81, 0x59, 0x4A, 0xA1, 0x92, 0x6B, 0x42, 0x2D, 0x22, 0x37, 0xAD, 0x2C, 0x32,
    0xD9, 0xFB, 0x93, 0x0C, 0xCD, 0x4F, 0xC2, 0x73, 0xB4, 0x23, 0xE0, 0xCE, 0xD0, 0x0D, 0xC0, 0x17,
    0x3D, 0x00, 0x3C, 0xFB, 0x32, 0x7B, 0x22, 0x0B, 0x4E, 0x24, 0x17, 0x92, 0x5D, 0xAC, 0x64, 0xEE,
    0x82, 0x95, 0xA9, 0xF7, 0xAD, 0xA4, 0x1E, 0x27, 0x49, 0x76, 0x18, 0xD7, 0x0D, 0xEF, 0x6A, 0xEE,
    0xDD, 0x85, 0x56, 0x4E, 0x33, 0x56, 0x61, 0x14, 0xF4, 0x6F, 0xCF, 0xB0, 0xF7, 0x27, 0x13, 0x50,
    0x27, 0xC0, 0x9E, 0x63, 0x04, 0x1A, 0x45, 0x3B, 0x00, 0x97, 0x02, 0x75, 0x74, 0x49, 0xA7, 0x1B,
    0x2E, 0x50, 0x46, 0x13, 0xAA, 0x44, 0x26, 0xBB, 0x59, 0xAF, 0x43, 0xEF, 0x2B, 0x81, 0x1E, 0x04,
    0x56, 0x58, 0x28, 0x32, 0x65, 0xC6, 0x6C, 0x6B, 0xE6, 0xEB, 0xAB, 0xEF, 0xC5, 0x03, 0xF4, 0x63,
    0xF5, 0xD3, 0xD9, 0xBE, 0x93, 0xDD, 0x9B, 0xD9, 0x7D, 0x39, 0x77, 0x65, 0xEE, 0xCC, 0xEC, 0x4C,
    0x6A, 0xFF, 0x26, 0xD6, 0x2B, 0x40, 0x41, 0x01, 0x55, 0xB4, 0x1E, 0x93, 0xEA, 0x11, 0x16, 0x33,
    0x6B, 0xED, 0x15, 0xDC, 0xD0, 0x45, 0xEC, 0xD8, 0x46, 0xDA, 0xD1, 0x45, 0xFA, 0x20, 0x94, 0x7A,
    0xB5, 0x4E, 0x76, 0xA0, 0x0D, 0x0E, 0x0E, 0xB8, 0xC9, 0xAF, 0x8F, 0xDE, 0x53, 0x7B, 0x2A, 0x81,
    0x06, 0xE8, 0x35, 0x05, 0x04, 0x66, 0x60, 0xA5, 0x4C, 0x50, 0x2C, 0x54, 0x11, 0x75, 0x6A, 0x3D,
    0xBA, 0x1D, 0xE2, 0x30, 0x99, 0x5B, 0x08, 0x66, 0x2E, 0x92, 0x59, 0x39, 0x5A, 0xAF, 0x0E, 0x4F,
    0xDF, 0xA1, 0x97, 0xAF, 0x84, 0x2B, 0x0B, 0xD0, 0x32, 0x66, 0xE0, 0xBA, 0x79, 0x33, 0x03, 0x53,
    0xFD, 0xDD, 0xD5, 0x63, 0x46, 0x2B, 0xE2, 0xA9, 0xE3, 0xC5, 0xEF, 0x7E, 0x0C, 0x0D, 0x98, 0x84,
    0x8A, 0x55, 0x09, 0x9E, 0xFA, 0x3F, 0x58, 0xFA, 0x2A, 0x6A, 0xA9, 0x16, 0xAF, 0x96, 0x0E, 0xDB,
    0xA8, 0x96, 0x0E, 0xED, 0xA0, 0x96, 0x0E, 0x6C, 0x54, 0x4B, 0x4F, 0xB5, 0x11, 0x5A, 0xE8, 0xD5,
    0x12, 0xE5, 0x0C, 0x4C, 0xD4, 0x11, 0xCC, 0xC8, 0x01, 0xE8, 0x9F, 0xEA, 0xAC, 0xA1, 0xD4, 0xED,
    0x40, 0xB7, 0x33, 0x4B, 0xCF, 0x02, 0x50, 0x48, 0xA2, 0x1C, 0x30, 0xF7, 0x66, 0xD5, 0xAD, 0xEF,
    0xAA, 0x2E, 0x45, 0x39, 0x73, 0x08, 0x54, 0x89, 0x5B, 0xC0, 0x1D, 0x5F, 0x24, 0xE0, 0x68, 0x30,
    0x03, 0x68, 0xCB, 0x83, 0x8D, 0x07, 0xD5, 0xD4, 0xE2, 0xE2, 0x61, 0x9D, 0xAE, 0x23, 0xC1, 0xB5,
    0xE3, 0x64, 0xBE, 0x17, 0xAC, 0x5C, 0x1D, 0x9F, 0x76, 0x5E, 0x75, 0xAF, 0x38, 0xA0, 0x61, 0xEC,
    0x80, 0x83, 0xF2, 0x03, 0x39, 0x86, 0xD9, 0x88, 0x0C, 0x94, 0xA9, 0x3C, 0x59, 0x83, 0x8A, 0x91,
    0x41, 0xC5, 0x32, 0x14, 0x00, 0xC0, 0x05, 0xC0, 0x45, 0xE8, 0x23, 0x48, 0x84, 0xCE, 0x83, 0xDA,
    0xD5, 0xD8, 0x07, 0xAE, 0x83, 0xC9, 0xD0, 0xCE, 0x94, 0x92, 0xB0, 0x12, 0x71, 0x2B, 0x74, 0x09,
    0x7A, 0x0F, 0x52, 0x64, 0xEE, 0x98, 0x4C, 0x57, 0x65, 0x1A, 0x49, 0xE8, 0xE3, 0x01, 0xDE, 0x00,
    0x40, 0x40, 0x19, 0x01, 0xDC, 0x04, 0x50, 0x66, 0x00, 0x5E, 0xE4, 0x6C, 0x94, 0x2B, 0x80, 0x11,
    0x00, 0x7B, 0x4E, 0x0E, 0x04, 0xAD, 0x23, 0x1E, 0x48, 0x12, 0xA0, 0x18, 0x95, 0x26, 0x4A, 0x84,
    0x2A, 0xA8, 0x59, 0x8B, 0xB2, 0x3D, 0x91, 0x01, 0x9C, 0xC8, 0x08, 0xFF, 0xF4, 0x4A, 0x37, 0x42,
    0xC2, 0x25, 0xCA, 0x51, 0x69, 0x22, 0x6D, 0xA2, 0xCF, 0x46, 0xC4, 0x4B, 0xAE, 0x44, 0x00, 0xCA,
    0x63, 0x00, 0x9B, 0x00, 0x5C, 0x3A, 0xB3, 0x68, 0x66, 0x80, 0x32, 0x3C, 0x51, 0x6F, 0xBF, 0x0F,
    0x80, 0x80, 0xEA, 0x46, 0xC0, 0x7E, 0x98, 0x80, 0xC3, 0x62, 0x06, 0x5E, 0xE4, 0xF3, 0x4F, 0xD2,
    0x1B, 0x00, 0xD5, 0xF4, 0x7B, 0x40, 0x23, 0xB7, 0x00, 0x27, 0xB3, 0x6A, 0xB9, 0x04, 0x7C, 0x66,
    0xCF, 0x3F, 0x41, 0x6F, 0x8E, 0x0C, 0xF4, 0xDF, 0x5C, 0xCF, 0xE8, 0x8A, 0x0C, 0xC0, 0x13, 0x3D,
    0xCD, 0x67, 0x01, 0x90, 0x00, 0x98, 0x7B, 0x51, 0x79, 0x77, 0x50, 0x9E, 0x46, 0xD8, 0x3D, 0x92,
    0xFF, 0xF2, 0x89, 0x3A, 0x2C, 0xFE, 0xF4, 0x65, 0x50, 0xCD, 0x6D, 0xC4, 0xF3, 0x9D, 0xCB, 0x12,
    0x9B, 0x00, 0xEC, 0x4B, 0xB0, 0x1E, 0xF8, 0xC9, 0xB6, 0x03, 0xE5, 0x0F, 0xC5, 0x03, 0x54, 0x77,
    0xC5, 0x0C, 0x80, 0x35, 0x62, 0xA2, 0xA6, 0x1B, 0x91, 0x08, 0x5C, 0x7F, 0xB0, 0x4F, 0xD5, 0x62,
    0x03, 0x5A, 0x2E, 0x5B, 0x0F, 0xD5, 0xB6, 0x5F, 0x00, 0xAC, 0xB7, 0x19, 0xE0, 0x10, 0x3B, 0x73,
    0x00, 0xD7, 0x69, 0x26, 0x6E, 0xC1, 0x44, 0x3B, 0x91, 0x71, 0xA2, 0xFA, 0xF3, 0xD9, 0x0E, 0x5F,
    0xFF, 0x6F, 0xA8, 0x45, 0x06, 0xBA, 0x5F, 0x5E, 0x1B, 0x0A, 0x09, 0x76, 0xA8, 0x56, 0xEA, 0x68,
    0xF3, 0x86, 0x76, 0xA2, 0xF0, 0x2E, 0x01, 0xDD, 0x08, 0xF4, 0x03, 0x20, 0xF1, 0xB7, 0xD1, 0x0F,
    0x3C, 0xA7, 0x29, 0x87, 0xB8, 0xC4, 0x37, 0xB0, 0x99, 0x85, 0x4A, 0x3E, 0xC8, 0xD0, 0xAB, 0xC6,
    0xDE, 0x2F, 0x01, 0x46, 0x80, 0x05, 0xA0, 0xDD, 0xC1, 0xAE, 0x40, 0x3D, 0x01, 0xE5, 0x08, 0x54,
    0x19, 0x30, 0x02, 0x14, 0x12, 0x81, 0x66, 0x04, 0x08, 0x70, 0xE1, 0x15, 0x40, 0x44, 0x32, 0x0A,
    0x6C, 0x2E, 0x66, 0xEC, 0xCC, 0x4C, 0x33, 0xA3, 0x5F, 0x0C, 0x68, 0xD3, 0x01, 0xB8, 0xB4, 0x0F,
    0x4E, 0xF2, 0x03, 0x74, 0xC3, 0x0C, 0x7D, 0x9C, 0x40, 0xE2, 0xCB, 0x0A, 0x40, 0x82, 0xD1, 0x6F,
    0x59, 0xC7, 0x52, 0xBC, 0x8D, 0x4E, 0x44, 0x14, 0x12, 0x80, 0x8B, 0x00, 0x5D, 0x54, 0xF5, 0x00,
    0xD5, 0xBA, 0x73, 0xF0, 0x69, 0x1E, 0x97, 0x83, 0x1B, 0x80, 0xC9, 0xBB, 0xC6, 0x74, 0x9D, 0xA7,
    0x98, 0xEB, 0x08, 0x81, 0xF0, 0x78, 0x1C, 0xE4, 0x6A, 0xC4, 0x2C, 0x76, 0xC2, 0x64, 0x9B, 0x28,
    0xE7, 0x7A, 0x04, 0xE0, 0xB1, 0x88, 0xFF, 0x23, 0x94, 0xEB, 0x83, 0xE6, 0x77, 0x23, 0x54, 0x33,
    0xF0, 0x35, 0x50, 0x6D, 0x91, 0x11, 0x91, 0x01, 0x9B, 0x51, 0x5D, 0x95, 0x45, 0x55, 0xDB, 0x04,
    0x6E, 0x17, 0xA3, 0x0A, 0xAA, 0x1E, 0xC8, 0x2E, 0x02, 0x5A, 0x6F, 0x93, 0xC2, 0xC9, 0x84, 0x06,
    0x94, 0x01, 0x9A, 0x11, 0xFA, 0x91, 0x52, 0x02, 0xF5, 0x04, 0x25, 0x8F, 0x40, 0xE7, 0x0B, 0x50,
    0xAC, 0x50, 0x89, 0xA7, 0x7D, 0x2F, 0x72, 0xBB, 0x4C, 0x7C, 0x6D, 0x9B, 0x0F, 0x5B, 0xA7, 0xBD,
    0x9A, 0xE8, 0xFE, 0x75, 0x46, 0xC3, 0x99, 0x04, 0xF0, 0xD0, 0x35, 0xB4, 0x1E, 0xE8, 0x31, 0xA1,
    0x9C, 0xC1, 0xE6, 0x4A, 0xB4, 0xAE, 0xA6, 0x36, 0x33, 0x12, 0xB5, 0x76, 0x37, 0x68, 0xF5, 0x6E,
    0xC4, 0xA5, 0x6D, 0xD5, 0x22, 0x83, 0x4B, 0x56, 0x24, 0x76, 0xA3, 0x5E, 0xEA, 0x47, 0xD5, 0x91,
    0xF3, 0xA5, 0x12, 0x12, 0xAA, 0x55, 0xF5, 0x9A, 0xAC, 0x8A, 0xFD, 0x88, 0x13, 0x11, 0xAF, 0x7C,
    0x9F, 0xB3, 0x61, 0xE6, 0xA7, 0x01, 0x2B, 0xB7, 0x81, 0x56, 0x32, 0xB0, 0xDF, 0x26, 0xE0, 0x33,
    0x65, 0x00, 0xA0, 0x78, 0x19, 0x59, 0x90, 0x15, 0x5D, 0x0B, 0x56, 0xA8, 0xE2, 0xC6, 0x50, 0x07,
    0x3E, 0x27, 0x71, 0xE3, 0x4B, 0xFD, 0x60, 0x3D, 0xFB, 0x2E, 0x59, 0x76, 0x6C, 0xE6, 0x06, 0xAE,
    0xDB, 0x7C, 0x19, 0x6E, 0xD6, 0xCB, 0x4B, 0x1B, 0x8D, 0xEC, 0xC3, 0xA4, 0x24, 0x15, 0x72, 0x0B,
    0x12, 0x32, 0x53, 0x24, 0xFA, 0x99, 0x72, 0xC4, 0x69, 0x2F, 0xBC, 0x7E, 0x3F, 0xC1, 0x26, 0x00,
    0x80, 0x2A, 0x00, 0x36, 0x29, 0xCE, 0xEE, 0x5E, 0x1C, 0x45, 0xA0, 0xF4, 0xC0, 0xD7, 0x6F, 0x40,
    0x2D, 0x02, 0xDD, 0xCF, 0xFA, 0x58, 0xE8, 0xC7, 0xCD, 0x8A, 0x9D, 0x6C, 0xC6, 0xE6, 0x66, 0xDE,
    0xE0, 0xD2, 0x0E, 0xFD, 0xA8, 0x18, 0x36, 0x48, 0xA4, 0x51, 0xB4, 0xD3, 0x06, 0x97, 0xFA, 0x0D,
    0x63, 0xA7, 0x0D, 0x73, 0xA3, 0x96, 0x48, 0xD5, 0x42, 0xBD, 0xF6, 0x13, 0x85, 0x48, 0x80, 0x8B,
    0xDF, 0xE1, 0xEC, 0xB5, 0x46, 0x76, 0x16, 0x9A, 0x0C, 0xB8, 0x00, 0xBC, 0xC8, 0xE3, 0xB4, 0x51,
    0x9E, 0xB5, 0xC3, 0x65, 0x60, 0xB9, 0x03, 0x66, 0x6C, 0x3C, 0x25, 0xE5, 0xE3, 0xB4, 0x01, 0x40,
    0xFF, 0xE5, 0x48, 0x21, 0x1F, 0x46, 0x8C, 0x5E, 0xA9, 0xDE, 0x12, 0x28, 0x78, 0xF5, 0x31, 0xDA,
    0x30, 0xC9, 0x46, 0xEA, 0xD9, 0x0D, 0xD8, 0x69, 0x43, 0x95, 0x9A, 0x00, 0xF0, 0x78, 0x1B, 0xF1,
    0x34, 0x45, 0x74, 0xA1, 0x4A, 0xED, 0xD8, 0x8C, 0xF5, 0xDC, 0x85, 0x72, 0x5D, 0xA1, 0x9F, 0xC1,
    0x25, 0xE8, 0x66, 0x0A, 0x59, 0xA9, 0xE6, 0x3E, 0x34, 0x63, 0x3B, 0xBA, 0x50, 0xA7, 0xA7, 0x29,
    0x23, 0x9C, 0x8F, 0xBD, 0x7F, 0x2E, 0x22, 0xF4, 0xF2, 0x8B, 0x81, 0x6A, 0xFD, 0x33, 0x09, 0x34,
    0x53, 0x21, 0xE0, 0x86, 0x4D, 0x13, 0x89, 0x95, 0xA8, 0xFF, 0x46, 0xA2, 0x11, 0xBE, 0xD1, 0x47,
    0xB3, 0x16, 0x73, 0x1F, 0xEB, 0xA5, 0x1A, 0x25, 0xD6, 0xD9, 0x06, 0x89, 0x36, 0x1F, 0xA2, 0x9C,
    0xB7, 0x34, 0x2B, 0x63, 0x29, 0xD4, 0x12, 0xCC, 0x4A, 0xB5, 0x52, 0x67, 0x4C, 0xA6, 0x99, 0x30,
    0x42, 0x37, 0x60, 0xE5, 0x43, 0xF1, 0xB8, 0x46, 0x66, 0xF8, 0x14, 0x27, 0x1E, 0x28, 0x07, 0x80,
    0x7A, 0x42, 0xB9, 0x72, 0xFE, 0x4A, 0xD7, 0x0E, 0x00, 0x45, 0x80, 0xE2, 0x15, 0x78, 0x99, 0x4E,
    0x92, 0x13, 0xBF, 0xB1, 0x15, 0x4D, 0x2C, 0x47, 0xEA, 0x05, 0xA3, 0xAD, 0xC3, 0x0C, 0x28, 0xA3,
    0xB2, 0x8A, 0x34, 0x33, 0xB5, 0xF6, 0x90, 0x3A, 0xA0, 0x0D, 0xF6, 0x28, 0x39, 0x67, 0x0B, 0x6E,
    0xE4, 0x10, 0x5C, 0x62, 0x1F, 0xE5, 0x0C, 0x6D, 0x36, 0x09, 0xAC, 0x48, 0x84, 0x52, 0x04, 0xE0,
    0xD2, 0x31, 0xA0, 0x3B, 0x00, 0xBD, 0x07, 0x4A, 0x51, 0xDA, 0xE5, 0xDC, 0xE1, 0x67, 0x79, 0xF2,
    0x0E, 0x8B, 0x1B, 0x00, 0xD5, 0x0C, 0xD0, 0x2E, 0x00, 0x77, 0x3A, 0xA0, 0x9C, 0xAC, 0xA6, 0x86,
    0x32, 0x3C, 0x69, 0x87, 0xE5, 0x54, 0x0F, 0x60, 0x72, 0x93, 0xA0, 0x52, 0x62, 0xD4, 0x1B, 0xC0,
    0xFF, 0x97, 0xF3, 0xED, 0x3D, 0x18, 0xD9, 0x1D, 0xAE, 0x1B, 0x80, 0xCF, 0x82, 0x3E, 0x16, 0xBF,
    0xEA, 0x64, 0xEA, 0xB2, 0x93, 0xD4, 0x65, 0x23, 0xD8, 0x50, 0x8A, 0x6F, 0x28, 0x24, 0xEC, 0x83,
    0xC4, 0x9B, 0x20, 0xEF, 0x24, 0xE8, 0xEE, 0x0D, 0xE0, 0x7E, 0x14, 0xC0, 0xC9, 0xEE, 0x14, 0x6C,
    0x56, 0xCC, 0x40, 0x33, 0x01, 0x6D, 0x02, 0xDC, 0x0E, 0x56, 0xC4, 0x2B, 0xCE, 0xDF, 0xBD, 0x46,
    0x45, 0xDC, 0x7D, 0x6C, 0x3D, 0x86, 0x46, 0x24, 0xD0, 0x7E, 0xDC, 0x27, 0xDA, 0x64, 0x67, 0x5C,
    0xAA, 0xF3, 0x03, 0x8C, 0x1B, 0xBA, 0xC1, 0x66, 0xFA, 0xD8, 0x4E, 0x48, 0xEC, 0x07, 0x44, 0xC4,
    0x6B, 0x15, 0xB5, 0x06, 0x9B, 0x49, 0x70, 0x32, 0x3D, 0x00, 0x80, 0xAA, 0xD0, 0xAA, 0x4C, 0xB1,
    0x56, 0x19, 0xAA, 0xD9, 0x64, 0xB0, 0x49, 0xD9, 0x8E, 0x66, 0x06, 0x37, 0xD8, 0x51, 0xD9, 0x02,
    0x5D, 0xBC, 0x05, 0xF4, 0x77, 0x93, 0xF2, 0x54, 0x29, 0x3F, 0x98, 0x95, 0x6F, 0x2F, 0xCA, 0xAB,
    0xE2, 0x51, 0x0E, 0x14, 0x82, 0x24, 0x4A, 0xC1, 0xCD, 0x4A, 0x3B, 0x63, 0xD6, 0xB6, 0x52, 0xBA,
    0x3F, 0x9E, 0x30, 0x8B, 0xFB, 0x56, 0xC2, 0x64, 0x2B, 0x81, 0x2A, 0x17, 0xDF, 0x81, 0x7A, 0x06,
    0x95, 0x05, 0x0E, 0x55, 0x8E, 0xFE, 0x5A, 0x04, 0x3A, 0x61, 0xD7, 0x28, 0x28, 0x13, 0x60, 0xF2,
    0x0E, 0xC5, 0x02, 0xD0, 0x03, 0xB4, 0x00, 0x35, 0xBB, 0xD1, 0xBF, 0x17, 0xA8, 0x45, 0x3C, 0xEE,
    0xDF, 0x05, 0x56, 0x23, 0x94, 0xD9, 0xAC, 0x54, 0x93, 0x59, 0xB0, 0xA9, 0xCA, 0x34, 0x9F, 0xB4,
    0xCB, 0x2A, 0xEC, 0xBC, 0xA1, 0x99, 0x70, 0xC9, 0xA5, 0xD1, 0xC9, 0x8F, 0xEF, 0x47, 0x27, 0xD7,
    0xC4, 0xDB, 0xC5, 0x2E, 0x14, 0xC7, 0xC5, 0xF1, 0x59, 0xFD, 0xCE, 0x03, 0xA2, 0x58, 0x81, 0x32,
    0x03, 0x26, 0x29, 0xE2, 0xA3, 0xD2, 0x55, 0x50, 0x9D, 0xBD, 0x64, 0xB8, 0x05, 0xC8, 0x0E, 0xCC,
    0x68, 0x03, 0x85, 0x2F, 0x1F, 0x95, 0xEE, 0x73, 0x04, 0x3D, 0x64, 0x3D, 0x45, 0x89, 0x18, 0xBD,
    0x3D, 0x9B, 0x37, 0x57, 0x00, 0x1E, 0x95, 0xE4, 0x54, 0x07, 0x4C, 0x6E, 0x47, 0xAA, 0xEC, 0x46,
    0xFD, 0x6B, 0x80, 0xE3, 0xBD, 0x47, 0x2A, 0x09, 0x40, 0x3D, 0x03, 0xED, 0x1D, 0x60, 0xDF, 0x02,
    0x6F, 0x28, 0xF6, 0x2F, 0x03, 0x6D, 0x06, 0xF6, 0x8E, 0x1F, 0x95, 0x78, 0xFF, 0xAE, 0x0C, 0x5A,
    0x50, 0x66, 0xAD, 0x78, 0x9A, 0x59, 0x11, 0x93, 0xB7, 0x9A, 0xDB, 0xAC, 0xA6, 0x2A, 0xDB, 0xB4,
    0xCD, 0xD9, 0x0D, 0x4D, 0xB2, 0x3F, 0x5F, 0xB5, 0xA4, 0x0C, 0x5A, 0x73, 0x46, 0x39, 0x71, 0x63,
    0x2B, 0x9D, 0xCB, 0xB4, 0xD5, 0x16, 0x89, 0x4E, 0xDE, 0x12, 0xF1, 0x76, 0x2D, 0x24, 0xB3, 0x15,
    0xBF, 0xE4, 0xA1, 0x59, 0x40, 0x24, 0x98, 0xDC, 0x45, 0x9B, 0x5C, 0x6C, 0xC7, 0xDA, 0x9F, 0xFD,
    0x43, 0x64, 0xE0, 0x3C, 0x62, 0x85, 0x8C, 0x0D, 0x9D, 0x2C, 0x38, 0x99, 0xB0, 0x12, 0xE1, 0x26,
    0xF0, 0x7D, 0x60, 0x05, 0x1A, 0x8F, 0x46, 0x2D, 0x50, 0xCD, 0x40, 0x0B, 0xB8, 0x00, 0x5A, 0xAC,
    0x19, 0xA0, 0x1E, 0xA1, 0x4C, 0x80, 0x06, 0xF0, 0xFC, 0x0A, 0x22, 0xD1, 0xE4, 0x76, 0xD3, 0x6D,
    0x87, 0x76, 0x74, 0xD1, 0xC5, 0x2E, 0xF4, 0x77, 0x57, 0xE4, 0xDB, 0x09, 0x59, 0x55, 0x53, 0xC3,
    0x20, 0x43, 0x43, 0x2F, 0x2B, 0x4E, 0x66, 0xAC, 0x0C, 0xF0, 0xE7, 0x00, 0x5A, 0xAC, 0x9A, 0xC0,
    0x26, 0xB0, 0x23, 0xB4, 0x01, 0x0E, 0x81, 0xFD, 0x87, 0x54, 0xFF, 0x39, 0xA0, 0x83, 0x42, 0x22,
    0x46, 0x06, 0xEC, 0x69, 0xE2, 0x90, 0x99, 0xCF, 0x6F, 0xF3, 0x61, 0xD4, 0x6F, 0xFC, 0x4D, 0xDC,
    0x96, 0xDC, 0x9D, 0xAE, 0xB8, 0x6F, 0x66, 0x3E, 0xCD, 0xD7, 0x80, 0x87, 0xE2, 0xDD, 0x81, 0x0B,
    0xB8, 0x48, 0x1B, 0xA9, 0x47, 0xCA, 0x04, 0x09, 0x80, 0xDB, 0x1C, 0x2D, 0x48, 0xE6, 0x5A, 0xC6,
    0x6E, 0x6B, 0xA6, 0x99, 0x68, 0x13, 0x6E, 0x5B, 0x23, 0x6E, 0xD8, 0xBC, 0x84, 0xFE, 0xC7, 0xF4,
    0x0B, 0x6E, 0x62, 0xCF, 0x83, 0x49, 0xD4, 0x13, 0x36, 0xD1, 0x8C, 0xB4, 0x81, 0x43, 0xB8, 0xF2,
    0x3B, 0xD5, 0x79, 0x0E, 0x3A, 0x0A, 0x09, 0x95, 0x0C, 0x5B, 0x1B, 0x0F, 0x98, 0xB4, 0x89, 0xFF,
    0xFB, 0x3A, 0x75, 0x98, 0xDC, 0xBD, 0xAC, 0xEB, 0x34, 0x5F, 0xE4, 0x06, 0xFC, 0x4E, 0x66, 0x9E,
    0x02, 0x1A, 0xFF, 0x17, 0x34, 0xF7, 0x27, 0x4A, 0x09, 0x54, 0xE2, 0x71, 0x47, 0x91, 0x67, 0xEC,
    0x48, 0x51, 0x27, 0xFA, 0x5F, 0xCC, 0x46, 0xFA, 0xD9, 0xCE, 0x36, 0xB7, 0xC9, 0x66, 0xFD, 0xA1,
    0xF6, 0xD1, 0x66, 0x89, 0x76, 0x16, 0x8D, 0xD0, 0x24, 0x09, 0xED, 0x16, 0x2E, 0xF6, 0x51, 0xBC,
    0xBB, 0xBF, 0x50, 0x4B, 0x42, 0x1B, 0x0F, 0x37, 0x2E, 0x40, 0xB5, 0x7C, 0x0E, 0xAC, 0x64, 0x68,
    0xFA, 0x19, 0xF6, 0x6D, 0x02, 0x60, 0x67, 0xB7, 0xCA, 0xB4, 0x8B, 0x5B, 0xE9, 0xB3, 0x08, 0xD7,
    0xE4, 0x3F, 0x04, 0xBB, 0x9A, 0x15, 0x9B, 0xCD, 0x82, 0x9D, 0xAB, 0x4C, 0x33, 0xD5, 0x19, 0x95,
    0xC6, 0xA5, 0x4F, 0xEE, 0x0F, 0x69, 0x43, 0x9B, 0x86, 0x6E, 0x70, 0xF7, 0x37, 0x4D, 0x27, 0x48,
    0x6C, 0x32, 0xCF, 0x50, 0x1E, 0x83, 0x0D, 0xD0, 0x0C, 0xD0, 0x24, 0xA8, 0x13, 0x98, 0x09, 0xC8,
    0xEC, 0x8E, 0x8A, 0x4A, 0x02, 0x4E, 0x26, 0xC4, 0x6C, 0x02, 0x66, 0xAD, 0x73, 0x29, 0x76, 0x2A,
    0xA5, 0x4D, 0x46, 0xDC, 0x27, 0xB1, 0xBA, 0xB1, 0x5A, 0xF4, 0x8D, 0x60, 0x93, 0x9B, 0xDA, 0xE4,
    0x46, 0xBB, 0x48, 0x28, 0x25, 0xC3, 0x25, 0x0F, 0x30, 0x43, 0x99, 0xC1, 0x64, 0xA8, 0x26, 0xB0,
    0x03, 0xA8, 0xE8, 0xE7, 0x1E, 0x52, 0xFD, 0x3D, 0xA0, 0x8D, 0xD0, 0x8F, 0x14, 0x92, 0xA8, 0xC6,
    0x19, 0xEB, 0x0F, 0xF8, 0xD4, 0x36, 0x1F, 0x4A, 0xFD, 0x57, 0x2F, 0x80, 0x59, 0x2D, 0xD4, 0xB2,
    0x82, 0xED, 0x33, 0xBC, 0x50, 0x4F, 0x00, 0xC0, 0x99, 0x04, 0xAA, 0xA1, 0x22, 0xA8, 0x0A, 0x2A,
    0x83, 0xEA, 0xA0, 0x42, 0xB8, 0x07, 0x58, 0x51, 0x2D, 0x54, 0x0C, 0x55, 0x43, 0xE5, 0x50, 0x3D,
    0x54, 0xF0, 0x81, 0x62, 0x15, 0x2F, 0x43, 0x93, 0xC4, 0xD3, 0x2A, 0x9A, 0x41, 0x60, 0xCF, 0x7F,
    0xE1, 0x51, 0x4A, 0xDA, 0x08, 0xED, 0x08, 0x6D, 0x02, 0x3B, 0x40, 0x01, 0x00, 0x9D, 0xC8, 0xBC,
    0x0B, 0x00, 0x38, 0xCF, 0xD5, 0x38, 0xCF, 0x55, 0x56, 0xF2, 0x2D, 0xED, 0xB5, 0x80, 0x98, 0x05,
    0x93, 0xCB, 0x95, 0x7A, 0xAE, 0x05, 0x9B, 0x5A, 0x35, 0x75, 0x47, 0x70, 0x3F, 0xFC, 0xE9, 0x86,
    0x0F, 0xF5, 0x96, 0xA5, 0x29, 0x2E, 0x57, 0x3B, 0x53, 0x63, 0x3B, 0xE2, 0x7E, 0xD9, 0x07, 0xEE,
    0x48, 0x86, 0xCF, 0x7F, 0x62, 0x2A, 0x00, 0x6D, 0x54, 0x8C, 0x80, 0x4D, 0x80, 0x51, 0x30, 0x03,
    0x7C, 0x09, 0x00, 0xE0, 0x1B, 0x1C, 0xD1, 0xAE, 0xA5, 0xD0, 0x2F, 0x46, 0xB8, 0x96, 0x37, 0xD8,
    0x6C, 0x56, 0xEC, 0x5C, 0x2D, 0xD8, 0xA9, 0xCE, 0x34, 0xC9, 0xE6, 0xDD, 0x3B, 0xAC, 0x9D, 0xD0,
    0x5F, 0x03, 0xDD, 0xD8, 0xA7, 0xA1, 0xD3, 0x47, 0x66, 0x27, 0xAD, 0x78, 0x97, 0xED, 0xC2, 0x9E,
    0x2F, 0x8E, 0x01, 0x26, 0xC0, 0x64, 0xA0, 0x52, 0xD4, 0x09, 0xB0, 0x11, 0x68, 0x3C, 0xF0, 0xC2,
    0x23, 0xD3, 0xBD, 0x08, 0xE0, 0x02, 0x20, 0x03, 0x94, 0x92, 0xA0, 0x7E, 0x77, 0x86, 0x76, 0xF7,
    0xBF, 0x0A, 0x1E, 0x8D, 0x6E, 0x1D, 0x0E, 0xA0, 0x1D, 0x05, 0xDC, 0x7F, 0x0A, 0xB4, 0x51, 0x60,
    0x8F, 0x17, 0x01, 0x1E, 0x5D, 0x8B, 0xCD, 0xEE, 0x48, 0x15, 0x2A, 0x0A, 0x38, 0x0F, 0xFC, 0x35,
    0xC0, 0xEB, 0x00, 0x40, 0x9D, 0xB8, 0x8D, 0x9B, 0x8B, 0x15, 0xC9, 0xE5, 0x5A, 0xBC, 0x97, 0x4D,
    0xA6, 0xCE, 0x66, 0xA6, 0xCA, 0x75, 0xC2, 0x64, 0x3B, 0x62, 0x16, 0x1B, 0x37, 0x34, 0x9E, 0x72,
    0x6D, 0xD9, 0xB0, 0x0F, 0xC5, 0xFA, 0x06, 0x20, 0xDF, 0x57, 0x44, 0x45, 0x50, 0x00, 0x64, 0x78,
    0x8A, 0x04, 0xEE, 0xAD, 0x01, 0xFA, 0xF7, 0x3C, 0xB8, 0x05, 0xA8, 0x8F, 0x39, 0x1B, 0x47, 0x01,
    0x1A, 0x09, 0xD0, 0x8A, 0x87, 0x52, 0x78, 0x00, 0xB3, 0x82, 0x0A, 0x25, 0xAA, 0xDC, 0x67, 0xEA,
    0x55, 0x56, 0x6A, 0xF9, 0xF6, 0xBA, 0xEB, 0xC4, 0x86, 0x66, 0x32, 0x0B, 0x6D, 0x32, 0x19, 0x97,
    0xAA, 0x0D, 0x63, 0x9D, 0x36, 0xD8, 0x91, 0x6E, 0x70, 0x91, 0x3E, 0xF6, 0x20, 0x92, 0x15, 0x03,
    0xC8, 0x3F, 0x40, 0xF1, 0x1B, 0xD5, 0x15, 0x4E, 0x12, 0x7C, 0xF1, 0xE4, 0x18, 0xE0, 0x32, 0x13,
    0xF4, 0x6F, 0x65, 0x10, 0x45, 0x7F, 0x35, 0xC3, 0x67, 0xB9, 0x01, 0xF0, 0x24, 0x3A, 0xF4, 0x3F,
    0xCD, 0x9B, 0x01, 0xA4, 0x25, 0xD9, 0x9D, 0xFF, 0x3F, 0x55, 0x67, 0x5E, 0xD7, 0xCC, 0xD4, 0xDF,
    0x9C, 0x41, 0xC7, 0xBF, 0xA7, 0x93, 0x4C, 0x0D, 0x06, 0xB3, 0xD9, 0x49, 0x17, 0x40, 0x96, 0xD7,
    0xEF, 0xD4, 0x66, 0xB1, 0x58, 0x76, 0x1A, 0x33, 0x20, 0x68, 0x08, 0xB2, 0xB2, 0xF4, 0x62, 0xD9,
    0xC1, 0xCC, 0x54, 0x49, 0x30, 0x08, 0x3C, 0xC8, 0x0E, 0x60, 0x1B, 0xB3, 0x6C, 0x7A, 0x97, 0x04,
    0x83, 0x5E, 0xBA, 0xBB, 0x4E, 0xA6, 0x11, 0x2C, 0xB6, 0xCC, 0x2E, 0x41, 0x30, 0x95, 0x48, 0x26,
    0xD9, 0x2C, 0x3B, 0x27, 0xD9, 0x8A, 0x54, 0x4F, 0x9F, 0xAA, 0xDF, 0xDE, 0x5F, 0xDD, 0x77, 0xDF,
    0xBD, 0xBD, 0xBD, 0x93, 0x99, 0x64, 0x5E, 0xBF, 0xCE, 0x71, 0xEB, 0x73, 0x78, 0xFD, 0xEE, 0xA9,
    0xDF, 0xF7, 0x7B, 0x4E, 0xFF, 0xCE, 0xAF, 0xCE, 0xBB, 0x17, 0xAC, 0x8C, 0x40, 0x21, 0x03, 0x70,
    0xFE, 0xDA, 0x55, 0xEE, 0x6D, 0xE9, 0xAC, 0x34, 0xA2, 0xB4, 0x3B, 0xBC, 0xB8, 0xF0, 0x65, 0xA9,
    0x80, 0x20, 0x0D, 0x24, 0xBD, 0xD2, 0x78, 0xF1, 0x90, 0x35, 0xAD, 0x07, 0x8B, 0xB2, 0xBC, 0x26,
    0x1D, 0x38, 0x91, 0x1E, 0xFE, 0xF9, 0xA5, 0x7A, 0xC5, 0x80, 0x0B, 0xA4, 0xBD, 0xD2, 0x78, 0xCA,
    0x40, 0x1B, 0x8D, 0x48, 0x25, 0x31, 0x13, 0xE1, 0xA8, 0x89, 0x6C, 0xF0, 0xD2, 0x4B, 0xEC, 0xB6,
    0xF6, 0xDD, 0x86, 0x5C, 0xA4, 0xC2, 0x7D, 0x5F, 0x60, 0x36, 0x42, 0x1A, 0xCD, 0x4C, 0x36, 0x98,
    0x09, 0x1B, 0xB2, 0x48, 0x11, 0xF2, 0x88, 0xEB, 0xED, 0x82, 0x71, 0x85, 0x62, 0xC0, 0x05, 0x17,
    0x7A, 0x27, 0xEF, 0xDF, 0xF5, 0x4E, 0x2E, 0x4B, 0x65, 0x27, 0x3B, 0x91, 0x1C, 0x26, 0x87, 0x6C,
    0xDA, 0x3E, 0x5F, 0x00, 0xCA, 0xBF, 0x1D, 0x16, 0x7D, 0xFD, 0xA2, 0xB8, 0x01, 0x78, 0xF2, 0x21,
    0x3A, 0x91, 0x34, 0x69, 0x45, 0xDA, 0x67, 0x9E, 0xF4, 0xCE, 0x95, 0x0A, 0x64, 0x06, 0xDC, 0x08,
    0x24, 0xD5, 0x03, 0xB1, 0xE3, 0x61, 0x4E, 0x7A, 0xDA, 0x28, 0xAD, 0x82, 0x83, 0x85, 0x37, 0x17,
    0xB6, 0x97, 0x94, 0x75, 0x50, 0x16, 0xCD, 0x09, 0xCB, 0x9E, 0x55, 0xF6, 0x75, 0x20, 0x09, 0x40,
    0xD6, 0x01, 0xD6, 0x2B, 0x7E, 0x02, 0xE4, 0x02, 0xA4, 0x23, 0xC0, 0x79, 0x45, 0xDB, 0x40, 0xAA,
    0xD2, 0xED, 0x04, 0x94, 0x1D, 0x70, 0x0E, 0xE0, 0xAB, 0x3F, 0x43, 0x63, 0xE9, 0xA8, 0xEF, 0x5C,
    0xEE, 0x12, 0x69, 0x6C, 0x97, 0xCD, 0xE4, 0xDE, 0xC6, 0x15, 0xCA, 0x81, 0xA4, 0x72, 0x01, 0x50,
    0x0F, 0x68, 0x3B, 0x40, 0xFC, 0xFD, 0x68, 0x3B, 0x9E, 0xD2, 0x5F, 0x39, 0x50, 0x7F, 0x5E, 0xC3,
    0x46, 0x26, 0x32, 0xF9, 0x79, 0x84, 0x56, 0x46, 0x38, 0xF3, 0x2D, 0x00, 0xD3, 0x43, 0x1E, 0xC0,
    0x06, 0x28, 0xD4, 0xDE, 0x6A, 0x6D, 0xD5, 0xCB, 0x00, 0x50, 0x4C, 0x20, 0xD2, 0x98, 0x58, 0x7B,
    0x1B, 0x9C, 0x2F, 0xFB, 0xBC, 0x72, 0x1E, 0x5A, 0x0F, 0xD2, 0xEC, 0x5C, 0x3E, 0x43, 0xFA, 0x82,
    0x5A, 0x26, 0x9C, 0x0C, 0x58, 0xF1, 0xF0, 0x65, 0x80, 0xE4, 0x2A, 0x90, 0x8D, 0x40, 0x39, 0x01,
    0xB7, 0x6A, 0x48, 0x07, 0xEB, 0x49, 0x9B, 0xB4, 0x39, 0x45, 0x99, 0x6A, 0x6A, 0x0B, 0xA9, 0x34,
    0x64, 0xE2, 0x29, 0xBE, 0xDE, 0x73, 0x91, 0x81, 0x67, 0x78, 0xE6, 0x64, 0x64, 0x52, 0x01, 0xD9,
    0x00, 0xD8, 0xA8, 0x18, 0x59, 0xDB, 0x0A, 0xA7, 0x3A, 0x9B, 0xAF, 0x01, 0x52, 0x2D, 0x2B, 0x2A,
    0x11, 0xE0, 0x3A, 0x00, 0x27, 0x24, 0x11, 0x20, 0x24, 0x3D, 0xC4, 0xDC, 0x83, 0x6B, 0x81, 0x62,
    0x11, 0x1B, 0x80, 0xB4, 0x39, 0x45, 0x9D, 0x8F, 0x72, 0x16, 0xCB, 0x0D, 0xEC, 0xED, 0x40, 0x26,
    0x1D, 0x46, 0xF5, 0x4E, 0xC0, 0x9B, 0x27, 0xA9, 0x95, 0x2F, 0xF0, 0xD7, 0x80, 0x33, 0x01, 0xB0,
    0xEF, 0x7B, 0x20, 0x13, 0x00, 0x13, 0x95, 0x5C, 0x05, 0xF6, 0x5E, 0x02, 0x10, 0x91, 0x66, 0xE1,
    0x08, 0x36, 0x66, 0x02, 0x76, 0x5C, 0xC9, 0xA7, 0x18, 0x55, 0x53, 0x39, 0x50, 0x77, 0x94, 0x41,
    0x55, 0xB9, 0xB0, 0xF3, 0xEA, 0xF5, 0x27, 0x75, 0x47, 0xDB, 0x6B, 0x68, 0xB2, 0x7D, 0xE9, 0xFC,
    0x49, 0x93, 0xCD, 0x24, 0xD2, 0x14, 0x51, 0xA7, 0xB3, 0xED, 0x71, 0x22, 0x52, 0x29, 0x7F, 0x0C,
    0x6C, 0xB6, 0x91, 0x4F, 0xF7, 0xA3, 0x46, 0xF5, 0xA3, 0x08, 0xB9, 0xBC, 0x33, 0x00, 0xF5, 0xCA,
    0x13, 0x68, 0x6F, 0x77, 0xCA, 0xEF, 0xA9, 0x6A, 0x79, 0x9D, 0x75, 0x5E, 0x5B, 0x27, 0x36, 0x66,
    0x23, 0xAC, 0x53, 0x1B, 0xD9, 0xA0, 0x5C, 0x92, 0xDB, 0x3A, 0xBB, 0x69, 0x66, 0x5B, 0x73, 0x54,
    0x16, 0x03, 0xEB, 0x0C, 0x87, 0xA6, 0xB8, 0x0E, 0xCD, 0x71, 0x0D, 0x4B, 0x6E, 0x5F, 0x92, 0xFB,
    0xEF, 0xEA, 0x80, 0x2E, 0x12, 0x17, 0xAC, 0x88, 0xFF, 0x44, 0x0E, 0x2C, 0x06, 0xA8, 0xFE, 0x5E,
    0x15, 0x76, 0x40, 0xED, 0xE1, 0x73, 0xF2, 0x33, 0xA8, 0x25, 0x02, 0xD2, 0xA8, 0xFE, 0x0A, 0x2B,
    0x02, 0xEE, 0x0D, 0x81, 0xC9, 0xCC, 0x98, 0x71, 0x85, 0x5C, 0x45, 0x5B, 0xD5, 0x5C, 0xEE, 0x64,
    0x74, 0xBB, 0x93, 0xD1, 0xBB, 0x45, 0x6D, 0xB1, 0xB3, 0x91, 0xB5, 0xE2, 0x41, 0x14, 0xD7, 0xAE,
    0x35, 0xC0, 0x46, 0xBE, 0x88, 0xC4, 0x35, 0x6C, 0x4C, 0x46, 0xEC, 0xC8, 0xA8, 0xCA, 0x07, 0x15,
    0x0E, 0x65, 0xB8, 0xA8, 0x2E, 0xEE, 0x83, 0x93, 0x78, 0x84, 0xBA, 0x1B, 0xA1, 0xF5, 0x03, 0x88,
    0xBF, 0xA4, 0x00, 0xA4, 0x31, 0xFA, 0x9F, 0x26, 0x57, 0xF1, 0xD6, 0xAB, 0xD8, 0x05, 0x0D, 0x00,
    0x56, 0x82, 0x5E, 0xAB, 0xFB, 0x55, 0x5B, 0xED, 0xF3, 0x12, 0x8D, 0x89, 0xA5, 0xB7, 0xA1, 0xEC,
    0xCA, 0xDE, 0x79, 0xE7, 0xEB, 0xA6, 0x7D, 0x7B, 0x46, 0xFE, 0x2E, 0x20, 0x33, 0x88, 0xD7, 0xCB,
    0x20, 0x5D, 0x41, 0x2B, 0x33, 0x4E, 0x46, 0xAC, 0x74, 0xF0, 0x17, 0x6C, 0x5A, 0x48, 0x3B, 0x98,
    0xAF, 0x78, 0xA8, 0xA5, 0x82, 0x62, 0x02, 0xA8, 0x4E, 0x47, 0xD9, 0x39, 0x9E, 0xE5, 0x22, 0xD7,
    0x29, 0xDF, 0x50, 0x75, 0x3D, 0x99, 0xAA, 0x3D, 0x7B, 0x52, 0xEA, 0x2E, 0x01, 0x26, 0x02, 0xF9,
    0x31, 0xCC, 0xC0, 0x29, 0xCE, 0x5B, 0xCD, 0x4E, 0xB2, 0x01, 0x5E, 0xE5, 0xC4, 0xE6, 0xEE, 0x54,
    0xE2, 0xA7, 0x03, 0xB2, 0x06, 0x28, 0x00, 0xDC, 0x82, 0x43, 0xA0, 0x1C, 0x81, 0xBC, 0xFF, 0x9D,
    0x65, 0xE4, 0x2A, 0xE3, 0x4B, 0x15, 0x5C, 0x00, 0x5E, 0x01, 0x22, 0x30, 0x57, 0x20, 0x3D, 0x94,
    0x15, 0x47, 0xED, 0x3B, 0x04, 0x78, 0x35, 0xEB, 0xC1, 0xB5, 0x0D, 0xD8, 0x79, 0x53, 0x4B, 0x24,
    0x87, 0xA7, 0xE3, 0xC0, 0x1E, 0x8F, 0x62, 0xAB, 0x57, 0xC8, 0xDF, 0x1E, 0x30, 0xD2, 0x91, 0x4A,
    0x03, 0x33, 0xF0, 0x95, 0x13, 0x99, 0xC5, 0xDD, 0xF2, 0xA8, 0x98, 0x80, 0x76, 0x29, 0x8F, 0x72,
    0x4F, 0xD2, 0x24, 0x5A, 0x1E, 0xFD, 0x07, 0xE4, 0x22, 0x3D, 0xF5, 0x9D, 0x2F, 0x85, 0x44, 0x7C,
    0x16, 0xB2, 0x19, 0xA3, 0xE9, 0xCA, 0x74, 0xE5, 0x40, 0xDA, 0xDC, 0xB7, 0x9F, 0x5A, 0x19, 0xC5,
    0x17, 0x12, 0xC5, 0xEF, 0x49, 0x27, 0x1E, 0x69, 0xDA, 0x0E, 0xA9, 0xEA, 0x3E, 0x11, 0x5C, 0x48,
    0x05, 0x1B, 0x57, 0xC8, 0xE4, 0x8D, 0xF9, 0x68, 0x3F, 0x4D, 0xAE, 0x55, 0x9B, 0xDD, 0xDB, 0x06,
    0x58, 0xFB, 0xD6, 0x46, 0x48, 0xC7, 0xD7, 0x20, 0xF3, 0x05, 0xA4, 0x9C, 0x01, 0xE0, 0x0F, 0x48,
    0xC4, 0xCF, 0xD8, 0xFF, 0xFC, 0xE5, 0x8C, 0xFB, 0x9A, 0x44, 0xDA, 0x3F, 0x96, 0x43, 0x04, 0xE1,
    0x08, 0xC9, 0x04, 0xF2, 0x45, 0xF5, 0xF8, 0xFB, 0x01, 0x0A, 0x69, 0xE0, 0xFA, 0x25, 0x30, 0x11,
    0x30, 0x32, 0x1F, 0xAE, 0x20, 0x13, 0x89, 0x88, 0x28, 0xD4, 0xEA, 0x44, 0x1A, 0xD7, 0xD0, 0x56,
    0x75, 0x83, 0xE0, 0x7A, 0xAD, 0xB1, 0x55, 0x6E, 0xDA, 0xDE, 0xE1, 0xA8, 0x25, 0x7D, 0xEA, 0x61,
    0xD2, 0xF4, 0xD4, 0x0A, 0x50, 0x46, 0x20, 0xA9, 0x38, 0x3D, 0x73, 0xD2, 0x2A, 0x05, 0xE3, 0x6D,
    0x85, 0xB9, 0xD3, 0x42, 0x2A, 0x11, 0x68, 0x03, 0xB0, 0xC7, 0x43, 0xF2, 0x65, 0x49, 0x6C, 0xE3,
    0x3D, 0xC5, 0x66, 0x16, 0x00, 0x38, 0x45, 0x5F, 0xC8, 0x7B, 0xA0, 0x08, 0x40, 0x79, 0x8C, 0xBC,
    0x01, 0x78, 0x08, 0xBE, 0x9C, 0xA6, 0xF2, 0xED, 0xC6, 0xB2, 0x05, 0x03, 0x90, 0xF5, 0x40, 0x5E,
    0x71, 0x6F, 0x0B, 0x9B, 0x7F, 0xB1, 0x15, 0x50, 0x7A, 0x45, 0x07, 0x14, 0xFE, 0x61, 0xAE, 0xA1,
    0x33, 0x15, 0x6C, 0x22, 0x01, 0x09, 0x4A, 0xF3, 0x41, 0x04, 0xB0, 0xFE, 0x00, 0xE0, 0x31, 0x1E,
    0x5B, 0x6F, 0x34, 0x7B, 0x2F, 0x82, 0xC8, 0x3B, 0xA2, 0x06, 0xC9, 0xDB, 0x22, 0x0D, 0x36, 0x52,
    0x06, 0xD0, 0x92, 0x49, 0xA3, 0x59, 0x77, 0xE5, 0x80, 0xEB, 0x39, 0x2A, 0xF3, 0xF4, 0x27, 0x6A,
    0xF2, 0x92, 0x4C, 0x37, 0x9D, 0xFE, 0x83, 0x76, 0xAD, 0x3A, 0x0D, 0xE2, 0x13, 0xA9, 0xB4, 0x4B,
    0x65, 0x9D, 0x84, 0x05, 0x92, 0x75, 0x97, 0x4A, 0x65, 0x66, 0x70, 0x32, 0xB4, 0x12, 0x70, 0x12,
    0x44, 0xFA, 0x8F, 0x4C, 0x97, 0xDB, 0x7A, 0xB0, 0x83, 0x5C, 0x3C, 0xD0, 0x2A, 0x64, 0x41, 0x83,
    0x3A, 0x38, 0x93, 0x48, 0x21, 0x55, 0x2A, 0xB5, 0xDE, 0xE8, 0x3D, 0x45, 0x22, 0x95, 0x99, 0x74,
    0x9A, 0xA3, 0x11, 0x72, 0xAD, 0x8B, 0x6D, 0x34, 0x13, 0x76, 0xCC, 0x23, 0xC5, 0xB0, 0x48, 0xB5,
    0xF1, 0xAF, 0x5C, 0xB0, 0x73, 0xBF, 0x82, 0x78, 0xD7, 0xDB, 0x99, 0xB3, 0x24, 0x87, 0x1F, 0xC7,
    0x9C, 0xF4, 0xDB, 0xF3, 0xB5, 0xF6, 0x83, 0xCA, 0x88, 0xB6, 0x0A, 0x37, 0xD0, 0x6E, 0xCD, 0xD1,
    0x6E, 0xC7, 0x1C, 0x91, 0x4F, 0x64, 0xCE, 0x87, 0xC8, 0xCF, 0x97, 0x98, 0x14, 0x48, 0x05, 0x89,
    0xA4, 0x13, 0xA9, 0x14, 0x82, 0x99, 0x5B, 0xA9, 0x8C, 0xFC, 0x54, 0xF1, 0x11, 0xF2, 0xC7, 0xFF,
    0x5B, 0x3E, 0x80, 0xED, 0xF7, 0x71, 0xF3, 0x48, 0x2D, 0x81, 0xD0, 0x76, 0x3C, 0xF9, 0xF8, 0x62,
    0x0B, 0x1A, 0x93, 0x48, 0xA7, 0x6E, 0xA8, 0x15, 0x14, 0x23, 0x94, 0x03, 0x8B, 0x35, 0x6E, 0x73,
    0xF5, 0x50, 0x77, 0xEB, 0x30, 0x65, 0x73, 0x35, 0x2A, 0x53, 0x35, 0xAA, 0xC0, 0xE5, 0x4A, 0x0E,
    0x1F, 0xCD, 0xE3, 0x7E, 0x21, 0xF1, 0x40, 0xC2, 0x17, 0x8A, 0x8E, 0x75, 0xBB, 0xC9, 0x95, 0x09,
    0x89, 0x5C, 0xD6, 0xBD, 0x5F, 0x6F, 0x51, 0x0C, 0x94, 0x9B, 0x07, 0x2B, 0xD7, 0x51, 0xDF, 0x6E,
    0xDA, 0xF7, 0x69, 0x27, 0xF5, 0x5C, 0x17, 0x7B, 0xB9, 0xF6, 0x8A, 0xCF, 0x5D, 0xD3, 0xC8, 0x4F,
    0x3C, 0x48, 0xC0, 0x4A, 0x58, 0xBD, 0xB4, 0x42, 0xFF, 0xDD, 0x22, 0xDC, 0xE3, 0x11, 0x2C, 0xFB,
    0xD8, 0xF7, 0x46, 0x32, 0x09, 0xA4, 0x3B, 0xD5, 0x70, 0x2D, 0x23, 0xAD, 0xE8, 0xCF, 0x21, 0x9B,
    0x20, 0xD7, 0x88, 0x23, 0xDB, 0xC8, 0x77, 0xA3, 0xEE, 0xD7, 0x57, 0xAB, 0x51, 0xEF, 0x46, 0x5C,
    0x61, 0xA4, 0xE2, 0x8A, 0xFC, 0x78, 0x19, 0xEA, 0x11, 0x9E, 0xBC, 0xC0, 0xF5, 0xE2, 0x8D, 0x60,
    0xA5, 0xD3, 0x9F, 0xBF, 0x08, 0xE0, 0x66, 0xEA, 0x99, 0x7C, 0x26, 0x8B, 0xE4, 0x9B, 0xB8, 0xED,
    0x40, 0x11, 0xB6, 0xA1, 0xEB, 0xEB, 0x17, 0x95, 0x93, 0xA6, 0x98, 0x49, 0x2E, 0x9D, 0xBC, 0x93,
    0xCF, 0x03, 0x01, 0x4C, 0xBF, 0xCE, 0x9B, 0xF9, 0xAF, 0x60, 0x59, 0xFD, 0x23, 0x50, 0x83, 0x34,
    0xFA, 0x0E, 0xA9, 0x78, 0x95, 0xDF, 0xC6, 0xE8, 0xAA, 0x9D, 0x71, 0x23, 0x67, 0x7A, 0x32, 0x8F,
    0xAD, 0x28, 0xC1, 0xFD, 0x3B, 0x65, 0x24, 0xEF, 0x59, 0xDB, 0x3C, 0x43, 0x2A, 0x47, 0xF7, 0x8A,
    0x3C, 0x80, 0x45, 0xF2, 0xDB, 0x2F, 0x89, 0x5A, 0xC6, 0x56, 0x06, 0x5A, 0xED, 0x02, 0x99, 0x90,
    0xCF, 0xCB, 0xFC, 0xE7, 0x91, 0xA3, 0xE9, 0x59, 0x8F, 0xA3, 0x9D, 0x8E, 0x85, 0x1D, 0x97, 0xB8,
    0x96, 0x93, 0x49, 0x8E, 0x86, 0x3E, 0x1A, 0x5E, 0xAF, 0xBA, 0xD3, 0x6E, 0x09, 0xB3, 0xED, 0x10,
    0xED, 0xFC, 0x26, 0x60, 0x69, 0xD6, 0xDE, 0x56, 0xAC, 0xAE, 0xB5, 0x11, 0x95, 0x11, 0x74, 0xBD,
    0x18, 0x41, 0x63, 0xC8, 0x66, 0x00, 0xF2, 0x09, 0x36, 0xC5, 0xC7, 0xDA, 0x12, 0xD6, 0x6E, 0xB0,
    0x0C, 0xA7, 0x14, 0x25, 0xD2, 0x2B, 0x9F, 0xD2, 0x5C, 0x21, 0x95, 0x6E, 0xA5, 0x8D, 0x8D, 0x89,
    0x54, 0x76, 0xE4, 0xA6, 0xCE, 0xEC, 0x71, 0x73, 0x73, 0x2A, 0xA1, 0x9E, 0x8D, 0x84, 0x7C, 0xC6,
    0x85, 0x2C, 0xE2, 0xFA, 0x7C, 0x85, 0xCE, 0x46, 0x5A, 0x6F, 0x47, 0xC5, 0x80, 0xF8, 0x22, 0x20,
    0x4D, 0x19, 0x12, 0xA9, 0x96, 0xCD, 0xD9, 0xF5, 0x66, 0xC1, 0x8C, 0xFB, 0xC5, 0x9F, 0x4C, 0x38,
    0x79, 0x3D, 0x52, 0xCC, 0x79, 0x24, 0xB9, 0xB4, 0x2D, 0x8C, 0xB6, 0x05, 0x4A, 0xED, 0xA1, 0x94,
    0x6A, 0x85, 0x11, 0x80, 0xAB, 0x9B, 0xBD, 0xBB, 0x98, 0x81, 0xBA, 0xAE, 0x48, 0xC6, 0xDC, 0xC3,
    0xB2, 0x97, 0x7C, 0xEA, 0x45, 0xD5, 0x2F, 0x8D, 0xA2, 0x5A, 0x1C, 0xDC, 0xA0, 0xDF, 0xD6, 0x10,
    0xF7, 0x6F, 0x30, 0x0A, 0x75, 0x90, 0x54, 0x00, 0xB3, 0x60, 0x56, 0x4C, 0x9B, 0x9B, 0x65, 0x0B,
    0x06, 0xD8, 0xCB, 0x03, 0xB8, 0x7F, 0xDD, 0x14, 0xB6, 0xBB, 0x67, 0xF0, 0x4F, 0x01, 0x35, 0x24,
    0xE2, 0x31, 0xD2, 0x2D, 0xC7, 0x5C, 0x07, 0x8C, 0x3C, 0xCB, 0x33, 0x9B, 0xF5, 0xAE, 0xCB, 0x08,
    0x89, 0xAB, 0x7E, 0x27, 0x07, 0xD8, 0x61, 0x91, 0x7B, 0x6F, 0x1E, 0xE8, 0xD6, 0xC2, 0xDB, 0xDD,
    0xF3, 0x2F, 0x48, 0xE7, 0x75, 0x38, 0x36, 0x80, 0xF3, 0xF0, 0x47, 0x47, 0x8B, 0x3D, 0x79, 0x11,
    0x91, 0xEF, 0x4A, 0x5C, 0x38, 0xEA, 0xC8, 0x17, 0x97, 0xB1, 0x75, 0xE4, 0x21, 0xF3, 0x3A, 0x76,
    0xB1, 0x38, 0xF1, 0x8A, 0xF2, 0x17, 0x83, 0xF2, 0xA7, 0x11, 0xA8, 0x65, 0x02, 0xDA, 0xBB, 0xA2,
    0x7C, 0x67, 0xBD, 0x73, 0x89, 0x57, 0xAA, 0x4D, 0xA2, 0xA5, 0x97, 0x4E, 0xDB, 0x40, 0x2A, 0x14,
    0x11, 0x27, 0xA1, 0x15, 0xBF, 0xA2, 0x88, 0xE7, 0xA8, 0x9D, 0x5D, 0x58, 0x2F, 0x94, 0x85, 0xED,
    0x42, 0xB7, 0x30, 0x2A, 0x92, 0x5E, 0xC9, 0x87, 0x1E, 0xFF, 0xDC, 0x37, 0x1B, 0x4F, 0xE8, 0x5D,
    0xEB, 0x2A, 0x95, 0x65, 0xEB, 0xCC, 0x05, 0x33, 0xBB, 0x71, 0x85, 0xB9, 0x22, 0x93, 0x43, 0xC8,
    0xE5, 0x2A, 0xD8, 0x79, 0x56, 0x91, 0x52, 0x51, 0x0C, 0xE2, 0x29, 0x43, 0xDD, 0x2D, 0xA7, 0x40,
    0x2B, 0x94, 0x13, 0xAE, 0xB7, 0xA2, 0xFB, 0xDD, 0x9B, 0xB0, 0xC7, 0xA6, 0x80, 0x73, 0xC7, 0xB0,
    0xCD, 0x26, 0xE8, 0xB7, 0xD8, 0xE6, 0xA3, 0xE7, 0xCB, 0x19, 0x91, 0xC9, 0xC8, 0xE5, 0x68, 0x27,
    0x1B, 0x57, 0x63, 0xDC, 0x99, 0x29, 0xEE, 0x76, 0x94, 0x13, 0x94, 0x32, 0xE0, 0xFE, 0x7B, 0xC2,
    0xFD, 0x48, 0xA8, 0x3B, 0x69, 0x5A, 0xAF, 0x5E, 0xD5, 0x83, 0xF8, 0x72, 0x7A, 0x72, 0xD9, 0x58,
    0xD3, 0x06, 0x28, 0x7A, 0xA0, 0x5D, 0x21, 0x55, 0x31, 0xF9, 0x00, 0xA4, 0x3B, 0x47, 0x17, 0x41,
    0xD1, 0xC3, 0xCE, 0x52, 0x57, 0x1C, 0x3D, 0xF8, 0x72, 0xFF, 0x9A, 0xDD, 0x35, 0x48, 0x91, 0x79,
    0xA4, 0x59, 0xEA, 0x44, 0xDB, 0xA4, 0x52, 0x95, 0x95, 0x13, 0x11, 0x16, 0xC0, 0x79, 0xA0, 0xAD,
    0x30, 0x02, 0x76, 0x02, 0xD7, 0xC1, 0x39, 0xE0, 0x4A, 0x43, 0x21, 0x0D, 0xA5, 0x54, 0x9B, 0x54,
    0xB9, 0xBE, 0xD6, 0x59, 0x89, 0xFC, 0x23, 0x56, 0xE3, 0x92, 0x22, 0x6F, 0x37, 0xB4, 0xEF, 0x43,
    0xAB, 0xC3, 0x0E, 0xF0, 0x78, 0x75, 0x5A, 0x9A, 0x00, 0x92, 0x66, 0x73, 0x32, 0x6F, 0x15, 0xB9,
    0xC2, 0x28, 0x0A, 0x0F, 0x3C, 0xCD, 0x71, 0x53, 0xAD, 0x2B, 0xA9, 0xE5, 0x92, 0x0A, 0xCD, 0xFA,
    0x35, 0xAB, 0xC8, 0x0F, 0xD9, 0x15, 0x35, 0x96, 0x76, 0x9B, 0xBD, 0x55, 0xD6, 0x1E, 0x94, 0x1E,
    0xB7, 0xBC, 0x6C, 0x43, 0xBD, 0xBB, 0x44, 0x16, 0xC9, 0xAF, 0xAA, 0xE4, 0x5B, 0x2A, 0x79, 0xD2,
    0x31, 0x97, 0x51, 0x07, 0x8A, 0x31, 0xE9, 0x29, 0x87, 0xD4, 0x9F, 0x80, 0xE4, 0x04, 0xAE, 0xBC,
    0xDE, 0x17, 0xF2, 0x8D, 0xBE, 0x94, 0x17, 0xBA, 0x54, 0xAC, 0x37, 0x62, 0x31, 0x72, 0x01, 0x33,
    0x9F, 0x7B, 0xB0, 0x53, 0x96, 0xF5, 0x4B, 0xE5, 0x88, 0x0B, 0x65, 0x54, 0x2C, 0xC7, 0xAB, 0x81,
    0xBA, 0x4B, 0xAA, 0x8F, 0x1F, 0xFF, 0x47, 0x2D, 0xB9, 0xD7, 0xC8, 0xA3, 0x34, 0x76, 0x16, 0x6F,
    0x3F, 0x58, 0xF5, 0x83, 0x50, 0x84, 0xB3, 0x27, 0x13, 0xFF, 0xB3, 0x2B, 0xFC, 0x52, 0x07, 0x91,
    0x05, 0x15, 0xB4, 0xC3, 0x51, 0x9E, 0xB1, 0xE2, 0xE1, 0xB3, 0x1F, 0x2F, 0xFE, 0x4F, 0xF7, 0x99,
    0xF4, 0xFA, 0xAE, 0xED, 0x01, 0x77, 0x93, 0xC8, 0xF5, 0x54, 0x46, 0x23, 0x9D, 0x9D, 0x35, 0x26,
    0x89, 0xFC, 0xD9, 0x3D, 0xF5, 0x40, 0x5F, 0xDE, 0xF5, 0xA5, 0x54, 0x76, 0x22, 0x3D, 0x3C, 0x3E,
    0x25, 0x22, 0x1F, 0x60, 0xAD, 0x0B, 0xA4, 0x03, 0xCC, 0x74, 0xBC, 0xA2, 0xB5, 0xBF, 0x84, 0x4C,
    0xC8, 0xBC, 0xBC, 0x26, 0xAC, 0x90, 0xF9, 0x15, 0x9B, 0xBC, 0xE1, 0x69, 0xF1, 0x2B, 0x7E, 0xBE,
    0xED, 0x6C, 0xC5, 0xBE, 0x0B, 0x96, 0x0D, 0x8B, 0xB1, 0x80, 0x57, 0x6C, 0xBC, 0x00, 0xD7, 0xF3,
    0xE9, 0xF3, 0x2B, 0x1A, 0xD9, 0x87, 0x61, 0x61, 0x48, 0xE4, 0x06, 0x04, 0x64, 0x24, 0x09, 0xB4,
    0x23, 0x69, 0x8F, 0x1B, 0xD4, 0x8A, 0x32, 0x50, 0x0B, 0x36, 0xB0, 0x69, 0xC9, 0x70, 0xBC, 0xBD,
    0x8D, 0x80, 0x0D, 0x0A, 0x0F, 0x94, 0x00, 0xCF, 0x1F, 0xE7, 0xC5, 0x2C, 0x52, 0x4E, 0x6E, 0xA6,
    0x8D, 0x22, 0x5C, 0x96, 0x1F, 0x08, 0x76, 0xDE, 0x3E, 0x70, 0x64, 0x5A, 0xC2, 0xE4, 0xEB, 0xE7,
    0x2D, 0x5C, 0x58, 0xFF, 0x89, 0x35, 0xAC, 0x50, 0x86, 0xAE, 0xEE, 0xDC, 0x5D, 0xDF, 0x7A, 0x27,
    0x88, 0x2F, 0x22, 0x67, 0xD5, 0x99, 0x87, 0xAD, 0xFA, 0xEC, 0xC2, 0xF6, 0xBE, 0x0D, 0xEB, 0x00,
    0x36, 0x15, 0x64, 0xDA, 0xC3, 0x83, 0x52, 0xBF, 0x07, 0xE0, 0x1A, 0xA0, 0x56, 0x38, 0x45, 0x01,
    0x70, 0x4B, 0x11, 0xE0, 0xDE, 0xF6, 0x04, 0x9F, 0x05, 0xAC, 0x8F, 0x80, 0xB9, 0x1B, 0x80, 0x54,
    0xFC, 0x36, 0xF4, 0xE7, 0x78, 0xD8, 0x7E, 0xA6, 0x3C, 0x0A, 0x79, 0x73, 0x00, 0xE6, 0x87, 0x11,
    0xD2, 0x25, 0x46, 0xF1, 0x40, 0xBB, 0x04, 0xF8, 0x80, 0x7C, 0x3C, 0xD3, 0x6C, 0xCB, 0x57, 0xB7,
    0xC3, 0x62, 0xA1, 0xE9, 0x94, 0xB9, 0x57, 0xBA, 0x55, 0xDF, 0x36, 0xD7, 0xCF, 0xC8, 0x6D, 0xE9,
    0xB0, 0xF2, 0xAE, 0xF4, 0x9C, 0x91, 0x3B, 0x6D, 0x0F, 0xB2, 0x1A, 0x19, 0xA4, 0xA9, 0x3D, 0x89,
    0x54, 0xAD, 0x27, 0x15, 0x96, 0xE2, 0x0D, 0x69, 0x30, 0x73, 0x22, 0xAC, 0x98, 0x0A, 0xCB, 0x43,
    0xF6, 0x67, 0xC8, 0x57, 0xBC, 0x81, 0x5D, 0x31, 0x60, 0x47, 0x9D, 0x86, 0x3D, 0xF8, 0xCA, 0x27,
    0xF6, 0xFF, 0xE9, 0x8F, 0xED, 0x7F, 0xD8, 0xF1, 0xBF, 0x53, 0x6F, 0x8D, 0x07, 0xC4, 0xA2, 0x8C,
    0x4A, 0x55, 0x05, 0x7B, 0x47, 0x7E, 0xAB, 0xDD, 0xEA, 0xB6, 0x9A, 0xBD, 0xF2, 0x5A, 0x56, 0xA1,
    0xCF, 0x2B, 0xA7, 0x27, 0x35, 0x5A, 0x7D, 0x56, 0x9B, 0x5D, 0xAF, 0x57, 0x11, 0xEA, 0xAE, 0x0C,
    0xAD, 0x2F, 0x83, 0x9E, 0x14, 0x9C, 0xDD, 0xD6, 0x9F, 0x0D, 0xC8, 0xB6, 0xE6, 0x7C, 0x02, 0x48,
    0x64, 0x49, 0xE9, 0x02, 0xC9, 0xB5, 0x6B, 0xC7, 0xA7, 0x97, 0x57, 0x21, 0x17, 0x81, 0xFA, 0x57,
    0xAD, 0x4F, 0x34, 0x48, 0x9D, 0xD9, 0xC1, 0x6A, 0x7E, 0x2C, 0x46, 0xF4, 0x56, 0x1B, 0xB4, 0xBD,
    0xA2, 0x5B, 0x41, 0x3C, 0x85, 0xA2, 0x1C, 0x56, 0x70, 0xA1, 0x5D, 0xA1, 0xAF, 0x3D, 0x1A, 0xC1,
    0x32, 0x84, 0xEE, 0xDA, 0x73, 0x3B, 0xE8, 0x1D, 0x1B, 0x78, 0xFC, 0x4D, 0xD6, 0xCD, 0x48, 0xC4,
    0xA8, 0x2F, 0x2F, 0x5D, 0x62, 0xD3, 0x32, 0x69, 0x70, 0x32, 0x20, 0x26, 0x9A, 0xC9, 0xCC, 0x79,
    0x4C, 0xC5, 0x0E, 0xA9, 0xAC, 0xC2, 0x10, 0xB7, 0xBE, 0x66, 0xD7, 0x67, 0x93, 0xEB, 0x73, 0x15,
    0x3D, 0x94, 0x61, 0x25, 0x7B, 0x92, 0x26, 0x95, 0x08, 0xE7, 0xAB, 0xCD, 0xC0, 0x3E, 0x6B, 0x30,
    0x77, 0xF4, 0x89, 0x42, 0x66, 0xA0, 0x1E, 0x81, 0xE4, 0x34, 0xE5, 0xED, 0xF1, 0x18, 0x96, 0x0B,
    0xD8, 0xF7, 0x22, 0x99, 0xE8, 0x3F, 0x75, 0x70, 0xF6, 0x84, 0x24, 0x26, 0x00, 0xF6, 0xBB, 0x03,
    0xB8, 0xDB, 0x2B, 0xD4, 0xB6, 0x87, 0x58, 0x36, 0xA4, 0xE1, 0x22, 0xD0, 0x9C, 0x3D, 0xE5, 0x69,
    0x84, 0x32, 0xF7, 0xE0, 0x5E, 0xE8, 0x40, 0x9C, 0x27, 0x89, 0x35, 0x98, 0x10, 0x21, 0xFB, 0x6E,
    0x80, 0x94, 0x86, 0xAD, 0xF0, 0x45, 0xB9, 0x4A, 0x47, 0xB5, 0xA3, 0xE2, 0x51, 0xF5, 0xA8, 0x7C,
    0xDC, 0x11, 0x66, 0xD4, 0x01, 0xD4, 0x02, 0xD4, 0x03, 0xD4, 0x04, 0xD4, 0x05, 0xD4, 0x86, 0xCD,
    0x54, 0xFF, 0xE1, 0x4F, 0x2E, 0x2D, 0xC3, 0xAE, 0x5A, 0x87, 0xBB, 0x53, 0x8B, 0xAC, 0xA3, 0xD5,
    0x2A, 0x8B, 0xBA, 0xB3, 0x3E, 0x8F, 0xB4, 0x3E, 0xF7, 0xC5, 0x88, 0x68, 0x84, 0x01, 0xF1, 0x61,
    0xE9, 0xBE, 0x16, 0xD0, 0x43, 0x66, 0xE9, 0x69, 0xBB, 0x54, 0xDF, 0x2D, 0x3E, 0x15, 0xA3, 0xEF,
    0x36, 0x47, 0xDD, 0x9C, 0x56, 0xB4, 0xAB, 0x0E, 0xA8, 0xBB, 0x6C, 0xA2, 0xC4, 0x85, 0x3C, 0x72,
    0x40, 0x31, 0xDA, 0xC8, 0x4D, 0x72, 0xF9, 0xB6, 0x48, 0x54, 0x2F, 0xB4, 0xE3, 0xCC, 0xDA, 0x8D,
    0x4C, 0xAA, 0x72, 0x54, 0x91, 0x3F, 0x14, 0x51, 0x99, 0x77, 0x43, 0xAB, 0x42, 0xC5, 0xB7, 0x95,
    0x4A, 0x6D, 0xD6, 0x62, 0x93, 0x79, 0x91, 0x9B, 0x8F, 0x8B, 0xD6, 0xDA, 0x6B, 0x27, 0x23, 0x2A,
    0x5A, 0x40, 0x65, 0x0B, 0xFF, 0x4F, 0x85, 0x4B, 0xF5, 0x0A, 0x65, 0x28, 0x45, 0x46, 0xEC, 0x34,
    0xD7, 0xD2, 0x93, 0xCA, 0x58, 0x48, 0xA5, 0x06, 0x24, 0xEB, 0x3B, 0x3E, 0x0E, 0x9B, 0x1D, 0x28,
    0x15, 0x65, 0x3E, 0x03, 0x14, 0x9D, 0xF2, 0x31, 0x76, 0x3F, 0x21, 0xD0, 0x6D, 0x3F, 0x21, 0x90,
    0x4F, 0x60, 0x47, 0x55, 0x57, 0x8C, 0x46, 0xA0, 0x1C, 0xCC, 0xBC, 0xA2, 0x2A, 0xC4, 0x85, 0x22,
    0x80, 0xFB, 0xE0, 0x78, 0xB6, 0xA8, 0xDF, 0x9B, 0x81, 0xD6, 0xAF, 0xCF, 0x45, 0x5B, 0xAF, 0x5C,
    0x27, 0x5C, 0xD7, 0x93, 0xAC, 0x18, 0x48, 0xA5, 0x5A, 0xD1, 0x2D, 0xD1, 0x39, 0x19, 0x72, 0xA9,
    0x00, 0x5E, 0x04, 0x6C, 0x03, 0xA5, 0xBA, 0xEF, 0xA1, 0xAE, 0x60, 0x06, 0x46, 0xA0, 0x07, 0x80,
    0x1B, 0x45, 0x53, 0xC6, 0xB6, 0x6F, 0x27, 0xE9, 0x2F, 0xDF, 0x7D, 0xD7, 0xDB, 0xBB, 0x09, 0x76,
    0xD6, 0x10, 0x35, 0xB4, 0xDF, 0x7C, 0xC8, 0x73, 0x96, 0x87, 0xAF, 0x6E, 0x0F, 0x00, 0x57, 0x1D,
    0x4F, 0x02, 0x6E, 0x61, 0xA1, 0xE0, 0x26, 0xDC, 0x5B, 0x0A, 0x94, 0x59, 0x9F, 0x4B, 0x39, 0x96,
    0x52, 0x8F, 0xFF, 0x7F, 0xFE, 0x75, 0x30, 0xB3, 0xAF, 0x8C, 0x34, 0x18, 0x81, 0x6C, 0xFE, 0xCD,
    0xA7, 0x8A, 0x7B, 0xAC, 0x2F, 0xE7, 0xB7, 0x97, 0xAD, 0xE0, 0x16, 0xF0, 0x16, 0xF7, 0xB6, 0x40,
    0x0F, 0xDC, 0xCC, 0x3B, 0xC0, 0xB5, 0x15, 0x60, 0xA7, 0x6D, 0x09, 0x9B, 0x1C, 0x3E, 0x74, 0xDF,
    0x9E, 0xE1, 0x12, 0xFB, 0x69, 0x58, 0x32, 0x87, 0x95, 0x0A, 0xBD, 0xB3, 0x19, 0x21, 0xBD, 0x7A,
    0x32, 0xAB, 0x02, 0xAE, 0x42, 0xA6, 0xBF, 0x39, 0x42, 0xDB, 0x93, 0x4E, 0xC0, 0x21, 0x24, 0xB7,
    0x1A, 0x4A, 0x89, 0xC8, 0x37, 0xB5, 0x58, 0x89, 0x26, 0x12, 0x33, 0xBD, 0x66, 0x58, 0xCF, 0x43,
    0x20, 0x91, 0x09, 0x6A, 0xA9, 0x28, 0x96, 0x0A, 0xA2, 0x87, 0x36, 0x9C, 0xC3, 0x85, 0x03, 0x4A,
    0xBD, 0xFA, 0x1A, 0xE7, 0xDB, 0x6B, 0xAA, 0x27, 0x6E, 0xFE, 0x10, 0xE7, 0xA1, 0xE8, 0xC0, 0xE9,
    0xD5, 0x40, 0x0B, 0xC4, 0xED, 0xBC, 0x97, 0x23, 0xC9, 0x2C, 0x98, 0xB1, 0x6E, 0xF2, 0xC1, 0x35,
    0x36, 0x3E, 0xBE, 0x68, 0xC9, 0x96, 0xE1, 0x03, 0x48, 0x84, 0x72, 0xE6, 0x6C, 0x36, 0x53, 0x9B,
    0x99, 0xF6, 0xEB, 0x13, 0xEE, 0x7B, 0x23, 0x85, 0xF4, 0x24, 0x7F, 0xBF, 0xF9, 0x2F, 0xBE, 0x54,
    0x36, 0x3D, 0xD9, 0xAF, 0x07, 0xCA, 0xEA, 0x06, 0xE7, 0x38, 0xF7, 0x60, 0xB4, 0x7C, 0x19, 0x92,
    0x08, 0x46, 0x58, 0xE6, 0xC5, 0x59, 0xCF, 0x68, 0x7A, 0x2E, 0xD1, 0x9C, 0x88, 0x96, 0x93, 0x8E,
    0xF9, 0x56, 0x05, 0xFB, 0x80, 0xAB, 0xD6, 0xD3, 0x90, 0xE9, 0x5B, 0x3C, 0xE9, 0xFC, 0x09, 0x63,
    0xFD, 0x15, 0xD0, 0x43, 0x32, 0x01, 0x0E, 0x28, 0x59, 0xDE, 0x9B, 0x0F, 0xAC, 0x9B, 0xE5, 0x09,
    0xF2, 0xEE, 0x26, 0xE6, 0xEE, 0x00, 0xD2, 0x41, 0x5B, 0xC1, 0x53, 0x0F, 0x66, 0x7D, 0x9D, 0xE5,
    0x19, 0x2E, 0x26, 0x81, 0x22, 0xEF, 0xB0, 0xD2, 0x90, 0xEB, 0x60, 0x11, 0x92, 0xAB, 0x27, 0xB4,
    0xBE, 0x5E, 0xD2, 0x58, 0x44, 0xC6, 0x72, 0x85, 0xA1, 0xFC, 0xA2, 0xA4, 0x83, 0x33, 0x92, 0x86,
    0x03, 0xC5, 0x73, 0x66, 0x4E, 0x0E, 0xD1, 0xF8, 0xC9, 0x27, 0x45, 0x04, 0xEC, 0x16, 0x23, 0x50,
    0x7C, 0xC8, 0xF1, 0x90, 0x15, 0x39, 0x02, 0x4F, 0x00, 0x7C, 0x46, 0x51, 0x36, 0x80, 0xE9, 0x8F,
    0x90, 0x88, 0x57, 0xD3, 0x00, 0xCE, 0x1C, 0x62, 0xBB, 0xF5, 0x81, 0xCD, 0x19, 0xF9, 0x79, 0x29,
    0x72, 0x5E, 0xBE, 0x95, 0x6E, 0xCE, 0x7D, 0xCC, 0xFF, 0xFE, 0x83, 0xC8, 0x77, 0x8A, 0xB9, 0x2F,
    0xF4, 0xE4, 0x01, 0xD3, 0x61, 0x1A, 0xB2, 0x01, 0x22, 0xDC, 0xC0, 0x8D, 0x94, 0x1D, 0xEB, 0x96,
    0x57, 0x39, 0x64, 0xFD, 0x6B, 0x90, 0xDE, 0x1D, 0x01, 0xE9, 0x37, 0xF9, 0xF9, 0xA9, 0x53, 0xD2,
    0x4D, 0xDA, 0x68, 0x04, 0x90, 0xEB, 0xCF, 0x3D, 0xE7, 0x5F, 0xF0, 0xB8, 0x17, 0xA0, 0xBD, 0x00,
    0x72, 0x8E, 0x4F, 0xCB, 0x3F, 0xD0, 0x4A, 0xE4, 0xAB, 0xF3, 0x9B, 0xF7, 0x1E, 0x04, 0x8D, 0xDC,
    0x7F, 0x92, 0xFC, 0x8E, 0xA7, 0xBE, 0xDB, 0x50, 0xCF, 0xA8, 0x48, 0xCE, 0x54, 0x60, 0x65, 0xD5,
    0xAA, 0x35, 0x8B, 0xA6, 0xED, 0x1C, 0x25, 0xAD, 0x2F, 0x38, 0x40, 0x56, 0xDC, 0x47, 0x9A, 0x0B,
    0x90, 0xC8, 0xBA, 0x38, 0x00, 0x30, 0x5B, 0x66, 0x22, 0x02, 0xE9, 0x3F, 0xCE, 0xDF, 0xDA, 0xC8,
    0xC3, 0xEE, 0x72, 0x64, 0x23, 0x71, 0xF7, 0xE1, 0xEC, 0x71, 0x99, 0x39, 0x16, 0x47, 0x05, 0x69,
    0x0F, 0x59, 0x07, 0xA5, 0x27, 0x5D, 0xC7, 0x52, 0x9D, 0x91, 0x6F, 0x92, 0xEC, 0x1C, 0x17, 0x39,
    0x19, 0x97, 0x2B, 0x8B, 0xDC, 0xA7, 0xD2, 0xC6, 0x67, 0xB1, 0x32, 0x62, 0x76, 0x0A, 0x64, 0x00,
    0xD7, 0xF4, 0x80, 0xDC, 0xED, 0xD0, 0x61, 0x3D, 0x98, 0xB7, 0xA5, 0x82, 0x84, 0xE7, 0x56, 0x78,
    0x09, 0x2E, 0x51, 0x4B, 0x70, 0x52, 0xAD, 0x58, 0x0A, 0xF9, 0xAC, 0x71, 0xE4, 0x13, 0xA6, 0xD7,
    0xD1, 0x4D, 0xB7, 0xD0, 0x2B, 0x33, 0x4F, 0x31, 0x92, 0x6B, 0x55, 0x4B, 0xDE, 0xA8, 0x08, 0x5B,
    0x2D, 0x64, 0xCB, 0x72, 0x71, 0xF8, 0x00, 0x5C, 0x60, 0x7F, 0xE1, 0x08, 0x65, 0x34, 0x61, 0x51,
    0xEA, 0x97, 0x10, 0x00, 0xCE, 0x1F, 0x2A, 0xB9, 0xBA, 0x07, 0x66, 0xB6, 0x60, 0x65, 0x82, 0xA2,
    0x8D, 0xF0, 0x7C, 0x1E, 0xD8, 0x69, 0xAF, 0x71, 0x85, 0x72, 0x4E, 0x85, 0x76, 0x32, 0xC2, 0xE5,
    0xB8, 0x82, 0x3E, 0xB2, 0xA1, 0xCF, 0x6C, 0x58, 0x7D, 0x3A, 0x2E, 0x82, 0x8D, 0x9B, 0xF3, 0x39,
    0x3B, 0x2C, 0x4F, 0xC7, 0xD4, 0x7D, 0x1B, 0xBA, 0x5A, 0x3F, 0xCB, 0x5E, 0x4B, 0x29, 0x95, 0x8B,
    0x76, 0xE2, 0x4C, 0xB5, 0xEC, 0xD6, 0x1A, 0x85, 0xB2, 0x01, 0xAE, 0x2D, 0x89, 0x1A, 0x1E, 0xBE,
    0x11, 0x00, 0x99, 0x8C, 0x90, 0xCB, 0x80, 0x3E, 0xC6, 0x3D, 0x50, 0x0F, 0x00, 0x48, 0x3B, 0xE3,
    0x21, 0x99, 0xAE, 0xAC, 0xFD, 0x00, 0x8D, 0x4F, 0x99, 0x54, 0x0F, 0xDD, 0x8F, 0xC7, 0x78, 0x14,
    0x2C, 0xFB, 0x2C, 0x8F, 0x7D, 0xE4, 0x12, 0x36, 0x67, 0x3C, 0x67, 0x1F, 0x9C, 0x29, 0x97, 0x14,
    0x79, 0x54, 0x5E, 0xB8, 0xA0, 0xDC, 0x7F, 0x62, 0xE1, 0x05, 0x65, 0x11, 0x95, 0x67, 0xFA, 0xDF,
    0x8F, 0xA5, 0x42, 0xDD, 0x41, 0xF2, 0x41, 0x00, 0xD3, 0x0D, 0x60, 0xFC, 0x5B, 0x7A, 0xD4, 0x14,
    0x20, 0x91, 0x4E, 0xC3, 0x7F, 0x70, 0x26, 0xF1, 0x24, 0x90, 0xFB, 0x08, 0x14, 0xB7, 0x95, 0xEE,
    0xF5, 0x00, 0xDC, 0xB4, 0x1E, 0x18, 0x4A, 0x80, 0xEA, 0xD1, 0xDF, 0x13, 0x93, 0x5C, 0xEE, 0xA1,
    0x2E, 0x3C, 0xCC, 0xAE, 0x21, 0x1D, 0x6F, 0x1D, 0x3D, 0x4C, 0xE7, 0x6F, 0xAF, 0x1F, 0xA6, 0x1F,
    0x88, 0x49, 0xA7, 0x25, 0x7D, 0xCA, 0xD6, 0xD2, 0xBB, 0x63, 0xE9, 0x7B, 0x7F, 0xA9, 0x64, 0x50,
    0xA4, 0x81, 0x4D, 0x71, 0x40, 0x76, 0x87, 0xED, 0x37, 0xB6, 0x6E, 0x9E, 0xB8, 0xE2, 0xB7, 0x80,
    0xA4, 0x07, 0xD5, 0xF2, 0x21, 0x5F, 0x10, 0xDA, 0xD4, 0x57, 0xD9, 0xB8, 0xFD, 0x56, 0x03, 0x40,
    0x5B, 0x2B, 0xD7, 0x1F, 0x7C, 0x82, 0xA3, 0xCF, 0x3E, 0xE9, 0x27, 0x91, 0x2E, 0xF1, 0x29, 0x9C,
    0x04, 0x91, 0xD7, 0xC5, 0x2F, 0x27, 0x00, 0x7F, 0x2A, 0x8D, 0x99, 0x71, 0x03, 0x03, 0x46, 0x56,
    0x7D, 0x12, 0xB4, 0x6F, 0xC7, 0xB4, 0xD7, 0x5E, 0x46, 0xE3, 0x31, 0x92, 0xBE, 0x3F, 0xE6, 0x0D,
    0x46, 0xCC, 0x0F, 0xA2, 0x85, 0x54, 0xB2, 0x7F, 0x89, 0x85, 0xF6, 0xF6, 0x1B, 0xF1, 0x22, 0x24,
    0x62, 0xB3, 0xB8, 0xAF, 0xFD, 0x85, 0x2C, 0x5E, 0x07, 0x64, 0xDF, 0xC4, 0x00, 0xC8, 0xCB, 0x66,
    0xEA, 0x01, 0x09, 0x46, 0xFC, 0x6E, 0xDF, 0x19, 0xA9, 0x38, 0xFE, 0xE0, 0x12, 0x6D, 0x93, 0xCE,
    0xDC, 0xD3, 0xD2, 0x46, 0x89, 0xED, 0xD8, 0x1E, 0xB6, 0x22, 0xA3, 0xD2, 0x84, 0x1B, 0x00, 0xB6,
    0x29, 0x59, 0x1F, 0x62, 0x6D, 0xDF, 0x14, 0x55, 0x1C, 0x76, 0xC6, 0x55, 0x5A, 0x9B, 0xD2, 0x36,
    0x52, 0xFD, 0x8D, 0x20, 0x8D, 0x90, 0x4A, 0x2A, 0xBE, 0x25, 0x11, 0x23, 0xFE, 0x22, 0xAC, 0x64,
    0xFB, 0x57, 0x40, 0x5E, 0xA8, 0xFD, 0x00, 0xF2, 0xE7, 0x4E, 0x4F, 0x81, 0xE4, 0x9F, 0xDC, 0x6D,
    0x0F, 0x72, 0xC3, 0xBD, 0x5B, 0x41, 0x3B, 0xB8, 0xFF, 0x02, 0xDA, 0xE0, 0x22, 0xA0, 0x27, 0x96,
    0xDA, 0xF9, 0x72, 0x9D, 0x2B, 0x1F, 0xE1, 0xF8, 0x29, 0x35, 0x1F, 0x36, 0x09, 0xFE, 0x56, 0xAD,
    0xE1, 0x59, 0x4F, 0x5A, 0xA5, 0xD5, 0xCA, 0x6D, 0x5E, 0x74, 0x32, 0xD4, 0xD1, 0x49, 0xA8, 0x97,
    0x95, 0xD0, 0xA4, 0x52, 0x15, 0x24, 0xD2, 0xEC, 0xAB, 0xF6, 0xEB, 0x20, 0x7A, 0xDB, 0xFA, 0xDF,
    0x3A, 0x70, 0x3F, 0x6D, 0xC0, 0x09, 0x50, 0x4E, 0x1F, 0x55, 0xC0, 0x69, 0xFD, 0xA2, 0x00, 0xE0,
    0x9C, 0xA2, 0x05, 0x52, 0xA9, 0x20, 0x17, 0x0F, 0xE5, 0xEB, 0x3D, 0xBC, 0x42, 0xE0, 0xF8, 0xBB,
    0x4B, 0xE4, 0x81, 0x9B, 0xB8, 0x31, 0x99, 0x91, 0x98, 0xCE, 0xC9, 0xBB, 0xD1, 0x68, 0xA5, 0x6A,
    0xB4, 0xDE, 0xC9, 0x03, 0x26, 0xDA, 0x1E, 0x33, 0x59, 0xBF, 0x42, 0x51, 0x91, 0xCE, 0x25, 0x2B,
    0xE8, 0x8C, 0xCE, 0x2F, 0x03, 0xF2, 0x9D, 0x7B, 0xFF, 0x62, 0x0E, 0x10, 0xE1, 0x11, 0x02, 0xB8,
    0xAF, 0x77, 0xD0, 0xAA, 0x5F, 0x6E, 0x02, 0xF2, 0xC3, 0xA3, 0x65, 0xD7, 0x61, 0x62, 0x11, 0xC8,
    0x62, 0x19, 0xD6, 0x96, 0x00, 0x9C, 0x92, 0x25, 0xE7, 0x15, 0x6D, 0x05, 0x46, 0x36, 0xA7, 0x0A,
    0xAE, 0xDB, 0x58, 0x05, 0x20, 0x22, 0x91, 0xF9, 0x5A, 0x3B, 0x24, 0x23, 0x6D, 0x48, 0x43, 0x22,
    0xDE, 0x04, 0x23, 0x24, 0xD5, 0xF2, 0xCB, 0xE5, 0x08, 0xD4, 0xE1, 0x48, 0xB4, 0x59, 0x7C, 0x9D,
    0x37, 0x3B, 0x95, 0x5B, 0xFF, 0xFC, 0x4C, 0x63, 0xA4, 0xB1, 0x3E, 0x9F, 0x29, 0x9A, 0x22, 0xE2,
    0xEE, 0xFD, 0x8B, 0xDE, 0x81, 0x42, 0x36, 0x48, 0x8F, 0xBF, 0x55, 0x90, 0x75, 0x8A, 0x8A, 0x75,
    0x3B, 0x20, 0xF7, 0x89, 0x8C, 0x45, 0x63, 0x44, 0x5A, 0x56, 0x98, 0x30, 0x3F, 0x90, 0x81, 0xCC,
    0x5B, 0x4F, 0xD6, 0x94, 0x90, 0x30, 0x3E, 0xA7, 0xEF, 0xBA, 0x05, 0x25, 0x02, 0x11, 0xFD, 0xBD,
    0xC3, 0xA7, 0xB1, 0xAA, 0xA0, 0xBC, 0x22, 0x03, 0x2E, 0x97, 0x8E, 0xB3, 0xDC, 0xE2, 0xDE, 0x6F,
    0x98, 0x8D, 0xF7, 0x7E, 0xC3, 0xEC, 0x54, 0x94, 0x7F, 0xC4, 0xE7, 0x7D, 0x1F, 0x94, 0x68, 0x80,
    0x3E, 0xE9, 0x20, 0xDA, 0xCD, 0x77, 0xCE, 0xCA, 0x9D, 0xEF, 0x9C, 0x9D, 0x92, 0xF2, 0x26, 0xAD,
    0x48, 0x42, 0xEE, 0x21, 0x3A, 0xA0, 0x3E, 0x7E, 0x5F, 0xD9, 0x01, 0x8F, 0x3F, 0xB8, 0x39, 0xDF,
    0xAB, 0x94, 0x6D, 0x04, 0xCC, 0x07, 0x02, 0xE4, 0x41, 0x69, 0xC3, 0xE7, 0x81, 0xB2, 0x07, 0x70,
    0xDD, 0x96, 0xB5, 0x57, 0xB6, 0x3B, 0x94, 0x35, 0x9B, 0x85, 0xD5, 0x31, 0x13, 0x01, 0x48, 0x77,
    0x68, 0xE6, 0x1D, 0x4E, 0x0B, 0xA3, 0x32, 0x5B, 0x98, 0x8F, 0x6C, 0x4C, 0x3F, 0xB0, 0x3D, 0xD0,
    0x5E, 0xF6, 0x40, 0x2D, 0xDB, 0x67, 0xB4, 0xFF, 0x01, 0xE5, 0x7A, 0x01, 0xC4, 0x6D, 0xD9, 0x79,
    0xF6, 0xB3, 0xF7, 0xCA, 0x37, 0x3B, 0xFF, 0x6C, 0xFE, 0xF5, 0xE3, 0x1B, 0xE6, 0xFF, 0x7F, 0xB2,
    0x8B, 0x62, 0xDA, 0x76, 0xB2, 0x01, 0x82, 0xFB, 0xDD, 0xB5, 0x33, 0x41, 0xAB, 0x45, 0x6E, 0xB9,
    0x57, 0x68, 0x31, 0x83, 0xA2, 0x1A, 0x5C, 0x28, 0x82, 0xC9, 0xEC, 0x9D, 0x04, 0x55, 0x45, 0x3E,
    0x88, 0xA0, 0x30, 0x48, 0x49, 0x2F, 0x04, 0xE0, 0x56, 0x6F, 0xEE, 0x5E, 0x99, 0x51, 0x45, 0x90,
    0xDD, 0x8C, 0x1A, 0x04, 0xB3, 0x9B, 0xA6, 0x69, 0xA3, 0xB8, 0x2B, 0xB1, 0x23, 0x3B, 0x73, 0xD7,
    0xDE, 0x6F, 0xCF, 0xF3, 0xEE, 0x75, 0xF6, 0xB9, 0xF7, 0x8E, 0xD1, 0x54, 0xE7, 0x4E, 0xBF, 0xE8,
    0x72, 0xCE, 0xB3, 0x96, 0x73, 0xBE, 0x73, 0xCE, 0xFB, 0x3E, 0xFB, 0x79, 0xD7, 0x7A, 0xDF, 0x77,
    0x7F, 0x00, 0x50, 0x76, 0xC4, 0xCA, 0x13, 0x6B, 0x45, 0xDB, 0x01, 0x9F, 0x7D, 0xDD, 0x36, 0x28,
    0x45, 0x3E, 0x0E, 0xB4, 0x3F, 0xED, 0x67, 0x64, 0xD2, 0xD4, 0x01, 0x66, 0x85, 0x9D, 0x60, 0x23,
    0x1F, 0xD5, 0x4C, 0x74, 0xE1, 0x84, 0xFD, 0xA8, 0x38, 0x10, 0xC5, 0xA3, 0x52, 0xAC, 0x27, 0xA2,
    0x0B, 0xE8, 0x0F, 0x38, 0xA2, 0xF5, 0x10, 0x2E, 0x32, 0x69, 0x50, 0x87, 0x62, 0x01, 0xCA, 0xB5,
    0x9F, 0x80, 0x4C, 0x84, 0x76, 0x3C, 0xFB, 0x35, 0x6C, 0x23, 0x00, 0x30, 0xD3, 0x11, 0xF2, 0x80,
    0x42, 0xBE, 0x10, 0xE0, 0xE4, 0x67, 0x1E, 0x62, 0x04, 0x66, 0x31, 0x2B, 0xCA, 0x98, 0x0B, 0xEC,
    0x74, 0x80, 0x3A, 0x18, 0x81, 0x4B, 0xB0, 0xC2, 0x8D, 0xC5, 0x72, 0x80, 0x92, 0x86, 0xD9, 0x09,
    0x75, 0x70, 0x23, 0xEC, 0x22, 0x1D, 0x72, 0x89, 0x00, 0xFE, 0x5F, 0x83, 0x7D, 0xE8, 0x77, 0xEB,
    0xCF, 0x28, 0x86, 0xED, 0x95, 0xEC, 0x16, 0xF0, 0x19, 0xDF, 0x4A, 0x70, 0x2B, 0x0E, 0x58, 0x07,
    0x94, 0x2B, 0xF2, 0x11, 0xE5, 0x02, 0xA3, 0x4E, 0x9A, 0x41, 0xD1, 0x13, 0x0B, 0x4F, 0x2E, 0x4A,
    0x75, 0xB5, 0xEC, 0x94, 0x8B, 0x46, 0x11, 0x27, 0xAC, 0x41, 0xE7, 0xAF, 0xEB, 0xFA, 0x9A, 0xE2,
    0x0C, 0xD4, 0x91, 0xBF, 0x67, 0x45, 0x3C, 0x90, 0x8B, 0x80, 0xA6, 0x5D, 0x62, 0x1B, 0xCF, 0x13,
    0x5A, 0x42, 0x4F, 0x78, 0x8D, 0x70, 0x41, 0xB8, 0x7B, 0x58, 0xDF, 0x1E, 0xEB, 0x35, 0x17, 0xF4,
    0x8B, 0x11, 0xBC, 0x1C, 0x0F, 0x60, 0x23, 0xAF, 0xCC, 0x5C, 0x2C, 0xB0, 0x53, 0x19, 0x51, 0x05,
    0x1B, 0x51, 0x07, 0x3B, 0x6F, 0xFE, 0xBB, 0xB1, 0x0E, 0x68, 0xC7, 0x3E, 0x0C, 0xAD, 0x3C, 0x78,
    0xE8, 0x5B, 0xA9, 0xA5, 0x71, 0xD1, 0x2E, 0x78, 0xA6, 0xC9, 0x2E, 0x71, 0x1C, 0x37, 0x70, 0x03,
    0x69, 0xD0, 0xAE, 0x34, 0x9C, 0x4A, 0x42, 0x47, 0x2D, 0x48, 0x83, 0x5E, 0x1F, 0xC7, 0x99, 0x7E,
    0x6A, 0x1F, 0xAD, 0xC8, 0xEB, 0x40, 0x2F, 0x22, 0x84, 0x15, 0x10, 0x2E, 0x8B, 0x35, 0x17, 0x8F,
    0x05, 0x75, 0x44, 0xB1, 0xA0, 0x0D, 0x59, 0x40, 0x3B, 0x81, 0xD7, 0x67, 0xCA, 0x47, 0xC8, 0xB0,
    0xE9, 0xC9, 0x0C, 0x46, 0xBA, 0xA4, 0xAE, 0xC6, 0x0A, 0x60, 0x55, 0x62, 0xFC, 0x14, 0xAA, 0x49,
    0x97, 0x6D, 0x00, 0x6A, 0x15, 0x5B, 0x26, 0x03, 0x79, 0xA4, 0xCA, 0xF8, 0x29, 0x25, 0x79, 0x86,
    0x5D, 0xA1, 0x4C, 0xBB, 0x09, 0x2E, 0x92, 0xBC, 0x41, 0xA5, 0x17, 0xB8, 0xF4, 0xE8, 0xC7, 0x4C,
    0xE8, 0x8E, 0x50, 0x84, 0x46, 0x1A, 0x33, 0x42, 0xBA, 0xC3, 0x6C, 0x57, 0x18, 0x9F, 0x71, 0xE6,
    0xA7, 0x4A, 0x4F, 0x6E, 0x27, 0x7E, 0xAA, 0xF6, 0xB7, 0x45, 0xC4, 0x67, 0x74, 0xA2, 0xEB, 0x45,
    0x66, 0xE4, 0x5C, 0x1E, 0xF5, 0x73, 0x8E, 0x9B, 0x69, 0xF5, 0xF9, 0x7C, 0x4E, 0xAE, 0xBB, 0x4F,
    0x8F, 0xC9, 0x73, 0x2B, 0x4D, 0x72, 0xBC, 0x5C, 0xB1, 0xF9, 0x8D, 0xEC, 0x26, 0x36, 0xB7, 0xC1,
    0xA1, 0x5E, 0x97, 0xFC, 0x5A, 0x75, 0xDA, 0x8A, 0xC4, 0xCD, 0x67, 0xFB, 0xCF, 0x6D, 0xD8, 0x5C,
    0xAE, 0xE9, 0x82, 0x7A, 0x7C, 0x91, 0x49, 0xB7, 0x3B, 0xBC, 0xFB, 0x1B, 0x77, 0x77, 0xC3, 0xEE,
    0xED, 0xB0, 0x3B, 0xDB, 0xED, 0xBE, 0xE2, 0x46, 0x72, 0x35, 0x22, 0x24, 0x4F, 0x43, 0x1E, 0x92,
    0xA3, 0x43, 0x31, 0xEE, 0x7E, 0xFA, 0xDD, 0x4D, 0x9F, 0x74, 0x91, 0xDD, 0x00, 0x0A, 0x09, 0xD9,
    0x54, 0x8E, 0xD4, 0xE9, 0x88, 0xC5, 0x75, 0x64, 0x79, 0x80, 0x5B, 0xF5, 0x92, 0x7B, 0x5A, 0xA2,
    0x0C, 0x27, 0x35, 0xA4, 0x8F, 0x96, 0xAB, 0x74, 0xB5, 0xC8, 0x48, 0x66, 0x1A, 0x27, 0x12, 0x72,
    0xF9, 0x94, 0xC0, 0x7D, 0x45, 0x7C, 0xC1, 0xC8, 0xBD, 0x97, 0x4B, 0x63, 0x27, 0x23, 0x98, 0x8A,
    0x95, 0x11, 0x4C, 0xCA, 0xA2, 0xC6, 0xAE, 0x7A, 0xD7, 0xFA, 0x32, 0xEA, 0x57, 0xF5, 0xDE, 0x46,
    0xE4, 0xD2, 0x40, 0xBC, 0x9D, 0x51, 0x50, 0x53, 0x9D, 0xBA, 0x9E, 0x35, 0xD2, 0xA9, 0xE7, 0xC6,
    0x8B, 0x97, 0x00, 0xF1, 0xA5, 0xEF, 0xDF, 0x7A, 0x67, 0xFE, 0xA2, 0x34, 0x55, 0xE7, 0xE4, 0xCB,
    0xF2, 0xB6, 0x88, 0xC0, 0x2E, 0xA5, 0x94, 0x5C, 0x64, 0xCD, 0x51, 0xE1, 0xAD, 0x70, 0x43, 0x93,
    0x80, 0x7E, 0x5B, 0x8C, 0x28, 0x24, 0xA9, 0x9A, 0x3F, 0xCE, 0x70, 0xE6, 0x55, 0xA2, 0xD4, 0x92,
    0xD6, 0xDD, 0x63, 0x8B, 0x59, 0x45, 0xA6, 0xA2, 0x04, 0xDA, 0x01, 0xA8, 0x93, 0xC0, 0xF4, 0x6D,
    0x08, 0x17, 0xE3, 0x63, 0x8B, 0x4E, 0x2F, 0x0E, 0x77, 0x51, 0xFD, 0xBB, 0x17, 0x72, 0xD9, 0xDE,
    0xBE, 0x66, 0x64, 0x7B, 0xFB, 0x2E, 0x17, 0x7C, 0x7B, 0x22, 0x0F, 0xB9, 0xC0, 0x84, 0x72, 0x01,
    0x78, 0x59, 0x02, 0x4D, 0x61, 0x44, 0x8D, 0x7B, 0xD8, 0xA9, 0x05, 0x40, 0xB2, 0x00, 0x6A, 0xD7,
    0x71, 0x31, 0xA4, 0x45, 0x52, 0x69, 0x26, 0x0B, 0xD2, 0x62, 0xC0, 0x71, 0x3C, 0xC3, 0xF7, 0xD4,
    0x09, 0xE5, 0x02, 0xAD, 0x52, 0xA1, 0xBE, 0x28, 0x13, 0x75, 0xB3, 0x11, 0x81, 0xC4, 0x43, 0x22,
    0xC7, 0x4A, 0x97, 0x66, 0xAF, 0x26, 0x50, 0x60, 0xB4, 0x60, 0xDB, 0xCC, 0xD5, 0x6C, 0x35, 0xC4,
    0xC8, 0xE6, 0xB7, 0x59, 0xF7, 0x59, 0xDD, 0x2F, 0xE2, 0xE6, 0x7D, 0x19, 0x37, 0xE7, 0x6D, 0xDC,
    0x7C, 0xB7, 0xF3, 0xE6, 0xBA, 0x9D, 0x36, 0xCF, 0xAB, 0xB0, 0x39, 0x5E, 0x87, 0xCD, 0xEF, 0xA3,
    0x73, 0xCA, 0x65, 0xA2, 0x3C, 0x09, 0x4E, 0x87, 0x74, 0x3A, 0xE5, 0x92, 0x5E, 0x4E, 0x26, 0xCB,
    0xA8, 0x53, 0x76, 0x59, 0x89, 0xB7, 0xB1, 0x94, 0xCE, 0x46, 0x4A, 0x7F, 0xCE, 0x05, 0xC5, 0xA8,
    0xC4, 0x9B, 0x55, 0x21, 0x97, 0x50, 0x44, 0xA3, 0x44, 0xBB, 0xA0, 0x1A, 0xE4, 0xD6, 0x39, 0xD8,
    0x09, 0xBD, 0xAF, 0xC3, 0x06, 0xE2, 0xDD, 0x01, 0x3A, 0x3D, 0xB9, 0xDA, 0x81, 0x81, 0xE3, 0x8D,
    0xC2, 0x8A, 0xFE, 0xBB, 0x66, 0x41, 0x2B, 0x45, 0x44, 0x1D, 0xCB, 0x88, 0x8C, 0x41, 0x96, 0xAE,
    0x51, 0x15, 0x92, 0x8A, 0x18, 0x25, 0xA8, 0xA5, 0xC1, 0x16, 0x2B, 0xED, 0x02, 0x23, 0x3F, 0x15,
    0xE1, 0x5E, 0x01, 0x23, 0x3F, 0x11, 0x21, 0xF3, 0x0D, 0x5E, 0x43, 0x45, 0x11, 0x8A, 0xC7, 0xAB,
    0xCA, 0x6C, 0x29, 0x03, 0xEE, 0x6D, 0x32, 0xEC, 0x03, 0xE6, 0x4D, 0x7E, 0x2F, 0x4F, 0x98, 0xB6,
    0x15, 0xA3, 0x79, 0x53, 0x62, 0x19, 0xB3, 0xB0, 0x49, 0xF1, 0xE0, 0x4E, 0x50, 0x66, 0xAE, 0xE7,
    0x62, 0x46, 0xD5, 0xE0, 0x05, 0xE4, 0x4B, 0x83, 0xB2, 0x74, 0x0D, 0xFD, 0x9B, 0x3E, 0xE3, 0xEA,
    0x1E, 0xDC, 0xBF, 0x78, 0x65, 0xEC, 0x2E, 0xEA, 0x87, 0x5E, 0xE9, 0x98, 0x78, 0x85, 0x75, 0x15,
    0x50, 0x4A, 0x43, 0x76, 0xB2, 0x00, 0x23, 0x2A, 0x86, 0x3C, 0x20, 0x17, 0x95, 0xC3, 0xED, 0x15,
    0x58, 0x61, 0x55, 0x95, 0xC0, 0xC2, 0xD5, 0x13, 0xBA, 0x54, 0x9F, 0x9F, 0x54, 0xA6, 0x52, 0x90,
    0xA4, 0xD8, 0x1C, 0x17, 0xC7, 0x8F, 0xE6, 0x72, 0x89, 0x27, 0xE5, 0xA9, 0x62, 0x56, 0xA6, 0xA6,
    0x3E, 0x11, 0x15, 0xDA, 0x23, 0x4F, 0x75, 0x93, 0x68, 0xC2, 0x91, 0x25, 0x24, 0x92, 0x54, 0xA5,
    0xE4, 0xA8, 0xE2, 0x82, 0x14, 0x71, 0xF3, 0x50, 0x86, 0x32, 0x49, 0x04, 0xE5, 0x92, 0xF8, 0x31,
    0x92, 0xE8, 0x31, 0x6B, 0x62, 0xC7, 0x2C, 0x89, 0x9C, 0x22, 0x26, 0x6E, 0xE8, 0xB3, 0x52, 0x63,
    0x63, 0x62, 0xC6, 0xCE, 0x89, 0x98, 0x6A, 0x4A, 0xBC, 0xD4, 0x21, 0xD1, 0xE2, 0x42, 0x62, 0xE5,
    0x28, 0x56, 0x2E, 0x9E, 0xF0, 0xBF, 0xF7, 0x8F, 0xC7, 0xE8, 0xAE, 0x5C, 0xEC, 0x7C, 0xC8, 0x88,
    0x34, 0x5E, 0x78, 0xFC, 0x4F, 0xCC, 0xE3, 0x33, 0x4D, 0x7C, 0x72, 0xB8, 0xA5, 0x8C, 0xE4, 0xAD,
    0x5D, 0x5A, 0x26, 0x09, 0x28, 0x97, 0x87, 0xA2, 0x89, 0x8A, 0xBC, 0xA1, 0x07, 0x40, 0x29, 0x99,
    0xE8, 0x39, 0xC3, 0x24, 0x42, 0xF3, 0x39, 0x7A, 0x12, 0x60, 0x67, 0xB3, 0xD2, 0x91, 0x4A, 0x73,
    0xA8, 0xC0, 0xFC, 0x2C, 0xEA, 0xE9, 0xA2, 0x81, 0x31, 0x30, 0x2C, 0x22, 0x9D, 0x70, 0x03, 0xD3,
    0xBC, 0x6D, 0x63, 0x7E, 0x45, 0x38, 0x97, 0x12, 0xA4, 0xD3, 0x03, 0xE6, 0x0B, 0x9B, 0x4B, 0xE7,
    0xEF, 0x31, 0x77, 0x85, 0x8E, 0x22, 0x3E, 0xA6, 0x94, 0x42, 0xC6, 0x34, 0x37, 0xD8, 0xC7, 0xC7,
    0xF0, 0x9B, 0x9A, 0x85, 0x46, 0xBE, 0xF1, 0x30, 0xE8, 0xB7, 0x28, 0x63, 0x42, 0xC0, 0x1F, 0x62,
    0x1F, 0xF9, 0x7A, 0xFA, 0x0D, 0xFB, 0x08, 0x5E, 0x28, 0x7E, 0x4E, 0xBF, 0x94, 0x96, 0x21, 0x1B,
    0x89, 0x3C, 0x27, 0x80, 0xA2, 0x23, 0xFF, 0x16, 0xC4, 0xFA, 0x8E, 0xA6, 0x11, 0x42, 0x33, 0xFE,
    0xFA, 0x56, 0x7B, 0xC0, 0x40, 0xCF, 0xF3, 0x91, 0x68, 0x3C, 0x18, 0xFD, 0xD1, 0x88, 0x34, 0x12,
    0x0B, 0x11, 0xCD, 0x92, 0x3A, 0x60, 0x2A, 0x3C, 0xF0, 0x6A, 0xDD, 0x80, 0x27, 0x60, 0x8A, 0x68,
    0x1B, 0x28, 0xDC, 0x0E, 0x69, 0xF4, 0xEF, 0x74, 0x28, 0x45, 0x1A, 0xB8, 0xB7, 0x05, 0x58, 0x8D,
    0x20, 0x67, 0x8E, 0x56, 0x4C, 0x66, 0x81, 0x25, 0xAF, 0x95, 0x92, 0x3A, 0xEE, 0xBB, 0xCD, 0x58,
    0x31, 0xA6, 0x5D, 0x18, 0x1D, 0x73, 0x34, 0x27, 0x2F, 0x4B, 0x63, 0x17, 0xBB, 0x20, 0xBB, 0x3C,
    0xE6, 0x68, 0xD7, 0xF0, 0x09, 0xD4, 0xF9, 0x04, 0xFB, 0x60, 0x8B, 0x81, 0x7C, 0xD9, 0xC8, 0x38,
    0xBB, 0x05, 0xD0, 0x01, 0xD1, 0x3C, 0x4A, 0xA9, 0xD5, 0x13, 0xAC, 0x9E, 0xB6, 0x30, 0x74, 0xC7,
    0xE7, 0xA8, 0x3B, 0xA7, 0xFA, 0x2D, 0xC7, 0x67, 0xA7, 0x9B, 0x78, 0x4E, 0x43, 0x65, 0xD2, 0xE7,
    0x19, 0x3E, 0x6A, 0xF1, 0x6A, 0xF9, 0xC6, 0x64, 0x64, 0xC8, 0xA5, 0xC3, 0x0A, 0xFC, 0x11, 0x38,
    0xBE, 0x89, 0xDB, 0x0B, 0x05, 0xFA, 0x72, 0xD4, 0x74, 0x65, 0xA6, 0xF8, 0x6B, 0xA5, 0xCB, 0x8D,
    0x1A, 0xA9, 0x6F, 0x76, 0xFD, 0x03, 0xEA, 0xCD, 0x4D, 0xA7, 0x08, 0xCE, 0x86, 0xDC, 0x03, 0x73,
    0xD5, 0x01, 0xF7, 0xEF, 0x53, 0x9B, 0xCA, 0xD5, 0xB8, 0x05, 0x39, 0xCB, 0x0C, 0x90, 0x26, 0x2D,
    0x32, 0xBC, 0xD6, 0x18, 0x5A, 0x62, 0x68, 0x3A, 0xA4, 0x05, 0x86, 0x0B, 0x47, 0xE8, 0x47, 0x02,
    0x5D, 0xD4, 0xDA, 0x42, 0x4B, 0x0B, 0xAD, 0x2C, 0xB4, 0xB0, 0xD0, 0xBA, 0x42, 0x37, 0x67, 0x56,
    0x15, 0x5A, 0x54, 0x68, 0x4D, 0x91, 0x4A, 0x8A, 0x1C, 0x67, 0xBC, 0xFC, 0xF5, 0x01, 0x42, 0x04,
    0x32, 0x99, 0x00, 0xE8, 0x81, 0xD8, 0xD2, 0x8C, 0x5F, 0x43, 0x1A, 0x85, 0x74, 0x50, 0x16, 0x20,
    0x26, 0x7E, 0x70, 0x55, 0x46, 0xC8, 0xE8, 0x71, 0x2C, 0x3D, 0x19, 0xE8, 0x01, 0xE8, 0x36, 0x9F,
    0x44, 0x83, 0x9C, 0x02, 0xBD, 0x45, 0x6D, 0xB1, 0xE2, 0x90, 0xE6, 0x80, 0xB5, 0x7C, 0xB8, 0x15,
    0x47, 0x8E, 0x8F, 0x02, 0xA5, 0xBF, 0x0E, 0x98, 0x31, 0xF2, 0xBD, 0x63, 0x1E, 0x83, 0x1E, 0x8F,
    0xF0, 0xC3, 0xDA, 0x03, 0x1F, 0x68, 0xED, 0xE1, 0x64, 0xDC, 0xB1, 0x15, 0x7F, 0x2A, 0xCA, 0xCC,
    0xC8, 0xCD, 0x82, 0x04, 0x95, 0x8A, 0x26, 0x94, 0x23, 0x38, 0xFE, 0xDB, 0xB9, 0xCA, 0xEE, 0x7C,
    0x9D, 0xAF, 0xC4, 0x04, 0x3A, 0xAA, 0xE6, 0x45, 0xC0, 0x79, 0x0A, 0x99, 0xE0, 0x3A, 0x01, 0xFE,
    0x17, 0x7E, 0xF5, 0x69, 0xB1, 0x46, 0x4F, 0xF6, 0x72, 0xBD, 0x55, 0x14, 0x42, 0x3E, 0x11, 0xC2,
    0xA7, 0xAE, 0x2C, 0x77, 0xC8, 0x74, 0x3B, 0x9F, 0xE9, 0x02, 0x57, 0x76, 0x20, 0x79, 0x5C, 0xFC,
    0xF6, 0xC5, 0x87, 0x49, 0xE0, 0x2B, 0x78, 0x9D, 0x3B, 0x5A, 0x11, 0x34, 0x20, 0x49, 0xA6, 0xDD,
    0x8E, 0x92, 0xE9, 0x8A, 0x8B, 0x4F, 0x47, 0x81, 0xF2, 0x00, 0x83, 0x03, 0xF2, 0x77, 0xA9, 0x40,
    0x51, 0x37, 0x3C, 0x50, 0xFD, 0xFE, 0x87, 0xCA, 0xE2, 0x35, 0x70, 0xF4, 0x1B, 0x7A, 0x62, 0x3D,
    0x10, 0x4D, 0xB8, 0xE2, 0x32, 0x34, 0x23, 0x61, 0x22, 0x68, 0x04, 0x2F, 0x84, 0xEB, 0x1F, 0xBA,
    0x0C, 0x6B, 0xED, 0x8F, 0x0C, 0xE6, 0xE7, 0x7D, 0x30, 0x2C, 0x4E, 0x34, 0xBB, 0x2E, 0xB6, 0x67,
    0x2D, 0x31, 0x17, 0x89, 0x65, 0xB4, 0x73, 0x1D, 0x6C, 0x70, 0x43, 0x3D, 0x3A, 0xEF, 0xBC, 0x1B,
    0x04, 0xEE, 0x61, 0x84, 0x95, 0x01, 0xA9, 0xFB, 0xF0, 0xEB, 0x77, 0xE8, 0x53, 0xCF, 0x17, 0xF0,
    0xC7, 0x77, 0x3A, 0x1C, 0xC7, 0x6C, 0x3B, 0x20, 0x8F, 0x95, 0x3F, 0x22, 0x5E, 0x7F, 0x16, 0xFB,
    0xA8, 0x02, 0xD1, 0x29, 0xB6, 0x13, 0x51, 0x66, 0x00, 0xF9, 0x03, 0xA2, 0xF9, 0xB6, 0x56, 0x30,
    0x7F, 0x4E, 0xAC, 0x4A, 0xE2, 0xF5, 0x82, 0x78, 0x8F, 0xC9, 0x71, 0x2A, 0x51, 0x03, 0xB1, 0x10,
    0x11, 0xC0, 0x2A, 0x56, 0x8D, 0x11, 0xB2, 0x98, 0x0B, 0x70, 0x4F, 0x73, 0xFC, 0xF9, 0x80, 0x9D,
    0x99, 0x0E, 0xE8, 0xEB, 0xB5, 0xF9, 0x0D, 0x99, 0x5B, 0xF6, 0x01, 0x66, 0x18, 0xD1, 0x8F, 0xAE,
    0xD4, 0xC1, 0xB1, 0x83, 0x62, 0x3D, 0xBB, 0x3C, 0x3B, 0x3C, 0x83, 0x57, 0xB0, 0x8D, 0x52, 0x7E,
    0xA7, 0xD1, 0x0E, 0x42, 0xC6, 0xEE, 0x81, 0x76, 0x0E, 0xB4, 0x6B, 0x50, 0xEF, 0x67, 0xB0, 0x76,
    0x0A, 0xB4, 0x4B, 0xA0, 0x1D, 0x02, 0xED, 0x0E, 0x68, 0x67, 0x40, 0xBB, 0x02, 0xFD, 0x5B, 0xDF,
    0x99, 0x3B, 0x27, 0x9F, 0x96, 0x81, 0x9D, 0x00, 0x64, 0xA9, 0xCF, 0xF5, 0xDC, 0x2D, 0x4E, 0xED,
    0x93, 0x07, 0x0F, 0x8A, 0x40, 0xB4, 0xB3, 0xE2, 0x44, 0xCC, 0x87, 0xAB, 0xC1, 0xDA, 0x33, 0x3C,
    0x77, 0xAC, 0x44, 0xE0, 0x59, 0xAE, 0x70, 0xBE, 0x07, 0x9F, 0x34, 0x84, 0x54, 0x2C, 0x3C, 0x55,
    0xD6, 0x00, 0x11, 0x55, 0x58, 0x76, 0xEC, 0x82, 0xDD, 0xBA, 0x85, 0xD3, 0x50, 0x9F, 0xD6, 0x47,
    0xE6, 0xFC, 0x9D, 0xA8, 0xC1, 0x55, 0x7C, 0x67, 0xD6, 0x52, 0xCD, 0xD6, 0x93, 0xCE, 0x17, 0x75,
    0xD0, 0xAC, 0xF2, 0xEE, 0x46, 0x65, 0x16, 0xB6, 0x22, 0xC9, 0xF8, 0x56, 0x67, 0xDB, 0xF5, 0xFA,
    0xF1, 0x1A, 0xA2, 0xF3, 0xAB, 0xA9, 0xA5, 0xB4, 0xDE, 0xD1, 0x5F, 0x37, 0xA9, 0x07, 0x57, 0xFE,
    0xC3, 0x67, 0xD4, 0xEB, 0x0A, 0x46, 0x90, 0x5D, 0xE2, 0x82, 0xB3, 0x19, 0x10, 0xC1, 0x54, 0xDB,
    0x9B, 0x99, 0xFB, 0x49, 0xE5, 0xEB, 0x55, 0xDB, 0x08, 0x9D, 0x93, 0x63, 0xF7, 0xAE, 0x94, 0xB8,
    0x59, 0xAB, 0xD3, 0xD9, 0x2E, 0x42, 0x6D, 0x5A, 0x35, 0xFD, 0x4C, 0x49, 0x3C, 0x14, 0x41, 0x26,
    0x2F, 0xC9, 0x28, 0x5D, 0x11, 0x21, 0x9D, 0x74, 0x76, 0xCA, 0x04, 0xD2, 0x91, 0xC2, 0x4C, 0xE0,
    0x46, 0xB3, 0x18, 0xA5, 0x71, 0xB9, 0x3D, 0x91, 0x48, 0x91, 0x8E, 0x54, 0xAE, 0x97, 0xDA, 0xA0,
    0x8A, 0xE0, 0xE4, 0x74, 0xF2, 0x7F, 0x13, 0xF1, 0x02, 0xFA, 0xEF, 0xBE, 0x25, 0xD9, 0x0C, 0x27,
    0x5F, 0x10, 0x09, 0xB0, 0x6C, 0x19, 0x74, 0x24, 0xF6, 0xF0, 0xD8, 0x47, 0x45, 0x39, 0xE5, 0x9B,
    0x3C, 0x62, 0xAE, 0x9D, 0x72, 0xBA, 0x2E, 0x1D, 0x7A, 0x2D, 0xCC, 0x5F, 0x43, 0xB1, 0x9C, 0x1A,
    0xB0, 0xD5, 0x7C, 0x2A, 0xB5, 0x5D, 0xC2, 0x5C, 0x64, 0x50, 0xEC, 0xD8, 0x2B, 0x9C, 0x75, 0x6F,
    0x9C, 0x0E, 0x48, 0xF3, 0x14, 0x1B, 0xBE, 0x38, 0x72, 0xBF, 0x6D, 0xC7, 0x63, 0x9F, 0xAF, 0x56,
    0x96, 0x71, 0xBC, 0x94, 0x2D, 0x80, 0xDB, 0xEF, 0x4A, 0x43, 0xA2, 0x1F, 0x00, 0x36, 0xF4, 0x7F,
    0x06, 0xD4, 0x9E, 0x27, 0x8C, 0x53, 0x6C, 0xBB, 0x96, 0x1D, 0xAD, 0x86, 0x5C, 0xB6, 0x9F, 0x14,
    0x00, 0xEE, 0x7B, 0xAA, 0x7D, 0x0D, 0xA7, 0xFA, 0xAF, 0x00, 0x20, 0x12, 0xF2, 0x45, 0x51, 0xF4,
    0x75, 0x51, 0xBA, 0x7B, 0x75, 0xEE, 0xDD, 0x5E, 0xB7, 0x57, 0x08, 0xD0, 0xE7, 0x22, 0x13, 0x24,
    0xD7, 0x86, 0x1C, 0xB9, 0xD6, 0x7A, 0x4C, 0x37, 0x88, 0x27, 0x32, 0xE8, 0x7B, 0xE5, 0xC0, 0xE3,
    0xBA, 0x01, 0x2A, 0x7E, 0x6F, 0x39, 0xA5, 0xE4, 0x19, 0x9F, 0xFD, 0x11, 0x50, 0x6A, 0xA7, 0xF1,
    0xE7, 0x7F, 0x10, 0x32, 0xF1, 0x45, 0x28, 0x56, 0x98, 0x51, 0xCF, 0x91, 0x7A, 0x42, 0x4E, 0x2E,
    0x40, 0x7F, 0xB7, 0x3E, 0x14, 0x2F, 0x93, 0xCC, 0xE2, 0x2B, 0x89, 0xE2, 0xCF, 0x64, 0x50, 0x86,
    0xFB, 0x01, 0xD2, 0xB4, 0x63, 0x26, 0x4A, 0xA2, 0xD2, 0x8F, 0x42, 0xBE, 0xBA, 0xD2, 0xE2, 0x99,
    0x59, 0x1F, 0x15, 0xD7, 0xE5, 0x0D, 0xB2, 0xC0, 0x3C, 0x3E, 0x3A, 0x7E, 0x63, 0x6A, 0x09, 0xA6,
    0x83, 0xEF, 0xD9, 0x06, 0x9A, 0x2D, 0x33, 0x74, 0x57, 0xD8, 0x7F, 0xFB, 0xC9, 0x0A, 0xF7, 0x45,
    0x89, 0xE8, 0x3F, 0x29, 0x97, 0x10, 0x08, 0x12, 0x64, 0x0B, 0x20, 0x2F, 0x45, 0xA0, 0x7D, 0x3B,
    0x00, 0x6C, 0x53, 0xE0, 0xEE, 0x8D, 0x74, 0x16, 0x19, 0x59, 0x2F, 0xC9, 0xFB, 0xC2, 0x10, 0x13,
    0x85, 0xC6, 0xB2, 0x65, 0xE3, 0x3A, 0xF4, 0x4D, 0xDB, 0x81, 0xCA, 0x63, 0xFD, 0x48, 0x77, 0xF3,
    0xFE, 0xE7, 0x1A, 0x3E, 0x4D, 0xD6, 0xE8, 0xB1, 0xAB, 0xBB, 0x7C, 0x16, 0xFB, 0xBD, 0x97, 0xB0,
    0x0B, 0x03, 0xCF, 0x35, 0xC4, 0xBD, 0xFF, 0x49, 0xED, 0xF5, 0x9C, 0xD8, 0x46, 0xD1, 0x6D, 0x8D,
    0xC5, 0x4C, 0xA3, 0xFD, 0xBE, 0x6F, 0x42, 0xD5, 0x17, 0x74, 0xB2, 0x9E, 0xD3, 0xEC, 0xB6, 0x6E,
    0x63, 0x54, 0xC1, 0xFD, 0x6C, 0xE5, 0xE4, 0x44, 0xD2, 0xD4, 0x70, 0xFA, 0xBE, 0x78, 0xA5, 0x77,
    0x9B, 0xBC, 0x8C, 0xCA, 0x73, 0x1B, 0xB6, 0x38, 0xD8, 0xBA, 0x84, 0x8C, 0x0A, 0x76, 0x7D, 0xB5,
    0xB3, 0xF9, 0x83, 0x52, 0x3C, 0x6D, 0xC8, 0xC4, 0xAB, 0x0B, 0x37, 0x90, 0x07, 0xE6, 0x83, 0xB1,
    0x6D, 0xB4, 0x41, 0x06, 0xF0, 0x53, 0xFB, 0x0D, 0x86, 0x42, 0x82, 0xB6, 0x9F, 0x8F, 0xFD, 0x3F,
    0x4D, 0x38, 0x44, 0xA1, 0x23, 0x7C, 0x51, 0xA6, 0x4C, 0x8C, 0xB0, 0x50, 0x93, 0xC6, 0x30, 0xD2,
    0xCC, 0x5A, 0x8E, 0x30, 0x0B, 0x3B, 0x45, 0xF1, 0x7E, 0xAA, 0x33, 0x19, 0x00, 0xB0, 0x2B, 0x4B,
    0xC8, 0xA9, 0x67, 0x7D, 0xDF, 0x8E, 0x5A, 0x76, 0xB3, 0x00, 0x8F, 0xEC, 0x6C, 0x48, 0xD3, 0x7A,
    0x96, 0xBD, 0x69, 0xD4, 0x5C, 0x1A, 0x91, 0x99, 0xDE, 0xB3, 0xF7, 0xDC, 0xB2, 0x4C, 0x05, 0x1F,
    0x5E, 0xDB, 0x9A, 0x5E, 0x9B, 0x9A, 0x83, 0x55, 0xAC, 0x66, 0x62, 0x1D, 0x88, 0xE4, 0x5D, 0xFC,
    0x8E, 0xBC, 0x82, 0x8C, 0x37, 0x1C, 0x50, 0xDB, 0x2B, 0x7A, 0xC8, 0x07, 0xD8, 0x89, 0x0F, 0xA7,
    0xA9, 0x8F, 0xD6, 0x8E, 0xB2, 0xEC, 0xE7, 0x52, 0xBE, 0x9D, 0x42, 0x9E, 0x58, 0x37, 0x44, 0xB7,
    0xE1, 0xF6, 0xCA, 0x4A, 0x2C, 0x17, 0x45, 0xBD, 0x9C, 0x21, 0x97, 0x32, 0x96, 0xD1, 0xAC, 0x55,
    0x30, 0x42, 0x15, 0xBB, 0xC1, 0x08, 0xFB, 0x94, 0xB4, 0x55, 0x7C, 0xB1, 0x88, 0x2F, 0x23, 0x77,
    0x7B, 0x76, 0x34, 0xDD, 0x70, 0x40, 0xA1, 0xC6, 0x27, 0xEE, 0x2B, 0x5A, 0x3B, 0x94, 0xE3, 0x96,
    0x92, 0xDB, 0xA0, 0xDD, 0x35, 0xED, 0x0B, 0x50, 0xA0, 0xAA, 0x70, 0x45, 0x1E, 0x9B, 0xBF, 0x64,
    0xDC, 0x58, 0x99, 0x61, 0xD9, 0xD8, 0xA0, 0xE9, 0x4F, 0x9B, 0x2B, 0xDE, 0x2D, 0xD1, 0x3B, 0x25,
    0x7A, 0x97, 0x64, 0xEF, 0x0F, 0xED, 0x32, 0xD6, 0x78, 0x99, 0xD0, 0xEA, 0x66, 0xC7, 0x10, 0x5E,
    0x6F, 0xB5, 0x0D, 0x26, 0xB6, 0x2F, 0x83, 0x09, 0xC9, 0x23, 0x4D, 0x45, 0xB3, 0x49, 0x45, 0x7F,
    0x49, 0x83, 0x67, 0x3D, 0x98, 0xF6, 0x2E, 0xA0, 0x34, 0x1F, 0xA1, 0xEA, 0x2F, 0xB8, 0x5A, 0x91,
    0x09, 0x04, 0xDA, 0x8B, 0x66, 0x2B, 0x62, 0x95, 0xA0, 0x8D, 0xA7, 0x14, 0xF1, 0xBA, 0x35, 0x98,
    0xB1, 0xEE, 0x90, 0xCF, 0xEB, 0x31, 0x5D, 0xE9, 0xC7, 0x47, 0x37, 0x84, 0x56, 0xC4, 0x43, 0x76,
    0x58, 0xEF, 0xF4, 0xC8, 0x03, 0xC3, 0x67, 0x28, 0x86, 0x44, 0x2E, 0xCD, 0xC3, 0x66, 0x1E, 0x37,
    0x9C, 0x5A, 0xC3, 0xAE, 0x0D, 0xC7, 0x83, 0xA8, 0x24, 0xE8, 0xC1, 0x64, 0x08, 0x45, 0xC4, 0xF3,
    0xDB, 0x3E, 0x62, 0x67, 0xAC, 0xDC, 0x5C, 0x84, 0x21, 0xDB, 0x8A, 0xD0, 0x97, 0x11, 0xA7, 0x68,
    0xF7, 0x8C, 0x76, 0x1A, 0xB4, 0xEF, 0xA3, 0xBB, 0x55, 0x46, 0x8F, 0x00, 0x02, 0x7A, 0x42, 0xEB,
    0xDF, 0x1B, 0xF3, 0xF4, 0x32, 0x93, 0x23, 0x2D, 0x46, 0x61, 0x55, 0x53, 0xD4, 0xA8, 0x23, 0xD8,
    0xF9, 0xBD, 0xED, 0x78, 0x37, 0xA6, 0xAF, 0x73, 0xA2, 0x5D, 0xA9, 0xFF, 0x41, 0xF7, 0x2E, 0xD5,
    0x4D, 0x1D, 0xEA, 0x25, 0x47, 0x72, 0x92, 0x43, 0x7D, 0x04, 0xF0, 0x4B, 0x77, 0x9F, 0x72, 0x3F,
    0x24, 0x74, 0xE4, 0xB2, 0xB7, 0xDF, 0x87, 0xF7, 0x6F, 0xBF, 0x5F, 0xF1, 0xFB, 0x94, 0xD0, 0xFB,
    0xC5, 0xAA, 0xA5, 0xDD, 0x91, 0x1E, 0xFB, 0xE6, 0x97, 0x35, 0x4F, 0x3B, 0x71, 0x0C, 0x3B, 0xF2,
    0xF1, 0x1F, 0x26, 0x8E, 0x67, 0x6A, 0x6D, 0x1D, 0x76, 0xB6, 0x33, 0x7D, 0xD7, 0x84, 0xDD, 0xDA,
    0x0F, 0x3F, 0xB9, 0x04, 0x51, 0x80, 0x15, 0xEF, 0x4D, 0x2E, 0x35, 0x13, 0x72, 0xE9, 0x83, 0xF3,
    0x61, 0xAD, 0x0A, 0x82, 0x91, 0x14, 0x08, 0x66, 0x4D, 0x71, 0x70, 0xE4, 0x8E, 0x6B, 0x5D, 0xF0,
    0x81, 0x3D, 0xC8, 0xB7, 0x10, 0xDF, 0x38, 0x15, 0x91, 0xC9, 0xC9, 0xCC, 0x9F, 0x91, 0xD0, 0x8A,
    0x1E, 0x5F, 0xDA, 0x33, 0x4E, 0x8B, 0x55, 0xE5, 0xAF, 0xEA, 0x51, 0xF5, 0x0F, 0x8F, 0xAA, 0x07,
    0xD2, 0x41, 0xB8, 0xC8, 0x54, 0x46, 0xD5, 0xAC, 0x7A, 0x6A, 0xBD, 0x0B, 0xCC, 0x97, 0xE0, 0xDE,
    0x95, 0x81, 0x96, 0xA2, 0x54, 0xEB, 0x9F, 0x4C, 0xEB, 0x0A, 0xF1, 0x2C, 0x5D, 0x4A, 0xF9, 0xB6,
    0x08, 0x7D, 0x7B, 0xF0, 0x92, 0x52, 0x18, 0x55, 0xE7, 0x7D, 0x50, 0xDD, 0xCB, 0xB8, 0x4D, 0x7E,
    0x9B, 0x3A, 0x4E, 0xDB, 0x8F, 0x21, 0x17, 0x7D, 0xC1, 0x88, 0xAE, 0xCC, 0xCA, 0x07, 0x3D, 0xA7,
    0x81, 0x25, 0x03, 0x9E, 0x13, 0xBD, 0x80, 0xDE, 0xFE, 0xA1, 0xF7, 0xF9, 0xAA, 0xBE, 0xAB, 0xEB,
    0x75, 0xD0, 0xB8, 0x72, 0xB2, 0x40, 0xA7, 0x4B, 0x9D, 0xC6, 0xFD, 0x86, 0xED, 0x29, 0xF0, 0xE4,
    0xD1, 0xA9, 0x96, 0x4D, 0xDC, 0x12, 0xA1, 0xE3, 0x13, 0x8A, 0x34, 0x9C, 0x44, 0x11, 0xEB, 0x89,
    0x98, 0x6F, 0xEF, 0x3F, 0xAF, 0xC8, 0x9A, 0x49, 0x16, 0xC8, 0xAA, 0x8F, 0x05, 0x56, 0x50, 0xF8,
    0x03, 0x76, 0x65, 0x87, 0x8F, 0x89, 0x3F, 0xE0, 0x8B, 0xFD, 0x60, 0x1B, 0x5C, 0x73, 0xC1, 0xE2,
    0x88, 0xD5, 0x5C, 0x01, 0xAF, 0xDA, 0xF8, 0x71, 0xE0, 0x6E, 0xB9, 0xBC, 0x78, 0x40, 0x23, 0xD7,
    0x80, 0x49, 0x31, 0x64, 0xC2, 0x23, 0x18, 0xA2, 0x77, 0xF6, 0xFA, 0x19, 0xF9, 0xB6, 0x5B, 0x49,
    0xC3, 0x0E, 0x8E, 0xC0, 0x06, 0xEC, 0xAD, 0xDE, 0x63, 0x96, 0xA1, 0x39, 0xBF, 0xBE, 0x61, 0x08,
    0x99, 0xDA, 0xF9, 0x27, 0x48, 0xE3, 0x9B, 0xCC, 0x61, 0x16, 0xB7, 0xA2, 0x8F, 0x22, 0x78, 0x59,
    0xBE, 0x27, 0xB0, 0x2B, 0x9B, 0x45, 0x91, 0xB7, 0x80, 0x66, 0xA6, 0xF0, 0x53, 0xA9, 0xCD, 0x22,
    0xBD, 0x81, 0xA0, 0xB7, 0x80, 0x82, 0x76, 0x8C, 0x86, 0x76, 0x70, 0x0F, 0x7D, 0xEF, 0x9D, 0x50,
    0x03, 0x11, 0xE7, 0xC8, 0x2F, 0xF1, 0x44, 0x64, 0x41, 0x08, 0x66, 0x3E, 0x35, 0x83, 0xB5, 0xF8,
    0x48, 0x7B, 0xF7, 0x74, 0x8F, 0x18, 0xAE, 0x9D, 0xB0, 0x9F, 0x4E, 0xEF, 0x0A, 0x31, 0x57, 0x34,
    0xDF, 0xD1, 0xB3, 0xF1, 0xCB, 0xC4, 0x5A, 0xC5, 0x7D, 0xA1, 0x18, 0x19, 0x29, 0x59, 0xE0, 0x71,
    0x6E, 0x46, 0xEA, 0xA0, 0xDC, 0x9A, 0x15, 0x22, 0xBF, 0x58, 0xB3, 0x82, 0xCA, 0xBC, 0x91, 0xAE,
    0x78, 0x26, 0x6A, 0xE9, 0xB1, 0xDB, 0x7B, 0xA6, 0x3D, 0x2B, 0x60, 0x3B, 0x05, 0xCD, 0xDF, 0x87,
    0x03, 0xF8, 0x23, 0xE4, 0xE9, 0x9E, 0xCC, 0xD3, 0xEE, 0x62, 0xEC, 0x71, 0x23, 0xDD, 0x63, 0xB7,
    0x27, 0xCB, 0x00, 0x1D, 0x75, 0x07, 0x1D, 0xE7, 0xF8, 0xE5, 0xEB, 0x6E, 0xEC, 0xFB, 0xB1, 0x11,
    0x9D, 0xCA, 0x59, 0xA7, 0x6A, 0xD0, 0xA9, 0x55, 0xC4, 0x4D, 0x5C, 0x81, 0x96, 0x47, 0xA6, 0x76,
    0x96, 0xF1, 0xD4, 0x59, 0x6B, 0x3B, 0x62, 0x24, 0xE8, 0xA5, 0x4A, 0xEA, 0xAE, 0xE5, 0x1B, 0xCA,
    0x4B, 0x3C, 0x55, 0x1A, 0x46, 0x2B, 0x8D, 0x42, 0x2B, 0x0D, 0xCB, 0x93, 0x1A, 0x17, 0x5A, 0x69,
    0xDC, 0x65, 0xA5, 0x91, 0x05, 0x56, 0x1A, 0xC6, 0xB3, 0xD2, 0xB0, 0x0D, 0x6B, 0x8C, 0x8F, 0x83,
    0xF8, 0xAA, 0x56, 0x1A, 0x81, 0x95, 0xC6, 0x3F, 0x0D, 0x94, 0xD0, 0x43, 0x3A, 0x5A, 0xA7, 0xBB,
    0xE0, 0xA7, 0x4A, 0x43, 0xEB, 0x6F, 0x14, 0x7A, 0x52, 0xD8, 0xEC, 0xC4, 0xD5, 0xFB, 0xC8, 0xDA,
    0x1F, 0x65, 0x8D, 0x82, 0xDB, 0xE8, 0x83, 0x74, 0x2E, 0xF6, 0x6F, 0x08, 0x72, 0xC9, 0x49, 0x66,
    0xC1, 0x5D, 0xDD, 0x1E, 0x60, 0xBA, 0x10, 0x5F, 0x87, 0x59, 0xBC, 0xFB, 0x49, 0x90, 0xCE, 0xFD,
    0xEC, 0x5B, 0x0C, 0x17, 0xDA, 0xC3, 0x5B, 0x8D, 0xF5, 0xCC, 0x7D, 0x76, 0xAA, 0x35, 0x83, 0xF7,
    0xB0, 0x34, 0xE2, 0xE2, 0xAC, 0xD9, 0x6F, 0x79, 0x3F, 0xA7, 0x45, 0x84, 0xFB, 0xF6, 0x44, 0xBE,
    0xDE, 0xD2, 0xA4, 0x3B, 0x2C, 0xE4, 0x71, 0x76, 0x2A, 0xD6, 0xB3, 0x2B, 0xD1, 0xA8, 0xCC, 0x6E,
    0x3E, 0xD7, 0x20, 0x5B, 0xF5, 0x28, 0xB7, 0x01, 0xA8, 0xDF, 0x64, 0xB5, 0x34, 0x44, 0xEE, 0xDA,
    0xE7, 0x4F, 0x39, 0xB0, 0x15, 0x6D, 0x3A, 0x81, 0x88, 0xEB, 0x6D, 0x2A, 0x2A, 0x14, 0x1E, 0x00,
    0x4B, 0xA1, 0x2B, 0xC0, 0x0F, 0xF0, 0x91, 0xE3, 0xF1, 0x67, 0x24, 0x00, 0xF6, 0x87, 0x13, 0x83,
    0xFC, 0x2E, 0x5F, 0x7F, 0xAA, 0xFC, 0x9C, 0xFD, 0x1E, 0x95, 0x6C, 0x7F, 0xBC, 0xAA, 0x70, 0x7B,
    0x8D, 0x34, 0xDD, 0xE8, 0x5C, 0xA9, 0x1B, 0xF3, 0x89, 0x9E, 0x56, 0x44, 0x8B, 0x64, 0xD1, 0x7F,
    0x61, 0x84, 0xD3, 0x3C, 0xA0, 0x66, 0xA8, 0x12, 0x6D, 0xC4, 0xFF, 0x55, 0xDC, 0x53, 0xD3, 0x6A,
    0x22, 0xD6, 0xA2, 0xC5, 0xCC, 0x86, 0x23, 0x70, 0xC4, 0x7E, 0x50, 0xF4, 0xC9, 0xEB, 0x57, 0x74,
    0xD7, 0x9D, 0x48, 0x51, 0x1E, 0x48, 0x57, 0xC1, 0xEC, 0x46, 0x64, 0xD4, 0x1F, 0x1C, 0x70, 0x76,
    0xE3, 0x26, 0xCA, 0x49, 0x60, 0xD8, 0x08, 0x5A, 0x2A, 0x0F, 0x57, 0x8C, 0x38, 0x4B, 0x17, 0xF8,
    0x19, 0xE9, 0xD0, 0x4A, 0xC8, 0x16, 0x3B, 0x15, 0xB3, 0x9D, 0x6D, 0xB0, 0x53, 0x3D, 0x56, 0x81,
    0x37, 0x46, 0xFA, 0xB7, 0xA5, 0x11, 0x99, 0x21, 0x3F, 0xD2, 0x9F, 0xD1, 0x67, 0xEF, 0x4D, 0xE7,
    0x42, 0xD5, 0x54, 0x22, 0x30, 0xA4, 0xFE, 0x39, 0x70, 0xFC, 0x1F, 0x42, 0x21, 0xC4, 0x4A, 0x34,
    0x6B, 0xF9, 0x06, 0xF1, 0xAE, 0x19, 0x55, 0x43, 0x57, 0x83, 0x07, 0xEA, 0x81, 0xDA, 0x61, 0x51,
    0x43, 0x91, 0xA8, 0x46, 0xCE, 0x71, 0xFE, 0x41, 0xF1, 0x70, 0x88, 0x53, 0x98, 0xE8, 0x3C, 0xA4,
    0x1A, 0xE0, 0x7E, 0x2B, 0xC0, 0x7E, 0x6B, 0x46, 0xD6, 0x9C, 0x27, 0xCF, 0x67, 0xCD, 0x34, 0x0B,
    0x51, 0x9F, 0xE9, 0xB1, 0x7A, 0xBA, 0xFF, 0x83, 0xC9, 0xA3, 0xFF, 0x5C, 0x32, 0xEA, 0x33, 0x15,
    0x74, 0xA7, 0x7F, 0x2C, 0xD1, 0x1C, 0xBF, 0x61, 0xE6, 0xAA, 0x5F, 0x75, 0xEB, 0xEC, 0x06, 0xDA,
    0x2F, 0x07, 0x54, 0x6F, 0x46, 0x94, 0x61, 0x41, 0x3E, 0x39, 0xE0, 0x66, 0xDA, 0xB3, 0x84, 0xC1,
    0x32, 0x6F, 0xBD, 0x92, 0x2A, 0x3C, 0xF1, 0xDD, 0x03, 0x37, 0xFC, 0x47, 0xBF, 0x3B, 0x3D, 0xFF,
    0x16, 0x10, 0x1E, 0x06, 0x33, 0x70, 0xD6, 0xA4, 0x3D, 0xB8, 0x1F, 0x91, 0xD3, 0xEE, 0x1F, 0x46,
    0xD8, 0xE6, 0x1A, 0xCE, 0xF0, 0xD4, 0xFC, 0xE1, 0xCF, 0xB5, 0x21, 0x97, 0xD9, 0xBC, 0x1B, 0xCB,
    0xEE, 0x62, 0xFB, 0x25, 0xB7, 0xA2, 0x5D, 0x59, 0x23, 0x15, 0x5A, 0x2C, 0xD8, 0xAD, 0x50, 0x9E,
    0x50, 0xED, 0x75, 0xD4, 0xA8, 0x8F, 0x1F, 0x37, 0x4E, 0xBA, 0x6A, 0x45, 0xC6, 0xB8, 0xBC, 0xC1,
    0x73, 0xB0, 0x98, 0x45, 0xD3, 0x5C, 0xD7, 0xD1, 0x0B, 0x4D, 0x95, 0xEA, 0x4F, 0x05, 0xF5, 0xEA,
    0x8A, 0xB4, 0xDC, 0x78, 0x10, 0xAA, 0x6A, 0xF2, 0xF7, 0x51, 0xCD, 0x7F, 0xB9, 0xB5, 0xF6, 0xDC,
    0x29, 0xE9, 0xD2, 0x1E, 0x6C, 0x6A, 0x17, 0x55, 0x7F, 0x41, 0x1E, 0x2E, 0x40, 0x3C, 0xBF, 0x4A,
    0x6C, 0xBC, 0x5F, 0x8C, 0x7E, 0x70, 0x6C, 0x64, 0xAA, 0x0D, 0x13, 0x7B, 0xB6, 0xBA, 0x16, 0xA7,
    0x7D, 0x37, 0xD5, 0x46, 0xF5, 0xA5, 0xA0, 0x45, 0xF5, 0xCE, 0x46, 0x2B, 0x32, 0x1E, 0x5B, 0x3A,
    0xC5, 0x4A, 0xA1, 0x16, 0x0B, 0x2D, 0x2B, 0xB5, 0xFE, 0xB3, 0x8F, 0xE2, 0xBC, 0xFD, 0xE3, 0xAE,
    0x11, 0x6A, 0xDE, 0x2E, 0xA9, 0x26, 0x26, 0xE2, 0x80, 0xFF, 0x28, 0xCD, 0xB1, 0x8F, 0xDF, 0x7B,
    0xA2, 0x68, 0xDE, 0x2A, 0x9D, 0x12, 0xD5, 0xB8, 0x89, 0x45, 0x69, 0x15, 0x71, 0x5B, 0xFE, 0xD5,
    0xB2, 0xB3, 0x14, 0x33, 0xE9, 0xCE, 0x3E, 0x79, 0x53, 0x0F, 0x16, 0x3D, 0x56, 0x78, 0xA8, 0xF0,
    0x48, 0x49, 0x07, 0x8A, 0x5B, 0xAA, 0xA9, 0x5D, 0xDA, 0x58, 0xC6, 0x87, 0x4B, 0x21, 0x6F, 0xC4,
    0x52, 0xB2, 0xD9, 0xAE, 0x68, 0xDE, 0x37, 0xF4, 0x52, 0xD8, 0xA5, 0x02, 0xF5, 0x17, 0x53, 0xC4,
    0x15, 0xE0, 0x00, 0xB4, 0xA3, 0x5C, 0x37, 0x59, 0xBE, 0xF6, 0x0D, 0x8F, 0xC9, 0x78, 0xDC, 0xF8,
    0x80, 0x38, 0x48, 0xA9, 0xDF, 0xDF, 0x69, 0xBE, 0xF9, 0xFD, 0xA8, 0x35, 0xE7, 0x7D, 0x00, 0x98,
    0xEB, 0xC7, 0x53, 0xBF, 0x5A, 0x96, 0x52, 0x82, 0x93, 0x78, 0x40, 0x32, 0xF6, 0xF9, 0x94, 0x90,
    0xD0, 0xD1, 0xBB, 0x5A, 0xE7, 0x4C, 0xBA, 0x01, 0x06, 0x92, 0x92, 0x69, 0x3B, 0x32, 0x57, 0x34,
    0x23, 0x2D, 0x31, 0x03, 0x6D, 0x31, 0x9E, 0xD6, 0x14, 0x9E, 0xF6, 0x94, 0xDA, 0x4B, 0xB2, 0x9D,
    0x62, 0x43, 0xAC, 0xD5, 0xCE, 0x0B, 0x6E, 0xD6, 0x19, 0xED, 0x17, 0xD1, 0xCA, 0x4D, 0x1A, 0x6D,
    0x73, 0x27, 0xD1, 0xF2, 0xF8, 0xEE, 0x80, 0xB5, 0xF6, 0x80, 0xD3, 0x5E, 0xF9, 0x1B, 0xD3, 0x49,
    0xAF, 0xBA, 0x4F, 0xFA, 0x56, 0x9B, 0xD6, 0x2B, 0x18, 0x05, 0x90, 0x8E, 0x57, 0xA9, 0xB1, 0x9A,
    0xEB, 0xCC, 0x84, 0xC9, 0xB0, 0x79, 0x7C, 0x80, 0x3A, 0x94, 0xCB, 0xF1, 0x3F, 0xB3, 0x1D, 0xA1,
    0x3F, 0xC0, 0xC3, 0x77, 0xE2, 0x2B, 0x4E, 0x7E, 0x57, 0x42, 0xB5, 0x18, 0xE9, 0xB2, 0x06, 0xE7,
    0xEF, 0x73, 0xB2, 0x0F, 0x8F, 0x9E, 0xEC, 0x57, 0x87, 0x25, 0x4E, 0x84, 0x56, 0x5F, 0x9E, 0x01,
    0xF3, 0x6E, 0x64, 0xB5, 0x73, 0x01, 0x1E, 0x5A, 0x4F, 0x93, 0xA5, 0xEC, 0x7E, 0x87, 0x5A, 0x22,
    0xE4, 0x2B, 0x6C, 0x45, 0x44, 0x13, 0x11, 0x0B, 0x3E, 0x57, 0xC0, 0x68, 0xF1, 0x43, 0x8D, 0x2F,
    0x8C, 0xA6, 0x46, 0x49, 0x34, 0x1A, 0x54, 0xE1, 0x79, 0xB8, 0x70, 0x1D, 0x35, 0x9F, 0x63, 0x0B,
    0xE7, 0xFB, 0x3B, 0x4C, 0x67, 0xA3, 0xDE, 0x19, 0x55, 0x83, 0x7B, 0x00, 0x92, 0xE6, 0xEB, 0x00,
    0xBD, 0xCE, 0xC7, 0x23, 0xE1, 0x33, 0xB2, 0x55, 0x60, 0xE6, 0xB6, 0x2B, 0x27, 0xD7, 0xD9, 0xF8,
    0x2C, 0xAC, 0x26, 0xD0, 0x5E, 0x7F, 0x0F, 0x12, 0xF5, 0xA6, 0xCD, 0x79, 0xB1, 0xA2, 0x35, 0x2B,
    0xFA, 0x2F, 0x2D, 0x2A, 0xF6, 0x4A, 0x46, 0x64, 0x7F, 0x09, 0x0D, 0x2D, 0x33, 0x6D, 0xB5, 0x6C,
    0x31, 0x81, 0x17, 0x03, 0x4C, 0x5A, 0xFF, 0x37, 0x8E, 0xE3, 0x16, 0x6D, 0x15, 0x99, 0xB5, 0x01,
    0x57, 0xBF, 0x24, 0xF9, 0xE4, 0x8C, 0xE4, 0xE1, 0x3A, 0xE1, 0x05, 0xB3, 0x66, 0x97, 0xA0, 0x7F,
    0x28, 0xF7, 0x5B, 0x03, 0xF6, 0x04, 0xB3, 0xA6, 0x6E, 0xFB, 0xAD, 0x81, 0x13, 0x50, 0xB6, 0x22,
    0x09, 0xF0, 0xC8, 0x35, 0x23, 0xF4, 0x0D, 0x57, 0x84, 0x5A, 0xFB, 0x3D, 0x84, 0xA3, 0xBB, 0xFA,
    0xEF, 0x9F, 0xAE, 0x21, 0x15, 0x82, 0xFF, 0x2F, 0x5F, 0xEF, 0x25, 0x7E, 0x76, 0xFD, 0xDA, 0x29,
    0x21, 0x98, 0x1F, 0x4F, 0x08, 0xBE, 0xEB, 0xDB, 0x87, 0x5D, 0xBB, 0xC2, 0xCD, 0x78, 0xA6, 0x41,
    0x06, 0x30, 0xEB, 0xF5, 0xA8, 0xBD, 0xEA, 0x0A, 0xF8, 0x1C, 0x4E, 0x23, 0xEB, 0xA5, 0x53, 0x35,
    0xB1, 0x61, 0x34, 0xA3, 0xEF, 0xD8, 0x8D, 0xD3, 0xCE, 0xDC, 0xC9, 0x1B, 0xB5, 0x5C, 0xB7, 0xA4,
    0xDB, 0x73, 0xBA, 0x7F, 0x64, 0xBF, 0xAA, 0x2E, 0xA4, 0x9B, 0xB4, 0x84, 0xF1, 0x08, 0x32, 0x10,
    0xBC, 0xEE, 0xB0, 0x29, 0x78, 0xF4, 0x46, 0xAD, 0x5E, 0x76, 0xDD, 0xCF, 0x06, 0x40, 0x7E, 0x00,
    0xE0, 0xF5, 0xD4, 0x5B, 0x9F, 0x12, 0x25, 0xAE, 0x63, 0x1A, 0xCA, 0xCF, 0xBE, 0x46, 0x78, 0x11,
    0xD2, 0x25, 0x0D, 0x98, 0x25, 0xD1, 0x59, 0x48, 0x97, 0xEE, 0x20, 0x9E, 0xAB, 0x79, 0x05, 0x41,
    0xDF, 0x55, 0x28, 0x09, 0xFA, 0x86, 0xB6, 0xF9, 0x64, 0xDC, 0x8E, 0x4D, 0xCD, 0x05, 0x1D, 0x3F,
    0xFA, 0xDA, 0x25, 0x74, 0xA4, 0x0A, 0x6F, 0x2E, 0x95, 0xE2, 0xFB, 0xAE, 0x4B, 0xF1, 0x91, 0xC4,
    0x85, 0x53, 0x54, 0xE1, 0xD4, 0xD8, 0x3D, 0xB6, 0x75, 0xB5, 0xA9, 0xBB, 0xB7, 0x74, 0xB5, 0xA1,
    0x9B, 0xDA, 0xB9, 0x3A, 0xA5, 0x5D, 0x98, 0x53, 0x6A, 0xE4, 0xAA, 0x8A, 0xB0, 0x35, 0x71, 0x53,
    0xE7, 0x76, 0x9F, 0xB4, 0x7D, 0x9B, 0x9A, 0xB7, 0x8F, 0x76, 0x52, 0x25, 0x75, 0x52, 0x3B, 0x9E,
    0x0D, 0xB9, 0x74, 0x4C, 0x14, 0xEB, 0x2D, 0xED, 0xEC, 0x25, 0x1E, 0x5D, 0x98, 0x8B, 0x00, 0xDC,
    0xD7, 0x5D, 0x51, 0x28, 0xBB, 0xF8, 0x9F, 0xB8, 0xC5, 0xFD, 0xA7, 0x2B, 0x32, 0xA9, 0xF9, 0xE5,
    0xBD, 0x78, 0x23, 0x03, 0xA1, 0x23, 0x40, 0xBA, 0x62, 0x85, 0x34, 0x65, 0xCC, 0x04, 0x69, 0x6F,
    0x30, 0xC2, 0xE3, 0x4D, 0xEF, 0x58, 0x70, 0x5B, 0x28, 0x0E, 0x30, 0x16, 0xEB, 0xAF, 0x30, 0xFB,
    0x98, 0x99, 0x27, 0x0D, 0x7A, 0x74, 0xFE, 0x3B, 0x9D, 0x95, 0x01, 0x84, 0x25, 0xD9, 0xF5, 0xC6,
    0x7F, 0xF5, 0x6A, 0x7A, 0x6A, 0x66, 0x6A, 0xFE, 0x73, 0xDF, 0x5F, 0xBA, 0x65, 0x4C, 0x3A, 0x73,
    0x87, 0x9D, 0x30, 0x66, 0x77, 0x5E, 0x2D, 0x82, 0x09, 0xF5, 0xEA, 0xDE, 0x48, 0x22, 0x91, 0x20,
    0x0F, 0xDD, 0x81, 0x45, 0x1A, 0x83, 0x98, 0x88, 0xED, 0x30, 0x18, 0xBC, 0xEE, 0xBA, 0x04, 0x41,
    0xE0, 0x21, 0x44, 0x2C, 0x34, 0x46, 0x64, 0x1B, 0x99, 0x87, 0xC5, 0x0B, 0xBD, 0xAF, 0x2E, 0x41,
    0xC2, 0x42, 0xB1, 0x40, 0x60, 0x6F, 0x62, 0x41, 0x84, 0xB9, 0x49, 0x0A, 0xB5, 0x54, 0xBF, 0x9B,
    0xAA, 0xE9, 0xD9, 0xB5, 0x41, 0x20, 0xDE, 0x39, 0xE7, 0x39, 0xCE, 0x57, 0xDF, 0xE7, 0x9C, 0x53,
    0x4E, 0x1D, 0x11, 0xA8, 0xB4, 0xB2, 0xC2, 0x26, 0x75, 0x54, 0x43, 0x52, 0x0B, 0x2F, 0x9D, 0xB2,
    0x8A, 0x33, 0x96, 0x00, 0xF7, 0x60, 0x43, 0x1C, 0x10, 0xC1, 0xAA, 0x6F, 0xD7, 0x67, 0x91, 0xBF,
    0xC3, 0x6C, 0x64, 0xB6, 0x45, 0xF3, 0x54, 0x05, 0x7F, 0x1C, 0xDC, 0x52, 0x59, 0x00, 0x28, 0x83,
    0xA9, 0x82, 0xDE, 0xD9, 0x47, 0x05, 0x57, 0x86, 0x7A, 0x67, 0x5F, 0xDF, 0xE1, 0x60, 0x8E, 0x57,
    0x6F, 0xB9, 0x2C, 0xD8, 0x34, 0xC0, 0x8C, 0x4C, 0x57, 0x36, 0xD8, 0xCA, 0x4C, 0x98, 0x44, 0x4D,
    0xF5, 0x8D, 0x2E, 0xFC, 0xBC, 0x0B, 0x71, 0x7B, 0x8F, 0x05, 0x1C, 0x53, 0xD9, 0xCA, 0x26, 0x36,
    0xB5, 0x4A, 0xDF, 0x05, 0xA4, 0x3F, 0xEE, 0x7C, 0xEE, 0xF3, 0x66, 0x5E, 0x36, 0xA9, 0x41, 0x8F,
    0x63, 0xDF, 0xA5, 0xFF, 0xEC, 0xC4, 0x87, 0x6D, 0xF6, 0x0B, 0x57, 0x08, 0xB3, 0x9A, 0x70, 0xE7,
    0x0A, 0x77, 0x30, 0xAB, 0xD8, 0x15, 0xD2, 0x66, 0x15, 0xA2, 0x23, 0xF5, 0x8C, 0x0C, 0x20, 0xC9,
    0x28, 0x98, 0x92, 0x03, 0x48, 0xA1, 0x33, 0x41, 0x21, 0x99, 0x66, 0xE4, 0x05, 0x3B, 0xDF, 0x9A,
    0xA1, 0xFE, 0xD8, 0x22, 0xFE, 0xD2, 0x11, 0x37, 0x15, 0x74, 0x52, 0xB3, 0xBD, 0xA5, 0x59, 0x32,
    0x6A, 0x89, 0x5B, 0xFE, 0xDF, 0xEB, 0x55, 0x5C, 0x1F, 0xBF, 0x6D, 0x55, 0x18, 0x38, 0x01, 0xB6,
    0x19, 0x05, 0x2D, 0x82, 0xCD, 0xDE, 0x71, 0x79, 0xE4, 0xB7, 0x99, 0xF1, 0xA3, 0xA4, 0x91, 0xBA,
    0x60, 0x4D, 0xD0, 0x7D, 0x43, 0x56, 0x69, 0x88, 0x9D, 0x68, 0x45, 0x97, 0x74, 0xA3, 0x76, 0xE4,
    0x13, 0x57, 0xEA, 0x15, 0xD0, 0x77, 0xE3, 0x4A, 0x57, 0xD9, 0x35, 0x67, 0xE4, 0x48, 0x93, 0xD8,
    0xCF, 0xE3, 0xA2, 0x1E, 0xA7, 0x06, 0x1C, 0xFB, 0xBA, 0xB4, 0x99, 0x4B, 0x7D, 0xD4, 0xB2, 0xCD,
    0x3E, 0x71, 0x20, 0x6D, 0x91, 0x35, 0x0A, 0xF6, 0x20, 0xB2, 0x23, 0x1B, 0xEC, 0x8F, 0x4D, 0xA2,
    0xE1, 0xCB, 0x3C, 0x40, 0xF9, 0x62, 0xF1, 0x90, 0x31, 0x80, 0x0A, 0xB5, 0x0A, 0x96, 0xD4, 0x22,
    0x0C, 0x83, 0x81, 0x84, 0x5B, 0xC4, 0x56, 0x38, 0xE1, 0xD2, 0x3A, 0xB1, 0x42, 0x1F, 0x31, 0x03,
    0x2D, 0xAC, 0xD2, 0x39, 0x39, 0x0A, 0x01, 0x66, 0x64, 0x63, 0xFB, 0xFA, 0xC7, 0x65, 0x73, 0xFF,
    0xA4, 0xF2, 0x02, 0xC1, 0x0D, 0x12, 0x9D, 0x12, 0x7C, 0xE5, 0xFE, 0x8F, 0x5D, 0x76, 0x66, 0x55,
    0xB7, 0x3F, 0xE3, 0x1A, 0xB7, 0x99, 0x30, 0x65, 0xAE, 0x5A, 0xE5, 0xA5, 0x19, 0xF3, 0x94, 0x15,
    0x0D, 0x0D, 0xC1, 0x55, 0x75, 0xA6, 0x3F, 0xB7, 0x4D, 0x9A, 0xEA, 0x67, 0xC3, 0x36, 0xAB, 0xB8,
    0xBB, 0xC9, 0xE2, 0xF2, 0x42, 0x75, 0xF3, 0xE9, 0x7B, 0xB7, 0x57, 0x0F, 0x54, 0x97, 0xBA, 0x48,
    0x0B, 0x27, 0xBC, 0x70, 0x71, 0x9D, 0x99, 0x29, 0x10, 0xF5, 0xD2, 0x71, 0xC3, 0x59, 0x4F, 0xDB,
    0x65, 0x0E, 0x1D, 0x59, 0xA1, 0x33, 0x14, 0xE5, 0x42, 0x35, 0x69, 0x0D, 0x99, 0x51, 0xBA, 0xCF,
    0xA8, 0x58, 0xA3, 0x42, 0x50, 0x61, 0x93, 0xF3, 0xE0, 0x90, 0xDD, 0x03, 0x6E, 0x02, 0x87, 0xCB,
    0xC3, 0x9F, 0x36, 0x5E, 0x55, 0x76, 0x6B, 0x8B, 0x19, 0x7B, 0xEF, 0xC7, 0x8D, 0x92, 0xB5, 0x0C,
    0x5A, 0x9C, 0x13, 0xED, 0xC1, 0x3E, 0x51, 0xB0, 0x49, 0xA8, 0xE5, 0x87, 0xBE, 0xA4, 0xDD, 0x63,
    0xFB, 0x2E, 0x77, 0x72, 0x1A, 0xF5, 0x8E, 0xFF, 0xEC, 0x25, 0xEC, 0x2D, 0xDD, 0x90, 0x05, 0x73,
    0xFC, 0xDC, 0x36, 0xB1, 0x9D, 0x45, 0x9A, 0x19, 0x24, 0xE7, 0xA9, 0x16, 0xE1, 0x39, 0xAA, 0xDA,
    0x90, 0x8B, 0x16, 0xD0, 0x00, 0x2A, 0xD8, 0x32, 0x98, 0x9D, 0x7D, 0x76, 0xF6, 0xFB, 0x1D, 0x85,
    0xBE, 0xDD, 0xDE, 0x2F, 0x0A, 0xA1, 0x1E, 0x1C, 0x60, 0xA8, 0x85, 0x10, 0xCC, 0xE3, 0xD3, 0x53,
    0xD0, 0x90, 0xB6, 0x82, 0x2C, 0xAC, 0x29, 0x42, 0xC7, 0x7B, 0xB2, 0x81, 0x48, 0xF3, 0xF8, 0xF4,
    0xDD, 0x1E, 0x52, 0x85, 0xF3, 0xFB, 0xA7, 0xA7, 0xA7, 0xEF, 0xF6, 0x2C, 0x61, 0x33, 0x84, 0x73,
    0x00, 0x6E, 0x13, 0x05, 0x64, 0x4B, 0x30, 0xA2, 0xA5, 0x32, 0xAC, 0x00, 0x00, 0x22, 0x80, 0xD4,
    0x00, 0x12, 0x60, 0x0A, 0x70, 0x06, 0xE0, 0x81, 0xD8, 0x01, 0x89, 0x05, 0x84, 0x06, 0x32, 0x80,
    0x1C, 0xA0, 0x05, 0xA2, 0x97, 0x88, 0xFA, 0x7F, 0x79, 0x7C, 0x05, 0x30, 0x06, 0xB8, 0x44, 0x86,
    0x30, 0x89, 0x4D, 0x4D, 0xC9, 0x8A, 0x9C, 0x34, 0xE7, 0x46, 0xC1, 0x51, 0x19, 0xBA, 0xC7, 0xA7,
    0xBF, 0x15, 0x21, 0x98, 0xC1, 0x77, 0x89, 0xF5, 0x1B, 0x24, 0xA8, 0x10, 0x7A, 0xDF, 0x00, 0xC8,
    0x17, 0xEE, 0x6B, 0xE7, 0x7E, 0x79, 0xB8, 0x9C, 0x8D, 0xC7, 0xD7, 0x0F, 0x33, 0x2F, 0xAC, 0xAA,
    0xBF, 0x6A, 0x01, 0x2D, 0xEC, 0x84, 0xE9, 0xC0, 0x8A, 0xD0, 0x92, 0xF7, 0xD1, 0xDC, 0x3A, 0x3D,
    0x35, 0xC3, 0x20, 0x87, 0x21, 0x02, 0x54, 0x3D, 0x65, 0x08, 0x41, 0xEF, 0x68, 0xE5, 0x84, 0x8F,
    0x5B, 0xCE, 0xD8, 0x66, 0x5F, 0x8F, 0x02, 0x49, 0x87, 0x70, 0x28, 0xCD, 0x36, 0xFF, 0x75, 0xCC,
    0x5B, 0x28, 0xA3, 0xAC, 0xB4, 0xA9, 0x3E, 0x62, 0x0C, 0xD7, 0x34, 0x97, 0xA4, 0xA5, 0xCC, 0x5E,
    0x98, 0x4A, 0x29, 0x5B, 0x4D, 0x95, 0x9D, 0xE6, 0x12, 0xC6, 0x70, 0x6B, 0x91, 0x39, 0x55, 0xF7,
    0xBF, 0x26, 0x73, 0xA2, 0xD7, 0xCB, 0x42, 0x60, 0x82, 0x20, 0x47, 0x70, 0x97, 0xAB, 0xF4, 0xB9,
    0x53, 0xBD, 0x03, 0x9F, 0x2D, 0xBF, 0x5F, 0xB0, 0x06, 0x84, 0x30, 0xC3, 0x51, 0x91, 0x14, 0x19,
    0xD3, 0x09, 0xA5, 0xAF, 0xFC, 0x17, 0x5D, 0x5C, 0xC7, 0x16, 0x80, 0x51, 0x4D, 0x12, 0xFE, 0x60,
    0x65, 0x78, 0xA1, 0x8B, 0x10, 0x78, 0x52, 0x76, 0xE0, 0x35, 0x7C, 0xBA, 0x4A, 0x61, 0x2F, 0x3C,
    0xD5, 0x44, 0xCF, 0x12, 0x2B, 0x5E, 0x8D, 0x6D, 0x2E, 0x5B, 0x0E, 0x2E, 0x01, 0xC7, 0x40, 0x05,
    0xAC, 0x81, 0x6D, 0x00, 0x88, 0xDB, 0x44, 0x8B, 0xF0, 0x43, 0xB2, 0x1E, 0x97, 0xCB, 0x8E, 0xF1,
    0xE8, 0x84, 0x91, 0xBB, 0x8A, 0x3C, 0xBF, 0x8D, 0x0A, 0x1D, 0xAB, 0xB2, 0xE5, 0x24, 0x75, 0x8C,
    0x22, 0xC4, 0x5B, 0x94, 0xC1, 0xAA, 0xC0, 0xF5, 0xEB, 0x00, 0x83, 0x8C, 0xB2, 0x52, 0x67, 0x4C,
    0x28, 0x28, 0x6D, 0xD9, 0x77, 0x5C, 0x0D, 0xD1, 0x2D, 0x01, 0xFA, 0xB8, 0x05, 0xEE, 0x30, 0xFA,
    0xE8, 0x09, 0x35, 0xD7, 0xCD, 0x6B, 0xC0, 0xB0, 0x4F, 0x38, 0x80, 0x13, 0x0E, 0x97, 0x7D, 0xAC,
    0x5F, 0x21, 0x6B, 0x78, 0xE2, 0x96, 0x1A, 0xC6, 0xEE, 0x70, 0xA8, 0xD6, 0x0C, 0x55, 0xB8, 0xC2,
    0x08, 0xD8, 0xD5, 0x5F, 0xD0, 0x1C, 0x44, 0x7F, 0x7E, 0xC2, 0x62, 0xC9, 0x77, 0xC7, 0xBC, 0xE2,
    0x5F, 0x9B, 0xFB, 0xE6, 0x75, 0x77, 0xA1, 0x68, 0x68, 0xC9, 0xEA, 0xD4, 0x29, 0xD3, 0xA0, 0x49,
    0x8C, 0xD2, 0x67, 0x34, 0xAC, 0x28, 0xB8, 0x72, 0x71, 0x62, 0x8D, 0x08, 0x75, 0xF6, 0x2B, 0x9F,
    0xE3, 0xE9, 0x88, 0x3A, 0xE8, 0xE0, 0x84, 0xB1, 0xFE, 0xBD, 0xEF, 0x5B, 0x30, 0xA5, 0x7B, 0xB3,
    0xE6, 0x30, 0xF1, 0x95, 0x09, 0xFA, 0x4B, 0x9E, 0xE5, 0x82, 0x35, 0xD2, 0x4B, 0xBF, 0xD6, 0x8E,
    0x13, 0x4E, 0xD6, 0x91, 0x97, 0x7F, 0x6D, 0xC4, 0xBF, 0xBA, 0xF5, 0xF7, 0x7E, 0x72, 0x22, 0xC4,
    0x0D, 0x84, 0x89, 0x6D, 0x3C, 0x7C, 0x4F, 0xB8, 0xC7, 0x65, 0xDD, 0xB7, 0xED, 0xCA, 0x3A, 0xD3,
    0xF0, 0x95, 0x7A, 0xFA, 0xA7, 0x74, 0x53, 0xB9, 0xD7, 0xE6, 0xC9, 0x37, 0x41, 0x7C, 0x50, 0x17,
    0x9B, 0xE6, 0xC9, 0xC3, 0xBC, 0xB7, 0x62, 0xB3, 0x92, 0x1F, 0xB9, 0x37, 0xC8, 0x51, 0xBE, 0xF4,
    0x38, 0x0C, 0x00, 0xAC, 0x80, 0xC8, 0x15, 0x80, 0xB0, 0xF2, 0x63, 0x2E, 0x6F, 0x48, 0x42, 0x08,
    0x1E, 0xDE, 0x0E, 0x1B, 0x00, 0x80, 0x25, 0xC0, 0xC9, 0x1C, 0x48, 0x6A, 0xA5, 0xA1, 0x44, 0x6C,
    0x7E, 0xF3, 0xBC, 0x25, 0xEA, 0x91, 0x06, 0x2E, 0xAF, 0x17, 0xA0, 0x86, 0xA7, 0xCA, 0x21, 0xF4,
    0x2F, 0xD4, 0xFE, 0x6C, 0x48, 0x9B, 0x97, 0x61, 0xB8, 0x09, 0x27, 0x00, 0xC0, 0x28, 0x7C, 0x02,
    0x89, 0x11, 0xA1, 0xFF, 0xCF, 0x50, 0x7F, 0x1B, 0x8E, 0x04, 0xF3, 0x81, 0xA7, 0xE1, 0x00, 0xA2,
    0x53, 0xCD, 0x20, 0xFC, 0x0C, 0x90, 0x03, 0xF7, 0x50, 0x79, 0x1E, 0x3C, 0x69, 0x0B, 0x97, 0x3B,
    0x32, 0x00, 0xC5, 0x5D, 0x80, 0x6B, 0x00, 0x98, 0x5E, 0xEC, 0x07, 0xF5, 0x4B, 0xED, 0x21, 0xD4,
    0x40, 0xFC, 0x4A, 0xEA, 0x97, 0x93, 0xF9, 0x3C, 0x6F, 0xE6, 0xBE, 0xFD, 0x47, 0xB3, 0x5E, 0x03,
    0x8F, 0xD2, 0xA3, 0x49, 0x5E, 0x34, 0x53, 0xF2, 0x6D, 0xE9, 0x01, 0x79, 0x75, 0xEF, 0x28, 0xCF,
    0x57, 0xAB, 0x63, 0xA2, 0x85, 0x9C, 0xE7, 0xD3, 0xD5, 0xB4, 0xE9, 0x33, 0x55, 0xC3, 0xDE, 0x25,
    0x8E, 0x26, 0xE4, 0x39, 0xF3, 0x9C, 0xD5, 0x19, 0x9F, 0xB4, 0xAC, 0x8F, 0x01, 0x78, 0xD6, 0x53,
    0xEC, 0xE6, 0xE4, 0x9F, 0x52, 0x28, 0xE4, 0x68, 0xFD, 0x9F, 0x32, 0xE2, 0xE2, 0x7B, 0xF5, 0x6B,
    0xC4, 0x0B, 0xC4, 0xF7, 0xC9, 0x24, 0x45, 0x4F, 0xD5, 0x9B, 0x34, 0xC0, 0xDE, 0xA3, 0x47, 0x94,
    0x9B, 0x33, 0x8A, 0x62, 0x20, 0xEF, 0xD9, 0x57, 0x4F, 0x69, 0x56, 0x2B, 0x7C, 0x73, 0xCC, 0xCE,
    0x4D, 0xF9, 0x3B, 0xF9, 0x9D, 0x8C, 0xE9, 0xC0, 0xCF, 0x48, 0xCB, 0x45, 0xB6, 0x90, 0x4C, 0x18,
    0x72, 0x65, 0x60, 0xEF, 0xCA, 0xFC, 0xC1, 0x83, 0xEB, 0x93, 0xDD, 0xDB, 0x6F, 0x8A, 0x5A, 0x68,
    0xD8, 0xFA, 0xBA, 0x4E, 0x3F, 0xD0, 0xF1, 0xDF, 0x89, 0x3C, 0xA3, 0x86, 0x6B, 0x73, 0x1E, 0x16,
    0xFC, 0x1B, 0xD4, 0x5A, 0x31, 0xAC, 0xDE, 0xD6, 0x75, 0x3E, 0x24, 0x2B, 0x13, 0x35, 0xD1, 0xDC,
    0x0E, 0x12, 0xD0, 0x44, 0x48, 0xB9, 0x2A, 0x69, 0x2D, 0x2E, 0x19, 0x5A, 0x40, 0xD2, 0x65, 0xEC,
    0xA1, 0x40, 0x33, 0xD8, 0x83, 0xDD, 0x25, 0x83, 0x3A, 0x64, 0x69, 0x02, 0xE4, 0x75, 0xF4, 0xE0,
    0x98, 0xAC, 0x3D, 0x66, 0xD0, 0x03, 0xDA, 0x4E, 0x01, 0x1A, 0x0D, 0xE9, 0x50, 0x15, 0x85, 0x33,
    0x04, 0xA8, 0x5A, 0x28, 0x22, 0xAD, 0x37, 0x74, 0xF0, 0x20, 0xDA, 0x41, 0xD3, 0x21, 0x83, 0xD8,
    0x48, 0x89, 0x8A, 0x7A, 0x10, 0x1B, 0x51, 0x0D, 0xAD, 0x77, 0xC9, 0xD3, 0xEF, 0x3B, 0xFC, 0xFF,
    0xFF, 0xBD, 0xE7, 0x18, 0x46, 0xDB, 0x28, 0xAA, 0xEB, 0x27, 0x7E, 0x87, 0x0F, 0x7C, 0x3C, 0xF7,
    0xDC, 0xEF, 0x9C, 0x7B, 0xCE, 0xB9, 0x97, 0x96, 0xB8, 0x17, 0x91, 0x34, 0x00, 0x12, 0x05, 0x44,
    0xDA, 0x02, 0xF3, 0x1E, 0x20, 0xB5, 0xC8, 0xA9, 0x57, 0x20, 0x55, 0x35, 0xAC, 0xE0, 0x42, 0x34,
    0x89, 0x9B, 0x64, 0x92, 0x7C, 0x92, 0x51, 0x8A, 0x11, 0x4F, 0x8B, 0xE1, 0xA2, 0x88, 0x1F, 0x2E,
    0x00, 0x34, 0x6C, 0xA0, 0xEA, 0x26, 0x91, 0xA6, 0xC5, 0x63, 0x6D, 0x5F, 0x22, 0x08, 0xA0, 0x4E,
    0xBA, 0x48, 0xEB, 0xAC, 0x8D, 0xB5, 0x74, 0xAD, 0x57, 0x55, 0x03, 0x0C, 0x12, 0xD2, 0x5E, 0x92,
    0xD9, 0x8D, 0x92, 0x04, 0x37, 0x48, 0x3C, 0x65, 0x36, 0xFA, 0x53, 0x1A, 0xFC, 0x95, 0x52, 0xC4,
    0x99, 0xFE, 0x1C, 0x38, 0x49, 0xF1, 0xBC, 0x3E, 0x3F, 0x89, 0x8F, 0x35, 0x1A, 0xE5, 0x52, 0xA2,
    0xD1, 0x20, 0xA7, 0x41, 0x0C, 0xF4, 0x24, 0x8B, 0x90, 0xA9, 0x85, 0x46, 0x65, 0xAA, 0x03, 0x5E,
    0x5B, 0x9A, 0x00, 0x0C, 0x7C, 0xE2, 0x26, 0xD2, 0x97, 0x4F, 0x31, 0xB0, 0x18, 0x0D, 0x87, 0x44,
    0x69, 0x5B, 0xB2, 0x10, 0xD3, 0x19, 0x2F, 0xF5, 0xB0, 0xDE, 0x69, 0xE7, 0x07, 0x23, 0xBA, 0x06,
    0x26, 0x13, 0x40, 0xE2, 0x92, 0x28, 0xCF, 0x50, 0x78, 0x33, 0x17, 0x60, 0xEE, 0x70, 0x3D, 0xE0,
    0xD9, 0x63, 0x5C, 0x8C, 0x84, 0x81, 0x83, 0x02, 0x26, 0x40, 0x4E, 0x28, 0xC6, 0x68, 0x1F, 0x03,
    0xF2, 0xF5, 0x23, 0xE8, 0x85, 0x5C, 0x00, 0x1A, 0x53, 0x79, 0x04, 0xF5, 0x66, 0x74, 0x70, 0x71,
    0x9C, 0x37, 0x91, 0xAF, 0xFD, 0x9B, 0x4D, 0xAD, 0x93, 0xEA, 0x83, 0xCB, 0xA4, 0xCB, 0x75, 0xE9,
    0x22, 0x59, 0xEB, 0x02, 0x00, 0x74, 0x47, 0x25, 0x66, 0xD3, 0x4A, 0xD5, 0xA7, 0xAD, 0x34, 0x0A,
    0x5D, 0xC6, 0xA0, 0xB6, 0xAE, 0x24, 0x08, 0xE0, 0x14, 0x06, 0xEB, 0xE4, 0xD3, 0xF8, 0x13, 0xB9,
    0x44, 0x2B, 0x5E, 0x17, 0xBC, 0x3B, 0x4B, 0xAA, 0xFF, 0x1E, 0xF0, 0x44, 0x27, 0xCC, 0xF1, 0x6F,
    0x38, 0xF7, 0x9B, 0xB5, 0x14, 0x74, 0xEB, 0x5F, 0x86, 0x64, 0x96, 0x90, 0x04, 0x84, 0x00, 0xAF,
    0x85, 0xB3, 0xAE, 0x71, 0x0D, 0x30, 0x70, 0x86, 0xF5, 0x30, 0x30, 0xC7, 0x38, 0x89, 0xF6, 0x78,
    0x7D, 0xF8, 0x2D, 0xA8, 0xBC, 0x24, 0x05, 0xAF, 0xBE, 0x02, 0x51, 0xCD, 0x35, 0x2D, 0x69, 0x79,
    0x74, 0xAD, 0x5C, 0x09, 0x52, 0xED, 0x71, 0x75, 0x1C, 0x94, 0x81, 0xC2, 0x38, 0x61, 0x98, 0x18,
    0x33, 0x7E, 0x7B, 0xF5, 0xC6, 0x8A, 0x91, 0xA2, 0xDB, 0xAB, 0x26, 0x21, 0xC6, 0x87, 0xD7, 0xD1,
    0x2E, 0x29, 0x5E, 0x18, 0xA4, 0x7A, 0x67, 0xB2, 0xCB, 0x27, 0x24, 0xF4, 0xC9, 0x8F, 0x21, 0x67,
    0x5E, 0xE6, 0x8C, 0xB5, 0x26, 0x94, 0xBF, 0xE8, 0x3C, 0x42, 0xF3, 0x21, 0x0F, 0xD6, 0x3B, 0x0F,
    0x96, 0xF4, 0x20, 0x63, 0xC8, 0x60, 0x21, 0xCC, 0x84, 0x00, 0x48, 0x0D, 0x46, 0x98, 0x9C, 0xD1,
    0x9E, 0xDB, 0x2D, 0xE9, 0xA7, 0xDE, 0x89, 0xF4, 0x97, 0xEB, 0x6C, 0x4A, 0xC4, 0x3E, 0x75, 0xA8,
    0xCE, 0x1B, 0x69, 0x51, 0xE0, 0x60, 0x27, 0x65, 0x0E, 0x5B, 0x29, 0xCF, 0x27, 0x4A, 0x21, 0x17,
    0x37, 0xF2, 0xC2, 0x4E, 0x2E, 0x2F, 0x53, 0x5E, 0x4F, 0x55, 0x69, 0xF3, 0x98, 0x2D, 0x0D, 0x15,
    0x0D, 0x2E, 0xF0, 0x2F, 0x22, 0x48, 0x6A, 0x48, 0x3A, 0x37, 0x45, 0x94, 0x6D, 0x3E, 0x52, 0x66,
    0x75, 0x31, 0xC0, 0xEE, 0xF3, 0x6E, 0x5D, 0x1B, 0xCD, 0x0C, 0x99, 0x07, 0xD1, 0x90, 0x2A, 0xB9,
    0xAD, 0x86, 0x4C, 0x75, 0x41, 0xD0, 0xDB, 0xD8, 0x46, 0x3A, 0x69, 0x22, 0xF1, 0xEF, 0xA9, 0xB6,
    0x94, 0xB7, 0xC8, 0x18, 0x1D, 0x40, 0xCE, 0xE9, 0x04, 0x4F, 0x99, 0x9B, 0x34, 0x67, 0xF8, 0x9E,
    0x72, 0xA0, 0x0F, 0x8C, 0xCF, 0xE6, 0x9F, 0x2D, 0xD0, 0xD5, 0x14, 0x53, 0xBE, 0xAF, 0x2D, 0x1F,
    0x6A, 0x0D, 0x8A, 0x9B, 0x16, 0xF3, 0xC5, 0x1F, 0x29, 0x73, 0x43, 0xB1, 0x4A, 0xA1, 0xAC, 0x13,
    0xC5, 0xCB, 0x91, 0xC9, 0xA6, 0xC3, 0xC3, 0x64, 0x89, 0xB5, 0x86, 0xE3, 0x1A, 0xEA, 0xF1, 0x3A,
    0x98, 0xBD, 0x1F, 0x9D, 0x41, 0x60, 0x43, 0xA2, 0xF1, 0xF1, 0x0C, 0x22, 0x47, 0x19, 0xE4, 0xAD,
    0x7D, 0x5B, 0x66, 0x0C, 0xA0, 0xF9, 0xAC, 0x02, 0x8D, 0xA7, 0x95, 0xA5, 0x95, 0x23, 0x30, 0x04,
    0xF4, 0x40, 0xCB, 0x20, 0xC4, 0x1E, 0x98, 0xE9, 0xE2, 0xB5, 0x77, 0x3A, 0x57, 0x36, 0xB0, 0x5C,
    0x25, 0xD0, 0xD5, 0x36, 0xFB, 0x6D, 0xC4, 0x44, 0x36, 0x8C, 0xEC, 0xAF, 0xDC, 0xC5, 0x35, 0xC3,
    0x35, 0x1F, 0x80, 0xAD, 0x1F, 0xC9, 0x9A, 0x0E, 0x1C, 0xEB, 0x71, 0x8D, 0xB1, 0x92, 0x96, 0x3C,
    0x65, 0x35, 0x47, 0x71, 0x42, 0xBC, 0x48, 0x34, 0x77, 0x56, 0x7A, 0x0F, 0xD8, 0xBC, 0xA7, 0xC4,
    0x96, 0x8C, 0x6B, 0xDB, 0xB4, 0x86, 0x1D, 0xB0, 0xF6, 0x3D, 0x63, 0x10, 0xC4, 0xC5, 0xA4, 0x89,
    0x2F, 0x15, 0x5A, 0x02, 0x9D, 0xDA, 0xF0, 0x74, 0x59, 0x66, 0x77, 0x52, 0x74, 0xAB, 0x98, 0x4C,
    0x64, 0x8B, 0x09, 0x69, 0x36, 0x49, 0x6F, 0xE3, 0xE3, 0x53, 0x78, 0x01, 0x86, 0xAE, 0x69, 0xE5,
    0x6D, 0x7A, 0xD8, 0x05, 0xFA, 0x96, 0x17, 0xEC, 0x86, 0xB1, 0x34, 0xDC, 0xB2, 0xAA, 0x09, 0x47,
    0xE1, 0x87, 0xC2, 0xF7, 0x24, 0xE7, 0x86, 0xEF, 0x20, 0xDE, 0x1D, 0xAB, 0x16, 0x86, 0x1F, 0x74,
    0xB4, 0xB3, 0xB9, 0x5D, 0x5B, 0xB8, 0x2C, 0xB6, 0x5C, 0x98, 0x6D, 0x4A, 0x08, 0xF8, 0xD3, 0x8A,
    0x1C, 0x99, 0xC5, 0x65, 0xD4, 0xEA, 0x58, 0xA9, 0x4D, 0xA0, 0xB1, 0x89, 0x9F, 0x13, 0x5A, 0xB6,
    0x44, 0x1D, 0x31, 0x6D, 0x81, 0x8D, 0x9A, 0xFD, 0x81, 0x18, 0x6D, 0x72, 0xCD, 0x19, 0xBC, 0x30,
    0xB9, 0x75, 0xC6, 0xA6, 0x27, 0x1A, 0x80, 0x65, 0xD2, 0x89, 0xD5, 0x19, 0xB1, 0x94, 0x48, 0x3C,
    0x6F, 0xFC, 0x5D, 0xB0, 0x64, 0x7C, 0xDD, 0x96, 0xF6, 0x40, 0xFC, 0x19, 0xD5, 0x17, 0x0F, 0xAD,
    0xDA, 0x1E, 0xDA, 0xB2, 0x5B, 0x0C, 0x03, 0x31, 0x9D, 0x88, 0x89, 0xB9, 0xE1, 0x05, 0x5B, 0xF6,
    0x77, 0x4A, 0xAA, 0x59, 0xCC, 0x8E, 0x81, 0x78, 0x72, 0x75, 0xD8, 0xE2, 0xA8, 0xD7, 0xB5, 0x51,
    0x52, 0x89, 0x1F, 0x76, 0x2B, 0x23, 0x87, 0xE8, 0x6D, 0x5D, 0x54, 0x9D, 0xBD, 0x4D, 0x76, 0x2C,
    0xE0, 0x8F, 0x44, 0x4F, 0x92, 0xF8, 0x9C, 0x82, 0x2B, 0x82, 0x5C, 0x91, 0x24, 0x8A, 0xC4, 0x44,
    0x4D, 0x11, 0x41, 0x2C, 0x56, 0x39, 0xD2, 0x79, 0xB3, 0xA4, 0xFA, 0x8D, 0xA0, 0x65, 0x78, 0x99,
    0xA2, 0x34, 0xE1, 0x09, 0x3B, 0x71, 0x69, 0x15, 0x8C, 0xAF, 0xDD, 0x7F, 0xF1, 0x42, 0x4C, 0x94,
    0xE8, 0x8E, 0xE1, 0x45, 0xC3, 0x57, 0x95, 0x7A, 0x06, 0x4B, 0x76, 0x3D, 0x31, 0x69, 0x69, 0x6B,
    0x5A, 0x37, 0x40, 0x27, 0xC4, 0xE2, 0x9A, 0xD2, 0xEF, 0x36, 0xFA, 0x3F, 0xBC, 0x52, 0x01, 0x07,
    0x61, 0x44, 0xF6, 0xC4, 0xA4, 0xB5, 0xC9, 0x06, 0xE6, 0x56, 0xCB, 0x2E, 0x47, 0x55, 0x74, 0x26,
    0x04, 0xF2, 0xB4, 0x85, 0x09, 0x80, 0x10, 0xFB, 0xCE, 0xA6, 0x8A, 0x3E, 0x2A, 0x01, 0xA4, 0xD2,
    0x3F, 0x66, 0x4E, 0xEA, 0xFC, 0x88, 0xF1, 0xDC, 0x44, 0xA7, 0x06, 0x00, 0xEF, 0x6A, 0x2E, 0xD5,
    0xDA, 0x73, 0xA5, 0x6A, 0x47, 0x0A, 0x4A, 0xC0, 0xBD, 0xA3, 0x31, 0xEA, 0x6D, 0xA5, 0xB6, 0x38,
    0xCE, 0xA0, 0x7E, 0x4A, 0x03, 0xBC, 0x90, 0x01, 0x06, 0x37, 0xC2, 0x42, 0xDF, 0x61, 0x8C, 0x0F,
    0x04, 0xB0, 0x08, 0xC7, 0xE8, 0x39, 0xC6, 0xB8, 0x1B, 0x03, 0x50, 0xBB, 0x80, 0x31, 0xD8, 0x4F,
    0x94, 0xCD, 0xE0, 0xA9, 0x14, 0x30, 0x3D, 0xA5, 0x6E, 0xE0, 0x14, 0x33, 0x5B, 0x42, 0xA2, 0x88,
    0x1C, 0xF6, 0x7C, 0xAC, 0xBB, 0x3A, 0x70, 0x61, 0x83, 0x0B, 0xF0, 0x46, 0x4A, 0x9C, 0x32, 0xCB,
    0xFE, 0x59, 0xB0, 0xDC, 0x0F, 0x4C, 0x7A, 0x43, 0xB2, 0x25, 0x19, 0xE8, 0xA2, 0xD7, 0x68, 0x96,
    0xB5, 0x06, 0x72, 0x7D, 0xEB, 0xA9, 0x4D, 0x00, 0x95, 0x86, 0x52, 0x59, 0xC8, 0xDC, 0x34, 0xBC,
    0x61, 0x18, 0x2C, 0x7A, 0x26, 0xC3, 0x3F, 0xE6, 0xFA, 0x7C, 0x3A, 0x9D, 0xE1, 0xE7, 0x24, 0xC2,
    0xFC, 0xAF, 0x4A, 0x83, 0xDF, 0xE9, 0x39, 0xED, 0xBD, 0x8E, 0x6E, 0x16, 0x65, 0x3E, 0xF6, 0x41,
    0x3E, 0x4F, 0x79, 0x13, 0x29, 0xF8, 0x7B, 0xE0, 0x60, 0x60, 0xBC, 0xA6, 0x73, 0xDC, 0x93, 0x93,
    0x2C, 0x24, 0xD4, 0x7C, 0x1E, 0xAE, 0x5F, 0x63, 0x7A, 0xE5, 0x73, 0x4F, 0xE9, 0x6C, 0x49, 0xE7,
    0xDC, 0xD2, 0x54, 0x3E, 0x16, 0x83, 0x5F, 0x73, 0x18, 0x7E, 0x58, 0xE8, 0x51, 0x07, 0xCD, 0x34,
    0xC8, 0x49, 0x18, 0x5B, 0xE4, 0x2F, 0x51, 0x98, 0x0D, 0x59, 0x2D, 0x4E, 0xF1, 0xAF, 0x6D, 0x26,
    0xA7, 0x73, 0xA2, 0xED, 0x19, 0x5B, 0x64, 0xE0, 0xE1, 0x33, 0x1F, 0x48, 0xA4, 0xDA, 0xC7, 0x53,
    0x01, 0xDF, 0x63, 0xE8, 0x21, 0x99, 0x93, 0x2E, 0x99, 0xD7, 0x46, 0xC0, 0x8D, 0x96, 0x7E, 0xF3,
    0x19, 0x02, 0xD7, 0x76, 0xCD, 0x83, 0xA2, 0x73, 0x30, 0xA0, 0x81, 0x6C, 0xF0, 0x7B, 0x25, 0x4D,
    0xEF, 0xBF, 0x8C, 0x68, 0x63, 0x23, 0x70, 0xAD, 0xFC, 0x84, 0xE5, 0xE3, 0xE8, 0x6A, 0x64, 0x69,
    0x62, 0x74, 0x14, 0xE9, 0x70, 0x9E, 0x22, 0x59, 0x39, 0x15, 0xED, 0x4D, 0x9C, 0xFA, 0xA4, 0x55,
    0x91, 0xFF, 0xE3, 0xCA, 0x6B, 0xBD, 0x9D, 0x75, 0x76, 0x86, 0x8C, 0x04, 0xBC, 0xB2, 0xF6, 0x74,
    0xEC, 0xE8, 0x3E, 0x7A, 0x1D, 0x5F, 0x4F, 0x67, 0x20, 0x33, 0x94, 0x75, 0x71, 0xBB, 0x75, 0xDC,
    0x91, 0x41, 0xF6, 0x6F, 0x5C, 0xC7, 0xC5, 0xB8, 0xF6, 0x6E, 0x6B, 0xE7, 0xB6, 0xF6, 0x6D, 0x6B,
    0xD7, 0xC6, 0x9E, 0x6D, 0x57, 0x22, 0x5F, 0xE2, 0x3C, 0x58, 0x3A, 0x4B, 0x6B, 0xE3, 0x15, 0xF7,
    0xA9, 0xD6, 0x31, 0x27, 0x98, 0xB1, 0x96, 0xF4, 0x5C, 0x18, 0x6D, 0x66, 0x12, 0x69, 0x8F, 0x33,
    0xFB, 0xED, 0xAA, 0x2D, 0x38, 0xCF, 0xE7, 0xAA, 0xF6, 0x02, 0xE5, 0x05, 0xDF, 0x05, 0x35, 0xD9,
    0x0F, 0x94, 0xAF, 0xF9, 0xBB, 0x56, 0x07, 0xAE, 0xFB, 0x87, 0x2D, 0xA7, 0x31, 0x16, 0x87, 0x7F,
    0x46, 0x39, 0xE4, 0x0A, 0x26, 0x28, 0x17, 0xCA, 0xA8, 0x5F, 0x1B, 0xD0, 0xB8, 0x73, 0x23, 0x24,
    0x57, 0xCE, 0x40, 0x62, 0x9B, 0x25, 0xEB, 0xE8, 0xA2, 0x5D, 0x9C, 0x58, 0x43, 0xB9, 0xED, 0x27,
    0xD9, 0x4E, 0x9E, 0xAC, 0x99, 0xC3, 0xAE, 0x97, 0x64, 0x2B, 0x09, 0xC1, 0x39, 0xAF, 0xE5, 0x46,
    0xDB, 0x9D, 0xC0, 0x03, 0x0A, 0xD8, 0x6B, 0x8E, 0xDA, 0x95, 0xCE, 0x13, 0x35, 0x93, 0xC2, 0x1A,
    0x48, 0x8B, 0x93, 0x66, 0x8D, 0x93, 0xB5, 0x66, 0x7E, 0xED, 0x2A, 0x09, 0xA1, 0x99, 0x8F, 0xAC,
    0xEE, 0x16, 0x6C, 0x8A, 0xDD, 0xC8, 0xB0, 0x0D, 0xF9, 0x04, 0xF0, 0xC3, 0x16, 0x9A, 0x9E, 0xD0,
    0x01, 0x30, 0x62, 0x4E, 0x28, 0x46, 0x80, 0x1F, 0x1A, 0x40, 0x5F, 0xB5, 0x4C, 0x1D, 0xBD, 0xA9,
    0xE0, 0x6E, 0x73, 0x69, 0x46, 0x0C, 0x4D, 0xA3, 0x9E, 0xFD, 0xCE, 0xF1, 0x46, 0x61, 0x5B, 0x9A,
    0x9E, 0x6A, 0xA3, 0xC0, 0x49, 0xF7, 0xBB, 0x49, 0x6F, 0xD3, 0x77, 0x79, 0xA2, 0x44, 0xA6, 0x81,
    0xE5, 0x6B, 0xC6, 0xF8, 0x78, 0xD3, 0xE6, 0xE0, 0x19, 0x7E, 0x96, 0x15, 0xFD, 0xBF, 0x62, 0xDE,
    0x95, 0x32, 0xA0, 0x96, 0xFD, 0x27, 0xB6, 0x99, 0x3D, 0xB1, 0xC7, 0xD2, 0xF6, 0xC3, 0xF0, 0xDF,
    0xDB, 0xCC, 0xB2, 0x4A, 0x5A, 0xE3, 0x5F, 0x00, 0x46, 0x34, 0xFF, 0xF1, 0xC8, 0xDE, 0x7F, 0xB8,
    0x44, 0x38, 0x97, 0x2C, 0xA8, 0xC5, 0x56, 0x1E, 0xB3, 0x99, 0x10, 0x00, 0xEE, 0x08, 0x26, 0x00,
    0x97, 0xD5, 0x47, 0x95, 0x6B, 0xA7, 0x6A, 0xF0, 0x49, 0xEA, 0x37, 0x39, 0x71, 0x23, 0xCB, 0xF0,
    0xF2, 0x5C, 0x6E, 0x27, 0x51, 0xB0, 0x19, 0x89, 0xB5, 0x39, 0x54, 0x8B, 0x56, 0x14, 0xCD, 0x01,
    0x3F, 0x3D, 0xBB, 0x1A, 0x3F, 0x68, 0x5B, 0x19, 0x36, 0x1D, 0xB0, 0xC6, 0xB3, 0x5E, 0x5B, 0xA6,
    0xB4, 0x06, 0xC8, 0x74, 0xA6, 0x6F, 0x22, 0xE4, 0x95, 0x1A, 0xA2, 0x46, 0x97, 0x72, 0xDB, 0x12,
    0xFE, 0x8E, 0x5E, 0x05, 0xDA, 0x92, 0x95, 0xAF, 0x5E, 0xE3, 0xFD, 0x2B, 0x2F, 0xC9, 0x29, 0x06,
    0xCD, 0x81, 0x22, 0xCE, 0xF5, 0xCD, 0x75, 0x1B, 0x6E, 0xFB, 0xA8, 0x78, 0x60, 0x7E, 0x49, 0x5B,
    0xBE, 0xEB, 0x6C, 0x67, 0xCC, 0x16, 0x42, 0x74, 0x32, 0x1C, 0x88, 0x95, 0xA1, 0x12, 0x63, 0x9D,
    0x80, 0xD9, 0xED, 0x40, 0x36, 0xB2, 0x79, 0x97, 0x0C, 0x27, 0x62, 0xD2, 0x33, 0xA0, 0xAA, 0x90,
    0x6B, 0x90, 0x26, 0x14, 0x40, 0xA6, 0x8B, 0x33, 0x2F, 0x49, 0xC4, 0x81, 0xB5, 0xB4, 0x91, 0xF5,
    0x49, 0x2F, 0x97, 0x72, 0x5D, 0x2E, 0x92, 0xCE, 0x36, 0xFD, 0x2C, 0x98, 0x70, 0x10, 0xD5, 0xDA,
    0x5E, 0x37, 0xAB, 0x30, 0xA7, 0xAD, 0x22, 0xEB, 0x56, 0xD1, 0x7E, 0x84, 0x78, 0xA6, 0x44, 0xD4,
    0xD0, 0xE8, 0x4A, 0x7F, 0xA0, 0x0A, 0x3C, 0xD0, 0x85, 0x4A, 0x2B, 0x52, 0x46, 0x4B, 0xD9, 0xC2,
    0x6E, 0x91, 0x55, 0xB1, 0x06, 0x72, 0xDE, 0x9B, 0xCD, 0xA8, 0xFE, 0xAD, 0xD2, 0x00, 0x05, 0xCA,
    0x67, 0xFE, 0xFC, 0xF8, 0xF6, 0x75, 0x26, 0x66, 0x81, 0xE8, 0x76, 0xC8, 0x2A, 0x43, 0xEE, 0x89,
    0x18, 0x18, 0x8E, 0x02, 0x88, 0xEA, 0x3B, 0x1A, 0xB8, 0xF0, 0x37, 0x37, 0xAD, 0x6C, 0x3B, 0x5B,
    0x1B, 0xB8, 0x06, 0x80, 0x45, 0x8C, 0xBA, 0x1E, 0xA2, 0x60, 0x60, 0x90, 0x69, 0x9B, 0x5F, 0xC0,
    0x66, 0xE7, 0xEB, 0x4F, 0xDC, 0xF4, 0xC9, 0x02, 0x20, 0xA3, 0xE9, 0x0C, 0x20, 0xA7, 0x99, 0x4D,
    0x67, 0x55, 0xAB, 0x27, 0x6E, 0x6A, 0x1B, 0x44, 0x4C, 0x3F, 0x99, 0x37, 0xFD, 0x00, 0x4B, 0xDD,
    0x0C, 0xB7, 0xDD, 0xCD, 0xFF, 0x1F, 0x9B, 0xC3, 0xEE, 0x66, 0xBB, 0x87, 0x9A, 0x7E, 0xE1, 0x66,
    0x34, 0xC1, 0xEA, 0xFD, 0xE1, 0x1B, 0xB9, 0x7A, 0x74, 0x5E, 0x31, 0x63, 0x1E, 0xA6, 0x06, 0x29,
    0x8B, 0xA9, 0xD3, 0x82, 0xF2, 0x52, 0x42, 0x3C, 0x77, 0xF2, 0xBC, 0xC2, 0xB6, 0xF2, 0x8C, 0xBD,
    0xDD, 0x89, 0x67, 0xAA, 0x1F, 0x77, 0xE2, 0x99, 0xCE, 0xC4, 0x62, 0x92, 0xD4, 0x22, 0xD6, 0xCE,
    0x73, 0x8C, 0x61, 0x1B, 0x9B, 0x19, 0x9F, 0x8B, 0x0A, 0x8F, 0x20, 0x27, 0x0B, 0x1F, 0xBE, 0x4D,
    0x62, 0x4D, 0xA3, 0x49, 0xEA, 0xA4, 0x05, 0xD4, 0x4A, 0x1B, 0xB8, 0x27, 0x7B, 0xC9, 0x72, 0x28,
    0xB7, 0x65, 0x0C, 0x3F, 0xEE, 0xCC, 0xF8, 0x2E, 0x37, 0x67, 0x94, 0xDC, 0x9F, 0x51, 0x07, 0xB9,
    0xCC, 0x47, 0x93, 0x13, 0xDF, 0xE5, 0x46, 0x0D, 0x7E, 0xB0, 0xBD, 0x1A, 0xA4, 0x6D, 0xD7, 0x36,
    0x7B, 0x0E, 0x58, 0x46, 0x79, 0x6F, 0x97, 0x64, 0x69, 0x1C, 0xA1, 0x3F, 0x91, 0x9F, 0x09, 0xC5,
    0x2E, 0x49, 0xD3, 0x8E, 0xFF, 0xF1, 0xDE, 0xD0, 0x86, 0xC1, 0xAA, 0x7C, 0x0C, 0xA6, 0x2D, 0xCF,
    0xCD, 0x97, 0x17, 0x38, 0x8A, 0x55, 0x92, 0x79, 0x23, 0xB1, 0x6D, 0x90, 0xA5, 0x0D, 0xB7, 0x83,
    0xFC, 0x71, 0x43, 0xA6, 0xD8, 0x2C, 0xF0, 0xD7, 0x8B, 0x2C, 0x44, 0xA7, 0x51, 0x92, 0x3E, 0x6F,
    0x7B, 0x04, 0x4E, 0xC4, 0x93, 0x18, 0x2F, 0x60, 0xBA, 0xE2, 0x46, 0xB8, 0x20, 0xCF, 0xD1, 0x57,
    0xCB, 0x0D, 0xD9, 0x7B, 0xFB, 0x36, 0x95, 0x4C, 0x67, 0xCA, 0xAE, 0xFA, 0x89, 0xAD, 0x6E, 0x76,
    0x8E, 0x5C, 0xF7, 0x56, 0x63, 0x31, 0x37, 0x17, 0x28, 0x8B, 0x11, 0x94, 0xE5, 0x90, 0xA4, 0x88,
    0xF5, 0x96, 0xB2, 0x80, 0x24, 0x17, 0xAB, 0xEC, 0x68, 0x44, 0xD5, 0x6B, 0x4B, 0xC9, 0xDC, 0x6D,
    0xD9, 0x8D, 0xB2, 0xE9, 0x4C, 0x02, 0x78, 0xA2, 0xC6, 0x24, 0xC7, 0xC9, 0x77, 0xC9, 0x62, 0xD1,
    0x6B, 0x35, 0x5C, 0x79, 0x38, 0xD8, 0x53, 0xC6, 0x64, 0x4E, 0x98, 0x55, 0xF6, 0x4D, 0x44, 0xA4,
    0xBD, 0x21, 0x27, 0x8C, 0x16, 0x0C, 0x1E, 0x92, 0x65, 0x17, 0x44, 0xBD, 0x39, 0xBA, 0x73, 0x3B,
    0x84, 0xB6, 0x89, 0xE1, 0xB0, 0x37, 0xD9, 0x86, 0xCA, 0x42, 0x84, 0x79, 0x3D, 0xA7, 0xBD, 0xB0,
    0x8E, 0xC8, 0x2E, 0x88, 0xEE, 0xAE, 0x3A, 0xC6, 0x51, 0xD3, 0x92, 0x24, 0x85, 0x95, 0xC1, 0x31,
    0xEA, 0xC6, 0x1C, 0x78, 0xE6, 0x44, 0x45, 0xBB, 0x53, 0x4B, 0x66, 0xFE, 0xFC, 0x17, 0x15, 0x59,
    0xF0, 0x4E, 0x4C, 0x1B, 0xD2, 0x31, 0x99, 0xC5, 0x0D, 0xEC, 0x4A, 0xB8, 0xA7, 0xE5, 0x66, 0x8C,
    0x30, 0x01, 0x36, 0x04, 0xF5, 0x5E, 0x1F, 0x1C, 0xB6, 0x5E, 0x2F, 0x6B, 0xE9, 0x66, 0x37, 0x4B,
    0xB4, 0x1F, 0xD9, 0x9C, 0xD6, 0x79, 0xC1, 0x9F, 0x67, 0xB5, 0x83, 0x66, 0x32, 0xB6, 0xF6, 0x5C,
    0x24, 0x04, 0x11, 0x90, 0x30, 0x96, 0xB2, 0x1A, 0xE0, 0x9E, 0x59, 0xD0, 0x8D, 0x7B, 0x70, 0x7C,
    0x61, 0x36, 0xA5, 0xDC, 0xE8, 0xF5, 0x96, 0xA0, 0x01, 0xBA, 0x03, 0x06, 0x14, 0x80, 0x35, 0x06,
    0xC4, 0x4A, 0xC5, 0x4D, 0x81, 0xBF, 0xBF, 0x40, 0x8B, 0x95, 0xB3, 0x3F, 0xC1, 0xC5, 0xAE, 0x1A,
    0x3C, 0x0E, 0xF1, 0x92, 0x4D, 0xFC, 0xC9, 0x07, 0x37, 0xC2, 0xD2, 0xC1, 0xBF, 0xDB, 0xD4, 0x6C,
    0x56, 0xF4, 0x5E, 0x53, 0xD3, 0x2B, 0xB8, 0x7A, 0x5E, 0x4D, 0x5B, 0xB5, 0xFE, 0xA7, 0x5A, 0xE6,
    0x78, 0x16, 0x51, 0x41, 0x61, 0x61, 0x52, 0x26, 0x8F, 0xB5, 0xCD, 0x4A, 0x78, 0x51, 0x2A, 0xF6,
    0xB3, 0xD0, 0x3B, 0x89, 0x91, 0x18, 0x6C, 0x27, 0x89, 0xB1, 0xF9, 0xEB, 0x67, 0xE1, 0xF4, 0x1B,
    0x56, 0x9A, 0x0B, 0x66, 0x2B, 0x36, 0x98, 0xF2, 0x6B, 0xB8, 0x52, 0x2E, 0x1D, 0x2B, 0x99, 0x17,
    0xAD, 0xE9, 0x89, 0x14, 0x20, 0x5A, 0x12, 0xA0, 0xEE, 0x65, 0x25, 0xD5, 0x80, 0xE6, 0xA7, 0x5A,
    0x73, 0x71, 0xD4, 0x70, 0xB3, 0xD6, 0x16, 0x95, 0xF9, 0x68, 0xDB, 0x19, 0x03, 0x30, 0xEF, 0xFB,
    0x74, 0xC7, 0xB7, 0x05, 0x26, 0xA3, 0xF6, 0xB1, 0x15, 0x25, 0xFA, 0xFE, 0xD3, 0xD4, 0x7B, 0x76,
    0xA1, 0xC9, 0x6D, 0x12, 0x8A, 0xD6, 0x0D, 0x45, 0x57, 0xF4, 0xBE, 0xF5, 0x6D, 0x55, 0x37, 0xB7,
    0x16, 0xD1, 0x6F, 0x0F, 0xA2, 0x7C, 0xDC, 0xF2, 0x4A, 0x44, 0xBB, 0x5C, 0x1A, 0x3B, 0xB6, 0xB5,
    0x4F, 0x30, 0xE4, 0x8C, 0x73, 0xC9, 0x7A, 0x0C, 0x15, 0xE9, 0x90, 0x0F, 0x79, 0x03, 0xCD, 0x63,
    0xD1, 0x57, 0xBE, 0x74, 0x5F, 0x9A, 0x7C, 0x37, 0xFB, 0xFA, 0x53, 0xE9, 0xE4, 0x6F, 0x85, 0x1C,
    0x43, 0x4E, 0xFE, 0x60, 0xB2, 0x84, 0xD8, 0xBC, 0x3F, 0x42, 0x5A, 0xA4, 0x92, 0xF2, 0x47, 0xFA,
    0x22, 0xA5, 0x1B, 0xD4, 0x41, 0x9E, 0x73, 0xEF, 0x42, 0x9E, 0x93, 0x9B, 0xF9, 0xAD, 0xC5, 0x0D,
    0x17, 0x44, 0xFD, 0xF3, 0xB3, 0x5B, 0xE0, 0xB3, 0x9B, 0x49, 0x20, 0x31, 0x7E, 0x4C, 0x42, 0xA2,
    0x25, 0x6A, 0x73, 0x54, 0xCA, 0x57, 0x98, 0x59, 0xCC, 0xFE, 0x3A, 0xF9, 0x09, 0x28, 0x17, 0xDB,
    0x7B, 0xB6, 0x42, 0xDA, 0xFF, 0x88, 0xAE, 0xC0, 0xAF, 0x5F, 0x9E, 0x8D, 0x41, 0x68, 0x2A, 0x95,
    0x17, 0xB8, 0xA9, 0xB2, 0x19, 0xFC, 0x22, 0xBE, 0xD9, 0x7A, 0xBE, 0x2E, 0x7B, 0x52, 0x70, 0xCF,
    0xD3, 0xCC, 0x89, 0xCA, 0xE5, 0x00, 0x70, 0x0C, 0x5D, 0x37, 0x81, 0x56, 0x37, 0x66, 0x0C, 0x5D,
    0x5B, 0xDF, 0x64, 0xD1, 0xCE, 0x9C, 0x7A, 0xDB, 0xCA, 0x34, 0x43, 0x57, 0x31, 0x74, 0x2B, 0xE5,
    0xC6, 0x31, 0xB8, 0x99, 0x26, 0x21, 0x74, 0xE3, 0x1A, 0x3E, 0x74, 0xFD, 0x73, 0x84, 0xD7, 0x30,
    0xBD, 0xC3, 0x81, 0x74, 0x77, 0xDB, 0x08, 0x93, 0x5F, 0xC1, 0x90, 0x5F, 0x97, 0xDF, 0x2D, 0x16,
    0x69, 0xA8, 0xED, 0x72, 0x70, 0x8B, 0x0B, 0x4C, 0xE6, 0xEC, 0x06, 0x37, 0x87, 0x16, 0x87, 0xD0,
    0xF0, 0x10, 0x6E, 0xFB, 0xB1, 0x42, 0x13, 0xD7, 0x34, 0x33, 0x4D, 0x35, 0x69, 0x5B, 0xCC, 0xA7,
    0x25, 0xFA, 0x0B, 0xFA, 0xA2, 0x13, 0x32, 0x02, 0xD3, 0x58, 0x5B, 0x07, 0xC4, 0x67, 0x8C, 0xE0,
    0x96, 0x84, 0x6B, 0x24, 0xA9, 0x41, 0x77, 0xF6, 0x45, 0x56, 0x97, 0x18, 0xF0, 0xA9, 0x04, 0xF0,
    0x1C, 0xAC, 0xCD, 0x43, 0x3A, 0xFF, 0x9E, 0x9F, 0xB2, 0x05, 0x95, 0x01, 0x9E, 0x29, 0xFA, 0x44,
    0xEB, 0x67, 0x56, 0x9F, 0x14, 0x6D, 0xDC, 0x58, 0x07, 0x9D, 0xAE, 0x4D, 0x9A, 0x33, 0xD1, 0x15,
    0x10, 0xF1, 0x83, 0xCE, 0x2F, 0x60, 0xE4, 0x4E, 0xFF, 0xF7, 0x33, 0xC4, 0xB7, 0xFB, 0x9F, 0x07,
    0x90, 0xE4, 0xEE, 0xBE, 0x03, 0xE1, 0xDC, 0xFD, 0x6F, 0x06, 0x8C, 0xE0, 0xD4, 0x4D, 0x18, 0xC3,
    0x2D, 0x10, 0x79, 0x70, 0xC1, 0x8D, 0xBD, 0x9F, 0xDC, 0x98, 0x1F, 0x76, 0x60, 0x63, 0x70, 0x5A,
    0x17, 0x5D, 0xD6, 0xBA, 0xC5, 0x8E, 0xBD, 0xD7, 0xF9, 0xEF, 0x95, 0xE4, 0xB3, 0x6C, 0xE6, 0xF8,
    0x04, 0x9F, 0x81, 0x7C, 0x2E, 0x6F, 0x85, 0xB5, 0x48, 0x17, 0x8F, 0x5E, 0xE4, 0x4E, 0x68, 0x97,
    0x7D, 0x40, 0x6A, 0x87, 0xCA, 0x73, 0x08, 0x32, 0xBC, 0x96, 0xDA, 0x82, 0xAB, 0xD3, 0x12, 0xEF,
    0xDB, 0x1E, 0x9B, 0x59, 0x56, 0x14, 0xA1, 0x36, 0x27, 0x4B, 0x16, 0x62, 0x75, 0x58, 0x58, 0x2C,
    0xCD, 0x7E, 0xBD, 0x16, 0xAC, 0xAC, 0x99, 0x99, 0x95, 0xEE, 0xC1, 0xB2, 0xEA, 0xDD, 0xCC, 0xB5,
    0x18, 0x90, 0x91, 0x4B, 0x91, 0xEF, 0xA7, 0x18, 0x6C, 0xC6, 0x34, 0x9B, 0xA0, 0xB0, 0x47, 0x7F,
    0xA4, 0xB0, 0xC2, 0xEC, 0x49, 0xE6, 0xCD, 0x1E, 0x6D, 0x73, 0x82, 0x79, 0x64, 0xCF, 0xF0, 0x21,
    0x7B, 0x04, 0xF6, 0x84, 0xD5, 0x1E, 0x28, 0xCC, 0x46, 0x28, 0xAC, 0x02, 0x02, 0x46, 0x17, 0x28,
    0xFC, 0x96, 0x4A, 0x66, 0xB3, 0x34, 0x98, 0xE8, 0x0C, 0x26, 0x5A, 0x18, 0x48, 0x85, 0x99, 0x25,
    0x41, 0x53, 0xC8, 0x2F, 0x34, 0x0D, 0x4B, 0x43, 0xD8, 0x54, 0x64, 0x65, 0xC8, 0x6B, 0x69, 0x4B,
    0xE2, 0xF8, 0xA7, 0x2F, 0x3B, 0x34, 0xF9, 0x3C, 0xF7, 0x07, 0x16, 0x32, 0x5C, 0x50, 0xA1, 0x6A,
    0x1D, 0x12, 0x46, 0xD1, 0x67, 0x2C, 0x76, 0x6B, 0xAF, 0x55, 0x1F, 0xBB, 0xDA, 0x54, 0xB4, 0xCF,
    0xA5, 0xD2, 0xD9, 0xC8, 0x72, 0xCC, 0x12, 0x5F, 0x31, 0x63, 0xA7, 0x78, 0xE6, 0xFC, 0xE7, 0x5C,
    0xC9, 0xC0, 0xD2, 0x68, 0x49, 0x0E, 0xEE, 0x33, 0xC3, 0x27, 0x5C, 0x7F, 0xF4, 0x8B, 0x19, 0x9E,
    0x05, 0x33, 0xDD, 0x78, 0x21, 0x1B, 0xD9, 0xCA, 0x87, 0x0B, 0xE6, 0x21, 0x13, 0x5C, 0x04, 0xDF,
    0xAD, 0x78, 0xAC, 0xB7, 0x20, 0x22, 0x21, 0xB4, 0x66, 0x6D, 0x82, 0xF7, 0x4F, 0xE3, 0x67, 0x57,
    0x2B, 0xB2, 0x41, 0xBE, 0x2F, 0x7E, 0x8A, 0x16, 0xD1, 0x10, 0x2F, 0xD1, 0x9D, 0x90, 0x04, 0x52,
    0x34, 0x49, 0x1A, 0xF0, 0x28, 0x09, 0xCE, 0xBE, 0x8E, 0xB7, 0x80, 0x1C, 0xFD, 0xE0, 0x52, 0x08,
    0xE0, 0x02, 0x58, 0x58, 0x5E, 0x25, 0x1F, 0xDF, 0x3D, 0xF9, 0x65, 0x90, 0x0A, 0x03, 0x73, 0x31,
    0x3B, 0xCF, 0x37, 0x3B, 0x56, 0x37, 0x36, 0x77, 0x33, 0xC7, 0x39, 0x2A, 0x4E, 0x2C, 0x9E, 0x7C,
    0xC7, 0xD9, 0x4B, 0x39, 0x49, 0xE5, 0xBB, 0x3B, 0x8C, 0x88, 0xE9, 0xE3, 0x05, 0x2B, 0xCA, 0x6F,
    0x8F, 0x99, 0x79, 0x90, 0x9E, 0x04, 0xCC, 0x1F, 0x3F, 0x59, 0xC0, 0x52, 0x47, 0x30, 0xB0, 0xC8,
    0xA4, 0xA1, 0xE8, 0xDD, 0x80, 0x70, 0x02, 0x3A, 0x24, 0xCE, 0x1C, 0xD2, 0x23, 0x17, 0x23, 0x1B,
    0xF7, 0x9E, 0x45, 0x66, 0xAC, 0x7E, 0xA8, 0x65, 0x61, 0x67, 0x51, 0x4E, 0x1B, 0x1D, 0x30, 0xF3,
    0xE6, 0x0F, 0x3F, 0x62, 0x40, 0xCE, 0x8B, 0x48, 0x7F, 0xD2, 0xA1, 0x34, 0xB7, 0xE8, 0x52, 0x0C,
    0x6E, 0x5F, 0x12, 0x47, 0x3F, 0x27, 0x57, 0xC2, 0xF7, 0x02, 0x68, 0xE9, 0xE9, 0xF9, 0x76, 0x13,
    0x03, 0xD1, 0xAE, 0xBA, 0x44, 0xB6, 0x05, 0x69, 0x90, 0x39, 0x9C, 0xEF, 0x7B, 0xFF, 0x77, 0x05,
    0x16, 0x5D, 0x70, 0x2C, 0x9B, 0xE9, 0xC2, 0x0D, 0xD1, 0xD5, 0x27, 0x93, 0xBE, 0x6A, 0x2A, 0x65,
    0xFA, 0xFA, 0xAB, 0xDD, 0x07, 0x8D, 0x1B, 0x84, 0xB0, 0x85, 0x74, 0xDA, 0xB0, 0xBD, 0x87, 0xC5,
    0x7D, 0x56, 0xD9, 0x71, 0x71, 0xC8, 0xB3, 0x1C, 0x32, 0xE5, 0x68, 0x19, 0x17, 0xB7, 0x85, 0x8C,
    0x53, 0x25, 0xDC, 0xC1, 0xAC, 0xF4, 0xC5, 0x09, 0x41, 0xB8, 0x39, 0x0C, 0x60, 0x2D, 0x38, 0x6C,
    0x01, 0x5A, 0xAE, 0x51, 0x6D, 0x8B, 0xE9, 0xA6, 0x69, 0x2C, 0xD8, 0xA2, 0x68, 0xC9, 0x19, 0xAC,
    0x29, 0x83, 0xCA, 0xE9, 0x97, 0xA3, 0xB8, 0x74, 0x23, 0xE3, 0x94, 0x73, 0x99, 0xD6, 0xC5, 0xBA,
    0x06, 0x24, 0x7F, 0x87, 0xE0, 0xEF, 0x36, 0xA7, 0x6A, 0xEC, 0x2B, 0x55, 0xCC, 0xAB, 0xE3, 0xBC,
    0xAE, 0x60, 0x66, 0x93, 0x9B, 0x2D, 0x35, 0xC7, 0xFB, 0xD1, 0x53, 0x18, 0xAF, 0xB5, 0xF1, 0x74,
    0x1D, 0xEF, 0x5B, 0x6B, 0x5C, 0x9E, 0x3F, 0xF1, 0xB9, 0xE8, 0xE6, 0x2A, 0x66, 0xC3, 0x24, 0xAC,
    0xA2, 0x23, 0x42, 0x2E, 0xE5, 0xC4, 0xEC, 0x38, 0x49, 0x61, 0xDD, 0xE9, 0x35, 0x85, 0x37, 0xE2,
    0xC0, 0x03, 0xF8, 0x9F, 0xCD, 0x72, 0xA1, 0x78, 0xC0, 0x96, 0xEE, 0x91, 0xB6, 0x9B, 0xE6, 0xB4,
    0x24, 0x48, 0x53, 0x03, 0x54, 0x44, 0x9F, 0x5F, 0x44, 0x9A, 0x1F, 0x71, 0x0F, 0xA7, 0xAD, 0xB0,
    0x83, 0x61, 0x70, 0xC8, 0xB3, 0x43, 0x31, 0x93, 0x7F, 0x6E, 0x73, 0xB0, 0x60, 0x89, 0x6C, 0x41,
    0x88, 0x63, 0x83, 0xAE, 0x28, 0x3F, 0x54, 0x2C, 0x65, 0xE4, 0xB3, 0x41, 0x5B, 0x1E, 0xDC, 0xB3,
    0xA3, 0xCA, 0xFF, 0x83, 0x2D, 0x75, 0xC1, 0x0A, 0xD5, 0xFA, 0x03, 0xFD, 0x0D, 0xDF, 0x35, 0x6F,
    0xEA, 0x8D, 0xE2, 0x31, 0x68, 0x1B, 0x32, 0x1D, 0x19, 0x95, 0x28, 0x9F, 0x9F, 0x33, 0xFD, 0xD4,
    0x4E, 0xDD, 0xD4, 0x4C, 0xBD, 0xD4, 0x4A, 0x9D, 0xD4, 0x48, 0x7D, 0xD0, 0x66, 0x79, 0x8B, 0x8D,
    0x0C, 0xF4, 0xD4, 0xD0, 0x22, 0xD0, 0xB1, 0x16, 0xE0, 0x82, 0xBB, 0x1B, 0x95, 0xE4, 0x90, 0x1D,
    0x5A, 0xD3, 0xD1, 0x2A, 0xBB, 0xF8, 0xE1, 0x8B, 0x19, 0xF2, 0xE5, 0xB5, 0x85, 0x78, 0x0E, 0x93,
    0x6C, 0x38, 0xD5, 0x17, 0x66, 0xF1, 0x57, 0x46, 0xC9, 0xB7, 0x1D, 0xDA, 0xD7, 0xD9, 0x30, 0xB1,
    0xDA, 0x6A, 0x0F, 0x67, 0xCE, 0x6E, 0xBC, 0x1C, 0xE8, 0x2F, 0x17, 0x8A, 0x81, 0xE8, 0x7B, 0xE0,
    0xDC, 0x74, 0x59, 0xC8, 0x95, 0x5D, 0x67, 0xF1, 0x88, 0xE8, 0x07, 0xE0, 0xC4, 0x13, 0x9B, 0x62,
    0x20, 0x7A, 0xE4, 0xF9, 0xAA, 0xC5, 0x08, 0x6D, 0xF1, 0x9F, 0xEC, 0xAB, 0x69, 0xDD, 0xE9, 0x63,
    0x0D, 0x42, 0xAC, 0x8F, 0x7A, 0x7A, 0xA5, 0x13, 0xFE, 0x9D, 0x68, 0xDD, 0x00, 0x20, 0xD8, 0xBF,
    0x94, 0xD2, 0xBC, 0xAD, 0xCC, 0x37, 0x80, 0x67, 0x0E, 0xD9, 0xE6, 0x1F, 0x30, 0x61, 0xFF, 0x41,
    0x90, 0x44, 0xB3, 0xF0, 0x85, 0x6C, 0xC9, 0x96, 0xA1, 0x08, 0x99, 0x76, 0x3A, 0x26, 0x5A, 0x7E,
    0xC6, 0x0A, 0x72, 0xC1, 0x8C, 0x50, 0xAF, 0xAD, 0x51, 0x8E, 0xF9, 0x65, 0x3D, 0xC6, 0x60, 0x82,
    0xE0, 0xF5, 0x04, 0x7A, 0xC0, 0xBC, 0xBC, 0x2E, 0x1E, 0x7F, 0x5C, 0x1D, 0xE0, 0xC1, 0x1B, 0x41,
    0x7E, 0xDD, 0xBE, 0x31, 0x3D, 0x19, 0xDD, 0xA6, 0xA3, 0xB7, 0x16, 0x25, 0x53, 0xAB, 0x43, 0xD6,
    0xFD, 0x3A, 0x55, 0xC6, 0xA3, 0x44, 0x9A, 0x4E, 0xB1, 0x62, 0x79, 0x2D, 0x8D, 0x26, 0xFA, 0x3E,
    0xAE, 0x44, 0xD3, 0x10, 0x6B, 0x86, 0x8B, 0xE5, 0x91, 0xD5, 0x91, 0xC5, 0x11, 0xF9, 0x2B, 0x78,
    0x66, 0xD8, 0x4D, 0x4B, 0x7F, 0xDA, 0x1A, 0x71, 0x2B, 0x6C, 0x88, 0x5C, 0xB6, 0x22, 0xD3, 0xCA,
    0xCD, 0x67, 0x6D, 0xBF, 0xDE, 0xAE, 0x07, 0x44, 0x45, 0xBF, 0xE9, 0x27, 0x37, 0xF9, 0x89, 0x85,
    0xE2, 0x97, 0x6D, 0xF3, 0x3F, 0xA6, 0xC4, 0xFE, 0x70, 0xDF, 0x36, 0xCF, 0x5A, 0x97, 0x1F, 0x5B,
    0x62, 0x19, 0xC4, 0xD1, 0xA2, 0x30, 0xB9, 0xAA, 0xB3, 0xD1, 0xD7, 0x2E, 0x3C, 0x6B, 0x27, 0x91,
    0x29, 0x9E, 0x27, 0xB6, 0xF9, 0xA6, 0x01, 0xA8, 0x90, 0x29, 0x5C, 0x92, 0x20, 0x56, 0xDF, 0xC4,
    0xFB, 0xFF, 0xC4, 0x75, 0xDE, 0x4B, 0xF4, 0xD7, 0x62, 0xD3, 0xD1, 0x3A, 0xB2, 0x78, 0x92, 0x6F,
    0x6C, 0x38, 0x46, 0xFD, 0xDC, 0x9B, 0xF9, 0xE6, 0xE5, 0xB0, 0x7E, 0xEF, 0xE1, 0x16, 0xB6, 0xB0,
    0x4F, 0xC1, 0xDC, 0xE9, 0x77, 0x70, 0x6E, 0xDD, 0x3C, 0xB0, 0x0F, 0x16, 0x23, 0x0B, 0x41, 0x56,
    0x8F, 0xFE, 0x07, 0x81, 0xFF, 0x0E, 0x30, 0xFC, 0xD5, 0xFF, 0x9D, 0x92, 0x95, 0x59, 0xD2, 0x82,
    0x8B, 0xD6, 0x1C, 0x99, 0x63, 0xCA, 0xA8, 0x0D, 0xEA, 0x20, 0x71, 0xB9, 0xDD, 0x7A, 0xE7, 0x5E,
    0xF5, 0xD8, 0xFF, 0x2D, 0x44, 0x27, 0xED, 0xE8, 0x3E, 0xD6, 0xA9, 0xAC, 0xC5, 0x30, 0xE1, 0x6B,
    0xC3, 0xEA, 0xC7, 0xDF, 0x37, 0xBD, 0xD6, 0xEE, 0xAE, 0x0D, 0x2F, 0x33, 0x56, 0xD3, 0x51, 0x0C,
    0x7C, 0x4D, 0xE2, 0x5E, 0x29, 0x92, 0x56, 0xBF, 0x39, 0x41, 0xD4, 0xDA, 0x70, 0x83, 0xF8, 0xBC,
    0xDE, 0x5F, 0xDB, 0xDF, 0xC8, 0x1A, 0xE0, 0x45, 0xAC, 0x05, 0x9E, 0xF1, 0x5B, 0xCE, 0x0E, 0x11,
    0xB3, 0x41, 0x94, 0xA5, 0xC1, 0x76, 0x5E, 0x6F, 0x0D, 0x8C, 0x9A, 0x86, 0x5B, 0x14, 0xFC, 0x63,
    0xFD, 0x65, 0x7B, 0xBA, 0x16, 0xCC, 0xB5, 0x62, 0x5A, 0xFA, 0x17, 0xEB, 0x06, 0x89, 0xA8, 0xFD,
    0x1D, 0x9A, 0xD4, 0x85, 0xBB, 0x6A, 0x5D, 0x2E, 0x4F, 0xC5, 0xA3, 0xCB, 0x93, 0xC5, 0xE9, 0x00,
    0xB4, 0xF4, 0x6F, 0x38, 0x54, 0x48, 0x6B, 0x45, 0xD7, 0xB4, 0x6E, 0x66, 0xB3, 0xCA, 0x1D, 0xDC,
    0x69, 0x6B, 0x37, 0x77, 0x4B, 0xC4, 0xE6, 0x65, 0x8B, 0xC4, 0x38, 0x58, 0x37, 0x89, 0x8E, 0xB0,
    0xE9, 0xF8, 0x62, 0x7E, 0xC8, 0xCA, 0x55, 0xB8, 0x56, 0xCA, 0x44, 0xEF, 0x13, 0x62, 0x2B, 0xA7,
    0xD6, 0x4F, 0xEE, 0x1A, 0x54, 0x56, 0xF0, 0x71, 0x53, 0xC1, 0xFF, 0x14, 0x86, 0x2C, 0x3D, 0x60,
    0xED, 0xBA, 0x76, 0x3D, 0xD7, 0x04, 0xAE, 0xC2, 0x4A, 0x6E, 0x3A, 0xAE, 0x8B, 0xC5, 0xD5, 0x20,
    0x87, 0xCF, 0x7E, 0xF9, 0x1D, 0x09, 0x55, 0x49, 0xD1, 0x12, 0x7A, 0x80, 0x1B, 0x00, 0x09, 0x41,
    0x26, 0xC2, 0x17, 0x7E, 0x55, 0x3B, 0x29, 0x79, 0x56, 0x7E, 0x93, 0x91, 0xF2, 0x2A, 0xE0, 0x6D,
    0x86, 0xD8, 0x03, 0x63, 0xB4, 0x64, 0x71, 0x7B, 0xFA, 0x9D, 0xE6, 0x93, 0x9D, 0xE0, 0x0B, 0x6F,
    0x43, 0xA3, 0x11, 0x9B, 0x13, 0x0A, 0x82, 0x2F, 0x01, 0xCD, 0x8E, 0xD7, 0xCD, 0x0C, 0x27, 0x1E,
    0xB3, 0x4E, 0x55, 0x10, 0xDB, 0xD7, 0x2C, 0x10, 0xE9, 0xB2, 0x1E, 0xC4, 0xEA, 0x2A, 0x68, 0x10,
    0x86, 0x99, 0x23, 0x13, 0x3C, 0x78, 0x80, 0x98, 0x44, 0xCB, 0x7C, 0x88, 0x99, 0xBE, 0x8A, 0x31,
    0xA1, 0xF0, 0x63, 0xDA, 0x42, 0xE8, 0x88, 0x51, 0xF5, 0x0D, 0x9D, 0xC0, 0x85, 0x1E, 0xDC, 0x99,
    0x2E, 0x42, 0xDC, 0xBE, 0x32, 0x4D, 0x10, 0x77, 0xDC, 0xE3, 0x01, 0x62, 0x76, 0x96, 0xD9, 0xF9,
    0x69, 0x06, 0x02, 0x01, 0x27, 0x10, 0x9D, 0x0B, 0x14, 0x35, 0x9D, 0x9F, 0xB3, 0x85, 0xBD, 0xD1,
    0x20, 0x87, 0x47, 0x38, 0xB6, 0x02, 0xE3, 0x9A, 0x06, 0xE0, 0xEB, 0x09, 0xF1, 0x1B, 0x49, 0x40,
    0x28, 0xDE, 0x88, 0x03, 0xE2, 0x1B, 0x5B, 0x8F, 0x68, 0x8E, 0x86, 0x68, 0x8E, 0x97, 0xA4, 0x8F,
    0x50, 0x0B, 0xD3, 0x36, 0x5A, 0x8A, 0xC5, 0x95, 0xB2, 0xBC, 0xA6, 0xE8, 0x87, 0x74, 0xD0, 0xEB,
    0xC0, 0x56, 0x39, 0x2C, 0x24, 0xE9, 0x57, 0xB2, 0xB1, 0xFB, 0xE8, 0xB5, 0xDB, 0x13, 0xD9, 0xA7,
    0x28, 0x6F, 0x90, 0xCE, 0xC9, 0xF8, 0x3A, 0x2A, 0xCA, 0x70, 0xC3, 0x01, 0x36, 0xC7, 0x9A, 0xCB,
    0x3F, 0xDA, 0x37, 0xAB, 0x51, 0x8A, 0x69, 0x8F, 0xDB, 0x17, 0xA3, 0x66, 0x07, 0x3D, 0xC0, 0x0E,
    0xAB, 0x51, 0xE3, 0x83, 0x53, 0xD5, 0x1E, 0xB0, 0xAC, 0x7B, 0xC3, 0x75, 0x73, 0x68, 0x7B, 0x23,
    0xE1, 0xF6, 0x70, 0xA1, 0xB6, 0x4D, 0x4A, 0x60, 0x32, 0x98, 0x32, 0x26, 0x83, 0x31, 0xC3, 0xDA,
    0xA1, 0x63, 0xD7, 0xA2, 0x05, 0xE4, 0x16, 0x61, 0x22, 0x32, 0x19, 0xB8, 0xB1, 0xE8, 0x91, 0x0C,
    0x96, 0xA6, 0x66, 0x32, 0x08, 0x27, 0x92, 0xC1, 0x19, 0x5C, 0x95, 0x4E, 0x72, 0x16, 0x97, 0x34,
    0x00, 0x1B, 0x3A, 0xE5, 0x87, 0x11, 0x4E, 0xCF, 0xBA, 0x4C, 0x4E, 0x7B, 0xFD, 0x96, 0xA1, 0x1C,
    0x98, 0x01, 0x79, 0x9D, 0x37, 0x36, 0xFF, 0xED, 0xC9, 0x34, 0x83, 0x65, 0x4C, 0x17, 0x4A, 0xE3,
    0x83, 0xB4, 0x89, 0xDF, 0xDD, 0xF4, 0x64, 0xC2, 0x6E, 0x72, 0xDE, 0xD0, 0x69, 0xDB, 0x9B, 0x76,
    0xF3, 0x48, 0x77, 0x37, 0x35, 0x82, 0x50, 0x98, 0xE9, 0x4B, 0x18, 0x92, 0xB4, 0x3C, 0xD7, 0x8C,
    0xF5, 0x1E, 0xB6, 0x50, 0x7B, 0x7A, 0x0F, 0x46, 0xEA, 0x6A, 0x69, 0x8E, 0xEB, 0x68, 0x12, 0xA0,
    0x29, 0xD2, 0xBE, 0x52, 0xC9, 0x35, 0xA4, 0x0B, 0xBB, 0x31, 0x46, 0x40, 0xBC, 0x64, 0x20, 0x2A,
    0x0A, 0x2E, 0x20, 0x54, 0xF7, 0xDD, 0xC4, 0x82, 0x40, 0x8A, 0x31, 0x2D, 0xC3, 0xED, 0xFF, 0x13,
    0xB2, 0xB6, 0x76, 0x76, 0xDF, 0x21, 0x40, 0x3B, 0x54, 0xDB, 0x39, 0xED, 0x78, 0x2A, 0xA1, 0x2D,
    0x8B, 0x9F, 0xCD, 0xEB, 0x54, 0xB9, 0xC6, 0x3C, 0x71, 0x35, 0xD5, 0x1B, 0x56, 0x86, 0x3F, 0xB7,
    0x6D, 0xC3, 0xC3, 0x05, 0x98, 0x1E, 0x28, 0xD0, 0xBD, 0x41, 0x2C, 0x22, 0xA2, 0x57, 0xA2, 0x2A,
    0xDB, 0x90, 0x87, 0x01, 0x1A, 0x93, 0xBB, 0x93, 0xB6, 0x92, 0x1D, 0x8C, 0xFC, 0x36, 0xF4, 0xA5,
    0x01, 0xE8, 0x33, 0xB8, 0x4A, 0x5E, 0x73, 0xB4, 0x65, 0x72, 0xB0, 0x25, 0x19, 0xF3, 0xCE, 0xA3,
    0x41, 0x2E, 0x6E, 0xE9, 0x52, 0xCD, 0xFE, 0x80, 0x2A, 0x92, 0x69, 0x3B, 0x76, 0xC1, 0xE1, 0x2E,
    0x71, 0xB4, 0x47, 0xCA, 0x16, 0x4D, 0xAD, 0x14, 0x95, 0x6B, 0x16, 0x67, 0x47, 0x29, 0x17, 0x17,
    0x94, 0xB9, 0xEB, 0x8B, 0xEF, 0xA2, 0x61, 0x46, 0x90, 0xBD, 0xCB, 0xBE, 0xF3, 0x56, 0x28, 0xC6,
    0xEA, 0xEE, 0xD4, 0x2C, 0x7A, 0xF7, 0x91, 0x2A, 0x3D, 0xCF, 0x75, 0x43, 0x3E, 0xC7, 0x75, 0x3F,
    0x47, 0x0F, 0x26, 0x76, 0x13, 0xAC, 0x40, 0x00, 0x58, 0x14, 0x61, 0x99, 0x0D, 0x5B, 0x90, 0x28,
    0x56, 0xD6, 0xD7, 0x78, 0x43, 0x36, 0xA7, 0xC2, 0xCE, 0x83, 0x61, 0x01, 0x6F, 0xCC, 0xF3, 0x4A,
    0x1A, 0x29, 0x75, 0xB4, 0x92, 0x9B, 0xFB, 0xDB, 0x93, 0xD5, 0xDD, 0x4B, 0xFE, 0x4A, 0xB0, 0x82,
    0x73, 0xA3, 0xFA, 0xD2, 0x7A, 0x33, 0x36, 0x54, 0xCF, 0x63, 0x79, 0x4D, 0x67, 0xDE, 0xA4, 0xAD,
    0x26, 0x0B, 0x3D, 0xEF, 0x6A, 0xC6, 0x39, 0x8F, 0x27, 0xBF, 0xC8, 0x7C, 0xB6, 0xA7, 0x3F, 0xD6,
    0xF7, 0x42, 0xA1, 0x5D, 0xA3, 0x0F, 0xF5, 0x20, 0x78, 0xED, 0xE1, 0x70, 0x36, 0x53, 0x95, 0x5A,
    0x9A, 0x4C, 0xF9, 0xB7, 0x1D, 0xAD, 0x4E, 0x1E, 0xF4, 0xB4, 0xD9, 0xED, 0xD9, 0xEA, 0x2B, 0x72,
    0x88, 0x49, 0x2E, 0xB8, 0xD1, 0xFC, 0xCE, 0xB0, 0xA1, 0x08, 0x5C, 0x85, 0xB7, 0xEF, 0xDB, 0x21,
    0xC2, 0x95, 0xBB, 0x33, 0xC3, 0xD2, 0xB1, 0x23, 0xED, 0x2E, 0x16, 0xF0, 0x5D, 0xD5, 0x06, 0x7F,
    0x4B, 0xFF, 0xAB, 0xBA, 0xAF, 0x01, 0xD9, 0xA4, 0x3A, 0xDB, 0xBB, 0x9F, 0x19, 0x77, 0xC7, 0x38,
    0x90, 0x59, 0x40, 0x89, 0x04, 0x70, 0x04, 0x52, 0xD8, 0x36, 0xC9, 0x4E, 0xF9, 0x0F, 0xF0, 0xFA,
    0x9E, 0xD1, 0x85, 0x5A, 0x2A, 0xA0, 0x2D, 0xDA, 0x42, 0x03, 0x58, 0x20, 0x94, 0xD2, 0x40, 0x37,
    0x40, 0x21, 0x69, 0x59, 0x9D, 0xA9, 0x02, 0x02, 0x02, 0x6E, 0xF8, 0x2B, 0xB4, 0x40, 0x85, 0x08,
    0xA4, 0x86, 0xD6, 0x52, 0x0A, 0xDD, 0x94, 0x77, 0x77, 0x46, 0x17, 0x08, 0x45, 0xC0, 0x09, 0x02,
    0x85, 0x06, 0xEA, 0x18, 0x63, 0xBF, 0x7C, 0x11, 0xD8, 0xB3, 0x3A, 0xEA, 0xEC, 0xEE, 0xCC, 0xDC,
    0xDF, 0x73, 0x5D, 0xF7, 0xF3, 0x1C, 0x9E, 0xC7, 0xDD, 0xF8, 0xFF, 0x97, 0xF3, 0xF9, 0x5E, 0xF7,
    0xE3, 0xE7, 0x9B, 0x7D, 0xCE, 0x9C, 0xB9, 0xCF, 0x7D, 0xAE, 0xFB, 0xEF, 0xAC, 0x34, 0xBF, 0x59,
    0xDC, 0xD3, 0xDA, 0xEB, 0x33, 0x8B, 0x7B, 0x74, 0xFB, 0x4C, 0x93, 0x89, 0x91, 0x0F, 0x16, 0x7B,
    0x1E, 0x38, 0x59, 0x4B, 0xAD, 0x70, 0xE6, 0x33, 0x4D, 0xAC, 0x09, 0x25, 0x67, 0x16, 0x7D, 0xA0,
    0x85, 0x70, 0x97, 0x81, 0xC7, 0x55, 0xCF, 0x59, 0xF0, 0x1D, 0x27, 0xA2, 0x3E, 0xFA, 0xCE, 0x8C,
    0x55, 0x2E, 0x5E, 0x5F, 0xB0, 0x90, 0xAE, 0x53, 0x61, 0xD4, 0x55, 0xB1, 0x52, 0x14, 0x08, 0x19,
    0x37, 0x25, 0x9D, 0xA8, 0x06, 0xD9, 0x7D, 0x2D, 0xAB, 0x16, 0x74, 0xBD, 0x77, 0x63, 0xD5, 0x17,
    0x0A, 0x63, 0x1E, 0x71, 0x2A, 0x56, 0x34, 0xB6, 0xD2, 0x47, 0x7E, 0xC8, 0xFC, 0x0B, 0xA6, 0xE3,
    0x5A, 0xCC, 0xA6, 0xB8, 0x42, 0x75, 0xB9, 0x0E, 0x0E, 0xCF, 0x6F, 0xC5, 0xB3, 0xC3, 0x0D, 0x98,
    0xAA, 0x5A, 0x9A, 0xA7, 0x26, 0xD7, 0xAE, 0x34, 0x5D, 0x63, 0xBC, 0xA4, 0xA3, 0xEB, 0xD2, 0x29,
    0x1B, 0x8B, 0xBE, 0x1A, 0x9A, 0x05, 0x21, 0x2A, 0x55, 0xA4, 0xCF, 0x74, 0xC4, 0x57, 0x68, 0x0B,
    0x05, 0x89, 0xF9, 0x89, 0x2B, 0x0D, 0x5F, 0xC2, 0x54, 0x44, 0xC1, 0x76, 0xA9, 0x23, 0x55, 0x8B,
    0x4C, 0x98, 0xE5, 0x0E, 0xD2, 0x6E, 0xC3, 0xBF, 0x7C, 0x51, 0x9A, 0x9A, 0xA4, 0xE3, 0x63, 0x62,
    0x5C, 0x2C, 0x9E, 0x87, 0xAD, 0x89, 0x60, 0x81, 0x96, 0x53, 0x8E, 0xD6, 0x54, 0x65, 0xD0, 0xC2,
    0x38, 0x9A, 0x7B, 0x51, 0x33, 0x4F, 0x1D, 0xD1, 0x27, 0x16, 0xFB, 0xB4, 0x52, 0x78, 0x51, 0x54,
    0x97, 0x25, 0x9E, 0x52, 0x7E, 0x82, 0x71, 0x4F, 0x46, 0x2A, 0xCC, 0x80, 0x50, 0x89, 0x15, 0xE9,
    0x64, 0x30, 0xFC, 0x50, 0x99, 0xB6, 0x59, 0x4E, 0x6B, 0xBD, 0xD6, 0x99, 0x65, 0xA5, 0x70, 0x49,
    0xDD, 0xC2, 0x6F, 0xAE, 0x2B, 0x15, 0x07, 0x99, 0x2C, 0x52, 0xBC, 0xFB, 0x48, 0x83, 0x47, 0xC9,
    0x86, 0xD5, 0x88, 0x07, 0x49, 0xD0, 0x1F, 0x81, 0xB5, 0x5D, 0xF2, 0x92, 0x0F, 0xA1, 0x17, 0xCC,
    0x66, 0xD8, 0xC6, 0x32, 0xFD, 0x86, 0x8F, 0x50, 0xBD, 0x6C, 0x07, 0x69, 0x73, 0xC9, 0xBC, 0x6E,
    0x7D, 0x72, 0xC2, 0xAB, 0xEB, 0xF4, 0xF4, 0x84, 0x94, 0x41, 0xAB, 0xA7, 0x67, 0x69, 0x5E, 0xD6,
    0x54, 0x5F, 0xD7, 0x5A, 0x9F, 0x19, 0x33, 0xB8, 0xB2, 0xB2, 0xEA, 0x93, 0x5E, 0x64, 0xC2, 0x5E,
    0x79, 0x1C, 0xD5, 0x6C, 0xF8, 0x10, 0xE9, 0xC2, 0x05, 0xE9, 0x70, 0x02, 0x78, 0xC1, 0xA3, 0x88,
    0xE2, 0xAB, 0x0F, 0xB9, 0x74, 0x5C, 0x35, 0x2C, 0x0E, 0xA9, 0x2F, 0xF3, 0x4B, 0x99, 0xFE, 0x81,
    0xFE, 0x52, 0x68, 0x6C, 0x08, 0x4C, 0xCE, 0x80, 0x3E, 0xB6, 0x96, 0x56, 0xFD, 0xFB, 0x63, 0x1D,
    0x50, 0xCA, 0x5C, 0x6E, 0x72, 0x5E, 0xB4, 0x58, 0x4C, 0x3A, 0xFD, 0x3D, 0x6C, 0x03, 0xD5, 0x09,
    0x79, 0x32, 0x1A, 0xB5, 0x87, 0x50, 0xD9, 0x75, 0x0C, 0x49, 0xED, 0xAA, 0x96, 0xF8, 0x6D, 0x92,
    0x6D, 0xB2, 0x1A, 0xA4, 0x53, 0x19, 0x18, 0x8C, 0x15, 0xA5, 0xBA, 0x78, 0xE9, 0x00, 0x26, 0x0C,
    0x99, 0xB0, 0x73, 0x5A, 0x6F, 0x59, 0x32, 0xA7, 0x9C, 0x86, 0xAA, 0xF8, 0x74, 0xDC, 0x3C, 0xC1,
    0xB7, 0xB1, 0x3D, 0xF9, 0xA4, 0x6F, 0x72, 0x1A, 0x00, 0xB8, 0x51, 0xEE, 0x3E, 0xB5, 0xBC, 0xDB,
    0x7A, 0x1A, 0xA7, 0x3B, 0x3C, 0x91, 0x48, 0x35, 0x17, 0x3A, 0xB9, 0xA5, 0x99, 0x1C, 0x04, 0x9C,
    0xB3, 0xB2, 0xEA, 0x78, 0xE0, 0x34, 0x2D, 0xDC, 0x34, 0x68, 0x39, 0xC2, 0x98, 0xA0, 0x11, 0xA8,
    0x15, 0x14, 0xB8, 0xD4, 0x11, 0x04, 0x29, 0x4F, 0xD1, 0x43, 0x01, 0x20, 0x8C, 0xF6, 0xE0, 0xFF,
    0x24, 0x9B, 0x8B, 0x2B, 0x4D, 0xCB, 0x2D, 0xB3, 0x08, 0xA6, 0x83, 0xE4, 0x20, 0xB9, 0x3E, 0x46,
    0x65, 0xA2, 0x31, 0xA1, 0x14, 0xDF, 0xE5, 0x01, 0x63, 0x67, 0x7D, 0x18, 0x23, 0x00, 0x8F, 0x18,
    0x05, 0xA6, 0x69, 0xD0, 0x4B, 0xD1, 0xA7, 0x6F, 0xF4, 0x3A, 0x66, 0xBF, 0x9B, 0x5E, 0x98, 0xB2,
    0x97, 0x11, 0x8D, 0x6E, 0x97, 0x6C, 0x2C, 0xDA, 0xC3, 0x6C, 0x74, 0xF5, 0xA9, 0xDC, 0xBB, 0xF2,
    0x54, 0xB1, 0x86, 0xEF, 0x3B, 0xDF, 0xA0, 0xC8, 0x4A, 0x0D, 0x7E, 0xE6, 0xFA, 0x45, 0xBC, 0xBB,
    0x32, 0x27, 0x5D, 0xA1, 0x4B, 0x53, 0x66, 0x56, 0x45, 0xC6, 0x85, 0x0F, 0x0B, 0x98, 0x0D, 0x00,
    0xBF, 0x55, 0x86, 0x62, 0xAB, 0x11, 0xBB, 0x05, 0x4D, 0x6F, 0xB2, 0xE0, 0x21, 0x47, 0x36, 0x87,
    0x01, 0xA1, 0x74, 0xCA, 0xFD, 0x1A, 0x1C, 0xA1, 0x5B, 0x43, 0xA3, 0xAA, 0x06, 0x48, 0xB3, 0x13,
    0x86, 0x35, 0x14, 0xA1, 0xA0, 0xA9, 0x69, 0x5D, 0x7B, 0xF3, 0x82, 0xA6, 0xFD, 0x48, 0xF7, 0x84,
    0xAC, 0xD7, 0x4A, 0x33, 0xBF, 0xD2, 0xE2, 0xDD, 0x7F, 0xAC, 0xD8, 0x49, 0xEE, 0xCD, 0x7F, 0xB2,
    0xB8, 0x2E, 0x9E, 0x5D, 0x97, 0x4C, 0x8E, 0x8C, 0xA3, 0xE8, 0xB3, 0xAB, 0x21, 0xD2, 0xCD, 0x0C,
    0xE9, 0x29, 0xBA, 0xEB, 0x28, 0xF8, 0xF4, 0xB1, 0x76, 0x88, 0xCE, 0xB1, 0x28, 0x23, 0x7B, 0xA6,
    0x5C, 0x63, 0xCE, 0x9A, 0xA2, 0x43, 0xE2, 0x01, 0xD5, 0xFA, 0x3C, 0xA9, 0x80, 0x07, 0xBE, 0xD4,
    0x03, 0x2F, 0x51, 0xBF, 0x5F, 0x26, 0xBE, 0xC2, 0x97, 0x76, 0x19, 0xE8, 0x66, 0xE2, 0x44, 0x1C,
    0x88, 0x5E, 0xCC, 0x1F, 0xB0, 0x41, 0xFF, 0x23, 0xEB, 0xB2, 0x05, 0x07, 0xBD, 0x8A, 0xFA, 0x9F,
    0xAE, 0xA1, 0x8F, 0x34, 0xFE, 0x7D, 0xBD, 0xD2, 0xB8, 0x85, 0x99, 0x2E, 0xD7, 0xF0, 0x20, 0xBE,
    0xE3, 0xBF, 0x00, 0x8E, 0xF0, 0x0D, 0x03, 0xC0, 0xB3, 0xAE, 0x07, 0xD0, 0x6E, 0x39, 0xF0, 0xED,
    0x64, 0x1C, 0xF7, 0x22, 0x4B, 0x9F, 0xBF, 0xCA, 0x17, 0xE4, 0x17, 0xD6, 0x03, 0x50, 0xA5, 0x8F,
    0xB2, 0x16, 0xBF, 0xB3, 0x2A, 0xC5, 0x46, 0xA5, 0x83, 0xE4, 0x3D, 0x5C, 0xFA, 0x6A, 0x48, 0x71,
    0xB0, 0x81, 0x23, 0xC5, 0xFE, 0x59, 0x84, 0x25, 0x5B, 0x96, 0x9C, 0x94, 0xC0, 0x42, 0x80, 0xF7,
    0x90, 0x53, 0x1E, 0x11, 0x3D, 0xD6, 0xE0, 0x3E, 0x3E, 0xF7, 0x93, 0x2D, 0xF0, 0xE9, 0x1A, 0xF8,
    0x8C, 0x00, 0xFF, 0x2B, 0xB0, 0x99, 0x88, 0x23, 0xB0, 0xF2, 0xC4, 0xDE, 0x34, 0x9A, 0x58, 0x03,
    0x1F, 0x41, 0xDD, 0xAA, 0xE6, 0x30, 0xA9, 0x4F, 0xE1, 0xB0, 0x7A, 0x69, 0x82, 0xBA, 0x3E, 0x86,
    0xBD, 0x0E, 0xD2, 0x64, 0x2D, 0x2A, 0xAB, 0xA9, 0x99, 0x24, 0x5D, 0xB2, 0x49, 0xF2, 0x39, 0x99,
    0xE4, 0x10, 0xA7, 0xD8, 0x11, 0xBA, 0x5B, 0x06, 0x89, 0x71, 0x90, 0x45, 0x4A, 0x0E, 0x96, 0xC2,
    0x1C, 0xB0, 0xE8, 0xE9, 0x14, 0xE0, 0x2C, 0x60, 0xE4, 0x22, 0x01, 0xFA, 0xED, 0x22, 0x9D, 0x90,
    0xFD, 0xD1, 0x2C, 0x26, 0x25, 0xD9, 0xD6, 0xD3, 0x98, 0x0F, 0xC2, 0xA1, 0x2D, 0x8D, 0x04, 0x9F,
    0xD8, 0xEA, 0x1F, 0x20, 0x62, 0xCD, 0x26, 0xD6, 0x7F, 0xC1, 0x09, 0xB5, 0x8C, 0x25, 0x26, 0xB1,
    0xD0, 0x5F, 0x90, 0x58, 0xB1, 0x60, 0xE8, 0x21, 0xA1, 0x4F, 0x9A, 0x97, 0xFC, 0xB4, 0xC2, 0x22,
    0xF2, 0x93, 0x68, 0xE9, 0xF0, 0x29, 0xC1, 0xEF, 0xDF, 0x83, 0x6D, 0xC2, 0xFA, 0x8F, 0x23, 0x7C,
    0xCA, 0xF0, 0xC9, 0x8B, 0x65, 0xDD, 0xAB, 0x4B, 0xFD, 0x36, 0xDC, 0xF0, 0x1B, 0x56, 0xE5, 0x60,
    0x1F, 0x5C, 0x2E, 0x37, 0xCC, 0xB6, 0x20, 0x13, 0xE2, 0xA9, 0x39, 0xF1, 0x45, 0xD6, 0x9B, 0x1D,
    0xB8, 0x7A, 0x08, 0x7B, 0xB1, 0x13, 0x0E, 0x73, 0x91, 0x6C, 0x54, 0x3B, 0xEA, 0xB6, 0x19, 0xB9,
    0x37, 0x69, 0x1B, 0xC9, 0x3E, 0x85, 0xBE, 0x8C, 0xA6, 0x8F, 0x06, 0x14, 0x78, 0xA9, 0x47, 0x98,
    0x1A, 0x05, 0xCA, 0x89, 0x45, 0x08, 0x07, 0x99, 0xEC, 0xB3, 0x4C, 0xC8, 0x1E, 0x65, 0x93, 0x8C,
    0x70, 0x10, 0xD2, 0x49, 0x86, 0xA6, 0xC5, 0x29, 0x17, 0x79, 0x6D, 0x53, 0xC4, 0x13, 0x3A, 0x6D,
    0x61, 0xF1, 0xD2, 0x56, 0x69, 0x17, 0x33, 0x41, 0xDC, 0x30, 0xD2, 0x43, 0x69, 0x58, 0x9B, 0x78,
    0x24, 0xAE, 0xD3, 0x56, 0x90, 0xE7, 0x87, 0xD1, 0xA3, 0x05, 0x1E, 0x8C, 0xF1, 0xDD, 0xB1, 0x33,
    0xE1, 0xC9, 0x44, 0x3C, 0x98, 0xCC, 0xFA, 0xDD, 0x96, 0x91, 0x4C, 0x27, 0x9B, 0x30, 0xD9, 0x0B,
    0x0A, 0xAF, 0x25, 0x74, 0xBD, 0x14, 0x3A, 0x6C, 0xCB, 0x96, 0xF2, 0xF7, 0x66, 0x74, 0xF9, 0xB4,
    0x0F, 0xB9, 0x5E, 0xD8, 0x4C, 0x63, 0x45, 0x25, 0x78, 0xBD, 0xF9, 0x98, 0x11, 0xF3, 0x11, 0x48,
    0x9A, 0x38, 0xB8, 0x80, 0x6E, 0x87, 0x82, 0x57, 0x1D, 0x10, 0xB1, 0x5E, 0x31, 0x4F, 0x91, 0xC1,
    0x6E, 0xBC, 0xBF, 0x74, 0x5E, 0x0A, 0x4F, 0xE3, 0x5D, 0xD3, 0x61, 0x31, 0x95, 0xC1, 0x38, 0x4F,
    0xE4, 0xAE, 0xBC, 0xC8, 0x69, 0x76, 0x96, 0xC5, 0x8A, 0xB4, 0x41, 0xAC, 0x82, 0x67, 0x84, 0x6C,
    0x5A, 0x8E, 0xDC, 0xB6, 0x74, 0xA2, 0x56, 0x83, 0x95, 0x22, 0x9C, 0x48, 0x98, 0xCD, 0x13, 0x71,
    0xFF, 0x17, 0x75, 0x1A, 0x24, 0x3A, 0x3A, 0x73, 0x1F, 0xD1, 0xD7, 0xDF, 0x5D, 0x11, 0x89, 0x37,
    0x67, 0x07, 0x22, 0x8B, 0x90, 0x45, 0x64, 0xF2, 0xCE, 0x82, 0x81, 0x2A, 0x1A, 0x0A, 0x8E, 0xCC,
    0x84, 0x7C, 0x7F, 0x23, 0xFB, 0xFD, 0x9D, 0x31, 0x89, 0x5B, 0x68, 0xBD, 0x69, 0xEE, 0x5D, 0xDF,
    0x9C, 0x9E, 0x32, 0xCE, 0xF5, 0xFE, 0x01, 0xA1, 0x4A, 0x34, 0xC2, 0x21, 0xAF, 0x28, 0x3F, 0x90,
    0x67, 0x63, 0xBC, 0x7D, 0xEE, 0x8E, 0x6C, 0x34, 0x59, 0x0C, 0x56, 0x2E, 0x64, 0xC6, 0x2E, 0xDD,
    0xCA, 0xD9, 0x24, 0xE2, 0xCB, 0xBB, 0xB2, 0x18, 0x29, 0xB9, 0xCE, 0x78, 0x9C, 0xA6, 0xC7, 0x1E,
    0x10, 0xE8, 0xCB, 0x20, 0x4D, 0x1D, 0x23, 0xE3, 0x96, 0x20, 0x30, 0x8E, 0xD7, 0xF9, 0x06, 0x29,
    0x7C, 0xA3, 0xD2, 0x30, 0x9E, 0xC1, 0x2A, 0x40, 0x8C, 0xBF, 0xB3, 0xAB, 0xC1, 0x89, 0x15, 0x25,
    0x66, 0xFF, 0x9E, 0xCF, 0xFE, 0xCD, 0xF4, 0x51, 0x5B, 0x0A, 0xA2, 0x05, 0x0F, 0x42, 0x47, 0xD2,
    0x59, 0xB9, 0x61, 0xE4, 0xCB, 0x26, 0xBE, 0xFE, 0xEF, 0x10, 0x1D, 0x9D, 0x8A, 0x4B, 0x0C, 0xFA,
    0x66, 0x97, 0x86, 0x1C, 0xF9, 0x8B, 0x95, 0x47, 0x52, 0x8B, 0x47, 0x1E, 0x6D, 0x4A, 0x6E, 0x21,
    0x37, 0x24, 0x00, 0xF8, 0x0C, 0x26, 0x7A, 0x0A, 0x54, 0x67, 0xAC, 0x2C, 0xEB, 0x10, 0x77, 0x91,
    0x32, 0x1F, 0xC8, 0xAC, 0xFD, 0x62, 0x55, 0x2E, 0x43, 0xA1, 0x50, 0x77, 0x3C, 0x86, 0xBD, 0xB2,
    0xDE, 0x44, 0x8B, 0xF7, 0x1A, 0x47, 0x36, 0xD1, 0xAF, 0x75, 0x48, 0x43, 0x56, 0xCF, 0x3F, 0xFF,
    0x4B, 0x52, 0x78, 0xD4, 0x88, 0xB7, 0xFD, 0xDF, 0x95, 0x9D, 0xF1, 0xC5, 0x07, 0x3C, 0xB8, 0xB9,
    0x48, 0xEE, 0x38, 0x83, 0x1C, 0xE7, 0x58, 0xD5, 0xD2, 0x21, 0x41, 0x81, 0x85, 0x44, 0x7D, 0x3A,
    0x53, 0xD3, 0xF6, 0x8A, 0xB7, 0x9C, 0xFF, 0x50, 0x20, 0xAF, 0xE5, 0xE9, 0xA9, 0x3F, 0xAF, 0x37,
    0xE5, 0x8C, 0x05, 0x20, 0x54, 0x17, 0xEF, 0xA4, 0x9C, 0x09, 0x2F, 0x30, 0x29, 0xAD, 0xDE, 0xA8,
    0x48, 0xA5, 0x3E, 0x9A, 0xB3, 0x21, 0x19, 0xD3, 0x21, 0xF3, 0x89, 0x77, 0x7D, 0x54, 0xBB, 0xD0,
    0x02, 0xBA, 0xFF, 0xC3, 0x3A, 0xD1, 0xE1, 0x84, 0xE4, 0x8A, 0xD3, 0xE1, 0xE6, 0x91, 0xE0, 0x90,
    0xAB, 0xE6, 0x88, 0x7A, 0xA6, 0xBD, 0x7E, 0x90, 0xB5, 0xD2, 0xFC, 0xA7, 0x12, 0xBA, 0x6A, 0x19,
    0x53, 0x2C, 0xC1, 0x3B, 0xD3, 0x89, 0xB8, 0x3B, 0x7B, 0x98, 0xE1, 0xA8, 0x30, 0x7E, 0x6D, 0xFF,
    0xDB, 0x41, 0xA2, 0x2B, 0xB3, 0xC4, 0xDD, 0x49, 0xBA, 0x83, 0x89, 0xEC, 0x8C, 0xA3, 0x4A, 0x27,
    0xD5, 0x71, 0x92, 0x6D, 0xAE, 0xA3, 0x18, 0x0B, 0x34, 0x15, 0x5E, 0x6C, 0xCE, 0x21, 0xDD, 0xF2,
    0xB7, 0x2F, 0x8E, 0xFE, 0xE0, 0x96, 0x6F, 0x8B, 0x2B, 0x73, 0xB9, 0x0B, 0xD4, 0x72, 0x7B, 0x3E,
    0xB0, 0x5D, 0xE9, 0x42, 0xAE, 0xE5, 0x08, 0x4B, 0x1D, 0x46, 0xB0, 0x7C, 0xE6, 0xA0, 0x73, 0x64,
    0xAB, 0xDE, 0x3E, 0x7C, 0xC3, 0xE2, 0xEB, 0x61, 0x30, 0x76, 0x97, 0x0C, 0x9C, 0x20, 0xCF, 0xB4,
    0xE8, 0xCD, 0x23, 0xA4, 0x51, 0x1F, 0x95, 0xA8, 0xFD, 0x9E, 0x88, 0xFC, 0x24, 0x2E, 0xE5, 0x93,
    0x8C, 0xB4, 0xDF, 0x88, 0x6A, 0x13, 0xCF, 0x99, 0xAE, 0xFE, 0x2B, 0x7E, 0xF8, 0xF5, 0x99, 0xDE,
    0xAC, 0x5D, 0x9F, 0xCA, 0x27, 0x1A, 0x0C, 0x45, 0x45, 0xCF, 0x42, 0xF5, 0x2D, 0xDF, 0xB1, 0xBA,
    0xC6, 0x16, 0xA4, 0x17, 0x36, 0x33, 0xFC, 0xD7, 0xC9, 0xFE, 0x0C, 0x6F, 0x27, 0xB2, 0x75, 0x99,
    0x92, 0x16, 0x9F, 0xE3, 0x9B, 0x5B, 0xFB, 0x7A, 0x0B, 0x3C, 0x19, 0x8E, 0x15, 0x60, 0xD7, 0x12,
    0x83, 0x69, 0xED, 0xA5, 0x3C, 0x99, 0x47, 0x30, 0x13, 0x7F, 0x64, 0xBF, 0x59, 0xE2, 0x3C, 0xBC,
    0x93, 0xA5, 0xBD, 0x0F, 0xF3, 0x9C, 0x8B, 0x7B, 0xD3, 0x6C, 0x3B, 0x20, 0x69, 0x89, 0xC6, 0x6D,
    0xEA, 0xB4, 0x97, 0x8F, 0x3D, 0xFE, 0x8D, 0x89, 0x1F, 0x48, 0xB5, 0x1F, 0x0A, 0x03, 0x81, 0xB5,
    0xAF, 0x5E, 0x5D, 0x90, 0x4F, 0x3E, 0x6E, 0xDB, 0x1E, 0x82, 0x45, 0x70, 0xC8, 0x6A, 0xE6, 0x7D,
    0xF0, 0x04, 0x3C, 0xEB, 0x1D, 0x9F, 0xE0, 0x3B, 0xF0, 0xB7, 0x56, 0x7E, 0xDB, 0x16, 0xD8, 0xEF,
    0x5B, 0xE6, 0xF3, 0x1B, 0x19, 0xF4, 0x2F, 0xE8, 0xD1, 0x09, 0xB9, 0xD5, 0x3A, 0xE7, 0x0F, 0x4C,
    0x0C, 0x10, 0xCB, 0x0F, 0x3B, 0x63, 0x35, 0xA1, 0xB6, 0xD0, 0x06, 0xCF, 0x66, 0x38, 0x4C, 0x8D,
    0x8E, 0x38, 0xA5, 0x11, 0xBF, 0x63, 0x18, 0x91, 0x33, 0xE3, 0x39, 0x6E, 0xAD, 0xC4, 0x13, 0x45,
    0x03, 0x31, 0xC2, 0x47, 0x80, 0x59, 0x79, 0x6D, 0x84, 0x89, 0x2F, 0x90, 0x93, 0x77, 0xFE, 0x88,
    0x39, 0x9B, 0xDF, 0x1B, 0x39, 0x78, 0xAB, 0x85, 0x68, 0x60, 0xDC, 0x79, 0x6C, 0xB2, 0x31, 0xC7,
    0x6F, 0x77, 0xBB, 0xB6, 0x74, 0x76, 0xB5, 0xB6, 0x40, 0x61, 0x8D, 0x30, 0x61, 0xA1, 0x7F, 0xC2,
    0x1C, 0x1A, 0xD5, 0x9D, 0xB7, 0x1D, 0x9E, 0x77, 0x22, 0x46, 0x9E, 0x22, 0x86, 0xD8, 0x65, 0x74,
    0x72, 0xAC, 0x96, 0x73, 0xA8, 0x4C, 0xEA, 0xD7, 0x90, 0xD6, 0x92, 0x5F, 0xE3, 0x29, 0x3D, 0xB0,
    0x01, 0xCC, 0x86, 0x83, 0x09, 0xAC, 0x14, 0xB5, 0xC5, 0xC8, 0xCA, 0xB2, 0xAC, 0x8E, 0x5C, 0x83,
    0xDC, 0x31, 0x1B, 0x01, 0x03, 0x2A, 0x56, 0x3C, 0x0B, 0x3F, 0xD3, 0x6D, 0x73, 0x45, 0xEF, 0x00,
    0x38, 0xF8, 0xAF, 0xBF, 0x36, 0xFD, 0x33, 0xA7, 0x0F, 0xA8, 0xCF, 0xE7, 0x58, 0xFB, 0x55, 0x29,
    0xDF, 0x62, 0x85, 0x08, 0x20, 0x2F, 0xB7, 0x0E, 0xF2, 0x05, 0x9B, 0x6C, 0x18, 0x37, 0x18, 0xC5,
    0x1F, 0xA3, 0x4A, 0x47, 0x55, 0x71, 0xF0, 0xFF, 0xB9, 0x56, 0x07, 0xEB, 0x79, 0xD4, 0x16, 0x5F,
    0xCC, 0x52, 0x9F, 0x01, 0xC1, 0xD7, 0x51, 0x9A, 0x76, 0x0D, 0x4A, 0xA8, 0x0B, 0xF4, 0x41, 0xB3,
    0x1A, 0x50, 0xBB, 0x33, 0x8A, 0x50, 0x09, 0x83, 0x77, 0x6A, 0x86, 0x2F, 0x52, 0xD3, 0x2C, 0xAC,
    0xE6, 0x0B, 0xCB, 0xF3, 0xF4, 0x4B, 0xD3, 0xDD, 0x14, 0x9B, 0x6A, 0x57, 0x20, 0xFA, 0xED, 0x2D,
    0xAD, 0x6D, 0x3F, 0x48, 0x66, 0xE7, 0x23, 0x0E, 0x5C, 0x16, 0xA1, 0x82, 0x43, 0x54, 0x6C, 0x37,
    0xB0, 0x3F, 0x3B, 0x59, 0xD2, 0x05, 0x18, 0x63, 0xF2, 0xAC, 0x82, 0x67, 0xF7, 0xA5, 0x21, 0x97,
    0xB0, 0x5C, 0x93, 0x4A, 0x44, 0x52, 0x8B, 0xB7, 0x5F, 0x65, 0x8D, 0xEA, 0x26, 0xF8, 0xE6, 0x81,
    0xFC, 0x73, 0xBA, 0xEF, 0x71, 0x3F, 0x22, 0x93, 0xA4, 0xED, 0x37, 0x80, 0x75, 0xA8, 0x50, 0x89,
    0x88, 0x67, 0xF4, 0x8F, 0x42, 0x3A, 0x48, 0xC2, 0xF2, 0x04, 0xF2, 0x4A, 0xCF, 0x40, 0x63, 0x1E,
    0x6F, 0x7A, 0xD1, 0xFF, 0x86, 0x33, 0xBD, 0x2B, 0x3C, 0x49, 0x33, 0x8F, 0xF1, 0x48, 0x2D, 0x3A,
    0x6F, 0x45, 0xE4, 0x16, 0x93, 0x4F, 0xA7, 0xBB, 0xF1, 0x5A, 0xFF, 0x2D, 0x3B, 0x2D, 0x50, 0x3D,
    0xD2, 0x6C, 0xF8, 0x61, 0xE1, 0xFF, 0x11, 0x8B, 0x74, 0xB7, 0xC5, 0xC4, 0xC1, 0x4D, 0x6C, 0xAE,
    0x61, 0x2A, 0xCB, 0xD6, 0xFA, 0x03, 0x46, 0xCC, 0x6B, 0x5C, 0x7B, 0xC1, 0xA0, 0x06, 0xAA, 0x84,
    0xFE, 0xA6, 0x45, 0xCF, 0x9F, 0xBD, 0x91, 0x54, 0xCA, 0xCD, 0x09, 0x86, 0x3C, 0x5F, 0x27, 0xAB,
    0xA6, 0x65, 0xE1, 0x91, 0x05, 0xB7, 0x77, 0xF2, 0x9E, 0xDB, 0x53, 0xAF, 0x0C, 0xEF, 0x18, 0x3F,
    0xBF, 0x58, 0x40, 0x49, 0xE8, 0x17, 0xCA, 0xF1, 0xFA, 0x13, 0x5E, 0x85, 0x11, 0x93, 0x37, 0x03,
    0xA4, 0xF9, 0x24, 0x73, 0xFE, 0x33, 0x59, 0xF2, 0xEC, 0xAD, 0x91, 0xA9, 0xC9, 0x64, 0xFC, 0xA7,
    0xA5, 0xE5, 0xE0, 0xED, 0x75, 0x37, 0xDD, 0x05, 0x71, 0xBA, 0x53, 0x6A, 0x51, 0x29, 0xAB, 0x5C,
    0x89, 0xA8, 0xD1, 0x2E, 0x61, 0x71, 0x0A, 0x2A, 0x69, 0xC1, 0x0D, 0x71, 0x17, 0xD1, 0x56, 0x9B,
    0x1B, 0x03, 0x58, 0xBC, 0x77, 0xCE, 0xE2, 0x8F, 0x35, 0xCB, 0xDB, 0xC9, 0x0A, 0xAC, 0xB4, 0x3D,
    0x59, 0x80, 0xD0, 0x4C, 0x35, 0xAC, 0x63, 0x85, 0x5E, 0x81, 0xED, 0x00, 0xA1, 0x57, 0xB1, 0x42,
    0xAF, 0x2C, 0xE3, 0x81, 0x7C, 0xC5, 0xDD, 0xF8, 0x86, 0x15, 0xDB, 0x61, 0xE3, 0x11, 0xAE, 0x78,
    0x4C, 0x45, 0x8E, 0xF4, 0xF2, 0x4C, 0x15, 0xEC, 0xA1, 0x02, 0x0F, 0xDB, 0x17, 0x0E, 0x95, 0xA2,
    0x44, 0x3B, 0x02, 0x69, 0xF3, 0xE9, 0xB4, 0xEA, 0x43, 0xC2, 0x5A, 0x17, 0xDB, 0x4D, 0xDE, 0x79,
    0xAB, 0x3F, 0x40, 0x8D, 0x57, 0x36, 0x35, 0x2D, 0x7F, 0x46, 0x6B, 0x88, 0xB0, 0x74, 0xF6, 0xA1,
    0xB8, 0xEE, 0x22, 0xF8, 0x5A, 0xC4, 0x40, 0x3E, 0x2B, 0x92, 0xBF, 0xA6, 0x6D, 0xB4, 0x7E, 0xD3,
    0x46, 0xEB, 0xAD, 0x8D, 0xF6, 0xD1, 0x7E, 0x97, 0x4C, 0x50, 0x4B, 0x4D, 0xB6, 0xFB, 0x32, 0xAA,
    0xBF, 0x9C, 0x9A, 0xE1, 0x61, 0x53, 0x33, 0xEC, 0x37, 0x35, 0xC3, 0x9D, 0xD5, 0x0C, 0xFF, 0xF3,
    0x76, 0x33, 0xCD, 0x8D, 0xCC, 0xEA, 0xC0, 0xA9, 0xF6, 0xBC, 0xBC, 0x26, 0x1C, 0x9D, 0x9F, 0x7F,
    0x7B, 0xF0, 0x0B, 0x88, 0x9F, 0xE3, 0xA7, 0xB5, 0x9F, 0xA2, 0x65, 0xD3, 0xFE, 0xF1, 0xE7, 0x3E,
    0x63, 0x3D, 0xF3, 0xAF, 0x8D, 0x05, 0x88, 0xE3, 0x0F, 0x9F, 0xC1, 0x21, 0x52, 0xF7, 0x55, 0x5C,
    0x63, 0xD1, 0xB2, 0xC9, 0xAE, 0x0D, 0x65, 0x92, 0x20, 0x30, 0x01, 0xB3, 0x92, 0x68, 0x54, 0x07,
    0xE5, 0x02, 0x27, 0xC1, 0x62, 0x97, 0x6D, 0x96, 0x3B, 0x9B, 0xCD, 0xC5, 0xCD, 0xE6, 0x45, 0x58,
    0x34, 0xC0, 0xD5, 0xB5, 0xC0, 0x84, 0x43, 0x86, 0x05, 0x85, 0x03, 0x82, 0x9E, 0xB7, 0xB2, 0xEA,
    0xF4, 0x35, 0x24, 0x55, 0x66, 0xD8, 0xFB, 0x09, 0xE5, 0x09, 0x8C, 0x64, 0xF8, 0x1B, 0x63, 0xB9,
    0x79, 0x67, 0xF4, 0x8E, 0xF1, 0xCA, 0xAA, 0xB5, 0x34, 0x48, 0xC7, 0x3E, 0xB1, 0xCB, 0x6B, 0x31,
    0x4B, 0x1E, 0xD7, 0x88, 0x6E, 0x1F, 0x30, 0xD2, 0xDD, 0x9F, 0xA7, 0x05, 0xF8, 0xAD, 0x87, 0xB8,
    0x76, 0xA9, 0x85, 0x78, 0xFF, 0x15, 0x4C, 0x3B, 0x7F, 0xDF, 0xA2, 0x24, 0x38, 0xFE, 0xEC, 0x0C,
    0x86, 0x78, 0xCB, 0x0C, 0xFB, 0x6B, 0x05, 0x44, 0xF5, 0x0A, 0x4D, 0x7F, 0xF3, 0xFF, 0x68, 0x9E,
    0xB4, 0xE6, 0x31, 0xAE, 0x25, 0xCC, 0x8A, 0xD9, 0x1B, 0x29, 0xF4, 0x0F, 0x2B, 0xED, 0xB9, 0xC3,
    0x2B, 0x9C, 0x3C, 0x65, 0x34, 0x3A, 0x95, 0x8C, 0x3E, 0xE9, 0x1A, 0xEE, 0x1E, 0x0F, 0xE2, 0xE5,
    0xBF, 0xFB, 0x13, 0xF1, 0x7C, 0xBD, 0x95, 0x74, 0x52, 0xD9, 0x66, 0x08, 0x10, 0xDE, 0x7D, 0x1F,
    0x91, 0x9F, 0x77, 0x2E, 0x7B, 0x29, 0xDE, 0x79, 0x66, 0xDC, 0x52, 0x10, 0x90, 0x91, 0x2E, 0x46,
    0xEB, 0x88, 0x18, 0x73, 0x2E, 0x11, 0xA5, 0x5C, 0x31, 0xAB, 0xEA, 0xE1, 0x84, 0x22, 0x29, 0xD2,
    0x94, 0xF2, 0xAB, 0xE5, 0xDC, 0xD9, 0x6F, 0xB2, 0x18, 0x98, 0x4F, 0x36, 0xC5, 0x16, 0xDD, 0x4F,
    0x5A, 0x08, 0x9F, 0x59, 0x78, 0xEB, 0x1E, 0x33, 0xA4, 0x9B, 0x40, 0xF9, 0x4C, 0xF1, 0x96, 0x3D,
    0x6E, 0x6B, 0x49, 0x89, 0xAD, 0x40, 0x70, 0x92, 0x71, 0x18, 0x88, 0xD2, 0x0D, 0xD4, 0xCD, 0x9C,
    0x69, 0x74, 0xD8, 0x4F, 0x90, 0xB6, 0x44, 0x7B, 0xCC, 0x01, 0x8F, 0xCB, 0x91, 0x28, 0xB3, 0x23,
    0xDB, 0x23, 0xF0, 0x36, 0xFD, 0x13, 0xB9, 0x46, 0xA8, 0x89, 0x28, 0xF3, 0x6E, 0xA5, 0xD2, 0xF8,
    0x48, 0x23, 0xD8, 0xB7, 0xE4, 0xC5, 0x1E, 0x21, 0xB0, 0x32, 0x9E, 0xEF, 0x41, 0xF2, 0x61, 0x20,
    0x69, 0xDB, 0x36, 0x76, 0xBE, 0xAB, 0xB5, 0x85, 0x11, 0x50, 0x57, 0xC7, 0xA0, 0x13, 0x08, 0xF8,
    0x88, 0x46, 0x97, 0xA5, 0xAC, 0xDA, 0xC8, 0xA8, 0x83, 0xD0, 0x7C, 0xFE, 0x08, 0x45, 0xE0, 0xF1,
    0x02, 0x4A, 0x93, 0x69, 0x71, 0x9F, 0x4A, 0xB1, 0xB8, 0x58, 0xE5, 0xF0, 0x39, 0xF4, 0x6B, 0x9D,
    0x97, 0x93, 0x30, 0x9D, 0xA4, 0x2E, 0x1D, 0x78, 0x57, 0x5A, 0x9B, 0xDD, 0x0E, 0x88, 0x68, 0x7B,
    0x08, 0x74, 0x71, 0xCF, 0x7B, 0xA6, 0xC5, 0x0C, 0x41, 0x06, 0x19, 0x54, 0x40, 0x52, 0x26, 0xE6,
    0xFD, 0x32, 0x9B, 0x07, 0xBE, 0xA3, 0xCC, 0xAE, 0x5D, 0x94, 0x93, 0x4E, 0x17, 0x59, 0x9A, 0x07,
    0xE6, 0x58, 0x2F, 0xA2, 0x42, 0xF0, 0x08, 0xFA, 0x3D, 0x41, 0xBF, 0x07, 0xE8, 0xF7, 0x89, 0x9B,
    0xEB, 0x37, 0x5C, 0xE2, 0x4E, 0x19, 0xC2, 0x1F, 0x84, 0x05, 0xEA, 0x2C, 0xBF, 0xF9, 0xEA, 0x7B,
    0xAF, 0x07, 0x6B, 0x43, 0x0E, 0x54, 0xFB, 0x26, 0xA2, 0xDF, 0x15, 0x51, 0xFD, 0xF9, 0x54, 0xE9,
    0xD7, 0xDA, 0xE6, 0x8A, 0xAA, 0xF8, 0xFF, 0x18, 0xE8, 0xFF, 0xE3, 0xA1, 0xC4, 0x35, 0x5C, 0xDC,
    0x14, 0x77, 0x1B, 0x8F, 0x45, 0x47, 0x73, 0x59, 0xB6, 0x3E, 0x4B, 0x3C, 0x98, 0xD3, 0x12, 0x79,
    0xE6, 0x04, 0xE7, 0x95, 0x17, 0xA6, 0x54, 0x28, 0x03, 0x71, 0xA3, 0xCC, 0x87, 0xD0, 0x93, 0xAB,
    0x8C, 0x7C, 0x84, 0x9A, 0x07, 0x71, 0xBB, 0xB2, 0x41, 0x88, 0x0F, 0xB2, 0x0D, 0x1D, 0xD0, 0x8D,
    0xB1, 0x22, 0x7C, 0xDC, 0xBA, 0x30, 0x5B, 0x1F, 0xC6, 0x9C, 0x18, 0x2B, 0xCA, 0x20, 0x7F, 0x75,
    0x0B, 0x36, 0x58, 0xA5, 0xA8, 0xF1, 0x43, 0x81, 0x43, 0x8B, 0x6C, 0xA7, 0xB6, 0x67, 0xE1, 0x76,
    0xD4, 0x67, 0x61, 0xA1, 0xCB, 0xDB, 0xB3, 0x71, 0x05, 0x5D, 0xB7, 0x80, 0x2C, 0xB1, 0xD8, 0x5C,
    0x88, 0x16, 0x9B, 0xD2, 0x31, 0x3B, 0x6B, 0xD9, 0xDA, 0x74, 0xBE, 0x9B, 0x6D, 0x17, 0x83, 0x20,
    0x4B, 0xD3, 0x9A, 0x6B, 0x6D, 0x54, 0xCA, 0xC2, 0xFA, 0xBA, 0x79, 0x1E, 0x24, 0x2C, 0xD4, 0x7A,
    0x51, 0x43, 0x3B, 0xAA, 0xA5, 0xA6, 0xC2, 0x52, 0x00, 0xB9, 0x06, 0xC0, 0x7C, 0x4B, 0xB1, 0x68,
    0xE0, 0x80, 0xC5, 0x7B, 0xF0, 0xC7, 0x69, 0xEE, 0xB5, 0xC4, 0x87, 0x40, 0xB7, 0xC8, 0x12, 0xB0,
    0x34, 0x98, 0xCA, 0x6C, 0xBA, 0x65, 0x8C, 0x2B, 0x7C, 0xA8, 0x03, 0xFB, 0xDA, 0x25, 0x60, 0xB1,
    0x62, 0x81, 0xD6, 0xFF, 0x90, 0x86, 0x8D, 0xA4, 0x53, 0x62, 0xC3, 0x66, 0x64, 0x7C, 0xCC, 0x6C,
    0xBB, 0x85, 0x44, 0x63, 0xF8, 0x3D, 0xFC, 0x30, 0x61, 0x81, 0xF1, 0xC1, 0xB8, 0x59, 0xA0, 0x67,
    0x3B, 0x0C, 0x4D, 0x67, 0xAE, 0x04, 0x1D, 0x56, 0x70, 0x5A, 0x2C, 0x32, 0x5E, 0xBF, 0xDD, 0x1F,
    0x05, 0x1C, 0x63, 0x20, 0xB2, 0xE2, 0x75, 0xEE, 0xD7, 0x88, 0xF0, 0xFD, 0x9C, 0xB2, 0x72, 0x14,
    0x4D, 0x1F, 0xF8, 0x2D, 0xD7, 0xC1, 0x8D, 0xC1, 0x2D, 0x33, 0x40, 0xFE, 0x56, 0x8D, 0x17, 0xC2,
    0xEF, 0x0E, 0x8D, 0xBD, 0x69, 0xCB, 0x26, 0xD7, 0x16, 0xCB, 0x85, 0xAA, 0x3D, 0xBE, 0x40, 0x4C,
    0x9C, 0x47, 0xA9, 0x8D, 0xC2, 0xEA, 0xEF, 0xD5, 0xF6, 0xEB, 0x39, 0xDA, 0x43, 0x5A, 0xC0, 0x54,
    0x85, 0x2B, 0xD0, 0xB1, 0x8A, 0xD5, 0x67, 0x13, 0x52, 0xE4, 0x08, 0xB8, 0xA3, 0x1B, 0x13, 0x1D,
    0x9A, 0xCE, 0x17, 0x03, 0x10, 0x34, 0x0D, 0x08, 0xF3, 0x87, 0x20, 0x30, 0xB0, 0x62, 0xDB, 0x38,
    0xE6, 0x54, 0xBC, 0xAD, 0x48, 0x1A, 0xBE, 0x8F, 0xE7, 0x45, 0x93, 0x5B, 0x84, 0x3B, 0xBB, 0x4A,
    0x29, 0x6C, 0xE3, 0x3F, 0x0C, 0xA2, 0x6D, 0xA9, 0x9D, 0xE3, 0x16, 0x7F, 0x6F, 0x61, 0xB5, 0x4B,
    0x04, 0x4B, 0x1F, 0x46, 0x7E, 0x55, 0x4B, 0xD7, 0x35, 0x67, 0xDA, 0xEA, 0xC5, 0x25, 0xEB, 0x9B,
    0x27, 0xA7, 0x0C, 0xB9, 0xF0, 0xDC, 0xEB, 0x53, 0x53, 0xD1, 0xEB, 0xFD, 0x93, 0xEB, 0xD6, 0xFF,
    0xEA, 0xDA, 0xE6, 0xD2, 0xA4, 0xE2, 0x5E, 0x57, 0x6C, 0x61, 0x84, 0xCB, 0xE8, 0x02, 0x1D, 0xBB,
    0xB7, 0xA9, 0xBF, 0x9C, 0xCB, 0x03, 0xC0, 0x78, 0xE4, 0x60, 0xDF, 0x18, 0x30, 0xC0, 0x3F, 0x22,
    0xB2, 0x5D, 0x7F, 0xC6, 0x76, 0x16, 0x04, 0x16, 0x8A, 0x8D, 0xEF, 0x5E, 0xC0, 0xD3, 0xB5, 0x3F,
    0xEE, 0xB6, 0x73, 0xB6, 0x1D, 0xB5, 0x34, 0xCC, 0xEB, 0xA6, 0x73, 0x52, 0xC0, 0xF7, 0x96, 0x43,
    0xD8, 0x69, 0xB0, 0xB3, 0xFA, 0x14, 0x2D, 0x67, 0x08, 0xEC, 0xC5, 0x86, 0x1F, 0xDD, 0x05, 0xBE,
    0xEF, 0xCD, 0x78, 0xA0, 0x03, 0xDE, 0xB6, 0x39, 0x8D, 0x76, 0x7A, 0x3D, 0xA4, 0xDA, 0x09, 0x83,
    0xDC, 0x43, 0x3C, 0x08, 0xB8, 0x37, 0xDC, 0x92, 0x8E, 0xD1, 0x22, 0xD5, 0x52, 0x2D, 0xB9, 0xD6,
    0xE9, 0x72, 0x5D, 0x0F, 0xB5, 0x4D, 0x70, 0x07, 0x00, 0xAA, 0xCF, 0x23, 0x45, 0xAA, 0x69, 0x8E,
    0xB5, 0x64, 0xE6, 0x49, 0xD9, 0x42, 0x8D, 0xFA, 0x56, 0x66, 0xE2, 0x23, 0xCB, 0xC4, 0x33, 0x4E,
    0x4E, 0x8B, 0x0D, 0xFF, 0x05, 0xA2, 0x43, 0xBA, 0x1E, 0x4F, 0x3D, 0xC4, 0xFA, 0x1D, 0x54, 0x39,
    0xC4, 0x3A, 0xB1, 0xC1, 0x52, 0x47, 0x8B, 0xD8, 0x0D, 0x14, 0x12, 0x0E, 0x86, 0xE0, 0x1E, 0x70,
    0x79, 0x43, 0xEF, 0x0C, 0x1A, 0xF1, 0xE0, 0x90, 0x3E, 0x8C, 0xFB, 0x5F, 0x26, 0xA7, 0xBE, 0xE2,
    0xE1, 0x80, 0xE6, 0xC6, 0x1C, 0x6B, 0x78, 0x80, 0xD7, 0x83, 0x28, 0x36, 0x4A, 0x32, 0xAB, 0x57,
    0x71, 0x84, 0xFD, 0x15, 0x78, 0xAA, 0xD2, 0xC9, 0xFC, 0xA8, 0x7B, 0x20, 0x32, 0xD5, 0x12, 0x10,
    0xB2, 0x78, 0x17, 0xB3, 0x65, 0xA5, 0x4E, 0x23, 0xFD, 0xA9, 0xAE, 0xD6, 0xC8, 0x98, 0xFF, 0x91,
    0x20, 0x20, 0xAB, 0xF7, 0x7A, 0xD1, 0x27, 0x3B, 0xD1, 0xA7, 0x6A, 0x26, 0x65, 0x9B, 0x23, 0x4B,
    0x19, 0x37, 0x7D, 0xF0, 0xB0, 0xF7, 0xBD, 0x6B, 0x12, 0x64, 0xF4, 0x4D, 0x7D, 0xDA, 0xF9, 0x1F,
    0x6F, 0xF4, 0x97, 0xE6, 0x95, 0x1D, 0x3B, 0x73, 0xF5, 0xA1, 0x2F, 0x68, 0xFE, 0x85, 0xDD, 0xC7,
    0xD4, 0x7E, 0xC8, 0xFC, 0xBF, 0xF4, 0x6B, 0x21, 0x16, 0x5E, 0x0B, 0xB1, 0xEC, 0x74, 0xA6, 0x4C,
    0x3B, 0x78, 0xB4, 0x83, 0x3F, 0xFA, 0xCC, 0x1D, 0x4C, 0xBD, 0x9B, 0x32, 0x44, 0x83, 0x12, 0x2D,
    0x8F, 0xAF, 0x19, 0x70, 0xE8, 0x90, 0x39, 0xDC, 0xA3, 0x0E, 0x11, 0xA9, 0x03, 0x5B, 0xED, 0xF5,
    0x5D, 0xAB, 0xD7, 0xD4, 0xB7, 0xE1, 0x2F, 0x3D, 0xA1, 0x31, 0xBA, 0x58, 0x8A, 0x58, 0x23, 0x78,
    0xC5, 0x87, 0x6B, 0xD9, 0x17, 0x1E, 0xD7, 0xFD, 0x44, 0x9D, 0xF3, 0xB6, 0x8F, 0x21, 0xD3, 0xC9,
    0x22, 0x3B, 0xD6, 0x50, 0x6F, 0xB2, 0x69, 0x4D, 0x31, 0x95, 0x5E, 0xB6, 0xC9, 0xC2, 0xDB, 0x44,
    0xAD, 0x91, 0x7E, 0x23, 0x8D, 0x52, 0xC4, 0x90, 0x4D, 0x47, 0x03, 0xC1, 0x4E, 0x82, 0x8D, 0x43,
    0x89, 0x75, 0xFC, 0xAE, 0x62, 0x9C, 0x13, 0x47, 0xC9, 0x5D, 0xC4, 0xEF, 0xE1, 0xC8, 0xDA, 0x7D,
    0x99, 0xD6, 0xFB, 0x12, 0xEF, 0xCD, 0x06, 0xBB, 0x7D, 0x8A, 0x1E, 0x25, 0x42, 0xAE, 0x77, 0xC5,
    0x95, 0xD1, 0x75, 0x07, 0x85, 0x1F, 0xAA, 0xF6, 0xAC, 0xF3, 0xBE, 0x69, 0x4F, 0xB8, 0xFE, 0xA1,
    0xED, 0xC5, 0x8E, 0x76, 0xD9, 0x06, 0xC9, 0x20, 0xB9, 0x20, 0x31, 0x55, 0x66, 0x71, 0xD9, 0x97,
    0xFE, 0x3F, 0x51, 0xFB, 0xF0, 0xD6, 0xAB, 0x7A, 0xBB, 0xA8, 0x9E, 0xD6, 0x49, 0xAA, 0x11, 0x69,
    0xC4, 0x55, 0x29, 0xB7, 0xDB, 0xCE, 0xB7, 0x13, 0x9A, 0x98, 0xF6, 0xB6, 0xEB, 0x89, 0x35, 0xC3,
    0xE2, 0x5F, 0xFA, 0xE5, 0x1A, 0x9D, 0x48, 0x4C, 0xE4, 0x3A, 0xDD, 0x1C, 0x6B, 0xE0, 0xF1, 0xF2,
    0xF3, 0xE9, 0x3B, 0xAB, 0xB1, 0xDA, 0xF8, 0xEE, 0xFF, 0x10, 0x0C, 0xF4, 0x85, 0xA0, 0xF0, 0x54,
    0xB7, 0xD1, 0x02, 0x25, 0x4E, 0xA7, 0x4A, 0x47, 0xFE, 0x33, 0xC4, 0x4A, 0xB2, 0xBA, 0x90, 0x99,
    0x2D, 0x46, 0xCB, 0x8C, 0x93, 0xDD, 0x49, 0xFC, 0x1E, 0x29, 0xEA, 0x41, 0x3E, 0x00, 0x0B, 0x94,
    0x40, 0xFD, 0x0C, 0x75, 0x11, 0xD4, 0x89, 0x15, 0x51, 0xBE, 0x3D, 0xF0, 0x40, 0xED, 0xC9, 0x40,
    0x89, 0x51, 0x87, 0xC9, 0xC4, 0x2F, 0x72, 0x97, 0xC4, 0x44, 0x94, 0xDD, 0xF2, 0x18, 0x65, 0x3B,
    0x53, 0xED, 0x16, 0xC1, 0xC1, 0x00, 0x37, 0x15, 0x06, 0x25, 0x65, 0xC8, 0x7B, 0xFA, 0xC5, 0x1A,
    0xC6, 0x37, 0x16, 0xC9, 0xAE, 0xFE, 0x9F, 0xD9, 0x1E, 0x38, 0x01, 0x48, 0x83, 0xE2, 0xCF, 0xF8,
    0x19, 0xC0, 0x83, 0x03, 0x8D, 0x6F, 0xBD, 0xF1, 0xD4, 0x13, 0x2D, 0x59, 0x74, 0x46, 0x8B, 0x48,
    0x47, 0x93, 0xD8, 0x7D, 0xF0, 0x78, 0x23, 0x16, 0xBB, 0x87, 0xDC, 0xB5, 0xA5, 0x0C, 0xA1, 0xE0,
    0x77, 0x2B, 0x6E, 0x22, 0xDB, 0x42, 0xD0, 0x7E, 0x94, 0x46, 0x04, 0xAC, 0x11, 0x94, 0x03, 0x42,
    0x09, 0xE1, 0x29, 0xE8, 0x15, 0xD5, 0xD2, 0x61, 0xBB, 0x96, 0x7F, 0xB6, 0x1D, 0x62, 0xB7, 0xEE,
    0xFE, 0x3E, 0x28, 0x2E, 0xBC, 0x6E, 0xAD, 0xA0, 0xD7, 0xFF, 0x1F, 0x00, 0x22, 0x3A, 0x7F, 0x44,
    0x3B, 0xC4, 0x74, 0xD3, 0x76, 0x88, 0x30, 0x2A, 0x2D, 0x19, 0xA4, 0xF2, 0xDB, 0x6A, 0x98, 0xA6,
    0x4E, 0x31, 0x47, 0xF3, 0x36, 0xD6, 0xF8, 0x38, 0x29, 0xB5, 0x5D, 0x53, 0x30, 0xE1, 0x5E, 0xD4,
    0xB6, 0x69, 0xAE, 0x35, 0xF0, 0x01, 0x58, 0x46, 0xDA, 0xBC, 0x59, 0xDA, 0xFE, 0xDF, 0x47, 0x72,
    0x24, 0xB3, 0x13, 0xCC, 0x01, 0x65, 0x58, 0xEA, 0x9F, 0x37, 0xD4, 0x66, 0xAB, 0x62, 0xE1, 0x7F,
    0x7F, 0x18, 0x40, 0xAF, 0x33, 0xA7, 0x8B, 0x71, 0xFF, 0xB4, 0x8A, 0xE6, 0x78, 0x2E, 0xEE, 0x9F,
    0xE2, 0xC9, 0xB1, 0x80, 0x1C, 0x25, 0x73, 0x4E, 0xDF, 0xC3, 0x91, 0xAF, 0x0B, 0x56, 0xBC, 0xA4,
    0xD5, 0xD9, 0x82, 0x97, 0x0E, 0x5D, 0xDD, 0xD6, 0x60, 0x25, 0x2B, 0xBB, 0x71, 0xA4, 0xFC, 0xCA,
    0x1F, 0xAF, 0xD1, 0x3E, 0x5C, 0xB5, 0x94, 0x5A, 0x7D, 0x44, 0x0F, 0x8C, 0x5B, 0x7E, 0x06, 0x06,
    0x3B, 0xF7, 0x45, 0x2C, 0x01, 0xFF, 0x4B, 0x61, 0x39, 0x1C, 0x80, 0x18, 0xD8, 0x21, 0xF2, 0xC5,
    0xDC, 0x69, 0x6C, 0xB7, 0x08, 0x88, 0x5D, 0x24, 0x60, 0xF2, 0x88, 0x32, 0x55, 0x4F, 0x09, 0xDF,
    0x2E, 0x24, 0x4E, 0xFF, 0x62, 0xAE, 0x59, 0xB4, 0x7B, 0x61, 0x31, 0x9A, 0x55, 0x4F, 0xA9, 0x49,
    0x4B, 0x59, 0x35, 0x25, 0x25, 0xE9, 0x9C, 0x75, 0xEA, 0x86, 0xF1, 0xD5, 0xDF, 0x31, 0x51, 0xE9,
    0x68, 0x91, 0xB4, 0x91, 0x91, 0x34, 0x45, 0x24, 0x0D, 0x1A, 0x8F, 0x48, 0x5A, 0x3A, 0xC9, 0x6E,
    0x24, 0x0D, 0xBA, 0x03, 0x05, 0xC8, 0x8C, 0xC3, 0xEF, 0x47, 0xD2, 0xB4, 0xA6, 0x9D, 0x6B, 0x76,
    0x9A, 0x27, 0x9A, 0x6E, 0x73, 0xD6, 0xC7, 0x2A, 0x3B, 0x71, 0x17, 0x88, 0x4D, 0xA8, 0x30, 0x32,
    0x41, 0xAF, 0x98, 0x73, 0x48, 0xD4, 0x54, 0x61, 0x0E, 0xFE, 0xB0, 0x25, 0x28, 0x36, 0x19, 0x8A,
    0x4D, 0x8A, 0x02, 0x39, 0x8A, 0x65, 0xC7, 0x0B, 0xA6, 0x0F, 0x2C, 0x39, 0xC2, 0x6B, 0x0E, 0xE1,
    0xB5, 0xF8, 0x26, 0xE1, 0xB5, 0xD4, 0xC2, 0x6B, 0x0B, 0xF9, 0xA6, 0x67, 0xC1, 0x29, 0x92, 0x9D,
    0x93, 0x05, 0x1C, 0x1C, 0xA1, 0x87, 0x4A, 0x61, 0xD2, 0xAC, 0x16, 0xB1, 0x7A, 0x60, 0x1E, 0x4F,
    0x75, 0x36, 0x58, 0x01, 0x9F, 0x43, 0x6C, 0x18, 0x0C, 0xCF, 0xA2, 0x7C, 0xBB, 0x01, 0x27, 0x1E,
    0x42, 0xBD, 0xF3, 0xDC, 0xBD, 0x5B, 0xC1, 0xCB, 0xF3, 0x6B, 0x32, 0x99, 0xAC, 0x6C, 0x5A, 0x08,
    0x51, 0x88, 0xBB, 0xCC, 0x5A, 0xDF, 0x63, 0xDC, 0xEE, 0xC0, 0xFC, 0xA8, 0xF3, 0x31, 0x85, 0xA7,
    0x58, 0x99, 0xDF, 0x1D, 0x23, 0xA9, 0x07, 0x53, 0x90, 0x72, 0x32, 0x25, 0xD6, 0xE4, 0x64, 0x21,
    0x10, 0x8F, 0xCF, 0xDC, 0x89, 0x15, 0x4A, 0xDE, 0x9F, 0x43, 0xB0, 0x44, 0xD5, 0xEF, 0xE5, 0x89,
    0xBB, 0x5D, 0xDE, 0xB4, 0x7F, 0xEB, 0xEE, 0x45, 0xA2, 0x0D, 0xE8, 0x85, 0x05, 0xE8, 0x1E, 0xC3,
    0x0E, 0x18, 0xD6, 0xB0, 0xF2, 0x60, 0x6C, 0x1D, 0xA0, 0xAD, 0x5A, 0x49, 0x6B, 0x90, 0x16, 0x51,
    0x42, 0x2D, 0xA7, 0xC0, 0xB2, 0x0F, 0x56, 0x2A, 0x3F, 0x39, 0x8F, 0x04, 0xAC, 0x8F, 0xF4, 0xEF,
    0x83, 0x59, 0xCF, 0x4D, 0x2D, 0xCD, 0x74, 0x8B, 0xC8, 0xB1, 0x91, 0xF3, 0xDF, 0xC6, 0xC8, 0x52,
    0xDA, 0x17, 0x80, 0x2B, 0x3F, 0x4E, 0xCE, 0x1D, 0x9F, 0x2C, 0x78, 0x45, 0x61, 0x56, 0x87, 0x82,
    0x91, 0xAB, 0x10, 0xB8, 0x62, 0xDC, 0xCA, 0xC2, 0x55, 0x41, 0x58, 0xD0, 0x2A, 0xC4, 0xAC, 0x82,
    0x63, 0xB0, 0x9F, 0x73, 0x5F, 0x59, 0xCE, 0x3D, 0x32, 0xA5, 0xB3, 0x55, 0x17, 0x8A, 0x5B, 0x8D,
    0x63, 0x1D, 0xD9, 0x81, 0x3E, 0x9B, 0xD3, 0xA2, 0x1B, 0x4F, 0x9E, 0x71, 0x62, 0x9A, 0xDF, 0xB0,
    0xE9, 0x1D, 0x7C, 0x45, 0x14, 0xE7, 0xB7, 0x0C, 0x71, 0x25, 0x13, 0x13, 0xB0, 0x76, 0x8C, 0x6B,
    0xC9, 0xF0, 0x16, 0xA3, 0x5B, 0x39, 0x00, 0xAA, 0xB6, 0x7B, 0x7B, 0x4D, 0x07, 0x4E, 0xD8, 0x92,
    0x12, 0xF2, 0x56, 0xA8, 0x3D, 0x0F, 0x89, 0x19, 0x92, 0x82, 0x25, 0x9E, 0xF7, 0x2A, 0xBB, 0xB8,
    0xEC, 0xD8, 0xFF, 0xEA, 0x57, 0xEF, 0xB3, 0x57, 0x2C, 0x84, 0x65, 0xAB, 0xC2, 0xB2, 0xE9, 0x27,
    0x5C, 0x36, 0x84, 0x03, 0x19, 0x0D, 0xDC, 0x5C, 0x1A, 0x2A, 0xDF, 0x0A, 0xAA, 0x46, 0xA2, 0xEB,
    0x42, 0xCC, 0x64, 0xDA, 0xEA, 0x1C, 0xA2, 0xBA, 0x95, 0xF6, 0xAA, 0x7D, 0x0A, 0x02, 0x14, 0xB8,
    0xA7, 0xAD, 0x0F, 0x96, 0x27, 0x1F, 0x19, 0xFD, 0xC3, 0x19, 0x8F, 0x0F, 0x58, 0x94, 0x01, 0xEF,
    0xBE, 0x98, 0x56, 0x38, 0xFE, 0xD4, 0xB2, 0xC5, 0xCB, 0x1A, 0xE5, 0x5F, 0xD6, 0x21, 0x77, 0x7F,
    0xB3, 0x30, 0x48, 0x12, 0xEC, 0x13, 0x88, 0xAB, 0x0F, 0x77, 0x59, 0x0F, 0xC4, 0x7E, 0xF7, 0x74,
    0x27, 0x06, 0x2A, 0x02, 0xC6, 0x5A, 0x74, 0x4E, 0x91, 0xCD, 0xA7, 0x21, 0x9A, 0x6F, 0xB2, 0x3E,
    0x53, 0xA2, 0xF4, 0xE5, 0x24, 0xD6, 0xF7, 0x55, 0xE4, 0x7F, 0x9D, 0xB6, 0xDB, 0xFD, 0x77, 0x4C,
    0x96, 0xAC, 0x1A, 0xAD, 0x2D, 0xBD, 0x6D, 0xB7, 0xFE, 0x7B, 0xAE, 0x4E, 0xB8, 0x58, 0xAA, 0x04,
    0xEC, 0xB0, 0x9F, 0x56, 0x32, 0xAA, 0x54, 0x4B, 0xF5, 0x4E, 0x78, 0x27, 0x95, 0xE9, 0x5B, 0xB5,
    0x58, 0x43, 0xC5, 0x75, 0xA8, 0x55, 0xD3, 0x47, 0xD7, 0x27, 0x41, 0xAF, 0x52, 0xFC, 0x1A, 0x64,
    0xE1, 0x53, 0xB0, 0xE5, 0x3C, 0xF7, 0x19, 0x55, 0x2B, 0xF3, 0xA7, 0x50, 0x41, 0x7C, 0x98, 0x0D,
    0xA0, 0xEF, 0x72, 0x4F, 0x36, 0x8E, 0x50, 0xAB, 0x83, 0xEC, 0x2A, 0xCB, 0x65, 0x8F, 0x52, 0xED,
    0x91, 0x6B, 0x38, 0x9F, 0x2A, 0xCC, 0x8A, 0x8C, 0x89, 0xD2, 0x2A, 0xFA, 0x44, 0xA9, 0x62, 0x78,
    0xC7, 0xD0, 0x31, 0x1F, 0xD3, 0x11, 0x3A, 0xB3, 0xC4, 0x83, 0x69, 0x59, 0xEC, 0x83, 0x9A, 0x85,
    0x3A, 0xA8, 0xA3, 0xDD, 0x06, 0x87, 0xA0, 0x63, 0x92, 0xF8, 0x7D, 0x77, 0x71, 0x1B, 0x92, 0x41,
    0xF9, 0xA8, 0x95, 0x16, 0x8B, 0x76, 0x2B, 0x8A, 0x3E, 0x66, 0x8D, 0x60, 0x9F, 0xC1, 0x2D, 0xBD,
    0xEC, 0xF3, 0xAA, 0x95, 0xE4, 0x35, 0x8F, 0xBB, 0x65, 0xD3, 0x07, 0xFD, 0x88, 0x35, 0xC9, 0xDE,
    0x46, 0xE9, 0xE6, 0x5D, 0xD9, 0x75, 0x78, 0x17, 0x07, 0x99, 0xDE, 0xA7, 0x20, 0x16, 0x1A, 0xAB,
    0xFC, 0x64, 0x20, 0x99, 0x56, 0x1F, 0x0F, 0xB1, 0xDE, 0xA9, 0x6D, 0xDC, 0x47, 0x3A, 0x35, 0x65,
    0xDC, 0x6E, 0x23, 0x44, 0xC7, 0xF6, 0x54, 0x3F, 0xF9, 0x10, 0x5B, 0x6C, 0x8A, 0xC2, 0x9B, 0x33,
    0xD3, 0xDD, 0x5E, 0x70, 0x2C, 0xEC, 0xC7, 0x65, 0x59, 0xA5, 0xD5, 0xBC, 0x58, 0xD4, 0x03, 0x3F,
    0x88, 0xAA, 0x95, 0x27, 0xC8, 0xEE, 0x0E, 0x88, 0x74, 0x65, 0xB4, 0xB7, 0xCE, 0x08, 0xD2, 0xAB,
    0xAF, 0xF0, 0xA2, 0x75, 0xF9, 0x11, 0x32, 0x57, 0x53, 0xDC, 0xAE, 0x01, 0xBA, 0xB8, 0xA8, 0xE0,
    0x20, 0x13, 0x94, 0x70, 0x7C, 0x61, 0xF7, 0xAE, 0x9D, 0x58, 0x89, 0xE0, 0xFB, 0x3A, 0x61, 0x2F,
    0x33, 0x30, 0xEF, 0xC1, 0x30, 0x02, 0xC3, 0xDE, 0xAF, 0x82, 0x77, 0xC4, 0x6A, 0x08, 0x11, 0xA1,
    0xE8, 0x32, 0x30, 0x7E, 0x99, 0x7B, 0xEC, 0x69, 0x8B, 0x02, 0x01, 0x0F, 0x13, 0xE0, 0x11, 0x37,
    0xDA, 0xC0, 0x7B, 0x3A, 0x3D, 0x10, 0x14, 0x2D, 0x24, 0x37, 0x48, 0x74, 0x0E, 0xF9, 0x96, 0x8E,
    0xF8, 0xBE, 0xC8, 0x2D, 0x63, 0x76, 0x31, 0x16, 0x4B, 0xF9, 0x5D, 0x18, 0xF3, 0x12, 0xE9, 0xDB,
    0x5B, 0xD8, 0xA6, 0x1D, 0xE1, 0x60, 0x7F, 0x12, 0x8E, 0xE2, 0xE9, 0x35, 0x9C, 0xE2, 0x61, 0x1A,
    0x46, 0xAA, 0xFF, 0x00, 0x29, 0x50, 0x9C, 0x63, 0xA7, 0xE1, 0xD4, 0x59, 0xF1, 0xD6, 0xD6, 0x50,
    0xF6, 0xE8, 0x83, 0xE3, 0x15, 0x92, 0x3B, 0x17, 0x0E, 0x16, 0x00, 0x66, 0xDA, 0x50, 0x86, 0xF6,
    0xEA, 0x2B, 0x63, 0xED, 0xF4, 0x41, 0xED, 0xB2, 0x19, 0x31, 0x8F, 0x87, 0xAC, 0xFC, 0x70, 0xF5,
    0x0F, 0x29, 0x36, 0x6D, 0x73, 0x41, 0xCA, 0x29, 0x6D, 0x99, 0xDA, 0x3E, 0xD0, 0x9A, 0x76, 0xE3,
    0xCA, 0x5A, 0x62, 0x35, 0x7E, 0x6F, 0x1E, 0x69, 0xF2, 0x92, 0xC6, 0x24, 0x38, 0xB1, 0x1A, 0xE1,
    0x8E, 0x55, 0x21, 0xCF, 0x6E, 0xE4, 0x90, 0xCC, 0x59, 0x6D, 0x1E, 0x4F, 0x66, 0x4E, 0xD6, 0x74,
    0x2C, 0x50, 0x19, 0xAC, 0x49, 0x36, 0x22, 0x7E, 0x70, 0x16, 0xCA, 0x7E, 0x24, 0x42, 0xBE, 0x37,
    0x89, 0x53, 0x7C, 0xFF, 0x18, 0xA4, 0x48, 0xF3, 0x5B, 0x6C, 0x10, 0xFC, 0x0B, 0x34, 0xE2, 0xD2,
    0x24, 0x8B, 0x28, 0xAA, 0x85, 0x63, 0x74, 0xD4, 0x0D, 0xC9, 0x94, 0xF9, 0xCD, 0x05, 0x43, 0x3E,
    0x7B, 0x8F, 0x81, 0x5C, 0xED, 0x2C, 0x63, 0x6A, 0x9A, 0xF1, 0xAC, 0xF3, 0x6E, 0x8A, 0xBC, 0xD3,
    0xCB, 0x0C, 0x19, 0x3E, 0xA9, 0x5A, 0x22, 0xD8, 0x38, 0xC1, 0xCB, 0x65, 0x49, 0x27, 0xF9, 0xFB,
    0x02, 0xF2, 0xBE, 0xC0, 0x34, 0xB3, 0x94, 0x9C, 0x9C, 0x7D, 0x55, 0x7E, 0x39, 0x37, 0xCA, 0x1F,
    0x2F, 0x4F, 0x48, 0xDE, 0x1E, 0x70, 0xAF, 0x66, 0x97, 0x7B, 0xDB, 0xA7, 0xFF, 0xE2, 0xF3, 0xB9,
    0x6A, 0xE4, 0xF8, 0xC5, 0xD2, 0x02, 0x22, 0xB1, 0xBE, 0xA0, 0x12, 0xFB, 0x48, 0xEB, 0xB8, 0x07,
    0x57, 0x69, 0xA5, 0xEA, 0x8F, 0xD7, 0xC1, 0x45, 0x04, 0x90, 0x19, 0x34, 0x6B, 0xE8, 0x15, 0x3C,
    0x00, 0x80, 0x0D, 0xAF, 0xA8, 0x5B, 0xD7, 0x92, 0x74, 0xBE, 0x6A, 0x79, 0x10, 0x83, 0x51, 0x5C,
    0xC3, 0x11, 0xA3, 0x0B, 0xAB, 0x2A, 0x77, 0x72, 0x12, 0xAA, 0x5D, 0xD6, 0x35, 0x3E, 0x93, 0x6D,
    0xBB, 0x2D, 0x3A, 0x8A, 0x2E, 0xFB, 0x78, 0x2A, 0x58, 0x2A, 0x8F, 0xE9, 0xBB, 0xBA, 0x29, 0xDD,
    0x13, 0x8B, 0xB8, 0xB7, 0x46, 0x5A, 0xE8, 0x15, 0xFC, 0x11, 0x29, 0x57, 0x30, 0x9A, 0x45, 0x2D,
    0xC9, 0xE8, 0x5A, 0x49, 0x86, 0x35, 0x44, 0x7D, 0x2E, 0x36, 0x6C, 0x2D, 0x74, 0xB0, 0xD2, 0xBE,
    0x68, 0xF9, 0xA1, 0xB6, 0x71, 0x27, 0x4D, 0x1F, 0xDB, 0xE4, 0x2D, 0xF4, 0x92, 0x11, 0xA6, 0x2D,
    0x3C, 0x3A, 0xCA, 0x71, 0x85, 0x97, 0xB3, 0x34, 0xC8, 0xB9, 0x39, 0xCF, 0x93, 0xBD, 0xEA, 0x36,
    0x4F, 0x55, 0xD3, 0x31, 0x51, 0x52, 0x37, 0xD4, 0xD6, 0x31, 0x9A, 0x9C, 0xD2, 0x47, 0xBC, 0xC3,
    0x6A, 0x73, 0x4B, 0x6E, 0xC7, 0xE6, 0xF4, 0x24, 0x4D, 0x3C, 0xCA, 0x61, 0xE4, 0x77, 0xCF, 0x6A,
    0x38, 0xC6, 0xF1, 0xD5, 0xC6, 0xC7, 0xB8, 0xA5, 0x90, 0xF6, 0x3B, 0xB1, 0x9F, 0x42, 0x27, 0x94,
    0x9F, 0xB3, 0x49, 0x95, 0x8F, 0xBC, 0xBD, 0xB5, 0x47, 0xC5, 0x5D, 0x9F, 0xF0, 0x66, 0x18, 0xD6,
    0x08, 0x86, 0x29, 0xD8, 0x26, 0x31, 0xF3, 0xB4, 0xFF, 0x41, 0x60, 0xA4, 0x6E, 0x36, 0x9C, 0xFE,
    0x46, 0xF5, 0x69, 0x2C, 0xAE, 0x3E, 0xA5, 0x28, 0xCF, 0x44, 0x9E, 0xB8, 0xF2, 0x6C, 0x77, 0x41,
    0xC4, 0x31, 0x1A, 0xB1, 0x15, 0xF1, 0xA6, 0x3B, 0x9E, 0x38, 0xDA, 0x16, 0x25, 0x77, 0x9F, 0xB6,
    0x17, 0xAC, 0x56, 0x48, 0x9F, 0xA0, 0x85, 0xCB, 0x5E, 0xD7, 0x07, 0xFA, 0x6D, 0x33, 0xBC, 0x59,
    0xBE, 0xED, 0x07, 0x7D, 0x55, 0x0B, 0x5A, 0x3E, 0xBD, 0x7F, 0xE1, 0x92, 0xA6, 0x4B, 0x3A, 0xE3,
    0x03, 0xAF, 0xB0, 0x63, 0x1E, 0x93, 0xE9, 0x13, 0xBB, 0x0A, 0x2F, 0xB3, 0x70, 0xF8, 0xE6, 0x92,
    0x53, 0xD4, 0x85, 0xD3, 0xEE, 0x48, 0x35, 0x1D, 0xD7, 0xA5, 0xAC, 0x46, 0xD1, 0x1E, 0x11, 0x08,
    0xAB, 0x25, 0x5E, 0xC1, 0xDA, 0xD1, 0x3D, 0x98, 0x29, 0x8B, 0x76, 0xA1, 0x74, 0x94, 0x98, 0xE7,
    0x79, 0xB9, 0x71, 0x54, 0x7D, 0x34, 0xF3, 0x4E, 0x5D, 0x5E, 0x36, 0x35, 0x25, 0xBF, 0x9B, 0xE3,
    0x29, 0xF5, 0x73, 0x12, 0x69, 0x32, 0x65, 0xDD, 0x24, 0xD6, 0x25, 0xFC, 0x3F, 0xD6, 0x12, 0x9D,
    0x8C, 0x02, 0x39, 0x34, 0x25, 0xA4, 0x5A, 0xA6, 0x72, 0x2B, 0xE7, 0xC2, 0x2B, 0x97, 0x19, 0x8D,
    0x8D, 0x72, 0x6B, 0x3C, 0xBA, 0x4E, 0x61, 0xCF, 0xD1, 0xD7, 0x5C, 0xB6, 0x17, 0xB3, 0xAE, 0x69,
    0xF5, 0x52, 0xDB, 0xE0, 0x3A, 0xA3, 0x4A, 0x5B, 0x37, 0x83, 0xA4, 0x2F, 0x34, 0x08, 0x8C, 0x03,
    0xF2, 0xCD, 0x45, 0x63, 0xD6, 0xE2, 0x28, 0xE9, 0xD6, 0x50, 0x74, 0xB8, 0x13, 0x7F, 0xF7, 0x4D,
    0x1D, 0x67, 0x28, 0x46, 0xB9, 0x7F, 0x2A, 0x2F, 0x0A, 0x5B, 0xC1, 0x56, 0x92, 0xC7, 0x42, 0xDB,
    0x41, 0xE8, 0x95, 0xB5, 0x4E, 0x95, 0x08, 0x00, 0x5A, 0xBF, 0x93, 0x28, 0x84, 0x25, 0x49, 0xF1,
    0xA9, 0x40, 0xCC, 0xDA, 0xB5, 0x80, 0x1E, 0x16, 0x7F, 0x13, 0xB6, 0xEC, 0x78, 0xA3, 0x3E, 0x46,
    0x29, 0x17, 0x51, 0xB2, 0x99, 0x0E, 0xEB, 0x1F, 0x2F, 0x67, 0x49, 0x35, 0x6D, 0x54, 0x0B, 0xF9,
    0x60, 0x86, 0x3A, 0xBD, 0xB6, 0xF0, 0x69, 0x5B, 0x90, 0x50, 0x58, 0xC5, 0xF5, 0x55, 0xFE, 0x77,
    0xCB, 0xEA, 0x35, 0xED, 0x49, 0xA9, 0x3A, 0x9C, 0x1F, 0x88, 0x9B, 0xEA, 0x5B, 0x8B, 0x39, 0x87,
    0x8F, 0x6C, 0x4A, 0x01, 0xA1, 0x17, 0x1E, 0xFB, 0xAF, 0x97, 0xE5, 0x91, 0xAA, 0x14, 0x5A, 0x6D,
    0x1F, 0x7B, 0xA3, 0x37, 0xC6, 0xCF, 0x56, 0x16, 0xA2, 0xE0, 0x5F, 0x64, 0x34, 0x52, 0x61, 0x02,
    0x4B, 0xD6, 0xF2, 0x16, 0x41, 0x9F, 0x1B, 0x3E, 0x21, 0x54, 0x29, 0xF4, 0x5F, 0xE8, 0x35, 0xB9,
    0x45, 0xBD, 0x1D, 0xF9, 0xC2, 0xB8, 0x4A, 0xC5, 0x65, 0x0B, 0xB0, 0x3C, 0xDF, 0x48, 0xE4, 0x57,
    0x23, 0x7C, 0xE2, 0xCE, 0x58, 0x94, 0xB1, 0x40, 0xFB, 0xEE, 0xAB, 0x96, 0x76, 0xDE, 0xA6, 0x6C,
    0x4C, 0x51, 0x01, 0xC9, 0xBC, 0xC3, 0x8E, 0xEF, 0xC4, 0xFF, 0xEF, 0x02, 0x6C, 0xC4, 0x02, 0xB3,
    0x84, 0xB0, 0x0E, 0xBE, 0xC7, 0x38, 0xAE, 0x9D, 0x7E, 0x26, 0x16, 0x88, 0xE8, 0xF9, 0xFF, 0x2C,
    0x1C, 0x5F, 0xBB, 0xBF, 0x85, 0xC8, 0x1C, 0xF7, 0x91, 0x25, 0x43, 0x28, 0x02, 0xE2, 0xDB, 0xFF,
    0xC2, 0xEE, 0x8E, 0x31, 0x13, 0x65, 0xAA, 0x6E, 0xBC, 0xC9, 0x44, 0x47, 0x47, 0xFF, 0x46, 0xD3,
    0xD4, 0xE8, 0x60, 0x2E, 0xAA, 0x67, 0xA1, 0x27, 0x34, 0x8F, 0x2F, 0x83, 0x37, 0x81, 0x84, 0xA2,
    0xFA, 0xDC, 0x98, 0x6E, 0x43, 0xDF, 0x34, 0xD2, 0x89, 0x55, 0x7A, 0x97, 0x47, 0x9E, 0x41, 0xC5,
    0x00, 0xC1, 0xBE, 0xF3, 0xEA, 0x0D, 0x4F, 0xDF, 0xF4, 0x72, 0xEB, 0x7A, 0x2E, 0x55, 0x05, 0x31,
    0x1A, 0x09, 0xEE, 0xCD, 0x37, 0xAD, 0x21, 0x2C, 0x97, 0x83, 0xEF, 0x32, 0x17, 0xB5, 0x2F, 0xF4,
    0x8F, 0xC2, 0xB3, 0x0C, 0x3A, 0x08, 0xBD, 0x4B, 0x7B, 0xC7, 0x1E, 0xAD, 0xD2, 0x20, 0x69, 0xE9,
    0x4C, 0x7C, 0x31, 0x35, 0xF2, 0x35, 0x92, 0x45, 0x50, 0xCE, 0xAC, 0x15, 0x5C, 0x57, 0xC0, 0x4B,
    0x13, 0x24, 0xF1, 0x56, 0x26, 0xF8, 0x25, 0xFE, 0xD5, 0x0E, 0x49, 0x7B, 0x0A, 0x47, 0xB0, 0x96,
    0x52, 0x00, 0xF2, 0x4E, 0x91, 0x06, 0x3A, 0x29, 0x3B, 0x83, 0x54, 0x83, 0xF1, 0x59, 0x8D, 0x27,
    0x89, 0x67, 0x26, 0x83, 0xF8, 0xBC, 0xA1, 0xC2, 0x9C, 0x10, 0x08, 0x26, 0x2A, 0xE6, 0x4D, 0x75,
    0x0A, 0xCF, 0x6A, 0x46, 0x86, 0x06, 0x26, 0xB6, 0xC7, 0xFC, 0x05, 0x75, 0x79, 0x8B, 0xD1, 0x6D,
    0x71, 0xAB, 0x49, 0x8C, 0x70, 0x1B, 0xE3, 0x06, 0xE5, 0x1E, 0x64, 0x7F, 0x14, 0x6A, 0x2C, 0x76,
    0xDC, 0x5E, 0x1C, 0x53, 0x31, 0x85, 0x88, 0x7F, 0x18, 0x2E, 0xA4, 0x9B, 0xCE, 0x46, 0x38, 0x60,
    0x3E, 0x02, 0x71, 0x96, 0x6A, 0xE7, 0x80, 0x8C, 0x09, 0x12, 0x19, 0x53, 0x86, 0xB2, 0xAE, 0x91,
    0x91, 0x0D, 0xD2, 0x05, 0xC4, 0x24, 0x85, 0x5B, 0x11, 0xDB, 0x83, 0xCB, 0xA9, 0x33, 0xA6, 0x13,
    0x0A, 0xB1, 0xED, 0xB4, 0x2C, 0xEA, 0x49, 0xDC, 0x8B, 0xB3, 0xB8, 0x97, 0x66, 0xC9, 0x37, 0xCE,
    0xEF, 0xEE, 0xFD, 0xCE, 0x9A, 0x4E, 0xC8, 0xF0, 0xE4, 0xBC, 0xCD, 0x15, 0x25, 0x3D, 0xB1, 0x36,
    0xCA, 0xB1, 0x40, 0xA7, 0x11, 0x47, 0x80, 0x4F, 0x80, 0x9A, 0x06, 0xD7, 0xAD, 0x51, 0xD5, 0x7A,
    0x6C, 0xEF, 0x08, 0xE4, 0x6B, 0xE0, 0x79, 0x56, 0xAC, 0x61, 0x5C, 0x43, 0xE4, 0xB3, 0x72, 0xEF,
    0x3C, 0x9B, 0x2D, 0xDC, 0x6B, 0xCF, 0xA2, 0xB4, 0xA4, 0xD8, 0xDA, 0x8F, 0x59, 0xD4, 0x36, 0x59,
    0x76, 0x41, 0x75, 0xD9, 0x3E, 0x47, 0x36, 0xED, 0xF7, 0xDC, 0xF9, 0x54, 0x60, 0x76, 0xCA, 0xED,
    0xEB, 0x65, 0xF7, 0x42, 0xB1, 0x34, 0xCC, 0xF7, 0x95, 0x9B, 0xEC, 0xCC, 0x09, 0x29, 0x65, 0x4E,
    0xFC, 0x6A, 0xC9, 0xFC, 0x6A, 0xCE, 0xBC, 0x9C, 0xA7, 0xE1, 0xB7, 0xD1, 0x80, 0xCC, 0x6A, 0x0D,
    0x6A, 0x65, 0xE7, 0x19, 0x9C, 0x65, 0xFB, 0xA1, 0x4A, 0x34, 0x1A, 0x9C, 0xE6, 0x93, 0x52, 0xB5,
    0x88, 0x9E, 0x20, 0x07, 0xA6, 0x2F, 0x8C, 0x52, 0x04, 0xF2, 0xD5, 0x18, 0x25, 0x27, 0x3E, 0xFF,
    0xBC, 0xED, 0xCC, 0xAF, 0xD7, 0x5F, 0xA8, 0xC1, 0xC1, 0x73, 0x24, 0xD7, 0x1E, 0x53, 0xE3, 0xDB,
    0xF8, 0x6A, 0xEE, 0x86, 0xE5, 0x29, 0x60, 0x87, 0x80, 0x19, 0x7F, 0xC3, 0x7D, 0xCA, 0x63, 0x3A,
    0x5B, 0x68, 0xDB, 0x00, 0xEB, 0x6C, 0x91, 0xD8, 0x8E, 0x00, 0xAC, 0xDF, 0xF6, 0x12, 0x01, 0x06,
    0x12, 0x1D, 0xBF, 0xFF, 0x31, 0xE2, 0xC8, 0x2A, 0x6C, 0xAE, 0xDC, 0x3B, 0x1D, 0x90, 0x73, 0x2A,
    0xD4, 0xBA, 0x15, 0x88, 0xA3, 0x3D, 0x71, 0x08, 0xA7, 0xFC, 0xAD, 0x33, 0x35, 0x7F, 0x51, 0x80,
    0x53, 0x58, 0x39, 0x59, 0x01, 0x02, 0xB7, 0xC4, 0x7E, 0xC1, 0x95, 0x67, 0x0B, 0x71, 0x66, 0x82,
    0xEB, 0x03, 0x9C, 0xB2, 0x98, 0xC0, 0x25, 0x1C, 0xDC, 0x66, 0x68, 0x6D, 0x65, 0x53, 0xC4, 0x79,
    0x02, 0x14, 0x2D, 0xF1, 0x78, 0xE6, 0xFC, 0x36, 0x6D, 0xC1, 0xA4, 0x0D, 0x0B, 0xC8, 0xBB, 0x23,
    0x7B, 0xDD, 0x7C, 0xD1, 0x3D, 0x5F, 0x34, 0xE3, 0x8F, 0x3B, 0x93, 0x4E, 0xC7, 0x10, 0x93, 0xC2,
    0x9F, 0x15, 0x62, 0xE0, 0x21, 0xE3, 0xB7, 0xD1, 0xBD, 0xE6, 0xEA, 0x9E, 0x39, 0xEE, 0x8F, 0xC8,
    0xC8, 0xD9, 0x6A, 0x72, 0x69, 0xC0, 0x89, 0x4E, 0xCF, 0x60, 0xCC, 0xF9, 0x16, 0x6E, 0xF9, 0xDA,
    0x69, 0x28, 0xC6, 0x51, 0x41, 0x17, 0xA6, 0x62, 0xEE, 0x9F, 0x06, 0xE0, 0x0A, 0xB7, 0xFC, 0x25,
    0xAE, 0x0F, 0x63, 0x8F, 0xB7, 0x46, 0xFB, 0x9A, 0x6B, 0xAA, 0x4B, 0xDD, 0x15, 0x53, 0x5E, 0xD3,
    0x5E, 0x53, 0x5F, 0xD3, 0x5F, 0x53, 0x60, 0xD3, 0x60, 0xAA, 0xB0, 0xE9, 0xB0, 0x29, 0x31, 0xB5,
    0x98, 0xD8, 0x12, 0x6B, 0x62, 0x08, 0x40, 0x53, 0x95, 0xA9, 0xCB, 0xA6, 0xCC, 0xD4, 0x66, 0x53,
    0xE7, 0x4F, 0xA4, 0xCF, 0x1F, 0xAB, 0x86, 0xE1, 0x83, 0xD1, 0x64, 0x20, 0x6B, 0x18, 0xE4, 0x86,
    0x1A, 0x86, 0xE7, 0x9A, 0x2E, 0x4C, 0x7A, 0x77, 0xEA, 0xAB, 0x9B, 0xD5, 0x30, 0x40, 0x91, 0x71,
    0xEF, 0x7A, 0x57, 0xAD, 0xA1, 0xD7, 0x0D, 0xA4, 0x60, 0xD0, 0x61, 0x7C, 0x48, 0x99, 0x03, 0x54,
    0x79, 0x0C, 0xDC, 0x4F, 0x9B, 0x6D, 0x99, 0xC3, 0xC5, 0x07, 0xE9, 0x26, 0x13, 0x6E, 0x5E, 0xE6,
    0xF0, 0x69, 0xBB, 0x94, 0x3C, 0xD0, 0x19, 0xF6, 0x01, 0x41, 0xD7, 0x02, 0x2A, 0xF0, 0xC3, 0xBB,
    0xDF, 0x24, 0x21, 0xAE, 0x88, 0x32, 0x12, 0x43, 0xE9, 0x4D, 0xC0, 0x6D, 0xC0, 0xAA, 0x4C, 0x00,
    0xD2, 0xF4, 0x05, 0x76, 0x67, 0x2E, 0xD2, 0x00, 0xB4, 0x3D, 0x86, 0x6F, 0xB9, 0xF9, 0xBD, 0xE0,
    0x71, 0x08, 0x9A, 0xA7, 0x13, 0x40, 0xCF, 0xF1, 0xF9, 0xB7, 0xD9, 0x77, 0x4B, 0x76, 0x6E, 0xB3,
    0x56, 0xB4, 0x32, 0xD5, 0x8C, 0x03, 0xF0, 0x0F, 0xBB, 0xD6, 0x05, 0xBF, 0x72, 0x91, 0xB2, 0xE8,
    0xD4, 0x64, 0xF0, 0x5C, 0x8F, 0xE4, 0xC6, 0x61, 0xF5, 0xE5, 0x33, 0x0E, 0x27, 0x68, 0x15, 0x1D,
    0xA3, 0x98, 0x95, 0xBA, 0x36, 0xAB, 0x6C, 0x57, 0x2E, 0xB6, 0xB0, 0xC9, 0x8C, 0xA5, 0xB5, 0x69,
    0x16, 0x4A, 0xED, 0xE2, 0x09, 0x4C, 0x79, 0x45, 0x7B, 0xFC, 0x4E, 0xD5, 0xA3, 0x6E, 0x96, 0x94,
    0x03, 0xF9, 0x3B, 0xB6, 0x49, 0x3A, 0xCA, 0x62, 0xC0, 0xF2, 0xA3, 0x76, 0xB1, 0xDA, 0xB4, 0xB2,
    0x34, 0x1D, 0x56, 0x81, 0x81, 0x9D, 0x58, 0x13, 0x04, 0x40, 0x90, 0x14, 0x9F, 0x71, 0x7B, 0x10,
    0x8A, 0x19, 0x30, 0xAD, 0xC0, 0x8B, 0xEE, 0xFD, 0x28, 0x5E, 0x54, 0x4D, 0x38, 0x89, 0x41, 0xE1,
    0x75, 0xB2, 0x5B, 0x33, 0xAC, 0xC9, 0x12, 0x88, 0x82, 0x04, 0x76, 0xC8, 0x5E, 0xFB, 0x6B, 0x38,
    0x41, 0x60, 0x42, 0xBD, 0x7B, 0xB7, 0x41, 0xF8, 0xA7, 0x2B, 0x06, 0x5C, 0x17, 0x96, 0x8D, 0x86,
    0x68, 0xEE, 0xC8, 0x07, 0xF0, 0x22, 0xE7, 0xF5, 0x7F, 0xE7, 0xD7, 0xB4, 0xD5, 0x25, 0x51, 0x46,
    0x0E, 0xEE, 0x40, 0x27, 0xE6, 0xA7, 0x53, 0xC5, 0xE3, 0xCD, 0x35, 0xD0, 0xD0, 0x50, 0xDD, 0x0E,
    0xEC, 0x3E, 0x8D, 0x2A, 0xCA, 0xC1, 0x4E, 0x6A, 0x6B, 0x04, 0x34, 0x9E, 0xD8, 0x87, 0x68, 0x7E,
    0xA6, 0x3A, 0xE7, 0xAA, 0x73, 0xA4, 0x35, 0xAE, 0x9A, 0x3A, 0x1B, 0x29, 0x02, 0xA0, 0x72, 0x7B,
    0xCC, 0x0B, 0xAD, 0x7E, 0x29, 0xAA, 0xE3, 0x7E, 0x74, 0x7F, 0x13, 0xD9, 0x2F, 0x96, 0xD2, 0x6E,
    0xF1, 0xCE, 0xC4, 0x7E, 0x0A, 0xDA, 0x61, 0xFA, 0x46, 0x29, 0xCF, 0x14, 0x9D, 0x53, 0xA6, 0x65,
    0x26, 0x88, 0x48, 0x5B, 0x16, 0xF3, 0x69, 0x17, 0x7B, 0x4E, 0xC3, 0x34, 0xD4, 0x17, 0xD6, 0xA6,
    0x7F, 0x64, 0x66, 0xDC, 0xEF, 0xD4, 0xA1, 0x26, 0x0A, 0x34, 0xA3, 0x12, 0x1A, 0xF0, 0x0B, 0x13,
    0x47, 0x7C, 0x80, 0xC8, 0x3B, 0xCB, 0x0E, 0x39, 0x96, 0x99, 0xF2, 0xAB, 0xE5, 0x31, 0x1E, 0x60,
    0xD1, 0xC4, 0xD3, 0xAC, 0x40, 0x7F, 0x6D, 0x8F, 0x79, 0x72, 0x2D, 0x31, 0x4C, 0x44, 0xFD, 0x4E,
    0xA6, 0x39, 0xD2, 0x76, 0xE7, 0x9B, 0xE4, 0x02, 0x5D, 0xD8, 0x78, 0x8C, 0xA0, 0xA1, 0x98, 0x62,
    0x6D, 0x45, 0x03, 0xD9, 0x48, 0xAF, 0xF5, 0xC6, 0x12, 0x47, 0xFE, 0x6B, 0x86, 0xB7, 0x72, 0xE8,
    0x36, 0x77, 0x8E, 0xC5, 0xA8, 0xC1, 0x38, 0xD3, 0x66, 0x5A, 0x37, 0xA5, 0x4D, 0x3D, 0xA9, 0x43,
    0x0E, 0x0B, 0x3F, 0x0A, 0xA0, 0x7F, 0xDF, 0x7F, 0xE6, 0xA5, 0x4A, 0x55, 0x21, 0x33, 0x88, 0x8F,
    0x5A, 0xAA, 0xE2, 0xE3, 0x2D, 0xD5, 0xFE, 0x02, 0x94, 0x1F, 0x58, 0x80, 0xD5, 0xAF, 0xF4, 0x4F,
    0x65, 0xAC, 0x4A, 0xB2, 0x5F, 0x7F, 0xF8, 0x02, 0x94, 0x58, 0x80, 0xFA, 0x6F, 0x00, 0xD5, 0xD9,
    0x01, 0xC4, 0x26, 0xF9, 0x7D, 0xC0, 0xF1, 0xCF, 0xCC, 0xE4, 0xEE, 0x39, 0x19, 0x35, 0x87, 0xC3,
    0x26, 0x69, 0xF2, 0x9C, 0x3A, 0xDC, 0x91, 0xEC, 0x14, 0x87, 0xC3, 0xEE, 0x3B, 0x73, 0x0D, 0x8A,
    0xC0, 0x22, 0xA7, 0x80, 0x2B, 0x82, 0x56, 0xB1, 0x10, 0x04, 0xB9, 0x7D, 0xA6, 0x0E, 0x00, 0x5D,
    0x50, 0x80, 0x1C, 0x02, 0x0A, 0x0E, 0x90, 0x72, 0x97, 0x99, 0xDC, 0x15, 0xE5, 0xB4, 0x79, 0xDA,
    0xA0, 0x28, 0x6E, 0xA2, 0xF4, 0x10, 0xDC, 0x9F, 0x4E, 0x93, 0x49, 0x6E, 0x9E, 0xE7, 0xDF, 0xCC,
    0x7F, 0xDC, 0xBE, 0xD6, 0x01, 0xB5, 0xEF, 0xFB, 0x6E, 0x30, 0xDF, 0x05, 0x5E, 0xF3, 0xFB, 0xEC,
    0xEF, 0xF1, 0x7B, 0xF7, 0x59, 0x80, 0xFC, 0x0C, 0x45, 0x84, 0xEA, 0xB2, 0xEE, 0xA6, 0xFE, 0x20,
    0xB6, 0x08, 0xB1, 0x23, 0x1B, 0xD7, 0x16, 0x43, 0x1C, 0xD8, 0x75, 0xFD, 0x40, 0x65, 0x6D, 0xFD,
    0x0F, 0xF1, 0x48, 0x13, 0xE3, 0xC8, 0x3F, 0xBE, 0x71, 0x18, 0x09, 0x9A, 0x20, 0x1F, 0xD7, 0x16,
    0x83, 0x3A, 0xE8, 0x97, 0x22, 0xC6, 0x36, 0x2E, 0xBB, 0x18, 0x01, 0x80, 0x5D, 0x80, 0x6A, 0x82,
    0x7D, 0x6A, 0x15, 0x60, 0xD7, 0x01, 0xD0, 0x7F, 0xDC, 0x29, 0x63, 0x6C, 0x35, 0xFF, 0x11, 0x39,
    0x17, 0x51, 0xBE, 0x14, 0x67, 0xBB, 0xA9, 0x38, 0xA9, 0xC2, 0x6E, 0xB1, 0x0F, 0xE5, 0xA2, 0x19,
    0xAB, 0x94, 0x59, 0x33, 0xEE, 0x27, 0x4D, 0x68, 0xC2, 0xD8, 0xC4, 0x4F, 0x3F, 0x1B, 0x9A, 0xF8,
    0x66, 0x6C, 0xAB, 0x53, 0x75, 0x92, 0x3D, 0xCC, 0x1E, 0x02, 0xCA, 0x23, 0xEA, 0x80, 0x66, 0x4D,
    0x3D, 0xA2, 0xEC, 0xC0, 0xCB, 0xE0, 0xD0, 0x22, 0x8D, 0xC7, 0x3E, 0xB5, 0x4C, 0x6D, 0xC0, 0xF3,
    0xDC, 0x30, 0x5F, 0x75, 0x4C, 0x6E, 0x6B, 0x16, 0x48, 0x99, 0xD9, 0x44, 0xF3, 0xF6, 0xEA, 0xF0,
    0xB2, 0x0E, 0x76, 0x01, 0x2F, 0x54, 0x6B, 0xFB, 0x66, 0x20, 0x8F, 0xFF, 0x8C, 0xEA, 0xD3, 0x11,
    0xCD, 0x9F, 0x4D, 0x78, 0xD5, 0xAB, 0x37, 0x8D, 0x84, 0x06, 0xF4, 0xC8, 0x7F, 0x79, 0x46, 0xF5,
    0xEB, 0x80, 0x66, 0x69, 0x71, 0x3E, 0xA0, 0x08, 0xFB, 0x96, 0xBC, 0x2B, 0xE0, 0xD2, 0x6C, 0x43,
    0x4B, 0x6A, 0x1B, 0xDB, 0xE6, 0xB6, 0xC1, 0x6D, 0x72, 0x1B, 0xDD, 0x66, 0xB7, 0xE1, 0x6D, 0x7A,
    0x1B, 0x9F, 0xE4, 0x27, 0x01, 0x4A, 0x82, 0x89, 0xF0, 0x11, 0x60, 0x11, 0x52, 0xE7, 0x17, 0x90,
    0x2D, 0x3D, 0xFC, 0x49, 0x1C, 0x9E, 0x3A, 0xC3, 0xB7, 0xA0, 0x87, 0xE6, 0x83, 0x91, 0xF2, 0xE7,
    0x53, 0xE2, 0x4B, 0x7A, 0x1B, 0x5E, 0xB2, 0xBB, 0xB2, 0x6D, 0x03, 0x6A, 0xD0, 0x0C, 0xA9, 0x47,
    0xBC, 0x50, 0xAC, 0xED, 0xAB, 0xB4, 0x79, 0xFF, 0xFA, 0x74, 0xA9, 0x65, 0x23, 0xF2, 0x05, 0xC5,
    0x19, 0x0E, 0xE4, 0xE3, 0x05, 0xD5, 0xB4, 0xAC, 0x74, 0x23, 0xE7, 0xFE, 0xBA, 0xE8, 0x76, 0xF3,
    0xD7, 0x51, 0xC5, 0x05, 0xB7, 0xEF, 0xCF, 0xB8, 0x95, 0x3F, 0x84, 0x03, 0xE4, 0xB1, 0x43, 0x19,
    0x8F, 0x8F, 0xE8, 0x5E, 0xF3, 0xFD, 0x1B, 0xA4, 0x7B, 0x46, 0xCB, 0xE1, 0x97, 0x23, 0x31, 0x1E,
    0x65, 0x63, 0xDF, 0x91, 0xDD, 0x43, 0x19, 0x50, 0x2F, 0x38, 0x9F, 0x29, 0xA6, 0x2B, 0xA6, 0x7B,
    0x05, 0x44, 0x28, 0xE2, 0x80, 0xEA, 0x57, 0x01, 0x17, 0xD9, 0x8C, 0x97, 0xBC, 0xE8, 0x0F, 0xE1,
    0x76, 0xA6, 0x51, 0x76, 0x01, 0xD5, 0x82, 0xE6, 0x84, 0xA5, 0xA1, 0x18, 0xAB, 0x4E, 0xD6, 0xE6,
    0x37, 0x74, 0x5E, 0xB3, 0xD1, 0xE5, 0xBB, 0xA7, 0x36, 0x03, 0x5C, 0xC0, 0x37, 0x9F, 0x7F, 0x0D,
    0xF5, 0xEB, 0x73, 0x92, 0x0C, 0xD8, 0xC5, 0x0E, 0xBE, 0xEB, 0x26, 0xCD, 0xEF, 0xC0, 0x19, 0xD9,
    0x09, 0xC5, 0xBC, 0x66, 0x24, 0xFF, 0xE0, 0xDB, 0x9D, 0x7C, 0x5D, 0x46, 0x31, 0xE2, 0xB0, 0xE0,
    0xCB, 0xDD, 0x55, 0xC1, 0xEE, 0xBA, 0x4B, 0xB3, 0x72, 0x86, 0xFC, 0x04, 0x1E, 0x24, 0xBA, 0xE7,
    0x9E, 0x46, 0xBA, 0xBB, 0xD0, 0xC3, 0xA1, 0xC3, 0x7E, 0xC0, 0xEE, 0x48, 0xFE, 0xB3, 0xB7, 0xAF,
    0x93, 0xCE, 0x6A, 0x43, 0xDF, 0xA6, 0x0E, 0x50, 0xA6, 0xD6, 0xED, 0x4A, 0x77, 0xF7, 0x69, 0xA4,
    0x03, 0xE5, 0xB8, 0x66, 0x5E, 0xB3, 0xC0, 0x7B, 0x28, 0x02, 0xDB, 0xEA, 0x85, 0x6B, 0xF3, 0x03,
    0xE5, 0xE9, 0x5B, 0xD8, 0xC7, 0x05, 0x77, 0xEB, 0x09, 0x5F, 0xCA, 0x92, 0x9F, 0xA7, 0xD1, 0xEF,
    0x2B, 0x3A, 0xE2, 0x27, 0x47, 0x59, 0x8C, 0x83, 0x7C, 0xE8, 0x01, 0xF9, 0x50, 0x5C, 0xEB, 0xEA,
    0x81, 0x3B, 0x1B, 0xD1, 0xDF, 0x4F, 0xA8, 0xE2, 0x88, 0x62, 0x23, 0x7A, 0xDE, 0x1F, 0xC2, 0x31,
    0xC9, 0xBA, 0xBC, 0x95, 0x8F, 0xBB, 0x41, 0xFE, 0xDB, 0xFB, 0x2D, 0xF1, 0x8C, 0x66, 0x46, 0xD6,
    0xDE, 0xC8, 0x1D, 0x79, 0xE6, 0x0D, 0xC4, 0x18, 0x97, 0x2D, 0xD5, 0x92, 0xCD, 0xAA, 0xD9, 0x6C,
    0x3F, 0x9B, 0xD4, 0x13, 0xEA, 0x70, 0x97, 0x26, 0xDC, 0xA1, 0x89, 0x8B, 0x2D, 0x87, 0xE3, 0x4C,
    0x3F, 0x4C, 0xC4, 0xE1, 0xDE, 0x1A, 0xC4, 0xAE, 0x38, 0x66, 0xB1, 0x2B, 0x87, 0x3C, 0xB6, 0xD5,
    0xD0, 0xC4, 0x18, 0x53, 0x3A, 0x00, 0x14, 0x01, 0xD5, 0xFC, 0x28, 0x13, 0x8A, 0x23, 0xBE, 0x76,
    0x26, 0xC6, 0xA1, 0x58, 0xEA, 0xA1, 0x0A, 0xF5, 0xB1, 0x1E, 0x9B, 0xA1, 0x19, 0x0E, 0x5D, 0xFF,
    0xC1, 0x59, 0xFC, 0x51, 0x48, 0x4C, 0x71, 0x58, 0x9F, 0x42, 0x3C, 0xEE, 0xF5, 0xF1, 0xAC, 0x89,
    0xB3, 0x2A, 0x1E, 0xF9, 0x6B, 0x20, 0x5B, 0x28, 0x4E, 0xEC, 0x4E, 0x14, 0x0B, 0xD9, 0x08, 0x49,
    0xE0, 0xF1, 0xDF, 0x21, 0xB9, 0x80, 0x19, 0xDA, 0x6B, 0x14, 0x38, 0x21, 0xB6, 0xC4, 0x81, 0x6A,
    0x7D, 0x3A, 0x0E, 0x78, 0x09, 0x4F, 0x86, 0x00, 0xF5, 0xF0, 0x2E, 0xFD, 0xEF, 0x02, 0x31, 0x1E,
    0xE5, 0xFF, 0x16, 0x3B, 0xDA, 0x57, 0xAE, 0x67, 0xCA, 0xEC, 0xE1, 0x73, 0xCA, 0xE5, 0x8E, 0x7D,
    0x5C, 0x5C, 0xF4, 0x93, 0xD7, 0xF6, 0x47, 0x3C, 0xB1, 0xE9, 0x9E, 0x05, 0x75, 0x87, 0x7B, 0x87,
    0x8E, 0x62, 0x3E, 0xA3, 0x3A, 0xBF, 0x83, 0xA6, 0x6F, 0xC9, 0xE6, 0x72, 0x20, 0x3B, 0x66, 0x83,
    0x6D, 0xDE, 0x6D, 0xD6, 0xAD, 0xDB, 0xC8, 0xDB, 0xCC, 0xDB, 0xD0, 0xDB, 0xD4, 0xDB, 0xD8, 0x69,
    0xEE, 0x34, 0xF3, 0xA3, 0xA6, 0xD1, 0xD3, 0xEC, 0x69, 0xF8, 0x54, 0xB6, 0xF1, 0xA5, 0xF9, 0x25,
    0x00, 0x49, 0x20, 0xB5, 0xF3, 0xF8, 0xA2, 0x07, 0x2E, 0x56, 0x83, 0x78, 0x9F, 0x22, 0xFE, 0x13,
    0xD5, 0x7F, 0x8E, 0x34, 0xD9, 0xC4, 0x4B, 0xFE, 0xF4, 0x52, 0x26, 0xD1, 0x58, 0x6D, 0xAC, 0x38,
    0x56, 0x1D, 0x2B, 0x8F, 0xD5, 0x27, 0x01, 0x25, 0x21, 0x71, 0x48, 0x29, 0x24, 0xA4, 0xA4, 0x94,
    0x98, 0x36, 0xA7, 0x0D, 0xEA, 0x99, 0x47, 0x4A, 0xF5, 0x70, 0x8F, 0xF2, 0xBF, 0x66, 0xFC, 0xDD,
    0x79, 0x43, 0x4A, 0x46, 0x89, 0xE8, 0xBA, 0xF6, 0x7E, 0x77, 0xA4, 0x0C, 0x14, 0xCB, 0x05, 0xEF,
    0xC5, 0x56, 0x11, 0x87, 0xD5, 0x21, 0x31, 0x24, 0x85, 0x27, 0xB6, 0xFB, 0x98, 0x41, 0xBC, 0xEC,
    0xBD, 0x3D, 0x8A, 0xF9, 0x01, 0xAA, 0xF3, 0xF7, 0x9F, 0xAE, 0x4D, 0xF9, 0x06, 0xD4, 0x03, 0x9A,
    0x11, 0xBB, 0x91, 0xBB, 0xC5, 0x48, 0xDC, 0x0F, 0x8A, 0xF8, 0x2F, 0xD7, 0xB3, 0x2E, 0x40, 0x7D,
    0x7C, 0x97, 0x3E, 0x06, 0x7E, 0x17, 0x8F, 0xDC, 0xFB, 0x32, 0xF2, 0x09, 0xD5, 0x09, 0x4D, 0x24,
    0x5B, 0xAA, 0x75, 0x71, 0xF2, 0x6B, 0x5A, 0x9C, 0x7B, 0x5F, 0x52, 0x9E, 0x6F, 0xAB, 0xE2, 0xE2,
    0x5B, 0x5F, 0x9B, 0x79, 0xA1, 0xA5, 0xB7, 0x2D, 0xCF, 0xA7, 0x63, 0xFA, 0x47, 0xF6, 0xCB, 0x4F,
    0x6C, 0x79, 0xDE, 0x41, 0xB1, 0xA0, 0x3A, 0xE3, 0x70, 0xD8, 0x3E, 0x26, 0x74, 0xBA, 0xA7, 0xE5,
    0x40, 0xFA, 0x0A, 0x0E, 0x64, 0x71, 0x50, 0xC4, 0xA3, 0xEA, 0xC3, 0xE0, 0xC2, 0xEC, 0x45, 0x2F,
    0x72, 0x95, 0x07, 0xF4, 0xC7, 0x88, 0x88, 0x1D, 0xF7, 0x3B, 0xF6, 0x2D, 0x6F, 0xE1, 0x79, 0x89,
    0x26, 0xC6, 0x51, 0x5C, 0xDF, 0x67, 0xA1, 0x9A, 0xAD, 0x2A, 0x09, 0xA5, 0x0E, 0x34, 0x9F, 0x3F,
    0xE3, 0xEA, 0xB1, 0x72, 0x10, 0x3F, 0x7F, 0x3A, 0x59, 0xEC, 0xE4, 0xB1, 0xD5, 0xC4, 0x29, 0x3D,
    0x70, 0x22, 0xB6, 0xE2, 0xA0, 0x1A, 0x54, 0x9D, 0x03, 0x2F, 0x81, 0xF7, 0xDD, 0x3F, 0x89, 0x8B,
    0x37, 0x17, 0xD5, 0xA2, 0x9A, 0xED, 0x27, 0x75, 0xD0, 0x04, 0xCD, 0xA8, 0x39, 0x3A, 0x7C, 0xD8,
    0xF5, 0x9F, 0xEA, 0x4F, 0x9A, 0xC9, 0xB3, 0xED, 0x95, 0xBC, 0x1A, 0xE4, 0x33, 0xBB, 0x85, 0x72,
    0xD9, 0xFE, 0xCC, 0x47, 0x1C, 0x88, 0x5D, 0x16, 0x3B, 0xB1, 0x4D, 0x32, 0xFF, 0xAF, 0x17, 0xA6,
    0xEE, 0x1C, 0x06, 0xFD, 0xB0, 0xF6, 0x36, 0xFC, 0xCD, 0x3B, 0x94, 0x31, 0x72, 0xF8, 0xDF, 0x7E,
    0xC8, 0x62, 0x5B, 0x87, 0xE2, 0xAC, 0x9A, 0xAA, 0xF5, 0x27, 0xEE, 0x67, 0xD5, 0xD2, 0x84, 0xCF,
    0xD3, 0x8F, 0x6B, 0xD6, 0x51, 0xE3, 0x60, 0xBF, 0xA6, 0x9E, 0xE2, 0xA0, 0x09, 0xFD, 0xA0, 0x19,
    0x0F, 0x83, 0x38, 0x34, 0x63, 0xFA, 0x11, 0xBB, 0x93, 0xF2, 0xDC, 0x4F, 0xB2, 0x18, 0x3B, 0xBE,
    0xFC, 0x63, 0xC0, 0xEA, 0x4D, 0x13, 0x1E, 0xE5, 0x88, 0xAA, 0xC5, 0x2E, 0x76, 0x89, 0x20, 0x16,
    0x4B, 0x71, 0x2A, 0xCE, 0xE5, 0x92, 0xC7, 0x6A, 0xCA, 0x63, 0x1D, 0x8A, 0xD8, 0x6C, 0xCF, 0xB9,
    0x19, 0x77, 0xA7, 0x66, 0x2C, 0x97, 0x26, 0x54, 0x53, 0x1D, 0x9A, 0xB1, 0x3A, 0xC5, 0x2E, 0x8F,
    0x0B, 0x5F, 0x6D, 0x81, 0xA6, 0x75, 0x29, 0xDC, 0x71, 0x1B, 0xF2, 0x16, 0xE5, 0x64, 0xD3, 0x94,
    0xAD, 0x31, 0xA3, 0x18, 0x91, 0x5D, 0xBB, 0x40, 0x83, 0x66, 0xE0, 0x30, 0x52, 0xAC, 0xCF, 0x91,
    0xBA, 0xE3, 0x16, 0x9E, 0x8C, 0xC3, 0x2D, 0xE8, 0xC9, 0x5E, 0x3F, 0x53, 0xFE, 0xCF, 0x4C, 0xF3,
    0xDB, 0x8E, 0xF3, 0x89, 0x22, 0xD4, 0x14, 0xED, 0xEE, 0x9A, 0x87, 0x7E, 0x44, 0xBE, 0x50, 0x7D,
    0x67, 0xA2, 0xF9, 0x79, 0x47, 0x0C, 0x14, 0xBF, 0x9E, 0xA8, 0xBA, 0xF7, 0xF8, 0x23, 0x7F, 0xEC,
    0x92, 0x20, 0x19, 0xAC, 0x08, 0x56, 0x05, 0x2B, 0x83, 0xD5, 0xC1, 0x0A, 0xA1, 0x09, 0x5B, 0xCE,
    0x56, 0x0B, 0x2B, 0x86, 0x55, 0xC3, 0xCA, 0x61, 0xF5, 0x90, 0x40, 0x36, 0x91, 0xE4, 0x71, 0x48,
    0x79, 0xBD, 0xA5, 0xFE, 0x28, 0x90, 0x37, 0xB3, 0x9B, 0x24, 0xC9, 0xC3, 0xA6, 0x91, 0x9D, 0xAB,
    0xD6, 0x45, 0x33, 0x10, 0xC3, 0x8A, 0x91, 0x2C, 0x12, 0xC5, 0x93, 0xD9, 0x05, 0x28, 0xC6, 0x44,
    0xBF, 0xE6, 0x44, 0xD6, 0xDE, 0xA1, 0x0C, 0xCB, 0xBA, 0x15, 0xE3, 0x0D, 0x12, 0x94, 0x1D, 0xAA,
    0xB0, 0x66, 0x42, 0x3E, 0x51, 0xB5, 0x81, 0xE6, 0xA3, 0x91, 0xF8, 0xDF, 0xAD, 0xE2, 0x37, 0x57,
    0xBF, 0x1A, 0x6C, 0x6B, 0x31, 0xC8, 0x62, 0x1C, 0x14, 0x9F, 0xC4, 0x4E, 0xD6, 0xBE, 0x82, 0x72,
    0x44, 0x3D, 0x23, 0xAE, 0x42, 0xD3, 0xF5, 0x0B, 0x3D, 0x9F, 0x91, 0xC7, 0xEF, 0xB4, 0x76, 0x31,
    0x52, 0xFE, 0xF9, 0x09, 0xCF, 0x40, 0x33, 0x20, 0x8E, 0x14, 0x9F, 0xAD, 0x42, 0xC3, 0xD5, 0x0A,
    0xE5, 0x8F, 0xFE, 0x9E, 0x9A, 0x05, 0xA7, 0x9F, 0x52, 0x8C, 0xFB, 0x56, 0x2E, 0x7F, 0x6A, 0x8E,
    0x87, 0x67, 0x51, 0x0F, 0xF4, 0xA3, 0x2C, 0x06, 0xBB, 0x71, 0x56, 0xB5, 0x77, 0x3D, 0xE7, 0x39,
    0xAE, 0xF2, 0xB8, 0x3C, 0xFE, 0x3F, 0x0F, 0x65, 0xC7, 0x7E, 0xD9, 0x0F, 0x34, 0x5D, 0x3D, 0xF0,
    0x92, 0xAA, 0x5B, 0x89, 0xAA, 0x76, 0x35, 0xBA, 0x9D, 0x90, 0x66, 0x69, 0x44, 0x89, 0x49, 0x72,
    0x92, 0xA0, 0x34, 0xE1, 0xB2, 0xC9, 0x4A, 0xC2, 0x92, 0xB4, 0x24, 0x2E, 0xC9, 0x4B, 0x02, 0x93,
    0xC4, 0x24, 0x32, 0xC9, 0x6C, 0x43, 0xDB, 0xD4, 0x2E, 0xD9, 0x66, 0xE4, 0x0B, 0x8A, 0x35, 0xBB,
    0x09, 0xD5, 0x31, 0x50, 0xBD, 0x3D, 0xF1, 0x8D, 0x62, 0x42, 0x1E, 0xEC, 0xE2, 0xDF, 0x06, 0x4D,
    0xFC, 0xCD, 0x20, 0x16, 0xF1, 0x09, 0xAC, 0xCD, 0xE5, 0x77, 0xDF, 0x54, 0x8B, 0xB2, 0x53, 0x44,
    0xAB, 0xCC, 0xFD, 0x61, 0x95, 0xC9, 0xDB, 0x1B, 0x97, 0xA9, 0x3A, 0xEC, 0x8F, 0x6B, 0x02, 0xCA,
    0x35, 0xC5, 0x24, 0xB0, 0xAC, 0x28, 0xAF, 0x5D, 0x95, 0x8C, 0x3C, 0xB5, 0x9C, 0x52, 0x17, 0xC8,
    0x96, 0xB2, 0xC3, 0xBC, 0xFA, 0x14, 0xE3, 0xEA, 0x93, 0xB9, 0x71, 0x1F, 0xA0, 0x49, 0x19, 0x70,
    0x18, 0x51, 0xA4, 0x1C, 0x03, 0xF5, 0xBA, 0x3E, 0xB7, 0xAE, 0x0C, 0x09, 0xE8, 0x5F, 0x5F, 0x2D,
    0xE2, 0xAF, 0x3E, 0xEA, 0x14, 0x31, 0xFE, 0x68, 0xB0, 0x7B, 0x3B, 0xD6, 0x83, 0xCC, 0xF7, 0x6E,
    0x9E, 0xE7, 0x7B, 0xCF, 0x50, 0x9C, 0x2B, 0xCA, 0x78, 0xA6, 0xEA, 0x4F, 0xC1, 0xD7, 0xCB, 0xF5,
    0x64, 0xB9, 0x42, 0x94, 0xB2, 0x83, 0xFD, 0x00, 0x75, 0xEA, 0x53, 0xB2, 0x27, 0xD5, 0x00, 0x4D,
    0x70, 0xD9, 0x23, 0x54, 0x2D, 0x20, 0xA0, 0xB8, 0x62, 0x1D, 0x9A, 0x16, 0xFD, 0x80, 0x98, 0xD2,
    0xE1, 0x36, 0xB2, 0x37, 0xB8, 0xE7, 0x10, 0x43, 0x13, 0xDB, 0xDF, 0xB7, 0x8E, 0xCA, 0xB3, 0x7C,
    0x54, 0x9E, 0x14, 0x09, 0xA2, 0x38, 0xA6, 0x0E, 0x6B, 0x77, 0xC3, 0xEA, 0x55, 0x26, 0x8E, 0xB2,
    0x4B, 0x5E, 0x6D, 0xAA, 0xCB, 0xD6, 0x56, 0xA0, 0x0B, 0x9A, 0xE0, 0x4E, 0xEA, 0x4C, 0xBD, 0x14,
    0x81, 0x2A, 0xC6, 0x81, 0x3C, 0x46, 0xF8, 0xEA, 0x43, 0x00, 0xF6, 0xDD, 0xA5, 0xCB, 0x61, 0xEB,
    0x00, 0xDF, 0x00, 0x0F, 0xDC, 0x57, 0x9F, 0xF3, 0xA8, 0x3F, 0x15, 0xD1, 0x9B, 0x4B, 0x11, 0x55,
    0x4B, 0x71, 0x56, 0xCD, 0xBB, 0x93, 0x6A, 0x2A, 0x17, 0xFB, 0x50, 0x2D, 0xEA, 0x50, 0xCD, 0x9B,
    0x42, 0x33, 0xD6, 0xC1, 0x61, 0xEC, 0xC3, 0xF1, 0xB0, 0x7E, 0x1F, 0x7F, 0x88, 0x75, 0x6C, 0x9B,
    0xA5, 0x3A, 0x79, 0xB6, 0xCD, 0x1E, 0x3E, 0x76, 0x31, 0xC7, 0x47, 0x19, 0xB0, 0xBF, 0x3C, 0xEB,
    0x8A, 0x39, 0xF5, 0x04, 0xD9, 0xFB, 0xE0, 0x87, 0x90, 0x4F, 0xE0, 0x69, 0x91, 0x7B, 0x00, 0xFD,
    0xB0, 0xE6, 0x88, 0x5D, 0xCA, 0x80, 0xA6, 0xC5, 0x2D, 0x5C, 0x11, 0xE1, 0x57, 0x41, 0xDF, 0xA2,
    0x88, 0x79, 0xA0, 0x3A, 0x15, 0x13, 0xCD, 0xC3, 0x22, 0x70, 0x4B, 0x1E, 0x56, 0x9E, 0xBF, 0x18,
    0x56, 0x9E, 0xB3, 0x95, 0x27, 0x5C, 0x37, 0xCF, 0xF4, 0xE8, 0xB2, 0x2F, 0xB7, 0x28, 0xC3, 0x81,
    0x6A, 0xE8, 0xD9, 0xB7, 0x0F, 0xF8, 0xBA, 0xBB, 0xF0, 0x93, 0x55, 0x66, 0x7C, 0x92, 0x32, 0x45,
    0x07, 0xD5, 0x84, 0x75, 0xD4, 0x3C, 0xC8, 0x63, 0xBB, 0xCA, 0xD4, 0x43, 0x11, 0xC8, 0xBA, 0x1B,
    0x97, 0xA9, 0x3A, 0xD4, 0xC3, 0x9A, 0xD1, 0x2D, 0x55, 0x70, 0x50, 0x04, 0x3D, 0xB3, 0x07, 0xBC,
    0x7A, 0x55, 0x32, 0x8F, 0x7D, 0xB0, 0x76, 0x0B, 0x64, 0xEF, 0xE5, 0x01, 0xEF, 0xAD, 0x3E, 0x45,
    0x28, 0x02, 0xDC, 0xB8, 0xCF, 0x17, 0x3F, 0x58, 0xB7, 0xD8, 0x1D, 0x0F, 0xEC, 0x86, 0x9E, 0x66,
    0x5D, 0x9F, 0x5B, 0x57, 0x86, 0x04, 0x1C, 0xBA, 0x23, 0xE2, 0x67, 0xFF, 0x1E, 0x14, 0x31, 0x7E,
    0x38, 0x29, 0x3E, 0x88, 0x45, 0x90, 0xF9, 0xAB, 0x9B, 0xE7, 0x79, 0x67, 0x3B, 0xEF, 0xB7, 0x54,
    0xF1, 0x74, 0xB0, 0xEF, 0x97, 0xDE, 0x37, 0xCB, 0xF0, 0x00, 0x57, 0x8C, 0x42, 0x1E, 0xA0, 0x98,
    0xE0, 0x69, 0xDA, 0x96, 0xC7, 0x0E, 0x58, 0xFF, 0x85, 0x03, 0xF6, 0xD8, 0x37, 0x2D, 0x3D, 0x7C,
    0x41, 0xEB, 0xDA, 0xCE, 0x5B, 0xD1, 0xA1, 0x9A, 0x58, 0x81, 0xC8, 0x63, 0x87, 0x7A, 0x40, 0xB6,
    0x7D, 0xD5, 0xFE, 0xDD, 0x26, 0x4E, 0x87, 0xA5, 0x89, 0xE1, 0x90, 0xDE, 0xA4, 0xCB, 0x63, 0xBB,
    0x97, 0xC5, 0xEE, 0x0E, 0x71, 0xF8, 0x09, 0xF1, 0x67, 0x81, 0xC3, 0x2F, 0x8E, 0x34, 0x9F, 0x74,
    0x34, 0x11, 0xF5, 0x09, 0xD5, 0xB2, 0x66, 0xC6, 0x7E, 0x42, 0x1D, 0xD0, 0x6C, 0x49, 0x72, 0xED,
    0x1A, 0xB8, 0x80, 0xBE, 0xC5, 0xA1, 0x43, 0x33, 0xA0, 0x3A, 0xA2, 0x18, 0x21, 0x05, 0x65, 0xF0,
    0xBE, 0x66, 0xCE, 0xCE, 0xE2, 0x92, 0x9F, 0xB3, 0x8F, 0x97, 0x62, 0x51, 0x2E, 0xC5, 0x6C, 0xB7,
    0x94, 0x41, 0xB1, 0x54, 0xA3, 0xE2, 0x54, 0x0D, 0x8A, 0xD3, 0xBE, 0x95, 0x9F, 0x6B, 0xBF, 0xCF,
    0x1D, 0xB2, 0xF3, 0x0F, 0x10, 0xDF, 0x7D, 0xEC, 0x37, 0x9D, 0x08, 0x0B, 0x5F, 0x12, 0x68, 0xDE,
    0x3E, 0xD2, 0x7F, 0xDC, 0xD2, 0x9C, 0x50, 0x3E, 0xE4, 0x9A, 0x26, 0x07, 0xD0, 0x40, 0xEC, 0x1E,
    0x05, 0xDE, 0xE2, 0x6A, 0x27, 0x5F, 0x34, 0x6F, 0xFF, 0xE2, 0xAC, 0xFF, 0xF8, 0xDB, 0x67, 0xCD,
    0xA9, 0x38, 0xAD, 0x93, 0x4F, 0xC8, 0x3B, 0x14, 0x33, 0x76, 0x0B, 0xB2, 0xF7, 0xE1, 0x87, 0xC8,
    0x27, 0x5C, 0x33, 0xCE, 0x82, 0x2C, 0xA6, 0xB4, 0xA8, 0x3A, 0xEC, 0xE1, 0xA7, 0xF0, 0x97, 0x37,
    0xB1, 0x1B, 0x80, 0xA6, 0x1B, 0x89, 0x9F, 0x1D, 0xE5, 0x31, 0x0E, 0x8A, 0x0F, 0x22, 0x99, 0x97,
    0xAF, 0x09, 0x27, 0xEF, 0x5E, 0xA0, 0x9A, 0xEF, 0xD0, 0xC4, 0x99, 0x8B, 0x18, 0x78, 0xB7, 0x1E,
    0xE0, 0x26, 0x48, 0xFE, 0x0F, 0xB5, 0x97, 0x01, 0xA4, 0x26, 0x59, 0x76, 0xC7, 0x7F, 0x55, 0xB7,
    0x5F, 0x57, 0xF6, 0x5D, 0xFA, 0x3E, 0x4C, 0x33, 0xD3, 0x9B, 0x74, 0x05, 0x30, 0xDB, 0x91, 0x29,
    0x88, 0x80, 0xF7, 0xBE, 0x5B, 0xB3, 0x8D, 0x15, 0x83, 0x34, 0xF6, 0x09, 0x60, 0x17, 0x83, 0x6C,
    0x87, 0x4C, 0x10, 0xB2, 0xA4, 0x67, 0xAA, 0xA6, 0x07, 0x48, 0x90, 0x06, 0x40, 0xD8, 0x16, 0x8B,
    0x99, 0x47, 0x76, 0x02, 0xA4, 0xAD, 0x37, 0xAF, 0x6E, 0x77, 0x93, 0x45, 0x23, 0x95, 0x2C, 0x00,
    0x49, 0xED, 0x6C, 0x92, 0x0D, 0xC1, 0x5E, 0x52, 0x6C, 0xCD, 0x4C, 0x7D, 0x75, 0x72, 0x8F, 0xFA,
    0x5E, 0x3F, 0xC9, 0xCE, 0xF6, 0xBC, 0x5D, 0xF2, 0x3F, 0xF7, 0x7F, 0xEE, 0xF9, 0xEA, 0x3B, 0xE7,
    0x9C, 0x53, 0xB7, 0x38, 0x5F, 0x7D, 0x77, 0x1E, 0x7E, 0x2E, 0xE0, 0x77, 0x7E, 0xFD, 0x37, 0xFE,
    0xB4, 0xE8, 0x8B, 0xBE, 0x1C, 0x7F, 0xF7, 0xAF, 0xF3, 0xF6, 0x8B, 0x05, 0xF2, 0x40, 0xBC, 0x7B,
    0xFA, 0xFD, 0xF9, 0x61, 0xFC, 0x9B, 0xF0, 0x90, 0x2F, 0x16, 0x30, 0xAD, 0x63, 0xF3, 0xC1, 0xE6,
    0x7B, 0x6E, 0xDF, 0xFC, 0x05, 0xFB, 0x5F, 0x2C, 0x77, 0x4F, 0x24, 0xE1, 0xEE, 0xC9, 0xAD, 0x93,
    0xBA, 0x91, 0xBA, 0x13, 0xEE, 0x9E, 0x70, 0x72, 0x72, 0xF2, 0x50, 0x44, 0xA2, 0xF2, 0xF8, 0xF8,
    0xF8, 0xCE, 0xDD, 0x93, 0x93, 0x07, 0xC9, 0x1E, 0x94, 0x6A, 0x27, 0xAA, 0x87, 0x62, 0x5C, 0xF5,
    0x7A, 0xE5, 0x17, 0x5D, 0x07, 0x4E, 0x4D, 0xF8, 0xFF, 0x58, 0xD7, 0x8F, 0x8F, 0xBF, 0xEE, 0x45,
    0xA6, 0x5B, 0x6B, 0x15, 0x76, 0x5D, 0x0F, 0x90, 0x45, 0xDB, 0x57, 0x1C, 0xD2, 0xB5, 0x5D, 0x50,
    0xB9, 0xC5, 0xD5, 0xB6, 0x8A, 0x3E, 0x49, 0x19, 0x4D, 0x6F, 0x83, 0xE7, 0x11, 0x90, 0x3F, 0x70,
    0xB1, 0x1A, 0xCB, 0xD1, 0xC5, 0x2C, 0x5D, 0xAD, 0xDA, 0x23, 0xC0, 0xF6, 0xEA, 0xD7, 0xF4, 0x0D,
    0x87, 0x6C, 0x70, 0x21, 0x0F, 0x28, 0x34, 0x63, 0xB0, 0xBD, 0xAF, 0x2B, 0x1E, 0x71, 0x48, 0xA4,
    0xBB, 0xBF, 0xD0, 0x3D, 0x95, 0x95, 0x4F, 0x16, 0x6E, 0xF1, 0x7E, 0xAA, 0x71, 0x83, 0x2A, 0x76,
    0xAD, 0x8F, 0x12, 0x94, 0x65, 0x6C, 0x5A, 0xD3, 0xBB, 0xDA, 0x86, 0x0A, 0x9F, 0xCD, 0x3C, 0x32,
    0x03, 0xA0, 0x75, 0xF7, 0x6B, 0x17, 0x7D, 0xA8, 0xC6, 0xAE, 0x2F, 0x13, 0xD5, 0xD6, 0xFC, 0xC9,
    0x97, 0xAA, 0xFD, 0x88, 0xA3, 0x2C, 0xA2, 0xB0, 0x61, 0x83, 0x1F, 0xA4, 0x6E, 0x3E, 0x96, 0x5A,
    0xEB, 0x9C, 0x99, 0x91, 0x53, 0x33, 0x70, 0x98, 0x45, 0xCA, 0xE4, 0x57, 0x84, 0x9B, 0xBB, 0xE6,
    0x5A, 0xB0, 0x11, 0x9C, 0x72, 0x48, 0x0C, 0xBC, 0x62, 0xEF, 0xB7, 0xDD, 0x4F, 0x9A, 0x28, 0x9F,
    0x4A, 0xEC, 0xFE, 0xA5, 0x19, 0x5E, 0x2A, 0xF7, 0x6A, 0x3C, 0xD0, 0x00, 0xC2, 0x05, 0xB7, 0x90,
    0xCD, 0x3B, 0x8E, 0x89, 0x71, 0x65, 0xDE, 0x27, 0x86, 0x35, 0x35, 0xBC, 0x0C, 0x74, 0xBB, 0x80,
    0x05, 0x98, 0xC9, 0x1E, 0x3C, 0xFA, 0x43, 0xBB, 0xFC, 0x99, 0x38, 0xF9, 0x50, 0xEC, 0xF6, 0x27,
    0x4B, 0xF6, 0x7A, 0x3C, 0xC0, 0x44, 0x28, 0xE2, 0x45, 0x2F, 0xB6, 0xE7, 0xE6, 0xD7, 0xFE, 0x61,
    0x68, 0x3E, 0xEB, 0xC6, 0x66, 0x2B, 0xA3, 0x7F, 0x56, 0x45, 0x4A, 0xC0, 0xD7, 0xD0, 0xB4, 0xD0,
    0xE9, 0xCE, 0x8A, 0x3B, 0xB8, 0x2D, 0x5E, 0x74, 0x35, 0xBA, 0xF0, 0x5B, 0xCA, 0x11, 0xA0, 0x87,
    0x2D, 0x48, 0x8F, 0x6C, 0x11, 0x09, 0xB2, 0x20, 0x03, 0x0B, 0x0C, 0x28, 0xCA, 0xDA, 0xF7, 0x5D,
    0xDF, 0x05, 0xDF, 0xDA, 0x3E, 0x1F, 0x7D, 0xB4, 0xB3, 0x8F, 0x6E, 0x9B, 0x38, 0x57, 0x83, 0x9D,
    0xF6, 0xC8, 0xEA, 0xB2, 0xB5, 0xA1, 0x18, 0x9A, 0xDE, 0xC7, 0x72, 0x94, 0xA1, 0x89, 0x7E, 0x92,
    0x3E, 0xE9, 0xB1, 0x09, 0xBE, 0x2F, 0xE3, 0x1E, 0xEA, 0x73, 0x83, 0x26, 0x48, 0x92, 0xA6, 0xBD,
    0xC2, 0xDD, 0xF7, 0xBF, 0xFF, 0xFE, 0x43, 0x2E, 0x27, 0xB7, 0x3E, 0xB8, 0xF5, 0x3D, 0xF6, 0x2F,
    0x29, 0x74, 0xCB, 0x85, 0x98, 0x70, 0x99, 0x11, 0xD0, 0x2D, 0x7F, 0xC7, 0x2A, 0x97, 0x8F, 0xE0,
    0xDA, 0x2A, 0x97, 0x8C, 0xD8, 0xAB, 0xD9, 0x41, 0x22, 0x79, 0x0F, 0x60, 0xE2, 0x4C, 0x11, 0x00,
    0x5C, 0x3F, 0xE3, 0x6A, 0x80, 0x32, 0xCC, 0x6C, 0x50, 0x54, 0xED, 0xCC, 0x29, 0x0A, 0xFF, 0xFA,
    0x9C, 0xC5, 0xD5, 0xFA, 0xEA, 0x6C, 0xFA, 0xEB, 0x70, 0x1D, 0x6F, 0x26, 0xF7, 0xAE, 0x0C, 0xB9,
    0x04, 0x6F, 0x62, 0x65, 0x7F, 0x1C, 0xDD, 0xD3, 0xE8, 0xED, 0x70, 0xAF, 0x7C, 0x32, 0x55, 0xEF,
    0x8D, 0xD5, 0x77, 0xC2, 0xE8, 0xEF, 0xCF, 0xDE, 0x8C, 0x76, 0x31, 0x83, 0xCF, 0xE7, 0xCE, 0x8C,
    0x60, 0x43, 0x67, 0xA6, 0x45, 0xAD, 0x92, 0x64, 0x6D, 0x8B, 0x08, 0x47, 0x2C, 0x26, 0x6E, 0x6D,
    0x84, 0x89, 0xC5, 0xC6, 0xD9, 0xF5, 0xE4, 0x91, 0x33, 0x17, 0xB6, 0x65, 0xD0, 0xE6, 0xBC, 0xAF,
    0xDF, 0x69, 0xD0, 0xE6, 0xDC, 0x4C, 0x39, 0x41, 0xC6, 0xE7, 0x41, 0x7A, 0x5E, 0x63, 0x45, 0xF1,
    0xD9, 0xC8, 0x3D, 0x56, 0xB8, 0x30, 0x33, 0xB2, 0xC2, 0xB7, 0xB3, 0x19, 0xCE, 0x6D, 0xE6, 0x22,
    0xB0, 0xA2, 0x63, 0x76, 0x35, 0x2B, 0x96, 0x6C, 0xDE, 0xB0, 0xC3, 0x36, 0x9F, 0x4E, 0x9F, 0xDB,
    0x26, 0xC6, 0xAA, 0xE5, 0x8F, 0xD3, 0xAA, 0xB7, 0xC5, 0x8F, 0x3F, 0x96, 0x68, 0x44, 0xD7, 0x99,
    0x7B, 0xF6, 0xEC, 0x47, 0xB3, 0xFB, 0x78, 0x72, 0xFF, 0x3C, 0x7A, 0x29, 0xCB, 0x30, 0x57, 0x69,
    0xBD, 0x3B, 0xDB, 0xF1, 0xC8, 0xD7, 0xB3, 0x67, 0xD6, 0x79, 0xC0, 0x69, 0xC3, 0x9C, 0x56, 0x97,
    0xEC, 0x2C, 0x76, 0xCC, 0xA9, 0xCA, 0x92, 0xCF, 0x98, 0x5E, 0x8D, 0x7C, 0xDA, 0x9A, 0x09, 0xD7,
    0xAA, 0x61, 0xC6, 0xD9, 0x44, 0x4A, 0x2D, 0x97, 0xD6, 0x5C, 0x44, 0x8E, 0x38, 0xB3, 0xFD, 0xD6,
    0xF5, 0xB3, 0x0B, 0x4C, 0x34, 0x6F, 0xB5, 0xCD, 0x5B, 0x75, 0xD7, 0xD4, 0x79, 0xA4, 0xDC, 0x52,
    0xA5, 0x35, 0x03, 0x64, 0xF5, 0x6E, 0x51, 0x17, 0xD1, 0x4E, 0x6E, 0x74, 0xB1, 0xEC, 0xAB, 0xE0,
    0xD9, 0x70, 0x8F, 0x37, 0xA1, 0xCE, 0x28, 0x62, 0x19, 0xEC, 0x54, 0x0D, 0x6E, 0xF4, 0x41, 0x07,
    0x51, 0xD9, 0x37, 0x75, 0x15, 0x3A, 0x3C, 0xFA, 0xBC, 0x27, 0xEE, 0x65, 0x91, 0x37, 0xB3, 0x07,
    0xD8, 0xD9, 0xFF, 0x48, 0x48, 0x5E, 0x4F, 0x92, 0x8E, 0xCD, 0x7B, 0x33, 0x65, 0xDF, 0x99, 0x89,
    0x2A, 0xA4, 0x8E, 0xD0, 0x73, 0x1B, 0xD8, 0x64, 0xA3, 0x0D, 0x1C, 0xE6, 0xD1, 0xD5, 0x1C, 0x68,
    0x72, 0x9A, 0xE0, 0x93, 0x94, 0xC1, 0xF5, 0xB6, 0x37, 0x49, 0xA8, 0x9B, 0xA7, 0x0B, 0x9A, 0xC3,
    0x07, 0xA1, 0x4C, 0x74, 0x7D, 0x83, 0xED, 0x3D, 0xA6, 0xAF, 0x12, 0x1D, 0x1A, 0x96, 0x7C, 0xB4,
    0x90, 0x68, 0x4F, 0x62, 0xA7, 0xE4, 0x66, 0xA6, 0xE4, 0x67, 0xA6, 0xE4, 0x98, 0x4D, 0xEA, 0x99,
    0x94, 0xE3, 0x54, 0x7D, 0x0F, 0x78, 0x09, 0x3A, 0x90, 0x36, 0x97, 0x60, 0x7E, 0x36, 0xD8, 0x1F,
    0x46, 0xF7, 0x78, 0xAA, 0xF4, 0x90, 0xDF, 0x01, 0x30, 0x81, 0x32, 0xD0, 0x61, 0x66, 0xCA, 0x88,
    0x0F, 0x34, 0xB5, 0x6A, 0x17, 0x31, 0x13, 0xCC, 0xB0, 0x81, 0x5F, 0x23, 0x83, 0x22, 0x60, 0x22,
    0x6C, 0xA1, 0xAB, 0xF1, 0x3D, 0x6E, 0xA0, 0x1A, 0xE8, 0xDA, 0x7C, 0x8B, 0x8D, 0x54, 0x2D, 0x47,
    0xAC, 0xA8, 0x6A, 0x78, 0x8D, 0x26, 0xD8, 0xDA, 0xB7, 0x4D, 0x5F, 0xB5, 0x6E, 0xF0, 0xE1, 0x0C,
    0x33, 0xDD, 0xC8, 0x27, 0x58, 0xB0, 0x03, 0xF8, 0x36, 0xF9, 0xE3, 0x86, 0x33, 0xD8, 0xBF, 0xFD,
    0xE9, 0x74, 0x43, 0xEF, 0x76, 0x68, 0x82, 0x4F, 0x9E, 0x5D, 0xF0, 0x7D, 0x97, 0xEC, 0xF2, 0xFE,
    0x67, 0xA9, 0x4B, 0xEC, 0xB0, 0x00, 0x55, 0xEB, 0x5B, 0x38, 0xD3, 0x9A, 0xF9, 0xB4, 0x6F, 0x26,
    0x6C, 0xF2, 0x5C, 0xA8, 0x52, 0x7E, 0xDF, 0x6A, 0x2D, 0x57, 0x5F, 0xA1, 0x6A, 0x33, 0xF8, 0x16,
    0x37, 0xC9, 0x84, 0x2E, 0x18, 0xA9, 0x25, 0xA9, 0xD7, 0x55, 0x65, 0x12, 0x0A, 0xC9, 0xA5, 0x2D,
    0xB6, 0xB9, 0x50, 0xCC, 0xAA, 0xA6, 0x7C, 0x4B, 0x11, 0xF3, 0x99, 0x62, 0xC8, 0x27, 0x8A, 0x90,
    0x47, 0x55, 0x03, 0x45, 0x9D, 0x07, 0x50, 0xEC, 0x93, 0xEB, 0x49, 0x94, 0x03, 0x12, 0x7C, 0x5C,
    0x55, 0xD3, 0x56, 0x3D, 0x57, 0xD8, 0x03, 0x85, 0x95, 0x2D, 0x8D, 0x48, 0x90, 0xDA, 0x47, 0xA1,
    0x8A, 0x67, 0xDD, 0x77, 0xC6, 0x2B, 0xF2, 0x8D, 0x11, 0xA9, 0x22, 0x8B, 0x1F, 0x98, 0xBB, 0x16,
    0x59, 0x40, 0x22, 0x2C, 0xC0, 0x04, 0x8C, 0xC0, 0x1D, 0x50, 0x64, 0x0F, 0xC0, 0x4E, 0xE0, 0xE6,
    0x95, 0x76, 0x04, 0x6A, 0xF0, 0x22, 0x73, 0xE2, 0x04, 0x8A, 0x43, 0x80, 0xB1, 0xAA, 0xA1, 0xE8,
    0x93, 0x47, 0xD6, 0xD5, 0xB9, 0xE8, 0x97, 0x54, 0xB2, 0xD4, 0x9C, 0xE3, 0x8F, 0xE4, 0xBB, 0x40,
    0x29, 0x22, 0x2D, 0x88, 0x7C, 0x28, 0x23, 0xC5, 0x04, 0x57, 0x67, 0x34, 0x12, 0xCF, 0xAB, 0xEB,
    0x3D, 0x81, 0x09, 0x50, 0xB4, 0xE0, 0x80, 0x9B, 0xBB, 0xFC, 0xDF, 0x06, 0x22, 0x64, 0x71, 0xF7,
    0x75, 0xA2, 0x6B, 0xA1, 0x0C, 0xB0, 0x19, 0xD2, 0xD7, 0x11, 0xE2, 0xB7, 0xC9, 0x86, 0x43, 0x4C,
    0xB8, 0x99, 0xA2, 0x1D, 0x2E, 0xE9, 0x12, 0x13, 0x0E, 0xC9, 0x06, 0xCE, 0xB1, 0xD6, 0xE2, 0xB0,
    0x42, 0x71, 0xB6, 0x6E, 0xDD, 0xDF, 0xEA, 0x8E, 0x15, 0x01, 0xB2, 0x6E, 0xDD, 0xB4, 0x4D, 0x60,
    0xFA, 0xFB, 0x09, 0xA0, 0x1E, 0x17, 0x80, 0x6C, 0xBC, 0x07, 0x5C, 0xBD, 0x3D, 0x1E, 0xBC, 0xCA,
    0x9E, 0x1D, 0xBE, 0xF9, 0x9B, 0x1E, 0x67, 0x03, 0xA7, 0x1E, 0xFF, 0xEC, 0xDD, 0x76, 0x39, 0xDA,
    0xB3, 0x9F, 0x7D, 0x23, 0x34, 0xA7, 0x67, 0x74, 0xFA, 0x3C, 0xA5, 0x91, 0x4F, 0xDF, 0x13, 0x39,
    0xF1, 0x3F, 0x9D, 0xF2, 0x45, 0xFA, 0xA3, 0xDF, 0xEE, 0xDE, 0x1D, 0xFE, 0x7B, 0x26, 0xCD, 0x8F,
    0x2C, 0xCE, 0x7C, 0x74, 0x0D, 0x13, 0xFF, 0x84, 0x8F, 0x48, 0x1B, 0x3B, 0x78, 0x69, 0xD3, 0x5A,
    0x5F, 0xE4, 0x44, 0xD8, 0xE1, 0x1A, 0x70, 0x04, 0x4C, 0x90, 0xC7, 0xDD, 0xBD, 0xD7, 0xB0, 0x01,
    0x4E, 0x77, 0x47, 0xD2, 0xAF, 0xC7, 0x51, 0x01, 0xDA, 0xE1, 0x08, 0x66, 0x00, 0x1B, 0xA0, 0xDC,
    0x05, 0x3F, 0x02, 0x0E, 0xD8, 0xC1, 0x49, 0xA4, 0x5C, 0x1E, 0x50, 0x45, 0xF0, 0xCA, 0x21, 0xB1,
    0x87, 0x26, 0x40, 0x97, 0x28, 0xCA, 0x36, 0xB1, 0x26, 0x13, 0xC8, 0x65, 0xC1, 0xC8, 0x16, 0xB3,
    0x40, 0xB1, 0x05, 0x3B, 0xAF, 0x74, 0xD3, 0xCA, 0x32, 0x72, 0x91, 0x4A, 0x29, 0x81, 0x46, 0xE3,
    0x15, 0xA5, 0x44, 0xF6, 0x65, 0x57, 0xA4, 0xE9, 0x7F, 0x41, 0x01, 0x30, 0xCA, 0xB5, 0x4E, 0x2E,
    0xE7, 0x05, 0x94, 0x5A, 0x60, 0x84, 0xEA, 0xBC, 0xC8, 0x70, 0x91, 0x4A, 0xEB, 0x9C, 0xD7, 0xFA,
    0xAD, 0x87, 0x5C, 0xFD, 0x84, 0x5C, 0x84, 0x46, 0xFA, 0x62, 0xAE, 0x82, 0x98, 0xE8, 0x46, 0xF7,
    0x58, 0xCC, 0xA4, 0x13, 0x72, 0x36, 0x13, 0xF8, 0x80, 0x9D, 0xC8, 0x35, 0x24, 0x52, 0x4A, 0x6D,
    0x64, 0xA0, 0xDB, 0x52, 0xEA, 0xE8, 0x89, 0x34, 0x5B, 0x0A, 0xA9, 0x91, 0x01, 0x3B, 0xC2, 0x02,
    0x36, 0x90, 0x8D, 0x60, 0x21, 0x1B, 0x12, 0x81, 0x1A, 0xF6, 0x20, 0xAB, 0xD7, 0x54, 0x11, 0xBA,
    0xA0, 0x0D, 0xEA, 0x56, 0x4E, 0xD0, 0xB4, 0xB8, 0x08, 0x5F, 0x5A, 0x5D, 0xB4, 0x25, 0xDB, 0x6A,
    0x47, 0x7E, 0xD0, 0x86, 0x3A, 0xED, 0x27, 0xC8, 0xA0, 0xED, 0x48, 0xAF, 0x29, 0x24, 0x68, 0x33,
    0xD2, 0x6A, 0x2F, 0x52, 0x6B, 0x2B, 0x82, 0x76, 0xB2, 0x36, 0x32, 0xA3, 0x7D, 0x4C, 0xD8, 0x00,
    0x11, 0x0B, 0x0C, 0x64, 0xC0, 0xDA, 0x43, 0xBB, 0x0E, 0xC1, 0xB5, 0xB4, 0xEA, 0x6A, 0xDC, 0xD5,
    0xDF, 0x95, 0xFF, 0x16, 0xFB, 0xFF, 0x89, 0x4E, 0x1A, 0x69, 0x8D, 0x7C, 0x75, 0xB1, 0x83, 0x91,
    0xDB, 0x73, 0x11, 0x8D, 0xE4, 0x93, 0x8D, 0x85, 0x40, 0x19, 0xF5, 0x61, 0x76, 0xA9, 0x37, 0xAC,
    0x84, 0x62, 0xC2, 0x0B, 0x45, 0x44, 0x26, 0x1D, 0x39, 0x12, 0x28, 0x82, 0xD9, 0xA2, 0x7A, 0x48,
    0xBA, 0x36, 0x01, 0x45, 0x0D, 0xFB, 0xBB, 0x03, 0x70, 0x03, 0xEB, 0xD0, 0x59, 0xF5, 0x3A, 0x7B,
    0xB8, 0xC2, 0x55, 0xE0, 0x00, 0xE8, 0x44, 0x46, 0x49, 0xD4, 0xBD, 0x11, 0x89, 0x65, 0x62, 0x76,
    0x72, 0x7B, 0x00, 0xD3, 0x6B, 0x5E, 0xB0, 0x89, 0xAE, 0x4D, 0xAC, 0xA1, 0x04, 0x2A, 0x60, 0x03,
    0x1C, 0x01, 0xF7, 0x80, 0xD3, 0x8B, 0x91, 0x94, 0x47, 0x30, 0x91, 0xE7, 0xD0, 0xC4, 0xBC, 0x25,
    0xB2, 0xC5, 0x3C, 0x11, 0x79, 0xA1, 0x5A, 0x54, 0xCD, 0xAA, 0x86, 0xA4, 0x22, 0xBF, 0xAA, 0x7A,
    0xEB, 0xC9, 0x27, 0x20, 0x4F, 0xA4, 0xE5, 0xB8, 0x3E, 0x86, 0x42, 0x44, 0x2A, 0x91, 0x4F, 0x1B,
    0xB9, 0x1D, 0xBA, 0x44, 0x79, 0xCE, 0xF5, 0xB3, 0x97, 0xDB, 0xBD, 0x8E, 0xBB, 0x2C, 0xFD, 0x87,
    0x4A, 0x5B, 0xFF, 0xA1, 0xC8, 0x64, 0x1E, 0xCB, 0x36, 0x71, 0x49, 0x94, 0x0B, 0xCA, 0x52, 0x3C,
    0x96, 0x59, 0xEF, 0x28, 0xB9, 0xD6, 0x28, 0xEC, 0x80, 0xB3, 0x3D, 0xD5, 0xB3, 0x40, 0xF9, 0x5F,
    0x6F, 0x84, 0x4C, 0xBA, 0x90, 0x6E, 0xB6, 0x6F, 0x24, 0xB2, 0xB9, 0x29, 0x1C, 0x1C, 0xF9, 0x96,
    0xB7, 0x1D, 0x7C, 0x04, 0xFA, 0xBC, 0x99, 0xCC, 0x62, 0xC4, 0x2C, 0xF9, 0xCC, 0xFF, 0x82, 0x1B,
    0x7C, 0xF4, 0xB1, 0x09, 0x6F, 0x73, 0x48, 0x85, 0x0D, 0x59, 0xCB, 0x0A, 0x2B, 0x9F, 0x00, 0x22,
    0xFA, 0x98, 0x27, 0xBE, 0x3C, 0x52, 0x06, 0xD8, 0xE2, 0x9F, 0x4F, 0xE2, 0x7D, 0x7E, 0x35, 0xBC,
    0x04, 0xEC, 0xAD, 0x79, 0xD6, 0x9C, 0x9A, 0xDF, 0x4E, 0x64, 0x7A, 0x04, 0x50, 0xCA, 0x16, 0xE0,
    0x3A, 0xCF, 0x51, 0xB5, 0x70, 0x58, 0xD5, 0xD0, 0x55, 0xE7, 0xB3, 0xB8, 0x58, 0x04, 0x9D, 0xC3,
    0x75, 0xA6, 0xFD, 0x31, 0xFD, 0xF9, 0xBC, 0x9B, 0xC0, 0xD9, 0x78, 0x08, 0xF9, 0x08, 0x64, 0x6F,
    0x02, 0x26, 0x82, 0xBD, 0x1D, 0xC1, 0x3D, 0x0D, 0xE0, 0x7E, 0xF6, 0x83, 0x5E, 0xCB, 0x0C, 0x54,
    0xAA, 0xBC, 0x8C, 0xE0, 0x7F, 0xBF, 0xAB, 0x39, 0xA8, 0xAA, 0x00, 0xDE, 0xD5, 0xD0, 0x64, 0xC0,
    0x1E, 0x5A, 0x75, 0x6C, 0xFE, 0x29, 0x36, 0x1F, 0x47, 0xFF, 0xC3, 0xE1, 0xCB, 0x5F, 0x0B, 0xD8,
    0x80, 0x6B, 0x71, 0x50, 0xC1, 0x06, 0x0E, 0xE1, 0x14, 0x26, 0x88, 0xE4, 0x11, 0x33, 0x60, 0xC2,
    0x03, 0xFB, 0x83, 0xD9, 0xFD, 0xE5, 0xEC, 0xDE, 0x98, 0x2B, 0xA3, 0xFD, 0x00, 0xB8, 0x31, 0x8B,
    0x7E, 0xC9, 0xE3, 0xDB, 0xD5, 0xD3, 0xE1, 0xD4, 0x4A, 0x78, 0x94, 0x49, 0x7B, 0x87, 0x97, 0x80,
    0xEB, 0x5F, 0x07, 0xAC, 0xC8, 0xBF, 0x81, 0x88, 0x2C, 0xD8, 0x11, 0xAA, 0x50, 0x01, 0x66, 0x78,
    0x04, 0x10, 0x29, 0x6B, 0x0A, 0xF7, 0x7B, 0x94, 0x7F, 0x55, 0xD5, 0xEE, 0x5F, 0x1B, 0x74, 0xE8,
    0x7D, 0xD0, 0xFD, 0xC7, 0xC3, 0x4E, 0x24, 0x2A, 0x33, 0x19, 0xB1, 0x3F, 0x3D, 0xA3, 0xFC, 0x47,
    0xDF, 0x5A, 0x77, 0x0D, 0xCA, 0x75, 0xF8, 0x40, 0x11, 0xC1, 0x4D, 0x17, 0xD3, 0xD1, 0x0C, 0x00,
    0xBE, 0x85, 0x2E, 0x24, 0xEE, 0xE6, 0xF8, 0x8D, 0xE7, 0xBF, 0xE0, 0xEE, 0xE7, 0x7E, 0xC1, 0x8B,
    0xD9, 0x0F, 0xF2, 0xC6, 0x6C, 0x27, 0xFF, 0x58, 0xF4, 0x95, 0xB2, 0xB9, 0xBF, 0x75, 0xD1, 0x0D,
    0x9D, 0x99, 0xCB, 0x50, 0xEA, 0xEB, 0x60, 0xD5, 0x56, 0xF5, 0x5C, 0x0C, 0x1E, 0xAF, 0x2F, 0x84,
    0x9B, 0xF5, 0x8D, 0xF0, 0x1E, 0x07, 0xD4, 0x24, 0x45, 0x36, 0x01, 0x66, 0x0B, 0x14, 0x8B, 0x5A,
    0x0B, 0xBB, 0x6B, 0x8A, 0xAE, 0xC6, 0x45, 0x09, 0x54, 0x51, 0xD5, 0xA8, 0xD3, 0x2D, 0xBE, 0x02,
    0x57, 0x5B, 0xF8, 0xE6, 0xCF, 0x87, 0x99, 0x19, 0x34, 0x27, 0xAF, 0x81, 0xED, 0x25, 0x50, 0xAE,
    0x61, 0xAA, 0xA2, 0xD7, 0x6B, 0x28, 0xC8, 0xE7, 0x35, 0x62, 0x8D, 0x5D, 0xB3, 0xF0, 0x5D, 0x48,
    0x99, 0xF3, 0xBA, 0x6B, 0x77, 0x61, 0xAB, 0xD2, 0x0E, 0xE2, 0x15, 0xC8, 0x80, 0xA6, 0x96, 0x90,
    0xA4, 0xFD, 0x0A, 0x9F, 0x8F, 0x57, 0xE8, 0x5A, 0xF5, 0xE8, 0xEA, 0x2B, 0xBC, 0xB0, 0xD2, 0xFF,
    0xC5, 0xE6, 0x85, 0xFD, 0x5E, 0xE0, 0xC5, 0x77, 0xFD, 0x95, 0x3C, 0xBC, 0xDA, 0x99, 0x5E, 0x24,
    0x31, 0xED, 0xDD, 0xCB, 0xA6, 0x7F, 0x19, 0xD3, 0xA3, 0xEC, 0x64, 0xC5, 0xF5, 0x3F, 0xF8, 0xF7,
    0xE3, 0xF3, 0x6B, 0x8D, 0xE9, 0xDF, 0x51, 0x7F, 0xE5, 0x26, 0xD9, 0xE0, 0xDB, 0x4E, 0xDB, 0x0F,
    0x37, 0x58, 0x51, 0xD5, 0xEB, 0xE7, 0xAA, 0x46, 0xC1, 0x97, 0x68, 0xF4, 0xB3, 0xFE, 0x31, 0x7E,
    0x7E, 0x1C, 0x4D, 0x7D, 0xE5, 0xFC, 0xC6, 0x5B, 0x0F, 0x6C, 0x90, 0x64, 0x77, 0x7A, 0x48, 0x17,
    0x1E, 0x40, 0xB7, 0xE4, 0xED, 0x2A, 0xBF, 0xC4, 0xDF, 0xDD, 0x6B, 0xAB, 0x5C, 0x36, 0xC2, 0xCF,
    0xD5, 0xE4, 0xA2, 0x1D, 0xD4, 0xFB, 0x32, 0x02, 0x79, 0x6B, 0x82, 0x1D, 0x5C, 0xAC, 0x26, 0x3F,
    0x5F, 0xAE, 0x86, 0x09, 0x2E, 0x1E, 0x26, 0xB8, 0x78, 0xB9, 0x2A, 0xD0, 0xB5, 0xBF, 0xDC, 0x9D,
    0xFF, 0x0F, 0x5D, 0x93, 0x01, 0xA4, 0x5C, 0xC7, 0x17, 0xC6, 0xBF, 0x7B, 0xE7, 0x9F, 0xCC, 0x5F,
    0x46, 0x4C, 0xD1, 0x42, 0xAA, 0xA6, 0x28, 0x48, 0xE9, 0x00, 0x40, 0xB3, 0xE7, 0xB6, 0x41, 0x10,
    0xA4, 0x48, 0x29, 0x50, 0x80, 0xB6, 0xF0, 0x50, 0x14, 0x92, 0xB7, 0x93, 0x3C, 0x14, 0x45, 0x03,
    0x50, 0xD0, 0xA0, 0x68, 0x03, 0x81, 0x00, 0xDD, 0xDD, 0x3B, 0xD9, 0xA0, 0x00, 0xB7, 0x8D, 0x2A,
    0x0A, 0xD3, 0x28, 0x5A, 0xC1, 0x3B, 0x89, 0x4B, 0xE7, 0xF5, 0xCD, 0xBD, 0xD3, 0x9D, 0xBB, 0x9B,
    0xE4, 0xB5, 0xDF, 0x7E, 0x87, 0xF1, 0x99, 0x39, 0x7B, 0x9D, 0xF9, 0x0D, 0x4E, 0x35, 0x68, 0x59,
    0x70, 0x52, 0x21, 0x69, 0x3F, 0x58, 0x3F, 0x90, 0x4B, 0xF4, 0x4E, 0xA2, 0x3A, 0x91, 0xE8, 0x49,
    0x05, 0xFB, 0xB5, 0x57, 0x23, 0x8A, 0xB8, 0x4E, 0x75, 0xC4, 0x2D, 0x40, 0x32, 0xB1, 0x0E, 0xBA,
    0xD3, 0xDE, 0x7A, 0x72, 0xF4, 0x01, 0xB1, 0xF5, 0x98, 0x54, 0x47, 0xA8, 0x08, 0xDB, 0xE3, 0x53,
    0xAE, 0x7E, 0x60, 0x79, 0x39, 0xBC, 0xA6, 0xC3, 0xEC, 0x6E, 0x9C, 0xE7, 0x74, 0xBE, 0xFD, 0x1D,
    0xD6, 0x81, 0x1C, 0x26, 0x55, 0x39, 0xD5, 0x39, 0x89, 0x9F, 0xAF, 0x8A, 0x06, 0xF2, 0x3C, 0x54,
    0x0E, 0xD0, 0x0C, 0xD9, 0x5F, 0x90, 0xFD, 0x4C, 0x31, 0xD9, 0x4E, 0x8F, 0x98, 0xF4, 0x12, 0x4C,
    0xAC, 0x72, 0x23, 0x7B, 0x18, 0x0F, 0xFA, 0x18, 0x6D, 0xF6, 0xA3, 0xE6, 0x51, 0xF2, 0x20, 0x79,
    0x54, 0x81, 0x3E, 0xF4, 0xCF, 0x76, 0xC2, 0xE6, 0x48, 0xB9, 0x3F, 0x77, 0x87, 0x21, 0x3C, 0x94,
    0x83, 0x05, 0x16, 0xA8, 0x22, 0x24, 0x4F, 0x67, 0x1D, 0x5A, 0x00, 0xAF, 0x40, 0xE4, 0x4E, 0xAF,
    0xD9, 0xDE, 0x60, 0xBB, 0x66, 0x7D, 0xEC, 0x64, 0x86, 0xCC, 0x7E, 0x66, 0xC3, 0x42, 0x87, 0xA4,
    0xC2, 0xCA, 0x78, 0xB3, 0x6D, 0xF8, 0x72, 0xC9, 0xCD, 0x01, 0x93, 0xE8, 0xE7, 0x22, 0xCE, 0x45,
    0x4F, 0x17, 0xD9, 0x66, 0xAE, 0xAE, 0x74, 0x20, 0x57, 0x8D, 0xB0, 0x8C, 0xDD, 0x3F, 0x5F, 0x7B,
    0xE1, 0x79, 0x4E, 0x1B, 0x9F, 0x4C, 0x80, 0x5D, 0xF8, 0x6C, 0x11, 0x31, 0x89, 0x72, 0xDC, 0x86,
    0x38, 0x0D, 0x58, 0x20, 0x41, 0x30, 0x54, 0x07, 0xED, 0x61, 0x1B, 0x10, 0xFE, 0x6B, 0x03, 0x68,
    0x07, 0xE1, 0x51, 0x15, 0x57, 0x8C, 0x88, 0x05, 0xAE, 0x63, 0x06, 0x02, 0x61, 0x1F, 0x2B, 0x24,
    0xA4, 0x9A, 0x65, 0xA7, 0xDD, 0x05, 0xBC, 0x8E, 0xA9, 0xEF, 0xD3, 0x01, 0x74, 0x3C, 0x42, 0xC7,
    0x4D, 0x85, 0x01, 0xBA, 0x4B, 0x30, 0xF7, 0x13, 0xEC, 0x3A, 0x82, 0x0E, 0x8E, 0x1C, 0x5D, 0xCC,
    0xA0, 0x3A, 0x01, 0x98, 0xE6, 0x52, 0xE7, 0x4E, 0x3F, 0x64, 0x7B, 0xD0, 0x93, 0x88, 0xAD, 0x88,
    0xA3, 0xE8, 0xCB, 0x94, 0x15, 0x0F, 0xBA, 0x1B, 0x8C, 0xDF, 0x9F, 0xC3, 0x44, 0xEC, 0xB4, 0xE7,
    0x44, 0x6E, 0xD0, 0xA2, 0x38, 0x03, 0x23, 0xAA, 0x01, 0x75, 0x2A, 0x16, 0x11, 0x6F, 0x8E, 0xCD,
    0x3C, 0xBB, 0xC2, 0x55, 0x66, 0xF1, 0x30, 0xA9, 0x1F, 0x93, 0x5A, 0xA7, 0x4A, 0x44, 0xE8, 0x00,
    0x6A, 0x10, 0x21, 0x3C, 0x4C, 0x66, 0x2A, 0x0E, 0xB8, 0x5A, 0xA6, 0xAC, 0xBF, 0x60, 0x23, 0xF9,
    0xD4, 0x74, 0x51, 0xF5, 0x80, 0xAA, 0x75, 0xD0, 0xDD, 0x3D, 0x1D, 0x92, 0xE9, 0x16, 0x73, 0x6F,
    0x47, 0xEC, 0x54, 0x25, 0xC8, 0x08, 0xD3, 0xE3, 0x33, 0xAE, 0x1E, 0xB2, 0xB8, 0xC4, 0x67, 0x55,
    0xC1, 0x8B, 0x36, 0x78, 0xDD, 0xFD, 0x03, 0xD6, 0xC3, 0xEE, 0xF0, 0x12, 0xB9, 0x97, 0x99, 0xD5,
    0xFB, 0xEF, 0x9D, 0x05, 0xCE, 0x7E, 0x07, 0x9B, 0xDD, 0xFF, 0x6C, 0x07, 0x1D, 0x4A, 0x4F, 0xEB,
    0x17, 0xAD, 0xB3, 0x03, 0x76, 0x97, 0xFC, 0x6A, 0xC2, 0x16, 0xAF, 0x0E, 0xF4, 0x15, 0xE6, 0xB9,
    0x6B, 0x15, 0x8F, 0xA2, 0xB8, 0x95, 0x7C, 0x12, 0x2F, 0x93, 0x93, 0xCD, 0xB1, 0xE0, 0x55, 0x77,
    0x50, 0x1E, 0x06, 0xB8, 0x8E, 0x6A, 0xBA, 0x36, 0xDD, 0x81, 0xFC, 0x73, 0xBC, 0x82, 0x5E, 0xB3,
    0xF1, 0xBD, 0xF9, 0xA9, 0xE0, 0x25, 0x9E, 0xE3, 0xA5, 0x78, 0xA1, 0xC2, 0xFE, 0x0E, 0xAF, 0x1D,
    0x88, 0xE6, 0x01, 0x53, 0x1D, 0x8B, 0x45, 0xA4, 0x83, 0xDE, 0x14, 0xBC, 0xC2, 0x16, 0x2F, 0xD3,
    0x63, 0x6C, 0x50, 0xD4, 0xBF, 0x70, 0x9B, 0xFB, 0x9C, 0xFB, 0x93, 0x09, 0xB0, 0x0D, 0x23, 0x80,
    0x5C, 0x16, 0x0C, 0x6C, 0x43, 0x2E, 0x3B, 0x01, 0xFC, 0x1F, 0x8B, 0x9A, 0x95, 0x37, 0xAE, 0x60,
    0xB2, 0x44, 0xDA, 0xFD, 0x0A, 0x3C, 0x04, 0x0D, 0x09, 0x78, 0x30, 0x0A, 0xB3, 0x5B, 0x96, 0x08,
    0xBB, 0x8D, 0x75, 0x2F, 0x82, 0x76, 0xB3, 0x42, 0xD3, 0xEA, 0x23, 0x79, 0x9C, 0xCC, 0xCD, 0x48,
    0xA2, 0xDF, 0x17, 0xBC, 0x94, 0x9C, 0x74, 0x18, 0x4C, 0xD7, 0x7E, 0x7F, 0x64, 0x1F, 0x44, 0xB4,
    0x8D, 0x7C, 0xDC, 0x99, 0x4B, 0x81, 0x54, 0xB7, 0xDA, 0x6B, 0x72, 0x44, 0x02, 0x96, 0x15, 0xE8,
    0x2E, 0x74, 0x02, 0xDA, 0x46, 0x3D, 0x0E, 0xF6, 0x66, 0x4F, 0x75, 0x5C, 0xD5, 0xFD, 0x20, 0x38,
    0x6D, 0x3A, 0xA8, 0x8E, 0xF6, 0x9C, 0x8E, 0x38, 0x73, 0xFB, 0x9C, 0xE2, 0xEB, 0x55, 0x0C, 0xC8,
    0xD3, 0x00, 0xE7, 0xA8, 0xB2, 0x93, 0x57, 0xFC, 0x5B, 0x3A, 0x44, 0x19, 0x4F, 0x1F, 0xC1, 0xB4,
    0xEE, 0x0D, 0xED, 0xA1, 0xBA, 0xAA, 0xED, 0xEC, 0xA1, 0x5F, 0x6A, 0x9F, 0x2C, 0xD2, 0x35, 0x50,
    0xC0, 0x99, 0x6F, 0x01, 0x95, 0x80, 0x3A, 0x02, 0xA2, 0x07, 0xC4, 0xD3, 0x08, 0x99, 0x07, 0xA8,
    0xC2, 0x3B, 0x0F, 0xD0, 0x3E, 0x4D, 0x65, 0x6E, 0x44, 0xD8, 0x77, 0x23, 0xA8, 0x1E, 0x1B, 0xC2,
    0xF8, 0xEF, 0x73, 0x0C, 0x88, 0x27, 0x77, 0x1A, 0xC9, 0x23, 0xD4, 0x6F, 0x0C, 0xFD, 0xAB, 0x83,
    0x3E, 0x04, 0x74, 0x76, 0x30, 0x5F, 0x7A, 0xD8, 0xCB, 0x01, 0x24, 0x22, 0xA8, 0x5A, 0xE0, 0xFC,
    0x6D, 0xCB, 0x2A, 0x68, 0xAF, 0xBD, 0xF1, 0xD6, 0x51, 0xF3, 0xEC, 0xE1, 0xB5, 0xB7, 0xC8, 0x7D,
    0xF2, 0x79, 0x58, 0xC1, 0x1E, 0x1E, 0xE7, 0x46, 0x3F, 0x1A, 0xA8, 0x31, 0xEB, 0x44, 0x28, 0x4F,
    0x09, 0x24, 0x98, 0x40, 0x92, 0x57, 0xD8, 0x57, 0x61, 0x89, 0xA5, 0xEA, 0xDA, 0x5B, 0x0B, 0xE5,
    0xA7, 0x13, 0xF6, 0x30, 0xEA, 0x27, 0xC9, 0xDC, 0x8F, 0x65, 0x3A, 0x82, 0x37, 0x2E, 0xC3, 0x15,
    0x7F, 0x2F, 0xEA, 0x74, 0xFA, 0x9B, 0x25, 0xE4, 0x5F, 0x19, 0xF5, 0x60, 0x9D, 0x88, 0xC6, 0x09,
    0xB6, 0x9B, 0x22, 0xC8, 0x40, 0x50, 0xDD, 0x02, 0xFA, 0x51, 0x0F, 0x9D, 0x3D, 0x8C, 0x03, 0x6C,
    0x03, 0x50, 0x29, 0x46, 0x79, 0x3A, 0xEA, 0x97, 0xA0, 0x6F, 0x06, 0x1D, 0xA0, 0x46, 0x54, 0x1B,
    0xF0, 0x8D, 0x7F, 0x5B, 0xF9, 0x99, 0x71, 0x66, 0x00, 0x6E, 0xD7, 0xC1, 0x1C, 0xED, 0xFD, 0xA9,
    0xBD, 0x71, 0x76, 0xFA, 0xFE, 0x39, 0xE8, 0x9E, 0x0D, 0xFF, 0x00, 0x7D, 0xD7, 0x01, 0xC4, 0x26,
    0xDB, 0x7D, 0xC7, 0xF1, 0xEF, 0xCC, 0xDC, 0xFB, 0x8E, 0xEE, 0x70, 0x4F, 0xD0, 0x8A, 0x76, 0x23,
    0x03, 0xB7, 0xC4, 0xE6, 0xA6, 0x53, 0x1A, 0xB5, 0xD5, 0x77, 0xDF, 0x33, 0x49, 0x01, 0x45, 0x17,
    0xF7, 0x55, 0x92, 0x90, 0xD0, 0x42, 0x02, 0x6F, 0x28, 0x55, 0xB5, 0x77, 0x67, 0x52, 0x58, 0xAC,
    0x24, 0x8B, 0x16, 0xA0, 0x59, 0x2C, 0xD5, 0x37, 0xD5, 0x0D, 0x2E, 0xB9, 0xD5, 0x77, 0xF7, 0x9C,
    0xEE, 0xAA, 0x8B, 0x25, 0x3B, 0x15, 0x57, 0x51, 0xDC, 0x49, 0xEF, 0xA5, 0xE9, 0x8D, 0xDA, 0xB3,
    0xBB, 0x53, 0x99, 0xFB, 0xEE, 0x99, 0xF9, 0x75, 0x66, 0x9E, 0xC7, 0x95, 0x8B, 0xE6, 0x70, 0x3E,
    0xBF, 0x79, 0x1E, 0x9C, 0xE3, 0x39, 0xFF, 0x33, 0xFF, 0xDD, 0x97, 0xDD, 0x28, 0xD4, 0x03, 0xEE,
    0xC9, 0x08, 0x59, 0xCC, 0x16, 0x4D, 0xC8, 0x02, 0x54, 0x7D, 0x02, 0x58, 0x0F, 0xD0, 0xF8, 0xD3,
    0xD3, 0x53, 0x5C, 0x2B, 0xA9, 0x76, 0x6D, 0x15, 0x2A, 0x16, 0xFB, 0x92, 0xC6, 0xDB, 0xEE, 0xD7,
    0xB1, 0x9D, 0xF5, 0x50, 0x9E, 0xBB, 0x77, 0xAE, 0x92, 0x4A, 0xEA, 0xE1, 0x65, 0xFD, 0x4D, 0x0D,
    0x68, 0x05, 0xAD, 0x24, 0xE2, 0x1A, 0xA4, 0x33, 0x23, 0x5C, 0xD4, 0xF7, 0x07, 0xB0, 0x52, 0x00,
    0x3E, 0xF5, 0x4D, 0x78, 0x2D, 0xC0, 0xE5, 0x9E, 0xC4, 0x75, 0x94, 0x1A, 0x70, 0xCF, 0x63, 0x3A,
    0xBF, 0x37, 0xE7, 0xD3, 0xA3, 0xFB, 0xE6, 0xD9, 0xE3, 0xC3, 0xF2, 0xF9, 0x77, 0xB0, 0x3F, 0xFE,
    0x0A, 0xF6, 0xED, 0xD7, 0x68, 0x1E, 0x5F, 0xA6, 0xF9, 0xD1, 0xE7, 0x71, 0xDF, 0xFE, 0x26, 0xEE,
    0x1F, 0x7E, 0x40, 0x13, 0x7B, 0xEC, 0xF0, 0x1F, 0xDE, 0x3E, 0x7B, 0xDC, 0x95, 0xCF, 0xDF, 0xF5,
    0x85, 0xEE, 0xD6, 0xA9, 0x26, 0xD2, 0x77, 0x6B, 0xB2, 0x1F, 0x41, 0xF6, 0x6D, 0x48, 0x5E, 0x02,
    0xE0, 0x57, 0x81, 0x4A, 0x3D, 0xA9, 0x14, 0x29, 0x87, 0x62, 0xA6, 0xF1, 0xD9, 0x8C, 0xEA, 0x2C,
    0x66, 0x22, 0xED, 0x8B, 0x09, 0x30, 0x11, 0x28, 0xC7, 0xD3, 0x1B, 0xA1, 0x1A, 0x96, 0x23, 0xB1,
    0xC1, 0xFE, 0x7C, 0xE5, 0x41, 0x58, 0x68, 0x59, 0xA8, 0x17, 0x1A, 0x16, 0xDC, 0xC2, 0x30, 0x27,
    0x75, 0x19, 0xE7, 0xBC, 0x2D, 0x34, 0x35, 0xA4, 0xD2, 0xB4, 0xDB, 0x02, 0x5E, 0x07, 0x1A, 0x69,
    0x5A, 0x89, 0x64, 0x73, 0xB2, 0x10, 0x39, 0x23, 0x8F, 0xBC, 0x45, 0x11, 0xB9, 0x83, 0x19, 0x01,
    0x33, 0xAC, 0x04, 0xA0, 0xDA, 0xD0, 0x0C, 0x56, 0x71, 0xA1, 0x03, 0x1A, 0x0F, 0x46, 0x6A, 0x29,
    0x57, 0x58, 0x27, 0xAA, 0x21, 0x15, 0x50, 0xE9, 0xA7, 0xE0, 0x14, 0x81, 0x54, 0x2D, 0x95, 0x06,
    0x5C, 0x17, 0x51, 0x3B, 0xA7, 0x62, 0x9D, 0xF7, 0x12, 0xD5, 0x1C, 0xE8, 0x83, 0xBA, 0x90, 0xDA,
    0xA4, 0x79, 0x07, 0xAC, 0xC7, 0x48, 0x94, 0x12, 0xDC, 0x83, 0x74, 0x00, 0xF3, 0xC1, 0xE9, 0xAD,
    0xB5, 0x10, 0x8D, 0xD4, 0x3B, 0xA9, 0x03, 0x48, 0xDB, 0x55, 0x0A, 0xBF, 0x85, 0xD9, 0xE4, 0x0A,
    0xD8, 0xB9, 0x18, 0xEF, 0xCF, 0x34, 0x73, 0x23, 0xA9, 0x2D, 0xE6, 0x17, 0x9A, 0xE5, 0x73, 0x3D,
    0x54, 0x2F, 0x5F, 0x28, 0x95, 0x97, 0x37, 0x53, 0xA6, 0x7A, 0x89, 0x98, 0x09, 0xB5, 0x66, 0xCC,
    0xA6, 0x44, 0x75, 0x19, 0xF2, 0x98, 0x8A, 0x2A, 0x14, 0xEB, 0xD7, 0x36, 0x98, 0x98, 0xCD, 0xD8,
    0xDE, 0x8E, 0x6B, 0x74, 0x6E, 0xC8, 0x26, 0x9C, 0xD7, 0x90, 0xE9, 0x55, 0xF7, 0x50, 0x21, 0xD3,
    0xA8, 0x9B, 0x4F, 0x02, 0xEA, 0x30, 0xC0, 0x4B, 0xDB, 0xD6, 0x00, 0x67, 0xBB, 0xB8, 0xBD, 0x8B,
    0xD3, 0x3B, 0x97, 0xEE, 0x24, 0x8A, 0x4D, 0xC4, 0xC5, 0xEA, 0x7D, 0x6C, 0x2C, 0xDA, 0x05, 0x53,
    0xF3, 0xFB, 0xD1, 0xC0, 0x9F, 0x4F, 0x86, 0x42, 0x52, 0x7F, 0xF0, 0x42, 0xAE, 0xE5, 0xE9, 0xFC,
    0x39, 0x78, 0xAA, 0x2B, 0x18, 0x49, 0xBE, 0x38, 0xD7, 0x51, 0x9D, 0x75, 0xBA, 0x4C, 0xE6, 0xDD,
    0x9B, 0x2B, 0x81, 0xDC, 0x37, 0x81, 0x26, 0x2E, 0xB8, 0x68, 0x7B, 0x76, 0xE3, 0x1B, 0xA7, 0x35,
    0x48, 0x13, 0xDC, 0x9D, 0xD5, 0x62, 0x06, 0xEB, 0x29, 0x83, 0xED, 0x52, 0x77, 0xEE, 0xC6, 0x4C,
    0x52, 0x4C, 0x9A, 0xDE, 0x76, 0xD8, 0xBE, 0xF1, 0x34, 0x9D, 0x6A, 0xDC, 0xCF, 0x26, 0x90, 0x7A,
    0x50, 0xC7, 0xAE, 0x62, 0xC9, 0x47, 0x15, 0xCB, 0x56, 0xAC, 0x02, 0x34, 0x0B, 0xAB, 0x6A, 0x01,
    0x70, 0xD2, 0x08, 0x40, 0x3E, 0x9B, 0x79, 0xF7, 0x30, 0x65, 0x02, 0xA0, 0x88, 0xFB, 0x87, 0xF5,
    0x48, 0xEB, 0x4A, 0xF5, 0xF6, 0x90, 0x48, 0x3D, 0x66, 0xCC, 0x94, 0x8F, 0x26, 0xAC, 0x77, 0x79,
    0x32, 0xA1, 0x08, 0x54, 0xA1, 0x1A, 0xCC, 0x90, 0x77, 0x58, 0xA9, 0x35, 0x13, 0x60, 0x35, 0x51,
    0xA8, 0x03, 0xFB, 0xDE, 0x4C, 0xA6, 0x08, 0xEE, 0xC7, 0x5A, 0x58, 0xE7, 0x83, 0x75, 0x31, 0x79,
    0xD6, 0xBA, 0xBD, 0xB4, 0x88, 0x5A, 0xF9, 0x23, 0xAC, 0x4F, 0x54, 0xBB, 0xDE, 0x61, 0x7D, 0xAA,
    0xDA, 0x06, 0x57, 0x37, 0xED, 0x89, 0x7E, 0x5A, 0xCD, 0xCD, 0x07, 0xC2, 0x29, 0xE6, 0x73, 0xA9,
    0x81, 0xDD, 0x38, 0x86, 0x0B, 0xA7, 0x1C, 0xDC, 0x29, 0x55, 0x9B, 0x31, 0x9F, 0xC8, 0xBB, 0x6C,
    0xB0, 0x59, 0xBB, 0x90, 0xD7, 0x59, 0x70, 0x86, 0x2C, 0xE8, 0x15, 0xF2, 0xA7, 0xFA, 0x14, 0x17,
    0x7F, 0xAE, 0x37, 0xD8, 0x2E, 0xCE, 0xC5, 0x17, 0xCD, 0x3F, 0x91, 0xCB, 0x06, 0xF2, 0xD9, 0x76,
    0x14, 0xD1, 0xFA, 0x3D, 0x83, 0xAD, 0x29, 0x42, 0x03, 0x45, 0x7F, 0x7D, 0xA1, 0x7B, 0x83, 0xDD,
    0xB8, 0x74, 0x7A, 0x5A, 0x1F, 0xDC, 0x6E, 0xA4, 0xA1, 0x18, 0x16, 0xA7, 0xC5, 0x36, 0xD1, 0x2A,
    0xFA, 0xC3, 0x55, 0x77, 0x73, 0x68, 0xBE, 0xF5, 0xFA, 0xEA, 0x8D, 0xF8, 0xCB, 0xA5, 0xD8, 0x34,
    0x3B, 0x43, 0x73, 0x63, 0x3A, 0x76, 0x7D, 0x73, 0x43, 0x92, 0x5F, 0x9D, 0x81, 0x83, 0x33, 0xC0,
    0x46, 0xE0, 0x93, 0x0B, 0x17, 0xBE, 0x3F, 0xB7, 0x54, 0x92, 0x87, 0x62, 0x80, 0x54, 0x01, 0xAA,
    0x95, 0xA9, 0xEC, 0xC9, 0x42, 0xD5, 0x51, 0x04, 0xEB, 0x31, 0xDD, 0x42, 0xB9, 0x52, 0x75, 0x4D,
    0x4B, 0xF5, 0x54, 0x5F, 0xA1, 0x54, 0x13, 0x31, 0x93, 0x0D, 0xA4, 0xB7, 0x2F, 0xD4, 0xFC, 0xDA,
    0xF1, 0xF1, 0x55, 0x9C, 0x14, 0x96, 0x7B, 0x75, 0x7A, 0x0B, 0x38, 0xE9, 0x21, 0xD3, 0x04, 0xE5,
    0x60, 0xC1, 0xFA, 0xAA, 0x45, 0x75, 0xE5, 0x13, 0x61, 0xEA, 0x4F, 0xCE, 0xC7, 0x6C, 0x65, 0xE4,
    0xE2, 0x74, 0x0C, 0x45, 0x04, 0xCA, 0xF5, 0xC9, 0x49, 0xF0, 0xD5, 0x0F, 0x5F, 0x67, 0xD7, 0x40,
    0x8A, 0x31, 0x19, 0xC8, 0xD7, 0xB6, 0x9D, 0x4D, 0x59, 0x00, 0xDD, 0xEC, 0xC1, 0x6E, 0xF7, 0xEE,
    0x0E, 0xD0, 0x68, 0x6C, 0xD4, 0xE2, 0xD6, 0xA8, 0xC9, 0x45, 0x19, 0x20, 0x9F, 0xB0, 0xED, 0xB6,
    0xE6, 0x3D, 0xC0, 0xC4, 0x34, 0x6C, 0x61, 0xFC, 0x1A, 0xE3, 0x11, 0x40, 0xF9, 0xBF, 0x11, 0x30,
    0x92, 0xD4, 0xEF, 0x63, 0xBD, 0x43, 0xAA, 0x59, 0xE2, 0x3F, 0xE5, 0x01, 0xD7, 0xED, 0xC2, 0xAB,
    0x07, 0xE4, 0x9B, 0xB0, 0x46, 0x6B, 0x87, 0xED, 0xCA, 0x57, 0x11, 0x52, 0xD5, 0x66, 0x82, 0x13,
    0xBD, 0x5F, 0xC8, 0xE3, 0x34, 0x26, 0xF2, 0x6B, 0x2D, 0xFF, 0xDE, 0x4A, 0xF3, 0xF5, 0x93, 0x0F,
    0xEF, 0x9D, 0x95, 0xE1, 0x6C, 0xAC, 0xC2, 0xD9, 0x6D, 0xDB, 0xFF, 0xE9, 0xB2, 0x2C, 0x58, 0x41,
    0x33, 0x92, 0xCB, 0x53, 0xE9, 0x5F, 0x79, 0x55, 0x13, 0xE8, 0x7D, 0x2E, 0x0A, 0x1A, 0xC1, 0x9F,
    0x08, 0xB2, 0x19, 0x9C, 0x02, 0x52, 0x00, 0x38, 0x60, 0x37, 0xAA, 0x7D, 0x4E, 0xBB, 0xF8, 0x72,
    0xDC, 0xA2, 0xDA, 0x77, 0xB4, 0xB9, 0xFA, 0xAF, 0x08, 0xD0, 0x5A, 0x3F, 0x03, 0xE0, 0x5A, 0x57,
    0x03, 0xA8, 0xB6, 0x1E, 0x48, 0xC4, 0x96, 0xE9, 0x92, 0x1D, 0xB0, 0xF5, 0xA7, 0x35, 0xA7, 0x5D,
    0xE6, 0x71, 0x97, 0xC5, 0x3E, 0xCD, 0x88, 0xED, 0x2E, 0xD5, 0x98, 0x81, 0xE6, 0x81, 0x06, 0x4C,
    0xC0, 0x3D, 0x7A, 0x36, 0x51, 0x06, 0xF4, 0x47, 0x9D, 0x2A, 0xF5, 0x89, 0xAA, 0x4E, 0xD7, 0x9D,
    0xCF, 0x26, 0xDB, 0xE9, 0x2D, 0x1B, 0xCC, 0x60, 0x7F, 0x32, 0xDF, 0x73, 0xB3, 0xEB, 0xEC, 0x8B,
    0x68, 0xC7, 0x6A, 0xC6, 0xA9, 0x07, 0x40, 0x35, 0xBB, 0xE4, 0x63, 0x99, 0xCE, 0xBB, 0xCC, 0xA6,
    0x7D, 0x46, 0xD8, 0x8F, 0x42, 0x80, 0x95, 0x07, 0x57, 0xF4, 0xA0, 0x3C, 0x7C, 0x8C, 0xED, 0x3B,
    0xE3, 0x41, 0xDF, 0x5D, 0x70, 0xAA, 0xA1, 0x11, 0xFB, 0x2B, 0x5D, 0x8D, 0x70, 0x68, 0x16, 0xAE,
    0x9B, 0x08, 0xAA, 0x66, 0x52, 0x49, 0x64, 0x9A, 0xD4, 0x16, 0x8F, 0x07, 0xF9, 0xF2, 0x46, 0x68,
    0x3A, 0x9B, 0x79, 0xDB, 0x43, 0x5D, 0x05, 0xF8, 0x5A, 0x19, 0xC8, 0x82, 0x09, 0xE4, 0xC1, 0xF4,
    0xE4, 0x63, 0xE5, 0x49, 0xA5, 0x76, 0x2B, 0x14, 0xA7, 0x1F, 0x75, 0xC8, 0x93, 0xF3, 0x7D, 0x87,
    0xDC, 0xFA, 0x62, 0xA6, 0x73, 0x17, 0xB1, 0xA1, 0xEA, 0x0F, 0xDC, 0xB9, 0x1B, 0x0A, 0x49, 0x03,
    0x8D, 0x57, 0x8D, 0x7B, 0x7B, 0x66, 0x57, 0x3C, 0xFD, 0xF7, 0xFE, 0xD7, 0x27, 0xE2, 0xFF, 0xE9,
    0x90, 0x5B, 0x79, 0x4D, 0x0D, 0x06, 0x52, 0xDD, 0xA2, 0x52, 0x44, 0x6D, 0xCC, 0x26, 0xA2, 0x19,
    0x18, 0xAB, 0xC0, 0x60, 0x3B, 0x68, 0x3C, 0x38, 0x0F, 0x6A, 0xBF, 0x74, 0x47, 0x7F, 0xA0, 0xA8,
    0x2F, 0xB8, 0x51, 0x75, 0xD5, 0xAD, 0xD5, 0x55, 0x6B, 0x7D, 0xE3, 0x6D, 0x6B, 0xBB, 0xA6, 0x35,
    0x1F, 0xAA, 0x4E, 0x35, 0x43, 0xD9, 0x82, 0x61, 0x37, 0x5F, 0x02, 0xA0, 0x0C, 0x5B, 0xD8, 0x5D,
    0x34, 0xC3, 0x16, 0x1A, 0x57, 0xD3, 0x27, 0x5B, 0x64, 0x8F, 0x22, 0x80, 0xB9, 0xB9, 0x45, 0x59,
    0x6C, 0x71, 0x94, 0x4F, 0x90, 0x6A, 0x1D, 0xBB, 0x98, 0x21, 0x0D, 0xD9, 0x62, 0x26, 0x49, 0x91,
    0x7C, 0x17, 0x54, 0xA4, 0x02, 0x8E, 0x76, 0x71, 0x46, 0xA2, 0x1A, 0xC6, 0x25, 0x5A, 0xB2, 0x61,
    0x09, 0x4F, 0x35, 0xD7, 0x9F, 0xD5, 0x48, 0xA3, 0xDA, 0x2E, 0x41, 0x31, 0x83, 0x53, 0x97, 0x46,
    0x13, 0xB2, 0x68, 0xC6, 0x6C, 0x30, 0x63, 0x72, 0xCB, 0x0C, 0x50, 0x05, 0x2B, 0x8D, 0x97, 0xEE,
    0x2A, 0xAE, 0xC5, 0xFC, 0xBA, 0x3A, 0x24, 0x85, 0xEA, 0xFC, 0x6E, 0xB0, 0x3D, 0x34, 0xBE, 0x6C,
    0x1B, 0x6F, 0x97, 0xD9, 0xD4, 0x76, 0xB8, 0x8F, 0xD1, 0x00, 0x5F, 0x07, 0xB8, 0x00, 0x18, 0xE0,
    0xD3, 0x6C, 0xBB, 0x56, 0x1A, 0xD0, 0x59, 0x4C, 0xE7, 0xC3, 0x29, 0x8F, 0x87, 0xB3, 0x19, 0xFE,
    0xE2, 0x5A, 0x19, 0xDE, 0xC4, 0xF6, 0x01, 0xDB, 0x2D, 0xD3, 0x07, 0x9A, 0x7F, 0xE9, 0x71, 0x0F,
    0x3A, 0xDC, 0x43, 0x4F, 0xB3, 0x4C, 0xFB, 0xF0, 0x91, 0xB7, 0xFF, 0xFE, 0xDD, 0xAE, 0x7C, 0xF1,
    0x3D, 0x5F, 0xE8, 0xA4, 0x4E, 0x35, 0x41, 0x59, 0xEF, 0x97, 0xDD, 0x1F, 0xA5, 0xF5, 0xAE, 0xDD,
    0x57, 0xDA, 0x0B, 0xF4, 0xAD, 0x95, 0x2F, 0x0A, 0x23, 0x69, 0x2C, 0x57, 0x52, 0xE5, 0x13, 0xD9,
    0x9C, 0x47, 0xB2, 0xA9, 0x88, 0xAC, 0xBF, 0x8E, 0x7C, 0xAD, 0x67, 0x31, 0x9A, 0x80, 0x19, 0xCA,
    0x85, 0x50, 0xF5, 0x94, 0xEB, 0x0F, 0xAA, 0x82, 0xF5, 0xD8, 0x7E, 0xA5, 0x6B, 0xFE, 0x0D, 0xEB,
    0xAD, 0x68, 0x7C, 0x35, 0x03, 0xC9, 0x55, 0x76, 0x23, 0xD5, 0x04, 0x95, 0xD4, 0xE2, 0x5A, 0xD7,
    0x21, 0x6C, 0x97, 0xCE, 0x54, 0x7E, 0xE1, 0xD3, 0xA4, 0x82, 0x85, 0x0E, 0x50, 0x04, 0x9C, 0xDA,
    0xFD, 0x15, 0x2B, 0x34, 0x02, 0x2E, 0x02, 0x66, 0x06, 0x32, 0x61, 0xDD, 0x38, 0xF3, 0xC3, 0xC7,
    0x87, 0x13, 0xCF, 0x1F, 0xFF, 0x5E, 0xE4, 0x9F, 0xFF, 0xB6, 0x19, 0xB0, 0xB3, 0x3C, 0xA5, 0x26,
    0x30, 0x57, 0x02, 0xBC, 0x72, 0xB9, 0x87, 0x5F, 0xF9, 0xCD, 0x16, 0x0A, 0x49, 0xAD, 0x59, 0x01,
    0xE0, 0xE5, 0xE3, 0xE3, 0x63, 0x2A, 0x49, 0xD8, 0xBB, 0xB3, 0xC3, 0xAE, 0x9D, 0xF4, 0x0D, 0x33,
    0x5C, 0x61, 0x39, 0xD7, 0x43, 0xA8, 0x02, 0x7B, 0x6C, 0xBF, 0xD2, 0xAD, 0x78, 0xA0, 0x59, 0x71,
    0x2B, 0x6A, 0xA1, 0x54, 0x84, 0x6A, 0xE5, 0x60, 0xF9, 0x47, 0xC2, 0x48, 0xFD, 0x81, 0x7B, 0x67,
    0x6B, 0x34, 0x2F, 0x7F, 0x79, 0xAA, 0x2B, 0xC9, 0xFF, 0xC6, 0xDD, 0x79, 0xFB, 0x4C, 0xD5, 0x71,
    0x69, 0x06, 0xD7, 0xC3, 0xC5, 0x08, 0x89, 0x00, 0xED, 0x97, 0x71, 0x7E, 0xB7, 0xB0, 0x5D, 0x2B,
    0x14, 0xB7, 0xB3, 0x4A, 0x96, 0x77, 0x35, 0x93, 0x7C, 0xE2, 0xCE, 0xC1, 0x06, 0xB0, 0x3F, 0xE9,
    0xB0, 0xF2, 0x34, 0x13, 0xB8, 0x8E, 0x5C, 0x0F, 0xDA, 0x4A, 0x4F, 0xEA, 0xCF, 0x68, 0x22, 0x51,
    0x77, 0xBD, 0x10, 0xB2, 0x62, 0xFE, 0xE1, 0xCC, 0xBD, 0x6C, 0xE6, 0x2C, 0x9B, 0xD2, 0x90, 0x4F,
    0x27, 0xBE, 0xD0, 0x0C, 0x5F, 0xAA, 0x81, 0x5D, 0x43, 0x84, 0xAD, 0x1A, 0x57, 0x4A, 0xE0, 0x9A,
    0x49, 0x6A, 0xAE, 0x7F, 0x55, 0x13, 0x56, 0x52, 0x5B, 0xE9, 0xDC, 0xF9, 0xE4, 0x1F, 0xC9, 0x3D,
    0x9F, 0x23, 0xF3, 0xBC, 0xF6, 0x85, 0x85, 0xA3, 0x47, 0x45, 0x8B, 0xD5, 0xF7, 0xE0, 0xBE, 0x26,
    0xD2, 0xE1, 0xBD, 0x01, 0x13, 0x92, 0x9A, 0xA3, 0x00, 0x7C, 0x26, 0xF0, 0x79, 0x88, 0x8C, 0xE0,
    0x76, 0x7F, 0x23, 0xF4, 0x50, 0xAA, 0x05, 0x76, 0xD5, 0x3E, 0xFC, 0x05, 0xAF, 0x6D, 0x9E, 0xAD,
    0x38, 0x8D, 0xBB, 0x82, 0x80, 0xED, 0x9F, 0xA9, 0x46, 0x5F, 0x0C, 0xCB, 0xD6, 0x4A, 0x7B, 0xEB,
    0xB3, 0x29, 0xEB, 0x16, 0x63, 0xE6, 0xAD, 0xCF, 0x63, 0xBE, 0x58, 0x8C, 0x85, 0x6F, 0xBC, 0x19,
    0x4C, 0xEB, 0x5A, 0x13, 0x4C, 0xAD, 0xBA, 0x0C, 0x06, 0x51, 0xF5, 0x25, 0xC2, 0xF6, 0xBF, 0x95,
    0x2C, 0xFA, 0xA3, 0x74, 0x5E, 0x3C, 0xCC, 0xA6, 0xED, 0xE8, 0xC8, 0xA4, 0x91, 0xC4, 0xBD, 0xD8,
    0xB6, 0x50, 0x4D, 0xD3, 0xB9, 0x16, 0xB7, 0xAC, 0xB3, 0xB0, 0x3C, 0xC9, 0x0B, 0xF4, 0x57, 0x33,
    0x07, 0xBA, 0x1B, 0xA9, 0xA4, 0x8E, 0x8B, 0xFA, 0x6B, 0xC8, 0x04, 0x7C, 0x56, 0xA7, 0xD0, 0x48,
    0x90, 0x4F, 0xEC, 0x4F, 0xCD, 0xC9, 0x83, 0x56, 0x20, 0xF9, 0x04, 0x50, 0xFC, 0x36, 0xF0, 0xCA,
    0x0F, 0x80, 0x13, 0x6D, 0xDB, 0x75, 0x94, 0x51, 0x81, 0xE6, 0x7F, 0xDE, 0x0D, 0xE8, 0x2F, 0x1F,
    0xF7, 0xA9, 0x7E, 0xF7, 0x3B, 0x75, 0x36, 0xFD, 0x4E, 0x4D, 0x1E, 0xFF, 0x6C, 0x5D, 0xE5, 0xEF,
    0x56, 0x00, 0x33, 0xEE, 0xD8, 0x7F, 0xCC, 0x57, 0xB2, 0x99, 0xFD, 0x5D, 0xA0, 0xEA, 0xE1, 0xE5,
    0x3F, 0x9E, 0xAF, 0x62, 0xA5, 0x71, 0x25, 0xD0, 0xAC, 0xC0, 0xAB, 0x5F, 0x03, 0xDE, 0x0A, 0xC0,
    0xB0, 0xF0, 0x8D, 0xF3, 0xC0, 0xFE, 0xBF, 0xBB, 0xE7, 0xAA, 0x29, 0x83, 0xF3, 0x1F, 0x7F, 0xFF,
    0x5A, 0xAC, 0x17, 0x34, 0x3F, 0x1B, 0xC1, 0xE9, 0x16, 0xE8, 0xED, 0x08, 0x6A, 0x05, 0xAA, 0x55,
    0x27, 0x42, 0x6D, 0xBA, 0x92, 0xCD, 0x89, 0xD6, 0x57, 0x7C, 0xFE, 0x68, 0xCB, 0x16, 0xAE, 0xBD,
    0xF9, 0x8B, 0x9B, 0xF1, 0x89, 0x1A, 0xFE, 0x0F, 0x84, 0x8F, 0x21, 0x70, 0xD4, 0x40, 0x14, 0x86,
    0xBF, 0xDC, 0xD2, 0xB9, 0x81, 0x30, 0xB3, 0x06, 0xB0, 0xC1, 0x0F, 0xD3, 0x20, 0x90, 0xCD, 0x6D,
    0xBC, 0x46, 0xA1, 0x10, 0x55, 0x15, 0x78, 0x71, 0x25, 0xE7, 0x35, 0x5E, 0x21, 0x68, 0x3B, 0xC3,
    0xD4, 0xCF, 0xF5, 0x12, 0xAF, 0xE2, 0x55, 0x34, 0x02, 0x56, 0x44, 0x44, 0x6C, 0xB2, 0xFC, 0x77,
    0xB9, 0x6B, 0x15, 0xC3, 0x37, 0xF3, 0x7F, 0x6A, 0xF7, 0xBD, 0xFF, 0xC1, 0x5B, 0xC4, 0x56, 0x59,
    0x04, 0xC9, 0x7A, 0xC9, 0x35, 0xD2, 0xA4, 0x98, 0x5E, 0xCA, 0x1A, 0xA9, 0xBA, 0x8B, 0x31, 0xD4,
    0x51, 0xAA, 0xF6, 0xCA, 0x37, 0x67, 0x57, 0xDF, 0x53, 0x0F, 0x24, 0x01, 0x51, 0x95, 0x92, 0xED,
    0x24, 0x13, 0x10, 0x07, 0x7D, 0xE0, 0xC4, 0xA5, 0x92, 0x1C, 0x06, 0xC6, 0x12, 0x6C, 0x6C, 0xC1,
    0xED, 0x7A, 0x08, 0xDB, 0xA0, 0x1D, 0x5B, 0x47, 0xDA, 0x85, 0xAC, 0xC9, 0x9B, 0xB0, 0xF4, 0x35,
    0x61, 0x11, 0x2E, 0x08, 0xF4, 0x30, 0xC2, 0x51, 0xD3, 0xBF, 0x34, 0x2A, 0x4F, 0x27, 0x10, 0x39,
    0xD5, 0x4F, 0x7B, 0x29, 0x19, 0x11, 0xAE, 0x04, 0x6D, 0x50, 0xFB, 0xBB, 0x41, 0x3A, 0xDE, 0x71,
    0x75, 0x53, 0x2E, 0x3D, 0x90, 0x3F, 0x1E, 0x3B, 0x48, 0x59, 0x27, 0xD5, 0xE5, 0x69, 0xF2, 0x7B,
    0x4E, 0xFC, 0xF8, 0x7F, 0x0D, 0xE9, 0x9D, 0x74, 0xBF, 0x23, 0x24, 0xC1, 0x6D, 0x82, 0xF1, 0xB6,
    0x0D, 0xB6, 0x35, 0x7E, 0xAB, 0x06, 0x61, 0xBB, 0x83, 0xAF, 0x0F, 0x03, 0x64, 0xB1, 0x83, 0x34,
    0x36, 0xB0, 0x88, 0x8F, 0xC5, 0x5F, 0x2A, 0x0D, 0xC2, 0x81, 0xF1, 0x88, 0xB8, 0x21, 0x0D, 0x80,
    0x89, 0x73, 0xB0, 0x41, 0xD2, 0x37, 0x9C, 0x67, 0x96, 0x9E, 0x80, 0x1E, 0x99, 0x11, 0xA1, 0x69,
    0x36, 0xCE, 0x34, 0x2E, 0xCE, 0xF8, 0x3C, 0xCE, 0x74, 0xE9, 0x78, 0x2B, 0x6E, 0xE2, 0x66, 0x5E,
    0x6A, 0x26, 0xA8, 0x5B, 0x20, 0x1B, 0x20, 0xEF, 0x81, 0x6A, 0xDF, 0x6A, 0x84, 0x44, 0x53, 0x35,
    0xAB, 0x64, 0x39, 0x21, 0x6A, 0xD5, 0x18, 0x10, 0xE7, 0xB0, 0xE8, 0x78, 0xE2, 0xF9, 0x47, 0xD0,
    0x9A, 0xBE, 0xDE, 0xA7, 0x79, 0x73, 0x5F, 0xF5, 0xB0, 0x9E, 0x94, 0x6A, 0xC3, 0x3A, 0xF7, 0x5C,
    0xA8, 0x58, 0xA1, 0xE2, 0x85, 0x3A, 0xAF, 0x54, 0x77, 0x85, 0x0D, 0x0E, 0x13, 0x5E, 0x81, 0xE7,
    0xC0, 0xEB, 0x4B, 0xF5, 0x1D, 0x95, 0xF8, 0xE2, 0x9B, 0x1E, 0x62, 0xFF, 0x40, 0xF5, 0x93, 0x64,
    0x3A, 0xD7, 0x51, 0x2B, 0x72, 0x7D, 0xD1, 0x57, 0x13, 0xCB, 0xC2, 0x8E, 0x14, 0xAE, 0xE7, 0x3A,
    0x6F, 0x79, 0x48, 0x4B, 0x9E, 0x71, 0xC4, 0x28, 0xB6, 0x61, 0xED, 0x3C, 0xD7, 0x36, 0x70, 0x7D,
    0x5C, 0x57, 0xE0, 0x3A, 0xAD, 0x1B, 0x56, 0x2C, 0x46, 0xD5, 0xAE, 0xBF, 0x40, 0xF6, 0xFB, 0x8C,
    0x65, 0xB4, 0xF1, 0x97, 0x12, 0xA7, 0xE4, 0xD3, 0xED, 0xC0, 0x4C, 0xBB, 0xC2, 0xF4, 0xFB, 0x6E,
    0xEA, 0xD8, 0x17, 0xD4, 0x6D, 0xA1, 0xDB, 0x2F, 0x96, 0x23, 0xEB, 0xCC, 0x6B, 0xB0, 0x86, 0x47,
    0xA8, 0x06, 0xA8, 0x3B, 0x3E, 0xD7, 0x77, 0xD1, 0x57, 0xBA, 0x37, 0xFF, 0xBB, 0x57, 0x4B, 0x03,
    0x00, 0xBC, 0xD2, 0x31, 0x88, 0xED, 0x44, 0x14, 0xC6, 0xF1, 0x7F, 0x32, 0x3E, 0x02, 0x06, 0xDE,
    0x58, 0xBC, 0xC2, 0x87, 0x60, 0xFA, 0x07, 0x32, 0x3D, 0xEC, 0xDE, 0x49, 0x67, 0x6B, 0xB3, 0xF5,
    0xF6, 0x5A, 0xD8, 0xC3, 0x62, 0xD2, 0xD9, 0x6E, 0x5F, 0xDD, 0xD6, 0x34, 0x36, 0x16, 0x16, 0xEE,
    0x66, 0x7A, 0x9B, 0xF4, 0x8D, 0x03, 0x0A, 0x96, 0x0E, 0x92, 0x22, 0x0B, 0x93, 0x7C, 0x92, 0xE5,
    0xDE, 0x65, 0x2F, 0x82, 0xA5, 0x1F, 0x9C, 0x1F, 0x84, 0x93, 0xCC, 0xC9, 0xC0, 0xC1, 0x3D, 0x51,
    0x48, 0x81, 0x3F, 0xBA, 0x04, 0x36, 0x43, 0xB5, 0x82, 0xD9, 0xC0, 0x88, 0x4E, 0x2A, 0xF5, 0x97,
    0xEA, 0xCD, 0xA8, 0xC9, 0x46, 0x3E, 0x99, 0xCD, 0xA7, 0x6A, 0xF5, 0xB1, 0xCE, 0x3E, 0xDA, 0xC5,
    0xC7, 0x26, 0xB9, 0xE4, 0x83, 0x7D, 0x52, 0x5B, 0x6A, 0x81, 0xF7, 0x2D, 0xA7, 0xD8, 0x04, 0xF8,
    0x19, 0xE8, 0x16, 0x40, 0x19, 0x8A, 0xDF, 0x32, 0x98, 0x5F, 0x33, 0xD4, 0xDF, 0xAF, 0x60, 0xCD,
    0x06, 0x5F, 0xEC, 0x5C, 0x19, 0xC1, 0x4F, 0xA5, 0x20, 0x95, 0xC2, 0x4C, 0x85, 0xDA, 0x2A, 0xA0,
    0xDE, 0x82, 0xC2, 0xE7, 0x3B, 0x5E, 0x3A, 0xD1, 0xED, 0x14, 0x37, 0xED, 0x9B, 0x1B, 0x46, 0x49,
    0x4A, 0xDD, 0xB3, 0x46, 0xD8, 0x8D, 0xFF, 0xC7, 0xCF, 0x74, 0xFF, 0xAD, 0xEE, 0x47, 0xCD, 0x52,
    0xFA, 0x46, 0xC7, 0x1F, 0x75, 0x2C, 0x5A, 0x90, 0xB4, 0xEE, 0xE5, 0x17, 0x1E, 0x5C, 0xE6, 0x3B,
    0xBB, 0x71, 0xA8, 0xC4, 0xA7, 0x46, 0x01, 0x34, 0xC1, 0x98, 0xC0, 0x2F, 0xD0, 0x64, 0xB0, 0x09,
    0x6C, 0x00, 0xDF, 0xC2, 0x23, 0x14, 0x99, 0xF7, 0x26, 0xE1, 0xED, 0x84, 0x77, 0x3D, 0xBE, 0x1B,
    0x06, 0x9D, 0x33, 0x0C, 0xC3, 0x0F, 0x9D, 0xB4, 0x9C, 0x0B, 0x00, 0x78, 0x0B, 0x5C, 0x03, 0x0B,
    0x94, 0x09, 0xAA, 0x00, 0xB6, 0x85, 0x03, 0xF0, 0x0B, 0x14, 0x09, 0xCC, 0x04, 0xB6, 0x07, 0x07,
    0xDC, 0x01, 0x33, 0x98, 0x08, 0x75, 0x80, 0xE6, 0xF4, 0xF1, 0xCF, 0xC0, 0x27, 0xC0, 0x1B, 0x7C,
    0x18, 0xE3, 0x18, 0xBB, 0xC9, 0xF5, 0x00, 0x7C, 0x7C, 0x04, 0x6C, 0xDC, 0x09, 0x80, 0xDB, 0xF1,
    0xFD, 0x0E, 0x40, 0x07, 0xF0, 0x08, 0x90, 0xCF, 0x14, 0x0B, 0x50, 0x26, 0xBA, 0x64, 0x12, 0xE3,
    0x6C, 0x22, 0xDD, 0x52, 0x07, 0x8A, 0xC5, 0x06, 0xC8, 0xB6, 0x87, 0xDC, 0x00, 0x0F, 0x0E, 0x78,
    0x3C, 0x00, 0x87, 0x2B, 0xC0, 0xDF, 0xED, 0x2C, 0x80, 0x9B, 0x81, 0x26, 0x9D, 0xA7, 0x02, 0xF0,
    0x0E, 0xBE, 0xC2, 0x68, 0xAA, 0x57, 0xAC, 0x16, 0xAF, 0xD6, 0x69, 0xED, 0xC6, 0xE0, 0xBF, 0x54,
    0xAA, 0xC2, 0x35, 0x0A, 0x66, 0xBA, 0xC2, 0xC7, 0x67, 0x67, 0x33, 0x79, 0xC6, 0xED, 0x36, 0x38,
    0xFD, 0x2E, 0xF5, 0x56, 0x41, 0xC2, 0x08, 0x97, 0x79, 0x89, 0x8B, 0x50, 0x28, 0x43, 0xF5, 0xF7,
    0x0A, 0x36, 0xE4, 0xD7, 0x17, 0xEB, 0x5A, 0x60, 0x04, 0xD0, 0xBF, 0x29, 0x2E, 0x29, 0x9F, 0xD9,
    0x2E, 0x59, 0x01, 0x93, 0x2F, 0x99, 0x81, 0x3A, 0xC1, 0x83, 0x9D, 0x40, 0x4D, 0x0F, 0xE3, 0x76,
    0xFA, 0x11, 0xCA, 0x99, 0x7B, 0x2B, 0x66, 0xA7, 0x3F, 0x93, 0xBF, 0x55, 0xBA, 0x2E, 0x15, 0xDE,
    0xF1, 0x01, 0xFE, 0xB3, 0x67, 0x5A, 0xA8, 0x03, 0xD8, 0x1E, 0x3C, 0xAF, 0xF6, 0x62, 0xC6, 0x44,
    0xB0, 0x01, 0x9A, 0x96, 0xFD, 0xF9, 0xDC, 0x33, 0x09, 0xAA, 0x69, 0x6F, 0x41, 0xCD, 0x4B, 0x4E,
    0xE7, 0x8C, 0x91, 0x46, 0x7D, 0xA1, 0x05, 0xB7, 0xB5, 0xF8, 0x08, 0x7E, 0x86, 0x5A, 0x3D, 0x8C,
    0x2B, 0x54, 0x8A, 0xD0, 0x45, 0x28, 0x03, 0xC0, 0xD7, 0xC3, 0x70, 0x1C, 0xA5, 0xB4, 0xD7, 0x47,
    0xEC, 0xA3, 0x4E, 0x2B, 0x7D, 0xF1, 0xBE, 0x4B, 0xD0, 0x25, 0xEA, 0xD3, 0xB9, 0x6A, 0x71, 0x11,
    0xDE, 0x02, 0x00, 0x1F, 0x86, 0xE1, 0x9F, 0x2D, 0x81, 0xBA, 0xEF, 0x0B, 0x00, 0xCA, 0x5A, 0xB5,
    0x6A, 0xD5, 0x12, 0x40, 0x2B, 0x65, 0x0F, 0x62, 0x35, 0x14, 0x44, 0xE1, 0x93, 0x97, 0x95, 0x27,
    0x04, 0x8C, 0x08, 0x36, 0x82, 0xA4, 0xB1, 0x36, 0x3D, 0xB8, 0x24, 0x7D, 0xA3, 0x8D, 0x95, 0x8D,
    0xB5, 0x7D, 0x6D, 0x6E, 0x5F, 0x6D, 0xDF, 0xF7, 0xD8, 0x23, 0xE4, 0xDA, 0x37, 0xC1, 0x1E, 0x4C,
    0x5F, 0xA5, 0x48, 0x11, 0xF1, 0x9A, 0x71, 0x3E, 0x6E, 0x58, 0x78, 0xCD, 0xA2, 0xF8, 0x0E, 0xD9,
    0x33, 0x79, 0x73, 0xE6, 0x2F, 0x73, 0xB3, 0x19, 0xCD, 0x6C, 0xBB, 0x36, 0x3D, 0x7F, 0xEF, 0x78,
    0x37, 0x98, 0x63, 0xB9, 0x60, 0x49, 0xD5, 0xB5, 0xD9, 0x5B, 0x7D, 0xB8, 0xE8, 0x92, 0x59, 0x07,
    0x9E, 0x08, 0x74, 0x01, 0xB6, 0xD9, 0xA9, 0xB4, 0xCD, 0xB9, 0xB6, 0x1D, 0xB7, 0x99, 0x0B, 0x66,
    0x2E, 0x94, 0x0C, 0xAE, 0xDA, 0x79, 0xC7, 0xED, 0x02, 0x6C, 0xB1, 0x81, 0x75, 0x76, 0x4A, 0x2A,
    0x72, 0xE1, 0xC1, 0xDD, 0x92, 0x0B, 0x92, 0x0B, 0xC9, 0xB9, 0xC0, 0xED, 0x42, 0x84, 0x1B, 0x81,
    0x1B, 0x08, 0x93, 0xF1, 0x5A, 0x19, 0x63, 0x10, 0x38, 0x79, 0x47, 0x50, 0x79, 0x4F, 0xD0, 0xFE,
    0xDA, 0xB3, 0xFC, 0xCD, 0x82, 0x90, 0x35, 0xCC, 0xC8, 0x49, 0xCD, 0x86, 0xBC, 0xE8, 0xBC, 0x23,
    0x47, 0x6F, 0x15, 0x90, 0x45, 0x80, 0xCB, 0x22, 0xC0, 0x65, 0x11, 0x40, 0x0E, 0x62, 0xBB, 0x92,
    0xFB, 0x9B, 0x4B, 0xFC, 0x38, 0x59, 0xEF, 0xB9, 0x13, 0x7F, 0xDC, 0xE3, 0x43, 0x13, 0x44, 0x2C,
    0x4E, 0x64, 0x69, 0xFC, 0x8E, 0xCC, 0xC3, 0x21, 0xF3, 0x78, 0xC8, 0x3C, 0x20, 0x32, 0x5D, 0x91,
    0x1D, 0x2F, 0x75, 0x81, 0x4F, 0x77, 0x54, 0x33, 0x92, 0x07, 0xB6, 0xC9, 0xA6, 0x92, 0x67, 0xF7,
    0x95, 0xA9, 0xDE, 0x24, 0x0B, 0xED, 0x2C, 0x75, 0xB1, 0x63, 0x71, 0x33, 0x45, 0xEA, 0x65, 0x24,
    0x65, 0x31, 0xBA, 0xC0, 0x2A, 0xD7, 0x91, 0xFB, 0xC3, 0x9F, 0x63, 0x88, 0x6F, 0xE7, 0x96, 0xA5,
    0xC7, 0x9A, 0x03, 0xE8, 0x4B, 0xBB, 0x6B, 0x77, 0x89, 0xD3, 0x12, 0x07, 0x35, 0x31, 0x24, 0xBB,
    0xD1, 0xA3, 0xFE, 0xA1, 0x49, 0x1C, 0xAA, 0xE1, 0xD0, 0xC2, 0xB1, 0x83, 0xE7, 0x01, 0x5E, 0x46,
    0x83, 0xA1, 0x83, 0xD7, 0xEC, 0xC9, 0x9C, 0x63, 0x72, 0x7C, 0xCE, 0xA5, 0x0E, 0x93, 0x98, 0x3D,
    0x34, 0x89, 0x9E, 0x0A, 0xE8, 0x63, 0x36, 0x5F, 0xB2, 0x39, 0xF6, 0xB9, 0x09, 0x9C, 0x92, 0x40,
    0x79, 0x2C, 0x9B, 0x64, 0x86, 0xE7, 0xD4, 0x0C, 0x4C, 0xB5, 0x81, 0xFE, 0x04, 0x27, 0xD1, 0xC5,
    0x66, 0x22, 0xCC, 0x28, 0x42, 0x67, 0xC7, 0xF1, 0xB6, 0xE7, 0x5F, 0x1E, 0x9A, 0x28, 0x89, 0xC1,
    0x54, 0x14, 0xAD, 0xB6, 0x82, 0x84, 0x7A, 0x52, 0x87, 0x71, 0x47, 0x90, 0x5E, 0x49, 0x72, 0x03,
    0xAE, 0x31, 0xEE, 0x8F, 0x3C, 0xEE, 0xDB, 0x3C, 0x6E, 0x65, 0x8C, 0xEB, 0xFD, 0xE6, 0xFB, 0xEE,
    0x45, 0x2A, 0x29, 0xA3, 0xF4, 0x6C, 0xC1, 0xFC, 0xDC, 0xFE, 0x67, 0xDC, 0x17, 0x3D, 0xD7, 0xC9,
    0x56, 0xBF, 0xF8, 0x67, 0xF6, 0x8B, 0xED, 0x8C, 0xDE, 0x7D, 0x88, 0x83, 0x4D, 0x43, 0x1C, 0xD5,
    0x98, 0x9A, 0xC9, 0x74, 0x4E, 0xAA, 0xDD, 0x68, 0x71, 0x33, 0xCA, 0xD1, 0xB8, 0x2A, 0xF1, 0x36,
    0x32, 0x88, 0x85, 0x3A, 0xD1, 0x99, 0x4B, 0xDC, 0x5A, 0x94, 0x0B, 0xFC, 0x59, 0xC4, 0x83, 0xDF,
    0x45, 0xA4, 0xFB, 0x5D, 0x77, 0x48, 0x2E, 0x9A, 0x84, 0xE8, 0x12, 0x40, 0xFA, 0x9B, 0x01, 0x0D,
    0xC4, 0x31, 0x1F, 0xB1, 0x5D, 0x98, 0xC3, 0x79, 0x84, 0x74, 0xB0, 0x0F, 0x68, 0x40, 0x25, 0x9C,
    0x24, 0x0C, 0x03, 0x12, 0x21, 0x21, 0x4A, 0x88, 0xFF, 0x32, 0x20, 0x78, 0x0C, 0x35, 0x3D, 0xD1,
    0x72, 0x7C, 0x86, 0x12, 0xB4, 0x71, 0x30, 0x0B, 0x79, 0x50, 0x35, 0x51, 0x28, 0x42, 0x81, 0xA3,
    0x96, 0x0A, 0x12, 0x1A, 0xDD, 0xB2, 0xC3, 0xAF, 0xEC, 0x73, 0x73, 0x6D, 0x59, 0xA5, 0xF3, 0xBA,
    0xF0, 0x7A, 0x90, 0xB5, 0xCF, 0x4E, 0x46, 0x56, 0x5E, 0x76, 0xC8, 0xBD, 0x32, 0x0A, 0xC8, 0x0F,
    0xF5, 0x8D, 0xDA, 0x59, 0xA6, 0x6E, 0x2B, 0x2D, 0x36, 0xBE, 0x22, 0x9D, 0x6D, 0x4C, 0x2A, 0xF2,
    0x57, 0x36, 0x7F, 0x64, 0xC9, 0xB5, 0x20, 0x1D, 0xDF, 0x68, 0x3E, 0xD1, 0xB5, 0x6F, 0xD2, 0x4F,
    0x25, 0xB4, 0x8B, 0xAC, 0xAF, 0xA2, 0x6E, 0xA9, 0x77, 0xA3, 0x3F, 0xA4, 0x94, 0x21, 0x8C, 0xD4,
    0x40, 0x18, 0x85, 0x5F, 0xB7, 0x39, 0x9A, 0x50, 0x31, 0x0A, 0x01, 0x88, 0xF5, 0xAA, 0xDE, 0x30,
    0x45, 0x61, 0x4F, 0x1C, 0x1A, 0xAF, 0xF0, 0x82, 0x6C, 0xFD, 0x99, 0x73, 0xD8, 0x13, 0x18, 0xEE,
    0xC4, 0xE2, 0xCD, 0x34, 0x21, 0xC1, 0x52, 0x2C, 0x6A, 0x12, 0x04, 0xC9, 0x09, 0x18, 0x42, 0x45,
    0x73, 0xB4, 0x7D, 0xCC, 0xFC, 0xFF, 0xD0, 0x90, 0x73, 0x84, 0x33, 0xDF, 0x34, 0xB9, 0x6D, 0xE7,
    0x7B, 0xFF, 0x9B, 0x01, 0x50, 0x9C, 0xE2, 0x2C, 0x02, 0x87, 0xA5, 0x66, 0x07, 0xEC, 0x66, 0x1E,
    0x0E, 0x1E, 0xA8, 0x47, 0x47, 0x13, 0x00, 0x13, 0x1E, 0xAF, 0x55, 0x0F, 0x34, 0xBE, 0x5C, 0x00,
    0xC0, 0xFA, 0x72, 0x8E, 0x28, 0xDC, 0xED, 0x71, 0x7D, 0x03, 0x18, 0x92, 0x1C, 0x81, 0x7B, 0xBC,
    0x39, 0xAE, 0x97, 0x00, 0x5C, 0x6F, 0xA6, 0x08, 0xB0, 0x37, 0xA3, 0xB0, 0xFB, 0xC3, 0x7D, 0x10,
    0xB6, 0x8D, 0x12, 0xC2, 0x82, 0xB0, 0x3E, 0x72, 0xF7, 0x17, 0x87, 0xC8, 0x72, 0x85, 0xED, 0x13,
    0x17, 0x1C, 0x84, 0xF3, 0x46, 0xD7, 0x45, 0xD6, 0x13, 0xD8, 0x26, 0x06, 0x30, 0xE2, 0x89, 0xF9,
    0xFA, 0x69, 0x89, 0x74, 0x2F, 0x3E, 0xFE, 0x9C, 0x92, 0x0C, 0x6B, 0xFA, 0xC8, 0xFD, 0xB8, 0x5B,
    0xA1, 0x7F, 0x6A, 0x89, 0x86, 0x83, 0x7C, 0xB6, 0x09, 0xF2, 0x36, 0xD9, 0x9C, 0x09, 0xA5, 0xFC,
    0x73, 0x80, 0x1A, 0x42, 0x05, 0xAF, 0x67, 0xF5, 0x9B, 0x80, 0x13, 0x7E, 0x3E, 0x4E, 0x62, 0x27,
    0xBF, 0x63, 0x46, 0x67, 0x33, 0xBC, 0x98, 0x1D, 0x86, 0x04, 0xB8, 0x5E, 0xBC, 0xD8, 0x8B, 0x0E,
    0x3B, 0xC5, 0x79, 0x92, 0x2A, 0xF8, 0x4D, 0x9C, 0x38, 0x89, 0x0A, 0xBD, 0xE0, 0xA1, 0x0A, 0x41,
    0x7D, 0x44, 0xC7, 0x43, 0x6C, 0x7A, 0x88, 0x0C, 0x20, 0x2E, 0x02, 0x1D, 0x99, 0x4E, 0xEC, 0xA5,
    0x0E, 0x2C, 0x25, 0x51, 0x8D, 0x8E, 0x90, 0x71, 0x11, 0x32, 0x2D, 0xEA, 0xB0, 0x56, 0x51, 0x79,
    0xB6, 0x88, 0xCA, 0xF9, 0x9C, 0x54, 0x6E, 0xCC, 0x2C, 0x2A, 0x02, 0xC6, 0x79, 0xE9, 0x78, 0x46,
    0x81, 0x8A, 0xB5, 0x2A, 0x26, 0x59, 0x14, 0x11, 0x83, 0x38, 0x1C, 0xD4, 0xC8, 0xBD, 0x6F, 0xA3,
    0x0A, 0xF8, 0x5D, 0x55, 0x16, 0x9D, 0xCE, 0x28, 0xB8, 0xDF, 0xFE, 0xB3, 0xCA, 0x83, 0x56, 0x65,
    0x2A, 0x4E, 0x10, 0x9D, 0xE6, 0x0B, 0x21, 0x42, 0xEE, 0xA9, 0x2A, 0x3D, 0x22, 0x5E, 0x61, 0xAB,
    0xE0, 0xD6, 0x41, 0x2D, 0xE1, 0x95, 0x6B, 0xB5, 0x85, 0x64, 0x2B, 0x35, 0x5C, 0xAE, 0x99, 0x7B,
    0x58, 0x32, 0x17, 0xB1, 0x5C, 0xC5, 0x4D, 0x17, 0x52, 0xC5, 0x7A, 0xD6, 0x2E, 0xCA, 0x42, 0xCA,
    0x68, 0xE6, 0xDC, 0x46, 0x33, 0xE5, 0x3A, 0xEE, 0xC7, 0xDC, 0xC7, 0x26, 0x78, 0x2D, 0x64, 0xF3,
    0xAB, 0xD7, 0x46, 0x36, 0x6C, 0xB5, 0x92, 0x66, 0xC9, 0x9D, 0xDC, 0x5D, 0x6C, 0xA5, 0xCC, 0xAD,
    0xDC, 0x6A, 0xB9, 0xF5, 0x72, 0x2B, 0xE6, 0x9D, 0x66, 0xE6, 0x23, 0xA8, 0x67, 0xF0, 0x43, 0xD0,
    0x43, 0x78, 0x64, 0xD0, 0xA9, 0x1A, 0x06, 0x09, 0x61, 0xDD, 0x39, 0x9F, 0x43, 0xB0, 0x43, 0x0E,
    0xC1, 0xF5, 0x1A, 0xC2, 0xA5, 0xEB, 0x35, 0x84, 0xC0, 0x3E, 0x9F, 0x45, 0x76, 0x1A, 0x42, 0xC1,
    0x56, 0x43, 0x88, 0x2A, 0x39, 0x04, 0xE6, 0x10, 0x4A, 0xE6, 0x10, 0xA2, 0x9C, 0x86, 0x50, 0x2D,
    0x39, 0x84, 0x7A, 0xCE, 0x21, 0x98, 0xBC, 0x18, 0xCC, 0xF4, 0x4E, 0x43, 0x30, 0xAB, 0xD7, 0x10,
    0x0C, 0x7B, 0x0D, 0xA1, 0x5E, 0x73, 0x08, 0xC5, 0xFF, 0x84, 0x70, 0xD5, 0x26, 0x58, 0x69, 0x41,
    0xC1, 0xD7, 0x84, 0xD6, 0x2B, 0x15, 0x6A, 0x16, 0x98, 0x09, 0x44, 0xC4, 0x58, 0x24, 0xEC, 0x63,
    0xD3, 0x67, 0xA0, 0x09, 0x36, 0xC1, 0xC6, 0x6B, 0xEA, 0x2C, 0xC2, 0x57, 0x33, 0x22, 0x86, 0x3A,
    0x57, 0x5C, 0x71, 0xB7, 0xE2, 0x2A, 0x19, 0xB2, 0x22, 0x50, 0x66, 0xAC, 0x92, 0x6C, 0x0A, 0xF8,
    0xC7, 0x05, 0xAA, 0x19, 0x96, 0x43, 0xFA, 0xB8, 0x21, 0x90, 0xDE, 0x74, 0x1A, 0x21, 0xCD, 0xDD,
    0xAE, 0x8A, 0x41, 0xE0, 0x3A, 0x79, 0x58, 0x21, 0xF0, 0x9B, 0xD1, 0x5B, 0x6D, 0xB6, 0xF6, 0x5A,
    0x8D, 0xAA, 0x49, 0x55, 0x02, 0xD8, 0x45, 0x78, 0x7D, 0xF2, 0xC9, 0xA8, 0x61, 0xA8, 0xB9, 0x14,
    0x64, 0x34, 0x5A, 0xD2, 0xCD, 0x14, 0x8D, 0xEA, 0xB1, 0x4E, 0x33, 0x89, 0x33, 0x4B, 0x46, 0x66,
    0x95, 0x7D, 0x54, 0xF4, 0x29, 0x8B, 0x92, 0x8B, 0x6C, 0xC7, 0xB1, 0x4D, 0xDB, 0xA9, 0xE5, 0x52,
    0x3A, 0x01, 0xFB, 0x28, 0x66, 0x61, 0x7B, 0xEB, 0xE1, 0x32, 0x3A, 0xDB, 0xD9, 0x70, 0x61, 0x6F,
    0x09, 0x4B, 0x6F, 0x38, 0xC1, 0xB0, 0xC5, 0x73, 0x00, 0xBF, 0x17, 0xC0, 0x00, 0x00, 0x62, 0x80,
    0x83, 0x12, 0x30, 0x09, 0x28, 0x49, 0x0E, 0x2C, 0x18, 0x86, 0xA2, 0x28, 0x0C, 0x9F, 0xE6, 0x22,
    0x08, 0xD2, 0x0D, 0x32, 0x42, 0x47, 0x48, 0x74, 0x81, 0x8E, 0x94, 0xB7, 0x41, 0x07, 0x29, 0x0A,
    0x50, 0x54, 0xBB, 0x42, 0x46, 0x78, 0xD0, 0x0D, 0x82, 0xA0, 0xEF, 0xFD, 0xBD, 0x37, 0x3D, 0x1C,
    0x3F, 0xBE, 0x43, 0xD9, 0xD3, 0x32, 0x45, 0x06, 0x96, 0xC8, 0xCC, 0x1A, 0xC4, 0xAD, 0x04, 0x65,
    0x8D, 0x8E, 0x43, 0x7A, 0xF6, 0x8E, 0x73, 0x2A, 0xB6, 0x3A, 0x7D, 0xAA, 0x15, 0xB5, 0x50, 0x8C,
    0x69, 0x80, 0xAF, 0xB1, 0xCC, 0xB0, 0xF5, 0xAC, 0x6F, 0xC8, 0x23, 0xDB, 0x09, 0xCE, 0x90, 0x3B,
    0xB8, 0x40, 0x6A, 0xE0, 0x4A, 0x95, 0x1C, 0xD9, 0x24, 0x47, 0xB2, 0xD4, 0xD1, 0x92, 0xA4, 0xA6,
    0x9A, 0x93, 0xF4, 0x32, 0x27, 0xC7, 0xBB, 0x53, 0xA0, 0x53, 0xA0, 0xF6, 0x3D, 0xFE, 0x39, 0xFA,
    0x7F,
};

static const EpdGlyph sourceserif_14_bolditalicGlyphs[] = {
    { 0, 0, 0, 0, 0, 0, 0 }, // U+0000
    { 0, 0, 121, 0, 0, 0, 0 }, // U+000D
    { 0, 0, 100, 0, 0, 0, 0 }, // U+0020
    { 9, 21, 144, 1, 20, 48, 0 }, // !
    { 12, 11, 239, 3, 22, 33, 48 }, // "
    { 18, 19, 281, 0, 19, 86, 81 }, // #
    { 15, 26, 263, 1, 22, 98, 167 }, // $
    { 27, 21, 459, 1, 20, 142, 265 }, // %
    { 22, 21, 350, 1, 20, 116, 407 }, // &
    { 6, 11, 130, 3, 22, 17, 523 }, // '
    { 11, 27, 189, 2, 21, 75, 540 }, // (
    { 11, 27, 189, -1, 22, 75, 615 }, // )
    { 13, 13, 219, 2, 22, 43, 690 }, // *
    { 15, 15, 263, 1, 17, 57, 733 }, // +
    { 8, 11, 148, -1, 5, 22, 790 }, // ,
    { 8, 4, 161, 1, 10, 8, 812 }, // -
    { 6, 6, 148, 1, 5, 9, 820 }, // .
    { 17, 26, 182, -3, 21, 111, 829 }, // /
    { 16, 20, 268, 1, 19, 80, 940 }, // 0
    { 12, 19, 202, 0, 19, 57, 1020 }, // 1
    { 16, 19, 258, 0, 19, 76, 1077 }, // 2
    { 16, 20, 252, 0, 19, 80, 1153 }, // 3
    { 16, 20, 263, 0, 19, 80, 1233 }, // 4
    { 17, 20, 256, 0, 19, 85, 1313 }, // 5
    { 16, 20, 267, 1, 19, 80, 1398 }, // 6
    { 16, 19, 242, 1, 19, 76, 1478 }, // 7
    { 15, 20, 258, 1, 19, 75, 1554 }, // 8
    { 16, 20, 264, 1, 19, 80, 1629 }, // 9
    { 8, 16, 148, 1, 15, 32, 1709 }, // :
    { 10, 21, 148, -1, 15, 53, 1741 }, // ;
    { 15, 15, 263, 1, 17, 57, 1794 }, // <
    { 15, 9, 263, 1, 14, 34, 1851 }, // =
    { 14, 15, 263, 2, 17, 53, 1885 }, // >
    { 14, 21, 216, 1, 20, 74, 1938 }, // ?
    { 25, 25, 417, 1, 20, 157, 2012 }, // @
    { 21, 20, 330, -1, 20, 105, 2169 }, // A
    { 20, 20, 302, -1, 20, 100, 2274 }, // B
    { 18, 21, 290, 1, 20, 95, 2374 }, // C
    { 22, 20, 336, -1, 20, 110, 2469 }, // D
    { 19, 20, 281, -1, 20, 95, 2579 }, // E
    { 20, 20, 269, -1, 20, 100, 2674 }, // F
    { 19, 21, 318, 1, 20, 100, 2774 }, // G
    { 25, 20, 365, -1, 20, 125, 2874 }, // H
    { 14, 20, 183, -1, 20, 70, 2999 }, // I
    { 17, 25, 177, -4, 20, 107, 3069 }, // J
    { 23, 20, 335, -1, 20, 115, 3176 }, // K
    { 18, 20, 272, -1, 20, 90, 3291 }, // L
    { 29, 20, 428, -1, 20, 145, 3381 }, // M
    { 24, 21, 336, -1, 20, 126, 3526 }, // N
    { 20, 21, 324, 1, 20, 105, 3652 }, // O
    { 20, 20, 288, -1, 20, 100, 3757 }, // P
    { 20, 27, 324, 1, 20, 135, 3857 }, // Q
    { 21, 21, 323, -1, 20, 111, 3992 }, // R
    { 16, 21, 242, 0, 20, 84, 4103 }, // S
    { 19, 20, 290, 1, 20, 95, 4187 }, // T
    { 21, 21, 329, 2, 20, 111, 4282 }, // U
    { 21, 21, 310, 1, 20, 111, 4393 }, // V
    { 29, 21, 442, 1, 20, 153, 4504 }, // W
    { 22, 20, 307, -1, 20, 110, 4657 }, // X
    { 20, 20, 289, 1, 20, 100, 4767 }, // Y
    { 19, 20, 267, -1, 20, 95, 4867 }, // Z
    { 13, 26, 171, 0, 21, 85, 4962 }, // [
    { 7, 26, 181, 2, 21, 46, 5047 }, // <backslash>
    { 13, 26, 171, -2, 21, 85, 5093 }, // ]
    { 14, 10, 263, 1, 15, 35, 5178 }, // ^
    { 15, 4, 251, -1, 2, 15, 5213 }, // _
    { 6, 8, 187, 5, 23, 12, 5228 }, // `
    { 18, 17, 284, 0, 16, 77, 5240 }, // a
    { 16, 23, 270, 1, 22, 92, 5317 }, // b
    { 14, 16, 230, 1, 15, 56, 5409 }, // c
    { 18, 23, 286, 0, 22, 104, 5465 }, // d
    { 14, 16, 234, 1, 15, 56, 5569 }, // e
    { 21, 29, 175, -5, 22, 153, 5625 }, // f
    { 20, 23, 269, -2, 16, 115, 5778 }, // g
    { 19, 23, 294, 0, 22, 110, 5893 }, // h
    { 9, 23, 158, 1, 22, 52, 6003 }, // i
    { 13, 29, 145, -3, 22, 95, 6055 }, // j
    { 17, 23, 264, 0, 22, 98, 6150 }, // k
    { 9, 23, 156, 1, 22, 52, 6248 }, // l
    { 26, 16, 434, 1, 15, 104, 6300 }, // m
    { 18, 16, 299, 1, 15, 72, 6404 }, // n
    { 16, 16, 269, 0, 15, 64, 6476 }, // o
    { 20, 22, 277, -3, 15, 110, 6540 }, // p
    { 17, 23, 274, 0, 16, 98, 6650 }, // q
    { 14, 16, 230, 1, 15, 56, 6748 }, // r
    { 13, 16, 206, 0, 15, 52, 6804 }, // s
    { 11, 20, 180, 1, 19, 55, 6856 }, // t
    { 18, 16, 299, 1, 15, 72, 6911 }, // u
    { 16, 17, 257, 0, 16, 68, 6983 }, // v
    { 25, 17, 392, 0, 16, 107, 7051 }, // w
    { 20, 16, 284, -1, 15, 80, 7158 }, // x
    { 20, 23, 266, -3, 16, 115, 7238 }, // y
    { 18, 17, 250, -1, 16, 77, 7353 }, // z
    { 11, 26, 168, 1, 21, 72, 7430 }, // {
    { 4, 30, 145, 3, 22, 30, 7502 }, // |
    { 11, 26, 168, -1, 21, 72, 7532 }, // }
    { 15, 6, 263, 1, 13, 23, 7604 }, // ~
    { 0, 0, 100, 0, 0, 0, 0 }, // U+00A0
    { 9, 21, 144, -1, 16, 48, 0 }, // U+00A1
    { 15, 22, 263, 1, 20, 83, 48 }, // U+00A2
    { 16, 19, 263, 0, 19, 76, 131 }, // U+00A3
    { 15, 15, 255, 1, 17, 57, 207 }, // U+00A4
    { 18, 19, 263, 1, 19, 86, 264 }, // U+00A5
    { 4, 30, 145, 3, 22, 30, 350 }, // U+00A6
    { 15, 24, 242, 0, 20, 90, 380 }, // U+00A7
    { 12, 5, 187, 2, 22, 15, 470 }, // U+00A8
    { 22, 21, 365, 1, 20, 116, 485 }, // U+00A9
    { 13, 12, 198, 2, 23, 39, 601 }, // U+00AA
    { 17, 14, 296, 1, 15, 60, 640 }, // U+00AB
    { 15, 8, 263, 1, 12, 30, 700 }, // U+00AC
    { 8, 4, 161, 1, 10, 8, 730 }, // U+00AD
    { 13, 13, 224, 2, 21, 43, 738 }, // U+00AE
    { 9, 4, 187, 4, 21, 9, 781 }, // U+00AF
    { 9, 9, 153, 2, 20, 21, 790 }, // U+00B0
    { 15, 17, 263, 1, 17, 64, 811 }, // U+00B1
    { 11, 13, 187, 2, 25, 36, 875 }, // U+00B2
    { 11, 14, 187, 2, 25, 39, 911 }, // U+00B3
    { 7, 8, 187, 5, 23, 14, 950 }, // U+00B4
    { 19, 21, 292, -1, 15, 100, 964 }, // U+00B5
    { 20, 24, 302, 1, 20, 120, 1064 }, // U+00B6
    { 7, 6, 148, 2, 13, 11, 1184 }, // U+00B7
    { 7, 7, 187, 0, 0, 13, 1195 }, // U+00B8
    { 9, 13, 187, 3, 25, 30, 1208 }, // U+00B9
    { 12, 12, 188, 2, 23, 36, 1238 }, // U+00BA
    { 18, 14, 296, 0, 15, 63, 1274 }, // U+00BB
    { 25, 21, 443, 2, 20, 132, 1337 }, // U+00BC
    { 26, 21, 459, 2, 20, 137, 1469 }, // U+00BD
    { 26, 21, 443, 1, 20, 137, 1606 }, // U+00BE
    { 14, 21, 216, -1, 16, 74, 1743 }, // U+00BF
    { 21, 26, 330, -1, 26, 137, 1817 }, // U+00C0
    { 21, 26, 330, -1, 26, 137, 1954 }, // U+00C1
    { 21, 26, 330, -1, 26, 137, 2091 }, // U+00C2
    { 21, 26, 330, -1, 26, 137, 2228 }, // U+00C3
    { 21, 25, 330, -1, 25, 132, 2365 }, // U+00C4
    { 21, 27, 330, -1, 27, 142, 2497 }, // U+00C5
    { 29, 20, 425, -2, 20, 145, 2639 }, // U+00C6
    { 18, 27, 290, 1, 20, 122, 2784 }, // U+00C7
    { 19, 26, 281, -1, 26, 124, 2906 }, // U+00C8
    { 19, 26, 281, -1, 26, 124, 3030 }, // U+00C9
    { 19, 26, 281, -1, 26, 124, 3154 }, // U+00CA
    { 19, 25, 281, -1, 25, 119, 3278 }, // U+00CB
    { 14, 26, 183, -1, 26, 91, 3397 }, // U+00CC
    { 14, 26, 183, -1, 26, 91, 3488 }, // U+00CD
    { 15, 26, 183, -1, 26, 98, 3579 }, // U+00CE
    { 15, 25, 183, -1, 25, 94, 3677 }, // U+00CF
    { 22, 20, 336, -1, 20, 110, 3771 }, // U+00D0
    { 24, 27, 336, -1, 26, 162, 3881 }, // U+00D1
    { 20, 27, 324, 1, 26, 135, 4043 }, // U+00D2
    { 20, 27, 324, 1, 26, 135, 4178 }, // U+00D3
    { 20, 27, 324, 1, 26, 135, 4313 }, // U+00D4
    { 20, 27, 324, 1, 26, 135, 4448 }, // U+00D5
    { 20, 26, 324, 1, 25, 130, 4583 }, // U+00D6
    { 15, 15, 263, 1, 17, 57, 4713 }, // U+00D7
    { 22, 22, 324, -1, 21, 121, 4770 }, // U+00D8
    { 21, 27, 329, 2, 26, 142, 4891 }, // U+00D9
    { 21, 27, 329, 2, 26, 142, 5033 }, // U+00DA
    { 21, 27, 329, 2, 26, 142, 5175 }, // U+00DB
    { 21, 26, 329, 2, 25, 137, 5317 }, // U+00DC
    { 20, 26, 289, 1, 26, 130, 5454 }, // U+00DD
    { 20, 20, 288, -1, 20, 100, 5584 }, // U+00DE
    { 24, 29, 293, -5, 22, 174, 5684 }, // U+00DF
    { 18, 24, 284, 0, 23, 108, 5858 }, // U+00E0
    { 18, 24, 284, 0, 23, 108, 5966 }, // U+00E1
    { 18, 24, 284, 0, 23, 108, 6074 }, // U+00E2
    { 18, 23, 284, 0, 22, 104, 6182 }, // U+00E3
    { 18, 23, 284, 0, 22, 104, 6286 }, // U+00E4
    { 18, 25, 284, 0, 24, 113, 6390 }, // U+00E5
    { 23, 16, 373, 0, 15, 92, 6503 }, // U+00E6
    { 14, 22, 230, 1, 15, 77, 6595 }, // U+00E7
    { 14, 24, 234, 1, 23, 84, 6672 }, // U+00E8
    { 15, 24, 234, 1, 23, 90, 6756 }, // U+00E9
    { 15, 24, 234, 1, 23, 90, 6846 }, // U+00EA
    { 16, 23, 234, 1, 22, 92, 6936 }, // U+00EB
    { 9, 24, 158, 1, 23, 54, 7028 }, // U+00EC
    { 11, 24, 158, 1, 23, 66, 7082 }, // U+00ED
    { 11, 24, 158, 1, 23, 66, 7148 }, // U+00EE
    { 12, 23, 158, 1, 22, 69, 7214 }, // U+00EF
    { 15, 23, 264, 1, 22, 87, 7283 }, // U+00F0
    { 18, 23, 299, 1, 22, 104, 7370 }, // U+00F1
    { 16, 24, 269, 0, 23, 96, 7474 }, // U+00F2
    { 16, 24, 269, 0, 23, 96, 7570 }, // U+00F3
    { 16, 24, 269, 0, 23, 96, 7666 }, // U+00F4
    { 17, 23, 269, 0, 22, 98, 7762 }, // U+00F5
    { 17, 23, 269, 0, 22, 98, 7860 }, // U+00F6
    { 15, 16, 263, 1, 17, 60, 7958 }, // U+00F7
    { 17, 17, 269, 0, 16, 73, 8018 }, // U+00F8
    { 18, 24, 299, 1, 23, 108, 8091 }, // U+00F9
    { 18, 24, 299, 1, 23, 108, 8199 }, // U+00FA
    { 18, 24, 299, 1, 23, 108, 8307 }, // U+00FB
    { 18, 23, 299, 1, 22, 104, 8415 }, // U+00FC
    { 20, 30, 266, -3, 23, 150, 8519 }, // U+00FD
    { 20, 29, 274, -3, 22, 145, 8669 }, // U+00FE
    { 20, 29, 266, -3, 22, 145, 8814 }, // U+00FF
    { 21, 24, 330, -1, 24, 126, 0 }, // U+0100
    { 18, 22, 284, 0, 21, 99, 126 }, // U+0101
    { 21, 26, 330, -1, 26, 137, 225 }, // U+0102
    { 18, 23, 284, 0, 22, 104, 362 }, // U+0103
    { 21, 27, 330, -1, 20, 142, 466 }, // U+0104
    { 18, 23, 284, 0, 16, 104, 608 }, // U+0105
    { 18, 27, 290, 1, 26, 122, 712 }, // U+0106
    { 15, 24, 230, 1, 23, 90, 834 }, // U+0107
    { 18, 27, 290, 1, 26, 122, 924 }, // U+0108
    { 15, 24, 230, 1, 23, 90, 1046 }, // U+0109
    { 18, 27, 290, 1, 26, 122, 1136 }, // U+010A
    { 14, 23, 230, 1, 22, 81, 1258 }, // U+010B
    { 18, 28, 290, 1, 27, 126, 1339 }, // U+010C
    { 16, 24, 230, 1, 23, 96, 1465 }, // U+010D
    { 22, 27, 336, -1, 27, 149, 1561 }, // U+010E
    { 23, 23, 292, 0, 22, 133, 1710 }, // U+010F
    { 22, 20, 336, -1, 20, 110, 1843 }, // U+0110
    { 20, 23, 286, 0, 22, 115, 1953 }, // U+0111
    { 19, 24, 281, -1, 24, 114, 2068 }, // U+0112
    { 15, 22, 234, 1, 21, 83, 2182 }, // U+0113
    { 19, 26, 281, -1, 26, 124, 2265 }, // U+0114
    { 15, 23, 234, 1, 22, 87, 2389 }, // U+0115
    { 19, 26, 281, -1, 26, 124, 2476 }, // U+0116
    { 14, 23, 234, 1, 22, 81, 2600 }, // U+0117
    { 19, 27, 281, -1, 20, 129, 2681 }, // U+0118
    { 14, 22, 234, 1, 15, 77, 2810 }, // U+0119
    { 19, 27, 281, -1, 27, 129, 2887 }, // U+011A
    { 16, 24, 234, 1, 23, 96, 3016 }, // U+011B
    { 19, 27, 318, 1, 26, 129, 3112 }, // U+011C
    { 20, 30, 269, -2, 23, 150, 3241 }, // U+011D
    { 19, 27, 318, 1, 26, 129, 3391 }, // U+011E
    { 20, 29, 269, -2, 22, 145, 3520 }, // U+011F
    { 19, 27, 318, 1, 26, 129, 3665 }, // U+0120
    { 20, 29, 269, -2, 22, 145, 3794 }, // U+0121
    { 19, 29, 318, 1, 20, 138, 3939 }, // U+0122
    { 20, 31, 269, -2, 24, 155, 4077 }, // U+0123
    { 25, 26, 365, -1, 26, 163, 4232 }, // U+0124
    { 19, 29, 294, 0, 28, 138, 4395 }, // U+0125
    { 25, 20, 365, -1, 20, 125, 4533 }, // U+0126
    { 19, 23, 294, 0, 22, 110, 4658 }, // U+0127
    { 15, 26, 183, -1, 26, 98, 4768 }, // U+0128
    { 12, 23, 158, 1, 22, 69, 4866 }, // U+0129
    { 15, 24, 183, -1, 24, 90, 4935 }, // U+012A
    { 11, 22, 158, 1, 21, 61, 5025 }, // U+012B
    { 16, 28, 187, -1, 28, 112, 5086 }, // U+012C
    { 11, 24, 165, 1, 23, 66, 5198 }, // U+012D
    { 14, 27, 183, -1, 20, 95, 5264 }, // U+012E
    { 9, 29, 158, 1, 22, 66, 5359 }, // U+012F
    { 14, 26, 183, -1, 26, 91, 5425 }, // U+0130
    { 9, 16, 158, 1, 15, 36, 5516 }, // U+0131
    { 27, 28, 374, -1, 21, 189, 5552 }, // U+0132
    { 19, 30, 323, 1, 23, 143, 5741 }, // U+0133
    { 18, 31, 177, -4, 26, 140, 5884 }, // U+0134
    { 15, 30, 145, -3, 23, 113, 6024 }, // U+0135
    { 23, 29, 335, -1, 20, 167, 6137 }, // U+0136
    { 17, 31, 264, 0, 22, 132, 6304 }, // U+0137
    { 16, 16, 266, 1, 15, 64, 6436 }, // U+0138
    { 18, 26, 272, -1, 26, 117, 6500 }, // U+0139
    { 13, 28, 156, 1, 27, 91, 6617 }, // U+013A
    { 18, 29, 272, -1, 20, 131, 6708 }, // U+013B
    { 9, 31, 156, 1, 22, 70, 6839 }, // U+013C
    { 20, 21, 272, -1, 21, 105, 6909 }, // U+013D
    { 14, 23, 162, 1, 22, 81, 7014 }, // U+013E
    { 19, 20, 272, -1, 20, 95, 7095 }, // U+013F
    { 13, 23, 181, 1, 22, 75, 7190 }, // U+0140
    { 18, 20, 272, -1, 20, 90, 7265 }, // U+0141
    { 11, 23, 156, 0, 22, 64, 7355 }, // U+0142
    { 24, 27, 336, -1, 26, 162, 7419 }, // U+0143
    { 18, 24, 299, 1, 23, 108, 7581 }, // U+0144
    { 24, 29, 336, -1, 20, 174, 7689 }, // U+0145
    { 18, 24, 299, 1, 15, 108, 7863 }, // U+0146
    { 24, 28, 336, -1, 27, 168, 7971 }, // U+0147
    { 18, 24, 299, 1, 23, 108, 8139 }, // U+0148
    { 24, 23, 423, 3, 22, 138, 8247 }, // U+0149
    { 24, 25, 337, -1, 20, 150, 8385 }, // U+014A
    { 16, 22, 306, 1, 15, 88, 8535 }, // U+014B
    { 20, 25, 324, 1, 24, 125, 8623 }, // U+014C
    { 16, 22, 269, 0, 21, 88, 8748 }, // U+014D
    { 20, 27, 324, 1, 26, 135, 8836 }, // U+014E
    { 16, 23, 269, 0, 22, 92, 8971 }, // U+014F
    { 20, 28, 324, 1, 27, 140, 9063 }, // U+0150
    { 18, 25, 269, 0, 24, 113, 9203 }, // U+0151
    { 26, 21, 418, 1, 20, 137, 9316 }, // U+0152
    { 25, 16, 394, 0, 15, 100, 9453 }, // U+0153
    { 21, 27, 323, -1, 26, 142, 9553 }, // U+0154
    { 14, 24, 230, 1, 23, 84, 9695 }, // U+0155
    { 21, 29, 323, -1, 20, 153, 9779 }, // U+0156
    { 15, 24, 230, 0, 15, 90, 9932 }, // U+0157
    { 21, 28, 323, -1, 27, 147, 10022 }, // U+0158
    { 15, 24, 230, 1, 23, 90, 10169 }, // U+0159
    { 16, 27, 242, 0, 26, 108, 10259 }, // U+015A
    { 14, 24, 206, 0, 23, 84, 10367 }, // U+015B
    { 16, 27, 242, 0, 26, 108, 10451 }, // U+015C
    { 14, 24, 206, 0, 23, 84, 10559 }, // U+015D
    { 16, 27, 242, 0, 20, 108, 10643 }, // U+015E
    { 13, 22, 206, 0, 15, 72, 10751 }, // U+015F
    { 16, 28, 242, 0, 27, 112, 10823 }, // U+0160
    { 15, 24, 206, 0, 23, 90, 10935 }, // U+0161
    { 19, 27, 290, 1, 20, 129, 11025 }, // U+0162
    { 12, 26, 180, 0, 19, 78, 11154 }, // U+0163
    { 19, 27, 290, 1, 27, 129, 11232 }, // U+0164
    { 14, 24, 180, 1, 23, 84, 11361 }, // U+0165
    { 21, 21, 305, 1, 21, 111, 11445 }, // U+0166
    { 13, 21, 195, 0, 20, 69, 11556 }, // U+0167
    { 21, 27, 329, 2, 26, 142, 11625 }, // U+0168
    { 18, 23, 299, 1, 22, 104, 11767 }, // U+0169
    { 21, 25, 329, 2, 24, 132, 11871 }, // U+016A
    { 18, 22, 299, 1, 21, 99, 12003 }, // U+016B
    { 21, 27, 329, 2, 26, 142, 12102 }, // U+016C
    { 18, 23, 299, 1, 22, 104, 12244 }, // U+016D
    { 21, 28, 329, 2, 27, 147, 12348 }, // U+016E
    { 18, 25, 299, 1, 24, 113, 12495 }, // U+016F
    { 21, 28, 329, 2, 27, 147, 12608 }, // U+0170
    { 18, 25, 299, 1, 24, 113, 12755 }, // U+0171
    { 21, 27, 329, 2, 20, 142, 12868 }, // U+0172
    { 18, 22, 299, 1, 15, 99, 13010 }, // U+0173
    { 29, 27, 442, 1, 26, 196, 13109 }, // U+0174
    { 25, 24, 392, 0, 23, 150, 13305 }, // U+0175
    { 20, 26, 289, 1, 26, 130, 13455 }, // U+0176
    { 20, 30, 266, -3, 23, 150, 13585 }, // U+0177
    { 20, 25, 289, 1, 25, 125, 13735 }, // U+0178
    { 19, 26, 267, -1, 26, 124, 13860 }, // U+0179
    { 18, 24, 250, -1, 23, 108, 13984 }, // U+017A
    { 19, 26, 267, -1, 26, 124, 14092 }, // U+017B
    { 18, 23, 250, -1, 22, 104, 14216 }, // U+017C
    { 19, 27, 267, -1, 27, 129, 14320 }, // U+017D
    { 18, 24, 250, -1, 23, 108, 14449 }, // U+017E
    { 21, 29, 173, -5, 22, 153, 14557 }, // U+017F
    { 21, 25, 324, 1, 24, 132, 0 }, // U+01A0
    { 19, 20, 269, 0, 19, 95, 132 }, // U+01A1
    { 23, 26, 329, 2, 25, 150, 227 }, // U+01AF
    { 20, 22, 299, 1, 21, 110, 377 }, // U+01B0
    { 44, 28, 669, -1, 28, 308, 487 }, // U+01C4
    { 39, 23, 619, -1, 23, 225, 795 }, // U+01C5
    { 34, 24, 571, 1, 23, 204, 1020 }, // U+01C6
    { 34, 28, 492, -1, 21, 238, 1224 }, // U+01C7
    { 30, 30, 463, -1, 23, 225, 1462 }, // U+01C8
    { 19, 30, 323, 1, 23, 143, 1687 }, // U+01C9
    { 38, 28, 555, -1, 21, 266, 1830 }, // U+01CA
    { 34, 30, 526, -1, 23, 255, 2096 }, // U+01CB
    { 29, 30, 471, 1, 23, 218, 2351 }, // U+01CC
    { 21, 27, 330, -1, 27, 142, 2569 }, // U+01CD
    { 18, 24, 284, 0, 23, 108, 2711 }, // U+01CE
    { 15, 27, 183, -1, 27, 102, 2819 }, // U+01CF
    { 12, 24, 158, 1, 23, 72, 2921 }, // U+01D0
    { 20, 28, 324, 1, 27, 140, 2993 }, // U+01D1
    { 17, 24, 269, 0, 23, 102, 3133 }, // U+01D2
    { 21, 28, 329, 2, 27, 147, 3235 }, // U+01D3
    { 18, 24, 299, 1, 23, 108, 3382 }, // U+01D4
    { 21, 30, 329, 2, 29, 158, 3490 }, // U+01D5
    { 18, 26, 299, 1, 25, 117, 3648 }, // U+01D6
    { 21, 31, 329, 2, 30, 163, 3765 }, // U+01D7
    { 18, 27, 299, 1, 26, 122, 3928 }, // U+01D8
    { 21, 31, 329, 2, 30, 163, 4050 }, // U+01D9
    { 18, 28, 299, 1, 27, 126, 4213 }, // U+01DA
    { 21, 31, 329, 2, 30, 163, 4339 }, // U+01DB
    { 18, 27, 299, 1, 26, 122, 4502 }, // U+01DC
    { 16, 17, 262, 0, 16, 68, 4624 }, // U+01DD
    { 23, 30, 351, -2, 30, 173, 4692 }, // U+01DE
    { 18, 26, 310, 1, 25, 117, 4865 }, // U+01DF
    { 23, 30, 351, -2, 30, 173, 4982 }, // U+01E0
    { 18, 26, 310, 1, 25, 117, 5155 }, // U+01E1
    { 32, 25, 463, -2, 25, 200, 5272 }, // U+01E2
    { 25, 21, 411, 1, 20, 132, 5472 }, // U+01E3
    { 22, 23, 372, 1, 22, 127, 5604 }, // U+01E4
    { 21, 24, 271, -2, 17, 126, 5731 }, // U+01E5
    { 19, 28, 318, 1, 27, 133, 5857 }, // U+01E6
    { 20, 30, 269, -2, 23, 150, 5990 }, // U+01E7
    { 25, 28, 346, -1, 28, 175, 6140 }, // U+01E8
    { 19, 29, 279, 0, 29, 138, 6315 }, // U+01E9
    { 22, 29, 370, 1, 22, 160, 6453 }, // U+01EA
    { 16, 23, 288, 1, 16, 92, 6613 }, // U+01EB
    { 22, 32, 370, 1, 25, 176, 6705 }, // U+01EC
    { 16, 27, 288, 1, 20, 108, 6881 }, // U+01ED
    { 19, 29, 283, 0, 28, 138, 6989 }, // U+01EE
    { 18, 30, 261, -1, 23, 135, 7127 }, // U+01EF
    { 18, 30, 158, -5, 23, 135, 7262 }, // U+01F0
    { 44, 21, 669, -1, 21, 231, 7397 }, // U+01F1
    { 39, 21, 619, -1, 21, 205, 7628 }, // U+01F2
    { 34, 24, 571, 1, 23, 204, 7833 }, // U+01F3
    { 22, 29, 372, 1, 28, 160, 8037 }, // U+01F4
    { 21, 30, 271, -2, 23, 158, 8197 }, // U+01F5
    { 35, 22, 532, -1, 21, 193, 8355 }, // U+01F6
    { 25, 29, 350, -3, 22, 182, 8548 }, // U+01F7
    { 24, 27, 336, -1, 26, 162, 8730 }, // U+01F8
    { 18, 24, 299, 1, 23, 108, 8892 }, // U+01F9
    { 23, 29, 351, -2, 29, 167, 9000 }, // U+01FA
    { 18, 31, 310, 1, 30, 140, 9167 }, // U+01FB
    { 32, 28, 463, -2, 28, 224, 9307 }, // U+01FC
    { 25, 24, 411, 1, 23, 150, 9531 }, // U+01FD
    { 22, 30, 370, 1, 28, 165, 9681 }, // U+01FE
    { 18, 25, 288, 0, 23, 113, 9846 }, // U+01FF
    { 23, 28, 351, -2, 28, 161, 9959 }, // U+0200
    { 18, 24, 310, 1, 23, 108, 10120 }, // U+0201
    { 23, 28, 351, -2, 28, 161, 10228 }, // U+0202
    { 18, 24, 310, 1, 23, 108, 10389 }, // U+0203
    { 21, 28, 295, -1, 28, 147, 10497 }, // U+0204
    { 15, 24, 250, 1, 23, 90, 10644 }, // U+0205
    { 21, 28, 295, -1, 28, 147, 10734 }, // U+0206
    { 15, 24, 250, 1, 23, 90, 10881 }, // U+0207
    { 15, 28, 187, -1, 28, 105, 10971 }, // U+0208
    { 13, 24, 165, -2, 23, 78, 11076 }, // U+0209
    { 16, 28, 187, -1, 28, 112, 11154 }, // U+020A
    { 12, 24, 165, 1, 23, 72, 11266 }, // U+020B
    { 22, 29, 370, 1, 28, 160, 11338 }, // U+020C
    { 16, 24, 288, 1, 23, 96, 11498 }, // U+020D
    { 22, 29, 370, 1, 28, 160, 11594 }, // U+020E
    { 16, 24, 288, 1, 23, 96, 11754 }, // U+020F
    { 22, 28, 330, -1, 28, 154, 11850 }, // U+0210
    { 16, 23, 257, 1, 23, 92, 12004 }, // U+0211
    { 22, 28, 330, -1, 28, 154, 12096 }, // U+0212
    { 16, 23, 257, 1, 23, 92, 12250 }, // U+0213
    { 23, 29, 349, 2, 28, 167, 12342 }, // U+0214
    { 19, 24, 314, 1, 23, 114, 12509 }, // U+0215
    { 23, 29, 349, 2, 28, 167, 12623 }, // U+0216
    { 19, 24, 314, 1, 23, 114, 12790 }, // U+0217
    { 16, 29, 242, 0, 20, 116, 12904 }, // U+0218
    { 13, 24, 206, 0, 15, 78, 13020 }, // U+0219
    { 19, 29, 290, 1, 20, 138, 13098 }, // U+021A
    { 11, 28, 180, 1, 19, 77, 13236 }, // U+021B
    { 19, 27, 286, -1, 22, 129, 13313 }, // U+021C
    { 17, 23, 238, -3, 16, 98, 13442 }, // U+021D
    { 27, 28, 382, -1, 28, 189, 13540 }, // U+021E
    { 19, 30, 306, 0, 29, 143, 13729 }, // U+021F
    { 6, 8, 0, -3, 23, 12, 0 }, // U+0300
    { 6, 8, 0, 1, 23, 12, 12 }, // U+0301
    { 11, 7, 0, -3, 23, 20, 24 }, // U+0302
    { 11, 6, 0, -3, 22, 17, 44 }, // U+0303
    { 9, 4, 0, -2, 21, 9, 61 }, // U+0304
    { 10, 3, 0, -2, 25, 8, 70 }, // U+0305
    { 11, 6, 0, -3, 22, 17, 78 }, // U+0306
    { 5, 5, 0, 0, 22, 7, 95 }, // U+0307
    { 11, 5, 0, -3, 22, 14, 102 }, // U+0308
    { 6, 8, 0, 0, 24, 12, 116 }, // U+0309
    { 8, 8, 0, -1, 24, 16, 128 }, // U+030A
    { 11, 8, 0, -2, 24, 22, 144 }, // U+030B
    { 10, 7, 0, -2, 23, 18, 166 }, // U+030C
    { 5, 6, 0, 0, 23, 8, 184 }, // U+030D
    { 9, 6, 0, -2, 23, 14, 192 }, // U+030E
    { 13, 6, 0, -14, 23, 20, 206 }, // U+030F
    { 10, 9, 0, -2, 26, 23, 226 }, // U+0310
    { 10, 6, 0, -3, 23, 15, 249 }, // U+0311
    { 7, 10, 0, -1, 21, 18, 264 }, // U+0312
    { 7, 10, 0, -2, 21, 18, 282 }, // U+0313
    { 6, 10, 0, -1, 21, 15, 300 }, // U+0314
    { 7, 10, 0, -2, 21, 18, 315 }, // U+0315
    { 7, 6, 0, -6, -1, 11, 333 }, // U+0316
    { 9, 6, 0, -7, -1, 14, 344 }, // U+0317
    { 6, 6, 0, -4, -1, 9, 358 }, // U+0318
    { 6, 6, 0, -5, -1, 9, 367 }, // U+0319
    { 10, 9, 175, 2, 23, 23, 376 }, // U+031A
    { 6, 8, 0, 1, 22, 12, 399 }, // U+031B
    { 6, 7, 0, -5, 0, 11, 411 }, // U+031C
    { 7, 5, 0, -6, -1, 9, 422 }, // U+031D
    { 7, 5, 0, -5, -1, 9, 431 }, // U+031E
    { 6, 6, 0, -5, -1, 9, 440 }, // U+031F
    { 7, 3, 0, -6, -2, 6, 449 }, // U+0320
    { 8, 8, 0, -8, 2, 16, 455 }, // U+0321
    { 6, 8, 0, -3, 2, 12, 471 }, // U+0322
    { 5, 5, 0, -5, -2, 7, 483 }, // U+0323
    { 12, 5, 0, -8, -2, 15, 490 }, // U+0324
    { 8, 7, 0, -6, -1, 14, 505 }, // U+0325
    { 6, 8, 0, -6, -1, 12, 519 }, // U+0326
    { 8, 7, 0, -6, 0, 14, 531 }, // U+0327
    { 7, 8, 0, -6, 1, 14, 545 }, // U+0328
    { 5, 7, 0, -5, -1, 9, 559 }, // U+0329
    { 12, 5, 0, -8, -2, 15, 568 }, // U+032A
    { 11, 5, 0, -7, -1, 14, 583 }, // U+032B
    { 11, 6, 0, -7, -1, 17, 597 }, // U+032C
    { 11, 6, 0, -8, -1, 17, 614 }, // U+032D
    { 11, 6, 0, -8, -1, 17, 631 }, // U+032E
    { 10, 6, 0, -7, -1, 15, 648 }, // U+032F
    { 13, 6, 0, -9, -1, 20, 663 }, // U+0330
    { 9, 4, 0, -7, -2, 9, 683 }, // U+0331
    { 14, 4, 0, -15, -2, 14, 692 }, // U+0332
    { 14, 6, 0, -15, -1, 21, 706 }, // U+0333
    { 13, 6, 0, -6, 11, 20, 727 }, // U+0334
    { 12, 3, 0, -6, 10, 9, 747 }, // U+0335
    { 20, 3, 0, -10, 10, 15, 756 }, // U+0336
    { 12, 9, 0, -6, 13, 27, 771 }, // U+0337
    { 17, 26, 0, -8, 23, 111, 798 }, // U+0338
    { 5, 7, 0, -4, 0, 9, 909 }, // U+0339
    { 12, 5, 0, -8, -2, 15, 918 }, // U+033A
    { 13, 6, 0, -9, -1, 20, 933 }, // U+033B
    { 10, 5, 0, -7, -1, 13, 953 }, // U+033C
    { 7, 6, 0, -1, 22, 11, 966 }, // U+033D
    { 6, 10, 0, 0, 26, 15, 977 }, // U+033E
    { 14, 6, 0, -3, 28, 21, 992 }, // U+033F
    { 8, 6, 0, -3, 23, 12, 1013 }, // U+0340
    { 9, 6, 0, -1, 23, 14, 1025 }, // U+0341
    { 13, 6, 0, -4, 23, 20, 1039 }, // U+0342
    { 6, 7, 0, 1, 24, 11, 1059 }, // U+0343
    { 13, 7, 0, -4, 23, 23, 1070 }, // U+0344
    { 7, 6, 0, -2, -1, 11, 1093 }, // U+0345
    { 13, 5, 0, -4, 22, 17, 1104 }, // U+0346
    { 14, 6, 0, -9, -1, 21, 1121 }, // U+0347
    { 9, 6, 0, -7, 0, 14, 1142 }, // U+0348
    { 6, 5, 0, -4, -2, 8, 1156 }, // U+0349
    { 13, 8, 0, -4, 24, 26, 1164 }, // U+034A
    { 13, 13, 0, -4, 29, 43, 1190 }, // U+034B
    { 13, 11, 0, -4, 28, 36, 1233 }, // U+034C
    { 10, 6, 0, -7, -1, 15, 1269 }, // U+034D
    { 6, 7, 0, -5, 0, 11, 1284 }, // U+034E
    { 22, 21, 0, -11, 21, 116, 1295 }, // U+034F
    { 6, 7, 0, -1, 23, 11, 1411 }, // U+0350
    { 5, 7, 0, 0, 24, 9, 1422 }, // U+0351
    { 11, 9, 0, -3, 26, 25, 1431 }, // U+0352
    { 6, 6, 0, -5, -1, 9, 1456 }, // U+0353
    { 6, 6, 0, -5, -1, 9, 1465 }, // U+0354
    { 6, 6, 0, -5, -1, 9, 1474 }, // U+0355
    { 12, 6, 0, -8, -1, 18, 1483 }, // U+0356
    { 6, 7, 0, -1, 24, 11, 1501 }, // U+0357
    { 6, 5, 0, 4, 23, 8, 1512 }, // U+0358
    { 8, 8, 0, -4, 0, 16, 1520 }, // U+0359
    { 11, 6, 0, -8, -1, 17, 1536 }, // U+035A
    { 7, 6, 0, -1, 23, 11, 1553 }, // U+035B
    { 23, 7, 0, -13, 0, 41, 1564 }, // U+035C
    { 23, 6, 0, -8, 23, 35, 1605 }, // U+035D
    { 19, 3, 0, -7, 20, 15, 1640 }, // U+035E
    { 19, 3, 0, -12, -2, 15, 1655 }, // U+035F
    { 25, 6, 0, -10, 23, 38, 1670 }, // U+0360
    { 25, 6, 0, -10, 25, 38, 1708 }, // U+0361
    { 19, 6, 0, -12, -1, 29, 1746 }, // U+0362
    { 8, 8, 0, -1, 25, 16, 1775 }, // U+0363
    { 8, 8, 0, -1, 25, 16, 1791 }, // U+0364
    { 4, 11, 0, 1, 28, 11, 1807 }, // U+0365
    { 8, 8, 0, -1, 25, 16, 1818 }, // U+0366
    { 9, 8, 0, -1, 25, 18, 1834 }, // U+0367
    { 8, 8, 0, -1, 25, 16, 1852 }, // U+0368
    { 8, 10, 0, -1, 27, 20, 1868 }, // U+0369
    { 9, 10, 0, -2, 27, 23, 1888 }, // U+036A
    { 13, 7, 0, -3, 25, 23, 1911 }, // U+036B
    { 8, 7, 0, -1, 25, 14, 1934 }, // U+036C
    { 6, 9, 0, 0, 26, 14, 1948 }, // U+036D
    { 8, 8, 0, -1, 25, 16, 1962 }, // U+036E
    { 9, 7, 0, -2, 25, 16, 1978 }, // U+036F
    { 19, 26, 281, -1, 26, 124, 0 }, // U+0400
    { 19, 25, 281, -1, 25, 119, 124 }, // U+0401
    { 21, 23, 350, 1, 20, 121, 243 }, // U+0402
    { 19, 26, 257, -1, 26, 124, 364 }, // U+0403
    { 18, 21, 290, 1, 20, 95, 488 }, // U+0404
    { 16, 21, 242, 0, 20, 84, 583 }, // U+0405
    { 14, 20, 183, -1, 20, 70, 667 }, // U+0406
    { 15, 25, 183, -1, 25, 94, 737 }, // U+0407
    { 17, 25, 177, -4, 20, 107, 831 }, // U+0408
    { 29, 21, 450, -1, 20, 153, 938 }, // U+0409
    { 31, 20, 478, -1, 20, 155, 1091 }, // U+040A
    { 22, 20, 381, 1, 20, 110, 1246 }, // U+040B
    { 23, 27, 329, -1, 26, 156, 1356 }, // U+040C
    { 26, 26, 369, -1, 26, 169, 1512 }, // U+040D
    { 21, 29, 307, 1, 26, 153, 1681 }, // U+040E
    { 25, 26, 363, -1, 20, 163, 1834 }, // U+040F
    { 21, 20, 330, -1, 20, 105, 1997 }, // U+0410
    { 20, 20, 303, -1, 20, 100, 2102 }, // U+0411
    { 20, 20, 302, -1, 20, 100, 2202 }, // U+0412
    { 19, 20, 257, -1, 20, 95, 2302 }, // U+0413
    { 24, 26, 335, -1, 20, 156, 2397 }, // U+0414
    { 19, 20, 281, -1, 20, 95, 2553 }, // U+0415
    { 32, 21, 474, -1, 20, 168, 2648 }, // U+0416
    { 16, 21, 249, 0, 20, 84, 2816 }, // U+0417
    { 26, 20, 369, -1, 20, 130, 2900 }, // U+0418
    { 26, 26, 369, -1, 26, 169, 3030 }, // U+0419
    { 23, 21, 329, -1, 20, 121, 3199 }, // U+041A
    { 24, 21, 340, -1, 20, 126, 3320 }, // U+041B
    { 29, 20, 428, -1, 20, 145, 3446 }, // U+041C
    { 25, 20, 365, -1, 20, 125, 3591 }, // U+041D
    { 20, 21, 324, 1, 20, 105, 3716 }, // U+041E
    { 25, 20, 362, -1, 20, 125, 3821 }, // U+041F
    { 20, 20, 288, -1, 20, 100, 3946 }, // U+0420
    { 18, 21, 290, 1, 20, 95, 4046 }, // U+0421
    { 19, 20, 290, 1, 20, 95, 4141 }, // U+0422
    { 21, 23, 307, 1, 20, 121, 4236 }, // U+0423
    { 22, 21, 365, 1, 20, 116, 4357 }, // U+0424
    { 22, 20, 307, -1, 20, 110, 4473 }, // U+0425
    { 25, 26, 357, -1, 20, 163, 4583 }, // U+0426
    { 21, 20, 336, 2, 20, 105, 4746 }, // U+0427
    { 34, 20, 503, -1, 20, 170, 4851 }, // U+0428
    { 34, 26, 504, -1, 20, 221, 5021 }, // U+0429
    { 21, 20, 351, 1, 20, 105, 5242 }, // U+042A
    { 31, 20, 462, -1, 20, 155, 5347 }, // U+042B
    { 19, 20, 296, -1, 20, 95, 5502 }, // U+042C
    { 19, 21, 295, 0, 20, 100, 5597 }, // U+042D
    { 31, 21, 473, -1, 20, 163, 5697 }, // U+042E
    { 23, 21, 323, -1, 20, 121, 5860 }, // U+042F
    { 18, 17, 284, 0, 16, 77, 5981 }, // U+0430
    { 18, 24, 263, 1, 23, 108, 6058 }, // U+0431
    { 15, 16, 255, 1, 15, 60, 6166 }, // U+0432
    { 13, 16, 207, 0, 15, 52, 6226 }, // U+0433
    { 17, 23, 268, 0, 22, 98, 6278 }, // U+0434
    { 14, 16, 234, 1, 15, 56, 6376 }, // U+0435
    { 29, 16, 450, 0, 15, 116, 6432 }, // U+0436
    { 14, 16, 218, 0, 15, 56, 6548 }, // U+0437
    { 18, 16, 299, 1, 15, 72, 6604 }, // U+0438
    { 18, 23, 299, 1, 22, 104, 6676 }, // U+0439
    { 16, 16, 269, 1, 15, 64, 6780 }, // U+043A
    { 19, 16, 288, -1, 15, 76, 6844 }, // U+043B
    { 26, 16, 399, -1, 15, 104, 6920 }, // U+043C
    { 18, 16, 300, 1, 15, 72, 7024 }, // U+043D
    { 16, 16, 269, 0, 15, 64, 7096 }, // U+043E
    { 18, 16, 299, 1, 15, 72, 7160 }, // U+043F
    { 20, 22, 277, -3, 15, 110, 7232 }, // U+0440
    { 14, 16, 230, 1, 15, 56, 7342 }, // U+0441
    { 26, 16, 434, 1, 15, 104, 7398 }, // U+0442
    { 20, 23, 266, -3, 16, 115, 7502 }, // U+0443
    { 24, 29, 377, 0, 22, 174, 7617 }, // U+0444
    { 20, 16, 284, -1, 15, 80, 7791 }, // U+0445
    { 18, 22, 299, 1, 15, 99, 7871 }, // U+0446
    { 18, 16, 284, 0, 15, 72, 7970 }, // U+0447
    { 26, 16, 430, 1, 15, 104, 8042 }, // U+0448
    { 26, 22, 430, 1, 15, 143, 8146 }, // U+0449
    { 17, 17, 281, 0, 16, 73, 8289 }, // U+044A
    { 24, 16, 393, 1, 15, 96, 8362 }, // U+044B
    { 14, 16, 249, 1, 15, 56, 8458 }, // U+044C
    { 14, 16, 229, 0, 15, 56, 8514 }, // U+044D
    { 24, 16, 400, 1, 15, 96, 8570 }, // U+044E
    { 19, 17, 283, -1, 16, 81, 8666 }, // U+044F
    { 14, 24, 234, 1, 23, 84, 8747 }, // U+0450
    { 16, 23, 234, 1, 22, 92, 8831 }, // U+0451
    { 16, 29, 267, 0, 22, 116, 8923 }, // U+0452
    { 14, 24, 207, 0, 23, 84, 9039 }, // U+0453
    { 14, 16, 230, 1, 15, 56, 9123 }, // U+0454
    { 13, 16, 206, 0, 15, 52, 9179 }, // U+0455
    { 9, 23, 158, 1, 22, 52, 9231 }, // U+0456
    { 12, 23, 158, 1, 22, 69, 9283 }, // U+0457
    { 13, 29, 145, -3, 22, 95, 9352 }, // U+0458
    { 25, 16, 380, -1, 15, 100, 9447 }, // U+0459
    { 23, 16, 390, 1, 15, 92, 9547 }, // U+045A
    { 19, 23, 294, 0, 22, 110, 9639 }, // U+045B
    { 16, 24, 269, 1, 23, 96, 9749 }, // U+045C
    { 18, 24, 299, 1, 23, 108, 9845 }, // U+045D
    { 20, 29, 266, -3, 22, 145, 9953 }, // U+045E
    { 18, 22, 299, 1, 15, 99, 10098 }, // U+045F
    { 28, 22, 478, 2, 22, 154, 10197 }, // U+0460
    { 24, 16, 383, 0, 16, 96, 10351 }, // U+0461
    { 20, 21, 350, 1, 21, 105, 10447 }, // U+0462
    { 23, 16, 392, 1, 15, 92, 10552 }, // U+0463
    { 33, 23, 482, -1, 22, 190, 10644 }, // U+0464
    { 24, 17, 391, 1, 16, 102, 10834 }, // U+0465
    { 24, 21, 370, -2, 21, 126, 10936 }, // U+0466
    { 20, 16, 302, -2, 16, 80, 11062 }, // U+0467
    { 34, 21, 543, -1, 21, 179, 11142 }, // U+0468
    { 26, 16, 445, 1, 16, 104, 11321 }, // U+0469
    { 27, 21, 420, -2, 21, 142, 11425 }, // U+046A
    { 24, 16, 365, -2, 16, 96, 11567 }, // U+046B
    { 38, 21, 599, -1, 21, 200, 11663 }, // U+046C
    { 30, 16, 506, 1, 16, 120, 11863 }, // U+046D
    { 19, 32, 283, -1, 25, 152, 11983 }, // U+046E
    { 17, 27, 240, -2, 20, 115, 12135 }, // U+046F
    { 28, 21, 456, 3, 21, 147, 12250 }, // U+0470
    { 20, 30, 337, 2, 23, 150, 12397 }, // U+0471
    { 20, 21, 324, 1, 20, 105, 12547 }, // U+0472
    { 16, 16, 269, 0, 15, 64, 12652 }, // U+0473
    { 22, 21, 317, 1, 20, 116, 12716 }, // U+0474
    { 19, 16, 275, 0, 15, 76, 12832 }, // U+0475
    { 23, 28, 347, 2, 28, 161, 12908 }, // U+0476
    { 20, 24, 294, 0, 23, 120, 13069 }, // U+0477
    { 37, 29, 609, 1, 22, 269, 13189 }, // U+0478
    { 32, 23, 522, 1, 16, 184, 13458 }, // U+0479
    { 23, 25, 388, 1, 23, 144, 13642 }, // U+047A
    { 17, 20, 302, 1, 18, 85, 13786 }, // U+047B
    { 32, 32, 534, 1, 31, 256, 13871 }, // U+047C
    { 26, 28, 450, 1, 27, 182, 14127 }, // U+047D
    { 28, 26, 478, 2, 26, 182, 14309 }, // U+047E
    { 24, 21, 383, 0, 21, 126, 14491 }, // U+047F
    { 20, 29, 312, 1, 22, 145, 14617 }, // U+0480
    { 15, 23, 246, 1, 16, 87, 14762 }, // U+0481
    { 16, 20, 284, 1, 19, 80, 14849 }, // U+0482
    { 12, 6, 0, -4, 22, 18, 14929 }, // U+0483
    { 12, 6, 0, -4, 23, 18, 14947 }, // U+0484
    { 4, 6, 0, 1, 23, 6, 14965 }, // U+0485
    { 5, 6, 0, 0, 23, 8, 14971 }, // U+0486
    { 13, 5, 0, -3, 27, 17, 14979 }, // U+0487
    { 36, 34, 0, -18, 25, 306, 14996 }, // U+0488
    { 36, 36, 0, -18, 26, 324, 15302 }, // U+0489
    { 27, 35, 391, -1, 28, 237, 15626 }, // U+048A
    { 19, 30, 314, 1, 23, 143, 15863 }, // U+048B
    { 19, 23, 310, -1, 23, 110, 16006 }, // U+048C
    { 16, 20, 278, 1, 19, 80, 16116 }, // U+048D
    { 21, 21, 309, -1, 21, 111, 16196 }, // U+048E
    { 18, 23, 291, -1, 16, 104, 16307 }, // U+048F
    { 19, 23, 251, -1, 23, 110, 16411 }, // U+0490
    { 14, 20, 193, 0, 19, 70, 16521 }, // U+0491
    { 19, 20, 257, -1, 20, 95, 16591 }, // U+0492
    { 13, 16, 207, 0, 15, 52, 16686 }, // U+0493
    { 21, 29, 336, -1, 21, 153, 16738 }, // U+0494
    { 15, 23, 280, 1, 16, 87, 16891 }, // U+0495
    { 32, 26, 474, -1, 20, 208, 16978 }, // U+0496
    { 29, 22, 450, 0, 15, 160, 17186 }, // U+0497
    { 16, 27, 249, 0, 20, 108, 17346 }, // U+0498
    { 14, 22, 218, 0, 15, 77, 17454 }, // U+0499
    { 23, 26, 329, -1, 20, 150, 17531 }, // U+049A
    { 17, 22, 270, 1, 15, 94, 17681 }, // U+049B
    { 26, 21, 363, -1, 21, 137, 17775 }, // U+049C
    { 20, 17, 307, 0, 16, 85, 17912 }, // U+049D
    { 25, 21, 347, -1, 21, 132, 17997 }, // U+049E
    { 18, 24, 282, 0, 23, 108, 18129 }, // U+049F
    { 24, 21, 382, 1, 20, 126, 18237 }, // U+04A0
    { 20, 16, 333, 1, 15, 80, 18363 }, // U+04A1
    { 25, 26, 366, -1, 20, 163, 18443 }, // U+04A2
    { 18, 22, 300, 1, 15, 99, 18606 }, // U+04A3
    { 31, 21, 436, -1, 21, 163, 18705 }, // U+04A4
    { 24, 17, 382, 1, 16, 102, 18868 }, // U+04A5
    { 33, 29, 526, -1, 21, 240, 18970 }, // U+04A6
    { 24, 23, 427, 1, 16, 138, 19210 }, // U+04A7
    { 23, 24, 393, 1, 22, 138, 19348 }, // U+04A8
    { 18, 17, 319, 1, 16, 77, 19486 }, // U+04A9
    { 18, 27, 290, 1, 20, 122, 19563 }, // U+04AA
    { 14, 22, 230, 1, 15, 77, 19685 }, // U+04AB
    { 21, 28, 305, 1, 21, 147, 19762 }, // U+04AC
    { 27, 24, 452, 1, 17, 162, 19909 }, // U+04AD
    { 20, 20, 289, 1, 20, 100, 20071 }, // U+04AE
    { 16, 23, 257, 0, 16, 92, 20171 }, // U+04AF
    { 20, 20, 289, 1, 20, 100, 20263 }, // U+04B0
    { 16, 23, 257, 0, 16, 92, 20363 }, // U+04B1
    { 22, 26, 307, -1, 20, 143, 20455 }, // U+04B2
    { 20, 22, 284, -1, 15, 110, 20598 }, // U+04B3
    { 30, 28, 459, 1, 21, 210, 20708 }, // U+04B4
    { 23, 23, 372, 0, 16, 133, 20918 }, // U+04B5
    { 21, 26, 337, 2, 20, 137, 21051 }, // U+04B6
    { 18, 22, 284, 0, 15, 99, 21188 }, // U+04B7
    { 23, 21, 366, 2, 21, 121, 21287 }, // U+04B8
    { 18, 17, 287, 0, 16, 77, 21408 }, // U+04B9
    { 21, 20, 332, -1, 20, 105, 21485 }, // U+04BA
    { 19, 23, 294, 0, 22, 110, 21590 }, // U+04BB
    { 23, 23, 383, 1, 22, 133, 21700 }, // U+04BC
    { 20, 17, 311, 0, 16, 85, 21833 }, // U+04BD
    { 23, 29, 383, 1, 22, 167, 21918 }, // U+04BE
    { 20, 23, 311, 0, 16, 115, 22085 }, // U+04BF
    { 14, 20, 183, -1, 20, 70, 22200 }, // U+04C0
    { 32, 27, 474, -1, 26, 216, 22270 }, // U+04C1
    { 29, 23, 450, 0, 22, 167, 22486 }, // U+04C2
    { 25, 29, 340, -1, 21, 182, 22653 }, // U+04C3
    { 18, 23, 288, 0, 16, 104, 22835 }, // U+04C4
    { 26, 28, 345, -2, 21, 182, 22939 }, // U+04C5
    { 20, 23, 319, 0, 16, 115, 23121 }, // U+04C6
    { 27, 29, 382, -1, 21, 196, 23236 }, // U+04C7
    { 18, 23, 311, 1, 16, 104, 23432 }, // U+04C8
    { 27, 28, 391, -1, 21, 189, 23536 }, // U+04C9
    { 19, 23, 319, 1, 16, 110, 23725 }, // U+04CA
    { 23, 28, 352, 2, 21, 161, 23835 }, // U+04CB
    { 18, 23, 305, 0, 16, 104, 23996 }, // U+04CC
    { 31, 28, 454, -1, 21, 217, 24100 }, // U+04CD
    { 28, 23, 442, 0, 16, 161, 24317 }, // U+04CE
    { 14, 21, 167, -1, 21, 74, 24478 }, // U+04CF
    { 21, 26, 330, -1, 26, 137, 24552 }, // U+04D0
    { 18, 23, 284, 0, 22, 104, 24689 }, // U+04D1
    { 23, 28, 351, -2, 28, 161, 24793 }, // U+04D2
    { 18, 24, 310, 1, 23, 108, 24954 }, // U+04D3
    { 29, 20, 425, -2, 20, 145, 25062 }, // U+04D4
    { 23, 16, 373, 0, 15, 92, 25207 }, // U+04D5
    { 19, 26, 281, -1, 26, 124, 25299 }, // U+04D6
    { 15, 23, 234, 1, 22, 87, 25423 }, // U+04D7
    { 18, 21, 304, 1, 20, 95, 25510 }, // U+04D8
    { 15, 16, 237, 0, 15, 60, 25605 }, // U+04D9
    { 19, 29, 328, 1, 28, 138, 25665 }, // U+04DA
    { 16, 24, 262, 0, 23, 96, 25803 }, // U+04DB
    { 35, 28, 483, -2, 28, 245, 25899 }, // U+04DC
    { 32, 24, 478, -1, 23, 192, 26144 }, // U+04DD
    { 19, 29, 290, -1, 28, 138, 26336 }, // U+04DE
    { 15, 24, 239, 0, 23, 90, 26474 }, // U+04DF
    { 19, 22, 283, 0, 21, 105, 26564 }, // U+04E0
    { 18, 23, 261, -1, 16, 104, 26669 }, // U+04E1
    { 26, 24, 369, -1, 24, 156, 26773 }, // U+04E2
    { 18, 22, 299, 1, 21, 99, 26929 }, // U+04E3
    { 27, 28, 385, -1, 28, 189, 27028 }, // U+04E4
    { 19, 24, 314, 1, 23, 114, 27217 }, // U+04E5
    { 20, 26, 324, 1, 25, 130, 27331 }, // U+04E6
    { 17, 23, 269, 0, 22, 98, 27461 }, // U+04E7
    { 20, 21, 324, 1, 20, 105, 27559 }, // U+04E8
    { 16, 16, 269, 0, 15, 64, 27664 }, // U+04E9
    { 22, 29, 370, 1, 28, 160, 27728 }, // U+04EA
    { 16, 24, 288, 1, 23, 96, 27888 }, // U+04EB
    { 20, 29, 307, -1, 28, 145, 27984 }, // U+04EC
    { 15, 24, 245, 0, 23, 90, 28129 }, // U+04ED
    { 21, 27, 307, 1, 24, 142, 28219 }, // U+04EE
    { 20, 28, 266, -3, 21, 140, 28361 }, // U+04EF
    { 22, 29, 327, 2, 28, 160, 28501 }, // U+04F0
    { 22, 30, 274, -5, 23, 165, 28661 }, // U+04F1
    { 21, 30, 307, 1, 27, 158, 28826 }, // U+04F2
    { 21, 31, 266, -3, 24, 163, 28984 }, // U+04F3
    { 23, 28, 366, 2, 28, 161, 29147 }, // U+04F4
    { 18, 24, 287, 0, 23, 108, 29308 }, // U+04F5
    { 21, 28, 276, -1, 21, 147, 29416 }, // U+04F6
    { 17, 23, 237, -1, 16, 98, 29563 }, // U+04F7
    { 32, 28, 456, -1, 28, 224, 29661 }, // U+04F8
    { 24, 24, 401, 1, 23, 144, 29885 }, // U+04F9
    { 21, 27, 276, -1, 21, 142, 30029 }, // U+04FA
    { 16, 22, 237, 0, 16, 88, 30171 }, // U+04FB
    { 26, 27, 346, -2, 21, 176, 30259 }, // U+04FC
    { 19, 22, 282, -1, 16, 105, 30435 }, // U+04FD
    { 26, 21, 342, -2, 21, 137, 30540 }, // U+04FE
    { 19, 16, 282, -1, 16, 76, 30677 }, // U+04FF
    { 21, 27, 330, -1, 20, 142, 0 }, // U+1EA0
    { 18, 23, 284, 0, 16, 104, 142 }, // U+1EA1
    { 21, 27, 330, -1, 27, 142, 246 }, // U+1EA2
    { 18, 25, 284, 0, 24, 113, 388 }, // U+1EA3
    { 22, 28, 330, -1, 28, 154, 501 }, // U+1EA4
    { 21, 26, 284, 0, 25, 137, 655 }, // U+1EA5
    { 21, 28, 330, -1, 28, 147, 792 }, // U+1EA6
    { 18, 26, 284, 0, 25, 117, 939 }, // U+1EA7
    { 22, 30, 330, -1, 30, 165, 1056 }, // U+1EA8
    { 20, 27, 284, 0, 26, 135, 1221 }, // U+1EA9
    { 21, 30, 330, -1, 30, 158, 1356 }, // U+1EAA
    { 18, 27, 284, 0, 26, 122, 1514 }, // U+1EAB
    { 21, 33, 330, -1, 26, 174, 1636 }, // U+1EAC
    { 18, 30, 284, 0, 23, 135, 1810 }, // U+1EAD
    { 21, 30, 330, -1, 30, 158, 1945 }, // U+1EAE
    { 18, 27, 284, 0, 26, 122, 2103 }, // U+1EAF
    { 21, 30, 330, -1, 30, 158, 2225 }, // U+1EB0
    { 18, 27, 284, 0, 26, 122, 2383 }, // U+1EB1
    { 21, 30, 330, -1, 30, 158, 2505 }, // U+1EB2
    { 18, 28, 284, 0, 27, 126, 2663 }, // U+1EB3
    { 21, 30, 330, -1, 30, 158, 2789 }, // U+1EB4
    { 18, 27, 284, 0, 26, 122, 2947 }, // U+1EB5
    { 21, 33, 330, -1, 26, 174, 3069 }, // U+1EB6
    { 18, 29, 284, 0, 22, 131, 3243 }, // U+1EB7
    { 19, 27, 281, -1, 20, 129, 3374 }, // U+1EB8
    { 14, 22, 234, 1, 15, 77, 3503 }, // U+1EB9
    { 19, 27, 281, -1, 27, 129, 3580 }, // U+1EBA
    { 14, 25, 234, 1, 24, 88, 3709 }, // U+1EBB
    { 19, 26, 281, -1, 26, 124, 3797 }, // U+1EBC
    { 16, 23, 234, 1, 22, 92, 3921 }, // U+1EBD
    { 21, 28, 281, -1, 28, 147, 4013 }, // U+1EBE
    { 18, 26, 234, 1, 25, 117, 4160 }, // U+1EBF
    { 19, 28, 281, -1, 28, 133, 4277 }, // U+1EC0
    { 15, 26, 234, 1, 25, 98, 4410 }, // U+1EC1
    { 21, 30, 281, -1, 30, 158, 4508 }, // U+1EC2
    { 18, 27, 234, 1, 26, 122, 4666 }, // U+1EC3
    { 19, 30, 281, -1, 30, 143, 4788 }, // U+1EC4
    { 16, 27, 234, 1, 26, 108, 4931 }, // U+1EC5
    { 19, 33, 281, -1, 26, 157, 5039 }, // U+1EC6
    { 15, 30, 234, 1, 23, 113, 5196 }, // U+1EC7
    { 14, 27, 183, -1, 27, 95, 5309 }, // U+1EC8
    { 9, 25, 158, 1, 24, 57, 5404 }, // U+1EC9
    { 14, 27, 183, -1, 20, 95, 5461 }, // U+1ECA
    { 9, 29, 158, 1, 22, 66, 5556 }, // U+1ECB
    { 20, 27, 324, 1, 20, 135, 5622 }, // U+1ECC
    { 16, 22, 269, 0, 15, 88, 5757 }, // U+1ECD
    { 20, 28, 324, 1, 27, 140, 5845 }, // U+1ECE
    { 16, 25, 269, 0, 24, 100, 5985 }, // U+1ECF
    { 20, 29, 324, 1, 28, 145, 6085 }, // U+1ED0
    { 19, 26, 269, 0, 25, 124, 6230 }, // U+1ED1
    { 20, 29, 324, 1, 28, 145, 6354 }, // U+1ED2
    { 16, 26, 269, 0, 25, 104, 6499 }, // U+1ED3
    { 20, 31, 324, 1, 30, 155, 6603 }, // U+1ED4
    { 19, 27, 269, 0, 26, 129, 6758 }, // U+1ED5
    { 20, 31, 324, 1, 30, 155, 6887 }, // U+1ED6
    { 17, 27, 269, 0, 26, 115, 7042 }, // U+1ED7
    { 20, 33, 324, 1, 26, 165, 7157 }, // U+1ED8
    { 16, 30, 269, 0, 23, 120, 7322 }, // U+1ED9
    { 21, 27, 324, 1, 26, 142, 7442 }, // U+1EDA
    { 19, 24, 269, 0, 23, 114, 7584 }, // U+1EDB
    { 21, 27, 324, 1, 26, 142, 7698 }, // U+1EDC
    { 19, 24, 269, 0, 23, 114, 7840 }, // U+1EDD
    { 21, 28, 324, 1, 27, 147, 7954 }, // U+1EDE
    { 19, 25, 269, 0, 24, 119, 8101 }, // U+1EDF
    { 21, 27, 324, 1, 26, 142, 8220 }, // U+1EE0
    { 19, 23, 269, 0, 22, 110, 8362 }, // U+1EE1
    { 21, 31, 324, 1, 24, 163, 8472 }, // U+1EE2
    { 19, 26, 269, 0, 19, 124, 8635 }, // U+1EE3
    { 21, 27, 329, 2, 20, 142, 8759 }, // U+1EE4
    { 18, 22, 299, 1, 15, 99, 8901 }, // U+1EE5
    { 21, 28, 329, 2, 27, 147, 9000 }, // U+1EE6
    { 18, 25, 299, 1, 24, 113, 9147 }, // U+1EE7
    { 23, 27, 329, 2, 26, 156, 9260 }, // U+1EE8
    { 20, 24, 299, 1, 23, 120, 9416 }, // U+1EE9
    { 23, 27, 329, 2, 26, 156, 9536 }, // U+1EEA
    { 20, 24, 299, 1, 23, 120, 9692 }, // U+1EEB
    { 23, 28, 329, 2, 27, 161, 9812 }, // U+1EEC
    { 20, 25, 299, 1, 24, 125, 9973 }, // U+1EED
    { 23, 27, 329, 2, 26, 156, 10098 }, // U+1EEE
    { 20, 23, 299, 1, 22, 115, 10254 }, // U+1EEF
    { 23, 32, 329, 2, 25, 184, 10369 }, // U+1EF0
    { 20, 28, 299, 1, 21, 140, 10553 }, // U+1EF1
    { 20, 26, 289, 1, 26, 130, 10693 }, // U+1EF2
    { 20, 30, 266, -3, 23, 150, 10823 }, // U+1EF3
    { 20, 27, 289, 1, 20, 135, 10973 }, // U+1EF4
    { 20, 23, 266, -3, 16, 115, 11108 }, // U+1EF5
    { 20, 27, 289, 1, 27, 135, 11223 }, // U+1EF6
    { 20, 31, 266, -3, 24, 155, 11358 }, // U+1EF7
    { 20, 26, 289, 1, 26, 130, 11513 }, // U+1EF8
    { 20, 29, 266, -3, 22, 145, 11643 }, // U+1EF9
    { 0, 0, 233, 0, 0, 0, 0 }, // U+2000
    { 0, 0, 467, 0, 0, 0, 0 }, // U+2001
    { 0, 0, 233, 0, 0, 0, 0 }, // U+2002
    { 0, 0, 467, 0, 0, 0, 0 }, // U+2003
    { 0, 0, 155, 0, 0, 0, 0 }, // U+2004
    { 0, 0, 117, 0, 0, 0, 0 }, // U+2005
    { 0, 0, 78, 0, 0, 0, 0 }, // U+2006
    { 0, 0, 268, 0, 0, 0, 0 }, // U+2007
    { 0, 0, 142, 0, 0, 0, 0 }, // U+2008
    { 0, 0, 58, 0, 0, 0, 0 }, // U+2009
    { 0, 0, 20, 0, 0, 0, 0 }, // U+200A
    { 0, 0, 0, 0, 0, 0, 0 }, // U+200B
    { 2, 23, 0, -1, 19, 12, 0 }, // U+200C
    { 8, 25, 0, -4, 21, 50, 12 }, // U+200D
    { 8, 25, 0, -1, 21, 50, 62 }, // U+200E
    { 8, 25, 0, -7, 21, 50, 112 }, // U+200F
    { 8, 4, 161, 1, 10, 8, 162 }, // U+2010
    { 9, 4, 145, 0, 10, 9, 170 }, // U+2011
    { 14, 4, 268, 2, 11, 14, 179 }, // U+2012
    { 14, 4, 251, 1, 10, 14, 193 }, // U+2013
    { 23, 4, 391, 1, 10, 23, 207 }, // U+2014
    { 23, 4, 391, 1, 10, 23, 230 }, // U+2015
    { 9, 30, 261, 4, 23, 68, 253 }, // U+2016
    { 15, 6, 192, -3, 0, 23, 321 }, // U+2017
    { 7, 10, 133, 3, 22, 18, 344 }, // U+2018
    { 6, 10, 133, 3, 22, 15, 362 }, // U+2019
    { 7, 10, 133, -1, 5, 18, 377 }, // U+201A
    { 6, 10, 131, 3, 21, 15, 395 }, // U+201B
    { 13, 10, 243, 3, 22, 33, 410 }, // U+201C
    { 13, 10, 243, 3, 22, 33, 443 }, // U+201D
    { 14, 10, 243, -1, 5, 35, 476 }, // U+201E
    { 13, 10, 228, 3, 21, 33, 511 }, // U+201F
    { 14, 24, 240, 2, 22, 84, 544 }, // U+2020
    { 16, 25, 240, 0, 22, 100, 628 }, // U+2021
    { 9, 9, 153, 1, 14, 21, 728 }, // U+2022
    { 10, 10, 233, 4, 15, 25, 749 }, // U+2023
    { 6, 5, 142, 2, 13, 8, 774 }, // U+2024
    { 16, 6, 290, 1, 5, 24, 782 }, // U+2025
    { 23, 6, 421, 1, 5, 35, 806 }, // U+2026
    { 6, 6, 142, 2, 11, 9, 841 }, // U+2027
    { 0, 0, 280, 0, 0, 0, 850 }, // U+2028
    { 0, 0, 280, 0, 0, 0, 850 }, // U+2029
    { 8, 22, 0, -1, 18, 44, 850 }, // U+202A
    { 8, 22, 0, -7, 18, 44, 894 }, // U+202B
    { 8, 25, 0, -4, 21, 50, 938 }, // U+202C
    { 8, 25, 0, -4, 21, 50, 988 }, // U+202D
    { 8, 25, 0, -4, 21, 50, 1038 }, // U+202E
    { 0, 0, 58, 0, 0, 0, 1088 }, // U+202F
    { 39, 21, 646, 1, 20, 205, 1088 }, // U+2030
    { 47, 23, 796, 2, 22, 271, 1293 }, // U+2031
    { 7, 11, 120, 2, 22, 20, 1564 }, // U+2032
    { 14, 11, 231, 2, 22, 39, 1584 }, // U+2033
    { 21, 9, 348, 3, 21, 48, 1623 }, // U+2034
    { 6, 9, 135, 4, 21, 14, 1671 }, // U+2035
    { 13, 9, 242, 4, 21, 30, 1685 }, // U+2036
    { 19, 9, 348, 4, 21, 43, 1715 }, // U+2037
    { 12, 9, 205, -1, 2, 27, 1758 }, // U+2038
    { 10, 14, 178, 1, 15, 35, 1785 }, // U+2039
    { 10, 14, 178, 0, 15, 35, 1820 }, // U+203A
    { 22, 21, 382, 1, 21, 116, 1855 }, // U+203B
    { 18, 21, 285, 1, 20, 95, 1971 }, // U+203C
    { 15, 23, 270, 3, 22, 87, 2066 }, // U+203D
    { 15, 2, 214, 2, 24, 8, 2153 }, // U+203E
    { 23, 7, 0, -21, 0, 41, 2161 }, // U+203F
    { 25, 6, 0, -19, 25, 38, 2202 }, // U+2040
    { 14, 21, 210, -2, 21, 74, 2240 }, // U+2041
    { 28, 24, 467, 0, 23, 168, 2314 }, // U+2042
    { 9, 5, 169, 1, 13, 12, 2482 }, // U+2043
    { 16, 21, 86, -5, 20, 84, 2494 }, // U+2044
    { 15, 27, 193, 0, 23, 102, 2578 }, // U+2045
    { 14, 27, 193, -2, 23, 95, 2680 }, // U+2046
    { 27, 21, 429, 1, 20, 142, 2775 }, // U+2047
    { 22, 21, 358, 1, 20, 116, 2917 }, // U+2048
    { 22, 21, 357, 1, 20, 116, 3033 }, // U+2049
    { 15, 23, 285, 1, 17, 87, 3149 }, // U+204A
    { 17, 27, 293, 3, 23, 115, 3236 }, // U+204B
    { 16, 11, 288, 1, 16, 44, 3351 }, // U+204C
    { 16, 11, 288, 1, 16, 44, 3395 }, // U+204D
    { 14, 13, 234, 1, 17, 46, 3439 }, // U+204E
    { 8, 21, 167, 1, 16, 42, 3485 }, // U+204F
    { 21, 23, 359, 1, 22, 121, 3527 }, // U+2050
    { 17, 25, 234, -1, 23, 107, 3648 }, // U+2051
    { 12, 22, 205, 1, 21, 66, 3755 }, // U+2052
    { 14, 7, 261, 1, 14, 25, 3821 }, // U+2053
    { 23, 6, 0, -8, 0, 35, 3846 }, // U+2054
    { 14, 14, 252, 1, 17, 49, 3881 }, // U+2055
    { 15, 17, 294, 1, 16, 64, 3930 }, // U+2056
    { 28, 9, 454, 3, 21, 63, 3994 }, // U+2057
    { 19, 17, 357, 2, 16, 81, 4057 }, // U+2058
    { 19, 17, 357, 2, 16, 81, 4138 }, // U+2059
    { 5, 23, 142, 2, 22, 29, 4219 }, // U+205A
    { 19, 23, 357, 2, 22, 110, 4248 }, // U+205B
    { 16, 16, 325, 2, 16, 64, 4358 }, // U+205C
    { 6, 23, 142, 2, 22, 35, 4422 }, // U+205D
    { 5, 23, 142, 2, 22, 29, 4457 }, // U+205E
    { 0, 0, 104, 0, 0, 0, 4486 }, // U+205F
    { 0, 0, 280, 0, 0, 0, 4486 }, // U+2060
    { 0, 0, 280, 0, 0, 0, 4486 }, // U+2061
    { 0, 0, 280, 0, 0, 0, 4486 }, // U+2062
    { 0, 0, 280, 0, 0, 0, 4486 }, // U+2063
    { 0, 0, 280, 0, 0, 0, 4486 }, // U+2064
    { 0, 0, 280, 0, 0, 0, 4486 }, // U+2066
    { 0, 0, 280, 0, 0, 0, 4486 }, // U+2067
    { 0, 0, 280, 0, 0, 0, 4486 }, // U+2068
    { 0, 0, 280, 0, 0, 0, 4486 }, // U+2069
    { 8, 25, 0, -4, 21, 50, 4486 }, // U+206A
    { 8, 25, 0, -4, 21, 50, 4536 }, // U+206B
    { 8, 25, 0, -4, 21, 50, 4586 }, // U+206C
    { 8, 25, 0, -4, 21, 50, 4636 }, // U+206D
    { 8, 25, 0, -4, 21, 50, 4686 }, // U+206E
    { 8, 25, 0, -4, 21, 50, 4736 }, // U+206F
    { 12, 14, 187, 2, 25, 42, 0 }, // U+2070
    { 7, 16, 112, 2, 27, 28, 42 }, // U+2071
    { 12, 14, 187, 2, 25, 42, 70 }, // U+2074
    { 12, 14, 187, 2, 25, 42, 112 }, // U+2075
    { 11, 14, 187, 3, 25, 39, 154 }, // U+2076
    { 11, 13, 187, 3, 25, 36, 193 }, // U+2077
    { 11, 14, 187, 3, 25, 39, 229 }, // U+2078
    { 11, 14, 187, 3, 25, 39, 268 }, // U+2079
    { 11, 11, 187, 2, 22, 31, 307 }, // U+207A
    { 11, 2, 187, 2, 18, 6, 338 }, // U+207B
    { 11, 8, 187, 2, 21, 22, 344 }, // U+207C
    { 9, 17, 135, 3, 26, 39, 366 }, // U+207D
    { 8, 17, 135, 1, 26, 34, 405 }, // U+207E
    { 13, 12, 208, 2, 23, 39, 439 }, // U+207F
    { 11, 14, 187, -1, 7, 39, 478 }, // U+2080
    { 9, 13, 187, -1, 7, 30, 517 }, // U+2081
    { 11, 13, 187, -2, 7, 36, 547 }, // U+2082
    { 11, 14, 187, -1, 7, 39, 583 }, // U+2083
    { 12, 14, 187, -2, 7, 42, 622 }, // U+2084
    { 11, 14, 187, -1, 7, 39, 664 }, // U+2085
    { 11, 14, 187, -1, 7, 39, 703 }, // U+2086
    { 11, 13, 187, -1, 7, 36, 742 }, // U+2087
    { 11, 14, 187, -1, 7, 39, 778 }, // U+2088
    { 11, 14, 187, -1, 7, 39, 817 }, // U+2089
    { 11, 11, 187, 0, 8, 31, 856 }, // U+208A
    { 11, 2, 187, 0, 4, 6, 887 }, // U+208B
    { 11, 8, 187, 0, 7, 22, 893 }, // U+208C
    { 8, 17, 135, 0, 8, 34, 915 }, // U+208D
    { 8, 17, 135, -3, 8, 34, 949 }, // U+208E
    { 12, 10, 202, -1, 7, 30, 983 }, // U+2090
    { 10, 10, 162, -1, 7, 25, 1013 }, // U+2091
    { 11, 10, 188, -1, 7, 28, 1038 }, // U+2092
    { 12, 10, 183, -2, 7, 30, 1066 }, // U+2093
    { 10, 10, 170, -1, 7, 25, 1096 }, // U+2094
    { 13, 14, 199, -2, 11, 46, 1121 }, // U+2095
    { 13, 14, 181, -2, 11, 46, 1167 }, // U+2096
    { 6, 14, 107, -1, 11, 21, 1213 }, // U+2097
    { 18, 10, 294, -1, 7, 45, 1234 }, // U+2098
    { 12, 10, 204, -1, 7, 30, 1279 }, // U+2099
    { 13, 14, 189, -3, 7, 46, 1309 }, // U+209A
    { 10, 10, 156, -2, 7, 25, 1355 }, // U+209B
    { 8, 12, 126, -1, 9, 24, 1380 }, // U+209C
    { 21, 22, 359, 1, 22, 116, 0 }, // U+20A0
    { 16, 26, 263, 1, 22, 104, 116 }, // U+20A1
    { 20, 23, 312, 1, 22, 115, 220 }, // U+20A2
    { 20, 21, 261, -1, 21, 105, 335 }, // U+20A3
    { 16, 19, 263, 0, 19, 76, 440 }, // U+20A4
    { 27, 24, 452, 1, 20, 162, 516 }, // U+20A5
    { 19, 20, 263, -1, 19, 95, 678 }, // U+20A6
    { 20, 19, 263, -1, 19, 95, 773 }, // U+20A7
    { 35, 22, 542, -1, 21, 193, 868 }, // U+20A8
    { 19, 20, 263, 0, 19, 95, 1061 }, // U+20A9
    { 23, 18, 416, 2, 18, 104, 1156 }, // U+20AA
    { 17, 21, 263, 0, 20, 90, 1260 }, // U+20AB
    { 17, 20, 263, 0, 19, 85, 1350 }, // U+20AC
    { 25, 21, 346, -1, 21, 132, 1435 }, // U+20AD
    { 16, 19, 263, 2, 19, 76, 1567 }, // U+20AE
    { 32, 30, 517, -1, 24, 240, 1643 }, // U+20AF
    { 18, 29, 297, -2, 22, 131, 1883 }, // U+20B0
    { 20, 19, 263, -1, 19, 95, 2014 }, // U+20B1
    { 16, 26, 263, 1, 22, 104, 2109 }, // U+20B2
    { 25, 21, 351, -2, 21, 132, 2213 }, // U+20B3
    { 16, 20, 263, 1, 19, 80, 2345 }, // U+20B4
    { 16, 26, 263, 1, 22, 104, 2425 }, // U+20B5
    { 19, 22, 279, 0, 21, 105, 2529 }, // U+20B6
    { 18, 25, 261, 0, 22, 113, 2634 }, // U+20B7
    { 17, 19, 263, 1, 19, 81, 2747 }, // U+20B8
    { 14, 20, 263, 2, 19, 70, 2828 }, // U+20B9
    { 16, 20, 263, 0, 19, 80, 2898 }, // U+20BA
    { 18, 23, 305, 2, 22, 104, 2978 }, // U+20BB
    { 21, 20, 367, 0, 20, 105, 3082 }, // U+20BC
    { 17, 19, 263, 0, 19, 81, 3187 }, // U+20BD
    { 18, 24, 261, 0, 24, 108, 3268 }, // U+20BE
    { 18, 26, 263, -1, 22, 117, 3376 }, // U+20BF
    { 19, 20, 315, 0, 18, 95, 0 }, // U+2190
    { 19, 19, 315, 0, 18, 91, 95 }, // U+2191
    { 19, 20, 315, 0, 18, 95, 186 }, // U+2192
    { 19, 19, 315, 0, 18, 91, 281 }, // U+2193
    { 35, 20, 624, 2, 19, 175, 372 }, // U+2194
    { 16, 16, 315, 2, 16, 64, 547 }, // U+2196
    { 16, 16, 315, 1, 16, 64, 611 }, // U+2197
    { 16, 16, 315, 1, 17, 64, 675 }, // U+2198
    { 16, 16, 315, 2, 17, 64, 739 }, // U+2199
    { 16, 20, 273, 0, 19, 80, 0 }, // U+2202
    { 18, 20, 285, -1, 20, 90, 80 }, // U+2206
    { 22, 24, 376, 1, 20, 132, 170 }, // U+220F
    { 16, 24, 281, 1, 20, 96, 302 }, // U+2211
    { 15, 3, 263, 1, 11, 12, 398 }, // U+2212
    { 16, 21, 86, -5, 20, 84, 410 }, // U+2215
    { 6, 7, 145, 2, 13, 11, 494 }, // U+2219
    { 18, 27, 267, 1, 23, 122, 505 }, // U+221A
    { 22, 13, 374, 1, 16, 72, 627 }, // U+221E
    { 20, 29, 199, -4, 22, 145, 699 }, // U+222B
    { 15, 13, 263, 1, 16, 49, 844 }, // U+2248
    { 15, 18, 263, 1, 18, 68, 893 }, // U+2260
    { 15, 17, 263, 1, 17, 64, 961 }, // U+2264
    { 15, 17, 263, 1, 17, 64, 1025 }, // U+2265
    { 19, 18, 336, 1, 18, 86, 0 }, // U+25A0
    { 22, 22, 424, 2, 22, 121, 86 }, // U+25A1
    { 22, 22, 349, 0, 20, 121, 207 }, // U+25C6
    { 29, 29, 493, 1, 25, 211, 328 }, // U+25C7
    { 23, 23, 424, 2, 22, 133, 539 }, // U+25CB
    { 23, 23, 424, 2, 22, 133, 672 }, // U+25CF
    { 26, 25, 485, 2, 24, 163, 805 }, // U+2605
    { 26, 25, 485, 2, 24, 163, 968 }, // U+2606
    { 26, 23, 475, 2, 22, 150, 1131 }, // U+2661
    { 26, 23, 475, 2, 22, 150, 1281 }, // U+2665
    { 17, 25, 301, 1, 24, 107, 1431 }, // U+2713
    { 17, 17, 410, 4, 18, 73, 1538 }, // U+2717
    { 30, 29, 330, -5, 22, 218, 0 }, // U+FB00
    { 25, 29, 306, -5, 22, 182, 218 }, // U+FB01
    { 25, 29, 315, -5, 22, 182, 400 }, // U+FB02
    { 34, 29, 461, -5, 22, 247, 582 }, // U+FB03
    { 35, 29, 469, -5, 22, 254, 829 }, // U+FB04
    { 28, 30, 353, -5, 23, 210, 1083 }, // U+FB05
    { 28, 24, 435, 0, 23, 168, 1293 }, // U+FB06
    { 27, 28, 467, 1, 23, 189, 0 }, // U+FFFD
};

static const EpdUnicodeInterval sourceserif_14_bolditalicIntervals[] = {
    { 0x0, 0x0, 0x0 },
    { 0xD, 0xD, 0x1 },
    { 0x20, 0x7E, 0x2 },
    { 0xA0, 0x17F, 0x61 },
    { 0x1A0, 0x1A1, 0x141 },
    { 0x1AF, 0x1B0, 0x143 },
    { 0x1C4, 0x21F, 0x145 },
    { 0x300, 0x36F, 0x1A1 },
    { 0x400, 0x4FF, 0x211 },
    { 0x1EA0, 0x1EF9, 0x311 },
    { 0x2000, 0x2064, 0x36B },
    { 0x2066, 0x2071, 0x3D0 },
    { 0x2074, 0x208E, 0x3DC },
    { 0x2090, 0x209C, 0x3F7 },
    { 0x20A0, 0x20BF, 0x404 },
    { 0x2190, 0x2194, 0x424 },
    { 0x2196, 0x2199, 0x429 },
    { 0x2202, 0x2202, 0x42D },
    { 0x2206, 0x2206, 0x42E },
    { 0x220F, 0x220F, 0x42F },
    { 0x2211, 0x2212, 0x430 },
    { 0x2215, 0x2215, 0x432 },
    { 0x2219, 0x221A, 0x433 },
    { 0x221E, 0x221E, 0x435 },
    { 0x222B, 0x222B, 0x436 },
    { 0x2248, 0x2248, 0x437 },
    { 0x2260, 0x2260, 0x438 },
    { 0x2264, 0x2265, 0x439 },
    { 0x25A0, 0x25A1, 0x43B },
    { 0x25C6, 0x25C7, 0x43D },
    { 0x25CB, 0x25CB, 0x43F },
    { 0x25CF, 0x25CF, 0x440 },
    { 0x2605, 0x2606, 0x441 },
    { 0x2661, 0x2661, 0x443 },
    { 0x2665, 0x2665, 0x444 },
    { 0x2713, 0x2713, 0x445 },
    { 0x2717, 0x2717, 0x446 },
    { 0xFB00, 0xFB06, 0x447 },
    { 0xFFFD, 0xFFFD, 0x44E },
};

static const EpdFontGroup sourceserif_14_bolditalicGroups[] = {
    { 0, 3957, 8277, 97, 0 },
    { 3957, 3323, 9685, 96, 97 },
    { 7280, 4521, 15860, 128, 193 },
    { 11801, 4751, 14850, 96, 321 },
    { 16552, 1434, 2291, 112, 417 },
    { 17986, 12172, 32655, 256, 529 },
    { 30158, 2359, 12658, 90, 785 },
    { 32517, 2365, 5173, 111, 875 },
    { 34882, 953, 1541, 42, 986 },
    { 35835, 2077, 3714, 32, 1028 },
    { 37912, 441, 826, 9, 1060 },
    { 38353, 540, 1148, 14, 1069 },
    { 38893, 606, 1744, 12, 1083 },
    { 39499, 659, 1538, 7, 1095 },
    { 40158, 131, 196, 1, 1102 },
};

static const uint16_t sourceserif_14_bolditalicKernLeftCodepoints[] = {
    0x0022, 0x0023, 0x0026, 0x0027, 0x0028, 0x0029, 0x002A, 0x002B, 0x002C, 0x002D, 0x002E, 0x002F,
    0x0030, 0x0031, 0x0032, 0x0033, 0x0034, 0x0035, 0x0036, 0x0037, 0x0038, 0x0039, 0x003A, 0x003B,
    0x003D, 0x003E, 0x003F, 0x0040, 0x0041, 0x0042, 0x0043, 0x0044, 0x0045, 0x0046, 0x0047, 0x0048,
    0x0049, 0x004A, 0x004B, 0x004C, 0x004D, 0x004E, 0x004F, 0x0050, 0x0051, 0x0052, 0x0053, 0x0054,
    0x0055, 0x0056, 0x0057, 0x0058, 0x0059, 0x005A, 0x005B, 0x005C, 0x005D, 0x005F, 0x0061, 0x0062,
    0x0063, 0x0064, 0x0065, 0x0066, 0x0067, 0x0068, 0x0069, 0x006A, 0x006B, 0x006C, 0x006D, 0x006E,
    0x006F, 0x0070, 0x0071, 0x0072, 0x0073, 0x0074, 0x0075, 0x0076, 0x0077, 0x0078, 0x0079, 0x007A,
    0x007B, 0x007C, 0x007D, 0x007E, 0x00C0, 0x00C1, 0x00C2, 0x00C3, 0x00C4, 0x00C5, 0x00C7, 0x00C8,
    0x00C9, 0x00CA, 0x00CB, 0x00CC, 0x00CD, 0x00CE, 0x00CF, 0x00D1, 0x00D2, 0x00D3, 0x00D4, 0x00D5,
    0x00D6, 0x00D9, 0x00DA, 0x00DB, 0x00DC, 0x00DD, 0x00E0, 0x00E1, 0x00E2, 0x00E3, 0x00E4, 0x00E5,
    0x00E7, 0x00E8, 0x00E9, 0x00EA, 0x00EB, 0x00EC, 0x00ED, 0x00EE, 0x00EF, 0x00F1, 0x00F2, 0x00F3,
    0x00F4, 0x00F5, 0x00F6, 0x00F9, 0x00FA, 0x00FB, 0x00FC, 0x00FD, 0x00FF, 0x0100, 0x0101, 0x0102,
    0x0103, 0x0104, 0x0105, 0x0106, 0x0107, 0x0108, 0x0109, 0x010A, 0x010B, 0x010C, 0x010D, 0x010E,
    0x010F, 0x0110, 0x0111, 0x0112, 0x0113, 0x0114, 0x0115, 0x0116, 0x0117, 0x0118, 0x0119, 0x011A,
    0x011B, 0x011C, 0x011D, 0x011E, 0x011F, 0x0120, 0x0121, 0x0122, 0x0123, 0x0124, 0x0125, 0x0128,
    0x0129, 0x012A, 0x012B, 0x012C, 0x012D, 0x012E, 0x012F, 0x0130, 0x0131, 0x0134, 0x0135, 0x0136,
    0x0137, 0x0139, 0x013A, 0x013B, 0x013C, 0x013D, 0x013E, 0x0141, 0x0142, 0x0143, 0x0144, 0x0145,
    0x0146, 0x0147, 0x0148, 0x014C, 0x014D, 0x014E, 0x014F, 0x0150, 0x0151, 0x0154, 0x0155, 0x0156,
    0x0157, 0x0158, 0x0159, 0x015A, 0x015B, 0x015C, 0x015D, 0x015E, 0x015F, 0x0160, 0x0161, 0x0162,
    0x0163, 0x0164, 0x0165, 0x0168, 0x0169, 0x016A, 0x016B, 0x016C, 0x016D, 0x016E, 0x016F, 0x0170,
    0x0171, 0x0172, 0x0173, 0x0174, 0x0175, 0x0176, 0x0177, 0x0178, 0x0179, 0x017A, 0x017B, 0x017C,
    0x017D, 0x017E, 0x01A0, 0x01A1, 0x01AF, 0x01B0, 0x01CD, 0x01CE, 0x01CF, 0x01D0, 0x01D1, 0x01D2,
    0x01D3, 0x01D4, 0x01D5, 0x01D6, 0x01D7, 0x01D8, 0x01D9, 0x01DA, 0x01DB, 0x01DC, 0x01DE, 0x01DF,
    0x01E0, 0x01E1, 0x01E6, 0x01E7, 0x01E8, 0x01E9, 0x01EA, 0x01EB, 0x01EC, 0x01ED, 0x01F0, 0x01F4,
    0x01F5, 0x01F8, 0x01F9, 0x01FA, 0x01FB, 0x0200, 0x0201, 0x0202, 0x0203, 0x0204, 0x0205, 0x0206,
    0x0207, 0x0208, 0x0209, 0x020A, 0x020B, 0x020C, 0x020D, 0x020E, 0x020F, 0x0210, 0x0211, 0x0212,
    0x0213, 0x0214, 0x0215, 0x0216, 0x0217, 0x0218, 0x0219, 0x021A, 0x021B, 0x021E, 0x021F, 0x1EA0,
    0x1EA1, 0x1EA2, 0x1EA3, 0x1EA4, 0x1EA5, 0x1EA6, 0x1EA7, 0x1EA8, 0x1EA9, 0x1EAA, 0x1EAB, 0x1EAC,
    0x1EAD, 0x1EAE, 0x1EAF, 0x1EB0, 0x1EB1, 0x1EB2, 0x1EB3, 0x1EB4, 0x1EB5, 0x1EB6, 0x1EB7, 0x1EB8,
    0x1EB9, 0x1EBA, 0x1EBB, 0x1EBC, 0x1EBD, 0x1EBE, 0x1EBF, 0x1EC0, 0x1EC1, 0x1EC2, 0x1EC3, 0x1EC4,
    0x1EC5, 0x1EC6, 0x1EC7, 0x1EC8, 0x1EC9, 0x1ECA, 0x1ECB, 0x1ECC, 0x1ECD, 0x1ECE, 0x1ECF, 0x1ED0,
    0x1ED1, 0x1ED2, 0x1ED3, 0x1ED4, 0x1ED5, 0x1ED6, 0x1ED7, 0x1ED8, 0x1ED9, 0x1EDA, 0x1EDB, 0x1EDC,
    0x1EDD, 0x1EDE, 0x1EDF, 0x1EE0, 0x1EE1, 0x1EE2, 0x1EE3, 0x1EE4, 0x1EE5, 0x1EE6, 0x1EE7, 0x1EE8,
    0x1EE9, 0x1EEA, 0x1EEB, 0x1EEC, 0x1EED, 0x1EEE, 0x1EEF, 0x1EF0, 0x1EF1, 0x1EF2, 0x1EF3, 0x1EF4,
    0x1EF5, 0x1EF6, 0x1EF7, 0x1EF8, 0x1EF9,
};

static const uint8_t sourceserif_14_bolditalicKernLeftClassIds[] = {
      1,   2,   3,   1,   4,   5,   6,   7,   8,   9,   8,  10,  11,  12,  13,  14,
     15,  16,  17,  18,  14,  19,  20,  20,  21,   7,  22,  23,  24,  25,  26,  27,
     28,  29,  30,  31,  31,  32,  33,  34,  31,  35,  36,  37,  36,  38,  39,  40,
     41,  42,  43,  44,  45,  46,   4,  47,   5,  48,  49,  50,  51,  52,  53,  54,
     55,  56,  57,  58,  59,  52,  56,  56,  60,  50,  61,  62,  63,  64,  65,  66,
     66,  67,  66,  68,   4,  69,   5,   7,  24,  24,  24,  24,  24,  24,  26,  28,
     28,  28,  28,  31,  31,  31,  31,  35,  36,  36,  36,  36,  36,  41,  41,  41,
     41,  45,  49,  49,  49,  49,  49,  49,  51,  53,  53,  53,  53,  57,  57,  57,
     57,  56,  60,  60,  60,  60,  60,  65,  65,  65,  65,  66,  66,  24,  49,  24,
     49,  24,  49,  26,  51,  26,  51,  26,  51,  26,  51,  27,  52,  27,  52,  28,
     53,  28,  53,  28,  53,  28,  53,  28,  53,  30,  55,  30,  55,  30,  55,  30,
     55,  31,  56,  31,  57,  31,  57,  31,  57,  31,  57,  31,  57,  32,  58,  33,
     59,  34,  52,  34,  52,  34,  52,  34,  52,  35,  56,  35,  56,  35,  56,  36,
     60,  36,  60,  36,  60,  38,  62,  38,  62,  38,  62,  39,  63,  39,  63,  39,
     63,  39,  63,  40,  64,  40,  64,  41,  65,  41,  65,  41,  65,  41,  65,  41,
     65,  41,  65,  43,  66,  45,  66,  45,  46,  68,  46,  68,  46,  68,  36,  60,
     41,  65,  24,  49,  31,  57,  36,  60,  41,  65,  41,  65,  41,  65,  41,  65,
     41,  65,  24,  49,  24,  49,  30,  55,  33,  59,  36,  60,  36,  60,  58,  30,
     55,  35,  56,  24,  49,  24,  49,  24,  49,  28,  53,  28,  53,  31,  57,  31,
     57,  36,  60,  36,  60,  38,  62,  38,  62,  41,  65,  41,  65,  39,  63,  40,
     64,  31,  56,  24,  49,  24,  49,  24,  49,  24,  49,  24,  49,  24,  49,  24,
     49,  24,  49,  24,  49,  24,  49,  24,  49,  24,  49,  28,  53,  28,  53,  28,
     53,  28,  53,  28,  53,  28,  53,  28,  53,  28,  53,  31,  57,  31,  57,  36,
     60,  36,  60,  36,  60,  36,  60,  36,  60,  36,  60,  36,  60,  36,  60,  36,
     60,  36,  60,  36,  60,  36,  60,  41,  65,  41,  65,  41,  65,  41,  65,  41,
     65,  41,  65,  41,  65,  45,  66,  45,  66,  45,  66,  45,  66,
};

static const uint16_t sourceserif_14_bolditalicKernRightCodepoints[] = {
    0x0021, 0x0022, 0x0023, 0x0025, 0x0027, 0x0028, 0x0029, 0x002A, 0x002B, 0x002C, 0x002D, 0x002E,
    0x002F, 0x0030, 0x0031, 0x0032, 0x0033, 0x0034, 0x0035, 0x0036, 0x0037, 0x0038, 0x0039, 0x003A,
    0x003B, 0x003C, 0x003D, 0x003F, 0x0040, 0x0041, 0x0042, 0x0043, 0x0044, 0x0045, 0x0046, 0x0047,
    0x0048, 0x0049, 0x004A, 0x004B, 0x004C, 0x004D, 0x004E, 0x004F, 0x0050, 0x0051, 0x0052, 0x0053,
    0x0054, 0x0055, 0x0056, 0x0057, 0x0058, 0x0059, 0x005A, 0x005B, 0x005C, 0x005D, 0x005F, 0x0061,
    0x0062, 0x0063, 0x0064, 0x0065, 0x0066, 0x0067, 0x0068, 0x0069, 0x006A, 0x006B, 0x006C, 0x006D,
    0x006E, 0x006F, 0x0070, 0x0071, 0x0072, 0x0073, 0x0074, 0x0075, 0x0076, 0x0077, 0x0078, 0x0079,
    0x007A, 0x007B, 0x007C, 0x007D, 0x007E, 0x00C0, 0x00C1, 0x00C2, 0x00C3, 0x00C4, 0x00C5, 0x00C7,
    0x00C8, 0x00C9, 0x00CA, 0x00CB, 0x00CC, 0x00CD, 0x00CE, 0x00CF, 0x00D1, 0x00D2, 0x00D3, 0x00D4,
    0x00D5, 0x00D6, 0x00D9, 0x00DA, 0x00DB, 0x00DC, 0x00DD, 0x00E0, 0x00E1, 0x00E2, 0x00E3, 0x00E4,
    0x00E5, 0x00E7, 0x00E8, 0x00E9, 0x00EA, 0x00EB, 0x00EC, 0x00ED, 0x00EE, 0x00EF, 0x00F1, 0x00F2,
    0x00F3, 0x00F4, 0x00F5, 0x00F6, 0x00F9, 0x00FA, 0x00FB, 0x00FC, 0x00FD, 0x00FF, 0x0100, 0x0101,
    0x0102, 0x0103, 0x0104, 0x0105, 0x0106, 0x0107, 0x0108, 0x0109, 0x010A, 0x010B, 0x010C, 0x010D,
    0x010E, 0x010F, 0x0110, 0x0111, 0x0112, 0x0113, 0x0114, 0x0115, 0x0116, 0x0117, 0x0118, 0x0119,
    0x011A, 0x011B, 0x011C, 0x011D, 0x011E, 0x011F, 0x0120, 0x0121, 0x0122, 0x0123, 0x0124, 0x0125,
    0x0128, 0x0129, 0x012A, 0x012B, 0x012C, 0x012D, 0x012E, 0x012F, 0x0130, 0x0131, 0x0134, 0x0135,
    0x0136, 0x0137, 0x0139, 0x013A, 0x013B, 0x013C, 0x013D, 0x013E, 0x0141, 0x0142, 0x0143, 0x0144,
    0x0145, 0x0146, 0x0147, 0x0148, 0x014C, 0x014D, 0x014E, 0x014F, 0x0150, 0x0151, 0x0154, 0x0155,
    0x0156, 0x0157, 0x0158, 0x0159, 0x015A, 0x015B, 0x015C, 0x015D, 0x015E, 0x015F, 0x0160, 0x0161,
    0x0162, 0x0163, 0x0164, 0x0165, 0x0168, 0x0169, 0x016A, 0x016B, 0x016C, 0x016D, 0x016E, 0x016F,
    0x0170, 0x0171, 0x0172, 0x0173, 0x0174, 0x0175, 0x0176, 0x0177, 0x0178, 0x0179, 0x017A, 0x017B,
    0x017C, 0x017D, 0x017E, 0x01A0, 0x01A1, 0x01AF, 0x01B0, 0x01CD, 0x01CE, 0x01CF, 0x01D0, 0x01D1,
    0x01D2, 0x01D3, 0x01D4, 0x01D5, 0x01D6, 0x01D7, 0x01D8, 0x01D9, 0x01DA, 0x01DB, 0x01DC, 0x01DE,
    0x01DF, 0x01E0, 0x01E1, 0x01E6, 0x01E7, 0x01E8, 0x01E9, 0x01EA, 0x01EB, 0x01EC, 0x01ED, 0x01F0,
    0x01F4, 0x01F5, 0x01F8, 0x01F9, 0x01FA, 0x01FB, 0x0200, 0x0201, 0x0202, 0x0203, 0x0204, 0x0205,
    0x0206, 0x0207, 0x0208, 0x0209, 0x020A, 0x020B, 0x020C, 0x020D, 0x020E, 0x020F, 0x0210, 0x0211,
    0x0212, 0x0213, 0x0214, 0x0215, 0x0216, 0x0217, 0x0218, 0x0219, 0x021A, 0x021B, 0x021E, 0x021F,
    0x1EA0, 0x1EA1, 0x1EA2, 0x1EA3, 0x1EA4, 0x1EA5, 0x1EA6, 0x1EA7, 0x1EA8, 0x1EA9, 0x1EAA, 0x1EAB,
    0x1EAC, 0x1EAD, 0x1EAE, 0x1EAF, 0x1EB0, 0x1EB1, 0x1EB2, 0x1EB3, 0x1EB4, 0x1EB5, 0x1EB6, 0x1EB7,
    0x1EB8, 0x1EB9, 0x1EBA, 0x1EBB, 0x1EBC, 0x1EBD, 0x1EBE, 0x1EBF, 0x1EC0, 0x1EC1, 0x1EC2, 0x1EC3,
    0x1EC4, 0x1EC5, 0x1EC6, 0x1EC7, 0x1EC8, 0x1EC9, 0x1ECA, 0x1ECB, 0x1ECC, 0x1ECD, 0x1ECE, 0x1ECF,
    0x1ED0, 0x1ED1, 0x1ED2, 0x1ED3, 0x1ED4, 0x1ED5, 0x1ED6, 0x1ED7, 0x1ED8, 0x1ED9, 0x1EDA, 0x1EDB,
    0x1EDC, 0x1EDD, 0x1EDE, 0x1EDF, 0x1EE0, 0x1EE1, 0x1EE2, 0x1EE3, 0x1EE4, 0x1EE5, 0x1EE6, 0x1EE7,
    0x1EE8, 0x1EE9, 0x1EEA, 0x1EEB, 0x1EEC, 0x1EED, 0x1EEE, 0x1EEF, 0x1EF0, 0x1EF1, 0x1EF2, 0x1EF3,
    0x1EF4, 0x1EF5, 0x1EF6, 0x1EF7, 0x1EF8, 0x1EF9,
};

static const uint8_t sourceserif_14_bolditalicKernRightClassIds[] = {
      1,   2,   3,   4,   2,   5,   6,   7,   8,   9,  10,   9,  11,  12,  13,  14,
     15,  16,  17,  18,  19,  20,  21,  22,  22,   8,   4,  23,  24,  25,  26,  27,
     26,  26,  26,  27,  26,  26,  28,  26,  26,  29,  29,  27,  26,  27,  26,  30,
     31,  32,  33,  34,  35,  36,  37,   5,  38,   6,  39,  40,  41,  42,  40,  42,
     43,  44,  41,  45,  46,  41,  41,  47,  47,  42,  48,  40,  47,  49,  50,  51,
     52,  52,  53,  54,  55,   5,  56,   6,   8,  25,  25,  25,  25,  25,  25,  27,
     26,  26,  26,  26,  26,  26,  26,  26,  29,  27,  27,  27,  27,  27,  32,  32,
     32,  32,  36,  40,  40,  40,  40,  40,  40,  42,  42,  42,  42,  42,  45,  45,
     45,  45,  47,  42,  42,  42,  42,  42,  51,  51,  51,  51,  54,  54,  25,  40,
     25,  40,  25,  40,  27,  42,  27,  42,  27,  42,  27,  42,  26,  40,  26,  40,
     26,  42,  26,  42,  26,  42,  26,  42,  26,  42,  27,  44,  27,  44,  27,  44,
     27,  44,  26,  41,  26,  45,  26,  45,  26,  45,  26,  45,  26,  45,  28,  46,
     26,  41,  26,  41,  26,  41,  26,  41,  26,  41,  29,  47,  29,  47,  29,  47,
     27,  42,  27,  42,  27,  42,  26,  47,  26,  47,  26,  47,  30,  49,  30,  49,
     30,  49,  30,  49,  31,  50,  31,  50,  32,  51,  32,  51,  32,  51,  32,  51,
     32,  51,  32,  51,  34,  52,  36,  54,  36,  37,  55,  37,  55,  37,  55,  27,
     42,  32,  51,  25,  40,  26,  45,  27,  42,  32,  51,  32,  51,  32,  51,  32,
     51,  32,  51,  25,  40,  25,  40,  27,  44,  26,  41,  27,  42,  27,  42,  46,
     27,  44,  29,  47,  25,  40,  25,  40,  25,  40,  26,  42,  26,  42,  26,  45,
     26,  45,  27,  42,  27,  42,  26,  47,  26,  47,  32,  51,  32,  51,  30,  49,
     31,  50,  26,  41,  25,  40,  25,  40,  25,  40,  25,  40,  25,  40,  25,  40,
     25,  40,  25,  40,  25,  40,  25,  40,  25,  40,  25,  40,  26,  42,  26,  42,
     26,  42,  26,  42,  26,  42,  26,  42,  26,  42,  26,  42,  26,  45,  26,  45,
     27,  42,  27,  42,  27,  42,  27,  42,  27,  42,  27,  42,  27,  42,  27,  42,
     27,  42,  27,  42,  27,  42,  27,  42,  32,  51,  32,  51,  32,  51,  32,  51,
     32,  51,  32,  51,  32,  51,  36,  54,  36,  54,  36,  54,  36,  54,
};

static const uint16_t sourceserif_14_bolditalicKernRowOffsets[] = {
        0,    18,    21,    33,    58,    60,    69,    74,   112,   137,   166,   183,   205,   225,   245,   255,
      268,   276,   298,   314,   334,   336,   339,   343,   383,   425,   446,   482,   505,   542,   572,   596,
      627,   665,   694,   728,   762,   796,   834,   867,   901,   933,   974,  1010,  1041,  1077,  1086,  1109,
     1134,  1155,  1177,  1197,  1216,  1241,  1283,  1305,  1325,  1346,  1366,  1387,  1409,  1432,  1457,  1480,
     1495,  1519,  1546,  1569,  1591,  1596,
};

static const uint8_t sourceserif_14_bolditalicKernSparseCols[] = {
      4,   8,  10,  15,  16,  24,  27,  28,  30,  32,  33,  39,  41,  43,  44,  48,
     52,  54,  20,  26,  29,  24,  31,  32,  34,  35,  39,  40,  41,  42,  43,  48,
     52,   2,   4,   9,  11,  13,  14,  15,  16,  20,  21,  24,  26,  27,  29,  39,
     41,  42,  44,  46,  48,  50,  51,  52,  53,  54,   5,   8,   8,  24,  26,  27,
     32,  33,  35,  36,  39,  12,  13,  14,  16,  18,   1,   4,   5,   6,   8,   9,
     10,  11,  12,  13,  14,  15,  16,  18,  20,  26,  27,  30,  31,  32,  33,  35,
     37,  39,  40,  41,  42,  44,  45,  46,  47,  48,  49,  50,  51,  52,  53,  54,
      5,   8,  10,  12,  13,  14,  16,  18,  20,  24,  26,  27,  28,  29,  30,  31,
     32,  33,  34,  35,  36,  37,  51,  52,  54,   4,   8,   9,  10,  13,  14,  15,
     16,  18,  21,  24,  30,  32,  33,  35,  37,  39,  40,  41,  43,  46,  47,  48,
     49,  50,  51,  52,  53,  54,   5,   8,  10,  13,  14,  16,  18,  19,  24,  26,
     29,  31,  32,  33,  34,  35,  38,   1,   3,   6,   7,   8,   9,  12,  13,  14,
     15,  16,  17,  18,  19,  20,  21,  24,  30,  31,  32,  33,  35,   5,   8,   9,
     12,  13,  14,  15,  16,  17,  18,  19,  20,  23,  26,  27,  31,  32,  33,  35,
     37,   5,   6,   8,  10,  12,  13,  14,  16,  17,  18,  19,  20,  25,  31,  32,
     33,  34,  35,  37,  38,  13,  14,  16,  18,  20,  26,  31,  32,  35,  38,   8,
     10,  11,  12,  13,  14,  16,  17,  18,  19,  20,  35,  38,  13,  14,  17,  18,
     20,  25,  26,  28,   2,   7,   8,   9,  10,  13,  14,  15,  16,  17,  18,  19,
     20,  21,  23,  24,  27,  32,  33,  35,  37,  38,   5,   8,  10,  12,  13,  14,
     15,  16,  18,  24,  25,  26,  32,  34,  35,  38,  12,  18,  27,  31,  32,  33,
     35,  37,  39,  40,  41,  43,  44,  46,  48,  49,  50,  52,  53,  54,  12,  18,
      5,   8,  10,  26,  29,  34,  35,   1,   5,   6,   9,  11,  13,  14,  15,  16,
     17,  18,  19,  20,  22,  26,  27,  29,  30,  31,  32,  33,  34,  35,  37,  39,
     40,  41,  42,  43,  44,  45,  46,  47,  48,  49,  50,  51,  52,  53,  54,   1,
      5,   6,   8,   9,  10,  12,  13,  14,  16,  17,  18,  19,  20,  24,  25,  27,
     28,  29,  30,  31,  32,  33,  34,  35,  37,  38,  39,  40,  41,  42,  44,  45,
     46,  47,  48,  49,  50,  51,  52,  53,  54,   5,  19,  24,  26,  27,  29,  30,
     31,  32,  33,  34,  35,  38,  43,  45,  47,  48,  51,  52,  53,  54,   1,   5,
      6,   8,   9,  10,  11,  12,  13,  14,  16,  18,  19,  23,  24,  25,  26,  27,
     28,  30,  31,  32,  33,  34,  35,  36,  37,  38,  42,  44,  45,  46,  48,  51,
     52,  53,   1,  14,  18,  26,  27,  30,  31,  32,  33,  34,  35,  36,  39,  40,
     41,  42,  45,  46,  48,  51,  52,  53,  54,   5,   6,   8,   9,  10,  12,  13,
     14,  15,  16,  17,  19,  21,  24,  25,  26,  27,  28,  30,  31,  34,  38,  39,
     41,  42,  43,  44,  45,  46,  47,  48,  49,  50,  51,  52,  53,  54,   1,   4,
      5,   6,   8,   9,  12,  13,  14,  18,  19,  24,  25,  26,  27,  28,  30,  31,
     32,  33,  34,  35,  36,  37,  38,  39,  48,  51,  52,  53,  12,  13,  14,  15,
     16,  17,  19,  20,  26,  39,  41,  42,  43,  44,  45,  46,  47,  48,  49,  50,
     51,  52,  53,  54,   8,  10,  11,  12,  13,  14,  15,  16,  17,  19,  20,  21,
     24,  27,  28,  31,  34,  38,  39,  40,  41,  43,  44,  47,  48,  49,  50,  51,
     52,  53,  54,   1,   5,   6,   9,  11,  13,  14,  15,  16,  17,  18,  19,  20,
     24,  25,  26,  27,  28,  30,  31,  32,  33,  34,  35,  36,  38,  39,  41,  42,
     44,  45,  46,  47,  48,  49,  50,  51,  53,   1,   5,   6,  12,  13,  14,  15,
     16,  18,  20,  25,  26,  27,  28,  29,  30,  31,  32,  33,  34,  35,  36,  37,
     41,  48,  49,  51,  52,  53,   8,  10,  11,  12,  13,  14,  15,  16,  17,  20,
     23,  24,  25,  26,  27,  31,  34,  36,  38,  39,  40,  41,  43,  44,  45,  46,
     47,  48,  49,  50,  51,  52,  53,  54,   1,   5,   6,   8,   9,  11,  13,  14,
     15,  17,  20,  23,  24,  25,  26,  27,  28,  29,  30,  31,  32,  33,  34,  35,
     38,  39,  44,  45,  46,  47,  49,  50,  52,  53,   5,   8,  10,  12,  13,  14,
     15,  16,  17,  21,  22,  24,  25,  27,  28,  31,  32,  33,  34,  35,  36,  38,
     39,  41,  42,  43,  44,  45,  46,  48,  50,  51,  52,  53,   1,   5,   6,   9,
     11,  14,  15,  16,  17,  18,  20,  22,  24,  25,  26,  27,  28,  29,  30,  31,
     32,  33,  34,  35,  37,  38,  39,  40,  41,  42,  44,  45,  47,  48,  49,  50,
     51,  53,   1,   5,   9,  11,  13,  14,  15,  17,  18,  20,  24,  25,  26,  27,
     29,  30,  31,  32,  33,  34,  35,  38,  41,  44,  45,  47,  48,  49,  50,  51,
     52,  53,  54,   1,   8,   9,  10,  13,  14,  15,  16,  17,  18,  23,  24,  27,
     28,  32,  33,  34,  35,  36,  38,  39,  41,  42,  43,  44,  45,  46,  47,  48,
     50,  51,  52,  53,  54,   8,  10,  12,  13,  14,  15,  16,  17,  20,  21,  22,
     24,  28,  32,  33,  34,  38,  39,  40,  41,  43,  44,  45,  46,  47,  48,  49,
     50,  51,  52,  53,  54,   1,   8,   9,  10,  11,  12,  13,  15,  16,  17,  18,
     20,  21,  23,  24,  26,  27,  28,  30,  31,  34,  36,  37,  38,  39,  40,  41,
     42,  43,  44,  45,  46,  47,  48,  49,  50,  51,  52,  53,  54,  55,   8,   9,
     10,  11,  12,  13,  14,  15,  16,  17,  19,  20,  23,  24,  26,  27,  28,  30,
     31,  34,  37,  38,  39,  41,  43,  44,  45,  46,  47,  48,  49,  50,  51,  52,
     53,  54,   1,   9,  11,  14,  15,  16,  17,  19,  20,  26,  27,  29,  30,  31,
     32,  33,  35,  38,  39,  41,  42,  44,  45,  46,  47,  48,  49,  50,  51,  52,
     53,   1,   8,   9,  10,  11,  13,  14,  15,  16,  17,  18,  21,  23,  24,  26,
     28,  29,  30,  36,  37,  38,  39,  40,  41,  43,  44,  45,  46,  47,  48,  49,
     50,  51,  52,  53,  54,   1,  18,  21,  30,  32,  33,  35,  51,  53,   1,   9,
     11,  15,  16,  18,  20,  26,  27,  30,  31,  32,  33,  35,  37,  40,  42,  43,
     45,  47,  51,  52,  53,  11,  14,  15,  16,  18,  20,  26,  27,  29,  30,  31,
     32,  33,  35,  39,  40,  41,  42,  44,  46,  48,  49,  50,  51,  52,   1,   8,
     10,  21,  24,  26,  27,  28,  29,  30,  31,  32,  33,  34,  35,  36,  38,  40,
     41,  51,  53,   1,   5,   6,   8,   9,  22,  24,  26,  30,  32,  33,  34,  35,
     37,  38,  39,  40,  41,  43,  48,  52,  54,   1,  24,  26,  28,  29,  30,  31,
     32,  33,  35,  39,  40,  41,  42,  43,  47,  48,  51,  52,  54,   1,   8,  24,
     25,  26,  29,  30,  32,  33,  34,  35,  36,  37,  39,  40,  41,  42,  51,  53,
      1,   6,   8,   9,  24,  26,  30,  31,  32,  33,  34,  35,  39,  40,  41,  42,
     43,  47,  48,  49,  50,  51,  52,  53,  54,   0,   1,   5,   6,   8,   9,  11,
     12,  13,  14,  15,  16,  18,  19,  20,  21,  22,  24,  25,  26,  27,  28,  29,
     30,  31,  32,  33,  34,  35,  36,  37,  38,  39,  41,  43,  44,  45,  48,  52,
     53,  54,  55,   0,   6,   8,  10,  26,  27,  31,  32,  33,  35,  36,  38,  39,
     40,  41,  42,  43,  48,  49,  52,  53,  54,   0,   1,   6,   8,   9,  22,  24,
     29,  30,  31,  32,  33,  35,  36,  37,  40,  42,  47,  51,  53,   1,   6,   8,
      9,  10,  21,  24,  25,  26,  27,  28,  29,  31,  32,  33,  34,  36,  38,  51,
     53,  55,   9,  25,  26,  27,  28,  32,  33,  35,  39,  40,  41,  42,  43,  45,
     48,  49,  50,  51,  52,  54,   1,   8,  10,  24,  25,  26,  27,  30,  31,  32,
     33,  35,  36,  37,  38,  39,  40,  41,  42,  48,  52,   1,   6,   8,   9,  24,
     26,  30,  31,  32,  33,  34,  35,  37,  40,  42,  43,  48,  49,  51,  52,  53,
     54,   9,  26,  27,  29,  30,  31,  32,  33,  35,  39,  40,  41,  44,  45,  46,
     47,  48,  49,  50,  51,  52,  53,  54,   8,  10,  22,  24,  25,  26,  27,  28,
     30,  31,  32,  33,  34,  35,  37,  38,  39,  40,  41,  42,  43,  48,  52,  53,
     54,   1,   5,   6,   8,   9,  10,  24,  26,  29,  30,  31,  32,  33,  35,  36,
     39,  40,  41,  48,  51,  52,  53,  54,   1,   8,  10,  26,  27,  29,  36,  39,
     40,  41,  43,  48,  52,  54,  55,   0,   1,   6,   8,   9,  10,  21,  24,  26,
     28,  29,  30,  31,  32,  33,  35,  36,  37,  38,  40,  41,  48,  51,  53,   1,
      5,   8,   9,  24,  25,  26,  27,  28,  29,  30,  31,  32,  33,  34,  35,  36,
     37,  38,  39,  40,  41,  43,  44,  48,  52,  54,   0,  10,  24,  26,  27,  29,
     30,  31,  32,  33,  34,  35,  36,  39,  40,  41,  42,  43,  44,  48,  51,  52,
     53,   1,   6,  25,  26,  28,  30,  32,  33,  34,  35,  39,  40,  42,  43,  45,
     46,  48,  50,  51,  52,  53,  54,  27,  42,  45,  47,  53,
};

static const int8_t sourceserif_14_bolditalicKernSparseValues[] = {
      -5,  -31,  -25,  -22,   -9,  -38,   -7,   -2,    3,    1,    1,  -17,  -11,  -14,    3,   -9,
      -8,   -5,    2,    5,    3,   -3,   -3,   -3,   -5,   -2,  -17,   -8,  -12,    2,   -5,   -7,
      -3,   -1,  -21,  -11,   -5,   -7,   -7,  -12,   -7,   -2,   -7,   -7,   -4,   14,   -2,   -5,
      -4,   38,   -2,   -1,   -5,   -3,   -3,   -3,    1,   -1,  -21,  -11,  -12,  -23,    1,   -2,
       1,    1,    1,    5,   -3,  -11,  -15,  -20,  -13,  -27,  -41,  -14,  -11,  -56,  -12,  -13,
      16,   -3,   -1,   -5,   -3,  -11,   -3,   -8,  -18,  -14,    7,  -32,  -28,  -45,  -39,  -38,
     -52,  -12,  -12,  -15,   13,  -14,   -4,   -9,   -2,  -14,  -12,  -14,  -37,   -9,  -15,   -6,
     -11,   -3,  -10,  -10,  -10,   -7,   -7,  -21,   -8,   -7,    3,  -11,   -2,   -2,  -25,   -5,
     -16,  -11,  -18,  -26,   -2,  -11,   -3,   -8,   -3,  -16,  -54,  -20,  -44,   -3,   -3,  -20,
      -8,    1,  -15,  -36,    1,    3,    5,    3,   -3,  -21,    5,  -19,  -14,   -7,   -5,  -21,
      -2,   -5,   -7,  -16,   -3,  -14,   -6,   -3,   -3,   -3,   -1,   -2,   -7,   -2,   -6,    7,
       2,   -1,   -6,   -3,   -4,   -5,  -14,  -12,   -4,   -6,   -8,    2,   -6,   -3,   -7,   -5,
      -7,   -7,   -6,   -7,   -6,   -6,   -3,    1,   -5,   -9,   -9,   -8,   -7,   -3,   -2,  -11,
      -5,  -11,  -10,  -10,  -13,   -4,   -7,   -3,   -3,   -5,    4,    2,   -4,   -5,   -9,   -9,
      -5,   -6,   -2,   -3,   -5,   -6,  -12,   -7,   -9,   -3,  -12,   -5,   -9,   -1,   -2,  -10,
      -7,   -1,  -10,   -3,   -5,   -6,   -2,   -2,   -5,   -4,    3,   -5,  -10,   -2,   -4,   -4,
      -3,   -2,   -2,  -11,   -3,   -7,   -4,  -13,   -1,  -11,   -5,   -9,   -3,   -1,   -1,   -8,
      -8,    2,    3,    3,   -5,  -11,  -56,  -17,  -29,   -7,   -7,  -21,  -19,   -7,   -3,   -2,
      -3,  -14,  -17,  -31,   -2,    4,    4,    4,    3,  -41,   -6,  -22,  -14,   -2,   -6,   -8,
      -2,   -9,   -9,  -11,   -1,    7,   -1,   -9,   -8,  -26,   -2,   -9,    2,   -7,  -14,   -2,
     -18,  -10,   -8,   -7,   -7,   -3,    2,    3,   -7,   -3,    3,   -7,   -2,  -10,   -4,   -8,
     -17,  -48,  -32,    4,    3,   -1,   -2,  -51,   -4,  -62,   -9,   -7,   -7,   -8,  -11,   -8,
     -12,  -10,   -5,  -13,   -5,  -12,   -3,   -1,  -35,  -28,  -47,  -37,   -2,  -35,  -28,  -10,
     -14,  -14,  -11,   -2,  -13,  -10,  -10,  -12,  -11,  -12,  -12,  -29,   -3,  -27,   -2,  -15,
      -6,  -12,   -3,    7,   -1,   -3,  -14,   -2,   -5,   -2,  -14,   -2,   -5,   -9,   -4,   -7,
      -5,   -2,  -16,  -15,  -24,  -18,  -12,  -23,  -14,  -12,    2,   -3,   -1,   -1,   -1,   -2,
      -2,   -1,   -4,   -2,   -2,   -7,   -5,   -5,   -6,    2,   -2,   -5,   -7,   -3,   -2,   -2,
      -9,   -7,   -7,   -2,   -6,   -1,   -2,   -1,   -1,   -3,  -10,   -2,   -7,   -2,  -12,   -6,
     -11,  -12,    5,   -2,    7,   -2,  -16,   -9,   -7,  -14,   -5,    1,  -23,   -8,    4,  -12,
      -9,   -9,  -10,  -20,  -18,  -19,  -21,   -6,  -13,  -32,    1,    2,    3,    3,   -3,    3,
      -3,    5,   -7,   -5,   -8,   -7,   -5,   -5,  -12,   -8,   -8,   -4,   -8,   -2,   -2,   -1,
      -7,   -3,    1,   -1,   -2,   -8,   -3,   -5,   -1,   -2,    2,  -41,   -7,  -22,  -12,  -14,
     -12,  -26,  -17,   -7,   -4,   -8,  -41,   -1,   -7,   -7,   -9,    2,   -4,   -5,  -26,  -23,
     -22,   -4,  -17,   -2,   -5,   -6,   -8,  -19,   -4,   -9,   -8,  -24,   -7,  -14,  -12,    2,
      -2,  -15,   -2,   16,   -7,  -14,   -6,  -14,   -5,  -10,   -3,    2,   -7,   -4,  -14,  -12,
     -23,  -21,  -14,  -18,   -4,   -7,   -9,   -2,   -5,   -4,   -8,   -5,   -1,   -5,   -4,  -12,
      -9,   -5,   -3,   -3,   -4,   -7,   -7,   -3,   -5,    1,   -2,   -1,   -6,  -12,   -4,   -5,
      -7,   -7,   -7,   -5,  -24,   -7,   -3,   -5,   -7,  -10,  -13,  -14,   -3,   -3,   -3,   -5,
     -26,   -5,   -7,   -2,   -3,  -22,   -9,    2,   -9,   -9,    1,   -5,  -13,   -1,   -6,   -2,
     -16,   -3,  -10,   -3,   -2,   -7,   -9,   -5,   -2,   -2,  -14,   -3,   -7,   -3,   -2,   -4,
     -10,   -2,  -13,   -3,   -1,   -9,  -12,  -19,  -16,   -6,  -12,    3,    3,   -2,   -5,   -3,
      -3,   -4,   -3,   -4,   -3,   -6,   -6,  -22,  -18,  -46,   -7,  -45,   -2,   -7,   -2,   -1,
      -5,  -12,  -12,   -3,   -7,  -11,   -2,   -3,  -38,  -22,  -39,  -40,   -3,  -35,   -1,  -23,
      -1,   -2,   -2,  -22,   -3,  -15,  -20,   -7,   -2,   -9,  -12,   -9,  -13,  -14,  -10,   -2,
      -2,   -8,   -2,   -1,   -2,   -2,   -5,   -3,  -19,   -8,    2,   -7,   -7,   -3,   -2,   -3,
      -3,  -14,   -2,   -5,   -7,  -17,   -3,  -12,  -10,   -4,  -10,   -4,   14,    6,   -9,   -2,
       2,    3,   -2,    5,   -7,   -4,    5,  -11,   -3,   -2,   -8,   -2,  -13,  -12,  -12,  -14,
     -12,    1,    5,    5,    5,    5,    3,    5,   -5,    2,   -5,  -45,  -18,  -10,  -14,   -8,
     -16,  -14,   -5,   -6,  -12,  -39,  -11,  -15,  -12,   -8,  -11,  -11,  -18,  -13,   -4,   -8,
     -11,   -3,    4,   -2,    5,    3,    2,   -4,    1,    7,   -7,    7,  -31,   -3,  -19,   -6,
      -2,   -2,   -9,   -7,   -7,   -7,   -4,   -2,   -6,   -5,  -10,  -15,   -3,   -2,  -20,  -24,
     -31,  -28,  -10,  -24,  -17,    8,   -2,   -7,   -7,   -2,   -1,   -2,   -1,   -4,   -5,   -4,
     -16,   -9,   -7,   -2,    7,    3,   -9,   -2,    5,   -1,   -2,   -2,   -2,   -1,    2,   -2,
      -2,   -7,   -4,   -6,   -5,   -8,   -7,   -2,   -1,    1,    1,   -1,   -1,   -3,   -2,   -9,
      -4,   -5,   -1,    3,  -38,  -20,  -20,   -2,   -2,  -22,   -7,   -3,    1,  -13,  -28,   -2,
      -2,    1,    1,   -2,    2,   -2,  -24,  -23,  -20,    2,  -14,    2,   -2,   -4,  -10,  -14,
      -8,   -5,  -19,   -5,   -9,  -21,  -14,   -2,   -5,   -4,  -11,   -7,   -4,   -2,   -7,   -2,
     -19,   -2,   -1,   -1,   -3,  -20,  -10,    3,   -9,   -9,    1,    1,   -2,   -3,  -17,   -5,
      -7,   -7,  -19,   -9,  -10,    2,  -44,   -3,  -21,   -2,   -7,   -5,  -25,  -13,  -11,    2,
      -2,   -2,   -2,  -38,   -5,   -1,   -4,    1,   -2,   -5,    2,    7,  -38,  -28,    1,  -25,
      -1,  -21,   -3,   -5,   -7,   -7,  -19,   -3,  -10,   -7,  -26,   -4,  -19,    2,  -30,   -2,
     -17,    2,   -3,   -2,   -2,  -20,   -7,   -7,   -2,    2,  -10,  -32,   -2,   -1,   -5,    1,
      -1,   -4,    7,  -35,  -24,  -18,  -18,    2,   -3,   -6,   -7,  -19,   -3,   -7,   -6,  -20,
      -7,  -16,   -2,   -9,   -2,   -7,  -15,   -7,  -11,   -2,   -5,  -10,   -3,   -3,   -3,   -6,
      -7,   -5,   -5,    1,   -9,  -14,   -3,   -3,   -4,   -3,   -4,   -9,   -8,   -5,  -16,   -5,
     -20,    2,  -35,  -12,  -21,   -3,   -2,   -4,  -28,  -10,  -11,    1,  -11,  -15,  -27,   -5,
      -2,   -3,    4,   -2,   12,  -14,  -25,    2,  -24,  -24,    2,   -3,   -9,  -13,  -23,   -2,
     -13,  -12,  -24,  -12,  -21,   -2,   -5,    2,   -5,   -1,   -1,   -1,   -5,   -5,  -40,  -16,
      -8,  -14,  -14,  -25,  -11,  -11,    3,  -39,  -35,  -41,  -31,  -30,  -43,   -8,   49,    2,
       7,    7,  -22,   -7,   16,  -13,  -16,  -28,  -13,  -13,  -16,  -28,    7,  -10,  -35,  -38,
     -52,  -47,  -39,   -9,  -17,   -9,   20,  -17,  -14,  -15,  -15,  -16,  -33,   -7,  -13,    7,
       4,    3,    3,    3,    3,    1,    2,   -3,   -3,  -14,   -9,    2,  -13,    3,    1,   -1,
      -1,   -5,   -5,  -10,  -10,  -16,   -5,    9,   -1,   -8,    5,  -11,  -14,   -8,  -11,  -19,
      -3,   -4,   -7,   -2,   -1,   -2,   -7,  -11,   -2,   -5,   -2,    2,   -2,    2,  -12,   -2,
     -17,  -12,  -20,   -5,   -7,   -7,   -2,   -3,   -2,   -7,   -1,   -9,   -8,   -4,    2,    2,
       2,    3,    4,   -2,   -2,   -2,    2,   -3,    3,    2,   -1,   -1,   -2,   -1,   -9,   -5,
      -7,  -14,   -3,    5,   -3,    2,  -15,   -8,  -18,  -14,   -5,  -20,   -7,   -8,   -7,   -2,
      -5,   -2,   -8,   -2,   -2,    1,   -8,    1,   -6,   18,   25,   20,   25,  -21,    1,    4,
      13,    2,   10,   -7,    2,   26,    7,   11,   -5,   17,  -14,   18,    9,    5,   12,   16,
      28,   21,   22,   21,   20,   24,   17,   38,   -4,  -18,   -9,   -7,   14,    9,   -5,  -10,
       2,   -3,   38,   -2,    2,    3,   12,    4,   19,   -4,   -5,   -3,   -5,    5,    2,  -21,
      -8,  -16,   13,   -5,  -13,   -2,  -14,    2,  -11,    2,  -25,  -25,    2,    7,    2,    3,
       2,  -16,   -4,  -22,  -17,  -17,    5,  -10,   -1,   -2,   -1,   -8,   -7,  -12,   -9,    3,
       5,    6,    2,    5,    2,    4,    5,    3,    3,   -2,   -3,   -2,    3,    4,    5,   -2,
      -2,    7,    5,    2,    3,    7,    2,   -7,   -2,   -2,   -7,   -2,   -5,    5,   -6,   -1,
      -5,   -1,   -1,   -2,  -10,   -2,  -14,    2,    7,    3,    3,   -3,    3,  -12,  -10,  -19,
     -10,  -16,    7,   -1,    4,   -5,   -7,   -6,   -2,   -2,    1,  -16,   -7,   -3,    7,   -5,
       2,  -19,   -4,  -22,  -16,   -9,  -31,   -1,   -7,   -3,   -3,   -5,   -2,   -2,  -11,   -2,
      -5,    3,    3,    3,    2,   -5,   -3,   -5,   -3,  -15,   -9,   -4,   -7,   -2,    9,   -2,
       2,   -8,   -2,   -1,   -3,  -11,    3,   -5,  -36,   -3,   -8,  -30,  -11,    3,  -23,  -14,
      -3,   -7,  -17,  -13,  -23,  -17,   -3,  -18,  -27,   -8,  -16,   -2,  -14,  -17,  -17,    5,
     -10,  -15,   -3,   -7,    3,    3,    3,    3,    5,    2,  -17,   -5,  -21,  -15,  -21,    2,
      -1,   -6,   -2,   -2,   -1,   -2,   -2,   -2,   -4,   -3,    3,    3,   -8,    1,    2,   -7,
      -5,   -5,   -3,   -3,   -7,   -2,    7,    2,  -17,   -8,    3,    3,    5,    2,    1,    2,
       2,    2,  -13,   -2,  -20,  -20,  -17,    2,   -1,    3,   -2,   -2,   -1,   -5,   -4,   -2,
      -7,  -17,    7,  -16,   -3,    3,   -7,  -10,    2,   -7,   -3,  -15,   -7,  -17,  -19,   -2,
      -7,  -14,  -13,   -3,   -9,   -6,    1,   -8,  -10,   -6,   -3,    3,    1,    2,   -1,   -1,
      -2,   -2,  -14,   -9,   -5,  -19,    2,   -7,   -5,   -6,    1,   -5,    2,   -5,    2,   -3,
       2,   -5,   -3,   -1,    2,   -2,   -3,  -17,  -14,   -2,  -19,   -2,   -2,    2,   -3,    2,
       2,   -5,   -2,   -2,   -3,   -2,   -5,   19,   36,   12,   13,   11,
};

static const EpdLigaturePair sourceserif_14_bolditalicLigaturePairs[] = {
    { 0x00660066, 0xFB00 }, // f f -> U+FB00
    { 0x00660069, 0xFB01 }, // f i -> U+FB01
    { 0x0066006C, 0xFB02 }, // f l -> U+FB02
    { 0xFB000069, 0xFB03 }, // U+FB00 i -> U+FB03
    { 0xFB00006C, 0xFB04 }, // U+FB00 l -> U+FB04
};

static const EpdFontData sourceserif_14_bolditalic = {
    sourceserif_14_bolditalicBitmaps,
    sourceserif_14_bolditalicGlyphs,
    sourceserif_14_bolditalicIntervals,
    39,
    40,
    31,
    -10,
    true,
    sourceserif_14_bolditalicGroups,
    15,
    nullptr,
    nullptr,  // kernLeftClasses: built-in fonts use the split arrays below
    nullptr,  // kernRightClasses
    sourceserif_14_bolditalicKernLeftCodepoints,
    sourceserif_14_bolditalicKernLeftClassIds,
    sourceserif_14_bolditalicKernRightCodepoints,
    sourceserif_14_bolditalicKernRightClassIds,
    nullptr,  // kernMatrix: built-in fonts use the sparse form below
    sourceserif_14_bolditalicKernRowOffsets,
    sourceserif_14_bolditalicKernSparseCols,
    sourceserif_14_bolditalicKernSparseValues,
    413,
    414,
    69,
    56,
    sourceserif_14_bolditalicLigaturePairs,
    5,
};
