/**
 * generated by fontconvert.py
 * name: sourcesans_18_bolditalic
 * size: 18
 * mode: 2-bit  compressed: true
 * Command used: fontconvert.py sourcesans_18_bolditalic 18 instanced_fonts/builtin-reader/sourcesans_18_bolditalic_wght700.ttf ../builtinFonts/source/NotoSans/NotoSans-BoldItalic.ttf ../builtinFonts/source/Inter/Inter-Bold.ttf --base-font-count 2 --2bit --compress --pnum --zopfli --darken-aa --kerning-intervals 0x20,0x7E --kerning-base-aliases --additional-intervals 0x2190,0x2190 --additional-intervals 0x2192,0x2192 --additional-intervals 0x2194,0x2194 --additional-intervals 0x25A0,0x25A1 --additional-intervals 0x25C6,0x25C7 --additional-intervals 0x25CB,0x25CB --additional-intervals 0x25CF,0x25CF --additional-intervals 0x2605,0x2606 --additional-intervals 0x2661,0x2661 --additional-intervals 0x2665,0x2665 --additional-intervals 0x2713,0x2713 --additional-intervals 0x2717,0x2717 --additional-intervals 0x0250,0x02E9 --additional-intervals 0x03B2,0x03B2 --additional-intervals 0x03B8,0x03B8 --additional-intervals 0x03C7,0x03C7
 */
#pragma once
#include "EpdFontData.h"

static const uint8_t sourcesans_18_bolditalicBitmaps[56450] = {
    0xB5, 0x5A, 0x3D, 0xB0, 0xDD, 0xC6, 0x75, 0x3E, 0x00, 0xC6, 0x44, 0x44, 0x14, 0x70, 0x11, 0x65,
    0x26, 0x74, 0x01, 0x97, 0x11, 0x3D, 0x13, 0x34, 0xE9, 0x17, 0x91, 0x8A, 0x14, 0x2E, 0xCC, 0x82,
    0x2F, 0x29, 0x52, 0xB8, 0x8D, 0xD4, 0xA8, 0xAF, 0x16, 0x63, 0x15, 0x2A, 0x5C, 0x88, 0x29, 0x52,
    0x9B, 0x05, 0x33, 0x43, 0x3E, 0x16, 0x74, 0x3F, 0x89, 0x16, 0x31, 0x8B, 0x14, 0x29, 0x04, 0x59,
    0xE3, 0x71, 0x91, 0x42, 0x3B, 0x19, 0x67, 0x3C, 0x93, 0x14, 0x5C, 0xD9, 0x70, 0x04, 0x92, 0x0B,
    0x9C, 0x9C, 0xEF, 0x2C, 0x70, 0xEF, 0xBB, 0xEF, 0xF1, 0xD1, 0x62, 0x21, 0x5C, 0xEC, 0xB7, 0xF7,
    0xDD, 0xBB, 0xBB, 0xE7, 0xEC, 0xF9, 0x5F, 0xDC, 0x47, 0x72, 0x35, 0x91, 0xDA, 0x99, 0xCC, 0x44,
    0x26, 0xE8, 0xED, 0xC9, 0x8E, 0x64, 0x07, 0x72, 0x03, 0x71, 0x4F, 0xDC, 0x11, 0x93, 0xDC, 0xD9,
    0x4A, 0xF9, 0x42, 0x79, 0xA4, 0xEC, 0x21, 0xA5, 0xAB, 0x0A, 0xD4, 0x46, 0x32, 0x91, 0xAC, 0xDC,
    0x33, 0xA6, 0xDE, 0xE8, 0x08, 0x57, 0x1D, 0xEB, 0xD8, 0x48, 0x6B, 0x67, 0x69, 0x53, 0x33, 0x9B,
    0xD0, 0x4E, 0xD2, 0x82, 0xF1, 0x26, 0x98, 0xC1, 0x8C, 0xD2, 0x06, 0xDB, 0x4B, 0x23, 0xD3, 0xBD,
    0x43, 0xB7, 0x89, 0xE8, 0x1D, 0x7A, 0x40, 0x64, 0xF3, 0x99, 0x68, 0x2D, 0x02, 0x51, 0x2C, 0x03,
    0x65, 0xB1, 0xF2, 0x54, 0xCC, 0xF5, 0x48, 0xC5, 0xD4, 0x0C, 0x19, 0x33, 0xAF, 0xB9, 0xC0, 0x52,
    0x08, 0xC4, 0xEC, 0xC3, 0x5F, 0xF1, 0x5D, 0x6A, 0xFB, 0x95, 0x64, 0x89, 0x28, 0x20, 0x7C, 0xDD,
    0xE2, 0xC7, 0x6B, 0x6F, 0x98, 0x79, 0x50, 0xB0, 0x02, 0xBD, 0xCC, 0x1F, 0xA8, 0x08, 0xCD, 0x40,
    0x65, 0x68, 0x7B, 0xAA, 0xBD, 0xE9, 0xA8, 0x16, 0xBA, 0xD4, 0x0C, 0x9F, 0x92, 0xCC, 0x5F, 0x08,
    0xD7, 0x5D, 0x69, 0x59, 0x14, 0xC8, 0x01, 0x85, 0xC2, 0x2C, 0xE0, 0x64, 0xF9, 0x8A, 0x79, 0xA4,
    0x86, 0x59, 0xA4, 0xC3, 0x3C, 0x93, 0x9B, 0x1A, 0x4F, 0x3C, 0x16, 0x1D, 0xF1, 0x40, 0x24, 0xEF,
    0x00, 0x41, 0xC0, 0x62, 0x29, 0xC3, 0x3D, 0x51, 0x8D, 0xBF, 0x73, 0xC6, 0x2A, 0x96, 0x05, 0x6A,
    0xEE, 0x64, 0x3D, 0xEE, 0xF1, 0xE1, 0xA0, 0x50, 0xF4, 0x39, 0xF7, 0x75, 0x28, 0xB9, 0x03, 0xA7,
    0xD4, 0xB2, 0x0C, 0x2E, 0x41, 0x82, 0x9C, 0x2E, 0x30, 0x91, 0xC0, 0x48, 0xE0, 0x52, 0xA0, 0x05,
    0x1C, 0xAE, 0xEF, 0x74, 0x24, 0xDA, 0x02, 0xEF, 0x44, 0xCC, 0x42, 0x12, 0x6B, 0xCB, 0x2C, 0x21,
    0x5F, 0xCD, 0x66, 0x80, 0x08, 0xEB, 0xD0, 0x8E, 0x65, 0x90, 0x21, 0x63, 0xE3, 0x65, 0xFB, 0x64,
    0x86, 0xC6, 0xB7, 0xBD, 0xF6, 0xA3, 0x25, 0xF4, 0xED, 0x10, 0xB5, 0x37, 0x4F, 0xA7, 0xD4, 0x7F,
    0x1C, 0x6C, 0x90, 0x9E, 0xEB, 0x5F, 0xF0, 0x42, 0x0D, 0xAF, 0xE6, 0x87, 0xCC, 0x54, 0x73, 0xFC,
    0xB4, 0x0E, 0xAE, 0x2F, 0xD8, 0x47, 0xA8, 0x8C, 0xDE, 0x29, 0x26, 0xED, 0xA9, 0xF2, 0xB6, 0x43,
    0xDF, 0x0C, 0x8E, 0xD0, 0x1B, 0x92, 0x5E, 0x28, 0x7C, 0x4A, 0x4C, 0xAE, 0x83, 0x2C, 0x1D, 0x8C,
    0x46, 0x54, 0x69, 0x7F, 0xB2, 0xEA, 0x5E, 0x0C, 0x47, 0xDD, 0x4E, 0xCB, 0x41, 0x79, 0xAE, 0x20,
    0x8A, 0xF7, 0x89, 0xE8, 0x1F, 0xD4, 0x92, 0x16, 0xA0, 0x4B, 0xE2, 0x81, 0x4C, 0x4B, 0x76, 0x41,
    0xED, 0x48, 0xB0, 0x09, 0xC0, 0x36, 0xB4, 0x8A, 0xC6, 0x0B, 0x7E, 0xC5, 0x20, 0xCE, 0x49, 0xBA,
    0x51, 0xD1, 0x17, 0x2B, 0x39, 0xA6, 0x12, 0xF6, 0x81, 0x89, 0xCC, 0x43, 0x33, 0xB5, 0x2B, 0xC3,
    0xE4, 0x66, 0x3B, 0xF1, 0x60, 0x83, 0x61, 0xEE, 0x9C, 0xAF, 0x59, 0x06, 0xFA, 0x42, 0xA6, 0xD9,
    0x90, 0xCB, 0x7B, 0xB3, 0x3E, 0x61, 0xC6, 0x77, 0xCC, 0xF2, 0x1D, 0xBF, 0xE0, 0x21, 0x67, 0xEE,
    0x45, 0x5E, 0xB7, 0xEE, 0x51, 0xA6, 0xC6, 0xDC, 0x88, 0x21, 0xC3, 0x80, 0xE5, 0xE5, 0x93, 0xE9,
    0x5A, 0x31, 0x58, 0xBD, 0x66, 0x12, 0xB2, 0x75, 0x14, 0xBE, 0xC8, 0x8C, 0xC4, 0x43, 0xC6, 0xF8,
    0xA0, 0x8C, 0x54, 0x45, 0xA8, 0xB1, 0x09, 0xDB, 0x37, 0x66, 0xD8, 0x1C, 0xCA, 0xF5, 0x9B, 0x4F,
    0x5D, 0xBD, 0x5D, 0x8F, 0x5B, 0x86, 0x19, 0xBD, 0x5B, 0x4F, 0xB5, 0xA7, 0x9B, 0xA0, 0xF2, 0x5D,
    0x11, 0xCB, 0xAC, 0x86, 0x09, 0x17, 0x84, 0x27, 0x12, 0xF1, 0xDE, 0xBA, 0xD4, 0x60, 0x38, 0xEE,
    0x42, 0xE3, 0x8B, 0xAD, 0xD3, 0xB1, 0x99, 0xB4, 0x1C, 0x6A, 0x59, 0xA5, 0x2D, 0x69, 0xBD, 0x4A,
    0x5A, 0x3D, 0x13, 0x38, 0x85, 0xE3, 0x83, 0x3C, 0xA6, 0xE8, 0xB0, 0x25, 0x7D, 0x65, 0x42, 0xB2,
    0xC1, 0x82, 0x48, 0x40, 0xC6, 0x94, 0x41, 0x7D, 0xFF, 0x2D, 0x61, 0xCF, 0x3C, 0xFB, 0xBF, 0xFB,
    0x86, 0x39, 0xD4, 0xD2, 0x32, 0xE6, 0x3E, 0xE3, 0x89, 0x0A, 0x9E, 0xA9, 0x7E, 0x19, 0xA9, 0xF9,
    0xAF, 0x48, 0x65, 0x07, 0xCD, 0x7E, 0x9F, 0x70, 0x29, 0xC1, 0xEB, 0xE1, 0xED, 0xBF, 0x5B, 0xCE,
    0x3A, 0x38, 0xED, 0x78, 0x84, 0xDB, 0x8F, 0xD7, 0xF3, 0xFE, 0xF5, 0xD3, 0x28, 0x7F, 0x20, 0x40,
    0xD8, 0x34, 0x3C, 0x8B, 0x7D, 0xBA, 0x49, 0xEE, 0x46, 0xE5, 0xC8, 0x5D, 0xB5, 0x92, 0x99, 0xA1,
    0x85, 0xBF, 0xD4, 0x81, 0x6F, 0x9F, 0xDD, 0x31, 0xEC, 0x2D, 0x7B, 0xC7, 0xE3, 0xD9, 0x59, 0x47,
    0x54, 0x4D, 0x4D, 0x34, 0xFA, 0x6A, 0x83, 0x46, 0xB0, 0xCA, 0xEF, 0x0E, 0x88, 0x7D, 0xAB, 0x65,
    0x93, 0xC3, 0x54, 0x08, 0x3E, 0x3B, 0x92, 0x9F, 0x34, 0x08, 0x62, 0xAC, 0x3F, 0x19, 0x6B, 0x31,
    0x96, 0x01, 0xCB, 0x21, 0xA8, 0xCC, 0x27, 0x63, 0x1B, 0x1D, 0xAB, 0xD0, 0x1D, 0x16, 0x3F, 0x19,
    0x5B, 0xEA, 0xD8, 0x70, 0x0D, 0x23, 0x12, 0x07, 0xC0, 0x0A, 0xC3, 0xDB, 0x35, 0x0A, 0x30, 0x0F,
    0x04, 0x89, 0xE5, 0x22, 0xB9, 0x50, 0x30, 0x99, 0x50, 0xAF, 0xD4, 0x4E, 0x75, 0x14, 0x68, 0x67,
    0x01, 0x33, 0x01, 0x82, 0x00, 0x3C, 0x3D, 0x58, 0x2F, 0xE0, 0xC6, 0x04, 0xD6, 0x0B, 0xF0, 0x08,
    0x18, 0x9C, 0x2C, 0xD1, 0x5B, 0x5F, 0x6E, 0x4B, 0x98, 0xD5, 0x45, 0x90, 0x08, 0x54, 0x82, 0x44,
    0xC6, 0xD8, 0xD1, 0xCD, 0x1E, 0x0C, 0x46, 0x72, 0xD1, 0xB0, 0xDC, 0xB3, 0xE1, 0xE9, 0xB6, 0x0B,
    0x24, 0x0B, 0x0B, 0x42, 0xF6, 0xC9, 0x15, 0x06, 0x55, 0x48, 0x5F, 0x70, 0x57, 0xB0, 0x4C, 0xA7,
    0x8A, 0x49, 0x56, 0xAC, 0x17, 0x38, 0x4C, 0x13, 0x35, 0x77, 0xCC, 0xD8, 0x45, 0x77, 0x0C, 0xB5,
    0x03, 0x76, 0xE2, 0x11, 0x11, 0x03, 0xE2, 0xF4, 0x4C, 0xB9, 0x06, 0xBB, 0x0B, 0x60, 0x26, 0x40,
    0x10, 0x60, 0xBF, 0x45, 0xD4, 0x12, 0xF6, 0xDD, 0x40, 0x7C, 0x76, 0xC6, 0x47, 0x1E, 0x4B, 0x21,
    0xDE, 0xA9, 0x9F, 0x4C, 0x18, 0xF0, 0xAB, 0xB3, 0xAE, 0xDD, 0x33, 0x43, 0x6F, 0x01, 0x4E, 0xA0,
    0x4B, 0xE1, 0x14, 0x51, 0x00, 0x24, 0x45, 0x1A, 0xA0, 0xDB, 0x20, 0x1C, 0x57, 0xBD, 0x89, 0x20,
    0x09, 0x68, 0x0E, 0xEF, 0xAC, 0x2E, 0x16, 0x34, 0xE2, 0xAA, 0x9D, 0x0B, 0x44, 0x7C, 0x94, 0x42,
    0xFC, 0xB0, 0x71, 0x45, 0xCE, 0x67, 0x02, 0xA1, 0xEE, 0x88, 0xBD, 0xF1, 0x85, 0x88, 0x76, 0x23,
    0x0E, 0x21, 0x60, 0x06, 0x63, 0xD8, 0x8D, 0x64, 0xB9, 0x36, 0x0A, 0xB0, 0x40, 0x01, 0xA8, 0xB1,
    0x6A, 0x0B, 0xAE, 0xED, 0xB3, 0x40, 0xC4, 0x16, 0xD4, 0x4C, 0x10, 0x99, 0x59, 0x91, 0xCB, 0xA4,
    0xDA, 0x82, 0xAE, 0x07, 0xC8, 0x56, 0xBA, 0x3A, 0x66, 0xDC, 0x63, 0x6F, 0xD1, 0xEC, 0x30, 0x5B,
    0xC0, 0xDB, 0x67, 0x7F, 0xBF, 0xDE, 0xD9, 0x42, 0x6B, 0x1D, 0x4F, 0xA0, 0x51, 0xC6, 0x99, 0xC1,
    0xF8, 0x4A, 0x15, 0xA0, 0x66, 0x16, 0xBD, 0xAC, 0xE7, 0x0F, 0xA9, 0x99, 0xB0, 0xDB, 0x20, 0x60,
    0x14, 0xFE, 0xBB, 0x23, 0xB2, 0x50, 0xBB, 0xC3, 0x2E, 0xB1, 0x0F, 0xB2, 0x4F, 0xD8, 0xD3, 0x9F,
    0xA6, 0xBC, 0xE7, 0x00, 0x36, 0x81, 0x6E, 0xBA, 0xEA, 0x89, 0xC7, 0x36, 0x94, 0x29, 0x03, 0x43,
    0xEC, 0xEB, 0x31, 0xB9, 0x1D, 0x36, 0x7D, 0x07, 0x13, 0xB8, 0xD3, 0x70, 0x0F, 0xE2, 0x53, 0x92,
    0x3D, 0xCF, 0xD5, 0x90, 0xF1, 0x98, 0x51, 0xC1, 0x70, 0x4C, 0x3E, 0xB2, 0x6D, 0x47, 0x6A, 0x5F,
    0x72, 0xC4, 0x30, 0x56, 0xE8, 0xCC, 0x52, 0x70, 0x2F, 0x3C, 0xF2, 0x70, 0x11, 0x32, 0x7C, 0x96,
    0x33, 0xB5, 0x73, 0x09, 0x73, 0x7B, 0xB2, 0x60, 0x7F, 0x33, 0xB6, 0xEB, 0xC1, 0x41, 0x27, 0x1C,
    0xDC, 0xA3, 0xB4, 0x80, 0x82, 0x15, 0x20, 0x07, 0xF8, 0xE0, 0xDC, 0xC5, 0x7D, 0xD7, 0x9A, 0x89,
    0x30, 0xB8, 0x5C, 0x77, 0x16, 0xDA, 0x83, 0xE1, 0xB9, 0xF1, 0xE2, 0x88, 0x82, 0x69, 0x1F, 0xB6,
    0x1C, 0xC6, 0x02, 0xCC, 0x0C, 0x38, 0x88, 0xC7, 0x01, 0x92, 0xDF, 0xE6, 0x9A, 0x0C, 0x21, 0x4E,
    0xAB, 0x7E, 0xFB, 0x82, 0x7D, 0xBE, 0xB3, 0x1D, 0x0A, 0x01, 0xBC, 0x33, 0x3E, 0x13, 0x11, 0x0E,
    0xC4, 0x5F, 0xE9, 0xB8, 0x05, 0x4C, 0x07, 0xCA, 0x20, 0xAA, 0x6A, 0x71, 0x48, 0x39, 0x0D, 0x93,
    0x19, 0x45, 0x50, 0x6E, 0x90, 0xD9, 0x70, 0xB8, 0x0D, 0xE4, 0x33, 0x72, 0x73, 0xA3, 0x62, 0xDA,
    0x9C, 0x37, 0x07, 0x31, 0x64, 0xB4, 0x03, 0x07, 0x13, 0x38, 0x58, 0xA1, 0x04, 0xE4, 0xA3, 0x97,
    0x8C, 0x35, 0x9C, 0xD7, 0xC8, 0x51, 0xAE, 0x02, 0x15, 0x28, 0x00, 0xA6, 0x6A, 0xC1, 0x9F, 0x4C,
    0x2C, 0xAC, 0x3D, 0x03, 0xA8, 0xA2, 0x90, 0xA0, 0xDB, 0xD9, 0xF9, 0x4D, 0x14, 0x19, 0x40, 0x78,
    0xC9, 0xA8, 0x62, 0x38, 0xCF, 0x92, 0xCA, 0x25, 0xAB, 0xDE, 0x0C, 0xE2, 0x25, 0x43, 0x1C, 0x1F,
    0x74, 0x02, 0x29, 0x92, 0x21, 0x56, 0xF9, 0x02, 0x3B, 0xD7, 0x32, 0xF3, 0x2F, 0xE8, 0xD2, 0x55,
    0x4D, 0x70, 0x3C, 0xB3, 0xDF, 0xED, 0xA1, 0xBA, 0x2C, 0x66, 0x48, 0xBA, 0x45, 0x6C, 0x82, 0xA0,
    0xEB, 0x99, 0xF2, 0xFE, 0x38, 0xED, 0x0D, 0x93, 0x01, 0x2E, 0xCC, 0x6E, 0x46, 0x08, 0x45, 0xC0,
    0x0A, 0x20, 0x10, 0x65, 0x60, 0xBF, 0x4D, 0x12, 0xBA, 0xA7, 0x91, 0x45, 0x40, 0xA3, 0x0A, 0x2F,
    0x18, 0x9A, 0x04, 0xA8, 0x59, 0x57, 0x0B, 0x16, 0x00, 0xB5, 0x80, 0x6C, 0x78, 0xFB, 0xEC, 0xEC,
    0x6A, 0x2A, 0x3B, 0x3F, 0x3F, 0xBF, 0xCC, 0xE6, 0xB5, 0xE3, 0x34, 0x61, 0xDA, 0x8E, 0x0E, 0x74,
    0x47, 0xD0, 0x5D, 0x77, 0xBA, 0x95, 0xD2, 0xFD, 0x90, 0x77, 0x9E, 0x5B, 0x81, 0xF2, 0xC8, 0xB3,
    0xDA, 0x8B, 0xD7, 0x92, 0x54, 0x00, 0x44, 0xFF, 0x4A, 0x1A, 0xD4, 0x8F, 0x50, 0x07, 0xAE, 0x07,
    0x19, 0xE4, 0xAB, 0x97, 0x1C, 0xF2, 0x1E, 0xB6, 0x69, 0xB6, 0x26, 0xEF, 0x33, 0x5D, 0xAA, 0x47,
    0x38, 0x55, 0xDA, 0x3C, 0xAA, 0x2B, 0x16, 0x6B, 0x2A, 0x15, 0xF2, 0x87, 0x47, 0xEE, 0xEB, 0x90,
    0x6C, 0xDC, 0x45, 0x69, 0xE8, 0xA7, 0x54, 0x42, 0xDC, 0x24, 0xBD, 0xBE, 0xC7, 0xBF, 0x41, 0x57,
    0xB0, 0x32, 0x0B, 0xB6, 0x38, 0xC0, 0x4E, 0xD6, 0xBF, 0xC5, 0x04, 0xA1, 0x21, 0x6D, 0x8B, 0xAD,
    0x08, 0x29, 0x3E, 0x25, 0x44, 0x1D, 0xDB, 0xF8, 0x9C, 0xE9, 0xE6, 0x3F, 0xDE, 0xA9, 0x43, 0x11,
    0xC9, 0x7D, 0x3D, 0x57, 0xA1, 0x9E, 0x72, 0xE6, 0x50, 0x4D, 0x75, 0xA8, 0xA4, 0x2F, 0xA7, 0x76,
    0x6C, 0xE6, 0x56, 0x7A, 0x33, 0x98, 0xD0, 0xFA, 0x32, 0x48, 0x3F, 0x98, 0xB1, 0x0A, 0xB6, 0x77,
    0xF2, 0xAE, 0x0E, 0xB6, 0x73, 0xBD, 0xF4, 0xDE, 0x75, 0xDC, 0xDB, 0xBE, 0x1D, 0x9D, 0xFC, 0xCD,
    0xF2, 0x89, 0xF4, 0xBF, 0xE6, 0x7F, 0x63, 0x7C, 0xCB, 0x08, 0x4C, 0x56, 0x24, 0xF1, 0x25, 0xCF,
    0x42, 0xB9, 0x5A, 0x2B, 0x1E, 0xC1, 0xFF, 0x77, 0xB3, 0x47, 0x5B, 0xFC, 0x53, 0x6F, 0x06, 0x6E,
    0x29, 0x46, 0xFD, 0x66, 0x4E, 0x15, 0xAB, 0x63, 0x8E, 0xE8, 0x35, 0x6E, 0x6A, 0x2A, 0xC6, 0x76,
    0xF1, 0xE6, 0x9F, 0x81, 0x90, 0xF6, 0x23, 0xA0, 0x61, 0xA0, 0x53, 0x64, 0x60, 0xAE, 0x58, 0xAC,
    0x1A, 0xDF, 0x22, 0xB0, 0x9E, 0xB9, 0x07, 0x45, 0xA0, 0xF1, 0x40, 0x1E, 0x90, 0x6A, 0x81, 0x10,
    0xBE, 0x60, 0xC9, 0x24, 0x58, 0x2F, 0xC0, 0x86, 0x19, 0x8C, 0x2A, 0x5A, 0x41, 0x4F, 0x02, 0xC9,
    0x8D, 0xE0, 0xBF, 0x3D, 0x42, 0x30, 0x6B, 0xF6, 0x81, 0x0A, 0x43, 0x1B, 0x81, 0x66, 0x06, 0xD2,
    0xED, 0x73, 0x44, 0x5F, 0x38, 0xE5, 0xBE, 0x03, 0xCC, 0x15, 0xFC, 0x1F, 0x44, 0x46, 0x1E, 0x44,
    0x2B, 0x99, 0xE6, 0xEC, 0x1C, 0xD8, 0x69, 0xF2, 0x06, 0x0B, 0xF5, 0x22, 0x78, 0xCE, 0x33, 0xAC,
    0x2C, 0xF9, 0x07, 0xEB, 0xD6, 0xD9, 0x83, 0x29, 0x1B, 0x21, 0x27, 0x4D, 0xEA, 0x48, 0x37, 0xAD,
    0xA2, 0x51, 0x2F, 0x35, 0xC9, 0x89, 0x43, 0xE6, 0xA2, 0x32, 0x1B, 0x48, 0x33, 0x21, 0xA9, 0xF0,
    0x81, 0x9E, 0xA0, 0xEF, 0x64, 0xD9, 0x1E, 0x7B, 0xD3, 0x71, 0x4B, 0xC6, 0xFC, 0x64, 0x2E, 0x38,
    0xE4, 0x01, 0x99, 0xBC, 0xAB, 0xF9, 0x18, 0x54, 0x4F, 0xE2, 0x29, 0xFB, 0xEB, 0x60, 0x1F, 0x02,
    0xEE, 0xFE, 0x84, 0x0C, 0x77, 0x9F, 0xAA, 0xE4, 0xBA, 0x8A, 0x19, 0xDB, 0x53, 0xC7, 0xC6, 0x20,
    0x68, 0x5B, 0xE4, 0x92, 0xF2, 0x11, 0x77, 0x2A, 0x97, 0x70, 0x2A, 0x1D, 0xB8, 0x4B, 0x97, 0x41,
    0x3A, 0x43, 0x9E, 0xEE, 0x4D, 0x4C, 0x1D, 0x69, 0xAC, 0x15, 0x2C, 0x15, 0xAB, 0x84, 0x2B, 0xA6,
    0xC8, 0xE6, 0x73, 0xC1, 0x88, 0xB2, 0xA0, 0x89, 0x30, 0x20, 0xC4, 0x2A, 0xE4, 0x25, 0x0D, 0x5D,
    0x13, 0x71, 0x14, 0xFC, 0x1E, 0x07, 0x90, 0x85, 0xEE, 0x04, 0x09, 0x38, 0x81, 0xEC, 0xDA, 0x29,
    0x57, 0x92, 0x8E, 0x21, 0x8D, 0xC4, 0x0D, 0x6F, 0x30, 0x1F, 0x03, 0x6E, 0x0E, 0x80, 0xCE, 0x05,
    0xBA, 0x3D, 0xA7, 0x03, 0x2A, 0x40, 0x9D, 0x12, 0xBB, 0x2C, 0x92, 0xB2, 0xFE, 0xA5, 0xCC, 0x34,
    0x01, 0x9E, 0x9F, 0x9D, 0x91, 0xC5, 0x38, 0x07, 0x60, 0x10, 0x53, 0x3A, 0x6F, 0x4E, 0x1C, 0x70,
    0x95, 0x38, 0xAA, 0x8A, 0xE5, 0x3A, 0xE2, 0xE1, 0x15, 0xBA, 0x1C, 0xB7, 0xE0, 0xD1, 0xED, 0xC1,
    0x4E, 0xD7, 0x50, 0x21, 0x41, 0x30, 0x4F, 0x60, 0x89, 0x81, 0x66, 0xAD, 0xF0, 0xBE, 0x0F, 0x81,
    0xEE, 0xEB, 0xEA, 0xC2, 0xBA, 0x9E, 0x2E, 0x58, 0x60, 0x3B, 0x3E, 0x61, 0xC9, 0x8B, 0x60, 0xC5,
    0x51, 0xF0, 0xC6, 0x13, 0x20, 0x24, 0x82, 0x12, 0x73, 0x06, 0xE9, 0x66, 0x22, 0x9B, 0x8E, 0x70,
    0xDC, 0xD9, 0xA0, 0x66, 0x12, 0x74, 0x13, 0x1E, 0x2C, 0xA4, 0x98, 0x3F, 0x93, 0x9A, 0x0A, 0xB4,
    0x72, 0x9F, 0x6E, 0x3C, 0x02, 0x19, 0xD9, 0x97, 0x13, 0x8C, 0xE4, 0x3C, 0xB6, 0xC7, 0x23, 0xF8,
    0xE0, 0x41, 0x34, 0x9C, 0x09, 0x9A, 0x29, 0x07, 0x86, 0x9C, 0x7B, 0x41, 0x08, 0xC7, 0x09, 0x62,
    0xD1, 0x12, 0x38, 0x56, 0xC0, 0x21, 0xA1, 0xE8, 0xE8, 0xB1, 0xDA, 0x8A, 0x0C, 0x6E, 0x22, 0x24,
    0xD9, 0x02, 0x61, 0x2B, 0x25, 0x43, 0x56, 0x95, 0xA0, 0xB0, 0xB4, 0x5E, 0x4B, 0x16, 0x5C, 0xA5,
    0xF2, 0xDB, 0x9D, 0x94, 0xDF, 0xF9, 0x69, 0xF9, 0x5D, 0x9D, 0x96, 0xDF, 0xFB, 0x53, 0x9F, 0x93,
    0xA9, 0x44, 0xD8, 0x1F, 0x51, 0x7D, 0x52, 0xD2, 0xBC, 0x99, 0x02, 0xAF, 0xB1, 0x11, 0x70, 0x51,
    0xC0, 0x99, 0x1B, 0x9F, 0x0A, 0x84, 0xB8, 0x55, 0xFA, 0xCC, 0x43, 0xAA, 0xC2, 0xE9, 0xCF, 0xEE,
    0x25, 0x11, 0xDF, 0x7A, 0xA8, 0x4C, 0x4D, 0xB2, 0x32, 0x52, 0x1C, 0xA4, 0x86, 0x92, 0xA1, 0x51,
    0xDF, 0x32, 0x11, 0xAB, 0x6B, 0x59, 0xF3, 0x54, 0x63, 0xE4, 0x27, 0x4C, 0x82, 0x36, 0x02, 0x53,
    0xC1, 0x0F, 0x85, 0x69, 0xA9, 0xAD, 0xF6, 0x03, 0x7C, 0xC9, 0xC0, 0xA7, 0x82, 0x0D, 0x83, 0xA3,
    0x36, 0xAA, 0x9A, 0x66, 0x02, 0x4E, 0x60, 0x1E, 0x82, 0xD0, 0xDB, 0x80, 0xAC, 0x6A, 0x73, 0x17,
    0x71, 0xBD, 0x2A, 0x57, 0xBA, 0x59, 0x87, 0xE6, 0xD3, 0x4E, 0x11, 0xA7, 0xC1, 0xBB, 0xB6, 0x1E,
    0x9B, 0x94, 0xA6, 0xFB, 0xA4, 0x0A, 0x6D, 0x85, 0x08, 0x55, 0x82, 0x2A, 0xC0, 0x16, 0x6D, 0x86,
    0xF4, 0xD4, 0xF5, 0xEE, 0x5A, 0xE6, 0xE8, 0xB6, 0xA6, 0xCE, 0x75, 0xFB, 0x01, 0xA1, 0xD9, 0x94,
    0x52, 0x9D, 0x74, 0xAC, 0x5D, 0xCE, 0x08, 0x18, 0x6A, 0xFA, 0x8C, 0x8A, 0x36, 0x64, 0xEA, 0x5D,
    0x1E, 0x42, 0x33, 0xD2, 0xAD, 0x4C, 0xC6, 0x8D, 0x85, 0x74, 0xEC, 0x06, 0xE9, 0xB2, 0x95, 0x87,
    0x72, 0x71, 0x45, 0xE4, 0xBE, 0x5A, 0xDC, 0xDF, 0x3C, 0x97, 0x2E, 0xDA, 0x4F, 0x7E, 0xC7, 0x5D,
    0x1D, 0xCD, 0xCF, 0xBE, 0x60, 0x92, 0x0E, 0xA2, 0x68, 0x66, 0xC3, 0xEF, 0xE1, 0x9C, 0x68, 0xB8,
    0x94, 0x2E, 0xB4, 0x51, 0x8B, 0xBD, 0x66, 0xAE, 0xA3, 0x74, 0x75, 0x90, 0xCE, 0xFA, 0xDA, 0xC3,
    0x4D, 0xC6, 0x6A, 0x68, 0xA5, 0x1B, 0xB4, 0x10, 0xE6, 0x41, 0x95, 0xAF, 0xBE, 0x20, 0x8A, 0x9A,
    0xD5, 0x1C, 0xE3, 0x86, 0xCD, 0x0C, 0x1E, 0x5B, 0x41, 0xC4, 0xB9, 0x8C, 0x59, 0xBD, 0x80, 0x3B,
    0xC5, 0xDE, 0xFA, 0x42, 0x58, 0x74, 0xBE, 0x58, 0xCD, 0xC0, 0x63, 0xB9, 0x1A, 0xCF, 0x43, 0xB5,
    0x98, 0x00, 0x6C, 0x02, 0xF7, 0x75, 0xAC, 0xFF, 0xA0, 0xF8, 0x82, 0xBB, 0x26, 0x56, 0x2B, 0xBC,
    0xA0, 0x00, 0x4E, 0xF0, 0x65, 0xAC, 0x01, 0xCC, 0x38, 0x42, 0x17, 0xAC, 0x5E, 0xE0, 0x04, 0x47,
    0x70, 0x91, 0xF4, 0x49, 0x08, 0xB0, 0x5B, 0x42, 0xD1, 0x8C, 0xB2, 0x45, 0x8F, 0x8C, 0xD9, 0xC1,
    0x1D, 0x7C, 0x29, 0xB4, 0x90, 0x03, 0x46, 0x68, 0x95, 0x7D, 0x1B, 0x81, 0x98, 0xE8, 0x42, 0xD2,
    0xAF, 0x53, 0xC4, 0x74, 0xF6, 0x17, 0x70, 0x14, 0x14, 0x6D, 0x0B, 0x16, 0x82, 0x01, 0x31, 0x1D,
    0x9E, 0xC8, 0x20, 0x0D, 0x7B, 0x5E, 0x51, 0x1D, 0x1C, 0xA3, 0xC7, 0x40, 0x9A, 0x66, 0x40, 0xDD,
    0x1F, 0xA3, 0xC7, 0x69, 0x06, 0x5E, 0xF6, 0x1C, 0x03, 0xEC, 0x49, 0x73, 0x4C, 0xB6, 0x3B, 0x2F,
    0x69, 0x2A, 0x56, 0xEC, 0x32, 0x20, 0x3C, 0xA9, 0x64, 0x50, 0xAC, 0xF8, 0x71, 0x0A, 0xAF, 0x1C,
    0x15, 0x3D, 0x70, 0x45, 0x26, 0x3D, 0xEF, 0x4E, 0xE3, 0xA1, 0x99, 0x14, 0xC3, 0xC5, 0xD8, 0x08,
    0x64, 0xAF, 0x38, 0x02, 0xBF, 0x89, 0xC4, 0x6A, 0x95, 0x58, 0xA3, 0x12, 0x33, 0xAF, 0x91, 0x98,
    0x7B, 0x23, 0x89, 0x65, 0xAF, 0x93, 0x58, 0x0A, 0xEE, 0x70, 0x7C, 0xF8, 0xF5, 0x0B, 0xD4, 0x5D,
    0xCA, 0x1B, 0x19, 0xC5, 0x2A, 0x55, 0x5E, 0x1F, 0xCE, 0x7F, 0x5C, 0xAA, 0xC5, 0x15, 0xA9, 0x66,
    0xC0, 0x2E, 0x07, 0x82, 0xAB, 0x92, 0xC9, 0x42, 0xAA, 0xBB, 0x3C, 0x27, 0xC5, 0x1E, 0xA8, 0xAE,
    0x0B, 0x27, 0x16, 0xE7, 0x58, 0x21, 0xD5, 0x82, 0x05, 0x27, 0x68, 0x06, 0xD6, 0x38, 0x40, 0xAA,
    0x82, 0x4E, 0xD0, 0xE3, 0xC6, 0x9B, 0x31, 0x89, 0xBD, 0x5D, 0xE8, 0x70, 0xC0, 0xD5, 0xC2, 0x7C,
    0x25, 0xCB, 0x6E, 0x21, 0x0E, 0xF9, 0x84, 0x41, 0xF7, 0x2E, 0x3C, 0x3F, 0xD6, 0xCD, 0xB8, 0x3D,
    0xD9, 0x60, 0x86, 0xCE, 0x1D, 0x36, 0x61, 0x54, 0x18, 0x94, 0x01, 0x84, 0x5E, 0x01, 0x68, 0x40,
    0xD3, 0x3E, 0xCF, 0xD9, 0x1B, 0x88, 0x4E, 0x8B, 0x9B, 0x42, 0xF7, 0xEE, 0x30, 0x21, 0x7B, 0x00,
    0xB1, 0x48, 0x12, 0xB7, 0x9C, 0x02, 0x0C, 0xCF, 0x0A, 0xAC, 0xBB, 0xAB, 0xD6, 0xEB, 0x22, 0xFC,
    0x7C, 0x5D, 0x84, 0xF7, 0xD7, 0x45, 0xF8, 0xFE, 0xB4, 0x0A, 0x80, 0xCA, 0x00, 0x74, 0xDE, 0xD3,
    0xAD, 0xFB, 0x97, 0x93, 0xA0, 0x15, 0xC4, 0x62, 0x17, 0x0A, 0xA6, 0xE1, 0x50, 0x30, 0x65, 0xD7,
    0x24, 0x41, 0x41, 0x33, 0xED, 0xA9, 0x10, 0xEE, 0x0F, 0xAE, 0x81, 0x11, 0xD8, 0x28, 0x9A, 0x19,
    0xB7, 0x0D, 0xEA, 0x86, 0x5E, 0x8D, 0x6A, 0x80, 0x14, 0x35, 0x22, 0x6F, 0xC2, 0x0D, 0xBB, 0x1B,
    0x22, 0x94, 0x9F, 0xDF, 0x93, 0xF1, 0x19, 0xCC, 0x18, 0xC6, 0xA9, 0xD8, 0x09, 0x56, 0x4A, 0xB1,
    0xD6, 0x32, 0x56, 0xEF, 0xAD, 0x86, 0xB5, 0x01, 0xC8, 0xA3, 0x60, 0x86, 0x95, 0x23, 0x76, 0x03,
    0x24, 0xC1, 0x6A, 0x01, 0xD6, 0x11, 0xD8, 0x06, 0xA0, 0x11, 0xAC, 0xA2, 0x1D, 0x80, 0xDC, 0x0B,
    0xAE, 0x49, 0x30, 0xAB, 0x62, 0x54, 0x8B, 0x9E, 0x15, 0x83, 0xA2, 0x4F, 0x5C, 0xDD, 0xEE, 0xE9,
    0x1C, 0x35, 0x08, 0xE3, 0x29, 0x9C, 0xF6, 0x05, 0x0B, 0xE9, 0x1C, 0x3D, 0x0A, 0x08, 0x54, 0x97,
    0xD2, 0x97, 0x3C, 0xD6, 0x51, 0xFA, 0x5A, 0xFA, 0x59, 0xA4, 0xD9, 0xF0, 0xD8, 0x4E, 0xD2, 0x9B,
    0x67, 0xA3, 0x09, 0xA9, 0xB7, 0x9E, 0xDC, 0xE8, 0xEC, 0xE8, 0x06, 0xE9, 0xD9, 0x8C, 0x2C, 0xFD,
    0xE7, 0xAB, 0xF9, 0x9C, 0x3B, 0xE2, 0xA7, 0x8B, 0xF9, 0x25, 0x93, 0xF4, 0xD1, 0x7C, 0x01, 0xD9,
    0xFF, 0xC7, 0x6C, 0x7E, 0x1D, 0xA5, 0xFF, 0x2C, 0x98, 0xFF, 0x44, 0xFF, 0xA5, 0x37, 0x9F, 0xCD,
    0xD2, 0xF3, 0x60, 0xBE, 0x0C, 0xA9, 0x67, 0x8F, 0xBE, 0x33, 0x3C, 0xA2, 0x27, 0x03, 0xD5, 0x6B,
    0xEE, 0xE9, 0xA5, 0x8F, 0xD2, 0xD3, 0xB1, 0xA7, 0x9B, 0x8F, 0x28, 0x3F, 0xEF, 0x52, 0x9C, 0x22,
    0xB4, 0x7A, 0x51, 0x1B, 0x31, 0x33, 0xBA, 0xC1, 0x06, 0x2D, 0x0C, 0xB0, 0x04, 0xF1, 0x2F, 0xB8,
    0x47, 0xF7, 0x85, 0x4E, 0x74, 0xCF, 0x22, 0x3A, 0xCB, 0x13, 0x3A, 0x25, 0x4A, 0xD4, 0x62, 0x20,
    0xBA, 0x0E, 0x9D, 0x49, 0x1D, 0xEB, 0x87, 0x79, 0xEA, 0xCA, 0x95, 0x47, 0xB5, 0x62, 0x17, 0xD4,
    0x70, 0xB7, 0x92, 0x44, 0x2D, 0x58, 0xAB, 0x85, 0x64, 0x4D, 0xCA, 0x4A, 0xB3, 0xA8, 0xA5, 0xD7,
    0x0C, 0x33, 0x47, 0x07, 0x3B, 0xBD, 0xF9, 0x10, 0xE9, 0x1F, 0xD3, 0x6D, 0x80, 0xD4, 0xBD, 0x7A,
    0xB6, 0x99, 0xD4, 0xFC, 0x44, 0xE2, 0xCD, 0x8C, 0x29, 0x71, 0x7F, 0x0C, 0x57, 0x45, 0x3D, 0x93,
    0x31, 0xD6, 0x5D, 0x01, 0x11, 0xAC, 0xA8, 0x83, 0xFA, 0x13, 0xDF, 0x38, 0x75, 0x8B, 0xA3, 0x6F,
    0xEC, 0xEE, 0x07, 0x59, 0x89, 0x8F, 0xDE, 0x53, 0x43, 0x4D, 0x95, 0xA7, 0xA7, 0x56, 0x70, 0x04,
    0x62, 0xF6, 0x49, 0x85, 0x6B, 0x27, 0xA0, 0xD2, 0x28, 0xB0, 0xBE, 0x8A, 0x17, 0xDB, 0x01, 0x9A,
    0x6B, 0xBE, 0x5C, 0x8E, 0xB9, 0x80, 0x83, 0xCA, 0x2C, 0x7D, 0xF9, 0x4F, 0x67, 0x77, 0x94, 0xE0,
    0x4C, 0x46, 0x70, 0x52, 0x0C, 0x1B, 0x8A, 0xFA, 0x1E, 0xEA, 0xB6, 0x60, 0xA4, 0xE5, 0xF3, 0x3B,
    0x54, 0xA1, 0x10, 0x0F, 0xC7, 0xD6, 0xF8, 0xF4, 0xB0, 0xC3, 0x0C, 0xC7, 0x66, 0x85, 0x5D, 0xA7,
    0xBF, 0x34, 0x1C, 0x5A, 0x86, 0x83, 0x1D, 0x74, 0x1F, 0x8F, 0xAD, 0x9C, 0xE9, 0xD5, 0xCB, 0x49,
    0x83, 0x59, 0xA5, 0xD6, 0xD1, 0xBF, 0xD2, 0x4A, 0x4C, 0x4E, 0x5E, 0x56, 0x5F, 0xA6, 0x93, 0x57,
    0xAF, 0xAF, 0xA1, 0xD5, 0x57, 0x23, 0xAF, 0x7A, 0xA8, 0x47, 0x79, 0x79, 0x7D, 0x85, 0x4A, 0x5E,
    0xA5, 0xBE, 0x8A, 0xA9, 0x98, 0x4E, 0x76, 0x91, 0xFD, 0x78, 0xBA, 0x40, 0x4F, 0x5A, 0x7B, 0x69,
    0x0B, 0x56, 0x9A, 0x3B, 0xDD, 0x42, 0x26, 0x2D, 0xBF, 0xB4, 0x85, 0x52, 0x5A, 0x85, 0x2D, 0x5C,
    0xBB, 0xDC, 0xC9, 0x2E, 0xF4, 0xAA, 0x67, 0x55, 0x12, 0x52, 0x9E, 0x7A, 0x88, 0x93, 0xC6, 0xB6,
    0xCF, 0xD8, 0x0C, 0xF9, 0x62, 0xC6, 0x22, 0x36, 0xBE, 0x8C, 0x75, 0xA8, 0x27, 0x79, 0x85, 0x32,
    0xB6, 0xA1, 0x88, 0x66, 0x44, 0x81, 0x94, 0xAD, 0x7A, 0xC2, 0x77, 0x02, 0x81, 0xF1, 0x2E, 0x3D,
    0x36, 0xBA, 0x43, 0x46, 0x23, 0x53, 0xBD, 0xC2, 0xA6, 0x32, 0x9C, 0xF9, 0x87, 0xC3, 0xCF, 0x84,
    0x39, 0xBF, 0xFB, 0x90, 0x5A, 0xFE, 0xDF, 0x74, 0x66, 0x2B, 0x04, 0xE6, 0x8A, 0x7F, 0xC9, 0x53,
    0xCD, 0xE9, 0x69, 0x80, 0x09, 0x1A, 0x27, 0x2D, 0xE2, 0x84, 0x0B, 0x29, 0x47, 0xF3, 0xB0, 0x41,
    0x2E, 0x10, 0x0A, 0xEE, 0x79, 0x6A, 0xB8, 0x03, 0x59, 0x32, 0x80, 0x96, 0xBF, 0x86, 0x2F, 0x7F,
    0xB4, 0x12, 0x3D, 0xD0, 0x47, 0x88, 0x77, 0x5F, 0x91, 0x2F, 0xC2, 0xD5, 0x7C, 0x21, 0x74, 0x7B,
    0x09, 0x27, 0x1C, 0x08, 0x6C, 0x64, 0x02, 0x31, 0xE7, 0xE7, 0x76, 0x29, 0x78, 0xA8, 0xD7, 0x82,
    0x3B, 0x80, 0xEC, 0xA2, 0x04, 0xE8, 0xD9, 0xA4, 0x5E, 0x53, 0xB2, 0x6D, 0x11, 0x4C, 0x0D, 0xBC,
    0x8E, 0x43, 0x2B, 0x83, 0x52, 0x8E, 0x03, 0x90, 0x79, 0x86, 0xDA, 0xEF, 0xDF, 0xD5, 0xE3, 0xDF,
    0x27, 0xDA, 0x37, 0x0D, 0xF1, 0x6F, 0x89, 0x9F, 0x0A, 0x7D, 0x82, 0xCF, 0xE3, 0xCF, 0xA9, 0x61,
    0x30, 0x15, 0x01, 0xD3, 0x2B, 0x9E, 0x19, 0x8C, 0xA7, 0x8F, 0x0B, 0xA6, 0x1B, 0x84, 0xFD, 0xF6,
    0x70, 0xBE, 0xF1, 0x78, 0x2A, 0xD1, 0x27, 0x67, 0x7A, 0x9D, 0x75, 0x94, 0xBC, 0x5A, 0xDD, 0x5A,
    0x91, 0x0E, 0x58, 0x2A, 0x56, 0x2B, 0xB0, 0xD6, 0xCC, 0xFF, 0xA3, 0x08, 0xA6, 0x10, 0xD3, 0x18,
    0x1C, 0xA9, 0x2E, 0x48, 0x95, 0x41, 0xAA, 0x0D, 0x52, 0x75, 0xA4, 0xBC, 0x85, 0xDB, 0xED, 0xD5,
    0x83, 0x6A, 0xE3, 0x80, 0x39, 0x10, 0x5A, 0x21, 0x55, 0xCB, 0xF6, 0xA8, 0xC0, 0x28, 0xAA, 0x66,
    0x36, 0xD5, 0xA8, 0x6E, 0x4E, 0x05, 0xA2, 0xA4, 0x57, 0xA5, 0x2C, 0x24, 0xDF, 0xE5, 0x0E, 0x12,
    0xED, 0x4D, 0x10, 0xB0, 0x7F, 0x38, 0xE3, 0x1E, 0x4B, 0xF5, 0xD2, 0xB8, 0x03, 0x90, 0xFC, 0x4E,
    0x72, 0x97, 0x2E, 0xFC, 0x8C, 0x31, 0x51, 0x4F, 0x86, 0x9F, 0x68, 0x34, 0x0A, 0x54, 0x01, 0x32,
    0xD6, 0xA7, 0xF8, 0x2A, 0x90, 0xF6, 0x37, 0x94, 0xEB, 0x71, 0x24, 0x52, 0x83, 0x38, 0xB2, 0xFE,
    0x5C, 0x75, 0xEF, 0xBC, 0xCE, 0xBF, 0xC5, 0x2F, 0x3A, 0xC3, 0x8C, 0x46, 0x68, 0x3F, 0xE0, 0x47,
    0x90, 0x94, 0xB6, 0xF2, 0xF4, 0x70, 0xA4, 0xAD, 0xD9, 0x0F, 0x47, 0x68, 0x41, 0xDB, 0xBE, 0xDC,
    0xE1, 0xB2, 0xD3, 0x07, 0x38, 0x65, 0x2D, 0x5B, 0x6E, 0x07, 0x77, 0xC8, 0xF0, 0xBC, 0xB4, 0x8C,
    0xE0, 0x5B, 0x31, 0x62, 0x9F, 0x62, 0x57, 0xAD, 0x5B, 0xE6, 0xA9, 0x05, 0xD5, 0x57, 0x1A, 0xC5,
    0x56, 0x90, 0x53, 0xEC, 0xCF, 0x50, 0x09, 0x69, 0xC0, 0x2B, 0x14, 0x73, 0x66, 0x07, 0x82, 0x8B,
    0xF5, 0xB2, 0xC5, 0xCE, 0xC1, 0x3C, 0x92, 0x38, 0x32, 0xC1, 0xAA, 0x2B, 0x91, 0xF2, 0x5F, 0xB8,
    0x24, 0x7C, 0x70, 0xBB, 0x1F, 0x36, 0x7B, 0xD8, 0xC8, 0x9B, 0x79, 0xC6, 0xE7, 0x50, 0xF3, 0x67,
    0x3C, 0xA9, 0x69, 0x6C, 0x9E, 0xB1, 0xBA, 0x58, 0xB0, 0x6F, 0x04, 0xBA, 0x5A, 0x40, 0xD6, 0x29,
    0xB7, 0x04, 0x64, 0x66, 0x7D, 0x98, 0xA6, 0x05, 0x8F, 0x80, 0x0D, 0x42, 0xC2, 0x79, 0x21, 0xC1,
    0xDE, 0xA0, 0x94, 0x3C, 0xFC, 0xF8, 0x31, 0x58, 0x2D, 0xB6, 0x2A, 0x0F, 0xFA, 0x26, 0xEA, 0x3D,
    0xD1, 0x8D, 0x9E, 0xD2, 0x25, 0xA9, 0x46, 0x2B, 0xE0, 0xEC, 0xC2, 0xA3, 0x01, 0xB9, 0xCB, 0xE3,
    0xA3, 0x01, 0xDC, 0x97, 0xFE, 0x21, 0x44, 0xB9, 0xCE, 0xE7, 0x4D, 0x63, 0xAC, 0x4D, 0x35, 0x97,
    0xDD, 0xA7, 0xFD, 0xC2, 0xA9, 0x15, 0x33, 0x8E, 0x5A, 0x93, 0xC6, 0x57, 0x4F, 0xC9, 0xC5, 0xE5,
    0x53, 0x32, 0x96, 0x44, 0x5B, 0x2E, 0x19, 0xC1, 0xA4, 0xCB, 0x18, 0x46, 0x1B, 0xC8, 0xC1, 0xEC,
    0x17, 0x11, 0x6F, 0xB7, 0xCB, 0x58, 0x47, 0x62, 0xEC, 0x6B, 0x8F, 0x3A, 0x1E, 0xC8, 0x1E, 0xD5,
    0x08, 0x8E, 0x30, 0x97, 0x1E, 0x1E, 0x7C, 0xA4, 0x0C, 0xFD, 0x88, 0x49, 0xD0, 0x44, 0x20, 0xB8,
    0x2E, 0x19, 0x3C, 0x57, 0x0C, 0xEE, 0x6B, 0xE6, 0xA0, 0x38, 0x03, 0x3F, 0x01, 0x83, 0x6B, 0x3A,
    0x0B, 0x80, 0x79, 0x2D, 0x10, 0x0E, 0xE5, 0x2D, 0xB6, 0xA9, 0x25, 0x9B, 0x46, 0x68, 0x75, 0xE7,
    0xD3, 0x1F, 0x43, 0xFB, 0x42, 0x45, 0x7E, 0x94, 0xF7, 0x7A, 0xAD, 0xBC, 0x9D, 0xDC, 0x11, 0xB7,
    0xD5, 0x40, 0x9F, 0xC1, 0xDD, 0x76, 0x15, 0xFE, 0xF5, 0x56, 0x31, 0xFF, 0x94, 0x83, 0x85, 0x32,
    0x1D, 0xBF, 0x60, 0x50, 0xD0, 0x6B, 0x84, 0x15, 0xF1, 0x6F, 0xF5, 0x67, 0x8F, 0x96, 0x09, 0x3D,
    0x2A, 0x1F, 0xD4, 0x8F, 0xA0, 0xC1, 0x83, 0x56, 0xD1, 0x19, 0x96, 0x00, 0xE3, 0x5A, 0x76, 0xAB,
    0xC9, 0x68, 0x3D, 0xA9, 0x86, 0xA7, 0x93, 0x52, 0xB1, 0x5B, 0x6E, 0x93, 0xAA, 0x2B, 0x93, 0xA4,
    0x2F, 0x74, 0x92, 0xC5, 0xA4, 0x26, 0x1E, 0x99, 0x1B, 0xC1, 0xD9, 0x44, 0xEC, 0xBE, 0x05, 0xB3,
    0xBE, 0x12, 0xEB, 0x21, 0x4D, 0x86, 0x66, 0x3F, 0xE2, 0xB1, 0x59, 0x30, 0x6D, 0xD6, 0x33, 0xA9,
    0x80, 0x03, 0xB0, 0x97, 0xF5, 0xC0, 0x92, 0xC2, 0x08, 0xF1, 0x0C, 0x2A, 0x13, 0xD4, 0xCE, 0x87,
    0x27, 0x50, 0xD3, 0x49, 0xAC, 0xEF, 0x8E, 0x36, 0x7D, 0x0F, 0x06, 0x64, 0x7E, 0xCB, 0x51, 0x90,
    0x79, 0xDD, 0x1F, 0x43, 0xBA, 0xF5, 0xC7, 0xDC, 0xED, 0x21, 0x79, 0x54, 0xD4, 0x33, 0xA5, 0xE2,
    0xEE, 0x57, 0x7D, 0x99, 0xC2, 0x10, 0x10, 0xAA, 0x86, 0xE0, 0x91, 0x95, 0x7A, 0x9E, 0x53, 0xB9,
    0xA7, 0x38, 0x28, 0x12, 0x35, 0xCF, 0x79, 0x82, 0x35, 0x83, 0xFA, 0xD1, 0x8E, 0x77, 0x74, 0x09,
    0x4F, 0x8E, 0xEC, 0xDF, 0x72, 0xAE, 0xFF, 0x18, 0xB9, 0xFE, 0xD2, 0x8F, 0xC7, 0xAD, 0xC2, 0xE9,
    0xE1, 0x30, 0x29, 0x9D, 0xF8, 0x87, 0x2B, 0xF1, 0x87, 0x31, 0x63, 0x07, 0x85, 0x3F, 0x28, 0x34,
    0xA6, 0x0E, 0x10, 0xC0, 0xEB, 0x63, 0xFD, 0x74, 0x1A, 0xEB, 0x4F, 0x35, 0x7C, 0xFC, 0xCD, 0x19,
    0x49, 0xF7, 0x5F, 0xF6, 0x2A, 0xBA, 0xC7, 0x08, 0x30, 0xC0, 0xBC, 0xFF, 0x38, 0x56, 0xF3, 0x84,
    0x0F, 0xC1, 0x1F, 0xFC, 0x5B, 0xFD, 0xAA, 0x17, 0x30, 0xCF, 0x9D, 0xC0, 0x26, 0xEC, 0xF1, 0x62,
    0x36, 0xFF, 0xCE, 0x9D, 0xAD, 0x6E, 0x03, 0x75, 0x34, 0x0F, 0x01, 0x23, 0x69, 0xDD, 0x33, 0x32,
    0x54, 0xDA, 0x80, 0xF6, 0x03, 0x3E, 0xEF, 0xBE, 0xD1, 0x13, 0x3D, 0xF4, 0x8C, 0x82, 0x03, 0xDA,
    0x8D, 0xE9, 0x4C, 0xF0, 0xE7, 0x9D, 0x94, 0xA0, 0xF2, 0x28, 0x53, 0x7D, 0x0F, 0xFA, 0x57, 0x9B,
    0x0F, 0x32, 0x3F, 0x99, 0x3B, 0xC0, 0x79, 0xB8, 0xA7, 0xDA, 0xFC, 0x68, 0xA6, 0xDD, 0xDC, 0x35,
    0xA6, 0x58, 0x68, 0xC7, 0x85, 0x8A, 0x3B, 0x37, 0x19, 0x4E, 0x69, 0xDF, 0xB2, 0x9E, 0xBA, 0x7E,
    0xBF, 0x0A, 0xA5, 0xF7, 0x16, 0x9C, 0xF2, 0x11, 0xD4, 0xE5, 0xE8, 0xE8, 0x60, 0xE9, 0x02, 0x3C,
    0x58, 0xAF, 0x73, 0x8F, 0x3F, 0xE5, 0xAA, 0x7B, 0x35, 0xB3, 0x80, 0x09, 0xFA, 0x1F, 0x54, 0x02,
    0x6E, 0x90, 0xDD, 0x73, 0x47, 0xCD, 0xEF, 0x10, 0xCB, 0xBF, 0xC6, 0x8E, 0x5E, 0x46, 0x95, 0x23,
    0x20, 0x60, 0xB3, 0x23, 0x60, 0x20, 0x59, 0x5B, 0x36, 0x71, 0xF3, 0xA1, 0xAE, 0xD8, 0x4E, 0x16,
    0xFC, 0x60, 0xA5, 0x9A, 0x3B, 0xEB, 0x65, 0x5D, 0xEE, 0xC0, 0xAE, 0x91, 0xAE, 0x97, 0xCE, 0xBD,
    0x0B, 0xB2, 0xCE, 0x7E, 0x84, 0x8E, 0xED, 0xC7, 0xB2, 0xD5, 0xAF, 0x56, 0xFB, 0x53, 0xE1, 0xE0,
    0xF7, 0xF2, 0x00, 0x72, 0xD6, 0xEE, 0x67, 0x81, 0xCC, 0xCB, 0xC9, 0x3E, 0xF1, 0x08, 0xEF, 0x16,
    0xA5, 0x2B, 0x7B, 0xCB, 0xE8, 0x06, 0xCB, 0x5D, 0xEA, 0xF4, 0xBC, 0x67, 0x57, 0x74, 0x64, 0xA3,
    0xE6, 0x17, 0xEC, 0xB3, 0xBD, 0x78, 0xF8, 0x5E, 0xA1, 0x8C, 0x92, 0x6B, 0x8D, 0xDC, 0x46, 0x0F,
    0x95, 0x48, 0xD9, 0x5A, 0xA1, 0xA8, 0x71, 0x00, 0x31, 0xB7, 0x50, 0xAC, 0x14, 0x1B, 0x98, 0x80,
    0xB0, 0xC1, 0x82, 0xFC, 0x54, 0x33, 0xD1, 0x4F, 0xB8, 0x87, 0x6E, 0x79, 0xD0, 0xA0, 0xE7, 0xB7,
    0xC7, 0xBF, 0x49, 0xAC, 0xA4, 0x61, 0x64, 0x8B, 0xEB, 0xAA, 0x1A, 0x41, 0xA1, 0x0E, 0xD9, 0x82,
    0x49, 0xC4, 0xAE, 0x0D, 0x9B, 0x59, 0x8F, 0xFE, 0xB3, 0xF1, 0x82, 0xD1, 0x0D, 0x40, 0x70, 0x52,
    0x2D, 0xC7, 0xA3, 0x7F, 0x71, 0xCD, 0xD1, 0x1F, 0xA9, 0x51, 0x4D, 0xFB, 0x50, 0x47, 0xB6, 0xEA,
    0x7A, 0x3A, 0xB0, 0xD5, 0x81, 0x86, 0x07, 0x60, 0xFA, 0xB5, 0xB1, 0x03, 0xE2, 0xF9, 0xCE, 0xFD,
    0x64, 0xDD, 0x16, 0xE0, 0x90, 0xB2, 0x3E, 0x78, 0xCC, 0xA0, 0x7C, 0xA8, 0x7B, 0x9D, 0x3A, 0xC6,
    0x88, 0x65, 0xFB, 0x8B, 0x9F, 0x73, 0xD8, 0xA8, 0x8A, 0x3A, 0x21, 0x15, 0x35, 0x2B, 0x5E, 0x00,
    0x91, 0x2C, 0x80, 0xE4, 0xF1, 0x8D, 0x8E, 0x2B, 0xD0, 0xD6, 0xEE, 0xF0, 0xBF, 0x62, 0xF5, 0x74,
    0x3C, 0xF6, 0x5C, 0x3E, 0x49, 0x59, 0xA4, 0x7A, 0x14, 0xD0, 0x9B, 0x6F, 0x47, 0xB8, 0x0C, 0x28,
    0x49, 0x5B, 0xD1, 0x8E, 0x27, 0xA9, 0x57, 0x2E, 0x37, 0x49, 0x63, 0xE5, 0x53, 0xC7, 0xD2, 0xFA,
    0x4D, 0xAE, 0xF7, 0xF5, 0x77, 0xE9, 0x14, 0x6B, 0x40, 0x5F, 0xF9, 0x48, 0xCD, 0x0D, 0xA7, 0xFF,
    0xFE, 0x76, 0xFC, 0xD7, 0xB7, 0xD4, 0x33, 0x78, 0x53, 0xD7, 0xD7, 0x78, 0xA5, 0xAE, 0xBD, 0x6D,
    0xC9, 0xE8, 0x96, 0xAE, 0x1E, 0x10, 0x19, 0x2D, 0x4D, 0x35, 0x6B, 0xDA, 0xA2, 0x45, 0x44, 0x79,
    0x44, 0x04, 0xFA, 0x6F, 0x51, 0xC3, 0x53, 0xD3, 0xEB, 0x81, 0xC5, 0xBE, 0xC7, 0xDC, 0xBD, 0xA5,
    0x95, 0x0B, 0x4A, 0xB2, 0xFF, 0x07, 0xD5, 0x9A, 0x31, 0x8C, 0xE5, 0xD6, 0x75, 0xFE, 0x3F, 0x92,
    0xF2, 0xF0, 0xFF, 0x5F, 0x22, 0xA6, 0x0B, 0x0B, 0x88, 0xD7, 0x80, 0x99, 0x32, 0xD9, 0x86, 0x6D,
    0x9A, 0xF8, 0x52, 0x76, 0x91, 0x74, 0xDE, 0x42, 0x03, 0x97, 0x69, 0x23, 0x37, 0x6A, 0x52, 0xA4,
    0xB0, 0x4D, 0x46, 0x2E, 0x52, 0xB8, 0xF0, 0x02, 0x41, 0xAA, 0x34, 0x5B, 0xA8, 0x90, 0x26, 0x85,
    0x54, 0xA8, 0x50, 0x21, 0x2F, 0x29, 0xB8, 0x50, 0xE1, 0x86, 0x30, 0xA0, 0xDA, 0x8C, 0x83, 0x14,
    0x49, 0x8A, 0xBD, 0xB0, 0x29, 0x2C, 0x37, 0xBA, 0xE4, 0x97, 0xFB, 0x1D, 0x72, 0xDE, 0xCC, 0x4E,
    0x56, 0x0E, 0xB6, 0xF0, 0x40, 0xCB, 0xC7, 0xF7, 0x23, 0x87, 0xB8, 0xBC, 0xE7, 0x3B, 0x97, 0xE4,
    0x39, 0x97, 0x67, 0x1E, 0x00, 0x14, 0x1E, 0x6E, 0x41, 0x1B, 0xD0, 0xC7, 0x75, 0x86, 0x9B, 0x70,
    0xA7, 0xC1, 0xBE, 0xB4, 0x40, 0x0F, 0x50, 0x6B, 0xB2, 0x21, 0x8B, 0xEB, 0x8A, 0x2C, 0xA0, 0x08,
    0x28, 0x6D, 0xAD, 0x16, 0xD4, 0x33, 0x5C, 0x5C, 0xBD, 0xD6, 0x7B, 0x0F, 0x01, 0x24, 0xF7, 0x23,
    0x32, 0x1F, 0x91, 0x4F, 0xEA, 0x5D, 0x78, 0x73, 0x06, 0x0A, 0x12, 0x70, 0xE4, 0x90, 0x30, 0x22,
    0x8B, 0x40, 0x49, 0xF7, 0x57, 0xA8, 0x82, 0x03, 0xDC, 0x22, 0xF8, 0x1F, 0x0B, 0x8F, 0x80, 0xD6,
    0xAF, 0x42, 0x38, 0xE0, 0x9E, 0x2E, 0x11, 0x7C, 0xEA, 0x51, 0x93, 0x33, 0x4A, 0x32, 0x20, 0xD3,
    0x1E, 0x5A, 0x36, 0x87, 0x89, 0x62, 0x8C, 0x28, 0x07, 0xA1, 0x83, 0x96, 0xAF, 0x0B, 0x05, 0x27,
    0xA8, 0x55, 0x00, 0x64, 0x16, 0x3A, 0x6D, 0xD3, 0xE1, 0x66, 0x01, 0xCA, 0x15, 0x5F, 0x03, 0xAA,
    0x00, 0x44, 0x2E, 0x37, 0x98, 0xF6, 0x7B, 0x73, 0x31, 0x3F, 0x4E, 0xE2, 0xAA, 0xEE, 0x17, 0x9C,
    0x58, 0x7B, 0xD1, 0x19, 0x39, 0x40, 0xED, 0xFF, 0xE9, 0xBC, 0x91, 0x4A, 0x0E, 0x68, 0x8D, 0x7D,
    0x64, 0x07, 0x1A, 0xF7, 0xE5, 0x7D, 0xE0, 0x6F, 0xB3, 0xD0, 0xFE, 0x6B, 0x50, 0xE7, 0x9B, 0x64,
    0x2D, 0x88, 0x98, 0x32, 0x0E, 0xBD, 0xCF, 0x08, 0xE7, 0x8B, 0x10, 0x51, 0x5E, 0x47, 0x3F, 0x96,
    0xB1, 0xE5, 0x50, 0xF0, 0x31, 0x9B, 0x8A, 0x64, 0xA3, 0xCE, 0xC7, 0xF6, 0xD7, 0x6C, 0xC7, 0x6F,
    0x01, 0x65, 0xF3, 0x0A, 0x20, 0x0F, 0x07, 0xD8, 0x9A, 0xB2, 0x8B, 0xCC, 0x08, 0x70, 0x2C, 0x35,
    0x88, 0x93, 0x5C, 0x72, 0x93, 0xF3, 0x12, 0xDB, 0x0E, 0x12, 0x2E, 0x39, 0xD5, 0x6F, 0x29, 0x57,
    0x9E, 0x04, 0x91, 0xB3, 0x40, 0xFA, 0x83, 0x95, 0x11, 0xEA, 0x05, 0xC8, 0x45, 0x27, 0x9B, 0xC6,
    0x01, 0xF7, 0xDE, 0xE3, 0x45, 0x07, 0x94, 0xFB, 0xE0, 0x19, 0xEB, 0x9D, 0x8B, 0xE8, 0x66, 0x71,
    0xBB, 0xB1, 0xBC, 0x01, 0xE0, 0xE7, 0xCF, 0x39, 0x58, 0xCF, 0x40, 0x4A, 0x36, 0x1A, 0xE2, 0x49,
    0x86, 0x3D, 0xEA, 0xA5, 0x1E, 0xE0, 0x7C, 0x86, 0x08, 0x44, 0x04, 0x75, 0x2D, 0xCD, 0xE4, 0xBC,
    0x5F, 0xC4, 0x22, 0xB4, 0xEC, 0xCA, 0xA5, 0xE0, 0x50, 0xCE, 0xE0, 0x54, 0x2E, 0x1A, 0xA9, 0x2D,
    0x22, 0x1E, 0x89, 0x27, 0x72, 0x69, 0x47, 0x48, 0xAA, 0x04, 0xCB, 0x01, 0xE9, 0xEA, 0x3D, 0xCC,
    0xDA, 0x57, 0x51, 0xCD, 0x70, 0xA3, 0xF3, 0x30, 0x27, 0x5B, 0x35, 0x2B, 0x49, 0xB5, 0x58, 0x80,
    0xB3, 0xF8, 0x71, 0x83, 0x1B, 0xFA, 0xA9, 0x1F, 0xF5, 0x69, 0x87, 0x76, 0xB8, 0x8B, 0x6F, 0x68,
    0x84, 0x2F, 0x1A, 0xA8, 0x11, 0x83, 0x8D, 0x09, 0xD9, 0x59, 0x77, 0xF5, 0x04, 0x10, 0xC8, 0x66,
    0xA4, 0x0B, 0x5E, 0x47, 0x40, 0x3E, 0x15, 0xEC, 0x7E, 0x8C, 0x72, 0x68, 0x39, 0x39, 0xD4, 0xAF,
    0x91, 0x43, 0x0D, 0x97, 0xAD, 0x29, 0x2A, 0xFC, 0xA8, 0x98, 0x81, 0xAA, 0xF9, 0xA8, 0xF4, 0xDA,
    0x84, 0x6A, 0x8A, 0x1B, 0x2C, 0xF5, 0x08, 0xD4, 0xFB, 0xC6, 0x61, 0x51, 0x87, 0xDF, 0x46, 0x28,
    0xE7, 0xFF, 0x8F, 0x8F, 0xF0, 0x91, 0x94, 0x05, 0xFC, 0x28, 0x23, 0x33, 0x0F, 0x17, 0x25, 0x16,
    0x13, 0xEA, 0x2E, 0x41, 0x3D, 0xA0, 0x9C, 0x90, 0xC8, 0xF2, 0xB6, 0x8F, 0xBB, 0x5D, 0x20, 0xA0,
    0xE2, 0x0A, 0x2D, 0xE7, 0xC6, 0x6F, 0xBE, 0xF5, 0x00, 0x76, 0x7B, 0x71, 0x2C, 0xD6, 0x7E, 0x28,
    0xBD, 0x1B, 0xEA, 0xC1, 0xE9, 0xD3, 0xB9, 0xA1, 0x6D, 0x5C, 0xD7, 0xC3, 0x7D, 0x4C, 0x1B, 0xA6,
    0x9A, 0x1B, 0xCA, 0xB0, 0x02, 0x72, 0xF3, 0x15, 0x7C, 0x1D, 0x35, 0x7E, 0x88, 0x3E, 0x5D, 0xD3,
    0xB5, 0x98, 0xCB, 0xB9, 0x9E, 0xDC, 0xD4, 0x77, 0xAE, 0x23, 0x1C, 0x02, 0xDA, 0x24, 0x7E, 0xFF,
    0x3E, 0x1A, 0x1E, 0x7A, 0x94, 0x93, 0xEB, 0x72, 0x5F, 0x0E, 0xE9, 0x5C, 0x8C, 0xE8, 0xD2, 0xE6,
    0xD5, 0xF3, 0xF3, 0xF3, 0xE3, 0x16, 0x3D, 0xE1, 0xDE, 0xC5, 0x45, 0x2F, 0x71, 0xF5, 0xEF, 0xC5,
    0xDD, 0xEE, 0xD5, 0xF3, 0xFB, 0x8E, 0x53, 0xCB, 0xA9, 0xE7, 0x18, 0x7B, 0x41, 0x2D, 0x17, 0x37,
    0x14, 0x53, 0x35, 0x54, 0xC8, 0xA6, 0xBF, 0x70, 0xDE, 0x7F, 0xF8, 0xED, 0x65, 0x9E, 0x7F, 0xF8,
    0xD1, 0x07, 0xFE, 0xD1, 0xFC, 0x81, 0xE7, 0x38, 0xFB, 0xDF, 0x0D, 0x7E, 0xFE, 0xED, 0x6F, 0xA6,
    0x1F, 0x3E, 0xF8, 0xC7, 0xC1, 0xA1, 0x6A, 0xCA, 0xFF, 0x5C, 0x91, 0xD2, 0x03, 0xAF, 0x02, 0xF7,
    0x2E, 0xDE, 0x6D, 0xB9, 0xF6, 0x0C, 0x71, 0xC5, 0xA3, 0x26, 0xE7, 0x54, 0x71, 0x76, 0xDF, 0x09,
    0x2D, 0xC2, 0xCF, 0x6D, 0x6D, 0xB3, 0xD9, 0xD1, 0x57, 0x1C, 0xD2, 0x15, 0xFB, 0x92, 0x85, 0xE7,
    0xE3, 0xD5, 0xEF, 0xAF, 0xFF, 0xCB, 0x2B, 0x3B, 0xF6, 0x85, 0x67, 0x58, 0x30, 0xB4, 0xC5, 0x9E,
    0x9A, 0x1B, 0xE7, 0x42, 0x4B, 0x3B, 0x23, 0xE5, 0x86, 0x9C, 0x44, 0xFA, 0x19, 0x1B, 0x34, 0x7D,
    0x03, 0xE8, 0x4B, 0x40, 0x8A, 0x8A, 0x05, 0xFB, 0xFD, 0xD5, 0x21, 0xDF, 0x5E, 0x47, 0xCD, 0xD5,
    0xC2, 0x99, 0xBC, 0xB1, 0xA5, 0x5F, 0x90, 0x91, 0x8A, 0x6E, 0x0D, 0x1E, 0xF4, 0x1D, 0xD0, 0x76,
    0x76, 0x6E, 0xBD, 0x02, 0xF6, 0xBC, 0x07, 0x28, 0x76, 0xEB, 0xD8, 0xB7, 0xE2, 0xB6, 0x7D, 0xBC,
    0xC2, 0x31, 0xEC, 0x81, 0xF1, 0x0D, 0x29, 0x3C, 0x07, 0x4A, 0x36, 0x70, 0x2B, 0x40, 0x8F, 0x94,
    0x03, 0x8A, 0x4D, 0x31, 0xF0, 0xB8, 0x20, 0xF7, 0xDE, 0xC6, 0x45, 0x07, 0xE7, 0x13, 0x0E, 0x91,
    0x8A, 0x2C, 0xAD, 0xCF, 0xD8, 0xA0, 0x9F, 0xF6, 0xF8, 0x62, 0x1C, 0xF2, 0x4D, 0x2C, 0x56, 0xC5,
    0xA0, 0x32, 0x20, 0x36, 0x8B, 0x8C, 0xCD, 0x8C, 0xA8, 0x16, 0xB1, 0x9E, 0x15, 0x46, 0x5A, 0x8F,
    0x82, 0xDF, 0x39, 0xA2, 0xCC, 0x66, 0xA4, 0xF8, 0x6B, 0xA2, 0xFE, 0x7C, 0x2B, 0x37, 0xD4, 0xF3,
    0xFD, 0xE4, 0x6D, 0x93, 0x8E, 0x83, 0xAD, 0xB1, 0x9F, 0xAE, 0x71, 0x14, 0x81, 0xBB, 0x6F, 0x5D,
    0x00, 0x05, 0x7F, 0x41, 0xA0, 0x17, 0x33, 0xF2, 0x13, 0xA2, 0x20, 0x7F, 0xBA, 0x29, 0x8C, 0x7C,
    0x4F, 0xBE, 0xB2, 0x0C, 0x07, 0x5B, 0x6E, 0x95, 0xB1, 0x5E, 0xD0, 0x73, 0x75, 0xB3, 0x46, 0x52,
    0x99, 0xEB, 0xE0, 0xD2, 0x2A, 0xEA, 0x2D, 0xFD, 0x84, 0x9C, 0x33, 0x27, 0x85, 0x0B, 0x0E, 0xC0,
    0xD9, 0x43, 0x11, 0x89, 0x28, 0xCF, 0x22, 0xB3, 0x83, 0x0D, 0x9E, 0x09, 0x90, 0x28, 0x36, 0xB1,
    0xDC, 0xB9, 0x1A, 0x83, 0x58, 0xCC, 0x75, 0x70, 0xF6, 0xA9, 0xFD, 0x99, 0x4E, 0xC2, 0x86, 0x24,
    0x28, 0x9B, 0xE6, 0x1A, 0xD0, 0x21, 0xAE, 0x77, 0xD9, 0xB4, 0x2B, 0xDA, 0x07, 0x40, 0xDD, 0x9D,
    0xB1, 0x73, 0x6C, 0x1C, 0xF1, 0xEA, 0x65, 0xEA, 0x4D, 0x95, 0x77, 0x8F, 0x35, 0x5F, 0x50, 0xCC,
    0x28, 0xBD, 0x56, 0x7C, 0x73, 0x02, 0xB8, 0xCA, 0x71, 0x94, 0x4F, 0xFB, 0xAE, 0x9A, 0xDC, 0x70,
    0xFA, 0x74, 0x62, 0xDF, 0xB8, 0x81, 0x76, 0xDB, 0x94, 0x16, 0x39, 0x07, 0xCB, 0x8C, 0x49, 0xF3,
    0x15, 0x14, 0x43, 0x8D, 0x62, 0xAA, 0x87, 0x6C, 0x2E, 0xA7, 0x34, 0x14, 0x1E, 0xCC, 0x02, 0xFA,
    0x34, 0xA0, 0x45, 0xC0, 0x96, 0x85, 0x6C, 0x2D, 0xED, 0xA1, 0xAF, 0xC7, 0xBE, 0xE9, 0x5F, 0x5B,
    0x11, 0xD2, 0x19, 0x7F, 0x82, 0x0E, 0xB6, 0xDC, 0x97, 0x4E, 0xA5, 0xF9, 0xA8, 0x15, 0xA5, 0xB2,
    0x42, 0xA3, 0x03, 0x8E, 0x40, 0x0B, 0xD3, 0x2D, 0xC7, 0xA9, 0x80, 0x28, 0xFD, 0xB9, 0x87, 0x7C,
    0x50, 0x7E, 0x8E, 0x06, 0x5C, 0x03, 0x64, 0xB2, 0x63, 0x9B, 0x00, 0x36, 0xF9, 0x92, 0xCD, 0x19,
    0x9B, 0x62, 0x29, 0xA6, 0x92, 0x28, 0x7D, 0x39, 0xD4, 0x7D, 0xDC, 0xB8, 0xA6, 0xED, 0x01, 0x3C,
    0x42, 0x78, 0x04, 0x24, 0x21, 0x9B, 0x57, 0x20, 0xF3, 0xC5, 0x14, 0x20, 0xE5, 0x1F, 0x07, 0xA0,
    0x1A, 0x2C, 0x78, 0x3B, 0xF4, 0xDA, 0xAC, 0xDA, 0x34, 0x49, 0x50, 0x2C, 0x96, 0x38, 0xD9, 0x8D,
    0xE2, 0x50, 0xF8, 0xAB, 0x39, 0x8D, 0x9C, 0x07, 0xEA, 0x06, 0xC5, 0x64, 0xE2, 0xAB, 0xC1, 0x54,
    0x3B, 0xD8, 0x66, 0x35, 0xF1, 0x52, 0x8D, 0x4D, 0x3D, 0x48, 0x7C, 0x39, 0x4A, 0xBC, 0xDC, 0x93,
    0x5C, 0x77, 0xA8, 0xB6, 0x4D, 0xBA, 0x94, 0xD1, 0xB9, 0x25, 0xF7, 0x3D, 0x87, 0x62, 0x2E, 0x07,
    0x72, 0x2C, 0x7D, 0xDD, 0xFD, 0xA8, 0x9D, 0x4A, 0xDF, 0xE2, 0x6B, 0xE5, 0x04, 0x48, 0xE4, 0x24,
    0x3D, 0xA8, 0x07, 0xD9, 0x44, 0xDB, 0x69, 0x1C, 0x12, 0xD9, 0x6C, 0x90, 0x07, 0xB9, 0x87, 0xDA,
    0x43, 0xAA, 0xF9, 0xA9, 0x6C, 0x16, 0x64, 0x57, 0x4C, 0x28, 0xC9, 0x26, 0x8A, 0xAB, 0x48, 0xDC,
    0x05, 0xAE, 0xAB, 0xEF, 0x17, 0x39, 0x9E, 0xD1, 0x64, 0xDB, 0x93, 0xFF, 0x08, 0x7A, 0xF8, 0x93,
    0x00, 0x75, 0x2F, 0xD9, 0xA0, 0xC9, 0xAE, 0x57, 0xF9, 0x67, 0xD3, 0x33, 0xCB, 0xA2, 0xF2, 0x0F,
    0xE9, 0x66, 0xFE, 0x81, 0x99, 0x2F, 0x96, 0x18, 0x14, 0xCA, 0xB1, 0x0E, 0x31, 0x2E, 0xD4, 0x5D,
    0xBB, 0x38, 0x86, 0x16, 0x5C, 0x0A, 0x4E, 0x21, 0x7B, 0x32, 0xE3, 0x8D, 0x74, 0x29, 0xFE, 0xCD,
    0x86, 0xB1, 0xFE, 0xC4, 0x43, 0xF9, 0xAC, 0xF0, 0x92, 0x1D, 0x4A, 0xF9, 0x91, 0xD9, 0x84, 0x28,
    0x64, 0x36, 0x1D, 0x9B, 0xB5, 0x91, 0x7F, 0x96, 0x96, 0x64, 0xB3, 0x93, 0x7F, 0xFA, 0xFE, 0x19,
    0xAE, 0x96, 0x52, 0xE7, 0x2F, 0x40, 0x1B, 0x60, 0x6E, 0xF4, 0x33, 0xE0, 0x26, 0xE0, 0x0E, 0x4E,
    0xF7, 0x15, 0xD8, 0x21, 0x89, 0xDF, 0x8C, 0xF6, 0x28, 0x49, 0x35, 0xE8, 0x75, 0xEB, 0xDA, 0x9F,
    0x75, 0x30, 0x7F, 0x8E, 0x6F, 0x02, 0xB7, 0xBE, 0xD9, 0xD4, 0x1A, 0x77, 0x72, 0xCA, 0xC9, 0x4E,
    0xDD, 0x9E, 0xAC, 0xB1, 0xB1, 0x67, 0x73, 0x30, 0x77, 0xBD, 0xE8, 0xE6, 0xAB, 0xC7, 0xF2, 0x14,
    0xF1, 0x15, 0x4A, 0xDE, 0x15, 0x1D, 0xC5, 0xDE, 0x48, 0x31, 0x35, 0x66, 0x9B, 0x3A, 0x2A, 0x82,
    0x58, 0x2E, 0x96, 0xF5, 0xBD, 0xE8, 0x26, 0x91, 0x03, 0x07, 0x24, 0xA2, 0x42, 0x42, 0x64, 0x4E,
    0x48, 0xEC, 0x2A, 0x56, 0xC7, 0xA4, 0x49, 0x6C, 0x23, 0x27, 0x50, 0x4C, 0x39, 0x28, 0x84, 0x4A,
    0xAE, 0x2F, 0x88, 0x48, 0xF9, 0xD6, 0xFA, 0x3A, 0x88, 0x6E, 0x11, 0xAF, 0x0F, 0xDB, 0xEE, 0x82,
    0xDB, 0x44, 0x70, 0x16, 0x75, 0xF2, 0x29, 0xCE, 0x58, 0x8E, 0xB8, 0xE9, 0x8D, 0xB9, 0x73, 0xF2,
    0xC7, 0x1C, 0x3A, 0x3C, 0x3A, 0x5C, 0x3A, 0x7C, 0x3A, 0x9C, 0x3A, 0xBC, 0x3A, 0xDC, 0x3A, 0xFC,
    0x3A, 0x1C, 0x3B, 0x3C, 0x3B, 0x5C, 0x3B, 0x7C, 0x3B, 0x9C, 0x3B, 0xBC, 0x3B, 0xDC, 0x03, 0x6D,
    0xB3, 0x3B, 0x88, 0xDD, 0x43, 0xEC, 0x2E, 0x62, 0xF7, 0x11, 0xBB, 0x93, 0xB8, 0xE9, 0xA5, 0x5D,
    0x62, 0x73, 0x76, 0xDC, 0xC5, 0x7B, 0x53, 0xFD, 0xD8, 0x1E, 0x35, 0xE6, 0xAB, 0x05, 0xD2, 0x64,
    0x7B, 0x79, 0xDD, 0x6C, 0xC7, 0xBB, 0x9D, 0x94, 0x2D, 0x6E, 0x38, 0x4D, 0x1F, 0x4B, 0x9A, 0xD0,
    0x72, 0xA2, 0xFC, 0xBB, 0x33, 0xD4, 0xFE, 0xE5, 0xF5, 0xEF, 0x6B, 0xF1, 0x83, 0x74, 0x4D, 0x56,
    0xD9, 0xC9, 0x08, 0xE4, 0x9B, 0x98, 0xAD, 0xD9, 0x0A, 0x24, 0x73, 0x32, 0x7F, 0xD9, 0x9F, 0xB6,
    0x37, 0x84, 0x82, 0xA3, 0xB4, 0x3D, 0xF6, 0x62, 0x26, 0xCD, 0xED, 0xCE, 0xEF, 0xD9, 0x11, 0x0E,
    0x90, 0x63, 0x5F, 0xFA, 0xC8, 0xF1, 0x83, 0x8B, 0x8B, 0x8B, 0x87, 0xBB, 0x1A, 0xD2, 0x4B, 0xCA,
    0xE5, 0x4E, 0x61, 0xFD, 0x60, 0xBF, 0xF7, 0x76, 0x67, 0x9F, 0x10, 0xB6, 0xB4, 0x97, 0x3B, 0xFC,
    0x25, 0x8F, 0x47, 0xF2, 0x67, 0xBB, 0xAB, 0x39, 0x8F, 0x40, 0x53, 0xAE, 0x25, 0xB9, 0xD8, 0x9B,
    0x5E, 0x65, 0x3B, 0xB2, 0xBD, 0xEF, 0x70, 0xAA, 0xCD, 0x42, 0x94, 0xE8, 0x36, 0x19, 0xCF, 0x0E,
    0x8B, 0x28, 0x2F, 0x77, 0xEA, 0xCB, 0x1D, 0x77, 0x68, 0x00, 0x3F, 0x3B, 0x37, 0x0D, 0x69, 0x24,
    0xFF, 0xFD, 0xFC, 0xBE, 0xEE, 0xB5, 0x84, 0xFB, 0x7B, 0x3E, 0x52, 0x6B, 0x5E, 0xAD, 0xC7, 0x8E,
    0x0B, 0xA7, 0x2E, 0xAB, 0x0D, 0x48, 0x8F, 0xD7, 0xC5, 0xA0, 0xF1, 0x59, 0x13, 0xF2, 0xBD, 0x25,
    0xA3, 0x4F, 0x7D, 0xC1, 0x0E, 0x4D, 0xC9, 0xCB, 0x77, 0x52, 0xB7, 0x8B, 0x8C, 0xE8, 0x05, 0x4E,
    0x5F, 0x84, 0x53, 0x93, 0x36, 0xE0, 0xFF, 0xC1, 0xB1, 0x79, 0xA4, 0xDE, 0xD9, 0x14, 0x11, 0x5D,
    0x4A, 0x6A, 0x9C, 0xD5, 0xA8, 0x78, 0x2A, 0x97, 0x6C, 0xE0, 0x26, 0xE1, 0x99, 0x39, 0x7F, 0xF2,
    0xE6, 0x22, 0xC7, 0xA7, 0x88, 0xA7, 0xCF, 0x26, 0xA2, 0x7C, 0x7F, 0x0E, 0xA7, 0x4B, 0x35, 0xE5,
    0xE9, 0x3C, 0x2D, 0xF1, 0xFD, 0xE8, 0x1D, 0xF3, 0x03, 0xBD, 0x3C, 0xE2, 0x81, 0x05, 0x76, 0x96,
    0x90, 0x0A, 0x19, 0x3B, 0xA1, 0x11, 0x48, 0xE4, 0x42, 0x21, 0x94, 0xE4, 0x16, 0x11, 0x3B, 0xB1,
    0x7E, 0x2B, 0xE1, 0x70, 0x5F, 0x98, 0x85, 0xA7, 0xE7, 0xE7, 0x32, 0xB1, 0xA1, 0x17, 0x28, 0x63,
    0x66, 0xE7, 0xB4, 0x54, 0xEC, 0xA4, 0x6E, 0x83, 0x4C, 0x7A, 0x98, 0x39, 0x53, 0x7A, 0x23, 0xC5,
    0x98, 0xD8, 0x5D, 0xED, 0x2E, 0x17, 0xBC, 0xE4, 0x02, 0x5C, 0x9F, 0x2F, 0x8B, 0x37, 0xE6, 0xCB,
    0x54, 0x64, 0x30, 0x16, 0x46, 0x53, 0x6E, 0xD2, 0x9F, 0x57, 0x50, 0x30, 0xF9, 0xA6, 0xFF, 0x70,
    0x60, 0xF7, 0x00, 0xBD, 0xD1, 0x7C, 0x78, 0xD6, 0x89, 0x5C, 0xC6, 0x2A, 0x0E, 0xFB, 0xC5, 0x4A,
    0xF8, 0x78, 0x41, 0xBE, 0xA9, 0x64, 0x35, 0xA7, 0xDB, 0x97, 0x61, 0xA8, 0x15, 0x25, 0xD3, 0x90,
    0x06, 0x45, 0xC7, 0x0D, 0xC5, 0x96, 0x6F, 0xC8, 0x43, 0x16, 0x90, 0x4C, 0x89, 0xFF, 0x32, 0xE8,
    0x83, 0xD3, 0xC9, 0x96, 0x8C, 0x15, 0x7F, 0x3C, 0x8A, 0xD9, 0x44, 0x3D, 0x44, 0xEB, 0xD1, 0xC7,
    0x75, 0xD2, 0x71, 0x0E, 0x51, 0x48, 0xAA, 0xB5, 0x8B, 0x12, 0x32, 0x99, 0x47, 0x11, 0xD7, 0x4D,
    0xD1, 0xAB, 0x0C, 0x32, 0x5A, 0xC7, 0x75, 0x39, 0xAA, 0x83, 0xD7, 0x4F, 0xC5, 0x29, 0xA9, 0x71,
    0x41, 0xC6, 0xD1, 0xF2, 0x89, 0x54, 0xF5, 0x1D, 0x70, 0x98, 0xD2, 0x09, 0x3A, 0x43, 0xA7, 0xD8,
    0x39, 0x7B, 0xA0, 0x44, 0x6A, 0xDF, 0xCE, 0xDC, 0xB6, 0x0C, 0x43, 0xC8, 0xAC, 0xEC, 0xCA, 0xB0,
    0x2C, 0x9B, 0xBF, 0xB5, 0xBE, 0x8B, 0x75, 0x2B, 0xF3, 0x37, 0xBA, 0x3B, 0x3D, 0x95, 0x92, 0xD1,
    0xC0, 0xEA, 0x91, 0xBD, 0x2F, 0x43, 0x35, 0xD7, 0x53, 0xBE, 0xDC, 0x9A, 0x86, 0x06, 0x4D, 0x31,
    0xE7, 0x73, 0x19, 0xA2, 0xE5, 0x10, 0x39, 0x97, 0x73, 0x3E, 0x66, 0xE3, 0xAD, 0xD9, 0xBF, 0x73,
    0xF1, 0xC0, 0x42, 0xB2, 0x25, 0x24, 0x72, 0x31, 0xD2, 0x68, 0xEF, 0xF9, 0x85, 0x52, 0x8D, 0x4F,
    0x39, 0x41, 0xAB, 0xD7, 0x49, 0x7D, 0xE4, 0x80, 0xD6, 0x9F, 0xF1, 0xD3, 0xFB, 0xAD, 0x77, 0xE4,
    0xD4, 0xFA, 0x9E, 0x1C, 0xC5, 0xA3, 0x7E, 0x09, 0xFA, 0x5C, 0x9C, 0x0A, 0x4A, 0x6A, 0xB9, 0x21,
    0x8B, 0x5C, 0x51, 0x52, 0xCA, 0xDA, 0x0D, 0x55, 0xF8, 0x26, 0xC3, 0x91, 0x09, 0xCC, 0x94, 0xB8,
    0x42, 0xEC, 0x2C, 0x01, 0x2F, 0xE9, 0xDB, 0xFA, 0xEB, 0x2F, 0x17, 0x80, 0xE4, 0x6C, 0xF4, 0x48,
    0xD7, 0x5A, 0x03, 0xF0, 0x61, 0xB6, 0x01, 0xA7, 0xFB, 0xE4, 0x2C, 0x3E, 0x28, 0x8B, 0xFA, 0xED,
    0xC3, 0xC1, 0x6A, 0x01, 0x57, 0xF9, 0xCD, 0x0D, 0x6E, 0x4E, 0x48, 0x2B, 0x5B, 0xB0, 0x31, 0x76,
    0xED, 0x94, 0xB1, 0x1F, 0xFA, 0x29, 0xDB, 0xDC, 0xC0, 0x31, 0xDF, 0xDC, 0xA4, 0xB2, 0x85, 0xF3,
    0x62, 0xE5, 0x55, 0xB6, 0x28, 0x3F, 0x33, 0xFE, 0x37, 0x9B, 0x2A, 0x14, 0x1B, 0x51, 0x2F, 0x99,
    0x38, 0x67, 0xDC, 0xD4, 0x93, 0x31, 0x61, 0xD0, 0x68, 0x46, 0xF6, 0x13, 0xFA, 0xC8, 0x51, 0x2A,
    0x38, 0xC0, 0x2D, 0xA7, 0x28, 0x74, 0x84, 0x3F, 0x7F, 0x14, 0x79, 0x4E, 0x51, 0x2D, 0xDF, 0xC4,
    0x84, 0x38, 0x2D, 0xF5, 0x86, 0x23, 0x97, 0xED, 0xC9, 0xCC, 0xB2, 0x3D, 0x12, 0xB2, 0xD7, 0xB3,
    0x35, 0xE5, 0x51, 0x9B, 0xD2, 0xCF, 0x58, 0x6E, 0x96, 0x62, 0x83, 0x28, 0x43, 0xBD, 0x6F, 0xBD,
    0xD8, 0x1B, 0x39, 0xE9, 0xF8, 0x35, 0x8E, 0x91, 0x09, 0x87, 0xC8, 0x2C, 0xD2, 0x23, 0x67, 0xA3,
    0xB9, 0x1B, 0x25, 0xD5, 0xAD, 0x70, 0x5B, 0xCA, 0xE5, 0xA8, 0xF2, 0x16, 0x91, 0x03, 0x2C, 0xC3,
    0xC9, 0xFA, 0x24, 0x81, 0xEF, 0xE2, 0xDA, 0x52, 0xD8, 0xB1, 0x8A, 0x8D, 0x25, 0x47, 0xD3, 0x3F,
    0x5E, 0x55, 0x3D, 0xE6, 0x97, 0xC8, 0x97, 0x93, 0x72, 0x6F, 0x0E, 0x05, 0x35, 0xFA, 0x7C, 0xD5,
    0xE1, 0xB7, 0x68, 0xD9, 0xB8, 0x6F, 0x5E, 0x06, 0x5F, 0x6A, 0x7F, 0xE7, 0x01, 0xC0, 0xB5, 0xF4,
    0x48, 0x6D, 0x12, 0x97, 0x59, 0xD3, 0x62, 0x6E, 0x09, 0x9C, 0xA9, 0x1A, 0xFE, 0x32, 0x78, 0xF1,
    0x4A, 0xFC, 0x00, 0x44, 0x2F, 0x85, 0xAF, 0xB1, 0x8B, 0xFC, 0x8E, 0xD1, 0x1E, 0x8F, 0x0F, 0xF1,
    0x77, 0x2F, 0xC9, 0x7D, 0xF5, 0x55, 0xE0, 0x7D, 0xD7, 0xA5, 0xA1, 0x9D, 0x8A, 0xB5, 0x5E, 0xEA,
    0xA5, 0xD8, 0xFA, 0x49, 0xD1, 0x06, 0xFD, 0x51, 0xBF, 0x68, 0x37, 0x69, 0x6D, 0x72, 0x72, 0xAC,
    0x82, 0x9B, 0x5B, 0x5F, 0xAE, 0xED, 0x90, 0xAD, 0x15, 0x30, 0xE3, 0xE6, 0xF2, 0x81, 0x55, 0x75,
    0xAD, 0xF6, 0x4B, 0xFE, 0xC3, 0xBA, 0xBB, 0x3A, 0xEB, 0x7C, 0x5D, 0xE7, 0x9C, 0x9B, 0x3A, 0x2E,
    0xD9, 0x55, 0xD4, 0xB0, 0xD8, 0x43, 0xE9, 0x16, 0xB4, 0xB2, 0xE6, 0x13, 0xC6, 0x0D, 0xA7, 0x8C,
    0x96, 0x9E, 0x63, 0x10, 0x53, 0x8A, 0x76, 0xBF, 0x51, 0x7E, 0xEB, 0xF8, 0x0B, 0x0D, 0xD5, 0x4F,
    0x98, 0x69, 0xF3, 0xB3, 0x60, 0x59, 0xBB, 0x57, 0xA8, 0x56, 0xEB, 0xD2, 0x36, 0xFB, 0x4C, 0x3B,
    0x48, 0x72, 0x42, 0x0F, 0x0B, 0xBD, 0x4B, 0x61, 0xA3, 0x63, 0xDE, 0x97, 0x91, 0xB2, 0xFA, 0xF9,
    0x9E, 0x2C, 0x3E, 0x96, 0x35, 0x54, 0x38, 0x7B, 0x1B, 0x37, 0x97, 0xE2, 0x08, 0x7F, 0x13, 0xE4,
    0xCD, 0x2C, 0xD6, 0xCF, 0x0F, 0x7F, 0x17, 0x1D, 0xEE, 0x3E, 0x4C, 0x4F, 0xD5, 0x65, 0x67, 0xD5,
    0xE5, 0x36, 0x52, 0x89, 0xCA, 0x12, 0xC9, 0x58, 0x88, 0x43, 0xB1, 0x89, 0xE5, 0xB5, 0x1A, 0x73,
    0x65, 0x35, 0xE6, 0x5A, 0x44, 0xBD, 0x88, 0x6E, 0x46, 0x6E, 0x2C, 0x14, 0xA6, 0x51, 0xAE, 0xC6,
    0x20, 0x56, 0x46, 0xB7, 0x68, 0x6D, 0xBD, 0x5D, 0xDA, 0x09, 0xD5, 0xC9, 0xAD, 0x46, 0x3E, 0xAE,
    0x12, 0x4B, 0xFF, 0x9C, 0xF0, 0x37, 0xCA, 0x01, 0x36, 0x76, 0x69, 0xAE, 0x82, 0x88, 0xF9, 0x52,
    0xCE, 0x2F, 0x93, 0x2F, 0xA9, 0x29, 0x2F, 0xE8, 0xCD, 0x21, 0xF9, 0xD2, 0x2B, 0xFC, 0xA5, 0xFC,
    0xEE, 0x29, 0xFC, 0xBD, 0x04, 0xBE, 0x7C, 0xFD, 0x08, 0x1C, 0x84, 0x42, 0x86, 0x35, 0x12, 0x53,
    0xA6, 0x16, 0x38, 0xE2, 0xE7, 0xA5, 0xB9, 0x22, 0x99, 0x8E, 0x94, 0x36, 0x05, 0x53, 0x03, 0x4E,
    0xC7, 0x9C, 0x3E, 0x5F, 0xAE, 0x5C, 0xB8, 0xF3, 0x0E, 0x27, 0xB8, 0xD0, 0x7B, 0xB4, 0x8A, 0x67,
    0x9C, 0xE4, 0xCD, 0xE0, 0x66, 0x53, 0x16, 0xC5, 0x54, 0x4B, 0xA5, 0xE9, 0x8F, 0xA9, 0x69, 0x27,
    0x14, 0xC1, 0x4A, 0x09, 0x54, 0x4F, 0x9B, 0x10, 0x8E, 0x99, 0x48, 0xA2, 0xDE, 0xAF, 0xBF, 0x45,
    0x5C, 0xBD, 0x40, 0xE0, 0x40, 0x2E, 0x68, 0x30, 0x50, 0x0A, 0xCF, 0xFE, 0x0B, 0xC6, 0xC8, 0xC9,
    0xC8, 0xFF, 0x30, 0x5A, 0x00, 0x25, 0x35, 0x62, 0xE4, 0x86, 0x8C, 0x17, 0x3D, 0xD5, 0x67, 0xA1,
    0xF0, 0xA2, 0x9D, 0xDC, 0x58, 0x6C, 0x62, 0x29, 0xE2, 0x6A, 0x2E, 0xB8, 0xDA, 0x10, 0xDD, 0x9C,
    0x0B, 0x5A, 0x6C, 0xF9, 0xEC, 0xF5, 0xE7, 0x9B, 0x1D, 0x45, 0xE0, 0x6C, 0xEB, 0x2C, 0x0C, 0x2F,
    0x30, 0xC3, 0x38, 0xC2, 0x73, 0xC5, 0x7F, 0x8E, 0x74, 0x01, 0x91, 0xED, 0x2C, 0xF6, 0x5E, 0xE4,
    0x94, 0x28, 0x30, 0x0E, 0x39, 0x11, 0x59, 0x05, 0xF9, 0xDF, 0x7A, 0x0D, 0x00, 0x07, 0xBB, 0x77,
    0xBA, 0xC8, 0xD4, 0xF6, 0x13, 0x4B, 0x03, 0x60, 0xB0, 0xAB, 0x7C, 0xA8, 0xDD, 0xFF, 0x9D, 0x35,
    0x44, 0xEA, 0x74, 0x63, 0xBD, 0xBC, 0x12, 0xE9, 0xE6, 0xF2, 0x5F, 0xD8, 0x39, 0x5F, 0xDB, 0x3C,
    0xD3, 0xD9, 0xBC, 0xB0, 0x32, 0xA9, 0x56, 0x4C, 0xFA, 0x8A, 0xBC, 0xA8, 0x6C, 0x48, 0x85, 0xEC,
    0x28, 0xC8, 0x49, 0xBA, 0xDA, 0xD4, 0xF2, 0xAC, 0x10, 0x8E, 0xC5, 0x6E, 0xE7, 0x77, 0x50, 0xF3,
    0xBF, 0xF6, 0xD7, 0xBE, 0x8C, 0x54, 0x00, 0xFE, 0x15, 0xE7, 0x92, 0x56, 0xE3, 0x91, 0x91, 0x65,
    0xBF, 0x0B, 0xFA, 0x49, 0xBE, 0x29, 0x83, 0x71, 0x38, 0x90, 0x46, 0x78, 0x85, 0xFA, 0xB9, 0x62,
    0xD3, 0x53, 0x9A, 0x84, 0x9A, 0x4F, 0x88, 0x82, 0x3F, 0xD9, 0x80, 0x23, 0x52, 0x9B, 0xAE, 0x76,
    0x8D, 0xE0, 0x7C, 0xD4, 0x5D, 0x4B, 0x4A, 0xD0, 0xA2, 0xE3, 0x63, 0x44, 0xDF, 0xDC, 0xBA, 0xAA,
    0x3B, 0x7A, 0x2A, 0x1C, 0x65, 0x3C, 0xC2, 0x52, 0x59, 0xCE, 0x7E, 0xD0, 0x8D, 0x3D, 0xC1, 0x4D,
    0x95, 0x47, 0xDB, 0x15, 0xFE, 0x96, 0x55, 0x25, 0x1F, 0xE2, 0x75, 0x14, 0xEC, 0x94, 0x68, 0x9F,
    0x04, 0xB5, 0x89, 0xF8, 0x25, 0x67, 0xF4, 0x7B, 0x0E, 0xB8, 0x87, 0xDB, 0x16, 0xD4, 0xA5, 0x1D,
    0x4A, 0x5F, 0xDA, 0x6F, 0x24, 0x66, 0xD4, 0xB3, 0x9B, 0x51, 0xF9, 0xDA, 0xE3, 0xAC, 0x3B, 0x6B,
    0x6E, 0x59, 0x0B, 0x0A, 0x4B, 0x20, 0x6C, 0x90, 0x6C, 0x6E, 0x40, 0xB6, 0x54, 0x42, 0x3D, 0x20,
    0x5D, 0x75, 0xFF, 0x70, 0x3B, 0xAA, 0x46, 0xB7, 0xAC, 0xEA, 0x08, 0x11, 0x9C, 0x0A, 0x36, 0xE8,
    0x19, 0x5A, 0x9D, 0xAF, 0xC5, 0xA3, 0xD7, 0x26, 0xE0, 0xDB, 0x29, 0x43, 0x19, 0x60, 0xEF, 0xAA,
    0xB6, 0x19, 0xB2, 0x00, 0xFC, 0x80, 0x9F, 0x7E, 0x3F, 0xA0, 0xB6, 0x26, 0x29, 0x6D, 0x53, 0xF2,
    0x73, 0x69, 0xAC, 0xB7, 0x94, 0xE7, 0xE7, 0xF7, 0xDD, 0x6C, 0xF9, 0xC5, 0x49, 0x84, 0x36, 0x25,
    0x87, 0x04, 0x6E, 0xEB, 0xB9, 0xF5, 0x26, 0x85, 0x9A, 0x95, 0x6D, 0x15, 0x39, 0x14, 0x12, 0xBA,
    0x5A, 0x10, 0xB8, 0xDB, 0x9C, 0x7C, 0x9F, 0x80, 0xFA, 0xA8, 0x57, 0x21, 0x93, 0x8E, 0x82, 0xE3,
    0xFB, 0xA8, 0xAC, 0xCF, 0x20, 0xCC, 0xCF, 0x29, 0x52, 0x8E, 0xCF, 0xD6, 0x27, 0xE7, 0x33, 0xC8,
    0x56, 0x27, 0x9D, 0x23, 0xCA, 0x7D, 0x52, 0xBA, 0xE9, 0xE4, 0x07, 0x11, 0xDA, 0x49, 0x78, 0xCA,
    0xF3, 0x6E, 0x3A, 0x70, 0xC6, 0x41, 0xB6, 0xF7, 0xEB, 0x71, 0x0A, 0x4C, 0x16, 0xE6, 0x6F, 0x06,
    0xA6, 0xF1, 0x14, 0x98, 0x6E, 0x5C, 0x39, 0x53, 0x1F, 0x80, 0x3D, 0xCE, 0x93, 0x28, 0x95, 0x74,
    0xAB, 0x00, 0x05, 0xC0, 0x88, 0x36, 0x56, 0x72, 0xBB, 0x5E, 0x83, 0x40, 0x92, 0x8D, 0x00, 0x7E,
    0x7A, 0xFE, 0xFA, 0xDE, 0x2F, 0x27, 0x53, 0x0F, 0x45, 0xF8, 0xF7, 0x46, 0xA9, 0xF7, 0x28, 0x04,
    0x7B, 0xD0, 0x71, 0xF6, 0xE0, 0xFF, 0x0E, 0x4C, 0xBD, 0xA4, 0x3D, 0xC2, 0x6D, 0xAB, 0x8A, 0xE9,
    0x77, 0xAF, 0x8A, 0xC9, 0x88, 0x4C, 0x9E, 0x02, 0xD3, 0xE2, 0xC6, 0x3D, 0x30, 0xF5, 0x0A, 0x4C,
    0xB7, 0xAB, 0x2A, 0xBD, 0x8A, 0x03, 0xB3, 0xA6, 0x1E, 0x42, 0xED, 0xEB, 0x09, 0x67, 0xCD, 0x59,
    0x73, 0xAB, 0x5A, 0x74, 0xD1, 0x2A, 0xA2, 0x20, 0x32, 0x4B, 0xB2, 0xCA, 0x6D, 0xB5, 0xBF, 0xCA,
    0x6B, 0x17, 0x0F, 0x74, 0x90, 0x43, 0x72, 0xAD, 0x5A, 0x18, 0xD7, 0xFC, 0xAA, 0x5A, 0xA8, 0xB5,
    0xBA, 0xAA, 0x16, 0x1E, 0x05, 0x43, 0xEB, 0xD8, 0x6E, 0x86, 0xE3, 0x97, 0x0B, 0x25, 0xA1, 0x36,
    0xEA, 0xFF, 0x7A, 0x7E, 0x92, 0x01, 0x59, 0xD0, 0x37, 0xB9, 0x51, 0x1B, 0xD3, 0x37, 0xBF, 0x51,
    0x1B, 0xD3, 0xB7, 0xBA, 0x51, 0x1B, 0xD3, 0xD7, 0x4C, 0x2A, 0x09, 0x39, 0x02, 0x3D, 0xCD, 0x41,
    0x5D, 0x67, 0xE5, 0x1F, 0x37, 0x95, 0x5E, 0xD9, 0xE7, 0x0F, 0x61, 0x53, 0x11, 0x5D, 0x17, 0x52,
    0xF1, 0x5C, 0xE1, 0xBC, 0xF2, 0x95, 0x57, 0x30, 0xFF, 0x03, 0xD8, 0x92, 0xB1, 0x88, 0x7C, 0x8E,
    0x28, 0x99, 0x04, 0x54, 0x7C, 0x6C, 0x53, 0x37, 0x0B, 0x4A, 0x1D, 0x2A, 0x52, 0x3B, 0x0A, 0x9B,
    0xBF, 0xE2, 0x80, 0x3F, 0x3F, 0x45, 0x9F, 0x6A, 0xEB, 0x2D, 0x78, 0xFA, 0x8C, 0x11, 0x85, 0x50,
    0x6D, 0x29, 0x15, 0xAD, 0x7B, 0x6F, 0x97, 0x4B, 0x95, 0xB0, 0x89, 0x23, 0x38, 0x0A, 0x03, 0xC7,
    0x34, 0x62, 0x8A, 0x3A, 0xFB, 0xB9, 0xA4, 0xE5, 0xCD, 0xD3, 0xAF, 0x37, 0xC7, 0x23, 0x62, 0xDD,
    0xB5, 0xA7, 0xAB, 0xEE, 0xBE, 0xD2, 0x00, 0x9C, 0xEB, 0x01, 0x19, 0xB7, 0x5E, 0x94, 0x94, 0x62,
    0x96, 0x96, 0x52, 0x49, 0x01, 0x40, 0x6A, 0x4D, 0xAF, 0x96, 0x8B, 0xD7, 0xA4, 0x8C, 0x3F, 0xE5,
    0x1C, 0xD9, 0x33, 0x9C, 0x26, 0xA1, 0x5B, 0x1F, 0x90, 0x71, 0xAA, 0xAE, 0xFF, 0xFC, 0x28, 0x68,
    0x88, 0xEA, 0xC5, 0x26, 0x74, 0x8B, 0x4D, 0xDB, 0xE7, 0x7D, 0xDA, 0x2E, 0xB6, 0x5E, 0x0D, 0xFA,
    0x49, 0x0D, 0x38, 0xC1, 0xCD, 0x47, 0xD5, 0x9B, 0x43, 0x64, 0x12, 0xD9, 0xEA, 0xCD, 0xE1, 0xC5,
    0xA7, 0x72, 0x37, 0xE2, 0x7D, 0x23, 0xAF, 0x86, 0x92, 0x3F, 0xE1, 0x58, 0xAD, 0xE0, 0x64, 0x03,
    0xD7, 0xFA, 0x88, 0x5E, 0xE0, 0xE5, 0xE8, 0x19, 0xC6, 0x6B, 0xA3, 0xE7, 0x6F, 0x8E, 0xDE, 0x70,
    0x39, 0x7A, 0xCD, 0x8B, 0x4F, 0xE5, 0x6E, 0x45, 0xD5, 0x8B, 0x4F, 0xE5, 0x6E, 0x41, 0xD5, 0x8B,
    0x4D, 0xE5, 0x6E, 0x41, 0xD0, 0x8B, 0x4C, 0xE5, 0x6E, 0x41, 0x4B, 0xBA, 0x9C, 0xDE, 0xFB, 0x78,
    0x89, 0x7C, 0x8D, 0xC0, 0xC3, 0x43, 0xC5, 0x17, 0xFC, 0xA8, 0xF3, 0xA2, 0xBB, 0xF6, 0xD3, 0x9D,
    0x2C, 0x9C, 0x3A, 0x38, 0x41, 0xC7, 0x4E, 0x4B, 0x62, 0xB5, 0xBC, 0xB2, 0x43, 0x7A, 0x7A, 0x37,
    0x86, 0xA9, 0xB2, 0x08, 0x60, 0x6F, 0xDF, 0xCE, 0x5E, 0x15, 0x49, 0xE4, 0xCC, 0x22, 0x8B, 0xAD,
    0x7C, 0x42, 0x94, 0xA1, 0xFE, 0x44, 0xEC, 0x95, 0x32, 0xB6, 0xA0, 0xAC, 0x41, 0x5F, 0x86, 0xC8,
    0xD1, 0x2D, 0x28, 0xD8, 0xD0, 0x23, 0xE3, 0x63, 0x0E, 0x28, 0x2C, 0x7C, 0xD5, 0xD6, 0xA5, 0x7B,
    0x93, 0x13, 0xF0, 0x47, 0xC9, 0xD5, 0xB4, 0xF0, 0xC5, 0x1F, 0xE3, 0xF4, 0x02, 0x77, 0xDF, 0xB1,
    0x17, 0xED, 0x9C, 0x70, 0x8B, 0xBD, 0xFA, 0x97, 0xAB, 0x10, 0xD0, 0x0A, 0xBD, 0xCA, 0x8D, 0x9C,
    0x14, 0x3E, 0x46, 0x45, 0x8F, 0xC1, 0xC2, 0x86, 0xD5, 0x1B, 0x5A, 0x4D, 0x14, 0x7B, 0x5F, 0x28,
    0x08, 0x3A, 0xA2, 0x97, 0xB7, 0x2D, 0xB9, 0xC1, 0xF1, 0x77, 0xBA, 0x0B, 0xBF, 0x1B, 0x1D, 0x7E,
    0xF1, 0x37, 0xB2, 0xDB, 0x52, 0xF5, 0xE2, 0x8F, 0xF1, 0x6D, 0xA8, 0xFA, 0xFD, 0x4F, 0xCD, 0xAD,
    0x5F, 0x37, 0x9C, 0xCB, 0x66, 0xC6, 0x09, 0x47, 0x15, 0x07, 0xF5, 0x7A, 0x2A, 0x5A, 0x28, 0x7D,
    0x00, 0xD9, 0x76, 0xE3, 0xBF, 0x24, 0xA7, 0xAC, 0x7E, 0xEF, 0xA1, 0xDA, 0x59, 0x59, 0x07, 0x1C,
    0x61, 0x02, 0xF6, 0x1A, 0x55, 0x64, 0x4E, 0xA0, 0x9E, 0xCB, 0x70, 0xC9, 0x6A, 0xA9, 0x3D, 0x34,
    0xE7, 0x9C, 0x22, 0x43, 0x3F, 0x88, 0x32, 0x58, 0xAC, 0xF6, 0xAC, 0x72, 0x33, 0x1D, 0xC1, 0xB8,
    0x18, 0xBD, 0x71, 0xBA, 0xF1, 0x6F, 0x78, 0xF5, 0x7B, 0xA8, 0x2C, 0xAD, 0x61, 0x6D, 0x0D, 0x1D,
    0x07, 0xD1, 0xC4, 0x27, 0x0D, 0x6C, 0x73, 0xFE, 0x05, 0x3F, 0x6D, 0x0D, 0x57, 0xAC, 0x9E, 0xF9,
    0xD5, 0x7F, 0x3F, 0x45, 0x3E, 0x61, 0x88, 0x24, 0xB7, 0xA3, 0x4A, 0x8F, 0x7E, 0xFB, 0x6B, 0x36,
    0xA0, 0x97, 0x7D, 0x8E, 0xC6, 0x21, 0x32, 0x31, 0x5E, 0x4E, 0x09, 0xBB, 0xA3, 0x50, 0x24, 0xCA,
    0x8E, 0xAE, 0x5A, 0x50, 0xB8, 0xE6, 0x62, 0x61, 0xC2, 0x8B, 0xA7, 0x90, 0x51, 0x3D, 0xE5, 0x2C,
    0xB3, 0x8A, 0x5D, 0x6E, 0x36, 0xE3, 0xFE, 0x8A, 0xFD, 0xCE, 0x67, 0x2A, 0x46, 0xDF, 0xC0, 0x1F,
    0xDB, 0x43, 0xC4, 0x06, 0x09, 0x3F, 0x66, 0x17, 0xF9, 0x56, 0x24, 0x08, 0x02, 0xF8, 0x53, 0xFC,
    0xCD, 0x4B, 0x76, 0x75, 0xFE, 0x07, 0xD5, 0x5C, 0x31, 0x8C, 0xE6, 0xC6, 0x75, 0x1E, 0x92, 0xF1,
    0x32, 0x58, 0x22, 0x60, 0xA5, 0x20, 0x39, 0x17, 0x4C, 0x69, 0x9C, 0x91, 0xB0, 0x4E, 0x63, 0xD2,
    0x76, 0xBA, 0x14, 0x5E, 0x04, 0x77, 0x95, 0x8B, 0xB4, 0x89, 0x0C, 0xE3, 0xEA, 0x14, 0x09, 0x7F,
    0xF8, 0x02, 0xB8, 0x70, 0xA1, 0x6D, 0x52, 0xA5, 0xC8, 0x15, 0x57, 0xEC, 0xFD, 0x2E, 0xCE, 0x65,
    0x0A, 0xDB, 0x24, 0x74, 0x41, 0x5C, 0xB8, 0x10, 0x65, 0xC3, 0x70, 0x91, 0x42, 0x0C, 0x2C, 0x27,
    0x40, 0x1C, 0xE0, 0x46, 0x16, 0x0D, 0xF1, 0x24, 0x92, 0x2F, 0xF3, 0x7D, 0x8F, 0xFF, 0x2C, 0x8F,
    0xDA, 0xD5, 0x9E, 0x14, 0x69, 0xB5, 0xF7, 0xFB, 0xFE, 0x6F, 0xCE, 0xC7, 0x9F, 0x33, 0xEF, 0x7D,
    0xEF, 0x71, 0xDE, 0x9B, 0x37, 0x43, 0x19, 0x63, 0x5E, 0xDD, 0x9F, 0x39, 0x14, 0x19, 0x0F, 0x18,
    0x88, 0x0C, 0xE6, 0xF9, 0xCF, 0xAD, 0x47, 0xC0, 0x42, 0x80, 0x35, 0x51, 0x80, 0x21, 0x31, 0x9A,
    0xA5, 0x34, 0x26, 0x19, 0x81, 0xE9, 0x20, 0x3B, 0x63, 0x72, 0x0B, 0x2C, 0x3A, 0xA0, 0x34, 0xD2,
    0x98, 0x80, 0x18, 0x49, 0xE9, 0x30, 0x16, 0xE3, 0x30, 0x9D, 0x80, 0x99, 0x88, 0xB4, 0xA6, 0x20,
    0x56, 0x0E, 0x3B, 0x23, 0xC0, 0xD0, 0x5D, 0xAA, 0xBB, 0xC8, 0xDD, 0x5E, 0xDB, 0x44, 0x8C, 0xC3,
    0x74, 0x36, 0xA6, 0xB2, 0xF9, 0x08, 0x2C, 0x06, 0xA0, 0x09, 0xF7, 0xFB, 0x53, 0x13, 0xE3, 0xCE,
    0x44, 0xA4, 0x51, 0xD8, 0x7C, 0x42, 0xF9, 0xDA, 0x99, 0xC9, 0xE5, 0x37, 0x23, 0xBA, 0x1D, 0x23,
    0x07, 0x43, 0x22, 0x3F, 0x93, 0x3E, 0x15, 0xED, 0xAC, 0x40, 0x5F, 0x95, 0xAD, 0xAC, 0x1B, 0xAD,
    0xB6, 0x46, 0x5A, 0x08, 0xD0, 0x10, 0x28, 0x84, 0x58, 0x27, 0x83, 0xF4, 0x99, 0x94, 0xB5, 0x88,
    0x98, 0x02, 0x90, 0xCB, 0x7B, 0xE2, 0x06, 0xBB, 0xEF, 0x04, 0x7A, 0xA8, 0xA3, 0x9C, 0x99, 0x3F,
    0x77, 0xA4, 0x8D, 0x66, 0x06, 0x2D, 0xFF, 0xAC, 0x34, 0x0E, 0xA4, 0xAB, 0x73, 0x98, 0xCC, 0x37,
    0x9B, 0xC6, 0xE3, 0x36, 0x7C, 0xDB, 0xA4, 0x5D, 0x34, 0x98, 0xB4, 0xCF, 0x2C, 0x68, 0xEC, 0xDC,
    0x08, 0x1C, 0x6C, 0x86, 0xC8, 0xA7, 0xD7, 0x49, 0xE8, 0xCD, 0xA5, 0x09, 0x02, 0xB5, 0xC0, 0x19,
    0x10, 0x8D, 0xC0, 0x64, 0x00, 0xA6, 0x53, 0x09, 0x94, 0x8E, 0x88, 0x5F, 0xC6, 0xFC, 0xBB, 0xF9,
    0xDB, 0x6B, 0x22, 0x8D, 0x62, 0xE4, 0x8D, 0x83, 0x6A, 0xE7, 0x40, 0x09, 0xFB, 0x47, 0xC0, 0x08,
    0x80, 0xC0, 0x50, 0xC2, 0x04, 0x2B, 0x43, 0x26, 0x14, 0xD1, 0x75, 0x89, 0xBB, 0x46, 0x5C, 0x94,
    0x96, 0x92, 0xF3, 0x62, 0x6F, 0xFC, 0x27, 0x9B, 0x95, 0xF9, 0xCE, 0x80, 0x3E, 0x30, 0x22, 0x32,
    0x61, 0x8A, 0x78, 0x3C, 0x38, 0x86, 0x6D, 0x08, 0x8F, 0xD9, 0x99, 0xD2, 0xA4, 0xBC, 0x13, 0x94,
    0xE9, 0x68, 0x07, 0xD2, 0x6A, 0xA2, 0x74, 0x1F, 0x89, 0xFE, 0x97, 0x14, 0xE6, 0xF7, 0x61, 0xFB,
    0xF2, 0xC7, 0x1C, 0x50, 0x4A, 0x78, 0xA4, 0xEC, 0x20, 0xC2, 0x8C, 0xCB, 0xFC, 0x6D, 0xF0, 0x48,
    0x85, 0x7B, 0xE5, 0xC4, 0x01, 0x9E, 0xB5, 0x08, 0x1D, 0x25, 0xD0, 0x26, 0x9B, 0x0E, 0x43, 0x63,
    0x3A, 0x08, 0xE7, 0xCD, 0x7C, 0xD0, 0x39, 0x19, 0x65, 0x32, 0x06, 0x1C, 0x46, 0xD0, 0x27, 0x91,
    0xF6, 0x07, 0x6E, 0x20, 0x48, 0x3D, 0x02, 0x7A, 0x4A, 0x42, 0xD1, 0x3C, 0xB4, 0xFE, 0x6F, 0x16,
    0x57, 0xFB, 0x23, 0x08, 0xE8, 0x64, 0xCA, 0xE1, 0x48, 0x29, 0x9E, 0x95, 0x70, 0xFB, 0xAC, 0x78,
    0x3E, 0x2D, 0x69, 0x1E, 0x21, 0xD4, 0x07, 0x13, 0xFE, 0xF9, 0x3B, 0x42, 0xF7, 0xA9, 0xCB, 0x97,
    0x81, 0xE1, 0xDB, 0x67, 0x7A, 0x03, 0x27, 0x03, 0x10, 0x06, 0x77, 0x77, 0x77, 0x14, 0xB6, 0x6E,
    0x4C, 0xDD, 0x14, 0xAD, 0x99, 0x4D, 0xD6, 0x5E, 0x3B, 0xC3, 0xFF, 0x40, 0x82, 0x1B, 0x48, 0xA4,
    0x80, 0x81, 0x77, 0xFE, 0x91, 0x23, 0xA9, 0xCA, 0x29, 0x29, 0x25, 0xA3, 0x24, 0x94, 0x7C, 0x92,
    0xCE, 0x54, 0x48, 0xA6, 0x72, 0xA9, 0x54, 0x6E, 0xA5, 0xDA, 0x82, 0xFF, 0x09, 0x19, 0x24, 0x81,
    0xE4, 0x8F, 0xF4, 0x91, 0x3D, 0x25, 0x4F, 0xB9, 0xCB, 0x1A, 0xEF, 0x88, 0x1E, 0xAA, 0x0E, 0x3A,
    0x94, 0x9F, 0x8F, 0x4B, 0x06, 0x62, 0x6A, 0x27, 0x93, 0x3C, 0x61, 0xCF, 0x74, 0xC9, 0x8C, 0x77,
    0xA7, 0x0C, 0x9C, 0x91, 0xBC, 0x14, 0x0F, 0xFD, 0xAD, 0x5D, 0x78, 0x66, 0x32, 0x9B, 0x0E, 0x26,
    0x1D, 0x0A, 0x27, 0xC7, 0xC4, 0x99, 0x5E, 0x20, 0xEE, 0xC4, 0xC9, 0x00, 0x9D, 0x76, 0x9F, 0xD3,
    0x43, 0x2F, 0x65, 0xE5, 0x6E, 0xAB, 0x7F, 0x2E, 0x25, 0x7E, 0x3C, 0x91, 0x61, 0xF4, 0xED, 0xC6,
    0x23, 0xC3, 0xDE, 0xF2, 0xB7, 0xF7, 0x27, 0xD4, 0x0B, 0xFF, 0x52, 0x8B, 0x58, 0xE2, 0x48, 0x09,
    0xC5, 0x61, 0x93, 0x4B, 0x19, 0x48, 0x13, 0x4B, 0x13, 0x2E, 0x7F, 0x76, 0x81, 0x34, 0xB8, 0x5F,
    0xDA, 0x48, 0x20, 0x5C, 0x4C, 0x4C, 0x14, 0x67, 0xDC, 0x92, 0x4E, 0x26, 0x74, 0x38, 0xE2, 0x71,
    0xC8, 0x46, 0x13, 0x4B, 0x99, 0x8F, 0x30, 0x50, 0x3E, 0x98, 0x7C, 0x86, 0x8A, 0x32, 0x3A, 0xFC,
    0xA2, 0x58, 0x0C, 0x8B, 0x88, 0x87, 0xA1, 0x80, 0x3D, 0x86, 0x9D, 0x0F, 0xA2, 0x25, 0xCA, 0x5D,
    0xCA, 0xE6, 0xEE, 0x37, 0x5A, 0x12, 0xF8, 0x9A, 0x3A, 0xC8, 0x5F, 0x6B, 0x93, 0x97, 0x6C, 0x0A,
    0xC3, 0x09, 0xEE, 0x2B, 0xBC, 0x6B, 0xFE, 0x92, 0x86, 0x42, 0xFE, 0xFC, 0x1B, 0x20, 0x35, 0x97,
    0xA7, 0x68, 0x84, 0x7A, 0x31, 0xE8, 0x19, 0xC3, 0xB0, 0x07, 0x87, 0xA3, 0x9F, 0x30, 0xF4, 0xC1,
    0x71, 0xF8, 0xFF, 0x18, 0xFE, 0x60, 0x06, 0x52, 0xCF, 0xE8, 0xB7, 0x6A, 0x42, 0x34, 0x0C, 0x84,
    0xC6, 0x30, 0x14, 0x52, 0x74, 0x5A, 0x50, 0x1B, 0x06, 0x44, 0xB3, 0x84, 0x44, 0x9F, 0x49, 0x1C,
    0xEF, 0x4F, 0x79, 0x8D, 0x09, 0x02, 0x44, 0x00, 0x8A, 0xE2, 0xCE, 0x0D, 0x99, 0x80, 0x08, 0x0B,
    0x0F, 0xC1, 0x1F, 0x0E, 0x0D, 0x01, 0x1A, 0x77, 0xE9, 0x48, 0x7E, 0x71, 0x52, 0xD9, 0x42, 0xA4,
    0xAB, 0x6C, 0x2D, 0xD2, 0x12, 0x9B, 0xDA, 0x92, 0x7F, 0x4B, 0xFE, 0xBB, 0x44, 0xC8, 0xF9, 0x6C,
    0x22, 0xF0, 0x0F, 0xBD, 0x1C, 0xFF, 0xD5, 0x6C, 0xB2, 0xF1, 0x8B, 0x32, 0x62, 0x58, 0xB1, 0x3A,
    0x14, 0x70, 0x5A, 0x1C, 0xC8, 0x90, 0x59, 0x80, 0xCE, 0x59, 0x74, 0x8B, 0xDB, 0xDF, 0x97, 0x87,
    0xBC, 0xAE, 0x0F, 0xDB, 0xA0, 0x6E, 0x01, 0x4A, 0x67, 0x03, 0x04, 0x95, 0x77, 0x80, 0x29, 0xD9,
    0xAD, 0xE5, 0xE9, 0x60, 0x42, 0x81, 0xF1, 0x12, 0x8E, 0x92, 0xCA, 0x57, 0x31, 0xD6, 0x08, 0xF1,
    0x8B, 0x1E, 0x4C, 0x2A, 0x91, 0x42, 0x6D, 0x94, 0x46, 0x65, 0x51, 0x49, 0x54, 0x0E, 0x6B, 0x4F,
    0x86, 0x12, 0xE8, 0xF9, 0x23, 0x7D, 0x58, 0x1A, 0x3C, 0xD4, 0x35, 0x41, 0x20, 0xC2, 0xF1, 0x7C,
    0x62, 0x40, 0x1F, 0xDE, 0x9F, 0xE9, 0xC4, 0x40, 0xDF, 0x95, 0x05, 0x06, 0x5A, 0x2C, 0x00, 0x84,
    0x00, 0x8C, 0x06, 0x1D, 0x01, 0x22, 0x26, 0x06, 0x24, 0x80, 0x54, 0x64, 0x76, 0xE0, 0x3A, 0xA1,
    0x76, 0x19, 0x60, 0x99, 0x90, 0x01, 0x3D, 0xE0, 0xD9, 0xDD, 0xBB, 0x18, 0x62, 0x36, 0x35, 0x40,
    0x30, 0x18, 0xC7, 0x41, 0xF2, 0xBF, 0xD3, 0x94, 0x3F, 0x05, 0x24, 0x9E, 0xD8, 0xED, 0x73, 0xAF,
    0x4F, 0x15, 0x2C, 0xC4, 0x21, 0xBF, 0x26, 0xA5, 0x1B, 0x48, 0x76, 0x85, 0x75, 0x50, 0xFD, 0xEE,
    0xAE, 0xEC, 0xC0, 0xC1, 0x4E, 0x30, 0xE9, 0x00, 0x8C, 0xFC, 0xE2, 0xEE, 0x1D, 0x6A, 0x00, 0xD2,
    0xF0, 0xDC, 0x1B, 0x18, 0xEF, 0x71, 0x6B, 0x72, 0xD0, 0x9C, 0x00, 0x02, 0x0E, 0x76, 0x04, 0xCF,
    0x0A, 0xFE, 0xD5, 0xFC, 0x9D, 0x09, 0x91, 0xFA, 0x07, 0xCC, 0xFC, 0xC9, 0x50, 0x25, 0x2D, 0x9E,
    0x88, 0x9B, 0x40, 0xD3, 0x71, 0xF3, 0x5C, 0x72, 0x9F, 0x5E, 0x90, 0xDC, 0x5F, 0x2F, 0x61, 0x58,
    0x27, 0x2D, 0x69, 0x66, 0xEA, 0x21, 0x9E, 0x71, 0xE1, 0xE1, 0x4D, 0x20, 0x4C, 0xE7, 0x3F, 0xFD,
    0xE5, 0xF9, 0x3D, 0x16, 0x53, 0xC9, 0xEE, 0x5A, 0xB9, 0xFA, 0xDC, 0x89, 0x48, 0xBB, 0xF5, 0x82,
    0x22, 0x9A, 0x01, 0x72, 0x02, 0x18, 0x00, 0xCC, 0x09, 0x07, 0xA6, 0x33, 0xD7, 0x44, 0xC9, 0x04,
    0x09, 0xFA, 0x83, 0x64, 0x79, 0x0B, 0xF1, 0xDF, 0x01, 0x48, 0x89, 0x71, 0x9B, 0xC3, 0x5C, 0x79,
    0x9E, 0x5E, 0xC5, 0x53, 0xE8, 0xAE, 0x85, 0xC2, 0xB0, 0xC4, 0x47, 0x93, 0xCF, 0x26, 0x7E, 0x5D,
    0x2E, 0xD1, 0x6A, 0xED, 0x73, 0xE4, 0xDA, 0x47, 0x62, 0x22, 0xE9, 0x56, 0xF1, 0x02, 0x62, 0x48,
    0x24, 0xE5, 0xCA, 0xB9, 0x2A, 0xAA, 0xAC, 0x2B, 0xED, 0xCA, 0xBB, 0x12, 0x0F, 0xE6, 0x49, 0xFD,
    0x36, 0x4F, 0x22, 0xFB, 0x4A, 0xBF, 0xF2, 0xAF, 0x06, 0x50, 0x0B, 0x1C, 0x4C, 0x70, 0xFC, 0x20,
    0xD8, 0xBB, 0x2E, 0xFA, 0x78, 0x74, 0x03, 0x8C, 0x79, 0x0F, 0x33, 0xD4, 0x1D, 0x84, 0x50, 0xC2,
    0x74, 0x81, 0xAC, 0xBD, 0xDA, 0x8B, 0x66, 0x3F, 0x35, 0x07, 0xED, 0xA1, 0x72, 0xAA, 0x45, 0x0C,
    0x4D, 0x82, 0x7B, 0x1C, 0xD2, 0x28, 0x18, 0xDD, 0x21, 0xCD, 0x42, 0x34, 0x6A, 0x18, 0x55, 0x5D,
    0x4D, 0xA3, 0xB6, 0x51, 0xE3, 0xA8, 0x75, 0xD4, 0x3C, 0x6A, 0x1F, 0xFA, 0xEC, 0x27, 0x59, 0xFE,
    0x7C, 0x11, 0x2C, 0x6A, 0x68, 0x49, 0xA9, 0x7C, 0xA5, 0xC3, 0xCB, 0xE3, 0x09, 0xB9, 0xA6, 0x19,
    0x98, 0x6B, 0xFE, 0xC9, 0x47, 0xE4, 0x9A, 0x11, 0x3C, 0xB7, 0x53, 0x8C, 0x65, 0x62, 0x5C, 0x1E,
    0x1D, 0x1E, 0x3D, 0x06, 0xC2, 0x04, 0x08, 0x90, 0x03, 0x22, 0x62, 0xD6, 0x23, 0xD7, 0xCC, 0x2D,
    0x9C, 0xC6, 0xDD, 0x9E, 0xC9, 0xE2, 0x64, 0xD2, 0x31, 0x9A, 0x52, 0xBD, 0xE1, 0x7C, 0xF9, 0x13,
    0xEC, 0x69, 0xE7, 0xD5, 0xD2, 0xBE, 0xA0, 0x17, 0xD5, 0x4F, 0xE9, 0xFE, 0xF7, 0x47, 0xFA, 0xD8,
    0xCC, 0x15, 0xF3, 0x8F, 0x37, 0x06, 0xA8, 0xFA, 0x57, 0x77, 0xEE, 0xD6, 0x49, 0x43, 0x14, 0xE8,
    0x56, 0x72, 0xA7, 0x5C, 0x4C, 0x00, 0x11, 0x91, 0x34, 0x10, 0xCB, 0x64, 0x76, 0x32, 0x18, 0x9F,
    0x40, 0xA4, 0xB3, 0xC9, 0x88, 0x9A, 0xC0, 0x15, 0x83, 0xC3, 0xC0, 0x47, 0xFA, 0x08, 0x08, 0x69,
    0x6B, 0x64, 0x8D, 0x13, 0x96, 0x14, 0x47, 0x65, 0x0D, 0xB6, 0xCF, 0xFD, 0x34, 0x29, 0x63, 0x37,
    0x54, 0xFA, 0x7E, 0x2D, 0x87, 0x9C, 0x22, 0x27, 0xC1, 0xB1, 0x5A, 0xEA, 0x96, 0x4E, 0xB5, 0xDF,
    0x36, 0x7F, 0xC6, 0xA7, 0xBB, 0x42, 0x32, 0xF5, 0x5F, 0x42, 0xED, 0x26, 0x70, 0x4C, 0x1D, 0x8F,
    0x60, 0x97, 0x97, 0xC0, 0x46, 0x3F, 0x84, 0x16, 0xC1, 0x44, 0x2D, 0x24, 0x80, 0x00, 0x90, 0x10,
    0x22, 0x0E, 0xD4, 0xA5, 0xD5, 0x9F, 0xBE, 0x6C, 0xD6, 0xC1, 0x22, 0xD7, 0xCF, 0x3A, 0x91, 0x47,
    0x4D, 0x1A, 0xB9, 0xD2, 0x7D, 0x29, 0xAC, 0x63, 0x7E, 0x64, 0xFC, 0x4C, 0x19, 0xE3, 0x2A, 0xD1,
    0xAF, 0x36, 0xCF, 0x5E, 0x2A, 0xBB, 0xDC, 0x7C, 0xB6, 0x49, 0x36, 0x07, 0xD3, 0xE1, 0x03, 0xA2,
    0x21, 0x7E, 0x6B, 0x06, 0x0A, 0xAF, 0xFA, 0xE5, 0xDE, 0x89, 0x17, 0x2C, 0x12, 0x60, 0xAA, 0x37,
    0x5B, 0xE2, 0xA4, 0x4B, 0xBB, 0x97, 0xD5, 0x52, 0xFC, 0x30, 0x6C, 0xC1, 0x60, 0x4C, 0xEE, 0x04,
    0xCA, 0xE4, 0x33, 0x97, 0x8F, 0x2D, 0xBA, 0x13, 0x26, 0x12, 0x9A, 0x03, 0x3C, 0x30, 0x47, 0x8F,
    0x1C, 0x17, 0x10, 0xB4, 0xB6, 0x10, 0xB4, 0xEE, 0x18, 0x29, 0x5B, 0x08, 0x2A, 0x8D, 0xC9, 0x07,
    0x8C, 0x5D, 0xF4, 0x21, 0xD0, 0x86, 0x8C, 0xA0, 0xF0, 0x6C, 0x58, 0x14, 0x26, 0x89, 0x81, 0x6D,
    0x02, 0x6C, 0x14, 0x53, 0xD9, 0x7F, 0xDF, 0xE1, 0x88, 0x87, 0x36, 0x1B, 0x41, 0x45, 0x0E, 0xC4,
    0x9A, 0x3C, 0x16, 0xE4, 0x00, 0x89, 0x43, 0x0B, 0x8A, 0x2F, 0x1B, 0x56, 0x3F, 0xDE, 0x9E, 0x05,
    0xF5, 0x13, 0xA6, 0x7D, 0x24, 0x28, 0x1D, 0x61, 0xB1, 0xBC, 0x8B, 0x07, 0xF3, 0x85, 0x3B, 0xAB,
    0x54, 0x43, 0x93, 0x0C, 0x45, 0xAB, 0xB8, 0x72, 0xC1, 0x0E, 0x28, 0x6F, 0x72, 0xA1, 0xFD, 0x06,
    0x88, 0x13, 0x2E, 0xF2, 0x88, 0xA1, 0xCC, 0x35, 0x84, 0xEC, 0x54, 0xE0, 0x14, 0x88, 0x5E, 0x63,
    0x8A, 0x9D, 0xCC, 0xB4, 0xD7, 0x04, 0xE1, 0x53, 0xAC, 0xDF, 0x81, 0xF0, 0x4C, 0x88, 0x8D, 0x1F,
    0x48, 0x87, 0x4B, 0xD2, 0xE2, 0x12, 0x79, 0x02, 0x67, 0x15, 0xD9, 0x32, 0xC7, 0x0F, 0x4D, 0xB8,
    0x37, 0x46, 0x39, 0x30, 0x05, 0x49, 0x08, 0xAA, 0x67, 0x77, 0xBF, 0x29, 0x27, 0xA9, 0xE0, 0xD3,
    0x6B, 0x63, 0x33, 0x6D, 0xD0, 0x19, 0x38, 0x50, 0x2A, 0xD8, 0xDD, 0x00, 0x29, 0x61, 0xEB, 0x50,
    0xD4, 0x5B, 0x36, 0xCD, 0x7E, 0x2F, 0x1D, 0xBA, 0xC5, 0x3D, 0x5A, 0x17, 0x81, 0xA3, 0x41, 0x06,
    0xAD, 0x8F, 0x18, 0xEA, 0xB3, 0x33, 0xAA, 0xDC, 0xF3, 0xA2, 0xA8, 0x41, 0x48, 0x15, 0x33, 0x49,
    0x12, 0x9A, 0x1E, 0xB2, 0xE6, 0xA0, 0x9A, 0xF7, 0x5A, 0xEA, 0x83, 0x90, 0x25, 0x00, 0x0F, 0xB3,
    0xD2, 0x89, 0xF1, 0x5E, 0x71, 0xF0, 0xBA, 0x74, 0x81, 0xBC, 0x25, 0x3D, 0xA4, 0x1B, 0x09, 0x91,
    0x0C, 0x85, 0x83, 0x26, 0x1F, 0x41, 0xE0, 0x98, 0x80, 0x45, 0x90, 0xD8, 0x83, 0x43, 0x4B, 0xF2,
    0xC0, 0x9D, 0xCD, 0x41, 0x20, 0xF8, 0x6B, 0x41, 0x5F, 0x43, 0xDE, 0x40, 0x5B, 0x13, 0x48, 0xF9,
    0xAA, 0x13, 0xCB, 0x0A, 0x9F, 0x7E, 0x75, 0xF7, 0xE2, 0x89, 0x63, 0xE0, 0xCB, 0xA6, 0x5E, 0xB9,
    0x2E, 0x6D, 0xFB, 0xBC, 0x40, 0x00, 0xBF, 0x52, 0x20, 0xAC, 0x56, 0x0A, 0x87, 0x55, 0x58, 0x42,
    0x98, 0x97, 0xC7, 0x7D, 0xBB, 0x52, 0xC8, 0xCF, 0x57, 0x0A, 0xF6, 0xE2, 0x21, 0xB0, 0x04, 0xBE,
    0x93, 0xC8, 0x6E, 0xCE, 0xE4, 0xBD, 0x11, 0xC2, 0x15, 0x3F, 0x95, 0xBE, 0x66, 0xFA, 0x77, 0xDB,
    0xF8, 0xCF, 0xFE, 0x54, 0x65, 0xD1, 0xCD, 0x19, 0x08, 0x02, 0x39, 0x20, 0x06, 0xBF, 0xB1, 0x50,
    0x06, 0x8A, 0x90, 0x8E, 0xF8, 0x42, 0x08, 0x0E, 0xCF, 0xD1, 0x0B, 0xCB, 0x2F, 0xC7, 0x0F, 0xF6,
    0xFB, 0x07, 0x91, 0x88, 0xC5, 0x37, 0x66, 0x89, 0xD2, 0x93, 0xA0, 0x3F, 0xA8, 0xF1, 0xED, 0x28,
    0x9D, 0x1F, 0x6F, 0x33, 0x26, 0xC7, 0xDB, 0x8C, 0xC9, 0xF1, 0x36, 0x63, 0x6E, 0xBB, 0xC3, 0x96,
    0x63, 0xAC, 0xCF, 0x78, 0xE3, 0xF7, 0x1B, 0x3F, 0x03, 0x1D, 0xC3, 0x07, 0xE6, 0xED, 0xD8, 0x46,
    0x63, 0x34, 0xDF, 0xEB, 0x23, 0xE8, 0xC8, 0xC2, 0xE3, 0x70, 0x6D, 0x7A, 0x1E, 0xB7, 0xC1, 0xDB,
    0xA8, 0x1A, 0xA0, 0x68, 0x90, 0x08, 0x62, 0x15, 0xFC, 0x70, 0x46, 0xC1, 0xE0, 0xB3, 0xD0, 0x17,
    0x9D, 0xED, 0xBC, 0x02, 0xD1, 0x05, 0x0A, 0xA4, 0x17, 0x28, 0x50, 0x5C, 0xA0, 0x80, 0xAC, 0xF8,
    0xD8, 0x74, 0x17, 0xE2, 0x76, 0xAB, 0x0B, 0xC7, 0xCA, 0x89, 0x5D, 0xFF, 0x5A, 0x57, 0x50, 0x35,
    0xB6, 0x33, 0x64, 0x59, 0xBE, 0x20, 0x8B, 0x57, 0x45, 0x1A, 0x7E, 0xF9, 0xB0, 0xFC, 0x8D, 0xF1,
    0x9F, 0xE3, 0x47, 0x57, 0x2B, 0xA3, 0x24, 0x5E, 0xC9, 0x4D, 0x34, 0xE8, 0x4A, 0xB6, 0x68, 0x74,
    0x99, 0x5D, 0xFF, 0x9B, 0x31, 0xBA, 0x0E, 0x5C, 0xE6, 0x1B, 0xC6, 0x72, 0xCE, 0xB2, 0xF9, 0x6C,
    0xF2, 0x09, 0x7F, 0x09, 0x1F, 0xA8, 0x03, 0xB0, 0x58, 0x8A, 0x7A, 0x29, 0x06, 0x82, 0x69, 0x96,
    0x22, 0xB1, 0x1B, 0x23, 0x12, 0xF4, 0x9E, 0x08, 0xB8, 0x4F, 0x79, 0x53, 0x36, 0xA2, 0xBF, 0x7C,
    0x80, 0xA0, 0x85, 0x5D, 0xDF, 0x4A, 0x1B, 0x4A, 0xA3, 0x3D, 0xF8, 0xDB, 0xD9, 0x83, 0xBF, 0x5D,
    0x7B, 0xF0, 0xB7, 0x6B, 0x0F, 0x90, 0x01, 0x26, 0xAB, 0x6C, 0xA0, 0x05, 0x54, 0x56, 0x17, 0xA1,
    0xA5, 0xB4, 0xD0, 0x13, 0xB5, 0x6A, 0xC3, 0x02, 0x36, 0x4C, 0x90, 0x08, 0x8C, 0x90, 0xCC, 0x0C,
    0x27, 0x93, 0x43, 0xF4, 0x19, 0x33, 0xA8, 0x60, 0x3A, 0xD4, 0x54, 0xE0, 0xF9, 0xA0, 0x92, 0x31,
    0xA8, 0xE4, 0x5A, 0xCE, 0x1C, 0x20, 0xED, 0x2A, 0xA8, 0xE0, 0xD2, 0x45, 0xC3, 0xFA, 0xB4, 0x32,
    0x01, 0x86, 0xF7, 0x66, 0x87, 0xB1, 0xD6, 0x32, 0xA4, 0x27, 0xB6, 0x0E, 0x8F, 0x66, 0x2D, 0x73,
    0xC3, 0xD4, 0xF9, 0x80, 0x9B, 0x39, 0x3F, 0x1F, 0xB0, 0x47, 0x17, 0x47, 0xBB, 0x4D, 0xBE, 0xE3,
    0x88, 0x82, 0xE9, 0x19, 0xCB, 0x89, 0xD0, 0x2E, 0x63, 0x5C, 0xCF, 0x07, 0xE8, 0x55, 0xF4, 0x0E,
    0x21, 0x1E, 0x11, 0xDA, 0x55, 0x8C, 0xEB, 0x75, 0x07, 0xBD, 0xA4, 0x85, 0x5E, 0xD2, 0x2C, 0x98,
    0x8D, 0xA0, 0x8D, 0x83, 0x73, 0xC0, 0x92, 0x89, 0x84, 0x59, 0xB0, 0xB2, 0xB1, 0x6A, 0x31, 0x9F,
    0x27, 0x61, 0x99, 0x6A, 0x31, 0x10, 0xAD, 0xAE, 0x6B, 0x88, 0x4C, 0xF2, 0x4E, 0xD6, 0x92, 0x22,
    0xF9, 0x32, 0x7E, 0xED, 0xCD, 0xC5, 0x37, 0x57, 0xDF, 0xB3, 0xD1, 0xE5, 0x37, 0x58, 0x9A, 0x4C,
    0xBD, 0xAA, 0x66, 0x1D, 0x3D, 0x02, 0xC2, 0x0A, 0xE7, 0x03, 0x42, 0x52, 0x3F, 0xB0, 0x3A, 0xA4,
    0x4F, 0x28, 0x60, 0x8B, 0x55, 0xCD, 0xA1, 0xD2, 0xA6, 0xD6, 0x46, 0x3A, 0x6D, 0x5A, 0x6D, 0x1A,
    0x4A, 0xA4, 0x4D, 0xC8, 0x06, 0xBE, 0xA0, 0x4D, 0x49, 0x31, 0x29, 0x90, 0x6E, 0xC7, 0x65, 0x5D,
    0x81, 0xC1, 0x19, 0xE2, 0xB4, 0xC4, 0x40, 0x7D, 0x97, 0x65, 0x8F, 0x8A, 0xF7, 0x87, 0xA7, 0x40,
    0x4C, 0xC5, 0xE5, 0xB2, 0x73, 0x95, 0x03, 0x2A, 0xE9, 0xDC, 0x30, 0x4F, 0xC1, 0x3F, 0xB7, 0x86,
    0xA2, 0xD1, 0xF5, 0x16, 0x52, 0x6A, 0x1F, 0x1F, 0x1E, 0x5E, 0x12, 0xCB, 0xE4, 0x92, 0x70, 0x19,
    0x6D, 0xC3, 0xA5, 0x8F, 0x94, 0xDB, 0x70, 0xB9, 0x8E, 0x94, 0xEC, 0xB8, 0x10, 0x42, 0xC3, 0xE9,
    0xC5, 0xC1, 0x84, 0x74, 0xA2, 0x5C, 0x1E, 0xDE, 0x5B, 0x67, 0x7C, 0x08, 0x7B, 0x7A, 0x70, 0xCB,
    0x45, 0x00, 0x3C, 0x38, 0x63, 0xBA, 0x52, 0xD0, 0xB5, 0x98, 0x01, 0x3F, 0xE1, 0x04, 0xF4, 0x9A,
    0x60, 0xFC, 0x6A, 0x04, 0x6A, 0x8E, 0xAB, 0x3B, 0x29, 0x32, 0xEA, 0x02, 0x04, 0xF8, 0x81, 0x00,
    0x9F, 0x08, 0xCC, 0x0D, 0xA9, 0x73, 0x38, 0x18, 0xAC, 0x05, 0xEC, 0xA1, 0xA0, 0x3E, 0xB6, 0x95,
    0x6E, 0x0E, 0xF0, 0xC9, 0x92, 0x25, 0xCB, 0xA4, 0x36, 0xEB, 0x4F, 0x30, 0xAF, 0xAC, 0x54, 0x37,
    0xC0, 0x0A, 0x78, 0x8B, 0x06, 0xAB, 0x26, 0x03, 0x84, 0x15, 0x2E, 0xCF, 0x38, 0xFB, 0x4B, 0x32,
    0xCE, 0x0E, 0x56, 0x43, 0x5A, 0xBC, 0xD1, 0xF4, 0x3E, 0x35, 0xFD, 0x06, 0x35, 0x2D, 0x46, 0x20,
    0x0C, 0x83, 0x48, 0x4B, 0x4D, 0x3B, 0x6A, 0x6A, 0x89, 0x03, 0xF0, 0x35, 0x4C, 0xBF, 0x33, 0x2C,
    0xC0, 0xB4, 0x4A, 0x9F, 0x5A, 0xCD, 0xC9, 0xFD, 0x14, 0x41, 0x8B, 0xAE, 0x3F, 0x09, 0xA5, 0x4A,
    0x17, 0xED, 0x80, 0xE1, 0x0C, 0xBC, 0x37, 0xD2, 0xBD, 0x7A, 0xAA, 0x5E, 0x6A, 0x30, 0xF2, 0x72,
    0x06, 0x94, 0x33, 0xBC, 0x44, 0xCE, 0x98, 0x72, 0x26, 0x1F, 0x29, 0x67, 0xFE, 0xE2, 0x72, 0x16,
    0x90, 0x8A, 0xBB, 0x1B, 0x7A, 0x9C, 0xC1, 0xBB, 0x55, 0x63, 0xAE, 0x31, 0xD1, 0x7B, 0xE6, 0xEA,
    0x7E, 0x15, 0xDC, 0xAB, 0xF6, 0x20, 0xD4, 0x87, 0x9F, 0x6A, 0x66, 0xDD, 0x37, 0x62, 0x62, 0xAD,
    0x46, 0xAE, 0x77, 0xFE, 0x34, 0xC6, 0x79, 0x00, 0xDC, 0x06, 0xE2, 0xDD, 0x87, 0xE3, 0xFA, 0x4C,
    0x6B, 0x5C, 0x1D, 0x4F, 0xF1, 0x1D, 0xF5, 0x5B, 0x8D, 0x4B, 0x70, 0x3C, 0xFD, 0xF4, 0x13, 0x21,
    0x28, 0x0E, 0xBD, 0xEB, 0xE5, 0x4B, 0xA5, 0xBD, 0x69, 0x76, 0xBA, 0x11, 0x9C, 0x59, 0x66, 0x11,
    0x5F, 0xC0, 0xBC, 0x2E, 0x3B, 0x93, 0xBE, 0xCD, 0xCD, 0xBC, 0xF2, 0x6A, 0x25, 0xA7, 0x8D, 0x92,
    0xC3, 0xD5, 0x49, 0x03, 0xBF, 0x96, 0xDF, 0x40, 0xA8, 0x27, 0x96, 0xC2, 0x2A, 0xCF, 0xBC, 0x94,
    0x83, 0xAA, 0x86, 0xEE, 0x71, 0x0B, 0x0E, 0x05, 0x73, 0x80, 0x17, 0xA4, 0x0D, 0x00, 0x0B, 0xD3,
    0x5B, 0x47, 0x53, 0xD2, 0xB9, 0x31, 0x52, 0x6C, 0x6D, 0xA6, 0x38, 0xE9, 0x94, 0x72, 0xB6, 0x81,
    0x83, 0x1F, 0x7F, 0xF6, 0x3E, 0x13, 0xC0, 0x9D, 0x47, 0xF3, 0xCA, 0x5F, 0x0D, 0xA6, 0x7A, 0xB7,
    0x37, 0xF5, 0xAF, 0xAC, 0x91, 0x5F, 0x75, 0x46, 0x7E, 0xD9, 0x1A, 0xF9, 0x69, 0x13, 0xC8, 0xBF,
    0x97, 0x9F, 0x91, 0x6F, 0x7C, 0xFC, 0x07, 0xA5, 0x68, 0x62, 0x61, 0x31, 0xC6, 0x31, 0x9E, 0xCC,
    0xA1, 0x74, 0xE9, 0x14, 0x4A, 0xEB, 0x86, 0xE7, 0xE2, 0xFD, 0x4B, 0x2F, 0xAA, 0xF4, 0xC7, 0x7C,
    0x10, 0xA2, 0x31, 0x99, 0x53, 0xF7, 0xBF, 0x5C, 0xD2, 0x31, 0x9F, 0xDD, 0x77, 0xCA, 0xC6, 0x74,
    0xC8, 0x87, 0x70, 0xF7, 0xA2, 0xCA, 0x62, 0xC2, 0xBA, 0x32, 0x6E, 0x09, 0x8E, 0x6B, 0xCC, 0x49,
    0xEB, 0x80, 0xBE, 0x2B, 0xAC, 0x26, 0xB5, 0x2C, 0x93, 0xC6, 0x28, 0xDC, 0x54, 0xD2, 0x6B, 0xDC,
    0x52, 0xF8, 0xA3, 0x6D, 0x68, 0xFC, 0xF5, 0xDD, 0x13, 0x2C, 0xBD, 0x6D, 0x08, 0x88, 0x0E, 0xD0,
    0xC1, 0xFB, 0x5F, 0x2C, 0x72, 0xCA, 0xB7, 0x39, 0x31, 0x2E, 0x90, 0x09, 0xD6, 0xE3, 0x3C, 0x4F,
    0x31, 0x6A, 0x15, 0x4B, 0xCF, 0x4A, 0xFC, 0xC1, 0x55, 0xC1, 0x19, 0x60, 0x01, 0xB0, 0x01, 0xA1,
    0x02, 0xE0, 0xC1, 0xF0, 0x9F, 0x70, 0x75, 0xEA, 0x02, 0x61, 0x95, 0xBF, 0xC1, 0x3D, 0x3B, 0xCD,
    0x7E, 0xCC, 0xAA, 0xE4, 0xE3, 0x82, 0xF1, 0xC0, 0xAA, 0xCB, 0xB8, 0x60, 0x36, 0x18, 0x99, 0x60,
    0x67, 0xC1, 0x32, 0x3D, 0x10, 0xE1, 0x84, 0x2D, 0x25, 0x71, 0x57, 0x75, 0x91, 0xD4, 0x4D, 0xDD,
    0x45, 0x73, 0xD1, 0x48, 0x1B, 0xCF, 0x45, 0x27, 0x4D, 0x32, 0x15, 0x16, 0x98, 0x59, 0xD9, 0xA5,
    0x63, 0xFA, 0x3B, 0xE2, 0xFB, 0xD8, 0xF9, 0x4A, 0x66, 0xAC, 0xF7, 0x23, 0x60, 0x1F, 0xC9, 0x8C,
    0x9E, 0x88, 0x81, 0x30, 0xC1, 0x15, 0x56, 0x4D, 0x6A, 0x87, 0x2D, 0xA4, 0xD0, 0x98, 0x0D, 0x41,
    0xC9, 0x69, 0x02, 0x65, 0xF5, 0x98, 0x0A, 0xAE, 0x2A, 0x19, 0xCA, 0xAB, 0xDF, 0x58, 0xEA, 0xCC,
    0x26, 0x4F, 0xFD, 0x2A, 0x9D, 0xED, 0x7B, 0x20, 0x40, 0xEA, 0x6B, 0x28, 0xEA, 0xDC, 0x58, 0x0E,
    0xB7, 0x05, 0xD1, 0x44, 0xC8, 0x2C, 0xC9, 0x33, 0x02, 0xF8, 0xA6, 0x6C, 0x0B, 0xA2, 0x9E, 0x42,
    0x32, 0x48, 0x02, 0xC9, 0x1F, 0xE9, 0x23, 0x7B, 0x24, 0x8F, 0xDC, 0x91, 0x3A, 0x32, 0x47, 0xE2,
    0xC8, 0x1B, 0x69, 0x23, 0x6B, 0x24, 0x8D, 0x9C, 0x91, 0x32, 0x32, 0xA6, 0x84, 0x9D, 0x7F, 0x52,
    0xCB, 0x99, 0xD4, 0xEF, 0xAE, 0x62, 0x7F, 0xEC, 0x1E, 0xB3, 0x1F, 0xAB, 0xFF, 0xE4, 0x3F, 0x75,
    0x93, 0x73, 0x1E, 0x90, 0x86, 0x4F, 0x0F, 0xB5, 0x19, 0x7D, 0xCD, 0x16, 0x3A, 0xDF, 0x6C, 0x87,
    0xDE, 0x9B, 0xDB, 0x28, 0x16, 0x30, 0x9B, 0xAC, 0x5F, 0x87, 0xFC, 0xC5, 0x53, 0xDD, 0x69, 0x1A,
    0x56, 0x47, 0x67, 0xA1, 0x45, 0x3C, 0x7F, 0xDE, 0x0E, 0x1D, 0x0E, 0xBE, 0xDE, 0x4A, 0x09, 0xC9,
    0x6D, 0xF1, 0x5C, 0x93, 0x6A, 0x13, 0x54, 0xCA, 0x7B, 0x55, 0xB2, 0x91, 0x60, 0xEF, 0xEE, 0x8F,
    0xA7, 0x48, 0x72, 0x98, 0x9E, 0x53, 0x64, 0xD1, 0xA2, 0xE9, 0xBF, 0xE2, 0xE4, 0x7A, 0x5F, 0xD3,
    0xF6, 0xA6, 0xE8, 0x19, 0xDA, 0xD8, 0x4C, 0x18, 0x7F, 0x91, 0x8D, 0xC2, 0xB9, 0x46, 0xA5, 0x83,
    0xFC, 0x50, 0x9C, 0xC5, 0x40, 0xB3, 0x08, 0x48, 0x09, 0x41, 0xE1, 0x72, 0x0E, 0xAA, 0xE3, 0x54,
    0xA0, 0x47, 0xC2, 0x0C, 0x57, 0xDB, 0x8E, 0x67, 0x6C, 0x13, 0x57, 0xBF, 0x15, 0xC1, 0x2E, 0xA5,
    0x48, 0xA3, 0x47, 0x9C, 0x1D, 0xFE, 0x46, 0x2C, 0xDC, 0x40, 0x2C, 0xA6, 0xCF, 0x4A, 0x8B, 0xD8,
    0x03, 0xFA, 0x01, 0x96, 0x44, 0x8C, 0xAA, 0x69, 0x6A, 0x42, 0xD4, 0x63, 0xD0, 0xE9, 0x84, 0x11,
    0xB9, 0xF0, 0xB5, 0x19, 0xB0, 0xCB, 0x99, 0x11, 0x17, 0xCC, 0x02, 0xC1, 0x30, 0x5C, 0xC9, 0x31,
    0xC5, 0xF3, 0x54, 0x50, 0x02, 0xCB, 0x6D, 0x67, 0x19, 0x0C, 0xDB, 0xEA, 0x56, 0x7B, 0xF0, 0xE0,
    0xB3, 0x79, 0xBA, 0x9A, 0xED, 0xD3, 0xB5, 0x8A, 0x3A, 0xD0, 0x01, 0x2E, 0xAA, 0x35, 0x00, 0x2E,
    0x9B, 0xD5, 0x70, 0x77, 0x74, 0xC7, 0xFF, 0x11, 0x4C, 0x87, 0xEB, 0xA6, 0x5E, 0x70, 0xDA, 0xF8,
    0x5E, 0x7E, 0xC1, 0x31, 0x48, 0x81, 0x03, 0xD6, 0xA8, 0x95, 0x74, 0x31, 0x4A, 0x1B, 0x3B, 0xA4,
    0x08, 0xB3, 0xB2, 0x02, 0x2C, 0x06, 0xB0, 0xA5, 0xE1, 0xBA, 0x26, 0x0A, 0xB3, 0x80, 0x15, 0xB6,
    0x5C, 0xAB, 0x36, 0x0E, 0x23, 0x87, 0x28, 0x16, 0x94, 0x28, 0xFC, 0x0B, 0x9E, 0x98, 0xC2, 0x69,
    0x3B, 0x87, 0x32, 0xAC, 0xB6, 0x7A, 0x9A, 0xF3, 0x63, 0x90, 0x9D, 0xDF, 0xEA, 0xB9, 0xF2, 0xE5,
    0x87, 0xCD, 0xB9, 0xC7, 0x32, 0xD2, 0xFD, 0x88, 0xFB, 0xD2, 0x66, 0x13, 0xC5, 0xA4, 0x94, 0x14,
    0x52, 0x65, 0xAC, 0x3B, 0x18, 0x86, 0xD0, 0x4A, 0xEB, 0xEC, 0x4B, 0xF7, 0x82, 0x31, 0x75, 0x41,
    0xCE, 0x1D, 0x96, 0xF5, 0xB9, 0xC7, 0xF2, 0x05, 0xF7, 0x90, 0x6F, 0x3E, 0x99, 0x57, 0xBF, 0x02,
    0x71, 0xCD, 0xB4, 0xFA, 0x8F, 0x3C, 0x51, 0x9F, 0xFE, 0xCB, 0x99, 0x21, 0x3F, 0x03, 0xA9, 0xB9,
    0x2D, 0x5A, 0x1E, 0xCD, 0x11, 0x16, 0x2C, 0x83, 0x61, 0xEB, 0xB1, 0xCA, 0xF2, 0x81, 0x66, 0xE5,
    0x79, 0x21, 0xDA, 0x28, 0xD3, 0x46, 0xA9, 0x36, 0xCA, 0xB5, 0x51, 0xB2, 0x8D, 0xB2, 0x7D, 0x48,
    0x35, 0x6B, 0x6D, 0x94, 0xEA, 0x75, 0x43, 0x7D, 0xC0, 0xB9, 0x51, 0xD2, 0x8D, 0xB2, 0x6E, 0x94,
    0xF6, 0x85, 0xF7, 0x85, 0xF8, 0x85, 0xF9, 0x85, 0x7A, 0xE5, 0xDE, 0x93, 0x4F, 0xF6, 0xD9, 0xDE,
    0xF9, 0x42, 0x09, 0xF5, 0x0A, 0xCC, 0x82, 0x3D, 0xE7, 0xBB, 0xFF, 0x84, 0x72, 0xF5, 0x7D, 0xC8,
    0x3F, 0x27, 0x16, 0x31, 0x3C, 0x6D, 0x1D, 0x76, 0x79, 0x79, 0x81, 0x93, 0xD3, 0x1C, 0x6A, 0x0F,
    0x43, 0x83, 0x18, 0x5A, 0xC4, 0xD0, 0x24, 0x50, 0x8B, 0x5A, 0x01, 0xF5, 0x0F, 0xCD, 0x42, 0x3D,
    0x88, 0xFC, 0xA3, 0xB5, 0xC4, 0x88, 0x7A, 0xA4, 0x9B, 0x6D, 0x45, 0x9A, 0x47, 0xED, 0xE3, 0x0D,
    0x14, 0xEC, 0xDD, 0xE7, 0x81, 0x9E, 0x42, 0x15, 0x68, 0xAE, 0xF3, 0x6C, 0xC5, 0xB6, 0x0D, 0xD8,
    0xA0, 0x0C, 0xCA, 0x15, 0x3F, 0xD6, 0x8A, 0xB1, 0x68, 0x32, 0x9A, 0xE8, 0xB1, 0x63, 0x72, 0xAF,
    0x51, 0x0A, 0x84, 0xB0, 0x07, 0x0A, 0x9A, 0xA1, 0x95, 0x8E, 0x43, 0x53, 0x7C, 0x74, 0x8F, 0xF6,
    0x7D, 0x37, 0x1C, 0x5A, 0xCD, 0x8A, 0xFD, 0xD1, 0x72, 0x5D, 0xDF, 0xF0, 0xA7, 0xEC, 0x57, 0x5A,
    0xB4, 0x72, 0xEA, 0xCE, 0xEF, 0x9C, 0xA8, 0x58, 0xB4, 0x8F, 0xB6, 0xE6, 0xD0, 0x26, 0x14, 0x77,
    0x45, 0x63, 0xC3, 0x9A, 0x84, 0xF4, 0x39, 0x46, 0xC3, 0x02, 0x78, 0x8C, 0x04, 0x9F, 0x29, 0x95,
    0xEF, 0xCA, 0x1C, 0xCF, 0xE0, 0xB2, 0x0F, 0x05, 0x61, 0xC9, 0x86, 0x52, 0x41, 0xA4, 0x50, 0xC0,
    0x25, 0x3B, 0x42, 0x33, 0x4B, 0x8B, 0x66, 0x84, 0xF6, 0x0D, 0xC3, 0x12, 0x9B, 0x2E, 0xD6, 0x90,
    0x95, 0xB9, 0xFB, 0xA0, 0x8C, 0xCC, 0x8F, 0x77, 0xB9, 0xC8, 0x1B, 0x7C, 0x6E, 0x24, 0x16, 0xF4,
    0x33, 0x18, 0x91, 0x12, 0xCC, 0xAE, 0xCF, 0x10, 0xC5, 0xDB, 0x57, 0x54, 0xA0, 0xA2, 0x2F, 0xF1,
    0x0E, 0xAB, 0xB3, 0x5B, 0x0F, 0xD5, 0xCB, 0x3B, 0x5A, 0x63, 0x52, 0x25, 0x15, 0x77, 0x2C, 0x45,
    0x37, 0xC1, 0xA1, 0x46, 0xCE, 0xFF, 0xBB, 0x9C, 0xA5, 0x0E, 0x81, 0xF0, 0x5C, 0x14, 0x6B, 0x85,
    0x8C, 0x8C, 0x24, 0xAC, 0x27, 0xEE, 0x80, 0x5C, 0x7A, 0x6A, 0xFD, 0x06, 0x4B, 0xD2, 0x25, 0x48,
    0xF6, 0x0C, 0x9B, 0x36, 0x5C, 0x95, 0xA2, 0xE9, 0x4A, 0x87, 0x43, 0xB7, 0x5A, 0xFF, 0x7A, 0x05,
    0x71, 0xA6, 0x66, 0x35, 0xC7, 0xEA, 0xB1, 0x07, 0xDA, 0x5A, 0xAF, 0x72, 0x1D, 0x33, 0x6F, 0x33,
    0x1D, 0x63, 0xF8, 0xA4, 0xCB, 0x3D, 0xA4, 0x39, 0x35, 0xB3, 0x9C, 0x87, 0x9A, 0xE4, 0x91, 0x4B,
    0xC6, 0xB6, 0x78, 0xBB, 0x26, 0xBF, 0xA4, 0x0C, 0x59, 0x58, 0x02, 0x9D, 0xEB, 0xE6, 0xD2, 0xB4,
    0xFE, 0x44, 0xD3, 0x79, 0x9E, 0x6E, 0x64, 0x47, 0x2C, 0x79, 0xE2, 0x82, 0x7F, 0x1D, 0x81, 0xAB,
    0xBA, 0x75, 0xF8, 0x28, 0x1E, 0xDD, 0x3D, 0xF9, 0xE0, 0xC0, 0x75, 0x18, 0xCF, 0x9C, 0xE2, 0xDF,
    0x3F, 0x65, 0x94, 0x77, 0x40, 0x86, 0xAE, 0xE0, 0x65, 0x5B, 0x19, 0xF0, 0x8B, 0xCC, 0x6D, 0x3D,
    0x14, 0xAA, 0x20, 0x0F, 0x57, 0xD0, 0x43, 0x20, 0x15, 0x9F, 0xDC, 0xE7, 0xDE, 0xF9, 0xE1, 0x41,
    0x85, 0xFA, 0xC9, 0x15, 0xE7, 0xFF, 0x6F, 0xA6, 0x31, 0x10, 0xE8, 0xC2, 0x47, 0x26, 0xB5, 0xC9,
    0x68, 0x12, 0xCC, 0xC5, 0xD1, 0x24, 0x2D, 0xE6, 0xD3, 0x72, 0x89, 0x83, 0x1A, 0x4D, 0xBA, 0xEB,
    0xF3, 0x59, 0xFF, 0x49, 0x56, 0xBB, 0x1D, 0xF5, 0xC0, 0xF9, 0xAA, 0xF5, 0x8B, 0x85, 0x74, 0xE5,
    0x46, 0xF9, 0xC4, 0x8B, 0xB8, 0xAA, 0x35, 0xD8, 0x7C, 0x79, 0x2D, 0xA7, 0x06, 0xC5, 0x36, 0xEC,
    0x69, 0xEB, 0x53, 0x22, 0xA7, 0x4F, 0xE2, 0x04, 0x44, 0x74, 0xD4, 0x42, 0x04, 0xEF, 0xD5, 0x7E,
    0x1A, 0x1F, 0xAC, 0x12, 0xFE, 0x36, 0x00, 0x52, 0xBA, 0x88, 0x98, 0x91, 0xC7, 0xEA, 0x59, 0xA8,
    0x13, 0xB5, 0xBE, 0x63, 0xA8, 0x51, 0x68, 0x62, 0x9F, 0x9D, 0x3F, 0xD9, 0xAC, 0xE5, 0x72, 0x75,
    0x1A, 0xE9, 0xC9, 0x0E, 0x06, 0x5A, 0xF4, 0x57, 0x5E, 0xEB, 0x4B, 0x5E, 0x0D, 0xAA, 0x97, 0x63,
    0x99, 0x28, 0x1F, 0xFD, 0x50, 0x67, 0x40, 0x3A, 0xA4, 0xD6, 0x39, 0x28, 0x6C, 0xA5, 0x3A, 0xF7,
    0x87, 0xA3, 0x2E, 0xA8, 0xAE, 0x83, 0xE3, 0x74, 0xE7, 0xA0, 0x78, 0x56, 0x3B, 0x58, 0xE2, 0x54,
    0x7B, 0xC1, 0x8B, 0x2B, 0x70, 0x0B, 0xEA, 0xE8, 0x17, 0x65, 0x3C, 0xE2, 0x18, 0xCA, 0xD7, 0x51,
    0xA3, 0x1A, 0x28, 0xD8, 0xCD, 0x67, 0xF8, 0xF8, 0x11, 0xFB, 0xE7, 0x3F, 0xEB, 0xB1, 0x54, 0x54,
    0xE8, 0x1B, 0x64, 0x16, 0xEE, 0xE6, 0x2E, 0x75, 0xFD, 0xEC, 0x12, 0x7B, 0xDD, 0x0C, 0x83, 0x31,
    0x12, 0x46, 0xBE, 0x48, 0x17, 0xD9, 0x22, 0x59, 0xE0, 0x0A, 0x40, 0xA6, 0x48, 0x14, 0x79, 0x22,
    0x4D, 0x64, 0x49, 0x49, 0x22, 0x47, 0xA4, 0x88, 0x0C, 0x91, 0x20, 0xF2, 0x43, 0x7A, 0xC8, 0x0E,
    0xC9, 0x21, 0x37, 0xA4, 0x46, 0x99, 0x89, 0xC9, 0x35, 0xE3, 0xA8, 0xA5, 0x28, 0xBE, 0xD8, 0x00,
    0xB8, 0xA7, 0xC1, 0xC9, 0xC1, 0x7C, 0x5D, 0x94, 0xE8, 0xB1, 0xED, 0xC3, 0x04, 0xAF, 0xAA, 0xA4,
    0x0B, 0xB0, 0xAA, 0xCE, 0xB2, 0xBA, 0xD6, 0xD5, 0xBD, 0x44, 0x9C, 0x72, 0xE5, 0x27, 0x3A, 0xA2,
    0x6E, 0x0D, 0xDA, 0xF3, 0x8A, 0x81, 0xBC, 0x14, 0x8F, 0xBF, 0x9E, 0xE5, 0x4E, 0x86, 0x78, 0xC2,
    0xF9, 0xE7, 0x6C, 0x00, 0x99, 0x50, 0x37, 0xF8, 0xF0, 0x59, 0xEE, 0xBC, 0x37, 0x97, 0x27, 0xB9,
    0xB4, 0x0A, 0xCD, 0xA2, 0x76, 0xA1, 0x61, 0xD4, 0x32, 0x6A, 0x1A, 0xDF, 0x19, 0x8D, 0x43, 0xEB,
    0xA8, 0x79, 0xD4, 0x3E, 0x6A, 0x20, 0xB5, 0x90, 0x9A, 0x48, 0x6D, 0xA4, 0x46, 0xF2, 0x49, 0xEE,
    0x29, 0x44, 0x46, 0x8A, 0x0B, 0x85, 0x24, 0x17, 0x91, 0x99, 0x00, 0x2D, 0x27, 0x8C, 0xFC, 0x89,
    0xB6, 0x47, 0x2F, 0x3A, 0x4D, 0xD4, 0x5D, 0x5C, 0xE4, 0xE5, 0x79, 0xEA, 0xC0, 0x17, 0xC7, 0x62,
    0xEA, 0x57, 0x35, 0x0B, 0xDC, 0xF2, 0xF1, 0xB7, 0xD0, 0x9D, 0xC8, 0x13, 0xF5, 0x70, 0x96, 0xC9,
    0xF0, 0xED, 0xD8, 0xF3, 0x2D, 0x97, 0x0E, 0x14, 0x22, 0xAD, 0xFB, 0x36, 0xF8, 0x7E, 0x59, 0xF6,
    0xE5, 0x0B, 0x6D, 0x07, 0xA1, 0x15, 0xBC, 0x22, 0x88, 0xB3, 0x89, 0xA8, 0x2D, 0x8D, 0x2C, 0x11,
    0x86, 0x3C, 0xF0, 0xAD, 0x6F, 0x1A, 0x6B, 0x31, 0x6B, 0xC7, 0xEC, 0x04, 0x2C, 0xFA, 0xCC, 0x44,
    0xAB, 0x12, 0xC5, 0x3B, 0xEA, 0x0D, 0x20, 0x56, 0x6B, 0x7A, 0xAC, 0x3F, 0xFB, 0xD7, 0x0D, 0xF6,
    0x67, 0x95, 0xE8, 0x46, 0x93, 0x0C, 0x04, 0xF0, 0xDC, 0x7F, 0x8A, 0x04, 0x5E, 0x6A, 0x23, 0xDC,
    0x0D, 0xA8, 0x00, 0x35, 0x60, 0x02, 0x81, 0xA0, 0xC0, 0x42, 0xEF, 0x77, 0xB0, 0x0F, 0xF0, 0x5B,
    0x8B, 0x45, 0xD8, 0x29, 0xBB, 0x27, 0x8D, 0x06, 0x3C, 0x02, 0x1A, 0x05, 0x50, 0xF9, 0x31, 0x77,
    0x8A, 0x46, 0xA3, 0xAC, 0x92, 0xD6, 0x85, 0x16, 0x80, 0xF9, 0xE3, 0xF2, 0x13, 0x53, 0x72, 0xBB,
    0x9E, 0xCF, 0x56, 0x5B, 0x2F, 0xBC, 0xC1, 0xD4, 0xF6, 0xE3, 0x52, 0x12, 0xDC, 0xC1, 0x1B, 0x16,
    0x4E, 0x83, 0x51, 0x07, 0x48, 0x07, 0x76, 0x7F, 0x54, 0xCF, 0x0F, 0x53, 0x3D, 0x96, 0x68, 0xF1,
    0x3D, 0x96, 0xFF, 0x39, 0x5D, 0x6F, 0xCF, 0x81, 0x89, 0x4A, 0x64, 0x87, 0x87, 0xF2, 0x5B, 0xB2,
    0x3F, 0xF7, 0x29, 0xB4, 0xF2, 0xBF, 0x26, 0xD6, 0x17, 0x61, 0xF4, 0x89, 0x3C, 0x3A, 0x81, 0xCC,
    0xDD, 0x31, 0xA6, 0x9F, 0x29, 0xC3, 0xD2, 0x19, 0x8C, 0xC6, 0xC2, 0xFA, 0x4D, 0x8F, 0x88, 0x75,
    0xDC, 0x65, 0x83, 0xCF, 0xAC, 0x76, 0xE6, 0xD6, 0x83, 0xED, 0x49, 0xD3, 0xCA, 0x21, 0x4C, 0xB2,
    0x7A, 0xFB, 0xB3, 0xF1, 0x6F, 0x7F, 0x06, 0x17, 0x9F, 0x34, 0x05, 0x16, 0xFD, 0xE1, 0xBC, 0xE9,
    0xCC, 0x62, 0xE8, 0x44, 0x1C, 0x81, 0x19, 0xB1, 0x18, 0xF4, 0x35, 0x4C, 0x2E, 0xDB, 0x3B, 0x93,
    0xE9, 0x22, 0xFA, 0xF9, 0xB9, 0xCC, 0xBF, 0x83, 0xCB, 0x23, 0x7F, 0x28, 0x21, 0xCC, 0x06, 0x87,
    0xFE, 0x74, 0xA9, 0x8C, 0x63, 0x7F, 0x46, 0xCF, 0xFD, 0xAD, 0x0F, 0xFE, 0xE1, 0xC0, 0xE7, 0xAD,
    0x33, 0x0A, 0x02, 0x09, 0x06, 0x0A, 0xE0, 0x8F, 0x3E, 0x02, 0x6A, 0xD4, 0x7A, 0x64, 0x7B, 0xF4,
    0x91, 0x5A, 0x43, 0xDD, 0x5D, 0x6D, 0x13, 0x29, 0xEB, 0xBE, 0x10, 0x2E, 0xB5, 0xF5, 0x65, 0x99,
    0x42, 0xDE, 0xC5, 0xD8, 0x5F, 0x9F, 0x38, 0xB9, 0x6E, 0xAB, 0x79, 0x94, 0x17, 0x32, 0xF1, 0x73,
    0xF3, 0x09, 0xBD, 0xB4, 0x9A, 0x77, 0xCD, 0x34, 0x6E, 0xAA, 0x79, 0xFF, 0xBD, 0x8D, 0xB7, 0xB1,
    0x94, 0x2F, 0x01, 0x99, 0x57, 0x57, 0xF3, 0xAE, 0x9D, 0x56, 0xBC, 0xAC, 0xE1, 0x0F, 0xD8, 0x7F,
    0x40, 0x42, 0x5F, 0x07, 0x16, 0xDF, 0x21, 0xFE, 0xE4, 0xFC, 0x58, 0x57, 0xF8, 0x72, 0x50, 0xAC,
    0xE5, 0x97, 0x1A, 0x2B, 0xC3, 0xB9, 0x68, 0x4C, 0x34, 0x64, 0x80, 0xBC, 0x31, 0xE1, 0x84, 0x95,
    0x82, 0x66, 0x7A, 0xDD, 0xB5, 0xF3, 0xEC, 0x97, 0xE1, 0x4F, 0x74, 0x7A, 0x5F, 0xE2, 0x45, 0xBE,
    0x54, 0x4D, 0x9B, 0xF3, 0xAA, 0xE9, 0x8F, 0x82, 0x61, 0x33, 0x33, 0x18, 0xA5, 0x1A, 0xF4, 0xA1,
    0x51, 0xB2, 0x0D, 0xD9, 0xF6, 0x07, 0xCA, 0x95, 0x6F, 0x7F, 0xAE, 0x9C, 0x8C, 0x1B, 0x52, 0xBE,
    0x3D, 0x50, 0xAE, 0xAC, 0x2F, 0xB4, 0x2F, 0xBC, 0x2F, 0xC4, 0x2F, 0xCC, 0x2F, 0xD4, 0x2F, 0xDC,
    0x2F, 0xE4, 0x2F, 0xEC, 0x2F, 0xF4, 0x2F, 0xFC, 0xAB, 0x01, 0xD4, 0x02, 0x9F, 0x4E, 0xD5, 0x94,
    0xD6, 0x58, 0xBD, 0x87, 0x30, 0x6C, 0xDD, 0xA2, 0x02, 0x42, 0x71, 0x1A, 0xC5, 0xD0, 0x2A, 0xD0,
    0x82, 0x14, 0x05, 0xDE, 0x27, 0x69, 0x19, 0x43, 0xD3, 0x18, 0xDA, 0x46, 0x8D, 0xA3, 0xD6, 0x51,
    0xF3, 0xA8, 0x7D, 0x60, 0xA0, 0xEB, 0xF6, 0xE9, 0xFE, 0x85, 0x7D, 0x3A, 0x7D, 0x66, 0xFC, 0x21,
    0x2B, 0x21, 0x3F, 0xC4, 0x48, 0x4E, 0x88, 0xA3, 0x47, 0x23, 0x83, 0xAF, 0x00, 0x7B, 0x8F, 0x1E,
    0xBD, 0x47, 0xF7, 0xE9, 0xBC, 0xF6, 0x68, 0x9B, 0x9D, 0x7B, 0xB4, 0x83, 0xA6, 0xE8, 0x17, 0x8F,
    0x6E, 0x2E, 0xF1, 0x68, 0x79, 0xCE, 0xA3, 0xD3, 0xFE, 0x20, 0x54, 0x7D, 0x10, 0x2C, 0x90, 0xBF,
    0x00, 0x40, 0x14, 0x8A, 0x5F, 0x6D, 0xFF, 0xAB, 0x3E, 0x4B, 0xBA, 0x45, 0xCD, 0x80, 0x7A, 0xC2,
    0x82, 0x99, 0x99, 0x34, 0xBA, 0xB4, 0x60, 0xE2, 0x88, 0x75, 0x70, 0x6F, 0xD6, 0xC7, 0x20, 0x6E,
    0xEF, 0xCC, 0xBE, 0xE4, 0x61, 0x34, 0xC7, 0x35, 0xDB, 0x48, 0xB0, 0xDD, 0xC8, 0x16, 0xFB, 0x8D,
    0x6D, 0x32, 0xBB, 0x36, 0x96, 0x96, 0xAA, 0xA5, 0xAE, 0xC5, 0xB1, 0xDC, 0x4C, 0xDA, 0xBC, 0x77,
    0x6D, 0xF1, 0xB4, 0x2D, 0xAC, 0xB6, 0x55, 0x67, 0xEA, 0xB6, 0xAE, 0xDA, 0xBA, 0x71, 0xAD, 0x14,
    0xAD, 0xB8, 0xF6, 0xCD, 0xB9, 0x78, 0x13, 0x8B, 0xC9, 0x27, 0x53, 0xF1, 0x33, 0x31, 0xAE, 0x1D,
    0x8B, 0x9F, 0xC3, 0xC2, 0x3F, 0x1D, 0x8A, 0x5F, 0x8E, 0xAE, 0x7D, 0xC3, 0x16, 0xFF, 0x81, 0xF6,
    0xAD, 0xAE, 0x78, 0x63, 0x70, 0xAD, 0xE3, 0xE9, 0x2D, 0xAB, 0xAD, 0x74, 0x68, 0xCB, 0x42, 0x5A,
    0xB4, 0xBA, 0x03, 0x8B, 0x67, 0x1F, 0x7A, 0xC9, 0xA8, 0xAB, 0x7D, 0x6D, 0xFD, 0x21, 0x4F, 0xBF,
    0x90, 0x0A, 0xC9, 0x12, 0x02, 0xAB, 0x1E, 0x6C, 0x65, 0x53, 0x58, 0x52, 0x22, 0x0D, 0xB8, 0x0D,
    0x36, 0xFF, 0xF9, 0x1A, 0x65, 0xC3, 0xD9, 0xF6, 0xF8, 0x8C, 0x6E, 0x99, 0xF7, 0x15, 0xCC, 0x54,
    0x58, 0x67, 0x57, 0x29, 0xAB, 0xAE, 0xB0, 0x99, 0x94, 0xB0, 0x62, 0xE1, 0x9A, 0x9D, 0x6B, 0xEA,
    0xAF, 0x89, 0xEB, 0xB1, 0xAE, 0xEE, 0xA3, 0x91, 0xEA, 0xBB, 0x93, 0x4B, 0xFC, 0xE7, 0xEA, 0x7B,
    0x4E, 0xA0, 0x77, 0xC7, 0xEA, 0xB5, 0x81, 0xCD, 0xBF, 0x58, 0x53, 0x7C, 0xD0, 0x57, 0x8F, 0xB1,
    0x46, 0xB4, 0x95, 0xE3, 0x25, 0x97, 0xAE, 0x12, 0x34, 0x4D, 0x25, 0xA5, 0x36, 0x7C, 0x27, 0xB9,
    0x9A, 0xD1, 0x68, 0xB1, 0x5B, 0x3F, 0x2C, 0xA3, 0xF9, 0x6C, 0xB9, 0xF8, 0x80, 0x0F, 0x87, 0xEC,
    0xC2, 0x99, 0xAB, 0x20, 0x3E, 0x51, 0x4E, 0x54, 0xAC, 0x3E, 0x47, 0xEE, 0x71, 0xB0, 0x2E, 0x4F,
    0x1F, 0x43, 0xC1, 0x4F, 0xB7, 0x50, 0xB3, 0x21, 0x1B, 0x39, 0x4D, 0x38, 0x70, 0xC6, 0x49, 0x46,
    0x69, 0x94, 0x92, 0x48, 0x66, 0x80, 0x16, 0x01, 0x78, 0x6E, 0x78, 0x9B, 0x2C, 0xFB, 0x3C, 0xF9,
    0xE2, 0x35, 0x9E, 0xBE, 0x04, 0xC0, 0xDB, 0x79, 0x51, 0xE3, 0x18, 0x63, 0xDA, 0x7B, 0x60, 0x5E,
    0x5E, 0x17, 0x3E, 0x4C, 0x7A, 0xDA, 0xBD, 0x2A, 0x37, 0x27, 0xAA, 0xE1, 0x77, 0xBA, 0x21, 0x43,
    0x87, 0xF3, 0x53, 0x8B, 0x1E, 0x88, 0xC6, 0x58, 0x39, 0x36, 0x7E, 0x17, 0xCC, 0x86, 0xDC, 0x22,
    0x31, 0x2F, 0x3A, 0x87, 0x63, 0xDD, 0x00, 0x21, 0x62, 0x32, 0xA9, 0x64, 0xF3, 0xEA, 0x61, 0x1D,
    0x88, 0x96, 0xD8, 0x6D, 0xDE, 0xDA, 0x8E, 0xC5, 0x57, 0x0A, 0x52, 0x19, 0x7C, 0x72, 0x53, 0x48,
    0x03, 0xA4, 0xC3, 0x04, 0x2A, 0xE9, 0xEF, 0xB9, 0xFF, 0x39, 0xA9, 0xAB, 0x1D, 0x38, 0x6F, 0x14,
    0x60, 0x76, 0xF3, 0xF7, 0xE6, 0x4F, 0xCD, 0x4D, 0x60, 0x7F, 0x73, 0xDA, 0xA9, 0xF1, 0x1B, 0x80,
    0xF5, 0x85, 0xA7, 0x9D, 0xB0, 0x9E, 0x47, 0x75, 0x7C, 0x39, 0xFB, 0xA5, 0x7B, 0x4C, 0xD2, 0x02,
    0xF9, 0xD3, 0xF5, 0x1B, 0x8B, 0x55, 0xBF, 0xDA, 0x70, 0xD1, 0xDA, 0xE0, 0xF9, 0x59, 0xDF, 0xE2,
    0x92, 0x8B, 0xD3, 0xF9, 0x11, 0x60, 0xB1, 0xAB, 0xAA, 0xE2, 0x3F, 0xDD, 0x3D, 0xE1, 0x80, 0x03,
    0x8B, 0x24, 0x3D, 0xD1, 0x2A, 0xEA, 0x69, 0x27, 0x60, 0x2A, 0x25, 0x0D, 0xB0, 0xBD, 0x7B, 0x66,
    0xD7, 0x03, 0x45, 0xFB, 0xD0, 0xA3, 0xCA, 0x2D, 0x38, 0xAD, 0x5F, 0x54, 0xC4, 0x5A, 0x20, 0xD6,
    0xAB, 0xDF, 0x97, 0xC6, 0x2B, 0x54, 0x8C, 0x4A, 0xC9, 0x79, 0xD9, 0x58, 0x76, 0xEB, 0x8B, 0x5B,
    0x69, 0x4B, 0x8C, 0xB7, 0x44, 0x30, 0x99, 0x88, 0x23, 0xBA, 0x07, 0x42, 0x88, 0xDD, 0xEA, 0x40,
    0xB3, 0x5D, 0x61, 0x4B, 0x89, 0x6E, 0x3A, 0xDB, 0xE1, 0x70, 0xE8, 0x21, 0xF5, 0x90, 0x4C, 0x7A,
    0x44, 0x63, 0xCB, 0x2C, 0x89, 0x25, 0xAF, 0xA4, 0x55, 0x59, 0x4D, 0x85, 0xB4, 0x91, 0x52, 0x32,
    0x4A, 0x42, 0xD7, 0xFF, 0x2E, 0x96, 0xC2, 0x90, 0x4B, 0xA5, 0x92, 0x4C, 0x92, 0x48, 0xF2, 0xB8,
    0x3D, 0xD7, 0x84, 0x52, 0x89, 0xC9, 0xB6, 0xE7, 0x9A, 0xF0, 0x20, 0xDC, 0x6C, 0x32, 0xC3, 0x33,
    0xC4, 0xCD, 0x70, 0x0E, 0xA0, 0xA7, 0xC4, 0xB3, 0x41, 0x08, 0xC3, 0x30, 0xD5, 0x6A, 0x4A, 0xC9,
    0xC4, 0x90, 0xE2, 0xCF, 0xDF, 0x75, 0xF3, 0xB7, 0x11, 0x11, 0x49, 0x71, 0x06, 0x85, 0xE6, 0x1F,
    0x98, 0xE2, 0xFC, 0x94, 0xEA, 0x31, 0xE9, 0x6C, 0x28, 0x35, 0xA2, 0xEB, 0x97, 0xFF, 0x1F, 0x27,
    0x99, 0xFF, 0x0F, 0x7C, 0x96, 0x21, 0x8C, 0xE3, 0x56, 0x13, 0xC7, 0xC7, 0xB6, 0xBE, 0xCF, 0xC0,
    0x52, 0x8D, 0x8E, 0x6C, 0x41, 0xF8, 0x91, 0x70, 0xF4, 0x22, 0x1D, 0x2C, 0xED, 0x72, 0x5A, 0x95,
    0x94, 0x23, 0x5B, 0x2A, 0x97, 0x8E, 0x94, 0x2F, 0x28, 0xB8, 0x5B, 0x0E, 0x2B, 0x39, 0x2A, 0x2D,
    0xB1, 0x2A, 0x95, 0x5B, 0x3A, 0x50, 0x78, 0x4F, 0xAA, 0x81, 0xA5, 0x73, 0x32, 0x9D, 0x9F, 0x66,
    0xFC, 0x14, 0x70, 0xEA, 0x68, 0xF3, 0x66, 0xC6, 0xC9, 0xF8, 0xCD, 0xFC, 0xFE, 0x2F, 0xDE, 0xC8,
    0x83, 0xFD, 0xE4, 0x4E, 0xC3, 0x5D, 0x1E, 0xB2, 0x0A, 0x77, 0xBE, 0xB7, 0x37, 0x91, 0x5A, 0x55,
    0x37, 0x91, 0x93, 0xB9, 0xAB, 0xC8, 0x60, 0x8E, 0xB7, 0x75, 0xD2, 0x51, 0x1A, 0x5D, 0x5A, 0xBB,
    0xD8, 0xEB, 0x58, 0xEB, 0x2C, 0xA7, 0xBB, 0x88, 0x2E, 0x92, 0x76, 0x77, 0x56, 0x33, 0x65, 0x19,
    0x32, 0xCE, 0xFE, 0x70, 0x5C, 0xE7, 0xF5, 0xE8, 0x66, 0x5C, 0xAD, 0x57, 0x5C, 0x83, 0xCB, 0xD2,
    0xEA, 0x85, 0x0F, 0xF7, 0x6A, 0xDB, 0x6D, 0x92, 0xAC, 0x87, 0x74, 0xAF, 0x8F, 0x1E, 0xB2, 0x48,
    0xE7, 0xAD, 0xD4, 0xAA, 0xB6, 0x23, 0x2D, 0x2D, 0xB8, 0xEA, 0xA3, 0x14, 0xC3, 0xBE, 0xBD, 0xB2,
    0x0E, 0xAC, 0x92, 0xCA, 0xCA, 0x95, 0x98, 0xB6, 0xD6, 0xBF, 0xD5, 0x86, 0x54, 0xEE, 0xAC, 0xDC,
    0xB1, 0x51, 0xD6, 0x5E, 0x7F, 0x66, 0x98, 0x5B, 0x0C, 0xE1, 0x33, 0xF8, 0x08, 0x3E, 0xC1, 0xB4,
    0x44, 0xD7, 0xAC, 0xFC, 0x79, 0xF7, 0x8D, 0xD2, 0x35, 0x4D, 0x27, 0xD5, 0x9D, 0x1B, 0xEB, 0x2A,
    0xD2, 0x7B, 0xAB, 0xDE, 0xE9, 0x13, 0x88, 0x1F, 0xAD, 0xFA, 0x4D, 0xB0, 0xE6, 0xF6, 0x15, 0xD7,
    0xED, 0xF2, 0x3A, 0xCA, 0xD3, 0xB4, 0x72, 0xFB, 0xA4, 0xD7, 0xDA, 0x80, 0xA7, 0x55, 0xD8, 0x66,
    0xC8, 0xE6, 0x84, 0x46, 0x5A, 0x05, 0xA1, 0x74, 0xB8, 0xAB, 0x74, 0x77, 0xC1, 0xF5, 0x37, 0xA9,
    0x70, 0xBB, 0x50, 0x73, 0xDA, 0x85, 0x9A, 0xB3, 0x39, 0xC6, 0xDD, 0x70, 0xDC, 0xA8, 0x75, 0x47,
    0x4D, 0xCA, 0xD4, 0x98, 0xA3, 0x06, 0x77, 0xC2, 0xAD, 0x8C, 0xCF, 0x6B, 0xC8, 0xAE, 0xC0, 0x52,
    0x4E, 0x41, 0x6F, 0xEE, 0x22, 0x00, 0xA3, 0x57, 0x99, 0x34, 0x7F, 0x4D, 0x81, 0x7A, 0x67, 0x6D,
    0x59, 0xA5, 0x79, 0x88, 0xBB, 0x8D, 0xF5, 0x94, 0xEB, 0x57, 0x79, 0xD2, 0xB9, 0x51, 0x43, 0x75,
    0x69, 0x95, 0x9D, 0xBA, 0xBB, 0xF7, 0x12, 0xAD, 0x0C, 0xAC, 0x36, 0x26, 0xCD, 0xEB, 0x42, 0xEF,
    0x3A, 0xD3, 0x17, 0x40, 0x72, 0xA5, 0xAC, 0x4C, 0x38, 0xE4, 0xC6, 0xD6, 0x29, 0x77, 0x28, 0xB0,
    0x26, 0xC8, 0xA8, 0x72, 0x78, 0x54, 0x19, 0x4E, 0xFF, 0xB9, 0xD3, 0xF8, 0x3B, 0x6B, 0xB5, 0xFA,
    0x55, 0x1E, 0xEC, 0x3C, 0x57, 0x1A, 0x21, 0xED, 0x74, 0xB7, 0x92, 0xF4, 0xBB, 0xED, 0x12, 0xC6,
    0x94, 0x73, 0x49, 0x6A, 0x06, 0x2F, 0xC6, 0xF8, 0xC5, 0x9E, 0xBF, 0x2F, 0x61, 0x58, 0xAB, 0xFA,
    0x1E, 0x58, 0x60, 0xC2, 0xDD, 0x3D, 0xD9, 0x71, 0x70, 0x3C, 0x95, 0x44, 0xB3, 0x9C, 0x3D, 0xF1,
    0x6B, 0x24, 0xAB, 0x75, 0x78, 0xAB, 0x28, 0x95, 0x16, 0xF6, 0x69, 0x17, 0x66, 0xE3, 0xEB, 0x46,
    0x62, 0x5E, 0x98, 0x8E, 0x65, 0xF3, 0x64, 0x02, 0xEF, 0xB0, 0x92, 0x48, 0x45, 0x3D, 0x27, 0x16,
    0x2A, 0x0D, 0xF5, 0xA2, 0x9E, 0xF4, 0x7A, 0xF5, 0xA4, 0xD7, 0xA8, 0x07, 0x2E, 0xC9, 0xC4, 0x5E,
    0xB5, 0xCE, 0x24, 0x95, 0x6E, 0x24, 0x74, 0xA9, 0x51, 0xCF, 0xD7, 0xF3, 0x7C, 0x8F, 0x7A, 0x92,
    0x44, 0xA3, 0x3E, 0xE8, 0xC8, 0xE6, 0x03, 0xF5, 0xEC, 0xC1, 0xE6, 0xD4, 0xD3, 0xAC, 0xE5, 0xA6,
    0x4F, 0x8E, 0x64, 0xD0, 0x6B, 0x47, 0x3D, 0x09, 0x87, 0xA8, 0x4C, 0x0D, 0xA3, 0xE4, 0x09, 0xD7,
    0xB2, 0x0C, 0x9E, 0x24, 0x85, 0x38, 0x82, 0x6E, 0x24, 0x34, 0xA2, 0x0E, 0x27, 0xAC, 0x5B, 0xF9,
    0x4A, 0x07, 0xF0, 0x5B, 0xAD, 0x97, 0xC0, 0x5E, 0x6B, 0x5F, 0xA8, 0x0B, 0x05, 0x01, 0x5D, 0x26,
    0x9D, 0x3D, 0xE6, 0x58, 0xC3, 0x32, 0x64, 0xF8, 0xDF, 0xB3, 0x14, 0xE2, 0x58, 0x00, 0x7F, 0x7A,
    0x7D, 0xFD, 0x70, 0xF0, 0x4E, 0xDE, 0xD2, 0x56, 0x62, 0x68, 0x97, 0xD8, 0x61, 0x0F, 0xCA, 0x5E,
    0x5A, 0xC0, 0x17, 0xD4, 0xCC, 0xED, 0xA4, 0xD9, 0xB2, 0x80, 0x96, 0x61, 0x2F, 0x9C, 0x85, 0x52,
    0xC7, 0x4C, 0x69, 0xA1, 0xDC, 0xE9, 0x58, 0x20, 0x9F, 0xB5, 0x30, 0xA6, 0xF4, 0x40, 0x2C, 0x9A,
    0x0B, 0xE1, 0x46, 0xE7, 0x02, 0xB8, 0xD7, 0xBF, 0x9E, 0x0F, 0xBE, 0x80, 0x3D, 0xF0, 0x26, 0xE2,
    0xA0, 0x5B, 0xE2, 0x85, 0x15, 0x60, 0xD8, 0xDB, 0x97, 0x82, 0x76, 0xCA, 0xED, 0x6E, 0x64, 0x3D,
    0x6C, 0x00, 0x8B, 0x69, 0x76, 0xAE, 0x84, 0x0B, 0x58, 0x89, 0x2A, 0x73, 0x89, 0x8F, 0xFA, 0x50,
    0x6F, 0x80, 0xEA, 0x73, 0x88, 0xBF, 0xFD, 0x4E, 0xAF, 0x8E, 0xB4, 0xD7, 0x4F, 0x3A, 0x06, 0x45,
    0xFD, 0xA2, 0x17, 0x0F, 0xD5, 0x0C, 0xED, 0x79, 0x4E, 0x45, 0xC8, 0xB3, 0x6A, 0x4E, 0x77, 0xEE,
    0x02, 0xBD, 0xCB, 0x19, 0x5D, 0x75, 0x04, 0xD8, 0x79, 0x67, 0x1E, 0x64, 0x23, 0x84, 0x07, 0xB8,
    0x08, 0x35, 0x23, 0x14, 0x7F, 0x46, 0xC3, 0xC3, 0x55, 0xA8, 0x42, 0xB2, 0x94, 0x21, 0x4C, 0x88,
    0x68, 0x54, 0x11, 0x6A, 0xAE, 0x34, 0x13, 0x6E, 0xB6, 0x91, 0x77, 0x9C, 0xEE, 0x27, 0x9D, 0x7B,
    0xFD, 0xE5, 0xD9, 0x51, 0x5D, 0x83, 0x20, 0x21, 0x39, 0x7D, 0xDC, 0x74, 0x74, 0x66, 0xB5, 0x66,
    0x1D, 0x07, 0x7F, 0x24, 0xBE, 0x91, 0x62, 0xAD, 0xEB, 0x25, 0x68, 0xC3, 0xF2, 0x18, 0xD0, 0xC3,
    0xC9, 0x96, 0x13, 0x35, 0x8C, 0x45, 0xE7, 0x2C, 0x4C, 0xC1, 0x12, 0x41, 0x3C, 0x88, 0x69, 0x8D,
    0x4E, 0x91, 0x61, 0x15, 0x5A, 0xF7, 0x39, 0xB5, 0x04, 0x8B, 0xB0, 0xF0, 0x72, 0x25, 0x38, 0x63,
    0xE8, 0xC0, 0xCB, 0x55, 0xE0, 0x15, 0x41, 0x9C, 0xA9, 0x16, 0xB5, 0x38, 0xAC, 0xDD, 0x7F, 0x74,
    0xAA, 0xAA, 0x23, 0x9D, 0x9E, 0x14, 0x0A, 0x74, 0xCA, 0x95, 0x74, 0x7C, 0x41, 0x8F, 0xC0, 0xBB,
    0x14, 0x6F, 0xD0, 0x4D, 0x73, 0x70, 0xF0, 0x80, 0xC2, 0xF9, 0x08, 0xC6, 0x23, 0x90, 0x08, 0xA2,
    0xFA, 0xC4, 0x3B, 0x61, 0xD5, 0x8B, 0x7B, 0x3B, 0x74, 0xA0, 0xF4, 0x27, 0xD0, 0xA3, 0xDF, 0x9D,
    0x63, 0xB7, 0x3A, 0xC6, 0x00, 0x88, 0x25, 0xFC, 0x8F, 0x2F, 0xEE, 0x35, 0xD3, 0x1C, 0x1E, 0x82,
    0x7E, 0x64, 0xB3, 0x53, 0xD2, 0xEC, 0x90, 0xFC, 0x1B, 0x57, 0x3C, 0xF0, 0xC0, 0xC4, 0x5B, 0x00,
    0x6A, 0xDC, 0x73, 0x09, 0x22, 0x0E, 0xCE, 0xF6, 0x06, 0x19, 0x7B, 0x97, 0x76, 0xF0, 0x09, 0xAF,
    0x20, 0x72, 0x66, 0x69, 0x73, 0x64, 0xC3, 0xEA, 0xC4, 0x6C, 0x6F, 0x7C, 0xC1, 0x53, 0xFC, 0xC2,
    0x8A, 0x70, 0x8F, 0x5F, 0x9C, 0x76, 0x72, 0x22, 0x9D, 0xAA, 0xB8, 0xBF, 0xBB, 0x77, 0x62, 0xE8,
    0x48, 0xD1, 0xAB, 0xD4, 0x2F, 0xB4, 0xD3, 0xB3, 0x39, 0x07, 0xCA, 0xD6, 0x64, 0xEB, 0x9D, 0x76,
    0xE8, 0x30, 0x07, 0x9B, 0xE4, 0xEB, 0x06, 0x9D, 0x61, 0x13, 0x8D, 0xDF, 0x36, 0x16, 0x38, 0x0F,
    0xA7, 0x61, 0x9B, 0x5B, 0x6A, 0xAB, 0xA5, 0x36, 0xB4, 0x05, 0x4E, 0xC1, 0x19, 0x38, 0x01, 0x9F,
    0xDF, 0xA7, 0xF7, 0xD9, 0xD9, 0x8A, 0x0D, 0xD9, 0x9F, 0xA9, 0x77, 0x78, 0x5B, 0xCA, 0xC4, 0x9B,
    0xE3, 0x67, 0x8D, 0x59, 0x11, 0xA0, 0xCC, 0xD9, 0xB2, 0x76, 0x36, 0xAB, 0x4F, 0xCA, 0x7A, 0x63,
    0xD5, 0xB5, 0xCC, 0xD8, 0x71, 0x98, 0x5D, 0x93, 0xDE, 0xEA, 0x1B, 0x1A, 0x22, 0xCC, 0xD2, 0xB8,
    0x32, 0x84, 0xAD, 0x8B, 0x73, 0xD2, 0x8D, 0xE6, 0xD0, 0xE7, 0xAC, 0x3B, 0x18, 0x90, 0x26, 0x11,
    0xDE, 0x22, 0xB4, 0x4B, 0xBC, 0x61, 0xE1, 0x17, 0x9B, 0x02, 0x48, 0x22, 0xC3, 0x27, 0x46, 0xE1,
    0x4F, 0x26, 0x1E, 0x51, 0x9B, 0x80, 0x4B, 0xFF, 0x34, 0x11, 0x57, 0x0F, 0xAF, 0x16, 0x66, 0xC0,
    0x55, 0x16, 0x2E, 0x43, 0xE6, 0xB4, 0x5B, 0x47, 0x53, 0x9E, 0x40, 0x48, 0x1B, 0x43, 0xD6, 0x08,
    0x2F, 0x69, 0x8B, 0x5F, 0xB7, 0xDC, 0x15, 0xA2, 0x8B, 0xB4, 0x10, 0x53, 0xB0, 0x0A, 0x6A, 0xA9,
    0xC2, 0xD6, 0x8F, 0x52, 0xCC, 0xC3, 0x61, 0x8F, 0x79, 0x76, 0x73, 0x0C, 0x61, 0xF3, 0x44, 0xC8,
    0x3C, 0xEC, 0xED, 0xF3, 0x70, 0xAA, 0x35, 0xE6, 0xC9, 0x16, 0x82, 0x5F, 0xC2, 0xD0, 0xE0, 0xB0,
    0x61, 0x77, 0x0F, 0xF2, 0xCD, 0x03, 0xF6, 0xCB, 0x25, 0xD4, 0xA5, 0x84, 0x7A, 0x2D, 0x61, 0xB9,
    0x57, 0x1B, 0xEF, 0x87, 0xFD, 0x50, 0xA2, 0x46, 0x8B, 0x2C, 0x1D, 0x0D, 0xBB, 0x2C, 0xBD, 0x5E,
    0x5C, 0x16, 0x6F, 0x38, 0x64, 0xE1, 0xC7, 0x6D, 0xC8, 0x82, 0x85, 0x2C, 0x58, 0xC8, 0xF2, 0xF4,
    0xA1, 0xC8, 0x02, 0xEA, 0x90, 0x25, 0x6D, 0x45, 0x96, 0x61, 0x2D, 0xB2, 0x4C, 0xB9, 0xC8, 0xA2,
    0xF9, 0x90, 0x85, 0x30, 0x64, 0x81, 0x7A, 0xC8, 0xC2, 0x29, 0x0B, 0x59, 0xA0, 0x1E, 0xB2, 0x80,
    0x3A, 0x64, 0x21, 0x0C, 0x59, 0xA0, 0x1E, 0xB2, 0x70, 0x8A, 0x42, 0x16, 0x3A, 0x0E, 0x59, 0x40,
    0xED, 0xB2, 0xF0, 0x66, 0xC8, 0x02, 0xF5, 0x90, 0x05, 0xEA, 0x21, 0x0B, 0x1D, 0x87, 0x2C, 0xCC,
    0x13, 0xC6, 0x9B, 0x61, 0xCC, 0x13, 0xC6, 0x3C, 0x45, 0xA1, 0x23, 0xAC, 0x3F, 0x17, 0xEC, 0x35,
    0xB2, 0x94, 0xF0, 0x52, 0xC2, 0x7B, 0xA9, 0x7A, 0x54, 0xE8, 0xFF, 0xEF, 0xDD, 0xD3, 0x93, 0x5B,
    0xD9, 0xBF, 0x9C, 0x84, 0xB2, 0xF7, 0xF9, 0xA1, 0xB0, 0xD8, 0xDB, 0x91, 0xCB, 0xAF, 0xA3, 0xA4,
    0xDF, 0x6D, 0x10, 0xB0, 0x4D, 0x7F, 0x70, 0x28, 0x09, 0x3E, 0xC7, 0x41, 0x55, 0xB3, 0x11, 0x60,
    0x7A, 0xB3, 0xB4, 0x55, 0x7E, 0x96, 0xF8, 0x13, 0xA2, 0xD6, 0x6C, 0x41, 0xCF, 0xE7, 0x67, 0x7F,
    0x5A, 0xF8, 0x07, 0x8C, 0x98, 0xA5, 0xFE, 0xCC, 0x20, 0x05, 0xBF, 0xE3, 0xF6, 0x67, 0x26, 0x48,
    0xD3, 0xC6, 0x6A, 0x1F, 0x18, 0x2C, 0x80, 0x21, 0x68, 0x4E, 0x10, 0x44, 0xDD, 0x73, 0x04, 0xAC,
    0x3C, 0x51, 0x16, 0xD6, 0x61, 0x35, 0x89, 0xFD, 0x1F, 0x3A, 0x9D, 0xC6, 0xC1, 0x7C, 0x0C, 0xCA,
    0x73, 0x12, 0xEB, 0x83, 0xDF, 0x37, 0x93, 0x1E, 0x17, 0x6E, 0x47, 0xB0, 0x1F, 0x41, 0x7E, 0xF8,
    0x6C, 0xB1, 0xE6, 0x5E, 0x91, 0x57, 0xFA, 0x1D, 0x05, 0xC7, 0x2F, 0xA0, 0xA4, 0x33, 0xEE, 0x1C,
    0x8F, 0x69, 0xDE, 0x2A, 0xF6, 0xF4, 0xD1, 0xF1, 0xAB, 0x8B, 0xEC, 0x4E, 0x35, 0x74, 0xF4, 0x7B,
    0xEA, 0x85, 0xB2, 0x5D, 0x71, 0xFD, 0xA6, 0x23, 0xF7, 0xCA, 0x8A, 0x4B, 0x8B, 0xE2, 0x38, 0xDC,
    0xEC, 0x8A, 0xE3, 0xF8, 0xE2, 0x5A, 0x15, 0x9C, 0x11, 0xC2, 0x9D, 0x54, 0x75, 0xFE, 0xB7, 0x9C,
    0x2B, 0x80, 0xB8, 0x24, 0xCB, 0xCE, 0x55, 0xF5, 0xD2, 0xFF, 0x8B, 0x79, 0xA2, 0x82, 0x34, 0xC9,
    0x6C, 0xA8, 0x05, 0xB0, 0x41, 0x01, 0x04, 0x6C, 0xD5, 0xCE, 0x02, 0x82, 0x34, 0xFA, 0x17, 0x04,
    0x0B, 0x20, 0x03, 0x0D, 0x10, 0xC8, 0xD6, 0xCB, 0x0C, 0x16, 0x8B, 0x6D, 0x04, 0x00, 0x83, 0x41,
    0xCF, 0x5B, 0x4C, 0x10, 0x04, 0x9B, 0x54, 0x65, 0x06, 0x41, 0xB0, 0x95, 0x8D, 0x80, 0xC0, 0xB3,
    0x36, 0x30, 0x83, 0x2E, 0xA3, 0xC6, 0x54, 0xF7, 0x56, 0xD5, 0xC9, 0xFD, 0xBE, 0xEF, 0xD6, 0xBB,
    0x77, 0xFE, 0x7F, 0x26, 0x7A, 0x7B, 0x92, 0x4E, 0x77, 0xE7, 0xAD, 0xFE, 0x6E, 0x99, 0xE9, 0xA9,
    0x7B, 0xEE, 0x3D, 0xE7, 0x9E, 0x7B, 0xCE, 0x39, 0x5F, 0x2D, 0xA6, 0xE1, 0xD0, 0x98, 0x62, 0x65,
    0x0E, 0xD4, 0xDD, 0x19, 0xFB, 0xAE, 0x20, 0x15, 0xA6, 0x46, 0xD3, 0x6D, 0xB8, 0x9B, 0x18, 0xAA,
    0x89, 0x43, 0xF2, 0xC6, 0x7B, 0xE9, 0x09, 0x29, 0x1A, 0x52, 0xFF, 0xDD, 0x5C, 0x4C, 0x98, 0xAC,
    0x65, 0x34, 0xC1, 0x3D, 0x94, 0xBC, 0xED, 0x0C, 0x2C, 0x83, 0xE5, 0x6E, 0xA6, 0xF8, 0xD6, 0x23,
    0xEC, 0xC1, 0xA7, 0x8A, 0xE3, 0x78, 0x2C, 0x78, 0xD6, 0x7F, 0x61, 0x0C, 0x93, 0x35, 0x5B, 0xC5,
    0xC9, 0x1A, 0xE5, 0xD5, 0xBC, 0x84, 0x7D, 0x3A, 0xDD, 0x5D, 0x30, 0x03, 0x32, 0xAB, 0xB3, 0xB1,
    0xF0, 0xE1, 0xBF, 0x56, 0x86, 0xD7, 0x7F, 0x41, 0x7F, 0xF3, 0x2E, 0xCC, 0x5E, 0xF9, 0x1C, 0xF7,
    0x6C, 0xBF, 0xEE, 0x97, 0x72, 0xDA, 0x19, 0xDE, 0x81, 0xA4, 0x50, 0xA7, 0xD1, 0x47, 0xB2, 0x5A,
    0x1B, 0xAB, 0x10, 0x2A, 0x3A, 0x60, 0x9E, 0x54, 0x71, 0x11, 0xB3, 0xE4, 0x1D, 0x83, 0x75, 0x6E,
    0x29, 0xF7, 0x07, 0x69, 0x31, 0xF3, 0x87, 0x99, 0xE7, 0x1B, 0x72, 0xF3, 0x75, 0xD5, 0xC8, 0xE3,
    0x7C, 0xEB, 0x75, 0xDC, 0x36, 0xEE, 0x1A, 0x37, 0x8D, 0x7B, 0xA6, 0x2D, 0x33, 0x65, 0x66, 0xB7,
    0xF7, 0xEB, 0xF4, 0x90, 0x6A, 0x15, 0x50, 0x18, 0x4A, 0x42, 0x51, 0x28, 0x0B, 0x81, 0x12, 0x51,
    0x1C, 0xCA, 0x43, 0x81, 0x08, 0x14, 0x8B, 0x32, 0x51, 0x28, 0x4A, 0x45, 0xA0, 0x6C, 0xC1, 0x25,
    0x24, 0x2D, 0x84, 0xF8, 0x58, 0xC9, 0x22, 0xFF, 0x3B, 0xDA, 0xF5, 0x96, 0xC5, 0x45, 0xE9, 0xF0,
    0x2A, 0x83, 0x54, 0x9A, 0x3F, 0xCB, 0x84, 0x7C, 0xA9, 0x47, 0x95, 0x9E, 0x03, 0x0B, 0x3D, 0x39,
    0xEB, 0x3C, 0xE5, 0x0C, 0x54, 0x95, 0x47, 0x9B, 0xD1, 0x12, 0x15, 0x7D, 0x46, 0xD8, 0x3B, 0xA4,
    0x3F, 0xC6, 0x29, 0x54, 0x75, 0x47, 0xC5, 0x1D, 0xD5, 0x76, 0x54, 0xDA, 0x51, 0x65, 0x87, 0x85,
    0x1D, 0xD5, 0x75, 0x54, 0xD6, 0x51, 0x4D, 0xE1, 0x1B, 0x1A, 0x25, 0xDF, 0x53, 0xF2, 0x78, 0x33,
    0xDB, 0x79, 0xA1, 0x65, 0x9E, 0xEC, 0xF6, 0xFE, 0x97, 0x5F, 0xB9, 0xFF, 0x2C, 0xF6, 0xBC, 0x97,
    0x6D, 0x45, 0x0D, 0x87, 0xAA, 0xF4, 0xA8, 0xD0, 0xA3, 0x3A, 0x8F, 0xCA, 0x3C, 0xAA, 0xF2, 0xA8,
    0xC8, 0xA3, 0x1A, 0x8F, 0x4A, 0x3C, 0x25, 0x50, 0x05, 0x1E, 0xD6, 0x77, 0x80, 0x37, 0x2A, 0x2A,
    0xC0, 0x62, 0x3B, 0x81, 0x3A, 0x84, 0x2A, 0xEC, 0x14, 0xDA, 0x93, 0x6D, 0x7F, 0x16, 0x15, 0x75,
    0xFE, 0x27, 0xF6, 0x1F, 0x45, 0x9E, 0x47, 0x5E, 0xB0, 0x17, 0x59, 0xE4, 0x41, 0x3E, 0x7F, 0x5D,
    0xD3, 0x94, 0x8F, 0xD4, 0xD2, 0x8D, 0xDA, 0xDB, 0x3F, 0x24, 0x3F, 0x84, 0xFC, 0x2A, 0x04, 0xA6,
    0xC0, 0x95, 0xB5, 0xCF, 0xBF, 0x4F, 0xFE, 0xF2, 0x55, 0xD0, 0x88, 0x7E, 0xF0, 0xAE, 0x29, 0x20,
    0x39, 0x9D, 0x7C, 0x9A, 0x94, 0xD4, 0xEE, 0x7F, 0x87, 0x21, 0x77, 0xAF, 0x1D, 0xCB, 0xD1, 0xA9,
    0xA3, 0x74, 0x4F, 0x43, 0x79, 0x4E, 0xAE, 0xEA, 0xAB, 0xFA, 0x86, 0x5A, 0x28, 0x1C, 0x95, 0x42,
    0xA1, 0x28, 0x13, 0x35, 0x42, 0x85, 0x50, 0x1F, 0x54, 0x07, 0xB5, 0x41, 0x65, 0x70, 0x27, 0xA8,
    0x0A, 0x6A, 0x82, 0x8A, 0xA0, 0x1E, 0xA8, 0x06, 0x6A, 0x81, 0x4A, 0xD8, 0x74, 0x90, 0xF9, 0xB0,
    0x5E, 0x2E, 0x1A, 0x58, 0xF5, 0xC0, 0xF6, 0x35, 0x52, 0xC4, 0x1B, 0xEF, 0x6F, 0x01, 0x5D, 0xCB,
    0x64, 0x1B, 0x0B, 0x9E, 0xF0, 0xCF, 0x1F, 0xBE, 0x64, 0xDA, 0xB8, 0x5B, 0xDF, 0xAD, 0xB7, 0x78,
    0x22, 0xB7, 0x95, 0xEE, 0x67, 0x54, 0x06, 0x16, 0x69, 0xA3, 0x0A, 0xDA, 0x48, 0x5E, 0x39, 0x6D,
    0x64, 0x8F, 0xDC, 0x98, 0x19, 0x4C, 0xCD, 0x57, 0xB3, 0xE0, 0x02, 0xE6, 0x97, 0x4C, 0x11, 0xF9,
    0x1C, 0x82, 0xC4, 0xCC, 0x47, 0x85, 0xB5, 0x3A, 0x14, 0xAF, 0xC9, 0xB1, 0xA0, 0x70, 0x10, 0x80,
    0x01, 0x2C, 0x96, 0x3C, 0x6C, 0xC7, 0x22, 0x7D, 0xF4, 0x92, 0x69, 0x83, 0xBA, 0x80, 0xA4, 0xAD,
    0xEA, 0x8F, 0xBA, 0x5A, 0x8E, 0xC9, 0x1F, 0xEF, 0xE9, 0xBC, 0x04, 0x3D, 0x8F, 0x37, 0x43, 0xEC,
    0x12, 0xC0, 0x6A, 0x60, 0xF5, 0xF4, 0xE4, 0xA0, 0x4B, 0xED, 0x58, 0xF5, 0x3B, 0x83, 0x5C, 0x6B,
    0x52, 0xAE, 0x2D, 0xB2, 0x18, 0x46, 0x33, 0x0C, 0x66, 0x96, 0x10, 0x11, 0xA4, 0xD7, 0xEC, 0x11,
    0x1C, 0xE8, 0xB1, 0xF1, 0x97, 0x46, 0x0D, 0x71, 0xBC, 0x56, 0xDF, 0x49, 0xB8, 0x5D, 0x2C, 0xBC,
    0x56, 0xA3, 0x71, 0x18, 0x38, 0x94, 0xE7, 0x16, 0x9B, 0x9A, 0x26, 0xBF, 0xE5, 0x30, 0xCE, 0xCA,
    0x43, 0xB2, 0x52, 0x6A, 0xA8, 0x34, 0xB4, 0x1A, 0xEC, 0x31, 0x86, 0xCC, 0x3E, 0x1C, 0x79, 0xE4,
    0x4B, 0x0C, 0x87, 0xB5, 0xA0, 0x0C, 0x33, 0x87, 0x72, 0x2E, 0x66, 0xCE, 0x43, 0xCB, 0x34, 0x0C,
    0xF0, 0x0A, 0x18, 0x76, 0x34, 0x19, 0x66, 0x6A, 0xF3, 0xA5, 0x97, 0x51, 0x68, 0xC0, 0x26, 0x20,
    0x89, 0xD0, 0x60, 0xF8, 0xD1, 0x99, 0xB0, 0x3E, 0xD4, 0x61, 0xF0, 0x65, 0xC5, 0x5C, 0x91, 0x75,
    0xB9, 0x70, 0xA8, 0xF8, 0x5A, 0xAF, 0x67, 0x6D, 0xB6, 0x42, 0x33, 0x22, 0x6C, 0xE7, 0x74, 0xBA,
    0xAC, 0x6F, 0xDD, 0x4D, 0x90, 0xFD, 0xC0, 0xFF, 0x06, 0x22, 0x64, 0xC4, 0xE4, 0x51, 0xF6, 0x30,
    0xC4, 0xB8, 0xF5, 0x89, 0xB5, 0x06, 0x84, 0x09, 0xF6, 0xD4, 0x6A, 0x8A, 0xA2, 0xFA, 0xB1, 0x4A,
    0xC7, 0x28, 0xFC, 0x96, 0xD0, 0x3A, 0x0B, 0xC5, 0x8B, 0x32, 0x48, 0xA1, 0xEC, 0x1A, 0x86, 0xDF,
    0xC0, 0xBA, 0x81, 0x06, 0x4C, 0x81, 0x33, 0x2A, 0xCE, 0xD5, 0x5A, 0xB2, 0xA6, 0x0D, 0x75, 0x96,
    0xC4, 0xDC, 0x66, 0xAA, 0x96, 0x9E, 0x54, 0xA5, 0x5E, 0x86, 0x1B, 0xF7, 0x82, 0x3A, 0x0B, 0x0D,
    0x25, 0xBD, 0x90, 0x42, 0x11, 0xFD, 0xA2, 0x63, 0xDE, 0x7E, 0x69, 0x68, 0x8E, 0x7A, 0x4D, 0xF2,
    0xBA, 0x29, 0xD7, 0xAB, 0x35, 0x28, 0x37, 0x04, 0x30, 0xE9, 0xAC, 0xEC, 0x97, 0xB8, 0x10, 0x95,
    0x7C, 0xBF, 0x97, 0xBC, 0x4C, 0xCA, 0x65, 0x0E, 0xB9, 0x89, 0xDD, 0xD8, 0xBA, 0x2D, 0x8D, 0x12,
    0xCB, 0x6F, 0x7C, 0xF5, 0xEF, 0xED, 0x93, 0xE2, 0x32, 0xCA, 0x3C, 0x50, 0x41, 0xFE, 0xE1, 0xA0,
    0xC4, 0x5C, 0x9B, 0x2E, 0x37, 0xF9, 0x85, 0xF9, 0x09, 0xB6, 0x07, 0xFB, 0x17, 0x3D, 0xEC, 0xEC,
    0x27, 0x9A, 0x72, 0xBF, 0x75, 0x5E, 0xF2, 0x25, 0x97, 0x0F, 0x29, 0xA7, 0x42, 0x0F, 0xCD, 0x50,
    0xF2, 0x01, 0xDE, 0xD0, 0x7C, 0x3D, 0xBB, 0x5A, 0x31, 0xF9, 0x4E, 0x33, 0x6A, 0x26, 0xD9, 0x91,
    0x1E, 0xA4, 0x62, 0x1A, 0x98, 0x7D, 0x7E, 0x4D, 0x19, 0x32, 0x87, 0xF6, 0x9F, 0xD7, 0xF7, 0x50,
    0x29, 0x48, 0xCD, 0x94, 0xB5, 0x67, 0xFC, 0xEB, 0xC5, 0xE2, 0x1F, 0xAA, 0x59, 0xAF, 0xD4, 0xFA,
    0x1E, 0x69, 0x75, 0xB3, 0x86, 0x29, 0x54, 0x44, 0xBE, 0xEA, 0x77, 0x65, 0x67, 0x86, 0xEF, 0x36,
    0x37, 0xCC, 0xD2, 0xF9, 0x9A, 0x16, 0xC3, 0x9C, 0x7C, 0x37, 0xB3, 0xD9, 0x1B, 0xE8, 0x9E, 0x43,
    0x07, 0x53, 0x78, 0xDB, 0xFE, 0xFD, 0xCF, 0xD4, 0x0D, 0xB5, 0x39, 0x33, 0x0E, 0xB9, 0xFD, 0xDA,
    0x0D, 0x53, 0xB9, 0x66, 0xE6, 0x4E, 0x5C, 0x35, 0xF2, 0x02, 0xAD, 0xE0, 0xED, 0x69, 0xE3, 0xD6,
    0xA5, 0x4E, 0xA9, 0xAD, 0xAD, 0x2D, 0x96, 0xC7, 0xB6, 0x85, 0xAD, 0x85, 0x59, 0x87, 0x36, 0x24,
    0x34, 0xF6, 0x17, 0xDE, 0x1D, 0x7F, 0xCB, 0x1C, 0x66, 0x5B, 0xF6, 0xB6, 0xC8, 0xD2, 0x21, 0xFD,
    0x87, 0x4B, 0x82, 0x7E, 0xE5, 0xC4, 0xAE, 0xDB, 0xB7, 0xB1, 0x03, 0x3C, 0x44, 0xA1, 0x6C, 0xD7,
    0xE8, 0xFC, 0x0D, 0x30, 0x5C, 0x3B, 0x7B, 0xDC, 0x03, 0xF7, 0x66, 0x03, 0xD6, 0x88, 0xD4, 0x37,
    0x37, 0xEB, 0x6D, 0xB8, 0xF3, 0xE0, 0x09, 0xD2, 0xDD, 0x82, 0xBD, 0xBA, 0x72, 0x40, 0x40, 0xD2,
    0x0C, 0x21, 0xDD, 0x65, 0x6D, 0xC6, 0x28, 0xBA, 0x4D, 0x37, 0x5B, 0xE8, 0xCD, 0xF8, 0x36, 0x0A,
    0x13, 0x8B, 0xBF, 0x67, 0x8F, 0xBE, 0x5B, 0x67, 0x4B, 0x69, 0x28, 0xF5, 0xE9, 0x20, 0x12, 0xDF,
    0x32, 0x9B, 0x0E, 0xB6, 0x77, 0x98, 0x9B, 0x7B, 0xEB, 0x98, 0xAF, 0x0E, 0x79, 0x1B, 0xA9, 0x22,
    0x3F, 0x39, 0x4C, 0x6D, 0xE4, 0x8C, 0x83, 0xD4, 0x87, 0x79, 0x99, 0xB1, 0x2F, 0xCD, 0xD9, 0x69,
    0xA6, 0x46, 0xEC, 0xCA, 0xCB, 0x4E, 0xA5, 0x88, 0x43, 0xCD, 0xD2, 0xE7, 0xD3, 0xF6, 0x46, 0xA2,
    0xBB, 0x57, 0xD3, 0xE6, 0xCD, 0xF7, 0x9F, 0xAB, 0xC4, 0xF0, 0xCD, 0xF7, 0x7C, 0x67, 0xD8, 0x67,
    0xE1, 0xDE, 0xBD, 0x01, 0xDB, 0x30, 0x3B, 0xBC, 0xFA, 0x10, 0x98, 0xE4, 0x0E, 0x07, 0x64, 0x1A,
    0xBF, 0xF9, 0x9E, 0x9F, 0x92, 0xEF, 0xB8, 0x1B, 0x45, 0x6B, 0x69, 0x3F, 0xE2, 0x5A, 0x1E, 0xB3,
    0x2D, 0xE7, 0x2F, 0xEB, 0x33, 0x91, 0xE9, 0x8C, 0x4E, 0xE3, 0x73, 0x69, 0xAA, 0x3E, 0xB0, 0x5F,
    0xA2, 0xFE, 0x83, 0x5A, 0x0F, 0x05, 0xF1, 0x7F, 0x55, 0x53, 0x8C, 0xBF, 0x5A, 0x74, 0x55, 0x66,
    0x5F, 0x58, 0xE2, 0x95, 0x90, 0xFA, 0x63, 0xEC, 0xEB, 0xCA, 0x8D, 0x29, 0x4D, 0xB8, 0x1F, 0x5F,
    0x40, 0x2C, 0x45, 0xE7, 0x74, 0xB5, 0x14, 0xD9, 0x8E, 0x2C, 0xD0, 0x1A, 0x3B, 0x5E, 0x9C, 0x6D,
    0xCE, 0xD8, 0x6B, 0x9D, 0x0F, 0xD6, 0x61, 0x28, 0xAC, 0x86, 0xD2, 0x2A, 0xF5, 0x57, 0xB9, 0x79,
    0xED, 0x67, 0x9C, 0xC7, 0xBE, 0xE0, 0x3C, 0x54, 0xF9, 0x36, 0x64, 0x61, 0x60, 0xE9, 0xEB, 0xD7,
    0x2A, 0x6F, 0x7E, 0x6C, 0x3D, 0x26, 0xFF, 0x9E, 0xE8, 0x3E, 0xD0, 0x29, 0x26, 0x6F, 0x27, 0x0C,
    0xD0, 0xAA, 0x5A, 0x5A, 0x94, 0xA1, 0x5C, 0x69, 0x29, 0x85, 0xF9, 0x9E, 0x5B, 0x8D, 0x01, 0xB2,
    0xA4, 0x2B, 0x7A, 0x82, 0x89, 0x1D, 0xB1, 0x6D, 0xCD, 0x2F, 0xA4, 0x70, 0xD6, 0xD1, 0x28, 0xD4,
    0x41, 0xD1, 0xEA, 0x75, 0x1D, 0x87, 0x9B, 0xFC, 0xE7, 0xC0, 0x5C, 0xB8, 0x06, 0xE4, 0x8E, 0xDD,
    0x6C, 0x9F, 0x7D, 0xE7, 0x11, 0xBB, 0x59, 0x23, 0x2D, 0xB3, 0x77, 0x88, 0xF9, 0x6D, 0xA8, 0x16,
    0x96, 0xBF, 0xC6, 0x24, 0xB5, 0x7F, 0x63, 0x17, 0xF6, 0xE7, 0x5B, 0x94, 0x0C, 0x1C, 0x89, 0x13,
    0x55, 0x34, 0x63, 0x42, 0xD1, 0x43, 0x1E, 0x1B, 0x90, 0x6D, 0x93, 0x05, 0xA1, 0x67, 0x39, 0xEF,
    0x88, 0x99, 0x48, 0x55, 0xEA, 0x5F, 0xB6, 0x93, 0xBA, 0x69, 0xCF, 0x54, 0xAF, 0x13, 0x31, 0x4B,
    0xBC, 0xAC, 0xEA, 0x37, 0xA9, 0xD7, 0x65, 0xCF, 0x5D, 0xAF, 0xCB, 0x9F, 0x84, 0x00, 0xA7, 0xF5,
    0xDE, 0x81, 0x06, 0xF7, 0x37, 0xC4, 0x99, 0x22, 0xAB, 0x70, 0x3E, 0xDF, 0xA8, 0x95, 0x61, 0x9D,
    0xAA, 0xD3, 0x6D, 0x17, 0x7C, 0xC7, 0x22, 0x5D, 0xB1, 0x50, 0x70, 0xCA, 0x0D, 0xB1, 0x01, 0xAC,
    0xCF, 0xE1, 0xB2, 0x22, 0xF4, 0xD6, 0x53, 0x62, 0x46, 0xFC, 0x9E, 0x8E, 0xA1, 0x53, 0x90, 0x53,
    0x40, 0xCA, 0x57, 0xE1, 0x34, 0x2C, 0x5B, 0x88, 0xB1, 0x57, 0x80, 0x54, 0xEB, 0x64, 0xCB, 0x18,
    0x54, 0xAC, 0xF8, 0x5D, 0x5D, 0x55, 0x27, 0x96, 0x67, 0x73, 0x6E, 0xAF, 0x06, 0x6E, 0x73, 0x7F,
    0x2B, 0x9A, 0x2B, 0xE4, 0x44, 0x64, 0xC0, 0x72, 0x2F, 0x3C, 0xFE, 0x4C, 0x41, 0x3F, 0x35, 0xA4,
    0x5B, 0x73, 0xD2, 0x8A, 0xCF, 0x51, 0x1A, 0x5D, 0x48, 0x8E, 0x01, 0x6F, 0xA5, 0x0E, 0x0F, 0x6A,
    0x9F, 0x87, 0xA1, 0x91, 0x99, 0xB7, 0x23, 0x07, 0xD3, 0x00, 0x01, 0x0B, 0x0C, 0x54, 0xBC, 0x4E,
    0x1C, 0x87, 0x76, 0xE6, 0xB9, 0x20, 0x1B, 0x84, 0x4E, 0xB4, 0xC2, 0xDB, 0x11, 0xD3, 0x7C, 0x62,
    0xEC, 0xC6, 0x51, 0x3D, 0x7B, 0x49, 0x94, 0x9A, 0x96, 0x50, 0xFA, 0x20, 0xC6, 0xEA, 0x88, 0x71,
    0x96, 0x8F, 0x71, 0x2F, 0xA8, 0xEA, 0x35, 0x3C, 0xAD, 0x39, 0x18, 0x87, 0x42, 0xC3, 0x5E, 0x83,
    0xFF, 0xA5, 0xA7, 0xD3, 0xFB, 0xB4, 0x68, 0xC0, 0xA8, 0x9E, 0x62, 0xCA, 0x68, 0x98, 0x3F, 0x9D,
    0x5A, 0xA4, 0xA6, 0x98, 0xDB, 0x0C, 0xF7, 0x30, 0xEF, 0xAB, 0xAE, 0x9A, 0xD9, 0xFD, 0x41, 0xF0,
    0xB6, 0x54, 0xF3, 0x06, 0xEC, 0x19, 0x37, 0xA3, 0xA0, 0x02, 0x34, 0x13, 0x0F, 0x59, 0x35, 0x65,
    0x36, 0x54, 0xEB, 0xB7, 0x94, 0x82, 0x1D, 0xB1, 0x32, 0x4D, 0xEB, 0x29, 0x3D, 0xE3, 0x66, 0x79,
    0xF4, 0x28, 0x2B, 0x17, 0x06, 0x30, 0x46, 0x41, 0xEC, 0xF5, 0xDF, 0x2C, 0x8F, 0xFB, 0xF0, 0xD3,
    0xED, 0x53, 0x6A, 0x3F, 0x5E, 0x21, 0x2C, 0xB5, 0x59, 0x49, 0xDD, 0x6A, 0x38, 0xAF, 0xA1, 0x91,
    0xE3, 0xC2, 0x39, 0xF9, 0xF6, 0xCE, 0x63, 0x03, 0x41, 0x88, 0x17, 0xB7, 0xA0, 0x49, 0x94, 0x3B,
    0x16, 0xA1, 0x30, 0x9A, 0x41, 0x8F, 0x6C, 0x24, 0x52, 0x19, 0xE7, 0xCD, 0x13, 0x24, 0xB5, 0x45,
    0x2E, 0xA5, 0x0C, 0x48, 0x37, 0x46, 0xC6, 0x47, 0xF1, 0x2B, 0x78, 0x58, 0x06, 0x6B, 0x44, 0x2A,
    0x75, 0xD5, 0xD9, 0x87, 0xA9, 0xCA, 0xC3, 0x9F, 0x5C, 0x95, 0xD6, 0xCD, 0x75, 0x6C, 0xD0, 0x03,
    0xFA, 0x27, 0x88, 0xAE, 0x88, 0xB2, 0xE0, 0xFB, 0xF3, 0x48, 0xAA, 0xEC, 0x66, 0x2D, 0xF4, 0x0D,
    0xC6, 0xE4, 0x05, 0x5F, 0x5A, 0x9A, 0x2D, 0xC4, 0x19, 0xEB, 0xD5, 0xFD, 0xA0, 0x0E, 0xBD, 0x7A,
    0x53, 0x4B, 0xB8, 0x93, 0x45, 0x0A, 0xE3, 0x26, 0xE5, 0x5C, 0x4A, 0x21, 0xF7, 0xCA, 0x35, 0x5E,
    0xFD, 0xB9, 0xE6, 0x22, 0xEA, 0x0D, 0xC2, 0x70, 0x73, 0x65, 0xEA, 0x6F, 0x77, 0xBE, 0x98, 0xBE,
    0x10, 0x65, 0x2C, 0x3D, 0xFE, 0xC6, 0xCA, 0x7C, 0xA8, 0x56, 0x5D, 0x27, 0x71, 0x37, 0x6C, 0xA6,
    0xD6, 0x9B, 0xED, 0x57, 0x26, 0x3E, 0x8C, 0x7B, 0x29, 0x61, 0xA5, 0xFC, 0xD8, 0x6E, 0xF7, 0xDE,
    0x18, 0xBA, 0x73, 0x83, 0xAA, 0x91, 0x38, 0xC4, 0xD1, 0x84, 0x56, 0x71, 0x5B, 0x34, 0x09, 0xAE,
    0xD5, 0x11, 0x6B, 0x22, 0x4D, 0x9F, 0x28, 0xA3, 0xC8, 0x85, 0x0B, 0x71, 0x8E, 0x2E, 0x89, 0x29,
    0x4C, 0xD8, 0x48, 0xBE, 0x20, 0x65, 0x6B, 0x35, 0x70, 0x09, 0x8B, 0x8B, 0x79, 0x82, 0x31, 0x4D,
    0x30, 0x66, 0x09, 0xC6, 0x24, 0xC1, 0x98, 0x23, 0x18, 0x53, 0x04, 0x63, 0x86, 0x60, 0x4C, 0x10,
    0x8C, 0xF9, 0x81, 0x31, 0x3D, 0x30, 0x66, 0x07, 0xC6, 0xE4, 0xC0, 0x98, 0x1B, 0x18, 0x53, 0x03,
    0x63, 0x66, 0x60, 0x4C, 0x0C, 0x8C, 0x79, 0x81, 0x31, 0x2D, 0x30, 0x66, 0x05, 0xC6, 0xA4, 0xC0,
    0x98, 0x13, 0x18, 0x53, 0x02, 0x63, 0x46, 0x60, 0x4C, 0x08, 0x8C, 0xF9, 0x80, 0x31, 0x1D, 0x30,
    0x66, 0x03, 0x6A, 0x0F, 0xF9, 0xE3, 0x16, 0x86, 0x47, 0xBE, 0x3A, 0x4E, 0x7F, 0x36, 0xC2, 0x1F,
    0x7F, 0xDC, 0xBE, 0x5B, 0x74, 0xBF, 0xC0, 0xF6, 0x8B, 0xC9, 0x7E, 0x81, 0xEB, 0x17, 0x53, 0xFD,
    0x02, 0xD3, 0x2F, 0x26, 0xFA, 0x05, 0x9E, 0x5F, 0xA0, 0xF9, 0xC5, 0x2C, 0xBF, 0x40, 0xF2, 0x8B,
    0x39, 0x7E, 0x81, 0xE2, 0x17, 0x33, 0xFC, 0x02, 0xC1, 0x2F, 0xE6, 0xF7, 0x05, 0x7A, 0x5F, 0xCC,
    0xEE, 0x0B, 0xE4, 0x3E, 0x42, 0x4D, 0x8C, 0xA9, 0x7D, 0xEA, 0x87, 0x06, 0xC6, 0xC1, 0xED, 0x27,
    0x0B, 0x4F, 0x67, 0x60, 0xA8, 0x10, 0x87, 0xF3, 0x1C, 0x7A, 0xEA, 0x81, 0xD1, 0x17, 0x08, 0x7D,
    0x81, 0xCF, 0x17, 0xE8, 0x7C, 0x81, 0xCD, 0x17, 0xC8, 0x7C, 0x81, 0xCB, 0x17, 0xA8, 0x7C, 0x81,
    0xC9, 0x17, 0x88, 0x7C, 0x81, 0xC7, 0x17, 0x68, 0x7C, 0x81, 0xC5, 0x17, 0x48, 0x7C, 0x81, 0xC3,
    0x17, 0x28, 0x7C, 0x81, 0xC1, 0x17, 0x08, 0x7C, 0x81, 0xBF, 0x17, 0xE8, 0x7B, 0x11, 0x7B, 0x2F,
    0x24, 0xFD, 0xA1, 0x3C, 0x78, 0xF6, 0x97, 0x1F, 0x25, 0xE3, 0x86, 0x04, 0x5F, 0x30, 0xBE, 0x1A,
    0x09, 0x8E, 0x8F, 0x75, 0x0F, 0xD1, 0xCD, 0x54, 0xCD, 0x91, 0x1F, 0xAF, 0x83, 0x17, 0x3B, 0xBF,
    0x72, 0x09, 0xCE, 0xDE, 0xBC, 0x09, 0x73, 0x6B, 0x2D, 0x3C, 0x9D, 0xBD, 0xA3, 0x96, 0xC6, 0x54,
    0xC6, 0xE8, 0xB4, 0xF9, 0x9B, 0x09, 0x57, 0x7C, 0xCA, 0x4E, 0x35, 0x9F, 0x48, 0x67, 0x81, 0x9C,
    0x6E, 0x56, 0x16, 0xD4, 0x21, 0xAB, 0x38, 0x13, 0x9F, 0x5F, 0xFF, 0x40, 0x4F, 0x66, 0x32, 0x1E,
    0x3D, 0xAD, 0x78, 0x3F, 0x9F, 0x16, 0xBD, 0x5F, 0x5E, 0x0B, 0xE7, 0xFD, 0x93, 0x53, 0x3B, 0xFB,
    0xF7, 0xE3, 0x95, 0x7A, 0x3F, 0x9F, 0xF8, 0x7E, 0xC4, 0x78, 0x7A, 0xBF, 0xFA, 0xCE, 0x9B, 0xF0,
    0xE6, 0x9F, 0x46, 0x3A, 0x8F, 0x15, 0x5B, 0xF3, 0x03, 0xF8, 0x0E, 0x19, 0x94, 0xD8, 0xFC, 0x3C,
    0xCE, 0x52, 0x21, 0x8B, 0x41, 0x7C, 0xCA, 0x02, 0x57, 0xFD, 0x0E, 0xD3, 0xB8, 0xEC, 0x83, 0x8C,
    0x7E, 0xA5, 0x84, 0x69, 0xAC, 0x62, 0x63, 0xE8, 0x3A, 0x59, 0x89, 0xBD, 0x52, 0xA7, 0x9C, 0xF2,
    0x02, 0x27, 0x60, 0x35, 0x26, 0xC5, 0xC4, 0xF3, 0x35, 0xB2, 0xE2, 0x4F, 0xD9, 0xC0, 0xD5, 0x10,
    0x3F, 0xA3, 0xC7, 0x22, 0xA0, 0x6F, 0xE8, 0x87, 0xEB, 0xEC, 0x6C, 0x74, 0xF8, 0x2E, 0x49, 0x56,
    0x0F, 0x2E, 0xB9, 0x0E, 0xCA, 0x21, 0x8A, 0x79, 0x80, 0x93, 0x6E, 0xA6, 0x9B, 0x77, 0xA5, 0x70,
    0xBA, 0x71, 0x45, 0x33, 0x19, 0xD7, 0x2F, 0xD0, 0xA1, 0xDA, 0x49, 0x2E, 0x3B, 0xDC, 0xC3, 0x29,
    0xDF, 0x17, 0x08, 0xE0, 0x70, 0x6D, 0x57, 0x2E, 0x27, 0xE3, 0x2A, 0xDA, 0x59, 0x88, 0xB5, 0xC0,
    0x3F, 0x3A, 0x5C, 0xDD, 0x1C, 0xA9, 0x19, 0x3B, 0x26, 0x56, 0x03, 0x91, 0x1E, 0xEE, 0xAC, 0xED,
    0xDA, 0xF3, 0x6E, 0xAD, 0x3A, 0xEB, 0xF7, 0x6B, 0x75, 0x76, 0x4B, 0x5B, 0xAA, 0x01, 0x58, 0x0C,
    0x76, 0xCC, 0xE7, 0xFC, 0x73, 0xE2, 0x53, 0xAB, 0x8B, 0xF9, 0xB0, 0xA2, 0x1F, 0xB1, 0x03, 0x8E,
    0x38, 0xA5, 0x78, 0x07, 0x30, 0x35, 0xB6, 0xB2, 0x6D, 0xE6, 0x3E, 0x39, 0xEC, 0x59, 0x6D, 0xEC,
    0x74, 0xBC, 0x71, 0xF2, 0xA0, 0x4B, 0x6A, 0x57, 0x0B, 0xD5, 0xFA, 0x0F, 0x00, 0x15, 0x40, 0xFF,
    0xF1, 0x4B, 0xE4, 0x90, 0xEF, 0x21, 0x56, 0xFE, 0x31, 0xEE, 0x97, 0xD6, 0xE6, 0x54, 0xF5, 0xAF,
    0xB5, 0x45, 0xCD, 0xB2, 0x70, 0x50, 0xE7, 0x0E, 0xDC, 0x1B, 0x50, 0x77, 0x65, 0x5F, 0x64, 0x42,
    0x5F, 0x64, 0x84, 0xEA, 0xD4, 0x1C, 0x29, 0x20, 0x07, 0x56, 0x7C, 0xAE, 0x46, 0x34, 0x47, 0x86,
    0xAD, 0x39, 0xD2, 0xB0, 0x57, 0x14, 0xFC, 0x77, 0xB1, 0x46, 0x4C, 0x30, 0xFF, 0xAF, 0x72, 0x4F,
    0x66, 0x7A, 0xAC, 0x2A, 0xE1, 0xF7, 0x15, 0xC8, 0xEC, 0x34, 0xFC, 0xE9, 0x10, 0xF1, 0x9D, 0xF6,
    0xEB, 0x2B, 0x4B, 0x74, 0x92, 0x19, 0x4A, 0x15, 0x9C, 0x63, 0xC1, 0x6E, 0x8C, 0x5E, 0xF0, 0x74,
    0x6D, 0x3A, 0x50, 0x1D, 0x1C, 0x4C, 0x65, 0x97, 0x64, 0x0B, 0x1A, 0x74, 0xB6, 0x86, 0xF4, 0x28,
    0xA6, 0x3C, 0x91, 0xF1, 0x04, 0x15, 0x31, 0xB1, 0x21, 0xDD, 0x89, 0x6C, 0x27, 0x92, 0x9D, 0xD8,
    0x34, 0x23, 0xD5, 0x89, 0x4C, 0x27, 0x52, 0x9C, 0x3C, 0x64, 0x0E, 0x50, 0xB8, 0x24, 0xC9, 0xA9,
    0xDD, 0xEE, 0x6C, 0x31, 0x9C, 0x44, 0x70, 0x8A, 0xCA, 0x6C, 0x71, 0xAB, 0x8A, 0xBF, 0x72, 0x0B,
    0xE3, 0x9B, 0x29, 0xBE, 0xA5, 0x63, 0xAD, 0x1C, 0xC6, 0xFF, 0x67, 0x05, 0x69, 0xDD, 0x71, 0x2A,
    0xD4, 0xF1, 0xC5, 0xF1, 0x06, 0xF1, 0x8D, 0xBA, 0xE8, 0xA8, 0x7C, 0x5D, 0x75, 0x2F, 0x75, 0x95,
    0x3A, 0xFC, 0x4A, 0xEF, 0xE9, 0x96, 0xE0, 0x0F, 0xB7, 0x34, 0xBC, 0xD0, 0x52, 0xCA, 0x4B, 0x17,
    0xFF, 0xEF, 0xE8, 0x2B, 0xB3, 0x85, 0x5A, 0xFD, 0x91, 0x2E, 0x0D, 0x16, 0xA3, 0xA8, 0xD9, 0xBD,
    0xAD, 0xCC, 0x21, 0x31, 0x27, 0x8A, 0x09, 0x8C, 0x6B, 0x60, 0xA5, 0x3C, 0x34, 0xA9, 0xD9, 0x91,
    0x01, 0x88, 0x75, 0xE8, 0x16, 0x3F, 0x25, 0x4B, 0xB9, 0xFA, 0x25, 0x59, 0xB1, 0xF6, 0x31, 0x2E,
    0xC7, 0x77, 0x6D, 0x87, 0xE1, 0x27, 0x33, 0xB9, 0xD7, 0xED, 0xB0, 0x67, 0x16, 0xDE, 0xE5, 0x1C,
    0xA4, 0x16, 0xDE, 0x79, 0x10, 0x12, 0xF7, 0x34, 0x4E, 0x04, 0x8E, 0xE4, 0xA5, 0x61, 0x8C, 0x59,
    0xDD, 0xEE, 0x4C, 0xCC, 0x53, 0xB1, 0xAC, 0x82, 0x39, 0x6C, 0xFC, 0x83, 0x16, 0x59, 0x72, 0x24,
    0xFB, 0x32, 0x44, 0x2A, 0xC3, 0xC5, 0x49, 0xED, 0x97, 0xDB, 0x06, 0x9E, 0xB2, 0x2A, 0x96, 0x1F,
    0x69, 0x18, 0x9A, 0x6B, 0x0B, 0x19, 0x6C, 0x2C, 0xD9, 0xFE, 0xAE, 0x56, 0x18, 0x00, 0x5B, 0x47,
    0xA4, 0x52, 0xAF, 0xF9, 0x17, 0xB8, 0xFD, 0xCA, 0x7F, 0x06, 0xB6, 0x07, 0x5C, 0xE5, 0x33, 0x63,
    0x97, 0x21, 0xE7, 0xF5, 0x58, 0x4D, 0x88, 0xC4, 0x19, 0xA9, 0x3C, 0x66, 0xD7, 0x8B, 0xB7, 0x2F,
    0x5F, 0x59, 0x3D, 0x80, 0xAD, 0xFE, 0x4E, 0xE8, 0x22, 0x07, 0x9F, 0xF0, 0x23, 0x4B, 0xB6, 0x82,
    0x78, 0xD3, 0x93, 0x7F, 0x74, 0xAE, 0xE0, 0xBF, 0x06, 0xE8, 0x68, 0x37, 0x1E, 0xCE, 0x91, 0xCB,
    0x0C, 0x1E, 0xB3, 0x25, 0x6E, 0xF5, 0xD0, 0xCD, 0x5B, 0xCA, 0x59, 0xCA, 0x57, 0xCA, 0x55, 0xCA,
    0x53, 0xCA, 0x51, 0xA6, 0x44, 0xB9, 0x49, 0x79, 0x49, 0x39, 0x49, 0xF9, 0xC8, 0x8A, 0x28, 0x0F,
    0x69, 0x40, 0xF9, 0x47, 0xB9, 0x47, 0x79, 0x47, 0x39, 0x47, 0xF9, 0x46, 0xB9, 0xC6, 0xF4, 0xFE,
    0x9D, 0x7B, 0xEA, 0x24, 0x8A, 0x48, 0xC1, 0xDE, 0x6B, 0xFB, 0xEE, 0x0C, 0x75, 0xA1, 0x3D, 0xD8,
    0xA1, 0x66, 0xD5, 0xFD, 0xF0, 0xFF, 0xC0, 0x0B, 0x3E, 0x18, 0x75, 0x80, 0x7D, 0x85, 0x56, 0xBD,
    0x71, 0xEF, 0xAC, 0x7A, 0xFA, 0xE5, 0x36, 0xC9, 0x31, 0xFC, 0x1E, 0x33, 0xEB, 0xD7, 0xA1, 0x8B,
    0x7A, 0x05, 0xF0, 0x55, 0x0E, 0x5A, 0x9D, 0x8F, 0xAC, 0x96, 0x0C, 0x5A, 0x18, 0x92, 0x95, 0x45,
    0x84, 0xFB, 0x2F, 0xAC, 0x5B, 0x5A, 0x3C, 0x5B, 0xB7, 0x74, 0x67, 0x7F, 0x82, 0x90, 0x1B, 0x27,
    0xA0, 0xED, 0xE0, 0x5E, 0xCE, 0x4D, 0x07, 0xF3, 0x77, 0x46, 0x3A, 0x1C, 0x7A, 0x1F, 0xAA, 0x21,
    0x67, 0x64, 0xC6, 0xD5, 0x2A, 0x53, 0x14, 0x4C, 0x11, 0x1D, 0x16, 0xB0, 0x0B, 0x9C, 0x58, 0x2E,
    0x02, 0x70, 0x00, 0x20, 0xCD, 0x77, 0xE0, 0x5E, 0x12, 0xD1, 0x61, 0x01, 0x55, 0xE0, 0xC4, 0x3E,
    0xB9, 0xBE, 0x16, 0xEB, 0xA3, 0x05, 0x50, 0x25, 0x9C, 0x47, 0x36, 0xBE, 0x96, 0x03, 0x6C, 0x7C,
    0x84, 0x8D, 0xA3, 0x8A, 0xF8, 0x7D, 0xD8, 0xF8, 0x3B, 0x0E, 0xCA, 0x0E, 0xBE, 0xF3, 0xF8, 0x57,
    0xB7, 0x78, 0xA4, 0xA5, 0x28, 0x22, 0x70, 0x22, 0x94, 0xE0, 0x2D, 0x84, 0x84, 0x89, 0x1D, 0xAB,
    0xC1, 0x41, 0xE3, 0x2E, 0xAD, 0x63, 0x0B, 0x67, 0xCE, 0xD4, 0x1C, 0x90, 0xB8, 0xF4, 0xFC, 0x3E,
    0x17, 0xC4, 0x4C, 0x04, 0xF1, 0x3E, 0x72, 0xA7, 0x0F, 0xFB, 0xA4, 0x64, 0xB2, 0x06, 0xA0, 0xC7,
    0x15, 0x5D, 0x5F, 0x71, 0x18, 0xD6, 0xA8, 0x2A, 0x45, 0xB7, 0xD9, 0x77, 0xD3, 0x57, 0xE7, 0xCD,
    0xBA, 0xEF, 0x07, 0xE3, 0xC6, 0x66, 0x9C, 0x69, 0x71, 0x3D, 0xB1, 0xF3, 0x58, 0x10, 0x15, 0x28,
    0x57, 0x73, 0x84, 0xD3, 0x36, 0x07, 0xB3, 0x99, 0x7B, 0xA2, 0x69, 0x13, 0x27, 0xE2, 0xA8, 0x3B,
    0x95, 0x99, 0xCB, 0x7B, 0x0A, 0x11, 0x89, 0xE1, 0xEB, 0x9B, 0x5A, 0x89, 0x55, 0xC0, 0x78, 0xC2,
    0x90, 0x1A, 0x12, 0x99, 0x11, 0xB3, 0x56, 0xC7, 0xC4, 0x40, 0x0B, 0x9E, 0x92, 0x7C, 0x74, 0x1E,
    0xA5, 0xC0, 0xCD, 0x19, 0x99, 0xEE, 0x83, 0x27, 0x5C, 0x0E, 0x0B, 0xAB, 0x03, 0x05, 0xDA, 0xD9,
    0xD4, 0xCC, 0x7B, 0xEB, 0x4A, 0x55, 0x89, 0xF9, 0x4D, 0x11, 0xBA, 0x21, 0x23, 0xA3, 0x04, 0x80,
    0xF2, 0xF5, 0xC6, 0xD6, 0x5A, 0x6B, 0x22, 0x54, 0x33, 0x60, 0x4D, 0x4A, 0x8A, 0x43, 0xF9, 0xA4,
    0x2D, 0xD5, 0x76, 0x53, 0x3F, 0x61, 0x7B, 0x46, 0x40, 0xDC, 0xF6, 0xC5, 0x58, 0x9D, 0x0F, 0x73,
    0x3E, 0xEC, 0xE6, 0xFD, 0x94, 0x2C, 0xD9, 0xE4, 0x3B, 0x41, 0xCF, 0xCE, 0x04, 0x7F, 0x4E, 0x62,
    0xF9, 0xDD, 0xDA, 0x55, 0x24, 0x3E, 0xB3, 0x1A, 0x1E, 0x3D, 0x1F, 0xDA, 0xEE, 0x30, 0x55, 0x6E,
    0x47, 0x8A, 0x3E, 0x9D, 0x9D, 0x8E, 0x7F, 0xB6, 0x3F, 0x87, 0xE2, 0xEC, 0x07, 0x9C, 0x3B, 0xCC,
    0x1F, 0xE6, 0x0E, 0xF3, 0x87, 0xB9, 0xC3, 0xFC, 0x61, 0x6E, 0xCD, 0xCF, 0xD8, 0x46, 0x55, 0x81,
    0x51, 0xCE, 0x24, 0xA3, 0x25, 0x2F, 0x99, 0xB9, 0x53, 0x99, 0x58, 0x92, 0xDE, 0xDB, 0x4E, 0xF0,
    0xC1, 0xF7, 0x4E, 0x86, 0x0B, 0x9C, 0x59, 0x8F, 0x0D, 0xDF, 0x1C, 0x12, 0xC2, 0x77, 0x86, 0xDB,
    0x51, 0x0D, 0x70, 0xA4, 0x43, 0xD4, 0x9A, 0x69, 0x2A, 0xE1, 0x6B, 0x47, 0x7F, 0x4A, 0x2F, 0xD0,
    0x32, 0x50, 0x91, 0xFD, 0xD0, 0xBB, 0x74, 0x02, 0xEE, 0x55, 0x6B, 0xE7, 0x8C, 0x45, 0x23, 0x9B,
    0xF3, 0x69, 0xEF, 0x36, 0x27, 0x9D, 0x65, 0x35, 0x2A, 0xEC, 0x32, 0xB6, 0x6B, 0xC7, 0xF0, 0x1D,
    0x24, 0x25, 0x55, 0x22, 0xB0, 0xDB, 0xFE, 0xE8, 0x23, 0x47, 0x8A, 0x92, 0x6F, 0x7F, 0xD6, 0xF0,
    0xC1, 0x65, 0x85, 0x3F, 0x93, 0x5E, 0xE5, 0x7F, 0xF6, 0x11, 0x16, 0xD0, 0x9C, 0x21, 0x45, 0x39,
    0x34, 0xEC, 0x2E, 0x94, 0x03, 0x7A, 0x47, 0xB9, 0xC3, 0x74, 0xDE, 0x8D, 0xAF, 0x00, 0x6D, 0xFE,
    0x79, 0x2E, 0xF2, 0xB8, 0x07, 0x57, 0x3F, 0x5F, 0x0F, 0xAE, 0xFE, 0xFA, 0x1E, 0x9C, 0x0F, 0x69,
    0xCB, 0x27, 0x40, 0x91, 0xC7, 0xD9, 0x0C, 0x09, 0xBC, 0xA9, 0x72, 0xF0, 0x6D, 0x1C, 0xEE, 0xF0,
    0x5D, 0xD8, 0xE4, 0xEB, 0xD1, 0x69, 0x63, 0x44, 0x0B, 0x93, 0x76, 0x63, 0x4B, 0x03, 0x55, 0xBF,
    0x6C, 0x06, 0xAD, 0x7E, 0x4E, 0x60, 0xD7, 0x74, 0x87, 0x2F, 0xB8, 0x69, 0x46, 0x77, 0x98, 0xCF,
    0xD5, 0xE0, 0x70, 0xAD, 0x48, 0xEC, 0x57, 0x64, 0xC3, 0xF4, 0xA6, 0x7D, 0x87, 0xC7, 0xB5, 0x6B,
    0xD9, 0xAB, 0x90, 0x73, 0x88, 0xFB, 0x15, 0x0B, 0xD1, 0xAF, 0xBD, 0x97, 0x39, 0xB2, 0xA4, 0x3E,
    0x70, 0xCF, 0x46, 0x60, 0xEB, 0x70, 0x02, 0xB2, 0x3A, 0x8B, 0x0C, 0x83, 0x05, 0xAE, 0x83, 0x0F,
    0x49, 0x3B, 0x22, 0xAF, 0x9D, 0x89, 0x88, 0xF3, 0x2A, 0xFC, 0x88, 0xC9, 0xCA, 0x51, 0x05, 0x76,
    0xF3, 0xC6, 0x0F, 0xAC, 0x54, 0x50, 0x5C, 0xE0, 0x4D, 0x8A, 0xF0, 0xD9, 0x29, 0x6A, 0xAB, 0xAA,
    0xB5, 0x71, 0x41, 0x5C, 0x0F, 0x97, 0xA3, 0xD5, 0x34, 0x7F, 0xBD, 0x72, 0x2D, 0x61, 0x29, 0xA8,
    0x32, 0x95, 0x5D, 0xD2, 0xFC, 0x12, 0x51, 0xF1, 0x7F, 0x40, 0x94, 0xC7, 0x76, 0xA4, 0xE5, 0x3B,
    0xF8, 0x24, 0x49, 0x8D, 0x15, 0xB5, 0x81, 0xB5, 0xEA, 0xFF, 0xCE, 0xB1, 0x11, 0xB8, 0x53, 0x4B,
    0xE4, 0xDD, 0xC2, 0x27, 0xDB, 0xC1, 0xE8, 0x65, 0xF3, 0x32, 0x79, 0x59, 0xBC, 0x0C, 0x9E, 0xF6,
    0x4E, 0x73, 0x7F, 0x55, 0xB6, 0x98, 0xA5, 0x54, 0xAD, 0x67, 0x7F, 0xB9, 0x28, 0x8A, 0x31, 0x9F,
    0xB0, 0x96, 0x89, 0x4B, 0x79, 0xC1, 0x5B, 0x5C, 0x8D, 0x3A, 0x70, 0x53, 0x7B, 0xF6, 0x36, 0xCD,
    0x0E, 0x30, 0xFD, 0x89, 0xB7, 0xE7, 0xA4, 0xCD, 0x38, 0xDC, 0x0D, 0x11, 0xB3, 0xEF, 0x82, 0x5D,
    0x9A, 0x5E, 0x6A, 0xDC, 0xA4, 0x18, 0x56, 0x94, 0x1F, 0xB0, 0x4C, 0xF1, 0x30, 0x38, 0xA8, 0x82,
    0x8B, 0x61, 0xAF, 0xAC, 0x99, 0x59, 0x14, 0xCB, 0x12, 0xA1, 0x7E, 0xCB, 0x5B, 0x8E, 0x6A, 0xE2,
    0x8B, 0xAA, 0x19, 0x2F, 0x0A, 0x65, 0x60, 0x0E, 0xCD, 0xA4, 0x2A, 0xD5, 0x88, 0x9D, 0xBF, 0xBC,
    0x01, 0x2E, 0x9D, 0x2D, 0x86, 0x86, 0xB9, 0xC3, 0x4F, 0xC3, 0xFF, 0x1D, 0x86, 0xD7, 0x3F, 0x35,
    0x57, 0xAB, 0x51, 0xAD, 0x7A, 0x87, 0x7A, 0x9E, 0xE5, 0xE8, 0xD0, 0xCA, 0x0B, 0x4B, 0x36, 0xD1,
    0xF7, 0x71, 0x4D, 0xC7, 0x48, 0xB2, 0x6F, 0x6A, 0x51, 0x8B, 0x03, 0xD3, 0xE5, 0xEA, 0xA4, 0xAC,
    0x83, 0x88, 0x38, 0x9A, 0xB8, 0xFA, 0x6F, 0xA0, 0x4B, 0xA5, 0x04, 0x97, 0xAC, 0x80, 0xCD, 0x2F,
    0xFA, 0xFF, 0x8B, 0x8D, 0xA9, 0x4E, 0x8D, 0xF5, 0xC1, 0xE9, 0xF7, 0x09, 0xAF, 0x3A, 0x87, 0x39,
    0x70, 0x6C, 0xA4, 0x65, 0xAC, 0xD0, 0x16, 0x86, 0x83, 0x9F, 0xD1, 0x0F, 0xBF, 0xE3, 0x30, 0xC4,
    0x7C, 0x23, 0x70, 0xFF, 0x55, 0xF9, 0x5C, 0x13, 0xE7, 0x73, 0x0C, 0x79, 0x5F, 0x27, 0x7D, 0x29,
    0x2C, 0x16, 0xF1, 0x4A, 0x81, 0xB1, 0x22, 0x63, 0x85, 0xC6, 0x49, 0x89, 0xD8, 0x18, 0x4B, 0xBE,
    0xF7, 0x52, 0xE9, 0xAB, 0x5C, 0xD4, 0x60, 0x50, 0xBF, 0xA1, 0xC4, 0x6D, 0xD7, 0x58, 0xBB, 0xB8,
    0xB7, 0x66, 0x23, 0xC2, 0xCF, 0x87, 0x80, 0x2D, 0x30, 0x5C, 0xB8, 0x66, 0xF5, 0xA0, 0xB8, 0x19,
    0xFA, 0x7E, 0xD9, 0x07, 0x28, 0x87, 0x98, 0x8E, 0xB1, 0x03, 0x14, 0x1D, 0x82, 0x8B, 0x27, 0x99,
    0x22, 0xFB, 0xAE, 0xF0, 0xF1, 0xC7, 0xA2, 0xDB, 0x32, 0x70, 0xF5, 0x65, 0x10, 0xE5, 0xCC, 0xB3,
    0xED, 0x21, 0x7D, 0x30, 0x6F, 0x0E, 0x64, 0xBD, 0x1D, 0xCA, 0x88, 0x83, 0x2C, 0x0F, 0x78, 0xFC,
    0x19, 0x83, 0x61, 0xAA, 0xD2, 0x53, 0x32, 0x68, 0x7D, 0x8D, 0x3A, 0xAA, 0x23, 0xFE, 0xA1, 0xF7,
    0x2D, 0x29, 0xBB, 0x57, 0x47, 0x07, 0xD5, 0x93, 0xD6, 0x81, 0x77, 0x72, 0xFD, 0x16, 0xCA, 0x20,
    0x5F, 0x0B, 0xC4, 0x6D, 0xA3, 0x54, 0x64, 0x7E, 0x3B, 0xB8, 0x6A, 0x7B, 0xDF, 0x2E, 0xCC, 0x7F,
    0x45, 0x7E, 0x85, 0xFB, 0x61, 0x45, 0x06, 0xDB, 0x58, 0x09, 0x58, 0xE5, 0x02, 0x89, 0x42, 0x86,
    0x7B, 0xFB, 0x83, 0x4F, 0xC2, 0x72, 0xFB, 0x83, 0xCF, 0x90, 0xE1, 0x86, 0x0F, 0x3E, 0xE9, 0xF5,
    0x8C, 0xD0, 0x47, 0xDF, 0x94, 0xC6, 0xBF, 0xF5, 0x92, 0xCD, 0xB5, 0x80, 0xCA, 0xC1, 0x9B, 0x54,
    0x11, 0xA6, 0xA8, 0xB8, 0xA0, 0x3B, 0xF7, 0xB8, 0x02, 0x2E, 0x85, 0x19, 0xC6, 0x99, 0x6F, 0x7E,
    0xD3, 0x9E, 0x3E, 0xAC, 0xF4, 0xD9, 0x43, 0x87, 0x3F, 0x7F, 0x64, 0xA7, 0xFA, 0x99, 0x3E, 0x97,
    0xC5, 0x68, 0x7F, 0xCB, 0xD0, 0x2D, 0xB7, 0x59, 0x0C, 0xB0, 0x3F, 0xE0, 0x59, 0xA6, 0xE6, 0xE8,
    0xE1, 0x59, 0xCC, 0xAA, 0x5D, 0xEF, 0x54, 0xA4, 0xB0, 0xF6, 0xB8, 0x75, 0x52, 0x53, 0x65, 0xB7,
    0x6A, 0xFE, 0x4F, 0x09, 0x5B, 0x56, 0x15, 0xEE, 0x9F, 0x3F, 0xD4, 0x36, 0x94, 0x97, 0x1D, 0xC0,
    0x7E, 0x73, 0x2F, 0xB9, 0x65, 0x2D, 0xB9, 0x75, 0x98, 0x9E, 0x99, 0x28, 0xF3, 0xE2, 0x4F, 0xDD,
    0xAB, 0x7E, 0x5B, 0xFB, 0x13, 0xEF, 0x94, 0x32, 0x17, 0x65, 0xB7, 0x25, 0x85, 0xA1, 0x54, 0x23,
    0xAC, 0xA6, 0x73, 0x42, 0xAC, 0x2C, 0xBE, 0x30, 0xA1, 0xD4, 0x66, 0x24, 0xBF, 0xFF, 0x25, 0x0B,
    0xAB, 0x58, 0xF1, 0x5D, 0x71, 0xCA, 0xB3, 0x35, 0xB7, 0xE4, 0xBC, 0x47, 0x9C, 0xC9, 0x9D, 0x80,
    0x68, 0x54, 0x01, 0x3D, 0x05, 0xEF, 0xE2, 0x89, 0x5C, 0xF1, 0x6F, 0x87, 0x74, 0x4E, 0xAA, 0x64,
    0x78, 0x8F, 0x38, 0xF2, 0x88, 0x8E, 0x6F, 0xCB, 0xFC, 0x57, 0x29, 0xED, 0x77, 0x63, 0xF5, 0x51,
    0x6F, 0x52, 0x8C, 0x75, 0x3A, 0x53, 0x90, 0x95, 0x47, 0xC1, 0x97, 0xB1, 0xBE, 0xD4, 0x07, 0xFB,
    0x80, 0xDF, 0x56, 0xBA, 0x17, 0xFA, 0x2F, 0x2C, 0x31, 0x9F, 0xF5, 0xD0, 0x0D, 0xFC, 0xE3, 0x04,
    0xD1, 0xAA, 0xF1, 0xE6, 0xF7, 0x43, 0xAD, 0x43, 0x84, 0xD6, 0x7B, 0x60, 0x7F, 0x00, 0x76, 0xC2,
    0xDC, 0x4E, 0x3F, 0xFD, 0x9A, 0xEF, 0x87, 0xFC, 0x97, 0x43, 0x0E, 0xD1, 0x65, 0xFC, 0xDA, 0x69,
    0xE3, 0x8F, 0xB5, 0xD1, 0xA5, 0x28, 0xA7, 0x0B, 0x89, 0x49, 0xBD, 0xDC, 0x66, 0x55, 0x33, 0x90,
    0xDD, 0xCB, 0x9B, 0x74, 0x1A, 0xE1, 0x70, 0x8B, 0xC5, 0xA3, 0x86, 0xC1, 0xBF, 0x32, 0xFF, 0xFD,
    0x39, 0x34, 0xA7, 0x0A, 0x0F, 0x91, 0x3D, 0x33, 0xB8, 0x06, 0x09, 0x9C, 0x03, 0xF1, 0xD6, 0x3D,
    0xC5, 0x66, 0xE3, 0x0C, 0xA2, 0x82, 0x53, 0x30, 0x87, 0xEF, 0x51, 0x0B, 0x8A, 0xCD, 0xEE, 0x19,
    0xFE, 0x15, 0x54, 0x33, 0x84, 0xEF, 0x51, 0xD5, 0x41, 0xFB, 0x2F, 0xCD, 0x7A, 0x01, 0xC4, 0x2F,
    0x59, 0x96, 0xDF, 0xA9, 0x7F, 0x4D, 0xBF, 0xDA, 0xED, 0x42, 0x35, 0xF6, 0x65, 0xEC, 0x9B, 0x48,
    0x0D, 0x60, 0xF3, 0x76, 0x56, 0x01, 0x8C, 0xD0, 0x73, 0x6B, 0xD3, 0x24, 0x58, 0xF4, 0x43, 0xBF,
    0x04, 0x8B, 0x09, 0x16, 0xD9, 0x4E, 0x78, 0x00, 0x90, 0x6C, 0xD5, 0x66, 0x10, 0x2C, 0xF2, 0x42,
    0x10, 0x82, 0x3C, 0x3C, 0x74, 0xFF, 0x5B, 0xF2, 0x82, 0x60, 0xC2, 0xA4, 0x6F, 0xCD, 0x36, 0x06,
    0x8D, 0xD4, 0x4C, 0xEF, 0x6C, 0x10, 0x74, 0x65, 0xA6, 0x27, 0x9B, 0xED, 0xC6, 0x2B, 0x3B, 0x35,
    0xDB, 0xF5, 0xBE, 0xB9, 0x55, 0xBF, 0xDC, 0xDF, 0x39, 0x55, 0x5F, 0x7D, 0xDF, 0x7C, 0xAF, 0x5F,
    0x7A, 0xF4, 0x5A, 0xFB, 0xFF, 0xAA, 0x7E, 0xA7, 0xBE, 0xEF, 0x5F, 0x75, 0xEF, 0xEF, 0xDC, 0x7B,
    0xCE, 0xB9, 0xE7, 0x9E, 0xFA, 0x84, 0x9F, 0xD3, 0xDB, 0x19, 0x24, 0x5D, 0x1D, 0xBA, 0x74, 0x05,
    0xFA, 0x0C, 0xC0, 0x90, 0xA3, 0xC7, 0x50, 0xAC, 0xE2, 0xFB, 0x22, 0x08, 0xBA, 0x22, 0x9C, 0xD0,
    0x96, 0xE1, 0x01, 0xA4, 0x02, 0x82, 0x38, 0xA0, 0x8F, 0x30, 0x8B, 0xB8, 0x49, 0x22, 0x8C, 0x84,
    0x39, 0x19, 0xC5, 0xC1, 0xCF, 0x76, 0x4B, 0x01, 0x4C, 0x72, 0x02, 0x6A, 0x91, 0x3B, 0x0F, 0x65,
    0xFB, 0x9C, 0xF0, 0xF7, 0xDF, 0x92, 0x0A, 0x9F, 0x04, 0x01, 0x10, 0xD2, 0x08, 0x73, 0x8E, 0x1F,
    0x60, 0x2A, 0x20, 0xCD, 0x58, 0x05, 0x71, 0xA3, 0x9B, 0xE3, 0x55, 0x33, 0x8A, 0x1F, 0xFC, 0x28,
    0xE4, 0x20, 0xE8, 0x36, 0x38, 0x45, 0x18, 0x53, 0xB4, 0x98, 0x4A, 0xB4, 0x1E, 0x40, 0xEF, 0xC8,
    0xB4, 0xC2, 0x5F, 0x92, 0x6E, 0x8B, 0x41, 0x1E, 0xCB, 0xAF, 0x5B, 0x3F, 0xD9, 0x9A, 0xA0, 0xCB,
    0xF1, 0x3A, 0xA6, 0x9C, 0x1D, 0x11, 0x96, 0x13, 0x9E, 0x35, 0xEB, 0x09, 0x7D, 0x81, 0xD8, 0x06,
    0xA1, 0xCE, 0x23, 0x48, 0xB1, 0x66, 0x84, 0x7C, 0x95, 0x62, 0x89, 0xFA, 0x96, 0xA1, 0x58, 0xA2,
    0x2A, 0x45, 0x10, 0x3F, 0x96, 0x38, 0xB1, 0x79, 0xA0, 0x63, 0x47, 0xE2, 0x9E, 0x52, 0xF3, 0xF7,
    0x30, 0x88, 0xC8, 0xEF, 0xB3, 0x97, 0xAF, 0xCC, 0x22, 0x09, 0x35, 0xCC, 0x01, 0x91, 0x02, 0xAB,
    0x48, 0xB5, 0xFE, 0xF3, 0x6D, 0x4C, 0x1A, 0x8E, 0x89, 0xE7, 0xBD, 0xE8, 0xE3, 0xDD, 0x78, 0x1F,
    0x3D, 0x95, 0x9E, 0x12, 0x12, 0x3A, 0x99, 0xFA, 0x43, 0xB5, 0x90, 0xCB, 0x72, 0x49, 0x63, 0xB9,
    0x42, 0x23, 0x48, 0x45, 0x70, 0x53, 0x19, 0x04, 0x63, 0xB5, 0xA6, 0xD4, 0xF7, 0x1A, 0x97, 0xE6,
    0x7B, 0xE8, 0x8D, 0x8B, 0x7D, 0x72, 0xFE, 0xDA, 0x70, 0x56, 0x40, 0x2E, 0x9E, 0xAC, 0x5E, 0x2D,
    0xD0, 0x8A, 0xA4, 0xE8, 0x48, 0x75, 0x07, 0xB9, 0xBC, 0x3A, 0x11, 0x52, 0xDE, 0x92, 0xA1, 0xA6,
    0x0E, 0x92, 0x4B, 0x13, 0xA4, 0x04, 0x66, 0x4E, 0xF2, 0x40, 0xA8, 0xA5, 0xC0, 0x7C, 0xB5, 0x1F,
    0xAA, 0xC9, 0x47, 0xD1, 0x73, 0x96, 0x39, 0xE9, 0xE8, 0xC4, 0x2F, 0x85, 0x24, 0x18, 0xB4, 0x2F,
    0x42, 0x4D, 0x3E, 0xF2, 0x0A, 0x87, 0x96, 0xDA, 0x79, 0x74, 0x05, 0xC0, 0xD1, 0x5F, 0xFD, 0x50,
    0x60, 0xAC, 0x86, 0x1C, 0x9D, 0xEB, 0x53, 0x6A, 0x44, 0x60, 0x4B, 0x8B, 0x94, 0x4F, 0xD9, 0x65,
    0x17, 0x7B, 0x6A, 0x6A, 0x11, 0xB9, 0xB5, 0xF7, 0x77, 0xBF, 0x56, 0xE3, 0x69, 0x45, 0x5B, 0x56,
    0x94, 0x4B, 0xCC, 0x14, 0xF3, 0x95, 0x58, 0x2C, 0xBC, 0xEF, 0xF5, 0x20, 0x52, 0xE1, 0x69, 0x44,
    0xD0, 0x14, 0xD5, 0xCE, 0x44, 0x0D, 0x4D, 0xD4, 0xD2, 0x44, 0x4D, 0x4D, 0xD4, 0xD6, 0x44, 0x8D,
    0x4D, 0xD4, 0xDA, 0x44, 0x2D, 0xED, 0x12, 0x4F, 0x44, 0x5A, 0x9C, 0xD0, 0xE4, 0x6A, 0xF1, 0xE4,
    0x29, 0x4E, 0xB1, 0xC2, 0xA7, 0xA0, 0x86, 0xDF, 0x62, 0xB7, 0x8F, 0xB3, 0x45, 0x29, 0x28, 0x16,
    0x86, 0xE8, 0x75, 0x46, 0x06, 0x25, 0x38, 0x92, 0xBE, 0xA2, 0xDC, 0xDE, 0x3C, 0xE1, 0x5D, 0x15,
    0x15, 0x54, 0xF8, 0x95, 0x98, 0x20, 0x98, 0x56, 0x1F, 0x99, 0x90, 0x43, 0x2F, 0x6B, 0x5B, 0x35,
    0xDB, 0x55, 0x33, 0xDD, 0x36, 0xE5, 0x36, 0xED, 0x36, 0xF5, 0x36, 0xFD, 0x36, 0x05, 0x37, 0x0D,
    0x37, 0x15, 0x4D, 0xBB, 0x43, 0xA8, 0x96, 0x9B, 0x9A, 0x9B, 0x9E, 0xA6, 0xE8, 0xAE, 0xE9, 0xA6,
    0xAA, 0xE9, 0x4A, 0x65, 0xE5, 0xF8, 0x9C, 0xA8, 0x5F, 0x89, 0xC5, 0x8C, 0x2D, 0xB1, 0xC9, 0x8C,
    0x0D, 0xE6, 0x41, 0xD0, 0x17, 0xEC, 0xB6, 0xFC, 0xD9, 0x7D, 0xF3, 0xA1, 0xDE, 0xED, 0xD0, 0xDD,
    0xBE, 0xFF, 0x8F, 0xAE, 0x98, 0x9D, 0xFC, 0x8A, 0x94, 0xAB, 0x54, 0x1F, 0x5B, 0x58, 0x19, 0xA5,
    0xA1, 0x35, 0xE5, 0x60, 0x5F, 0x6F, 0xD6, 0xD7, 0x4C, 0xDB, 0xC3, 0x66, 0x54, 0x7B, 0x6B, 0xE5,
    0xEB, 0xD9, 0xA5, 0x2D, 0xAB, 0x62, 0xE2, 0xFB, 0x92, 0x7D, 0x54, 0x97, 0x1D, 0xB9, 0x8B, 0x73,
    0x84, 0x2E, 0x41, 0x4B, 0x4B, 0x13, 0x37, 0x16, 0xAB, 0x54, 0xAB, 0x0F, 0x66, 0xB6, 0x39, 0x3B,
    0x3A, 0x91, 0xBC, 0xDC, 0xB1, 0x8E, 0x8E, 0xAE, 0xD8, 0x4F, 0x30, 0x01, 0xF9, 0x55, 0xED, 0xF0,
    0x0F, 0x17, 0x61, 0x97, 0x4F, 0xC3, 0xF1, 0x6D, 0x62, 0xA2, 0xC2, 0xB3, 0x40, 0x4D, 0xF0, 0x7D,
    0x3C, 0x4A, 0x3C, 0xD0, 0x63, 0xAC, 0xB0, 0xA0, 0xF3, 0x53, 0x83, 0x16, 0x5D, 0xF9, 0xB0, 0xF9,
    0x48, 0x6D, 0xB7, 0xE9, 0x74, 0x4E, 0xDD, 0x50, 0xAC, 0x14, 0xAB, 0x3E, 0x5C, 0x92, 0x8A, 0x18,
    0x19, 0xD9, 0xE8, 0x5C, 0x27, 0x74, 0x0B, 0x93, 0xA8, 0x1F, 0x2A, 0x99, 0x13, 0x7D, 0x3B, 0x45,
    0xFF, 0xB7, 0xD5, 0x13, 0x0C, 0x12, 0xFC, 0x84, 0xEA, 0x6B, 0x1F, 0xA8, 0xC9, 0x44, 0xA4, 0x5C,
    0xEF, 0x6B, 0x60, 0x56, 0x50, 0x1B, 0x68, 0xA5, 0xC1, 0x93, 0x41, 0x07, 0x99, 0xBD, 0x4E, 0x34,
    0x9D, 0xF6, 0x4A, 0x74, 0xAE, 0xD0, 0x9E, 0x80, 0xE9, 0x44, 0xA5, 0xD8, 0xC9, 0x23, 0xD2, 0xA4,
    0xF9, 0x15, 0x41, 0x6E, 0xFB, 0x59, 0x9C, 0xC6, 0xFC, 0x5A, 0x1A, 0x8C, 0xFC, 0x9D, 0x56, 0xC6,
    0xF3, 0xD7, 0xC4, 0xCD, 0xEE, 0x13, 0x8C, 0x0D, 0x30, 0x00, 0xA8, 0x2B, 0x9A, 0xE3, 0xEF, 0xD7,
    0x72, 0xB4, 0x2A, 0xC2, 0x76, 0x15, 0x43, 0x42, 0x2D, 0xD6, 0xAA, 0x8D, 0xAD, 0xC3, 0x62, 0x04,
    0xE8, 0x2D, 0xC4, 0x97, 0x9A, 0xD5, 0x51, 0xD1, 0xC1, 0xFD, 0x5F, 0xF6, 0xE3, 0x02, 0x7B, 0xAA,
    0x16, 0x49, 0xFC, 0x9C, 0x7D, 0x64, 0xBD, 0x19, 0xB2, 0x47, 0x11, 0xF6, 0x49, 0x7D, 0x69, 0x82,
    0xD0, 0xB6, 0xB4, 0xE7, 0xA3, 0x6F, 0x9D, 0xA0, 0x45, 0x47, 0xB8, 0xE5, 0x04, 0x0E, 0x74, 0x95,
    0x91, 0x2B, 0xC5, 0x58, 0xAE, 0xD2, 0x8C, 0x2E, 0x88, 0xEF, 0xDD, 0xF8, 0xB7, 0xD0, 0xFA, 0xD1,
    0xAD, 0x82, 0xA1, 0x99, 0x23, 0x78, 0xD4, 0x18, 0xBE, 0xB2, 0x2F, 0x3A, 0xA3, 0x70, 0x1A, 0x53,
    0x46, 0xDD, 0x27, 0x54, 0x0D, 0x2B, 0xB9, 0xCE, 0x72, 0xD2, 0xA1, 0xBB, 0xF5, 0x50, 0xE7, 0xEA,
    0x2D, 0xF2, 0x62, 0xD7, 0x4E, 0x61, 0x34, 0x38, 0x96, 0x00, 0x9B, 0x1F, 0x9D, 0xC1, 0x46, 0xAD,
    0x97, 0xF0, 0x65, 0xFC, 0x50, 0x5D, 0x80, 0x20, 0x1B, 0x64, 0xD8, 0x1D, 0xBE, 0x50, 0x58, 0x08,
    0xC1, 0xB4, 0xB6, 0xD6, 0x4B, 0x8C, 0x3A, 0x44, 0x04, 0xCE, 0x36, 0x6F, 0x7B, 0xE9, 0xDE, 0xE5,
    0x58, 0x0F, 0x72, 0x04, 0x9A, 0xCD, 0x8E, 0x4B, 0x74, 0x14, 0x6E, 0xAD, 0x65, 0xA7, 0x64, 0xA4,
    0x76, 0xD7, 0x69, 0x26, 0x73, 0xC6, 0x85, 0xA2, 0x80, 0x2A, 0xE6, 0x6C, 0x40, 0xB1, 0x3C, 0x00,
    0xD9, 0x0F, 0x39, 0x34, 0xAE, 0x9B, 0xA8, 0xD5, 0x2E, 0xA0, 0xF4, 0x0A, 0x28, 0x41, 0x5D, 0xB1,
    0x54, 0x54, 0x14, 0x50, 0xAE, 0x05, 0x12, 0x4C, 0x3A, 0xC3, 0x24, 0x94, 0x9A, 0x38, 0x01, 0x5E,
    0x87, 0x65, 0x69, 0x06, 0xDA, 0x76, 0xED, 0xFB, 0x83, 0x8A, 0xAD, 0x49, 0x79, 0x9D, 0x91, 0x43,
    0x71, 0xE1, 0xB7, 0x20, 0xB4, 0x50, 0x35, 0xB5, 0x20, 0x9A, 0x76, 0xAB, 0x63, 0x7E, 0x44, 0x21,
    0x55, 0xE1, 0xCD, 0x76, 0xD3, 0xC0, 0x14, 0x30, 0xFE, 0x58, 0x2A, 0x6C, 0xEC, 0x8D, 0x3C, 0xD7,
    0xFC, 0xD5, 0xA8, 0x1B, 0x73, 0x23, 0x6E, 0xBC, 0x8D, 0xB6, 0xB1, 0x36, 0xD2, 0xC6, 0xD9, 0x28,
    0x1B, 0xE3, 0x83, 0x30, 0x3A, 0xA3, 0xAB, 0x6C, 0x6B, 0x25, 0xAB, 0x5C, 0x83, 0x51, 0x35, 0xA6,
    0xD7, 0x89, 0x26, 0x98, 0x0F, 0x63, 0xEC, 0x4E, 0x00, 0x38, 0x47, 0xBF, 0x65, 0x73, 0xED, 0x02,
    0x81, 0x2A, 0xFA, 0xD1, 0xD1, 0x04, 0x1D, 0x68, 0x8C, 0x84, 0x2F, 0x13, 0xD2, 0x55, 0x30, 0x46,
    0x88, 0xC6, 0xB8, 0x48, 0x34, 0xC6, 0x70, 0x25, 0xCB, 0x4A, 0x2E, 0x8D, 0xF1, 0xEE, 0x63, 0x79,
    0xF9, 0xAD, 0x6A, 0x96, 0x6A, 0x8E, 0xE0, 0xC6, 0x32, 0x5C, 0xCD, 0xDF, 0xEA, 0x22, 0xA4, 0x90,
    0x3C, 0xE4, 0x21, 0x42, 0x31, 0x4B, 0xB6, 0x54, 0x51, 0xC5, 0xC5, 0x0D, 0x92, 0xAE, 0x4D, 0x17,
    0x01, 0x35, 0x75, 0xD5, 0x20, 0x44, 0x60, 0x4C, 0x23, 0x14, 0x84, 0xEA, 0xD3, 0x08, 0xCD, 0x07,
    0x8C, 0xF4, 0xEF, 0x45, 0xC0, 0x6B, 0x21, 0xC2, 0x3F, 0x24, 0x3C, 0x9D, 0x45, 0xBC, 0x99, 0x65,
    0x67, 0xEB, 0x94, 0x7D, 0x3C, 0x69, 0x00, 0x09, 0x42, 0x83, 0x0F, 0x31, 0x3B, 0x8E, 0xE5, 0x2B,
    0x1E, 0xD3, 0x3D, 0x29, 0xD0, 0x6D, 0x77, 0x03, 0xB1, 0x73, 0x8E, 0x6E, 0xB1, 0x38, 0xDE, 0x5E,
    0x06, 0x06, 0xE9, 0x20, 0x0D, 0xC1, 0x0F, 0xE4, 0xAF, 0x19, 0xE1, 0x85, 0x65, 0x19, 0x3D, 0x87,
    0xAF, 0x36, 0x56, 0xBA, 0x38, 0x9C, 0xCE, 0x51, 0xDF, 0x14, 0x52, 0x86, 0x0C, 0xF1, 0xF1, 0x7C,
    0x65, 0xEA, 0x16, 0x61, 0x2A, 0x2E, 0x1B, 0x62, 0x1B, 0x43, 0x45, 0xCF, 0x76, 0x11, 0x7A, 0x37,
    0x09, 0x3A, 0x37, 0x26, 0xE8, 0x9A, 0xF1, 0x44, 0xCF, 0xCF, 0x23, 0x4C, 0x0E, 0xB5, 0xAE, 0x79,
    0x0D, 0xC1, 0xE1, 0xE7, 0xAB, 0x94, 0xF8, 0xA3, 0x55, 0x92, 0xC7, 0xEA, 0x7D, 0x0A, 0x65, 0x78,
    0xBE, 0x97, 0x7F, 0xFE, 0x2C, 0xF0, 0x4E, 0x04, 0x66, 0x8F, 0x78, 0x8A, 0xF9, 0x6A, 0x16, 0x38,
    0xB9, 0x08, 0x5D, 0x19, 0xAE, 0xEB, 0x31, 0x31, 0x0F, 0x1D, 0x9F, 0xAB, 0xC7, 0x44, 0x3D, 0xC6,
    0x6B, 0x7A, 0x5C, 0xA1, 0x91, 0xFD, 0xF5, 0xD0, 0xB0, 0x91, 0xBC, 0x41, 0x63, 0x5B, 0x94, 0x34,
    0xFE, 0xF0, 0x62, 0xBD, 0x34, 0xA2, 0x89, 0x40, 0xAF, 0x79, 0x83, 0xBE, 0x40, 0xE3, 0x52, 0x9E,
    0xCC, 0x2E, 0x99, 0xB0, 0x8B, 0x24, 0x87, 0xAB, 0x68, 0x4C, 0xAD, 0x66, 0x63, 0xEF, 0x46, 0x53,
    0xC0, 0xF3, 0x1C, 0x34, 0x98, 0x32, 0x96, 0x36, 0x80, 0x46, 0xD2, 0x2F, 0xE3, 0x4F, 0xB4, 0xD7,
    0x14, 0xD6, 0x64, 0xCE, 0x73, 0x15, 0x0B, 0x4F, 0x81, 0x36, 0x52, 0xA7, 0x88, 0x07, 0xBF, 0x64,
    0x7A, 0xBD, 0xAA, 0xF7, 0x07, 0x4E, 0x28, 0x9D, 0x84, 0x7E, 0xC2, 0x83, 0x49, 0x52, 0x3C, 0x02,
    0x8F, 0x86, 0xB9, 0xB7, 0x24, 0x0F, 0x45, 0xCE, 0xE7, 0xC7, 0x62, 0x49, 0xFB, 0x78, 0x8A, 0x67,
    0xF2, 0x64, 0x7D, 0xC8, 0x07, 0x8D, 0xDB, 0x75, 0x7E, 0x3A, 0xBE, 0xE0, 0xD9, 0x6B, 0x78, 0x70,
    0x58, 0xE3, 0xB9, 0x30, 0x6B, 0xD1, 0xD3, 0xB2, 0x58, 0x74, 0x1A, 0x35, 0x4E, 0x7A, 0xB6, 0xCF,
    0x25, 0xFE, 0xFA, 0x12, 0x2F, 0xC3, 0xD7, 0x2B, 0x04, 0xCF, 0xE0, 0xE7, 0xE3, 0xC5, 0x6F, 0x39,
    0x3A, 0xC0, 0xCF, 0xEA, 0x63, 0x1C, 0x8E, 0x7E, 0x12, 0x3D, 0x47, 0xD1, 0x60, 0xCB, 0xB3, 0x99,
    0x19, 0xA6, 0x98, 0x6A, 0xD6, 0x1B, 0xA1, 0xEE, 0xE8, 0x97, 0x7D, 0xEA, 0x29, 0xF9, 0xA7, 0x10,
    0xA7, 0x36, 0xBF, 0xCA, 0xBB, 0xD5, 0x2A, 0xBE, 0x5C, 0x34, 0x80, 0x55, 0xB6, 0x61, 0x0A, 0xE2,
    0x9E, 0xDD, 0xA3, 0x6E, 0x37, 0xF5, 0xBB, 0xD9, 0x9C, 0xBC, 0xF4, 0xC6, 0x95, 0xF1, 0x9C, 0xF6,
    0xF1, 0x1C, 0xF6, 0x54, 0xBA, 0x4B, 0x18, 0xF0, 0x5A, 0x9B, 0x87, 0x63, 0x2A, 0x74, 0x1E, 0x8E,
    0xA9, 0xD0, 0xE7, 0x8E, 0x47, 0x2D, 0x1D, 0x5F, 0x45, 0xE7, 0x59, 0x18, 0xCA, 0xEF, 0x69, 0x47,
    0xE6, 0x8C, 0xBB, 0x37, 0x8A, 0x33, 0x9C, 0x14, 0x47, 0x5B, 0xE4, 0x8E, 0x35, 0x0E, 0x17, 0xE7,
    0xF3, 0xDB, 0x02, 0x00, 0x8B, 0x62, 0x48, 0x14, 0x4F, 0xF8, 0xF8, 0xAC, 0x39, 0x6F, 0x24, 0x66,
    0x7C, 0xD4, 0xEC, 0x79, 0xD1, 0x4C, 0xE4, 0xC6, 0xBD, 0xCD, 0xC2, 0xD9, 0x29, 0x42, 0x81, 0x31,
    0x62, 0x85, 0x85, 0xBB, 0x32, 0xD0, 0x31, 0x5E, 0xFE, 0x26, 0x5A, 0x37, 0x49, 0xAA, 0xF6, 0x9F,
    0xEC, 0xD8, 0x28, 0x8A, 0xAD, 0xEA, 0x2F, 0x89, 0x2E, 0x0B, 0x6D, 0x79, 0xB9, 0x2C, 0x34, 0xC0,
    0xA4, 0xF1, 0xBF, 0xBB, 0x4C, 0xF3, 0x5E, 0xD2, 0x10, 0x46, 0x63, 0x3F, 0xB7, 0x29, 0xA8, 0x0F,
    0xBA, 0x0C, 0x51, 0x97, 0xD8, 0x0E, 0x9D, 0x6F, 0x3C, 0xA1, 0x2B, 0x16, 0x69, 0x48, 0x94, 0x01,
    0x31, 0xCA, 0x9A, 0x72, 0xE0, 0xCD, 0x4C, 0xB1, 0xB3, 0xED, 0xA1, 0x9C, 0x0F, 0xC9, 0xB5, 0x87,
    0x28, 0xF9, 0x50, 0xC3, 0x87, 0x34, 0x90, 0x16, 0xA8, 0x9B, 0x28, 0xA7, 0x06, 0x7F, 0x8C, 0x59,
    0x73, 0x7C, 0x32, 0x6A, 0x54, 0x32, 0xBC, 0xFE, 0x08, 0x78, 0xC0, 0xCC, 0xB0, 0xF6, 0x73, 0x15,
    0x55, 0x79, 0x24, 0x2F, 0xD7, 0xF2, 0x37, 0x8C, 0x5F, 0xB3, 0xF1, 0x6B, 0x36, 0x7E, 0x36, 0xC7,
    0xE6, 0x0A, 0x2A, 0x3B, 0x15, 0xC9, 0x26, 0x4F, 0x26, 0x75, 0x42, 0x4C, 0x5E, 0x49, 0xAB, 0xCF,
    0xBF, 0xAD, 0x7C, 0x04, 0xAF, 0x63, 0x6C, 0x68, 0xA1, 0x1E, 0x17, 0xBA, 0x2E, 0xEB, 0xA7, 0x3F,
    0x61, 0xF5, 0xF8, 0x33, 0x0C, 0xDC, 0xA5, 0x43, 0x28, 0xEB, 0x1B, 0x2A, 0xDD, 0x18, 0x87, 0xD3,
    0xB5, 0x71, 0xE0, 0x43, 0xF2, 0xDC, 0x87, 0x8A, 0xAB, 0xE3, 0x90, 0x5E, 0x1B, 0x07, 0xFD, 0x54,
    0x26, 0xCD, 0xB6, 0x8F, 0xB4, 0xAD, 0x82, 0x49, 0xB7, 0xE9, 0xEB, 0xD1, 0x9A, 0x5C, 0x88, 0x6A,
    0x4F, 0xC7, 0xE7, 0xEE, 0xC3, 0x66, 0xE2, 0xBD, 0x3F, 0xC2, 0x42, 0xF1, 0x14, 0x60, 0x43, 0x50,
    0xE1, 0xF1, 0x84, 0x02, 0x73, 0xA6, 0xA2, 0x4F, 0x55, 0x70, 0x6E, 0xC5, 0x54, 0x12, 0x6A, 0x12,
    0x05, 0x15, 0x59, 0x28, 0xA4, 0x08, 0x2A, 0xC8, 0xD0, 0xB4, 0x11, 0x6A, 0x1E, 0x05, 0x75, 0x98,
    0x44, 0x74, 0x89, 0x50, 0x41, 0xB2, 0xBA, 0x4C, 0xEC, 0x1E, 0xCA, 0xEF, 0x0F, 0x2D, 0x0A, 0x0C,
    0xA6, 0x4B, 0x67, 0xAA, 0x58, 0x5E, 0xBA, 0xDC, 0x50, 0x80, 0x13, 0xD4, 0x0B, 0xFE, 0x08, 0x93,
    0xC0, 0x9B, 0xDF, 0x06, 0x4E, 0x0A, 0xEB, 0x26, 0x65, 0xD0, 0x11, 0xFE, 0xC5, 0x95, 0x7F, 0xF9,
    0xAC, 0x95, 0xFF, 0xC5, 0x4B, 0xD5, 0x7E, 0x35, 0x11, 0xE6, 0x2D, 0xF5, 0x11, 0x02, 0x09, 0x9D,
    0xDB, 0x5B, 0x6F, 0x0B, 0x86, 0x7C, 0x11, 0xC4, 0x76, 0x13, 0xC2, 0x09, 0x33, 0x3B, 0x0F, 0xE5,
    0x1C, 0xA1, 0x9A, 0x52, 0xAC, 0x6E, 0xCC, 0x56, 0xB8, 0x31, 0x0F, 0x60, 0xE7, 0x68, 0x86, 0x22,
    0x78, 0xF4, 0xC5, 0xEC, 0xD0, 0x95, 0x84, 0x6A, 0xAA, 0xD8, 0x79, 0x81, 0x96, 0x50, 0xC7, 0x3B,
    0x21, 0x0D, 0xCD, 0xE3, 0xCA, 0x3E, 0xBA, 0xC2, 0x62, 0x3B, 0x19, 0x2D, 0x8A, 0x14, 0x88, 0xEA,
    0x53, 0x05, 0xB2, 0x6F, 0xC6, 0xE6, 0x67, 0xF7, 0x9B, 0xD1, 0x03, 0x18, 0x01, 0x60, 0x30, 0xF8,
    0xE1, 0x7D, 0xF4, 0x1A, 0x5E, 0x39, 0x83, 0x2D, 0x3D, 0x48, 0xDC, 0xEA, 0x83, 0x65, 0xA0, 0x85,
    0x6D, 0x6F, 0xD7, 0x5F, 0xD8, 0x4D, 0x26, 0x7E, 0x3D, 0x9F, 0x5B, 0xC6, 0x21, 0x7E, 0xEF, 0x55,
    0x9C, 0xA0, 0x82, 0x35, 0xBF, 0x5E, 0xB3, 0x78, 0x4D, 0xD0, 0x82, 0x0A, 0x8E, 0xD8, 0x0F, 0xEF,
    0x89, 0xE7, 0xFA, 0x67, 0x26, 0x8D, 0x59, 0x2D, 0x06, 0xD3, 0xA5, 0xE1, 0x0C, 0x99, 0x8A, 0x51,
    0xB7, 0x2E, 0x9E, 0xF3, 0xA0, 0x41, 0x8F, 0x77, 0x56, 0x26, 0x0A, 0x73, 0x66, 0xED, 0x68, 0x8C,
    0x84, 0xFE, 0xDD, 0x66, 0xE7, 0x5A, 0xEA, 0x48, 0x6D, 0xD3, 0x51, 0xD9, 0x77, 0xD8, 0x6A, 0x36,
    0xCF, 0xFE, 0x01, 0x98, 0xAB, 0x77, 0x52, 0x42, 0x4A, 0x4D, 0x23, 0x5A, 0x17, 0xD2, 0x45, 0x83,
    0x6E, 0xBE, 0x9C, 0xD0, 0x79, 0x9D, 0x89, 0x0E, 0x83, 0x89, 0xBE, 0x8C, 0xA2, 0x45, 0x5F, 0xCD,
    0x29, 0x85, 0xA3, 0x6D, 0x63, 0xF4, 0xA1, 0x8C, 0x02, 0x2B, 0xE3, 0x7F, 0x83, 0x60, 0x94, 0x46,
    0x8F, 0x91, 0x4D, 0xEB, 0xDE, 0xF4, 0x9F, 0xEE, 0x89, 0xC7, 0xED, 0x7B, 0x2A, 0xDC, 0x68, 0x62,
    0x50, 0xD1, 0x6C, 0x9E, 0xD6, 0xA9, 0xC0, 0x75, 0xD1, 0x12, 0x1F, 0xA8, 0x0E, 0x39, 0x60, 0x95,
    0x13, 0x4D, 0x69, 0x77, 0xA5, 0x3F, 0x58, 0x1B, 0xCE, 0x46, 0xB6, 0xD0, 0xE1, 0x43, 0x1E, 0x38,
    0xEB, 0xA3, 0xDA, 0x2D, 0x36, 0x31, 0x14, 0x33, 0x45, 0x5F, 0x4E, 0x19, 0x45, 0x45, 0xC3, 0xC0,
    0xA0, 0x95, 0x0A, 0x3F, 0x3A, 0xEE, 0x51, 0x5D, 0x70, 0xFF, 0x1B, 0x93, 0x0D, 0xE4, 0xA0, 0x03,
    0x69, 0x79, 0x3A, 0x82, 0x76, 0xAE, 0x24, 0x12, 0x3C, 0x14, 0x15, 0xB5, 0x59, 0x93, 0x45, 0xBB,
    0xEB, 0x62, 0x55, 0x91, 0x2D, 0x5B, 0x51, 0xE1, 0x7C, 0x2D, 0x4B, 0xE2, 0x79, 0x24, 0x36, 0x93,
    0x5C, 0x5B, 0xF8, 0xC1, 0xA4, 0xAB, 0x97, 0x0C, 0xDD, 0x97, 0x2A, 0x74, 0x5C, 0xC1, 0xDC, 0xC2,
    0x05, 0x10, 0xB5, 0xEF, 0x21, 0x7F, 0xF7, 0x4A, 0x89, 0x0E, 0xFD, 0xF3, 0x8A, 0x8B, 0x84, 0xFA,
    0xC5, 0x5B, 0xDC, 0x9B, 0xF9, 0xF5, 0x74, 0x75, 0x17, 0x4D, 0x0A, 0xCA, 0x81, 0x24, 0x84, 0x2C,
    0x6C, 0x21, 0x25, 0x0F, 0x21, 0x11, 0x21, 0x13, 0x52, 0xF9, 0x2B, 0xD2, 0xED, 0x67, 0xA8, 0xFD,
    0x0F, 0xA2, 0x6E, 0xE4, 0x7C, 0x9C, 0xE3, 0x76, 0xCE, 0x96, 0x68, 0xDD, 0x66, 0xE9, 0xFC, 0x14,
    0x24, 0x5B, 0xAB, 0x20, 0xF9, 0xE2, 0xB9, 0x91, 0xD4, 0x69, 0x57, 0xEF, 0x5B, 0x1F, 0xD9, 0xDE,
    0xBB, 0x02, 0x35, 0x39, 0xF6, 0x78, 0xD4, 0x4E, 0x23, 0xB3, 0x57, 0xC5, 0x0E, 0x18, 0x38, 0x62,
    0xFD, 0x3E, 0x6C, 0x47, 0x85, 0x8C, 0x90, 0x83, 0xE3, 0x74, 0x00, 0x9B, 0x2B, 0x97, 0xCB, 0xCA,
    0xC0, 0x01, 0xF3, 0x95, 0xE8, 0x29, 0xF8, 0x9D, 0x55, 0xF0, 0x20, 0x24, 0xF0, 0x8C, 0x9C, 0x8F,
    0x8D, 0x7C, 0xA7, 0xB3, 0x91, 0xE1, 0x73, 0x8F, 0xD1, 0x91, 0x6C, 0x52, 0xAE, 0x22, 0x80, 0x88,
    0x6D, 0x77, 0x45, 0x73, 0x32, 0xFB, 0xF8, 0xC0, 0xB4, 0x55, 0x9C, 0xA6, 0xBB, 0xB3, 0x60, 0xFD,
    0x2F, 0xD4, 0x66, 0x4B, 0x36, 0x7F, 0xA9, 0xFE, 0x44, 0x95, 0x2E, 0xB8, 0x71, 0x1F, 0x33, 0xA6,
    0x00, 0x37, 0x13, 0x43, 0x4D, 0x28, 0x79, 0xB4, 0x47, 0x6E, 0x8F, 0xEB, 0xB9, 0x7D, 0x38, 0x72,
    0x51, 0x4D, 0xE3, 0x35, 0xB4, 0x46, 0xE0, 0xB3, 0x60, 0xD9, 0xF3, 0x4F, 0xC1, 0x25, 0xD7, 0x47,
    0x10, 0x05, 0x86, 0xB1, 0x48, 0x39, 0x07, 0xD8, 0x39, 0xD6, 0x7D, 0x22, 0x59, 0x2E, 0x0B, 0x4E,
    0x37, 0xD5, 0xE1, 0x72, 0x43, 0x84, 0x08, 0xEA, 0xCD, 0x54, 0xF0, 0xFC, 0x90, 0x26, 0xC7, 0x65,
    0x9D, 0xE8, 0x02, 0xCD, 0xDF, 0xB3, 0x70, 0xF0, 0x87, 0x3A, 0xDA, 0xAF, 0x69, 0x92, 0xFF, 0x1F,
    0x75, 0x39, 0xB5, 0x5D, 0x35, 0xB0, 0x47, 0x8C, 0x62, 0xE1, 0xFC, 0x6A, 0x04, 0xDB, 0xB0, 0x0C,
    0x6C, 0xB2, 0x9A, 0xB7, 0xCC, 0xD1, 0x30, 0x28, 0x0E, 0xA2, 0xD9, 0xBA, 0x1C, 0x5B, 0x6C, 0x6D,
    0xA6, 0x66, 0x70, 0xE8, 0xB7, 0x32, 0xFC, 0x50, 0xED, 0x25, 0xD1, 0x61, 0xCF, 0x0C, 0x74, 0xAB,
    0x5D, 0xDA, 0xF2, 0xC6, 0xDF, 0xFD, 0x6E, 0x47, 0xBA, 0xAE, 0xB7, 0x84, 0xF5, 0xCA, 0x9B, 0x9D,
    0x89, 0xD0, 0x8A, 0xFB, 0xFE, 0x63, 0x11, 0xC7, 0x96, 0x5C, 0x7F, 0x69, 0xC1, 0xA0, 0xDD, 0x5D,
    0xFA, 0xB1, 0xBC, 0xB1, 0x39, 0xDC, 0x4A, 0x6C, 0xA0, 0x21, 0xC8, 0xDA, 0x0D, 0x42, 0x6A, 0xFF,
    0x5E, 0x5D, 0xFC, 0x97, 0xCC, 0xD8, 0x0D, 0xAF, 0x57, 0x59, 0x8E, 0xEA, 0xBF, 0x61, 0xFD, 0xFC,
    0xEA, 0xBF, 0xE1, 0xA2, 0x18, 0x6E, 0x74, 0x3B, 0x5D, 0x76, 0xE5, 0x60, 0xD8, 0xE9, 0x68, 0xD4,
    0xC4, 0xE5, 0x5A, 0xFE, 0x91, 0xBC, 0xDB, 0x5E, 0xD6, 0xCE, 0x1A, 0xED, 0x73, 0xD3, 0xEB, 0xCF,
    0x15, 0xB5, 0x4B, 0xBC, 0xB0, 0xCB, 0xF0, 0x5C, 0x4D, 0x13, 0x1F, 0x37, 0x71, 0x3A, 0x53, 0x8A,
    0xED, 0x8E, 0xB7, 0xF1, 0xC3, 0x43, 0x53, 0xE2, 0x67, 0x6B, 0x7A, 0xA3, 0x5B, 0xED, 0xAA, 0xC0,
    0x4C, 0x54, 0xBD, 0x2A, 0xF4, 0xFB, 0x5C, 0x1D, 0xFE, 0x59, 0x72, 0x37, 0xDA, 0x6A, 0x8C, 0xEB,
    0x19, 0xF1, 0x5E, 0xBC, 0x2D, 0x33, 0x17, 0xBA, 0xBE, 0x2D, 0x63, 0x4D, 0x16, 0xAD, 0x63, 0x6A,
    0xD2, 0x6E, 0x33, 0xFF, 0x60, 0x10, 0x8B, 0x8B, 0x47, 0xD7, 0xC7, 0xF0, 0x36, 0xAA, 0xBC, 0x1F,
    0x89, 0x30, 0x3C, 0xA6, 0xF6, 0x74, 0x4D, 0xD5, 0x43, 0xE1, 0x0C, 0xF5, 0xA1, 0xE4, 0x86, 0x87,
    0xC2, 0xE5, 0xA1, 0xB0, 0xB8, 0x1B, 0x23, 0xEC, 0xC7, 0xE7, 0x76, 0x48, 0x6D, 0x75, 0xC1, 0x64,
    0x5B, 0x58, 0xF7, 0x92, 0x62, 0xF3, 0x2D, 0x5D, 0xB0, 0x75, 0x54, 0x7D, 0xB9, 0xEA, 0x44, 0x87,
    0x4B, 0x15, 0x72, 0x65, 0xB3, 0x97, 0x53, 0xE9, 0x37, 0x29, 0xC0, 0x56, 0xF8, 0x55, 0x7D, 0xB9,
    0x6F, 0x7F, 0x71, 0x68, 0xD3, 0x89, 0x6E, 0x80, 0xD6, 0xC7, 0x13, 0x80, 0xEA, 0x7E, 0xEC, 0x9F,
    0x6B, 0x5D, 0xA9, 0x4F, 0x2B, 0x39, 0xC6, 0xF1, 0xCC, 0x82, 0x48, 0x1E, 0xB6, 0x36, 0x58, 0x5E,
    0x9F, 0xE4, 0x96, 0x5F, 0x1F, 0x33, 0x0A, 0x31, 0x08, 0xF1, 0x7C, 0x19, 0x1F, 0x3F, 0xBC, 0x5A,
    0x42, 0xB0, 0xE8, 0x5A, 0x5F, 0xA7, 0xA1, 0x54, 0x3E, 0x3B, 0xC2, 0xEA, 0x35, 0x46, 0x3D, 0x19,
    0x14, 0x18, 0x61, 0xE5, 0x3E, 0x37, 0x0C, 0x8F, 0x4E, 0xE7, 0xDA, 0x36, 0x2F, 0xB6, 0x85, 0xB3,
    0x8D, 0x8B, 0x6D, 0x5B, 0x6C, 0xD3, 0xA2, 0x9B, 0xB1, 0xE0, 0x89, 0x33, 0x01, 0xD3, 0x3B, 0x38,
    0xFB, 0xF5, 0x91, 0xED, 0x08, 0x6C, 0x97, 0xA7, 0x1B, 0x22, 0xB2, 0x40, 0x44, 0x64, 0x8A, 0xC0,
    0xA0, 0xF1, 0x8E, 0x0B, 0xED, 0xDA, 0x90, 0xFB, 0x18, 0xD1, 0xDE, 0xD6, 0xBE, 0x7C, 0x7E, 0x78,
    0x3E, 0x97, 0x18, 0x80, 0x0A, 0x3D, 0x56, 0x87, 0xEF, 0x62, 0xBD, 0x83, 0x1A, 0x6F, 0xA5, 0xAB,
    0x16, 0x2E, 0xC5, 0x77, 0xE5, 0xA4, 0x95, 0xFA, 0xC8, 0xAA, 0x19, 0x22, 0xD0, 0x7A, 0x15, 0x7A,
    0x9A, 0x72, 0x87, 0x21, 0x8D, 0xC0, 0x90, 0xEC, 0x39, 0xBD, 0x6E, 0xCB, 0x37, 0x07, 0xAB, 0x3E,
    0x1D, 0xEF, 0x37, 0x4E, 0x67, 0xB5, 0xF2, 0x8C, 0x5A, 0x65, 0x4C, 0x56, 0x23, 0x30, 0xCD, 0x9A,
    0x8E, 0x7D, 0x43, 0x49, 0x88, 0x9A, 0x34, 0xAC, 0x3A, 0xFA, 0x71, 0xAB, 0xB4, 0xC5, 0x3E, 0x34,
    0xCE, 0x37, 0x1A, 0xF1, 0x27, 0xA7, 0x7D, 0x04, 0x82, 0xEA, 0xC6, 0x29, 0x38, 0x5E, 0x22, 0x15,
    0x88, 0xA2, 0x52, 0xCF, 0x26, 0x78, 0x9D, 0x6D, 0x4F, 0x95, 0x59, 0x63, 0x5D, 0x22, 0xE4, 0xA1,
    0xE9, 0xA5, 0x98, 0x23, 0x54, 0xA3, 0x1B, 0xC4, 0x0D, 0x11, 0xFC, 0xBE, 0x3D, 0x39, 0x71, 0x73,
    0x90, 0xEA, 0xEA, 0xB2, 0xB3, 0x9A, 0xAA, 0x49, 0xAA, 0xF9, 0xEE, 0x23, 0xAD, 0x25, 0x63, 0x3E,
    0x61, 0xA4, 0xA0, 0xD7, 0x9D, 0x30, 0x67, 0x96, 0x90, 0xD0, 0xFB, 0x32, 0x13, 0xC5, 0xA7, 0x73,
    0xF5, 0x74, 0x94, 0xF2, 0xA7, 0xC1, 0x7D, 0x38, 0x8A, 0xFB, 0x71, 0x68, 0x9E, 0x44, 0xF1, 0x41,
    0x40, 0x35, 0x8A, 0x7F, 0x6F, 0xA6, 0xC0, 0xB7, 0x2E, 0x96, 0x6A, 0x3A, 0x21, 0xFD, 0x39, 0x77,
    0x2F, 0x51, 0xCC, 0xD5, 0x94, 0xAD, 0x29, 0xA2, 0xEA, 0x45, 0xD8, 0x05, 0x33, 0x69, 0x7E, 0xDB,
    0x55, 0xB3, 0xA3, 0xF6, 0x91, 0xC2, 0xC3, 0xD3, 0x99, 0x24, 0x58, 0xF4, 0x34, 0xC7, 0x9A, 0xD5,
    0x53, 0x46, 0x7A, 0xA6, 0xA2, 0x5B, 0x1F, 0x1E, 0x5E, 0xD7, 0x1D, 0x91, 0xEB, 0x4A, 0x74, 0xAE,
    0x40, 0x74, 0x8A, 0x5E, 0x11, 0xA8, 0xE9, 0x05, 0x9E, 0x79, 0x62, 0x20, 0xE6, 0x81, 0xE9, 0x76,
    0x31, 0x11, 0x9D, 0x1A, 0x4A, 0xD3, 0x37, 0xEA, 0x38, 0x8E, 0xD9, 0x5A, 0xEB, 0xA8, 0xB2, 0x44,
    0xCC, 0x56, 0xA2, 0x8E, 0x91, 0x94, 0xB3, 0x3A, 0xDC, 0x48, 0x8C, 0x63, 0xF5, 0xE6, 0x43, 0x1B,
    0xD0, 0xE9, 0x44, 0xE6, 0xBA, 0x7F, 0xD5, 0x5A, 0x53, 0xBC, 0x2D, 0x0F, 0x7C, 0x74, 0xF1, 0x5A,
    0xF2, 0xE6, 0xE4, 0x41, 0xB7, 0x7C, 0xBB, 0x3E, 0x18, 0x5F, 0x9C, 0xC8, 0xD2, 0x53, 0xCE, 0xE7,
    0x47, 0x36, 0xFD, 0x0D, 0xC1, 0xD3, 0xD8, 0xDE, 0x7C, 0x07, 0x24, 0x8D, 0x3D, 0x32, 0xF9, 0xC9,
    0xD2, 0x39, 0xCB, 0xDF, 0x8E, 0xBF, 0x63, 0xD4, 0xF6, 0x2C, 0x8C, 0x48, 0xB9, 0x59, 0xEC, 0x42,
    0x08, 0x6C, 0x4E, 0x83, 0xB9, 0xC2, 0xBC, 0x43, 0xA9, 0x2D, 0x1B, 0xF4, 0xE4, 0x30, 0xE8, 0x7B,
    0xE4, 0xEB, 0x34, 0x06, 0xD2, 0xE8, 0x49, 0xA3, 0xD6, 0xA1, 0xDE, 0x69, 0xEC, 0xDD, 0x69, 0x9C,
    0x2B, 0x58, 0xF2, 0x77, 0xB3, 0x0F, 0x82, 0x1F, 0x21, 0xA4, 0xF8, 0xDE, 0x18, 0x72, 0x14, 0x7F,
    0x1C, 0x4A, 0xBA, 0xB2, 0x56, 0xE8, 0x09, 0x5D, 0x43, 0x42, 0x72, 0x7A, 0xC6, 0xA4, 0x7D, 0x14,
    0x03, 0xFB, 0xBC, 0xCC, 0x6A, 0x9A, 0x92, 0xAE, 0x80, 0x85, 0x10, 0xE4, 0xCE, 0xF9, 0x72, 0xC8,
    0x52, 0xED, 0x7C, 0xD9, 0xE3, 0x32, 0x89, 0xA6, 0xA6, 0xFE, 0x44, 0x35, 0x56, 0x5E, 0xA1, 0x96,
    0x5B, 0xBF, 0xBB, 0x8F, 0xAA, 0x3E, 0x76, 0x7D, 0xB8, 0x4F, 0x7C, 0xA4, 0xE8, 0x0A, 0xD8, 0xB8,
    0xEC, 0xEE, 0xDC, 0x4B, 0x82, 0x55, 0x97, 0x68, 0x75, 0x65, 0x66, 0x74, 0xD9, 0xF6, 0x5E, 0xDF,
    0xFC, 0x70, 0xC7, 0x61, 0x77, 0x42, 0x1B, 0x80, 0x44, 0xC9, 0x65, 0xDA, 0x57, 0xA5, 0x16, 0x88,
    0x69, 0xDF, 0x71, 0xEB, 0xDC, 0x2B, 0x2A, 0x77, 0xFD, 0xE2, 0x16, 0x6C, 0x5D, 0xB1, 0xF5, 0x66,
    0x5B, 0x81, 0x78, 0x7B, 0x01, 0x6A, 0xA0, 0xB4, 0x98, 0xCB, 0xF9, 0x3F, 0x25, 0x3B, 0x48, 0x85,
    0x10, 0x31, 0xD7, 0xDD, 0xF0, 0x03, 0x9D, 0x05, 0xDD, 0x98, 0x28, 0x11, 0x25, 0x45, 0xDE, 0x79,
    0x2B, 0xA4, 0xC2, 0x20, 0xF1, 0x8C, 0x8B, 0x48, 0x5F, 0x02, 0x13, 0x27, 0xDB, 0x5D, 0xF8, 0xA5,
    0xAC, 0xCB, 0xF5, 0x4B, 0x9C, 0xB2, 0xE3, 0x0C, 0x46, 0xDE, 0x4F, 0xCA, 0x93, 0xF3, 0xEF, 0x41,
    0x37, 0x8F, 0x67, 0xBF, 0xD7, 0x8A, 0x6F, 0x06, 0xFA, 0x70, 0xBD, 0x26, 0x2D, 0x27, 0x26, 0x31,
    0x0E, 0x81, 0x3D, 0xA2, 0xCE, 0x49, 0xAC, 0xC4, 0x27, 0xDC, 0x46, 0xCB, 0x37, 0x78, 0xD7, 0x97,
    0xD4, 0x3A, 0x0C, 0xB0, 0x5F, 0xB1, 0x53, 0xF6, 0x4E, 0x80, 0x5C, 0x9A, 0xDC, 0xB8, 0x8F, 0x24,
    0x86, 0x5F, 0x62, 0x9F, 0x87, 0x6D, 0x3F, 0xF6, 0xC2, 0x7D, 0xCB, 0x8B, 0x77, 0x45, 0xEA, 0x46,
    0x2B, 0x7B, 0x62, 0x07, 0xA5, 0x76, 0x75, 0x7C, 0xAD, 0x64, 0x9B, 0xEB, 0xE0, 0xC7, 0x53, 0x1D,
    0xB9, 0x66, 0x53, 0xCE, 0x49, 0xDB, 0xFF, 0x63, 0x46, 0x4D, 0x95, 0x43, 0xBF, 0xD7, 0x90, 0x73,
    0xEE, 0x99, 0x3D, 0x56, 0x4E, 0xFC, 0xC2, 0xA9, 0x0A, 0x66, 0x6B, 0x7E, 0x91, 0xAF, 0x8A, 0x25,
    0xCB, 0x03, 0x41, 0x5D, 0x75, 0x77, 0x61, 0x85, 0xEA, 0xB3, 0x14, 0x50, 0x68, 0x14, 0x0E, 0x4A,
    0xF6, 0xC5, 0xE5, 0x7D, 0x8B, 0xFC, 0x86, 0x54, 0xF8, 0x44, 0x6D, 0x7A, 0x96, 0x8C, 0x60, 0x6F,
    0xC7, 0x2B, 0xB5, 0xD9, 0xDF, 0x1C, 0x4C, 0x5F, 0x5B, 0x58, 0x2C, 0xA5, 0x07, 0x86, 0x04, 0xBD,
    0xEE, 0x56, 0xDC, 0xA8, 0xCB, 0xEB, 0x95, 0xC5, 0x6A, 0x8A, 0xE0, 0xC6, 0x6F, 0x47, 0xF8, 0xE9,
    0xEA, 0xC6, 0xE6, 0xCF, 0xD6, 0x66, 0xF0, 0xFF, 0x6B, 0xF1, 0x3D, 0x3E, 0x98, 0xD1, 0xA1, 0xAB,
    0x09, 0x09, 0x5A, 0x96, 0xB9, 0x6B, 0x82, 0x68, 0xD5, 0xD1, 0x4A, 0x4B, 0xA3, 0x9F, 0x34, 0x74,
    0x58, 0x12, 0x5A, 0x60, 0xA5, 0xBE, 0x93, 0xFD, 0xAB, 0xCF, 0xB1, 0x69, 0x6A, 0x05, 0xCA, 0x00,
    0xB0, 0x37, 0x66, 0x4A, 0x23, 0xB5, 0xFA, 0xD5, 0x2D, 0x16, 0x0D, 0xB5, 0x4E, 0x03, 0xD5, 0x88,
    0xE5, 0xC2, 0x4C, 0x57, 0x6D, 0xED, 0x81, 0x8B, 0x47, 0x6A, 0x13, 0xD0, 0x12, 0x6C, 0x84, 0x1B,
    0x9D, 0xCA, 0xC4, 0x3F, 0xE3, 0x30, 0xEA, 0x8C, 0x60, 0x1B, 0x06, 0x4D, 0xB3, 0x9E, 0x79, 0x68,
    0x08, 0x40, 0x9D, 0xF1, 0x68, 0xD3, 0x78, 0x90, 0xF9, 0x45, 0x44, 0x01, 0x88, 0x15, 0x31, 0x05,
    0xB1, 0xC4, 0x9F, 0xA7, 0x6A, 0xD2, 0xF1, 0x66, 0x47, 0x0E, 0x1C, 0xF1, 0x0A, 0x1C, 0x6D, 0xCF,
    0x19, 0x65, 0xCB, 0x25, 0x15, 0x38, 0x4A, 0x34, 0x9C, 0x8C, 0xE4, 0xFE, 0x9E, 0xE8, 0x13, 0x35,
    0xB8, 0xDA, 0x82, 0x2D, 0x8D, 0x2D, 0x4D, 0xFF, 0xE7, 0xA8, 0xF0, 0xF8, 0xDA, 0xF0, 0x30, 0x42,
    0xDE, 0xEE, 0x89, 0xA7, 0x6D, 0x2B, 0xD7, 0x7D, 0x4D, 0x33, 0xEC, 0x23, 0x2D, 0xDD, 0x52, 0x51,
    0x07, 0x7A, 0x4C, 0xA3, 0xE8, 0x89, 0xFD, 0x3F, 0x5E, 0x79, 0x9D, 0x12, 0xC7, 0x74, 0xA1, 0x05,
    0x67, 0xF4, 0xDB, 0xF5, 0x49, 0xD0, 0xC1, 0x98, 0x49, 0x46, 0xD7, 0x08, 0x92, 0xDD, 0xFF, 0xC5,
    0xE0, 0xCC, 0x95, 0x57, 0xA8, 0x32, 0x31, 0x83, 0x56, 0x69, 0x61, 0x45, 0xDA, 0xAD, 0x46, 0xAB,
    0x4B, 0x5C, 0x44, 0x80, 0x43, 0x41, 0xCC, 0xB1, 0x4F, 0xCA, 0xA4, 0x38, 0x6E, 0xC5, 0x59, 0x9D,
    0x79, 0xD1, 0xC2, 0xA8, 0x68, 0x86, 0x23, 0xBA, 0x54, 0x46, 0xA4, 0x37, 0x37, 0xA3, 0xC5, 0x65,
    0xC9, 0x74, 0x59, 0x37, 0x9B, 0xDD, 0xF5, 0x2A, 0xE7, 0x9D, 0xD2, 0xF1, 0x79, 0xF3, 0x11, 0x35,
    0xFD, 0x8C, 0xA8, 0x70, 0xFA, 0xAC, 0xA8, 0x90, 0x3F, 0xAF, 0xFA, 0x13, 0x24, 0xD9, 0x22, 0xFA,
    0x24, 0x25, 0x09, 0xBB, 0x0B, 0x42, 0xE7, 0x23, 0x7C, 0x17, 0xF3, 0x9E, 0x76, 0xE9, 0xD6, 0x7C,
    0x01, 0x1D, 0x14, 0x5C, 0x08, 0x3D, 0x69, 0x7C, 0x95, 0x15, 0x6F, 0x39, 0xB7, 0x9B, 0x32, 0xE5,
    0x4C, 0x12, 0x45, 0x20, 0x81, 0x7C, 0xB1, 0x3C, 0xD9, 0xDE, 0x48, 0x56, 0xD0, 0x79, 0x24, 0x09,
    0x40, 0xD3, 0x7E, 0x45, 0x07, 0x52, 0x00, 0x31, 0xC5, 0xD3, 0x88, 0x05, 0x34, 0x73, 0x0E, 0x2E,
    0x22, 0x46, 0x37, 0xDA, 0xEB, 0x1E, 0x35, 0xB0, 0x51, 0x9A, 0x70, 0x7D, 0xB7, 0xDA, 0xBD, 0x70,
    0xB7, 0xAA, 0x33, 0x78, 0xE3, 0xC5, 0xD9, 0xE7, 0xDC, 0x43, 0x68, 0x10, 0xD8, 0x4F, 0x73, 0x1D,
    0x3A, 0x4F, 0x7B, 0xD8, 0xAD, 0x38, 0x13, 0xDE, 0x04, 0x8C, 0x87, 0x31, 0xDB, 0x26, 0x33, 0xB5,
    0x69, 0x79, 0xCD, 0x02, 0xD9, 0x8F, 0x29, 0x1A, 0x7C, 0xCA, 0x79, 0x01, 0xA0, 0x1C, 0x54, 0x64,
    0xE8, 0x1D, 0x59, 0xA0, 0xAE, 0x16, 0x5D, 0xFD, 0x2A, 0x72, 0x58, 0x54, 0xB8, 0x60, 0x62, 0xE6,
    0xA1, 0x62, 0x12, 0x2B, 0xCD, 0xA8, 0xF0, 0x26, 0x40, 0x31, 0x6B, 0xE8, 0x74, 0x6B, 0x89, 0x9E,
    0xE4, 0x94, 0x50, 0x65, 0xA2, 0xC0, 0x05, 0x5A, 0xD2, 0xFA, 0x80, 0x42, 0x6E, 0x53, 0xF1, 0x63,
    0xA5, 0x28, 0x36, 0xB1, 0x9A, 0x58, 0x88, 0xDA, 0xEB, 0x21, 0xDC, 0x26, 0x66, 0x15, 0xFF, 0xEC,
    0xA3, 0xAD, 0x02, 0xD2, 0x00, 0xBD, 0x86, 0x28, 0xC1, 0xC7, 0x98, 0xE5, 0x5F, 0xF2, 0x86, 0x57,
    0xC4, 0xDD, 0x7C, 0x69, 0xBF, 0x65, 0x44, 0xFD, 0x16, 0xD5, 0xDD, 0x9E, 0xFC, 0x15, 0x18, 0x54,
    0xF1, 0xC3, 0x16, 0xAD, 0x8C, 0xEE, 0x08, 0x9A, 0xE6, 0xDD, 0xC5, 0xC5, 0x23, 0x3E, 0x7E, 0xC3,
    0xDC, 0x45, 0x9E, 0x3C, 0x52, 0xB7, 0x95, 0x83, 0x46, 0x8A, 0x0B, 0x3F, 0x14, 0xA8, 0xF3, 0x36,
    0x6A, 0x91, 0x68, 0x73, 0x37, 0x60, 0x35, 0x8D, 0x35, 0x7E, 0xEC, 0x91, 0x57, 0xAD, 0xB0, 0x39,
    0x68, 0x4F, 0x72, 0x35, 0xD1, 0x24, 0xBC, 0x89, 0x8B, 0x87, 0x57, 0x3A, 0x3F, 0x1C, 0xEE, 0x88,
    0x6A, 0xE6, 0x67, 0xE6, 0x65, 0xC7, 0x80, 0x52, 0x2E, 0x9B, 0x0C, 0x26, 0x55, 0xD5, 0xBD, 0x2F,
    0xD6, 0x31, 0x57, 0xE6, 0x77, 0x15, 0x8E, 0xF7, 0xA5, 0x40, 0x48, 0x37, 0x99, 0xE3, 0x7F, 0xE2,
    0xE2, 0xEC, 0xB9, 0x67, 0xC2, 0x10, 0x8F, 0x2A, 0x88, 0xEE, 0xBF, 0xDC, 0x6C, 0x91, 0xA9, 0x19,
    0x13, 0x5D, 0x5B, 0x3C, 0x97, 0x09, 0x7E, 0x39, 0x30, 0x30, 0x8F, 0x2A, 0xC9, 0x97, 0x92, 0x76,
    0xCF, 0x55, 0x39, 0x85, 0x3A, 0xD5, 0x4A, 0x42, 0x1E, 0x58, 0x2B, 0xB3, 0xED, 0xE0, 0x74, 0xA1,
    0xF8, 0x84, 0xB2, 0x2E, 0xF0, 0x3B, 0xA1, 0x01, 0xB6, 0xF2, 0xFC, 0x5F, 0x97, 0x7E, 0x30, 0xFD,
    0x12, 0xF4, 0xAA, 0x1F, 0x55, 0xA0, 0x7E, 0xC5, 0x6A, 0xFA, 0xB9, 0x60, 0xFA, 0x79, 0xD5, 0x4B,
    0x0B, 0x7C, 0x94, 0x19, 0x66, 0x95, 0x39, 0xB0, 0xE9, 0x87, 0x96, 0xFA, 0x9D, 0xFE, 0x03, 0x3A,
    0xEA, 0x27, 0x89, 0xE9, 0xC7, 0xE9, 0xA2, 0x7E, 0x94, 0xD4, 0x8F, 0x7F, 0xA7, 0x7E, 0xBB, 0x9F,
    0xB6, 0x5B, 0xC1, 0x67, 0xDC, 0x33, 0x4F, 0x84, 0x4D, 0x4E, 0xA6, 0xF7, 0xFE, 0xE6, 0x6F, 0x53,
    0x38, 0xA9, 0x8F, 0x71, 0x39, 0x06, 0xE6, 0x18, 0x19, 0x1D, 0x9A, 0xEB, 0x63, 0xC3, 0xC1, 0x39,
    0x46, 0xE7, 0x18, 0x9E, 0x63, 0x7C, 0x2E, 0x07, 0x68, 0x1F, 0x21, 0x49, 0xF7, 0x8B, 0xDD, 0x06,
    0x64, 0x37, 0x02, 0xD1, 0x51, 0x22, 0xFB, 0xDD, 0x0C, 0x36, 0x3B, 0x58, 0xE5, 0xD2, 0x10, 0x76,
    0x4B, 0xF0, 0x9D, 0x99, 0xC2, 0x8F, 0x31, 0x98, 0x2D, 0xFC, 0x0F, 0x8C, 0x36, 0x58, 0xD5, 0xB7,
    0x06, 0xB5, 0x86, 0xD5, 0x15, 0x83, 0x99, 0xC3, 0x61, 0x0F, 0x97, 0x06, 0xB1, 0xCA, 0x66, 0x11,
    0x93, 0x99, 0x44, 0xF1, 0x93, 0x5D, 0xA1, 0x6E, 0x57, 0xA8, 0x95, 0xE3, 0xB3, 0xFD, 0x5F, 0x5C,
    0x39, 0x12, 0x2B, 0x45, 0x67, 0x38, 0x10, 0x3D, 0xF1, 0x0E, 0x2E, 0xDE, 0xB1, 0xCC, 0x04, 0x93,
    0x62, 0xB0, 0xEB, 0xDF, 0xC4, 0x3B, 0x48, 0xFA, 0x14, 0xD9, 0xCA, 0x21, 0xB5, 0x84, 0x9B, 0xA9,
    0x77, 0xB1, 0x9E, 0x10, 0x38, 0x92, 0xD0, 0x17, 0xBC, 0xAC, 0xA6, 0x05, 0xA6, 0xE8, 0x65, 0xA0,
    0xB6, 0x44, 0x37, 0x96, 0x2B, 0x87, 0xA0, 0xC0, 0x4F, 0x7E, 0x17, 0x7D, 0x7E, 0xF9, 0x7A, 0x6D,
    0xD5, 0x51, 0xFD, 0x88, 0xEB, 0xE5, 0xF6, 0xEE, 0x4B, 0xF6, 0x10, 0x3E, 0x90, 0xA9, 0x43, 0x47,
    0xAA, 0x1E, 0x2D, 0xB9, 0xE2, 0x2F, 0xC5, 0x5E, 0x10, 0x93, 0xAD, 0x9A, 0x84, 0x8F, 0x42, 0xF9,
    0x3E, 0x81, 0x85, 0xD4, 0xD5, 0xC4, 0x62, 0x22, 0xC4, 0xCC, 0x11, 0xE7, 0x27, 0x37, 0xDF, 0xD1,
    0x42, 0x43, 0x88, 0xD5, 0x64, 0x48, 0xFC, 0x39, 0xEF, 0x68, 0x83, 0x80, 0x62, 0xBE, 0xFA, 0xD6,
    0xAF, 0xC2, 0xF7, 0x29, 0x4A, 0xFC, 0xC8, 0x56, 0x8C, 0x9F, 0x52, 0xA4, 0x51, 0xD0, 0xDE, 0x7E,
    0xFD, 0xB5, 0xEB, 0x41, 0x7B, 0x25, 0x66, 0xBB, 0xA5, 0xCE, 0x26, 0x46, 0x8A, 0x72, 0x5B, 0xAD,
    0xDE, 0x38, 0x26, 0x64, 0x9F, 0x11, 0xAA, 0x79, 0xF3, 0x75, 0x1B, 0x09, 0xA9, 0x9A, 0xE7, 0x77,
    0x30, 0x38, 0x1C, 0x53, 0x82, 0xC5, 0xC4, 0x4C, 0x35, 0xF1, 0x6F, 0x39, 0x1A, 0x6E, 0x51, 0x35,
    0x9D, 0xA9, 0xE9, 0x47, 0x55, 0x13, 0x83, 0xAA, 0x19, 0xE9, 0x0F, 0x7C, 0x59, 0xFB, 0x3E, 0xE6,
    0xD2, 0x5E, 0x1D, 0x57, 0x14, 0x9F, 0x04, 0xAA, 0xB9, 0xA6, 0x81, 0x6A, 0xCE, 0x79, 0xA8, 0xD0,
    0x7B, 0x60, 0x2E, 0x31, 0x34, 0x5A, 0x61, 0x1B, 0x01, 0xDA, 0xF0, 0x5F, 0xAC, 0x58, 0xA9, 0xE6,
    0xA4, 0xB5, 0xA3, 0xDC, 0x18, 0x0A, 0xAF, 0x35, 0xD8, 0xEF, 0x17, 0xB9, 0xAA, 0xAC, 0xEC, 0x55,
    0x6B, 0x55, 0x00, 0xD3, 0x76, 0x05, 0x1B, 0x82, 0x7D, 0xAB, 0xB9, 0xAF, 0xC2, 0xFB, 0x55, 0x7B,
    0xE9, 0xB1, 0x1F, 0x9F, 0xDB, 0x6A, 0xD0, 0x47, 0x81, 0x1F, 0xE8, 0xC6, 0x9B, 0x8A, 0xBE, 0x7F,
    0xB9, 0x2C, 0x7F, 0x68, 0x25, 0x26, 0xFB, 0x74, 0xA6, 0xDE, 0xA2, 0x4D, 0x55, 0xD4, 0x62, 0xBB,
    0x4A, 0x30, 0xEA, 0x95, 0x0B, 0x27, 0xF4, 0xDA, 0xBC, 0xE3, 0x57, 0x7A, 0xD5, 0xB0, 0x8C, 0x93,
    0xA9, 0x19, 0xB1, 0x92, 0xA3, 0xF3, 0x86, 0x31, 0x8A, 0xE2, 0xB8, 0x5A, 0x79, 0x35, 0x14, 0x76,
    0x95, 0xA0, 0x8F, 0xA2, 0x0C, 0x1A, 0x97, 0x4A, 0xAE, 0xFF, 0x4A, 0x3E, 0x0A, 0xA7, 0x57, 0x6D,
    0x14, 0x6E, 0xE6, 0x55, 0xCD, 0xAB, 0x69, 0x9F, 0x08, 0x9D, 0x04, 0x58, 0xEA, 0xBB, 0xAF, 0xE6,
    0x18, 0x77, 0x13, 0xC1, 0xB0, 0xE5, 0x92, 0x74, 0xA5, 0xBF, 0x07, 0xB6, 0xF4, 0x44, 0xF7, 0xCA,
    0xDA, 0x12, 0x6A, 0x71, 0x18, 0xF5, 0x4A, 0x33, 0x1A, 0x5E, 0x85, 0xE3, 0x01, 0xDD, 0xF5, 0x5F,
    0x33, 0xBB, 0xE7, 0xA5, 0x0C, 0xE5, 0xF2, 0xFC, 0x5C, 0x81, 0x7B, 0x8D, 0x66, 0xD6, 0xAA, 0xA0,
    0x1F, 0x75, 0x41, 0xC5, 0xE8, 0xF9, 0x1B, 0x46, 0xCC, 0x0F, 0x18, 0xC3, 0x31, 0x48, 0x9B, 0xD0,
    0x6C, 0x54, 0x67, 0xA3, 0xD4, 0x01, 0x35, 0x45, 0x83, 0x91, 0x4A, 0x73, 0xAB, 0xAF, 0x5B, 0x12,
    0x28, 0x07, 0x6F, 0xE3, 0x57, 0xA0, 0xA5, 0xC8, 0xD0, 0x96, 0xE8, 0x29, 0x2A, 0xAC, 0x75, 0x89,
    0xDA, 0x82, 0xA8, 0x38, 0xE2, 0x62, 0x62, 0x8A, 0x1C, 0xF4, 0x8D, 0xAD, 0xBE, 0x6D, 0xFE, 0x22,
    0x1A, 0xAD, 0x67, 0xBE, 0xC4, 0x6F, 0xAE, 0xBC, 0xC4, 0x6F, 0x85, 0x88, 0xDA, 0x84, 0x0E, 0x76,
    0x13, 0x38, 0x91, 0x82, 0x89, 0x1A, 0xA5, 0x18, 0xA8, 0x4A, 0x8E, 0x96, 0xA2, 0x82, 0x4E, 0x63,
    0x13, 0x84, 0x1A, 0x61, 0xDC, 0x02, 0x1C, 0x3B, 0x2F, 0xCC, 0xE3, 0x35, 0x3B, 0x29, 0x57, 0x4B,
    0x45, 0x56, 0x3C, 0xBB, 0x7F, 0x4F, 0x54, 0xA3, 0xD1, 0x54, 0x19, 0x4C, 0xF4, 0x3B, 0x87, 0xD3,
    0x9C, 0xC6, 0x9F, 0xD3, 0x9C, 0x87, 0x6C, 0x3C, 0x85, 0x22, 0x14, 0x43, 0x12, 0xAA, 0x50, 0x76,
    0x49, 0x70, 0xC1, 0xB5, 0x12, 0xDE, 0x0D, 0x8D, 0x48, 0x08, 0x61, 0x15, 0x59, 0xE6, 0x25, 0x88,
    0x0E, 0x3C, 0x59, 0xB2, 0x6F, 0x74, 0x18, 0x88, 0xBE, 0xE3, 0x36, 0xCB, 0xE2, 0xA2, 0xEE, 0x42,
    0xCF, 0xF2, 0xB6, 0xBC, 0x7B, 0x42, 0x12, 0xC4, 0xA7, 0x48, 0x83, 0x34, 0x39, 0xB2, 0x51, 0x9A,
    0x48, 0x72, 0x14, 0x57, 0xFA, 0xA2, 0x13, 0x17, 0x3F, 0xAD, 0xB8, 0x3F, 0x70, 0x8D, 0xE6, 0xEA,
    0xAB, 0x62, 0x88, 0x38, 0x69, 0x96, 0x3A, 0x32, 0xCA, 0x54, 0xBD, 0xFA, 0xD7, 0xB1, 0x1F, 0x32,
    0x9C, 0x54, 0xA1, 0x51, 0x2A, 0x5D, 0xD0, 0x5C, 0x3C, 0x86, 0xED, 0x68, 0xA2, 0x5A, 0x9D, 0x78,
    0x3B, 0x5A, 0x1E, 0x9F, 0xFB, 0xC3, 0xCA, 0xD4, 0x5B, 0xDA, 0x55, 0x90, 0x82, 0x78, 0xBD, 0xC3,
    0x51, 0x8F, 0xEB, 0xBD, 0xB9, 0x7E, 0xEB, 0xF0, 0xC1, 0xCC, 0x22, 0x3C, 0x40, 0xEF, 0xD1, 0x09,
    0x8D, 0xA8, 0xA6, 0x49, 0xEC, 0x53, 0x4D, 0xB6, 0x4E, 0xFB, 0x91, 0xDA, 0xA1, 0xDB, 0xE3, 0x0C,
    0xB5, 0xB9, 0x75, 0xBC, 0x28, 0xEC, 0x4D, 0xA8, 0x1E, 0xD5, 0x4A, 0x74, 0x0B, 0x51, 0x99, 0xFC,
    0xEB, 0xCB, 0x6D, 0x61, 0xA6, 0x7C, 0x52, 0x40, 0x5F, 0xF0, 0xCE, 0x7E, 0x64, 0x65, 0xED, 0xFA,
    0x4B, 0x93, 0xE3, 0xFD, 0xCC, 0x0B, 0xDE, 0xD2, 0xFC, 0x4D, 0xE3, 0x7C, 0xE0, 0x45, 0x4B, 0x54,
    0xD2, 0x86, 0x4E, 0x91, 0x65, 0xD7, 0xB7, 0xA3, 0x64, 0x94, 0x63, 0xAC, 0x65, 0x14, 0xD2, 0xF3,
    0x0F, 0x24, 0xFD, 0xB9, 0x56, 0x33, 0xBA, 0x7C, 0xF5, 0x7D, 0x31, 0x55, 0x5D, 0x31, 0xBA, 0xAE,
    0x18, 0x5C, 0x57, 0xF6, 0xAE, 0xAD, 0xBA, 0xA6, 0x76, 0x9D, 0x17, 0xD7, 0x41, 0x5C, 0x0B, 0x69,
    0xEA, 0xD5, 0xB6, 0xC3, 0x8D, 0x6E, 0x0F, 0x25, 0x59, 0xBF, 0x40, 0x3B, 0xF2, 0x1D, 0x49, 0xA0,
    0x2F, 0x82, 0xBE, 0xAD, 0x36, 0xF4, 0x58, 0xD2, 0xA8, 0xED, 0xC4, 0x95, 0xA7, 0xB0, 0x63, 0x90,
    0xB2, 0x97, 0xAA, 0x13, 0x67, 0x47, 0x1B, 0x9F, 0x13, 0x2F, 0x02, 0x7D, 0xAD, 0x17, 0x68, 0x45,
    0xA7, 0x47, 0xDF, 0x4E, 0x7F, 0x3A, 0x67, 0x0C, 0xE6, 0x8F, 0x8A, 0xF9, 0x33, 0x1F, 0x8A, 0xF7,
    0x7D, 0x66, 0xCB, 0x4C, 0x4D, 0xDB, 0xC6, 0xD7, 0xAB, 0x93, 0x57, 0xB6, 0x65, 0x2A, 0x5C, 0x67,
    0xA2, 0x37, 0xEB, 0x9D, 0x0D, 0xF3, 0xDA, 0x16, 0xBE, 0xFE, 0x3D, 0xA5, 0xA1, 0x87, 0xBE, 0xA0,
    0xFF, 0xCA, 0x43, 0x7B, 0x30, 0xFE, 0xCC, 0xC5, 0x98, 0x4D, 0xAE, 0xCB, 0x47, 0xD4, 0xC5, 0xCF,
    0x39, 0xA1, 0x8B, 0x94, 0x40, 0x5D, 0x75, 0xAE, 0x75, 0x3C, 0xBF, 0x8B, 0xDA, 0x01, 0x5A, 0x90,
    0xB9, 0x7D, 0x5F, 0xE4, 0xED, 0xE4, 0xF1, 0xAD, 0x87, 0x6B, 0x7C, 0xAA, 0x5F, 0xF3, 0xB9, 0xEC,
    0xD6, 0x22, 0xB8, 0x76, 0x2D, 0x83, 0x93, 0xD5, 0x05, 0x2F, 0xEB, 0xAB, 0x61, 0x91, 0xF5, 0x3B,
    0x4B, 0x90, 0x77, 0xC3, 0x3A, 0x89, 0x9F, 0x30, 0xD2, 0xE4, 0xF4, 0x7D, 0x50, 0x27, 0x4D, 0x87,
    0x2E, 0xAA, 0x96, 0x3C, 0x8E, 0x51, 0x68, 0x4A, 0xE7, 0x7C, 0x64, 0x33, 0xA7, 0x50, 0x75, 0xA7,
    0xE0, 0xEA, 0x44, 0x63, 0xCF, 0xC2, 0xF8, 0x23, 0xB2, 0x4E, 0xBA, 0x38, 0xD1, 0xE5, 0xE8, 0x73,
    0x3A, 0x26, 0x1A, 0x35, 0xF4, 0xCF, 0xE6, 0xEB, 0x57, 0xFF, 0xB1, 0x60, 0x95, 0x3C, 0x88, 0x0D,
    0x68, 0x39, 0x4A, 0xA5, 0xEA, 0xDF, 0x15, 0xDE, 0xDC, 0x8C, 0xB4, 0x73, 0x26, 0xBB, 0xB4, 0xE9,
    0x7F, 0x45, 0x48, 0x21, 0xF9, 0x9A, 0xAD, 0xF6, 0xB2, 0xA1, 0x9C, 0x8A, 0xD9, 0x22, 0xD0, 0xDD,
    0xF6, 0x8E, 0x85, 0x90, 0x4A, 0x12, 0x35, 0xF5, 0x72, 0x62, 0x33, 0xBE, 0x16, 0xDC, 0xA3, 0x91,
    0x03, 0x3C, 0xBC, 0x4E, 0xE5, 0xCB, 0x0F, 0xE5, 0x34, 0xAB, 0x23, 0x70, 0x3A, 0x78, 0x14, 0xE8,
    0x92, 0xA6, 0x23, 0x51, 0x48, 0xC6, 0x97, 0x42, 0x8C, 0x18, 0xDF, 0xB0, 0xBC, 0xFF, 0xBF, 0x73,
    0x17, 0x5B, 0xF2, 0xB6, 0x5E, 0x67, 0xA4, 0xF6, 0x5F, 0x12, 0x46, 0xC2, 0x96, 0xED, 0x17, 0x93,
    0x64, 0xB3, 0xC8, 0x68, 0x1B, 0x05, 0x9D, 0x4C, 0x68, 0xE5, 0xA1, 0x39, 0x0C, 0x22, 0x51, 0x8F,
    0x73, 0x33, 0xDB, 0xFC, 0x35, 0x16, 0x77, 0x24, 0x41, 0x9D, 0x99, 0x5D, 0xF5, 0x76, 0x0B, 0x79,
    0x36, 0x2D, 0xEF, 0xE1, 0x3B, 0xBE, 0x49, 0xE4, 0x15, 0x56, 0xCD, 0x2A, 0x0C, 0x1E, 0x93, 0x7B,
    0x32, 0xFF, 0x4A, 0x46, 0x23, 0x61, 0x67, 0x9A, 0xB1, 0x16, 0xEB, 0x6E, 0x29, 0xC3, 0x96, 0xE5,
    0x66, 0x4C, 0xB0, 0x56, 0x77, 0x11, 0x9A, 0xF6, 0xAB, 0xDE, 0x5A, 0xEB, 0xA8, 0x45, 0x11, 0x94,
    0x92, 0x3E, 0xAD, 0x9F, 0x7B, 0x92, 0x31, 0xF6, 0x66, 0x4B, 0x04, 0x1A, 0x54, 0x35, 0x91, 0x2D,
    0x1B, 0x4A, 0x06, 0xCB, 0xBF, 0x16, 0x9D, 0xB7, 0x9C, 0xA2, 0x93, 0x72, 0xE0, 0xF6, 0x62, 0x12,
    0xD4, 0xF2, 0x68, 0x6F, 0x40, 0xE2, 0x23, 0xDA, 0x66, 0xFE, 0x9F, 0xA5, 0x28, 0xA4, 0xCA, 0xDB,
    0x57, 0xD3, 0xEE, 0x5F, 0xA4, 0xC3, 0x7F, 0x4D, 0x86, 0xDF, 0x90, 0xDF, 0xFB, 0x86, 0x4C, 0xE5,
    0x69, 0x2C, 0x5E, 0xEB, 0xF3, 0xEF, 0x75, 0xE9, 0x87, 0xED, 0x09, 0x22, 0x2B, 0x9D, 0x4F, 0xBE,
    0x2E, 0xF2, 0xF2, 0xDB, 0x56, 0x0C, 0xF0, 0xA8, 0x13, 0xD0, 0x7F, 0x7D, 0x57, 0x04, 0x37, 0xB8,
    0xB1, 0x18, 0x9B, 0x36, 0x9F, 0xEE, 0xB6, 0xA7, 0xB7, 0xAA, 0xA1, 0x9C, 0xE2, 0x6F, 0x43, 0xB1,
    0xA8, 0x7F, 0x6B, 0x7E, 0xA2, 0x45, 0x71, 0xDF, 0xC7, 0x14, 0x37, 0x0F, 0xF9, 0x5C, 0xC4, 0xEF,
    0x8B, 0xB1, 0x1C, 0xCA, 0xA1, 0xEA, 0x5D, 0x47, 0x23, 0xBF, 0xCB, 0xB7, 0x34, 0x0E, 0x70, 0x58,
    0x1B, 0x2C, 0xBA, 0x51, 0x2B, 0x50, 0x6B, 0x56, 0x83, 0x51, 0xE3, 0x6B, 0xBE, 0x05, 0x92, 0xAA,
    0xD7, 0xA4, 0xC0, 0xCA, 0x2C, 0x5A, 0xD6, 0xE3, 0xBB, 0x2E, 0x2E, 0x41, 0x55, 0x97, 0x8D, 0xF9,
    0x68, 0x2D, 0x57, 0x83, 0x8B, 0x2D, 0xC7, 0xD7, 0x30, 0x6D, 0x75, 0x94, 0x85, 0xDA, 0xDB, 0xF7,
    0xEF, 0xFF, 0xC2, 0x83, 0x3A, 0xC8, 0xB7, 0x23, 0x06, 0xC1, 0x94, 0xA2, 0x67, 0x7C, 0x65, 0x9C,
    0xE0, 0xDF, 0x92, 0xB8, 0x42, 0x61, 0x12, 0x0C, 0x6C, 0xBC, 0x11, 0x79, 0x55, 0xE4, 0x6B, 0xF2,
    0x8B, 0x9F, 0x7F, 0x42, 0xC3, 0x49, 0x47, 0xC9, 0x67, 0x29, 0x35, 0xED, 0xC3, 0x22, 0x6F, 0x9E,
    0x49, 0x9C, 0x86, 0x30, 0x4A, 0xD9, 0x49, 0x51, 0x4B, 0x6E, 0x8B, 0x5E, 0xBC, 0x98, 0x98, 0x97,
    0xE6, 0x16, 0x09, 0xF6, 0x90, 0x90, 0xAA, 0x45, 0xFB, 0x91, 0x5E, 0xC5, 0x74, 0xE7, 0xF6, 0x09,
    0xC5, 0xEA, 0xE6, 0xA6, 0x83, 0x6C, 0x3F, 0x23, 0xC7, 0x57, 0x6A, 0xF5, 0x28, 0x57, 0xFF, 0x7F,
    0xCF, 0xED, 0x5D, 0x7A, 0xC7, 0x33, 0xEA, 0x5C, 0xBF, 0x79, 0x3E, 0xD7, 0xFB, 0xEF, 0xFC, 0xEE,
    0xF3, 0xB4, 0x21, 0xB7, 0xD9, 0xD7, 0xCD, 0xD3, 0x1F, 0x6D, 0xD3, 0xD9, 0x6E, 0xDE, 0x23, 0xD7,
    0xEF, 0xE1, 0xEF, 0xFF, 0x49, 0xFE, 0x4E, 0xBD, 0x32, 0x8E, 0xFF, 0x36, 0xC8, 0x43, 0x1C, 0x82,
    0x6E, 0xE8, 0x92, 0x68, 0x4C, 0xF9, 0x50, 0x05, 0xC7, 0x9F, 0xE9, 0x56, 0x7B, 0x5A, 0xA5, 0x42,
    0xDF, 0xFC, 0x9B, 0x11, 0xD9, 0xB8, 0xE6, 0xA3, 0xFF, 0xE6, 0xE0, 0xD0, 0xE6, 0x34, 0x7B, 0x75,
    0xF6, 0x61, 0x0B, 0xC0, 0xFE, 0x4F, 0xC4, 0xB3, 0x11, 0x4D, 0xFA, 0x6A, 0x49, 0xFE, 0x9B, 0xBC,
    0x91, 0xA3, 0x5D, 0x4B, 0x7C, 0x1A, 0x1C, 0x10, 0xDC, 0xFB, 0x98, 0xBC, 0xD6, 0xF5, 0xEE, 0x48,
    0x9C, 0xC7, 0x37, 0x04, 0xEF, 0x21, 0xC1, 0xEB, 0x21, 0x5D, 0xCB, 0x31, 0x9F, 0xB9, 0xC6, 0xF8,
    0xDA, 0x75, 0x8B, 0x7C, 0x23, 0x99, 0xE8, 0xC8, 0xE2, 0xE9, 0xC5, 0x3E, 0x1E, 0x8B, 0x3C, 0x7B,
    0x57, 0x6A, 0x3C, 0x12, 0x3F, 0xD3, 0x20, 0x72, 0x7A, 0xD3, 0xCB, 0x99, 0x54, 0xDF, 0x64, 0xE6,
    0x9A, 0xCD, 0xBA, 0x21, 0x5C, 0xE5, 0x3B, 0xAF, 0xCA, 0x2B, 0xAF, 0xC8, 0xDD, 0xFA, 0x4E, 0xED,
    0x5A, 0x17, 0x4F, 0x08, 0x1B, 0x73, 0xEF, 0x05, 0xA9, 0xDE, 0x1B, 0xA5, 0x7C, 0x7F, 0x90, 0xE2,
    0xC3, 0x8E, 0xE9, 0xAE, 0xA5, 0xBD, 0x8B, 0xB0, 0x79, 0xF3, 0x19, 0x27, 0xB2, 0xC4, 0x73, 0xE5,
    0xA6, 0x3F, 0x88, 0x68, 0xBA, 0xA5, 0x0B, 0x59, 0x3A, 0x67, 0x93, 0x99, 0x6E, 0x31, 0x94, 0x7D,
    0xD5, 0x99, 0x53, 0x34, 0xB5, 0x17, 0x08, 0x5A, 0x74, 0x4D, 0xF7, 0x92, 0xD0, 0xC1, 0xB9, 0xA1,
    0x59, 0xD3, 0xE9, 0x6B, 0xD9, 0x6C, 0xE6, 0xDB, 0xEB, 0xBF, 0xE1, 0x87, 0x5F, 0x4D, 0x43, 0xF5,
    0xC9, 0xEC, 0xB8, 0xA8, 0xB5, 0x0C, 0x3B, 0x6F, 0x9D, 0x1E, 0x27, 0x4B, 0x31, 0x0A, 0xE2, 0x23,
    0x9E, 0xC1, 0x09, 0x16, 0xB9, 0x9D, 0x05, 0xF5, 0x04, 0x73, 0x5C, 0x7C, 0x83, 0x14, 0x7F, 0x11,
    0x22, 0xF7, 0x55, 0x7C, 0x4D, 0x72, 0x7D, 0x8E, 0xC0, 0x00, 0xF4, 0x93, 0xEF, 0x34, 0xED, 0x2B,
    0xDE, 0x0C, 0x54, 0x63, 0x60, 0xB5, 0xC7, 0xA0, 0x9B, 0xAB, 0xAD, 0xC3, 0xEC, 0x10, 0x38, 0x9D,
    0xF2, 0x57, 0x72, 0x7C, 0x5B, 0xF1, 0x38, 0xEE, 0x9E, 0x83, 0xB5, 0xFF, 0xC5, 0x5B, 0xBB, 0x79,
    0x38, 0x6C, 0xC7, 0x17, 0x6F, 0xED, 0x97, 0x6F, 0x7F, 0xFE, 0xC2, 0x63, 0x75, 0x0C, 0xCE, 0xFF,
    0x03, 0x85, 0x96, 0x01, 0xA4, 0x26, 0xD7, 0xD9, 0xC7, 0x7F, 0x33, 0xB3, 0xF7, 0x1D, 0xDF, 0x1D,
    0x9C, 0xC5, 0xBD, 0x1F, 0x7B, 0x83, 0x09, 0x8A, 0x74, 0x9B, 0x66, 0x82, 0x22, 0x48, 0xEE, 0x39,
    0xB1, 0x28, 0x20, 0x8B, 0xBD, 0x05, 0x74, 0x21, 0x20, 0xC2, 0x02, 0x94, 0xEE, 0xDE, 0x39, 0xED,
    0x02, 0x02, 0x17, 0x4A, 0xA1, 0x36, 0x95, 0x60, 0xF7, 0x56, 0x81, 0x60, 0xC3, 0x9B, 0x3D, 0x67,
    0xB7, 0x25, 0x08, 0x3A, 0xDA, 0x12, 0x5A, 0x9A, 0x69, 0x9B, 0x4A, 0xA4, 0xC8, 0xD1, 0x4E, 0x6A,
    0x36, 0x39, 0xEF, 0x3C, 0x9D, 0x63, 0xEE, 0xDE, 0x6D, 0xBA, 0xB5, 0xFB, 0x3B, 0xCF, 0x79, 0x66,
    0x3C, 0xFF, 0x33, 0x33, 0xCF, 0xCB, 0xFF, 0xBC, 0x33, 0xBB, 0x17, 0x71, 0x23, 0x3A, 0xA2, 0x36,
    0x14, 0x42, 0x2E, 0x06, 0xE7, 0x69, 0x2C, 0x5B, 0x07, 0x50, 0x0B, 0xB4, 0x11, 0x24, 0xCC, 0x9A,
    0x45, 0x4D, 0xD0, 0x0C, 0x24, 0x15, 0xB6, 0x6F, 0x82, 0x9E, 0x40, 0xD2, 0x45, 0x62, 0xCB, 0xC9,
    0xF9, 0x7A, 0xD4, 0x9D, 0xEE, 0xEB, 0xE0, 0x4C, 0xD5, 0x67, 0x23, 0x97, 0x94, 0xBC, 0xBC, 0x69,
    0xE4, 0x93, 0xA8, 0x45, 0xC6, 0xF6, 0x0D, 0x09, 0x2E, 0x93, 0x0E, 0xBE, 0xC9, 0xF9, 0xE3, 0x9B,
    0x4E, 0xA2, 0xA4, 0x18, 0xFF, 0xF3, 0xFC, 0x5B, 0x54, 0x47, 0xDA, 0xA8, 0x4E, 0xFB, 0xD6, 0x6B,
    0x11, 0x5B, 0xCB, 0x44, 0x29, 0x23, 0xBC, 0x66, 0xA8, 0x7A, 0x3D, 0xB6, 0xB1, 0x1D, 0x75, 0xD8,
    0xB6, 0xDB, 0x6C, 0xA3, 0xBD, 0xF6, 0xAE, 0x13, 0x9F, 0x86, 0xB3, 0xCE, 0x9E, 0x9B, 0xEF, 0x7B,
    0x0E, 0x1D, 0xE6, 0x35, 0xB1, 0x8C, 0x45, 0x6C, 0x06, 0xDD, 0xED, 0xB3, 0x9A, 0x68, 0x66, 0xFD,
    0x95, 0x7E, 0xAA, 0xC2, 0x46, 0x05, 0xB9, 0xD2, 0xB5, 0x62, 0xAA, 0x11, 0x76, 0x5F, 0xBE, 0x84,
    0xBC, 0x3F, 0xE5, 0xA2, 0x62, 0xB1, 0x69, 0x82, 0x1A, 0xB4, 0xAF, 0x3B, 0x41, 0xFF, 0x28, 0x72,
    0x98, 0x07, 0xCE, 0xDB, 0xD5, 0x4D, 0xDD, 0x35, 0xA1, 0x0E, 0xAE, 0x53, 0x5F, 0x8A, 0xAD, 0x64,
    0xA2, 0x90, 0x48, 0x2E, 0x01, 0xC4, 0xD3, 0xF4, 0xBA, 0x4B, 0x1D, 0xB4, 0xD6, 0x19, 0xC7, 0x1D,
    0x54, 0x2F, 0x34, 0x69, 0xFA, 0x09, 0x7D, 0x6F, 0x33, 0xCF, 0x48, 0x7B, 0x7D, 0x9E, 0x17, 0x46,
    0x76, 0xCD, 0x01, 0xFA, 0x2F, 0x82, 0x0E, 0x62, 0x54, 0x70, 0xB6, 0x1A, 0xB4, 0x2F, 0xC6, 0xC6,
    0xE7, 0x51, 0x75, 0xDC, 0x2E, 0x3B, 0x12, 0x55, 0x80, 0x66, 0x00, 0x9D, 0x66, 0xE0, 0x39, 0x75,
    0xAF, 0x6F, 0x29, 0x43, 0x6B, 0xEA, 0x5E, 0x7F, 0x29, 0x5E, 0x8B, 0xA0, 0x64, 0x84, 0x63, 0x03,
    0xE7, 0x8F, 0x52, 0x2F, 0x28, 0x11, 0xB4, 0x88, 0x75, 0xD6, 0x79, 0x41, 0xFB, 0xD7, 0x79, 0xCE,
    0x40, 0x36, 0xA8, 0x51, 0xDB, 0x43, 0x5C, 0x2F, 0x83, 0x1B, 0x74, 0xA8, 0x6C, 0x66, 0xEA, 0xA0,
    0x63, 0x1A, 0x5B, 0x31, 0x1F, 0xE6, 0xCE, 0xED, 0x33, 0x88, 0x5F, 0x86, 0x9B, 0x47, 0xEB, 0xF5,
    0x3C, 0xF6, 0xFE, 0xE7, 0xBA, 0x36, 0x59, 0x83, 0x3A, 0x52, 0x4D, 0xE4, 0x02, 0x62, 0xD9, 0x4D,
    0x96, 0x40, 0x86, 0x5C, 0xBA, 0x52, 0x8C, 0x8A, 0xE8, 0xC0, 0xAE, 0x81, 0x2D, 0xA8, 0x2D, 0x8D,
    0x69, 0x04, 0x3D, 0xC7, 0x04, 0x87, 0xF0, 0x1E, 0x5C, 0x9A, 0x95, 0xC6, 0x68, 0xB4, 0x68, 0x69,
    0xA7, 0xF7, 0x88, 0x73, 0x05, 0x5C, 0x94, 0x78, 0x1C, 0xB3, 0x31, 0x1F, 0xB2, 0x37, 0x79, 0xA6,
    0x88, 0x69, 0xA8, 0xD1, 0x05, 0xF1, 0x23, 0xD9, 0x5A, 0x45, 0xDD, 0xB5, 0xC6, 0xD1, 0x76, 0x3A,
    0xAC, 0xFA, 0x74, 0x41, 0x4C, 0x91, 0x8D, 0xFC, 0xFF, 0x7D, 0xA3, 0xC5, 0xB7, 0x62, 0x77, 0x0F,
    0x98, 0xC3, 0x89, 0x11, 0xE1, 0xF2, 0xDF, 0x50, 0xFE, 0x24, 0xB6, 0xCC, 0xC9, 0xE2, 0xBD, 0xC9,
    0x6A, 0xF1, 0x73, 0x14, 0x81, 0x14, 0x1D, 0x7B, 0xC7, 0x27, 0x15, 0x00, 0x1D, 0x48, 0xD1, 0xE3,
    0x3A, 0x9C, 0x47, 0x7C, 0x2E, 0x56, 0x84, 0x14, 0x11, 0xD7, 0x9F, 0x88, 0xED, 0x22, 0x2E, 0xF1,
    0x59, 0x52, 0x9D, 0xD0, 0x08, 0xF9, 0x2D, 0x92, 0x21, 0xF5, 0x89, 0x21, 0x57, 0x0F, 0x0C, 0xD9,
    0xBB, 0x2E, 0x99, 0xB2, 0xF5, 0xCE, 0xEF, 0x71, 0x8E, 0x4C, 0xAC, 0x92, 0xA0, 0x3F, 0x1C, 0x74,
    0x31, 0xB6, 0xC5, 0xA0, 0x6F, 0x84, 0x46, 0x7C, 0xBE, 0x01, 0x98, 0x73, 0xDA, 0x52, 0xE2, 0x71,
    0xF6, 0x29, 0xC1, 0x6D, 0x68, 0x8F, 0x48, 0x6C, 0xC8, 0x23, 0xE5, 0x86, 0x6A, 0xD9, 0x89, 0x8B,
    0x1A, 0x71, 0x49, 0xA5, 0x18, 0x50, 0x1D, 0xDA, 0xD3, 0x5A, 0xDC, 0xAF, 0x91, 0x89, 0xD4, 0x4F,
    0x24, 0x83, 0x72, 0xA8, 0x82, 0x9A, 0x47, 0x1D, 0x16, 0x73, 0x02, 0xB5, 0xC4, 0x46, 0xA2, 0xFE,
    0xC5, 0xA8, 0xB3, 0x71, 0x3F, 0x1F, 0x76, 0xB8, 0xF8, 0x4E, 0xC5, 0x3B, 0x83, 0x32, 0xC3, 0xA6,
    0xFD, 0x30, 0xB4, 0x22, 0xBE, 0x3A, 0x7A, 0xF7, 0x89, 0x5E, 0xA7, 0x12, 0x4B, 0x23, 0x1D, 0x4E,
    0x42, 0x2E, 0x1F, 0x8D, 0xD5, 0x54, 0x45, 0x3D, 0xE4, 0xB2, 0x6B, 0x38, 0x78, 0xDC, 0x8E, 0x5D,
    0x7C, 0xBA, 0x39, 0xF5, 0x69, 0xEB, 0x1F, 0xFA, 0xF4, 0xF1, 0xFF, 0x0E, 0xB7, 0xB4, 0x4C, 0xAD,
    0x6C, 0x5A, 0x49, 0xDA, 0x7C, 0x9A, 0x92, 0x9B, 0xD3, 0xE6, 0x60, 0xE6, 0x12, 0x89, 0x4A, 0x44,
    0x7A, 0x35, 0xA7, 0x6E, 0x75, 0x7C, 0x7C, 0x6C, 0x39, 0xA5, 0x11, 0x11, 0x9B, 0x2E, 0x33, 0xE7,
    0x67, 0x01, 0x0C, 0xA8, 0x0D, 0x2F, 0x68, 0xE9, 0xD2, 0x7D, 0xE2, 0x54, 0xC9, 0xF8, 0x3A, 0x2E,
    0x24, 0xBF, 0xA6, 0x05, 0xA4, 0xA5, 0xB4, 0x29, 0xB9, 0x94, 0x76, 0xD3, 0x03, 0x66, 0x21, 0x91,
    0xAA, 0xCB, 0x93, 0x4F, 0x0F, 0xA9, 0x85, 0xD3, 0x26, 0xCE, 0x90, 0x78, 0x8E, 0xC4, 0x9D, 0x94,
    0xF2, 0xF8, 0x60, 0x2B, 0x43, 0xE3, 0x53, 0x76, 0x29, 0x65, 0xA9, 0x4C, 0x99, 0xCA, 0xD4, 0xA9,
    0x4C, 0xFB, 0x98, 0x32, 0xA9, 0x9C, 0x1C, 0x0B, 0xA8, 0xC5, 0xAA, 0x0F, 0xCB, 0x3C, 0xCF, 0x23,
    0xBC, 0x40, 0x82, 0x89, 0x44, 0xB1, 0x21, 0xA1, 0x46, 0x12, 0xBA, 0x27, 0x21, 0x96, 0x24, 0x4D,
    0x4F, 0x94, 0x22, 0x89, 0x26, 0x90, 0x70, 0x3E, 0xE5, 0x5C, 0x48, 0x54, 0x4F, 0x94, 0xEA, 0x45,
    0x6A, 0x93, 0x44, 0xB6, 0x48, 0xE5, 0xD7, 0x24, 0xDD, 0x91, 0x50, 0x86, 0x44, 0x46, 0x82, 0xC6,
    0xEA, 0x50, 0x8D, 0x45, 0x2C, 0xC6, 0x26, 0x48, 0xF7, 0x2E, 0x5B, 0xEC, 0xD4, 0x26, 0x36, 0x44,
    0x2D, 0x63, 0x0A, 0x19, 0x80, 0xED, 0xE3, 0x9B, 0xC9, 0xCB, 0xC7, 0x51, 0x33, 0xEA, 0x6C, 0xD0,
    0x12, 0x5A, 0x09, 0xBB, 0x07, 0x17, 0x79, 0x75, 0x65, 0x0A, 0xD1, 0x41, 0x89, 0x0C, 0x8D, 0xC8,
    0xA8, 0xD5, 0x6F, 0xC7, 0x43, 0x75, 0x6F, 0xB8, 0xA6, 0x7E, 0xDC, 0xE7, 0x2B, 0xD4, 0x0D, 0x53,
    0x8B, 0xA9, 0x22, 0x2A, 0xA2, 0x85, 0xFD, 0x6B, 0x9C, 0x39, 0x0B, 0x2B, 0x10, 0x8A, 0xFB, 0x54,
    0x5D, 0x8A, 0x22, 0xA4, 0xC8, 0x46, 0xF2, 0x81, 0x26, 0xA0, 0x2D, 0xDF, 0x60, 0x41, 0x25, 0x77,
    0xA5, 0xE4, 0xB7, 0x67, 0x33, 0x18, 0x4E, 0xD1, 0xC9, 0x5D, 0x29, 0x2D, 0x0E, 0xDA, 0xBD, 0xD8,
    0x06, 0x3D, 0x8F, 0xB4, 0x83, 0xD4, 0x3C, 0xCA, 0x80, 0x84, 0x42, 0xFA, 0x4A, 0xAC, 0xDA, 0xA0,
    0x07, 0xC4, 0x73, 0x00, 0x8F, 0xB3, 0xFC, 0xA3, 0x2F, 0x2E, 0x38, 0x86, 0x4C, 0x92, 0xA7, 0xD8,
    0x2A, 0xC6, 0xB3, 0xFA, 0xFD, 0x7F, 0x44, 0xF7, 0xC1, 0x87, 0x1B, 0xF9, 0xCD, 0x07, 0x1B, 0x77,
    0xA3, 0x8C, 0xE7, 0xBE, 0x9D, 0x1D, 0x39, 0x23, 0x88, 0x91, 0xDE, 0x05, 0xDD, 0x43, 0x6A, 0xF2,
    0xE8, 0x61, 0xCF, 0x35, 0x54, 0xBE, 0x01, 0xE5, 0x35, 0x28, 0xBB, 0x0F, 0xCA, 0xFC, 0xD7, 0x06,
    0xD9, 0x4B, 0xDD, 0x3F, 0xC4, 0x89, 0x4C, 0x24, 0x8B, 0x33, 0xD7, 0x6F, 0xD2, 0x74, 0x93, 0xBE,
    0x3B, 0xE9, 0x7B, 0x1B, 0x7D, 0x3D, 0xB6, 0xD7, 0xA3, 0xBB, 0x30, 0xBA, 0x72, 0xD0, 0xC2, 0x1C,
    0xE7, 0xEF, 0xC0, 0x4B, 0x70, 0x15, 0xD6, 0x8B, 0x2F, 0x3D, 0xD9, 0x5B, 0xFD, 0x9B, 0x4A, 0xEE,
    0x05, 0x2D, 0x7F, 0xEF, 0x0F, 0x5B, 0xF1, 0xEB, 0x7D, 0xE1, 0xE2, 0xED, 0xB3, 0xF0, 0x34, 0xC0,
    0x45, 0x28, 0xE2, 0xE2, 0x14, 0x15, 0xA1, 0x1C, 0xE0, 0x6D, 0xF3, 0x6A, 0x25, 0x66, 0xA8, 0xE5,
    0xAB, 0xA0, 0x2F, 0x4B, 0xF7, 0x62, 0x26, 0x66, 0x67, 0xEF, 0xCC, 0xE2, 0x1F, 0x39, 0x99, 0x2D,
    0xB0, 0xC3, 0x4E, 0x26, 0x76, 0x2C, 0x45, 0x82, 0xFA, 0x5C, 0xFA, 0x1A, 0x31, 0x00, 0xE5, 0xA6,
    0xE8, 0x6B, 0xF9, 0xDC, 0x6B, 0x11, 0x7B, 0xB5, 0x9A, 0x38, 0x9B, 0x9E, 0x71, 0xF6, 0x2C, 0x84,
    0x67, 0xA9, 0xBE, 0x68, 0x8D, 0x16, 0xE9, 0x9A, 0x59, 0xAB, 0xFC, 0x9A, 0xCC, 0xBF, 0xC9, 0x42,
    0xEE, 0xAB, 0x5E, 0x0F, 0x57, 0x3E, 0x55, 0x56, 0x99, 0x9A, 0x06, 0xCB, 0x06, 0xD7, 0x57, 0x43,
    0x39, 0xB4, 0x61, 0xA2, 0x27, 0x7B, 0xA7, 0x0A, 0x4D, 0xD0, 0x46, 0x33, 0x0F, 0xAF, 0x7C, 0x61,
    0x69, 0x47, 0x0A, 0x11, 0xA3, 0x44, 0x7C, 0xFD, 0x71, 0xD3, 0xEB, 0x97, 0xCB, 0xA0, 0x9B, 0xDF,
    0x05, 0x74, 0xCF, 0x32, 0x3D, 0x6C, 0xC1, 0xD3, 0x4F, 0xAF, 0x63, 0x1B, 0xEB, 0xA0, 0x83, 0x8B,
    0x2F, 0xFE, 0x00, 0x38, 0xC3, 0xBA, 0x1E, 0x9D, 0x77, 0xB4, 0xA1, 0x8C, 0x3C, 0x6B, 0x88, 0xB8,
    0x6E, 0x36, 0xFA, 0xD8, 0x0C, 0x62, 0x02, 0x06, 0x18, 0xD1, 0x73, 0x4D, 0x5B, 0x35, 0xAF, 0x2B,
    0xC7, 0xAF, 0xBC, 0xFE, 0xE2, 0x9F, 0xFD, 0x74, 0xE1, 0xCF, 0xA1, 0x2F, 0xFC, 0xA0, 0x6C, 0x3D,
    0x94, 0x31, 0x9F, 0xFD, 0x50, 0x8F, 0x6D, 0xFF, 0xEE, 0xD7, 0x3E, 0x7F, 0xF2, 0x23, 0x8A, 0x8E,
    0x1F, 0xFE, 0x09, 0x27, 0x5C, 0xB9, 0x8F, 0x1A, 0xD1, 0x6B, 0xFE, 0xEF, 0x79, 0xD4, 0xE0, 0xAC,
    0x16, 0xE9, 0x63, 0x73, 0x37, 0x04, 0x65, 0xC6, 0x79, 0xDE, 0x1E, 0xEB, 0xBB, 0x43, 0x2B, 0x12,
    0xEA, 0x59, 0xDB, 0xE1, 0x45, 0xAE, 0x92, 0xDE, 0xBC, 0xDC, 0x26, 0xD0, 0x9F, 0xE1, 0x84, 0x86,
    0x04, 0xB5, 0x6D, 0x07, 0x80, 0x95, 0x78, 0x2D, 0x1F, 0xA7, 0xA3, 0x98, 0x52, 0x24, 0x31, 0x40,
    0x9B, 0x8E, 0x13, 0x90, 0xB9, 0xE4, 0x20, 0xD2, 0xD9, 0x6B, 0xB7, 0x0C, 0x70, 0x3E, 0x25, 0xF6,
    0xEC, 0xB2, 0xBF, 0xD3, 0x67, 0x20, 0x50, 0x0A, 0x4A, 0x8E, 0xC8, 0x5C, 0xA4, 0x90, 0x44, 0x00,
    0x27, 0xCB, 0x95, 0xC9, 0xA0, 0x69, 0x0D, 0x57, 0x64, 0x32, 0x3C, 0xA4, 0x91, 0x85, 0x41, 0xCB,
    0x42, 0x38, 0x3D, 0xE1, 0x01, 0x8F, 0x48, 0xA7, 0x27, 0x3D, 0xAB, 0x5B, 0x40, 0xF6, 0x36, 0x4E,
    0x26, 0x4B, 0x39, 0x14, 0xA9, 0xFA, 0x99, 0x0B, 0x6A, 0xD1, 0x7D, 0xF3, 0xF1, 0xF7, 0xD2, 0x11,
    0x6D, 0xD2, 0x6F, 0x18, 0xD9, 0x39, 0xFD, 0x13, 0x3F, 0x65, 0x4F, 0x96, 0x8E, 0xCA, 0xE5, 0xC7,
    0xA6, 0x75, 0x89, 0x9E, 0x5A, 0xA6, 0x9F, 0x6C, 0xCD, 0xED, 0xE2, 0x26, 0x80, 0xA7, 0xC4, 0x3B,
    0x4B, 0xA2, 0x35, 0xDF, 0x21, 0xC1, 0x36, 0x5F, 0xA7, 0x63, 0x61, 0x3C, 0x79, 0x9D, 0x08, 0xAD,
    0x48, 0xA2, 0x73, 0xCB, 0xD1, 0x92, 0x60, 0xC3, 0x42, 0x60, 0xC1, 0x90, 0xFF, 0xDC, 0x2A, 0xF1,
    0xFA, 0x86, 0xDF, 0x57, 0x7E, 0xAD, 0xEC, 0xBA, 0x66, 0xAD, 0x69, 0x85, 0xE6, 0x97, 0x70, 0x8B,
    0x52, 0x6C, 0xFD, 0x86, 0xD7, 0xB5, 0xD7, 0xC2, 0xE1, 0x11, 0xFB, 0xA0, 0x27, 0xAA, 0x0D, 0xF9,
    0x51, 0xD9, 0xE7, 0x76, 0x65, 0x94, 0x57, 0xB6, 0x36, 0x0D, 0x7A, 0x96, 0xAE, 0x71, 0x95, 0xEC,
    0x26, 0x4A, 0xD0, 0x97, 0xED, 0x61, 0xBA, 0x9B, 0x8F, 0xF3, 0x0D, 0x75, 0xBA, 0xA4, 0x1E, 0xD8,
    0xCE, 0x6D, 0x53, 0x76, 0xBA, 0x4A, 0x0F, 0xBA, 0x36, 0xD7, 0x1B, 0x33, 0x4B, 0x4E, 0x68, 0xBE,
    0x4F, 0x76, 0x4B, 0x4D, 0xFA, 0xA7, 0x87, 0xAC, 0x89, 0xAC, 0xCF, 0xB4, 0x63, 0x3D, 0x90, 0x2D,
    0xDF, 0x51, 0x7D, 0xFE, 0x56, 0x97, 0xDA, 0xBB, 0xFC, 0x48, 0x7B, 0x3F, 0x23, 0xEB, 0x97, 0x25,
    0x94, 0x7F, 0xB0, 0x95, 0xF4, 0xEA, 0x93, 0xA0, 0x7E, 0x15, 0xD4, 0xF5, 0xBE, 0x29, 0xBA, 0xF4,
    0x94, 0xCA, 0xBF, 0x54, 0xD9, 0xD5, 0x5E, 0x7E, 0xA4, 0xDC, 0x47, 0xA1, 0xFE, 0xE3, 0xBF, 0x86,
    0xE6, 0xBB, 0xFD, 0xA0, 0xAB, 0xBB, 0x61, 0x5F, 0xDD, 0x0B, 0x2F, 0xA9, 0xEB, 0x61, 0x5D, 0x5F,
    0xE8, 0xD7, 0x75, 0xE9, 0x57, 0x7B, 0xEA, 0x8E, 0xBA, 0x5F, 0xDB, 0x07, 0xBF, 0x62, 0x0D, 0x26,
    0xEF, 0xCA, 0x4F, 0xF5, 0xA6, 0xFE, 0xBD, 0xB2, 0x35, 0xA9, 0xAE, 0x43, 0xDD, 0xCF, 0x7F, 0xFF,
    0xB1, 0x4E, 0x4D, 0xAF, 0xD7, 0x5C, 0x1D, 0xD9, 0x0F, 0xE8, 0x0E, 0xED, 0x69, 0x60, 0x65, 0xDF,
    0x2E, 0xFF, 0x3A, 0x14, 0x5F, 0x75, 0x99, 0x18, 0x26, 0x8A, 0x89, 0xEA, 0x73, 0x9A, 0x57, 0xEC,
    0x61, 0xE5, 0xFF, 0x0D, 0x55, 0xCE, 0x01, 0xA6, 0xDE, 0x40, 0x14, 0x86, 0xE1, 0x77, 0x12, 0x6E,
    0x68, 0x90, 0x05, 0x14, 0xB3, 0x80, 0x22, 0x4B, 0x48, 0x76, 0x96, 0xA1, 0x1B, 0xB8, 0x8B, 0x28,
    0x14, 0x5C, 0x80, 0x02, 0x33, 0x00, 0x14, 0xA6, 0x2B, 0x68, 0xD4, 0x05, 0x0A, 0xC1, 0x8F, 0x94,
    0x49, 0xBE, 0x9E, 0x03, 0xBF, 0x96, 0xF1, 0x80, 0x63, 0xDE, 0x0F, 0x42, 0x7E, 0x05, 0xA2, 0x2E,
    0x33, 0x4B, 0x89, 0x20, 0xA9, 0xD0, 0xEB, 0xB7, 0x76, 0x46, 0x61, 0x4E, 0x17, 0x79, 0x27, 0x36,
    0xB6, 0x9D, 0xF9, 0x44, 0x95, 0xE5, 0x08, 0x2A, 0xE6, 0x20, 0xD8, 0x8E, 0x7C, 0x41, 0xFE, 0xA5,
    0x1D, 0xF4, 0xC3, 0x55, 0x51, 0x73, 0xDF, 0x84, 0x9D, 0x75, 0x4A, 0xF6, 0x50, 0xE9, 0xB5, 0xE2,
    0xF2, 0x74, 0xD0, 0xDA, 0xA9, 0x8C, 0xDA, 0x47, 0xAD, 0x93, 0x24, 0xE1, 0x36, 0xDC, 0x83, 0x78,
    0x66, 0x25, 0xE6, 0xC7, 0xCB, 0x17, 0x2C, 0x05, 0xFF, 0x9B, 0xF7, 0x7F, 0xAC, 0x2E, 0x7C, 0x7C,
    0x87, 0x20, 0xAD, 0x0C, 0x52, 0x25, 0x4A, 0x07, 0xCB, 0x9F, 0xED, 0x24, 0xD7, 0xA9, 0xA1, 0x34,
    0xB5, 0xA0, 0x75, 0xBC, 0x3A, 0xF1, 0x24, 0x8D, 0x57, 0x50, 0x1D, 0x1B, 0xD2, 0x5B, 0x63, 0x93,
    0x1A, 0xD1, 0xE9, 0xA4, 0x13, 0x2C, 0xFE, 0xE9, 0xB0, 0x9E, 0x15, 0x37, 0x47, 0x75, 0x36, 0xCA,
    0xFC, 0xE8, 0xB5, 0xC6, 0x36, 0x89, 0x49, 0x6A, 0x8C, 0xD2, 0x83, 0x5E, 0x2A, 0x90, 0x6F, 0xE0,
    0xE5, 0xD5, 0x08, 0xDF, 0xF8, 0xF0, 0x95, 0xD8, 0x98, 0x1B, 0xD3, 0xCD, 0xF2, 0x60, 0x10, 0xDA,
    0xE9, 0x15, 0x54, 0x08, 0xFA, 0x2C, 0x40, 0xDF, 0x6F, 0x33, 0xFF, 0x6C, 0xE6, 0xA2, 0x03, 0xB7,
    0x9A, 0xB3, 0x92, 0x19, 0x65, 0x30, 0x35, 0x77, 0x76, 0x59, 0x6E, 0x57, 0x32, 0x3A, 0x97, 0xE1,
    0x56, 0xF2, 0x93, 0x5C, 0xB0, 0xC4, 0x56, 0x21, 0xFB, 0xCE, 0xE0, 0x1B, 0xE9, 0x95, 0xA2, 0xC5,
    0xE5, 0x5F, 0xCC, 0x17, 0xE3, 0xCD, 0x72, 0xD2, 0xBF, 0x03, 0x00, 0x7F, 0x01, 0xD4, 0x9B, 0x3F,
    0xAC, 0xE4, 0xD6, 0x75, 0xFF, 0xC9, 0x99, 0x9F, 0x96, 0x86, 0x58, 0xD0, 0xC5, 0x4F, 0x06, 0x24,
    0x01, 0x61, 0xEF, 0x14, 0x6C, 0xDD, 0x04, 0xA4, 0xED, 0xC2, 0x85, 0x0B, 0xAB, 0xD0, 0x2A, 0x45,
    0x0A, 0x35, 0x69, 0xA2, 0x66, 0xD3, 0x37, 0x1C, 0xDB, 0xA5, 0x0B, 0xAB, 0x09, 0x52, 0x5A, 0xC5,
    0x06, 0xD0, 0x3E, 0x15, 0x9B, 0x1E, 0x41, 0x38, 0xB1, 0x80, 0x34, 0x2A, 0x4C, 0xD8, 0x10, 0x52,
    0xA4, 0x08, 0x13, 0x3B, 0x31, 0xBC, 0x2A, 0x44, 0xC9, 0x94, 0xC5, 0xF7, 0x96, 0xE4, 0xC9, 0xF9,
    0x7C, 0xEF, 0xBB, 0x98, 0x1D, 0x8D, 0x76, 0x83, 0x04, 0xB1, 0xAC, 0xCC, 0xEE, 0xFB, 0x9E, 0xBB,
    0x12, 0xE7, 0xDE, 0x73, 0xCF, 0x39, 0xF7, 0xFC, 0xBB, 0x7C, 0x89, 0x3E, 0x85, 0x35, 0x49, 0x92,
    0xD9, 0x31, 0x49, 0x52, 0x1B, 0xFC, 0xDF, 0xED, 0xE8, 0x50, 0x2C, 0x0E, 0x7B, 0x80, 0xCF, 0xD7,
    0xAF, 0xAE, 0xDE, 0x4E, 0x5A, 0xB3, 0x35, 0xE9, 0xCC, 0x96, 0xC4, 0x6E, 0x61, 0x4E, 0xF4, 0x2D,
    0x60, 0x07, 0xEC, 0xED, 0x00, 0x34, 0x80, 0x59, 0x92, 0x01, 0x39, 0x50, 0x98, 0x6D, 0x0E, 0x3E,
    0x89, 0xE6, 0x2D, 0x81, 0x0A, 0xA8, 0x67, 0x60, 0x02, 0xAE, 0xEF, 0xDE, 0x4D, 0x5A, 0x9E, 0xEB,
    0x00, 0x33, 0x5B, 0x01, 0x1E, 0xFA, 0xAA, 0xFF, 0xD9, 0x2D, 0xBB, 0x25, 0xC9, 0xB6, 0xFD, 0x96,
    0xE4, 0x5B, 0xB6, 0x25, 0xD9, 0xE2, 0xBC, 0xA5, 0x43, 0x3A, 0xFE, 0xC1, 0xF9, 0x63, 0x6D, 0x2D,
    0xCE, 0xB8, 0x8B, 0xC8, 0xD2, 0xFE, 0x99, 0x34, 0x17, 0x93, 0xCD, 0x60, 0x3D, 0x09, 0x47, 0xE1,
    0x47, 0xAF, 0x22, 0x6B, 0xB3, 0x3E, 0x49, 0x3A, 0x9E, 0xE7, 0x0B, 0x9B, 0xD0, 0x1C, 0x8F, 0x85,
    0xC1, 0xB8, 0x33, 0xBB, 0xB3, 0x83, 0xA3, 0xFE, 0x26, 0xF1, 0x6F, 0x92, 0xC3, 0x7D, 0x52, 0x22,
    0x8D, 0xBD, 0xAF, 0x58, 0xAC, 0xB9, 0x4D, 0xCE, 0x7B, 0x61, 0xBD, 0x63, 0x69, 0x2C, 0x70, 0xE7,
    0x4D, 0x87, 0xF8, 0x29, 0xED, 0xC0, 0x6A, 0x9B, 0x43, 0x6A, 0xAC, 0x2F, 0x51, 0xB0, 0x5B, 0x98,
    0x1B, 0xC0, 0x28, 0xC8, 0x07, 0xE2, 0x6A, 0x13, 0x57, 0xAB, 0x70, 0x11, 0x57, 0xE0, 0x51, 0xDF,
    0x07, 0x77, 0x01, 0x99, 0x45, 0x12, 0x05, 0x99, 0x20, 0x13, 0xE6, 0x01, 0x37, 0xB0, 0x58, 0x85,
    0xAC, 0x14, 0x85, 0xF1, 0x14, 0x91, 0xB4, 0xC2, 0x2E, 0xA0, 0x78, 0x42, 0x38, 0x7C, 0x5E, 0xDE,
    0x58, 0xCB, 0x06, 0x14, 0x35, 0x07, 0x45, 0x9B, 0x75, 0xCB, 0xDE, 0x86, 0xDD, 0x98, 0x3B, 0x0F,
    0x87, 0x62, 0x8B, 0xF3, 0x32, 0x21, 0x4F, 0x2C, 0x17, 0xA6, 0xF0, 0xE8, 0xEA, 0xAD, 0x30, 0x61,
    0x80, 0x21, 0xAE, 0xD5, 0xCE, 0xC9, 0x57, 0x92, 0xDA, 0x9A, 0xBF, 0x4F, 0xCA, 0x68, 0x10, 0x87,
    0x9D, 0x24, 0xD0, 0x22, 0xAA, 0xF4, 0x81, 0xB8, 0x5D, 0xC5, 0x41, 0x1F, 0x38, 0xA8, 0xF8, 0xDF,
    0xAD, 0x75, 0xCE, 0xC6, 0xB8, 0x9B, 0x98, 0xF0, 0xCD, 0xDB, 0x59, 0x47, 0x60, 0x65, 0x6A, 0x44,
    0x53, 0xFB, 0xB3, 0x7C, 0x43, 0xDF, 0x3D, 0x32, 0xE1, 0x80, 0x70, 0x46, 0x69, 0x41, 0x3B, 0xDE,
    0x03, 0xE5, 0xD1, 0x39, 0x69, 0xAF, 0x77, 0x36, 0xD4, 0xE6, 0xCF, 0xC1, 0x86, 0x6B, 0x5B, 0xD2,
    0xE7, 0x0B, 0xE9, 0x7D, 0x34, 0xF3, 0x16, 0xF2, 0xE9, 0xFC, 0xEF, 0xC0, 0x52, 0x76, 0x74, 0x3D,
    0xB8, 0x12, 0xA2, 0x75, 0x20, 0xF8, 0xDC, 0x10, 0x79, 0xB1, 0x22, 0xEC, 0x72, 0x41, 0x1C, 0xD5,
    0x8C, 0x3C, 0xEA, 0xF1, 0xEC, 0xAB, 0x49, 0x93, 0x34, 0xF9, 0x94, 0x4D, 0x6E, 0x2E, 0x4B, 0xB9,
    0x38, 0x4E, 0xC5, 0x94, 0xF5, 0x7B, 0xD8, 0xD7, 0x32, 0x3C, 0xCC, 0xD3, 0x3C, 0xAE, 0xE7, 0xED,
    0x28, 0xA5, 0xEF, 0xF4, 0x73, 0x90, 0xBA, 0x51, 0x76, 0x66, 0x52, 0x34, 0x6B, 0xB2, 0x28, 0xAB,
    0x4A, 0xC1, 0x15, 0x3F, 0xB3, 0x34, 0xC1, 0xD2, 0x17, 0xD3, 0x61, 0x9B, 0xC8, 0x54, 0x3A, 0xE3,
    0x8B, 0xCF, 0x38, 0x74, 0x41, 0x48, 0x51, 0x53, 0x08, 0x43, 0x53, 0x3C, 0xED, 0x5C, 0xC3, 0xD3,
    0xBE, 0xF1, 0xA3, 0x53, 0x0E, 0xF5, 0xEA, 0xD2, 0xB7, 0x05, 0x55, 0x8D, 0xA8, 0x00, 0xDE, 0x59,
    0xF0, 0x6B, 0xE1, 0x58, 0xBC, 0x71, 0x75, 0x75, 0xD0, 0x00, 0x81, 0x9F, 0x0D, 0x76, 0x71, 0x80,
    0x8F, 0xD0, 0x33, 0xD9, 0xC6, 0xDC, 0x18, 0xF4, 0xCA, 0xBE, 0xC5, 0xF0, 0xED, 0xA0, 0x9C, 0x91,
    0x82, 0x38, 0xCD, 0xED, 0x6F, 0xC2, 0xA0, 0xE0, 0xDC, 0xB3, 0x5D, 0x1F, 0x98, 0x78, 0x65, 0x70,
    0x80, 0xDF, 0x8A, 0xB9, 0xE1, 0xB4, 0x9A, 0x5D, 0xD9, 0x3E, 0x60, 0x9B, 0x36, 0x22, 0xC2, 0x1A,
    0x0D, 0x21, 0x89, 0x56, 0x7A, 0xAA, 0x67, 0xFE, 0x69, 0x7D, 0x50, 0xDB, 0x0E, 0xA3, 0x40, 0x79,
    0x95, 0x1D, 0x2A, 0x3B, 0xCA, 0x49, 0x60, 0xB2, 0xA9, 0xCC, 0xBB, 0x5D, 0xC5, 0xF4, 0x90, 0x74,
    0x13, 0x83, 0xEB, 0x24, 0x79, 0x11, 0x4E, 0xA2, 0x3E, 0x9F, 0x7F, 0x5B, 0x42, 0x94, 0x94, 0x99,
    0xAE, 0x84, 0xDA, 0x20, 0x1D, 0xB1, 0x82, 0x24, 0x6D, 0x47, 0x09, 0x3B, 0x15, 0x95, 0x58, 0xF9,
    0x0A, 0x92, 0x85, 0x1B, 0x09, 0xD7, 0x7E, 0xF3, 0x8A, 0x64, 0x82, 0xED, 0x67, 0xA2, 0xD6, 0xE7,
    0x81, 0x8E, 0x45, 0xA0, 0x8B, 0xFB, 0xD0, 0x77, 0xAC, 0xA9, 0xDD, 0xAA, 0xD8, 0x1C, 0xF6, 0x15,
    0xA8, 0xEB, 0x35, 0x87, 0xD6, 0x33, 0x7B, 0x2D, 0x97, 0x7A, 0x42, 0xF3, 0xF5, 0x5C, 0xC3, 0xD6,
    0x1D, 0x1B, 0xDB, 0x51, 0x87, 0x6F, 0x70, 0xF6, 0x2A, 0x84, 0x65, 0x03, 0x74, 0x15, 0x7B, 0xC8,
    0xEE, 0xF7, 0xEC, 0x64, 0xB1, 0x6B, 0xC7, 0xCF, 0x38, 0xD9, 0x2C, 0x9C, 0xAA, 0x2D, 0x9E, 0x2A,
    0x1D, 0xAC, 0xF8, 0x57, 0x6B, 0xC6, 0xCF, 0xDE, 0x14, 0x33, 0x65, 0x37, 0xD5, 0x16, 0xBD, 0x58,
    0x74, 0x8F, 0xCB, 0x93, 0xDA, 0xC8, 0xA4, 0xE1, 0x7A, 0xE1, 0x09, 0x36, 0xE0, 0xBA, 0x45, 0xCF,
    0x19, 0xE8, 0xFC, 0xBC, 0x82, 0x95, 0x2C, 0xC8, 0xBF, 0x1E, 0x91, 0xBE, 0xF5, 0x8E, 0xDF, 0x92,
    0xD1, 0xC0, 0x72, 0x26, 0xF6, 0x73, 0x04, 0x80, 0x51, 0xAF, 0x8E, 0xDB, 0x9F, 0x59, 0x34, 0xC8,
    0x72, 0x41, 0x5F, 0xD5, 0x22, 0x2D, 0x12, 0xFC, 0x64, 0x5E, 0x83, 0x1C, 0x00, 0x7F, 0xF9, 0x27,
    0x12, 0x5E, 0xF8, 0x8F, 0xA5, 0x63, 0xCF, 0x21, 0x8C, 0x1F, 0x9B, 0xC0, 0x36, 0x38, 0xEA, 0x0D,
    0x64, 0x4E, 0xD9, 0x06, 0x58, 0x0B, 0xA3, 0x4D, 0x3D, 0x60, 0xBA, 0xCA, 0xDC, 0x38, 0x88, 0x2A,
    0x5D, 0x8F, 0xD3, 0xC3, 0x1B, 0x2D, 0x8E, 0x99, 0xC1, 0x41, 0x61, 0x8B, 0xEF, 0xBF, 0x36, 0xB7,
    0xF4, 0xA6, 0xFB, 0x70, 0xF2, 0xB9, 0xEC, 0xE1, 0xB8, 0xB7, 0xBD, 0xD5, 0x63, 0x66, 0xF9, 0x52,
    0x0F, 0xF9, 0x56, 0xCE, 0xDD, 0xE0, 0xA3, 0xD1, 0xFA, 0x62, 0xE9, 0x8E, 0xFE, 0x95, 0x6B, 0x3B,
    0xB8, 0xA5, 0x7F, 0x6A, 0xA9, 0x9B, 0xF9, 0x63, 0xBE, 0x5E, 0x99, 0x7F, 0xB1, 0xA9, 0x6D, 0xE0,
    0xA8, 0x48, 0x53, 0xAD, 0x35, 0x99, 0x2F, 0x28, 0xA5, 0x74, 0x0B, 0x4A, 0x31, 0x99, 0x36, 0x9F,
    0x17, 0x1A, 0x17, 0x1C, 0x8C, 0x3A, 0x5A, 0xE3, 0xAA, 0xFD, 0x80, 0x0D, 0x48, 0x58, 0xF2, 0xE5,
    0xF8, 0xAA, 0xC6, 0x91, 0x4F, 0x7A, 0xD5, 0xF8, 0xC9, 0x38, 0x49, 0xAA, 0x1D, 0x41, 0x3C, 0x6B,
    0xCF, 0x7F, 0xEC, 0x58, 0x31, 0x71, 0x56, 0x37, 0xB0, 0x58, 0xC0, 0x72, 0x76, 0xED, 0x4E, 0x58,
    0x56, 0x39, 0xB5, 0xBD, 0x0B, 0x7D, 0xB6, 0xA3, 0xE3, 0x6A, 0x8A, 0x78, 0x9B, 0xA2, 0xDF, 0x22,
    0xB1, 0xCD, 0xC2, 0x51, 0xD8, 0xC7, 0x68, 0x19, 0xC4, 0xF9, 0xFF, 0x24, 0xDA, 0x42, 0x0F, 0x56,
    0x3C, 0xC2, 0xBE, 0x14, 0x9B, 0x4F, 0x41, 0x1B, 0x09, 0xDF, 0x71, 0x73, 0xD7, 0xC6, 0x3A, 0x61,
    0x54, 0x18, 0x46, 0x2E, 0x9E, 0xC5, 0xF9, 0xB4, 0x03, 0x47, 0xB4, 0xDE, 0x3A, 0x36, 0x62, 0x9B,
    0xC3, 0x9D, 0x81, 0x7D, 0x0E, 0x1E, 0x5D, 0xC5, 0xA8, 0x63, 0xC5, 0x1C, 0x75, 0x2E, 0x0F, 0x25,
    0xD8, 0x54, 0x20, 0xBB, 0xCF, 0xE4, 0x86, 0xF2, 0x8D, 0x1C, 0xE7, 0x75, 0xE2, 0x5A, 0x48, 0xA4,
    0x42, 0xE4, 0x8C, 0x38, 0x07, 0xFE, 0x1D, 0x37, 0x30, 0x5B, 0xC1, 0x7C, 0x01, 0x8B, 0x80, 0xB3,
    0x70, 0x04, 0xE3, 0xE7, 0xA5, 0x07, 0x60, 0x6D, 0x60, 0x27, 0x34, 0x70, 0x27, 0xDC, 0x6F, 0xD6,
    0x30, 0x05, 0x58, 0xCC, 0x1C, 0x95, 0x6A, 0x04, 0xEB, 0x01, 0xB4, 0x23, 0x61, 0x07, 0x84, 0x57,
    0x47, 0xE7, 0xD2, 0xB1, 0x58, 0xC1, 0xD2, 0x4C, 0x9E, 0x01, 0x6C, 0xE5, 0xFA, 0x0C, 0xDC, 0x49,
    0x71, 0xF2, 0x59, 0xA3, 0xEF, 0xDD, 0x11, 0xF3, 0x6E, 0xC7, 0x6A, 0x01, 0xEB, 0x19, 0x94, 0x2B,
    0x91, 0x4F, 0x40, 0x5C, 0xC1, 0x0F, 0x44, 0xDC, 0x3E, 0x27, 0xC5, 0xD9, 0x9F, 0xA5, 0x38, 0x57,
    0xAE, 0x9F, 0x4C, 0x5F, 0xCD, 0xB5, 0x6C, 0xE1, 0x28, 0x57, 0xD6, 0x45, 0x9F, 0x50, 0x6A, 0x50,
    0x09, 0xEB, 0x19, 0x24, 0x02, 0x3B, 0x8E, 0xA9, 0x4D, 0x5A, 0x76, 0xD4, 0xB2, 0xC7, 0x93, 0x2B,
    0x7A, 0x53, 0x89, 0xD7, 0xFD, 0xE0, 0xA9, 0x86, 0x53, 0xCA, 0x25, 0xAE, 0x1E, 0x75, 0xD6, 0xE8,
    0x4C, 0x1D, 0xE4, 0xA9, 0x0E, 0x3B, 0xB0, 0xD9, 0x47, 0x7F, 0x55, 0xAC, 0x70, 0x65, 0xB3, 0xB8,
    0xEA, 0x43, 0x36, 0x2B, 0xAE, 0x06, 0xB8, 0x6A, 0x9F, 0x70, 0x56, 0xF9, 0x9A, 0x54, 0xA0, 0xB8,
    0x5A, 0xE1, 0xAA, 0x14, 0x57, 0xDD, 0xF2, 0xF9, 0x5C, 0x0D, 0x31, 0x1D, 0x8C, 0x49, 0xEF, 0x59,
    0x72, 0x7D, 0x8A, 0xBF, 0x82, 0x53, 0x5E, 0x1D, 0x73, 0xC0, 0x5C, 0xF0, 0xB4, 0x10, 0x5F, 0x3D,
    0x2D, 0xC4, 0x77, 0x31, 0xC4, 0xF3, 0x71, 0x4D, 0xBD, 0xC5, 0x3A, 0x70, 0x17, 0x42, 0x1C, 0x2B,
    0x88, 0x64, 0x30, 0xAB, 0x69, 0x03, 0x11, 0x33, 0xD5, 0x0C, 0x27, 0x1C, 0x88, 0x48, 0x98, 0xB1,
    0x87, 0x48, 0x84, 0xCC, 0x75, 0x80, 0x27, 0x62, 0x92, 0x93, 0xCC, 0xC9, 0x02, 0x83, 0x22, 0x12,
    0x93, 0xB8, 0xAA, 0x82, 0xA5, 0xD4, 0x33, 0xAC, 0xC0, 0x61, 0x66, 0xEF, 0xDF, 0xED, 0x3E, 0x69,
    0x2A, 0xE3, 0x73, 0xA8, 0x9F, 0x24, 0x4D, 0x20, 0x21, 0x5A, 0x3A, 0x81, 0x37, 0x39, 0x44, 0x44,
    0xDD, 0x9D, 0x58, 0x84, 0x1C, 0x30, 0x74, 0x91, 0xD2, 0x9F, 0xFE, 0x12, 0xD4, 0x56, 0xA4, 0xFE,
    0xBB, 0x07, 0xC9, 0x6E, 0x23, 0xBF, 0x25, 0x30, 0xFB, 0xC0, 0x64, 0x38, 0x2B, 0x25, 0x03, 0x3C,
    0x2F, 0x3E, 0x38, 0x16, 0x0B, 0x9E, 0xFD, 0x8E, 0x1D, 0x3D, 0xC2, 0x60, 0xAE, 0xED, 0x50, 0xCD,
    0xD2, 0x6D, 0x3D, 0xD6, 0x9E, 0x47, 0x6A, 0xC0, 0x1F, 0x96, 0x76, 0x82, 0x10, 0xE0, 0x4B, 0x2A,
    0xD2, 0x40, 0x87, 0x48, 0xE2, 0x53, 0x8C, 0x31, 0x1D, 0x21, 0xAC, 0xDB, 0xFF, 0x1C, 0xD8, 0xE1,
    0xF7, 0x39, 0xE9, 0x68, 0x64, 0x47, 0xCC, 0x43, 0x27, 0x3E, 0xE8, 0x06, 0x76, 0x41, 0x00, 0x50,
    0x0A, 0x19, 0xD2, 0x25, 0x05, 0x4B, 0x54, 0xB4, 0xB7, 0xA3, 0x72, 0x89, 0x53, 0xDE, 0x5B, 0xAE,
    0xA0, 0x6B, 0xB6, 0x96, 0xD1, 0xCB, 0x04, 0xEF, 0x6D, 0x38, 0x19, 0x2C, 0x48, 0xF9, 0x20, 0x88,
    0x81, 0x97, 0x37, 0x1D, 0x07, 0xC5, 0x99, 0x93, 0x37, 0x8B, 0x18, 0x6D, 0x56, 0x12, 0x4C, 0xDF,
    0x09, 0x76, 0x17, 0x24, 0xBF, 0x25, 0x20, 0xBC, 0x29, 0x79, 0x8F, 0x02, 0xE6, 0xC9, 0x88, 0xAC,
    0x9B, 0xAB, 0xA0, 0x28, 0x7F, 0x45, 0x58, 0xAF, 0xB1, 0x55, 0xE1, 0x21, 0xA8, 0x49, 0x45, 0x0C,
    0x6E, 0xFE, 0xFE, 0x97, 0x3A, 0x8E, 0xA6, 0xAF, 0xE0, 0x85, 0xF3, 0x11, 0x2C, 0xC1, 0x1B, 0x9D,
    0x2E, 0x93, 0x01, 0xDB, 0x2A, 0x09, 0x0C, 0x5F, 0xEE, 0x6C, 0xE0, 0x4B, 0x9A, 0x69, 0x71, 0xDA,
    0xDF, 0x52, 0x18, 0x94, 0x09, 0x5D, 0x78, 0xB6, 0x1E, 0xA2, 0x93, 0x9F, 0xAF, 0x4F, 0x7A, 0xB6,
    0xF2, 0xD6, 0xB3, 0xB1, 0xFF, 0x93, 0x67, 0x1B, 0x44, 0xEC, 0x88, 0xA1, 0xA7, 0x3A, 0x0D, 0x0A,
    0x09, 0x22, 0x92, 0x42, 0x38, 0x1F, 0x21, 0x20, 0xC9, 0x5E, 0xAB, 0x99, 0x83, 0xC4, 0xA8, 0x0C,
    0xDC, 0x52, 0x4D, 0xC0, 0x2E, 0xC1, 0xD0, 0x19, 0xA7, 0xE4, 0x54, 0x1D, 0x01, 0xDF, 0x2F, 0x46,
    0x0D, 0xDF, 0xD7, 0x0F, 0x99, 0x61, 0x37, 0x23, 0xE6, 0xC4, 0x44, 0x76, 0xE6, 0x7B, 0x5E, 0x94,
    0xE8, 0xD8, 0x4A, 0x59, 0x9B, 0xCA, 0x13, 0x0D, 0x3B, 0x27, 0xB5, 0x93, 0xCD, 0xB5, 0xE4, 0xDE,
    0xD7, 0x89, 0x75, 0x47, 0x27, 0xE9, 0xE6, 0xD6, 0xB0, 0x76, 0xFB, 0xC5, 0x0E, 0xF9, 0xDA, 0x7D,
    0xE7, 0xDA, 0xC9, 0xD2, 0xFE, 0xF8, 0x63, 0xE7, 0x78, 0xA9, 0x7F, 0xF2, 0x0B, 0x95, 0x07, 0xF6,
    0xAE, 0xF9, 0x5E, 0x6B, 0xFB, 0xF6, 0x46, 0xA6, 0x65, 0x99, 0x13, 0x8F, 0xDE, 0xF9, 0xAA, 0xEC,
    0xAB, 0x58, 0x9C, 0x14, 0xA3, 0x93, 0x76, 0x28, 0x86, 0xC2, 0x79, 0xE8, 0xF3, 0x63, 0xE5, 0x04,
    0xE3, 0x9C, 0x10, 0x17, 0x3B, 0x52, 0xF2, 0x84, 0x41, 0x2A, 0x2C, 0x87, 0x14, 0x2A, 0xEA, 0xA0,
    0x92, 0x2F, 0xAE, 0xCE, 0x92, 0x27, 0x04, 0x5B, 0x87, 0xE4, 0xC9, 0x11, 0x55, 0x64, 0xA7, 0xD2,
    0xE6, 0x18, 0x90, 0xB2, 0xC6, 0x91, 0x2D, 0x9F, 0x25, 0x4F, 0xD5, 0x1C, 0x93, 0x27, 0x47, 0xCA,
    0xB8, 0xA7, 0x2E, 0xAB, 0xBA, 0x20, 0x9E, 0xFF, 0x12, 0xAB, 0x92, 0x17, 0x24, 0xB8, 0x75, 0xC4,
    0xF2, 0x21, 0xF3, 0xB5, 0x88, 0xEE, 0x3D, 0xEA, 0xB3, 0xA1, 0x5A, 0xC0, 0x5A, 0xEA, 0x6A, 0x47,
    0xB0, 0x13, 0xF2, 0x75, 0x1B, 0x9E, 0xC0, 0xDE, 0xD1, 0xB7, 0xE3, 0xB8, 0x77, 0x24, 0x54, 0x35,
    0xAC, 0x6E, 0x78, 0x21, 0x6A, 0xE0, 0x6D, 0x67, 0x28, 0x1B, 0x43, 0xCB, 0x4D, 0x65, 0xB0, 0x0C,
    0x5B, 0xAD, 0x88, 0xD8, 0xDC, 0xB8, 0xAC, 0xAE, 0x2C, 0xA2, 0xFD, 0x3E, 0xD3, 0x4D, 0xE7, 0x33,
    0x4A, 0xEC, 0x22, 0xCB, 0xBD, 0x48, 0x89, 0xD6, 0x98, 0x12, 0x81, 0x07, 0x39, 0x96, 0x63, 0xAA,
    0xBF, 0x70, 0xA5, 0xDC, 0x48, 0xD8, 0xA4, 0x20, 0xEB, 0x12, 0xDE, 0x09, 0x92, 0xEF, 0x60, 0x96,
    0xDA, 0x10, 0x38, 0x80, 0x44, 0x80, 0xCD, 0x2B, 0x80, 0xE8, 0xB7, 0x9F, 0xD9, 0x8B, 0xB2, 0xB3,
    0x5E, 0x54, 0x19, 0xDD, 0x38, 0x5A, 0x54, 0xE0, 0x4E, 0xCD, 0x1E, 0xCE, 0x7E, 0x0A, 0x42, 0x2F,
    0x8A, 0xF6, 0xC3, 0x29, 0x02, 0x9F, 0xB7, 0x2F, 0x9E, 0x06, 0xF1, 0x11, 0xCE, 0xD8, 0x13, 0xBD,
    0xA8, 0xE6, 0xF3, 0x7A, 0x51, 0x52, 0x96, 0x74, 0xA5, 0x12, 0x58, 0x80, 0x48, 0x10, 0xE9, 0xD3,
    0xBA, 0x2A, 0xF3, 0xD3, 0xBA, 0x2A, 0xC3, 0xD3, 0xBA, 0x2A, 0x84, 0xBC, 0x8B, 0xAC, 0xEE, 0x4B,
    0x5E, 0x35, 0x45, 0xDD, 0x29, 0x09, 0x53, 0xE6, 0x27, 0x12, 0x92, 0x79, 0x19, 0x8D, 0x6C, 0x7C,
    0xD6, 0x3F, 0x48, 0x9F, 0x44, 0x0E, 0xA5, 0xFD, 0xC0, 0x72, 0x3B, 0xD6, 0xCB, 0xDE, 0xFC, 0xF8,
    0x61, 0xD8, 0x2E, 0x92, 0x6E, 0x20, 0xAE, 0x0C, 0x6E, 0xD4, 0xAB, 0x88, 0x8C, 0xD3, 0x06, 0x88,
    0x9F, 0x32, 0xF2, 0xA1, 0x63, 0x37, 0x97, 0x73, 0x4E, 0x38, 0xEA, 0x6E, 0xCC, 0xA4, 0x2F, 0x5B,
    0x08, 0x1B, 0xD1, 0x60, 0x37, 0x38, 0xB3, 0x9B, 0x37, 0x3F, 0xC3, 0xCA, 0x89, 0x60, 0x7F, 0x09,
    0xC1, 0x73, 0xE7, 0x23, 0x59, 0x2A, 0x12, 0x41, 0x79, 0xC8, 0xBE, 0x9E, 0x21, 0xC7, 0x76, 0x94,
    0x20, 0xF4, 0x15, 0xFB, 0xA9, 0x1D, 0x20, 0xBF, 0x30, 0xCD, 0xF9, 0xE1, 0x02, 0x69, 0x2D, 0x98,
    0xAD, 0xD4, 0x28, 0x7F, 0x2E, 0xA2, 0xB9, 0xEB, 0x40, 0x2C, 0x8A, 0x00, 0x92, 0x6D, 0xD6, 0xCB,
    0x3A, 0x3A, 0x89, 0x71, 0xBA, 0xB5, 0x4F, 0x59, 0x06, 0x52, 0x48, 0xC2, 0x61, 0x15, 0x2B, 0xE5,
    0x2A, 0x0B, 0x2A, 0x4C, 0xE6, 0x03, 0x51, 0xB8, 0xBF, 0x28, 0x4D, 0xAB, 0xCB, 0xD2, 0x74, 0x7C,
    0xA6, 0xAF, 0x38, 0x3E, 0xD3, 0x57, 0x24, 0x9F, 0xE3, 0x2B, 0x3E, 0xF1, 0xD2, 0xF4, 0x15, 0x25,
    0x8E, 0x63, 0x27, 0x04, 0x6C, 0x08, 0x18, 0x85, 0x1A, 0x51, 0x62, 0x4A, 0xAD, 0xD1, 0xAE, 0x1D,
    0x4E, 0xA5, 0xAB, 0x3E, 0xEC, 0x60, 0x77, 0xA5, 0x0C, 0xB1, 0x74, 0xD8, 0x2A, 0x2A, 0xA2, 0x9A,
    0x06, 0xBA, 0x1B, 0x50, 0x09, 0x54, 0x4B, 0xEB, 0x30, 0x77, 0x04, 0x72, 0x60, 0x14, 0xB4, 0x6B,
    0x6A, 0xA3, 0x92, 0xBA, 0x2A, 0x46, 0x08, 0xB7, 0xF9, 0xED, 0x3C, 0x47, 0xBF, 0xAC, 0x83, 0xCE,
    0x0F, 0xA5, 0x44, 0x78, 0x75, 0x50, 0x88, 0xDA, 0x49, 0x04, 0x1D, 0x52, 0x22, 0x75, 0x19, 0x88,
    0xDE, 0x88, 0xD2, 0xBF, 0x5E, 0x86, 0xDC, 0x29, 0xE4, 0x18, 0x39, 0xC2, 0x08, 0x0F, 0xD7, 0x93,
    0x1E, 0x96, 0x68, 0x79, 0x58, 0xF6, 0x5A, 0xA2, 0x0B, 0x1E, 0x46, 0x1B, 0x7A, 0xD8, 0x27, 0xD1,
    0xC3, 0x08, 0x99, 0x87, 0x11, 0xF3, 0x12, 0x56, 0xE4, 0x61, 0x56, 0xE4, 0x61, 0x56, 0xD4, 0xC3,
    0xCA, 0xAD, 0xC3, 0x8A, 0xF5, 0xF5, 0x6B, 0xF6, 0xBE, 0xA7, 0x3A, 0x12, 0x76, 0xA8, 0x19, 0x62,
    0xC5, 0x20, 0x13, 0x0F, 0xF4, 0xFF, 0xCC, 0x3E, 0x30, 0x1A, 0x3E, 0x53, 0x07, 0xCA, 0x70, 0xCE,
    0xA9, 0x2C, 0x42, 0xAE, 0xF0, 0x74, 0x52, 0x65, 0x48, 0xE7, 0xB4, 0x11, 0x49, 0x0D, 0x8C, 0x66,
    0x15, 0x0B, 0xB8, 0x46, 0x9E, 0xE5, 0xA0, 0x63, 0x9F, 0x44, 0x34, 0x61, 0xBC, 0x05, 0xB9, 0xBC,
    0x0B, 0xD9, 0xFE, 0x2A, 0xD4, 0x44, 0x53, 0xA8, 0x49, 0x84, 0xD6, 0x08, 0x8F, 0x12, 0x47, 0x1F,
    0x7B, 0xFD, 0x01, 0x8F, 0x11, 0x8F, 0x8A, 0x70, 0xB4, 0xFE, 0xEF, 0xD1, 0x09, 0xE0, 0xBB, 0xE0,
    0x2C, 0xEC, 0x71, 0x41, 0xD7, 0xE1, 0xA0, 0x0A, 0x74, 0xBE, 0xD5, 0x5D, 0x96, 0xD7, 0x97, 0xBB,
    0x8F, 0x37, 0x01, 0x80, 0x36, 0xA8, 0x39, 0x45, 0x77, 0x50, 0x16, 0x60, 0x3B, 0x6A, 0x8B, 0x3E,
    0x68, 0x42, 0x63, 0x54, 0xCB, 0x84, 0xC2, 0xDB, 0x69, 0x8E, 0xE8, 0xF0, 0x56, 0x88, 0x36, 0x94,
    0x5F, 0xED, 0xE2, 0xA0, 0x5C, 0x33, 0xB6, 0x42, 0xF8, 0x07, 0xD4, 0x41, 0xC9, 0x67, 0xB8, 0x8F,
    0x68, 0x27, 0x07, 0xF2, 0xFE, 0x91, 0x74, 0x99, 0xF9, 0x5A, 0x75, 0x1F, 0x94, 0xB9, 0x68, 0x23,
    0xB0, 0xA7, 0x20, 0xDF, 0xB3, 0x85, 0xFF, 0xCE, 0x1D, 0xC0, 0x83, 0x57, 0x4E, 0xF5, 0xB1, 0x0E,
    0xE8, 0xA4, 0xC8, 0x8F, 0xED, 0xC0, 0x4D, 0xB1, 0x96, 0x80, 0xDA, 0x33, 0xF5, 0xAC, 0x46, 0xB4,
    0xBA, 0xD0, 0xB4, 0xA0, 0xD5, 0x7F, 0x66, 0xD9, 0x60, 0xED, 0xD2, 0x67, 0xDA, 0x4D, 0xA8, 0x4A,
    0xD5, 0x6A, 0x74, 0xEC, 0x52, 0xD8, 0x23, 0x0E, 0xC0, 0x9F, 0x84, 0xA4, 0xEE, 0xAC, 0x88, 0xDC,
    0xDF, 0x62, 0x23, 0xC9, 0x44, 0x2C, 0x65, 0x0C, 0x95, 0xF0, 0xA5, 0xAB, 0x87, 0xC1, 0x30, 0x84,
    0x32, 0x09, 0xA5, 0x0B, 0x2A, 0x1C, 0x9F, 0x57, 0x71, 0x59, 0x3A, 0xEB, 0x7D, 0x28, 0x1C, 0x55,
    0xB7, 0x8B, 0x85, 0x29, 0xD4, 0xA2, 0xF1, 0x0E, 0x43, 0x82, 0xE9, 0xE6, 0x20, 0x9C, 0x3C, 0x58,
    0x9F, 0x4A, 0xCE, 0x51, 0x42, 0xD2, 0x11, 0xD5, 0x81, 0xD8, 0x6C, 0x95, 0xAF, 0x25, 0xD2, 0x21,
    0x30, 0x4A, 0x7D, 0x53, 0xDD, 0x33, 0x07, 0xC5, 0x1E, 0x7C, 0x02, 0x47, 0x1F, 0xDB, 0xA0, 0x01,
    0x2A, 0x61, 0x90, 0xC5, 0x81, 0xF2, 0x10, 0xD5, 0x16, 0xA7, 0x81, 0xF7, 0xF9, 0x43, 0x03, 0x45,
    0x7B, 0xE5, 0xEC, 0xEE, 0x18, 0x78, 0xC6, 0x4E, 0xA9, 0xE6, 0x18, 0x22, 0x01, 0x9B, 0x52, 0x6D,
    0xC4, 0xBE, 0x6A, 0x2A, 0x31, 0xDF, 0x1A, 0x2C, 0x87, 0xDD, 0x85, 0x86, 0xBF, 0x52, 0x5E, 0x36,
    0x31, 0x49, 0xB7, 0x69, 0xD8, 0x66, 0x2C, 0x94, 0xD9, 0xB1, 0xCE, 0x58, 0x26, 0x59, 0xEA, 0x9B,
    0xA8, 0x5E, 0xC4, 0xF7, 0x87, 0x38, 0xF3, 0xD0, 0xD8, 0x29, 0xB6, 0x78, 0x15, 0x15, 0x6E, 0xA3,
    0x22, 0x51, 0x15, 0xB4, 0x2A, 0x11, 0x72, 0x39, 0x10, 0xEB, 0x64, 0xBF, 0x7C, 0x1D, 0x82, 0x5A,
    0x23, 0x19, 0x64, 0x55, 0x58, 0x98, 0xFA, 0x8E, 0x9A, 0x13, 0x52, 0x13, 0xF3, 0x91, 0x31, 0xBB,
    0x4B, 0x11, 0x6C, 0x13, 0x84, 0x25, 0xFD, 0x67, 0x26, 0x25, 0xA2, 0xD3, 0xE8, 0x20, 0xBE, 0xF5,
    0xB6, 0x6F, 0xED, 0x83, 0x45, 0x9A, 0xD0, 0xF9, 0xCC, 0xED, 0xE7, 0x98, 0xA3, 0x1A, 0x92, 0x34,
    0x4C, 0x66, 0x1F, 0xE9, 0xB6, 0x47, 0x37, 0x3D, 0xE8, 0xEC, 0x78, 0x0B, 0x3B, 0x07, 0x5C, 0x9B,
    0x4D, 0xA5, 0x35, 0xD8, 0x64, 0xD8, 0x73, 0x65, 0x9F, 0x72, 0xF0, 0x7E, 0xE8, 0x1B, 0xBD, 0x1F,
    0x3B, 0xAC, 0x32, 0x0A, 0xB9, 0x1F, 0xED, 0x45, 0xF6, 0xC6, 0xD3, 0xBF, 0xD2, 0x35, 0xE4, 0x2E,
    0xEC, 0x43, 0x77, 0x57, 0xA9, 0x82, 0xBE, 0x1B, 0xFD, 0xA7, 0x66, 0x41, 0xFA, 0xC0, 0xB1, 0xDE,
    0xC8, 0x7A, 0x26, 0xE5, 0x3C, 0x40, 0xFF, 0x24, 0xF4, 0xDD, 0x90, 0x72, 0x3C, 0x95, 0x8F, 0x14,
    0x70, 0x60, 0x2B, 0x4B, 0x10, 0x99, 0x55, 0x78, 0xD8, 0xD9, 0x4D, 0x73, 0x6A, 0x93, 0x4C, 0x55,
    0x82, 0x3C, 0xE8, 0x26, 0x2D, 0xA3, 0xA6, 0x56, 0xDA, 0x54, 0x4D, 0x6E, 0x20, 0xF5, 0x27, 0x21,
    0xB2, 0xCC, 0x41, 0xD4, 0xE1, 0xA8, 0xBD, 0xFF, 0xBA, 0x91, 0xBA, 0x47, 0x20, 0x02, 0x74, 0x5B,
    0xB7, 0xA9, 0x61, 0xC3, 0x74, 0x98, 0x27, 0x8A, 0x7F, 0x29, 0x2E, 0xF4, 0x32, 0xDD, 0x50, 0x24,
    0x24, 0xC9, 0x2E, 0x89, 0x7A, 0x50, 0xFC, 0xD4, 0xA1, 0x2A, 0xAD, 0x10, 0x21, 0x46, 0xEA, 0xB6,
    0xC7, 0x11, 0x9A, 0x83, 0x7F, 0xEF, 0xFA, 0xEC, 0xD0, 0xDD, 0x74, 0x47, 0x6A, 0x8A, 0x9A, 0xE2,
    0x0E, 0x11, 0xBD, 0xE1, 0x13, 0xFF, 0x11, 0x13, 0x57, 0x5B, 0x4C, 0xA3, 0x6A, 0x8E, 0xCE, 0x1F,
    0x6B, 0x6F, 0xA5, 0xA2, 0x39, 0x8A, 0x97, 0x61, 0x3E, 0xB0, 0x51, 0x0C, 0xC9, 0x5E, 0x76, 0xC1,
    0x05, 0x7E, 0x60, 0x63, 0xE1, 0x0C, 0x07, 0xA5, 0xCA, 0xB3, 0x51, 0x49, 0x8F, 0xD4, 0xD1, 0x83,
    0x5C, 0xB7, 0x9C, 0xAC, 0xF5, 0x6E, 0x37, 0xCA, 0x7E, 0xD4, 0x95, 0x6E, 0x37, 0xF3, 0xC7, 0x9F,
    0xB8, 0x9B, 0x5C, 0x51, 0x66, 0x73, 0xB2, 0x1E, 0x67, 0xA3, 0xD2, 0x09, 0xB6, 0x2D, 0x2A, 0xF6,
    0x5B, 0xD6, 0x10, 0x4D, 0x0F, 0xF5, 0xE8, 0xD0, 0x7E, 0x72, 0xD7, 0x0E, 0xD1, 0x5D, 0x59, 0x03,
    0xB8, 0x20, 0xEF, 0xBE, 0x2A, 0x5B, 0x95, 0x97, 0xA4, 0x8C, 0x3F, 0xF8, 0x1A, 0x0F, 0xFB, 0x70,
    0x09, 0x9A, 0x03, 0x3A, 0x5A, 0xE7, 0xEF, 0x06, 0x74, 0x87, 0xF4, 0x2A, 0xC9, 0x47, 0x05, 0x53,
    0x05, 0x8A, 0x59, 0x19, 0xB0, 0xBB, 0xF3, 0x3D, 0xA6, 0xE1, 0x32, 0xCD, 0x56, 0x5E, 0x0F, 0x79,
    0x79, 0xCD, 0x17, 0xE5, 0xA6, 0x5B, 0xB1, 0x70, 0x90, 0xD8, 0xBE, 0x8A, 0x12, 0xA8, 0x3C, 0x30,
    0xDC, 0x84, 0x53, 0xAA, 0x73, 0x23, 0x4A, 0x8A, 0xE9, 0x12, 0xE9, 0xD1, 0x40, 0x3D, 0xF8, 0xF4,
    0xD8, 0x53, 0xAF, 0x96, 0x4B, 0xD3, 0x51, 0xBD, 0xEB, 0x78, 0x85, 0xEB, 0x6A, 0x19, 0x0A, 0xA6,
    0xA8, 0xFB, 0x7C, 0x7D, 0x72, 0x76, 0x12, 0x8A, 0xBF, 0x68, 0x56, 0xC9, 0x37, 0xF6, 0x67, 0x4D,
    0xE7, 0xF4, 0xDE, 0xC6, 0x62, 0x33, 0x30, 0x00, 0x2E, 0xB5, 0xE7, 0xEE, 0x85, 0xC2, 0x22, 0x80,
    0xDA, 0x7C, 0xD5, 0x8D, 0xEE, 0xEC, 0xE3, 0x95, 0x70, 0x16, 0x2D, 0xCA, 0x33, 0xC1, 0xE4, 0xA5,
    0xB7, 0x55, 0xCC, 0x93, 0x34, 0xCC, 0x2A, 0x4C, 0x95, 0x6B, 0xC0, 0x0C, 0xD0, 0x0D, 0x4A, 0x31,
    0x2A, 0xF2, 0x0B, 0x25, 0x17, 0x4A, 0x43, 0xD4, 0x39, 0xD0, 0xC9, 0xE0, 0xB2, 0xA1, 0xE9, 0xA6,
    0xDA, 0x60, 0x4F, 0xD6, 0x8D, 0xE9, 0xFE, 0x76, 0x73, 0x4B, 0xF9, 0xF6, 0xAA, 0xDB, 0x7B, 0x24,
    0xBE, 0xF7, 0xFC, 0x72, 0xCC, 0x5C, 0xDF, 0x53, 0x19, 0x94, 0x1E, 0x58, 0x08, 0x9A, 0xFF, 0xFA,
    0x49, 0x21, 0x5F, 0x10, 0x43, 0xFA, 0x5C, 0xBD, 0x99, 0x1A, 0xC9, 0x38, 0x2A, 0x50, 0x82, 0xD6,
    0xE2, 0xBB, 0xCD, 0x0D, 0xE0, 0x9B, 0x38, 0x38, 0x95, 0xD1, 0xB6, 0xC2, 0xE8, 0x2C, 0xF3, 0x81,
    0xEF, 0x09, 0xC0, 0xB1, 0x2A, 0xC8, 0xE7, 0x5B, 0x60, 0x53, 0x9D, 0x29, 0x38, 0xC0, 0x3A, 0x15,
    0xD0, 0xAD, 0x8F, 0xDD, 0xAE, 0x10, 0x93, 0x5A, 0x61, 0x08, 0xA2, 0xF6, 0x48, 0x5E, 0xBE, 0x91,
    0xE5, 0x27, 0x8A, 0x31, 0x29, 0x02, 0xD9, 0x50, 0x6A, 0x4E, 0x44, 0x89, 0x7D, 0xB6, 0x19, 0x24,
    0x57, 0x20, 0xCC, 0xF9, 0x62, 0xCF, 0x5B, 0x4F, 0x92, 0x21, 0x4B, 0x29, 0x4D, 0xD9, 0xC6, 0x8A,
    0x77, 0x0F, 0x5D, 0xFB, 0x17, 0xA3, 0x00, 0x0F, 0x89, 0x37, 0x34, 0x72, 0x82, 0xCE, 0x0C, 0xD9,
    0x3B, 0x29, 0xF0, 0x2B, 0x13, 0xC4, 0xFF, 0x42, 0x2A, 0xCE, 0xF2, 0xE3, 0x91, 0x13, 0x5F, 0x3D,
    0x9E, 0x3A, 0x2F, 0x1A, 0xEB, 0x4F, 0x27, 0x6B, 0xDD, 0xE0, 0x7F, 0x7D, 0xB3, 0x52, 0xBC, 0xFC,
    0xF2, 0xF1, 0xE2, 0xA4, 0xFD, 0x85, 0x8D, 0x04, 0xAA, 0x77, 0xED, 0x63, 0x27, 0xF6, 0x53, 0xFF,
    0xD3, 0xE4, 0x5E, 0x32, 0xFE, 0xD0, 0x57, 0x77, 0x31, 0xA1, 0x27, 0x4B, 0xB6, 0x4C, 0x4D, 0xE7,
    0xB7, 0xA5, 0x2B, 0x85, 0x1A, 0xB1, 0x22, 0x11, 0xBB, 0x3A, 0xE5, 0xD8, 0xC0, 0x4C, 0x11, 0x98,
    0xF0, 0x8B, 0x8D, 0xC7, 0x0B, 0x1C, 0xF6, 0xE1, 0xA8, 0xFA, 0x51, 0x98, 0x3B, 0xCE, 0x21, 0xB5,
    0x12, 0xC6, 0x17, 0x03, 0x94, 0xF2, 0xAA, 0xCE, 0x1A, 0xD8, 0x31, 0x87, 0x53, 0x05, 0xB8, 0xF4,
    0x1F, 0xB2, 0xE2, 0x73, 0x07, 0x12, 0xCE, 0x4D, 0xA3, 0x88, 0x5E, 0x38, 0xCB, 0x7D, 0xB9, 0xAA,
    0xAD, 0xA4, 0xAE, 0x92, 0x43, 0x07, 0x98, 0x3C, 0x15, 0x2E, 0x1F, 0xE8, 0xF1, 0x54, 0x47, 0x65,
    0xD4, 0x1D, 0x8E, 0x2D, 0xBE, 0x45, 0x31, 0x45, 0x4F, 0xB5, 0x9D, 0x79, 0xAA, 0xAB, 0x6F, 0xF2,
    0xA5, 0x1F, 0xD1, 0x0A, 0xEC, 0x6C, 0x49, 0x61, 0xDF, 0x1F, 0xD1, 0xBB, 0x39, 0xE5, 0xA2, 0xD4,
    0x5E, 0x79, 0x3D, 0x49, 0xBD, 0x2C, 0x79, 0xD6, 0xDD, 0x53, 0xB1, 0x44, 0x73, 0x66, 0x4B, 0x83,
    0x76, 0xA4, 0x0D, 0x69, 0x3F, 0xDA, 0x0E, 0xBB, 0x51, 0x16, 0xA0, 0xE3, 0xA1, 0xAB, 0x80, 0x5F,
    0x9F, 0xFA, 0xF7, 0x6D, 0x70, 0x07, 0xDB, 0xEB, 0xDC, 0x8E, 0xA9, 0xCA, 0xB4, 0x5E, 0x78, 0x74,
    0x4C, 0x85, 0xF1, 0xD5, 0x18, 0xFA, 0x40, 0x3E, 0xC8, 0x41, 0xBC, 0x4D, 0x66, 0xEA, 0xD3, 0x63,
    0xE7, 0x41, 0xB8, 0xC2, 0x23, 0x88, 0xC5, 0x5D, 0x13, 0xC3, 0xAA, 0x99, 0x1D, 0x9E, 0xBD, 0x4A,
    0xF0, 0xB4, 0x97, 0x93, 0x2E, 0xC5, 0x8D, 0x2A, 0x59, 0xA0, 0xFF, 0x5B, 0x4C, 0x54, 0x41, 0x49,
    0x73, 0x5D, 0xB6, 0x81, 0xFA, 0xF3, 0x0E, 0xD0, 0x74, 0x47, 0xDB, 0x3B, 0x20, 0xEE, 0xFE, 0x4C,
    0xDC, 0x27, 0xF7, 0x20, 0x89, 0x73, 0x62, 0x11, 0xFA, 0xD8, 0xDA, 0x11, 0xB9, 0xDF, 0x18, 0x09,
    0xBC, 0x3E, 0x3D, 0xD2, 0xB7, 0x5F, 0xA3, 0xBF, 0xA1, 0xC2, 0x8F, 0xAB, 0x9A, 0x97, 0x74, 0x42,
    0x81, 0xAE, 0xC3, 0x9A, 0x6A, 0x0A, 0xCE, 0x2B, 0x65, 0x95, 0x44, 0xAD, 0x7A, 0x5E, 0x0A, 0xD3,
    0x97, 0xB0, 0xB5, 0x78, 0xD3, 0xE2, 0x0F, 0x5F, 0x7E, 0x49, 0xB5, 0x7D, 0x28, 0xDC, 0x88, 0x4B,
    0x58, 0x3A, 0x29, 0xA9, 0x2C, 0x2A, 0x09, 0xE7, 0x5F, 0x7A, 0xD4, 0x83, 0x8D, 0xA3, 0x52, 0x24,
    0x34, 0x2F, 0xE4, 0x6C, 0x57, 0x1C, 0x95, 0xB9, 0x1E, 0x94, 0x98, 0x1C, 0x41, 0x34, 0x9E, 0xAF,
    0xC1, 0x6D, 0x87, 0x0B, 0x97, 0xCB, 0xD6, 0xD0, 0x70, 0x76, 0x37, 0xCB, 0x93, 0xF1, 0x05, 0x2D,
    0x45, 0x81, 0xF3, 0x06, 0x51, 0xBD, 0x2A, 0x2F, 0x89, 0xE6, 0xFA, 0xDC, 0xAB, 0x22, 0xAA, 0xC0,
    0xE0, 0x40, 0xA4, 0x12, 0x91, 0x86, 0x20, 0xE3, 0x45, 0x2B, 0x29, 0x5B, 0xBB, 0x7F, 0x5A, 0xA5,
    0x9A, 0x0F, 0x31, 0x37, 0x53, 0x09, 0x04, 0x52, 0xA4, 0xFE, 0xB5, 0xFD, 0xBB, 0x8D, 0x05, 0x9E,
    0x8B, 0x14, 0x60, 0x67, 0xEA, 0xA5, 0xEC, 0x21, 0x48, 0x46, 0x67, 0x2C, 0xDB, 0x74, 0xCA, 0x72,
    0xCE, 0x9E, 0x13, 0x04, 0x4B, 0x2B, 0x49, 0x59, 0x5E, 0x31, 0x93, 0xE7, 0x8D, 0xF5, 0x42, 0x0E,
    0x11, 0x0A, 0xED, 0x1A, 0x32, 0xAB, 0x5A, 0x50, 0x56, 0xDC, 0x2A, 0x54, 0xFD, 0x79, 0xFB, 0xAF,
    0xF7, 0x9F, 0xD6, 0x4A, 0x4A, 0x45, 0x14, 0x12, 0x45, 0x9A, 0xD0, 0xB6, 0x47, 0x25, 0x72, 0xEB,
    0x31, 0x4B, 0xDF, 0xB0, 0x9B, 0xCC, 0xD8, 0x3E, 0x37, 0x2F, 0x3C, 0xEA, 0xD3, 0xC5, 0x7C, 0xDB,
    0x24, 0xC8, 0x20, 0x71, 0x61, 0x2E, 0x2C, 0xA5, 0x89, 0xFA, 0xB7, 0xE6, 0x68, 0xEF, 0x2A, 0xEB,
    0xFD, 0x01, 0x6E, 0x5A, 0x8E, 0xBB, 0xC4, 0x5A, 0xC2, 0x6D, 0xC7, 0xFF, 0x62, 0xDC, 0x52, 0x62,
    0x33, 0xB7, 0x80, 0xC7, 0xAD, 0x90, 0x05, 0x8F, 0x1E, 0xB7, 0x6A, 0x29, 0x16, 0x95, 0xB4, 0x48,
    0xA1, 0x3B, 0x46, 0xD0, 0x8E, 0xAF, 0xB4, 0xE5, 0x83, 0xDA, 0xD4, 0x71, 0x52, 0xBE, 0xA8, 0x74,
    0x06, 0xE8, 0x73, 0x46, 0x44, 0xBB, 0xEB, 0xEE, 0xF6, 0x06, 0x34, 0x26, 0x04, 0x0B, 0xA2, 0x38,
    0xEB, 0x90, 0x5E, 0xB4, 0x49, 0xFB, 0xB0, 0x41, 0x5F, 0xE1, 0x99, 0x47, 0x69, 0x7F, 0x76, 0x94,
    0xD4, 0xF5, 0xAA, 0x2E, 0x8E, 0x12, 0xF4, 0xF4, 0x25, 0xA7, 0x67, 0x47, 0x09, 0xBF, 0xDB, 0xB4,
    0x4E, 0xA7, 0xD6, 0x7E, 0x1A, 0x52, 0x65, 0x85, 0x82, 0x56, 0x94, 0xD2, 0xE9, 0xDF, 0xCC, 0xEE,
    0x8D, 0x09, 0x62, 0xE1, 0x10, 0xA5, 0xDE, 0x93, 0x43, 0x00, 0x7F, 0x18, 0xFE, 0x9C, 0x9A, 0x3E,
    0xE4, 0xD5, 0xA2, 0xE2, 0xEF, 0x7B, 0x76, 0x14, 0x7F, 0x99, 0x1D, 0xC4, 0x5F, 0xB0, 0xCA, 0x53,
    0xE7, 0x64, 0x1F, 0xE9, 0x76, 0x4B, 0x97, 0x40, 0x33, 0x28, 0xCF, 0xDD, 0xF7, 0x4A, 0xF9, 0x4A,
    0xA7, 0x0E, 0xD8, 0x80, 0xD5, 0xAD, 0xFA, 0xE1, 0xE9, 0x82, 0xFB, 0xFA, 0x81, 0x83, 0xBA, 0x25,
    0xB7, 0x29, 0xF9, 0x84, 0x66, 0xD9, 0x44, 0x49, 0xE9, 0x29, 0xA8, 0x10, 0x00, 0x51, 0xE5, 0xC6,
    0xFA, 0x50, 0xD4, 0x6B, 0xAE, 0xC2, 0xD0, 0xF3, 0x5F, 0xD0, 0xD1, 0x3E, 0xE0, 0xBA, 0xE4, 0x4A,
    0x42, 0x51, 0x17, 0x04, 0x17, 0xE2, 0xB4, 0x3C, 0x0D, 0xC9, 0xA8, 0x9A, 0x55, 0x6F, 0x24, 0xEC,
    0xDF, 0x4C, 0x32, 0x33, 0x93, 0x99, 0x9B, 0x2D, 0x48, 0x6C, 0xBB, 0xB7, 0xEA, 0x2E, 0xA3, 0x58,
    0xB9, 0xCC, 0xF0, 0xA3, 0x2E, 0xD9, 0x16, 0x8B, 0xA4, 0x55, 0xCE, 0xCE, 0x6F, 0xBB, 0x75, 0x94,
    0x7C, 0xB5, 0xC9, 0xF6, 0x69, 0x29, 0xE8, 0xC5, 0x02, 0x8A, 0xC0, 0x18, 0x4F, 0xE1, 0x05, 0x46,
    0xE0, 0x22, 0xBE, 0x5D, 0xC9, 0xE2, 0xBE, 0x32, 0xCB, 0x8E, 0xD8, 0x29, 0xE1, 0xCF, 0x57, 0xB3,
    0x76, 0xCC, 0x0C, 0xE5, 0xD1, 0xA8, 0x76, 0x7D, 0x2C, 0x3E, 0xFD, 0x4C, 0xA2, 0x55, 0x1A, 0x61,
    0x6F, 0x0D, 0x53, 0x66, 0x5C, 0xD6, 0x77, 0xBE, 0x46, 0xAA, 0xA0, 0xA9, 0xF2, 0xF9, 0x1B, 0x79,
    0xEC, 0x99, 0xC8, 0x7B, 0x3C, 0x77, 0xD7, 0x41, 0xA1, 0xA6, 0x04, 0x2A, 0xE0, 0xB9, 0xD7, 0x1C,
    0xC4, 0x05, 0x6C, 0xE4, 0x5C, 0x79, 0x94, 0x37, 0xB1, 0x5E, 0xD1, 0x13, 0xD9, 0x67, 0xEA, 0x15,
    0x79, 0xFF, 0x76, 0x0D, 0x89, 0x8E, 0xC2, 0x30, 0x62, 0x4A, 0x65, 0x12, 0x18, 0x8F, 0x4D, 0xDD,
    0xAC, 0xDB, 0xD5, 0x6A, 0x51, 0x5A, 0x59, 0x3A, 0xE1, 0x56, 0x66, 0xC9, 0xCC, 0x56, 0xD2, 0x48,
    0x33, 0xF5, 0x8B, 0x20, 0x95, 0x08, 0x99, 0xC2, 0x12, 0x32, 0x04, 0x88, 0x6F, 0x7E, 0x2E, 0xB6,
    0xBD, 0xAB, 0x72, 0xCA, 0x54, 0xBA, 0x8E, 0x9A, 0x00, 0xC5, 0x4A, 0x84, 0xB1, 0xF1, 0xAD, 0xE4,
    0x56, 0x86, 0xA3, 0x0B, 0x5C, 0xD5, 0xAB, 0x3A, 0xE3, 0x76, 0x73, 0x6F, 0xC1, 0x1C, 0x74, 0x8F,
    0x3C, 0x3B, 0xC8, 0x4D, 0xE8, 0xFB, 0xB2, 0x1D, 0xED, 0x4C, 0xB7, 0xF5, 0xCA, 0x84, 0x50, 0xFE,
    0x3F, 0xF8, 0xE3, 0xC6, 0x43, 0xAB, 0x1E, 0x77, 0x79, 0xB4, 0x44, 0xD1, 0x17, 0x4F, 0x91, 0xE4,
    0xF6, 0x56, 0x22, 0x84, 0x22, 0xC9, 0x33, 0xBA, 0xA6, 0x6A, 0x74, 0xC8, 0x95, 0x27, 0x7C, 0x91,
    0x35, 0xDD, 0xEE, 0xB0, 0x3B, 0x78, 0x99, 0x51, 0x8C, 0xE1, 0xCA, 0xA5, 0x06, 0xAA, 0xB1, 0x1A,
    0x92, 0x3B, 0xCD, 0x9D, 0xE6, 0x0B, 0xE6, 0x45, 0x12, 0x2A, 0xE2, 0x69, 0x4D, 0xDB, 0xED, 0x2A,
    0xDC, 0x67, 0xA9, 0x23, 0x06, 0x9C, 0xBF, 0xF2, 0xF3, 0x82, 0xEE, 0x37, 0xFA, 0xD4, 0xFE, 0x25,
    0x54, 0xD6, 0x33, 0xE0, 0x66, 0x32, 0xB7, 0x0E, 0xAE, 0xB7, 0xCC, 0x64, 0x27, 0xC0, 0xE6, 0x40,
    0x37, 0x47, 0xFD, 0xC5, 0xB9, 0xC4, 0x56, 0x54, 0x7C, 0x57, 0x58, 0x82, 0x9A, 0x4D, 0x6C, 0xA1,
    0x6F, 0xC7, 0x53, 0x67, 0x30, 0x37, 0xF8, 0xD0, 0xC1, 0x5F, 0x80, 0x31, 0x09, 0x16, 0x53, 0x6F,
    0xE1, 0x7D, 0x07, 0x3E, 0x2F, 0x40, 0xC2, 0x8B, 0x6E, 0x3D, 0xCF, 0xC4, 0xEB, 0x41, 0xB8, 0x4C,
    0xD5, 0x0E, 0x5D, 0xA3, 0xFC, 0x62, 0x17, 0x82, 0xFD, 0x8E, 0xCA, 0xF7, 0x02, 0x24, 0x93, 0x36,
    0x2C, 0xA8, 0x1D, 0x76, 0x4A, 0x26, 0x6D, 0xF0, 0x01, 0xF1, 0x97, 0xC9, 0x6B, 0xDD, 0x43, 0xCD,
    0x71, 0xE3, 0xF4, 0x24, 0x12, 0x9A, 0x12, 0xBA, 0xE9, 0x0C, 0xEE, 0x8C, 0xBE, 0x04, 0x8D, 0x89,
    0x67, 0x66, 0x97, 0x87, 0xBF, 0xD4, 0xF5, 0x8C, 0xEE, 0xF5, 0xB8, 0x1E, 0xB9, 0x6D, 0x3B, 0x9B,
    0x40, 0xA7, 0xFD, 0x7D, 0x57, 0x40, 0xEC, 0x5C, 0xA8, 0x71, 0xC5, 0xE2, 0x9D, 0xB2, 0x4B, 0x1D,
    0xF9, 0xFE, 0x22, 0xBB, 0x3C, 0x2D, 0xD4, 0xC1, 0xAF, 0x99, 0x0A, 0x95, 0xBF, 0xC3, 0x57, 0x4B,
    0x8E, 0xDA, 0x50, 0xCC, 0x14, 0x5A, 0x49, 0x29, 0xB4, 0x25, 0x6F, 0xF7, 0x9B, 0xAA, 0xF3, 0x76,
    0x70, 0xA8, 0xAF, 0xBB, 0xE0, 0x2F, 0x2E, 0x16, 0xCA, 0x79, 0xF3, 0x98, 0x87, 0x6B, 0x55, 0x6D,
    0x77, 0x0E, 0x27, 0x07, 0x12, 0x9B, 0xDB, 0x31, 0x73, 0x0F, 0xFD, 0xE6, 0xD3, 0x4B, 0xED, 0xAA,
    0x38, 0x4F, 0x2F, 0xB5, 0xD7, 0xCA, 0x33, 0x53, 0x37, 0x79, 0x2C, 0xBE, 0x9A, 0xAB, 0xC9, 0x8D,
    0x7E, 0x2A, 0xC7, 0x72, 0xBC, 0x73, 0x90, 0xB5, 0xC7, 0x89, 0x25, 0x06, 0x7E, 0xD2, 0xF3, 0x57,
    0xD8, 0xF5, 0x93, 0x9D, 0xBF, 0xC2, 0xAE, 0x9F, 0xF2, 0xFC, 0x15, 0xF6, 0xF8, 0x1A, 0x3B, 0x12,
    0x9A, 0x6F, 0x9F, 0x36, 0x7E, 0xF4, 0x2D, 0xC2, 0xAF, 0x3E, 0x21, 0xE9, 0xBA, 0x7C, 0xF1, 0xDD,
    0x2E, 0xDF, 0xA3, 0x8F, 0x5E, 0xFE, 0x8C, 0x01, 0x31, 0x71, 0xC9, 0x80, 0x7A, 0xA5, 0xA3, 0xF2,
    0xD9, 0x8E, 0x7B, 0xB4, 0xD5, 0x8F, 0x16, 0xBB, 0xA3, 0xBA, 0x96, 0xB7, 0x6B, 0x4D, 0x4A, 0x91,
    0x13, 0x83, 0x5A, 0xA4, 0x8F, 0x58, 0x59, 0x75, 0x76, 0x1F, 0x02, 0xAE, 0xFD, 0xE3, 0x5B, 0xD0,
    0x70, 0xA3, 0x9C, 0xAD, 0x9C, 0xFB, 0x50, 0x6F, 0xCB, 0x22, 0x9C, 0xFE, 0x87, 0x53, 0x6E, 0x35,
    0x43, 0x51, 0xE9, 0x5C, 0x61, 0x97, 0x50, 0x3B, 0x3E, 0x4F, 0xFA, 0x94, 0x72, 0x7C, 0x8F, 0xB9,
    0xE7, 0xC1, 0x24, 0x1F, 0x6A, 0x0E, 0x54, 0x2B, 0x87, 0x60, 0x0A, 0xAC, 0xDA, 0x41, 0x41, 0x41,
    0x6D, 0x5B, 0x2A, 0x5F, 0x45, 0xD3, 0xCB, 0xA0, 0x4A, 0x3A, 0x71, 0xFE, 0xB2, 0x8A, 0x62, 0xEB,
    0xE9, 0xED, 0x0B, 0x9B, 0x73, 0x11, 0x42, 0x81, 0x11, 0x5B, 0xD9, 0x93, 0x82, 0x6A, 0xEB, 0xA4,
    0x0C, 0xB1, 0xB5, 0xA2, 0x8C, 0x55, 0x0B, 0x5F, 0xB1, 0x75, 0x0C, 0xB1, 0x55, 0x16, 0xD7, 0xB4,
    0x63, 0xC8, 0x61, 0x15, 0xA5, 0xFE, 0x87, 0xBE, 0x68, 0xC0, 0x17, 0x4D, 0x72, 0x43, 0xD1, 0x17,
    0xD5, 0xD1, 0x17, 0xF9, 0x3C, 0x79, 0x2C, 0x69, 0xA7, 0x53, 0x92, 0xAB, 0x70, 0x5F, 0x39, 0x7C,
    0x36, 0xC9, 0x8D, 0xB5, 0x79, 0x7A, 0xD7, 0x41, 0x5D, 0xC5, 0x58, 0x9B, 0x48, 0x57, 0x3E, 0xEB,
    0xE9, 0xD5, 0xB3, 0x49, 0x18, 0xCF, 0xC5, 0x59, 0xAF, 0x46, 0x79, 0x19, 0xE8, 0x6B, 0x30, 0x2B,
    0x69, 0x2B, 0x75, 0xAC, 0x1A, 0x36, 0x8E, 0x32, 0x6A, 0xB4, 0x12, 0x7A, 0x36, 0xC1, 0x27, 0xAB,
    0x6B, 0x23, 0x94, 0x79, 0x07, 0xFB, 0x62, 0x1A, 0x12, 0xF5, 0xF8, 0x52, 0x51, 0x7C, 0x11, 0x26,
    0xDE, 0xEA, 0xF7, 0x31, 0xC4, 0x19, 0x8C, 0x7D, 0x36, 0xC4, 0x0D, 0x31, 0xC4, 0xE5, 0xE3, 0x17,
    0xDE, 0xB8, 0xFA, 0xBA, 0x64, 0xD3, 0x35, 0x35, 0x78, 0x08, 0x9E, 0x28, 0xB4, 0x6E, 0x67, 0xF8,
    0x8D, 0xEF, 0xB5, 0x9C, 0x7D, 0xBE, 0xDC, 0xC5, 0xE9, 0x17, 0x26, 0xBB, 0x5A, 0xCA, 0x03, 0x4C,
    0x80, 0x43, 0x07, 0xD2, 0x2B, 0x05, 0x12, 0x5C, 0x10, 0xF9, 0xCE, 0x42, 0x64, 0xE1, 0xDD, 0x83,
    0x19, 0xCE, 0x7D, 0x6E, 0x06, 0x8B, 0x5E, 0x2D, 0x9A, 0x43, 0xEF, 0x84, 0xD8, 0x5F, 0xEB, 0xC5,
    0x00, 0x0B, 0x83, 0x0D, 0x3B, 0xAE, 0x79, 0x8C, 0x01, 0x8F, 0x69, 0x60, 0x33, 0xA1, 0x8E, 0x80,
    0xCE, 0x59, 0xF5, 0x01, 0xD2, 0x32, 0x06, 0x39, 0x01, 0xBE, 0xF7, 0x81, 0x8B, 0x05, 0xEB, 0x27,
    0xBB, 0xA5, 0x56, 0x48, 0xD8, 0x02, 0x57, 0x0D, 0x3E, 0xE8, 0x6C, 0x2E, 0x37, 0x82, 0x25, 0x79,
    0xEF, 0xE2, 0x83, 0x1B, 0xBB, 0xB7, 0x74, 0x8A, 0xA1, 0x56, 0x2D, 0x36, 0x32, 0x58, 0x4B, 0xB3,
    0x9E, 0xC1, 0xA2, 0x24, 0x36, 0xA9, 0xF8, 0xB2, 0x3A, 0xF7, 0x4C, 0x2D, 0xB9, 0x53, 0xA5, 0x2F,
    0x1A, 0x1C, 0x33, 0x49, 0x3F, 0xD3, 0xFD, 0x69, 0xF0, 0xD6, 0x6F, 0xBC, 0xE5, 0xB6, 0x51, 0x4F,
    0x62, 0x6A, 0x80, 0x86, 0x0B, 0x0F, 0x55, 0x8C, 0xA2, 0xBD, 0x64, 0x9B, 0xAA, 0x78, 0x84, 0x1E,
    0x0B, 0xE8, 0x5E, 0x85, 0x11, 0x32, 0x3F, 0x56, 0x52, 0x10, 0xD7, 0x69, 0x4E, 0x2B, 0x3B, 0xCA,
    0xC2, 0x5A, 0xEB, 0x65, 0x63, 0x66, 0x3F, 0xC7, 0xCA, 0x7E, 0x67, 0xF6, 0x4B, 0xEC, 0xEC, 0xF1,
    0xD6, 0x7D, 0x60, 0xCA, 0xBC, 0x5A, 0xC3, 0xCA, 0xA8, 0x6F, 0x75, 0x34, 0xC7, 0x3A, 0x1C, 0xD4,
    0x5E, 0x59, 0x49, 0xCE, 0x2A, 0x4D, 0x7C, 0x4F, 0x39, 0x7E, 0xB0, 0xA5, 0xD3, 0x4B, 0x3E, 0xCF,
    0xBD, 0xBE, 0xDD, 0x7D, 0xB5, 0x32, 0x44, 0xE3, 0x30, 0x03, 0x13, 0xFF, 0x1C, 0x2F, 0x5E, 0xF2,
    0xF1, 0xBB, 0x20, 0x55, 0x3E, 0xC0, 0x08, 0xCC, 0xB1, 0xD3, 0xAB, 0xD7, 0x18, 0xD5, 0xA1, 0x3B,
    0xB5, 0xE9, 0x6A, 0x77, 0x0D, 0x3B, 0x64, 0x67, 0x36, 0x00, 0x87, 0x42, 0x29, 0x3A, 0xDF, 0x3F,
    0xEB, 0xF9, 0xF9, 0x9C, 0xDF, 0x85, 0xF7, 0xD4, 0x3A, 0x53, 0xA6, 0x63, 0x10, 0xF5, 0xFE, 0x74,
    0x10, 0x4A, 0x08, 0x35, 0xE6, 0x1B, 0x30, 0x4E, 0x39, 0x90, 0xAB, 0x6A, 0x92, 0x69, 0xEB, 0x4A,
    0x36, 0x54, 0x4D, 0x92, 0x1E, 0xC4, 0x85, 0xB9, 0x56, 0xCF, 0xF6, 0xEC, 0x65, 0xF0, 0xEC, 0xD9,
    0xC9, 0xB3, 0x9F, 0x3E, 0xA1, 0x60, 0xDA, 0x1A, 0x85, 0x65, 0x84, 0xC1, 0x80, 0x60, 0x22, 0xB3,
    0x96, 0x64, 0x30, 0xEB, 0xD6, 0x6E, 0x6C, 0x90, 0x99, 0x6E, 0x49, 0xE6, 0x9A, 0x59, 0xC2, 0xC9,
    0xF5, 0x41, 0x26, 0x93, 0xA0, 0xEE, 0x08, 0x5B, 0x6D, 0x27, 0x66, 0x42, 0x80, 0x9F, 0xDC, 0xDB,
    0xEE, 0xDE, 0x25, 0x86, 0xE9, 0x73, 0xBC, 0x18, 0x1C, 0xB4, 0x7B, 0x0B, 0xED, 0xFC, 0x47, 0x76,
    0x73, 0x75, 0x25, 0x8F, 0xAE, 0xBB, 0x63, 0x8E, 0x8F, 0x06, 0x1C, 0x1F, 0xA5, 0x7D, 0x1C, 0x9F,
    0x56, 0x1B, 0x28, 0x90, 0x76, 0x1C, 0xF8, 0x5A, 0x6F, 0xC1, 0x69, 0x69, 0x37, 0x0F, 0xC5, 0xA9,
    0x62, 0x1E, 0x9C, 0xEE, 0x19, 0xE8, 0x49, 0x8B, 0x83, 0xCA, 0xA2, 0x3A, 0xE0, 0x0B, 0x3B, 0xDE,
    0xA1, 0x65, 0x0E, 0x20, 0x5C, 0xB4, 0x93, 0x72, 0x37, 0xD9, 0x29, 0x54, 0xEA, 0x5C, 0x9D, 0x0E,
    0xA5, 0x35, 0x5F, 0xE1, 0xF6, 0xB2, 0x5E, 0x83, 0xA3, 0x12, 0x47, 0x7B, 0x67, 0xDA, 0x23, 0xA2,
    0x53, 0xED, 0x26, 0x50, 0x6A, 0x50, 0x51, 0x18, 0x7E, 0xC7, 0x37, 0x05, 0x9B, 0xFE, 0x4D, 0x99,
    0xDF, 0x89, 0x8E, 0xC9, 0x57, 0xD5, 0x04, 0x5A, 0x73, 0x49, 0x15, 0xAB, 0x51, 0x66, 0x27, 0x3A,
    0x4B, 0xEF, 0xB0, 0xA3, 0x0B, 0xBC, 0x98, 0x64, 0x6B, 0xE9, 0x59, 0x32, 0x11, 0x51, 0x52, 0xAE,
    0x23, 0x2B, 0x52, 0x07, 0xD2, 0x3D, 0x16, 0xB1, 0x7F, 0x0E, 0xAC, 0xBE, 0x07, 0xD9, 0xDB, 0x77,
    0x36, 0x49, 0x30, 0x83, 0x50, 0x10, 0xEA, 0x79, 0x83, 0xB4, 0x81, 0x98, 0x48, 0x0A, 0xD1, 0x8E,
    0x20, 0xB9, 0xF9, 0x09, 0x3C, 0xF8, 0xF3, 0xF5, 0x47, 0xD4, 0xB8, 0x8B, 0x48, 0x3D, 0xB7, 0xA3,
    0x1C, 0x4F, 0x37, 0x90, 0x75, 0x0E, 0xD6, 0xCB, 0x2D, 0x70, 0x55, 0x97, 0xF1, 0x3E, 0x3A, 0xE6,
    0xEF, 0x12, 0x72, 0xBF, 0x1B, 0x9A, 0x7B, 0xF5, 0xA2, 0x6E, 0x12, 0xE2, 0x56, 0x74, 0xB1, 0xED,
    0xF4, 0xAB, 0x2C, 0xC2, 0x5C, 0x58, 0xAC, 0xBA, 0xA3, 0xBE, 0x56, 0x9A, 0x3F, 0x82, 0x4C, 0x2C,
    0xC3, 0x20, 0xEF, 0x8B, 0x9D, 0xE6, 0x1E, 0xD1, 0x20, 0xA3, 0xC7, 0xC6, 0x4D, 0xE1, 0x6F, 0x8D,
    0xD0, 0xFB, 0xCB, 0x8D, 0x78, 0xF4, 0x9E, 0x63, 0x66, 0xDF, 0x5D, 0x6B, 0x37, 0x40, 0xCE, 0x42,
    0xB5, 0x80, 0xF5, 0x5C, 0x2E, 0x25, 0x4E, 0x58, 0x8E, 0x0C, 0x60, 0xE7, 0x0C, 0x36, 0xE5, 0xE2,
    0x61, 0xC0, 0x94, 0xE8, 0x23, 0xD5, 0x40, 0xC6, 0x03, 0xCB, 0x72, 0xDA, 0x35, 0x03, 0x4E, 0x83,
    0x06, 0x13, 0x72, 0x08, 0x59, 0x6A, 0x3D, 0x33, 0xE8, 0xBC, 0xE2, 0x1B, 0xAB, 0x29, 0x1A, 0xF5,
    0x7C, 0x31, 0x58, 0xD8, 0x6D, 0x1C, 0x3C, 0xEA, 0x36, 0xFB, 0x90, 0xE9, 0x3D, 0x5C, 0xD8, 0xCF,
    0x16, 0x99, 0xF9, 0x47, 0xF6, 0xB3, 0x15, 0x33, 0xB7, 0x8F, 0xED, 0xC7, 0xBC, 0x64, 0xB0, 0xB3,
    0x77, 0xED, 0xBB, 0x9B, 0x73, 0xBA, 0xB7, 0x1F, 0x1A, 0x59, 0xFC, 0x56, 0x58, 0x66, 0x19, 0xE9,
    0x5E, 0xB9, 0xE5, 0x0C, 0xFC, 0x8C, 0x2F, 0xD2, 0x62, 0xB5, 0xB4, 0x73, 0xB1, 0xFA, 0xC0, 0x67,
    0x1B, 0xD5, 0xAD, 0xAC, 0xFD, 0x9C, 0x96, 0x0C, 0x08, 0xDC, 0xA9, 0xEE, 0x91, 0x38, 0xF9, 0x30,
    0x3A, 0xA8, 0xEC, 0x80, 0x56, 0xE2, 0xEE, 0x28, 0x93, 0x81, 0x76, 0xCE, 0x52, 0xEA, 0xD4, 0xDE,
    0x53, 0x66, 0xB4, 0xB7, 0x1F, 0x2D, 0x58, 0xF7, 0x43, 0xFB, 0x70, 0x75, 0xCA, 0x67, 0xBB, 0xA5,
    0xF2, 0x0D, 0xA2, 0xB9, 0x5D, 0x89, 0x16, 0xAB, 0xE7, 0x7B, 0x8F, 0x83, 0x2B, 0xFC, 0xC9, 0xEF,
    0xF0, 0x5C, 0xB9, 0x55, 0x7E, 0xE7, 0x53, 0xCE, 0xC1, 0x6E, 0xAA, 0xA9, 0x76, 0x81, 0x11, 0x72,
    0xDB, 0xA9, 0x1D, 0xA0, 0xC1, 0x74, 0xDA, 0x8F, 0xAD, 0xE7, 0x8F, 0x12, 0xF0, 0x78, 0xC9, 0x75,
    0x49, 0x8F, 0xC1, 0x42, 0x65, 0x1C, 0x73, 0x08, 0xFD, 0x64, 0x8B, 0x93, 0x4C, 0x46, 0x85, 0x57,
    0x82, 0x6C, 0x0E, 0x32, 0xA7, 0xEF, 0x6D, 0xE1, 0x90, 0x84, 0x93, 0x70, 0x47, 0xB3, 0xF0, 0xFD,
    0x68, 0x73, 0xA6, 0x5C, 0x04, 0x2A, 0x4B, 0xE8, 0x36, 0xBE, 0xEF, 0xEC, 0xCD, 0x9D, 0x54, 0x8B,
    0x69, 0xFB, 0xB2, 0x30, 0x0A, 0x1D, 0xE4, 0x43, 0xD5, 0x6E, 0xAE, 0x27, 0x34, 0x25, 0xAA, 0x66,
    0xA8, 0x53, 0xAC, 0xBC, 0xAF, 0x09, 0xF5, 0x7A, 0x27, 0x04, 0x97, 0x28, 0xDA, 0xCE, 0x50, 0x67,
    0xE0, 0xF9, 0x2B, 0xFF, 0xB0, 0x8C, 0x7F, 0xCE, 0x88, 0x3C, 0xBC, 0x1B, 0x0D, 0x2C, 0x85, 0x16,
    0xB4, 0xEB, 0x59, 0x47, 0xF7, 0x67, 0xE1, 0x20, 0x8B, 0x6D, 0x55, 0x07, 0xFA, 0xC2, 0x7A, 0x3A,
    0xAC, 0x5D, 0x90, 0x84, 0x5B, 0x8E, 0xFC, 0x4D, 0xB1, 0xE8, 0x70, 0x94, 0x33, 0xA7, 0x63, 0xAD,
    0xA6, 0xCE, 0x89, 0x0B, 0xDB, 0x49, 0x3D, 0x05, 0x32, 0xBA, 0xD8, 0xC3, 0x0B, 0x09, 0x4E, 0x38,
    0x05, 0xA1, 0x5A, 0x90, 0x4F, 0x8A, 0x23, 0x09, 0x26, 0xBC, 0x6A, 0xAF, 0xD1, 0x01, 0x37, 0x6A,
    0x81, 0x5F, 0x45, 0x69, 0xFC, 0xAE, 0xBC, 0x93, 0x92, 0x10, 0x46, 0x25, 0x9B, 0x95, 0x46, 0x30,
    0x4E, 0x79, 0x7D, 0x9F, 0xDC, 0x1F, 0xD6, 0x79, 0xF8, 0x53, 0x93, 0x7E, 0xEC, 0x76, 0x85, 0xD3,
    0x41, 0x88, 0x23, 0x93, 0x36, 0xF4, 0xD1, 0x11, 0xEF, 0xAC, 0x7B, 0xAC, 0x9D, 0x1C, 0x51, 0x85,
    0xB3, 0xA2, 0xE4, 0xC1, 0x47, 0x83, 0xCE, 0xC5, 0x60, 0x8C, 0x38, 0x18, 0x47, 0x94, 0xA2, 0x93,
    0xF1, 0xFD, 0xDB, 0x51, 0x8E, 0x1A, 0x18, 0x6D, 0xC1, 0xED, 0x10, 0x03, 0xAA, 0x75, 0xCF, 0x88,
    0x93, 0x4A, 0xA4, 0xE6, 0xA8, 0xFA, 0x39, 0xC9, 0x6E, 0x47, 0x46, 0xC6, 0xE7, 0xFC, 0xFA, 0x01,
    0x79, 0xC9, 0x35, 0xF4, 0x00, 0x21, 0xC9, 0xC2, 0xBB, 0x01, 0xBA, 0x38, 0x2D, 0x9D, 0x86, 0x77,
    0xE7, 0x5E, 0xB3, 0xDE, 0x69, 0xB6, 0xC6, 0x17, 0xA4, 0xC3, 0x4B, 0x97, 0x89, 0xDD, 0x9B, 0x39,
    0x20, 0x57, 0x6C, 0x8F, 0x83, 0x71, 0xA2, 0x73, 0x92, 0x89, 0xAE, 0x1C, 0x10, 0x4D, 0xCB, 0xF9,
    0xBC, 0xF7, 0x29, 0x07, 0x24, 0xDB, 0xEA, 0x8F, 0xA1, 0x05, 0x9E, 0xD4, 0x73, 0xE5, 0x72, 0x76,
    0xDA, 0x54, 0xA8, 0x6A, 0xA0, 0xAF, 0xD9, 0x0E, 0x5D, 0x4F, 0x1F, 0x49, 0xDE, 0xF4, 0xD0, 0x7E,
    0x04, 0x95, 0x7D, 0xA8, 0xE5, 0x5A, 0x28, 0xDB, 0xDE, 0xCF, 0x25, 0xD2, 0xDB, 0xDA, 0x1B, 0x49,
    0xF3, 0x80, 0xEC, 0xB7, 0x90, 0x5B, 0x37, 0xB2, 0x0F, 0x04, 0xC5, 0x2E, 0xC0, 0x15, 0x26, 0xE9,
    0x46, 0x4C, 0xDC, 0xB6, 0x26, 0x87, 0xD0, 0x74, 0x8B, 0xB8, 0x85, 0x00, 0xAE, 0x96, 0xCC, 0x7C,
    0xFA, 0x7D, 0xDF, 0x55, 0x13, 0x4F, 0x42, 0x23, 0x54, 0x3E, 0x14, 0x0F, 0xE1, 0xAC, 0x61, 0x00,
    0xE7, 0x98, 0x0A, 0x73, 0xF0, 0x6B, 0xCC, 0xF0, 0x72, 0x78, 0xF9, 0x5A, 0x3B, 0x97, 0x18, 0xE3,
    0x5B, 0x7A, 0xBF, 0xC1, 0x38, 0xE6, 0x04, 0x1C, 0x85, 0xEB, 0x5D, 0x35, 0xA2, 0xD9, 0x44, 0xC0,
    0x42, 0x98, 0x0A, 0xE3, 0x47, 0x89, 0x7E, 0xBA, 0xA8, 0x76, 0x32, 0xF1, 0x50, 0xBF, 0x47, 0x7B,
    0xB6, 0x12, 0x87, 0xF7, 0x4E, 0xBF, 0x17, 0x50, 0xC5, 0xF3, 0xC5, 0x44, 0xD7, 0xF7, 0x1C, 0xEF,
    0x60, 0x50, 0x21, 0x95, 0x88, 0xC5, 0xD8, 0x95, 0x76, 0x17, 0xDF, 0xBF, 0x50, 0x1E, 0x2F, 0xF6,
    0xEF, 0x76, 0x4B, 0x2C, 0x38, 0xD4, 0x9E, 0x8C, 0xE3, 0x94, 0x99, 0x5F, 0x8E, 0x3E, 0xDC, 0xAD,
    0x2C, 0x72, 0x2B, 0x79, 0xDD, 0x3F, 0x5D, 0x6A, 0x1E, 0x43, 0xC6, 0xF3, 0xDA, 0xFD, 0xF8, 0xD2,
    0x7D, 0x2D, 0x2C, 0x85, 0x3B, 0x61, 0xF8, 0xE4, 0xF1, 0xB5, 0x4C, 0xE8, 0xE9, 0x72, 0xE1, 0xF2,
    0xB5, 0x4C, 0xA7, 0xBD, 0x6A, 0x9A, 0x50, 0xFC, 0x87, 0x87, 0x8D, 0x87, 0x2F, 0xDF, 0x1A, 0xD5,
    0x97, 0x78, 0x18, 0xAA, 0x87, 0x95, 0xBB, 0x84, 0x52, 0xA2, 0xD8, 0x32, 0x92, 0x89, 0xDB, 0xD3,
    0x56, 0x8B, 0x8A, 0x33, 0x89, 0x2D, 0x8B, 0x67, 0xB4, 0x93, 0x9A, 0x74, 0x94, 0x41, 0xB4, 0x74,
    0x4E, 0x79, 0x4A, 0xB4, 0x17, 0x71, 0xB6, 0x44, 0x77, 0xA2, 0x1A, 0x5D, 0x89, 0x38, 0x3F, 0x31,
    0xB1, 0x8C, 0x62, 0x97, 0xB1, 0x89, 0xAC, 0x81, 0x2C, 0x22, 0x15, 0xE4, 0xCA, 0xB7, 0xFC, 0xFC,
    0x03, 0x7C, 0x68, 0xEC, 0x54, 0x8B, 0x50, 0x1B, 0xC8, 0x0B, 0xC0, 0x7E, 0x63, 0x4E, 0xE4, 0x78,
    0xE5, 0x6E, 0xAC, 0x2F, 0x9D, 0x70, 0x55, 0xB1, 0x16, 0xDB, 0x8E, 0x52, 0xA2, 0x5C, 0xFD, 0xD9,
    0x7A, 0xA9, 0x16, 0x91, 0xDA, 0x89, 0xFB, 0xE1, 0x9A, 0xBC, 0x9C, 0x3B, 0x42, 0x1A, 0x30, 0x43,
    0xBD, 0x84, 0xE9, 0xED, 0x7B, 0xEB, 0x3D, 0x5D, 0x47, 0x44, 0x0B, 0x35, 0xA5, 0x59, 0x31, 0xD2,
    0xCC, 0x6C, 0xAD, 0xBD, 0x0E, 0x92, 0x18, 0x9F, 0x14, 0x80, 0x89, 0x44, 0x31, 0x58, 0x7F, 0x76,
    0x83, 0x28, 0x22, 0x43, 0x7B, 0xC6, 0xEF, 0xAC, 0x6C, 0x0F, 0x89, 0xAD, 0x3D, 0x0A, 0x34, 0x66,
    0xA0, 0x11, 0x09, 0x63, 0x58, 0x51, 0x3D, 0xB1, 0xD0, 0xD3, 0xDE, 0xD4, 0x26, 0x39, 0x0E, 0xC1,
    0x92, 0x3C, 0x8B, 0xF5, 0xE4, 0x70, 0xE2, 0xEF, 0xAC, 0x4C, 0x58, 0x6B, 0xBD, 0xA6, 0xFF, 0xF5,
    0xEF, 0xAC, 0x3C, 0xF5, 0x2D, 0x07, 0x3A, 0x21, 0xE5, 0x12, 0x18, 0x69, 0x47, 0x6F, 0x63, 0xB7,
    0x62, 0x43, 0x5C, 0x0C, 0x02, 0x6F, 0x63, 0x2B, 0x25, 0x83, 0x83, 0xA0, 0x19, 0x2E, 0x70, 0xBA,
    0xCF, 0x7F, 0xCB, 0x81, 0xB7, 0x2C, 0x5F, 0x9E, 0x69, 0xB2, 0x1A, 0xB8, 0xB7, 0xD1, 0xB1, 0x10,
    0x96, 0xD6, 0x57, 0x6A, 0x63, 0x82, 0xA3, 0x63, 0xFC, 0x8D, 0x9F, 0xA3, 0x23, 0x0D, 0x63, 0x15,
    0x55, 0xE0, 0x06, 0xE6, 0x0B, 0x58, 0x08, 0xAB, 0x09, 0x24, 0xEB, 0xCA, 0x97, 0xBA, 0x77, 0x5C,
    0xBB, 0x23, 0x88, 0xDC, 0xB3, 0xED, 0xD9, 0x2D, 0x06, 0x30, 0xF6, 0x34, 0xF2, 0xC5, 0x97, 0xAC,
    0x01, 0xF3, 0x9C, 0x64, 0x67, 0xBA, 0x73, 0xF6, 0x50, 0x99, 0xAB, 0x73, 0x30, 0x3B, 0x54, 0xA3,
    0x43, 0xED, 0x99, 0x92, 0x47, 0x51, 0x07, 0x78, 0xFB, 0x88, 0x53, 0xF3, 0x31, 0x9C, 0x7D, 0xBA,
    0x3A, 0x3C, 0x86, 0x23, 0x9B, 0x00, 0xF8, 0xB1, 0x1E, 0x38, 0x46, 0xFE, 0x8A, 0x8D, 0xBD, 0x13,
    0xA1, 0x31, 0x92, 0x0C, 0x76, 0xDA, 0xEF, 0xC3, 0x5A, 0x75, 0xEC, 0x12, 0x3A, 0x91, 0x2F, 0x44,
    0x76, 0x3A, 0x7D, 0x1B, 0xAC, 0x85, 0x66, 0x6A, 0xC2, 0x81, 0x99, 0x99, 0xFA, 0x72, 0x0D, 0x62,
    0x92, 0xDF, 0xA8, 0x17, 0xB0, 0x9B, 0x40, 0x1B, 0xE5, 0x1C, 0x7A, 0x47, 0xFC, 0x1C, 0x1D, 0x90,
    0xC6, 0x11, 0xD3, 0xE2, 0x40, 0x24, 0xCA, 0x12, 0xC1, 0x56, 0x52, 0xB3, 0x51, 0xA8, 0xCC, 0x57,
    0x28, 0xE7, 0x1E, 0x31, 0xDC, 0x5B, 0xCF, 0xC2, 0x51, 0xA8, 0xCC, 0x4A, 0x76, 0x5D, 0xCD, 0xDD,
    0xA0, 0x79, 0x24, 0xF7, 0x6A, 0xD4, 0xBB, 0x6C, 0x3C, 0x6A, 0xBA, 0x7C, 0xAC, 0x0F, 0x1B, 0x3B,
    0x4A, 0xFE, 0xFF, 0xE9, 0x57, 0x1B, 0xE9, 0xC2, 0xD7, 0x13, 0x5F, 0x97, 0xBE, 0xC1, 0x5A, 0xD8,
    0xA9, 0xEE, 0x57, 0x7D, 0xC6, 0x99, 0x51, 0x21, 0x8D, 0x8E, 0x4D, 0x3A, 0xDE, 0xC0, 0x6A, 0x01,
    0xEB, 0x19, 0x94, 0x6C, 0x56, 0x89, 0x56, 0x3C, 0xEB, 0xD5, 0x2F, 0x95, 0x0D, 0xE0, 0x2A, 0x5C,
    0xCE, 0xDB, 0x48, 0xE7, 0x1F, 0x5A, 0x05, 0x71, 0x78, 0x8A, 0x2B, 0xCA, 0x01, 0xE3, 0xC3, 0xF2,
    0x88, 0xF1, 0x21, 0xB3, 0x0F, 0x2C, 0x5E, 0xA4, 0x92, 0x09, 0x6C, 0x1A, 0x6A, 0xE6, 0xCA, 0xD2,
    0xAB, 0xC6, 0x4B, 0xC6, 0x42, 0x95, 0x08, 0xDC, 0xEB, 0xAD, 0xD4, 0x38, 0x1E, 0xAB, 0x8D, 0x69,
    0xBF, 0x49, 0x92, 0xD0, 0x23, 0xF7, 0xFF, 0x6C, 0xEF, 0xFC, 0x81, 0x25, 0xB9, 0xAA, 0xFB, 0xDF,
    0x33, 0x23, 0x69, 0xF8, 0x69, 0xAA, 0x18, 0x25, 0x0B, 0xBF, 0x9F, 0xF8, 0x95, 0x87, 0xC8, 0x76,
    0x89, 0x42, 0x9D, 0x12, 0x00, 0x3D, 0xE0, 0x40, 0x01, 0x01, 0x2F, 0xD8, 0x35, 0x81, 0x82, 0x4D,
    0xB1, 0x1C, 0x28, 0x71, 0x40, 0x80, 0xE9, 0x2E, 0x08, 0x14, 0x28, 0xB0, 0x12, 0x70, 0x95, 0x1D,
    0xA0, 0x2A, 0x13, 0xEC, 0x3E, 0x05, 0x9B, 0x10, 0x50, 0x2E, 0x89, 0xDB, 0x46, 0x81, 0x02, 0x02,
    0x06, 0x28, 0x6C, 0x57, 0x11, 0xD0, 0x20, 0xB9, 0x28, 0xE4, 0x2A, 0x6F, 0x4B, 0xEA, 0xB5, 0x7A,
    0x77, 0xBB, 0xFB, 0x78, 0xCF, 0xE7, 0x9C, 0xE9, 0xFB, 0xE6, 0xCF, 0xBE, 0xF5, 0xDA, 0x8B, 0x24,
    0x8C, 0xBB, 0x9E, 0xCE, 0xB9, 0xFB, 0x34, 0x6F, 0xBA, 0xFB, 0xDC, 0x7B, 0xCF, 0x3D, 0xF7, 0xFC,
    0xF9, 0xDE, 0x85, 0xAC, 0xD9, 0x18, 0x8D, 0xED, 0x85, 0x10, 0xBF, 0x40, 0x7F, 0xA9, 0x02, 0x6F,
    0xAC, 0x8D, 0x7F, 0xCA, 0xDA, 0xA1, 0x72, 0x0B, 0x6B, 0xA5, 0x6D, 0x1C, 0x3F, 0x28, 0x93, 0x5C,
    0xCD, 0x1F, 0xB7, 0xBC, 0xB2, 0xB7, 0xA5, 0xA4, 0x1D, 0x3A, 0x4D, 0x2E, 0x28, 0x58, 0x52, 0x75,
    0x95, 0x7D, 0x57, 0xA8, 0x83, 0x52, 0x51, 0x64, 0xB6, 0x00, 0xA9, 0x5F, 0x44, 0x7D, 0x26, 0xDA,
    0x7E, 0xD3, 0xF2, 0x63, 0xB8, 0x8F, 0x67, 0x46, 0xD7, 0x89, 0xEF, 0xF3, 0xF9, 0x1C, 0xE2, 0xD9,
    0x8C, 0x68, 0x1C, 0xE2, 0x21, 0x3A, 0xDB, 0x2B, 0xC7, 0x76, 0xD4, 0xDB, 0x7E, 0xE5, 0x2E, 0x3A,
    0xB7, 0x04, 0xFC, 0x9A, 0x5E, 0x8B, 0x7D, 0x31, 0x47, 0xB5, 0x8E, 0xED, 0x24, 0xB6, 0x5B, 0x78,
    0xD4, 0x9C, 0x18, 0x08, 0xBA, 0x8C, 0xA8, 0x7B, 0x69, 0xA9, 0xAA, 0x89, 0x34, 0x25, 0x2C, 0x13,
    0x32, 0x93, 0x08, 0x45, 0xD7, 0xA4, 0x0F, 0x97, 0x33, 0x82, 0x5D, 0x2A, 0xD6, 0x35, 0x65, 0x48,
    0x2C, 0x8F, 0x64, 0x2C, 0x5A, 0xC0, 0x52, 0x05, 0xA7, 0x76, 0x6C, 0x69, 0x31, 0x13, 0x9A, 0xA1,
    0x1E, 0x9B, 0x52, 0xB9, 0xDF, 0x0D, 0x4F, 0x53, 0xDE, 0xA0, 0x87, 0x7E, 0xAA, 0x59, 0xAF, 0xCC,
    0xB2, 0xF0, 0x6B, 0x15, 0x67, 0xA3, 0xAF, 0x97, 0x5F, 0x1F, 0x68, 0xAA, 0x90, 0xAF, 0x53, 0x0F,
    0x4A, 0x91, 0x32, 0x41, 0xA9, 0xE1, 0x63, 0x3A, 0xFF, 0xE8, 0x26, 0xB7, 0x0C, 0x10, 0x21, 0x96,
    0xB3, 0x27, 0x77, 0xB6, 0xDB, 0xB2, 0xA2, 0x20, 0x1B, 0x15, 0x3B, 0x92, 0xBA, 0xE8, 0x06, 0x86,
    0x5F, 0x59, 0x14, 0x68, 0x94, 0x61, 0x1C, 0xCE, 0x8F, 0x62, 0x81, 0x71, 0xA9, 0x54, 0xC6, 0x66,
    0x0F, 0xA7, 0xE9, 0x7F, 0xC5, 0x50, 0x83, 0xC7, 0xEF, 0x2E, 0x60, 0xA1, 0x24, 0xF6, 0xE6, 0x65,
    0xC8, 0xBE, 0x01, 0xF2, 0x2A, 0x8A, 0x11, 0x38, 0x41, 0x74, 0xD4, 0x8B, 0x56, 0x07, 0x4B, 0xF5,
    0xD0, 0x52, 0x0A, 0x75, 0xE9, 0xA8, 0x6D, 0x22, 0x89, 0x32, 0xDD, 0x7C, 0xE1, 0xE7, 0x54, 0xB6,
    0xC9, 0x5B, 0x98, 0x0E, 0x63, 0xEC, 0x6E, 0x3E, 0x22, 0x07, 0x6C, 0x2E, 0x85, 0xB2, 0xA5, 0x3A,
    0x59, 0x6D, 0x60, 0x23, 0x37, 0x5E, 0x99, 0xD8, 0xF8, 0xEA, 0x35, 0x21, 0xAE, 0xBF, 0xB5, 0x5C,
    0x7D, 0xBB, 0x3F, 0x20, 0x31, 0x19, 0xEB, 0x08, 0xA2, 0xE1, 0x91, 0x17, 0xB0, 0x87, 0xA0, 0x7E,
    0xCD, 0x79, 0x7F, 0xB2, 0x57, 0x17, 0x82, 0x91, 0xC8, 0x3B, 0xC5, 0x8D, 0x6B, 0xA2, 0xC1, 0x17,
    0x7D, 0xA1, 0xA7, 0xBE, 0x21, 0x65, 0xEA, 0xFE, 0xDA, 0x48, 0xF3, 0x16, 0xAA, 0x96, 0x40, 0xA4,
    0x73, 0x3C, 0xB8, 0x78, 0x9B, 0x3E, 0x99, 0x89, 0xCB, 0x69, 0x29, 0x9E, 0xD5, 0x69, 0x79, 0xDC,
    0x44, 0x3B, 0x7D, 0x9D, 0xA1, 0x67, 0x63, 0x4F, 0x9E, 0x4D, 0xC4, 0x27, 0x7C, 0xC9, 0x25, 0x32,
    0xD0, 0x9A, 0x36, 0x73, 0x37, 0x1A, 0xDE, 0x7A, 0xE3, 0xD9, 0x22, 0xA6, 0x72, 0xF0, 0x25, 0x63,
    0xC7, 0x7E, 0x7A, 0xDB, 0xF8, 0x9E, 0xF3, 0x59, 0xB5, 0xFD, 0x66, 0x68, 0xBC, 0x82, 0xAC, 0x09,
    0x32, 0xCE, 0x49, 0x66, 0x60, 0xFC, 0xD1, 0x28, 0x93, 0xC0, 0xF2, 0xAE, 0x0E, 0x5A, 0x6B, 0xE8,
    0x52, 0x37, 0x4D, 0x1E, 0x9E, 0x48, 0xB3, 0x70, 0xB3, 0xB5, 0x5D, 0x7A, 0xDD, 0x1B, 0x18, 0x68,
    0x34, 0x7C, 0x70, 0xAA, 0x2D, 0xB5, 0xDF, 0xC8, 0x5B, 0x6F, 0x84, 0xC6, 0x35, 0x40, 0x50, 0x83,
    0x03, 0xCF, 0x73, 0x6D, 0x6E, 0xC4, 0x5A, 0x1B, 0x43, 0x6C, 0x4C, 0xA5, 0x0A, 0x00, 0x67, 0xCC,
    0x18, 0x37, 0x64, 0xFC, 0x6F, 0xE7, 0xA5, 0x96, 0x02, 0xAA, 0x32, 0x0B, 0xC2, 0x1C, 0x1A, 0x85,
    0xCC, 0xE0, 0x9C, 0xC3, 0xC9, 0x7A, 0xA5, 0x5C, 0x13, 0xD5, 0xB4, 0x59, 0x49, 0xE3, 0x93, 0xE8,
    0x92, 0x77, 0xBF, 0xE3, 0xD3, 0xA4, 0xE2, 0xCF, 0xF6, 0x92, 0x4D, 0x88, 0x97, 0x31, 0xE1, 0x34,
    0x09, 0x6C, 0x62, 0xC1, 0xDA, 0xC0, 0xE7, 0x62, 0x98, 0x68, 0xE9, 0xD2, 0xFB, 0x9A, 0xF3, 0x26,
    0x39, 0x72, 0x4D, 0xD4, 0xD3, 0x84, 0x2D, 0xD7, 0x13, 0x62, 0x0E, 0x9A, 0xBB, 0x02, 0x8A, 0x54,
    0xAB, 0xBA, 0x6D, 0x86, 0x48, 0xD5, 0xD1, 0x5D, 0x3E, 0x36, 0x99, 0xAA, 0xFB, 0xCB, 0xE6, 0x31,
    0x22, 0xC4, 0xFE, 0x74, 0xDE, 0x3A, 0x6F, 0xAC, 0x9E, 0x28, 0x6F, 0x92, 0x00, 0x57, 0x32, 0x91,
    0x8D, 0xF2, 0x0D, 0x23, 0xCF, 0x0A, 0x95, 0xD4, 0x91, 0xB0, 0xD1, 0xC5, 0x7F, 0x58, 0xC9, 0xCD,
    0x60, 0xE3, 0xCF, 0x7D, 0xCA, 0xDB, 0x31, 0xF8, 0x1A, 0xA3, 0x90, 0xB2, 0x1B, 0x8C, 0x8A, 0xE4,
    0xE1, 0x13, 0x1E, 0x18, 0x21, 0xBA, 0xCB, 0xA3, 0xF5, 0xDF, 0xB8, 0x8A, 0x68, 0xB3, 0xF9, 0x86,
    0x46, 0xF5, 0xFF, 0x67, 0x45, 0xB2, 0x7F, 0xFD, 0x5E, 0xC6, 0x33, 0xA2, 0x8B, 0x28, 0x09, 0x91,
    0x77, 0x8C, 0x8B, 0xCB, 0xFF, 0xD8, 0x30, 0x0F, 0x17, 0x9F, 0xDB, 0xB7, 0x2D, 0x7E, 0xD7, 0xE2,
    0x20, 0x68, 0xFF, 0x61, 0x3B, 0x14, 0x16, 0xD0, 0x0C, 0x1A, 0xE4, 0xB6, 0x6C, 0xA6, 0xEA, 0xB1,
    0x28, 0x31, 0xA4, 0xB0, 0x63, 0x51, 0xD9, 0x4C, 0x29, 0x06, 0x45, 0x0F, 0xED, 0xE2, 0x8A, 0x6F,
    0x93, 0x5F, 0x8C, 0xD6, 0xC7, 0xA9, 0xEF, 0xF6, 0xDD, 0xA9, 0x65, 0xF4, 0xD6, 0xB5, 0xED, 0x02,
    0x39, 0x17, 0x7F, 0x9C, 0x9E, 0xDB, 0xD8, 0x77, 0x43, 0x8F, 0xDC, 0xA7, 0x8E, 0xD4, 0xA3, 0xF3,
    0x9B, 0xB8, 0xEF, 0x0A, 0x37, 0x51, 0xFB, 0x1B, 0x4B, 0x03, 0xF1, 0x34, 0x53, 0x35, 0x0B, 0xAA,
    0x29, 0x6F, 0xE1, 0xF9, 0xC4, 0xBD, 0x92, 0x58, 0x60, 0x0E, 0x69, 0x46, 0xD2, 0x8E, 0xFF, 0x57,
    0xFE, 0x74, 0xE3, 0xC9, 0x1E, 0x4A, 0x66, 0x56, 0x23, 0x36, 0x66, 0xC3, 0x2C, 0x47, 0x82, 0x6C,
    0x57, 0xFD, 0x98, 0x57, 0xE7, 0xC4, 0xBF, 0x0B, 0xC7, 0x05, 0x0A, 0x9B, 0xE4, 0x8D, 0x59, 0xB2,
    0x2C, 0xEF, 0xF0, 0x4C, 0xDD, 0xE9, 0xB9, 0x3E, 0xFF, 0xF8, 0x77, 0x96, 0x68, 0x43, 0x3F, 0xBE,
    0x26, 0xBA, 0x5E, 0xBF, 0xF2, 0x07, 0x49, 0x9E, 0x7C, 0x28, 0xDB, 0xA8, 0x09, 0x3F, 0xB0, 0xD8,
    0xD6, 0xFE, 0xD0, 0x16, 0x01, 0xA7, 0xAF, 0x73, 0xDD, 0x17, 0xF5, 0x49, 0x9D, 0x4C, 0xF9, 0x0E,
    0x3C, 0x31, 0x7B, 0x43, 0x74, 0xDA, 0x3D, 0x7A, 0xFA, 0x52, 0x97, 0x59, 0xC9, 0x7B, 0x13, 0xBE,
    0x79, 0x69, 0x9D, 0x99, 0x2F, 0x89, 0xED, 0xCA, 0x47, 0x44, 0x6A, 0x7E, 0x2F, 0xDF, 0x6E, 0xA5,
    0x99, 0xB5, 0x17, 0x93, 0xC9, 0xC9, 0x62, 0xA3, 0x55, 0x38, 0x52, 0x0C, 0x49, 0xBE, 0x4E, 0xAB,
    0xC9, 0x0B, 0xF3, 0x4A, 0x9D, 0xE7, 0xF3, 0x6E, 0xDA, 0x7D, 0xAC, 0xCE, 0xCB, 0x2F, 0x27, 0x6A,
    0xE3, 0x6B, 0xC4, 0x64, 0x29, 0xF2, 0x82, 0x2A, 0xEB, 0xEC, 0xB6, 0x0C, 0x59, 0x99, 0xF6, 0x4F,
    0xAC, 0x93, 0x2F, 0xF3, 0xD5, 0xDB, 0x3D, 0x00, 0xEB, 0x7E, 0xB4, 0x4E, 0xC6, 0x07, 0x7B, 0x72,
    0x52, 0xC7, 0xA5, 0xED, 0xBB, 0xF0, 0xA3, 0x97, 0xC7, 0xF4, 0x0D, 0x9E, 0x48, 0x89, 0xB9, 0xB0,
    0x3F, 0xFB, 0x34, 0x10, 0x39, 0xDF, 0xEA, 0x92, 0xE4, 0x2B, 0x49, 0xAD, 0x4D, 0x5D, 0x21, 0x1F,
    0x4B, 0x4E, 0xB0, 0x07, 0x1E, 0x4A, 0xFE, 0xAB, 0xD7, 0x45, 0xE7, 0x17, 0x7C, 0xD0, 0x83, 0xD4,
    0x92, 0x71, 0x5F, 0xEC, 0xD4, 0xCF, 0x4C, 0x2B, 0x9A, 0xCB, 0xE2, 0xAB, 0xDC, 0x97, 0x3B, 0x7F,
    0x32, 0x79, 0x00, 0x97, 0xDD, 0xF9, 0x82, 0x4F, 0x37, 0xDF, 0x9A, 0x73, 0x67, 0x1B, 0x12, 0x9F,
    0x9E, 0xF1, 0xC6, 0xEB, 0x97, 0x93, 0xE4, 0x2F, 0xB8, 0xF3, 0x87, 0xF5, 0x8D, 0xF7, 0xAE, 0xC7,
    0xEE, 0x25, 0xF5, 0xCF, 0xDF, 0x4B, 0xEA, 0x9F, 0x89, 0xCD, 0xAF, 0xC6, 0x66, 0x77, 0xAC, 0x39,
    0x6D, 0x47, 0xB7, 0xDC, 0xAC, 0xF1, 0xBB, 0x96, 0x36, 0x00, 0x19, 0x88, 0xD8, 0x62, 0x8B, 0xB5,
    0x5A, 0x38, 0xD1, 0x43, 0xD2, 0x45, 0x1F, 0x90, 0x44, 0x1F, 0x53, 0xBE, 0x1E, 0x97, 0xE2, 0xCF,
    0x2A, 0xF9, 0x3F, 0x7C, 0xC5, 0xFF, 0x85, 0xDE, 0xE7, 0x75, 0xE2, 0xFC, 0x43, 0x49, 0x22, 0x6E,
    0x73, 0x2D, 0xAB, 0x24, 0x88, 0x37, 0x55, 0x19, 0x44, 0xB1, 0x3C, 0xEB, 0x1F, 0xFE, 0xF3, 0x3A,
    0x99, 0x24, 0x0F, 0xE6, 0x9A, 0x19, 0xD2, 0x25, 0x77, 0x28, 0x79, 0x37, 0xA5, 0xAB, 0xA8, 0xA4,
    0x16, 0xB5, 0x7B, 0x16, 0x2F, 0x9A, 0xD8, 0xB2, 0x8D, 0x4E, 0xDF, 0xA4, 0xE3, 0xB5, 0xE1, 0x2F,
    0xBB, 0x5C, 0x3B, 0x37, 0xFB, 0x90, 0xA0, 0xF7, 0xAD, 0xC9, 0xD7, 0x9B, 0x55, 0x6C, 0x96, 0xB1,
    0x5B, 0x8A, 0xB1, 0x48, 0x5F, 0x7F, 0xBC, 0x98, 0x13, 0x8E, 0xEA, 0xA0, 0xEA, 0xA6, 0x4E, 0x1C,
    0x2F, 0xC7, 0x4D, 0x02, 0x37, 0x9A, 0xDE, 0x48, 0x0E, 0xAF, 0xF9, 0xC0, 0xBE, 0xC5, 0xC2, 0x64,
    0xCA, 0xF1, 0x16, 0xF1, 0x75, 0x33, 0xE5, 0x00, 0x48, 0x0D, 0xA8, 0xB0, 0xA5, 0x72, 0xB6, 0xF8,
    0x86, 0x03, 0x16, 0xE0, 0xF5, 0x44, 0x03, 0x5D, 0xF8, 0x2B, 0xAF, 0xB5, 0x86, 0xEB, 0x99, 0x01,
    0x90, 0x63, 0xF1, 0x33, 0xB5, 0x73, 0x8C, 0x63, 0x01, 0x69, 0xCC, 0xAB, 0x0C, 0x9A, 0xF0, 0xF7,
    0xBC, 0x24, 0x04, 0x00, 0x2E, 0x0F, 0x56, 0xE1, 0x94, 0x75, 0xD4, 0x38, 0x59, 0x42, 0x2C, 0x6A,
    0x1E, 0x9F, 0x81, 0x90, 0xEC, 0xA6, 0x3C, 0xC1, 0x5B, 0x44, 0x11, 0x10, 0xA6, 0xA1, 0x7E, 0xA6,
    0x4C, 0xC5, 0x12, 0x9A, 0x32, 0xD4, 0x38, 0xA8, 0x9F, 0xF6, 0x9C, 0xD1, 0xFD, 0xC8, 0x33, 0x47,
    0x3F, 0x5F, 0xDC, 0x7B, 0x51, 0xFD, 0xE9, 0xDE, 0x0F, 0x1F, 0x3D, 0xF0, 0x95, 0x10, 0x88, 0xD5,
    0x9F, 0xAC, 0xF6, 0x1F, 0xFC, 0x48, 0x53, 0xC7, 0xD6, 0xE3, 0xF1, 0x7A, 0x44, 0x5B, 0xB9, 0x81,
    0xEA, 0xD7, 0x69, 0x31, 0x39, 0x35, 0x0C, 0xBA, 0x12, 0x5A, 0xCC, 0x8C, 0x52, 0x65, 0x33, 0x67,
    0x74, 0x52, 0x14, 0xCE, 0xCF, 0xA0, 0x74, 0xD5, 0x5B, 0x51, 0xB0, 0x36, 0xDC, 0x57, 0xC6, 0x4F,
    0xDE, 0x12, 0x86, 0x69, 0xF0, 0xFD, 0xD4, 0xEA, 0xFB, 0x51, 0xDA, 0xAF, 0x7C, 0x35, 0x27, 0xDB,
    0x39, 0xA8, 0x11, 0xDA, 0x05, 0xBD, 0x45, 0xA5, 0x4F, 0x75, 0xE1, 0x2C, 0xCA, 0x30, 0x3D, 0x49,
    0xFF, 0x21, 0x81, 0x3D, 0xBC, 0x16, 0x36, 0xFB, 0xFE, 0xB9, 0x48, 0x59, 0x4E, 0xA1, 0x89, 0xD3,
    0x39, 0xF4, 0x91, 0x30, 0x5C, 0xE5, 0x5B, 0xE2, 0x9C, 0x0E, 0x37, 0x55, 0x58, 0x1E, 0xA6, 0xF2,
    0xD4, 0x56, 0x77, 0x9F, 0x6B, 0xE8, 0xE4, 0x67, 0x41, 0xD8, 0x51, 0x42, 0xC9, 0x34, 0x28, 0x80,
    0xF0, 0x58, 0xDB, 0xBB, 0xAF, 0xA0, 0xB9, 0x4A, 0xE0, 0x25, 0x2B, 0x62, 0xA5, 0x2C, 0xD5, 0xD7,
    0x76, 0x49, 0x94, 0x56, 0xEE, 0x62, 0xF2, 0xB2, 0xA0, 0xDA, 0x1F, 0xFD, 0x09, 0xB9, 0xF5, 0x9D,
    0x11, 0xC1, 0xB8, 0xB5, 0x54, 0x86, 0x8F, 0xCA, 0x37, 0x4F, 0xF0, 0x47, 0x3B, 0xAE, 0xDE, 0x5D,
    0x97, 0xEE, 0xFE, 0xB4, 0x60, 0xCB, 0xA8, 0x44, 0xAC, 0xB8, 0x3E, 0xDC, 0x7A, 0x5A, 0x77, 0xB0,
    0x53, 0x25, 0x20, 0x05, 0xD1, 0x9A, 0x4B, 0x19, 0x86, 0x20, 0xEB, 0x8C, 0x34, 0x69, 0x0F, 0xF7,
    0x14, 0x0C, 0x0B, 0x84, 0xF2, 0xA2, 0x5B, 0x37, 0xD0, 0x0D, 0xB4, 0xE6, 0x35, 0xCC, 0x26, 0xA6,
    0x0B, 0xE3, 0x0F, 0xBF, 0xCC, 0x9B, 0x0F, 0x81, 0xB6, 0x25, 0xB9, 0xDA, 0xCA, 0x3C, 0x7B, 0x1D,
    0xA4, 0x4E, 0xBC, 0x2C, 0x69, 0x1B, 0x4E, 0xB1, 0x48, 0x2C, 0x61, 0xA7, 0xBF, 0xC6, 0x08, 0x9F,
    0xEA, 0x16, 0xE0, 0x68, 0x50, 0x87, 0x37, 0x8B, 0xE0, 0x6A, 0x91, 0x26, 0xD3, 0x2B, 0xF3, 0x9B,
    0xBA, 0xD1, 0xCC, 0x48, 0x60, 0xDC, 0x6E, 0xB9, 0xEB, 0xB1, 0x66, 0xAE, 0xD0, 0x42, 0x67, 0xF1,
    0x07, 0x8B, 0xCF, 0xA9, 0xA3, 0x8D, 0xBC, 0x51, 0x72, 0xC6, 0x83, 0x6E, 0x5C, 0x1E, 0xC3, 0x7C,
    0x7F, 0x59, 0xE9, 0x3B, 0xE4, 0x7E, 0xBF, 0x45, 0x31, 0x55, 0xEF, 0x4F, 0x2B, 0x5E, 0x98, 0x37,
    0x93, 0x1C, 0x19, 0x2D, 0x85, 0xFD, 0xC2, 0x97, 0x06, 0x9E, 0xB3, 0x87, 0xBE, 0x78, 0xF7, 0xA7,
    0x6D, 0x23, 0x8D, 0x20, 0xAA, 0xE1, 0x38, 0x54, 0xC9, 0x4C, 0x34, 0xA7, 0xF3, 0x25, 0xD9, 0x05,
    0xE0, 0x96, 0xF3, 0x00, 0xB8, 0x67, 0xE7, 0x02, 0x70, 0x2F, 0x8F, 0x03, 0x70, 0xDF, 0x3F, 0xE8,
    0x51, 0x5A, 0x99, 0x9E, 0xCF, 0x4B, 0x4F, 0xA5, 0x05, 0x68, 0x15, 0x8B, 0x52, 0x37, 0x8D, 0xF3,
    0x07, 0x54, 0x87, 0x4D, 0xA4, 0x79, 0x1B, 0x00, 0xCB, 0x76, 0xE9, 0x70, 0xD7, 0xC7, 0x3B, 0x2B,
    0x95, 0x4F, 0xC8, 0x9B, 0x2F, 0x5A, 0xF0, 0x10, 0x91, 0x6D, 0xA0, 0xE5, 0x7F, 0x47, 0x2A, 0xD1,
    0x20, 0xA9, 0xB4, 0x5F, 0x3A, 0x5F, 0x6E, 0x20, 0x9F, 0xF1, 0xBC, 0x68, 0x5B, 0x65, 0x3E, 0x72,
    0x1A, 0x06, 0x2B, 0xA9, 0x87, 0x7C, 0x42, 0x6E, 0x9D, 0xAE, 0x31, 0x63, 0xB8, 0x55, 0xDA, 0x40,
    0x26, 0x55, 0x92, 0x0E, 0x9A, 0xDF, 0xE3, 0x05, 0x9E, 0x75, 0x32, 0x8D, 0xA5, 0xED, 0x73, 0x9B,
    0x6A, 0x23, 0x2D, 0xA1, 0xAE, 0x92, 0x8F, 0x8F, 0xAB, 0xA8, 0xAE, 0xCE, 0x6E, 0x2C, 0x64, 0x70,
    0xA5, 0xE5, 0x69, 0x59, 0x71, 0x20, 0xA3, 0xAA, 0x57, 0xBA, 0x71, 0x5C, 0xCF, 0xD8, 0xCA, 0xB1,
    0xCF, 0x57, 0x8F, 0xA7, 0xF9, 0x3B, 0xCC, 0xD9, 0xB1, 0xEA, 0x95, 0xA6, 0x9D, 0xD2, 0xCC, 0x91,
    0xC8, 0x7C, 0x35, 0x99, 0xB9, 0x11, 0x1B, 0x37, 0x56, 0xB9, 0x24, 0xC9, 0xF7, 0xFF, 0xD6, 0x93,
    0xC6, 0x5B, 0x68, 0x05, 0x05, 0x15, 0xA5, 0xF5, 0xA4, 0x57, 0x4F, 0x57, 0xCE, 0x74, 0x7A, 0x92,
    0xA8, 0x0C, 0x11, 0x48, 0xE5, 0xDB, 0x20, 0x4F, 0xD7, 0x87, 0x5C, 0x7F, 0x81, 0x44, 0xF7, 0x08,
    0x74, 0x59, 0x22, 0x17, 0x0D, 0x7D, 0x55, 0xC0, 0xFC, 0xAD, 0x28, 0x0A, 0x51, 0x92, 0x41, 0x5A,
    0xF2, 0x1D, 0xA2, 0x1A, 0x75, 0xE8, 0x83, 0x72, 0xA2, 0x48, 0x96, 0xB3, 0x5B, 0xF6, 0xFE, 0xBD,
    0x92, 0x56, 0xC9, 0x06, 0x48, 0x47, 0xAE, 0xDF, 0x65, 0x18, 0xCC, 0x7E, 0xED, 0x30, 0x98, 0xB2,
    0x71, 0x18, 0x4C, 0x29, 0x81, 0xC1, 0xD4, 0x86, 0xC3, 0x60, 0x72, 0x7B, 0x2F, 0x0F, 0xF4, 0x06,
    0x8C, 0xA1, 0xEB, 0x8D, 0x61, 0xDB, 0xE8, 0x61, 0x5E, 0x86, 0xE5, 0x18, 0xBF, 0x7E, 0xBD, 0xDF,
    0x98, 0x01, 0x37, 0x4E, 0x0C, 0x33, 0x40, 0x2A, 0xC3, 0x0C, 0x20, 0xE2, 0xA0, 0xE3, 0x62, 0x63,
    0x98, 0x01, 0x07, 0x90, 0x3D, 0x05, 0x6C, 0x12, 0x0B, 0xCF, 0x8C, 0x0F, 0xF1, 0x55, 0x6D, 0x29,
    0xF9, 0x80, 0xC2, 0x84, 0xBA, 0x5E, 0x5A, 0x59, 0x3E, 0xB8, 0x7D, 0x97, 0xD1, 0x0A, 0xBA, 0x71,
    0xF3, 0xDC, 0xAF, 0xFB, 0x40, 0x4C, 0xB8, 0x7C, 0x88, 0x98, 0x90, 0xAC, 0x8E, 0x20, 0x26, 0x84,
    0xE3, 0x88, 0x09, 0x31, 0x8F, 0x98, 0xA5, 0xCC, 0x91, 0x78, 0xC8, 0x23, 0x5E, 0xBF, 0xBF, 0x28,
    0xE7, 0x37, 0xD6, 0x7A, 0x5B, 0xF2, 0x68, 0x52, 0x42, 0x23, 0x2B, 0xC2, 0xCC, 0x0C, 0x0D, 0xDE,
    0x7F, 0x1F, 0x10, 0x0C, 0xDA, 0xC7, 0x01, 0xBF, 0x80, 0x3E, 0x78, 0x80, 0x84, 0x8B, 0x9A, 0x65,
    0xDF, 0x65, 0xF5, 0x54, 0x49, 0x22, 0x5D, 0xAE, 0x64, 0x5C, 0x16, 0x70, 0x8B, 0x40, 0xAA, 0x1D,
    0xE9, 0x3E, 0x61, 0x75, 0x80, 0x7C, 0x25, 0x61, 0x94, 0xA5, 0x3C, 0xF2, 0x05, 0x12, 0x19, 0x97,
    0xD7, 0x44, 0xBB, 0x6C, 0x15, 0x38, 0x70, 0x21, 0xB5, 0x98, 0x5A, 0x26, 0xA5, 0x31, 0x72, 0xCC,
    0xF2, 0x9E, 0xC5, 0x01, 0xDF, 0x55, 0x78, 0x8B, 0x01, 0x25, 0xEF, 0x22, 0x08, 0x84, 0xAC, 0xAC,
    0x43, 0x1E, 0xD7, 0x7B, 0xD8, 0x8F, 0x04, 0xB9, 0xFC, 0xD0, 0x1C, 0x6E, 0xAF, 0x9A, 0x1E, 0x7A,
    0xCE, 0xC2, 0xC1, 0x5F, 0x30, 0xAF, 0x9C, 0x87, 0x89, 0xAD, 0x86, 0x6A, 0x58, 0x05, 0x1C, 0x3B,
    0xE9, 0x65, 0xF1, 0xDD, 0x93, 0xDE, 0x9C, 0x9D, 0x7B, 0x46, 0x62, 0xA0, 0xF9, 0x15, 0xBF, 0xE3,
    0x21, 0xDE, 0xF0, 0xF6, 0xDF, 0x29, 0xA2, 0xD5, 0x3B, 0x94, 0x50, 0xBF, 0x43, 0x81, 0xD2, 0xAF,
    0xA9, 0x4C, 0xFC, 0xB9, 0xD4, 0xDC, 0x5D, 0x7B, 0xFF, 0x17, 0x5E, 0xBF, 0x00, 0x6D, 0x62, 0x15,
    0x43, 0xC6, 0x48, 0xC8, 0xA8, 0x92, 0xC9, 0x29, 0xBB, 0x09, 0x8C, 0x81, 0x40, 0x3A, 0xE7, 0x2D,
    0x72, 0x4E, 0x5B, 0x76, 0x11, 0x27, 0xA1, 0xF5, 0xC8, 0x97, 0x8A, 0x6E, 0x8A, 0xCC, 0x74, 0xB9,
    0x9A, 0x5C, 0x96, 0x93, 0x25, 0x39, 0x02, 0x75, 0x36, 0x24, 0xCA, 0x6C, 0x1D, 0xF8, 0x95, 0x8D,
    0xEC, 0x7F, 0x92, 0x52, 0x37, 0x01, 0xDF, 0x16, 0x26, 0x6C, 0x66, 0xA2, 0x13, 0x44, 0xF7, 0xF6,
    0xA1, 0xE8, 0xF0, 0xF5, 0x21, 0xBA, 0x61, 0x57, 0x74, 0x45, 0x14, 0x9D, 0xA2, 0x2D, 0x58, 0x20,
    0x15, 0xD1, 0x25, 0xCE, 0xB4, 0x3B, 0x40, 0x28, 0x66, 0xC6, 0x65, 0xB6, 0xF1, 0x4C, 0x11, 0x1D,
    0xEB, 0x69, 0x86, 0xC2, 0x26, 0x07, 0x25, 0x5A, 0x2C, 0x62, 0x91, 0x48, 0xCA, 0x43, 0x29, 0xBF,
    0x84, 0x52, 0xC1, 0x12, 0x2D, 0x02, 0x13, 0xB5, 0x2A, 0x1D, 0x07, 0x0F, 0xAB, 0x35, 0xEA, 0xC5,
    0xEB, 0x6A, 0x0A, 0xA0, 0x5A, 0x2E, 0x3F, 0x41, 0xD4, 0xAF, 0x1D, 0x8A, 0xBA, 0xDD, 0x17, 0x75,
    0x8A, 0xA8, 0xAD, 0xC2, 0x69, 0x21, 0x85, 0x4E, 0x3A, 0x44, 0x3D, 0x43, 0xD4, 0xEE, 0x1C, 0x17,
    0x44, 0x9D, 0x77, 0x06, 0x81, 0x96, 0x6E, 0xB4, 0x50, 0x5D, 0x23, 0x69, 0xAC, 0xD8, 0xA5, 0xB2,
    0x95, 0x14, 0x7E, 0x54, 0x05, 0x08, 0xBD, 0x37, 0x31, 0x86, 0x58, 0xD8, 0x98, 0xC4, 0x96, 0x71,
    0x9E, 0x50, 0xC9, 0xA7, 0x8C, 0x47, 0x70, 0xBC, 0x10, 0xDF, 0x21, 0x51, 0xDB, 0x4B, 0x4A, 0x92,
    0x97, 0x62, 0xA3, 0x4E, 0x49, 0xF1, 0x48, 0x48, 0x6C, 0x1B, 0xA1, 0x6F, 0xA7, 0x6A, 0xD5, 0x28,
    0x63, 0x3F, 0xCD, 0xC9, 0x39, 0x25, 0xF3, 0xDC, 0x19, 0x7B, 0x04, 0x37, 0x94, 0xAC, 0x48, 0x74,
    0x28, 0xA6, 0x7D, 0x26, 0xBA, 0xAE, 0x67, 0x42, 0xBA, 0x8D, 0x68, 0x44, 0xE0, 0x89, 0x97, 0x88,
    0x02, 0xE8, 0xEC, 0x7E, 0x41, 0x53, 0x32, 0xCF, 0xAA, 0xA2, 0x06, 0x5A, 0x3B, 0x75, 0x54, 0x2E,
    0x4A, 0x10, 0x0D, 0xD4, 0x82, 0xA2, 0xA9, 0x08, 0x58, 0x62, 0xB8, 0x87, 0xAA, 0x77, 0x70, 0xA7,
    0x1F, 0x81, 0xA6, 0x95, 0xF3, 0xA0, 0x69, 0x67, 0xE7, 0x42, 0xD3, 0x2E, 0xCF, 0x85, 0xA6, 0xCD,
    0xF6, 0xA0, 0x69, 0xE5, 0x24, 0x07, 0xF5, 0x24, 0x40, 0xD1, 0x8C, 0x35, 0x51, 0xF5, 0xCA, 0x41,
    0x05, 0x8E, 0x43, 0x28, 0xFA, 0xC2, 0xE9, 0xBA, 0xF2, 0xB7, 0x0A, 0x69, 0x72, 0x03, 0x45, 0xC1,
    0xD3, 0x42, 0x27, 0x22, 0x20, 0x53, 0x70, 0xDF, 0xC5, 0xB9, 0xE7, 0x0D, 0xAC, 0xA0, 0x8F, 0x02,
    0xCE, 0xEF, 0x15, 0xE3, 0x44, 0x5C, 0xB6, 0x0D, 0xA1, 0x31, 0x78, 0x61, 0x24, 0xD6, 0xAD, 0xF4,
    0xCC, 0x3C, 0x73, 0xBF, 0x5B, 0xEC, 0xD4, 0x1A, 0x33, 0x6B, 0xB4, 0xDE, 0x20, 0x88, 0x5A, 0x58,
    0x3A, 0xE8, 0xD3, 0x66, 0xAD, 0xE9, 0x95, 0x1C, 0x6B, 0x4C, 0x95, 0x0F, 0x34, 0xDE, 0x3C, 0x0D,
    0xBD, 0x59, 0xCB, 0xD1, 0x37, 0xCE, 0x44, 0x9D, 0xEB, 0x1C, 0xB7, 0xF4, 0x14, 0xBE, 0xDC, 0x9F,
    0xB4, 0xF6, 0x86, 0xD0, 0x18, 0xBC, 0x61, 0x79, 0x55, 0xC9, 0x79, 0x4F, 0x8A, 0x92, 0x65, 0xFE,
    0x69, 0xDC, 0x45, 0x2C, 0xEE, 0x1F, 0x84, 0x31, 0xE3, 0xC5, 0xA0, 0x70, 0xBE, 0xC8, 0x2D, 0xED,
    0xAD, 0xB1, 0xED, 0xF6, 0xF6, 0x9B, 0x2F, 0x45, 0x53, 0xCC, 0xB9, 0x83, 0xAD, 0x09, 0xCF, 0x09,
    0x5E, 0x1D, 0x0E, 0x1D, 0xF8, 0xA0, 0x3F, 0xCA, 0x79, 0x3C, 0x25, 0xFA, 0x86, 0x4A, 0x3C, 0x70,
    0xE0, 0x1C, 0xFF, 0x0E, 0xEF, 0xC8, 0x6B, 0xC6, 0x04, 0xBD, 0xE5, 0xD1, 0x06, 0xAF, 0xB7, 0x72,
    0xFB, 0x8F, 0xCC, 0xF5, 0xF8, 0x9E, 0x05, 0x0D, 0x64, 0xC7, 0x17, 0x2F, 0xDC, 0xF7, 0xCA, 0x13,
    0x21, 0x3D, 0x6B, 0x08, 0x41, 0x5A, 0x1A, 0x54, 0x1E, 0xF0, 0xD2, 0xE0, 0xCB, 0x61, 0x94, 0x8A,
    0xF0, 0xCE, 0x34, 0xAA, 0x99, 0x37, 0x9A, 0x19, 0x32, 0x9B, 0x4A, 0x37, 0x37, 0xA1, 0x05, 0xB2,
    0x78, 0x70, 0x46, 0x2D, 0xC5, 0xBE, 0x61, 0xF0, 0xC6, 0x6A, 0xB0, 0x88, 0xA2, 0xAE, 0xBC, 0xBD,
    0x37, 0x78, 0x52, 0x6D, 0xF8, 0x93, 0xA6, 0xBD, 0x3D, 0xE9, 0x98, 0x0B, 0x11, 0x1B, 0xA1, 0xDD,
    0xCB, 0x2F, 0x59, 0xD8, 0xEC, 0x5B, 0x5E, 0x0D, 0x52, 0xD2, 0x40, 0xF4, 0x31, 0x59, 0x9A, 0x46,
    0xED, 0x1F, 0x95, 0xB5, 0x63, 0xE1, 0x9D, 0x38, 0x64, 0xF3, 0x8B, 0x9E, 0xF3, 0x43, 0xA5, 0x8F,
    0xF3, 0xE0, 0x12, 0xDD, 0x0A, 0x14, 0x6F, 0x0F, 0x9D, 0xEE, 0x26, 0x60, 0x89, 0x34, 0x67, 0x91,
    0xCF, 0x25, 0x14, 0x8E, 0xF1, 0xD7, 0xEA, 0x73, 0x63, 0x81, 0xE2, 0xC3, 0x63, 0xE7, 0x4E, 0x97,
    0x94, 0x78, 0xF0, 0xE6, 0xF0, 0xAC, 0x9B, 0xA2, 0x7D, 0xD5, 0x9D, 0x59, 0x19, 0xB0, 0x23, 0xA9,
    0x7F, 0x79, 0xE3, 0xC8, 0x42, 0x1E, 0x12, 0x16, 0x8D, 0x15, 0xEE, 0x24, 0x56, 0xCE, 0x9C, 0x2F,
    0xE8, 0xCF, 0x87, 0x3C, 0x22, 0xB7, 0xB8, 0xED, 0x33, 0x1C, 0x1D, 0x0B, 0xAF, 0x9D, 0x97, 0x36,
    0x6C, 0x6E, 0x26, 0x47, 0xB3, 0xA1, 0x08, 0xA5, 0xBB, 0x56, 0xF6, 0x35, 0x43, 0xE4, 0xCD, 0xCA,
    0xAB, 0x91, 0x67, 0x0A, 0x40, 0xAE, 0x09, 0x35, 0xC4, 0x4D, 0xD5, 0x95, 0x9B, 0x0E, 0xBA, 0x6C,
    0x6B, 0x4A, 0xE5, 0x75, 0xD1, 0x8C, 0xCA, 0xB9, 0xE4, 0xA4, 0x94, 0x86, 0x66, 0xD9, 0xDF, 0xA1,
    0xB5, 0x66, 0x6F, 0x89, 0xA2, 0x0D, 0x0C, 0xD0, 0x5E, 0xE9, 0xAA, 0x53, 0x9A, 0xB5, 0xA1, 0x59,
    0x75, 0xA1, 0xD6, 0xCF, 0x4B, 0xA5, 0xC3, 0x42, 0xFD, 0xB2, 0xCF, 0x0B, 0x42, 0x42, 0xC3, 0x51,
    0x54, 0x05, 0x4D, 0x52, 0x68, 0x72, 0xE9, 0x4F, 0x94, 0x62, 0x2F, 0xD3, 0xEF, 0x5E, 0xD4, 0x4D,
    0xB8, 0x73, 0xE2, 0xA9, 0xF3, 0xC3, 0x77, 0x09, 0x51, 0x3E, 0xAE, 0x1E, 0xDD, 0xA9, 0xFE, 0xE9,
    0xB0, 0x90, 0x81, 0xE4, 0x05, 0x51, 0x33, 0xEE, 0xB6, 0x62, 0x9A, 0x66, 0xBF, 0xD4, 0x1C, 0xEF,
    0xFC, 0xC7, 0x4A, 0xC3, 0x0F, 0x44, 0x0D, 0xBA, 0x57, 0xA1, 0xAF, 0x0D, 0x6A, 0xE3, 0x5D, 0xEF,
    0xF4, 0x93, 0xEE, 0x5B, 0xAC, 0x78, 0x9E, 0x7F, 0xF3, 0x44, 0x91, 0x24, 0x40, 0x1F, 0x3E, 0x49,
    0x07, 0x8F, 0x2C, 0xEC, 0x1E, 0xA4, 0xD6, 0x8D, 0x07, 0xA9, 0xBD, 0x27, 0xE0, 0xD5, 0x8E, 0x7F,
    0x4B, 0xF0, 0xEF, 0x98, 0xD1, 0xCB, 0x58, 0x79, 0x4F, 0x01, 0x95, 0xCE, 0xAF, 0x86, 0x54, 0x55,
    0xAE, 0xA4, 0x07, 0x11, 0x1D, 0x22, 0x4A, 0xCE, 0x71, 0xBE, 0x42, 0xA2, 0xEC, 0xE2, 0x03, 0x46,
    0x72, 0xCC, 0xD5, 0x51, 0xA0, 0x84, 0x5F, 0x20, 0xE1, 0x47, 0x09, 0x6E, 0x1F, 0x27, 0xFC, 0x6F,
    0xD4, 0xC9, 0x3D, 0x82, 0xB6, 0x4F, 0x14, 0x69, 0xC5, 0x32, 0x9E, 0xFD, 0x40, 0x35, 0x59, 0xAB,
    0x45, 0x18, 0x32, 0xAC, 0x70, 0xCB, 0x5C, 0x17, 0x61, 0x4D, 0x14, 0x2E, 0x6D, 0xF4, 0x73, 0x72,
    0x12, 0x26, 0xAA, 0xFD, 0x6A, 0xD6, 0x6E, 0x8D, 0xE4, 0x03, 0x91, 0xB5, 0x99, 0xE3, 0xCF, 0xE6,
    0x9F, 0x6B, 0x16, 0xF4, 0x02, 0x50, 0x6A, 0xD3, 0x0D, 0x16, 0x2E, 0x71, 0x8F, 0xFE, 0x52, 0xDC,
    0xA9, 0x6F, 0xFF, 0xF4, 0x83, 0x65, 0x68, 0xAC, 0xCC, 0xC7, 0xDF, 0x17, 0xF6, 0xFB, 0x5C, 0x4A,
    0x54, 0x84, 0x67, 0x4F, 0xB2, 0x3D, 0x2B, 0x50, 0x12, 0x31, 0xCF, 0x6B, 0x76, 0xE0, 0x95, 0x98,
    0xCB, 0xD9, 0x20, 0x6A, 0xF4, 0xDA, 0xC5, 0xC8, 0x87, 0xEF, 0x91, 0x1D, 0x90, 0xE3, 0xB4, 0xB8,
    0x13, 0x31, 0xC2, 0x40, 0x25, 0xF7, 0x80, 0xEC, 0x05, 0x30, 0x6C, 0x00, 0x64, 0xC2, 0x57, 0xB3,
    0x6A, 0x01, 0x05, 0xE5, 0xDC, 0xB1, 0xBC, 0x52, 0xD7, 0x31, 0xD6, 0x34, 0xB3, 0x51, 0x89, 0x45,
    0xA9, 0x09, 0x9B, 0x1E, 0x02, 0xA2, 0x7B, 0x2A, 0x02, 0x64, 0xAF, 0x1C, 0xD3, 0x2B, 0x8C, 0x49,
    0xB0, 0xB9, 0x43, 0xA4, 0xD4, 0x6C, 0xDC, 0x75, 0x86, 0x7B, 0xC4, 0xB3, 0x71, 0x41, 0xA8, 0x68,
    0xF0, 0x0C, 0x59, 0x36, 0xEE, 0xAA, 0xD1, 0xAD, 0xDC, 0x0D, 0x12, 0x71, 0x07, 0x4F, 0xC4, 0x5D,
    0x60, 0x84, 0x93, 0x6F, 0xE6, 0xFE, 0xAB, 0x43, 0x44, 0xE9, 0x5D, 0x84, 0x77, 0x08, 0x52, 0x98,
    0x9E, 0xEA, 0xDE, 0x5B, 0x07, 0x0C, 0xDE, 0xFE, 0x09, 0x3F, 0xFC, 0x93, 0xA2, 0x7B, 0x40, 0xCC,
    0xA9, 0x4C, 0x57, 0xCF, 0x55, 0x0E, 0xAC, 0x01, 0x1B, 0xC6, 0xB7, 0x38, 0x7B, 0xE9, 0x1D, 0xF1,
    0x0A, 0x3C, 0x5C, 0x03, 0x5A, 0x5F, 0x2A, 0x37, 0x2E, 0x7A, 0x4E, 0xA9, 0xD1, 0x1C, 0xE3, 0xED,
    0xC2, 0xD3, 0x72, 0xE9, 0xE4, 0xC8, 0xE1, 0x8E, 0xD0, 0xBD, 0xA3, 0xD8, 0x94, 0x82, 0x6F, 0xAE,
    0x1F, 0xE7, 0x47, 0x3F, 0x35, 0x1F, 0x74, 0xDB, 0x8B, 0x64, 0x94, 0x86, 0x8D, 0x52, 0x8C, 0xF4,
    0x29, 0x8E, 0xE5, 0x19, 0x56, 0xFC, 0x02, 0x45, 0xF9, 0x45, 0xAC, 0xFD, 0xCB, 0xB5, 0xD2, 0x9C,
    0x2E, 0xC1, 0xE3, 0x40, 0x16, 0xC3, 0xE3, 0x22, 0x57, 0xB7, 0x99, 0x2E, 0x12, 0x7D, 0xE5, 0x7B,
    0xDE, 0xEC, 0x7D, 0x47, 0x71, 0x74, 0x17, 0x7F, 0xF0, 0xC0, 0xD7, 0x7B, 0x82, 0x3C, 0x29, 0xA1,
    0x3F, 0x12, 0x5B, 0x75, 0xB0, 0xB2, 0xD7, 0x82, 0xDD, 0x15, 0x49, 0x5E, 0x8A, 0xE8, 0xE8, 0xC2,
    0x5C, 0x8F, 0x2C, 0xF9, 0x2D, 0x42, 0x81, 0x7D, 0x13, 0x28, 0x30, 0x64, 0x27, 0x68, 0x06, 0x11,
    0xC2, 0xA6, 0xC3, 0x5D, 0x6C, 0xF5, 0x26, 0xDA, 0xEA, 0x69, 0xED, 0x8B, 0x23, 0xC9, 0x88, 0x69,
    0x07, 0xCB, 0x50, 0xB3, 0xAD, 0xB1, 0x26, 0x6B, 0x71, 0x16, 0xE6, 0x08, 0xC3, 0x6D, 0x3C, 0xB7,
    0xF0, 0xB0, 0xC5, 0x7A, 0x98, 0xB9, 0x91, 0xDC, 0x2E, 0x76, 0xAB, 0xD8, 0xAC, 0x77, 0x2C, 0x61,
    0xB7, 0xE9, 0x16, 0xFE, 0xA7, 0x91, 0xE9, 0x1A, 0x38, 0xA0, 0x8B, 0xDD, 0x92, 0x4B, 0xFD, 0x4F,
    0xCF, 0x30, 0x01, 0xDB, 0x1A, 0x56, 0x3B, 0x5B, 0xC2, 0x2A, 0x67, 0xC7, 0x2A, 0x27, 0x9C, 0x15,
    0x5E, 0xF2, 0x7B, 0xB6, 0x74, 0xC4, 0xD9, 0x90, 0x68, 0xB9, 0xD6, 0xA3, 0x57, 0x74, 0xC9, 0xE6,
    0xCD, 0x8D, 0x0E, 0x99, 0xD2, 0xDE, 0xEC, 0xE6, 0x9C, 0xCC, 0x78, 0xD4, 0x18, 0xCE, 0x13, 0xA8,
    0xF9, 0xCA, 0xC9, 0xB1, 0x23, 0x1F, 0x6B, 0x04, 0x02, 0x2F, 0x17, 0x04, 0x62, 0x97, 0xD0, 0x4C,
    0xBD, 0x1C, 0xBF, 0x14, 0xF9, 0x67, 0xB6, 0x23, 0x0A, 0xC9, 0xF8, 0x2E, 0x61, 0xC4, 0x9F, 0x60,
    0x9C, 0xE8, 0x57, 0x4D, 0x4E, 0xB6, 0x8E, 0xC4, 0xF3, 0xA6, 0xC8, 0x16, 0xB0, 0x62, 0xFD, 0x5E,
    0xA1, 0xE5, 0x5F, 0x44, 0xFD, 0xC5, 0x62, 0x04, 0x27, 0xF6, 0x94, 0x4C, 0xFE, 0x70, 0x66, 0xB1,
    0x56, 0xB2, 0x8E, 0x80, 0xEC, 0x0F, 0x0C, 0xFA, 0xED, 0xE6, 0xDA, 0xF3, 0x56, 0xF2, 0x31, 0x5D,
    0x4A, 0xA2, 0xE2, 0x87, 0xF4, 0x5B, 0x77, 0xE1, 0x02, 0xD2, 0x6A, 0x16, 0xEB, 0x8B, 0x74, 0xB6,
    0xD5, 0x8C, 0x07, 0xA8, 0xD4, 0x46, 0x57, 0x8C, 0x57, 0x60, 0x52, 0xAA, 0x6D, 0xAA, 0xEE, 0xE3,
    0x33, 0xA5, 0x29, 0x39, 0x89, 0x19, 0x15, 0xE2, 0x99, 0x66, 0x23, 0x36, 0x5F, 0x5B, 0xA8, 0x87,
    0xE8, 0x15, 0xED, 0x26, 0xF1, 0x00, 0x2E, 0x30, 0x0E, 0x9E, 0x2E, 0x89, 0xAD, 0x39, 0xA8, 0x89,
    0xF1, 0xD1, 0x5A, 0xE9, 0xAC, 0xCE, 0x55, 0x51, 0x69, 0x4E, 0x6A, 0xB2, 0xD8, 0x50, 0x64, 0x50,
    0x22, 0xB7, 0xD2, 0xE2, 0xF6, 0xD0, 0x18, 0xB7, 0x79, 0xFC, 0xCA, 0x9D, 0x1F, 0xF6, 0x67, 0x0C,
    0x32, 0xA2, 0xA1, 0x40, 0x62, 0x30, 0xBC, 0xE4, 0xAD, 0x5A, 0x6A, 0xF9, 0xD5, 0xDB, 0x52, 0xC9,
    0xEB, 0xEF, 0xC8, 0x46, 0xA3, 0xA1, 0xA5, 0x10, 0x40, 0x56, 0x82, 0x7B, 0x7A, 0x25, 0xBF, 0x96,
    0xF5, 0x34, 0x3C, 0xAF, 0xBE, 0xC7, 0x2F, 0xAA, 0xD7, 0x4F, 0xE7, 0x62, 0xA6, 0xE4, 0xC9, 0xB3,
    0x66, 0xD0, 0xFD, 0x82, 0xB6, 0x3B, 0x74, 0x7D, 0x31, 0xF7, 0x89, 0xA6, 0xB6, 0xC9, 0x25, 0x01,
    0xE2, 0xA9, 0x5F, 0xAA, 0x75, 0xB1, 0x52, 0xA2, 0x06, 0x47, 0xCF, 0x91, 0x7A, 0x71, 0xF0, 0xC5,
    0x71, 0x87, 0x03, 0x98, 0x54, 0x43, 0xB5, 0x04, 0xF6, 0x0F, 0x3E, 0x39, 0x8E, 0xE8, 0xF7, 0x63,
    0x9D, 0x47, 0x3F, 0x12, 0x8A, 0xE5, 0x7F, 0x4B, 0xD0, 0xA5, 0x9E, 0x77, 0xCB, 0x3F, 0x41, 0x8E,
    0x8E, 0x49, 0x99, 0x63, 0x76, 0xF8, 0x52, 0x86, 0xE0, 0x09, 0xC1, 0x4B, 0xE5, 0xD9, 0xA0, 0x46,
    0x51, 0x56, 0x07, 0xCB, 0x4C, 0xDD, 0xA0, 0xB1, 0x00, 0xA4, 0xD1, 0xF9, 0x2B, 0xAF, 0x4B, 0xF9,
    0xC8, 0x99, 0xE3, 0x18, 0x02, 0x9C, 0x28, 0x82, 0x67, 0x6E, 0x78, 0xAE, 0xEC, 0xB3, 0x2C, 0x8F,
    0xAE, 0x76, 0x8E, 0x70, 0x0C, 0xAF, 0x98, 0x1D, 0x82, 0x7F, 0xF9, 0x11, 0xF8, 0x70, 0xCA, 0x47,
    0x62, 0x9C, 0xCA, 0xF8, 0xCA, 0xF9, 0xD4, 0x73, 0x71, 0x4D, 0xD0, 0xEC, 0x2A, 0xD6, 0xFC, 0x96,
    0x19, 0x1B, 0x83, 0x27, 0x9A, 0xCB, 0x9A, 0xFD, 0x83, 0xF6, 0x68, 0xFE, 0xAA, 0xAA, 0xA8, 0xF0,
    0x9C, 0x1A, 0x94, 0xE1, 0x47, 0x92, 0x84, 0x3E, 0xF0, 0x94, 0x59, 0x54, 0xA6, 0x2A, 0x24, 0xCA,
    0x21, 0x0F, 0xEA, 0x17, 0x97, 0x52, 0x2C, 0x70, 0x76, 0x8E, 0xF5, 0xF3, 0x09, 0xD4, 0xB6, 0x07,
    0xA4, 0x4E, 0xFF, 0x1E, 0xC8, 0x3A, 0x78, 0x8A, 0x9A, 0xEC, 0x16, 0x31, 0x1E, 0xEE, 0xB1, 0xF7,
    0xF9, 0xFA, 0x03, 0xD0, 0x47, 0x8B, 0xE1, 0x5C, 0x33, 0x31, 0x06, 0xDB, 0x49, 0x3F, 0x79, 0x90,
    0x67, 0x5D, 0xDB, 0x38, 0x5D, 0xBB, 0x95, 0x94, 0x95, 0xDE, 0xC8, 0xBD, 0xC1, 0x01, 0xB1, 0x8C,
    0x92, 0xC1, 0x1A, 0x99, 0x34, 0xFB, 0x09, 0x88, 0x5C, 0xFF, 0xD3, 0x0F, 0x4A, 0xA4, 0xDA, 0x71,
    0xE9, 0x07, 0xFD, 0xA6, 0xC6, 0x37, 0x79, 0x01, 0xF7, 0xF4, 0x3A, 0xF6, 0x92, 0x5E, 0x57, 0xC7,
    0x75, 0x0A, 0xE5, 0xFA, 0xE0, 0xA3, 0xC9, 0x3F, 0x80, 0xA0, 0xE4, 0xDE, 0xB1, 0xAF, 0x04, 0x25,
    0x91, 0x5F, 0x06, 0x04, 0xB9, 0x8E, 0x89, 0x0E, 0xA1, 0xB6, 0xD0, 0x06, 0xBA, 0x7B, 0xC6, 0xD9,
    0xEA, 0xCC, 0x71, 0x49, 0xDB, 0x32, 0x8A, 0xB1, 0x24, 0x5D, 0x58, 0x1C, 0x77, 0x6A, 0x02, 0x6B,
    0x97, 0xF3, 0x7D, 0x87, 0x23, 0x3B, 0x3F, 0x1C, 0x34, 0x26, 0x4E, 0x74, 0x53, 0x30, 0x79, 0x64,
    0x44, 0x49, 0x64, 0x1C, 0x42, 0xD8, 0x2A, 0xDB, 0x92, 0xE8, 0x2B, 0xB3, 0x6F, 0x87, 0x1C, 0x2F,
    0x91, 0x28, 0x81, 0x6D, 0x6B, 0x1C, 0x2A, 0x31, 0x44, 0xCF, 0x77, 0xE4, 0xD6, 0x79, 0x1E, 0x00,
    0xF7, 0x17, 0x28, 0xD0, 0x15, 0x56, 0x06, 0xCE, 0xB7, 0xC2, 0x97, 0xC2, 0xDB, 0x23, 0x1A, 0x0A,
    0xA3, 0x10, 0x4E, 0x82, 0x60, 0x94, 0x67, 0x88, 0x09, 0x17, 0x0A, 0x9C, 0xBA, 0x03, 0x84, 0xE5,
    0xDE, 0xCC, 0x6A, 0xDF, 0x9B, 0xE9, 0x1E, 0x92, 0xF5, 0xD6, 0x49, 0x02, 0xCF, 0x2C, 0x49, 0xEB,
    0x0F, 0xB5, 0x97, 0x30, 0x61, 0xA8, 0x2A, 0x2E, 0x32, 0xC3, 0xFA, 0xC4, 0xCA, 0xCB, 0x94, 0x3B,
    0xB6, 0x2C, 0x35, 0x27, 0x3C, 0xAF, 0x2B, 0xA5, 0xB1, 0x7F, 0xB8, 0xE5, 0x11, 0x1F, 0x66, 0x54,
    0xF0, 0xE9, 0xE0, 0x85, 0x09, 0x6F, 0xB8, 0x18, 0xF8, 0x0C, 0x2C, 0x85, 0xB9, 0xBE, 0x4D, 0x44,
    0xAD, 0x08, 0xCC, 0xC2, 0x8E, 0x17, 0xD0, 0xFB, 0xC5, 0xE2, 0xCA, 0x0C, 0xF3, 0x17, 0xA1, 0x50,
    0x1A, 0x8F, 0x96, 0xB5, 0xE0, 0x2E, 0x2C, 0x07, 0xFA, 0xDD, 0x7D, 0xAB, 0x7F, 0x64, 0xE2, 0xC8,
    0xB4, 0xEB, 0x65, 0xA3, 0x07, 0x62, 0xF2, 0x92, 0xA4, 0x65, 0xE1, 0x83, 0x16, 0x34, 0xDF, 0x7C,
    0xD8, 0xC1, 0xBC, 0x36, 0xE6, 0xAF, 0x17, 0x62, 0x29, 0xB8, 0x77, 0x3C, 0x16, 0x7F, 0xF2, 0x7E,
    0x46, 0xAA, 0x86, 0xA3, 0xB7, 0x3D, 0x4C, 0xCF, 0xBA, 0xE0, 0x51, 0xC2, 0x0D, 0x8A, 0xD2, 0xBC,
    0x02, 0x74, 0xC5, 0x1B, 0xEF, 0x0F, 0xEC, 0xFE, 0xF4, 0x4C, 0x2E, 0xDE, 0x5C, 0x68, 0x0E, 0x71,
    0xFF, 0xEC, 0x18, 0x28, 0xA5, 0xE7, 0xCA, 0xF3, 0x11, 0x74, 0xC4, 0xE1, 0xDE, 0xB6, 0x8E, 0x7B,
    0x5B, 0xD6, 0xF7, 0xFD, 0xBD, 0x2D, 0xCC, 0xE3, 0x52, 0x1E, 0x95, 0x72, 0xBF, 0x5E, 0x64, 0x84,
    0x3C, 0x60, 0x1E, 0x8B, 0xF2, 0x48, 0x94, 0xC7, 0xA1, 0x3C, 0x0A, 0x45, 0x0C, 0xEA, 0xE8, 0x33,
    0x48, 0xB7, 0xEA, 0x61, 0x3C, 0x83, 0x34, 0x3C, 0x83, 0xD4, 0x3C, 0x83, 0x4F, 0x85, 0xB8, 0xD3,
    0x3D, 0x40, 0x47, 0xF0, 0x88, 0x47, 0x6E, 0x4C, 0x1A, 0x0F, 0x7A, 0x58, 0xAC, 0xEA, 0x45, 0xDF,
    0xDF, 0x92, 0x7D, 0x79, 0xB8, 0xB3, 0x9D, 0x48, 0x65, 0xA1, 0x29, 0x2F, 0x8D, 0x75, 0x5A, 0x40,
    0xD7, 0x73, 0xA5, 0x1E, 0x93, 0x5A, 0x8E, 0x3F, 0x83, 0x45, 0xA3, 0x88, 0x45, 0x0D, 0xA7, 0xEA,
    0x72, 0x94, 0x3E, 0x53, 0xDA, 0xE1, 0x7B, 0x6C, 0x73, 0x2D, 0xD8, 0x3E, 0xBB, 0xD7, 0x3D, 0x9B,
    0x41, 0xB9, 0xDE, 0x3D, 0x8B, 0xC9, 0x1F, 0xFE, 0xC2, 0x45, 0xEF, 0x21, 0x9C, 0x0F, 0x87, 0xD9,
    0x71, 0x95, 0x75, 0xCE, 0x58, 0x7B, 0x09, 0xE4, 0x8B, 0x52, 0xEB, 0x98, 0xE0, 0x27, 0x71, 0x62,
    0x55, 0xDA, 0xBE, 0x9B, 0x73, 0x28, 0x0F, 0x37, 0x74, 0x53, 0xDB, 0xD0, 0x3D, 0xBC, 0x3E, 0x9E,
    0xCD, 0x37, 0x3D, 0xF5, 0xFA, 0xE6, 0xCA, 0x4B, 0x83, 0x50, 0x65, 0x4E, 0xEF, 0x95, 0x77, 0x1A,
    0xBF, 0x0B, 0xAA, 0x1B, 0xC0, 0x27, 0xBE, 0x83, 0x83, 0x96, 0x2E, 0xC8, 0x1A, 0xDF, 0xFB, 0x41,
    0x2A, 0xD5, 0x2A, 0x95, 0xAA, 0xD6, 0x0D, 0xC7, 0x91, 0x6A, 0xD5, 0x65, 0x89, 0xE8, 0x83, 0x90,
    0x80, 0x4E, 0x3C, 0xFF, 0xE7, 0x92, 0x4C, 0x6F, 0x8E, 0x0E, 0xE8, 0x27, 0x42, 0xEF, 0x78, 0x5D,
    0xB9, 0x92, 0xA0, 0x44, 0x0C, 0x93, 0xE9, 0x1C, 0xF7, 0xE9, 0x5C, 0x2C, 0x29, 0x90, 0xA6, 0x23,
    0xF1, 0x2E, 0x51, 0x6F, 0xDB, 0x86, 0xD0, 0x68, 0xCC, 0x1D, 0xB5, 0x12, 0xC7, 0x0F, 0x4B, 0x29,
    0xA4, 0xD4, 0x5E, 0x61, 0x9A, 0x7A, 0x63, 0x75, 0xDB, 0x1B, 0xD9, 0x6D, 0x0D, 0x35, 0xFC, 0x6B,
    0x9B, 0xE4, 0xBF, 0x50, 0xAF, 0xB7, 0x1E, 0xBD, 0xA4, 0x38, 0x44, 0xF2, 0xF3, 0x6E, 0x22, 0x97,
    0xB5, 0xF1, 0xC3, 0x6E, 0x26, 0x69, 0x4B, 0x63, 0xDE, 0x67, 0x8D, 0xA6, 0x42, 0x74, 0x6C, 0x24,
    0xA7, 0xF2, 0x5C, 0xB7, 0x6A, 0x80, 0x2B, 0x78, 0x4A, 0x61, 0x87, 0xB4, 0x31, 0xEF, 0xF2, 0x4D,
    0x50, 0xD8, 0x9E, 0x59, 0x47, 0x0E, 0xD1, 0x62, 0x98, 0x0D, 0x5A, 0xFD, 0x0E, 0x0C, 0x8E, 0x6C,
    0x3D, 0x69, 0xFD, 0xD4, 0x1B, 0xDD, 0x8C, 0xE0, 0xD1, 0x4C, 0x1A, 0x9D, 0x20, 0xA9, 0x86, 0x54,
    0x50, 0xC7, 0x0D, 0x1E, 0x75, 0x29, 0x32, 0x73, 0xB0, 0x8F, 0x1E, 0x6D, 0xD9, 0xF7, 0x68, 0xD3,
    0x71, 0x71, 0x04, 0xD0, 0xFD, 0x31, 0x16, 0x12, 0x17, 0x1F, 0x5F, 0x7D, 0x34, 0x04, 0x58, 0xF0,
    0x9F, 0x01, 0xC3, 0x96, 0x08, 0x4F, 0xA4, 0xD0, 0x36, 0x39, 0xA5, 0x36, 0x73, 0x90, 0xE5, 0xC2,
    0xB9, 0x16, 0x0E, 0x4C, 0x08, 0x5E, 0xF5, 0xF8, 0xFB, 0x32, 0x10, 0xBC, 0xF2, 0x4D, 0x00, 0xC0,
    0x2B, 0xDB, 0xC8, 0x65, 0xF8, 0x4F, 0x55, 0x4A, 0x8B, 0x21, 0x7B, 0xBD, 0xCF, 0x1A, 0xE5, 0xD7,
    0xF1, 0x97, 0xF7, 0x99, 0xA8, 0x88, 0x34, 0x59, 0xA2, 0x06, 0xE8, 0x22, 0xD5, 0x81, 0xA2, 0xA7,
    0xBA, 0x49, 0xA9, 0xAA, 0xE1, 0x0E, 0x5F, 0x8B, 0xEE, 0x85, 0x53, 0xD1, 0x7B, 0x64, 0xF5, 0xAA,
    0xC7, 0xEB, 0x19, 0x8F, 0x24, 0xF0, 0xEE, 0x8F, 0x7A, 0x22, 0x59, 0x9D, 0x57, 0xC0, 0x40, 0x12,
    0x3F, 0x5B, 0x02, 0x33, 0x4F, 0xE4, 0xEC, 0x6E, 0xA0, 0x98, 0x9D, 0xDD, 0x0D, 0xA0, 0x00, 0xEE,
    0x86, 0x10, 0x4C, 0x4C, 0x57, 0x7F, 0x72, 0xEC, 0x42, 0xAF, 0xA0, 0x4D, 0x2E, 0x58, 0x52, 0x43,
    0x60, 0x54, 0x4E, 0x84, 0xA7, 0xBB, 0xEE, 0x55, 0xE5, 0x3C, 0x4E, 0x40, 0xEE, 0xC4, 0xCC, 0xE2,
    0xF5, 0xF8, 0x55, 0x58, 0x26, 0xB0, 0x60, 0xCC, 0xF7, 0x6A, 0xC6, 0x74, 0x98, 0xE0, 0x1B, 0x82,
    0x2D, 0x5B, 0x33, 0xE9, 0x6B, 0x58, 0x56, 0xC1, 0xA4, 0xF4, 0xA9, 0xE1, 0xEE, 0x7D, 0x4F, 0x51,
    0x66, 0x46, 0xF7, 0xB0, 0x95, 0x78, 0x19, 0x28, 0x2C, 0xF7, 0x63, 0x73, 0x60, 0x53, 0x0E, 0x5A,
    0x35, 0xED, 0x5F, 0x8F, 0xBE, 0xD1, 0x01, 0xE1, 0xA5, 0x1D, 0x2C, 0x6B, 0x61, 0xF7, 0x75, 0xEA,
    0xD0, 0x7B, 0x74, 0x62, 0x99, 0x5F, 0xCB, 0x3A, 0x2B, 0xD1, 0x50, 0xFA, 0x7A, 0x04, 0x22, 0x22,
    0x5B, 0x14, 0x4F, 0x26, 0xFB, 0x17, 0xF9, 0xD7, 0x11, 0x20, 0x20, 0x35, 0x96, 0x19, 0x0B, 0xC6,
    0xE4, 0xBA, 0xD9, 0xD2, 0xD7, 0x1A, 0xFA, 0x32, 0x55, 0xA6, 0xC7, 0x8A, 0x63, 0xFC, 0xC0, 0xD2,
    0x6E, 0x65, 0x7B, 0xB0, 0xA5, 0x32, 0x81, 0x4D, 0x2C, 0x2E, 0x32, 0xC3, 0x34, 0x21, 0xC8, 0x45,
    0xAA, 0x8F, 0xA3, 0x1E, 0xC1, 0x32, 0xF1, 0x28, 0x26, 0x4C, 0xF4, 0x62, 0x61, 0x26, 0x5E, 0x56,
    0x2A, 0x5B, 0xB0, 0x35, 0x60, 0x05, 0x25, 0x2B, 0x17, 0xE6, 0x67, 0xA9, 0x6E, 0x1D, 0x13, 0xC3,
    0x9C, 0x7F, 0x2F, 0xF7, 0x68, 0xF2, 0x3D, 0x6A, 0xF2, 0xFC, 0x72, 0x3F, 0x3E, 0x31, 0x89, 0x5A,
    0x0A, 0xE0, 0x2A, 0xD7, 0x49, 0x4C, 0xDF, 0xD6, 0xB0, 0x10, 0x66, 0x6D, 0xA1, 0xA8, 0x10, 0xDC,
    0x4A, 0x7F, 0xBA, 0x33, 0xA5, 0x35, 0x2D, 0x3F, 0x86, 0xF8, 0x50, 0x2B, 0x15, 0xA5, 0x13, 0xA5,
    0x96, 0xBE, 0x35, 0xAC, 0xB6, 0xC9, 0x10, 0x49, 0x0A, 0x5D, 0x4A, 0x47, 0x64, 0x94, 0xC1, 0x39,
    0xE2, 0xB9, 0x3C, 0xE3, 0x29, 0x06, 0xDC, 0xBD, 0x46, 0xA4, 0xDE, 0x58, 0xEC, 0xE7, 0x6D, 0x00,
    0xDA, 0xC1, 0x95, 0x5B, 0x43, 0x75, 0xAC, 0xF8, 0x8C, 0xFF, 0xAB, 0xC1, 0x3B, 0x70, 0x8B, 0x99,
    0xD4, 0x73, 0x80, 0x1C, 0x79, 0x53, 0x34, 0x28, 0x17, 0xA6, 0x81, 0xAB, 0xD8, 0x62, 0x2E, 0xD9,
    0xA0, 0x37, 0x9F, 0x71, 0x47, 0xBF, 0x93, 0xF7, 0xBC, 0x37, 0xB2, 0xF1, 0xE0, 0xD7, 0x1B, 0x97,
    0x78, 0x06, 0xCA, 0xAF, 0xFF, 0xE5, 0xD2, 0x49, 0xC2, 0x09, 0x40, 0x0E, 0x00, 0x3A, 0x75, 0xDC,
    0x4F, 0x6F, 0xB8, 0x5B, 0xBF, 0x8E, 0xB8, 0x06, 0x52, 0x69, 0xDF, 0x05, 0xE9, 0x72, 0x8E, 0xA3,
    0xF3, 0x3A, 0x62, 0x56, 0xE6, 0xCF, 0x4E, 0xA5, 0xF3, 0x81, 0x32, 0x87, 0x95, 0x0A, 0x6C, 0xF0,
    0x8C, 0xFC, 0xEC, 0x4B, 0xF8, 0x8D, 0x71, 0x17, 0xC2, 0x96, 0x72, 0x5B, 0x67, 0x8B, 0xE2, 0x44,
    0x5E, 0xBA, 0x74, 0x92, 0x35, 0x84, 0x5E, 0x30, 0x8A, 0x19, 0x6B, 0x9A, 0x83, 0x9E, 0x0D, 0x41,
    0x86, 0xC0, 0x43, 0xE3, 0x47, 0x1D, 0x56, 0xA8, 0xE5, 0x9A, 0x8D, 0xDE, 0x9F, 0x8D, 0x50, 0xA6,
    0x17, 0xF0, 0x2E, 0x8B, 0x2A, 0x91, 0x29, 0xF1, 0xC8, 0x6B, 0xEC, 0x12, 0xB0, 0xA0, 0x3C, 0x43,
    0x66, 0x38, 0x7B, 0xF0, 0xE8, 0x95, 0xC4, 0x82, 0xF8, 0xEE, 0xE6, 0x92, 0x2D, 0x6D, 0xEF, 0x59,
    0x2B, 0x12, 0x6B, 0x9F, 0x16, 0x4A, 0x49, 0x3C, 0x56, 0xAA, 0x5F, 0x79, 0x8F, 0xAA, 0x88, 0x9B,
    0x97, 0x2E, 0x79, 0x89, 0xCA, 0x61, 0xF0, 0x0D, 0x9D, 0x53, 0x27, 0xCB, 0x7A, 0xA1, 0x64, 0x55,
    0xED, 0xE8, 0x1C, 0x8B, 0x53, 0xBF, 0xC7, 0x67, 0x22, 0x78, 0x6E, 0xF7, 0xDC, 0xD3, 0x44, 0xFC,
    0x49, 0xD5, 0x57, 0x7F, 0x4B, 0xD1, 0x48, 0x32, 0xCD, 0x58, 0xA4, 0xDA, 0xF2, 0x4C, 0xD0, 0x30,
    0xDB, 0xA1, 0xF4, 0x75, 0x9D, 0x41, 0xCF, 0xE0, 0x5A, 0xB9, 0x1B, 0x42, 0xA9, 0x6C, 0x02, 0x58,
    0x56, 0x39, 0x30, 0x7F, 0x40, 0x1D, 0xA9, 0x53, 0x20, 0x78, 0xE1, 0x17, 0x22, 0xDE, 0x30, 0x04,
    0xC7, 0x98, 0x61, 0x44, 0xB1, 0x02, 0x72, 0xC9, 0x4D, 0xA7, 0x98, 0xB1, 0x8D, 0xA7, 0xF0, 0x2C,
    0x7C, 0xFF, 0x86, 0x25, 0x21, 0x55, 0x62, 0x45, 0x26, 0xB7, 0x4E, 0xEF, 0x90, 0x72, 0x22, 0x45,
    0xB6, 0xC1, 0xD5, 0xA2, 0x41, 0x78, 0x45, 0xB1, 0x5A, 0x22, 0x84, 0xC3, 0x53, 0x05, 0xE9, 0xD3,
    0x2A, 0x2F, 0xD1, 0xB3, 0x7B, 0xF4, 0x40, 0xE5, 0xCE, 0x71, 0xF4, 0x8D, 0xA9, 0xF0, 0x02, 0x55,
    0x71, 0xDD, 0xD2, 0x37, 0xF9, 0x54, 0x32, 0xDF, 0x29, 0x8F, 0x6F, 0x62, 0x99, 0x7B, 0x36, 0xD2,
    0x87, 0x4F, 0x43, 0xEB, 0x5B, 0x2A, 0xE2, 0x79, 0x73, 0x0B, 0xA0, 0xB9, 0x30, 0xDF, 0x98, 0x48,
    0x9D, 0xF7, 0x00, 0xAF, 0x60, 0x36, 0xE3, 0x78, 0x2D, 0xD8, 0x99, 0xEB, 0x86, 0x41, 0xFA, 0x24,
    0x0C, 0xCF, 0x7A, 0x1D, 0x5B, 0x3D, 0xEA, 0xA9, 0x58, 0x94, 0x88, 0xF3, 0x39, 0xAA, 0xD6, 0x16,
    0x6D, 0x0A, 0xC1, 0xA5, 0xB4, 0xAF, 0x56, 0x1F, 0x91, 0x37, 0xBC, 0x26, 0x85, 0xAE, 0xE0, 0x4B,
    0x87, 0x6F, 0x49, 0x9B, 0xB0, 0xBD, 0xF2, 0x61, 0xBE, 0xEA, 0xF5, 0xE4, 0xC0, 0x1E, 0x9C, 0x3C,
    0x86, 0xF3, 0xDC, 0x66, 0xF7, 0xAD, 0xD0, 0xA5, 0xEA, 0xA9, 0xA0, 0xC6, 0x44, 0xA7, 0x77, 0x95,
    0xB5, 0x0B, 0x0B, 0x89, 0x00, 0x8C, 0xC7, 0x90, 0xB3, 0x0A, 0x00, 0x9C, 0x08, 0x5E, 0xCB, 0xEC,
    0x72, 0x9F, 0xF6, 0x8B, 0xD1, 0xA7, 0xE8, 0xF6, 0x0E, 0x51, 0x34, 0xFF, 0x5D, 0x4F, 0x36, 0x8C,
    0x01, 0xA9, 0x6C, 0x92, 0xE3, 0x97, 0x6D, 0xB5, 0x59, 0x57, 0x64, 0xA3, 0x2D, 0x4D, 0xFB, 0x66,
    0xF3, 0xA4, 0x6A, 0x9D, 0x5F, 0x90, 0xF2, 0x6B, 0x8E, 0x13, 0xF0, 0x8B, 0xD9, 0x34, 0xA7, 0x66,
    0xA7, 0x1B, 0x52, 0xBC, 0x39, 0x0D, 0x4B, 0x46, 0x9F, 0x02, 0xB2, 0xBE, 0xEA, 0xD1, 0xA1, 0x57,
    0xE5, 0x79, 0xFD, 0x03, 0xF2, 0xB1, 0xAF, 0xC9, 0xE8, 0xDE, 0xF1, 0xBD, 0x9B, 0x30, 0x6F, 0xA2,
    0x7F, 0x8E, 0xA1, 0xE1, 0xBF, 0x5B, 0xCA, 0xF5, 0x21, 0x58, 0x7F, 0x0B, 0x18, 0x5D, 0x80, 0x24,
    0xA4, 0x9D, 0x23, 0x0E, 0xB6, 0x19, 0x10, 0x8F, 0x86, 0x99, 0x66, 0x5B, 0x06, 0x50, 0xF1, 0x48,
    0x4F, 0xD7, 0x40, 0x24, 0x63, 0x3C, 0x0C, 0x3C, 0x7C, 0x09, 0x44, 0x21, 0xC7, 0x96, 0xE1, 0xF7,
    0x92, 0x8D, 0xBE, 0xDA, 0x12, 0x6B, 0x8F, 0x64, 0x3C, 0xCB, 0xE7, 0x75, 0x6F, 0xB8, 0x5F, 0x80,
    0x91, 0x89, 0xB7, 0xE4, 0xD5, 0xF3, 0x5A, 0x4F, 0x82, 0x3C, 0x73, 0xF4, 0x0A, 0x95, 0xFA, 0x3A,
    0x08, 0xAA, 0x5A, 0xAD, 0xAA, 0xDE, 0x07, 0x17, 0x81, 0xD0, 0xC2, 0x99, 0x2B, 0x45, 0x72, 0x5D,
    0x36, 0x8A, 0xFA, 0x7F, 0x1B, 0xB5, 0x95, 0x75, 0xBC, 0x07, 0x95, 0x47, 0xBC, 0x2F, 0x61, 0x7C,
    0x97, 0xC1, 0x8D, 0x70, 0xC3, 0xF7, 0x71, 0xA3, 0xD4, 0x64, 0xB7, 0x45, 0x78, 0x6E, 0x6C, 0x4D,
    0xF5, 0xAC, 0x19, 0x5A, 0x1A, 0x50, 0xB7, 0x16, 0xA8, 0x81, 0x96, 0xDB, 0x37, 0xA8, 0x77, 0x13,
    0x37, 0x9C, 0x06, 0xA3, 0x72, 0xA4, 0x51, 0xAB, 0xB7, 0x84, 0x96, 0xA1, 0x45, 0xD5, 0x2A, 0x48,
    0xB2, 0x13, 0xEB, 0xE4, 0x02, 0x23, 0xCF, 0x99, 0xD7, 0x1D, 0xA2, 0x79, 0x7E, 0x49, 0x48, 0xF3,
    0x57, 0xD0, 0x1F, 0xE0, 0x9B, 0x5A, 0xBF, 0x12, 0x07, 0x19, 0x56, 0x2B, 0xF3, 0xDE, 0xD7, 0x11,
    0x57, 0x47, 0xE0, 0x41, 0xFD, 0x46, 0xB7, 0x18, 0x7F, 0xEC, 0x01, 0x8C, 0x19, 0x74, 0x1A, 0xDB,
    0xB6, 0x23, 0x99, 0x04, 0x5B, 0x48, 0x5A, 0x68, 0xE1, 0xF9, 0x02, 0x96, 0x7C, 0x95, 0x3C, 0x7E,
    0x4D, 0x9A, 0x33, 0x28, 0x1A, 0x31, 0x84, 0x00, 0xE5, 0x37, 0x27, 0xA4, 0x1C, 0xE4, 0x2F, 0x7C,
    0xCC, 0x93, 0x4D, 0x6A, 0x68, 0x09, 0xE5, 0x6B, 0xDE, 0x60, 0x63, 0x1E, 0xAB, 0xC6, 0xBB, 0x65,
    0x9D, 0x2C, 0xFA, 0xB4, 0x21, 0x20, 0x6D, 0x90, 0x6E, 0xD3, 0x6A, 0x51, 0xEC, 0x20, 0x85, 0x50,
    0x47, 0x36, 0x28, 0x91, 0x62, 0xCA, 0xE4, 0x1F, 0x9E, 0x96, 0x2A, 0x59, 0xEF, 0x24, 0x64, 0xE9,
    0xD3, 0xF9, 0xC9, 0x50, 0x99, 0x54, 0xAE, 0x8D, 0x9F, 0x09, 0x62, 0x31, 0xFC, 0x11, 0xDA, 0xA2,
    0xF8, 0x5E, 0x92, 0x9A, 0x79, 0x4B, 0x71, 0xA6, 0x92, 0xC6, 0x4F, 0xFE, 0xD6, 0x9C, 0x98, 0x58,
    0x83, 0xBA, 0x43, 0x2B, 0xCB, 0xA1, 0x1C, 0xBD, 0x84, 0x8E, 0xB2, 0x44, 0x27, 0xEF, 0x1F, 0x04,
    0xC1, 0xAF, 0x59, 0x2F, 0x1D, 0x00, 0xCA, 0xE5, 0xC9, 0xEC, 0x18, 0x3F, 0xBA, 0x1A, 0x76, 0x29,
    0xBF, 0xFF, 0x38, 0xB2, 0xCD, 0x90, 0x1E, 0x5A, 0x13, 0x5A, 0x2A, 0x1D, 0xFC, 0xCB, 0x5C, 0x7A,
    0xD4, 0x59, 0xBE, 0xE0, 0x00, 0xD4, 0xA9, 0x7D, 0x68, 0xA4, 0xC5, 0x78, 0x17, 0xD7, 0x14, 0x9B,
    0xF8, 0x9C, 0xDD, 0xFE, 0x81, 0x15, 0xFE, 0x12, 0x03, 0x54, 0x4A, 0xA8, 0xFD, 0xEF, 0xC6, 0xDF,
    0x34, 0xBA, 0x24, 0x8E, 0x23, 0xA2, 0xE8, 0x2C, 0x6F, 0xF8, 0x22, 0x79, 0xD3, 0xA6, 0x9B, 0x2B,
    0x69, 0x33, 0x6A, 0x6A, 0x77, 0x43, 0x47, 0x45, 0xCE, 0x49, 0xD0, 0xDC, 0xCC, 0x41, 0xE9, 0x41,
    0x3C, 0x8F, 0x17, 0xBE, 0xCB, 0x47, 0xD5, 0x77, 0x89, 0xD7, 0xA5, 0xD2, 0x22, 0xEC, 0xC0, 0xD4,
    0xD6, 0x6D, 0xA3, 0x9D, 0x46, 0xDF, 0x01, 0x5F, 0xA3, 0xBE, 0xF3, 0x4C, 0x61, 0x7B, 0xD6, 0xE1,
    0xBA, 0x26, 0x88, 0xC9, 0xB5, 0x5A, 0x7D, 0xE8, 0x9A, 0xBC, 0xBF, 0xE8, 0xB2, 0x4A, 0xB7, 0x0E,
    0xA1, 0xBA, 0xD3, 0xAA, 0x75, 0x87, 0x10, 0x4A, 0x29, 0x97, 0x37, 0xA5, 0x90, 0x72, 0xF5, 0xAE,
    0x4C, 0xA4, 0x48, 0x6F, 0x73, 0x92, 0x94, 0x70, 0xEE, 0x29, 0x39, 0x06, 0x38, 0x60, 0x15, 0x62,
    0x40, 0x8F, 0xFB, 0x23, 0xD7, 0x29, 0x74, 0x6C, 0xE7, 0x6A, 0x0C, 0xAA, 0xA9, 0x8A, 0x5C, 0x2B,
    0xFB, 0x6D, 0x6D, 0x86, 0x70, 0xBD, 0xE7, 0xE7, 0xBE, 0x72, 0x39, 0xE6, 0xE1, 0x44, 0x9E, 0xB3,
    0x84, 0xF5, 0xE7, 0x8D, 0x59, 0xD6, 0xCE, 0x2B, 0xD3, 0xE6, 0x08, 0x8E, 0xC9, 0x44, 0x48, 0xF0,
    0x9B, 0x29, 0x53, 0x33, 0xA3, 0x21, 0xEA, 0x01, 0x06, 0xA2, 0xA9, 0x22, 0xBC, 0x6C, 0xD4, 0xA0,
    0x48, 0x85, 0xFD, 0xCB, 0x49, 0xDF, 0x20, 0x1E, 0x86, 0x7A, 0xD9, 0x6B, 0xEF, 0x56, 0xD9, 0xBF,
    0x2B, 0xDB, 0x84, 0xD7, 0xC9, 0x4B, 0xD3, 0xF3, 0x04, 0x75, 0x05, 0x7A, 0x4A, 0xD4, 0x07, 0x23,
    0x6C, 0xA8, 0xBE, 0xD8, 0xE1, 0xA2, 0xCD, 0x1A, 0x72, 0x0E, 0x79, 0x71, 0xFD, 0x0A, 0x52, 0xA1,
    0xA4, 0x48, 0x61, 0x96, 0x11, 0xA5, 0xE1, 0x78, 0x52, 0x81, 0xB3, 0x9A, 0x1D, 0xA1, 0xD5, 0x7E,
    0x25, 0x41, 0x59, 0x89, 0xB3, 0x96, 0xB4, 0xB7, 0x1D, 0x75, 0x41, 0xFA, 0x00, 0xB4, 0x76, 0x8A,
    0xCA, 0xD8, 0xEF, 0x88, 0x47, 0x4E, 0x6D, 0x3F, 0x07, 0x1D, 0xCE, 0x38, 0x19, 0x3B, 0x4F, 0x78,
    0x8F, 0x65, 0xE5, 0xAD, 0xD2, 0xBC, 0xE1, 0xF5, 0x6B, 0x6D, 0x48, 0xF4, 0x6A, 0x4E, 0xF0, 0x6A,
    0xEA, 0x1C, 0xC2, 0xA5, 0xA6, 0x8B, 0xB3, 0xD2, 0x26, 0xD7, 0xB7, 0x17, 0xF3, 0xD6, 0xF4, 0x1C,
    0xFA, 0x0F, 0x1E, 0xA7, 0x7C, 0x5D, 0xDC, 0x3D, 0x3C, 0xE2, 0xC0, 0x48, 0x12, 0xB4, 0x5F, 0x3E,
    0x27, 0x85, 0x6E, 0xD0, 0xA1, 0x13, 0x01, 0x47, 0xED, 0x2B, 0x7C, 0xEA, 0x3C, 0x98, 0x56, 0x09,
    0x52, 0xCC, 0xB8, 0xF1, 0x02, 0xD0, 0x41, 0xCB, 0x9C, 0x4A, 0xB7, 0x05, 0xBD, 0x1C, 0x51, 0xA9,
    0x34, 0x40, 0x2D, 0x5D, 0x3E, 0x52, 0x36, 0xF8, 0x00, 0x06, 0xB8, 0x7D, 0x36, 0x1F, 0x61, 0x5A,
    0xC1, 0x2F, 0xCF, 0x86, 0xE9, 0xBD, 0x61, 0x5A, 0x27, 0xF1, 0x40, 0xB2, 0x56, 0x93, 0x1F, 0x1B,
    0xED, 0x31, 0x05, 0x25, 0x8D, 0x47, 0x34, 0xBD, 0x77, 0xE7, 0xD5, 0xFE, 0x2F, 0x9C, 0x6D, 0xBC,
    0x56, 0x75, 0x1E, 0x5D, 0x2E, 0xF7, 0x76, 0xC0, 0x90, 0x72, 0x1F, 0xB1, 0x47, 0x1D, 0x76, 0x34,
    0xF3, 0xAD, 0xA6, 0xFC, 0x0D, 0x8E, 0xEC, 0x36, 0xA1, 0xB4, 0x6E, 0x63, 0xE8, 0x17, 0xC5, 0xB6,
    0x64, 0x64, 0x81, 0x9B, 0x82, 0xF0, 0x96, 0x79, 0x58, 0x32, 0x41, 0xCB, 0xE7, 0xB0, 0x24, 0x18,
    0x13, 0x63, 0x2A, 0xD1, 0x6B, 0x62, 0xE0, 0xA1, 0x43, 0x0C, 0x7D, 0xC1, 0x40, 0x95, 0xC5, 0xB1,
    0x41, 0xD9, 0x6C, 0xCF, 0xCE, 0x29, 0x93, 0x1F, 0x07, 0x87, 0xDC, 0x1E, 0x1C, 0x08, 0xD4, 0x31,
    0x40, 0x1D, 0xFE, 0xD3, 0xFD, 0x88, 0xC7, 0x8D, 0x06, 0x54, 0xC0, 0x81, 0x06, 0xA0, 0x48, 0x8F,
    0x3D, 0xA2, 0x8C, 0x50, 0x9D, 0xB7, 0x04, 0x9B, 0xBF, 0x03, 0x98, 0x13, 0x48, 0xCE, 0xAC, 0xBF,
    0x74, 0xB9, 0xD7, 0x77, 0x81, 0x74, 0x79, 0x24, 0xAA, 0x0B, 0xC1, 0x97, 0x00, 0xDB, 0x24, 0x1B,
    0x16, 0xB6, 0x71, 0x2B, 0x96, 0xEE, 0xC7, 0x69, 0x0D, 0x44, 0xD3, 0x81, 0x55, 0x1E, 0x02, 0x1B,
    0x27, 0x7C, 0x5E, 0xF7, 0x36, 0x18, 0xAC, 0x53, 0x94, 0xF2, 0x44, 0x9E, 0xD2, 0x65, 0xF8, 0x2F,
    0x27, 0xCD, 0x81, 0x89, 0x56, 0x6C, 0x21, 0x25, 0xF3, 0xD1, 0x3F, 0xB5, 0x66, 0x6B, 0x56, 0x26,
    0xFF, 0x0F, 0xA1, 0x1C, 0x45, 0x39, 0x0F, 0x5B, 0x3A, 0x3F, 0x6A, 0xA6, 0x50, 0x32, 0xE3, 0x46,
    0xE8, 0x9E, 0x61, 0x47, 0x37, 0x62, 0xB4, 0x7F, 0x1C, 0x43, 0x24, 0xFB, 0xCD, 0x35, 0x69, 0xCF,
    0xD6, 0x2D, 0x47, 0x94, 0xF0, 0x0D, 0x49, 0x1C, 0x3B, 0x7E, 0x3E, 0x86, 0x55, 0x24, 0x7B, 0xC3,
    0x8B, 0x59, 0x49, 0x50, 0x09, 0xC1, 0x00, 0x31, 0x3E, 0xA1, 0xEC, 0x9A, 0xBB, 0x46, 0xFB, 0xEB,
    0xC2, 0x97, 0x50, 0x97, 0x68, 0x4E, 0x23, 0xEB, 0x64, 0x2C, 0x4D, 0x62, 0xB4, 0x30, 0x48, 0x3E,
    0xC5, 0x38, 0x74, 0xF3, 0x67, 0xA3, 0x64, 0x0B, 0xA7, 0x78, 0xC9, 0xBD, 0x26, 0x57, 0x92, 0x88,
    0x0E, 0xDF, 0x39, 0x8D, 0x97, 0x55, 0x31, 0x3F, 0x7A, 0x25, 0x96, 0x17, 0xE7, 0xB5, 0x52, 0x74,
    0xCD, 0x04, 0xDF, 0xAB, 0x9F, 0x49, 0x3E, 0x98, 0x27, 0x51, 0xA9, 0x7A, 0x17, 0x53, 0x60, 0x80,
    0x56, 0x4D, 0xBE, 0xC1, 0xEB, 0x8B, 0x2F, 0x57, 0x90, 0x20, 0x95, 0xD5, 0x47, 0x90, 0x9C, 0x1D,
    0x54, 0x89, 0xB6, 0x8E, 0x03, 0x3F, 0x4E, 0xB2, 0xDB, 0x3D, 0x26, 0x0A, 0x58, 0x7C, 0xF7, 0x65,
    0xF0, 0xFC, 0x20, 0xD5, 0xB8, 0x06, 0xE9, 0xA1, 0xFE, 0xFC, 0xBF, 0x63, 0x47, 0x5E, 0xED, 0x3B,
    0x83, 0xD3, 0x26, 0x6C, 0xCE, 0xFA, 0x84, 0xC3, 0x71, 0x5D, 0xC4, 0xCD, 0x88, 0x12, 0x6E, 0x18,
    0xA3, 0x52, 0x31, 0x48, 0xA5, 0xF6, 0x38, 0x26, 0xB7, 0xB6, 0x44, 0x0F, 0x47, 0x18, 0xB2, 0x5A,
    0xA5, 0x84, 0xF2, 0xD5, 0xD2, 0x8A, 0x4E, 0x0B, 0x2B, 0x6F, 0xE5, 0x19, 0x57, 0x3D, 0x4F, 0x9D,
    0xD9, 0xAB, 0x85, 0x1A, 0xE6, 0xAF, 0xE5, 0x5E, 0xB4, 0x6D, 0x2A, 0x77, 0x02, 0xEB, 0x61, 0x0E,
    0x48, 0xE9, 0x9B, 0x62, 0x9E, 0xF9, 0xEF, 0x83, 0xC7, 0xA1, 0x25, 0x81, 0xF5, 0x30, 0x7D, 0x02,
    0x4F, 0x27, 0x8D, 0xFE, 0x81, 0xA8, 0x87, 0xB3, 0xFB, 0xD1, 0xC3, 0x04, 0xE6, 0x4F, 0x13, 0xB3,
    0x7F, 0x94, 0xF1, 0xB6, 0x66, 0x83, 0x80, 0xFC, 0xDB, 0xC0, 0x50, 0x9F, 0xDD, 0x74, 0x5B, 0x69,
    0x4B, 0x5F, 0x2E, 0xC4, 0x9D, 0xAF, 0xB0, 0xB4, 0xC3, 0xA8, 0xC3, 0x5D, 0x33, 0x1F, 0xF2, 0x1A,
    0x66, 0xB3, 0x7F, 0xF0, 0xCE, 0x94, 0xC2, 0x58, 0x02, 0x1B, 0x1C, 0x4B, 0x9A, 0x97, 0x8E, 0x21,
    0x5D, 0x77, 0xBC, 0xBA, 0xBE, 0x88, 0x20, 0x53, 0xA9, 0x30, 0x06, 0xA5, 0x8B, 0x22, 0x40, 0xE7,
    0xC1, 0xD6, 0xB0, 0x5D, 0x1B, 0x13, 0x4F, 0x04, 0x5F, 0xE3, 0xB5, 0x0D, 0x56, 0x20, 0x84, 0xC3,
    0xCA, 0xCF, 0x79, 0x4B, 0xFA, 0x69, 0xBB, 0x37, 0x4B, 0x13, 0x9F, 0xA6, 0x3E, 0x4F, 0x7D, 0xA2,
    0xFA, 0x4C, 0xF5, 0xA9, 0xEA, 0x73, 0xD5, 0x27, 0xAB, 0xCF, 0x56, 0x9F, 0xAE, 0x3E, 0x5F, 0x7D,
    0xC2, 0xFA, 0x8C, 0xF5, 0x29, 0xEB, 0x73, 0x96, 0xE1, 0x0E, 0xAB, 0x8D, 0x6D, 0x76, 0xF2, 0xBD,
    0x13, 0x9F, 0xB9, 0x3E, 0x75, 0x7D, 0xBC, 0xFB, 0x80, 0xF7, 0xD9, 0x1B, 0xA7, 0x2F, 0xDB, 0x72,
    0x14, 0x51, 0x78, 0x5D, 0x94, 0xC9, 0xF3, 0x3D, 0xDF, 0xB6, 0x6C, 0x48, 0x2A, 0xCE, 0x78, 0x98,
    0x3A, 0x27, 0x66, 0x54, 0x0E, 0x06, 0x35, 0xD8, 0xDE, 0x65, 0x6E, 0xFB, 0xE4, 0xF6, 0xD9, 0xED,
    0xD3, 0xDB, 0xE7, 0xB7, 0x4F, 0x70, 0xE6, 0x76, 0x64, 0xCC, 0x71, 0x9F, 0xE4, 0x3E, 0xCB, 0x7D,
    0x9A, 0xFB, 0x3C, 0x67, 0xA2, 0xF3, 0x62, 0xC7, 0xDF, 0xBD, 0x3A, 0x3C, 0x25, 0x80, 0xDB, 0x30,
    0xE1, 0x7D, 0xC6, 0x1F, 0x88, 0x20, 0xEB, 0x7D, 0xF5, 0x3A, 0xDC, 0x80, 0xB0, 0xF1, 0x50, 0xA3,
    0xBF, 0x67, 0xF7, 0x71, 0x2C, 0x1E, 0x42, 0x5E, 0x75, 0xBD, 0xB0, 0x00, 0x7C, 0xA4, 0x95, 0xA5,
    0xEF, 0x5B, 0xF6, 0x3E, 0x99, 0x0D, 0x67, 0xC3, 0xF0, 0x05, 0xD9, 0x0D, 0xEB, 0x5C, 0x69, 0x92,
    0x77, 0x58, 0x63, 0x92, 0x3C, 0x2B, 0x16, 0xCB, 0x61, 0xD3, 0xDB, 0x7B, 0xF5, 0xDE, 0x0C, 0x9A,
    0x7C, 0xE2, 0x96, 0xED, 0x4A, 0x8D, 0x86, 0xFA, 0x9E, 0x68, 0x9D, 0xB3, 0x48, 0xA3, 0x16, 0x5B,
    0xB5, 0xB9, 0x86, 0x44, 0x83, 0x03, 0xEE, 0x2F, 0x36, 0xA9, 0xBF, 0xB4, 0x57, 0x9B, 0x3C, 0x7A,
    0x85, 0x83, 0x6B, 0x29, 0x8F, 0x4A, 0x95, 0x6C, 0xA3, 0xF1, 0xA1, 0x01, 0x26, 0x21, 0x37, 0x32,
    0x93, 0x2A, 0x6F, 0x17, 0xB2, 0xC9, 0x47, 0x38, 0xA1, 0xD4, 0xAC, 0xC1, 0x77, 0xA4, 0x98, 0x7C,
    0xFF, 0xA9, 0x7B, 0x94, 0x83, 0x11, 0x1A, 0xB8, 0x6A, 0xFB, 0x3F, 0xFC, 0x14, 0xBC, 0x21, 0xE4,
    0x20, 0xFF, 0xFA, 0xB0, 0xBC, 0x88, 0x6F, 0xDB, 0xAD, 0x31, 0x5A, 0xC5, 0x33, 0xB7, 0x77, 0x13,
    0xE5, 0xC9, 0xBB, 0x89, 0x39, 0xF2, 0x12, 0x73, 0xE4, 0x07, 0x7C, 0x9B, 0xDB, 0x1C, 0xF9, 0x25,
    0xA4, 0x55, 0xD2, 0xEC, 0x9F, 0xA1, 0x3B, 0xC1, 0xBC, 0x7A, 0x40, 0x08, 0x52, 0xA2, 0xAF, 0x67,
    0xCF, 0x30, 0xF3, 0x73, 0x55, 0x1F, 0xB9, 0x92, 0xF8, 0xB5, 0xDE, 0xFA, 0x63, 0xE9, 0x62, 0x8F,
    0xBF, 0x45, 0xBF, 0xAC, 0x1F, 0x07, 0xC0, 0x50, 0x6D, 0xE7, 0xD5, 0x71, 0x38, 0x4F, 0xF1, 0x51,
    0xB0, 0x14, 0xEF, 0xFC, 0xD8, 0x18, 0xBC, 0x91, 0xF6, 0x9E, 0x3F, 0x6A, 0x3A, 0xD6, 0x4B, 0x81,
    0x5D, 0x5F, 0x7B, 0x23, 0x56, 0x7E, 0x6B, 0x63, 0xE5, 0xA5, 0xE9, 0xFC, 0xA9, 0x1F, 0xA1, 0x46,
    0x43, 0x47, 0x88, 0x67, 0xD5, 0x29, 0x02, 0x13, 0x67, 0xE0, 0x04, 0x60, 0xBD, 0x39, 0x12, 0xDF,
    0xAB, 0xF4, 0x44, 0x1B, 0xC5, 0x02, 0x77, 0x21, 0x18, 0x7C, 0x9F, 0x63, 0x4D, 0xA4, 0xAA, 0x94,
    0x27, 0x5D, 0x89, 0x3F, 0x60, 0x18, 0xB4, 0x41, 0xE2, 0x09, 0x4F, 0x6A, 0x7E, 0xF9, 0x82, 0xC6,
    0x86, 0x27, 0x25, 0x04, 0xE3, 0xF8, 0x74, 0x34, 0xE2, 0x35, 0x61, 0xC6, 0x22, 0xB7, 0xA3, 0xFC,
    0x30, 0x92, 0xB9, 0x3D, 0xD4, 0x5C, 0x8B, 0xAC, 0x7C, 0xC0, 0xAD, 0x99, 0x30, 0x6C, 0xF4, 0x0B,
    0xB8, 0xAD, 0xC5, 0x82, 0x9C, 0x7C, 0xAB, 0xCD, 0x40, 0x5E, 0xCA, 0x47, 0xD6, 0x24, 0x54, 0xBA,
    0x14, 0xA8, 0x29, 0xCD, 0xD8, 0xD5, 0xF8, 0x39, 0x0C, 0xD7, 0xA8, 0x33, 0x66, 0x6D, 0x0F, 0x86,
    0x47, 0x51, 0xE3, 0x7E, 0xB0, 0xFD, 0x2B, 0x47, 0x4A, 0x90, 0x3D, 0x35, 0x53, 0xEF, 0x2A, 0x9F,
    0xFF, 0xBA, 0xBF, 0x3C, 0x51, 0x5B, 0x64, 0xC0, 0x29, 0x3D, 0x1B, 0x6C, 0x4C, 0x02, 0x0A, 0xF7,
    0x87, 0xC2, 0x05, 0x3D, 0xC8, 0xDB, 0x79, 0x5C, 0x6E, 0x5D, 0xC5, 0x2D, 0xD5, 0xC7, 0x08, 0x8A,
    0xEF, 0x36, 0xDB, 0x5D, 0xB5, 0xC1, 0xBB, 0xF3, 0xE6, 0x88, 0x00, 0xAA, 0xE2, 0x72, 0xF7, 0x16,
    0x34, 0x15, 0x29, 0xF8, 0x86, 0x35, 0x94, 0x41, 0x78, 0x78, 0xF8, 0x11, 0xE1, 0x7C, 0x61, 0x86,
    0x4A, 0x0B, 0x3D, 0x63, 0x73, 0x45, 0xFF, 0x19, 0xAE, 0xBF, 0xAB, 0x04, 0x52, 0x28, 0x7D, 0x81,
    0xF0, 0x78, 0xC7, 0x6A, 0x56, 0x53, 0xAF, 0xFD, 0x6B, 0x94, 0xD4, 0x46, 0x3E, 0x2A, 0x3F, 0x3B,
    0x89, 0x7A, 0xC3, 0x12, 0x93, 0x16, 0x2E, 0xAA, 0xB3, 0x07, 0xC9, 0xC7, 0xCF, 0x44, 0x4D, 0xF5,
    0xE1, 0x30, 0x50, 0x62, 0xA8, 0xA4, 0x55, 0x52, 0x47, 0x4C, 0xCA, 0x71, 0x36, 0xAD, 0xB1, 0x27,
    0x30, 0x1F, 0x48, 0x1B, 0xB6, 0x67, 0x11, 0x7B, 0x30, 0x5B, 0x80, 0xB2, 0xD6, 0xDC, 0xD0, 0x6C,
    0xC6, 0xD0, 0x4C, 0xBC, 0xBF, 0xA2, 0xC2, 0xB4, 0xF0, 0xBD, 0x12, 0x72, 0x92, 0x87, 0xDC, 0x88,
    0x31, 0xDE, 0xC1, 0x97, 0xF0, 0xB8, 0x4B, 0xCC, 0x45, 0xE0, 0x72, 0xDB, 0x6D, 0x9E, 0x9F, 0x7A,
    0xFF, 0x7C, 0x83, 0xEF, 0x59, 0x31, 0x9D, 0xCC, 0x9A, 0xBC, 0x75, 0x05, 0x03, 0x90, 0x04, 0x2E,
    0x22, 0xC6, 0x2D, 0xAE, 0xF1, 0x5C, 0x5A, 0x5E, 0x01, 0x77, 0xD8, 0x90, 0xC0, 0xCF, 0x4B, 0xDB,
    0x9F, 0xF9, 0x03, 0x5E, 0xDB, 0x7F, 0x50, 0x89, 0x0F, 0xBA, 0x7F, 0x20, 0x08, 0x49, 0x74, 0x57,
    0xD9, 0x0F, 0xEB, 0xD9, 0x10, 0x16, 0x26, 0x99, 0xE1, 0x57, 0xB4, 0x63, 0x0E, 0xBE, 0xCD, 0x8A,
    0xEA, 0x85, 0xE6, 0xF4, 0xA5, 0x5B, 0xA5, 0xEB, 0xD1, 0x1C, 0x71, 0x63, 0x5E, 0xC6, 0xED, 0x64,
    0xCA, 0x67, 0xF2, 0x1E, 0xE3, 0xA9, 0x66, 0x6A, 0x6C, 0x82, 0xC6, 0xBE, 0x8A, 0x5C, 0xDA, 0x54,
    0x34, 0x2F, 0x1E, 0x8F, 0x42, 0xBD, 0xBF, 0x38, 0xC6, 0x12, 0xA3, 0x29, 0x2F, 0xA1, 0x66, 0x23,
    0xD4, 0x1F, 0x9F, 0x9D, 0xE8, 0x6E, 0x0F, 0x17, 0x67, 0x7A, 0xB8, 0xDE, 0xEB, 0xE1, 0x66, 0x7A,
    0x97, 0x1E, 0x4E, 0xBD, 0x87, 0xF3, 0xC3, 0x1E, 0x8E, 0xC9, 0xE1, 0xCE, 0x99, 0xAA, 0xFE, 0x56,
    0x48, 0x14, 0xBE, 0xD3, 0xC3, 0xEF, 0x22, 0x0C, 0xB0, 0x7A, 0xF6, 0x7A, 0x98, 0xDB, 0x7B, 0x1E,
    0xB2, 0x34, 0x70, 0x7A, 0xB8, 0x4D, 0xAC, 0x87, 0x3B, 0xC6, 0x2C, 0x33, 0x8E, 0x1E, 0x1E, 0xF6,
    0x7A, 0x64, 0xF5, 0x9F, 0xE8, 0x91, 0x67, 0x44, 0xDE, 0x5C, 0x9B, 0x03, 0x10, 0x6A, 0xED, 0x64,
    0x02, 0x05, 0xEA, 0x61, 0xBF, 0x47, 0x50, 0xF1, 0x1C, 0x0F, 0x67, 0xE8, 0xF5, 0x32, 0xF6, 0x7F,
    0xF2, 0x1F, 0xDD, 0x9A, 0x01, 0xA4, 0xE5, 0x66, 0xFA, 0xC6, 0x9F, 0xE4, 0x98, 0x39, 0xDC, 0x20,
    0xF0, 0x2F, 0xFE, 0x53, 0x04, 0x0A, 0x5B, 0x34, 0x00, 0x0A, 0x92, 0x76, 0xB1, 0x80, 0x16, 0xF7,
    0x02, 0x58, 0x58, 0xB4, 0x5D, 0x0C, 0x00, 0xD8, 0x4D, 0x6C, 0x51, 0x14, 0x7B, 0x01, 0x28, 0xF6,
    0x62, 0x30, 0x1D, 0x58, 0x28, 0x16, 0xD3, 0xCD, 0x59, 0xC5, 0x62, 0x21, 0x3B, 0xB5, 0x96, 0x82,
    0x94, 0xA1, 0x28, 0x1A, 0x9A, 0xED, 0xA6, 0x6D, 0x92, 0x77, 0xCF, 0xF3, 0xBE, 0x6F, 0xE4, 0x38,
    0x73, 0x95, 0x8E, 0xBA, 0x37, 0xA7, 0x31, 0xF7, 0x39, 0x73, 0xEF, 0xF9, 0x4E, 0xBE, 0xF7, 0x7B,
    0x7E, 0xF9, 0xBE, 0xF3, 0x7E, 0xAF, 0x0F, 0xC0, 0xBD, 0x0F, 0x01, 0x20, 0x13, 0x6A, 0xA5, 0x2A,
    0xD4, 0x50, 0x75, 0x33, 0x49, 0x0E, 0x44, 0x03, 0x35, 0xEE, 0xA5, 0x04, 0xD2, 0x96, 0x9A, 0x35,
    0x54, 0xD9, 0xC9, 0x0E, 0x81, 0xEA, 0x46, 0xF2, 0xBD, 0x6E, 0x05, 0x7B, 0x8D, 0x47, 0x6A, 0x22,
    0x22, 0x35, 0x32, 0xD5, 0x62, 0xAF, 0x0D, 0x84, 0x1A, 0xCA, 0x0E, 0x55, 0xB3, 0x91, 0x12, 0x55,
    0x1B, 0x09, 0xF6, 0x1A, 0x4F, 0x40, 0xD1, 0xA6, 0x03, 0x35, 0xEB, 0xA9, 0xB8, 0xE6, 0x2A, 0x00,
    0xB0, 0x2F, 0x06, 0x75, 0xA0, 0x01, 0xE3, 0x00, 0xDE, 0xC6, 0x7C, 0x85, 0xF2, 0xFA, 0x43, 0xA4,
    0xF2, 0xE5, 0xC0, 0xEE, 0x86, 0xCD, 0x5E, 0xFA, 0x48, 0x9E, 0x48, 0x17, 0x8B, 0x75, 0x92, 0xB1,
    0x8F, 0xA2, 0x2D, 0x5A, 0x54, 0x4D, 0xD5, 0x42, 0x6A, 0x06, 0xB6, 0x33, 0x61, 0x70, 0xD2, 0xEE,
    0x63, 0x93, 0x2E, 0x91, 0xBC, 0x12, 0x11, 0x64, 0x94, 0x54, 0xFE, 0x2B, 0x88, 0xE4, 0xDD, 0x09,
    0x78, 0x00, 0x1C, 0x5E, 0x29, 0x7B, 0x97, 0x86, 0x71, 0xCC, 0x02, 0x8D, 0xEB, 0x65, 0xE8, 0xB5,
    0x79, 0x4A, 0x8D, 0x84, 0x1A, 0x5B, 0xC0, 0xAA, 0x28, 0xA8, 0xA1, 0xE4, 0x6C, 0x33, 0x82, 0x5A,
    0xC3, 0xAE, 0xB5, 0x22, 0xF9, 0x7F, 0x8D, 0xA9, 0xA3, 0x0C, 0x1C, 0xC0, 0xC8, 0x58, 0x54, 0x06,
    0x1A, 0xD1, 0x83, 0x21, 0x00, 0x78, 0x05, 0xBC, 0x6E, 0x1C, 0xC7, 0x0B, 0x14, 0x73, 0xDF, 0xFA,
    0xA5, 0xE2, 0x62, 0xC3, 0xB8, 0xB0, 0x95, 0x3F, 0xAA, 0xBD, 0x89, 0x7C, 0x96, 0xAB, 0xFB, 0x5F,
    0xB5, 0x50, 0x16, 0x51, 0xAF, 0xDE, 0xF7, 0x21, 0xC7, 0x70, 0x0C, 0xC0, 0x10, 0x2C, 0x10, 0x1C,
    0xC3, 0x0C, 0x62, 0x46, 0x31, 0xC3, 0x98, 0x71, 0xCC, 0x40, 0x66, 0x24, 0x0E, 0x05, 0x8E, 0x05,
    0x0E, 0x06, 0x8E, 0x06, 0x0E, 0x07, 0x8E, 0x07, 0x0E, 0x08, 0x8E, 0x08, 0x06, 0x09, 0x30, 0x4C,
    0x80, 0x81, 0x02, 0x0C, 0x15, 0x60, 0xB0, 0x00, 0xC3, 0x05, 0x1C, 0xCE, 0xA1, 0xE0, 0x9C, 0xBA,
    0x1D, 0xA9, 0x71, 0x07, 0xDC, 0x7D, 0x90, 0xD6, 0x40, 0x3A, 0x66, 0x39, 0x07, 0xF5, 0x3B, 0xC6,
    0x24, 0x39, 0x1B, 0xF0, 0x79, 0x4C, 0x5A, 0x7D, 0xB3, 0x8C, 0x1A, 0x3C, 0xCB, 0xD0, 0x20, 0x2A,
    0x45, 0x28, 0x46, 0x28, 0x47, 0x28, 0x48, 0x28, 0x49, 0x28, 0x4A, 0x28, 0x4B, 0x28, 0x4C, 0x28,
    0x48, 0x57, 0xE5, 0x09, 0x05, 0x0A, 0x25, 0x0A, 0x45, 0x6A, 0x4C, 0x0D, 0xAA, 0x53, 0x9D, 0xB1,
    0x9E, 0x1F, 0x90, 0x34, 0xCD, 0xF2, 0x0B, 0xFA, 0xFB, 0x77, 0xFA, 0x7A, 0xF6, 0x27, 0xA9, 0x8D,
    0xA5, 0x91, 0x34, 0x8E, 0x6B, 0x9E, 0x44, 0xA4, 0x61, 0xD3, 0xC5, 0xE2, 0x1C, 0xEF, 0x3E, 0x00,
    0x7E, 0x9F, 0x8E, 0xC0, 0x2B, 0x95, 0x18, 0x0B, 0x45, 0x61, 0x24, 0x0C, 0xC4, 0x2D, 0x2D, 0x6C,
    0x88, 0x3B, 0x7B, 0x19, 0xA9, 0xB8, 0x3B, 0x51, 0x2F, 0x30, 0xEA, 0x63, 0xFB, 0x5E, 0xAF, 0x4F,
    0xEB, 0xBF, 0x67, 0xFB, 0xDD, 0xFF, 0x23, 0x00, 0x86, 0xC0, 0x18, 0x2C, 0x10, 0x8C, 0x82, 0x63,
    0x70, 0x0E, 0x0E, 0xC2, 0x49, 0x38, 0x0A, 0x67, 0x61, 0x30, 0x9C, 0x86, 0xE3, 0x70, 0x1E, 0x0E,
    0xC4, 0x89, 0x38, 0x12, 0x67, 0x62, 0x50, 0x60, 0x54, 0xE6, 0x29, 0x63, 0x5C, 0xE6, 0x09, 0x63,
    0x64, 0x0E, 0xA7, 0xCB, 0x4B, 0x98, 0x97, 0x66, 0xB6, 0x33, 0xE5, 0x9C, 0x89, 0x5B, 0xCE, 0x19,
    0x4E, 0x8E, 0x4A, 0xB2, 0x9C, 0x9C, 0x7E, 0xB3, 0xDA, 0x39, 0x83, 0xA0, 0xA4, 0x22, 0x19, 0x32,
    0xF3, 0xDE, 0x27, 0x80, 0x72, 0x7C, 0x9C, 0xF4, 0xD6, 0x28, 0x57, 0xF3, 0xBF, 0xCB, 0xFD, 0x7B,
    0xC9, 0x5A, 0xEA, 0x88, 0xE5, 0x0D, 0x6D, 0xF2, 0x56, 0xF0, 0xF0, 0x64, 0x41, 0xDE, 0xD1, 0x20,
    0xEB, 0x01, 0xA1, 0x1B, 0xDF, 0x62, 0xD3, 0x14, 0x35, 0xBD, 0x51, 0x63, 0xC8, 0x78, 0x02, 0x31,
    0x32, 0x00, 0x4E, 0xE9, 0x2E, 0xAB, 0xF1, 0x72, 0x79, 0x76, 0x79, 0x5B, 0xD3, 0x6D, 0x63, 0x08,
    0x62, 0xA9, 0x0F, 0x49, 0x7C, 0x35, 0xE8, 0x5B, 0xBA, 0x7A, 0x47, 0x5D, 0x30, 0x9D, 0xF0, 0xCC,
    0xBA, 0x3E, 0xA1, 0x5B, 0xD2, 0xA1, 0xCD, 0xE1, 0x8B, 0x25, 0x75, 0x4B, 0x56, 0x77, 0xF6, 0xE1,
    0x3C, 0x54, 0x5F, 0x25, 0x4B, 0x6C, 0xA5, 0xDA, 0x21, 0x1E, 0xB2, 0x06, 0x59, 0x93, 0xB4, 0x28,
    0xCA, 0xA8, 0x05, 0xD6, 0x99, 0x03, 0xDA, 0x97, 0x30, 0x49, 0x50, 0x93, 0x56, 0xB9, 0x95, 0xD4,
    0xBF, 0x52, 0x3E, 0x3A, 0x7F, 0x15, 0x08, 0x06, 0xFD, 0x65, 0xDA, 0x0E, 0x8A, 0x51, 0x73, 0x29,
    0xBD, 0x4F, 0x34, 0xAD, 0x3C, 0x2B, 0xC4, 0xD9, 0xD5, 0x9C, 0xF8, 0x55, 0x1C, 0x14, 0xE3, 0x0D,
    0x7B, 0xE0, 0xEE, 0x93, 0xAB, 0x1E, 0x71, 0x13, 0x0C, 0x88, 0xDA, 0x6D, 0x4F, 0x5E, 0x2D, 0x67,
    0xE2, 0xCE, 0x83, 0xBE, 0x77, 0x85, 0x1B, 0xE7, 0x75, 0xE7, 0xCD, 0xE5, 0x7B, 0x6D, 0xDB, 0x53,
    0xFD, 0xCB, 0x6A, 0x54, 0x0E, 0xFF, 0x77, 0xD2, 0x1C, 0x74, 0xED, 0x4A, 0x18, 0x6A, 0x4C, 0x2A,
    0x1B, 0x4A, 0xC8, 0x84, 0xAF, 0x7E, 0xB0, 0x36, 0x0E, 0x98, 0x0E, 0x26, 0x7E, 0xA5, 0x9A, 0xAA,
    0x56, 0x25, 0x39, 0x8C, 0x27, 0xCD, 0x21, 0xBC, 0xD2, 0xCE, 0x2D, 0xBB, 0x07, 0xEE, 0x4A, 0xEE,
    0x4B, 0x1D, 0x97, 0xEF, 0xBB, 0x9F, 0xF6, 0x3D, 0xE2, 0xCF, 0x5F, 0x5B, 0x05, 0x8C, 0x1F, 0x9B,
    0x2D, 0xF4, 0xF8, 0x98, 0xED, 0x47, 0x9B, 0x34, 0x22, 0x3A, 0x8F, 0x0A, 0x52, 0x31, 0x2C, 0x27,
    0x9D, 0x2D, 0x14, 0xCD, 0xC7, 0x08, 0x3C, 0x5B, 0xE8, 0xB1, 0x69, 0xB3, 0xC6, 0xB3, 0x85, 0x3C,
    0xC8, 0x11, 0xB5, 0x9B, 0x16, 0xDB, 0xE9, 0xF6, 0x61, 0x3D, 0x84, 0xCD, 0x0D, 0xBA, 0x2D, 0x1F,
    0xDC, 0xC0, 0xDC, 0x58, 0x41, 0x51, 0xE7, 0xAC, 0x0E, 0x9F, 0x22, 0x6E, 0x36, 0x3D, 0xE2, 0x2E,
    0x21, 0x4B, 0x21, 0x57, 0x0D, 0x71, 0xE2, 0x40, 0x2F, 0xB1, 0xC6, 0x2F, 0x7E, 0xCA, 0xA3, 0x47,
    0x0F, 0xE9, 0xD1, 0xC8, 0x94, 0x9D, 0x01, 0x99, 0xF4, 0x6C, 0x62, 0x63, 0x0E, 0x29, 0x34, 0x8D,
    0x46, 0x53, 0x44, 0xB0, 0xA5, 0x44, 0x94, 0x58, 0x64, 0xDA, 0xCB, 0xFE, 0x26, 0x31, 0x49, 0x27,
    0x94, 0x94, 0x92, 0x29, 0xF2, 0x8E, 0xF2, 0xED, 0xC5, 0x05, 0x0A, 0xB6, 0xAB, 0x28, 0x22, 0x32,
    0x5A, 0x3F, 0xC7, 0x57, 0x52, 0xCE, 0x3B, 0x1A, 0x99, 0x05, 0x55, 0x4D, 0xFB, 0xF2, 0xC5, 0xBA,
    0x06, 0x48, 0xF9, 0x59, 0xDE, 0x6A, 0x63, 0x11, 0xBC, 0x2E, 0x79, 0x32, 0x40, 0xCA, 0xAC, 0xDD,
    0x4B, 0xF1, 0x9F, 0x0B, 0x29, 0xE9, 0x4B, 0x49, 0xE6, 0x39, 0x05, 0xF2, 0xAF, 0x8B, 0x73, 0x1B,
    0xB3, 0x8E, 0xBE, 0xEA, 0x50, 0x22, 0x93, 0x3F, 0xD7, 0x48, 0x45, 0x14, 0x56, 0x6B, 0xF9, 0x1A,
    0xEE, 0x1E, 0x72, 0xB2, 0xD4, 0xC7, 0x87, 0xEF, 0xE2, 0xC5, 0xB0, 0xB7, 0xC0, 0x6B, 0xFB, 0x74,
    0xAE, 0x9A, 0xC5, 0xFC, 0xF0, 0x1D, 0xED, 0xA1, 0x2A, 0xD9, 0x88, 0xEF, 0x0E, 0x14, 0xDE, 0xF0,
    0xF6, 0x7D, 0xB6, 0xAA, 0x18, 0xFD, 0x2C, 0x7E, 0x44, 0x55, 0xEC, 0x46, 0xCC, 0x2E, 0xEA, 0x7B,
    0x25, 0x42, 0xE9, 0xB3, 0x9D, 0x0E, 0xB4, 0xE4, 0x48, 0x05, 0x48, 0x3E, 0x97, 0x11, 0xB8, 0xB7,
    0x4B, 0x1B, 0x1C, 0x3A, 0x68, 0x16, 0x9A, 0x87, 0x90, 0x59, 0x7B, 0x60, 0xA9, 0x5A, 0x9A, 0x91,
    0xE6, 0xA4, 0x59, 0x69, 0xA1, 0x9B, 0x99, 0xE6, 0xA6, 0xD9, 0x69, 0x7E, 0x9A, 0xA1, 0xE6, 0xA8,
    0x59, 0x6A, 0x9E, 0x9A, 0xA9, 0xE6, 0xAA, 0xD9, 0x6A, 0xBE, 0x9A, 0xB1, 0xB3, 0xB3, 0xC1, 0x5F,
    0x70, 0x8E, 0x48, 0x5E, 0x1B, 0x91, 0xCA, 0x17, 0x03, 0x32, 0xFE, 0xB5, 0x78, 0x5F, 0x5A, 0x54,
    0x81, 0xD4, 0x8C, 0xFA, 0xC6, 0x0D, 0x5D, 0xAA, 0x8C, 0xEA, 0x00, 0xC2, 0x89, 0x61, 0x5E, 0x68,
    0x2E, 0x19, 0xC9, 0x1B, 0x35, 0x18, 0xC2, 0x67, 0xE0, 0x9D, 0xB4, 0x28, 0x12, 0x5E, 0x57, 0x14,
    0x31, 0xB3, 0xDD, 0x6D, 0xB7, 0xDB, 0x87, 0xEC, 0x86, 0x5B, 0x44, 0x6E, 0xB9, 0x7B, 0xEE, 0xA6,
    0xBB, 0xEB, 0x6E, 0xBB, 0xFB, 0xEE, 0xC6, 0xBB, 0xF3, 0x6E, 0xBD, 0x7B, 0x6F, 0xE6, 0x9B, 0xFB,
    0x66, 0xFF, 0xE2, 0xBF, 0x01, 0x70, 0x02, 0x8E, 0xC0, 0x18, 0x78, 0x44, 0xD7, 0x6C, 0x5F, 0xBC,
    0x86, 0xB8, 0x03, 0xB2, 0x21, 0xD3, 0x0F, 0x3D, 0x66, 0x88, 0xA2, 0x0D, 0xAC, 0x1E, 0x92, 0xED,
    0xB4, 0x1E, 0x52, 0x03, 0xC7, 0x80, 0x8C, 0x90, 0x21, 0xB2, 0x21, 0x18, 0x24, 0x28, 0x25, 0x28,
    0x26, 0x28, 0x27, 0x28, 0x28, 0x28, 0x29, 0x55, 0x18, 0x2B, 0xB3, 0xC6, 0x68, 0x19, 0x2E, 0xE3,
    0x65, 0xC0, 0x8C, 0x98, 0x23, 0x73, 0x66, 0xE7, 0x73, 0x3A, 0x06, 0xA1, 0x14, 0xAF, 0x5D, 0x00,
    0xE9, 0xFB, 0x92, 0xE3, 0xEC, 0xBE, 0xEC, 0x0C, 0x14, 0x31, 0x19, 0xA4, 0x5B, 0x5F, 0x4F, 0x82,
    0x37, 0x49, 0xF5, 0xB8, 0x40, 0x98, 0x0D, 0x56, 0x20, 0xA4, 0xD1, 0xE6, 0xB3, 0xD9, 0xEC, 0x2E,
    0xDF, 0xCA, 0x0A, 0x1E, 0x77, 0xCB, 0xD3, 0xB5, 0x1D, 0x39, 0x0D, 0x82, 0x81, 0x00, 0x7E, 0xD5,
    0x33, 0x86, 0x7F, 0xD4, 0x66, 0xAD, 0x79, 0x6B, 0xE6, 0xAE, 0x79, 0xB1, 0xB1, 0xE2, 0xDF, 0xB2,
    0x1F, 0x91, 0xA3, 0xE2, 0x5F, 0x36, 0xCC, 0xC5, 0x3F, 0x32, 0x78, 0x69, 0xAD, 0x0F, 0x3B, 0x82,
    0x9C, 0x9A, 0xF4, 0xD9, 0x9C, 0xCB, 0xC3, 0x86, 0x37, 0x24, 0x36, 0xE3, 0xD5, 0xC5, 0xEF, 0x96,
    0xA2, 0x5F, 0x66, 0x89, 0x0B, 0x61, 0xB2, 0xE2, 0xB7, 0x72, 0x46, 0x77, 0x28, 0x62, 0x75, 0xBD,
    0xDE, 0xEA, 0x7A, 0xDB, 0xBA, 0x30, 0xEF, 0xAF, 0xA9, 0xEB, 0x95, 0xAC, 0xEB, 0xED, 0xAC, 0xAE,
    0x77, 0x1B, 0xB3, 0x64, 0xCB, 0xDF, 0x13, 0xDB, 0x9B, 0xF0, 0xED, 0xAF, 0x7A, 0x6C, 0xB9, 0xA3,
    0x8D, 0xBA, 0x70, 0x02, 0x4E, 0x2C, 0x45, 0x3C, 0x7B, 0xC8, 0x9B, 0xD9, 0x17, 0x04, 0x10, 0x2E,
    0x35, 0xB8, 0x3E, 0xAB, 0xAD, 0x06, 0x57, 0x59, 0x0D, 0x6E, 0x8D, 0xF9, 0x64, 0x7C, 0x49, 0x5B,
    0x32, 0x5A, 0x87, 0x40, 0x10, 0x8D, 0x5C, 0xBE, 0xE2, 0x52, 0x11, 0x5C, 0x69, 0xED, 0x5D, 0xCB,
    0xEF, 0x52, 0x43, 0x76, 0x7B, 0xDB, 0x43, 0xFE, 0x2B, 0xF7, 0x86, 0x6F, 0xF4, 0x13, 0x91, 0x70,
    0x6B, 0x15, 0x8F, 0x34, 0x39, 0x19, 0x78, 0xA7, 0xB4, 0xA7, 0xB9, 0x59, 0x7B, 0xF8, 0x51, 0x4D,
    0x05, 0xF9, 0xD7, 0x81, 0x49, 0xE0, 0x66, 0x64, 0x02, 0x98, 0xF4, 0xC8, 0x9A, 0x25, 0xF5, 0x7B,
    0x74, 0xC9, 0xA1, 0x79, 0x17, 0x7E, 0x7F, 0xEF, 0xC2, 0xEF, 0x6F, 0x5D, 0x2C, 0xF7, 0xB7, 0x2E,
    0x10, 0x3E, 0x02, 0x5B, 0x31, 0x12, 0x36, 0x65, 0x5B, 0x25, 0x4E, 0xE0, 0x29, 0x7F, 0x7A, 0xED,
    0x9A, 0xCD, 0xD9, 0x9E, 0x31, 0x31, 0x28, 0x8D, 0xCA, 0x36, 0x73, 0x08, 0xF5, 0xA7, 0xD4, 0xC7,
    0x68, 0x23, 0xCF, 0xDE, 0xEE, 0xF0, 0x8A, 0x6B, 0xBB, 0x5D, 0xD5, 0x93, 0x80, 0xDD, 0xF6, 0xAC,
    0x74, 0x9B, 0xED, 0x26, 0x3B, 0xFF, 0xC9, 0xDD, 0xE1, 0xA5, 0x50, 0x1B, 0x0F, 0x1E, 0xDB, 0x51,
    0x5C, 0x16, 0xDB, 0x61, 0x5C, 0x16, 0xDB, 0x51, 0x5C, 0x73, 0x6C, 0x87, 0x57, 0xD4, 0xD8, 0x30,
    0xB3, 0xF9, 0x87, 0x49, 0x88, 0xC6, 0x93, 0x4E, 0xCA, 0x5D, 0x1A, 0xAD, 0x06, 0x0C, 0xBA, 0x78,
    0x10, 0xB1, 0x54, 0xF4, 0xB7, 0xD9, 0xCA, 0x2E, 0x92, 0x32, 0x94, 0x3A, 0x9E, 0x00, 0x69, 0xD2,
    0x81, 0x9A, 0xF5, 0x34, 0xC8, 0x6C, 0xAA, 0x54, 0x85, 0x21, 0x35, 0x07, 0x5A, 0x4B, 0xC3, 0xC0,
    0xA4, 0xE1, 0x28, 0xB9, 0xCA, 0x48, 0xCE, 0xFA, 0x81, 0xA0, 0xE8, 0x91, 0x8D, 0xC8, 0xA6, 0x50,
    0x7A, 0x76, 0x68, 0x8F, 0xA4, 0x8E, 0x40, 0xA6, 0xB9, 0x1A, 0x82, 0x60, 0xEF, 0xC2, 0xB3, 0x86,
    0x5A, 0xD8, 0xE0, 0x2D, 0x60, 0xB6, 0x9A, 0x27, 0xB4, 0xF6, 0x78, 0xD2, 0xD8, 0x9A, 0x97, 0x6F,
    0x78, 0xEF, 0x58, 0xDE, 0x95, 0x3A, 0x19, 0x2D, 0x70, 0xC6, 0x6D, 0x61, 0x6B, 0xD4, 0x55, 0xC3,
    0x47, 0x56, 0xA5, 0x96, 0x3A, 0x64, 0xC4, 0x1B, 0x86, 0x1A, 0x8B, 0xA5, 0xCB, 0xA9, 0x48, 0x87,
    0xD8, 0x02, 0x9C, 0x7C, 0x2A, 0x2F, 0x57, 0x30, 0xC2, 0xFC, 0x46, 0x44, 0x8E, 0xB1, 0x66, 0x94,
    0x6C, 0xE6, 0xFB, 0xDC, 0xA0, 0xC7, 0xB2, 0xB8, 0x13, 0x19, 0x02, 0xC2, 0x03, 0x32, 0xFB, 0xBF,
    0x7D, 0x01, 0x80, 0xFA, 0x14, 0x76, 0xAD, 0x1C, 0xC9, 0xF3, 0x1E, 0x61, 0xB8, 0x19, 0x28, 0x77,
    0x72, 0xAA, 0x45, 0xE0, 0x5B, 0x8C, 0x8B, 0xD7, 0x47, 0x0D, 0xE0, 0xD3, 0x56, 0x29, 0x7D, 0xA3,
    0x65, 0xB2, 0xEF, 0xED, 0x09, 0x7A, 0x77, 0x34, 0x86, 0x13, 0x8E, 0xCC, 0x77, 0xF7, 0xDD, 0x7E,
    0xF3, 0xDF, 0x01, 0xC0, 0x08, 0xC0, 0x10, 0xC0, 0x18, 0xC0, 0x20, 0xC0, 0x28, 0xC0, 0x30, 0xC0,
    0x38, 0xC0, 0x10, 0xE0, 0xF0, 0xA5, 0x86, 0xB1, 0x80, 0xC1, 0x80, 0xD1, 0x80, 0xE1, 0x70, 0x1E,
    0x0E, 0xC4, 0x89, 0x38, 0x12, 0x63, 0xE2, 0x50, 0x9C, 0xCA, 0x4F, 0x7A, 0x4C, 0xA1, 0x81, 0x81,
    0x32, 0x52, 0x50, 0x54, 0x50, 0x56, 0x50, 0x58, 0x50, 0x5A, 0x50, 0x5C, 0xFE, 0x4F, 0x81, 0xF9,
    0x98, 0x14, 0x19, 0x94, 0x19, 0x14, 0x1A, 0x94, 0x9A, 0x61, 0x33, 0x6E, 0x06, 0xCE, 0xC9, 0x39,
    0xBA, 0x17, 0x16, 0x5E, 0x28, 0xBC, 0x9C, 0x7D, 0xC1, 0x09, 0xF5, 0x84, 0x93, 0x26, 0xFC, 0x40,
    0x5A, 0xA3, 0x66, 0xD0, 0x8C, 0xD9, 0x09, 0x4C, 0x97, 0xE7, 0x3F, 0xAC, 0x70, 0xD3, 0x0B, 0x99,
    0x45, 0xE9, 0x05, 0x23, 0x46, 0x46, 0xBD, 0xC8, 0x2B, 0x8D, 0xE3, 0xC9, 0xA8, 0xEF, 0x7C, 0x6D,
    0xCF, 0xC6, 0xCF, 0x6A, 0xEA, 0x3C, 0xC7, 0x99, 0x85, 0x55, 0x4E, 0x20, 0xE0, 0x52, 0xF1, 0x4D,
    0xB1, 0x55, 0xF5, 0xCB, 0x79, 0xF3, 0x92, 0x45, 0x96, 0x99, 0xBC, 0xC9, 0x11, 0x4F, 0xA5, 0xE6,
    0xD4, 0xAD, 0xE2, 0x21, 0xC7, 0xE2, 0x13, 0x2B, 0xC0, 0xBD, 0xB3, 0xFE, 0xC9, 0xF4, 0xD3, 0x1D,
    0x4A, 0xB8, 0xB1, 0x69, 0x15, 0x48, 0x7D, 0xE0, 0xB7, 0x86, 0xF7, 0xFD, 0xC8, 0x3F, 0xFF, 0x41,
    0x74, 0xC2, 0x55, 0xD6, 0xF6, 0xE7, 0x93, 0x84, 0x3D, 0xC7, 0x51, 0x83, 0xB5, 0x65, 0x6C, 0xF3,
    0x15, 0x31, 0x28, 0xD2, 0xC8, 0x75, 0xB0, 0xC3, 0x7D, 0xE3, 0x29, 0x0A, 0x14, 0xFC, 0x6B, 0xD4,
    0x41, 0x1C, 0xB3, 0x12, 0xDC, 0x8E, 0x8A, 0x70, 0x5E, 0x77, 0x76, 0xD7, 0xAF, 0x7D, 0xB1, 0x72,
    0x44, 0xA2, 0x20, 0x91, 0x3D, 0xC7, 0xDA, 0x17, 0xFE, 0x94, 0x6B, 0xDF, 0x0B, 0xE7, 0x4A, 0x51,
    0x8B, 0xC5, 0x6C, 0xCE, 0xDB, 0x12, 0xF4, 0xF4, 0xE2, 0x8E, 0xA0, 0x0B, 0xDD, 0x61, 0x64, 0x3B,
    0x04, 0x13, 0xB2, 0xE5, 0xD0, 0x2D, 0xC7, 0x1F, 0xCA, 0x17, 0x42, 0x6C, 0xEC, 0x8B, 0x7D, 0xDC,
    0xD8, 0x4A, 0x67, 0xD7, 0x76, 0x2E, 0xED, 0xB6, 0xD0, 0xB0, 0x3A, 0xDC, 0xB7, 0x35, 0xC0, 0x80,
    0x2A, 0xA1, 0x40, 0x4E, 0x9E, 0xD0, 0x9D, 0xF3, 0xE5, 0x8B, 0x35, 0x96, 0xA5, 0x7C, 0x1D, 0xC8,
    0x8E, 0x84, 0xAA, 0x1D, 0x79, 0x64, 0x0D, 0xD9, 0x44, 0xCD, 0x5A, 0x08, 0xD9, 0xAE, 0x67, 0xA9,
    0xB7, 0xD7, 0x58, 0x36, 0x3E, 0xC8, 0xEA, 0xFB, 0xB6, 0xF5, 0x11, 0xC5, 0xA7, 0xA0, 0xC2, 0xA7,
    0x27, 0x0F, 0x0A, 0xBF, 0x50, 0xCD, 0x5A, 0x9B, 0x4F, 0x8B, 0x6E, 0x5D, 0x89, 0x2B, 0xED, 0x14,
    0x57, 0x4D, 0x50, 0xAF, 0x62, 0x25, 0xB8, 0x02, 0xC9, 0xDF, 0xB1, 0x05, 0x4F, 0x2C, 0x6D, 0x9B,
    0xEE, 0xDB, 0x67, 0xE8, 0xC3, 0x7B, 0xD2, 0x49, 0x8E, 0xDF, 0x82, 0xB8, 0x4E, 0x1B, 0x50, 0x52,
    0x72, 0x73, 0x28, 0x5D, 0x52, 0x73, 0xF8, 0x95, 0xD9, 0xFB, 0xC1, 0x2E, 0xEA, 0x2B, 0x29, 0x76,
    0x71, 0x9B, 0x8E, 0xC4, 0x11, 0x5E, 0xAE, 0x03, 0xCA, 0xE1, 0x75, 0x5F, 0x15, 0xE2, 0x2F, 0xF6,
    0xF6, 0xA9, 0xD3, 0xB8, 0x2E, 0xAF, 0xF0, 0xC4, 0x02, 0x55, 0x6F, 0x2F, 0xDD, 0x32, 0xA3, 0x2C,
    0xB9, 0x38, 0xBC, 0x5E, 0x3C, 0xE0, 0x64, 0xCC, 0xD6, 0x47, 0x2E, 0x18, 0xE1, 0xC9, 0x86, 0x67,
    0x1B, 0x6A, 0x96, 0xE7, 0x1B, 0x73, 0xC2, 0xF1, 0xA8, 0xC4, 0xBD, 0x2B, 0xF6, 0x91, 0xB5, 0xA1,
    0x94, 0x7B, 0x65, 0x4F, 0xC5, 0x5E, 0x81, 0x6A, 0xCF, 0x8D, 0xDE, 0x47, 0xD4, 0x5D, 0x34, 0x51,
    0xE3, 0x11, 0xC1, 0x5E, 0x99, 0x03, 0x97, 0x09, 0x93, 0xE0, 0x3C, 0xA5, 0x22, 0xED, 0xA9, 0x59,
    0x87, 0xAD, 0x6A, 0x34, 0xD1, 0xB8, 0x78, 0x54, 0x1D, 0xA8, 0x89, 0x6A, 0xD6, 0xDB, 0x69, 0x69,
    0x65, 0xD5, 0x20, 0x71, 0x4F, 0x7C, 0xA7, 0xC2, 0x78, 0x2B, 0x69, 0xAF, 0xC5, 0x94, 0x98, 0xBD,
    0x4A, 0x43, 0x3A, 0xD5, 0x96, 0x5A, 0x34, 0x3E, 0x76, 0xAD, 0xB1, 0xDE, 0x7B, 0xA8, 0xB1, 0x30,
    0x88, 0x5E, 0x63, 0x88, 0x47, 0xCA, 0x80, 0x82, 0x52, 0x31, 0x75, 0x95, 0x26, 0xED, 0x21, 0x75,
    0xD6, 0x31, 0xB3, 0x68, 0x03, 0x4A, 0x28, 0x25, 0x47, 0x5C, 0xF2, 0xE4, 0x4B, 0x5E, 0x75, 0x99,
    0xA0, 0x12, 0x11, 0xAB, 0xB9, 0x67, 0xF2, 0xF5, 0x84, 0x44, 0x7E, 0x39, 0x22, 0xB8, 0xFE, 0xEC,
    0x88, 0x45, 0xF2, 0xEC, 0xA1, 0xD1, 0xF0, 0x87, 0x6B, 0x6F, 0x72, 0x5C, 0x7B, 0x5B, 0x3D, 0x8D,
    0xE7, 0xA8, 0xBD, 0xDD, 0x38, 0x94, 0x48, 0x6A, 0x45, 0x23, 0xB9, 0xCD, 0xE4, 0xE0, 0xB1, 0xA6,
    0xCD, 0x8C, 0x72, 0x3B, 0x69, 0xB0, 0x71, 0xA7, 0x2F, 0x6C, 0x3B, 0xA8, 0xDD, 0x55, 0xA7, 0x7E,
    0x6B, 0x41, 0x9F, 0xA3, 0x33, 0xC7, 0x61, 0x96, 0xC3, 0x3C, 0x87, 0x99, 0x0E, 0x73, 0x1D, 0x66,
    0x3B, 0xCC, 0x77, 0x98, 0xF1, 0x30, 0xE7, 0xDD, 0x7A, 0xF7, 0xDE, 0xCD, 0x77, 0xF7, 0xDD, 0x7E,
    0xF3, 0x9F, 0xEF, 0xD1, 0x7D, 0x27, 0xE0, 0x08, 0x9C, 0x81, 0x43, 0x70, 0x0A, 0x86, 0x61, 0xE1,
    0xE0, 0x69, 0x99, 0x01, 0x80, 0x74, 0x4B, 0xDA, 0x2C, 0xE1, 0x00, 0x3A, 0xBD, 0xD7, 0xA2, 0x26,
    0x95, 0x2A, 0xB7, 0xEF, 0xFF, 0xA8, 0xA7, 0x26, 0x2D, 0x69, 0x48, 0x4D, 0x1C, 0x92, 0x2B, 0x8F,
    0xE3, 0x67, 0xA3, 0xA0, 0x72, 0xE0, 0x0A, 0x05, 0x4A, 0x05, 0x8A, 0x05, 0xCA, 0xC5, 0x1F, 0x4C,
    0x25, 0x03, 0x45, 0x03, 0x65, 0x63, 0x70, 0x8C, 0x8E, 0xE1, 0x31, 0x3E, 0x47, 0x80, 0xA2, 0x39,
    0x6D, 0x6E, 0xE6, 0x35, 0x96, 0x84, 0x68, 0xDD, 0x42, 0x28, 0x90, 0x93, 0x27, 0x64, 0x7C, 0x12,
    0xB1, 0x21, 0x1F, 0x24, 0xA3, 0xB2, 0x0B, 0xC9, 0xA6, 0x21, 0x95, 0xB4, 0x25, 0xA1, 0xA8, 0x5D,
    0x0B, 0xA1, 0xF0, 0x87, 0xD3, 0x66, 0x9B, 0x4A, 0x3B, 0xA2, 0x09, 0x8D, 0x50, 0xF8, 0xF4, 0xE4,
    0x41, 0xD9, 0x9A, 0xC6, 0xCF, 0x53, 0x87, 0x65, 0x56, 0x6D, 0x4C, 0x87, 0x65, 0x42, 0x65, 0x0D,
    0x71, 0xBD, 0x82, 0xB5, 0xE0, 0x4A, 0x1B, 0xAD, 0x2B, 0xC9, 0x98, 0x34, 0x3A, 0x3A, 0xF9, 0xE7,
    0x63, 0x6C, 0x45, 0xE4, 0x93, 0x11, 0x51, 0x57, 0xC9, 0x66, 0xC4, 0x59, 0x93, 0xF4, 0xA7, 0x0E,
    0x28, 0xEC, 0x71, 0xCE, 0x96, 0xF4, 0x3E, 0x93, 0x2F, 0x7B, 0xF5, 0xE5, 0x9B, 0x01, 0xF2, 0x6B,
    0x9E, 0x28, 0x9B, 0x36, 0xA2, 0x15, 0xC4, 0xB7, 0xD7, 0x02, 0x65, 0xB9, 0x38, 0x5D, 0xFC, 0x39,
    0x5A, 0x5E, 0x4E, 0x9D, 0xC6, 0x75, 0x29, 0x19, 0xEF, 0xB1, 0x24, 0x65, 0xB0, 0xF6, 0x96, 0x96,
    0x3D, 0x9B, 0x93, 0x86, 0x07, 0x7B, 0xD2, 0x8D, 0xEA, 0xFA, 0xC8, 0x59, 0x62, 0xC7, 0xBB, 0xDB,
    0x70, 0x3C, 0xB7, 0x53, 0xFF, 0xE7, 0xEC, 0xCE, 0x68, 0x7A, 0xF2, 0x37, 0x2F, 0x1D, 0xF1, 0x34,
    0xA7, 0xDB, 0x73, 0x69, 0x95, 0x98, 0xCF, 0x1E, 0xEA, 0x76, 0x47, 0x33, 0xFD, 0x82, 0x29, 0x3E,
    0x23, 0xDC, 0x65, 0x1D, 0x07, 0xC9, 0x74, 0x28, 0xE9, 0x13, 0x1E, 0x1A, 0xD0, 0xE1, 0x15, 0x0D,
    0xA2, 0x41, 0xCF, 0x6B, 0x0B, 0xEF, 0x34, 0x51, 0x06, 0xAB, 0x32, 0x59, 0x10, 0x87, 0xC7, 0x4A,
    0x96, 0x13, 0x25, 0x30, 0x51, 0xEE, 0x4A, 0xDD, 0x42, 0x01, 0x2E, 0xF2, 0x05, 0x49, 0xD1, 0x2D,
    0x47, 0x76, 0xE2, 0x83, 0x9D, 0x41, 0x20, 0x06, 0xEC, 0x88, 0xD4, 0xA3, 0x4B, 0x1E, 0xAC, 0xB0,
    0x6D, 0x09, 0xC3, 0xAE, 0xCD, 0x5F, 0x4B, 0x49, 0xF7, 0xCA, 0xBE, 0xD2, 0x2E, 0x1E, 0x66, 0x4D,
    0xFA, 0xB4, 0x05, 0xE2, 0x3E, 0x6B, 0xF6, 0x3A, 0x54, 0x3B, 0x2A, 0x43, 0x8C, 0x46, 0x8B, 0xCC,
    0xBC, 0x19, 0x54, 0x7B, 0xD5, 0xD6, 0x2C, 0x3C, 0x3A, 0x83, 0xA4, 0x63, 0x40, 0xCA, 0x00, 0x63,
    0x6D, 0x98, 0x9A, 0xC1, 0xB2, 0xA3, 0x8E, 0x1A, 0x71, 0xBE, 0x02, 0x6B, 0x9F, 0x39, 0xDE, 0xA0,
    0x53, 0xCA, 0x8F, 0x10, 0xF7, 0xF3, 0xC6, 0xF1, 0xAC, 0x5C, 0x8F, 0x97, 0x69, 0x49, 0x2F, 0xD9,
    0xB9, 0xFC, 0x8D, 0xBE, 0x8D, 0x1C, 0x76, 0x90, 0x1F, 0x3E, 0xD6, 0xDF, 0xC2, 0x2C, 0x30, 0x5B,
    0x6C, 0x66, 0x27, 0x94, 0xAA, 0x9E, 0xF7, 0xFE, 0xEC, 0x6F, 0x0D, 0xF6, 0x5F, 0x52, 0x42, 0xB6,
    0xF2, 0x54, 0xC5, 0x86, 0x8F, 0xEC, 0xFA, 0x3D, 0x56, 0xD0, 0xE0, 0xC4, 0x9E, 0x6F, 0x1E, 0x32,
    0xBB, 0x42, 0x21, 0x71, 0x0B, 0x11, 0x69, 0x37, 0x7B, 0xA9, 0x37, 0x43, 0x26, 0x65, 0xF8, 0x51,
    0x34, 0xAE, 0x82, 0x41, 0x54, 0xB3, 0xA4, 0x55, 0x0C, 0x71, 0x0B, 0x88, 0xDC, 0x6F, 0x10, 0x5A,
    0xA1, 0x63, 0x28, 0x58, 0xF5, 0xE9, 0xAC, 0x55, 0x70, 0x75, 0x62, 0xBE, 0xFF, 0x0F, 0xCD, 0x99,
    0x01, 0xA4, 0x26, 0x59, 0x76, 0xC7, 0x7F, 0x55, 0x35, 0xF3, 0x6A, 0x75, 0x91, 0x1B, 0x74, 0x63,
    0x7B, 0xD9, 0x1A, 0x80, 0x6D, 0x99, 0x2D, 0x08, 0x82, 0x99, 0xB9, 0x15, 0x01, 0x04, 0x19, 0xA4,
    0x03, 0x41, 0x60, 0xB0, 0x33, 0x30, 0x8B, 0x45, 0x96, 0xB5, 0x55, 0xD9, 0x41, 0x10, 0xEC, 0x83,
    0x04, 0x40, 0xA3, 0x43, 0xEF, 0xDB, 0x48, 0x2F, 0x60, 0xC2, 0x6C, 0xDF, 0xBB, 0xBB, 0x08, 0x82,
    0x14, 0x04, 0x80, 0x12, 0x09, 0x0C, 0xEC, 0x0D, 0xB5, 0x94, 0xF4, 0xAD, 0x3A, 0xA9, 0x7B, 0xEA,
    0x95, 0xF7, 0xCD, 0x97, 0xD7, 0xA6, 0x87, 0x97, 0xD8, 0x53, 0xB7, 0xFE, 0xE7, 0xBC, 0x77, 0xCF,
    0x3D, 0xE7, 0x9C, 0xFF, 0x69, 0xDF, 0xFD, 0xDA, 0xE3, 0x12, 0x26, 0x78, 0x97, 0xAB, 0xE7, 0xAD,
    0x48, 0x1F, 0xBE, 0x49, 0xF8, 0x94, 0x30, 0x12, 0xB8, 0x83, 0x95, 0xF5, 0x94, 0x9E, 0x1A, 0x7E,
    0x78, 0xD5, 0x3B, 0xF1, 0x6F, 0x17, 0xBE, 0xFA, 0xC4, 0xE7, 0xBF, 0xF2, 0x14, 0x77, 0xB0, 0x1E,
    0x3C, 0x7E, 0xDF, 0xCA, 0xD8, 0xC9, 0xE8, 0x64, 0x78, 0xFC, 0xB8, 0x3D, 0xFB, 0x91, 0x24, 0x56,
    0x44, 0xBC, 0xDB, 0xA0, 0x4F, 0xB0, 0xB9, 0x3C, 0x7E, 0x7C, 0xFC, 0x3E, 0xBA, 0xFD, 0x9D, 0xB7,
    0x5F, 0xBE, 0x0F, 0x1C, 0xEE, 0x22, 0xB3, 0x53, 0x35, 0xED, 0x2A, 0xA4, 0x43, 0xAF, 0xED, 0xB2,
    0x16, 0xF3, 0xFF, 0xE7, 0xFA, 0x30, 0x7B, 0x5A, 0xA7, 0x72, 0x9A, 0x0D, 0xA2, 0x4D, 0x16, 0x5F,
    0x94, 0x4E, 0x24, 0x11, 0x22, 0x12, 0x24, 0x59, 0x1C, 0xF2, 0x6D, 0x10, 0x8A, 0x05, 0x13, 0xA8,
    0x3D, 0x16, 0xEC, 0x25, 0x76, 0xC2, 0x46, 0xEC, 0x9C, 0x0C, 0x33, 0x00, 0xD5, 0x54, 0xC7, 0x66,
    0x69, 0x16, 0xB3, 0x64, 0x91, 0x58, 0xCC, 0x26, 0x38, 0x2F, 0x7C, 0x0F, 0x28, 0x27, 0xF3, 0xAA,
    0x9D, 0xB9, 0x5E, 0xEC, 0xD2, 0x45, 0x37, 0xAD, 0xED, 0xC2, 0x0B, 0x3A, 0xAC, 0x37, 0xBE, 0x38,
    0xD2, 0x52, 0x83, 0x68, 0xEA, 0x62, 0xC5, 0x84, 0x2A, 0xA5, 0x37, 0xA9, 0x80, 0xA6, 0xDD, 0x4A,
    0xD0, 0x22, 0x52, 0x01, 0x51, 0x0B, 0x49, 0x30, 0x35, 0x33, 0x66, 0xA8, 0x46, 0xD0, 0x82, 0xB6,
    0xF0, 0x31, 0xA5, 0xAE, 0xD7, 0xF4, 0x9A, 0xC5, 0xAC, 0x59, 0x64, 0x41, 0x8B, 0xC8, 0x63, 0x0A,
    0xE8, 0x7C, 0x37, 0x08, 0x6E, 0x2B, 0xE6, 0x0F, 0x40, 0x4B, 0x2D, 0x67, 0x13, 0xCD, 0xF2, 0xBA,
    0x67, 0x6C, 0xF8, 0xE2, 0xD3, 0x6C, 0x4F, 0xBD, 0x3D, 0x66, 0xDA, 0x9F, 0x6A, 0xAE, 0xE6, 0xFC,
    0x69, 0xFE, 0x94, 0x7C, 0x25, 0x31, 0x48, 0x11, 0xAF, 0xDF, 0x39, 0x25, 0xE3, 0x5B, 0x7F, 0xFE,
    0x9B, 0x8F, 0x12, 0xEB, 0x4E, 0x64, 0xDD, 0xD4, 0x72, 0xF5, 0xFC, 0xF3, 0x67, 0x34, 0x1E, 0xEC,
    0xF1, 0xF6, 0xD0, 0xF5, 0xE0, 0x5A, 0x10, 0x8E, 0x97, 0x6C, 0x85, 0xFC, 0x24, 0x5C, 0x19, 0xA1,
    0x9A, 0xC1, 0xA4, 0x77, 0x02, 0x13, 0xA0, 0x0E, 0x3B, 0x0B, 0x80, 0x51, 0x08, 0x1C, 0x30, 0x02,
    0xF5, 0x00, 0x7F, 0xFF, 0xF1, 0xBF, 0x3D, 0xCB, 0x44, 0x24, 0xE6, 0x1B, 0xCC, 0xC5, 0x06, 0x53,
    0xFE, 0x13, 0xF7, 0x77, 0x4F, 0xC0, 0x01, 0xC8, 0x01, 0x99, 0x80, 0xB6, 0xA0, 0x3D, 0x68, 0x46,
    0x85, 0xFB, 0xC5, 0x9C, 0x61, 0x45, 0x64, 0x87, 0x2E, 0x81, 0xFB, 0xF5, 0xCB, 0xF5, 0x48, 0x91,
    0xA0, 0x19, 0x48, 0xAD, 0x1C, 0xD0, 0x79, 0x8D, 0x64, 0xC4, 0x37, 0x32, 0x5A, 0x09, 0xEE, 0x58,
    0x9D, 0x0C, 0x56, 0xFA, 0x6A, 0x85, 0x96, 0x16, 0x3E, 0x05, 0xD7, 0xE3, 0x26, 0x9C, 0xB4, 0xEA,
    0x30, 0x3B, 0xE9, 0x5D, 0xC4, 0x0D, 0xFC, 0x1C, 0x9E, 0x40, 0x35, 0xDA, 0xD8, 0x45, 0xB7, 0x3D,
    0x36, 0xDC, 0x6B, 0xAB, 0x91, 0xA6, 0xB7, 0x33, 0x32, 0xBA, 0x98, 0x4B, 0x90, 0x58, 0x48, 0x48,
    0x1D, 0x8D, 0x5D, 0xC8, 0xC5, 0xDF, 0x6B, 0xF9, 0x90, 0x43, 0xAA, 0xB0, 0x2F, 0x1B, 0xD1, 0xB5,
    0x41, 0x97, 0xD6, 0x06, 0x2E, 0xAD, 0x6E, 0x46, 0x97, 0x0D, 0xD8, 0x71, 0x5B, 0x17, 0x2D, 0xBA,
    0xCA, 0xA9, 0x8E, 0x76, 0xB5, 0x8B, 0x8D, 0x76, 0xBE, 0xE8, 0xAF, 0xAE, 0x7A, 0x11, 0x1F, 0xE0,
    0x0E, 0xD7, 0x1E, 0x93, 0xE2, 0x2E, 0x57, 0x27, 0xC3, 0xAD, 0xEB, 0x4E, 0x2A, 0xDE, 0x43, 0x7D,
    0x17, 0x8E, 0xC5, 0xF7, 0x1F, 0xB7, 0x77, 0x1B, 0x1C, 0x6E, 0xD6, 0x83, 0x3F, 0xBB, 0xB3, 0xCA,
    0x55, 0xDE, 0x6C, 0x55, 0x35, 0x33, 0x34, 0xBD, 0x9A, 0x22, 0x60, 0xD5, 0x2A, 0x44, 0x7A, 0x16,
    0x35, 0xAB, 0xD9, 0xFA, 0x7C, 0x56, 0xD3, 0x84, 0x66, 0x28, 0xC3, 0x7E, 0x6A, 0xA8, 0x47, 0xE3,
    0xD5, 0xB4, 0xBE, 0x1E, 0x9B, 0xFE, 0x30, 0x87, 0x8E, 0x6B, 0xB3, 0xF1, 0xF1, 0x30, 0xED, 0xAF,
    0x26, 0x0E, 0xF3, 0xAF, 0x43, 0x17, 0x28, 0x65, 0x33, 0xC5, 0xFC, 0x52, 0x16, 0x1A, 0x19, 0x6A,
    0x59, 0xED, 0x1F, 0x8B, 0xE0, 0x24, 0x18, 0x89, 0x2F, 0x4C, 0x70, 0xBD, 0x98, 0xA9, 0x90, 0x31,
    0xA6, 0xA3, 0xB1, 0x88, 0x7C, 0xAB, 0x98, 0x0E, 0x93, 0x6A, 0xEC, 0x5A, 0xFB, 0xCF, 0x53, 0x32,
    0x6B, 0xEF, 0xB0, 0xFF, 0x12, 0x92, 0x69, 0xD9, 0xCC, 0xBF, 0x09, 0xC5, 0x0C, 0x2F, 0x10, 0xDC,
    0x9F, 0x84, 0x6A, 0x22, 0x8B, 0x38, 0xA4, 0x0A, 0x26, 0x50, 0x04, 0xBA, 0x1F, 0xAD, 0xD5, 0xDC,
    0x8C, 0x98, 0x01, 0x2B, 0xB1, 0x10, 0xF1, 0xD4, 0x9E, 0x46, 0x42, 0x7E, 0xDD, 0x78, 0x25, 0x1E,
    0x17, 0xE1, 0x43, 0xE0, 0x3B, 0x70, 0xD1, 0x9E, 0x12, 0x75, 0x46, 0xD6, 0x19, 0x61, 0x67, 0xA4,
    0x9D, 0x11, 0x77, 0x46, 0xDE, 0x19, 0x81, 0x67, 0x24, 0x9E, 0x11, 0x79, 0x46, 0xE6, 0x19, 0xA1,
    0x67, 0xA4, 0xD2, 0x85, 0x53, 0x62, 0xF3, 0x4D, 0x9D, 0x90, 0x5B, 0x89, 0x70, 0x42, 0x70, 0x1D,
    0xA4, 0xBD, 0x21, 0x39, 0xA9, 0xFE, 0x84, 0x68, 0xDB, 0x5B, 0x7F, 0x42, 0xF6, 0xA6, 0xFC, 0x09,
    0xE1, 0x9B, 0xEA, 0x4F, 0x48, 0x17, 0xBA, 0xFE, 0x84, 0xF8, 0x4D, 0xB5, 0x27, 0xE4, 0x0B, 0xC2,
    0xC9, 0x00, 0xDC, 0x8F, 0x56, 0x4E, 0x86, 0xB0, 0x29, 0x6E, 0x06, 0x91, 0xD4, 0xC9, 0x30, 0x54,
    0x9D, 0x0E, 0xE4, 0x03, 0x40, 0xFA, 0x5C, 0xFA, 0x42, 0xD8, 0x56, 0xB9, 0x52, 0x45, 0xCC, 0xAC,
    0xB7, 0xF3, 0x48, 0xE3, 0xB1, 0x9E, 0x47, 0xEA, 0x23, 0x3E, 0x97, 0xBF, 0x12, 0x5F, 0x48, 0x9E,
    0xDA, 0x54, 0xDF, 0x0D, 0xAA, 0x58, 0x2E, 0x98, 0x39, 0x1D, 0x0A, 0x66, 0x62, 0x1B, 0x42, 0xA0,
    0xF1, 0xCD, 0x80, 0xF5, 0x7A, 0xF2, 0x51, 0x0B, 0xF5, 0x5C, 0x2D, 0x85, 0x80, 0x0D, 0x75, 0xAC,
    0x16, 0x70, 0xA3, 0x0D, 0x26, 0x82, 0xF8, 0x6E, 0xB0, 0x81, 0x5C, 0xD4, 0xA2, 0x58, 0x92, 0xD5,
    0x63, 0x66, 0xB5, 0xA8, 0xC3, 0x66, 0x45, 0xB0, 0x43, 0x1D, 0xAA, 0x19, 0xBA, 0xDE, 0x7A, 0x13,
    0xC0, 0x79, 0x37, 0x74, 0x43, 0x37, 0xDA, 0xF4, 0x84, 0x26, 0x18, 0x7D, 0xAA, 0x50, 0x86, 0x2D,
    0xC1, 0x4C, 0x33, 0x9B, 0x88, 0x89, 0xE5, 0x4A, 0xB9, 0xEC, 0x4D, 0x49, 0x9B, 0x09, 0xCE, 0x23,
    0x5B, 0x80, 0x34, 0xFB, 0x91, 0x66, 0x30, 0x01, 0x33, 0x96, 0x93, 0x0D, 0xA9, 0x38, 0x3D, 0x53,
    0x88, 0x9E, 0xCA, 0x65, 0x3F, 0x27, 0xBD, 0x9E, 0x74, 0x5E, 0xCF, 0xDA, 0x41, 0x4F, 0x37, 0x41,
    0xCF, 0x9B, 0xA0, 0x11, 0xCA, 0x59, 0x63, 0xA4, 0x1A, 0x81, 0x7C, 0x84, 0x32, 0x40, 0x2A, 0xB1,
    0x99, 0xC0, 0xCE, 0x10, 0x23, 0xD9, 0xFC, 0x19, 0x45, 0xF8, 0x01, 0xD5, 0xF0, 0x2E, 0xB5, 0x7F,
    0x0F, 0x8B, 0xE5, 0x05, 0x0D, 0xBC, 0x41, 0x42, 0x47, 0xBE, 0x60, 0x26, 0xBD, 0x1C, 0x7A, 0x2C,
    0x74, 0xA9, 0xD1, 0x44, 0xBC, 0x19, 0x53, 0xB8, 0x7C, 0x82, 0x9E, 0xAC, 0xAD, 0x7C, 0x35, 0x16,
    0x53, 0x1E, 0x11, 0x1C, 0x1D, 0x6B, 0xB1, 0x98, 0xA9, 0x19, 0x5C, 0x1B, 0x79, 0x0B, 0xE0, 0x61,
    0x02, 0xFA, 0xD4, 0xE5, 0x5B, 0x14, 0x23, 0x32, 0xA2, 0x63, 0x94, 0x50, 0x08, 0xF5, 0x8A, 0x8C,
    0x46, 0x28, 0xA5, 0xEF, 0xBC, 0x8D, 0x64, 0x32, 0x82, 0x04, 0xE8, 0x66, 0x0A, 0xF1, 0x24, 0x07,
    0x23, 0x90, 0x1C, 0x6C, 0x84, 0xE4, 0x90, 0xB6, 0xA1, 0x7B, 0x99, 0xB6, 0xAD, 0xAF, 0x45, 0xE8,
    0x7A, 0x17, 0x4A, 0x89, 0xC8, 0x20, 0x21, 0x4B, 0x6B, 0x4C, 0xC1, 0xE7, 0x4D, 0x77, 0x5B, 0xF0,
    0x15, 0xF1, 0xF7, 0xB0, 0x22, 0xFD, 0xD7, 0x01, 0xF9, 0xAF, 0x94, 0x22, 0x05, 0xEF, 0x66, 0xC0,
    0x68, 0x0D, 0x60, 0x63, 0x4A, 0x01, 0x12, 0x52, 0x8A, 0xB4, 0xFD, 0x30, 0xD5, 0x60, 0x04, 0x37,
    0x6C, 0x0E, 0x75, 0x44, 0xC6, 0x52, 0xA8, 0x02, 0x5B, 0xFC, 0x85, 0xDC, 0x23, 0x23, 0xDF, 0x03,
    0x12, 0x37, 0xE7, 0xA2, 0xEE, 0x9E, 0x66, 0xCE, 0x36, 0xB4, 0x53, 0x2E, 0x3D, 0x36, 0xE4, 0xD2,
    0x6E, 0x58, 0x08, 0xD8, 0x31, 0x61, 0x37, 0x14, 0xEB, 0x86, 0xBE, 0x58, 0xC0, 0xF9, 0x32, 0x82,
    0xF4, 0x55, 0xC2, 0xB6, 0x9A, 0x41, 0x30, 0x93, 0x62, 0x20, 0x5B, 0x13, 0xA6, 0x59, 0x8C, 0xE4,
    0x91, 0x7A, 0x20, 0x7B, 0xC6, 0xC3, 0xD3, 0xAC, 0xA4, 0xBA, 0x5C, 0x4B, 0x13, 0x35, 0x61, 0x2C,
    0x64, 0xA0, 0xDB, 0xD0, 0xD3, 0xCD, 0x09, 0x53, 0x72, 0xB8, 0x68, 0xF9, 0x20, 0xCD, 0xE3, 0x29,
    0x85, 0x48, 0xDB, 0xEC, 0x5F, 0x81, 0x83, 0xFD, 0x4F, 0x37, 0xFF, 0x0E, 0x4D, 0x04, 0x13, 0x91,
    0x34, 0x97, 0x7A, 0x42, 0x6C, 0xC8, 0x56, 0xE7, 0xB3, 0x55, 0xDA, 0x5C, 0x22, 0xB9, 0x04, 0x0A,
    0xE9, 0x49, 0x05, 0x17, 0x91, 0x94, 0xFF, 0x90, 0x54, 0x1A, 0x76, 0x06, 0x17, 0xC1, 0x25, 0x3D,
    0xA5, 0x06, 0xE1, 0x1E, 0xD0, 0x88, 0xC8, 0x6C, 0x0F, 0x08, 0x24, 0x79, 0x43, 0xF1, 0x9B, 0x40,
    0xE9, 0xAD, 0x4F, 0x34, 0xD8, 0x85, 0x2A, 0xDD, 0x0C, 0x9B, 0x50, 0x26, 0x67, 0x70, 0x22, 0x3D,
    0xE4, 0x2F, 0x2E, 0x81, 0xCC, 0x6D, 0xD8, 0xC8, 0x02, 0x22, 0xD2, 0x17, 0x0B, 0xF5, 0x68, 0x06,
    0xF2, 0x60, 0x81, 0xF9, 0x07, 0xC0, 0x3B, 0x3F, 0x4B, 0xC0, 0xA9, 0x64, 0x11, 0x28, 0xA6, 0x9D,
    0x18, 0x30, 0xFE, 0x98, 0x53, 0x07, 0xA0, 0x9B, 0x33, 0x50, 0xEA, 0xE6, 0x00, 0x34, 0xC7, 0x26,
    0x0B, 0x90, 0xAB, 0x47, 0xB2, 0xCC, 0x0A, 0xD4, 0x02, 0xD8, 0x06, 0x78, 0x51, 0xA7, 0xD8, 0xA6,
    0xA7, 0x98, 0x8C, 0xA7, 0x1A, 0x37, 0x30, 0xBE, 0xF2, 0xD8, 0xB6, 0x1A, 0x50, 0xF9, 0x3A, 0x1C,
    0xD2, 0x4C, 0x37, 0x66, 0xE0, 0x10, 0x3B, 0x1E, 0x23, 0x6B, 0xED, 0x70, 0x70, 0x38, 0x59, 0x7F,
    0x98, 0xD2, 0xF5, 0xC7, 0x21, 0x91, 0xAB, 0xE5, 0xDA, 0x57, 0x44, 0xAE, 0x4D, 0xBE, 0x21, 0x12,
    0x8F, 0x10, 0x37, 0x66, 0x23, 0xBF, 0xF8, 0x07, 0x76, 0x71, 0x72, 0xA4, 0x28, 0xE4, 0x5F, 0x03,
    0x87, 0xAB, 0x99, 0xD9, 0x25, 0x5F, 0xAA, 0xE3, 0xBA, 0x7E, 0xF2, 0x97, 0xE5, 0xCA, 0xDA, 0x26,
    0x33, 0x24, 0x4A, 0xA4, 0x4F, 0xE6, 0x40, 0x46, 0x26, 0xF0, 0x35, 0x52, 0x59, 0x6F, 0x25, 0xD3,
    0xF4, 0x9D, 0x87, 0x1F, 0xE6, 0x2B, 0xD4, 0x73, 0xD7, 0x82, 0xFB, 0xF7, 0x08, 0x56, 0x84, 0x3F,
    0x45, 0x24, 0x66, 0xEF, 0x5B, 0xD9, 0x14, 0x1B, 0x48, 0xC8, 0x5C, 0x32, 0xD3, 0x24, 0xC7, 0xEB,
    0x0A, 0x6D, 0x32, 0x1B, 0xF9, 0x75, 0x04, 0x59, 0xDD, 0x88, 0x13, 0x0F, 0x85, 0x48, 0x82, 0xE7,
    0x43, 0x62, 0x59, 0x36, 0x90, 0x3A, 0x80, 0x8D, 0xCE, 0x53, 0x2D, 0x66, 0x4A, 0xA4, 0x75, 0x9E,
    0x6C, 0x36, 0x11, 0xCA, 0x21, 0xD1, 0xF6, 0x56, 0xAA, 0x3B, 0xEB, 0x6D, 0x00, 0xCA, 0x1E, 0xE0,
    0x6D, 0xD0, 0xF9, 0xC4, 0x46, 0xA2, 0x95, 0x79, 0x5B, 0xDB, 0xFF, 0x77, 0x01, 0xB2, 0x96, 0x7D,
    0xB4, 0xC7, 0x6C, 0xB1, 0x1C, 0xA3, 0x27, 0x9F, 0x39, 0x86, 0x8F, 0xF1, 0x37, 0x2E, 0xDD, 0x8D,
    0x4B, 0x31, 0x25, 0xAC, 0xC6, 0x1B, 0x17, 0xAB, 0x11, 0x5F, 0x68, 0xF0, 0xDD, 0x25, 0xDC, 0xB8,
    0xD4, 0xFE, 0x26, 0xC5, 0x72, 0xEE, 0x72, 0x5A, 0xC5, 0x23, 0x54, 0x72, 0x11, 0xED, 0xBF, 0x94,
    0x95, 0x4A, 0x16, 0xAA, 0x05, 0x4C, 0xDC, 0xDF, 0x7A, 0xBE, 0xFE, 0x90, 0x0E, 0x37, 0x6F, 0x37,
    0x82, 0x1B, 0x40, 0x3E, 0x6F, 0x11, 0xE9, 0xD3, 0x9B, 0x8B, 0xB4, 0xB9, 0x5C, 0x51, 0x08, 0xFA,
    0x96, 0x2B, 0x47, 0x98, 0xDB, 0x43, 0x49, 0xC0, 0xCA, 0x48, 0x27, 0x83, 0xF2, 0xAF, 0x35, 0x1C,
    0x43, 0x58, 0xD1, 0x52, 0x20, 0x31, 0x8C, 0x39, 0x40, 0x03, 0x68, 0x04, 0x9A, 0x00, 0xD8, 0x03,
    0xB4, 0x20, 0xAD, 0xE8, 0x23, 0xF1, 0x20, 0x3B, 0xF4, 0x64, 0x0A, 0x3F, 0x95, 0x56, 0x6B, 0x3A,
    0x40, 0x03, 0x2F, 0xAF, 0x8E, 0x7E, 0x14, 0x78, 0x40, 0x27, 0xA9, 0x5D, 0x19, 0x80, 0x87, 0x97,
    0x5B, 0x8A, 0x4B, 0x72, 0x59, 0x29, 0xF5, 0x1B, 0x8E, 0x78, 0x7B, 0xFD, 0xE1, 0xB5, 0x69, 0x5F,
    0xBD, 0x94, 0x50, 0xBF, 0x94, 0x21, 0xEF, 0xBB, 0x50, 0x22, 0xE3, 0x1E, 0xC9, 0x9D, 0xE8, 0x2E,
    0x80, 0x78, 0x32, 0x19, 0x28, 0xA4, 0xA7, 0xDC, 0x5E, 0x23, 0x7A, 0xAD, 0x60, 0x23, 0x74, 0x33,
    0x48, 0x00, 0xDD, 0xF6, 0xDB, 0xDB, 0x52, 0x49, 0x2A, 0x59, 0x4B, 0xD4, 0x82, 0xCD, 0x0C, 0xF9,
    0x33, 0xB8, 0x78, 0xC2, 0xB9, 0xEC, 0x17, 0xEA, 0x70, 0xFD, 0x01, 0x98, 0x32, 0x46, 0x90, 0xA4,
    0x67, 0x32, 0xD5, 0x13, 0x7B, 0x55, 0xA9, 0x21, 0x0F, 0xF7, 0x8E, 0x4F, 0x88, 0xD4, 0x17, 0xDA,
    0x56, 0x21, 0xDA, 0xD5, 0xA6, 0x52, 0x53, 0xA5, 0x90, 0x7A, 0xAA, 0x56, 0x52, 0x4B, 0x4A, 0x9A,
    0x0D, 0x26, 0xDE, 0xA8, 0x2E, 0x98, 0x99, 0xD4, 0x8E, 0x09, 0xA4, 0x6E, 0xEA, 0xA0, 0xCD, 0x34,
    0x41, 0x7B, 0x69, 0x46, 0x6D, 0xC5, 0x6A, 0x27, 0xAA, 0x52, 0x9F, 0xBD, 0xF6, 0x61, 0x5B, 0x6D,
    0xE3, 0xD1, 0x2D, 0x3D, 0x64, 0xAB, 0xB6, 0x50, 0x8A, 0x76, 0x60, 0xA4, 0x4F, 0x0D, 0x18, 0x69,
    0x53, 0xFD, 0x46, 0xB4, 0xFC, 0x72, 0xD9, 0xAB, 0xD7, 0xBA, 0x37, 0xF3, 0x29, 0xD4, 0x51, 0x67,
    0xDE, 0xCC, 0x95, 0xC8, 0x88, 0x9D, 0x8C, 0xC8, 0x84, 0x0D, 0xC5, 0x2A, 0x71, 0x53, 0x0C, 0xCD,
    0xA6, 0x46, 0x75, 0xEB, 0x86, 0x5D, 0x79, 0x4D, 0xE3, 0xBC, 0x92, 0x25, 0x3D, 0xB9, 0x0C, 0x28,
    0xE3, 0x2D, 0x02, 0x76, 0x21, 0x29, 0xB7, 0xD7, 0x23, 0x9E, 0x7C, 0x21, 0x97, 0x96, 0x3C, 0x52,
    0x88, 0x5E, 0x3A, 0xD9, 0x15, 0x67, 0x52, 0x05, 0xCA, 0x19, 0x9A, 0x98, 0xE2, 0x63, 0xA3, 0x06,
    0xE9, 0xAE, 0xD5, 0xAC, 0x23, 0xB6, 0x81, 0x7A, 0xD2, 0xDB, 0x2F, 0x6F, 0xE1, 0xE1, 0xD5, 0xD5,
    0x15, 0x56, 0x44, 0x38, 0x60, 0xE5, 0xD1, 0xD5, 0xF3, 0x88, 0x0E, 0xFA, 0xF4, 0xDF, 0xB9, 0x1B,
    0xD0, 0x2A, 0xB4, 0x06, 0xAD, 0x00, 0x9D, 0x87, 0x8E, 0xA1, 0x99, 0x39, 0xDC, 0x46, 0x0E, 0xB7,
    0xFE, 0x70, 0x4B, 0x60, 0x16, 0xB4, 0x2E, 0xB0, 0x13, 0xDA, 0x15, 0x5C, 0x5D, 0xC2, 0x96, 0xED,
    0xEA, 0x29, 0x74, 0x22, 0xD2, 0x2B, 0x06, 0xC5, 0x99, 0xAE, 0x14, 0x89, 0x8A, 0xAB, 0xA2, 0x7C,
    0x45, 0x5C, 0x4F, 0x22, 0xCC, 0x8A, 0xA3, 0x62, 0xBB, 0x61, 0x80, 0x3B, 0xC6, 0xF7, 0x8A, 0x11,
    0x20, 0x4B, 0x74, 0x6A, 0x03, 0x6D, 0x2E, 0x09, 0x2B, 0x45, 0x23, 0x12, 0x6C, 0xDB, 0x28, 0xDA,
    0xAF, 0x88, 0x8D, 0xA2, 0x51, 0xDC, 0xA3, 0x15, 0x8A, 0x38, 0xC5, 0x94, 0x31, 0x71, 0x78, 0x79,
    0x2B, 0x87, 0x85, 0x48, 0x54, 0x5C, 0x15, 0xE5, 0x2B, 0xE2, 0xAA, 0xB8, 0x68, 0xB4, 0x78, 0x12,
    0xB9, 0xBF, 0x9E, 0x1A, 0x7C, 0x90, 0xC0, 0x79, 0x40, 0x14, 0x7A, 0xDE, 0x46, 0xC0, 0x0E, 0x02,
    0xDD, 0xB2, 0x82, 0x93, 0xF5, 0xA7, 0xE1, 0xE3, 0xE3, 0x64, 0xA0, 0x49, 0x20, 0x72, 0xF1, 0xA4,
    0x48, 0x61, 0xCC, 0xDA, 0x79, 0x9A, 0x68, 0x07, 0xAA, 0x60, 0x03, 0xD9, 0xD8, 0x4C, 0x80, 0x19,
    0x81, 0x37, 0x80, 0xAE, 0xCD, 0xC4, 0x17, 0x32, 0xE8, 0xF2, 0xB9, 0xB4, 0x9A, 0xEF, 0x95, 0xF2,
    0xA0, 0x45, 0x46, 0xDC, 0x70, 0xBD, 0x3A, 0x5D, 0xD6, 0x5F, 0x2F, 0xE0, 0xE3, 0xFF, 0x48, 0x58,
    0x25, 0xDE, 0xAE, 0x6F, 0x61, 0x90, 0xB6, 0x9C, 0xF7, 0x0B, 0xEE, 0x33, 0x30, 0x1E, 0xDE, 0x83,
    0x1A, 0x30, 0xF0, 0x7B, 0xAA, 0x7E, 0xEB, 0xE5, 0xBB, 0xC0, 0xEF, 0xC3, 0x04, 0x7C, 0xAA, 0x5D,
    0xE4, 0x41, 0xBB, 0xA8, 0x06, 0x68, 0x7A, 0xBA, 0x1E, 0xCC, 0xFA, 0x7C, 0x05, 0x72, 0x91, 0x09,
    0xA0, 0x59, 0x5B, 0xB8, 0x1E, 0xDF, 0x31, 0x3F, 0x64, 0xC7, 0x1E, 0x1D, 0xE1, 0xF5, 0x0C, 0x75,
    0x88, 0xD7, 0x53, 0xA4, 0xD1, 0x31, 0xD2, 0x29, 0x36, 0x8A, 0x6E, 0x9B, 0x24, 0x3A, 0xCA, 0x7D,
    0x96, 0xFB, 0x30, 0xA9, 0x26, 0x1B, 0xD8, 0xC7, 0x79, 0xCC, 0x93, 0x37, 0xCE, 0x13, 0xBA, 0xD3,
    0x84, 0xED, 0x91, 0xD0, 0x7E, 0x69, 0xC2, 0x9F, 0x1D, 0x09, 0xC5, 0xEE, 0x09, 0xC7, 0x94, 0xB0,
    0xD1, 0x84, 0xF5, 0x79, 0x42, 0xC0, 0x8E, 0xC5, 0xEA, 0xA6, 0x72, 0x91, 0xD9, 0xC4, 0xED, 0x9D,
    0x5C, 0x68, 0x42, 0x33, 0xA4, 0x53, 0xA9, 0x60, 0xBD, 0x0D, 0x5B, 0x72, 0xBD, 0xE6, 0x6E, 0xAE,
    0xB8, 0xFA, 0xF8, 0x9E, 0x30, 0xEC, 0x85, 0x4A, 0x4F, 0x76, 0x7C, 0xB5, 0x58, 0x92, 0x5B, 0x3E,
    0x9A, 0xD9, 0x2C, 0x5B, 0xA4, 0xD5, 0x8E, 0x8D, 0x74, 0x43, 0xB3, 0x8A, 0x37, 0x11, 0xB2, 0x4B,
    0xB2, 0x9F, 0x28, 0xBD, 0xF7, 0x53, 0xE1, 0x97, 0xC0, 0x92, 0xCB, 0x26, 0x1B, 0x4F, 0xB1, 0x92,
    0x24, 0xFF, 0xED, 0x62, 0x2D, 0xBB, 0x04, 0x3B, 0xF2, 0x8D, 0x64, 0x0C, 0xB6, 0x47, 0x2D, 0x1E,
    0x01, 0x5C, 0xB8, 0x27, 0xC0, 0x9B, 0xA0, 0xF7, 0x3C, 0x36, 0x35, 0x2C, 0x7F, 0xFB, 0xF1, 0x58,
    0xCC, 0xE4, 0x93, 0xF1, 0xF0, 0x59, 0x03, 0xBC, 0xFB, 0x0E, 0xF0, 0xED, 0xFB, 0xC0, 0xD7, 0xE0,
    0x01, 0x80, 0x4E, 0x9B, 0xB6, 0xEB, 0x5B, 0xB2, 0xD0, 0x7D, 0x32, 0x50, 0xC6, 0xEE, 0xC7, 0x13,
    0x85, 0x74, 0x6E, 0x82, 0x94, 0x47, 0x83, 0xB5, 0x50, 0xCB, 0xAA, 0xCC, 0x8A, 0xB4, 0xA7, 0xF8,
    0xE8, 0xB9, 0xAC, 0x57, 0xEA, 0x83, 0xFA, 0x7B, 0x0A, 0x71, 0x2E, 0x50, 0x2E, 0xDD, 0x8F, 0x53,
    0xEE, 0xEE, 0x93, 0x11, 0x2E, 0xBB, 0xBE, 0x3F, 0x72, 0x1D, 0x37, 0xE8, 0xC3, 0x04, 0x32, 0x42,
    0x26, 0xE1, 0x14, 0x90, 0x41, 0x77, 0x6F, 0x93, 0xAC, 0x3D, 0xBE, 0xF6, 0xD8, 0x98, 0x60, 0x39,
    0xA0, 0x89, 0x40, 0x39, 0xF2, 0x4A, 0x79, 0x93, 0xE3, 0x4A, 0x3A, 0xCF, 0x36, 0x02, 0x4D, 0x4F,
    0x3D, 0xDB, 0xA9, 0x1B, 0xDD, 0x80, 0x0D, 0xDD, 0x28, 0xBF, 0x10, 0x8F, 0x4B, 0xEA, 0x13, 0x01,
    0xF9, 0xA5, 0xFC, 0x91, 0x54, 0x0B, 0xB9, 0x14, 0x6B, 0x15, 0xCD, 0x4C, 0xB1, 0x6C, 0x6A, 0x6A,
    0x02, 0x66, 0xAE, 0x83, 0x0D, 0xD6, 0xB3, 0xA9, 0xB1, 0xF3, 0xD2, 0x63, 0x87, 0x4D, 0xFD, 0xA1,
    0xA4, 0x5E, 0x25, 0x5B, 0x8B, 0x78, 0xD3, 0xEA, 0xD1, 0xD9, 0x91, 0xF8, 0x5C, 0x1F, 0xFB, 0xB7,
    0x34, 0xFF, 0x6A, 0x2E, 0xB8, 0xBF, 0xD3, 0x51, 0x48, 0x6B, 0x95, 0x02, 0xF1, 0xCA, 0x47, 0x25,
    0xFE, 0xF8, 0xB9, 0x89, 0xBA, 0xDF, 0xEF, 0xEC, 0xFC, 0x13, 0xAF, 0x21, 0x4A, 0xD6, 0xC1, 0x17,
    0xF0, 0xCA, 0x7A, 0x35, 0xA4, 0xD2, 0x07, 0xF9, 0x25, 0xC0, 0x77, 0x74, 0x14, 0x5A, 0xCF, 0xB2,
    0xE7, 0x3F, 0xD7, 0xC7, 0xFE, 0xE1, 0xFF, 0x1A, 0x72, 0xF0, 0xE1, 0xC6, 0x5B, 0xEB, 0xE1, 0xBC,
    0x9E, 0x87, 0xED, 0x6B, 0xF3, 0xF7, 0xBB, 0x3B, 0x7F, 0xB9, 0x70, 0xCE, 0xDF, 0xA1, 0x0F, 0xFE,
    0x2A, 0x0D, 0xFE, 0xF3, 0xAD, 0xCF, 0x3A, 0xDA, 0x68, 0x17, 0xBB, 0x34, 0xF1, 0xE2, 0xC9, 0x97,
    0xE4, 0xE8, 0xEB, 0xF9, 0xF0, 0x55, 0xFE, 0x55, 0xCC, 0x9C, 0xD0, 0x2E, 0x8A, 0xEB, 0x0D, 0x6A,
    0x26, 0xAA, 0xE9, 0xB5, 0x2A, 0x6F, 0x53, 0xDD, 0x55, 0x4C, 0x55, 0xD7, 0x6B, 0x8A, 0xD5, 0xC8,
    0x8E, 0x29, 0x8A, 0x59, 0x52, 0xB5, 0xE5, 0x97, 0x47, 0xD2, 0x19, 0xD4, 0xF1, 0xB6, 0x7A, 0x8E,
    0xDF, 0x5F, 0xEC, 0x75, 0xBB, 0x9E, 0x93, 0x8F, 0xE2, 0xFB, 0x9B, 0xCE, 0x5A, 0x0A, 0xD9, 0xB4,
    0x0D, 0x54, 0xD2, 0x3B, 0xEF, 0xE6, 0x44, 0xD7, 0xA6, 0xE3, 0xA1, 0xD3, 0x98, 0xB7, 0xFD, 0x29,
    0xD1, 0xE6, 0x7C, 0x35, 0xDC, 0x9C, 0x3F, 0xD3, 0x1F, 0x5D, 0x5D, 0xC9, 0xE7, 0xFA, 0x57, 0x0D,
    0x15, 0xFF, 0x2A, 0xFD, 0xAA, 0xF3, 0x3C, 0xDB, 0xF4, 0xBD, 0xFE, 0xF6, 0x7A, 0xE4, 0xA8, 0x6B,
    0x3E, 0xF6, 0x0F, 0xFF, 0xDB, 0xEA, 0x41, 0x7B, 0x6E, 0x6D, 0x70, 0xB3, 0x44, 0x99, 0xBB, 0xA9,
    0x1E, 0xE0, 0x90, 0x66, 0xD4, 0xDF, 0x46, 0x37, 0xDB, 0x90, 0x71, 0xC8, 0xBD, 0xB6, 0x0B, 0x32,
    0xA7, 0xA7, 0x0B, 0x75, 0x7F, 0xEF, 0xD2, 0xCE, 0x5D, 0x74, 0xB1, 0x8B, 0xCD, 0x94, 0x26, 0x55,
    0x07, 0xAB, 0x3F, 0xD9, 0xD9, 0x8C, 0x70, 0xD1, 0xDB, 0x69, 0xDF, 0xB5, 0xFB, 0xEE, 0x68, 0x63,
    0xA7, 0xBB, 0xF5, 0xF8, 0xBF, 0xFF, 0xE0, 0xF2, 0xE0, 0x37, 0xED, 0x5D, 0xFF, 0x09, 0xE6, 0x66,
    0x7D, 0xFF, 0xEE, 0xFE, 0x4A, 0x62, 0xC5, 0x6F, 0xCB, 0x08, 0xD5, 0x4A, 0x11, 0xC9, 0x67, 0x08,
    0x77, 0xB7, 0xDE, 0x4F, 0x98, 0x4D, 0x14, 0x31, 0xC5, 0x37, 0x42, 0x23, 0xBD, 0x15, 0x7F, 0x37,
    0xC1, 0x9F, 0xA4, 0x6A, 0xAB, 0x7F, 0xE4, 0xBD, 0xCA, 0xBF, 0x53, 0x78, 0xF3, 0x17, 0x14, 0xF1,
    0xCE, 0x2A, 0xEF, 0x74, 0xFD, 0x1F, 0x0D, 0xF4, 0x7F, 0x00, 0x6D, 0x95, 0x31, 0x8C, 0xE6, 0x46,
    0x15, 0xC7, 0x7F, 0xF6, 0x48, 0x71, 0x24, 0x4B, 0x19, 0x2A, 0x0A, 0x04, 0x98, 0x12, 0xAD, 0x08,
    0xEE, 0xAB, 0x31, 0xA2, 0xA4, 0xA0, 0x49, 0x5F, 0xC3, 0x35, 0xF4, 0x4D, 0x3C, 0xA2, 0x97, 0xB8,
    0x8E, 0x96, 0xE2, 0x0A, 0x72, 0x14, 0xD7, 0x52, 0x44, 0x99, 0x09, 0x14, 0x69, 0x3F, 0x28, 0x68,
    0x68, 0x4C, 0x93, 0x86, 0x62, 0x2D, 0x61, 0xE9, 0xCC, 0x65, 0x3C, 0xFF, 0xCC, 0xC4, 0xD6, 0xED,
    0xED, 0x69, 0xED, 0xF7, 0x5B, 0xC9, 0xA3, 0xF7, 0xDE, 0xBC, 0x79, 0xFB, 0xFD, 0xDF, 0x00, 0x10,
    0x16, 0x8C, 0x12, 0x56, 0x99, 0x71, 0x11, 0x2E, 0x86, 0x29, 0x4C, 0xB3, 0x17, 0xDF, 0x31, 0x89,
    0x80, 0x10, 0x22, 0x23, 0x93, 0x98, 0xB5, 0xE3, 0xB4, 0x62, 0xE5, 0xE1, 0x05, 0xF0, 0x79, 0xA3,
    0x36, 0xF3, 0x57, 0x68, 0x5F, 0x98, 0xBD, 0xDB, 0xFA, 0xD5, 0xD6, 0x77, 0x19, 0x6E, 0x63, 0x74,
    0xF5, 0xF5, 0xF3, 0x04, 0xC1, 0x63, 0xE4, 0xE9, 0x35, 0x31, 0x04, 0x70, 0x33, 0xA4, 0x80, 0xD9,
    0x33, 0xFD, 0x72, 0x30, 0xC4, 0x84, 0x93, 0x62, 0x28, 0xCC, 0x52, 0xF1, 0xDD, 0xC0, 0xAC, 0xD0,
    0x15, 0x66, 0x45, 0x42, 0x41, 0x85, 0xFC, 0x72, 0x6A, 0x13, 0x98, 0x3C, 0x61, 0xB4, 0x17, 0x0E,
    0xDA, 0x7F, 0x09, 0x38, 0xF9, 0x71, 0x9B, 0x99, 0xEF, 0x6B, 0xAE, 0x9D, 0x5E, 0x37, 0xF8, 0x2D,
    0xE7, 0x33, 0xEE, 0xB4, 0x12, 0xBD, 0x32, 0xC3, 0xFA, 0x33, 0x5C, 0x04, 0xE7, 0x21, 0x84, 0x85,
    0xA0, 0x0D, 0xFD, 0x37, 0xA1, 0xF6, 0x24, 0x98, 0x12, 0x7F, 0xBF, 0x31, 0x6A, 0xA1, 0xBF, 0xCE,
    0x38, 0x2A, 0x3B, 0xC9, 0x29, 0xDF, 0xFD, 0x65, 0xC7, 0xAE, 0x8C, 0x91, 0x79, 0x22, 0x53, 0xDC,
    0xCD, 0x4E, 0xBF, 0xD5, 0xB5, 0x61, 0xC1, 0xDD, 0xA8, 0x99, 0xAF, 0x0D, 0x91, 0x30, 0x59, 0xDE,
    0x6C, 0xEE, 0x24, 0x05, 0x9A, 0x5A, 0xB0, 0x8A, 0xBF, 0x12, 0xE3, 0xDF, 0x0E, 0x9C, 0xCF, 0x27,
    0xFF, 0x3C, 0x18, 0x95, 0xE8, 0xB5, 0x3C, 0x14, 0xED, 0x56, 0xAA, 0xBF, 0x91, 0xB0, 0x6B, 0x98,
    0xEC, 0xE2, 0xBC, 0xBD, 0x15, 0xD6, 0xE0, 0xAD, 0x4A, 0xDE, 0x02, 0x9F, 0x05, 0x40, 0x7C, 0xD8,
    0x96, 0xF8, 0x57, 0x89, 0x59, 0x2B, 0xA3, 0x3C, 0xCD, 0x0B, 0x60, 0x9C, 0xC0, 0xF9, 0x47, 0xCC,
    0xB5, 0xC1, 0x17, 0xE7, 0xDA, 0x7B, 0xC0, 0x63, 0x9F, 0x27, 0xBE, 0x01, 0x9E, 0x5C, 0xFF, 0x29,
    0xCC, 0x90, 0x31, 0xE9, 0x6A, 0xC9, 0x58, 0xFB, 0xC1, 0xEC, 0x09, 0xA0, 0xA7, 0x2C, 0xC0, 0x0C,
    0x6E, 0xE2, 0xE7, 0x00, 0xF0, 0xA3, 0x77, 0x96, 0x9C, 0x2F, 0xC1, 0x8F, 0xCD, 0x57, 0x0B, 0x13,
    0xE2, 0x6D, 0xEF, 0x6B, 0xE3, 0x6F, 0x75, 0x79, 0x04, 0xA0, 0xFD, 0xD3, 0xA7, 0x98, 0xFF, 0x29,
    0x76, 0x52, 0xEC, 0x73, 0xB8, 0xD9, 0x6D, 0x8C, 0x76, 0x75, 0xB1, 0xF4, 0x2E, 0x0E, 0xA5, 0x77,
    0x63, 0x9C, 0x27, 0x17, 0x03, 0x2E, 0xAA, 0x04, 0x89, 0x79, 0xCA, 0x00, 0x30, 0x6E, 0x34, 0xCA,
    0x18, 0x69, 0xB2, 0xDB, 0x1C, 0x87, 0xE2, 0xEF, 0xE2, 0x78, 0xE2, 0x5D, 0x9C, 0x4F, 0xFC, 0xEC,
    0x43, 0x89, 0x17, 0x4E, 0x07, 0x56, 0x3B, 0xE6, 0xFA, 0x91, 0x31, 0xD2, 0xD5, 0x55, 0x66, 0xF1,
    0xFD, 0x4C, 0x7B, 0x50, 0xCB, 0xAB, 0x46, 0xB7, 0xD3, 0x17, 0x5B, 0xB1, 0xD5, 0x18, 0x16, 0x00,
    0x08, 0x2B, 0xA6, 0x26, 0x91, 0x30, 0x5F, 0x0B, 0xA6, 0x02, 0x85, 0x26, 0x53, 0xA3, 0xB0, 0x1B,
    0xB8, 0x1B, 0x8D, 0x26, 0xFA, 0xE3, 0x13, 0x9C, 0x12, 0xAA, 0x68, 0xBF, 0xE2, 0x37, 0x8C, 0x32,
    0xAD, 0x04, 0x5E, 0x13, 0x84, 0x33, 0xDE, 0x25, 0x98, 0xD7, 0xC2, 0x7E, 0xE6, 0x69, 0x0E, 0x3E,
    0x2E, 0xE5, 0x84, 0x4B, 0x15, 0xF6, 0x2A, 0xB8, 0x26, 0xC6, 0x08, 0x6C, 0xC1, 0x05, 0xF8, 0xE2,
    0x0B, 0x9A, 0x94, 0x31, 0xEB, 0x81, 0xFD, 0x47, 0x62, 0xFC, 0x7D, 0xA2, 0x2A, 0x51, 0x85, 0x20,
    0x4D, 0x55, 0x89, 0xF4, 0x17, 0x41, 0x1E, 0x29, 0x16, 0x7C, 0x9B, 0x5F, 0x62, 0xEA, 0x56, 0x6F,
    0x8A, 0x8B, 0x36, 0x7A, 0x25, 0xDA, 0x3F, 0x1E, 0xE7, 0x39, 0x0A, 0x1F, 0x9B, 0x73, 0xEF, 0x73,
    0x62, 0x44, 0xF8, 0x0D, 0xE7, 0x33, 0x64, 0x6A, 0x8E, 0xDA, 0xF0, 0x7E, 0xFF, 0x08, 0xBB, 0xC0,
    0xF8, 0x25, 0x38, 0x6D, 0x85, 0x84, 0xFB, 0xFA, 0x12, 0x46, 0xE5, 0xCB, 0x83, 0xF1, 0x9B, 0x84,
    0xD5, 0x76, 0x35, 0xFC, 0x52, 0x64, 0x9E, 0x75, 0x3C, 0x7B, 0xB5, 0xD5, 0x60, 0xE7, 0x09, 0xF5,
    0xAC, 0x26, 0xBD, 0x2F, 0xC7, 0x39, 0x5E, 0x6A, 0xDA, 0xCF, 0xFF, 0x70, 0x16, 0xDD, 0xEA, 0xA6,
    0x7E, 0x75, 0x98, 0x5D, 0xB4, 0x4A, 0x85, 0x5A, 0xDC, 0x8E, 0xFB, 0x7B, 0x62, 0xE6, 0x20, 0x14,
    0xE6, 0xAF, 0x52, 0x2D, 0xE6, 0x6C, 0xD8, 0x9F, 0x39, 0x9F, 0x79, 0xA1, 0xFA, 0xF7, 0xCA, 0xD8,
    0x55, 0x0C, 0x71, 0x9E, 0xBE, 0x63, 0xD1, 0x64, 0xA5, 0xA9, 0x93, 0x8A, 0x6F, 0x81, 0xCC, 0x87,
    0xA6, 0xC4, 0x87, 0x8D, 0xA0, 0x05, 0xA7, 0x89, 0xF6, 0x39, 0xE0, 0x80, 0xF9, 0x31, 0x41, 0xF2,
    0xBA, 0x60, 0x9E, 0x60, 0xE6, 0x31, 0xBC, 0xE7, 0xF3, 0xC4, 0x37, 0x3C, 0xED, 0xC7, 0x47, 0xE0,
    0x22, 0xE1, 0x12, 0x65, 0x77, 0x35, 0x86, 0xF1, 0x41, 0x4E, 0x75, 0xCB, 0xCB, 0xFC, 0xB5, 0x32,
    0x46, 0x86, 0x88, 0x3D, 0x33, 0xFC, 0x10, 0xF2, 0x5B, 0xA9, 0x9E, 0xA2, 0xBC, 0xEC, 0x0A, 0x0E,
    0x5C, 0x72, 0x7C, 0xDB, 0xFB, 0xE5, 0x1A, 0x8F, 0x9F, 0x5E, 0x45, 0xFD, 0x3A, 0x76, 0xBA, 0x8F,
    0x56, 0x8A, 0x6E, 0x91, 0xAF, 0xEA, 0x0B, 0xD3, 0x3B, 0x57, 0x4A, 0x09, 0xD4, 0xAF, 0x12, 0x41,
    0x09, 0x97, 0x77, 0xFA, 0xFF, 0xBC, 0x80, 0x79, 0x3B, 0xC5, 0x91, 0x85, 0xBB, 0x05, 0x9C, 0x17,
    0xE1, 0xFE, 0x40, 0xDA, 0xD0, 0x9B, 0x09, 0x01, 0x9A, 0x7E, 0x72, 0x4E, 0xBB, 0xC2, 0x07, 0xF2,
    0x10, 0x16, 0x3A, 0x25, 0xAC, 0x6A, 0x8C, 0xA8, 0x4A, 0x0D, 0x84, 0x87, 0xEB, 0xAB, 0x79, 0xB8,
    0xBE, 0x46, 0x2D, 0x7C, 0x90, 0x01, 0x35, 0x82, 0xF0, 0xCB, 0x03, 0xDC, 0x1F, 0x36, 0x70, 0xF7,
    0x0B, 0x0C, 0xF2, 0x60, 0x05, 0xD8, 0x04, 0x8C, 0x07, 0x10, 0x04, 0x6D, 0x0E, 0xD0, 0x25, 0x17,
    0x19, 0x56, 0x17, 0xB9, 0x7B, 0xFE, 0x83, 0xE7, 0x34, 0x75, 0x53, 0x1D, 0x74, 0xDF, 0x88, 0x86,
    0x70, 0xCE, 0xD0, 0x57, 0xF2, 0xBD, 0xE4, 0xDD, 0x9B, 0xEB, 0x06, 0x35, 0x47, 0x49, 0x7C, 0x6E,
    0xDA, 0x65, 0xE0, 0x8E, 0x4B, 0xAC, 0x17, 0x19, 0x9A, 0x14, 0x7C, 0x2B, 0xDD, 0x8C, 0xB4, 0x9A,
    0x6C, 0xD7, 0x2E, 0xD9, 0xB5, 0xDF, 0xCE, 0x7B, 0xB4, 0xDE, 0xA4, 0x76, 0x19, 0xE3, 0x75, 0x9B,
    0xD6, 0x41, 0x34, 0xDD, 0x4D, 0xCF, 0x9E, 0xCC, 0xD3, 0x1E, 0x26, 0x99, 0x64, 0x37, 0x53, 0xCA,
    0x34, 0xBB, 0xE8, 0x5E, 0x27, 0x7A, 0xAD, 0x58, 0x55, 0x36, 0x86, 0xD7, 0xD7, 0xB5, 0x13, 0x55,
    0x08, 0x25, 0xCF, 0x9D, 0xE7, 0x6E, 0xBA, 0x66, 0xAA, 0x20, 0xD3, 0xBC, 0x37, 0xBA, 0x4A, 0xE0,
    0x69, 0xCB, 0x35, 0xCE, 0x8B, 0x95, 0x88, 0x66, 0x0B, 0xBF, 0xC8, 0xB4, 0xAF, 0xF5, 0x6F, 0x55,
    0x0D, 0x4B, 0xB1, 0xD4, 0x9D, 0xC6, 0x5B, 0xA9, 0x7C, 0x1B, 0x6F, 0xB5, 0xF6, 0x3A, 0x78, 0xCB,
    0xC8, 0x2D, 0x7F, 0xEB, 0x08, 0xB5, 0x4B, 0xAD, 0x7B, 0x2C, 0xDF, 0x81, 0x7A, 0x0A, 0x51, 0xBF,
    0x45, 0x3D, 0xC9, 0x67, 0xB4, 0x6B, 0xC0, 0xBC, 0x56, 0x1D, 0xDB, 0x4B, 0x7F, 0x0C, 0x8B, 0xDD,
    0xCA, 0xB9, 0xD7, 0xF3, 0xDC, 0x35, 0xC7, 0x78, 0x9D, 0xDB, 0xF9, 0x40, 0x8D, 0x7A, 0xC6, 0x4B,
    0xF8, 0x7C, 0xF6, 0x64, 0xAD, 0x8D, 0xB4, 0xB6, 0xEA, 0xF7, 0x72, 0xF2, 0xDD, 0xEC, 0xDD, 0x6E,
    0xB6, 0x7E, 0xEB, 0xD6, 0xD2, 0xBF, 0x82, 0xDD, 0xDD, 0xCD, 0x4A, 0x7E, 0xB8, 0x17, 0xE3, 0x57,
    0x5B, 0xAD, 0xFD, 0xE1, 0xEE, 0xE7, 0xA4, 0x29, 0x5B, 0x2A, 0x0D, 0x6F, 0x4A, 0xD9, 0xDF, 0x1B,
    0x57, 0x6C, 0xA6, 0x53, 0x24, 0x2C, 0xD8, 0xD5, 0xDB, 0x55, 0x5A, 0x24, 0xFF, 0xBB, 0xFF, 0xC3,
    0x27, 0xB0, 0x63, 0x36, 0x7A, 0xDD, 0x82, 0x6E, 0x52, 0x7C, 0xA7, 0x23, 0x0F, 0x5A, 0x08, 0x89,
    0x39, 0x31, 0xEC, 0x7C, 0x0B, 0x7D, 0x97, 0x01, 0xC4, 0x27, 0xC7, 0xF9, 0xC7, 0x9F, 0xFD, 0x6D,
    0x72, 0xFB, 0xFF, 0x67, 0x31, 0x7F, 0x84, 0x3F, 0x2D, 0xDD, 0xA2, 0x68, 0x53, 0xB2, 0xA0, 0x40,
    0x9A, 0x59, 0x29, 0x8A, 0x40, 0x90, 0x2B, 0x04, 0x05, 0x28, 0x70, 0x00, 0x45, 0x62, 0xB7, 0x29,
    0x0E, 0x45, 0x5F, 0x34, 0x00, 0x04, 0x41, 0xFA, 0x16, 0x07, 0x45, 0xD4, 0xE5, 0x66, 0x73, 0x87,
    0x94, 0x43, 0xB6, 0xA9, 0x34, 0x38, 0x74, 0x9B, 0x8B, 0xA2, 0x87, 0x1B, 0xF7, 0xEE, 0x25, 0xDB,
    0x7B, 0x67, 0xE7, 0xDB, 0xF9, 0x3E, 0xF3, 0xFB, 0xBD, 0xEF, 0x2F, 0x51, 0x59, 0x7C, 0xBE, 0xCF,
    0xFB, 0x9B, 0x99, 0x79, 0xE6, 0x99, 0xE7, 0x99, 0x99, 0x3B, 0xC9, 0x5F, 0x85, 0x35, 0xD1, 0x02,
    0x22, 0x05, 0x10, 0x45, 0x4A, 0x20, 0x88, 0x18, 0xFC, 0xF3, 0xA6, 0x48, 0x0B, 0x61, 0x63, 0x50,
    0x2E, 0xA4, 0xF3, 0x2D, 0xA2, 0xC0, 0x73, 0x00, 0x66, 0x4B, 0x7B, 0xEE, 0x95, 0xEE, 0xC9, 0xBB,
    0x02, 0x8F, 0x49, 0x04, 0x0B, 0x46, 0x11, 0x07, 0xC0, 0x8B, 0x55, 0x36, 0xCA, 0x2A, 0x71, 0x16,
    0xF9, 0x21, 0x4E, 0x07, 0xBA, 0xE1, 0x74, 0x75, 0xCC, 0xBC, 0xDA, 0xD1, 0x25, 0x87, 0x29, 0x39,
    0x60, 0xA0, 0x7B, 0x74, 0x6C, 0xEF, 0xC8, 0x47, 0x93, 0x48, 0x71, 0x96, 0xDA, 0xCA, 0x4F, 0x89,
    0x7B, 0x03, 0x5D, 0x74, 0x9C, 0x74, 0xA2, 0x97, 0x45, 0x00, 0xAC, 0x3B, 0x44, 0x3B, 0x55, 0x78,
    0xFD, 0x4F, 0x9D, 0x89, 0x2F, 0x2C, 0xD2, 0x84, 0xF7, 0xBC, 0xD8, 0xE5, 0xD1, 0x2C, 0xD6, 0x9F,
    0x4D, 0xD2, 0x7F, 0x76, 0x7F, 0x14, 0x77, 0x3F, 0x8D, 0xC7, 0x5F, 0x3F, 0xEA, 0x04, 0x1F, 0xFE,
    0x56, 0x04, 0x1F, 0xFD, 0x3C, 0xE1, 0xEF, 0xCF, 0x27, 0x3C, 0x7C, 0x41, 0xC4, 0x6D, 0xAF, 0x8B,
    0xF4, 0xE1, 0x3D, 0x46, 0xED, 0xFF, 0xC8, 0x15, 0x04, 0x2E, 0x29, 0x72, 0x5B, 0x56, 0xD9, 0xD1,
    0x59, 0x79, 0xF7, 0x73, 0x91, 0x32, 0x8D, 0x97, 0x3A, 0x8D, 0x17, 0xF3, 0x9D, 0x84, 0x42, 0x8E,
    0xBE, 0x86, 0xDB, 0x58, 0x68, 0xB0, 0xE6, 0x62, 0x13, 0x26, 0x01, 0x1E, 0x60, 0xDC, 0x21, 0x48,
    0xDD, 0x95, 0x98, 0x19, 0x36, 0x46, 0x8E, 0x47, 0x82, 0xB4, 0x91, 0xB4, 0xA1, 0x78, 0xE5, 0xF9,
    0xC4, 0x7A, 0x81, 0xF4, 0xAB, 0x39, 0x8B, 0xE2, 0x16, 0x73, 0xBE, 0x89, 0xF3, 0x0D, 0x82, 0xC0,
    0xB7, 0x9B, 0x90, 0x2B, 0x69, 0xFD, 0x81, 0x6E, 0xE9, 0x67, 0x2E, 0xDA, 0x4D, 0x22, 0x36, 0xE2,
    0x83, 0x41, 0x1D, 0x8E, 0x62, 0x94, 0xB5, 0x72, 0xA7, 0x14, 0x0B, 0xFA, 0x29, 0xAE, 0x26, 0x30,
    0x22, 0x0C, 0x99, 0x9A, 0x9A, 0x4E, 0xBB, 0x8A, 0x98, 0x78, 0x7A, 0x9A, 0x18, 0x44, 0x0E, 0x6C,
    0x56, 0xB2, 0x5D, 0x48, 0xFB, 0x84, 0xD9, 0xB3, 0x79, 0x36, 0x65, 0xAF, 0x74, 0x9A, 0x31, 0x5A,
    0xC7, 0x64, 0x17, 0xAF, 0x8D, 0xB3, 0x72, 0x12, 0xF9, 0x7F, 0x30, 0xD9, 0x39, 0xFD, 0x55, 0x4E,
    0xFF, 0x26, 0xF9, 0x7B, 0x96, 0xA8, 0x75, 0x6F, 0x7A, 0x84, 0xBC, 0x87, 0xBA, 0xCE, 0xC8, 0x9F,
    0xBB, 0x55, 0xC4, 0x6C, 0xF2, 0x7F, 0x22, 0xCD, 0xE5, 0xAA, 0x0A, 0x97, 0xBB, 0x5C, 0x52, 0xCC,
    0x7A, 0xB1, 0xF2, 0x2A, 0xD7, 0xF2, 0x81, 0x6C, 0x68, 0xBD, 0x46, 0xA1, 0xD4, 0x15, 0x96, 0x78,
    0x2B, 0x2D, 0xA8, 0xD5, 0xFD, 0xE9, 0x95, 0x4E, 0xB7, 0x04, 0xCA, 0xFC, 0xC5, 0xBD, 0x96, 0x21,
    0xAB, 0xD4, 0x4B, 0x56, 0x31, 0x3E, 0xE1, 0xB9, 0xA1, 0x9D, 0x2D, 0xB8, 0xFB, 0xB7, 0x11, 0x1C,
    0xDD, 0xB8, 0xBB, 0x1C, 0xBE, 0x25, 0xE3, 0x21, 0xF8, 0x89, 0xA8, 0xA8, 0xB1, 0x55, 0x58, 0x0D,
    0xA4, 0xC0, 0x52, 0xC2, 0xD7, 0x90, 0x1D, 0x7C, 0x89, 0x31, 0x19, 0x25, 0xA6, 0x0A, 0xA3, 0x81,
    0xE8, 0x9F, 0x9D, 0x61, 0xD1, 0x0D, 0x06, 0x0C, 0xBA, 0x4A, 0x7F, 0x82, 0x71, 0xD7, 0x10, 0x1B,
    0xA5, 0x65, 0x51, 0x4A, 0xBF, 0x89, 0x4D, 0x46, 0x14, 0x04, 0xB1, 0x6B, 0xEA, 0x56, 0x26, 0xA3,
    0x67, 0xD5, 0x57, 0xC9, 0x70, 0x3E, 0x75, 0x33, 0x58, 0x69, 0xD8, 0x60, 0x79, 0x40, 0x92, 0xB1,
    0xF6, 0x89, 0x98, 0x53, 0x37, 0xC0, 0x17, 0x98, 0x8E, 0x62, 0xAA, 0xD6, 0xE3, 0x98, 0x34, 0xE3,
    0x23, 0x79, 0xFC, 0xB5, 0x4B, 0x49, 0x5F, 0x8A, 0x2A, 0x21, 0xD4, 0xAB, 0xF4, 0xA9, 0x5C, 0xC5,
    0x85, 0x34, 0x2A, 0x12, 0x5B, 0x42, 0x11, 0xE3, 0xB5, 0xC7, 0x2C, 0x42, 0x10, 0xB1, 0x0C, 0xD1,
    0x8E, 0x65, 0x80, 0x1D, 0xB9, 0xB5, 0x01, 0xC4, 0x8D, 0x27, 0x70, 0xEF, 0x18, 0xDF, 0xF7, 0xC9,
    0x9D, 0x75, 0xC4, 0x2D, 0x69, 0x66, 0xBB, 0x49, 0x3B, 0xD9, 0x20, 0x76, 0x54, 0xB4, 0x8A, 0x95,
    0x65, 0xF4, 0xB9, 0x90, 0x50, 0x6A, 0xBD, 0x9D, 0x6B, 0x49, 0x4D, 0xBD, 0x67, 0x1E, 0x6D, 0xBE,
    0x63, 0x20, 0xAD, 0xD2, 0x5E, 0x90, 0x7B, 0x28, 0x98, 0x12, 0x77, 0x18, 0xA5, 0xC2, 0x0D, 0xB0,
    0x94, 0x10, 0x94, 0x33, 0xAB, 0xE2, 0xDF, 0x5F, 0x2F, 0xF3, 0xE3, 0x62, 0xF7, 0x97, 0xEC, 0x95,
    0x6E, 0x26, 0xF3, 0xB0, 0x6C, 0x60, 0xA6, 0xD2, 0xBD, 0x0E, 0xE4, 0x0A, 0x36, 0xAA, 0xBA, 0xCF,
    0xC6, 0xDA, 0xEE, 0x8D, 0xC5, 0x40, 0xAE, 0xA5, 0x91, 0xCE, 0xD7, 0xF8, 0x09, 0x30, 0xA9, 0xA1,
    0x53, 0xC0, 0x1B, 0xB4, 0x0C, 0x0C, 0x73, 0x03, 0xBB, 0x5D, 0x1B, 0x52, 0x6E, 0x5C, 0xEC, 0xFD,
    0x4E, 0x4F, 0x6E, 0xA0, 0x73, 0x96, 0xB7, 0xEF, 0xD7, 0x6C, 0x8C, 0x36, 0xAA, 0x11, 0x85, 0x85,
    0x57, 0xD1, 0x60, 0xAE, 0x6B, 0x68, 0xD5, 0xB0, 0x3C, 0x6A, 0x88, 0xB8, 0x28, 0x26, 0xD2, 0xD0,
    0x2A, 0xAA, 0x78, 0xC4, 0x59, 0x45, 0x25, 0x06, 0x1A, 0x6D, 0x32, 0xEE, 0xB2, 0xCC, 0x2C, 0x0D,
    0x2E, 0xDB, 0xAE, 0x3B, 0x1A, 0xAC, 0xA2, 0x02, 0xF7, 0x00, 0xCF, 0xE2, 0xC1, 0x67, 0x17, 0x07,
    0xE1, 0xE9, 0x57, 0x12, 0x38, 0x78, 0x15, 0xFC, 0xEA, 0x55, 0xB3, 0x08, 0x7E, 0xBD, 0x19, 0x2F,
    0xF8, 0x69, 0x68, 0x12, 0xEB, 0xD0, 0x4E, 0x05, 0x4C, 0xB0, 0xE3, 0x81, 0x6D, 0xE8, 0x87, 0x5D,
    0x7C, 0x31, 0x40, 0x76, 0xF1, 0xC7, 0x2B, 0xA4, 0x8A, 0xB7, 0x22, 0x3A, 0xCD, 0xCE, 0xA4, 0x1C,
    0xCB, 0xED, 0x8B, 0x2F, 0x83, 0x94, 0xF1, 0xEC, 0x6C, 0x91, 0xF2, 0xFC, 0xEC, 0xDC, 0x27, 0xDE,
    0xE7, 0x5B, 0x71, 0x7E, 0x07, 0xB3, 0x54, 0xB8, 0xA3, 0x37, 0xD8, 0x75, 0xE5, 0xCB, 0xBA, 0xEC,
    0x1A, 0xDD, 0x3E, 0x3A, 0x13, 0x4D, 0xCC, 0x29, 0xF8, 0x5C, 0xCA, 0x4D, 0x0B, 0x80, 0x77, 0x89,
    0x1E, 0x65, 0x13, 0xF2, 0xD3, 0x43, 0x7D, 0xFC, 0xB3, 0xA4, 0xAB, 0xF4, 0xB3, 0xB4, 0x6B, 0xCA,
    0xB1, 0x9B, 0xC4, 0x84, 0x94, 0x5F, 0x77, 0x9B, 0xAB, 0xF4, 0x82, 0x3B, 0x97, 0xBA, 0xDA, 0xB9,
    0xC0, 0xF5, 0xD8, 0xAC, 0xFD, 0xB4, 0xC3, 0xCB, 0x5B, 0xBB, 0xB8, 0xB1, 0xD4, 0x56, 0x5C, 0x6A,
    0x64, 0x2F, 0x0C, 0x15, 0x7B, 0x7D, 0x86, 0x2E, 0x45, 0xED, 0xD3, 0x54, 0xA2, 0xAD, 0x77, 0x0E,
    0x1A, 0xC5, 0xAC, 0xFD, 0x3F, 0xF0, 0x9B, 0xB4, 0x9C, 0x45, 0x1D, 0x4A, 0xEA, 0x35, 0xF2, 0x98,
    0x72, 0x8E, 0x1D, 0x3C, 0x55, 0x9F, 0x85, 0xD4, 0x4B, 0x6F, 0x1A, 0xF7, 0xB1, 0xDE, 0x18, 0x5C,
    0x06, 0x70, 0x72, 0xB9, 0xDD, 0xF9, 0xC6, 0x3A, 0x75, 0x4F, 0x12, 0xA1, 0xCF, 0xB4, 0x52, 0xAE,
    0xBA, 0x49, 0x0B, 0x72, 0x14, 0xD9, 0xBD, 0xEB, 0x2E, 0x5E, 0xCB, 0xA3, 0x9B, 0xB0, 0x8E, 0x65,
    0xA2, 0x59, 0xCB, 0x28, 0xD2, 0xF8, 0x72, 0xE3, 0x54, 0x65, 0x20, 0x2B, 0x72, 0x69, 0xC2, 0xA1,
    0x6C, 0x0D, 0xB0, 0x70, 0xD4, 0x03, 0xBA, 0xBA, 0xA5, 0x6E, 0xF5, 0x73, 0xDA, 0x8A, 0x03, 0x97,
    0xBC, 0x2A, 0x62, 0xA7, 0x7F, 0xB4, 0x5A, 0xEA, 0xA0, 0xE3, 0xFC, 0x8E, 0x18, 0x0C, 0xEF, 0x8B,
    0x34, 0x9B, 0x7C, 0x8F, 0x65, 0x7F, 0x71, 0x6C, 0xAE, 0xE4, 0xF7, 0xE8, 0x88, 0x3B, 0x2D, 0xA9,
    0x52, 0xA9, 0x8F, 0xAC, 0xD8, 0x03, 0xD7, 0xC3, 0xEF, 0x3C, 0xB1, 0x0C, 0x97, 0x14, 0xF8, 0xAA,
    0xD3, 0x05, 0xE9, 0xBB, 0xA3, 0x47, 0x57, 0xED, 0x9D, 0x2E, 0x41, 0xBE, 0xC5, 0x01, 0x15, 0xA4,
    0x56, 0x0F, 0xD2, 0xA0, 0xA3, 0xD8, 0xC8, 0x2A, 0x11, 0x17, 0xB8, 0xA6, 0x02, 0x5E, 0xB4, 0xE6,
    0x79, 0x51, 0x07, 0x83, 0x81, 0xD2, 0x42, 0x0F, 0xA8, 0x0D, 0x5C, 0xEA, 0xC2, 0x1E, 0xE2, 0x1E,
    0xB1, 0x87, 0xE0, 0x4C, 0x7B, 0xE4, 0xE4, 0x1C, 0x8B, 0xA8, 0xE8, 0xF1, 0x3B, 0xC7, 0x40, 0x61,
    0x91, 0x4A, 0x85, 0x97, 0x28, 0x35, 0x8A, 0xBC, 0x38, 0x81, 0xBF, 0x14, 0x3E, 0xE4, 0xBA, 0x2F,
    0x7D, 0xE0, 0x1A, 0x84, 0xFE, 0x6C, 0x92, 0x8D, 0xA2, 0x8F, 0x7F, 0xA1, 0x1E, 0x76, 0x64, 0x57,
    0x92, 0x92, 0x59, 0x5C, 0x75, 0x8F, 0x5F, 0xE5, 0xAA, 0xF2, 0x8B, 0x35, 0x9F, 0x90, 0xF7, 0x66,
    0x12, 0x5E, 0x87, 0x75, 0x97, 0xD9, 0x18, 0x68, 0xE2, 0xE5, 0xEE, 0xB0, 0xD5, 0x9F, 0x02, 0x29,
    0x5F, 0x35, 0x66, 0x6D, 0x95, 0xC3, 0x6E, 0x59, 0x04, 0xF2, 0x06, 0xF9, 0xFD, 0x96, 0x64, 0xB2,
    0xC8, 0xA3, 0x5B, 0xEF, 0xF0, 0x31, 0x79, 0xDA, 0x98, 0xE3, 0x1E, 0x2E, 0x2C, 0xED, 0xAB, 0xA7,
    0x6D, 0x53, 0xCB, 0x3C, 0xF9, 0x03, 0xA0, 0xD6, 0xFF, 0xF2, 0xE7, 0x51, 0xCD, 0xE7, 0xDE, 0xA9,
    0x30, 0x49, 0xF6, 0xC0, 0xAA, 0xDF, 0x7B, 0x51, 0x4B, 0x83, 0x72, 0x17, 0x56, 0x9F, 0x27, 0xC4,
    0xFC, 0x75, 0x4B, 0x4B, 0x20, 0xF7, 0xDB, 0xA9, 0xB5, 0xC3, 0x09, 0xDF, 0x48, 0x81, 0x6F, 0x11,
    0xB4, 0x58, 0x30, 0xE7, 0x1D, 0xEB, 0x76, 0xF8, 0x18, 0xE7, 0xE8, 0x2A, 0x68, 0x5A, 0x04, 0x43,
    0x0D, 0x31, 0xE9, 0x44, 0x8B, 0x3E, 0xAC, 0x16, 0x75, 0x10, 0x37, 0x9A, 0xB8, 0xC3, 0x66, 0x82,
    0xFE, 0xE6, 0xB0, 0x9A, 0x50, 0x60, 0x68, 0x00, 0xCC, 0x4D, 0xAC, 0xA0, 0x11, 0x75, 0x09, 0x51,
    0x8B, 0x91, 0x08, 0x09, 0xB1, 0x13, 0xAB, 0x4F, 0x8E, 0x46, 0x30, 0x5F, 0x95, 0xFC, 0xF5, 0x73,
    0x56, 0x3E, 0x45, 0x07, 0x0B, 0xE3, 0x7F, 0xB1, 0x06, 0x52, 0x63, 0xE9, 0x28, 0x1A, 0xCB, 0xA1,
    0xB1, 0xBC, 0xB0, 0x0E, 0x7D, 0x56, 0x8A, 0x01, 0x28, 0x16, 0x3A, 0x38, 0x97, 0xBE, 0x60, 0xA1,
    0x14, 0x98, 0xF5, 0xE0, 0x63, 0xDC, 0x0B, 0x92, 0x94, 0x07, 0xB9, 0xAD, 0x35, 0xC1, 0xF8, 0x29,
    0xF7, 0x36, 0x9D, 0x52, 0x73, 0xAE, 0x45, 0xA3, 0x32, 0x52, 0x9C, 0x2E, 0xA6, 0xEB, 0x23, 0x7B,
    0x8C, 0x7A, 0x08, 0xCA, 0xD9, 0xEA, 0xA5, 0xEA, 0xD5, 0x79, 0x73, 0xA6, 0x62, 0xB1, 0xBF, 0x5B,
    0xBE, 0xC4, 0xC0, 0x0A, 0xBB, 0x93, 0xA4, 0x5A, 0xC1, 0x1C, 0x18, 0xBF, 0x51, 0xEC, 0xF8, 0x1E,
    0x45, 0xE4, 0xBB, 0x59, 0xE4, 0xAB, 0x52, 0xE7, 0x03, 0x7D, 0x4D, 0x03, 0xAA, 0xB0, 0x97, 0x90,
    0x65, 0xA1, 0x30, 0x8B, 0xDF, 0xF4, 0xCE, 0x3B, 0xAF, 0x45, 0x9D, 0x13, 0x85, 0xEE, 0x0A, 0x3E,
    0xE9, 0x1F, 0xF3, 0x16, 0xB1, 0x5E, 0x13, 0xA6, 0xC9, 0xC2, 0xA6, 0x0C, 0x52, 0xA1, 0xD2, 0xB7,
    0x02, 0x51, 0xC8, 0x7C, 0xC3, 0x0D, 0x89, 0xF1, 0x84, 0x41, 0x85, 0x6F, 0x7C, 0xE7, 0xE7, 0xA3,
    0x77, 0x5E, 0x76, 0xBA, 0x27, 0xEB, 0x01, 0x15, 0xBB, 0xBB, 0xA8, 0x31, 0x8C, 0x74, 0x3C, 0x33,
    0x2F, 0xBE, 0x80, 0x6F, 0xC6, 0x14, 0xC1, 0x4E, 0x6A, 0x1C, 0xFE, 0x39, 0xD1, 0x12, 0x76, 0x21,
    0xFC, 0x95, 0xD3, 0x93, 0xDE, 0x1B, 0x4C, 0x2E, 0x61, 0xCC, 0x98, 0x1B, 0x42, 0x30, 0xF0, 0x85,
    0xED, 0x7A, 0x5F, 0x80, 0x27, 0x24, 0x61, 0x2B, 0x21, 0x8D, 0xBE, 0xE7, 0x8C, 0xA7, 0xD4, 0x73,
    0xE6, 0x74, 0xF1, 0x8B, 0x24, 0xCC, 0x07, 0x34, 0xA3, 0x5C, 0x7C, 0x06, 0xFA, 0x47, 0x93, 0xC5,
    0x66, 0xE9, 0xB3, 0x40, 0xA5, 0x80, 0x1E, 0xC3, 0x32, 0x4B, 0x05, 0xA7, 0xF3, 0xC4, 0x9E, 0xD2,
    0x04, 0x8A, 0x03, 0xE8, 0x0B, 0x47, 0xE2, 0x59, 0x59, 0xDC, 0x95, 0x52, 0xA5, 0x78, 0x0D, 0x6F,
    0xF5, 0x8F, 0xF3, 0xED, 0x84, 0x71, 0x2F, 0x3B, 0x17, 0x4F, 0x5D, 0x1C, 0xC4, 0x2D, 0x7A, 0x87,
    0xC0, 0x73, 0x63, 0x77, 0x98, 0x52, 0xFC, 0x1C, 0x46, 0xA9, 0xD1, 0x51, 0x0C, 0x74, 0xEB, 0xDB,
    0x4D, 0xC5, 0x86, 0x24, 0x5A, 0x99, 0x1D, 0x57, 0x17, 0xF7, 0x29, 0xB2, 0xE0, 0x50, 0xBA, 0x36,
    0x9D, 0xF3, 0xF2, 0x54, 0x4E, 0x4A, 0x4F, 0x60, 0x7A, 0x86, 0x29, 0x36, 0x09, 0xA1, 0x21, 0xA4,
    0xC6, 0x92, 0x6F, 0x1A, 0xBD, 0x8E, 0x08, 0xDF, 0x13, 0x75, 0xD4, 0x24, 0x28, 0xD2, 0x14, 0x66,
    0x93, 0x9B, 0x62, 0x70, 0x03, 0x52, 0xED, 0xEF, 0xD5, 0x75, 0xBF, 0xA5, 0x57, 0xDE, 0x11, 0x7E,
    0x2B, 0x13, 0xAD, 0x58, 0x12, 0x4A, 0xBD, 0x56, 0x83, 0x56, 0x4E, 0x97, 0xAB, 0x10, 0xC0, 0x54,
    0xE2, 0xE1, 0xC3, 0xAE, 0x86, 0xF9, 0x73, 0x9A, 0xAF, 0x61, 0x5C, 0xED, 0x20, 0x76, 0x69, 0x53,
    0x0F, 0x6F, 0x45, 0x7A, 0xC2, 0xCD, 0xBD, 0x08, 0xE6, 0x5B, 0x5C, 0xEB, 0xFB, 0x44, 0x38, 0x60,
    0x4E, 0x70, 0x8F, 0x56, 0x91, 0xFE, 0xD1, 0xC2, 0x04, 0x3D, 0x3A, 0x04, 0xC9, 0xB5, 0x94, 0xB4,
    0x78, 0x16, 0x0F, 0xE9, 0x1D, 0x0F, 0x48, 0x2E, 0xF4, 0xD3, 0xEA, 0xB3, 0x83, 0x48, 0xBD, 0x8A,
    0xCB, 0xA5, 0x80, 0x4E, 0x9F, 0x73, 0xB0, 0x1E, 0xD3, 0xC5, 0x7B, 0x3A, 0xD4, 0x39, 0x1F, 0xF6,
    0x58, 0x86, 0x2C, 0x9A, 0xBF, 0x20, 0x2A, 0xF9, 0x75, 0xA5, 0x54, 0x2C, 0x3B, 0x46, 0x29, 0xEE,
    0x2B, 0x2F, 0x95, 0x3E, 0x5F, 0x9B, 0x60, 0x62, 0x9E, 0xF4, 0x0D, 0x6E, 0xB3, 0xD8, 0x50, 0xAA,
    0xAC, 0x25, 0xFE, 0x72, 0x22, 0xFD, 0xC2, 0x62, 0xE2, 0x6D, 0x4C, 0x81, 0x97, 0x2C, 0x87, 0xB2,
    0x2B, 0x5E, 0xFD, 0xEA, 0x8D, 0x86, 0x41, 0x34, 0xC5, 0xFA, 0xD0, 0x66, 0x81, 0xD6, 0xF6, 0x0E,
    0xD1, 0x69, 0x89, 0xCD, 0xC5, 0xDB, 0x14, 0x1D, 0xCD, 0xE3, 0x9B, 0xE5, 0xF8, 0x2E, 0x61, 0x77,
    0x1D, 0x40, 0x11, 0x1C, 0xAA, 0xDD, 0x53, 0x0C, 0xC2, 0x71, 0x63, 0x0F, 0x15, 0x03, 0xA9, 0x87,
    0x5F, 0xD6, 0xD7, 0xD1, 0xD9, 0x33, 0xD8, 0xFB, 0xE8, 0x58, 0xE5, 0x67, 0x90, 0x2F, 0xA2, 0xFD,
    0x30, 0x09, 0x82, 0xBD, 0x8E, 0x28, 0xFD, 0x66, 0x6B, 0xBD, 0xE4, 0x71, 0x03, 0x9E, 0x69, 0xE7,
    0xD4, 0x55, 0x7E, 0xD8, 0xEA, 0x39, 0x5E, 0x1B, 0x45, 0xCC, 0xC4, 0x7C, 0x8B, 0xF9, 0x20, 0xD8,
    0x4E, 0x84, 0xE5, 0xB7, 0xB6, 0x17, 0x45, 0x27, 0x17, 0x1F, 0xCB, 0x6F, 0x76, 0x07, 0x8C, 0xB9,
    0x08, 0x1B, 0xA2, 0x55, 0xAC, 0x87, 0x3B, 0xE1, 0xB2, 0xAC, 0x9D, 0x62, 0xD6, 0x02, 0x27, 0x78,
    0xBB, 0x13, 0xBB, 0x8C, 0x81, 0x71, 0x77, 0xC7, 0x6F, 0xC4, 0x8E, 0x2E, 0x89, 0xB9, 0x04, 0xFE,
    0x75, 0x92, 0x30, 0xF3, 0x47, 0xAF, 0xB3, 0xEA, 0xEA, 0x07, 0xB3, 0x07, 0x07, 0x6A, 0x2B, 0xA7,
    0xBE, 0x96, 0x8F, 0x97, 0x24, 0x04, 0x62, 0x12, 0xE9, 0x09, 0x3A, 0xE7, 0x50, 0x62, 0x39, 0xAC,
    0xD4, 0x28, 0xA2, 0x68, 0x7D, 0x1C, 0x2F, 0xA1, 0x22, 0xEA, 0x58, 0x74, 0xA9, 0xB5, 0x19, 0x13,
    0x90, 0xC0, 0x4D, 0x6F, 0x74, 0xC2, 0x8D, 0x3D, 0xD6, 0xE7, 0xA5, 0xC5, 0x17, 0x90, 0xC6, 0x61,
    0x93, 0xFF, 0x51, 0x27, 0xC9, 0x78, 0xB6, 0xC6, 0x5C, 0x07, 0x87, 0xC9, 0x24, 0x8C, 0x66, 0xFD,
    0x11, 0xC6, 0xD6, 0xA7, 0x00, 0x7B, 0x5F, 0xE2, 0x4D, 0x9E, 0xAF, 0x1B, 0x18, 0x4A, 0x20, 0x72,
    0xE7, 0x57, 0xC6, 0x31, 0x88, 0x61, 0xC6, 0x9F, 0xF9, 0x9D, 0x5C, 0x86, 0xDE, 0x25, 0x1A, 0x5D,
    0x75, 0xFB, 0x40, 0x57, 0x5C, 0x92, 0xBD, 0xD2, 0x65, 0x3E, 0x78, 0x72, 0xFA, 0x7B, 0xE9, 0x2F,
    0xFF, 0x8F, 0xB1, 0xB4, 0x64, 0xA8, 0x94, 0x72, 0xED, 0x93, 0xAB, 0xAF, 0x6D, 0x7A, 0xB0, 0x36,
    0xB1, 0x2F, 0xBD, 0x29, 0xEF, 0x8B, 0x35, 0x77, 0x87, 0x20, 0xB6, 0xC7, 0x18, 0x38, 0xEC, 0x7C,
    0x95, 0xFE, 0xCB, 0x08, 0x2F, 0x6E, 0x9C, 0xDD, 0xB0, 0x83, 0x74, 0xF4, 0x98, 0x90, 0xB7, 0x4C,
    0x1A, 0x0B, 0x37, 0xC8, 0x53, 0x16, 0xD0, 0x06, 0xDD, 0x0E, 0x65, 0x91, 0x4B, 0xEF, 0xE9, 0x8E,
    0xCC, 0x7B, 0xA9, 0xEA, 0xB3, 0xF6, 0x7B, 0x75, 0xAA, 0x39, 0x2F, 0xAA, 0xD3, 0x5E, 0x47, 0x95,
    0x9D, 0x6A, 0x4E, 0x63, 0xD2, 0x24, 0xE0, 0x59, 0xA5, 0x72, 0x93, 0xA9, 0x7A, 0x2B, 0x3D, 0x84,
    0xC3, 0x28, 0x08, 0x26, 0x96, 0x98, 0x0A, 0x78, 0xB3, 0x15, 0x98, 0xD3, 0x60, 0x13, 0x84, 0x85,
    0x31, 0x34, 0x59, 0xBB, 0x36, 0xE9, 0x54, 0xF3, 0x71, 0x29, 0xB2, 0x2E, 0xEC, 0x14, 0x85, 0xBB,
    0x4E, 0x15, 0x61, 0xE7, 0x4D, 0x95, 0x9D, 0x35, 0xC3, 0x96, 0xAA, 0x83, 0x92, 0x1A, 0x0E, 0xA2,
    0x46, 0xB6, 0xE5, 0x17, 0x75, 0xD6, 0xA3, 0x4C, 0x6C, 0x62, 0x42, 0x6A, 0x69, 0xD6, 0x84, 0x76,
    0xA9, 0xA3, 0x58, 0x6F, 0x14, 0x21, 0x21, 0xCD, 0xD7, 0xCF, 0xCE, 0x33, 0x98, 0xB1, 0x05, 0x62,
    0x7E, 0x31, 0xE5, 0xA2, 0xB2, 0x2D, 0x27, 0x71, 0x0A, 0xBD, 0x08, 0x73, 0x6D, 0x11, 0xDB, 0xD1,
    0x0D, 0xAE, 0x5F, 0xF1, 0xF6, 0x0F, 0x28, 0xA5, 0x7F, 0x23, 0xCB, 0x4D, 0x95, 0x59, 0x5B, 0xBF,
    0x0D, 0xCA, 0x8E, 0x5E, 0x84, 0x2E, 0xB4, 0xE0, 0xF4, 0xAF, 0x32, 0x8B, 0x01, 0x52, 0x94, 0x6C,
    0xAA, 0x26, 0x7A, 0xB5, 0xF5, 0x28, 0xE2, 0xC2, 0x8B, 0x26, 0x09, 0x96, 0x37, 0x54, 0xFC, 0x4D,
    0x33, 0x48, 0x81, 0xF9, 0x17, 0xCF, 0xEC, 0xCF, 0xCB, 0x91, 0xE4, 0x1B, 0x0D, 0xD3, 0x71, 0xE2,
    0xE0, 0x8F, 0xD3, 0x69, 0x83, 0x8A, 0x81, 0x4A, 0xA9, 0x7D, 0x5A, 0xE8, 0x52, 0x2C, 0x65, 0xFC,
    0x9A, 0x38, 0xCA, 0xC0, 0xC9, 0x87, 0xB7, 0x19, 0xEF, 0x6D, 0xCF, 0xD1, 0x77, 0x2E, 0x58, 0x1D,
    0xFE, 0x8B, 0xB3, 0x2A, 0xA3, 0x12, 0x5A, 0x00, 0x0C, 0x24, 0x18, 0x4E, 0xB5, 0x56, 0xE4, 0xC2,
    0xD0, 0xAC, 0xAF, 0x12, 0x7B, 0x6F, 0xC0, 0x25, 0xF5, 0xF1, 0xE8, 0x7F, 0x6D, 0x93, 0xB2, 0x13,
    0xBD, 0x32, 0x12, 0xFF, 0x86, 0x85, 0x39, 0xEF, 0xD7, 0xC4, 0xCE, 0x86, 0x7D, 0xBE, 0x6B, 0x25,
    0x0B, 0x23, 0x71, 0x2B, 0xB0, 0xA8, 0x43, 0xAF, 0x0E, 0xF5, 0xB1, 0xA2, 0x13, 0xA6, 0x9B, 0x3C,
    0x11, 0x91, 0x60, 0xF5, 0xE9, 0x7C, 0x31, 0xA1, 0x58, 0xDE, 0x20, 0xFD, 0xEB, 0x89, 0xFF, 0x01,
    0xAD, 0xD4, 0x31, 0x88, 0xED, 0x44, 0x14, 0x06, 0xE0, 0xFF, 0x26, 0xAB, 0x57, 0x0D, 0x18, 0x4B,
    0x0B, 0x79, 0xE9, 0x97, 0x07, 0x63, 0x61, 0x25, 0xC2, 0xA4, 0xAF, 0x6C, 0xAC, 0xB5, 0xEF, 0x0B,
    0x2B, 0x33, 0xDA, 0xDA, 0xD8, 0x57, 0xAF, 0xF5, 0x5A, 0xAC, 0x3D, 0xC2, 0xCC, 0x62, 0x0F, 0x01,
    0x7B, 0x08, 0xD8, 0xF3, 0x52, 0x04, 0x0C, 0x98, 0xCC, 0xEF, 0xF9, 0x19, 0x96, 0xDC, 0x95, 0x15,
    0xDC, 0xC7, 0x3B, 0xC5, 0x97, 0xCB, 0xCC, 0xC9, 0x99, 0x9C, 0x99, 0xCB, 0x00, 0x37, 0x50, 0xBC,
    0x10, 0x18, 0x82, 0x71, 0x62, 0x32, 0xCF, 0x34, 0xD0, 0x6D, 0x72, 0x98, 0xA0, 0xE1, 0x00, 0x0D,
    0x5F, 0x2E, 0x97, 0x9F, 0x3A, 0x5A, 0x4C, 0x9E, 0xD2, 0x51, 0x36, 0x72, 0xAC, 0x94, 0x03, 0xC4,
    0x49, 0xBA, 0x55, 0x36, 0x59, 0x3E, 0x4C, 0x48, 0x38, 0x81, 0xF7, 0x04, 0x3E, 0x16, 0xF8, 0x0E,
    0x57, 0x0B, 0x4C, 0x66, 0xC7, 0xD5, 0x1C, 0x98, 0x35, 0x4C, 0x9B, 0x38, 0x67, 0x5A, 0xD5, 0x6E,
    0xA5, 0x55, 0x1D, 0x26, 0x5A, 0xD5, 0x98, 0x58, 0x11, 0x0E, 0xC4, 0x6F, 0xB8, 0x31, 0x3F, 0x02,
    0x4C, 0x3C, 0xCB, 0x12, 0x27, 0x81, 0x73, 0x90, 0xDD, 0x7F, 0x7E, 0xFA, 0xC3, 0xC4, 0xED, 0xE5,
    0x72, 0x97, 0x31, 0xD0, 0x22, 0x48, 0x8E, 0x92, 0x49, 0x5E, 0xEF, 0xD9, 0xFC, 0xE4, 0x56, 0xBA,
    0x59, 0x36, 0x49, 0x56, 0x02, 0x7C, 0x03, 0x5F, 0x98, 0xDF, 0x22, 0x06, 0x9E, 0x32, 0xE2, 0xC4,
    0x33, 0xE1, 0x56, 0xDA, 0x02, 0x4D, 0x66, 0x9C, 0x51, 0x91, 0x5A, 0x37, 0x92, 0x5A, 0x90, 0x9B,
    0xD9, 0x70, 0x36, 0x2B, 0x0D, 0x03, 0x51, 0xE0, 0xA5, 0x28, 0x51, 0x01, 0xDF, 0x00, 0x6D, 0xAA,
    0x16, 0xC0, 0xCF, 0xE7, 0x0D, 0x88, 0xA9, 0x22, 0x4E, 0xD4, 0x8F, 0x7A, 0x07, 0xFC, 0xD4, 0x66,
    0x6B, 0x7B, 0xF1, 0xB4, 0xD8, 0x06, 0x49, 0x2F, 0x76, 0x8D, 0xC7, 0x55, 0xAF, 0xF8, 0xA9, 0xE4,
    0x97, 0x77, 0x55, 0x67, 0x07, 0xDA, 0xB1, 0x5E, 0x80, 0x1A, 0x78, 0x05, 0xE0, 0x57, 0x00, 0xAA,
    0x86, 0x96, 0x01, 0x18, 0x38, 0xA1, 0xB2, 0x6A, 0x68, 0x48, 0xF6, 0xFE, 0xEF, 0xCC, 0xD1, 0xFD,
    0xB1, 0xFB, 0xD4, 0xD6, 0x7B, 0xD3, 0x5B, 0xDE, 0x09, 0x06, 0xFE, 0x4D, 0xAB, 0x59, 0xCB, 0x73,
    0xC9, 0xFF, 0xB5, 0x73, 0x6C, 0xF5, 0xAE, 0xAA, 0xA8, 0xDE, 0x0C, 0x74, 0x0C, 0x25, 0xAF, 0xAC,
    0xA6, 0x88, 0xE4, 0x2A, 0xB6, 0x47, 0x00, 0x46, 0x12, 0x33, 0x30, 0x0C, 0x9B, 0xD1, 0xD2, 0xA8,
    0x6D, 0x70, 0xE8, 0x39, 0x1B, 0x7E, 0x33, 0x6C, 0x70, 0x08, 0x35, 0xC3, 0xE7, 0x3D, 0x32, 0x2C,
    0xBE, 0x10, 0xC0, 0x07, 0x91, 0x0C, 0x2D, 0x1F, 0x01, 0x38, 0x11, 0x8D, 0x8A, 0x46, 0xC3, 0x21,
    0xC0, 0xEF, 0x3E, 0x80, 0x8B, 0xB7, 0x1A, 0xA3, 0xB7, 0xBC, 0xDE, 0x07, 0xBF, 0x5B, 0xC9, 0x61,
    0x31, 0xDC, 0x88, 0xDB, 0xDE, 0x9A, 0xBD, 0x8E, 0x73, 0x28, 0xFF, 0xC2, 0xDB, 0xE0, 0x57, 0xF8,
    0xE4, 0xB2, 0xD1, 0x30, 0xF8, 0x54, 0x71, 0xF2, 0x09, 0x71, 0x35, 0x5C, 0x36, 0x1A, 0xDE, 0x25,
    0x54, 0xE5, 0xA4, 0x85, 0xA3, 0xE5, 0xBD, 0x16, 0xBC, 0x06, 0x28, 0xF1, 0xD2, 0x96, 0x42, 0x84,
    0xEA, 0x24, 0x55, 0xB4, 0x0F, 0x71, 0x3B, 0x7C, 0x88, 0x0B, 0xFC, 0x0F, 0x1C, 0xE1, 0x7F, 0x64,
    0x0F, 0x7F, 0xA7, 0xC3, 0xE6, 0x22, 0x46, 0xD1, 0x8B, 0xB8, 0x19, 0xDC, 0x0F, 0xDE, 0xEA, 0x59,
    0xFE, 0xFE, 0xFF, 0xCE, 0xF2, 0x62, 0xF1, 0x8A, 0x16, 0xCB, 0xC1, 0x57, 0x16, 0x5F, 0x3E, 0xDC,
    0x60, 0x9D, 0xC0, 0x90, 0x9E, 0xBE, 0xC1, 0xCA, 0xED, 0x24, 0x1B, 0x4A, 0xB7, 0x40, 0xC3, 0xA3,
    0x2C, 0xBF, 0x1B, 0x1E, 0x39, 0x88, 0x12, 0x6E, 0x2B, 0x13, 0x28, 0x35, 0x4B, 0xFD, 0x63, 0xAD,
    0x9B, 0xA7, 0x6F, 0xB0, 0x9A, 0x93, 0xD9, 0x72, 0x35, 0xFD, 0x9F, 0xD9, 0xE4, 0xBD, 0x4D, 0xD4,
    0xE6, 0x84, 0xD6, 0x5C, 0xE0, 0xCD, 0x1D, 0xF1, 0xF5, 0x3D, 0x09, 0xFF, 0xF5, 0xFD, 0xB6, 0xE3,
    0xC3, 0xEE, 0x7E, 0xFB, 0x0C, 0x30, 0xF1, 0x1C, 0x1F, 0xDF, 0xDE, 0x49, 0xC6, 0x59, 0x1E, 0x9F,
    0x4E, 0x8B, 0x04, 0x39, 0x43, 0x6A, 0x02, 0x35, 0x25, 0x98, 0xCA, 0xEF, 0x32, 0x7E, 0xE4, 0x68,
    0xB8, 0xE1, 0x51, 0x27, 0xCE, 0x47, 0x7D, 0x77, 0xF4, 0xDE, 0x7D, 0xFF, 0xAC, 0xAF, 0x7D, 0xDF,
    0xFC, 0x14, 0x4E, 0xFD, 0xAA, 0xF7, 0x4C, 0x68, 0x1F, 0x32, 0x5A, 0x73, 0x2D, 0xFB, 0x03, 0x98,
    0x01, 0x18, 0xB4, 0x6F, 0xE8, 0xB8, 0x9A, 0x67, 0xCE, 0x57, 0xFB, 0x2F, 0xF0, 0x89, 0x00, 0xDE,
    0x11, 0xCA, 0xEB, 0x81, 0xE3, 0x38, 0x51, 0x71, 0x45, 0xE9, 0x3E, 0x43, 0xE1, 0xC8, 0x50, 0xBA,
    0xE0, 0x04, 0xF5, 0x9B, 0xFC, 0x06, 0xA0, 0xCD, 0xA5, 0x47, 0xBF, 0x96, 0x8B, 0x91, 0x93, 0x52,
    0x6C, 0x3A, 0xA8, 0x6D, 0x4D, 0x43, 0x09, 0x3E, 0xFF, 0x8C, 0x77, 0x7F, 0x61, 0xF2, 0x54, 0x3E,
    0x93, 0x2B, 0xCF, 0xD0, 0x96, 0x27, 0x00, 0x7B, 0xCE, 0x78, 0x0B, 0x4F, 0x92, 0x4F, 0x3E, 0xCB,
    0xBF, 0xFC, 0x1F, 0xBC, 0xD4, 0x01, 0x84, 0xED, 0x46, 0x1F, 0x05, 0xF0, 0x73, 0x13, 0x36, 0xDE,
    0x17, 0xE4, 0x83, 0x85, 0xF7, 0x90, 0xA2, 0xA8, 0x85, 0x00, 0x00, 0x26, 0x14, 0x00, 0x05, 0x57,
    0x51, 0x28, 0x80, 0x45, 0x17, 0x00, 0x90, 0x51, 0x80, 0xC2, 0x42, 0x01, 0x58, 0x14, 0x5E, 0x8A,
    0x07, 0x00, 0x34, 0x43, 0x01, 0xC5, 0x06, 0x00, 0x78, 0x41, 0x01, 0xE8, 0x20, 0xE5, 0x6E, 0x4D,
    0x72, 0x3A, 0xC7, 0xC4, 0xCD, 0x75, 0xB5, 0x8F, 0xA7, 0xD5, 0xD9, 0xF5, 0x1B, 0x6E, 0xFE, 0x33,
    0x67, 0xE6, 0xCE, 0x9D, 0xDC, 0x3D, 0x01, 0xF7, 0x4F, 0xC6, 0x03, 0xF4, 0x66, 0xC6, 0x81, 0x63,
    0x34, 0xA7, 0x8B, 0x16, 0x44, 0xB4, 0x8A, 0xBE, 0x1C, 0x1F, 0x02, 0x1A, 0x92, 0x27, 0x49, 0x2F,
    0x39, 0xA1, 0x5E, 0x7F, 0xA4, 0x43, 0x15, 0x32, 0xDA, 0x68, 0x4E, 0x44, 0xCB, 0x55, 0x56, 0x41,
    0x36, 0xB3, 0xD4, 0xDC, 0x65, 0xE8, 0x46, 0x49, 0x27, 0xD9, 0x02, 0xC5, 0x4A, 0x00, 0x39, 0x17,
    0xC9, 0x20, 0xE9, 0x25, 0x27, 0x9C, 0xDB, 0x70, 0x02, 0x4A, 0xD2, 0xA2, 0x56, 0x5C, 0xA9, 0xE4,
    0xDC, 0xEA, 0x43, 0x34, 0x1A, 0x51, 0x5D, 0x72, 0xF3, 0x43, 0xA4, 0xE3, 0x17, 0x21, 0x23, 0xDF,
    0x87, 0x52, 0x8B, 0xAD, 0xF9, 0x8E, 0xB3, 0x39, 0x65, 0xF4, 0xC6, 0x83, 0x7E, 0x18, 0xC1, 0x91,
    0x0E, 0x74, 0x74, 0x39, 0x2D, 0x5D, 0x49, 0x70, 0x6A, 0x02, 0x06, 0x72, 0x86, 0x21, 0x47, 0xE5,
    0xB4, 0xC8, 0xA9, 0x84, 0x5B, 0x00, 0x78, 0xDD, 0xF7, 0x6F, 0xF5, 0x64, 0x15, 0x0B, 0x3A, 0x32,
    0x56, 0x0B, 0xA0, 0x16, 0x8D, 0x2A, 0xCD, 0x2C, 0x7C, 0xA4, 0xF3, 0x2A, 0xF1, 0x2A, 0x99, 0x40,
    0x72, 0x14, 0x0E, 0x7D, 0x1F, 0xC1, 0x41, 0x64, 0xB4, 0xDA, 0x63, 0x2B, 0x00, 0x71, 0x7B, 0xFC,
    0x8A, 0xE8, 0x14, 0x31, 0x28, 0x82, 0x64, 0x48, 0x00, 0xE8, 0x9F, 0xA0, 0x21, 0x9A, 0x3F, 0x2D,
    0xAA, 0xA4, 0xAC, 0x18, 0x94, 0x48, 0xD9, 0xBD, 0x97, 0x7C, 0x0E, 0x0A, 0xF8, 0x2E, 0xA8, 0xB0,
    0x5C, 0xF4, 0xF5, 0xA6, 0x83, 0x90, 0xCD, 0xA9, 0xA4, 0x16, 0x58, 0x44, 0x87, 0x49, 0x6A, 0xFF,
    0x5A, 0x4A, 0x54, 0xFF, 0x6C, 0xCB, 0x35, 0x6A, 0xAB, 0x20, 0xCD, 0x72, 0xFC, 0x92, 0xCE, 0x50,
    0x4B, 0x1F, 0x28, 0x05, 0xAD, 0x60, 0x3B, 0xF0, 0xEF, 0xDA, 0x84, 0xFC, 0x3F, 0xE6, 0xFE, 0x11,
    0x59, 0xDF, 0x91, 0x1C, 0xC5, 0xD4, 0x09, 0x23, 0x9A, 0xB5, 0xEF, 0x1F, 0xAB, 0x15, 0xDB, 0xB7,
    0x9C, 0xD1, 0x45, 0x39, 0xA5, 0x63, 0xDA, 0x8E, 0xAE, 0x5A, 0xB0, 0x3D, 0x3E, 0xD0, 0xA6, 0x9A,
    0x74, 0x30, 0x15, 0xD3, 0xEF, 0x6B, 0x3B, 0x58, 0xFA, 0xF3, 0x43, 0x7B, 0xF9, 0x50, 0x41, 0x7E,
    0x88, 0xCC, 0x3C, 0x73, 0xDF, 0xF7, 0xFD, 0xD3, 0xED, 0xF1, 0x78, 0x6C, 0xCF, 0xAB, 0x4A, 0xDC,
    0xC5, 0x07, 0x16, 0xCA, 0x6A, 0x65, 0x35, 0xCA, 0xC6, 0x4A, 0x23, 0x10, 0x44, 0x76, 0x92, 0x85,
    0x97, 0x95, 0xDB, 0x4B, 0xBA, 0xBD, 0x24, 0x9F, 0x65, 0x39, 0xED, 0x25, 0xA6, 0x95, 0x3F, 0x89,
    0x43, 0x2A, 0xF1, 0x7B, 0x49, 0xED, 0xF6, 0x88, 0xE5, 0xB2, 0xE4, 0x7A, 0x15, 0x77, 0x42, 0xC3,
    0xE6, 0x26, 0x18, 0xFD, 0x9D, 0x1A, 0x7F, 0xD3, 0x62, 0x0F, 0x40, 0x27, 0x80, 0x55, 0xE0, 0xB0,
    0x48, 0xE4, 0x01, 0xFB, 0xA2, 0x50, 0x7A, 0x89, 0x6A, 0xC2, 0x1E, 0x0D, 0x63, 0x2F, 0x27, 0x19,
    0xB0, 0x2F, 0x05, 0xD9, 0x36, 0xFA, 0x14, 0x69, 0xA0, 0x6D, 0x17, 0x84, 0x46, 0x1B, 0x6A, 0x6F,
    0xEA, 0x9A, 0xD8, 0x7D, 0x3A, 0xA4, 0xD1, 0x43, 0xDB, 0x45, 0xD1, 0xD9, 0x35, 0xCD, 0x1B, 0xA0,
    0xEE, 0xDB, 0x13, 0xD4, 0xFD, 0xEC, 0xA1, 0xEE, 0x17, 0x75, 0x68, 0x9E, 0xC7, 0xD4, 0x39, 0x75,
    0xF5, 0x6F, 0x56, 0x5D, 0x45, 0x89, 0x6A, 0x4D, 0x5D, 0xB8, 0xEC, 0xCA, 0x19, 0x17, 0xED, 0x75,
    0xAB, 0x7B, 0x7D, 0xE0, 0xE9, 0x40, 0xDA, 0x92, 0x2C, 0xC8, 0xA9, 0x26, 0x9F, 0xC9, 0xD9, 0x90,
    0x9C, 0xAA, 0x60, 0x7E, 0x27, 0xDB, 0x3C, 0x74, 0xAE, 0x59, 0x91, 0x87, 0xC1, 0x96, 0x2B, 0xB2,
    0xA5, 0xB3, 0x45, 0xFA, 0xB0, 0xE2, 0x58, 0x04, 0xE3, 0x07, 0xBE, 0x34, 0xA1, 0x21, 0x07, 0x72,
    0xAE, 0xB8, 0xD4, 0xA4, 0xCF, 0x39, 0x17, 0xA4, 0xC3, 0x37, 0x2D, 0x98, 0xD6, 0xF1, 0xBF, 0x27,
    0xA9, 0x5D, 0xFD, 0x53, 0xBE, 0xDF, 0x7E, 0x75, 0x6E, 0x27, 0xFD, 0xEA, 0x6E, 0x5E, 0x00, 0x0C,
    0x1C, 0x91, 0x93, 0x27, 0x94, 0xE4, 0x8A, 0x7A, 0x29, 0xA8, 0xAB, 0x40, 0x6B, 0x1C, 0x3A, 0x17,
    0x31, 0xAE, 0x73, 0xC2, 0x7E, 0x04, 0x77, 0x2D, 0x5E, 0x2B, 0xFA, 0xCD, 0x29, 0xC2, 0xB0, 0xBD,
    0xA3, 0x4A, 0x7A, 0x5D, 0xAE, 0xFF, 0x03, 0x4D, 0x7A, 0x2F, 0x8A, 0x29, 0xD2, 0x8D, 0x91, 0xC1,
    0x45, 0x78, 0x85, 0x05, 0x0E, 0x89, 0x16, 0xC8, 0x12, 0xD8, 0xC8, 0xFF, 0x8A, 0x55, 0x88, 0x62,
    0x89, 0x94, 0x21, 0x52, 0x9D, 0xA9, 0xCF, 0xB1, 0xC3, 0x04, 0xD4, 0x8A, 0x68, 0x34, 0xA7, 0x59,
    0xD2, 0x4A, 0x52, 0x33, 0x0E, 0x9C, 0x32, 0xFA, 0x4C, 0x8E, 0x5A, 0xC3, 0x67, 0xB8, 0x6A, 0xC5,
    0x8C, 0x3A, 0x68, 0x98, 0x89, 0x06, 0x34, 0x1E, 0xBA, 0x11, 0xFB, 0x70, 0x80, 0x53, 0x4E, 0x9B,
    0xD1, 0x17, 0x74, 0x71, 0x9E, 0x52, 0x8E, 0x25, 0x5B, 0xD0, 0xE6, 0x2B, 0x34, 0xE1, 0xD7, 0xF8,
    0x70, 0x53, 0xC4, 0xA4, 0x94, 0xCE, 0x2B, 0x88, 0xB3, 0x82, 0x36, 0xBD, 0x12, 0xBB, 0x51, 0xA1,
    0xAF, 0x00, 0xBC, 0x55, 0x39, 0xDD, 0x2B, 0xD4, 0x9C, 0x6B, 0x6B, 0xA8, 0x43, 0xFE, 0x9C, 0x6C,
    0x5F, 0x61, 0x58, 0xCE, 0xF7, 0xFD, 0x23, 0xEA, 0xB0, 0xDD, 0x2A, 0x00, 0x08, 0xE9, 0x1A, 0xDE,
    0xF5, 0xEF, 0xFE, 0xB0, 0x57, 0x6F, 0xAE, 0xAD, 0x42, 0x43, 0xB3, 0xA0, 0x32, 0xBF, 0x5D, 0xF1,
    0x34, 0xF3, 0xB9, 0xCE, 0x44, 0x5C, 0xAA, 0x98, 0x15, 0xE3, 0x55, 0xE6, 0x22, 0xB7, 0xAD, 0xF8,
    0xC0, 0x3B, 0xF1, 0xAA, 0xFD, 0x9B, 0xC5, 0xE2, 0x61, 0x04, 0xDE, 0x70, 0xC4, 0x0D, 0x39, 0x1E,
    0x06, 0xD2, 0x19, 0xF2, 0x57, 0x74, 0x7C, 0x01, 0xBA, 0x17, 0x44, 0xF8, 0x28, 0xD8, 0xA6, 0xAB,
    0x81, 0x26, 0x6D, 0x5A, 0x64, 0x02, 0xA5, 0x48, 0xED, 0x6A, 0xD3, 0x89, 0x4F, 0xA0, 0x59, 0x1E,
    0xC5, 0xDA, 0x22, 0xCD, 0xAC, 0x0C, 0x28, 0xCD, 0x21, 0xA3, 0x66, 0xB9, 0x11, 0x0F, 0x91, 0x9A,
    0x1C, 0x15, 0xA4, 0x48, 0xFB, 0xE7, 0x80, 0xC4, 0x03, 0xA0, 0x0E, 0x50, 0xFE, 0xA9, 0x03, 0x99,
    0x82, 0xDF, 0x22, 0x00, 0xBD, 0x95, 0x21, 0xAC, 0xD5, 0x30, 0x14, 0x86, 0xCF, 0xD6, 0xF0, 0xAE,
    0xB8, 0xA2, 0x78, 0x33, 0x04, 0x7E, 0x5E, 0x75, 0xDE, 0x60, 0xDE, 0x0B, 0x02, 0x8B, 0xF7, 0x6E,
    0xF3, 0x0A, 0xAF, 0x11, 0x80, 0xF7, 0x2B, 0x1A, 0x33, 0xAF, 0x66, 0x09, 0xA6, 0x84, 0x85, 0x0C,
    0xD2, 0xBB, 0x43, 0xFF, 0xBF, 0xED, 0x25, 0xDC, 0x04, 0x43, 0x80, 0xE6, 0xBD, 0xFF, 0x9E, 0xF4,
    0x7C, 0xED, 0x7A, 0xFE, 0xB6, 0x9B, 0x53, 0xD5, 0x75, 0x4C, 0x12, 0xFE, 0xA2, 0x08, 0xDA, 0xBB,
    0xD4, 0x5E, 0x6B, 0x6A, 0x3B, 0xE5, 0xF2, 0xF0, 0xF0, 0x7C, 0x8F, 0x22, 0xE6, 0x4F, 0xE5, 0x3A,
    0x15, 0x65, 0x13, 0xB9, 0x13, 0xB4, 0x6E, 0x82, 0x8E, 0x6B, 0x92, 0x46, 0xF7, 0xA4, 0x27, 0x3D,
    0xD0, 0xAD, 0x9A, 0x12, 0xA3, 0xEA, 0x2A, 0x0D, 0xC6, 0xC8, 0x29, 0xE9, 0x81, 0xEE, 0x94, 0x70,
    0xD0, 0xC5, 0x32, 0x36, 0xEC, 0x17, 0x32, 0xE2, 0xC0, 0x8B, 0xE5, 0x58, 0xC3, 0x79, 0x84, 0x73,
    0x8A, 0x5B, 0xA1, 0x76, 0x82, 0xB6, 0x72, 0xDB, 0xBA, 0x6B, 0x34, 0xFA, 0x12, 0x34, 0xD9, 0x05,
    0xAE, 0x27, 0x56, 0x4C, 0xB5, 0x62, 0xAA, 0xBE, 0x60, 0x9F, 0x01, 0x12, 0xF3, 0x63, 0x2C, 0x18,
    0xFE, 0x88, 0x45, 0x74, 0x13, 0x0B, 0xFC, 0x27, 0x86, 0x7E, 0x62, 0x14, 0x62, 0x25, 0x41, 0x84,
    0x4A, 0x8C, 0x19, 0x12, 0x04, 0xDD, 0x85, 0xD1, 0x59, 0x27, 0x9B, 0xFB, 0xFA, 0x43, 0x4C, 0xE6,
    0xE6, 0x5D, 0x84, 0x63, 0x5B, 0xD4, 0xEF, 0x62, 0xC6, 0xE0, 0x44, 0xC6, 0x84, 0x20, 0x31, 0x82,
    0xC4, 0x08, 0x12, 0x23, 0x48, 0x0C, 0xE0, 0x42, 0x0C, 0xE0, 0x57, 0x62, 0x00, 0x95, 0x18, 0x41,
    0x62, 0x04, 0xAB, 0x2F, 0x7C, 0x74, 0x01, 0x3D, 0x94, 0xA0, 0xDC, 0xB4, 0x3B, 0x2E, 0x4D, 0x0F,
    0xEE, 0xA7, 0x3F, 0x5D, 0xA4, 0x0F, 0x36, 0x15, 0xBA, 0xF7, 0x5E, 0xDA, 0xE8, 0x26, 0x91, 0x63,
    0x44, 0x25, 0x90, 0x71, 0xBE, 0x0A, 0xFB, 0xDC, 0x90, 0xB2, 0x2E, 0xF9, 0x13, 0xED, 0x2A, 0x26,
    0x9E, 0x93, 0x2B, 0xA1, 0xD5, 0x4F, 0xEA, 0x65, 0x56, 0x45, 0xA9, 0x9B, 0x94, 0x76, 0x8F, 0x7A,
    0x75, 0xC1, 0x33, 0x50, 0x9B, 0x2A, 0x4F, 0x8C, 0x77, 0x49, 0x16, 0x1E, 0xED, 0x19, 0xC2, 0x03,
    0xF8, 0x53, 0xD8, 0xC7, 0x2C, 0xB8, 0xB5, 0xC7, 0x08, 0x9B, 0x64, 0x68, 0x55, 0x2F, 0x22, 0x23,
    0x16, 0xDE, 0xBE, 0xBD, 0x29, 0xE7, 0x7A, 0x50, 0x96, 0x12, 0xB4, 0x6B, 0x35, 0x26, 0xDC, 0x06,
    0xE7, 0xBD, 0x9A, 0x12, 0x6F, 0x03, 0xBA, 0x9E, 0x2D, 0xBE, 0x06, 0x59, 0x73, 0x13, 0x0B, 0x45,
    0x35, 0x6D, 0x0E, 0xD6, 0x9A, 0x1B, 0x50, 0x78, 0x3E, 0xF6, 0xB4, 0x54, 0x97, 0x3A, 0xAE, 0x6C,
    0x94, 0xC6, 0x5F, 0x83, 0x8E, 0xD5, 0xD0, 0xA0, 0xC2, 0x5C, 0xE1, 0x51, 0x9D, 0x0E, 0xF9, 0xB6,
    0x9C, 0xD5, 0x33, 0x58, 0x84, 0x41, 0x73, 0x24, 0x1E, 0x33, 0x9B, 0x4D, 0xE4, 0x14, 0x10, 0xA0,
    0x1B, 0x01, 0xEF, 0xEF, 0x53, 0xA9, 0xED, 0xBF, 0xF9, 0x33, 0xD6, 0xA5, 0xBB, 0xE2, 0xCF, 0xD1,
    0x17, 0x7F, 0xA2, 0xCD, 0xFE, 0x7C, 0xBB, 0x7F, 0xF4, 0x82, 0xFE, 0x60, 0xF1, 0xD9, 0x9F, 0x45,
    0x8A, 0x3F, 0xC1, 0x14, 0x7F, 0x82, 0x29, 0xFE, 0x2C, 0xEF, 0x8B, 0x3F, 0x1F, 0xF6, 0x7F, 0xEB,
    0x0F, 0x0F, 0xD1, 0xDD, 0x1B, 0x4E, 0xBC, 0xCA, 0x5C, 0x8E, 0xA9, 0xA9, 0x6F, 0x37, 0x8B, 0xFD,
    0x49, 0xC2, 0x26, 0x7D, 0x4C, 0xC9, 0xDD, 0xE8, 0xE4, 0x82, 0x38, 0x3E, 0xCD, 0xAD, 0x29, 0x3B,
    0xC8, 0xE8, 0xDD, 0x22, 0xE6, 0x22, 0xE2, 0x96, 0x14, 0xC8, 0x96, 0x02, 0xA4, 0xE4, 0xB1, 0xC8,
    0xEC, 0x7B, 0xDE, 0x84, 0x04, 0x77, 0x2C, 0xC5, 0xE8, 0x70, 0xE6, 0xC2, 0xAD, 0xE2, 0x62, 0xE7,
    0x2B, 0x2F, 0xBA, 0x95, 0x3B, 0xEB, 0x2E, 0x40, 0x3C, 0xD2, 0x03, 0x10, 0x21, 0x04, 0x84, 0x10,
    0x10, 0x40, 0x44, 0x00, 0x3D, 0x03, 0x02, 0xA8, 0x5E, 0x7D, 0x25, 0x02, 0x88, 0x08, 0x21, 0x28,
    0x20, 0x20, 0x6C, 0x05, 0xA9, 0xED, 0xA5, 0x34, 0xAF, 0xF0, 0x7E, 0xEB, 0x71, 0x37, 0xC3, 0x8C,
    0xCB, 0xB9, 0xAB, 0xAE, 0xB3, 0x1E, 0xE5, 0x66, 0xEA, 0x46, 0xDD, 0x7F, 0xA3, 0xDB, 0x0C, 0x0D,
    0x59, 0x1D, 0x74, 0xA5, 0xFA, 0x8E, 0x6A, 0xA1, 0x92, 0xBF, 0x0A, 0xAD, 0x72, 0xA5, 0x18, 0x54,
    0xBF, 0x0D, 0x09, 0xF2, 0x02, 0xBB, 0xB1, 0x1D, 0xB9, 0x8C, 0x39, 0x97, 0xB9, 0x40, 0xED, 0x00,
    0x6D, 0xAE, 0x1B, 0x46, 0x2D, 0xDF, 0x0D, 0x81, 0xCB, 0xDC, 0xFA, 0x62, 0x2D, 0x53, 0x97, 0x9C,
    0xCA, 0x45, 0xCE, 0x4C, 0x35, 0x39, 0x65, 0x72, 0xCA, 0xEE, 0x50, 0xE9, 0x49, 0xD4, 0x17, 0x24,
    0x88, 0xF3, 0xD4, 0x1E, 0xFC, 0xE4, 0x98, 0xC8, 0x84, 0x0D, 0x7C, 0x46, 0x87, 0xA7, 0x74, 0x81,
    0xA0, 0x0D, 0x33, 0xA6, 0x3A, 0x6F, 0x74, 0xF5, 0xF4, 0x3D, 0xE6, 0x27, 0xEF, 0xF9, 0x07, 0x7C,
    0x7D, 0x95, 0x37, 0x65, 0x03, 0x3E, 0x82, 0xCF, 0x25, 0x4C, 0x22, 0xDD, 0x60, 0x02, 0x52, 0x36,
    0x42, 0xB9, 0xF7, 0x2B, 0x86, 0x8D, 0x5F, 0x74, 0xE2, 0xCB, 0x18, 0x0B, 0xE3, 0x74, 0x1D, 0xA7,
    0xB1, 0x3A, 0x51, 0xB9, 0x60, 0xEA, 0xA8, 0x9C, 0x1C, 0xEB, 0x35, 0x8A, 0xAC, 0xA5, 0x81, 0xFD,
    0x0E, 0x75, 0x01, 0xAA, 0x3E, 0x69, 0xAB, 0x93, 0x2E, 0x09, 0x81, 0x05, 0x36, 0xCA, 0xBC, 0x4A,
    0xB7, 0xCB, 0xB8, 0x26, 0x04, 0x3A, 0x2F, 0x30, 0x6F, 0xF4, 0xE2, 0x26, 0xB1, 0x22, 0x4F, 0xAA,
    0xC5, 0x3F, 0x00, 0xCD, 0x92, 0x21, 0x8C, 0xD4, 0x60, 0x10, 0x85, 0x67, 0xBB, 0xE1, 0x36, 0x64,
    0xC5, 0xAA, 0x33, 0x87, 0xA8, 0x26, 0x88, 0x7A, 0xD5, 0x1E, 0xF8, 0xE4, 0xCC, 0x79, 0x04, 0x0E,
    0x81, 0x57, 0x5D, 0xAF, 0x16, 0xBC, 0x40, 0xC2, 0x9D, 0x38, 0x24, 0xAE, 0xF5, 0xAA, 0x5E, 0xAD,
    0x20, 0x88, 0x53, 0x85, 0x34, 0xA4, 0x5C, 0xDA, 0x3E, 0xDE, 0xCC, 0x6B, 0x2F, 0x04, 0xB1, 0x9A,
    0x5F, 0x74, 0xDE, 0x6E, 0xE7, 0xEF, 0x7C, 0x6F, 0xF2, 0xCC, 0x9E, 0x14, 0x76, 0x77, 0x30, 0xC3,
    0xB8, 0x41, 0x6F, 0x1B, 0x8C, 0x29, 0x3A, 0xDB, 0x61, 0xC8, 0xD1, 0x5A, 0x8E, 0xAE, 0xFA, 0x7D,
    0xB0, 0xBC, 0x33, 0x34, 0x66, 0x55, 0xBB, 0x42, 0xCD, 0xC6, 0x63, 0xC2, 0x72, 0x81, 0x87, 0x5B,
    0xDC, 0xB3, 0x83, 0x67, 0x52, 0x19, 0x55, 0x06, 0x7B, 0x81, 0x9B, 0x3B, 0x7C, 0xB2, 0x35, 0x8A,
    0xDD, 0x64, 0x2C, 0xB6, 0x1B, 0xCD, 0x36, 0x2C, 0x83, 0xD9, 0x76, 0xB2, 0x94, 0x85, 0x2F, 0x32,
    0x2F, 0xBC, 0xD3, 0xB3, 0x0C, 0x3E, 0xC3, 0x52, 0x96, 0xD6, 0x2C, 0xEB, 0xAD, 0x64, 0xE1, 0x8B,
    0xCA, 0x4B, 0xCB, 0x89, 0x2A, 0x64, 0xE0, 0x0B, 0x67, 0xA8, 0x8E, 0x81, 0xC2, 0xDE, 0x6F, 0x69,
    0x6D, 0x09, 0x46, 0xFE, 0xBF, 0xC5, 0x40, 0xE4, 0x14, 0xBD, 0x83, 0x4F, 0x5F, 0xAA, 0xA3, 0x37,
    0x5F, 0x14, 0x46, 0xC1, 0x03, 0x7F, 0x12, 0xFA, 0xF2, 0xA6, 0x20, 0xE5, 0x2B, 0xEC, 0xF9, 0x24,
    0x60, 0x3C, 0x09, 0xFC, 0x99, 0x78, 0x14, 0xA4, 0x73, 0xDC, 0x29, 0x68, 0x47, 0xFE, 0x24, 0x1A,
    0x05, 0xC9, 0x28, 0x08, 0x16, 0xA4, 0x7D, 0x80, 0x76, 0xFC, 0xE9, 0x54, 0x79, 0xD0, 0x52, 0x70,
    0x8E, 0x58, 0xCB, 0x40, 0xE5, 0x4F, 0xD4, 0x41, 0x78, 0x7E, 0xE5, 0x84, 0x79, 0x10, 0x96, 0x41,
    0x58, 0x05, 0xE1, 0x3F, 0xAD, 0x70, 0x4F, 0x24, 0x7C, 0x89, 0xFA, 0x14, 0x21, 0x4E, 0x12, 0x0E,
    0xA7, 0x08, 0xCB, 0x21, 0x9E, 0x63, 0xFC, 0x1C, 0x7D, 0x6C, 0x3A, 0x1A, 0xCF, 0xEA, 0x60, 0x73,
    0x0C, 0xF2, 0x62, 0x0E, 0x02, 0x6A, 0x45, 0xE1, 0x17, 0x1A, 0x85, 0xE1, 0x27, 0x45, 0xC4, 0xE1,
    0x3D, 0x5F, 0x29, 0x10, 0xCF, 0x1F, 0x23, 0xA1, 0x50, 0xB8, 0x50, 0x2C, 0x92, 0x9B, 0x39, 0x18,
    0x5B, 0x48, 0x8C, 0x04, 0x56, 0x38, 0x88, 0xAA, 0x78, 0x90, 0x53, 0x01, 0x21, 0xAA, 0x22, 0x42,
    0xF8, 0x0D, 0xC4, 0x4F, 0x5F, 0xB2, 0xA0, 0xA0, 0x10, 0x9B, 0x0D, 0x32, 0xA2, 0xB0, 0x70, 0xB2,
    0x37, 0x68, 0xE1, 0x0A, 0x0C, 0x89, 0x14, 0x19, 0x07, 0x6C, 0xB5, 0x4E, 0xC5, 0x86, 0x68, 0x0A,
    0xCE, 0x1A, 0x7B, 0x45, 0x87, 0x93, 0x17, 0xCB, 0xE7, 0x8F, 0x96, 0x9B, 0x39, 0xFD, 0xA8, 0x65,
    0xF9, 0x07, 0x45, 0x58, 0xFE, 0xB0, 0x58, 0x8E, 0xFB, 0xAD, 0xEE, 0x87, 0x65, 0x8A, 0xD9, 0xF2,
    0x06, 0xFF, 0x83, 0x65, 0x43, 0x27, 0xCB, 0x06, 0x35, 0xD4, 0x14, 0xB2, 0x6C, 0x65, 0x6F, 0x3A,
    0x67, 0x57, 0x51, 0x9E, 0x3D, 0x14, 0x51, 0x37, 0x84, 0x0E, 0x91, 0x01, 0x68, 0x5C, 0x54, 0x14,
    0x2D, 0xEB, 0x0A, 0x12, 0x84, 0x6D, 0x13, 0x89, 0xC8, 0x69, 0x5C, 0x2A, 0x12, 0x6F, 0x56, 0x1E,
    0xEF, 0x3F, 0x1A, 0x57, 0x66, 0x59, 0x74, 0x13, 0x1F, 0x21, 0xD2, 0xD1, 0x05, 0xBB, 0xE9, 0x46,
    0x9F, 0xCE, 0x07, 0xEF, 0xB7, 0x10, 0x3B, 0x89, 0x9E, 0xFD, 0x2E, 0xCA, 0x4E, 0x61, 0xA4, 0x1B,
    0xF6, 0xBB, 0x00, 0x43, 0x2A, 0x71, 0x94, 0x90, 0x5D, 0xD6, 0x70, 0xD3, 0x51, 0x24, 0x14, 0xD5,
    0x23, 0x97, 0xC4, 0xDE, 0xD0, 0xBD, 0x09, 0x40, 0x03, 0xBD, 0xC7, 0xC0, 0x8A, 0x22, 0x06, 0xE6,
    0x8B, 0x48, 0xD1, 0x99, 0x26, 0x5F, 0x5B, 0x90, 0xEA, 0x68, 0xB2, 0xE3, 0xCC, 0xE2, 0x16, 0xBD,
    0x44, 0x85, 0x76, 0x11, 0xCD, 0x22, 0x0A, 0x89, 0x52, 0x2D, 0x3A, 0x6F, 0xB5, 0x55, 0x8E, 0x85,
    0x3E, 0xEA, 0x19, 0xA8, 0x5D, 0x2C, 0xCB, 0x4C, 0x5C, 0x1C, 0x83, 0x95, 0xC9, 0x6C, 0x42, 0xB8,
    0x13, 0x89, 0xB5, 0x8B, 0x33, 0xC4, 0x56, 0x0F, 0x7E, 0x79, 0xFF, 0xCE, 0xBB, 0xFD, 0x23, 0xA0,
    0x58, 0xF3, 0x71, 0x09, 0x78, 0x14, 0xBF, 0x57, 0x2B, 0x8A, 0x9A, 0x46, 0x9F, 0x86, 0x93, 0xAD,
    0xF3, 0x48, 0x34, 0xC6, 0xA4, 0xF8, 0xE7, 0x7A, 0x59, 0xE2, 0xC8, 0xBD, 0x76, 0xC8, 0x4F, 0x68,
    0x87, 0x99, 0x07, 0xA4, 0x8B, 0x99, 0x83, 0x76, 0xE8, 0x9E, 0x11, 0x22, 0xFB, 0x5B, 0x90, 0xF4,
    0x6B, 0xBC, 0xEA, 0x5E, 0xD3, 0x32, 0x6F, 0xB9, 0x0B, 0x8A, 0x76, 0x11, 0x75, 0xEC, 0xA6, 0xC4,
    0xC4, 0x7E, 0x0A, 0xBB, 0x26, 0xC6, 0x8A, 0x5B, 0xFD, 0x03, 0x35, 0xCE, 0x01, 0x06, 0x02, 0x41,
    0x18, 0xC5, 0xF1, 0xD9, 0x59, 0x84, 0x50, 0x37, 0x98, 0x6E, 0xB0, 0x47, 0xE8, 0x20, 0x5D, 0x25,
    0xD2, 0xAD, 0x42, 0xD4, 0x61, 0x02, 0xA0, 0x01, 0x84, 0x6F, 0x7B, 0xFD, 0x9F, 0xF9, 0x7A, 0xEC,
    0xEE, 0x33, 0x7E, 0xFB, 0x4C, 0x21, 0xFB, 0x92, 0x39, 0xE7, 0x77, 0x52, 0x96, 0x8D, 0x9E, 0xA3,
    0x34, 0xF5, 0x51, 0x2E, 0x8A, 0x24, 0x52, 0x12, 0x0D, 0xD4, 0x5E, 0x65, 0x01, 0x41, 0x38, 0x8C,
    0x5C, 0xA9, 0x32, 0xD1, 0xF5, 0x56, 0x8C, 0x9A, 0xDE, 0x2A, 0xEA, 0x10, 0x89, 0x12, 0x10, 0xE9,
    0x5B, 0xE8, 0x5E, 0x89, 0xCA, 0x52, 0xA3, 0xF4, 0x99, 0xE7, 0xE8, 0xDD, 0x9D, 0x14, 0x0B, 0xC5,
    0x3F, 0xF4, 0xAD, 0xB4, 0x4E, 0x3E, 0xC5, 0x05, 0x84, 0xE9, 0x87, 0x8B, 0x6F, 0x64, 0x24, 0x2F,
    0x83, 0xC6, 0x85, 0x40, 0x32, 0x01, 0xAD, 0xB3, 0x09, 0x28, 0xAA, 0x09, 0xE8, 0x33, 0x99, 0x80,
    0xA2, 0x9A, 0x18, 0x9D, 0x4C, 0x8C, 0x06, 0x01, 0x99, 0x38, 0x90, 0xCC, 0xFD, 0x5F, 0x0E, 0x7E,
    0xFD, 0x00,
};

static const EpdGlyph sourcesans_18_bolditalicGlyphs[] = {
    { 0, 0, 0, 0, 0, 0, 0 }, // U+0000
    { 0, 0, 156, 0, 0, 0, 0 }, // U+000D
    { 0, 0, 120, 0, 0, 0, 0 }, // U+0020
    { 11, 27, 199, 1, 26, 75, 0 }, // !
    { 16, 13, 306, 4, 26, 52, 75 }, // "
    { 20, 25, 304, 0, 25, 125, 127 }, // #
    { 19, 34, 305, 0, 29, 162, 252 }, // $
    { 29, 27, 497, 1, 26, 196, 414 }, // %
    { 24, 26, 380, 0, 25, 156, 610 }, // &
    { 8, 13, 175, 4, 26, 26, 766 }, // '
    { 12, 35, 197, 2, 28, 105, 792 }, // (
    { 13, 35, 199, -2, 28, 114, 897 }, // )
    { 15, 14, 263, 3, 27, 53, 1011 }, // *
    { 18, 19, 305, 1, 22, 86, 1064 }, // +
    { 10, 15, 175, -2, 7, 38, 1150 }, // ,
    { 10, 5, 192, 1, 12, 13, 1188 }, // -
    { 8, 8, 175, 0, 7, 16, 1201 }, // .
    { 18, 33, 197, -3, 27, 149, 1217 }, // /
    { 19, 26, 325, 1, 25, 124, 1366 }, // 0
    { 12, 24, 227, 2, 24, 72, 1490 }, // 1
    { 19, 25, 295, -1, 25, 119, 1562 }, // 2
    { 19, 26, 293, -1, 25, 124, 1681 }, // 3
    { 20, 24, 314, 0, 24, 120, 1805 }, // 4
    { 20, 25, 293, -1, 24, 125, 1925 }, // 5
    { 19, 26, 305, 1, 25, 124, 2050 }, // 6
    { 17, 24, 288, 3, 24, 102, 2174 }, // 7
    { 18, 26, 305, 1, 25, 117, 2276 }, // 8
    { 19, 26, 305, 0, 25, 124, 2393 }, // 9
    { 10, 20, 175, 0, 19, 50, 2517 }, // :
    { 12, 27, 175, -2, 19, 81, 2567 }, // ;
    { 18, 17, 305, 1, 21, 77, 2648 }, // <
    { 18, 13, 305, 1, 19, 59, 2725 }, // =
    { 18, 17, 305, 1, 21, 77, 2784 }, // >
    { 15, 27, 266, 3, 26, 102, 2861 }, // ?
    { 31, 32, 520, 1, 25, 248, 2963 }, // @
    { 23, 25, 328, -3, 25, 144, 3211 }, // A
    { 21, 25, 356, 1, 25, 132, 3355 }, // B
    { 20, 26, 340, 2, 25, 130, 3487 }, // C
    { 22, 25, 373, 1, 25, 138, 3617 }, // D
    { 20, 25, 315, 1, 25, 125, 3755 }, // E
    { 20, 25, 302, 1, 25, 125, 3880 }, // F
    { 21, 26, 367, 2, 25, 137, 4005 }, // G
    { 24, 25, 392, 1, 25, 150, 4142 }, // H
    { 11, 25, 176, 1, 25, 69, 4292 }, // I
    { 20, 26, 295, -1, 25, 130, 4361 }, // J
    { 24, 25, 358, 1, 25, 150, 4491 }, // K
    { 16, 25, 299, 1, 25, 100, 4641 }, // L
    { 27, 25, 444, 1, 25, 169, 4741 }, // M
    { 24, 25, 386, 1, 25, 150, 4910 }, // N
    { 22, 26, 396, 2, 25, 143, 5060 }, // O
    { 22, 25, 350, 1, 25, 138, 5203 }, // P
    { 22, 32, 396, 2, 25, 176, 5341 }, // Q
    { 21, 25, 358, 1, 25, 132, 5517 }, // R
    { 20, 26, 317, 0, 25, 130, 5649 }, // S
    { 19, 25, 319, 3, 25, 119, 5779 }, // T
    { 23, 26, 386, 2, 25, 150, 5898 }, // U
    { 22, 25, 332, 2, 25, 138, 6048 }, // V
    { 29, 25, 476, 3, 25, 182, 6186 }, // W
    { 25, 25, 327, -2, 25, 157, 6368 }, // X
    { 20, 25, 306, 3, 25, 125, 6525 }, // Y
    { 22, 25, 315, -1, 25, 138, 6650 }, // Z
    { 15, 33, 198, -1, 27, 124, 6788 }, // [
    { 7, 33, 197, 3, 27, 58, 6912 }, // <backslash>
    { 15, 33, 198, -2, 27, 124, 6970 }, // ]
    { 16, 16, 304, 2, 26, 64, 7094 }, // ^
    { 18, 4, 289, -2, -2, 18, 7158 }, // _
    { 10, 8, 320, 6, 29, 20, 7176 }, // `
    { 20, 21, 331, 1, 20, 105, 7196 }, // a
    { 20, 28, 332, 0, 27, 140, 7301 }, // b
    { 17, 21, 266, 1, 20, 90, 7441 }, // c
    { 21, 28, 328, 1, 27, 147, 7531 }, // d
    { 17, 21, 298, 1, 20, 90, 7678 }, // e
    { 16, 27, 196, 1, 27, 108, 7768 }, // f
    { 21, 28, 328, -1, 20, 147, 7876 }, // g
    { 20, 27, 328, 0, 27, 135, 8023 }, // h
    { 11, 27, 159, 0, 27, 75, 8158 }, // i
    { 16, 35, 160, -5, 27, 140, 8233 }, // j
    { 21, 27, 315, 0, 27, 142, 8373 }, // k
    { 10, 28, 165, 1, 27, 70, 8515 }, // l
    { 30, 20, 496, 0, 20, 150, 8585 }, // m
    { 20, 20, 331, 0, 20, 100, 8735 }, // n
    { 18, 21, 319, 1, 20, 95, 8835 }, // o
    { 21, 27, 332, -1, 20, 142, 8930 }, // p
    { 20, 27, 331, 1, 20, 135, 9072 }, // q
    { 16, 20, 230, 0, 20, 80, 9207 }, // r
    { 17, 21, 254, -1, 20, 90, 9287 }, // s
    { 14, 26, 220, 1, 25, 91, 9377 }, // t
    { 19, 20, 326, 1, 19, 95, 9468 }, // u
    { 19, 19, 299, 2, 19, 91, 9563 }, // v
    { 27, 19, 449, 2, 19, 129, 9654 }, // w
    { 22, 19, 294, -2, 19, 105, 9783 }, // x
    { 23, 27, 299, -2, 19, 156, 9888 }, // y
    { 19, 19, 266, -1, 19, 91, 10044 }, // z
    { 15, 33, 197, 0, 27, 124, 10135 }, // {
    { 4, 39, 153, 3, 29, 39, 10259 }, // |
    { 14, 33, 199, -2, 27, 116, 10298 }, // }
    { 18, 7, 305, 1, 16, 32, 10414 }, // ~
    { 0, 0, 120, 0, 0, 0, 0 }, // U+00A0
    { 11, 27, 199, 0, 20, 75, 0 }, // U+00A1
    { 18, 27, 305, 2, 26, 122, 75 }, // U+00A2
    { 21, 25, 305, 0, 25, 132, 197 }, // U+00A3
    { 20, 19, 305, 0, 22, 95, 329 }, // U+00A4
    { 22, 24, 305, 0, 24, 132, 424 }, // U+00A5
    { 4, 39, 153, 3, 29, 39, 556 }, // U+00A6
    { 19, 29, 303, 0, 26, 138, 595 }, // U+00A7
    { 14, 6, 320, 6, 27, 21, 733 }, // U+00A8
    { 25, 26, 403, 1, 25, 163, 754 }, // U+00A9
    { 14, 14, 219, 2, 27, 49, 917 }, // U+00AA
    { 16, 15, 277, 1, 17, 60, 966 }, // U+00AB
    { 18, 12, 305, 1, 15, 54, 1026 }, // U+00AC
    { 10, 5, 192, 1, 12, 13, 1080 }, // U+00AD
    { 15, 16, 266, 3, 27, 60, 1093 }, // U+00AE
    { 12, 4, 320, 7, 26, 12, 1153 }, // U+00AF
    { 11, 11, 209, 3, 26, 31, 1165 }, // U+00B0
    { 18, 22, 305, 1, 22, 99, 1196 }, // U+00B1
    { 13, 16, 218, 2, 30, 52, 1295 }, // U+00B2
    { 13, 17, 216, 2, 30, 56, 1347 }, // U+00B3
    { 13, 8, 320, 8, 29, 26, 1403 }, // U+00B4
    { 22, 26, 332, -1, 19, 143, 1429 }, // U+00B5
    { 21, 28, 365, 2, 25, 147, 1572 }, // U+00B6
    { 8, 8, 175, 2, 16, 16, 1719 }, // U+00B7
    { 10, 10, 320, 2, 1, 25, 1735 }, // U+00B8
    { 9, 15, 226, 5, 29, 34, 1760 }, // U+00B9
    { 13, 14, 215, 2, 27, 46, 1794 }, // U+00BA
    { 16, 15, 277, 1, 17, 60, 1840 }, // U+00BB
    { 25, 27, 466, 3, 26, 169, 1900 }, // U+00BC
    { 26, 27, 488, 3, 26, 176, 2069 }, // U+00BD
    { 28, 27, 473, 1, 26, 189, 2245 }, // U+00BE
    { 15, 27, 266, -1, 20, 102, 2434 }, // U+00BF
    { 23, 33, 329, -3, 33, 190, 2536 }, // U+00C0
    { 25, 33, 329, -3, 33, 207, 2726 }, // U+00C1
    { 25, 33, 329, -3, 33, 207, 2933 }, // U+00C2
    { 26, 32, 329, -3, 32, 208, 3140 }, // U+00C3
    { 24, 32, 329, -3, 32, 192, 3348 }, // U+00C4
    { 23, 34, 329, -3, 34, 196, 3540 }, // U+00C5
    { 35, 25, 503, -2, 25, 219, 3736 }, // U+00C6
    { 20, 34, 340, 2, 25, 170, 3955 }, // U+00C7
    { 20, 33, 315, 1, 33, 165, 4125 }, // U+00C8
    { 21, 33, 315, 1, 33, 174, 4290 }, // U+00C9
    { 20, 33, 315, 1, 33, 165, 4464 }, // U+00CA
    { 20, 32, 315, 1, 32, 160, 4629 }, // U+00CB
    { 11, 33, 176, 1, 33, 91, 4789 }, // U+00CC
    { 16, 33, 176, 1, 33, 132, 4880 }, // U+00CD
    { 16, 33, 176, 1, 33, 132, 5012 }, // U+00CE
    { 15, 32, 176, 1, 32, 120, 5144 }, // U+00CF
    { 23, 25, 385, 1, 25, 144, 5264 }, // U+00D0
    { 24, 32, 386, 1, 32, 192, 5408 }, // U+00D1
    { 22, 34, 396, 2, 33, 187, 5600 }, // U+00D2
    { 22, 34, 396, 2, 33, 187, 5787 }, // U+00D3
    { 22, 34, 396, 2, 33, 187, 5974 }, // U+00D4
    { 22, 33, 396, 2, 32, 182, 6161 }, // U+00D5
    { 22, 33, 396, 2, 32, 182, 6343 }, // U+00D6
    { 16, 17, 305, 2, 21, 68, 6525 }, // U+00D7
    { 28, 29, 396, -1, 27, 203, 6593 }, // U+00D8
    { 23, 34, 386, 2, 33, 196, 6796 }, // U+00D9
    { 23, 34, 386, 2, 33, 196, 6992 }, // U+00DA
    { 23, 34, 386, 2, 33, 196, 7188 }, // U+00DB
    { 23, 33, 386, 2, 32, 190, 7384 }, // U+00DC
    { 20, 33, 305, 3, 33, 165, 7574 }, // U+00DD
    { 21, 25, 357, 1, 25, 132, 7739 }, // U+00DE
    { 22, 28, 365, 0, 27, 154, 7871 }, // U+00DF
    { 20, 30, 331, 1, 29, 150, 8025 }, // U+00E0
    { 20, 30, 331, 1, 29, 150, 8175 }, // U+00E1
    { 20, 30, 331, 1, 29, 150, 8325 }, // U+00E2
    { 20, 29, 331, 1, 28, 145, 8475 }, // U+00E3
    { 20, 28, 331, 1, 27, 140, 8620 }, // U+00E4
    { 20, 30, 331, 1, 29, 150, 8760 }, // U+00E5
    { 28, 21, 453, 0, 20, 147, 8910 }, // U+00E6
    { 17, 29, 266, 1, 20, 124, 9057 }, // U+00E7
    { 17, 30, 298, 1, 29, 128, 9181 }, // U+00E8
    { 20, 30, 298, 1, 29, 150, 9309 }, // U+00E9
    { 19, 30, 298, 1, 29, 143, 9459 }, // U+00EA
    { 19, 28, 298, 1, 27, 133, 9602 }, // U+00EB
    { 11, 29, 159, 0, 29, 80, 9735 }, // U+00EC
    { 16, 29, 159, 0, 29, 116, 9815 }, // U+00ED
    { 15, 29, 159, 0, 29, 109, 9931 }, // U+00EE
    { 15, 27, 159, 0, 27, 102, 10040 }, // U+00EF
    { 20, 29, 329, 1, 28, 145, 10142 }, // U+00F0
    { 22, 28, 331, 0, 28, 154, 10287 }, // U+00F1
    { 18, 30, 319, 1, 29, 135, 10441 }, // U+00F2
    { 20, 30, 319, 1, 29, 150, 10576 }, // U+00F3
    { 19, 30, 319, 1, 29, 143, 10726 }, // U+00F4
    { 20, 29, 319, 1, 28, 145, 10869 }, // U+00F5
    { 19, 28, 319, 1, 27, 133, 11014 }, // U+00F6
    { 18, 20, 305, 1, 22, 90, 11147 }, // U+00F7
    { 22, 22, 319, -1, 20, 121, 11237 }, // U+00F8
    { 19, 30, 326, 1, 29, 143, 11358 }, // U+00F9
    { 20, 30, 326, 1, 29, 150, 11501 }, // U+00FA
    { 19, 30, 326, 1, 29, 143, 11651 }, // U+00FB
    { 19, 28, 326, 1, 27, 133, 11794 }, // U+00FC
    { 23, 37, 299, -2, 29, 213, 11927 }, // U+00FD
    { 21, 34, 332, -1, 27, 179, 12140 }, // U+00FE
    { 23, 35, 299, -2, 27, 202, 12319 }, // U+00FF
    { 24, 31, 329, -3, 31, 186, 0 }, // U+0100
    { 20, 27, 331, 1, 26, 135, 186 }, // U+0101
    { 24, 32, 329, -3, 32, 192, 321 }, // U+0102
    { 20, 29, 331, 1, 28, 145, 513 }, // U+0103
    { 23, 34, 329, -3, 25, 196, 658 }, // U+0104
    { 20, 29, 331, 1, 20, 145, 854 }, // U+0105
    { 22, 34, 340, 2, 33, 187, 999 }, // U+0106
    { 19, 30, 266, 1, 29, 143, 1186 }, // U+0107
    { 21, 34, 340, 2, 33, 179, 1329 }, // U+0108
    { 18, 30, 266, 1, 29, 135, 1508 }, // U+0109
    { 20, 33, 340, 2, 32, 165, 1643 }, // U+010A
    { 17, 28, 266, 1, 27, 119, 1808 }, // U+010B
    { 22, 34, 340, 2, 33, 187, 1927 }, // U+010C
    { 20, 30, 266, 1, 29, 150, 2114 }, // U+010D
    { 22, 33, 373, 1, 33, 182, 2264 }, // U+010E
    { 26, 30, 341, 1, 29, 195, 2446 }, // U+010F
    { 23, 25, 385, 1, 25, 144, 2641 }, // U+0110
    { 23, 28, 332, 1, 27, 161, 2785 }, // U+0111
    { 20, 31, 315, 1, 31, 155, 2946 }, // U+0112
    { 18, 27, 298, 1, 26, 122, 3101 }, // U+0113
    { 20, 32, 315, 1, 32, 160, 3223 }, // U+0114
    { 19, 29, 298, 1, 28, 138, 3383 }, // U+0115
    { 20, 32, 315, 1, 32, 160, 3521 }, // U+0116
    { 17, 28, 298, 1, 27, 119, 3681 }, // U+0117
    { 20, 34, 315, 1, 25, 170, 3800 }, // U+0118
    { 17, 29, 298, 1, 20, 124, 3970 }, // U+0119
    { 21, 33, 315, 1, 33, 174, 4094 }, // U+011A
    { 21, 30, 298, 1, 29, 158, 4268 }, // U+011B
    { 21, 34, 367, 2, 33, 179, 4426 }, // U+011C
    { 21, 37, 328, -1, 29, 195, 4605 }, // U+011D
    { 21, 33, 367, 2, 32, 174, 4800 }, // U+011E
    { 21, 36, 328, -1, 28, 189, 4974 }, // U+011F
    { 21, 33, 367, 2, 32, 174, 5163 }, // U+0120
    { 21, 35, 328, -1, 27, 184, 5337 }, // U+0121
    { 21, 34, 367, 2, 25, 179, 5521 }, // U+0122
    { 21, 37, 328, -1, 29, 195, 5700 }, // U+0123
    { 24, 33, 391, 1, 33, 198, 5895 }, // U+0124
    { 24, 34, 328, 0, 34, 204, 6093 }, // U+0125
    { 27, 25, 416, 1, 25, 169, 6297 }, // U+0126
    { 19, 27, 330, 0, 27, 129, 6466 }, // U+0127
    { 17, 32, 176, 1, 32, 136, 6595 }, // U+0128
    { 16, 28, 159, 0, 28, 112, 6731 }, // U+0129
    { 15, 31, 176, 1, 31, 117, 6843 }, // U+012A
    { 14, 26, 159, 0, 26, 91, 6960 }, // U+012B
    { 15, 32, 176, 1, 32, 120, 7051 }, // U+012C
    { 15, 28, 159, 0, 28, 105, 7171 }, // U+012D
    { 14, 34, 176, -2, 25, 119, 7276 }, // U+012E
    { 13, 36, 159, -2, 27, 117, 7395 }, // U+012F
    { 12, 32, 176, 1, 32, 96, 7512 }, // U+0130
    { 10, 19, 159, 0, 19, 48, 7608 }, // U+0131
    { 22, 32, 353, 1, 25, 176, 7656 }, // U+0132
    { 21, 35, 319, 0, 27, 184, 7832 }, // U+0133
    { 25, 34, 295, -1, 33, 213, 8016 }, // U+0134
    { 20, 37, 160, -5, 29, 185, 8229 }, // U+0135
    { 24, 34, 358, 1, 25, 204, 8414 }, // U+0136
    { 21, 36, 315, 0, 27, 189, 8618 }, // U+0137
    { 21, 19, 315, 0, 19, 100, 8807 }, // U+0138
    { 17, 33, 300, 1, 33, 141, 8907 }, // U+0139
    { 16, 36, 165, 1, 35, 144, 9048 }, // U+013A
    { 16, 34, 300, 1, 25, 136, 9192 }, // U+013B
    { 13, 36, 165, -2, 27, 117, 9328 }, // U+013C
    { 19, 28, 300, 1, 28, 133, 9445 }, // U+013D
    { 16, 30, 170, 1, 29, 120, 9578 }, // U+013E
    { 18, 25, 300, 1, 25, 113, 9698 }, // U+013F
    { 16, 28, 253, 1, 27, 112, 9811 }, // U+0140
    { 19, 25, 316, -1, 25, 119, 9923 }, // U+0141
    { 17, 28, 206, -1, 27, 119, 10042 }, // U+0142
    { 24, 33, 386, 1, 33, 198, 10161 }, // U+0143
    { 22, 29, 331, 0, 29, 160, 10359 }, // U+0144
    { 24, 34, 386, 1, 25, 204, 10519 }, // U+0145
    { 20, 29, 331, 0, 20, 145, 10723 }, // U+0146
    { 24, 33, 386, 1, 33, 198, 10868 }, // U+0147
    { 22, 29, 331, 0, 29, 160, 11066 }, // U+0148
    { 27, 27, 496, 3, 27, 183, 11226 }, // U+0149
    { 23, 26, 388, 1, 25, 150, 11409 }, // U+014A
    { 20, 28, 331, 0, 20, 140, 11559 }, // U+014B
    { 22, 32, 396, 2, 31, 176, 11699 }, // U+014C
    { 18, 27, 319, 1, 26, 122, 11875 }, // U+014D
    { 22, 33, 396, 2, 32, 182, 11997 }, // U+014E
    { 19, 29, 319, 1, 28, 138, 12179 }, // U+014F
    { 25, 34, 396, 2, 33, 213, 12317 }, // U+0150
    { 22, 30, 319, 1, 29, 165, 12530 }, // U+0151
    { 30, 25, 500, 2, 25, 188, 12695 }, // U+0152
    { 28, 21, 479, 1, 20, 147, 12883 }, // U+0153
    { 22, 33, 358, 1, 33, 182, 13030 }, // U+0154
    { 20, 29, 230, 0, 29, 145, 13212 }, // U+0155
    { 21, 34, 358, 1, 25, 179, 13357 }, // U+0156
    { 19, 29, 230, -3, 20, 138, 13536 }, // U+0157
    { 22, 33, 358, 1, 33, 182, 13674 }, // U+0158
    { 20, 29, 230, 0, 29, 145, 13856 }, // U+0159
    { 22, 34, 317, 0, 33, 187, 14001 }, // U+015A
    { 20, 30, 254, -1, 29, 150, 14188 }, // U+015B
    { 21, 34, 317, 0, 33, 179, 14338 }, // U+015C
    { 19, 30, 254, -1, 29, 143, 14517 }, // U+015D
    { 20, 34, 317, 0, 25, 170, 14660 }, // U+015E
    { 17, 29, 254, -1, 20, 124, 14830 }, // U+015F
    { 22, 34, 317, 0, 33, 187, 14954 }, // U+0160
    { 21, 30, 254, -1, 29, 158, 15141 }, // U+0161
    { 20, 34, 319, 2, 25, 170, 15299 }, // U+0162
    { 14, 34, 220, 1, 25, 119, 15469 }, // U+0163
    { 19, 33, 319, 3, 33, 157, 15588 }, // U+0164
    { 17, 30, 220, 1, 29, 128, 15745 }, // U+0165
    { 19, 25, 319, 3, 25, 119, 15873 }, // U+0166
    { 15, 26, 220, 0, 25, 98, 15992 }, // U+0167
    { 23, 33, 386, 2, 32, 190, 16090 }, // U+0168
    { 20, 29, 326, 1, 28, 145, 16280 }, // U+0169
    { 23, 32, 386, 2, 31, 184, 16425 }, // U+016A
    { 19, 27, 326, 1, 26, 129, 16609 }, // U+016B
    { 23, 33, 386, 2, 32, 190, 16738 }, // U+016C
    { 19, 29, 326, 1, 28, 138, 16928 }, // U+016D
    { 23, 35, 386, 2, 34, 202, 17066 }, // U+016E
    { 19, 30, 326, 1, 29, 143, 17268 }, // U+016F
    { 25, 34, 386, 2, 33, 213, 17411 }, // U+0170
    { 22, 30, 326, 1, 29, 165, 17624 }, // U+0171
    { 23, 34, 386, 2, 25, 196, 17789 }, // U+0172
    { 19, 28, 326, 1, 19, 133, 17985 }, // U+0173
    { 29, 33, 476, 3, 33, 240, 18118 }, // U+0174
    { 27, 29, 449, 2, 29, 196, 18358 }, // U+0175
    { 20, 33, 305, 3, 33, 165, 18554 }, // U+0176
    { 23, 37, 299, -2, 29, 213, 18719 }, // U+0177
    { 20, 32, 305, 3, 32, 160, 18932 }, // U+0178
    { 23, 33, 315, -1, 33, 190, 19092 }, // U+0179
    { 21, 29, 266, -1, 29, 153, 19282 }, // U+017A
    { 22, 32, 315, -1, 32, 176, 19435 }, // U+017B
    { 19, 27, 266, -1, 27, 129, 19611 }, // U+017C
    { 23, 33, 315, -1, 33, 190, 19740 }, // U+017D
    { 22, 29, 266, -1, 29, 160, 19930 }, // U+017E
    { 16, 27, 196, 1, 27, 108, 20090 }, // U+017F
    { 25, 32, 396, 2, 31, 200, 0 }, // U+01A0
    { 22, 27, 323, 1, 26, 149, 200 }, // U+01A1
    { 28, 32, 400, 2, 31, 224, 349 }, // U+01AF
    { 23, 27, 340, 1, 26, 156, 573 }, // U+01B0
    { 49, 35, 728, 0, 35, 429, 729 }, // U+01C4
    { 46, 29, 679, 0, 29, 334, 1158 }, // U+01C5
    { 42, 30, 629, 1, 29, 315, 1492 }, // U+01C6
    { 33, 35, 509, 0, 27, 289, 1807 }, // U+01C7
    { 32, 38, 489, 0, 29, 304, 2096 }, // U+01C8
    { 24, 38, 359, 0, 29, 228, 2400 }, // U+01C9
    { 42, 35, 652, 0, 27, 368, 2628 }, // U+01CA
    { 41, 38, 631, 0, 29, 390, 2996 }, // U+01CB
    { 35, 38, 541, 0, 29, 333, 3386 }, // U+01CC
    { 25, 33, 329, -3, 33, 207, 3719 }, // U+01CD
    { 21, 30, 331, 1, 29, 158, 3926 }, // U+01CE
    { 16, 33, 176, 1, 33, 132, 4084 }, // U+01CF
    { 17, 29, 159, 0, 29, 124, 4216 }, // U+01D0
    { 22, 34, 396, 2, 33, 187, 4340 }, // U+01D1
    { 21, 30, 319, 1, 29, 158, 4527 }, // U+01D2
    { 23, 34, 386, 2, 33, 196, 4685 }, // U+01D3
    { 21, 30, 326, 1, 29, 158, 4881 }, // U+01D4
    { 23, 37, 386, 2, 36, 213, 5039 }, // U+01D5
    { 19, 33, 326, 1, 32, 157, 5252 }, // U+01D6
    { 23, 38, 386, 2, 37, 219, 5409 }, // U+01D7
    { 19, 34, 326, 1, 33, 162, 5628 }, // U+01D8
    { 23, 38, 386, 2, 37, 219, 5790 }, // U+01D9
    { 20, 33, 326, 1, 32, 165, 6009 }, // U+01DA
    { 23, 38, 386, 2, 37, 219, 6174 }, // U+01DB
    { 19, 34, 326, 1, 33, 162, 6393 }, // U+01DC
    { 18, 21, 298, 0, 20, 95, 6555 }, // U+01DD
    { 27, 39, 377, -3, 39, 264, 6650 }, // U+01DE
    { 21, 34, 355, 1, 33, 179, 6914 }, // U+01DF
    { 27, 39, 377, -3, 39, 264, 7093 }, // U+01E0
    { 21, 34, 355, 1, 33, 179, 7357 }, // U+01E1
    { 35, 31, 503, -2, 31, 272, 7536 }, // U+01E2
    { 28, 27, 452, 0, 26, 189, 7808 }, // U+01E3
    { 22, 26, 391, 2, 25, 143, 7997 }, // U+01E4
    { 23, 28, 346, -1, 20, 161, 8140 }, // U+01E5
    { 22, 34, 367, 2, 33, 187, 8301 }, // U+01E6
    { 22, 37, 328, -1, 29, 204, 8488 }, // U+01E7
    { 27, 35, 376, 0, 35, 237, 8692 }, // U+01E8
    { 24, 37, 341, 0, 37, 222, 8929 }, // U+01E9
    { 22, 34, 396, 2, 25, 187, 9151 }, // U+01EA
    { 18, 29, 319, 1, 20, 131, 9338 }, // U+01EB
    { 25, 43, 439, 2, 33, 269, 9469 }, // U+01EC
    { 20, 37, 354, 1, 27, 185, 9738 }, // U+01ED
    { 22, 34, 324, 0, 33, 187, 9923 }, // U+01EE
    { 23, 37, 267, -3, 29, 213, 10110 }, // U+01EF
    { 22, 37, 160, -5, 29, 204, 10323 }, // U+01F0
    { 48, 27, 728, 0, 27, 324, 10527 }, // U+01F1
    { 44, 27, 688, 0, 27, 297, 10851 }, // U+01F2
    { 40, 30, 638, 1, 29, 300, 11148 }, // U+01F3
    { 22, 34, 367, 2, 33, 187, 11448 }, // U+01F4
    { 22, 37, 328, -1, 29, 204, 11635 }, // U+01F5
    { 37, 28, 605, 0, 27, 259, 11839 }, // U+01F6
    { 24, 32, 350, -1, 25, 192, 12098 }, // U+01F7
    { 24, 33, 386, 1, 33, 198, 12290 }, // U+01F8
    { 20, 29, 331, 0, 29, 145, 12488 }, // U+01F9
    { 25, 37, 329, -3, 37, 232, 12633 }, // U+01FA
    { 20, 34, 331, 1, 33, 170, 12865 }, // U+01FB
    { 35, 33, 503, -2, 33, 289, 13035 }, // U+01FC
    { 28, 30, 452, 0, 29, 210, 13324 }, // U+01FD
    { 28, 35, 396, -1, 33, 245, 13534 }, // U+01FE
    { 22, 31, 319, -1, 29, 171, 13779 }, // U+01FF
    { 23, 33, 329, -3, 33, 190, 13950 }, // U+0200
    { 20, 30, 331, 1, 29, 150, 14140 }, // U+0201
    { 26, 35, 377, -3, 35, 228, 14290 }, // U+0202
    { 21, 30, 355, 1, 29, 158, 14518 }, // U+0203
    { 20, 33, 315, 1, 33, 165, 14676 }, // U+0204
    { 17, 30, 298, 1, 29, 128, 14841 }, // U+0205
    { 22, 35, 326, 0, 35, 193, 14969 }, // U+0206
    { 19, 30, 334, 1, 29, 143, 15162 }, // U+0207
    { 15, 33, 176, -1, 33, 124, 15305 }, // U+0208
    { 14, 29, 159, -2, 29, 102, 15429 }, // U+0209
    { 20, 35, 230, -2, 35, 175, 15531 }, // U+020A
    { 16, 29, 179, 0, 29, 116, 15706 }, // U+020B
    { 22, 34, 396, 2, 33, 187, 15822 }, // U+020C
    { 18, 30, 319, 1, 29, 135, 16009 }, // U+020D
    { 25, 36, 439, 2, 35, 225, 16144 }, // U+020E
    { 20, 30, 354, 1, 29, 150, 16369 }, // U+020F
    { 23, 35, 372, 0, 35, 202, 16519 }, // U+0210
    { 18, 29, 253, 0, 29, 131, 16721 }, // U+0211
    { 23, 35, 372, 0, 35, 202, 16852 }, // U+0212
    { 19, 29, 253, 0, 29, 138, 17054 }, // U+0213
    { 25, 36, 415, 2, 35, 225, 17192 }, // U+0214
    { 21, 30, 363, 2, 29, 158, 17417 }, // U+0215
    { 25, 36, 415, 2, 35, 225, 17575 }, // U+0216
    { 21, 30, 363, 2, 29, 158, 17800 }, // U+0217
    { 20, 34, 317, 0, 25, 170, 17958 }, // U+0218
    { 17, 29, 254, -1, 20, 124, 18128 }, // U+0219
    { 20, 34, 319, 2, 25, 170, 18252 }, // U+021A
    { 14, 34, 220, 1, 25, 119, 18422 }, // U+021B
    { 19, 32, 295, -1, 25, 152, 18541 }, // U+021C
    { 16, 28, 265, -1, 20, 112, 18693 }, // U+021D
    { 24, 33, 391, 1, 33, 198, 18805 }, // U+021E
    { 24, 34, 328, 0, 34, 204, 19003 }, // U+021F
    { 18, 21, 305, 1, 20, 95, 0 }, // U+0250
    { 20, 21, 335, 1, 20, 105, 95 }, // U+0251
    { 20, 21, 335, 0, 20, 105, 200 }, // U+0252
    { 20, 28, 332, 0, 27, 140, 305 }, // U+0253
    { 18, 21, 272, -1, 20, 95, 445 }, // U+0254
    { 19, 23, 284, -1, 20, 110, 540 }, // U+0255
    { 21, 35, 331, 1, 27, 184, 650 }, // U+0256
    { 25, 28, 331, 1, 27, 175, 834 }, // U+0257
    { 18, 21, 298, 0, 20, 95, 1009 }, // U+0258
    { 18, 21, 298, 0, 20, 95, 1104 }, // U+0259
    { 27, 21, 419, 0, 20, 142, 1199 }, // U+025A
    { 17, 21, 266, 0, 20, 90, 1341 }, // U+025B
    { 16, 21, 266, 0, 20, 84, 1431 }, // U+025C
    { 24, 21, 373, 0, 20, 126, 1515 }, // U+025D
    { 18, 21, 319, 1, 20, 95, 1641 }, // U+025E
    { 17, 27, 204, -4, 19, 115, 1736 }, // U+025F
    { 27, 35, 335, -1, 27, 237, 1851 }, // U+0260
    { 21, 28, 328, -1, 20, 147, 2088 }, // U+0261
    { 18, 21, 299, 1, 20, 95, 2235 }, // U+0262
    { 20, 27, 299, 1, 19, 135, 2330 }, // U+0263
    { 20, 21, 330, 2, 20, 105, 2465 }, // U+0264
    { 20, 26, 330, 1, 19, 130, 2570 }, // U+0265
    { 19, 27, 328, 0, 27, 129, 2700 }, // U+0266
    { 19, 35, 328, 0, 27, 167, 2829 }, // U+0267
    { 13, 27, 200, 0, 27, 88, 2996 }, // U+0268
    { 9, 20, 165, 1, 19, 45, 3084 }, // U+0269
    { 15, 19, 228, 0, 19, 72, 3129 }, // U+026A
    { 16, 28, 239, 0, 27, 112, 3201 }, // U+026B
    { 16, 27, 238, 0, 27, 108, 3313 }, // U+026C
    { 11, 35, 164, 0, 27, 97, 3421 }, // U+026D
    { 24, 35, 375, 0, 27, 210, 3518 }, // U+026E
    { 30, 20, 494, 1, 19, 150, 3728 }, // U+026F
    { 30, 26, 494, 1, 19, 195, 3878 }, // U+0270
    { 30, 28, 496, 0, 20, 210, 4073 }, // U+0271
    { 25, 28, 331, -5, 20, 175, 4283 }, // U+0272
    { 20, 28, 331, 0, 20, 140, 4458 }, // U+0273
    { 20, 19, 322, 0, 19, 95, 4598 }, // U+0274
    { 18, 21, 319, 1, 20, 95, 4693 }, // U+0275
    { 26, 21, 417, 1, 20, 137, 4788 }, // U+0276
    { 25, 20, 434, 1, 19, 125, 4925 }, // U+0277
    { 25, 34, 422, 1, 27, 213, 5050 }, // U+0278
    { 16, 20, 230, -2, 19, 80, 5263 }, // U+0279
    { 18, 28, 230, -2, 27, 126, 5343 }, // U+027A
    { 16, 27, 230, -2, 19, 108, 5469 }, // U+027B
    { 20, 30, 253, -2, 21, 150, 5577 }, // U+027C
    { 16, 28, 230, 0, 20, 112, 5727 }, // U+027D
    { 16, 20, 221, 0, 20, 80, 5839 }, // U+027E
    { 11, 27, 169, -1, 20, 75, 5919 }, // U+027F
    { 18, 19, 305, 0, 19, 86, 5994 }, // U+0280
    { 21, 19, 305, 0, 19, 100, 6080 }, // U+0281
    { 18, 28, 254, -2, 20, 126, 6180 }, // U+0282
    { 21, 35, 160, -5, 27, 184, 6306 }, // U+0283
    { 22, 35, 185, -5, 27, 193, 6490 }, // U+0284
    { 10, 28, 176, 0, 20, 70, 6683 }, // U+0285
    { 23, 38, 178, -7, 29, 219, 6753 }, // U+0286
    { 13, 26, 220, -1, 20, 85, 6972 }, // U+0287
    { 15, 33, 220, 0, 25, 124, 7057 }, // U+0288
    { 23, 20, 350, 0, 19, 115, 7181 }, // U+0289
    { 20, 20, 322, 1, 19, 100, 7296 }, // U+028A
    { 19, 21, 324, 1, 20, 100, 7396 }, // U+028B
    { 19, 19, 299, -2, 19, 91, 7496 }, // U+028C
    { 27, 19, 449, -1, 19, 129, 7587 }, // U+028D
    { 23, 27, 299, -2, 27, 156, 7716 }, // U+028E
    { 18, 19, 271, 1, 19, 86, 7872 }, // U+028F
    { 19, 27, 267, -1, 19, 129, 7958 }, // U+0290
    { 19, 23, 289, -1, 19, 110, 8087 }, // U+0291
    { 20, 27, 267, -3, 19, 135, 8197 }, // U+0292
    { 23, 31, 328, -3, 21, 179, 8332 }, // U+0293
    { 16, 27, 260, 2, 27, 108, 8511 }, // U+0294
    { 18, 27, 260, 2, 27, 122, 8619 }, // U+0295
    { 19, 30, 289, -2, 29, 143, 8741 }, // U+0296
    { 20, 30, 308, 0, 21, 150, 8884 }, // U+0297
    { 18, 28, 304, 1, 27, 126, 9034 }, // U+0298
    { 18, 19, 304, 0, 19, 86, 9160 }, // U+0299
    { 21, 22, 359, 0, 21, 116, 9246 }, // U+029A
    { 22, 28, 298, 1, 27, 154, 9362 }, // U+029B
    { 21, 19, 335, 0, 19, 100, 9516 }, // U+029C
    { 20, 36, 211, -5, 27, 180, 9616 }, // U+029D
    { 22, 26, 315, -2, 19, 143, 9796 }, // U+029E
    { 14, 19, 244, 0, 19, 67, 9939 }, // U+029F
    { 26, 38, 356, 1, 29, 247, 10006 }, // U+02A0
    { 19, 27, 262, -1, 27, 129, 10253 }, // U+02A1
    { 19, 27, 262, 1, 27, 129, 10382 }, // U+02A2
    { 32, 28, 509, 1, 27, 224, 10511 }, // U+02A3
    { 32, 35, 521, 1, 27, 280, 10735 }, // U+02A4
    { 34, 31, 556, 1, 27, 264, 11015 }, // U+02A5
    { 24, 26, 394, 1, 25, 156, 11279 }, // U+02A6
    { 26, 35, 342, 1, 27, 228, 11435 }, // U+02A7
    { 28, 28, 470, 1, 25, 196, 11663 }, // U+02A8
    { 37, 38, 541, -5, 29, 352, 11859 }, // U+02A9
    { 27, 30, 433, 0, 29, 203, 12211 }, // U+02AA
    { 25, 29, 393, 0, 29, 182, 12414 }, // U+02AB
    { 23, 27, 310, 0, 27, 156, 12596 }, // U+02AC
    { 23, 27, 353, 0, 27, 156, 12752 }, // U+02AD
    { 23, 30, 365, 0, 21, 173, 12908 }, // U+02AE
    { 23, 30, 365, 0, 21, 173, 13081 }, // U+02AF
    { 14, 18, 222, 2, 32, 63, 13254 }, // U+02B0
    { 14, 18, 222, 2, 32, 63, 13317 }, // U+02B1
    { 12, 23, 109, -2, 32, 69, 13380 }, // U+02B2
    { 11, 13, 152, 2, 27, 36, 13449 }, // U+02B3
    { 11, 14, 152, 1, 27, 39, 13485 }, // U+02B4
    { 11, 19, 164, 1, 24, 53, 13524 }, // U+02B5
    { 16, 14, 228, 2, 24, 56, 13577 }, // U+02B6
    { 18, 13, 302, 4, 27, 59, 13633 }, // U+02B7
    { 15, 18, 203, 1, 27, 68, 13692 }, // U+02B8
    { 9, 12, 175, 3, 27, 27, 13760 }, // U+02B9
    { 19, 10, 260, 1, 27, 48, 13787 }, // U+02BA
    { 9, 14, 175, 3, 28, 32, 13835 }, // U+02BB
    { 9, 14, 175, 3, 27, 32, 13867 }, // U+02BC
    { 10, 14, 175, 3, 27, 35, 13899 }, // U+02BD
    { 9, 13, 155, 2, 27, 30, 13934 }, // U+02BE
    { 9, 13, 155, 3, 27, 30, 13964 }, // U+02BF
    { 11, 14, 197, 3, 27, 39, 13994 }, // U+02C0
    { 12, 14, 197, 3, 27, 42, 14033 }, // U+02C1
    { 10, 11, 171, 4, 30, 28, 14075 }, // U+02C2
    { 10, 11, 171, 4, 30, 28, 14103 }, // U+02C3
    { 11, 10, 170, 3, 30, 28, 14131 }, // U+02C4
    { 11, 10, 170, 3, 30, 28, 14159 }, // U+02C5
    { 15, 8, 320, 5, 29, 30, 14187 }, // U+02C6
    { 16, 8, 320, 6, 29, 32, 14217 }, // U+02C7
    { 7, 13, 110, 2, 27, 23, 14249 }, // U+02C8
    { 12, 4, 175, 2, 26, 12, 14272 }, // U+02C9
    { 13, 8, 134, 2, 29, 26, 14284 }, // U+02CA
    { 10, 8, 134, 0, 29, 20, 14310 }, // U+02CB
    { 7, 8, 83, -4, -2, 14, 14330 }, // U+02CC
    { 14, 5, 230, -3, -2, 18, 14344 }, // U+02CD
    { 9, 7, 194, -2, -1, 16, 14362 }, // U+02CE
    { 11, 7, 193, -3, -1, 20, 14378 }, // U+02CF
    { 12, 19, 175, 0, 19, 57, 14398 }, // U+02D0
    { 9, 8, 175, 3, 19, 18, 14455 }, // U+02D1
    { 9, 13, 155, 1, 16, 30, 14473 }, // U+02D2
    { 8, 13, 155, 2, 16, 26, 14503 }, // U+02D3
    { 13, 14, 217, 0, 17, 46, 14529 }, // U+02D4
    { 13, 14, 217, 0, 17, 46, 14575 }, // U+02D5
    { 13, 14, 217, 0, 17, 46, 14621 }, // U+02D6
    { 13, 4, 217, 0, 12, 13, 14667 }, // U+02D7
    { 13, 7, 320, 7, 28, 23, 14680 }, // U+02D8
    { 7, 6, 320, 9, 27, 11, 14703 }, // U+02D9
    { 10, 8, 320, 8, 29, 20, 14714 }, // U+02DA
    { 9, 10, 320, 3, 1, 23, 14734 }, // U+02DB
    { 16, 7, 320, 5, 28, 28, 14757 }, // U+02DC
    { 16, 8, 320, 7, 29, 32, 14785 }, // U+02DD
    { 11, 10, 126, -3, 17, 28, 14817 }, // U+02DE
    { 9, 9, 170, 4, 30, 21, 14845 }, // U+02DF
    { 13, 19, 203, 3, 27, 62, 14866 }, // U+02E0
    { 7, 19, 108, 3, 32, 34, 14928 }, // U+02E1
    { 12, 14, 171, 1, 27, 42, 14962 }, // U+02E2
    { 15, 13, 215, 1, 27, 49, 15004 }, // U+02E3
    { 12, 18, 199, 4, 32, 54, 15053 }, // U+02E4
    { 11, 26, 251, 2, 26, 72, 15107 }, // U+02E5
    { 11, 26, 251, 2, 26, 72, 15179 }, // U+02E6
    { 11, 26, 251, 2, 26, 72, 15251 }, // U+02E7
    { 11, 26, 251, 2, 26, 72, 15323 }, // U+02E8
    { 11, 26, 251, 2, 26, 72, 15395 }, // U+02E9
    { 10, 8, 0, -2, 29, 20, 0 }, // U+0300
    { 13, 8, 0, 0, 29, 26, 20 }, // U+0301
    { 15, 8, 0, -3, 29, 30, 46 }, // U+0302
    { 16, 7, 0, -3, 28, 28, 76 }, // U+0303
    { 12, 4, 0, -1, 26, 12, 104 }, // U+0304
    { 12, 4, 0, -1, 26, 12, 116 }, // U+0305
    { 14, 7, 0, -2, 28, 25, 128 }, // U+0306
    { 7, 6, 0, 1, 27, 11, 153 }, // U+0307
    { 14, 6, 0, -2, 27, 21, 164 }, // U+0308
    { 8, 9, 0, 1, 30, 18, 185 }, // U+0309
    { 10, 8, 0, 0, 29, 20, 203 }, // U+030A
    { 16, 8, 0, -1, 29, 32, 223 }, // U+030B
    { 15, 8, 0, -2, 29, 30, 255 }, // U+030C
    { 6, 8, 0, 2, 29, 12, 285 }, // U+030D
    { 13, 7, 0, -3, 29, 23, 297 }, // U+030E
    { 14, 8, 0, -5, 29, 28, 320 }, // U+030F
    { 15, 12, 0, -2, 33, 45, 348 }, // U+0310
    { 13, 7, 0, -2, 28, 23, 393 }, // U+0311
    { 7, 10, 0, 1, 31, 18, 416 }, // U+0312
    { 7, 10, 0, 1, 31, 18, 434 }, // U+0313
    { 6, 10, 0, 0, 27, 15, 452 }, // U+0314
    { 7, 10, 53, 1, 31, 18, 467 }, // U+0315
    { 9, 7, 0, -8, -1, 16, 485 }, // U+0316
    { 12, 7, 0, -9, -1, 21, 501 }, // U+0317
    { 9, 9, 0, -5, -1, 21, 522 }, // U+0318
    { 8, 9, 0, -5, -1, 18, 543 }, // U+0319
    { 8, 7, 0, 2, 28, 14, 561 }, // U+031A
    { 8, 8, 0, 3, 24, 16, 575 }, // U+031B
    { 8, 8, 0, -5, -2, 16, 591 }, // U+031C
    { 9, 8, 0, -6, -1, 18, 607 }, // U+031D
    { 9, 8, 0, -5, -2, 18, 625 }, // U+031E
    { 10, 8, 0, -6, -2, 20, 643 }, // U+031F
    { 10, 4, 0, -6, -4, 10, 663 }, // U+0320
    { 10, 11, 0, -8, 2, 28, 673 }, // U+0321
    { 9, 11, 0, -4, 2, 25, 701 }, // U+0322
    { 7, 6, 0, -5, -3, 11, 726 }, // U+0323
    { 14, 6, 0, -8, -3, 21, 737 }, // U+0324
    { 11, 8, 0, -7, -2, 22, 758 }, // U+0325
    { 9, 8, 0, -6, -1, 18, 780 }, // U+0326
    { 9, 10, 0, -6, 1, 23, 798 }, // U+0327
    { 9, 10, 0, -5, 1, 23, 821 }, // U+0328
    { 7, 8, 0, -5, -2, 14, 844 }, // U+0329
    { 12, 7, 0, -7, -2, 21, 858 }, // U+032A
    { 15, 5, 0, -10, -2, 19, 879 }, // U+032B
    { 15, 8, 0, -8, -2, 30, 898 }, // U+032C
    { 16, 7, 0, -12, -1, 28, 928 }, // U+032D
    { 14, 7, 0, -8, -3, 25, 956 }, // U+032E
    { 13, 7, 0, -8, -2, 23, 981 }, // U+032F
    { 16, 7, 0, -9, -2, 28, 1004 }, // U+0330
    { 12, 4, 0, -7, -3, 12, 1032 }, // U+0331
    { 20, 4, 0, -11, -3, 20, 1044 }, // U+0332
    { 18, 9, 0, -13, 0, 41, 1064 }, // U+0333
    { 16, 7, 0, -6, 13, 28, 1105 }, // U+0334
    { 17, 5, 0, -9, 12, 22, 1133 }, // U+0335
    { 28, 5, 0, -14, 13, 35, 1155 }, // U+0336
    { 21, 21, 0, -20, 20, 111, 1190 }, // U+0337
    { 28, 29, 0, -26, 27, 203, 1301 }, // U+0338
    { 7, 8, 0, -5, -2, 14, 1504 }, // U+0339
    { 12, 7, 0, -7, -2, 21, 1518 }, // U+033A
    { 12, 8, 0, -7, -2, 24, 1539 }, // U+033B
    { 15, 7, 0, -9, -2, 27, 1563 }, // U+033C
    { 9, 8, 0, 0, 28, 18, 1590 }, // U+033D
    { 9, 12, 0, -1, 33, 27, 1608 }, // U+033E
    { 18, 9, 0, -5, 37, 41, 1635 }, // U+033F
    { 7, 9, 0, 0, 30, 16, 1676 }, // U+0340
    { 11, 7, 0, 0, 29, 20, 1692 }, // U+0341
    { 16, 7, 0, -3, 28, 28, 1712 }, // U+0342
    { 8, 9, 0, 1, 30, 18, 1740 }, // U+0343
    { 16, 9, 0, -3, 30, 36, 1758 }, // U+0344
    { 6, 7, 0, -3, -2, 11, 1794 }, // U+0345
    { 18, 7, 0, -6, 29, 32, 1805 }, // U+0346
    { 17, 9, 0, -12, 0, 39, 1837 }, // U+0347
    { 12, 7, 0, -9, -1, 21, 1876 }, // U+0348
    { 9, 7, 0, -7, -2, 16, 1897 }, // U+0349
    { 15, 8, 0, -4, 29, 30, 1913 }, // U+034A
    { 15, 15, 0, -4, 36, 57, 1943 }, // U+034B
    { 15, 11, 0, -4, 33, 42, 2000 }, // U+034C
    { 14, 8, 0, -10, -1, 28, 2042 }, // U+034D
    { 7, 9, 0, -6, 0, 16, 2070 }, // U+034E
    { 0, 0, 0, 0, 0, 0, 2086 }, // U+034F
    { 7, 8, 0, 0, 30, 14, 2086 }, // U+0350
    { 7, 9, 0, 4, 32, 16, 2100 }, // U+0351
    { 14, 10, 0, -4, 32, 35, 2116 }, // U+0352
    { 8, 8, 0, -6, -1, 16, 2151 }, // U+0353
    { 7, 8, 0, -6, -1, 14, 2167 }, // U+0354
    { 7, 8, 0, -5, -1, 14, 2181 }, // U+0355
    { 15, 8, 0, -9, -1, 30, 2195 }, // U+0356
    { 8, 8, 0, 1, 29, 16, 2225 }, // U+0357
    { 7, 6, 0, 1, 27, 11, 2241 }, // U+0358
    { 9, 8, 0, -7, -1, 18, 2252 }, // U+0359
    { 15, 8, 0, -10, -1, 30, 2270 }, // U+035A
    { 8, 8, 0, 0, 30, 16, 2300 }, // U+035B
    { 34, 8, 0, -18, -1, 68, 2316 }, // U+035C
    { 30, 8, 0, -12, 30, 60, 2384 }, // U+035D
    { 35, 4, 0, -15, 26, 35, 2444 }, // U+035E
    { 35, 4, 0, -20, -3, 35, 2479 }, // U+035F
    { 31, 7, 0, -12, 29, 55, 2514 }, // U+0360
    { 33, 8, 0, -14, 28, 66, 2569 }, // U+0361
    { 30, 9, 0, -19, 0, 68, 2635 }, // U+0362
    { 10, 9, 0, -1, 32, 23, 2703 }, // U+0363
    { 9, 9, 0, -1, 32, 21, 2726 }, // U+0364
    { 6, 12, 0, 1, 35, 18, 2747 }, // U+0365
    { 9, 9, 0, -1, 32, 21, 2765 }, // U+0366
    { 10, 9, 0, -1, 32, 23, 2786 }, // U+0367
    { 8, 9, 0, 0, 32, 18, 2809 }, // U+0368
    { 11, 12, 0, -1, 35, 33, 2827 }, // U+0369
    { 10, 12, 0, -2, 35, 30, 2860 }, // U+036A
    { 15, 9, 0, -4, 32, 34, 2890 }, // U+036B
    { 8, 9, 0, 0, 32, 18, 2924 }, // U+036C
    { 8, 11, 0, 0, 34, 22, 2942 }, // U+036D
    { 9, 9, 0, 0, 32, 21, 2964 }, // U+036E
    { 11, 9, 0, -2, 32, 25, 2985 }, // U+036F
    { 22, 34, 343, -1, 27, 187, 0 }, // U+03B2
    { 20, 28, 316, 0, 27, 140, 187 }, // U+03B8
    { 24, 27, 289, -4, 19, 162, 327 }, // U+03C7
    { 20, 33, 315, 1, 33, 165, 0 }, // U+0400
    { 20, 32, 315, 1, 32, 160, 165 }, // U+0401
    { 21, 26, 402, 3, 25, 137, 325 }, // U+0402
    { 21, 33, 297, 1, 33, 174, 462 }, // U+0403
    { 20, 26, 340, 2, 25, 130, 636 }, // U+0404
    { 20, 26, 317, 0, 25, 130, 766 }, // U+0405
    { 11, 25, 176, 1, 25, 69, 896 }, // U+0406
    { 15, 32, 176, 1, 32, 120, 965 }, // U+0407
    { 20, 26, 295, -1, 25, 130, 1085 }, // U+0408
    { 34, 26, 534, -2, 25, 221, 1215 }, // U+0409
    { 32, 25, 542, 1, 25, 200, 1436 }, // U+040A
    { 21, 25, 410, 3, 25, 132, 1636 }, // U+040B
    { 24, 33, 358, 1, 33, 198, 1768 }, // U+040C
    { 24, 33, 396, 1, 33, 198, 1966 }, // U+040D
    { 23, 34, 315, 0, 33, 196, 2164 }, // U+040E
    { 24, 33, 389, 1, 25, 198, 2360 }, // U+040F
    { 23, 25, 329, -3, 25, 144, 2558 }, // U+0410
    { 21, 25, 343, 1, 25, 132, 2702 }, // U+0411
    { 21, 25, 356, 1, 25, 132, 2834 }, // U+0412
    { 20, 25, 297, 1, 25, 125, 2966 }, // U+0413
    { 26, 33, 391, -2, 25, 215, 3091 }, // U+0414
    { 20, 25, 315, 1, 25, 125, 3306 }, // U+0415
    { 36, 25, 514, -2, 25, 225, 3431 }, // U+0416
    { 21, 26, 324, 0, 25, 137, 3656 }, // U+0417
    { 24, 25, 397, 1, 25, 150, 3793 }, // U+0418
    { 24, 33, 396, 1, 33, 198, 3943 }, // U+0419
    { 24, 25, 358, 1, 25, 150, 4141 }, // U+041A
    { 27, 26, 388, -2, 25, 176, 4291 }, // U+041B
    { 27, 25, 444, 1, 25, 169, 4467 }, // U+041C
    { 24, 25, 391, 1, 25, 150, 4636 }, // U+041D
    { 22, 26, 396, 2, 25, 143, 4786 }, // U+041E
    { 24, 25, 389, 1, 25, 150, 4929 }, // U+041F
    { 22, 25, 350, 1, 25, 138, 5079 }, // U+0420
    { 20, 26, 340, 2, 25, 130, 5217 }, // U+0421
    { 19, 25, 319, 3, 25, 119, 5347 }, // U+0422
    { 23, 26, 315, 0, 25, 150, 5466 }, // U+0423
    { 26, 26, 455, 2, 25, 169, 5616 }, // U+0424
    { 25, 25, 327, -2, 25, 157, 5785 }, // U+0425
    { 24, 33, 397, 1, 25, 198, 5942 }, // U+0426
    { 20, 25, 365, 3, 25, 125, 6140 }, // U+0427
    { 32, 25, 518, 1, 25, 200, 6265 }, // U+0428
    { 32, 33, 530, 1, 25, 264, 6465 }, // U+0429
    { 22, 25, 417, 3, 25, 138, 6729 }, // U+042A
    { 31, 25, 497, 1, 25, 194, 6867 }, // U+042B
    { 20, 25, 351, 1, 25, 125, 7061 }, // U+042C
    { 21, 26, 334, 0, 25, 137, 7186 }, // U+042D
    { 33, 26, 552, 1, 25, 215, 7323 }, // U+042E
    { 25, 25, 361, -2, 25, 157, 7538 }, // U+042F
    { 20, 21, 331, 1, 20, 105, 7695 }, // U+0430
    { 20, 28, 316, 1, 27, 140, 7800 }, // U+0431
    { 17, 21, 299, 1, 20, 90, 7940 }, // U+0432
    { 16, 21, 249, 0, 20, 84, 8030 }, // U+0433
    { 19, 28, 325, 1, 27, 133, 8114 }, // U+0434
    { 17, 21, 298, 1, 20, 90, 8247 }, // U+0435
    { 31, 20, 440, -2, 20, 155, 8337 }, // U+0436
    { 17, 21, 264, -1, 20, 90, 8492 }, // U+0437
    { 19, 20, 326, 1, 19, 95, 8582 }, // U+0438
    { 19, 29, 326, 1, 28, 138, 8677 }, // U+0439
    { 20, 20, 315, 0, 20, 100, 8815 }, // U+043A
    { 23, 20, 332, -2, 19, 115, 8915 }, // U+043B
    { 27, 20, 407, -2, 19, 135, 9030 }, // U+043C
    { 21, 19, 335, 0, 19, 100, 9165 }, // U+043D
    { 18, 21, 319, 1, 20, 95, 9265 }, // U+043E
    { 20, 20, 331, 0, 20, 100, 9360 }, // U+043F
    { 21, 27, 332, -1, 20, 142, 9460 }, // U+0440
    { 17, 21, 266, 1, 20, 90, 9602 }, // U+0441
    { 30, 20, 496, 0, 20, 150, 9692 }, // U+0442
    { 23, 27, 299, -2, 19, 156, 9842 }, // U+0443
    { 26, 34, 446, 1, 27, 221, 9998 }, // U+0444
    { 22, 19, 294, -2, 19, 105, 10219 }, // U+0445
    { 19, 26, 344, 1, 19, 124, 10324 }, // U+0446
    { 17, 19, 313, 2, 19, 81, 10448 }, // U+0447
    { 30, 20, 494, 1, 19, 150, 10529 }, // U+0448
    { 30, 26, 512, 1, 19, 195, 10679 }, // U+0449
    { 19, 20, 338, 1, 19, 95, 10874 }, // U+044A
    { 26, 20, 434, 1, 19, 130, 10969 }, // U+044B
    { 16, 20, 292, 1, 19, 80, 11099 }, // U+044C
    { 18, 20, 278, -1, 19, 90, 11179 }, // U+044D
    { 27, 21, 451, 0, 20, 142, 11269 }, // U+044E
    { 20, 20, 309, -1, 19, 100, 11411 }, // U+044F
    { 17, 30, 298, 1, 29, 128, 11511 }, // U+0450
    { 19, 28, 298, 1, 27, 133, 11639 }, // U+0451
    { 20, 35, 330, 0, 27, 175, 11772 }, // U+0452
    { 19, 30, 249, 0, 29, 143, 11947 }, // U+0453
    { 17, 21, 266, 1, 20, 90, 12090 }, // U+0454
    { 17, 21, 254, -1, 20, 90, 12180 }, // U+0455
    { 11, 27, 159, 0, 27, 75, 12270 }, // U+0456
    { 15, 27, 159, 0, 27, 102, 12345 }, // U+0457
    { 16, 35, 160, -5, 27, 140, 12447 }, // U+0458
    { 30, 20, 460, -2, 19, 150, 12587 }, // U+0459
    { 28, 20, 462, 0, 19, 140, 12737 }, // U+045A
    { 19, 27, 328, 0, 27, 129, 12877 }, // U+045B
    { 21, 29, 315, 0, 29, 153, 13006 }, // U+045C
    { 19, 30, 326, 1, 29, 143, 13159 }, // U+045D
    { 23, 36, 299, -2, 28, 207, 13302 }, // U+045E
    { 19, 26, 326, 1, 19, 124, 13509 }, // U+045F
    { 34, 27, 532, 3, 27, 230, 13633 }, // U+0460
    { 30, 21, 485, 2, 21, 158, 13863 }, // U+0461
    { 20, 27, 368, 2, 27, 135, 14021 }, // U+0462
    { 28, 21, 461, 0, 20, 147, 14156 }, // U+0463
    { 35, 29, 532, 0, 28, 254, 14303 }, // U+0464
    { 29, 22, 450, 0, 21, 160, 14557 }, // U+0465
    { 26, 27, 401, -3, 27, 176, 14717 }, // U+0466
    { 23, 21, 348, -3, 21, 121, 14893 }, // U+0467
    { 33, 27, 554, 0, 27, 223, 15014 }, // U+0468
    { 30, 21, 502, 0, 21, 158, 15237 }, // U+0469
    { 31, 27, 438, -2, 27, 210, 15395 }, // U+046A
    { 25, 21, 347, -2, 21, 132, 15605 }, // U+046B
    { 38, 27, 591, 0, 27, 257, 15737 }, // U+046C
    { 32, 21, 497, 0, 21, 168, 15994 }, // U+046D
    { 24, 42, 358, -2, 33, 252, 16162 }, // U+046E
    { 22, 35, 314, -2, 26, 193, 16414 }, // U+046F
    { 30, 27, 496, 4, 27, 203, 16607 }, // U+0470
    { 28, 38, 485, 1, 29, 266, 16810 }, // U+0471
    { 22, 26, 396, 2, 25, 143, 17076 }, // U+0472
    { 18, 21, 319, 1, 20, 95, 17219 }, // U+0473
    { 23, 25, 328, 2, 25, 144, 17314 }, // U+0474
    { 20, 20, 303, 2, 20, 100, 17458 }, // U+0475
    { 24, 35, 390, 3, 35, 210, 17558 }, // U+0476
    { 21, 29, 328, 1, 29, 153, 17768 }, // U+0477
    { 47, 37, 749, 2, 28, 435, 17921 }, // U+0478
    { 43, 30, 662, 1, 21, 323, 18356 }, // U+0479
    { 26, 33, 454, 2, 30, 215, 18679 }, // U+047A
    { 22, 26, 380, 1, 23, 143, 18894 }, // U+047B
    { 35, 40, 607, 2, 39, 350, 19037 }, // U+047C
    { 30, 34, 518, 1, 33, 255, 19387 }, // U+047D
    { 34, 34, 532, 3, 34, 289, 19642 }, // U+047E
    { 30, 28, 487, 2, 28, 210, 19931 }, // U+047F
    { 23, 37, 368, 2, 28, 213, 20141 }, // U+0480
    { 18, 30, 290, 1, 21, 135, 20354 }, // U+0481
    { 20, 25, 365, 1, 24, 125, 20489 }, // U+0482
    { 15, 7, 0, -15, 28, 27, 20614 }, // U+0483
    { 15, 7, 0, -15, 29, 27, 20641 }, // U+0484
    { 7, 8, 0, -10, 30, 14, 20668 }, // U+0485
    { 8, 8, 0, -11, 30, 16, 20682 }, // U+0486
    { 16, 7, 0, -4, 35, 28, 20698 }, // U+0487
    { 44, 40, 0, -22, 30, 440, 20726 }, // U+0488
    { 42, 42, 0, -21, 31, 441, 21166 }, // U+0489
    { 30, 44, 493, 0, 36, 330, 21607 }, // U+048A
    { 23, 38, 377, 1, 30, 219, 21937 }, // U+048B
    { 21, 27, 353, 0, 27, 142, 22156 }, // U+048C
    { 18, 30, 341, 2, 29, 135, 22298 }, // U+048D
    { 24, 27, 366, 0, 27, 162, 22433 }, // U+048E
    { 23, 30, 357, -2, 21, 173, 22595 }, // U+048F
    { 22, 31, 297, 1, 31, 171, 22768 }, // U+0490
    { 16, 26, 249, 0, 25, 104, 22939 }, // U+0491
    { 21, 25, 309, 1, 25, 132, 23043 }, // U+0492
    { 18, 21, 249, -1, 20, 95, 23175 }, // U+0493
    { 22, 37, 400, 0, 27, 204, 23270 }, // U+0494
    { 19, 31, 344, 0, 21, 148, 23474 }, // U+0495
    { 36, 33, 529, -2, 25, 297, 23622 }, // U+0496
    { 31, 27, 472, -2, 20, 210, 23919 }, // U+0497
    { 21, 33, 324, 0, 25, 174, 24129 }, // U+0498
    { 17, 27, 264, -1, 20, 115, 24303 }, // U+0499
    { 24, 33, 383, 1, 25, 198, 24418 }, // U+049A
    { 20, 27, 335, 0, 20, 135, 24616 }, // U+049B
    { 27, 27, 377, 0, 27, 183, 24751 }, // U+049C
    { 23, 21, 353, 1, 21, 121, 24934 }, // U+049D
    { 27, 27, 368, 0, 27, 183, 25055 }, // U+049E
    { 23, 29, 347, 0, 29, 167, 25238 }, // U+049F
    { 26, 25, 429, 3, 25, 163, 25405 }, // U+04A0
    { 24, 20, 389, 1, 20, 120, 25568 }, // U+04A1
    { 24, 33, 400, 1, 25, 198, 25688 }, // U+04A2
    { 21, 26, 355, 0, 19, 137, 25886 }, // U+04A3
    { 33, 27, 462, 0, 27, 223, 26023 }, // U+04A4
    { 29, 21, 427, 0, 21, 153, 26246 }, // U+04A5
    { 36, 37, 619, 0, 27, 333, 26399 }, // U+04A6
    { 30, 31, 518, 0, 21, 233, 26732 }, // U+04A7
    { 24, 30, 438, 2, 28, 180, 26965 }, // U+04A8
    { 21, 23, 368, 1, 21, 121, 27145 }, // U+04A9
    { 20, 33, 340, 2, 25, 165, 27266 }, // U+04AA
    { 17, 27, 266, 1, 20, 115, 27431 }, // U+04AB
    { 20, 35, 319, 3, 27, 175, 27546 }, // U+04AC
    { 34, 29, 556, 0, 21, 247, 27721 }, // U+04AD
    { 20, 25, 306, 3, 25, 125, 27968 }, // U+04AE
    { 19, 26, 299, 2, 19, 124, 28093 }, // U+04AF
    { 23, 25, 306, 0, 25, 144, 28217 }, // U+04B0
    { 21, 26, 299, 0, 19, 137, 28361 }, // U+04B1
    { 25, 33, 334, -2, 25, 207, 28498 }, // U+04B2
    { 22, 26, 292, -2, 19, 143, 28705 }, // U+04B3
    { 28, 35, 502, 3, 27, 245, 28848 }, // U+04B4
    { 24, 29, 409, 1, 21, 174, 29093 }, // U+04B5
    { 20, 33, 374, 3, 25, 165, 29267 }, // U+04B6
    { 17, 26, 333, 2, 19, 111, 29432 }, // U+04B7
    { 23, 27, 406, 3, 27, 156, 29543 }, // U+04B8
    { 20, 21, 362, 3, 21, 105, 29699 }, // U+04B9
    { 20, 25, 365, 1, 25, 125, 29804 }, // U+04BA
    { 20, 27, 328, 0, 27, 135, 29929 }, // U+04BB
    { 29, 29, 467, 1, 28, 211, 30064 }, // U+04BC
    { 24, 22, 397, 0, 21, 132, 30275 }, // U+04BD
    { 29, 36, 467, 1, 28, 261, 30407 }, // U+04BE
    { 24, 29, 397, 0, 21, 174, 30668 }, // U+04BF
    { 11, 25, 176, 1, 25, 69, 30842 }, // U+04C0
    { 36, 33, 514, -2, 33, 297, 30911 }, // U+04C1
    { 31, 28, 440, -2, 28, 217, 31208 }, // U+04C2
    { 24, 32, 364, 1, 25, 192, 31425 }, // U+04C3
    { 20, 28, 321, 0, 20, 140, 31617 }, // U+04C4
    { 30, 35, 456, -2, 27, 263, 31757 }, // U+04C5
    { 26, 29, 395, -2, 21, 189, 32020 }, // U+04C6
    { 24, 32, 391, 1, 25, 192, 32209 }, // U+04C7
    { 21, 27, 335, 0, 19, 142, 32401 }, // U+04C8
    { 28, 35, 460, 0, 27, 245, 32543 }, // U+04C9
    { 24, 29, 405, 0, 21, 174, 32788 }, // U+04CA
    { 23, 35, 404, 3, 27, 202, 32962 }, // U+04CB
    { 19, 29, 357, 3, 21, 138, 33164 }, // U+04CC
    { 35, 35, 568, 0, 27, 307, 33302 }, // U+04CD
    { 31, 29, 502, 0, 21, 225, 33609 }, // U+04CE
    { 10, 28, 165, 1, 27, 70, 33834 }, // U+04CF
    { 25, 33, 329, -3, 33, 207, 33904 }, // U+04D0
    { 20, 29, 331, 1, 28, 145, 34111 }, // U+04D1
    { 26, 35, 377, -3, 35, 228, 34256 }, // U+04D2
    { 21, 30, 355, 1, 29, 158, 34484 }, // U+04D3
    { 35, 25, 503, -2, 25, 219, 34642 }, // U+04D4
    { 28, 21, 452, 0, 20, 147, 34861 }, // U+04D5
    { 21, 33, 315, 1, 33, 174, 35008 }, // U+04D6
    { 19, 29, 298, 1, 28, 138, 35182 }, // U+04D7
    { 23, 26, 401, 2, 25, 150, 35320 }, // U+04D8
    { 18, 21, 295, 0, 20, 95, 35470 }, // U+04D9
    { 23, 36, 396, 1, 35, 207, 35565 }, // U+04DA
    { 20, 30, 334, 0, 29, 150, 35772 }, // U+04DB
    { 40, 35, 543, -3, 35, 350, 35922 }, // U+04DC
    { 38, 30, 573, -1, 29, 285, 36272 }, // U+04DD
    { 22, 36, 341, 0, 35, 198, 36557 }, // U+04DE
    { 19, 30, 298, 0, 29, 143, 36755 }, // U+04DF
    { 23, 28, 333, -1, 27, 161, 36898 }, // U+04E0
    { 22, 31, 328, -2, 21, 171, 37059 }, // U+04E1
    { 24, 31, 396, 1, 31, 186, 37230 }, // U+04E2
    { 19, 27, 326, 1, 26, 129, 37416 }, // U+04E3
    { 27, 35, 419, 0, 35, 237, 37545 }, // U+04E4
    { 21, 30, 363, 2, 29, 158, 37782 }, // U+04E5
    { 22, 33, 396, 2, 32, 182, 37940 }, // U+04E6
    { 19, 28, 319, 1, 27, 133, 38122 }, // U+04E7
    { 22, 26, 396, 2, 25, 143, 38255 }, // U+04E8
    { 18, 21, 319, 1, 20, 95, 38398 }, // U+04E9
    { 25, 36, 438, 2, 35, 225, 38493 }, // U+04EA
    { 20, 30, 354, 1, 29, 150, 38718 }, // U+04EB
    { 23, 36, 365, 0, 35, 207, 38868 }, // U+04EC
    { 18, 30, 286, 0, 29, 135, 39075 }, // U+04ED
    { 23, 32, 315, 0, 31, 184, 39210 }, // U+04EE
    { 23, 34, 299, -2, 26, 196, 39394 }, // U+04EF
    { 26, 36, 355, 0, 35, 234, 39590 }, // U+04F0
    { 25, 38, 311, -3, 29, 238, 39824 }, // U+04F1
    { 25, 34, 315, 0, 33, 213, 40062 }, // U+04F2
    { 25, 37, 299, -2, 29, 232, 40275 }, // U+04F3
    { 23, 35, 392, 3, 35, 202, 40507 }, // U+04F4
    { 20, 29, 346, 2, 29, 145, 40709 }, // U+04F5
    { 20, 33, 297, 1, 25, 165, 40854 }, // U+04F6
    { 16, 27, 249, 0, 20, 108, 41019 }, // U+04F7
    { 34, 35, 526, 0, 35, 298, 41127 }, // U+04F8
    { 29, 30, 483, 1, 29, 218, 41425 }, // U+04F9
    { 22, 37, 304, 0, 27, 204, 41643 }, // U+04FA
    { 20, 31, 278, -1, 21, 155, 41847 }, // U+04FB
    { 29, 37, 415, -3, 27, 269, 42002 }, // U+04FC
    { 24, 31, 359, -2, 21, 186, 42271 }, // U+04FD
    { 29, 27, 366, -3, 27, 196, 42457 }, // U+04FE
    { 24, 21, 319, -2, 21, 126, 42653 }, // U+04FF
    { 23, 34, 329, -3, 25, 196, 0 }, // U+1EA0
    { 20, 29, 331, 1, 20, 145, 196 }, // U+1EA1
    { 23, 34, 329, -3, 34, 196, 341 }, // U+1EA2
    { 20, 31, 331, 1, 30, 155, 537 }, // U+1EA3
    { 30, 35, 329, -3, 35, 263, 692 }, // U+1EA4
    { 24, 32, 331, 1, 31, 192, 955 }, // U+1EA5
    { 24, 35, 329, -3, 35, 210, 1147 }, // U+1EA6
    { 20, 32, 331, 1, 31, 160, 1357 }, // U+1EA7
    { 28, 36, 329, -3, 36, 252, 1517 }, // U+1EA8
    { 22, 33, 331, 1, 32, 182, 1769 }, // U+1EA9
    { 25, 37, 329, -3, 37, 232, 1951 }, // U+1EAA
    { 20, 34, 331, 1, 33, 170, 2183 }, // U+1EAB
    { 25, 42, 329, -3, 33, 263, 2353 }, // U+1EAC
    { 20, 38, 331, 1, 29, 190, 2616 }, // U+1EAD
    { 24, 37, 329, -3, 37, 222, 2806 }, // U+1EAE
    { 20, 34, 331, 1, 33, 170, 3028 }, // U+1EAF
    { 24, 37, 329, -3, 37, 222, 3198 }, // U+1EB0
    { 20, 34, 331, 1, 33, 170, 3420 }, // U+1EB1
    { 24, 37, 329, -3, 37, 222, 3590 }, // U+1EB2
    { 20, 35, 331, 1, 34, 175, 3812 }, // U+1EB3
    { 25, 37, 329, -3, 37, 232, 3987 }, // U+1EB4
    { 20, 34, 331, 1, 33, 170, 4219 }, // U+1EB5
    { 24, 41, 329, -3, 32, 246, 4389 }, // U+1EB6
    { 20, 37, 331, 1, 28, 185, 4635 }, // U+1EB7
    { 20, 34, 315, 1, 25, 170, 4820 }, // U+1EB8
    { 17, 29, 298, 1, 20, 124, 4990 }, // U+1EB9
    { 20, 34, 315, 1, 34, 170, 5114 }, // U+1EBA
    { 17, 31, 298, 1, 30, 132, 5284 }, // U+1EBB
    { 22, 32, 315, 1, 32, 176, 5416 }, // U+1EBC
    { 20, 29, 298, 1, 28, 145, 5592 }, // U+1EBD
    { 25, 35, 315, 1, 35, 219, 5737 }, // U+1EBE
    { 24, 32, 298, 1, 31, 192, 5956 }, // U+1EBF
    { 20, 35, 315, 1, 35, 175, 6148 }, // U+1EC0
    { 18, 32, 298, 1, 31, 144, 6323 }, // U+1EC1
    { 24, 36, 315, 1, 36, 216, 6467 }, // U+1EC2
    { 22, 33, 298, 1, 32, 182, 6683 }, // U+1EC3
    { 21, 37, 315, 1, 37, 195, 6865 }, // U+1EC4
    { 19, 34, 298, 1, 33, 162, 7060 }, // U+1EC5
    { 20, 42, 315, 1, 33, 210, 7222 }, // U+1EC6
    { 19, 38, 298, 1, 29, 181, 7432 }, // U+1EC7
    { 12, 34, 176, 1, 34, 102, 7613 }, // U+1EC8
    { 12, 30, 159, 0, 30, 90, 7715 }, // U+1EC9
    { 13, 34, 176, -1, 25, 111, 7805 }, // U+1ECA
    { 13, 36, 159, -2, 27, 117, 7916 }, // U+1ECB
    { 22, 34, 396, 2, 25, 187, 8033 }, // U+1ECC
    { 18, 29, 319, 1, 20, 131, 8220 }, // U+1ECD
    { 22, 35, 396, 2, 34, 193, 8351 }, // U+1ECE
    { 18, 31, 319, 1, 30, 140, 8544 }, // U+1ECF
    { 26, 36, 396, 2, 35, 234, 8684 }, // U+1ED0
    { 24, 32, 319, 1, 31, 192, 8918 }, // U+1ED1
    { 22, 36, 396, 2, 35, 198, 9110 }, // U+1ED2
    { 18, 32, 319, 1, 31, 144, 9308 }, // U+1ED3
    { 25, 37, 396, 2, 36, 232, 9452 }, // U+1ED4
    { 22, 33, 319, 1, 32, 182, 9684 }, // U+1ED5
    { 22, 38, 396, 2, 37, 209, 9866 }, // U+1ED6
    { 20, 34, 319, 1, 33, 170, 10075 }, // U+1ED7
    { 22, 42, 396, 2, 33, 231, 10245 }, // U+1ED8
    { 19, 38, 319, 1, 29, 181, 10476 }, // U+1ED9
    { 25, 34, 396, 2, 33, 213, 10657 }, // U+1EDA
    { 22, 30, 323, 1, 29, 165, 10870 }, // U+1EDB
    { 25, 34, 396, 2, 33, 213, 11035 }, // U+1EDC
    { 22, 30, 323, 1, 29, 165, 11248 }, // U+1EDD
    { 25, 35, 396, 2, 34, 219, 11413 }, // U+1EDE
    { 22, 31, 323, 1, 30, 171, 11632 }, // U+1EDF
    { 25, 33, 396, 2, 32, 207, 11803 }, // U+1EE0
    { 22, 29, 323, 1, 28, 160, 12010 }, // U+1EE1
    { 25, 40, 396, 2, 31, 250, 12170 }, // U+1EE2
    { 22, 35, 323, 1, 26, 193, 12420 }, // U+1EE3
    { 23, 34, 386, 2, 25, 196, 12613 }, // U+1EE4
    { 19, 28, 326, 1, 19, 133, 12809 }, // U+1EE5
    { 23, 35, 386, 2, 34, 202, 12942 }, // U+1EE6
    { 19, 31, 326, 1, 30, 148, 13144 }, // U+1EE7
    { 28, 34, 400, 2, 33, 238, 13292 }, // U+1EE8
    { 23, 30, 340, 1, 29, 173, 13530 }, // U+1EE9
    { 28, 34, 400, 2, 33, 238, 13703 }, // U+1EEA
    { 23, 30, 340, 1, 29, 173, 13941 }, // U+1EEB
    { 28, 35, 400, 2, 34, 245, 14114 }, // U+1EEC
    { 23, 31, 340, 1, 30, 179, 14359 }, // U+1EED
    { 28, 33, 400, 2, 32, 231, 14538 }, // U+1EEE
    { 23, 29, 340, 1, 28, 167, 14769 }, // U+1EEF
    { 28, 40, 400, 2, 31, 280, 14936 }, // U+1EF0
    { 23, 35, 340, 1, 26, 202, 15216 }, // U+1EF1
    { 20, 33, 305, 3, 33, 165, 15418 }, // U+1EF2
    { 23, 37, 299, -2, 29, 213, 15583 }, // U+1EF3
    { 20, 34, 305, 3, 25, 170, 15796 }, // U+1EF4
    { 23, 28, 299, -2, 19, 161, 15966 }, // U+1EF5
    { 20, 34, 305, 3, 34, 170, 16127 }, // U+1EF6
    { 23, 38, 299, -2, 30, 219, 16297 }, // U+1EF7
    { 20, 32, 305, 3, 32, 160, 16516 }, // U+1EF8
    { 23, 36, 299, -2, 28, 207, 16676 }, // U+1EF9
    { 0, 0, 300, 0, 0, 0, 0 }, // U+2000
    { 0, 0, 600, 0, 0, 0, 0 }, // U+2001
    { 0, 0, 300, 0, 0, 0, 0 }, // U+2002
    { 0, 0, 600, 0, 0, 0, 0 }, // U+2003
    { 0, 0, 200, 0, 0, 0, 0 }, // U+2004
    { 0, 0, 150, 0, 0, 0, 0 }, // U+2005
    { 0, 0, 100, 0, 0, 0, 0 }, // U+2006
    { 0, 0, 305, 0, 0, 0, 0 }, // U+2007
    { 0, 0, 172, 0, 0, 0, 0 }, // U+2008
    { 0, 0, 60, 0, 0, 0, 0 }, // U+2009
    { 0, 0, 12, 0, 0, 0, 0 }, // U+200A
    { 0, 0, 0, 0, 0, 0, 0 }, // U+200B
    { 0, 0, 0, 0, 0, 0, 0 }, // U+200C
    { 0, 0, 0, 0, 0, 0, 0 }, // U+200D
    { 9, 31, 0, -1, 26, 70, 0 }, // U+200E
    { 9, 31, 0, -8, 26, 70, 70 }, // U+200F
    { 10, 5, 192, 1, 12, 13, 140 }, // U+2010
    { 10, 5, 192, 1, 12, 13, 153 }, // U+2011
    { 17, 5, 305, 1, 12, 22, 166 }, // U+2012
    { 16, 5, 278, 1, 12, 20, 188 }, // U+2013
    { 27, 5, 463, 1, 12, 34, 208 }, // U+2014
    { 27, 5, 463, 1, 12, 34, 242 }, // U+2015
    { 11, 39, 265, 3, 29, 108, 276 }, // U+2016
    { 19, 10, 289, -3, -2, 48, 384 }, // U+2017
    { 9, 13, 175, 3, 27, 30, 432 }, // U+2018
    { 8, 13, 175, 4, 27, 26, 462 }, // U+2019
    { 8, 13, 175, 0, 7, 26, 488 }, // U+201A
    { 8, 13, 175, 4, 27, 26, 514 }, // U+201B
    { 17, 13, 306, 3, 27, 56, 540 }, // U+201C
    { 16, 13, 306, 4, 27, 52, 596 }, // U+201D
    { 16, 13, 306, 0, 7, 52, 648 }, // U+201E
    { 15, 10, 260, 3, 27, 38, 700 }, // U+201F
    { 16, 30, 293, 3, 27, 120, 738 }, // U+2020
    { 19, 30, 293, 0, 27, 143, 858 }, // U+2021
    { 10, 11, 198, 1, 15, 28, 1001 }, // U+2022
    { 11, 12, 198, 1, 16, 33, 1029 }, // U+2023
    { 7, 7, 300, 4, 6, 13, 1062 }, // U+2024
    { 18, 7, 345, 0, 6, 32, 1075 }, // U+2025
    { 31, 8, 586, 2, 7, 62, 1107 }, // U+2026
    { 8, 7, 193, 2, 13, 14, 1169 }, // U+2027
    { 0, 0, 360, 0, 0, 0, 1183 }, // U+2028
    { 0, 0, 360, 0, 0, 0, 1183 }, // U+2029
    { 9, 28, 0, -1, 23, 63, 1183 }, // U+202A
    { 9, 28, 0, -8, 23, 63, 1246 }, // U+202B
    { 10, 31, 0, -5, 26, 78, 1309 }, // U+202C
    { 10, 31, 0, -5, 26, 78, 1387 }, // U+202D
    { 10, 31, 0, -5, 26, 78, 1465 }, // U+202E
    { 0, 0, 72, 0, 0, 0, 1543 }, // U+202F
    { 43, 27, 721, 1, 26, 291, 1543 }, // U+2030
    { 57, 27, 944, 1, 26, 385, 1834 }, // U+2031
    { 9, 12, 175, 3, 26, 27, 2219 }, // U+2032
    { 18, 12, 306, 3, 26, 54, 2246 }, // U+2033
    { 29, 10, 446, 2, 27, 73, 2300 }, // U+2034
    { 7, 13, 175, 3, 26, 23, 2373 }, // U+2035
    { 19, 10, 308, 2, 27, 48, 2396 }, // U+2036
    { 28, 10, 446, 2, 27, 70, 2444 }, // U+2037
    { 13, 13, 211, -3, 4, 43, 2514 }, // U+2038
    { 9, 15, 163, 1, 17, 34, 2557 }, // U+2039
    { 8, 15, 163, 1, 17, 30, 2591 }, // U+203A
    { 30, 30, 508, 1, 28, 225, 2621 }, // U+203B
    { 22, 27, 362, 1, 26, 149, 2846 }, // U+203C
    { 15, 27, 274, 3, 26, 102, 2995 }, // U+203D
    { 19, 4, 289, 2, 24, 19, 3097 }, // U+203E
    { 22, 8, 338, -2, -1, 44, 3116 }, // U+203F
    { 20, 9, 322, 3, 30, 45, 3160 }, // U+2040
    { 20, 25, 230, -4, 16, 125, 3205 }, // U+2041
    { 42, 34, 692, -1, 29, 357, 3330 }, // U+2042
    { 12, 6, 194, 0, 13, 18, 3687 }, // U+2043
    { 22, 27, 56, -9, 26, 149, 3705 }, // U+2044
    { 16, 33, 199, -1, 27, 132, 3854 }, // U+2045
    { 17, 33, 199, -3, 27, 141, 3986 }, // U+2046
    { 30, 27, 513, 3, 26, 203, 4127 }, // U+2047
    { 25, 27, 445, 3, 26, 169, 4330 }, // U+2048
    { 27, 27, 439, 1, 26, 183, 4499 }, // U+2049
    { 17, 26, 266, 1, 19, 111, 4682 }, // U+204A
    { 21, 34, 373, 3, 29, 179, 4793 }, // U+204B
    { 21, 20, 385, 1, 21, 105, 4972 }, // U+204C
    { 21, 20, 385, 2, 21, 105, 5077 }, // U+204D
    { 19, 19, 325, -1, 10, 91, 5182 }, // U+204E
    { 10, 26, 171, 1, 21, 65, 5273 }, // U+204F
    { 25, 39, 322, -2, 30, 244, 5338 }, // U+2050
    { 23, 38, 325, -1, 29, 219, 5582 }, // U+2051
    { 16, 29, 253, 0, 28, 116, 5801 }, // U+2052
    { 36, 8, 600, 1, 15, 72, 5917 }, // U+2053
    { 20, 9, 322, -4, 0, 45, 5989 }, // U+2054
    { 21, 21, 344, 0, 20, 111, 6034 }, // U+2055
    { 19, 29, 335, 1, 28, 138, 6145 }, // U+2056
    { 34, 10, 530, 2, 27, 85, 6283 }, // U+2057
    { 29, 29, 510, 1, 28, 211, 6368 }, // U+2058
    { 29, 29, 511, 1, 28, 211, 6579 }, // U+2059
    { 8, 29, 164, 1, 28, 58, 6790 }, // U+205A
    { 24, 31, 428, 1, 30, 186, 6848 }, // U+205B
    { 29, 30, 497, 1, 28, 218, 7034 }, // U+205C
    { 7, 30, 169, 2, 29, 53, 7252 }, // U+205D
    { 7, 29, 171, 2, 28, 51, 7305 }, // U+205E
    { 0, 0, 133, 0, 0, 0, 7356 }, // U+205F
    { 0, 0, 360, 0, 0, 0, 7356 }, // U+2060
    { 0, 0, 360, 0, 0, 0, 7356 }, // U+2061
    { 0, 0, 360, 0, 0, 0, 7356 }, // U+2062
    { 0, 0, 360, 0, 0, 0, 7356 }, // U+2063
    { 0, 0, 360, 0, 0, 0, 7356 }, // U+2064
    { 0, 0, 360, 0, 0, 0, 7356 }, // U+2066
    { 0, 0, 360, 0, 0, 0, 7356 }, // U+2067
    { 0, 0, 360, 0, 0, 0, 7356 }, // U+2068
    { 0, 0, 360, 0, 0, 0, 7356 }, // U+2069
    { 10, 31, 0, -5, 26, 78, 7356 }, // U+206A
    { 10, 31, 0, -5, 26, 78, 7434 }, // U+206B
    { 10, 31, 0, -5, 26, 78, 7512 }, // U+206C
    { 10, 31, 0, -5, 26, 78, 7590 }, // U+206D
    { 10, 31, 0, -5, 26, 78, 7668 }, // U+206E
    { 10, 31, 0, -5, 26, 78, 7746 }, // U+206F
    { 13, 17, 226, 3, 30, 56, 0 }, // U+2070
    { 8, 18, 108, 2, 32, 36, 56 }, // U+2071
    { 14, 15, 218, 2, 29, 53, 92 }, // U+2074
    { 14, 16, 216, 2, 29, 56, 145 }, // U+2075
    { 13, 17, 217, 3, 30, 56, 201 }, // U+2076
    { 12, 15, 218, 4, 29, 45, 257 }, // U+2077
    { 13, 17, 217, 2, 30, 56, 302 }, // U+2078
    { 13, 17, 217, 2, 30, 56, 358 }, // U+2079
    { 13, 14, 217, 2, 28, 46, 414 }, // U+207A
    { 13, 4, 217, 2, 23, 13, 460 }, // U+207B
    { 13, 10, 217, 2, 26, 33, 473 }, // U+207C
    { 9, 22, 153, 4, 32, 50, 506 }, // U+207D
    { 9, 22, 152, 1, 32, 50, 556 }, // U+207E
    { 14, 13, 222, 2, 27, 46, 606 }, // U+207F
    { 14, 17, 226, -2, 9, 60, 652 }, // U+2080
    { 9, 15, 226, 1, 8, 34, 712 }, // U+2081
    { 13, 16, 218, -2, 9, 52, 746 }, // U+2082
    { 13, 17, 216, -2, 9, 56, 798 }, // U+2083
    { 13, 15, 218, -2, 8, 49, 854 }, // U+2084
    { 13, 16, 216, -2, 8, 52, 903 }, // U+2085
    { 13, 17, 217, -2, 9, 56, 955 }, // U+2086
    { 12, 15, 218, 0, 8, 45, 1011 }, // U+2087
    { 13, 17, 217, -2, 9, 56, 1056 }, // U+2088
    { 13, 17, 217, -2, 9, 56, 1112 }, // U+2089
    { 13, 14, 217, -2, 7, 46, 1168 }, // U+208A
    { 13, 4, 217, -2, 2, 13, 1214 }, // U+208B
    { 13, 10, 217, -2, 5, 33, 1227 }, // U+208C
    { 9, 22, 153, -1, 11, 50, 1260 }, // U+208D
    { 9, 22, 152, -3, 11, 50, 1310 }, // U+208E
    { 14, 13, 231, -1, 9, 46, 1360 }, // U+2090
    { 13, 13, 214, -1, 9, 43, 1406 }, // U+2091
    { 13, 13, 230, -1, 9, 43, 1449 }, // U+2092
    { 17, 13, 208, -4, 9, 56, 1492 }, // U+2093
    { 13, 13, 214, -2, 9, 43, 1548 }, // U+2094
    { 14, 18, 268, -1, 14, 63, 1591 }, // U+2095
    { 16, 18, 236, -1, 14, 72, 1654 }, // U+2096
    { 9, 18, 152, -1, 14, 41, 1726 }, // U+2097
    { 22, 13, 385, -1, 9, 72, 1767 }, // U+2098
    { 14, 13, 236, -2, 9, 46, 1839 }, // U+2099
    { 15, 18, 233, -3, 9, 68, 1885 }, // U+209A
    { 11, 13, 202, -1, 9, 36, 1953 }, // U+209B
    { 10, 16, 159, -1, 12, 40, 1989 }, // U+209C
    { 21, 28, 343, 2, 28, 147, 0 }, // U+20A0
    { 19, 34, 305, 2, 29, 162, 147 }, // U+20A1
    { 23, 29, 343, 1, 28, 167, 309 }, // U+20A2
    { 21, 24, 305, 0, 24, 126, 476 }, // U+20A3
    { 21, 25, 305, 0, 25, 132, 602 }, // U+20A4
    { 33, 30, 543, 0, 25, 248, 734 }, // U+20A5
    { 20, 24, 305, 0, 24, 120, 982 }, // U+20A6
    { 21, 24, 305, 0, 24, 126, 1102 }, // U+20A7
    { 34, 28, 538, 0, 27, 238, 1228 }, // U+20A8
    { 23, 24, 305, -1, 24, 138, 1466 }, // U+20A9
    { 32, 27, 519, 1, 27, 216, 1604 }, // U+20AA
    { 21, 25, 305, 1, 25, 132, 1820 }, // U+20AB
    { 21, 26, 305, 0, 25, 137, 1952 }, // U+20AC
    { 26, 27, 343, 0, 27, 176, 2089 }, // U+20AD
    { 21, 24, 305, 0, 24, 126, 2265 }, // U+20AE
    { 37, 37, 606, 0, 28, 343, 2391 }, // U+20AF
    { 26, 37, 354, -3, 28, 241, 2734 }, // U+20B0
    { 21, 24, 305, 0, 24, 126, 2975 }, // U+20B1
    { 19, 33, 305, 1, 28, 157, 3101 }, // U+20B2
    { 27, 27, 360, -3, 27, 183, 3258 }, // U+20B3
    { 20, 26, 305, 0, 25, 130, 3441 }, // U+20B4
    { 18, 33, 305, 2, 28, 149, 3571 }, // U+20B5
    { 26, 26, 406, 1, 25, 169, 3720 }, // U+20B6
    { 28, 31, 412, -1, 28, 217, 3889 }, // U+20B7
    { 19, 24, 305, 2, 24, 114, 4106 }, // U+20B8
    { 18, 25, 305, 2, 25, 113, 4220 }, // U+20B9
    { 19, 25, 305, 0, 24, 119, 4333 }, // U+20BA
    { 24, 29, 386, 2, 28, 174, 4452 }, // U+20BB
    { 30, 27, 489, -1, 27, 203, 4626 }, // U+20BC
    { 20, 24, 305, 0, 24, 120, 4829 }, // U+20BD
    { 26, 31, 367, -1, 31, 202, 4949 }, // U+20BE
    { 21, 35, 331, 0, 31, 184, 5151 }, // U+20BF
    { 22, 21, 355, 0, 20, 116, 0 }, // U+2190
    { 21, 22, 355, 1, 20, 116, 116 }, // U+2191
    { 22, 21, 355, 0, 20, 116, 232 }, // U+2192
    { 21, 22, 355, 1, 20, 116, 348 }, // U+2193
    { 24, 17, 359, -1, 18, 102, 464 }, // U+2194
    { 18, 24, 359, 2, 21, 108, 566 }, // U+2195
    { 17, 17, 359, 3, 17, 73, 674 }, // U+2196
    { 17, 17, 359, 2, 17, 73, 747 }, // U+2197
    { 17, 17, 359, 2, 19, 73, 820 }, // U+2198
    { 18, 17, 359, 3, 19, 77, 893 }, // U+2199
    { 19, 28, 359, 2, 21, 133, 970 }, // U+21A8
    { 22, 21, 359, 0, 20, 116, 1103 }, // U+21D0
    { 21, 21, 359, 1, 20, 111, 1219 }, // U+21D1
    { 21, 21, 359, 1, 20, 111, 1330 }, // U+21D2
    { 21, 21, 359, 1, 20, 111, 1441 }, // U+21D3
    { 30, 30, 480, 0, 27, 225, 1552 }, // U+21E7
    { 23, 25, 329, 2, 25, 144, 0 }, // U+2200
    { 20, 27, 338, 1, 26, 135, 144 }, // U+2202
    { 20, 25, 315, 0, 25, 125, 279 }, // U+2203
    { 21, 25, 346, -1, 25, 132, 404 }, // U+2206
    { 20, 29, 409, 3, 24, 145, 536 }, // U+220F
    { 19, 29, 307, 1, 24, 138, 681 }, // U+2211
    { 18, 5, 305, 1, 15, 23, 819 }, // U+2212
    { 22, 27, 56, -9, 26, 149, 842 }, // U+2215
    { 8, 8, 305, 6, 16, 16, 991 }, // U+2219
    { 25, 35, 339, 1, 31, 219, 1007 }, // U+221A
    { 28, 16, 469, 1, 20, 112, 1226 }, // U+221E
    { 18, 19, 305, 1, 22, 86, 1338 }, // U+221F
    { 18, 19, 305, 1, 22, 86, 1424 }, // U+2229
    { 19, 36, 228, -2, 30, 171, 1510 }, // U+222B
    { 10, 20, 175, 1, 22, 50, 1681 }, // U+2236
    { 21, 20, 352, 1, 22, 105, 1731 }, // U+2237
    { 18, 15, 305, 1, 20, 68, 1836 }, // U+2248
    { 18, 23, 305, 1, 24, 104, 1904 }, // U+2260
    { 18, 23, 305, 1, 24, 104, 2008 }, // U+2261
    { 18, 21, 305, 1, 21, 95, 2112 }, // U+2264
    { 18, 21, 305, 1, 21, 95, 2207 }, // U+2265
    { 18, 18, 360, 2, 21, 81, 0 }, // U+25A0
    { 19, 19, 360, 2, 22, 91, 81 }, // U+25A1
    { 22, 21, 360, 0, 23, 116, 172 }, // U+25C6
    { 37, 37, 633, 1, 32, 343, 288 }, // U+25C7
    { 20, 20, 360, 1, 22, 100, 631 }, // U+25CB
    { 19, 19, 360, 2, 22, 91, 731 }, // U+25CF
    { 33, 32, 624, 3, 31, 264, 822 }, // U+2605
    { 33, 32, 624, 3, 31, 264, 1086 }, // U+2606
    { 34, 29, 611, 2, 28, 247, 1350 }, // U+2661
    { 23, 28, 360, 0, 27, 161, 1597 }, // U+2665
    { 26, 27, 338, -1, 26, 176, 1758 }, // U+2713
    { 24, 28, 349, 0, 26, 168, 1934 }, // U+2717
    { 27, 27, 375, 1, 27, 183, 0 }, // U+FB00
    { 23, 27, 355, 1, 27, 156, 183 }, // U+FB01
    { 23, 28, 361, 1, 27, 161, 339 }, // U+FB02
    { 34, 27, 535, 1, 27, 230, 500 }, // U+FB03
    { 34, 28, 541, 1, 27, 238, 730 }, // U+FB04
    { 35, 38, 455, -5, 29, 333, 968 }, // U+FB05
    { 34, 30, 530, 0, 29, 255, 1301 }, // U+FB06
    { 35, 35, 600, 1, 29, 307, 0 }, // U+FFFD
};

static const EpdUnicodeInterval sourcesans_18_bolditalicIntervals[] = {
    { 0x0, 0x0, 0x0 },
    { 0xD, 0xD, 0x1 },
    { 0x20, 0x7E, 0x2 },
    { 0xA0, 0x17F, 0x61 },
    { 0x1A0, 0x1A1, 0x141 },
    { 0x1AF, 0x1B0, 0x143 },
    { 0x1C4, 0x21F, 0x145 },
    { 0x250, 0x2E9, 0x1A1 },
    { 0x300, 0x36F, 0x23B },
    { 0x3B2, 0x3B2, 0x2AB },
    { 0x3B8, 0x3B8, 0x2AC },
    { 0x3C7, 0x3C7, 0x2AD },
    { 0x400, 0x4FF, 0x2AE },
    { 0x1EA0, 0x1EF9, 0x3AE },
    { 0x2000, 0x2064, 0x408 },
    { 0x2066, 0x2071, 0x46D },
    { 0x2074, 0x208E, 0x479 },
    { 0x2090, 0x209C, 0x494 },
    { 0x20A0, 0x20BF, 0x4A1 },
    { 0x2190, 0x2199, 0x4C1 },
    { 0x21A8, 0x21A8, 0x4CB },
    { 0x21D0, 0x21D3, 0x4CC },
    { 0x21E7, 0x21E7, 0x4D0 },
    { 0x2200, 0x2200, 0x4D1 },
    { 0x2202, 0x2203, 0x4D2 },
    { 0x2206, 0x2206, 0x4D4 },
    { 0x220F, 0x220F, 0x4D5 },
    { 0x2211, 0x2212, 0x4D6 },
    { 0x2215, 0x2215, 0x4D8 },
    { 0x2219, 0x221A, 0x4D9 },
    { 0x221E, 0x221F, 0x4DB },
    { 0x2229, 0x2229, 0x4DD },
    { 0x222B, 0x222B, 0x4DE },
    { 0x2236, 0x2237, 0x4DF },
    { 0x2248, 0x2248, 0x4E1 },
    { 0x2260, 0x2261, 0x4E2 },
    { 0x2264, 0x2265, 0x4E4 },
    { 0x25A0, 0x25A1, 0x4E6 },
    { 0x25C6, 0x25C7, 0x4E8 },
    { 0x25CB, 0x25CB, 0x4EA },
    { 0x25CF, 0x25CF, 0x4EB },
    { 0x2605, 0x2606, 0x4EC },
    { 0x2661, 0x2661, 0x4EE },
    { 0x2665, 0x2665, 0x4EF },
    { 0x2713, 0x2713, 0x4F0 },
    { 0x2717, 0x2717, 0x4F1 },
    { 0xFB00, 0xFB06, 0x4F2 },
    { 0xFFFD, 0xFFFD, 0x4F9 },
};

static const EpdFontGroup sourcesans_18_bolditalicGroups[] = {
    { 0, 4534, 11117, 97, 0 },
    { 4534, 3968, 13243, 96, 97 },
    { 8502, 5549, 21590, 128, 193 },
    { 14051, 5960, 20297, 96, 321 },
    { 20011, 6486, 16542, 154, 417 },
    { 26497, 1779, 3315, 112, 571 },
    { 28276, 281, 506, 3, 683 },
    { 28557, 14997, 44998, 256, 686 },
    { 43554, 3052, 17744, 90, 942 },
    { 46606, 2972, 8547, 111, 1032 },
    { 49578, 1147, 2395, 42, 1143 },
    { 50725, 2539, 5719, 32, 1185 },
    { 53264, 707, 1962, 16, 1217 },
    { 53971, 913, 2475, 21, 1233 },
    { 54884, 767, 2238, 12, 1254 },
    { 55651, 647, 1626, 7, 1266 },
    { 56298, 152, 315, 1, 1273 },
};

static const uint16_t sourcesans_18_bolditalicKernLeftCodepoints[] = {
    0x0022, 0x0024, 0x0027, 0x0028, 0x002C, 0x002D, 0x002E, 0x002F, 0x0030, 0x0031, 0x0032, 0x0033,
    0x0034, 0x0035, 0x0036, 0x0037, 0x0038, 0x0039, 0x003A, 0x003B, 0x0041, 0x0042, 0x0043, 0x0044,
    0x0045, 0x0046, 0x0047, 0x004A, 0x004B, 0x004C, 0x004F, 0x0050, 0x0051, 0x0052, 0x0053, 0x0054,
    0x0055, 0x0056, 0x0057, 0x0058, 0x0059, 0x005A, 0x005B, 0x005C, 0x0061, 0x0062, 0x0063, 0x0065,
    0x0066, 0x0067, 0x0068, 0x006B, 0x006D, 0x006E, 0x006F, 0x0070, 0x0071, 0x0072, 0x0073, 0x0074,
    0x0075, 0x0076, 0x0077, 0x0078, 0x0079, 0x007A, 0x007B, 0x00C0, 0x00C1, 0x00C2, 0x00C3, 0x00C4,
    0x00C5, 0x00C7, 0x00C8, 0x00C9, 0x00CA, 0x00CB, 0x00D2, 0x00D3, 0x00D4, 0x00D5, 0x00D6, 0x00D9,
    0x00DA, 0x00DB, 0x00DC, 0x00DD, 0x00E0, 0x00E1, 0x00E2, 0x00E3, 0x00E4, 0x00E5, 0x00E7, 0x00E8,
    0x00E9, 0x00EA, 0x00EB, 0x00F1, 0x00F2, 0x00F3, 0x00F4, 0x00F5, 0x00F6, 0x00F9, 0x00FA, 0x00FB,
    0x00FC, 0x00FD, 0x00FF, 0x0100, 0x0101, 0x0102, 0x0103, 0x0104, 0x0105, 0x0106, 0x0107, 0x0108,
    0x0109, 0x010A, 0x010B, 0x010C, 0x010D, 0x010E, 0x0110, 0x0112, 0x0113, 0x0114, 0x0115, 0x0116,
    0x0117, 0x0118, 0x0119, 0x011A, 0x011B, 0x011C, 0x011D, 0x011E, 0x011F, 0x0120, 0x0121, 0x0122,
    0x0123, 0x0125, 0x0134, 0x0136, 0x0137, 0x0139, 0x013B, 0x013D, 0x0141, 0x0144, 0x0146, 0x0148,
    0x014C, 0x014D, 0x014E, 0x014F, 0x0150, 0x0151, 0x0154, 0x0155, 0x0156, 0x0157, 0x0158, 0x0159,
    0x015A, 0x015B, 0x015C, 0x015D, 0x015E, 0x015F, 0x0160, 0x0161, 0x0162, 0x0163, 0x0164, 0x0165,
    0x0168, 0x0169, 0x016A, 0x016B, 0x016C, 0x016D, 0x016E, 0x016F, 0x0170, 0x0171, 0x0172, 0x0173,
    0x0174, 0x0175, 0x0176, 0x0177, 0x0178, 0x0179, 0x017A, 0x017B, 0x017C, 0x017D, 0x017E, 0x01A0,
    0x01A1, 0x01AF, 0x01B0, 0x01CD, 0x01CE, 0x01D1, 0x01D2, 0x01D3, 0x01D4, 0x01D5, 0x01D6, 0x01D7,
    0x01D8, 0x01D9, 0x01DA, 0x01DB, 0x01DC, 0x01DE, 0x01DF, 0x01E0, 0x01E1, 0x01E6, 0x01E7, 0x01E8,
    0x01E9, 0x01EA, 0x01EB, 0x01EC, 0x01ED, 0x01F4, 0x01F5, 0x01F9, 0x01FA, 0x01FB, 0x0200, 0x0201,
    0x0202, 0x0203, 0x0204, 0x0205, 0x0206, 0x0207, 0x020C, 0x020D, 0x020E, 0x020F, 0x0210, 0x0211,
    0x0212, 0x0213, 0x0214, 0x0215, 0x0216, 0x0217, 0x0218, 0x0219, 0x021A, 0x021B, 0x021F, 0x1EA0,
    0x1EA1, 0x1EA2, 0x1EA3, 0x1EA4, 0x1EA5, 0x1EA6, 0x1EA7, 0x1EA8, 0x1EA9, 0x1EAA, 0x1EAB, 0x1EAC,
    0x1EAD, 0x1EAE, 0x1EAF, 0x1EB0, 0x1EB1, 0x1EB2, 0x1EB3, 0x1EB4, 0x1EB5, 0x1EB6, 0x1EB7, 0x1EB8,
    0x1EB9, 0x1EBA, 0x1EBB, 0x1EBC, 0x1EBD, 0x1EBE, 0x1EBF, 0x1EC0, 0x1EC1, 0x1EC2, 0x1EC3, 0x1EC4,
    0x1EC5, 0x1EC6, 0x1EC7, 0x1ECC, 0x1ECD, 0x1ECE, 0x1ECF, 0x1ED0, 0x1ED1, 0x1ED2, 0x1ED3, 0x1ED4,
    0x1ED5, 0x1ED6, 0x1ED7, 0x1ED8, 0x1ED9, 0x1EDA, 0x1EDB, 0x1EDC, 0x1EDD, 0x1EDE, 0x1EDF, 0x1EE0,
    0x1EE1, 0x1EE2, 0x1EE3, 0x1EE4, 0x1EE5, 0x1EE6, 0x1EE7, 0x1EE8, 0x1EE9, 0x1EEA, 0x1EEB, 0x1EEC,
    0x1EED, 0x1EEE, 0x1EEF, 0x1EF0, 0x1EF1, 0x1EF2, 0x1EF3, 0x1EF4, 0x1EF5, 0x1EF6, 0x1EF7, 0x1EF8,
    0x1EF9,
};

static const uint8_t sourcesans_18_bolditalicKernLeftClassIds[] = {
      1,   2,   1,   3,   4,   5,   6,   7,   8,   9,  10,  11,  12,  13,  14,  15,
     16,  17,  18,  19,  20,  21,  22,  23,  24,  25,  26,  27,  28,  29,  23,  30,
     23,  31,  32,  33,  34,  35,  36,  37,  38,  39,   3,  40,  41,  42,  43,  44,
     45,  46,  47,  48,  47,  47,  42,  42,  46,  49,  50,  51,  41,  52,  53,  54,
     55,  56,   3,  20,  20,  20,  20,  20,  20,  22,  24,  24,  24,  24,  23,  23,
     23,  23,  23,  34,  34,  34,  34,  38,  41,  41,  41,  41,  41,  41,  43,  44,
     44,  44,  44,  47,  42,  42,  42,  42,  42,  41,  41,  41,  41,  55,  55,  20,
     41,  20,  41,  20,  41,  22,  43,  22,  43,  22,  43,  22,  43,  23,  23,  24,
     44,  24,  44,  24,  44,  24,  44,  24,  44,  26,  46,  26,  46,  26,  46,  26,
     46,  47,  27,  28,  48,  29,  29,  29,  29,  47,  47,  47,  23,  42,  23,  42,
     23,  42,  31,  49,  31,  49,  31,  49,  32,  50,  32,  50,  32,  50,  32,  50,
     33,  51,  33,  51,  34,  41,  34,  41,  34,  41,  34,  41,  34,  41,  34,  41,
     36,  53,  38,  55,  38,  39,  56,  39,  56,  39,  56,  23,  42,  34,  41,  20,
     41,  23,  42,  34,  41,  34,  41,  34,  41,  34,  41,  34,  41,  20,  41,  20,
     41,  26,  46,  28,  48,  23,  42,  23,  42,  26,  46,  47,  20,  41,  20,  41,
     20,  41,  24,  44,  24,  44,  23,  42,  23,  42,  31,  49,  31,  49,  34,  41,
     34,  41,  32,  50,  33,  51,  47,  20,  41,  20,  41,  20,  41,  20,  41,  20,
     41,  20,  41,  20,  41,  20,  41,  20,  41,  20,  41,  20,  41,  20,  41,  24,
     44,  24,  44,  24,  44,  24,  44,  24,  44,  24,  44,  24,  44,  24,  44,  23,
     42,  23,  42,  23,  42,  23,  42,  23,  42,  23,  42,  23,  42,  23,  42,  23,
     42,  23,  42,  23,  42,  23,  42,  34,  41,  34,  41,  34,  41,  34,  41,  34,
     41,  34,  41,  34,  41,  38,  55,  38,  55,  38,  55,  38,  55,
};

static const uint16_t sourcesans_18_bolditalicKernRightCodepoints[] = {
    0x0021, 0x0022, 0x0027, 0x0029, 0x002A, 0x002C, 0x002D, 0x002E, 0x002F, 0x0030, 0x0031, 0x0032,
    0x0033, 0x0034, 0x0035, 0x0036, 0x0037, 0x0038, 0x0039, 0x003A, 0x003B, 0x003F, 0x0041, 0x0043,
    0x0047, 0x004A, 0x004F, 0x0051, 0x0053, 0x0054, 0x0055, 0x0056, 0x0057, 0x0058, 0x0059, 0x005A,
    0x005C, 0x005D, 0x0061, 0x0063, 0x0064, 0x0065, 0x0066, 0x0067, 0x006A, 0x006D, 0x006E, 0x006F,
    0x0070, 0x0071, 0x0072, 0x0073, 0x0074, 0x0075, 0x0076, 0x0077, 0x0078, 0x0079, 0x007A, 0x007D,
    0x00C0, 0x00C1, 0x00C2, 0x00C3, 0x00C4, 0x00C5, 0x00C7, 0x00D2, 0x00D3, 0x00D4, 0x00D5, 0x00D6,
    0x00D9, 0x00DA, 0x00DB, 0x00DC, 0x00DD, 0x00E0, 0x00E1, 0x00E2, 0x00E3, 0x00E4, 0x00E5, 0x00E7,
    0x00E8, 0x00E9, 0x00EA, 0x00EB, 0x00F1, 0x00F2, 0x00F3, 0x00F4, 0x00F5, 0x00F6, 0x00F9, 0x00FA,
    0x00FB, 0x00FC, 0x00FD, 0x00FF, 0x0100, 0x0101, 0x0102, 0x0103, 0x0104, 0x0105, 0x0106, 0x0107,
    0x0108, 0x0109, 0x010A, 0x010B, 0x010C, 0x010D, 0x010F, 0x0111, 0x0113, 0x0115, 0x0117, 0x0119,
    0x011B, 0x011C, 0x011D, 0x011E, 0x011F, 0x0120, 0x0121, 0x0122, 0x0123, 0x0134, 0x0135, 0x0144,
    0x0146, 0x0148, 0x014C, 0x014D, 0x014E, 0x014F, 0x0150, 0x0151, 0x0155, 0x0157, 0x0159, 0x015A,
    0x015B, 0x015C, 0x015D, 0x015E, 0x015F, 0x0160, 0x0161, 0x0162, 0x0163, 0x0164, 0x0165, 0x0168,
    0x0169, 0x016A, 0x016B, 0x016C, 0x016D, 0x016E, 0x016F, 0x0170, 0x0171, 0x0172, 0x0173, 0x0174,
    0x0175, 0x0176, 0x0177, 0x0178, 0x0179, 0x017A, 0x017B, 0x017C, 0x017D, 0x017E, 0x01A0, 0x01A1,
    0x01AF, 0x01B0, 0x01CD, 0x01CE, 0x01D1, 0x01D2, 0x01D3, 0x01D4, 0x01D5, 0x01D6, 0x01D7, 0x01D8,
    0x01D9, 0x01DA, 0x01DB, 0x01DC, 0x01DE, 0x01DF, 0x01E0, 0x01E1, 0x01E6, 0x01E7, 0x01EA, 0x01EB,
    0x01EC, 0x01ED, 0x01F0, 0x01F4, 0x01F5, 0x01F9, 0x01FA, 0x01FB, 0x0200, 0x0201, 0x0202, 0x0203,
    0x0205, 0x0207, 0x020C, 0x020D, 0x020E, 0x020F, 0x0211, 0x0213, 0x0214, 0x0215, 0x0216, 0x0217,
    0x0218, 0x0219, 0x021A, 0x021B, 0x1EA0, 0x1EA1, 0x1EA2, 0x1EA3, 0x1EA4, 0x1EA5, 0x1EA6, 0x1EA7,
    0x1EA8, 0x1EA9, 0x1EAA, 0x1EAB, 0x1EAC, 0x1EAD, 0x1EAE, 0x1EAF, 0x1EB0, 0x1EB1, 0x1EB2, 0x1EB3,
    0x1EB4, 0x1EB5, 0x1EB6, 0x1EB7, 0x1EB9, 0x1EBB, 0x1EBD, 0x1EBF, 0x1EC1, 0x1EC3, 0x1EC5, 0x1EC7,
    0x1ECC, 0x1ECD, 0x1ECE, 0x1ECF, 0x1ED0, 0x1ED1, 0x1ED2, 0x1ED3, 0x1ED4, 0x1ED5, 0x1ED6, 0x1ED7,
    0x1ED8, 0x1ED9, 0x1EDA, 0x1EDB, 0x1EDC, 0x1EDD, 0x1EDE, 0x1EDF, 0x1EE0, 0x1EE1, 0x1EE2, 0x1EE3,
    0x1EE4, 0x1EE5, 0x1EE6, 0x1EE7, 0x1EE8, 0x1EE9, 0x1EEA, 0x1EEB, 0x1EEC, 0x1EED, 0x1EEE, 0x1EEF,
    0x1EF0, 0x1EF1, 0x1EF2, 0x1EF3, 0x1EF4, 0x1EF5, 0x1EF6, 0x1EF7, 0x1EF8, 0x1EF9,
};

static const uint8_t sourcesans_18_bolditalicKernRightClassIds[] = {
      1,   2,   2,   3,   4,   5,   6,   5,   7,   8,   9,  10,  11,  12,  11,  13,
     14,  15,  16,  17,  17,  18,  19,  20,  20,  21,  20,  20,  22,  23,  24,  25,
     26,  27,  28,  29,  30,   3,  31,  31,  31,  31,  32,  31,  33,  34,  34,  31,
     34,  31,  34,  35,  36,  37,  38,  39,  40,  41,  42,   3,  19,  19,  19,  19,
     19,  19,  20,  20,  20,  20,  20,  20,  24,  24,  24,  24,  28,  31,  31,  31,
     31,  31,  31,  31,  31,  31,  31,  31,  34,  31,  31,  31,  31,  31,  37,  37,
     37,  37,  41,  41,  19,  31,  19,  31,  19,  31,  20,  31,  20,  31,  20,  31,
     20,  31,  31,  31,  31,  31,  31,  31,  31,  20,  31,  20,  31,  20,  31,  20,
     31,  21,  33,  34,  34,  34,  20,  31,  20,  31,  20,  31,  34,  34,  34,  22,
     35,  22,  35,  22,  35,  22,  35,  23,  36,  23,  36,  24,  37,  24,  37,  24,
     37,  24,  37,  24,  37,  24,  37,  26,  39,  28,  41,  28,  29,  42,  29,  42,
     29,  42,  20,  31,  24,  37,  19,  31,  20,  31,  24,  37,  24,  37,  24,  37,
     24,  37,  24,  37,  19,  31,  19,  31,  20,  31,  20,  31,  20,  31,  33,  20,
     31,  34,  19,  31,  19,  31,  19,  31,  31,  31,  20,  31,  20,  31,  34,  34,
     24,  37,  24,  37,  22,  35,  23,  36,  19,  31,  19,  31,  19,  31,  19,  31,
     19,  31,  19,  31,  19,  31,  19,  31,  19,  31,  19,  31,  19,  31,  19,  31,
     31,  31,  31,  31,  31,  31,  31,  31,  20,  31,  20,  31,  20,  31,  20,  31,
     20,  31,  20,  31,  20,  31,  20,  31,  20,  31,  20,  31,  20,  31,  20,  31,
     24,  37,  24,  37,  24,  37,  24,  37,  24,  37,  24,  37,  24,  37,  28,  41,
     28,  41,  28,  41,  28,  41,
};

static const uint16_t sourcesans_18_bolditalicKernRowOffsets[] = {
        0,     3,     6,     8,    21,    29,    42,    48,    49,    52,    56,    60,    64,    67,    71,    78,
       81,    85,    89,    93,   113,   124,   136,   144,   147,   167,   170,   172,   189,   209,   223,   236,
      240,   263,   271,   286,   295,   302,   324,   340,   349,   353,   365,   374,   388,   403,   407,   412,
      422,   435,   442,   449,   461,   471,   477,   485,   491,
};

static const uint8_t sourcesans_18_bolditalicKernSparseCols[] = {
      4,  18,  34,  12,  13,  15,  32,  37,   1,   3,  22,  23,  24,  25,  27,  30,
     32,  35,  37,  38,  40,  20,  22,  24,  26,  27,  28,  37,  39,   1,   3,  22,
     23,  24,  25,  27,  30,  32,  35,  37,  38,  40,  18,  20,  30,  32,  35,  36,
     13,  10,  11,  13,  11,  13,  14,  15,   8,  10,  13,  15,   8,  10,  13,  15,
      8,  13,  15,   8,  10,  13,  15,   7,   8,   9,  10,  11,  12,  14,  10,  13,
     15,   8,   9,  10,  13,   3,  22,  27,  32,   3,  22,  27,  32,   1,   3,  17,
     18,  19,  21,  22,  23,  24,  25,  27,  28,  29,  31,  32,  35,  36,  37,  38,
     40,   3,  19,  20,  21,  22,  27,  35,  37,  38,  39,  40,   5,  19,  20,  21,
     22,  23,  28,  35,  36,  37,  38,  40,   3,   6,  20,  22,  24,  26,  27,  28,
     19,  22,  28,   4,   6,  18,  19,  20,  21,  24,  25,  27,  28,  30,  33,  34,
     35,  36,  37,  38,  39,  40,  41,   3,  22,  24,   4,  20,   1,   3,   5,  18,
     19,  21,  22,  23,  24,  25,  26,  27,  28,  30,  32,  35,  36,   1,   3,   5,
     17,  18,  19,  21,  22,  23,  24,  25,  27,  29,  30,  31,  35,  36,  37,  38,
     40,   4,   5,   6,  17,  18,  20,  21,  22,  26,  27,  28,  30,  39,  41,   3,
      5,  18,  20,  21,  22,  24,  26,  27,  28,  30,  39,  41,   3,  20,  21,  22,
      4,   5,   6,  16,  17,  18,  19,  20,  21,  26,  27,  28,  30,  31,  33,  34,
     35,  36,  37,  38,  39,  40,  41,   4,   6,  18,  20,  21,  24,  26,  27,   4,
      5,   6,  18,  20,  21,  23,  28,  30,  31,  33,  34,  36,  39,  41,   4,   6,
     18,  20,  21,  28,  30,  31,  41,   3,   5,  19,  22,  27,  30,  36,   4,   5,
      6,  16,  17,  18,  19,  20,  21,  22,  26,  27,  28,  30,  33,  34,  36,  37,
     38,  39,  40,  41,   5,  18,  19,  20,  21,  23,  24,  25,  27,  28,  30,  35,
     36,  37,  38,  40,  22,  23,  24,  25,  27,  32,  37,  38,  40,   3,  22,  24,
     27,   2,   4,   5,  22,  24,  27,  29,  37,  38,  39,  40,  41,   5,  22,  24,
     27,  30,  37,  38,  39,  40,   3,   5,  19,  20,  21,  22,  24,  25,  27,  29,
     35,  37,  38,  40,   0,   1,   2,   4,   5,   6,  17,  22,  24,  25,  26,  27,
     29,  30,  33,   3,  22,  24,  27,   3,  22,  24,  27,  40,   3,   4,   5,  22,
     27,  30,  32,  35,  36,  39,   4,   5,   6,  20,  28,  29,  30,  32,  34,  37,
     38,  40,  41,   3,   5,  22,  24,  27,  37,  40,   4,   5,   6,  16,  22,  30,
     36,   2,   3,   4,   5,   6,  18,  20,  22,  27,  30,  32,  41,   3,   4,   6,
     18,  20,  22,  27,  30,  32,  41,   3,   5,  22,  24,  27,  30,   4,   6,  20,
     22,  27,  30,  32,  41,   5,  22,  24,  27,  30,  36,
};

static const int8_t sourcesans_18_bolditalicKernSparseValues[] = {
     -77,  -46,  -12,   -6,  -21,  -11,   38,  -10,  -89, -104,  -70,  -40,  -53,  -18,  -53,   -6,
      27,  -18,  -32,  -14,  -12,  -10,  -46,  -17,  -12,  -51,  -12,  -11,  -16,  -89, -104,  -70,
     -40,  -53,  -18,  -53,   -6,   52,  -18,  -32,  -14,  -12,  -24,  -48,  -12,   36,   12,  -12,
     -18,   -5,   -5,   -7,   -6,  -17,   -6,   -6,   -5,    6,  -17,   -5,   -6,   -7,  -11,  -11,
      -7,  -23,  -11,   -6,   -6,  -11,  -11,  -18,    4,   -6,  -12,  -23,   -5,  -11,    6,  -18,
      -6,   -5,   -6,   -6,  -18,  -38,  -40,  -23,   26,  -38,  -40,  -23,   53,  -58,  -72,  -52,
      -1,  -11,   -6,  -28,  -23,  -52,  -16,  -22,   -6,  -24,  -16,   -6,  -16,   -6,  -11,   -8,
     -11,  -59,   -1,   -6,  -11,  -14,  -17,   -6,  -11,   -6,   -6,  -11,  -53,  -32,   -6,  -12,
     -22,  -11,   -6,  -11,   -6,  -16,  -16,  -16,  -38,  -12,  -12,  -13,  -12,  -16,  -23,   -6,
     -13,   -6,   -6,  -46,  -48,  -26,   -6,  -84,  -10,  -10,   -5,  -10,  -12,   -6,  -12,   -9,
      -6,   -9,   -6,   -6,  -12,   -6,  -12,  -26,  -18,   -6,  -12,  -24,  -50,  -12,  -37,  -12,
     -23,   -6,  -16,  -11,   -6,   -6,  -15,  -16,  -11,  -10,   -6,  -17,   -9, -101, -106,  -48,
     -34,   -4,  -38,  -22,  -72,  -33,  -50,  -34,  -62,  -60,  -11,  -16,  -19,   -6,  -45,  -53,
     -34,  -65,   -6,  -59,  -22,  -27,  -79,   -6,  -24,  -24,  -11,  -60,   -7,   -6,  -12,  -11,
     -24,   -6,  -12,   -8,  -19,   -6,   -6,  -12,   -6,   -6,   -6,   -6,  -18,   -6,   -6,  -18,
     -46,  -46,  -50,  -34,  -12,  -28,  -12,  -73,  -31,  -12,  -11,  -21,  -38,  -14,  -48,  -36,
     -12,  -60,  -24,  -24,  -24,  -24,  -60,   -6,  -24,   -6,  -25,   -6,   -6,   -6,  -11,  -51,
     -52,  -36,  -52,  -53,  -12,   -6,  -12,  -22,   -9,  -12,  -12,  -12,  -22,  -53,  -53,  -24,
     -16,  -60,   -6,   -6,  -10,    1,  -16,    4,  -52,  -17,  -11,  -15,  -16,  -11,  -58,  -46,
     -48,  -11,    2,  -22,   -6,  -59,   -6,  -11,  -15,  -10,  -17,  -23,  -18,  -53,  -18,  -17,
     -17,  -23,  -17,  -41,  -53,   -7,  -12,  -18,  -18,   -6,   -6,   -6,  -11,   -7,  -13,  -11,
     -21,  -17,  -17,  -17,  -60,  -24,  -36,  -24,  -48,   60,  -12,   -6,   12,  -60,  -23,   -6,
     -23,  -10,   -6,   12,  -41,  -17,  -53,  -24,  -15,  -10,  -16,  -15,  -11,  -16,  -23,  -11,
     -17,   -8,    1,    1,    1,    1,  -52,    2,  -11,  -12,  -12,  -52,  -11,   -6,  -22,   -6,
     -11,  -11,  -11,  -11,   18,   24,   26,  -53,   -6,  -12,   18,   30,   30,   30,   24,   30,
      48,   -6,   -1,  -49,  -20,   -5,  -20,  -48,  -17,   -6,  -23,   -5,  -36,    2,  -32,  -16,
     -16,  -16,   -6,   -6,   -6,   -4,  -39,  -12,  -24,  -40,  -12,   12,   -6,   -1,   -1,    1,
       1,    1,   -6,  -38,   -4,  -23,  -11,  -17,   -5,   -5,    2,  -22,   12,   12,  -12,   -8,
      -6,  -10,  -13,  -32,  -11,  -12,  -11,  -23,  -24,  -12,   -5,   -6,  -11,  -18,  -22,   -6,
      -5,  -18,  -24,  -12,   -5,   -6,  -11,  -24,  -21,  -53,   -6,  -17,  -16,  -32,  -12,  -23,
     -24,  -22,   -5,   -6,   -6,   -6,  -18,   -6,  -17,   -6,  -12,
};

static const EpdLigaturePair sourcesans_18_bolditalicLigaturePairs[] = {
    { 0x00660066, 0xFB00 }, // f f -> U+FB00
};

static const EpdFontData sourcesans_18_bolditalic = {
    sourcesans_18_bolditalicBitmaps,
    sourcesans_18_bolditalicGlyphs,
    sourcesans_18_bolditalicIntervals,
    48,
    53,
    39,
    -15,
    true,
    sourcesans_18_bolditalicGroups,
    17,
    nullptr,
    nullptr,  // kernLeftClasses: built-in fonts use the split arrays below
    nullptr,  // kernRightClasses
    sourcesans_18_bolditalicKernLeftCodepoints,
    sourcesans_18_bolditalicKernLeftClassIds,
    sourcesans_18_bolditalicKernRightCodepoints,
    sourcesans_18_bolditalicKernRightClassIds,
    nullptr,  // kernMatrix: built-in fonts use the sparse form below
    sourcesans_18_bolditalicKernRowOffsets,
    sourcesans_18_bolditalicKernSparseCols,
    sourcesans_18_bolditalicKernSparseValues,
    349,
    310,
    56,
    42,
    sourcesans_18_bolditalicLigaturePairs,
    1,
};
