/**
 * generated by fontconvert.py
 * name: ubuntu_10_bold
 * size: 10
 * mode: 1-bit mono
 * Command used: fontconvert.py ubuntu_10_bold 10 ../builtinFonts/source/Ubuntu/Ubuntu-Bold.ttf ../builtinFonts/source/NotoSansHebrew/NotoSansHebrew-UIBold.ttf ../builtinFonts/source/NotoSansArabic/NotoSansArabic-UIBold.ttf ../builtinFonts/source/Ubuntu/Ubuntu-Vietnamese-Bold.ttf --mono --autohint-font ../builtinFonts/source/NotoSansHebrew/NotoSansHebrew-UIBold.ttf --additional-intervals 0x05D0,0x05EA --additional-intervals 0x060C,0x060C --additional-intervals 0x061B,0x061B --additional-intervals 0x061F,0x061F --additional-intervals 0x0621,0x0621 --additional-intervals 0x0640,0x0640 --additional-intervals 0x0660,0x0669 --additional-intervals 0x06BA,0x06BA --additional-intervals 0x06D4,0x06D4 --additional-intervals 0x06F0,0x06F9 --additional-intervals 0xFB56,0xFB59 --additional-intervals 0xFB66,0xFB69 --additional-intervals 0xFB7A,0xFB7D --additional-intervals 0xFB88,0xFB95 --additional-intervals 0xFB9E,0xFB9F --additional-intervals 0xFBA6,0xFBB1 --additional-intervals 0xFBFC,0xFBFF --additional-intervals 0xFE80,0xFEFC
 */
#pragma once
#include "EpdFontData.h"

static const uint8_t ubuntu_10_boldBitmaps[24625] = {
    0x00, 0x00, 0x00, 0x00, 0x00, 0x00, 0xFF, 0xFF, 0xFF, 0xFC, 0x7F, 0xF8, 0xE7, 0xE7, 0xE7, 0xE6,
    0xE6, 0xE6, 0x0E, 0x70, 0x73, 0x83, 0xBC, 0x39, 0xCF, 0xFF, 0xFF, 0xFC, 0x73, 0x87, 0xBC, 0x39,
    0xC7, 0xFF, 0xFF, 0xFE, 0x73, 0x87, 0xB8, 0x39, 0xC1, 0xCE, 0x00, 0x1C, 0x07, 0x03, 0xF1, 0xFE,
    0xFF, 0xB8, 0x0E, 0x03, 0xE0, 0x7F, 0x0F, 0xE0, 0x7C, 0x07, 0x41, 0xFF, 0xFF, 0xF9, 0xFC, 0x1C,
    0x07, 0x01, 0xC0, 0x38, 0x1C, 0x3E, 0x1C, 0x31, 0x8E, 0x18, 0xCE, 0x0C, 0x67, 0x06, 0x37, 0x01,
    0xF3, 0x80, 0x73, 0x9C, 0x03, 0x9F, 0x01, 0xD8, 0xC1, 0xCC, 0x60, 0xE6, 0x30, 0xE3, 0x18, 0x70,
    0xF8, 0x70, 0x38, 0x0F, 0x00, 0x7F, 0x03, 0xFC, 0x0E, 0x70, 0x39, 0xC0, 0x7E, 0x01, 0xF0, 0x1F,
    0xCE, 0x77, 0xBB, 0x8F, 0xCE, 0x1F, 0x3C, 0x38, 0xFF, 0xF1, 0xFF, 0xE3, 0xF3, 0xC0, 0xFF, 0xFF,
    0xC0, 0x08, 0x73, 0x8E, 0x71, 0xCE, 0x38, 0xE3, 0x8E, 0x38, 0xE3, 0x87, 0x1C, 0x38, 0xE1, 0xC2,
    0x43, 0x87, 0x1C, 0x38, 0xE1, 0xC7, 0x1C, 0x71, 0xC7, 0x1C, 0x73, 0x8E, 0x71, 0xCE, 0x10, 0x1C,
    0x0E, 0x17, 0x5F, 0xFF, 0xF9, 0xF1, 0xDC, 0x28, 0x0E, 0x01, 0xC0, 0x38, 0x07, 0x0F, 0xFF, 0xFF,
    0xFF, 0xF8, 0x70, 0x0E, 0x01, 0xC0, 0x38, 0x00, 0x77, 0x77, 0xEE, 0xFF, 0xFF, 0xC0, 0x6F, 0xF6,
    0x00, 0xE0, 0x38, 0x07, 0x01, 0xE0, 0x38, 0x07, 0x01, 0xC0, 0x38, 0x07, 0x01, 0xC0, 0x38, 0x0E,
    0x01, 0xC0, 0x38, 0x0E, 0x01, 0xC0, 0x78, 0x0E, 0x01, 0xC0, 0x70, 0x00, 0x1E, 0x0F, 0xC7, 0xF9,
    0xCE, 0xE1, 0xF8, 0x7E, 0x1F, 0x87, 0xE1, 0xF8, 0x7E, 0x1D, 0xCE, 0x7F, 0x8F, 0xC1, 0xE0, 0x06,
    0x1C, 0xFB, 0xFF, 0xED, 0xC3, 0x87, 0x0E, 0x1C, 0x38, 0x70, 0xE1, 0xC3, 0x80, 0x3F, 0x1F, 0xEF,
    0xFD, 0x87, 0x01, 0xC0, 0x70, 0x38, 0x1C, 0x0E, 0x0F, 0x07, 0x81, 0xC0, 0xFF, 0xFF, 0xFF, 0xFC,
    0x3E, 0x3F, 0xCF, 0xF9, 0x0E, 0x03, 0x81, 0xC3, 0xE0, 0xFE, 0x03, 0xC0, 0x70, 0x1C, 0x0F, 0xFF,
    0xBF, 0xE7, 0xE0, 0x07, 0x03, 0xC1, 0xF0, 0x7C, 0x3F, 0x0D, 0xC7, 0x71, 0x9C, 0xE7, 0x3F, 0xFF,
    0xFF, 0xFF, 0x07, 0x01, 0xC0, 0x70, 0x3F, 0x8F, 0xE3, 0xF8, 0xE0, 0x38, 0x1F, 0x87, 0xF9, 0xFE,
    0x03, 0xC0, 0x70, 0x1C, 0x0F, 0xFF, 0xBF, 0xE7, 0xE0, 0x07, 0x87, 0xE3, 0xF9, 0xF0, 0x70, 0x3F,
    0xCF, 0xFB, 0xFF, 0xE3, 0xF8, 0x7E, 0x1F, 0xCF, 0x7F, 0x9F, 0xE1, 0xE0, 0xFF, 0xFF, 0xFF, 0xFC,
    0x0E, 0x07, 0x01, 0xC0, 0xE0, 0x38, 0x1E, 0x07, 0x01, 0xC0, 0x70, 0x38, 0x0E, 0x03, 0x80, 0x1F,
    0x1F, 0xEF, 0xFF, 0x87, 0xE1, 0xF8, 0x77, 0xB9, 0xFC, 0x7F, 0xB8, 0xFE, 0x1F, 0x87, 0xFF, 0xDF,
    0xE3, 0xF0, 0x1E, 0x1F, 0xE7, 0xFB, 0xCF, 0xE1, 0xF8, 0x7F, 0x1F, 0xFF, 0x7F, 0xCF, 0xF0, 0x38,
    0x1E, 0x7F, 0x1F, 0x87, 0x80, 0x6F, 0xF6, 0x00, 0x06, 0xFF, 0x60, 0x33, 0xDE, 0x60, 0x00, 0x00,
    0x73, 0x9C, 0xEE, 0x70, 0x00, 0x81, 0xE1, 0xFF, 0xFC, 0xFC, 0x38, 0x0F, 0xC3, 0xFC, 0x1F, 0xC1,
    0xE0, 0x08, 0xFF, 0xFF, 0xFF, 0xFC, 0x00, 0x00, 0x3F, 0xFF, 0xFF, 0xFF, 0x40, 0x1E, 0x0F, 0xE0,
    0xFF, 0x0F, 0xC0, 0x70, 0xFC, 0xFF, 0xFE, 0x1E, 0x04, 0x00, 0x7E, 0x7F, 0xBF, 0xE8, 0x70, 0x38,
    0x3C, 0x3C, 0x3C, 0x3C, 0x1C, 0x0E, 0x00, 0x01, 0x81, 0xE0, 0xF0, 0x30, 0x03, 0xF8, 0x03, 0xFF,
    0x81, 0xC0, 0xF0, 0xC0, 0x0E, 0x61, 0xF1, 0x99, 0xFE, 0x3C, 0x73, 0x8F, 0x38, 0xE3, 0xCE, 0x38,
    0xF3, 0x8E, 0x3C, 0xE3, 0x8F, 0x3C, 0xE6, 0xE7, 0xFF, 0x98, 0xFF, 0x87, 0x00, 0x00, 0xF0, 0x00,
    0x1F, 0xF8, 0x01, 0xFE, 0x00, 0x07, 0xC0, 0x0F, 0x80, 0x3F, 0x80, 0x77, 0x00, 0xEE, 0x03, 0xDE,
    0x07, 0x1C, 0x0E, 0x38, 0x3C, 0x78, 0x7F, 0xF1, 0xFF, 0xF3, 0xFF, 0xE7, 0x01, 0xDE, 0x03, 0xF8,
    0x03, 0x80, 0xFF, 0x1F, 0xF3, 0xFF, 0x70, 0xEE, 0x1D, 0xFF, 0x3F, 0xE7, 0xFE, 0xE1, 0xFC, 0x1F,
    0x83, 0xF0, 0xFF, 0xFD, 0xFF, 0xBF, 0xC0, 0x0F, 0xE1, 0xFF, 0x3F, 0xF7, 0x82, 0xF0, 0x0E, 0x00,
    0xE0, 0x0E, 0x00, 0xE0, 0x0E, 0x00, 0xF0, 0x07, 0x82, 0x7F, 0xF3, 0xFF, 0x0F, 0xE0, 0xFF, 0x0F,
    0xFC, 0xFF, 0xEE, 0x1E, 0xE0, 0xFE, 0x07, 0xE0, 0x7E, 0x07, 0xE0, 0x7E, 0x07, 0xE0, 0xFE, 0x1E,
    0xFF, 0xCF, 0xF8, 0xFF, 0x00, 0xFF, 0xFF, 0xFF, 0xFF, 0x80, 0xE0, 0x38, 0x0F, 0xFB, 0xFE, 0xFF,
    0xB8, 0x0E, 0x03, 0x80, 0xFF, 0xFF, 0xFF, 0xFC, 0xFF, 0xFF, 0xFF, 0xFC, 0x0E, 0x07, 0x03, 0xFD,
    0xFE, 0xFF, 0x70, 0x38, 0x1C, 0x0E, 0x07, 0x03, 0x80, 0x0F, 0xE1, 0xFF, 0x3F, 0xF7, 0x82, 0xF0,
    0x0E, 0x00, 0xE0, 0x0E, 0x07, 0xE0, 0x7E, 0x07, 0xF0, 0x77, 0x87, 0x7F, 0xF3, 0xFF, 0x0F, 0xE0,
    0xE0, 0xFC, 0x1F, 0x83, 0xF0, 0x7E, 0x0F, 0xC1, 0xFF, 0xFF, 0xFF, 0xFF, 0xFC, 0x1F, 0x83, 0xF0,
    0x7E, 0x0F, 0xC1, 0xF8, 0x38, 0xFF, 0xFF, 0xFF, 0xFF, 0xFF, 0xF8, 0x03, 0x81, 0xC0, 0xE0, 0x70,
    0x38, 0x1C, 0x0E, 0x07, 0x03, 0x81, 0xC0, 0xE8, 0xF7, 0xFF, 0xF9, 0xF8, 0xE0, 0xFE, 0x1E, 0xE3,
    0xCE, 0x78, 0xEF, 0x0F, 0xE0, 0xFC, 0x0F, 0xE0, 0xEE, 0x0E, 0x70, 0xE7, 0x8E, 0x3C, 0xE1, 0xCE,
    0x1E, 0xE0, 0xF0, 0xE0, 0x38, 0x0E, 0x03, 0x80, 0xE0, 0x38, 0x0E, 0x03, 0x80, 0xE0, 0x38, 0x0E,
    0x03, 0x80, 0xFF, 0xFF, 0xFF, 0xFC, 0x70, 0x07, 0x3C, 0x07, 0x9E, 0x03, 0xCF, 0x83, 0xE7, 0xC1,
    0xF3, 0x71, 0xDB, 0xB8, 0xEF, 0xCE, 0xE7, 0xE7, 0x73, 0xF1, 0xF1, 0xF8, 0xF8, 0xFC, 0x38, 0x7E,
    0x1C, 0x3F, 0x00, 0x1F, 0x80, 0x0E, 0xE0, 0x7F, 0x07, 0xF8, 0x7F, 0x87, 0xFC, 0x7F, 0xE7, 0xEE,
    0x7E, 0x77, 0xE3, 0xFE, 0x3F, 0xE1, 0xFE, 0x0F, 0xE0, 0xFE, 0x07, 0xE0, 0x70, 0x07, 0xC0, 0x3F,
    0xE0, 0xFF, 0xE3, 0xC1, 0xE7, 0x01, 0xFC, 0x01, 0xF8, 0x03, 0xF0, 0x07, 0xE0, 0x0F, 0xC0, 0x1F,
    0xC0, 0x7B, 0xC1, 0xE3, 0xFF, 0x83, 0xFE, 0x01, 0xF8, 0x00, 0xFF, 0x1F, 0xFB, 0xFF, 0x70, 0xFE,
    0x0F, 0xC1, 0xF8, 0x7F, 0xFE, 0xFF, 0xDF, 0xE3, 0x80, 0x70, 0x0E, 0x01, 0xC0, 0x38, 0x00, 0x07,
    0xC0, 0x3F, 0xE0, 0xFF, 0xE3, 0xC1, 0xE7, 0x01, 0xDC, 0x01, 0xF8, 0x03, 0xF0, 0x07, 0xE0, 0x0F,
    0xC0, 0x1F, 0xC0, 0x73, 0xC1, 0xE7, 0xFF, 0x87, 0xFE, 0x03, 0xF0, 0x01, 0xE0, 0x01, 0xFC, 0x00,
    0xF0, 0xFF, 0x0F, 0xFC, 0xFF, 0xCE, 0x1E, 0xE0, 0xEE, 0x0E, 0xE1, 0xEF, 0xFC, 0xFF, 0xCF, 0xF0,
    0xE7, 0x8E, 0x3C, 0xE1, 0xCE, 0x0E, 0xE0, 0xF0, 0x3F, 0x1F, 0xEF, 0xF3, 0x84, 0xE0, 0x3C, 0x07,
    0xE0, 0xFE, 0x0F, 0x80, 0xF0, 0x1D, 0x07, 0xFF, 0xFF, 0xE7, 0xF0, 0xFF, 0xFF, 0xFF, 0xFF, 0x87,
    0x00, 0xE0, 0x1C, 0x03, 0x80, 0x70, 0x0E, 0x01, 0xC0, 0x38, 0x07, 0x00, 0xE0, 0x1C, 0x03, 0x80,
    0xE0, 0xFC, 0x1F, 0x83, 0xF0, 0x7E, 0x0F, 0xC1, 0xF8, 0x3F, 0x07, 0xE0, 0xFC, 0x1F, 0x83, 0xF8,
    0xF7, 0xFC, 0xFF, 0x87, 0xC0, 0xE0, 0x0E, 0xE0, 0x39, 0xC0, 0x73, 0xC1, 0xE3, 0x83, 0x87, 0x07,
    0x0F, 0x1C, 0x0E, 0x38, 0x1C, 0x70, 0x1D, 0xC0, 0x3B, 0x80, 0x7F, 0x00, 0x7C, 0x00, 0xF8, 0x00,
    0xE0, 0x00, 0xE0, 0x00, 0xFC, 0x00, 0x1F, 0xC3, 0x87, 0xB8, 0xF0, 0xE7, 0x1F, 0x1C, 0xE3, 0xE3,
    0x9C, 0x6C, 0x71, 0xDD, 0xDC, 0x3B, 0xBB, 0x87, 0x77, 0x70, 0xEE, 0x6E, 0x1F, 0x8F, 0xC1, 0xF1,
    0xF0, 0x3E, 0x1E, 0x07, 0x83, 0xC0, 0xF0, 0x3D, 0xC0, 0xE3, 0x87, 0x0F, 0x3C, 0x1F, 0xE0, 0x3F,
    0x00, 0x78, 0x01, 0xE0, 0x07, 0x80, 0x3F, 0x01, 0xFE, 0x0F, 0x3C, 0x38, 0x71, 0xC0, 0xEF, 0x03,
    0xC0, 0xF0, 0x7B, 0x83, 0x9E, 0x3C, 0x71, 0xC3, 0xDE, 0x0E, 0xE0, 0x7F, 0x01, 0xF0, 0x07, 0x00,
    0x38, 0x01, 0xC0, 0x0E, 0x00, 0x70, 0x03, 0x80, 0x1C, 0x00, 0xFF, 0xFF, 0xFF, 0xFF, 0x80, 0xE0,
    0x38, 0x0F, 0x03, 0xC0, 0x70, 0x1C, 0x07, 0x81, 0xE0, 0x38, 0x0F, 0xFF, 0xFF, 0xFF, 0xF8, 0xFF,
    0xFF, 0xF8, 0xE3, 0x8E, 0x38, 0xE3, 0x8E, 0x38, 0xE3, 0x8E, 0x38, 0xE3, 0xFF, 0xFF, 0xE0, 0x0E,
    0x01, 0xC0, 0x3C, 0x03, 0x80, 0x70, 0x07, 0x00, 0xE0, 0x1C, 0x01, 0xC0, 0x38, 0x03, 0x80, 0x70,
    0x0E, 0x00, 0xE0, 0x1C, 0x03, 0xC0, 0x38, 0x07, 0x00, 0x70, 0xFF, 0xFF, 0xC7, 0x1C, 0x71, 0xC7,
    0x1C, 0x71, 0xC7, 0x1C, 0x71, 0xC7, 0x1F, 0xFF, 0xFF, 0x0E, 0x03, 0xE0, 0x7C, 0x1D, 0xC3, 0xB8,
    0xE3, 0x9C, 0x77, 0x07, 0x20, 0x80, 0xFF, 0xFF, 0xFF, 0xFF, 0x80, 0x47, 0x1C, 0x71, 0x00, 0x7F,
    0x1F, 0xE7, 0xFC, 0x07, 0x3F, 0xDF, 0xFE, 0x1F, 0x87, 0xFF, 0xDF, 0xF3, 0xFC, 0xE0, 0x1C, 0x03,
    0x80, 0x70, 0x0E, 0x01, 0xFE, 0x3F, 0xF7, 0xFE, 0xE1, 0xFC, 0x1F, 0x83, 0xF0, 0x7E, 0x1F, 0xFF,
    0xBF, 0xE7, 0xF8, 0x1F, 0x9F, 0xDF, 0xFE, 0x0E, 0x07, 0x03, 0x81, 0xE0, 0x7F, 0xBF, 0xC7, 0xE0,
    0x00, 0xE0, 0x1C, 0x03, 0x80, 0x70, 0x0E, 0x3F, 0xDF, 0xFB, 0xFF, 0xF0, 0xFC, 0x1F, 0x83, 0xF0,
    0x7F, 0x0E, 0xFF, 0xCF, 0xF8, 0xFF, 0x1F, 0x1F, 0xE7, 0xFF, 0x87, 0xFF, 0xFF, 0xFE, 0x03, 0xC2,
    0x7F, 0x9F, 0xE1, 0xF8, 0x3E, 0x7E, 0xFE, 0xE0, 0xE0, 0xFE, 0xFE, 0xFE, 0xE0, 0xE0, 0xE0, 0xE0,
    0xE0, 0xE0, 0xE0, 0xE0, 0x1F, 0xDF, 0xF7, 0xFF, 0xC7, 0xE1, 0xF8, 0x7F, 0x1F, 0xFF, 0x7F, 0xCF,
    0xF0, 0x1C, 0x0F, 0x7F, 0x9F, 0xE7, 0xE0, 0xE0, 0x38, 0x0E, 0x03, 0x80, 0xE0, 0x3F, 0xCF, 0xFB,
    0xFF, 0xE3, 0xF8, 0x7E, 0x1F, 0x87, 0xE1, 0xF8, 0x7E, 0x1F, 0x87, 0xFF, 0xF1, 0xFF, 0xFF, 0xFF,
    0xFF, 0x1C, 0x71, 0xC7, 0x00, 0x71, 0xC7, 0x1C, 0x71, 0xC7, 0x1C, 0x71, 0xC7, 0x1F, 0xFF, 0xBC,
    0xE0, 0x1C, 0x03, 0x80, 0x70, 0x0E, 0x01, 0xC7, 0xB9, 0xE7, 0x78, 0xFE, 0x1F, 0x83, 0xF8, 0x77,
    0x8E, 0x79, 0xC7, 0x38, 0x77, 0x0F, 0xE7, 0x39, 0xCE, 0x73, 0x9C, 0xE7, 0x39, 0xCE, 0x7F, 0xE7,
    0xFE, 0xF9, 0xFF, 0xFB, 0xFF, 0xFF, 0x1C, 0x7E, 0x38, 0xFC, 0x71, 0xF8, 0xE3, 0xF1, 0xC7, 0xE3,
    0x8F, 0xC7, 0x1F, 0x8E, 0x38, 0xFF, 0x3F, 0xEF, 0xFF, 0x8F, 0xE1, 0xF8, 0x7E, 0x1F, 0x87, 0xE1,
    0xF8, 0x7E, 0x1C, 0x1F, 0x07, 0xF1, 0xFF, 0x78, 0xFE, 0x0F, 0xC1, 0xF8, 0x3F, 0x8F, 0x7F, 0xC7,
    0xF0, 0x7C, 0x00, 0xFF, 0x1F, 0xF3, 0xFF, 0x70, 0xFE, 0x0F, 0xC1, 0xF8, 0x3F, 0x0F, 0xFF, 0xDF,
    0xFB, 0xFC, 0x70, 0x0E, 0x01, 0xC0, 0x38, 0x00, 0x1F, 0xE7, 0xFD, 0xFF, 0xF8, 0x7E, 0x0F, 0xC1,
    0xF8, 0x3F, 0x87, 0x7F, 0xEF, 0xFC, 0x7F, 0x80, 0x70, 0x0E, 0x01, 0xC0, 0x38, 0x7F, 0xFF, 0xFF,
    0x0E, 0x1C, 0x38, 0x70, 0xE1, 0xC3, 0x80, 0x3E, 0x7E, 0xFE, 0xE0, 0xFE, 0xFF, 0x7F, 0x87, 0xFF,
    0xFE, 0xFC, 0xE1, 0xC3, 0x87, 0xFF, 0xFF, 0xF8, 0x70, 0xE1, 0xC3, 0x87, 0xF7, 0xE7, 0xC0, 0xE1,
    0xF8, 0x7E, 0x1F, 0x87, 0xE1, 0xF8, 0x7E, 0x1F, 0xC7, 0xFF, 0xDF, 0xF3, 0xFC, 0xE0, 0xFE, 0x3D,
    0xC7, 0x38, 0xE7, 0xBC, 0x77, 0x0E, 0xE0, 0xF8, 0x1F, 0x03, 0xE0, 0x38, 0x00, 0xE1, 0xC3, 0xF0,
    0xE1, 0xDC, 0x71, 0xCE, 0x3C, 0xE3, 0x3E, 0x61, 0xDB, 0x70, 0xED, 0xB8, 0x3E, 0xF8, 0x1E, 0x3C,
    0x0F, 0x1E, 0x03, 0x8E, 0x00, 0xF0, 0xF7, 0x9E, 0x39, 0xC1, 0xF8, 0x1F, 0x80, 0xF0, 0x1F, 0x81,
    0xF8, 0x39, 0xC7, 0x9E, 0xF0, 0xF0, 0xE0, 0xFE, 0x3D, 0xC7, 0x38, 0xE7, 0x9C, 0x77, 0x0E, 0xE1,
    0xF8, 0x1F, 0x03, 0xE0, 0x38, 0x0F, 0x0F, 0xC1, 0xF8, 0x3E, 0x00, 0xFF, 0xFF, 0xFF, 0xE1, 0xE1,
    0xE0, 0xE0, 0xF0, 0xF0, 0xFF, 0xFF, 0xFF, 0xE0, 0x0E, 0x3C, 0xF9, 0xC3, 0x87, 0x0E, 0x1C, 0x79,
    0xE3, 0xC7, 0xC3, 0x87, 0x0E, 0x1C, 0x38, 0x7C, 0xF8, 0x70, 0xFF, 0xFF, 0xFF, 0xFF, 0xFF, 0xFF,
    0xFF, 0xF0, 0xE1, 0xE3, 0xE1, 0xC3, 0x87, 0x0E, 0x1C, 0x3C, 0x3C, 0x79, 0xF3, 0x87, 0x0E, 0x1C,
    0x39, 0xF3, 0xE7, 0x00, 0x38, 0x4F, 0x9F, 0xFF, 0xF3, 0xE4, 0x38, 0x00, 0xFF, 0xF1, 0xFF, 0xFF,
    0xFF, 0xF8, 0x0E, 0x07, 0x03, 0x83, 0xF3, 0xFB, 0xFF, 0xC1, 0xC0, 0xE0, 0x78, 0x1F, 0xEF, 0xF1,
    0xF8, 0x70, 0x38, 0x1C, 0x07, 0xC3, 0xFC, 0xFF, 0x9E, 0x03, 0x80, 0x70, 0x3F, 0xE7, 0xFC, 0xFF,
    0x87, 0x00, 0xE0, 0x1C, 0x03, 0xFE, 0x7F, 0xDF, 0xF8, 0x60, 0xDF, 0xFD, 0xFF, 0x38, 0xE7, 0x1C,
    0xE3, 0x9C, 0x73, 0xFE, 0xFF, 0xEC, 0x18, 0xF0, 0x77, 0x0E, 0x78, 0xE3, 0x9E, 0x3D, 0xC1, 0xFC,
    0x0F, 0x83, 0xFE, 0x3F, 0xE0, 0x70, 0x07, 0x03, 0xFE, 0x3F, 0xE0, 0x70, 0x07, 0x00, 0xFF, 0xFF,
    0xFF, 0x00, 0x0F, 0xFF, 0xFF, 0xF0, 0x3F, 0x3F, 0xFF, 0xFC, 0x0E, 0x03, 0xE1, 0xFD, 0xFE, 0xE7,
    0xF1, 0xFC, 0xEF, 0xF3, 0xF0, 0x7C, 0x0E, 0x87, 0xFF, 0xFF, 0x9F, 0x80, 0xEF, 0xDF, 0xB8, 0x07,
    0xC0, 0x3F, 0xE0, 0xE0, 0xE3, 0x80, 0xE6, 0x3E, 0xD8, 0xF8, 0xF3, 0x01, 0xE6, 0x03, 0xCC, 0x07,
    0x8F, 0xCD, 0x8F, 0xB3, 0x80, 0xE3, 0x83, 0x83, 0xFE, 0x01, 0xF0, 0x00, 0x79, 0xF0, 0xDF, 0xFF,
    0x3F, 0xDF, 0x10, 0xC7, 0x1D, 0xE7, 0x39, 0xEF, 0x3C, 0xE7, 0x9E, 0x71, 0xC7, 0x10, 0xC0, 0xFF,
    0xFF, 0xFF, 0xFC, 0x07, 0x01, 0xC0, 0x70, 0x1C, 0x07, 0xFF, 0xFF, 0xC0, 0x07, 0xC0, 0x3F, 0xE0,
    0xE0, 0xE3, 0x80, 0xE6, 0xFC, 0xD9, 0xFC, 0xF3, 0x19, 0xE7, 0xF3, 0xCF, 0xC7, 0x99, 0xCD, 0xB1,
    0xB3, 0x80, 0xE3, 0x83, 0x83, 0xFE, 0x01, 0xF0, 0x00, 0xFF, 0xFC, 0x7B, 0xFC, 0xF3, 0xFD, 0xE0,
    0x0E, 0x01, 0xC0, 0x38, 0x07, 0x0F, 0xFF, 0xFF, 0xFF, 0xF8, 0x70, 0x0E, 0x01, 0xC0, 0x38, 0x00,
    0x0F, 0xFF, 0xFF, 0xFF, 0xF8, 0x7D, 0xFD, 0x18, 0x31, 0xC6, 0x18, 0x7F, 0xFE, 0x7D, 0xFC, 0x19,
    0xF3, 0xE0, 0xC1, 0xFF, 0xFC, 0x11, 0xDD, 0xC4, 0x00, 0xE1, 0xF8, 0x7E, 0x1F, 0x87, 0xE1, 0xF8,
    0x7E, 0x1F, 0xC7, 0xFF, 0xFF, 0xFF, 0xFF, 0x80, 0xE0, 0x38, 0x0E, 0x00, 0x0F, 0xC3, 0xFF, 0x7F,
    0xFF, 0xE7, 0xFE, 0x7F, 0xE7, 0xFE, 0x7F, 0xE7, 0x7E, 0x70, 0xE7, 0x0E, 0x70, 0xE7, 0x0E, 0x70,
    0xE7, 0x0E, 0x70, 0xE7, 0x0E, 0x70, 0xE7, 0x0E, 0x70, 0x6F, 0xF6, 0x31, 0x8F, 0xEE, 0x00, 0x1B,
    0xFE, 0xB1, 0x8C, 0x63, 0x18, 0x3C, 0x7E, 0xE7, 0xC3, 0xC3, 0xE7, 0x7E, 0x3C, 0x41, 0x1C, 0x73,
    0xCE, 0x39, 0xE7, 0x9E, 0xE7, 0xBC, 0xE7, 0x1C, 0x41, 0x00, 0x38, 0x38, 0x1E, 0x0E, 0x0F, 0x87,
    0x03, 0x61, 0xC0, 0x18, 0xE0, 0x06, 0x38, 0x01, 0x9C, 0x38, 0x67, 0x1E, 0x1B, 0x8D, 0x80, 0xEC,
    0x60, 0x73, 0xFC, 0x1C, 0xFF, 0x0E, 0x01, 0x83, 0x80, 0x61, 0xC0, 0x00, 0x38, 0x38, 0x3C, 0x38,
    0x3E, 0x1C, 0x1B, 0x1C, 0x01, 0x8E, 0x00, 0xCE, 0x00, 0x67, 0x7C, 0x37, 0x7F, 0x1B, 0x81, 0x83,
    0x81, 0xC1, 0x81, 0xC1, 0xC1, 0x80, 0xC3, 0x00, 0xE1, 0xFC, 0x60, 0xFE, 0x7C, 0x0E, 0x0F, 0xC3,
    0x80, 0x18, 0x70, 0x1F, 0x1C, 0x03, 0xE3, 0x80, 0x0C, 0xE0, 0x01, 0x9C, 0x77, 0xF7, 0x1E, 0xFC,
    0xE6, 0xC0, 0x3B, 0x18, 0x07, 0x7F, 0x81, 0xCF, 0xF0, 0x30, 0x0C, 0x0E, 0x01, 0x81, 0x80, 0x00,
    0x0C, 0x0F, 0x07, 0x81, 0x80, 0x00, 0x70, 0x38, 0x38, 0x38, 0x38, 0x38, 0x1C, 0x2F, 0xFB, 0xFC,
    0xFC, 0x02, 0x00, 0x0C, 0x00, 0x1C, 0x00, 0x1C, 0x00, 0x18, 0x00, 0x00, 0x01, 0xF0, 0x03, 0xE0,
    0x0F, 0xE0, 0x1D, 0xC0, 0x3B, 0x80, 0xF7, 0x81, 0xC7, 0x03, 0x8E, 0x0F, 0x1E, 0x1F, 0xFC, 0x7F,
    0xFC, 0xFF, 0xF9, 0xC0, 0x77, 0x80, 0xFE, 0x00, 0xE0, 0x00, 0x80, 0x03, 0x00, 0x0E, 0x00, 0x38,
    0x00, 0x60, 0x00, 0x00, 0x01, 0xF0, 0x03, 0xE0, 0x0F, 0xE0, 0x1D, 0xC0, 0x3B, 0x80, 0xF7, 0x81,
    0xC7, 0x03, 0x8E, 0x0F, 0x1E, 0x1F, 0xFC, 0x7F, 0xFC, 0xFF, 0xF9, 0xC0, 0x77, 0x80, 0xFE, 0x00,
    0xE0, 0x01, 0x00, 0x07, 0x00, 0x1F, 0x00, 0x77, 0x00, 0x42, 0x00, 0x00, 0x01, 0xF0, 0x03, 0xE0,
    0x0F, 0xE0, 0x1D, 0xC0, 0x3B, 0x80, 0xF7, 0x81, 0xC7, 0x03, 0x8E, 0x0F, 0x1E, 0x1F, 0xFC, 0x7F,
    0xFC, 0xFF, 0xF9, 0xC0, 0x77, 0x80, 0xFE, 0x00, 0xE0, 0x07, 0x20, 0x1F, 0xC0, 0x23, 0x80, 0x00,
    0x00, 0x7C, 0x00, 0xF8, 0x03, 0xF8, 0x07, 0x70, 0x0E, 0xE0, 0x3D, 0xE0, 0x71, 0xC0, 0xE3, 0x83,
    0xC7, 0x87, 0xFF, 0x1F, 0xFF, 0x3F, 0xFE, 0x70, 0x1D, 0xE0, 0x3F, 0x80, 0x38, 0x0C, 0xC0, 0x1D,
    0xC0, 0x33, 0x00, 0x00, 0x00, 0x7C, 0x00, 0xF8, 0x03, 0xF8, 0x07, 0x70, 0x0E, 0xE0, 0x3D, 0xE0,
    0x71, 0xC0, 0xE3, 0x83, 0xC7, 0x87, 0xFF, 0x1F, 0xFF, 0x3F, 0xFE, 0x70, 0x1D, 0xE0, 0x3F, 0x80,
    0x38, 0x03, 0x80, 0x0D, 0x80, 0x1B, 0x00, 0x3E, 0x00, 0x7C, 0x00, 0xF8, 0x03, 0xF8, 0x07, 0x70,
    0x0E, 0xE0, 0x3D, 0xE0, 0x71, 0xC1, 0xE3, 0x83, 0xC7, 0x87, 0xFF, 0x1F, 0xFF, 0x3F, 0xFE, 0x70,
    0x1D, 0xE0, 0x3F, 0x80, 0x38, 0x00, 0xFF, 0xF0, 0x1F, 0xFF, 0x01, 0xFF, 0xF0, 0x3F, 0x80, 0x03,
    0xB8, 0x00, 0x7B, 0x80, 0x07, 0x3F, 0xE0, 0xF3, 0xFE, 0x0E, 0x3F, 0xE1, 0xFF, 0x80, 0x3F, 0xF8,
    0x03, 0xFF, 0x80, 0x78, 0x3F, 0xF7, 0x03, 0xFF, 0xF0, 0x3F, 0xF0, 0x0F, 0xE1, 0xFF, 0x3F, 0xF7,
    0x82, 0xF0, 0x0E, 0x00, 0xE0, 0x0E, 0x00, 0xE0, 0x0E, 0x00, 0xF0, 0x07, 0x82, 0x7F, 0xF3, 0xFF,
    0x0F, 0xE0, 0x70, 0x03, 0x80, 0x18, 0x07, 0x80, 0x70, 0x08, 0x06, 0x01, 0xC0, 0x38, 0x02, 0x00,
    0x0F, 0xFF, 0xFF, 0xFF, 0xF8, 0x0E, 0x03, 0x80, 0xFF, 0xBF, 0xEF, 0xFB, 0x80, 0xE0, 0x38, 0x0F,
    0xFF, 0xFF, 0xFF, 0xC0, 0x02, 0x01, 0x80, 0xE0, 0x70, 0x08, 0x00, 0x0F, 0xFF, 0xFF, 0xFF, 0xF8,
    0x0E, 0x03, 0x80, 0xFF, 0xBF, 0xEF, 0xFB, 0x80, 0xE0, 0x38, 0x0F, 0xFF, 0xFF, 0xFF, 0xC0, 0x08,
    0x07, 0x83, 0xF0, 0xCC, 0x21, 0x00, 0x0F, 0xFF, 0xFF, 0xFF, 0xF8, 0x0E, 0x03, 0x80, 0xFF, 0xBF,
    0xEF, 0xFB, 0x80, 0xE0, 0x38, 0x0F, 0xFF, 0xFF, 0xFF, 0xC0, 0x77, 0x1D, 0xC7, 0x70, 0x00, 0xFF,
    0xFF, 0xFF, 0xFF, 0x80, 0xE0, 0x38, 0x0F, 0xFB, 0xFE, 0xFF, 0xB8, 0x0E, 0x03, 0x80, 0xFF, 0xFF,
    0xFF, 0xFC, 0x43, 0x1C, 0x71, 0x81, 0xCE, 0x73, 0x9C, 0xE7, 0x39, 0xCE, 0x73, 0x9C, 0xE7, 0x00,
    0x10, 0x63, 0x9C, 0x60, 0x07, 0x1C, 0x71, 0xC7, 0x1C, 0x71, 0xC7, 0x1C, 0x71, 0xC7, 0x1C, 0x70,
    0x10, 0x71, 0xF7, 0x74, 0x40, 0x0E, 0x1C, 0x38, 0x70, 0xE1, 0xC3, 0x87, 0x0E, 0x1C, 0x38, 0x70,
    0xE1, 0xC3, 0x80, 0xCD, 0xDF, 0x30, 0x03, 0x87, 0x0E, 0x1C, 0x38, 0x70, 0xE1, 0xC3, 0x87, 0x0E,
    0x1C, 0x38, 0x70, 0xE0, 0x3F, 0xC0, 0xFF, 0xC3, 0xFF, 0x8E, 0x1E, 0x38, 0x3C, 0xE0, 0x7F, 0xF1,
    0xFF, 0xC7, 0x38, 0x1C, 0xE0, 0x73, 0x83, 0xCE, 0x1E, 0x3F, 0xF0, 0xFF, 0x83, 0xFC, 0x00, 0x1C,
    0x83, 0xFC, 0x13, 0x80, 0x00, 0xE0, 0x7F, 0x07, 0xF8, 0x7F, 0x87, 0xFC, 0x7F, 0xE7, 0xEE, 0x7E,
    0x77, 0xE3, 0xFE, 0x3F, 0xE1, 0xFE, 0x0F, 0xE0, 0xFE, 0x07, 0xE0, 0x70, 0x02, 0x00, 0x06, 0x00,
    0x0E, 0x00, 0x0E, 0x00, 0x0C, 0x00, 0x00, 0x01, 0xF0, 0x0F, 0xF8, 0x3F, 0xF8, 0xF0, 0x79, 0xC0,
    0x7F, 0x00, 0x7E, 0x00, 0xFC, 0x01, 0xF8, 0x03, 0xF0, 0x07, 0xF0, 0x1E, 0xF0, 0x78, 0xFF, 0xE0,
    0xFF, 0x80, 0x7E, 0x00, 0x00, 0x80, 0x01, 0x80, 0x07, 0x00, 0x1C, 0x00, 0x20, 0x00, 0x00, 0x01,
    0xF0, 0x0F, 0xF8, 0x3F, 0xF8, 0xF0, 0x79, 0xC0, 0x7F, 0x00, 0x7E, 0x00, 0xFC, 0x01, 0xF8, 0x03,
    0xF0, 0x07, 0xF0, 0x1E, 0xF0, 0x78, 0xFF, 0xE0, 0xFF, 0x80, 0x7E, 0x00, 0x01, 0x00, 0x07, 0x00,
    0x1F, 0x00, 0x77, 0x00, 0x44, 0x00, 0x00, 0x01, 0xF0, 0x0F, 0xF8, 0x3F, 0xF8, 0xF0, 0x79, 0xC0,
    0x7F, 0x00, 0x7E, 0x00, 0xFC, 0x01, 0xF8, 0x03, 0xF0, 0x07, 0xF0, 0x1E, 0xF0, 0x78, 0xFF, 0xE0,
    0xFF, 0x80, 0x7E, 0x00, 0x06, 0x20, 0x1F, 0xC0, 0x27, 0x00, 0x00, 0x00, 0x7C, 0x03, 0xFE, 0x0F,
    0xFE, 0x3C, 0x1E, 0x70, 0x1F, 0xC0, 0x1F, 0x80, 0x3F, 0x00, 0x7E, 0x00, 0xFC, 0x01, 0xFC, 0x07,
    0xBC, 0x1E, 0x3F, 0xF8, 0x3F, 0xE0, 0x1F, 0x80, 0x0C, 0xC0, 0x1D, 0xC0, 0x33, 0x00, 0x00, 0x00,
    0x7C, 0x03, 0xFE, 0x0F, 0xFE, 0x3C, 0x1E, 0x70, 0x1F, 0xC0, 0x1F, 0x80, 0x3F, 0x00, 0x7E, 0x00,
    0xFC, 0x01, 0xFC, 0x07, 0xBC, 0x1E, 0x3F, 0xF8, 0x3F, 0xE0, 0x1F, 0x80, 0x40, 0xBC, 0xF7, 0xF8,
    0xFC, 0x1E, 0x0F, 0xC7, 0xFB, 0xCF, 0x40, 0x80, 0x00, 0x00, 0x0F, 0x98, 0x7F, 0xF1, 0xFF, 0xC7,
    0x87, 0xCE, 0x1F, 0xF8, 0x3F, 0xF0, 0xE7, 0xE3, 0x8F, 0xCE, 0x1F, 0xF8, 0x3F, 0xE0, 0xF7, 0xC3,
    0xC7, 0xFF, 0x1F, 0xFC, 0x37, 0xF0, 0x00, 0x00, 0x10, 0x07, 0x00, 0x70, 0x07, 0x00, 0x40, 0x00,
    0x38, 0x3F, 0x07, 0xE0, 0xFC, 0x1F, 0x83, 0xF0, 0x7E, 0x0F, 0xC1, 0xF8, 0x3F, 0x07, 0xE0, 0xFE,
    0x3D, 0xFF, 0x3F, 0xE1, 0xF0, 0x01, 0x00, 0x60, 0x1C, 0x07, 0x00, 0x40, 0x00, 0x38, 0x3F, 0x07,
    0xE0, 0xFC, 0x1F, 0x83, 0xF0, 0x7E, 0x0F, 0xC1, 0xF8, 0x3F, 0x07, 0xE0, 0xFE, 0x3D, 0xFF, 0x3F,
    0xE1, 0xF0, 0x04, 0x01, 0xC0, 0x7C, 0x1D, 0xC1, 0x10, 0x00, 0x38, 0x3F, 0x07, 0xE0, 0xFC, 0x1F,
    0x83, 0xF0, 0x7E, 0x0F, 0xC1, 0xF8, 0x3F, 0x07, 0xE0, 0xFE, 0x3D, 0xFF, 0x3F, 0xE1, 0xF0, 0x33,
    0x07, 0x70, 0xCC, 0x00, 0x0E, 0x0F, 0xC1, 0xF8, 0x3F, 0x07, 0xE0, 0xFC, 0x1F, 0x83, 0xF0, 0x7E,
    0x0F, 0xC1, 0xF8, 0x3F, 0x8F, 0x7F, 0xCF, 0xF8, 0x7C, 0x00, 0x01, 0x00, 0x0C, 0x00, 0xE0, 0x0E,
    0x00, 0x60, 0x00, 0x03, 0xC1, 0xEE, 0x0E, 0x78, 0xF1, 0xC7, 0x0F, 0x78, 0x3B, 0x81, 0xFC, 0x07,
    0xC0, 0x1C, 0x00, 0xE0, 0x07, 0x00, 0x38, 0x01, 0xC0, 0x0E, 0x00, 0x70, 0x00, 0xE0, 0x1C, 0x03,
    0xFC, 0x7F, 0xEF, 0xFD, 0xC3, 0xF8, 0x3F, 0x07, 0xE1, 0xFF, 0xFB, 0xFF, 0x7F, 0x8E, 0x01, 0xC0,
    0x38, 0x00, 0x1F, 0x07, 0xF8, 0x7F, 0xCF, 0x1C, 0xE1, 0xCE, 0x3C, 0xE3, 0x8E, 0x70, 0xE7, 0x8E,
    0x7C, 0xE1, 0xEE, 0x07, 0xE0, 0x7E, 0x7F, 0xE7, 0xEE, 0x7C, 0x08, 0x06, 0x01, 0xC0, 0x38, 0x06,
    0x00, 0x07, 0xF1, 0xFE, 0x7F, 0xC0, 0x73, 0xFD, 0xFF, 0xE1, 0xF8, 0x7F, 0xFD, 0xFF, 0x3F, 0xC0,
    0x02, 0x01, 0xC0, 0xE0, 0x70, 0x08, 0x00, 0x07, 0xF1, 0xFE, 0x7F, 0xC0, 0x73, 0xFD, 0xFF, 0xE1,
    0xF8, 0x7F, 0xFD, 0xFF, 0x3F, 0xC0, 0x08, 0x07, 0x03, 0xE1, 0xDC, 0x22, 0x00, 0x07, 0xF1, 0xFE,
    0x7F, 0xC0, 0x73, 0xFD, 0xFF, 0xE1, 0xF8, 0x7F, 0xFD, 0xFF, 0x3F, 0xC0, 0x39, 0x1F, 0xC6, 0x70,
    0x00, 0x00, 0x1F, 0xC7, 0xF9, 0xFF, 0x01, 0xCF, 0xF7, 0xFF, 0x87, 0xE1, 0xFF, 0xF7, 0xFC, 0xFF,
    0x3B, 0x8E, 0xE3, 0xB8, 0x00, 0x00, 0x1F, 0xC7, 0xF9, 0xFF, 0x01, 0xCF, 0xF7, 0xFF, 0x87, 0xE1,
    0xFF, 0xF7, 0xFC, 0xFF, 0x0E, 0x07, 0xC3, 0xB0, 0xEC, 0x1F, 0x03, 0x80, 0x01, 0xFC, 0x7F, 0x9F,
    0xF0, 0x1C, 0xFF, 0x7F, 0xF8, 0x7E, 0x1F, 0xFF, 0x7F, 0xCF, 0xF0, 0x7E, 0x7C, 0x7F, 0xFE, 0x7F,
    0xFF, 0x03, 0x87, 0x3F, 0xFF, 0x7F, 0xFF, 0xE3, 0x80, 0xE3, 0xC0, 0xFF, 0xFE, 0x7F, 0xFE, 0x3E,
    0x7E, 0x1F, 0x1F, 0xDF, 0xDE, 0x0E, 0x07, 0x03, 0x81, 0xE0, 0x7F, 0x9F, 0xC3, 0xE3, 0x80, 0x60,
    0xF0, 0xF0, 0x10, 0x0E, 0x01, 0xC0, 0x38, 0x04, 0x00, 0x01, 0xF1, 0xFE, 0x7F, 0xF8, 0x7F, 0xFF,
    0xFF, 0xE0, 0x3C, 0x27, 0xF9, 0xFE, 0x1F, 0x80, 0x04, 0x01, 0x80, 0xE0, 0x70, 0x10, 0x00, 0x01,
    0xF1, 0xFE, 0x7F, 0xF8, 0x7F, 0xFF, 0xFF, 0xE0, 0x3C, 0x27, 0xF9, 0xFE, 0x1F, 0x80, 0x04, 0x03,
    0x81, 0xF0, 0xEE, 0x11, 0x00, 0x01, 0xF1, 0xFE, 0x7F, 0xF8, 0x7F, 0xFF, 0xFF, 0xE0, 0x3C, 0x27,
    0xF9, 0xFE, 0x1F, 0x80, 0x33, 0x0E, 0xE3, 0x30, 0x00, 0x00, 0x07, 0xC7, 0xF9, 0xFF, 0xE1, 0xFF,
    0xFF, 0xFF, 0x80, 0xF0, 0x9F, 0xE7, 0xF8, 0x7E, 0x47, 0x1C, 0x71, 0x01, 0xCE, 0x73, 0x9C, 0xE7,
    0x39, 0xCE, 0x70, 0x11, 0xCE, 0xE4, 0x01, 0xCE, 0x73, 0x9C, 0xE7, 0x39, 0xCE, 0x70, 0x10, 0x71,
    0xF7, 0x74, 0x40, 0x0E, 0x1C, 0x38, 0x70, 0xE1, 0xC3, 0x87, 0x0E, 0x1C, 0x38, 0x67, 0xDD, 0x98,
    0x00, 0x07, 0x0E, 0x1C, 0x38, 0x70, 0xE1, 0xC3, 0x87, 0x0E, 0x1C, 0x06, 0x01, 0xFC, 0x1F, 0x87,
    0xE0, 0x9C, 0x03, 0x87, 0xFB, 0xFF, 0x7F, 0xFE, 0x1F, 0x83, 0xF0, 0x7F, 0x1C, 0xFF, 0x9F, 0xE0,
    0xF8, 0x39, 0x8F, 0xE2, 0x70, 0x00, 0x00, 0x3F, 0xCF, 0xFB, 0xFF, 0xE3, 0xF8, 0x7E, 0x1F, 0x87,
    0xE1, 0xF8, 0x7E, 0x1F, 0x87, 0x10, 0x03, 0x00, 0x70, 0x07, 0x00, 0x60, 0x00, 0x07, 0xC1, 0xFC,
    0x7F, 0xDE, 0x3F, 0x83, 0xF0, 0x7E, 0x0F, 0xE3, 0xDF, 0xF1, 0xFC, 0x1F, 0x00, 0x02, 0x00, 0x60,
    0x1C, 0x07, 0x00, 0xC0, 0x00, 0x07, 0xC1, 0xFC, 0x7F, 0xDE, 0x3F, 0x83, 0xF0, 0x7E, 0x0F, 0xE3,
    0xDF, 0xF1, 0xFC, 0x1F, 0x00, 0x04, 0x01, 0xC0, 0x7C, 0x1D, 0xC1, 0x10, 0x00, 0x07, 0xC1, 0xFC,
    0x7F, 0xDE, 0x3F, 0x83, 0xF0, 0x7E, 0x0F, 0xE3, 0xDF, 0xF1, 0xFC, 0x1F, 0x00, 0x18, 0x87, 0xF0,
    0x9C, 0x00, 0x00, 0x00, 0x3E, 0x0F, 0xE3, 0xFE, 0xF1, 0xFC, 0x1F, 0x83, 0xF0, 0x7F, 0x1E, 0xFF,
    0x8F, 0xE0, 0xF8, 0x33, 0x07, 0x70, 0xCC, 0x00, 0x00, 0x00, 0x3E, 0x0F, 0xE3, 0xFE, 0xF1, 0xFC,
    0x1F, 0x83, 0xF0, 0x7F, 0x1E, 0xFF, 0x8F, 0xE0, 0xF8, 0x0C, 0x07, 0x81, 0xE0, 0x30, 0x00, 0x3F,
    0xFF, 0xFF, 0xFF, 0x00, 0x03, 0x01, 0xE0, 0x78, 0x0C, 0x00, 0x00, 0x03, 0xFC, 0xFF, 0x3F, 0xEF,
    0x3F, 0xCD, 0xFB, 0xBF, 0xE7, 0xF9, 0xEF, 0xF9, 0xFE, 0x7F, 0x80, 0x00, 0x10, 0x0E, 0x03, 0x80,
    0x70, 0x04, 0x00, 0x0E, 0x1F, 0x87, 0xE1, 0xF8, 0x7E, 0x1F, 0x87, 0xE1, 0xFC, 0x7F, 0xFD, 0xFF,
    0x3F, 0xC0, 0x04, 0x01, 0x80, 0xE0, 0x70, 0x10, 0x00, 0x0E, 0x1F, 0x87, 0xE1, 0xF8, 0x7E, 0x1F,
    0x87, 0xE1, 0xFC, 0x7F, 0xFD, 0xFF, 0x3F, 0xC0, 0x04, 0x03, 0x81, 0xF0, 0xEE, 0x11, 0x00, 0x0E,
    0x1F, 0x87, 0xE1, 0xF8, 0x7E, 0x1F, 0x87, 0xE1, 0xFC, 0x7F, 0xFD, 0xFF, 0x3F, 0xC0, 0x33, 0x0E,
    0xE3, 0x30, 0x00, 0x00, 0x38, 0x7E, 0x1F, 0x87, 0xE1, 0xF8, 0x7E, 0x1F, 0x87, 0xF1, 0xFF, 0xF7,
    0xFC, 0xFF, 0x01, 0x00, 0x60, 0x1C, 0x07, 0x00, 0xC0, 0x00, 0x38, 0x3F, 0x8F, 0x71, 0xCE, 0x39,
    0xE7, 0x1D, 0xC3, 0xB8, 0x7E, 0x07, 0xC0, 0xF8, 0x0E, 0x03, 0xC3, 0xF0, 0x7E, 0x0F, 0x80, 0xE0,
    0x1C, 0x03, 0x80, 0x70, 0x0E, 0x01, 0xFE, 0x3F, 0xE7, 0xFE, 0xE1, 0xFC, 0x1F, 0x83, 0xF0, 0x7E,
    0x1F, 0xFF, 0xBF, 0xF7, 0xF8, 0xE0, 0x1C, 0x03, 0x80, 0x70, 0x00, 0x19, 0x87, 0x70, 0x66, 0x00,
    0x00, 0x01, 0xC1, 0xFC, 0x7B, 0x8E, 0x71, 0xCF, 0x38, 0xEE, 0x1D, 0xC3, 0xF0, 0x3E, 0x07, 0xC0,
    0x70, 0x1E, 0x1F, 0x83, 0xF0, 0x7C, 0x00, 0x0F, 0xE0, 0x1F, 0xC0, 0x00, 0x00, 0x3E, 0x00, 0x7C,
    0x01, 0xFC, 0x03, 0xB8, 0x07, 0x70, 0x1E, 0xF0, 0x38, 0xE0, 0x71, 0xC1, 0xE3, 0xC3, 0xFF, 0x8F,
    0xFF, 0x9F, 0xFF, 0x38, 0x0E, 0xF0, 0x1F, 0xC0, 0x1C, 0x3F, 0x8F, 0xE0, 0x00, 0x00, 0x7F, 0x1F,
    0xE7, 0xFC, 0x07, 0x3F, 0xDF, 0xFE, 0x1F, 0x87, 0xFF, 0xDF, 0xF3, 0xFC, 0x0E, 0x60, 0x0F, 0xC0,
    0x0F, 0x00, 0x00, 0x00, 0x7C, 0x00, 0xF8, 0x03, 0xF8, 0x07, 0x70, 0x0E, 0xE0, 0x3D, 0xE0, 0x71,
    0xC0, 0xE3, 0x83, 0xC7, 0x87, 0xFF, 0x1F, 0xFF, 0x3F, 0xFE, 0x70, 0x1D, 0xE0, 0x3F, 0x80, 0x38,
    0x33, 0x0F, 0xC1, 0xE0, 0x00, 0x00, 0x1F, 0xC7, 0xF9, 0xFF, 0x01, 0xCF, 0xF7, 0xFF, 0x87, 0xE1,
    0xFF, 0xF7, 0xFC, 0xFF, 0x07, 0xC0, 0x0F, 0x80, 0x3F, 0x80, 0x77, 0x00, 0xEE, 0x03, 0xDE, 0x07,
    0x1C, 0x1E, 0x3C, 0x3C, 0x78, 0x7F, 0xF1, 0xFF, 0xF3, 0xFF, 0xE7, 0x01, 0xDE, 0x03, 0xF8, 0x03,
    0x80, 0x0E, 0x00, 0x18, 0x00, 0x70, 0x00, 0xF8, 0x00, 0xF0, 0x7F, 0x1F, 0xE7, 0xFC, 0x07, 0x3F,
    0xDF, 0xFE, 0x1F, 0x87, 0xFF, 0xDF, 0xF3, 0xFC, 0x0E, 0x07, 0x01, 0xF0, 0x3C, 0x01, 0x00, 0x18,
    0x03, 0x80, 0x70, 0x06, 0x00, 0x00, 0x0F, 0xE1, 0xFF, 0x3F, 0xF7, 0x82, 0xF0, 0x0E, 0x00, 0xE0,
    0x0E, 0x00, 0xE0, 0x0E, 0x00, 0xF0, 0x07, 0x82, 0x7F, 0xF3, 0xFF, 0x0F, 0xE0, 0x01, 0x01, 0x81,
    0xC1, 0xC0, 0xC0, 0x00, 0x7E, 0x7F, 0x7F, 0xF8, 0x38, 0x1C, 0x0E, 0x07, 0x81, 0xFE, 0xFF, 0x1F,
    0x80, 0x01, 0x00, 0x38, 0x07, 0xC0, 0xEE, 0x04, 0x40, 0x00, 0x0F, 0xE1, 0xFF, 0x3F, 0xF7, 0x82,
    0xF0, 0x0E, 0x00, 0xE0, 0x0E, 0x00, 0xE0, 0x0E, 0x00, 0xF0, 0x07, 0x82, 0x7F, 0xF3, 0xFF, 0x0F,
    0xE0, 0x04, 0x07, 0x07, 0xC7, 0x71, 0x10, 0x00, 0x7E, 0x7F, 0x7F, 0xF8, 0x38, 0x1C, 0x0E, 0x07,
    0x81, 0xFE, 0xFF, 0x1F, 0x80, 0x03, 0x00, 0x38, 0x03, 0x00, 0x00, 0x0F, 0xE1, 0xFF, 0x3F, 0xF7,
    0x82, 0xF0, 0x0E, 0x00, 0xE0, 0x0E, 0x00, 0xE0, 0x0E, 0x00, 0xF0, 0x07, 0x82, 0x7F, 0xF3, 0xFF,
    0x0F, 0xE0, 0x0C, 0x07, 0x03, 0x00, 0x00, 0x00, 0xFC, 0xFE, 0xFF, 0xF0, 0x70, 0x38, 0x1C, 0x0F,
    0x03, 0xFD, 0xFE, 0x3F, 0x04, 0x40, 0xEE, 0x07, 0xC0, 0x38, 0x01, 0x00, 0x00, 0x0F, 0xE1, 0xFF,
    0x3F, 0xF7, 0x82, 0xF0, 0x0E, 0x00, 0xE0, 0x0E, 0x00, 0xE0, 0x0E, 0x00, 0xF0, 0x07, 0x82, 0x7F,
    0xF3, 0xFF, 0x0F, 0xE0, 0x11, 0x1D, 0xC7, 0xC1, 0xC0, 0x40, 0x00, 0x7E, 0x7F, 0x7F, 0xF8, 0x38,
    0x1C, 0x0E, 0x07, 0x81, 0xFE, 0xFF, 0x1F, 0x80, 0x11, 0x03, 0xB8, 0x1F, 0x00, 0xE0, 0x04, 0x00,
    0x00, 0xFF, 0x0F, 0xFC, 0xFF, 0xEE, 0x1E, 0xE0, 0xFE, 0x07, 0xE0, 0x7E, 0x07, 0xE0, 0x7E, 0x07,
    0xE0, 0xFE, 0x1E, 0xFF, 0xCF, 0xF8, 0xFF, 0x00, 0x00, 0xEE, 0x01, 0xDC, 0x03, 0xB0, 0x07, 0x60,
    0x0E, 0xC3, 0xFC, 0x1F, 0xF8, 0x3F, 0xF0, 0xF0, 0xE1, 0xC1, 0xC3, 0x83, 0x87, 0x07, 0x0F, 0x0E,
    0x0F, 0xFC, 0x0F, 0xF8, 0x0F, 0xF0, 0x3F, 0xC0, 0xFF, 0xC3, 0xFF, 0x8E, 0x1E, 0x38, 0x3C, 0xE0,
    0x7F, 0xF1, 0xFF, 0xC7, 0x38, 0x1C, 0xE0, 0x73, 0x83, 0xCE, 0x1E, 0x3F, 0xF0, 0xFF, 0x83, 0xFC,
    0x00, 0x00, 0xE0, 0x7F, 0x07, 0xF0, 0x0E, 0x00, 0xE1, 0xFE, 0x7F, 0xE7, 0xFE, 0xF0, 0xEE, 0x0E,
    0xE0, 0xEE, 0x0E, 0xF0, 0xE7, 0xFE, 0x3F, 0xE1, 0xFE, 0x3F, 0x8F, 0xE0, 0x03, 0xFF, 0xFF, 0xFF,
    0xFE, 0x03, 0x80, 0xE0, 0x3F, 0xEF, 0xFB, 0xFE, 0xE0, 0x38, 0x0E, 0x03, 0xFF, 0xFF, 0xFF, 0xF0,
    0x7F, 0x1F, 0xC0, 0x00, 0x00, 0x1F, 0x1F, 0xE7, 0xFF, 0x87, 0xFF, 0xFF, 0xFE, 0x03, 0xC2, 0x7F,
    0x9F, 0xE1, 0xF8, 0x73, 0x0F, 0xC1, 0xE0, 0x00, 0xFF, 0xFF, 0xFF, 0xFF, 0x80, 0xE0, 0x38, 0x0F,
    0xFB, 0xFE, 0xFF, 0xB8, 0x0E, 0x03, 0x80, 0xFF, 0xFF, 0xFF, 0xFC, 0x31, 0x8F, 0xC1, 0xE0, 0x00,
    0x00, 0x07, 0xC7, 0xF9, 0xFF, 0xE1, 0xFF, 0xFF, 0xFF, 0x80, 0xF0, 0x9F, 0xE7, 0xF8, 0x7E, 0x0C,
    0x07, 0x00, 0xC0, 0x00, 0xFF, 0xFF, 0xFF, 0xFF, 0x80, 0xE0, 0x38, 0x0F, 0xFB, 0xFE, 0xFF, 0xB8,
    0x0E, 0x03, 0x80, 0xFF, 0xFF, 0xFF, 0xFC, 0x0C, 0x03, 0x80, 0xC0, 0x00, 0x00, 0x07, 0xC7, 0xF9,
    0xFF, 0xE1, 0xFF, 0xFF, 0xFF, 0x80, 0xF0, 0x9F, 0xE7, 0xF8, 0x7E, 0xFF, 0xFF, 0xFF, 0xFF, 0x80,
    0xE0, 0x38, 0x0F, 0xFB, 0xFE, 0xFF, 0xB8, 0x0E, 0x03, 0x80, 0xFF, 0xFF, 0xFF, 0xFC, 0x0F, 0x03,
    0x01, 0xC0, 0x7C, 0x0F, 0x1F, 0x1F, 0xE7, 0xFF, 0x87, 0xFF, 0xFF, 0xFE, 0x03, 0xC2, 0x7F, 0x9F,
    0xE3, 0xF8, 0x1C, 0x0E, 0x03, 0xE0, 0x78, 0x21, 0x0C, 0xC3, 0xF0, 0x78, 0x08, 0x00, 0x0F, 0xFF,
    0xFF, 0xFF, 0xF8, 0x0E, 0x03, 0x80, 0xFF, 0xBF, 0xEF, 0xFB, 0x80, 0xE0, 0x38, 0x0F, 0xFF, 0xFF,
    0xFF, 0xC0, 0x11, 0x0E, 0xE1, 0xF0, 0x38, 0x04, 0x00, 0x01, 0xF1, 0xFE, 0x7F, 0xF8, 0x7F, 0xFF,
    0xFF, 0xE0, 0x3C, 0x27, 0xF9, 0xFE, 0x1F, 0x80, 0x02, 0x00, 0x70, 0x0F, 0x81, 0xDC, 0x08, 0x80,
    0x00, 0x0F, 0xE1, 0xFF, 0x3F, 0xF7, 0x82, 0xF0, 0x0E, 0x00, 0xE0, 0x0E, 0x07, 0xE0, 0x7E, 0x07,
    0xF0, 0x77, 0x87, 0x7F, 0xF3, 0xFF, 0x0F, 0xE0, 0x18, 0x0F, 0x07, 0xE1, 0x98, 0x42, 0x00, 0x01,
    0xFD, 0xFF, 0x7F, 0xFC, 0x7E, 0x1F, 0x87, 0xF1, 0xFF, 0xF7, 0xFC, 0xFF, 0x01, 0xC0, 0xF7, 0xF9,
    0xFE, 0x7E, 0x00, 0x0C, 0x60, 0xFC, 0x07, 0x80, 0x00, 0x0F, 0xE1, 0xFF, 0x3F, 0xF7, 0x82, 0xF0,
    0x0E, 0x00, 0xE0, 0x0E, 0x07, 0xE0, 0x7E, 0x07, 0xF0, 0x77, 0x87, 0x7F, 0xF3, 0xFF, 0x0F, 0xE0,
    0x1C, 0xC3, 0xF0, 0x78, 0x00, 0x00, 0x07, 0xF7, 0xFD, 0xFF, 0xF1, 0xF8, 0x7E, 0x1F, 0xC7, 0xFF,
    0xDF, 0xF3, 0xFC, 0x07, 0x03, 0xDF, 0xE7, 0xF9, 0xF8, 0x03, 0x00, 0x38, 0x03, 0x00, 0x00, 0x0F,
    0xE1, 0xFF, 0x3F, 0xF7, 0x82, 0xF0, 0x0E, 0x00, 0xE0, 0x0E, 0x07, 0xE0, 0x7E, 0x07, 0xF0, 0x77,
    0x87, 0x7F, 0xF3, 0xFF, 0x0F, 0xE0, 0x18, 0x07, 0x01, 0x80, 0x00, 0x00, 0x07, 0xE7, 0xF9, 0xFE,
    0xF1, 0xB8, 0x6E, 0x1F, 0xC7, 0xFF, 0xDF, 0xF3, 0xFC, 0x07, 0x03, 0xDF, 0xE7, 0xF9, 0xF8, 0x0F,
    0xE1, 0xFF, 0x3F, 0xF7, 0x82, 0xF0, 0x0E, 0x00, 0xE0, 0x0E, 0x07, 0xE0, 0x7E, 0x07, 0xF0, 0x77,
    0x87, 0x7F, 0xF3, 0xFF, 0x0F, 0xE0, 0x00, 0x07, 0x00, 0x70, 0x0F, 0x00, 0xE0, 0x03, 0x01, 0xE0,
    0xF0, 0x38, 0x00, 0x00, 0x01, 0xFD, 0xFF, 0x7F, 0xFC, 0x7E, 0x1F, 0x87, 0xF1, 0xFF, 0xF7, 0xFC,
    0xFF, 0x01, 0xC0, 0xF7, 0xF9, 0xFE, 0x7E, 0x00, 0x04, 0x03, 0xC0, 0xFC, 0x19, 0x82, 0x10, 0x00,
    0x38, 0x3F, 0x07, 0xE0, 0xFC, 0x1F, 0x83, 0xF0, 0x7F, 0xFF, 0xFF, 0xFF, 0xFF, 0x07, 0xE0, 0xFC,
    0x1F, 0x83, 0xF0, 0x7E, 0x0E, 0x18, 0x0F, 0xC1, 0x98, 0x00, 0x07, 0x00, 0xE0, 0x1C, 0x03, 0x80,
    0x70, 0x0F, 0xF1, 0xFF, 0x3F, 0xF7, 0x1E, 0xE1, 0xDC, 0x3B, 0x87, 0x70, 0xEE, 0x1D, 0xC3, 0xB8,
    0x70, 0x38, 0x1C, 0x38, 0x1C, 0xFF, 0xFF, 0xFF, 0xFF, 0x38, 0x1C, 0x38, 0x1C, 0x3F, 0xFC, 0x3F,
    0xFC, 0x3F, 0xFC, 0x38, 0x1C, 0x38, 0x1C, 0x38, 0x1C, 0x38, 0x1C, 0x38, 0x1C, 0x38, 0x1C, 0x70,
    0x0E, 0x03, 0xF8, 0x7F, 0x07, 0x00, 0xFF, 0x1F, 0xF3, 0xFF, 0x71, 0xEE, 0x1D, 0xC3, 0xB8, 0x77,
    0x0E, 0xE1, 0xDC, 0x3B, 0x87, 0x31, 0x7F, 0x4E, 0x00, 0x1C, 0x1C, 0x1C, 0x1C, 0x1C, 0x1C, 0x1C,
    0x1C, 0x1C, 0x1C, 0x1C, 0x1C, 0x1C, 0x1C, 0x1C, 0x72, 0xFF, 0x4E, 0x00, 0x00, 0x1C, 0x1C, 0x1C,
    0x1C, 0x1C, 0x1C, 0x1C, 0x1C, 0x1C, 0x1C, 0x1C, 0xFF, 0xFC, 0x01, 0xC3, 0x87, 0x0E, 0x1C, 0x38,
    0x70, 0xE1, 0xC3, 0x87, 0x0E, 0x1C, 0x38, 0x70, 0xFF, 0xFC, 0x00, 0x03, 0x87, 0x0E, 0x1C, 0x38,
    0x70, 0xE1, 0xC3, 0x87, 0x0E, 0x00, 0xC6, 0xFC, 0xF0, 0x03, 0x87, 0x0E, 0x1C, 0x38, 0x70, 0xE1,
    0xC3, 0x87, 0x0E, 0x1C, 0x38, 0x70, 0xE0, 0xC7, 0xF9, 0xE0, 0x00, 0x07, 0x0E, 0x1C, 0x38, 0x70,
    0xE1, 0xC3, 0x87, 0x0E, 0x1C, 0x73, 0x9C, 0xE7, 0x39, 0xCE, 0x73, 0x9C, 0xE7, 0x39, 0xCE, 0xE7,
    0x3E, 0xF0, 0x73, 0x9C, 0xE0, 0x39, 0xCE, 0x73, 0x9C, 0xE7, 0x39, 0xCE, 0x77, 0x39, 0xF7, 0x80,
    0xDF, 0x0F, 0xFF, 0xFF, 0xFF, 0xFF, 0xFF, 0x80, 0xFF, 0xFF, 0xFF, 0xFF, 0x80, 0xE0, 0x1F, 0x80,
    0x7E, 0x01, 0xF8, 0x07, 0xE0, 0x1F, 0x80, 0x7E, 0x01, 0xF8, 0x07, 0xE0, 0x1F, 0x80, 0x7E, 0x03,
    0xF9, 0x0E, 0xE7, 0xFB, 0x9F, 0xCE, 0x3E, 0x00, 0xE3, 0xF1, 0xF8, 0xFC, 0x70, 0x07, 0x1F, 0x8F,
    0xC7, 0xE3, 0xF1, 0xF8, 0xFC, 0x7E, 0x3F, 0x1F, 0x8F, 0xC7, 0x03, 0x8F, 0xC7, 0xC3, 0xC0, 0x01,
    0x00, 0x70, 0x1F, 0x07, 0x70, 0x44, 0x00, 0x00, 0xE0, 0x1C, 0x03, 0x80, 0x70, 0x0E, 0x01, 0xC0,
    0x38, 0x07, 0x00, 0xE0, 0x1C, 0x03, 0x88, 0xF1, 0xFE, 0x7F, 0x87, 0xE0, 0x08, 0x1C, 0x3E, 0x77,
    0x22, 0x00, 0x1C, 0x1C, 0x1C, 0x1C, 0x1C, 0x1C, 0x1C, 0x1C, 0x1C, 0x1C, 0x1C, 0x1C, 0xFC, 0xF8,
    0xF0, 0xE0, 0xFE, 0x1E, 0xE3, 0xCE, 0x78, 0xEF, 0x0F, 0xE0, 0xFC, 0x0F, 0xE0, 0xEE, 0x0E, 0x70,
    0xE7, 0x8E, 0x3C, 0xE1, 0xCE, 0x1E, 0xE0, 0xF0, 0x00, 0x07, 0x00, 0xF0, 0x1E, 0x01, 0xC0, 0xE0,
    0x1C, 0x03, 0x80, 0x70, 0x0E, 0x01, 0xC7, 0xB9, 0xE7, 0x78, 0xFE, 0x1F, 0x83, 0xF8, 0x77, 0x8E,
    0x79, 0xC7, 0x38, 0x77, 0x0F, 0x00, 0x03, 0x80, 0x70, 0x1E, 0x03, 0x80, 0xE3, 0xDC, 0xF3, 0xBC,
    0x7F, 0x0F, 0xC1, 0xF8, 0x3B, 0x87, 0x78, 0xE7, 0x9C, 0x7B, 0x87, 0x80, 0x10, 0x0E, 0x07, 0x03,
    0x80, 0x40, 0x00, 0x0E, 0x03, 0x80, 0xE0, 0x38, 0x0E, 0x03, 0x80, 0xE0, 0x38, 0x0E, 0x03, 0x80,
    0xE0, 0x38, 0x0F, 0xFF, 0xFF, 0xFF, 0xC0, 0x09, 0xFE, 0x80, 0x73, 0x9C, 0xE7, 0x39, 0xCE, 0x73,
    0x9C, 0xE7, 0x3F, 0xF3, 0x80, 0xE0, 0x38, 0x0E, 0x03, 0x80, 0xE0, 0x38, 0x0E, 0x03, 0x80, 0xE0,
    0x38, 0x0E, 0x03, 0x80, 0xFF, 0xFF, 0xFF, 0xFC, 0x00, 0x0E, 0x03, 0x83, 0xE0, 0xF0, 0x71, 0xC7,
    0x1C, 0x71, 0xC7, 0x1C, 0x71, 0xC7, 0x1C, 0x71, 0xF7, 0xC7, 0x00, 0xE7, 0xBC, 0xE0, 0xE0, 0x39,
    0xCE, 0x73, 0x9C, 0xE7, 0x39, 0xCE, 0x03, 0x80, 0xE0, 0x38, 0x0E, 0x03, 0x80, 0xFF, 0xFF, 0xFF,
    0xFC, 0xE7, 0xE7, 0xE7, 0xE7, 0xE7, 0xE0, 0xE0, 0xE0, 0xE0, 0xE0, 0xE0, 0xE0, 0xE0, 0xF8, 0xF8,
    0x38, 0xE0, 0x38, 0x0E, 0x03, 0x80, 0xE3, 0xB8, 0xFE, 0x3F, 0x8E, 0xE0, 0x38, 0x0E, 0x03, 0x80,
    0xFF, 0xFF, 0xFF, 0xFC, 0xE0, 0x38, 0x0E, 0x03, 0x80, 0xE0, 0x38, 0xEE, 0x3F, 0x8F, 0xE3, 0xB8,
    0x0E, 0x03, 0x80, 0xE0, 0x3E, 0x0F, 0x80, 0xE0, 0x38, 0x03, 0x80, 0x38, 0x03, 0x80, 0x3B, 0x03,
    0xF8, 0x3F, 0x07, 0xC0, 0xF8, 0x07, 0x80, 0x38, 0x03, 0x80, 0x3F, 0xF3, 0xFF, 0x3F, 0xF0, 0x38,
    0x70, 0xE1, 0xC3, 0xA7, 0xCF, 0xFC, 0xF8, 0x70, 0xE1, 0xC3, 0x87, 0xC7, 0x87, 0x01, 0x00, 0x38,
    0x07, 0x80, 0x60, 0x04, 0x00, 0x00, 0xE0, 0x7F, 0x07, 0xF8, 0x7F, 0x87, 0xFC, 0x7F, 0xE7, 0xEE,
    0x7E, 0x77, 0xE3, 0xFE, 0x3F, 0xE1, 0xFE, 0x0F, 0xE0, 0xFE, 0x07, 0xE0, 0x70, 0x04, 0x03, 0x81,
    0xE0, 0x60, 0x10, 0x00, 0x0F, 0xF3, 0xFE, 0xFF, 0xF8, 0xFE, 0x1F, 0x87, 0xE1, 0xF8, 0x7E, 0x1F,
    0x87, 0xE1, 0xC0, 0xE0, 0x7F, 0x07, 0xF8, 0x7F, 0x87, 0xFC, 0x7F, 0xE7, 0xEE, 0x7E, 0x77, 0xE3,
    0xFE, 0x3F, 0xE1, 0xFE, 0x0F, 0xE0, 0xFE, 0x07, 0xE0, 0x70, 0x00, 0x07, 0x00, 0x70, 0x0F, 0x00,
    0xE0, 0xFF, 0x3F, 0xEF, 0xFF, 0x8F, 0xE1, 0xF8, 0x7E, 0x1F, 0x87, 0xE1, 0xF8, 0x7E, 0x1C, 0x00,
    0x1C, 0x07, 0x03, 0xC0, 0xE0, 0x10, 0x81, 0x98, 0x1F, 0x80, 0xF0, 0x04, 0x00, 0x00, 0xE0, 0x7F,
    0x07, 0xF8, 0x7F, 0x87, 0xFC, 0x7F, 0xE7, 0xEE, 0x7E, 0x77, 0xE3, 0xFE, 0x3F, 0xE1, 0xFE, 0x0F,
    0xE0, 0xFE, 0x07, 0xE0, 0x70, 0x22, 0x1D, 0xC3, 0xE0, 0x70, 0x08, 0x00, 0x0F, 0xF3, 0xFE, 0xFF,
    0xF8, 0xFE, 0x1F, 0x87, 0xE1, 0xF8, 0x7E, 0x1F, 0x87, 0xE1, 0xC0, 0x70, 0x03, 0x80, 0x1C, 0x00,
    0xE0, 0x06, 0x00, 0x0F, 0xE0, 0x7F, 0xC3, 0xFE, 0x1C, 0x78, 0xE1, 0xC7, 0x0E, 0x38, 0x71, 0xC3,
    0x8E, 0x1C, 0x70, 0xE3, 0x87, 0xE0, 0x7F, 0x07, 0xF8, 0x7F, 0x87, 0xFC, 0x7F, 0xE7, 0xEE, 0x7E,
    0x77, 0xE3, 0xFE, 0x3F, 0xE1, 0xFE, 0x0F, 0xE0, 0xFE, 0x07, 0xE0, 0x70, 0x07, 0x03, 0xF0, 0x3E,
    0x03, 0xC0, 0xFF, 0x3F, 0xEF, 0xFF, 0x8F, 0xE1, 0xF8, 0x7E, 0x1F, 0x87, 0xE1, 0xF8, 0x7E, 0x1C,
    0x07, 0x01, 0xC3, 0xE0, 0xF0, 0x0F, 0xE0, 0x1F, 0xC0, 0x00, 0x00, 0x3E, 0x01, 0xFF, 0x07, 0xFF,
    0x1E, 0x0F, 0x38, 0x0F, 0xE0, 0x0F, 0xC0, 0x1F, 0x80, 0x3F, 0x00, 0x7E, 0x00, 0xFE, 0x03, 0xDE,
    0x0F, 0x1F, 0xFC, 0x1F, 0xF0, 0x0F, 0xC0, 0x3F, 0x87, 0xF0, 0x00, 0x00, 0x01, 0xF0, 0x7F, 0x1F,
    0xF7, 0x8F, 0xE0, 0xFC, 0x1F, 0x83, 0xF8, 0xF7, 0xFC, 0x7F, 0x07, 0xC0, 0x0C, 0x60, 0x1F, 0xC0,
    0x1F, 0x00, 0x00, 0x00, 0x7C, 0x03, 0xFE, 0x0F, 0xFE, 0x3C, 0x1E, 0x70, 0x1F, 0xC0, 0x1F, 0x80,
    0x3F, 0x00, 0x7E, 0x00, 0xFC, 0x01, 0xFC, 0x07, 0xBC, 0x1E, 0x3F, 0xF8, 0x3F, 0xE0, 0x1F, 0x80,
    0x31, 0x87, 0xF0, 0x7C, 0x00, 0x00, 0x00, 0x3E, 0x0F, 0xE3, 0xFE, 0xF1, 0xFC, 0x1F, 0x83, 0xF0,
    0x7F, 0x1E, 0xFF, 0x8F, 0xE0, 0xF8, 0x02, 0x20, 0x06, 0x60, 0x19, 0x80, 0x66, 0x00, 0x44, 0x00,
    0x00, 0x01, 0xF0, 0x0F, 0xF8, 0x3F, 0xF8, 0xF0, 0x79, 0xC0, 0x7F, 0x00, 0x7E, 0x00, 0xFC, 0x01,
    0xF8, 0x03, 0xF0, 0x07, 0xF0, 0x1E, 0xF0, 0x78, 0xFF, 0xE0, 0xFF, 0x80, 0x7E, 0x00, 0x08, 0x81,
    0x98, 0x66, 0x19, 0x81, 0x10, 0x00, 0x07, 0xC1, 0xFC, 0x7F, 0xDE, 0x3F, 0x83, 0xF0, 0x7E, 0x0F,
    0xE3, 0xDF, 0xF1, 0xFC, 0x1F, 0x00, 0x07, 0xFF, 0xE3, 0xFF, 0xFC, 0xFF, 0xFF, 0xBC, 0x38, 0x0F,
    0x07, 0x01, 0xC0, 0xE0, 0x38, 0x1F, 0xF7, 0x03, 0xFE, 0xE0, 0x7F, 0xDC, 0x0E, 0x03, 0xC1, 0xC0,
    0x3C, 0x38, 0x03, 0xFF, 0xFE, 0x3F, 0xFF, 0xC1, 0xFF, 0xF8, 0x1F, 0x1F, 0x0F, 0xEF, 0xE7, 0xFF,
    0xFF, 0xC7, 0x87, 0xE0, 0xFF, 0xF8, 0x3F, 0xFE, 0x0E, 0x03, 0xC7, 0xC2, 0x7F, 0xFF, 0x8F, 0xEF,
    0xE1, 0xF1, 0xF8, 0x02, 0x00, 0x70, 0x0E, 0x01, 0xC0, 0x08, 0x00, 0x00, 0xFF, 0x0F, 0xFC, 0xFF,
    0xCE, 0x1E, 0xE0, 0xEE, 0x0E, 0xE1, 0xEF, 0xFC, 0xFF, 0xCF, 0xF0, 0xE7, 0x8E, 0x3C, 0xE1, 0xCE,
    0x0E, 0xE0, 0xF0, 0x08, 0x38, 0x71, 0xC2, 0x00, 0x1F, 0xFF, 0xFF, 0xC3, 0x87, 0x0E, 0x1C, 0x38,
    0x70, 0xE0, 0xFF, 0x0F, 0xFC, 0xFF, 0xCE, 0x1E, 0xE0, 0xEE, 0x0E, 0xE1, 0xEF, 0xFC, 0xFF, 0xCF,
    0xF0, 0xE7, 0x8E, 0x3C, 0xE1, 0xCE, 0x0E, 0xE0, 0xF0, 0x00, 0x07, 0x00, 0x70, 0x0F, 0x00, 0xE0,
    0x1F, 0x9F, 0xCF, 0xE7, 0x03, 0x81, 0xC0, 0xE0, 0x70, 0x38, 0x1C, 0x0E, 0x00, 0x03, 0x81, 0xC3,
    0xE1, 0xE0, 0x21, 0x03, 0x30, 0x3F, 0x01, 0xE0, 0x0C, 0x0F, 0xF0, 0xFF, 0xCF, 0xFC, 0xE1, 0xEE,
    0x0E, 0xE0, 0xEE, 0x1E, 0xFF, 0xCF, 0xFC, 0xFF, 0x0E, 0x78, 0xE3, 0xCE, 0x1C, 0xE0, 0xEE, 0x0F,
    0x45, 0xDD, 0xF1, 0xC1, 0x00, 0x1F, 0xFF, 0xFF, 0xC3, 0x87, 0x0E, 0x1C, 0x38, 0x70, 0xE0, 0x02,
    0x01, 0x80, 0xE0, 0x70, 0x18, 0x00, 0x03, 0xF1, 0xFE, 0xFF, 0x38, 0x4E, 0x03, 0xC0, 0x7E, 0x0F,
    0xE0, 0xF8, 0x0F, 0x01, 0xD0, 0x7F, 0xFF, 0xFE, 0x7F, 0x00, 0x04, 0x0C, 0x1C, 0x38, 0x30, 0x00,
    0x3E, 0x7E, 0xFE, 0xE0, 0xFE, 0xFF, 0x7F, 0x87, 0xFF, 0xFE, 0xFC, 0x04, 0x03, 0x81, 0xF0, 0xEE,
    0x11, 0x00, 0x03, 0xF1, 0xFE, 0xFF, 0x38, 0x4E, 0x03, 0xC0, 0x7E, 0x0F, 0xE0, 0xF8, 0x0F, 0x01,
    0xD0, 0x7F, 0xFF, 0xFE, 0x7F, 0x00, 0x10, 0x38, 0x7C, 0xEE, 0x44, 0x00, 0x3E, 0x7E, 0xFE, 0xE0,
    0xFE, 0xFF, 0x7F, 0x87, 0xFF, 0xFE, 0xFC, 0x3F, 0x1F, 0xEF, 0xF3, 0x84, 0xE0, 0x3C, 0x07, 0xE0,
    0xFE, 0x0F, 0x80, 0xF0, 0x1D, 0x07, 0xFF, 0xFF, 0xE7, 0xF0, 0x30, 0x0E, 0x01, 0x81, 0xE0, 0x70,
    0x3E, 0x7E, 0xFE, 0xE0, 0xFE, 0xFF, 0x7F, 0x87, 0xFF, 0xFE, 0xFC, 0x30, 0x38, 0x18, 0x78, 0x70,
    0x11, 0x0E, 0xE1, 0xF0, 0x38, 0x04, 0x00, 0x03, 0xF1, 0xFE, 0xFF, 0x38, 0x4E, 0x03, 0xC0, 0x7E,
    0x0F, 0xE0, 0xF8, 0x0F, 0x01, 0xD0, 0x7F, 0xFF, 0xFE, 0x7F, 0x00, 0x44, 0xEE, 0x7C, 0x38, 0x10,
    0x00, 0x3E, 0x7E, 0xFE, 0xE0, 0xFE, 0xFF, 0x7F, 0x87, 0xFF, 0xFE, 0xFC, 0xFF, 0xFF, 0xFF, 0xFF,
    0x87, 0x00, 0xE0, 0x1C, 0x03, 0x80, 0x70, 0x0E, 0x01, 0xC0, 0x38, 0x07, 0x00, 0xE0, 0x1C, 0x03,
    0x80, 0x60, 0x06, 0x03, 0xC0, 0x70, 0x00, 0xE1, 0xC3, 0x87, 0xFF, 0xFF, 0xF8, 0x70, 0xE1, 0xC3,
    0x87, 0xF7, 0xE7, 0xC6, 0x06, 0x3C, 0x70, 0x11, 0x07, 0x70, 0x7C, 0x07, 0x00, 0x40, 0x00, 0x3F,
    0xFF, 0xFF, 0xFF, 0xE1, 0xC0, 0x38, 0x07, 0x00, 0xE0, 0x1C, 0x03, 0x80, 0x70, 0x0E, 0x01, 0xC0,
    0x38, 0x07, 0x00, 0xE0, 0x0E, 0x1F, 0xBF, 0x7E, 0x1F, 0xFF, 0xFF, 0xE1, 0xC3, 0x87, 0x0E, 0x1F,
    0xDF, 0x9F, 0xFF, 0xFF, 0xFF, 0xFF, 0x87, 0x00, 0xE0, 0x1C, 0x03, 0x83, 0xFE, 0x7F, 0xC1, 0xC0,
    0x38, 0x07, 0x00, 0xE0, 0x1C, 0x03, 0x80, 0xE0, 0xE0, 0xE0, 0xFE, 0xFE, 0xFE, 0xE0, 0xFF, 0xFF,
    0xE0, 0xE0, 0xFF, 0x7F, 0x3F, 0x18, 0x87, 0xF0, 0x8C, 0x00, 0x0E, 0x0F, 0xC1, 0xF8, 0x3F, 0x07,
    0xE0, 0xFC, 0x1F, 0x83, 0xF0, 0x7E, 0x0F, 0xC1, 0xF8, 0x3F, 0x8F, 0x7F, 0xCF, 0xF8, 0x7C, 0x00,
    0x39, 0x1F, 0xE2, 0x70, 0x00, 0x00, 0x38, 0x7E, 0x1F, 0x87, 0xE1, 0xF8, 0x7E, 0x1F, 0x87, 0xF1,
    0xFF, 0xF7, 0xFC, 0xFF, 0x3F, 0x87, 0xF0, 0x00, 0x70, 0x7E, 0x0F, 0xC1, 0xF8, 0x3F, 0x07, 0xE0,
    0xFC, 0x1F, 0x83, 0xF0, 0x7E, 0x0F, 0xC1, 0xFC, 0x7B, 0xFE, 0x7F, 0xC3, 0xE0, 0x7F, 0x1F, 0xC0,
    0x00, 0x00, 0xE1, 0xF8, 0x7E, 0x1F, 0x87, 0xE1, 0xF8, 0x7E, 0x1F, 0xC7, 0xFF, 0xDF, 0xF3, 0xFC,
    0x31, 0x87, 0xF0, 0x7C, 0x00, 0x0E, 0x0F, 0xC1, 0xF8, 0x3F, 0x07, 0xE0, 0xFC, 0x1F, 0x83, 0xF0,
    0x7E, 0x0F, 0xC1, 0xF8, 0x3F, 0x8F, 0x7F, 0xCF, 0xF8, 0x7C, 0x00, 0x31, 0x8F, 0xE1, 0xE0, 0x00,
    0x00, 0x38, 0x7E, 0x1F, 0x87, 0xE1, 0xF8, 0x7E, 0x1F, 0x87, 0xF1, 0xFF, 0xF7, 0xFC, 0xFF, 0x1E,
    0x07, 0xE0, 0xCC, 0x19, 0x83, 0xF0, 0x3C, 0x38, 0x3F, 0x07, 0xE0, 0xFC, 0x1F, 0x83, 0xF0, 0x7E,
    0x0F, 0xC1, 0xF8, 0x3F, 0x07, 0xE0, 0xFE, 0x3D, 0xFF, 0x3F, 0xE1, 0xF0, 0x1E, 0x0F, 0x83, 0x30,
    0xCC, 0x3E, 0x07, 0x80, 0x03, 0x87, 0xE1, 0xF8, 0x7E, 0x1F, 0x87, 0xE1, 0xF8, 0x7F, 0x1F, 0xFF,
    0x7F, 0xCF, 0xF0, 0x08, 0x81, 0x98, 0x66, 0x1D, 0xC1, 0x10, 0x00, 0x38, 0x3F, 0x07, 0xE0, 0xFC,
    0x1F, 0x83, 0xF0, 0x7E, 0x0F, 0xC1, 0xF8, 0x3F, 0x07, 0xE0, 0xFE, 0x3D, 0xFF, 0x3F, 0xE1, 0xF0,
    0x08, 0x86, 0x61, 0x98, 0xCC, 0x33, 0x00, 0x0E, 0x1F, 0x87, 0xE1, 0xF8, 0x7E, 0x1F, 0x87, 0xE1,
    0xFC, 0x7F, 0xFD, 0xFF, 0x3F, 0xC0, 0xE0, 0xFC, 0x1F, 0x83, 0xF0, 0x7E, 0x0F, 0xC1, 0xF8, 0x3F,
    0x07, 0xE0, 0xFC, 0x1F, 0x83, 0xF8, 0xF7, 0xFC, 0xFF, 0x0F, 0xC0, 0x70, 0x1C, 0x03, 0xE0, 0x3C,
    0x00, 0xE1, 0xF8, 0x7E, 0x1F, 0x87, 0xE1, 0xF8, 0x7E, 0x1F, 0xC7, 0xFF, 0xDF, 0xF3, 0xFC, 0x0E,
    0x07, 0x01, 0xF0, 0x3C, 0x00, 0x40, 0x00, 0x1C, 0x00, 0x07, 0xC0, 0x01, 0xDC, 0x00, 0x11, 0x00,
    0x00, 0x00, 0x38, 0x00, 0x3F, 0x00, 0x07, 0xF0, 0xE1, 0xEE, 0x3C, 0x39, 0xC7, 0xC7, 0x38, 0xF8,
    0xE7, 0x1B, 0x1C, 0x77, 0x77, 0x0E, 0xEE, 0xE1, 0xDD, 0xDC, 0x3B, 0x9B, 0x87, 0xE3, 0xF0, 0x7C,
    0x7C, 0x0F, 0x87, 0x81, 0xE0, 0xF0, 0x00, 0x80, 0x00, 0xE0, 0x00, 0xF8, 0x00, 0xEE, 0x00, 0x22,
    0x00, 0x00, 0x03, 0x87, 0x0F, 0xC3, 0x87, 0x71, 0xC7, 0x38, 0xF3, 0x8C, 0xF9, 0x87, 0x6D, 0xC3,
    0xB6, 0xE0, 0xFB, 0xE0, 0x78, 0xF0, 0x3C, 0x78, 0x0E, 0x38, 0x00, 0x02, 0x00, 0x38, 0x03, 0xE0,
    0x3B, 0x80, 0x88, 0x00, 0x03, 0xC1, 0xEE, 0x0E, 0x78, 0xF1, 0xC7, 0x0F, 0x78, 0x3B, 0x81, 0xFC,
    0x07, 0xC0, 0x1C, 0x00, 0xE0, 0x07, 0x00, 0x38, 0x01, 0xC0, 0x0E, 0x00, 0x70, 0x00, 0x04, 0x01,
    0xC0, 0xFC, 0x1D, 0x82, 0x10, 0x00, 0x38, 0x3F, 0x8F, 0x71, 0xCE, 0x39, 0xE7, 0x1D, 0xC3, 0xB8,
    0x7E, 0x07, 0xC0, 0xF8, 0x0E, 0x03, 0xC3, 0xF0, 0x7E, 0x0F, 0x80, 0x0C, 0xC0, 0xEE, 0x03, 0x30,
    0x00, 0x0F, 0x07, 0xB8, 0x39, 0xE3, 0xC7, 0x1C, 0x3D, 0xE0, 0xEE, 0x07, 0xF0, 0x1F, 0x00, 0x70,
    0x03, 0x80, 0x1C, 0x00, 0xE0, 0x07, 0x00, 0x38, 0x01, 0xC0, 0x01, 0x00, 0x60, 0x1C, 0x07, 0x00,
    0x40, 0x00, 0x3F, 0xFF, 0xFF, 0xFF, 0xE0, 0x38, 0x0E, 0x03, 0xC0, 0xF0, 0x1C, 0x07, 0x01, 0xE0,
    0x78, 0x0E, 0x03, 0xFF, 0xFF, 0xFF, 0xFE, 0x02, 0x03, 0x03, 0x83, 0x81, 0x80, 0x03, 0xFF, 0xFF,
    0xFF, 0x87, 0x87, 0x83, 0x83, 0xC3, 0xC3, 0xFF, 0xFF, 0xFF, 0x80, 0x0C, 0x01, 0xC0, 0x30, 0x00,
    0x0F, 0xFF, 0xFF, 0xFF, 0xF8, 0x0E, 0x03, 0x80, 0xF0, 0x3C, 0x07, 0x01, 0xC0, 0x78, 0x1E, 0x03,
    0x80, 0xFF, 0xFF, 0xFF, 0xFF, 0x80, 0x18, 0x0E, 0x06, 0x00, 0x00, 0x07, 0xFF, 0xFF, 0xFF, 0x0F,
    0x0F, 0x07, 0x07, 0x87, 0x87, 0xFF, 0xFF, 0xFF, 0x11, 0x07, 0x70, 0x7C, 0x07, 0x00, 0x40, 0x00,
    0x3F, 0xFF, 0xFF, 0xFF, 0xE0, 0x38, 0x0E, 0x03, 0xC0, 0xF0, 0x1C, 0x07, 0x01, 0xE0, 0x78, 0x0E,
    0x03, 0xFF, 0xFF, 0xFF, 0xFE, 0x22, 0x3B, 0x8F, 0x83, 0x80, 0x80, 0x03, 0xFF, 0xFF, 0xFF, 0x87,
    0x87, 0x83, 0x83, 0xC3, 0xC3, 0xFF, 0xFF, 0xFF, 0x80, 0x3E, 0xFF, 0xFF, 0x0E, 0x1C, 0x38, 0x70,
    0xE1, 0xC3, 0x87, 0x0E, 0x1C, 0x38, 0x70, 0x00, 0x0E, 0x00, 0x1C, 0x1F, 0x38, 0xFF, 0xF3, 0xFF,
    0xCF, 0x07, 0x9C, 0x07, 0xF0, 0x07, 0xE0, 0x0F, 0xC0, 0x1F, 0x80, 0x3F, 0x00, 0x7F, 0x01, 0xEF,
    0x07, 0x8F, 0xFE, 0x0F, 0xF8, 0x07, 0xE0, 0x00, 0x70, 0x07, 0x1F, 0x73, 0xFE, 0x7F, 0xEF, 0x1E,
    0xE0, 0xEE, 0x0E, 0xE0, 0xEF, 0x1E, 0x7F, 0xC3, 0xFC, 0x1F, 0x00, 0x00, 0x1C, 0x00, 0x7E, 0x07,
    0xF8, 0x1E, 0xE0, 0x73, 0x81, 0xCE, 0x07, 0x38, 0x1C, 0xE0, 0x73, 0x81, 0xCE, 0x07, 0x38, 0x1C,
    0xE0, 0x73, 0xC3, 0xC7, 0xFE, 0x0F, 0xF0, 0x1F, 0x80, 0x00, 0x38, 0x01, 0xF8, 0x3F, 0xC1, 0xEE,
    0x0E, 0x70, 0x73, 0x83, 0x9C, 0x1C, 0xE0, 0xE7, 0x87, 0x3F, 0xF8, 0xFF, 0xC1, 0xFC, 0x00, 0x00,
    0x00, 0x44, 0x00, 0x00, 0xEE, 0x00, 0x00, 0x7C, 0x00, 0x00, 0x38, 0x00, 0x00, 0x10, 0xFF, 0x07,
    0xFF, 0xFF, 0xC7, 0xFF, 0xFF, 0xE7, 0xFF, 0xE1, 0xE0, 0x0F, 0xE0, 0xF0, 0x1E, 0xE0, 0x70, 0x1C,
    0xE0, 0x70, 0x38, 0xE0, 0x70, 0x78, 0xE0, 0x70, 0xF0, 0xE0, 0x70, 0xE0, 0xE0, 0xF1, 0xE0, 0xE1,
    0xE3, 0xC0, 0xFF, 0xC3, 0xFF, 0xFF, 0x87, 0xFF, 0xFF, 0x07, 0xFF, 0x00, 0x00, 0x88, 0x00, 0x03,
    0xBB, 0xFC, 0x03, 0xE7, 0xFE, 0x03, 0x8F, 0xFE, 0x02, 0x1C, 0x3C, 0x00, 0x38, 0x3C, 0xFF, 0xF0,
    0x39, 0xFF, 0xE0, 0x73, 0xFF, 0xC0, 0xE0, 0x7B, 0x81, 0xC1, 0xE7, 0x03, 0x83, 0x8E, 0x0F, 0x0F,
    0x1C, 0x3C, 0x3C, 0x3F, 0xF0, 0xFF, 0xFF, 0xC1, 0xFF, 0xFF, 0x03, 0xFE, 0x00, 0x02, 0x10, 0x03,
    0x8C, 0xC0, 0x0E, 0x3F, 0x00, 0x38, 0x78, 0x00, 0xE0, 0xC0, 0x03, 0x80, 0x01, 0xFE, 0xFF, 0xDF,
    0xFB, 0xFF, 0x7F, 0xEF, 0xFB, 0xC3, 0x81, 0xEE, 0x0E, 0x0F, 0x38, 0x38, 0x78, 0xE0, 0xE3, 0xC3,
    0xC3, 0x9E, 0x07, 0xFE, 0x7F, 0xCF, 0xFB, 0xFF, 0x1F, 0xEF, 0xFC, 0xE0, 0x00, 0xFC, 0x00, 0x1F,
    0x80, 0x03, 0xF0, 0x00, 0x7E, 0x00, 0x0F, 0xC0, 0x01, 0xF8, 0x00, 0x3F, 0x00, 0x07, 0xE0, 0x00,
    0xFC, 0x00, 0x1F, 0x80, 0x03, 0xF0, 0x08, 0xFF, 0xFF, 0xFD, 0xFF, 0xFF, 0xBF, 0xF7, 0xC0, 0x00,
    0x1B, 0x80, 0xFE, 0x03, 0xF8, 0x06, 0xE0, 0x03, 0x80, 0x7E, 0x01, 0xF8, 0x07, 0xE0, 0x1F, 0x80,
    0x7E, 0x01, 0xF8, 0x07, 0xE0, 0x1F, 0xFF, 0x7F, 0xFD, 0xFF, 0xF7, 0x00, 0x3C, 0x03, 0xE0, 0x0F,
    0x80, 0x3C, 0xE1, 0xB8, 0xFE, 0x3F, 0x86, 0xE0, 0x38, 0x7E, 0x1F, 0x87, 0xE1, 0xF8, 0x7E, 0x1F,
    0x87, 0xE1, 0xFE, 0x7F, 0x9C, 0xE7, 0x03, 0xC3, 0xE0, 0xF8, 0x3C, 0xE0, 0x70, 0x0F, 0xE0, 0xE0,
    0x1F, 0xE1, 0xC0, 0x3F, 0xC3, 0x80, 0x7F, 0xC7, 0x00, 0xFF, 0xCE, 0x01, 0xFB, 0x9C, 0x03, 0xF3,
    0xB8, 0x07, 0xE3, 0xF0, 0x0F, 0xC7, 0xE0, 0x1F, 0x87, 0xC0, 0x3F, 0x07, 0x88, 0xFE, 0x0F, 0x3F,
    0xDC, 0x0E, 0x7F, 0xB8, 0x1C, 0x7C, 0x00, 0x00, 0x01, 0xF8, 0x1C, 0x7F, 0x07, 0x1F, 0xE1, 0xC7,
    0xF8, 0x70, 0x3F, 0x1C, 0x7F, 0xE7, 0x1F, 0xB9, 0xC7, 0xE7, 0x71, 0xF8, 0xFC, 0x7E, 0x3F, 0x1F,
    0x87, 0xC7, 0xE0, 0xF1, 0xF8, 0x3C, 0x7E, 0x07, 0x1F, 0x81, 0xC7, 0x00, 0x01, 0xC0, 0x03, 0xF0,
    0x00, 0xF8, 0x00, 0x3C, 0x00, 0x06, 0x00, 0x0F, 0x00, 0x0F, 0x00, 0x06, 0x00, 0x00, 0xFF, 0x0E,
    0xFF, 0x8E, 0xFF, 0xCE, 0xE3, 0xCE, 0xE1, 0xCE, 0xE1, 0xCE, 0xE1, 0xCE, 0xE1, 0xCE, 0xE1, 0xCE,
    0xE1, 0xCE, 0xE1, 0xCE, 0x00, 0x0E, 0x00, 0x3E, 0x00, 0x3E, 0x00, 0x7C, 0x04, 0x40, 0x1D, 0xC0,
    0x1F, 0x00, 0x1C, 0x00, 0x10, 0x00, 0x00, 0x01, 0xF0, 0x03, 0xE0, 0x0F, 0xE0, 0x1D, 0xC0, 0x3B,
    0x80, 0xF7, 0x81, 0xC7, 0x03, 0x8E, 0x0F, 0x1E, 0x1F, 0xFC, 0x7F, 0xFC, 0xFF, 0xF9, 0xC0, 0x77,
    0x80, 0xFE, 0x00, 0xE0, 0x11, 0x0E, 0xE1, 0xF0, 0x38, 0x04, 0x00, 0x07, 0xF1, 0xFE, 0x7F, 0xC0,
    0x73, 0xFD, 0xFF, 0xE1, 0xF8, 0x7F, 0xFD, 0xFF, 0x3F, 0xC0, 0x45, 0xDD, 0xF1, 0xC1, 0x00, 0x0E,
    0x1C, 0x38, 0x70, 0xE1, 0xC3, 0x87, 0x0E, 0x1C, 0x38, 0x70, 0xE1, 0xC3, 0x80, 0x45, 0xDD, 0xF1,
    0xC1, 0x00, 0x0E, 0x1C, 0x38, 0x70, 0xE1, 0xC3, 0x87, 0x0E, 0x1C, 0x38, 0x04, 0x40, 0x1D, 0xC0,
    0x1F, 0x00, 0x1C, 0x00, 0x10, 0x00, 0x00, 0x01, 0xF0, 0x0F, 0xF8, 0x3F, 0xF8, 0xF0, 0x79, 0xC0,
    0x7F, 0x00, 0x7E, 0x00, 0xFC, 0x01, 0xF8, 0x03, 0xF0, 0x07, 0xF0, 0x1E, 0xF0, 0x78, 0xFF, 0xE0,
    0xFF, 0x80, 0x7E, 0x00, 0x11, 0x07, 0x70, 0x7C, 0x07, 0x00, 0x40, 0x00, 0x07, 0xC1, 0xFC, 0x7F,
    0xDE, 0x3F, 0x83, 0xF0, 0x7E, 0x0F, 0xE3, 0xDF, 0xF1, 0xFC, 0x1F, 0x00, 0x11, 0x07, 0x70, 0x7C,
    0x07, 0x00, 0x40, 0x00, 0x38, 0x3F, 0x07, 0xE0, 0xFC, 0x1F, 0x83, 0xF0, 0x7E, 0x0F, 0xC1, 0xF8,
    0x3F, 0x07, 0xE0, 0xFE, 0x3D, 0xFF, 0x3F, 0xE1, 0xF0, 0x11, 0x0E, 0xE1, 0xF0, 0x38, 0x04, 0x00,
    0x0E, 0x1F, 0x87, 0xE1, 0xF8, 0x7E, 0x1F, 0x87, 0xE1, 0xFC, 0x7F, 0xFD, 0xFF, 0x3F, 0xC0, 0x1F,
    0x03, 0xE0, 0x00, 0x0C, 0xC3, 0xB8, 0x33, 0x00, 0x07, 0x07, 0xE0, 0xFC, 0x1F, 0x83, 0xF0, 0x7E,
    0x0F, 0xC1, 0xF8, 0x3F, 0x07, 0xE0, 0xFC, 0x1F, 0xC7, 0xBF, 0xE7, 0xFC, 0x3E, 0x00, 0x3E, 0x0F,
    0x80, 0x01, 0xDC, 0x77, 0x1D, 0xC0, 0x03, 0x87, 0xE1, 0xF8, 0x7E, 0x1F, 0x87, 0xE1, 0xF8, 0x7F,
    0x1F, 0xFF, 0x7F, 0xCF, 0xF0, 0x02, 0x00, 0xE0, 0x38, 0x34, 0xC7, 0x1C, 0xC3, 0x00, 0x07, 0x07,
    0xE0, 0xFC, 0x1F, 0x83, 0xF0, 0x7E, 0x0F, 0xC1, 0xF8, 0x3F, 0x07, 0xE0, 0xFC, 0x1F, 0xC7, 0xBF,
    0xE7, 0xFC, 0x3E, 0x00, 0x04, 0x01, 0x80, 0xC0, 0x30, 0x69, 0xB8, 0xE6, 0x18, 0x00, 0xE1, 0xF8,
    0x7E, 0x1F, 0x87, 0xE1, 0xF8, 0x7E, 0x1F, 0xC7, 0xFF, 0xDF, 0xF3, 0xFC, 0x12, 0x03, 0xC1, 0x96,
    0x38, 0xE6, 0x18, 0x00, 0x38, 0x3F, 0x07, 0xE0, 0xFC, 0x1F, 0x83, 0xF0, 0x7E, 0x0F, 0xC1, 0xF8,
    0x3F, 0x07, 0xE0, 0xFE, 0x3D, 0xFF, 0x3F, 0xE1, 0xF0, 0x23, 0x0D, 0xC1, 0xE1, 0xA6, 0xE3, 0x98,
    0x60, 0x03, 0x87, 0xE1, 0xF8, 0x7E, 0x1F, 0x87, 0xE1, 0xF8, 0x7F, 0x1F, 0xFF, 0x7F, 0xCF, 0xF0,
    0x10, 0x03, 0x00, 0x70, 0x32, 0xC7, 0x1C, 0xC3, 0x00, 0x07, 0x07, 0xE0, 0xFC, 0x1F, 0x83, 0xF0,
    0x7E, 0x0F, 0xC1, 0xF8, 0x3F, 0x07, 0xE0, 0xFC, 0x1F, 0xC7, 0xBF, 0xE7, 0xFC, 0x3E, 0x00, 0x10,
    0x0E, 0x01, 0x80, 0x30, 0x6D, 0xB8, 0xE6, 0x18, 0x00, 0xE1, 0xF8, 0x7E, 0x1F, 0x87, 0xE1, 0xF8,
    0x7E, 0x1F, 0xC7, 0xFF, 0xDF, 0xF3, 0xFC, 0x7E, 0x1F, 0xE7, 0xF8, 0x0F, 0x01, 0xFF, 0xFF, 0xFF,
    0x87, 0xFF, 0x9F, 0xE3, 0xE0, 0x07, 0xC0, 0x0F, 0x80, 0x00, 0x00, 0x66, 0x00, 0xEE, 0x01, 0x98,
    0x00, 0x00, 0x03, 0xE0, 0x07, 0xC0, 0x1F, 0xC0, 0x3B, 0x80, 0x77, 0x01, 0xEF, 0x03, 0x8E, 0x07,
    0x1C, 0x1E, 0x3C, 0x3F, 0xF8, 0xFF, 0xF9, 0xFF, 0xF3, 0x80, 0xEF, 0x01, 0xFC, 0x01, 0xC0, 0x1F,
    0x07, 0xC0, 0x00, 0xCC, 0x3B, 0x8C, 0xC0, 0x01, 0xFC, 0x7F, 0x9F, 0xF0, 0x1C, 0xFF, 0x7F, 0xF8,
    0x7E, 0x1F, 0xFF, 0x7F, 0xCF, 0xF0, 0x07, 0xC0, 0x0F, 0x80, 0x00, 0x00, 0x18, 0x00, 0x38, 0x00,
    0x60, 0x00, 0x00, 0x03, 0xE0, 0x07, 0xC0, 0x1F, 0xC0, 0x3B, 0x80, 0x77, 0x01, 0xEF, 0x03, 0x8E,
    0x07, 0x1C, 0x1E, 0x3C, 0x3F, 0xF8, 0xFF, 0xF9, 0xFF, 0xF3, 0x80, 0xEF, 0x01, 0xFC, 0x01, 0xC0,
    0x1F, 0x07, 0xC0, 0x00, 0x30, 0x0E, 0x03, 0x00, 0x01, 0xFC, 0x7F, 0x9F, 0xF0, 0x1C, 0xFF, 0x7F,
    0xF8, 0x7E, 0x1F, 0xFF, 0x7F, 0xCF, 0xF0, 0x00, 0x7F, 0x00, 0x07, 0xF0, 0x00, 0x00, 0x00, 0x0F,
    0xFF, 0x01, 0xFF, 0xF0, 0x1F, 0xFF, 0x03, 0xF8, 0x00, 0x3B, 0x80, 0x07, 0xB8, 0x00, 0x73, 0xFE,
    0x0F, 0x3F, 0xE0, 0xE3, 0xFE, 0x1F, 0xF8, 0x03, 0xFF, 0x80, 0x3F, 0xF8, 0x07, 0x83, 0xFF, 0x70,
    0x3F, 0xFF, 0x03, 0xFF, 0x0F, 0xE0, 0x0F, 0xE0, 0x00, 0x00, 0x00, 0x00, 0x7E, 0x7C, 0x7F, 0xFE,
    0x7F, 0xFF, 0x03, 0x87, 0x3F, 0xFF, 0x7F, 0xFF, 0xE3, 0x80, 0xE3, 0xC0, 0xFF, 0xFE, 0x7F, 0xFE,
    0x3E, 0x7E, 0x0F, 0xC0, 0x7F, 0xC3, 0xFE, 0x1E, 0x08, 0xF0, 0x03, 0x80, 0x0E, 0x00, 0x38, 0x1C,
    0xE1, 0xFF, 0x87, 0xFF, 0x07, 0x1E, 0x1C, 0x7F, 0xF0, 0xFF, 0xC0, 0xFE, 0x00, 0x1F, 0xE3, 0xFE,
    0x7F, 0xEF, 0x0E, 0xE3, 0xFE, 0x3F, 0xF0, 0xEF, 0xFE, 0x7F, 0xE1, 0xFE, 0x00, 0xE0, 0x1E, 0x7F,
    0xC7, 0xFC, 0x7F, 0x00, 0x08, 0x81, 0xDC, 0x0F, 0x80, 0x70, 0x02, 0x00, 0x00, 0x0F, 0xE1, 0xFF,
    0x3F, 0xF7, 0x82, 0xF0, 0x0E, 0x00, 0xE0, 0x0E, 0x07, 0xE0, 0x7E, 0x07, 0xF0, 0x77, 0x87, 0x7F,
    0xF3, 0xFF, 0x0F, 0xE0, 0x10, 0x86, 0x61, 0xF8, 0x3C, 0x04, 0x00, 0x01, 0xFD, 0xFF, 0x7F, 0xFC,
    0x7E, 0x1F, 0x87, 0xF1, 0xFF, 0xF7, 0xFC, 0xFF, 0x01, 0xC0, 0xF7, 0xF9, 0xFE, 0x7E, 0x00, 0x11,
    0x03, 0xB8, 0x1F, 0x00, 0xE0, 0x04, 0x00, 0x00, 0xE0, 0xFE, 0x1E, 0xE3, 0xCE, 0x78, 0xEF, 0x0F,
    0xE0, 0xFC, 0x0F, 0xE0, 0xEE, 0x0E, 0x70, 0xE7, 0x8E, 0x3C, 0xE1, 0xCE, 0x1E, 0xE0, 0xF0, 0xCC,
    0x1F, 0x80, 0xC0, 0x00, 0x0E, 0x01, 0xC0, 0x38, 0x07, 0x00, 0xE0, 0x1C, 0x7B, 0x9E, 0x77, 0x8F,
    0xE1, 0xF8, 0x3F, 0x87, 0x78, 0xE7, 0x9C, 0x73, 0x87, 0x70, 0xF0, 0x07, 0xC0, 0x3F, 0xE0, 0xFF,
    0xE3, 0xC1, 0xE7, 0x01, 0xFC, 0x01, 0xF8, 0x03, 0xF0, 0x07, 0xE0, 0x0F, 0xC0, 0x1F, 0xC0, 0x7B,
    0xC1, 0xE3, 0xFF, 0x83, 0xFE, 0x01, 0xF8, 0x00, 0xE0, 0x03, 0x80, 0x07, 0xC0, 0x07, 0x80, 0x1F,
    0x07, 0xF1, 0xFF, 0x78, 0xFE, 0x0F, 0xC1, 0xF8, 0x3F, 0x8F, 0x7F, 0xCF, 0xF0, 0x7C, 0x07, 0x01,
    0xC0, 0x3E, 0x03, 0xC0, 0x0F, 0xE0, 0x1F, 0xC0, 0x00, 0x00, 0x3E, 0x01, 0xFF, 0x07, 0xFF, 0x1E,
    0x0F, 0x38, 0x0F, 0xE0, 0x0F, 0xC0, 0x1F, 0x80, 0x3F, 0x00, 0x7E, 0x00, 0xFE, 0x03, 0xDE, 0x0F,
    0x1F, 0xFC, 0x1F, 0xF0, 0x0F, 0xC0, 0x07, 0x00, 0x1C, 0x00, 0x3E, 0x00, 0x3C, 0x00, 0x3F, 0x87,
    0xF0, 0x00, 0x00, 0x01, 0xF0, 0x7F, 0x1F, 0xF7, 0x8F, 0xE0, 0xFC, 0x1F, 0x83, 0xF8, 0xF7, 0xFC,
    0xFF, 0x07, 0xC0, 0x70, 0x1C, 0x03, 0xE0, 0x3C, 0x00, 0x08, 0x81, 0xDC, 0x0F, 0x80, 0x70, 0x02,
    0x00, 0x00, 0x7F, 0xF7, 0xFF, 0x7F, 0xF0, 0x1E, 0x03, 0xC0, 0x78, 0x0F, 0xC0, 0xFE, 0x00, 0xF0,
    0x07, 0x00, 0x74, 0x0F, 0xFF, 0xEF, 0xFE, 0x3F, 0x80, 0x08, 0x87, 0x70, 0xF8, 0x1C, 0x02, 0x00,
    0x00, 0x01, 0xFF, 0x7F, 0xDF, 0xF0, 0x38, 0x1C, 0x0E, 0x07, 0xC0, 0xF8, 0x0F, 0x01, 0xC0, 0x74,
    0x1D, 0xFF, 0x7F, 0x9F, 0x80, 0x22, 0x77, 0x3E, 0x1C, 0x08, 0x00, 0x1C, 0x1C, 0x1C, 0x1C, 0x1C,
    0x1C, 0x1C, 0x1C, 0x1C, 0x1C, 0x1C, 0x1C, 0xFC, 0xF8, 0xF0, 0xFF, 0x07, 0xFF, 0xFF, 0xC7, 0xFF,
    0xFF, 0xE7, 0xFF, 0xE1, 0xE0, 0x0F, 0xE0, 0xF0, 0x1E, 0xE0, 0x70, 0x1C, 0xE0, 0x70, 0x38, 0xE0,
    0x70, 0x78, 0xE0, 0x70, 0xF0, 0xE0, 0x70, 0xE0, 0xE0, 0xF1, 0xE0, 0xE1, 0xE3, 0xC0, 0xFF, 0xC3,
    0xFF, 0xFF, 0x87, 0xFF, 0xFF, 0x07, 0xFF, 0xFF, 0x00, 0x01, 0xFF, 0x80, 0x03, 0xFF, 0x80, 0x07,
    0x0F, 0x00, 0x0E, 0x0F, 0x3F, 0xFC, 0x0E, 0x7F, 0xF8, 0x1C, 0xFF, 0xF0, 0x38, 0x1E, 0xE0, 0x70,
    0x79, 0xC0, 0xE0, 0xE3, 0x83, 0xC3, 0xC7, 0x0F, 0x0F, 0x0F, 0xFC, 0x3F, 0xFF, 0xF0, 0x7F, 0xFF,
    0xC0, 0xFF, 0x80, 0x00, 0xE0, 0x00, 0x03, 0x80, 0x00, 0x0E, 0x00, 0x00, 0x38, 0x00, 0x00, 0xE0,
    0x00, 0x7F, 0xBF, 0xF7, 0xFE, 0xFF, 0xDF, 0xFB, 0xFE, 0xF0, 0xE0, 0x7B, 0x83, 0x83, 0xCE, 0x0E,
    0x1E, 0x38, 0x38, 0xF0, 0xF0, 0xE7, 0x81, 0xFF, 0x9F, 0xF3, 0xFE, 0xFF, 0xC7, 0xFB, 0xFF, 0x00,
    0x80, 0x18, 0x03, 0x80, 0x70, 0x02, 0x00, 0x00, 0x0F, 0xE1, 0xFF, 0x3F, 0xF7, 0x82, 0xF0, 0x0E,
    0x00, 0xE0, 0x0E, 0x07, 0xE0, 0x7E, 0x07, 0xF0, 0x77, 0x87, 0x7F, 0xF3, 0xFF, 0x0F, 0xE0, 0x00,
    0x80, 0x60, 0x38, 0x1C, 0x06, 0x00, 0x01, 0xFD, 0xFF, 0x7F, 0xFC, 0x7E, 0x1F, 0x87, 0xF1, 0xFF,
    0xF7, 0xFC, 0xFF, 0x01, 0xC0, 0xF7, 0xF9, 0xFE, 0x7E, 0x00, 0xE0, 0x70, 0x1C, 0x0E, 0x03, 0x81,
    0xC0, 0x70, 0x38, 0x7E, 0x07, 0x0F, 0xC0, 0xE1, 0xFF, 0xFC, 0x3F, 0xFF, 0x87, 0xFF, 0xF0, 0xFC,
    0x0E, 0x1F, 0x81, 0xC3, 0xF0, 0x3C, 0xFE, 0x07, 0xFD, 0xC0, 0x7F, 0xB8, 0x07, 0xE0, 0x3F, 0x1F,
    0xF3, 0xFF, 0x70, 0xFE, 0x0F, 0xC1, 0xF8, 0x3F, 0x07, 0xE1, 0xFC, 0x3B, 0x8E, 0x77, 0xCF, 0xF1,
    0xF8, 0x3C, 0x07, 0x00, 0xE0, 0x1C, 0x03, 0x80, 0x00, 0x10, 0x01, 0x80, 0x1C, 0x00, 0xE0, 0x04,
    0x00, 0x00, 0xE0, 0x7F, 0x07, 0xF8, 0x7F, 0x87, 0xFC, 0x7F, 0xE7, 0xEE, 0x7E, 0x77, 0xE3, 0xFE,
    0x3F, 0xE1, 0xFE, 0x0F, 0xE0, 0xFE, 0x07, 0xE0, 0x70, 0x10, 0x0E, 0x03, 0x80, 0x70, 0x04, 0x00,
    0x0F, 0xF3, 0xFE, 0xFF, 0xF8, 0xFE, 0x1F, 0x87, 0xE1, 0xF8, 0x7E, 0x1F, 0x87, 0xE1, 0xC0, 0x00,
    0x80, 0x0F, 0x80, 0x0C, 0x00, 0x00, 0x00, 0x38, 0x00, 0xD8, 0x01, 0xB0, 0x03, 0xE0, 0x07, 0xC0,
    0x1F, 0xC0, 0x3B, 0x80, 0x77, 0x01, 0xC7, 0x03, 0x8E, 0x0F, 0x1E, 0x1C, 0x1C, 0x3F, 0xF8, 0xFF,
    0xF9, 0xFF, 0xF3, 0x80, 0xEF, 0x01, 0xFC, 0x01, 0xC0, 0x04, 0x07, 0x03, 0x00, 0x00, 0x1E, 0x0C,
    0xC3, 0x30, 0x78, 0x00, 0x1F, 0xC7, 0xF9, 0xFF, 0x01, 0xCF, 0xF7, 0xFF, 0x87, 0xE1, 0xFF, 0xF7,
    0xFC, 0xFF, 0x00, 0x04, 0x00, 0x00, 0xE0, 0x00, 0x1E, 0x00, 0x01, 0x80, 0x00, 0x10, 0x00, 0x00,
    0x00, 0x00, 0xFF, 0xF0, 0x1F, 0xFF, 0x01, 0xFF, 0xF0, 0x3F, 0x80, 0x03, 0xB8, 0x00, 0x7B, 0x80,
    0x07, 0x3F, 0xE0, 0xF3, 0xFE, 0x0E, 0x3F, 0xE1, 0xFF, 0x80, 0x3F, 0xF8, 0x03, 0xFF, 0x80, 0x78,
    0x3F, 0xF7, 0x03, 0xFF, 0xF0, 0x3F, 0xF0, 0x00, 0x40, 0x00, 0xE0, 0x01, 0xE0, 0x01, 0x80, 0x01,
    0x00, 0x00, 0x00, 0x7E, 0x7C, 0x7F, 0xFE, 0x7F, 0xFF, 0x03, 0x87, 0x3F, 0xFF, 0x7F, 0xFF, 0xE3,
    0x80, 0xE3, 0xC0, 0xFF, 0xFE, 0x7F, 0xFE, 0x3E, 0x7E, 0x00, 0x80, 0x01, 0x80, 0x07, 0x00, 0x1C,
    0x00, 0x20, 0x00, 0xF9, 0x87, 0xFF, 0x1F, 0xFC, 0x78, 0x7C, 0xE1, 0xFF, 0x83, 0xFF, 0x0E, 0x7E,
    0x38, 0xFC, 0xE1, 0xFF, 0x83, 0xFE, 0x0F, 0x7C, 0x3C, 0x7F, 0xF1, 0xFF, 0xC3, 0x7F, 0x00, 0x00,
    0x00, 0x02, 0x00, 0x60, 0x1C, 0x07, 0x00, 0xC0, 0x00, 0x07, 0xF9, 0xFE, 0x7F, 0xDE, 0x7F, 0x9B,
    0xF7, 0x7F, 0xCF, 0xF3, 0xDF, 0xF3, 0xFC, 0xFF, 0x00, 0x00, 0x08, 0x80, 0x19, 0x80, 0x3B, 0x80,
    0x33, 0x00, 0x22, 0x00, 0x00, 0x01, 0xF0, 0x03, 0xE0, 0x0F, 0xE0, 0x1D, 0xC0, 0x3B, 0x80, 0xF7,
    0x81, 0xC7, 0x03, 0x8E, 0x0F, 0x1E, 0x1F, 0xFC, 0x7F, 0xFC, 0xFF, 0xF9, 0xC0, 0x77, 0x80, 0xFE,
    0x00, 0xE0, 0x44, 0x19, 0x86, 0x60, 0xCC, 0x11, 0x00, 0x07, 0xF1, 0xFE, 0x7F, 0xC0, 0x73, 0xFD,
    0xFF, 0xE1, 0xF8, 0x7F, 0xFD, 0xFF, 0x3F, 0xC0, 0x03, 0xC0, 0x0F, 0xC0, 0x39, 0x80, 0x00, 0x00,
    0x7C, 0x00, 0xF8, 0x03, 0xF8, 0x07, 0x70, 0x0E, 0xE0, 0x3D, 0xE0, 0x71, 0xC0, 0xE3, 0x83, 0xC7,
    0x87, 0xFF, 0x1F, 0xFF, 0x3F, 0xFE, 0x70, 0x1D, 0xE0, 0x3F, 0x80, 0x38, 0x1E, 0x0F, 0xC3, 0x38,
    0x00, 0x7F, 0x1F, 0xE7, 0xFC, 0x07, 0x3F, 0xDF, 0xFE, 0x1F, 0x87, 0xFF, 0xDF, 0xF3, 0xFC, 0x44,
    0x19, 0x87, 0x70, 0xCC, 0x11, 0x00, 0x0F, 0xFF, 0xFF, 0xFF, 0xF8, 0x0E, 0x03, 0x80, 0xFF, 0xBF,
    0xEF, 0xFB, 0x80, 0xE0, 0x38, 0x0F, 0xFF, 0xFF, 0xFF, 0xC0, 0x22, 0x0C, 0xC3, 0x30, 0x66, 0x11,
    0x00, 0x01, 0xF1, 0xFE, 0x7F, 0xF8, 0x7F, 0xFF, 0xFF, 0xE0, 0x3C, 0x27, 0xF9, 0xFE, 0x1F, 0x80,
    0x1E, 0x0F, 0xC3, 0x38, 0x00, 0xFF, 0xFF, 0xFF, 0xFF, 0x80, 0xE0, 0x38, 0x0F, 0xFB, 0xFE, 0xFF,
    0xB8, 0x0E, 0x03, 0x80, 0xFF, 0xFF, 0xFF, 0xFC, 0x1E, 0x0F, 0xC6, 0x30, 0x00, 0x1F, 0x1F, 0xE7,
    0xFF, 0x87, 0xFF, 0xFF, 0xFE, 0x03, 0xC2, 0x7F, 0x9F, 0xE1, 0xF8, 0x44, 0xEE, 0x66, 0x33, 0x22,
    0x00, 0x1C, 0x1C, 0x1C, 0x1C, 0x1C, 0x1C, 0x1C, 0x1C, 0x1C, 0x1C, 0x1C, 0x1C, 0x1C, 0x1C, 0x1C,
    0x44, 0xCC, 0x66, 0x77, 0x22, 0x00, 0x1C, 0x1C, 0x1C, 0x1C, 0x1C, 0x1C, 0x1C, 0x1C, 0x1C, 0x1C,
    0x1C, 0x3C, 0xFF, 0x18, 0x03, 0x87, 0x0E, 0x1C, 0x38, 0x70, 0xE1, 0xC3, 0x87, 0x0E, 0x1C, 0x38,
    0x70, 0xE0, 0x7D, 0xFF, 0x18, 0x03, 0x87, 0x0E, 0x1C, 0x38, 0x70, 0xE1, 0xC3, 0x87, 0x0E, 0x00,
    0x08, 0x80, 0x33, 0x00, 0x33, 0x00, 0x77, 0x00, 0x44, 0x00, 0x00, 0x01, 0xF0, 0x0F, 0xF8, 0x3F,
    0xF8, 0xF0, 0x79, 0xC0, 0x7F, 0x00, 0x7E, 0x00, 0xFC, 0x01, 0xF8, 0x03, 0xF0, 0x07, 0xF0, 0x1E,
    0xF0, 0x78, 0xFF, 0xE0, 0xFF, 0x80, 0x7E, 0x00, 0x22, 0x06, 0x60, 0xCC, 0x0C, 0xC1, 0x10, 0x00,
    0x07, 0xC1, 0xFC, 0x7F, 0xDE, 0x3F, 0x83, 0xF0, 0x7E, 0x0F, 0xE3, 0xDF, 0xF1, 0xFC, 0x1F, 0x00,
    0x03, 0xC0, 0x0F, 0xC0, 0x31, 0x80, 0x00, 0x00, 0x7C, 0x03, 0xFE, 0x0F, 0xFE, 0x3C, 0x1E, 0x70,
    0x1F, 0xC0, 0x1F, 0x80, 0x3F, 0x00, 0x7E, 0x00, 0xFC, 0x01, 0xFC, 0x07, 0xBC, 0x1E, 0x3F, 0xF8,
    0x3F, 0xE0, 0x1F, 0x80, 0x0F, 0x03, 0xF0, 0xC6, 0x00, 0x01, 0xF0, 0x7F, 0x1F, 0xF7, 0x8F, 0xE0,
    0xFC, 0x1F, 0x83, 0xF8, 0xF7, 0xFC, 0x7F, 0x07, 0xC0, 0x44, 0x06, 0x60, 0x66, 0x03, 0x30, 0x33,
    0x0F, 0xF0, 0xFF, 0xCF, 0xFC, 0xE1, 0xEE, 0x0E, 0xE0, 0xEE, 0x1E, 0xFF, 0xCF, 0xFC, 0xFF, 0x0E,
    0x78, 0xE3, 0xCE, 0x1C, 0xE0, 0xEE, 0x0F, 0x88, 0xCC, 0x66, 0x66, 0x22, 0x00, 0x3F, 0x7F, 0x7F,
    0x70, 0x70, 0x70, 0x70, 0x70, 0x70, 0x70, 0x70, 0x1E, 0x03, 0xF0, 0x31, 0x80, 0x00, 0xFF, 0x0F,
    0xFC, 0xFF, 0xCE, 0x1E, 0xE0, 0xEE, 0x0E, 0xE1, 0xEF, 0xFC, 0xFF, 0xCF, 0xF0, 0xE7, 0x8E, 0x3C,
    0xE1, 0xCE, 0x0E, 0xE0, 0xF0, 0x7D, 0xFF, 0x18, 0x07, 0xFF, 0xFF, 0xF0, 0xE1, 0xC3, 0x87, 0x0E,
    0x1C, 0x38, 0x00, 0x22, 0x0E, 0xE0, 0xCC, 0x0C, 0xC1, 0x10, 0x00, 0x38, 0x3F, 0x07, 0xE0, 0xFC,
    0x1F, 0x83, 0xF0, 0x7E, 0x0F, 0xC1, 0xF8, 0x3F, 0x07, 0xE0, 0xFE, 0x3D, 0xFF, 0x3F, 0xE1, 0xF0,
    0x44, 0x19, 0x83, 0x30, 0xCC, 0x11, 0x00, 0x0E, 0x1F, 0x87, 0xE1, 0xF8, 0x7E, 0x1F, 0x87, 0xE1,
    0xFC, 0x7F, 0xFD, 0xFF, 0x3F, 0xC0, 0x0F, 0x03, 0xF0, 0xE6, 0x00, 0x0E, 0x0F, 0xC1, 0xF8, 0x3F,
    0x07, 0xE0, 0xFC, 0x1F, 0x83, 0xF0, 0x7E, 0x0F, 0xC1, 0xF8, 0x3F, 0x8F, 0x7F, 0xCF, 0xF8, 0x7C,
    0x00, 0x3E, 0x1F, 0xC6, 0x30, 0x00, 0xE1, 0xF8, 0x7E, 0x1F, 0x87, 0xE1, 0xF8, 0x7E, 0x1F, 0xC7,
    0xFF, 0xDF, 0xF3, 0xFC, 0x3F, 0x1F, 0xEF, 0xF3, 0x84, 0xE0, 0x3C, 0x07, 0xE0, 0xFE, 0x0F, 0x80,
    0xF0, 0x1D, 0x07, 0xFF, 0xFF, 0xE7, 0xF0, 0x00, 0x1C, 0x07, 0x03, 0xC0, 0xE0, 0x3E, 0x7E, 0xFE,
    0xE0, 0xFE, 0xFF, 0x7F, 0x87, 0xFF, 0xFE, 0xFC, 0x00, 0x38, 0x38, 0x78, 0x70, 0xFF, 0xFF, 0xFF,
    0xFF, 0x87, 0x00, 0xE0, 0x1C, 0x03, 0x80, 0x70, 0x0E, 0x01, 0xC0, 0x38, 0x07, 0x00, 0xE0, 0x1C,
    0x03, 0x80, 0x00, 0x0E, 0x01, 0xC0, 0x78, 0x0E, 0x00, 0xE1, 0xC3, 0x87, 0xFF, 0xFF, 0xF8, 0x70,
    0xE1, 0xC3, 0x87, 0xF7, 0xE7, 0xC0, 0x1C, 0x38, 0xF1, 0xC0, 0x7E, 0x1F, 0xF1, 0xFF, 0x21, 0xE0,
    0x1C, 0x03, 0x80, 0xF1, 0xFC, 0x3F, 0x87, 0xF8, 0x0F, 0x80, 0x70, 0x0E, 0x01, 0xC0, 0x78, 0x1E,
    0xFF, 0xDF, 0xF3, 0xF0, 0x00, 0xFE, 0x7F, 0xBF, 0xE0, 0x70, 0x39, 0xF8, 0xFC, 0x7E, 0x07, 0x81,
    0xC0, 0xE1, 0xFF, 0xF7, 0xF3, 0xC0, 0x10, 0x83, 0x30, 0x7E, 0x07, 0x80, 0x60, 0x00, 0x38, 0x3F,
    0x07, 0xE0, 0xFC, 0x1F, 0x83, 0xF0, 0x7F, 0xFF, 0xFF, 0xFF, 0xFF, 0x07, 0xE0, 0xFC, 0x1F, 0x83,
    0xF0, 0x7E, 0x0E, 0xCC, 0x3F, 0x03, 0x00, 0x00, 0xE0, 0x38, 0x0E, 0x03, 0x80, 0xE0, 0x3F, 0xCF,
    0xFB, 0xFF, 0xE3, 0xF8, 0x7E, 0x1F, 0x87, 0xE1, 0xF8, 0x7E, 0x1F, 0x87, 0xF8, 0x78, 0x78, 0x3C,
    0xF3, 0x80, 0x3C, 0x7C, 0x7E, 0xE7, 0x73, 0xFF, 0xFF, 0xCE, 0xFF, 0xFF, 0xF8, 0xC3, 0xFF, 0x7E,
    0x3C, 0xFF, 0xF0, 0xFF, 0xFF, 0xFF, 0x77, 0xF3, 0xF7, 0x00, 0x3F, 0xDE, 0xE6, 0x70, 0xC3, 0xE7,
    0x7E, 0x3C, 0x7D, 0xFF, 0x18, 0x77, 0x7F, 0xFF, 0xFE, 0xE0, 0x63, 0xCF, 0xFF, 0x00, 0x6C, 0xCF,
    0xF7, 0x00, 0x08, 0x06, 0x01, 0xC0, 0x38, 0x02, 0x00, 0x0F, 0xFF, 0xFF, 0xFF, 0xF8, 0x0E, 0x03,
    0x80, 0xFF, 0xBF, 0xEF, 0xFB, 0x80, 0xE0, 0x38, 0x0F, 0xFF, 0xFF, 0xFF, 0xC0, 0x77, 0x1D, 0xC7,
    0x70, 0x00, 0x00, 0x3F, 0xFF, 0xFF, 0xFF, 0xE0, 0x38, 0x0E, 0x03, 0xFE, 0xFF, 0xBF, 0xEE, 0x03,
    0x80, 0xE0, 0x3F, 0xFF, 0xFF, 0xFF, 0xFF, 0xF0, 0xFF, 0xF0, 0xFF, 0xF0, 0x0E, 0x00, 0x0E, 0x00,
    0x0F, 0xF8, 0x0F, 0xFE, 0x0F, 0xFE, 0x0E, 0x0F, 0x0E, 0x07, 0x0E, 0x07, 0x0E, 0x0F, 0x0E, 0x7F,
    0x0E, 0x7E, 0x0E, 0x78, 0x04, 0x07, 0x07, 0x07, 0x01, 0x00, 0x03, 0xFF, 0xFF, 0xFF, 0xF0, 0x38,
    0x1C, 0x0E, 0x07, 0x03, 0x81, 0xC0, 0xE0, 0x70, 0x38, 0x1C, 0x0E, 0x00, 0x0F, 0xC3, 0xFF, 0x7F,
    0xF7, 0x82, 0xF0, 0x0E, 0x00, 0xFF, 0x8F, 0xF8, 0xFF, 0x8E, 0x00, 0xF0, 0x07, 0x82, 0x7F, 0xF3,
    0xFF, 0x0F, 0xC0, 0x3F, 0x1F, 0xEF, 0xF3, 0x84, 0xE0, 0x3C, 0x07, 0xE0, 0xFE, 0x0F, 0x80, 0xF0,
    0x1D, 0x07, 0xFF, 0xFF, 0xE7, 0xF0, 0xFF, 0xFF, 0xFF, 0xFF, 0xFF, 0xF8, 0xCD, 0xDF, 0x30, 0x03,
    0x87, 0x0E, 0x1C, 0x38, 0x70, 0xE1, 0xC3, 0x87, 0x0E, 0x1C, 0x38, 0x70, 0xE0, 0x03, 0x81, 0xC0,
    0xE0, 0x70, 0x38, 0x1C, 0x0E, 0x07, 0x03, 0x81, 0xC0, 0xE8, 0xF7, 0xFF, 0xF9, 0xF8, 0x07, 0xFE,
    0x00, 0x0F, 0xFC, 0x00, 0x1F, 0xF8, 0x00, 0x38, 0x70, 0x00, 0x70, 0xE0, 0x00, 0xE1, 0xFE, 0x01,
    0xC3, 0xFF, 0x07, 0x87, 0xFE, 0x0E, 0x0E, 0x1E, 0x1C, 0x1C, 0x1C, 0x78, 0x38, 0x39, 0xF0, 0x70,
    0xFF, 0xC0, 0xFF, 0xDF, 0x01, 0xFF, 0xB8, 0x03, 0xFC, 0x00, 0xE0, 0x70, 0x0E, 0x07, 0x00, 0xE0,
    0x70, 0x0E, 0x07, 0x00, 0xE0, 0x70, 0x0F, 0xFF, 0xF8, 0xFF, 0xFF, 0xEF, 0xFF, 0xFE, 0xE0, 0x70,
    0xFE, 0x07, 0x07, 0xE0, 0x70, 0x7E, 0x07, 0x0F, 0xE0, 0x7F, 0xEE, 0x07, 0xFE, 0xE0, 0x7F, 0x80,
    0xFF, 0xE3, 0xFF, 0x8F, 0xFE, 0x03, 0x80, 0x0E, 0x00, 0x38, 0x00, 0xFF, 0x03, 0xFE, 0x0F, 0xFC,
    0x38, 0xF0, 0xE1, 0xC3, 0x87, 0x0E, 0x1C, 0x38, 0x70, 0xE1, 0xC0, 0x00, 0x80, 0x18, 0x03, 0x80,
    0x70, 0x06, 0x00, 0x00, 0xE0, 0xFE, 0x1E, 0xE3, 0xCE, 0x78, 0xEF, 0x0F, 0xE0, 0xFC, 0x0F, 0xE0,
    0xEE, 0x0E, 0x70, 0xE7, 0x8E, 0x3C, 0xE1, 0xCE, 0x1E, 0xE0, 0xF0, 0x08, 0x01, 0xC0, 0x0E, 0x00,
    0x70, 0x02, 0x00, 0x00, 0xE0, 0x7E, 0x0F, 0xE1, 0xFE, 0x1F, 0xE3, 0xFE, 0x7F, 0xE7, 0x7E, 0xE7,
    0xFC, 0x7F, 0xC7, 0xF8, 0x7F, 0x07, 0xF0, 0x7E, 0x07, 0xE0, 0x70, 0x04, 0x80, 0x66, 0x03, 0xF0,
    0x0F, 0x00, 0x00, 0x78, 0x1D, 0xC1, 0xCE, 0x0E, 0x78, 0xF1, 0xC7, 0x0F, 0x38, 0x3B, 0x81, 0xDC,
    0x0F, 0xC0, 0x3E, 0x01, 0xE0, 0x0F, 0x07, 0xF0, 0x3F, 0x81, 0xF0, 0x00, 0xE0, 0xFC, 0x1F, 0x83,
    0xF0, 0x7E, 0x0F, 0xC1, 0xF8, 0x3F, 0x07, 0xE0, 0xFC, 0x1F, 0x83, 0xF0, 0x7F, 0xFF, 0xFF, 0xFF,
    0xF8, 0x70, 0x0E, 0x01, 0xC0, 0x38, 0x00, 0x07, 0xC0, 0x0F, 0x80, 0x3F, 0x80, 0x77, 0x00, 0xEE,
    0x03, 0xDE, 0x07, 0x1C, 0x0E, 0x38, 0x3C, 0x78, 0x7F, 0xF1, 0xFF, 0xF3, 0xFF, 0xE7, 0x01, 0xDE,
    0x03, 0xF8, 0x03, 0x80, 0xFF, 0xDF, 0xFB, 0xFF, 0x70, 0x0E, 0x01, 0xFE, 0x3F, 0xF7, 0xFE, 0xE1,
    0xFC, 0x1F, 0x83, 0xF0, 0xFF, 0xFD, 0xFF, 0xBF, 0xC0, 0xFF, 0x1F, 0xF3, 0xFF, 0x70, 0xEE, 0x1D,
    0xFF, 0x3F, 0xE7, 0xFE, 0xE1, 0xFC, 0x1F, 0x83, 0xF0, 0xFF, 0xFD, 0xFF, 0xBF, 0xC0, 0xFF, 0xFF,
    0xFF, 0xFC, 0x0E, 0x07, 0x03, 0x81, 0xC0, 0xE0, 0x70, 0x38, 0x1C, 0x0E, 0x07, 0x03, 0x80, 0x07,
    0xFC, 0x03, 0xFE, 0x01, 0xFF, 0x00, 0xE3, 0x80, 0x71, 0xC0, 0x38, 0xE0, 0x1C, 0x70, 0x1E, 0x38,
    0x0E, 0x1C, 0x07, 0x0E, 0x07, 0x87, 0x03, 0x83, 0x8F, 0xFF, 0xFF, 0xFF, 0xFF, 0xFF, 0xFF, 0xC0,
    0x07, 0xE0, 0x03, 0xF0, 0x01, 0xF8, 0x00, 0xE0, 0xFF, 0xFF, 0xFF, 0xFF, 0x80, 0xE0, 0x38, 0x0F,
    0xFB, 0xFE, 0xFF, 0xB8, 0x0E, 0x03, 0x80, 0xFF, 0xFF, 0xFF, 0xFC, 0xF0, 0x70, 0x7B, 0xC3, 0x87,
    0x8F, 0x1C, 0x78, 0x3C, 0xE7, 0x80, 0xE7, 0x78, 0x03, 0xBB, 0x80, 0x0F, 0xF8, 0x00, 0x7F, 0xC0,
    0x07, 0xFF, 0x00, 0x7B, 0xBC, 0x07, 0x9C, 0xF0, 0x3C, 0xE3, 0x83, 0xC7, 0x1E, 0x3C, 0x38, 0x7B,
    0xC1, 0xC1, 0xE0, 0x3F, 0x0F, 0xF1, 0xFF, 0x10, 0xE0, 0x1C, 0x07, 0x8F, 0xE1, 0xFC, 0x3F, 0xC0,
    0x3C, 0x03, 0xA0, 0x7F, 0xFF, 0xFF, 0x8F, 0xC0, 0xE0, 0x7E, 0x0F, 0xE1, 0xFE, 0x1F, 0xE3, 0xFE,
    0x7F, 0xE7, 0x7E, 0xE7, 0xFC, 0x7F, 0xC7, 0xF8, 0x7F, 0x07, 0xF0, 0x7E, 0x07, 0xE0, 0x70, 0x01,
    0x03, 0x98, 0x1F, 0x80, 0xF0, 0x00, 0x0E, 0x07, 0xE0, 0xFE, 0x1F, 0xE1, 0xFE, 0x3F, 0xE7, 0xFE,
    0x77, 0xEE, 0x7F, 0xC7, 0xFC, 0x7F, 0x87, 0xF0, 0x7F, 0x07, 0xE0, 0x7E, 0x07, 0xE0, 0xFE, 0x1E,
    0xE3, 0xCE, 0x78, 0xEF, 0x0F, 0xE0, 0xFC, 0x0F, 0xE0, 0xEE, 0x0E, 0x70, 0xE7, 0x8E, 0x3C, 0xE1,
    0xCE, 0x1E, 0xE0, 0xF0, 0x07, 0xFE, 0x0F, 0xFC, 0x1F, 0xF8, 0x38, 0x70, 0x70, 0xE0, 0xE1, 0xC1,
    0xC3, 0x87, 0x87, 0x0E, 0x0E, 0x1C, 0x1C, 0x78, 0x39, 0xF0, 0x7F, 0xC0, 0xFF, 0x01, 0xF8, 0x03,
    0x80, 0x70, 0x07, 0x3C, 0x07, 0x9E, 0x03, 0xCF, 0x83, 0xE7, 0xC1, 0xF3, 0x71, 0xDB, 0xB8, 0xEF,
    0xCE, 0xE7, 0xE7, 0x73, 0xF1, 0xF1, 0xF8, 0xF8, 0xFC, 0x38, 0x7E, 0x1C, 0x3F, 0x00, 0x1F, 0x80,
    0x0E, 0xE0, 0xFC, 0x1F, 0x83, 0xF0, 0x7E, 0x0F, 0xC1, 0xFF, 0xFF, 0xFF, 0xFF, 0xFC, 0x1F, 0x83,
    0xF0, 0x7E, 0x0F, 0xC1, 0xF8, 0x38, 0x07, 0xC0, 0x3F, 0xE0, 0xFF, 0xE3, 0xC1, 0xE7, 0x01, 0xFC,
    0x01, 0xF8, 0x03, 0xF0, 0x07, 0xE0, 0x0F, 0xC0, 0x1F, 0xC0, 0x7B, 0xC1, 0xE3, 0xFF, 0x83, 0xFE,
    0x01, 0xF8, 0x00, 0xFF, 0xFF, 0xFF, 0xFF, 0xF0, 0x7E, 0x0F, 0xC1, 0xF8, 0x3F, 0x07, 0xE0, 0xFC,
    0x1F, 0x83, 0xF0, 0x7E, 0x0F, 0xC1, 0xF8, 0x38, 0xFF, 0x1F, 0xFB, 0xFF, 0x70, 0xFE, 0x0F, 0xC1,
    0xF8, 0x7F, 0xFE, 0xFF, 0xDF, 0xE3, 0x80, 0x70, 0x0E, 0x01, 0xC0, 0x38, 0x00, 0x0F, 0xE1, 0xFF,
    0x3F, 0xF7, 0x82, 0xF0, 0x0E, 0x00, 0xE0, 0x0E, 0x00, 0xE0, 0x0E, 0x00, 0xF0, 0x07, 0x82, 0x7F,
    0xF3, 0xFF, 0x0F, 0xE0, 0xFF, 0xFF, 0xFF, 0xFF, 0x87, 0x00, 0xE0, 0x1C, 0x03, 0x80, 0x70, 0x0E,
    0x01, 0xC0, 0x38, 0x07, 0x00, 0xE0, 0x1C, 0x03, 0x80, 0xF0, 0x3B, 0x83, 0x9C, 0x1C, 0xF1, 0xE3,
    0x8E, 0x1E, 0x70, 0x77, 0x03, 0xB8, 0x1F, 0x80, 0x7C, 0x03, 0xC0, 0x1E, 0x0F, 0xE0, 0x7F, 0x03,
    0xE0, 0x00, 0x01, 0xC0, 0x00, 0xE0, 0x03, 0xFE, 0x07, 0xFF, 0xC7, 0xFF, 0xF3, 0xCE, 0x7B, 0xC7,
    0x1F, 0xC3, 0x87, 0xE1, 0xC3, 0xF0, 0xE1, 0xDE, 0x73, 0xCF, 0xFF, 0xE3, 0xFF, 0xE0, 0x7F, 0xC0,
    0x07, 0x00, 0x03, 0x80, 0xF0, 0x3D, 0xC0, 0xE3, 0x87, 0x0F, 0x3C, 0x1F, 0xE0, 0x3F, 0x00, 0x78,
    0x01, 0xE0, 0x07, 0x80, 0x3F, 0x01, 0xFE, 0x0F, 0x3C, 0x38, 0x71, 0xC0, 0xEF, 0x03, 0xC0, 0xE0,
    0x71, 0xC0, 0xE3, 0x81, 0xC7, 0x03, 0x8E, 0x07, 0x1C, 0x0E, 0x38, 0x1C, 0x70, 0x38, 0xE0, 0x71,
    0xC0, 0xE3, 0x81, 0xC7, 0x03, 0x8F, 0xFF, 0xFF, 0xFF, 0xFF, 0xFF, 0x80, 0x07, 0x00, 0x0E, 0x00,
    0x1C, 0x00, 0x38, 0xE0, 0xFC, 0x1F, 0x83, 0xF0, 0x7E, 0x0F, 0xC1, 0xFC, 0x3B, 0xFF, 0x7F, 0xE7,
    0xFC, 0x03, 0x80, 0x70, 0x0E, 0x01, 0xC0, 0x38, 0xE1, 0xC3, 0xF0, 0xE1, 0xF8, 0x70, 0xFC, 0x38,
    0x7E, 0x1C, 0x3F, 0x0E, 0x1F, 0x87, 0x0F, 0xC3, 0x87, 0xE1, 0xC3, 0xF0, 0xE1, 0xF8, 0x70, 0xFC,
    0x38, 0x7F, 0xFF, 0xFF, 0xFF, 0xFF, 0xFF, 0xFE, 0xE1, 0xC3, 0x9C, 0x38, 0x73, 0x87, 0x0E, 0x70,
    0xE1, 0xCE, 0x1C, 0x39, 0xC3, 0x87, 0x38, 0x70, 0xE7, 0x0E, 0x1C, 0xE1, 0xC3, 0x9C, 0x38, 0x73,
    0x87, 0x0E, 0x70, 0xE1, 0xCF, 0xFF, 0xFF, 0xFF, 0xFF, 0xFF, 0xFF, 0xF8, 0x00, 0x07, 0x00, 0x00,
    0xE0, 0x00, 0x1C, 0x00, 0x03, 0x80, 0xFE, 0x01, 0xFC, 0x03, 0xF8, 0x00, 0x70, 0x00, 0xE0, 0x01,
    0xFE, 0x03, 0xFF, 0x07, 0xFE, 0x0E, 0x1E, 0x1C, 0x1C, 0x38, 0x38, 0x70, 0xF0, 0xFF, 0xC1, 0xFF,
    0x83, 0xFC, 0x00, 0xE0, 0x0F, 0xC0, 0x1F, 0x80, 0x3F, 0x00, 0x7E, 0x00, 0xFF, 0xC1, 0xFF, 0xE3,
    0xFF, 0xC7, 0xE3, 0xCF, 0xC3, 0x9F, 0x87, 0x3F, 0x1E, 0x7F, 0xF8, 0xFF, 0xF1, 0xFF, 0x83, 0x80,
    0xE0, 0x1C, 0x03, 0x80, 0x70, 0x0E, 0x01, 0xFE, 0x3F, 0xF7, 0xFE, 0xE1, 0xFC, 0x1F, 0x83, 0xF0,
    0xFF, 0xFD, 0xFF, 0xBF, 0xC0, 0x3F, 0x0F, 0xFC, 0x7F, 0xE4, 0x1E, 0x00, 0xF0, 0x07, 0x1F, 0xF1,
    0xFF, 0x1F, 0xF0, 0x07, 0x00, 0xF4, 0x1E, 0xFF, 0xEF, 0xFC, 0x3F, 0x00, 0xE0, 0x3F, 0x0E, 0x07,
    0xF8, 0xE0, 0xFF, 0xCE, 0x1E, 0x1E, 0xE3, 0xC0, 0xFE, 0x38, 0x07, 0xFF, 0x80, 0x7F, 0xF8, 0x07,
    0xFF, 0x80, 0x7E, 0x38, 0x07, 0xE3, 0xC0, 0xFE, 0x1E, 0x1E, 0xE1, 0xFF, 0xCE, 0x0F, 0xF8, 0xE0,
    0x3F, 0x00, 0x0F, 0xE7, 0xFC, 0xFF, 0xBC, 0x77, 0x0E, 0xE1, 0xDE, 0x3B, 0xFF, 0x3F, 0xE3, 0xFC,
    0xF3, 0x9C, 0x77, 0x0E, 0xE1, 0xF8, 0x38, 0x7F, 0x1F, 0xE7, 0xFC, 0x07, 0x3F, 0xDF, 0xFE, 0x1F,
    0x87, 0xFF, 0xDF, 0xF3, 0xFC, 0x01, 0xC1, 0xF8, 0xFF, 0x3E, 0x07, 0x01, 0xFE, 0x3F, 0xF7, 0xFE,
    0xE1, 0xFC, 0x1F, 0x83, 0xF0, 0x7F, 0x1E, 0xFF, 0x9F, 0xE0, 0xF8, 0xFF, 0x9F, 0xFF, 0xFF, 0xF0,
    0x7F, 0xFD, 0xFF, 0xB8, 0x3F, 0x07, 0xFF, 0xFF, 0xFB, 0xFE, 0x00, 0xFF, 0xFF, 0xFF, 0xFC, 0x0E,
    0x07, 0x03, 0x81, 0xC0, 0xE0, 0x70, 0x38, 0x00, 0x1F, 0xF0, 0x7F, 0xC1, 0xFF, 0x07, 0x1C, 0x1C,
    0x70, 0x71, 0xC3, 0x87, 0x0E, 0x1C, 0xFF, 0xFF, 0xFF, 0xFF, 0xFF, 0xF8, 0x07, 0xE0, 0x1F, 0x80,
    0x70, 0x1F, 0x1F, 0xE7, 0xFF, 0x87, 0xFF, 0xFF, 0xFE, 0x03, 0xC2, 0x7F, 0x9F, 0xE1, 0xF8, 0xF1,
    0xC7, 0xBC, 0xE7, 0x8F, 0x77, 0x83, 0xBB, 0x80, 0xFF, 0x80, 0x7F, 0xC0, 0x3F, 0xE0, 0x3B, 0xB8,
    0x3D, 0xDE, 0x3C, 0xE7, 0xBC, 0x71, 0xE0, 0xFC, 0xFF, 0xFF, 0x07, 0x7E, 0x7E, 0x07, 0x87, 0xFF,
    0xFE, 0x7C, 0xE0, 0xFC, 0x3F, 0x8F, 0xF3, 0xFE, 0xFF, 0xFD, 0xFF, 0x3F, 0xE7, 0xF8, 0xFE, 0x1F,
    0x83, 0x80, 0x10, 0x06, 0x70, 0xFC, 0x0F, 0x00, 0x00, 0x00, 0x38, 0x3F, 0x0F, 0xE3, 0xFC, 0xFF,
    0xBF, 0xFF, 0x7F, 0xCF, 0xF9, 0xFE, 0x3F, 0x87, 0xE0, 0xE0, 0xE1, 0xFC, 0x7B, 0x9E, 0x77, 0x8F,
    0xC1, 0xF8, 0x3F, 0x87, 0x78, 0xE7, 0x9C, 0x7B, 0x87, 0x80, 0x1F, 0xF1, 0xFF, 0x1F, 0xF1, 0xC7,
    0x1C, 0x71, 0xC7, 0x3C, 0x77, 0x87, 0xF8, 0x7F, 0x07, 0xE0, 0x70, 0x70, 0x73, 0x83, 0x9E, 0x3C,
    0xF1, 0xFF, 0xDF, 0xF6, 0xDF, 0xBE, 0xFD, 0xF7, 0xE7, 0x3F, 0x39, 0xF8, 0x0E, 0xE1, 0xF8, 0x7E,
    0x1F, 0x87, 0xFF, 0xFF, 0xFF, 0xFF, 0x87, 0xE1, 0xF8, 0x7E, 0x1C, 0x1F, 0x07, 0xF1, 0xFF, 0x78,
    0xFE, 0x0F, 0xC1, 0xF8, 0x3F, 0x8F, 0x7F, 0xC7, 0xF0, 0x7C, 0x00, 0xFF, 0xFF, 0xFF, 0xFF, 0x87,
    0xE1, 0xF8, 0x7E, 0x1F, 0x87, 0xE1, 0xF8, 0x7E, 0x1C, 0xFF, 0x1F, 0xF3, 0xFF, 0x70, 0xFE, 0x0F,
    0xC1, 0xF8, 0x3F, 0x0F, 0xFF, 0xDF, 0xFB, 0xFC, 0x70, 0x0E, 0x01, 0xC0, 0x38, 0x00, 0x1F, 0x9F,
    0xDF, 0xFE, 0x0E, 0x07, 0x03, 0x81, 0xE0, 0x7F, 0xBF, 0xC7, 0xE0, 0xFF, 0xFF, 0xFF, 0xFF, 0x87,
    0x00, 0xE0, 0x1C, 0x03, 0x80, 0x70, 0x0E, 0x01, 0xC0, 0x38, 0x00, 0xE0, 0xFE, 0x3D, 0xC7, 0x38,
    0xE7, 0x9C, 0x77, 0x0E, 0xE1, 0xF8, 0x1F, 0x03, 0xE0, 0x38, 0x0F, 0x0F, 0xC1, 0xF8, 0x3E, 0x00,
    0x03, 0x80, 0x07, 0x00, 0x0E, 0x00, 0x1C, 0x00, 0x38, 0x01, 0xFC, 0x0F, 0xFE, 0x3F, 0xFE, 0xF3,
    0x9F, 0xC7, 0x1F, 0x8E, 0x3F, 0x1C, 0x7F, 0x39, 0xEF, 0xFF, 0x8F, 0xFE, 0x07, 0xF0, 0x03, 0x80,
    0x07, 0x00, 0x0E, 0x00, 0x1C, 0x00, 0xF0, 0xF7, 0x9E, 0x39, 0xC1, 0xF8, 0x1F, 0x80, 0xF0, 0x1F,
    0x81, 0xF8, 0x39, 0xC7, 0x9E, 0xF0, 0xF0, 0xE1, 0xCE, 0x1C, 0xE1, 0xCE, 0x1C, 0xE1, 0xCE, 0x1C,
    0xE1, 0xCE, 0x1C, 0xFF, 0xFF, 0xFF, 0xFF, 0xF0, 0x07, 0x00, 0x70, 0x07, 0xE1, 0xF8, 0x7E, 0x1F,
    0x87, 0xE1, 0xFF, 0xF7, 0xFC, 0xFF, 0x01, 0xC0, 0x70, 0x1C, 0xE3, 0x8F, 0xC7, 0x1F, 0x8E, 0x3F,
    0x1C, 0x7E, 0x38, 0xFC, 0x71, 0xF8, 0xE3, 0xF1, 0xC7, 0xFF, 0xFF, 0xFF, 0xFF, 0xFF, 0xF8, 0xE3,
    0x8E, 0x71, 0xC7, 0x38, 0xE3, 0x9C, 0x71, 0xCE, 0x38, 0xE7, 0x1C, 0x73, 0x8E, 0x39, 0xC7, 0x1C,
    0xFF, 0xFF, 0xFF, 0xFF, 0xFF, 0xFF, 0xE0, 0x00, 0x70, 0x00, 0x38, 0x00, 0x1C, 0xFC, 0x0F, 0xC0,
    0xFC, 0x01, 0xC0, 0x1F, 0xC1, 0xFE, 0x1F, 0xF1, 0xC7, 0x1F, 0xF1, 0xFE, 0x1F, 0xC0, 0xE0, 0x1F,
    0x80, 0x7E, 0x01, 0xF8, 0x07, 0xFE, 0x1F, 0xFC, 0x7F, 0xF9, 0xF8, 0xE7, 0xFF, 0x9F, 0xFC, 0x7F,
    0xE1, 0xC0, 0xE0, 0x70, 0x38, 0x1C, 0x0F, 0xE7, 0xFB, 0xFF, 0xC7, 0xFF, 0xFF, 0xBF, 0x80, 0xFC,
    0x7F, 0xBF, 0xC0, 0x73, 0xF9, 0xFC, 0x0E, 0x0F, 0xFF, 0x7F, 0x9F, 0x00, 0xE0, 0xF8, 0xE3, 0xFC,
    0xE3, 0xFE, 0xE7, 0x8F, 0xFF, 0x07, 0xFF, 0x07, 0xFF, 0x07, 0xE7, 0x8F, 0xE3, 0xFE, 0xE3, 0xFC,
    0xE0, 0xF8, 0x1F, 0xE7, 0xFD, 0xFF, 0xB8, 0x77, 0x0E, 0xFF, 0xCF, 0xF8, 0xFF, 0x3C, 0xEF, 0x1F,
    0xC3, 0x80, 0x10, 0x0E, 0x01, 0xC0, 0x38, 0x04, 0x00, 0x01, 0xF1, 0xFE, 0x7F, 0xF8, 0x7F, 0xFF,
    0xFF, 0xE0, 0x3C, 0x27, 0xF9, 0xFE, 0x1F, 0x80, 0x33, 0x0E, 0xE3, 0x30, 0x00, 0x00, 0x07, 0xC7,
    0xF9, 0xFF, 0xE1, 0xFF, 0xFF, 0xFF, 0x80, 0xF0, 0x9F, 0xE7, 0xF8, 0x7E, 0x70, 0x07, 0x00, 0xFF,
    0x8F, 0xF8, 0x70, 0x07, 0xF8, 0x7F, 0xE7, 0xFF, 0x70, 0xF7, 0x07, 0x70, 0x77, 0x07, 0x70, 0x77,
    0x07, 0x70, 0x77, 0x07, 0x00, 0x70, 0x7F, 0x07, 0xE0, 0x7C, 0x02, 0x03, 0x03, 0x83, 0x81, 0x80,
    0x03, 0xFF, 0xFF, 0xFF, 0xF0, 0x38, 0x1C, 0x0E, 0x07, 0x03, 0x81, 0xC0, 0xE0, 0x00, 0x1F, 0xBF,
    0xDF, 0xFC, 0x0F, 0xE7, 0xF3, 0x81, 0xE0, 0x7F, 0xBF, 0xC7, 0xC0, 0x3E, 0x7E, 0xFE, 0xE0, 0xFE,
    0xFF, 0x7F, 0x87, 0xFF, 0xFE, 0xFC, 0xFF, 0xF1, 0xFF, 0xFF, 0xFF, 0xFF, 0x67, 0xDD, 0x98, 0x00,
    0x07, 0x0E, 0x1C, 0x38, 0x70, 0xE1, 0xC3, 0x87, 0x0E, 0x1C, 0x1C, 0x71, 0xC7, 0x00, 0x71, 0xC7,
    0x1C, 0x71, 0xC7, 0x1C, 0x71, 0xC7, 0x1F, 0xFF, 0xBC, 0x1F, 0xE0, 0x07, 0xF8, 0x01, 0xFE, 0x00,
    0x73, 0x80, 0x1C, 0xFF, 0x07, 0x3F, 0xE3, 0xCF, 0xFD, 0xE3, 0x87, 0xF8, 0xFF, 0xFC, 0x3F, 0xEE,
    0x0F, 0xF0, 0xE3, 0x80, 0xE3, 0x80, 0xE3, 0x80, 0xE3, 0x80, 0xFF, 0xFC, 0xFF, 0xFE, 0xFF, 0xFF,
    0xE3, 0x87, 0xE3, 0xFF, 0xE3, 0xFE, 0xE3, 0xFC, 0x70, 0x0E, 0x03, 0xF8, 0x7F, 0x07, 0x00, 0xFF,
    0x1F, 0xF3, 0xFF, 0x71, 0xEE, 0x1D, 0xC3, 0xB8, 0x77, 0x0E, 0xE1, 0xDC, 0x3B, 0x87, 0x02, 0x00,
    0xE0, 0x38, 0x0E, 0x00, 0x80, 0x00, 0x38, 0x7F, 0x1E, 0xE7, 0x9D, 0xE3, 0xF0, 0x7E, 0x0F, 0xE1,
    0xDE, 0x39, 0xE7, 0x1E, 0xE1, 0xE0, 0x10, 0x07, 0x00, 0xE0, 0x0E, 0x00, 0x40, 0x00, 0x38, 0x3F,
    0x0F, 0xE3, 0xFC, 0xFF, 0xBF, 0xFF, 0x7F, 0xCF, 0xF9, 0xFE, 0x3F, 0x87, 0xE0, 0xE0, 0x00, 0x06,
    0x70, 0xFC, 0x0F, 0x00, 0x00, 0x00, 0x38, 0x3F, 0x8F, 0x71, 0xCE, 0x39, 0xE7, 0x1D, 0xC3, 0xB8,
    0x7E, 0x07, 0xC0, 0xF8, 0x0E, 0x03, 0xC3, 0xF0, 0x7E, 0x0F, 0x80, 0xE3, 0xF1, 0xF8, 0xFC, 0x7E,
    0x3F, 0x1F, 0x8F, 0xC7, 0xFF, 0xFF, 0xFF, 0xE3, 0x81, 0xC0, 0xE0, 0x1C, 0x00, 0x70, 0x0F, 0xFC,
    0x3F, 0xF0, 0xFF, 0xC0, 0x70, 0x01, 0xFE, 0x07, 0xFE, 0x1F, 0xF8, 0x70, 0xF1, 0xC1, 0xC7, 0x07,
    0x1C, 0x3C, 0x7F, 0xE1, 0xFF, 0x07, 0xF8, 0x1C, 0x00, 0xE0, 0x07, 0x00, 0x38, 0x01, 0xC0, 0x7F,
    0xE3, 0xFF, 0x1F, 0xF8, 0x1C, 0x00, 0xE0, 0x07, 0xF8, 0x3F, 0xF1, 0xC3, 0x8F, 0xFC, 0x7F, 0xE3,
    0xFC, 0x07, 0xC0, 0x3F, 0xE0, 0xFF, 0xE3, 0xC1, 0xE7, 0x01, 0xFF, 0xE1, 0xFF, 0xFF, 0xFF, 0xFF,
    0xE1, 0xFF, 0xC0, 0x1F, 0xC0, 0x7B, 0xC1, 0xE3, 0xFF, 0x83, 0xFE, 0x01, 0xF8, 0x00, 0x1F, 0x07,
    0xF1, 0xFF, 0x78, 0xFF, 0xCF, 0xFF, 0xF9, 0xFF, 0x8F, 0x7F, 0xC7, 0xF0, 0x7C, 0x00, 0xE0, 0x0F,
    0x38, 0x0F, 0xDC, 0x0F, 0xCE, 0x07, 0x03, 0x83, 0x81, 0xC3, 0x80, 0xF1, 0xC0, 0x38, 0xE0, 0x1E,
    0xE0, 0x07, 0x70, 0x03, 0xF8, 0x00, 0xF8, 0x00, 0x7C, 0x00, 0x3E, 0x00, 0x0E, 0x00, 0xE0, 0xFF,
    0x8F, 0x9C, 0x7C, 0xE3, 0x87, 0x38, 0x1D, 0xC0, 0xEE, 0x07, 0xE0, 0x1F, 0x00, 0xF8, 0x03, 0x80,
    0x18, 0xC0, 0x7F, 0x00, 0xF8, 0x00, 0x00, 0xE0, 0x73, 0x83, 0xCE, 0x1F, 0x38, 0x7C, 0xE3, 0xF3,
    0x9F, 0xCE, 0x77, 0x3B, 0x9C, 0xFC, 0x73, 0xF1, 0xCF, 0x87, 0x3C, 0x1C, 0xF0, 0x7F, 0x81, 0xFE,
    0x07, 0xC0, 0x0E, 0x00, 0x38, 0x01, 0xC0, 0x02, 0x00, 0x31, 0x81, 0xFC, 0x07, 0xC0, 0x00, 0x00,
    0x00, 0x70, 0x73, 0x87, 0x9C, 0x7C, 0xE7, 0xE7, 0x7F, 0x3F, 0xB9, 0xF9, 0xCF, 0xCE, 0x7C, 0x7F,
    0xC3, 0xFC, 0x1F, 0x00, 0x30, 0x03, 0x80, 0x18, 0x38, 0x01, 0xC0, 0x3F, 0xC1, 0xFE, 0x03, 0x80,
    0x1F, 0xE0, 0xFF, 0xC7, 0xFE, 0x38, 0x79, 0xC1, 0xCE, 0x0E, 0x70, 0xF3, 0xFF, 0x1F, 0xF8, 0xFF,
    0x00, 0x38, 0x1F, 0xE3, 0xFC, 0x1C, 0x03, 0xF8, 0x7F, 0x8E, 0x39, 0xC7, 0x3F, 0xE7, 0xF8, 0xFE,
    0x00, 0xFF, 0x1F, 0xFB, 0xFF, 0x70, 0xFE, 0x0F, 0xD9, 0xFB, 0xFF, 0xFE, 0xFF, 0xDF, 0xF3, 0x8E,
    0x70, 0xCE, 0x01, 0xC0, 0x38, 0x00, 0xFF, 0x1F, 0xF3, 0xFF, 0x70, 0xFE, 0x0F, 0xC1, 0xF9, 0x3F,
    0x7F, 0xFF, 0xDF, 0xF3, 0xFE, 0x70, 0xCE, 0x1D, 0xC0, 0x38, 0x00, 0x01, 0xC0, 0x70, 0x1F, 0xFF,
    0xFF, 0xFF, 0xFE, 0x03, 0x80, 0xE0, 0x38, 0x0E, 0x03, 0x80, 0xE0, 0x38, 0x0E, 0x03, 0x80, 0xE0,
    0x38, 0x00, 0x03, 0x81, 0xC0, 0xFF, 0xFF, 0xFF, 0xFF, 0x81, 0xC0, 0xE0, 0x70, 0x38, 0x1C, 0x0E,
    0x07, 0x00, 0x3F, 0xF9, 0xFF, 0xCF, 0xFE, 0x70, 0x03, 0x80, 0x1C, 0x03, 0xFE, 0x1F, 0xF0, 0xFF,
    0x81, 0xC0, 0x0E, 0x00, 0x70, 0x03, 0x80, 0x1C, 0x00, 0xE0, 0x00, 0x3F, 0xF3, 0xFF, 0x3F, 0xF3,
    0x80, 0x38, 0x0F, 0xF0, 0xFF, 0x03, 0x80, 0x38, 0x03, 0x80, 0x38, 0x00, 0xFF, 0x9F, 0xF3, 0xFE,
    0x70, 0x0E, 0x01, 0xC0, 0x3F, 0xC7, 0xFC, 0xFF, 0xDC, 0x3F, 0x83, 0xF0, 0x7E, 0x0F, 0xC1, 0xF8,
    0x38, 0x0E, 0x0F, 0xC1, 0xF0, 0x3C, 0x00, 0xFF, 0xBF, 0xEF, 0xFB, 0x80, 0xE0, 0x3F, 0x8F, 0xFB,
    0xFE, 0xE3, 0xF8, 0x7E, 0x1C, 0x0F, 0x1F, 0xC7, 0xE1, 0xE0, 0xF0, 0x70, 0xF3, 0xC3, 0x8F, 0x0F,
    0x1C, 0x70, 0x3C, 0xE7, 0x80, 0xE7, 0x78, 0x03, 0xBF, 0x80, 0x0F, 0xF8, 0x00, 0x7F, 0xC0, 0x07,
    0xFF, 0x00, 0x7B, 0xBC, 0x07, 0x9C, 0xF0, 0x3C, 0xE3, 0xC3, 0xC7, 0x0F, 0xBC, 0x38, 0x3F, 0xC1,
    0xC0, 0xE0, 0x00, 0x07, 0x00, 0x00, 0x38, 0x00, 0x01, 0xC0, 0x00, 0x0E, 0xF1, 0xCF, 0x3C, 0xE7,
    0x0F, 0x77, 0x83, 0xBF, 0x80, 0xFF, 0x80, 0x7F, 0xC0, 0x3F, 0xF0, 0x3B, 0xBC, 0x3D, 0xCF, 0xBC,
    0xE3, 0xFC, 0x70, 0xE0, 0x00, 0x70, 0x00, 0x38, 0x00, 0x1C, 0x3F, 0x0F, 0xF1, 0xFF, 0x10, 0xE0,
    0x1C, 0x07, 0x8F, 0xE1, 0xFC, 0x3F, 0xC0, 0x3C, 0x03, 0xA0, 0x7F, 0xFF, 0xFF, 0x9F, 0xC0, 0xE0,
    0x0E, 0x00, 0xC0, 0x78, 0x0E, 0x00, 0xFC, 0xFF, 0xFF, 0x07, 0x7E, 0x7E, 0x07, 0x87, 0xFF, 0xFF,
    0xFC, 0x38, 0x1C, 0x0C, 0x3C, 0x38, 0xE0, 0xF7, 0x0F, 0x38, 0xF1, 0xCF, 0x0E, 0xF0, 0x7F, 0x03,
    0xF0, 0x1F, 0xC0, 0xEE, 0x07, 0x38, 0x38, 0xE1, 0xC7, 0x8E, 0x1F, 0xF0, 0x7F, 0x81, 0xE0, 0x07,
    0x00, 0x38, 0x01, 0xC0, 0x0E, 0xE1, 0xEE, 0x3C, 0xE7, 0x8E, 0xF0, 0xFE, 0x0F, 0xC0, 0xFF, 0x0E,
    0xF8, 0xE7, 0xFE, 0x3F, 0xE0, 0xF0, 0x07, 0x00, 0x70, 0x07, 0xE0, 0x3F, 0x81, 0xEE, 0xCF, 0x3B,
    0x78, 0xEF, 0xC3, 0xFE, 0x0F, 0xF8, 0x3F, 0xF0, 0xEF, 0xE3, 0xB7, 0x8E, 0xCF, 0x38, 0x3C, 0xE0,
    0x7B, 0x81, 0xEE, 0x03, 0xC0, 0xE0, 0x7E, 0xCE, 0xED, 0xCE, 0xFC, 0xFF, 0x8F, 0xFC, 0xEF, 0xCE,
    0xDE, 0xE0, 0xEE, 0x0E, 0xE0, 0x70, 0x38, 0x00, 0xE0, 0xFF, 0xE7, 0xBF, 0xBC, 0x39, 0xE0, 0xE7,
    0x03, 0xBC, 0x0F, 0xE0, 0x3F, 0x00, 0xFE, 0x03, 0xBC, 0x0E, 0x78, 0x38, 0xF0, 0xE1, 0xC3, 0x87,
    0x8E, 0x0F, 0x70, 0x07, 0xE3, 0xFF, 0x3D, 0xFB, 0xC7, 0x3C, 0x3B, 0xC1, 0xFC, 0x0E, 0xF0, 0x73,
    0xC3, 0x8F, 0x1C, 0x3C, 0xE0, 0xF0, 0xFE, 0x0F, 0x7F, 0x0F, 0x3F, 0x8F, 0x01, 0xCF, 0x00, 0xEF,
    0x00, 0x7F, 0x00, 0x3F, 0x00, 0x1F, 0xC0, 0x0E, 0xF0, 0x07, 0x3C, 0x03, 0x8F, 0x01, 0xC3, 0x80,
    0xE0, 0xE0, 0x70, 0x78, 0x38, 0x1E, 0xFC, 0x7B, 0xF3, 0xCF, 0xDE, 0x07, 0xF0, 0x1F, 0x80, 0x7F,
    0x01, 0xDE, 0x07, 0x3C, 0x1C, 0x70, 0x70, 0xE1, 0xC3, 0xC0, 0xE0, 0xE3, 0x83, 0x8E, 0x0E, 0x38,
    0x38, 0xE0, 0xE3, 0x83, 0x8F, 0xFE, 0x3F, 0xF8, 0xFF, 0xE3, 0x83, 0x8E, 0x0E, 0x38, 0x38, 0xE0,
    0xFF, 0x83, 0xFE, 0x0F, 0xC0, 0x07, 0x00, 0x1C, 0x00, 0x70, 0x01, 0xC0, 0xE1, 0xCE, 0x1C, 0xE1,
    0xCE, 0x1C, 0xFF, 0xCF, 0xFC, 0xFF, 0xCE, 0x1C, 0xE1, 0xFE, 0x1F, 0xE1, 0xF0, 0x07, 0x00, 0x70,
    0x07, 0xE0, 0x7F, 0xE0, 0x7F, 0xE0, 0x7F, 0xE0, 0x70, 0xE0, 0x70, 0xE0, 0x70, 0xFF, 0xF0, 0xFF,
    0xF0, 0xFF, 0xF0, 0xE0, 0x70, 0xE0, 0x70, 0xE0, 0x70, 0xE0, 0x70, 0xE0, 0x70, 0xE0, 0x70, 0xE1,
    0xFF, 0x0F, 0xF8, 0x7F, 0xC3, 0x8F, 0xFC, 0x7F, 0xE3, 0xFF, 0x1C, 0x38, 0xE1, 0xC7, 0x0E, 0x38,
    0x70, 0xFF, 0xE0, 0x0F, 0xFE, 0x00, 0xFF, 0xE0, 0x0E, 0x0E, 0x00, 0xE0, 0xE0, 0x0E, 0x0E, 0x00,
    0xE0, 0xFF, 0x0E, 0x0F, 0xFC, 0xE0, 0xFF, 0xEE, 0x0E, 0x0E, 0xE0, 0xE0, 0x7E, 0x0E, 0x07, 0xE0,
    0xE0, 0x7E, 0x0E, 0x07, 0xE0, 0xE0, 0xF0, 0x00, 0x1E, 0x00, 0x0F, 0xE0, 0x00, 0xFC, 0x00, 0x0F,
    0x00, 0xFF, 0x80, 0xFF, 0x80, 0xFF, 0x80, 0xE3, 0x80, 0xE3, 0xF8, 0xE3, 0xFE, 0xE3, 0xFE, 0xE3,
    0x8F, 0xE3, 0x87, 0xE3, 0x87, 0xE3, 0x87, 0x00, 0x0F, 0x00, 0x7E, 0x00, 0x7E, 0x00, 0x78, 0x07,
    0xE0, 0x3F, 0xC0, 0xFF, 0x03, 0xC0, 0x07, 0x00, 0x1C, 0x1F, 0x38, 0xFF, 0x71, 0xFF, 0xE7, 0x8F,
    0xCE, 0x1F, 0x9C, 0x3B, 0xB8, 0xF7, 0xFF, 0xC7, 0xFF, 0x03, 0xF8, 0x00, 0xF0, 0x00, 0xFC, 0x00,
    0xF8, 0x00, 0x70, 0x1F, 0x0F, 0xE1, 0xFC, 0x79, 0xEE, 0x7F, 0xDD, 0xFB, 0xBF, 0x77, 0x7F, 0xEF,
    0xF8, 0x7E, 0x03, 0xC0, 0x3E, 0x01, 0xC0, 0x0F, 0xE1, 0xFF, 0x3F, 0xF7, 0x82, 0xF0, 0x0E, 0x00,
    0xE0, 0x0E, 0x00, 0xE0, 0x0E, 0x00, 0xF0, 0x07, 0x82, 0x7F, 0xF3, 0xFF, 0x0F, 0xE0, 0x70, 0x03,
    0x80, 0x18, 0x07, 0x80, 0x70, 0x1F, 0x1F, 0xDF, 0xDE, 0x0E, 0x07, 0x03, 0x81, 0xE0, 0x7F, 0x9F,
    0xC3, 0xE3, 0x80, 0x60, 0xF0, 0xF0, 0xFF, 0xFF, 0xFF, 0xFF, 0x87, 0x00, 0xE0, 0x1C, 0x03, 0x80,
    0x70, 0x0E, 0x01, 0xC0, 0x38, 0x07, 0x00, 0xF8, 0x1F, 0x03, 0xE0, 0x1C, 0x03, 0x80, 0x70, 0x0E,
    0x00, 0xFF, 0xFF, 0xFF, 0xFF, 0x87, 0x00, 0xE0, 0x1C, 0x03, 0x80, 0x70, 0x0F, 0x81, 0xF0, 0x3E,
    0x01, 0xC0, 0x38, 0x07, 0x00, 0xF0, 0x7B, 0x83, 0x9E, 0x3C, 0x71, 0xC3, 0xDE, 0x0E, 0xE0, 0x7F,
    0x01, 0xF0, 0x07, 0x00, 0x38, 0x01, 0xC0, 0x0E, 0x00, 0x70, 0x03, 0x80, 0x1C, 0x00, 0xE0, 0xEE,
    0x3D, 0xC7, 0x38, 0xE3, 0xB8, 0x77, 0x0F, 0xE0, 0xF8, 0x1F, 0x01, 0xC0, 0x38, 0x07, 0x00, 0xE0,
    0x1C, 0x03, 0x80, 0xF0, 0x7B, 0x83, 0x9E, 0x3C, 0x71, 0xC3, 0xDE, 0x0E, 0xE0, 0x3E, 0x01, 0xF0,
    0x07, 0x01, 0xFF, 0x0F, 0xF8, 0x0E, 0x00, 0x70, 0x03, 0x80, 0x1C, 0x00, 0xE0, 0xFE, 0x3D, 0xC7,
    0x38, 0xE7, 0x9C, 0x77, 0x0E, 0xE1, 0xFC, 0x1F, 0x0F, 0xF1, 0xFE, 0x07, 0x00, 0xE0, 0x1C, 0x03,
    0x80, 0xF0, 0x79, 0xE1, 0xC3, 0x8E, 0x0F, 0x78, 0x1F, 0xC0, 0x3E, 0x00, 0x78, 0x01, 0xE0, 0x0F,
    0xC0, 0x7F, 0x01, 0xDE, 0x0F, 0x3C, 0x38, 0x7D, 0xC1, 0xFF, 0x03, 0xC0, 0x07, 0x00, 0x1C, 0x00,
    0x70, 0x01, 0xC0, 0xF1, 0xE7, 0x9C, 0x3F, 0x81, 0xF8, 0x0F, 0x00, 0xF0, 0x1F, 0x83, 0xFC, 0x39,
    0xF7, 0x0F, 0xF0, 0xF0, 0x07, 0x00, 0x70, 0x07, 0xFF, 0xE7, 0x1F, 0xFC, 0xE3, 0xFF, 0x9C, 0x07,
    0x03, 0x80, 0xE0, 0x70, 0x1C, 0x0E, 0x03, 0x81, 0xC0, 0x70, 0x38, 0x0E, 0x07, 0x01, 0xC0, 0xE0,
    0x38, 0x1C, 0x07, 0x03, 0x80, 0xFF, 0xFE, 0x1F, 0xFF, 0xC3, 0xFF, 0xF8, 0x00, 0x07, 0x00, 0x00,
    0xE0, 0x00, 0x1C, 0x00, 0x03, 0x80, 0xFE, 0xE7, 0xF7, 0x3F, 0xB8, 0x71, 0xC3, 0x8E, 0x1C, 0x70,
    0xE3, 0x87, 0x1C, 0x3F, 0xF9, 0xFF, 0xCF, 0xFE, 0x00, 0x70, 0x03, 0x80, 0x1C, 0xE0, 0xE7, 0x07,
    0x38, 0x39, 0xC1, 0xCE, 0x0E, 0x70, 0x73, 0xC3, 0x8F, 0xFC, 0x7F, 0xE1, 0xFF, 0x00, 0x38, 0x01,
    0xC0, 0x0F, 0x80, 0x7C, 0x03, 0xE0, 0x07, 0x00, 0x38, 0x01, 0xC0, 0x0E, 0xE1, 0xCE, 0x1C, 0xE1,
    0xCE, 0x1C, 0xE1, 0xCF, 0xFC, 0x7F, 0xC3, 0xFC, 0x01, 0xF0, 0x1F, 0x01, 0xF0, 0x07, 0x00, 0x70,
    0x07, 0xE0, 0xFC, 0x1F, 0x83, 0xF0, 0x7E, 0x0F, 0xCD, 0xFD, 0xBF, 0xFF, 0x7F, 0xE3, 0xFC, 0x1B,
    0x83, 0x70, 0x0E, 0x01, 0xC0, 0x38, 0xE1, 0xF8, 0x7E, 0x1F, 0xB7, 0xED, 0xFF, 0xF7, 0xFC, 0xFF,
    0x0D, 0xC3, 0x70, 0x1C, 0xE0, 0x07, 0x00, 0x38, 0x01, 0xC0, 0x0E, 0x00, 0x7F, 0xE3, 0xFF, 0xDF,
    0xFE, 0xE0, 0x7F, 0x01, 0xF8, 0x0F, 0xC0, 0x7E, 0x03, 0xF0, 0x1F, 0x80, 0xE0, 0xE0, 0x38, 0x0E,
    0x03, 0x80, 0xE0, 0x3F, 0xCF, 0xFB, 0xFF, 0xE3, 0xF8, 0x7E, 0x1F, 0x87, 0xE1, 0xF8, 0x7E, 0x1F,
    0x87, 0x00, 0xF8, 0x01, 0xFF, 0x39, 0xFF, 0xDC, 0xE0, 0xEE, 0xE0, 0x3F, 0xFF, 0xFD, 0xFF, 0xFE,
    0x3F, 0xFF, 0x0E, 0x00, 0x07, 0x00, 0x03, 0xC0, 0x00, 0xF0, 0x40, 0x3F, 0xF0, 0x0F, 0xF8, 0x03,
    0xF0, 0x03, 0xE6, 0x7F, 0xB3, 0xFF, 0xF8, 0x77, 0xFF, 0x9F, 0xFC, 0x70, 0x03, 0xC2, 0x0F, 0xF0,
    0x7F, 0x80, 0xFC, 0x00, 0xF8, 0x01, 0xFF, 0x01, 0xFF, 0xDC, 0xF0, 0xEE, 0xF0, 0x3F, 0x70, 0x1F,
    0xFF, 0xFE, 0xFF, 0xFF, 0x1F, 0xFF, 0x87, 0x00, 0x03, 0x80, 0x00, 0xF0, 0x40, 0x7F, 0xF0, 0x1F,
    0xF8, 0x03, 0xF0, 0x00, 0xE0, 0x00, 0x70, 0x00, 0x38, 0x00, 0x1C, 0x00, 0x03, 0xC0, 0x3F, 0xB3,
    0xFD, 0xBC, 0xFF, 0xC3, 0xBF, 0xFC, 0xFF, 0xE3, 0x82, 0x0F, 0xF0, 0x7F, 0x80, 0xFC, 0x03, 0x80,
    0x1C, 0x00, 0xE0, 0xFF, 0xFF, 0xFF, 0xFF, 0xFF, 0xF8, 0x00, 0x08, 0x00, 0x06, 0x60, 0x00, 0x3F,
    0x00, 0x00, 0xF0, 0x00, 0x00, 0x00, 0x78, 0x38, 0x3D, 0xE1, 0xC3, 0xC7, 0x8E, 0x3C, 0x1E, 0x73,
    0xC0, 0x73, 0xBC, 0x01, 0xDD, 0xC0, 0x07, 0xFC, 0x00, 0x3F, 0xE0, 0x03, 0xFF, 0x80, 0x3D, 0xDE,
    0x03, 0xCE, 0x78, 0x1E, 0x71, 0xC1, 0xE3, 0x8F, 0x1E, 0x1C, 0x3D, 0xE0, 0xE0, 0xF0, 0x00, 0x00,
    0x03, 0x18, 0x00, 0xFC, 0x00, 0x38, 0x00, 0x00, 0x00, 0x00, 0x03, 0xC7, 0x1E, 0xF3, 0x9E, 0x3D,
    0xDE, 0x0E, 0xEE, 0x03, 0xFE, 0x01, 0xFF, 0x00, 0xFF, 0x80, 0xEE, 0xE0, 0xF7, 0x78, 0xF3, 0x9E,
    0xF1, 0xC7, 0x80, 0xE0, 0xFE, 0x1E, 0xE3, 0xCE, 0x78, 0xEF, 0x0F, 0xE0, 0xFF, 0x0F, 0xFC, 0xFF,
    0xEE, 0x1E, 0xE0, 0xFE, 0x07, 0xE0, 0x7E, 0x07, 0xE0, 0x70, 0x0E, 0x07, 0xE0, 0x7C, 0x07, 0x80,
    0xE3, 0xF9, 0xEE, 0x73, 0xB8, 0xFE, 0x3F, 0xCF, 0xFB, 0x8F, 0xE1, 0xF8, 0x7E, 0x1C, 0x07, 0x03,
    0xC3, 0xE0, 0xF0, 0x07, 0xFE, 0x03, 0xFF, 0x01, 0xFF, 0x80, 0xE1, 0xC0, 0x70, 0xE0, 0x38, 0x70,
    0x1C, 0x38, 0x1E, 0x1C, 0x0E, 0x0E, 0x07, 0x07, 0x07, 0x83, 0x87, 0xC1, 0xCF, 0xC0, 0xFF, 0xC0,
    0x7F, 0x80, 0x3E, 0x00, 0x06, 0x00, 0x07, 0x00, 0x03, 0x00, 0x00, 0x80, 0x1F, 0xF0, 0x7F, 0xC1,
    0xFF, 0x07, 0x1C, 0x1C, 0x70, 0x71, 0xC3, 0xC7, 0x1E, 0x1C, 0xF8, 0x7F, 0xC1, 0xFE, 0x07, 0xC0,
    0x06, 0x00, 0x38, 0x00, 0x40, 0xE0, 0xFC, 0x1F, 0x83, 0xF0, 0x7E, 0x0F, 0xC1, 0xFF, 0xFF, 0xFF,
    0xFF, 0xFC, 0x1F, 0x83, 0xF0, 0x7E, 0x0F, 0xC1, 0xF8, 0x38, 0x07, 0x07, 0xE0, 0xF8, 0x1E, 0x00,
    0xE1, 0xF8, 0x7E, 0x1F, 0x87, 0xFF, 0xFF, 0xFF, 0xFF, 0x87, 0xE1, 0xF8, 0x7E, 0x1C, 0x07, 0x0F,
    0xC3, 0xE0, 0xF0, 0xE0, 0xE7, 0x07, 0x38, 0x39, 0xC1, 0xCE, 0x0E, 0x70, 0x73, 0xFF, 0x9F, 0xFC,
    0xFF, 0xE7, 0x07, 0x38, 0x39, 0xC1, 0xCE, 0x0F, 0xF0, 0x7F, 0x83, 0xE0, 0x06, 0x00, 0x70, 0x03,
    0x00, 0x08, 0xE1, 0xCE, 0x1C, 0xE1, 0xCE, 0x1C, 0xFF, 0xCF, 0xFC, 0xFF, 0xCE, 0x1C, 0xE1, 0xFE,
    0x1F, 0xE1, 0xF0, 0x0E, 0x00, 0xE0, 0x0C, 0xE0, 0xFC, 0x1F, 0x83, 0xF0, 0x7E, 0x0F, 0xC1, 0xFC,
    0x3B, 0xFF, 0x7F, 0xE7, 0xFC, 0x03, 0x80, 0x70, 0x3E, 0x07, 0xC0, 0xF8, 0x1C, 0x03, 0x80, 0x70,
    0x0E, 0x00, 0xE1, 0xF8, 0x7E, 0x1F, 0x87, 0xFF, 0xDF, 0xF3, 0xFC, 0x07, 0x01, 0xC1, 0xF0, 0x7C,
    0x1C, 0x07, 0x01, 0xC0, 0x70, 0x0E, 0x1E, 0x07, 0x87, 0x81, 0xE1, 0xF0, 0x78, 0x7C, 0x3E, 0x1B,
    0x8D, 0xCE, 0xE7, 0x73, 0x9D, 0xDC, 0xE7, 0x67, 0x38, 0xF9, 0xCE, 0x3C, 0x73, 0x87, 0x1C, 0xE1,
    0xC7, 0xF8, 0x01, 0xFE, 0x00, 0x7C, 0x00, 0x06, 0x00, 0x03, 0x80, 0x00, 0xC0, 0x00, 0x10, 0x70,
    0x70, 0xE0, 0xE1, 0xE3, 0xE3, 0xC7, 0xCF, 0xDF, 0x9D, 0xB7, 0x3B, 0xEE, 0x77, 0xDC, 0xE7, 0x3F,
    0xCE, 0x7F, 0x80, 0xF8, 0x00, 0x60, 0x01, 0xC0, 0x01, 0x00, 0xFF, 0xFF, 0xFF, 0xFF, 0xFF, 0xF8,
    0x04, 0x00, 0x19, 0xC0, 0x3F, 0x00, 0x3C, 0x00, 0x00, 0x00, 0xF8, 0x01, 0xF0, 0x07, 0xF0, 0x0E,
    0xE0, 0x1D, 0xC0, 0x7B, 0xC0, 0xE3, 0x81, 0xC7, 0x07, 0x8F, 0x0F, 0xFE, 0x3F, 0xFE, 0x7F, 0xFC,
    0xE0, 0x3B, 0xC0, 0x7F, 0x00, 0x70, 0x00, 0x0C, 0x61, 0xF0, 0x38, 0x00, 0x00, 0x07, 0xF1, 0xFE,
    0x7F, 0xC0, 0x73, 0xFD, 0xFF, 0xE1, 0xF8, 0x7F, 0xFD, 0xFF, 0x3F, 0xC0, 0x0C, 0xC0, 0x1D, 0xC0,
    0x33, 0x00, 0x00, 0x00, 0x7C, 0x00, 0xF8, 0x03, 0xF8, 0x07, 0x70, 0x0E, 0xE0, 0x3D, 0xE0, 0x71,
    0xC0, 0xE3, 0x83, 0xC7, 0x87, 0xFF, 0x1F, 0xFF, 0x3F, 0xFE, 0x70, 0x1D, 0xE0, 0x3F, 0x80, 0x38,
    0x3B, 0x8E, 0xE3, 0xB8, 0x00, 0x00, 0x1F, 0xC7, 0xF9, 0xFF, 0x01, 0xCF, 0xF7, 0xFF, 0x87, 0xE1,
    0xFF, 0xF7, 0xFC, 0xFF, 0x00, 0xFF, 0xF0, 0x1F, 0xFF, 0x01, 0xFF, 0xF0, 0x3F, 0x80, 0x03, 0xB8,
    0x00, 0x7B, 0x80, 0x07, 0x3F, 0xE0, 0xF3, 0xFE, 0x0E, 0x3F, 0xE1, 0xFF, 0x80, 0x3F, 0xF8, 0x03,
    0xFF, 0x80, 0x78, 0x3F, 0xF7, 0x03, 0xFF, 0xF0, 0x3F, 0xF0, 0x7E, 0x7C, 0x7F, 0xFE, 0x7F, 0xFF,
    0x03, 0x87, 0x3F, 0xFF, 0x7F, 0xFF, 0xE3, 0x80, 0xE3, 0xC0, 0xFF, 0xFE, 0x7F, 0xFE, 0x3E, 0x7E,
    0x00, 0x0C, 0xE3, 0xF0, 0x78, 0x00, 0x3F, 0xFF, 0xFF, 0xFF, 0xE0, 0x38, 0x0E, 0x03, 0xFE, 0xFF,
    0xBF, 0xEE, 0x03, 0x80, 0xE0, 0x3F, 0xFF, 0xFF, 0xFF, 0x10, 0x0C, 0xC3, 0xF0, 0x78, 0x00, 0x00,
    0x01, 0xF1, 0xFE, 0x7F, 0xF8, 0x7F, 0xFF, 0xFF, 0xE0, 0x3C, 0x27, 0xF9, 0xFE, 0x1F, 0x80, 0x3F,
    0x83, 0xFF, 0x1F, 0xFC, 0x41, 0xE0, 0x03, 0x80, 0x1F, 0xFF, 0xFF, 0xFF, 0xFF, 0xFF, 0x01, 0xF8,
    0x1E, 0xE1, 0xE7, 0xFF, 0x1F, 0xF0, 0x3E, 0x00, 0x7E, 0x1F, 0xE7, 0xF8, 0x0F, 0x01, 0xFF, 0xFF,
    0xFF, 0x87, 0xFF, 0x9F, 0xE3, 0xE0, 0x19, 0x80, 0xEE, 0x06, 0x60, 0x00, 0x03, 0xF8, 0x3F, 0xF1,
    0xFF, 0xC4, 0x1E, 0x00, 0x38, 0x01, 0xFF, 0xFF, 0xFF, 0xFF, 0xFF, 0xF0, 0x1F, 0x81, 0xEE, 0x1E,
    0x7F, 0xF1, 0xFF, 0x03, 0xE0, 0x33, 0x1D, 0xC3, 0x30, 0x00, 0x00, 0x1F, 0x87, 0xF9, 0xFE, 0x03,
    0xC0, 0x7F, 0xFF, 0xFF, 0xE1, 0xFF, 0xE7, 0xF8, 0xF8, 0x01, 0x98, 0x00, 0x0E, 0xE0, 0x00, 0x66,
    0x00, 0x00, 0x00, 0x0F, 0x07, 0x07, 0xBC, 0x38, 0x78, 0xF1, 0xC7, 0x83, 0xCE, 0x78, 0x0E, 0x77,
    0x80, 0x3B, 0xB8, 0x00, 0xFF, 0x80, 0x07, 0xFC, 0x00, 0x7F, 0xF0, 0x07, 0xBB, 0xC0, 0x79, 0xCF,
    0x03, 0xCE, 0x38, 0x3C, 0x71, 0xE3, 0xC3, 0x87, 0xBC, 0x1C, 0x1E, 0x03, 0x30, 0x03, 0xB8, 0x00,
    0xCC, 0x00, 0x00, 0x00, 0x00, 0x07, 0x8E, 0x3D, 0xE7, 0x3C, 0x7B, 0xBC, 0x1D, 0xDC, 0x07, 0xFC,
    0x03, 0xFE, 0x01, 0xFF, 0x01, 0xDD, 0xC1, 0xEE, 0xF1, 0xE7, 0x3D, 0xE3, 0x8F, 0x33, 0x0E, 0xE0,
    0xCC, 0x00, 0x00, 0x00, 0x7E, 0x1F, 0xE3, 0xFE, 0x21, 0xC0, 0x38, 0x0F, 0x1F, 0xC3, 0xF8, 0x7F,
    0x80, 0x78, 0x07, 0x40, 0xFF, 0xFF, 0xFF, 0x1F, 0x80, 0x66, 0xEE, 0x66, 0x00, 0x00, 0xFC, 0xFF,
    0xFF, 0x07, 0x7E, 0x7E, 0x07, 0x87, 0xFF, 0xFE, 0x7C, 0x7F, 0xF7, 0xFF, 0x7F, 0xF0, 0x1E, 0x03,
    0xC0, 0x78, 0x0F, 0xC0, 0xFE, 0x00, 0xF0, 0x07, 0x00, 0x74, 0x0F, 0xFF, 0xEF, 0xFE, 0x3F, 0x80,
    0x7F, 0xDF, 0xF7, 0xFC, 0x0E, 0x07, 0x03, 0x81, 0xF0, 0x7E, 0x03, 0xC0, 0x70, 0x1D, 0x0F, 0x7F,
    0xDF, 0xE7, 0xE0, 0x3F, 0x83, 0xF8, 0x00, 0x0E, 0x07, 0xE0, 0xFE, 0x1F, 0xE1, 0xFE, 0x3F, 0xE7,
    0xFE, 0x77, 0xEE, 0x7F, 0xC7, 0xFC, 0x7F, 0x87, 0xF0, 0x7F, 0x07, 0xE0, 0x7E, 0x07, 0x3F, 0x87,
    0xF0, 0x00, 0x00, 0x0E, 0x0F, 0xC3, 0xF8, 0xFF, 0x3F, 0xEF, 0xFF, 0xDF, 0xF3, 0xFE, 0x7F, 0x8F,
    0xE1, 0xF8, 0x38, 0x19, 0x81, 0xDC, 0x19, 0x80, 0x00, 0xE0, 0x7E, 0x0F, 0xE1, 0xFE, 0x1F, 0xE3,
    0xFE, 0x7F, 0xE7, 0x7E, 0xE7, 0xFC, 0x7F, 0xC7, 0xF8, 0x7F, 0x07, 0xF0, 0x7E, 0x07, 0xE0, 0x70,
    0x3B, 0x87, 0x70, 0xEE, 0x00, 0x00, 0x01, 0xC1, 0xF8, 0x7F, 0x1F, 0xE7, 0xFD, 0xFF, 0xFB, 0xFE,
    0x7F, 0xCF, 0xF1, 0xFC, 0x3F, 0x07, 0x0C, 0xC0, 0x1D, 0xC0, 0x33, 0x00, 0x00, 0x00, 0x7C, 0x03,
    0xFE, 0x0F, 0xFE, 0x3C, 0x1E, 0x70, 0x1F, 0xC0, 0x1F, 0x80, 0x3F, 0x00, 0x7E, 0x00, 0xFC, 0x01,
    0xFC, 0x07, 0xBC, 0x1E, 0x3F, 0xF8, 0x3F, 0xE0, 0x1F, 0x80, 0x33, 0x07, 0x70, 0xCC, 0x00, 0x00,
    0x00, 0x3E, 0x0F, 0xE3, 0xFE, 0xF1, 0xFC, 0x1F, 0x83, 0xF0, 0x7F, 0x1E, 0xFF, 0x8F, 0xE0, 0xF8,
    0x07, 0xC0, 0x3F, 0xE0, 0xFF, 0xE3, 0xC1, 0xE7, 0x01, 0xFC, 0x01, 0xFF, 0xFF, 0xFF, 0xFF, 0xE0,
    0x0F, 0xC0, 0x1F, 0xC0, 0x7B, 0xC1, 0xE3, 0xFF, 0x83, 0xFE, 0x01, 0xF8, 0x00, 0x1F, 0x07, 0xF1,
    0xFF, 0x70, 0x7F, 0xFF, 0xFF, 0xF8, 0x3F, 0x8F, 0x7F, 0xC7, 0xF0, 0x7C, 0x00, 0x0C, 0xC0, 0x1D,
    0xC0, 0x33, 0x00, 0x00, 0x00, 0x7C, 0x03, 0xFE, 0x0F, 0xFE, 0x3C, 0x1E, 0x70, 0x1F, 0xC0, 0x1F,
    0xFF, 0xFF, 0xFF, 0xFE, 0x00, 0xFC, 0x01, 0xFC, 0x07, 0xBC, 0x1E, 0x3F, 0xF8, 0x3F, 0xE0, 0x1F,
    0x80, 0x33, 0x07, 0x70, 0xCC, 0x00, 0x00, 0x00, 0x3E, 0x0F, 0xE3, 0xFE, 0xE0, 0xFF, 0xFF, 0xFF,
    0xF0, 0x7F, 0x1E, 0xFF, 0x8F, 0xE0, 0xF8, 0x3B, 0x83, 0xB8, 0x3B, 0x80, 0x00, 0x3F, 0x0F, 0xFC,
    0x7F, 0xE4, 0x1E, 0x00, 0xF0, 0x07, 0x1F, 0xF1, 0xFF, 0x1F, 0xF0, 0x07, 0x00, 0xF4, 0x1E, 0xFF,
    0xEF, 0xFC, 0x3F, 0x00, 0x66, 0x3B, 0x99, 0x80, 0x00, 0x07, 0xE3, 0xFD, 0xFE, 0x03, 0x9F, 0xCF,
    0xE0, 0x70, 0x7F, 0xFB, 0xFC, 0xF8, 0x1F, 0xC0, 0xFE, 0x00, 0x01, 0xE0, 0x77, 0x07, 0x38, 0x39,
    0xE3, 0xC7, 0x1C, 0x3C, 0xE0, 0xEE, 0x07, 0x70, 0x3F, 0x00, 0xF8, 0x07, 0x80, 0x3C, 0x1F, 0xC0,
    0xFE, 0x07, 0xC0, 0x00, 0x3F, 0x87, 0xF0, 0x00, 0x00, 0x0E, 0x0F, 0xE3, 0xDC, 0x73, 0x8E, 0x79,
    0xC7, 0x70, 0xEE, 0x1F, 0x81, 0xF0, 0x3E, 0x03, 0x80, 0xF0, 0xFC, 0x1F, 0x83, 0xE0, 0x00, 0x0C,
    0xC0, 0x77, 0x03, 0x30, 0x00, 0x0F, 0x03, 0xB8, 0x39, 0xC1, 0xCF, 0x1E, 0x38, 0xE1, 0xE7, 0x07,
    0x70, 0x3B, 0x81, 0xF8, 0x07, 0xC0, 0x3C, 0x01, 0xE0, 0xFE, 0x07, 0xF0, 0x3E, 0x00, 0x3B, 0x87,
    0x70, 0xEE, 0x00, 0x00, 0x01, 0xC1, 0xFC, 0x7B, 0x8E, 0x71, 0xCF, 0x38, 0xEE, 0x1D, 0xC3, 0xF0,
    0x3E, 0x07, 0xC0, 0x70, 0x1E, 0x1F, 0x83, 0xF0, 0x7C, 0x00, 0x02, 0x20, 0x33, 0x01, 0x98, 0x19,
    0x80, 0x88, 0x00, 0x03, 0xC0, 0xEE, 0x0E, 0x70, 0x73, 0xC7, 0x8E, 0x38, 0x79, 0xC1, 0xDC, 0x0E,
    0xE0, 0x7E, 0x01, 0xF0, 0x0F, 0x00, 0x78, 0x3F, 0x81, 0xFC, 0x0F, 0x80, 0x00, 0x08, 0x81, 0x98,
    0x66, 0x0C, 0xC1, 0x10, 0x00, 0x38, 0x3F, 0x8F, 0x71, 0xCE, 0x39, 0xE7, 0x1D, 0xC3, 0xB8, 0x7E,
    0x07, 0xC0, 0xF8, 0x0E, 0x03, 0xC3, 0xF0, 0x7E, 0x0F, 0x80, 0x3B, 0x87, 0x70, 0xEE, 0x00, 0x0E,
    0x0F, 0xC1, 0xF8, 0x3F, 0x07, 0xE0, 0xFC, 0x1F, 0xC3, 0xBF, 0xF7, 0xFE, 0x7F, 0xC0, 0x38, 0x07,
    0x00, 0xE0, 0x1C, 0x03, 0x80, 0x77, 0x1D, 0xC7, 0x70, 0x00, 0x00, 0x38, 0x7E, 0x1F, 0x87, 0xE1,
    0xF8, 0x7F, 0xFD, 0xFF, 0x3F, 0xC0, 0x70, 0x1C, 0x07, 0xFF, 0xFF, 0xFF, 0xFC, 0x0E, 0x07, 0x03,
    0x81, 0xC0, 0xE0, 0x70, 0x38, 0x1C, 0x0F, 0x87, 0xC3, 0xE0, 0x70, 0x38, 0x1C, 0x0E, 0x00, 0xFF,
    0xFF, 0xFF, 0xFC, 0x0E, 0x07, 0x03, 0x81, 0xC0, 0xF8, 0x7C, 0x3E, 0x07, 0x03, 0x81, 0xC0, 0x06,
    0x60, 0x1D, 0xC0, 0x19, 0x80, 0x00, 0x0E, 0x00, 0xFC, 0x01, 0xF8, 0x03, 0xF0, 0x07, 0xE0, 0x0F,
    0xFC, 0x1F, 0xFE, 0x3F, 0xFC, 0x7E, 0x3C, 0xFC, 0x39, 0xF8, 0x73, 0xF1, 0xE7, 0xFF, 0x8F, 0xFF,
    0x1F, 0xF8, 0x38, 0x0C, 0xC0, 0x77, 0x00, 0xCC, 0x00, 0x00, 0x00, 0x03, 0x80, 0x7E, 0x01, 0xF8,
    0x07, 0xE0, 0x1F, 0xF8, 0x7F, 0xF1, 0xFF, 0xE7, 0xE3, 0x9F, 0xFE, 0x7F, 0xF1, 0xFF, 0x87, 0x7C,
    0x7B, 0xE3, 0xCF, 0x9E, 0x3C, 0xF0, 0xF7, 0x9F, 0xF8, 0xFF, 0x8F, 0x78, 0x7B, 0xC3, 0xCF, 0x3C,
    0x7D, 0xE1, 0xEF, 0x0F, 0x80, 0x7F, 0x07, 0xF8, 0x7F, 0xC0, 0x3C, 0x03, 0xC0, 0x3C, 0x03, 0xC0,
    0x3C, 0x03, 0xC0, 0x3C, 0xFF, 0xEF, 0xFE, 0xFF, 0xE0, 0x3C, 0x1F, 0x1F, 0xC1, 0xE0, 0xF0, 0x78,
    0x3C, 0x1E, 0x0F, 0x0F, 0xBF, 0xDE, 0xEE, 0x78, 0xFF, 0xFF, 0xFF, 0xFF, 0x80, 0x00, 0x38, 0x0F,
    0x01, 0xE0, 0x3C, 0x07, 0x80, 0xF0, 0x1E, 0x03, 0xC0, 0x78, 0xFF, 0x9F, 0xFB, 0xFF, 0x80, 0xF0,
    0x1E, 0x03, 0xFC, 0x7F, 0x8F, 0xF1, 0xFE, 0x3F, 0xC7, 0xF8, 0xFF, 0x1E, 0x7D, 0xF7, 0xCF, 0x3C,
    0xF3, 0xCF, 0x3C, 0xF3, 0xCF, 0x3C, 0xFF, 0xFF, 0xF9, 0xC7, 0x8E, 0x1C, 0x7C, 0x78, 0xF1, 0xE3,
    0xC7, 0x80, 0xFF, 0xC7, 0xFF, 0xBF, 0xFE, 0x70, 0xF7, 0x87, 0xBC, 0x3D, 0xE1, 0xEF, 0x0F, 0x78,
    0x7B, 0xC3, 0xDE, 0x1E, 0xF0, 0xF7, 0x87, 0x80, 0xF3, 0xCF, 0x3E, 0xF3, 0xEF, 0x0F, 0xF0, 0xFF,
    0x0F, 0xF0, 0xFF, 0x0F, 0xF0, 0xF7, 0x9E, 0x7F, 0xE3, 0xFC, 0x1F, 0x80, 0x7D, 0xF7, 0xCF, 0x3C,
    0xF3, 0xCF, 0xFE, 0x3F, 0xEF, 0xF8, 0x0F, 0x03, 0xC0, 0xF0, 0x3C, 0x0F, 0x03, 0xC0, 0xF0, 0x3C,
    0x0F, 0x03, 0xC0, 0xF0, 0x3C, 0x0F, 0x03, 0xC0, 0x7E, 0x1F, 0xC7, 0xF8, 0x1F, 0x03, 0xC0, 0xF0,
    0x3C, 0x0F, 0x03, 0xC1, 0xFF, 0xFB, 0xFC, 0xFE, 0x00, 0xF0, 0x1E, 0x03, 0xC0, 0x7F, 0xFF, 0xFD,
    0xFF, 0x80, 0xF0, 0x1E, 0x07, 0x80, 0xF0, 0x1E, 0x07, 0x80, 0xF0, 0x1E, 0x07, 0x80, 0xF0, 0xFF,
    0xE7, 0xFF, 0xBF, 0xFE, 0x70, 0xF7, 0x87, 0xBC, 0x3D, 0xE1, 0xEF, 0x0F, 0x78, 0x7B, 0xC3, 0xDF,
    0xFE, 0xFF, 0xF7, 0xFF, 0x80, 0xF1, 0xE1, 0xFF, 0xE7, 0xFF, 0x9F, 0x9F, 0x3C, 0x3C, 0xF0, 0xF3,
    0xC3, 0xCF, 0x0F, 0x78, 0x3D, 0xE1, 0xF7, 0x9F, 0x9E, 0x7C, 0x7B, 0xE0, 0x7D, 0xF7, 0xCF, 0x3C,
    0xF3, 0xCF, 0x3C, 0xF3, 0xCF, 0x3C, 0xF3, 0xCF, 0x3C, 0x78, 0xF9, 0xF8, 0xF1, 0xE3, 0xC7, 0x8F,
    0x1E, 0x3F, 0xFF, 0xFF, 0xE0, 0xFF, 0x8F, 0xFC, 0xFF, 0xE7, 0x1F, 0xF0, 0xFF, 0x0F, 0xF0, 0xFF,
    0x0F, 0xF0, 0xFF, 0x9E, 0x7F, 0xE3, 0xFC, 0x1F, 0x80, 0x70, 0xF7, 0x8F, 0x78, 0xF7, 0x8F, 0x78,
    0xF7, 0x9E, 0x39, 0xE3, 0xDE, 0x3D, 0xE3, 0xFC, 0xFF, 0xCF, 0xF0, 0xFC, 0x08, 0x00, 0x1F, 0x87,
    0xFC, 0xFF, 0xEF, 0x1F, 0xF0, 0xFF, 0x8F, 0xF8, 0xF7, 0x8F, 0x18, 0xF0, 0x0F, 0x00, 0xF0, 0x0F,
    0x00, 0xF0, 0x0F, 0x00, 0xF0, 0x0F, 0x00, 0xF0, 0x1F, 0x87, 0xFC, 0xFF, 0xEF, 0x1E, 0xF0, 0xFF,
    0x8F, 0xF8, 0xF7, 0x8F, 0x38, 0xF0, 0x1E, 0xFF, 0xEF, 0xFC, 0xFF, 0x00, 0xF8, 0xF7, 0x8F, 0x78,
    0xF3, 0xCF, 0x3C, 0xE3, 0xDE, 0x1F, 0xE1, 0xFC, 0x1F, 0x80, 0xF0, 0x0F, 0x00, 0xF0, 0x0F, 0x00,
    0x78, 0x07, 0x80, 0x78, 0x07, 0x80, 0xF1, 0xFF, 0x3D, 0xE7, 0x9E, 0xF3, 0xFE, 0x3F, 0x87, 0xE0,
    0x78, 0x0F, 0x80, 0xF3, 0xFF, 0x7F, 0xEF, 0xFC, 0xFF, 0xFF, 0xFF, 0xFF, 0xF0, 0x1F, 0x01, 0xE0,
    0x1E, 0xF1, 0xEF, 0x1E, 0xF3, 0xCF, 0x3C, 0xF3, 0xCF, 0x3C, 0xF7, 0x8F, 0x00, 0xF0, 0x0F, 0x00,
    0xF0, 0x00, 0xFE, 0x7F, 0xBF, 0xE0, 0xF0, 0x78, 0x3C, 0x1E, 0x0F, 0x07, 0x83, 0xC1, 0xE0, 0xF0,
    0x78, 0xF7, 0xBF, 0xDE, 0xFF, 0x7B, 0xFD, 0xEF, 0xFF, 0xBF, 0xFC, 0xFF, 0xF3, 0xFF, 0x0F, 0xF8,
    0x7D, 0xE1, 0xE7, 0xFF, 0x8F, 0xFC, 0x0F, 0xC0, 0x7F, 0xE7, 0xFF, 0xBF, 0xFE, 0x78, 0xF3, 0xC7,
    0x9E, 0x3C, 0xF1, 0xE7, 0x8F, 0x3C, 0x79, 0xE3, 0xFF, 0x1F, 0xF0, 0xFF, 0x07, 0x80, 0x67, 0xEF,
    0xF7, 0x77, 0xFF, 0xEE, 0x00, 0x00, 0x4F, 0xFF, 0x3F, 0x1F, 0xF7, 0xFB, 0xC6, 0xF0, 0x1E, 0x03,
    0xC0, 0x78, 0x0E, 0x03, 0x80, 0x00, 0x10, 0x0E, 0x07, 0xC0, 0xE0, 0x0F, 0x0F, 0xC3, 0xE1, 0xE4,
    0x78, 0x0E, 0x23, 0xF8, 0xFF, 0xFF, 0x9F, 0x87, 0x00, 0xFF, 0xFF, 0xFF, 0x21, 0xCF, 0xDE, 0x30,
    0xF3, 0xC7, 0x1E, 0x79, 0xE7, 0x9E, 0x78, 0xE3, 0x8F, 0x3C, 0xF0, 0xF0, 0xEF, 0x1D, 0xFF, 0xBF,
    0xE7, 0xFC, 0xFC, 0x0E, 0x01, 0xE0, 0x3C, 0x07, 0x80, 0xF0, 0x1E, 0x03, 0xC0, 0x78, 0x00, 0xF2,
    0x6F, 0x36, 0x7F, 0xF7, 0xFE, 0x7F, 0xE7, 0xCC, 0x78, 0x07, 0x80, 0x38, 0x03, 0x80, 0x38, 0x03,
    0x80, 0x3C, 0x03, 0xC0, 0x02, 0x0E, 0x0F, 0x8F, 0xC7, 0x87, 0x81, 0xF0, 0xF8, 0x3E, 0x3E, 0x3C,
    0x1E, 0x1F, 0xFB, 0xFC, 0xFE, 0x3F, 0x1F, 0xC7, 0xFB, 0xCE, 0xF3, 0xF8, 0xFE, 0x3F, 0xDE, 0xFF,
    0x9F, 0xC3, 0xE0, 0x80, 0x3F, 0xCF, 0xF3, 0xFE, 0x3F, 0x81, 0xE0, 0x78, 0x1E, 0x07, 0x81, 0xE0,
    0x38, 0x0E, 0x03, 0xC0, 0xF0, 0x3C, 0x10, 0x87, 0x0F, 0xF0, 0xE7, 0x1E, 0x79, 0xE7, 0x9C, 0x39,
    0xC3, 0xBC, 0x3B, 0x81, 0xF8, 0x1F, 0x81, 0xF0, 0x1F, 0x00, 0xF0, 0x0F, 0x00, 0x0F, 0x00, 0xF0,
    0x1F, 0x01, 0xF8, 0x1F, 0x81, 0xF8, 0x3B, 0x83, 0xBC, 0x39, 0xC7, 0x9C, 0x79, 0xE7, 0x1E, 0xF0,
    0xE7, 0x0F, 0x00, 0x80, 0x3E, 0x1F, 0xCF, 0xFB, 0xDE, 0xE3, 0xBC, 0xEF, 0xFB, 0xFE, 0x7F, 0x80,
    0xF0, 0x3C, 0x0F, 0x03, 0xC0, 0x70, 0x00, 0x18, 0x01, 0xF4, 0x03, 0xDE, 0x0F, 0x78, 0x1D, 0xC0,
    0x77, 0x01, 0xFC, 0x07, 0x78, 0x3D, 0xFF, 0xF7, 0xFF, 0x8F, 0xFC, 0x07, 0xC0, 0xFF, 0xC0, 0x21,
    0xCF, 0xDE, 0x30, 0xF3, 0xC7, 0x1E, 0x79, 0xE7, 0x9E, 0x78, 0xE3, 0x8F, 0x3C, 0xF0, 0xF0, 0xEF,
    0x1D, 0xFF, 0xBF, 0xE7, 0xFC, 0xFC, 0x0E, 0x01, 0xE0, 0x3C, 0x07, 0x80, 0xF0, 0x1E, 0x03, 0xC0,
    0x78, 0x00, 0xF2, 0x6F, 0x36, 0x7F, 0xF7, 0xFE, 0x7F, 0xE7, 0xCC, 0x78, 0x07, 0x80, 0x38, 0x03,
    0x80, 0x38, 0x03, 0x80, 0x3C, 0x03, 0xC0, 0xF3, 0xCE, 0x79, 0xFE, 0xBD, 0x87, 0xFE, 0xFF, 0xDF,
    0xF9, 0xC0, 0x38, 0x07, 0x00, 0xF0, 0x1E, 0x03, 0xC0, 0x78, 0x00, 0x04, 0x01, 0xE0, 0x1F, 0x01,
    0xF8, 0x3F, 0x83, 0xFC, 0x79, 0xE7, 0x1E, 0xF0, 0xEF, 0x6E, 0xF6, 0xFF, 0xFE, 0x7F, 0xE3, 0xBC,
    0x3E, 0x1F, 0x8F, 0xE3, 0xC0, 0xF0, 0x3E, 0x47, 0xF8, 0xFF, 0x1F, 0x8F, 0xC7, 0xC1, 0xF0, 0xF8,
    0x1C, 0x01, 0x00, 0x10, 0x87, 0x0F, 0xF0, 0xE7, 0x1E, 0x79, 0xE7, 0x9C, 0x39, 0xC3, 0xBC, 0x3B,
    0x81, 0xF8, 0x1F, 0x81, 0xF0, 0x1F, 0x00, 0xF0, 0x0F, 0x00, 0x0F, 0x00, 0xF0, 0x1F, 0x01, 0xF8,
    0x1F, 0x81, 0xF8, 0x3B, 0x83, 0xBC, 0x39, 0xC7, 0x9C, 0x79, 0xE7, 0x1E, 0xF0, 0xE7, 0x0F, 0x00,
    0x80, 0x3E, 0x1F, 0xCF, 0xFB, 0xDE, 0xE3, 0xBC, 0xEF, 0xFB, 0xFE, 0x7F, 0x80, 0xF0, 0x3C, 0x0F,
    0x03, 0xC0, 0x70, 0x07, 0x80, 0x0F, 0x80, 0x1F, 0x00, 0x77, 0x00, 0xEE, 0x03, 0x9E, 0x07, 0x1C,
    0x0E, 0x38, 0x3F, 0xF8, 0x7F, 0xF1, 0xFF, 0xF3, 0x81, 0xE7, 0x01, 0xDE, 0x03, 0xC0, 0x00, 0x01,
    0xC0, 0x03, 0x80, 0x07, 0x00, 0x7F, 0x3F, 0xD1, 0xE0, 0x73, 0xFF, 0xFF, 0xCF, 0xC7, 0xE3, 0xFF,
    0xDF, 0xE0, 0x00, 0xC0, 0xE0, 0x70, 0x07, 0x80, 0x0F, 0x80, 0x03, 0x00, 0x1C, 0x00, 0x30, 0x00,
    0x00, 0x01, 0xE0, 0x03, 0xE0, 0x07, 0xC0, 0x1D, 0xC0, 0x3B, 0x80, 0xE7, 0x81, 0xC7, 0x03, 0x8E,
    0x0F, 0xFE, 0x1F, 0xFC, 0x7F, 0xFC, 0xE0, 0x79, 0xC0, 0x77, 0x80, 0xF0, 0x1E, 0x0F, 0x01, 0x81,
    0x80, 0x03, 0xF9, 0xFE, 0x8F, 0x03, 0x9F, 0xFF, 0xFE, 0x7E, 0x3F, 0x1F, 0xFE, 0xFF, 0x00, 0x18,
    0x00, 0x38, 0x04, 0xE0, 0x1D, 0x80, 0x7C, 0x00, 0xD8, 0x00, 0x00, 0x00, 0x00, 0x07, 0x80, 0x0F,
    0x80, 0x1F, 0x00, 0x77, 0x00, 0xEE, 0x03, 0x9E, 0x07, 0x1C, 0x0E, 0x38, 0x3F, 0xF8, 0x7F, 0xF1,
    0xFF, 0xF3, 0x81, 0xE7, 0x01, 0xDE, 0x03, 0xC0, 0x00, 0x40, 0x1C, 0x07, 0x04, 0xC3, 0xC0, 0xEE,
    0x08, 0x80, 0x00, 0x7F, 0x0F, 0xF1, 0x1E, 0x01, 0xC3, 0xF9, 0xFF, 0x3C, 0xE7, 0x1C, 0xE3, 0x9F,
    0xF1, 0xFE, 0x00, 0x00, 0x00, 0x01, 0x80, 0x03, 0x80, 0x0B, 0x80, 0x3A, 0x00, 0xF8, 0x01, 0xB0,
    0x00, 0x00, 0x00, 0x00, 0x0F, 0x00, 0x1F, 0x00, 0x3E, 0x00, 0xEE, 0x01, 0xDC, 0x07, 0x3C, 0x0E,
    0x38, 0x1C, 0x70, 0x7F, 0xF0, 0xFF, 0xE3, 0xFF, 0xE7, 0x03, 0xCE, 0x03, 0xBC, 0x07, 0x80, 0x02,
    0x01, 0xC0, 0x38, 0x26, 0x3C, 0x1D, 0xC2, 0x20, 0x00, 0x7F, 0x1F, 0xE4, 0x78, 0x0E, 0x3F, 0xBF,
    0xEF, 0x3B, 0x8E, 0xE3, 0xBF, 0xE7, 0xF8, 0x00, 0x78, 0x00, 0xF0, 0x00, 0x60, 0x09, 0x80, 0x38,
    0x00, 0xF8, 0x01, 0xB0, 0x00, 0x00, 0x00, 0x00, 0x0F, 0x00, 0x1F, 0x00, 0x3E, 0x00, 0xEE, 0x01,
    0xDC, 0x07, 0x3C, 0x0E, 0x38, 0x1C, 0x70, 0x7F, 0xF0, 0xFF, 0xE3, 0xFF, 0xE7, 0x03, 0xCE, 0x03,
    0xBC, 0x07, 0x80, 0x03, 0xC0, 0x7C, 0x03, 0x04, 0xC3, 0xC0, 0xEE, 0x08, 0x80, 0x00, 0x7F, 0x0F,
    0xF1, 0x1E, 0x01, 0xC3, 0xF9, 0xFF, 0x3C, 0xE7, 0x1C, 0xE3, 0x9F, 0xF1, 0xFE, 0x00, 0x0F, 0xE0,
    0x1F, 0xC0, 0x03, 0x00, 0x08, 0x00, 0x38, 0x00, 0xF8, 0x01, 0xB0, 0x00, 0x00, 0x00, 0x00, 0x0F,
    0x00, 0x1F, 0x00, 0x3E, 0x00, 0xEE, 0x01, 0xDC, 0x07, 0x3C, 0x0E, 0x38, 0x1C, 0x70, 0x7F, 0xF0,
    0xFF, 0xE3, 0xFF, 0xE7, 0x03, 0xCE, 0x03, 0xBC, 0x07, 0x80, 0x32, 0x3F, 0x9B, 0x80, 0x00, 0x81,
    0xE1, 0xDC, 0x44, 0x00, 0x3F, 0x9F, 0xE8, 0xF0, 0x39, 0xFF, 0xFF, 0xE7, 0xE3, 0xF1, 0xFF, 0xEF,
    0xF0, 0x01, 0x00, 0x07, 0x00, 0x1F, 0x00, 0x36, 0x00, 0x00, 0x00, 0x00, 0x01, 0xE0, 0x03, 0xE0,
    0x07, 0xC0, 0x1D, 0xC0, 0x3B, 0x80, 0xE7, 0x81, 0xC7, 0x03, 0x8E, 0x0F, 0xFE, 0x1F, 0xFC, 0x7F,
    0xFC, 0xE0, 0x79, 0xC0, 0x77, 0x80, 0xF0, 0x00, 0x00, 0x70, 0x00, 0xE0, 0x01, 0xC0, 0x08, 0x1E,
    0x1D, 0xC4, 0x40, 0x03, 0xF9, 0xFE, 0x8F, 0x03, 0x9F, 0xFF, 0xFE, 0x7E, 0x3F, 0x1F, 0xFE, 0xFF,
    0x00, 0x06, 0x07, 0x03, 0x80, 0x00, 0xC0, 0x01, 0xC0, 0x07, 0x00, 0x0C, 0x00, 0xE6, 0x00, 0xFC,
    0x01, 0xF0, 0x00, 0x00, 0x00, 0x00, 0x0F, 0x00, 0x1F, 0x00, 0x3E, 0x00, 0xEE, 0x01, 0xDC, 0x07,
    0x3C, 0x0E, 0x38, 0x1C, 0x70, 0x7F, 0xF0, 0xFF, 0xE3, 0xFF, 0xE7, 0x03, 0xCE, 0x03, 0xBC, 0x07,
    0x80, 0x00, 0x03, 0x81, 0xC1, 0xC0, 0xC3, 0x98, 0xFC, 0x7C, 0x08, 0x00, 0x1F, 0xCF, 0xF4, 0x78,
    0x1C, 0xFF, 0xFF, 0xF3, 0xF1, 0xF8, 0xFF, 0xF7, 0xF8, 0x06, 0x00, 0x0E, 0x00, 0x0E, 0x00, 0x0C,
    0x00, 0xE6, 0x00, 0xFC, 0x01, 0xF0, 0x00, 0x00, 0x00, 0x00, 0x0F, 0x00, 0x1F, 0x00, 0x3E, 0x00,
    0xEE, 0x01, 0xDC, 0x07, 0x3C, 0x0E, 0x38, 0x1C, 0x70, 0x7F, 0xF0, 0xFF, 0xE3, 0xFF, 0xE7, 0x03,
    0xCE, 0x03, 0xBC, 0x07, 0x80, 0x30, 0x3C, 0x07, 0x01, 0x87, 0x31, 0xF8, 0xF8, 0x10, 0x00, 0x3F,
    0x9F, 0xE8, 0xF0, 0x39, 0xFF, 0xFF, 0xE7, 0xE3, 0xF1, 0xFF, 0xEF, 0xF0, 0x07, 0xC0, 0x07, 0x80,
    0x07, 0x00, 0x0C, 0x00, 0x00, 0x01, 0xCC, 0x01, 0xF8, 0x03, 0xE0, 0x00, 0x00, 0x00, 0x00, 0x1E,
    0x00, 0x3E, 0x00, 0x7C, 0x01, 0xDC, 0x03, 0xB8, 0x0E, 0x78, 0x1C, 0x70, 0x38, 0xE0, 0xFF, 0xE1,
    0xFF, 0xC7, 0xFF, 0xCE, 0x07, 0x9C, 0x07, 0x78, 0x0F, 0x3C, 0x0F, 0x01, 0x81, 0x80, 0xC3, 0x98,
    0xFC, 0x7C, 0x08, 0x00, 0x1F, 0xCF, 0xF4, 0x78, 0x1C, 0xFF, 0xFF, 0xF3, 0xF1, 0xF8, 0xFF, 0xF7,
    0xF8, 0x07, 0x60, 0x1F, 0xC0, 0x33, 0x00, 0x00, 0x00, 0xE6, 0x00, 0xFC, 0x01, 0xF0, 0x00, 0x00,
    0x00, 0x00, 0x0F, 0x00, 0x1F, 0x00, 0x3E, 0x00, 0xEE, 0x01, 0xDC, 0x07, 0x3C, 0x0E, 0x38, 0x1C,
    0x70, 0x7F, 0xF0, 0xFF, 0xE3, 0xFF, 0xE7, 0x03, 0xCE, 0x03, 0xBC, 0x07, 0x80, 0x11, 0x3F, 0x9F,
    0xC0, 0x07, 0x31, 0xF8, 0xF8, 0x10, 0x00, 0x3F, 0x9F, 0xE8, 0xF0, 0x39, 0xFF, 0xFF, 0xE7, 0xE3,
    0xF1, 0xFF, 0xEF, 0xF0, 0x0E, 0x60, 0x0F, 0xC0, 0x1F, 0x00, 0x00, 0x00, 0x00, 0x00, 0xF0, 0x01,
    0xF0, 0x03, 0xE0, 0x0E, 0xE0, 0x1D, 0xC0, 0x73, 0xC0, 0xE3, 0x81, 0xC7, 0x07, 0xFF, 0x0F, 0xFE,
    0x3F, 0xFE, 0x70, 0x3C, 0xE0, 0x3B, 0xC0, 0x78, 0x00, 0x00, 0x38, 0x00, 0x70, 0x00, 0xE0, 0x00,
    0x73, 0x1F, 0x8F, 0x81, 0x00, 0x03, 0xF9, 0xFE, 0x8F, 0x03, 0x9F, 0xFF, 0xFE, 0x7E, 0x3F, 0x1F,
    0xFE, 0xFF, 0x00, 0x06, 0x07, 0x03, 0x80, 0xFF, 0xBF, 0xEE, 0x03, 0x80, 0xE0, 0x3F, 0xEF, 0xFB,
    0xFE, 0xE0, 0x38, 0x0E, 0x03, 0xFF, 0xFF, 0xFF, 0xF0, 0x00, 0x60, 0x1C, 0x07, 0x00, 0x1F, 0x1F,
    0xE7, 0x3F, 0x87, 0xFF, 0xFF, 0xFF, 0xFF, 0x80, 0x79, 0x9F, 0xE3, 0xFC, 0x00, 0x0C, 0x07, 0x80,
    0xE0, 0x38, 0x0F, 0x80, 0xE0, 0x70, 0x18, 0x00, 0x0F, 0xFB, 0xFE, 0xE0, 0x38, 0x0E, 0x03, 0xFE,
    0xFF, 0xBF, 0xEE, 0x03, 0x80, 0xE0, 0x3F, 0xFF, 0xFF, 0xFF, 0x1E, 0x07, 0x80, 0x60, 0x30, 0x00,
    0x07, 0xC7, 0xF9, 0xCF, 0xE1, 0xFF, 0xFF, 0xFF, 0xFF, 0xE0, 0x1E, 0x67, 0xF8, 0xFF, 0x3B, 0x1F,
    0xC4, 0xE0, 0x00, 0x00, 0x3F, 0xEF, 0xFB, 0x80, 0xE0, 0x38, 0x0F, 0xFB, 0xFE, 0xFF, 0xB8, 0x0E,
    0x03, 0x80, 0xFF, 0xFF, 0xFF, 0xFC, 0x11, 0x0F, 0xE7, 0xF0, 0x00, 0x00, 0x07, 0xC7, 0xF9, 0xCF,
    0xE1, 0xFF, 0xFF, 0xFF, 0xFF, 0xE0, 0x1E, 0x67, 0xF8, 0xFF, 0x00, 0x00, 0x18, 0x03, 0x84, 0xE1,
    0xD8, 0x7C, 0x0D, 0x80, 0x00, 0x00, 0x1F, 0xF3, 0xFE, 0x70, 0x0E, 0x01, 0xC0, 0x3F, 0xE7, 0xFC,
    0xFF, 0x9C, 0x03, 0x80, 0x70, 0x0F, 0xFD, 0xFF, 0xBF, 0xF0, 0x00, 0x40, 0x06, 0x00, 0xE0, 0xDC,
    0x1E, 0x83, 0xF0, 0x11, 0x00, 0x00, 0x1F, 0x07, 0xF8, 0x73, 0xCE, 0x1C, 0xFF, 0xCF, 0xFC, 0xFF,
    0xCE, 0x00, 0x79, 0x87, 0xF8, 0x3F, 0xC0, 0x00, 0x01, 0x80, 0x70, 0x2E, 0x1D, 0x0F, 0x83, 0x60,
    0x00, 0x00, 0x3F, 0xEF, 0xFB, 0x80, 0xE0, 0x38, 0x0F, 0xFB, 0xFE, 0xFF, 0xB8, 0x0E, 0x03, 0x80,
    0xFF, 0xFF, 0xFF, 0xFC, 0x01, 0x00, 0xE0, 0x1C, 0x33, 0x1E, 0x0F, 0xC1, 0x10, 0x00, 0x1F, 0x1F,
    0xE7, 0x3F, 0x87, 0xFF, 0xFF, 0xFF, 0xFF, 0x80, 0x79, 0x9F, 0xE3, 0xFC, 0x03, 0xC0, 0x7C, 0x03,
    0x84, 0xE1, 0xD8, 0x7C, 0x0D, 0x80, 0x00, 0x00, 0x1F, 0xF3, 0xFE, 0x70, 0x0E, 0x01, 0xC0, 0x3F,
    0xE7, 0xFC, 0xFF, 0x9C, 0x03, 0x80, 0x70, 0x0F, 0xFD, 0xFF, 0xBF, 0xF0, 0x01, 0xC0, 0x3C, 0x01,
    0x86, 0x61, 0xEC, 0x7E, 0x04, 0x40, 0x00, 0x1F, 0x0F, 0xF1, 0xCF, 0x70, 0xEF, 0xFD, 0xFF, 0xBF,
    0xF7, 0x00, 0x79, 0x8F, 0xF0, 0xFF, 0x00, 0x00, 0x0F, 0xE7, 0xF0, 0x98, 0x08, 0x07, 0x03, 0xE0,
    0xD8, 0x00, 0x00, 0x0F, 0xFB, 0xFE, 0xE0, 0x38, 0x0E, 0x03, 0xFE, 0xFF, 0xBF, 0xEE, 0x03, 0x80,
    0xE0, 0x3F, 0xFF, 0xFF, 0xFF, 0x19, 0x0F, 0xE7, 0xF0, 0x00, 0x0C, 0x07, 0x83, 0xF0, 0x44, 0x00,
    0x07, 0xC7, 0xF9, 0xCF, 0xE1, 0xFF, 0xFF, 0xFF, 0xFF, 0xE0, 0x1E, 0x67, 0xF8, 0xFF, 0x08, 0x07,
    0x03, 0xE0, 0xD8, 0x00, 0x00, 0x0F, 0xFB, 0xFE, 0xE0, 0x38, 0x0E, 0x03, 0xFE, 0xFF, 0xBF, 0xEE,
    0x03, 0x80, 0xE0, 0x3F, 0xFF, 0xFF, 0xFF, 0x00, 0x06, 0x01, 0xC0, 0x70, 0x0C, 0x07, 0x83, 0xF0,
    0x44, 0x00, 0x07, 0xC7, 0xF9, 0xCF, 0xE1, 0xFF, 0xFF, 0xFF, 0xFF, 0xE0, 0x1E, 0x67, 0xF8, 0xFF,
    0x00, 0x03, 0x01, 0xE0, 0x38, 0xE7, 0xCE, 0xE6, 0x01, 0xCE, 0x73, 0x9C, 0xE7, 0x39, 0xCE, 0x73,
    0x9C, 0xE0, 0xFF, 0x36, 0x0F, 0xFF, 0xFF, 0xFF, 0xFF, 0xFF, 0xFF, 0xFF, 0xFF, 0xFF, 0xFF, 0xC6,
    0xFC, 0x6F, 0xF6, 0x0F, 0xFF, 0xFF, 0xFF, 0xFF, 0xFF, 0x06, 0xF6, 0x03, 0x80, 0x7F, 0x83, 0xFF,
    0x9F, 0x1E, 0x70, 0x3F, 0xC0, 0x7F, 0x01, 0xF8, 0x07, 0xE0, 0x1F, 0xC0, 0x7F, 0x03, 0xDE, 0x0F,
    0x7F, 0xF8, 0xFF, 0xC0, 0xFE, 0x00, 0x00, 0x03, 0x00, 0x0E, 0x00, 0x38, 0x00, 0x1F, 0x0F, 0xF1,
    0xEF, 0x78, 0xEE, 0x1F, 0xC1, 0xF8, 0x7F, 0x8E, 0x7B, 0xCF, 0xF0, 0xFC, 0x00, 0x00, 0xC0, 0x1C,
    0x03, 0x80, 0x07, 0x00, 0x1E, 0x00, 0x1C, 0x00, 0xE0, 0x03, 0x00, 0x0E, 0x01, 0xFE, 0x0F, 0xFE,
    0x7C, 0x79, 0xC0, 0xFF, 0x01, 0xFC, 0x07, 0xE0, 0x1F, 0x80, 0x7F, 0x01, 0xFC, 0x0F, 0x78, 0x3D,
    0xFF, 0xE3, 0xFF, 0x03, 0xF8, 0x1E, 0x03, 0xE0, 0x18, 0x06, 0x00, 0x00, 0x3E, 0x1F, 0xE3, 0xDE,
    0xF1, 0xDC, 0x3F, 0x83, 0xF0, 0xFF, 0x1C, 0xF7, 0x9F, 0xE1, 0xF8, 0x00, 0x00, 0x00, 0x60, 0x03,
    0x80, 0x5C, 0x03, 0xA0, 0x1F, 0x00, 0xCC, 0x00, 0x00, 0x03, 0x80, 0x7F, 0x83, 0xFF, 0x9F, 0x1E,
    0x70, 0x3F, 0xC0, 0x7F, 0x01, 0xF8, 0x07, 0xE0, 0x1F, 0xC0, 0x7F, 0x03, 0xDE, 0x0F, 0x7F, 0xF8,
    0xFF, 0xC0, 0xFE, 0x00, 0x00, 0x20, 0x07, 0x00, 0xE0, 0xDC, 0x1E, 0x03, 0xB0, 0x11, 0x00, 0x00,
    0x1F, 0x07, 0xF8, 0x7B, 0xCF, 0x1C, 0xE1, 0xEE, 0x0E, 0xE1, 0xEF, 0x1C, 0x7B, 0xC7, 0xF8, 0x3F,
    0x00, 0x00, 0x00, 0x03, 0x00, 0x0E, 0x00, 0x5C, 0x03, 0xA0, 0x1F, 0x00, 0xCC, 0x00, 0x00, 0x03,
    0x80, 0x7F, 0x83, 0xFF, 0x9F, 0x1E, 0x70, 0x3F, 0xC0, 0x7F, 0x01, 0xF8, 0x07, 0xE0, 0x1F, 0xC0,
    0x7F, 0x03, 0xDE, 0x0F, 0x7F, 0xF8, 0xFF, 0xC0, 0xFE, 0x00, 0x00, 0x00, 0x60, 0x1E, 0x00, 0xE0,
    0xC8, 0x3C, 0x0E, 0xC0, 0x88, 0x00, 0x03, 0xE1, 0xFE, 0x3D, 0xEF, 0x1D, 0xC3, 0xF8, 0x3F, 0x0F,
    0xF1, 0xCF, 0x79, 0xFE, 0x1F, 0x80, 0x00, 0x78, 0x01, 0xE0, 0x01, 0x80, 0x4C, 0x03, 0x80, 0x1F,
    0x00, 0xCC, 0x00, 0x00, 0x03, 0x80, 0x7F, 0x83, 0xFF, 0x9F, 0x1E, 0x70, 0x3F, 0xC0, 0x7F, 0x01,
    0xF8, 0x07, 0xE0, 0x1F, 0xC0, 0x7F, 0x03, 0xDE, 0x0F, 0x7F, 0xF8, 0xFF, 0xC0, 0xFE, 0x00, 0x01,
    0xE0, 0x3C, 0x01, 0x86, 0x61, 0xE0, 0x76, 0x04, 0x40, 0x00, 0x1F, 0x0F, 0xF1, 0xEF, 0x78, 0xEE,
    0x1F, 0xC1, 0xF8, 0x7F, 0x8E, 0x7B, 0xCF, 0xF0, 0xFC, 0x00, 0x00, 0x40, 0x3F, 0x81, 0xFC, 0x00,
    0x20, 0x01, 0x00, 0x0E, 0x00, 0x7C, 0x03, 0x30, 0x00, 0x00, 0x0E, 0x01, 0xFE, 0x0F, 0xFE, 0x7C,
    0x79, 0xC0, 0xFF, 0x01, 0xFC, 0x07, 0xE0, 0x1F, 0x80, 0x7F, 0x01, 0xFC, 0x0F, 0x78, 0x3D, 0xFF,
    0xE3, 0xFF, 0x03, 0xF8, 0x19, 0x07, 0xF0, 0xDC, 0x00, 0x00, 0xC0, 0x3C, 0x0E, 0xC0, 0x88, 0x00,
    0x03, 0xE1, 0xFE, 0x3D, 0xEF, 0x1D, 0xC3, 0xF8, 0x3F, 0x0F, 0xF1, 0xCF, 0x79, 0xFE, 0x1F, 0x80,
    0x01, 0x00, 0x0E, 0x00, 0x7C, 0x03, 0x30, 0x00, 0x00, 0x0E, 0x01, 0xFE, 0x0F, 0xFE, 0x7C, 0x79,
    0xC0, 0xFF, 0x01, 0xFC, 0x07, 0xE0, 0x1F, 0x80, 0x7F, 0x01, 0xFC, 0x0F, 0x78, 0x3D, 0xFF, 0xE3,
    0xFF, 0x03, 0xF8, 0x00, 0x00, 0x0C, 0x00, 0x38, 0x00, 0xE0, 0x0C, 0x03, 0xC0, 0xEC, 0x08, 0x80,
    0x00, 0x3E, 0x1F, 0xE3, 0xDE, 0xF1, 0xDC, 0x3F, 0x83, 0xF0, 0xFF, 0x1C, 0xF7, 0x9F, 0xE1, 0xF8,
    0x00, 0x01, 0x80, 0x38, 0x07, 0x00, 0x01, 0x00, 0x0E, 0x00, 0x38, 0x01, 0xC7, 0x00, 0x1C, 0x0E,
    0x71, 0xFF, 0xCF, 0xFE, 0x7C, 0x79, 0xC0, 0xFF, 0x01, 0xFC, 0x07, 0xE0, 0x1F, 0x80, 0x7F, 0x01,
    0xFC, 0x0F, 0x78, 0x3D, 0xFF, 0xE3, 0xFF, 0x03, 0xF8, 0x00, 0x00, 0x60, 0x0E, 0x01, 0xC0, 0x08,
    0x70, 0x07, 0x1F, 0xE7, 0xFE, 0x7B, 0xCF, 0x1C, 0xE1, 0xEE, 0x0E, 0xE1, 0xEF, 0x1C, 0x7B, 0xC7,
    0xF8, 0x3F, 0x00, 0x02, 0x00, 0x1C, 0x00, 0x38, 0x00, 0x67, 0x00, 0x1C, 0x0E, 0x71, 0xFF, 0xCF,
    0xFE, 0x7C, 0x79, 0xC0, 0xFF, 0x01, 0xFC, 0x07, 0xE0, 0x1F, 0x80, 0x7F, 0x01, 0xFC, 0x0F, 0x78,
    0x3D, 0xFF, 0xE3, 0xFF, 0x03, 0xF8, 0x08, 0x01, 0xC0, 0x1E, 0x00, 0xE0, 0x02, 0x70, 0x07, 0x1F,
    0xE7, 0xFE, 0x7B, 0xCF, 0x1C, 0xE1, 0xEE, 0x0E, 0xE1, 0xEF, 0x1C, 0x7B, 0xC7, 0xF8, 0x3F, 0x00,
    0x07, 0x00, 0x1E, 0x00, 0x1C, 0x00, 0xE7, 0x03, 0x1C, 0x0E, 0x71, 0xFF, 0xCF, 0xFE, 0x7C, 0x79,
    0xC0, 0xFF, 0x01, 0xFC, 0x07, 0xE0, 0x1F, 0x80, 0x7F, 0x01, 0xFC, 0x0F, 0x78, 0x3D, 0xFF, 0xE3,
    0xFF, 0x03, 0xF8, 0x1E, 0x01, 0xF0, 0x06, 0x00, 0xC7, 0x00, 0x71, 0xFE, 0x7F, 0xE7, 0xBC, 0xF1,
    0xCE, 0x1E, 0xE0, 0xEE, 0x1E, 0xF1, 0xC7, 0xBC, 0x7F, 0x83, 0xF0, 0x07, 0x60, 0x3F, 0x80, 0x9D,
    0xC0, 0x07, 0x03, 0x9C, 0x7F, 0xF3, 0xFF, 0x9F, 0x1E, 0x70, 0x3F, 0xC0, 0x7F, 0x01, 0xF8, 0x07,
    0xE0, 0x1F, 0xC0, 0x7F, 0x03, 0xDE, 0x0F, 0x7F, 0xF8, 0xFF, 0xC0, 0xFE, 0x00, 0x19, 0x03, 0xF8,
    0x7F, 0x00, 0x07, 0x00, 0x71, 0xFE, 0x7F, 0xE7, 0xBC, 0xF1, 0xCE, 0x1E, 0xE0, 0xEE, 0x1E, 0xF1,
    0xC7, 0xBC, 0x7F, 0x83, 0xF0, 0x00, 0x1C, 0x00, 0x70, 0x39, 0xC7, 0xFF, 0x3F, 0xF9, 0xF1, 0xE7,
    0x03, 0xFC, 0x07, 0xF0, 0x1F, 0x80, 0x7E, 0x01, 0xFC, 0x07, 0xF0, 0x3D, 0xE0, 0xF7, 0xFF, 0x8F,
    0xFC, 0x0F, 0xE0, 0x00, 0x00, 0x30, 0x00, 0xE0, 0x03, 0x80, 0x00, 0x70, 0x07, 0x1F, 0xE7, 0xFE,
    0x7B, 0xCF, 0x1C, 0xE1, 0xEE, 0x0E, 0xE1, 0xEF, 0x1C, 0x7B, 0xC7, 0xF8, 0x3F, 0x00, 0x00, 0x0C,
    0x00, 0xE0, 0x0E, 0x00, 0xF0, 0x7F, 0x07, 0xF0, 0x7F, 0x07, 0xF0, 0x7F, 0x07, 0xF0, 0x7F, 0x07,
    0xF0, 0x7F, 0x07, 0x70, 0xF7, 0xFF, 0x3F, 0xE1, 0xFC, 0x00, 0x00, 0x60, 0x07, 0x00, 0x70, 0xE1,
    0xF8, 0x7E, 0x1F, 0x87, 0xE1, 0xF8, 0x7E, 0x1F, 0xC7, 0x79, 0xDF, 0xF3, 0xFC, 0x00, 0x0C, 0x07,
    0x80, 0xE0, 0x0F, 0x00, 0xF8, 0x03, 0x80, 0x70, 0x06, 0x00, 0x00, 0xF0, 0x7F, 0x07, 0xF0, 0x7F,
    0x07, 0xF0, 0x7F, 0x07, 0xF0, 0x7F, 0x07, 0xF0, 0x7F, 0x07, 0x70, 0xF7, 0xFF, 0x3F, 0xE1, 0xFC,
    0x1E, 0x07, 0x80, 0x60, 0x30, 0x00, 0x38, 0x7E, 0x1F, 0x87, 0xE1, 0xF8, 0x7E, 0x1F, 0x87, 0xF1,
    0xDE, 0x77, 0xFC, 0xFF, 0x01, 0x00, 0x07, 0x00, 0x1C, 0x00, 0x70, 0x70, 0x00, 0xE0, 0x07, 0xFC,
    0x1F, 0x78, 0x38, 0xF0, 0x71, 0xE0, 0xE3, 0xC1, 0xC7, 0x83, 0x8F, 0x07, 0x1E, 0x0E, 0x3C, 0x1C,
    0x78, 0x38, 0x70, 0xF0, 0xFF, 0xE0, 0xFF, 0x80, 0xFE, 0x00, 0x00, 0x00, 0x60, 0x0E, 0x01, 0xC0,
    0x08, 0x30, 0x07, 0xE1, 0xFE, 0x1E, 0xE1, 0xCE, 0x1C, 0xE1, 0xCE, 0x1C, 0xE1, 0xCF, 0x1C, 0x79,
    0xC7, 0xFC, 0x3F, 0xC0, 0x04, 0x00, 0x1C, 0x00, 0x38, 0x00, 0x38, 0x70, 0x00, 0xE0, 0x07, 0xFC,
    0x1F, 0x78, 0x38, 0xF0, 0x71, 0xE0, 0xE3, 0xC1, 0xC7, 0x83, 0x8F, 0x07, 0x1E, 0x0E, 0x3C, 0x1C,
    0x78, 0x38, 0x70, 0xF0, 0xFF, 0xE0, 0xFF, 0x80, 0xFE, 0x00, 0x00, 0x01, 0x80, 0x1C, 0x00, 0xE0,
    0x04, 0x30, 0x07, 0xE1, 0xFE, 0x1E, 0xE1, 0xCE, 0x1C, 0xE1, 0xCE, 0x1C, 0xE1, 0xCF, 0x1C, 0x79,
    0xC7, 0xFC, 0x3F, 0xC0, 0x0F, 0x00, 0x1F, 0x00, 0x0E, 0x00, 0x38, 0x70, 0x60, 0xE0, 0x07, 0xFC,
    0x1F, 0x78, 0x38, 0xF0, 0x71, 0xE0, 0xE3, 0xC1, 0xC7, 0x83, 0x8F, 0x07, 0x1E, 0x0E, 0x3C, 0x1C,
    0x78, 0x38, 0x70, 0xF0, 0xFF, 0xE0, 0xFF, 0x80, 0xFE, 0x00, 0x1E, 0x01, 0xE0, 0x06, 0x00, 0xC3,
    0x00, 0x7E, 0x1F, 0xE1, 0xEE, 0x1C, 0xE1, 0xCE, 0x1C, 0xE1, 0xCE, 0x1C, 0xF1, 0xC7, 0x9C, 0x7F,
    0xC3, 0xFC, 0x0E, 0xC0, 0x3F, 0x80, 0x6E, 0x38, 0x00, 0x70, 0x03, 0xFE, 0x0F, 0xBC, 0x1C, 0x78,
    0x38, 0xF0, 0x71, 0xE0, 0xE3, 0xC1, 0xC7, 0x83, 0x8F, 0x07, 0x1E, 0x0E, 0x3C, 0x1C, 0x38, 0x78,
    0x7F, 0xF0, 0x7F, 0xC0, 0x7F, 0x00, 0x11, 0x03, 0xF8, 0x7F, 0x00, 0x03, 0x00, 0x7E, 0x1F, 0xE1,
    0xEE, 0x1C, 0xE1, 0xCE, 0x1C, 0xE1, 0xCE, 0x1C, 0xF1, 0xC7, 0x9C, 0x7F, 0xC3, 0xFC, 0x00, 0x0E,
    0x00, 0x1C, 0x00, 0xFF, 0x83, 0xEF, 0x07, 0x1E, 0x0E, 0x3C, 0x1C, 0x78, 0x38, 0xF0, 0x71, 0xE0,
    0xE3, 0xC1, 0xC7, 0x83, 0x8F, 0x07, 0x0E, 0x1E, 0x1F, 0xFC, 0x1F, 0xF0, 0x1F, 0xC0, 0x00, 0x00,
    0x18, 0x00, 0x38, 0x00, 0x70, 0x00, 0x00, 0x30, 0x07, 0xE1, 0xFE, 0x1E, 0xE1, 0xCE, 0x1C, 0xE1,
    0xCE, 0x1C, 0xE1, 0xCF, 0x1C, 0x79, 0xC7, 0xFC, 0x3F, 0xC0, 0x00, 0x0C, 0x01, 0xE0, 0x0E, 0x00,
    0x04, 0x00, 0x60, 0x03, 0x80, 0x0E, 0x00, 0x30, 0x00, 0x03, 0xC1, 0xEE, 0x0E, 0x78, 0xF1, 0xC7,
    0x0F, 0x78, 0x3B, 0x81, 0xFC, 0x07, 0xC0, 0x1C, 0x00, 0xE0, 0x07, 0x00, 0x38, 0x01, 0xC0, 0x0E,
    0x00, 0x70, 0x00, 0x10, 0x07, 0x00, 0x70, 0x07, 0x00, 0x40, 0x00, 0x38, 0x3F, 0x8F, 0x71, 0xCE,
    0x39, 0xE7, 0x1D, 0xC3, 0xB8, 0x7E, 0x07, 0xC0, 0xF8, 0x0E, 0x03, 0xC3, 0xF0, 0x7E, 0x0F, 0x80,
    0x70, 0x39, 0xE1, 0xE3, 0x87, 0x0F, 0x3C, 0x1C, 0xE0, 0x7F, 0x00, 0xFC, 0x01, 0xE0, 0x07, 0x80,
    0x1E, 0x00, 0x78, 0x01, 0xE0, 0x07, 0x80, 0x1E, 0x00, 0x00, 0x00, 0xC0, 0x07, 0x80, 0x1C, 0x00,
    0xF0, 0xE7, 0x0E, 0x71, 0xC7, 0x9C, 0x39, 0xC3, 0xB8, 0x3F, 0x81, 0xF8, 0x1F, 0x00, 0xF0, 0x0E,
    0x00, 0xE0, 0x7C, 0x7F, 0xCF, 0xF0, 0x60, 0x07, 0x00, 0x1E, 0x00, 0x18, 0x00, 0xE0, 0x03, 0x00,
    0x00, 0x07, 0x03, 0x9E, 0x1E, 0x38, 0x70, 0xF3, 0xC1, 0xCE, 0x07, 0xF0, 0x0F, 0xC0, 0x1E, 0x00,
    0x78, 0x01, 0xE0, 0x07, 0x80, 0x1E, 0x00, 0x78, 0x01, 0xE0, 0x1F, 0x01, 0xE0, 0x1C, 0x03, 0x00,
    0x01, 0xE1, 0xDC, 0x3B, 0x8E, 0x79, 0xC7, 0x38, 0xEE, 0x1F, 0xC1, 0xF8, 0x3E, 0x03, 0xC0, 0x70,
    0x0E, 0x0F, 0x83, 0xF0, 0x78, 0x00, 0x0E, 0xC0, 0x7F, 0x00, 0x98, 0x00, 0x00, 0x00, 0x01, 0xC0,
    0xE7, 0x87, 0x8E, 0x1C, 0x3C, 0xF0, 0x73, 0x81, 0xFC, 0x03, 0xF0, 0x07, 0x80, 0x1E, 0x00, 0x78,
    0x01, 0xE0, 0x07, 0x80, 0x1E, 0x00, 0x78, 0x00, 0x08, 0x07, 0xF0, 0xFE, 0x00, 0x00, 0x01, 0xE1,
    0xDC, 0x3B, 0x8E, 0x79, 0xC7, 0x38, 0xEE, 0x1F, 0xC1, 0xF8, 0x3E, 0x03, 0xC0, 0x70, 0x0E, 0x0F,
    0x83, 0xF0, 0x78, 0x00, 0x00, 0x00, 0xFF, 0xFE, 0x51, 0x1D, 0x52, 0x10, 0x84, 0x21, 0x08, 0x42,
    0x10, 0x80, 0x20, 0xBF, 0x2A, 0x42, 0x10, 0x84, 0x21, 0x08, 0x42, 0x10, 0x22, 0x3E, 0x92, 0x84,
    0x21, 0x08, 0x42, 0x10, 0x84, 0x21, 0xFF, 0xFF, 0xC0, 0xFF, 0xFF, 0xC0, 0xFF, 0xFF, 0xFF, 0xFF,
    0x80, 0xFF, 0xFF, 0xFF, 0xFF, 0xFF, 0xFF, 0xFF, 0xFE, 0xFF, 0xFF, 0xFF, 0xFF, 0xFF, 0xFF, 0xFF,
    0xFE, 0x77, 0xEE, 0xEE, 0x77, 0x77, 0xEE, 0x77, 0x77, 0xEE, 0x73, 0xB9, 0xF9, 0xDC, 0xEE, 0x77,
    0x38, 0x73, 0xB9, 0xDC, 0xEE, 0x7E, 0x77, 0x38, 0x73, 0xB9, 0xDC, 0xEE, 0x7E, 0x77, 0x38, 0x1C,
    0x0E, 0x07, 0x03, 0x8F, 0xFF, 0xFF, 0xFE, 0x38, 0x1C, 0x0E, 0x07, 0x03, 0x81, 0xC0, 0xE0, 0x70,
    0x38, 0x1C, 0x0E, 0x00, 0x1C, 0x0E, 0x07, 0x03, 0x8F, 0xFF, 0xFF, 0xFE, 0x38, 0x1C, 0x0E, 0x3F,
    0xFF, 0xFF, 0xF8, 0xE0, 0x70, 0x38, 0x1C, 0x0E, 0x00, 0x7B, 0xFF, 0xFF, 0xFD, 0xE0, 0xE0, 0xC1,
    0xFC, 0x78, 0xFF, 0x1E, 0x3F, 0x83, 0x07, 0x00, 0x38, 0x0E, 0x00, 0x1F, 0x07, 0x00, 0x0C, 0x63,
    0xC0, 0x03, 0x18, 0xE0, 0x00, 0xC6, 0x70, 0x00, 0x31, 0x9C, 0x00, 0x07, 0xCE, 0x00, 0x00, 0xE7,
    0x9C, 0x1C, 0x01, 0xCF, 0x8F, 0x80, 0xE6, 0x36, 0x30, 0x39, 0x8D, 0x8C, 0x1C, 0x63, 0x63, 0x0F,
    0x18, 0xD8, 0xC3, 0x83, 0xE3, 0xE1, 0xC0, 0x70, 0x70, 0x11, 0xDE, 0xEF, 0x39, 0xE7, 0x10, 0x47,
    0x3C, 0xE7, 0xBB, 0xDC, 0x40, 0x00, 0xE0, 0x38, 0x07, 0x01, 0xC0, 0x38, 0x0E, 0x01, 0xC0, 0x70,
    0x0E, 0x03, 0x80, 0x70, 0x1C, 0x03, 0x80, 0xE0, 0x1C, 0x00, 0xFF, 0xF6, 0x00, 0x00, 0xEE, 0xFF,
    0x77, 0x38, 0xFB, 0x1E, 0x3C, 0x78, 0xF1, 0xBE, 0x38, 0x0E, 0x1E, 0x36, 0x66, 0xFF, 0xFF, 0x06,
    0x06, 0x7D, 0xF6, 0x1E, 0x7C, 0x30, 0xFF, 0xF8, 0x19, 0xE6, 0x3E, 0xFF, 0x3C, 0xFF, 0x78, 0xFF,
    0xF1, 0x8E, 0x30, 0xC6, 0x18, 0x7D, 0xFF, 0x1F, 0x77, 0xD8, 0xF1, 0xFF, 0x7C, 0x7B, 0xFC, 0xF3,
    0xFD, 0xF1, 0x9E, 0x70, 0x38, 0xFB, 0x1E, 0x3C, 0x78, 0xF1, 0xBE, 0x38, 0x1B, 0xFE, 0xB1, 0x8C,
    0x63, 0x18, 0x7D, 0xFD, 0x18, 0x31, 0xC6, 0x18, 0x7F, 0xFE, 0x7D, 0xFC, 0x19, 0xF3, 0xE0, 0xC1,
    0xFF, 0xFC, 0x0E, 0x1E, 0x36, 0x66, 0xFF, 0xFF, 0x06, 0x06, 0x7D, 0xF6, 0x1E, 0x7C, 0x30, 0xFF,
    0xF8, 0x19, 0xE6, 0x3E, 0xFF, 0x3C, 0xFF, 0x78, 0xFF, 0xF1, 0x8E, 0x30, 0xC6, 0x18, 0x7D, 0xFF,
    0x1F, 0x77, 0xD8, 0xF1, 0xFF, 0x7C, 0x7B, 0xFC, 0xF3, 0xFD, 0xF1, 0x9E, 0x70, 0xFF, 0x9F, 0xFF,
    0xBF, 0xFF, 0x7F, 0x86, 0xFF, 0x6D, 0xFE, 0xDB, 0xFD, 0xB7, 0xFB, 0x6F, 0xF6, 0xDF, 0xEC, 0x7F,
    0xDF, 0xF7, 0xBF, 0xEF, 0x7F, 0x00, 0x07, 0xE3, 0xFC, 0xFF, 0x9C, 0x07, 0x81, 0xFF, 0xBF, 0xF3,
    0x80, 0xFF, 0x9F, 0xF1, 0xC0, 0x1C, 0x03, 0xFE, 0x3F, 0xC3, 0xF0, 0xFF, 0xFF, 0xFF, 0xFF, 0x87,
    0x00, 0xE8, 0x1F, 0x83, 0xE1, 0xF0, 0x7E, 0x81, 0xF8, 0x3E, 0x3F, 0x03, 0xE0, 0x1C, 0x03, 0x80,
    0x3F, 0x87, 0xFC, 0x3F, 0xE2, 0x0E, 0xFF, 0xFF, 0xFF, 0x0F, 0x83, 0xF0, 0xFF, 0xFF, 0xFF, 0x70,
    0x07, 0x82, 0x7F, 0xF3, 0xFF, 0x0F, 0xC0, 0xFF, 0xFF, 0xFF, 0x03, 0x80, 0x1C, 0xFF, 0xEF, 0xFE,
    0x01, 0xC0, 0x78, 0xFF, 0x0F, 0xC0, 0x78, 0x03, 0xC0, 0x1E, 0x00, 0xF0, 0x07, 0x80, 0x3F, 0x07,
    0xF0, 0xFF, 0x00, 0xE0, 0x0E, 0x3F, 0xCF, 0xFB, 0xFF, 0xF0, 0xFC, 0x1F, 0x83, 0xF0, 0xEF, 0xFC,
    0xFF, 0x0F, 0x80, 0x07, 0xC0, 0x0F, 0x80, 0x3F, 0x80, 0x7F, 0x00, 0xEE, 0x03, 0xDE, 0x07, 0x1C,
    0x1E, 0x3C, 0x3C, 0x78, 0x70, 0x71, 0xE0, 0xF3, 0xC1, 0xE7, 0xFF, 0xDF, 0xFF, 0xFF, 0xFF, 0x80,
    0xFF, 0xFF, 0xFF, 0xFF, 0xF0, 0x7E, 0x0F, 0xC1, 0xF8, 0x3F, 0x07, 0xE0, 0xFC, 0x1F, 0x83, 0xF0,
    0x7E, 0x0F, 0xC1, 0xF8, 0x3F, 0x07, 0xE0, 0xE0, 0xFF, 0xFF, 0xFF, 0xFD, 0xC0, 0x38, 0x0E, 0x01,
    0xC0, 0x70, 0x0E, 0x07, 0x01, 0xC0, 0xE0, 0x70, 0x1C, 0x0F, 0xFF, 0xFF, 0xFF, 0xC0, 0xFF, 0xFF,
    0xFF, 0xFC, 0x00, 0xE0, 0x38, 0x07, 0x01, 0xC0, 0x38, 0x0E, 0x01, 0xC0, 0x70, 0x0E, 0x03, 0x80,
    0x70, 0x1C, 0x03, 0x80, 0xE0, 0x1C, 0x00, 0x6F, 0xF6, 0x00, 0x38, 0x01, 0x80, 0x1C, 0x00, 0xE0,
    0x06, 0x00, 0x70, 0x03, 0x83, 0x18, 0xF9, 0xC7, 0xEE, 0x07, 0x60, 0x1F, 0x00, 0xF8, 0x03, 0x80,
    0x1C, 0x00, 0x71, 0xDF, 0x7F, 0x39, 0xE7, 0x3C, 0xE7, 0xF7, 0xDC, 0x70, 0x07, 0x87, 0xC7, 0xE3,
    0x81, 0xC0, 0xE0, 0x70, 0x38, 0x1C, 0x0E, 0x07, 0x03, 0x81, 0xC0, 0xE0, 0x70, 0x38, 0xFC, 0x7C,
    0x3C, 0x00, 0x38, 0x6F, 0x9F, 0xFF, 0x63, 0xEC, 0x38, 0x00, 0x0E, 0x1B, 0xE7, 0xFF, 0xFC, 0xFB,
    0x0E, 0x00, 0x01, 0x00, 0x60, 0x33, 0xFF, 0xFF, 0xFF, 0xF0, 0xC0, 0x30, 0xFF, 0xFF, 0xFF, 0xFC,
    0xC0, 0x70, 0x08, 0x00, 0x01, 0x87, 0xEF, 0xFF, 0xF8, 0xE0, 0x3F, 0x8F, 0xFC, 0x7E, 0x01, 0x80,
    0x0F, 0xFF, 0xFF, 0xFF, 0xC0, 0x60, 0x1F, 0x0F, 0xF8, 0xFE, 0x03, 0x8F, 0xEF, 0xF9, 0xF0, 0x60,
    0x00, 0x0F, 0xFF, 0xFF, 0xFF, 0xC0, 0x3E, 0x1F, 0x7E, 0x3F, 0xFE, 0x7F, 0xE0, 0x70, 0xE0, 0x70,
    0xFE, 0x7F, 0xFE, 0x7F, 0xFE, 0x7F, 0xE0, 0x70, 0xE0, 0x70, 0xE0, 0x70, 0xE0, 0x70, 0xE0, 0x70,
    0xE0, 0x70, 0xE0, 0x70, 0xE0, 0x70, 0x3E, 0xEF, 0xDF, 0xFB, 0xF0, 0x7E, 0x01, 0xFD, 0xFF, 0xBF,
    0xF7, 0xE0, 0xFC, 0x1F, 0x83, 0xF0, 0x7E, 0x0F, 0xC1, 0xF8, 0x3F, 0x07, 0x3E, 0xE3, 0xF7, 0x3F,
    0xB9, 0xC1, 0xCE, 0x0E, 0x7F, 0x73, 0xFB, 0x9F, 0xDC, 0xE0, 0xE7, 0x07, 0x38, 0x39, 0xC1, 0xCE,
    0x0E, 0x70, 0x7F, 0x83, 0xFC, 0x07, 0x3E, 0x3E, 0xEF, 0xCF, 0xDF, 0xFB, 0xFB, 0xF0, 0x70, 0x7E,
    0x0E, 0x01, 0xFD, 0xFD, 0xFF, 0xBF, 0xBF, 0xF7, 0xF7, 0xE0, 0xE0, 0xFC, 0x1C, 0x1F, 0x83, 0x83,
    0xF0, 0x70, 0x7E, 0x0E, 0x0F, 0xC1, 0xC1, 0xF8, 0x38, 0x3F, 0x07, 0x07, 0x3E, 0x3F, 0xE3, 0xF3,
    0xF7, 0x3F, 0xBF, 0xB9, 0xC1, 0xC1, 0xCE, 0x0E, 0x0E, 0x7F, 0x7F, 0x73, 0xFB, 0xFB, 0x9F, 0xDF,
    0xDC, 0xE0, 0xE0, 0xE7, 0x07, 0x07, 0x38, 0x38, 0x39, 0xC1, 0xC1, 0xCE, 0x0E, 0x0E, 0x70, 0x70,
    0x7F, 0x83, 0x83, 0xFC, 0x1C, 0x07, 0x00, 0x00, 0x66, 0x00, 0x1E, 0x70, 0x00, 0xEF, 0x00, 0x0E,
    0xF0, 0x00, 0xFF, 0x00, 0x0F, 0xF8, 0x03, 0xE7, 0xFF, 0xFE, 0x7F, 0xFF, 0xC1, 0xFF, 0xF0, 0x00,
    0x00, 0x00, 0x00, 0x00, 0x00, 0x00, 0x00, 0x1B, 0x80, 0x03, 0xB8, 0x00, 0x19, 0x80, 0x00, 0x60,
    0x00, 0x0E, 0x00, 0x00, 0x60, 0x00, 0x60, 0x00, 0x00, 0x38, 0x00, 0x00, 0x3C, 0x00, 0x0C, 0x1E,
    0x00, 0x0F, 0x0F, 0x00, 0x0F, 0x87, 0xC0, 0x1F, 0xE1, 0xFF, 0xFF, 0xFE, 0xFF, 0xFF, 0x3F, 0x1F,
    0xFE, 0x0F, 0x00, 0x00, 0x00, 0x00, 0x00, 0x00, 0x00, 0x00, 0x00, 0x00, 0x1D, 0x80, 0x00, 0x0E,
    0xE0, 0x00, 0x06, 0x60, 0x00, 0x00, 0xC0, 0x00, 0x00, 0x70, 0x00, 0x00, 0x38, 0x00, 0x00, 0x0C,
    0x78, 0x70, 0xF1, 0xE3, 0xC7, 0x9F, 0xFD, 0xFB, 0xC0, 0x00, 0x0C, 0xFF, 0xB3, 0x18, 0x78, 0x60,
    0x18, 0x03, 0xC0, 0x70, 0x0F, 0x03, 0xF1, 0xFF, 0xFF, 0xFF, 0x1F, 0x00, 0x00, 0x01, 0xD8, 0x3B,
    0x86, 0x60, 0x30, 0x07, 0x00, 0xE0, 0x01, 0x80, 0x00, 0x0F, 0x00, 0x00, 0xF8, 0x00, 0x19, 0x80,
    0x01, 0xF0, 0x00, 0x00, 0x06, 0x60, 0x01, 0xE7, 0x00, 0x0E, 0xF0, 0x00, 0xEF, 0x00, 0x0F, 0xF0,
    0x00, 0xFF, 0x80, 0x3E, 0x7F, 0xFF, 0xE7, 0xFF, 0xFC, 0x1F, 0xFF, 0x00, 0x00, 0xC0, 0x00, 0x00,
    0x7C, 0x00, 0x00, 0x3E, 0x00, 0x00, 0x19, 0x00, 0x00, 0x1F, 0x80, 0x00, 0x00, 0x00, 0x01, 0x80,
    0x00, 0x00, 0xE0, 0x00, 0x00, 0xF0, 0x00, 0x30, 0x78, 0x00, 0x3C, 0x3C, 0x00, 0x3E, 0x1F, 0x00,
    0x7F, 0x87, 0xFF, 0xFF, 0xFB, 0xFF, 0xFC, 0xFC, 0x7F, 0xF8, 0x3C, 0x41, 0xE7, 0xD3, 0xF8, 0x00,
    0x06, 0x78, 0xE3, 0x8F, 0x3C, 0xF7, 0xFE, 0xFB, 0x80, 0x10, 0x02, 0xC0, 0x7C, 0x09, 0x83, 0xE0,
    0x00, 0x00, 0x00, 0x00, 0x18, 0x03, 0xC0, 0x70, 0x0F, 0x03, 0xF1, 0xFF, 0xFF, 0xFF, 0x1F, 0xFF,
    0x07, 0xFF, 0x3F, 0xFF, 0x07, 0xF0, 0x3F, 0x87, 0xFC, 0x7E, 0x07, 0xC0, 0x78, 0x07, 0xB6, 0x3C,
    0xB1, 0xC3, 0x0E, 0x18, 0x78, 0x03, 0xC0, 0x1F, 0xCF, 0x7F, 0xF9, 0xFF, 0xC3, 0xFC, 0xFF, 0x00,
    0x7F, 0xF0, 0x3F, 0xFE, 0x10, 0x7F, 0x00, 0x3F, 0x80, 0x7F, 0xC0, 0x7F, 0xC0, 0x7C, 0xF8, 0x78,
    0x3F, 0xFB, 0x7F, 0xFC, 0xB3, 0xFC, 0x30, 0x0E, 0x18, 0x07, 0x80, 0x03, 0xC0, 0x01, 0xFC, 0xF0,
    0x7F, 0xF8, 0x1F, 0xFC, 0x03, 0xFC, 0x00, 0x7E, 0x03, 0xFE, 0x1F, 0xFE, 0x7F, 0xF0, 0x07, 0x80,
    0xFC, 0x7F, 0x9F, 0xF0, 0xFF, 0x07, 0xC0, 0x00, 0x00, 0x00, 0x01, 0xDC, 0x0E, 0xE0, 0x37, 0x00,
    0x60, 0x07, 0x00, 0x38, 0x00, 0x7E, 0x00, 0x7F, 0xC0, 0x7F, 0xF8, 0x3F, 0xF8, 0x00, 0x78, 0x01,
    0xF8, 0x1F, 0xF8, 0xFF, 0xBF, 0xFF, 0x3F, 0xF8, 0x1F, 0x00, 0x00, 0x00, 0x00, 0x1D, 0x80, 0x1D,
    0xC0, 0x19, 0x80, 0x06, 0x00, 0x07, 0x00, 0x07, 0x00, 0x60, 0x3E, 0x1F, 0x0C, 0x8F, 0xC0, 0x00,
    0x00, 0x08, 0x0E, 0x0F, 0x07, 0xC1, 0xE0, 0xF8, 0x3C, 0x1F, 0xFF, 0xFF, 0xFF, 0xBF, 0x80, 0x60,
    0x03, 0xE0, 0x1F, 0x00, 0xC8, 0x0F, 0xC0, 0x00, 0x00, 0x00, 0x00, 0x80, 0x0E, 0x00, 0xF0, 0x07,
    0xC0, 0x1E, 0x00, 0xF8, 0x03, 0xC0, 0x1E, 0x1F, 0xF8, 0xFF, 0xFF, 0xFF, 0xFF, 0xBC, 0x08, 0x1C,
    0x1C, 0x08, 0x37, 0x7F, 0x33, 0x00, 0x02, 0x0E, 0x1F, 0x0F, 0x07, 0x07, 0x07, 0x07, 0x0F, 0x1F,
    0xFE, 0x7C, 0x78, 0x40, 0x08, 0x01, 0xC0, 0x1C, 0x00, 0x80, 0x77, 0x07, 0x70, 0x32, 0x00, 0x00,
    0x02, 0x00, 0xE0, 0x1F, 0x00, 0xF0, 0x07, 0x00, 0x78, 0x07, 0xF0, 0x7F, 0x0F, 0xF1, 0xF0, 0xFE,
    0x07, 0xC0, 0x78, 0x06, 0x00, 0x30, 0x1E, 0x1F, 0x13, 0x3E, 0x00, 0x00, 0x02, 0x0E, 0x1F, 0x0F,
    0x07, 0x07, 0x07, 0x07, 0x0F, 0x1F, 0xFE, 0x7C, 0x78, 0x40, 0x30, 0x03, 0xE0, 0x3E, 0x03, 0x30,
    0x3E, 0x00, 0x00, 0x00, 0x00, 0x20, 0x0E, 0x01, 0xF0, 0x0F, 0x00, 0x70, 0x07, 0x80, 0x7F, 0x07,
    0xF0, 0xFF, 0x1F, 0x0F, 0xE0, 0x7C, 0x07, 0x80, 0x60, 0x00, 0x00, 0x00, 0x40, 0x00, 0x38, 0x00,
    0x1F, 0x00, 0x0F, 0xF0, 0x03, 0xF0, 0x00, 0x7C, 0x00, 0x1F, 0x06, 0x01, 0xF0, 0xF0, 0x1F, 0x1C,
    0x01, 0xE3, 0x80, 0x1E, 0x70, 0x03, 0xCF, 0x80, 0x79, 0xFF, 0xFF, 0x1F, 0xFF, 0xC1, 0xFF, 0xF0,
    0x00, 0x00, 0x40, 0x00, 0x0E, 0x00, 0x01, 0xF0, 0x00, 0x3F, 0xC0, 0x03, 0xF0, 0x00, 0x3E, 0x00,
    0x01, 0xE0, 0x18, 0x07, 0x80, 0xF0, 0x1E, 0x07, 0x00, 0x78, 0x38, 0x03, 0xC1, 0xC0, 0x0F, 0x0F,
    0x80, 0x7C, 0x7F, 0xFF, 0xFD, 0xFF, 0xFF, 0xE7, 0xFF, 0x8F, 0x00, 0x80, 0xE0, 0xF8, 0xFF, 0x7F,
    0x1F, 0x07, 0x81, 0xF0, 0x3E, 0x07, 0x80, 0xF0, 0x3C, 0x0F, 0x3F, 0xCF, 0xE3, 0xF0, 0x00, 0x80,
    0x1C, 0x03, 0xE0, 0x7F, 0x87, 0xF0, 0x3E, 0x01, 0xE0, 0x0F, 0x80, 0x3C, 0x00, 0xF0, 0x03, 0xC0,
    0x1E, 0x00, 0xF8, 0x7F, 0xFB, 0xFF, 0xFF, 0x9E, 0x00, 0x03, 0x00, 0x01, 0xE0, 0x00, 0xFE, 0x00,
    0x3E, 0x20, 0x07, 0x9C, 0x00, 0x4F, 0x80, 0x07, 0xF8, 0x01, 0xF8, 0x00, 0x3E, 0x00, 0x0F, 0x83,
    0x00, 0xF8, 0x78, 0x0F, 0x8E, 0x00, 0xF1, 0xC0, 0x0F, 0x38, 0x01, 0xE7, 0xC0, 0x3C, 0xFF, 0xFF,
    0x8F, 0xFF, 0xE0, 0xFF, 0xF8, 0x00, 0x00, 0x03, 0x00, 0x00, 0x78, 0x00, 0x0F, 0xE0, 0x01, 0xF8,
    0x80, 0x07, 0x1C, 0x00, 0x13, 0xE0, 0x00, 0x7F, 0x80, 0x07, 0xE0, 0x00, 0x7C, 0x00, 0x03, 0xC0,
    0x30, 0x0F, 0x01, 0xE0, 0x3C, 0x0E, 0x00, 0xF0, 0x70, 0x07, 0x83, 0x80, 0x1E, 0x1F, 0x00, 0xF8,
    0xFF, 0xFF, 0xFB, 0xFF, 0xFF, 0xCF, 0xFF, 0x1E, 0x06, 0x07, 0x87, 0xF3, 0xF2, 0xF3, 0x93, 0xE3,
    0xFD, 0xFC, 0x7C, 0x1E, 0x07, 0xC0, 0xF8, 0x1E, 0x03, 0xC0, 0xF0, 0x3C, 0xFF, 0x3F, 0x8F, 0xC0,
    0x06, 0x00, 0xF0, 0x1F, 0xC1, 0xF9, 0x0F, 0x38, 0x27, 0xC0, 0xFF, 0x0F, 0xE0, 0x7C, 0x03, 0xC0,
    0x1F, 0x00, 0x78, 0x01, 0xE0, 0x07, 0x80, 0x3C, 0x01, 0xF0, 0xFF, 0xF7, 0xFF, 0xFF, 0x3C, 0x00,
    0x18, 0x01, 0xF4, 0x03, 0xDE, 0x0F, 0x78, 0x1D, 0xC0, 0x77, 0x01, 0xFC, 0x07, 0x78, 0x3D, 0xFF,
    0xF7, 0xFF, 0x8F, 0xFC, 0x07, 0xC0, 0x00, 0x08, 0x00, 0x0F, 0x04, 0x03, 0xC1, 0xE0, 0x70, 0x78,
    0x1E, 0x1C, 0x07, 0xF7, 0x01, 0xFF, 0xC0, 0x7F, 0x78, 0x3C, 0x1F, 0xFF, 0x07, 0xFF, 0x80, 0xFF,
    0xC0, 0x07, 0xC0, 0x00, 0x10, 0x1E, 0x1F, 0x87, 0xC7, 0xF7, 0xBF, 0x8F, 0xC7, 0xE7, 0xFF, 0xFF,
    0xCF, 0xC0, 0x07, 0x80, 0x3F, 0x81, 0xFF, 0x03, 0xFF, 0x0F, 0x1E, 0x1E, 0x1E, 0x3C, 0x3F, 0xB8,
    0x3F, 0x60, 0x3E, 0x19, 0xE3, 0x8E, 0x3C, 0xF3, 0xDF, 0xFB, 0xEE, 0x04, 0x38, 0xE3, 0x80, 0x38,
    0x03, 0xC0, 0x3E, 0x3D, 0xF3, 0xFF, 0xBF, 0x1D, 0xC0, 0x7E, 0x03, 0xE0, 0x1F, 0x00, 0x78, 0x01,
    0x00, 0x02, 0x00, 0x0F, 0x00, 0x3F, 0x00, 0x3F, 0x80, 0xFF, 0x81, 0xDF, 0x83, 0xBF, 0x87, 0x77,
    0x4F, 0xEE, 0xFF, 0xFD, 0xFF, 0xFF, 0xF7, 0xE0, 0x00, 0xE0, 0x00, 0xF8, 0x00, 0xFE, 0x00, 0xF7,
    0x00, 0x73, 0x80, 0x39, 0xC0, 0x3D, 0xE0, 0x9F, 0xF0, 0x7F, 0xFF, 0xBF, 0xFF, 0xFF, 0xCF, 0xE1,
    0xE3, 0x80, 0x79, 0xC0, 0x3F, 0xE0, 0x0F, 0xE0, 0x00, 0xC0, 0x18, 0x01, 0xE0, 0x0F, 0xC0, 0x7F,
    0x07, 0xFC, 0x39, 0xF1, 0xCF, 0xCE, 0xEF, 0x3F, 0x3F, 0xFF, 0xFF, 0xFD, 0xEF, 0xC0, 0x03, 0x00,
    0x3F, 0x01, 0xFC, 0x07, 0x70, 0x3D, 0xE0, 0xE7, 0x03, 0x9C, 0x1F, 0xF0, 0xFF, 0xFF, 0xFF, 0xFF,
    0x8F, 0xCE, 0x38, 0x3C, 0xE0, 0xFF, 0x81, 0xFC, 0x00, 0xC0, 0x03, 0xC0, 0x00, 0xFC, 0x00, 0x3F,
    0x80, 0x0F, 0x78, 0x03, 0xC7, 0x00, 0xF0, 0xC0, 0x1C, 0x00, 0x07, 0xC0, 0x01, 0x7F, 0xFF, 0xEF,
    0xFF, 0xF8, 0x7F, 0xFF, 0x00, 0x0F, 0xF9, 0xFF, 0xDF, 0xFF, 0xF8, 0x0F, 0x00, 0x7C, 0x03, 0xFF,
    0xCF, 0xFE, 0x1F, 0xF0, 0x08, 0x00, 0x03, 0x80, 0x00, 0xC0, 0x00, 0x09, 0x00, 0x03, 0xE0, 0x00,
    0x60, 0x00, 0x00, 0xF0, 0x00, 0x3F, 0x00, 0x0F, 0xE0, 0x03, 0xDE, 0x00, 0xF1, 0xC0, 0x3C, 0x30,
    0x07, 0x00, 0x01, 0xF0, 0x00, 0x5F, 0xFF, 0xFB, 0xFF, 0xFE, 0x1F, 0xFF, 0xC0, 0x18, 0x03, 0x80,
    0x18, 0x00, 0xD0, 0x07, 0xC0, 0x30, 0x00, 0x00, 0x01, 0xFF, 0x3F, 0xFB, 0xFF, 0xFF, 0x01, 0xE0,
    0x0F, 0x80, 0x7F, 0xF9, 0xFF, 0xC3, 0xFE, 0x00, 0x1F, 0x80, 0x3F, 0xC0, 0x1F, 0xC0, 0x1E, 0x24,
    0x0F, 0x03, 0xC7, 0x81, 0xE3, 0xF0, 0xE0, 0xFE, 0x70, 0x1F, 0x78, 0x07, 0x9E, 0x07, 0xCF, 0xFF,
    0xC7, 0xFF, 0xC1, 0xFF, 0xC0, 0x1F, 0x00, 0x40, 0x00, 0x0F, 0x02, 0x01, 0xE0, 0xF8, 0x38, 0x1F,
    0xF7, 0x01, 0xFF, 0xE0, 0x1F, 0x9E, 0x03, 0xC3, 0xFF, 0xF8, 0x3F, 0xFE, 0x03, 0xFF, 0x80, 0x1F,
    0x80, 0x00, 0x0C, 0x78, 0x70, 0xF1, 0xE3, 0xC7, 0x9F, 0xFD, 0xFB, 0xC0, 0x00, 0x0D, 0xDF, 0xB3,
    0x18, 0x03, 0xC0, 0x70, 0x0F, 0x03, 0xF1, 0xFF, 0xFF, 0xFF, 0x1F, 0x00, 0x00, 0x01, 0xD8, 0x3B,
    0x86, 0x60, 0x0F, 0x0F, 0xC3, 0xE1, 0xE4, 0x78, 0x0E, 0x23, 0xF8, 0xFF, 0xFF, 0x9F, 0x87, 0x00,
    0x7F, 0xFC, 0x00, 0x03, 0xC7, 0x8F, 0x1E, 0x3C, 0x78, 0xF1, 0xE3, 0xC3, 0x87, 0x0E, 0x1C, 0x38,
    0x7E, 0x3F, 0x80, 0x00, 0x00, 0x3C, 0x0F, 0x03, 0xC0, 0xF0, 0x3C, 0x0F, 0x03, 0xC0, 0x70, 0x1C,
    0x07, 0x01, 0xC0, 0x70, 0x1E, 0x07, 0xF1, 0xFC, 0x3E, 0x23, 0x90, 0xDF, 0xB0, 0x0F, 0x7B, 0xDE,
    0xF7, 0xBD, 0xEF, 0x39, 0xCE, 0x73, 0x80, 0x20, 0x38, 0x10, 0x0D, 0x0F, 0x83, 0x00, 0x00, 0xF0,
    0x78, 0x3C, 0x1E, 0x0F, 0x07, 0x83, 0xC0, 0xE0, 0x70, 0x38, 0x1C, 0x0E, 0x07, 0x83, 0xF9, 0xFC,
    0x7C, 0x04, 0x07, 0x01, 0x00, 0x68, 0x1E, 0x06, 0x00, 0x00, 0x38, 0x3F, 0x0F, 0xE7, 0xBD, 0xCF,
    0x79, 0xDF, 0xF3, 0xFC, 0x2F, 0x07, 0xAF, 0xC7, 0xE1, 0xF0, 0x60, 0x00, 0x04, 0x00, 0xE0, 0x04,
    0x00, 0x34, 0x01, 0xE0, 0x0C, 0x00, 0x00, 0x01, 0xC0, 0x3F, 0x01, 0xFC, 0x1E, 0xE0, 0xE7, 0x87,
    0x9C, 0x3F, 0xFC, 0xFF, 0xE3, 0xFE, 0x07, 0x85, 0xF8, 0x1F, 0x80, 0xF8, 0x06, 0x00, 0x00, 0xF7,
    0xBD, 0xEF, 0x7B, 0xDE, 0xF7, 0x9C, 0xE7, 0x39, 0xCE, 0x23, 0x90, 0xD7, 0xB0, 0xF0, 0xF0, 0xF0,
    0xF0, 0xF0, 0xF0, 0xF0, 0x70, 0x70, 0x70, 0x70, 0x70, 0x78, 0x7F, 0x7F, 0x3E, 0x10, 0x70, 0x60,
    0x68, 0x78, 0x60, 0x08, 0x00, 0x0E, 0x00, 0x0C, 0x07, 0xE6, 0x4F, 0xF3, 0xE7, 0xF1, 0x87, 0x89,
    0x03, 0xC0, 0xF1, 0xE0, 0x78, 0xFC, 0x38, 0x3F, 0x9C, 0x07, 0xDE, 0x01, 0xE7, 0x81, 0xF3, 0xFF,
    0xF1, 0xFF, 0xF0, 0x7F, 0xF0, 0x07, 0xC0, 0x00, 0x08, 0x00, 0x03, 0x80, 0x00, 0xC0, 0x00, 0x19,
    0x00, 0x03, 0xE0, 0x00, 0x60, 0x00, 0x10, 0x00, 0x03, 0xC0, 0x80, 0x78, 0x3E, 0x0E, 0x07, 0xFD,
    0xC0, 0x7F, 0xF8, 0x07, 0xE7, 0x80, 0xF0, 0xFF, 0xFE, 0x0F, 0xFF, 0x80, 0xFF, 0xE0, 0x07, 0xE0,
    0x00, 0x23, 0xCC, 0x34, 0xFB, 0x00, 0x06, 0x78, 0xE3, 0x8F, 0x3C, 0xF7, 0xFE, 0xFB, 0x80, 0x10,
    0x0E, 0x06, 0x00, 0xD0, 0x7C, 0x08, 0x00, 0x00, 0x00, 0x18, 0x07, 0x03, 0xC0, 0xF0, 0x7E, 0x3F,
    0xFF, 0xFF, 0x9F, 0xFF, 0xFF, 0xFF, 0xFF, 0xFF, 0x77, 0x77, 0x77, 0xF0, 0xF0, 0xF0, 0xF0, 0xF0,
    0xF0, 0xF0, 0x70, 0x70, 0x70, 0x70, 0x70, 0x78, 0x7F, 0x7F, 0x3E, 0x00, 0x00, 0x66, 0x00, 0x1E,
    0x70, 0x00, 0xEF, 0x00, 0x0E, 0xF0, 0x00, 0xFF, 0x00, 0x0F, 0xF8, 0x03, 0xE7, 0xFF, 0xFE, 0x7F,
    0xFF, 0xC1, 0xFF, 0xF0, 0x00, 0x00, 0x00, 0x00, 0x00, 0x00, 0xE0, 0x00, 0x0E, 0x00, 0x00, 0xE0,
    0x00, 0x60, 0x00, 0x00, 0x38, 0x00, 0x00, 0x3C, 0x00, 0x0C, 0x1E, 0x00, 0x0F, 0x0F, 0x00, 0x0F,
    0x87, 0xC0, 0x1F, 0xE1, 0xFF, 0xFF, 0xFE, 0xFF, 0xFF, 0x3F, 0x1F, 0xFE, 0x0F, 0x00, 0x00, 0x00,
    0x00, 0x00, 0x00, 0x00, 0x0E, 0x00, 0x00, 0x07, 0x00, 0x00, 0x03, 0x80, 0x00, 0x19, 0xE3, 0x8E,
    0x3C, 0xF3, 0xDF, 0xFB, 0xEE, 0x00, 0x01, 0xC7, 0x1C, 0x18, 0x07, 0x03, 0xC0, 0xF0, 0x7E, 0x3F,
    0xFF, 0xFF, 0x9F, 0x00, 0x00, 0x03, 0x80, 0xE0, 0x38, 0x00, 0x66, 0x3F, 0x19, 0x80, 0x00, 0x00,
    0x80, 0xF0, 0xFC, 0x3E, 0x3F, 0xBD, 0xFC, 0x7E, 0x3F, 0x3F, 0xFF, 0xFE, 0x7E, 0x00, 0x3B, 0x81,
    0xDC, 0x06, 0x40, 0x00, 0x00, 0x00, 0x01, 0xC0, 0x1E, 0x03, 0xF0, 0x7F, 0x87, 0xFC, 0x3C, 0xE1,
    0xC7, 0x8E, 0x3C, 0x7F, 0xE3, 0xFF, 0x8F, 0xFF, 0x01, 0xF8, 0x07, 0xC0, 0x01, 0xB8, 0x00, 0x3B,
    0x80, 0x01, 0x98, 0x66, 0x00, 0x1E, 0x70, 0x00, 0xEF, 0x00, 0x0E, 0xF0, 0x00, 0xFF, 0x00, 0x0F,
    0xF8, 0x03, 0xE7, 0xFF, 0xFE, 0x7F, 0xFF, 0xC1, 0xFF, 0xF0, 0x01, 0xDC, 0x00, 0x00, 0xEE, 0x00,
    0x00, 0x36, 0x00, 0x0C, 0x00, 0x00, 0x07, 0x00, 0x00, 0x07, 0x80, 0x01, 0x83, 0xC0, 0x01, 0xE1,
    0xE0, 0x01, 0xF0, 0xF8, 0x03, 0xFC, 0x3F, 0xFF, 0xFF, 0xDF, 0xFF, 0xE7, 0xE3, 0xFF, 0xC1, 0xE0,
    0x6F, 0xFD, 0x98, 0x00, 0x01, 0x8F, 0x0E, 0x1C, 0x3C, 0x78, 0xF3, 0xEF, 0x9F, 0x38, 0x37, 0x07,
    0xE0, 0xCC, 0x00, 0x00, 0x00, 0x30, 0x07, 0x80, 0xE0, 0x1E, 0x07, 0xE3, 0xFF, 0xFF, 0xFE, 0x3E,
    0x00, 0x40, 0x00, 0x0E, 0x00, 0x00, 0xE0, 0x00, 0x04, 0x00, 0x01, 0xB8, 0x00, 0x3B, 0x80, 0x01,
    0x90, 0x66, 0x00, 0x1E, 0x70, 0x00, 0xEF, 0x00, 0x0E, 0xF0, 0x00, 0xFF, 0x00, 0x0F, 0xF8, 0x03,
    0xE7, 0xFF, 0xFE, 0x7F, 0xFF, 0xC1, 0xFF, 0xF0, 0x00, 0x20, 0x00, 0x00, 0x38, 0x00, 0x00, 0x1C,
    0x00, 0x00, 0x04, 0x00, 0x00, 0x1D, 0xC0, 0x00, 0x0E, 0xE0, 0x00, 0x03, 0x60, 0x00, 0xC0, 0x00,
    0x00, 0x70, 0x00, 0x00, 0x78, 0x00, 0x18, 0x3C, 0x00, 0x1E, 0x1E, 0x00, 0x1F, 0x0F, 0x80, 0x3F,
    0xC3, 0xFF, 0xFF, 0xFD, 0xFF, 0xFE, 0x7E, 0x3F, 0xFC, 0x1E, 0x10, 0x70, 0xE0, 0x86, 0xFF, 0xD9,
    0x80, 0x0C, 0x78, 0x70, 0xE1, 0xE3, 0xC7, 0x9F, 0x7C, 0xF9, 0xC0, 0x08, 0x03, 0x80, 0x70, 0x04,
    0x03, 0x70, 0x7E, 0x0C, 0xC0, 0x00, 0x00, 0x03, 0x00, 0x78, 0x0E, 0x01, 0xE0, 0x7E, 0x3F, 0xFF,
    0xFF, 0xE3, 0xE0, 0xFE, 0x07, 0xFE, 0x3F, 0xFD, 0x07, 0xE0, 0x3F, 0x07, 0xF8, 0xFE, 0x0F, 0x80,
    0x78, 0x07, 0x80, 0x3C, 0x41, 0xC7, 0x0E, 0x38, 0x70, 0x83, 0xC0, 0x1F, 0x8E, 0x7F, 0xF9, 0xFF,
    0xC7, 0xF8, 0xFE, 0x00, 0xFF, 0xC0, 0xFF, 0xF0, 0x83, 0xF0, 0x03, 0xF0, 0x0F, 0xF0, 0x3F, 0xE0,
    0x7C, 0xF8, 0x78, 0x7F, 0xF0, 0x7F, 0xF1, 0x1F, 0xE3, 0x80, 0xE3, 0x80, 0xE1, 0x00, 0xF0, 0x00,
    0xFC, 0x70, 0x7F, 0xF8, 0x3F, 0xF8, 0x1F, 0xE0, 0x7E, 0x03, 0xFE, 0x1F, 0xFE, 0x7F, 0xF0, 0x07,
    0x80, 0xFC, 0x7F, 0x9F, 0xF0, 0xFF, 0x07, 0xC0, 0x00, 0x00, 0x00, 0x00, 0x70, 0x03, 0x80, 0x1C,
    0x00, 0x7E, 0x00, 0x7F, 0xC0, 0x7F, 0xF8, 0x3F, 0xF8, 0x00, 0x78, 0x01, 0xF8, 0x1F, 0xF8, 0xFF,
    0xBF, 0xFF, 0x3F, 0xF8, 0x1F, 0x00, 0x00, 0x00, 0x00, 0x07, 0x00, 0x0F, 0x00, 0x07, 0x00, 0xFE,
    0x07, 0xFE, 0x3F, 0xFD, 0x07, 0xE0, 0x3F, 0x07, 0xF8, 0xFE, 0x0F, 0x80, 0x78, 0x07, 0x80, 0x3C,
    0x01, 0xC0, 0x0E, 0x00, 0x70, 0x03, 0xC0, 0x1F, 0x8E, 0x7F, 0xF9, 0xFF, 0xC7, 0xF8, 0xFE, 0x00,
    0xFF, 0xC0, 0xFF, 0xF0, 0x83, 0xF0, 0x03, 0xF0, 0x0F, 0xF0, 0x3F, 0xE0, 0x7C, 0xF8, 0x78, 0x7F,
    0xF0, 0x7F, 0xF0, 0x1F, 0xE0, 0x00, 0xE0, 0x00, 0xE0, 0x00, 0xF0, 0x00, 0xFC, 0x70, 0x7F, 0xF8,
    0x3F, 0xF8, 0x1F, 0xE0, 0x7E, 0x03, 0xFE, 0x1F, 0xFE, 0x7F, 0xF0, 0x07, 0x80, 0xFC, 0x7F, 0x9F,
    0xF0, 0xFF, 0x07, 0xC0, 0x00, 0x7E, 0x00, 0x7F, 0xC0, 0x7F, 0xF8, 0x3F, 0xF8, 0x00, 0x78, 0x01,
    0xF8, 0x1F, 0xF8, 0xFF, 0xBF, 0xFF, 0x3F, 0xF8, 0x1F, 0x06, 0x00, 0x78, 0x03, 0xC0, 0x0C, 0x00,
    0x00, 0x00, 0x03, 0xF8, 0x1F, 0xF8, 0xFF, 0xF4, 0x1F, 0x80, 0xFC, 0x1F, 0xE3, 0xF8, 0x3E, 0x01,
    0xE0, 0x1E, 0x00, 0xF0, 0x07, 0x00, 0x38, 0x01, 0xC0, 0x0F, 0x00, 0x7E, 0x39, 0xFF, 0xE7, 0xFF,
    0x1F, 0xE0, 0x06, 0x00, 0x0F, 0x00, 0x0F, 0x00, 0x06, 0x00, 0x00, 0x00, 0x00, 0x00, 0xFE, 0x00,
    0xFF, 0xC0, 0xFF, 0xF0, 0x83, 0xF0, 0x03, 0xF0, 0x0F, 0xF0, 0x3F, 0xE0, 0x7C, 0xF8, 0x78, 0x7F,
    0xF0, 0x7F, 0xF0, 0x1F, 0xE0, 0x00, 0xE0, 0x00, 0xE0, 0x00, 0xF0, 0x00, 0xFC, 0x70, 0x7F, 0xF8,
    0x3F, 0xF8, 0x1F, 0xE0, 0x18, 0x01, 0xE0, 0x0F, 0x00, 0x30, 0x00, 0x00, 0x00, 0x01, 0xF8, 0x0F,
    0xF8, 0x7F, 0xF9, 0xFF, 0xC0, 0x1E, 0x03, 0xF1, 0xFE, 0x7F, 0xC3, 0xFC, 0x1F, 0x00, 0x10, 0x00,
    0x38, 0x00, 0x38, 0x00, 0x18, 0x00, 0x00, 0x00, 0x00, 0x00, 0x7E, 0x00, 0x7F, 0xC0, 0x7F, 0xF8,
    0x3F, 0xF8, 0x00, 0x78, 0x01, 0xF8, 0x1F, 0xF8, 0xFF, 0xBF, 0xFF, 0x3F, 0xF8, 0x1F, 0x04, 0x07,
    0x07, 0x83, 0xE0, 0xF0, 0x7C, 0x1E, 0x0F, 0xFF, 0xFF, 0xFF, 0xDF, 0xC0, 0x04, 0x00, 0x70, 0x07,
    0x80, 0x3E, 0x00, 0xF0, 0x07, 0xC0, 0x1E, 0x00, 0xF0, 0xFF, 0xC7, 0xFF, 0xFF, 0xFF, 0xFD, 0xE0,
    0x10, 0x1C, 0x0E, 0x02, 0x00, 0x00, 0x20, 0x38, 0x3C, 0x1F, 0x07, 0x83, 0xE0, 0xF0, 0x7F, 0xFF,
    0xFF, 0xFE, 0xFE, 0x00, 0x10, 0x01, 0xC0, 0x0E, 0x00, 0x20, 0x00, 0x00, 0x02, 0x00, 0x38, 0x03,
    0xC0, 0x1F, 0x00, 0x78, 0x03, 0xE0, 0x0F, 0x00, 0x78, 0x7F, 0xE3, 0xFF, 0xFF, 0xFF, 0xFE, 0xF0,
    0x02, 0x0E, 0x1F, 0x0F, 0x07, 0x07, 0x07, 0x07, 0x0F, 0x1F, 0xFE, 0x7C, 0x78, 0x40, 0x02, 0x00,
    0xE0, 0x1F, 0x00, 0xF0, 0x07, 0x00, 0x78, 0x07, 0xF0, 0x7F, 0x0F, 0xF1, 0xF0, 0xFE, 0x07, 0xC0,
    0x78, 0x06, 0x00, 0x08, 0x1C, 0x1C, 0x0C, 0x00, 0x02, 0x0E, 0x1F, 0x0F, 0x07, 0x07, 0x07, 0x07,
    0x0F, 0x1F, 0xFE, 0x7C, 0x78, 0x40, 0x08, 0x01, 0xC0, 0x1C, 0x00, 0xC0, 0x00, 0x00, 0x20, 0x0E,
    0x01, 0xF0, 0x0F, 0x00, 0x70, 0x07, 0x80, 0x7F, 0x07, 0xF0, 0xFF, 0x1F, 0x0F, 0xE0, 0x7C, 0x07,
    0x80, 0x60, 0x00, 0x00, 0x00, 0x00, 0x20, 0x00, 0x00, 0x0E, 0x00, 0x00, 0x00, 0xF0, 0x00, 0xC3,
    0x0F, 0x00, 0x3C, 0x3C, 0xF0, 0x03, 0xC3, 0x87, 0x70, 0x3C, 0x38, 0x77, 0x81, 0xE7, 0xCF, 0x70,
    0x1F, 0xFF, 0xF7, 0x01, 0xFF, 0xFE, 0xF0, 0x1F, 0xE7, 0xC7, 0x83, 0xC0, 0x00, 0x7F, 0xFC, 0x00,
    0x07, 0xFF, 0x80, 0x00, 0x3F, 0xF0, 0x00, 0x00, 0x7C, 0x00, 0x00, 0x00, 0x00, 0x00, 0xF0, 0x00,
    0x06, 0x18, 0x38, 0x00, 0x0F, 0x0F, 0x1C, 0x00, 0x07, 0x87, 0x0E, 0x07, 0x03, 0xC3, 0x87, 0x83,
    0xC0, 0xF3, 0xE7, 0xE1, 0xC0, 0x7F, 0xFF, 0xFC, 0xE0, 0x3F, 0xFF, 0xBF, 0xF0, 0x1F, 0xE7, 0x8F,
    0x3C, 0x1E, 0x00, 0x00, 0x1F, 0xFF, 0x00, 0x00, 0x0F, 0xFF, 0x00, 0x00, 0x01, 0xFF, 0x00, 0x00,
    0x00, 0x3E, 0x00, 0x00, 0x00, 0x00, 0x00, 0x20, 0x00, 0x1E, 0x00, 0x00, 0xE1, 0x03, 0x0E, 0x1C,
    0x38, 0xF3, 0xC7, 0x8F, 0x3C, 0x78, 0xF7, 0xEF, 0xCF, 0xFF, 0xFF, 0xEF, 0xFF, 0xFE, 0xE7, 0xCF,
    0x80, 0x00, 0x00, 0xF0, 0x10, 0x30, 0xF0, 0x1C, 0x38, 0xF0, 0x3C, 0x78, 0xF0, 0x3C, 0x78, 0xF0,
    0x7E, 0xFC, 0xF8, 0xFF, 0xFF, 0xFF, 0xFF, 0xFF, 0xDF, 0xE7, 0xCF, 0x8F, 0x00, 0x00, 0x20, 0x00,
    0x00, 0x07, 0x00, 0x00, 0x00, 0x70, 0x00, 0x00, 0x02, 0x00, 0x00, 0x01, 0xDC, 0x00, 0x00, 0x1D,
    0xC0, 0x00, 0x00, 0x98, 0x00, 0x00, 0x00, 0x02, 0x00, 0x00, 0x00, 0xE0, 0x00, 0x00, 0x0F, 0x00,
    0x0C, 0x30, 0xF0, 0x03, 0xC3, 0xCF, 0x00, 0x3C, 0x38, 0x77, 0x03, 0xC3, 0x87, 0x78, 0x1E, 0x7C,
    0xF7, 0x01, 0xFF, 0xFF, 0x70, 0x1F, 0xFF, 0xEF, 0x01, 0xFE, 0x7C, 0x78, 0x3C, 0x00, 0x07, 0xFF,
    0xC0, 0x00, 0x7F, 0xF8, 0x00, 0x03, 0xFF, 0x00, 0x00, 0x07, 0xC0, 0x00, 0x00, 0x00, 0x00, 0x20,
    0x00, 0x00, 0x00, 0x38, 0x00, 0x00, 0x00, 0x1C, 0x00, 0x00, 0x00, 0x04, 0x00, 0x00, 0x00, 0x1D,
    0xC0, 0x00, 0x00, 0x0E, 0xE0, 0x00, 0x00, 0x02, 0x60, 0x00, 0x00, 0x00, 0x00, 0x00, 0x00, 0x00,
    0x00, 0x80, 0x00, 0x00, 0x00, 0x38, 0x00, 0x03, 0x0C, 0x1C, 0x00, 0x07, 0x87, 0x8E, 0x00, 0x03,
    0xC3, 0x87, 0x03, 0x81, 0xE1, 0xC3, 0xC1, 0xE0, 0x79, 0xF3, 0xF0, 0xE0, 0x3F, 0xFF, 0xFE, 0x70,
    0x1F, 0xFF, 0xDF, 0xF8, 0x0F, 0xF3, 0xC7, 0x9E, 0x0F, 0x00, 0x00, 0x0F, 0xFF, 0x80, 0x00, 0x07,
    0xFF, 0x80, 0x00, 0x00, 0xFF, 0x80, 0x00, 0x00, 0x1F, 0x00, 0x00, 0x00, 0x00, 0x10, 0x00, 0x03,
    0x80, 0x00, 0x38, 0x00, 0x01, 0x00, 0x00, 0xEE, 0x00, 0x0E, 0xE0, 0x00, 0x4C, 0x00, 0x00, 0x02,
    0x00, 0x01, 0xE0, 0x00, 0x0E, 0x10, 0x30, 0xE1, 0xC3, 0x8F, 0x3C, 0x78, 0xF3, 0xC7, 0x8F, 0x7E,
    0xFC, 0xFF, 0xFF, 0xFE, 0xFF, 0xFF, 0xEE, 0x7C, 0xF8, 0x00, 0x10, 0x00, 0x00, 0x38, 0x00, 0x00,
    0x38, 0x00, 0x00, 0x10, 0x00, 0x00, 0xEC, 0x00, 0x00, 0xFC, 0x00, 0x00, 0xCC, 0x00, 0x00, 0x00,
    0x00, 0x00, 0x00, 0x00, 0x00, 0x00, 0xF0, 0x10, 0x30, 0xF0, 0x1C, 0x38, 0xF0, 0x3C, 0x78, 0xF0,
    0x3C, 0x78, 0xF0, 0x7E, 0xFC, 0xF8, 0xFF, 0xFF, 0xFF, 0xFF, 0xFF, 0xDF, 0xE7, 0xCF, 0x8F, 0x00,
    0x00, 0x03, 0xE0, 0x00, 0x00, 0x7F, 0x80, 0x03, 0x07, 0xFE, 0x00, 0x78, 0x7F, 0xF0, 0x03, 0xC7,
    0xC3, 0xB8, 0x1E, 0x7C, 0x3D, 0xE0, 0x7F, 0xC3, 0xEE, 0x03, 0xFF, 0xFE, 0x70, 0x1F, 0xFF, 0xE7,
    0x80, 0xFF, 0xFE, 0x1E, 0x0F, 0x00, 0x00, 0xFF, 0xF8, 0x00, 0x07, 0xFF, 0x80, 0x00, 0x1F, 0xF8,
    0x00, 0x00, 0x1F, 0x00, 0x00, 0x00, 0x00, 0x00, 0x03, 0xE0, 0x00, 0x00, 0x07, 0xF8, 0x00, 0x03,
    0x07, 0xFE, 0x00, 0x07, 0x87, 0xFF, 0x00, 0x03, 0xC7, 0xC3, 0x83, 0x81, 0xE7, 0xC3, 0xC1, 0xE0,
    0x7F, 0xC3, 0xE0, 0xE0, 0x3F, 0xFF, 0xFE, 0x70, 0x1F, 0xFF, 0xFF, 0xF8, 0x0F, 0xFF, 0xEF, 0x9E,
    0x0F, 0x00, 0x00, 0x0F, 0xFF, 0x80, 0x00, 0x07, 0xFF, 0x80, 0x00, 0x01, 0xFF, 0x80, 0x00, 0x00,
    0x1F, 0x00, 0x00, 0x00, 0x00, 0x07, 0x80, 0x01, 0xFE, 0x20, 0x3F, 0xE3, 0xC7, 0xFF, 0x38, 0xF8,
    0xF3, 0x9E, 0x0F, 0x7F, 0xC1, 0xEF, 0xFF, 0xFE, 0xFF, 0xFF, 0xCE, 0x7F, 0xF8, 0x00, 0x07, 0x80,
    0x00, 0x3F, 0xC0, 0x80, 0xFF, 0x81, 0xE3, 0xFF, 0x83, 0x8F, 0x8F, 0x07, 0x3C, 0x1E, 0x1F, 0xF0,
    0x7C, 0x7F, 0xFF, 0xFF, 0xFF, 0xFF, 0xFF, 0xCF, 0xFF, 0x7C, 0x00, 0x00, 0x01, 0x80, 0x00, 0x00,
    0x1C, 0x00, 0x00, 0x00, 0xE0, 0x00, 0x00, 0x03, 0x00, 0x00, 0x00, 0x00, 0x00, 0x00, 0x00, 0x00,
    0x00, 0x00, 0x0F, 0x80, 0x00, 0x01, 0xFE, 0x00, 0x0C, 0x1F, 0xF8, 0x01, 0xE1, 0xFF, 0xC0, 0x0F,
    0x1F, 0x0E, 0xE0, 0x79, 0xF0, 0xF7, 0x81, 0xFF, 0x0F, 0xB8, 0x0F, 0xFF, 0xF9, 0xC0, 0x7F, 0xFF,
    0x9E, 0x03, 0xFF, 0xF8, 0x78, 0x3C, 0x00, 0x03, 0xFF, 0xE0, 0x00, 0x1F, 0xFE, 0x00, 0x00, 0x7F,
    0xE0, 0x00, 0x00, 0x7C, 0x00, 0x00, 0x00, 0x00, 0x00, 0x01, 0x80, 0x00, 0x00, 0x01, 0xC0, 0x00,
    0x00, 0x00, 0xE0, 0x00, 0x00, 0x00, 0x30, 0x00, 0x00, 0x00, 0x00, 0x00, 0x00, 0x00, 0x00, 0x00,
    0x00, 0x00, 0x0F, 0x80, 0x00, 0x00, 0x1F, 0xE0, 0x00, 0x0C, 0x1F, 0xF8, 0x00, 0x1E, 0x1F, 0xFC,
    0x00, 0x0F, 0x1F, 0x0E, 0x0E, 0x07, 0x9F, 0x0F, 0x07, 0x81, 0xFF, 0x0F, 0x83, 0x80, 0xFF, 0xFF,
    0xF9, 0xC0, 0x7F, 0xFF, 0xFF, 0xE0, 0x3F, 0xFF, 0xBE, 0x78, 0x3C, 0x00, 0x00, 0x3F, 0xFE, 0x00,
    0x00, 0x1F, 0xFE, 0x00, 0x00, 0x07, 0xFE, 0x00, 0x00, 0x00, 0x7C, 0x00, 0x00, 0x00, 0x00, 0x02,
    0x00, 0x00, 0x70, 0x00, 0x07, 0x00, 0x00, 0x30, 0x00, 0x00, 0x00, 0x00, 0x00, 0x00, 0x07, 0x80,
    0x01, 0xFE, 0x20, 0x3F, 0xE3, 0xC7, 0xFF, 0x38, 0xF8, 0xF3, 0x9E, 0x0F, 0x7F, 0xC1, 0xEF, 0xFF,
    0xFE, 0xFF, 0xFF, 0xCE, 0x7F, 0xF8, 0x00, 0x02, 0x00, 0x00, 0x0E, 0x00, 0x00, 0x1C, 0x00, 0x00,
    0x18, 0x00, 0x00, 0x00, 0x00, 0x00, 0x00, 0x00, 0x01, 0xE0, 0x00, 0x0F, 0xF0, 0x20, 0x3F, 0xE0,
    0x78, 0xFF, 0xE0, 0xE3, 0xE3, 0xC1, 0xCF, 0x07, 0x87, 0xFC, 0x1F, 0x1F, 0xFF, 0xFF, 0xFF, 0xFF,
    0xFF, 0xF3, 0xFF, 0xDF, 0x0E, 0x00, 0x07, 0x00, 0x03, 0xC0, 0x01, 0xE0, 0x00, 0xF0, 0x00, 0x78,
    0x00, 0x3C, 0xF0, 0x1F, 0xFE, 0x0F, 0xFF, 0x07, 0xFF, 0xC3, 0xF1, 0xE1, 0xE0, 0xF5, 0xE1, 0xFB,
    0xFF, 0xF9, 0xFF, 0xF9, 0xFF, 0xF0, 0x0E, 0x00, 0x00, 0xE0, 0x00, 0x0F, 0x00, 0x00, 0xF0, 0x00,
    0x0F, 0x00, 0x00, 0xF0, 0x00, 0x0F, 0x3C, 0x00, 0xFF, 0xF0, 0x0F, 0xFF, 0x00, 0xFF, 0xF8, 0x0F,
    0xC7, 0x80, 0xF0, 0x78, 0x5E, 0x1F, 0x87, 0xFF, 0xFF, 0x7F, 0xFF, 0xFF, 0xFF, 0x9F, 0x38, 0x00,
    0x70, 0x00, 0xF0, 0x01, 0xE0, 0x03, 0xC0, 0x07, 0x80, 0x0F, 0x7E, 0x1F, 0xFE, 0x3F, 0xFC, 0x7F,
    0x7C, 0xF8, 0x79, 0xE0, 0xF7, 0x8F, 0xDF, 0xFF, 0xBF, 0xFE, 0x7F, 0xF0, 0x38, 0x00, 0x0E, 0x00,
    0x03, 0xC0, 0x00, 0xF0, 0x00, 0x3C, 0x00, 0x0F, 0x00, 0x03, 0xDF, 0x80, 0xFF, 0xF0, 0x3F, 0xFC,
    0x0F, 0xEF, 0x83, 0xE1, 0xE0, 0xF0, 0x78, 0x78, 0xFC, 0x3F, 0xFF, 0xFF, 0xFF, 0xFF, 0xFF, 0x9F,
    0x0E, 0x08, 0x07, 0x0E, 0x03, 0xC7, 0x01, 0xE1, 0x80, 0xF0, 0x00, 0x78, 0x00, 0x3C, 0xF0, 0x1F,
    0xFE, 0x0F, 0xFF, 0x07, 0xFF, 0xC3, 0xF1, 0xE1, 0xE0, 0xF5, 0xE1, 0xFB, 0xFF, 0xF9, 0xFF, 0xF9,
    0xFF, 0xF0, 0x0E, 0x08, 0x00, 0xE1, 0xC0, 0x0F, 0x1C, 0x00, 0xF1, 0x80, 0x0F, 0x00, 0x00, 0xF0,
    0x00, 0x0F, 0x3C, 0x00, 0xFF, 0xF0, 0x0F, 0xFF, 0x00, 0xFF, 0xF8, 0x0F, 0xC7, 0x80, 0xF0, 0x78,
    0x5E, 0x1F, 0x87, 0xFF, 0xFF, 0x7F, 0xFF, 0xFF, 0xFF, 0x9F, 0x38, 0x20, 0x70, 0xE0, 0xF1, 0xC1,
    0xE1, 0x83, 0xC0, 0x07, 0x80, 0x0F, 0x7E, 0x1F, 0xFE, 0x3F, 0xFC, 0x7F, 0x7C, 0xF8, 0x79, 0xE0,
    0xF7, 0x8F, 0xDF, 0xFF, 0xBF, 0xFE, 0x7F, 0xF0, 0x38, 0x20, 0x0E, 0x1C, 0x03, 0xC7, 0x00, 0xF0,
    0xC0, 0x3C, 0x00, 0x0F, 0x00, 0x03, 0xDF, 0x80, 0xFF, 0xF0, 0x3F, 0xFC, 0x0F, 0xEF, 0x83, 0xE1,
    0xE0, 0xF0, 0x78, 0x78, 0xFC, 0x3F, 0xFF, 0xFF, 0xFF, 0xFF, 0xFF, 0x9F, 0x3F, 0x03, 0xF8, 0x3F,
    0x81, 0xE0, 0x0F, 0x00, 0x78, 0x41, 0xFE, 0x0F, 0xF8, 0x3F, 0xC3, 0xE0, 0x3E, 0x01, 0xE0, 0x0E,
    0x00, 0x70, 0x03, 0x80, 0x1E, 0x00, 0xF8, 0x33, 0xFF, 0x8F, 0xFE, 0x3F, 0xE0, 0x03, 0x00, 0x3F,
    0xC0, 0xFF, 0x81, 0xEF, 0x87, 0x8E, 0x07, 0x9C, 0x07, 0xF8, 0x07, 0xE0, 0x0F, 0xFC, 0x3F, 0xFC,
    0xF7, 0xF3, 0xC0, 0x07, 0x00, 0x0E, 0x00, 0x3C, 0x00, 0x3E, 0x38, 0x7F, 0xF0, 0x7F, 0xE0, 0x3F,
    0x80, 0x0F, 0x83, 0xF0, 0xFE, 0x1E, 0x07, 0x80, 0x70, 0x0F, 0x30, 0xFF, 0xFF, 0xFF, 0xF3, 0xF0,
    0x00, 0x03, 0x00, 0x7F, 0x07, 0xFE, 0x1E, 0x78, 0x79, 0xE1, 0xE7, 0x03, 0xFC, 0x0F, 0xE0, 0xFF,
    0xFF, 0xFF, 0xFF, 0x1F, 0x80, 0x04, 0x00, 0x70, 0x03, 0x80, 0x18, 0x00, 0x00, 0x00, 0x00, 0xFC,
    0x0F, 0xE0, 0xFE, 0x07, 0x80, 0x3C, 0x01, 0xE1, 0x07, 0xF8, 0x3F, 0xE0, 0xFF, 0x0F, 0x80, 0xF8,
    0x07, 0x80, 0x38, 0x01, 0xC0, 0x0E, 0x00, 0x78, 0x03, 0xE0, 0xCF, 0xFE, 0x3F, 0xF8, 0xFF, 0x80,
    0x01, 0x00, 0x07, 0x00, 0x0E, 0x00, 0x18, 0x00, 0x00, 0x00, 0x60, 0x07, 0xF8, 0x1F, 0xF0, 0x3D,
    0xF0, 0xF1, 0xC0, 0xF3, 0x80, 0xFF, 0x00, 0xFC, 0x01, 0xFF, 0x87, 0xFF, 0x9E, 0xFE, 0x78, 0x00,
    0xE0, 0x01, 0xC0, 0x07, 0x80, 0x07, 0xC7, 0x0F, 0xFE, 0x0F, 0xFC, 0x07, 0xF0, 0x04, 0x01, 0xC0,
    0x38, 0x03, 0x00, 0x00, 0x00, 0x03, 0xE0, 0xFC, 0x3F, 0x87, 0x81, 0xE0, 0x1C, 0x03, 0xCC, 0x3F,
    0xFF, 0xFF, 0xFC, 0xFC, 0x00, 0x02, 0x00, 0x1C, 0x00, 0x70, 0x00, 0x80, 0x00, 0x00, 0x0C, 0x01,
    0xFC, 0x1F, 0xF8, 0x79, 0xE1, 0xE7, 0x87, 0x9C, 0x0F, 0xF0, 0x3F, 0x83, 0xFF, 0xFF, 0xFF, 0xFC,
    0x7E, 0x00, 0x03, 0x00, 0x00, 0xE0, 0x00, 0x1E, 0x00, 0x01, 0x80, 0x00, 0x00, 0x00, 0x00, 0x00,
    0x03, 0xF0, 0x00, 0xFE, 0x00, 0x1D, 0xF8, 0x03, 0x9F, 0xC0, 0xF3, 0xF0, 0x0F, 0xFE, 0x01, 0xFF,
    0xC0, 0x1D, 0xFE, 0x00, 0x7F, 0xFF, 0xFF, 0x7F, 0xFF, 0xC7, 0xFF, 0xE0, 0x00, 0x00, 0x80, 0x00,
    0x01, 0xC0, 0x00, 0x01, 0xC0, 0x00, 0x00, 0x80, 0x00, 0x00, 0x00, 0x00, 0x00, 0x00, 0x00, 0x03,
    0xE0, 0xC0, 0x07, 0xF0, 0xF0, 0x0F, 0xF8, 0xE0, 0x0F, 0x78, 0xE0, 0x0E, 0x78, 0xE0, 0x0F, 0x70,
    0xF8, 0x07, 0xF0, 0xFF, 0xFF, 0xFF, 0x7F, 0xFF, 0xFF, 0x3F, 0xFE, 0x7E, 0x04, 0x03, 0x80, 0xE0,
    0x30, 0x00, 0x00, 0x01, 0xF0, 0xFE, 0x3B, 0x9C, 0xF7, 0xBD, 0xFF, 0x3F, 0xC7, 0xF0, 0x7F, 0xFE,
    0xFF, 0x3F, 0x80, 0x04, 0x00, 0x70, 0x03, 0x80, 0x0C, 0x00, 0x00, 0x00, 0x00, 0x7C, 0x07, 0xF0,
    0x7F, 0xC3, 0xDE, 0x1E, 0xF0, 0xF7, 0x83, 0xF8, 0x7F, 0xFF, 0xFF, 0xFF, 0x7F, 0x00, 0x77, 0x00,
    0x3B, 0x80, 0x09, 0x80, 0x00, 0x00, 0x01, 0x80, 0x03, 0xF0, 0x01, 0xFC, 0x01, 0xEE, 0x70, 0xE7,
    0x3C, 0x73, 0xDC, 0x3F, 0xEE, 0x1F, 0xFF, 0x03, 0xF3, 0xC0, 0x79, 0xFF, 0xFC, 0xFF, 0xFC, 0x3F,
    0xFC, 0x07, 0xF0, 0x00, 0x00, 0x77, 0x00, 0x07, 0x70, 0x00, 0x36, 0x00, 0x00, 0x00, 0x00, 0x08,
    0x00, 0x03, 0xE0, 0x00, 0x7F, 0x00, 0x0F, 0x70, 0x40, 0xE7, 0x07, 0x8F, 0x78, 0x78, 0xFF, 0xE7,
    0x07, 0xFF, 0x70, 0x3F, 0xEF, 0x00, 0xF0, 0x78, 0x1F, 0x07, 0xFF, 0xE0, 0x3F, 0xFC, 0x01, 0xFF,
    0x80, 0x07, 0xC0, 0x00, 0x3B, 0x8E, 0xE1, 0x30, 0x00, 0x00, 0x07, 0xC3, 0xF8, 0xEE, 0x73, 0xDE,
    0xF7, 0xFC, 0xFF, 0x1F, 0xC1, 0xFF, 0xFB, 0xFC, 0xFE, 0x00, 0x1B, 0x81, 0xDC, 0x06, 0x60, 0x00,
    0x00, 0x00, 0x0F, 0x80, 0xFE, 0x0F, 0xF8, 0x7B, 0xC3, 0xDE, 0x1E, 0xF0, 0x7F, 0x0F, 0xFF, 0xFF,
    0xFF, 0xEF, 0xE0, 0x00, 0x03, 0x80, 0x00, 0xE0, 0x00, 0x38, 0x01, 0x8E, 0x01, 0xE3, 0x80, 0x70,
    0xF0, 0x1C, 0x3F, 0x03, 0x8F, 0xF0, 0xE3, 0xF8, 0xF8, 0xFE, 0x1C, 0x3F, 0x80, 0x0F, 0xF8, 0x07,
    0xBF, 0xFF, 0xE7, 0xFF, 0xF0, 0xFF, 0xF8, 0x00, 0x03, 0x80, 0x00, 0x0E, 0x00, 0x00, 0x38, 0x00,
    0x18, 0xE0, 0x01, 0xE3, 0x80, 0x07, 0x0F, 0x00, 0x1C, 0x3C, 0x30, 0x38, 0xF0, 0xF0, 0xE3, 0xC3,
    0x8F, 0x8F, 0x0E, 0x1C, 0x3C, 0x38, 0x00, 0xF0, 0xF8, 0x07, 0xE3, 0xFF, 0xFF, 0xE7, 0xFF, 0xFF,
    0xCF, 0xFF, 0x9E, 0x00, 0x80, 0xE0, 0xF8, 0xFF, 0x7F, 0x1F, 0x07, 0x81, 0xF0, 0x3E, 0x07, 0x80,
    0xF0, 0x3C, 0x0F, 0x3F, 0xCF, 0xE3, 0xF0, 0x00, 0x80, 0x1C, 0x03, 0xE0, 0x7F, 0x87, 0xF0, 0x3E,
    0x01, 0xE0, 0x0F, 0x80, 0x3C, 0x00, 0xF0, 0x03, 0xC0, 0x1E, 0x00, 0xF8, 0x7F, 0xFB, 0xFF, 0xFF,
    0x9E, 0x00, 0x3C, 0x00, 0xF0, 0x03, 0xC0, 0x0F, 0x00, 0x3C, 0x00, 0x70, 0x01, 0xC0, 0x07, 0x00,
    0x1C, 0x00, 0x74, 0x01, 0xDE, 0x07, 0x78, 0x1D, 0xC0, 0x77, 0x01, 0xFC, 0x0F, 0x78, 0x3D, 0xFF,
    0xE7, 0xFF, 0x8F, 0xFC, 0x07, 0xC0, 0x00, 0x3C, 0x00, 0x0F, 0x00, 0x03, 0xC0, 0x00, 0xF0, 0x00,
    0x3C, 0x00, 0x07, 0x00, 0x01, 0xC0, 0x00, 0x70, 0x00, 0x1C, 0x00, 0x07, 0x04, 0x01, 0xC1, 0xE0,
    0x70, 0x78, 0x1E, 0x1C, 0x07, 0xF7, 0x01, 0xFF, 0xC0, 0xFF, 0x78, 0x3C, 0x1F, 0xFE, 0x07, 0xFF,
    0x80, 0xFF, 0xC0, 0x07, 0xC0, 0x00, 0x79, 0xE3, 0x8E, 0x38, 0xE3, 0x8E, 0x38, 0xE3, 0x8E, 0x7B,
    0xEF, 0xB8, 0x78, 0x1C, 0x0E, 0x07, 0x03, 0x81, 0xC0, 0xE0, 0x70, 0x38, 0x1C, 0x0E, 0x07, 0x87,
    0xC7, 0xFF, 0xFF, 0xCF, 0x0F, 0x03, 0xF8, 0xFF, 0x3F, 0xF1, 0x1E, 0x01, 0xC7, 0xF9, 0xFF, 0x7F,
    0xEF, 0x0F, 0xC0, 0x78, 0x0F, 0x01, 0xE0, 0x1C, 0x03, 0x80, 0x78, 0x0E, 0x00, 0x00, 0x80, 0x07,
    0xE0, 0x0F, 0xE0, 0x1F, 0xF0, 0x3E, 0x70, 0x7C, 0x78, 0x7E, 0x7C, 0x7F, 0xFF, 0xF7, 0xFF, 0xF3,
    0xEF, 0xF0, 0x00, 0xF0, 0x00, 0x70, 0x00, 0x70, 0x00, 0x70, 0x00, 0x78, 0x00, 0x78, 0x00, 0x30,
    0x00, 0x07, 0x81, 0xF8, 0x7F, 0x9E, 0x73, 0x8E, 0xF9, 0xFF, 0xFF, 0xFF, 0xE7, 0xC0, 0x01, 0x00,
    0x07, 0xC0, 0x0F, 0xE0, 0x1F, 0xE0, 0x1C, 0xF0, 0x3C, 0x70, 0x7E, 0x78, 0xFF, 0xFF, 0xFF, 0xFF,
    0xE7, 0xCE, 0x01, 0x00, 0x0E, 0x00, 0x38, 0x00, 0x40, 0x00, 0x00, 0x00, 0x00, 0x01, 0x80, 0x1F,
    0x40, 0x3D, 0xE0, 0xF7, 0x81, 0xDC, 0x07, 0x70, 0x1F, 0xC0, 0x77, 0x83, 0xDF, 0xFF, 0x7F, 0xF8,
    0xFF, 0xC0, 0x7C, 0x00, 0x01, 0x00, 0x00, 0xE0, 0x00, 0x38, 0x00, 0x04, 0x00, 0x00, 0x00, 0x00,
    0x00, 0x00, 0x00, 0x80, 0x00, 0xF0, 0x40, 0x3C, 0x1E, 0x07, 0x07, 0x81, 0xE1, 0xC0, 0x7F, 0x70,
    0x1F, 0xFC, 0x07, 0xF7, 0x83, 0xC1, 0xFF, 0xF0, 0x7F, 0xF8, 0x0F, 0xFC, 0x00, 0x7C, 0x00, 0x31,
    0xC7, 0x8C, 0x00, 0x67, 0x8E, 0x38, 0xF3, 0xCF, 0x7F, 0xEF, 0xB8, 0x18, 0x07, 0x03, 0xC0, 0x60,
    0x00, 0x00, 0x01, 0x80, 0x70, 0x3C, 0x0F, 0x07, 0xE3, 0xFF, 0xFF, 0xF9, 0xF0, 0x10, 0x1E, 0x1F,
    0x87, 0xC7, 0xF7, 0xBF, 0x8F, 0xC7, 0xE7, 0xFF, 0xFF, 0xCF, 0xC0, 0x03, 0x80, 0x3C, 0x07, 0xE0,
    0xFF, 0x0F, 0xF8, 0x79, 0xC3, 0x8F, 0x1C, 0x78, 0xFF, 0xC7, 0xFF, 0x1F, 0xFE, 0x03, 0xF0, 0x0F,
    0x80, 0x18, 0x01, 0xE0, 0x0F, 0xC0, 0x7F, 0x07, 0xFC, 0x39, 0xF1, 0xCF, 0xCE, 0xEF, 0x3F, 0x3F,
    0xFF, 0xFF, 0xFD, 0xEF, 0xC0, 0x03, 0x00, 0x3F, 0x01, 0xFC, 0x07, 0x70, 0x3D, 0xE0, 0xE7, 0x03,
    0x9C, 0x1F, 0xF0, 0xFF, 0xFF, 0xFF, 0xFF, 0x8F, 0xCE, 0x38, 0x3C, 0xE0, 0xFF, 0x81, 0xFC, 0x00,
    0xC0, 0x0E, 0x0F, 0xC3, 0xF9, 0xEF, 0x73, 0xDE, 0x77, 0xFC, 0xFF, 0x0B, 0xC1, 0xEB, 0xF1, 0xF8,
    0x7C, 0x18, 0x00, 0x0E, 0x01, 0xF8, 0x0F, 0xE0, 0xF7, 0x07, 0x3C, 0x3C, 0xE1, 0xFF, 0xE7, 0xFF,
    0x1F, 0xF0, 0x3C, 0x2F, 0xC0, 0xFC, 0x07, 0xC0, 0x30, 0x00, 0x00, 0x1F, 0x80, 0x3F, 0xC0, 0x1F,
    0xC0, 0x1E, 0x24, 0x0F, 0x03, 0xC7, 0x81, 0xE3, 0xF0, 0xE0, 0xFE, 0x70, 0x1F, 0x78, 0x07, 0x9E,
    0x07, 0xCF, 0xFF, 0xC7, 0xFF, 0xC1, 0xFF, 0xC0, 0x1F, 0x00, 0x40, 0x00, 0x0F, 0x02, 0x01, 0xE0,
    0xF8, 0x38, 0x1F, 0xF7, 0x01, 0xFF, 0xE0, 0x1F, 0x9E, 0x03, 0xC3, 0xFF, 0xF8, 0x3F, 0xFE, 0x03,
    0xFF, 0x80, 0x1F, 0x80, 0x00, 0x00, 0x1F, 0x80, 0x3F, 0xC0, 0x1F, 0xC0, 0x1E, 0x24, 0x0F, 0x03,
    0xC7, 0x81, 0xE3, 0xF0, 0xE0, 0xFE, 0x70, 0x1F, 0x78, 0x07, 0x9E, 0x07, 0xCF, 0xFF, 0xC7, 0xFF,
    0xC1, 0xFF, 0xC0, 0x1F, 0x00, 0x00, 0x00, 0x00, 0x00, 0x03, 0x30, 0x01, 0xF8, 0x00, 0xCC, 0x00,
    0x40, 0x00, 0x0F, 0x02, 0x01, 0xE0, 0xF8, 0x38, 0x1F, 0xF7, 0x01, 0xFF, 0xE0, 0x1F, 0x9E, 0x03,
    0xC3, 0xFF, 0xF8, 0x3F, 0xFE, 0x03, 0xFF, 0x80, 0x1F, 0x80, 0x00, 0x00, 0x00, 0x00, 0x00, 0x0E,
    0xC0, 0x01, 0xFC, 0x00, 0x33, 0x00, 0x0C, 0x78, 0x70, 0xF1, 0xE3, 0xC7, 0x9F, 0xFD, 0xFB, 0xC0,
    0x00, 0x0D, 0xDF, 0xB3, 0x18, 0x03, 0xC0, 0x70, 0x0F, 0x03, 0xF1, 0xFF, 0xFF, 0xFF, 0x1F, 0x00,
    0x00, 0x01, 0xD8, 0x3B, 0x86, 0x60, 0x7E, 0x03, 0xFC, 0x20, 0x07, 0x82, 0x0E, 0x0C, 0x38, 0x7C,
    0xE1, 0xFB, 0x81, 0xFE, 0x03, 0xF8, 0x03, 0xE0, 0x1F, 0x80, 0xFF, 0x07, 0x9C, 0x3C, 0x70, 0xFF,
    0xC3, 0xFF, 0x0F, 0xF8, 0x7E, 0x00, 0x3F, 0x8F, 0x00, 0x03, 0xC0, 0x00, 0xF0, 0x04, 0x3C, 0x03,
    0x07, 0x01, 0xE1, 0xC0, 0x3C, 0x70, 0x07, 0x9C, 0x01, 0xF7, 0x00, 0x3F, 0xC0, 0x07, 0xF0, 0x00,
    0xFE, 0x07, 0xFF, 0xC1, 0xFF, 0xFC, 0x7F, 0x3F, 0x1F, 0x03, 0xC0, 0x20, 0x0E, 0x00, 0x80, 0x0D,
    0x00, 0xF0, 0x2C, 0x1E, 0x20, 0xE3, 0x0E, 0x7C, 0xE7, 0xEE, 0x1F, 0xE0, 0xFE, 0x03, 0xE0, 0x7E,
    0x0F, 0xF1, 0xE7, 0x3C, 0x73, 0xFF, 0x3F, 0xF3, 0xFE, 0x20, 0x00, 0x38, 0x00, 0x10, 0x00, 0x0D,
    0x00, 0x0F, 0x87, 0x83, 0x03, 0xC0, 0x01, 0xE0, 0x10, 0xF0, 0x18, 0x38, 0x1E, 0x1C, 0x07, 0x8E,
    0x01, 0xE7, 0x00, 0xFB, 0x80, 0x3F, 0xC0, 0x0F, 0xE0, 0x03, 0xF8, 0x3F, 0xFE, 0x1F, 0xFF, 0xCF,
    0xE7, 0xE7, 0xC0, 0xF0, 0x00, 0x40, 0x79, 0x07, 0x30, 0xEF, 0x9D, 0xFB, 0x8F, 0xF0, 0xFE, 0x07,
    0xC1, 0xF8, 0x7F, 0x9E, 0x77, 0x8E, 0xFF, 0xDF, 0xFB, 0xFE, 0x10, 0x0E, 0x01, 0x00, 0x34, 0x07,
    0x80, 0xC0, 0x00, 0x01, 0xE0, 0x03, 0xC0, 0x07, 0x81, 0x0F, 0x06, 0x0E, 0x1E, 0x1C, 0x1E, 0x38,
    0x1E, 0x70, 0x3E, 0xE0, 0x3F, 0xC0, 0x3F, 0x80, 0x3F, 0x8F, 0xFF, 0x9F, 0xFF, 0xFF, 0x9F, 0xFC,
    0x0F, 0x20, 0x01, 0xC0, 0x02, 0x00, 0x06, 0x80, 0x0F, 0x00, 0x18, 0x00, 0x00, 0x00, 0x40, 0x79,
    0x07, 0x30, 0xEF, 0x9D, 0xFB, 0x8F, 0xF0, 0xFE, 0x07, 0xC1, 0xF8, 0x7F, 0x9E, 0x77, 0x8E, 0xFF,
    0xDF, 0xFB, 0xFE, 0x01, 0xE0, 0x03, 0xC0, 0x07, 0x81, 0x0F, 0x06, 0x0E, 0x1E, 0x1C, 0x1E, 0x38,
    0x1E, 0x70, 0x3E, 0xE0, 0x3F, 0xC0, 0x3F, 0x80, 0x3F, 0x8F, 0xFF, 0x9F, 0xFF, 0xFF, 0x9F, 0xFC,
    0x0F,
};

static const EpdGlyph ubuntu_10_boldGlyphs[] = {
    { 1, 1, 0, 0, 1, 1, 0 }, // U+0000
    { 1, 1, 0, 0, 1, 1, 1 }, // U+0008
    { 1, 1, 80, 0, 1, 1, 2 }, // U+0009
    { 1, 1, 80, 0, 1, 1, 3 }, // U+000D
    { 1, 1, 0, 0, 1, 1, 4 }, // U+001D
    { 1, 1, 80, 0, 1, 1, 5 }, // U+0020
    { 3, 15, 95, 1, 15, 6, 6 }, // !
    { 8, 6, 155, 1, 16, 6, 12 }, // "
    { 13, 15, 233, 1, 15, 25, 18 }, // #
    { 10, 19, 189, 1, 16, 24, 43 }, // $
    { 17, 15, 306, 1, 15, 32, 67 }, // %
    { 14, 15, 235, 1, 15, 27, 99 }, // &
    { 3, 6, 82, 1, 16, 3, 126 }, // '
    { 6, 20, 119, 1, 16, 15, 129 }, // (
    { 6, 20, 119, 0, 16, 15, 144 }, // )
    { 9, 8, 167, 1, 15, 9, 159 }, // *
    { 11, 11, 189, 1, 12, 16, 168 }, // +
    { 4, 6, 82, 0, 3, 3, 184 }, // ,
    { 6, 3, 113, 1, 8, 3, 187 }, // -
    { 4, 4, 82, 1, 4, 2, 190 }, // .
    { 11, 20, 146, -1, 16, 28, 192 }, // /
    { 10, 15, 189, 1, 15, 19, 220 }, // 0
    { 7, 15, 189, 2, 15, 14, 239 }, // 1
    { 10, 15, 189, 1, 15, 19, 253 }, // 2
    { 10, 15, 189, 1, 15, 19, 272 }, // 3
    { 10, 15, 189, 1, 15, 19, 291 }, // 4
    { 10, 15, 189, 1, 15, 19, 310 }, // 5
    { 10, 15, 189, 1, 15, 19, 329 }, // 6
    { 10, 15, 189, 1, 15, 19, 348 }, // 7
    { 10, 15, 189, 1, 15, 19, 367 }, // 8
    { 10, 15, 189, 1, 15, 19, 386 }, // 9
    { 4, 11, 82, 1, 11, 6, 405 }, // :
    { 5, 14, 82, 0, 11, 9, 411 }, // ;
    { 10, 11, 189, 1, 12, 14, 420 }, // <
    { 10, 8, 189, 1, 10, 10, 434 }, // =
    { 10, 11, 189, 1, 12, 14, 444 }, // >
    { 9, 16, 152, 0, 16, 18, 458 }, // ?
    { 18, 18, 325, 1, 15, 41, 476 }, // @
    { 15, 15, 240, 0, 15, 29, 517 }, // A
    { 11, 15, 224, 2, 15, 21, 546 }, // B
    { 12, 15, 216, 1, 15, 23, 567 }, // C
    { 12, 15, 246, 2, 15, 23, 590 }, // D
    { 10, 15, 202, 2, 15, 19, 613 }, // E
    { 9, 15, 191, 2, 15, 17, 632 }, // F
    { 12, 15, 234, 1, 15, 23, 649 }, // G
    { 11, 15, 245, 2, 15, 21, 672 }, // H
    { 3, 15, 105, 2, 15, 6, 693 }, // I
    { 9, 15, 176, 0, 15, 17, 699 }, // J
    { 12, 15, 228, 2, 15, 23, 716 }, // K
    { 10, 15, 188, 2, 15, 19, 739 }, // L
    { 17, 15, 299, 1, 15, 32, 758 }, // M
    { 12, 15, 252, 2, 15, 23, 790 }, // N
    { 15, 15, 263, 1, 15, 29, 813 }, // O
    { 11, 15, 215, 2, 15, 21, 842 }, // P
    { 15, 18, 263, 1, 15, 34, 863 }, // Q
    { 12, 15, 222, 2, 15, 23, 897 }, // R
    { 10, 15, 194, 1, 15, 19, 920 }, // S
    { 11, 15, 205, 0, 15, 21, 939 }, // T
    { 11, 15, 236, 2, 15, 21, 960 }, // U
    { 15, 15, 241, 0, 15, 29, 981 }, // V
    { 19, 15, 316, 0, 15, 36, 1010 }, // W
    { 14, 15, 225, 0, 15, 27, 1046 }, // X
    { 13, 15, 220, 0, 15, 25, 1073 }, // Y
    { 11, 15, 203, 1, 15, 21, 1098 }, // Z
    { 6, 20, 124, 2, 16, 15, 1119 }, // [
    { 11, 20, 146, -1, 16, 28, 1134 }, // <backslash>
    { 6, 20, 124, 0, 16, 15, 1162 }, // ]
    { 11, 9, 189, 0, 15, 13, 1177 }, // ^
    { 11, 3, 167, 0, -1, 5, 1190 }, // _
    { 5, 5, 95, 1, 17, 4, 1195 }, // `
    { 10, 11, 184, 1, 11, 14, 1199 }, // a
    { 11, 16, 201, 1, 16, 22, 1213 }, // b
    { 9, 11, 167, 1, 11, 13, 1235 }, // c
    { 11, 16, 201, 1, 16, 22, 1248 }, // d
    { 10, 11, 195, 1, 11, 14, 1270 }, // e
    { 8, 16, 141, 1, 16, 16, 1284 }, // f
    { 10, 15, 198, 1, 11, 19, 1300 }, // g
    { 10, 16, 196, 1, 16, 20, 1319 }, // h
    { 3, 16, 96, 1, 16, 6, 1339 }, // i
    { 6, 20, 96, -2, 16, 15, 1345 }, // j
    { 11, 16, 193, 1, 16, 22, 1360 }, // k
    { 5, 16, 105, 1, 16, 10, 1382 }, // l
    { 15, 11, 287, 1, 11, 21, 1392 }, // m
    { 10, 11, 196, 1, 11, 14, 1413 }, // n
    { 11, 11, 202, 1, 11, 16, 1427 }, // o
    { 11, 15, 201, 1, 11, 21, 1443 }, // p
    { 11, 15, 201, 1, 11, 21, 1464 }, // q
    { 7, 11, 141, 1, 11, 10, 1485 }, // r
    { 8, 11, 162, 1, 11, 11, 1495 }, // s
    { 7, 14, 148, 1, 14, 13, 1506 }, // t
    { 10, 11, 196, 1, 11, 14, 1519 }, // u
    { 11, 11, 183, 0, 11, 16, 1533 }, // v
    { 17, 11, 261, 0, 11, 24, 1549 }, // w
    { 12, 11, 185, 0, 11, 17, 1573 }, // x
    { 11, 15, 182, 0, 11, 21, 1590 }, // y
    { 9, 11, 167, 1, 11, 13, 1611 }, // z
    { 7, 20, 124, 1, 16, 18, 1624 }, // {
    { 3, 20, 107, 2, 16, 8, 1642 }, // |
    { 7, 20, 124, 0, 16, 18, 1650 }, // }
    { 11, 5, 189, 1, 9, 7, 1668 }, // ~
    { 1, 1, 80, 0, 1, 1, 1675 }, // U+00A0
    { 3, 15, 95, 1, 11, 6, 1676 }, // U+00A1
    { 9, 16, 189, 1, 14, 18, 1682 }, // U+00A2
    { 11, 15, 189, 0, 15, 21, 1700 }, // U+00A3
    { 11, 10, 189, 1, 12, 14, 1721 }, // U+00A4
    { 12, 15, 189, 0, 15, 23, 1735 }, // U+00A5
    { 3, 20, 101, 2, 16, 8, 1758 }, // U+00A6
    { 9, 19, 172, 1, 15, 22, 1766 }, // U+00A7
    { 7, 3, 179, 2, 16, 3, 1788 }, // U+00A8
    { 15, 15, 265, 1, 15, 29, 1791 }, // U+00A9
    { 6, 8, 133, 1, 15, 6, 1820 }, // U+00AA
    { 11, 9, 199, 0, 10, 13, 1826 }, // U+00AB
    { 10, 8, 189, 1, 9, 10, 1839 }, // U+00AC
    { 6, 3, 113, 1, 8, 3, 1849 }, // U+00AD
    { 15, 15, 265, 1, 15, 29, 1852 }, // U+00AE
    { 7, 2, 125, 1, 15, 2, 1881 }, // U+00AF
    { 6, 6, 121, 0, 16, 5, 1883 }, // U+00B0
    { 11, 15, 189, 1, 15, 21, 1888 }, // U+00B1
    { 7, 9, 121, 0, 15, 8, 1909 }, // U+00B2
    { 7, 9, 121, 0, 15, 8, 1917 }, // U+00B3
    { 5, 5, 95, 0, 17, 4, 1925 }, // U+00B4
    { 10, 15, 198, 1, 11, 19, 1929 }, // U+00B5
    { 12, 19, 237, 1, 15, 29, 1948 }, // U+00B6
    { 4, 4, 82, 1, 9, 2, 1977 }, // U+00B7
    { 5, 5, 109, 1, 0, 4, 1979 }, // U+00B8
    { 5, 9, 121, 1, 15, 6, 1983 }, // U+00B9
    { 8, 8, 152, 1, 15, 8, 1989 }, // U+00BA
    { 11, 9, 199, 2, 10, 13, 1997 }, // U+00BB
    { 18, 15, 293, 1, 15, 34, 2010 }, // U+00BC
    { 17, 15, 293, 1, 15, 32, 2044 }, // U+00BD
    { 19, 15, 293, 0, 15, 36, 2076 }, // U+00BE
    { 9, 15, 152, 1, 11, 17, 2112 }, // U+00BF
    { 15, 21, 240, 0, 21, 40, 2129 }, // U+00C0
    { 15, 21, 240, 0, 21, 40, 2169 }, // U+00C1
    { 15, 21, 240, 0, 21, 40, 2209 }, // U+00C2
    { 15, 19, 240, 0, 19, 36, 2249 }, // U+00C3
    { 15, 19, 240, 0, 19, 36, 2285 }, // U+00C4
    { 15, 19, 240, 0, 19, 36, 2321 }, // U+00C5
    { 20, 15, 331, 0, 15, 38, 2357 }, // U+00C6
    { 12, 20, 216, 1, 15, 30, 2395 }, // U+00C7
    { 10, 21, 202, 2, 21, 27, 2425 }, // U+00C8
    { 10, 21, 202, 2, 21, 27, 2452 }, // U+00C9
    { 10, 21, 202, 2, 21, 27, 2479 }, // U+00CA
    { 10, 19, 202, 2, 19, 24, 2506 }, // U+00CB
    { 5, 21, 105, 1, 21, 14, 2530 }, // U+00CC
    { 6, 21, 105, 1, 21, 16, 2544 }, // U+00CD
    { 7, 21, 105, 0, 21, 19, 2560 }, // U+00CE
    { 7, 19, 105, 0, 19, 17, 2579 }, // U+00CF
    { 14, 15, 249, 0, 15, 27, 2596 }, // U+00D0
    { 12, 19, 252, 2, 19, 29, 2623 }, // U+00D1
    { 15, 21, 263, 1, 21, 40, 2652 }, // U+00D2
    { 15, 21, 263, 1, 21, 40, 2692 }, // U+00D3
    { 15, 21, 263, 1, 21, 40, 2732 }, // U+00D4
    { 15, 19, 263, 1, 19, 36, 2772 }, // U+00D5
    { 15, 19, 263, 1, 19, 36, 2808 }, // U+00D6
    { 10, 9, 189, 1, 11, 12, 2844 }, // U+00D7
    { 15, 17, 263, 1, 16, 32, 2856 }, // U+00D8
    { 11, 21, 236, 2, 21, 29, 2888 }, // U+00D9
    { 11, 21, 236, 2, 21, 29, 2917 }, // U+00DA
    { 11, 21, 236, 2, 21, 29, 2946 }, // U+00DB
    { 11, 19, 236, 2, 19, 27, 2975 }, // U+00DC
    { 13, 21, 220, 0, 21, 35, 3002 }, // U+00DD
    { 11, 15, 215, 2, 15, 21, 3037 }, // U+00DE
    { 12, 16, 220, 1, 16, 24, 3058 }, // U+00DF
    { 10, 17, 184, 1, 17, 22, 3082 }, // U+00E0
    { 10, 17, 184, 1, 17, 22, 3104 }, // U+00E1
    { 10, 17, 184, 1, 17, 22, 3126 }, // U+00E2
    { 10, 16, 184, 1, 16, 20, 3148 }, // U+00E3
    { 10, 16, 184, 1, 16, 20, 3168 }, // U+00E4
    { 10, 18, 184, 1, 18, 23, 3188 }, // U+00E5
    { 16, 11, 291, 1, 11, 22, 3211 }, // U+00E6
    { 9, 15, 167, 1, 11, 17, 3233 }, // U+00E7
    { 10, 17, 195, 1, 17, 22, 3250 }, // U+00E8
    { 10, 17, 195, 1, 17, 22, 3272 }, // U+00E9
    { 10, 17, 195, 1, 17, 22, 3294 }, // U+00EA
    { 10, 16, 195, 1, 16, 20, 3316 }, // U+00EB
    { 5, 17, 96, 0, 17, 11, 3336 }, // U+00EC
    { 5, 17, 96, 0, 17, 11, 3347 }, // U+00ED
    { 7, 17, 96, -1, 17, 15, 3358 }, // U+00EE
    { 7, 16, 96, -1, 16, 14, 3373 }, // U+00EF
    { 11, 16, 200, 1, 16, 22, 3387 }, // U+00F0
    { 10, 16, 196, 1, 16, 20, 3409 }, // U+00F1
    { 11, 17, 202, 1, 17, 24, 3429 }, // U+00F2
    { 11, 17, 202, 1, 17, 24, 3453 }, // U+00F3
    { 11, 17, 202, 1, 17, 24, 3477 }, // U+00F4
    { 11, 16, 202, 1, 16, 22, 3501 }, // U+00F5
    { 11, 16, 202, 1, 16, 22, 3523 }, // U+00F6
    { 10, 13, 189, 1, 13, 17, 3545 }, // U+00F7
    { 11, 13, 202, 1, 12, 18, 3562 }, // U+00F8
    { 10, 17, 196, 1, 17, 22, 3580 }, // U+00F9
    { 10, 17, 196, 1, 17, 22, 3602 }, // U+00FA
    { 10, 17, 196, 1, 17, 22, 3624 }, // U+00FB
    { 10, 16, 196, 1, 16, 20, 3646 }, // U+00FC
    { 11, 21, 182, 0, 17, 29, 3666 }, // U+00FD
    { 11, 20, 201, 1, 16, 28, 3695 }, // U+00FE
    { 11, 20, 182, 0, 16, 28, 3723 }, // U+00FF
    { 15, 18, 240, 0, 18, 34, 3751 }, // U+0100
    { 10, 15, 184, 1, 15, 19, 3785 }, // U+0101
    { 15, 19, 240, 0, 19, 36, 3804 }, // U+0102
    { 10, 16, 184, 1, 16, 20, 3840 }, // U+0103
    { 15, 20, 240, 0, 15, 38, 3860 }, // U+0104
    { 10, 15, 184, 1, 11, 19, 3898 }, // U+0105
    { 12, 21, 216, 1, 21, 32, 3917 }, // U+0106
    { 9, 17, 167, 1, 17, 20, 3949 }, // U+0107
    { 12, 21, 216, 1, 21, 32, 3969 }, // U+0108
    { 9, 17, 167, 1, 17, 20, 4001 }, // U+0109
    { 12, 19, 216, 1, 19, 29, 4021 }, // U+010A
    { 9, 16, 167, 1, 16, 18, 4050 }, // U+010B
    { 12, 21, 216, 1, 21, 32, 4068 }, // U+010C
    { 9, 17, 167, 1, 17, 20, 4100 }, // U+010D
    { 12, 21, 246, 2, 21, 32, 4120 }, // U+010E
    { 15, 16, 228, 1, 16, 30, 4152 }, // U+010F
    { 14, 15, 249, 0, 15, 27, 4182 }, // U+0110
    { 12, 16, 202, 1, 16, 24, 4209 }, // U+0111
    { 10, 18, 202, 2, 18, 23, 4233 }, // U+0112
    { 10, 15, 195, 1, 15, 19, 4256 }, // U+0113
    { 10, 19, 202, 2, 19, 24, 4275 }, // U+0114
    { 10, 16, 195, 1, 16, 20, 4299 }, // U+0115
    { 10, 19, 202, 2, 19, 24, 4319 }, // U+0116
    { 10, 16, 195, 1, 16, 20, 4343 }, // U+0117
    { 10, 20, 202, 2, 15, 25, 4363 }, // U+0118
    { 10, 15, 195, 1, 11, 19, 4388 }, // U+0119
    { 10, 21, 202, 2, 21, 27, 4407 }, // U+011A
    { 10, 17, 195, 1, 17, 22, 4434 }, // U+011B
    { 12, 21, 234, 1, 21, 32, 4456 }, // U+011C
    { 10, 21, 198, 1, 17, 27, 4488 }, // U+011D
    { 12, 19, 234, 1, 19, 29, 4515 }, // U+011E
    { 10, 20, 198, 1, 16, 25, 4544 }, // U+011F
    { 12, 19, 234, 1, 19, 29, 4569 }, // U+0120
    { 10, 20, 198, 1, 16, 25, 4598 }, // U+0121
    { 12, 20, 234, 1, 15, 30, 4623 }, // U+0122
    { 10, 21, 198, 1, 17, 27, 4653 }, // U+0123
    { 11, 21, 245, 2, 21, 29, 4680 }, // U+0124
    { 11, 20, 196, 0, 20, 28, 4709 }, // U+0125
    { 16, 15, 252, 0, 15, 30, 4737 }, // U+0126
    { 11, 16, 200, 0, 16, 22, 4767 }, // U+0127
    { 8, 19, 105, -1, 19, 19, 4789 }, // U+0128
    { 8, 16, 96, -2, 16, 16, 4808 }, // U+0129
    { 7, 18, 105, 0, 18, 16, 4824 }, // U+012A
    { 7, 15, 96, -1, 15, 14, 4840 }, // U+012B
    { 7, 19, 105, 0, 19, 17, 4854 }, // U+012C
    { 7, 16, 96, -1, 16, 14, 4871 }, // U+012D
    { 5, 20, 105, 1, 15, 13, 4885 }, // U+012E
    { 5, 21, 96, 0, 16, 14, 4898 }, // U+012F
    { 3, 19, 105, 2, 19, 8, 4912 }, // U+0130
    { 3, 11, 96, 1, 11, 5, 4920 }, // U+0131
    { 14, 15, 280, 2, 15, 27, 4925 }, // U+0132
    { 9, 20, 192, 1, 16, 23, 4952 }, // U+0133
    { 11, 21, 176, 0, 21, 29, 4975 }, // U+0134
    { 8, 21, 96, -2, 17, 21, 5004 }, // U+0135
    { 12, 20, 228, 2, 15, 30, 5025 }, // U+0136
    { 11, 21, 193, 1, 16, 29, 5055 }, // U+0137
    { 11, 11, 194, 1, 11, 16, 5084 }, // U+0138
    { 10, 21, 188, 2, 21, 27, 5100 }, // U+0139
    { 5, 21, 105, 1, 21, 14, 5127 }, // U+013A
    { 10, 20, 188, 2, 15, 25, 5141 }, // U+013B
    { 6, 21, 105, 0, 16, 16, 5166 }, // U+013C
    { 10, 15, 188, 2, 15, 19, 5182 }, // U+013D
    { 8, 16, 123, 1, 16, 16, 5201 }, // U+013E
    { 10, 15, 188, 2, 15, 19, 5217 }, // U+013F
    { 10, 16, 173, 1, 16, 20, 5236 }, // U+0140
    { 12, 15, 198, 0, 15, 23, 5256 }, // U+0141
    { 7, 16, 121, -1, 16, 14, 5279 }, // U+0142
    { 12, 21, 252, 2, 21, 32, 5293 }, // U+0143
    { 10, 17, 196, 1, 17, 22, 5325 }, // U+0144
    { 12, 20, 252, 2, 15, 30, 5347 }, // U+0145
    { 10, 16, 196, 1, 11, 20, 5377 }, // U+0146
    { 12, 21, 252, 2, 21, 32, 5397 }, // U+0147
    { 10, 17, 196, 1, 17, 22, 5429 }, // U+0148
    { 13, 16, 206, -1, 16, 26, 5451 }, // U+0149
    { 12, 19, 252, 2, 15, 29, 5477 }, // U+014A
    { 10, 15, 196, 1, 11, 19, 5506 }, // U+014B
    { 15, 18, 263, 1, 18, 34, 5525 }, // U+014C
    { 11, 15, 202, 1, 15, 21, 5559 }, // U+014D
    { 15, 19, 263, 1, 19, 36, 5580 }, // U+014E
    { 11, 16, 202, 1, 16, 22, 5616 }, // U+014F
    { 15, 21, 263, 1, 21, 40, 5638 }, // U+0150
    { 11, 17, 202, 1, 17, 24, 5678 }, // U+0151
    { 19, 15, 332, 1, 15, 36, 5702 }, // U+0152
    { 18, 11, 312, 1, 11, 25, 5738 }, // U+0153
    { 12, 21, 222, 2, 21, 32, 5763 }, // U+0154
    { 7, 17, 141, 1, 17, 15, 5795 }, // U+0155
    { 12, 20, 222, 2, 15, 30, 5810 }, // U+0156
    { 9, 16, 141, -1, 11, 18, 5840 }, // U+0157
    { 12, 20, 222, 2, 20, 30, 5858 }, // U+0158
    { 7, 17, 141, 1, 17, 15, 5888 }, // U+0159
    { 10, 21, 194, 1, 21, 27, 5903 }, // U+015A
    { 8, 17, 162, 1, 17, 17, 5930 }, // U+015B
    { 10, 21, 194, 1, 21, 27, 5947 }, // U+015C
    { 8, 17, 162, 1, 17, 17, 5974 }, // U+015D
    { 10, 20, 194, 1, 15, 25, 5991 }, // U+015E
    { 8, 16, 162, 1, 11, 16, 6016 }, // U+015F
    { 10, 21, 194, 1, 21, 27, 6032 }, // U+0160
    { 8, 17, 162, 1, 17, 17, 6059 }, // U+0161
    { 11, 19, 205, 0, 15, 27, 6076 }, // U+0162
    { 7, 18, 148, 1, 14, 16, 6103 }, // U+0163
    { 11, 21, 205, 0, 21, 29, 6119 }, // U+0164
    { 7, 16, 148, 1, 16, 14, 6148 }, // U+0165
    { 11, 15, 205, 0, 15, 21, 6162 }, // U+0166
    { 8, 14, 148, 1, 14, 14, 6183 }, // U+0167
    { 11, 19, 236, 2, 19, 27, 6197 }, // U+0168
    { 10, 16, 196, 1, 16, 20, 6224 }, // U+0169
    { 11, 18, 236, 2, 18, 25, 6244 }, // U+016A
    { 10, 15, 196, 1, 15, 19, 6269 }, // U+016B
    { 11, 19, 236, 2, 19, 27, 6288 }, // U+016C
    { 10, 16, 196, 1, 16, 20, 6315 }, // U+016D
    { 11, 21, 236, 2, 21, 29, 6335 }, // U+016E
    { 10, 18, 196, 1, 18, 23, 6364 }, // U+016F
    { 11, 21, 236, 2, 21, 29, 6387 }, // U+0170
    { 10, 17, 196, 1, 17, 22, 6416 }, // U+0171
    { 11, 19, 236, 2, 15, 27, 6438 }, // U+0172
    { 10, 15, 196, 1, 11, 19, 6465 }, // U+0173
    { 19, 21, 316, 0, 21, 50, 6484 }, // U+0174
    { 17, 17, 261, 0, 17, 37, 6534 }, // U+0175
    { 13, 21, 220, 0, 21, 35, 6571 }, // U+0176
    { 11, 21, 182, 0, 17, 29, 6606 }, // U+0177
    { 13, 19, 220, 0, 19, 31, 6635 }, // U+0178
    { 11, 21, 203, 1, 21, 29, 6666 }, // U+0179
    { 9, 17, 167, 1, 17, 20, 6695 }, // U+017A
    { 11, 19, 203, 1, 19, 27, 6715 }, // U+017B
    { 9, 16, 167, 1, 16, 18, 6742 }, // U+017C
    { 11, 21, 203, 1, 21, 29, 6760 }, // U+017D
    { 9, 17, 167, 1, 17, 20, 6789 }, // U+017E
    { 7, 16, 110, 2, 16, 14, 6809 }, // U+017F
    { 15, 17, 263, 1, 17, 32, 6823 }, // U+01A0
    { 12, 13, 202, 1, 13, 20, 6855 }, // U+01A1
    { 14, 17, 249, 2, 17, 30, 6875 }, // U+01AF
    { 13, 13, 209, 1, 13, 22, 6905 }, // U+01B0
    { 24, 20, 433, 2, 20, 60, 6927 }, // U+01C4
    { 23, 17, 405, 2, 17, 49, 6987 }, // U+01C5
    { 22, 17, 365, 1, 17, 47, 7036 }, // U+01C6
    { 19, 15, 363, 2, 15, 36, 7083 }, // U+01C7
    { 14, 20, 283, 2, 16, 35, 7119 }, // U+01C8
    { 10, 20, 201, 1, 16, 25, 7154 }, // U+01C9
    { 23, 15, 427, 2, 15, 44, 7179 }, // U+01CA
    { 18, 20, 348, 2, 16, 45, 7223 }, // U+01CB
    { 16, 20, 293, 1, 16, 40, 7268 }, // U+01CC
    { 15, 21, 240, 0, 21, 40, 7308 }, // U+01CD
    { 10, 17, 184, 1, 17, 22, 7348 }, // U+01CE
    { 7, 21, 105, 0, 21, 19, 7370 }, // U+01CF
    { 7, 17, 96, -1, 17, 15, 7389 }, // U+01D0
    { 15, 21, 263, 1, 21, 40, 7404 }, // U+01D1
    { 11, 17, 202, 1, 17, 24, 7444 }, // U+01D2
    { 11, 21, 236, 2, 21, 29, 7468 }, // U+01D3
    { 10, 17, 196, 1, 17, 22, 7497 }, // U+01D4
    { 11, 22, 236, 2, 22, 31, 7519 }, // U+01D5
    { 10, 18, 196, 1, 18, 23, 7550 }, // U+01D6
    { 11, 22, 236, 2, 22, 31, 7573 }, // U+01D7
    { 10, 19, 196, 1, 19, 24, 7604 }, // U+01D8
    { 11, 21, 236, 2, 21, 29, 7628 }, // U+01D9
    { 10, 18, 196, 1, 18, 23, 7657 }, // U+01DA
    { 11, 22, 236, 2, 22, 31, 7680 }, // U+01DB
    { 10, 19, 196, 1, 19, 24, 7711 }, // U+01DC
    { 10, 11, 195, 1, 11, 14, 7735 }, // U+01DD
    { 15, 22, 240, 0, 22, 42, 7749 }, // U+01DE
    { 10, 18, 184, 1, 18, 23, 7791 }, // U+01DF
    { 15, 22, 240, 0, 22, 42, 7814 }, // U+01E0
    { 10, 18, 184, 1, 18, 23, 7856 }, // U+01E1
    { 20, 18, 331, 0, 18, 45, 7879 }, // U+01E2
    { 16, 15, 291, 1, 15, 30, 7924 }, // U+01E3
    { 14, 15, 243, 1, 15, 27, 7954 }, // U+01E4
    { 12, 15, 201, 1, 11, 23, 7981 }, // U+01E5
    { 12, 21, 234, 1, 21, 32, 8004 }, // U+01E6
    { 10, 21, 198, 1, 17, 27, 8036 }, // U+01E7
    { 12, 21, 228, 2, 21, 32, 8063 }, // U+01E8
    { 11, 20, 193, 1, 20, 28, 8095 }, // U+01E9
    { 15, 19, 263, 1, 15, 36, 8123 }, // U+01EA
    { 11, 15, 202, 1, 11, 21, 8159 }, // U+01EB
    { 15, 22, 263, 1, 18, 42, 8180 }, // U+01EC
    { 11, 19, 202, 1, 15, 27, 8222 }, // U+01ED
    { 12, 21, 205, 0, 21, 32, 8249 }, // U+01EE
    { 10, 22, 172, 0, 18, 28, 8281 }, // U+01EF
    { 8, 21, 96, -2, 17, 21, 8309 }, // U+01F0
    { 24, 15, 433, 2, 15, 45, 8330 }, // U+01F1
    { 23, 15, 405, 2, 15, 44, 8375 }, // U+01F2
    { 22, 16, 365, 1, 16, 44, 8419 }, // U+01F3
    { 12, 21, 234, 1, 21, 32, 8463 }, // U+01F4
    { 10, 21, 198, 1, 17, 27, 8495 }, // U+01F5
    { 19, 15, 354, 2, 15, 36, 8522 }, // U+01F6
    { 11, 19, 224, 2, 15, 27, 8558 }, // U+01F7
    { 12, 21, 252, 2, 21, 32, 8585 }, // U+01F8
    { 10, 17, 196, 1, 17, 22, 8617 }, // U+01F9
    { 15, 22, 240, 0, 22, 42, 8639 }, // U+01FA
    { 10, 20, 184, 1, 20, 25, 8681 }, // U+01FB
    { 20, 21, 331, 0, 21, 53, 8706 }, // U+01FC
    { 16, 17, 291, 1, 17, 34, 8759 }, // U+01FD
    { 15, 21, 263, 1, 20, 40, 8793 }, // U+01FE
    { 11, 18, 202, 1, 17, 25, 8833 }, // U+01FF
    { 15, 21, 240, 0, 21, 40, 8858 }, // U+0200
    { 10, 17, 184, 1, 17, 22, 8898 }, // U+0201
    { 15, 19, 240, 0, 19, 36, 8920 }, // U+0202
    { 10, 15, 184, 1, 15, 19, 8956 }, // U+0203
    { 10, 21, 202, 2, 21, 27, 8975 }, // U+0204
    { 10, 17, 195, 1, 17, 22, 9002 }, // U+0205
    { 10, 19, 202, 2, 19, 24, 9024 }, // U+0206
    { 10, 15, 195, 1, 15, 19, 9048 }, // U+0207
    { 8, 21, 105, -1, 21, 21, 9067 }, // U+0208
    { 8, 17, 96, -2, 17, 17, 9088 }, // U+0209
    { 7, 19, 105, 0, 19, 17, 9105 }, // U+020A
    { 7, 15, 96, -1, 15, 14, 9122 }, // U+020B
    { 15, 21, 263, 1, 21, 40, 9136 }, // U+020C
    { 11, 17, 202, 1, 17, 24, 9176 }, // U+020D
    { 15, 19, 263, 1, 19, 36, 9200 }, // U+020E
    { 11, 15, 202, 1, 15, 21, 9236 }, // U+020F
    { 12, 20, 222, 2, 20, 30, 9257 }, // U+0210
    { 8, 17, 141, 0, 17, 17, 9287 }, // U+0211
    { 12, 19, 222, 2, 19, 29, 9304 }, // U+0212
    { 7, 15, 141, 1, 15, 14, 9333 }, // U+0213
    { 11, 21, 236, 2, 21, 29, 9347 }, // U+0214
    { 10, 17, 196, 1, 17, 22, 9376 }, // U+0215
    { 11, 19, 236, 2, 19, 27, 9398 }, // U+0216
    { 10, 15, 196, 1, 15, 19, 9425 }, // U+0217
    { 10, 20, 194, 1, 15, 25, 9444 }, // U+0218
    { 8, 16, 162, 1, 11, 16, 9469 }, // U+0219
    { 11, 20, 205, 0, 15, 28, 9485 }, // U+021A
    { 7, 19, 148, 1, 14, 17, 9513 }, // U+021B
    { 11, 19, 189, 0, 15, 27, 9530 }, // U+021C
    { 9, 15, 159, 0, 11, 17, 9557 }, // U+021D
    { 11, 21, 245, 2, 21, 29, 9574 }, // U+021E
    { 10, 20, 196, 1, 20, 25, 9603 }, // U+021F
    { 7, 3, 0, -11, 16, 3, 9628 }, // U+0300
    { 7, 3, 0, -8, 16, 3, 9631 }, // U+0301
    { 8, 4, 0, -4, 17, 4, 9634 }, // U+0302
    { 8, 4, 0, -11, 17, 4, 9638 }, // U+0303
    { 7, 3, 0, -3, 16, 3, 9642 }, // U+0304
    { 8, 4, 0, -4, 17, 4, 9645 }, // U+0306
    { 4, 3, 0, -2, 16, 2, 9649 }, // U+0307
    { 8, 3, 0, -4, 16, 3, 9651 }, // U+0308
    { 5, 5, 0, -3, 18, 4, 9654 }, // U+030A
    { 10, 3, 0, -4, 16, 4, 9658 }, // U+030B
    { 8, 4, 0, -4, 17, 4, 9662 }, // U+030C
    { 7, 3, 130, 1, 15, 3, 9666 }, // U+0311
    { 4, 6, 0, -2, 15, 3, 9669 }, // U+0312
    { 4, 3, 0, -2, -2, 2, 9672 }, // U+0326
    { 5, 5, 0, -2, 0, 4, 9674 }, // U+0327
    { 4, 6, 0, -2, 1, 3, 9678 }, // U+0328
    { 1, 1, 0, 0, 1, 1, 9681 }, // U+034F
    { 10, 21, 202, 2, 21, 27, 9682 }, // U+0400
    { 10, 20, 202, 2, 20, 25, 9709 }, // U+0401
    { 16, 15, 271, 0, 15, 30, 9734 }, // U+0402
    { 9, 21, 198, 2, 21, 24, 9764 }, // U+0403
    { 12, 15, 229, 1, 15, 23, 9788 }, // U+0404
    { 10, 15, 194, 1, 15, 19, 9811 }, // U+0405
    { 3, 15, 105, 2, 15, 6, 9830 }, // U+0406
    { 7, 19, 105, 0, 19, 17, 9836 }, // U+0407
    { 9, 15, 176, 0, 15, 17, 9853 }, // U+0408
    { 23, 15, 377, 0, 15, 44, 9870 }, // U+0409
    { 20, 15, 358, 2, 15, 38, 9914 }, // U+040A
    { 14, 15, 257, 0, 15, 27, 9952 }, // U+040B
    { 12, 21, 228, 2, 21, 32, 9979 }, // U+040C
    { 12, 21, 252, 2, 21, 32, 10011 }, // U+040D
    { 13, 20, 217, 0, 20, 33, 10043 }, // U+040E
    { 11, 19, 243, 2, 15, 27, 10076 }, // U+040F
    { 15, 15, 240, 0, 15, 29, 10103 }, // U+0410
    { 11, 15, 217, 2, 15, 21, 10132 }, // U+0411
    { 11, 15, 224, 2, 15, 21, 10153 }, // U+0412
    { 9, 15, 198, 2, 15, 17, 10174 }, // U+0413
    { 17, 19, 274, 0, 15, 41, 10191 }, // U+0414
    { 10, 15, 202, 2, 15, 19, 10232 }, // U+0415
    { 21, 15, 328, 0, 15, 40, 10251 }, // U+0416
    { 11, 15, 203, 1, 15, 21, 10291 }, // U+0417
    { 12, 15, 252, 2, 15, 23, 10312 }, // U+0418
    { 12, 20, 252, 2, 20, 30, 10335 }, // U+0419
    { 12, 15, 228, 2, 15, 23, 10365 }, // U+041A
    { 15, 15, 263, 0, 15, 29, 10388 }, // U+041B
    { 17, 15, 299, 1, 15, 32, 10417 }, // U+041C
    { 11, 15, 245, 2, 15, 21, 10449 }, // U+041D
    { 15, 15, 263, 1, 15, 29, 10470 }, // U+041E
    { 11, 15, 243, 2, 15, 21, 10499 }, // U+041F
    { 11, 15, 215, 2, 15, 21, 10520 }, // U+0420
    { 12, 15, 216, 1, 15, 23, 10541 }, // U+0421
    { 11, 15, 205, 0, 15, 21, 10564 }, // U+0422
    { 13, 15, 217, 0, 15, 25, 10585 }, // U+0423
    { 17, 16, 290, 1, 16, 34, 10610 }, // U+0424
    { 14, 15, 225, 0, 15, 27, 10644 }, // U+0425
    { 15, 19, 263, 2, 15, 36, 10671 }, // U+0426
    { 11, 15, 227, 1, 15, 21, 10707 }, // U+0427
    { 17, 15, 340, 2, 15, 32, 10728 }, // U+0428
    { 19, 19, 360, 2, 15, 46, 10760 }, // U+0429
    { 15, 15, 258, 0, 15, 29, 10806 }, // U+042A
    { 15, 15, 309, 2, 15, 29, 10835 }, // U+042B
    { 11, 15, 220, 2, 15, 21, 10864 }, // U+042C
    { 12, 15, 227, 1, 15, 23, 10885 }, // U+042D
    { 20, 15, 360, 2, 15, 38, 10908 }, // U+042E
    { 11, 15, 230, 1, 15, 21, 10946 }, // U+042F
    { 10, 11, 184, 1, 11, 14, 10967 }, // U+0430
    { 11, 16, 200, 1, 16, 22, 10981 }, // U+0431
    { 11, 11, 199, 1, 11, 16, 11003 }, // U+0432
    { 9, 11, 151, 1, 11, 13, 11019 }, // U+0433
    { 14, 14, 226, 0, 11, 25, 11032 }, // U+0434
    { 10, 11, 195, 1, 11, 14, 11057 }, // U+0435
    { 17, 11, 283, 0, 11, 24, 11071 }, // U+0436
    { 8, 11, 165, 1, 11, 11, 11095 }, // U+0437
    { 11, 11, 206, 1, 11, 16, 11106 }, // U+0438
    { 11, 17, 206, 1, 17, 24, 11122 }, // U+0439
    { 11, 11, 195, 1, 11, 16, 11146 }, // U+043A
    { 12, 11, 209, 0, 11, 17, 11162 }, // U+043B
    { 13, 11, 254, 1, 11, 18, 11179 }, // U+043C
    { 10, 11, 198, 1, 11, 14, 11197 }, // U+043D
    { 11, 11, 202, 1, 11, 16, 11211 }, // U+043E
    { 10, 11, 198, 1, 11, 14, 11227 }, // U+043F
    { 11, 15, 201, 1, 11, 21, 11241 }, // U+0440
    { 9, 11, 167, 1, 11, 13, 11262 }, // U+0441
    { 11, 11, 175, 0, 11, 16, 11275 }, // U+0442
    { 11, 15, 182, 0, 11, 21, 11291 }, // U+0443
    { 15, 20, 265, 1, 16, 38, 11312 }, // U+0444
    { 12, 11, 185, 0, 11, 17, 11350 }, // U+0445
    { 12, 14, 211, 1, 11, 21, 11367 }, // U+0446
    { 10, 11, 189, 1, 11, 14, 11388 }, // U+0447
    { 15, 11, 287, 1, 11, 21, 11402 }, // U+0448
    { 17, 14, 300, 1, 11, 30, 11423 }, // U+0449
    { 12, 11, 213, 0, 11, 17, 11453 }, // U+044A
    { 14, 11, 275, 1, 11, 20, 11470 }, // U+044B
    { 9, 11, 188, 1, 11, 13, 11490 }, // U+044C
    { 9, 11, 174, 1, 11, 13, 11503 }, // U+044D
    { 16, 11, 291, 1, 11, 22, 11516 }, // U+044E
    { 11, 11, 195, 0, 11, 16, 11538 }, // U+044F
    { 10, 17, 195, 1, 17, 22, 11554 }, // U+0450
    { 10, 16, 195, 1, 16, 20, 11576 }, // U+0451
    { 12, 20, 200, 0, 16, 30, 11596 }, // U+0452
    { 9, 17, 151, 1, 17, 20, 11626 }, // U+0453
    { 9, 11, 174, 1, 11, 13, 11646 }, // U+0454
    { 8, 11, 162, 1, 11, 11, 11659 }, // U+0455
    { 3, 16, 96, 1, 16, 6, 11670 }, // U+0456
    { 7, 16, 96, -1, 16, 14, 11676 }, // U+0457
    { 6, 20, 96, -2, 16, 15, 11690 }, // U+0458
    { 18, 11, 301, 0, 11, 25, 11705 }, // U+0459
    { 16, 11, 289, 1, 11, 22, 11730 }, // U+045A
    { 11, 16, 200, 0, 16, 22, 11752 }, // U+045B
    { 11, 17, 195, 1, 17, 24, 11774 }, // U+045C
    { 11, 17, 206, 1, 17, 24, 11798 }, // U+045D
    { 11, 21, 182, 0, 17, 29, 11822 }, // U+045E
    { 9, 14, 198, 1, 11, 16, 11851 }, // U+045F
    { 14, 16, 249, 0, 16, 28, 11867 }, // U+0462
    { 13, 16, 212, 0, 16, 26, 11895 }, // U+0463
    { 15, 15, 263, 1, 15, 29, 11921 }, // U+0472
    { 11, 11, 202, 1, 11, 16, 11950 }, // U+0473
    { 17, 15, 264, 0, 15, 32, 11966 }, // U+0474
    { 13, 11, 199, 0, 11, 18, 11998 }, // U+0475
    { 14, 23, 276, 2, 19, 41, 12016 }, // U+048A
    { 13, 19, 210, 1, 16, 31, 12057 }, // U+048B
    { 13, 15, 220, 0, 15, 25, 12088 }, // U+048C
    { 11, 11, 189, 0, 11, 16, 12113 }, // U+048D
    { 11, 15, 218, 2, 15, 21, 12129 }, // U+048E
    { 11, 15, 205, 1, 11, 21, 12150 }, // U+048F
    { 10, 18, 191, 2, 18, 23, 12171 }, // U+0490
    { 9, 14, 154, 1, 14, 16, 12194 }, // U+0491
    { 13, 15, 211, 0, 15, 25, 12210 }, // U+0492
    { 12, 11, 175, -1, 11, 17, 12235 }, // U+0493
    { 11, 19, 225, 2, 15, 27, 12252 }, // U+0494
    { 10, 15, 190, 1, 11, 19, 12279 }, // U+0495
    { 21, 19, 341, 0, 15, 50, 12298 }, // U+0496
    { 17, 14, 291, 0, 11, 30, 12348 }, // U+0497
    { 11, 20, 203, 1, 15, 28, 12378 }, // U+0498
    { 8, 16, 165, 1, 11, 16, 12406 }, // U+0499
    { 13, 19, 246, 2, 15, 31, 12422 }, // U+049A
    { 12, 14, 202, 1, 11, 21, 12453 }, // U+049B
    { 14, 15, 261, 2, 15, 27, 12474 }, // U+049C
    { 12, 11, 227, 1, 11, 17, 12501 }, // U+049D
    { 14, 16, 236, 0, 16, 28, 12518 }, // U+049E
    { 13, 12, 202, 0, 12, 20, 12546 }, // U+049F
    { 17, 15, 266, 0, 15, 32, 12566 }, // U+04A0
    { 14, 11, 219, 0, 11, 20, 12598 }, // U+04A1
    { 14, 19, 269, 2, 15, 34, 12618 }, // U+04A2
    { 12, 14, 212, 1, 11, 21, 12652 }, // U+04A3
    { 16, 15, 279, 2, 15, 30, 12673 }, // U+04A4
    { 13, 11, 218, 1, 11, 18, 12703 }, // U+04A5
    { 20, 19, 370, 2, 15, 48, 12721 }, // U+04A6
    { 16, 15, 291, 1, 11, 30, 12769 }, // U+04A7
    { 15, 19, 267, 1, 15, 36, 12799 }, // U+04A8
    { 11, 14, 211, 1, 11, 20, 12835 }, // U+04A9
    { 12, 20, 216, 1, 15, 30, 12855 }, // U+04AA
    { 9, 15, 167, 1, 11, 17, 12885 }, // U+04AB
    { 11, 19, 205, 0, 15, 27, 12902 }, // U+04AC
    { 11, 14, 168, 0, 11, 20, 12929 }, // U+04AD
    { 13, 15, 220, 0, 15, 25, 12949 }, // U+04AE
    { 11, 15, 183, 0, 11, 21, 12974 }, // U+04AF
    { 13, 15, 220, 0, 15, 25, 12995 }, // U+04B0
    { 11, 15, 183, 0, 11, 21, 13020 }, // U+04B1
    { 14, 19, 239, 0, 15, 34, 13041 }, // U+04B2
    { 12, 14, 196, 0, 11, 21, 13075 }, // U+04B3
    { 19, 19, 313, 0, 15, 46, 13096 }, // U+04B4
    { 13, 14, 232, 0, 11, 23, 13142 }, // U+04B5
    { 13, 19, 241, 1, 15, 31, 13165 }, // U+04B6
    { 12, 14, 196, 1, 11, 21, 13196 }, // U+04B7
    { 11, 15, 227, 1, 15, 21, 13217 }, // U+04B8
    { 10, 11, 187, 1, 11, 14, 13238 }, // U+04B9
    { 13, 15, 233, 2, 15, 25, 13252 }, // U+04BA
    { 10, 16, 196, 1, 16, 20, 13277 }, // U+04BB
    { 17, 15, 293, 0, 15, 32, 13297 }, // U+04BC
    { 13, 11, 236, 0, 11, 18, 13329 }, // U+04BD
    { 17, 19, 293, 0, 15, 41, 13347 }, // U+04BE
    { 13, 14, 236, 0, 11, 23, 13388 }, // U+04BF
    { 3, 15, 105, 2, 15, 6, 13411 }, // U+04C0
    { 21, 20, 328, 0, 20, 53, 13417 }, // U+04C1
    { 17, 17, 283, 0, 17, 37, 13470 }, // U+04C2
    { 12, 19, 234, 2, 15, 29, 13507 }, // U+04C3
    { 10, 15, 191, 1, 11, 19, 13536 }, // U+04C4
    { 17, 19, 277, 0, 15, 41, 13555 }, // U+04C5
    { 14, 14, 225, 0, 11, 25, 13596 }, // U+04C6
    { 11, 19, 245, 2, 15, 27, 13621 }, // U+04C7
    { 10, 15, 200, 1, 11, 19, 13648 }, // U+04C8
    { 13, 19, 262, 2, 15, 31, 13667 }, // U+04C9
    { 12, 14, 209, 1, 11, 21, 13698 }, // U+04CA
    { 11, 19, 227, 1, 15, 27, 13719 }, // U+04CB
    { 10, 14, 189, 1, 11, 18, 13746 }, // U+04CC
    { 18, 19, 317, 1, 15, 43, 13764 }, // U+04CD
    { 15, 14, 265, 1, 11, 27, 13807 }, // U+04CE
    { 3, 15, 96, 1, 15, 6, 13834 }, // U+04CF
    { 15, 20, 240, 0, 20, 38, 13840 }, // U+04D0
    { 10, 17, 184, 1, 17, 22, 13878 }, // U+04D1
    { 15, 19, 240, 0, 19, 36, 13900 }, // U+04D2
    { 10, 16, 184, 1, 16, 20, 13936 }, // U+04D3
    { 20, 15, 331, 0, 15, 38, 13956 }, // U+04D4
    { 16, 11, 291, 1, 11, 22, 13994 }, // U+04D5
    { 10, 20, 202, 2, 20, 25, 14016 }, // U+04D6
    { 10, 17, 195, 1, 17, 22, 14041 }, // U+04D7
    { 13, 15, 243, 1, 15, 25, 14063 }, // U+04D8
    { 10, 11, 195, 1, 11, 14, 14088 }, // U+04D9
    { 13, 19, 243, 1, 19, 31, 14102 }, // U+04DA
    { 10, 16, 195, 1, 16, 20, 14133 }, // U+04DB
    { 21, 19, 328, 0, 19, 50, 14153 }, // U+04DC
    { 17, 16, 283, 0, 16, 34, 14203 }, // U+04DD
    { 11, 20, 203, 1, 20, 28, 14237 }, // U+04DE
    { 8, 16, 165, 1, 16, 16, 14265 }, // U+04DF
    { 12, 15, 205, 0, 15, 23, 14281 }, // U+04E0
    { 10, 15, 172, 0, 11, 19, 14304 }, // U+04E1
    { 12, 18, 252, 2, 18, 27, 14323 }, // U+04E2
    { 11, 15, 206, 1, 15, 21, 14350 }, // U+04E3
    { 12, 19, 252, 2, 19, 29, 14371 }, // U+04E4
    { 11, 16, 206, 1, 16, 22, 14400 }, // U+04E5
    { 15, 19, 263, 1, 19, 36, 14422 }, // U+04E6
    { 11, 16, 202, 1, 16, 22, 14458 }, // U+04E7
    { 15, 15, 263, 1, 15, 29, 14480 }, // U+04E8
    { 11, 11, 202, 1, 11, 16, 14509 }, // U+04E9
    { 15, 19, 263, 1, 19, 36, 14525 }, // U+04EA
    { 11, 16, 202, 1, 16, 22, 14561 }, // U+04EB
    { 12, 19, 227, 1, 19, 29, 14583 }, // U+04EC
    { 9, 16, 174, 1, 16, 18, 14612 }, // U+04ED
    { 13, 18, 217, 0, 18, 30, 14630 }, // U+04EE
    { 11, 19, 182, 0, 15, 27, 14660 }, // U+04EF
    { 13, 19, 217, 0, 19, 31, 14687 }, // U+04F0
    { 11, 20, 182, 0, 16, 28, 14718 }, // U+04F1
    { 13, 21, 217, 0, 21, 35, 14746 }, // U+04F2
    { 11, 21, 182, 0, 17, 29, 14781 }, // U+04F3
    { 11, 19, 227, 1, 19, 27, 14810 }, // U+04F4
    { 10, 16, 189, 1, 16, 20, 14837 }, // U+04F5
    { 9, 19, 198, 2, 15, 22, 14857 }, // U+04F6
    { 9, 14, 151, 1, 11, 16, 14879 }, // U+04F7
    { 15, 19, 309, 2, 19, 36, 14895 }, // U+04F8
    { 14, 16, 275, 1, 16, 28, 14931 }, // U+04F9
    { 13, 13, 223, 0, 13, 22, 14959 }, // U+05D0
    { 12, 13, 192, 0, 13, 20, 14981 }, // U+05D1
    { 9, 13, 143, 0, 13, 15, 15001 }, // U+05D2
    { 11, 13, 186, 0, 13, 18, 15016 }, // U+05D3
    { 11, 13, 216, 1, 13, 18, 15034 }, // U+05D4
    { 6, 13, 118, 0, 13, 10, 15052 }, // U+05D5
    { 7, 13, 129, 1, 13, 12, 15062 }, // U+05D6
    { 13, 13, 225, 0, 13, 22, 15074 }, // U+05D7
    { 12, 13, 217, 1, 13, 20, 15096 }, // U+05D8
    { 6, 8, 117, 0, 13, 6, 15116 }, // U+05D9
    { 10, 17, 185, 1, 13, 22, 15122 }, // U+05DA
    { 10, 13, 170, 0, 13, 17, 15144 }, // U+05DB
    { 11, 16, 185, 1, 16, 22, 15161 }, // U+05DC
    { 13, 13, 227, 1, 13, 22, 15183 }, // U+05DD
    { 14, 13, 235, 0, 13, 23, 15205 }, // U+05DE
    { 6, 17, 119, 0, 13, 13, 15228 }, // U+05DF
    { 7, 13, 136, 0, 13, 12, 15241 }, // U+05E0
    { 12, 13, 226, 1, 13, 20, 15253 }, // U+05E1
    { 12, 14, 210, 1, 13, 21, 15273 }, // U+05E2
    { 12, 17, 215, 1, 13, 26, 15294 }, // U+05E3
    { 12, 13, 208, 1, 13, 20, 15320 }, // U+05E4
    { 12, 17, 201, 0, 13, 26, 15340 }, // U+05E5
    { 11, 13, 199, 1, 13, 18, 15366 }, // U+05E6
    { 12, 17, 216, 1, 13, 26, 15384 }, // U+05E7
    { 9, 13, 176, 1, 13, 15, 15410 }, // U+05E8
    { 14, 13, 262, 1, 13, 23, 15425 }, // U+05E9
    { 13, 13, 237, 1, 13, 22, 15448 }, // U+05EA
    { 4, 6, 115, 1, 6, 3, 15470 }, // U+060C
    { 4, 14, 110, 1, 14, 7, 15473 }, // U+061B
    { 10, 15, 158, 0, 15, 19, 15480 }, // U+061F
    { 10, 11, 168, 0, 10, 14, 15499 }, // U+0621
    { 8, 3, 97, 0, 3, 3, 15513 }, // U+0640
    { 6, 5, 186, 3, 9, 4, 15516 }, // U+0660
    { 6, 14, 186, 3, 14, 11, 15520 }, // U+0661
    { 11, 14, 186, 0, 14, 20, 15531 }, // U+0662
    { 12, 14, 186, 0, 14, 21, 15551 }, // U+0663
    { 9, 15, 186, 1, 15, 17, 15572 }, // U+0664
    { 10, 11, 186, 1, 11, 14, 15589 }, // U+0665
    { 10, 15, 186, 1, 15, 19, 15603 }, // U+0666
    { 12, 15, 186, 0, 15, 23, 15622 }, // U+0667
    { 12, 15, 186, 0, 14, 23, 15645 }, // U+0668
    { 10, 14, 186, 1, 14, 18, 15668 }, // U+0669
    { 14, 13, 248, 0, 8, 23, 15686 }, // U+06BA
    { 5, 2, 108, 1, 2, 2, 15709 }, // U+06D4
    { 6, 5, 186, 3, 9, 4, 15711 }, // U+06F0
    { 6, 14, 186, 3, 14, 11, 15715 }, // U+06F1
    { 11, 14, 186, 0, 14, 20, 15726 }, // U+06F2
    { 12, 14, 186, 0, 14, 21, 15746 }, // U+06F3
    { 11, 14, 186, 0, 14, 20, 15767 }, // U+06F4
    { 12, 14, 186, 0, 14, 21, 15787 }, // U+06F5
    { 10, 15, 186, 1, 14, 19, 15808 }, // U+06F6
    { 12, 15, 186, 0, 15, 23, 15827 }, // U+06F7
    { 12, 15, 186, 0, 14, 23, 15850 }, // U+06F8
    { 10, 14, 186, 1, 14, 18, 15873 }, // U+06F9
    { 15, 18, 240, 0, 14, 34, 15891 }, // U+1EA0
    { 9, 15, 184, 1, 11, 17, 15925 }, // U+1EA1
    { 15, 20, 240, 0, 20, 38, 15942 }, // U+1EA2
    { 9, 16, 184, 1, 16, 18, 15980 }, // U+1EA3
    { 15, 22, 240, 0, 22, 42, 15998 }, // U+1EA4
    { 11, 19, 184, 1, 19, 27, 16040 }, // U+1EA5
    { 15, 23, 240, 0, 23, 44, 16067 }, // U+1EA6
    { 10, 19, 184, 1, 19, 24, 16111 }, // U+1EA7
    { 15, 23, 240, 0, 23, 44, 16135 }, // U+1EA8
    { 11, 19, 184, 1, 19, 27, 16179 }, // U+1EA9
    { 15, 23, 240, 0, 23, 44, 16206 }, // U+1EAA
    { 9, 20, 184, 1, 20, 23, 16250 }, // U+1EAB
    { 15, 24, 240, 0, 20, 45, 16273 }, // U+1EAC
    { 9, 20, 184, 1, 16, 23, 16318 }, // U+1EAD
    { 15, 23, 240, 0, 23, 44, 16341 }, // U+1EAE
    { 9, 21, 184, 1, 21, 24, 16385 }, // U+1EAF
    { 15, 23, 240, 0, 23, 44, 16409 }, // U+1EB0
    { 9, 20, 184, 1, 20, 23, 16453 }, // U+1EB1
    { 15, 24, 240, 0, 24, 45, 16476 }, // U+1EB2
    { 9, 21, 184, 1, 21, 24, 16521 }, // U+1EB3
    { 15, 23, 240, 0, 23, 44, 16545 }, // U+1EB4
    { 9, 20, 184, 1, 20, 23, 16589 }, // U+1EB5
    { 15, 23, 240, 0, 19, 44, 16612 }, // U+1EB6
    { 9, 20, 184, 1, 16, 23, 16656 }, // U+1EB7
    { 10, 18, 202, 2, 14, 23, 16679 }, // U+1EB8
    { 10, 15, 195, 1, 11, 19, 16702 }, // U+1EB9
    { 10, 20, 202, 2, 20, 25, 16721 }, // U+1EBA
    { 10, 16, 195, 1, 16, 20, 16746 }, // U+1EBB
    { 10, 19, 202, 2, 19, 24, 16766 }, // U+1EBC
    { 10, 16, 195, 1, 16, 20, 16790 }, // U+1EBD
    { 11, 23, 202, 2, 23, 32, 16810 }, // U+1EBE
    { 12, 19, 195, 1, 19, 29, 16842 }, // U+1EBF
    { 10, 23, 202, 2, 23, 29, 16871 }, // U+1EC0
    { 10, 19, 195, 1, 19, 24, 16900 }, // U+1EC1
    { 11, 23, 202, 2, 23, 32, 16924 }, // U+1EC2
    { 11, 19, 195, 1, 19, 27, 16956 }, // U+1EC3
    { 10, 24, 202, 2, 24, 30, 16983 }, // U+1EC4
    { 10, 20, 195, 1, 20, 25, 17013 }, // U+1EC5
    { 10, 24, 202, 2, 20, 30, 17038 }, // U+1EC6
    { 10, 20, 195, 1, 16, 25, 17068 }, // U+1EC7
    { 5, 20, 105, 1, 20, 13, 17093 }, // U+1EC8
    { 4, 16, 96, 1, 16, 8, 17106 }, // U+1EC9
    { 3, 18, 105, 2, 14, 7, 17114 }, // U+1ECA
    { 4, 20, 96, 1, 16, 10, 17121 }, // U+1ECB
    { 14, 19, 263, 1, 15, 34, 17131 }, // U+1ECC
    { 11, 15, 202, 1, 11, 21, 17165 }, // U+1ECD
    { 14, 20, 263, 1, 20, 35, 17186 }, // U+1ECE
    { 11, 16, 202, 1, 16, 22, 17221 }, // U+1ECF
    { 14, 23, 263, 1, 23, 41, 17243 }, // U+1ED0
    { 12, 19, 202, 1, 19, 29, 17284 }, // U+1ED1
    { 14, 23, 263, 1, 23, 41, 17313 }, // U+1ED2
    { 11, 20, 202, 1, 20, 28, 17354 }, // U+1ED3
    { 14, 23, 263, 1, 23, 41, 17382 }, // U+1ED4
    { 11, 19, 202, 1, 19, 27, 17423 }, // U+1ED5
    { 14, 24, 263, 1, 24, 42, 17450 }, // U+1ED6
    { 11, 20, 202, 1, 20, 28, 17492 }, // U+1ED7
    { 14, 24, 263, 1, 20, 42, 17520 }, // U+1ED8
    { 11, 20, 202, 1, 16, 28, 17562 }, // U+1ED9
    { 14, 20, 263, 1, 20, 35, 17590 }, // U+1EDA
    { 12, 17, 202, 1, 17, 26, 17625 }, // U+1EDB
    { 14, 20, 263, 1, 20, 35, 17651 }, // U+1EDC
    { 12, 17, 202, 1, 17, 26, 17686 }, // U+1EDD
    { 14, 20, 263, 1, 20, 35, 17712 }, // U+1EDE
    { 12, 16, 202, 1, 16, 24, 17747 }, // U+1EDF
    { 14, 19, 263, 1, 19, 34, 17771 }, // U+1EE0
    { 12, 16, 202, 1, 16, 24, 17805 }, // U+1EE1
    { 14, 21, 263, 1, 17, 37, 17829 }, // U+1EE2
    { 12, 17, 202, 1, 13, 26, 17866 }, // U+1EE3
    { 12, 18, 236, 1, 14, 27, 17892 }, // U+1EE4
    { 10, 15, 196, 1, 11, 19, 17919 }, // U+1EE5
    { 12, 20, 236, 1, 20, 30, 17938 }, // U+1EE6
    { 10, 16, 196, 1, 16, 20, 17968 }, // U+1EE7
    { 15, 20, 249, 1, 20, 38, 17988 }, // U+1EE8
    { 12, 17, 209, 1, 17, 26, 18026 }, // U+1EE9
    { 15, 20, 249, 1, 20, 38, 18052 }, // U+1EEA
    { 12, 17, 209, 1, 17, 26, 18090 }, // U+1EEB
    { 15, 20, 249, 1, 20, 38, 18116 }, // U+1EEC
    { 12, 16, 209, 1, 16, 24, 18154 }, // U+1EED
    { 15, 19, 249, 1, 19, 36, 18178 }, // U+1EEE
    { 12, 16, 209, 1, 16, 24, 18214 }, // U+1EEF
    { 15, 21, 249, 1, 17, 40, 18238 }, // U+1EF0
    { 12, 17, 209, 1, 13, 26, 18278 }, // U+1EF1
    { 13, 21, 220, 0, 21, 35, 18304 }, // U+1EF2
    { 11, 21, 182, 0, 17, 29, 18339 }, // U+1EF3
    { 14, 18, 220, 0, 14, 32, 18368 }, // U+1EF4
    { 12, 15, 182, 0, 11, 23, 18400 }, // U+1EF5
    { 14, 20, 220, 0, 20, 35, 18423 }, // U+1EF6
    { 11, 20, 182, 0, 16, 28, 18458 }, // U+1EF7
    { 14, 19, 220, 0, 19, 34, 18486 }, // U+1EF8
    { 11, 20, 182, 0, 16, 28, 18520 }, // U+1EF9
    { 1, 1, 43, 0, 1, 1, 18548 }, // U+2009
    { 1, 1, 0, 0, 1, 1, 18549 }, // U+200B
    { 1, 15, 0, 0, 14, 2, 18550 }, // U+200C
    { 5, 15, 0, -2, 14, 10, 18552 }, // U+200D
    { 5, 16, 0, 0, 15, 10, 18562 }, // U+200E
    { 5, 16, 0, -4, 15, 10, 18572 }, // U+200F
    { 6, 3, 107, 1, 7, 3, 18582 }, // U+2010
    { 6, 3, 107, 0, 7, 3, 18585 }, // U+2011
    { 11, 3, 167, 0, 8, 5, 18588 }, // U+2013
    { 21, 3, 333, 0, 8, 8, 18593 }, // U+2014
    { 21, 3, 333, 0, 8, 8, 18601 }, // U+2015
    { 4, 6, 81, 1, 16, 3, 18609 }, // U+2018
    { 4, 6, 81, 0, 16, 3, 18612 }, // U+2019
    { 4, 6, 81, 0, 3, 3, 18615 }, // U+201A
    { 9, 6, 151, 1, 16, 7, 18618 }, // U+201C
    { 9, 6, 151, 0, 16, 7, 18625 }, // U+201D
    { 9, 6, 151, 0, 3, 7, 18632 }, // U+201E
    { 9, 18, 165, 1, 15, 21, 18639 }, // U+2020
    { 9, 18, 165, 1, 15, 21, 18660 }, // U+2021
    { 6, 6, 121, 1, 10, 5, 18681 }, // U+2022
    { 18, 4, 333, 2, 4, 9, 18686 }, // U+2026
    { 1, 1, 43, 0, 1, 1, 18695 }, // U+202F
    { 26, 15, 440, 1, 15, 49, 18696 }, // U+2030
    { 5, 9, 109, 0, 10, 6, 18745 }, // U+2039
    { 5, 9, 109, 2, 10, 6, 18751 }, // U+203A
    { 11, 15, 51, -4, 15, 21, 18757 }, // U+2044
    { 4, 14, 110, 1, 14, 7, 18778 }, // U+204F
    { 7, 9, 121, 0, 15, 8, 18785 }, // U+2070
    { 8, 8, 121, 0, 15, 8, 18793 }, // U+2074
    { 6, 9, 121, 1, 15, 7, 18801 }, // U+2075
    { 6, 9, 121, 1, 15, 7, 18808 }, // U+2076
    { 6, 8, 121, 1, 15, 6, 18815 }, // U+2077
    { 7, 9, 121, 0, 15, 8, 18821 }, // U+2078
    { 6, 9, 121, 1, 15, 7, 18829 }, // U+2079
    { 7, 9, 121, 0, 9, 8, 18836 }, // U+2080
    { 5, 9, 121, 1, 9, 6, 18844 }, // U+2081
    { 7, 9, 121, 0, 9, 8, 18850 }, // U+2082
    { 7, 9, 121, 0, 9, 8, 18858 }, // U+2083
    { 8, 8, 121, 0, 9, 8, 18866 }, // U+2084
    { 6, 9, 121, 1, 9, 7, 18874 }, // U+2085
    { 6, 9, 121, 1, 9, 7, 18881 }, // U+2086
    { 6, 8, 121, 1, 9, 6, 18888 }, // U+2087
    { 7, 9, 121, 0, 9, 8, 18894 }, // U+2088
    { 6, 9, 121, 1, 9, 7, 18902 }, // U+2089
    { 15, 13, 291, 1, 13, 25, 18909 }, // U+20AA
    { 11, 15, 189, 1, 15, 21, 18934 }, // U+20AC
    { 11, 15, 189, 0, 15, 21, 18955 }, // U+20AE
    { 12, 15, 189, 0, 15, 23, 18976 }, // U+20B4
    { 12, 15, 189, 1, 15, 23, 18999 }, // U+20B9
    { 11, 15, 204, 1, 15, 21, 19022 }, // U+2202
    { 15, 15, 231, 0, 15, 29, 19043 }, // U+2206
    { 11, 17, 243, 2, 15, 24, 19072 }, // U+220F
    { 10, 17, 181, 0, 15, 22, 19096 }, // U+2211
    { 10, 3, 189, 1, 8, 4, 19118 }, // U+2212
    { 11, 15, 51, -4, 15, 21, 19122 }, // U+2215
    { 4, 4, 82, 1, 9, 2, 19143 }, // U+2219
    { 13, 15, 201, 1, 15, 25, 19145 }, // U+221A
    { 11, 7, 212, 1, 10, 10, 19170 }, // U+221E
    { 9, 19, 134, 0, 15, 22, 19180 }, // U+222B
    { 11, 11, 189, 1, 12, 16, 19202 }, // U+2248
    { 10, 14, 189, 1, 14, 18, 19218 }, // U+2260
    { 10, 13, 189, 1, 13, 17, 19236 }, // U+2264
    { 10, 13, 189, 1, 13, 17, 19253 }, // U+2265
    { 16, 16, 280, 1, 16, 32, 19270 }, // U+FB00
    { 11, 16, 236, 1, 16, 22, 19302 }, // U+FB01
    { 13, 16, 245, 1, 16, 26, 19324 }, // U+FB02
    { 19, 16, 376, 1, 16, 38, 19350 }, // U+FB03
    { 21, 16, 385, 1, 16, 42, 19388 }, // U+FB04
    { 20, 19, 348, 1, 10, 48, 19430 }, // U+FB56
    { 25, 18, 381, 1, 9, 57, 19478 }, // U+FB57
    { 7, 19, 131, 0, 11, 17, 19535 }, // U+FB58
    { 11, 16, 144, 0, 8, 22, 19552 }, // U+FB59
    { 20, 15, 348, 1, 15, 38, 19574 }, // U+FB66
    { 25, 15, 381, 1, 15, 47, 19612 }, // U+FB67
    { 6, 18, 109, 0, 18, 14, 19659 }, // U+FB68
    { 11, 16, 144, 0, 16, 22, 19673 }, // U+FB69
    { 13, 19, 237, 1, 11, 31, 19695 }, // U+FB7A
    { 17, 19, 257, 1, 11, 41, 19726 }, // U+FB7B
    { 13, 18, 219, 0, 10, 30, 19767 }, // U+FB7C
    { 16, 18, 229, 0, 10, 36, 19797 }, // U+FB7D
    { 9, 19, 177, 1, 19, 22, 19833 }, // U+FB88
    { 13, 19, 190, 1, 19, 31, 19855 }, // U+FB89
    { 8, 22, 138, -1, 17, 22, 19886 }, // U+FB8A
    { 12, 22, 146, -1, 17, 33, 19908 }, // U+FB8B
    { 8, 21, 138, -1, 16, 21, 19941 }, // U+FB8C
    { 12, 21, 146, -1, 16, 32, 19962 }, // U+FB8D
    { 19, 16, 315, 1, 16, 38, 19994 }, // U+FB8E
    { 21, 16, 327, 1, 16, 42, 20032 }, // U+FB8F
    { 10, 16, 156, 0, 16, 20, 20074 }, // U+FB90
    { 13, 16, 169, 0, 16, 26, 20094 }, // U+FB91
    { 19, 19, 315, 1, 19, 46, 20120 }, // U+FB92
    { 21, 19, 327, 1, 19, 50, 20166 }, // U+FB93
    { 10, 19, 156, 0, 19, 24, 20216 }, // U+FB94
    { 13, 19, 169, 0, 19, 31, 20240 }, // U+FB95
    { 14, 13, 248, 0, 8, 23, 20271 }, // U+FB9E
    { 18, 13, 261, 0, 8, 30, 20294 }, // U+FB9F
    { 9, 12, 173, 1, 12, 14, 20324 }, // U+FBA6
    { 15, 9, 209, 0, 9, 17, 20338 }, // U+FBA7
    { 6, 15, 107, 0, 11, 12, 20355 }, // U+FBA8
    { 13, 11, 170, 0, 5, 18, 20367 }, // U+FBA9
    { 15, 12, 260, 0, 12, 23, 20385 }, // U+FBAA
    { 17, 16, 239, 0, 11, 34, 20408 }, // U+FBAB
    { 13, 12, 220, 0, 12, 20, 20442 }, // U+FBAC
    { 14, 16, 193, 0, 11, 28, 20462 }, // U+FBAD
    { 19, 11, 306, 0, 11, 27, 20490 }, // U+FBAE
    { 13, 9, 182, 0, 3, 15, 20517 }, // U+FBAF
    { 19, 17, 306, 0, 17, 41, 20532 }, // U+FBB0
    { 13, 16, 182, 0, 10, 26, 20573 }, // U+FBB1
    { 17, 15, 276, 0, 10, 32, 20599 }, // U+FBFC
    { 19, 11, 267, 0, 6, 27, 20631 }, // U+FBFD
    { 7, 16, 131, 0, 11, 14, 20658 }, // U+FBFE
    { 11, 13, 144, 0, 8, 18, 20672 }, // U+FBFF
    { 10, 11, 168, 0, 10, 14, 20690 }, // U+FE80
    { 7, 18, 103, -1, 18, 16, 20704 }, // U+FE81
    { 10, 20, 110, -1, 20, 25, 20720 }, // U+FE82
    { 5, 21, 103, 0, 21, 14, 20745 }, // U+FE83
    { 9, 23, 110, 0, 23, 26, 20759 }, // U+FE84
    { 10, 21, 173, 0, 16, 27, 20785 }, // U+FE85
    { 13, 21, 173, 0, 16, 35, 20812 }, // U+FE86
    { 5, 22, 103, 1, 16, 14, 20847 }, // U+FE87
    { 8, 22, 110, 1, 16, 22, 20861 }, // U+FE88
    { 17, 17, 276, 0, 12, 37, 20883 }, // U+FE89
    { 19, 17, 267, 0, 12, 41, 20920 }, // U+FE8A
    { 6, 18, 109, 0, 18, 14, 20961 }, // U+FE8B
    { 10, 16, 128, 0, 16, 20, 20975 }, // U+FE8C
    { 4, 16, 103, 1, 16, 8, 20995 }, // U+FE8D
    { 8, 16, 110, 1, 16, 16, 21003 }, // U+FE8E
    { 20, 15, 348, 1, 10, 38, 21019 }, // U+FE8F
    { 25, 14, 381, 1, 9, 44, 21057 }, // U+FE90
    { 6, 16, 109, 0, 11, 12, 21101 }, // U+FE91
    { 10, 13, 128, 0, 8, 17, 21113 }, // U+FE92
    { 9, 17, 173, 1, 17, 20, 21130 }, // U+FE93
    { 13, 18, 199, 1, 18, 30, 21150 }, // U+FE94
    { 20, 12, 348, 1, 12, 30, 21180 }, // U+FE95
    { 25, 12, 381, 1, 12, 38, 21210 }, // U+FE96
    { 7, 16, 109, -1, 16, 14, 21248 }, // U+FE97
    { 11, 13, 144, 0, 13, 18, 21262 }, // U+FE98
    { 20, 16, 348, 1, 16, 40, 21280 }, // U+FE99
    { 25, 16, 381, 1, 16, 50, 21320 }, // U+FE9A
    { 7, 19, 109, -1, 19, 17, 21370 }, // U+FE9B
    { 11, 17, 144, 0, 17, 24, 21387 }, // U+FE9C
    { 13, 19, 234, 1, 11, 31, 21411 }, // U+FE9D
    { 16, 19, 240, 1, 11, 38, 21442 }, // U+FE9E
    { 13, 15, 219, 0, 10, 25, 21480 }, // U+FE9F
    { 16, 15, 229, 0, 10, 30, 21505 }, // U+FEA0
    { 13, 19, 234, 1, 11, 31, 21535 }, // U+FEA1
    { 16, 19, 240, 1, 11, 38, 21566 }, // U+FEA2
    { 13, 10, 219, 0, 10, 17, 21604 }, // U+FEA3
    { 16, 10, 229, 0, 10, 20, 21621 }, // U+FEA4
    { 13, 25, 234, 1, 17, 41, 21641 }, // U+FEA5
    { 16, 25, 240, 1, 17, 50, 21682 }, // U+FEA6
    { 13, 16, 219, 0, 16, 26, 21732 }, // U+FEA7
    { 16, 16, 229, 0, 16, 32, 21758 }, // U+FEA8
    { 9, 12, 177, 1, 12, 14, 21790 }, // U+FEA9
    { 13, 12, 190, 1, 12, 20, 21804 }, // U+FEAA
    { 9, 17, 177, 1, 17, 20, 21824 }, // U+FEAB
    { 13, 17, 190, 1, 17, 28, 21844 }, // U+FEAC
    { 8, 14, 138, -1, 9, 14, 21872 }, // U+FEAD
    { 12, 14, 146, -1, 9, 21, 21886 }, // U+FEAE
    { 8, 19, 138, -1, 14, 19, 21907 }, // U+FEAF
    { 12, 19, 146, -1, 14, 29, 21926 }, // U+FEB0
    { 28, 16, 469, 0, 11, 56, 21955 }, // U+FEB1
    { 33, 14, 490, 0, 9, 58, 22011 }, // U+FEB2
    { 20, 11, 335, 0, 11, 28, 22069 }, // U+FEB3
    { 24, 9, 356, 0, 9, 27, 22097 }, // U+FEB4
    { 28, 23, 469, 0, 18, 81, 22124 }, // U+FEB5
    { 33, 23, 490, 0, 18, 95, 22205 }, // U+FEB6
    { 20, 18, 335, 0, 18, 45, 22300 }, // U+FEB7
    { 24, 18, 356, 0, 18, 54, 22345 }, // U+FEB8
    { 29, 15, 483, 0, 10, 55, 22399 }, // U+FEB9
    { 33, 15, 488, 0, 10, 62, 22454 }, // U+FEBA
    { 20, 10, 333, 0, 10, 25, 22516 }, // U+FEBB
    { 23, 10, 341, 0, 10, 29, 22541 }, // U+FEBC
    { 29, 21, 483, 0, 16, 77, 22570 }, // U+FEBD
    { 33, 21, 488, 0, 16, 87, 22647 }, // U+FEBE
    { 20, 16, 333, 0, 16, 40, 22734 }, // U+FEBF
    { 23, 16, 341, 0, 16, 46, 22774 }, // U+FEC0
    { 17, 16, 286, 0, 16, 34, 22820 }, // U+FEC1
    { 20, 16, 290, 0, 16, 40, 22854 }, // U+FEC2
    { 15, 16, 254, 0, 16, 30, 22894 }, // U+FEC3
    { 18, 16, 258, 0, 16, 36, 22924 }, // U+FEC4
    { 17, 16, 286, 0, 16, 34, 22960 }, // U+FEC5
    { 20, 16, 290, 0, 16, 40, 22994 }, // U+FEC6
    { 15, 16, 254, 0, 16, 30, 23034 }, // U+FEC7
    { 18, 16, 258, 0, 16, 36, 23064 }, // U+FEC8
    { 13, 20, 199, 1, 12, 33, 23100 }, // U+FEC9
    { 15, 19, 201, 0, 11, 36, 23133 }, // U+FECA
    { 11, 11, 189, 0, 11, 16, 23169 }, // U+FECB
    { 14, 11, 188, 0, 11, 20, 23185 }, // U+FECC
    { 13, 26, 199, 1, 18, 43, 23205 }, // U+FECD
    { 15, 24, 201, 0, 16, 45, 23248 }, // U+FECE
    { 11, 17, 189, 0, 17, 24, 23293 }, // U+FECF
    { 14, 16, 188, 0, 16, 28, 23317 }, // U+FED0
    { 19, 18, 342, 1, 18, 43, 23345 }, // U+FED1
    { 24, 16, 365, 1, 16, 48, 23388 }, // U+FED2
    { 10, 18, 175, 0, 18, 23, 23436 }, // U+FED3
    { 13, 16, 175, 0, 16, 26, 23459 }, // U+FED4
    { 17, 18, 283, 0, 14, 39, 23485 }, // U+FED5
    { 20, 19, 280, 0, 13, 48, 23524 }, // U+FED6
    { 10, 17, 175, 0, 17, 22, 23572 }, // U+FED7
    { 13, 15, 175, 0, 15, 25, 23594 }, // U+FED8
    { 18, 16, 317, 1, 16, 36, 23619 }, // U+FED9
    { 22, 16, 328, 1, 16, 44, 23655 }, // U+FEDA
    { 10, 16, 156, 0, 16, 20, 23699 }, // U+FEDB
    { 13, 16, 169, 0, 16, 26, 23719 }, // U+FEDC
    { 14, 21, 249, 0, 16, 37, 23745 }, // U+FEDD
    { 18, 21, 261, 0, 16, 48, 23782 }, // U+FEDE
    { 6, 16, 106, 0, 16, 12, 23830 }, // U+FEDF
    { 9, 16, 114, 0, 16, 18, 23842 }, // U+FEE0
    { 11, 18, 197, 0, 10, 25, 23860 }, // U+FEE1
    { 16, 18, 228, 0, 10, 36, 23885 }, // U+FEE2
    { 11, 9, 199, 0, 9, 13, 23921 }, // U+FEE3
    { 16, 10, 222, 0, 10, 20, 23934 }, // U+FEE4
    { 14, 19, 248, 0, 14, 34, 23954 }, // U+FEE5
    { 18, 19, 261, 0, 14, 43, 23988 }, // U+FEE6
    { 6, 16, 109, 0, 16, 12, 24031 }, // U+FEE7
    { 10, 14, 128, 0, 14, 18, 24043 }, // U+FEE8
    { 9, 12, 173, 1, 12, 14, 24061 }, // U+FEE9
    { 13, 13, 199, 1, 13, 22, 24075 }, // U+FEEA
    { 13, 12, 220, 0, 12, 20, 24097 }, // U+FEEB
    { 14, 16, 193, 0, 11, 28, 24117 }, // U+FEEC
    { 10, 14, 173, 0, 9, 18, 24145 }, // U+FEED
    { 13, 14, 173, 0, 9, 23, 24163 }, // U+FEEE
    { 17, 15, 276, 0, 10, 32, 24186 }, // U+FEEF
    { 19, 11, 267, 0, 6, 27, 24218 }, // U+FEF0
    { 17, 20, 276, 0, 10, 43, 24245 }, // U+FEF1
    { 19, 16, 267, 0, 6, 38, 24288 }, // U+FEF2
    { 7, 16, 131, 0, 11, 14, 24326 }, // U+FEF3
    { 11, 13, 144, 0, 8, 18, 24340 }, // U+FEF4
    { 14, 17, 219, -2, 17, 30, 24358 }, // U+FEF5
    { 18, 17, 230, -2, 17, 39, 24388 }, // U+FEF6
    { 12, 20, 219, 0, 20, 30, 24427 }, // U+FEF7
    { 17, 20, 230, -1, 20, 43, 24457 }, // U+FEF8
    { 11, 22, 219, 1, 16, 31, 24500 }, // U+FEF9
    { 15, 22, 230, 1, 16, 42, 24531 }, // U+FEFA
    { 11, 16, 219, 1, 16, 22, 24573 }, // U+FEFB
    { 15, 16, 230, 1, 16, 30, 24595 }, // U+FEFC
};

static const EpdUnicodeInterval ubuntu_10_boldIntervals[] = {
    { 0x0, 0x0, 0x0 },
    { 0x8, 0x9, 0x1 },
    { 0xD, 0xD, 0x3 },
    { 0x1D, 0x1D, 0x4 },
    { 0x20, 0x7E, 0x5 },
    { 0xA0, 0x17F, 0x64 },
    { 0x1A0, 0x1A1, 0x144 },
    { 0x1AF, 0x1B0, 0x146 },
    { 0x1C4, 0x21F, 0x148 },
    { 0x300, 0x304, 0x1A4 },
    { 0x306, 0x308, 0x1A9 },
    { 0x30A, 0x30C, 0x1AC },
    { 0x311, 0x312, 0x1AF },
    { 0x326, 0x328, 0x1B1 },
    { 0x34F, 0x34F, 0x1B4 },
    { 0x400, 0x45F, 0x1B5 },
    { 0x462, 0x463, 0x215 },
    { 0x472, 0x475, 0x217 },
    { 0x48A, 0x4F9, 0x21B },
    { 0x5D0, 0x5EA, 0x28B },
    { 0x60C, 0x60C, 0x2A6 },
    { 0x61B, 0x61B, 0x2A7 },
    { 0x61F, 0x61F, 0x2A8 },
    { 0x621, 0x621, 0x2A9 },
    { 0x640, 0x640, 0x2AA },
    { 0x660, 0x669, 0x2AB },
    { 0x6BA, 0x6BA, 0x2B5 },
    { 0x6D4, 0x6D4, 0x2B6 },
    { 0x6F0, 0x6F9, 0x2B7 },
    { 0x1EA0, 0x1EF9, 0x2C1 },
    { 0x2009, 0x2009, 0x31B },
    { 0x200B, 0x2011, 0x31C },
    { 0x2013, 0x2015, 0x323 },
    { 0x2018, 0x201A, 0x326 },
    { 0x201C, 0x201E, 0x329 },
    { 0x2020, 0x2022, 0x32C },
    { 0x2026, 0x2026, 0x32F },
    { 0x202F, 0x2030, 0x330 },
    { 0x2039, 0x203A, 0x332 },
    { 0x2044, 0x2044, 0x334 },
    { 0x204F, 0x204F, 0x335 },
    { 0x2070, 0x2070, 0x336 },
    { 0x2074, 0x2079, 0x337 },
    { 0x2080, 0x2089, 0x33D },
    { 0x20AA, 0x20AA, 0x347 },
    { 0x20AC, 0x20AC, 0x348 },
    { 0x20AE, 0x20AE, 0x349 },
    { 0x20B4, 0x20B4, 0x34A },
    { 0x20B9, 0x20B9, 0x34B },
    { 0x2202, 0x2202, 0x34C },
    { 0x2206, 0x2206, 0x34D },
    { 0x220F, 0x220F, 0x34E },
    { 0x2211, 0x2212, 0x34F },
    { 0x2215, 0x2215, 0x351 },
    { 0x2219, 0x221A, 0x352 },
    { 0x221E, 0x221E, 0x354 },
    { 0x222B, 0x222B, 0x355 },
    { 0x2248, 0x2248, 0x356 },
    { 0x2260, 0x2260, 0x357 },
    { 0x2264, 0x2265, 0x358 },
    { 0xFB00, 0xFB04, 0x35A },
    { 0xFB56, 0xFB59, 0x35F },
    { 0xFB66, 0xFB69, 0x363 },
    { 0xFB7A, 0xFB7D, 0x367 },
    { 0xFB88, 0xFB95, 0x36B },
    { 0xFB9E, 0xFB9F, 0x379 },
    { 0xFBA6, 0xFBB1, 0x37B },
    { 0xFBFC, 0xFBFF, 0x387 },
    { 0xFE80, 0xFEFC, 0x38B },
};

static const uint16_t ubuntu_10_boldKernLeftCodepoints[] = {
    0x0022, 0x0026, 0x0027, 0x0028, 0x0029, 0x002A, 0x002C, 0x002D, 0x002E, 0x002F, 0x003A, 0x003B,
    0x0040, 0x0041, 0x0042, 0x0043, 0x0044, 0x0045, 0x0046, 0x0047, 0x0048, 0x0049, 0x004A, 0x004B,
    0x004C, 0x004D, 0x004E, 0x004F, 0x0050, 0x0051, 0x0052, 0x0053, 0x0054, 0x0055, 0x0056, 0x0057,
    0x0058, 0x0059, 0x005A, 0x005B, 0x005C, 0x005D, 0x0061, 0x0062, 0x0063, 0x0064, 0x0066, 0x0067,
    0x0068, 0x0069, 0x006A, 0x006B, 0x006C, 0x006D, 0x006E, 0x006F, 0x0070, 0x0071, 0x0072, 0x0073,
    0x0074, 0x0075, 0x0076, 0x0077, 0x0078, 0x0079, 0x007A, 0x007B, 0x007D, 0x00A1, 0x00AB, 0x00BB,
    0x00BF, 0x00C0, 0x00C1, 0x00C2, 0x00C3, 0x00C4, 0x00C5, 0x00C6, 0x00C7, 0x00C8, 0x00C9, 0x00CA,
    0x00CB, 0x00CC, 0x00CD, 0x00CE, 0x00CF, 0x00D0, 0x00D1, 0x00D2, 0x00D3, 0x00D4, 0x00D5, 0x00D6,
    0x00D8, 0x00D9, 0x00DA, 0x00DB, 0x00DC, 0x00DD, 0x00DE, 0x00DF, 0x00E0, 0x00E1, 0x00E2, 0x00E3,
    0x00E4, 0x00E5, 0x00E7, 0x00EC, 0x00ED, 0x00EE, 0x00EF, 0x00F0, 0x00F1, 0x00F2, 0x00F3, 0x00F4,
    0x00F5, 0x00F6, 0x00F8, 0x00F9, 0x00FA, 0x00FB, 0x00FC, 0x00FD, 0x00FE, 0x00FF, 0x0100, 0x0101,
    0x0102, 0x0103, 0x0104, 0x0105, 0x0106, 0x0107, 0x0108, 0x0109, 0x010A, 0x010B, 0x010C, 0x010D,
    0x010E, 0x010F, 0x0110, 0x0111, 0x0112, 0x0114, 0x0116, 0x0118, 0x011A, 0x011C, 0x011D, 0x011E,
    0x011F, 0x0120, 0x0121, 0x0122, 0x0123, 0x0124, 0x0125, 0x0126, 0x0127, 0x0128, 0x0129, 0x012A,
    0x012B, 0x012C, 0x012D, 0x012E, 0x012F, 0x0130, 0x0131, 0x0132, 0x0133, 0x0134, 0x0135, 0x0136,
    0x0137, 0x0138, 0x0139, 0x013A, 0x013B, 0x013C, 0x013D, 0x013E, 0x013F, 0x0140, 0x0141, 0x0142,
    0x0143, 0x0144, 0x0145, 0x0146, 0x0147, 0x0148, 0x0149, 0x014A, 0x014B, 0x014C, 0x014D, 0x014E,
    0x014F, 0x0150, 0x0151, 0x0152, 0x0154, 0x0155, 0x0156, 0x0157, 0x0158, 0x0159, 0x015A, 0x015B,
    0x015C, 0x015D, 0x015E, 0x015F, 0x0160, 0x0161, 0x0162, 0x0163, 0x0164, 0x0165, 0x0166, 0x0167,
    0x0168, 0x0169, 0x016A, 0x016B, 0x016C, 0x016D, 0x016E, 0x016F, 0x0170, 0x0171, 0x0172, 0x0173,
    0x0174, 0x0175, 0x0176, 0x0177, 0x0178, 0x0179, 0x017A, 0x017B, 0x017C, 0x017D, 0x017E, 0x017F,
    0x01A0, 0x01C4, 0x01C5, 0x01C6, 0x01C7, 0x01C8, 0x01C9, 0x01CA, 0x01CB, 0x01CC, 0x01CD, 0x01CE,
    0x01CF, 0x01D0, 0x01D1, 0x01D2, 0x01D3, 0x01D4, 0x01D5, 0x01D6, 0x01D7, 0x01D8, 0x01D9, 0x01DA,
    0x01DB, 0x01DC, 0x01DD, 0x01DE, 0x01DF, 0x01E0, 0x01E1, 0x01E2, 0x01E4, 0x01E5, 0x01E6, 0x01E7,
    0x01E8, 0x01E9, 0x01EA, 0x01EB, 0x01EC, 0x01ED, 0x01EE, 0x01EF, 0x01F0, 0x01F1, 0x01F2, 0x01F3,
    0x01F4, 0x01F5, 0x01F6, 0x01F7, 0x01F8, 0x01F9, 0x01FA, 0x01FB, 0x01FC, 0x01FE, 0x01FF, 0x0200,
    0x0201, 0x0202, 0x0203, 0x0204, 0x0206, 0x0208, 0x0209, 0x020A, 0x020B, 0x020C, 0x020D, 0x020E,
    0x020F, 0x0210, 0x0211, 0x0212, 0x0213, 0x0214, 0x0215, 0x0216, 0x0217, 0x0218, 0x0219, 0x021A,
    0x021B, 0x021C, 0x021E, 0x021F, 0x0400, 0x0401, 0x0402, 0x0403, 0x0404, 0x0405, 0x0406, 0x0407,
    0x0408, 0x0409, 0x040A, 0x040B, 0x040C, 0x040D, 0x040E, 0x040F, 0x0410, 0x0411, 0x0412, 0x0413,
    0x0414, 0x0415, 0x0416, 0x0417, 0x0418, 0x0419, 0x041A, 0x041C, 0x041D, 0x041E, 0x041F, 0x0420,
    0x0421, 0x0422, 0x0423, 0x0424, 0x0425, 0x0426, 0x0428, 0x0429, 0x042A, 0x042B, 0x042C, 0x042D,
    0x042E, 0x0430, 0x0431, 0x0432, 0x0433, 0x0434, 0x0435, 0x0436, 0x0437, 0x043A, 0x043B, 0x043C,
    0x043D, 0x043E, 0x043F, 0x0440, 0x0441, 0x0442, 0x0443, 0x0444, 0x0445, 0x0446, 0x0447, 0x0448,
    0x0449, 0x044A, 0x044B, 0x044C, 0x044D, 0x044E, 0x044F, 0x0450, 0x0451, 0x0452, 0x0453, 0x0454,
    0x0455, 0x0456, 0x0457, 0x0458, 0x0459, 0x045A, 0x045B, 0x045C, 0x045E, 0x045F, 0x0462, 0x0463,
    0x0472, 0x0473, 0x0474, 0x0475, 0x048A, 0x048B, 0x048C, 0x048D, 0x048F, 0x0490, 0x0491, 0x0492,
    0x0493, 0x0494, 0x0495, 0x0496, 0x0497, 0x0498, 0x0499, 0x049A, 0x049B, 0x049C, 0x049D, 0x049E,
    0x049F, 0x04A0, 0x04A1, 0x04A2, 0x04A3, 0x04A4, 0x04A5, 0x04A6, 0x04A7, 0x04A8, 0x04A9, 0x04AA,
    0x04AB, 0x04AC, 0x04AD, 0x04AE, 0x04AF, 0x04B0, 0x04B1, 0x04B2, 0x04B3, 0x04B4, 0x04B5, 0x04B6,
    0x04B7, 0x04BA, 0x04BB, 0x04BC, 0x04BE, 0x04C0, 0x04C1, 0x04C2, 0x04C3, 0x04C4, 0x04C6, 0x04C7,
    0x04C8, 0x04C9, 0x04CA, 0x04CC, 0x04CD, 0x04CE, 0x04CF, 0x04D0, 0x04D1, 0x04D2, 0x04D3, 0x04D4,
    0x04D5, 0x04D6, 0x04D7, 0x04D8, 0x04DA, 0x04DC, 0x04DD, 0x04DE, 0x04DF, 0x04E0, 0x04E1, 0x04E2,
    0x04E4, 0x04E6, 0x04E7, 0x04E8, 0x04E9, 0x04EA, 0x04EB, 0x04EC, 0x04ED, 0x04EE, 0x04EF, 0x04F0,
    0x04F1, 0x04F2, 0x04F3, 0x04F6, 0x04F7, 0x04F8, 0x04F9, 0x05D0, 0x05D1, 0x05D2, 0x05D3, 0x05D5,
    0x05D8, 0x05D9, 0x05DB, 0x05DC, 0x05DE, 0x05E0, 0x05E1, 0x05E2, 0x05E4, 0x05E6, 0x05E8, 0x05E9,
    0x05EA, 0x1EF2, 0x1EF3, 0x2013, 0x2014, 0x2018, 0x2019, 0x201A, 0x201C, 0x201D, 0x201E, 0x2026,
    0x2039, 0x203A, 0xFB00, 0xFB01, 0xFB02, 0xFB03, 0xFB04, 0xFB8C, 0xFEAD, 0xFEAE, 0xFEAF,
};

static const uint8_t ubuntu_10_boldKernLeftClassIds[] = {
      1,   2,   1,   3,   4,   5,   6,   7,   6,   8,   9,   9,  10,  11,  12,  13,
     14,  15,  16,  17,  18,  18,  19,  20,  21,  22,  18,  23,  24,  25,  26,  27,
     28,  29,  30,  31,  32,  33,  34,  35,  36,  37,  38,  39,  40,  41,  42,  43,
     44,  45,  46,  47,  48,  49,  49,  50,  39,  51,  52,  53,  54,  55,  56,  57,
     58,  59,  60,  61,  62,  63,  64,  65,  66,  11,  11,  11,  11,  11,  11,  15,
     13,  15,  15,  15,  15,  18,  18,  18,  18,  14,  18,  23,  23,  23,  23,  23,
     23,  29,  29,  29,  29,  33,  67,  68,  38,  38,  38,  38,  38,  38,  40,  45,
     45,  45,  45,  69,  49,  50,  50,  50,  50,  50,  50,  55,  55,  55,  55,  59,
     70,  59,  11,  38,  11,  38,  11,  38,  13,  40,  13,  40,  13,  40,  13,  40,
     14,  71,  14,  41,  15,  15,  15,  15,  15,  17,  43,  17,  43,  17,  43,  17,
     43,  18,  44,  18,  44,  18,  45,  18,  45,  18,  45,  18,  45,  18,  45,  19,
     46,  19,  46,  20,  47,  47,  21,  48,  21,  48,  21,  71,  21,  48,  21,  48,
     18,  49,  18,  49,  18,  49,  49,  72,  73,  23,  50,  23,  50,  23,  50,  15,
     26,  52,  26,  52,  26,  52,  27,  53,  27,  53,  27,  53,  27,  53,  28,  54,
     28,  54,  28,  54,  29,  55,  29,  55,  29,  55,  29,  55,  29,  55,  29,  55,
     31,  57,  33,  59,  33,  34,  60,  34,  60,  34,  60,  42,  74,  34,  60,  60,
     19,  46,  46,  19,  46,  46,  11,  38,  18,  45,  23,  50,  29,  55,  29,  55,
     29,  55,  29,  55,  29,  55,  50,  11,  38,  11,  38,  15,  17,  43,  17,  43,
     20,  47,  23,  50,  23,  50,  75,  76,  46,  34,  60,  60,  17,  43,  55,  77,
     18,  49,  11,  38,  15,  23,  50,  11,  38,  11,  38,  15,  15,  18,  45,  18,
     45,  23,  50,  23,  50,  26,  52,  26,  52,  29,  55,  29,  55,  27,  53,  28,
     54,  78,  18,  44,  79,  79,  80,  81,  82,  83,  18,  18,  84,  85,  85,  86,
     87,  18,  88,  18,  89,  80,  90,  81,  91,  79,  92,  93,  18,  18,  87,  94,
     18,  95,  18,  96,  82,  97,  88,  98,  99,  91,  18,  91,  85,  18,  85, 100,
     95, 101, 102, 103, 104, 105, 106, 107, 108, 109, 110, 111, 112, 113, 112, 114,
    115, 116, 117, 118, 119, 105, 112, 112, 105, 120, 112, 120, 121, 122, 123, 106,
    106, 124, 104, 125, 126, 127, 127, 128, 120, 120, 129, 109, 117, 130,  80, 131,
     95, 113, 132, 133,  91, 105,  85, 120, 114,  81, 104,  81, 104,  80, 134,  92,
    107,  93, 108,  87, 109,  87, 109,  87, 109,  87, 109,  91, 105,  97, 104,  85,
    135, 136, 137,  82, 115,  97, 116, 138, 139, 138, 139,  99, 119,  91, 105,  91,
    105, 140, 141, 142, 142,  18,  92, 107, 143, 144, 105,  84, 145,  91, 105, 112,
     91, 105,  18,  89, 101,  89, 101, 146, 147,  79, 106, 148, 148,  92, 107,  93,
    108, 149, 150,  18,  18,  95, 113,  95, 113,  95, 113, 100, 108,  88, 117,  88,
    117,  88, 117,  81, 104,  18, 112, 151, 152, 153, 154, 155, 156, 157, 158, 159,
    160, 161, 162, 163, 164, 165, 166, 167, 168,  33,  59,   7,   7, 169, 170, 171,
    169, 170, 171,   6,  64,  65,  42,  45,  48,  45,  48, 172, 172, 172, 172,
};

static const uint16_t ubuntu_10_boldKernRightCodepoints[] = {
    0x0021, 0x0022, 0x0026, 0x0027, 0x0028, 0x0029, 0x002A, 0x002C, 0x002D, 0x002E, 0x002F, 0x003A,
    0x003B, 0x003F, 0x0040, 0x0041, 0x0042, 0x0043, 0x0044, 0x0045, 0x0046, 0x0047, 0x0048, 0x0049,
    0x004A, 0x004B, 0x004C, 0x004D, 0x004E, 0x004F, 0x0050, 0x0051, 0x0052, 0x0053, 0x0054, 0x0055,
    0x0056, 0x0057, 0x0058, 0x0059, 0x005A, 0x005B, 0x005C, 0x005D, 0x0061, 0x0062, 0x0063, 0x0064,
    0x0065, 0x0066, 0x0067, 0x0068, 0x0069, 0x006A, 0x006B, 0x006C, 0x006D, 0x006E, 0x006F, 0x0070,
    0x0071, 0x0072, 0x0073, 0x0074, 0x0075, 0x0076, 0x0077, 0x0078, 0x0079, 0x007A, 0x007B, 0x007D,
    0x00AB, 0x00BB, 0x00C0, 0x00C1, 0x00C2, 0x00C3, 0x00C4, 0x00C5, 0x00C6, 0x00C7, 0x00C8, 0x00C9,
    0x00CA, 0x00CB, 0x00CC, 0x00CD, 0x00CE, 0x00CF, 0x00D0, 0x00D1, 0x00D2, 0x00D3, 0x00D4, 0x00D5,
    0x00D6, 0x00D8, 0x00D9, 0x00DA, 0x00DB, 0x00DC, 0x00DD, 0x00DF, 0x00E0, 0x00E1, 0x00E2, 0x00E3,
    0x00E4, 0x00E5, 0x00E6, 0x00E7, 0x00E8, 0x00E9, 0x00EA, 0x00EB, 0x00EC, 0x00ED, 0x00EE, 0x00EF,
    0x00F0, 0x00F1, 0x00F2, 0x00F3, 0x00F4, 0x00F5, 0x00F6, 0x00F8, 0x00F9, 0x00FA, 0x00FB, 0x00FC,
    0x00FD, 0x00FF, 0x0100, 0x0101, 0x0102, 0x0103, 0x0104, 0x0105, 0x0106, 0x0107, 0x0108, 0x0109,
    0x010A, 0x010B, 0x010C, 0x010D, 0x010E, 0x010F, 0x0111, 0x0112, 0x0113, 0x0114, 0x0115, 0x0116,
    0x0117, 0x0118, 0x0119, 0x011A, 0x011B, 0x011C, 0x011D, 0x011E, 0x011F, 0x0120, 0x0121, 0x0122,
    0x0123, 0x0124, 0x0125, 0x0126, 0x0127, 0x0128, 0x0129, 0x012A, 0x012B, 0x012C, 0x012D, 0x012E,
    0x012F, 0x0130, 0x0131, 0x0132, 0x0133, 0x0134, 0x0135, 0x0136, 0x0137, 0x0139, 0x013A, 0x013B,
    0x013C, 0x013D, 0x013E, 0x013F, 0x0140, 0x0141, 0x0142, 0x0143, 0x0144, 0x0145, 0x0146, 0x0147,
    0x0148, 0x0149, 0x014A, 0x014B, 0x014C, 0x014D, 0x014E, 0x014F, 0x0150, 0x0151, 0x0152, 0x0153,
    0x0154, 0x0155, 0x0156, 0x0157, 0x0158, 0x0159, 0x015A, 0x015B, 0x015C, 0x015D, 0x015E, 0x015F,
    0x0160, 0x0161, 0x0162, 0x0163, 0x0164, 0x0165, 0x0166, 0x0167, 0x0168, 0x0169, 0x016A, 0x016B,
    0x016C, 0x016D, 0x016E, 0x016F, 0x0170, 0x0171, 0x0172, 0x0173, 0x0174, 0x0175, 0x0176, 0x0177,
    0x0178, 0x0179, 0x017A, 0x017B, 0x017C, 0x017D, 0x017E, 0x017F, 0x01A0, 0x01A1, 0x01AF, 0x01B0,
    0x01C4, 0x01C5, 0x01C6, 0x01C7, 0x01C8, 0x01C9, 0x01CA, 0x01CB, 0x01CC, 0x01CD, 0x01CE, 0x01CF,
    0x01D0, 0x01D1, 0x01D2, 0x01D3, 0x01D4, 0x01D5, 0x01D6, 0x01D7, 0x01D8, 0x01D9, 0x01DA, 0x01DB,
    0x01DC, 0x01DD, 0x01DE, 0x01DF, 0x01E0, 0x01E1, 0x01E2, 0x01E3, 0x01E4, 0x01E5, 0x01E6, 0x01E7,
    0x01E8, 0x01E9, 0x01EA, 0x01EB, 0x01EC, 0x01ED, 0x01EE, 0x01F0, 0x01F1, 0x01F2, 0x01F3, 0x01F4,
    0x01F5, 0x01F8, 0x01F9, 0x01FA, 0x01FB, 0x01FC, 0x01FD, 0x01FE, 0x01FF, 0x0200, 0x0201, 0x0202,
    0x0203, 0x0204, 0x0205, 0x0206, 0x0207, 0x0208, 0x0209, 0x020A, 0x020B, 0x020C, 0x020D, 0x020E,
    0x020F, 0x0210, 0x0211, 0x0212, 0x0213, 0x0214, 0x0215, 0x0216, 0x0217, 0x0218, 0x0219, 0x021A,
    0x021B, 0x021C, 0x021D, 0x021E, 0x021F, 0x0402, 0x0404, 0x0405, 0x0408, 0x0409, 0x040B, 0x040E,
    0x0410, 0x0414, 0x0416, 0x0417, 0x041B, 0x041C, 0x041E, 0x0421, 0x0422, 0x0423, 0x0424, 0x0425,
    0x0427, 0x042D, 0x042F, 0x0430, 0x0431, 0x0432, 0x0433, 0x0434, 0x0435, 0x0436, 0x0437, 0x0438,
    0x0439, 0x043A, 0x043B, 0x043C, 0x043D, 0x043E, 0x043F, 0x0440, 0x0441, 0x0442, 0x0443, 0x0444,
    0x0445, 0x0446, 0x0447, 0x0448, 0x0449, 0x044A, 0x044B, 0x044C, 0x044D, 0x044E, 0x044F, 0x0450,
    0x0451, 0x0452, 0x0453, 0x0454, 0x0455, 0x0456, 0x0457, 0x0458, 0x0459, 0x045A, 0x045B, 0x045C,
    0x045D, 0x045E, 0x045F, 0x0462, 0x0463, 0x0472, 0x0473, 0x0475, 0x048B, 0x048D, 0x048F, 0x0491,
    0x0493, 0x0495, 0x0496, 0x0497, 0x0498, 0x0499, 0x049B, 0x049D, 0x049F, 0x04A1, 0x04A3, 0x04A5,
    0x04A7, 0x04A8, 0x04A9, 0x04AA, 0x04AB, 0x04AC, 0x04AD, 0x04AE, 0x04AF, 0x04B0, 0x04B1, 0x04B2,
    0x04B3, 0x04B4, 0x04B5, 0x04B6, 0x04B7, 0x04B8, 0x04B9, 0x04BB, 0x04BC, 0x04BD, 0x04BE, 0x04BF,
    0x04C1, 0x04C2, 0x04C4, 0x04C5, 0x04C6, 0x04C8, 0x04CA, 0x04CB, 0x04CC, 0x04CE, 0x04D0, 0x04D1,
    0x04D2, 0x04D3, 0x04D4, 0x04D5, 0x04D7, 0x04D8, 0x04D9, 0x04DA, 0x04DB, 0x04DC, 0x04DD, 0x04DE,
    0x04DF, 0x04E0, 0x04E1, 0x04E3, 0x04E5, 0x04E6, 0x04E7, 0x04E8, 0x04E9, 0x04EA, 0x04EB, 0x04EC,
    0x04ED, 0x04EE, 0x04EF, 0x04F0, 0x04F1, 0x04F2, 0x04F3, 0x04F4, 0x04F5, 0x04F7, 0x04F9, 0x05D1,
    0x05D2, 0x05D3, 0x05D4, 0x05D6, 0x05D7, 0x05D8, 0x05D9, 0x05DA, 0x05DB, 0x05DC, 0x05DD, 0x05DE,
    0x05E1, 0x05E2, 0x05E3, 0x05E4, 0x05E7, 0x05E8, 0x05E9, 0x05EA, 0x1EF2, 0x1EF3, 0x2013, 0x2014,
    0x2018, 0x2019, 0x201A, 0x201C, 0x201D, 0x201E, 0x2026, 0x2039, 0x203A, 0xFB00, 0xFB01, 0xFB02,
    0xFB03, 0xFB04, 0xFB8E, 0xFBA6, 0xFBAA, 0xFE8D, 0xFEA3, 0xFEA9, 0xFEB1, 0xFEB3, 0xFEB9, 0xFEBB,
    0xFEC1, 0xFEC3, 0xFEC9, 0xFECB, 0xFECD, 0xFEDB, 0xFEDF, 0xFEE1, 0xFEE3, 0xFEE9, 0xFEEB,
};

static const uint8_t ubuntu_10_boldKernRightClassIds[] = {
      1,   2,   3,   2,   4,   5,   6,   7,   8,   7,   9,  10,  10,  11,  12,  13,
     14,  15,  14,  14,  14,  16,  14,  14,  17,  14,  14,  18,  14,  19,  14,  19,
     14,  20,  21,  22,  23,  24,  25,  26,  27,  28,  29,  30,  31,  32,  33,  34,
     33,  35,  33,  36,  37,  38,  36,  36,  39,  39,  34,  39,  33,  39,  40,  41,
     42,  43,  44,  45,  46,  47,  48,  49,  50,  51,  13,  13,  13,  13,  13,  13,
     52,  15,  14,  14,  14,  14,  14,  14,  14,  14,  14,  14,  19,  19,  19,  19,
     19,  19,  22,  22,  22,  22,  26,  53,  31,  31,  31,  31,  54,  31,  31,  33,
     33,  33,  33,  33,  55,  37,  56,  57,  58,  39,  34,  34,  34,  34,  34,  34,
     42,  42,  42,  42,  46,  46,  13,  31,  13,  31,  13,  31,  15,  33,  15,  33,
     15,  33,  15,  33,  14,  34,  34,  14,  33,  14,  33,  14,  33,  14,  33,  14,
     33,  16,  33,  16,  33,  16,  33,  16,  33,  14,  36,  14,  36,  14,  59,  14,
     60,  14,  61,  14,  37,  14,  37,  14,  37,  17,  38,  14,  36,  14,  36,  14,
     36,  14,  36,  14,  36,  14,  36,  14,  39,  14,  39,  14,  39,  39,  62,  63,
     19,  34,  19,  34,  19,  34,  19,  34,  14,  39,  14,  39,  14,  39,  20,  40,
     20,  40,  20,  40,  20,  40,  21,  41,  21,  41,  21,  41,  22,  42,  22,  42,
     22,  42,  22,  42,  22,  42,  22,  42,  24,  44,  26,  46,  26,  27,  47,  27,
     47,  27,  47,  35,  19,  34,  22,  42,  14,  14,  34,  14,  14,  36,  14,  14,
     39,  13,  31,  14,  37,  19,  34,  22,  42,  22,  42,  22,  42,  22,  42,  22,
     42,  64,  13,  31,  13,  31,  52,  31,  16,  33,  16,  33,  14,  36,  19,  34,
     19,  34,  65,  38,  14,  14,  34,  16,  33,  14,  39,  13,  31,  52,  31,  19,
     34,  13,  31,  13,  31,  14,  33,  14,  33,  14,  37,  14,  37,  19,  34,  19,
     34,  14,  39,  14,  39,  22,  42,  22,  42,  20,  40,  21,  41,  66,  67,  14,
     36,  68,  69,  70,  71,  72,  68,  73,  74,  75,  76,  77,  72,  78,  79,  69,
     68,  73,  80,  81,  82,  83,  84,  85,  86,  87,  88,  89,  90,  91,  92,  88,
     88,  88,  93,  94,  88,  95,  88,  96,  97,  98,  99, 100, 101,  88, 102,  88,
    103, 104,  88,  88, 105, 106, 107,  90,  90, 108,  88, 109, 110, 111, 112, 113,
     93,  88, 114,  88,  88,  99, 103,  68, 115,  79,  95,  99,  88, 116,  96,  88,
     88,  88,  76,  91,  77,  92,  88,  88,  88,  88,  88,  88,  88, 117, 118,  69,
     97,  68,  98, 119, 120, 119, 120,  81, 101,  68,  98,  82, 102,  82, 102, 121,
    122, 123, 122, 123,  76,  91,  88,  72,  93,  88,  88,  82, 102,  94,  74,  85,
     74,  85, 124, 125,  90, 126, 127, 126, 127,  76,  91,  77,  92, 128, 129,  88,
     88,  79,  95,  79,  95,  79,  95,  83,  92,  73,  99,  73,  99,  73,  99,  82,
    102,  88,  88, 130, 131, 132, 133, 134, 135, 136, 137, 138, 139, 140, 141, 142,
    143, 144, 145, 146, 147, 148, 149, 150,  26,  46,   8,   8, 151, 152, 153, 151,
    152, 153,   7,  50,  51,  35,  35,  35,  35,  35, 154, 154, 154, 155, 154, 156,
    156, 156, 156, 156, 156, 156, 157, 155, 157, 154, 155, 154, 154, 154, 154,
};

static const uint16_t ubuntu_10_boldKernRowOffsets[] = {
        0,    29,    47,   121,   151,   198,   255,   312,   386,   411,   437,   478,   502,   540,   561,   579,
      615,   627,   628,   636,   680,   722,   731,   752,   780,   800,   834,   854,   905,   914,   960,  1001,
     1048,  1099,  1136,  1222,  1248,  1261,  1274,  1292,  1311,  1323,  1354,  1366,  1379,  1390,  1402,  1428,
     1447,  1460,  1478,  1491,  1514,  1523,  1541,  1552,  1572,  1593,  1617,  1637,  1656,  1701,  1726,  1730,
     1750,  1793,  1836,  1859,  1875,  1886,  1898,  1931,  1932,  1937,  1940,  1945,  1946,  1953,  1956,  1966,
     1989,  2046,  2088,  2112,  2118,  2146,  2164,  2218,  2272,  2319,  2338,  2370,  2423,  2441,  2454,  2476,
     2507,  2555,  2583,  2638,  2660,  2670,  2677,  2686,  2704,  2725,  2739,  2770,  2778,  2810,  2816,  2823,
     2829,  2844,  2858,  2873,  2891,  2908,  2929,  2959,  2976,  2989,  3004,  3010,  3020,  3028,  3035,  3038,
     3044,  3056,  3062,  3081,  3135,  3158,  3169,  3187,  3204,  3216,  3274,  3290,  3307,  3319,  3330,  3346,
     3359,  3363,  3370,  3380,  3398,  3411,  3420,  3426,  3428,  3432,  3441,  3447,  3452,  3463,  3469,  3477,
     3482,  3484,  3489,  3490,  3497,  3503,  3512,  3520,  3528,  3582,  3657,  3692,  3696,
};

static const uint8_t ubuntu_10_boldKernSparseCols[] = {
     12,  16,  22,  23,  51,  67,  70,  71,  73,  74,  79,  81,  84,  88,  89,  92,
     93,  94,  96,  99, 106, 107, 108, 109, 113, 117, 123, 124, 126,  12,  14,  15,
     16,  18,  20,  22,  23,  24,  25,  30,  32,  33,  42,  43,  44,  45,  53,   3,
      4,   5,   7,  11,  14,  15,  18,  20,  22,  23,  24,  25,  26,  30,  32,  33,
     34,  36,  37,  38,  39,  41,  42,  43,  45,  52,  53,  54,  55,  56,  57,  58,
     59,  60,  67,  68,  69,  72,  74,  75,  78,  79,  80,  84,  85,  86,  87,  88,
     89,  93,  94,  96,  98,  99, 101, 102, 105, 107, 108, 109, 110, 111, 112, 113,
    116, 117, 118, 122, 123, 124, 125, 126, 128,   3,   5,   7,  11,  12,  16,  20,
     22,  23,  24,  25,  26,  44,  51,  61,  67,  69,  70,  72,  73,  75,  76,  80,
     82,  83, 100, 107, 118, 127, 128,  11,  12,  16,  17,  24,  25,  30,  32,  33,
     37,  39,  42,  43,  44,  45,  51,  53,  57,  61,  70,  71,  72,  73,  74,  75,
     76,  77,  80,  82,  84,  88,  89,  92,  93,  94,  96,  99, 100, 106, 108, 109,
    112, 117, 123, 124, 125, 127,  12,  14,  15,  16,  18,  19,  20,  21,  22,  23,
     24,  25,  26,  30,  32,  33,  42,  43,  44,  45,  46,  51,  53,  57,  67,  68,
     69,  70,  71,  73,  74,  75,  76,  78,  79,  80,  81,  88,  91,  92,  94,  97,
     98, 100, 101, 103, 104, 114, 116, 118, 119, 121, 122, 123, 125, 127, 128,  14,
     15,  16,  18,  20,  22,  24,  25,  26,  30,  32,  33,  34,  43,  44,  51,  53,
     57,  61,  67,  68,  69,  70,  72,  75,  78,  79,  80,  82,  84,  85,  86,  87,
     89,  90,  94,  95,  96,  99, 100, 101, 102, 105, 106, 108, 110, 111, 112, 115,
    116, 117, 118, 120, 122, 125, 126, 127,  11,  12,  14,  15,  16,  18,  20,  22,
     23,  24,  25,  26,  30,  31,  32,  33,  35,  36,  37,  38,  39,  41,  46,  51,
     53,  54,  55,  56,  57,  58,  59,  60,  67,  68,  70,  71,  72,  73,  74,  75,
     78,  79,  80,  81,  83,  84,  85,  86,  87,  88,  89,  92,  93,  94,  95,  96,
     99, 102, 105, 106, 107, 108, 109, 110, 111, 112, 113, 116, 117, 118, 123, 124,
    126, 128,  12,  16,  20,  22,  24,  25,  26,  42,  43,  44,  45,  46,  51,  67,
     70,  73,  80,  92, 100, 114, 115, 118, 121, 122, 123,  12,  16,  20,  22,  23,
     24,  25,  26,  44,  51,  61,  67,  69,  70,  72,  73,  75,  76,  80,  82,  83,
    100, 107, 118, 123, 127,   1,   3,   5,   6,   8,   9,  10,  12,  14,  15,  16,
     18,  19,  20,  21,  22,  23,  24,  25,  26,  28,  29,  30,  32,  33,  39,  42,
     43,  44,  45,  46,  47,  49,  50,  51,  53,  57,  65, 150, 151, 152,   4,   5,
      7,   8,   9,  10,  12,  20,  22,  23,  24,  25,  28,  29,  42,  44,  45,  46,
     48,  49,  50,  51,  65, 152,   2,   3,   4,   5,   6,   7,   8,   9,  10,  12,
     14,  15,  16,  18,  19,  20,  22,  23,  24,  25,  26,  28,  29,  30,  32,  33,
     39,  41,  44,  46,  49,  50,  51,  53,  57, 150, 151, 152,   4,   6,   7,   8,
     10,  12,  16,  20,  22,  23,  24,  25,  26,  29,  48,  49,  51,  64,  65, 151,
    152,  16,  18,  22,  24,  25,  26,  30,  32,  33,  44,  50,  51,  53,  57,  61,
    150, 151, 152,   2,   3,   4,   6,   7,   8,  10,  11,  12,  14,  15,  16,  17,
     18,  20,  22,  23,  24,  25,  28,  29,  30,  32,  33,  38,  39,  41,  44,  46,
     50,  51,  53,  57, 150, 151, 152,   5,   6,   7,   9,  20,  22,  23,  25,  42,
     45, 150, 152,   8,   8,  12,  16,  28,  50,  51, 150, 151,   2,   3,   4,   5,
      6,   7,   8,   9,  11,  12,  14,  15,  16,  18,  20,  22,  23,  24,  25,  26,
     28,  29,  30,  32,  33,  39,  40,  41,  42,  43,  44,  45,  46,  47,  49,  51,
     53,  56,  57,  58,  59,  60,  63, 152,   0,   1,   2,   5,   6,   7,   8,   9,
     10,  12,  14,  15,  16,  17,  18,  19,  20,  21,  22,  23,  24,  25,  26,  28,
     29,  30,  39,  42,  43,  44,  45,  46,  47,  48,  49,  50,  51,  53,  65, 150,
    151, 152,   5,   8,  10,  20,  22,  25,  28, 150, 151,   4,   6,   7,   8,  10,
     12,  16,  20,  22,  23,  24,  25,  26,  29,  48,  49,  51,  64,  65, 151, 152,
      2,   4,   6,   8,   9,  12,  16,  20,  24,  25,  27,  29,  30,  32,  33,  42,
     43,  44,  45,  48,  49,  50,  51,  53,  57, 150, 151, 152,   4,   6,   7,   8,
     10,  12,  16,  20,  22,  23,  24,  25,  26,  29,  37,  49,  51,  64, 151, 152,
      5,   6,   7,   8,   9,  10,  11,  12,  14,  15,  16,  18,  20,  21,  22,  24,
     25,  26,  28,  29,  30,  32,  33,  40,  41,  44,  46,  49,  51,  53,  57, 150,
    151, 152,   4,   5,   6,   7,   8,  10,  20,  22,  23,  25,  30,  42,  43,  44,
     45,  49,  51,  53, 150, 152,   2,   3,   4,   6,   7,   8,   9,  10,  11,  12,
     14,  15,  16,  17,  18,  20,  22,  23,  24,  25,  26,  28,  29,  30,  32,  33,
     38,  39,  41,  42,  43,  44,  45,  46,  47,  49,  50,  51,  53,  54,  55,  56,
     57,  58,  59,  60,  62,  63, 150, 151, 152,   6,   8,   9,  12,  16,  28,  51,
    150, 151,   1,   2,   3,   4,   6,   7,   8,   9,  10,  11,  12,  14,  15,  16,
     17,  18,  20,  22,  23,  24,  25,  26,  28,  29,  30,  32,  33,  38,  39,  41,
     46,  47,  49,  51,  53,  54,  56,  57,  58,  59,  60,  62,  63, 150, 151, 152,
      1,   2,   3,   4,   6,   8,  10,  11,  12,  14,  15,  16,  18,  20,  22,  23,
     24,  25,  26,  28,  29,  30,  32,  33,  38,  39,  41,  42,  43,  44,  45,  47,
     49,  51,  53,  56,  57,  58, 150, 151, 152,   2,   3,   4,   5,   6,   7,   8,
      9,  10,  11,  12,  14,  15,  16,  18,  19,  20,  22,  23,  24,  25,  26,  28,
     29,  30,  32,  33,  39,  41,  42,  43,  44,  45,  46,  47,  49,  51,  53,  56,
     57,  58,  59,  60,  63, 150, 151, 152,   0,   2,   3,   4,   5,   6,   7,   8,
      9,  10,  11,  12,  14,  15,  16,  17,  18,  19,  20,  22,  23,  24,  25,  26,
     28,  29,  30,  32,  33,  38,  39,  41,  42,  44,  45,  46,  47,  49,  50,  51,
     53,  56,  57,  58,  59,  60,  62,  63, 150, 151, 152,   2,   4,   6,   7,   9,
     10,  11,  12,  14,  15,  16,  18,  19,  20,  22,  23,  24,  25,  26,  28,  29,
     30,  32,  33,  44,  46,  49,  50,  51,  53,  55,  56,  58,  59, 150, 151, 152,
     12,  14,  15,  16,  18,  20,  22,  23,  24,  25,  26,  29,  30,  32,  33,  36,
     37,  38,  39,  41,  42,  43,  44,  45,  46,  51,  53,  54,  55,  56,  57,  58,
     59,  60,  67,  68,  69,  70,  71,  72,  73,  74,  75,  78,  79,  80,  83,  84,
     85,  86,  87,  88,  89,  90,  91,  92,  93,  94,  96,  97,  98,  99, 100, 101,
    102, 103, 104, 105, 106, 107, 108, 109, 110, 111, 112, 113, 114, 115, 116, 117,
    118, 119, 122, 124, 126, 128,  12,  13,  14,  15,  16,  17,  18,  20,  21,  22,
     23,  24,  25,  26,  30,  32,  33,  37,  40,  41,  42,  43,  45,  51,  53,  57,
     37,  68,  69,  78,  79,  82,  83,  99, 112, 116, 117, 125, 128,   1,   4,   5,
     10,  28,  29,  42,  43,  45,  48, 150, 151, 152,   1,   4,   5,   6,   7,   8,
     10,  28,  29,  42,  43,  44,  45,  46,  48,  49, 150, 151,   6,   7,   9,  10,
     11,  29,  30,  32,  33,  42,  43,  44,  45,  49,  53,  57, 150, 151, 152,   4,
      5,   7,  10,  28,  29,  42,  43,  45, 150, 151, 152,   4,   5,   6,   8,   9,
     10,  28,  29,  30,  32,  33,  36,  37,  42,  43,  44,  45,  48,  49,  50,  53,
     54,  55,  56,  57,  58,  59,  60, 150, 151, 152,   4,   5,  10,  28,  29,  37,
     42,  43,  45, 150, 151, 152,   1,   4,   5,  10,  28,  29,  42,  43,  45,  48,
    150, 151, 152,   4,   5,  10,  28,  29,  42,  43,  45, 150, 151, 152,   4,   5,
     10,  28,  29,  37,  42,  43,  45, 150, 151, 152,   2,   3,   5,   6,   7,   8,
      9,  11,  29,  30,  32,  33,  40,  41,  42,  43,  44,  45,  46,  47,  49,  53,
     57, 150, 151, 152,   4,   5,   6,   9,  10,  28,  29,  30,  42,  43,  44,  45,
     46,  49,  50,  53, 150, 151, 152,   1,   4,   5,  10,  28,  29,  42,  43,  45,
     48, 150, 151, 152,   1,   4,   5,   6,   7,   8,  10,  28,  29,  42,  43,  44,
     45,  46,  48,  49, 150, 151,   4,   5,   8,  10,  28,  29,  37,  42,  43,  45,
    150, 151, 152,   2,   5,   6,   8,   9,  10,  28,  29,  30,  32,  33,  42,  43,
     44,  45,  46,  49,  50,  53,  57, 150, 151, 152,   4,   5,   8,  10,  28,  29,
     46,  48, 152,   6,   7,   9,  10,  28,  29,  30,  32,  33,  42,  43,  44,  45,
     49,  53,  57, 150, 152,   4,   5,  10,  28,  29,  42,  43,  45, 150, 151, 152,
      2,   5,   6,   8,   9,  29,  30,  32,  33,  42,  43,  44,  45,  46,  50,  53,
     57, 150, 151, 152,   2,   5,   6,   7,   8,   9,  29,  30,  32,  33,  42,  43,
     44,  45,  46,  50,  53,  57, 150, 151, 152,   2,   3,   5,   6,   7,   8,   9,
     11,  29,  30,  32,  33,  42,  43,  44,  45,  46,  47,  49,  53,  57, 150, 151,
    152,   2,   5,   6,   8,   9,  29,  30,  32,  33,  42,  43,  44,  45,  46,  50,
     53,  57, 150, 151, 152,   6,   8,   9,  10,  29,  30,  32,  33,  42,  43,  44,
     45,  48,  49,  50,  53, 150, 151, 152,  14,  15,  18,  48,  67,  68,  69,  71,
     72,  74,  75,  78,  79,  80,  83,  84,  85,  86,  87,  88,  89,  91,  93,  94,
     96,  97,  98,  99, 101, 102, 103, 104, 105, 106, 107, 108, 109, 112, 113, 116,
    117, 118, 124, 126, 128,  16,  20,  22,  24,  25,  51,  67,  69,  70,  71,  72,
     73,  74,  75,  76,  80,  82,  83,  88,  90,  92, 118, 122, 127, 128,  20,  22,
     23,  25,  12,  16,  20,  22,  25,  26,  42,  43,  45,  46,  67,  70,  73,  92,
    114, 115, 118, 119, 121, 122,  12,  14,  15,  16,  18,  19,  20,  22,  23,  24,
     25,  26,  30,  32,  33,  44,  46,  51,  53,  57,  67,  69,  70,  71,  72,  73,
     74,  75,  76,  78,  80,  82,  83,  88,  90,  92,  94, 100, 104, 118, 123, 127,
    128,  12,  13,  14,  15,  16,  17,  18,  19,  20,  21,  22,  23,  24,  25,  26,
     30,  31,  32,  33,  34,  35,  36,  37,  38,  39,  40,  41,  42,  43,  44,  45,
     46,  51,  52,  53,  54,  55,  56,  57,  58,  59,  60,  61,   4,   6,   7,   8,
      9,  10,  12,  16,  20,  22,  23,  24,  25,  26,  28,  29,  30,  48,  49,  51,
     53,  64,  65,   1,   4,   5,   7,  10,  27,  28,  29,  42,  43,  44,  45,  48,
     66, 150, 151,   4,   6,   7,   8,  10,  28,  29,  48,  49, 150, 151,   1,   4,
      5,   8,  10,  29,  42,  44,  45,  48, 150, 151,   1,   4,   6,   7,  10,  28,
     29,  30,  31,  32,  33,  35,  36,  37,  38,  39,  40,  41,  42,  43,  44,  45,
     46,  48,  53,  54,  55,  56,  58,  59,  60, 150, 151,  37,   1,   5,  10, 150,
    151,  12,  16,  51,  42,  43,  44,  45,  66,  37,  12,  16,  24,  25,  30,  51,
     53,  22,  25,  61,  70,  75,  78,  79,  80,  94, 100, 101, 123, 128,   1,   4,
      5,   7,   8,  10,  27,  67,  69,  72,  80,  81,  82,  83,  90,  97,  98, 100,
    103, 114, 119, 121, 128,   3,   4,   6,   7,   8,   9,  10,  11,  27,  29,  47,
     49,  50,  67,  68,  70,  71,  73,  74,  77,  78,  79,  80,  83,  84,  85,  86,
     87,  88,  89,  91,  92,  93,  94,  95,  96,  99, 100, 101, 102, 104, 105, 106,
    108, 109, 111, 116, 117, 118, 122, 123, 124, 125, 126, 128, 150, 151,   3,   4,
      5,   6,   7,   8,   9,  10,  29,  47,  48,  49,  50,  67,  68,  69,  70,  71,
     73,  74,  75,  76,  78,  79,  80,  84,  88,  90,  92,  94, 100, 107, 109, 113,
    116, 118, 122, 123, 125, 128, 150, 151,   1,   3,   4,   5,   6,   7,   8,  10,
     27,  49,  67,  81,  82,  83,  84,  97,  98, 100, 103, 114, 119, 121, 128, 150,
      8,  50,  70,  73, 150, 151,   1,   4,   5,   7,   8,  10,  27,  29,  48,  67,
     69,  72,  75,  80,  81,  82,  83,  90,  97,  98, 100, 103, 114, 118, 119, 128,
    150, 151,   1,   5,   6,   7,  10,  29,  48,  67,  81,  97, 114, 118, 119, 121,
    123, 128, 150, 151,   3,   4,   5,   6,   7,   8,   9,  11,  29,  47,  48,  49,
     67,  68,  70,  71,  72,  73,  74,  75,  78,  79,  80,  84,  85,  88,  89,  90,
     92,  94,  96,  97,  98,  99, 100, 101, 103, 104, 106, 107, 108, 109, 113, 114,
    116, 117, 118, 119, 121, 122, 123, 125, 126, 128,   1,   3,   4,   6,   7,   8,
      9,  10,  11,  29,  47,  48,  49,  67,  68,  70,  71,  72,  73,  74,  75,  77,
     78,  79,  80,  83,  84,  85,  86,  87,  88,  89,  92,  93,  94,  95,  96,  99,
    102, 105, 106, 107, 108, 109, 111, 113, 116, 117, 118, 123, 124, 126, 150, 151,
      1,   3,   5,   6,   8,   9,  10,  29,  47,  49,  50,  67,  68,  69,  70,  71,
     73,  74,  75,  76,  78,  79,  80,  81,  88,  90,  92,  94,  97,  98, 100, 101,
    103, 104, 106, 109, 114, 116, 118, 119, 121, 122, 123, 125, 128, 150, 151,   4,
      5,   7,   8,   9,  10,  29,  48,  49,  50,  67,  69,  73,  75,  80,  82,  83,
    100, 118,   1,   4,   5,   6,   8,  10,  29,  47,  48,  49,  67,  70,  71,  73,
     74,  75,  76,  79,  80,  81,  88,  90,  92,  98, 100, 101, 112, 118, 121, 123,
    150, 151,   3,   4,   5,   6,   7,   8,   9,  10,  11,  29,  47,  48,  49,  67,
     68,  70,  71,  72,  73,  74,  75,  78,  79,  80,  84,  85,  88,  89,  90,  92,
     94,  96,  97,  98,  99, 100, 101, 103, 107, 108, 109, 113, 114, 116, 117, 118,
    119, 121, 122, 123, 125, 126, 128,   4,   5,   7,   8,   9,  10,  29,  48,  49,
     50,  67,  69,  73,  75,  80,  83, 100, 118,   3,   4,   5,  10,  27,  29,  48,
     67,  99, 101, 118, 150, 151,   4,   6,   7,   8,  10,  27,  29,  48,  49,  67,
     70,  72,  73,  75,  76,  80,  82,  83, 118, 123, 127, 151,   4,   6,   8,   9,
     27,  29,  48,  49,  50,  67,  70,  71,  73,  74,  75,  76,  80,  82,  84,  88,
     92,  93,  94,  98, 100, 115, 119, 121, 123, 150, 151,   1,   3,   4,   6,   7,
      8,   9,  10,  11,  29,  47,  48,  49,  50,  67,  70,  71,  72,  73,  74,  75,
     77,  78,  79,  80,  84,  88,  89,  92,  93,  94,  96,  99, 100, 106, 107, 108,
    109, 111, 113, 117, 118, 121, 123, 124, 126, 150, 151,   1,   4,   6,   7,   8,
     10,  27,  29,  48,  67,  70,  71,  72,  73,  74,  75,  76,  80,  82,  83,  88,
     92,  93, 107, 113, 118, 123, 127,   3,   4,   5,   6,   7,   8,   9,  10,  11,
     29,  47,  48,  49,  67,  68,  69,  70,  71,  72,  73,  74,  75,  76,  78,  79,
     80,  85,  88,  89,  90,  92,  94,  96,  97,  98,  99, 100, 101, 103, 107, 108,
    109, 113, 114, 116, 117, 118, 119, 122, 123, 125, 126, 128, 150, 151,   4,   6,
      7,   8,  10,  27,  29,  48,  49,  67,  70,  72,  73,  75,  76,  80,  82,  83,
    118, 123, 127, 151,   1,   4,   5,   7,  10,  29,  48, 128, 150, 151,   5,   7,
      8,  27,  90, 100, 128,   1,   4,   5,  10,  29,  48, 128, 150, 151,   6,   8,
      9,  29,  50,  88,  90,  92,  97,  98, 100, 103, 114, 115, 119, 122, 150, 151,
      1,   4,   5,   6,   8,  10,  29,  48,  49,  88,  90,  92,  97,  98, 100, 101,
    103, 104, 112, 150, 151,   1,   4,   5,   6,   7,   8,  10,  29,  48,  49, 100,
    128, 150, 151,   3,   5,   6,   7,   8,   9,  11,  29,  47,  49,  84,  88,  89,
     90,  91,  92,  94,  96,  97,  98,  99, 100, 103, 104, 106, 114, 115, 117, 119,
    150, 151,   1,   4,   6,   7,  10,  29,  48,  92,   3,   5,   6,   7,   8,   9,
     11,  29,  47,  49,  84,  88,  89,  90,  91,  92,  94,  96,  97,  98,  99, 100,
    103, 104, 106, 108, 114, 115, 117, 119, 150, 151,   4,   7,  10,  29,  48, 128,
      1,   4,   5,  10,  29,  48, 128,   4,   7,  10,  29,  48, 128,   1,   4,   5,
      6,   7,   8,  10,  29,  48,  49,  90, 100, 128, 150, 151,   1,   4,   5,   7,
      8,  10,  27,  29,  48,  90, 107, 128, 150, 151,   6,   7,   9,  10,  11,  29,
     48,  49,  90,  94, 100, 114, 119, 150, 151,   6,   8,  29,  48,  88,  90,  92,
     97,  98,  99, 100, 103, 114, 115, 119, 122, 150, 151,   6,   8,  29,  88,  90,
     92,  97,  98,  99, 100, 103, 114, 115, 119, 122, 150, 151,   1,   4,   5,   7,
      8,  10,  27,  29,  48,  90,  91,  97,  98, 100, 101, 106, 107, 113, 128, 150,
    151,   3,   5,   6,   7,   8,   9,  11,  29,  47,  49,  88,  89,  90,  91,  92,
     94,  96,  97,  98,  99, 100, 103, 104, 106, 114, 115, 117, 119, 150, 151,   1,
      4,   5,   7,  10,  27,  29,  48,  92,  97,  98, 103, 114, 119, 128, 150, 151,
      1,   4,   5,   6,   7,   8,  10,  29,  48,  49, 100, 150, 151,   1,   4,   5,
      6,   7,   8,  10,  29,  48,  49,  90, 100, 128, 150, 151,   4,   7,  10,  29,
     48, 128,   1,   3,   5,   7,  10, 107, 112, 128, 150, 151,   6,  10,  29,  48,
     49,  90,  99, 100,   4,   5,   8,  10,  29,  48, 128,   4,   7, 128,   3,   4,
      7,  29, 112, 128,   1,   3,   4,   5,   7,  10,  29,  48, 112, 128, 150, 151,
      4,   7,  10,  29,  48, 128,   1,   4,   5,  10,  27,  29,  48,  97,  98, 101,
    103, 106, 107, 113, 114, 119, 128, 150, 151,   0,   1,   3,   4,   6,   7,   8,
     10,  11,  29,  48,  49,  67,  68,  70,  71,  72,  73,  74,  75,  76,  78,  79,
     80,  81,  82,  84,  86,  87,  88,  89,  92,  93,  94,  95,  96,  99, 102, 106,
    107, 108, 109, 113, 116, 117, 118, 121, 122, 123, 124, 126, 127, 150, 151,   1,
      5,   6,   8,   9,  29,  50,  88,  90,  91,  92,  97,  98, 100, 101, 103, 104,
    114, 115, 119, 122, 150, 151,   1,   3,   5,   6,  10,  90,  92, 100, 101, 112,
    150,   1,   3,   5,   6,  10,  27,  90,  92,  97, 100, 101, 103, 112, 114, 119,
    122, 150, 151,   1,   5,   7,  10,  27,  67,  69,  72,  75,  80,  82,  83,  90,
    112, 118, 150, 151,   1,   5,   7,   8,  10,  97, 103, 112, 114, 119, 150, 151,
      3,   4,   6,   7,   8,   9,  10,  11,  29,  47,  48,  49,  50,  67,  68,  69,
     70,  71,  72,  73,  74,  75,  77,  78,  79,  80,  81,  83,  84,  85,  86,  87,
     88,  89,  91,  92,  93,  94,  95,  96,  99, 101, 102, 104, 105, 106, 107, 108,
    109, 113, 116, 117, 118, 122, 123, 124, 126, 151,   6,   8,  29,  50,  88,  90,
     92,  97,  98, 100, 103, 114, 115, 119, 122, 151,   1,   3,   4,   5,   6,   7,
     10,  27,  29,  48,  67,  81, 118, 121, 123, 150, 151,   1,   3,   4,   5,   7,
     10,  29,  48, 112, 128, 150, 151,   4,   7,   8,  10,  27,  29,  48,  72,  82,
     83, 118,   3,   5,  27,  68,  78,  79,  97, 101, 103, 112, 114, 116, 119, 121,
    122, 125,   3,   6,  49,  90,  92,  97,  98, 100, 103, 112, 114, 119, 151,   7,
     10, 112, 128,   6,  70,  73,  75,  79,  80, 123,   1,   4,   5,   7,  10,  29,
     48, 128, 150, 151,   4,   6,   7,   8,  10,  29,  48,  70,  72,  73,  75,  76,
     80,  82,  83, 118, 123, 127,   5,   7,   8,  69,  83,  90,  97,  98, 100, 103,
    114, 119, 128,   3,   6,  10,  47,  49,  90,  99, 100, 112, 136, 138, 139, 145,
    146, 148, 142, 145, 129, 136, 139, 141, 129, 132, 135, 137, 138, 142, 144, 145,
    147, 129, 135, 140, 142, 145, 147, 131, 135, 137, 144, 145, 129, 132, 134, 135,
    138, 140, 141, 142, 145, 147, 149, 135, 137, 141, 142, 144, 145, 129, 130, 135,
    137, 138, 144, 145, 149, 135, 138, 141, 142, 145, 135, 136, 135, 137, 139, 142,
    147, 135, 137, 138, 139, 142, 144, 145, 148, 132, 135, 136, 141, 142, 145, 129,
    135, 137, 141, 142, 144, 145, 147, 149, 129, 135, 138, 140, 142, 145, 146, 147,
    131, 133, 136, 139, 141, 142, 143, 148,  12,  14,  15,  16,  17,  18,  19,  20,
     21,  22,  23,  24,  25,  26,  30,  32,  33,  39,  42,  43,  45,  51,  53,  57,
     67,  69,  70,  71,  73,  74,  75,  77,  78,  79,  80,  81,  84,  88,  89,  92,
     93,  94,  96,  99, 106, 107, 108, 109, 113, 117, 118, 123, 124, 126,  12,  14,
     15,  16,  18,  19,  20,  21,  22,  23,  24,  25,  26,  30,  31,  32,  33,  34,
     35,  36,  38,  39,  41,  42,  43,  45,  46,  51,  52,  53,  54,  55,  56,  57,
     58,  59,  60,  67,  68,  69,  70,  71,  73,  74,  78,  79,  80,  83,  84,  86,
     87,  88,  89,  91,  92,  93,  94,  95,  96,  99, 102, 104, 105, 106, 108, 109,
    116, 117, 118, 122, 123, 124, 125, 126, 128,  12,  14,  15,  16,  18,  19,  20,
     21,  22,  23,  24,  25,  26,  30,  31,  34,  35,  36,  37,  38,  39,  41,  42,
     43,  44,  45,  46,  51,  53,  54,  55,  56,  58,  59,  60, 153, 154, 155, 156,
};

static const int8_t ubuntu_10_boldKernSparseValues[] = {
     -17,  -29,    6,    6,  -36,    6,  -32,  -21,  -19,  -19,   -5,    4,   -5,  -14,  -10,  -15,
      -5,  -10,  -11,  -16,   -6,    4,   -8,   -5,    4,  -10,  -33,   -5,   -4,   10,   -7,   -7,
       7,   -7,  -27,  -23,  -13,    3,  -33,   -7,   -7,   -7,  -12,  -10,    3,  -12,   -7,  -10,
      27,   -7,   -3,  -10,   -7,   -7,   -7,    8,   10,    9,    9,   11,    3,   -8,  -10,  -10,
      -4,    4,   28,   -7,   -6,   -8,   -3,   -3,   10,   -5,   -8,    4,    4,    4,  -10,    4,
       4,    4,    8,   -7,   -4,    6,    7,    7,   -7,  -10,    9,   -8,   -4,   -5,   -5,    7,
      -8,   -3,  -10,   -8,   10,  -12,   -7,   -5,   -5,    6,   -6,   -6,    4,    4,   28,    6,
     -11,  -10,    8,   -5,    4,   -6,   -4,   -6,    4,   -8,   -6,    7,   -4,   -7,   -4,   -6,
     -11,   -4,   -7,  -13,   -4,   -5,   -7,   -7,   -6,   -5,   -4,   -7,   -7,   -5,   -5,   -7,
      -7,   -7,   -5,   -6,  -11,   -6,   -6,   -6,  -27,  -35,   -3,   -7,   -3,   -6,  -10,  -10,
      -3,   -3,    5,    5,    4,    5,  -46,   -6,  -16,   -4,  -35,  -25,   -4,  -27,  -24,   -6,
      -5,   -3,   -7,   -5,   -6,  -15,   -5,  -15,   -5,  -10,   -5,   -6,    4,   -4,   -3,   -3,
      -3,   -5,  -24,   -4,   -4,   -4,   10,  -13,  -13,   13,  -13,    4,  -27,  -10,  -27,  -14,
       8,  -32,    7,  -10,  -10,  -10,  -19,  -18,    7,  -19,    6,    8,  -10,   -7,  -27,   -5,
       4,   13,    8,   10,    9,    4,    5,  -13,  -13,    8,  -25,    9,    5,    9,  -10,  -12,
     -10,    7,  -15,   -6,    5,   -5,   -6,  -21,  -11,  -28,  -16,   10,   -3,    4,  -14,    7,
       7,   -5,    7,  -18,  -10,  -11,  -22,   -3,    5,    4,    4,    7,    3,   -7,  -15,    5,
       4,    6,  -18,    7,   -3,   -5,   -8,  -10,    7,    6,  -11,   -5,    5,    8,    4,    4,
       8,   -8,    4,    4,    8,    8,   -7,    7,    4,    4,    4,   10,    4,    4,    4,    5,
       7,    8,  -15,    4,    9,    7,    8,   -5,  -12,  -22,   -8,   -8,  -24,   -8,   14,   16,
      14,   11,   17,    6,  -13,    6,  -19,  -19,    6,    5,    5,  -11,  -10,   -6,   -3,  -40,
     -13,    5,    5,    5,  -16,    5,    5,    5,   14,   -6,  -24,  -18,    7,  -22,  -17,    9,
      -8,   -6,   11,    4,   -6,  -13,   -4,   -5,   -5,  -15,  -11,  -15,   -9,  -19,   -5,  -11,
     -12,   -5,   -4,   -9,    8,   -9,  -10,    5,    5,    5,    8,   -6,  -11,   10,  -18,   -7,
      -6,   -3,    6,    8,  -21,   -4,    5,  -13,    4,    5,    5,    4,    5,    3,    5,  -21,
       8,    6,    5,    5,    4,    5,    5,   -7,    5,    5,    7,   -7,   -6,  -12,  -10,   -4,
      -8,  -14,   -4,   -3,  -18,   -5,  -12,   -4,   -6,   -8,   -7,  -11,   -6,   -8,   -9,   -6,
      -3,   -5,  -12,   -6,   -6,  -17,   -6,  -27,   10,    8,    6,  -11,   12,   -8,   -8,   11,
      -8,    6,  -27,   -7,  -22,  -13,   12,  -33,    8,  -27,   -9,   -4,   -4,   -4,    3,  -12,
      -9,    8,  -12,    5,   -3,   -5,    4,    7,   -4,   -5,  -15,  -25,  -22,   14,   -4,   -4,
       4,  -10,    4,   -7,   -3,   -6,  -10,   -3,   -7,  -11,   -7,   -8,   -3,   -3,   -3,   -3,
      -3,    3,    4,   -9,   -5,    4,    3,   -4,    5,   -3,    8,   -4,    4,    6,    5,    9,
      -8,   -8,   10,   -8,    6,    7,    7,    6,    9,    8,    6,    7,    9,    3,   -4,   -4,
       2,   -4,    8,    5,   -8,    5,    9,    3,   -3,    7,   12,   13,   -7,  -13,    7,  -17,
      -6,   -8,   -8,   -8,   -8,   -3,  -13,  -15,   -3,   -7,   -5,    3,  -20,   -5,   -7,    3,
      -4,    8,   -6,    4,    7,    3,    4,   -4,   -4,   -4,    7,    4,    6,   -4,   -3,    3,
       4,    6,   13,   -7,   -5,    7,  -21,    5,  -26,    7,   -3,  -16,   -3,   -3,  -25,   -3,
      -3,    7,    9,    7,    4,    9,   10,    9,   -8,   -3,   -3,   -7,   -4,   -7,   -3,   -7,
      -4,  -39,   -8,   -3,   13,   12,  -21,   -9,    7,    6,    3,   -3,   -7,   -7,   -7,   -4,
      -4,   -3,    8,   -3,  -10,   -6,   -4,    3,    3,  -13,    5,    5,   -7,   -6,    8,  -13,
      10,  -17,    8,    3,   -5,    8,  -18,  -18,    7,  -18,    8,    6,    4,   12,    6,    8,
       7,    9,   -3,  -13,  -13,    3,   -3,  -11,  -15,  -15,   11,  -15,    7,   -4,  -17,    9,
      -3,   14,  -11,   12,   10,    3,   -6,   10,    3,  -32,    3,  -34,   13,   -7,    6,    8,
     -12,   10,   -7,   -7,   10,    3,   -7,    6,  -26,   -3,  -28,  -17,   10,  -33,    6,  -27,
     -11,    4,    3,  -16,  -10,   10,  -16,    5,   -5,   -4,   -6,    7,   10,    4,  -17,  -21,
     -18,   16,   -3,   -3,   -5,   -3,   -3,   -5,   -7,   -7,   -5,   -7,  -13,    7,  -17,   -6,
      -8,   -8,   -8,   -8,   -3,  -13,  -15,   -3,   -7,   -4,    3,  -20,   -4,   -7,    3,   -4,
      -7,   -3,  -35,  -26,    4,  -23,  -30,    4,   -7,   -3,   -5,   -4,   -7,   -5,   -5,    7,
       7,    4,    7,   -3,   -3,    4,  -42,   -7,   -8,   10,   10,  -31,   -7,  -13,    7,  -17,
      -6,   -8,   -8,   -8,   -8,   -3,  -13,  -15,   -3,   -7,    5,    3,  -20,   -4,    3,   -4,
      -3,    8,   -7,    6,    4,   -5,   -3,   10,   -6,   -6,    9,   -6,   -3,   -3,   -5,    7,
     -11,    6,   -3,   -8,   -8,   -8,   -8,   -3,   -3,    6,    3,   -7,    7,   -8,   -9,    4,
       4,   11,   -3,  -12,    3,    9,   -5,   -3,   -7,   -3,   -3,   -3,    4,   -5,   -4,   -4,
      -5,    5,   -7,    4,   -7,    6,   -7,   -6,    8,  -27,  -18,  -33,  -20,    9,  -12,  -27,
      -8,   -8,  -28,   -3,   -8,    9,   10,    9,    9,   11,    3,   13,   10,  -25,  -25,  -25,
     -23,  -24,  -23,  -25,  -25,  -25,  -25,  -24,   -6,  -25,  -22,  -38,  -25,   -3,    9,   15,
     -31,   15,   11,   10,  -18,  -20,    9,    7,  -18,  -10,  -18,    3,   -7,   -6,    3,  -18,
       2,    8,    6,  -10,  -10,   11,  -27,  -10,  -31,   -4,    9,  -10,  -22,   -8,   -8,  -29,
      -3,   -8,   11,   12,   11,   11,   13,    5,   13,   12,  -14,  -18,  -18,   -8,  -13,   -7,
      -4,   -6,  -13,  -49,  -14,    7,   17,  -20,   15,   12,   11,   -6,   -7,    9,   12,  -21,
       6,   -7,   -4,    9,  -15,  -21,    8,   -4,  -13,   -3,   -3,  -16,   -3,    9,   11,    9,
       9,   12,    4,   13,   11,   -9,  -11,  -11,   -5,   -5,   -5,    4,    4,    3,    4,   -3,
      -5,  -18,   -9,   15,  -12,   14,    9,   13,   -8,   -7,   -6,    9,   -9,    8,  -11,    8,
       6,    7,   -5,   12,  -13,  -13,    8,  -13,    6,    9,   10,    9,   12,   11,    8,   10,
      10,  -10,  -10,  -10,    3,   -8,   -8,   -8,    8,   -8,    5,   -4,  -12,   12,  -10,   13,
      -7,   13,    7,    3,   -5,    3,    5,   11,    4,  -17,  -13,   11,   -3,  -32,  -22,  -33,
     -13,   10,  -20,  -33,  -15,  -15,  -28,   -5,  -15,   -3,   11,   13,   11,   11,   14,    6,
      13,   13,  -24,  -29,  -29,  -12,  -23,  -11,   -3,   -7,   -3,  -12,   -5,  -26,   -9,  -48,
     -42,   18,  -30,   15,   13,    6,  -10,  -11,    8,   10,  -22,   -3,    5,    9,   -7,    5,
       5,   -3,    9,   -4,   -4,    9,   -4,    4,    5,    7,    5,    9,    8,    4,    7,    7,
       4,   -3,   -3,    8,    4,  -10,    5,    9,    4,    3,   12,   11,    3,    7,   10,   14,
      -9,   -7,   -7,   -9,   -7,   10,   12,   10,   10,   13,    5,   30,  -12,  -12,  -12,    3,
      31,  -11,  -11,  -12,  -10,  -10,  -10,   10,  -10,   -9,  -12,    3,    3,    3,  -13,    3,
       3,    3,   10,  -10,   -5,   -9,   -9,    6,   -9,    6,    8,   -7,  -13,   10,  -11,  -12,
      -7,   -9,   -7,    6,  -11,   -7,   -8,   -7,   -9,  -12,  -11,   -8,   10,  -13,  -10,  -12,
      -4,   -8,   -8,   -7,   -9,    7,   -9,  -11,    3,    3,   31,    7,   -6,   -5,  -12,  -12,
       9,   -7,   -7,   -9,   -9,    4,    7,  -10,  -13,  -13,    3,  -10,  -13,  -30,  -13,  -37,
     -23,    7,  -37,    3,   -8,   -8,   -8,   47,   -3,   -7,  -10,   -7,   20,    7,   -8,   -7,
      11,   -3,   -3,   -3,   -5,   -4,   -4,   -5,   11,   -6,   -5,   -3,   -4,   -5,   -7,  -10,
     -11,  -13,  -11,   -4,   -3,   -4,   -6,   -7,   -7,    4,   -6,   -8,  -10,  -10,    4,   -9,
      -9,  -17,  -12,   -5,   -4,   -6,   -5,   -3,   -6,    4,   -9,   -8,    6,   -3,    3,   -4,
      -3,  -12,   -8,   -8,   -8,    3,    3,    4,    3,   -5,   -8,  -10,    4,    8,    8,   -7,
      -8,    7,  -12,  -20,  -11,   -5,   -3,   -5,    4,    5,    3,   18,    8,  -20,  -21,    6,
       9,   27,   17,   -3,   -3,   -3,    4,    4,    9,    9,    7,    9,   10,   -3,    6,   -3,
      11,    4,   21,   -7,   19,   17,   19,   13,   18,  -19,   -4,   -8,   -8,  -10,  -11,    9,
      -5,   -3,   -5,   -8,   -5,    3,   -7,   -7,   -8,  -12,  -20,  -11,   -5,   -3,   -5,   -6,
      -8,   -5,    4,    4,   -8,  -12,  -20,  -11,   -5,   -3,   -5,   -8,   -5,    3,    4,   -8,
     -12,  -20,    3,   10,   -5,   -3,   -5,   -8,   -5,    3,   -7,   -4,    4,    4,  -15,    7,
       3,   -7,   -9,   -3,  -12,  -12,   -3,   -3,    7,    7,    7,    7,    5,   -5,  -12,   -3,
     -11,    4,    8,    7,   -7,   -8,    8,    7,   -5,  -20,  -11,    5,   -4,   -4,    7,   -4,
       5,   -5,    7,    5,   -8,   -9,   10,   -6,   -7,   -8,  -12,  -20,  -11,   -5,   -3,   -5,
      -6,   -8,   -5,    4,   -6,   -8,  -10,  -10,    4,   -9,   -9,  -17,  -12,   -5,   -4,   -6,
      -5,   -3,   -8,    4,   -9,   -8,   -7,   -8,    7,   -8,  -10,  -11,   14,   -5,   -3,   -5,
      -8,   -5,    3,   -7,    6,  -20,  -19,    6,    3,    3,   -3,   -3,   -3,   -3,   10,   10,
       7,   10,    3,   -5,    7,   -3,   -5,    9,   16,  -19,   -4,   -3,   -4,  -12,  -10,  -11,
      -3,   -6,    5,    6,   -3,    3,   -5,   -7,  -11,   -7,   -7,   -7,    3,    3,    6,    3,
      -6,   -7,   -3,    5,    8,   -7,   -8,   -8,  -20,  -10,   -5,   -3,   -5,   -8,   -5,    3,
      -3,    5,  -19,  -13,    5,  -10,   -3,   -5,   -5,    7,    7,    8,    7,    4,    6,   -3,
      -6,    7,   13,  -14,   -3,    6,  -18,    3,  -11,    5,   -9,   -3,   -4,   -4,    7,    7,
       7,    7,    5,    6,   -3,   -5,    8,   13,   -9,   -7,   -4,    4,    6,   -7,    7,    5,
      -3,  -10,   -8,   -8,   -8,    8,    7,   11,    8,    6,   -4,   -9,   -8,   -8,    5,    9,
       7,   -3,    5,  -19,  -13,    5,  -10,   -3,   -5,   -5,    7,    7,    8,    7,    4,    6,
      -3,   -6,    7,   11,  -14,    8,    3,    3,   -4,   -9,   -5,   -5,   -5,    6,    6,    7,
       6,   -4,   -5,    3,   -5,    5,    9,    9,   -4,   -5,   -5,   30,    6,   -8,   -5,   -5,
       6,    6,    8,   -8,   -9,    6,   -7,   -6,   -5,   -5,   -5,    6,   -7,   -5,   -6,   -7,
      -7,   -5,    9,   -9,   -8,   -4,   -5,   -6,   -5,   -6,    7,   -6,   -5,   21,    7,  -10,
      -9,    9,   -6,   -6,    4,   -4,   -6,   -6,   -4,   -5,   -4,   -6,   -5,   -4,   -6,   -7,
      -3,   -5,   -4,   -6,   -4,   -7,   -5,   -4,   -4,   -4,   -5,    4,   -7,   -5,  -21,  -11,
      -3,  -16,    4,    6,  -22,   -3,   -9,    4,    6,    6,    6,    3,  -22,    6,    4,    5,
       5,    5,   -6,    4,    5,    4,   -5,    3,    3,  -10,    3,   -7,  -25,  -14,   -6,  -13,
     -27,   -8,    3,    3,    3,   -9,   -6,  -15,    3,    3,  -25,   -7,  -10,   -6,  -11,   -5,
      -5,  -15,   -8,    3,  -13,  -10,   -8,   -6,   -9,   -5,    3,   -9,   -4,  -21,   -8,  -10,
      -8,  -14,  -10,  -13,  -13,  -18,   -7,  -13,  -11,  -35,  -11,  -21,  -14,  -21,  -26,  -17,
     -13,  -11,  -13,  -13,  -11,  -11,  -11,   23,  -11,  -12,  -11,  -13,   -8,   -8,  -10,    5,
     -11,  -24,  -11,  -13,  -11,  -11,  -11,  -14,  -11,  -11,  -11,  -10,   -8,  -19,    5,  -20,
       4,   -9,   -9,  -14,   -7,   -7,   -3,  -12,  -13,   -8,   -7,  -12,   -3,   -7,    5,  -18,
      -3,   -7,   -7,  -12,   -8,  -25,    2,  -15,   -4,  -17,   -7,  -12,  -10,   -3,  -12,   -7,
      -9,  -21,  -19,    5,  -10,    4,   -9,    6,    7,    7,    3,    4,    4,    7,   -8,   -7,
      -5,   -7,   -8,  -10,   -3,   -4,   -3,   -6,   -7,   -5,    8,   20,   -8,   -7,   12,   30,
      23,   -6,    6,  -13,  -13,    9,    6,    6,   -6,  -10,    3,   -5,   11,   11,   10,   13,
       8,   23,   -4,   22,   30,   45,   40,   35,   37,    7,    8,    6,   -9,   -5,   -6,   -7,
      -6,   -6,   -6,  -12,   -7,   -6,   -6,   -7,   -8,   11,  -11,  -15,   -8,   -4,   -5,  -19,
      -5,   -6,   -7,   -4,    8,    4,   -6,   -6,    7,   -4,    7,   -4,    9,   -8,   -5,   -4,
      -9,    7,   -6,   -5,   -3,   -5,   -5,   -3,   -5,   -5,   -4,   -7,   -6,   -5,   -5,   -5,
      -5,   -5,   -5,   -4,  -12,   -6,    8,  -27,  -18,  -33,  -20,    9,  -12,   -4,   10,   -9,
     -25,  -22,    9,   -6,  -28,  -26,  -27,  -24,   -3,   -8,   -8,    9,   -5,  -25,   -3,  -17,
     -17,  -21,  -20,   -3,  -21,  -22,  -25,  -17,  -21,  -24,  -25,  -17,  -17,  -22,  -17,  -17,
     -19,  -24,   13,   -6,  -21,    4,  -28,  -36,  -25,   -5,  -20,  -16,    9,    7,   -4,    5,
      -3,    8,   -4,    4,    6,    5,    9,   -5,    5,   -8,    5,    7,   -6,    6,   10,    4,
       9,    5,    5,    4,   -8,   -9,    9,    3,    5,    4,    5,   -4,    8,    3,    2,    3,
      -6,    4,   -7,    9,   -3,   -5,    7,   12,   -4,   -4,   -3,  -12,    3,    9,   -5,   -3,
      -5,    5,   -7,   -4,   -4,   -7,    4,   -9,   -7,   -4,   -8,   -6,   -8,   -6,  -14,   -7,
     -10,    3,   -4,   -6,    5,    5,  -20,  -11,   -8,    7,   -6,  -11,   -5,  -13,   -9,  -21,
      -5,   -4,   -6,   -5,   -4,   -4,   -9,   -6,   -4,   -4,   -5,   -4,   -5,  -24,   -4,  -10,
     -20,  -17,  -14,   -9,    7,    7,   -6,  -10,   -7,  -15,   -4,   -5,   -5,  -12,   -4,   -4,
       8,  -10,  -11,  -11,   -6,    8,  -13,   10,  -17,    8,    3,   -5,    9,   -5,    6,  -17,
       8,  -12,    7,    4,    4,    8,    6,    8,  -18,  -18,   12,   -3,   -7,    6,   -7,    8,
       6,  -13,   -7,  -13,  -12,   -9,   11,  -17,   -8,    5,    5,    4,   -6,    3,    4,   -6,
     -13,   -7,    6,  -13,   -8,  -18,   13,   -6,   -5,  -19,    4,  -10,   11,  -27,  -10,  -31,
      -4,    9,  -10,   12,   -6,    8,  -13,   11,   -7,  -29,  -22,    6,  -22,  -20,    8,   -3,
      -8,   -7,   11,   -7,  -14,   -5,   -6,   -6,  -19,  -12,  -19,  -10,  -18,   -6,  -13,  -13,
      -6,   -5,  -10,    7,  -11,  -13,   18,    7,   -7,  -12,    9,  -26,   -8,   -7,    9,   12,
     -19,   -6,  -27,   10,    8,    6,  -11,   -9,   -3,   -5,    4,  -27,   -6,    6,   11,    4,
      12,    6,    8,    4,   -8,   -9,   12,  -14,    6,    8,    6,   -4,   -9,   -7,    8,   -8,
      -7,    5,    5,    3,   -6,   -7,  -23,   -8,  -12,   -6,   13,   -6,  -14,  -25,  -22,   -4,
      -4,    4,  -10,    4,   -7,   -8,   -6,    3,    4,   -6,   -3,   -3,   -4,   -7,   -4,   -6,
      -3,   -7,   -6,    7,  -12,    9,   12,   -4,    6,   -5,    6,   -5,   -9,    6,    5,    6,
       5,    6,    4,  -10,    6,  -10,    5,    6,    6,    7,    6,   -7,   20,   -7,   -7,   11,
      -4,   -4,   -6,    8,  -13,   10,  -17,    8,    3,    4,   -5,    9,   -4,    7,  -17,    8,
     -11,    7,    4,    6,    8,    6,    8,  -18,  -15,   12,   -3,   -6,    6,   -6,    8,    6,
     -13,   -6,   -9,   -7,   -8,   11,  -12,   -8,    6,   -5,    3,    6,   -6,  -11,   -6,    8,
      -9,   -4,  -14,   13,   -3,   -5,  -15,   -4,   -4,    4,  -10,    4,   -7,   -8,   -6,    3,
       4,   -6,   -4,   -3,   -3,   -7,   -5,   -3,   -6,   -4,   -5,   -3,   -5,   -3,   -4,   -4,
      -3,   -4,   -4,   -4,   -7,   -5,   -7,  -13,    7,  -17,   -6,   -3,   -7,   -8,    3,   -8,
      -8,   -8,   -8,  -12,   -7,  -13,   -9,   -5,  -10,   -7,   -8,    3,   -3,  -35,  -26,    4,
      -5,   -4,   -3,   -3,    4,    4,  -30,  -20,  -23,  -19,   -5,   -4,   -7,   -3,   -7,  -14,
     -14,   -4,   -5,    4,    4,    4,    4,    4,  -20,   10,   10,    6,   -6,    8,  -27,  -18,
     -33,  -20,    9,  -12,   10,   -6,    6,  -25,  -22,    9,  -28,  -22,    5,  -27,  -21,    6,
      -3,   -8,   -4,    9,  -25,  -15,  -16,  -16,   -7,  -25,  -16,  -19,  -25,  -12,    5,  -14,
     -24,   16,    5,  -16,    7,    6,  -17,   -4,   -5,    9,    7,   -4,  -11,  -13,    6,  -13,
      -8,   -5,  -12,   -9,   -3,  -12,  -11,  -11,   -9,  -10,  -14,   -9,  -13,  -11,   -4,   -8,
      -9,   -3,   -3,   -3,  -11,  -12,  -11,   -6,    9,   -9,    8,  -11,    8,    6,    7,   -5,
      10,   -5,    6,  -12,    9,   -9,    6,    8,    4,    5,   12,    6,    8,    3,  -13,  -13,
      12,   -6,    6,   -6,    8,    6,  -10,   -6,   -7,   -6,   -7,    8,  -11,   -7,    5,   -5,
       3,    5,   -4,  -10,   -6,    7,   -6,  -12,   13,   -4,   -4,  -13,    3,    5,   -7,  -13,
       7,  -17,   -6,   -3,   -7,   -8,    3,   -8,   -8,   -8,   -8,  -11,   -7,  -13,   -8,   -5,
     -10,   -7,   -8,    3,   -8,   -7,  -10,    5,  -11,  -11,   -6,   -5,   -7,   -7,   -6,    8,
      -6,   -4,   -5,   -4,   -5,   -7,   -6,   -5,   -6,   -9,   -6,   -4,   -5,   -4,  -19,  -13,
       5,   -7,    5,  -10,    6,  -11,    6,    8,    7,    6,    8,    8,    8,    8,    6,    7,
      -7,    7,   -7,    9,   11,   -4,    6,    6,   -3,    5,    6,    6,   -4,    7,    6,   -4,
      -3,    3,   20,   -6,   -4,   -8,   -7,  -10,   -7,    4,   -4,   -8,  -11,   -6,    4,   -5,
      -3,   -3,   -6,   -4,    4,    4,  -15,    7,    3,   -7,   -9,   -4,  -12,   -3,    6,   -5,
       8,    4,    6,  -12,   -5,    5,    6,   -6,    7,    5,    5,    5,    6,    3,   -5,    6,
       4,    8,   -4,   -4,    3,    5,   -4,   -8,   -4,    4,   -4,    4,    4,  -15,    7,    3,
      -7,   -9,   -4,  -12,   -3,    6,   -6,    8,    4,    6,  -12,   -6,    6,    8,   -7,    7,
       6,    5,    5,   -4,    8,    4,   -6,    7,    4,    8,   -5,    4,   -5,   -7,   -4,   -5,
      -4,   -4,   -5,   -5,   -9,   -6,   -7,   -5,    4,   -5,   -8,   -5,   -5,  -10,   -8,  -10,
     -10,    4,   -9,   -9,  -12,   -7,    4,   -5,   -6,   -5,   -9,   -8,  -10,  -10,   -5,    8,
      -6,   -6,   -5,  -12,   -9,   -5,   -4,   -4,   -7,   -8,    6,   -3,    3,   -4,   -3,  -12,
      -6,   -5,    5,   -8,    4,    3,    3,    4,    8,  -12,  -14,   -9,   -5,  -10,    5,   -9,
       5,    6,   -3,    6,    5,    6,    6,    6,    6,    4,    6,  -10,  -11,   -7,   -8,    6,
      -7,    6,    8,   -4,    7,    6,    8,    7,    8,    4,    4,    7,  -15,  -12,   -6,    8,
      -7,  -10,   -5,  -13,   -9,   -7,   -3,   -3,   -4,   -5,   -2,   -3,   -4,   -4,   -6,  -15,
     -12,   -4,    4,    6,   -7,    7,    5,   -3,  -10,   -3,   -9,    6,   -4,    8,    4,    6,
      -8,   -4,    5,    7,   -5,   11,    5,    5,    5,    7,    4,   -4,    6,    5,    9,  -24,
      -7,  -18,    4,   -7,   -4,  -11,   -7,    4,  -12,   -7,   -9,   -8,   -7,  -13,  -21,  -24,
      -8,   -8,  -10,  -10,    4,   -9,   -9,  -12,   -6,    4,   -6,   -9,   -8,  -10,   -8,  -10,
     -10,    4,   -9,   -9,  -12,   -7,    4,   -5,   -6,   -4,   -9,   -8,   -5,    4,   -5,   -9,
      -6,   -5,  -12,   -5,   -7,    5,   -7,   -5,    9,   -4,  -12,   -9,    5,   -3,   -8,   -6,
      -4,    5,   -3,    5,   -4,   -3,   -4,  -12,  -11,   -6,   -3,    4,    4,   -5,   -4,    4,
       4,    3,   10,   -5,  -12,   -4,   -5,   -7,    5,   -7,  -11,   -9,   -3,   -6,  -11,   -9,
      -5,    4,   -5,   -4,   -4,   -5,  -17,   -9,  -15,   -9,   -5,  -13,   -9,  -11,   -8,   -3,
      -7,   -3,   -4,   -4,  -11,   -8,  -15,  -15,  -12,    4,    7,   -4,    9,  -33,  -17,  -21,
      11,   -9,   13,   13,  -20,   11,   -4,  -27,  -17,   10,  -21,  -16,   10,    7,   -4,   -5,
       9,    8,    7,   -6,   -4,   -4,  -17,  -17,  -18,   -8,  -17,   -5,  -18,  -20,   -4,  -14,
      12,  -15,  -11,   12,   -4,  -17,   12,    4,   -4,  -31,   -6,   -6,    4,   10,   10,    5,
       6,  -18,  -14,    6,   -4,    7,   -7,    9,    6,   -8,   10,   11,   10,    6,   10,    6,
      11,   11,   11,    8,    7,   11,   -6,   -4,   -6,    7,   -6,    4,    4,    4,   -5,   12,
      -5,  -31,   -4,  -24,    7,   -6,   -4,    4,    4,  -14,    4,   -7,  -11,   12,  -10,  -12,
      -7,  -27,  -30,  -11,   -3,   10,   -7,   -4,  -15,   -6,   -5,   -8,   -7,   -5,   -6,   -4,
      11,  -18,  -11,   -8,  -17,  -11,    8,    5,   -8,   -7,   -5,   14,   -5,   -4,  -15,  -15,
     -11,    8,  -21,  -15,  -25,   -7,    6,  -15,    9,   -5,    9,  -21,   -7,    7,  -11,   -4,
     -24,  -21,    7,  -23,  -20,    9,   -4,  -11,  -12,    7,    4,   -9,  -11,   -7,   -9,   -9,
     -22,  -19,   -6,  -23,  -14,  -19,  -10,  -20,  -21,   -6,   -9,   -6,   -8,  -16,    7,  -18,
     -14,    7,  -11,  -19,   10,   -6,  -20,  -11,  -11,    4,  -11,   -9,   -7,    3,   -8,    6,
      -8,    6,    8,    7,    6,    8,    7,    8,    4,    7,  -20,   -5,   -4,   -9,    4,    5,
     -10,   -5,  -14,  -10,  -21,   -6,  -23,   -4,    5,  -20,  -17,  -11,   -4,   -5,   -7,    5,
      -7,  -11,   -9,   -3,   -6,   -9,   -6,   -7,    4,   -6,   -5,   -3,   -9,   -6,   -6,   -5,
      -5,   -9,   -6,  -12,   -6,   -5,   -6,   -8,  -12,   -7,  -10,    5,   -9,   -6,  -12,  -11,
      -5,   -5,   -4,    6,   -3,    4,    4,    3,    5,    4,    3,   12,    5,    4,    4,    4,
      -5,    8,   -5,    8,    4,    4,    4,   -6,    4,    9,   -8,   -6,   -4,    8,   -6,   -9,
      -6,   -3,   -6,   -6,   -7,   -5,    7,  -11,   -5,   -9,   -7,   -6,   -7,   -6,  -10,   -6,
      -9,   -8,   -5,  -10,   -6,   -7,   -5,    6,   -5,   -4,   -6,   -5,   -6,   -5,   -4,   -6,
      -3,   -6,  -12,   -4,    6,   -5,   -4,   -5,    4,   -4,    4,   13,   -7,   -4,   -1,   -5,
      -3,   -5,   -6,   -6,    3,   -7,   -4,   -3,  -13,   -5,   -2,  -15,  -10,   -8,  -15,  -10,
      -8,   -7,   -4,   -3,   -5,   -7,   -8,   -2,   -7,  -13,   -8,   -3,  -17,   -6,   -6,   -7,
      -7,   -8,   -6,   -7,   -7,   -6,   -6,   -1,   -1,   -3,   -3,   -5,   -7,  -13,   -3,   -2,
     -10,   -7,  -14,   -3,   -2,   -2,   -7,   -6,   -9,   -8,   -3,   -5,   -3,  -10,   -3,   -3,
      -9,   -5,   -5,   -7,   -5,   -7,  -10,   -3,   -6,   -2,   -2,   -6,   -2,   -5,   -6,  -13,
      -7,  -12,   -5,  -10,   -8,  -11,   -7,   -7,   -9,   -3,  -10,   -5,   -9,   -7,    1,   -6,
     -13,  -13,   -5,   -3,  -11,  -11,  -10,   -5,  -27,  -10,  -10,  -32,   -7,  -10,    5,    6,
       6,    9,   11,    5,    9,    7,   -9,  -11,  -14,   -7,    4,    4,    4,  -65,   -9,  -23,
       6,    5,  -32,  -20,  -27,  -18,    4,   -7,  -10,   -4,    5,    5,   -9,  -14,  -11,  -15,
      -5,  -14,  -10,  -18,   -7,    5,   -8,   -7,    5,   -9,    5,  -34,   -5,   -3,  -33,  -12,
     -12,  -35,  -12,   -7,    6,    4,    9,   10,    5,    7,    6,  -21,   -3,  -24,  -24,   -6,
      -3,   -3,  -14,  -26,  -11,   -3,   -3,   -3,  -11,  -43,   -7,  -21,   -3,   -3,   -3,  -24,
      -3,   -3,   -3,    6,   -6,   -7,  -35,  -22,  -33,  -21,  -12,   -8,    5,   -4,  -21,   -7,
      -7,  -19,  -16,   -5,  -21,  -10,  -24,   -8,  -16,  -23,   -7,   -5,   -6,  -13,  -15,  -26,
      -6,  -16,    4,   -4,  -36,  -10,   -4,   -9,   -6,    7,  -11,  -11,    7,  -11,    3,  -25,
      -7,  -42,  -25,    8,  -36,    7,    3,    3,    3,    3,    3,   10,    3,    4,    3,  -14,
     -10,    7,  -14,    8,    8,    3,    3,    3,    3,    3,    3,    3,  -13,   -8,  -10,   16,
};

static const EpdLigaturePair ubuntu_10_boldLigaturePairs[] = {
    { 0x00660066, 0xFB00 }, // f f -> U+FB00
    { 0x00660069, 0xFB01 }, // f i -> U+FB01
    { 0x0066006C, 0xFB02 }, // f l -> U+FB02
    { 0xFB000069, 0xFB03 }, // U+FB00 i -> U+FB03
    { 0xFB00006C, 0xFB04 }, // U+FB00 l -> U+FB04
};

static const EpdFontData ubuntu_10_bold = {
    ubuntu_10_boldBitmaps,
    ubuntu_10_boldGlyphs,
    ubuntu_10_boldIntervals,
    69,
    24,
    20,
    -4,
    false,
    nullptr,
    0,
    nullptr,
    nullptr,  // kernLeftClasses: built-in fonts use the split arrays below
    nullptr,  // kernRightClasses
    ubuntu_10_boldKernLeftCodepoints,
    ubuntu_10_boldKernLeftClassIds,
    ubuntu_10_boldKernRightCodepoints,
    ubuntu_10_boldKernRightClassIds,
    nullptr,  // kernMatrix: built-in fonts use the sparse form below
    ubuntu_10_boldKernRowOffsets,
    ubuntu_10_boldKernSparseCols,
    ubuntu_10_boldKernSparseValues,
    575,
    575,
    172,
    157,
    ubuntu_10_boldLigaturePairs,
    5,
};
